date,wind_u,wind_v,cur_u,cur_v
2016-01-01,-3.76,-4.32,,
2016-01-02,-2.71,-2.52,,
2016-01-03,-1.67,-2.78,,
2016-01-04,-1.23,-2.89,,
2016-01-05,-1.19,-2.80,,
2016-01-06,-2.76,-3.94,,
2016-01-07,-2.57,-4.28,,
2016-01-08,-2.88,-4.80,,
2016-01-09,-3.15,-4.67,,
2016-01-10,-2.71,-3.87,,
2016-01-11,-3.28,-4.87,,
2016-01-12,-1.74,-2.90,,
2016-01-13,-3.69,-5.07,,
2016-01-14,-2.70,-3.86,,
2016-01-15,-2.35,-3.77,,
2016-01-16,-3.01,-5.21,,
2016-01-17,-2.07,-4.06,,
2016-01-18,-2.71,-6.08,,
2016-01-19,-4.20,-7.58,,
2016-01-20,-4.34,-5.98,,
2016-01-21,-4.14,-5.70,,
2016-01-22,-1.96,-3.27,,
2016-01-23,-0.37,-4.28,,
2016-01-24,-1.45,-6.84,,
2016-01-25,-3.53,-6.93,,
2016-01-26,-3.88,-4.63,,
2016-01-27,-3.00,-3.22,,
2016-01-28,-0.66,-3.72,,
2016-01-29,-0.21,-3.97,,
2016-01-30,-3.14,-6.16,,
2016-01-31,-3.50,-5.83,,
2016-02-01,-3.09,-4.10,,
2016-02-02,-3.02,-4.65,,
2016-02-03,-3.74,-5.15,,
2016-02-04,-3.62,-5.57,,
2016-02-05,-3.85,-6.95,,
2016-02-06,-3.73,-6.73,,
2016-02-07,-2.23,-6.88,,
2016-02-08,-2.20,-6.04,,
2016-02-09,-2.38,-6.54,,
2016-02-10,-2.73,-6.43,,
2016-02-11,-3.97,-6.60,,
2016-02-12,-4.78,-6.12,,
2016-02-13,-3.49,-5.81,,
2016-02-14,-4.40,-6.77,,
2016-02-15,-4.57,-6.06,,
2016-02-16,-3.04,-4.87,,
2016-02-17,-2.47,-4.65,,
2016-02-18,-3.68,-6.12,,
2016-02-19,-4.82,-8.02,,
2016-02-20,-5.06,-7.49,,
2016-02-21,-4.38,-6.74,,
2016-02-22,-3.76,-4.98,,
2016-02-23,-2.91,-4.49,,
2016-02-24,-1.39,-3.45,,
2016-02-25,-1.54,-4.02,,
2016-02-26,-3.96,-6.86,,
2016-02-27,-3.99,-7.19,,
2016-02-28,-4.15,-7.48,,
2016-02-29,-3.59,-6.21,,
2016-03-01,-2.95,-5.10,,
2016-03-02,-3.68,-5.89,,
2016-03-03,-3.14,-5.44,,
2016-03-04,-2.69,-4.85,,
2016-03-05,-2.83,-6.07,,
2016-03-06,-2.10,-6.45,,
2016-03-07,-1.42,-5.72,,
2016-03-08,-2.42,-4.95,,
2016-03-09,-3.78,-5.20,,
2016-03-10,-5.18,-5.96,,
2016-03-11,-4.83,-5.75,,
2016-03-12,-4.22,-6.26,,
2016-03-13,-2.98,-5.15,,
2016-03-14,-1.71,-4.46,,
2016-03-15,-2.47,-5.29,,
2016-03-16,-3.41,-6.15,,
2016-03-17,-2.60,-4.69,,
2016-03-18,-2.13,-3.55,,
2016-03-19,-1.85,-3.49,,
2016-03-20,-1.13,-3.49,,
2016-03-21,-1.79,-4.03,,
2016-03-22,-3.86,-6.97,,
2016-03-23,-4.74,-7.02,,
2016-03-24,-3.59,-4.76,,
2016-03-25,-2.68,-4.13,,
2016-03-26,-3.68,-4.39,,
2016-03-27,-2.68,-3.97,,
2016-03-28,-2.22,-3.54,,
2016-03-29,-2.23,-4.02,,
2016-03-30,-2.41,-4.53,,
2016-03-31,-0.28,-3.18,,
2016-04-01,0.40,-2.27,,
2016-04-02,0.91,-2.64,,
2016-04-03,-1.07,-3.12,,
2016-04-04,-2.67,-4.45,,
2016-04-05,-2.66,-4.43,,
2016-04-06,-3.31,-5.96,,
2016-04-07,-3.47,-6.26,,
2016-04-08,-3.03,-5.46,,
2016-04-09,-3.80,-6.32,,
2016-04-10,-3.68,-6.91,,
2016-04-11,-3.79,-6.56,,
2016-04-12,-2.35,-6.45,,
2016-04-13,-1.64,-4.76,,
2016-04-14,-2.27,-4.45,,
2016-04-15,-2.74,-5.16,,
2016-04-16,-2.44,-4.22,,
2016-04-17,-1.69,-3.32,,
2016-04-18,-2.04,-4.01,,
2016-04-19,-2.22,-5.22,,
2016-04-20,-1.31,-3.42,,
2016-04-21,-0.84,-2.91,,
2016-04-22,2.73,-1.64,,
2016-04-23,1.19,3.09,,
2016-04-24,1.22,2.87,,
2016-04-25,2.73,0.63,,
2016-04-26,-0.67,-2.70,,
2016-04-27,-0.82,-2.15,,
2016-04-28,1.49,1.66,,
2016-04-29,1.34,1.72,,
2016-04-30,-0.21,-2.45,,
2016-05-01,1.90,0.89,,
2016-05-02,1.24,1.83,,
2016-05-03,1.50,-1.21,,
2016-05-04,0.06,-1.74,,
2016-05-05,0.30,-1.55,,
2016-05-06,2.16,-1.20,,
2016-05-07,1.78,1.03,,
2016-05-08,-0.31,-1.75,,
2016-05-09,-0.20,-2.80,,
2016-05-10,-2.08,0.48,,
2016-05-11,-0.18,-1.47,,
2016-05-12,-2.52,-2.79,,
2016-05-13,-2.80,-3.72,,
2016-05-14,-1.78,-3.82,,
2016-05-15,1.43,0.52,,
2016-05-16,-1.07,-2.39,,
2016-05-17,-1.41,-1.87,,
2016-05-18,-3.18,-0.62,,
2016-05-19,1.01,-1.05,,
2016-05-20,-2.26,-2.60,,
2016-05-21,-1.28,-1.76,,
2016-05-22,-2.02,-1.42,,
2016-05-23,2.16,0.00,,
2016-05-24,2.16,0.54,,
2016-05-25,0.92,1.53,,
2016-05-26,-0.44,-1.92,,
2016-05-27,1.64,1.76,,
2016-05-28,1.68,0.61,,
2016-05-29,2.27,1.48,,
2016-05-30,1.26,-1.06,,
2016-05-31,2.29,-0.36,,
2016-06-01,1.71,-0.52,,
2016-06-02,1.24,1.65,,
2016-06-03,1.79,2.29,,
2016-06-04,-0.49,-1.71,,
2016-06-05,1.07,-1.47,,
2016-06-06,2.04,-0.07,,
2016-06-07,1.36,1.88,,
2016-06-08,0.05,-1.47,,
2016-06-09,2.52,0.09,,
2016-06-10,2.26,0.61,,
2016-06-11,1.91,-0.69,,
2016-06-12,-1.89,-1.89,,
2016-06-13,-3.06,-1.84,,
2016-06-14,1.14,2.44,,
2016-06-15,-0.82,1.60,,
2016-06-16,-1.16,-1.65,,
2016-06-17,-2.68,-2.50,,
2016-06-18,-1.73,-2.87,,
2016-06-19,-1.21,-1.67,,
2016-06-20,-2.44,-0.39,,
2016-06-21,-0.95,1.86,,
2016-06-22,0.11,-2.14,,
2016-06-23,-1.74,-1.57,,
2016-06-24,-3.54,-1.65,,
2016-06-25,2.38,1.26,,
2016-06-26,-1.34,-1.78,,
2016-06-27,-2.30,-2.38,,
2016-06-28,-2.62,-2.62,,
2016-06-29,-1.60,-2.12,,
2016-06-30,-2.12,-2.12,,
2016-07-01,0.71,-2.66,,
2016-07-02,1.87,1.87,,
2016-07-03,1.18,1.89,,
2016-07-04,-1.82,-2.60,,
2016-07-05,-2.65,-1.65,,
2016-07-06,-2.07,-1.10,,
2016-07-07,-3.19,-2.87,,
2016-07-08,-2.65,-1.93,,
2016-07-09,-2.36,-2.62,,
2016-07-10,-3.09,-2.41,,
2016-07-11,-2.79,-0.39,,
2016-07-12,1.74,-0.47,,
2016-07-13,-2.09,-2.09,,
2016-07-14,-2.96,-1.08,,
2016-07-15,0.58,2.33,,
2016-07-16,-2.53,-1.84,,
2016-07-17,-2.01,-2.09,,
2016-07-18,1.60,1.44,,
2016-07-19,-0.18,-2.08,,
2016-07-20,-1.92,-2.65,,
2016-07-21,-1.63,-1.94,,
2016-07-22,1.49,2.21,,
2016-07-23,2.91,0.51,,
2016-07-24,1.32,1.52,,
2016-07-25,-3.12,-0.11,,
2016-07-26,-2.02,-2.41,,
2016-07-27,-2.62,-2.12,,
2016-07-28,-0.66,1.82,,
2016-07-29,-0.73,-2.39,,
2016-07-30,-3.17,-1.28,,
2016-07-31,1.10,-2.07,,
2016-08-01,-2.27,-2.91,,
2016-08-02,0.71,3.07,,
2016-08-03,1.96,1.53,,
2016-08-04,1.35,1.67,,
2016-08-05,-0.24,-2.33,,
2016-08-06,-2.40,-2.40,,
2016-08-07,-1.57,-2.72,,
2016-08-08,2.22,0.19,,
2016-08-09,-1.53,-1.89,,
2016-08-10,1.02,-2.41,,
2016-08-11,-2.49,-1.56,,
2016-08-12,1.19,1.76,,
2016-08-13,-0.38,-2.40,,
2016-08-14,0.06,3.52,,
2016-08-15,2.58,-0.79,,
2016-08-16,1.55,1.98,,
2016-08-17,-0.05,-2.79,,
2016-08-18,-3.32,-3.32,,
2016-08-19,1.65,0.70,,
2016-08-20,-0.34,-2.43,,
2016-08-21,-1.88,-2.24,,
2016-08-22,-1.79,-1.73,,
2016-08-23,-2.32,-2.66,,
2016-08-24,-2.60,-3.33,,
2016-08-25,-0.84,-3.14,,
2016-08-26,1.48,1.11,,
2016-08-27,1.81,1.94,,
2016-08-28,-0.47,-1.88,,
2016-08-29,1.29,-2.53,,
2016-08-30,2.12,1.78,,
2016-08-31,2.29,0.93,,
2016-09-01,2.91,0.31,,
2016-09-02,1.87,0.16,,
2016-09-03,-0.05,-1.56,,
2016-09-04,-1.90,-1.90,,
2016-09-05,-0.10,2.77,,
2016-09-06,2.12,-1.03,,
2016-09-07,1.32,1.76,,
2016-09-08,1.14,1.63,,
2016-09-09,-1.85,-2.54,,
2016-09-10,1.24,1.78,,
2016-09-11,1.66,1.20,,
2016-09-12,2.50,1.88,,
2016-09-13,1.58,1.07,,
2016-09-14,1.36,-0.82,,
2016-09-15,1.91,2.20,,
2016-09-16,1.51,-0.49,,
2016-09-17,-1.67,-1.99,,
2016-09-18,-3.29,-1.75,,
2016-09-19,-2.61,-0.14,,
2016-09-20,0.84,-1.25,,
2016-09-21,1.62,1.93,,
2016-09-22,2.23,-0.52,,
2016-09-23,0.96,-1.42,,
2016-09-24,-0.78,-3.39,,
2016-09-25,2.14,1.29,,
2016-09-26,2.22,-0.04,,
2016-09-27,1.64,0.60,,
2016-09-28,2.18,0.15,,
2016-09-29,-1.92,-2.21,,
2016-09-30,-2.41,-4.73,,
2016-10-01,5.18,0.45,,
2016-10-02,6.08,3.23,,
2016-10-03,4.61,4.16,,
2016-10-04,2.60,3.00,,
2016-10-05,1.41,1.27,,
2016-10-06,0.39,-2.74,,
2016-10-07,3.02,-0.53,,
2016-10-08,2.16,1.51,,
2016-10-09,2.25,0.20,,
2016-10-10,1.55,1.91,,
2016-10-11,1.32,-0.62,,
2016-10-12,1.52,2.34,,
2016-10-13,1.57,0.67,,
2016-10-14,0.52,-2.25,,
2016-10-15,-0.03,-1.82,,
2016-10-16,1.92,2.46,,
2016-10-17,2.11,1.47,,
2016-10-18,1.96,1.48,,
2016-10-19,1.79,2.47,,
2016-10-20,1.73,0.50,,
2016-10-21,-0.22,-3.18,,
2016-10-22,0.07,-2.12,,
2016-10-23,-1.57,-1.87,,
2016-10-24,-1.73,-1.61,,
2016-10-25,-2.25,-0.73,,
2016-10-26,-0.05,2.97,,
2016-10-27,1.85,1.35,,
2016-10-28,1.94,0.17,,
2016-10-29,1.79,-0.55,,
2016-10-30,1.52,-0.27,,
2016-10-31,1.52,-0.30,,
2016-11-01,2.01,2.08,,
2016-11-02,1.81,1.87,,
2016-11-03,1.01,-0.98,,
2016-11-04,-1.61,-2.22,,
2016-11-05,-0.95,-1.79,,
2016-11-06,0.75,-1.25,,
2016-11-07,1.37,1.33,,
2016-11-08,1.54,0.53,,
2016-11-09,-0.18,-2.04,,
2016-11-10,-1.43,-2.37,,
2016-11-11,-2.98,-1.58,,
2016-11-12,0.77,1.45,,
2016-11-13,1.07,0.00,,
2016-11-14,1.49,1.55,,
2016-11-15,1.77,2.11,,
2016-11-16,1.84,1.71,,
2016-11-17,1.60,-0.20,,
2016-11-18,0.98,-1.92,,
2016-11-19,2.67,-0.14,,
2016-11-20,3.97,1.60,,
2016-11-21,1.34,3.69,,
2016-11-22,0.31,1.93,,
2016-11-23,0.95,-2.48,,
2016-11-24,-0.52,-2.96,,
2016-11-25,-0.87,3.25,,
2016-11-26,2.50,0.91,,
2016-11-27,2.47,1.73,,
2016-11-28,2.24,1.09,,
2016-11-29,0.85,-1.09,,
2016-11-30,-1.35,-1.25,,
2016-12-01,-1.99,-2.55,,
2016-12-02,-0.95,-2.03,,
2016-12-03,1.18,1.32,,
2016-12-04,1.76,-0.50,,
2016-12-05,-1.84,-2.19,,
2016-12-06,-1.57,-1.63,,
2016-12-07,-1.82,-0.66,,
2016-12-08,1.60,1.44,,
2016-12-09,-1.56,-1.73,,
2016-12-10,-3.15,-0.44,,
2016-12-11,-0.72,-1.87,,
2016-12-12,-1.85,-1.73,,
2016-12-13,-1.65,-1.84,,
2016-12-14,-2.03,-2.50,,
2016-12-15,-2.52,-2.80,,
2016-12-16,-2.80,-3.11,,
2016-12-17,-2.72,-2.81,,
2016-12-18,-3.02,-2.82,,
2016-12-19,-3.41,-3.78,,
2016-12-20,-3.93,-4.37,,
2016-12-21,-2.69,-3.32,,
2016-12-22,-2.84,-2.47,,
2016-12-23,-1.42,-2.45,,
2016-12-24,-2.22,-2.74,,
2016-12-25,-2.43,-2.61,,
2016-12-26,-3.05,-3.16,,
2016-12-27,-3.39,-2.95,,
2016-12-28,-2.80,-3.01,,
2016-12-29,-3.25,-3.88,,
2016-12-30,-2.69,-3.84,,
2016-12-31,-2.83,-3.37,,
2017-01-01,-1.48,-3.18,,
2017-01-02,-1.65,-3.39,,
2017-01-03,-1.35,-2.65,,
2017-01-04,-0.85,-2.61,,
2017-01-05,-0.85,-3.18,,
2017-01-06,-1.62,-2.31,,
2017-01-07,-0.47,-2.03,,
2017-01-08,-1.55,-1.98,,
2017-01-09,-3.53,-5.87,,
2017-01-10,-3.08,-5.56,,
2017-01-11,-2.27,-4.26,,
2017-01-12,-1.97,-3.40,,
2017-01-13,-3.14,-5.02,,
2017-01-14,-2.93,-5.52,,
2017-01-15,-2.24,-3.58,,
2017-01-16,-1.58,-3.09,,
2017-01-17,-1.85,-3.09,,
2017-01-18,-1.62,-3.33,,
2017-01-19,-1.40,-3.01,,
2017-01-20,-1.15,-3.34,,
2017-01-21,-1.55,-3.84,,
2017-01-22,0.00,-2.86,,
2017-01-23,1.20,-1.16,,
2017-01-24,0.29,-2.79,,
2017-01-25,-1.40,-4.87,,
2017-01-26,-1.72,-4.06,,
2017-01-27,-1.03,-3.17,,
2017-01-28,-2.09,-3.93,,
2017-01-29,-1.70,-3.99,,
2017-01-30,-1.47,-4.27,,
2017-01-31,-2.41,-4.72,,
2017-02-01,-2.02,-4.54,,
2017-02-02,-2.08,-4.46,,
2017-02-03,-1.34,-3.17,,
2017-02-04,-1.51,-3.56,,
2017-02-05,-2.02,-4.75,,
2017-02-06,-1.86,-4.60,,
2017-02-07,-1.67,-4.35,,
2017-02-08,-1.32,-3.64,,
2017-02-09,-1.36,-3.37,,
2017-02-10,-2.76,-4.99,,
2017-02-11,-3.15,-5.92,,
2017-02-12,-1.90,-4.27,,
2017-02-13,-1.08,-3.34,,
2017-02-14,-1.36,-3.21,,
2017-02-15,0.13,-3.72,,
2017-02-16,-0.16,-2.33,,
2017-02-17,0.05,-2.91,,
2017-02-18,-0.61,-3.45,,
2017-02-19,-1.55,-3.65,,
2017-02-20,-1.29,-3.19,,
2017-02-21,-1.57,-5.48,,
2017-02-22,-0.37,-4.28,,
2017-02-23,0.68,-2.36,,
2017-02-24,0.58,-2.71,,
2017-02-25,0.14,-3.88,,
2017-02-26,-2.07,-5.40,,
2017-02-27,-2.13,-4.38,,
2017-02-28,-2.41,-4.93,,
2017-03-01,-2.20,-4.50,,
2017-03-02,-1.15,-3.54,,
2017-03-03,-1.51,-3.40,,
2017-03-04,-2.87,-5.40,,
2017-03-05,-3.32,-6.51,,
2017-03-06,-1.72,-4.25,,
2017-03-07,-1.35,-3.52,,
2017-03-08,-1.60,-3.43,,
2017-03-09,-1.41,-3.33,,
2017-03-10,-1.67,-4.59,,
2017-03-11,-1.09,-2.85,,
2017-03-12,-2.88,-1.66,,
2017-03-13,-0.87,-1.86,,
2017-03-14,-0.81,-2.65,,
2017-03-15,-2.24,-4.39,,
2017-03-16,-2.36,-4.63,,
2017-03-17,-1.90,-4.26,,
2017-03-18,-1.71,-3.21,,
2017-03-19,-2.50,-5.13,,
2017-03-20,-1.34,-4.40,,
2017-03-21,-1.84,-4.34,,
2017-03-22,-1.66,-4.12,,
2017-03-23,-2.54,-5.71,,
2017-03-24,-2.17,-3.62,,
2017-03-25,-1.63,-4.24,,
2017-03-26,-1.30,-4.52,,
2017-03-27,-1.88,-4.04,,
2017-03-28,-1.38,-4.83,,
2017-03-29,-1.64,-4.76,,
2017-03-30,-2.30,-2.38,,
2017-03-31,-1.83,-1.06,,
2017-04-01,-1.44,-1.91,,
2017-04-02,-1.17,-3.05,,
2017-04-03,-0.84,-2.59,,
2017-04-04,-0.78,-2.92,,
2017-04-05,-0.60,-3.11,,
2017-04-06,-0.86,-3.22,,
2017-04-07,-1.54,-4.01,,
2017-04-08,-2.70,-5.30,,
2017-04-09,-2.17,-4.27,,
2017-04-10,-2.06,-4.42,,
2017-04-11,-2.14,-3.86,,
2017-04-12,-2.11,-3.81,,
2017-04-13,-2.22,-4.56,,
2017-04-14,-2.35,-5.04,,
2017-04-15,-2.23,-4.57,,
2017-04-16,-1.58,-4.13,,
2017-04-17,-0.73,-2.92,,
2017-04-18,1.37,-1.42,,
2017-04-19,-0.64,1.75,,
2017-04-20,2.03,1.64,,
2017-04-21,1.08,1.80,,
2017-04-22,-0.26,-2.52,,
2017-04-23,0.68,-2.37,,
2017-04-24,0.40,-2.84,,
2017-04-25,-0.21,-2.39,,
2017-04-26,0.14,-2.06,,
2017-04-27,1.79,0.41,,
2017-04-28,-0.24,-2.70,,
2017-04-29,-0.91,-3.18,,
2017-04-30,-0.00,2.50,,
2017-05-01,0.27,2.17,,
2017-05-02,0.31,1.57,,
2017-05-03,2.33,-0.33,,
2017-05-04,-0.37,-1.59,,
2017-05-05,1.37,2.11,,
2017-05-06,1.74,2.00,,
2017-05-07,1.38,1.42,,
2017-05-08,0.37,2.10,,
2017-05-09,1.91,0.41,,
2017-05-10,1.90,1.05,,
2017-05-11,2.16,0.15,,
2017-05-12,2.16,1.35,,
2017-05-13,-1.22,-1.02,,
2017-05-14,0.56,-2.10,,
2017-05-15,0.47,1.74,,
2017-05-16,0.79,1.77,,
2017-05-17,-1.77,0.38,,
2017-05-18,0.28,-1.79,,
2017-05-19,-1.56,-2.08,,
2017-05-20,-2.51,-1.28,,
2017-05-21,2.00,1.68,,
2017-05-22,2.00,0.46,,
2017-05-23,0.22,1.77,,
2017-05-24,0.06,-1.65,,
2017-05-25,1.30,-1.86,,
2017-05-26,1.48,1.96,,
2017-05-27,-0.79,2.17,,
2017-05-28,-1.40,-1.55,,
2017-05-29,-2.65,2.22,,
2017-05-30,1.68,-1.62,,
2017-05-31,1.72,1.34,,
2017-06-01,1.14,1.89,,
2017-06-02,-1.05,-1.34,,
2017-06-03,-1.05,-2.07,,
2017-06-04,2.70,0.19,,
2017-06-05,1.45,1.73,,
2017-06-06,2.28,0.83,,
2017-06-07,2.00,2.47,,
2017-06-08,1.93,2.47,,
2017-06-09,-1.15,1.19,,
2017-06-10,-0.40,-1.72,,
2017-06-11,-1.26,1.26,,
2017-06-12,0.33,3.12,,
2017-06-13,1.78,-0.65,,
2017-06-14,-0.08,1.51,,
2017-06-15,1.94,1.31,,
2017-06-16,1.07,1.41,,
2017-06-17,1.68,0.39,,
2017-06-18,-0.54,1.78,,
2017-06-19,-0.38,2.38,,
2017-06-20,0.79,2.18,,
2017-06-21,0.63,2.72,,
2017-06-22,0.60,-1.74,,
2017-06-23,-1.69,-1.05,,
2017-06-24,-1.57,-1.94,,
2017-06-25,-2.18,2.26,,
2017-06-26,-1.05,1.69,,
2017-06-27,0.40,2.04,,
2017-06-28,1.20,1.71,,
2017-06-29,-1.48,-1.38,,
2017-06-30,-2.40,0.13,,
2017-07-01,-1.64,-1.95,,
2017-07-02,-1.73,-2.56,,
2017-07-03,-1.71,-1.29,,
2017-07-04,-1.31,-1.67,,
2017-07-05,-1.92,-1.92,,
2017-07-06,-2.16,1.15,,
2017-07-07,-1.38,-0.96,,
2017-07-08,-1.39,-1.16,,
2017-07-09,-1.66,-2.05,,
2017-07-10,-0.46,2.17,,
2017-07-11,0.49,1.95,,
2017-07-12,-1.56,-1.01,,
2017-07-13,-2.09,-2.32,,
2017-07-14,-2.03,-0.54,,
2017-07-15,-0.03,1.95,,
2017-07-16,-0.21,1.69,,
2017-07-17,-1.46,-1.80,,
2017-07-18,-1.03,-1.86,,
2017-07-19,-2.42,-1.18,,
2017-07-20,-1.38,1.77,,
2017-07-21,-1.04,-1.38,,
2017-07-22,-1.68,-2.15,,
2017-07-23,-1.42,-1.58,,
2017-07-24,-0.88,-1.66,,
2017-07-25,-1.63,-1.81,,
2017-07-26,-1.34,-2.31,,
2017-07-27,-1.62,1.18,,
2017-07-28,-1.55,-0.75,,
2017-07-29,0.84,2.19,,
2017-07-30,0.58,1.59,,
2017-07-31,0.45,1.97,,
2017-08-01,-0.09,-1.67,,
2017-08-02,-1.55,-1.72,,
2017-08-03,-1.63,-2.01,,
2017-08-04,-2.65,2.00,,
2017-08-05,-0.73,2.24,,
2017-08-06,0.03,-1.75,,
2017-08-07,0.96,2.26,,
2017-08-08,-0.43,1.74,,
2017-08-09,0.89,1.75,,
2017-08-10,1.74,1.22,,
2017-08-11,-0.96,2.26,,
2017-08-12,-0.69,2.01,,
2017-08-13,-0.43,-1.62,,
2017-08-14,-2.18,-1.53,,
2017-08-15,-1.57,-2.83,,
2017-08-16,-1.49,2.13,,
2017-08-17,-1.51,1.62,,
2017-08-18,-1.36,-3.06,,
2017-08-19,-1.51,1.18,,
2017-08-20,-0.24,2.79,,
2017-08-21,-0.50,-2.18,,
2017-08-22,-1.39,-0.56,,
2017-08-23,-0.06,1.75,,
2017-08-24,1.73,0.43,,
2017-08-25,1.79,0.99,,
2017-08-26,-1.08,-0.97,,
2017-08-27,-1.65,-1.89,,
2017-08-28,1.15,1.78,,
2017-08-29,1.46,1.23,,
2017-08-30,1.90,1.38,,
2017-08-31,-1.52,-0.46,,
2017-09-01,-1.50,-0.83,,
2017-09-02,-2.38,-1.01,,
2017-09-03,-0.96,2.49,,
2017-09-04,0.69,-1.70,,
2017-09-05,-0.48,2.07,,
2017-09-06,-1.10,-1.69,,
2017-09-07,-1.01,1.50,,
2017-09-08,1.10,0.66,,
2017-09-09,0.55,1.93,,
2017-09-10,0.48,2.49,,
2017-09-11,0.41,-1.91,,
2017-09-12,-0.75,-2.47,,
2017-09-13,-0.60,2.25,,
2017-09-14,1.44,-1.01,,
2017-09-15,-1.59,-0.14,,
2017-09-16,1.49,-0.05,,
2017-09-17,1.66,0.15,,
2017-09-18,1.09,-0.61,,
2017-09-19,0.96,1.07,,
2017-09-20,0.87,-2.40,,
2017-09-21,-1.96,-0.07,,
2017-09-22,0.93,-0.87,,
2017-09-23,-0.17,1.23,,
2017-09-24,0.52,1.07,,
2017-09-25,1.95,0.38,,
2017-09-26,1.02,1.58,,
2017-09-27,0.31,-1.57,,
2017-09-28,0.97,2.68,,
2017-09-29,0.78,1.47,,
2017-09-30,0.98,1.20,,
2017-10-01,0.08,1.51,,
2017-10-02,-1.71,1.07,,
2017-10-03,0.71,-1.52,,
2017-10-04,1.40,2.33,,
2017-10-05,2.69,4.66,,
2017-10-06,0.45,2.86,,
2017-10-07,-1.43,-1.58,,
2017-10-08,-1.03,-2.11,,
2017-10-09,-0.73,-2.92,,
2017-10-10,1.15,1.71,,
2017-10-11,-0.38,-1.53,,
2017-10-12,-1.13,-1.96,,
2017-10-13,-1.41,-2.26,,
2017-10-14,-1.60,-2.38,,
2017-10-15,-2.26,-2.26,,
2017-10-16,-1.53,-1.76,,
2017-10-17,0.13,-2.41,,
2017-10-18,-0.29,2.03,,
2017-10-19,0.56,2.41,,
2017-10-20,1.46,-0.26,,
2017-10-21,-0.04,2.03,,
2017-10-22,-0.09,2.50,,
2017-10-23,-0.00,2.26,,
2017-10-24,1.68,0.12,,
2017-10-25,1.09,2.57,,
2017-10-26,0.64,-1.27,,
2017-10-27,1.81,-0.42,,
2017-10-28,1.63,1.81,,
2017-10-29,0.92,1.88,,
2017-10-30,-0.84,1.20,,
2017-10-31,0.93,-1.91,,
2017-11-01,-2.12,-2.19,,
2017-11-02,-1.85,-2.74,,
2017-11-03,-2.77,-1.23,,
2017-11-04,-0.53,2.71,,
2017-11-05,0.27,2.16,,
2017-11-06,1.62,-0.14,,
2017-11-07,-0.89,-2.21,,
2017-11-08,-1.31,2.26,,
2017-11-09,1.49,1.98,,
2017-11-10,1.83,1.49,,
2017-11-11,0.54,-1.21,,
2017-11-12,-1.60,0.40,,
2017-11-13,0.61,2.45,,
2017-11-14,2.68,2.41,,
2017-11-15,1.81,4.07,,
2017-11-16,2.06,3.71,,
2017-11-17,3.83,4.11,,
2017-11-18,3.69,-0.13,,
2017-11-19,1.38,1.58,,
2017-11-20,-0.19,-1.82,,
2017-11-21,0.11,-1.61,,
2017-11-22,1.89,0.51,,
2017-11-23,1.20,-1.04,,
2017-11-24,1.52,1.47,,
2017-11-25,0.70,1.50,,
2017-11-26,-1.29,-1.12,,
2017-11-27,-1.27,1.41,,
2017-11-28,1.54,1.60,,
2017-11-29,-1.52,-1.47,,
2017-11-30,-0.35,2.52,,
2017-12-01,-1.75,-1.63,,
2017-12-02,-2.13,-2.45,,
2017-12-03,-2.01,-2.87,,
2017-12-04,-1.75,-2.70,,
2017-12-05,-1.70,-1.82,,
2017-12-06,-1.34,-1.59,,
2017-12-07,0.52,1.69,,
2017-12-08,1.41,1.87,,
2017-12-09,1.25,1.05,,
2017-12-10,1.65,-0.03,,
2017-12-11,-2.57,-1.37,,
2017-12-12,-1.10,-2.37,,
2017-12-13,-0.59,-2.57,,
2017-12-14,-1.90,-3.04,,
2017-12-15,-1.69,-2.09,,
2017-12-16,-2.06,-2.63,,
2017-12-17,-2.36,-2.45,,
2017-12-18,-2.92,-4.33,,
2017-12-19,-2.21,-3.16,,
2017-12-20,-2.05,-3.27,,
2017-12-21,-2.34,-3.60,,
2017-12-22,-1.99,-2.95,,
2017-12-23,-2.69,-3.99,,
2017-12-24,-1.87,-2.67,,
2017-12-25,-1.40,-2.52,,
2017-12-26,-2.30,-3.28,,
2017-12-27,-2.39,-3.67,,
2017-12-28,-1.45,-2.62,,
2017-12-29,0.55,2.83,,
2017-12-30,-2.77,-0.95,,
2017-12-31,-2.41,-2.77,,
2018-01-01,-2.18,-2.60,,
2018-01-02,-2.20,2.28,,
2018-01-03,-0.09,-1.71,,
2018-01-04,1.86,-0.03,,
2018-01-05,-0.86,-1.23,,
2018-01-06,-1.62,-2.00,,
2018-01-07,-2.09,-2.09,,
2018-01-08,-2.21,-2.45,,
2018-01-09,-2.88,-0.94,,
2018-01-10,-0.58,2.74,,
2018-01-11,0.80,-1.44,,
2018-01-12,-0.05,-1.51,,
2018-01-13,-2.07,-0.25,,
2018-01-14,-1.95,-2.79,,
2018-01-15,-2.36,-3.24,,
2018-01-16,-1.29,-2.34,,
2018-01-17,-1.56,-1.73,,
2018-01-18,-1.57,-1.02,,
2018-01-19,-1.52,-2.25,,
2018-01-20,-1.90,-3.04,,
2018-01-21,-1.93,-3.09,,
2018-01-22,-1.47,-2.76,,
2018-01-23,-1.66,-2.88,,
2018-01-24,-1.94,-3.66,,
2018-01-25,-2.20,-3.96,,
2018-01-26,-2.75,-4.40,,
2018-01-27,-2.24,-3.45,,
2018-01-28,-1.14,-2.14,,
2018-01-29,-0.80,-2.20,,
2018-01-30,-1.43,-3.06,,
2018-01-31,-2.61,-4.91,,
2018-02-01,-2.91,-5.04,,
2018-02-02,-2.21,-4.15,,
2018-02-03,-2.58,-5.07,,
2018-02-04,-2.17,-4.09,,
2018-02-05,-1.73,-4.28,,
2018-02-06,-2.49,-4.68,,
2018-02-07,-2.13,-4.36,,
2018-02-08,-2.39,-3.99,,
2018-02-09,-2.51,-4.34,,
2018-02-10,-1.25,-3.11,,
2018-02-11,-0.87,-2.83,,
2018-02-12,-0.91,-2.79,,
2018-02-13,-2.28,-4.29,,
2018-02-14,-2.51,-4.52,,
2018-02-15,-2.10,-4.31,,
2018-02-16,-1.80,-3.86,,
2018-02-17,-1.95,-4.39,,
2018-02-18,-1.92,-4.11,,
2018-02-19,-1.78,-3.82,,
2018-02-20,-1.79,-3.67,,
2018-02-21,-2.35,-4.83,,
2018-02-22,-1.71,-3.51,,
2018-02-23,-1.64,-4.05,,
2018-02-24,-1.46,-3.44,,
2018-02-25,-1.53,-3.99,,
2018-02-26,-1.93,-4.55,,
2018-02-27,-2.22,-5.23,,
2018-02-28,-2.37,-6.16,,
2018-03-01,-1.84,-5.06,,
2018-03-02,-1.87,-4.41,,
2018-03-03,-2.58,-6.08,,
2018-03-04,-1.51,-6.56,,
2018-03-05,-0.95,-5.37,,
2018-03-06,-2.28,-6.63,,
2018-03-07,-1.83,-5.02,,
2018-03-08,-1.25,-3.11,,
2018-03-09,-0.99,-2.72,,
2018-03-10,-0.89,-3.84,,
2018-03-11,0.21,-2.97,,
2018-03-12,2.90,1.06,,
2018-03-13,1.68,-2.00,,
2018-03-14,0.24,-3.46,,
2018-03-15,-1.87,-6.13,,
2018-03-16,-1.62,-3.82,,
2018-03-17,-1.94,-4.57,,
2018-03-18,-2.50,-4.16,,
2018-03-19,-2.21,-3.99,,
2018-03-20,-1.86,-3.99,,
2018-03-21,-1.96,-3.84,,
2018-03-22,-2.11,-4.33,,
2018-03-23,-2.64,-4.57,,
2018-03-24,-2.03,-4.16,,
2018-03-25,-1.79,-4.23,,
2018-03-26,-2.10,-4.31,,
2018-03-27,-2.69,-4.85,,
2018-03-28,-2.49,-5.10,,
2018-03-29,-1.44,-4.17,,
2018-03-30,-1.77,-4.18,,
2018-03-31,-2.65,-4.98,,
2018-04-01,-2.38,-5.88,,
2018-04-02,-2.07,-4.88,,
2018-04-03,-1.86,-4.00,,
2018-04-04,-1.52,-3.41,,
2018-04-05,-1.78,-3.35,,
2018-04-06,-2.88,-2.02,,
2018-04-07,-1.41,-2.16,,
2018-04-08,-0.94,-2.34,,
2018-04-09,-1.71,-2.96,,
2018-04-10,-2.07,-1.45,,
2018-04-11,0.42,2.37,,
2018-04-12,-0.38,-2.13,,
2018-04-13,-1.72,-3.10,,
2018-04-14,-2.33,-2.42,,
2018-04-15,-1.04,-1.79,,
2018-04-16,-1.33,-1.76,,
2018-04-17,-1.94,-3.36,,
2018-04-18,-1.58,-3.09,,
2018-04-19,-1.12,-2.39,,
2018-04-20,-1.17,-3.20,,
2018-04-21,-1.06,-1.99,,
2018-04-22,-2.14,-1.74,,
2018-04-23,-0.12,-1.68,,
2018-04-24,-1.65,-2.45,,
2018-04-25,1.36,1.36,,
2018-04-26,-2.34,0.08,,
2018-04-27,-1.15,1.91,,
2018-04-28,0.41,-1.77,,
2018-04-29,-0.41,-1.64,,
2018-04-30,-1.67,-2.30,,
2018-05-01,-1.90,-3.04,,
2018-05-02,-1.46,-1.68,,
2018-05-03,-1.18,-2.04,,
2018-05-04,-0.21,2.00,,
2018-05-05,0.26,1.22,,
2018-05-06,0.84,-1.34,,
2018-05-07,1.59,1.15,,
2018-05-08,1.00,1.00,,
2018-05-09,0.08,1.54,,
2018-05-10,1.50,0.97,,
2018-05-11,0.48,2.28,,
2018-05-12,-1.04,-2.24,,
2018-05-13,-1.89,2.25,,
2018-05-14,1.72,1.20,,
2018-05-15,-2.10,-0.22,,
2018-05-16,0.87,1.57,,
2018-05-17,0.98,1.64,,
2018-05-18,1.39,1.39,,
2018-05-19,-0.91,1.34,,
2018-05-20,-1.78,-1.24,,
2018-05-21,-0.48,2.28,,
2018-05-22,-0.17,-1.58,,
2018-05-23,-1.74,0.21,,
2018-05-24,0.70,1.92,,
2018-05-25,0.44,1.65,,
2018-05-26,1.47,1.75,,
2018-05-27,0.38,1.77,,
2018-05-28,1.72,0.15,,
2018-05-29,-0.87,-1.12,,
2018-05-30,-0.59,1.93,,
2018-05-31,-1.47,-1.37,,
2018-06-01,-1.30,-1.26,,
2018-06-02,-1.61,-1.67,,
2018-06-03,-1.29,-0.87,,
2018-06-04,-0.00,1.55,,
2018-06-05,1.41,1.41,,
2018-06-06,1.64,1.19,,
2018-06-07,-2.00,0.97,,
2018-06-08,0.78,1.84,,
2018-06-09,-1.17,-2.52,,
2018-06-10,0.64,2.23,,
2018-06-11,0.20,1.46,,
2018-06-12,-1.56,-1.17,,
2018-06-13,0.32,-2.30,,
2018-06-14,-0.65,2.27,,
2018-06-15,0.15,2.08,,
2018-06-16,-1.62,0.56,,
2018-06-17,-1.56,0.86,,
2018-06-18,-2.71,-0.67,,
2018-06-19,-1.98,0.31,,
2018-06-20,1.39,1.08,,
2018-06-21,0.16,-1.85,,
2018-06-22,-1.78,-1.49,,
2018-06-23,-1.96,-1.32,,
2018-06-24,-0.05,3.01,,
2018-06-25,0.34,-1.90,,
2018-06-26,-1.21,-1.61,,
2018-06-27,0.27,2.18,,
2018-06-28,-1.99,0.31,,
2018-06-29,-1.31,-2.09,,
2018-06-30,-1.79,-1.25,,
2018-07-01,-2.69,-1.20,,
2018-07-02,-2.30,0.49,,
2018-07-03,-0.42,2.18,,
2018-07-04,-1.12,-1.80,,
2018-07-05,-2.11,-2.19,,
2018-07-06,-1.50,-1.86,,
2018-07-07,-1.35,-1.79,,
2018-07-08,-1.53,-2.65,,
2018-07-09,-2.05,-3.41,,
2018-07-10,-2.37,-2.63,,
2018-07-11,0.08,-2.41,,
2018-07-12,-1.00,-2.35,,
2018-07-13,-1.77,-3.06,,
2018-07-14,-1.64,-2.18,,
2018-07-15,-2.03,-2.50,,
2018-07-16,-1.31,-1.80,,
2018-07-17,-2.24,-1.09,,
2018-07-18,-1.06,-1.84,,
2018-07-19,-1.75,-2.80,,
2018-07-20,-1.80,-2.39,,
2018-07-21,-0.46,2.16,,
2018-07-22,-1.32,-1.46,,
2018-07-23,-1.77,1.54,,
2018-07-24,-1.96,-1.22,,
2018-07-25,-2.42,-1.51,,
2018-07-26,-1.63,-1.42,,
2018-07-27,-0.22,2.50,,
2018-07-28,-1.61,0.68,,
2018-07-29,1.13,-2.05,,
2018-07-30,1.63,1.95,,
2018-07-31,-0.36,2.24,,
2018-08-01,-1.82,-0.39,,
2018-08-02,-1.41,-2.43,,
2018-08-03,-2.09,0.93,,
2018-08-04,2.25,1.70,,
2018-08-05,-2.97,-1.85,,
2018-08-06,-2.24,-2.16,,
2018-08-07,-1.93,-1.80,,
2018-08-08,-1.38,-2.30,,
2018-08-09,-1.88,-2.59,,
2018-08-10,-2.20,-2.92,,
2018-08-11,-1.41,-2.44,,
2018-08-12,-1.70,-2.43,,
2018-08-13,-1.43,-2.04,,
2018-08-14,1.63,4.26,,
2018-08-15,-1.58,1.64,,
2018-08-16,-0.70,-2.79,,
2018-08-17,-2.01,-2.88,,
2018-08-18,-1.92,-2.55,,
2018-08-19,-1.64,-1.23,,
2018-08-20,-1.02,-2.41,,
2018-08-21,-1.54,-2.56,,
2018-08-22,-1.53,-1.69,,
2018-08-23,0.59,2.79,,
2018-08-24,-1.50,-0.94,,
2018-08-25,-1.67,-1.73,,
2018-08-26,-1.76,-0.37,,
2018-08-27,-0.16,1.77,,
2018-08-28,0.55,-1.69,,
2018-08-29,-1.35,-1.79,,
2018-08-30,0.71,2.31,,
2018-08-31,0.08,-2.18,,
2018-09-01,1.86,1.03,,
2018-09-02,1.65,1.39,,
2018-09-03,-1.46,-1.93,,
2018-09-04,-2.67,-0.82,,
2018-09-05,1.65,-0.26,,
2018-09-06,0.26,1.86,,
2018-09-07,1.95,-0.63,,
2018-09-08,1.66,-0.09,,
2018-09-09,-0.33,-2.33,,
2018-09-10,0.41,-1.64,,
2018-09-11,-1.92,1.61,,
2018-09-12,-0.52,1.95,,
2018-09-13,0.18,2.59,,
2018-09-14,-0.05,2.90,,
2018-09-15,0.75,2.31,,
2018-09-16,-0.45,2.53,,
2018-09-17,-1.52,-2.34,,
2018-09-18,-0.54,-1.88,,
2018-09-19,-2.03,1.08,,
2018-09-20,2.08,1.01,,
2018-09-21,-1.92,1.67,,
2018-09-22,1.18,2.65,,
2018-09-23,2.76,0.00,,
2018-09-24,-2.44,-0.65,,
2018-09-25,-0.47,-2.19,,
2018-09-26,0.93,2.20,,
2018-09-27,1.21,2.47,,
2018-09-28,-1.41,0.84,,
2018-09-29,-1.17,-2.40,,
2018-09-30,-1.32,2.28,,
2018-10-01,0.99,1.95,,
2018-10-02,1.56,1.09,,
2018-10-03,-1.49,-0.76,,
2018-10-04,1.35,1.73,,
2018-10-05,0.62,2.49,,
2018-10-06,1.49,-0.49,,
2018-10-07,0.19,-1.76,,
2018-10-08,0.98,-1.35,,
2018-10-09,0.56,2.24,,
2018-10-10,1.95,0.83,,
2018-10-11,1.78,1.98,,
2018-10-12,0.71,2.07,,
2018-10-13,2.23,2.95,,
2018-10-14,1.55,-0.97,,
2018-10-15,1.30,-1.80,,
2018-10-16,-0.44,2.48,,
2018-10-17,1.16,1.65,,
2018-10-18,1.35,-0.81,,
2018-10-19,-1.76,0.71,,
2018-10-20,-2.32,-2.02,,
2018-10-21,-2.18,-1.07,,
2018-10-22,-2.39,0.87,,
2018-10-23,-2.46,1.66,,
2018-10-24,-0.03,1.95,,
2018-10-25,-0.37,1.73,,
2018-10-26,0.94,1.70,,
2018-10-27,-0.94,-1.20,,
2018-10-28,-1.38,-1.20,,
2018-10-29,-2.10,-2.60,,
2018-10-30,-2.02,-3.00,,
2018-10-31,-1.99,-1.99,,
2018-11-01,-1.93,-1.03,,
2018-11-02,-0.27,2.62,,
2018-11-03,1.32,-0.35,,
2018-11-04,1.90,1.05,,
2018-11-05,1.91,2.28,,
2018-11-06,0.06,1.71,,
2018-11-07,-1.10,-1.69,,
2018-11-08,-1.64,-2.03,,
2018-11-09,-2.59,0.79,,
2018-11-10,-2.29,-0.28,,
2018-11-11,-2.62,-3.47,,
2018-11-12,-1.72,-2.65,,
2018-11-13,-1.75,-0.54,,
2018-11-14,-0.58,1.60,,
2018-11-15,1.80,-0.32,,
2018-11-16,-1.13,-1.67,,
2018-11-17,-2.10,-2.17,,
2018-11-18,-1.29,-1.99,,
2018-11-19,-2.39,0.21,,
2018-11-20,-1.21,-1.55,,
2018-11-21,-2.21,-1.92,,
2018-11-22,-2.35,0.81,,
2018-11-23,-2.12,-1.32,,
2018-11-24,-1.87,-2.23,,
2018-11-25,-1.81,-2.79,,
2018-11-26,-1.92,-2.21,,
2018-11-27,1.27,2.85,,
2018-11-28,2.14,0.53,,
2018-11-29,-1.69,-1.94,,
2018-11-30,-1.91,-2.45,,
2018-12-01,-2.61,-1.22,,
2018-12-02,-1.48,-1.90,,
2018-12-03,-1.80,-1.86,,
2018-12-04,-1.62,-1.56,,
2018-12-05,-1.80,-2.56,,
2018-12-06,-2.42,-3.58,,
2018-12-07,-2.09,-3.34,,
2018-12-08,-1.56,-2.82,,
2018-12-09,-1.69,-2.50,,
2018-12-10,-1.87,-2.88,,
2018-12-11,-1.97,-3.03,,
2018-12-12,-2.47,-4.28,,
2018-12-13,-2.00,-3.46,,
2018-12-14,-1.97,-1.33,,
2018-12-15,-1.22,-1.74,,
2018-12-16,-1.81,-3.27,,
2018-12-17,-1.90,-2.92,,
2018-12-18,-1.69,-3.47,,
2018-12-19,-1.55,-2.79,,
2018-12-20,0.40,-2.54,,
2018-12-21,-0.54,-2.33,,
2018-12-22,-1.41,-3.33,,
2018-12-23,-2.60,-4.16,,
2018-12-24,-1.67,-3.01,,
2018-12-25,-1.85,-3.80,,
2018-12-26,-2.34,-4.22,,
2018-12-27,-1.93,-3.79,,
2018-12-28,-1.85,-3.33,,
2018-12-29,-2.13,-3.85,,
2018-12-30,-1.18,-2.91,,
2018-12-31,-1.27,-2.85,,
2019-01-01,-2.17,-3.91,,
2019-01-02,-2.51,-4.34,,
2019-01-03,-1.63,-3.19,,
2019-01-04,-1.07,-2.65,,
2019-01-05,-1.43,-2.81,,
2019-01-06,-1.88,-4.21,,
2019-01-07,-1.72,-3.53,,
2019-01-08,-1.29,-3.36,,
2019-01-09,-1.58,-3.24,,
2019-01-10,-1.62,-3.65,,
2019-01-11,-2.00,-5.51,,
2019-01-12,-2.06,-4.22,,
2019-01-13,-2.10,-4.30,,
2019-01-14,-1.85,-4.15,,
2019-01-15,-2.20,-4.14,,
2019-01-16,-2.71,-5.55,,
2019-01-17,-2.91,-6.24,,
2019-01-18,-2.23,-4.78,,
2019-01-19,-1.82,-4.29,,
2019-01-20,-1.68,-3.45,,
2019-01-21,-3.05,-6.53,,
2019-01-22,-3.39,-6.37,,
2019-01-23,-2.87,-5.18,,
2019-01-24,-1.65,-3.53,,
2019-01-25,-0.87,-3.25,,
2019-01-26,-1.44,-3.97,,
2019-01-27,0.59,-3.71,,
2019-01-28,0.83,-2.16,,
2019-01-29,-0.74,-3.80,,
2019-01-30,-1.91,-5.88,,
2019-01-31,-2.61,-4.92,,
2019-02-01,-1.05,-3.42,,
2019-02-02,-1.61,-3.62,,
2019-02-03,-2.03,-4.78,,
2019-02-04,-1.93,-4.56,,
2019-02-05,-2.34,-5.52,,
2019-02-06,-2.83,-6.66,,
2019-02-07,-3.11,-6.37,,
2019-02-08,-2.89,-5.44,,
2019-02-09,-3.22,-6.05,,
2019-02-10,-2.91,-5.71,,
2019-02-11,-1.40,-3.85,,
2019-02-12,-0.89,-3.30,,
2019-02-13,1.24,-3.06,,
2019-02-14,1.67,-2.14,,
2019-02-15,-0.56,-4.56,,
2019-02-16,0.00,-4.71,,
2019-02-17,-0.48,-3.87,,
2019-02-18,-0.99,-3.23,,
2019-02-19,-1.92,-3.46,,
2019-02-20,-1.77,-2.11,,
2019-02-21,-1.12,-3.07,,
2019-02-22,-1.81,-4.26,,
2019-02-23,-1.75,-3.02,,
2019-02-24,-1.33,-3.46,,
2019-02-25,-2.21,-4.33,,
2019-02-26,-2.85,-5.60,,
2019-02-27,-1.45,-3.58,,
2019-02-28,-1.42,-3.71,,
2019-03-01,-0.62,-3.17,,
2019-03-02,-2.82,-2.54,,
2019-03-03,-1.23,-2.89,,
2019-03-04,-0.88,-3.52,,
2019-03-05,-2.20,-3.26,,
2019-03-06,-2.56,-4.81,,
2019-03-07,-3.43,-7.03,,
2019-03-08,-2.33,-5.00,,
2019-03-09,-2.58,-5.28,,
2019-03-10,-2.24,-4.58,,
2019-03-11,-1.55,-3.83,,
2019-03-12,-2.27,-5.09,,
2019-03-13,-2.68,-5.74,,
2019-03-14,-1.61,-4.42,,
2019-03-15,-0.91,-3.96,,
2019-03-16,-1.92,-4.53,,
2019-03-17,-2.31,-5.18,,
2019-03-18,-2.13,-4.56,,
2019-03-19,-1.23,-3.57,,
2019-03-20,-0.98,-3.01,,
2019-03-21,-1.88,-4.21,,
2019-03-22,-2.47,-6.11,,
2019-03-23,-1.79,-5.51,,
2019-03-24,-1.53,-4.19,,
2019-03-25,-1.33,-3.29,,
2019-03-26,-2.17,-4.66,,
2019-03-27,-2.53,-6.94,,
2019-03-28,-2.13,-6.95,,
2019-03-29,-1.59,-6.37,,
2019-03-30,-1.60,-4.39,,
2019-03-31,-1.50,-4.13,,
2019-04-01,-1.47,-2.45,,
2019-04-02,-1.55,-3.48,,
2019-04-03,-2.36,-4.84,,
2019-04-04,-1.99,-4.08,,
2019-04-05,-1.97,-3.86,,
2019-04-06,-1.62,-3.32,,
2019-04-07,-1.69,-3.47,,
2019-04-08,-2.12,-3.14,,
2019-04-09,0.77,-2.52,,
2019-04-10,2.14,-0.15,,
2019-04-11,1.60,-1.65,,
2019-04-12,-1.23,-4.01,,
2019-04-13,-1.59,-3.58,,
2019-04-14,-1.42,-2.56,,
2019-04-15,-1.43,-2.58,,
2019-04-16,-2.25,-3.75,,
2019-04-17,-1.65,-3.53,,
2019-04-18,-1.47,-3.16,,
2019-04-19,-0.51,-2.20,,
2019-04-20,-2.03,0.90,,
2019-04-21,-0.79,-1.69,,
2019-04-22,-2.10,-2.50,,
2019-04-23,-2.45,-3.51,,
2019-04-24,-2.26,-3.91,,
2019-04-25,-1.60,-3.15,,
2019-04-26,-1.53,-2.19,,
2019-04-27,-1.23,-2.41,,
2019-04-28,-1.28,-3.17,,
2019-04-29,-0.57,-2.70,,
2019-04-30,-0.57,-1.56,,
2019-05-01,-0.09,-2.61,,
2019-05-02,-1.19,-2.96,,
2019-05-03,-0.80,-2.80,,
2019-05-04,-1.37,-2.11,,
2019-05-05,-0.91,-2.14,,
2019-05-06,-1.01,-2.18,,
2019-05-07,-1.29,-1.99,,
2019-05-08,-2.72,-0.63,,
2019-05-09,-1.61,1.45,,
2019-05-10,1.02,1.71,,
2019-05-11,0.96,-1.48,,
2019-05-12,-1.24,-1.78,,
2019-05-13,-2.37,0.12,,
2019-05-14,0.51,1.15,,
2019-05-15,1.38,0.34,,
2019-05-16,-0.57,-1.57,,
2019-05-17,2.61,0.32,,
2019-05-18,0.53,1.86,,
2019-05-19,0.76,1.42,,
2019-05-20,-0.61,-1.31,,
2019-05-21,-0.00,2.12,,
2019-05-22,-0.61,-1.89,,
2019-05-23,-0.04,2.05,,
2019-05-24,1.42,0.23,,
2019-05-25,-2.34,-0.58,,
2019-05-26,1.30,-0.66,,
2019-05-27,0.56,2.24,,
2019-05-28,-1.61,1.17,,
2019-05-29,0.10,1.96,,
2019-05-30,0.04,2.06,,
2019-05-31,1.83,0.26,,
2019-06-01,1.29,2.42,,
2019-06-02,-1.20,1.24,,
2019-06-03,-1.11,-1.78,,
2019-06-04,-1.76,-1.53,,
2019-06-05,-0.78,1.21,,
2019-06-06,0.66,1.56,,
2019-06-07,0.77,1.82,,
2019-06-08,-1.58,-1.70,,
2019-06-09,-1.57,-0.77,,
2019-06-10,0.70,2.30,,
2019-06-11,1.83,1.43,,
2019-06-12,2.19,1.42,,
2019-06-13,-1.64,-1.95,,
2019-06-14,-1.07,-1.41,,
2019-06-15,-1.77,-0.64,,
2019-06-16,-1.69,-1.37,,
2019-06-17,-1.98,-1.85,,
2019-06-18,-1.73,-2.57,,
2019-06-19,-1.59,-2.45,,
2019-06-20,-1.02,-2.40,,
2019-06-21,-0.79,-1.48,,
2019-06-22,-1.31,-1.95,,
2019-06-23,-1.63,-2.95,,
2019-06-24,-2.79,0.91,,
2019-06-25,-1.80,0.45,,
2019-06-26,-0.59,-2.55,,
2019-06-27,-1.18,-2.04,,
2019-06-28,-1.83,-2.93,,
2019-06-29,-0.84,-2.07,,
2019-06-30,-2.03,0.21,,
2019-07-01,-0.59,1.71,,
2019-07-02,-2.10,0.04,,
2019-07-03,-2.70,-1.09,,
2019-07-04,-1.57,-3.22,,
2019-07-05,-1.11,-2.27,,
2019-07-06,-2.31,-2.40,,
2019-07-07,-1.52,-2.09,,
2019-07-08,2.91,1.75,,
2019-07-09,-0.55,1.79,,
2019-07-10,-1.62,-1.51,,
2019-07-11,-0.63,-2.36,,
2019-07-12,-1.34,-1.49,,
2019-07-13,-1.91,-2.12,,
2019-07-14,-1.49,-1.16,,
2019-07-15,1.74,2.31,,
2019-07-16,-2.03,0.62,,
2019-07-17,-1.49,-2.57,,
2019-07-18,-1.79,-2.76,,
2019-07-19,-1.68,-2.31,,
2019-07-20,-2.26,-2.60,,
2019-07-21,-1.71,-3.08,,
2019-07-22,0.67,2.50,,
2019-07-23,0.24,2.24,,
2019-07-24,1.69,0.06,,
2019-07-25,1.18,-1.45,,
2019-07-26,-1.91,-2.05,,
2019-07-27,-1.63,-1.58,,
2019-07-28,-1.99,-2.95,,
2019-07-29,-1.80,-2.48,,
2019-07-30,-2.50,-2.42,,
2019-07-31,-0.98,-2.69,,
2019-08-01,1.90,-1.83,,
2019-08-02,0.79,2.31,,
2019-08-03,0.77,2.88,,
2019-08-04,-0.25,-1.55,,
2019-08-05,-1.88,-1.63,,
2019-08-06,-2.57,-1.14,,
2019-08-07,1.05,1.74,,
2019-08-08,0.61,-1.51,,
2019-08-09,-1.83,-1.10,,
2019-08-10,-1.19,-2.34,,
2019-08-11,-1.28,-2.30,,
2019-08-12,-2.47,0.85,,
2019-08-13,-1.68,-2.23,,
2019-08-14,-2.27,-1.01,,
2019-08-15,2.10,2.17,,
2019-08-16,1.88,1.00,,
2019-08-17,1.53,-0.62,,
2019-08-18,-1.68,-1.87,,
2019-08-19,-1.26,-1.80,,
2019-08-20,0.20,2.32,,
2019-08-21,2.37,-0.50,,
2019-08-22,-1.74,-1.05,,
2019-08-23,-1.94,-2.40,,
2019-08-24,-1.03,-1.65,,
2019-08-25,-1.49,-1.71,,
2019-08-26,-0.55,-2.84,,
2019-08-27,-1.67,-2.68,,
2019-08-28,-2.26,-3.61,,
2019-08-29,-1.10,-2.59,,
2019-08-30,-0.75,-2.81,,
2019-08-31,1.95,-2.01,,
2019-09-01,-0.69,2.57,,
2019-09-02,2.22,-0.23,,
2019-09-03,-1.22,-2.02,,
2019-09-04,1.60,0.85,,
2019-09-05,1.30,2.00,,
2019-09-06,-0.04,-2.15,,
2019-09-07,-0.87,-2.05,,
2019-09-08,-0.83,-2.42,,
2019-09-09,0.28,-2.27,,
2019-09-10,-1.49,-1.66,,
2019-09-11,-3.38,-0.24,,
2019-09-12,2.15,2.96,,
2019-09-13,2.04,0.66,,
2019-09-14,1.21,-1.39,,
2019-09-15,1.45,2.15,,
2019-09-16,2.65,0.14,,
2019-09-17,1.75,0.71,,
2019-09-18,1.90,0.23,,
2019-09-19,2.42,1.23,,
2019-09-20,1.92,1.25,,
2019-09-21,-0.59,0.98,,
2019-09-22,-1.43,0.07,,
2019-09-23,1.05,0.58,,
2019-09-24,0.08,2.16,,
2019-09-25,1.84,0.53,,
2019-09-26,-0.53,1.53,,
2019-09-27,0.30,-1.88,,
2019-09-28,2.57,0.18,,
2019-09-29,-2.65,-1.66,,
2019-09-30,1.16,2.02,,
2019-10-01,2.29,2.46,,
2019-10-02,1.80,-0.58,,
2019-10-03,0.41,-1.64,,
2019-10-04,0.57,1.87,,
2019-10-05,-0.47,2.99,,
2019-10-06,1.62,1.26,,
2019-10-07,2.64,1.40,,
2019-10-08,1.07,1.52,,
2019-10-09,0.32,2.29,,
2019-10-10,1.29,-1.33,,
2019-10-11,0.72,-1.41,,
2019-10-12,1.39,-0.51,,
2019-10-13,0.49,-1.70,,
2019-10-14,1.43,-0.36,,
2019-10-15,-1.18,-1.96,,
2019-10-16,-3.10,-0.11,,
2019-10-17,0.52,1.70,,
2019-10-18,1.53,2.04,,
2019-10-19,0.52,1.93,,
2019-10-20,0.11,1.56,,
2019-10-21,0.83,-1.33,,
2019-10-22,-0.11,2.04,,
2019-10-23,0.09,1.67,,
2019-10-24,1.94,0.82,,
2019-10-25,-0.00,1.86,,
2019-10-26,0.30,-1.52,,
2019-10-27,0.75,2.07,,
2019-10-28,-0.92,-1.53,,
2019-10-29,-1.95,-1.52,,
2019-10-30,1.76,1.76,,
2019-10-31,-1.85,-1.55,,
2019-11-01,-1.79,-2.06,,
2019-11-02,-1.58,-1.95,,
2019-11-03,-1.71,-1.49,,
2019-11-04,-2.28,-2.62,,
2019-11-05,-2.08,-2.86,,
2019-11-06,-0.79,-1.69,,
2019-11-07,-1.71,-2.63,,
2019-11-08,-1.29,-2.77,,
2019-11-09,-3.34,0.77,,
2019-11-10,1.34,1.34,,
2019-11-11,-2.11,-0.11,,
2019-11-12,-2.44,-0.84,,
2019-11-13,-0.68,1.88,,
2019-11-14,0.52,2.07,,
2019-11-15,-0.46,-1.72,,
2019-11-16,-2.27,-1.26,,
2019-11-17,-1.26,-2.18,,
2019-11-18,-1.56,-3.20,,
2019-11-19,-1.66,-3.13,,
2019-11-20,-1.67,-3.01,,
2019-11-21,-1.68,-3.76,,
2019-11-22,-1.60,-2.38,,
2019-11-23,-1.89,-1.65,,
2019-11-24,-2.35,-2.35,,
2019-11-25,-1.63,-3.07,,
2019-11-26,-2.09,-3.34,,
2019-11-27,-1.67,-3.28,,
2019-11-28,-2.19,-2.91,,
2019-11-29,-2.14,-2.06,,
2019-11-30,-2.39,-3.55,,
2019-12-01,-1.88,-2.79,,
2019-12-02,-1.67,-2.67,,
2019-12-03,-1.55,-3.47,,
2019-12-04,-1.19,-1.99,,
2019-12-05,-2.18,-1.97,,
2019-12-06,-1.62,-3.17,,
2019-12-07,-2.85,-1.58,,
2019-12-08,-2.47,-2.47,,
2019-12-09,-1.60,-2.88,,
2019-12-10,-1.85,-2.74,,
2019-12-11,-1.34,-2.31,,
2019-12-12,-2.37,-3.14,,
2019-12-13,-1.88,-2.58,,
2019-12-14,-0.30,-2.83,,
2019-12-15,-1.17,-2.75,,
2019-12-16,-1.67,-3.28,,
2019-12-17,-0.81,-2.82,,
2019-12-18,0.83,2.72,,
2019-12-19,-1.63,-0.35,,
2019-12-20,-1.05,-2.35,,
2019-12-21,-1.63,-2.52,,
2019-12-22,-1.82,-2.81,,
2019-12-23,0.00,-1.81,,
2019-12-24,-0.10,-1.94,,
2019-12-25,-0.87,-2.68,,
2019-12-26,-1.89,-3.72,,
2019-12-27,-2.38,-4.67,,
2019-12-28,-1.95,-2.68,,
2019-12-29,-2.14,-3.43,,
2019-12-30,-1.68,-2.69,,
2019-12-31,-2.78,0.96,,
2020-01-01,-1.49,-2.69,,
2020-01-02,-2.15,-3.58,,
2020-01-03,-1.44,-2.82,,
2020-01-04,-1.21,-2.27,,
2020-01-05,-2.80,-5.05,,
2020-01-06,-2.98,-5.60,,
2020-01-07,-2.25,-4.23,,
2020-01-08,-2.75,-5.39,,
2020-01-09,-2.59,-4.49,,
2020-01-10,-2.70,-4.67,,
2020-01-11,-2.44,-4.23,,
2020-01-12,-1.56,-3.19,,
2020-01-13,-1.39,-3.43,,
2020-01-14,-1.98,-4.24,,
2020-01-15,-2.38,-5.09,,
2020-01-16,-1.95,-4.18,,
2020-01-17,-2.83,-5.32,,
2020-01-18,-3.46,-6.24,,
2020-01-19,-2.04,-4.37,,
2020-01-20,-1.02,-3.34,,
2020-01-21,0.21,-2.38,,
2020-01-22,0.59,-2.55,,
2020-01-23,-0.19,-2.74,,
2020-01-24,-1.31,-4.57,,
2020-01-25,-1.63,-5.33,,
2020-01-26,-1.74,-6.07,,
2020-01-27,-1.05,-4.53,,
2020-01-28,-0.35,-4.01,,
2020-01-29,-0.80,-4.52,,
2020-01-30,-1.26,-3.67,,
2020-01-31,-2.41,-5.42,,
2020-02-01,-1.19,-3.27,,
2020-02-02,-1.49,-3.51,,
2020-02-03,-2.96,-5.81,,
2020-02-04,-1.91,-4.10,,
2020-02-05,-1.48,-3.48,,
2020-02-06,-1.11,-3.41,,
2020-02-07,0.46,-2.90,,
2020-02-08,-1.62,-3.65,,
2020-02-09,-2.50,-4.51,,
2020-02-10,-2.42,-4.74,,
2020-02-11,-1.62,-4.01,,
2020-02-12,-1.79,-4.03,,
2020-02-13,-1.48,-3.66,,
2020-02-14,-2.15,-4.40,,
2020-02-15,-1.96,-4.61,,
2020-02-16,-2.50,-5.62,,
2020-02-17,-2.34,-5.26,,
2020-02-18,-2.33,-5.24,,
2020-02-19,-2.47,-5.30,,
2020-02-20,-2.30,-4.93,,
2020-02-21,-1.37,-4.78,,
2020-02-22,-2.82,-6.34,,
2020-02-23,-2.09,-6.85,,
2020-02-24,-2.32,-6.38,,
2020-02-25,-1.32,-4.32,,
2020-02-26,-0.30,-3.48,,
2020-02-27,-1.17,-4.09,,
2020-02-28,-2.44,-5.75,,
2020-02-29,-3.39,-7.28,,
2020-03-01,-2.48,-5.57,,
2020-03-02,-2.31,-4.95,,
2020-03-03,-1.60,-4.39,,
2020-03-04,-2.16,-4.63,,
2020-03-05,-1.38,-3.79,,
2020-03-06,-1.27,-3.68,,
2020-03-07,-2.66,-6.93,,
2020-03-08,-3.40,-7.30,,
2020-03-09,-2.89,-6.20,,
2020-03-10,-1.95,-4.58,,
2020-03-11,-2.22,-4.99,,
2020-03-12,-1.91,-5.23,,
2020-03-13,-1.98,-6.10,,
2020-03-14,-2.73,-5.60,,
2020-03-15,-2.36,-5.57,,
2020-03-16,-2.78,-6.88,,
2020-03-17,-2.42,-6.30,,
2020-03-18,-2.53,-5.96,,
2020-03-19,-2.57,-5.77,,
2020-03-20,-2.06,-5.10,,
2020-03-21,-2.20,-3.97,,
2020-03-22,-2.40,-5.16,,
2020-03-23,-1.75,-4.55,,
2020-03-24,-1.58,-4.86,,
2020-03-25,-1.76,-5.12,,
2020-03-26,-1.83,-5.99,,
2020-03-27,-2.27,-5.62,,
2020-03-28,-2.38,-5.61,,
2020-03-29,-2.32,-5.47,,
2020-03-30,-1.51,-4.14,,
2020-03-31,-1.36,-3.94,,
2020-04-01,-0.33,-3.73,,
2020-04-02,-1.06,-3.25,,
2020-04-03,-1.97,-5.13,,
2020-04-04,-2.48,-6.13,,
2020-04-05,-2.08,-5.15,,
2020-04-06,-1.18,-4.11,,
2020-04-07,-2.17,-4.87,,
2020-04-08,-2.40,-5.66,,
2020-04-09,-1.44,-4.44,,
2020-04-10,-2.11,-6.12,,
2020-04-11,-1.40,-3.84,,
2020-04-12,-1.49,-2.92,,
2020-04-13,3.58,0.38,,
2020-04-14,0.62,-3.91,,
2020-04-15,1.50,-2.31,,
2020-04-16,-1.59,-3.75,,
2020-04-17,-1.98,-4.05,,
2020-04-18,-1.64,-3.68,,
2020-04-19,-1.54,-3.03,,
2020-04-20,0.05,-2.70,,
2020-04-21,3.39,-0.72,,
2020-04-22,-1.38,-2.20,,
2020-04-23,-1.59,-2.75,,
2020-04-24,-0.24,-2.69,,
2020-04-25,0.69,-2.58,,
2020-04-26,-1.29,-2.91,,
2020-04-27,-1.87,-3.68,,
2020-04-28,-1.82,-4.29,,
2020-04-29,-1.76,-3.45,,
2020-04-30,-1.03,-2.68,,
2020-05-01,-0.93,-2.86,,
2020-05-02,-1.56,-3.50,,
2020-05-03,-1.90,-3.89,,
2020-05-04,-0.69,-3.25,,
2020-05-05,-1.02,-2.97,,
2020-05-06,-0.61,-3.15,,
2020-05-07,-0.21,-3.06,,
2020-05-08,-0.47,-2.43,,
2020-05-09,2.91,-0.20,,
2020-05-10,2.12,-1.84,,
2020-05-11,1.01,-3.12,,
2020-05-12,-0.80,-3.00,,
2020-05-13,-2.57,-2.08,,
2020-05-14,-0.94,-1.77,,
2020-05-15,-1.01,-2.37,,
2020-05-16,-1.06,-1.70,,
2020-05-17,0.99,2.57,,
2020-05-18,1.48,0.66,,
2020-05-19,0.54,2.79,,
2020-05-20,-0.99,-1.79,,
2020-05-21,-1.05,-3.24,,
2020-05-22,-1.24,-2.34,,
2020-05-23,1.48,-0.57,,
2020-05-24,1.84,-0.86,,
2020-05-25,2.41,0.30,,
2020-05-26,1.95,-0.91,,
2020-05-27,1.45,2.85,,
2020-05-28,0.85,-1.16,,
2020-05-29,1.51,1.36,,
2020-05-30,0.71,1.96,,
2020-05-31,1.37,1.24,,
2020-06-01,-0.53,-2.12,,
2020-06-02,-1.32,1.47,,
2020-06-03,0.97,1.76,,
2020-06-04,-0.76,-1.27,,
2020-06-05,-2.49,-0.81,,
2020-06-06,0.10,1.97,,
2020-06-07,1.45,0.50,,
2020-06-08,-1.22,-1.81,,
2020-06-09,-3.09,-1.58,,
2020-06-10,0.46,2.59,,
2020-06-11,-0.63,-1.74,,
2020-06-12,0.32,-1.80,,
2020-06-13,-0.37,-1.89,,
2020-06-14,2.07,0.63,,
2020-06-15,-0.77,2.00,,
2020-06-16,-0.55,-1.61,,
2020-06-17,-0.05,3.07,,
2020-06-18,-2.54,-1.08,,
2020-06-19,-1.75,-1.14,,
2020-06-20,-0.92,1.80,,
2020-06-21,-1.47,1.47,,
2020-06-22,-0.63,-1.84,,
2020-06-23,-1.39,-1.99,,
2020-06-24,-0.84,-2.09,,
2020-06-25,-1.28,-2.76,,
2020-06-26,-1.92,-1.73,,
2020-06-27,-2.61,-0.32,,
2020-06-28,1.05,2.73,,
2020-06-29,0.13,1.82,,
2020-06-30,-1.54,-1.34,,
2020-07-01,-0.38,2.71,,
2020-07-02,-0.32,2.02,,
2020-07-03,1.70,1.48,,
2020-07-04,0.70,2.61,,
2020-07-05,2.00,1.87,,
2020-07-06,-1.37,-1.75,,
2020-07-07,-2.08,-1.40,,
2020-07-08,-1.33,2.72,,
2020-07-09,-0.83,-1.70,,
2020-07-10,-0.42,-1.81,,
2020-07-11,0.05,2.92,,
2020-07-12,1.30,-0.50,,
2020-07-13,-1.16,-2.19,,
2020-07-14,0.59,2.56,,
2020-07-15,-1.69,-1.87,,
2020-07-16,-2.03,-2.50,,
2020-07-17,-1.50,-1.73,,
2020-07-18,-1.36,-1.56,,
2020-07-19,-2.02,-1.76,,
2020-07-20,0.90,3.62,,
2020-07-21,1.25,1.60,,
2020-07-22,1.82,-0.66,,
2020-07-23,1.36,1.57,,
2020-07-24,1.35,1.73,,
2020-07-25,-0.42,1.37,,
2020-07-26,-1.64,-0.09,,
2020-07-27,-2.10,-0.00,,
2020-07-28,-1.93,-1.68,,
2020-07-29,-2.29,-1.79,,
2020-07-30,-3.13,-0.05,,
2020-07-31,-1.68,-0.51,,
2020-08-01,-1.02,-1.51,,
2020-08-02,-1.21,-2.37,,
2020-08-03,-0.56,-2.44,,
2020-08-04,0.30,1.43,,
2020-08-05,0.56,1.94,,
2020-08-06,1.79,1.85,,
2020-08-07,-1.46,1.36,,
2020-08-08,-1.54,-1.97,,
2020-08-09,-2.55,-1.47,,
2020-08-10,1.82,2.02,,
2020-08-11,-0.00,2.38,,
2020-08-12,-1.90,-1.59,,
2020-08-13,-2.02,-0.25,,
2020-08-14,1.81,2.68,,
2020-08-15,1.30,2.92,,
2020-08-16,1.73,-0.12,,
2020-08-17,1.84,0.98,,
2020-08-18,-0.17,1.90,,
2020-08-19,1.12,1.87,,
2020-08-20,2.52,2.35,,
2020-08-21,2.17,0.88,,
2020-08-22,2.27,0.87,,
2020-08-23,0.89,2.11,,
2020-08-24,1.24,-0.93,,
2020-08-25,1.39,2.61,,
2020-08-26,1.69,0.97,,
2020-08-27,1.89,-1.83,,
2020-08-28,1.79,1.12,,
2020-08-29,1.51,2.15,,
2020-08-30,1.31,2.37,,
2020-08-31,-1.13,-1.81,,
2020-09-01,-0.61,-1.77,,
2020-09-02,1.54,1.54,,
2020-09-03,-0.05,-1.32,,
2020-09-04,-0.20,-1.63,,
2020-09-05,0.45,-1.81,,
2020-09-06,-0.55,-2.57,,
2020-09-07,1.16,2.74,,
2020-09-08,1.67,2.07,,
2020-09-09,-1.39,-1.21,,
2020-09-10,0.00,-1.80,,
2020-09-11,-2.44,0.61,,
2020-09-12,-0.65,2.62,,
2020-09-13,1.09,-1.05,,
2020-09-14,1.44,0.18,,
2020-09-15,1.11,-1.65,,
2020-09-16,1.49,2.39,,
2020-09-17,1.57,0.33,,
2020-09-18,1.75,0.28,,
2020-09-19,1.46,0.81,,
2020-09-20,-1.25,-0.78,,
2020-09-21,-1.36,0.42,,
2020-09-22,-0.00,2.21,,
2020-09-23,0.71,1.67,,
2020-09-24,0.46,2.39,,
2020-09-25,1.04,-0.97,,
2020-09-26,1.91,-0.13,,
2020-09-27,0.43,2.20,,
2020-09-28,1.32,0.76,,
2020-09-29,-2.04,0.58,,
2020-09-30,-0.06,3.72,,
2020-10-01,1.86,0.61,,
2020-10-02,2.80,0.80,,
2020-10-03,1.64,2.17,,
2020-10-04,1.09,2.69,,
2020-10-05,1.99,2.55,,
2020-10-06,1.28,1.43,,
2020-10-07,0.24,-2.77,,
2020-10-08,1.76,1.33,,
2020-10-09,-0.65,-1.54,,
2020-10-10,-0.42,-2.40,,
2020-10-11,-1.79,-2.46,,
2020-10-12,-0.42,2.97,,
2020-10-13,1.56,0.94,,
2020-10-14,0.84,1.98,,
2020-10-15,0.96,-1.54,,
2020-10-16,-1.38,-2.04,,
2020-10-17,-1.81,-1.81,,
2020-10-18,0.75,2.17,,
2020-10-19,0.75,3.03,,
2020-10-20,2.01,1.94,,
2020-10-21,0.36,-1.86,,
2020-10-22,0.54,-1.78,,
2020-10-23,0.68,-0.97,,
2020-10-24,1.90,1.09,,
2020-10-25,1.33,2.21,,
2020-10-26,0.92,-1.74,,
2020-10-27,-2.16,-0.70,,
2020-10-28,-2.01,2.49,,
2020-10-29,0.60,2.58,,
2020-10-30,1.99,1.11,,
2020-10-31,2.48,0.62,,
2020-11-01,2.87,3.54,,
2020-11-02,-0.05,2.62,,
2020-11-03,1.02,2.30,,
2020-11-04,0.33,-2.11,,
2020-11-05,3.51,-1.07,,
2020-11-06,2.07,1.29,,
2020-11-07,1.60,1.30,,
2020-11-08,1.72,0.92,,
2020-11-09,0.42,-1.58,,
2020-11-10,-0.88,-1.31,,
2020-11-11,1.28,-1.28,,
2020-11-12,1.49,0.73,,
2020-11-13,2.64,0.91,,
2020-11-14,3.67,4.87,,
2020-11-15,1.37,5.48,,
2020-11-16,0.88,2.08,,
2020-11-17,1.85,0.60,,
2020-11-18,1.40,0.65,,
2020-11-19,0.96,-1.66,,
2020-11-20,0.93,-1.55,,
2020-11-21,1.56,2.60,,
2020-11-22,1.64,-0.73,,
2020-11-23,0.11,-2.08,,
2020-11-24,-1.49,-2.58,,
2020-11-25,-1.91,-1.50,,
2020-11-26,-1.37,-1.95,,
2020-11-27,-2.08,-1.57,,
2020-11-28,-0.60,2.60,,
2020-11-29,-1.49,-1.84,,
2020-11-30,-1.95,-0.71,,
2020-12-01,0.58,2.53,,
2020-12-02,0.49,1.84,,
2020-12-03,2.14,1.29,,
2020-12-04,-2.01,-2.01,,
2020-12-05,-1.66,-2.28,,
2020-12-06,-1.55,-2.57,,
2020-12-07,-1.86,-2.56,,
2020-12-08,-1.82,-3.14,,
2020-12-09,-2.50,-4.50,,
2020-12-10,-2.90,-3.58,,
2020-12-11,-2.20,-3.80,,
2020-12-12,-2.02,-3.37,,
2020-12-13,-1.71,-2.74,,
2020-12-14,-1.52,-2.43,,
2020-12-15,-1.63,-2.95,,
2020-12-16,-1.68,-2.01,,
2020-12-17,-1.95,-2.89,,
2020-12-18,-2.42,-3.87,,
2020-12-19,-2.52,-3.22,,
2020-12-20,-1.73,-3.00,,
2020-12-21,-1.33,-2.73,,
2020-12-22,-1.83,-3.58,,
2020-12-23,-2.32,-3.86,,
2020-12-24,-1.24,-3.22,,
2020-12-25,-1.58,-3.11,,
2020-12-26,-2.60,-4.16,,
2020-12-27,-1.79,-4.03,,
2020-12-28,-1.39,-2.40,,
2020-12-29,-2.11,-2.61,,
2020-12-30,-2.46,-3.51,,
2020-12-31,-1.60,-2.67,,
2021-01-01,-1.35,-2.43,,
2021-01-02,-1.45,-2.23,,
2021-01-03,-1.62,-2.81,,
2021-01-04,-1.81,-2.79,,
2021-01-05,-2.02,-2.32,,
2021-01-06,-2.06,-4.04,,
2021-01-07,-1.17,-2.88,,
2021-01-08,-1.84,-3.94,,
2021-01-09,-1.29,-1.53,,
2021-01-10,-1.85,-2.45,,
2021-01-11,-1.40,-2.42,,
2021-01-12,-2.10,-3.80,,
2021-01-13,-1.31,-3.25,,
2021-01-14,-0.82,-3.29,,
2021-01-15,-0.86,-2.64,,
2021-01-16,-1.33,-3.13,,
2021-01-17,-2.00,-3.46,,
2021-01-18,-1.88,-3.70,,
2021-01-19,-1.64,-4.05,,
2021-01-20,-2.67,-5.02,,
2021-01-21,-2.36,-3.93,,
2021-01-22,-1.62,-3.48,,
2021-01-23,-1.71,-3.51,,
2021-01-24,-2.31,-4.17,,
2021-01-25,-2.41,-4.54,,
2021-01-26,-1.65,-3.70,,
2021-01-27,-1.00,-2.60,,
2021-01-28,-1.90,-3.73,,
2021-01-29,-3.42,-6.44,,
2021-01-30,-2.88,-5.65,,
2021-01-31,-2.21,-4.53,,
2021-02-01,-1.32,-3.12,,
2021-02-02,-0.28,-3.17,,
2021-02-03,-2.44,-6.71,,
2021-02-04,-2.07,-5.40,,
2021-02-05,-1.14,-3.50,,
2021-02-06,1.78,-1.91,,
2021-02-07,-1.28,-3.52,,
2021-02-08,-1.78,-3.65,,
2021-02-09,-1.79,-4.01,,
2021-02-10,-1.38,-3.26,,
2021-02-11,-1.23,-3.37,,
2021-02-12,-1.80,-3.39,,
2021-02-13,1.30,-2.00,,
2021-02-14,1.34,-1.72,,
2021-02-15,-1.23,-2.64,,
2021-02-16,-2.48,-3.41,,
2021-02-17,-2.25,-3.10,,
2021-02-18,-1.58,-3.40,,
2021-02-19,-1.00,-2.91,,
2021-02-20,-1.87,-3.24,,
2021-02-21,-2.56,-4.62,,
2021-02-22,-2.44,-4.78,,
2021-02-23,-2.09,-4.48,,
2021-02-24,-2.27,-4.46,,
2021-02-25,-2.85,-5.60,,
2021-02-26,-1.81,-4.71,,
2021-02-27,-2.14,-4.59,,
2021-02-28,-1.67,-3.93,,
2021-03-01,-1.22,-3.35,,
2021-03-02,-1.90,-3.43,,
2021-03-03,-1.71,-4.03,,
2021-03-04,-1.45,-4.75,,
2021-03-05,-2.11,-5.81,,
2021-03-06,-1.92,-5.57,,
2021-03-07,-2.15,-5.60,,
2021-03-08,-3.30,-6.77,,
2021-03-09,-1.91,-4.72,,
2021-03-10,-1.67,-4.34,,
2021-03-11,-2.16,-4.23,,
2021-03-12,-2.36,-3.78,,
2021-03-13,-2.56,-5.03,,
2021-03-14,-2.24,-5.27,,
2021-03-15,-2.54,-4.79,,
2021-03-16,-2.01,-3.95,,
2021-03-17,-0.63,-2.53,,
2021-03-18,-0.92,-2.99,,
2021-03-19,-2.78,-2.41,,
2021-03-20,-2.14,-3.30,,
2021-03-21,-1.69,-3.80,,
2021-03-22,-1.81,-4.06,,
2021-03-23,-2.07,-2.07,,
2021-03-24,-1.41,-3.33,,
2021-03-25,-0.95,-3.55,,
2021-03-26,-1.37,-3.39,,
2021-03-27,-1.71,-3.35,,
2021-03-28,-1.08,-2.98,,
2021-03-29,-1.82,-3.91,,
2021-03-30,-1.54,-3.80,,
2021-03-31,-1.45,-3.59,,
2021-04-01,-1.81,-3.89,,
2021-04-02,-1.65,-3.54,,
2021-04-03,-1.89,-3.87,,
2021-04-04,-2.91,-5.71,,
2021-04-05,-2.15,-4.61,,
2021-04-06,-1.44,-2.60,,
2021-04-07,-1.75,-1.94,,
2021-04-08,-1.59,-2.64,,
2021-04-09,2.47,0.00,,
2021-04-10,1.93,-0.10,,
2021-04-11,-0.45,-2.53,,
2021-04-12,-1.21,-2.59,,
2021-04-13,-0.82,-2.14,,
2021-04-14,-2.11,-3.51,,
2021-04-15,-1.98,-3.30,,
2021-04-16,-0.90,2.62,,
2021-04-17,1.34,-1.16,,
2021-04-18,1.55,1.85,,
2021-04-19,1.47,-1.03,,
2021-04-20,-0.83,-2.57,,
2021-04-21,-1.69,-1.94,,
2021-04-22,-1.58,-2.62,,
2021-04-23,-2.07,-4.25,,
2021-04-24,-1.78,-3.21,,
2021-04-25,-1.45,-2.51,,
2021-04-26,-1.65,-2.97,,
2021-04-27,-2.79,-5.98,,
2021-04-28,-2.23,-4.03,,
2021-04-29,-2.49,-1.38,,
2021-04-30,-1.88,-2.24,,
2021-05-01,-1.61,-1.01,,
2021-05-02,-0.93,-1.43,,
2021-05-03,-0.14,2.05,,
2021-05-04,-0.58,0.93,,
2021-05-05,-0.93,-1.60,,
2021-05-06,-2.39,0.25,,
2021-05-07,-0.71,2.05,,
2021-05-08,-1.59,-1.76,,
2021-05-09,-1.38,-1.77,,
2021-05-10,-1.14,-1.83,,
2021-05-11,-2.21,-1.99,,
2021-05-12,-1.07,-2.95,,
2021-05-13,-1.67,-2.39,,
2021-05-14,-1.60,-3.29,,
2021-05-15,-1.78,-3.82,,
2021-05-16,-1.95,-3.12,,
2021-05-17,-2.61,-2.35,,
2021-05-18,-1.74,1.13,,
2021-05-19,-0.69,-1.90,,
2021-05-20,-0.86,-2.81,,
2021-05-21,-1.25,-1.66,,
2021-05-22,-1.81,-1.68,,
2021-05-23,-1.98,-0.35,,
2021-05-24,-2.35,-0.86,,
2021-05-25,-0.23,2.58,,
2021-05-26,-1.63,-2.71,,
2021-05-27,-1.79,-2.87,,
2021-05-28,-1.70,-2.02,,
2021-05-29,-2.82,-0.86,,
2021-05-30,-1.35,0.69,,
2021-05-31,-1.62,-2.40,,
2021-06-01,-2.04,1.43,,
2021-06-02,1.35,-0.60,,
2021-06-03,-1.78,-1.78,,
2021-06-04,-1.64,-2.43,,
2021-06-05,-0.68,-1.53,,
2021-06-06,1.24,0.83,,
2021-06-07,0.09,1.78,,
2021-06-08,1.56,1.45,,
2021-06-09,1.57,1.57,,
2021-06-10,1.02,1.71,,
2021-06-11,-2.24,-0.31,,
2021-06-12,0.88,1.66,,
2021-06-13,1.19,1.15,,
2021-06-14,1.44,1.16,,
2021-06-15,0.52,1.81,,
2021-06-16,1.87,-0.20,,
2021-06-17,-1.48,-1.76,,
2021-06-18,-0.08,2.40,,
2021-06-19,1.49,-0.79,,
2021-06-20,-2.23,-0.72,,
2021-06-21,1.21,1.67,,
2021-06-22,2.41,0.69,,
2021-06-23,-2.03,-0.66,,
2021-06-24,-2.60,0.74,,
2021-06-25,1.31,1.06,,
2021-06-26,1.69,2.24,,
2021-06-27,1.42,-0.43,,
2021-06-28,-1.15,-0.80,,
2021-06-29,-1.62,-1.36,,
2021-06-30,-0.59,-2.54,,
2021-07-01,2.16,2.16,,
2021-07-02,-0.07,1.87,,
2021-07-03,1.45,-0.74,,
2021-07-04,0.74,1.46,,
2021-07-05,-1.47,-0.21,,
2021-07-06,-2.27,-0.04,,
2021-07-07,-2.02,-2.32,,
2021-07-08,-2.09,-2.41,,
2021-07-09,-1.79,-2.13,,
2021-07-10,0.82,2.68,,
2021-07-11,1.37,1.32,,
2021-07-12,-1.69,-1.95,,
2021-07-13,-2.36,-0.00,,
2021-07-14,-2.42,-0.38,,
2021-07-15,-1.95,-2.50,,
2021-07-16,-1.60,-2.47,,
2021-07-17,-2.82,-0.86,,
2021-07-18,-1.36,-2.17,,
2021-07-19,-2.83,-2.13,,
2021-07-20,-1.60,-2.67,,
2021-07-21,-1.67,-2.88,,
2021-07-22,-1.73,-3.12,,
2021-07-23,-1.70,-1.82,,
2021-07-24,-0.14,4.10,,
2021-07-25,-0.51,2.39,,
2021-07-26,0.46,1.71,,
2021-07-27,-2.22,-1.80,,
2021-07-28,-2.38,-0.91,,
2021-07-29,-1.68,-2.40,,
2021-07-30,-0.53,2.12,,
2021-07-31,-2.75,-2.23,,
2021-08-01,-1.99,-1.56,,
2021-08-02,-1.09,2.33,,
2021-08-03,1.59,1.16,,
2021-08-04,-1.00,-1.53,,
2021-08-05,-1.39,-2.31,,
2021-08-06,-2.21,-2.21,,
2021-08-07,1.26,3.29,,
2021-08-08,0.52,2.11,,
2021-08-09,-1.64,-2.17,,
2021-08-10,-1.51,-2.24,,
2021-08-11,-0.00,2.73,,
2021-08-12,0.88,-1.26,,
2021-08-13,1.90,2.04,,
2021-08-14,0.89,1.90,,
2021-08-15,-0.43,-1.26,,
2021-08-16,1.43,0.67,,
2021-08-17,1.85,1.55,,
2021-08-18,1.40,1.30,,
2021-08-19,1.26,1.79,,
2021-08-20,1.59,1.96,,
2021-08-21,0.48,-1.58,,
2021-08-22,-1.76,-1.28,,
2021-08-23,-2.52,1.40,,
2021-08-24,-0.98,3.92,,
2021-08-25,1.54,2.78,,
2021-08-26,0.94,2.12,,
2021-08-27,0.56,-2.09,,
2021-08-28,-1.68,-1.93,,
2021-08-29,-1.03,-1.94,,
2021-08-30,-0.00,2.70,,
2021-08-31,1.54,1.71,,
2021-09-01,-1.14,-1.62,,
2021-09-02,-0.51,-1.89,,
2021-09-03,-1.38,-2.30,,
2021-09-04,-0.11,-3.05,,
2021-09-05,1.38,0.64,,
2021-09-06,1.62,-0.40,,
2021-09-07,1.35,1.31,,
2021-09-08,-0.84,-1.24,,
2021-09-09,0.38,-1.79,,
2021-09-10,0.49,-2.29,,
2021-09-11,-0.64,2.40,,
2021-09-12,2.67,0.71,,
2021-09-13,2.41,0.17,,
2021-09-14,1.58,0.14,,
2021-09-15,0.77,1.51,,
2021-09-16,1.01,1.44,,
2021-09-17,-2.09,-2.49,,
2021-09-18,-1.66,-2.29,,
2021-09-19,0.43,2.42,,
2021-09-20,-0.39,-1.70,,
2021-09-21,-1.99,-1.99,,
2021-09-22,-1.22,-1.18,,
2021-09-23,1.31,1.35,,
2021-09-24,-0.30,1.87,,
2021-09-25,-1.45,-1.40,,
2021-09-26,-2.39,-1.87,,
2021-09-27,-2.09,-2.58,,
2021-09-28,-3.19,0.45,,
2021-09-29,0.95,2.03,,
2021-09-30,1.39,-1.05,,
2021-10-01,-1.06,0.89,,
2021-10-02,-1.54,0.93,,
2021-10-03,0.74,2.26,,
2021-10-04,2.15,1.87,,
2021-10-05,1.54,1.16,,
2021-10-06,0.71,2.48,,
2021-10-07,2.02,0.66,,
2021-10-08,0.75,2.47,,
2021-10-09,2.13,1.44,,
2021-10-10,1.41,1.23,,
2021-10-11,1.05,1.09,,
2021-10-12,0.42,-1.38,,
2021-10-13,1.81,0.38,,
2021-10-14,0.23,-1.47,,
2021-10-15,1.53,1.58,,
2021-10-16,2.03,1.70,,
2021-10-17,1.51,1.10,,
2021-10-18,0.35,1.80,,
2021-10-19,2.04,-0.51,,
2021-10-20,2.37,1.48,,
2021-10-21,0.17,2.42,,
2021-10-22,-0.30,2.45,,
2021-10-23,1.71,2.11,,
2021-10-24,0.20,1.88,,
2021-10-25,-1.90,0.13,,
2021-10-26,-1.26,2.70,,
2021-10-27,-0.38,2.15,,
2021-10-28,0.35,2.00,,
2021-10-29,0.79,2.29,,
2021-10-30,1.60,1.84,,
2021-10-31,0.10,1.88,,
2021-11-01,-0.24,1.97,,
2021-11-02,1.82,1.82,,
2021-11-03,2.83,0.00,,
2021-11-04,0.96,1.72,,
2021-11-05,1.42,0.20,,
2021-11-06,1.43,1.83,,
2021-11-07,0.72,2.36,,
2021-11-08,0.33,2.66,,
2021-11-09,-1.96,-1.33,,
2021-11-10,-2.05,-1.55,,
2021-11-11,-2.29,1.07,,
2021-11-12,-0.93,-2.56,,
2021-11-13,-1.95,-0.87,,
2021-11-14,-2.82,1.76,,
2021-11-15,-1.65,-1.90,,
2021-11-16,-0.35,2.48,,
2021-11-17,-2.14,0.87,,
2021-11-18,-2.26,0.56,,
2021-11-19,-2.28,-1.66,,
2021-11-20,0.25,2.38,,
2021-11-21,-1.50,2.22,,
2021-11-22,-1.41,1.51,,
2021-11-23,0.96,1.38,,
2021-11-24,0.04,2.05,,
2021-11-25,-1.44,-0.47,,
2021-11-26,-1.67,2.07,,
2021-11-27,1.02,-1.14,,
2021-11-28,-1.52,-1.95,,
2021-11-29,-2.15,-2.47,,
2021-11-30,-0.09,2.52,,
2021-12-01,2.40,0.17,,
2021-12-02,-1.80,-3.00,,
2021-12-03,-1.76,-2.42,,
2021-12-04,-2.15,-3.06,,
2021-12-05,-1.67,-2.06,,
2021-12-06,-0.94,-2.22,,
2021-12-07,-1.27,-2.11,,
2021-12-08,-1.88,-2.79,,
2021-12-09,-2.04,-3.26,,
2021-12-10,-1.70,-2.62,,
2021-12-11,-2.13,-2.54,,
2021-12-12,-1.72,-1.72,,
2021-12-13,-2.81,-3.01,,
2021-12-14,-2.25,-3.09,,
2021-12-15,-2.14,-1.93,,
2021-12-16,0.59,-2.55,,
2021-12-17,-2.48,-0.81,,
2021-12-18,-1.31,-2.26,,
2021-12-19,-2.06,-0.96,,
2021-12-20,-2.24,-0.86,,
2021-12-21,-1.22,3.35,,
2021-12-22,0.78,2.73,,
2021-12-23,-1.14,-1.57,,
2021-12-24,-1.88,-4.42,,
2021-12-25,-2.26,-3.61,,
2021-12-26,-1.80,-3.38,,
2021-12-27,-1.90,-2.72,,
2021-12-28,-1.55,-2.05,,
2021-12-29,-1.40,-2.25,,
2021-12-30,-1.24,-1.28,,
2021-12-31,-1.70,-2.72,,
2022-01-01,-1.62,-2.93,-0.090,-0.022
2022-01-02,-1.44,-2.61,-0.024,0.049
2022-01-03,-1.35,-2.66,0.000,-0.002
2022-01-04,-2.15,-3.87,-0.115,-0.090
2022-01-05,-2.64,-4.76,-0.135,-0.125
2022-01-06,-1.89,-3.71,-0.120,-0.069
2022-01-07,-1.43,-3.53,-0.041,0.020
2022-01-08,-1.63,-3.33,-0.012,-0.000
2022-01-09,-1.55,-3.32,-0.085,-0.076
2022-01-10,-1.52,-2.85,-0.080,-0.037
2022-01-11,-1.58,-3.40,-0.108,-0.066
2022-01-12,-1.49,-2.81,-0.033,0.010
2022-01-13,-1.27,-4.74,-0.037,-0.121
2022-01-14,-1.41,-4.33,-0.082,-0.147
2022-01-15,-2.03,-5.02,-0.142,-0.203
2022-01-16,-1.90,-3.72,-0.136,-0.105
2022-01-17,-1.67,-4.84,-0.108,-0.115
2022-01-18,-2.50,-5.36,-0.137,-0.198
2022-01-19,-2.43,-4.78,-0.191,-0.113
2022-01-20,-1.99,-3.59,-0.136,-0.023
2022-01-21,-1.85,-3.48,-0.031,0.014
2022-01-22,-1.56,-3.66,-0.039,-0.055
2022-01-23,-1.74,-3.90,-0.092,-0.105
2022-01-24,-2.58,-5.29,-0.156,-0.179
2022-01-25,-2.14,-4.59,-0.148,-0.154
2022-01-26,-1.96,-3.68,-0.123,-0.057
2022-01-27,-2.38,-5.11,-0.133,-0.147
2022-01-28,-1.48,-4.06,-0.127,-0.121
2022-01-29,-2.40,-6.59,-0.139,-0.204
2022-01-30,-1.82,-6.36,-0.129,-0.202
2022-01-31,-1.48,-5.17,-0.151,-0.150
2022-02-01,-2.34,-4.59,-0.153,-0.126
2022-02-02,-1.69,-3.98,-0.155,-0.085
2022-02-03,-1.41,-3.49,-0.124,-0.022
2022-02-04,-2.24,-4.60,-0.152,-0.125
2022-02-05,-2.44,-4.79,-0.162,-0.129
2022-02-06,-2.12,-4.99,-0.116,-0.117
2022-02-07,-1.87,-5.15,-0.102,-0.151
2022-02-08,-1.57,-3.54,-0.074,-0.034
2022-02-09,-1.74,-3.14,-0.050,0.036
2022-02-10,-1.57,-3.52,-0.028,-0.043
2022-02-11,-1.85,-4.15,-0.115,-0.139
2022-02-12,-1.48,-3.67,-0.120,-0.117
2022-02-13,-1.52,-3.26,-0.096,-0.059
2022-02-14,-2.61,-4.35,-0.150,-0.130
2022-02-15,-2.50,-4.32,-0.171,-0.094
2022-02-16,-2.01,-4.52,-0.127,-0.093
2022-02-17,-1.35,-3.70,-0.076,-0.055
2022-02-18,-1.36,-3.37,0.008,0.041
2022-02-19,-2.25,-4.23,-0.061,-0.095
2022-02-20,-2.10,-4.30,-0.133,-0.121
2022-02-21,-2.87,-4.96,-0.174,-0.154
2022-02-22,-1.97,-4.22,-0.150,-0.110
2022-02-23,-2.38,-4.89,-0.154,-0.100
2022-02-24,-2.38,-5.34,-0.156,-0.139
2022-02-25,-2.80,-5.74,-0.166,-0.178
2022-02-26,-2.78,-6.24,-0.146,-0.174
2022-02-27,-2.16,-5.10,-0.137,-0.113
2022-02-28,-1.96,-4.39,-0.110,-0.084
2022-03-01,-2.20,-3.39,-0.114,-0.060
2022-03-02,-1.91,-3.92,-0.135,-0.118
2022-03-03,-1.33,-3.14,-0.132,-0.029
2022-03-04,-2.61,-4.71,-0.114,-0.090
2022-03-05,-2.24,-4.39,-0.124,-0.108
2022-03-06,-1.19,-3.10,-0.058,-0.003
2022-03-07,-2.56,-2.08,0.111,0.122
2022-03-08,-1.89,-3.40,0.021,-0.037
2022-03-09,-1.66,-3.41,-0.055,-0.099
2022-03-10,-1.66,-3.56,-0.060,-0.052
2022-03-11,-0.38,-2.67,0.107,0.033
2022-03-12,-1.31,-2.95,0.075,0.044
2022-03-13,-2.27,-2.91,-0.048,-0.004
2022-03-14,-1.94,-4.15,-0.092,-0.061
2022-03-15,-2.07,-3.44,-0.110,-0.057
2022-03-16,-1.22,-3.56,-0.082,-0.025
2022-03-17,-1.91,-3.74,-0.068,0.011
2022-03-18,-1.75,-3.15,-0.069,-0.015
2022-03-19,-1.95,-4.00,-0.083,-0.028
2022-03-20,-2.08,-3.75,-0.053,-0.038
2022-03-21,-2.31,-4.34,-0.134,-0.121
2022-03-22,-1.86,-4.61,-0.145,-0.138
2022-03-23,-1.80,-3.86,-0.126,-0.095
2022-03-24,-1.52,-3.77,-0.067,0.001
2022-03-25,-1.69,-3.79,-0.042,-0.021
2022-03-26,-1.24,-3.41,-0.023,-0.041
2022-03-27,-1.89,-4.24,-0.052,-0.060
2022-03-28,-2.14,-3.71,-0.114,-0.055
2022-03-29,-2.49,-4.69,-0.142,-0.083
2022-03-30,-1.95,-2.41,-0.072,0.047
2022-03-31,-0.89,-2.31,0.107,0.084
2022-04-01,-3.25,-0.06,0.114,0.096
2022-04-02,-1.01,-0.97,0.157,0.126
2022-04-03,-1.63,-2.60,0.045,0.041
2022-04-04,-1.95,-1.70,0.039,0.115
2022-04-05,-1.30,-2.00,0.086,0.112
2022-04-06,-1.50,-2.23,0.012,0.014
2022-04-07,-0.85,2.78,0.040,0.090
2022-04-08,-2.33,0.08,0.119,0.123
2022-04-09,-1.38,-2.82,0.033,0.035
2022-04-10,-2.33,-4.38,-0.155,-0.087
2022-04-11,-2.49,-4.31,-0.183,-0.081
2022-04-12,-1.94,-3.50,-0.164,-0.047
2022-04-13,-1.83,-2.93,-0.030,0.056
2022-04-14,-0.57,-2.94,0.091,0.075
2022-04-15,-1.26,-2.97,0.109,0.074
2022-04-16,-3.31,1.69,0.079,0.067
2022-04-17,-1.01,2.94,0.129,0.177
2022-04-18,2.53,0.35,0.164,0.120
2022-04-19,1.75,2.81,0.134,0.128
2022-04-20,2.43,2.43,0.179,0.163
2022-04-21,1.76,1.59,0.131,0.119
2022-04-22,1.74,0.92,0.103,0.074
2022-04-23,-0.42,-1.81,0.098,0.104
2022-04-24,-2.49,-1.27,0.028,0.084
2022-04-25,-0.94,2.45,0.089,0.143
2022-04-26,-1.15,-2.17,0.136,0.118
2022-04-27,-1.77,-2.26,0.060,0.071
2022-04-28,-2.30,-1.73,0.001,0.065
2022-04-29,-1.39,-0.94,0.136,0.143
2022-04-30,-1.93,-1.74,0.015,0.096
2022-05-01,0.64,1.85,0.184,0.178
2022-05-02,2.06,0.44,0.140,0.084
2022-05-03,-0.35,-1.83,0.013,0.026
2022-05-04,-0.69,-3.52,-0.047,0.017
2022-05-05,0.19,3.65,0.176,0.169
2022-05-06,-0.64,1.87,0.136,0.145
2022-05-07,-0.37,-1.21,0.123,0.084
2022-05-08,-1.22,-1.17,0.108,0.034
2022-05-09,-1.45,-2.23,-0.068,-0.054
2022-05-10,-1.32,2.03,-0.014,0.081
2022-05-11,0.93,2.31,0.149,0.098
2022-05-12,1.15,2.07,0.134,0.070
2022-05-13,2.26,0.65,0.076,0.020
2022-05-14,1.01,2.63,0.093,0.064
2022-05-15,0.85,2.21,0.090,0.076
2022-05-16,1.79,0.91,0.116,0.064
2022-05-17,1.47,2.66,0.142,0.128
2022-05-18,-0.36,2.54,0.086,0.143
2022-05-19,-1.66,0.26,0.084,0.094
2022-05-20,1.44,1.49,0.071,0.098
2022-05-21,-0.41,-1.92,0.116,0.087
2022-05-22,-1.73,-2.88,-0.015,-0.019
2022-05-23,-3.13,-0.61,-0.004,0.064
2022-05-24,0.27,2.16,0.182,0.166
2022-05-25,1.57,1.51,0.138,0.085
2022-05-26,-0.46,1.49,0.149,0.094
2022-05-27,-0.03,1.83,0.159,0.071
2022-05-28,0.62,2.03,0.101,0.076
2022-05-29,0.34,1.76,0.132,0.095
2022-05-30,1.11,2.18,0.129,0.076
2022-05-31,0.73,2.72,0.121,0.112
2022-06-01,2.05,1.60,0.095,0.127
2022-06-02,1.26,2.02,0.141,0.140
2022-06-03,-0.16,2.29,0.119,0.094
2022-06-04,-0.30,-1.43,0.100,0.068
2022-06-05,0.41,1.64,0.071,0.083
2022-06-06,1.59,1.43,0.102,0.110
2022-06-07,0.63,2.37,0.090,0.077
2022-06-08,-0.70,2.30,0.115,0.069
2022-06-09,1.12,1.61,0.120,0.030
2022-06-10,0.64,1.77,0.115,0.074
2022-06-11,1.77,1.96,0.092,0.074
2022-06-12,-1.08,1.55,0.058,0.117
2022-06-13,-1.66,-0.64,-0.041,0.026
2022-06-14,0.95,2.48,0.116,0.114
2022-06-15,1.03,1.42,0.120,0.116
2022-06-16,0.54,2.01,0.123,0.134
2022-06-17,1.89,1.76,0.141,0.123
2022-06-18,0.27,2.20,0.157,0.169
2022-06-19,1.71,0.56,0.131,0.144
2022-06-20,-1.62,-0.17,0.055,0.157
2022-06-21,-2.01,-1.68,0.095,0.097
2022-06-22,-1.85,-0.33,0.101,0.089
2022-06-23,1.31,2.27,0.204,0.085
2022-06-24,-0.36,2.90,0.130,0.155
2022-06-25,-0.66,2.46,0.116,0.107
2022-06-26,-0.45,1.67,0.087,0.079
2022-06-27,0.15,1.46,0.121,0.104
2022-06-28,1.62,-0.53,0.116,0.063
2022-06-29,0.86,-2.64,0.085,0.084
2022-06-30,-3.13,-0.33,-0.070,0.053
2022-07-01,-0.29,2.80,0.170,0.181
2022-07-02,2.46,0.39,0.153,0.113
2022-07-03,2.05,0.79,0.105,0.118
2022-07-04,2.17,1.15,0.147,0.177
2022-07-05,1.78,2.45,0.177,0.134
2022-07-06,-1.19,1.99,0.106,0.141
2022-07-07,-1.60,-2.38,0.048,0.050
2022-07-08,-2.36,-0.96,0.087,0.100
2022-07-09,-1.79,-0.95,0.073,0.067
2022-07-10,0.05,2.87,0.123,0.144
2022-07-11,1.45,2.84,0.143,0.093
2022-07-12,-1.19,1.15,0.126,0.108
2022-07-13,1.11,2.38,0.119,0.079
2022-07-14,2.39,1.38,0.153,0.105
2022-07-15,-2.87,0.05,0.053,0.096
2022-07-16,-1.84,-2.19,0.002,0.096
2022-07-17,-2.55,-1.47,0.010,0.084
2022-07-18,-2.54,0.27,0.141,0.129
2022-07-19,-2.79,-1.61,0.026,0.024
2022-07-20,-0.90,2.33,0.030,0.122
2022-07-21,-0.66,2.66,0.195,0.217
2022-07-22,1.24,1.65,0.167,0.162
2022-07-23,2.85,1.85,0.140,0.159
2022-07-24,0.79,2.43,0.126,0.162
2022-07-25,1.08,2.21,0.134,0.143
2022-07-26,0.90,2.34,0.121,0.119
2022-07-27,-0.16,2.25,0.091,0.105
2022-07-28,-1.18,2.54,0.071,0.118
2022-07-29,-0.91,-1.70,0.086,0.055
2022-07-30,-1.23,-2.52,-0.138,-0.075
2022-07-31,-1.76,-2.71,-0.128,-0.009
2022-08-01,0.49,2.14,0.034,0.096
2022-08-02,1.05,1.68,0.166,0.127
2022-08-03,1.45,1.79,0.176,0.172
2022-08-04,1.23,1.90,0.212,0.210
2022-08-05,1.88,2.32,0.123,0.121
2022-08-06,-0.26,2.45,-0.011,-0.007
2022-08-07,2.13,1.18,0.205,0.172
2022-08-08,-2.04,-1.84,0.069,0.098
2022-08-09,2.63,-1.06,0.023,0.132
2022-08-10,-0.16,2.29,-0.048,0.031
2022-08-11,-0.11,2.12,-0.026,-0.029
2022-08-12,1.79,1.35,0.032,-0.093
2022-08-13,1.85,0.29,0.157,0.017
2022-08-14,1.34,1.54,0.298,0.229
2022-08-15,0.32,1.50,0.206,0.147
2022-08-16,0.92,2.07,0.152,0.039
2022-08-17,0.10,-1.87,-0.019,-0.023
2022-08-18,-2.11,-2.42,-0.155,0.000
2022-08-19,-1.65,-3.10,-0.042,-0.011
2022-08-20,-1.46,2.74,-0.015,0.111
2022-08-21,0.34,2.12,0.254,0.134
2022-08-22,0.82,1.55,0.207,0.089
2022-08-23,-1.12,1.49,0.177,0.170
2022-08-24,-0.70,-1.94,0.116,0.050
2022-08-25,2.76,-0.05,0.039,-0.011
2022-08-26,1.56,0.70,0.024,-0.051
2022-08-27,0.81,-2.24,-0.036,-0.159
2022-08-28,1.38,1.77,-0.002,0.004
2022-08-29,-1.40,1.51,0.221,0.147
2022-08-30,-0.97,-1.55,0.107,0.023
2022-08-31,-0.04,2.49,0.046,-0.026
2022-09-01,1.05,1.98,0.147,0.112
2022-09-02,1.05,1.62,0.088,0.050
2022-09-03,-2.29,1.60,0.001,-0.009
2022-09-04,-2.38,-2.22,-0.004,0.014
2022-09-05,-0.61,-1.19,0.094,0.004
2022-09-06,-0.21,-2.02,-0.033,-0.079
2022-09-07,2.17,0.54,-0.022,-0.044
2022-09-08,1.55,1.91,0.094,0.082
2022-09-09,-1.37,1.23,0.126,0.110
2022-09-10,0.25,-1.60,0.169,0.058
2022-09-11,-0.54,2.16,0.149,0.106
2022-09-12,1.83,0.06,0.112,0.051
2022-09-13,-0.00,1.89,0.015,0.001
2022-09-14,1.62,0.86,0.062,-0.058
2022-09-15,2.14,1.14,0.037,-0.032
2022-09-16,2.11,1.96,0.048,-0.020
2022-09-17,-1.30,2.35,0.111,0.108
2022-09-18,1.36,1.57,0.121,0.072
2022-09-19,0.56,2.64,0.091,0.082
2022-09-20,1.26,2.58,0.136,0.116
2022-09-21,1.54,1.29,0.125,0.067
2022-09-22,0.59,1.72,0.111,0.090
2022-09-23,-0.70,-1.56,0.062,0.069
2022-09-24,2.07,1.29,0.047,0.071
2022-09-25,-0.40,2.26,0.112,0.123
2022-09-26,0.94,-1.84,0.139,0.053
2022-09-27,2.86,0.99,0.186,0.084
2022-09-28,2.25,0.73,0.081,0.127
2022-09-29,1.98,1.60,0.075,0.153
2022-09-30,1.04,2.22,0.090,0.129
2022-10-01,1.52,2.86,0.109,0.083
2022-10-02,-1.99,-0.89,0.094,0.002
2022-10-03,-1.23,-2.42,-0.067,-0.142
2022-10-04,-1.52,-2.17,-0.106,-0.021
2022-10-05,-0.05,3.15,0.122,0.177
2022-10-06,0.35,1.66,0.134,0.120
2022-10-07,0.39,2.47,0.107,0.124
2022-10-08,0.49,3.97,0.165,0.199
2022-10-09,-0.98,-1.51,0.074,0.105
2022-10-10,2.33,-0.12,0.057,0.036
2022-10-11,0.92,1.73,0.091,0.037
2022-10-12,1.04,2.23,0.126,0.054
2022-10-13,0.61,2.65,0.105,0.133
2022-10-14,1.37,0.79,0.076,0.135
2022-10-15,1.54,-0.59,0.044,0.051
2022-10-16,0.69,2.01,0.097,0.043
2022-10-17,-0.24,2.27,0.114,0.060
2022-10-18,-0.27,2.22,0.095,0.080
2022-10-19,1.56,-0.79,0.068,0.026
2022-10-20,-0.61,2.66,0.046,0.101
2022-10-21,-0.37,2.08,0.085,0.196
2022-10-22,-0.38,2.15,0.081,0.151
2022-10-23,0.03,1.57,0.170,0.138
2022-10-24,0.66,1.36,0.134,0.067
2022-10-25,1.87,2.39,0.206,0.139
2022-10-26,-1.01,-1.34,0.085,0.089
2022-10-27,-0.17,-1.92,0.088,0.033
2022-10-28,-0.99,-2.44,-0.038,-0.035
2022-10-29,0.84,-1.97,-0.013,-0.039
2022-10-30,2.55,1.36,0.056,0.006
2022-10-31,1.81,1.94,0.113,0.056
2022-11-01,-0.71,-2.06,0.017,0.003
2022-11-02,-1.09,-1.21,-0.057,-0.050
2022-11-03,-0.55,2.04,0.064,0.066
2022-11-04,1.33,3.14,0.139,0.046
2022-11-05,3.54,2.04,0.169,0.102
2022-11-06,1.83,3.30,0.176,0.207
2022-11-07,2.35,1.83,0.151,0.119
2022-11-08,2.84,1.85,0.158,0.112
2022-11-09,2.25,2.10,0.130,0.120
2022-11-10,1.00,2.05,0.064,0.057
2022-11-11,1.82,-0.77,0.058,0.035
2022-11-12,-0.61,-1.76,-0.087,-0.113
2022-11-13,-1.84,2.63,-0.078,0.071
2022-11-14,0.99,1.42,0.083,0.070
2022-11-15,-1.95,-0.95,-0.053,-0.056
2022-11-16,-2.65,-0.42,-0.052,-0.002
2022-11-17,0.69,2.40,0.128,0.137
2022-11-18,0.77,3.10,0.129,0.110
2022-11-19,-1.51,-1.36,0.031,0.009
2022-11-20,1.17,1.87,0.048,0.050
2022-11-21,1.08,2.11,0.138,0.146
2022-11-22,-1.56,1.93,0.055,0.123
2022-11-23,-0.12,1.76,0.095,0.156
2022-11-24,2.30,1.55,0.124,0.122
2022-11-25,0.56,2.26,0.125,0.148
2022-11-26,1.43,2.12,0.117,0.113
2022-11-27,-0.75,1.94,0.111,0.097
2022-11-28,-0.52,2.70,0.110,0.121
2022-11-29,-0.82,2.39,0.084,0.080
2022-11-30,-1.43,-2.11,0.043,0.064
2022-12-01,-2.25,-1.52,-0.049,0.008
2022-12-02,-2.12,-0.94,-0.057,0.043
2022-12-03,-2.24,-2.49,-0.028,0.052
2022-12-04,-2.29,-1.49,-0.012,0.101
2022-12-05,-2.25,-2.10,0.006,0.073
2022-12-06,-1.96,-1.65,0.048,0.098
2022-12-07,-2.21,-3.28,-0.076,0.015
2022-12-08,-2.27,-2.91,-0.061,0.026
2022-12-09,-2.23,-2.96,-0.031,0.034
2022-12-10,-2.16,-3.09,-0.044,-0.018
2022-12-11,-2.11,-2.42,-0.035,0.049
2022-12-12,-2.48,-2.15,0.029,0.099
2022-12-13,-1.85,-1.61,0.138,0.136
2022-12-14,-1.51,-2.52,0.028,0.027
2022-12-15,-1.43,-2.47,0.013,0.088
2022-12-16,-1.47,-1.88,0.097,0.116
2022-12-17,-1.55,-2.22,0.068,0.069
2022-12-18,-1.33,2.85,0.111,0.144
2022-12-19,-1.47,-1.63,0.142,0.102
2022-12-20,-1.00,-2.48,0.020,0.054
2022-12-21,-1.62,-2.81,-0.062,0.035
2022-12-22,-1.87,-2.67,-0.073,0.032
2022-12-23,-1.78,-2.85,-0.053,0.025
2022-12-24,-1.45,-3.12,-0.075,-0.012
2022-12-25,-1.22,-2.50,-0.021,0.056
2022-12-26,-1.79,-2.87,0.015,0.042
2022-12-27,-1.85,-1.40,0.120,0.124
2022-12-28,1.85,0.86,0.189,0.151
2022-12-29,-1.83,-3.05,0.002,0.020
2022-12-30,-1.55,-3.18,-0.034,0.037
2022-12-31,-1.39,-2.85,-0.075,0.016
2023-01-01,-2.39,-2.39,-0.027,0.061
2023-01-02,-1.92,-2.46,0.038,0.073
2023-01-03,-1.85,-2.74,0.096,0.072
2023-01-04,-2.43,-2.60,0.040,0.020
2023-01-05,-2.09,-3.78,-0.119,-0.041
2023-01-06,-1.75,-3.16,-0.065,0.030
2023-01-07,-1.94,-2.31,0.074,0.109
2023-01-08,-1.99,-2.55,0.014,0.042
2023-01-09,-1.85,-2.65,0.061,0.097
2023-01-10,-1.67,1.00,0.124,0.137
2023-01-11,-1.83,-1.59,0.116,0.115
2023-01-12,-2.57,-4.11,-0.128,-0.070
2023-01-13,-1.81,-2.01,-0.031,0.107
2023-01-14,-1.97,-3.86,0.018,-0.033
2023-01-15,-2.49,-5.87,-0.121,-0.203
2023-01-16,-2.43,-5.22,-0.176,-0.187
2023-01-17,-2.14,-3.56,-0.172,-0.050
2023-01-18,-1.52,-2.75,-0.018,0.067
2023-01-19,-1.24,-2.55,0.023,0.014
2023-01-20,-2.01,-3.35,-0.033,-0.025
2023-01-21,-1.72,-2.97,-0.079,-0.052
2023-01-22,-1.93,-2.56,-0.008,0.027
2023-01-23,-1.26,-2.70,0.053,0.048
2023-01-24,-1.52,-2.98,-0.005,-0.011
2023-01-25,-1.80,-3.11,-0.047,-0.024
2023-01-26,-2.63,-3.76,-0.090,-0.060
2023-01-27,-2.81,-5.52,-0.190,-0.194
2023-01-28,-2.67,-5.24,-0.199,-0.117
2023-01-29,-2.02,-4.13,-0.143,-0.008
2023-01-30,-1.58,-3.39,-0.009,0.058
2023-01-31,-2.11,-3.96,-0.031,-0.034
2023-02-01,-2.18,-3.63,-0.116,-0.055
2023-02-02,-2.38,-4.47,-0.157,-0.088
2023-02-03,-1.48,-3.33,-0.104,-0.001
2023-02-04,-2.00,-3.93,-0.041,-0.000
2023-02-05,-1.58,-4.12,-0.045,-0.044
2023-02-06,-1.21,-3.15,0.013,0.029
2023-02-07,-2.61,-5.12,-0.128,-0.123
2023-02-08,-2.29,-4.30,-0.147,-0.091
2023-02-09,-1.56,-3.34,-0.066,0.014
2023-02-10,-1.22,-2.88,-0.012,0.019
2023-02-11,-1.27,-3.13,-0.023,0.015
2023-02-12,-1.45,-3.77,-0.040,-0.048
2023-02-13,-2.51,-5.14,-0.148,-0.173
2023-02-14,-2.45,-5.25,-0.160,-0.148
2023-02-15,-2.48,-4.87,-0.165,-0.120
2023-02-16,-1.99,-4.26,-0.119,-0.038
2023-02-17,-1.12,-3.24,-0.030,0.001
2023-02-18,-2.28,-4.89,-0.126,-0.140
2023-02-19,-3.05,-5.98,-0.178,-0.168
2023-02-20,-2.43,-4.57,-0.160,-0.074
2023-02-21,-1.82,-4.09,-0.084,0.007
2023-02-22,-2.07,-4.24,-0.069,-0.052
2023-02-23,-1.67,-4.14,-0.079,-0.051
2023-02-24,-2.54,-5.20,-0.136,-0.102
2023-02-25,-3.00,-5.64,-0.149,-0.154
2023-02-26,-2.24,-4.59,-0.118,-0.073
2023-02-27,-1.93,-4.78,-0.131,-0.090
2023-02-28,-1.53,-4.21,-0.076,-0.035
2023-03-01,-2.04,-4.59,-0.065,-0.050
2023-03-02,-2.54,-4.78,-0.110,-0.110
2023-03-03,-1.87,-4.20,-0.086,-0.063
2023-03-04,-0.81,-3.23,0.027,0.042
2023-03-05,-1.85,-3.78,-0.009,-0.014
2023-03-06,-2.05,-4.03,-0.087,-0.115
2023-03-07,-2.37,-4.10,-0.129,-0.133
2023-03-08,-1.95,-4.58,-0.127,-0.149
2023-03-09,-1.90,-5.85,-0.094,-0.146
2023-03-10,-1.53,-4.19,-0.099,-0.105
2023-03-11,-0.22,-4.22,-0.081,-0.055
2023-03-12,0.97,-2.39,0.037,0.097
2023-03-13,1.02,-2.53,0.009,0.038
2023-03-14,-0.90,-2.23,0.065,0.052
2023-03-15,-0.80,2.98,0.014,0.009
2023-03-16,-2.00,-0.42,0.106,0.087
2023-03-17,-2.63,-2.92,-0.057,-0.066
2023-03-18,-1.53,-2.04,-0.001,-0.013
2023-03-19,-1.14,-2.45,0.117,0.059
2023-03-20,-1.53,-3.27,0.044,-0.025
2023-03-21,-2.14,-3.87,-0.079,-0.080
2023-03-22,-2.95,-4.90,-0.160,-0.128
2023-03-23,-2.06,-3.88,-0.127,-0.043
2023-03-24,-2.08,-3.90,-0.130,-0.056
2023-03-25,-2.67,-4.27,-0.143,-0.075
2023-03-26,-1.15,-3.53,-0.079,-0.007
2023-03-27,-2.05,-4.20,-0.084,-0.067
2023-03-28,-2.10,-3.63,-0.112,-0.093
2023-03-29,-2.22,-4.01,-0.135,-0.070
2023-03-30,-2.29,-4.70,-0.097,-0.060
2023-03-31,-2.38,-5.34,-0.105,-0.121
2023-04-01,-1.97,-4.43,-0.096,-0.118
2023-04-02,-1.83,-4.32,-0.119,-0.115
2023-04-03,-2.21,-4.15,-0.154,-0.099
2023-04-04,-2.12,-4.76,-0.158,-0.096
2023-04-05,-2.12,-4.17,-0.110,-0.012
2023-04-06,-2.14,-4.20,-0.114,-0.060
2023-04-07,-2.43,-3.89,-0.123,-0.064
2023-04-08,-1.12,-3.66,-0.038,0.015
2023-04-09,-0.52,-3.71,0.033,-0.056
2023-04-10,-1.40,-3.84,-0.074,-0.105
2023-04-11,-1.46,-3.44,-0.075,-0.040
2023-04-12,-1.41,-3.16,-0.080,-0.054
2023-04-13,-1.76,-3.77,-0.132,-0.092
2023-04-14,-2.28,-4.48,-0.141,-0.114
2023-04-15,-1.44,-3.40,-0.066,0.007
2023-04-16,-1.92,-3.46,-0.014,0.013
2023-04-17,-2.42,-1.13,0.090,0.092
2023-04-18,-1.73,-2.57,0.053,0.022
2023-04-19,-2.05,-3.86,-0.126,-0.115
2023-04-20,-1.36,-4.19,-0.154,-0.105
2023-04-21,1.25,-2.80,-0.051,0.007
2023-04-22,-0.09,-2.68,0.045,0.043
2023-04-23,-0.17,-3.16,0.012,-0.054
2023-04-24,-0.20,-2.90,-0.041,-0.034
2023-04-25,-0.45,-3.22,-0.067,-0.053
2023-04-26,-0.43,-4.14,-0.096,-0.117
2023-04-27,-1.44,-2.95,-0.089,-0.010
2023-04-28,-1.06,-3.07,-0.030,0.020
2023-04-29,0.84,-1.41,0.112,0.069
2023-04-30,0.91,2.38,0.170,0.109
2023-05-01,-0.11,-2.18,0.115,0.039
2023-05-02,-0.85,-3.19,-0.076,-0.115
2023-05-03,-1.09,-3.17,-0.125,-0.084
2023-05-04,-2.01,-3.22,-0.152,-0.071
2023-05-05,-2.07,-4.65,-0.160,-0.118
2023-05-06,-1.89,-4.25,-0.171,-0.106
2023-05-07,-1.47,-4.27,-0.103,-0.030
2023-05-08,-1.80,-5.23,-0.077,-0.103
2023-05-09,-1.04,-3.21,-0.044,-0.051
2023-05-10,-2.30,1.17,0.116,0.125
2023-05-11,-1.01,-2.77,0.123,0.065
2023-05-12,-1.39,-2.86,-0.070,-0.032
2023-05-13,-1.52,-2.74,-0.114,-0.034
2023-05-14,2.95,0.26,0.079,0.073
2023-05-15,1.14,1.76,0.352,0.134
2023-05-16,1.97,-0.35,0.233,0.089
2023-05-17,-1.52,-1.33,0.250,0.077
2023-05-18,-0.86,-3.72,-0.006,-0.126
2023-05-19,-1.91,-3.44,-0.153,-0.092
2023-05-20,-2.24,-2.67,-0.080,0.024
2023-05-21,0.59,1.71,0.299,0.145
2023-05-22,-1.33,1.76,0.160,0.161
2023-05-23,0.33,-2.33,0.146,0.083
2023-05-24,-0.16,1.88,0.146,0.064
2023-05-25,-1.72,0.15,0.104,0.078
2023-05-26,1.09,2.46,0.125,0.088
2023-05-27,-1.56,0.30,0.086,0.058
2023-05-28,0.05,-1.53,0.086,0.009
2023-05-29,0.33,2.33,0.116,0.002
2023-05-30,0.62,2.49,0.136,0.070
2023-05-31,0.47,1.54,0.085,0.021
2023-06-01,2.28,1.72,0.067,-0.044
2023-06-02,-0.00,2.17,0.079,0.047
2023-06-03,-1.66,-0.57,0.025,-0.039
2023-06-04,-2.18,0.75,0.007,-0.023
2023-06-05,1.81,0.13,0.091,0.071
2023-06-06,-0.11,-1.61,0.035,0.007
2023-06-07,0.70,1.57,0.020,0.014
2023-06-08,1.12,2.11,0.080,0.021
2023-06-09,0.64,2.58,0.028,-0.007
2023-06-10,1.68,0.12,0.016,-0.021
2023-06-11,-2.16,-0.66,0.009,-0.023
2023-06-12,-1.05,-1.61,-0.066,-0.085
2023-06-13,-1.63,-1.88,-0.026,0.033
2023-06-14,1.33,2.05,0.156,0.124
2023-06-15,-1.35,-2.16,0.074,0.060
2023-06-16,-1.82,1.14,0.064,0.086
2023-06-17,-0.75,1.85,0.140,0.106
2023-06-18,-2.78,0.75,0.020,0.062
2023-06-19,-2.03,-2.34,-0.100,-0.044
2023-06-20,-1.44,-2.59,-0.082,0.010
2023-06-21,-3.06,-0.11,0.041,0.070
2023-06-22,1.51,2.33,0.200,0.137
2023-06-23,1.13,1.97,0.133,0.121
2023-06-24,-2.54,-0.36,0.102,0.103
2023-06-25,-0.64,1.85,0.129,0.125
2023-06-26,-0.10,1.85,0.139,0.132
2023-06-27,0.65,-2.00,0.074,0.039
2023-06-28,-2.09,-2.02,-0.071,0.013
2023-06-29,-1.85,-2.84,-0.059,0.031
2023-06-30,-1.31,-2.82,-0.080,0.002
2023-07-01,2.08,1.80,0.135,0.081
2023-07-02,0.77,2.24,0.171,0.093
2023-07-03,1.05,1.75,0.142,0.132
2023-07-04,0.46,2.39,0.124,0.123
2023-07-05,0.35,-2.21,0.085,0.108
2023-07-06,1.09,2.58,0.103,0.123
2023-07-07,0.95,1.65,0.121,0.125
2023-07-08,1.90,0.51,0.121,0.137
2023-07-09,-1.90,-0.65,0.123,0.118
2023-07-10,-1.40,-2.42,0.029,0.058
2023-07-11,-2.42,-1.63,0.012,0.109
2023-07-12,-2.22,-1.93,0.109,0.119
2023-07-13,-2.15,-2.95,-0.084,0.015
2023-07-14,-0.79,2.77,0.067,0.161
2023-07-15,0.77,1.82,0.177,0.167
2023-07-16,-1.83,-1.59,0.046,0.103
2023-07-17,-0.96,-2.65,0.080,0.163
2023-07-18,-2.52,-1.63,0.108,0.134
2023-07-19,-1.98,-2.83,0.017,0.065
2023-07-20,-2.07,-3.45,-0.140,-0.041
2023-07-21,-2.85,-2.66,-0.108,0.031
2023-07-22,2.35,1.25,0.128,0.084
2023-07-23,-1.11,-2.50,0.080,0.017
2023-07-24,-2.09,-3.47,-0.068,0.007
2023-07-25,-1.90,-3.15,-0.073,0.034
2023-07-26,-2.07,2.75,0.086,0.120
2023-07-27,-2.02,0.18,0.170,0.168
2023-07-28,1.79,-0.51,0.125,0.137
2023-07-29,-2.11,-2.11,0.066,0.119
2023-07-30,-1.97,-2.82,0.013,0.076
2023-07-31,-2.17,1.11,0.155,0.124
2023-08-01,0.11,-2.02,0.150,0.103
2023-08-02,1.24,-2.15,0.098,0.103
2023-08-03,0.75,-2.62,0.079,0.095
2023-08-04,-2.04,-2.52,-0.053,0.024
2023-08-05,-2.09,-3.48,-0.093,0.003
2023-08-06,-1.82,-3.14,-0.075,0.065
2023-08-07,-1.68,2.49,0.048,0.090
2023-08-08,2.42,1.03,0.227,0.100
2023-08-09,0.42,-2.38,0.096,0.046
2023-08-10,0.71,2.20,0.168,0.188
2023-08-11,-0.49,-2.31,0.078,0.054
2023-08-12,2.68,1.42,0.095,0.116
2023-08-13,-1.30,-1.61,0.036,0.056
2023-08-14,0.85,2.46,0.063,0.092
2023-08-15,0.59,2.36,0.125,0.095
2023-08-16,1.82,1.88,0.146,0.085
2023-08-17,1.95,1.27,0.165,0.097
2023-08-18,2.67,1.30,0.088,0.099
2023-08-19,0.90,2.62,0.007,0.077
2023-08-20,1.12,2.63,0.114,0.111
2023-08-21,1.52,2.25,0.135,0.106
2023-08-22,2.73,3.25,0.185,0.163
2023-08-23,1.74,2.49,0.190,0.156
2023-08-24,1.84,0.32,0.160,0.060
2023-08-25,-0.51,-2.87,0.086,0.008
2023-08-26,-1.31,-1.50,-0.072,0.066
2023-08-27,1.65,2.04,-0.080,0.129
2023-08-28,1.62,-1.18,0.128,0.064
2023-08-29,0.33,-1.85,-0.043,-0.058
2023-08-30,-1.18,-2.23,-0.066,0.021
2023-08-31,-1.05,-2.88,-0.057,-0.035
2023-09-01,1.91,1.98,0.203,0.134
2023-09-02,-3.71,-0.79,0.071,0.065
2023-09-03,1.13,2.95,0.166,0.195
2023-09-04,1.63,1.52,0.144,0.147
2023-09-05,0.21,-1.98,0.108,0.091
2023-09-06,-1.57,-2.24,0.057,0.087
2023-09-07,-3.58,-2.15,-0.014,0.046
2023-09-08,1.95,0.31,0.120,0.141
2023-09-09,1.03,2.20,0.127,0.146
2023-09-10,-0.00,2.16,0.152,0.187
2023-09-11,1.50,-0.86,0.137,0.127
2023-09-12,-1.63,-1.27,0.106,0.092
2023-09-13,-0.76,1.42,0.194,0.153
2023-09-14,-1.20,-2.82,0.053,-0.002
2023-09-15,0.20,-2.89,-0.018,0.031
2023-09-16,1.79,-0.51,0.138,0.094
2023-09-17,-2.29,-1.79,0.026,0.007
2023-09-18,1.73,1.62,0.115,0.118
2023-09-19,0.43,1.62,0.170,0.170
2023-09-20,0.68,1.77,0.118,0.166
2023-09-21,-0.81,-1.47,0.157,0.149
2023-09-22,-2.22,-2.65,0.006,0.048
2023-09-23,-2.77,-1.60,0.044,0.125
2023-09-24,-1.23,1.76,0.189,0.199
2023-09-25,1.65,1.65,0.146,0.120
2023-09-26,3.06,1.63,0.150,0.135
2023-09-27,2.42,0.47,0.132,0.097
2023-09-28,2.18,0.15,0.132,0.078
2023-09-29,-2.02,1.42,0.108,0.135
2023-09-30,-1.59,-1.03,0.043,0.136
2023-10-01,-0.00,2.21,0.036,0.133
2023-10-02,0.51,1.67,0.143,0.099
2023-10-03,1.85,1.16,0.175,0.066
2023-10-04,0.84,2.43,0.153,0.136
2023-10-05,0.42,1.45,0.154,0.126
2023-10-06,-1.45,0.34,0.139,0.098
2023-10-07,-1.61,-2.58,-0.013,0.052
2023-10-08,-0.24,-2.32,-0.045,0.071
2023-10-09,-0.75,1.04,0.201,0.130
2023-10-10,0.66,-1.64,0.267,0.155
2023-10-11,0.05,2.67,0.252,0.240
2023-10-12,2.70,0.57,0.221,0.139
2023-10-13,1.64,-1.15,0.148,0.107
2023-10-14,1.73,1.73,0.240,0.130
2023-10-15,1.01,1.76,0.155,0.107
2023-10-16,1.61,1.78,0.116,0.124
2023-10-17,-0.06,-1.78,0.118,0.089
2023-10-18,-0.62,-1.70,0.049,0.073
2023-10-19,0.46,3.73,0.066,0.099
2023-10-20,1.78,2.85,0.223,0.173
2023-10-21,1.67,2.57,0.194,0.166
2023-10-22,-0.03,1.46,0.137,0.135
2023-10-23,-0.88,-2.07,0.033,0.092
2023-10-24,-1.12,-2.76,-0.040,0.027
2023-10-25,-0.00,2.59,0.177,0.175
2023-10-26,1.68,2.23,0.214,0.177
2023-10-27,1.66,2.88,0.197,0.213
2023-10-28,2.36,3.50,0.212,0.251
2023-10-29,2.27,2.61,0.192,0.180
2023-10-30,1.87,1.08,0.141,0.148
2023-10-31,0.58,1.89,0.087,0.131
2023-11-01,1.30,1.21,0.065,0.138
2023-11-02,1.11,1.64,0.105,0.104
2023-11-03,0.26,2.49,0.123,0.123
2023-11-04,1.68,0.61,0.145,0.108
2023-11-05,1.51,-1.02,0.118,0.032
2023-11-06,2.37,0.42,0.200,0.049
2023-11-07,-0.03,1.84,0.153,0.071
2023-11-08,-1.43,-1.84,0.032,-0.003
2023-11-09,-1.33,-2.21,-0.115,-0.043
2023-11-10,1.54,2.47,0.030,0.091
2023-11-11,2.04,1.90,0.157,0.077
2023-11-12,0.98,2.85,0.068,0.082
2023-11-13,1.39,1.65,0.147,0.101
2023-11-14,1.90,2.03,0.070,0.064
2023-11-15,0.38,2.40,0.123,0.127
2023-11-16,0.86,2.37,0.136,0.127
2023-11-17,1.79,1.61,0.097,0.076
2023-11-18,2.72,3.37,0.173,0.147
2023-11-19,3.06,2.48,0.184,0.145
2023-11-20,1.33,1.97,0.172,0.060
2023-11-21,1.80,0.55,0.137,-0.027
2023-11-22,1.58,0.67,0.024,-0.086
2023-11-23,-0.37,-1.75,-0.035,-0.015
2023-11-24,-1.90,-2.93,-0.152,-0.092
2023-11-25,0.76,3.07,0.023,0.127
2023-11-26,-1.85,-0.82,0.130,0.082
2023-11-27,-1.62,-2.60,-0.086,-0.045
2023-11-28,-2.41,-3.86,-0.148,-0.011
2023-11-29,-3.05,-2.47,-0.043,0.063
2023-11-30,-0.11,-2.03,0.146,0.129
2023-12-01,-2.04,-3.68,-0.072,-0.021
2023-12-02,-1.86,-2.87,-0.037,0.063
2023-12-03,-1.73,-2.66,-0.005,0.054
2023-12-04,-1.33,-2.62,-0.016,0.044
2023-12-05,-1.86,-3.64,-0.095,-0.022
2023-12-06,-2.40,-4.52,-0.155,-0.056
2023-12-07,-2.33,-3.72,-0.156,-0.019
2023-12-08,-1.83,-2.61,-0.025,0.066
2023-12-09,-1.99,-3.73,-0.019,-0.012
2023-12-10,-2.03,-3.01,-0.063,0.008
2023-12-11,-1.64,-2.18,0.091,0.125
2023-12-12,-1.64,-3.35,-0.022,-0.033
2023-12-13,-2.63,-4.56,-0.139,-0.057
2023-12-14,-2.37,-4.45,-0.140,-0.034
2023-12-15,-1.50,-3.53,-0.047,0.020
2023-12-16,-0.87,3.05,0.104,0.109
2023-12-17,1.22,1.74,0.212,0.191
2023-12-18,0.82,-2.37,0.165,0.129
2023-12-19,-0.05,-2.96,0.131,0.104
2023-12-20,-0.57,-2.93,0.102,0.072
2023-12-21,-1.91,-3.05,-0.047,-0.006
2023-12-22,-1.43,-2.93,-0.072,0.059
2023-12-23,-1.71,-3.66,-0.082,-0.008
2023-12-24,-1.58,-3.39,-0.019,0.037
2023-12-25,-1.92,-3.19,-0.083,-0.038
2023-12-26,-1.78,-1.55,0.026,0.070
2023-12-27,-2.26,-1.70,0.105,0.084
2023-12-28,-2.55,-1.92,0.067,0.048
2023-12-29,-2.24,1.45,0.055,0.055
2023-12-30,-2.00,-2.75,-0.051,-0.033
2023-12-31,-2.01,-3.21,-0.094,-0.068
2024-01-01,-2.38,-4.49,-0.141,-0.160
2024-01-02,-2.18,-3.49,-0.169,-0.054
2024-01-03,-2.16,-4.62,-0.160,-0.105
2024-01-04,-1.20,-3.70,-0.119,-0.042
2024-01-05,-1.84,-3.77,-0.105,-0.029
2024-01-06,-1.20,-2.46,-0.054,0.017
2024-01-07,-1.53,-3.29,-0.024,-0.027
2024-01-08,-2.50,-4.91,-0.151,-0.160
2024-01-09,-1.81,-3.41,-0.095,-0.015
2024-01-10,2.33,-2.25,0.007,0.025
2024-01-11,-0.57,-3.25,0.053,0.047
2024-01-12,-1.43,-2.82,0.030,0.027
2024-01-13,-3.19,-0.11,0.070,0.071
2024-01-14,-1.31,-3.61,0.048,0.006
2024-01-15,-1.61,-3.45,-0.076,-0.097
2024-01-16,-2.55,-3.93,-0.086,-0.040
2024-01-17,-1.97,-4.22,-0.080,-0.069
2024-01-18,-1.92,-4.53,-0.120,-0.082
2024-01-19,-1.12,-3.46,-0.018,0.038
2024-01-20,-1.88,-4.44,-0.057,-0.060
2024-01-21,-2.38,-5.10,-0.145,-0.144
2024-01-22,-2.50,-4.71,-0.135,-0.073
2024-01-23,-2.11,-4.96,-0.158,-0.069
2024-01-24,-1.93,-4.56,-0.098,-0.040
2024-01-25,-1.42,-3.91,-0.079,-0.007
2024-01-26,-1.30,-3.77,-0.017,0.014
2024-01-27,-0.84,-3.64,0.033,0.028
2024-01-28,-1.89,-4.91,-0.015,-0.026
2024-01-29,-2.05,-5.97,-0.097,-0.172
2024-01-30,-2.11,-6.50,-0.126,-0.199
2024-01-31,-2.58,-7.49,-0.145,-0.241
2024-02-01,-2.31,-7.10,-0.146,-0.220
2024-02-02,-2.05,-6.70,-0.150,-0.199
2024-02-03,0.34,-3.93,-0.085,0.007
2024-02-04,0.47,-2.96,-0.115,-0.034
2024-02-05,1.76,1.83,-0.020,0.068
2024-02-06,2.85,0.66,0.115,0.123
2024-02-07,-0.30,-5.69,-0.005,-0.190
2024-02-08,-1.87,-4.88,-0.063,-0.199
2024-02-09,-2.33,-6.08,-0.141,-0.221
2024-02-10,-2.38,-4.87,-0.112,-0.069
2024-02-11,-1.48,-4.29,-0.072,-0.046
2024-02-12,-1.20,-3.50,-0.012,0.020
2024-02-13,0.17,-3.32,0.068,0.029
2024-02-14,-2.28,-4.89,-0.063,-0.136
2024-02-15,-2.76,-5.41,-0.136,-0.155
2024-02-16,-2.06,-4.84,-0.131,-0.121
2024-02-17,-1.12,-3.08,-0.055,-0.053
2024-02-18,3.49,0.24,0.004,-0.016
2024-02-19,-0.54,-5.15,-0.011,-0.163
2024-02-20,-2.48,-7.20,-0.149,-0.294
2024-02-21,-1.95,-7.80,-0.137,-0.250
2024-02-22,-0.48,-5.53,-0.115,-0.181
2024-02-23,-2.27,-4.46,-0.171,-0.135
2024-02-24,-1.10,-4.78,-0.147,-0.127
2024-02-25,-1.36,-5.89,-0.101,-0.128
2024-02-26,-2.36,-5.83,-0.164,-0.191
2024-02-27,-2.15,-5.59,-0.170,-0.130
2024-02-28,-2.62,-5.63,-0.168,-0.145
2024-02-29,-2.86,-5.60,-0.166,-0.113
2024-03-01,-2.40,-4.93,-0.117,-0.068
2024-03-02,-1.45,-3.79,-0.078,-0.028
2024-03-03,-2.35,-4.42,-0.117,-0.080
2024-03-04,-2.21,-4.54,-0.108,-0.063
2024-03-05,-1.84,-4.55,-0.120,-0.056
2024-03-06,-1.16,-4.67,-0.107,-0.070
2024-03-07,-0.93,-4.36,-0.069,-0.037
2024-03-08,-1.23,-4.30,-0.076,-0.126
2024-03-09,-0.56,-4.01,-0.068,-0.042
2024-03-10,-1.10,-3.39,-0.071,0.013
2024-03-11,-2.92,-5.99,-0.109,-0.153
2024-03-12,-3.33,-6.53,-0.179,-0.203
2024-03-13,-2.15,-4.40,-0.123,-0.053
2024-03-14,-2.14,-4.20,-0.060,-0.018
2024-03-15,-2.40,-4.51,-0.095,-0.067
2024-03-16,-1.51,-3.92,-0.108,-0.041
2024-03-17,-1.83,-3.93,-0.107,-0.042
2024-03-18,-0.75,-3.51,-0.022,0.007
2024-03-19,2.09,-2.77,0.115,0.067
2024-03-20,-0.09,-2.65,0.195,0.063
2024-03-21,-2.16,-4.84,-0.126,-0.140
2024-03-22,-1.44,-3.97,-0.163,-0.078
2024-03-23,2.56,-2.94,-0.086,-0.038
2024-03-24,2.09,-1.02,0.088,0.048
2024-03-25,1.68,-2.59,0.227,0.077
2024-03-26,0.54,-3.39,0.161,0.012
2024-03-27,0.37,-3.54,0.067,-0.065
2024-03-28,0.00,-2.88,-0.005,-0.006
2024-03-29,-1.23,-5.31,-0.069,-0.146
2024-03-30,-1.90,-5.86,-0.182,-0.186
2024-03-31,-2.06,-5.37,-0.196,-0.128
2024-04-01,-2.34,-4.22,-0.172,-0.036
2024-04-02,-1.63,-4.49,-0.116,-0.066
2024-04-03,1.95,3.12,0.022,0.079
2024-04-04,1.03,1.93,0.173,0.121
2024-04-05,-0.30,-1.91,0.246,0.123
2024-04-06,-1.51,-2.97,-0.022,-0.078
2024-04-07,-1.43,-4.14,0.006,-0.011
2024-04-08,-1.90,-3.29,0.031,0.034
2024-04-09,-1.07,-2.65,0.040,-0.024
2024-04-10,-1.38,-3.42,0.024,0.002
2024-04-11,-1.15,-3.35,0.063,0.060
2024-04-12,-2.03,-3.99,-0.011,-0.038
2024-04-13,-3.46,-7.10,-0.214,-0.235
2024-04-14,-2.40,-4.92,-0.196,-0.100
2024-04-15,-2.45,-5.03,-0.177,-0.093
2024-04-16,-1.86,-5.40,-0.137,-0.092
2024-04-17,-1.78,-5.47,-0.104,-0.109
2024-04-18,-1.45,-3.98,-0.086,-0.085
2024-04-19,-1.42,-3.89,-0.085,-0.067
2024-04-20,-1.44,-3.08,-0.042,-0.024
2024-04-21,-1.69,-3.32,-0.058,-0.070
2024-04-22,-1.96,1.32,0.137,0.087
2024-04-23,-2.08,-1.51,0.114,0.085
2024-04-24,-2.09,-4.29,-0.136,-0.152
2024-04-25,-2.51,-3.86,-0.167,-0.084
2024-04-26,-2.31,-0.98,-0.004,0.103
2024-04-27,-1.94,-1.51,0.125,0.083
2024-04-28,-0.27,2.56,0.139,0.160
2024-04-29,0.50,1.73,0.218,0.178
2024-04-30,-1.22,-2.29,0.018,0.004
2024-05-01,-0.66,1.80,0.059,0.145
2024-05-02,-0.22,2.50,0.162,0.164
2024-05-03,1.91,-0.48,0.175,0.121
2024-05-04,1.63,-0.35,0.134,0.128
2024-05-05,-0.49,-1.44,0.106,0.144
2024-05-06,0.10,-1.86,0.074,0.127
2024-05-07,0.58,-2.52,0.051,0.145
2024-05-08,0.70,2.82,0.095,0.158
2024-05-09,-0.83,1.70,0.117,0.126
2024-05-10,-1.66,-1.08,0.077,0.132
2024-05-11,0.75,-2.62,-0.019,0.113
2024-05-12,1.45,-1.56,0.044,0.114
2024-05-13,-1.09,-2.84,-0.035,-0.040
2024-05-14,-2.44,-0.43,-0.065,0.037
2024-05-15,1.60,2.55,0.189,0.181
2024-05-16,2.17,-0.23,0.143,0.087
2024-05-17,-0.27,2.21,0.094,0.071
2024-05-18,-1.13,-2.65,0.056,0.084
2024-05-19,-1.30,-1.80,-0.007,0.037
2024-05-20,1.33,2.05,0.031,0.104
2024-05-21,-0.66,2.87,0.121,0.127
2024-05-22,-1.51,-2.61,-0.025,-0.063
2024-05-23,-1.23,-1.69,-0.081,-0.018
2024-05-24,0.66,-2.15,0.088,0.053
2024-05-25,0.94,1.51,0.058,0.047
2024-05-26,-1.27,-1.03,0.002,0.048
2024-05-27,-2.11,1.84,-0.031,0.034
2024-05-28,1.84,-0.90,0.028,0.017
2024-05-29,2.13,1.18,0.056,0.013
2024-05-30,-0.12,2.34,0.132,0.139
2024-05-31,-0.68,1.60,0.097,0.065
2024-06-01,-1.04,-1.67,0.044,0.035
2024-06-02,1.69,3.63,-0.049,0.013
2024-06-03,0.70,2.63,0.139,0.165
2024-06-04,1.72,1.55,0.094,0.115
2024-06-05,1.60,1.60,,
2024-06-06,0.13,-1.45,,
2024-06-07,0.87,1.40,,
2024-06-08,1.40,-1.13,,
2024-06-09,0.50,2.55,0.094,0.107
2024-06-10,-1.20,0.59,0.076,0.088
2024-06-11,1.34,2.53,0.080,0.115
2024-06-12,1.07,-1.71,0.070,0.102
2024-06-13,-0.00,1.47,0.087,0.096
2024-06-14,0.85,2.21,0.108,0.118
2024-06-15,1.50,4.13,0.136,0.177
2024-06-16,2.35,1.20,0.153,0.156
2024-06-17,-0.84,-1.88,0.059,0.061
2024-06-18,0.54,-2.03,-0.021,0.058
2024-06-19,1.42,2.67,0.065,0.079
2024-06-20,-0.84,1.99,0.095,0.116
2024-06-21,1.79,0.03,0.085,0.084
2024-06-22,1.88,1.95,0.124,0.098
2024-06-23,1.43,2.04,0.119,0.115
2024-06-24,0.44,1.92,0.108,0.086
2024-06-25,-1.62,-0.72,0.088,0.036
2024-06-26,2.16,2.32,0.118,0.094
2024-06-27,0.79,1.76,0.124,0.142
2024-06-28,0.40,1.87,0.133,0.087
2024-06-29,0.94,2.10,0.141,0.060
2024-06-30,-1.58,-1.95,0.081,0.016
2024-07-01,-2.11,-0.81,0.012,0.023
2024-07-02,1.06,2.08,0.126,0.069
2024-07-03,1.36,2.09,0.100,0.110
2024-07-04,2.13,1.91,0.094,0.108
2024-07-05,2.07,3.19,0.154,0.165
2024-07-06,-2.72,-1.16,0.056,0.097
2024-07-07,-1.81,-1.75,0.004,0.015
2024-07-08,-2.65,-1.66,0.063,0.047
2024-07-09,-1.69,-2.08,-0.009,0.035
2024-07-10,-0.46,2.91,0.054,0.132
2024-07-11,2.60,2.10,0.137,0.142
2024-07-12,2.37,0.08,0.143,0.153
2024-07-13,-1.48,-1.70,0.091,0.118
2024-07-14,-2.86,-2.08,0.035,0.126
2024-07-15,-1.49,-2.05,0.022,0.115
2024-07-16,-2.53,-3.76,-0.045,0.017
2024-07-17,-2.75,0.24,0.109,0.161
2024-07-18,-1.00,1.88,0.184,0.160
2024-07-19,0.56,1.64,0.178,0.201
2024-07-20,-1.43,-0.52,0.179,0.199
2024-07-21,-1.94,-1.88,0.093,0.125
2024-07-22,-2.01,-0.98,0.100,0.139
2024-07-23,-1.46,2.86,0.110,0.177
2024-07-24,0.34,2.39,0.158,0.174
2024-07-25,1.72,-0.99,0.108,0.140
2024-07-26,2.25,1.58,0.152,0.200
2024-07-27,0.72,2.08,0.116,0.191
2024-07-28,-0.91,-2.15,0.092,0.120
2024-07-29,-2.32,-2.67,0.031,0.066
2024-07-30,-2.11,-2.60,-0.099,0.053
2024-07-31,1.47,1.58,0.178,0.201
2024-08-01,2.42,1.13,0.226,0.210
2024-08-02,0.96,2.26,0.131,0.198
2024-08-03,2.03,-0.11,0.136,0.176
2024-08-04,1.60,1.08,0.119,0.157
2024-08-05,2.14,1.39,0.153,0.177
2024-08-06,0.11,2.15,0.193,0.226
2024-08-07,1.29,1.29,0.170,0.205
2024-08-08,-0.14,-1.63,0.144,0.152
2024-08-09,2.57,1.25,0.096,0.170
2024-08-10,0.17,1.92,0.098,0.135
2024-08-11,-0.48,1.80,0.161,0.169
2024-08-12,1.61,-0.52,0.172,0.162
2024-08-13,-0.43,2.45,0.152,0.178
2024-08-14,-0.61,-1.77,0.104,0.116
2024-08-15,-1.42,-1.82,0.056,0.042
2024-08-16,-0.31,-1.97,-0.067,-0.158
2024-08-17,-0.23,2.20,0.022,-0.110
2024-08-18,0.61,-1.98,-0.056,-0.050
2024-08-19,-0.96,-1.80,0.055,0.094
2024-08-20,1.01,2.77,0.202,0.163
2024-08-21,1.97,1.38,0.190,0.079
2024-08-22,1.26,2.47,0.073,0.014
2024-08-23,1.70,1.38,0.024,-0.015
2024-08-24,0.89,2.20,0.122,0.074
2024-08-25,-0.14,2.58,0.141,0.126
2024-08-26,0.38,1.81,0.114,0.106
2024-08-27,-0.82,-1.77,0.037,-0.012
2024-08-28,-1.37,-2.48,-0.093,-0.050
2024-08-29,-1.91,-2.83,-0.192,-0.105
2024-08-30,-0.52,2.45,-0.022,0.099
2024-08-31,2.13,1.28,0.185,0.044
2024-09-01,0.73,2.39,0.214,0.103
2024-09-02,-0.32,-2.01,0.153,0.092
2024-09-03,2.30,0.49,0.150,0.093
2024-09-04,1.10,2.36,0.083,0.056
2024-09-05,0.51,2.21,0.037,0.021
2024-09-06,0.36,2.05,-0.015,-0.043
2024-09-07,1.50,1.09,-0.055,-0.082
2024-09-08,0.39,-1.55,-0.089,-0.053
2024-09-09,-0.06,1.74,-0.050,0.006
2024-09-10,0.39,2.01,0.043,-0.005
2024-09-11,1.25,1.72,0.285,0.143
2024-09-12,0.81,1.73,0.306,0.185
2024-09-13,-0.14,1.65,0.210,0.083
2024-09-14,1.30,-1.30,0.105,0.075
2024-09-15,-1.02,1.13,0.057,0.009
2024-09-16,-1.97,1.54,-0.009,0.040
2024-09-17,-0.77,2.01,0.107,0.081
2024-09-18,-0.54,-1.77,0.000,-0.010
2024-09-19,-0.61,2.64,-0.021,0.078
2024-09-20,1.02,2.30,0.164,0.195
2024-09-21,0.79,1.56,0.109,0.111
2024-09-22,0.71,1.51,0.123,0.096
2024-09-23,-1.77,1.90,0.057,0.074
2024-09-24,2.09,-0.48,-0.033,0.025
2024-09-25,1.34,1.29,0.151,0.017
2024-09-26,1.65,1.15,0.089,0.014
2024-09-27,1.19,-0.83,0.024,0.015
2024-09-28,2.43,0.98,0.006,-0.019
2024-09-29,1.32,2.70,0.108,0.083
2024-09-30,-1.34,0.91,0.064,-0.002
2024-10-01,0.33,-2.10,-0.054,-0.077
2024-10-02,1.65,0.20,0.046,0.058
2024-10-03,0.11,-2.16,0.049,-0.010
2024-10-04,-1.64,-3.22,-0.081,-0.098
2024-10-05,-0.77,2.51,-0.043,0.103
2024-10-06,0.40,2.81,0.137,0.127
2024-10-07,1.60,1.78,0.130,0.111
2024-10-08,0.36,2.24,0.121,0.117
2024-10-09,-0.26,1.86,0.138,0.096
2024-10-10,-1.28,1.47,0.129,0.089
2024-10-11,-0.73,1.37,0.119,0.077
2024-10-12,1.60,-1.66,0.112,0.053
2024-10-13,1.78,1.61,0.119,0.122
2024-10-14,1.39,1.54,0.132,0.129
2024-10-15,0.46,2.01,0.139,0.144
2024-10-16,-0.48,1.57,0.170,0.130
2024-10-17,1.25,-0.91,0.106,0.040
2024-10-18,0.70,-1.32,0.117,-0.025
2024-10-19,-0.63,3.26,0.084,0.083
2024-10-20,0.19,2.14,0.163,0.116
2024-10-21,1.74,2.07,0.115,0.100
2024-10-22,1.99,0.61,0.119,0.074
2024-10-23,1.54,-0.82,0.098,0.038
2024-10-24,1.43,1.83,0.065,0.033
2024-10-25,1.96,0.38,0.103,0.111
2024-10-26,-1.95,-1.81,0.036,0.120
2024-10-27,1.62,3.33,0.059,0.125
2024-10-28,0.42,1.97,0.183,0.158
2024-10-29,2.39,1.07,0.094,0.104
2024-10-30,1.95,2.09,0.101,0.105
2024-10-31,1.12,3.08,0.153,0.184
2024-11-01,1.27,1.10,0.155,0.173
2024-11-02,1.52,3.76,0.206,0.232
2024-11-03,2.07,5.39,0.212,0.307
2024-11-04,2.03,5.88,0.193,0.284
2024-11-05,0.86,3.01,0.126,0.172
2024-11-06,0.60,-1.73,0.062,0.032
2024-11-07,1.45,-0.98,0.066,0.053
2024-11-08,-0.44,2.27,0.046,0.121
2024-11-09,2.42,3.10,0.180,0.217
2024-11-10,1.80,2.31,0.171,0.157
2024-11-11,1.31,2.57,0.181,0.102
2024-11-12,0.83,2.72,0.134,0.124
2024-11-13,1.60,2.20,0.104,0.026
2024-11-14,1.29,2.15,0.090,0.066
2024-11-15,0.94,2.11,0.091,0.056
2024-11-16,1.81,0.09,0.049,-0.015
2024-11-17,0.27,-1.71,0.000,-0.081
2024-11-18,1.01,-1.24,-0.046,-0.105
2024-11-19,1.72,1.25,-0.057,-0.038
2024-11-20,1.04,2.22,0.067,0.057
2024-11-21,1.65,0.74,0.017,0.007
2024-11-22,-0.26,1.63,0.004,0.011
2024-11-23,1.28,0.32,0.069,0.037
2024-11-24,1.35,1.02,0.020,0.014
2024-11-25,1.88,0.61,0.114,0.047
2024-11-26,2.05,0.67,0.075,0.048
2024-11-27,1.45,1.30,0.097,0.088
2024-11-28,1.33,1.33,0.113,0.105
2024-11-29,0.91,-1.41,0.090,0.007
2024-11-30,0.19,1.55,-0.038,-0.023
2024-12-01,-1.36,-1.80,-0.070,0.007
2024-12-02,-3.33,-0.71,-0.036,0.064
2024-12-03,-2.44,0.09,0.105,0.121
2024-12-04,-1.44,-2.83,-0.053,-0.033
2024-12-05,-2.01,-3.21,-0.089,0.018
2024-12-06,-1.81,1.32,0.053,0.116
2024-12-07,-1.96,-0.91,0.137,0.145
2024-12-08,-1.79,-2.87,0.021,0.046
2024-12-09,-2.26,-2.60,-0.045,0.019
2024-12-10,-2.05,-2.72,-0.027,0.038
2024-12-11,-1.72,-2.64,-0.023,0.034
2024-12-12,-2.33,-3.88,-0.100,-0.031
2024-12-13,-3.05,-5.08,-0.162,-0.118
2024-12-14,-2.66,-5.01,-0.172,-0.099
2024-12-15,-1.52,-3.95,-0.152,-0.111
2024-12-16,-0.81,-3.01,-0.073,0.011
2024-12-17,-1.53,-3.29,-0.045,-0.035
2024-12-18,-0.97,-3.17,-0.084,-0.064
2024-12-19,-1.10,-3.38,-0.090,-0.032
2024-12-20,0.74,2.43,0.002,0.080
2024-12-21,1.09,1.25,0.103,0.100
2024-12-22,-0.77,-1.23,0.081,0.045
2024-12-23,-1.15,-1.59,0.109,0.069
2024-12-24,-2.58,0.74,0.071,0.093
2024-12-25,1.00,1.89,0.120,0.114
2024-12-26,0.07,2.06,0.096,0.095
2024-12-27,1.67,1.45,0.122,0.098
2024-12-28,1.83,0.46,0.107,0.062
2024-12-29,0.97,1.90,0.110,0.090
2024-12-30,0.57,1.86,0.108,0.090
2024-12-31,-0.84,-1.25,0.079,0.084
2025-01-01,-1.71,-2.53,-0.036,-0.069
2025-01-02,-1.73,-2.14,-0.040,0.014
2025-01-03,-1.35,-2.53,0.022,0.031
2025-01-04,-0.86,2.12,0.099,0.086
2025-01-05,-1.61,-2.29,0.060,0.064
2025-01-06,-1.92,-1.73,0.015,0.028
2025-01-07,-0.74,-2.04,-0.089,0.001
2025-01-08,-1.94,-3.66,-0.148,-0.116
2025-01-09,-2.42,-4.03,-0.184,-0.125
2025-01-10,-1.29,-3.97,-0.183,-0.071
2025-01-11,-0.87,-2.86,-0.094,0.016
2025-01-12,-1.55,-2.92,-0.007,-0.024
2025-01-13,-1.44,-2.95,0.006,0.008
2025-01-14,-2.13,-4.00,-0.073,-0.073
2025-01-15,-2.91,-5.25,-0.172,-0.150
2025-01-16,-2.11,-4.32,-0.163,-0.102
2025-01-17,-1.48,-2.78,-0.060,0.039
2025-01-18,-1.23,-2.52,0.075,0.092
2025-01-19,-1.80,-2.66,0.021,0.045
2025-01-20,-1.31,-2.58,0.006,0.056
2025-01-21,-1.20,-3.29,-0.015,-0.005
2025-01-22,-0.95,-3.11,-0.044,0.017
2025-01-23,-1.50,-3.23,-0.056,0.004
2025-01-24,-1.71,-3.35,-0.006,0.035
2025-01-25,-2.21,-3.98,-0.037,-0.029
2025-01-26,-2.26,-4.85,-0.123,-0.078
2025-01-27,-2.11,-3.96,-0.081,-0.015
2025-01-28,-1.00,-3.74,-0.041,0.010
2025-01-29,-1.79,-3.84,-0.039,-0.025
2025-01-30,-1.58,-3.55,-0.097,-0.059
2025-01-31,-1.29,-3.35,-0.003,0.038
2025-02-01,-1.64,-3.68,-0.047,-0.044
2025-02-02,-1.56,-3.68,-0.087,-0.076
2025-02-03,-2.04,-4.38,-0.117,-0.076
2025-02-04,-2.14,-3.86,-0.078,-0.013
2025-02-05,-2.26,-3.76,-0.097,-0.030
2025-02-06,-1.64,-3.67,-0.058,-0.014
2025-02-07,-1.63,-3.49,-0.067,-0.011
2025-02-08,-1.72,-3.52,-0.042,-0.009
2025-02-09,-1.53,-3.28,-0.031,-0.014
2025-02-10,-2.14,-4.20,-0.055,-0.047
2025-02-11,-1.17,-3.20,-0.025,-0.016
2025-02-12,-0.90,-2.62,0.075,0.078
2025-02-13,-0.74,-2.76,0.082,0.061
2025-02-14,-2.07,-3.08,0.013,-0.005
2025-02-15,-0.84,-2.74,0.070,0.056
2025-02-16,-2.99,-1.46,0.091,0.077
2025-02-17,-1.31,-2.81,0.078,0.044
2025-02-18,-2.07,-2.66,0.018,0.013
2025-02-19,-0.59,-3.73,0.064,0.060
2025-02-20,-0.66,-3.41,0.038,0.009
2025-02-21,-1.86,-3.51,-0.066,-0.053
2025-02-22,-2.58,-5.06,-0.140,-0.158
2025-02-23,-2.19,-4.70,-0.182,-0.130
2025-02-24,-1.62,-2.81,-0.106,0.024
2025-02-25,1.64,2.53,0.099,0.133
2025-02-26,-0.42,-2.68,0.123,0.104
2025-02-27,-1.21,-3.71,-0.024,-0.067
2025-02-28,-1.44,-3.24,-0.101,-0.072
2025-03-01,-2.02,-3.81,-0.131,-0.077
2025-03-02,-1.36,-3.95,-0.071,-0.035
2025-03-03,-1.89,-3.87,-0.058,-0.047
2025-03-04,-2.00,-4.29,-0.096,-0.093
2025-03-05,-1.48,-4.06,-0.099,-0.040
2025-03-06,-1.27,-5.09,-0.076,-0.094
2025-03-07,-1.71,-3.85,-0.083,-0.085
2025-03-08,-1.63,-3.65,-0.110,-0.091
2025-03-09,-1.38,-3.80,-0.097,-0.049
2025-03-10,-0.90,-3.88,-0.071,-0.018
2025-03-11,-1.35,-3.92,-0.055,-0.038
2025-03-12,-0.98,-4.61,-0.076,-0.150
2025-03-13,-1.53,-4.44,-0.111,-0.151
2025-03-14,-1.56,-4.79,-0.127,-0.156
2025-03-15,-1.32,-4.31,-0.134,-0.075
2025-03-16,-0.55,-3.12,-0.045,0.042
2025-03-17,-2.05,-3.85,-0.020,-0.008
2025-03-18,-2.39,-5.91,-0.113,-0.191
2025-03-19,-2.46,-6.10,-0.142,-0.201
2025-03-20,-2.06,-4.85,-0.134,-0.112
2025-03-21,-2.30,-4.93,-0.143,-0.107
2025-03-22,-1.77,-4.38,-0.129,-0.072
2025-03-23,-1.63,-3.66,-0.050,0.011
2025-03-24,-1.14,-2.83,0.039,0.029
2025-03-25,3.14,-0.67,0.083,0.062
2025-03-26,-1.08,-2.97,0.087,0.079
2025-03-27,-1.81,-3.70,-0.037,-0.066
2025-03-28,-1.50,-3.90,-0.084,-0.074
2025-03-29,-1.20,-2.46,0.013,0.060
2025-03-30,-1.04,-2.71,0.024,0.006
2025-03-31,-1.89,-2.80,0.045,0.076
2025-04-01,-0.71,-3.07,0.115,0.072
2025-04-02,-1.52,-3.26,-0.032,-0.066
2025-04-03,-1.15,-2.47,0.017,0.025
2025-04-04,-0.19,-2.76,0.072,0.085
2025-04-05,-1.16,-3.03,0.009,0.002
2025-04-06,-1.29,-2.76,-0.083,0.001
2025-04-07,-1.67,-2.57,0.052,0.133
2025-04-08,0.56,-2.08,0.136,0.092
2025-04-09,-0.90,-2.78,0.009,0.016
2025-04-10,-0.52,-3.30,-0.058,0.012
2025-04-11,-0.11,2.09,0.041,0.147
2025-04-12,-0.58,-2.18,0.179,0.109
2025-04-13,-0.93,-4.37,-0.018,-0.087
2025-04-14,-1.86,-4.39,-0.146,-0.092
2025-04-15,-1.77,-4.38,-0.145,-0.049
2025-04-16,-1.23,-4.01,-0.103,-0.077
2025-04-17,-2.50,-4.50,-0.142,-0.132
2025-04-18,-3.06,-6.01,-0.189,-0.214
2025-04-19,-2.03,-4.16,-0.163,-0.089
2025-04-20,-1.03,-2.68,-0.090,0.021
2025-04-21,-1.42,-2.56,-0.015,0.047
2025-04-22,-1.78,-2.74,-0.045,-0.018
2025-04-23,-2.37,-2.93,-0.022,-0.018
2025-04-24,-1.84,-3.18,-0.073,-0.070
2025-04-25,-2.01,-4.12,-0.125,-0.117
2025-04-26,-1.58,-3.10,-0.067,-0.004
2025-04-27,-1.14,-1.62,0.107,0.068
2025-04-28,-2.01,-2.58,-0.020,-0.050
2025-04-29,-2.21,-2.37,-0.029,0.029
2025-04-30,-1.99,-1.99,0.112,0.092
2025-05-01,2.21,1.23,0.136,0.072
2025-05-02,1.85,1.03,0.162,0.101
2025-05-03,1.90,1.19,0.151,0.073
2025-05-04,2.00,-0.89,0.128,0.078
2025-05-05,1.82,0.66,0.108,0.058
2025-05-06,0.89,1.13,0.091,0.041
2025-05-07,0.73,1.64,0.087,0.047
2025-05-08,-1.43,-1.00,0.052,0.028
2025-05-09,-2.11,-0.73,-0.006,0.022
2025-05-10,-1.77,-2.62,-0.076,-0.032
2025-05-11,0.10,-2.83,-0.032,0.041
2025-05-12,-0.20,-1.88,0.116,0.046
2025-05-13,-1.06,-2.90,-0.032,0.004
2025-05-14,-0.42,2.96,0.085,0.136
2025-05-15,0.65,1.99,0.155,0.096
2025-05-16,1.35,0.31,0.131,0.117
2025-05-17,1.69,0.79,0.170,0.106
2025-05-18,1.78,-0.09,0.106,0.072
2025-05-19,0.89,1.61,0.088,0.092
2025-05-20,-1.88,-0.68,0.058,0.040
2025-05-21,1.23,1.82,0.087,0.069
2025-05-22,-1.64,-1.38,0.082,0.049
2025-05-23,-1.59,-2.64,-0.071,-0.039
2025-05-24,-1.38,-2.38,-0.120,0.009
2025-05-25,-1.42,-2.11,0.035,0.108
2025-05-26,-0.42,-2.68,0.115,0.078
2025-05-27,0.77,1.66,0.197,0.165
2025-05-28,-1.02,-1.57,0.107,0.117
2025-05-29,-1.45,-2.98,-0.047,0.067
2025-05-30,-1.02,-2.19,0.046,0.140
2025-05-31,0.28,1.98,0.190,0.181
2025-06-01,1.33,1.48,0.170,0.144
2025-06-02,1.07,1.23,0.137,0.115
2025-06-03,1.49,0.66,0.119,0.131
2025-06-04,0.58,1.90,0.120,0.123
2025-06-05,-0.14,1.96,0.115,0.133
2025-06-06,0.94,1.45,0.141,0.097
2025-06-07,-1.75,-1.32,0.059,0.057
2025-06-08,-1.49,-2.29,-0.017,0.048
2025-06-09,1.92,1.99,0.096,0.149
2025-06-10,-0.16,2.28,0.161,0.158
2025-06-11,-0.69,2.13,0.129,0.161
2025-06-12,0.63,1.73,0.097,0.140
2025-06-13,1.64,1.82,0.160,0.209
2025-06-14,0.59,1.92,0.145,0.187
2025-06-15,-1.91,-1.06,0.072,0.091
2025-06-16,-1.20,-1.60,-0.055,0.036
2025-06-17,1.02,1.64,0.108,0.063
2025-06-18,-2.18,-0.97,0.090,0.029
2025-06-19,-1.79,-2.87,-0.076,0.003
2025-06-20,-1.83,-2.43,-0.097,0.056
2025-06-21,-2.30,-2.07,-0.043,0.033
2025-06-22,1.15,2.15,0.111,0.079
2025-06-23,1.78,1.55,0.215,0.087
2025-06-24,2.53,-0.35,0.086,0.028
2025-06-25,-2.02,-0.07,-0.034,-0.054
2025-06-26,0.98,2.09,0.059,0.003
2025-06-27,0.52,1.94,0.187,0.104
2025-06-28,-2.72,-0.19,0.093,0.102
2025-06-29,-0.78,-2.04,0.076,0.039
2025-06-30,-1.76,-2.03,-0.035,0.024
2025-07-01,-1.54,-1.83,0.043,0.067
2025-07-02,-2.11,1.22,0.100,0.122
2025-07-03,-1.88,-0.76,0.118,0.046
2025-07-04,-0.00,2.37,0.110,0.019
2025-07-05,-0.08,1.55,0.047,0.012
2025-07-06,0.19,-1.55,0.029,-0.048
2025-07-07,-1.12,-2.03,-0.005,-0.000
2025-07-08,-1.30,-2.25,-0.089,0.026
2025-07-09,0.51,1.66,0.145,0.134
2025-07-10,-0.24,2.00,0.150,0.118
2025-07-11,0.27,1.69,0.181,0.173
2025-07-12,-1.63,-0.53,0.149,0.145
2025-07-13,-2.02,-0.62,0.103,0.108
2025-07-14,-1.79,-2.38,0.024,0.062
2025-07-15,-1.91,-3.75,-0.131,-0.040
2025-07-16,-1.63,-2.72,-0.120,0.008
2025-07-17,-1.30,-2.34,-0.014,0.015
2025-07-18,-1.50,-2.70,-0.002,0.002
2025-07-19,-2.04,-3.67,-0.107,-0.019
2025-07-20,-1.57,-3.08,-0.005,0.055
2025-07-21,2.02,1.82,0.169,0.117
2025-07-22,2.66,-0.28,0.167,0.145
2025-07-23,-0.17,-3.33,0.105,0.124
2025-07-24,-1.99,-0.57,0.074,0.092
2025-07-25,-0.60,-2.39,0.090,0.088
2025-07-26,1.09,2.24,0.161,0.130
2025-07-27,-1.92,-1.67,0.040,0.088
2025-07-28,-0.99,-2.46,0.034,0.108
2025-07-29,2.21,0.76,0.156,0.138
2025-07-30,-2.18,0.04,0.162,0.144
2025-07-31,-2.37,-3.03,-0.057,-0.000
2025-08-01,-1.38,-2.83,-0.132,0.020
2025-08-02,-1.47,-1.15,0.021,0.062
2025-08-03,1.04,3.02,0.219,0.172
2025-08-04,1.29,1.99,0.164,0.190
2025-08-05,2.28,-0.08,0.165,0.146
2025-08-06,1.96,1.83,0.161,0.132
2025-08-07,-1.51,-3.10,0.021,0.063
2025-08-08,-2.22,0.43,0.103,0.121
2025-08-09,-0.05,2.99,0.125,0.109
2025-08-10,0.20,-1.61,0.134,0.097
2025-08-11,-0.27,1.92,0.122,0.116
2025-08-12,-0.78,-2.28,0.138,0.087
2025-08-13,0.23,-3.30,-0.021,-0.015
2025-08-14,1.04,1.60,0.092,0.095
2025-08-15,-0.92,3.70,0.069,0.080
2025-08-16,-0.10,2.77,0.155,0.134
2025-08-17,1.53,2.11,0.097,0.094
2025-08-18,1.44,1.08,0.131,0.068
2025-08-19,-0.99,-1.85,0.075,0.007
2025-08-20,-1.09,-1.97,-0.080,-0.022
2025-08-21,0.74,3.19,0.019,0.137
2025-08-22,0.69,2.99,0.126,0.111
2025-08-23,-0.28,1.96,0.168,0.132
2025-08-24,1.60,0.40,0.131,0.031
2025-08-25,-1.51,-1.93,0.099,0.000
2025-08-26,-1.25,-2.57,0.011,0.052
2025-08-27,-2.76,-0.10,0.099,0.109
2025-08-28,2.52,1.77,0.078,0.078
2025-08-29,1.28,1.69,0.149,0.140
2025-08-30,2.46,1.60,0.122,0.121
2025-08-31,-0.24,1.69,0.061,0.093
2025-09-01,1.89,2.03,0.177,0.157
2025-09-02,1.47,2.02,0.108,0.073
2025-09-03,1.16,2.01,0.127,0.070
2025-09-04,2.81,-0.30,0.103,-0.001
2025-09-05,0.23,1.89,0.206,0.112
2025-09-06,0.55,1.60,0.138,0.045
2025-09-07,1.24,1.33,0.141,0.046
2025-09-08,0.49,1.52,0.071,0.000
2025-09-09,0.79,-1.49,0.032,-0.009
2025-09-10,-1.11,-1.52,-0.071,-0.035
2025-09-11,-1.56,-2.31,0.004,0.065
2025-09-12,1.05,3.05,0.172,0.139
2025-09-13,0.71,-1.60,0.086,0.046
2025-09-14,2.35,-0.63,0.014,-0.006
2025-09-15,-2.06,0.14,0.026,0.051
2025-09-16,1.05,2.07,0.188,0.097
2025-09-17,2.31,1.56,0.161,0.108
2025-09-18,1.95,0.17,0.093,0.074
2025-09-19,1.46,0.68,0.066,0.048
2025-09-20,-0.77,-1.33,0.044,0.053
2025-09-21,0.09,-2.44,-0.054,-0.004
2025-09-22,1.67,0.85,0.096,0.086
2025-09-23,0.02,1.31,0.039,0.035
2025-09-24,-2.05,-1.19,0.045,0.060
2025-09-25,0.15,2.78,0.122,0.139
2025-09-26,1.55,0.76,0.131,0.113
2025-09-27,2.06,1.67,0.167,0.163
2025-09-28,0.52,1.70,0.112,0.098
2025-09-29,1.59,-0.25,0.132,0.070
2025-09-30,2.79,0.91,0.110,0.072
2025-10-01,1.10,1.51,0.132,0.085
2025-10-02,1.27,-1.18,0.101,0.078
2025-10-03,1.75,-0.28,0.066,0.099
2025-10-04,0.29,2.09,0.091,0.138
2025-10-05,1.78,-0.31,0.079,0.052
2025-10-06,2.47,-0.53,0.032,0.027
2025-10-07,1.12,1.20,0.080,0.092
2025-10-08,-1.84,-1.44,0.035,-0.002
2025-10-09,-0.06,1.74,0.073,0.085
2025-10-10,1.80,1.86,0.115,0.129
2025-10-11,2.43,1.64,0.124,0.114
2025-10-12,0.62,2.50,0.117,0.115
2025-10-13,-0.36,-1.45,0.098,0.024
2025-10-14,0.83,-1.55,0.028,-0.042
2025-10-15,1.00,1.89,0.053,0.071
2025-10-16,1.72,1.91,0.146,0.102
2025-10-17,1.55,0.82,0.084,0.080
2025-10-18,-0.62,-1.71,0.015,0.038
2025-10-19,-2.21,-0.00,0.002,0.060
2025-10-20,1.79,2.37,0.107,0.108
2025-10-21,1.67,0.74,0.126,0.082
2025-10-22,2.63,2.13,0.161,0.102
2025-10-23,2.91,2.53,0.180,0.159
2025-10-24,3.32,2.79,0.175,0.177
2025-10-25,2.16,3.09,0.184,0.166
2025-10-26,2.43,3.34,0.198,0.173
2025-10-27,1.84,4.56,0.167,0.183
2025-10-28,2.24,4.60,0.182,0.238
2025-10-29,2.44,2.05,0.160,0.170
2025-10-30,1.03,-0.44,0.068,0.125
2025-10-31,-1.19,-1.70,0.036,0.073
2025-11-01,1.55,0.41,0.033,0.066
2025-11-02,1.55,-1.91,0.095,0.095
2025-11-03,1.50,2.31,0.172,0.162
2025-11-04,0.17,2.42,0.128,0.140
2025-11-05,-1.10,1.31,0.106,0.139
2025-11-06,0.35,2.53,0.079,0.131
2025-11-07,0.52,1.69,0.113,0.147
2025-11-08,-0.96,-1.89,0.090,0.126
2025-11-09,-1.07,-2.09,0.082,0.092
2025-11-10,0.71,2.48,0.154,0.156
2025-11-11,0.83,1.06,0.140,0.150
2025-11-12,0.60,1.97,0.121,0.120
2025-11-13,-1.94,2.31,0.107,0.111
2025-11-14,2.00,0.85,0.146,0.113
2025-11-15,0.35,1.64,0.098,0.113
2025-11-16,-0.40,1.89,0.074,0.115
2025-11-17,-1.70,-0.15,0.108,0.094
2025-11-18,-2.13,-2.93,-0.038,-0.063
2025-11-19,-1.69,-2.09,-0.079,0.019
2025-11-20,-3.62,0.06,0.043,0.110
2025-11-21,1.35,2.53,0.156,0.130
2025-11-22,-0.96,-2.51,0.072,0.018
2025-11-23,-2.31,-3.42,-0.110,-0.051
2025-11-24,-1.66,-2.76,-0.085,0.041
2025-11-25,-1.35,-2.25,0.045,0.104
2025-11-26,-0.89,-2.57,0.016,0.020
2025-11-27,-1.72,-3.52,-0.040,0.015
2025-11-28,-1.28,1.76,0.096,0.133
2025-11-29,1.55,1.60,0.164,0.166
2025-11-30,1.79,-1.35,0.110,0.088
2025-12-01,1.09,2.23,0.140,0.138
2025-12-02,1.92,-0.82,0.145,0.163
2025-12-03,-2.06,-1.55,0.048,0.093
2025-12-04,-2.00,-3.33,-0.048,0.011
2025-12-05,-1.62,-2.49,0.013,0.084
2025-12-06,-0.91,1.78,0.175,0.144
2025-12-07,0.67,-2.18,0.087,0.041
2025-12-08,-0.56,1.63,0.117,0.141
2025-12-09,-1.56,-1.56,0.093,0.042
2025-12-10,-1.76,-2.33,-0.030,0.044
2025-12-11,-1.42,-3.05,-0.039,0.045
2025-12-12,-1.29,-2.23,0.048,0.126
2025-12-13,-0.26,2.46,0.129,0.147
2025-12-14,2.63,-1.06,0.102,0.114
2025-12-15,0.35,-1.79,0.119,0.117
2025-12-16,-1.90,-2.11,0.034,0.071
2025-12-17,-1.91,-2.53,-0.001,0.083
2025-12-18,-1.36,-2.55,-0.004,0.067
2025-12-19,-1.37,-2.57,0.041,0.069
2025-12-20,-1.99,-3.19,-0.089,-0.049
2025-12-21,-1.94,-3.22,-0.116,0.007
2025-12-22,-1.27,-2.72,-0.079,0.020
2025-12-23,-1.35,-3.18,-0.118,-0.033
2025-12-24,-1.51,-3.10,-0.109,-0.018
2025-12-25,-2.00,-3.75,-0.145,-0.086
2025-12-26,-1.76,-3.46,-0.137,-0.027
2025-12-27,-1.96,-3.85,-0.127,-0.044
2025-12-28,-1.34,-2.75,-0.077,0.007
2025-12-29,-1.33,-2.98,-0.057,-0.000
2025-12-30,-1.50,-3.22,-0.065,-0.028
2025-12-31,-0.93,-3.74,-0.063,-0.066
2026-01-01,-1.70,-4.94,-0.079,-0.099
2026-01-02,-1.45,-4.73,-0.088,-0.127
2026-01-03,-1.62,-1.62,-0.029,0.054
2026-01-04,1.59,-0.25,0.169,0.136
2026-01-05,-1.04,-3.01,0.072,-0.001
2026-01-06,-1.43,-3.72,-0.029,-0.077
2026-01-07,-1.56,-2.81,-0.077,-0.060
2026-01-08,-1.90,-3.89,-0.131,-0.098
2026-01-09,-1.54,-3.31,-0.133,-0.056
2026-01-10,-1.31,-2.69,-0.064,0.014
2026-01-11,-0.79,-2.95,-0.015,0.003
2026-01-12,-1.89,-3.41,-0.094,-0.075
2026-01-13,-2.00,-2.30,-0.048,-0.012
2026-01-14,-1.29,-2.23,0.014,0.004
2026-01-15,0.14,-2.73,0.094,0.072
2026-01-16,-1.56,-0.08,0.182,0.147
2026-01-17,-1.07,-2.20,0.049,0.031
2026-01-18,-1.54,-3.16,-0.085,-0.056
2026-01-19,-1.42,-3.05,-0.064,-0.019
2026-01-20,-1.54,-3.15,-0.065,-0.043
2026-01-21,-2.12,-4.34,-0.152,-0.132
2026-01-22,-1.23,-3.21,-0.078,-0.001
2026-01-23,-1.61,-3.02,-0.073,-0.023
2026-01-24,-1.64,-3.68,-0.081,-0.035
2026-01-25,-1.34,-3.50,-0.077,-0.029
2026-01-26,-1.22,-3.01,-0.003,0.046
2026-01-27,-2.24,-4.40,-0.084,-0.073
2026-01-28,-2.07,-3.74,-0.137,-0.087
2026-01-29,-2.15,-5.31,-0.152,-0.142
2026-01-30,-1.63,-3.84,-0.151,-0.071
2026-01-31,-0.75,-3.24,-0.057,0.019
2026-02-01,-0.52,-4.93,0.017,-0.124
2026-02-02,-1.35,-6.97,-0.063,-0.298
2026-02-03,0.27,-5.07,-0.061,-0.233
2026-02-04,-1.36,-2.79,-0.066,0.038
2026-02-05,-0.46,-2.37,0.073,0.109
2026-02-06,-1.21,-3.00,0.094,0.065
2026-02-07,-1.27,-4.75,0.031,-0.074
2026-02-08,-1.39,-5.57,-0.005,-0.203
2026-02-09,-2.19,-4.69,-0.124,-0.200
2026-02-10,-2.28,-4.68,-0.163,-0.151
2026-02-11,-2.07,-4.07,-0.163,-0.100
2026-02-12,-1.98,-4.46,-0.133,-0.122
2026-02-13,-1.71,-4.44,-0.151,-0.195
2026-02-14,-2.51,-5.38,-0.154,-0.175
2026-02-15,-1.21,-3.00,-0.125,-0.063
2026-02-16,-2.00,-0.57,-0.000,0.106
2026-02-17,-1.57,-2.96,-0.025,-0.026
2026-02-18,-2.04,-3.84,-0.140,-0.095
2026-02-19,-1.37,-3.07,-0.131,-0.062
2026-02-20,-1.37,-2.11,-0.028,0.027
2026-02-21,-0.89,-2.32,-0.005,-0.009
2026-02-22,-0.63,-2.52,0.000,0.009
2026-02-23,-2.22,-3.41,0.013,-0.014
2026-02-24,-2.78,-6.25,-0.133,-0.207
2026-02-25,-1.64,-3.86,-0.161,-0.125
2026-02-26,-1.04,-2.72,-0.100,-0.015
2026-02-27,-0.35,-2.47,-0.045,0.017
2026-02-28,-0.62,-2.70,0.000,0.016
2026-03-01,-1.32,-3.44,-0.047,-0.054
2026-03-02,-1.99,-4.93,-0.115,-0.168
2026-03-03,-1.82,-4.30,-0.138,-0.149
2026-03-04,-1.48,-3.32,-0.137,-0.082
2026-03-05,-1.31,-3.25,-0.063,0.021
2026-03-06,-1.50,-3.38,-0.015,-0.010
2026-03-07,-1.23,-2.89,0.014,0.006
2026-03-08,-1.10,-3.59,-0.045,-0.053
2026-03-09,-1.58,-2.17,0.072,0.075
2026-03-10,-1.33,-3.28,-0.015,-0.031
2026-03-11,-1.52,-3.12,-0.101,-0.056
2026-03-12,-1.29,-3.74,-0.038,0.002
2026-03-13,-1.74,-3.73,-0.082,-0.047
2026-03-14,-1.43,-3.92,-0.119,-0.065
2026-03-15,-1.53,-3.00,-0.082,0.003
2026-03-16,-0.98,-3.20,0.033,0.077
2026-03-17,1.92,-2.96,0.112,0.057
2026-03-18,2.62,0.09,0.189,0.143
2026-03-19,1.84,-0.67,0.165,0.167
2026-03-20,2.60,-1.16,0.168,0.142
2026-03-21,2.46,-3.15,0.162,0.049
2026-03-22,0.00,-3.38,0.064,0.026
2026-03-23,-0.21,-4.01,-0.044,-0.083
2026-03-24,-0.69,-4.90,-0.084,-0.115
2026-03-25,-1.19,-3.47,-0.119,-0.025
2026-03-26,-1.51,-3.92,-0.109,-0.017
2026-03-27,-1.27,-3.14,-0.090,-0.042
2026-03-28,-1.39,-3.12,-0.013,0.023
2026-03-29,-1.90,-4.26,-0.108,-0.114
2026-03-30,-1.98,-4.66,-0.148,-0.098
2026-03-31,-1.72,-3.52,-0.104,-0.001
2026-04-01,-1.52,-3.25,-0.036,-0.000
2026-04-02,-1.26,-2.70,0.082,0.062
2026-04-03,-1.60,-3.27,0.066,0.031
2026-04-04,-1.04,-3.41,0.014,0.012
2026-04-05,-1.26,-3.87,-0.020,-0.008
2026-04-06,-0.33,-2.72,0.073,0.057
2026-04-07,-0.45,-3.20,0.037,0.000
2026-04-08,-0.20,-2.80,0.024,-0.014
2026-04-09,-0.88,-2.72,-0.007,0.011
2026-04-10,-1.66,-3.13,-0.093,-0.045
2026-04-11,-0.58,-3.31,-0.108,0.011
2026-04-12,-1.99,-4.93,-0.128,-0.108
2026-04-13,-2.34,-5.52,-0.178,-0.180
2026-04-14,-2.28,-5.38,-0.161,-0.115
2026-04-15,-1.84,-5.34,-0.148,-0.138
2026-04-16,-2.01,-5.52,-0.138,-0.152
2026-04-17,-1.33,-3.45,-0.116,-0.079
2026-04-18,-0.92,-3.22,-0.078,-0.015
2026-04-19,-0.86,-3.01,0.010,-0.031
2026-04-20,-0.78,-3.37,0.044,-0.018
2026-04-21,-1.12,-3.46,-0.023,-0.102
2026-04-22,-1.45,-2.84,-0.076,-0.077
2026-04-23,-0.88,-3.08,-0.043,-0.007
2026-04-24,0.72,-1.54,0.090,0.048
2026-04-25,0.81,-1.91,0.104,0.025
2026-04-26,-0.28,-2.30,0.059,0.003
2026-04-27,-0.11,-3.08,-0.042,-0.105
2026-04-28,-1.25,-2.45,-0.079,-0.077
2026-04-29,-1.97,-1.33,-0.054,0.019
2026-04-30,-1.06,-2.27,-0.019,0.021
2026-05-01,-0.92,-2.84,0.001,0.003
2026-05-02,-1.56,3.06,0.035,0.071
2026-05-03,-0.06,-1.81,0.156,0.093
2026-05-04,-0.88,-2.17,0.013,-0.005
2026-05-05,-1.12,-2.78,-0.027,-0.020
2026-05-06,-0.94,-3.09,-0.041,-0.011
2026-05-07,-0.50,-2.55,0.014,0.046
2026-05-08,-0.51,-2.88,0.047,0.030
2026-05-09,-1.52,-3.76,-0.068,-0.069
2026-05-10,-1.44,-3.23,-0.109,-0.027
2026-05-11,0.21,-2.42,0.038,0.107
2026-05-12,-0.96,-2.15,0.136,0.084
2026-05-13,-0.93,-3.04,0.040,0.014
2026-05-14,0.09,-2.57,0.079,0.079
2026-05-15,0.17,-2.49,0.115,0.055
2026-05-16,-0.94,-2.72,0.058,0.065
2026-05-17,-0.05,-2.90,0.076,0.086
2026-05-18,-0.74,-2.15,0.131,0.087
2026-05-19,-1.74,-3.01,-0.027,-0.050
2026-05-20,-1.69,-3.99,-0.108,-0.049
2026-05-21,0.84,-2.60,0.030,0.096
2026-05-22,-0.14,-2.63,0.099,0.030
2026-05-23,-1.07,-2.52,-0.064,-0.019
2026-05-24,-1.31,-2.81,-0.010,0.066
2026-05-25,-1.24,-3.42,-0.058,-0.015
2026-05-26,-1.38,-0.97,0.043,0.077
2026-05-27,-1.60,-1.91,0.117,0.063
2026-05-28,-0.49,-2.52,0.065,0.097
2026-05-29,1.75,2.50,0.188,0.199
2026-05-30,-0.33,1.69,0.129,0.141
2026-05-31,-0.19,-2.20,0.087,0.078
2026-06-01,-1.27,-2.29,0.063,0.099
2026-06-02,-0.67,-2.35,0.041,0.077
2026-06-03,-1.29,-1.99,0.109,0.129
2026-06-04,0.71,1.18,0.159,0.157
2026-06-05,-1.24,1.01,0.113,0.138
2026-06-06,-1.13,-1.45,0.093,0.126
2026-06-07,-0.92,-1.32,0.089,0.129
2026-06-08,1.69,1.05,0.125,0.129
2026-06-09,0.84,-1.46,0.139,0.109
2026-06-10,-1.31,-1.46,0.076,0.113
2026-06-11,-1.51,-2.62,-0.012,0.079
2026-06-12,-1.02,-3.15,-0.063,0.022
2026-06-13,0.05,-2.90,0.011,0.102
2026-06-14,-1.79,-0.09,0.096,0.112
2026-06-15,-3.06,-1.49,0.026,0.084
2026-06-16,1.66,-0.64,0.152,0.106
2026-06-17,2.16,2.40,0.121,0.079
2026-06-18,1.54,1.49,0.129,0.131
2026-06-19,-1.77,0.31,0.086,0.098
2026-06-20,-1.14,-1.57,0.140,0.105
2026-06-21,-0.98,-2.31,0.115,0.084
2026-06-22,-0.84,-2.44,0.077,0.089
2026-06-23,-0.14,-2.70,0.109,0.111
2026-06-24,-1.54,-3.15,-0.003,0.002
2026-06-25,-0.98,-2.86,-0.085,0.004
2026-06-26,-1.33,-2.13,-0.025,0.069
2026-06-27,-1.29,-3.36,-0.007,0.041
2026-06-28,-1.49,-3.87,-0.105,-0.061
2026-06-29,-0.97,-3.00,-0.051,0.036
2026-06-30,-1.18,-3.41,0.042,0.027
2026-07-01,-1.01,-3.29,-0.007,-0.002
2026-07-02,-0.90,-2.95,0.016,0.067
2026-07-03,0.56,-2.44,0.130,0.135
2026-07-04,-1.98,-1.44,0.143,0.151
2026-07-05,0.00,-2.31,0.224,0.183
2026-07-06,-0.94,-3.28,0.041,0.060
2026-07-07,-1.96,-3.14,0.001,0.074
2026-07-08,-1.66,-3.72,-0.065,0.011
2026-07-09,-0.82,-3.30,0.051,0.116
2026-07-10,-1.61,-2.78,0.100,0.072
2026-07-11,-1.18,-3.86,-0.043,0.004
2026-07-12,-1.27,-2.12,0.022,0.139
2026-07-13,-1.11,-2.61,0.210,0.177
2026-07-14,-1.02,-2.81,0.047,0.063
2026-07-15,-0.95,-2.60,-0.035,0.079
2026-07-16,-1.05,-3.66,-0.046,0.031
2026-07-17,-1.61,-3.78,-0.090,-0.006
2026-07-18,-1.02,-3.33,-0.057,0.017
2026-07-19,-0.33,-2.35,0.039,0.100
2026-07-20,-2.49,1.56,0.175,0.201
2026-07-21,-1.67,-1.61,0.145,0.158
2026-07-22,-1.01,-2.27,-0.037,0.050
2026-07-23,-3.09,-0.05,0.050,0.138
2026-07-24,0.30,-1.68,0.198,0.136
2026-07-25,-1.18,-2.43,0.037,0.051
2026-07-26,-2.36,-0.96,0.005,0.117
2026-07-27,-2.61,-0.05,0.217,0.170
2026-07-28,0.62,-2.90,0.054,0.042
2026-07-29,-1.36,-3.54,-0.041,-0.023
2026-07-30,-1.47,-3.45,-0.139,-0.013
2026-07-31,-0.64,-2.41,-0.040,0.039
2026-08-01,-0.81,-2.66,-0.030,-0.017
2026-08-02,0.34,-2.76,0.091,0.032
2026-08-03,2.31,-1.03,0.134,0.109
2026-08-04,-1.04,-2.05,0.256,0.232
2026-08-05,-0.43,-2.44,0.103,0.123
2026-08-06,1.00,3.28,0.097,0.147
2026-08-07,0.26,-2.96,0.062,0.058
2026-08-08,-1.37,-4.20,-0.133,-0.053
2026-08-09,-0.99,-2.88,-0.055,0.026
2026-08-10,-0.75,-3.51,-0.013,-0.037
2026-08-11,-0.52,-3.70,-0.023,-0.049
2026-08-12,-0.41,-3.32,-0.096,-0.024
2026-08-13,0.27,-2.60,0.017,0.080
2026-08-14,-0.63,-2.37,0.139,0.082
2026-08-15,-1.31,-3.61,-0.030,0.005
2026-08-16,-0.98,-4.61,-0.070,-0.006
2026-08-17,1.67,2.14,0.218,0.209
2026-08-18,1.98,-0.76,0.159,0.134
2026-08-19,-1.29,-3.03,-0.017,0.012
2026-08-20,-0.20,-2.83,0.012,0.085
2026-08-21,-0.53,-3.02,-0.020,0.008
2026-08-22,-1.14,-3.13,-0.059,0.017
2026-08-23,-1.20,-2.69,0.036,0.013
2026-08-24,-1.19,-2.34,0.060,0.067
2026-08-25,-0.65,-2.44,-0.022,0.007
2026-08-26,0.82,-2.37,0.068,0.097
2026-08-27,-0.78,-2.15,0.080,0.037
2026-08-28,-1.24,-2.78,-0.098,-0.001
2026-08-29,-0.94,-2.74,-0.057,0.003
2026-08-30,-1.07,-3.12,-0.007,0.054
2026-08-31,2.44,2.04,0.201,0.122
2026-09-01,1.55,1.35,0.179,0.123
2026-09-02,0.43,-1.59,0.118,0.040
2026-09-03,-1.07,-2.41,-0.057,-0.062
2026-09-04,-1.07,-1.93,0.003,0.039
2026-09-05,-1.21,-2.18,-0.007,-0.011
2026-09-06,-0.25,2.84,0.006,0.052
2026-09-07,0.98,1.25,0.153,0.065
2026-09-08,-0.44,-2.80,0.055,0.007
2026-09-09,-1.88,-4.03,-0.072,-0.045
2026-09-10,-3.05,1.62,0.074,0.128
2026-09-11,1.93,-0.17,0.151,0.083
2026-09-12,-0.58,-1.80,0.023,0.029
2026-09-13,-0.85,-2.61,-0.070,0.061
2026-09-14,-1.22,-2.30,0.066,0.082
2026-09-15,-0.58,-2.97,0.075,0.040
2026-09-16,-1.90,-2.43,-0.004,-0.012
2026-09-17,-1.42,-3.20,-0.082,-0.024
2026-09-18,1.21,-2.48,0.035,0.063
2026-09-19,1.69,1.87,0.142,0.071
2026-09-20,1.16,1.12,0.086,0.036
2026-09-21,2.01,0.35,0.018,-0.043
2026-09-22,-0.18,-1.13,-0.023,-0.106
2026-09-23,0.90,-2.13,-0.138,-0.116
2026-09-24,0.19,2.76,-0.057,0.053
