date,wind_u,wind_v,cur_u,cur_v
2016-01-01,-2.23,-3.07,,
2016-01-02,-1.73,-1.67,,
2016-01-03,-0.21,-2.40,,
2016-01-04,2.08,-1.80,,
2016-01-05,0.46,-1.84,,
2016-01-06,-1.40,-3.13,,
2016-01-07,-1.06,-3.45,,
2016-01-08,-1.29,-3.98,,
2016-01-09,-1.42,-3.70,,
2016-01-10,-1.24,-3.24,,
2016-01-11,-2.06,-3.87,,
2016-01-12,-0.24,-2.69,,
2016-01-13,-1.94,-3.98,,
2016-01-14,-0.76,-3.04,,
2016-01-15,-0.20,-2.88,,
2016-01-16,-1.14,-4.25,,
2016-01-17,-0.18,-3.43,,
2016-01-18,-0.97,-5.48,,
2016-01-19,-2.63,-6.86,,
2016-01-20,-2.75,-4.97,,
2016-01-21,-2.36,-4.62,,
2016-01-22,0.21,-3.05,,
2016-01-23,1.24,-3.60,,
2016-01-24,-0.57,-6.52,,
2016-01-25,-2.07,-6.02,,
2016-01-26,-1.85,-3.78,,
2016-01-27,-1.16,-2.87,,
2016-01-28,1.68,-3.03,,
2016-01-29,1.50,-3.23,,
2016-01-30,-1.57,-5.49,,
2016-01-31,-1.78,-4.89,,
2016-02-01,-1.21,-3.34,,
2016-02-02,-0.98,-3.42,,
2016-02-03,-1.78,-3.82,,
2016-02-04,-1.52,-4.43,,
2016-02-05,-2.21,-6.07,,
2016-02-06,-2.29,-5.97,,
2016-02-07,-0.76,-6.20,,
2016-02-08,-0.63,-5.14,,
2016-02-09,-0.89,-5.60,,
2016-02-10,-1.26,-5.46,,
2016-02-11,-2.26,-5.33,,
2016-02-12,-2.89,-5.21,,
2016-02-13,-1.56,-4.52,,
2016-02-14,-2.64,-5.66,,
2016-02-15,-2.65,-4.98,,
2016-02-16,-1.17,-4.07,,
2016-02-17,0.16,-3.06,,
2016-02-18,-1.85,-4.83,,
2016-02-19,-3.16,-7.10,,
2016-02-20,-3.24,-6.63,,
2016-02-21,-2.61,-5.86,,
2016-02-22,-2.02,-3.81,,
2016-02-23,-0.95,-3.55,,
2016-02-24,1.73,-2.76,,
2016-02-25,1.02,-2.67,,
2016-02-26,-2.53,-5.96,,
2016-02-27,-2.37,-6.18,,
2016-02-28,-2.56,-6.33,,
2016-02-29,-1.86,-5.11,,
2016-03-01,-0.90,-3.92,,
2016-03-02,-1.74,-4.78,,
2016-03-03,-1.06,-4.26,,
2016-03-04,-0.52,-3.71,,
2016-03-05,-1.27,-5.11,,
2016-03-06,-0.40,-5.70,,
2016-03-07,0.00,-5.22,,
2016-03-08,-0.61,-4.31,,
2016-03-09,-1.86,-4.17,,
2016-03-10,-2.84,-4.54,,
2016-03-11,-2.75,-4.58,,
2016-03-12,-2.18,-5.39,,
2016-03-13,-1.10,-4.77,,
2016-03-14,0.59,-3.35,,
2016-03-15,-0.52,-4.24,,
2016-03-16,-1.72,-4.98,,
2016-03-17,-0.85,-4.35,,
2016-03-18,0.06,-3.40,,
2016-03-19,0.53,-3.34,,
2016-03-20,1.99,-2.74,,
2016-03-21,0.44,-3.16,,
2016-03-22,-2.36,-6.15,,
2016-03-23,-3.01,-6.17,,
2016-03-24,-1.45,-3.98,,
2016-03-25,-0.49,-3.97,,
2016-03-26,-1.23,-3.58,,
2016-03-27,0.38,-3.63,,
2016-03-28,1.66,-2.88,,
2016-03-29,0.57,-4.04,,
2016-03-30,0.00,-3.81,,
2016-03-31,2.17,-1.76,,
2016-04-01,2.57,-0.55,,
2016-04-02,2.70,-0.09,,
2016-04-03,0.55,-2.37,,
2016-04-04,-0.97,-3.61,,
2016-04-05,-1.24,-3.81,,
2016-04-06,-1.90,-4.96,,
2016-04-07,-1.84,-5.05,,
2016-04-08,-1.45,-4.46,,
2016-04-09,-2.17,-5.11,,
2016-04-10,-2.03,-5.58,,
2016-04-11,-2.09,-5.44,,
2016-04-12,-0.80,-5.66,,
2016-04-13,-0.39,-4.45,,
2016-04-14,-1.01,-4.06,,
2016-04-15,-1.19,-4.42,,
2016-04-16,-0.97,-3.88,,
2016-04-17,1.27,-2.60,,
2016-04-18,-0.70,-3.05,,
2016-04-19,-0.91,-4.27,,
2016-04-20,-0.11,-3.28,,
2016-04-21,1.50,-2.23,,
2016-04-22,2.79,1.36,,
2016-04-23,1.44,3.22,,
2016-04-24,1.67,2.47,,
2016-04-25,2.91,0.78,,
2016-04-26,0.44,-2.50,,
2016-04-27,1.70,1.15,,
2016-04-28,1.78,1.60,,
2016-04-29,1.47,1.63,,
2016-04-30,0.90,-2.22,,
2016-05-01,2.08,1.06,,
2016-05-02,1.60,1.97,,
2016-05-03,1.91,-0.85,,
2016-05-04,0.96,-1.48,,
2016-05-05,0.58,-1.60,,
2016-05-06,2.58,-0.09,,
2016-05-07,1.80,1.12,,
2016-05-08,0.27,-1.39,,
2016-05-09,0.59,-2.20,,
2016-05-10,-1.36,1.56,,
2016-05-11,0.45,-1.58,,
2016-05-12,-1.15,-1.98,,
2016-05-13,-1.40,-3.13,,
2016-05-14,-0.07,-4.00,,
2016-05-15,1.54,0.82,,
2016-05-16,1.67,-1.73,,
2016-05-17,1.77,-0.03,,
2016-05-18,1.30,2.25,,
2016-05-19,2.03,-0.14,,
2016-05-20,-0.26,-2.48,,
2016-05-21,1.74,0.53,,
2016-05-22,1.45,1.72,,
2016-05-23,1.66,1.34,,
2016-05-24,2.13,0.78,,
2016-05-25,0.53,1.53,,
2016-05-26,-0.37,-1.88,,
2016-05-27,1.75,2.01,,
2016-05-28,1.72,0.40,,
2016-05-29,2.13,1.55,,
2016-05-30,1.09,-1.17,,
2016-05-31,2.25,0.44,,
2016-06-01,1.91,0.03,,
2016-06-02,1.39,1.77,,
2016-06-03,1.44,2.50,,
2016-06-04,-0.49,-1.72,,
2016-06-05,2.00,0.07,,
2016-06-06,2.43,0.74,,
2016-06-07,1.43,1.84,,
2016-06-08,-0.15,-1.38,,
2016-06-09,2.47,0.35,,
2016-06-10,2.41,1.07,,
2016-06-11,1.95,0.00,,
2016-06-12,-0.75,-1.94,,
2016-06-13,1.57,2.72,,
2016-06-14,0.96,2.64,,
2016-06-15,-0.77,1.73,,
2016-06-16,-0.64,-1.51,,
2016-06-17,-1.56,-2.69,,
2016-06-18,2.73,0.53,,
2016-06-19,1.74,1.13,,
2016-06-20,0.70,1.93,,
2016-06-21,-0.15,2.18,,
2016-06-22,2.12,-0.94,,
2016-06-23,-0.79,-1.76,,
2016-06-24,1.21,3.16,,
2016-06-25,2.09,1.46,,
2016-06-26,-0.98,-1.77,,
2016-06-27,-1.25,-1.85,,
2016-06-28,-1.87,-2.39,,
2016-06-29,2.19,0.67,,
2016-06-30,0.53,-2.49,,
2016-07-01,2.60,1.50,,
2016-07-02,2.64,1.99,,
2016-07-03,1.49,1.97,,
2016-07-04,1.34,-1.60,,
2016-07-05,2.38,1.55,,
2016-07-06,-1.63,-0.35,,
2016-07-07,-2.35,-2.44,,
2016-07-08,-2.83,-0.25,,
2016-07-09,-0.09,-2.60,,
2016-07-10,-3.32,-1.28,,
2016-07-11,2.08,1.46,,
2016-07-12,2.38,0.04,,
2016-07-13,2.13,-0.26,,
2016-07-14,1.47,2.26,,
2016-07-15,1.91,1.72,,
2016-07-16,-1.69,-1.63,,
2016-07-17,1.74,-2.08,,
2016-07-18,1.55,1.72,,
2016-07-19,1.87,-1.00,,
2016-07-20,1.26,-2.59,,
2016-07-21,2.17,0.83,,
2016-07-22,1.86,2.14,,
2016-07-23,3.12,1.14,,
2016-07-24,2.30,1.61,,
2016-07-25,1.38,2.12,,
2016-07-26,-0.99,-2.13,,
2016-07-27,-2.11,-1.77,,
2016-07-28,0.94,2.02,,
2016-07-29,2.29,-0.79,,
2016-07-30,0.80,2.81,,
2016-07-31,2.32,0.98,,
2016-08-01,-0.53,-2.98,,
2016-08-02,0.91,2.82,,
2016-08-03,1.82,1.82,,
2016-08-04,0.76,1.87,,
2016-08-05,-0.15,-2.18,,
2016-08-06,-1.57,-2.42,,
2016-08-07,1.95,-1.76,,
2016-08-08,1.95,0.87,,
2016-08-09,2.47,0.39,,
2016-08-10,1.80,1.31,,
2016-08-11,2.31,1.03,,
2016-08-12,1.19,1.99,,
2016-08-13,1.48,-1.59,,
2016-08-14,2.10,2.33,,
2016-08-15,2.82,0.60,,
2016-08-16,1.58,1.82,,
2016-08-17,2.96,0.00,,
2016-08-18,-1.65,-3.70,,
2016-08-19,1.77,1.29,,
2016-08-20,2.25,0.77,,
2016-08-21,-0.28,-2.31,,
2016-08-22,2.06,0.11,,
2016-08-23,-0.09,-2.53,,
2016-08-24,-1.59,-3.25,,
2016-08-25,1.76,-1.76,,
2016-08-26,1.76,1.33,,
2016-08-27,1.69,1.95,,
2016-08-28,-0.49,-1.70,,
2016-08-29,2.25,-1.58,,
2016-08-30,2.35,1.71,,
2016-08-31,1.87,1.36,,
2016-09-01,2.82,0.76,,
2016-09-02,1.59,0.64,,
2016-09-03,0.52,-1.43,,
2016-09-04,-0.42,-2.17,,
2016-09-05,1.61,2.29,,
2016-09-06,2.53,0.45,,
2016-09-07,1.75,1.87,,
2016-09-08,1.38,1.38,,
2016-09-09,0.19,-2.75,,
2016-09-10,1.42,2.03,,
2016-09-11,1.54,1.39,,
2016-09-12,2.48,2.16,,
2016-09-13,1.92,1.29,,
2016-09-14,1.73,0.43,,
2016-09-15,1.73,2.21,,
2016-09-16,1.69,-0.09,,
2016-09-17,-0.41,-1.65,,
2016-09-18,2.40,2.40,,
2016-09-19,1.40,1.73,,
2016-09-20,1.68,-0.45,,
2016-09-21,2.24,2.17,,
2016-09-22,2.34,-0.08,,
2016-09-23,1.64,-0.87,,
2016-09-24,2.20,-2.27,,
2016-09-25,2.09,1.41,,
2016-09-26,1.99,0.65,,
2016-09-27,1.59,1.20,,
2016-09-28,2.53,1.13,,
2016-09-29,2.20,0.15,,
2016-09-30,-1.18,-3.64,,
2016-10-01,5.08,1.17,,
2016-10-02,5.59,2.85,,
2016-10-03,4.40,3.69,,
2016-10-04,2.34,2.69,,
2016-10-05,1.34,1.34,,
2016-10-06,1.08,-2.32,,
2016-10-07,3.01,0.26,,
2016-10-08,2.34,1.41,,
2016-10-09,2.36,0.42,,
2016-10-10,1.83,1.59,,
2016-10-11,1.26,-0.18,,
2016-10-12,1.62,2.59,,
2016-10-13,1.68,0.65,,
2016-10-14,1.24,-1.90,,
2016-10-15,1.63,0.14,,
2016-10-16,1.91,2.54,,
2016-10-17,2.19,1.32,,
2016-10-18,1.88,1.47,,
2016-10-19,1.60,2.29,,
2016-10-20,1.66,0.54,,
2016-10-21,0.56,-2.42,,
2016-10-22,1.23,-1.52,,
2016-10-23,1.56,-1.41,,
2016-10-24,1.41,0.78,,
2016-10-25,0.67,1.83,,
2016-10-26,0.42,2.97,,
2016-10-27,1.96,1.13,,
2016-10-28,2.06,0.47,,
2016-10-29,1.93,-0.20,,
2016-10-30,1.67,0.00,,
2016-10-31,1.91,0.00,,
2016-11-01,2.21,1.99,,
2016-11-02,1.94,1.69,,
2016-11-03,1.66,-0.03,,
2016-11-04,0.24,-2.27,,
2016-11-05,-0.61,-1.68,,
2016-11-06,1.20,-0.87,,
2016-11-07,1.15,1.24,,
2016-11-08,1.55,0.69,,
2016-11-09,0.29,-1.81,,
2016-11-10,-0.21,-2.38,,
2016-11-11,-2.78,0.64,,
2016-11-12,0.45,1.66,,
2016-11-13,1.20,0.44,,
2016-11-14,1.76,1.42,,
2016-11-15,2.23,1.94,,
2016-11-16,1.94,1.69,,
2016-11-17,1.54,-0.14,,
2016-11-18,1.51,-1.46,,
2016-11-19,2.75,0.10,,
2016-11-20,3.90,1.66,,
2016-11-21,1.16,3.36,,
2016-11-22,-0.00,1.74,,
2016-11-23,1.29,-2.15,,
2016-11-24,1.26,-2.47,,
2016-11-25,1.47,3.30,,
2016-11-26,2.60,0.95,,
2016-11-27,2.22,1.67,,
2016-11-28,2.15,1.00,,
2016-11-29,1.66,-0.64,,
2016-11-30,1.54,0.30,,
2016-12-01,-0.92,-2.52,,
2016-12-02,2.02,-0.21,,
2016-12-03,1.44,1.08,,
2016-12-04,1.48,1.00,,
2016-12-05,0.89,-2.44,,
2016-12-06,1.54,1.08,,
2016-12-07,1.15,1.23,,
2016-12-08,2.09,1.46,,
2016-12-09,2.10,0.85,,
2016-12-10,0.85,2.62,,
2016-12-11,2.03,0.25,,
2016-12-12,0.38,-2.41,,
2016-12-13,0.86,-2.03,,
2016-12-14,-0.12,-2.26,,
2016-12-15,-0.92,-2.17,,
2016-12-16,-1.40,-2.53,,
2016-12-17,-1.46,-2.87,,
2016-12-18,-1.66,-2.13,,
2016-12-19,-1.65,-2.97,,
2016-12-20,-2.17,-3.34,,
2016-12-21,-1.25,-2.67,,
2016-12-22,-2.64,-2.22,,
2016-12-23,-0.44,-2.47,,
2016-12-24,-0.95,-2.60,,
2016-12-25,-0.98,-2.85,,
2016-12-26,-0.93,-2.19,,
2016-12-27,-1.88,-2.02,,
2016-12-28,-1.17,-2.39,,
2016-12-29,-1.73,-3.12,,
2016-12-30,-1.04,-2.72,,
2016-12-31,-1.34,-2.52,,
2017-01-01,-2.57,-6.06,,
2017-01-02,-3.21,-5.56,,
2017-01-03,-2.43,-4.77,,
2017-01-04,-1.43,-4.40,,
2017-01-05,-2.54,-5.20,,
2017-01-06,-2.58,-3.82,,
2017-01-07,-1.65,-2.97,,
2017-01-08,-2.07,-2.75,,
2017-01-09,-5.54,-9.22,,
2017-01-10,-4.69,-8.11,,
2017-01-11,-3.74,-7.04,,
2017-01-12,-3.26,-5.43,,
2017-01-13,-4.72,-8.17,,
2017-01-14,-4.67,-8.43,,
2017-01-15,-3.45,-5.73,,
2017-01-16,-2.95,-5.33,,
2017-01-17,-3.00,-5.20,,
2017-01-18,-2.93,-5.51,,
2017-01-19,-2.69,-5.05,,
2017-01-20,-2.20,-5.17,,
2017-01-21,-2.59,-5.31,,
2017-01-22,-1.00,-4.70,,
2017-01-23,1.97,-1.65,,
2017-01-24,0.67,-3.46,,
2017-01-25,-1.44,-7.40,,
2017-01-26,-2.92,-6.26,,
2017-01-27,-2.17,-4.88,,
2017-01-28,-3.47,-6.52,,
2017-01-29,-3.06,-6.01,,
2017-01-30,-2.78,-7.63,,
2017-01-31,-4.00,-7.52,,
2017-02-01,-3.43,-7.35,,
2017-02-02,-3.45,-6.78,,
2017-02-03,-2.65,-4.98,,
2017-02-04,-2.90,-5.45,,
2017-02-05,-3.53,-6.93,,
2017-02-06,-3.31,-6.50,,
2017-02-07,-3.12,-6.70,,
2017-02-08,-2.76,-4.41,,
2017-02-09,-1.91,-4.98,,
2017-02-10,-4.24,-8.32,,
2017-02-11,-4.94,-8.90,,
2017-02-12,-3.33,-6.53,,
2017-02-13,-3.12,-5.19,,
2017-02-14,-2.30,-4.71,,
2017-02-15,-0.96,-5.44,,
2017-02-16,-0.21,-3.93,,
2017-02-17,-0.81,-4.61,,
2017-02-18,-0.34,-4.85,,
2017-02-19,-2.71,-5.55,,
2017-02-20,-1.85,-4.83,,
2017-02-21,-2.27,-7.43,,
2017-02-22,-0.84,-5.96,,
2017-02-23,-0.19,-3.59,,
2017-02-24,-0.23,-4.45,,
2017-02-25,-0.20,-5.59,,
2017-02-26,-3.09,-8.49,,
2017-02-27,-3.41,-6.98,,
2017-02-28,-3.51,-7.53,,
2017-03-01,-3.74,-6.47,,
2017-03-02,-2.59,-5.31,,
2017-03-03,-2.56,-5.76,,
2017-03-04,-4.34,-7.83,,
2017-03-05,-4.88,-9.58,,
2017-03-06,-3.05,-7.19,,
2017-03-07,-2.46,-6.41,,
2017-03-08,-2.81,-5.52,,
2017-03-09,-2.32,-4.98,,
2017-03-10,-3.38,-6.93,,
2017-03-11,-1.66,-3.91,,
2017-03-12,-2.73,-4.20,,
2017-03-13,-2.52,-1.77,,
2017-03-14,-2.57,-3.96,,
2017-03-15,-3.39,-7.27,,
2017-03-16,-3.64,-7.47,,
2017-03-17,-3.32,-6.25,,
2017-03-18,-2.94,-6.30,,
2017-03-19,-3.67,-7.87,,
2017-03-20,-2.10,-6.88,,
2017-03-21,-2.86,-6.74,,
2017-03-22,-3.16,-6.78,,
2017-03-23,-3.20,-8.80,,
2017-03-24,-3.56,-5.93,,
2017-03-25,-2.69,-6.66,,
2017-03-26,-2.19,-7.17,,
2017-03-27,-2.64,-6.88,,
2017-03-28,-1.82,-7.29,,
2017-03-29,-2.15,-8.04,,
2017-03-30,-2.63,-4.55,,
2017-03-31,-2.56,2.15,,
2017-04-01,-1.51,-2.83,,
2017-04-02,-1.70,-4.66,,
2017-04-03,-0.21,-4.04,,
2017-04-04,-2.61,-3.73,,
2017-04-05,-2.07,-4.24,,
2017-04-06,-1.12,-4.86,,
2017-04-07,-3.22,-6.06,,
2017-04-08,-4.04,-9.08,,
2017-04-09,-3.48,-7.14,,
2017-04-10,-3.52,-6.91,,
2017-04-11,-3.57,-6.44,,
2017-04-12,-3.31,-6.22,,
2017-04-13,-3.56,-7.29,,
2017-04-14,-3.72,-8.36,,
2017-04-15,-3.58,-7.02,,
2017-04-16,-2.91,-5.70,,
2017-04-17,-1.67,-4.36,,
2017-04-18,0.99,-2.33,,
2017-04-19,-0.63,2.75,,
2017-04-20,2.51,2.26,,
2017-04-21,1.70,2.84,,
2017-04-22,-1.00,-3.74,,
2017-04-23,0.80,-3.75,,
2017-04-24,0.14,-4.00,,
2017-04-25,-0.71,-3.64,,
2017-04-26,0.06,-3.51,,
2017-04-27,2.55,0.50,,
2017-04-28,-0.81,-4.18,,
2017-04-29,-2.19,-5.15,,
2017-04-30,-0.18,5.26,,
2017-05-01,2.84,1.70,,
2017-05-02,0.13,-2.39,,
2017-05-03,0.00,-3.82,,
2017-05-04,-0.09,-2.71,,
2017-05-05,3.63,0.38,,
2017-05-06,3.38,2.19,,
2017-05-07,2.85,0.66,,
2017-05-08,-0.63,-3.59,,
2017-05-09,3.46,0.36,,
2017-05-10,3.19,0.00,,
2017-05-11,3.00,-0.16,,
2017-05-12,4.13,0.73,,
2017-05-13,-1.02,1.57,,
2017-05-14,-1.40,-3.66,,
2017-05-15,2.26,0.69,,
2017-05-16,2.14,2.38,,
2017-05-17,-0.25,-2.83,,
2017-05-18,0.15,-2.83,,
2017-05-19,-3.58,-2.60,,
2017-05-20,-4.99,-2.76,,
2017-05-21,2.80,1.68,,
2017-05-22,2.76,-0.19,,
2017-05-23,1.07,2.65,,
2017-05-24,0.09,-2.69,,
2017-05-25,2.63,-1.98,,
2017-05-26,3.64,1.62,,
2017-05-27,-1.18,3.06,,
2017-05-28,-1.81,-2.58,,
2017-05-29,-4.68,-1.34,,
2017-05-30,2.89,-1.67,,
2017-05-31,2.73,1.77,,
2017-06-01,2.30,3.06,,
2017-06-02,-2.09,-2.02,,
2017-06-03,-1.92,-3.77,,
2017-06-04,4.28,1.23,,
2017-06-05,2.83,1.14,,
2017-06-06,3.21,-0.11,,
2017-06-07,4.19,1.36,,
2017-06-08,4.33,2.71,,
2017-06-09,-0.06,3.33,,
2017-06-10,-1.22,-3.18,,
2017-06-11,2.50,-1.06,,
2017-06-12,1.77,4.39,,
2017-06-13,1.53,1.15,,
2017-06-14,2.02,1.88,,
2017-06-15,3.02,1.16,,
2017-06-16,2.44,1.84,,
2017-06-17,2.02,1.22,,
2017-06-18,2.30,0.28,,
2017-06-19,2.07,3.19,,
2017-06-20,2.72,-1.04,,
2017-06-21,1.42,4.63,,
2017-06-22,0.75,-2.32,,
2017-06-23,1.68,-2.59,,
2017-06-24,-2.27,-2.91,,
2017-06-25,1.46,-4.78,,
2017-06-26,1.58,2.85,,
2017-06-27,3.01,1.67,,
2017-06-28,3.06,0.60,,
2017-06-29,-1.77,-3.32,,
2017-06-30,-3.23,-1.24,,
2017-07-01,-2.28,-3.79,,
2017-07-02,-2.52,-3.60,,
2017-07-03,-3.14,-2.45,,
2017-07-04,-1.49,-3.05,,
2017-07-05,-4.50,-1.82,,
2017-07-06,0.68,3.84,,
2017-07-07,-2.50,-1.56,,
2017-07-08,-2.89,-1.74,,
2017-07-09,-2.52,-3.23,,
2017-07-10,-0.53,3.75,,
2017-07-11,1.75,1.88,,
2017-07-12,-1.13,-2.31,,
2017-07-13,-3.32,-4.10,,
2017-07-14,-3.63,-0.19,,
2017-07-15,0.41,2.31,,
2017-07-16,-1.92,2.74,,
2017-07-17,4.25,-0.15,,
2017-07-18,-1.81,-3.14,,
2017-07-19,-4.24,1.30,,
2017-07-20,0.68,3.88,,
2017-07-21,-2.29,-2.29,,
2017-07-22,-3.41,-3.41,,
2017-07-23,-2.69,1.82,,
2017-07-24,-1.01,-2.78,,
2017-07-25,-2.62,-3.36,,
2017-07-26,-3.73,-0.46,,
2017-07-27,1.44,-2.31,,
2017-07-28,1.62,-2.00,,
2017-07-29,2.61,2.52,,
2017-07-30,1.08,2.21,,
2017-07-31,2.16,1.20,,
2017-08-01,0.40,-2.26,,
2017-08-02,-2.50,-3.56,,
2017-08-03,-2.62,-3.60,,
2017-08-04,-3.88,-3.62,,
2017-08-05,1.06,3.48,,
2017-08-06,-0.21,-2.95,,
2017-08-07,3.88,1.65,,
2017-08-08,-1.99,2.37,,
2017-08-09,2.42,1.57,,
2017-08-10,2.14,1.80,,
2017-08-11,2.20,3.53,,
2017-08-12,0.96,3.59,,
2017-08-13,2.19,-0.67,,
2017-08-14,-2.03,-3.38,,
2017-08-15,-3.53,-4.69,,
2017-08-16,3.71,1.73,,
2017-08-17,-0.87,4.11,,
2017-08-18,-1.28,-4.77,,
2017-08-19,1.87,2.78,,
2017-08-20,1.84,4.33,,
2017-08-21,-2.16,-2.48,,
2017-08-22,0.79,-2.77,,
2017-08-23,1.68,1.68,,
2017-08-24,2.63,0.76,,
2017-08-25,3.06,1.05,,
2017-08-26,1.71,0.69,,
2017-08-27,-3.58,1.83,,
2017-08-28,1.60,2.47,,
2017-08-29,3.14,1.46,,
2017-08-30,3.35,0.18,,
2017-08-31,1.19,-1.90,,
2017-09-01,-1.98,-2.45,,
2017-09-02,-4.42,-1.79,,
2017-09-03,0.41,3.36,,
2017-09-04,1.65,-2.20,,
2017-09-05,-3.73,1.98,,
2017-09-06,-0.86,-3.44,,
2017-09-07,-0.49,-3.12,,
2017-09-08,1.89,-0.69,,
2017-09-09,2.17,2.17,,
2017-09-10,1.86,3.65,,
2017-09-11,-2.45,-0.99,,
2017-09-12,0.41,-4.69,,
2017-09-13,-1.80,3.00,,
2017-09-14,1.95,-0.91,,
2017-09-15,-0.54,-2.56,,
2017-09-16,2.09,0.04,,
2017-09-17,1.83,2.18,,
2017-09-18,1.34,0.33,,
2017-09-19,1.78,-0.83,,
2017-09-20,1.81,-2.69,,
2017-09-21,-0.39,-2.78,,
2017-09-22,1.95,-0.95,,
2017-09-23,1.85,-0.13,,
2017-09-24,1.78,-0.03,,
2017-09-25,2.46,-0.09,,
2017-09-26,2.31,1.80,,
2017-09-27,0.00,-2.63,,
2017-09-28,4.30,1.32,,
2017-09-29,2.13,1.61,,
2017-09-30,2.63,0.37,,
2017-10-01,1.42,1.81,,
2017-10-02,2.45,1.59,,
2017-10-03,1.82,-2.33,,
2017-10-04,2.48,2.76,,
2017-10-05,4.57,6.52,,
2017-10-06,1.49,5.21,,
2017-10-07,-1.44,-2.60,,
2017-10-08,-1.17,-3.83,,
2017-10-09,-2.86,-3.29,,
2017-10-10,2.60,-0.05,,
2017-10-11,-0.15,-2.84,,
2017-10-12,-1.17,-3.21,,
2017-10-13,-2.07,-4.07,,
2017-10-14,-0.63,-4.50,,
2017-10-15,-3.89,-3.63,,
2017-10-16,-1.55,-3.85,,
2017-10-17,-1.60,-3.00,,
2017-10-18,-1.36,4.18,,
2017-10-19,2.20,2.92,,
2017-10-20,2.03,-0.25,,
2017-10-21,1.46,2.75,,
2017-10-22,1.36,3.37,,
2017-10-23,1.85,2.37,,
2017-10-24,2.57,-0.59,,
2017-10-25,2.49,3.56,,
2017-10-26,1.72,-0.03,,
2017-10-27,1.55,-2.80,,
2017-10-28,3.44,1.98,,
2017-10-29,3.08,-0.49,,
2017-10-30,1.43,1.28,,
2017-10-31,0.00,-3.27,,
2017-11-01,-2.25,-3.60,,
2017-11-02,-3.11,-5.38,,
2017-11-03,-1.17,-5.07,,
2017-11-04,0.92,4.00,,
2017-11-05,3.03,1.22,,
2017-11-06,2.87,-0.77,,
2017-11-07,-0.93,-3.73,,
2017-11-08,1.22,-3.54,,
2017-11-09,3.22,1.44,,
2017-11-10,3.96,1.21,,
2017-11-11,1.38,-1.43,,
2017-11-12,0.33,-2.72,,
2017-11-13,3.23,2.43,,
2017-11-14,4.64,3.13,,
2017-11-15,3.83,6.37,,
2017-11-16,4.11,5.26,,
2017-11-17,7.16,5.01,,
2017-11-18,5.69,-0.30,,
2017-11-19,2.96,0.79,,
2017-11-20,0.34,-2.80,,
2017-11-21,1.05,-2.60,,
2017-11-22,2.83,0.30,,
2017-11-23,2.22,-0.77,,
2017-11-24,3.05,0.65,,
2017-11-25,2.39,1.44,,
2017-11-26,-1.55,-3.05,,
2017-11-27,1.50,2.07,,
2017-11-28,2.55,1.03,,
2017-11-29,-2.01,-2.09,,
2017-11-30,2.74,2.83,,
2017-12-01,-2.22,-2.74,,
2017-12-02,-3.83,-3.70,,
2017-12-03,-3.57,-4.74,,
2017-12-04,-2.95,-4.90,,
2017-12-05,-2.78,-2.41,,
2017-12-06,-3.42,0.60,,
2017-12-07,2.50,1.39,,
2017-12-08,2.93,2.13,,
2017-12-09,2.77,0.74,,
2017-12-10,2.17,-1.25,,
2017-12-11,-3.38,-2.19,,
2017-12-12,-1.68,-4.88,,
2017-12-13,0.33,-4.79,,
2017-12-14,-2.36,-5.57,,
2017-12-15,-2.08,-3.75,,
2017-12-16,-2.70,-4.49,,
2017-12-17,-2.84,-4.20,,
2017-12-18,-4.31,-6.39,,
2017-12-19,-2.76,-5.41,,
2017-12-20,-3.31,-5.30,,
2017-12-21,-3.68,-5.46,,
2017-12-22,-2.93,-4.87,,
2017-12-23,-3.67,-5.88,,
2017-12-24,-2.33,-4.78,,
2017-12-25,-1.76,-4.84,,
2017-12-26,-3.02,-5.03,,
2017-12-27,-3.55,-5.68,,
2017-12-28,-2.60,-4.69,,
2017-12-29,4.64,1.60,,
2017-12-30,3.24,-2.72,,
2017-12-31,-2.72,-4.36,,
2018-01-01,-4.28,-3.59,,
2018-01-02,2.16,-2.97,,
2018-01-03,3.13,0.96,,
2018-01-04,2.62,-0.61,,
2018-01-05,-0.27,-2.18,,
2018-01-06,-0.60,-3.79,,
2018-01-07,-2.49,-3.84,,
2018-01-08,-3.83,-3.45,,
2018-01-09,1.33,-4.09,,
2018-01-10,2.50,4.00,,
2018-01-11,1.09,-2.45,,
2018-01-12,0.11,-3.12,,
2018-01-13,-2.00,-3.21,,
2018-01-14,-2.93,-4.03,,
2018-01-15,-3.82,-4.89,,
2018-01-16,-2.86,-4.24,,
2018-01-17,-2.31,-3.29,,
2018-01-18,-2.48,0.26,,
2018-01-19,-3.05,-3.90,,
2018-01-20,-2.74,-4.75,,
2018-01-21,-3.20,-5.12,,
2018-01-22,-2.53,-4.37,,
2018-01-23,-2.69,-4.14,,
2018-01-24,-3.31,-5.51,,
2018-01-25,-3.59,-6.47,,
2018-01-26,-3.75,-6.25,,
2018-01-27,-3.23,-4.97,,
2018-01-28,-1.87,-4.01,,
2018-01-29,-1.07,-3.99,,
2018-01-30,-2.55,-5.74,,
2018-01-31,-3.89,-7.31,,
2018-02-01,-4.33,-6.93,,
2018-02-02,-3.77,-6.80,,
2018-02-03,-4.43,-8.33,,
2018-02-04,-3.54,-6.39,,
2018-02-05,-3.33,-7.13,,
2018-02-06,-3.80,-7.45,,
2018-02-07,-3.36,-6.89,,
2018-02-08,-3.53,-5.88,,
2018-02-09,-3.54,-6.39,,
2018-02-10,-2.24,-4.81,,
2018-02-11,-2.54,-4.77,,
2018-02-12,-1.94,-5.05,,
2018-02-13,-3.49,-7.16,,
2018-02-14,-3.91,-6.77,,
2018-02-15,-3.70,-6.68,,
2018-02-16,-3.26,-6.41,,
2018-02-17,-3.48,-6.55,,
2018-02-18,-3.21,-6.58,,
2018-02-19,-2.93,-6.29,,
2018-02-20,-2.76,-5.91,,
2018-02-21,-3.90,-7.03,,
2018-02-22,-2.88,-5.90,,
2018-02-23,-4.30,-5.91,,
2018-02-24,-3.35,-5.36,,
2018-02-25,-3.48,-5.79,,
2018-02-26,-3.78,-6.29,,
2018-02-27,-3.75,-8.43,,
2018-02-28,-3.03,-9.32,,
2018-03-01,-2.72,-7.08,,
2018-03-02,-3.11,-6.67,,
2018-03-03,-3.80,-9.41,,
2018-03-04,-1.91,-9.00,,
2018-03-05,-0.79,-7.56,,
2018-03-06,-3.21,-9.31,,
2018-03-07,-3.12,-7.72,,
2018-03-08,-2.32,-4.98,,
2018-03-09,-2.32,-4.02,,
2018-03-10,-1.71,-5.25,,
2018-03-11,0.07,-4.26,,
2018-03-12,3.71,-1.13,,
2018-03-13,2.23,-3.30,,
2018-03-14,0.17,-4.91,,
2018-03-15,-2.06,-8.27,,
2018-03-16,-2.70,-6.36,,
2018-03-17,-3.07,-6.90,,
2018-03-18,-3.76,-6.50,,
2018-03-19,-3.27,-6.70,,
2018-03-20,-2.86,-5.60,,
2018-03-21,-2.55,-5.01,,
2018-03-22,-3.14,-7.39,,
2018-03-23,-3.67,-6.61,,
2018-03-24,-3.72,-6.43,,
2018-03-25,-3.36,-6.32,,
2018-03-26,-3.31,-6.49,,
2018-03-27,-3.70,-7.58,,
2018-03-28,-3.92,-7.70,,
2018-03-29,-2.84,-6.70,,
2018-03-30,-3.02,-6.78,,
2018-03-31,-4.04,-7.59,,
2018-04-01,-3.28,-9.54,,
2018-04-02,-3.14,-7.77,,
2018-04-03,-2.76,-6.20,,
2018-04-04,-2.72,-5.57,,
2018-04-05,-2.47,-5.29,,
2018-04-06,-3.51,-3.64,,
2018-04-07,-2.48,-2.40,,
2018-04-08,-1.47,-3.83,,
2018-04-09,-2.29,-4.69,,
2018-04-10,-3.78,2.96,,
2018-04-11,2.14,1.93,,
2018-04-12,1.48,-2.46,,
2018-04-13,-3.46,-4.43,,
2018-04-14,-3.37,-4.47,,
2018-04-15,-2.02,-2.49,,
2018-04-16,-1.59,-3.94,,
2018-04-17,-3.45,-5.12,,
2018-04-18,-3.27,-4.50,,
2018-04-19,-2.33,-3.87,,
2018-04-20,-2.14,-4.39,,
2018-04-21,-1.77,-3.33,,
2018-04-22,-3.82,-1.24,,
2018-04-23,-0.89,-2.10,,
2018-04-24,-3.91,-3.64,,
2018-04-25,-2.76,-0.44,,
2018-04-26,-1.25,-3.44,,
2018-04-27,-1.30,4.26,,
2018-04-28,0.12,-2.24,,
2018-04-29,-0.23,-1.88,,
2018-04-30,-2.35,-3.49,,
2018-05-01,-2.94,-4.70,,
2018-05-02,-1.85,-2.55,,
2018-05-03,-2.25,-3.60,,
2018-05-04,1.15,2.85,,
2018-05-05,1.41,1.62,,
2018-05-06,1.66,-1.20,,
2018-05-07,2.68,0.23,,
2018-05-08,1.30,0.72,,
2018-05-09,-0.32,2.01,,
2018-05-10,2.45,1.04,,
2018-05-11,2.13,2.28,,
2018-05-12,-1.18,-3.63,,
2018-05-13,-1.95,5.08,,
2018-05-14,2.18,1.76,,
2018-05-15,-1.96,1.89,,
2018-05-16,0.89,-2.74,,
2018-05-17,2.29,2.13,,
2018-05-18,3.10,-0.38,,
2018-05-19,1.32,1.75,,
2018-05-20,-2.20,-2.62,,
2018-05-21,0.91,3.17,,
2018-05-22,0.89,-1.90,,
2018-05-23,-2.60,1.33,,
2018-05-24,0.47,2.43,,
2018-05-25,1.75,1.75,,
2018-05-26,2.90,1.96,,
2018-05-27,2.14,0.74,,
2018-05-28,2.70,0.09,,
2018-05-29,-0.70,-1.92,,
2018-05-30,2.49,0.53,,
2018-05-31,-2.12,-1.60,,
2018-06-01,-1.95,-2.68,,
2018-06-02,-2.76,-1.60,,
2018-06-03,-2.40,-1.62,,
2018-06-04,-1.67,2.38,,
2018-06-05,2.97,1.20,,
2018-06-06,2.50,0.18,,
2018-06-07,-0.78,3.66,,
2018-06-08,-0.62,3.92,,
2018-06-09,-2.60,-3.10,,
2018-06-10,0.95,3.79,,
2018-06-11,1.72,0.03,,
2018-06-12,-1.70,-1.70,,
2018-06-13,2.03,-3.52,,
2018-06-14,-0.79,4.06,,
2018-06-15,2.83,-1.51,,
2018-06-16,2.17,-2.25,,
2018-06-17,2.44,0.00,,
2018-06-18,-1.94,3.98,,
2018-06-19,-2.03,1.58,,
2018-06-20,2.05,1.04,,
2018-06-21,0.62,-2.48,,
2018-06-22,-2.92,-2.54,,
2018-06-23,-3.32,-2.41,,
2018-06-24,1.12,3.91,,
2018-06-25,1.75,-1.81,,
2018-06-26,-1.06,-2.91,,
2018-06-27,3.18,2.14,,
2018-06-28,1.70,2.72,,
2018-06-29,2.32,-2.24,,
2018-06-30,3.81,-1.02,,
2018-07-01,-1.21,3.97,,
2018-07-02,-3.41,2.39,,
2018-07-03,-1.53,2.36,,
2018-07-04,-1.00,-3.48,,
2018-07-05,-2.76,-4.24,,
2018-07-06,-1.15,-3.33,,
2018-07-07,-3.05,-3.27,,
2018-07-08,-2.68,-4.63,,
2018-07-09,-3.41,-5.46,,
2018-07-10,-6.11,0.43,,
2018-07-11,0.66,-2.64,,
2018-07-12,-0.67,-4.24,,
2018-07-13,-2.85,-5.14,,
2018-07-14,-3.19,-3.30,,
2018-07-15,-2.80,-4.00,,
2018-07-16,-2.48,-3.29,,
2018-07-17,-0.32,-3.64,,
2018-07-18,-0.55,-3.09,,
2018-07-19,-2.40,-4.51,,
2018-07-20,-2.97,-3.67,,
2018-07-21,3.18,1.83,,
2018-07-22,-2.49,-3.30,,
2018-07-23,1.57,2.73,,
2018-07-24,-1.14,-1.83,,
2018-07-25,-3.10,-2.51,,
2018-07-26,-2.33,-3.59,,
2018-07-27,1.24,2.92,,
2018-07-28,2.65,-1.29,,
2018-07-29,3.05,-0.59,,
2018-07-30,2.98,1.93,,
2018-07-31,4.21,0.97,,
2018-08-01,-2.30,-2.14,,
2018-08-02,-0.71,-4.00,,
2018-08-03,3.08,-2.16,,
2018-08-04,3.95,0.77,,
2018-08-05,-4.70,-3.06,,
2018-08-06,-2.19,-3.24,,
2018-08-07,-0.18,-3.43,,
2018-08-08,-4.37,-2.42,,
2018-08-09,-2.63,-4.94,,
2018-08-10,-3.48,-4.62,,
2018-08-11,-1.59,-3.12,,
2018-08-12,-3.47,-3.36,,
2018-08-13,0.57,-4.02,,
2018-08-14,4.33,-4.18,,
2018-08-15,1.12,3.92,,
2018-08-16,-0.90,-3.89,,
2018-08-17,-2.40,-4.52,,
2018-08-18,-4.37,-3.41,,
2018-08-19,0.11,-2.14,,
2018-08-20,-0.99,-2.87,,
2018-08-21,-3.32,-3.82,,
2018-08-22,0.24,3.36,,
2018-08-23,3.54,3.19,,
2018-08-24,-1.89,1.18,,
2018-08-25,-0.63,-3.26,,
2018-08-26,-2.35,2.52,,
2018-08-27,2.30,-0.70,,
2018-08-28,2.24,-0.86,,
2018-08-29,0.28,3.95,,
2018-08-30,1.53,2.87,,
2018-08-31,0.43,-3.04,,
2018-09-01,3.03,-1.54,,
2018-09-02,3.49,1.63,,
2018-09-03,2.40,2.40,,
2018-09-04,-3.83,3.45,,
2018-09-05,1.95,0.75,,
2018-09-06,2.61,2.61,,
2018-09-07,2.95,-0.15,,
2018-09-08,2.40,0.17,,
2018-09-09,-0.19,-3.55,,
2018-09-10,0.82,-2.15,,
2018-09-11,-3.65,-2.19,,
2018-09-12,-1.18,3.08,,
2018-09-13,1.36,2.56,,
2018-09-14,1.65,2.86,,
2018-09-15,2.53,2.28,,
2018-09-16,1.60,3.59,,
2018-09-17,-1.96,-2.60,,
2018-09-18,0.45,-3.66,,
2018-09-19,1.52,2.43,,
2018-09-20,2.49,2.40,,
2018-09-21,3.43,-1.67,,
2018-09-22,2.29,3.53,,
2018-09-23,3.18,-1.76,,
2018-09-24,1.80,3.54,,
2018-09-25,0.73,-3.45,,
2018-09-26,2.33,3.88,,
2018-09-27,2.52,3.00,,
2018-09-28,2.29,-0.32,,
2018-09-29,0.74,-3.82,,
2018-09-30,-0.37,-3.54,,
2018-10-01,2.81,0.97,,
2018-10-02,2.67,0.28,,
2018-10-03,0.97,-1.90,,
2018-10-04,2.51,1.96,,
2018-10-05,-2.76,-2.57,,
2018-10-06,1.91,-1.06,,
2018-10-07,-0.14,-2.68,,
2018-10-08,1.38,-2.39,,
2018-10-09,2.68,1.95,,
2018-10-10,2.64,1.12,,
2018-10-11,3.67,2.77,,
2018-10-12,2.72,2.92,,
2018-10-13,4.42,4.27,,
2018-10-14,2.45,0.52,,
2018-10-15,1.03,-3.59,,
2018-10-16,1.66,3.41,,
2018-10-17,1.53,2.65,,
2018-10-18,2.66,-0.91,,
2018-10-19,-0.72,-3.36,,
2018-10-20,-4.50,-2.01,,
2018-10-21,-2.44,-2.71,,
2018-10-22,-0.49,2.78,,
2018-10-23,1.50,-3.90,,
2018-10-24,-0.43,3.52,,
2018-10-25,0.93,2.55,,
2018-10-26,3.04,-0.54,,
2018-10-27,2.03,0.99,,
2018-10-28,0.36,-1.68,,
2018-10-29,-3.50,-3.89,,
2018-10-30,-3.47,-4.77,,
2018-10-31,-2.87,-3.08,,
2018-11-01,-3.71,-1.21,,
2018-11-02,0.88,4.13,,
2018-11-03,2.17,0.62,,
2018-11-04,2.61,-0.51,,
2018-11-05,2.73,1.98,,
2018-11-06,1.90,2.26,,
2018-11-07,-1.26,-2.96,,
2018-11-08,-2.34,-3.61,,
2018-11-09,-4.41,0.70,,
2018-11-10,-3.13,-0.33,,
2018-11-11,-3.45,-5.31,,
2018-11-12,-3.08,-4.56,,
2018-11-13,-3.51,1.28,,
2018-11-14,0.15,2.93,,
2018-11-15,2.08,-0.07,,
2018-11-16,-1.03,-2.99,,
2018-11-17,-3.02,-3.48,,
2018-11-18,-3.43,-2.98,,
2018-11-19,-0.56,3.51,,
2018-11-20,-3.16,-2.65,,
2018-11-21,-2.88,-3.09,,
2018-11-22,3.40,-1.44,,
2018-11-23,-3.08,-2.08,,
2018-11-24,-1.80,-3.85,,
2018-11-25,-2.34,-4.40,,
2018-11-26,-2.90,-4.14,,
2018-11-27,3.84,2.79,,
2018-11-28,2.82,0.50,,
2018-11-29,-2.27,-2.35,,
2018-11-30,-3.72,-3.99,,
2018-12-01,-4.02,-2.82,,
2018-12-02,-2.03,-3.98,,
2018-12-03,-2.44,-3.12,,
2018-12-04,-2.33,-2.49,,
2018-12-05,-3.14,-4.49,,
2018-12-06,-3.83,-5.47,,
2018-12-07,-3.19,-5.31,,
2018-12-08,-2.28,-3.94,,
2018-12-09,-2.12,-4.35,,
2018-12-10,-2.80,-4.84,,
2018-12-11,-2.65,-5.19,,
2018-12-12,-3.59,-6.75,,
2018-12-13,-3.40,-5.44,,
2018-12-14,-4.09,-1.91,,
2018-12-15,-1.38,-3.59,,
2018-12-16,-2.72,-5.35,,
2018-12-17,-3.11,-4.62,,
2018-12-18,-3.15,-5.04,,
2018-12-19,-2.49,-4.31,,
2018-12-20,1.72,-3.69,,
2018-12-21,0.47,-3.33,,
2018-12-22,-1.85,-5.71,,
2018-12-23,-3.82,-5.89,,
2018-12-24,-2.64,-5.41,,
2018-12-25,-3.18,-6.25,,
2018-12-26,-3.63,-6.54,,
2018-12-27,-3.38,-5.63,,
2018-12-28,-2.85,-5.13,,
2018-12-29,-2.75,-5.64,,
2018-12-30,-2.21,-5.47,,
2018-12-31,-2.39,-5.62,,
2019-01-01,-3.38,-6.35,,
2019-01-02,-3.88,-6.46,,
2019-01-03,-2.84,-4.73,,
2019-01-04,-2.65,-3.51,,
2019-01-05,-2.29,-4.30,,
2019-01-06,-3.01,-7.09,,
2019-01-07,-2.77,-5.69,,
2019-01-08,-2.63,-4.75,,
2019-01-09,-2.81,-4.67,,
2019-01-10,-2.52,-5.93,,
2019-01-11,-2.95,-8.11,,
2019-01-12,-2.88,-6.46,,
2019-01-13,-3.45,-6.78,,
2019-01-14,-3.22,-6.90,,
2019-01-15,-3.60,-6.76,,
2019-01-16,-4.26,-8.36,,
2019-01-17,-4.33,-8.87,,
2019-01-18,-3.49,-8.23,,
2019-01-19,-2.74,-6.45,,
2019-01-20,-2.76,-4.99,,
2019-01-21,-4.49,-10.09,,
2019-01-22,-4.85,-9.52,,
2019-01-23,-4.60,-7.08,,
2019-01-24,-2.46,-5.27,,
2019-01-25,-0.87,-4.47,,
2019-01-26,-3.29,-5.69,,
2019-01-27,-0.28,-5.43,,
2019-01-28,1.80,-3.12,,
2019-01-29,-0.87,-5.47,,
2019-01-30,-2.58,-8.43,,
2019-01-31,-3.82,-7.50,,
2019-02-01,-2.68,-5.50,,
2019-02-02,-2.75,-5.17,,
2019-02-03,-3.44,-7.05,,
2019-02-04,-3.60,-6.23,,
2019-02-05,-3.38,-8.37,,
2019-02-06,-4.20,-9.43,,
2019-02-07,-4.53,-9.28,,
2019-02-08,-4.26,-8.02,,
2019-02-09,-4.54,-9.30,,
2019-02-10,-4.25,-8.35,,
2019-02-11,-2.45,-5.76,,
2019-02-12,-3.14,-4.83,,
2019-02-13,0.00,-4.97,,
2019-02-14,2.05,-3.41,,
2019-02-15,-0.22,-6.39,,
2019-02-16,-0.46,-6.58,,
2019-02-17,-0.91,-5.14,,
2019-02-18,-1.72,-5.00,,
2019-02-19,-3.04,-5.27,,
2019-02-20,-4.68,-1.61,,
2019-02-21,-1.91,-4.51,,
2019-02-22,-3.31,-6.22,,
2019-02-23,-3.71,-4.42,,
2019-02-24,-3.15,-5.24,,
2019-02-25,-3.37,-6.61,,
2019-02-26,-4.69,-8.12,,
2019-02-27,-3.65,-4.85,,
2019-02-28,-3.61,-5.16,,
2019-03-01,-0.72,-5.09,,
2019-03-02,-6.04,-0.96,,
2019-03-03,-2.94,-3.91,,
2019-03-04,-1.56,-5.10,,
2019-03-05,-3.34,-4.78,,
2019-03-06,-4.11,-7.73,,
2019-03-07,-4.91,-10.53,,
2019-03-08,-3.95,-8.10,,
2019-03-09,-3.65,-7.82,,
2019-03-10,-3.42,-6.43,,
2019-03-11,-3.33,-6.01,,
2019-03-12,-3.52,-7.90,,
2019-03-13,-4.06,-8.71,,
2019-03-14,-3.20,-6.01,,
2019-03-15,-3.49,-5.58,,
2019-03-16,-3.46,-6.52,,
2019-03-17,-3.62,-8.12,,
2019-03-18,-3.54,-6.67,,
2019-03-19,-3.37,-4.99,,
2019-03-20,-1.60,-3.95,,
2019-03-21,-3.29,-6.45,,
2019-03-22,-3.55,-9.24,,
2019-03-23,-2.84,-8.24,,
2019-03-24,-2.65,-6.56,,
2019-03-25,-2.58,-4.66,,
2019-03-26,-3.26,-7.33,,
2019-03-27,-3.47,-10.09,,
2019-03-28,-2.69,-10.05,,
2019-03-29,-1.94,-9.13,,
2019-03-30,-2.39,-6.95,,
2019-03-31,-2.26,-6.96,,
2019-04-01,-2.27,-3.93,,
2019-04-02,-3.80,-5.05,,
2019-04-03,-3.40,-7.64,,
2019-04-04,-3.10,-5.83,,
2019-04-05,-4.19,-5.18,,
2019-04-06,-3.36,-4.80,,
2019-04-07,-3.61,-4.16,,
2019-04-08,-4.70,-2.94,,
2019-04-09,-0.61,-3.16,,
2019-04-10,2.91,-1.36,,
2019-04-11,2.70,-1.44,,
2019-04-12,-2.14,-6.22,,
2019-04-13,-3.16,-5.47,,
2019-04-14,-5.05,-1.26,,
2019-04-15,-3.40,-3.29,,
2019-04-16,-3.29,-5.69,,
2019-04-17,-2.85,-5.59,,
2019-04-18,-4.35,-4.50,,
2019-04-19,-1.71,-2.95,,
2019-04-20,0.36,2.93,,
2019-04-21,-1.90,-1.71,,
2019-04-22,-4.99,-1.92,,
2019-04-23,-3.62,-5.79,,
2019-04-24,-3.22,-6.05,,
2019-04-25,-2.80,-4.85,,
2019-04-26,-3.04,-2.74,,
2019-04-27,-1.97,-3.27,,
2019-04-28,-2.48,-4.66,,
2019-04-29,-2.60,-3.45,,
2019-04-30,-1.07,-2.00,,
2019-05-01,-0.73,-3.77,,
2019-05-02,-2.23,-4.20,,
2019-05-03,-2.30,-3.98,,
2019-05-04,-3.43,3.81,,
2019-05-05,-1.46,-2.74,,
2019-05-06,-3.23,-2.62,,
2019-05-07,-4.43,2.66,,
2019-05-08,-4.87,1.40,,
2019-05-09,-1.61,2.68,,
2019-05-10,2.90,1.96,,
2019-05-11,1.17,-2.11,,
2019-05-12,-1.77,-2.95,,
2019-05-13,-0.37,-4.25,,
2019-05-14,1.40,1.31,,
2019-05-15,2.07,0.00,,
2019-05-16,-0.32,-2.01,,
2019-05-17,1.54,-3.30,,
2019-05-18,1.20,2.25,,
2019-05-19,1.62,1.86,,
2019-05-20,-1.67,0.67,,
2019-05-21,-0.83,2.88,,
2019-05-22,-0.66,-3.11,,
2019-05-23,-2.59,-2.33,,
2019-05-24,0.80,-1.98,,
2019-05-25,-3.74,-1.44,,
2019-05-26,1.24,-1.15,,
2019-05-27,0.48,3.42,,
2019-05-28,1.26,-2.70,,
2019-05-29,2.11,1.37,,
2019-05-30,0.85,3.16,,
2019-05-31,2.77,-0.39,,
2019-06-01,3.34,0.77,,
2019-06-02,-1.69,1.52,,
2019-06-03,-1.68,-3.15,,
2019-06-04,-3.01,-2.35,,
2019-06-05,-0.69,2.13,,
2019-06-06,1.65,1.59,,
2019-06-07,2.07,2.22,,
2019-06-08,-1.55,-2.57,,
2019-06-09,-2.77,-2.17,,
2019-06-10,3.06,2.06,,
2019-06-11,2.94,1.07,,
2019-06-12,3.95,0.77,,
2019-06-13,-2.29,-2.73,,
2019-06-14,-0.88,-2.06,,
2019-06-15,-3.32,0.77,,
2019-06-16,-3.37,-0.84,,
2019-06-17,-2.57,-3.41,,
2019-06-18,-2.79,-4.65,,
2019-06-19,-3.48,-2.92,,
2019-06-20,-1.37,-4.22,,
2019-06-21,0.45,3.20,,
2019-06-22,-0.94,-3.29,,
2019-06-23,-2.46,-4.64,,
2019-06-24,-1.30,-3.99,,
2019-06-25,-1.66,2.38,,
2019-06-26,-1.07,-4.62,,
2019-06-27,-1.72,-3.24,,
2019-06-28,-2.69,-4.31,,
2019-06-29,0.45,-2.81,,
2019-06-30,1.70,2.71,,
2019-07-01,2.30,2.14,,
2019-07-02,-0.56,2.91,,
2019-07-03,4.29,-2.00,,
2019-07-04,-2.44,-5.47,,
2019-07-05,-4.91,-1.04,,
2019-07-06,-3.68,-3.68,,
2019-07-07,-1.94,-3.36,,
2019-07-08,4.34,0.69,,
2019-07-09,1.27,2.38,,
2019-07-10,-1.50,-2.83,,
2019-07-11,3.32,-1.14,,
2019-07-12,-1.93,-2.87,,
2019-07-13,-2.66,-3.79,,
2019-07-14,0.04,2.52,,
2019-07-15,3.51,2.64,,
2019-07-16,1.36,-2.02,,
2019-07-17,-2.93,-4.04,,
2019-07-18,-3.08,-3.81,,
2019-07-19,-2.10,-4.12,,
2019-07-20,-2.28,-4.28,,
2019-07-21,-2.50,-4.70,,
2019-07-22,3.11,3.71,,
2019-07-23,1.62,3.18,,
2019-07-24,1.91,0.81,,
2019-07-25,3.16,-0.91,,
2019-07-26,-4.52,2.82,,
2019-07-27,-1.27,-3.50,,
2019-07-28,-2.96,-4.55,,
2019-07-29,-2.99,-3.82,,
2019-07-30,-2.62,-3.74,,
2019-07-31,-1.85,-4.17,,
2019-08-01,0.61,-3.88,,
2019-08-02,1.00,4.02,,
2019-08-03,4.10,0.36,,
2019-08-04,2.11,0.94,,
2019-08-05,-2.00,-3.60,,
2019-08-06,-3.67,-2.39,,
2019-08-07,2.31,1.74,,
2019-08-08,1.13,-1.81,,
2019-08-09,-2.09,-3.21,,
2019-08-10,-1.61,-3.45,,
2019-08-11,-4.13,-1.84,,
2019-08-12,-3.91,-1.12,,
2019-08-13,-3.13,-3.24,,
2019-08-14,-3.05,2.65,,
2019-08-15,4.61,-1.23,,
2019-08-16,2.81,0.49,,
2019-08-17,2.13,-1.13,,
2019-08-18,-1.88,-3.38,,
2019-08-19,-2.21,-2.46,,
2019-08-20,2.45,2.53,,
2019-08-21,2.17,-2.99,,
2019-08-22,0.99,-2.88,,
2019-08-23,-3.87,-4.15,,
2019-08-24,-1.77,-2.44,,
2019-08-25,1.09,-2.71,,
2019-08-26,0.90,-4.25,,
2019-08-27,-2.02,-4.14,,
2019-08-28,-4.32,-5.52,,
2019-08-29,-1.73,-3.39,,
2019-08-30,-1.38,-4.24,,
2019-08-31,1.75,-3.60,,
2019-09-01,0.26,3.70,,
2019-09-02,2.97,-1.14,,
2019-09-03,-1.53,-3.00,,
2019-09-04,2.62,-1.45,,
2019-09-05,2.70,1.89,,
2019-09-06,1.50,-2.82,,
2019-09-07,-1.33,-2.99,,
2019-09-08,-2.16,-4.07,,
2019-09-09,0.38,-3.64,,
2019-09-10,-0.67,-3.13,,
2019-09-11,-3.93,-2.36,,
2019-09-12,4.08,1.90,,
2019-09-13,2.98,0.69,,
2019-09-14,2.73,-1.98,,
2019-09-15,2.37,3.03,,
2019-09-16,3.13,-0.22,,
2019-09-17,3.35,-0.12,,
2019-09-18,2.67,-1.60,,
2019-09-19,4.21,1.29,,
2019-09-20,2.68,1.81,,
2019-09-21,0.56,2.11,,
2019-09-22,-1.64,-0.70,,
2019-09-23,1.86,-0.79,,
2019-09-24,1.00,2.91,,
2019-09-25,2.36,0.33,,
2019-09-26,0.09,2.50,,
2019-09-27,-0.91,-2.81,,
2019-09-28,2.17,-3.47,,
2019-09-29,-2.12,-2.53,,
2019-09-30,1.28,3.02,,
2019-10-01,3.88,3.49,,
2019-10-02,3.11,-0.05,,
2019-10-03,1.87,-0.64,,
2019-10-04,2.82,0.15,,
2019-10-05,-3.14,3.75,,
2019-10-06,3.04,0.93,,
2019-10-07,3.35,1.15,,
2019-10-08,2.66,-0.42,,
2019-10-09,2.35,2.52,,
2019-10-10,1.84,-1.49,,
2019-10-11,2.00,-0.93,,
2019-10-12,1.79,0.09,,
2019-10-13,1.11,-2.89,,
2019-10-14,2.15,-0.23,,
2019-10-15,2.40,-3.30,,
2019-10-16,1.01,-3.32,,
2019-10-17,1.30,2.66,,
2019-10-18,2.72,1.57,,
2019-10-19,2.07,3.07,,
2019-10-20,1.87,1.87,,
2019-10-21,1.70,-1.38,,
2019-10-22,2.60,-0.32,,
2019-10-23,1.04,2.57,,
2019-10-24,2.76,0.29,,
2019-10-25,0.81,2.35,,
2019-10-26,1.31,-2.02,,
2019-10-27,3.16,0.85,,
2019-10-28,-1.10,-2.59,,
2019-10-29,-4.08,1.73,,
2019-10-30,3.07,1.84,,
2019-10-31,-1.55,-3.32,,
2019-11-01,-3.85,-3.00,,
2019-11-02,-0.74,-3.79,,
2019-11-03,-2.39,-3.06,,
2019-11-04,-4.13,-3.85,,
2019-11-05,-4.70,-3.54,,
2019-11-06,-0.78,-2.92,,
2019-11-07,-2.21,-3.82,,
2019-11-08,-1.99,-3.91,,
2019-11-09,-5.22,-1.40,,
2019-11-10,1.92,1.85,,
2019-11-11,2.06,2.37,,
2019-11-12,-3.56,-2.40,,
2019-11-13,-2.34,1.35,,
2019-11-14,2.11,1.77,,
2019-11-15,1.91,-1.78,,
2019-11-16,-3.14,-2.04,,
2019-11-17,-2.12,-3.03,,
2019-11-18,-1.86,-5.10,,
2019-11-19,-1.48,-4.83,,
2019-11-20,-1.97,-5.42,,
2019-11-21,-1.91,-5.89,,
2019-11-22,-1.21,-4.50,,
2019-11-23,-2.21,-3.16,,
2019-11-24,-3.21,-3.82,,
2019-11-25,-2.69,-4.85,,
2019-11-26,-3.02,-5.03,,
2019-11-27,-2.73,-5.35,,
2019-11-28,-3.21,-3.96,,
2019-11-29,-3.98,-3.34,,
2019-11-30,-4.20,-5.18,,
2019-12-01,-3.29,-4.88,,
2019-12-02,-2.37,-4.86,,
2019-12-03,-2.13,-6.56,,
2019-12-04,-1.38,-3.25,,
2019-12-05,-3.63,-3.27,,
2019-12-06,-2.53,-4.56,,
2019-12-07,-3.50,-2.64,,
2019-12-08,-3.61,-2.82,,
2019-12-09,-3.12,-4.81,,
2019-12-10,-2.52,-4.36,,
2019-12-11,-1.73,-3.89,,
2019-12-12,-3.27,-4.34,,
2019-12-13,-3.73,-3.48,,
2019-12-14,-1.75,-3.76,,
2019-12-15,-1.25,-4.68,,
2019-12-16,-2.83,-4.71,,
2019-12-17,-1.33,-4.65,,
2019-12-18,2.85,2.57,,
2019-12-19,1.94,-1.16,,
2019-12-20,-3.49,-2.44,,
2019-12-21,-2.09,-3.94,,
2019-12-22,-2.94,-4.19,,
2019-12-23,2.69,-1.43,,
2019-12-24,0.15,-2.89,,
2019-12-25,0.00,-4.71,,
2019-12-26,-2.55,-6.00,,
2019-12-27,-3.67,-7.52,,
2019-12-28,-2.67,-3.81,,
2019-12-29,-3.25,-5.41,,
2019-12-30,-3.61,-4.30,,
2019-12-31,-2.89,3.33,,
2020-01-01,-2.88,-3.68,,
2020-01-02,-3.11,-5.38,,
2020-01-03,-2.63,-4.21,,
2020-01-04,-1.50,-3.22,,
2020-01-05,-3.82,-8.20,,
2020-01-06,-4.63,-9.08,,
2020-01-07,-3.51,-6.60,,
2020-01-08,-4.06,-8.33,,
2020-01-09,-3.78,-6.82,,
2020-01-10,-4.07,-6.77,,
2020-01-11,-3.59,-5.53,,
2020-01-12,-1.90,-5.84,,
2020-01-13,-2.34,-5.79,,
2020-01-14,-3.07,-7.60,,
2020-01-15,-4.05,-7.94,,
2020-01-16,-3.64,-6.30,,
2020-01-17,-4.27,-7.71,,
2020-01-18,-5.25,-8.40,,
2020-01-19,-3.46,-6.51,,
2020-01-20,-2.29,-4.50,,
2020-01-21,0.44,-3.61,,
2020-01-22,0.98,-3.65,,
2020-01-23,-0.14,-3.90,,
2020-01-24,-1.55,-6.72,,
2020-01-25,-2.13,-7.94,,
2020-01-26,-2.07,-8.94,,
2020-01-27,-1.48,-6.94,,
2020-01-28,-1.09,-5.60,,
2020-01-29,-1.04,-6.54,,
2020-01-30,-2.01,-5.23,,
2020-01-31,-3.43,-7.71,,
2020-02-01,-2.21,-4.73,,
2020-02-02,-2.13,-6.55,,
2020-02-03,-4.49,-8.80,,
2020-02-04,-2.88,-6.17,,
2020-02-05,-2.81,-5.28,,
2020-02-06,-3.45,-4.42,,
2020-02-07,2.01,-3.94,,
2020-02-08,-1.78,-5.48,,
2020-02-09,-3.69,-7.57,,
2020-02-10,-3.86,-7.27,,
2020-02-11,-2.85,-6.11,,
2020-02-12,-2.92,-5.49,,
2020-02-13,-2.38,-5.61,,
2020-02-14,-3.49,-6.57,,
2020-02-15,-3.38,-7.24,,
2020-02-16,-4.02,-8.24,,
2020-02-17,-3.82,-8.19,,
2020-02-18,-3.54,-7.95,,
2020-02-19,-3.76,-7.70,,
2020-02-20,-3.68,-7.55,,
2020-02-21,-2.65,-7.28,,
2020-02-22,-3.41,-9.37,,
2020-02-23,-2.40,-9.63,,
2020-02-24,-2.97,-9.14,,
2020-02-25,-1.46,-5.86,,
2020-02-26,-0.57,-4.66,,
2020-02-27,-1.01,-6.39,,
2020-02-28,-3.44,-8.50,,
2020-02-29,-4.63,-10.92,,
2020-03-01,-3.84,-8.23,,
2020-03-02,-3.39,-7.62,,
2020-03-03,-3.09,-6.35,,
2020-03-04,-3.41,-6.42,,
2020-03-05,-2.55,-5.73,,
2020-03-06,-2.08,-5.72,,
2020-03-07,-3.25,-10.64,,
2020-03-08,-4.74,-10.65,,
2020-03-09,-4.41,-8.65,,
2020-03-10,-3.07,-6.89,,
2020-03-11,-3.85,-7.56,,
2020-03-12,-3.07,-7.59,,
2020-03-13,-3.15,-8.65,,
2020-03-14,-3.71,-8.74,,
2020-03-15,-3.48,-8.62,,
2020-03-16,-4.21,-10.43,,
2020-03-17,-3.71,-9.18,,
2020-03-18,-3.72,-9.22,,
2020-03-19,-3.94,-8.45,,
2020-03-20,-3.58,-7.33,,
2020-03-21,-3.55,-6.15,,
2020-03-22,-3.54,-7.95,,
2020-03-23,-2.84,-6.69,,
2020-03-24,-3.72,-6.72,,
2020-03-25,-3.30,-7.42,,
2020-03-26,-3.12,-8.58,,
2020-03-27,-3.53,-7.92,,
2020-03-28,-3.72,-8.35,,
2020-03-29,-3.35,-7.53,,
2020-03-30,-4.35,-5.77,,
2020-03-31,-3.66,-5.85,,
2020-04-01,-0.83,-5.25,,
2020-04-02,-1.46,-5.44,,
2020-04-03,-2.99,-7.78,,
2020-04-04,-3.42,-8.92,,
2020-04-05,-3.23,-8.00,,
2020-04-06,-2.36,-5.55,,
2020-04-07,-3.13,-7.03,,
2020-04-08,-3.32,-8.22,,
2020-04-09,-2.58,-6.39,,
2020-04-10,-2.88,-8.86,,
2020-04-11,-2.88,-5.91,,
2020-04-12,-4.23,-3.07,,
2020-04-13,4.89,-1.40,,
2020-04-14,1.11,-5.23,,
2020-04-15,0.93,-3.03,,
2020-04-16,-2.33,-4.99,,
2020-04-17,-3.24,-6.10,,
2020-04-18,-3.31,-5.51,,
2020-04-19,-2.84,-3.77,,
2020-04-20,-0.55,-3.46,,
2020-04-21,4.94,2.30,,
2020-04-22,-1.96,-4.02,,
2020-04-23,-4.62,-2.67,,
2020-04-24,-0.81,-4.17,,
2020-04-25,1.36,-3.20,,
2020-04-26,-3.46,-4.13,,
2020-04-27,-3.34,-4.96,,
2020-04-28,-3.68,-6.12,,
2020-04-29,-3.62,-4.80,,
2020-04-30,-2.30,-3.42,,
2020-05-01,-1.89,-4.06,,
2020-05-02,-2.72,-5.34,,
2020-05-03,-3.42,-5.92,,
2020-05-04,-2.49,-4.49,,
2020-05-05,-1.92,-4.32,,
2020-05-06,-3.78,-3.17,,
2020-05-07,0.00,-4.16,,
2020-05-08,-1.36,-3.55,,
2020-05-09,2.04,-3.54,,
2020-05-10,2.53,-2.05,,
2020-05-11,1.07,-4.00,,
2020-05-12,-0.93,-4.36,,
2020-05-13,-3.20,-3.68,,
2020-05-14,-1.84,-1.71,,
2020-05-15,-1.38,-3.11,,
2020-05-16,-1.66,-2.29,,
2020-05-17,0.07,-4.10,,
2020-05-18,2.44,0.56,,
2020-05-19,1.12,4.16,,
2020-05-20,1.77,-1.96,,
2020-05-21,-1.55,-5.39,,
2020-05-22,-2.25,-3.21,,
2020-05-23,2.25,0.32,,
2020-05-24,1.84,-1.91,,
2020-05-25,3.49,0.81,,
2020-05-26,2.61,1.06,,
2020-05-27,3.85,2.59,,
2020-05-28,2.26,-0.61,,
2020-05-29,2.69,1.09,,
2020-05-30,2.03,2.50,,
2020-05-31,2.05,1.98,,
2020-06-01,-0.58,-3.29,,
2020-06-02,2.35,-2.19,,
2020-06-03,1.28,2.75,,
2020-06-04,-0.32,-2.00,,
2020-06-05,-0.60,-4.30,,
2020-06-06,1.24,2.16,,
2020-06-07,1.90,-0.58,,
2020-06-08,-1.70,-3.07,,
2020-06-09,-4.73,-3.83,,
2020-06-10,1.38,4.01,,
2020-06-11,2.08,-0.26,,
2020-06-12,1.48,-2.47,,
2020-06-13,-0.14,-2.75,,
2020-06-14,-0.52,-3.27,,
2020-06-15,-0.27,3.85,,
2020-06-16,-0.79,-1.87,,
2020-06-17,2.18,3.00,,
2020-06-18,-3.50,-1.07,,
2020-06-19,2.75,1.86,,
2020-06-20,2.09,2.01,,
2020-06-21,2.51,2.11,,
2020-06-22,0.09,-2.50,,
2020-06-23,-1.21,-2.99,,
2020-06-24,3.53,0.56,,
2020-06-25,-1.66,-4.10,,
2020-06-26,0.38,-4.37,,
2020-06-27,1.93,4.14,,
2020-06-28,3.60,3.36,,
2020-06-29,2.85,-0.66,,
2020-06-30,3.34,-0.53,,
2020-07-01,1.65,3.39,,
2020-07-02,2.31,2.85,,
2020-07-03,2.26,2.43,,
2020-07-04,2.84,3.51,,
2020-07-05,3.97,1.14,,
2020-07-06,0.69,-3.57,,
2020-07-07,-1.77,-3.07,,
2020-07-08,0.87,4.92,,
2020-07-09,-2.15,-0.42,,
2020-07-10,1.22,-3.17,,
2020-07-11,2.01,4.13,,
2020-07-12,0.90,-1.92,,
2020-07-13,-1.59,-3.41,,
2020-07-14,2.24,3.58,,
2020-07-15,-0.97,-3.18,,
2020-07-16,-3.95,-3.31,,
2020-07-17,-1.93,-2.75,,
2020-07-18,-1.63,-2.81,,
2020-07-19,-4.42,-0.86,,
2020-07-20,3.43,1.82,,
2020-07-21,1.64,2.10,,
2020-07-22,2.15,-1.39,,
2020-07-23,3.05,2.06,,
2020-07-24,3.02,1.89,,
2020-07-25,1.33,1.96,,
2020-07-26,1.82,-1.82,,
2020-07-27,-2.41,-1.50,,
2020-07-28,1.77,-3.47,,
2020-07-29,-3.62,-2.54,,
2020-07-30,-5.28,-0.56,,
2020-07-31,-2.73,-1.00,,
2020-08-01,-1.54,-3.31,,
2020-08-02,-1.63,-4.03,,
2020-08-03,-2.19,-3.25,,
2020-08-04,1.89,0.54,,
2020-08-05,2.89,1.95,,
2020-08-06,2.27,1.97,,
2020-08-07,1.79,2.21,,
2020-08-08,-1.95,-2.89,,
2020-08-09,-4.54,-2.12,,
2020-08-10,3.55,1.73,,
2020-08-11,2.94,2.13,,
2020-08-12,0.39,-3.68,,
2020-08-13,-3.04,1.17,,
2020-08-14,3.61,3.88,,
2020-08-15,2.92,2.63,,
2020-08-16,2.36,-0.68,,
2020-08-17,0.73,-2.24,,
2020-08-18,1.44,2.39,,
2020-08-19,2.13,2.21,,
2020-08-20,4.56,3.08,,
2020-08-21,2.95,0.00,,
2020-08-22,3.41,0.12,,
2020-08-23,2.22,2.14,,
2020-08-24,1.90,-1.09,,
2020-08-25,3.75,1.36,,
2020-08-26,2.25,1.35,,
2020-08-27,2.19,-2.04,,
2020-08-28,3.42,-0.18,,
2020-08-29,4.46,2.17,,
2020-08-30,3.82,2.20,,
2020-08-31,1.10,-3.39,,
2020-09-01,-2.43,-1.70,,
2020-09-02,2.98,0.05,,
2020-09-03,0.87,-1.25,,
2020-09-04,-0.20,-2.80,,
2020-09-05,0.13,-2.46,,
2020-09-06,0.43,-4.06,,
2020-09-07,4.15,1.59,,
2020-09-08,2.99,2.51,,
2020-09-09,2.06,2.54,,
2020-09-10,-0.29,-3.36,,
2020-09-11,0.62,-3.92,,
2020-09-12,1.17,4.09,,
2020-09-13,1.76,-0.54,,
2020-09-14,2.54,0.73,,
2020-09-15,2.39,-1.17,,
2020-09-16,3.55,1.89,,
2020-09-17,2.50,-0.35,,
2020-09-18,2.79,-0.20,,
2020-09-19,2.48,0.67,,
2020-09-20,-1.74,-1.62,,
2020-09-21,-0.07,-2.10,,
2020-09-22,1.33,3.29,,
2020-09-23,2.59,1.75,,
2020-09-24,1.54,2.89,,
2020-09-25,1.72,-1.20,,
2020-09-26,2.80,-0.59,,
2020-09-27,2.14,2.84,,
2020-09-28,1.65,-1.29,,
2020-09-29,-3.82,-0.47,,
2020-09-30,2.86,4.40,,
2020-10-01,2.56,1.19,,
2020-10-02,3.84,0.07,,
2020-10-03,2.91,2.36,,
2020-10-04,2.73,4.05,,
2020-10-05,3.29,3.40,,
2020-10-06,2.44,1.84,,
2020-10-07,0.92,-3.44,,
2020-10-08,2.34,1.46,,
2020-10-09,-0.33,-2.68,,
2020-10-10,-0.07,-4.01,,
2020-10-11,-2.58,-4.47,,
2020-10-12,3.76,1.68,,
2020-10-13,2.19,1.65,,
2020-10-14,2.04,2.04,,
2020-10-15,1.13,-1.67,,
2020-10-16,-1.71,-3.85,,
2020-10-17,-4.07,-3.18,,
2020-10-18,1.68,2.79,,
2020-10-19,2.15,3.88,,
2020-10-20,4.25,2.76,,
2020-10-21,1.70,-0.90,,
2020-10-22,1.33,-2.62,,
2020-10-23,1.23,-2.13,,
2020-10-24,2.73,1.45,,
2020-10-25,2.47,3.16,,
2020-10-26,1.91,-1.24,,
2020-10-27,2.88,-1.80,,
2020-10-28,-4.09,-2.36,,
2020-10-29,3.97,2.68,,
2020-10-30,3.93,0.62,,
2020-10-31,4.40,0.15,,
2020-11-01,4.68,4.52,,
2020-11-02,0.81,5.12,,
2020-11-03,1.06,3.95,,
2020-11-04,0.78,-1.94,,
2020-11-05,4.93,-1.41,,
2020-11-06,3.59,1.91,,
2020-11-07,3.11,1.45,,
2020-11-08,2.37,0.50,,
2020-11-09,1.58,-1.69,,
2020-11-10,1.26,-1.87,,
2020-11-11,1.82,-0.97,,
2020-11-12,2.40,-0.51,,
2020-11-13,4.54,0.00,,
2020-11-14,6.70,5.62,,
2020-11-15,3.88,8.71,,
2020-11-16,1.95,4.60,,
2020-11-17,0.97,2.39,,
2020-11-18,2.20,1.27,,
2020-11-19,0.32,-3.05,,
2020-11-20,2.01,-2.88,,
2020-11-21,3.63,2.94,,
2020-11-22,2.41,-0.74,,
2020-11-23,0.82,-3.06,,
2020-11-24,-2.35,-5.05,,
2020-11-25,-3.22,-2.90,,
2020-11-26,-2.19,-3.95,,
2020-11-27,-2.41,-3.45,,
2020-11-28,2.26,3.91,,
2020-11-29,-3.05,-2.84,,
2020-11-30,-3.42,0.92,,
2020-12-01,2.20,2.62,,
2020-12-02,2.75,1.06,,
2020-12-03,3.96,0.49,,
2020-12-04,-3.28,-3.64,,
2020-12-05,-2.29,-3.81,,
2020-12-06,-2.49,-4.31,,
2020-12-07,-2.48,-4.30,,
2020-12-08,-2.85,-5.36,,
2020-12-09,-3.60,-7.39,,
2020-12-10,-4.43,-5.88,,
2020-12-11,-3.98,-6.37,,
2020-12-12,-2.86,-5.61,,
2020-12-13,-2.79,-5.24,,
2020-12-14,-2.11,-3.81,,
2020-12-15,-3.14,-4.65,,
2020-12-16,-3.81,-2.29,,
2020-12-17,-3.11,-4.98,,
2020-12-18,-3.50,-6.05,,
2020-12-19,-3.34,-5.14,,
2020-12-20,-3.00,-3.99,,
2020-12-21,-3.09,-4.26,,
2020-12-22,-3.05,-5.51,,
2020-12-23,-3.42,-6.17,,
2020-12-24,-2.67,-5.02,,
2020-12-25,-2.20,-4.95,,
2020-12-26,-3.96,-6.86,,
2020-12-27,-2.74,-6.44,,
2020-12-28,-1.17,-4.09,,
2020-12-29,-3.10,-3.96,,
2020-12-30,-4.82,-4.99,,
2020-12-31,-2.80,-4.15,,
2021-01-01,-2.03,-4.17,,
2021-01-02,-1.77,-3.79,,
2021-01-03,-2.37,-4.27,,
2021-01-04,-4.27,-3.84,,
2021-01-05,-2.34,-3.90,,
2021-01-06,-1.88,-5.79,,
2021-01-07,-1.75,-4.32,,
2021-01-08,-2.84,-6.10,,
2021-01-09,-2.02,-2.32,,
2021-01-10,-3.63,-3.89,,
2021-01-11,-2.01,-4.52,,
2021-01-12,-3.12,-5.86,,
2021-01-13,-2.72,-4.71,,
2021-01-14,-1.52,-4.67,,
2021-01-15,-1.35,-4.42,,
2021-01-16,-2.02,-4.77,,
2021-01-17,-2.90,-4.64,,
2021-01-18,-2.80,-5.73,,
2021-01-19,-3.45,-7.08,,
2021-01-20,-4.27,-8.03,,
2021-01-21,-3.66,-6.33,,
2021-01-22,-2.92,-5.06,,
2021-01-23,-2.80,-4.84,,
2021-01-24,-3.43,-6.45,,
2021-01-25,-3.90,-7.03,,
2021-01-26,-2.59,-5.31,,
2021-01-27,-1.57,-4.09,,
2021-01-28,-3.16,-7.10,,
2021-01-29,-5.02,-9.85,,
2021-01-30,-4.46,-8.05,,
2021-01-31,-3.70,-6.41,,
2021-02-01,-2.36,-4.44,,
2021-02-02,-0.29,-5.54,,
2021-02-03,-3.34,-9.70,,
2021-02-04,-3.35,-8.30,,
2021-02-05,-2.36,-4.84,,
2021-02-06,2.89,-1.60,,
2021-02-07,-2.45,-5.76,,
2021-02-08,-2.79,-5.48,,
2021-02-09,-3.62,-5.17,,
2021-02-10,-3.53,-4.85,,
2021-02-11,-3.58,-4.75,,
2021-02-12,-3.30,-5.72,,
2021-02-13,0.53,-3.00,,
2021-02-14,1.72,-2.76,,
2021-02-15,0.21,-3.91,,
2021-02-16,-1.93,-5.62,,
2021-02-17,-3.63,-4.64,,
2021-02-18,-3.50,-4.64,,
2021-02-19,2.09,-3.94,,
2021-02-20,-1.69,-4.92,,
2021-02-21,-4.15,-7.48,,
2021-02-22,-3.99,-7.21,,
2021-02-23,-3.08,-6.61,,
2021-02-24,-3.39,-6.95,,
2021-02-25,-4.31,-8.46,,
2021-02-26,-3.45,-7.40,,
2021-02-27,-3.70,-7.59,,
2021-02-28,-2.61,-6.80,,
2021-03-01,-1.89,-5.82,,
2021-03-02,-3.17,-4.69,,
2021-03-03,-3.02,-5.68,,
2021-03-04,-2.73,-7.12,,
2021-03-05,-3.04,-7.91,,
2021-03-06,-2.79,-8.09,,
2021-03-07,-3.35,-8.74,,
2021-03-08,-4.81,-9.87,,
2021-03-09,-3.71,-8.32,,
2021-03-10,-3.24,-7.62,,
2021-03-11,-3.40,-6.13,,
2021-03-12,-3.55,-5.91,,
2021-03-13,-3.80,-6.86,,
2021-03-14,-3.61,-7.74,,
2021-03-15,-3.69,-6.95,,
2021-03-16,-3.52,-6.09,,
2021-03-17,-3.77,-2.94,,
2021-03-18,-2.81,-3.87,,
2021-03-19,-4.99,-1.43,,
2021-03-20,-4.01,-4.15,,
2021-03-21,-3.42,-6.17,,
2021-03-22,-3.62,-6.26,,
2021-03-23,-2.52,-2.44,,
2021-03-24,-1.94,-4.81,,
2021-03-25,-3.26,-5.22,,
2021-03-26,-2.59,-5.81,,
2021-03-27,-2.66,-5.23,,
2021-03-28,-2.02,-5.00,,
2021-03-29,-2.98,-6.39,,
2021-03-30,-2.50,-5.88,,
2021-03-31,-2.64,-5.66,,
2021-04-01,-2.85,-5.59,,
2021-04-02,-2.81,-5.75,,
2021-04-03,-3.41,-5.90,,
2021-04-04,-4.36,-8.55,,
2021-04-05,-3.29,-7.05,,
2021-04-06,-2.50,-4.33,,
2021-04-07,-2.76,-3.07,,
2021-04-08,-2.94,-4.05,,
2021-04-09,0.75,2.79,,
2021-04-10,2.05,-0.07,,
2021-04-11,-0.64,-3.30,,
2021-04-12,-1.97,-3.41,,
2021-04-13,-2.87,-1.16,,
2021-04-14,-3.46,-5.76,,
2021-04-15,-3.05,-5.51,,
2021-04-16,-1.79,4.22,,
2021-04-17,1.83,-0.46,,
2021-04-18,2.67,2.09,,
2021-04-19,1.77,-1.29,,
2021-04-20,0.33,-3.17,,
2021-04-21,-2.16,-2.97,,
2021-04-22,-2.37,-3.39,,
2021-04-23,-4.63,-6.15,,
2021-04-24,-3.00,-3.98,,
2021-04-25,-1.90,-3.57,,
2021-04-26,-2.97,-4.40,,
2021-04-27,-4.29,-8.42,,
2021-04-28,-3.11,-7.32,,
2021-04-29,-3.58,-2.51,,
2021-04-30,-3.32,-3.56,,
2021-05-01,-2.56,-0.41,,
2021-05-02,1.36,1.14,,
2021-05-03,0.53,3.34,,
2021-05-04,1.43,0.76,,
2021-05-05,0.98,-2.10,,
2021-05-06,-3.61,1.76,,
2021-05-07,-0.74,3.23,,
2021-05-08,-1.65,-2.65,,
2021-05-09,-3.25,-2.82,,
2021-05-10,-2.45,-3.14,,
2021-05-11,-3.37,-2.72,,
2021-05-12,-3.00,-4.44,,
2021-05-13,-2.69,-3.44,,
2021-05-14,-2.47,-4.64,,
2021-05-15,-2.91,-5.96,,
2021-05-16,-2.77,-4.99,,
2021-05-17,-4.00,-3.12,,
2021-05-18,-3.22,2.25,,
2021-05-19,-2.64,-0.00,,
2021-05-20,-1.33,-4.10,,
2021-05-21,-2.05,-3.03,,
2021-05-22,-4.82,-0.76,,
2021-05-23,-1.91,2.35,,
2021-05-24,-1.75,3.94,,
2021-05-25,1.43,3.54,,
2021-05-26,-3.15,-4.18,,
2021-05-27,-4.23,-3.67,,
2021-05-28,-2.93,-1.98,,
2021-05-29,4.03,-0.42,,
2021-05-30,1.16,1.86,,
2021-05-31,-2.83,-3.62,,
2021-06-01,-2.64,4.56,,
2021-06-02,1.58,0.03,,
2021-06-03,-3.71,-1.81,,
2021-06-04,-3.78,-3.06,,
2021-06-05,-2.53,-0.54,,
2021-06-06,1.85,1.55,,
2021-06-07,2.24,3.32,,
2021-06-08,2.82,1.56,,
2021-06-09,2.63,2.20,,
2021-06-10,1.38,2.40,,
2021-06-11,1.74,-3.27,,
2021-06-12,0.83,1.96,,
2021-06-13,1.40,1.67,,
2021-06-14,2.55,1.42,,
2021-06-15,1.94,1.41,,
2021-06-16,2.55,-0.78,,
2021-06-17,-3.16,-2.29,,
2021-06-18,1.87,3.12,,
2021-06-19,2.19,-1.31,,
2021-06-20,-0.78,4.02,,
2021-06-21,2.32,1.81,,
2021-06-22,3.46,0.12,,
2021-06-23,2.70,0.98,,
2021-06-24,-3.66,2.28,,
2021-06-25,1.47,1.82,,
2021-06-26,3.27,2.21,,
2021-06-27,2.45,-0.99,,
2021-06-28,0.11,-1.63,,
2021-06-29,-1.83,-3.17,,
2021-06-30,-3.42,-3.80,,
2021-07-01,3.39,1.96,,
2021-07-02,1.21,2.38,,
2021-07-03,2.24,0.24,,
2021-07-04,1.71,2.11,,
2021-07-05,2.01,-0.35,,
2021-07-06,-1.34,-2.64,,
2021-07-07,-2.99,-4.27,,
2021-07-08,-2.55,-4.24,,
2021-07-09,-2.27,-3.50,,
2021-07-10,1.92,3.95,,
2021-07-11,1.71,2.11,,
2021-07-12,-2.14,-3.42,,
2021-07-13,1.12,3.25,,
2021-07-14,3.86,1.04,,
2021-07-15,-3.63,-3.51,,
2021-07-16,-3.57,-3.57,,
2021-07-17,-2.99,3.96,,
2021-07-18,0.51,-3.63,,
2021-07-19,-4.22,-2.95,,
2021-07-20,-2.78,-4.81,,
2021-07-21,-2.33,-4.38,,
2021-07-22,-2.61,-5.11,,
2021-07-23,-2.89,-2.99,,
2021-07-24,4.95,2.98,,
2021-07-25,1.84,2.94,,
2021-07-26,1.94,2.01,,
2021-07-27,1.58,-3.90,,
2021-07-28,-3.14,-1.47,,
2021-07-29,-3.16,-3.52,,
2021-07-30,-0.13,3.73,,
2021-07-31,-3.32,-4.92,,
2021-08-01,-2.57,-2.95,,
2021-08-02,1.76,2.51,,
2021-08-03,2.63,-2.46,,
2021-08-04,-0.60,-3.11,,
2021-08-05,-2.29,-3.81,,
2021-08-06,-3.99,-2.79,,
2021-08-07,4.09,2.97,,
2021-08-08,2.84,1.45,,
2021-08-09,-0.94,-4.09,,
2021-08-10,-4.50,-2.10,,
2021-08-11,2.35,2.61,,
2021-08-12,1.65,-1.11,,
2021-08-13,4.39,0.85,,
2021-08-14,1.98,1.78,,
2021-08-15,0.89,-1.68,,
2021-08-16,2.77,0.10,,
2021-08-17,3.35,0.83,,
2021-08-18,2.47,0.35,,
2021-08-19,2.55,1.24,,
2021-08-20,2.11,2.04,,
2021-08-21,1.17,-2.04,,
2021-08-22,-1.38,-3.60,,
2021-08-23,3.20,-3.09,,
2021-08-24,2.01,4.97,,
2021-08-25,3.46,3.98,,
2021-08-26,2.75,3.16,,
2021-08-27,0.87,-3.05,,
2021-08-28,-1.88,-3.85,,
2021-08-29,-1.14,-2.82,,
2021-08-30,1.63,3.84,,
2021-08-31,3.40,1.66,,
2021-09-01,-1.42,-1.64,,
2021-09-02,-1.34,-2.86,,
2021-09-03,-1.34,-3.33,,
2021-09-04,-5.57,1.60,,
2021-09-05,1.32,2.19,,
2021-09-06,2.07,0.67,,
2021-09-07,2.69,0.62,,
2021-09-08,-1.44,-1.34,,
2021-09-09,1.31,-2.10,,
2021-09-10,2.23,-3.31,,
2021-09-11,2.06,4.05,,
2021-09-12,3.76,0.26,,
2021-09-13,3.01,0.42,,
2021-09-14,2.36,-0.37,,
2021-09-15,2.51,1.57,,
2021-09-16,1.88,2.32,,
2021-09-17,-2.15,-4.41,,
2021-09-18,-4.41,-2.55,,
2021-09-19,1.96,2.42,,
2021-09-20,-0.04,-2.57,,
2021-09-21,-2.95,-3.16,,
2021-09-22,-2.27,-1.65,,
2021-09-23,2.96,0.47,,
2021-09-24,1.38,2.71,,
2021-09-25,-1.44,-2.96,,
2021-09-26,-3.92,-2.27,,
2021-09-27,-2.44,-4.05,,
2021-09-28,-3.29,-3.07,,
2021-09-29,2.32,2.58,,
2021-09-30,2.17,-0.97,,
2021-10-01,-0.32,-2.29,,
2021-10-02,2.32,-1.69,,
2021-10-03,2.47,2.47,,
2021-10-04,3.74,1.07,,
2021-10-05,2.89,1.00,,
2021-10-06,1.28,4.18,,
2021-10-07,3.39,1.30,,
2021-10-08,3.34,2.17,,
2021-10-09,3.57,-0.56,,
2021-10-10,2.34,0.76,,
2021-10-11,2.18,1.07,,
2021-10-12,1.74,-1.81,,
2021-10-13,2.42,-0.13,,
2021-10-14,2.09,0.07,,
2021-10-15,3.16,0.61,,
2021-10-16,2.74,2.47,,
2021-10-17,2.34,0.54,,
2021-10-18,0.92,2.69,,
2021-10-19,1.37,-2.93,,
2021-10-20,3.76,1.08,,
2021-10-21,2.54,1.91,,
2021-10-22,1.66,3.12,,
2021-10-23,2.45,2.28,,
2021-10-24,0.84,2.08,,
2021-10-25,2.66,2.15,,
2021-10-26,1.63,4.49,,
2021-10-27,-0.06,3.30,,
2021-10-28,1.09,2.71,,
2021-10-29,2.30,2.94,,
2021-10-30,2.97,2.32,,
2021-10-31,2.47,2.56,,
2021-11-01,0.05,2.81,,
2021-11-02,2.65,2.38,,
2021-11-03,3.31,-0.12,,
2021-11-04,2.74,1.71,,
2021-11-05,2.11,-0.69,,
2021-11-06,2.97,1.51,,
2021-11-07,2.22,3.85,,
2021-11-08,2.45,3.50,,
2021-11-09,-3.61,-1.46,,
2021-11-10,-4.06,-0.72,,
2021-11-11,1.56,3.34,,
2021-11-12,-1.03,-4.44,,
2021-11-13,-1.60,-3.76,,
2021-11-14,1.86,4.61,,
2021-11-15,1.47,-4.26,,
2021-11-16,0.33,3.78,,
2021-11-17,4.16,-0.66,,
2021-11-18,-1.39,-3.27,,
2021-11-19,-3.53,-3.79,,
2021-11-20,2.74,1.58,,
2021-11-21,3.43,2.68,,
2021-11-22,1.12,3.24,,
2021-11-23,-2.62,1.22,,
2021-11-24,0.86,2.99,,
2021-11-25,-1.76,-1.82,,
2021-11-26,1.66,3.55,,
2021-11-27,2.39,-0.21,,
2021-11-28,-2.27,-3.64,,
2021-11-29,-3.70,-3.70,,
2021-11-30,2.97,3.41,,
2021-12-01,3.67,0.32,,
2021-12-02,-3.14,-5.02,,
2021-12-03,-2.29,-4.49,,
2021-12-04,-4.00,-4.94,,
2021-12-05,-2.79,-3.45,,
2021-12-06,-3.68,-3.09,,
2021-12-07,-1.79,-3.51,,
2021-12-08,-2.57,-5.05,,
2021-12-09,-3.24,-5.84,,
2021-12-10,-2.46,-5.04,,
2021-12-11,-2.35,-3.91,,
2021-12-12,-1.96,-3.14,,
2021-12-13,-4.33,-4.33,,
2021-12-14,-3.27,-5.04,,
2021-12-15,-2.41,-2.98,,
2021-12-16,-1.05,-4.95,,
2021-12-17,1.75,-3.43,,
2021-12-18,1.02,4.42,,
2021-12-19,-0.07,-3.90,,
2021-12-20,-3.88,-2.07,,
2021-12-21,-0.23,4.44,,
2021-12-22,3.02,2.72,,
2021-12-23,-0.80,-3.45,,
2021-12-24,-2.26,-6.96,,
2021-12-25,-3.59,-5.98,,
2021-12-26,-3.40,-5.24,,
2021-12-27,-3.39,-4.18,,
2021-12-28,-3.49,-3.87,,
2021-12-29,-2.27,-3.78,,
2021-12-30,-1.47,-2.11,,
2021-12-31,-2.53,-4.38,,
2022-01-01,-2.71,-4.69,-0.194,0.098
2022-01-02,-2.71,-4.18,-0.017,0.238
2022-01-03,-2.02,-4.32,-0.029,0.097
2022-01-04,-3.21,-6.03,-0.205,0.147
2022-01-05,-3.80,-7.46,-0.234,0.109
2022-01-06,-3.06,-6.26,-0.236,0.119
2022-01-07,-2.90,-4.46,-0.116,0.272
2022-01-08,-3.20,-4.92,0.076,0.197
2022-01-09,-2.79,-5.97,-0.145,0.050
2022-01-10,-2.04,-4.58,-0.105,0.163
2022-01-11,-3.26,-5.22,-0.060,0.155
2022-01-12,-2.75,-4.08,-0.005,0.292
2022-01-13,-2.28,-7.46,-0.082,0.122
2022-01-14,-1.94,-6.76,-0.168,0.150
2022-01-15,-3.14,-7.77,-0.191,-0.019
2022-01-16,-2.80,-6.01,-0.157,0.029
2022-01-17,-2.18,-7.60,-0.069,-0.076
2022-01-18,-3.33,-8.68,-0.185,-0.230
2022-01-19,-3.59,-7.70,-0.179,-0.060
2022-01-20,-2.35,-5.81,-0.018,0.123
2022-01-21,-2.98,-4.77,0.051,0.146
2022-01-22,-2.55,-5.73,0.009,0.102
2022-01-23,-2.86,-6.41,-0.084,0.088
2022-01-24,-3.72,-7.63,-0.162,0.060
2022-01-25,-3.59,-6.75,-0.182,0.116
2022-01-26,-2.96,-5.34,-0.023,0.191
2022-01-27,-3.25,-7.67,-0.176,0.025
2022-01-28,-3.53,-6.11,-0.158,0.173
2022-01-29,-3.01,-9.25,-0.118,-0.039
2022-01-30,-2.11,-9.16,-0.157,-0.157
2022-01-31,-2.06,-8.26,-0.153,-0.116
2022-02-01,-3.31,-6.78,-0.113,-0.061
2022-02-02,-2.60,-6.13,-0.075,-0.085
2022-02-03,-1.97,-5.13,-0.036,-0.066
2022-02-04,-3.57,-7.00,-0.095,-0.081
2022-02-05,-3.60,-7.39,-0.171,0.042
2022-02-06,-3.96,-6.85,-0.141,0.145
2022-02-07,-2.94,-8.08,-0.139,0.024
2022-02-08,-1.36,-5.09,0.009,0.103
2022-02-09,-3.19,-4.56,0.086,0.074
2022-02-10,-2.25,-5.31,0.016,0.023
2022-02-11,-2.79,-6.58,-0.101,-0.088
2022-02-12,-3.05,-5.73,-0.137,-0.071
2022-02-13,-2.75,-4.96,-0.064,0.004
2022-02-14,-4.31,-6.15,-0.130,-0.028
2022-02-15,-3.85,-6.66,-0.207,0.115
2022-02-16,-3.30,-7.42,-0.216,0.212
2022-02-17,-2.16,-5.63,-0.130,0.268
2022-02-18,-1.62,-5.29,0.085,0.382
2022-02-19,-3.53,-6.63,-0.104,0.183
2022-02-20,-3.46,-6.79,-0.196,0.175
2022-02-21,-3.94,-8.08,-0.268,-0.071
2022-02-22,-2.90,-6.82,-0.220,-0.032
2022-02-23,-3.25,-7.31,-0.159,-0.037
2022-02-24,-3.49,-7.85,-0.156,-0.089
2022-02-25,-3.84,-8.62,-0.184,-0.104
2022-02-26,-3.92,-9.23,-0.170,-0.105
2022-02-27,-3.33,-7.47,-0.150,-0.050
2022-02-28,-3.42,-6.71,-0.129,0.010
2022-03-01,-3.22,-5.16,-0.066,0.013
2022-03-02,-2.78,-5.95,-0.085,-0.042
2022-03-03,-2.09,-4.29,-0.103,0.093
2022-03-04,-3.72,-7.00,-0.149,-0.006
2022-03-05,-3.67,-6.61,-0.201,0.030
2022-03-06,-2.48,-5.56,-0.053,0.220
2022-03-07,-4.04,-0.64,0.345,0.276
2022-03-08,-4.48,-4.64,-0.133,0.091
2022-03-09,-4.20,-4.83,-0.154,0.317
2022-03-10,-3.25,-5.01,-0.032,0.173
2022-03-11,-1.70,-2.63,0.103,0.195
2022-03-12,-0.99,-4.29,-0.034,0.077
2022-03-13,-3.07,-3.93,-0.109,0.167
2022-03-14,-3.39,-6.66,-0.140,0.013
2022-03-15,-2.88,-4.99,-0.275,-0.004
2022-03-16,-3.76,-4.99,-0.177,0.074
2022-03-17,-2.52,-5.16,-0.089,0.081
2022-03-18,-2.36,-4.26,-0.106,0.018
2022-03-19,-3.26,-5.65,-0.128,0.158
2022-03-20,-4.69,-4.69,-0.098,0.202
2022-03-21,-3.71,-6.69,-0.222,0.054
2022-03-22,-3.38,-6.35,-0.250,0.031
2022-03-23,-2.56,-5.48,-0.162,0.099
2022-03-24,-2.11,-5.22,-0.015,0.124
2022-03-25,-2.93,-5.07,-0.105,0.147
2022-03-26,-1.76,-6.14,-0.070,0.158
2022-03-27,-3.66,-5.86,-0.185,0.239
2022-03-28,-3.62,-4.98,-0.183,0.251
2022-03-29,-3.50,-7.50,-0.184,0.037
2022-03-30,-3.28,-3.77,-0.147,0.343
2022-03-31,-2.17,-3.34,0.147,0.272
2022-04-01,-5.17,1.68,-0.007,0.346
2022-04-02,-1.08,-1.67,0.227,0.459
2022-04-03,-2.40,-4.33,-0.032,0.330
2022-04-04,-3.30,-1.20,0.066,0.596
2022-04-05,-2.94,-1.91,0.227,0.488
2022-04-06,-2.36,-3.37,-0.001,0.349
2022-04-07,-2.76,3.53,0.044,0.517
2022-04-08,-3.22,2.34,0.267,0.480
2022-04-09,-1.82,-4.09,0.017,0.426
2022-04-10,-4.16,-6.17,-0.230,0.255
2022-04-11,-3.82,-6.62,-0.243,0.144
2022-04-12,-3.03,-5.47,-0.138,0.144
2022-04-13,-3.54,-4.22,0.079,0.247
2022-04-14,-3.02,-4.32,0.161,0.277
2022-04-15,-3.78,-4.05,0.061,0.287
2022-04-16,-3.49,-4.47,0.013,0.304
2022-04-17,1.46,4.51,0.194,0.385
2022-04-18,4.17,0.00,0.245,0.221
2022-04-19,4.08,1.57,0.095,0.395
2022-04-20,4.02,2.32,0.235,0.546
2022-04-21,3.08,0.38,0.104,0.408
2022-04-22,2.44,-1.35,0.053,0.522
2022-04-23,-0.37,-2.98,0.167,0.452
2022-04-24,-3.04,-3.50,0.094,0.390
2022-04-25,0.15,4.37,0.218,0.584
2022-04-26,-0.06,-3.37,0.136,0.343
2022-04-27,-4.56,-1.14,-0.027,0.523
2022-04-28,-5.23,-0.18,0.004,0.475
2022-04-29,-2.80,-0.54,0.147,0.473
2022-04-30,-3.51,-2.84,-0.051,0.217
2022-05-01,2.01,2.39,0.228,0.272
2022-05-02,2.90,1.35,0.078,-0.051
2022-05-03,0.06,-3.63,-0.057,-0.082
2022-05-04,-5.09,-2.71,-0.096,0.201
2022-05-05,1.98,4.06,0.258,0.293
2022-05-06,3.00,2.02,0.071,0.289
2022-05-07,-0.66,-1.55,-0.086,0.465
2022-05-08,-1.44,-2.95,-0.185,0.325
2022-05-09,-1.98,-4.25,-0.192,0.279
2022-05-10,-0.45,-3.19,-0.099,0.298
2022-05-11,2.67,1.87,0.122,0.226
2022-05-12,1.67,3.14,-0.010,0.223
2022-05-13,2.04,-2.62,-0.000,0.249
2022-05-14,3.69,1.88,0.079,0.181
2022-05-15,2.99,2.17,0.028,0.208
2022-05-16,2.59,0.79,0.051,0.267
2022-05-17,3.16,3.16,0.112,0.344
2022-05-18,1.50,3.37,-0.039,0.355
2022-05-19,-1.07,2.29,-0.040,0.445
2022-05-20,2.22,1.23,-0.020,0.363
2022-05-21,0.10,-2.80,0.055,0.409
2022-05-22,-2.22,-4.55,-0.052,0.303
2022-05-23,-5.43,-0.00,-0.049,0.397
2022-05-24,2.17,2.59,0.306,0.482
2022-05-25,2.77,0.69,0.137,0.396
2022-05-26,1.20,2.25,0.049,0.474
2022-05-27,1.33,1.96,0.134,0.452
2022-05-28,2.29,1.99,0.106,0.456
2022-05-29,0.99,2.45,0.113,0.453
2022-05-30,2.89,1.95,-0.025,0.400
2022-05-31,1.68,3.16,0.180,0.433
2022-06-01,3.38,0.66,0.159,0.434
2022-06-02,3.06,2.30,0.077,0.370
2022-06-03,1.04,2.72,0.023,0.399
2022-06-04,-2.07,-1.24,0.093,0.437
2022-06-05,1.88,1.52,0.260,0.441
2022-06-06,2.77,0.64,0.250,0.330
2022-06-07,2.46,2.55,0.138,0.351
2022-06-08,0.99,2.59,0.033,0.410
2022-06-09,3.13,1.08,0.068,0.453
2022-06-10,1.23,2.21,0.089,0.471
2022-06-11,2.80,2.90,0.093,0.362
2022-06-12,0.88,2.19,0.246,0.412
2022-06-13,-2.09,-2.24,0.052,0.349
2022-06-14,2.86,2.49,0.321,0.354
2022-06-15,1.64,1.70,0.047,0.269
2022-06-16,1.75,2.32,0.181,0.501
2022-06-17,3.05,-1.05,0.188,0.411
2022-06-18,2.98,3.20,0.171,0.502
2022-06-19,1.92,0.41,0.134,0.462
2022-06-20,0.81,-2.01,0.139,0.628
2022-06-21,-1.79,-2.87,0.320,0.518
2022-06-22,-0.70,-2.80,0.197,0.438
2022-06-23,3.50,1.71,0.248,0.357
2022-06-24,-0.15,4.42,0.250,0.473
2022-06-25,0.80,3.45,0.123,0.467
2022-06-26,1.25,2.56,0.071,0.508
2022-06-27,0.96,2.50,0.058,0.468
2022-06-28,1.88,-0.76,-0.018,0.402
2022-06-29,4.24,-0.37,0.037,0.372
2022-06-30,-4.66,-1.79,-0.020,0.319
2022-07-01,3.16,3.39,0.232,0.597
2022-07-02,3.36,1.71,0.234,0.230
2022-07-03,2.15,-2.86,0.136,0.183
2022-07-04,1.01,3.54,0.206,0.317
2022-07-05,2.80,2.90,0.390,0.356
2022-07-06,1.81,3.40,0.196,0.492
2022-07-07,-0.29,-4.10,0.130,0.452
2022-07-08,-0.25,-3.54,0.297,0.468
2022-07-09,-3.28,0.94,0.279,0.419
2022-07-10,1.94,4.15,0.246,0.437
2022-07-11,3.80,2.76,0.139,0.339
2022-07-12,-0.48,2.24,0.076,0.419
2022-07-13,4.04,1.23,0.006,0.418
2022-07-14,4.24,1.71,0.085,0.247
2022-07-15,4.25,0.75,0.017,0.219
2022-07-16,-3.13,-3.86,0.071,0.264
2022-07-17,-5.29,-1.03,0.086,0.402
2022-07-18,-1.39,3.45,0.263,0.567
2022-07-19,-4.53,-2.94,-0.070,0.396
2022-07-20,-3.37,2.28,0.061,0.507
2022-07-21,1.14,3.73,0.324,0.564
2022-07-22,3.18,1.35,0.138,0.555
2022-07-23,4.45,2.08,0.182,0.582
2022-07-24,3.42,2.14,0.152,0.593
2022-07-25,2.25,2.17,0.043,0.527
2022-07-26,1.68,2.69,0.146,0.261
2022-07-27,2.73,2.29,0.117,0.080
2022-07-28,1.08,3.76,0.102,0.187
2022-07-29,-0.17,-2.46,0.005,-0.130
2022-07-30,-2.36,-4.84,-0.286,-0.276
2022-07-31,-2.65,-5.20,-0.298,-0.104
2022-08-01,1.82,2.81,0.173,0.085
2022-08-02,2.98,1.93,0.224,-0.090
2022-08-03,2.07,2.38,0.082,0.107
2022-08-04,2.41,1.82,0.229,0.163
2022-08-05,3.87,2.33,0.134,-0.126
2022-08-06,2.61,2.80,0.085,-0.008
2022-08-07,2.75,1.22,0.115,0.196
2022-08-08,-2.14,-3.42,-0.093,0.122
2022-08-09,5.38,-0.76,-0.106,0.187
2022-08-10,2.15,3.18,0.128,0.065
2022-08-11,0.61,3.47,0.123,0.017
2022-08-12,3.16,0.33,0.189,-0.273
2022-08-13,2.91,-0.05,0.055,-0.190
2022-08-14,2.77,1.06,0.024,0.053
2022-08-15,1.28,2.62,0.023,0.106
2022-08-16,2.44,2.27,0.021,0.045
2022-08-17,-0.26,-2.92,-0.123,0.065
2022-08-18,-2.37,-4.28,-0.126,0.095
2022-08-19,-3.15,-4.67,-0.212,0.044
2022-08-20,-0.10,5.71,-0.050,0.061
2022-08-21,0.97,3.38,-0.006,0.000
2022-08-22,2.75,0.79,-0.037,0.159
2022-08-23,0.31,2.54,-0.050,0.219
2022-08-24,-0.87,-3.25,-0.141,0.182
2022-08-25,2.21,-2.13,-0.076,0.096
2022-08-26,2.73,1.16,0.039,0.111
2022-08-27,1.92,-1.92,0.187,0.102
2022-08-28,2.52,2.43,0.138,0.053
2022-08-29,2.55,2.06,0.157,0.194
2022-08-30,-1.33,-2.85,0.094,0.143
2022-08-31,1.30,-3.22,0.074,0.236
2022-09-01,3.17,1.69,0.229,0.273
2022-09-02,2.23,0.86,0.011,0.011
2022-09-03,2.19,-3.37,-0.067,0.096
2022-09-04,-2.38,-4.11,-0.020,0.037
2022-09-05,2.25,0.64,0.021,0.063
2022-09-06,-0.82,-2.87,-0.109,-0.036
2022-09-07,3.49,1.41,-0.045,-0.015
2022-09-08,2.40,2.09,0.047,0.080
2022-09-09,1.08,1.94,-0.016,0.025
2022-09-10,1.80,-2.39,-0.042,0.044
2022-09-11,1.17,3.04,0.076,0.136
2022-09-12,2.78,0.39,0.225,-0.034
2022-09-13,1.44,2.71,0.071,0.083
2022-09-14,2.24,0.24,0.155,-0.138
2022-09-15,3.24,0.40,-0.032,-0.107
2022-09-16,3.78,2.36,0.057,-0.100
2022-09-17,1.72,2.99,0.008,0.023
2022-09-18,2.72,1.90,0.018,0.100
2022-09-19,2.11,2.80,0.008,0.125
2022-09-20,2.70,4.15,0.081,0.236
2022-09-21,2.52,1.70,0.132,0.175
2022-09-22,2.17,1.30,0.246,0.272
2022-09-23,0.31,-1.75,0.129,0.293
2022-09-24,3.54,-1.29,0.029,0.221
2022-09-25,0.45,3.18,0.052,0.221
2022-09-26,3.41,0.48,0.069,0.163
2022-09-27,3.69,0.19,0.233,0.174
2022-09-28,2.86,-1.15,0.255,0.251
2022-09-29,3.50,1.14,0.278,0.288
2022-09-30,2.65,2.15,0.171,0.262
2022-10-01,2.82,3.75,0.093,0.252
2022-10-02,-2.75,-1.34,-0.006,0.117
2022-10-03,-1.81,-4.98,-0.164,-0.100
2022-10-04,-0.78,-4.01,-0.092,-0.111
2022-10-05,4.04,2.72,0.238,0.131
2022-10-06,2.13,0.99,0.060,0.102
2022-10-07,2.28,2.62,0.073,0.324
2022-10-08,1.86,6.49,0.297,0.318
2022-10-09,3.14,1.74,0.060,0.256
2022-10-10,3.44,-1.32,-0.082,0.286
2022-10-11,2.45,1.65,-0.019,0.331
2022-10-12,2.05,3.16,0.216,0.087
2022-10-13,2.45,3.77,0.488,0.229
2022-10-14,2.22,1.61,0.310,0.169
2022-10-15,1.79,-0.80,0.109,0.261
2022-10-16,1.75,2.25,0.106,0.342
2022-10-17,2.22,2.00,0.122,0.515
2022-10-18,2.14,2.38,0.080,0.554
2022-10-19,1.98,0.84,0.044,0.492
2022-10-20,3.13,1.74,0.106,0.212
2022-10-21,0.46,2.60,0.250,0.085
2022-10-22,1.61,2.80,0.258,0.012
2022-10-23,1.32,2.38,0.241,0.056
2022-10-24,1.86,1.61,0.232,0.097
2022-10-25,3.66,2.66,0.273,0.221
2022-10-26,-0.41,-2.31,0.075,0.109
2022-10-27,0.87,-3.03,0.008,0.178
2022-10-28,-0.93,-4.39,-0.041,-0.014
2022-10-29,1.13,-3.28,-0.120,-0.068
2022-10-30,3.84,0.40,0.115,0.096
2022-10-31,4.06,1.64,0.183,0.039
2022-11-01,-0.05,-3.02,-0.030,0.067
2022-11-02,-0.80,-2.98,-0.145,0.121
2022-11-03,-1.25,2.94,0.017,0.357
2022-11-04,4.04,1.88,0.199,0.189
2022-11-05,5.88,3.00,0.273,0.226
2022-11-06,4.13,4.59,0.209,0.228
2022-11-07,3.83,2.58,0.213,0.201
2022-11-08,4.83,2.35,0.253,0.186
2022-11-09,4.46,2.27,0.276,0.198
2022-11-10,3.12,2.53,0.148,0.205
2022-11-11,2.30,-0.24,0.163,0.121
2022-11-12,1.44,-3.75,0.118,-0.046
2022-11-13,1.86,2.86,0.080,0.043
2022-11-14,2.17,0.62,0.213,0.143
2022-11-15,-2.19,-3.38,0.022,-0.010
2022-11-16,-1.95,-4.18,-0.041,0.123
2022-11-17,2.01,2.88,0.225,0.253
2022-11-18,3.04,3.04,0.187,0.283
2022-11-19,-2.50,-2.33,0.020,0.313
2022-11-20,2.95,2.23,0.042,0.433
2022-11-21,2.74,3.64,0.097,0.487
2022-11-22,-0.13,3.69,-0.037,0.502
2022-11-23,1.90,2.03,0.058,0.454
2022-11-24,3.38,1.30,0.085,0.215
2022-11-25,1.90,2.92,0.100,0.249
2022-11-26,3.36,0.84,0.114,0.311
2022-11-27,1.49,2.58,0.087,0.317
2022-11-28,3.04,3.26,0.117,0.383
2022-11-29,3.80,-1.24,0.089,0.383
2022-11-30,4.09,-0.87,0.084,0.336
2022-12-01,-4.07,-3.30,-0.178,0.346
2022-12-02,-3.77,-2.84,-0.125,0.347
2022-12-03,-3.79,-3.93,-0.062,0.326
2022-12-04,-3.22,-2.80,0.015,0.330
2022-12-05,-3.51,-2.28,-0.044,0.453
2022-12-06,-3.01,-3.34,-0.064,0.460
2022-12-07,-3.73,-5.13,-0.165,0.366
2022-12-08,-3.51,-5.21,-0.155,0.386
2022-12-09,-3.50,-4.64,0.013,0.387
2022-12-10,-3.58,-5.31,-0.054,0.276
2022-12-11,-3.36,-4.63,-0.092,0.320
2022-12-12,-5.17,-1.58,0.033,0.387
2022-12-13,-3.30,-2.58,0.174,0.318
2022-12-14,-2.96,-4.39,-0.135,0.320
2022-12-15,-2.31,-3.69,-0.026,0.382
2022-12-16,-1.54,-3.16,0.125,0.380
2022-12-17,-2.27,-4.46,0.050,0.205
2022-12-18,-1.81,5.25,0.113,0.421
2022-12-19,-1.32,-2.39,0.203,0.304
2022-12-20,-1.80,-3.53,-0.125,0.322
2022-12-21,-2.94,-5.09,-0.118,0.318
2022-12-22,-2.79,-4.47,-0.180,0.233
2022-12-23,-2.58,-4.66,-0.093,0.255
2022-12-24,-2.65,-5.20,-0.123,0.138
2022-12-25,-2.11,-4.14,-0.073,0.280
2022-12-26,-2.71,-4.51,0.012,0.248
2022-12-27,-3.15,-1.97,0.074,0.415
2022-12-28,1.49,2.30,0.265,0.379
2022-12-29,-3.53,-4.52,-0.109,0.351
2022-12-30,-2.78,-4.82,-0.066,0.386
2022-12-31,-2.46,-5.05,-0.076,0.222
2023-01-01,-2.83,-5.10,0.029,0.253
2023-01-02,-4.15,-2.80,0.126,0.292
2023-01-03,-3.95,-4.09,-0.006,0.374
2023-01-04,-3.39,-3.90,-0.089,0.443
2023-01-05,-3.45,-5.97,-0.218,0.315
2023-01-06,-3.20,-4.74,-0.084,0.379
2023-01-07,-2.28,-3.80,0.161,0.365
2023-01-08,-4.22,-3.80,-0.009,0.293
2023-01-09,-2.49,-4.14,0.050,0.357
2023-01-10,-2.24,-1.88,0.198,0.244
2023-01-11,-2.95,-1.57,0.033,0.345
2023-01-12,-4.20,-6.23,-0.174,0.196
2023-01-13,-4.13,-2.78,-0.019,0.386
2023-01-14,-3.26,-6.13,0.032,0.157
2023-01-15,-3.62,-8.96,-0.240,-0.038
2023-01-16,-3.69,-7.91,-0.300,-0.016
2023-01-17,-3.31,-5.29,-0.054,0.031
2023-01-18,-2.13,-4.56,0.067,0.025
2023-01-19,-2.86,-3.79,-0.022,0.072
2023-01-20,-2.92,-5.48,-0.019,0.099
2023-01-21,-2.35,-5.03,-0.058,0.128
2023-01-22,-2.68,-3.83,0.047,0.228
2023-01-23,-2.20,-3.39,0.139,0.178
2023-01-24,-2.16,-4.64,-0.038,0.101
2023-01-25,-2.77,-4.80,-0.096,0.247
2023-01-26,-3.29,-5.69,-0.071,0.184
2023-01-27,-4.76,-8.24,-0.252,-0.020
2023-01-28,-4.48,-8.08,-0.204,0.031
2023-01-29,-3.33,-5.13,-0.111,0.190
2023-01-30,-3.43,-5.28,0.111,0.245
2023-01-31,-3.51,-6.32,-0.011,0.183
2023-02-01,-3.28,-5.67,-0.051,0.215
2023-02-02,-4.23,-6.77,-0.097,0.172
2023-02-03,-2.99,-5.87,-0.039,0.220
2023-02-04,-2.99,-5.62,0.095,0.174
2023-02-05,-3.07,-6.59,-0.045,0.145
2023-02-06,-2.49,-5.11,0.057,0.340
2023-02-07,-3.94,-7.10,-0.016,0.080
2023-02-08,-3.79,-6.31,-0.114,0.168
2023-02-09,-2.63,-5.90,-0.037,0.226
2023-02-10,-2.10,-5.19,0.002,0.216
2023-02-11,-2.30,-5.42,0.012,0.218
2023-02-12,-2.83,-6.07,-0.041,0.188
2023-02-13,-3.77,-8.09,-0.151,0.051
2023-02-14,-3.80,-8.14,-0.158,0.083
2023-02-15,-3.92,-7.38,-0.109,0.146
2023-02-16,-3.07,-6.58,-0.005,0.182
2023-02-17,-2.61,-5.35,-0.006,0.170
2023-02-18,-3.23,-7.61,-0.059,0.056
2023-02-19,-4.70,-8.48,-0.182,-0.001
2023-02-20,-3.57,-7.01,-0.145,0.094
2023-02-21,-3.39,-6.12,-0.035,0.128
2023-02-22,-3.26,-6.39,-0.074,0.161
2023-02-23,-2.99,-6.14,-0.002,0.174
2023-02-24,-4.00,-7.22,-0.047,0.115
2023-02-25,-4.23,-7.64,-0.128,0.114
2023-02-26,-3.28,-5.92,-0.059,0.160
2023-02-27,-3.26,-6.69,-0.030,0.090
2023-02-28,-2.92,-5.74,-0.008,0.130
2023-03-01,-2.79,-6.57,-0.045,0.200
2023-03-02,-3.82,-7.19,-0.065,0.200
2023-03-03,-2.34,-6.11,-0.078,0.198
2023-03-04,-0.82,-5.17,0.070,0.305
2023-03-05,-2.45,-5.25,0.110,0.099
2023-03-06,-3.65,-5.63,-0.182,0.099
2023-03-07,-3.54,-6.38,-0.121,0.142
2023-03-08,-2.85,-7.07,-0.144,0.009
2023-03-09,-1.42,-8.04,-0.083,0.039
2023-03-10,-2.07,-6.38,-0.106,-0.068
2023-03-11,-0.70,-5.68,0.019,0.049
2023-03-12,0.41,-3.31,0.134,0.011
2023-03-13,-0.42,-3.97,0.024,-0.078
2023-03-14,-0.65,-3.04,0.014,0.016
2023-03-15,-0.23,-4.29,0.006,0.046
2023-03-16,-3.36,-0.78,0.117,0.117
2023-03-17,-3.64,-4.34,-0.151,0.081
2023-03-18,-3.19,-3.54,0.000,0.322
2023-03-19,-3.26,-2.64,0.173,0.249
2023-03-20,-3.01,-4.82,-0.032,0.147
2023-03-21,-3.40,-6.14,-0.142,0.178
2023-03-22,-3.97,-7.16,-0.228,0.031
2023-03-23,-3.00,-5.65,-0.211,0.091
2023-03-24,-3.11,-6.09,-0.174,0.064
2023-03-25,-4.24,-5.84,-0.140,0.101
2023-03-26,-2.40,-5.38,-0.014,0.120
2023-03-27,-2.86,-5.86,-0.115,0.021
2023-03-28,-3.18,-5.50,-0.205,0.085
2023-03-29,-3.35,-5.79,-0.159,0.152
2023-03-30,-3.28,-6.73,-0.144,0.186
2023-03-31,-3.56,-7.64,-0.177,0.127
2023-04-01,-2.97,-6.08,-0.203,0.164
2023-04-02,-3.07,-6.03,-0.081,0.115
2023-04-03,-3.23,-6.34,-0.139,0.054
2023-04-04,-2.98,-6.70,-0.174,0.031
2023-04-05,-2.77,-5.68,-0.097,0.159
2023-04-06,-3.13,-6.42,-0.119,0.044
2023-04-07,-4.34,-5.35,-0.148,0.233
2023-04-08,-3.28,-4.68,-0.001,0.337
2023-04-09,-1.30,-5.22,0.012,0.184
2023-04-10,-2.29,-5.66,-0.080,0.107
2023-04-11,-2.78,-5.45,-0.112,0.140
2023-04-12,-2.57,-5.05,-0.117,0.170
2023-04-13,-2.76,-5.41,-0.054,0.169
2023-04-14,-3.35,-6.57,-0.135,0.019
2023-04-15,-2.85,-4.56,-0.080,0.272
2023-04-16,-2.59,-4.68,0.009,0.215
2023-04-17,-3.96,-0.77,0.031,0.350
2023-04-18,-2.72,-3.89,-0.041,0.222
2023-04-19,-3.20,-6.02,-0.136,0.113
2023-04-20,-2.74,-6.15,-0.220,0.018
2023-04-21,0.63,-5.11,-0.081,0.120
2023-04-22,-0.07,-3.89,0.080,0.022
2023-04-23,-0.62,-4.39,-0.065,0.040
2023-04-24,-1.02,-3.82,-0.077,0.118
2023-04-25,-1.39,-4.53,-0.028,0.081
2023-04-26,-1.17,-5.51,-0.120,-0.067
2023-04-27,-1.80,-4.46,-0.087,0.098
2023-04-28,-1.20,-4.20,0.004,0.066
2023-04-29,-1.34,-1.78,0.030,0.174
2023-04-30,-0.11,3.25,0.186,0.197
2023-05-01,-0.48,-2.46,0.160,0.138
2023-05-02,-1.46,-5.08,-0.146,-0.038
2023-05-03,-1.55,-4.50,-0.192,-0.047
2023-05-04,-2.39,-4.90,-0.123,-0.098
2023-05-05,-2.71,-7.07,-0.201,-0.254
2023-05-06,-2.83,-6.06,-0.167,-0.165
2023-05-07,-1.75,-5.72,-0.048,-0.060
2023-05-08,-2.54,-7.83,-0.090,-0.179
2023-05-09,-1.40,-4.87,-0.133,0.015
2023-05-10,-2.68,3.83,0.084,0.262
2023-05-11,-1.77,-3.98,0.037,-0.064
2023-05-12,-2.27,-4.26,-0.184,0.085
2023-05-13,-1.69,-4.64,-0.122,0.088
2023-05-14,-1.53,-3.15,-0.070,0.267
2023-05-15,0.44,3.15,0.076,0.283
2023-05-16,2.85,-0.40,0.006,0.290
2023-05-17,1.50,2.31,0.012,0.428
2023-05-18,-0.91,-5.73,-0.150,0.041
2023-05-19,-2.95,-5.33,-0.283,-0.037
2023-05-20,-5.76,-0.50,-0.074,0.099
2023-05-21,0.86,-2.12,0.173,0.113
2023-05-22,2.13,1.72,-0.024,0.245
2023-05-23,-2.26,-1.10,0.006,0.268
2023-05-24,0.48,-3.01,-0.099,0.324
2023-05-25,-2.66,0.37,-0.076,0.326
2023-05-26,2.58,2.01,0.013,0.426
2023-05-27,2.19,-0.19,-0.080,0.377
2023-05-28,-0.31,-2.22,-0.067,0.395
2023-05-29,1.83,2.72,0.001,0.392
2023-05-30,2.82,2.54,0.113,0.392
2023-05-31,2.22,1.80,0.010,0.272
2023-06-01,2.77,2.02,0.023,0.225
2023-06-02,1.47,3.02,0.091,0.240
2023-06-03,-1.97,-2.04,-0.062,0.056
2023-06-04,-0.95,-4.13,-0.094,0.096
2023-06-05,2.29,0.66,0.131,0.107
2023-06-06,-0.81,-2.84,-0.064,-0.015
2023-06-07,2.94,0.73,0.006,0.141
2023-06-08,2.88,1.47,0.116,-0.001
2023-06-09,1.98,2.63,-0.046,0.058
2023-06-10,2.09,0.00,-0.011,-0.007
2023-06-11,-2.69,-0.43,-0.111,0.006
2023-06-12,-1.19,-3.11,-0.127,-0.099
2023-06-13,-3.13,-1.40,-0.128,0.045
2023-06-14,1.96,3.02,0.234,0.112
2023-06-15,1.47,-3.02,0.023,-0.046
2023-06-16,0.36,3.43,0.063,0.287
2023-06-17,-0.52,2.26,0.348,0.244
2023-06-18,-4.28,-0.53,-0.010,0.154
2023-06-19,-2.79,-4.64,-0.164,0.043
2023-06-20,-2.50,-3.44,-0.069,-0.027
2023-06-21,-2.18,3.77,0.070,0.044
2023-06-22,2.98,2.41,0.285,0.098
2023-06-23,2.43,1.70,0.101,0.050
2023-06-24,1.80,3.86,0.066,0.248
2023-06-25,-0.34,2.74,0.134,0.248
2023-06-26,1.71,1.24,0.112,0.305
2023-06-27,1.08,-2.02,0.048,0.192
2023-06-28,-3.10,-3.44,-0.135,0.192
2023-06-29,-3.38,-4.83,-0.135,0.221
2023-06-30,-2.54,-4.39,-0.226,0.189
2023-07-01,3.80,1.69,0.157,0.285
2023-07-02,2.92,2.45,0.118,0.160
2023-07-03,2.71,0.63,0.131,0.370
2023-07-04,3.57,2.79,0.094,0.372
2023-07-05,-1.69,-3.05,-0.008,0.557
2023-07-06,2.91,3.47,0.062,0.437
2023-07-07,1.78,1.60,0.175,0.385
2023-07-08,2.40,1.38,0.103,0.471
2023-07-09,-2.38,-2.07,0.096,0.561
2023-07-10,-1.99,-4.28,-0.076,0.364
2023-07-11,-3.58,-3.46,0.079,0.561
2023-07-12,-2.41,-2.68,0.101,0.428
2023-07-13,-3.19,-4.55,-0.166,0.391
2023-07-14,3.06,3.17,0.229,0.495
2023-07-15,3.74,0.66,0.190,0.294
2023-07-16,-2.52,-3.60,-0.094,0.519
2023-07-17,-1.34,-4.38,0.116,0.498
2023-07-18,-4.35,-1.85,0.156,0.157
2023-07-19,-2.60,-5.10,-0.074,0.070
2023-07-20,-3.12,-5.86,-0.199,0.021
2023-07-21,-2.59,-3.98,-0.118,0.143
2023-07-22,2.68,2.98,0.264,0.213
2023-07-23,-1.51,-3.94,-0.042,0.033
2023-07-24,-2.95,-5.54,-0.134,0.209
2023-07-25,-2.91,-5.25,-0.131,0.230
2023-07-26,-1.45,5.42,0.166,0.474
2023-07-27,-2.73,1.91,0.205,0.556
2023-07-28,2.28,-1.06,0.248,0.559
2023-07-29,-2.11,-3.97,0.223,0.420
2023-07-30,-1.54,-4.47,0.144,0.557
2023-07-31,2.31,1.94,0.218,0.665
2023-08-01,2.78,-1.48,0.259,0.530
2023-08-02,0.90,-3.62,0.302,0.546
2023-08-03,0.27,-3.92,0.143,0.410
2023-08-04,-2.19,-4.30,-0.068,0.360
2023-08-05,-3.31,-5.50,-0.120,0.193
2023-08-06,-3.29,-4.06,-0.122,0.220
2023-08-07,2.75,3.52,0.150,0.224
2023-08-08,3.19,0.45,0.239,0.154
2023-08-09,0.24,-3.47,-0.024,0.270
2023-08-10,-0.32,4.64,0.056,0.592
2023-08-11,0.12,-3.43,0.281,0.397
2023-08-12,3.61,1.39,0.333,0.296
2023-08-13,-0.13,-3.59,0.198,0.055
2023-08-14,2.49,2.58,0.149,0.275
2023-08-15,3.11,2.70,0.181,0.460
2023-08-16,2.74,1.40,0.065,0.553
2023-08-17,3.64,0.84,0.122,0.440
2023-08-18,4.09,-0.50,0.193,0.125
2023-08-19,1.03,3.59,0.105,0.113
2023-08-20,2.95,2.95,0.252,0.186
2023-08-21,2.19,3.64,0.227,0.251
2023-08-22,5.48,4.44,0.191,0.464
2023-08-23,2.74,3.78,0.022,0.502
2023-08-24,1.66,1.98,-0.001,0.551
2023-08-25,0.00,-4.42,0.017,0.204
2023-08-26,-1.04,-3.39,-0.092,0.204
2023-08-27,-1.86,-3.51,0.081,0.166
2023-08-28,2.60,-1.63,0.242,-0.180
2023-08-29,1.07,-2.39,-0.012,-0.307
2023-08-30,-0.69,-3.57,-0.077,-0.042
2023-08-31,-1.55,-4.51,-0.138,-0.069
2023-09-01,3.34,0.41,0.194,0.165
2023-09-02,5.22,-3.65,0.043,-0.084
2023-09-03,3.09,3.43,0.159,0.278
2023-09-04,2.52,1.51,0.173,0.211
2023-09-05,0.34,-2.76,-0.023,0.359
2023-09-06,-1.73,-3.11,0.002,0.420
2023-09-07,-2.18,-5.40,0.000,0.321
2023-09-08,2.53,-1.18,0.218,0.328
2023-09-09,3.68,-0.39,0.247,0.053
2023-09-10,1.40,2.42,0.280,0.159
2023-09-11,2.07,-1.56,0.195,0.092
2023-09-12,-1.08,-2.80,0.032,0.070
2023-09-13,-2.52,-1.63,0.109,0.285
2023-09-14,-1.08,-4.02,0.115,0.136
2023-09-15,-2.62,-4.19,-0.012,0.209
2023-09-16,3.04,-0.76,0.270,0.373
2023-09-17,-0.15,-4.40,0.021,0.261
2023-09-18,3.02,0.42,0.127,0.493
2023-09-19,1.50,1.17,0.187,0.394
2023-09-20,2.96,-0.96,0.110,0.446
2023-09-21,1.68,-1.93,0.163,0.366
2023-09-22,-3.15,-4.67,-0.010,0.292
2023-09-23,-1.78,-4.89,0.076,0.422
2023-09-24,0.06,3.19,0.351,0.463
2023-09-25,2.38,3.05,0.213,0.413
2023-09-26,4.01,0.78,0.209,0.351
2023-09-27,2.78,-0.44,0.055,0.384
2023-09-28,2.90,-1.23,0.005,0.403
2023-09-29,-1.53,2.87,0.149,0.456
2023-09-30,-0.91,-2.96,0.276,0.147
2023-10-01,1.21,1.87,0.212,0.196
2023-10-02,0.05,2.80,0.302,0.304
2023-10-03,2.80,1.37,0.273,0.279
2023-10-04,2.73,2.46,0.146,0.408
2023-10-05,1.30,1.73,0.011,0.553
2023-10-06,0.14,2.71,-0.086,0.556
2023-10-07,-1.77,-4.61,-0.116,0.222
2023-10-08,-0.54,-3.04,-0.182,0.211
2023-10-09,-0.76,1.17,0.092,0.182
2023-10-10,0.73,-2.40,-0.052,0.010
2023-10-11,1.87,2.78,0.045,0.091
2023-10-12,3.09,-1.06,-0.013,-0.064
2023-10-13,2.62,-0.32,-0.053,0.090
2023-10-14,2.37,1.85,0.034,0.095
2023-10-15,3.11,0.95,0.020,0.152
2023-10-16,2.51,1.51,0.019,0.211
2023-10-17,0.49,-2.30,-0.037,0.249
2023-10-18,0.68,-3.88,-0.121,0.245
2023-10-19,4.06,3.17,-0.005,0.360
2023-10-20,2.91,3.72,0.151,0.334
2023-10-21,2.97,3.54,0.060,0.364
2023-10-22,1.37,1.28,-0.057,0.429
2023-10-23,-0.99,-3.22,-0.095,0.414
2023-10-24,2.92,-3.61,-0.080,0.409
2023-10-25,2.43,2.70,0.200,0.398
2023-10-26,3.82,2.48,0.139,0.414
2023-10-27,4.07,4.07,0.121,0.625
2023-10-28,5.50,4.95,0.150,0.698
2023-10-29,4.87,3.28,0.000,0.662
2023-10-30,3.13,1.20,-0.026,0.601
2023-10-31,1.92,2.28,0.082,0.350
2023-11-01,2.80,0.54,0.130,0.299
2023-11-02,2.03,1.59,0.163,0.268
2023-11-03,2.13,3.29,0.220,0.430
2023-11-04,1.69,1.27,0.166,0.435
2023-11-05,2.81,-1.02,0.041,0.368
2023-11-06,3.17,-0.33,0.016,0.303
2023-11-07,2.51,0.77,-0.056,0.256
2023-11-08,-1.79,-3.84,-0.190,0.066
2023-11-09,-1.83,-3.93,-0.275,0.051
2023-11-10,1.69,4.40,0.055,0.166
2023-11-11,3.09,2.33,0.252,-0.172
2023-11-12,3.01,3.99,-0.001,-0.122
2023-11-13,2.94,1.70,0.285,0.051
2023-11-14,3.69,1.64,0.116,-0.120
2023-11-15,2.19,3.51,0.164,0.019
2023-11-16,2.92,3.36,0.376,0.115
2023-11-17,2.64,3.04,0.203,0.052
2023-11-18,5.12,4.30,0.255,0.266
2023-11-19,5.44,2.77,0.092,0.219
2023-11-20,2.75,2.39,-0.085,0.392
2023-11-21,2.48,-0.04,-0.002,0.358
2023-11-22,2.72,-0.29,0.024,0.314
2023-11-23,1.21,-1.49,0.048,0.282
2023-11-24,-2.20,-5.17,-0.111,0.081
2023-11-25,2.69,3.21,0.041,0.404
2023-11-26,1.24,-2.15,0.004,0.231
2023-11-27,-3.01,-5.42,-0.313,0.261
2023-11-28,-4.00,-6.66,-0.274,0.173
2023-11-29,-5.90,-3.27,-0.088,0.347
2023-11-30,3.21,-1.10,0.372,0.107
2023-12-01,-3.40,-5.67,-0.171,0.132
2023-12-02,-3.06,-5.10,-0.138,0.346
2023-12-03,-2.29,-4.49,-0.023,0.255
2023-12-04,-2.54,-5.21,-0.067,0.164
2023-12-05,-3.28,-6.43,-0.188,0.120
2023-12-06,-3.77,-7.40,-0.230,0.029
2023-12-07,-3.65,-5.84,-0.239,0.113
2023-12-08,-2.97,-4.75,-0.005,0.237
2023-12-09,-3.11,-5.85,-0.103,0.111
2023-12-10,-3.00,-4.80,-0.145,0.239
2023-12-11,-1.50,-3.53,0.224,0.371
2023-12-12,-3.30,-5.96,-0.107,0.074
2023-12-13,-3.86,-6.96,-0.196,0.181
2023-12-14,-4.07,-7.66,-0.224,0.148
2023-12-15,-2.88,-4.99,-0.175,0.312
2023-12-16,-2.27,-4.26,0.198,0.408
2023-12-17,2.39,1.93,0.257,0.156
2023-12-18,1.93,-4.34,0.064,0.329
2023-12-19,0.58,-4.71,0.120,0.436
2023-12-20,-0.74,-4.70,0.110,0.326
2023-12-21,-3.28,-4.86,-0.067,0.234
2023-12-22,-2.74,-5.16,-0.035,0.264
2023-12-23,-2.86,-5.87,-0.040,0.234
2023-12-24,-3.35,-5.37,0.081,0.443
2023-12-25,-3.17,-5.07,0.057,0.316
2023-12-26,-3.54,-1.65,0.072,0.498
2023-12-27,-4.01,0.71,0.159,0.529
2023-12-28,-3.75,-3.04,0.183,0.436
2023-12-29,-3.72,0.13,0.121,0.457
2023-12-30,-2.76,-4.41,0.013,0.299
2023-12-31,-2.83,-5.56,-0.148,0.238
2024-01-01,-4.07,-7.05,-0.176,0.131
2024-01-02,-3.68,-6.37,-0.136,0.100
2024-01-03,-3.62,-7.42,-0.057,-0.083
2024-01-04,-1.68,-5.86,-0.052,-0.089
2024-01-05,-2.65,-5.96,-0.033,-0.056
2024-01-06,-2.00,-3.92,0.005,0.024
2024-01-07,-2.44,-5.48,-0.007,0.020
2024-01-08,-3.84,-7.54,-0.168,-0.102
2024-01-09,-2.63,-4.55,-0.089,0.130
2024-01-10,1.25,-5.41,0.140,0.029
2024-01-11,0.30,-4.32,0.075,0.032
2024-01-12,-1.01,-4.39,0.030,0.156
2024-01-13,-4.22,-0.67,0.056,0.212
2024-01-14,-1.44,-5.04,0.017,0.075
2024-01-15,-2.73,-5.59,-0.164,0.105
2024-01-16,-2.92,-5.74,-0.110,0.158
2024-01-17,-2.65,-6.24,-0.112,0.122
2024-01-18,-3.35,-6.87,-0.142,0.109
2024-01-19,-1.86,-5.11,-0.065,0.217
2024-01-20,-2.86,-6.73,-0.050,0.159
2024-01-21,-3.58,-7.33,-0.203,0.072
2024-01-22,-3.62,-7.42,-0.157,0.190
2024-01-23,-3.40,-6.68,-0.117,0.221
2024-01-24,-3.27,-6.71,-0.118,0.222
2024-01-25,-2.69,-6.65,-0.004,0.250
2024-01-26,-2.59,-5.56,0.049,0.383
2024-01-27,-2.61,-5.12,0.089,0.396
2024-01-28,-2.72,-6.73,0.097,0.195
2024-01-29,-3.47,-9.03,-0.123,0.071
2024-01-30,-2.73,-9.54,-0.119,0.068
2024-01-31,-3.27,-10.70,-0.129,-0.092
2024-02-01,-2.93,-10.23,-0.161,-0.249
2024-02-02,-2.59,-9.65,-0.142,-0.281
2024-02-03,-0.50,-5.77,-0.045,-0.105
2024-02-04,-0.92,-3.97,0.013,-0.115
2024-02-05,3.19,1.49,0.159,0.046
2024-02-06,3.54,0.62,0.391,-0.011
2024-02-07,-0.29,-8.20,0.015,-0.330
2024-02-08,-2.01,-8.06,-0.133,-0.133
2024-02-09,-3.42,-8.90,-0.123,-0.160
2024-02-10,-2.91,-6.86,-0.106,-0.061
2024-02-11,-2.58,-6.73,-0.023,0.162
2024-02-12,-2.46,-5.05,0.093,0.352
2024-02-13,-0.49,-4.70,0.200,0.248
2024-02-14,-2.97,-7.35,-0.017,-0.064
2024-02-15,-4.05,-7.30,-0.123,-0.035
2024-02-16,-3.40,-5.89,-0.030,-0.114
2024-02-17,-2.14,-4.39,0.061,-0.144
2024-02-18,2.81,-3.23,0.026,-0.139
2024-02-19,0.00,-6.98,-0.005,-0.304
2024-02-20,-2.90,-10.82,-0.192,-0.420
2024-02-21,-2.13,-10.94,-0.166,-0.427
2024-02-22,-0.14,-7.98,-0.124,-0.436
2024-02-23,-2.79,-6.56,-0.180,-0.411
2024-02-24,-1.92,-7.69,-0.175,-0.365
2024-02-25,-1.26,-8.93,-0.087,-0.233
2024-02-26,-3.44,-8.97,-0.201,-0.330
2024-02-27,-3.45,-8.12,-0.188,-0.241
2024-02-28,-3.64,-8.57,-0.147,-0.197
2024-02-29,-3.96,-8.13,-0.124,-0.092
2024-03-01,-3.16,-7.10,-0.098,0.047
2024-03-02,-2.84,-5.58,-0.058,0.093
2024-03-03,-3.44,-5.95,-0.070,0.042
2024-03-04,-3.49,-6.30,-0.083,0.042
2024-03-05,-3.11,-6.11,-0.084,0.052
2024-03-06,-1.95,-6.38,-0.104,0.027
2024-03-07,-1.28,-6.60,-0.083,0.080
2024-03-08,-1.43,-7.36,-0.142,-0.075
2024-03-09,-0.68,-5.56,-0.124,0.039
2024-03-10,-1.27,-4.73,-0.029,0.146
2024-03-11,-3.33,-9.14,-0.164,-0.042
2024-03-12,-4.54,-9.73,-0.278,-0.150
2024-03-13,-3.23,-6.92,-0.149,-0.037
2024-03-14,-2.76,-6.20,-0.065,0.043
2024-03-15,-3.00,-7.06,-0.164,-0.020
2024-03-16,-2.59,-5.56,-0.159,0.151
2024-03-17,-3.11,-6.10,-0.045,0.055
2024-03-18,-2.16,-5.09,-0.106,0.078
2024-03-19,0.92,-3.99,0.042,0.175
2024-03-20,-0.16,-4.59,-0.010,0.017
2024-03-21,-2.87,-7.89,-0.226,-0.028
2024-03-22,-2.74,-5.88,-0.318,-0.109
2024-03-23,1.21,-5.22,-0.111,-0.013
2024-03-24,3.05,-2.22,0.261,-0.007
2024-03-25,2.25,-3.74,-0.032,0.253
2024-03-26,-0.16,-4.63,0.015,0.332
2024-03-27,0.27,-5.19,-0.028,0.142
2024-03-28,-0.61,-3.45,-0.019,0.210
2024-03-29,-1.62,-7.60,-0.095,-0.098
2024-03-30,-2.92,-8.99,-0.290,-0.251
2024-03-31,-3.06,-8.42,-0.242,-0.283
2024-04-01,-2.76,-6.20,-0.144,-0.069
2024-04-02,-3.31,-5.97,-0.081,-0.101
2024-04-03,5.14,0.54,0.034,0.088
2024-04-04,1.50,2.31,0.137,-0.206
2024-04-05,-0.76,-1.99,-0.075,-0.229
2024-04-06,-1.85,-4.36,-0.210,-0.026
2024-04-07,-2.88,-5.90,-0.150,0.257
2024-04-08,-2.09,-4.29,-0.133,0.341
2024-04-09,-2.46,-4.25,-0.128,0.404
2024-04-10,-2.48,-5.32,-0.045,0.474
2024-04-11,-0.58,-4.76,0.058,0.497
2024-04-12,-2.72,-6.41,-0.028,0.354
2024-04-13,-4.53,-10.68,-0.322,-0.035
2024-04-14,-3.51,-8.69,-0.356,-0.049
2024-04-15,-3.14,-8.19,-0.132,-0.042
2024-04-16,-2.65,-8.15,-0.105,-0.057
2024-04-17,-2.20,-8.83,-0.051,-0.112
2024-04-18,-2.65,-6.56,-0.111,-0.207
2024-04-19,-2.59,-5.56,-0.087,-0.159
2024-04-20,-2.69,-4.14,-0.100,-0.176
2024-04-21,-3.14,-5.03,-0.156,-0.108
2024-04-22,-3.34,1.49,0.055,0.277
2024-04-23,-4.04,-1.16,-0.000,0.129
2024-04-24,-3.78,-7.76,-0.233,0.040
2024-04-25,-3.69,-5.68,-0.266,0.138
2024-04-26,-4.63,-0.41,0.059,0.401
2024-04-27,-1.99,-3.31,0.076,0.107
2024-04-28,1.11,3.42,0.031,0.590
2024-04-29,1.41,1.46,0.336,0.333
2024-04-30,-1.99,-4.27,-0.071,0.235
2024-05-01,0.48,-3.06,0.051,0.498
2024-05-02,-2.72,3.02,0.201,0.387
2024-05-03,2.67,-1.80,0.287,0.379
2024-05-04,2.52,-1.40,0.197,0.395
2024-05-05,0.72,-2.08,0.248,0.406
2024-05-06,-0.09,-2.72,0.171,0.328
2024-05-07,3.41,-1.81,0.119,0.327
2024-05-08,3.59,1.31,0.179,0.500
2024-05-09,1.87,2.48,0.227,0.603
2024-05-10,-1.43,-1.83,0.350,0.576
2024-05-11,-0.73,-4.13,0.271,0.449
2024-05-12,0.14,-2.60,0.272,0.493
2024-05-13,-2.00,-4.71,0.063,0.332
2024-05-14,-3.56,-1.89,-0.043,0.408
2024-05-15,3.29,3.07,0.371,0.611
2024-05-16,2.69,-1.20,0.011,0.511
2024-05-17,0.06,3.60,0.147,0.535
2024-05-18,-1.83,-3.59,0.320,0.472
2024-05-19,-1.60,-3.00,0.095,0.287
2024-05-20,3.17,2.95,0.198,0.394
2024-05-21,1.61,4.00,0.217,0.360
2024-05-22,-1.37,-3.98,-0.113,0.336
2024-05-23,-2.81,-2.19,-0.222,0.338
2024-05-24,1.97,-1.97,0.193,0.382
2024-05-25,2.36,-0.96,0.131,0.307
2024-05-26,-1.17,-2.20,0.012,0.227
2024-05-27,4.42,-0.54,0.010,0.169
2024-05-28,3.44,0.73,0.200,0.155
2024-05-29,3.29,0.23,0.131,0.234
2024-05-30,1.82,2.51,0.161,0.502
2024-05-31,-1.42,2.19,0.129,0.540
2024-06-01,-1.26,-3.29,0.060,0.444
2024-06-02,4.46,3.36,-0.000,0.470
2024-06-03,2.30,3.05,0.418,0.473
2024-06-04,2.67,1.80,0.123,0.287
2024-06-05,2.55,2.06,,
2024-06-06,1.34,-1.55,,
2024-06-07,2.36,1.47,,
2024-06-08,-1.14,-2.25,,
2024-06-09,2.22,2.38,0.238,0.452
2024-06-10,0.72,-1.62,0.236,0.422
2024-06-11,2.27,3.37,0.290,0.403
2024-06-12,0.05,-2.66,0.150,0.364
2024-06-13,1.16,1.59,0.123,0.363
2024-06-14,2.05,2.82,0.244,0.292
2024-06-15,3.14,6.74,0.253,0.357
2024-06-16,2.22,3.69,0.175,0.228
2024-06-17,-0.96,-3.13,0.002,0.093
2024-06-18,2.22,-3.55,0.083,0.138
2024-06-19,3.26,2.46,0.134,0.218
2024-06-20,-0.61,2.63,0.110,0.211
2024-06-21,2.60,-0.70,0.059,0.190
2024-06-22,2.94,1.69,0.064,0.185
2024-06-23,3.09,1.58,0.143,-0.017
2024-06-24,-0.10,2.85,-0.007,-0.149
2024-06-25,1.31,-2.68,0.033,0.205
2024-06-26,3.07,2.39,0.127,0.174
2024-06-27,2.41,2.58,0.080,0.228
2024-06-28,2.34,0.41,0.019,0.369
2024-06-29,3.43,0.86,0.067,0.360
2024-06-30,-1.10,-3.38,0.002,0.181
2024-07-01,-4.27,0.15,-0.004,0.368
2024-07-02,2.29,2.54,0.263,0.253
2024-07-03,2.71,2.44,0.250,0.224
2024-07-04,3.21,1.93,0.193,0.468
2024-07-05,3.81,4.23,0.228,0.572
2024-07-06,-3.97,-1.60,-0.095,0.667
2024-07-07,-2.31,-3.18,-0.079,0.642
2024-07-08,-2.48,-3.97,0.118,0.555
2024-07-09,-1.64,-3.86,0.015,0.479
2024-07-10,3.01,3.01,0.233,0.428
2024-07-11,5.25,0.09,0.202,0.266
2024-07-12,3.64,-0.38,0.086,0.491
2024-07-13,-2.67,-3.30,-0.006,0.685
2024-07-14,-3.90,-4.04,-0.085,0.559
2024-07-15,-2.82,-3.25,0.009,0.567
2024-07-16,-3.61,-5.36,-0.062,0.452
2024-07-17,-2.92,3.36,0.094,0.557
2024-07-18,1.19,3.26,0.242,0.479
2024-07-19,-0.00,2.29,0.069,0.535
2024-07-20,-0.94,-1.69,0.192,0.525
2024-07-21,-1.19,-3.44,0.192,0.435
2024-07-22,3.33,1.48,0.204,0.551
2024-07-23,2.09,5.17,0.199,0.658
2024-07-24,2.52,3.35,0.149,0.649
2024-07-25,3.45,-1.68,0.116,0.490
2024-07-26,3.14,0.96,0.496,0.578
2024-07-27,1.77,2.44,0.413,0.630
2024-07-28,2.00,-3.21,0.202,0.574
2024-07-29,-3.20,-5.33,-0.022,0.476
2024-07-30,-3.31,-3.80,-0.088,0.414
2024-07-31,2.47,2.47,0.472,0.772
2024-08-01,4.07,0.86,0.440,0.687
2024-08-02,2.76,1.47,0.398,0.787
2024-08-03,2.74,-1.05,0.254,0.767
2024-08-04,2.90,-0.15,0.287,0.874
2024-08-05,3.42,1.67,0.312,0.845
2024-08-06,3.29,2.48,0.378,0.721
2024-08-07,2.43,0.38,0.179,0.567
2024-08-08,1.05,-1.68,0.040,0.596
2024-08-09,3.89,-1.49,0.110,0.393
2024-08-10,0.56,2.45,0.102,0.384
2024-08-11,-0.11,3.09,0.226,0.523
2024-08-12,2.60,-1.16,0.100,0.449
2024-08-13,2.22,3.54,0.147,0.356
2024-08-14,0.04,-2.50,0.122,-0.110
2024-08-15,-1.72,-3.53,-0.079,-0.515
2024-08-16,-0.49,-3.09,-0.271,-0.294
2024-08-17,1.31,3.59,-0.194,-0.145
2024-08-18,0.92,-2.41,-0.079,-0.154
2024-08-19,-0.49,-3.51,-0.028,-0.042
2024-08-20,3.31,2.88,0.110,0.181
2024-08-21,3.38,1.37,0.025,0.006
2024-08-22,3.09,2.78,-0.039,0.108
2024-08-23,2.79,1.61,-0.046,0.158
2024-08-24,2.23,0.90,0.022,0.168
2024-08-25,1.94,2.99,0.008,0.204
2024-08-26,2.29,1.07,-0.032,0.266
2024-08-27,-0.60,-2.23,-0.164,0.137
2024-08-28,-1.98,-4.46,-0.160,-0.036
2024-08-29,-2.96,-4.92,-0.311,-0.257
2024-08-30,1.83,2.93,0.077,0.156
2024-08-31,3.78,-0.80,0.223,0.023
2024-09-01,1.97,2.04,0.227,0.364
2024-09-02,2.06,-1.73,0.214,0.302
2024-09-03,2.66,-0.87,0.008,0.262
2024-09-04,2.80,2.35,0.042,0.098
2024-09-05,1.62,3.18,0.013,0.053
2024-09-06,0.92,2.41,-0.060,0.044
2024-09-07,2.67,-0.23,-0.145,-0.146
2024-09-08,1.66,-1.78,-0.213,-0.184
2024-09-09,2.14,-1.56,-0.140,0.008
2024-09-10,3.22,1.37,-0.002,0.125
2024-09-11,2.33,1.95,0.027,0.118
2024-09-12,1.77,3.07,-0.008,0.225
2024-09-13,1.78,1.29,-0.053,0.332
2024-09-14,1.84,-2.95,-0.052,0.286
2024-09-15,-0.15,-1.71,0.048,0.225
2024-09-16,-3.07,-2.31,-0.024,0.177
2024-09-17,2.02,2.32,0.260,0.241
2024-09-18,-0.85,-2.96,0.070,-0.078
2024-09-19,-1.44,-3.95,0.012,0.136
2024-09-20,3.03,2.20,0.344,0.281
2024-09-21,1.49,1.65,0.035,0.336
2024-09-22,1.79,1.85,-0.028,0.518
2024-09-23,-0.78,2.55,0.127,0.263
2024-09-24,2.70,-0.57,0.233,-0.016
2024-09-25,2.04,1.08,0.049,0.298
2024-09-26,2.70,1.09,0.052,0.326
2024-09-27,1.32,-1.88,-0.000,0.322
2024-09-28,3.52,-0.88,-0.021,0.224
2024-09-29,3.22,3.98,0.149,0.167
2024-09-30,0.72,2.68,0.137,-0.059
2024-10-01,1.04,-3.20,-0.011,-0.092
2024-10-02,2.53,0.35,0.070,0.055
2024-10-03,-0.97,-2.81,-0.003,0.072
2024-10-04,-1.16,-5.46,-0.171,-0.011
2024-10-05,1.21,3.51,-0.058,0.270
2024-10-06,3.48,2.09,0.265,0.164
2024-10-07,3.27,1.67,0.118,0.229
2024-10-08,2.15,2.39,0.130,0.259
2024-10-09,2.00,2.47,0.063,0.168
2024-10-10,2.32,-0.08,-0.008,0.225
2024-10-11,2.22,0.99,0.022,0.184
2024-10-12,2.77,-1.94,-0.050,0.089
2024-10-13,3.42,0.85,0.005,0.096
2024-10-14,2.60,2.51,0.042,0.209
2024-10-15,2.08,2.97,0.040,0.356
2024-10-16,1.21,2.49,-0.004,0.302
2024-10-17,0.83,-1.79,-0.100,0.223
2024-10-18,0.86,-2.12,-0.096,0.223
2024-10-19,2.17,4.25,-0.079,0.350
2024-10-20,2.58,2.97,0.093,0.427
2024-10-21,3.89,2.34,0.015,0.418
2024-10-22,3.83,-0.33,0.012,0.205
2024-10-23,1.97,-2.04,-0.178,0.372
2024-10-24,2.82,-1.43,-0.204,0.369
2024-10-25,1.88,-2.50,0.048,0.336
2024-10-26,-0.47,-3.83,0.012,0.394
2024-10-27,1.55,5.78,-0.032,0.577
2024-10-28,1.73,2.87,0.052,0.572
2024-10-29,3.62,0.90,-0.022,0.687
2024-10-30,4.26,1.14,0.022,0.510
2024-10-31,2.67,3.42,0.143,0.571
2024-11-01,2.68,1.48,0.103,0.669
2024-11-02,3.87,6.20,0.162,0.746
2024-11-03,4.67,8.43,0.145,0.807
2024-11-04,3.69,8.29,0.089,0.918
2024-11-05,1.93,5.62,0.089,0.813
2024-11-06,1.63,-1.95,-0.043,0.457
2024-11-07,2.47,-2.94,-0.008,0.254
2024-11-08,2.42,1.63,0.366,0.319
2024-11-09,5.19,4.20,0.398,0.535
2024-11-10,3.36,3.24,0.114,0.630
2024-11-11,3.29,3.79,0.088,0.628
2024-11-12,2.38,3.52,0.250,0.660
2024-11-13,3.61,2.72,0.094,0.394
2024-11-14,4.00,3.36,0.161,0.529
2024-11-15,2.72,3.02,0.136,0.527
2024-11-16,3.24,0.00,0.076,0.449
2024-11-17,1.77,-1.97,-0.036,0.369
2024-11-18,1.38,-2.60,-0.112,0.226
2024-11-19,3.22,0.23,-0.170,0.145
2024-11-20,2.81,2.62,0.052,0.115
2024-11-21,2.79,0.29,-0.080,-0.049
2024-11-22,2.35,0.59,-0.073,-0.008
2024-11-23,1.37,1.69,0.012,0.005
2024-11-24,2.52,0.00,-0.048,-0.050
2024-11-25,3.27,0.00,0.061,-0.089
2024-11-26,3.33,-0.95,0.032,-0.120
2024-11-27,3.22,0.74,0.043,0.091
2024-11-28,3.00,0.69,-0.024,0.323
2024-11-29,0.32,-3.06,-0.154,0.326
2024-11-30,2.53,0.27,0.003,0.405
2024-12-01,-1.60,-3.76,-0.016,0.133
2024-12-02,-1.78,4.63,0.049,0.317
2024-12-03,-3.86,-1.88,0.185,0.215
2024-12-04,-2.72,-5.58,-0.107,0.118
2024-12-05,-4.59,-5.67,-0.152,0.215
2024-12-06,0.00,-3.91,0.046,0.351
2024-12-07,2.60,-3.45,0.240,0.315
2024-12-08,-3.03,-5.25,-0.062,0.386
2024-12-09,-3.41,-5.25,-0.102,0.412
2024-12-10,-2.82,-4.51,0.035,0.389
2024-12-11,-2.58,-4.29,-0.001,0.306
2024-12-12,-3.78,-6.54,-0.081,0.226
2024-12-13,-5.22,-8.69,-0.171,0.136
2024-12-14,-4.79,-9.01,-0.174,0.157
2024-12-15,-2.83,-7.01,-0.097,0.088
2024-12-16,-1.77,-5.14,0.031,0.105
2024-12-17,-2.48,-5.57,0.005,0.077
2024-12-18,-2.19,-5.41,-0.068,0.078
2024-12-19,-2.39,-5.63,-0.065,0.125
2024-12-20,3.04,-3.26,0.137,0.206
2024-12-21,-0.11,3.11,0.208,0.148
2024-12-22,-1.24,-2.23,0.034,0.146
2024-12-23,2.86,-0.99,0.103,0.294
2024-12-24,-0.46,5.24,0.103,0.328
2024-12-25,3.48,2.01,0.288,0.385
2024-12-26,3.01,1.15,0.157,0.461
2024-12-27,3.14,1.81,0.165,0.589
2024-12-28,2.72,0.09,0.082,0.565
2024-12-29,2.92,1.49,0.089,0.585
2024-12-30,2.52,1.34,0.219,0.505
2024-12-31,1.31,-1.95,0.145,0.542
2025-01-01,-2.91,-4.66,-0.081,0.382
2025-01-02,-4.03,-3.15,-0.049,0.493
2025-01-03,-4.75,-2.85,0.083,0.412
2025-01-04,-3.06,1.63,0.180,0.504
2025-01-05,-0.96,-4.94,0.170,0.332
2025-01-06,-4.20,-1.70,0.088,0.186
2025-01-07,-1.63,-4.24,-0.073,0.158
2025-01-08,-3.61,-6.52,-0.251,-0.185
2025-01-09,-3.93,-6.55,-0.247,-0.187
2025-01-10,-3.47,-6.01,-0.166,-0.104
2025-01-11,-1.75,-4.80,-0.001,0.005
2025-01-12,-2.67,-5.02,-0.054,-0.027
2025-01-13,-2.92,-5.99,-0.135,0.192
2025-01-14,-3.82,-6.89,-0.146,0.218
2025-01-15,-4.83,-8.72,-0.251,0.057
2025-01-16,-4.09,-8.04,-0.247,0.000
2025-01-17,-3.34,-5.78,-0.104,0.143
2025-01-18,-2.48,-3.82,0.113,0.199
2025-01-19,-2.81,-5.06,-0.004,0.090
2025-01-20,-2.65,-4.41,-0.008,0.237
2025-01-21,-2.30,-5.17,-0.010,0.086
2025-01-22,-1.89,-4.91,-0.102,0.076
2025-01-23,-2.85,-5.37,-0.088,0.125
2025-01-24,-2.52,-5.17,-0.025,0.147
2025-01-25,-3.82,-7.19,-0.157,0.148
2025-01-26,-4.13,-8.46,-0.190,0.081
2025-01-27,-3.68,-6.37,-0.164,0.188
2025-01-28,-2.91,-5.70,-0.051,0.167
2025-01-29,-2.98,-6.40,-0.005,0.087
2025-01-30,-3.02,-5.93,-0.154,0.175
2025-01-31,-2.06,-5.37,0.070,0.317
2025-02-01,-2.76,-6.20,-0.032,0.189
2025-02-02,-3.17,-7.13,-0.079,0.217
2025-02-03,-3.41,-7.31,-0.098,0.171
2025-02-04,-3.43,-6.45,-0.099,0.251
2025-02-05,-3.40,-6.39,-0.096,0.246
2025-02-06,-3.07,-6.59,-0.066,0.232
2025-02-07,-2.80,-6.29,-0.029,0.245
2025-02-08,-3.18,-7.14,0.012,0.228
2025-02-09,-2.82,-6.64,-0.002,0.340
2025-02-10,-3.44,-7.38,-0.019,0.300
2025-02-11,-2.44,-5.49,-0.022,0.365
2025-02-12,-1.38,-5.15,0.253,0.497
2025-02-13,-0.64,-4.53,0.153,0.130
2025-02-14,-3.62,-5.57,-0.034,0.384
2025-02-15,-4.29,-3.36,0.085,0.616
2025-02-16,0.56,-5.33,0.234,0.614
2025-02-17,-0.89,-4.55,0.108,0.554
2025-02-18,-2.73,-5.35,0.059,0.644
2025-02-19,0.46,-5.25,0.175,0.654
2025-02-20,-1.11,-4.46,0.175,0.570
2025-02-21,-3.22,-4.96,-0.066,0.463
2025-02-22,-4.20,-8.24,-0.191,0.237
2025-02-23,-3.97,-8.93,-0.234,0.147
2025-02-24,-1.71,-5.25,-0.091,0.378
2025-02-25,1.94,3.22,0.265,0.460
2025-02-26,0.56,-4.54,0.218,0.269
2025-02-27,-1.74,-6.07,-0.046,0.374
2025-02-28,-3.06,-6.26,-0.064,0.349
2025-03-01,-3.49,-6.57,-0.095,0.344
2025-03-02,-2.64,-6.53,-0.028,0.374
2025-03-03,-3.32,-7.45,0.018,0.234
2025-03-04,-3.60,-7.38,-0.105,0.163
2025-03-05,-2.61,-6.81,-0.067,0.253
2025-03-06,-1.85,-8.00,0.014,0.105
2025-03-07,-2.10,-7.32,-0.030,0.062
2025-03-08,-2.92,-5.99,-0.079,0.059
2025-03-09,-2.06,-5.99,-0.025,0.128
2025-03-10,-1.51,-6.05,-0.005,0.069
2025-03-11,-2.06,-7.20,-0.051,0.084
2025-03-12,-1.65,-7.75,-0.124,0.050
2025-03-13,-2.65,-7.69,-0.147,0.092
2025-03-14,-2.52,-7.75,-0.104,0.038
2025-03-15,-2.41,-6.62,-0.076,0.092
2025-03-16,-1.00,-4.70,0.022,0.198
2025-03-17,-3.55,-5.91,0.019,0.178
2025-03-18,-3.38,-9.82,-0.136,0.048
2025-03-19,-3.78,-9.85,-0.210,-0.083
2025-03-20,-3.32,-8.21,-0.124,-0.106
2025-03-21,-3.70,-8.30,-0.075,-0.020
2025-03-22,-3.09,-8.04,-0.079,0.020
2025-03-23,-2.36,-5.57,0.018,0.216
2025-03-24,-2.13,-4.56,0.119,0.259
2025-03-25,3.91,-5.18,0.128,0.240
2025-03-26,-0.81,-4.57,0.152,0.193
2025-03-27,-3.50,-6.58,-0.111,0.161
2025-03-28,-3.58,-6.46,-0.113,0.222
2025-03-29,-3.68,-2.98,0.044,0.337
2025-03-30,-2.35,-4.83,-0.007,0.217
2025-03-31,-5.26,-0.46,0.059,0.485
2025-04-01,-3.06,-4.37,0.106,0.396
2025-04-02,-2.94,-5.53,-0.088,0.257
2025-04-03,-3.49,-4.63,-0.055,0.404
2025-04-04,-1.43,-4.67,0.177,0.334
2025-04-05,-2.98,-5.16,-0.073,0.251
2025-04-06,-2.59,-4.87,-0.141,0.319
2025-04-07,-4.91,-0.60,0.132,0.514
2025-04-08,-0.44,-3.14,0.130,0.322
2025-04-09,-1.49,-5.20,-0.117,0.256
2025-04-10,-1.45,-5.43,-0.128,0.237
2025-04-11,0.58,2.97,0.117,0.470
2025-04-12,2.26,-2.70,0.270,0.339
2025-04-13,-1.25,-7.10,-0.048,0.191
2025-04-14,-3.47,-7.12,-0.186,0.219
2025-04-15,-3.33,-7.13,-0.179,0.173
2025-04-16,-2.29,-7.97,-0.084,0.059
2025-04-17,-3.33,-7.84,-0.175,0.063
2025-04-18,-4.58,-9.82,-0.155,0.062
2025-04-19,-3.61,-6.78,-0.209,0.077
2025-04-20,-1.77,-4.62,-0.030,0.219
2025-04-21,-3.43,-3.09,0.145,0.217
2025-04-22,-3.30,-4.07,-0.058,0.210
2025-04-23,-3.80,-4.87,-0.081,0.300
2025-04-24,-3.24,-5.85,-0.150,0.130
2025-04-25,-3.42,-7.68,-0.215,0.076
2025-04-26,-2.80,-4.84,-0.182,0.208
2025-04-27,-2.65,-2.22,0.078,0.303
2025-04-28,-3.05,-4.53,-0.116,-0.024
2025-04-29,-4.11,-2.88,-0.014,0.347
2025-04-30,-3.31,-2.98,0.229,0.068
2025-05-01,2.38,-2.07,0.075,0.301
2025-05-02,2.42,0.30,0.167,0.207
2025-05-03,3.68,0.39,0.046,0.236
2025-05-04,2.78,-1.18,0.112,0.269
2025-05-05,3.11,-0.38,0.088,0.197
2025-05-06,2.45,-0.04,0.096,0.200
2025-05-07,2.44,0.99,0.084,0.139
2025-05-08,0.37,-2.61,0.018,0.129
2025-05-09,-3.62,-1.84,-0.026,0.215
2025-05-10,-3.07,-5.12,-0.122,0.042
2025-05-11,-1.99,-4.28,-0.088,0.159
2025-05-12,3.04,-0.48,0.202,0.149
2025-05-13,-1.04,-4.89,-0.118,0.059
2025-05-14,-1.23,4.60,0.081,0.372
2025-05-15,1.07,2.79,0.152,0.144
2025-05-16,2.77,-0.29,0.007,0.347
2025-05-17,3.27,0.88,0.161,0.370
2025-05-18,2.38,-0.51,0.004,0.233
2025-05-19,2.44,1.19,0.017,0.403
2025-05-20,-0.35,-3.30,-0.032,0.191
2025-05-21,2.61,1.89,-0.004,0.321
2025-05-22,-2.04,-3.40,-0.006,0.160
2025-05-23,-2.85,-4.75,-0.147,0.107
2025-05-24,-2.30,-3.98,-0.187,0.137
2025-05-25,-2.07,-3.32,0.051,0.222
2025-05-26,-2.16,-4.24,-0.082,0.260
2025-05-27,1.89,1.64,0.235,0.490
2025-05-28,-1.20,-3.70,0.060,0.161
2025-05-29,-2.61,-5.36,-0.138,0.283
2025-05-30,-4.24,-1.46,0.027,0.427
2025-05-31,1.11,3.62,0.247,0.546
2025-06-01,0.95,2.48,0.095,0.457
2025-06-02,2.72,0.29,0.093,0.483
2025-06-03,2.96,1.14,0.219,0.440
2025-06-04,1.30,2.91,0.331,0.463
2025-06-05,3.33,1.41,0.257,0.386
2025-06-06,2.15,1.00,0.175,0.432
2025-06-07,-2.27,-2.90,0.055,0.390
2025-06-08,0.56,-4.55,0.007,0.368
2025-06-09,2.70,3.00,0.290,0.463
2025-06-10,1.24,3.60,0.155,0.524
2025-06-11,-0.19,3.71,0.124,0.550
2025-06-12,3.63,0.25,0.092,0.448
2025-06-13,2.96,2.31,0.350,0.188
2025-06-14,2.21,1.79,0.233,-0.144
2025-06-15,-1.25,-3.44,0.016,-0.042
2025-06-16,-2.18,-3.00,-0.130,-0.013
2025-06-17,2.63,1.64,0.193,0.177
2025-06-18,-2.53,-3.35,0.017,-0.074
2025-06-19,-2.77,-5.44,-0.211,0.004
2025-06-20,-2.71,-4.52,-0.154,0.006
2025-06-21,-5.42,-0.00,-0.047,-0.069
2025-06-22,3.53,1.64,0.300,-0.046
2025-06-23,3.61,1.46,0.223,-0.337
2025-06-24,3.64,-1.85,-0.038,-0.271
2025-06-25,-3.64,-0.00,-0.045,-0.059
2025-06-26,2.20,3.26,0.040,-0.063
2025-06-27,3.45,-0.24,0.021,-0.097
2025-06-28,-3.85,-2.05,-0.022,0.140
2025-06-29,-1.83,-3.93,-0.041,0.216
2025-06-30,-3.21,-3.69,-0.130,0.181
2025-07-01,-1.38,-4.50,-0.030,0.144
2025-07-02,3.58,-1.16,-0.072,0.170
2025-07-03,1.79,-2.65,0.033,0.161
2025-07-04,0.78,3.39,-0.085,0.083
2025-07-05,-0.72,2.89,-0.067,0.166
2025-07-06,0.91,-2.05,-0.070,0.083
2025-07-07,-1.77,-3.98,-0.184,0.102
2025-07-08,-2.84,-4.72,-0.195,0.047
2025-07-09,-0.93,3.49,0.124,0.430
2025-07-10,-1.06,3.25,0.014,0.319
2025-07-11,2.32,2.32,0.119,0.554
2025-07-12,2.12,1.66,0.056,0.482
2025-07-13,-0.75,3.02,0.025,0.449
2025-07-14,-1.08,-4.03,-0.043,0.294
2025-07-15,-3.51,-6.90,-0.224,-0.004
2025-07-16,-2.80,-4.84,-0.162,0.043
2025-07-17,-2.37,-4.86,-0.020,0.014
2025-07-18,-2.52,-4.94,-0.176,-0.046
2025-07-19,-2.63,-5.64,-0.171,0.007
2025-07-20,-3.02,-4.83,-0.044,0.194
2025-07-21,4.24,2.45,0.107,0.249
2025-07-22,2.80,3.33,0.065,0.417
2025-07-23,-1.21,5.23,0.030,0.589
2025-07-24,-1.76,-2.92,0.019,0.551
2025-07-25,2.58,3.69,0.077,0.522
2025-07-26,3.07,1.99,0.321,0.360
2025-07-27,-1.20,-3.48,0.037,0.331
2025-07-28,-0.57,-4.02,0.075,0.345
2025-07-29,3.53,-0.75,0.226,0.266
2025-07-30,-2.94,0.41,0.120,0.241
2025-07-31,-3.10,-5.59,-0.095,0.080
2025-08-01,-3.25,-4.64,-0.093,0.088
2025-08-02,-3.46,-2.33,0.046,0.126
2025-08-03,3.10,3.10,0.306,0.222
2025-08-04,3.31,2.23,0.121,0.173
2025-08-05,3.68,0.85,0.130,0.320
2025-08-06,3.69,2.13,0.186,0.316
2025-08-07,-4.52,-3.79,-0.111,0.239
2025-08-08,-3.35,1.02,0.032,0.444
2025-08-09,3.87,2.71,0.069,0.210
2025-08-10,1.28,-2.62,0.048,0.185
2025-08-11,1.02,2.81,0.015,0.313
2025-08-12,-0.85,-3.40,0.054,0.264
2025-08-13,2.17,-4.66,-0.077,0.067
2025-08-14,2.91,1.12,0.060,0.206
2025-08-15,2.65,4.98,-0.040,0.137
2025-08-16,2.83,2.46,0.113,0.285
2025-08-17,3.12,2.10,0.021,0.353
2025-08-18,3.26,1.06,-0.008,0.387
2025-08-19,-1.75,-3.75,-0.259,0.305
2025-08-20,-0.31,-4.44,-0.114,0.236
2025-08-21,2.80,5.05,0.053,0.371
2025-08-22,3.59,3.23,0.200,0.373
2025-08-23,2.01,2.57,0.051,0.446
2025-08-24,2.63,-0.56,-0.000,0.455
2025-08-25,4.22,-1.97,-0.023,0.281
2025-08-26,-2.64,-3.26,-0.022,0.267
2025-08-27,-3.31,2.87,0.070,0.225
2025-08-28,3.52,-2.56,0.130,0.074
2025-08-29,3.42,2.06,0.324,0.180
2025-08-30,4.18,0.37,0.290,0.111
2025-08-31,1.65,2.54,0.284,0.166
2025-09-01,3.67,2.67,0.439,0.248
2025-09-02,2.60,2.70,0.112,0.101
2025-09-03,2.11,2.60,0.077,0.220
2025-09-04,3.93,-0.62,0.079,0.155
2025-09-05,2.12,1.84,0.043,0.291
2025-09-06,2.63,1.28,-0.136,0.241
2025-09-07,2.76,0.69,-0.039,0.290
2025-09-08,1.24,1.83,-0.004,0.283
2025-09-09,0.97,-2.66,0.013,0.216
2025-09-10,-0.71,-3.36,-0.121,0.142
2025-09-11,-2.22,4.35,-0.044,0.304
2025-09-12,2.20,3.82,0.163,0.201
2025-09-13,2.70,0.19,-0.023,0.101
2025-09-14,2.78,-2.42,-0.092,0.093
2025-09-15,-2.56,-2.85,-0.097,0.173
2025-09-16,2.73,2.06,0.054,0.110
2025-09-17,3.71,1.81,0.119,0.063
2025-09-18,2.74,-0.10,0.009,0.039
2025-09-19,2.73,0.89,0.060,0.086
2025-09-20,-0.69,-2.41,-0.001,0.050
2025-09-21,0.52,-4.27,-0.046,-0.018
2025-09-22,3.21,0.34,0.167,0.088
2025-09-23,2.94,1.31,0.045,-0.000
2025-09-24,-2.13,-3.55,0.105,0.204
2025-09-25,0.44,4.18,0.113,0.242
2025-09-26,3.44,0.54,0.178,0.306
2025-09-27,3.41,1.97,0.276,0.399
2025-09-28,2.27,1.36,0.115,0.362
2025-09-29,2.44,-0.79,0.088,0.394
2025-09-30,4.16,-1.85,0.063,0.345
2025-10-01,2.13,0.26,0.083,0.293
2025-10-02,0.83,-2.40,0.029,0.276
2025-10-03,2.46,-1.42,0.142,0.244
2025-10-04,2.95,2.39,0.159,0.317
2025-10-05,0.96,-2.96,0.135,0.290
2025-10-06,3.76,-1.83,0.176,0.237
2025-10-07,1.89,1.77,0.200,0.381
2025-10-08,1.00,-3.74,0.109,0.236
2025-10-09,2.27,2.44,0.213,0.358
2025-10-10,3.92,2.00,0.275,0.349
2025-10-11,3.88,2.07,0.171,0.370
2025-10-12,1.53,4.19,0.080,0.418
2025-10-13,1.28,-1.24,-0.023,0.392
2025-10-14,0.44,-4.17,-0.122,0.248
2025-10-15,2.01,-3.35,-0.005,0.319
2025-10-16,2.82,1.76,0.168,0.234
2025-10-17,2.51,-0.44,0.165,0.179
2025-10-18,-0.05,-2.82,0.075,0.148
2025-10-19,-1.39,-4.05,0.057,0.180
2025-10-20,5.03,0.26,0.196,0.224
2025-10-21,3.46,0.67,0.165,0.320
2025-10-22,4.84,2.06,0.135,0.410
2025-10-23,5.34,2.27,0.347,0.451
2025-10-24,5.20,3.38,0.295,0.469
2025-10-25,3.57,4.57,0.216,0.482
2025-10-26,4.38,4.54,0.253,0.621
2025-10-27,3.82,7.19,0.091,0.814
2025-10-28,3.93,6.54,0.213,0.748
2025-10-29,4.19,2.72,0.212,0.554
2025-10-30,2.05,0.47,0.195,0.501
2025-10-31,-1.50,-3.53,0.240,0.364
2025-11-01,1.60,-3.27,0.177,0.359
2025-11-02,4.88,-1.13,0.309,0.410
2025-11-03,2.91,2.53,0.253,0.564
2025-11-04,2.32,3.19,0.061,0.636
2025-11-05,-0.47,3.38,0.004,0.428
2025-11-06,2.73,2.06,0.181,0.270
2025-11-07,2.74,-1.11,0.278,0.276
2025-11-08,-0.53,-3.36,0.100,0.260
2025-11-09,-1.94,-3.35,-0.001,0.300
2025-11-10,2.20,3.97,0.370,0.267
2025-11-11,1.64,1.82,0.259,0.314
2025-11-12,3.42,1.45,0.068,0.432
2025-11-13,-1.25,5.42,0.034,0.471
2025-11-14,2.06,2.94,0.098,0.326
2025-11-15,1.20,2.26,0.103,0.307
2025-11-16,-1.18,2.53,0.134,0.372
2025-11-17,-2.94,1.70,-0.040,0.443
2025-11-18,-3.60,-4.29,-0.226,0.151
2025-11-19,-2.97,-3.42,-0.194,0.217
2025-11-20,-5.44,-0.09,-0.020,0.348
2025-11-21,1.87,1.17,0.095,0.383
2025-11-22,-0.91,-3.93,-0.082,0.373
2025-11-23,-3.56,-5.93,-0.174,0.222
2025-11-24,-3.13,-4.63,-0.190,0.292
2025-11-25,-2.12,-3.15,0.127,0.384
2025-11-26,-1.99,-4.91,-0.141,0.278
2025-11-27,-3.34,-5.56,-0.163,0.470
2025-11-28,0.26,3.71,0.160,0.581
2025-11-29,2.45,3.14,0.163,0.609
2025-11-30,2.27,-1.65,0.057,0.588
2025-12-01,3.42,1.52,0.134,0.549
2025-12-02,2.53,-0.13,0.214,0.572
2025-12-03,-2.99,-2.79,0.095,0.384
2025-12-04,-3.94,-5.22,-0.103,0.342
2025-12-05,-3.78,-3.65,-0.019,0.349
2025-12-06,2.85,1.39,0.383,0.303
2025-12-07,3.02,-3.02,0.074,0.001
2025-12-08,0.96,2.50,0.121,0.395
2025-12-09,-0.11,-3.05,0.089,0.217
2025-12-10,-3.35,-3.59,-0.114,0.257
2025-12-11,-3.27,-4.84,-0.130,0.273
2025-12-12,-3.60,-3.02,0.062,0.420
2025-12-13,2.84,3.04,0.336,0.356
2025-12-14,3.50,-2.45,0.110,0.381
2025-12-15,3.00,-0.37,0.093,0.499
2025-12-16,-2.53,-3.12,0.085,0.399
2025-12-17,-2.97,-4.24,0.074,0.366
2025-12-18,-2.60,-3.33,-0.006,0.475
2025-12-19,-2.87,-4.10,0.123,0.441
2025-12-20,-3.53,-5.87,-0.085,0.228
2025-12-21,-3.51,-5.84,-0.180,0.228
2025-12-22,-2.46,-4.62,-0.109,0.243
2025-12-23,-2.52,-5.17,-0.106,0.128
2025-12-24,-2.61,-5.60,-0.109,0.114
2025-12-25,-3.76,-6.50,-0.192,0.040
2025-12-26,-2.86,-5.60,-0.152,0.169
2025-12-27,-3.30,-6.48,-0.193,0.097
2025-12-28,-2.53,-4.37,-0.105,0.231
2025-12-29,-2.73,-5.14,-0.037,0.235
2025-12-30,-2.69,-5.51,-0.071,0.175
2025-12-31,-1.90,-6.64,-0.104,0.187
2026-01-01,-2.70,-7.84,-0.093,0.156
2026-01-02,-2.15,-8.01,-0.094,0.056
2026-01-03,-3.57,-3.21,0.044,0.307
2026-01-04,1.21,-1.79,0.430,0.254
2026-01-05,-0.91,-5.15,0.045,0.130
2026-01-06,-1.80,-6.28,-0.090,0.306
2026-01-07,-2.97,-5.14,-0.101,0.259
2026-01-08,-3.36,-6.06,-0.137,0.082
2026-01-09,-3.00,-5.89,-0.078,0.092
2026-01-10,-2.62,-4.72,0.029,0.183
2026-01-11,-3.46,-4.13,0.047,0.211
2026-01-12,-2.95,-5.79,-0.098,0.034
2026-01-13,-4.06,-4.20,-0.090,0.288
2026-01-14,-3.10,-3.56,-0.045,0.160
2026-01-15,-1.44,-4.19,-0.035,0.319
2026-01-16,-2.68,1.08,0.248,0.394
2026-01-17,-1.39,-4.53,0.076,0.250
2026-01-18,-2.66,-5.21,-0.147,0.294
2026-01-19,-2.45,-5.51,-0.038,0.303
2026-01-20,-2.96,-6.34,-0.051,0.221
2026-01-21,-3.91,-7.67,-0.208,0.154
2026-01-22,-2.77,-5.69,-0.114,0.351
2026-01-23,-2.95,-5.33,-0.031,0.221
2026-01-24,-3.19,-6.00,-0.080,0.252
2026-01-25,-2.70,-5.80,-0.024,0.296
2026-01-26,-3.17,-4.69,0.054,0.355
2026-01-27,-4.18,-7.23,-0.059,0.155
2026-01-28,-3.84,-6.39,-0.184,0.136
2026-01-29,-3.46,-9.51,-0.111,0.055
2026-01-30,-2.89,-6.49,-0.135,0.036
2026-01-31,-1.36,-6.39,0.031,0.162
2026-02-01,0.00,-8.61,0.079,-0.014
2026-02-02,-1.47,-11.97,-0.072,-0.069
2026-02-03,0.62,-8.80,-0.059,-0.129
2026-02-04,-2.45,-4.43,0.076,0.119
2026-02-05,0.36,-4.14,0.195,0.242
2026-02-06,-1.44,-5.36,0.252,0.224
2026-02-07,-1.91,-7.68,0.065,0.383
2026-02-08,-1.43,-9.00,-0.002,0.151
2026-02-09,-3.89,-8.73,-0.139,-0.002
2026-02-10,-4.08,-8.01,-0.161,0.022
2026-02-11,-3.40,-6.40,-0.126,0.096
2026-02-12,-3.92,-7.70,-0.083,0.138
2026-02-13,-3.45,-7.75,-0.126,0.009
2026-02-14,-3.94,-9.29,-0.129,0.051
2026-02-15,-3.08,-4.56,-0.111,0.187
2026-02-16,-1.20,2.69,0.252,0.410
2026-02-17,-3.42,-4.89,0.089,0.091
2026-02-18,-3.64,-6.30,-0.215,0.097
2026-02-19,-2.44,-5.00,-0.109,0.132
2026-02-20,-2.89,-3.57,0.032,0.119
2026-02-21,-1.88,-3.86,-0.031,-0.045
2026-02-22,-3.15,-4.03,-0.113,0.254
2026-02-23,-3.26,-6.13,-0.069,0.201
2026-02-24,-4.45,-10.00,-0.283,-0.029
2026-02-25,-3.50,-7.18,-0.282,-0.153
2026-02-26,-1.88,-4.65,-0.076,0.002
2026-02-27,-1.11,-4.15,0.047,-0.022
2026-02-28,-1.24,-4.63,-0.048,0.109
2026-03-01,-2.78,-5.96,-0.025,0.109
2026-03-02,-3.57,-8.01,-0.179,-0.008
2026-03-03,-3.31,-7.44,-0.212,0.064
2026-03-04,-2.55,-5.22,-0.081,0.042
2026-03-05,-3.12,-5.62,-0.016,0.164
2026-03-06,-3.97,-5.46,-0.036,0.243
2026-03-07,-2.68,-5.04,0.021,0.321
2026-03-08,-3.30,-6.20,-0.101,0.242
2026-03-09,-3.96,-2.47,0.147,0.572
2026-03-10,-2.96,-5.34,-0.045,0.182
2026-03-11,-3.32,-5.53,-0.175,0.313
2026-03-12,-3.06,-6.55,-0.067,0.287
2026-03-13,-2.94,-5.76,-0.118,0.312
2026-03-14,-3.07,-6.02,-0.175,0.352
2026-03-15,-3.06,-5.09,-0.078,0.488
2026-03-16,-0.89,-5.06,0.155,0.473
2026-03-17,1.39,-5.59,0.134,0.316
2026-03-18,4.13,-1.26,0.234,0.374
2026-03-19,2.32,-1.28,0.199,0.366
2026-03-20,3.27,-2.21,0.162,0.373
2026-03-21,3.76,-4.98,0.156,0.224
2026-03-22,0.71,-5.08,-0.001,0.308
2026-03-23,0.11,-6.35,0.001,0.182
2026-03-24,-0.54,-7.71,-0.052,0.036
2026-03-25,-2.35,-6.11,-0.134,0.034
2026-03-26,-3.03,-6.49,-0.067,0.069
2026-03-27,-2.79,-5.72,-0.130,0.077
2026-03-28,-3.23,-4.62,0.003,0.234
2026-03-29,-3.36,-7.20,-0.172,0.033
2026-03-30,-3.56,-7.29,-0.248,0.092
2026-03-31,-3.33,-5.77,-0.090,0.285
2026-04-01,-3.58,-5.96,-0.071,0.254
2026-04-02,-3.54,-3.67,0.069,0.406
2026-04-03,-3.20,-5.33,-0.010,0.280
2026-04-04,-2.53,-5.42,-0.050,0.384
2026-04-05,-1.76,-6.58,-0.085,0.325
2026-04-06,-0.09,-4.94,0.095,0.356
2026-04-07,-1.01,-5.74,0.011,0.195
2026-04-08,-0.66,-4.71,0.030,0.219
2026-04-09,-1.93,-4.78,-0.012,0.197
2026-04-10,-2.55,-6.01,-0.118,0.078
2026-04-11,-2.69,-4.85,-0.155,0.212
2026-04-12,-3.42,-8.47,-0.190,-0.001
2026-04-13,-3.83,-9.02,-0.323,-0.092
2026-04-14,-3.73,-9.24,-0.262,-0.000
2026-04-15,-3.25,-8.94,-0.235,-0.033
2026-04-16,-2.83,-9.26,-0.175,-0.049
2026-04-17,-1.77,-6.17,-0.074,0.004
2026-04-18,-1.59,-4.36,0.042,0.090
2026-04-19,-0.98,-5.03,0.067,0.032
2026-04-20,-1.03,-5.29,0.087,0.097
2026-04-21,-1.87,-6.52,0.002,0.011
2026-04-22,-2.38,-4.87,-0.094,0.076
2026-04-23,-2.04,-4.80,0.008,0.122
2026-04-24,0.33,-2.67,0.120,0.072
2026-04-25,0.30,-2.87,0.077,0.038
2026-04-26,-0.45,-3.64,0.070,0.027
2026-04-27,-0.80,-5.04,-0.055,-0.056
2026-04-28,-1.53,-4.71,-0.085,-0.012
2026-04-29,-2.87,-2.87,-0.016,0.093
2026-04-30,-2.36,-3.63,0.007,0.044
2026-05-01,-1.71,-4.96,-0.042,0.064
2026-05-02,-5.54,2.58,0.010,0.224
2026-05-03,3.10,-0.38,0.297,0.197
2026-05-04,-2.46,-3.27,-0.099,0.144
2026-05-05,-1.98,-4.46,-0.042,0.325
2026-05-06,-1.94,-4.36,-0.071,0.253
2026-05-07,-1.58,-3.72,-0.045,0.341
2026-05-08,-1.09,-5.15,-0.010,0.306
2026-05-09,-2.64,-6.21,-0.158,0.183
2026-05-10,-2.11,-5.21,-0.188,0.181
2026-05-11,-4.56,0.32,0.025,0.367
2026-05-12,-3.53,-2.38,0.118,0.274
2026-05-13,-3.36,-4.30,-0.105,0.322
2026-05-14,-0.93,-4.36,0.046,0.376
2026-05-15,0.14,-3.91,0.027,0.233
2026-05-16,-1.35,-4.69,-0.002,0.385
2026-05-17,-2.78,-3.83,0.076,0.433
2026-05-18,-1.62,3.05,0.210,0.429
2026-05-19,-2.41,-4.94,-0.119,0.222
2026-05-20,-2.91,-6.24,-0.183,0.253
2026-05-21,0.32,-4.55,0.040,0.340
2026-05-22,-0.31,-4.50,0.236,0.147
2026-05-23,-1.52,-4.43,-0.106,0.164
2026-05-24,-2.41,-4.00,-0.007,0.345
2026-05-25,-2.72,-5.83,-0.126,0.176
2026-05-26,-3.76,-0.20,0.012,0.471
2026-05-27,-0.56,-3.97,0.219,0.280
2026-05-28,-3.25,-3.87,-0.038,0.458
2026-05-29,4.91,0.09,0.267,0.582
2026-05-30,2.24,2.58,0.029,0.628
2026-05-31,0.06,-3.45,0.089,0.526
2026-06-01,-2.10,-4.13,0.192,0.439
2026-06-02,-1.85,-3.08,0.020,0.524
2026-06-03,-1.34,4.14,0.171,0.635
2026-06-04,1.53,0.81,0.267,0.438
2026-06-05,-2.09,0.11,0.066,0.467
2026-06-06,-1.02,-2.80,0.179,0.503
2026-06-07,-2.64,-0.00,0.133,0.555
2026-06-08,2.24,0.73,0.293,0.539
2026-06-09,2.10,-0.15,0.205,0.441
2026-06-10,-1.84,-2.36,0.017,0.430
2026-06-11,-2.38,-4.29,-0.018,0.410
2026-06-12,-2.23,-5.02,-0.033,0.217
2026-06-13,-2.59,-4.67,0.117,0.188
2026-06-14,-0.20,3.84,0.221,0.128
2026-06-15,-3.28,-3.91,0.034,-0.018
2026-06-16,-1.83,-1.49,0.079,0.161
2026-06-17,4.49,-2.38,0.114,0.053
2026-06-18,2.97,0.42,0.171,-0.015
2026-06-19,-1.82,-1.95,-0.026,0.167
2026-06-20,-1.78,-1.60,0.140,0.302
2026-06-21,-1.99,-3.44,0.180,0.148
2026-06-22,-2.22,-4.00,0.024,0.151
2026-06-23,-3.42,-3.42,0.171,0.362
2026-06-24,-2.91,-5.47,-0.028,0.068
2026-06-25,-2.34,-5.26,-0.150,0.255
2026-06-26,-2.18,-4.47,-0.058,0.364
2026-06-27,-2.59,-5.81,0.047,0.172
2026-06-28,-3.30,-6.47,-0.241,0.187
2026-06-29,-1.72,-4.74,-0.074,0.309
2026-06-30,-2.49,-5.34,0.051,0.118
2026-07-01,-2.67,-5.24,-0.161,0.247
2026-07-02,-2.67,-4.44,0.007,0.386
2026-07-03,-2.91,-1.75,0.137,0.396
2026-07-04,-3.24,-3.13,0.033,0.412
2026-07-05,-0.67,-2.92,0.176,0.381
2026-07-06,-2.39,-5.12,-0.115,0.379
2026-07-07,-3.50,-5.01,-0.080,0.466
2026-07-08,-2.86,-5.38,-0.099,0.281
2026-07-09,-6.34,-0.22,0.115,0.477
2026-07-10,-2.27,-4.86,0.192,0.249
2026-07-11,-2.65,-5.95,-0.150,0.286
2026-07-12,-2.97,-3.54,-0.022,0.538
2026-07-13,-3.94,-2.09,0.339,0.575
2026-07-14,-2.47,-4.86,-0.102,0.398
2026-07-15,-2.02,-4.54,-0.052,0.320
2026-07-16,-2.52,-6.23,-0.157,0.179
2026-07-17,-2.74,-6.78,-0.179,0.125
2026-07-18,-2.62,-5.89,-0.138,0.140
2026-07-19,-2.99,-2.17,0.133,0.287
2026-07-20,3.04,4.34,0.196,0.269
2026-07-21,-0.56,-3.53,0.021,0.285
2026-07-22,-2.30,-4.32,-0.111,0.366
2026-07-23,-5.35,-1.43,-0.019,0.452
2026-07-24,0.69,-2.59,0.180,0.314
2026-07-25,-2.25,-4.41,-0.122,0.342
2026-07-26,-4.81,0.25,-0.021,0.466
2026-07-27,-3.77,1.01,0.301,0.347
2026-07-28,-0.31,-4.38,0.038,0.158
2026-07-29,-2.44,-5.47,-0.146,0.179
2026-07-30,-2.75,-5.40,-0.206,0.183
2026-07-31,-2.43,-3.88,-0.037,0.309
2026-08-01,-2.47,-3.80,0.012,0.190
2026-08-02,-0.75,-4.24,-0.117,0.238
2026-08-03,2.25,-2.88,0.110,0.367
2026-08-04,-3.28,2.30,0.102,0.388
2026-08-05,-1.79,-2.86,0.017,0.340
2026-08-06,5.14,0.00,0.100,0.294
2026-08-07,0.82,-3.57,-0.013,0.181
2026-08-08,-3.06,-7.20,-0.254,0.156
2026-08-09,-3.06,-4.37,-0.162,0.400
2026-08-10,-2.47,-5.82,-0.028,0.352
2026-08-11,-2.62,-5.37,-0.042,0.175
2026-08-12,-2.88,-4.79,-0.218,0.155
2026-08-13,-0.55,-3.88,0.069,0.293
2026-08-14,-1.86,-3.21,0.057,0.245
2026-08-15,-2.99,-5.17,-0.132,0.282
2026-08-16,-3.79,-7.13,-0.216,0.267
2026-08-17,2.87,2.97,0.354,0.611
2026-08-18,1.98,-1.66,0.093,0.299
2026-08-19,-2.69,-5.07,-0.153,0.398
2026-08-20,-3.08,-3.08,-0.031,0.419
2026-08-21,-3.24,-4.98,0.014,0.276
2026-08-22,-3.45,-4.41,0.015,0.248
2026-08-23,-3.23,-3.99,-0.069,0.159
2026-08-24,-2.86,-3.54,-0.097,0.353
2026-08-25,-2.35,-3.76,-0.065,0.225
2026-08-26,2.04,4.19,0.008,0.264
2026-08-27,-1.25,-3.10,-0.014,0.151
2026-08-28,-3.10,-4.11,-0.140,0.196
2026-08-29,-2.02,-5.27,-0.143,0.135
2026-08-30,-1.94,-4.36,-0.090,0.207
2026-08-31,4.79,-2.55,0.049,0.177
2026-09-01,2.40,2.01,0.039,0.150
2026-09-02,-0.18,-2.59,-0.072,0.205
2026-09-03,-1.91,-3.74,-0.202,0.206
2026-09-04,-1.98,-2.73,-0.173,0.209
2026-09-05,-2.10,-3.80,-0.155,0.058
2026-09-06,4.25,-0.22,-0.057,0.112
2026-09-07,2.27,-0.40,0.184,0.050
2026-09-08,-1.19,-4.13,-0.092,0.059
2026-09-09,-3.20,-6.01,-0.127,0.078
2026-09-10,3.29,5.48,0.041,0.306
2026-09-11,2.83,0.65,0.178,0.179
2026-09-12,0.29,-3.35,-0.060,0.083
2026-09-13,-2.49,-3.99,-0.063,0.215
2026-09-14,-3.22,-3.11,0.099,0.237
2026-09-15,-1.21,-3.97,0.182,0.130
2026-09-16,-2.90,-4.46,0.036,0.037
2026-09-17,-2.45,-4.80,-0.021,0.006
2026-09-18,0.32,-4.59,0.021,0.027
2026-09-19,3.50,1.56,0.271,0.043
2026-09-20,1.92,1.55,0.077,-0.062
2026-09-21,3.26,-0.17,0.032,0.046
2026-09-22,0.37,-2.34,-0.045,-0.036
2026-09-23,1.88,-3.39,-0.111,-0.055
2026-09-24,1.54,-4.46,-0.012,-0.014
