date,wind_u,wind_v,cur_u,cur_v
2016-01-01,-11.06,1.16,,
2016-01-02,-9.89,1.21,,
2016-01-03,-9.01,1.75,,
2016-01-04,-8.58,1.82,,
2016-01-05,-8.36,1.03,,
2016-01-06,-8.35,1.02,,
2016-01-07,-8.19,1.89,,
2016-01-08,-7.32,1.42,,
2016-01-09,-6.46,1.26,,
2016-01-10,-6.61,0.35,,
2016-01-11,-6.71,1.31,,
2016-01-12,-7.45,1.58,,
2016-01-13,-7.08,0.37,,
2016-01-14,-6.30,0.55,,
2016-01-15,-8.48,0.30,,
2016-01-16,-8.68,1.07,,
2016-01-17,-8.36,1.32,,
2016-01-18,-7.63,0.80,,
2016-01-19,-6.74,-0.83,,
2016-01-20,-6.73,-0.47,,
2016-01-21,-7.74,-0.27,,
2016-01-22,-8.71,1.22,,
2016-01-23,-9.89,2.65,,
2016-01-24,-9.05,1.76,,
2016-01-25,-8.56,0.15,,
2016-01-26,-9.73,0.17,,
2016-01-27,-10.53,0.92,,
2016-01-28,-10.69,1.50,,
2016-01-29,-9.39,1.32,,
2016-01-30,-8.20,-0.29,,
2016-01-31,-8.48,0.30,,
2016-02-01,-8.47,0.59,,
2016-02-02,-8.53,0.75,,
2016-02-03,-7.87,0.14,,
2016-02-04,-7.00,-1.11,,
2016-02-05,-6.53,-0.46,,
2016-02-06,-8.64,0.15,,
2016-02-07,-10.10,1.24,,
2016-02-08,-10.09,1.24,,
2016-02-09,-10.30,0.72,,
2016-02-10,-10.41,0.55,,
2016-02-11,-9.52,-1.00,,
2016-02-12,-9.51,0.17,,
2016-02-13,-10.20,1.07,,
2016-02-14,-9.17,-0.16,,
2016-02-15,-9.00,-0.47,,
2016-02-16,-10.92,1.73,,
2016-02-17,-10.27,0.72,,
2016-02-18,-9.24,0.16,,
2016-02-19,-7.86,-0.83,,
2016-02-20,-7.96,-1.12,,
2016-02-21,-7.66,0.27,,
2016-02-22,-7.82,0.27,,
2016-02-23,-8.98,0.47,,
2016-02-24,-10.51,0.37,,
2016-02-25,-9.67,0.17,,
2016-02-26,-8.23,0.72,,
2016-02-27,-8.74,0.15,,
2016-02-28,-8.47,-0.00,,
2016-02-29,-8.79,-0.61,,
2016-03-01,-7.88,-0.69,,
2016-03-02,-7.74,-0.68,,
2016-03-03,-7.80,-0.14,,
2016-03-04,-7.59,-0.00,,
2016-03-05,-7.29,0.13,,
2016-03-06,-6.67,-0.00,,
2016-03-07,-6.50,-0.45,,
2016-03-08,-5.87,-2.37,,
2016-03-09,-6.64,-1.78,,
2016-03-10,-9.00,-5.62,,
2016-03-11,-8.37,-4.84,,
2016-03-12,-6.50,-2.49,,
2016-03-13,-6.98,-0.61,,
2016-03-14,-7.98,-0.42,,
2016-03-15,-7.98,-0.84,,
2016-03-16,-8.46,-0.44,,
2016-03-17,-8.76,-1.23,,
2016-03-18,-8.76,-0.46,,
2016-03-19,-10.02,0.35,,
2016-03-20,-10.69,0.94,,
2016-03-21,-10.23,0.18,,
2016-03-22,-9.28,-0.65,,
2016-03-23,-9.49,-0.66,,
2016-03-24,-10.54,-0.00,,
2016-03-25,-10.57,0.18,,
2016-03-26,-11.01,0.19,,
2016-03-27,-10.12,-0.00,,
2016-03-28,-9.04,0.32,,
2016-03-29,-9.34,0.82,,
2016-03-30,-9.96,0.70,,
2016-03-31,-9.35,0.65,,
2016-04-01,-8.99,0.16,,
2016-04-02,-8.49,0.30,,
2016-04-03,-8.38,-0.29,,
2016-04-04,-8.18,-0.29,,
2016-04-05,-7.61,0.13,,
2016-04-06,-7.43,-0.39,,
2016-04-07,-8.03,-0.14,,
2016-04-08,-8.59,0.15,,
2016-04-09,-8.69,-0.30,,
2016-04-10,-8.03,-0.84,,
2016-04-11,-7.39,-1.17,,
2016-04-12,-6.26,-0.22,,
2016-04-13,-5.70,-0.80,,
2016-04-14,-5.67,-0.50,,
2016-04-15,-7.77,-0.41,,
2016-04-16,-8.19,0.29,,
2016-04-17,-7.87,-0.00,,
2016-04-18,-6.82,-0.72,,
2016-04-19,-6.74,-0.71,,
2016-04-20,-7.74,0.68,,
2016-04-21,-8.36,0.15,,
2016-04-22,-9.36,0.49,,
2016-04-23,-8.73,1.07,,
2016-04-24,-7.67,0.67,,
2016-04-25,-5.35,1.43,,
2016-04-26,-6.93,0.73,,
2016-04-27,-7.58,0.53,,
2016-04-28,-7.77,0.54,,
2016-04-29,-6.98,0.86,,
2016-04-30,-8.07,1.28,,
2016-05-01,-8.93,3.25,,
2016-05-02,-8.84,2.20,,
2016-05-03,-8.32,2.54,,
2016-05-04,-8.70,1.38,,
2016-05-05,-8.30,1.46,,
2016-05-06,-8.90,1.57,,
2016-05-07,-6.83,1.58,,
2016-05-08,-5.66,1.20,,
2016-05-09,-8.27,0.14,,
2016-05-10,-7.97,-0.00,,
2016-05-11,-7.90,-0.69,,
2016-05-12,-7.60,-0.40,,
2016-05-13,-7.89,0.83,,
2016-05-14,-9.54,0.33,,
2016-05-15,-9.27,1.14,,
2016-05-16,-10.36,0.54,,
2016-05-17,-10.02,-0.35,,
2016-05-18,-9.61,0.67,,
2016-05-19,-9.34,0.49,,
2016-05-20,-10.05,0.18,,
2016-05-21,-10.27,0.54,,
2016-05-22,-9.92,1.04,,
2016-05-23,-9.95,1.75,,
2016-05-24,-10.16,1.61,,
2016-05-25,-10.18,1.07,,
2016-05-26,-8.91,0.78,,
2016-05-27,-8.12,2.33,,
2016-05-28,-7.50,0.66,,
2016-05-29,-7.74,1.23,,
2016-05-30,-7.88,1.11,,
2016-05-31,-8.28,1.31,,
2016-06-01,-8.42,2.57,,
2016-06-02,-8.67,1.37,,
2016-06-03,-9.08,0.79,,
2016-06-04,-7.91,0.14,,
2016-06-05,-9.33,0.98,,
2016-06-06,-9.75,0.51,,
2016-06-07,-8.98,1.42,,
2016-06-08,-8.62,1.37,,
2016-06-09,-9.89,1.74,,
2016-06-10,-9.93,1.22,,
2016-06-11,-9.41,0.66,,
2016-06-12,-9.38,1.15,,
2016-06-13,-8.96,1.42,,
2016-06-14,-9.89,2.28,,
2016-06-15,-10.07,2.14,,
2016-06-16,-9.61,0.34,,
2016-06-17,-10.10,1.06,,
2016-06-18,-9.66,1.36,,
2016-06-19,-8.98,0.79,,
2016-06-20,-7.85,1.67,,
2016-06-21,-9.45,1.84,,
2016-06-22,-9.44,0.83,,
2016-06-23,-9.92,1.22,,
2016-06-24,-10.05,0.70,,
2016-06-25,-8.86,0.46,,
2016-06-26,-8.59,0.75,,
2016-06-27,-9.35,1.48,,
2016-06-28,-9.69,1.36,,
2016-06-29,-9.53,1.34,,
2016-06-30,-10.27,1.63,,
2016-07-01,-9.43,0.66,,
2016-07-02,-8.41,0.29,,
2016-07-03,-8.90,0.78,,
2016-07-04,-9.18,-0.32,,
2016-07-05,-8.65,0.45,,
2016-07-06,-9.04,0.32,,
2016-07-07,-9.10,0.48,,
2016-07-08,-9.32,0.49,,
2016-07-09,-9.24,0.65,,
2016-07-10,-9.72,0.85,,
2016-07-11,-9.92,1.22,,
2016-07-12,-8.68,-1.07,,
2016-07-13,-7.53,-0.39,,
2016-07-14,-8.33,0.58,,
2016-07-15,-7.71,0.13,,
2016-07-16,-7.81,-0.27,,
2016-07-17,-9.24,2.13,,
2016-07-18,-8.42,0.29,,
2016-07-19,-8.43,0.74,,
2016-07-20,-8.79,0.61,,
2016-07-21,-8.90,0.94,,
2016-07-22,-8.83,0.62,,
2016-07-23,-7.55,0.53,,
2016-07-24,-8.03,0.84,,
2016-07-25,-8.62,1.68,,
2016-07-26,-8.12,1.43,,
2016-07-27,-8.96,1.26,,
2016-07-28,-9.58,1.69,,
2016-07-29,-8.08,0.28,,
2016-07-30,-8.53,-0.00,,
2016-07-31,-6.66,-0.12,,
2016-08-01,-8.78,1.55,,
2016-08-02,-9.62,1.87,,
2016-08-03,-9.67,1.88,,
2016-08-04,-9.06,1.11,,
2016-08-05,-7.64,-0.27,,
2016-08-06,-8.36,1.03,,
2016-08-07,-8.93,1.41,,
2016-08-08,-9.96,0.70,,
2016-08-09,-9.38,0.49,,
2016-08-10,-8.95,0.63,,
2016-08-11,-8.86,1.09,,
2016-08-12,-8.77,0.61,,
2016-08-13,-8.44,1.19,,
2016-08-14,-10.20,1.62,,
2016-08-15,-10.55,1.11,,
2016-08-16,-9.95,1.22,,
2016-08-17,-9.19,0.97,,
2016-08-18,-8.96,0.47,,
2016-08-19,-8.53,0.90,,
2016-08-20,-8.78,1.55,,
2016-08-21,-9.51,1.17,,
2016-08-22,-9.12,0.80,,
2016-08-23,-8.75,0.46,,
2016-08-24,-8.05,0.85,,
2016-08-25,-8.76,1.70,,
2016-08-26,-8.40,2.41,,
2016-08-27,-8.01,1.70,,
2016-08-28,-8.05,1.71,,
2016-08-29,-9.54,2.03,,
2016-08-30,-10.07,1.24,,
2016-08-31,-9.03,0.63,,
2016-09-01,-8.29,0.58,,
2016-09-02,-8.11,0.85,,
2016-09-03,-7.61,-0.00,,
2016-09-04,-6.49,-1.38,,
2016-09-05,-6.12,-0.97,,
2016-09-06,-7.70,-0.00,,
2016-09-07,-8.75,0.31,,
2016-09-08,-8.46,0.74,,
2016-09-09,-8.60,0.60,,
2016-09-10,-9.41,1.49,,
2016-09-11,-8.66,1.84,,
2016-09-12,-7.80,0.68,,
2016-09-13,-6.48,-0.11,,
2016-09-14,-6.99,0.24,,
2016-09-15,-7.67,1.35,,
2016-09-16,-8.15,0.57,,
2016-09-17,-8.11,1.28,,
2016-09-18,-9.22,0.81,,
2016-09-19,-9.27,1.97,,
2016-09-20,-9.39,0.82,,
2016-09-21,-8.53,0.75,,
2016-09-22,-7.78,-0.27,,
2016-09-23,-7.39,0.78,,
2016-09-24,-9.18,0.96,,
2016-09-25,-8.74,1.07,,
2016-09-26,-7.84,1.38,,
2016-09-27,-8.44,1.19,,
2016-09-28,-7.36,-0.39,,
2016-09-29,-3.06,-2.57,,
2016-09-30,-2.09,6.85,,
2016-10-01,-9.11,2.61,,
2016-10-02,-8.28,2.69,,
2016-10-03,-7.04,5.11,,
2016-10-04,-5.08,3.97,,
2016-10-05,-6.18,1.89,,
2016-10-06,-7.84,1.24,,
2016-10-07,-7.02,-0.49,,
2016-10-08,-3.28,-0.11,,
2016-10-09,-5.83,0.92,,
2016-10-10,-5.86,0.31,,
2016-10-11,-4.97,0.79,,
2016-10-12,-7.79,1.65,,
2016-10-13,-7.48,0.79,,
2016-10-14,-7.72,1.22,,
2016-10-15,-7.75,0.81,,
2016-10-16,-7.42,0.91,,
2016-10-17,-5.05,1.64,,
2016-10-18,2.52,-0.68,,
2016-10-19,1.75,2.32,,
2016-10-20,-5.34,1.53,,
2016-10-21,-8.22,1.60,,
2016-10-22,-7.88,1.11,,
2016-10-23,-7.02,0.12,,
2016-10-24,-6.38,-0.90,,
2016-10-25,-4.76,-1.28,,
2016-10-26,-3.00,-1.80,,
2016-10-27,-2.92,-0.36,,
2016-10-28,-4.71,1.44,,
2016-10-29,-6.52,1.63,,
2016-10-30,-6.71,1.06,,
2016-10-31,-4.80,-0.50,,
2016-11-01,-1.34,-3.01,,
2016-11-02,4.22,-1.37,,
2016-11-03,3.57,0.19,,
2016-11-04,-5.79,2.34,,
2016-11-05,-7.81,2.84,,
2016-11-06,-5.25,3.68,,
2016-11-07,-2.73,-0.94,,
2016-11-08,-2.18,1.42,,
2016-11-09,-5.90,-0.62,,
2016-11-10,-6.02,-0.63,,
2016-11-11,-6.39,0.45,,
2016-11-12,-6.11,0.32,,
2016-11-13,-5.26,0.28,,
2016-11-14,-5.68,-0.30,,
2016-11-15,-4.54,-0.64,,
2016-11-16,-2.85,-0.55,,
2016-11-17,-1.44,-1.50,,
2016-11-18,-4.66,0.66,,
2016-11-19,-6.19,1.09,,
2016-11-20,-4.04,1.08,,
2016-11-21,2.32,0.16,,
2016-11-22,2.79,1.48,,
2016-11-23,-5.03,-0.53,,
2016-11-24,-6.81,-0.00,,
2016-11-25,-8.11,-0.00,,
2016-11-26,-7.36,0.77,,
2016-11-27,-5.55,1.49,,
2016-11-28,3.21,1.04,,
2016-11-29,-0.82,-2.25,,
2016-11-30,-3.93,-0.76,,
2016-12-01,-4.55,0.72,,
2016-12-02,-8.28,2.22,,
2016-12-03,-9.06,2.09,,
2016-12-04,-7.93,0.42,,
2016-12-05,-7.63,-0.80,,
2016-12-06,-8.78,0.46,,
2016-12-07,-8.79,-0.31,,
2016-12-08,-8.24,-1.45,,
2016-12-09,-7.90,-0.14,,
2016-12-10,-9.13,0.80,,
2016-12-11,-9.57,0.33,,
2016-12-12,-9.45,-0.50,,
2016-12-13,-8.08,-0.42,,
2016-12-14,-8.25,-0.29,,
2016-12-15,-8.26,0.43,,
2016-12-16,-7.98,-0.70,,
2016-12-17,-8.23,-0.00,,
2016-12-18,-9.31,-0.00,,
2016-12-19,-8.68,-1.53,,
2016-12-20,-7.70,-0.67,,
2016-12-21,-7.72,-0.13,,
2016-12-22,-6.66,-0.70,,
2016-12-23,-6.50,-1.15,,
2016-12-24,-7.26,-0.76,,
2016-12-25,-8.31,-0.87,,
2016-12-26,-8.72,-3.00,,
2016-12-27,-8.21,-0.43,,
2016-12-28,-8.68,-0.15,,
2016-12-29,-7.83,0.27,,
2016-12-30,-7.83,0.14,,
2016-12-31,-8.51,-0.60,,
2017-01-01,-7.25,-0.38,,
2017-01-02,-6.55,-1.04,,
2017-01-03,-6.06,0.21,,
2017-01-04,-6.64,0.58,,
2017-01-05,-6.37,0.89,,
2017-01-06,-7.50,0.39,,
2017-01-07,-7.60,-0.13,,
2017-01-08,-6.35,-0.56,,
2017-01-09,-4.52,-1.21,,
2017-01-10,-4.55,-1.93,,
2017-01-11,-3.74,-0.86,,
2017-01-12,-5.34,-2.05,,
2017-01-13,-5.70,-3.99,,
2017-01-14,-4.16,-2.12,,
2017-01-15,-4.92,-1.60,,
2017-01-16,-5.19,-0.92,,
2017-01-17,-4.98,-1.52,,
2017-01-18,-4.84,-1.57,,
2017-01-19,-5.07,-0.89,,
2017-01-20,-4.04,-1.72,,
2017-01-21,-4.00,-1.22,,
2017-01-22,-3.64,-0.84,,
2017-01-23,-3.90,0.62,,
2017-01-24,-3.87,1.26,,
2017-01-25,-4.41,-0.70,,
2017-01-26,-6.33,-0.44,,
2017-01-27,-6.05,0.11,,
2017-01-28,-6.48,0.11,,
2017-01-29,-7.13,0.37,,
2017-01-30,-6.95,0.24,,
2017-01-31,-6.37,-1.35,,
2017-02-01,-6.48,-0.57,,
2017-02-02,-7.15,-0.37,,
2017-02-03,-8.08,0.42,,
2017-02-04,-7.04,-1.63,,
2017-02-05,-7.16,-0.63,,
2017-02-06,-7.08,-0.74,,
2017-02-07,-7.28,0.13,,
2017-02-08,-8.14,0.14,,
2017-02-09,-8.25,0.29,,
2017-02-10,-6.95,-1.48,,
2017-02-11,-7.28,-2.09,,
2017-02-12,-6.86,-1.71,,
2017-02-13,-5.27,-1.41,,
2017-02-14,-5.64,-0.89,,
2017-02-15,-5.68,0.30,,
2017-02-16,-5.48,0.87,,
2017-02-17,-5.16,0.54,,
2017-02-18,-4.70,-1.26,,
2017-02-19,-5.60,-0.39,,
2017-02-20,-4.50,-0.39,,
2017-02-21,-1.59,-2.19,,
2017-02-22,-3.02,-1.67,,
2017-02-23,-3.89,0.48,,
2017-02-24,-4.51,0.71,,
2017-02-25,-4.85,0.08,,
2017-02-26,-5.63,-0.69,,
2017-02-27,-6.28,-1.45,,
2017-02-28,-6.12,-2.23,,
2017-03-01,-6.99,-1.49,,
2017-03-02,-8.31,-0.58,,
2017-03-03,-8.35,-1.62,,
2017-03-04,-7.50,-1.73,,
2017-03-05,-6.65,-1.91,,
2017-03-06,-6.54,-2.25,,
2017-03-07,-7.07,-1.89,,
2017-03-08,-8.61,-2.15,,
2017-03-09,-7.42,-2.41,,
2017-03-10,-7.28,-0.00,,
2017-03-11,-7.54,-0.00,,
2017-03-12,-7.61,-0.00,,
2017-03-13,-7.43,-0.39,,
2017-03-14,-7.06,-0.62,,
2017-03-15,-5.96,-1.05,,
2017-03-16,-5.84,-0.51,,
2017-03-17,-6.30,-1.22,,
2017-03-18,-5.66,-1.73,,
2017-03-19,-5.17,0.18,,
2017-03-20,-4.58,-0.08,,
2017-03-21,-4.81,-0.76,,
2017-03-22,-5.77,0.10,,
2017-03-23,-6.01,0.10,,
2017-03-24,-4.31,-0.23,,
2017-03-25,-3.44,-0.24,,
2017-03-26,-3.83,-0.00,,
2017-03-27,-4.10,-0.43,,
2017-03-28,-4.24,-0.45,,
2017-03-29,-5.02,-0.62,,
2017-03-30,-5.78,-0.81,,
2017-03-31,-6.76,-0.12,,
2017-04-01,-7.64,-0.40,,
2017-04-02,-7.99,0.14,,
2017-04-03,-7.20,-0.00,,
2017-04-04,-8.26,0.43,,
2017-04-05,-8.82,-0.31,,
2017-04-06,-8.06,-0.42,,
2017-04-07,-6.97,-0.12,,
2017-04-08,-6.59,-0.12,,
2017-04-09,-6.24,-0.00,,
2017-04-10,-5.47,-0.48,,
2017-04-11,-5.29,-0.00,,
2017-04-12,-5.31,-0.09,,
2017-04-13,-5.61,-0.20,,
2017-04-14,-5.63,-0.30,,
2017-04-15,-6.78,-0.24,,
2017-04-16,-7.33,0.38,,
2017-04-17,-6.66,0.12,,
2017-04-18,-7.25,0.38,,
2017-04-19,-6.99,0.24,,
2017-04-20,-6.08,-0.53,,
2017-04-21,-4.83,0.17,,
2017-04-22,-6.37,1.01,,
2017-04-23,-6.97,1.23,,
2017-04-24,-7.40,1.44,,
2017-04-25,-7.27,1.02,,
2017-04-26,-7.01,0.61,,
2017-04-27,-7.16,-0.12,,
2017-04-28,-7.73,0.13,,
2017-04-29,-8.76,0.46,,
2017-04-30,-8.27,0.14,,
2017-05-01,-7.76,1.23,,
2017-05-02,-7.17,0.88,,
2017-05-03,-6.81,0.60,,
2017-05-04,-6.87,0.36,,
2017-05-05,-7.21,1.14,,
2017-05-06,-7.12,0.87,,
2017-05-07,-6.80,0.36,,
2017-05-08,-5.36,-0.37,,
2017-05-09,-5.56,0.19,,
2017-05-10,-5.18,-0.73,,
2017-05-11,-5.23,-0.18,,
2017-05-12,-4.17,-1.35,,
2017-05-13,-4.76,-0.08,,
2017-05-14,-6.25,0.33,,
2017-05-15,-6.83,0.84,,
2017-05-16,-7.20,2.06,,
2017-05-17,-8.14,1.29,,
2017-05-18,-7.98,0.42,,
2017-05-19,-8.09,0.14,,
2017-05-20,-8.08,-0.28,,
2017-05-21,-6.79,-0.36,,
2017-05-22,-6.72,-0.23,,
2017-05-23,-7.56,0.40,,
2017-05-24,-8.64,1.84,,
2017-05-25,-8.99,1.10,,
2017-05-26,-7.81,0.14,,
2017-05-27,-6.92,-0.00,,
2017-05-28,-6.78,-0.24,,
2017-05-29,-6.47,0.11,,
2017-05-30,-7.62,0.80,,
2017-05-31,-8.25,0.72,,
2017-06-01,-6.68,-0.00,,
2017-06-02,-7.03,0.37,,
2017-06-03,-7.83,1.10,,
2017-06-04,-8.24,1.30,,
2017-06-05,-8.47,0.74,,
2017-06-06,-8.31,0.44,,
2017-06-07,-7.06,0.37,,
2017-06-08,-6.80,0.96,,
2017-06-09,-6.41,0.56,,
2017-06-10,-7.83,0.55,,
2017-06-11,-7.97,0.28,,
2017-06-12,-7.10,-0.25,,
2017-06-13,-7.08,0.50,,
2017-06-14,-6.89,0.97,,
2017-06-15,-6.97,0.86,,
2017-06-16,-7.76,1.37,,
2017-06-17,-7.70,1.08,,
2017-06-18,-7.22,0.25,,
2017-06-19,-7.20,0.38,,
2017-06-20,-7.79,-0.41,,
2017-06-21,-7.93,2.42,,
2017-06-22,-6.99,0.37,,
2017-06-23,-5.47,-0.29,,
2017-06-24,-6.80,1.08,,
2017-06-25,-7.86,0.14,,
2017-06-26,-7.69,0.94,,
2017-06-27,-6.88,0.12,,
2017-06-28,-6.20,-1.21,,
2017-06-29,-5.29,-0.28,,
2017-06-30,-7.07,2.03,,
2017-07-01,-7.60,0.13,,
2017-07-02,-7.50,0.79,,
2017-07-03,-7.64,1.35,,
2017-07-04,-6.48,-0.23,,
2017-07-05,-7.09,1.00,,
2017-07-06,-7.43,0.52,,
2017-07-07,-6.57,0.58,,
2017-07-08,-6.43,0.45,,
2017-07-09,-7.03,1.24,,
2017-07-10,-7.51,1.46,,
2017-07-11,-7.07,1.25,,
2017-07-12,-6.48,0.57,,
2017-07-13,-6.21,1.10,,
2017-07-14,-6.65,0.35,,
2017-07-15,-5.58,-0.19,,
2017-07-16,-6.22,0.76,,
2017-07-17,-6.91,0.36,,
2017-07-18,-7.61,-0.00,,
2017-07-19,-6.19,0.54,,
2017-07-20,-6.49,-0.00,,
2017-07-21,-5.27,0.93,,
2017-07-22,-6.49,1.14,,
2017-07-23,-7.17,0.75,,
2017-07-24,-7.53,0.53,,
2017-07-25,-7.22,0.63,,
2017-07-26,-6.36,1.47,,
2017-07-27,-6.66,1.42,,
2017-07-28,-6.85,1.33,,
2017-07-29,-6.88,1.84,,
2017-07-30,-7.21,1.53,,
2017-07-31,-6.91,1.34,,
2017-08-01,-5.65,-0.30,,
2017-08-02,-4.92,-0.60,,
2017-08-03,-5.35,-0.09,,
2017-08-04,-6.74,1.56,,
2017-08-05,-7.03,1.24,,
2017-08-06,-6.66,1.17,,
2017-08-07,-6.88,0.60,,
2017-08-08,-6.59,0.69,,
2017-08-09,-6.78,0.71,,
2017-08-10,-5.78,-0.00,,
2017-08-11,-6.09,1.18,,
2017-08-12,-6.90,0.73,,
2017-08-13,-6.68,-0.23,,
2017-08-14,-6.83,-0.00,,
2017-08-15,-6.60,-0.58,,
2017-08-16,-5.63,-0.89,,
2017-08-17,-4.56,0.56,,
2017-08-18,-5.99,-0.21,,
2017-08-19,-2.39,-1.32,,
2017-08-20,-5.65,1.41,,
2017-08-21,-5.99,-0.10,,
2017-08-22,-5.55,0.49,,
2017-08-23,-6.41,0.90,,
2017-08-24,-6.08,0.64,,
2017-08-25,-5.84,-0.31,,
2017-08-26,-4.58,-0.97,,
2017-08-27,-5.01,0.44,,
2017-08-28,-5.84,0.72,,
2017-08-29,-5.74,0.91,,
2017-08-30,-6.54,0.23,,
2017-08-31,-6.22,0.87,,
2017-09-01,-6.31,0.55,,
2017-09-02,-6.26,0.33,,
2017-09-03,-6.46,0.56,,
2017-09-04,-5.68,-0.10,,
2017-09-05,-4.07,-0.72,,
2017-09-06,-2.63,-0.91,,
2017-09-07,-2.76,1.73,,
2017-09-08,-3.89,1.12,,
2017-09-09,-4.05,0.94,,
2017-09-10,-2.76,0.59,,
2017-09-11,-2.94,1.07,,
2017-09-12,-4.45,-0.39,,
2017-09-13,-3.47,-0.06,,
2017-09-14,-3.78,0.87,,
2017-09-15,-5.13,1.47,,
2017-09-16,-7.11,1.38,,
2017-09-17,-6.68,0.82,,
2017-09-18,-5.20,-0.00,,
2017-09-19,-2.72,-1.16,,
2017-09-20,-1.63,-1.81,,
2017-09-21,-3.10,2.25,,
2017-09-22,-2.69,1.09,,
2017-09-23,-5.52,1.58,,
2017-09-24,-6.29,1.80,,
2017-09-25,-7.28,2.22,,
2017-09-26,-7.66,1.91,,
2017-09-27,-7.65,0.54,,
2017-09-28,-6.94,0.36,,
2017-09-29,-5.83,0.82,,
2017-09-30,-5.04,0.98,,
2017-10-01,-5.01,1.25,,
2017-10-02,-4.53,-0.24,,
2017-10-03,-4.97,0.17,,
2017-10-04,-5.30,0.37,,
2017-10-05,-6.34,1.58,,
2017-10-06,-3.28,1.67,,
2017-10-07,-3.89,-0.07,,
2017-10-08,-3.87,-0.20,,
2017-10-09,-3.74,0.13,,
2017-10-10,-2.74,-0.05,,
2017-10-11,-3.03,0.99,,
2017-10-12,-5.41,1.15,,
2017-10-13,-6.28,0.11,,
2017-10-14,-4.88,-0.60,,
2017-10-15,-5.88,1.14,,
2017-10-16,-7.03,1.75,,
2017-10-17,-7.62,1.90,,
2017-10-18,-7.51,1.32,,
2017-10-19,-6.90,0.73,,
2017-10-20,-8.71,1.69,,
2017-10-21,-9.25,-0.16,,
2017-10-22,-8.92,1.10,,
2017-10-23,-7.94,0.69,,
2017-10-24,-6.61,0.81,,
2017-10-25,-6.02,1.17,,
2017-10-26,-5.61,0.79,,
2017-10-27,-4.77,-0.17,,
2017-10-28,-4.36,0.23,,
2017-10-29,-2.70,0.43,,
2017-10-30,-1.78,-1.07,,
2017-10-31,-3.76,-0.80,,
2017-11-01,-3.80,-0.40,,
2017-11-02,-5.01,-0.17,,
2017-11-03,-4.37,-0.85,,
2017-11-04,-4.20,0.07,,
2017-11-05,-4.55,0.40,,
2017-11-06,-4.97,1.06,,
2017-11-07,-5.78,0.61,,
2017-11-08,-6.58,1.64,,
2017-11-09,-6.17,1.20,,
2017-11-10,-5.93,0.94,,
2017-11-11,-5.97,0.84,,
2017-11-12,-7.08,0.37,,
2017-11-13,-7.19,1.01,,
2017-11-14,-6.29,1.68,,
2017-11-15,-2.85,1.78,,
2017-11-16,1.05,-1.89,,
2017-11-17,-1.30,-0.45,,
2017-11-18,-2.03,-0.04,,
2017-11-19,-2.26,1.20,,
2017-11-20,-4.28,1.23,,
2017-11-21,-6.03,-0.11,,
2017-11-22,-6.58,0.69,,
2017-11-23,-5.70,-0.00,,
2017-11-24,-5.29,0.09,,
2017-11-25,-6.48,-0.00,,
2017-11-26,-6.22,0.54,,
2017-11-27,-6.54,0.57,,
2017-11-28,-7.63,0.53,,
2017-11-29,-7.16,-0.75,,
2017-11-30,-5.33,-0.37,,
2017-12-01,-4.03,-1.08,,
2017-12-02,-3.89,-0.90,,
2017-12-03,-5.70,-0.40,,
2017-12-04,-6.64,-0.12,,
2017-12-05,-7.73,-0.41,,
2017-12-06,-7.88,-0.41,,
2017-12-07,-6.93,-0.36,,
2017-12-08,-7.01,0.24,,
2017-12-09,-7.32,0.26,,
2017-12-10,-5.91,-0.73,,
2017-12-11,-2.89,-1.35,,
2017-12-12,-2.71,-0.05,,
2017-12-13,-3.55,0.37,,
2017-12-14,-6.27,0.55,,
2017-12-15,-6.87,-0.24,,
2017-12-16,-6.19,-0.65,,
2017-12-17,-6.67,-1.18,,
2017-12-18,-6.53,-1.39,,
2017-12-19,-6.35,-1.35,,
2017-12-20,-6.33,-0.78,,
2017-12-21,-5.70,-0.50,,
2017-12-22,-6.20,-0.98,,
2017-12-23,-6.44,-1.02,,
2017-12-24,-6.83,-0.84,,
2017-12-25,-6.53,-1.51,,
2017-12-26,-4.97,-0.61,,
2017-12-27,-5.49,-0.77,,
2017-12-28,-5.78,-0.71,,
2017-12-29,-5.90,-0.72,,
2017-12-30,-5.45,-0.67,,
2017-12-31,-5.20,-1.39,,
2018-01-01,-6.73,-0.12,,
2018-01-02,-7.18,0.50,,
2018-01-03,-6.27,0.77,,
2018-01-04,-6.84,1.21,,
2018-01-05,-6.49,0.34,,
2018-01-06,-6.10,0.11,,
2018-01-07,-6.07,0.42,,
2018-01-08,-7.29,0.51,,
2018-01-09,-7.06,0.12,,
2018-01-10,-6.38,0.67,,
2018-01-11,-6.59,0.93,,
2018-01-12,-7.81,0.55,,
2018-01-13,-6.91,-0.24,,
2018-01-14,-5.36,-0.66,,
2018-01-15,-5.25,-0.37,,
2018-01-16,-6.35,-0.33,,
2018-01-17,-5.96,-0.10,,
2018-01-18,-5.97,-0.42,,
2018-01-19,-6.10,-0.00,,
2018-01-20,-7.41,-0.39,,
2018-01-21,-7.62,-0.40,,
2018-01-22,-8.06,-0.71,,
2018-01-23,-7.73,-0.54,,
2018-01-24,-6.81,-0.60,,
2018-01-25,-7.19,-0.76,,
2018-01-26,-7.06,-1.76,,
2018-01-27,-6.97,-1.23,,
2018-01-28,-8.17,-0.57,,
2018-01-29,-7.84,-0.41,,
2018-01-30,-7.24,-0.63,,
2018-01-31,-6.73,-1.07,,
2018-02-01,-7.33,-2.24,,
2018-02-02,-6.51,-1.74,,
2018-02-03,-5.22,-1.60,,
2018-02-04,-6.07,-1.40,,
2018-02-05,-5.78,-1.44,,
2018-02-06,-6.97,-0.61,,
2018-02-07,-7.27,-1.28,,
2018-02-08,-6.74,-0.95,,
2018-02-09,-7.15,-0.88,,
2018-02-10,-7.95,-0.70,,
2018-02-11,-8.48,-0.44,,
2018-02-12,-8.57,-1.36,,
2018-02-13,-6.83,-1.70,,
2018-02-14,-7.09,-1.64,,
2018-02-15,-7.70,-1.78,,
2018-02-16,-7.58,-1.34,,
2018-02-17,-7.33,-0.90,,
2018-02-18,-7.53,-0.26,,
2018-02-19,-7.63,-1.07,,
2018-02-20,-7.70,-1.64,,
2018-02-21,-7.73,-1.78,,
2018-02-22,-7.11,-1.51,,
2018-02-23,-6.56,-1.64,,
2018-02-24,-5.35,-1.43,,
2018-02-25,-5.32,-0.84,,
2018-02-26,-4.84,-1.12,,
2018-02-27,-4.37,-0.31,,
2018-02-28,-4.00,-1.00,,
2018-03-01,-4.56,-0.48,,
2018-03-02,-5.40,-0.95,,
2018-03-03,-3.86,-1.18,,
2018-03-04,-1.59,-1.89,,
2018-03-05,-1.46,-2.64,,
2018-03-06,-4.85,-2.26,,
2018-03-07,-6.87,-0.84,,
2018-03-08,-8.60,0.15,,
2018-03-09,-8.88,0.93,,
2018-03-10,-9.75,1.02,,
2018-03-11,-9.92,0.87,,
2018-03-12,-9.76,1.37,,
2018-03-13,-8.72,1.85,,
2018-03-14,-8.90,1.57,,
2018-03-15,-8.21,0.29,,
2018-03-16,-7.88,0.14,,
2018-03-17,-7.41,0.39,,
2018-03-18,-6.82,0.12,,
2018-03-19,-6.40,0.79,,
2018-03-20,-6.69,0.59,,
2018-03-21,-7.73,0.27,,
2018-03-22,-7.95,0.28,,
2018-03-23,-7.09,-0.00,,
2018-03-24,-5.66,-1.00,,
2018-03-25,-5.84,-1.14,,
2018-03-26,-6.39,-0.67,,
2018-03-27,-6.11,-1.30,,
2018-03-28,-6.09,-1.63,,
2018-03-29,-6.28,-1.92,,
2018-03-30,-5.94,-2.52,,
2018-03-31,-5.58,-2.60,,
2018-04-01,-4.95,-1.90,,
2018-04-02,-4.92,-1.05,,
2018-04-03,-5.13,-0.63,,
2018-04-04,-5.29,-0.28,,
2018-04-05,-4.74,-0.17,,
2018-04-06,-4.73,-0.83,,
2018-04-07,-4.59,-0.65,,
2018-04-08,-5.52,-0.39,,
2018-04-09,-7.39,-0.52,,
2018-04-10,-7.11,-1.00,,
2018-04-11,-6.62,-0.12,,
2018-04-12,-5.92,-0.62,,
2018-04-13,-6.64,-0.58,,
2018-04-14,-7.66,-0.40,,
2018-04-15,-8.22,-0.00,,
2018-04-16,-7.53,-0.13,,
2018-04-17,-6.66,-0.00,,
2018-04-18,-7.41,1.04,,
2018-04-19,-8.39,0.73,,
2018-04-20,-8.07,-0.14,,
2018-04-21,-6.47,-0.23,,
2018-04-22,-7.30,0.25,,
2018-04-23,-6.59,-0.35,,
2018-04-24,-6.76,0.12,,
2018-04-25,-7.20,0.25,,
2018-04-26,-7.45,0.13,,
2018-04-27,-7.73,0.41,,
2018-04-28,-6.96,0.12,,
2018-04-29,-7.55,-0.00,,
2018-04-30,-7.12,-0.25,,
2018-05-01,-7.36,0.13,,
2018-05-02,-7.49,0.13,,
2018-05-03,-7.82,0.96,,
2018-05-04,-7.50,1.19,,
2018-05-05,-7.97,1.55,,
2018-05-06,-7.78,0.82,,
2018-05-07,-7.34,0.90,,
2018-05-08,-7.48,0.79,,
2018-05-09,-6.92,0.97,,
2018-05-10,-7.42,0.13,,
2018-05-11,-7.36,0.13,,
2018-05-12,-7.91,0.28,,
2018-05-13,-8.06,0.42,,
2018-05-14,-7.69,0.81,,
2018-05-15,-8.04,0.56,,
2018-05-16,-8.25,0.87,,
2018-05-17,-7.86,0.83,,
2018-05-18,-7.30,0.13,,
2018-05-19,-6.79,-0.12,,
2018-05-20,-7.44,0.65,,
2018-05-21,-7.38,0.39,,
2018-05-22,-6.97,0.12,,
2018-05-23,-7.77,0.41,,
2018-05-24,-7.76,0.68,,
2018-05-25,-7.32,1.29,,
2018-05-26,-7.61,0.93,,
2018-05-27,-7.38,0.78,,
2018-05-28,-8.18,0.72,,
2018-05-29,-7.52,0.53,,
2018-05-30,-7.54,0.53,,
2018-05-31,-7.71,0.67,,
2018-06-01,-7.50,0.13,,
2018-06-02,-7.98,0.98,,
2018-06-03,-8.55,1.20,,
2018-06-04,-7.88,0.69,,
2018-06-05,-7.28,1.02,,
2018-06-06,-7.93,1.11,,
2018-06-07,-8.37,0.59,,
2018-06-08,-8.33,0.15,,
2018-06-09,-7.73,0.41,,
2018-06-10,-8.83,1.24,,
2018-06-11,-8.14,1.29,,
2018-06-12,-7.22,0.51,,
2018-06-13,-8.71,0.46,,
2018-06-14,-8.95,1.26,,
2018-06-15,-7.70,0.81,,
2018-06-16,-7.05,0.87,,
2018-06-17,-7.85,1.67,,
2018-06-18,-7.34,0.90,,
2018-06-19,-6.62,1.77,,
2018-06-20,-6.11,1.98,,
2018-06-21,-7.91,1.39,,
2018-06-22,-6.62,0.12,,
2018-06-23,-7.86,0.97,,
2018-06-24,-8.42,0.89,,
2018-06-25,-8.13,0.43,,
2018-06-26,-7.67,0.54,,
2018-06-27,-7.14,-0.37,,
2018-06-28,-6.51,0.34,,
2018-06-29,-6.49,-0.57,,
2018-06-30,-6.66,-0.47,,
2018-07-01,-5.86,-1.03,,
2018-07-02,-5.83,0.82,,
2018-07-03,-7.00,0.49,,
2018-07-04,-7.55,0.53,,
2018-07-05,-8.69,0.61,,
2018-07-06,-6.79,0.12,,
2018-07-07,-6.91,0.12,,
2018-07-08,-6.38,-0.56,,
2018-07-09,-6.03,0.42,,
2018-07-10,-7.84,1.38,,
2018-07-11,-7.50,1.32,,
2018-07-12,-7.07,0.74,,
2018-07-13,-7.44,0.78,,
2018-07-14,-7.14,1.00,,
2018-07-15,-6.65,0.47,,
2018-07-16,-6.95,0.61,,
2018-07-17,-7.91,0.83,,
2018-07-18,-7.04,-0.25,,
2018-07-19,-6.21,-0.00,,
2018-07-20,-7.59,0.66,,
2018-07-21,-7.32,-0.26,,
2018-07-22,-6.44,0.68,,
2018-07-23,-6.79,0.95,,
2018-07-24,-7.00,0.86,,
2018-07-25,-7.08,1.51,,
2018-07-26,-7.57,1.61,,
2018-07-27,-7.38,1.17,,
2018-07-28,-7.24,0.63,,
2018-07-29,-7.16,0.63,,
2018-07-30,-7.03,-0.49,,
2018-07-31,-6.90,-0.36,,
2018-08-01,-6.48,0.45,,
2018-08-02,-7.11,0.50,,
2018-08-03,-7.35,0.51,,
2018-08-04,-5.76,-0.50,,
2018-08-05,-5.96,0.21,,
2018-08-06,-7.14,1.00,,
2018-08-07,-8.89,0.62,,
2018-08-08,-8.46,-0.00,,
2018-08-09,-7.42,1.04,,
2018-08-10,-7.14,1.26,,
2018-08-11,-7.05,1.24,,
2018-08-12,-7.64,0.67,,
2018-08-13,-6.70,-0.23,,
2018-08-14,-6.77,0.24,,
2018-08-15,-6.48,1.38,,
2018-08-16,-6.01,0.21,,
2018-08-17,-6.46,0.56,,
2018-08-18,-7.34,0.90,,
2018-08-19,-6.60,0.81,,
2018-08-20,-7.26,1.02,,
2018-08-21,-7.91,0.97,,
2018-08-22,-7.48,1.45,,
2018-08-23,-6.95,1.35,,
2018-08-24,-7.20,1.01,,
2018-08-25,-7.75,0.54,,
2018-08-26,-7.34,0.90,,
2018-08-27,-7.38,1.70,,
2018-08-28,-6.75,0.59,,
2018-08-29,-6.25,-0.44,,
2018-08-30,-5.68,1.00,,
2018-08-31,-7.30,1.16,,
2018-09-01,-7.63,0.80,,
2018-09-02,-6.50,-0.34,,
2018-09-03,-6.72,0.23,,
2018-09-04,-6.62,1.53,,
2018-09-05,-6.85,1.71,,
2018-09-06,-6.93,0.85,,
2018-09-07,-6.35,0.67,,
2018-09-08,-5.97,0.94,,
2018-09-09,-6.82,0.96,,
2018-09-10,-6.48,0.23,,
2018-09-11,-6.05,0.11,,
2018-09-12,-6.13,0.11,,
2018-09-13,-4.24,-1.38,,
2018-09-14,-1.14,-2.35,,
2018-09-15,-3.13,1.88,,
2018-09-16,-4.93,1.89,,
2018-09-17,-6.69,1.30,,
2018-09-18,-7.21,1.01,,
2018-09-19,-7.93,0.28,,
2018-09-20,-7.01,1.24,,
2018-09-21,-8.44,1.04,,
2018-09-22,-6.79,0.24,,
2018-09-23,-6.54,0.92,,
2018-09-24,-7.02,0.99,,
2018-09-25,-6.84,0.36,,
2018-09-26,-5.82,-0.51,,
2018-09-27,-5.49,-0.29,,
2018-09-28,-3.78,-0.73,,
2018-09-29,-4.10,0.72,,
2018-09-30,-6.36,1.35,,
2018-10-01,-7.02,1.36,,
2018-10-02,-6.29,1.11,,
2018-10-03,-5.50,0.68,,
2018-10-04,-5.53,0.58,,
2018-10-05,-5.18,1.39,,
2018-10-06,-5.29,0.93,,
2018-10-07,-4.61,1.15,,
2018-10-08,-5.08,0.53,,
2018-10-09,-5.24,0.46,,
2018-10-10,-3.90,0.20,,
2018-10-11,-2.93,-0.31,,
2018-10-12,-2.68,0.62,,
2018-10-13,-2.04,0.95,,
2018-10-14,-4.09,0.43,,
2018-10-15,-4.54,-0.24,,
2018-10-16,-5.55,-0.58,,
2018-10-17,-4.46,-0.95,,
2018-10-18,-5.41,-1.15,,
2018-10-19,-5.15,-2.29,,
2018-10-20,-4.70,-2.39,,
2018-10-21,-4.33,-1.24,,
2018-10-22,-3.67,-1.56,,
2018-10-23,-4.44,-0.39,,
2018-10-24,-4.60,0.48,,
2018-10-25,-5.25,0.64,,
2018-10-26,-5.31,0.09,,
2018-10-27,-6.80,0.24,,
2018-10-28,-5.93,-0.21,,
2018-10-29,-4.19,-0.00,,
2018-10-30,-4.92,-0.00,,
2018-10-31,-6.34,-0.00,,
2018-11-01,-7.35,0.77,,
2018-11-02,-7.48,0.26,,
2018-11-03,-5.05,-0.35,,
2018-11-04,-4.00,-0.71,,
2018-11-05,-3.47,-1.13,,
2018-11-06,-2.99,-0.37,,
2018-11-07,-3.95,-0.28,,
2018-11-08,-4.71,0.33,,
2018-11-09,-4.26,0.30,,
2018-11-10,-3.68,-0.52,,
2018-11-11,-3.69,-1.06,,
2018-11-12,-5.87,-0.83,,
2018-11-13,-5.69,-0.70,,
2018-11-14,-5.76,0.20,,
2018-11-15,-6.71,0.35,,
2018-11-16,-7.11,0.12,,
2018-11-17,-7.25,0.38,,
2018-11-18,-7.34,0.51,,
2018-11-19,-6.89,-0.12,,
2018-11-20,-6.39,0.11,,
2018-11-21,-6.41,-0.34,,
2018-11-22,-5.59,0.20,,
2018-11-23,-4.74,0.41,,
2018-11-24,-5.80,1.02,,
2018-11-25,-6.73,0.59,,
2018-11-26,-7.49,0.13,,
2018-11-27,-6.51,-0.34,,
2018-11-28,-4.83,-0.51,,
2018-11-29,-5.61,-0.39,,
2018-11-30,-5.75,-0.71,,
2018-12-01,-6.35,-0.44,,
2018-12-02,-7.12,-0.37,,
2018-12-03,-6.21,-0.22,,
2018-12-04,-4.78,-0.08,,
2018-12-05,-4.38,-0.15,,
2018-12-06,-5.59,-0.29,,
2018-12-07,-6.39,-0.11,,
2018-12-08,-6.44,-0.45,,
2018-12-09,-6.81,0.72,,
2018-12-10,-7.16,1.26,,
2018-12-11,-7.71,0.95,,
2018-12-12,-7.47,0.79,,
2018-12-13,-7.26,0.76,,
2018-12-14,-7.15,0.63,,
2018-12-15,-8.25,1.01,,
2018-12-16,-7.54,0.26,,
2018-12-17,-7.40,1.17,,
2018-12-18,-7.61,0.67,,
2018-12-19,-6.59,0.58,,
2018-12-20,-7.11,1.13,,
2018-12-21,-6.93,0.97,,
2018-12-22,-5.81,0.20,,
2018-12-23,-6.11,-0.11,,
2018-12-24,-6.29,-0.00,,
2018-12-25,-6.82,0.60,,
2018-12-26,-7.35,-0.13,,
2018-12-27,-8.39,-0.15,,
2018-12-28,-8.05,-0.28,,
2018-12-29,-7.70,0.27,,
2018-12-30,-7.26,0.64,,
2018-12-31,-7.28,0.25,,
2019-01-01,-8.14,-0.43,,
2019-01-02,-8.37,0.29,,
2019-01-03,-8.52,0.30,,
2019-01-04,-7.74,0.95,,
2019-01-05,-7.31,0.90,,
2019-01-06,-6.74,0.95,,
2019-01-07,-7.10,0.37,,
2019-01-08,-5.81,-0.10,,
2019-01-09,-5.26,-0.37,,
2019-01-10,-3.87,0.68,,
2019-01-11,-4.26,0.07,,
2019-01-12,-5.64,-0.20,,
2019-01-13,-5.75,0.30,,
2019-01-14,-6.12,0.54,,
2019-01-15,-6.12,-0.00,,
2019-01-16,-6.23,0.33,,
2019-01-17,-6.73,0.23,,
2019-01-18,-7.14,-0.00,,
2019-01-19,-7.19,0.25,,
2019-01-20,-7.64,0.40,,
2019-01-21,-6.86,-0.12,,
2019-01-22,-7.03,-0.74,,
2019-01-23,-8.55,-0.45,,
2019-01-24,-8.44,0.74,,
2019-01-25,-8.94,0.63,,
2019-01-26,-8.15,0.43,,
2019-01-27,-7.67,0.81,,
2019-01-28,-6.67,1.30,,
2019-01-29,-6.39,0.67,,
2019-01-30,-5.99,-0.21,,
2019-01-31,-6.07,-0.42,,
2019-02-01,-5.93,0.31,,
2019-02-02,-6.13,0.43,,
2019-02-03,-6.41,0.11,,
2019-02-04,-6.12,0.64,,
2019-02-05,-5.75,-0.10,,
2019-02-06,-6.05,-1.07,,
2019-02-07,-6.52,-1.15,,
2019-02-08,-6.26,-1.22,,
2019-02-09,-5.61,-1.19,,
2019-02-10,-6.01,-0.63,,
2019-02-11,-7.57,-0.66,,
2019-02-12,-8.26,-0.43,,
2019-02-13,-8.28,0.58,,
2019-02-14,-7.82,1.52,,
2019-02-15,-7.45,1.05,,
2019-02-16,-7.20,0.88,,
2019-02-17,-8.24,0.43,,
2019-02-18,-8.05,-0.56,,
2019-02-19,-7.78,-0.27,,
2019-02-20,-7.61,-0.13,,
2019-02-21,-7.61,-0.27,,
2019-02-22,-8.93,-0.16,,
2019-02-23,-8.17,-0.43,,
2019-02-24,-7.69,-1.49,,
2019-02-25,-7.10,-1.00,,
2019-02-26,-7.68,-1.49,,
2019-02-27,-7.08,-0.25,,
2019-02-28,-8.04,0.56,,
2019-03-01,-7.96,0.42,,
2019-03-02,-7.66,-0.00,,
2019-03-03,-7.11,0.25,,
2019-03-04,-6.81,0.60,,
2019-03-05,-7.06,-0.00,,
2019-03-06,-6.59,-0.81,,
2019-03-07,-5.99,-1.49,,
2019-03-08,-6.23,-1.32,,
2019-03-09,-7.33,0.38,,
2019-03-10,-7.64,-0.00,,
2019-03-11,-7.21,-1.40,,
2019-03-12,-5.97,-1.05,,
2019-03-13,-6.30,0.11,,
2019-03-14,-7.16,-0.50,,
2019-03-15,-6.78,-0.24,,
2019-03-16,-6.59,-0.69,,
2019-03-17,-7.15,-0.88,,
2019-03-18,-7.75,0.41,,
2019-03-19,-7.83,0.27,,
2019-03-20,-6.39,0.11,,
2019-03-21,-5.88,-0.00,,
2019-03-22,-5.62,-0.10,,
2019-03-23,-6.25,0.44,,
2019-03-24,-6.71,0.35,,
2019-03-25,-6.50,0.34,,
2019-03-26,-6.68,1.18,,
2019-03-27,-6.24,0.44,,
2019-03-28,-6.44,0.68,,
2019-03-29,-6.10,0.43,,
2019-03-30,-6.27,-0.33,,
2019-03-31,-7.14,0.50,,
2019-04-01,-6.85,-0.24,,
2019-04-02,-6.02,-0.63,,
2019-04-03,-6.15,-1.08,,
2019-04-04,-6.29,-0.88,,
2019-04-05,-6.59,-0.23,,
2019-04-06,-6.93,-0.36,,
2019-04-07,-7.87,-0.14,,
2019-04-08,-7.33,0.26,,
2019-04-09,-7.39,0.91,,
2019-04-10,-7.03,1.24,,
2019-04-11,-6.18,0.98,,
2019-04-12,-6.74,0.35,,
2019-04-13,-7.78,-0.14,,
2019-04-14,-7.69,0.54,,
2019-04-15,-7.50,-0.26,,
2019-04-16,-6.88,-0.60,,
2019-04-17,-6.82,-0.24,,
2019-04-18,-6.47,-0.68,,
2019-04-19,-7.39,-0.13,,
2019-04-20,-7.65,-0.00,,
2019-04-21,-7.15,-0.75,,
2019-04-22,-5.66,-1.10,,
2019-04-23,-5.07,-0.53,,
2019-04-24,-5.24,0.18,,
2019-04-25,-6.30,-0.55,,
2019-04-26,-6.67,0.12,,
2019-04-27,-7.15,0.75,,
2019-04-28,-7.93,0.97,,
2019-04-29,-8.14,0.57,,
2019-04-30,-8.20,0.72,,
2019-05-01,-7.66,-0.00,,
2019-05-02,-8.46,0.30,,
2019-05-03,-8.16,-0.43,,
2019-05-04,-7.61,-0.40,,
2019-05-05,-7.79,0.54,,
2019-05-06,-8.60,0.60,,
2019-05-07,-8.14,1.00,,
2019-05-08,-7.70,0.13,,
2019-05-09,-7.28,0.64,,
2019-05-10,-6.65,0.35,,
2019-05-11,-6.45,0.34,,
2019-05-12,-7.00,1.11,,
2019-05-13,-8.46,1.49,,
2019-05-14,-8.81,1.08,,
2019-05-15,-7.73,1.22,,
2019-05-16,-7.26,1.02,,
2019-05-17,-7.68,0.67,,
2019-05-18,-7.42,0.39,,
2019-05-19,-7.26,0.76,,
2019-05-20,-7.47,0.92,,
2019-05-21,-7.69,0.94,,
2019-05-22,-7.53,0.79,,
2019-05-23,-6.50,-0.00,,
2019-05-24,-6.46,0.56,,
2019-05-25,-6.68,0.35,,
2019-05-26,-6.92,0.12,,
2019-05-27,-6.12,0.64,,
2019-05-28,-6.42,0.68,,
2019-05-29,-6.35,1.12,,
2019-05-30,-6.02,0.63,,
2019-05-31,-5.55,-0.29,,
2019-06-01,-4.74,0.25,,
2019-06-02,-5.15,1.19,,
2019-06-03,-5.89,0.93,,
2019-06-04,-7.53,1.19,,
2019-06-05,-7.59,1.47,,
2019-06-06,-7.29,1.55,,
2019-06-07,-6.93,1.47,,
2019-06-08,-7.09,0.87,,
2019-06-09,-7.31,1.03,,
2019-06-10,-8.26,1.16,,
2019-06-11,-8.48,0.89,,
2019-06-12,-6.95,-0.36,,
2019-06-13,-6.85,0.24,,
2019-06-14,-6.95,-0.12,,
2019-06-15,-6.91,0.12,,
2019-06-16,-7.22,0.25,,
2019-06-17,-8.24,1.16,,
2019-06-18,-8.76,1.08,,
2019-06-19,-8.82,0.62,,
2019-06-20,-8.03,1.71,,
2019-06-21,-9.15,1.12,,
2019-06-22,-8.19,0.29,,
2019-06-23,-7.50,0.39,,
2019-06-24,-6.94,0.61,,
2019-06-25,-6.33,1.00,,
2019-06-26,-7.44,0.26,,
2019-06-27,-8.20,0.43,,
2019-06-28,-8.94,0.31,,
2019-06-29,-8.70,0.76,,
2019-06-30,-7.98,-0.28,,
2019-07-01,-7.30,-0.51,,
2019-07-02,-7.13,0.88,,
2019-07-03,-6.56,0.11,,
2019-07-04,-6.69,-0.00,,
2019-07-05,-7.19,0.25,,
2019-07-06,-8.24,1.60,,
2019-07-07,-7.74,0.54,,
2019-07-08,-7.08,0.87,,
2019-07-09,-6.97,1.35,,
2019-07-10,-7.69,1.22,,
2019-07-11,-6.27,-0.55,,
2019-07-12,-6.35,0.33,,
2019-07-13,-6.46,-0.23,,
2019-07-14,-7.46,1.05,,
2019-07-15,-6.12,-0.86,,
2019-07-16,-7.19,0.38,,
2019-07-17,-6.88,0.36,,
2019-07-18,-7.57,1.20,,
2019-07-19,-7.61,0.93,,
2019-07-20,-7.65,1.21,,
2019-07-21,-7.32,0.64,,
2019-07-22,-7.28,0.51,,
2019-07-23,-7.14,1.13,,
2019-07-24,-6.46,0.23,,
2019-07-25,-5.58,-0.68,,
2019-07-26,-6.16,0.65,,
2019-07-27,-6.23,-0.22,,
2019-07-28,-4.74,-1.01,,
2019-07-29,-3.90,-0.34,,
2019-07-30,-5.62,0.79,,
2019-07-31,-7.25,1.67,,
2019-08-01,-7.79,0.96,,
2019-08-02,-6.53,-0.00,,
2019-08-03,-6.98,0.86,,
2019-08-04,-7.17,0.88,,
2019-08-05,-6.72,0.47,,
2019-08-06,-6.96,3.55,,
2019-08-07,-6.54,2.38,,
2019-08-08,-6.84,1.08,,
2019-08-09,-7.24,1.15,,
2019-08-10,-7.76,1.37,,
2019-08-11,-7.70,0.95,,
2019-08-12,-7.87,1.25,,
2019-08-13,-8.18,1.74,,
2019-08-14,-8.29,1.31,,
2019-08-15,-7.56,1.61,,
2019-08-16,-6.79,0.48,,
2019-08-17,-5.05,-0.35,,
2019-08-18,-5.94,1.15,,
2019-08-19,-7.37,1.30,,
2019-08-20,-7.53,1.88,,
2019-08-21,-6.38,0.90,,
2019-08-22,-6.09,0.75,,
2019-08-23,-7.12,1.13,,
2019-08-24,-7.93,1.40,,
2019-08-25,-7.73,1.50,,
2019-08-26,-7.38,1.04,,
2019-08-27,-6.58,-0.00,,
2019-08-28,-6.34,0.67,,
2019-08-29,-6.69,1.92,,
2019-08-30,-7.52,1.60,,
2019-08-31,-7.05,0.37,,
2019-09-01,-6.90,0.85,,
2019-09-02,-7.21,0.76,,
2019-09-03,-7.10,0.75,,
2019-09-04,-7.66,0.80,,
2019-09-05,-6.65,0.12,,
2019-09-06,-5.38,0.76,,
2019-09-07,-6.59,1.64,,
2019-09-08,-6.73,1.19,,
2019-09-09,-7.05,1.12,,
2019-09-10,-6.95,0.49,,
2019-09-11,-6.59,0.69,,
2019-09-12,-7.32,0.90,,
2019-09-13,-7.32,0.90,,
2019-09-14,-7.19,1.14,,
2019-09-15,-6.45,0.34,,
2019-09-16,-5.25,-0.28,,
2019-09-17,-4.33,0.23,,
2019-09-18,-3.02,1.16,,
2019-09-19,-0.35,2.47,,
2019-09-20,-1.84,-0.63,,
2019-09-21,-3.32,-0.06,,
2019-09-22,-1.99,-0.42,,
2019-09-23,1.43,-1.11,,
2019-09-24,2.26,0.78,,
2019-09-25,-1.67,1.31,,
2019-09-26,-2.22,0.43,,
2019-09-27,-5.71,1.01,,
2019-09-28,-5.03,-0.53,,
2019-09-29,-4.69,-0.16,,
2019-09-30,-4.84,1.48,,
2019-10-01,-4.49,1.29,,
2019-10-02,-5.00,0.97,,
2019-10-03,-5.96,0.52,,
2019-10-04,-5.56,1.28,,
2019-10-05,-5.16,0.91,,
2019-10-06,-6.00,0.63,,
2019-10-07,-6.23,0.33,,
2019-10-08,-5.71,-0.00,,
2019-10-09,-5.85,0.41,,
2019-10-10,-5.56,1.08,,
2019-10-11,-4.38,1.26,,
2019-10-12,-4.44,1.44,,
2019-10-13,-5.96,1.05,,
2019-10-14,-6.04,0.21,,
2019-10-15,-5.45,0.38,,
2019-10-16,-5.66,0.90,,
2019-10-17,-5.33,0.28,,
2019-10-18,-4.88,0.17,,
2019-10-19,-4.16,1.04,,
2019-10-20,-5.23,0.73,,
2019-10-21,-4.69,-0.41,,
2019-10-22,-3.48,-0.74,,
2019-10-23,-4.47,0.08,,
2019-10-24,-5.38,1.05,,
2019-10-25,-6.49,1.74,,
2019-10-26,-6.56,1.16,,
2019-10-27,-6.42,0.11,,
2019-10-28,-6.22,0.44,,
2019-10-29,-5.83,-0.41,,
2019-10-30,-4.68,-1.08,,
2019-10-31,-4.31,-1.23,,
2019-11-01,-3.86,-0.61,,
2019-11-02,-3.78,-0.87,,
2019-11-03,-4.25,0.37,,
2019-11-04,-5.61,0.29,,
2019-11-05,-6.65,-0.12,,
2019-11-06,-7.09,-0.37,,
2019-11-07,-7.07,0.87,,
2019-11-08,-7.19,0.38,,
2019-11-09,-6.33,0.44,,
2019-11-10,-5.60,0.49,,
2019-11-11,-5.62,-0.00,,
2019-11-12,-5.91,0.21,,
2019-11-13,-5.31,-0.19,,
2019-11-14,-4.02,-0.93,,
2019-11-15,-3.73,-0.93,,
2019-11-16,-2.83,-0.81,,
2019-11-17,-1.63,-1.23,,
2019-11-18,-1.97,-1.14,,
2019-11-19,-3.29,-0.06,,
2019-11-20,-3.49,-0.68,,
2019-11-21,-2.99,-0.97,,
2019-11-22,-2.64,-1.01,,
2019-11-23,-3.33,-0.89,,
2019-11-24,-4.16,-0.22,,
2019-11-25,-5.83,0.51,,
2019-11-26,-7.06,-0.12,,
2019-11-27,-7.59,-0.00,,
2019-11-28,-5.92,-0.73,,
2019-11-29,-3.74,-1.07,,
2019-11-30,-2.66,-0.42,,
2019-12-01,-5.23,0.18,,
2019-12-02,-6.57,1.28,,
2019-12-03,-6.54,1.51,,
2019-12-04,-7.35,1.16,,
2019-12-05,-6.76,0.59,,
2019-12-06,-6.35,-0.44,,
2019-12-07,-4.93,-1.14,,
2019-12-08,-4.38,-1.17,,
2019-12-09,-5.83,-0.82,,
2019-12-10,-7.41,-0.13,,
2019-12-11,-6.40,-1.60,,
2019-12-12,-4.06,-1.72,,
2019-12-13,-4.24,-0.60,,
2019-12-14,-5.29,0.84,,
2019-12-15,-6.74,0.71,,
2019-12-16,-6.84,-0.72,,
2019-12-17,-7.78,0.54,,
2019-12-18,-8.48,1.04,,
2019-12-19,-8.17,1.15,,
2019-12-20,-8.43,0.74,,
2019-12-21,-7.58,-0.53,,
2019-12-22,-7.28,0.13,,
2019-12-23,-8.17,0.29,,
2019-12-24,-7.54,1.60,,
2019-12-25,-7.00,1.49,,
2019-12-26,-4.95,1.33,,
2019-12-27,-5.86,-0.62,,
2019-12-28,-6.57,-0.81,,
2019-12-29,-6.52,0.23,,
2019-12-30,-6.54,-0.00,,
2019-12-31,-5.83,0.41,,
2020-01-01,-6.02,0.32,,
2020-01-02,-5.46,0.10,,
2020-01-03,-5.62,-0.20,,
2020-01-04,-5.31,-0.28,,
2020-01-05,-2.45,-1.78,,
2020-01-06,-2.01,-2.40,,
2020-01-07,-3.90,-0.62,,
2020-01-08,-6.48,0.11,,
2020-01-09,-6.86,-1.21,,
2020-01-10,-9.21,-0.48,,
2020-01-11,-9.75,-0.51,,
2020-01-12,-8.03,-0.42,,
2020-01-13,-8.78,-0.61,,
2020-01-14,-7.08,-1.25,,
2020-01-15,-7.75,-0.00,,
2020-01-16,-7.92,-0.42,,
2020-01-17,-7.50,-0.92,,
2020-01-18,-8.00,-1.27,,
2020-01-19,-8.03,-0.14,,
2020-01-20,-7.87,0.55,,
2020-01-21,-6.91,0.48,,
2020-01-22,-4.94,1.42,,
2020-01-23,-3.41,0.66,,
2020-01-24,-3.02,-0.26,,
2020-01-25,-2.80,-1.24,,
2020-01-26,-2.42,-0.60,,
2020-01-27,-3.76,0.33,,
2020-01-28,-3.76,-0.00,,
2020-01-29,-4.22,-0.44,,
2020-01-30,-5.14,0.45,,
2020-01-31,-6.65,-0.12,,
2020-02-01,-8.10,-0.28,,
2020-02-02,-6.74,-0.47,,
2020-02-03,-7.12,-0.50,,
2020-02-04,-6.91,-0.24,,
2020-02-05,-7.03,0.12,,
2020-02-06,-8.76,0.77,,
2020-02-07,-8.32,0.58,,
2020-02-08,-7.20,-0.63,,
2020-02-09,-6.06,-0.64,,
2020-02-10,-7.69,-0.00,,
2020-02-11,-8.74,-0.46,,
2020-02-12,-8.08,-0.85,,
2020-02-13,-7.85,-0.27,,
2020-02-14,-7.95,-0.42,,
2020-02-15,-7.18,-0.00,,
2020-02-16,-7.11,-0.00,,
2020-02-17,-7.60,-0.40,,
2020-02-18,-8.22,-0.86,,
2020-02-19,-7.96,-1.40,,
2020-02-20,-7.30,-0.90,,
2020-02-21,-6.54,0.23,,
2020-02-22,-5.02,0.44,,
2020-02-23,-4.49,-0.24,,
2020-02-24,-4.50,-1.46,,
2020-02-25,-5.92,-1.04,,
2020-02-26,-5.89,0.31,,
2020-02-27,-5.45,-0.67,,
2020-02-28,-5.72,-0.91,,
2020-02-29,-5.31,-0.56,,
2020-03-01,-6.23,-0.00,,
2020-03-02,-6.85,-0.12,,
2020-03-03,-7.13,0.12,,
2020-03-04,-7.79,-0.00,,
2020-03-05,-8.28,-0.00,,
2020-03-06,-8.49,0.30,,
2020-03-07,-6.81,0.36,,
2020-03-08,-5.76,-1.44,,
2020-03-09,-7.18,-0.38,,
2020-03-10,-7.32,-0.26,,
2020-03-11,-6.04,-0.32,,
2020-03-12,-5.92,0.73,,
2020-03-13,-5.81,-0.71,,
2020-03-14,-4.47,-1.45,,
2020-03-15,-3.80,-2.20,,
2020-03-16,-4.54,-2.21,,
2020-03-17,-4.35,-2.72,,
2020-03-18,-4.76,-1.19,,
2020-03-19,-6.32,-1.23,,
2020-03-20,-5.91,-1.92,,
2020-03-21,-5.06,-2.36,,
2020-03-22,-5.27,-1.41,,
2020-03-23,-6.62,-0.46,,
2020-03-24,-6.72,-0.94,,
2020-03-25,-6.35,-0.22,,
2020-03-26,-6.43,0.11,,
2020-03-27,-5.78,-0.40,,
2020-03-28,-5.93,-1.37,,
2020-03-29,-7.17,-1.39,,
2020-03-30,-7.36,-1.30,,
2020-03-31,-6.87,-0.24,,
2020-04-01,-6.70,0.35,,
2020-04-02,-5.59,0.10,,
2020-04-03,-5.46,-0.48,,
2020-04-04,-6.20,-0.65,,
2020-04-05,-6.75,-0.59,,
2020-04-06,-7.44,-0.39,,
2020-04-07,-7.21,-0.88,,
2020-04-08,-6.90,-0.12,,
2020-04-09,-6.78,-0.24,,
2020-04-10,-6.91,-0.36,,
2020-04-11,-6.97,0.12,,
2020-04-12,-7.91,-0.14,,
2020-04-13,-7.24,-0.38,,
2020-04-14,-6.06,-0.32,,
2020-04-15,-5.65,-0.00,,
2020-04-16,-6.16,-0.43,,
2020-04-17,-6.56,-0.34,,
2020-04-18,-7.19,0.38,,
2020-04-19,-6.69,0.23,,
2020-04-20,-7.63,0.53,,
2020-04-21,-7.18,-0.00,,
2020-04-22,-6.62,0.58,,
2020-04-23,-7.36,-0.13,,
2020-04-24,-7.11,-1.00,,
2020-04-25,-7.52,-0.00,,
2020-04-26,-7.71,0.13,,
2020-04-27,-7.53,-0.26,,
2020-04-28,-6.98,0.12,,
2020-04-29,-6.74,-0.24,,
2020-04-30,-7.30,0.64,,
2020-05-01,-7.83,0.14,,
2020-05-02,-8.10,0.14,,
2020-05-03,-7.54,-0.26,,
2020-05-04,-7.78,0.54,,
2020-05-05,-7.84,0.27,,
2020-05-06,-8.22,0.29,,
2020-05-07,-8.93,1.10,,
2020-05-08,-8.97,1.10,,
2020-05-09,-9.36,1.32,,
2020-05-10,-9.25,0.32,,
2020-05-11,-8.80,0.93,,
2020-05-12,-8.04,0.70,,
2020-05-13,-7.94,0.14,,
2020-05-14,-7.84,0.69,,
2020-05-15,-8.03,0.84,,
2020-05-16,-8.61,0.75,,
2020-05-17,-9.16,0.96,,
2020-05-18,-8.82,1.40,,
2020-05-19,-8.17,0.57,,
2020-05-20,-6.58,0.34,,
2020-05-21,-7.31,0.38,,
2020-05-22,-7.98,0.98,,
2020-05-23,-7.45,0.52,,
2020-05-24,-8.13,1.29,,
2020-05-25,-8.65,0.60,,
2020-05-26,-7.80,0.55,,
2020-05-27,-7.25,1.28,,
2020-05-28,-7.14,1.13,,
2020-05-29,-7.17,1.14,,
2020-05-30,-7.28,0.77,,
2020-05-31,-6.26,0.11,,
2020-06-01,-6.05,1.07,,
2020-06-02,-6.59,0.35,,
2020-06-03,-6.62,0.70,,
2020-06-04,-7.68,0.67,,
2020-06-05,-8.31,0.29,,
2020-06-06,-7.20,0.38,,
2020-06-07,-6.36,0.89,,
2020-06-08,-6.16,0.43,,
2020-06-09,-7.06,0.25,,
2020-06-10,-6.01,0.10,,
2020-06-11,-4.31,0.76,,
2020-06-12,-5.13,0.54,,
2020-06-13,-6.28,0.88,,
2020-06-14,-8.00,0.70,,
2020-06-15,-8.07,1.13,,
2020-06-16,-7.55,0.79,,
2020-06-17,-6.79,0.48,,
2020-06-18,-7.10,0.12,,
2020-06-19,-6.81,0.60,,
2020-06-20,-7.46,0.13,,
2020-06-21,-7.34,0.26,,
2020-06-22,-8.01,-0.14,,
2020-06-23,-7.18,-0.25,,
2020-06-24,-5.59,-0.10,,
2020-06-25,-7.41,0.13,,
2020-06-26,-7.44,-0.39,,
2020-06-27,-7.07,-0.25,,
2020-06-28,-7.10,-0.25,,
2020-06-29,-6.02,0.32,,
2020-06-30,-6.34,0.44,,
2020-07-01,-6.60,-0.35,,
2020-07-02,-7.53,0.79,,
2020-07-03,-7.83,0.27,,
2020-07-04,-7.28,0.25,,
2020-07-05,-5.84,-0.10,,
2020-07-06,-6.02,-0.42,,
2020-07-07,-5.58,0.29,,
2020-07-08,-6.86,1.21,,
2020-07-09,-7.52,0.53,,
2020-07-10,-7.68,-0.13,,
2020-07-11,-7.32,-0.38,,
2020-07-12,-5.60,-0.20,,
2020-07-13,-6.48,0.45,,
2020-07-14,-6.51,0.34,,
2020-07-15,-5.44,0.09,,
2020-07-16,-6.09,0.75,,
2020-07-17,-7.45,1.18,,
2020-07-18,-7.29,0.64,,
2020-07-19,-7.07,0.87,,
2020-07-20,-7.66,1.08,,
2020-07-21,-6.82,1.20,,
2020-07-22,-7.20,0.63,,
2020-07-23,-6.58,-0.46,,
2020-07-24,-6.21,0.98,,
2020-07-25,-6.02,-0.11,,
2020-07-26,-6.24,0.33,,
2020-07-27,-6.04,0.11,,
2020-07-28,-4.50,-0.87,,
2020-07-29,-3.05,-2.22,,
2020-07-30,-3.93,2.55,,
2020-07-31,-7.14,3.64,,
2020-08-01,-7.55,1.33,,
2020-08-02,-7.01,0.37,,
2020-08-03,-7.33,1.43,,
2020-08-04,-6.77,1.81,,
2020-08-05,-7.99,0.56,,
2020-08-06,-7.42,1.31,,
2020-08-07,-6.96,0.61,,
2020-08-08,-7.92,0.83,,
2020-08-09,-7.57,1.34,,
2020-08-10,-6.29,0.44,,
2020-08-11,-6.57,-0.11,,
2020-08-12,-6.55,-0.11,,
2020-08-13,-7.67,0.54,,
2020-08-14,-6.22,-0.33,,
2020-08-15,-5.59,-0.00,,
2020-08-16,-5.38,-0.00,,
2020-08-17,-4.68,-0.74,,
2020-08-18,-3.00,-1.40,,
2020-08-19,-5.07,1.85,,
2020-08-20,-5.98,0.42,,
2020-08-21,-3.92,-0.76,,
2020-08-22,-3.23,0.57,,
2020-08-23,-5.02,1.93,,
2020-08-24,-6.07,0.96,,
2020-08-25,-6.17,0.87,,
2020-08-26,-6.42,0.90,,
2020-08-27,-6.16,-0.43,,
2020-08-28,-5.50,-0.38,,
2020-08-29,-4.99,-1.91,,
2020-08-30,-2.96,-2.15,,
2020-08-31,-2.29,-0.00,,
2020-09-01,-4.89,0.26,,
2020-09-02,-5.04,0.35,,
2020-09-03,-3.65,1.62,,
2020-09-04,-6.51,1.15,,
2020-09-05,-5.64,0.20,,
2020-09-06,-6.20,0.54,,
2020-09-07,-5.37,0.56,,
2020-09-08,-4.43,0.23,,
2020-09-09,-4.12,0.73,,
2020-09-10,-5.11,0.09,,
2020-09-11,-5.30,0.09,,
2020-09-12,-4.58,0.24,,
2020-09-13,-5.37,0.85,,
2020-09-14,-6.45,1.25,,
2020-09-15,-6.06,0.21,,
2020-09-16,-5.27,-0.00,,
2020-09-17,-4.40,-0.39,,
2020-09-18,-2.12,-1.72,,
2020-09-19,-1.56,-1.80,,
2020-09-20,-3.69,0.26,,
2020-09-21,-4.95,0.78,,
2020-09-22,-5.73,1.32,,
2020-09-23,-6.52,1.50,,
2020-09-24,-6.26,1.44,,
2020-09-25,-6.10,0.53,,
2020-09-26,-5.25,-0.18,,
2020-09-27,-3.83,-1.25,,
2020-09-28,-4.02,-0.42,,
2020-09-29,-6.77,1.94,,
2020-09-30,-7.63,1.07,,
2020-10-01,-5.61,0.59,,
2020-10-02,-5.48,1.57,,
2020-10-03,-7.11,1.51,,
2020-10-04,-6.67,1.66,,
2020-10-05,-5.39,0.85,,
2020-10-06,-3.71,1.42,,
2020-10-07,-4.61,1.50,,
2020-10-08,-6.16,1.42,,
2020-10-09,-5.83,1.35,,
2020-10-10,-4.45,-0.47,,
2020-10-11,-5.96,0.63,,
2020-10-12,-5.94,0.62,,
2020-10-13,-4.56,1.14,,
2020-10-14,-5.46,0.77,,
2020-10-15,-5.26,0.37,,
2020-10-16,-5.72,0.50,,
2020-10-17,-7.24,1.15,,
2020-10-18,-6.61,1.53,,
2020-10-19,-6.17,0.43,,
2020-10-20,-4.47,0.79,,
2020-10-21,-4.27,0.60,,
2020-10-22,-6.66,1.54,,
2020-10-23,-7.30,1.29,,
2020-10-24,-7.32,1.69,,
2020-10-25,-7.23,1.02,,
2020-10-26,-6.63,-0.46,,
2020-10-27,-4.70,-0.91,,
2020-10-28,-5.20,-0.82,,
2020-10-29,-3.90,-1.19,,
2020-10-30,-3.71,-0.46,,
2020-10-31,-4.20,1.28,,
2020-11-01,-4.82,0.85,,
2020-11-02,-3.13,1.40,,
2020-11-03,-5.45,1.26,,
2020-11-04,-7.14,0.25,,
2020-11-05,-6.57,0.81,,
2020-11-06,-5.04,0.80,,
2020-11-07,-3.57,0.96,,
2020-11-08,-3.04,1.42,,
2020-11-09,-1.93,-0.07,,
2020-11-10,-1.27,-0.99,,
2020-11-11,-2.69,0.52,,
2020-11-12,-1.70,1.65,,
2020-11-13,-4.86,1.12,,
2020-11-14,-5.05,0.44,,
2020-11-15,-4.20,-0.44,,
2020-11-16,-4.29,-0.91,,
2020-11-17,-4.50,0.55,,
2020-11-18,-3.87,1.49,,
2020-11-19,-4.61,-0.08,,
2020-11-20,-6.30,0.22,,
2020-11-21,-6.19,0.22,,
2020-11-22,-6.09,1.18,,
2020-11-23,-6.38,1.36,,
2020-11-24,-6.10,-0.11,,
2020-11-25,-5.76,-1.12,,
2020-11-26,-5.27,-1.41,,
2020-11-27,-4.91,-0.87,,
2020-11-28,-5.28,-0.84,,
2020-11-29,-5.35,-0.47,,
2020-11-30,-6.16,0.43,,
2020-12-01,-6.55,1.04,,
2020-12-02,-6.98,0.49,,
2020-12-03,-5.36,-1.44,,
2020-12-04,-5.55,-0.78,,
2020-12-05,-5.79,-0.61,,
2020-12-06,-5.61,0.59,,
2020-12-07,-6.35,1.01,,
2020-12-08,-6.25,1.44,,
2020-12-09,-5.91,0.10,,
2020-12-10,-5.44,-0.96,,
2020-12-11,-5.13,-0.45,,
2020-12-12,-6.24,0.55,,
2020-12-13,-6.18,0.22,,
2020-12-14,-5.89,-0.10,,
2020-12-15,-4.84,-0.34,,
2020-12-16,-5.62,-0.29,,
2020-12-17,-6.28,0.11,,
2020-12-18,-6.47,-0.45,,
2020-12-19,-5.63,-0.79,,
2020-12-20,-6.26,-0.44,,
2020-12-21,-6.45,-0.34,,
2020-12-22,-6.16,-0.87,,
2020-12-23,-6.50,-1.26,,
2020-12-24,-6.28,-0.77,,
2020-12-25,-4.73,-0.08,,
2020-12-26,-3.17,-0.67,,
2020-12-27,-4.16,-0.22,,
2020-12-28,-4.16,-0.73,,
2020-12-29,-3.25,-1.25,,
2020-12-30,-2.86,-2.00,,
2020-12-31,-4.65,-1.78,,
2021-01-01,-6.38,-0.45,,
2021-01-02,-7.96,-1.40,,
2021-01-03,-6.59,-1.89,,
2021-01-04,-4.66,-0.00,,
2021-01-05,-4.95,0.26,,
2021-01-06,-4.62,0.16,,
2021-01-07,-5.67,-0.10,,
2021-01-08,-6.26,-0.55,,
2021-01-09,-6.30,0.77,,
2021-01-10,-6.52,0.23,,
2021-01-11,-7.82,-0.14,,
2021-01-12,-7.03,-0.74,,
2021-01-13,-6.42,0.79,,
2021-01-14,-6.64,0.82,,
2021-01-15,-5.98,-0.10,,
2021-01-16,-5.12,0.18,,
2021-01-17,-5.91,-0.52,,
2021-01-18,-5.88,-0.21,,
2021-01-19,-7.08,-1.00,,
2021-01-20,-6.67,-0.35,,
2021-01-21,-5.50,-0.10,,
2021-01-22,-5.68,0.30,,
2021-01-23,-6.50,0.11,,
2021-01-24,-6.76,-0.12,,
2021-01-25,-6.49,-0.57,,
2021-01-26,-7.38,-0.39,,
2021-01-27,-8.05,-0.14,,
2021-01-28,-6.40,-0.90,,
2021-01-29,-4.84,-0.42,,
2021-01-30,-6.08,-0.11,,
2021-01-31,-8.00,-0.70,,
2021-02-01,-8.25,0.29,,
2021-02-02,-7.52,1.60,,
2021-02-03,-6.91,0.48,,
2021-02-04,-7.79,0.82,,
2021-02-05,-8.24,0.14,,
2021-02-06,-7.06,-0.12,,
2021-02-07,-7.83,0.82,,
2021-02-08,-7.51,-0.00,,
2021-02-09,-7.12,-0.25,,
2021-02-10,-6.44,0.22,,
2021-02-11,-6.77,-0.24,,
2021-02-12,-7.54,-0.00,,
2021-02-13,-8.22,0.72,,
2021-02-14,-7.73,0.13,,
2021-02-15,-7.61,0.13,,
2021-02-16,-7.50,-0.26,,
2021-02-17,-7.57,-0.53,,
2021-02-18,-7.42,-0.13,,
2021-02-19,-7.00,0.37,,
2021-02-20,-6.62,-0.12,,
2021-02-21,-5.57,-0.78,,
2021-02-22,-5.45,-0.77,,
2021-02-23,-7.51,0.39,,
2021-02-24,-7.95,-0.70,,
2021-02-25,-8.29,-1.31,,
2021-02-26,-8.17,-1.29,,
2021-02-27,-7.57,-1.47,,
2021-02-28,-7.76,-1.37,,
2021-03-01,-7.04,-1.12,,
2021-03-02,-5.29,-0.37,,
2021-03-03,-5.94,-0.10,,
2021-03-04,-6.08,0.32,,
2021-03-05,-5.22,-0.18,,
2021-03-06,-7.38,0.78,,
2021-03-07,-7.78,0.27,,
2021-03-08,-7.05,-1.50,,
2021-03-09,-6.72,-1.18,,
2021-03-10,-5.70,-0.70,,
2021-03-11,-5.52,-0.78,,
2021-03-12,-4.80,-0.67,,
2021-03-13,-4.55,-1.30,,
2021-03-14,-4.97,-1.81,,
2021-03-15,-5.87,-1.80,,
2021-03-16,-6.21,-2.26,,
2021-03-17,-7.25,-1.67,,
2021-03-18,-6.95,-1.10,,
2021-03-19,-5.98,-1.16,,
2021-03-20,-6.25,-0.88,,
2021-03-21,-6.53,0.34,,
2021-03-22,-7.07,0.12,,
2021-03-23,-6.21,-0.43,,
2021-03-24,-6.80,-0.24,,
2021-03-25,-7.34,-0.64,,
2021-03-26,-7.41,-1.04,,
2021-03-27,-7.18,-1.39,,
2021-03-28,-7.69,-1.08,,
2021-03-29,-8.08,-0.99,,
2021-03-30,-8.78,-0.92,,
2021-03-31,-8.21,-0.72,,
2021-04-01,-7.82,-0.27,,
2021-04-02,-8.29,0.43,,
2021-04-03,-7.82,0.41,,
2021-04-04,-7.22,-0.51,,
2021-04-05,-6.57,-0.46,,
2021-04-06,-6.66,-0.47,,
2021-04-07,-6.08,-0.96,,
2021-04-08,-6.19,-0.22,,
2021-04-09,-6.29,-0.33,,
2021-04-10,-6.24,-0.44,,
2021-04-11,-6.51,-0.91,,
2021-04-12,-6.94,0.61,,
2021-04-13,-7.12,0.62,,
2021-04-14,-5.71,-0.40,,
2021-04-15,-6.54,-0.46,,
2021-04-16,-7.29,0.25,,
2021-04-17,-8.11,0.85,,
2021-04-18,-8.32,0.87,,
2021-04-19,-8.70,0.76,,
2021-04-20,-8.44,0.15,,
2021-04-21,-7.63,0.13,,
2021-04-22,-7.20,0.25,,
2021-04-23,-7.61,-0.40,,
2021-04-24,-7.69,-0.00,,
2021-04-25,-7.26,-0.00,,
2021-04-26,-6.52,-0.00,,
2021-04-27,-5.64,-0.49,,
2021-04-28,-5.38,-0.85,,
2021-04-29,-4.00,1.22,,
2021-04-30,-4.19,0.22,,
2021-05-01,-5.11,0.72,,
2021-05-02,-5.40,0.19,,
2021-05-03,-5.21,-0.83,,
2021-05-04,-4.93,-0.87,,
2021-05-05,-5.79,-0.10,,
2021-05-06,-6.50,-0.34,,
2021-05-07,-6.64,-0.35,,
2021-05-08,-7.12,-0.00,,
2021-05-09,-7.91,-0.14,,
2021-05-10,-7.97,0.42,,
2021-05-11,-8.20,0.14,,
2021-05-12,-8.45,-0.44,,
2021-05-13,-7.34,-0.00,,
2021-05-14,-6.88,0.12,,
2021-05-15,-7.46,0.52,,
2021-05-16,-7.73,0.68,,
2021-05-17,-7.71,0.67,,
2021-05-18,-7.71,1.36,,
2021-05-19,-7.69,1.63,,
2021-05-20,-8.61,0.91,,
2021-05-21,-9.25,0.65,,
2021-05-22,-8.74,-0.15,,
2021-05-23,-7.70,-0.54,,
2021-05-24,-8.34,-0.00,,
2021-05-25,-7.99,-0.28,,
2021-05-26,-6.63,-0.12,,
2021-05-27,-6.61,-0.12,,
2021-05-28,-6.40,0.11,,
2021-05-29,-6.68,0.58,,
2021-05-30,-6.37,-0.22,,
2021-05-31,-7.66,-0.00,,
2021-06-01,-7.80,0.82,,
2021-06-02,-6.29,0.33,,
2021-06-03,-6.69,0.23,,
2021-06-04,-7.51,0.26,,
2021-06-05,-8.41,1.18,,
2021-06-06,-7.62,1.34,,
2021-06-07,-6.79,-0.12,,
2021-06-08,-6.67,-0.00,,
2021-06-09,-6.44,-0.22,,
2021-06-10,-5.56,0.39,,
2021-06-11,-7.02,1.88,,
2021-06-12,-7.37,0.91,,
2021-06-13,-7.46,0.39,,
2021-06-14,-6.72,-0.00,,
2021-06-15,-6.88,-0.24,,
2021-06-16,-6.33,-0.22,,
2021-06-17,-6.08,0.42,,
2021-06-18,-8.00,2.00,,
2021-06-19,-7.59,0.53,,
2021-06-20,-7.29,0.38,,
2021-06-21,-6.95,0.24,,
2021-06-22,-6.18,0.11,,
2021-06-23,-5.92,-0.31,,
2021-06-24,-5.11,0.45,,
2021-06-25,-5.03,0.62,,
2021-06-26,-5.48,0.38,,
2021-06-27,-6.56,1.51,,
2021-06-28,-7.41,0.78,,
2021-06-29,-7.93,0.97,,
2021-06-30,-6.91,-0.00,,
2021-07-01,-5.37,0.75,,
2021-07-02,-7.05,0.87,,
2021-07-03,-5.05,5.23,,
2021-07-04,-6.89,2.37,,
2021-07-05,-7.28,0.89,,
2021-07-06,-7.56,0.53,,
2021-07-07,-7.55,0.40,,
2021-07-08,-7.89,-0.00,,
2021-07-09,-8.26,-0.14,,
2021-07-10,-7.60,0.27,,
2021-07-11,-6.32,-0.33,,
2021-07-12,-7.25,0.89,,
2021-07-13,-7.37,-0.00,,
2021-07-14,-6.32,0.11,,
2021-07-15,-6.57,0.23,,
2021-07-16,-7.24,0.38,,
2021-07-17,-7.42,0.13,,
2021-07-18,-6.66,0.35,,
2021-07-19,-7.10,1.00,,
2021-07-20,-7.82,1.10,,
2021-07-21,-8.20,-0.14,,
2021-07-22,-7.65,0.27,,
2021-07-23,-7.21,0.76,,
2021-07-24,-5.80,0.82,,
2021-07-25,-5.42,0.96,,
2021-07-26,-5.13,1.28,,
2021-07-27,-5.24,-0.37,,
2021-07-28,-4.98,0.35,,
2021-07-29,-7.48,1.73,,
2021-07-30,-8.20,1.45,,
2021-07-31,-6.69,0.82,,
2021-08-01,-8.04,2.30,,
2021-08-02,-7.18,1.53,,
2021-08-03,-7.39,1.57,,
2021-08-04,-6.85,1.71,,
2021-08-05,-7.53,1.46,,
2021-08-06,-7.09,1.00,,
2021-08-07,-6.27,0.11,,
2021-08-08,-4.55,-1.13,,
2021-08-09,-5.60,0.49,,
2021-08-10,-6.44,-0.11,,
2021-08-11,-6.31,1.11,,
2021-08-12,-6.46,0.91,,
2021-08-13,-5.60,-0.29,,
2021-08-14,-3.80,-0.53,,
2021-08-15,-3.90,0.69,,
2021-08-16,-5.88,1.25,,
2021-08-17,-8.01,0.84,,
2021-08-18,-7.62,0.40,,
2021-08-19,-6.07,-0.42,,
2021-08-20,-4.25,0.30,,
2021-08-21,-6.11,0.43,,
2021-08-22,-5.85,-0.61,,
2021-08-23,-6.18,-1.20,,
2021-08-24,-6.41,0.11,,
2021-08-25,-6.57,1.52,,
2021-08-26,-6.80,1.08,,
2021-08-27,-6.14,-0.32,,
2021-08-28,-6.07,-0.11,,
2021-08-29,-6.54,-0.11,,
2021-08-30,-5.77,1.02,,
2021-08-31,-4.81,0.59,,
2021-09-01,-5.00,0.53,,
2021-09-02,-6.07,0.64,,
2021-09-03,-6.00,0.10,,
2021-09-04,-6.56,-0.23,,
2021-09-05,-6.39,0.78,,
2021-09-06,-5.74,-0.00,,
2021-09-07,-5.49,0.77,,
2021-09-08,-5.51,1.58,,
2021-09-09,-6.61,0.81,,
2021-09-10,-7.54,0.66,,
2021-09-11,-6.53,-0.11,,
2021-09-12,-5.76,0.61,,
2021-09-13,-5.45,0.77,,
2021-09-14,-4.08,0.43,,
2021-09-15,-5.39,1.15,,
2021-09-16,-6.65,1.29,,
2021-09-17,-6.98,0.98,,
2021-09-18,-6.18,0.76,,
2021-09-19,-4.95,0.17,,
2021-09-20,-4.82,-0.00,,
2021-09-21,-5.16,0.63,,
2021-09-22,-5.49,0.48,,
2021-09-23,-5.97,1.27,,
2021-09-24,-6.07,1.29,,
2021-09-25,-6.26,1.10,,
2021-09-26,-6.30,0.66,,
2021-09-27,-5.90,0.52,,
2021-09-28,-5.54,0.78,,
2021-09-29,-4.89,0.34,,
2021-09-30,-3.80,-0.47,,
2021-10-01,-4.23,0.37,,
2021-10-02,-6.10,0.75,,
2021-10-03,-7.57,0.53,,
2021-10-04,-8.86,1.25,,
2021-10-05,-8.49,0.89,,
2021-10-06,-7.61,0.40,,
2021-10-07,-6.21,0.11,,
2021-10-08,-5.25,0.18,,
2021-10-09,-5.39,-0.57,,
2021-10-10,-3.87,-0.41,,
2021-10-11,-4.62,0.40,,
2021-10-12,-5.61,1.61,,
2021-10-13,-5.39,0.66,,
2021-10-14,-4.41,1.69,,
2021-10-15,-4.73,-0.33,,
2021-10-16,-4.90,0.34,,
2021-10-17,-3.81,-0.07,,
2021-10-18,-4.57,1.49,,
2021-10-19,-5.31,0.19,,
2021-10-20,-5.35,-0.19,,
2021-10-21,-5.98,0.31,,
2021-10-22,-7.38,1.17,,
2021-10-23,-7.46,0.52,,
2021-10-24,-7.10,0.37,,
2021-10-25,-6.63,-0.58,,
2021-10-26,-7.33,0.64,,
2021-10-27,-7.02,2.15,,
2021-10-28,-6.48,2.49,,
2021-10-29,-6.93,1.73,,
2021-10-30,-5.65,1.62,,
2021-10-31,-4.34,0.92,,
2021-11-01,-4.65,-0.00,,
2021-11-02,-3.92,-0.62,,
2021-11-03,-4.88,0.34,,
2021-11-04,-5.33,0.19,,
2021-11-05,-6.12,0.64,,
2021-11-06,-6.45,1.02,,
2021-11-07,-6.49,0.80,,
2021-11-08,-6.20,0.43,,
2021-11-09,-5.20,-0.55,,
2021-11-10,-5.00,-0.61,,
2021-11-11,-5.56,0.49,,
2021-11-12,-6.45,-0.11,,
2021-11-13,-6.02,-0.11,,
2021-11-14,-5.97,-0.10,,
2021-11-15,-6.77,0.35,,
2021-11-16,-6.22,-1.10,,
2021-11-17,-4.74,-1.09,,
2021-11-18,-4.92,-0.52,,
2021-11-19,-5.13,-0.18,,
2021-11-20,-5.21,-1.01,,
2021-11-21,-5.02,-0.26,,
2021-11-22,-5.02,0.53,,
2021-11-23,-5.19,0.82,,
2021-11-24,-4.91,-0.17,,
2021-11-25,-3.93,-0.48,,
2021-11-26,-3.80,-0.33,,
2021-11-27,-4.30,-0.38,,
2021-11-28,-4.91,-0.43,,
2021-11-29,-6.15,0.21,,
2021-11-30,-6.51,0.34,,
2021-12-01,-5.13,-1.28,,
2021-12-02,-6.42,0.45,,
2021-12-03,-6.10,-0.64,,
2021-12-04,-6.02,-0.32,,
2021-12-05,-6.99,0.12,,
2021-12-06,-7.61,-0.00,,
2021-12-07,-7.50,-0.79,,
2021-12-08,-6.84,-0.24,,
2021-12-09,-6.26,-0.99,,
2021-12-10,-6.27,-0.99,,
2021-12-11,-5.01,-0.88,,
2021-12-12,-4.53,-0.40,,
2021-12-13,-4.75,-1.01,,
2021-12-14,-5.49,-0.87,,
2021-12-15,-5.40,-0.86,,
2021-12-16,-7.42,-0.65,,
2021-12-17,-7.84,-0.14,,
2021-12-18,-7.59,-0.80,,
2021-12-19,-7.33,-0.26,,
2021-12-20,-6.03,0.53,,
2021-12-21,-6.31,0.44,,
2021-12-22,-5.58,1.19,,
2021-12-23,-5.75,0.71,,
2021-12-24,-4.83,0.51,,
2021-12-25,-5.13,-0.81,,
2021-12-26,-5.01,-0.09,,
2021-12-27,-5.52,-0.87,,
2021-12-28,-5.59,0.29,,
2021-12-29,-7.25,-0.00,,
2021-12-30,-6.49,-0.34,,
2021-12-31,-6.27,0.22,,
2022-01-01,-7.29,0.25,-1.008,0.492
2022-01-02,-8.42,-0.15,-1.098,0.478
2022-01-03,-6.95,-0.49,-0.992,0.332
2022-01-04,-5.96,-0.84,-0.984,0.318
2022-01-05,-5.86,-0.10,-0.890,0.314
2022-01-06,-5.98,0.63,-0.796,0.273
2022-01-07,-6.64,0.35,-0.917,0.300
2022-01-08,-6.45,-0.68,-0.844,0.205
2022-01-09,-6.34,-1.12,-0.880,0.295
2022-01-10,-5.58,0.10,-0.809,0.305
2022-01-11,-5.32,-1.03,-0.718,0.189
2022-01-12,-5.41,-0.00,-0.661,0.236
2022-01-13,-4.41,0.15,-0.609,0.321
2022-01-14,-3.67,0.58,-0.578,0.229
2022-01-15,-4.91,-0.34,-0.600,0.107
2022-01-16,-6.44,-0.79,-0.727,0.077
2022-01-17,-6.51,0.46,-0.598,0.049
2022-01-18,-5.48,-0.38,-0.379,-0.056
2022-01-19,-7.22,-0.25,-0.447,0.057
2022-01-20,-8.31,0.44,-0.559,0.245
2022-01-21,-7.60,-0.40,-0.603,0.158
2022-01-22,-7.54,-0.79,-0.651,0.187
2022-01-23,-6.42,0.68,-0.711,0.384
2022-01-24,-6.28,0.44,-0.708,0.265
2022-01-25,-6.41,-0.22,-0.612,0.150
2022-01-26,-5.74,0.10,-0.530,0.086
2022-01-27,-5.92,-1.04,-0.542,0.234
2022-01-28,-4.91,-1.41,-0.725,0.416
2022-01-29,-3.87,-0.41,-0.677,0.234
2022-01-30,-3.87,-0.48,-0.690,0.104
2022-01-31,-4.42,0.08,-0.626,0.101
2022-02-01,-5.58,0.10,-0.590,0.085
2022-02-02,-6.80,-0.24,-0.698,0.132
2022-02-03,-6.67,-0.23,-0.572,0.064
2022-02-04,-6.01,-0.74,-0.563,0.087
2022-02-05,-4.23,-1.71,-0.490,0.044
2022-02-06,-4.99,-0.61,-0.502,0.066
2022-02-07,-5.86,-0.93,-0.546,0.047
2022-02-08,-6.72,-0.35,-0.601,0.024
2022-02-09,-6.58,-0.00,-0.590,0.024
2022-02-10,-5.94,-0.62,-0.473,-0.079
2022-02-11,-7.10,-0.25,-0.453,-0.135
2022-02-12,-8.22,-0.86,-0.507,-0.050
2022-02-13,-7.66,0.13,-0.496,0.045
2022-02-14,-6.73,-0.71,-0.472,0.057
2022-02-15,-6.02,-1.17,-0.485,0.165
2022-02-16,-6.92,-0.61,-0.554,0.299
2022-02-17,-8.64,-0.45,-0.548,0.364
2022-02-18,-6.51,-1.27,-0.472,0.332
2022-02-19,-6.42,-1.13,-0.531,0.288
2022-02-20,-5.99,-1.83,-0.596,0.312
2022-02-21,-5.68,-1.10,-0.568,0.189
2022-02-22,-6.12,-1.41,-0.606,0.141
2022-02-23,-5.78,-1.88,-0.492,0.088
2022-02-24,-5.23,-2.22,-0.370,0.063
2022-02-25,-5.77,-1.65,-0.362,0.065
2022-02-26,-6.04,-1.50,-0.402,0.049
2022-02-27,-5.96,-0.52,-0.559,0.001
2022-02-28,-6.08,-0.53,-0.518,0.042
2022-03-01,-6.55,0.23,-0.524,0.127
2022-03-02,-6.65,-0.35,-0.590,0.289
2022-03-03,-5.73,-1.43,-0.583,0.385
2022-03-04,-5.76,-0.91,-0.528,0.317
2022-03-05,-6.21,-0.87,-0.485,0.261
2022-03-06,-6.77,-1.32,-0.414,0.099
2022-03-07,-5.71,-1.64,-0.362,0.096
2022-03-08,-5.95,-1.26,-0.344,-0.003
2022-03-09,-5.89,-0.93,-0.468,0.039
2022-03-10,-5.89,-0.31,-0.430,-0.029
2022-03-11,-6.69,-0.70,-0.429,0.056
2022-03-12,-7.18,-0.63,-0.468,0.159
2022-03-13,-6.79,-0.48,-0.536,0.194
2022-03-14,-6.81,-0.96,-0.629,0.226
2022-03-15,-6.66,-1.05,-0.680,0.159
2022-03-16,-7.43,0.13,-0.767,0.112
2022-03-17,-8.22,-0.14,-0.864,0.220
2022-03-18,-8.25,-0.00,-0.907,0.330
2022-03-19,-8.31,-0.58,-0.881,0.257
2022-03-20,-7.79,-0.41,-0.952,0.311
2022-03-21,-7.65,-0.27,-1.036,0.228
2022-03-22,-7.40,-0.39,-1.054,0.378
2022-03-23,-8.18,0.29,-1.039,0.365
2022-03-24,-8.14,-0.28,-1.053,0.308
2022-03-25,-8.54,0.45,-0.942,0.231
2022-03-26,-8.04,0.99,-1.038,0.381
2022-03-27,-7.70,0.27,-1.237,0.438
2022-03-28,-7.18,-0.88,-1.028,0.460
2022-03-29,-7.23,-0.63,-0.979,0.354
2022-03-30,-7.24,-0.25,-1.024,0.428
2022-03-31,-7.20,0.13,-0.852,0.309
2022-04-01,-7.78,0.14,-0.805,0.247
2022-04-02,-8.01,-0.14,-0.747,0.145
2022-04-03,-7.54,0.26,-0.712,0.306
2022-04-04,-8.25,0.58,-0.768,0.352
2022-04-05,-7.19,0.25,-0.690,0.315
2022-04-06,-7.70,-0.00,-0.686,0.266
2022-04-07,-7.67,0.13,-0.656,0.247
2022-04-08,-7.79,0.54,-0.572,0.207
2022-04-09,-7.46,-0.13,-0.521,0.193
2022-04-10,-7.00,-0.12,-0.494,0.132
2022-04-11,-7.42,-0.78,-0.528,0.104
2022-04-12,-7.90,-0.69,-0.659,-0.021
2022-04-13,-7.74,-0.14,-0.631,0.086
2022-04-14,-8.52,0.15,-0.824,0.462
2022-04-15,-8.34,-0.29,-0.964,0.320
2022-04-16,-8.57,0.75,-0.930,0.248
2022-04-17,-8.27,1.61,-0.893,0.362
2022-04-18,-7.44,2.13,-0.834,0.364
2022-04-19,-7.08,0.62,-0.896,0.309
2022-04-20,-4.66,1.51,-0.896,0.451
2022-04-21,-5.11,0.99,-0.729,0.445
2022-04-22,-4.58,-0.40,-0.487,0.455
2022-04-23,-4.60,-0.56,-0.236,0.305
2022-04-24,-6.31,-0.78,-0.097,0.016
2022-04-25,-6.39,-0.56,-0.212,0.287
2022-04-26,-5.04,-1.07,-0.385,0.491
2022-04-27,-5.55,-2.59,-0.493,0.366
2022-04-28,-6.18,-1.89,-0.748,0.399
2022-04-29,-5.62,-0.39,-0.650,0.273
2022-04-30,-6.81,0.96,-0.685,0.188
2022-05-01,-7.79,1.94,-0.703,0.236
2022-05-02,-8.62,0.91,-0.632,0.196
2022-05-03,-8.64,0.76,-0.572,0.180
2022-05-04,-8.52,-0.15,-0.578,0.119
2022-05-05,-8.11,0.57,-0.643,0.218
2022-05-06,-7.22,0.38,-0.606,0.174
2022-05-07,-6.33,0.33,-0.492,0.153
2022-05-08,-6.86,0.72,-0.325,0.032
2022-05-09,-7.18,1.01,-0.171,-0.027
2022-05-10,-7.53,0.92,-0.143,0.047
2022-05-11,-6.71,0.94,-0.091,0.046
2022-05-12,-7.00,0.86,-0.109,0.075
2022-05-13,-8.36,0.58,-0.140,0.085
2022-05-14,-8.48,0.44,-0.114,0.036
2022-05-15,-8.12,0.43,-0.135,-0.016
2022-05-16,-8.43,1.03,-0.194,0.071
2022-05-17,-8.16,0.86,-0.184,0.057
2022-05-18,-7.73,0.54,-0.194,0.054
2022-05-19,-7.80,0.82,-0.114,0.023
2022-05-20,-8.13,0.57,-0.119,0.015
2022-05-21,-8.02,-0.42,-0.120,-0.008
2022-05-22,-8.21,-0.43,-0.160,0.015
2022-05-23,-8.23,0.29,-0.206,0.063
2022-05-24,-7.62,0.67,-0.237,0.040
2022-05-25,-7.69,1.22,-0.184,0.022
2022-05-26,-7.91,1.25,-0.200,0.012
2022-05-27,-7.19,1.66,-0.193,0.026
2022-05-28,-7.19,0.76,-0.195,0.046
2022-05-29,-7.25,0.13,-0.256,0.070
2022-05-30,-7.52,0.39,-0.332,0.070
2022-05-31,-6.68,0.35,-0.263,-0.000
2022-06-01,-6.20,0.43,-0.312,-0.047
2022-06-02,-6.53,0.69,-0.354,-0.000
2022-06-03,-6.70,1.06,-0.332,0.229
2022-06-04,-7.21,1.27,-0.420,0.160
2022-06-05,-7.52,1.87,-0.539,0.112
2022-06-06,-7.92,0.83,-0.429,-0.022
2022-06-07,-8.59,0.90,-0.454,0.117
2022-06-08,-7.33,0.77,-0.411,0.039
2022-06-09,-7.29,0.13,-0.502,0.078
2022-06-10,-7.04,-0.74,-0.461,0.029
2022-06-11,-7.05,-0.25,-0.458,0.063
2022-06-12,-8.35,1.17,-0.481,0.125
2022-06-13,-8.05,0.70,-0.450,0.143
2022-06-14,-7.04,0.25,-0.442,0.068
2022-06-15,-6.72,2.06,-0.511,0.124
2022-06-16,-6.97,0.61,-0.574,0.033
2022-06-17,-7.58,0.66,-0.673,0.132
2022-06-18,-8.32,1.17,-0.712,0.238
2022-06-19,-7.85,-0.00,-0.758,0.279
2022-06-20,-6.98,0.73,-0.703,0.250
2022-06-21,-7.21,0.88,-0.777,0.293
2022-06-22,-6.14,1.19,-0.769,0.329
2022-06-23,-7.26,0.64,-0.819,0.242
2022-06-24,-7.45,0.52,-0.726,0.244
2022-06-25,-6.73,0.23,-0.635,0.128
2022-06-26,-6.52,0.92,-0.660,0.192
2022-06-27,-5.95,0.10,-0.796,0.289
2022-06-28,-6.26,-0.33,-0.977,0.415
2022-06-29,-5.80,-1.89,-0.781,0.305
2022-06-30,-6.57,1.88,-0.723,0.286
2022-07-01,-7.73,-0.00,-0.746,0.283
2022-07-02,-4.81,-0.76,-0.669,0.175
2022-07-03,-8.54,1.66,-0.696,0.285
2022-07-04,-8.21,0.29,-0.671,0.293
2022-07-05,-6.68,0.12,-0.650,0.240
2022-07-06,-6.55,0.34,-0.758,0.239
2022-07-07,-8.36,1.17,-1.024,0.496
2022-07-08,-8.31,0.58,-1.139,0.376
2022-07-09,-7.66,0.54,-1.110,0.421
2022-07-10,-7.33,0.26,-0.959,0.200
2022-07-11,-7.19,0.50,-0.969,0.293
2022-07-12,-7.65,-0.00,-0.942,0.202
2022-07-13,-6.46,0.23,-0.953,0.282
2022-07-14,-5.64,-0.30,-1.221,0.402
2022-07-15,-5.40,-0.19,-1.023,0.335
2022-07-16,-6.15,-0.11,-1.094,0.482
2022-07-17,-7.28,0.13,-1.074,0.461
2022-07-18,-8.11,-0.14,-0.997,0.317
2022-07-19,-7.41,0.65,-1.034,0.340
2022-07-20,-6.97,0.73,-1.132,0.249
2022-07-21,-6.81,1.08,-1.016,0.258
2022-07-22,-7.31,0.38,-1.209,0.445
2022-07-23,-5.92,-0.94,-1.286,0.506
2022-07-24,-5.16,0.27,-0.981,0.367
2022-07-25,-6.61,0.70,-1.177,0.573
2022-07-26,-6.16,-0.00,-0.879,0.367
2022-07-27,-5.92,-0.00,-0.815,0.285
2022-07-28,-5.86,-0.51,-0.785,0.300
2022-07-29,-6.03,0.32,-0.694,0.313
2022-07-30,-5.73,-0.10,-0.612,0.285
2022-07-31,-8.01,-0.28,-0.804,0.203
2022-08-01,-7.23,-0.51,-0.844,0.301
2022-08-02,-5.93,-0.52,-0.974,0.283
2022-08-03,-6.06,0.11,-1.126,0.485
2022-08-04,-6.44,-0.00,-1.039,0.418
2022-08-05,-7.01,-0.12,-1.122,0.438
2022-08-06,-6.87,-0.12,-0.990,0.437
2022-08-07,-4.96,-0.61,-0.841,0.329
2022-08-08,-6.30,0.44,-0.818,0.276
2022-08-09,-6.48,-0.91,-0.626,0.170
2022-08-10,-5.70,0.40,-0.597,0.032
2022-08-11,-6.54,0.92,-0.604,0.138
2022-08-12,-6.55,0.69,-0.708,0.178
2022-08-13,-5.92,-0.31,-0.699,0.079
2022-08-14,-4.73,0.41,-0.585,0.102
2022-08-15,-4.99,1.34,-0.472,0.248
2022-08-16,-6.56,1.16,-0.483,0.264
2022-08-17,-5.41,-0.09,-0.402,0.182
2022-08-18,-5.26,-0.00,-0.516,0.171
2022-08-19,-6.00,-0.10,-0.583,0.190
2022-08-20,-6.84,0.84,-0.622,0.244
2022-08-21,-5.78,0.81,-0.610,0.398
2022-08-22,-6.25,0.88,-0.550,0.317
2022-08-23,-4.66,2.69,-0.391,0.324
2022-08-24,-5.94,1.37,-0.369,0.171
2022-08-25,-6.99,0.86,-0.571,0.275
2022-08-26,-5.37,0.38,-0.464,0.211
2022-08-27,-4.33,0.61,-0.324,0.117
2022-08-28,-6.41,1.36,-0.269,0.125
2022-08-29,-6.56,1.04,-0.147,-0.005
2022-08-30,-5.96,1.16,-0.058,-0.094
2022-08-31,-5.81,0.41,-0.079,-0.156
2022-09-01,-4.93,-0.78,-0.123,-0.189
2022-09-02,-4.12,-1.03,-0.153,-0.142
2022-09-03,-4.72,-0.08,-0.041,-0.239
2022-09-04,-4.70,2.00,0.066,-0.259
2022-09-05,-4.47,2.08,0.202,-0.314
2022-09-06,-4.16,1.19,0.042,-0.526
2022-09-07,-5.10,0.45,-0.093,-0.269
2022-09-08,-4.52,1.82,0.083,-0.171
2022-09-09,-4.99,1.24,-0.042,-0.166
2022-09-10,-6.86,0.96,-0.177,0.095
2022-09-11,-6.48,0.57,-0.103,-0.030
2022-09-12,-5.50,0.77,-0.114,-0.030
2022-09-13,-5.93,0.73,-0.082,-0.035
2022-09-14,-6.50,-0.00,-0.062,-0.062
2022-09-15,-5.72,-0.30,-0.051,-0.115
2022-09-16,-4.94,0.35,-0.078,-0.171
2022-09-17,-3.95,0.21,-0.170,-0.029
2022-09-18,1.88,-0.80,-0.228,-0.005
2022-09-19,3.71,1.28,-0.178,-0.160
2022-09-20,1.72,1.29,0.033,-0.257
2022-09-21,-0.72,-1.55,0.050,-0.050
2022-09-22,-0.42,-2.14,0.004,-0.116
2022-09-23,4.59,2.14,0.193,-0.235
2022-09-24,-4.62,1.68,-0.233,-0.090
2022-09-25,-5.30,1.13,-0.220,0.160
2022-09-26,-5.12,0.81,-0.143,-0.078
2022-09-27,-4.77,0.25,-0.270,0.119
2022-09-28,-3.53,-0.06,-0.087,0.018
2022-09-29,-1.83,0.13,-0.071,-0.141
2022-09-30,-1.02,1.85,0.024,0.015
2022-10-01,-3.73,2.07,-0.030,-0.066
2022-10-02,-3.84,1.63,-0.078,0.037
2022-10-03,-5.99,0.52,-0.150,0.026
2022-10-04,-5.59,-0.00,-0.078,-0.008
2022-10-05,-3.54,-1.58,-0.094,-0.080
2022-10-06,-4.53,-3.06,-0.127,-0.125
2022-10-07,-7.21,3.21,-0.356,0.333
2022-10-08,-7.11,1.13,-0.309,0.181
2022-10-09,-4.92,0.09,-0.291,0.073
2022-10-10,-5.65,1.30,-0.229,-0.013
2022-10-11,-6.00,0.21,-0.182,0.070
2022-10-12,-3.61,-0.51,-0.102,-0.133
2022-10-13,-5.42,1.05,-0.157,0.077
2022-10-14,-5.56,0.78,-0.156,0.029
2022-10-15,-5.91,-0.00,-0.166,0.016
2022-10-16,-5.47,0.38,-0.081,-0.045
2022-10-17,-4.13,0.58,-0.012,-0.063
2022-10-18,-4.76,0.84,-0.098,-0.106
2022-10-19,-5.45,0.10,-0.159,-0.004
2022-10-20,-5.12,-0.09,-0.144,-0.061
2022-10-21,-4.47,-0.39,-0.106,-0.003
2022-10-22,-4.42,-0.94,-0.097,-0.147
2022-10-23,-4.91,0.26,-0.147,0.035
2022-10-24,-5.06,0.89,-0.114,-0.071
2022-10-25,-3.88,0.68,-0.091,-0.017
2022-10-26,-2.44,-1.41,-0.019,-0.142
2022-10-27,-1.08,-1.54,0.011,-0.040
2022-10-28,0.55,-1.93,0.053,-0.073
2022-10-29,3.09,0.11,0.129,-0.083
2022-10-30,-1.41,1.62,0.012,-0.150
2022-10-31,-4.36,0.61,-0.088,-0.016
2022-11-01,-5.73,0.30,0.015,-0.054
2022-11-02,-5.16,-0.45,-0.034,-0.024
2022-11-03,-4.34,0.69,-0.011,0.070
2022-11-04,-0.25,4.73,0.085,0.230
2022-11-05,3.39,2.74,0.143,0.116
2022-11-06,1.61,-0.46,0.051,0.160
2022-11-07,0.22,1.38,-0.024,0.160
2022-11-08,-1.51,0.46,0.089,-0.087
2022-11-09,1.41,-0.72,0.155,-0.158
2022-11-10,-2.48,-0.62,0.036,-0.181
2022-11-11,-3.79,-0.74,-0.031,-0.062
2022-11-12,-4.74,0.08,0.024,-0.026
2022-11-13,-4.80,0.08,0.016,-0.000
2022-11-14,-3.60,-0.00,0.072,-0.043
2022-11-15,-5.65,-0.30,-0.114,0.076
2022-11-16,-6.14,-0.32,-0.111,0.100
2022-11-17,-5.86,-0.00,-0.141,0.088
2022-11-18,-5.07,0.18,-0.242,0.082
2022-11-19,-6.09,0.43,-0.391,0.083
2022-11-20,-6.52,-0.69,-0.559,0.184
2022-11-21,-5.55,-1.08,-0.553,0.142
2022-11-22,-5.20,-0.45,-0.622,0.112
2022-11-23,-5.08,-0.62,-0.725,0.260
2022-11-24,-4.73,0.17,-0.838,0.269
2022-11-25,-5.44,-0.19,-0.832,0.207
2022-11-26,-5.25,-0.18,-0.634,0.133
2022-11-27,-5.26,-1.31,-0.572,0.111
2022-11-28,-5.48,-0.77,-0.626,0.200
2022-11-29,-5.09,-2.27,-0.623,0.196
2022-11-30,-3.39,-1.80,-0.583,0.134
2022-12-01,-4.61,-1.96,-0.563,0.123
2022-12-02,-4.38,-1.42,-0.480,0.227
2022-12-03,-4.30,-1.40,-0.591,0.311
2022-12-04,-2.98,-2.16,-0.569,0.193
2022-12-05,-1.35,-2.15,-0.536,0.135
2022-12-06,-1.18,-2.13,-0.738,0.074
2022-12-07,-2.78,-1.61,-0.784,0.143
2022-12-08,-3.37,-1.95,-0.469,-0.045
2022-12-09,-4.21,-1.96,-0.496,0.271
2022-12-10,-3.46,-1.54,-0.531,0.397
2022-12-11,-4.32,-1.00,-0.619,0.482
2022-12-12,-4.64,-0.82,-0.664,0.495
2022-12-13,-4.68,-0.16,-0.633,0.342
2022-12-14,-5.87,0.20,-0.752,0.336
2022-12-15,-6.53,-0.11,-0.795,0.414
2022-12-16,-7.38,-0.39,-0.826,0.243
2022-12-17,-6.36,-0.33,-0.859,0.213
2022-12-18,-6.60,0.12,-0.853,0.186
2022-12-19,-4.32,-0.68,-0.822,0.172
2022-12-20,-6.73,-0.35,-0.796,0.155
2022-12-21,-5.57,-0.98,-0.666,0.000
2022-12-22,-5.71,0.40,-0.578,-0.083
2022-12-23,-6.97,0.86,-0.779,0.269
2022-12-24,-5.43,-0.47,-0.776,0.262
2022-12-25,-6.81,-0.24,-0.886,0.127
2022-12-26,-7.32,0.38,-0.947,0.283
2022-12-27,-6.45,0.68,-0.891,0.465
2022-12-28,-5.71,-0.20,-0.791,0.261
2022-12-29,-5.83,-0.41,-0.756,0.147
2022-12-30,-6.66,-0.58,-0.716,0.182
2022-12-31,-6.09,-0.86,-0.707,0.311
2023-01-01,-4.99,-1.24,-0.735,0.295
2023-01-02,-5.19,-1.29,-0.827,0.304
2023-01-03,-5.04,-0.98,-0.844,0.273
2023-01-04,-3.88,-1.33,-0.667,0.127
2023-01-05,-5.75,-0.30,-0.867,0.196
2023-01-06,-6.71,-0.35,-1.045,0.564
2023-01-07,-6.35,-0.44,-0.845,0.449
2023-01-08,-5.54,-0.39,-0.713,0.318
2023-01-09,-6.34,0.11,-0.711,0.341
2023-01-10,-4.59,0.56,-0.618,0.351
2023-01-11,-4.92,-0.60,-0.725,0.141
2023-01-12,-5.38,-0.57,-0.662,0.036
2023-01-13,-5.93,0.41,-0.716,0.287
2023-01-14,-5.36,0.94,-0.988,0.557
2023-01-15,-3.87,-0.20,-0.901,0.405
2023-01-16,-4.57,-0.64,-1.000,0.331
2023-01-17,-5.73,-0.00,-1.103,0.272
2023-01-18,-5.79,-0.30,-1.068,0.313
2023-01-19,-6.87,0.12,-1.046,0.611
2023-01-20,-6.69,-0.70,-0.996,0.565
2023-01-21,-7.13,-0.37,-0.904,0.468
2023-01-22,-7.76,-0.00,-0.855,0.292
2023-01-23,-7.89,0.28,-0.866,0.245
2023-01-24,-7.52,-0.13,-0.899,0.116
2023-01-25,-7.43,0.39,-0.909,0.483
2023-01-26,-7.16,-0.88,-0.860,0.359
2023-01-27,-6.25,-1.44,-1.099,0.070
2023-01-28,-5.82,-0.31,-0.829,0.036
2023-01-29,-6.56,-0.69,-0.664,0.221
2023-01-30,-5.64,-0.30,-0.998,0.771
2023-01-31,-4.99,-0.97,-0.930,0.571
2023-02-01,-4.69,-0.91,-0.890,0.452
2023-02-02,-6.13,-0.00,-0.821,0.290
2023-02-03,-6.65,-0.12,-0.680,0.297
2023-02-04,-6.45,0.45,-0.682,0.325
2023-02-05,-8.20,0.57,-0.761,0.321
2023-02-06,-7.69,0.27,-0.745,0.295
2023-02-07,-7.42,-0.78,-0.683,0.103
2023-02-08,-6.85,-1.46,-0.831,0.257
2023-02-09,-6.92,-1.22,-1.036,0.350
2023-02-10,-7.71,-0.13,-0.905,0.284
2023-02-11,-8.13,-0.14,-0.932,0.309
2023-02-12,-8.12,-0.28,-0.969,0.209
2023-02-13,-7.26,0.64,-1.018,0.154
2023-02-14,-6.81,-0.60,-1.318,0.050
2023-02-15,-7.07,-1.89,-1.601,0.150
2023-02-16,-7.29,-1.28,-1.541,0.229
2023-02-17,-6.62,-0.23,-1.474,0.313
2023-02-18,-5.78,-0.92,-1.354,0.152
2023-02-19,-5.77,-0.50,-1.031,0.099
2023-02-20,-6.87,-1.21,-1.007,0.134
2023-02-21,-6.12,0.21,-0.966,0.408
2023-02-22,-6.57,-1.28,-1.176,0.344
2023-02-23,-6.52,-0.46,-1.320,0.585
2023-02-24,-6.42,-1.84,-1.180,0.568
2023-02-25,-6.19,-1.54,-1.132,0.574
2023-02-26,-5.94,-0.21,-1.014,0.593
2023-02-27,-5.89,0.21,-0.908,0.466
2023-02-28,-6.74,0.12,-0.904,0.400
2023-03-01,-7.14,-0.12,-0.894,0.344
2023-03-02,-7.26,-0.25,-0.917,0.221
2023-03-03,-8.19,-0.00,-0.944,0.155
2023-03-04,-8.21,0.14,-0.911,0.132
2023-03-05,-7.95,0.42,-0.626,0.024
2023-03-06,-6.59,-0.46,-0.648,0.253
2023-03-07,-5.87,-0.62,-0.820,0.789
2023-03-08,-5.03,-0.44,-0.726,0.771
2023-03-09,-4.30,-1.82,-0.616,0.521
2023-03-10,-3.83,-2.21,-0.585,0.399
2023-03-11,-4.72,-1.27,-0.573,0.357
2023-03-12,-4.77,-1.10,-0.499,0.367
2023-03-13,-5.54,-0.10,-0.516,0.325
2023-03-14,-7.21,0.76,-0.566,0.315
2023-03-15,-7.20,1.40,-0.564,0.313
2023-03-16,-6.47,0.79,-0.474,0.182
2023-03-17,-6.02,-1.28,-0.491,0.120
2023-03-18,-6.92,-0.12,-0.518,0.190
2023-03-19,-6.27,0.11,-0.439,0.216
2023-03-20,-6.20,0.11,-0.398,0.076
2023-03-21,-7.07,-0.37,-0.473,0.170
2023-03-22,-5.53,-1.07,-0.381,0.122
2023-03-23,-5.47,-1.88,-0.342,0.109
2023-03-24,-4.58,-0.97,-0.292,0.213
2023-03-25,-6.31,-1.93,-0.368,0.116
2023-03-26,-7.84,0.14,-0.446,0.171
2023-03-27,-8.64,-0.15,-0.563,0.140
2023-03-28,-7.76,-0.68,-0.534,0.024
2023-03-29,-6.50,-0.34,-0.588,0.051
2023-03-30,-7.37,-0.26,-0.567,0.240
2023-03-31,-7.18,-1.14,-0.636,0.501
2023-04-01,-7.12,-0.50,-0.692,0.366
2023-04-02,-7.69,-0.81,-0.707,0.263
2023-04-03,-7.53,0.13,-0.650,0.196
2023-04-04,-7.70,-0.13,-0.666,0.150
2023-04-05,-7.09,-0.37,-0.591,0.123
2023-04-06,-6.57,-0.81,-0.494,0.187
2023-04-07,-6.08,0.11,-0.555,0.220
2023-04-08,-6.68,0.58,-0.676,0.130
2023-04-09,-7.38,1.04,-0.687,0.042
2023-04-10,-7.62,0.40,-0.526,0.246
2023-04-11,-7.71,0.81,-0.568,0.434
2023-04-12,-7.13,0.25,-0.562,0.322
2023-04-13,-6.71,0.23,-0.538,0.205
2023-04-14,-7.06,-0.00,-0.483,0.142
2023-04-15,-6.89,-0.24,-0.389,0.172
2023-04-16,-6.99,0.49,-0.373,0.162
2023-04-17,-4.86,-0.60,-0.286,0.131
2023-04-18,-5.44,-0.29,-0.298,0.073
2023-04-19,-6.39,0.33,-0.371,0.143
2023-04-20,-6.98,-0.24,-0.341,0.006
2023-04-21,-5.75,0.30,-0.278,-0.014
2023-04-22,-2.84,-0.50,-0.036,-0.132
2023-04-23,-0.33,-2.32,0.029,-0.197
2023-04-24,-0.48,-2.09,-0.020,-0.041
2023-04-25,-3.08,-0.77,-0.070,0.004
2023-04-26,-4.72,0.41,-0.038,0.059
2023-04-27,-5.06,-0.27,0.051,-0.061
2023-04-28,-5.11,0.63,0.054,-0.006
2023-04-29,-6.11,0.75,-0.033,0.022
2023-04-30,-7.10,0.37,-0.153,0.121
2023-05-01,-7.40,1.30,-0.239,0.175
2023-05-02,-7.41,1.04,-0.270,0.173
2023-05-03,-7.82,0.96,-0.307,0.192
2023-05-04,-7.88,1.11,-0.316,0.187
2023-05-05,-8.13,0.57,-0.318,0.156
2023-05-06,-8.90,0.94,-0.380,0.179
2023-05-07,-8.35,0.88,-0.378,0.132
2023-05-08,-8.40,0.88,-0.410,0.069
2023-05-09,-8.51,1.20,-0.441,0.135
2023-05-10,-8.71,1.38,-0.433,0.143
2023-05-11,-6.83,0.48,-0.382,0.119
2023-05-12,-6.55,0.23,-0.377,0.079
2023-05-13,-8.01,0.98,-0.379,0.166
2023-05-14,-8.05,2.01,-0.329,0.200
2023-05-15,-6.84,0.48,-0.276,0.091
2023-05-16,-5.99,0.73,-0.259,0.162
2023-05-17,-5.08,0.53,-0.178,0.195
2023-05-18,-6.78,0.71,-0.189,0.097
2023-05-19,-7.39,-0.26,-0.210,0.086
2023-05-20,-7.31,0.90,-0.184,0.063
2023-05-21,-6.42,1.36,-0.205,0.047
2023-05-22,-4.65,1.42,-0.160,0.048
2023-05-23,-4.50,0.63,-0.172,0.041
2023-05-24,-6.14,1.19,-0.384,0.211
2023-05-25,-6.35,1.47,-0.393,0.171
2023-05-26,-5.97,0.73,-0.444,0.063
2023-05-27,-6.50,1.15,-0.506,0.155
2023-05-28,-6.14,0.75,-0.373,0.090
2023-05-29,-6.50,0.80,-0.281,0.060
2023-05-30,-6.46,1.26,-0.187,0.068
2023-05-31,-6.42,1.25,-0.245,0.123
2023-06-01,-6.35,1.35,-0.351,0.281
2023-06-02,-5.68,1.74,-0.330,0.447
2023-06-03,-5.66,2.76,-0.284,0.364
2023-06-04,-5.72,1.53,-0.163,0.276
2023-06-05,-6.05,1.18,-0.151,0.195
2023-06-06,-5.89,1.58,-0.069,0.201
2023-06-07,-7.22,2.07,-0.143,0.125
2023-06-08,-8.67,1.53,-0.278,0.209
2023-06-09,-7.70,1.64,-0.224,0.197
2023-06-10,-7.67,0.81,-0.231,0.122
2023-06-11,-7.32,0.51,-0.206,0.077
2023-06-12,-7.56,0.66,-0.185,0.039
2023-06-13,-6.41,0.67,-0.117,0.097
2023-06-14,-8.29,0.87,-0.263,0.130
2023-06-15,-8.88,1.41,-0.311,0.227
2023-06-16,-9.21,1.29,-0.422,0.163
2023-06-17,-7.42,2.41,-0.500,0.226
2023-06-18,-6.25,2.15,-0.430,0.096
2023-06-19,-7.23,1.94,-0.518,0.243
2023-06-20,-8.47,1.49,-0.543,0.221
2023-06-21,-7.97,0.98,-0.564,0.189
2023-06-22,-7.19,1.01,-0.484,0.130
2023-06-23,-5.21,-1.69,-0.404,0.022
2023-06-24,-5.33,1.63,-0.253,0.009
2023-06-25,-7.58,1.34,-0.398,0.252
2023-06-26,-6.36,0.45,-0.298,0.187
2023-06-27,-5.81,-0.00,-0.254,0.121
2023-06-28,-5.21,0.46,-0.134,0.073
2023-06-29,-6.76,1.81,-0.113,0.001
2023-06-30,-8.00,2.29,-0.184,0.061
2023-07-01,-8.99,1.42,-0.313,0.159
2023-07-02,-7.14,1.26,-0.322,0.171
2023-07-03,-7.05,-0.00,-0.361,0.100
2023-07-04,-5.29,-0.09,-0.306,0.132
2023-07-05,-8.29,2.07,-0.423,0.142
2023-07-06,-8.05,0.42,-0.478,0.136
2023-07-07,-6.51,-0.00,-0.363,0.040
2023-07-08,-6.16,0.54,-0.374,0.057
2023-07-09,-7.39,1.17,-0.359,0.174
2023-07-10,-6.79,0.24,-0.318,0.143
2023-07-11,-6.35,-0.22,-0.371,0.174
2023-07-12,-5.13,0.45,-0.356,0.127
2023-07-13,-7.67,1.08,-0.583,0.179
2023-07-14,-7.75,0.14,-0.581,0.137
2023-07-15,-7.71,-0.13,-0.600,0.166
2023-07-16,-7.14,0.50,-0.548,0.151
2023-07-17,-5.93,-0.10,-0.578,0.149
2023-07-18,-6.56,1.40,-0.606,0.179
2023-07-19,-7.58,1.06,-0.646,0.219
2023-07-20,-8.12,1.87,-0.657,0.227
2023-07-21,-7.86,1.39,-0.646,0.196
2023-07-22,-7.58,1.61,-0.670,0.227
2023-07-23,-7.57,1.34,-0.645,0.160
2023-07-24,-7.85,-0.00,-0.834,0.164
2023-07-25,-5.68,-0.80,-0.625,0.061
2023-07-26,-5.59,1.29,-0.666,0.003
2023-07-27,-8.03,1.56,-0.642,0.116
2023-07-28,-7.83,0.82,-0.483,-0.058
2023-07-29,-7.35,0.77,-0.664,0.215
2023-07-30,-7.50,0.66,-0.672,0.143
2023-07-31,-6.78,1.82,-0.653,0.331
2023-08-01,-6.68,1.42,-0.635,0.205
2023-08-02,-6.29,1.34,-0.684,0.289
2023-08-03,-5.79,0.71,-0.585,0.154
2023-08-04,-5.63,0.49,-0.531,0.174
2023-08-05,-6.72,0.71,-0.592,0.203
2023-08-06,-7.86,0.97,-0.676,0.270
2023-08-07,-6.54,0.23,-0.961,0.101
2023-08-08,-6.42,0.68,-1.115,0.085
2023-08-09,-6.42,0.22,-1.121,0.204
2023-08-10,-7.05,1.12,-0.926,0.264
2023-08-11,-7.61,1.62,-0.817,0.344
2023-08-12,-6.87,-0.84,-0.932,0.358
2023-08-13,-7.12,0.75,-1.006,0.319
2023-08-14,-7.65,1.21,-0.895,0.281
2023-08-15,-5.40,-0.09,-0.705,0.128
2023-08-16,-5.78,-0.61,-0.800,0.205
2023-08-17,-5.73,0.91,-0.748,0.193
2023-08-18,-5.24,-0.18,-0.900,0.091
2023-08-19,-5.12,-1.86,-0.816,0.002
2023-08-20,-2.23,-2.95,-0.636,0.137
2023-08-21,-2.27,2.80,-0.591,0.464
2023-08-22,-2.55,1.85,-0.593,0.612
2023-08-23,-2.37,-0.82,-0.441,0.384
2023-08-24,-2.86,-0.93,-0.398,0.175
2023-08-25,-3.20,-0.56,-0.491,0.265
2023-08-26,-3.17,0.97,-0.465,0.381
2023-08-27,-4.09,0.72,-0.439,0.294
2023-08-28,-6.29,1.34,-0.662,0.377
2023-08-29,-7.12,1.00,-0.648,0.357
2023-08-30,-6.74,0.83,-0.561,0.413
2023-08-31,-7.96,1.55,-0.701,0.385
2023-09-01,-7.52,0.79,-0.686,0.349
2023-09-02,-6.41,0.34,-0.815,0.408
2023-09-03,-5.86,1.25,-0.860,0.341
2023-09-04,-6.86,1.46,-0.823,0.450
2023-09-05,-7.86,1.11,-0.769,0.303
2023-09-06,-7.31,0.51,-0.698,0.260
2023-09-07,-6.91,0.97,-0.689,0.220
2023-09-08,-6.81,0.60,-0.574,0.193
2023-09-09,-6.12,0.32,-0.489,0.103
2023-09-10,-5.78,0.51,-0.426,0.100
2023-09-11,-4.83,0.42,-0.401,0.072
2023-09-12,-5.00,-0.61,-0.339,0.064
2023-09-13,-4.99,0.52,-0.284,0.110
2023-09-14,-6.29,1.00,-0.173,0.015
2023-09-15,-6.81,0.84,-0.104,0.050
2023-09-16,-6.26,0.33,-0.080,-0.093
2023-09-17,-6.06,0.32,-0.040,-0.081
2023-09-18,-6.46,0.79,0.006,-0.251
2023-09-19,-6.01,1.06,0.006,-0.190
2023-09-20,-5.78,0.71,-0.111,-0.227
2023-09-21,-5.36,0.09,-0.181,-0.036
2023-09-22,-5.52,1.07,-0.096,-0.101
2023-09-23,-6.49,1.26,-0.102,-0.017
2023-09-24,-7.45,1.31,-0.093,-0.131
2023-09-25,-7.19,1.40,-0.087,-0.103
2023-09-26,-6.16,0.21,-0.014,-0.243
2023-09-27,-4.02,-0.93,0.146,-0.184
2023-09-28,-3.48,0.12,0.127,-0.203
2023-09-29,-4.37,0.31,0.161,-0.174
2023-09-30,-4.66,0.24,0.060,-0.264
2023-10-01,-3.49,-0.68,0.004,-0.401
2023-10-02,-2.43,-0.04,-0.103,-0.266
2023-10-03,-2.80,0.65,-0.027,-0.127
2023-10-04,2.21,0.04,0.121,-0.088
2023-10-05,-1.11,-1.91,0.139,-0.183
2023-10-06,-2.13,-0.00,0.171,-0.004
2023-10-07,-4.07,1.56,0.119,-0.091
2023-10-08,-6.41,1.60,0.276,-0.114
2023-10-09,-6.73,1.31,0.223,-0.140
2023-10-10,-7.09,0.87,0.117,-0.108
2023-10-11,-6.83,0.72,0.021,-0.058
2023-10-12,-6.89,1.09,0.007,-0.074
2023-10-13,-5.72,0.30,0.015,-0.082
2023-10-14,-5.46,0.48,-0.014,-0.061
2023-10-15,-5.31,1.03,0.009,-0.019
2023-10-16,-5.09,1.17,0.031,-0.039
2023-10-17,-5.99,0.74,-0.034,0.041
2023-10-18,-6.44,0.34,-0.080,0.078
2023-10-19,-6.47,0.91,-0.106,0.109
2023-10-20,-5.58,1.39,-0.154,0.104
2023-10-21,-1.97,0.10,-0.070,0.033
2023-10-22,1.72,-0.56,-0.034,-0.055
2023-10-23,-2.35,0.72,-0.115,0.107
2023-10-24,-3.89,-0.07,-0.175,0.114
2023-10-25,-2.90,0.15,-0.202,0.087
2023-10-26,-1.84,0.82,-0.106,0.033
2023-10-27,0.15,-2.15,-0.018,-0.003
2023-10-28,-0.35,1.52,0.064,-0.025
2023-10-29,-1.86,0.26,0.082,-0.008
2023-10-30,-2.44,0.89,0.177,-0.042
2023-10-31,-2.85,0.35,0.117,-0.054
2023-11-01,-2.71,0.19,0.089,-0.071
2023-11-02,-3.07,1.70,-0.060,-0.125
2023-11-03,-4.12,0.14,-0.118,-0.147
2023-11-04,-5.21,1.11,-0.159,-0.125
2023-11-05,-4.94,0.96,-0.094,-0.137
2023-11-06,-4.01,1.23,-0.051,-0.178
2023-11-07,-2.61,2.11,0.038,-0.109
2023-11-08,-4.43,0.78,0.009,-0.201
2023-11-09,-7.25,1.02,-0.233,0.008
2023-11-10,-8.02,0.56,-0.159,0.015
2023-11-11,-8.03,0.70,-0.315,0.012
2023-11-12,-7.14,0.37,-0.377,0.118
2023-11-13,-7.38,0.65,-0.513,0.138
2023-11-14,-7.87,1.11,-0.612,0.199
2023-11-15,-8.40,1.33,-0.600,0.148
2023-11-16,-7.62,1.21,-0.596,0.102
2023-11-17,-7.17,2.06,-0.628,0.256
2023-11-18,-5.89,2.14,-0.682,0.472
2023-11-19,-3.56,2.59,-0.491,0.242
2023-11-20,-0.37,2.33,-0.249,0.083
2023-11-21,-1.01,-0.98,-0.166,-0.072
2023-11-22,-2.53,-0.00,-0.313,0.137
2023-11-23,-4.78,0.50,-0.186,0.152
2023-11-24,-6.33,0.22,-0.242,0.196
2023-11-25,-6.61,0.70,-0.275,0.208
2023-11-26,-6.93,0.73,-0.428,0.181
2023-11-27,-7.36,-0.26,-0.633,0.089
2023-11-28,-7.27,0.76,-0.555,0.042
2023-11-29,-6.84,0.84,-0.563,0.121
2023-11-30,-6.41,0.90,-0.633,0.209
2023-12-01,-6.44,0.34,-0.772,0.263
2023-12-02,-7.19,0.25,-0.980,0.269
2023-12-03,-6.54,0.23,-0.980,0.192
2023-12-04,-7.15,0.88,-1.137,0.309
2023-12-05,-7.48,0.92,-1.185,0.387
2023-12-06,-6.93,0.48,-1.144,0.280
2023-12-07,-6.43,-1.48,-1.278,0.173
2023-12-08,-6.47,-0.45,-1.088,0.466
2023-12-09,-7.38,0.39,-1.298,0.727
2023-12-10,-7.78,-0.14,-1.142,0.488
2023-12-11,-6.50,0.23,-1.404,0.434
2023-12-12,-6.69,-0.23,-1.448,0.395
2023-12-13,-7.21,-1.01,-1.327,0.499
2023-12-14,-6.44,-0.00,-1.236,0.539
2023-12-15,-5.78,0.30,-1.037,0.372
2023-12-16,-5.44,0.09,-0.995,0.436
2023-12-17,-5.86,1.14,-0.858,0.298
2023-12-18,-5.77,1.55,-0.834,0.295
2023-12-19,-4.28,1.15,-0.786,0.130
2023-12-20,-4.33,-0.69,-0.824,0.132
2023-12-21,-5.04,-1.35,-0.543,0.081
2023-12-22,-5.95,-0.94,-0.459,0.051
2023-12-23,-6.06,-0.42,-0.490,0.048
2023-12-24,-5.84,0.31,-0.529,0.057
2023-12-25,-5.75,-0.20,-0.684,0.058
2023-12-26,-5.40,0.19,-0.620,0.009
2023-12-27,-4.35,-0.85,-0.265,-0.101
2023-12-28,-4.07,-0.36,-0.132,-0.095
2023-12-29,-4.92,-0.52,-0.188,-0.056
2023-12-30,-4.70,-1.00,-0.356,0.085
2023-12-31,-4.64,-1.33,-0.568,0.326
2024-01-01,-5.09,-1.36,-0.697,0.364
2024-01-02,-4.61,-0.40,-0.858,0.583
2024-01-03,-5.06,0.44,-0.784,0.565
2024-01-04,-6.13,0.64,-0.757,0.384
2024-01-05,-6.25,-0.33,-0.720,0.307
2024-01-06,-7.05,-0.37,-0.782,0.244
2024-01-07,-7.25,-0.13,-0.821,0.234
2024-01-08,-7.64,-0.27,-0.976,0.347
2024-01-09,-7.89,-0.14,-1.019,0.296
2024-01-10,-7.76,0.68,-0.965,0.278
2024-01-11,-6.79,0.24,-1.025,0.336
2024-01-12,-6.53,0.34,-1.019,0.254
2024-01-13,-6.24,0.66,-1.171,0.327
2024-01-14,-6.92,0.12,-1.262,0.200
2024-01-15,-7.06,0.12,-1.034,0.128
2024-01-16,-8.83,0.46,-0.808,0.152
2024-01-17,-8.61,0.60,-0.768,0.391
2024-01-18,-7.50,0.39,-0.883,0.479
2024-01-19,-8.24,0.72,-1.071,0.426
2024-01-20,-7.96,1.12,-0.998,0.245
2024-01-21,-8.78,0.92,-0.949,0.193
2024-01-22,-8.81,-0.46,-0.848,0.368
2024-01-23,-8.60,0.45,-1.004,0.325
2024-01-24,-8.79,-0.15,-0.942,0.311
2024-01-25,-7.77,-0.41,-1.019,0.294
2024-01-26,-7.97,-0.00,-1.144,0.229
2024-01-27,-6.71,-0.35,-0.865,0.121
2024-01-28,-6.18,0.43,-0.966,0.195
2024-01-29,-6.55,0.80,-0.754,0.196
2024-01-30,-5.68,0.30,-0.699,0.257
2024-01-31,-5.67,-1.00,-0.984,0.477
2024-02-01,-4.88,-1.04,-0.984,0.578
2024-02-02,-4.18,-1.20,-0.769,0.387
2024-02-03,-4.35,0.46,-0.830,0.372
2024-02-04,-4.05,0.94,-0.709,0.266
2024-02-05,-3.13,1.53,-0.741,0.292
2024-02-06,2.77,0.19,-0.558,0.301
2024-02-07,1.65,-3.24,-0.518,0.122
2024-02-08,1.67,-3.75,-0.498,0.081
2024-02-09,-3.76,-3.16,-0.561,0.060
2024-02-10,-6.94,-1.99,-0.665,0.130
2024-02-11,-7.25,-0.76,-0.575,0.131
2024-02-12,-7.37,0.91,-0.565,0.152
2024-02-13,-8.20,0.86,-0.563,0.287
2024-02-14,-8.08,0.71,-0.578,0.326
2024-02-15,-8.56,0.15,-0.694,0.309
2024-02-16,-8.57,0.60,-0.691,0.251
2024-02-17,-9.39,0.49,-0.598,0.169
2024-02-18,-8.93,1.57,-0.559,0.207
2024-02-19,-8.13,1.14,-0.596,0.098
2024-02-20,-6.66,-0.12,-0.758,0.267
2024-02-21,-3.99,-0.63,-0.894,0.439
2024-02-22,-0.28,-2.63,-0.631,0.187
2024-02-23,-4.09,-0.72,-0.774,0.165
2024-02-24,-5.90,0.62,-0.734,0.104
2024-02-25,-5.04,0.26,-0.480,-0.028
2024-02-26,-5.36,-0.94,-0.559,0.086
2024-02-27,-5.32,-0.47,-0.638,0.350
2024-02-28,-6.27,-0.22,-0.526,0.222
2024-02-29,-6.67,-0.70,-0.504,0.116
2024-03-01,-6.76,-1.44,-0.564,0.043
2024-03-02,-6.41,-1.02,-0.571,0.040
2024-03-03,-5.80,-0.61,-0.739,0.173
2024-03-04,-5.70,-0.30,-0.875,0.449
2024-03-05,-5.28,-0.00,-0.759,0.445
2024-03-06,-6.36,0.67,-0.777,0.240
2024-03-07,-7.58,0.93,-0.740,0.268
2024-03-08,-7.78,0.41,-0.734,0.464
2024-03-09,-7.21,0.13,-0.791,0.504
2024-03-10,-7.57,0.40,-0.777,0.377
2024-03-11,-7.03,0.25,-0.669,0.298
2024-03-12,-7.20,-0.25,-0.644,0.199
2024-03-13,-8.08,0.57,-0.634,0.253
2024-03-14,-7.75,0.54,-0.625,0.250
2024-03-15,-7.89,-0.00,-0.724,0.223
2024-03-16,-7.76,0.68,-0.777,0.281
2024-03-17,-8.45,0.74,-0.829,0.241
2024-03-18,-9.74,1.02,-0.941,0.323
2024-03-19,-8.65,1.37,-0.835,0.198
2024-03-20,-7.69,1.08,-0.954,0.124
2024-03-21,-6.49,-0.34,-0.972,0.154
2024-03-22,-6.19,-0.00,-0.764,0.116
2024-03-23,-6.72,0.94,-0.608,0.032
2024-03-24,-6.33,2.18,-0.428,-0.009
2024-03-25,-4.19,0.51,-0.311,0.173
2024-03-26,-2.87,-1.40,-0.392,0.529
2024-03-27,-2.05,-2.12,-0.395,0.495
2024-03-28,-0.96,-3.35,-0.390,0.266
2024-03-29,-1.65,-2.65,-0.419,0.059
2024-03-30,-4.44,-1.88,-0.419,-0.002
2024-03-31,-5.65,-1.51,-0.351,-0.016
2024-04-01,-6.05,-2.08,-0.439,-0.011
2024-04-02,-6.44,-1.37,-0.591,0.102
2024-04-03,-6.31,0.11,-0.586,0.248
2024-04-04,-7.67,0.67,-0.631,0.474
2024-04-05,-7.15,0.50,-0.571,0.408
2024-04-06,-7.90,0.55,-0.607,0.261
2024-04-07,-7.71,0.54,-0.590,0.257
2024-04-08,-8.07,0.56,-0.520,0.151
2024-04-09,-7.87,0.27,-0.524,0.146
2024-04-10,-7.70,0.27,-0.575,0.181
2024-04-11,-7.52,0.39,-0.701,0.308
2024-04-12,-7.43,0.26,-0.741,0.274
2024-04-13,-7.48,0.13,-0.862,0.263
2024-04-14,-6.79,-1.44,-0.929,0.127
2024-04-15,-6.09,0.43,-0.932,0.090
2024-04-16,-6.96,0.73,-0.855,0.248
2024-04-17,-6.16,-0.32,-0.954,0.619
2024-04-18,-5.20,-0.09,-0.897,0.688
2024-04-19,-4.55,-1.13,-0.810,0.466
2024-04-20,-5.14,-0.54,-1.002,0.408
2024-04-21,-5.97,-0.73,-1.030,0.377
2024-04-22,-5.95,-0.21,-0.881,0.477
2024-04-23,-5.49,-0.00,-0.776,0.546
2024-04-24,-6.21,-0.00,-0.722,0.350
2024-04-25,-7.40,0.65,-0.790,0.272
2024-04-26,-7.08,0.87,-0.823,0.082
2024-04-27,-5.62,0.10,-0.646,0.066
2024-04-28,-5.33,-0.28,-0.739,0.450
2024-04-29,-5.19,0.36,-0.745,0.460
2024-04-30,-6.03,0.74,-0.650,0.314
2024-05-01,-7.20,0.88,-0.668,0.273
2024-05-02,-6.89,1.34,-0.629,0.272
2024-05-03,-4.40,0.54,-0.424,0.122
2024-05-04,-4.24,-0.37,-0.391,0.114
2024-05-05,-5.44,1.66,-0.399,0.248
2024-05-06,-6.17,0.87,-0.271,0.095
2024-05-07,-6.40,0.79,-0.328,0.102
2024-05-08,-6.25,0.22,-0.276,0.097
2024-05-09,-6.16,0.11,-0.232,0.036
2024-05-10,-6.02,0.95,-0.200,0.096
2024-05-11,-6.78,1.07,-0.158,0.043
2024-05-12,-7.03,0.62,-0.173,0.027
2024-05-13,-8.21,0.43,-0.213,0.043
2024-05-14,-8.33,0.44,-0.426,0.113
2024-05-15,-7.25,0.13,-0.444,0.070
2024-05-16,-6.68,-0.00,-0.474,0.169
2024-05-17,-6.92,0.24,-0.562,0.163
2024-05-18,-7.23,0.25,-0.617,0.164
2024-05-19,-7.76,1.51,-0.655,0.240
2024-05-20,-8.69,1.85,-0.678,0.234
2024-05-21,-8.02,2.45,-0.731,0.218
2024-05-22,-6.91,1.22,-0.591,0.103
2024-05-23,-6.24,1.21,-0.580,0.136
2024-05-24,-5.98,0.63,-0.442,0.108
2024-05-25,-5.92,0.83,-0.465,0.088
2024-05-26,-5.47,0.10,-0.475,0.098
2024-05-27,-6.31,1.57,-0.487,0.100
2024-05-28,-7.58,1.34,-0.512,0.112
2024-05-29,-7.90,0.83,-0.489,0.081
2024-05-30,-7.29,0.64,-0.523,0.051
2024-05-31,-7.66,1.91,-0.531,0.173
2024-06-01,-8.18,1.44,-0.564,0.441
2024-06-02,-7.64,0.94,-0.600,0.345
2024-06-03,-7.47,1.86,-0.682,0.245
2024-06-04,-6.83,3.63,-0.606,0.197
2024-06-05,-6.21,2.38,,
2024-06-06,-7.28,1.42,,
2024-06-07,-8.21,2.05,,
2024-06-08,-8.36,1.78,,
2024-06-09,-7.87,1.25,-0.330,0.034
2024-06-10,-7.93,1.40,-0.286,-0.016
2024-06-11,-8.61,1.83,-0.359,0.029
2024-06-12,-8.50,1.65,-0.316,0.014
2024-06-13,-7.32,0.64,-0.188,-0.038
2024-06-14,-7.04,0.74,-0.186,-0.044
2024-06-15,-7.30,1.82,-0.317,0.072
2024-06-16,-7.05,1.63,-0.280,0.028
2024-06-17,-6.07,1.29,-0.313,0.038
2024-06-18,-6.25,1.33,-0.241,-0.000
2024-06-19,-6.57,1.40,-0.275,0.034
2024-06-20,-7.31,0.77,-0.363,0.089
2024-06-21,-6.83,0.72,-0.379,0.120
2024-06-22,-6.82,0.36,-0.407,0.132
2024-06-23,-5.95,0.31,-0.356,0.081
2024-06-24,-6.67,1.54,-0.402,0.109
2024-06-25,-6.58,0.34,-0.442,0.146
2024-06-26,-7.64,2.05,-0.558,0.230
2024-06-27,-6.95,0.73,-0.569,0.170
2024-06-28,-5.39,-0.19,-0.497,0.110
2024-06-29,-5.58,-0.19,-0.532,0.081
2024-06-30,-6.56,0.57,-0.603,0.154
2024-07-01,-6.64,-0.93,-0.580,0.142
2024-07-02,-5.01,0.88,-0.447,0.106
2024-07-03,-7.81,1.52,-0.647,0.356
2024-07-04,-5.56,0.58,-0.581,0.302
2024-07-05,-7.42,2.41,-0.734,0.343
2024-07-06,-7.54,1.47,-0.724,0.295
2024-07-07,-7.95,0.70,-0.728,0.291
2024-07-08,-7.61,0.40,-0.777,0.284
2024-07-09,-6.93,1.10,-0.905,0.338
2024-07-10,-6.51,0.23,-0.637,0.264
2024-07-11,-6.66,-0.35,-0.823,0.260
2024-07-12,-7.41,-0.13,-0.816,0.244
2024-07-13,-6.98,1.11,-0.887,0.368
2024-07-14,-7.09,0.25,-0.799,0.147
2024-07-15,-6.42,0.68,-0.918,0.490
2024-07-16,-6.97,1.23,-0.919,0.283
2024-07-17,-7.80,1.10,-0.727,0.173
2024-07-18,-7.01,1.36,-0.667,0.305
2024-07-19,-6.71,0.94,-0.814,0.418
2024-07-20,-7.86,1.39,-0.940,0.291
2024-07-21,-7.59,0.13,-0.724,0.156
2024-07-22,-6.88,0.24,-0.660,0.186
2024-07-23,-7.83,1.38,-0.821,0.382
2024-07-24,-7.91,0.83,-0.849,0.349
2024-07-25,-8.21,0.57,-0.804,0.180
2024-07-26,-7.78,0.96,-0.886,0.197
2024-07-27,-7.84,0.69,-0.818,0.193
2024-07-28,-7.27,0.38,-0.867,0.161
2024-07-29,-7.33,0.64,-0.926,0.246
2024-07-30,-8.13,1.43,-0.734,0.118
2024-07-31,-7.50,0.66,-0.578,0.111
2024-08-01,-7.45,0.78,-0.648,0.166
2024-08-02,-7.31,1.29,-0.868,0.249
2024-08-03,-6.47,0.91,-0.733,0.083
2024-08-04,-6.23,-1.10,-0.712,0.117
2024-08-05,-6.23,-0.54,-0.670,0.161
2024-08-06,-6.06,1.40,-0.645,0.237
2024-08-07,-6.24,0.99,-0.641,0.060
2024-08-08,-5.95,-0.00,-0.595,0.111
2024-08-09,-5.73,-0.30,-0.720,0.275
2024-08-10,-5.91,0.83,-0.631,0.322
2024-08-11,-7.07,0.87,-0.550,0.238
2024-08-12,-6.97,1.23,-0.468,0.136
2024-08-13,-5.52,0.58,-0.396,0.074
2024-08-14,-3.77,4.18,-0.232,0.133
2024-08-15,-7.12,2.31,-0.222,0.061
2024-08-16,-8.03,1.13,-0.349,0.107
2024-08-17,-6.86,0.84,-0.286,0.205
2024-08-18,-7.79,1.52,-0.335,0.173
2024-08-19,-7.66,0.80,-0.291,0.212
2024-08-20,-7.36,0.64,-0.293,0.216
2024-08-21,-5.92,-0.52,-0.305,0.008
2024-08-22,-5.97,0.42,-0.298,-0.026
2024-08-23,-6.55,0.46,-0.396,0.124
2024-08-24,-5.99,0.31,-0.279,0.127
2024-08-25,-6.05,1.18,-0.193,0.077
2024-08-26,-6.73,1.19,-0.176,0.042
2024-08-27,-5.80,0.71,-0.134,-0.023
2024-08-28,-5.46,0.96,-0.148,-0.028
2024-08-29,-6.61,0.93,-0.191,0.027
2024-08-30,-6.74,0.71,-0.264,0.088
2024-08-31,-6.36,0.33,-0.284,0.204
2024-09-01,-4.99,0.97,-0.275,0.382
2024-09-02,-4.79,0.59,-0.230,0.420
2024-09-03,-5.74,0.30,-0.340,0.458
2024-09-04,-7.77,1.51,-0.377,0.367
2024-09-05,-7.13,1.13,-0.429,0.283
2024-09-06,-6.71,0.82,-0.529,0.189
2024-09-07,-6.28,0.88,-0.476,0.163
2024-09-08,-6.67,0.70,-0.444,0.083
2024-09-09,-6.83,0.84,-0.418,0.156
2024-09-10,-6.17,0.65,-0.401,0.146
2024-09-11,-5.97,0.31,-0.389,0.166
2024-09-12,-5.91,0.41,-0.395,0.200
2024-09-13,-5.79,0.61,-0.340,0.172
2024-09-14,-5.38,1.44,-0.275,0.179
2024-09-15,-7.37,1.43,-0.364,0.200
2024-09-16,-7.98,1.12,-0.364,0.226
2024-09-17,-6.79,1.07,-0.390,0.189
2024-09-18,-6.83,0.84,-0.413,0.171
2024-09-19,-7.21,0.63,-0.455,0.215
2024-09-20,-6.65,0.70,-0.407,0.122
2024-09-21,-6.26,0.77,-0.316,0.078
2024-09-22,-6.00,0.63,-0.174,0.081
2024-09-23,-5.12,0.90,0.028,-0.095
2024-09-24,-6.30,2.17,0.019,-0.156
2024-09-25,-6.98,0.73,-0.107,-0.166
2024-09-26,-4.95,0.43,-0.351,-0.085
2024-09-27,-3.40,-0.79,-0.151,-0.109
2024-09-28,-5.23,1.60,-0.113,0.023
2024-09-29,-5.06,1.36,-0.023,0.087
2024-09-30,-2.24,-0.04,0.014,-0.127
2024-10-01,-3.31,-0.41,-0.072,0.052
2024-10-02,-2.28,-1.27,0.059,-0.009
2024-10-03,-2.35,-1.36,-0.050,-0.095
2024-10-04,-2.73,-1.98,-0.082,-0.043
2024-10-05,-1.83,-0.42,0.021,-0.042
2024-10-06,-2.17,-0.11,0.033,-0.128
2024-10-07,-2.04,-0.43,0.046,-0.095
2024-10-08,-3.01,0.59,-0.002,-0.101
2024-10-09,-3.77,1.22,0.018,0.068
2024-10-10,-5.80,1.77,-0.064,0.111
2024-10-11,-5.86,1.57,-0.077,0.118
2024-10-12,-6.61,0.81,-0.173,0.084
2024-10-13,-7.41,1.44,-0.301,0.207
2024-10-14,-6.61,1.17,-0.354,0.197
2024-10-15,-6.46,1.26,-0.442,0.152
2024-10-16,-6.36,0.33,-0.429,0.148
2024-10-17,-6.18,0.76,-0.412,0.087
2024-10-18,-6.78,0.71,-0.420,0.070
2024-10-19,-6.56,0.46,-0.434,0.100
2024-10-20,-5.43,-0.38,-0.403,0.037
2024-10-21,-5.66,1.00,-0.376,0.123
2024-10-22,-5.85,0.82,-0.427,0.172
2024-10-23,-5.21,1.11,-0.281,0.109
2024-10-24,-6.99,1.49,-0.358,0.117
2024-10-25,-7.19,-0.13,-0.424,0.140
2024-10-26,-8.38,0.44,-0.562,0.140
2024-10-27,-7.61,0.13,-0.603,0.210
2024-10-28,-6.91,0.73,-0.723,0.215
2024-10-29,-6.90,0.97,-0.756,0.289
2024-10-30,-6.21,0.22,-0.659,0.257
2024-10-31,-5.29,0.65,-0.656,0.190
2024-11-01,-3.27,0.29,-0.578,0.166
2024-11-02,1.38,0.89,-0.464,0.195
2024-11-03,-2.56,0.73,-0.449,0.287
2024-11-04,-4.47,1.54,-0.495,0.401
2024-11-05,-4.77,1.28,-0.344,0.352
2024-11-06,-4.66,-0.24,-0.302,0.018
2024-11-07,-3.32,-0.70,-0.159,-0.057
2024-11-08,-3.13,0.61,-0.094,0.051
2024-11-09,-2.02,-0.39,0.087,0.060
2024-11-10,1.26,1.13,0.120,-0.121
2024-11-11,-1.58,0.99,0.028,-0.277
2024-11-12,-2.33,0.08,0.025,-0.329
2024-11-13,-1.49,-0.49,0.119,0.041
2024-11-14,-1.25,0.87,0.226,-0.048
2024-11-15,0.12,1.39,0.234,0.066
2024-11-16,-2.00,0.61,0.146,-0.001
2024-11-17,-3.11,-0.49,0.038,0.115
2024-11-18,-3.20,-0.92,0.021,0.058
2024-11-19,-3.22,-1.17,-0.048,0.077
2024-11-20,-2.52,-1.51,-0.005,-0.000
2024-11-21,-2.34,0.25,-0.043,0.057
2024-11-22,-3.00,1.21,-0.080,0.093
2024-11-23,-3.79,1.23,-0.068,0.101
2024-11-24,-5.38,0.76,-0.178,0.137
2024-11-25,-6.31,1.23,-0.247,0.162
2024-11-26,-6.07,0.96,-0.298,0.131
2024-11-27,-5.28,1.42,-0.353,0.102
2024-11-28,-5.33,1.23,-0.420,0.209
2024-11-29,-5.96,1.16,-0.532,0.407
2024-11-30,-6.55,0.92,-0.644,0.522
2024-12-01,-6.38,1.01,-0.602,0.421
2024-12-02,-6.41,0.67,-0.598,0.327
2024-12-03,-6.23,0.11,-0.573,0.247
2024-12-04,-5.70,-0.20,-0.541,0.177
2024-12-05,-5.96,0.21,-0.612,0.189
2024-12-06,-5.69,-0.20,-0.606,0.148
2024-12-07,-4.72,0.08,-0.524,0.025
2024-12-08,-4.90,-0.60,-0.557,0.031
2024-12-09,-6.45,0.34,-0.642,0.131
2024-12-10,-6.01,-0.10,-0.735,0.239
2024-12-11,-5.12,-0.63,-0.645,0.139
2024-12-12,-4.79,-2.03,-0.736,0.202
2024-12-13,-3.54,-2.57,-0.747,0.274
2024-12-14,-2.89,-0.51,-0.752,0.299
2024-12-15,-3.88,0.83,-0.761,0.306
2024-12-16,-4.78,0.42,-0.868,0.329
2024-12-17,-5.69,0.70,-0.848,0.336
2024-12-18,-6.08,0.75,-0.809,0.300
2024-12-19,-5.91,0.31,-0.785,0.202
2024-12-20,-5.97,1.05,-0.755,0.195
2024-12-21,-5.08,1.08,-0.666,0.149
2024-12-22,-5.46,0.38,-0.829,0.213
2024-12-23,-5.93,0.41,-0.886,0.253
2024-12-24,-5.80,-0.20,-0.817,0.159
2024-12-25,-5.65,0.30,-0.608,0.072
2024-12-26,-5.72,0.30,-0.644,0.288
2024-12-27,-5.12,0.45,-0.883,0.585
2024-12-28,-5.06,0.27,-0.747,0.382
2024-12-29,-4.22,-0.00,-0.620,0.163
2024-12-30,-3.66,-0.78,-0.627,0.114
2024-12-31,-4.65,-0.41,-0.982,0.467
2025-01-01,-5.10,-0.72,-0.719,0.223
2025-01-02,-5.05,-1.17,-0.865,0.484
2025-01-03,-4.55,-0.40,-0.806,0.594
2025-01-04,-4.62,-1.07,-0.703,0.459
2025-01-05,-5.03,-2.24,-0.797,0.332
2025-01-06,-5.62,0.49,-0.775,0.379
2025-01-07,-5.46,0.67,-0.712,0.341
2025-01-08,-4.58,-0.00,-0.538,0.123
2025-01-09,-4.05,0.71,-0.534,0.186
2025-01-10,-4.45,0.78,-0.520,0.196
2025-01-11,-5.63,0.49,-0.586,0.176
2025-01-12,-5.64,-0.00,-0.603,0.159
2025-01-13,-5.28,-0.74,-0.612,0.101
2025-01-14,-4.22,-1.70,-0.552,0.050
2025-01-15,-4.53,-2.94,-0.676,-0.031
2025-01-16,-3.62,-1.04,-0.618,0.181
2025-01-17,-4.52,-0.63,-0.834,0.309
2025-01-18,-5.80,-0.20,-0.904,0.330
2025-01-19,-5.46,0.29,-0.760,0.261
2025-01-20,-6.13,-0.97,-1.013,0.282
2025-01-21,-6.86,0.12,-1.290,0.406
2025-01-22,-6.85,0.72,-1.128,0.332
2025-01-23,-6.56,0.11,-1.263,0.382
2025-01-24,-5.91,0.83,-1.240,0.400
2025-01-25,-5.81,-0.10,-1.008,0.197
2025-01-26,-5.88,-0.31,-1.155,0.357
2025-01-27,-6.59,0.69,-1.311,0.568
2025-01-28,-7.06,0.74,-1.089,0.305
2025-01-29,-6.32,-0.44,-0.822,0.175
2025-01-30,-7.05,-0.37,-1.213,0.467
2025-01-31,-7.43,0.52,-1.165,0.336
2025-02-01,-6.75,-0.00,-1.234,0.407
2025-02-02,-6.08,-0.42,-1.078,0.350
2025-02-03,-5.92,-0.31,-1.110,0.292
2025-02-04,-6.08,-0.75,-1.050,0.188
2025-02-05,-5.80,-0.00,-0.830,0.179
2025-02-06,-5.67,-0.10,-1.036,0.403
2025-02-07,-6.43,-0.22,-1.070,0.350
2025-02-08,-5.45,-0.57,-0.811,0.085
2025-02-09,-5.46,-1.16,-0.779,0.184
2025-02-10,-5.37,-0.66,-1.068,0.610
2025-02-11,-6.96,-0.00,-0.948,0.419
2025-02-12,-7.22,-0.13,-0.862,0.187
2025-02-13,-7.27,0.13,-0.903,0.140
2025-02-14,-5.80,-0.82,-0.705,0.113
2025-02-15,-4.84,-0.59,-0.676,0.149
2025-02-16,-6.11,0.32,-1.190,0.523
2025-02-17,-6.06,-0.21,-0.999,0.394
2025-02-18,-5.65,-0.20,-1.038,0.445
2025-02-19,-5.87,0.62,-0.775,0.365
2025-02-20,-6.36,0.67,-0.813,0.389
2025-02-21,-5.78,0.20,-0.675,0.189
2025-02-22,-5.76,-0.71,-0.704,0.055
2025-02-23,-5.17,-0.18,-0.810,0.284
2025-02-24,-5.46,0.38,-0.731,0.523
2025-02-25,-6.02,0.74,-0.635,0.418
2025-02-26,-6.28,0.77,-0.512,0.275
2025-02-27,-6.18,0.65,-0.469,0.150
2025-02-28,-5.54,-0.48,-0.476,-0.004
2025-03-01,-6.16,0.54,-0.463,-0.092
2025-03-02,-5.93,0.73,-0.493,0.066
2025-03-03,-4.69,0.33,-0.565,0.203
2025-03-04,-4.50,0.16,-0.641,0.231
2025-03-05,-4.13,-0.07,-0.552,0.247
2025-03-06,-3.92,0.83,-0.484,0.267
2025-03-07,-4.20,-0.15,-0.467,0.213
2025-03-08,-5.12,0.36,-0.520,0.100
2025-03-09,-5.86,0.41,-0.623,0.156
2025-03-10,-5.70,0.40,-0.634,0.297
2025-03-11,-5.60,0.79,-0.656,0.207
2025-03-12,-4.61,0.57,-0.551,0.122
2025-03-13,-4.75,-0.58,-0.605,0.207
2025-03-14,-4.72,-0.00,-0.631,0.279
2025-03-15,-4.60,-0.56,-0.641,0.227
2025-03-16,-5.18,-0.64,-0.673,0.200
2025-03-17,-4.70,-1.62,-0.686,0.161
2025-03-18,-3.65,-1.86,-0.656,0.240
2025-03-19,-3.57,-1.59,-0.380,0.177
2025-03-20,-5.38,-0.47,-0.419,0.232
2025-03-21,-6.71,0.12,-0.508,0.229
2025-03-22,-7.84,0.41,-0.591,0.219
2025-03-23,-8.28,-0.00,-0.683,0.198
2025-03-24,-7.84,-0.00,-0.722,0.148
2025-03-25,-7.79,-0.14,-0.776,0.149
2025-03-26,-7.14,0.37,-0.766,0.165
2025-03-27,-7.35,0.26,-0.826,0.104
2025-03-28,-6.85,-0.24,-0.852,0.165
2025-03-29,-6.57,-0.23,-0.808,0.147
2025-03-30,-6.11,0.21,-0.861,0.281
2025-03-31,-6.53,0.11,-0.954,0.351
2025-04-01,-6.54,0.46,-0.841,0.245
2025-04-02,-7.14,0.12,-0.734,0.135
2025-04-03,-7.81,-0.41,-0.723,0.230
2025-04-04,-7.38,-0.78,-0.802,0.408
2025-04-05,-6.78,-0.24,-0.777,0.380
2025-04-06,-6.45,0.23,-0.727,0.296
2025-04-07,-5.96,0.31,-0.670,0.272
2025-04-08,-6.27,0.88,-0.617,0.199
2025-04-09,-6.73,1.07,-0.541,0.198
2025-04-10,-6.53,0.92,-0.544,0.152
2025-04-11,-5.75,0.60,-0.551,0.075
2025-04-12,-5.95,1.05,-0.590,-0.000
2025-04-13,-6.07,0.64,-0.431,-0.018
2025-04-14,-6.29,-0.11,-0.340,0.145
2025-04-15,-6.33,-0.22,-0.420,0.400
2025-04-16,-6.54,0.57,-0.438,0.435
2025-04-17,-6.04,0.21,-0.500,0.413
2025-04-18,-6.11,-0.75,-0.529,0.319
2025-04-19,-6.04,-0.85,-0.517,0.283
2025-04-20,-5.30,-1.52,-0.409,0.268
2025-04-21,-4.13,-2.48,-0.377,0.175
2025-04-22,-4.00,-2.31,-0.326,0.100
2025-04-23,-3.92,-1.51,-0.394,0.198
2025-04-24,-3.65,-1.63,-0.334,0.117
2025-04-25,-3.99,-0.14,-0.342,0.131
2025-04-26,-4.95,0.70,-0.310,0.151
2025-04-27,-4.68,-0.16,-0.224,0.075
2025-04-28,-4.91,0.09,-0.200,0.027
2025-04-29,-4.62,-0.40,-0.126,0.051
2025-04-30,-4.56,-0.08,-0.102,-0.006
2025-05-01,-4.60,-0.56,-0.054,0.008
2025-05-02,-4.64,0.82,-0.122,0.088
2025-05-03,-4.99,0.26,-0.159,0.089
2025-05-04,-4.41,0.70,-0.197,0.144
2025-05-05,-4.83,0.25,-0.227,0.060
2025-05-06,-4.97,0.17,-0.269,0.106
2025-05-07,-4.24,0.67,-0.141,0.039
2025-05-08,-4.29,0.30,-0.167,0.057
2025-05-09,-5.12,0.36,-0.183,0.081
2025-05-10,-6.20,0.43,-0.281,0.067
2025-05-11,-7.12,0.75,-0.416,0.118
2025-05-12,-6.44,0.11,-0.505,0.105
2025-05-13,-5.87,-1.03,-0.530,0.119
2025-05-14,-6.23,0.88,-0.486,0.106
2025-05-15,-5.87,0.83,-0.478,0.145
2025-05-16,-6.02,1.17,-0.460,0.070
2025-05-17,-4.56,0.32,-0.440,0.067
2025-05-18,-4.87,0.17,-0.434,0.048
2025-05-19,-5.51,0.97,-0.403,0.093
2025-05-20,-6.24,0.99,-0.414,0.052
2025-05-21,-5.99,1.06,-0.423,0.078
2025-05-22,-6.56,0.57,-0.589,0.064
2025-05-23,-7.34,0.38,-0.642,0.115
2025-05-24,-7.55,0.79,-0.674,0.251
2025-05-25,-6.74,-0.00,-0.660,0.196
2025-05-26,-6.88,0.84,-0.666,0.191
2025-05-27,-7.16,0.75,-0.790,0.252
2025-05-28,-6.21,0.22,-0.886,0.325
2025-05-29,-6.73,0.59,-1.016,0.398
2025-05-30,-7.01,0.86,-1.070,0.515
2025-05-31,-7.03,1.11,-1.092,0.463
2025-06-01,-7.15,1.26,-1.267,0.555
2025-06-02,-8.26,1.46,-1.427,0.728
2025-06-03,-7.59,0.93,-1.426,0.591
2025-06-04,-6.95,0.24,-1.263,0.420
2025-06-05,-6.63,0.46,-1.305,0.538
2025-06-06,-6.78,0.59,-1.415,0.558
2025-06-07,-6.31,0.55,-1.378,0.537
2025-06-08,-6.66,1.17,-1.285,0.502
2025-06-09,-7.60,0.80,-1.335,0.525
2025-06-10,-7.17,0.25,-1.284,0.513
2025-06-11,-6.63,0.23,-1.376,0.497
2025-06-12,-7.30,1.03,-1.416,0.526
2025-06-13,-6.85,-0.00,-1.422,0.561
2025-06-14,-7.35,0.64,-1.319,0.462
2025-06-15,-6.79,0.48,-1.325,0.501
2025-06-16,-7.45,0.39,-1.241,0.457
2025-06-17,-7.11,0.37,-1.116,0.384
2025-06-18,-7.02,0.37,-1.225,0.462
2025-06-19,-6.72,0.12,-1.201,0.445
2025-06-20,-7.15,0.88,-1.094,0.432
2025-06-21,-8.02,0.84,-1.104,0.376
2025-06-22,-7.10,-0.25,-1.069,0.298
2025-06-23,-4.83,-0.59,-0.998,0.256
2025-06-24,-7.49,1.05,-1.013,0.336
2025-06-25,-7.32,0.90,-0.810,0.289
2025-06-26,-7.80,0.82,-0.844,0.227
2025-06-27,-7.07,-0.00,-0.852,0.244
2025-06-28,-5.83,-0.61,-0.716,0.131
2025-06-29,-5.47,0.19,-0.637,0.161
2025-06-30,-7.78,0.68,-0.615,0.167
2025-07-01,-7.37,0.13,-0.565,0.112
2025-07-02,-6.56,0.92,-0.569,0.098
2025-07-03,-7.31,1.55,-0.599,0.300
2025-07-04,-5.96,1.27,-0.600,0.295
2025-07-05,-6.07,1.51,-0.605,0.181
2025-07-06,-5.68,0.80,-0.567,0.162
2025-07-07,-5.36,0.28,-0.463,0.055
2025-07-08,-6.60,0.46,-0.463,0.085
2025-07-09,-6.69,0.94,-0.545,0.049
2025-07-10,-6.81,0.60,-0.495,-0.002
2025-07-11,-6.68,0.35,-0.418,0.013
2025-07-12,-6.67,0.70,-0.392,0.088
2025-07-13,-5.92,0.73,-0.496,0.172
2025-07-14,-5.73,0.30,-0.567,0.185
2025-07-15,-6.93,0.73,-0.711,0.250
2025-07-16,-6.32,0.55,-0.546,0.182
2025-07-17,-6.69,0.59,-0.598,0.183
2025-07-18,-6.68,1.06,-0.585,0.215
2025-07-19,-6.24,0.33,-0.589,0.222
2025-07-20,-6.87,1.21,-0.626,0.249
2025-07-21,-6.51,0.68,-0.607,0.165
2025-07-22,-5.80,0.51,-0.625,0.147
2025-07-23,-6.05,0.74,-0.572,0.132
2025-07-24,-6.53,0.69,-0.476,0.121
2025-07-25,-6.77,0.47,-0.557,0.208
2025-07-26,-6.32,-0.00,-0.616,0.068
2025-07-27,-5.34,0.85,-0.587,0.112
2025-07-28,-6.42,1.13,-0.637,0.171
2025-07-29,-6.44,0.68,-0.728,0.293
2025-07-30,-5.41,-0.09,-0.663,0.122
2025-07-31,-5.87,0.51,-0.636,0.075
2025-08-01,-6.52,0.80,-0.602,0.151
2025-08-02,-6.10,0.64,-0.508,0.130
2025-08-03,-6.38,1.71,-0.562,0.150
2025-08-04,-6.93,1.10,-0.690,0.061
2025-08-05,-5.99,0.63,-0.709,0.134
2025-08-06,-5.01,0.53,-0.672,0.119
2025-08-07,-4.95,-0.35,-0.661,0.185
2025-08-08,-5.09,0.09,-0.638,0.328
2025-08-09,-5.72,1.43,-0.548,0.350
2025-08-10,-5.73,0.91,-0.524,0.248
2025-08-11,-6.45,0.91,-0.505,0.220
2025-08-12,-5.23,0.46,-0.463,0.233
2025-08-13,-5.33,-0.19,-0.322,0.097
2025-08-14,-4.33,-0.23,-0.274,0.124
2025-08-15,-4.45,0.08,-0.181,0.067
2025-08-16,-2.86,-0.35,-0.077,0.066
2025-08-17,0.25,1.75,0.185,-0.095
2025-08-18,-2.54,1.59,-0.059,-0.066
2025-08-19,-5.08,1.36,-0.135,0.137
2025-08-20,-6.24,1.21,-0.108,0.074
2025-08-21,-6.25,-0.22,-0.160,0.083
2025-08-22,-5.38,0.09,-0.121,0.017
2025-08-23,-5.16,1.19,-0.098,0.052
2025-08-24,-6.17,0.32,-0.180,0.087
2025-08-25,-5.16,-0.54,-0.136,0.066
2025-08-26,-6.50,1.15,-0.176,0.087
2025-08-27,-6.36,1.70,-0.180,0.166
2025-08-28,-5.99,2.18,-0.207,0.139
2025-08-29,-5.82,1.24,-0.286,0.113
2025-08-30,-4.74,-0.41,-0.240,0.062
2025-08-31,-5.29,0.28,-0.243,0.034
2025-09-01,-5.91,0.62,-0.295,0.100
2025-09-02,-5.67,0.60,-0.299,0.050
2025-09-03,-5.96,1.16,-0.163,0.046
2025-09-04,-6.09,0.86,-0.162,-0.012
2025-09-05,-5.25,0.64,-0.128,-0.008
2025-09-06,-5.70,1.32,-0.099,-0.073
2025-09-07,-5.68,1.00,-0.173,0.026
2025-09-08,-5.16,1.00,-0.111,-0.079
2025-09-09,-5.90,1.25,-0.147,-0.023
2025-09-10,-6.79,0.95,-0.158,0.023
2025-09-11,-6.69,0.94,-0.174,0.066
2025-09-12,-5.92,0.94,-0.248,0.026
2025-09-13,-5.30,0.37,-0.352,0.035
2025-09-14,-5.73,0.60,-0.562,0.095
2025-09-15,-5.84,1.03,-0.619,0.079
2025-09-16,-5.91,0.31,-0.658,0.065
2025-09-17,-4.73,0.41,-0.521,0.038
2025-09-18,-3.99,0.63,-0.514,0.103
2025-09-19,-2.52,-0.09,-0.528,0.104
2025-09-20,-3.20,0.74,-0.590,0.129
2025-09-21,-5.39,1.05,-0.615,0.154
2025-09-22,-5.73,0.60,-0.570,0.100
2025-09-23,-5.61,0.29,-0.618,0.103
2025-09-24,-5.30,0.74,-0.560,0.144
2025-09-25,-5.67,1.73,-0.609,0.241
2025-09-26,-5.02,2.45,-0.540,0.285
2025-09-27,-4.84,1.21,-0.516,0.180
2025-09-28,-4.79,1.20,-0.505,0.197
2025-09-29,-5.97,1.27,-0.540,0.171
2025-09-30,-5.88,1.36,-0.463,0.142
2025-10-01,-5.37,1.04,-0.492,0.158
2025-10-02,-4.93,0.61,-0.545,0.257
2025-10-03,-4.75,0.33,-0.562,0.167
2025-10-04,-4.20,0.22,-0.562,0.146
2025-10-05,-4.52,0.63,-0.596,0.127
2025-10-06,-4.36,-0.23,-0.527,0.072
2025-10-07,-3.57,0.25,-0.524,0.072
2025-10-08,-3.80,0.47,-0.388,0.050
2025-10-09,-3.96,0.56,-0.448,0.090
2025-10-10,-4.11,0.87,-0.365,0.009
2025-10-11,-1.91,0.34,-0.312,0.124
2025-10-12,-1.85,-0.16,-0.215,0.043
2025-10-13,-3.15,-0.73,-0.259,0.187
2025-10-14,-3.49,0.18,-0.231,0.175
2025-10-15,-3.25,1.18,-0.069,0.104
2025-10-16,1.60,0.03,0.064,-0.048
2025-10-17,-1.15,-1.28,-0.077,-0.146
2025-10-18,-3.58,0.83,-0.243,0.159
2025-10-19,-5.74,0.10,-0.316,0.164
2025-10-20,-2.48,-0.48,-0.188,0.046
2025-10-21,-5.13,3.08,-0.327,0.120
2025-10-22,-6.68,2.04,-0.416,0.226
2025-10-23,-5.20,1.49,-0.403,0.032
2025-10-24,-3.66,3.42,-0.262,0.022
2025-10-25,-6.07,1.97,-0.231,0.032
2025-10-26,-6.65,1.91,-0.257,0.107
2025-10-27,-6.10,1.18,-0.250,-0.049
2025-10-28,-5.65,1.51,-0.145,-0.052
2025-10-29,-5.23,1.40,-0.055,-0.051
2025-10-30,-3.93,0.55,0.120,-0.129
2025-10-31,-4.29,0.76,0.038,-0.026
2025-11-01,-5.30,0.37,0.090,-0.129
2025-11-02,-7.38,1.43,-0.018,0.163
2025-11-03,-6.71,-0.00,-0.064,0.160
2025-11-04,-5.19,0.09,-0.097,0.159
2025-11-05,-4.84,0.08,-0.251,0.169
2025-11-06,-4.86,0.51,-0.469,0.077
2025-11-07,-5.35,0.66,-0.673,0.050
2025-11-08,-5.89,0.10,-0.753,0.072
2025-11-09,-6.90,1.47,-0.816,0.073
2025-11-10,-7.16,0.75,-0.688,0.110
2025-11-11,-6.40,0.67,-0.596,0.193
2025-11-12,-6.14,-0.43,-0.860,0.305
2025-11-13,-5.98,0.52,-1.050,0.358
2025-11-14,-5.41,0.66,-0.938,0.274
2025-11-15,-4.95,0.35,-0.862,0.233
2025-11-16,-4.13,0.22,-0.836,0.131
2025-11-17,-4.24,0.30,-0.754,0.083
2025-11-18,-5.16,0.18,-0.617,0.020
2025-11-19,-4.91,-0.00,-0.600,0.152
2025-11-20,-5.59,0.59,-0.768,0.375
2025-11-21,-4.97,-0.00,-0.841,0.354
2025-11-22,-5.44,-0.38,-0.948,0.256
2025-11-23,-4.69,-0.41,-0.826,0.432
2025-11-24,-5.60,-0.39,-0.792,0.302
2025-11-25,-6.00,-0.42,-0.744,0.141
2025-11-26,-6.93,-0.12,-0.631,0.125
2025-11-27,-6.62,0.35,-0.750,0.275
2025-11-28,-5.68,0.60,-1.181,0.321
2025-11-29,-6.17,0.65,-1.081,0.103
2025-11-30,-5.65,-0.00,-0.820,0.243
2025-12-01,-4.80,-0.50,-1.267,0.687
2025-12-02,-3.93,-0.84,-0.950,0.506
2025-12-03,-3.44,-1.61,-0.678,0.264
2025-12-04,-3.62,-1.04,-0.641,0.218
2025-12-05,-4.96,0.17,-0.651,0.169
2025-12-06,-5.54,-0.19,-0.729,0.145
2025-12-07,-5.49,0.38,-0.750,0.155
2025-12-08,-6.03,0.96,-0.739,0.173
2025-12-09,-5.60,0.39,-0.739,0.150
2025-12-10,-6.43,0.34,-0.825,0.196
2025-12-11,-7.10,0.75,-0.794,0.307
2025-12-12,-6.24,0.33,-0.710,0.201
2025-12-13,-6.70,0.70,-0.753,0.175
2025-12-14,-6.11,0.43,-0.771,0.154
2025-12-15,-6.20,0.87,-0.791,0.149
2025-12-16,-5.76,0.40,-0.843,0.048
2025-12-17,-5.76,0.40,-0.695,0.165
2025-12-18,-5.89,0.31,-0.796,-0.003
2025-12-19,-5.64,-0.00,-0.618,-0.064
2025-12-20,-5.44,-0.48,-0.467,0.073
2025-12-21,-5.81,-0.00,-0.581,0.348
2025-12-22,-5.55,-0.00,-0.773,0.420
2025-12-23,-5.41,-0.86,-0.759,0.235
2025-12-24,-4.23,-0.90,-0.700,0.099
2025-12-25,-3.48,-1.70,-0.522,0.077
2025-12-26,-4.14,-0.58,-0.416,0.184
2025-12-27,-5.44,-0.00,-0.486,0.206
2025-12-28,-6.23,-0.65,-0.643,0.146
2025-12-29,-6.01,-1.39,-0.706,0.159
2025-12-30,-5.88,0.41,-0.737,0.291
2025-12-31,-6.82,1.33,-0.736,0.186
2026-01-01,-7.02,1.62,-0.644,0.076
2026-01-02,-6.60,0.23,-0.622,0.093
2026-01-03,-5.98,0.95,-0.667,0.197
2026-01-04,-5.89,1.04,-0.761,0.278
2026-01-05,-4.82,0.68,-0.771,0.189
2026-01-06,-4.08,-1.02,-0.811,0.118
2026-01-07,-4.34,-0.84,-0.761,0.085
2026-01-08,-5.77,0.20,-0.588,0.029
2026-01-09,-6.22,-0.54,-0.564,0.111
2026-01-10,-5.84,-0.61,-0.639,0.235
2026-01-11,-6.06,-0.42,-0.724,0.272
2026-01-12,-5.56,-0.19,-0.707,0.292
2026-01-13,-5.85,0.41,-0.815,0.244
2026-01-14,-5.94,0.31,-0.776,0.243
2026-01-15,-6.59,1.04,-0.956,0.420
2026-01-16,-6.74,0.95,-1.064,0.454
2026-01-17,-6.72,-0.23,-1.067,0.349
2026-01-18,-7.32,0.90,-1.129,0.313
2026-01-19,-6.68,0.47,-0.954,0.198
2026-01-20,-5.93,-0.31,-0.844,0.185
2026-01-21,-4.99,-0.70,-0.860,0.221
2026-01-22,-4.66,-0.74,-0.838,0.261
2026-01-23,-4.07,-0.07,-1.006,0.513
2026-01-24,-4.60,-0.32,-1.088,0.575
2026-01-25,-5.35,0.19,-1.046,0.518
2026-01-26,-5.71,-0.80,-1.077,0.432
2026-01-27,-5.71,0.10,-1.025,0.437
2026-01-28,-5.47,0.29,-0.890,0.312
2026-01-29,-5.39,0.09,-0.900,0.360
2026-01-30,-5.36,-0.09,-0.914,0.297
2026-01-31,-6.15,1.31,-0.929,0.353
2026-02-01,-5.71,1.21,-0.879,0.370
2026-02-02,-4.68,0.58,-0.836,0.350
2026-02-03,-5.82,-0.10,-0.879,0.313
2026-02-04,-6.68,-0.70,-0.869,0.282
2026-02-05,-6.92,1.22,-0.851,0.295
2026-02-06,-5.46,1.26,-0.782,0.243
2026-02-07,-4.01,0.35,-0.777,0.203
2026-02-08,-4.45,-0.55,-0.701,0.210
2026-02-09,-4.89,-0.26,-0.591,0.158
2026-02-10,-5.20,-1.01,-0.460,0.088
2026-02-11,-5.93,-0.10,-0.332,0.074
2026-02-12,-5.87,0.72,-0.393,0.099
2026-02-13,-6.24,0.66,-0.571,0.091
2026-02-14,-5.74,-0.00,-0.646,0.521
2026-02-15,-6.22,-0.44,-0.590,0.345
2026-02-16,-6.21,-0.11,-0.589,0.235
2026-02-17,-5.90,0.10,-0.598,0.095
2026-02-18,-5.68,-0.30,-0.723,0.046
2026-02-19,-6.14,-0.11,-0.590,0.208
2026-02-20,-6.98,0.37,-0.758,0.462
2026-02-21,-7.24,0.51,-0.942,0.310
2026-02-22,-7.12,0.75,-0.847,0.191
2026-02-23,-6.67,0.58,-0.788,0.206
2026-02-24,-5.91,-0.21,-1.039,0.380
2026-02-25,-6.30,0.55,-1.122,0.345
2026-02-26,-6.93,0.61,-1.069,0.352
2026-02-27,-7.45,0.92,-1.005,0.321
2026-02-28,-7.38,0.78,-1.009,0.307
2026-03-01,-6.83,0.72,-0.948,0.282
2026-03-02,-7.14,0.50,-0.946,0.294
2026-03-03,-7.27,0.51,-0.897,0.303
2026-03-04,-7.26,0.13,-0.945,0.256
2026-03-05,-6.96,-0.12,-0.969,0.180
2026-03-06,-6.60,-0.58,-1.054,0.231
2026-03-07,-6.42,0.45,-1.078,0.432
2026-03-08,-7.45,0.39,-0.945,0.297
2026-03-09,-7.00,0.49,-0.742,0.298
2026-03-10,-7.39,0.39,-0.877,0.274
2026-03-11,-6.20,0.22,-0.816,0.090
2026-03-12,-5.29,0.18,-0.870,0.032
2026-03-13,-5.30,-0.28,-0.654,0.025
2026-03-14,-5.83,-0.31,-0.501,-0.028
2026-03-15,-6.02,-0.11,-0.517,0.144
2026-03-16,-6.60,0.81,-0.618,0.274
2026-03-17,-8.52,0.90,-0.794,0.417
2026-03-18,-6.82,0.84,-0.744,0.359
2026-03-19,-5.35,1.04,-0.791,0.354
2026-03-20,-4.65,1.60,-0.677,0.255
2026-03-21,-3.81,1.77,-0.613,0.169
2026-03-22,-3.28,0.82,-0.554,0.219
2026-03-23,-4.11,-0.36,-0.447,0.212
2026-03-24,-4.20,-0.74,-0.314,0.179
2026-03-25,-4.85,0.34,-0.176,0.058
2026-03-26,-6.66,0.70,-0.224,0.128
2026-03-27,-6.36,0.56,-0.272,0.217
2026-03-28,-5.37,-0.00,-0.246,0.169
2026-03-29,-4.85,-1.30,-0.318,0.102
2026-03-30,-5.18,-1.20,-0.425,0.100
2026-03-31,-4.94,-1.32,-0.485,0.097
2026-04-01,-4.91,-0.95,-0.519,0.096
2026-04-02,-5.03,-0.09,-0.546,0.138
2026-04-03,-5.78,0.10,-0.712,0.222
2026-04-04,-6.12,0.21,-0.769,0.373
2026-04-05,-7.14,0.88,-0.780,0.318
2026-04-06,-6.90,0.60,-0.702,0.251
2026-04-07,-6.92,1.22,-0.696,0.152
2026-04-08,-7.38,0.91,-0.716,0.144
2026-04-09,-7.05,0.62,-0.784,0.146
2026-04-10,-6.68,0.35,-0.774,0.150
2026-04-11,-6.04,0.42,-0.692,0.079
2026-04-12,-5.64,-0.00,-0.699,0.115
2026-04-13,-5.68,-0.20,-0.684,0.123
2026-04-14,-4.21,-0.29,-0.630,0.129
2026-04-15,-3.61,-0.00,-0.468,0.088
2026-04-16,-4.75,1.10,-0.612,0.334
2026-04-17,-4.70,1.00,-0.655,0.571
2026-04-18,-4.90,0.26,-0.655,0.375
2026-04-19,-4.32,-0.00,-0.652,0.152
2026-04-20,-4.51,-0.08,-0.665,0.030
2026-04-21,-4.38,-0.62,-0.547,0.153
2026-04-22,-3.86,-1.04,-0.445,0.114
2026-04-23,-4.05,-0.57,-0.541,0.337
2026-04-24,-4.26,-0.00,-0.574,0.384
2026-04-25,-3.76,0.80,-0.570,0.376
2026-04-26,-3.61,0.38,-0.512,0.293
2026-04-27,-4.94,0.35,-0.523,0.261
2026-04-28,-6.17,0.87,-0.525,0.244
2026-04-29,-5.91,0.62,-0.465,0.204
2026-04-30,-5.89,0.21,-0.471,0.138
2026-05-01,-6.17,0.22,-0.548,0.185
2026-05-02,-6.59,0.23,-0.564,0.163
2026-05-03,-6.45,0.56,-0.584,0.194
2026-05-04,-6.63,0.46,-0.617,0.156
2026-05-05,-6.82,0.60,-0.632,0.194
2026-05-06,-7.10,0.50,-0.645,0.175
2026-05-07,-6.97,0.49,-0.671,0.185
2026-05-08,-6.59,0.46,-0.692,0.169
2026-05-09,-6.88,0.24,-0.729,0.169
2026-05-10,-7.46,0.13,-0.734,0.164
2026-05-11,-7.41,0.52,-0.735,0.150
2026-05-12,-7.23,0.63,-0.759,0.198
2026-05-13,-6.93,1.10,-0.680,0.155
2026-05-14,-7.68,1.35,-0.748,0.281
2026-05-15,-7.88,0.97,-0.779,0.214
2026-05-16,-7.14,0.75,-0.708,0.191
2026-05-17,-7.71,1.08,-0.713,0.166
2026-05-18,-6.47,0.57,-0.673,0.200
2026-05-19,-6.73,0.35,-0.725,0.136
2026-05-20,-7.37,0.77,-0.781,0.230
2026-05-21,-7.36,0.77,-0.855,0.260
2026-05-22,-6.90,0.73,-0.868,0.149
2026-05-23,-6.82,0.96,-0.882,0.127
2026-05-24,-6.65,0.70,-0.734,0.171
2026-05-25,-7.16,1.01,-0.809,0.288
2026-05-26,-7.69,1.22,-0.906,0.439
2026-05-27,-7.86,0.97,-0.779,0.343
2026-05-28,-7.47,0.92,-0.738,0.294
2026-05-29,-7.26,1.02,-0.757,0.233
2026-05-30,-6.65,1.05,-0.695,0.121
2026-05-31,-6.21,1.21,-0.810,0.050
2026-06-01,-7.06,1.12,-0.745,0.080
2026-06-02,-7.80,1.66,-0.569,0.160
2026-06-03,-7.43,0.91,-0.682,0.218
2026-06-04,-6.71,1.31,-0.730,0.215
2026-06-05,-6.08,1.52,-0.684,0.194
2026-06-06,-6.26,1.44,-0.640,0.196
2026-06-07,-5.46,1.06,-0.608,0.171
2026-06-08,-6.38,1.71,-0.670,0.106
2026-06-09,-5.41,0.95,-0.618,0.065
2026-06-10,-5.32,0.75,-0.558,0.092
2026-06-11,-5.64,0.79,-0.598,0.159
2026-06-12,-7.16,1.92,-0.784,0.119
2026-06-13,-8.31,1.32,-0.879,0.187
2026-06-14,-7.14,0.62,-1.039,0.297
2026-06-15,-7.14,1.26,-1.154,0.324
2026-06-16,-6.36,1.24,-1.164,0.367
2026-06-17,-6.34,1.35,-1.050,0.323
2026-06-18,-6.28,-0.00,-0.997,0.323
2026-06-19,-6.39,0.67,-0.764,0.249
2026-06-20,-6.77,0.71,-0.742,0.070
2026-06-21,-6.26,0.88,-0.699,0.042
2026-06-22,-7.97,0.98,-1.035,0.432
2026-06-23,-6.49,-0.23,-0.767,0.149
2026-06-24,-6.00,0.31,-0.725,0.095
2026-06-25,-6.74,1.19,-0.779,0.217
2026-06-26,-7.30,0.90,-0.987,0.379
2026-06-27,-6.23,0.77,-0.735,0.223
2026-06-28,-7.19,1.27,-1.027,0.453
2026-06-29,-7.14,0.88,-0.970,0.347
2026-06-30,-7.16,0.63,-0.996,0.284
2026-07-01,-7.18,0.88,-1.140,0.440
2026-07-02,-7.98,0.98,-1.091,0.300
2026-07-03,-7.32,0.90,-1.011,0.271
2026-07-04,-6.15,1.08,-0.855,0.141
2026-07-05,-5.95,0.52,-1.097,0.354
2026-07-06,-7.26,0.51,-0.838,0.166
2026-07-07,-7.52,1.06,-0.805,0.257
2026-07-08,-7.81,0.55,-0.927,0.358
2026-07-09,-7.64,0.67,-0.937,0.280
2026-07-10,-8.11,0.42,-0.840,0.307
2026-07-11,-7.40,-0.39,-0.939,0.323
2026-07-12,-6.36,-0.11,-0.964,0.213
2026-07-13,-6.01,0.74,-0.865,0.222
2026-07-14,-7.22,1.01,-1.013,0.340
2026-07-15,-7.44,0.26,-0.966,0.278
2026-07-16,-7.47,0.39,-1.087,0.271
2026-07-17,-7.73,0.81,-1.084,0.296
2026-07-18,-7.50,-0.66,-0.985,0.195
2026-07-19,-7.19,-0.50,-1.101,0.291
2026-07-20,-6.89,0.48,-1.148,0.352
2026-07-21,-5.96,0.31,-1.053,0.287
2026-07-22,-5.99,0.95,-0.991,0.271
2026-07-23,-7.56,1.33,-1.011,0.365
2026-07-24,-6.81,0.60,-0.870,0.239
2026-07-25,-5.56,0.29,-0.863,0.287
2026-07-26,-5.61,1.09,-1.009,0.464
2026-07-27,-5.57,1.18,-0.744,0.382
2026-07-28,-5.53,0.58,-0.694,0.321
2026-07-29,-6.36,0.78,-0.839,0.337
2026-07-30,-7.53,0.53,-0.847,0.187
2026-07-31,-7.05,0.25,-0.715,0.276
2026-08-01,-6.44,1.73,-0.771,0.447
2026-08-02,-7.08,1.00,-0.870,0.304
2026-08-03,-6.75,0.95,-0.710,0.201
2026-08-04,-6.94,0.98,-0.749,0.280
2026-08-05,-5.79,0.71,-0.826,0.236
2026-08-06,-6.73,0.83,-0.937,0.252
2026-08-07,-6.58,0.23,-0.966,0.290
2026-08-08,-6.23,0.22,-0.873,0.218
2026-08-09,-5.94,0.10,-0.949,0.282
2026-08-10,-6.40,1.13,-0.879,0.297
2026-08-11,-6.33,0.66,-0.925,0.348
2026-08-12,-6.62,0.58,-0.885,0.379
2026-08-13,-6.52,1.39,-0.844,0.302
2026-08-14,-7.78,0.54,-0.851,0.279
2026-08-15,-5.42,-2.08,-0.841,0.389
2026-08-16,-5.99,1.38,-0.805,0.302
2026-08-17,-6.12,0.32,-0.760,0.287
2026-08-18,-5.06,0.35,-0.591,0.102
2026-08-19,-6.23,1.10,-0.828,0.287
2026-08-20,-6.66,0.58,-0.792,0.268
2026-08-21,-6.98,0.49,-0.782,0.221
2026-08-22,-5.56,0.19,-0.816,0.301
2026-08-23,-6.00,1.06,-0.850,0.286
2026-08-24,-6.10,1.07,-0.890,0.330
2026-08-25,-7.01,0.86,-1.026,0.376
2026-08-26,-7.04,-0.00,-0.930,0.294
2026-08-27,-6.47,0.45,-0.848,0.217
2026-08-28,-6.15,-0.11,-0.741,0.321
2026-08-29,-5.71,-0.00,-0.939,0.650
2026-08-30,-5.70,-0.00,-0.960,0.504
2026-08-31,-6.53,1.63,-0.746,0.322
2026-09-01,-6.52,1.03,-0.677,0.253
2026-09-02,-6.10,0.97,-0.543,0.183
2026-09-03,-5.97,1.05,-0.524,0.161
2026-09-04,-5.91,0.83,-0.565,0.144
2026-09-05,-6.11,1.08,-0.531,0.144
2026-09-06,-5.78,1.33,-0.502,0.203
2026-09-07,-6.24,1.10,-0.479,0.185
2026-09-08,-6.67,0.47,-0.466,0.141
2026-09-09,-6.54,0.23,-0.411,0.168
2026-09-10,-6.23,0.88,-0.343,0.152
2026-09-11,-6.98,0.98,-0.425,0.228
2026-09-12,-7.04,-0.00,-0.461,0.201
2026-09-13,-6.81,0.72,-0.506,0.173
2026-09-14,-6.15,0.76,-0.532,0.137
2026-09-15,-6.31,0.89,-0.515,0.088
2026-09-16,-5.52,0.68,-0.624,0.291
2026-09-17,-5.76,0.81,-0.665,0.280
2026-09-18,-7.33,1.16,-0.741,0.262
2026-09-19,-6.74,1.19,-0.657,0.149
2026-09-20,-6.01,0.84,-0.591,0.105
2026-09-21,-6.00,1.17,-0.573,0.191
2026-09-22,-6.21,1.10,-0.457,0.120
2026-09-23,-5.63,0.89,-0.471,0.089
2026-09-24,-6.10,0.86,-0.390,0.025
2026-09-25,-6.10,1.30,-0.416,0.108
2026-09-26,-5.45,1.06,-0.381,0.054
