date,wind_u,wind_v,cur_u,cur_v
2016-01-01,-9.68,-2.06,,
2016-01-02,-9.21,-1.46,,
2016-01-03,-8.32,-0.29,,
2016-01-04,-8.29,1.76,,
2016-01-05,-6.91,1.72,,
2016-01-06,-7.69,0.94,,
2016-01-07,-7.71,0.67,,
2016-01-08,-6.37,1.47,,
2016-01-09,-4.59,2.04,,
2016-01-10,-5.27,-0.74,,
2016-01-11,-3.76,-1.37,,
2016-01-12,-4.19,-2.82,,
2016-01-13,-6.62,-3.67,,
2016-01-14,-6.92,-2.66,,
2016-01-15,-7.07,-3.00,,
2016-01-16,-7.45,-1.45,,
2016-01-17,-6.90,-1.72,,
2016-01-18,-7.40,-0.52,,
2016-01-19,-7.17,-1.92,,
2016-01-20,-7.12,-2.18,,
2016-01-21,-7.99,0.14,,
2016-01-22,-8.14,0.71,,
2016-01-23,-9.38,1.15,,
2016-01-24,-7.43,2.56,,
2016-01-25,-7.83,-0.69,,
2016-01-26,-9.97,-1.94,,
2016-01-27,-10.90,-1.34,,
2016-01-28,-9.71,0.17,,
2016-01-29,-7.04,0.74,,
2016-01-30,-7.37,-0.00,,
2016-01-31,-7.81,-1.24,,
2016-02-01,-8.28,-0.43,,
2016-02-02,-6.77,-0.35,,
2016-02-03,-4.37,-1.59,,
2016-02-04,0.22,-2.54,,
2016-02-05,-2.81,2.81,,
2016-02-06,-8.45,3.41,,
2016-02-07,-9.03,0.63,,
2016-02-08,-7.97,1.26,,
2016-02-09,-8.25,0.87,,
2016-02-10,-9.26,-1.47,,
2016-02-11,-7.86,-0.41,,
2016-02-12,-8.24,-1.90,,
2016-02-13,-7.57,-0.66,,
2016-02-14,-7.25,0.76,,
2016-02-15,-8.43,0.89,,
2016-02-16,-9.50,-0.66,,
2016-02-17,-9.05,-0.79,,
2016-02-18,-8.14,0.57,,
2016-02-19,-5.88,1.25,,
2016-02-20,-4.85,-0.00,,
2016-02-21,-6.01,-0.63,,
2016-02-22,-6.45,-0.00,,
2016-02-23,-7.98,-0.28,,
2016-02-24,-9.44,-0.83,,
2016-02-25,-9.77,-1.72,,
2016-02-26,-8.46,-1.80,,
2016-02-27,-7.67,-1.08,,
2016-02-28,-6.79,0.71,,
2016-02-29,-6.10,-1.41,,
2016-03-01,-6.29,-2.42,,
2016-03-02,-5.81,-2.83,,
2016-03-03,-5.51,-2.57,,
2016-03-04,-8.25,-1.91,,
2016-03-05,-7.33,-0.90,,
2016-03-06,-5.57,-0.88,,
2016-03-07,-4.06,1.48,,
2016-03-08,-2.60,-1.21,,
2016-03-09,-4.94,-5.48,,
2016-03-10,-6.99,-8.33,,
2016-03-11,-7.13,-6.65,,
2016-03-12,-8.24,-2.36,,
2016-03-13,-7.94,-1.54,,
2016-03-14,-6.74,-1.31,,
2016-03-15,-7.65,-2.63,,
2016-03-16,-5.84,-0.41,,
2016-03-17,-6.50,-0.34,,
2016-03-18,-8.18,-2.19,,
2016-03-19,-7.94,-1.26,,
2016-03-20,-9.21,0.32,,
2016-03-21,-9.03,1.43,,
2016-03-22,-9.07,-0.32,,
2016-03-23,-9.29,-1.47,,
2016-03-24,-9.77,-2.08,,
2016-03-25,-10.38,-2.21,,
2016-03-26,-10.79,-1.90,,
2016-03-27,-10.99,-2.74,,
2016-03-28,-10.30,-3.15,,
2016-03-29,-9.15,-1.78,,
2016-03-30,-9.20,0.16,,
2016-03-31,-9.68,-0.34,,
2016-04-01,-9.18,0.32,,
2016-04-02,-7.99,-0.00,,
2016-04-03,-7.61,-0.80,,
2016-04-04,-7.67,-1.22,,
2016-04-05,-6.28,-0.44,,
2016-04-06,-4.78,0.42,,
2016-04-07,-6.42,-0.45,,
2016-04-08,-7.25,-0.63,,
2016-04-09,-8.06,-1.42,,
2016-04-10,-7.73,-1.36,,
2016-04-11,-8.06,-1.57,,
2016-04-12,-6.51,-0.57,,
2016-04-13,-3.57,1.82,,
2016-04-14,-0.39,1.71,,
2016-04-15,-1.79,0.12,,
2016-04-16,-2.83,0.76,,
2016-04-17,-4.64,0.74,,
2016-04-18,-3.41,1.11,,
2016-04-19,-5.01,-0.79,,
2016-04-20,-5.18,-2.09,,
2016-04-21,-5.69,-2.18,,
2016-04-22,-7.32,-0.90,,
2016-04-23,-8.43,0.89,,
2016-04-24,-6.69,2.17,,
2016-04-25,-4.90,1.04,,
2016-04-26,-6.13,1.53,,
2016-04-27,-7.66,1.35,,
2016-04-28,-8.45,1.34,,
2016-04-29,-6.88,1.97,,
2016-04-30,-7.08,2.72,,
2016-05-01,-6.64,2.55,,
2016-05-02,-7.00,0.24,,
2016-05-03,-7.01,-0.74,,
2016-05-04,-6.82,-0.96,,
2016-05-05,-6.51,0.11,,
2016-05-06,-6.75,3.01,,
2016-05-07,-7.37,3.59,,
2016-05-08,-6.37,1.71,,
2016-05-09,-7.85,-0.55,,
2016-05-10,-8.95,-2.23,,
2016-05-11,-8.62,-2.80,,
2016-05-12,-8.03,-0.14,,
2016-05-13,-6.98,0.12,,
2016-05-14,-8.78,-0.00,,
2016-05-15,-8.19,-1.59,,
2016-05-16,-8.42,-1.33,,
2016-05-17,-9.36,-1.82,,
2016-05-18,-9.25,-1.80,,
2016-05-19,-8.81,-1.40,,
2016-05-20,-8.42,-0.44,,
2016-05-21,-9.30,-1.14,,
2016-05-22,-9.42,0.16,,
2016-05-23,-9.26,1.47,,
2016-05-24,-8.57,-0.30,,
2016-05-25,-7.30,-2.37,,
2016-05-26,-5.48,-0.97,,
2016-05-27,-7.06,0.87,,
2016-05-28,-6.95,0.73,,
2016-05-29,-5.84,-0.20,,
2016-05-30,-7.03,0.74,,
2016-05-31,-9.02,-0.32,,
2016-06-01,-9.39,-0.82,,
2016-06-02,-8.70,-0.30,,
2016-06-03,-9.01,-1.75,,
2016-06-04,-8.56,-1.98,,
2016-06-05,-8.44,-1.19,,
2016-06-06,-7.83,-0.14,,
2016-06-07,-8.32,1.02,,
2016-06-08,-8.98,-0.63,,
2016-06-09,-8.37,-1.18,,
2016-06-10,-7.69,-1.77,,
2016-06-11,-7.22,-0.25,,
2016-06-12,-7.73,-0.41,,
2016-06-13,-8.46,1.64,,
2016-06-14,-8.03,0.56,,
2016-06-15,-7.87,-2.41,,
2016-06-16,-7.62,-2.77,,
2016-06-17,-7.42,-0.78,,
2016-06-18,-8.25,-1.46,,
2016-06-19,-9.60,0.50,,
2016-06-20,-8.80,-1.08,,
2016-06-21,-8.66,-1.06,,
2016-06-22,-9.06,-0.00,,
2016-06-23,-8.49,-1.80,,
2016-06-24,-9.30,-2.49,,
2016-06-25,-9.02,-2.08,,
2016-06-26,-6.37,-1.83,,
2016-06-27,-6.91,-0.24,,
2016-06-28,-7.81,1.10,,
2016-06-29,-9.70,-0.00,,
2016-06-30,-9.08,-2.26,,
2016-07-01,-8.88,-0.78,,
2016-07-02,-9.96,-0.87,,
2016-07-03,-9.68,-3.33,,
2016-07-04,-9.16,-2.28,,
2016-07-05,-9.22,-1.13,,
2016-07-06,-8.35,-3.54,,
2016-07-07,-7.88,-3.67,,
2016-07-08,-7.32,-1.42,,
2016-07-09,-8.73,-0.46,,
2016-07-10,-9.68,-0.85,,
2016-07-11,-8.45,-3.94,,
2016-07-12,-7.70,-3.76,,
2016-07-13,-8.23,-0.29,,
2016-07-14,-7.87,-2.41,,
2016-07-15,-8.50,-3.78,,
2016-07-16,-8.35,-1.47,,
2016-07-17,-6.42,-2.21,,
2016-07-18,-5.97,-1.27,,
2016-07-19,-7.30,0.77,,
2016-07-20,-8.10,-0.14,,
2016-07-21,-9.00,-1.43,,
2016-07-22,-6.66,-3.25,,
2016-07-23,-7.17,-1.52,,
2016-07-24,-7.88,-0.55,,
2016-07-25,-6.89,-1.98,,
2016-07-26,-7.52,-1.19,,
2016-07-27,-7.74,-0.54,,
2016-07-28,-6.69,-2.98,,
2016-07-29,-8.81,-2.03,,
2016-07-30,-8.57,-4.56,,
2016-07-31,-8.98,1.75,,
2016-08-01,-9.47,-0.83,,
2016-08-02,-7.29,-2.51,,
2016-08-03,-8.21,-2.51,,
2016-08-04,-7.45,-3.63,,
2016-08-05,-8.73,-1.07,,
2016-08-06,-4.26,2.77,,
2016-08-07,-5.14,-0.81,,
2016-08-08,-7.54,-0.93,,
2016-08-09,-6.79,-1.20,,
2016-08-10,-7.77,-0.82,,
2016-08-11,-7.89,-1.25,,
2016-08-12,-6.24,0.22,,
2016-08-13,-6.30,0.77,,
2016-08-14,-8.77,-0.92,,
2016-08-15,-8.28,-1.61,,
2016-08-16,-7.60,-1.89,,
2016-08-17,-7.25,-2.22,,
2016-08-18,-8.77,-2.19,,
2016-08-19,-8.24,-1.90,,
2016-08-20,-5.31,-1.03,,
2016-08-21,-4.82,-1.38,,
2016-08-22,-5.28,-1.03,,
2016-08-23,-2.43,-3.60,,
2016-08-24,-2.69,2.99,,
2016-08-25,-7.01,1.49,,
2016-08-26,-4.36,1.17,,
2016-08-27,-4.01,-1.00,,
2016-08-28,-5.21,-0.46,,
2016-08-29,-7.24,0.38,,
2016-08-30,-8.18,-2.19,,
2016-08-31,-9.23,-3.00,,
2016-09-01,-8.43,-1.03,,
2016-09-02,-8.22,-1.90,,
2016-09-03,-7.52,-5.66,,
2016-09-04,-11.85,-5.03,,
2016-09-05,-8.32,1.77,,
2016-09-06,-6.81,-0.72,,
2016-09-07,-5.94,-1.15,,
2016-09-08,-5.84,-1.46,,
2016-09-09,-5.18,1.39,,
2016-09-10,-7.74,-1.50,,
2016-09-11,-6.03,-3.77,,
2016-09-12,-6.37,-3.53,,
2016-09-13,-6.12,-3.39,,
2016-09-14,-6.34,-3.23,,
2016-09-15,-4.36,-1.09,,
2016-09-16,-3.32,-1.08,,
2016-09-17,-4.34,1.25,,
2016-09-18,-5.46,1.06,,
2016-09-19,-5.88,-0.41,,
2016-09-20,-4.10,-2.46,,
2016-09-21,2.53,1.07,,
2016-09-22,-1.55,2.91,,
2016-09-23,-4.68,2.18,,
2016-09-24,-5.92,-1.04,,
2016-09-25,-4.79,-2.03,,
2016-09-26,-4.71,-1.35,,
2016-09-27,-7.02,-1.36,,
2016-09-28,-13.54,-5.20,,
2016-09-29,-13.04,-0.23,,
2016-09-30,-6.75,-1.93,,
2016-10-01,-6.04,-0.32,,
2016-10-02,-5.31,1.62,,
2016-10-03,-4.67,3.27,,
2016-10-04,-5.60,1.50,,
2016-10-05,-7.42,-0.65,,
2016-10-06,-8.11,-1.14,,
2016-10-07,-7.55,0.66,,
2016-10-08,-6.46,0.79,,
2016-10-09,-5.76,3.06,,
2016-10-10,-4.81,4.33,,
2016-10-11,-6.27,0.88,,
2016-10-12,-7.11,0.50,,
2016-10-13,-6.38,-0.11,,
2016-10-14,-6.04,-1.85,,
2016-10-15,-4.62,-2.67,,
2016-10-16,-3.27,-1.19,,
2016-10-17,-3.16,1.83,,
2016-10-18,-3.26,3.50,,
2016-10-19,-4.67,3.78,,
2016-10-20,-6.57,0.92,,
2016-10-21,-7.04,-0.86,,
2016-10-22,-6.77,0.35,,
2016-10-23,-7.01,-1.62,,
2016-10-24,-7.00,-2.41,,
2016-10-25,-6.53,-0.46,,
2016-10-26,-3.50,1.71,,
2016-10-27,-3.50,-0.12,,
2016-10-28,-4.27,-0.07,,
2016-10-29,-4.52,1.30,,
2016-10-30,-3.22,1.37,,
2016-10-31,-0.70,1.57,,
2016-11-01,2.72,3.36,,
2016-11-02,3.27,3.51,,
2016-11-03,0.20,2.28,,
2016-11-04,-4.78,1.93,,
2016-11-05,-7.47,2.87,,
2016-11-06,-5.51,3.58,,
2016-11-07,-5.26,1.21,,
2016-11-08,-5.29,-0.09,,
2016-11-09,-6.22,1.55,,
2016-11-10,-7.24,1.02,,
2016-11-11,-6.78,0.24,,
2016-11-12,-7.51,-0.79,,
2016-11-13,-7.87,-2.71,,
2016-11-14,-7.35,-3.43,,
2016-11-15,-7.33,-2.67,,
2016-11-16,-6.51,-0.23,,
2016-11-17,-5.77,1.33,,
2016-11-18,-6.57,0.34,,
2016-11-19,-6.47,-0.45,,
2016-11-20,-5.59,-0.39,,
2016-11-21,-6.92,0.48,,
2016-11-22,-8.10,0.14,,
2016-11-23,-7.84,-1.24,,
2016-11-24,-9.18,-2.81,,
2016-11-25,-8.09,-2.63,,
2016-11-26,-8.60,-2.79,,
2016-11-27,-6.58,0.23,,
2016-11-28,-3.17,6.79,,
2016-11-29,3.49,3.49,,
2016-11-30,-3.65,3.65,,
2016-12-01,-6.41,1.36,,
2016-12-02,-7.14,0.12,,
2016-12-03,-7.41,-0.78,,
2016-12-04,-5.56,-1.39,,
2016-12-05,-6.25,-2.40,,
2016-12-06,-7.40,-4.44,,
2016-12-07,-8.17,-4.34,,
2016-12-08,-8.95,-3.61,,
2016-12-09,-9.29,-1.81,,
2016-12-10,-8.95,-2.74,,
2016-12-11,-10.06,-4.69,,
2016-12-12,-10.46,-4.23,,
2016-12-13,-10.44,-2.60,,
2016-12-14,-9.49,-3.08,,
2016-12-15,-8.18,-1.44,,
2016-12-16,-7.46,-2.57,,
2016-12-17,-9.79,-2.99,,
2016-12-18,-11.07,-4.93,,
2016-12-19,-10.44,-3.80,,
2016-12-20,-10.28,-3.34,,
2016-12-21,-9.96,-2.48,,
2016-12-22,-8.91,-2.56,,
2016-12-23,-8.75,-1.70,,
2016-12-24,-9.88,-3.40,,
2016-12-25,-9.68,-5.15,,
2016-12-26,-8.83,-5.52,,
2016-12-27,-10.19,-4.12,,
2016-12-28,-10.52,-2.05,,
2016-12-29,-9.13,-1.45,,
2016-12-30,-8.92,-1.41,,
2016-12-31,-7.97,-1.69,,
2017-01-01,-6.77,-2.33,,
2017-01-02,-7.04,-2.29,,
2017-01-03,-6.30,-1.22,,
2017-01-04,-6.16,0.11,,
2017-01-05,-5.76,0.40,,
2017-01-06,-6.20,-1.09,,
2017-01-07,-7.14,-1.13,,
2017-01-08,-6.22,-0.44,,
2017-01-09,-4.58,-1.31,,
2017-01-10,-4.81,-1.02,,
2017-01-11,-3.53,-0.81,,
2017-01-12,-2.76,-4.10,,
2017-01-13,-0.90,-3.59,,
2017-01-14,-3.80,-3.67,,
2017-01-15,-6.23,-3.31,,
2017-01-16,-6.23,-1.79,,
2017-01-17,-6.65,-2.42,,
2017-01-18,-5.82,-2.84,,
2017-01-19,-4.25,-1.06,,
2017-01-20,-2.91,-0.56,,
2017-01-21,-2.39,-0.78,,
2017-01-22,-2.19,-0.76,,
2017-01-23,-2.81,0.45,,
2017-01-24,-3.43,1.82,,
2017-01-25,-3.08,1.12,,
2017-01-26,-3.53,-0.69,,
2017-01-27,-4.98,-0.35,,
2017-01-28,-6.19,0.32,,
2017-01-29,-7.47,-0.13,,
2017-01-30,-5.73,1.01,,
2017-01-31,-5.80,-0.20,,
2017-02-01,-6.50,0.11,,
2017-02-02,-7.10,0.25,,
2017-02-03,-6.73,-0.59,,
2017-02-04,-5.68,-0.70,,
2017-02-05,-6.03,-1.39,,
2017-02-06,-6.91,-0.48,,
2017-02-07,-7.44,-0.13,,
2017-02-08,-7.84,-0.00,,
2017-02-09,-6.94,0.61,,
2017-02-10,-5.69,-1.21,,
2017-02-11,-5.82,-2.01,,
2017-02-12,-5.46,-2.67,,
2017-02-13,-3.87,-1.33,,
2017-02-14,-3.43,-0.36,,
2017-02-15,-4.96,-0.43,,
2017-02-16,-5.32,0.28,,
2017-02-17,-4.09,-0.43,,
2017-02-18,-3.77,-0.60,,
2017-02-19,-4.70,-0.91,,
2017-02-20,-3.56,0.56,,
2017-02-21,2.65,2.15,,
2017-02-22,1.69,-0.75,,
2017-02-23,-1.20,0.13,,
2017-02-24,-3.05,0.82,,
2017-02-25,-3.78,0.80,,
2017-02-26,-5.38,-0.57,,
2017-02-27,-6.68,-1.54,,
2017-02-28,-7.53,-2.02,,
2017-03-01,-7.68,-1.63,,
2017-03-02,-8.10,-2.17,,
2017-03-03,-7.93,-0.83,,
2017-03-04,-7.26,-1.15,,
2017-03-05,-5.67,-0.90,,
2017-03-06,-5.50,-1.79,,
2017-03-07,-7.02,-2.98,,
2017-03-08,-7.37,-4.79,,
2017-03-09,-8.54,-1.97,,
2017-03-10,-8.83,-1.40,,
2017-03-11,-7.18,0.50,,
2017-03-12,-5.98,-0.31,,
2017-03-13,-5.77,-0.71,,
2017-03-14,-6.52,-1.39,,
2017-03-15,-6.76,-0.59,,
2017-03-16,-6.91,-0.36,,
2017-03-17,-6.19,-1.09,,
2017-03-18,-6.39,-1.36,,
2017-03-19,-5.26,0.55,,
2017-03-20,-3.27,1.06,,
2017-03-21,-3.93,0.91,,
2017-03-22,-5.56,0.98,,
2017-03-23,-5.45,1.77,,
2017-03-24,-4.50,0.71,,
2017-03-25,-5.51,0.87,,
2017-03-26,-4.52,1.47,,
2017-03-27,-3.77,1.52,,
2017-03-28,-3.46,1.47,,
2017-03-29,-2.33,0.90,,
2017-03-30,-3.00,0.10,,
2017-03-31,-4.46,-0.00,,
2017-04-01,-5.02,0.44,,
2017-04-02,-4.95,0.35,,
2017-04-03,-4.33,0.23,,
2017-04-04,-4.63,-0.57,,
2017-04-05,-5.52,-0.97,,
2017-04-06,-5.80,-0.41,,
2017-04-07,-5.40,-0.38,,
2017-04-08,-4.59,0.48,,
2017-04-09,-4.52,0.80,,
2017-04-10,-5.75,0.60,,
2017-04-11,-4.97,1.15,,
2017-04-12,-3.80,1.61,,
2017-04-13,-2.36,1.37,,
2017-04-14,-2.09,1.07,,
2017-04-15,-3.03,0.64,,
2017-04-16,-4.83,-0.68,,
2017-04-17,-5.61,-1.09,,
2017-04-18,-6.28,-1.33,,
2017-04-19,-5.64,-2.05,,
2017-04-20,-4.49,-1.20,,
2017-04-21,-4.64,-0.82,,
2017-04-22,-5.42,-0.38,,
2017-04-23,-5.17,0.82,,
2017-04-24,-6.13,1.53,,
2017-04-25,-6.55,0.80,,
2017-04-26,-5.92,-0.31,,
2017-04-27,-5.46,0.67,,
2017-04-28,-5.77,0.40,,
2017-04-29,-6.38,-0.33,,
2017-04-30,-6.01,-0.32,,
2017-05-01,-6.24,-0.77,,
2017-05-02,-5.41,-0.95,,
2017-05-03,-4.60,0.40,,
2017-05-04,-5.36,0.37,,
2017-05-05,-6.27,0.33,,
2017-05-06,-6.24,0.11,,
2017-05-07,-6.19,-0.76,,
2017-05-08,-6.47,0.45,,
2017-05-09,-5.33,1.43,,
2017-05-10,-4.29,0.83,,
2017-05-11,-3.95,1.52,,
2017-05-12,-3.07,0.16,,
2017-05-13,-4.37,0.77,,
2017-05-14,-5.88,0.21,,
2017-05-15,-6.58,0.58,,
2017-05-16,-6.59,1.04,,
2017-05-17,-6.60,-0.23,,
2017-05-18,-6.18,0.11,,
2017-05-19,-6.01,-0.63,,
2017-05-20,-5.81,-0.20,,
2017-05-21,-6.13,-0.11,,
2017-05-22,-5.88,-0.51,,
2017-05-23,-6.33,-0.33,,
2017-05-24,-6.53,-0.00,,
2017-05-25,-5.61,-0.79,,
2017-05-26,-4.93,0.26,,
2017-05-27,-5.19,-0.09,,
2017-05-28,-5.09,0.81,,
2017-05-29,-5.59,0.78,,
2017-05-30,-6.27,-0.44,,
2017-05-31,-5.83,-0.72,,
2017-06-01,-5.21,-0.83,,
2017-06-02,-5.55,0.78,,
2017-06-03,-5.49,1.27,,
2017-06-04,-6.13,1.19,,
2017-06-05,-7.43,-0.52,,
2017-06-06,-6.64,-0.82,,
2017-06-07,-5.90,0.31,,
2017-06-08,-5.38,0.66,,
2017-06-09,-5.60,0.39,,
2017-06-10,-5.86,-0.10,,
2017-06-11,-6.08,-0.96,,
2017-06-12,-6.07,-0.85,,
2017-06-13,-6.01,0.10,,
2017-06-14,-5.59,0.99,,
2017-06-15,-5.63,0.20,,
2017-06-16,-5.42,-0.00,,
2017-06-17,-5.77,-0.91,,
2017-06-18,-6.60,-0.58,,
2017-06-19,-7.17,-0.38,,
2017-06-20,-7.42,-0.39,,
2017-06-21,-6.23,-0.65,,
2017-06-22,-4.92,-0.52,,
2017-06-23,-4.87,0.08,,
2017-06-24,-5.81,0.71,,
2017-06-25,-6.72,-0.71,,
2017-06-26,-6.36,-0.89,,
2017-06-27,-5.68,-2.30,,
2017-06-28,-7.19,-1.27,,
2017-06-29,-4.95,0.87,,
2017-06-30,-5.94,-0.21,,
2017-07-01,-6.68,-1.66,,
2017-07-02,-5.66,0.40,,
2017-07-03,-6.04,-1.06,,
2017-07-04,-6.50,0.34,,
2017-07-05,-6.42,-0.79,,
2017-07-06,-5.74,-0.60,,
2017-07-07,-5.10,0.63,,
2017-07-08,-3.87,-0.97,,
2017-07-09,-3.04,0.93,,
2017-07-10,-4.47,0.55,,
2017-07-11,-4.66,-0.08,,
2017-07-12,-4.91,0.95,,
2017-07-13,-5.39,0.28,,
2017-07-14,-6.18,-0.00,,
2017-07-15,-5.74,0.30,,
2017-07-16,-5.37,-0.19,,
2017-07-17,-5.64,0.10,,
2017-07-18,-7.22,-0.25,,
2017-07-19,-7.33,-1.69,,
2017-07-20,-5.61,-1.09,,
2017-07-21,-4.14,0.07,,
2017-07-22,-3.58,0.44,,
2017-07-23,-5.87,0.41,,
2017-07-24,-5.78,-0.61,,
2017-07-25,-5.24,-0.00,,
2017-07-26,-5.14,0.45,,
2017-07-27,-4.45,0.08,,
2017-07-28,-4.75,1.01,,
2017-07-29,-4.57,0.24,,
2017-07-30,-5.07,0.71,,
2017-07-31,-5.86,-0.72,,
2017-08-01,-6.20,-1.78,,
2017-08-02,-6.80,-0.36,,
2017-08-03,-7.16,1.01,,
2017-08-04,-5.50,0.97,,
2017-08-05,-5.28,-0.84,,
2017-08-06,-5.03,-0.71,,
2017-08-07,-5.88,0.31,,
2017-08-08,-6.00,-0.74,,
2017-08-09,-5.50,-0.77,,
2017-08-10,-3.15,0.16,,
2017-08-11,-4.31,0.53,,
2017-08-12,-5.57,-0.88,,
2017-08-13,-5.57,-0.10,,
2017-08-14,-5.64,-0.89,,
2017-08-15,-6.77,-2.20,,
2017-08-16,-5.58,0.10,,
2017-08-17,-5.52,0.19,,
2017-08-18,-7.43,-1.72,,
2017-08-19,-4.17,1.27,,
2017-08-20,-4.99,-0.00,,
2017-08-21,-4.81,-0.34,,
2017-08-22,-3.50,-0.55,,
2017-08-23,-2.93,-0.00,,
2017-08-24,-4.13,-0.00,,
2017-08-25,-4.89,-1.49,,
2017-08-26,-4.52,-0.00,,
2017-08-27,-4.04,-0.00,,
2017-08-28,-2.37,0.73,,
2017-08-29,-4.55,-0.16,,
2017-08-30,-5.69,-0.20,,
2017-08-31,-4.89,-1.31,,
2017-09-01,-3.96,-0.70,,
2017-09-02,-3.34,-0.23,,
2017-09-03,-2.30,0.62,,
2017-09-04,-1.90,-1.90,,
2017-09-05,1.94,-3.37,,
2017-09-06,3.06,5.30,,
2017-09-07,-3.93,2.18,,
2017-09-08,-3.73,-1.36,,
2017-09-09,1.78,1.60,,
2017-09-10,-3.88,1.33,,
2017-09-11,-5.86,-0.20,,
2017-09-12,-6.19,0.11,,
2017-09-13,-2.92,1.69,,
2017-09-14,-2.87,1.46,,
2017-09-15,-5.51,0.19,,
2017-09-16,-5.36,0.56,,
2017-09-17,-4.92,-2.51,,
2017-09-18,-6.51,-7.23,,
2017-09-19,-9.13,9.13,,
2017-09-20,-2.97,3.42,,
2017-09-21,-3.75,2.17,,
2017-09-22,-3.75,1.75,,
2017-09-23,-3.74,1.44,,
2017-09-24,-4.29,0.83,,
2017-09-25,-4.27,0.22,,
2017-09-26,-5.56,-0.19,,
2017-09-27,-5.95,-1.16,,
2017-09-28,-6.22,-0.33,,
2017-09-29,-5.33,0.75,,
2017-09-30,-4.50,0.47,,
2017-10-01,-4.87,-0.00,,
2017-10-02,-5.84,-0.72,,
2017-10-03,-5.17,-0.54,,
2017-10-04,-3.31,1.41,,
2017-10-05,-3.70,0.92,,
2017-10-06,-4.41,-0.23,,
2017-10-07,-4.43,-0.47,,
2017-10-08,-3.88,-0.07,,
2017-10-09,-2.00,0.57,,
2017-10-10,-0.82,0.71,,
2017-10-11,-2.17,1.26,,
2017-10-12,-3.64,-0.51,,
2017-10-13,-3.22,-1.43,,
2017-10-14,-1.98,1.19,,
2017-10-15,-5.79,1.88,,
2017-10-16,-6.24,1.44,,
2017-10-17,-6.35,1.82,,
2017-10-18,-8.02,0.84,,
2017-10-19,-7.73,0.68,,
2017-10-20,-6.25,-0.00,,
2017-10-21,-7.23,-0.38,,
2017-10-22,-6.27,-0.77,,
2017-10-23,-5.35,-1.04,,
2017-10-24,-3.69,0.39,,
2017-10-25,-4.50,1.21,,
2017-10-26,-4.00,0.92,,
2017-10-27,-3.06,1.18,,
2017-10-28,-4.09,1.17,,
2017-10-29,-3.73,0.86,,
2017-10-30,-3.58,-0.00,,
2017-10-31,-3.70,-0.72,,
2017-11-01,-3.77,-1.08,,
2017-11-02,-3.44,-0.48,,
2017-11-03,-3.53,-0.18,,
2017-11-04,-3.15,0.56,,
2017-11-05,-4.20,1.05,,
2017-11-06,-4.67,-0.08,,
2017-11-07,-5.38,0.19,,
2017-11-08,-6.02,0.42,,
2017-11-09,-5.20,-0.36,,
2017-11-10,-5.28,0.65,,
2017-11-11,-5.12,0.27,,
2017-11-12,-5.34,-0.09,,
2017-11-13,-5.76,0.10,,
2017-11-14,-4.82,1.20,,
2017-11-15,-2.61,1.63,,
2017-11-16,-2.36,1.78,,
2017-11-17,-2.79,1.42,,
2017-11-18,-2.56,1.48,,
2017-11-19,-2.87,1.79,,
2017-11-20,-4.48,0.55,,
2017-11-21,-5.04,-0.53,,
2017-11-22,-4.40,-0.62,,
2017-11-23,-2.78,0.29,,
2017-11-24,-4.41,0.94,,
2017-11-25,-4.53,0.16,,
2017-11-26,-5.15,-0.36,,
2017-11-27,-4.18,-0.07,,
2017-11-28,-4.57,0.56,,
2017-11-29,-5.53,-0.58,,
2017-11-30,-3.99,0.70,,
2017-12-01,-3.00,1.40,,
2017-12-02,-2.31,0.75,,
2017-12-03,-3.95,0.70,,
2017-12-04,-4.76,0.93,,
2017-12-05,-5.14,-0.27,,
2017-12-06,-5.80,-1.45,,
2017-12-07,-5.88,-1.04,,
2017-12-08,-6.91,-1.22,,
2017-12-09,-6.98,-1.36,,
2017-12-10,-4.64,-0.65,,
2017-12-11,-2.76,-0.39,,
2017-12-12,-1.42,0.28,,
2017-12-13,-2.58,0.94,,
2017-12-14,-4.21,-0.59,,
2017-12-15,-5.72,-1.53,,
2017-12-16,-6.22,-2.02,,
2017-12-17,-5.67,-1.52,,
2017-12-18,-5.54,-1.28,,
2017-12-19,-5.37,-1.54,,
2017-12-20,-5.13,-1.28,,
2017-12-21,-5.38,-1.05,,
2017-12-22,-5.97,-0.94,,
2017-12-23,-5.92,-1.37,,
2017-12-24,-6.44,-1.37,,
2017-12-25,-6.17,-1.89,,
2017-12-26,-6.77,-1.56,,
2017-12-27,-7.05,-1.76,,
2017-12-28,-7.12,-0.87,,
2017-12-29,-6.31,-1.46,,
2017-12-30,-5.41,0.19,,
2017-12-31,-5.60,0.79,,
2018-01-01,-5.32,-0.28,,
2018-01-02,-4.62,-0.73,,
2018-01-03,-3.58,0.76,,
2018-01-04,-4.04,0.64,,
2018-01-05,-5.30,1.22,,
2018-01-06,-7.30,1.03,,
2018-01-07,-7.01,0.74,,
2018-01-08,-6.06,-0.32,,
2018-01-09,-6.01,0.21,,
2018-01-10,-5.43,1.06,,
2018-01-11,-7.09,0.12,,
2018-01-12,-7.10,-0.87,,
2018-01-13,-5.99,-0.63,,
2018-01-14,-5.38,-0.00,,
2018-01-15,-4.52,0.47,,
2018-01-16,-5.10,-0.27,,
2018-01-17,-5.07,-0.98,,
2018-01-18,-4.57,0.24,,
2018-01-19,-5.00,0.09,,
2018-01-20,-5.96,-1.27,,
2018-01-21,-6.70,-1.55,,
2018-01-22,-5.64,-0.39,,
2018-01-23,-5.40,-0.38,,
2018-01-24,-5.49,-1.37,,
2018-01-25,-5.23,-1.60,,
2018-01-26,-4.86,-1.30,,
2018-01-27,-6.58,-2.39,,
2018-01-28,-7.71,-2.51,,
2018-01-29,-8.52,-1.66,,
2018-01-30,-7.67,-1.49,,
2018-01-31,-4.19,-2.52,,
2018-02-01,-4.85,-2.26,,
2018-02-02,-5.04,-1.64,,
2018-02-03,-4.59,-2.24,,
2018-02-04,-5.41,-2.18,,
2018-02-05,-7.01,-0.61,,
2018-02-06,-7.14,-1.65,,
2018-02-07,-7.30,-2.66,,
2018-02-08,-7.32,-1.42,,
2018-02-09,-7.21,-0.76,,
2018-02-10,-7.88,-1.53,,
2018-02-11,-8.22,-2.36,,
2018-02-12,-7.90,-3.19,,
2018-02-13,-7.86,-2.40,,
2018-02-14,-7.75,-2.67,,
2018-02-15,-6.52,-2.25,,
2018-02-16,-5.58,-1.92,,
2018-02-17,-6.55,-1.88,,
2018-02-18,-7.00,-1.49,,
2018-02-19,-7.99,-3.73,,
2018-02-20,-7.14,-3.33,,
2018-02-21,-7.42,-2.70,,
2018-02-22,-7.27,-2.94,,
2018-02-23,-7.53,-2.30,,
2018-02-24,-7.11,-2.31,,
2018-02-25,-5.31,-0.84,,
2018-02-26,-5.07,-0.89,,
2018-02-27,-4.56,-0.72,,
2018-02-28,-3.14,-1.08,,
2018-03-01,-4.25,-1.47,,
2018-03-02,-4.81,-1.56,,
2018-03-03,-1.98,0.57,,
2018-03-04,2.56,2.00,,
2018-03-05,2.44,-0.75,,
2018-03-06,-3.53,-1.29,,
2018-03-07,-5.60,-1.82,,
2018-03-08,-6.11,-0.43,,
2018-03-09,-6.31,-0.11,,
2018-03-10,-7.31,-0.38,,
2018-03-11,-6.75,0.47,,
2018-03-12,-6.35,1.12,,
2018-03-13,-4.80,0.85,,
2018-03-14,-6.17,0.65,,
2018-03-15,-5.78,1.12,,
2018-03-16,-5.93,0.21,,
2018-03-17,-5.08,0.09,,
2018-03-18,-4.15,0.73,,
2018-03-19,-3.32,0.77,,
2018-03-20,-4.60,0.16,,
2018-03-21,-6.54,0.69,,
2018-03-22,-7.29,0.77,,
2018-03-23,-5.74,0.20,,
2018-03-24,-4.28,0.37,,
2018-03-25,-4.54,-0.48,,
2018-03-26,-5.38,0.66,,
2018-03-27,-4.30,-0.30,,
2018-03-28,-2.30,-0.57,,
2018-03-29,-2.72,-1.90,,
2018-03-30,-3.09,-2.99,,
2018-03-31,-3.30,-1.68,,
2018-04-01,-2.59,-0.18,,
2018-04-02,-3.76,0.46,,
2018-04-03,-4.75,-0.08,,
2018-04-04,-4.72,-0.41,,
2018-04-05,-5.14,-1.38,,
2018-04-06,-4.21,-0.22,,
2018-04-07,-4.99,0.26,,
2018-04-08,-5.76,0.50,,
2018-04-09,-6.25,-0.77,,
2018-04-10,-7.58,-0.80,,
2018-04-11,-7.59,0.26,,
2018-04-12,-7.22,1.01,,
2018-04-13,-6.54,0.46,,
2018-04-14,-6.62,0.23,,
2018-04-15,-6.09,-0.21,,
2018-04-16,-4.84,0.42,,
2018-04-17,-4.48,1.63,,
2018-04-18,-6.33,1.58,,
2018-04-19,-7.13,-0.62,,
2018-04-20,-6.88,-0.00,,
2018-04-21,-7.04,-0.99,,
2018-04-22,-5.33,-0.75,,
2018-04-23,-5.63,0.39,,
2018-04-24,-4.35,-0.46,,
2018-04-25,-4.39,0.69,,
2018-04-26,-6.06,0.32,,
2018-04-27,-6.51,-0.34,,
2018-04-28,-6.46,0.23,,
2018-04-29,-6.30,0.22,,
2018-04-30,-5.81,0.92,,
2018-05-01,-6.24,0.11,,
2018-05-02,-5.12,0.54,,
2018-05-03,-5.97,1.05,,
2018-05-04,-6.45,1.02,,
2018-05-05,-7.63,0.27,,
2018-05-06,-7.69,-0.13,,
2018-05-07,-7.50,-0.39,,
2018-05-08,-6.74,0.24,,
2018-05-09,-7.01,-0.49,,
2018-05-10,-6.25,-0.44,,
2018-05-11,-6.15,0.43,,
2018-05-12,-6.82,0.12,,
2018-05-13,-7.06,-0.12,,
2018-05-14,-7.33,-0.26,,
2018-05-15,-6.42,-0.79,,
2018-05-16,-6.57,-0.46,,
2018-05-17,-6.70,-0.35,,
2018-05-18,-6.47,-0.68,,
2018-05-19,-6.14,0.21,,
2018-05-20,-6.27,-0.77,,
2018-05-21,-4.82,0.25,,
2018-05-22,-4.90,-0.26,,
2018-05-23,-6.13,-0.00,,
2018-05-24,-5.86,0.31,,
2018-05-25,-5.82,-0.31,,
2018-05-26,-5.46,0.29,,
2018-05-27,-4.66,1.08,,
2018-05-28,-5.70,0.10,,
2018-05-29,-5.48,0.67,,
2018-05-30,-5.56,0.98,,
2018-05-31,-5.68,-0.30,,
2018-06-01,-5.57,1.18,,
2018-06-02,-5.30,0.74,,
2018-06-03,-5.75,-0.20,,
2018-06-04,-6.41,-1.13,,
2018-06-05,-5.93,-0.10,,
2018-06-06,-6.10,0.43,,
2018-06-07,-6.12,-0.32,,
2018-06-08,-6.35,-0.33,,
2018-06-09,-5.77,0.71,,
2018-06-10,-6.40,1.01,,
2018-06-11,-7.19,0.25,,
2018-06-12,-7.65,-0.54,,
2018-06-13,-7.29,-0.51,,
2018-06-14,-6.60,-1.16,,
2018-06-15,-5.94,-0.84,,
2018-06-16,-5.61,0.59,,
2018-06-17,-5.73,0.50,,
2018-06-18,-5.46,1.36,,
2018-06-19,-4.90,2.18,,
2018-06-20,-5.48,0.77,,
2018-06-21,-6.04,-0.63,,
2018-06-22,-5.58,1.70,,
2018-06-23,-7.13,0.37,,
2018-06-24,-8.03,-1.13,,
2018-06-25,-7.69,-1.63,,
2018-06-26,-6.70,-1.55,,
2018-06-27,-6.10,-1.18,,
2018-06-28,-7.00,-1.23,,
2018-06-29,-7.22,-1.27,,
2018-06-30,-7.41,-1.99,,
2018-07-01,-6.30,-0.22,,
2018-07-02,-5.77,0.20,,
2018-07-03,-7.41,-1.71,,
2018-07-04,-6.98,-0.24,,
2018-07-05,-7.01,-1.49,,
2018-07-06,-7.05,-0.74,,
2018-07-07,-7.40,-1.57,,
2018-07-08,-6.69,-1.67,,
2018-07-09,-6.41,1.96,,
2018-07-10,-7.22,0.13,,
2018-07-11,-6.18,-0.00,,
2018-07-12,-6.19,-0.32,,
2018-07-13,-6.95,-0.36,,
2018-07-14,-6.57,-0.46,,
2018-07-15,-6.30,0.33,,
2018-07-16,-5.92,0.73,,
2018-07-17,-7.01,-1.11,,
2018-07-18,-6.70,-1.42,,
2018-07-19,-6.69,0.35,,
2018-07-20,-7.86,-0.55,,
2018-07-21,-6.35,-1.01,,
2018-07-22,-5.69,0.30,,
2018-07-23,-5.31,0.46,,
2018-07-24,-5.98,0.52,,
2018-07-25,-5.12,0.63,,
2018-07-26,-6.39,-0.22,,
2018-07-27,-6.13,0.21,,
2018-07-28,-6.18,-0.65,,
2018-07-29,-6.87,-1.21,,
2018-07-30,-8.08,-0.85,,
2018-07-31,-7.70,-1.64,,
2018-08-01,-6.77,-0.71,,
2018-08-02,-6.27,-1.45,,
2018-08-03,-6.40,-0.90,,
2018-08-04,-6.55,0.11,,
2018-08-05,-5.11,0.81,,
2018-08-06,-5.57,-0.19,,
2018-08-07,-6.06,-0.21,,
2018-08-08,-5.14,-1.19,,
2018-08-09,-4.93,0.34,,
2018-08-10,-5.35,-0.28,,
2018-08-11,-6.82,-0.36,,
2018-08-12,-6.68,-1.18,,
2018-08-13,-5.28,-0.56,,
2018-08-14,-5.31,-0.09,,
2018-08-15,-4.63,-0.65,,
2018-08-16,-5.01,0.79,,
2018-08-17,-6.19,0.32,,
2018-08-18,-5.82,-0.41,,
2018-08-19,-5.40,1.05,,
2018-08-20,-5.69,0.20,,
2018-08-21,-6.22,-0.33,,
2018-08-22,-6.60,0.35,,
2018-08-23,-5.56,-0.00,,
2018-08-24,-4.46,0.08,,
2018-08-25,-5.52,0.10,,
2018-08-26,-5.16,0.45,,
2018-08-27,-5.00,-0.17,,
2018-08-28,-5.72,-0.40,,
2018-08-29,-5.52,0.78,,
2018-08-30,-5.16,1.29,,
2018-08-31,-5.86,-0.62,,
2018-09-01,-5.24,-1.60,,
2018-09-02,-4.77,-0.50,,
2018-09-03,-4.18,0.97,,
2018-09-04,-4.52,-0.08,,
2018-09-05,-4.41,-0.78,,
2018-09-06,-4.52,-0.24,,
2018-09-07,-4.51,-0.16,,
2018-09-08,-3.18,-0.00,,
2018-09-09,-2.70,0.05,,
2018-09-10,-2.24,0.28,,
2018-09-11,-3.31,-0.46,,
2018-09-12,-4.03,-1.79,,
2018-09-13,-7.16,-1.92,,
2018-09-14,-3.60,2.81,,
2018-09-15,-3.44,1.39,,
2018-09-16,-3.76,0.87,,
2018-09-17,-5.20,0.36,,
2018-09-18,-5.61,0.29,,
2018-09-19,-7.04,1.12,,
2018-09-20,-7.13,-0.25,,
2018-09-21,-5.62,-0.39,,
2018-09-22,-4.07,-0.21,,
2018-09-23,-4.46,0.23,,
2018-09-24,-4.46,-0.63,,
2018-09-25,-5.25,-0.28,,
2018-09-26,-5.88,-1.91,,
2018-09-27,-7.69,-2.80,,
2018-09-28,-9.01,2.08,,
2018-09-29,-5.17,1.29,,
2018-09-30,-4.78,0.59,,
2018-10-01,-3.94,0.41,,
2018-10-02,-2.33,0.80,,
2018-10-03,-1.71,1.15,,
2018-10-04,-3.10,1.01,,
2018-10-05,-5.03,1.07,,
2018-10-06,-5.80,0.51,,
2018-10-07,-5.28,1.12,,
2018-10-08,-6.05,0.64,,
2018-10-09,-5.27,-0.46,,
2018-10-10,-4.12,-0.51,,
2018-10-11,-3.93,0.34,,
2018-10-12,-3.54,0.95,,
2018-10-13,-3.45,0.67,,
2018-10-14,-4.58,-0.56,,
2018-10-15,-5.99,-1.16,,
2018-10-16,-5.99,-1.27,,
2018-10-17,-7.37,0.39,,
2018-10-18,-5.98,-0.73,,
2018-10-19,-5.20,-0.55,,
2018-10-20,-4.33,-0.53,,
2018-10-21,-4.13,0.58,,
2018-10-22,-4.92,0.52,,
2018-10-23,-4.34,0.15,,
2018-10-24,-3.21,-0.17,,
2018-10-25,-1.74,0.24,,
2018-10-26,-2.66,-0.28,,
2018-10-27,-3.29,-0.70,,
2018-10-28,-2.54,-0.83,,
2018-10-29,-1.74,0.50,,
2018-10-30,-2.10,0.85,,
2018-10-31,-3.21,0.11,,
2018-11-01,-5.02,-1.16,,
2018-11-02,-5.34,-1.43,,
2018-11-03,-5.28,-1.42,,
2018-11-04,-4.68,-1.43,,
2018-11-05,-4.74,0.25,,
2018-11-06,-4.70,-0.25,,
2018-11-07,-4.75,1.10,,
2018-11-08,-5.25,0.83,,
2018-11-09,-5.00,1.15,,
2018-11-10,-5.56,0.88,,
2018-11-11,-4.41,-0.00,,
2018-11-12,-3.61,-1.31,,
2018-11-13,-5.13,1.37,,
2018-11-14,-7.45,0.52,,
2018-11-15,-6.86,0.24,,
2018-11-16,-6.58,0.81,,
2018-11-17,-6.86,0.36,,
2018-11-18,-6.27,-0.11,,
2018-11-19,-7.15,-0.37,,
2018-11-20,-6.81,0.48,,
2018-11-21,-6.83,-0.72,,
2018-11-22,-6.23,-0.33,,
2018-11-23,-5.56,0.39,,
2018-11-24,-4.06,1.01,,
2018-11-25,-4.60,0.89,,
2018-11-26,-4.61,-0.40,,
2018-11-27,-4.82,-1.47,,
2018-11-28,-4.27,-0.15,,
2018-11-29,-4.70,0.25,,
2018-11-30,-5.18,-0.27,,
2018-12-01,-5.48,-1.26,,
2018-12-02,-6.26,-1.44,,
2018-12-03,-6.69,-1.18,,
2018-12-04,-5.77,-0.20,,
2018-12-05,-6.23,-0.33,,
2018-12-06,-5.67,-0.80,,
2018-12-07,-5.74,-0.60,,
2018-12-08,-5.48,-0.10,,
2018-12-09,-6.24,-1.44,,
2018-12-10,-6.48,0.80,,
2018-12-11,-5.07,0.44,,
2018-12-12,-5.18,0.45,,
2018-12-13,-5.08,-0.36,,
2018-12-14,-6.36,-0.11,,
2018-12-15,-6.60,-0.23,,
2018-12-16,-6.49,-0.00,,
2018-12-17,-4.79,-0.08,,
2018-12-18,-4.01,0.78,,
2018-12-19,-5.03,-0.18,,
2018-12-20,-6.00,-0.52,,
2018-12-21,-4.56,-1.31,,
2018-12-22,-4.71,-0.16,,
2018-12-23,-5.50,-0.58,,
2018-12-24,-5.94,-0.62,,
2018-12-25,-5.39,-1.15,,
2018-12-26,-4.97,-0.09,,
2018-12-27,-5.72,-1.32,,
2018-12-28,-7.12,-1.78,,
2018-12-29,-7.99,-1.84,,
2018-12-30,-7.45,-2.42,,
2018-12-31,-6.06,-2.57,,
2019-01-01,-5.87,-2.02,,
2019-01-02,-5.94,-1.59,,
2019-01-03,-6.78,-0.83,,
2019-01-04,-6.14,-0.64,,
2019-01-05,-6.72,-0.23,,
2019-01-06,-6.06,0.64,,
2019-01-07,-5.95,-0.63,,
2019-01-08,-4.78,-1.10,,
2019-01-09,-4.29,-0.00,,
2019-01-10,-3.64,0.98,,
2019-01-11,-3.03,0.93,,
2019-01-12,-3.67,0.52,,
2019-01-13,-4.60,-1.41,,
2019-01-14,-4.06,-1.40,,
2019-01-15,-4.03,-0.07,,
2019-01-16,-4.80,0.50,,
2019-01-17,-4.57,0.08,,
2019-01-18,-3.34,-0.12,,
2019-01-19,-3.48,-0.37,,
2019-01-20,-4.42,-0.08,,
2019-01-21,-4.79,0.25,,
2019-01-22,-5.58,-0.78,,
2019-01-23,-6.64,-2.42,,
2019-01-24,-6.47,-1.26,,
2019-01-25,-6.41,-0.67,,
2019-01-26,-6.27,-1.22,,
2019-01-27,-6.61,-0.70,,
2019-01-28,-6.06,-0.21,,
2019-01-29,-4.46,-0.23,,
2019-01-30,-5.42,-0.57,,
2019-01-31,-4.77,-0.76,,
2019-02-01,-5.06,-1.26,,
2019-02-02,-5.00,-0.88,,
2019-02-03,-4.36,-0.15,,
2019-02-04,-4.15,-0.29,,
2019-02-05,-2.65,0.86,,
2019-02-06,-2.56,1.14,,
2019-02-07,-2.32,0.89,,
2019-02-08,-3.17,-0.22,,
2019-02-09,-3.89,-0.76,,
2019-02-10,-5.79,-1.55,,
2019-02-11,-6.78,-1.82,,
2019-02-12,-6.32,-1.00,,
2019-02-13,-6.93,-0.00,,
2019-02-14,-6.80,1.20,,
2019-02-15,-5.83,2.24,,
2019-02-16,-4.88,1.68,,
2019-02-17,-5.12,0.90,,
2019-02-18,-6.35,-0.67,,
2019-02-19,-6.83,-1.70,,
2019-02-20,-6.77,-1.69,,
2019-02-21,-7.39,-1.98,,
2019-02-22,-7.29,-0.51,,
2019-02-23,-6.57,-2.39,,
2019-02-24,-7.19,-3.05,,
2019-02-25,-6.56,-1.76,,
2019-02-26,-6.56,-1.64,,
2019-02-27,-6.07,-0.21,,
2019-02-28,-5.79,0.20,,
2019-03-01,-6.60,0.69,,
2019-03-02,-6.62,-0.00,,
2019-03-03,-6.54,0.34,,
2019-03-04,-7.21,1.01,,
2019-03-05,-7.10,0.37,,
2019-03-06,-6.04,0.74,,
2019-03-07,-5.49,-0.29,,
2019-03-08,-6.00,0.21,,
2019-03-09,-6.16,0.21,,
2019-03-10,-5.91,-1.04,,
2019-03-11,-5.53,-2.01,,
2019-03-12,-5.45,-0.29,,
2019-03-13,-5.05,0.71,,
2019-03-14,-4.53,-0.80,,
2019-03-15,-4.73,-1.01,,
2019-03-16,-5.31,-1.23,,
2019-03-17,-6.02,-0.95,,
2019-03-18,-5.71,-0.60,,
2019-03-19,-5.53,0.10,,
2019-03-20,-5.88,-0.00,,
2019-03-21,-5.33,0.19,,
2019-03-22,-5.96,0.42,,
2019-03-23,-5.92,0.21,,
2019-03-24,-6.39,-0.33,,
2019-03-25,-6.64,-0.35,,
2019-03-26,-6.25,0.88,,
2019-03-27,-5.53,1.48,,
2019-03-28,-5.38,1.54,,
2019-03-29,-3.94,1.92,,
2019-03-30,-3.50,1.86,,
2019-03-31,-3.97,1.44,,
2019-04-01,-4.68,0.08,,
2019-04-02,-6.13,-1.30,,
2019-04-03,-7.06,-1.37,,
2019-04-04,-6.74,-1.19,,
2019-04-05,-6.73,-0.71,,
2019-04-06,-7.55,-0.93,,
2019-04-07,-6.53,-0.34,,
2019-04-08,-5.71,-0.50,,
2019-04-09,-5.53,0.58,,
2019-04-10,-5.76,1.22,,
2019-04-11,-5.73,1.64,,
2019-04-12,-6.51,0.46,,
2019-04-13,-7.00,-0.24,,
2019-04-14,-6.81,-1.08,,
2019-04-15,-6.39,0.33,,
2019-04-16,-5.66,-0.10,,
2019-04-17,-6.18,-0.54,,
2019-04-18,-5.62,-0.49,,
2019-04-19,-6.62,-0.81,,
2019-04-20,-6.49,-0.34,,
2019-04-21,-6.23,-0.65,,
2019-04-22,-4.44,-1.44,,
2019-04-23,-3.49,-0.18,,
2019-04-24,-2.77,0.39,,
2019-04-25,-4.06,-0.36,,
2019-04-26,-4.81,-0.59,,
2019-04-27,-4.52,0.63,,
2019-04-28,-5.00,0.35,,
2019-04-29,-5.48,-0.87,,
2019-04-30,-6.06,-0.74,,
2019-05-01,-5.94,0.31,,
2019-05-02,-7.12,-1.13,,
2019-05-03,-7.06,-1.25,,
2019-05-04,-6.71,-0.94,,
2019-05-05,-6.84,0.12,,
2019-05-06,-6.90,0.48,,
2019-05-07,-6.63,-0.00,,
2019-05-08,-5.75,-0.00,,
2019-05-09,-4.28,0.91,,
2019-05-10,-5.32,0.37,,
2019-05-11,-5.96,-0.00,,
2019-05-12,-5.89,-0.52,,
2019-05-13,-5.91,-0.31,,
2019-05-14,-5.55,-0.39,,
2019-05-15,-5.25,0.09,,
2019-05-16,-4.64,0.16,,
2019-05-17,-4.98,0.17,,
2019-05-18,-4.78,0.59,,
2019-05-19,-5.15,0.63,,
2019-05-20,-5.74,0.20,,
2019-05-21,-5.43,0.38,,
2019-05-22,-4.98,0.70,,
2019-05-23,-4.66,1.16,,
2019-05-24,-4.70,0.74,,
2019-05-25,-3.66,0.85,,
2019-05-26,-3.84,0.82,,
2019-05-27,-4.40,0.94,,
2019-05-28,-4.43,0.86,,
2019-05-29,-4.46,0.95,,
2019-05-30,-4.35,0.38,,
2019-05-31,-4.98,0.70,,
2019-06-01,-4.83,0.68,,
2019-06-02,-3.31,1.01,,
2019-06-03,-3.55,1.08,,
2019-06-04,-4.12,1.11,,
2019-06-05,-4.52,0.88,,
2019-06-06,-4.29,0.60,,
2019-06-07,-4.88,0.34,,
2019-06-08,-5.95,0.31,,
2019-06-09,-6.54,0.57,,
2019-06-10,-6.39,-0.11,,
2019-06-11,-4.81,-2.04,,
2019-06-12,-5.47,-0.77,,
2019-06-13,-6.16,-0.98,,
2019-06-14,-5.88,-0.41,,
2019-06-15,-6.07,-1.18,,
2019-06-16,-6.17,-0.54,,
2019-06-17,-6.32,-1.46,,
2019-06-18,-7.07,-1.63,,
2019-06-19,-7.32,-0.90,,
2019-06-20,-6.99,0.24,,
2019-06-21,-6.55,-0.69,,
2019-06-22,-6.05,-1.29,,
2019-06-23,-4.91,-0.43,,
2019-06-24,-3.61,0.64,,
2019-06-25,-5.50,-0.00,,
2019-06-26,-5.28,-0.74,,
2019-06-27,-6.91,0.48,,
2019-06-28,-7.29,-0.13,,
2019-06-29,-7.58,-1.47,,
2019-06-30,-7.84,-1.67,,
2019-07-01,-7.00,-0.86,,
2019-07-02,-4.47,-0.00,,
2019-07-03,-4.77,-0.08,,
2019-07-04,-6.50,-0.80,,
2019-07-05,-7.24,-0.51,,
2019-07-06,-5.39,-0.76,,
2019-07-07,-4.94,-0.61,,
2019-07-08,-5.49,1.37,,
2019-07-09,-6.42,0.79,,
2019-07-10,-5.97,-1.05,,
2019-07-11,-5.37,-1.04,,
2019-07-12,-5.98,-0.42,,
2019-07-13,-6.04,0.85,,
2019-07-14,-6.57,-1.52,,
2019-07-15,-7.45,-0.92,,
2019-07-16,-5.83,-1.24,,
2019-07-17,-5.64,0.20,,
2019-07-18,-5.80,0.20,,
2019-07-19,-5.22,0.36,,
2019-07-20,-4.29,-0.07,,
2019-07-21,-4.27,-0.15,,
2019-07-22,-5.40,0.19,,
2019-07-23,-6.82,-0.72,,
2019-07-24,-5.86,-1.90,,
2019-07-25,-6.30,0.11,,
2019-07-26,-7.20,-1.53,,
2019-07-27,-5.63,-2.16,,
2019-07-28,-5.95,-0.94,,
2019-07-29,-3.32,1.41,,
2019-07-30,-3.63,1.11,,
2019-07-31,-5.30,0.84,,
2019-08-01,-5.05,-1.35,,
2019-08-02,-5.78,0.30,,
2019-08-03,-6.97,0.37,,
2019-08-04,-6.48,-0.91,,
2019-08-05,-6.08,0.11,,
2019-08-06,-3.23,0.93,,
2019-08-07,-3.35,0.77,,
2019-08-08,-4.29,1.15,,
2019-08-09,-4.85,0.94,,
2019-08-10,-4.98,-0.44,,
2019-08-11,-4.58,0.97,,
2019-08-12,-5.53,0.10,,
2019-08-13,-5.95,-0.31,,
2019-08-14,-5.75,0.91,,
2019-08-15,-6.96,-0.73,,
2019-08-16,-5.20,-2.10,,
2019-08-17,-5.28,0.93,,
2019-08-18,-5.22,0.09,,
2019-08-19,-4.59,0.65,,
2019-08-20,-3.96,-1.06,,
2019-08-21,-4.37,-0.61,,
2019-08-22,-4.82,1.47,,
2019-08-23,-4.72,0.41,,
2019-08-24,-4.53,0.64,,
2019-08-25,-5.35,-0.47,,
2019-08-26,-5.81,-1.56,,
2019-08-27,-8.07,-0.14,,
2019-08-28,-2.69,2.89,,
2019-08-29,-3.72,1.00,,
2019-08-30,-4.18,0.15,,
2019-08-31,-3.79,-0.60,,
2019-09-01,-2.50,0.67,,
2019-09-02,-4.24,0.15,,
2019-09-03,-5.64,-0.10,,
2019-09-04,-5.12,-0.90,,
2019-09-05,-3.16,0.39,,
2019-09-06,-0.94,0.57,,
2019-09-07,0.60,0.30,,
2019-09-08,-1.01,0.23,,
2019-09-09,-2.99,0.21,,
2019-09-10,-3.82,0.20,,
2019-09-11,-3.57,0.12,,
2019-09-12,-3.44,0.42,,
2019-09-13,-4.23,0.30,,
2019-09-14,-3.92,-0.21,,
2019-09-15,-4.85,0.34,,
2019-09-16,-6.27,0.99,,
2019-09-17,-7.07,0.87,,
2019-09-18,-4.86,0.34,,
2019-09-19,-3.35,0.06,,
2019-09-20,-1.14,0.56,,
2019-09-21,-5.20,1.30,,
2019-09-22,-7.22,1.53,,
2019-09-23,-4.15,3.36,,
2019-09-24,-1.97,3.15,,
2019-09-25,-1.94,1.69,,
2019-09-26,-2.78,1.07,,
2019-09-27,-3.49,-0.93,,
2019-09-28,-3.28,-0.17,,
2019-09-29,-2.54,1.03,,
2019-09-30,-2.09,1.11,,
2019-10-01,-3.52,0.94,,
2019-10-02,-3.75,0.46,,
2019-10-03,-4.07,0.36,,
2019-10-04,-3.07,0.27,,
2019-10-05,-3.37,0.65,,
2019-10-06,-5.21,0.18,,
2019-10-07,-6.70,0.12,,
2019-10-08,-7.27,-0.13,,
2019-10-09,-5.52,-0.29,,
2019-10-10,-3.52,0.56,,
2019-10-11,-2.37,0.91,,
2019-10-12,-1.94,0.99,,
2019-10-13,-3.40,0.24,,
2019-10-14,-3.52,1.08,,
2019-10-15,-3.99,0.56,,
2019-10-16,-3.98,-0.99,,
2019-10-17,-4.00,-0.63,,
2019-10-18,-3.67,1.34,,
2019-10-19,-4.06,0.64,,
2019-10-20,-3.74,-0.93,,
2019-10-21,-4.37,-0.77,,
2019-10-22,-4.27,0.22,,
2019-10-23,-4.24,0.82,,
2019-10-24,-4.13,0.51,,
2019-10-25,-4.00,-0.56,,
2019-10-26,-3.66,-0.51,,
2019-10-27,-4.49,-0.00,,
2019-10-28,-4.37,-1.01,,
2019-10-29,-4.09,-1.17,,
2019-10-30,-3.69,-0.72,,
2019-10-31,-3.49,0.18,,
2019-11-01,-3.15,0.73,,
2019-11-02,-2.47,0.62,,
2019-11-03,-3.14,1.02,,
2019-11-04,-4.72,0.58,,
2019-11-05,-6.79,-0.12,,
2019-11-06,-6.62,0.12,,
2019-11-07,-6.61,-0.35,,
2019-11-08,-5.99,-0.00,,
2019-11-09,-6.01,1.72,,
2019-11-10,-5.91,1.26,,
2019-11-11,-5.34,-0.56,,
2019-11-12,-5.70,-0.60,,
2019-11-13,-4.30,-0.45,,
2019-11-14,-4.31,-1.23,,
2019-11-15,-3.85,-2.41,,
2019-11-16,-2.43,-0.93,,
2019-11-17,-1.42,-0.41,,
2019-11-18,-0.92,-0.32,,
2019-11-19,0.73,0.34,,
2019-11-20,-0.78,0.81,,
2019-11-21,-1.02,-0.13,,
2019-11-22,-0.10,-1.45,,
2019-11-23,-2.45,-1.59,,
2019-11-24,-3.48,-0.49,,
2019-11-25,-5.33,0.65,,
2019-11-26,-5.90,0.41,,
2019-11-27,-5.60,-0.29,,
2019-11-28,-3.94,-1.13,,
2019-11-29,-1.63,-0.41,,
2019-11-30,-0.81,0.57,,
2019-12-01,-3.01,0.59,,
2019-12-02,-4.86,0.60,,
2019-12-03,-4.29,1.31,,
2019-12-04,-5.67,-0.00,,
2019-12-05,-6.15,0.97,,
2019-12-06,-5.87,-0.41,,
2019-12-07,-5.94,-0.73,,
2019-12-08,-5.20,-1.20,,
2019-12-09,-6.48,-0.45,,
2019-12-10,-6.92,-1.35,,
2019-12-11,-6.48,-1.26,,
2019-12-12,-5.84,-0.92,,
2019-12-13,-6.04,0.53,,
2019-12-14,-5.79,0.61,,
2019-12-15,-6.77,-0.35,,
2019-12-16,-6.10,-0.43,,
2019-12-17,-7.92,-0.00,,
2019-12-18,-7.46,0.26,,
2019-12-19,-6.90,0.24,,
2019-12-20,-5.67,0.30,,
2019-12-21,-6.25,-0.44,,
2019-12-22,-5.87,-0.83,,
2019-12-23,-5.95,-0.52,,
2019-12-24,-6.33,1.12,,
2019-12-25,-3.83,2.49,,
2019-12-26,-2.06,1.92,,
2019-12-27,-2.35,1.47,,
2019-12-28,-3.70,0.39,,
2019-12-29,-3.88,-0.00,,
2019-12-30,-3.82,0.20,,
2019-12-31,-3.30,0.64,,
2020-01-01,-2.74,0.84,,
2020-01-02,-3.59,-0.06,,
2020-01-03,-3.61,-1.84,,
2020-01-04,-3.09,-0.55,,
2020-01-05,-4.18,-0.97,,
2020-01-06,-4.92,-0.43,,
2020-01-07,-5.62,0.20,,
2020-01-08,-5.92,-0.00,,
2020-01-09,-7.39,-1.44,,
2020-01-10,-8.84,-2.20,,
2020-01-11,-7.71,-2.36,,
2020-01-12,-7.88,-1.53,,
2020-01-13,-8.24,-2.52,,
2020-01-14,-7.58,-1.20,,
2020-01-15,-7.66,-0.80,,
2020-01-16,-5.65,-1.41,,
2020-01-17,-4.84,-0.51,,
2020-01-18,-4.49,-1.55,,
2020-01-19,-7.15,-1.26,,
2020-01-20,-6.28,0.55,,
2020-01-21,-5.52,-0.10,,
2020-01-22,-5.20,0.55,,
2020-01-23,-3.86,1.64,,
2020-01-24,-2.51,1.22,,
2020-01-25,-2.19,0.88,,
2020-01-26,-2.55,0.73,,
2020-01-27,-2.10,0.77,,
2020-01-28,-1.93,0.82,,
2020-01-29,-2.23,0.90,,
2020-01-30,-3.42,0.98,,
2020-01-31,-3.82,0.20,,
2020-02-01,-5.08,-1.08,,
2020-02-02,-4.53,0.40,,
2020-02-03,-3.42,0.66,,
2020-02-04,-4.99,-0.97,,
2020-02-05,-5.71,0.10,,
2020-02-06,-7.00,0.24,,
2020-02-07,-6.83,0.24,,
2020-02-08,-7.48,-1.87,,
2020-02-09,-6.31,-0.00,,
2020-02-10,-6.67,-0.58,,
2020-02-11,-7.11,-1.38,,
2020-02-12,-7.33,-1.03,,
2020-02-13,-7.69,-1.49,,
2020-02-14,-7.17,-0.13,,
2020-02-15,-7.06,-0.25,,
2020-02-16,-6.84,-0.48,,
2020-02-17,-6.59,-0.35,,
2020-02-18,-7.02,-0.99,,
2020-02-19,-7.62,-0.27,,
2020-02-20,-7.38,-0.78,,
2020-02-21,-5.08,-0.90,,
2020-02-22,-2.53,0.40,,
2020-02-23,-2.74,0.48,,
2020-02-24,-2.95,0.79,,
2020-02-25,-3.49,-0.00,,
2020-02-26,-3.96,-0.84,,
2020-02-27,-3.88,-1.33,,
2020-02-28,-3.73,0.52,,
2020-02-29,-4.53,0.32,,
2020-03-01,-4.39,0.31,,
2020-03-02,-4.46,-0.47,,
2020-03-03,-5.48,-0.58,,
2020-03-04,-5.44,0.19,,
2020-03-05,-5.64,0.10,,
2020-03-06,-5.83,-0.10,,
2020-03-07,-5.69,1.52,,
2020-03-08,-4.92,0.52,,
2020-03-09,-5.63,-1.20,,
2020-03-10,-6.84,-0.24,,
2020-03-11,-6.01,0.42,,
2020-03-12,-5.00,0.79,,
2020-03-13,-5.07,0.98,,
2020-03-14,-3.84,-0.13,,
2020-03-15,-2.46,-0.85,,
2020-03-16,-1.27,-1.41,,
2020-03-17,-2.43,0.08,,
2020-03-18,-3.94,-1.13,,
2020-03-19,-5.45,-1.98,,
2020-03-20,-5.46,-2.43,,
2020-03-21,-5.64,-1.94,,
2020-03-22,-5.33,-0.47,,
2020-03-23,-5.16,-1.00,,
2020-03-24,-5.43,0.09,,
2020-03-25,-5.05,0.18,,
2020-03-26,-4.51,0.39,,
2020-03-27,-4.15,0.36,,
2020-03-28,-4.54,-1.05,,
2020-03-29,-6.77,-1.81,,
2020-03-30,-5.19,-2.64,,
2020-03-31,-4.00,-1.61,,
2020-04-01,-4.14,0.07,,
2020-04-02,-4.14,0.88,,
2020-04-03,-2.15,1.19,,
2020-04-04,-1.63,1.32,,
2020-04-05,-2.50,1.50,,
2020-04-06,-3.65,1.19,,
2020-04-07,-3.95,1.13,,
2020-04-08,-4.53,0.72,,
2020-04-09,-3.92,1.66,,
2020-04-10,-3.42,1.24,,
2020-04-11,-4.20,0.82,,
2020-04-12,-5.22,-0.36,,
2020-04-13,-5.39,-1.55,,
2020-04-14,-4.99,-0.97,,
2020-04-15,-4.63,-0.90,,
2020-04-16,-4.70,0.33,,
2020-04-17,-4.94,-0.17,,
2020-04-18,-5.04,-0.00,,
2020-04-19,-4.81,0.51,,
2020-04-20,-5.89,0.72,,
2020-04-21,-6.39,1.13,,
2020-04-22,-5.70,0.80,,
2020-04-23,-5.93,-0.62,,
2020-04-24,-6.46,-0.68,,
2020-04-25,-6.73,-0.00,,
2020-04-26,-6.32,-0.44,,
2020-04-27,-6.17,-0.22,,
2020-04-28,-5.05,0.26,,
2020-04-29,-5.28,0.56,,
2020-04-30,-5.86,0.93,,
2020-05-01,-6.50,0.80,,
2020-05-02,-6.64,0.82,,
2020-05-03,-5.18,0.82,,
2020-05-04,-5.60,0.49,,
2020-05-05,-6.34,1.00,,
2020-05-06,-6.83,0.36,,
2020-05-07,-7.52,0.79,,
2020-05-08,-5.89,0.72,,
2020-05-09,-6.14,0.11,,
2020-05-10,-6.72,0.47,,
2020-05-11,-7.24,0.76,,
2020-05-12,-6.63,1.29,,
2020-05-13,-6.29,0.44,,
2020-05-14,-5.33,-0.28,,
2020-05-15,-5.05,0.62,,
2020-05-16,-6.11,0.86,,
2020-05-17,-6.69,0.82,,
2020-05-18,-5.54,-0.00,,
2020-05-19,-5.52,0.48,,
2020-05-20,-5.53,1.17,,
2020-05-21,-4.68,1.70,,
2020-05-22,-5.39,1.35,,
2020-05-23,-4.66,0.82,,
2020-05-24,-4.07,0.94,,
2020-05-25,-4.82,1.20,,
2020-05-26,-4.76,1.64,,
2020-05-27,-4.34,1.93,,
2020-05-28,-3.96,1.29,,
2020-05-29,-4.92,0.26,,
2020-05-30,-5.25,0.18,,
2020-05-31,-5.50,0.77,,
2020-06-01,-4.80,0.42,,
2020-06-02,-5.39,0.09,,
2020-06-03,-5.80,0.41,,
2020-06-04,-6.49,-0.23,,
2020-06-05,-6.45,-0.79,,
2020-06-06,-5.00,-0.53,,
2020-06-07,-4.42,0.39,,
2020-06-08,-4.21,0.44,,
2020-06-09,-3.02,0.59,,
2020-06-10,-2.76,0.84,,
2020-06-11,-3.65,0.98,,
2020-06-12,-4.05,1.39,,
2020-06-13,-4.63,0.90,,
2020-06-14,-5.60,0.99,,
2020-06-15,-6.22,0.22,,
2020-06-16,-6.07,-0.00,,
2020-06-17,-5.74,0.30,,
2020-06-18,-6.18,-0.00,,
2020-06-19,-6.38,-0.33,,
2020-06-20,-6.74,0.12,,
2020-06-21,-7.04,-0.62,,
2020-06-22,-7.27,-1.68,,
2020-06-23,-6.49,-1.26,,
2020-06-24,-6.11,-0.21,,
2020-06-25,-7.32,-1.03,,
2020-06-26,-8.03,-0.99,,
2020-06-27,-7.30,-1.03,,
2020-06-28,-5.18,-1.49,,
2020-06-29,-4.50,-0.24,,
2020-06-30,-5.45,0.38,,
2020-07-01,-5.68,0.60,,
2020-07-02,-6.74,0.47,,
2020-07-03,-6.04,0.32,,
2020-07-04,-5.95,0.31,,
2020-07-05,-5.95,-0.42,,
2020-07-06,-6.38,-1.13,,
2020-07-07,-6.13,0.64,,
2020-07-08,-5.62,-0.10,,
2020-07-09,-6.31,-0.78,,
2020-07-10,-6.54,-0.69,,
2020-07-11,-6.29,-1.34,,
2020-07-12,-6.35,-0.22,,
2020-07-13,-6.44,-1.02,,
2020-07-14,-5.03,-1.16,,
2020-07-15,-4.21,-0.15,,
2020-07-16,-4.21,1.21,,
2020-07-17,-4.45,-0.00,,
2020-07-18,-4.36,0.15,,
2020-07-19,-3.98,0.07,,
2020-07-20,-4.10,1.02,,
2020-07-21,-4.87,0.68,,
2020-07-22,-5.57,-0.39,,
2020-07-23,-5.65,0.10,,
2020-07-24,-6.17,-0.22,,
2020-07-25,-7.24,-1.41,,
2020-07-26,-5.51,-1.37,,
2020-07-27,-4.99,-2.33,,
2020-07-28,-6.49,-2.75,,
2020-07-29,-6.30,1.11,,
2020-07-30,-5.79,2.34,,
2020-07-31,-5.46,-0.77,,
2020-08-01,-3.26,0.81,,
2020-08-02,-2.22,0.85,,
2020-08-03,-3.90,1.19,,
2020-08-04,-4.59,-0.00,,
2020-08-05,-4.73,0.25,,
2020-08-06,-5.55,0.10,,
2020-08-07,-6.53,-0.11,,
2020-08-08,-6.79,-1.95,,
2020-08-09,-5.64,-1.30,,
2020-08-10,-5.29,-0.74,,
2020-08-11,-5.53,-1.80,,
2020-08-12,-6.42,0.34,,
2020-08-13,-6.17,-1.09,,
2020-08-14,-5.04,-0.98,,
2020-08-15,-3.04,-0.37,,
2020-08-16,-4.62,0.16,,
2020-08-17,-6.94,-1.35,,
2020-08-18,-6.83,0.60,,
2020-08-19,-6.00,-1.39,,
2020-08-20,-5.27,-1.02,,
2020-08-21,-1.91,1.11,,
2020-08-22,-3.15,2.20,,
2020-08-23,-5.35,-1.43,,
2020-08-24,-4.62,-0.40,,
2020-08-25,-4.50,1.12,,
2020-08-26,-4.93,-1.51,,
2020-08-27,-5.78,-1.33,,
2020-08-28,-6.14,-2.23,,
2020-08-29,-6.18,-3.02,,
2020-08-30,-6.36,-1.24,,
2020-08-31,-3.49,0.61,,
2020-09-01,-3.47,0.67,,
2020-09-02,-4.15,0.73,,
2020-09-03,-3.06,0.21,,
2020-09-04,-5.46,0.96,,
2020-09-05,-4.51,-0.00,,
2020-09-06,-4.22,-0.07,,
2020-09-07,-3.90,0.48,,
2020-09-08,-3.69,-0.13,,
2020-09-09,-4.61,-0.73,,
2020-09-10,-3.16,-1.28,,
2020-09-11,-1.35,-1.40,,
2020-09-12,-0.61,-0.46,,
2020-09-13,-2.16,0.54,,
2020-09-14,-3.84,0.40,,
2020-09-15,-4.73,-1.18,,
2020-09-16,-3.87,-2.81,,
2020-09-17,-1.47,-1.88,,
2020-09-18,0.21,1.48,,
2020-09-19,0.62,1.33,,
2020-09-20,-0.27,0.88,,
2020-09-21,-1.54,0.79,,
2020-09-22,-2.36,0.46,,
2020-09-23,-3.26,0.46,,
2020-09-24,-2.33,0.85,,
2020-09-25,-2.76,-0.34,,
2020-09-26,-3.10,-1.58,,
2020-09-27,-4.62,0.16,,
2020-09-28,-5.00,0.88,,
2020-09-29,-5.04,0.80,,
2020-09-30,-6.75,-0.47,,
2020-10-01,-7.41,0.26,,
2020-10-02,-5.10,1.37,,
2020-10-03,-4.48,0.87,,
2020-10-04,-4.73,0.33,,
2020-10-05,-4.08,-0.07,,
2020-10-06,-2.83,0.76,,
2020-10-07,-2.92,0.41,,
2020-10-08,-3.44,-0.24,,
2020-10-09,-3.49,-0.43,,
2020-10-10,-4.16,0.44,,
2020-10-11,-4.82,0.85,,
2020-10-12,-3.06,1.30,,
2020-10-13,-2.70,0.62,,
2020-10-14,-3.52,-0.49,,
2020-10-15,-3.98,1.37,,
2020-10-16,-4.17,1.77,,
2020-10-17,-4.55,0.16,,
2020-10-18,-3.06,-0.32,,
2020-10-19,-0.93,-0.56,,
2020-10-20,1.03,0.53,,
2020-10-21,-1.08,0.63,,
2020-10-22,-3.98,0.85,,
2020-10-23,-5.55,0.49,,
2020-10-24,-6.67,-0.12,,
2020-10-25,-6.25,-0.88,,
2020-10-26,-5.41,-1.45,,
2020-10-27,-5.46,0.19,,
2020-10-28,-6.37,-0.00,,
2020-10-29,-7.49,0.26,,
2020-10-30,-8.51,1.35,,
2020-10-31,-7.55,-0.53,,
2020-11-01,-7.27,0.64,,
2020-11-02,-6.05,1.40,,
2020-11-03,-5.98,0.52,,
2020-11-04,-5.81,-0.00,,
2020-11-05,-4.80,-0.08,,
2020-11-06,-5.18,0.64,,
2020-11-07,-4.16,0.88,,
2020-11-08,-4.83,1.48,,
2020-11-09,-1.72,1.55,,
2020-11-10,-4.49,2.38,,
2020-11-11,-5.27,1.22,,
2020-11-12,-5.61,-0.69,,
2020-11-13,-5.95,-1.16,,
2020-11-14,-3.92,-0.14,,
2020-11-15,-4.43,-0.31,,
2020-11-16,-4.89,0.43,,
2020-11-17,-5.51,0.39,,
2020-11-18,-5.32,0.56,,
2020-11-19,-5.38,-0.09,,
2020-11-20,-6.79,0.48,,
2020-11-21,-7.77,0.14,,
2020-11-22,-6.73,0.83,,
2020-11-23,-6.09,0.86,,
2020-11-24,-4.94,0.87,,
2020-11-25,-4.21,0.15,,
2020-11-26,-4.33,-0.76,,
2020-11-27,-3.85,-0.68,,
2020-11-28,-4.16,-0.58,,
2020-11-29,-4.33,0.23,,
2020-11-30,-4.76,-0.84,,
2020-12-01,-4.14,-1.11,,
2020-12-02,-3.26,-0.87,,
2020-12-03,-3.57,-2.32,,
2020-12-04,-3.45,-0.92,,
2020-12-05,-3.51,0.31,,
2020-12-06,-3.66,0.32,,
2020-12-07,-4.36,0.54,,
2020-12-08,-3.61,1.11,,
2020-12-09,-3.50,0.31,,
2020-12-10,-3.32,-0.77,,
2020-12-11,-4.41,-0.62,,
2020-12-12,-4.53,-0.40,,
2020-12-13,-3.77,-0.13,,
2020-12-14,-2.42,-0.74,,
2020-12-15,-1.35,-0.81,,
2020-12-16,-2.69,0.09,,
2020-12-17,-4.86,0.25,,
2020-12-18,-6.18,-1.31,,
2020-12-19,-5.32,-1.23,,
2020-12-20,-6.08,-1.40,,
2020-12-21,-6.71,-1.43,,
2020-12-22,-6.59,-1.52,,
2020-12-23,-6.35,-1.58,,
2020-12-24,-7.17,-1.01,,
2020-12-25,-6.74,-0.95,,
2020-12-26,-3.92,-0.76,,
2020-12-27,-3.70,-0.32,,
2020-12-28,-4.72,0.66,,
2020-12-29,-1.04,-1.16,,
2020-12-30,-0.79,-1.87,,
2020-12-31,-5.38,-3.23,,
2021-01-01,-7.87,-3.67,,
2021-01-02,-6.63,-3.99,,
2021-01-03,-6.50,-3.31,,
2021-01-04,-5.12,-1.66,,
2021-01-05,-4.81,-0.42,,
2021-01-06,-4.16,0.22,,
2021-01-07,-4.44,-1.03,,
2021-01-08,-5.01,-0.97,,
2021-01-09,-5.58,0.19,,
2021-01-10,-6.49,-0.23,,
2021-01-11,-6.57,-2.14,,
2021-01-12,-6.50,-1.26,,
2021-01-13,-5.62,-0.39,,
2021-01-14,-6.36,-0.11,,
2021-01-15,-5.52,0.39,,
2021-01-16,-5.85,-0.41,,
2021-01-17,-5.89,-0.83,,
2021-01-18,-6.66,-1.17,,
2021-01-19,-6.61,-0.93,,
2021-01-20,-6.54,-1.15,,
2021-01-21,-4.14,0.36,,
2021-01-22,-3.74,0.66,,
2021-01-23,-4.35,0.08,,
2021-01-24,-4.55,-0.48,,
2021-01-25,-4.58,-1.23,,
2021-01-26,-6.00,-1.83,,
2021-01-27,-5.96,-0.84,,
2021-01-28,-5.13,-1.00,,
2021-01-29,-2.89,0.56,,
2021-01-30,-4.71,-0.83,,
2021-01-31,-6.15,-1.53,,
2021-02-01,-7.52,-0.39,,
2021-02-02,-6.97,1.10,,
2021-02-03,-5.29,1.82,,
2021-02-04,-6.95,1.60,,
2021-02-05,-6.59,-0.46,,
2021-02-06,-6.87,-0.97,,
2021-02-07,-7.36,-1.03,,
2021-02-08,-5.81,-0.30,,
2021-02-09,-6.23,-1.55,,
2021-02-10,-6.13,-1.08,,
2021-02-11,-6.09,-0.97,,
2021-02-12,-6.95,0.12,,
2021-02-13,-7.93,-0.55,,
2021-02-14,-7.20,-0.63,,
2021-02-15,-7.30,-1.16,,
2021-02-16,-7.47,-0.92,,
2021-02-17,-7.86,-1.53,,
2021-02-18,-8.02,-1.70,,
2021-02-19,-7.11,-1.25,,
2021-02-20,-6.16,-0.00,,
2021-02-21,-5.94,-0.52,,
2021-02-22,-6.70,-1.55,,
2021-02-23,-7.36,-0.51,,
2021-02-24,-7.07,-0.99,,
2021-02-25,-7.30,-1.29,,
2021-02-26,-6.29,-1.00,,
2021-02-27,-7.27,-2.08,,
2021-02-28,-6.93,-2.66,,
2021-03-01,-5.54,-3.07,,
2021-03-02,-5.10,-2.83,,
2021-03-03,-5.77,-0.40,,
2021-03-04,-5.45,0.86,,
2021-03-05,-5.19,1.01,,
2021-03-06,-5.62,0.10,,
2021-03-07,-6.41,0.79,,
2021-03-08,-6.06,-0.32,,
2021-03-09,-5.69,-1.52,,
2021-03-10,-6.40,-0.67,,
2021-03-11,-5.22,-0.55,,
2021-03-12,-4.61,0.08,,
2021-03-13,-4.05,0.57,,
2021-03-14,-3.24,-0.40,,
2021-03-15,-3.45,-1.26,,
2021-03-16,-4.40,-2.15,,
2021-03-17,-5.30,-2.47,,
2021-03-18,-5.51,-2.57,,
2021-03-19,-5.98,-2.42,,
2021-03-20,-5.10,-0.63,,
2021-03-21,-5.79,-0.40,,
2021-03-22,-4.90,0.17,,
2021-03-23,-5.68,0.60,,
2021-03-24,-5.53,0.10,,
2021-03-25,-5.86,-0.62,,
2021-03-26,-6.05,-1.07,,
2021-03-27,-6.64,-1.29,,
2021-03-28,-6.57,-1.16,,
2021-03-29,-7.96,-0.84,,
2021-03-30,-7.75,-1.23,,
2021-03-31,-7.62,-1.34,,
2021-04-01,-6.66,-0.82,,
2021-04-02,-5.60,0.99,,
2021-04-03,-6.03,0.96,,
2021-04-04,-5.34,0.66,,
2021-04-05,-3.79,0.40,,
2021-04-06,-3.14,-0.05,,
2021-04-07,-3.27,-0.06,,
2021-04-08,-3.45,-0.18,,
2021-04-09,-3.86,-1.88,,
2021-04-10,-3.87,-3.02,,
2021-04-11,-4.77,-1.64,,
2021-04-12,-5.10,-0.09,,
2021-04-13,-3.06,1.91,,
2021-04-14,-1.40,0.84,,
2021-04-15,-2.63,-0.86,,
2021-04-16,-4.63,1.42,,
2021-04-17,-5.54,1.08,,
2021-04-18,-5.98,0.52,,
2021-04-19,-6.36,-0.56,,
2021-04-20,-6.42,-0.79,,
2021-04-21,-6.33,-0.00,,
2021-04-22,-5.91,1.04,,
2021-04-23,-5.38,1.34,,
2021-04-24,-5.76,-0.20,,
2021-04-25,-5.98,-0.10,,
2021-04-26,-5.26,0.65,,
2021-04-27,-4.20,0.82,,
2021-04-28,-4.37,0.46,,
2021-04-29,-4.54,0.56,,
2021-04-30,-5.13,-0.18,,
2021-05-01,-4.62,-0.40,,
2021-05-02,-4.79,-1.02,,
2021-05-03,-5.59,-1.19,,
2021-05-04,-6.82,-0.72,,
2021-05-05,-6.31,-0.89,,
2021-05-06,-6.35,-0.78,,
2021-05-07,-5.88,-0.21,,
2021-05-08,-6.60,0.46,,
2021-05-09,-6.88,-0.00,,
2021-05-10,-7.32,-0.51,,
2021-05-11,-7.14,-0.88,,
2021-05-12,-6.50,-0.68,,
2021-05-13,-6.00,-0.10,,
2021-05-14,-5.19,1.10,,
2021-05-15,-5.47,1.06,,
2021-05-16,-5.56,0.68,,
2021-05-17,-5.20,0.27,,
2021-05-18,-5.08,1.08,,
2021-05-19,-4.84,1.30,,
2021-05-20,-5.44,0.96,,
2021-05-21,-6.80,-0.24,,
2021-05-22,-7.37,0.26,,
2021-05-23,-6.81,-0.00,,
2021-05-24,-6.88,-0.72,,
2021-05-25,-6.73,-1.19,,
2021-05-26,-6.19,-0.43,,
2021-05-27,-5.35,0.75,,
2021-05-28,-4.67,0.74,,
2021-05-29,-5.06,0.09,,
2021-05-30,-6.11,0.64,,
2021-05-31,-6.37,-0.22,,
2021-06-01,-6.34,-0.55,,
2021-06-02,-5.26,-0.37,,
2021-06-03,-6.53,0.23,,
2021-06-04,-5.92,0.83,,
2021-06-05,-6.82,0.12,,
2021-06-06,-5.95,0.21,,
2021-06-07,-6.15,0.21,,
2021-06-08,-6.37,-0.45,,
2021-06-09,-6.41,-0.00,,
2021-06-10,-5.75,0.20,,
2021-06-11,-4.66,0.49,,
2021-06-12,-4.85,0.34,,
2021-06-13,-5.47,0.10,,
2021-06-14,-6.80,-0.71,,
2021-06-15,-7.61,-1.48,,
2021-06-16,-6.68,-1.42,,
2021-06-17,-7.22,1.67,,
2021-06-18,-6.76,0.12,,
2021-06-19,-6.45,0.23,,
2021-06-20,-6.34,-0.00,,
2021-06-21,-6.64,-0.70,,
2021-06-22,-5.88,-0.72,,
2021-06-23,-5.56,-0.68,,
2021-06-24,-5.32,-0.84,,
2021-06-25,-5.34,1.04,,
2021-06-26,-5.95,2.05,,
2021-06-27,-5.79,0.61,,
2021-06-28,-6.21,-0.43,,
2021-06-29,-6.54,-1.39,,
2021-06-30,-7.58,-0.80,,
2021-07-01,-7.59,0.40,,
2021-07-02,-10.24,-0.00,,
2021-07-03,-5.82,1.24,,
2021-07-04,-4.99,-0.88,,
2021-07-05,-4.89,0.69,,
2021-07-06,-6.39,-0.45,,
2021-07-07,-7.53,-1.06,,
2021-07-08,-8.75,-1.39,,
2021-07-09,-7.23,-1.27,,
2021-07-10,-6.96,-1.23,,
2021-07-11,-7.48,-0.00,,
2021-07-12,-7.50,-0.66,,
2021-07-13,-6.78,-0.83,,
2021-07-14,-5.47,-0.77,,
2021-07-15,-5.71,-0.30,,
2021-07-16,-6.53,0.34,,
2021-07-17,-6.20,-1.09,,
2021-07-18,-6.45,0.56,,
2021-07-19,-7.38,-0.78,,
2021-07-20,-6.76,-1.31,,
2021-07-21,-6.33,-0.66,,
2021-07-22,-5.72,-0.30,,
2021-07-23,-6.09,-0.75,,
2021-07-24,-5.22,1.60,,
2021-07-25,-4.69,0.91,,
2021-07-26,-4.73,-0.75,,
2021-07-27,-4.96,-1.05,,
2021-07-28,-4.93,0.69,,
2021-07-29,-5.36,1.14,,
2021-07-30,-6.07,-0.42,,
2021-07-31,-6.24,-0.22,,
2021-08-01,-4.41,-0.54,,
2021-08-02,-2.16,0.42,,
2021-08-03,-2.90,0.67,,
2021-08-04,-4.07,0.07,,
2021-08-05,-4.70,-0.83,,
2021-08-06,-5.14,-1.28,,
2021-08-07,-4.59,-1.76,,
2021-08-08,-5.64,-0.00,,
2021-08-09,-5.82,-2.35,,
2021-08-10,-4.93,1.23,,
2021-08-11,-4.65,0.24,,
2021-08-12,-6.03,-2.08,,
2021-08-13,-5.44,-0.38,,
2021-08-14,-3.80,0.27,,
2021-08-15,-2.18,1.83,,
2021-08-16,-5.02,0.35,,
2021-08-17,-6.57,-0.46,,
2021-08-18,-7.13,-1.00,,
2021-08-19,-6.52,-1.03,,
2021-08-20,-5.76,-0.10,,
2021-08-21,-6.19,-0.54,,
2021-08-22,-6.82,-0.72,,
2021-08-23,-7.62,-2.04,,
2021-08-24,-6.46,-0.34,,
2021-08-25,-5.05,0.26,,
2021-08-26,-5.44,-0.86,,
2021-08-27,-6.05,-1.07,,
2021-08-28,-6.18,-2.25,,
2021-08-29,-3.83,-1.40,,
2021-08-30,-1.39,-0.45,,
2021-08-31,-0.65,-0.69,,
2021-09-01,-2.24,0.12,,
2021-09-02,-4.65,-1.16,,
2021-09-03,-6.27,-0.44,,
2021-09-04,-6.50,-0.45,,
2021-09-05,-4.15,-1.51,,
2021-09-06,-3.10,-0.66,,
2021-09-07,-2.02,0.32,,
2021-09-08,-2.58,0.69,,
2021-09-09,-4.12,0.88,,
2021-09-10,-5.08,-0.80,,
2021-09-11,-5.33,0.09,,
2021-09-12,-4.73,-0.17,,
2021-09-13,-4.79,0.25,,
2021-09-14,-3.63,0.71,,
2021-09-15,-3.96,0.63,,
2021-09-16,-4.51,0.47,,
2021-09-17,-5.16,-0.00,,
2021-09-18,-3.35,-0.96,,
2021-09-19,-0.70,-2.03,,
2021-09-20,1.91,1.78,,
2021-09-21,-2.31,1.39,,
2021-09-22,-3.10,0.89,,
2021-09-23,-2.39,0.69,,
2021-09-24,-2.72,0.83,,
2021-09-25,-3.33,0.71,,
2021-09-26,-3.37,0.53,,
2021-09-27,-2.84,0.35,,
2021-09-28,-3.10,0.44,,
2021-09-29,-0.91,-0.97,,
2021-09-30,-1.11,0.64,,
2021-10-01,-3.85,1.18,,
2021-10-02,-6.66,-0.23,,
2021-10-03,-7.23,-0.25,,
2021-10-04,-7.34,-0.90,,
2021-10-05,-6.90,-0.24,,
2021-10-06,-6.11,-1.19,,
2021-10-07,-6.47,-0.23,,
2021-10-08,-6.39,-0.33,,
2021-10-09,-6.96,-0.85,,
2021-10-10,-7.09,2.03,,
2021-10-11,-5.60,0.69,,
2021-10-12,-5.04,1.54,,
2021-10-13,-3.53,1.57,,
2021-10-14,-3.13,2.03,,
2021-10-15,-2.13,1.55,,
2021-10-16,-1.45,0.39,,
2021-10-17,-1.36,-0.29,,
2021-10-18,-1.67,-0.30,,
2021-10-19,-3.22,0.23,,
2021-10-20,-4.07,1.17,,
2021-10-21,-6.64,0.70,,
2021-10-22,-7.32,-0.00,,
2021-10-23,-6.96,-0.36,,
2021-10-24,-5.27,-0.09,,
2021-10-25,-6.74,-0.00,,
2021-10-26,-5.00,0.97,,
2021-10-27,-4.18,0.74,,
2021-10-28,-3.47,0.68,,
2021-10-29,-4.09,0.21,,
2021-10-30,-4.21,0.15,,
2021-10-31,-4.30,-0.30,,
2021-11-01,-4.27,-0.30,,
2021-11-02,-4.18,-0.97,,
2021-11-03,-3.71,-0.13,,
2021-11-04,-4.87,0.60,,
2021-11-05,-5.79,0.20,,
2021-11-06,-5.49,-0.48,,
2021-11-07,-4.66,0.57,,
2021-11-08,-3.95,-0.00,,
2021-11-09,-3.89,-0.14,,
2021-11-10,-4.81,-0.25,,
2021-11-11,-4.70,-0.66,,
2021-11-12,-5.41,-0.95,,
2021-11-13,-4.81,-0.34,,
2021-11-14,-5.39,-0.00,,
2021-11-15,-6.28,-0.66,,
2021-11-16,-6.03,-2.43,,
2021-11-17,-5.43,-0.47,,
2021-11-18,-5.39,-0.76,,
2021-11-19,-4.71,-1.62,,
2021-11-20,-3.64,-0.32,,
2021-11-21,-4.09,0.14,,
2021-11-22,-3.51,-0.31,,
2021-11-23,-3.80,0.81,,
2021-11-24,-2.49,0.53,,
2021-11-25,-2.44,-0.89,,
2021-11-26,-2.24,-0.28,,
2021-11-27,-2.72,0.05,,
2021-11-28,-3.66,0.32,,
2021-11-29,-4.98,0.44,,
2021-11-30,-4.96,-0.09,,
2021-12-01,-6.26,-0.44,,
2021-12-02,-6.10,-1.07,,
2021-12-03,-4.89,0.26,,
2021-12-04,-5.36,-0.37,,
2021-12-05,-6.67,-0.70,,
2021-12-06,-7.03,-1.37,,
2021-12-07,-6.02,-2.07,,
2021-12-08,-6.03,-1.39,,
2021-12-09,-5.70,-1.74,,
2021-12-10,-5.66,-1.73,,
2021-12-11,-5.02,-0.98,,
2021-12-12,-5.49,-1.27,,
2021-12-13,-5.14,-1.00,,
2021-12-14,-6.25,-1.33,,
2021-12-15,-6.66,-1.54,,
2021-12-16,-6.38,-1.47,,
2021-12-17,-7.44,-2.13,,
2021-12-18,-7.14,-1.91,,
2021-12-19,-6.33,-0.66,,
2021-12-20,-5.72,-0.20,,
2021-12-21,-5.12,0.36,,
2021-12-22,-6.58,0.69,,
2021-12-23,-6.23,0.99,,
2021-12-24,-4.22,0.52,,
2021-12-25,-4.75,-0.25,,
2021-12-26,-3.82,-0.27,,
2021-12-27,-2.14,-0.26,,
2021-12-28,-3.58,-0.44,,
2021-12-29,-5.08,-1.27,,
2021-12-30,-5.03,-1.35,,
2021-12-31,-5.89,-1.36,,
2022-01-01,-6.08,-2.70,-0.277,0.096
2022-01-02,-5.80,-2.70,-0.266,0.194
2022-01-03,-5.96,-1.38,-0.220,0.218
2022-01-04,-4.74,-1.18,-0.178,0.108
2022-01-05,-5.07,-1.17,-0.194,0.034
2022-01-06,-4.36,0.15,-0.080,0.001
2022-01-07,-4.79,0.25,-0.089,-0.108
2022-01-08,-6.02,-1.17,-0.118,-0.084
2022-01-09,-6.19,-2.38,-0.161,-0.067
2022-01-10,-5.62,-1.30,-0.190,0.059
2022-01-11,-4.28,-1.39,-0.177,0.074
2022-01-12,-3.60,-0.13,-0.207,0.069
2022-01-13,-4.04,0.79,-0.208,0.163
2022-01-14,-2.40,1.22,-0.143,0.118
2022-01-15,-3.08,0.88,-0.165,0.041
2022-01-16,-5.26,-0.18,-0.162,0.013
2022-01-17,-6.45,-0.79,-0.157,-0.006
2022-01-18,-5.44,0.76,-0.036,-0.019
2022-01-19,-5.55,-0.29,-0.057,-0.130
2022-01-20,-6.85,-0.84,-0.087,-0.126
2022-01-21,-6.91,-1.72,-0.112,-0.137
2022-01-22,-6.16,-2.24,-0.107,-0.114
2022-01-23,-4.66,-0.41,-0.074,-0.057
2022-01-24,-4.78,0.76,-0.023,-0.042
2022-01-25,-5.13,-0.63,-0.136,-0.035
2022-01-26,-4.76,-1.46,-0.220,-0.040
2022-01-27,-4.73,-1.72,-0.359,-0.018
2022-01-28,-3.89,-0.62,-0.340,0.137
2022-01-29,-4.13,0.07,-0.322,0.276
2022-01-30,-4.41,-0.54,-0.330,0.366
2022-01-31,-4.41,1.02,-0.270,0.451
2022-02-01,-3.41,1.04,-0.175,0.367
2022-02-02,-3.86,0.07,-0.252,0.307
2022-02-03,-4.10,0.29,-0.208,0.237
2022-02-04,-3.67,-0.00,-0.175,0.111
2022-02-05,-3.61,-0.51,-0.208,0.067
2022-02-06,-4.52,0.47,-0.139,0.026
2022-02-07,-5.97,-1.16,-0.249,0.010
2022-02-08,-5.85,-2.49,-0.220,0.002
2022-02-09,-5.77,-1.44,-0.254,0.010
2022-02-10,-6.23,-0.22,-0.238,0.074
2022-02-11,-7.38,-1.04,-0.178,0.041
2022-02-12,-6.81,-1.45,-0.164,0.044
2022-02-13,-7.01,-1.24,-0.132,0.015
2022-02-14,-5.55,-0.98,-0.106,-0.000
2022-02-15,-6.36,-0.45,-0.075,-0.029
2022-02-16,-7.59,-0.00,-0.047,0.015
2022-02-17,-6.71,-2.31,-0.056,-0.024
2022-02-18,-5.44,-0.67,0.005,-0.000
2022-02-19,-4.83,-1.12,-0.060,-0.040
2022-02-20,-4.57,-1.48,-0.122,0.017
2022-02-21,-4.84,-1.67,-0.196,0.050
2022-02-22,-4.50,-1.55,-0.169,0.084
2022-02-23,-3.41,-2.47,-0.219,0.093
2022-02-24,-2.98,-1.45,-0.158,0.149
2022-02-25,-3.71,-0.52,-0.157,0.124
2022-02-26,-4.57,0.97,-0.130,0.216
2022-02-27,-4.63,-0.24,-0.124,0.194
2022-02-28,-5.81,-0.10,-0.158,0.216
2022-03-01,-5.66,0.20,-0.055,0.254
2022-03-02,-5.34,0.37,-0.014,0.231
2022-03-03,-6.48,0.23,-0.043,0.230
2022-03-04,-6.46,-0.11,0.018,0.215
2022-03-05,-6.50,-0.23,0.030,0.153
2022-03-06,-6.94,-1.47,-0.009,0.099
2022-03-07,-6.91,-1.10,0.000,0.095
2022-03-08,-5.76,-1.44,0.034,0.060
2022-03-09,-5.94,-0.94,-0.002,0.078
2022-03-10,-7.32,-0.38,-0.013,0.158
2022-03-11,-7.16,-1.13,-0.006,0.137
2022-03-12,-7.36,-0.39,-0.000,0.154
2022-03-13,-7.01,-0.86,0.034,0.142
2022-03-14,-7.44,-1.31,-0.068,0.056
2022-03-15,-7.73,-1.64,-0.052,0.114
2022-03-16,-7.89,-1.11,-0.004,0.079
2022-03-17,-7.24,-0.76,-0.043,0.049
2022-03-18,-7.11,-1.25,-0.070,0.002
2022-03-19,-6.65,-1.17,-0.040,-0.046
2022-03-20,-7.08,-0.87,-0.084,-0.075
2022-03-21,-5.15,-1.19,0.007,-0.135
2022-03-22,-5.24,-0.18,-0.083,-0.138
2022-03-23,-5.67,-0.90,-0.099,-0.113
2022-03-24,-7.09,-1.64,-0.141,-0.015
2022-03-25,-7.14,-0.12,-0.065,0.095
2022-03-26,-5.31,0.84,0.005,0.095
2022-03-27,-4.14,1.67,0.038,0.043
2022-03-28,-4.74,1.45,-0.017,0.082
2022-03-29,-5.30,-0.00,0.012,0.076
2022-03-30,-5.21,-1.01,-0.046,0.067
2022-03-31,-6.54,-0.92,-0.101,0.096
2022-04-01,-7.67,-0.27,-0.062,0.151
2022-04-02,-6.80,0.36,0.029,0.057
2022-04-03,-6.42,0.45,0.016,0.002
2022-04-04,-5.48,0.38,0.054,-0.106
2022-04-05,-6.02,0.11,0.006,-0.171
2022-04-06,-5.79,-0.61,0.050,-0.167
2022-04-07,-5.16,0.54,0.077,-0.145
2022-04-08,-5.45,0.19,0.082,-0.106
2022-04-09,-6.54,0.23,0.081,0.010
2022-04-10,-5.68,0.90,0.198,0.074
2022-04-11,-5.08,0.44,0.135,0.097
2022-04-12,-5.30,-0.74,-0.022,0.153
2022-04-13,-6.79,-0.83,-0.168,0.151
2022-04-14,-6.36,-0.56,-0.103,0.228
2022-04-15,-6.30,-0.00,-0.056,0.188
2022-04-16,-7.35,0.39,0.013,0.150
2022-04-17,-7.63,-0.00,0.051,0.070
2022-04-18,-6.64,0.35,0.078,-0.003
2022-04-19,-7.39,0.26,0.061,-0.017
2022-04-20,-6.26,-0.33,0.143,-0.094
2022-04-21,-5.46,-1.06,0.003,-0.167
2022-04-22,-4.72,-0.75,0.000,-0.113
2022-04-23,-4.24,-1.06,0.026,-0.029
2022-04-24,-5.00,-1.06,-0.031,0.148
2022-04-25,-5.00,-0.97,0.031,0.124
2022-04-26,-3.52,-2.29,0.010,-0.041
2022-04-27,-3.83,-2.89,-0.180,-0.086
2022-04-28,-5.21,-0.73,-0.034,0.139
2022-04-29,-3.63,0.90,0.112,0.046
2022-04-30,-2.76,1.53,0.040,-0.025
2022-05-01,-4.46,1.54,0.080,-0.077
2022-05-02,-6.02,-0.21,-0.034,-0.145
2022-05-03,-6.43,-1.02,-0.092,0.061
2022-05-04,-5.80,-1.77,-0.141,0.062
2022-05-05,-5.36,-1.24,-0.131,0.053
2022-05-06,-5.22,-1.11,-0.084,0.112
2022-05-07,-4.13,-0.00,0.049,0.143
2022-05-08,-4.02,1.08,0.121,0.040
2022-05-09,-4.79,1.11,0.205,0.045
2022-05-10,-5.75,1.12,0.163,0.061
2022-05-11,-5.98,1.94,0.139,0.051
2022-05-12,-6.69,0.94,0.013,0.089
2022-05-13,-6.87,1.09,-0.116,0.180
2022-05-14,-6.72,-0.00,-0.236,0.058
2022-05-15,-6.04,0.96,-0.293,0.083
2022-05-16,-7.02,0.24,-0.284,0.176
2022-05-17,-6.85,0.60,-0.182,0.193
2022-05-18,-6.32,0.22,-0.152,0.200
2022-05-19,-5.23,-0.37,-0.050,0.191
2022-05-20,-5.75,-1.01,-0.135,-0.027
2022-05-21,-6.20,-1.21,-0.164,-0.148
2022-05-22,-5.77,-1.65,-0.175,-0.159
2022-05-23,-4.98,-0.70,-0.150,0.150
2022-05-24,-4.80,-0.34,-0.055,0.413
2022-05-25,-4.96,0.09,0.026,0.263
2022-05-26,-4.88,-0.09,-0.027,0.073
2022-05-27,-5.60,-0.79,-0.152,0.045
2022-05-28,-5.97,-0.42,-0.124,0.067
2022-05-29,-6.38,0.22,-0.153,0.062
2022-05-30,-6.24,-0.44,-0.156,0.057
2022-05-31,-5.52,-0.97,-0.145,0.062
2022-06-01,-4.51,-0.08,-0.066,0.038
2022-06-02,-4.44,1.11,-0.063,-0.038
2022-06-03,-4.84,0.34,-0.148,-0.042
2022-06-04,-5.84,0.82,-0.117,0.086
2022-06-05,-6.31,0.44,-0.099,0.045
2022-06-06,-7.00,-0.00,-0.142,-0.012
2022-06-07,-6.88,-0.60,-0.124,-0.040
2022-06-08,-6.10,-1.30,-0.156,-0.060
2022-06-09,-5.71,-0.90,-0.123,-0.063
2022-06-10,-6.00,-0.74,-0.165,-0.060
2022-06-11,-7.17,0.50,-0.115,0.034
2022-06-12,-7.37,-1.43,-0.122,0.046
2022-06-13,-5.82,-0.51,-0.196,0.118
2022-06-14,-6.23,0.22,-0.146,0.204
2022-06-15,-5.41,1.76,0.002,0.231
2022-06-16,-6.52,0.57,-0.022,0.197
2022-06-17,-5.86,0.10,0.066,0.156
2022-06-18,-5.46,-0.19,0.034,0.128
2022-06-19,-6.16,-0.32,0.038,0.089
2022-06-20,-5.53,0.48,0.197,0.122
2022-06-21,-4.41,-0.46,0.223,-0.010
2022-06-22,-4.29,0.45,0.273,0.099
2022-06-23,-4.27,0.37,0.355,-0.013
2022-06-24,-4.76,0.50,0.237,0.108
2022-06-25,-5.39,1.24,0.222,0.194
2022-06-26,-6.72,-0.35,0.034,0.126
2022-06-27,-7.22,-0.76,-0.081,0.156
2022-06-28,-7.76,-1.94,-0.255,0.121
2022-06-29,-8.36,-0.29,-0.393,0.352
2022-06-30,-7.09,-0.50,-0.139,0.440
2022-07-01,-7.60,-1.62,-0.530,0.094
2022-07-02,-6.28,2.16,-0.084,0.564
2022-07-03,-7.49,0.13,-0.350,0.082
2022-07-04,-5.87,-0.41,-0.260,0.324
2022-07-05,-4.68,0.74,-0.293,0.103
2022-07-06,-5.50,1.27,-0.346,0.183
2022-07-07,-5.73,-0.10,-0.308,0.041
2022-07-08,-6.64,0.46,-0.353,0.045
2022-07-09,-6.44,-0.22,-0.210,0.015
2022-07-10,-6.63,-0.23,-0.268,-0.054
2022-07-11,-6.93,-0.73,-0.124,0.055
2022-07-12,-6.29,-1.34,-0.176,0.061
2022-07-13,-6.23,-1.10,-0.141,0.177
2022-07-14,-5.58,-0.00,-0.050,0.239
2022-07-15,-6.82,-0.24,-0.041,0.314
2022-07-16,-6.55,-0.00,0.118,0.240
2022-07-17,-7.32,-0.51,0.075,0.139
2022-07-18,-6.14,-0.75,0.149,0.042
2022-07-19,-5.68,-0.10,0.120,0.021
2022-07-20,-5.37,0.38,0.087,0.043
2022-07-21,-7.05,-0.00,0.085,0.104
2022-07-22,-6.28,-1.68,0.049,0.165
2022-07-23,-4.53,-0.48,0.096,0.197
2022-07-24,-4.44,-0.31,0.096,0.184
2022-07-25,-6.08,0.42,0.016,0.223
2022-07-26,-6.10,-1.18,0.057,0.083
2022-07-27,-5.91,-0.94,-0.030,-0.031
2022-07-28,-5.84,-0.51,-0.000,-0.064
2022-07-29,-5.37,-1.75,-0.086,-0.164
2022-07-30,-6.20,0.54,-0.078,0.052
2022-07-31,-7.47,-0.92,-0.084,0.036
2022-08-01,-6.50,-1.86,-0.054,0.168
2022-08-02,-5.92,-1.04,-0.046,0.182
2022-08-03,-6.39,-0.00,-0.060,0.281
2022-08-04,-6.50,-0.80,0.000,0.176
2022-08-05,-6.40,-0.45,-0.046,0.052
2022-08-06,-5.60,-1.09,-0.060,0.070
2022-08-07,-5.69,0.40,-0.017,0.066
2022-08-08,-6.63,-1.65,-0.141,-0.045
2022-08-09,-6.69,-1.42,-0.137,0.051
2022-08-10,-5.06,0.44,-0.029,0.097
2022-08-11,-4.65,-0.49,-0.154,-0.167
2022-08-12,-5.14,-2.29,-0.311,-0.124
2022-08-13,-4.24,-1.38,-0.167,0.288
2022-08-14,-1.83,0.52,-0.026,0.197
2022-08-15,-2.19,0.80,-0.045,0.020
2022-08-16,-4.11,-0.36,-0.203,0.010
2022-08-17,-4.49,-0.63,-0.121,-0.015
2022-08-18,-5.45,-0.67,-0.255,-0.127
2022-08-19,-4.57,0.81,-0.144,-0.068
2022-08-20,-5.46,0.48,-0.146,-0.068
2022-08-21,-3.45,0.36,-0.128,0.083
2022-08-22,-3.39,0.84,-0.191,0.242
2022-08-23,-3.95,0.07,-0.210,0.408
2022-08-24,-4.17,0.15,-0.144,0.438
2022-08-25,-4.90,0.34,-0.048,0.363
2022-08-26,-4.40,1.34,0.076,0.224
2022-08-27,-4.10,-0.29,0.116,-0.083
2022-08-28,-4.15,-0.66,-0.050,-0.149
2022-08-29,-5.03,-0.18,-0.033,-0.178
2022-08-30,-4.89,-1.59,-0.125,-0.105
2022-08-31,-3.76,-3.63,-0.153,-0.038
2022-09-01,-3.73,-2.42,-0.135,0.189
2022-09-02,-0.91,-2.64,-0.040,0.167
2022-09-03,1.28,2.50,0.095,0.249
2022-09-04,-0.91,1.45,0.076,0.188
2022-09-05,-1.76,1.43,0.085,0.076
2022-09-06,-1.26,0.85,0.064,0.027
2022-09-07,-1.59,0.11,0.043,-0.077
2022-09-08,-1.04,0.44,0.088,-0.019
2022-09-09,-2.73,0.48,-0.033,-0.075
2022-09-10,-4.12,-0.14,-0.053,-0.037
2022-09-11,-4.19,-0.00,-0.013,0.066
2022-09-12,-4.27,-0.45,-0.049,0.062
2022-09-13,-4.69,-0.83,-0.095,0.127
2022-09-14,-4.38,-0.93,-0.129,0.140
2022-09-15,-4.16,-1.43,-0.107,0.175
2022-09-16,-3.89,-3.15,-0.116,0.144
2022-09-17,-1.09,5.11,0.243,0.428
2022-09-18,-4.63,2.46,0.034,0.077
2022-09-19,-4.01,1.30,0.064,0.057
2022-09-20,-5.00,0.70,0.044,-0.072
2022-09-21,-5.93,0.52,-0.025,0.045
2022-09-22,-5.46,1.77,0.115,0.165
2022-09-23,-4.11,0.95,0.134,-0.050
2022-09-24,-4.54,-0.64,-0.065,0.078
2022-09-25,-4.75,0.42,0.002,0.168
2022-09-26,-4.93,0.34,-0.092,0.066
2022-09-27,-5.45,0.19,0.019,0.309
2022-09-28,-5.16,0.45,-0.089,0.147
2022-09-29,-3.24,1.05,-0.030,0.269
2022-09-30,-2.33,1.46,0.028,0.228
2022-10-01,-2.93,0.84,-0.078,0.068
2022-10-02,-4.29,0.30,-0.107,0.093
2022-10-03,-4.16,-0.15,-0.066,0.201
2022-10-04,-5.21,0.46,-0.069,0.121
2022-10-05,-7.91,0.28,-0.071,0.235
2022-10-06,-6.31,-0.33,0.093,0.139
2022-10-07,-5.14,0.09,-0.019,0.057
2022-10-08,-4.75,0.17,0.017,0.137
2022-10-09,-4.21,0.44,0.071,0.129
2022-10-10,-4.39,-0.15,-0.000,0.127
2022-10-11,-4.79,0.59,0.032,0.200
2022-10-12,-5.46,-0.48,0.037,0.103
2022-10-13,-4.45,-1.28,0.017,0.175
2022-10-14,-3.71,-0.39,0.050,0.169
2022-10-15,-3.58,0.25,0.076,0.140
2022-10-16,-2.14,0.38,0.178,0.182
2022-10-17,-2.63,0.51,0.219,0.093
2022-10-18,-3.64,-0.06,0.149,0.032
2022-10-19,-4.55,-0.40,0.095,-0.062
2022-10-20,-4.97,-0.09,0.052,-0.064
2022-10-21,-4.10,-0.80,0.059,-0.119
2022-10-22,-3.51,-0.62,-0.008,-0.141
2022-10-23,-2.89,-0.20,0.032,-0.097
2022-10-24,-3.78,0.26,-0.004,-0.105
2022-10-25,-4.25,0.07,-0.055,-0.001
2022-10-26,-5.42,2.41,0.126,0.140
2022-10-27,-6.43,1.48,0.121,0.014
2022-10-28,-6.02,0.63,0.127,0.048
2022-10-29,-5.92,0.83,0.110,0.060
2022-10-30,-2.64,0.86,0.227,-0.034
2022-10-31,-4.41,0.70,0.064,-0.004
2022-11-01,-4.90,-0.17,0.114,-0.004
2022-11-02,-4.75,1.01,0.071,0.070
2022-11-03,-4.61,0.90,0.160,0.050
2022-11-04,-4.42,1.10,0.108,0.044
2022-11-05,-5.47,1.57,0.112,0.032
2022-11-06,-2.75,2.85,0.245,0.034
2022-11-07,-3.70,2.69,0.167,-0.074
2022-11-08,-5.05,1.74,0.179,-0.015
2022-11-09,-4.43,1.35,0.163,-0.059
2022-11-10,-4.87,0.08,0.101,-0.052
2022-11-11,-5.22,-0.09,0.094,-0.015
2022-11-12,-4.48,-1.37,0.058,-0.037
2022-11-13,-4.07,1.01,0.079,-0.046
2022-11-14,-5.71,1.53,0.102,-0.122
2022-11-15,-6.24,0.33,0.109,-0.225
2022-11-16,-5.59,-1.29,0.013,-0.166
2022-11-17,-5.45,-0.86,0.001,-0.164
2022-11-18,-5.90,-1.15,-0.079,-0.066
2022-11-19,-6.10,-1.07,-0.029,0.039
2022-11-20,-5.82,-0.82,0.013,0.080
2022-11-21,-6.22,0.33,0.010,0.040
2022-11-22,-6.96,-0.61,-0.009,0.005
2022-11-23,-6.56,0.11,-0.004,-0.031
2022-11-24,-5.78,-0.20,0.071,0.003
2022-11-25,-5.48,-0.29,-0.017,-0.087
2022-11-26,-5.46,-0.96,-0.037,-0.025
2022-11-27,-5.07,-0.27,-0.053,-0.094
2022-11-28,-6.26,-1.56,-0.125,0.009
2022-11-29,-5.94,-2.04,-0.123,0.032
2022-11-30,-5.51,-2.11,-0.122,0.008
2022-12-01,-5.28,-1.92,-0.151,0.051
2022-12-02,-5.21,-2.21,-0.119,0.012
2022-12-03,-3.80,-1.85,-0.107,0.021
2022-12-04,1.88,-0.03,0.064,0.007
2022-12-05,3.60,0.13,0.105,-0.200
2022-12-06,0.78,-2.28,-0.057,-0.195
2022-12-07,0.84,-2.18,-0.038,-0.065
2022-12-08,0.87,-2.67,-0.073,-0.101
2022-12-09,-0.77,-2.52,-0.141,0.025
2022-12-10,0.77,-1.38,-0.011,0.092
2022-12-11,0.84,-1.03,-0.110,0.041
2022-12-12,-1.54,-0.79,-0.172,0.055
2022-12-13,-3.23,0.17,-0.213,0.063
2022-12-14,-3.77,-0.40,-0.211,0.063
2022-12-15,-5.11,-0.63,-0.197,0.134
2022-12-16,-5.19,-1.01,-0.054,0.102
2022-12-17,-5.96,-0.73,-0.062,0.109
2022-12-18,-6.27,-0.55,0.009,0.051
2022-12-19,-6.29,-0.44,-0.010,-0.068
2022-12-20,-5.49,-1.27,-0.103,-0.091
2022-12-21,-6.73,-1.31,-0.181,0.052
2022-12-22,-6.18,-0.11,-0.095,0.097
2022-12-23,-5.85,-0.51,-0.096,0.098
2022-12-24,-6.58,-0.69,-0.122,0.068
2022-12-25,-7.15,-0.25,-0.087,0.090
2022-12-26,-7.45,-0.26,-0.018,0.039
2022-12-27,-7.74,-0.54,-0.054,0.020
2022-12-28,-6.24,-0.00,0.009,-0.051
2022-12-29,-6.90,-1.09,-0.089,-0.060
2022-12-30,-6.72,-1.31,-0.100,0.056
2022-12-31,-6.11,-1.08,-0.077,0.047
2023-01-01,-5.68,-0.50,-0.034,0.115
2023-01-02,-5.00,-0.61,-0.024,0.077
2023-01-03,-5.11,-1.27,-0.082,0.055
2023-01-04,-6.10,-0.64,-0.076,0.097
2023-01-05,-7.74,-0.95,-0.119,0.057
2023-01-06,-7.44,-0.78,-0.121,-0.000
2023-01-07,-5.21,0.64,-0.127,0.017
2023-01-08,-5.69,0.60,-0.117,0.021
2023-01-09,-6.02,-0.32,-0.131,0.041
2023-01-10,-4.85,1.21,-0.064,0.082
2023-01-11,-3.90,0.83,-0.059,-0.041
2023-01-12,-4.56,-0.08,-0.129,-0.062
2023-01-13,-5.64,-1.41,-0.141,-0.050
2023-01-14,-4.70,1.08,-0.039,0.024
2023-01-15,-3.07,0.94,0.052,-0.121
2023-01-16,-2.35,-0.25,0.016,-0.193
2023-01-17,-3.46,-0.18,-0.045,-0.136
2023-01-18,-4.29,0.23,-0.006,-0.087
2023-01-19,-5.51,-0.58,-0.067,-0.085
2023-01-20,-6.28,-1.33,-0.099,-0.022
2023-01-21,-5.99,-0.95,-0.102,0.041
2023-01-22,-6.35,-1.35,-0.125,0.062
2023-01-23,-6.88,-0.97,-0.130,0.132
2023-01-24,-6.27,-1.56,-0.088,0.089
2023-01-25,-6.41,-1.96,-0.145,0.043
2023-01-26,-5.81,-2.47,-0.114,0.004
2023-01-27,-3.96,-2.88,-0.073,-0.103
2023-01-28,-4.26,-2.77,-0.174,-0.114
2023-01-29,-4.36,-1.67,-0.086,0.008
2023-01-30,-4.05,-1.98,-0.110,0.053
2023-01-31,-3.71,-2.23,-0.130,0.066
2023-02-01,-3.33,-1.48,-0.089,0.098
2023-02-02,-4.83,-1.12,-0.118,0.096
2023-02-03,-6.30,-0.89,-0.121,0.111
2023-02-04,-5.83,0.41,0.003,0.064
2023-02-05,-7.27,-0.76,-0.118,-0.044
2023-02-06,-7.11,-1.00,-0.122,0.024
2023-02-07,-5.97,-0.52,-0.049,-0.060
2023-02-08,-5.72,-1.64,-0.189,-0.005
2023-02-09,-6.44,-1.14,-0.159,0.106
2023-02-10,-7.53,-1.74,-0.189,0.031
2023-02-11,-7.38,-1.04,-0.145,0.055
2023-02-12,-6.96,-0.98,-0.057,-0.053
2023-02-13,-6.17,0.65,-0.060,-0.038
2023-02-14,-5.25,0.28,-0.049,-0.021
2023-02-15,-5.28,-2.24,-0.136,0.029
2023-02-16,-6.58,-2.27,-0.186,0.184
2023-02-17,-6.54,-2.51,-0.087,0.193
2023-02-18,-6.58,-1.64,-0.087,0.118
2023-02-19,-6.97,-2.82,-0.129,0.008
2023-02-20,-6.37,-2.44,-0.121,0.028
2023-02-21,-4.93,-2.40,-0.040,0.076
2023-02-22,-5.50,-1.68,-0.030,0.019
2023-02-23,-5.33,-2.84,-0.105,-0.049
2023-02-24,-5.28,-3.05,-0.165,0.026
2023-02-25,-4.65,-1.88,-0.100,0.074
2023-02-26,-4.21,-0.29,-0.024,0.023
2023-02-27,-2.61,0.09,0.072,-0.086
2023-02-28,-3.72,0.13,-0.013,-0.114
2023-03-01,-4.37,-0.54,-0.011,-0.144
2023-03-02,-5.00,-1.15,-0.057,-0.171
2023-03-03,-5.76,-0.10,-0.064,-0.127
2023-03-04,-6.01,-0.42,-0.064,-0.046
2023-03-05,-5.40,0.09,-0.072,0.080
2023-03-06,-4.71,-0.92,-0.168,0.168
2023-03-07,-3.91,-0.00,-0.203,0.216
2023-03-08,-1.06,1.06,-0.110,0.260
2023-03-09,2.37,-0.29,-0.056,0.220
2023-03-10,0.89,-1.54,-0.056,0.147
2023-03-11,-3.20,-0.68,-0.054,0.115
2023-03-12,-3.35,0.65,0.089,0.084
2023-03-13,-3.34,-0.00,0.105,-0.039
2023-03-14,-4.55,0.32,0.044,-0.056
2023-03-15,-4.51,0.39,0.115,-0.042
2023-03-16,-2.81,0.97,0.180,-0.031
2023-03-17,-2.72,-0.05,0.210,-0.061
2023-03-18,-4.30,-1.15,0.060,-0.011
2023-03-19,-5.21,0.36,0.052,0.092
2023-03-20,-6.75,-0.00,0.020,0.111
2023-03-21,-6.64,-1.17,-0.020,0.171
2023-03-22,-5.82,-0.71,-0.025,0.179
2023-03-23,-4.60,-1.15,-0.032,0.179
2023-03-24,-5.48,-2.44,-0.138,0.160
2023-03-25,-5.58,-0.88,-0.042,0.191
2023-03-26,-6.64,-1.65,-0.025,0.131
2023-03-27,-6.30,-1.46,0.038,0.134
2023-03-28,-5.80,-0.92,0.058,0.044
2023-03-29,-5.53,-0.29,0.072,-0.008
2023-03-30,-5.52,-0.58,0.091,0.020
2023-03-31,-6.20,-1.66,0.007,0.024
2023-04-01,-6.87,-1.46,0.025,0.077
2023-04-02,-6.97,-0.37,0.100,0.074
2023-04-03,-6.42,-0.68,0.133,0.014
2023-04-04,-5.83,-0.20,0.093,0.036
2023-04-05,-5.40,-0.28,0.096,0.029
2023-04-06,-5.39,0.57,0.061,0.074
2023-04-07,-6.80,0.60,0.071,0.099
2023-04-08,-6.43,0.22,0.115,0.050
2023-04-09,-6.06,0.53,0.076,-0.017
2023-04-10,-5.38,0.85,0.145,-0.015
2023-04-11,-5.34,0.56,0.086,-0.053
2023-04-12,-5.03,0.18,0.065,-0.076
2023-04-13,-4.85,-1.21,-0.020,-0.057
2023-04-14,-5.28,-1.32,-0.103,-0.059
2023-04-15,-5.36,-0.75,-0.041,0.107
2023-04-16,-5.53,-0.39,-0.058,0.092
2023-04-17,-4.55,-0.00,-0.017,0.156
2023-04-18,-5.67,-0.60,-0.060,0.114
2023-04-19,-5.82,-0.10,-0.039,0.183
2023-04-20,-5.89,0.41,0.052,0.169
2023-04-21,-4.53,0.96,0.145,0.053
2023-04-22,-1.69,0.68,0.210,-0.081
2023-04-23,0.07,0.95,0.178,-0.155
2023-04-24,-0.12,-1.13,0.128,-0.166
2023-04-25,-1.34,0.07,-0.059,-0.031
2023-04-26,-1.90,0.40,0.006,0.083
2023-04-27,-1.25,0.94,0.014,0.347
2023-04-28,-1.83,1.01,-0.011,0.112
2023-04-29,-2.50,1.06,-0.071,0.042
2023-04-30,-3.60,1.24,-0.073,0.036
2023-05-01,-4.00,1.15,-0.069,0.115
2023-05-02,-4.11,0.58,-0.089,0.117
2023-05-03,-4.24,0.37,-0.050,0.236
2023-05-04,-4.21,1.29,-0.017,0.362
2023-05-05,-4.83,1.76,-0.088,0.383
2023-05-06,-5.18,0.18,-0.090,0.389
2023-05-07,-4.79,0.42,-0.208,0.233
2023-05-08,-5.15,1.58,-0.203,0.378
2023-05-09,-6.54,1.04,0.015,0.304
2023-05-10,-6.20,0.11,-0.087,-0.231
2023-05-11,-4.29,0.38,-0.222,-0.285
2023-05-12,-3.91,0.69,-0.134,-0.049
2023-05-13,-5.14,0.91,-0.072,-0.014
2023-05-14,-5.24,1.31,-0.058,-0.046
2023-05-15,-5.01,0.26,-0.116,-0.142
2023-05-16,-4.70,0.58,-0.136,-0.080
2023-05-17,-4.68,0.82,-0.124,0.005
2023-05-18,-4.80,0.76,-0.074,0.076
2023-05-19,-5.64,1.20,-0.010,0.077
2023-05-20,-6.66,0.94,0.066,0.047
2023-05-21,-6.36,1.35,0.118,-0.036
2023-05-22,-4.61,1.32,0.190,-0.144
2023-05-23,-4.08,1.33,0.195,-0.179
2023-05-24,-3.59,0.57,0.169,-0.093
2023-05-25,-3.71,0.65,0.073,0.048
2023-05-26,-3.96,1.21,-0.012,0.180
2023-05-27,-5.56,0.88,-0.070,0.239
2023-05-28,-5.67,-0.10,-0.120,0.249
2023-05-29,-4.55,0.32,-0.081,0.287
2023-05-30,-4.78,1.28,-0.099,0.281
2023-05-31,-5.44,1.66,-0.077,0.294
2023-06-01,-4.90,1.98,0.024,0.327
2023-06-02,-4.55,1.48,0.030,0.259
2023-06-03,-3.28,2.39,0.088,0.318
2023-06-04,-4.03,2.52,0.100,0.276
2023-06-05,-4.86,1.39,0.094,0.255
2023-06-06,-5.69,0.40,0.070,0.196
2023-06-07,-5.56,0.49,0.062,0.183
2023-06-08,-6.14,0.43,0.028,0.139
2023-06-09,-5.36,0.56,0.060,0.151
2023-06-10,-5.82,0.71,0.026,0.131
2023-06-11,-6.44,-0.79,0.001,0.092
2023-06-12,-6.89,-0.72,-0.053,0.143
2023-06-13,-5.43,1.15,0.129,0.110
2023-06-14,-6.61,0.81,0.059,-0.048
2023-06-15,-7.57,-0.26,0.048,-0.060
2023-06-16,-6.66,-0.12,0.084,-0.065
2023-06-17,-5.20,0.18,0.078,-0.048
2023-06-18,-4.39,0.38,0.059,-0.045
2023-06-19,-5.02,0.53,-0.063,-0.122
2023-06-20,-5.94,-0.31,-0.083,-0.112
2023-06-21,-6.17,0.22,-0.084,-0.102
2023-06-22,-7.03,-1.88,-0.226,-0.011
2023-06-23,-7.39,0.26,-0.244,0.340
2023-06-24,-3.73,-0.73,-0.011,0.148
2023-06-25,-3.27,-0.58,-0.260,-0.002
2023-06-26,-4.36,0.54,0.007,0.043
2023-06-27,-5.26,0.18,-0.086,0.025
2023-06-28,-3.73,2.42,0.108,0.169
2023-06-29,-4.25,1.47,0.148,-0.070
2023-06-30,-5.49,0.77,0.042,-0.061
2023-07-01,-6.07,0.21,0.068,-0.058
2023-07-02,-6.18,0.43,0.004,-0.057
2023-07-03,-6.80,-0.71,-0.015,-0.037
2023-07-04,-6.83,1.58,0.055,0.022
2023-07-05,-6.43,-1.02,0.092,-0.159
2023-07-06,-5.80,-0.71,-0.015,-0.092
2023-07-07,-5.27,-0.37,0.049,-0.007
2023-07-08,-4.09,1.09,0.103,-0.019
2023-07-09,-6.32,-0.00,-0.015,0.063
2023-07-10,-7.71,-1.36,-0.142,0.150
2023-07-11,-6.29,-0.44,-0.045,0.339
2023-07-12,-4.57,-0.00,0.022,0.193
2023-07-13,-6.93,-0.85,-0.290,0.137
2023-07-14,-6.66,-1.79,-0.166,0.355
2023-07-15,-6.81,-1.70,-0.235,0.222
2023-07-16,-6.09,-1.52,-0.094,0.162
2023-07-17,-5.81,0.82,-0.084,0.044
2023-07-18,-5.52,0.19,0.002,0.045
2023-07-19,-6.22,0.54,-0.047,0.081
2023-07-20,-4.98,-0.88,0.074,0.074
2023-07-21,-3.89,-0.69,0.051,0.012
2023-07-22,-4.18,0.51,0.128,0.059
2023-07-23,-4.79,0.33,0.150,-0.063
2023-07-24,-6.72,-1.80,-0.042,-0.164
2023-07-25,-7.24,0.51,-0.079,-0.002
2023-07-26,-5.76,0.20,0.118,-0.123
2023-07-27,-6.08,0.21,-0.095,-0.062
2023-07-28,-5.29,0.18,0.039,0.105
2023-07-29,-6.07,-0.64,-0.108,0.102
2023-07-30,-5.60,-1.09,-0.015,0.279
2023-07-31,-2.88,-0.10,0.073,0.283
2023-08-01,-1.95,0.20,0.049,0.206
2023-08-02,-2.15,-0.42,-0.004,0.263
2023-08-03,-3.88,0.41,0.032,0.189
2023-08-04,-4.68,1.17,0.037,0.127
2023-08-05,-5.08,-0.62,0.006,-0.057
2023-08-06,-5.12,1.00,-0.138,-0.046
2023-08-07,-4.19,0.15,-0.049,-0.062
2023-08-08,-3.83,0.96,-0.112,-0.036
2023-08-09,-4.66,1.51,-0.021,0.015
2023-08-10,-4.85,1.39,0.051,0.041
2023-08-11,-5.39,-1.35,-0.033,-0.086
2023-08-12,-5.55,0.10,0.003,0.071
2023-08-13,-6.34,0.11,0.134,0.011
2023-08-14,-7.08,-2.72,-0.024,-0.014
2023-08-15,-6.60,-2.27,-0.032,0.157
2023-08-16,-5.69,-0.80,0.017,0.173
2023-08-17,-5.39,-0.28,-0.089,0.164
2023-08-18,-6.44,-1.25,-0.177,0.242
2023-08-19,-7.03,-1.24,-0.097,0.333
2023-08-20,-6.30,1.93,0.125,0.337
2023-08-21,-3.99,-0.92,0.143,-0.095
2023-08-22,-1.11,-0.47,0.085,0.056
2023-08-23,-1.13,-0.50,0.256,0.025
2023-08-24,0.80,-1.34,0.131,0.013
2023-08-25,-0.11,-2.01,0.063,0.091
2023-08-26,1.41,1.41,0.100,0.080
2023-08-27,-1.46,0.53,0.127,0.205
2023-08-28,-3.11,1.45,0.135,0.175
2023-08-29,-5.45,0.57,0.001,0.171
2023-08-30,-5.16,0.73,0.165,0.279
2023-08-31,-4.63,0.16,0.117,0.162
2023-09-01,-4.86,0.34,0.081,0.224
2023-09-02,-4.41,1.78,0.186,0.233
2023-09-03,-4.51,1.46,0.132,0.147
2023-09-04,-4.69,0.91,0.097,0.086
2023-09-05,-4.88,-0.17,-0.010,0.055
2023-09-06,-4.23,0.67,0.027,0.133
2023-09-07,-3.75,-0.66,0.028,0.072
2023-09-08,-1.91,-1.50,-0.132,0.124
2023-09-09,0.88,1.17,0.124,0.249
2023-09-10,1.27,1.89,0.136,0.238
2023-09-11,-0.47,1.21,0.065,0.332
2023-09-12,-1.70,1.43,0.029,0.306
2023-09-13,-1.75,0.89,0.060,0.283
2023-09-14,-1.88,0.72,0.039,0.131
2023-09-15,-3.26,-0.34,0.018,0.103
2023-09-16,-2.67,-0.42,0.004,0.094
2023-09-17,-1.96,0.24,0.034,0.055
2023-09-18,-2.29,-0.04,0.055,-0.028
2023-09-19,-3.36,-0.06,0.057,-0.050
2023-09-20,-4.31,-0.38,-0.047,-0.051
2023-09-21,-3.51,0.25,0.030,0.080
2023-09-22,-3.70,-0.79,0.032,-0.082
2023-09-23,-3.17,1.48,0.078,-0.048
2023-09-24,-4.35,0.38,0.048,-0.141
2023-09-25,-4.85,-0.34,-0.102,-0.111
2023-09-26,-3.92,-2.00,-0.069,-0.018
2023-09-27,-3.63,-0.71,-0.192,0.056
2023-09-28,-1.38,-1.08,-0.129,0.190
2023-09-29,2.10,0.18,-0.123,0.041
2023-09-30,-1.20,-1.54,-0.256,0.117
2023-10-01,-0.75,-2.99,-0.176,0.116
2023-10-02,3.66,2.37,0.022,0.078
2023-10-03,-0.47,3.86,0.116,0.243
2023-10-04,-3.41,2.13,-0.037,-0.103
2023-10-05,-4.16,1.60,-0.015,-0.030
2023-10-06,-4.35,1.50,0.083,0.010
2023-10-07,-5.06,0.53,-0.000,0.021
2023-10-08,-4.18,1.04,0.060,0.124
2023-10-09,-3.56,0.63,0.029,0.089
2023-10-10,-4.55,-0.08,-0.088,0.181
2023-10-11,-4.10,-0.65,-0.022,0.202
2023-10-12,-2.25,0.40,-0.033,0.115
2023-10-13,-3.16,0.85,0.048,0.107
2023-10-14,-2.29,0.79,0.104,0.013
2023-10-15,-2.04,0.82,0.089,-0.048
2023-10-16,-2.81,0.44,0.107,-0.095
2023-10-17,-3.96,-0.07,0.049,-0.125
2023-10-18,-4.27,-0.37,0.012,-0.036
2023-10-19,-3.84,-1.03,0.045,-0.046
2023-10-20,-6.24,-0.11,-0.094,0.031
2023-10-21,-5.38,-2.63,0.032,0.116
2023-10-22,0.06,3.40,0.272,0.072
2023-10-23,-1.94,1.08,0.037,-0.138
2023-10-24,-1.58,0.88,0.106,-0.173
2023-10-25,-1.11,-0.12,0.058,-0.222
2023-10-26,-2.07,1.05,0.079,-0.218
2023-10-27,-4.21,1.97,-0.003,-0.092
2023-10-28,-3.53,1.72,0.126,-0.103
2023-10-29,-4.14,2.20,0.136,-0.034
2023-10-30,-4.28,1.39,0.141,-0.021
2023-10-31,-4.69,0.49,0.113,0.036
2023-11-01,-5.08,0.44,0.095,0.211
2023-11-02,-5.90,-0.00,0.072,0.201
2023-11-03,-6.50,-0.00,0.108,0.260
2023-11-04,-5.33,-0.00,0.232,0.216
2023-11-05,-3.62,0.90,0.198,0.132
2023-11-06,-3.69,1.88,0.212,0.186
2023-11-07,-3.71,1.81,0.268,0.142
2023-11-08,-3.75,1.07,0.190,0.040
2023-11-09,-5.56,0.29,-0.001,0.055
2023-11-10,-6.78,-0.24,-0.002,0.159
2023-11-11,-7.31,-0.00,0.049,0.149
2023-11-12,-7.30,-0.51,0.109,0.111
2023-11-13,-6.14,0.11,0.145,0.044
2023-11-14,-6.12,0.54,0.104,0.000
2023-11-15,-5.47,-0.19,0.068,-0.056
2023-11-16,-6.11,-0.11,-0.068,-0.046
2023-11-17,-6.50,1.15,0.037,0.082
2023-11-18,-5.40,2.07,0.100,0.067
2023-11-19,-4.44,2.17,0.111,-0.030
2023-11-20,-4.47,1.90,0.096,0.038
2023-11-21,-3.28,0.46,0.114,-0.012
2023-11-22,-2.68,0.05,0.053,0.080
2023-11-23,-4.58,0.32,0.007,0.217
2023-11-24,-5.23,0.73,0.092,0.157
2023-11-25,-5.78,-0.81,0.002,0.112
2023-11-26,-4.64,-0.90,0.049,0.038
2023-11-27,-4.99,-0.44,0.005,-0.079
2023-11-28,-4.09,0.14,-0.025,-0.083
2023-11-29,-3.86,-0.61,-0.051,-0.162
2023-11-30,-4.50,-0.39,-0.131,-0.106
2023-12-01,-5.60,-0.89,-0.092,0.053
2023-12-02,-5.34,-1.53,-0.071,0.166
2023-12-03,-4.66,-0.00,0.046,0.179
2023-12-04,-6.13,0.64,-0.011,0.138
2023-12-05,-5.83,0.10,0.021,0.065
2023-12-06,-5.89,0.52,0.052,-0.030
2023-12-07,-4.40,-0.15,0.005,-0.048
2023-12-08,-5.36,0.09,-0.073,0.081
2023-12-09,-6.47,-0.91,0.006,0.155
2023-12-10,-6.88,-1.72,-0.032,0.173
2023-12-11,-6.23,-0.88,-0.050,0.034
2023-12-12,-5.29,-2.47,-0.151,-0.098
2023-12-13,-6.66,-2.69,-0.271,-0.070
2023-12-14,-5.77,-1.12,-0.117,0.004
2023-12-15,-5.00,-0.26,-0.074,-0.122
2023-12-16,-5.15,-0.54,-0.146,-0.141
2023-12-17,-6.01,-1.06,-0.127,-0.040
2023-12-18,-6.30,-1.46,-0.150,0.080
2023-12-19,-4.47,-1.45,-0.036,0.103
2023-12-20,-2.95,-0.90,-0.012,0.080
2023-12-21,-2.70,-1.32,-0.018,0.108
2023-12-22,-3.11,-0.89,-0.037,0.096
2023-12-23,-3.34,-0.17,-0.038,0.131
2023-12-24,-1.96,-0.03,0.009,0.112
2023-12-25,-1.95,-0.52,-0.035,0.055
2023-12-26,-2.62,-0.32,-0.021,0.114
2023-12-27,-1.79,-0.35,0.024,0.148
2023-12-28,-1.74,-0.63,-0.029,0.147
2023-12-29,-2.72,-1.10,-0.047,0.203
2023-12-30,-3.29,-1.82,-0.048,0.257
2023-12-31,-4.09,-1.33,0.000,0.213
2024-01-01,-4.04,-0.86,-0.021,0.090
2024-01-02,-4.15,0.07,-0.064,0.038
2024-01-03,-2.66,1.47,0.054,-0.053
2024-01-04,-4.25,0.75,-0.040,-0.150
2024-01-05,-4.19,-0.22,-0.046,-0.127
2024-01-06,-4.37,-1.42,-0.095,-0.193
2024-01-07,-5.46,0.10,-0.116,-0.078
2024-01-08,-6.02,-1.17,-0.077,-0.098
2024-01-09,-7.03,-2.28,-0.189,-0.081
2024-01-10,-6.78,-1.07,-0.103,0.078
2024-01-11,-5.80,-0.82,-0.101,0.038
2024-01-12,-5.61,-0.20,-0.128,0.090
2024-01-13,-5.39,-0.57,-0.065,0.138
2024-01-14,-5.86,-0.72,-0.132,0.099
2024-01-15,-6.86,-0.48,-0.075,0.148
2024-01-16,-7.42,-0.78,-0.074,0.110
2024-01-17,-6.91,-0.60,-0.028,0.046
2024-01-18,-7.51,-0.92,-0.059,0.034
2024-01-19,-6.91,0.97,0.052,0.014
2024-01-20,-5.50,2.11,0.143,-0.053
2024-01-21,-6.21,0.98,0.060,-0.120
2024-01-22,-6.23,-2.39,-0.048,-0.164
2024-01-23,-7.73,-2.36,-0.203,-0.005
2024-01-24,-7.54,-2.74,-0.193,0.061
2024-01-25,-7.44,-1.86,-0.251,0.155
2024-01-26,-6.73,-2.06,-0.290,0.227
2024-01-27,-6.84,-1.96,-0.191,0.298
2024-01-28,-5.15,-0.72,-0.112,0.245
2024-01-29,-3.74,1.59,0.036,0.208
2024-01-30,-1.27,1.19,0.088,0.036
2024-01-31,-1.90,0.10,-0.027,-0.166
2024-02-01,-1.12,0.62,-0.010,-0.128
2024-02-02,2.08,0.60,0.076,-0.236
2024-02-03,-1.30,-0.21,-0.129,-0.173
2024-02-04,-1.46,0.98,0.034,-0.044
2024-02-05,-2.66,2.66,-0.009,0.071
2024-02-06,-2.32,3.43,0.130,0.081
2024-02-07,-2.50,3.71,0.073,-0.069
2024-02-08,-2.37,2.45,0.069,-0.383
2024-02-09,-2.98,-1.58,-0.060,-0.448
2024-02-10,-4.34,-1.24,-0.115,-0.116
2024-02-11,-5.64,-1.62,-0.166,0.055
2024-02-12,-5.65,-0.30,-0.070,0.190
2024-02-13,-5.93,0.94,0.057,0.185
2024-02-14,-5.57,0.78,0.115,0.078
2024-02-15,-3.84,0.89,0.160,-0.057
2024-02-16,-4.37,0.46,0.139,-0.141
2024-02-17,-5.49,0.77,0.041,-0.111
2024-02-18,-5.96,0.63,0.070,-0.089
2024-02-19,-6.17,-0.22,-0.019,-0.092
2024-02-20,-4.93,-0.43,0.058,-0.051
2024-02-21,-3.31,0.64,0.090,-0.062
2024-02-22,-0.50,1.19,0.169,-0.063
2024-02-23,-2.20,-0.98,0.025,-0.123
2024-02-24,-4.09,0.94,0.048,0.009
2024-02-25,-4.44,0.86,0.094,-0.083
2024-02-26,-4.50,0.24,0.007,0.002
2024-02-27,-4.80,-1.11,0.000,0.032
2024-02-28,-5.38,-0.95,-0.044,0.060
2024-02-29,-4.62,-0.57,0.008,0.109
2024-03-01,-4.69,-2.29,-0.104,0.065
2024-03-02,-4.82,-3.38,-0.160,0.116
2024-03-03,-4.81,-2.04,-0.115,0.153
2024-03-04,-5.49,-1.78,-0.090,0.163
2024-03-05,-4.90,-0.95,-0.048,0.165
2024-03-06,-4.90,0.60,0.037,0.168
2024-03-07,-5.61,0.99,0.038,0.145
2024-03-08,-4.98,0.52,0.023,0.073
2024-03-09,-3.04,-0.54,0.029,-0.043
2024-03-10,-3.32,-0.00,-0.106,-0.039
2024-03-11,-4.45,0.16,0.026,-0.044
2024-03-12,-4.30,-0.84,-0.027,-0.090
2024-03-13,-5.16,-0.09,0.031,-0.010
2024-03-14,-5.13,0.72,0.115,0.022
2024-03-15,-5.73,0.30,0.099,0.067
2024-03-16,-5.98,-0.00,0.014,0.158
2024-03-17,-5.87,1.14,0.063,0.205
2024-03-18,-6.49,1.14,0.028,0.268
2024-03-19,-6.20,1.43,0.089,0.251
2024-03-20,-4.44,1.11,0.098,0.134
2024-03-21,-3.68,0.32,0.019,0.073
2024-03-22,-4.75,-0.00,-0.102,0.179
2024-03-23,-6.07,-0.11,-0.142,0.244
2024-03-24,-5.36,0.94,-0.046,0.395
2024-03-25,-3.54,1.80,-0.037,0.303
2024-03-26,-1.32,1.37,0.048,0.371
2024-03-27,0.76,-1.63,0.076,0.043
2024-03-28,2.67,-0.67,0.032,-0.227
2024-03-29,2.61,0.09,0.050,-0.360
2024-03-30,-1.37,-2.28,-0.081,-0.439
2024-03-31,-3.90,-2.34,-0.395,-0.294
2024-04-01,-4.86,-2.27,-0.388,-0.115
2024-04-02,-5.54,-0.88,-0.383,0.147
2024-04-03,-5.82,-0.92,-0.267,0.246
2024-04-04,-5.58,-0.39,-0.167,0.144
2024-04-05,-5.56,1.08,-0.069,-0.059
2024-04-06,-3.80,1.31,-0.053,-0.212
2024-04-07,-3.97,0.92,-0.046,-0.219
2024-04-08,-3.90,0.14,-0.113,-0.019
2024-04-09,-3.77,-0.67,-0.189,0.191
2024-04-10,-4.99,-0.97,-0.190,0.225
2024-04-11,-5.59,-0.39,-0.051,0.313
2024-04-12,-6.40,0.11,-0.021,0.349
2024-04-13,-6.07,-1.86,-0.039,0.337
2024-04-14,-4.94,0.43,0.060,0.355
2024-04-15,-5.75,0.91,-0.014,0.321
2024-04-16,-4.50,1.12,-0.002,0.289
2024-04-17,-2.75,1.17,0.025,0.083
2024-04-18,-2.28,-0.00,0.085,-0.124
2024-04-19,-2.71,-0.09,0.012,-0.188
2024-04-20,-3.13,-0.16,0.049,-0.194
2024-04-21,-3.23,1.05,0.018,-0.122
2024-04-22,-5.25,1.02,0.083,-0.130
2024-04-23,-6.07,1.18,0.037,-0.035
2024-04-24,-4.72,1.09,0.124,-0.027
2024-04-25,-5.59,-0.00,0.021,-0.085
2024-04-26,-5.22,0.46,0.069,0.023
2024-04-27,-4.48,-1.03,0.055,-0.040
2024-04-28,-4.17,-0.66,0.054,0.064
2024-04-29,-4.14,0.14,0.036,0.111
2024-04-30,-4.67,0.16,0.015,0.108
2024-05-01,-5.62,0.99,0.025,0.178
2024-05-02,-5.78,1.66,0.098,0.132
2024-05-03,-4.69,2.09,0.170,0.073
2024-05-04,-2.89,1.41,0.177,-0.038
2024-05-05,-3.87,1.26,0.113,-0.056
2024-05-06,-3.95,0.21,0.077,-0.066
2024-05-07,-3.53,0.75,0.038,-0.002
2024-05-08,-3.07,1.56,0.115,-0.002
2024-05-09,-3.64,1.11,0.029,-0.108
2024-05-10,-3.81,1.31,-0.006,-0.158
2024-05-11,-4.36,1.59,-0.008,-0.256
2024-05-12,-4.80,0.85,-0.095,-0.285
2024-05-13,-4.38,-0.00,-0.159,-0.136
2024-05-14,-4.54,-0.16,-0.240,0.071
2024-05-15,-4.89,-0.34,-0.228,0.220
2024-05-16,-4.44,0.47,-0.094,0.329
2024-05-17,-5.60,0.49,-0.042,0.438
2024-05-18,-5.87,0.72,0.086,0.488
2024-05-19,-4.89,1.22,0.195,0.295
2024-05-20,-5.15,0.72,0.140,0.127
2024-05-21,-5.29,1.22,0.211,0.159
2024-05-22,-5.57,1.92,0.222,0.113
2024-05-23,-5.33,1.33,0.268,0.024
2024-05-24,-5.46,0.67,0.268,-0.057
2024-05-25,-4.48,1.28,0.337,-0.132
2024-05-26,-3.88,1.19,0.255,-0.123
2024-05-27,-5.11,1.18,0.315,-0.189
2024-05-28,-5.19,0.18,0.140,-0.179
2024-05-29,-5.55,0.49,0.083,-0.116
2024-05-30,-6.59,0.69,-0.045,-0.071
2024-05-31,-6.16,0.32,-0.025,-0.131
2024-06-01,-6.48,0.45,-0.144,-0.211
2024-06-02,-5.80,1.77,-0.017,-0.096
2024-06-03,-5.70,2.30,-0.003,0.040
2024-06-04,-4.21,2.73,0.024,0.201
2024-06-05,-4.45,1.80,,
2024-06-06,-4.64,1.51,,
2024-06-07,-5.60,0.99,,
2024-06-08,-6.06,0.53,,
2024-06-09,-5.73,0.10,-0.062,0.241
2024-06-10,-6.19,-0.11,-0.077,0.387
2024-06-11,-7.10,-0.00,-0.008,0.426
2024-06-12,-6.07,-0.64,-0.002,0.382
2024-06-13,-4.55,-0.56,-0.116,0.297
2024-06-14,-2.93,0.84,-0.081,0.282
2024-06-15,-3.60,0.90,-0.126,0.237
2024-06-16,-3.49,0.12,-0.080,0.200
2024-06-17,-3.09,0.16,-0.126,0.166
2024-06-18,-3.97,1.45,-0.075,0.190
2024-06-19,-5.63,0.89,0.018,0.284
2024-06-20,-6.09,0.43,0.068,0.281
2024-06-21,-5.85,-0.41,0.088,0.284
2024-06-22,-5.47,-0.48,0.085,0.350
2024-06-23,-4.99,1.24,0.152,0.385
2024-06-24,-6.20,0.98,0.259,0.289
2024-06-25,-6.65,0.70,0.104,0.221
2024-06-26,-5.35,0.09,0.325,0.125
2024-06-27,-5.30,-0.37,0.148,0.091
2024-06-28,-5.12,-0.27,0.202,0.160
2024-06-29,-6.29,-0.00,0.077,0.116
2024-06-30,-6.67,-0.82,0.133,0.151
2024-07-01,-8.23,0.14,0.065,0.166
2024-07-02,-7.38,1.17,0.348,0.102
2024-07-03,-7.86,-0.97,0.126,-0.261
2024-07-04,-5.20,1.79,0.204,0.008
2024-07-05,-5.31,1.52,0.175,-0.285
2024-07-06,-6.46,-0.34,-0.029,-0.107
2024-07-07,-6.31,-0.89,0.010,-0.144
2024-07-08,-5.53,-0.19,-0.051,-0.280
2024-07-09,-5.67,-0.70,-0.051,-0.093
2024-07-10,-4.93,-1.32,-0.082,-0.388
2024-07-11,-5.99,0.21,-0.084,-0.286
2024-07-12,-6.09,-0.00,-0.078,-0.181
2024-07-13,-6.63,0.46,-0.137,-0.169
2024-07-14,-4.88,-1.31,-0.153,-0.081
2024-07-15,-4.04,0.14,-0.153,0.197
2024-07-16,-4.94,1.51,-0.071,0.191
2024-07-17,-4.82,0.85,-0.027,0.289
2024-07-18,-4.75,0.33,-0.036,0.128
2024-07-19,-5.54,1.69,-0.060,0.168
2024-07-20,-6.62,-0.58,-0.050,0.188
2024-07-21,-5.46,-2.21,-0.153,0.201
2024-07-22,-5.43,0.47,-0.046,0.313
2024-07-23,-6.12,0.64,-0.049,0.180
2024-07-24,-6.06,0.11,0.025,0.119
2024-07-25,-8.23,-1.01,-0.095,0.054
2024-07-26,-6.99,-0.37,0.161,0.120
2024-07-27,-4.80,-1.29,0.118,-0.062
2024-07-28,-4.74,0.33,0.114,0.025
2024-07-29,-4.96,0.43,0.175,-0.024
2024-07-30,-4.46,-0.63,0.062,0.041
2024-07-31,-2.10,0.07,0.005,0.019
2024-08-01,-3.13,0.61,-0.153,0.024
2024-08-02,-4.62,0.40,-0.101,0.325
2024-08-03,-5.63,-0.49,-0.041,0.425
2024-08-04,-7.32,-1.29,-0.088,0.361
2024-08-05,-8.08,-0.99,-0.156,0.245
2024-08-06,-4.93,-0.26,0.001,0.202
2024-08-07,-5.16,-0.82,-0.196,-0.213
2024-08-08,-4.52,-0.47,-0.021,-0.125
2024-08-09,-5.24,0.37,-0.172,-0.195
2024-08-10,-4.54,0.96,0.064,0.083
2024-08-11,-4.62,-0.57,-0.067,-0.146
2024-08-12,-5.09,-1.36,-0.120,0.085
2024-08-13,-0.50,4.79,0.106,0.303
2024-08-14,-3.43,2.32,0.093,0.083
2024-08-15,-4.58,0.64,-0.034,-0.056
2024-08-16,-4.22,0.74,-0.084,0.035
2024-08-17,-2.23,0.73,-0.011,0.085
2024-08-18,-3.84,-0.13,-0.081,-0.038
2024-08-19,-5.65,-0.69,-0.193,0.065
2024-08-20,-4.91,-2.08,-0.162,0.024
2024-08-21,-5.22,0.36,-0.097,0.030
2024-08-22,-5.48,0.67,0.026,0.017
2024-08-23,-5.22,-0.27,-0.117,0.044
2024-08-24,-4.14,0.22,-0.025,0.215
2024-08-25,-3.74,1.29,-0.038,0.228
2024-08-26,-3.97,0.56,0.014,0.178
2024-08-27,-4.32,-0.84,-0.073,0.161
2024-08-28,-4.60,-0.16,-0.158,-0.096
2024-08-29,-4.26,0.45,-0.110,-0.062
2024-08-30,-5.09,-0.00,-0.101,-0.088
2024-08-31,-4.29,-0.38,-0.060,0.034
2024-09-01,-4.45,0.39,-0.061,0.072
2024-09-02,-4.57,1.48,-0.066,0.195
2024-09-03,-6.19,0.76,-0.009,0.149
2024-09-04,-5.08,-1.65,-0.073,0.167
2024-09-05,-3.62,-0.57,-0.078,0.196
2024-09-06,-3.11,-0.89,-0.202,0.140
2024-09-07,-2.53,0.13,-0.128,0.180
2024-09-08,-2.47,0.95,-0.078,0.055
2024-09-09,-4.29,1.15,-0.092,0.023
2024-09-10,-4.39,1.18,0.052,0.009
2024-09-11,-4.03,1.15,-0.012,-0.005
2024-09-12,-4.13,1.50,0.044,0.074
2024-09-13,-2.83,0.50,0.053,0.041
2024-09-14,-2.80,1.19,0.031,0.086
2024-09-15,-4.75,0.25,-0.012,0.052
2024-09-16,-5.35,-0.09,-0.047,0.103
2024-09-17,-5.48,-0.58,0.011,0.103
2024-09-18,-2.91,-0.10,0.119,0.027
2024-09-19,-1.02,0.13,0.054,0.036
2024-09-20,-0.19,0.78,0.118,0.055
2024-09-21,-0.65,-0.65,-0.019,0.012
2024-09-22,-0.86,-0.12,-0.054,0.059
2024-09-23,-2.17,0.23,-0.133,-0.038
2024-09-24,-3.54,0.06,-0.123,0.097
2024-09-25,-3.91,-0.48,-0.082,0.289
2024-09-26,-3.95,0.07,0.023,0.349
2024-09-27,-4.96,0.79,0.019,0.293
2024-09-28,-3.85,-0.40,0.067,0.197
2024-09-29,-3.23,-0.11,0.045,0.107
2024-09-30,-1.74,-0.31,0.138,-0.075
2024-10-01,-2.34,-0.85,-0.042,-0.149
2024-10-02,-1.15,-1.78,0.012,0.007
2024-10-03,-1.58,-0.64,-0.028,-0.066
2024-10-04,-0.73,-0.81,-0.093,0.004
2024-10-05,-0.40,0.67,-0.089,0.007
2024-10-06,-0.98,-0.00,-0.126,0.031
2024-10-07,-1.28,0.29,-0.081,0.125
2024-10-08,-1.68,1.18,-0.045,0.153
2024-10-09,-4.01,1.79,-0.079,0.090
2024-10-10,-4.45,0.78,-0.048,-0.018
2024-10-11,-3.79,0.07,-0.067,-0.099
2024-10-12,-3.82,1.17,-0.092,-0.122
2024-10-13,-5.42,1.05,-0.092,-0.099
2024-10-14,-5.25,0.37,-0.086,-0.072
2024-10-15,-5.11,-1.09,-0.213,0.059
2024-10-16,-4.54,-0.40,-0.112,0.139
2024-10-17,-4.20,-0.07,-0.073,0.057
2024-10-18,-3.59,0.96,-0.049,0.017
2024-10-19,-5.73,0.40,-0.089,0.030
2024-10-20,-4.37,0.61,-0.029,0.100
2024-10-21,-5.28,1.42,-0.032,0.144
2024-10-22,-5.75,1.01,-0.039,0.233
2024-10-23,-3.77,1.52,0.118,0.112
2024-10-24,-5.00,0.70,-0.051,-0.035
2024-10-25,-6.05,0.85,0.002,0.015
2024-10-26,-4.99,-0.61,0.040,-0.218
2024-10-27,-5.12,-0.45,-0.093,-0.056
2024-10-28,-4.44,0.39,-0.012,0.070
2024-10-29,-3.86,-0.13,-0.209,0.054
2024-10-30,-3.44,-0.67,-0.076,0.149
2024-10-31,-4.02,-0.21,-0.066,0.159
2024-11-01,-3.78,0.13,-0.052,0.206
2024-11-02,-2.95,1.07,0.033,0.191
2024-11-03,-3.09,1.85,0.006,0.143
2024-11-04,-3.43,0.86,0.082,0.103
2024-11-05,-2.71,-0.78,-0.058,0.039
2024-11-06,-3.57,-1.02,-0.087,-0.073
2024-11-07,-2.95,1.07,0.034,-0.087
2024-11-08,-5.45,1.36,-0.040,-0.104
2024-11-09,-3.68,2.30,0.113,-0.074
2024-11-10,-3.01,1.09,0.054,-0.331
2024-11-11,-3.96,0.42,-0.018,-0.200
2024-11-12,-5.22,0.73,0.028,-0.136
2024-11-13,-3.02,0.70,0.129,-0.086
2024-11-14,0.47,1.10,0.151,-0.172
2024-11-15,-0.03,0.99,0.105,-0.242
2024-11-16,-0.81,0.78,0.109,-0.125
2024-11-17,-1.56,0.83,0.138,-0.249
2024-11-18,-1.19,0.81,0.101,-0.128
2024-11-19,-2.04,0.82,0.105,-0.169
2024-11-20,-1.06,0.56,0.094,-0.082
2024-11-21,-1.00,0.27,0.091,-0.062
2024-11-22,-2.61,1.05,0.070,-0.077
2024-11-23,-4.56,0.80,0.034,-0.039
2024-11-24,-4.90,-0.09,0.035,0.014
2024-11-25,-6.90,-0.48,-0.087,0.047
2024-11-26,-5.51,0.77,0.067,0.101
2024-11-27,-4.68,1.17,0.083,-0.001
2024-11-28,-4.30,1.23,0.043,0.064
2024-11-29,-5.57,1.08,0.048,0.058
2024-11-30,-6.03,0.96,0.000,0.131
2024-12-01,-5.37,0.47,0.009,0.167
2024-12-02,-4.82,1.29,-0.039,0.188
2024-12-03,-5.95,0.84,-0.064,0.237
2024-12-04,-5.67,0.50,0.044,0.283
2024-12-05,-5.59,-0.00,-0.008,0.257
2024-12-06,-6.02,-0.85,-0.040,0.323
2024-12-07,-5.26,-0.37,0.028,0.319
2024-12-08,-5.65,0.59,-0.018,0.281
2024-12-09,-5.50,-0.10,-0.016,0.265
2024-12-10,-4.66,-1.25,-0.057,0.190
2024-12-11,-4.47,-2.38,-0.043,0.152
2024-12-12,-1.29,-2.15,0.047,0.133
2024-12-13,-0.98,0.07,0.091,0.137
2024-12-14,-2.59,1.38,0.067,0.148
2024-12-15,-3.60,0.97,0.073,0.130
2024-12-16,-3.81,0.60,-0.013,0.141
2024-12-17,-4.07,0.50,-0.036,0.173
2024-12-18,-5.47,-0.19,-0.002,0.085
2024-12-19,-6.98,0.12,0.029,0.060
2024-12-20,-6.51,0.34,0.086,0.061
2024-12-21,-4.07,1.32,0.135,-0.004
2024-12-22,-4.64,0.82,0.102,-0.073
2024-12-23,-5.00,-0.44,0.021,-0.059
2024-12-24,-5.72,-0.80,-0.060,-0.045
2024-12-25,-4.65,-0.33,-0.032,0.085
2024-12-26,-4.87,-0.34,-0.067,0.100
2024-12-27,-3.93,-0.34,-0.027,0.154
2024-12-28,-2.46,-1.85,-0.061,0.075
2024-12-29,-2.35,-3.23,-0.140,0.009
2024-12-30,-2.94,-2.55,-0.136,0.081
2024-12-31,-3.68,-1.20,-0.065,0.044
2025-01-01,-4.14,-0.96,-0.107,-0.002
2025-01-02,-5.20,-1.89,-0.092,-0.029
2025-01-03,-5.13,-0.81,-0.118,-0.017
2025-01-04,-4.58,0.16,-0.063,0.007
2025-01-05,-4.26,-0.22,-0.072,-0.010
2025-01-06,-5.43,-1.56,-0.127,0.000
2025-01-07,-5.15,0.45,-0.063,0.097
2025-01-08,-3.81,0.27,0.077,-0.003
2025-01-09,-2.19,0.19,0.037,-0.005
2025-01-10,-1.00,-0.43,0.072,-0.041
2025-01-11,-2.99,-1.15,-0.080,-0.036
2025-01-12,-3.27,-0.46,-0.032,0.077
2025-01-13,-3.99,-1.70,-0.092,0.002
2025-01-14,-3.15,-2.94,-0.135,0.056
2025-01-15,-4.03,-1.88,-0.156,0.162
2025-01-16,-3.37,-0.72,-0.104,0.197
2025-01-17,-5.34,-1.14,-0.152,0.189
2025-01-18,-6.14,-1.31,-0.125,0.194
2025-01-19,-7.09,-1.64,-0.124,0.187
2025-01-20,-7.70,-1.78,-0.072,0.133
2025-01-21,-7.34,-1.29,-0.082,0.088
2025-01-22,-6.37,0.33,-0.036,-0.065
2025-01-23,-6.04,-0.21,-0.060,-0.160
2025-01-24,-6.01,-0.10,-0.122,-0.054
2025-01-25,-6.76,0.24,-0.028,-0.036
2025-01-26,-6.05,0.21,-0.119,0.007
2025-01-27,-6.89,-0.48,-0.107,0.138
2025-01-28,-5.61,0.49,-0.030,0.161
2025-01-29,-4.69,0.49,-0.005,0.197
2025-01-30,-5.12,0.27,-0.012,0.198
2025-01-31,-6.64,-1.41,-0.022,0.198
2025-02-01,-6.06,-0.74,-0.004,0.176
2025-02-02,-5.56,-0.29,0.015,0.062
2025-02-03,-6.10,-1.07,-0.041,0.031
2025-02-04,-5.81,-0.51,-0.025,0.016
2025-02-05,-4.95,-0.70,-0.040,-0.091
2025-02-06,-5.98,-1.27,-0.114,-0.044
2025-02-07,-5.83,-0.72,-0.092,0.022
2025-02-08,-4.93,-0.69,-0.069,0.016
2025-02-09,-6.24,-1.10,-0.088,0.025
2025-02-10,-6.52,-1.15,-0.052,0.067
2025-02-11,-6.83,-1.83,-0.054,0.029
2025-02-12,-7.69,-1.36,-0.088,0.072
2025-02-13,-8.32,-1.32,-0.004,0.124
2025-02-14,-7.03,-0.99,-0.011,0.081
2025-02-15,-7.15,-1.65,-0.097,0.141
2025-02-16,-6.79,-0.36,0.000,0.235
2025-02-17,-6.34,-0.67,-0.038,0.167
2025-02-18,-6.33,-0.66,-0.038,0.198
2025-02-19,-6.19,-0.43,0.015,0.033
2025-02-20,-6.19,0.65,0.049,-0.046
2025-02-21,-5.23,0.37,0.093,-0.106
2025-02-22,-4.67,0.08,0.032,-0.136
2025-02-23,-5.10,-0.45,-0.010,-0.097
2025-02-24,-6.04,0.42,-0.019,-0.007
2025-02-25,-5.29,1.62,0.034,0.118
2025-02-26,-4.74,1.63,0.050,0.187
2025-02-27,-4.49,0.79,0.032,0.150
2025-02-28,-4.75,1.10,-0.018,0.079
2025-03-01,-6.29,0.55,-0.134,0.034
2025-03-02,-5.79,0.92,-0.171,0.040
2025-03-03,-4.76,1.10,-0.127,0.038
2025-03-04,-4.79,0.93,-0.217,0.046
2025-03-05,-4.27,1.55,-0.113,0.111
2025-03-06,-4.57,1.49,-0.097,0.168
2025-03-07,-4.00,0.63,-0.124,0.133
2025-03-08,-3.88,-0.20,-0.145,0.153
2025-03-09,-4.26,-0.75,-0.089,0.275
2025-03-10,-4.83,-1.12,-0.013,0.431
2025-03-11,-5.28,0.46,0.085,0.500
2025-03-12,-4.09,1.17,0.305,0.397
2025-03-13,-3.42,0.24,0.326,0.364
2025-03-14,-3.92,0.48,0.301,0.386
2025-03-15,-2.54,0.40,0.341,0.303
2025-03-16,-1.64,-0.00,0.266,0.129
2025-03-17,-1.42,-0.66,0.216,-0.033
2025-03-18,-0.63,0.20,0.265,-0.108
2025-03-19,0.33,0.62,0.263,-0.268
2025-03-20,-1.51,0.55,0.148,-0.373
2025-03-21,-3.68,1.34,0.136,-0.324
2025-03-22,-5.71,0.50,0.106,-0.224
2025-03-23,-6.55,-0.80,-0.046,-0.120
2025-03-24,-6.78,-0.71,-0.071,-0.071
2025-03-25,-7.14,-0.25,-0.097,-0.119
2025-03-26,-6.09,0.64,-0.052,-0.030
2025-03-27,-6.04,0.96,-0.121,-0.173
2025-03-28,-5.41,-0.09,-0.136,-0.280
2025-03-29,-6.12,-0.64,-0.147,-0.249
2025-03-30,-7.25,-0.51,-0.157,-0.120
2025-03-31,-6.31,-0.00,-0.076,0.002
2025-04-01,-7.04,0.37,-0.118,-0.036
2025-04-02,-7.53,-0.92,-0.156,0.212
2025-04-03,-7.65,-2.34,-0.195,0.189
2025-04-04,-6.70,-2.05,-0.128,0.235
2025-04-05,-5.90,-0.52,-0.035,0.149
2025-04-06,-5.44,-1.06,-0.047,-0.001
2025-04-07,-5.68,-0.80,-0.089,-0.053
2025-04-08,-5.60,0.59,-0.015,-0.052
2025-04-09,-5.39,0.95,0.026,-0.078
2025-04-10,-5.87,0.72,0.053,0.037
2025-04-11,-4.57,0.97,0.049,0.149
2025-04-12,-5.33,0.09,-0.094,0.249
2025-04-13,-4.85,0.51,-0.038,0.345
2025-04-14,-4.23,-0.00,-0.033,0.231
2025-04-15,-5.40,-0.00,-0.171,0.137
2025-04-16,-5.91,0.73,-0.038,0.080
2025-04-17,-5.51,1.68,-0.014,-0.004
2025-04-18,-4.10,1.41,0.059,-0.143
2025-04-19,-4.62,0.24,0.053,-0.251
2025-04-20,-3.47,-0.55,0.000,-0.152
2025-04-21,-0.90,-2.02,0.023,-0.087
2025-04-22,-1.23,-2.53,-0.014,-0.082
2025-04-23,-2.00,0.07,0.167,-0.140
2025-04-24,-2.07,0.36,0.111,-0.262
2025-04-25,-2.71,1.04,0.165,-0.273
2025-04-26,-4.41,1.10,0.052,-0.349
2025-04-27,-5.12,0.72,-0.030,-0.313
2025-04-28,-4.63,0.90,-0.048,-0.252
2025-04-29,-3.46,0.36,-0.095,-0.338
2025-04-30,-3.04,0.54,-0.083,-0.374
2025-05-01,-3.03,0.48,-0.183,-0.001
2025-05-02,-3.17,-0.17,-0.206,0.180
2025-05-03,-3.91,-0.27,-0.207,0.213
2025-05-04,-3.23,-0.11,-0.147,0.140
2025-05-05,-2.91,0.31,-0.117,0.059
2025-05-06,-2.89,-0.30,-0.149,-0.038
2025-05-07,-2.06,0.44,0.002,0.019
2025-05-08,-2.77,-0.54,-0.037,0.010
2025-05-09,-3.59,0.51,0.041,0.102
2025-05-10,-4.64,0.24,0.013,0.131
2025-05-11,-6.13,-0.11,0.058,0.153
2025-05-12,-6.28,-0.55,0.083,0.101
2025-05-13,-5.93,0.41,0.139,0.071
2025-05-14,-5.65,0.79,0.143,0.153
2025-05-15,-6.21,0.54,0.125,0.021
2025-05-16,-5.71,0.50,0.031,0.006
2025-05-17,-5.25,1.41,0.098,0.007
2025-05-18,-5.19,0.55,0.022,-0.071
2025-05-19,-5.09,0.72,0.047,-0.070
2025-05-20,-5.24,0.27,0.011,-0.149
2025-05-21,-4.79,0.08,-0.042,-0.163
2025-05-22,-5.40,0.57,-0.118,-0.025
2025-05-23,-6.38,0.11,-0.192,0.090
2025-05-24,-6.12,-0.75,-0.297,0.174
2025-05-25,-6.45,-0.34,-0.316,0.219
2025-05-26,-6.57,-0.23,-0.235,0.319
2025-05-27,-5.83,-1.13,-0.293,0.241
2025-05-28,-5.64,-0.79,-0.268,0.238
2025-05-29,-5.78,-0.10,-0.184,0.368
2025-05-30,-5.45,0.77,-0.140,0.366
2025-05-31,-6.82,1.08,-0.072,0.418
2025-06-01,-7.68,0.27,-0.062,0.315
2025-06-02,-6.90,-0.36,-0.110,0.236
2025-06-03,-5.36,-0.66,-0.112,0.218
2025-06-04,-5.88,-0.31,-0.162,0.176
2025-06-05,-5.37,0.09,-0.048,0.102
2025-06-06,-5.23,0.09,-0.076,-0.027
2025-06-07,-5.44,-0.00,-0.067,-0.057
2025-06-08,-5.38,0.57,-0.017,-0.052
2025-06-09,-6.97,-0.00,-0.012,0.009
2025-06-10,-7.33,-0.00,0.051,0.038
2025-06-11,-7.77,-1.09,-0.016,0.208
2025-06-12,-7.36,-1.30,-0.049,0.386
2025-06-13,-6.57,-1.16,-0.066,0.456
2025-06-14,-6.03,-1.28,-0.157,0.517
2025-06-15,-6.28,-0.00,-0.134,0.594
2025-06-16,-6.78,-1.32,-0.197,0.468
2025-06-17,-7.21,-1.27,-0.208,0.449
2025-06-18,-7.06,-1.12,-0.116,0.148
2025-06-19,-6.53,-0.11,-0.147,-0.007
2025-06-20,-6.66,-0.35,-0.112,-0.087
2025-06-21,-6.45,-0.56,-0.123,-0.069
2025-06-22,-6.41,-0.56,-0.120,0.079
2025-06-23,-7.28,0.64,-0.065,0.219
2025-06-24,-7.92,-0.14,0.012,0.202
2025-06-25,-7.80,-1.24,-0.116,0.056
2025-06-26,-6.87,-1.34,-0.132,-0.015
2025-06-27,-5.94,-1.15,-0.148,-0.094
2025-06-28,-5.76,0.10,-0.123,-0.040
2025-06-29,-7.47,0.65,-0.031,0.038
2025-06-30,-6.70,-0.82,-0.032,-0.009
2025-07-01,-5.46,-0.38,-0.120,0.058
2025-07-02,-4.48,0.87,-0.178,0.110
2025-07-03,-5.31,0.28,-0.216,0.028
2025-07-04,-5.58,0.78,-0.133,0.133
2025-07-05,-5.19,-0.45,-0.144,0.088
2025-07-06,-4.95,-1.61,-0.207,0.127
2025-07-07,-5.35,-0.00,-0.157,0.213
2025-07-08,-5.95,0.31,-0.055,0.218
2025-07-09,-4.99,-0.09,-0.045,0.190
2025-07-10,-6.38,-0.00,-0.065,0.166
2025-07-11,-7.15,-0.50,-0.056,0.227
2025-07-12,-5.12,-1.18,0.050,0.187
2025-07-13,-3.95,-0.41,-0.049,0.184
2025-07-14,-4.39,0.23,-0.045,0.196
2025-07-15,-4.86,0.25,-0.020,0.162
2025-07-16,-5.24,0.46,-0.007,0.118
2025-07-17,-6.01,-0.42,-0.061,0.012
2025-07-18,-5.00,-0.35,-0.002,-0.014
2025-07-19,-4.66,0.57,0.050,-0.064
2025-07-20,-5.75,0.30,0.000,-0.051
2025-07-21,-6.39,-0.45,0.007,0.014
2025-07-22,-5.77,0.40,0.041,0.045
2025-07-23,-6.26,0.99,0.052,0.186
2025-07-24,-6.05,-0.42,0.092,0.026
2025-07-25,-5.54,-0.78,-0.041,0.036
2025-07-26,-5.71,0.60,0.074,0.104
2025-07-27,-3.44,0.67,0.276,-0.030
2025-07-28,-4.23,0.30,0.066,-0.083
2025-07-29,-4.54,-0.48,0.143,-0.027
2025-07-30,-5.10,0.27,0.004,0.068
2025-07-31,-4.56,0.32,0.153,0.078
2025-08-01,-5.00,0.09,0.044,0.145
2025-08-02,-4.58,1.76,0.222,0.148
2025-08-03,-4.95,0.35,0.178,0.039
2025-08-04,-5.57,-0.29,0.077,0.076
2025-08-05,-4.03,-0.07,0.153,0.044
2025-08-06,-4.74,0.08,0.077,-0.005
2025-08-07,-5.91,-1.47,0.021,0.051
2025-08-08,-5.26,-0.09,0.115,0.075
2025-08-09,-4.89,0.60,0.196,-0.024
2025-08-10,-4.78,-0.25,0.107,-0.075
2025-08-11,-4.90,-0.86,0.035,-0.012
2025-08-12,-5.70,-1.21,-0.005,0.054
2025-08-13,-5.35,-1.84,-0.033,0.153
2025-08-14,-4.13,-0.14,0.114,0.215
2025-08-15,-2.27,-1.77,0.099,0.068
2025-08-16,2.87,3.42,0.195,0.162
2025-08-17,-1.49,2.38,0.109,0.201
2025-08-18,-3.16,1.28,0.020,0.063
2025-08-19,-4.27,0.45,-0.015,0.056
2025-08-20,-5.21,-0.92,-0.087,0.008
2025-08-21,-5.20,-1.20,-0.111,0.101
2025-08-22,-1.42,0.23,0.111,0.004
2025-08-23,-3.51,0.12,-0.025,-0.148
2025-08-24,-6.08,-1.74,-0.159,0.028
2025-08-25,-6.75,0.47,-0.015,0.231
2025-08-26,-4.97,-0.70,0.064,-0.058
2025-08-27,-3.43,1.12,0.046,0.017
2025-08-28,-3.15,0.44,0.122,-0.100
2025-08-29,-4.00,-0.07,-0.051,-0.035
2025-08-30,-4.80,-0.25,0.030,0.021
2025-08-31,-3.66,0.13,0.046,-0.042
2025-09-01,-4.09,0.94,0.021,0.019
2025-09-02,-3.68,0.92,0.081,-0.098
2025-09-03,-4.20,-0.15,-0.055,-0.125
2025-09-04,-4.70,0.41,-0.019,0.021
2025-09-05,-5.19,1.10,-0.002,0.053
2025-09-06,-4.34,-0.23,-0.009,0.062
2025-09-07,-3.72,0.86,-0.002,0.097
2025-09-08,-4.37,-0.08,0.041,0.037
2025-09-09,-2.91,0.89,0.034,0.011
2025-09-10,-4.66,0.24,-0.010,-0.092
2025-09-11,-5.07,-0.98,-0.081,-0.037
2025-09-12,-4.89,-0.00,-0.024,-0.036
2025-09-13,-4.28,0.53,-0.023,-0.071
2025-09-14,-4.55,1.48,0.048,-0.022
2025-09-15,-4.38,-0.00,-0.029,-0.059
2025-09-16,-3.67,0.19,0.030,0.035
2025-09-17,-3.45,0.61,0.067,-0.056
2025-09-18,-3.16,0.79,0.007,-0.017
2025-09-19,-2.45,0.75,0.047,-0.010
2025-09-20,-2.97,0.85,0.021,0.000
2025-09-21,-3.47,0.80,0.017,0.075
2025-09-22,-4.55,-0.48,-0.066,0.089
2025-09-23,-3.78,1.15,-0.033,0.174
2025-09-24,-3.80,1.54,0.109,0.117
2025-09-25,-1.80,0.52,0.043,-0.016
2025-09-26,-0.98,-0.40,0.033,0.045
2025-09-27,-1.09,0.63,-0.053,-0.057
2025-09-28,-2.29,1.02,-0.068,0.048
2025-09-29,-4.78,0.67,-0.058,0.042
2025-09-30,-4.06,0.43,-0.043,0.043
2025-10-01,-2.73,0.73,0.031,0.048
2025-10-02,-2.08,-0.33,-0.008,0.022
2025-10-03,-1.86,-0.50,-0.076,0.039
2025-10-04,-2.42,-0.13,-0.080,0.068
2025-10-05,-2.90,-1.48,-0.154,0.039
2025-10-06,-2.39,-0.69,-0.150,0.163
2025-10-07,-2.12,1.13,0.024,0.127
2025-10-08,-4.22,1.13,-0.021,0.071
2025-10-09,2.56,-1.80,0.114,0.025
2025-10-10,-0.32,3.66,0.120,0.060
2025-10-11,-4.34,1.49,0.041,-0.092
2025-10-12,-5.00,0.70,0.002,-0.051
2025-10-13,-4.67,0.08,0.035,-0.055
2025-10-14,-4.50,0.16,0.083,-0.004
2025-10-15,-1.98,1.19,0.135,0.032
2025-10-16,0.65,2.43,0.162,0.065
2025-10-17,-0.58,0.89,0.099,0.087
2025-10-18,-3.69,0.72,-0.016,-0.064
2025-10-19,-6.45,-0.45,-0.164,0.075
2025-10-20,-6.35,1.94,0.137,0.222
2025-10-21,-6.05,0.21,-0.013,-0.042
2025-10-22,-5.84,0.72,0.022,0.057
2025-10-23,-4.04,1.08,0.059,-0.143
2025-10-24,-4.20,1.05,0.028,-0.166
2025-10-25,-4.36,0.77,0.077,-0.126
2025-10-26,-4.63,0.90,-0.032,-0.122
2025-10-27,-4.87,0.77,-0.015,0.075
2025-10-28,-4.88,0.69,-0.024,0.031
2025-10-29,-2.83,0.97,-0.057,0.208
2025-10-30,-4.12,1.26,-0.048,0.255
2025-10-31,-3.97,1.29,-0.044,0.307
2025-11-01,-5.78,1.66,-0.032,0.321
2025-11-02,-5.80,-0.30,-0.012,0.267
2025-11-03,-5.18,-0.45,0.006,0.212
2025-11-04,-3.61,0.51,0.067,0.164
2025-11-05,-4.17,-0.22,-0.001,0.098
2025-11-06,-4.62,0.32,-0.002,0.144
2025-11-07,-4.80,0.67,0.015,0.146
2025-11-08,-6.10,1.18,0.045,0.217
2025-11-09,-6.54,0.69,0.127,0.120
2025-11-10,-6.09,0.11,0.099,0.165
2025-11-11,-4.88,0.26,0.180,0.104
2025-11-12,-4.35,-0.08,0.024,0.233
2025-11-13,-5.25,0.09,0.071,0.360
2025-11-14,-3.91,0.21,0.100,0.347
2025-11-15,-2.66,1.13,0.111,0.347
2025-11-16,-3.28,1.00,0.071,0.273
2025-11-17,-4.05,1.64,0.024,0.276
2025-11-18,-5.04,-0.26,-0.003,0.178
2025-11-19,-4.41,-0.70,-0.002,0.070
2025-11-20,-3.71,-0.65,0.019,0.005
2025-11-21,-2.84,-0.55,0.047,-0.043
2025-11-22,-4.02,-1.08,-0.007,-0.088
2025-11-23,-4.78,-1.28,-0.019,-0.067
2025-11-24,-4.99,-1.24,-0.027,-0.067
2025-11-25,-4.85,-0.94,-0.057,-0.017
2025-11-26,-5.02,-0.98,-0.104,0.009
2025-11-27,-5.53,-0.78,-0.080,0.119
2025-11-28,-5.78,-0.10,-0.025,0.143
2025-11-29,-6.07,-0.75,-0.028,0.129
2025-11-30,-5.68,-1.21,-0.054,0.161
2025-12-01,-3.66,-1.19,-0.021,0.147
2025-12-02,-3.46,0.55,0.004,0.126
2025-12-03,-3.63,0.13,-0.021,0.143
2025-12-04,-6.22,0.22,-0.081,0.143
2025-12-05,-6.10,-0.53,-0.031,0.168
2025-12-06,-6.07,-0.21,-0.061,0.156
2025-12-07,-6.37,0.45,-0.028,0.145
2025-12-08,-5.70,0.50,-0.040,0.127
2025-12-09,-5.64,0.89,-0.034,0.103
2025-12-10,-5.51,0.97,0.069,0.128
2025-12-11,-6.18,1.20,0.071,0.127
2025-12-12,-7.11,0.25,0.122,0.049
2025-12-13,-6.72,0.35,0.087,0.023
2025-12-14,-6.53,0.34,0.121,0.006
2025-12-15,-4.48,0.39,0.131,0.004
2025-12-16,-4.86,0.17,0.050,0.057
2025-12-17,-5.88,0.41,0.081,-0.077
2025-12-18,-5.05,0.18,0.068,-0.119
2025-12-19,-5.50,-1.07,0.039,-0.067
2025-12-20,-4.87,-0.86,0.046,0.011
2025-12-21,-5.19,-0.36,-0.045,0.052
2025-12-22,-4.77,-0.76,-0.046,0.121
2025-12-23,-3.91,-1.74,-0.138,0.019
2025-12-24,-3.70,-0.72,-0.112,0.083
2025-12-25,-2.07,-0.92,-0.056,0.013
2025-12-26,-3.25,-0.93,-0.144,-0.022
2025-12-27,-3.75,-1.67,-0.112,-0.002
2025-12-28,-3.65,-0.91,-0.083,0.002
2025-12-29,-4.03,-1.15,-0.129,0.039
2025-12-30,-4.75,-0.17,-0.091,0.109
2025-12-31,-4.14,0.88,0.010,0.112
2026-01-01,-4.02,1.23,0.047,0.058
2026-01-02,-3.08,1.12,0.097,0.008
2026-01-03,-4.54,0.88,0.020,-0.036
2026-01-04,-4.09,1.25,0.085,-0.046
2026-01-05,-1.93,1.03,0.130,-0.072
2026-01-06,-0.79,0.69,0.128,-0.096
2026-01-07,-1.69,0.30,0.090,-0.079
2026-01-08,-3.51,0.56,0.072,-0.021
2026-01-09,-4.76,-1.01,-0.006,0.032
2026-01-10,-4.61,-1.50,-0.049,0.087
2026-01-11,-4.21,-0.15,-0.036,0.132
2026-01-12,-4.31,-0.00,-0.043,0.160
2026-01-13,-5.02,-0.09,-0.052,0.153
2026-01-14,-4.71,0.58,-0.015,0.157
2026-01-15,-5.95,0.94,0.018,0.171
2026-01-16,-5.74,-0.30,0.029,0.150
2026-01-17,-6.48,-0.80,-0.059,0.127
2026-01-18,-6.88,-0.48,-0.024,0.186
2026-01-19,-5.77,-0.50,0.019,0.163
2026-01-20,-5.33,0.09,-0.033,0.163
2026-01-21,-6.19,-0.98,-0.076,0.201
2026-01-22,-5.24,0.55,-0.024,0.248
2026-01-23,-4.83,-0.00,-0.057,0.228
2026-01-24,-5.60,0.49,-0.141,0.227
2026-01-25,-6.06,-0.42,-0.180,0.245
2026-01-26,-6.65,0.12,-0.149,0.231
2026-01-27,-5.25,0.09,-0.072,0.089
2026-01-28,-4.68,-0.49,-0.127,0.104
2026-01-29,-3.82,0.13,-0.125,0.038
2026-01-30,-4.83,1.12,-0.088,-0.033
2026-01-31,-5.86,1.03,-0.040,-0.037
2026-02-01,-5.23,1.11,0.037,-0.070
2026-02-02,-3.04,1.42,0.064,-0.134
2026-02-03,-3.36,0.59,-0.038,0.031
2026-02-04,-4.49,-0.16,-0.079,0.128
2026-02-05,-4.66,0.66,-0.004,0.189
2026-02-06,-2.99,1.21,0.063,0.135
2026-02-07,-2.07,0.67,0.060,-0.006
2026-02-08,-1.90,0.55,0.019,0.000
2026-02-09,-2.61,0.23,-0.042,-0.026
2026-02-10,-3.68,-1.13,-0.095,0.074
2026-02-11,-4.69,-0.33,-0.054,0.105
2026-02-12,-4.66,1.08,0.098,0.135
2026-02-13,-5.19,1.29,0.134,-0.093
2026-02-14,-3.23,1.05,0.077,-0.159
2026-02-15,-3.66,-0.45,-0.040,-0.176
2026-02-16,-4.93,-0.00,-0.080,-0.111
2026-02-17,-4.63,0.98,-0.020,-0.074
2026-02-18,-4.57,0.32,0.020,-0.170
2026-02-19,-5.20,0.27,-0.037,-0.084
2026-02-20,-5.62,-0.49,-0.067,-0.011
2026-02-21,-6.15,-0.32,-0.030,0.051
2026-02-22,-5.85,0.31,0.012,0.124
2026-02-23,-5.43,0.67,0.064,0.099
2026-02-24,-5.33,0.75,0.067,0.085
2026-02-25,-6.07,-0.11,0.111,0.023
2026-02-26,-5.98,0.10,0.094,0.054
2026-02-27,-5.95,0.94,0.153,0.041
2026-02-28,-6.16,1.09,0.124,0.065
2026-03-01,-6.43,0.79,0.132,0.094
2026-03-02,-7.56,0.93,0.101,0.112
2026-03-03,-6.96,0.24,0.077,0.190
2026-03-04,-6.25,-0.00,0.024,0.135
2026-03-05,-6.67,-0.82,-0.022,0.180
2026-03-06,-6.63,-0.46,-0.044,0.227
2026-03-07,-6.47,-0.23,0.017,0.211
2026-03-08,-6.88,-0.84,-0.042,0.198
2026-03-09,-6.65,-0.12,0.020,0.192
2026-03-10,-7.10,-0.62,0.015,0.156
2026-03-11,-6.41,-0.67,0.063,-0.108
2026-03-12,-5.51,0.19,0.045,-0.156
2026-03-13,-5.10,0.09,0.042,-0.104
2026-03-14,-5.66,-1.00,-0.087,-0.041
2026-03-15,-6.98,-0.49,-0.116,0.117
2026-03-16,-8.54,-0.30,-0.036,0.273
2026-03-17,-7.84,-0.14,0.073,0.167
2026-03-18,-6.60,-0.00,-0.001,-0.151
2026-03-19,-5.58,0.39,-0.019,-0.156
2026-03-20,-5.12,0.72,0.019,-0.102
2026-03-21,-3.03,0.87,0.121,-0.042
2026-03-22,-1.99,1.15,0.165,-0.142
2026-03-23,-3.90,0.14,-0.014,0.030
2026-03-24,-4.50,-0.08,-0.017,0.144
2026-03-25,-5.67,0.60,-0.028,0.117
2026-03-26,-6.11,-0.11,-0.094,0.062
2026-03-27,-5.76,0.20,-0.121,0.098
2026-03-28,-4.08,0.65,-0.036,0.085
2026-03-29,-3.11,-0.11,-0.034,0.000
2026-03-30,-3.86,-1.04,-0.098,0.043
2026-03-31,-3.68,-1.41,-0.068,0.042
2026-04-01,-4.02,-0.21,-0.114,0.174
2026-04-02,-3.35,-0.29,-0.009,0.143
2026-04-03,-3.93,-0.34,-0.120,0.090
2026-04-04,-5.55,0.19,-0.085,0.137
2026-04-05,-6.86,1.21,-0.054,0.104
2026-04-06,-7.49,1.46,-0.026,0.001
2026-04-07,-6.44,1.14,0.007,-0.083
2026-04-08,-6.05,1.07,-0.101,-0.075
2026-04-09,-5.54,0.39,-0.071,-0.130
2026-04-10,-5.12,-0.00,-0.069,-0.133
2026-04-11,-3.91,1.12,-0.035,-0.117
2026-04-12,-3.88,1.49,-0.009,-0.069
2026-04-13,-5.07,1.27,-0.041,0.066
2026-04-14,-3.73,1.28,-0.017,0.206
2026-04-15,-5.11,1.37,-0.006,0.233
2026-04-16,-5.43,0.38,-0.010,0.272
2026-04-17,-6.07,0.21,0.012,0.274
2026-04-18,-5.44,-0.29,0.036,0.218
2026-04-19,-5.62,-0.49,-0.011,0.180
2026-04-20,-5.69,-0.90,-0.036,0.167
2026-04-21,-3.79,-0.88,0.021,0.142
2026-04-22,-2.67,-1.19,-0.026,0.052
2026-04-23,-1.62,-0.20,0.017,0.010
2026-04-24,-2.94,0.57,-0.023,-0.094
2026-04-25,-2.61,1.16,0.009,-0.055
2026-04-26,-1.71,0.99,0.090,0.021
2026-04-27,-4.33,1.16,0.017,0.107
2026-04-28,-4.91,0.17,0.065,0.140
2026-04-29,-4.52,0.72,0.066,0.138
2026-04-30,-4.14,0.29,0.106,0.033
2026-05-01,-4.25,0.67,0.040,-0.085
2026-05-02,-5.26,0.18,-0.034,-0.157
2026-05-03,-5.35,0.28,-0.067,-0.132
2026-05-04,-5.45,0.67,-0.054,-0.076
2026-05-05,-5.23,0.37,-0.035,-0.000
2026-05-06,-4.81,0.34,-0.009,0.047
2026-05-07,-4.52,-0.63,-0.000,0.060
2026-05-08,-4.58,-1.06,-0.043,0.089
2026-05-09,-4.98,-0.61,0.019,0.146
2026-05-10,-6.07,0.21,0.032,0.151
2026-05-11,-5.87,0.20,0.121,0.116
2026-05-12,-5.74,0.40,0.128,0.049
2026-05-13,-5.70,0.80,0.087,0.127
2026-05-14,-5.87,0.93,0.074,0.170
2026-05-15,-5.76,0.81,0.094,0.211
2026-05-16,-6.44,0.90,0.045,0.235
2026-05-17,-6.48,-0.34,0.036,0.223
2026-05-18,-6.20,-0.00,0.024,0.160
2026-05-19,-6.10,0.32,0.048,0.173
2026-05-20,-6.33,-0.22,-0.081,0.175
2026-05-21,-6.18,0.76,-0.016,0.248
2026-05-22,-6.01,-0.00,-0.015,0.150
2026-05-23,-6.26,-0.00,-0.023,0.141
2026-05-24,-6.55,-0.80,-0.004,0.083
2026-05-25,-6.20,-0.00,0.025,0.058
2026-05-26,-6.88,-0.00,0.071,0.021
2026-05-27,-6.47,-0.45,0.046,0.037
2026-05-28,-6.14,-0.86,0.040,0.126
2026-05-29,-5.84,-0.31,0.077,0.170
2026-05-30,-5.86,-0.20,0.002,0.211
2026-05-31,-6.10,0.32,0.048,0.263
2026-06-01,-6.55,0.57,0.043,0.304
2026-06-02,-6.27,0.22,0.031,0.353
2026-06-03,-5.10,1.46,0.044,-0.060
2026-06-04,-6.38,1.01,-0.066,-0.084
2026-06-05,-5.31,-0.00,-0.023,-0.079
2026-06-06,-5.49,0.77,-0.042,-0.111
2026-06-07,-5.95,0.42,-0.007,-0.078
2026-06-08,-6.41,-1.02,-0.054,-0.152
2026-06-09,-4.88,-0.69,0.029,-0.111
2026-06-10,-4.58,0.32,0.041,-0.045
2026-06-11,-5.73,0.40,-0.049,0.038
2026-06-12,-5.44,0.76,0.115,0.084
2026-06-13,-7.63,-0.27,-0.050,0.022
2026-06-14,-6.73,-0.12,0.039,0.042
2026-06-15,-6.25,-0.88,0.016,-0.085
2026-06-16,-5.57,-1.29,0.036,-0.052
2026-06-17,-5.70,-0.70,0.048,0.017
2026-06-18,-6.41,-0.45,0.038,0.108
2026-06-19,-6.97,-0.00,0.192,0.097
2026-06-20,-5.39,-0.85,0.086,0.125
2026-06-21,-6.42,0.68,0.218,0.113
2026-06-22,-7.45,-0.92,0.122,0.060
2026-06-23,-6.91,-1.22,0.087,0.173
2026-06-24,-6.58,-1.04,0.063,0.086
2026-06-25,-6.56,-0.92,0.013,0.141
2026-06-26,-5.76,-0.91,0.013,0.153
2026-06-27,-5.05,-0.00,-0.037,0.145
2026-06-28,-4.62,0.98,-0.015,0.205
2026-06-29,-5.93,0.83,-0.013,0.174
2026-06-30,-5.93,0.52,-0.023,0.168
2026-07-01,-5.63,0.39,0.083,0.116
2026-07-02,-5.72,0.30,-0.008,0.123
2026-07-03,-6.00,0.21,0.011,0.162
2026-07-04,-6.98,-1.23,-0.039,0.197
2026-07-05,-6.41,-1.13,-0.029,0.129
2026-07-06,-6.03,-0.42,-0.095,0.042
2026-07-07,-6.18,0.11,-0.033,-0.033
2026-07-08,-7.19,-0.00,-0.076,-0.061
2026-07-09,-6.86,-0.12,0.039,0.087
2026-07-10,-7.98,-1.84,-0.110,0.087
2026-07-11,-7.24,-1.41,-0.054,0.292
2026-07-12,-5.97,-1.16,-0.007,0.169
2026-07-13,-6.02,-0.11,-0.077,0.213
2026-07-14,-5.60,-0.89,0.013,0.168
2026-07-15,-5.58,-0.98,-0.151,0.135
2026-07-16,-5.41,0.28,-0.049,0.197
2026-07-17,-6.54,-0.69,-0.250,0.120
2026-07-18,-6.66,-1.29,-0.341,0.262
2026-07-19,-6.61,-1.05,-0.275,0.254
2026-07-20,-5.11,-1.66,-0.375,0.155
2026-07-21,-2.46,-1.09,-0.206,0.146
2026-07-22,-4.54,1.05,-0.171,0.085
2026-07-23,-5.61,-0.10,-0.064,0.120
2026-07-24,-5.95,-0.63,-0.071,0.127
2026-07-25,-4.65,0.08,0.043,0.143
2026-07-26,-3.67,-0.39,0.016,0.078
2026-07-27,-3.64,-0.19,0.014,0.082
2026-07-28,-5.36,0.85,0.006,0.128
2026-07-29,-6.61,0.46,0.089,0.041
2026-07-30,-6.57,-0.23,0.037,0.054
2026-07-31,-6.14,-0.11,0.084,-0.020
2026-08-01,-3.12,0.16,0.144,-0.015
2026-08-02,-5.60,0.39,-0.088,0.066
2026-08-03,-5.56,-0.39,0.014,0.247
2026-08-04,-4.23,-0.52,-0.051,0.177
2026-08-05,-3.70,0.45,0.042,0.253
2026-08-06,-5.65,-0.20,0.038,0.228
2026-08-07,-5.30,-1.42,0.050,0.137
2026-08-08,-6.14,-1.42,-0.014,0.046
2026-08-09,-5.24,0.46,0.005,-0.030
2026-08-10,-4.93,-0.69,-0.034,-0.083
2026-08-11,-4.28,0.45,-0.060,-0.068
2026-08-12,-5.48,0.67,-0.048,-0.056
2026-08-13,-7.34,-0.64,-0.110,-0.014
2026-08-14,-7.58,-2.46,-0.106,0.036
2026-08-15,-7.55,-0.40,-0.079,0.181
2026-08-16,-6.29,-1.00,0.105,-0.062
2026-08-17,-5.45,-0.96,-0.084,-0.055
2026-08-18,-3.19,0.11,0.118,0.057
2026-08-19,-4.29,0.38,-0.027,-0.116
2026-08-20,-6.18,-0.87,-0.071,0.144
2026-08-21,-5.98,-0.63,0.073,0.111
2026-08-22,-5.25,-0.28,0.034,0.146
2026-08-23,-4.85,0.42,0.082,0.154
2026-08-24,-4.60,-0.32,0.052,0.030
2026-08-25,-5.60,0.10,0.003,0.084
2026-08-26,-5.66,-0.90,0.003,0.038
2026-08-27,-5.55,-0.19,0.025,0.069
2026-08-28,-6.37,-0.22,0.017,-0.029
2026-08-29,-5.18,-1.10,0.028,-0.069
2026-08-30,-2.80,1.43,0.079,-0.068
2026-08-31,-4.70,0.08,-0.024,-0.069
2026-09-01,-4.83,-0.25,0.026,0.060
2026-09-02,-4.07,-0.21,0.007,0.177
2026-09-03,-4.01,-0.00,0.004,0.269
2026-09-04,-4.24,0.07,0.018,0.295
2026-09-05,-3.86,0.34,0.052,0.232
2026-09-06,-3.85,0.47,0.045,0.117
2026-09-07,-5.01,0.70,0.009,0.005
2026-09-08,-5.62,-0.29,-0.085,0.009
2026-09-09,-6.37,0.56,-0.118,0.023
2026-09-10,-5.14,0.63,0.044,-0.081
2026-09-11,-5.96,-1.27,-0.163,-0.172
2026-09-12,-5.92,-1.04,-0.051,0.075
2026-09-13,-5.33,0.19,-0.017,-0.064
2026-09-14,-5.15,-0.27,-0.074,0.106
2026-09-15,-5.12,-0.63,-0.071,0.155
2026-09-16,-5.39,1.35,-0.121,0.230
2026-09-17,-4.97,1.15,0.108,0.197
2026-09-18,-4.66,-0.24,-0.079,0.047
2026-09-19,-2.44,0.70,0.063,0.106
2026-09-20,-1.60,0.65,0.029,-0.078
2026-09-21,-3.26,0.75,0.019,-0.067
2026-09-22,-4.34,-0.08,-0.033,-0.116
2026-09-23,-4.66,0.99,-0.036,-0.066
2026-09-24,-4.71,0.50,-0.007,-0.114
2026-09-25,-4.64,-0.16,-0.072,-0.033
2026-09-26,-4.60,0.08,-0.055,0.097
