date,wind_u,wind_v,cur_u,cur_v
2016-01-01,-5.80,-1.34,,
2016-01-02,-5.69,-0.90,,
2016-01-03,-4.87,-0.17,,
2016-01-04,-5.10,0.90,,
2016-01-05,-3.87,0.75,,
2016-01-06,-4.08,0.43,,
2016-01-07,-4.19,0.37,,
2016-01-08,-2.93,0.68,,
2016-01-09,-2.74,1.16,,
2016-01-10,-2.57,-0.22,,
2016-01-11,-2.26,-1.10,,
2016-01-12,-1.70,-1.28,,
2016-01-13,-3.36,-2.44,,
2016-01-14,-3.98,-1.86,,
2016-01-15,-4.07,-1.99,,
2016-01-16,-4.33,-0.92,,
2016-01-17,-4.05,-1.47,,
2016-01-18,-4.22,-0.30,,
2016-01-19,-3.57,-1.09,,
2016-01-20,-4.04,-1.31,,
2016-01-21,-4.17,-0.07,,
2016-01-22,-4.92,0.09,,
2016-01-23,-5.95,0.42,,
2016-01-24,-4.68,1.80,,
2016-01-25,-4.76,-0.42,,
2016-01-26,-6.32,-1.11,,
2016-01-27,-6.92,-1.10,,
2016-01-28,-6.24,-0.00,,
2016-01-29,-4.55,0.56,,
2016-01-30,-4.72,-0.00,,
2016-01-31,-4.64,-0.74,,
2016-02-01,-4.65,-0.33,,
2016-02-02,-3.35,-0.23,,
2016-02-03,-2.03,-0.99,,
2016-02-04,-0.13,-1.53,,
2016-02-05,-2.51,2.18,,
2016-02-06,-5.73,1.32,,
2016-02-07,-5.59,0.29,,
2016-02-08,-5.12,0.36,,
2016-02-09,-5.23,0.27,,
2016-02-10,-5.48,-1.06,,
2016-02-11,-4.84,-0.51,,
2016-02-12,-4.39,-1.26,,
2016-02-13,-4.52,-0.55,,
2016-02-14,-4.25,0.75,,
2016-02-15,-5.12,0.72,,
2016-02-16,-5.25,-0.55,,
2016-02-17,-4.80,-0.25,,
2016-02-18,-4.36,0.15,,
2016-02-19,-3.66,0.65,,
2016-02-20,-2.71,-0.14,,
2016-02-21,-3.22,-0.39,,
2016-02-22,-3.42,-0.18,,
2016-02-23,-4.70,-0.25,,
2016-02-24,-5.58,-0.29,,
2016-02-25,-5.80,-1.13,,
2016-02-26,-5.43,-1.35,,
2016-02-27,-4.40,-0.46,,
2016-02-28,-4.30,0.68,,
2016-02-29,-3.45,-0.12,,
2016-03-01,-3.18,-1.03,,
2016-03-02,-2.79,-1.18,,
2016-03-03,-2.48,-0.90,,
2016-03-04,-3.90,-0.83,,
2016-03-05,-3.75,-0.26,,
2016-03-06,-2.71,-0.00,,
2016-03-07,-2.72,0.53,,
2016-03-08,-1.41,-1.23,,
2016-03-09,-2.27,-2.19,,
2016-03-10,-4.08,-5.41,,
2016-03-11,-3.75,-4.31,,
2016-03-12,-3.70,-0.85,,
2016-03-13,-4.35,-0.77,,
2016-03-14,-3.37,-0.78,,
2016-03-15,-2.95,-0.85,,
2016-03-16,-2.81,-0.10,,
2016-03-17,-3.26,-0.17,,
2016-03-18,-5.06,-1.55,,
2016-03-19,-4.68,-1.17,,
2016-03-20,-5.74,0.30,,
2016-03-21,-5.70,0.30,,
2016-03-22,-5.55,-0.39,,
2016-03-23,-5.58,-0.98,,
2016-03-24,-6.00,-1.17,,
2016-03-25,-6.49,-1.38,,
2016-03-26,-6.66,-1.05,,
2016-03-27,-6.49,-1.50,,
2016-03-28,-6.35,-2.19,,
2016-03-29,-5.65,-0.89,,
2016-03-30,-5.33,0.09,,
2016-03-31,-5.45,-0.00,,
2016-04-01,-4.98,0.44,,
2016-04-02,-4.35,0.15,,
2016-04-03,-4.21,-0.22,,
2016-04-04,-3.91,-0.69,,
2016-04-05,-3.31,-0.17,,
2016-04-06,-2.90,0.62,,
2016-04-07,-3.75,-0.07,,
2016-04-08,-4.39,-0.31,,
2016-04-09,-4.82,-0.76,,
2016-04-10,-4.65,-0.65,,
2016-04-11,-4.69,-0.66,,
2016-04-12,-3.39,0.06,,
2016-04-13,-2.23,1.24,,
2016-04-14,-1.15,1.24,,
2016-04-15,-1.71,0.52,,
2016-04-16,-2.10,0.26,,
2016-04-17,-2.78,1.07,,
2016-04-18,-2.57,1.43,,
2016-04-19,-2.61,0.46,,
2016-04-20,-2.53,-0.63,,
2016-04-21,-3.10,-0.44,,
2016-04-22,-3.95,-0.14,,
2016-04-23,-4.96,0.26,,
2016-04-24,-4.44,1.36,,
2016-04-25,-2.83,0.71,,
2016-04-26,-3.65,0.91,,
2016-04-27,-4.55,0.97,,
2016-04-28,-5.41,0.57,,
2016-04-29,-4.54,1.47,,
2016-04-30,-4.60,1.67,,
2016-05-01,-3.98,1.53,,
2016-05-02,-4.12,0.14,,
2016-05-03,-4.09,-0.43,,
2016-05-04,-3.55,-0.06,,
2016-05-05,-3.73,0.46,,
2016-05-06,-4.28,2.18,,
2016-05-07,-4.75,2.31,,
2016-05-08,-3.77,0.80,,
2016-05-09,-4.57,-0.24,,
2016-05-10,-5.63,-1.40,,
2016-05-11,-4.45,-1.45,,
2016-05-12,-4.54,-0.08,,
2016-05-13,-3.70,-0.72,,
2016-05-14,-4.89,-0.00,,
2016-05-15,-4.56,-1.05,,
2016-05-16,-4.72,-0.41,,
2016-05-17,-5.55,-1.28,,
2016-05-18,-5.81,-1.13,,
2016-05-19,-5.24,-0.46,,
2016-05-20,-5.33,-0.19,,
2016-05-21,-6.04,-1.28,,
2016-05-22,-6.01,0.21,,
2016-05-23,-5.92,0.73,,
2016-05-24,-5.43,-0.38,,
2016-05-25,-4.31,-1.48,,
2016-05-26,-3.04,-0.00,,
2016-05-27,-3.95,0.49,,
2016-05-28,-3.63,0.51,,
2016-05-29,-3.09,0.27,,
2016-05-30,-3.94,0.48,,
2016-05-31,-5.48,-0.38,,
2016-06-01,-5.12,-0.54,,
2016-06-02,-4.89,-0.26,,
2016-06-03,-5.48,-1.37,,
2016-06-04,-4.41,-1.18,,
2016-06-05,-5.11,-0.63,,
2016-06-06,-4.09,0.07,,
2016-06-07,-4.22,0.37,,
2016-06-08,-5.23,0.18,,
2016-06-09,-4.72,-0.66,,
2016-06-10,-4.24,-0.98,,
2016-06-11,-4.21,-0.59,,
2016-06-12,-4.39,0.15,,
2016-06-13,-5.22,0.92,,
2016-06-14,-5.18,-0.00,,
2016-06-15,-4.79,-1.46,,
2016-06-16,-4.43,-1.70,,
2016-06-17,-4.39,-0.62,,
2016-06-18,-4.73,-0.92,,
2016-06-19,-5.10,0.54,,
2016-06-20,-4.39,-0.93,,
2016-06-21,-4.41,-0.31,,
2016-06-22,-4.99,0.09,,
2016-06-23,-5.08,-1.27,,
2016-06-24,-5.56,-1.28,,
2016-06-25,-5.32,-1.63,,
2016-06-26,-3.48,-1.34,,
2016-06-27,-4.01,0.14,,
2016-06-28,-4.86,0.34,,
2016-06-29,-6.16,-0.43,,
2016-06-30,-5.36,-1.64,,
2016-07-01,-4.96,-0.26,,
2016-07-02,-5.88,-0.72,,
2016-07-03,-6.00,-2.19,,
2016-07-04,-4.66,-0.99,,
2016-07-05,-5.46,-0.87,,
2016-07-06,-4.57,-2.13,,
2016-07-07,-4.35,-1.76,,
2016-07-08,-3.68,-0.45,,
2016-07-09,-4.85,-0.25,,
2016-07-10,-5.44,-0.38,,
2016-07-11,-5.07,-3.04,,
2016-07-12,-4.31,-1.57,,
2016-07-13,-4.61,-0.16,,
2016-07-14,-4.58,-1.95,,
2016-07-15,-5.40,-2.29,,
2016-07-16,-4.45,-0.86,,
2016-07-17,-3.52,-1.28,,
2016-07-18,-3.07,-0.21,,
2016-07-19,-4.35,0.53,,
2016-07-20,-3.69,-0.26,,
2016-07-21,-4.91,-1.22,,
2016-07-22,-3.65,-2.11,,
2016-07-23,-3.80,-0.33,,
2016-07-24,-3.98,-0.21,,
2016-07-25,-3.39,-1.03,,
2016-07-26,-4.00,-0.63,,
2016-07-27,-4.14,-0.43,,
2016-07-28,-3.36,-1.71,,
2016-07-29,-4.47,-1.20,,
2016-07-30,-3.88,-1.98,,
2016-07-31,-4.14,1.59,,
2016-08-01,-4.87,-0.86,,
2016-08-02,-3.86,-1.72,,
2016-08-03,-4.43,-1.52,,
2016-08-04,-2.99,-1.53,,
2016-08-05,-4.05,-0.14,,
2016-08-06,-1.90,2.03,,
2016-08-07,-2.52,-0.72,,
2016-08-08,-3.97,-0.63,,
2016-08-09,-3.68,-0.99,,
2016-08-10,-4.35,-0.77,,
2016-08-11,-3.68,-0.58,,
2016-08-12,-2.89,0.41,,
2016-08-13,-3.94,0.55,,
2016-08-14,-5.51,-1.17,,
2016-08-15,-4.95,-1.05,,
2016-08-16,-4.31,-0.99,,
2016-08-17,-4.10,-1.33,,
2016-08-18,-5.07,-1.55,,
2016-08-19,-4.30,-0.53,,
2016-08-20,-3.17,-0.67,,
2016-08-21,-2.57,-0.64,,
2016-08-22,-2.78,-0.54,,
2016-08-23,-0.64,-2.23,,
2016-08-24,-2.17,1.47,,
2016-08-25,-3.34,1.21,,
2016-08-26,-2.04,0.74,,
2016-08-27,-2.03,-0.25,,
2016-08-28,-3.04,-0.21,,
2016-08-29,-4.61,-0.00,,
2016-08-30,-4.57,-1.22,,
2016-08-31,-5.65,-1.84,,
2016-09-01,-4.37,-0.23,,
2016-09-02,-4.37,-1.34,,
2016-09-03,-3.80,-2.97,,
2016-09-04,-5.60,-2.61,,
2016-09-05,-3.98,2.03,,
2016-09-06,-3.41,-0.48,,
2016-09-07,-2.95,-0.52,,
2016-09-08,-2.21,-0.76,,
2016-09-09,-3.01,0.70,,
2016-09-10,-3.97,-1.21,,
2016-09-11,-2.62,-1.97,,
2016-09-12,-2.80,-1.89,,
2016-09-13,-3.14,-2.12,,
2016-09-14,-2.90,-1.29,,
2016-09-15,-1.55,-0.56,,
2016-09-16,-1.42,-0.49,,
2016-09-17,-2.46,0.61,,
2016-09-18,-2.98,0.53,,
2016-09-19,-2.93,-0.36,,
2016-09-20,-1.65,-0.99,,
2016-09-21,-0.14,1.32,,
2016-09-22,-2.01,2.09,,
2016-09-23,-2.97,0.91,,
2016-09-24,-3.27,-0.94,,
2016-09-25,-2.25,-1.00,,
2016-09-26,-2.00,-0.35,,
2016-09-27,-3.58,-1.30,,
2016-09-28,-8.79,-2.86,,
2016-09-29,-7.34,0.13,,
2016-09-30,-3.32,-0.77,,
2016-10-01,-2.43,-0.08,,
2016-10-02,-2.93,1.43,,
2016-10-03,-3.13,2.03,,
2016-10-04,-2.99,0.47,,
2016-10-05,-3.66,-0.38,,
2016-10-06,-3.35,-0.65,,
2016-10-07,-3.70,0.65,,
2016-10-08,-3.36,0.24,,
2016-10-09,-3.52,1.87,,
2016-10-10,-2.86,2.07,,
2016-10-11,-3.14,0.16,,
2016-10-12,-3.53,-0.00,,
2016-10-13,-3.13,-0.38,,
2016-10-14,-2.74,-0.89,,
2016-10-15,-1.86,-1.03,,
2016-10-16,-1.29,-0.37,,
2016-10-17,-1.70,1.58,,
2016-10-18,-2.33,2.49,,
2016-10-19,-2.91,1.89,,
2016-10-20,-3.44,0.30,,
2016-10-21,-3.78,-0.53,,
2016-10-22,-3.09,-0.05,,
2016-10-23,-3.43,-1.05,,
2016-10-24,-2.95,-1.25,,
2016-10-25,-2.95,0.47,,
2016-10-26,-2.00,1.25,,
2016-10-27,-1.60,0.03,,
2016-10-28,-2.06,0.04,,
2016-10-29,-2.26,0.78,,
2016-10-30,-1.73,0.81,,
2016-10-31,-0.76,1.17,,
2016-11-01,0.74,2.29,,
2016-11-02,1.14,1.89,,
2016-11-03,-0.08,1.14,,
2016-11-04,-3.04,1.05,,
2016-11-05,-4.37,1.17,,
2016-11-06,-3.57,2.15,,
2016-11-07,-2.80,0.65,,
2016-11-08,-2.64,0.14,,
2016-11-09,-3.30,1.68,,
2016-11-10,-3.69,0.39,,
2016-11-11,-3.59,0.31,,
2016-11-12,-3.54,-0.69,,
2016-11-13,-4.20,-1.96,,
2016-11-14,-3.81,-2.02,,
2016-11-15,-3.23,-0.86,,
2016-11-16,-2.80,0.49,,
2016-11-17,-3.00,0.53,,
2016-11-18,-3.39,0.12,,
2016-11-19,-3.17,-0.45,,
2016-11-20,-2.77,-0.39,,
2016-11-21,-3.61,0.06,,
2016-11-22,-3.91,-0.14,,
2016-11-23,-3.68,-0.45,,
2016-11-24,-5.33,-1.73,,
2016-11-25,-4.77,-1.55,,
2016-11-26,-5.02,-1.63,,
2016-11-27,-3.90,0.34,,
2016-11-28,-2.28,3.65,,
2016-11-29,1.30,2.78,,
2016-11-30,-2.45,1.78,,
2016-12-01,-3.59,0.63,,
2016-12-02,-3.53,-0.25,,
2016-12-03,-4.08,-0.72,,
2016-12-04,-2.93,-0.73,,
2016-12-05,-2.55,-1.36,,
2016-12-06,-4.25,-2.98,,
2016-12-07,-4.24,-2.75,,
2016-12-08,-4.28,-1.39,,
2016-12-09,-4.89,-0.69,,
2016-12-10,-4.67,-1.70,,
2016-12-11,-5.69,-2.77,,
2016-12-12,-5.66,-2.40,,
2016-12-13,-6.09,-1.52,,
2016-12-14,-5.84,-1.68,,
2016-12-15,-4.54,-0.88,,
2016-12-16,-4.04,-1.39,,
2016-12-17,-5.75,-1.65,,
2016-12-18,-6.35,-3.09,,
2016-12-19,-6.18,-2.37,,
2016-12-20,-5.98,-2.18,,
2016-12-21,-5.15,-1.48,,
2016-12-22,-4.53,-1.05,,
2016-12-23,-4.70,-0.83,,
2016-12-24,-5.32,-2.15,,
2016-12-25,-5.47,-3.29,,
2016-12-26,-4.76,-3.33,,
2016-12-27,-5.70,-2.78,,
2016-12-28,-6.04,-1.50,,
2016-12-29,-5.25,-0.83,,
2016-12-30,-4.99,-1.06,,
2016-12-31,-4.52,-0.88,,
2017-01-01,-5.74,-3.05,,
2017-01-02,-5.93,-2.89,,
2017-01-03,-5.71,-2.19,,
2017-01-04,-5.49,-0.67,,
2017-01-05,-5.25,-0.46,,
2017-01-06,-5.73,-1.64,,
2017-01-07,-6.24,-2.27,,
2017-01-08,-5.56,-1.18,,
2017-01-09,-3.83,-2.21,,
2017-01-10,-3.95,-1.60,,
2017-01-11,-3.06,-1.18,,
2017-01-12,-2.01,-4.30,,
2017-01-13,-0.24,-4.49,,
2017-01-14,-1.99,-4.09,,
2017-01-15,-4.92,-3.71,,
2017-01-16,-5.16,-2.98,,
2017-01-17,-5.46,-3.16,,
2017-01-18,-4.78,-3.60,,
2017-01-19,-3.80,-1.85,,
2017-01-20,-2.32,-1.62,,
2017-01-21,-2.20,-1.43,,
2017-01-22,-1.77,-1.54,,
2017-01-23,-2.60,0.51,,
2017-01-24,-3.58,1.59,,
2017-01-25,-3.20,0.80,,
2017-01-26,-3.29,-1.75,,
2017-01-27,-4.72,-1.44,,
2017-01-28,-5.51,-0.00,,
2017-01-29,-7.02,-0.74,,
2017-01-30,-5.42,0.47,,
2017-01-31,-5.15,-0.63,,
2017-02-01,-5.84,-0.31,,
2017-02-02,-6.17,-0.54,,
2017-02-03,-5.61,-1.82,,
2017-02-04,-4.89,-1.22,,
2017-02-05,-5.22,-2.22,,
2017-02-06,-6.20,-1.21,,
2017-02-07,-6.57,-1.16,,
2017-02-08,-7.14,-1.13,,
2017-02-09,-6.47,0.11,,
2017-02-10,-5.43,-1.87,,
2017-02-11,-5.42,-2.53,,
2017-02-12,-4.92,-3.71,,
2017-02-13,-3.31,-2.50,,
2017-02-14,-2.94,-1.19,,
2017-02-15,-4.12,-1.18,,
2017-02-16,-4.85,-0.51,,
2017-02-17,-3.41,-1.11,,
2017-02-18,-3.47,-1.26,,
2017-02-19,-4.19,-1.61,,
2017-02-20,-3.34,0.06,,
2017-02-21,0.82,2.68,,
2017-02-22,0.75,-1.76,,
2017-02-23,-1.99,0.76,,
2017-02-24,-3.04,1.29,,
2017-02-25,-3.16,0.22,,
2017-02-26,-4.67,-1.61,,
2017-02-27,-5.73,-2.43,,
2017-02-28,-6.30,-2.94,,
2017-03-01,-6.70,-2.57,,
2017-03-02,-7.47,-2.87,,
2017-03-03,-7.04,-1.76,,
2017-03-04,-6.31,-1.81,,
2017-03-05,-4.87,-1.87,,
2017-03-06,-4.53,-2.62,,
2017-03-07,-5.74,-3.73,,
2017-03-08,-5.64,-5.45,,
2017-03-09,-6.45,-2.48,,
2017-03-10,-7.52,-2.02,,
2017-03-11,-5.78,-0.30,,
2017-03-12,-5.24,-1.02,,
2017-03-13,-5.00,-1.53,,
2017-03-14,-5.52,-1.90,,
2017-03-15,-5.76,-1.33,,
2017-03-16,-6.31,-1.46,,
2017-03-17,-5.33,-1.73,,
2017-03-18,-5.34,-1.74,,
2017-03-19,-4.25,-0.30,,
2017-03-20,-2.96,0.85,,
2017-03-21,-3.36,0.35,,
2017-03-22,-5.05,0.71,,
2017-03-23,-5.33,1.53,,
2017-03-24,-4.02,-0.07,,
2017-03-25,-5.23,0.18,,
2017-03-26,-4.38,1.17,,
2017-03-27,-3.58,1.37,,
2017-03-28,-3.65,1.48,,
2017-03-29,-2.81,0.65,,
2017-03-30,-2.48,-0.95,,
2017-03-31,-4.18,-0.97,,
2017-04-01,-4.56,-0.64,,
2017-04-02,-4.40,-0.62,,
2017-04-03,-3.65,-0.26,,
2017-04-04,-3.89,-1.26,,
2017-04-05,-4.44,-1.61,,
2017-04-06,-4.66,-1.34,,
2017-04-07,-4.64,-0.82,,
2017-04-08,-3.82,-0.00,,
2017-04-09,-4.21,0.37,,
2017-04-10,-5.02,-0.09,,
2017-04-11,-4.17,0.96,,
2017-04-12,-3.34,1.63,,
2017-04-13,-3.04,1.48,,
2017-04-14,-2.59,1.10,,
2017-04-15,-2.99,0.47,,
2017-04-16,-4.39,-0.62,,
2017-04-17,-5.24,-0.55,,
2017-04-18,-5.27,-1.22,,
2017-04-19,-4.71,-1.81,,
2017-04-20,-3.58,-1.83,,
2017-04-21,-3.49,-1.07,,
2017-04-22,-3.98,-0.49,,
2017-04-23,-4.16,0.73,,
2017-04-24,-5.31,1.13,,
2017-04-25,-5.38,-0.00,,
2017-04-26,-4.72,-0.50,,
2017-04-27,-4.43,0.47,,
2017-04-28,-5.08,-0.18,,
2017-04-29,-5.51,-0.68,,
2017-04-30,-5.03,-0.53,,
2017-05-01,-5.25,-1.31,,
2017-05-02,-4.64,-1.33,,
2017-05-03,-3.90,0.07,,
2017-05-04,-4.03,-0.42,,
2017-05-05,-5.30,-0.28,,
2017-05-06,-4.97,-0.97,,
2017-05-07,-4.79,-1.65,,
2017-05-08,-4.82,-0.08,,
2017-05-09,-4.80,0.85,,
2017-05-10,-4.12,0.95,,
2017-05-11,-4.04,1.72,,
2017-05-12,-2.68,0.72,,
2017-05-13,-3.85,0.27,,
2017-05-14,-5.06,-0.35,,
2017-05-15,-5.63,-0.39,,
2017-05-16,-5.48,0.58,,
2017-05-17,-5.54,-1.18,,
2017-05-18,-5.23,-0.64,,
2017-05-19,-5.55,-1.18,,
2017-05-20,-5.09,-0.90,,
2017-05-21,-5.34,-0.85,,
2017-05-22,-5.04,-1.26,,
2017-05-23,-5.16,-1.88,,
2017-05-24,-5.42,-0.86,,
2017-05-25,-4.68,-1.43,,
2017-05-26,-4.48,-0.31,,
2017-05-27,-4.25,-1.06,,
2017-05-28,-4.28,0.83,,
2017-05-29,-4.89,0.43,,
2017-05-30,-5.77,-1.02,,
2017-05-31,-4.79,-1.20,,
2017-06-01,-4.30,-1.23,,
2017-06-02,-4.70,0.25,,
2017-06-03,-4.82,0.94,,
2017-06-04,-5.38,0.57,,
2017-06-05,-6.38,-1.47,,
2017-06-06,-5.86,-1.57,,
2017-06-07,-5.12,-0.36,,
2017-06-08,-5.06,-0.62,,
2017-06-09,-5.22,-0.55,,
2017-06-10,-5.29,-0.84,,
2017-06-11,-5.21,-2.21,,
2017-06-12,-4.79,-1.94,,
2017-06-13,-5.40,-0.28,,
2017-06-14,-4.59,0.73,,
2017-06-15,-4.87,-0.08,,
2017-06-16,-4.76,-0.67,,
2017-06-17,-5.11,-1.47,,
2017-06-18,-5.37,-1.75,,
2017-06-19,-6.33,-1.35,,
2017-06-20,-6.56,-0.92,,
2017-06-21,-5.29,-1.42,,
2017-06-22,-3.93,-1.20,,
2017-06-23,-3.58,-0.25,,
2017-06-24,-4.97,0.26,,
2017-06-25,-5.60,-0.99,,
2017-06-26,-4.96,-2.00,,
2017-06-27,-4.47,-3.62,,
2017-06-28,-6.09,-1.63,,
2017-06-29,-3.84,0.61,,
2017-06-30,-4.96,-1.33,,
2017-07-01,-5.85,-1.68,,
2017-07-02,-4.71,-0.50,,
2017-07-03,-4.98,-1.72,,
2017-07-04,-5.31,-0.00,,
2017-07-05,-5.48,-1.57,,
2017-07-06,-4.87,-0.86,,
2017-07-07,-4.33,0.23,,
2017-07-08,-2.81,-0.70,,
2017-07-09,-3.12,0.49,,
2017-07-10,-4.22,-0.22,,
2017-07-11,-4.12,-0.88,,
2017-07-12,-3.82,0.47,,
2017-07-13,-4.56,-0.48,,
2017-07-14,-4.95,-0.09,,
2017-07-15,-4.81,-0.42,,
2017-07-16,-4.65,-1.07,,
2017-07-17,-5.14,-0.81,,
2017-07-18,-6.06,-0.74,,
2017-07-19,-6.42,-1.84,,
2017-07-20,-4.33,-1.75,,
2017-07-21,-3.10,-0.16,,
2017-07-22,-2.74,-0.29,,
2017-07-23,-4.71,-0.50,,
2017-07-24,-5.20,-1.11,,
2017-07-25,-4.37,-0.61,,
2017-07-26,-4.27,-0.15,,
2017-07-27,-3.70,-0.19,,
2017-07-28,-4.33,0.45,,
2017-07-29,-3.94,-0.00,,
2017-07-30,-4.27,0.22,,
2017-07-31,-4.89,-1.59,,
2017-08-01,-4.82,-2.46,,
2017-08-02,-5.55,-0.88,,
2017-08-03,-6.24,0.88,,
2017-08-04,-3.81,0.67,,
2017-08-05,-4.51,-1.46,,
2017-08-06,-4.21,-1.79,,
2017-08-07,-4.51,-0.32,,
2017-08-08,-4.46,-1.80,,
2017-08-09,-3.81,-1.77,,
2017-08-10,-2.69,0.77,,
2017-08-11,-3.78,-0.33,,
2017-08-12,-4.65,-1.97,,
2017-08-13,-4.79,-0.76,,
2017-08-14,-4.23,-1.79,,
2017-08-15,-5.63,-3.12,,
2017-08-16,-4.39,-0.00,,
2017-08-17,-4.38,-0.69,,
2017-08-18,-6.81,-1.95,,
2017-08-19,-3.43,1.67,,
2017-08-20,-4.16,-0.96,,
2017-08-21,-3.61,-1.17,,
2017-08-22,-2.44,-0.56,,
2017-08-23,-2.08,-1.01,,
2017-08-24,-3.82,-1.02,,
2017-08-25,-3.99,-2.31,,
2017-08-26,-3.72,-0.59,,
2017-08-27,-3.32,0.06,,
2017-08-28,-2.47,0.71,,
2017-08-29,-3.56,-1.09,,
2017-08-30,-5.00,-1.15,,
2017-08-31,-3.84,-1.79,,
2017-09-01,-2.91,-1.18,,
2017-09-02,-2.79,-0.24,,
2017-09-03,-1.92,0.62,,
2017-09-04,-0.44,-3.15,,
2017-09-05,3.36,-1.94,,
2017-09-06,1.62,5.65,,
2017-09-07,-3.36,2.53,,
2017-09-08,-1.65,-2.54,,
2017-09-09,0.76,3.06,,
2017-09-10,-3.90,0.76,,
2017-09-11,-4.98,-1.43,,
2017-09-12,-5.33,0.47,,
2017-09-13,-2.13,2.63,,
2017-09-14,-2.51,1.51,,
2017-09-15,-4.45,-0.55,,
2017-09-16,-4.47,-0.16,,
2017-09-17,-3.20,-4.24,,
2017-09-18,3.66,-10.05,,
2017-09-19,1.19,8.49,,
2017-09-20,-2.46,4.44,,
2017-09-21,-3.13,2.36,,
2017-09-22,-3.39,2.12,,
2017-09-23,-3.50,1.71,,
2017-09-24,-3.43,0.54,,
2017-09-25,-3.57,-0.76,,
2017-09-26,-4.68,-1.52,,
2017-09-27,-4.96,-2.75,,
2017-09-28,-5.41,-0.57,,
2017-09-29,-4.42,-0.15,,
2017-09-30,-3.20,-0.45,,
2017-10-01,-4.15,-1.11,,
2017-10-02,-4.90,-1.88,,
2017-10-03,-4.87,-1.21,,
2017-10-04,-3.07,2.23,,
2017-10-05,-3.43,0.42,,
2017-10-06,-3.69,-1.49,,
2017-10-07,-3.61,-1.11,,
2017-10-08,-2.88,-0.46,,
2017-10-09,-1.89,1.09,,
2017-10-10,-0.89,2.09,,
2017-10-11,-2.49,1.95,,
2017-10-12,-3.25,-1.52,,
2017-10-13,-2.43,-2.11,,
2017-10-14,-2.06,2.21,,
2017-10-15,-4.86,1.49,,
2017-10-16,-5.15,0.54,,
2017-10-17,-5.50,1.58,,
2017-10-18,-6.89,0.97,,
2017-10-19,-6.95,0.24,,
2017-10-20,-6.12,-0.75,,
2017-10-21,-6.59,-1.28,,
2017-10-22,-5.57,-1.92,,
2017-10-23,-4.65,-2.07,,
2017-10-24,-2.67,-0.00,,
2017-10-25,-3.83,0.74,,
2017-10-26,-3.02,0.64,,
2017-10-27,-2.10,1.53,,
2017-10-28,-3.45,0.55,,
2017-10-29,-3.16,0.44,,
2017-10-30,-2.95,-0.96,,
2017-10-31,-2.71,-1.50,,
2017-11-01,-2.97,-2.00,,
2017-11-02,-2.21,-0.89,,
2017-11-03,-2.65,-0.33,,
2017-11-04,-2.24,0.24,,
2017-11-05,-3.41,0.60,,
2017-11-06,-4.16,-0.81,,
2017-11-07,-4.46,-0.39,,
2017-11-08,-4.89,-0.26,,
2017-11-09,-4.63,-0.82,,
2017-11-10,-4.64,0.16,,
2017-11-11,-4.19,-0.22,,
2017-11-12,-4.70,-0.83,,
2017-11-13,-5.23,-0.73,,
2017-11-14,-4.46,0.63,,
2017-11-15,-2.73,2.37,,
2017-11-16,-2.73,2.14,,
2017-11-17,-3.12,1.26,,
2017-11-18,-2.72,1.83,,
2017-11-19,-2.90,1.81,,
2017-11-20,-4.31,-0.23,,
2017-11-21,-4.68,-0.82,,
2017-11-22,-3.76,-0.73,,
2017-11-23,-2.19,0.23,,
2017-11-24,-4.21,0.44,,
2017-11-25,-3.92,-0.55,,
2017-11-26,-4.05,-1.72,,
2017-11-27,-3.63,-0.45,,
2017-11-28,-3.64,-0.58,,
2017-11-29,-4.46,-1.45,,
2017-11-30,-3.58,0.76,,
2017-12-01,-2.48,1.00,,
2017-12-02,-2.68,0.38,,
2017-12-03,-3.44,0.12,,
2017-12-04,-4.10,0.36,,
2017-12-05,-4.35,-1.00,,
2017-12-06,-4.34,-2.31,,
2017-12-07,-4.36,-1.76,,
2017-12-08,-5.24,-1.41,,
2017-12-09,-5.57,-2.36,,
2017-12-10,-3.79,-1.31,,
2017-12-11,-2.85,-0.40,,
2017-12-12,-2.14,0.38,,
2017-12-13,-2.66,0.05,,
2017-12-14,-3.74,-1.07,,
2017-12-15,-4.57,-2.33,,
2017-12-16,-4.95,-2.74,,
2017-12-17,-4.44,-2.46,,
2017-12-18,-4.12,-2.28,,
2017-12-19,-4.85,-2.69,,
2017-12-20,-4.32,-1.83,,
2017-12-21,-4.34,-1.75,,
2017-12-22,-4.90,-1.41,,
2017-12-23,-5.01,-2.02,,
2017-12-24,-5.61,-2.62,,
2017-12-25,-5.26,-3.04,,
2017-12-26,-5.60,-2.86,,
2017-12-27,-5.81,-2.71,,
2017-12-28,-6.18,-2.01,,
2017-12-29,-5.77,-2.10,,
2017-12-30,-5.12,-0.90,,
2017-12-31,-4.57,-0.16,,
2018-01-01,-4.74,-0.92,,
2018-01-02,-3.96,-1.36,,
2018-01-03,-2.67,0.14,,
2018-01-04,-3.54,0.06,,
2018-01-05,-4.62,0.65,,
2018-01-06,-5.63,0.59,,
2018-01-07,-6.56,-0.00,,
2018-01-08,-5.72,-1.22,,
2018-01-09,-4.71,0.16,,
2018-01-10,-4.52,1.13,,
2018-01-11,-6.01,-0.21,,
2018-01-12,-6.00,-1.61,,
2018-01-13,-4.33,-1.49,,
2018-01-14,-4.87,-0.08,,
2018-01-15,-4.11,-0.14,,
2018-01-16,-4.67,-1.08,,
2018-01-17,-4.16,-2.21,,
2018-01-18,-3.71,-0.79,,
2018-01-19,-4.66,-0.91,,
2018-01-20,-5.20,-2.21,,
2018-01-21,-5.93,-2.64,,
2018-01-22,-5.21,-0.83,,
2018-01-23,-4.83,-1.03,,
2018-01-24,-5.07,-2.15,,
2018-01-25,-4.85,-2.16,,
2018-01-26,-3.91,-1.99,,
2018-01-27,-5.30,-3.18,,
2018-01-28,-6.32,-3.22,,
2018-01-29,-7.08,-2.58,,
2018-01-30,-6.38,-2.32,,
2018-01-31,-3.47,-3.72,,
2018-02-01,-3.95,-2.98,,
2018-02-02,-3.80,-2.86,,
2018-02-03,-3.69,-2.58,,
2018-02-04,-4.71,-3.18,,
2018-02-05,-5.78,-1.23,,
2018-02-06,-6.28,-2.66,,
2018-02-07,-6.18,-3.43,,
2018-02-08,-5.77,-2.10,,
2018-02-09,-6.17,-1.54,,
2018-02-10,-6.84,-2.63,,
2018-02-11,-7.12,-3.47,,
2018-02-12,-6.75,-3.90,,
2018-02-13,-6.78,-3.61,,
2018-02-14,-6.98,-3.25,,
2018-02-15,-6.00,-3.33,,
2018-02-16,-5.33,-2.60,,
2018-02-17,-5.58,-2.72,,
2018-02-18,-6.35,-2.57,,
2018-02-19,-7.08,-4.42,,
2018-02-20,-6.47,-3.89,,
2018-02-21,-6.45,-3.15,,
2018-02-22,-5.91,-3.41,,
2018-02-23,-6.35,-2.96,,
2018-02-24,-6.05,-3.22,,
2018-02-25,-4.80,-1.65,,
2018-02-26,-3.92,-1.51,,
2018-02-27,-4.10,-1.49,,
2018-02-28,-2.42,-1.89,,
2018-03-01,-3.43,-2.49,,
2018-03-02,-4.21,-1.70,,
2018-03-03,-2.25,1.76,,
2018-03-04,1.47,1.82,,
2018-03-05,0.56,-1.55,,
2018-03-06,-2.62,-1.70,,
2018-03-07,-4.11,-2.38,,
2018-03-08,-5.77,-1.33,,
2018-03-09,-5.80,-0.10,,
2018-03-10,-6.43,0.11,,
2018-03-11,-6.66,-0.47,,
2018-03-12,-6.14,0.97,,
2018-03-13,-4.76,0.58,,
2018-03-14,-5.74,-0.30,,
2018-03-15,-5.33,0.65,,
2018-03-16,-5.78,-0.51,,
2018-03-17,-4.57,-0.40,,
2018-03-18,-4.12,-0.36,,
2018-03-19,-3.09,0.11,,
2018-03-20,-4.08,-0.36,,
2018-03-21,-5.66,-0.20,,
2018-03-22,-6.24,-0.00,,
2018-03-23,-4.97,-0.70,,
2018-03-24,-3.66,-0.26,,
2018-03-25,-4.00,-0.92,,
2018-03-26,-4.91,-0.17,,
2018-03-27,-3.74,-1.07,,
2018-03-28,-2.07,0.44,,
2018-03-29,-1.29,-1.43,,
2018-03-30,-1.26,-2.96,,
2018-03-31,-2.51,-2.69,,
2018-04-01,-2.33,-0.12,,
2018-04-02,-3.29,-0.11,,
2018-04-03,-4.43,-0.70,,
2018-04-04,-4.01,-1.38,,
2018-04-05,-4.13,-2.29,,
2018-04-06,-3.24,-0.75,,
2018-04-07,-4.11,-0.36,,
2018-04-08,-5.30,-0.00,,
2018-04-09,-5.44,-1.36,,
2018-04-10,-6.52,-1.27,,
2018-04-11,-6.48,-0.57,,
2018-04-12,-6.37,0.22,,
2018-04-13,-5.86,0.20,,
2018-04-14,-5.94,-0.00,,
2018-04-15,-5.51,-0.58,,
2018-04-16,-4.26,-0.00,,
2018-04-17,-4.00,1.61,,
2018-04-18,-5.80,1.34,,
2018-04-19,-6.12,-1.41,,
2018-04-20,-5.71,-0.70,,
2018-04-21,-5.98,-1.71,,
2018-04-22,-4.41,-1.27,,
2018-04-23,-5.10,-0.09,,
2018-04-24,-3.85,-1.11,,
2018-04-25,-3.74,0.13,,
2018-04-26,-5.35,-0.66,,
2018-04-27,-5.44,-0.67,,
2018-04-28,-5.30,-0.93,,
2018-04-29,-5.72,-0.70,,
2018-04-30,-4.96,0.26,,
2018-05-01,-5.44,-0.29,,
2018-05-02,-4.52,-0.08,,
2018-05-03,-5.55,0.58,,
2018-05-04,-5.85,0.82,,
2018-05-05,-6.64,-0.12,,
2018-05-06,-6.52,-0.80,,
2018-05-07,-6.21,-1.32,,
2018-05-08,-5.40,-0.86,,
2018-05-09,-6.05,-1.07,,
2018-05-10,-5.52,-1.17,,
2018-05-11,-4.78,-0.93,,
2018-05-12,-5.92,-0.94,,
2018-05-13,-6.29,-1.11,,
2018-05-14,-6.47,-1.02,,
2018-05-15,-5.52,-1.58,,
2018-05-16,-5.23,-1.40,,
2018-05-17,-5.69,-0.90,,
2018-05-18,-5.63,-1.20,,
2018-05-19,-4.93,-0.61,,
2018-05-20,-5.30,-1.42,,
2018-05-21,-3.74,-0.66,,
2018-05-22,-3.81,-1.02,,
2018-05-23,-5.30,-0.65,,
2018-05-24,-5.03,-0.44,,
2018-05-25,-5.05,-0.98,,
2018-05-26,-4.55,-0.16,,
2018-05-27,-4.17,0.96,,
2018-05-28,-4.92,-0.43,,
2018-05-29,-4.69,0.58,,
2018-05-30,-4.98,0.52,,
2018-05-31,-4.93,-0.96,,
2018-06-01,-4.98,1.15,,
2018-06-02,-5.27,0.09,,
2018-06-03,-5.20,-0.64,,
2018-06-04,-5.65,-1.95,,
2018-06-05,-5.28,-0.56,,
2018-06-06,-5.02,-0.44,,
2018-06-07,-5.13,-1.28,,
2018-06-08,-5.40,-0.86,,
2018-06-09,-4.87,0.43,,
2018-06-10,-5.77,0.10,,
2018-06-11,-6.29,-0.66,,
2018-06-12,-6.49,-1.38,,
2018-06-13,-6.60,-1.28,,
2018-06-14,-5.50,-2.33,,
2018-06-15,-5.22,-1.40,,
2018-06-16,-5.03,0.44,,
2018-06-17,-4.63,-0.24,,
2018-06-18,-4.83,1.03,,
2018-06-19,-4.25,2.36,,
2018-06-20,-4.78,-0.59,,
2018-06-21,-4.78,-0.76,,
2018-06-22,-4.52,1.56,,
2018-06-23,-6.34,-0.00,,
2018-06-24,-7.02,-1.75,,
2018-06-25,-6.47,-2.23,,
2018-06-26,-5.73,-1.86,,
2018-06-27,-5.76,-2.33,,
2018-06-28,-5.92,-2.39,,
2018-06-29,-6.19,-2.38,,
2018-06-30,-6.46,-3.01,,
2018-07-01,-5.26,-0.18,,
2018-07-02,-4.91,-0.78,,
2018-07-03,-6.32,-1.93,,
2018-07-04,-6.14,-1.31,,
2018-07-05,-5.60,-2.15,,
2018-07-06,-5.97,-1.60,,
2018-07-07,-6.20,-2.14,,
2018-07-08,-4.59,-2.55,,
2018-07-09,-4.88,1.59,,
2018-07-10,-6.00,-1.06,,
2018-07-11,-5.05,-1.17,,
2018-07-12,-5.63,-0.69,,
2018-07-13,-6.02,-0.95,,
2018-07-14,-5.29,-1.12,,
2018-07-15,-5.08,-0.27,,
2018-07-16,-4.75,-0.00,,
2018-07-17,-5.60,-2.15,,
2018-07-18,-5.32,-2.15,,
2018-07-19,-5.81,-0.20,,
2018-07-20,-6.33,-1.46,,
2018-07-21,-5.60,-1.82,,
2018-07-22,-4.91,-0.09,,
2018-07-23,-4.54,0.24,,
2018-07-24,-5.02,-0.35,,
2018-07-25,-4.40,0.08,,
2018-07-26,-5.57,-0.68,,
2018-07-27,-5.41,-0.47,,
2018-07-28,-5.26,-1.41,,
2018-07-29,-5.81,-2.23,,
2018-07-30,-6.71,-1.55,,
2018-07-31,-6.36,-1.82,,
2018-08-01,-6.05,-1.29,,
2018-08-02,-5.77,-1.44,,
2018-08-03,-5.33,-2.05,,
2018-08-04,-5.45,-0.67,,
2018-08-05,-4.09,0.07,,
2018-08-06,-4.74,-1.27,,
2018-08-07,-4.89,-1.13,,
2018-08-08,-4.36,-1.94,,
2018-08-09,-4.19,-0.44,,
2018-08-10,-3.93,-1.35,,
2018-08-11,-5.58,-0.98,,
2018-08-12,-5.42,-2.19,,
2018-08-13,-4.84,-1.12,,
2018-08-14,-3.97,-0.70,,
2018-08-15,-2.83,-1.20,,
2018-08-16,-4.00,0.28,,
2018-08-17,-5.34,-0.47,,
2018-08-18,-5.14,-1.57,,
2018-08-19,-4.00,0.71,,
2018-08-20,-4.65,-0.49,,
2018-08-21,-5.01,-1.16,,
2018-08-22,-5.07,-0.53,,
2018-08-23,-4.85,-0.51,,
2018-08-24,-3.47,-0.68,,
2018-08-25,-4.62,-0.16,,
2018-08-26,-4.15,-0.00,,
2018-08-27,-3.91,-1.05,,
2018-08-28,-4.16,-1.43,,
2018-08-29,-4.34,0.69,,
2018-08-30,-4.38,0.69,,
2018-08-31,-4.92,-1.51,,
2018-09-01,-4.07,-2.35,,
2018-09-02,-3.46,-0.80,,
2018-09-03,-3.55,0.37,,
2018-09-04,-4.05,-0.71,,
2018-09-05,-3.66,-1.71,,
2018-09-06,-3.75,-0.93,,
2018-09-07,-3.08,-0.60,,
2018-09-08,-2.11,-0.52,,
2018-09-09,-2.16,-0.58,,
2018-09-10,-2.00,-0.28,,
2018-09-11,-2.39,-1.61,,
2018-09-12,-2.21,-2.94,,
2018-09-13,-5.37,-1.54,,
2018-09-14,-3.04,4.19,,
2018-09-15,-3.15,0.90,,
2018-09-16,-3.58,0.50,,
2018-09-17,-4.50,-0.47,,
2018-09-18,-4.89,-0.60,,
2018-09-19,-6.00,0.42,,
2018-09-20,-6.39,-1.01,,
2018-09-21,-4.77,-0.93,,
2018-09-22,-3.01,-0.11,,
2018-09-23,-3.45,-0.18,,
2018-09-24,-2.88,-0.94,,
2018-09-25,-4.32,-1.08,,
2018-09-26,-4.91,-3.07,,
2018-09-27,-5.60,-5.40,,
2018-09-28,-7.93,2.58,,
2018-09-29,-5.04,2.04,,
2018-09-30,-4.51,0.55,,
2018-10-01,-3.42,0.12,,
2018-10-02,-2.50,0.81,,
2018-10-03,-2.42,1.51,,
2018-10-04,-3.02,1.16,,
2018-10-05,-4.38,0.62,,
2018-10-06,-5.08,-0.09,,
2018-10-07,-4.77,0.50,,
2018-10-08,-4.72,-0.00,,
2018-10-09,-4.36,-0.85,,
2018-10-10,-3.19,-0.98,,
2018-10-11,-3.10,0.49,,
2018-10-12,-2.63,0.61,,
2018-10-13,-2.60,0.05,,
2018-10-14,-3.39,-1.65,,
2018-10-15,-4.84,-2.06,,
2018-10-16,-4.69,-2.19,,
2018-10-17,-6.36,0.22,,
2018-10-18,-5.10,-0.81,,
2018-10-19,-4.22,-0.82,,
2018-10-20,-3.61,-0.90,,
2018-10-21,-3.36,0.59,,
2018-10-22,-3.90,-0.20,,
2018-10-23,-3.26,-0.81,,
2018-10-24,-2.36,-0.37,,
2018-10-25,-1.76,-0.25,,
2018-10-26,-2.17,-0.79,,
2018-10-27,-2.21,-1.72,,
2018-10-28,-1.55,-1.40,,
2018-10-29,-1.73,0.77,,
2018-10-30,-2.34,0.94,,
2018-10-31,-2.81,-0.60,,
2018-11-01,-4.62,-1.87,,
2018-11-02,-4.71,-2.40,,
2018-11-03,-4.14,-2.11,,
2018-11-04,-3.79,-2.28,,
2018-11-05,-3.68,-0.39,,
2018-11-06,-3.57,-0.69,,
2018-11-07,-3.96,0.63,,
2018-11-08,-4.52,0.32,,
2018-11-09,-3.99,0.70,,
2018-11-10,-4.43,1.44,,
2018-11-11,-3.39,-1.04,,
2018-11-12,-2.72,-1.70,,
2018-11-13,-4.65,0.74,,
2018-11-14,-6.83,-0.36,,
2018-11-15,-6.21,-0.76,,
2018-11-16,-5.57,-0.10,,
2018-11-17,-5.83,-0.41,,
2018-11-18,-5.41,-1.05,,
2018-11-19,-5.68,-0.80,,
2018-11-20,-6.20,-0.54,,
2018-11-21,-5.72,-1.42,,
2018-11-22,-5.49,-1.17,,
2018-11-23,-4.76,-0.50,,
2018-11-24,-3.50,0.87,,
2018-11-25,-4.39,0.38,,
2018-11-26,-4.51,-1.38,,
2018-11-27,-4.13,-2.39,,
2018-11-28,-3.59,-0.83,,
2018-11-29,-4.21,-0.29,,
2018-11-30,-4.58,-1.14,,
2018-12-01,-4.72,-2.30,,
2018-12-02,-5.18,-2.20,,
2018-12-03,-5.51,-2.00,,
2018-12-04,-4.41,-0.86,,
2018-12-05,-4.96,-0.88,,
2018-12-06,-4.23,-1.54,,
2018-12-07,-4.61,-1.32,,
2018-12-08,-4.35,-0.85,,
2018-12-09,-5.22,-1.80,,
2018-12-10,-5.37,0.47,,
2018-12-11,-4.51,-0.39,,
2018-12-12,-4.53,-0.16,,
2018-12-13,-4.49,-0.95,,
2018-12-14,-5.26,-1.02,,
2018-12-15,-6.08,-0.85,,
2018-12-16,-5.65,-1.00,,
2018-12-17,-4.40,-0.94,,
2018-12-18,-3.73,0.39,,
2018-12-19,-4.40,-1.02,,
2018-12-20,-5.36,-0.85,,
2018-12-21,-3.97,-2.11,,
2018-12-22,-4.04,-0.86,,
2018-12-23,-4.68,-1.17,,
2018-12-24,-4.92,-1.23,,
2018-12-25,-4.68,-1.43,,
2018-12-26,-4.13,-0.73,,
2018-12-27,-4.67,-2.08,,
2018-12-28,-6.02,-2.56,,
2018-12-29,-6.96,-2.81,,
2018-12-30,-6.68,-2.70,,
2018-12-31,-5.53,-3.20,,
2019-01-01,-4.77,-2.98,,
2019-01-02,-4.37,-2.22,,
2019-01-03,-5.29,-1.62,,
2019-01-04,-5.21,-1.59,,
2019-01-05,-5.85,-1.46,,
2019-01-06,-4.72,0.50,,
2019-01-07,-4.79,-1.65,,
2019-01-08,-3.93,-1.67,,
2019-01-09,-3.58,-0.96,,
2019-01-10,-3.13,0.55,,
2019-01-11,-2.21,0.89,,
2019-01-12,-3.21,-0.57,,
2019-01-13,-3.59,-2.24,,
2019-01-14,-2.89,-1.74,,
2019-01-15,-3.48,-0.68,,
2019-01-16,-4.24,-0.45,,
2019-01-17,-3.90,-1.05,,
2019-01-18,-2.83,-0.87,,
2019-01-19,-2.62,-0.95,,
2019-01-20,-3.42,-0.54,,
2019-01-21,-4.30,-0.53,,
2019-01-22,-4.81,-1.47,,
2019-01-23,-5.82,-2.84,,
2019-01-24,-5.73,-1.86,,
2019-01-25,-5.48,-1.47,,
2019-01-26,-4.61,-1.32,,
2019-01-27,-5.20,-0.82,,
2019-01-28,-5.02,-0.71,,
2019-01-29,-4.05,-0.43,,
2019-01-30,-4.37,-1.09,,
2019-01-31,-4.18,-1.20,,
2019-02-01,-4.14,-1.84,,
2019-02-02,-4.08,-1.09,,
2019-02-03,-3.45,-0.92,,
2019-02-04,-2.96,-0.85,,
2019-02-05,-2.45,0.94,,
2019-02-06,-2.63,1.06,,
2019-02-07,-2.36,0.63,,
2019-02-08,-2.74,-0.53,,
2019-02-09,-3.07,-1.30,,
2019-02-10,-4.97,-2.21,,
2019-02-11,-5.68,-2.77,,
2019-02-12,-5.85,-1.90,,
2019-02-13,-6.06,-0.96,,
2019-02-14,-5.76,0.71,,
2019-02-15,-5.35,1.84,,
2019-02-16,-4.27,1.55,,
2019-02-17,-4.73,0.33,,
2019-02-18,-5.48,-1.06,,
2019-02-19,-6.03,-2.20,,
2019-02-20,-6.09,-2.34,,
2019-02-21,-6.37,-2.70,,
2019-02-22,-5.90,-1.58,,
2019-02-23,-5.33,-3.08,,
2019-02-24,-6.02,-3.76,,
2019-02-25,-5.69,-2.90,,
2019-02-26,-5.56,-2.25,,
2019-02-27,-4.86,-1.21,,
2019-02-28,-4.71,-0.83,,
2019-03-01,-5.70,0.40,,
2019-03-02,-5.77,-0.61,,
2019-03-03,-5.71,-0.50,,
2019-03-04,-6.07,0.42,,
2019-03-05,-5.97,-0.21,,
2019-03-06,-5.30,0.28,,
2019-03-07,-4.45,-0.95,,
2019-03-08,-4.64,-0.24,,
2019-03-09,-5.53,-0.19,,
2019-03-10,-5.21,-1.49,,
2019-03-11,-5.05,-2.69,,
2019-03-12,-4.67,-1.25,,
2019-03-13,-4.22,-0.22,,
2019-03-14,-3.70,-1.13,,
2019-03-15,-4.23,-1.88,,
2019-03-16,-4.41,-2.34,,
2019-03-17,-4.78,-2.44,,
2019-03-18,-4.71,-1.71,,
2019-03-19,-4.27,-0.68,,
2019-03-20,-4.77,-0.50,,
2019-03-21,-4.39,-0.23,,
2019-03-22,-4.98,-0.44,,
2019-03-23,-4.98,-0.70,,
2019-03-24,-5.30,-0.74,,
2019-03-25,-5.38,-1.05,,
2019-03-26,-5.00,-0.09,,
2019-03-27,-4.87,0.68,,
2019-03-28,-4.41,1.02,,
2019-03-29,-3.77,1.84,,
2019-03-30,-3.59,1.91,,
2019-03-31,-3.76,1.15,,
2019-04-01,-3.98,-0.56,,
2019-04-02,-5.40,-1.97,,
2019-04-03,-5.93,-2.16,,
2019-04-04,-5.45,-1.98,,
2019-04-05,-5.87,-1.46,,
2019-04-06,-6.28,-1.80,,
2019-04-07,-5.76,-0.91,,
2019-04-08,-4.79,-1.37,,
2019-04-09,-4.47,-0.31,,
2019-04-10,-5.08,0.80,,
2019-04-11,-5.04,1.07,,
2019-04-12,-5.45,-0.10,,
2019-04-13,-5.62,-0.99,,
2019-04-14,-5.37,-1.64,,
2019-04-15,-5.38,-0.57,,
2019-04-16,-4.69,-1.00,,
2019-04-17,-4.70,-1.00,,
2019-04-18,-4.41,-1.18,,
2019-04-19,-5.40,-1.97,,
2019-04-20,-5.45,-1.46,,
2019-04-21,-5.17,-1.78,,
2019-04-22,-3.27,-1.97,,
2019-04-23,-2.66,-1.13,,
2019-04-24,-2.19,0.19,,
2019-04-25,-3.58,-0.96,,
2019-04-26,-3.98,-1.07,,
2019-04-27,-3.60,0.06,,
2019-04-28,-3.70,-0.06,,
2019-04-29,-4.68,-1.43,,
2019-04-30,-4.26,-1.55,,
2019-05-01,-4.95,-0.52,,
2019-05-02,-6.26,-1.92,,
2019-05-03,-6.03,-2.08,,
2019-05-04,-5.69,-1.85,,
2019-05-05,-5.89,-0.72,,
2019-05-06,-6.07,-0.11,,
2019-05-07,-5.77,-0.20,,
2019-05-08,-4.48,-0.23,,
2019-05-09,-3.94,0.35,,
2019-05-10,-4.43,-0.54,,
2019-05-11,-5.01,-1.25,,
2019-05-12,-5.32,-1.63,,
2019-05-13,-5.12,-1.09,,
2019-05-14,-4.80,-1.29,,
2019-05-15,-4.42,-0.39,,
2019-05-16,-3.49,-0.68,,
2019-05-17,-3.88,-0.68,,
2019-05-18,-3.59,-0.38,,
2019-05-19,-4.39,-0.38,,
2019-05-20,-4.94,-0.35,,
2019-05-21,-4.63,-0.32,,
2019-05-22,-4.34,0.30,,
2019-05-23,-4.03,0.86,,
2019-05-24,-3.52,0.25,,
2019-05-25,-3.33,0.77,,
2019-05-26,-3.43,0.60,,
2019-05-27,-3.77,0.26,,
2019-05-28,-3.61,0.44,,
2019-05-29,-3.40,0.79,,
2019-05-30,-3.50,-0.00,,
2019-05-31,-3.90,0.27,,
2019-06-01,-3.53,0.12,,
2019-06-02,-3.40,1.10,,
2019-06-03,-3.36,1.16,,
2019-06-04,-3.86,1.18,,
2019-06-05,-3.97,0.14,,
2019-06-06,-3.48,0.18,,
2019-06-07,-4.13,-0.29,,
2019-06-08,-5.26,-0.37,,
2019-06-09,-5.57,-0.10,,
2019-06-10,-5.71,-0.90,,
2019-06-11,-4.21,-2.33,,
2019-06-12,-4.36,-0.85,,
2019-06-13,-5.03,-1.83,,
2019-06-14,-4.84,-1.12,,
2019-06-15,-4.74,-1.63,,
2019-06-16,-5.37,-1.34,,
2019-06-17,-5.44,-2.54,,
2019-06-18,-6.08,-2.58,,
2019-06-19,-6.45,-1.85,,
2019-06-20,-5.97,-0.31,,
2019-06-21,-5.08,-2.16,,
2019-06-22,-4.98,-2.43,,
2019-06-23,-3.91,-0.97,,
2019-06-24,-3.02,0.05,,
2019-06-25,-4.87,-1.21,,
2019-06-26,-4.60,-2.05,,
2019-06-27,-6.08,-0.00,,
2019-06-28,-5.97,-1.05,,
2019-06-29,-5.98,-2.30,,
2019-06-30,-5.88,-3.13,,
2019-07-01,-5.64,-2.16,,
2019-07-02,-4.19,-1.36,,
2019-07-03,-4.00,-1.38,,
2019-07-04,-5.14,-1.87,,
2019-07-05,-5.95,-0.94,,
2019-07-06,-4.41,-1.43,,
2019-07-07,-3.70,-1.35,,
2019-07-08,-4.33,0.69,,
2019-07-09,-4.99,0.09,,
2019-07-10,-4.80,-2.34,,
2019-07-11,-4.24,-1.98,,
2019-07-12,-5.13,-1.19,,
2019-07-13,-4.97,0.43,,
2019-07-14,-5.36,-2.50,,
2019-07-15,-6.34,-1.35,,
2019-07-16,-5.02,-1.93,,
2019-07-17,-4.67,-0.57,,
2019-07-18,-5.02,-0.53,,
2019-07-19,-4.43,-0.54,,
2019-07-20,-3.49,-0.93,,
2019-07-21,-3.61,-0.97,,
2019-07-22,-4.42,-0.78,,
2019-07-23,-5.51,-1.68,,
2019-07-24,-4.43,-2.66,,
2019-07-25,-4.90,-0.34,,
2019-07-26,-5.53,-2.58,,
2019-07-27,-4.55,-3.18,,
2019-07-28,-4.23,-1.13,,
2019-07-29,-2.45,2.06,,
2019-07-30,-3.06,1.00,,
2019-07-31,-4.33,-0.00,,
2019-08-01,-4.03,-2.62,,
2019-08-02,-4.49,-0.00,,
2019-08-03,-5.65,-0.59,,
2019-08-04,-5.23,-1.50,,
2019-08-05,-4.19,1.53,,
2019-08-06,-2.31,0.75,,
2019-08-07,-2.57,-0.00,,
2019-08-08,-3.46,0.93,,
2019-08-09,-4.23,0.30,,
2019-08-10,-4.09,-1.41,,
2019-08-11,-4.06,0.86,,
2019-08-12,-4.70,-0.58,,
2019-08-13,-5.24,-0.55,,
2019-08-14,-4.89,0.17,,
2019-08-15,-6.11,-1.41,,
2019-08-16,-4.18,-3.15,,
2019-08-17,-4.03,0.71,,
2019-08-18,-3.82,-1.02,,
2019-08-19,-4.01,0.49,,
2019-08-20,-3.08,-1.64,,
2019-08-21,-2.89,-0.83,,
2019-08-22,-3.70,1.06,,
2019-08-23,-3.53,-0.06,,
2019-08-24,-3.27,-0.23,,
2019-08-25,-4.82,-1.66,,
2019-08-26,-5.03,-3.02,,
2019-08-27,-7.38,1.43,,
2019-08-28,-2.76,4.09,,
2019-08-29,-2.91,0.31,,
2019-08-30,-3.15,-0.73,,
2019-08-31,-2.92,-0.95,,
2019-09-01,-2.40,0.47,,
2019-09-02,-3.61,-0.83,,
2019-09-03,-4.39,-0.93,,
2019-09-04,-4.28,-1.47,,
2019-09-05,-2.52,0.18,,
2019-09-06,-0.96,0.89,,
2019-09-07,-1.02,0.92,,
2019-09-08,-1.60,1.00,,
2019-09-09,-2.65,-0.14,,
2019-09-10,-3.10,-0.38,,
2019-09-11,-2.70,-0.48,,
2019-09-12,-2.49,0.09,,
2019-09-13,-2.61,-0.51,,
2019-09-14,-1.94,-1.46,,
2019-09-15,-3.63,-1.46,,
2019-09-16,-5.21,0.82,,
2019-09-17,-6.14,0.86,,
2019-09-18,-4.05,0.07,,
2019-09-19,-2.68,-0.14,,
2019-09-20,-1.64,1.42,,
2019-09-21,-4.86,0.77,,
2019-09-22,-6.36,1.94,,
2019-09-23,-3.17,4.69,,
2019-09-24,-2.24,4.05,,
2019-09-25,-2.31,2.56,,
2019-09-26,-2.42,0.74,,
2019-09-27,-2.81,-1.82,,
2019-09-28,-3.03,-0.26,,
2019-09-29,-2.62,1.01,,
2019-09-30,-2.56,1.14,,
2019-10-01,-2.80,0.65,,
2019-10-02,-3.11,-0.38,,
2019-10-03,-3.58,-0.57,,
2019-10-04,-2.13,0.45,,
2019-10-05,-2.89,-0.15,,
2019-10-06,-4.23,-0.82,,
2019-10-07,-5.81,-0.51,,
2019-10-08,-5.66,-0.40,,
2019-10-09,-4.80,-0.67,,
2019-10-10,-3.11,0.60,,
2019-10-11,-2.25,1.35,,
2019-10-12,-1.77,1.24,,
2019-10-13,-2.84,-0.30,,
2019-10-14,-3.21,0.92,,
2019-10-15,-3.53,-0.37,,
2019-10-16,-3.03,-1.82,,
2019-10-17,-3.15,-1.27,,
2019-10-18,-2.78,1.80,,
2019-10-19,-2.89,0.05,,
2019-10-20,-2.69,-1.37,,
2019-10-21,-2.93,-1.13,,
2019-10-22,-3.55,-0.00,,
2019-10-23,-3.07,0.43,,
2019-10-24,-3.35,-0.00,,
2019-10-25,-2.95,-1.71,,
2019-10-26,-2.61,-1.16,,
2019-10-27,-3.91,-0.76,,
2019-10-28,-3.10,-1.94,,
2019-10-29,-2.37,-1.99,,
2019-10-30,-2.52,-1.02,,
2019-10-31,-2.11,-0.89,,
2019-11-01,-2.26,-0.28,,
2019-11-02,-2.15,0.54,,
2019-11-03,-2.74,0.53,,
2019-11-04,-4.45,-0.00,,
2019-11-05,-6.17,-0.65,,
2019-11-06,-5.75,-0.71,,
2019-11-07,-6.08,-1.18,,
2019-11-08,-4.93,-1.23,,
2019-11-09,-4.74,1.18,,
2019-11-10,-5.12,0.54,,
2019-11-11,-5.00,-1.34,,
2019-11-12,-4.69,-1.52,,
2019-11-13,-2.89,-1.54,,
2019-11-14,-3.06,-2.48,,
2019-11-15,-2.80,-3.58,,
2019-11-16,-1.03,-1.53,,
2019-11-17,-0.84,-1.11,,
2019-11-18,-1.09,-0.42,,
2019-11-19,-0.90,1.43,,
2019-11-20,-1.63,1.68,,
2019-11-21,-1.16,0.06,,
2019-11-22,0.04,-1.16,,
2019-11-23,-1.09,-2.24,,
2019-11-24,-2.64,-0.96,,
2019-11-25,-4.27,0.15,,
2019-11-26,-5.10,-0.18,,
2019-11-27,-4.86,-1.39,,
2019-11-28,-3.18,-2.31,,
2019-11-29,-1.74,-0.92,,
2019-11-30,-1.27,-0.02,,
2019-12-01,-2.25,0.32,,
2019-12-02,-4.17,-0.00,,
2019-12-03,-4.02,0.49,,
2019-12-04,-5.08,-0.62,,
2019-12-05,-5.40,0.28,,
2019-12-06,-5.04,-1.35,,
2019-12-07,-4.88,-1.49,,
2019-12-08,-4.25,-2.07,,
2019-12-09,-5.75,-1.12,,
2019-12-10,-6.17,-2.01,,
2019-12-11,-5.28,-2.13,,
2019-12-12,-4.73,-1.63,,
2019-12-13,-4.82,0.17,,
2019-12-14,-4.82,0.17,,
2019-12-15,-5.94,-1.37,,
2019-12-16,-5.20,-1.69,,
2019-12-17,-7.00,-0.61,,
2019-12-18,-6.83,-0.84,,
2019-12-19,-6.52,-0.69,,
2019-12-20,-5.14,-0.81,,
2019-12-21,-5.37,-1.64,,
2019-12-22,-5.32,-2.04,,
2019-12-23,-5.20,-1.69,,
2019-12-24,-5.67,0.50,,
2019-12-25,-3.62,2.63,,
2019-12-26,-2.95,3.06,,
2019-12-27,-2.85,1.72,,
2019-12-28,-3.70,-0.52,,
2019-12-29,-3.42,-0.36,,
2019-12-30,-2.87,-0.51,,
2019-12-31,-2.84,0.55,,
2020-01-01,-2.51,0.63,,
2020-01-02,-3.04,-1.10,,
2020-01-03,-2.05,-1.33,,
2020-01-04,-1.83,-0.70,,
2020-01-05,-2.79,-1.81,,
2020-01-06,-4.26,-1.14,,
2020-01-07,-4.62,-0.57,,
2020-01-08,-4.96,-0.79,,
2020-01-09,-6.43,-2.60,,
2020-01-10,-8.09,-3.11,,
2020-01-11,-6.41,-2.99,,
2020-01-12,-6.51,-2.37,,
2020-01-13,-7.10,-3.46,,
2020-01-14,-6.29,-1.68,,
2020-01-15,-6.54,-1.51,,
2020-01-16,-4.96,-2.11,,
2020-01-17,-4.17,-1.12,,
2020-01-18,-3.56,-2.31,,
2020-01-19,-5.93,-2.52,,
2020-01-20,-5.49,-0.67,,
2020-01-21,-4.57,-0.81,,
2020-01-22,-4.53,0.24,,
2020-01-23,-3.66,1.33,,
2020-01-24,-2.74,0.53,,
2020-01-25,-2.38,0.38,,
2020-01-26,-2.14,-0.19,,
2020-01-27,-2.69,0.82,,
2020-01-28,-2.30,0.70,,
2020-01-29,-2.19,0.15,,
2020-01-30,-3.24,0.51,,
2020-01-31,-3.07,-0.49,,
2020-02-01,-4.39,-1.60,,
2020-02-02,-4.02,0.28,,
2020-02-03,-2.55,0.18,,
2020-02-04,-4.29,-1.56,,
2020-02-05,-5.10,-0.72,,
2020-02-06,-6.63,-0.46,,
2020-02-07,-6.48,-0.80,,
2020-02-08,-6.20,-2.51,,
2020-02-09,-5.49,-0.29,,
2020-02-10,-6.20,-1.43,,
2020-02-11,-6.36,-2.07,,
2020-02-12,-6.24,-2.03,,
2020-02-13,-6.60,-2.53,,
2020-02-14,-6.27,-0.77,,
2020-02-15,-5.62,-1.09,,
2020-02-16,-5.95,-0.84,,
2020-02-17,-6.02,-0.95,,
2020-02-18,-6.17,-1.54,,
2020-02-19,-5.84,-1.24,,
2020-02-20,-6.25,-1.56,,
2020-02-21,-4.33,-1.58,,
2020-02-22,-2.77,-0.10,,
2020-02-23,-2.80,-0.34,,
2020-02-24,-2.66,0.28,,
2020-02-25,-3.10,-0.16,,
2020-02-26,-2.74,-1.34,,
2020-02-27,-2.86,-2.07,,
2020-02-28,-3.27,0.11,,
2020-02-29,-3.88,0.27,,
2020-03-01,-3.92,-0.14,,
2020-03-02,-3.84,-1.10,,
2020-03-03,-4.82,-0.85,,
2020-03-04,-4.96,-0.00,,
2020-03-05,-5.31,-0.28,,
2020-03-06,-5.33,-0.65,,
2020-03-07,-5.14,1.19,,
2020-03-08,-4.18,-0.29,,
2020-03-09,-4.56,-1.75,,
2020-03-10,-5.55,-1.18,,
2020-03-11,-5.00,-0.26,,
2020-03-12,-4.41,0.31,,
2020-03-13,-4.51,0.55,,
2020-03-14,-3.29,-0.82,,
2020-03-15,-1.98,-1.15,,
2020-03-16,-1.05,-1.61,,
2020-03-17,-2.32,-0.29,,
2020-03-18,-3.31,-1.76,,
2020-03-19,-4.53,-2.83,,
2020-03-20,-4.54,-3.18,,
2020-03-21,-4.52,-2.61,,
2020-03-22,-4.28,-1.15,,
2020-03-23,-4.89,-1.13,,
2020-03-24,-4.97,-0.61,,
2020-03-25,-4.79,-0.59,,
2020-03-26,-4.21,-0.15,,
2020-03-27,-3.54,-0.31,,
2020-03-28,-3.74,-1.59,,
2020-03-29,-5.73,-2.32,,
2020-03-30,-4.49,-3.38,,
2020-03-31,-3.04,-1.83,,
2020-04-01,-3.71,-0.46,,
2020-04-02,-4.20,0.89,,
2020-04-03,-3.19,2.07,,
2020-04-04,-3.08,1.78,,
2020-04-05,-2.96,0.96,,
2020-04-06,-3.54,0.82,,
2020-04-07,-3.67,0.52,,
2020-04-08,-3.91,-0.27,,
2020-04-09,-4.07,1.40,,
2020-04-10,-3.78,1.15,,
2020-04-11,-3.91,0.41,,
2020-04-12,-4.47,-1.12,,
2020-04-13,-4.37,-2.23,,
2020-04-14,-4.03,-1.63,,
2020-04-15,-4.00,-1.61,,
2020-04-16,-3.99,-0.70,,
2020-04-17,-4.29,-0.76,,
2020-04-18,-4.34,-1.08,,
2020-04-19,-4.62,-0.16,,
2020-04-20,-5.30,-0.09,,
2020-04-21,-5.47,0.57,,
2020-04-22,-5.26,0.28,,
2020-04-23,-5.39,-1.75,,
2020-04-24,-5.98,-1.49,,
2020-04-25,-6.18,-0.76,,
2020-04-26,-5.77,-1.23,,
2020-04-27,-5.42,-1.35,,
2020-04-28,-4.61,-0.73,,
2020-04-29,-4.66,-0.08,,
2020-04-30,-4.97,0.26,,
2020-05-01,-5.66,-0.10,,
2020-05-02,-5.50,-0.00,,
2020-05-03,-4.79,-0.25,,
2020-05-04,-4.86,-0.17,,
2020-05-05,-5.35,-0.00,,
2020-05-06,-6.10,-0.32,,
2020-05-07,-6.14,-0.21,,
2020-05-08,-5.27,-0.18,,
2020-05-09,-5.36,-0.75,,
2020-05-10,-6.12,-0.00,,
2020-05-11,-5.95,-0.10,,
2020-05-12,-5.92,0.41,,
2020-05-13,-5.58,-0.39,,
2020-05-14,-4.41,-1.02,,
2020-05-15,-4.86,0.34,,
2020-05-16,-5.26,0.18,,
2020-05-17,-5.96,-0.10,,
2020-05-18,-5.10,-0.90,,
2020-05-19,-4.69,-0.25,,
2020-05-20,-4.69,0.91,,
2020-05-21,-4.15,1.19,,
2020-05-22,-4.76,1.19,,
2020-05-23,-3.80,-0.40,,
2020-05-24,-3.47,0.61,,
2020-05-25,-4.35,1.08,,
2020-05-26,-4.29,1.31,,
2020-05-27,-4.32,1.92,,
2020-05-28,-4.04,0.57,,
2020-05-29,-4.17,-0.44,,
2020-05-30,-5.01,-0.62,,
2020-05-31,-5.05,0.18,,
2020-06-01,-3.86,-0.13,,
2020-06-02,-4.54,-0.40,,
2020-06-03,-5.12,-0.18,,
2020-06-04,-5.99,-1.16,,
2020-06-05,-5.54,-1.59,,
2020-06-06,-4.17,-1.04,,
2020-06-07,-4.09,-0.21,,
2020-06-08,-3.46,0.06,,
2020-06-09,-2.89,0.61,,
2020-06-10,-2.72,0.94,,
2020-06-11,-3.39,0.36,,
2020-06-12,-3.55,0.75,,
2020-06-13,-3.90,0.41,,
2020-06-14,-4.54,0.56,,
2020-06-15,-5.38,-0.76,,
2020-06-16,-5.24,-0.74,,
2020-06-17,-5.05,-0.53,,
2020-06-18,-5.34,-1.14,,
2020-06-19,-5.23,-1.11,,
2020-06-20,-5.63,-0.79,,
2020-06-21,-5.87,-1.80,,
2020-06-22,-5.44,-3.14,,
2020-06-23,-4.94,-2.63,,
2020-06-24,-5.46,-1.57,,
2020-06-25,-6.14,-1.76,,
2020-06-26,-6.33,-2.18,,
2020-06-27,-5.75,-1.87,,
2020-06-28,-4.44,-1.79,,
2020-06-29,-3.77,-1.22,,
2020-06-30,-4.59,-0.40,,
2020-07-01,-4.55,-0.24,,
2020-07-02,-5.69,-0.50,,
2020-07-03,-5.34,-0.56,,
2020-07-04,-5.08,-0.71,,
2020-07-05,-5.19,-1.49,,
2020-07-06,-5.31,-1.62,,
2020-07-07,-5.02,0.26,,
2020-07-08,-4.56,-1.14,,
2020-07-09,-5.40,-1.76,,
2020-07-10,-5.66,-1.52,,
2020-07-11,-4.92,-2.19,,
2020-07-12,-4.73,-1.18,,
2020-07-13,-5.38,-1.96,,
2020-07-14,-3.76,-1.92,,
2020-07-15,-3.07,0.11,,
2020-07-16,-3.15,0.56,,
2020-07-17,-3.50,-0.37,,
2020-07-18,-3.04,-0.37,,
2020-07-19,-3.12,-0.16,,
2020-07-20,-3.82,1.02,,
2020-07-21,-4.11,-0.14,,
2020-07-22,-4.46,-1.03,,
2020-07-23,-4.41,-0.62,,
2020-07-24,-4.67,-0.91,,
2020-07-25,-6.38,-1.59,,
2020-07-26,-4.54,-2.52,,
2020-07-27,-3.46,-2.91,,
2020-07-28,-4.73,-4.11,,
2020-07-29,-5.09,4.27,,
2020-07-30,-5.07,2.15,,
2020-07-31,-4.40,-1.51,,
2020-08-01,-2.42,0.88,,
2020-08-02,-2.30,1.22,,
2020-08-03,-3.24,0.99,,
2020-08-04,-3.79,-0.80,,
2020-08-05,-3.97,-0.14,,
2020-08-06,-4.92,-0.52,,
2020-08-07,-5.56,-0.98,,
2020-08-08,-5.39,-2.99,,
2020-08-09,-4.59,-1.85,,
2020-08-10,-4.36,-1.33,,
2020-08-11,-4.76,-2.75,,
2020-08-12,-5.20,-0.27,,
2020-08-13,-5.03,-1.73,,
2020-08-14,-3.85,-1.55,,
2020-08-15,-3.01,0.26,,
2020-08-16,-3.88,-1.04,,
2020-08-17,-5.86,-1.79,,
2020-08-18,-4.86,0.51,,
2020-08-19,-5.13,-2.29,,
2020-08-20,-4.07,-1.73,,
2020-08-21,-1.95,1.22,,
2020-08-22,-2.78,2.98,,
2020-08-23,-4.01,-2.41,,
2020-08-24,-3.68,-0.72,,
2020-08-25,-3.54,0.88,,
2020-08-26,-3.96,-2.47,,
2020-08-27,-4.75,-2.31,,
2020-08-28,-4.66,-3.39,,
2020-08-29,-4.90,-4.11,,
2020-08-30,-5.06,-0.89,,
2020-08-31,-2.99,1.87,,
2020-09-01,-2.65,0.61,,
2020-09-02,-2.80,0.10,,
2020-09-03,-2.03,-0.70,,
2020-09-04,-4.38,0.85,,
2020-09-05,-3.50,-1.00,,
2020-09-06,-3.53,-0.50,,
2020-09-07,-2.79,-0.05,,
2020-09-08,-2.17,-1.11,,
2020-09-09,-3.51,-1.79,,
2020-09-10,-2.18,-1.64,,
2020-09-11,-0.32,-1.29,,
2020-09-12,-1.38,-0.53,,
2020-09-13,-1.90,1.01,,
2020-09-14,-2.82,-0.20,,
2020-09-15,-3.67,-2.29,,
2020-09-16,-2.25,-3.75,,
2020-09-17,-0.31,-2.20,,
2020-09-18,0.65,1.79,,
2020-09-19,0.14,2.68,,
2020-09-20,-0.78,2.54,,
2020-09-21,-1.88,0.84,,
2020-09-22,-2.12,-0.04,,
2020-09-23,-2.81,0.44,,
2020-09-24,-2.07,1.15,,
2020-09-25,-2.14,-0.07,,
2020-09-26,-2.27,-2.52,,
2020-09-27,-3.80,-0.53,,
2020-09-28,-3.76,1.08,,
2020-09-29,-4.19,0.29,,
2020-09-30,-5.97,-1.16,,
2020-10-01,-5.53,0.19,,
2020-10-02,-3.89,0.83,,
2020-10-03,-3.48,-0.18,,
2020-10-04,-3.63,-0.84,,
2020-10-05,-3.05,-0.70,,
2020-10-06,-1.44,1.16,,
2020-10-07,-2.19,-0.43,,
2020-10-08,-2.40,-0.60,,
2020-10-09,-2.47,-1.26,,
2020-10-10,-3.19,-0.11,,
2020-10-11,-4.12,-0.07,,
2020-10-12,-2.33,1.63,,
2020-10-13,-2.24,0.16,,
2020-10-14,-1.94,-2.08,,
2020-10-15,-2.10,2.18,,
2020-10-16,-3.40,1.30,,
2020-10-17,-3.64,-0.71,,
2020-10-18,-2.42,-0.38,,
2020-10-19,-1.52,-0.52,,
2020-10-20,0.41,1.54,,
2020-10-21,-1.16,2.18,,
2020-10-22,-3.78,-0.13,,
2020-10-23,-4.95,-0.00,,
2020-10-24,-6.33,-0.78,,
2020-10-25,-4.89,-1.88,,
2020-10-26,-4.14,-1.84,,
2020-10-27,-4.42,-0.39,,
2020-10-28,-5.49,-0.87,,
2020-10-29,-6.53,-0.34,,
2020-10-30,-6.57,1.40,,
2020-10-31,-6.39,-0.67,,
2020-11-01,-5.40,0.19,,
2020-11-02,-5.63,0.69,,
2020-11-03,-5.50,-0.00,,
2020-11-04,-5.20,-0.82,,
2020-11-05,-4.20,-0.37,,
2020-11-06,-3.69,0.06,,
2020-11-07,-2.98,0.37,,
2020-11-08,-4.09,1.57,,
2020-11-09,-1.44,3.08,,
2020-11-10,-3.82,2.21,,
2020-11-11,-4.34,0.61,,
2020-11-12,-4.75,-1.82,,
2020-11-13,-4.39,-1.51,,
2020-11-14,-2.57,-0.41,,
2020-11-15,-3.09,-0.60,,
2020-11-16,-3.87,0.07,,
2020-11-17,-4.68,-0.49,,
2020-11-18,-4.18,-0.29,,
2020-11-19,-4.46,-0.79,,
2020-11-20,-5.78,-0.61,,
2020-11-21,-6.60,-0.81,,
2020-11-22,-6.10,-0.00,,
2020-11-23,-5.48,0.38,,
2020-11-24,-4.59,0.56,,
2020-11-25,-3.59,-0.57,,
2020-11-26,-3.82,-1.62,,
2020-11-27,-3.14,-1.82,,
2020-11-28,-3.27,-1.06,,
2020-11-29,-3.33,-0.59,,
2020-11-30,-4.23,-1.54,,
2020-12-01,-3.52,-1.95,,
2020-12-02,-2.32,-1.57,,
2020-12-03,-2.60,-2.43,,
2020-12-04,-2.83,-1.84,,
2020-12-05,-3.09,-0.60,,
2020-12-06,-3.16,-0.50,,
2020-12-07,-3.51,-0.43,,
2020-12-08,-3.03,0.64,,
2020-12-09,-2.36,-0.37,,
2020-12-10,-3.23,-1.64,,
2020-12-11,-3.58,-1.67,,
2020-12-12,-3.46,-1.40,,
2020-12-13,-3.12,0.16,,
2020-12-14,-2.16,-1.35,,
2020-12-15,-1.07,-1.36,,
2020-12-16,-1.90,-1.01,,
2020-12-17,-4.10,-0.95,,
2020-12-18,-5.47,-2.21,,
2020-12-19,-4.27,-2.37,,
2020-12-20,-4.92,-2.19,,
2020-12-21,-5.79,-2.22,,
2020-12-22,-5.86,-2.49,,
2020-12-23,-5.56,-2.48,,
2020-12-24,-5.60,-1.82,,
2020-12-25,-5.47,-1.67,,
2020-12-26,-3.04,-1.69,,
2020-12-27,-2.78,-1.07,,
2020-12-28,-3.71,-0.32,,
2020-12-29,-0.57,-1.49,,
2020-12-30,0.36,-2.28,,
2020-12-31,-3.53,-3.92,,
2021-01-01,-6.38,-4.81,,
2021-01-02,-5.59,-5.03,,
2021-01-03,-5.35,-4.18,,
2021-01-04,-3.86,-3.02,,
2021-01-05,-4.31,-1.32,,
2021-01-06,-3.90,-1.19,,
2021-01-07,-3.89,-2.53,,
2021-01-08,-4.33,-1.75,,
2021-01-09,-4.79,-0.67,,
2021-01-10,-5.88,-1.25,,
2021-01-11,-5.58,-3.35,,
2021-01-12,-5.46,-1.88,,
2021-01-13,-5.00,-1.53,,
2021-01-14,-5.42,-0.76,,
2021-01-15,-4.50,-0.55,,
2021-01-16,-5.33,-1.23,,
2021-01-17,-5.25,-2.01,,
2021-01-18,-5.76,-2.10,,
2021-01-19,-5.73,-1.75,,
2021-01-20,-5.53,-1.90,,
2021-01-21,-3.74,-0.13,,
2021-01-22,-3.02,-0.00,,
2021-01-23,-3.83,-0.74,,
2021-01-24,-3.88,-1.41,,
2021-01-25,-3.70,-1.97,,
2021-01-26,-4.65,-3.02,,
2021-01-27,-5.53,-2.01,,
2021-01-28,-4.28,-1.31,,
2021-01-29,-3.02,-0.70,,
2021-01-30,-4.11,-1.03,,
2021-01-31,-5.55,-2.83,,
2021-02-01,-6.68,-1.18,,
2021-02-02,-6.38,0.45,,
2021-02-03,-4.57,1.40,,
2021-02-04,-6.07,0.32,,
2021-02-05,-5.82,-1.13,,
2021-02-06,-5.96,-1.71,,
2021-02-07,-6.06,-1.18,,
2021-02-08,-5.02,-1.53,,
2021-02-09,-5.53,-2.01,,
2021-02-10,-5.67,-2.06,,
2021-02-11,-5.21,-1.40,,
2021-02-12,-6.03,-0.85,,
2021-02-13,-6.06,-1.51,,
2021-02-14,-6.57,-1.40,,
2021-02-15,-6.51,-2.11,,
2021-02-16,-6.57,-1.52,,
2021-02-17,-6.51,-2.24,,
2021-02-18,-6.49,-2.36,,
2021-02-19,-6.03,-2.20,,
2021-02-20,-5.63,-0.79,,
2021-02-21,-5.06,-0.89,,
2021-02-22,-5.56,-2.14,,
2021-02-23,-6.67,-1.54,,
2021-02-24,-6.31,-1.93,,
2021-02-25,-6.46,-2.22,,
2021-02-26,-5.34,-2.05,,
2021-02-27,-5.92,-2.89,,
2021-02-28,-5.65,-3.53,,
2021-03-01,-4.73,-3.97,,
2021-03-02,-3.94,-3.55,,
2021-03-03,-5.19,-1.20,,
2021-03-04,-4.92,-0.34,,
2021-03-05,-4.88,0.17,,
2021-03-06,-4.87,-0.51,,
2021-03-07,-6.00,-0.00,,
2021-03-08,-5.42,-1.35,,
2021-03-09,-4.50,-2.50,,
2021-03-10,-5.46,-1.46,,
2021-03-11,-4.68,-1.08,,
2021-03-12,-4.27,-0.75,,
2021-03-13,-3.75,-0.59,,
2021-03-14,-2.64,-1.85,,
2021-03-15,-2.63,-1.58,,
2021-03-16,-3.55,-2.98,,
2021-03-17,-4.17,-3.26,,
2021-03-18,-4.04,-3.39,,
2021-03-19,-3.90,-3.05,,
2021-03-20,-4.14,-1.43,,
2021-03-21,-4.82,-1.20,,
2021-03-22,-4.35,-0.30,,
2021-03-23,-5.19,-0.00,,
2021-03-24,-5.07,-0.44,,
2021-03-25,-5.15,-1.48,,
2021-03-26,-5.64,-1.83,,
2021-03-27,-5.35,-1.84,,
2021-03-28,-5.57,-2.14,,
2021-03-29,-6.52,-1.63,,
2021-03-30,-6.69,-1.79,,
2021-03-31,-6.51,-1.62,,
2021-04-01,-5.75,-1.33,,
2021-04-02,-5.24,0.83,,
2021-04-03,-5.27,-0.28,,
2021-04-04,-4.88,-0.51,,
2021-04-05,-3.42,-0.18,,
2021-04-06,-2.85,-0.10,,
2021-04-07,-2.73,-0.48,,
2021-04-08,-2.91,-0.67,,
2021-04-09,-3.03,-2.20,,
2021-04-10,-2.78,-3.83,,
2021-04-11,-3.36,-2.92,,
2021-04-12,-4.27,-0.99,,
2021-04-13,-3.33,2.00,,
2021-04-14,-2.52,1.64,,
2021-04-15,-2.47,-0.09,,
2021-04-16,-4.50,0.71,,
2021-04-17,-4.93,0.43,,
2021-04-18,-5.49,-0.58,,
2021-04-19,-5.53,-1.69,,
2021-04-20,-5.77,-1.65,,
2021-04-21,-5.48,-0.77,,
2021-04-22,-5.15,0.72,,
2021-04-23,-4.89,0.69,,
2021-04-24,-5.13,-1.28,,
2021-04-25,-4.93,-1.05,,
2021-04-26,-4.44,-0.00,,
2021-04-27,-3.54,0.75,,
2021-04-28,-3.26,0.17,,
2021-04-29,-3.38,-0.00,,
2021-04-30,-4.25,-0.67,,
2021-05-01,-3.71,-1.13,,
2021-05-02,-3.93,-1.92,,
2021-05-03,-4.21,-1.97,,
2021-05-04,-5.77,-1.55,,
2021-05-05,-5.54,-1.69,,
2021-05-06,-5.58,-1.70,,
2021-05-07,-5.32,-0.84,,
2021-05-08,-5.86,-0.51,,
2021-05-09,-5.82,-1.03,,
2021-05-10,-6.30,-1.11,,
2021-05-11,-6.15,-1.53,,
2021-05-12,-5.76,-1.22,,
2021-05-13,-5.26,-0.93,,
2021-05-14,-4.55,0.72,,
2021-05-15,-4.56,0.32,,
2021-05-16,-5.00,-0.17,,
2021-05-17,-4.54,-0.72,,
2021-05-18,-4.57,0.32,,
2021-05-19,-4.73,0.41,,
2021-05-20,-4.93,0.26,,
2021-05-21,-5.65,-1.10,,
2021-05-22,-6.48,-0.68,,
2021-05-23,-6.39,-0.78,,
2021-05-24,-5.82,-1.45,,
2021-05-25,-5.70,-1.63,,
2021-05-26,-5.32,-1.13,,
2021-05-27,-4.78,0.08,,
2021-05-28,-4.18,-0.15,,
2021-05-29,-4.45,-0.47,,
2021-05-30,-5.23,-0.37,,
2021-05-31,-5.59,-1.29,,
2021-06-01,-5.49,-1.17,,
2021-06-02,-4.32,-0.76,,
2021-06-03,-5.65,-0.59,,
2021-06-04,-5.24,0.55,,
2021-06-05,-5.36,-0.66,,
2021-06-06,-4.92,-0.60,,
2021-06-07,-5.66,-0.59,,
2021-06-08,-6.02,-1.17,,
2021-06-09,-6.02,-0.95,,
2021-06-10,-5.48,-0.58,,
2021-06-11,-3.59,-0.44,,
2021-06-12,-4.00,-0.63,,
2021-06-13,-4.45,-0.86,,
2021-06-14,-5.81,-2.00,,
2021-06-15,-5.84,-2.60,,
2021-06-16,-5.53,-2.46,,
2021-06-17,-5.84,1.46,,
2021-06-18,-5.85,-0.61,,
2021-06-19,-5.21,-0.36,,
2021-06-20,-5.06,-1.07,,
2021-06-21,-5.82,-1.78,,
2021-06-22,-5.05,-1.54,,
2021-06-23,-4.48,-1.81,,
2021-06-24,-4.23,-1.71,,
2021-06-25,-4.27,1.14,,
2021-06-26,-5.16,1.58,,
2021-06-27,-5.05,0.09,,
2021-06-28,-5.22,-1.50,,
2021-06-29,-5.40,-2.87,,
2021-06-30,-6.60,-1.52,,
2021-07-01,-6.87,-0.00,,
2021-07-02,-9.74,-0.68,,
2021-07-03,-4.97,0.79,,
2021-07-04,-3.94,-1.51,,
2021-07-05,-3.97,0.14,,
2021-07-06,-5.17,-1.38,,
2021-07-07,-6.17,-2.01,,
2021-07-08,-6.69,-2.57,,
2021-07-09,-6.27,-2.53,,
2021-07-10,-5.54,-2.13,,
2021-07-11,-6.16,-0.43,,
2021-07-12,-6.36,-1.58,,
2021-07-13,-5.36,-1.74,,
2021-07-14,-4.62,-1.59,,
2021-07-15,-4.94,-1.05,,
2021-07-16,-5.29,-0.46,,
2021-07-17,-5.07,-1.95,,
2021-07-18,-5.30,-0.28,,
2021-07-19,-6.14,-1.53,,
2021-07-20,-5.47,-2.67,,
2021-07-21,-5.58,-1.81,,
2021-07-22,-5.23,-1.11,,
2021-07-23,-4.74,-1.54,,
2021-07-24,-4.06,1.09,,
2021-07-25,-3.38,0.36,,
2021-07-26,-3.85,-1.63,,
2021-07-27,-3.83,-1.63,,
2021-07-28,-4.08,0.14,,
2021-07-29,-4.84,1.12,,
2021-07-30,-4.46,-1.36,,
2021-07-31,-4.99,-0.70,,
2021-08-01,-3.83,-1.25,,
2021-08-02,-2.02,0.11,,
2021-08-03,-2.46,0.13,,
2021-08-04,-2.86,-0.35,,
2021-08-05,-3.76,-1.52,,
2021-08-06,-4.16,-2.21,,
2021-08-07,-3.74,-2.16,,
2021-08-08,-4.57,-0.64,,
2021-08-09,-4.59,-3.72,,
2021-08-10,-3.00,2.80,,
2021-08-11,-3.77,-0.67,,
2021-08-12,-4.75,-3.33,,
2021-08-13,-4.91,-0.87,,
2021-08-14,-2.84,0.55,,
2021-08-15,-1.88,2.50,,
2021-08-16,-4.28,-0.45,,
2021-08-17,-5.65,-1.73,,
2021-08-18,-5.77,-2.33,,
2021-08-19,-5.23,-1.80,,
2021-08-20,-4.29,-0.30,,
2021-08-21,-5.05,-1.35,,
2021-08-22,-5.92,-1.15,,
2021-08-23,-6.88,-2.64,,
2021-08-24,-5.56,-1.39,,
2021-08-25,-3.91,-0.76,,
2021-08-26,-4.30,-2.10,,
2021-08-27,-5.15,-2.29,,
2021-08-28,-5.04,-3.66,,
2021-08-29,-3.00,-2.26,,
2021-08-30,-1.53,-0.65,,
2021-08-31,-1.48,-1.11,,
2021-09-01,-2.13,-0.11,,
2021-09-02,-3.59,-2.33,,
2021-09-03,-5.54,-1.28,,
2021-09-04,-5.83,-1.35,,
2021-09-05,-3.15,-2.12,,
2021-09-06,-2.00,-0.93,,
2021-09-07,-2.04,0.25,,
2021-09-08,-2.49,0.17,,
2021-09-09,-3.88,-0.20,,
2021-09-10,-4.23,-1.80,,
2021-09-11,-4.10,-0.58,,
2021-09-12,-3.55,-1.15,,
2021-09-13,-4.09,-0.94,,
2021-09-14,-2.69,0.14,,
2021-09-15,-3.30,-0.06,,
2021-09-16,-3.87,0.07,,
2021-09-17,-4.27,-0.91,,
2021-09-18,-2.18,-1.58,,
2021-09-19,-0.23,-1.86,,
2021-09-20,0.42,2.40,,
2021-09-21,-2.60,1.82,,
2021-09-22,-2.69,-0.09,,
2021-09-23,-2.49,0.22,,
2021-09-24,-2.13,0.34,,
2021-09-25,-2.63,0.23,,
2021-09-26,-2.44,0.13,,
2021-09-27,-2.29,0.44,,
2021-09-28,-2.05,-0.14,,
2021-09-29,-1.13,-0.65,,
2021-09-30,-1.55,1.39,,
2021-10-01,-3.70,0.72,,
2021-10-02,-6.06,-1.07,,
2021-10-03,-6.59,-1.04,,
2021-10-04,-6.57,-1.28,,
2021-10-05,-5.67,-1.10,,
2021-10-06,-5.02,-2.03,,
2021-10-07,-5.33,-1.04,,
2021-10-08,-5.57,-1.29,,
2021-10-09,-5.94,-1.82,,
2021-10-10,-4.52,3.17,,
2021-10-11,-4.70,-0.66,,
2021-10-12,-3.73,1.58,,
2021-10-13,-3.67,1.48,,
2021-10-14,-3.18,2.14,,
2021-10-15,-2.89,2.42,,
2021-10-16,-1.80,1.45,,
2021-10-17,-1.35,0.12,,
2021-10-18,-1.49,-0.82,,
2021-10-19,-2.72,0.24,,
2021-10-20,-3.73,0.79,,
2021-10-21,-6.20,-0.22,,
2021-10-22,-6.49,-0.80,,
2021-10-23,-6.04,-1.28,,
2021-10-24,-5.22,-0.64,,
2021-10-25,-6.25,-0.77,,
2021-10-26,-5.01,0.53,,
2021-10-27,-4.00,0.07,,
2021-10-28,-3.27,0.40,,
2021-10-29,-3.21,-0.28,,
2021-10-30,-3.49,-0.61,,
2021-10-31,-3.44,-0.73,,
2021-11-01,-3.18,-1.16,,
2021-11-02,-3.63,-1.69,,
2021-11-03,-3.11,-0.16,,
2021-11-04,-4.07,-0.43,,
2021-11-05,-4.80,-0.76,,
2021-11-06,-4.18,-1.52,,
2021-11-07,-4.26,-0.52,,
2021-11-08,-2.85,-0.66,,
2021-11-09,-2.69,-0.87,,
2021-11-10,-3.80,-0.60,,
2021-11-11,-4.11,-1.18,,
2021-11-12,-4.48,-1.63,,
2021-11-13,-4.33,-1.00,,
2021-11-14,-4.44,-1.19,,
2021-11-15,-5.24,-1.80,,
2021-11-16,-4.89,-3.30,,
2021-11-17,-4.81,-1.20,,
2021-11-18,-4.53,-2.02,,
2021-11-19,-3.83,-2.04,,
2021-11-20,-2.83,-0.65,,
2021-11-21,-3.25,-0.11,,
2021-11-22,-2.39,-1.07,,
2021-11-23,-2.98,0.10,,
2021-11-24,-2.31,-0.28,,
2021-11-25,-2.06,-1.19,,
2021-11-26,-1.74,-1.26,,
2021-11-27,-2.01,-0.61,,
2021-11-28,-2.47,-0.22,,
2021-11-29,-4.66,-0.57,,
2021-11-30,-4.07,-0.86,,
2021-12-01,-5.62,-0.99,,
2021-12-02,-5.26,-2.23,,
2021-12-03,-4.52,-0.63,,
2021-12-04,-4.94,-1.23,,
2021-12-05,-5.89,-1.36,,
2021-12-06,-6.25,-2.15,,
2021-12-07,-4.81,-3.00,,
2021-12-08,-5.08,-2.48,,
2021-12-09,-4.57,-2.64,,
2021-12-10,-3.95,-2.57,,
2021-12-11,-4.55,-2.03,,
2021-12-12,-4.94,-2.41,,
2021-12-13,-4.54,-2.02,,
2021-12-14,-5.14,-1.87,,
2021-12-15,-5.73,-2.43,,
2021-12-16,-5.82,-2.59,,
2021-12-17,-6.84,-3.05,,
2021-12-18,-6.45,-2.74,,
2021-12-19,-5.88,-1.58,,
2021-12-20,-5.40,-1.25,,
2021-12-21,-4.93,-0.52,,
2021-12-22,-5.86,-0.41,,
2021-12-23,-5.56,0.49,,
2021-12-24,-3.76,-0.73,,
2021-12-25,-3.96,-1.29,,
2021-12-26,-3.27,-0.46,,
2021-12-27,-1.88,-0.96,,
2021-12-28,-3.37,-1.36,,
2021-12-29,-4.13,-2.02,,
2021-12-30,-4.48,-2.28,,
2021-12-31,-5.07,-1.65,,
2022-01-01,-5.42,-3.13,-0.005,0.038
2022-01-02,-5.37,-2.85,0.004,0.071
2022-01-03,-5.09,-2.06,0.004,0.018
2022-01-04,-3.82,-2.12,-0.002,0.022
2022-01-05,-3.85,-1.48,0.007,0.075
2022-01-06,-3.73,-0.66,0.006,0.048
2022-01-07,-3.84,-0.61,-0.007,0.012
2022-01-08,-5.14,-2.08,-0.003,0.108
2022-01-09,-4.97,-3.35,0.000,0.070
2022-01-10,-4.73,-1.91,-0.001,0.123
2022-01-11,-3.29,-1.90,-0.002,0.068
2022-01-12,-3.21,-0.98,-0.006,0.055
2022-01-13,-3.29,0.23,-0.002,0.143
2022-01-14,-2.48,0.95,-0.004,0.037
2022-01-15,-2.45,0.17,-0.005,0.103
2022-01-16,-4.32,-1.32,-0.004,0.040
2022-01-17,-5.43,-1.66,0.010,0.051
2022-01-18,-4.71,-0.25,-0.001,0.016
2022-01-19,-4.74,-1.18,0.002,0.008
2022-01-20,-5.97,-1.71,0.004,0.081
2022-01-21,-6.13,-2.48,0.004,0.035
2022-01-22,-5.15,-2.74,0.004,0.082
2022-01-23,-4.06,-0.79,-0.006,0.038
2022-01-24,-4.21,0.22,0.002,0.060
2022-01-25,-3.98,-1.37,-0.003,0.021
2022-01-26,-3.75,-2.17,-0.011,-0.011
2022-01-27,-3.51,-2.94,-0.007,-0.008
2022-01-28,-3.30,-0.95,-0.009,0.049
2022-01-29,-3.41,-0.98,-0.018,-0.007
2022-01-30,-3.93,-1.35,-0.005,0.022
2022-01-31,-3.19,0.11,-0.008,0.037
2022-02-01,-3.11,0.49,-0.011,-0.023
2022-02-02,-3.57,-0.38,-0.003,0.027
2022-02-03,-3.72,-0.33,-0.004,0.028
2022-02-04,-3.42,-0.42,0.004,0.008
2022-02-05,-2.88,-0.61,0.004,0.052
2022-02-06,-3.80,-0.67,-0.005,0.011
2022-02-07,-5.11,-2.27,-0.000,0.064
2022-02-08,-4.79,-3.11,-0.008,0.044
2022-02-09,-4.74,-2.52,-0.008,0.012
2022-02-10,-5.44,-1.16,-0.001,0.114
2022-02-11,-6.35,-2.57,-0.004,0.053
2022-02-12,-6.25,-2.03,-0.002,0.097
2022-02-13,-6.28,-2.04,0.001,0.057
2022-02-14,-5.09,-1.65,0.001,0.074
2022-02-15,-5.54,-1.08,-0.001,0.024
2022-02-16,-6.78,-1.19,0.002,0.115
2022-02-17,-5.50,-3.44,0.004,0.015
2022-02-18,-4.77,-1.55,0.004,0.081
2022-02-19,-3.66,-2.12,-0.005,0.007
2022-02-20,-3.84,-2.22,0.004,0.083
2022-02-21,-4.00,-2.31,-0.001,0.030
2022-02-22,-3.70,-2.49,-0.002,0.065
2022-02-23,-2.46,-3.15,-0.006,0.040
2022-02-24,-1.73,-2.21,-0.009,0.033
2022-02-25,-3.09,-1.79,-0.010,0.106
2022-02-26,-3.97,0.49,-0.005,0.141
2022-02-27,-3.88,-1.26,-0.007,0.035
2022-02-28,-5.00,-1.15,-0.002,0.135
2022-03-01,-4.87,-0.86,-0.006,0.082
2022-03-02,-4.57,-0.56,-0.002,0.100
2022-03-03,-6.00,-0.74,0.002,0.122
2022-03-04,-5.98,-1.27,0.010,0.090
2022-03-05,-6.07,-0.96,0.004,0.097
2022-03-06,-5.82,-2.23,0.002,0.129
2022-03-07,-6.10,-1.75,0.001,0.111
2022-03-08,-5.04,-2.25,-0.004,0.058
2022-03-09,-5.15,-1.87,-0.004,0.121
2022-03-10,-6.57,-1.40,-0.011,0.148
2022-03-11,-6.37,-1.83,-0.006,0.119
2022-03-12,-6.82,-1.08,-0.005,0.131
2022-03-13,-6.20,-1.78,-0.008,0.138
2022-03-14,-6.68,-2.30,0.000,0.051
2022-03-15,-6.67,-2.04,0.002,0.169
2022-03-16,-6.98,-2.00,0.001,0.073
2022-03-17,-6.51,-1.99,0.005,0.143
2022-03-18,-6.57,-2.14,0.005,0.097
2022-03-19,-5.73,-1.64,0.002,0.060
2022-03-20,-6.39,-1.83,0.006,0.105
2022-03-21,-4.33,-2.11,0.004,0.014
2022-03-22,-4.41,-0.78,-0.001,0.013
2022-03-23,-5.46,-1.67,0.000,0.078
2022-03-24,-6.25,-2.52,-0.004,0.065
2022-03-25,-6.01,-1.28,-0.002,0.101
2022-03-26,-4.79,-0.33,-0.011,0.007
2022-03-27,-4.09,0.87,-0.007,0.070
2022-03-28,-4.36,0.30,-0.005,0.034
2022-03-29,-4.63,-0.65,-0.008,0.035
2022-03-30,-4.38,-1.95,-0.005,0.003
2022-03-31,-5.42,-1.55,-0.000,0.043
2022-04-01,-6.22,-0.99,-0.000,0.056
2022-04-02,-5.94,-0.31,-0.000,0.012
2022-04-03,-5.55,-0.49,-0.000,0.077
2022-04-04,-4.78,-0.00,-0.002,0.011
2022-04-05,-5.25,-0.37,0.002,0.064
2022-04-06,-4.73,-1.01,-0.005,0.039
2022-04-07,-4.05,-0.07,-0.006,0.030
2022-04-08,-4.83,-0.59,-0.003,0.089
2022-04-09,-5.39,-0.09,-0.005,0.054
2022-04-10,-5.01,0.35,-0.006,0.066
2022-04-11,-4.42,-0.62,-0.009,-0.096
2022-04-12,-4.49,-1.55,-0.014,-0.053
2022-04-13,-5.69,-1.52,-0.008,0.009
2022-04-14,-5.43,-1.35,0.003,0.109
2022-04-15,-5.56,-1.08,-0.001,0.107
2022-04-16,-6.24,-0.44,0.001,0.075
2022-04-17,-6.02,-0.95,-0.003,-0.057
2022-04-18,-5.46,-0.38,0.002,0.014
2022-04-19,-6.24,-0.66,0.002,0.139
2022-04-20,-5.41,-1.25,-0.005,0.090
2022-04-21,-4.66,-1.42,-0.000,0.156
2022-04-22,-3.38,-1.58,-0.008,0.256
2022-04-23,-3.43,-1.60,-0.004,0.262
2022-04-24,-4.08,-1.65,0.006,0.268
2022-04-25,-4.19,-2.23,-0.002,0.233
2022-04-26,-2.50,-2.88,-0.007,0.189
2022-04-27,-2.55,-4.09,0.001,0.221
2022-04-28,-4.44,-1.61,0.009,0.250
2022-04-29,-2.91,1.36,0.003,0.220
2022-04-30,-3.35,2.26,0.007,0.149
2022-05-01,-4.23,1.29,-0.006,0.062
2022-05-02,-5.39,-1.05,-0.006,-0.095
2022-05-03,-5.64,-1.62,0.001,-0.018
2022-05-04,-5.19,-1.89,-0.007,-0.075
2022-05-05,-4.50,-1.55,-0.006,0.030
2022-05-06,-4.41,-1.60,-0.004,0.009
2022-05-07,-2.92,-0.20,-0.005,0.072
2022-05-08,-3.76,0.53,-0.002,0.033
2022-05-09,-4.39,0.85,0.001,0.129
2022-05-10,-4.74,1.01,-0.006,-0.064
2022-05-11,-5.56,1.70,0.001,0.018
2022-05-12,-5.95,0.21,0.001,0.022
2022-05-13,-6.41,0.45,0.003,0.261
2022-05-14,-5.72,-0.80,0.000,0.258
2022-05-15,-5.36,0.09,-0.004,0.216
2022-05-16,-6.32,-0.66,0.003,0.157
2022-05-17,-6.11,-0.32,0.002,0.043
2022-05-18,-5.68,-0.60,0.004,0.029
2022-05-19,-4.67,-1.08,-0.002,0.031
2022-05-20,-4.82,-1.85,0.001,0.129
2022-05-21,-5.33,-1.94,0.002,0.191
2022-05-22,-5.11,-1.76,-0.006,0.184
2022-05-23,-3.72,-0.79,-0.010,0.205
2022-05-24,-4.05,-0.64,-0.011,0.252
2022-05-25,-4.36,-0.30,-0.009,0.212
2022-05-26,-4.13,-0.80,0.001,0.183
2022-05-27,-4.70,-1.17,-0.003,0.132
2022-05-28,-4.93,-0.96,0.002,0.095
2022-05-29,-5.57,-0.10,-0.002,0.109
2022-05-30,-5.39,-1.05,0.002,0.117
2022-05-31,-4.73,-1.72,0.009,0.155
2022-06-01,-3.55,-0.75,0.001,0.186
2022-06-02,-3.98,0.49,0.003,0.191
2022-06-03,-4.09,-0.43,-0.005,0.166
2022-06-04,-5.28,0.37,-0.006,0.148
2022-06-05,-6.06,-0.32,-0.002,0.120
2022-06-06,-6.15,-0.86,0.002,0.111
2022-06-07,-5.89,-1.36,-0.000,0.115
2022-06-08,-5.31,-2.25,-0.001,0.099
2022-06-09,-4.88,-1.78,-0.002,0.096
2022-06-10,-4.94,-2.00,-0.001,0.115
2022-06-11,-6.53,-0.23,-0.010,0.109
2022-06-12,-6.47,-1.98,-0.009,0.026
2022-06-13,-4.82,-1.20,0.001,0.032
2022-06-14,-4.84,0.25,0.002,-0.010
2022-06-15,-4.49,0.87,-0.004,0.025
2022-06-16,-5.81,0.20,0.006,0.046
2022-06-17,-5.29,-0.56,0.006,0.041
2022-06-18,-4.62,-1.07,0.008,0.052
2022-06-19,-5.58,-0.78,-0.000,0.067
2022-06-20,-4.94,-0.35,-0.007,0.041
2022-06-21,-3.76,-1.52,-0.013,-0.146
2022-06-22,-3.68,0.13,-0.009,0.060
2022-06-23,-3.65,-0.26,-0.010,0.030
2022-06-24,-4.05,-0.00,-0.006,0.100
2022-06-25,-5.01,0.44,-0.001,0.030
2022-06-26,-5.31,-1.42,0.002,0.001
2022-06-27,-6.08,-1.74,0.003,0.078
2022-06-28,-6.82,-3.18,0.005,0.092
2022-06-29,-7.52,-0.79,0.001,0.159
2022-06-30,-6.15,-1.20,-0.002,-0.108
2022-07-01,-6.62,-2.41,0.010,0.059
2022-07-02,-5.13,2.18,-0.005,-0.001
2022-07-03,-6.33,-0.89,-0.007,0.009
2022-07-04,-4.84,-1.12,0.003,0.141
2022-07-05,-4.23,0.07,-0.014,-0.153
2022-07-06,-5.00,1.25,-0.001,0.219
2022-07-07,-4.90,-0.95,-0.012,-0.008
2022-07-08,-5.84,-0.31,-0.004,0.142
2022-07-09,-5.85,-1.57,-0.009,-0.011
2022-07-10,-6.06,-1.18,-0.003,0.067
2022-07-11,-6.02,-1.84,-0.000,0.019
2022-07-12,-5.58,-1.92,-0.001,-0.021
2022-07-13,-5.46,-1.88,0.004,0.111
2022-07-14,-4.75,-1.10,0.004,-0.028
2022-07-15,-5.87,-1.35,0.007,0.102
2022-07-16,-5.45,-0.48,0.001,0.038
2022-07-17,-6.30,-1.34,-0.001,0.089
2022-07-18,-5.42,-1.45,0.003,0.076
2022-07-19,-4.69,-0.91,-0.007,-0.036
2022-07-20,-3.74,-0.00,-0.002,0.093
2022-07-21,-5.76,-1.22,-0.008,0.009
2022-07-22,-5.44,-2.54,0.001,0.137
2022-07-23,-3.77,-1.15,-0.005,0.037
2022-07-24,-3.69,-1.27,-0.000,0.127
2022-07-25,-4.82,-0.08,-0.004,0.144
2022-07-26,-5.53,-2.01,0.002,0.074
2022-07-27,-5.10,-1.75,0.005,0.121
2022-07-28,-5.14,-1.09,0.003,0.056
2022-07-29,-4.11,-2.47,0.006,0.026
2022-07-30,-5.20,0.18,0.003,0.124
2022-07-31,-6.46,-1.85,0.005,0.079
2022-08-01,-5.51,-2.81,-0.002,0.101
2022-08-02,-4.96,-1.90,-0.005,0.008
2022-08-03,-5.65,-1.20,0.002,0.042
2022-08-04,-5.40,-1.55,-0.002,-0.011
2022-08-05,-5.26,-1.21,-0.002,-0.054
2022-08-06,-4.52,-2.01,-0.005,-0.056
2022-08-07,-4.83,-0.42,-0.009,-0.083
2022-08-08,-5.32,-2.37,-0.002,-0.050
2022-08-09,-5.24,-1.80,0.004,0.014
2022-08-10,-3.68,-0.19,0.008,0.066
2022-08-11,-3.03,-1.16,-0.003,0.118
2022-08-12,-4.24,-3.31,0.004,0.083
2022-08-13,-3.54,-1.50,0.003,0.036
2022-08-14,-1.58,2.53,-0.004,-0.006
2022-08-15,-2.18,0.63,-0.006,-0.102
2022-08-16,-3.93,-1.59,-0.015,-0.057
2022-08-17,-3.83,-1.87,0.001,0.018
2022-08-18,-4.42,-1.44,-0.005,0.064
2022-08-19,-4.12,0.58,-0.010,0.088
2022-08-20,-4.02,-0.07,-0.015,0.070
2022-08-21,-2.83,-0.00,-0.007,0.094
2022-08-22,-2.65,0.37,-0.009,0.018
2022-08-23,-3.38,-0.72,-0.001,0.079
2022-08-24,-3.01,-0.48,0.007,0.114
2022-08-25,-4.08,-0.43,-0.000,0.102
2022-08-26,-3.40,1.51,-0.004,0.121
2022-08-27,-3.20,-1.23,-0.001,-0.001
2022-08-28,-2.80,-1.08,0.002,0.130
2022-08-29,-3.88,-0.48,-0.007,0.049
2022-08-30,-3.83,-2.89,0.005,0.102
2022-08-31,-2.82,-4.34,-0.006,0.070
2022-09-01,-2.21,-3.04,-0.008,0.061
2022-09-02,0.13,-2.51,-0.004,0.034
2022-09-03,0.45,3.20,-0.001,0.062
2022-09-04,-1.08,3.31,-0.006,0.061
2022-09-05,-2.19,2.27,-0.007,0.019
2022-09-06,-1.76,1.64,-0.004,0.048
2022-09-07,-1.01,1.68,-0.002,-0.037
2022-09-08,-1.14,1.82,-0.003,0.030
2022-09-09,-2.31,-0.16,-0.005,-0.013
2022-09-10,-2.74,-0.43,-0.005,0.018
2022-09-11,-3.21,-0.45,-0.002,-0.000
2022-09-12,-3.34,-1.28,-0.004,-0.029
2022-09-13,-3.50,-1.86,0.005,0.002
2022-09-14,-2.58,-2.49,-0.003,-0.038
2022-09-15,-2.52,-2.61,-0.004,-0.029
2022-09-16,-0.53,-3.33,-0.004,-0.122
2022-09-17,-0.60,4.88,-0.010,0.029
2022-09-18,-3.95,2.10,-0.010,-0.058
2022-09-19,-3.52,0.88,0.000,0.054
2022-09-20,-4.32,-0.38,-0.012,-0.021
2022-09-21,-5.65,-0.20,0.002,0.080
2022-09-22,-4.61,1.96,-0.006,0.028
2022-09-23,-3.03,-0.00,-0.013,-0.087
2022-09-24,-3.61,-1.53,0.000,0.030
2022-09-25,-3.32,-0.41,-0.000,0.015
2022-09-26,-3.91,-0.14,-0.008,0.079
2022-09-27,-3.84,-0.27,0.006,0.035
2022-09-28,-3.90,0.20,-0.002,-0.006
2022-09-29,-1.78,1.72,0.004,0.124
2022-09-30,-1.98,2.63,-0.001,-0.015
2022-10-01,-2.49,0.35,-0.000,0.038
2022-10-02,-3.22,-0.74,-0.008,0.008
2022-10-03,-2.91,-1.61,-0.010,0.046
2022-10-04,-4.45,-0.39,-0.008,0.042
2022-10-05,-7.70,0.13,0.002,0.162
2022-10-06,-5.31,-0.19,-0.018,-0.103
2022-10-07,-4.11,-0.36,-0.011,-0.068
2022-10-08,-4.17,-0.29,0.000,0.021
2022-10-09,-2.96,0.05,-0.006,-0.037
2022-10-10,-3.77,-1.30,0.002,-0.063
2022-10-11,-4.34,-0.23,-0.001,0.063
2022-10-12,-4.76,-1.28,-0.003,-0.059
2022-10-13,-3.66,-1.95,0.000,0.032
2022-10-14,-2.88,-0.99,-0.008,-0.089
2022-10-15,-3.12,-0.05,-0.002,-0.029
2022-10-16,-2.02,0.25,-0.005,0.006
2022-10-17,-2.04,-0.51,-0.011,-0.051
2022-10-18,-2.88,-0.56,-0.003,0.002
2022-10-19,-3.38,-1.03,-0.007,-0.010
2022-10-20,-4.13,-1.50,-0.000,0.029
2022-10-21,-3.32,-1.28,-0.008,-0.001
2022-10-22,-2.66,-1.24,-0.008,-0.048
2022-10-23,-2.53,-0.54,-0.002,0.000
2022-10-24,-3.15,0.05,-0.008,-0.026
2022-10-25,-3.49,-1.07,-0.005,0.001
2022-10-26,-5.07,2.36,0.008,0.097
2022-10-27,-5.99,1.06,-0.003,0.039
2022-10-28,-5.42,0.28,-0.000,0.078
2022-10-29,-4.20,0.66,-0.012,-0.027
2022-10-30,-1.84,0.16,-0.003,-0.021
2022-10-31,-4.07,-0.28,-0.001,0.033
2022-11-01,-4.28,-1.15,-0.008,0.016
2022-11-02,-4.20,0.74,-0.011,-0.020
2022-11-03,-3.59,0.38,-0.015,-0.056
2022-11-04,-3.86,0.68,-0.003,0.002
2022-11-05,-3.91,1.50,-0.001,0.012
2022-11-06,-2.00,3.75,-0.006,-0.004
2022-11-07,-3.83,2.99,-0.009,-0.072
2022-11-08,-4.54,1.13,0.001,0.089
2022-11-09,-3.99,0.92,-0.006,-0.076
2022-11-10,-3.99,-0.00,0.001,0.015
2022-11-11,-4.48,-1.03,-0.002,0.022
2022-11-12,-3.10,-2.25,-0.006,-0.077
2022-11-13,-3.36,0.47,-0.006,-0.057
2022-11-14,-4.75,1.10,0.002,0.089
2022-11-15,-5.22,-0.18,-0.003,-0.053
2022-11-16,-4.33,-1.84,-0.003,0.048
2022-11-17,-4.55,-1.93,-0.008,-0.017
2022-11-18,-4.90,-2.08,-0.002,-0.005
2022-11-19,-5.43,-2.20,-0.004,0.046
2022-11-20,-5.18,-1.39,-0.006,0.034
2022-11-21,-5.27,-0.37,-0.007,0.079
2022-11-22,-5.84,-1.24,0.000,0.091
2022-11-23,-5.59,-1.19,0.007,0.057
2022-11-24,-4.77,-0.76,-0.005,0.050
2022-11-25,-4.82,-0.94,-0.002,-0.002
2022-11-26,-4.51,-1.91,0.005,0.031
2022-11-27,-4.28,-1.07,-0.002,-0.025
2022-11-28,-5.39,-2.40,0.001,0.041
2022-11-29,-4.98,-2.88,-0.005,-0.009
2022-11-30,-4.61,-3.11,-0.008,-0.028
2022-12-01,-4.34,-2.82,-0.003,-0.001
2022-12-02,-4.45,-2.78,-0.005,-0.014
2022-12-03,-3.02,-2.62,-0.002,0.003
2022-12-04,-0.85,-0.76,-0.004,-0.039
2022-12-05,1.25,0.00,-0.012,-0.062
2022-12-06,0.70,-1.72,0.001,-0.075
2022-12-07,0.22,-2.13,-0.001,-0.038
2022-12-08,0.55,-3.10,0.000,-0.094
2022-12-09,0.56,-2.45,0.012,-0.008
2022-12-10,0.07,-2.13,-0.002,-0.061
2022-12-11,0.69,-1.49,0.004,-0.051
2022-12-12,-0.69,-1.35,0.005,0.001
2022-12-13,-2.75,-0.74,-0.007,-0.071
2022-12-14,-2.90,-1.68,-0.002,-0.005
2022-12-15,-4.31,-2.10,-0.003,0.104
2022-12-16,-4.44,-2.07,-0.005,0.081
2022-12-17,-5.27,-1.92,-0.004,0.110
2022-12-18,-5.55,-1.38,-0.003,0.084
2022-12-19,-5.51,-1.27,-0.005,0.044
2022-12-20,-4.61,-1.68,-0.004,0.061
2022-12-21,-5.87,-2.02,-0.001,0.070
2022-12-22,-5.74,-1.12,-0.006,0.047
2022-12-23,-5.17,-1.01,-0.003,0.070
2022-12-24,-5.83,-1.67,0.005,0.104
2022-12-25,-6.22,-1.10,0.008,0.101
2022-12-26,-6.47,-1.02,0.001,0.027
2022-12-27,-6.62,-1.41,0.004,0.101
2022-12-28,-5.54,-0.68,0.002,0.024
2022-12-29,-5.92,-1.92,-0.001,0.082
2022-12-30,-5.76,-1.98,-0.004,0.062
2022-12-31,-5.17,-1.99,-0.005,0.059
2023-01-01,-5.26,-1.31,-0.001,0.107
2023-01-02,-4.69,-1.08,-0.006,0.048
2023-01-03,-4.16,-2.03,-0.003,0.047
2023-01-04,-4.50,-1.73,0.006,0.076
2023-01-05,-6.14,-1.65,-0.001,0.079
2023-01-06,-6.59,-1.89,0.006,0.035
2023-01-07,-4.92,0.34,-0.001,0.015
2023-01-08,-4.79,0.25,0.004,0.038
2023-01-09,-5.24,-1.11,0.007,0.052
2023-01-10,-4.19,0.81,0.008,0.083
2023-01-11,-3.30,0.58,-0.006,-0.010
2023-01-12,-3.72,-1.00,0.002,0.074
2023-01-13,-4.29,-2.19,-0.000,0.018
2023-01-14,-3.59,0.63,-0.008,0.086
2023-01-15,-2.93,0.84,-0.011,0.083
2023-01-16,-1.92,-0.66,-0.008,0.084
2023-01-17,-2.77,-0.64,-0.007,0.106
2023-01-18,-3.63,-0.71,-0.002,0.099
2023-01-19,-5.13,-1.57,-0.004,0.132
2023-01-20,-5.54,-2.24,-0.003,0.137
2023-01-21,-5.48,-1.78,-0.001,0.058
2023-01-22,-5.30,-2.04,0.004,0.042
2023-01-23,-6.22,-1.44,0.009,0.087
2023-01-24,-5.64,-2.63,0.000,-0.026
2023-01-25,-5.39,-2.87,-0.000,-0.026
2023-01-26,-4.73,-3.19,-0.007,0.024
2023-01-27,-2.98,-3.43,-0.014,-0.083
2023-01-28,-3.44,-3.82,-0.004,-0.018
2023-01-29,-2.93,-2.37,-0.005,0.035
2023-01-30,-2.73,-2.54,-0.012,-0.055
2023-01-31,-2.17,-2.68,-0.009,0.014
2023-02-01,-2.28,-2.05,-0.007,-0.010
2023-02-02,-3.80,-1.94,-0.004,-0.001
2023-02-03,-5.17,-1.68,-0.002,0.064
2023-02-04,-4.90,-0.60,0.002,0.057
2023-02-05,-6.24,-1.56,-0.002,0.063
2023-02-06,-5.79,-1.66,0.004,0.116
2023-02-07,-4.86,-1.21,-0.006,-0.035
2023-02-08,-4.22,-2.34,-0.005,0.072
2023-02-09,-5.00,-2.02,0.004,0.091
2023-02-10,-6.25,-2.40,-0.001,0.050
2023-02-11,-6.27,-2.04,0.001,0.169
2023-02-12,-6.46,-1.49,-0.004,0.119
2023-02-13,-5.57,-0.29,-0.003,0.207
2023-02-14,-4.74,-0.33,-0.001,0.097
2023-02-15,-4.55,-3.18,0.000,-0.045
2023-02-16,-5.45,-3.41,0.000,0.020
2023-02-17,-5.48,-3.17,0.001,0.071
2023-02-18,-5.18,-2.31,-0.001,0.086
2023-02-19,-5.59,-3.77,0.006,0.046
2023-02-20,-5.19,-3.64,0.007,0.052
2023-02-21,-3.98,-3.11,0.005,0.096
2023-02-22,-4.46,-2.27,-0.000,0.102
2023-02-23,-4.46,-3.36,0.007,0.088
2023-02-24,-4.46,-3.36,0.007,0.071
2023-02-25,-3.77,-2.95,-0.000,0.127
2023-02-26,-3.29,-0.88,-0.010,0.173
2023-02-27,-2.30,-0.08,-0.018,0.158
2023-02-28,-2.95,-0.41,-0.008,0.178
2023-03-01,-3.77,-1.37,-0.007,0.197
2023-03-02,-4.04,-1.55,-0.006,0.119
2023-03-03,-4.45,-0.78,-0.008,0.176
2023-03-04,-5.31,-0.84,-0.007,0.130
2023-03-05,-4.78,-0.59,-0.004,0.130
2023-03-06,-3.84,-1.40,-0.003,0.143
2023-03-07,-3.14,-0.90,0.003,0.119
2023-03-08,-2.06,0.25,-0.006,0.116
2023-03-09,0.10,-1.90,0.003,0.047
2023-03-10,-1.04,-1.60,-0.000,0.139
2023-03-11,-2.30,-1.17,-0.009,0.132
2023-03-12,-2.79,0.05,-0.006,0.114
2023-03-13,-3.14,-0.67,-0.005,0.060
2023-03-14,-3.82,-0.88,-0.001,0.118
2023-03-15,-3.97,-0.56,-0.007,0.047
2023-03-16,-3.44,0.73,-0.010,0.090
2023-03-17,-2.43,-0.79,-0.012,0.019
2023-03-18,-3.14,-0.96,-0.002,0.086
2023-03-19,-4.78,-0.17,-0.007,0.075
2023-03-20,-5.85,-1.03,0.001,0.064
2023-03-21,-6.07,-1.86,0.006,0.086
2023-03-22,-5.14,-1.47,-0.005,-0.054
2023-03-23,-3.01,-2.03,-0.003,-0.069
2023-03-24,-3.89,-3.15,0.001,-0.007
2023-03-25,-4.72,-1.53,0.000,-0.030
2023-03-26,-5.75,-2.32,-0.006,-0.030
2023-03-27,-5.68,-2.30,-0.004,0.053
2023-03-28,-5.23,-2.01,-0.009,-0.039
2023-03-29,-5.15,-1.10,-0.009,0.023
2023-03-30,-4.90,-1.31,-0.005,-0.029
2023-03-31,-5.31,-2.25,-0.006,0.030
2023-04-01,-5.93,-2.04,-0.005,0.068
2023-04-02,-5.93,-0.83,-0.004,0.043
2023-04-03,-5.32,-1.33,-0.001,0.018
2023-04-04,-4.74,-0.75,-0.000,0.034
2023-04-05,-4.67,-0.49,0.001,0.018
2023-04-06,-5.04,-0.35,-0.003,0.007
2023-04-07,-5.94,0.10,0.010,0.082
2023-04-08,-5.84,-0.51,0.003,0.072
2023-04-09,-5.29,-0.18,-0.001,0.031
2023-04-10,-4.54,0.40,-0.000,0.063
2023-04-11,-4.68,0.25,-0.006,-0.035
2023-04-12,-4.55,-0.64,-0.007,0.043
2023-04-13,-3.98,-1.77,-0.011,0.000
2023-04-14,-4.57,-1.94,-0.006,0.053
2023-04-15,-4.57,-1.48,-0.005,0.071
2023-04-16,-5.02,-1.16,-0.002,0.089
2023-04-17,-4.01,-1.23,-0.005,0.116
2023-04-18,-4.95,-1.23,-0.006,0.062
2023-04-19,-5.25,-0.64,-0.001,0.127
2023-04-20,-5.22,-0.27,0.000,-0.011
2023-04-21,-3.87,0.07,0.006,-0.014
2023-04-22,-2.42,1.08,-0.006,-0.079
2023-04-23,-1.25,1.49,0.000,-0.047
2023-04-24,-1.40,0.65,-0.006,-0.128
2023-04-25,-1.53,0.08,-0.005,-0.096
2023-04-26,-1.88,1.52,0.001,0.048
2023-04-27,-1.92,2.21,0.002,0.115
2023-04-28,-2.52,1.57,-0.003,0.057
2023-04-29,-2.87,1.10,-0.007,-0.043
2023-04-30,-3.34,1.28,-0.010,-0.044
2023-05-01,-3.52,0.81,-0.006,-0.057
2023-05-02,-3.43,-0.24,-0.007,-0.087
2023-05-03,-3.76,-0.00,0.001,-0.042
2023-05-04,-3.88,1.19,-0.007,-0.054
2023-05-05,-4.69,1.26,0.007,0.038
2023-05-06,-4.50,-0.63,-0.001,0.073
2023-05-07,-4.01,-0.21,0.004,0.134
2023-05-08,-4.73,1.09,0.006,0.001
2023-05-09,-5.62,0.39,0.001,0.040
2023-05-10,-5.39,-0.66,-0.015,-0.104
2023-05-11,-3.14,0.11,-0.014,0.001
2023-05-12,-3.34,0.53,-0.010,0.059
2023-05-13,-4.37,0.61,-0.010,0.149
2023-05-14,-4.96,1.05,-0.007,0.107
2023-05-15,-4.68,-0.33,-0.007,0.116
2023-05-16,-3.89,0.07,-0.002,0.159
2023-05-17,-3.98,0.28,-0.006,0.119
2023-05-18,-4.11,0.29,0.003,0.101
2023-05-19,-4.98,0.79,0.009,0.106
2023-05-20,-5.68,0.20,0.001,0.074
2023-05-21,-5.48,0.67,-0.004,0.042
2023-05-22,-4.00,0.92,-0.003,-0.022
2023-05-23,-3.22,0.68,0.001,0.045
2023-05-24,-2.89,0.25,-0.004,0.128
2023-05-25,-3.26,0.57,-0.005,0.042
2023-05-26,-3.49,0.55,-0.001,0.189
2023-05-27,-4.52,0.08,-0.006,0.049
2023-05-28,-4.80,-0.93,-0.003,0.055
2023-05-29,-3.62,-0.19,-0.004,0.090
2023-05-30,-4.39,1.09,-0.004,0.053
2023-05-31,-4.40,1.10,0.002,0.071
2023-06-01,-4.68,1.98,-0.007,0.069
2023-06-02,-4.16,1.19,0.002,0.030
2023-06-03,-3.21,2.89,-0.005,0.070
2023-06-04,-4.08,2.65,-0.003,0.005
2023-06-05,-4.31,1.32,0.006,0.064
2023-06-06,-4.99,-0.17,0.006,0.060
2023-06-07,-4.59,-0.32,-0.004,0.067
2023-06-08,-5.63,-0.39,-0.006,0.055
2023-06-09,-4.71,-0.58,-0.005,0.038
2023-06-10,-4.63,-0.49,-0.006,0.028
2023-06-11,-5.28,-1.51,-0.006,0.040
2023-06-12,-5.55,-1.38,-0.004,0.057
2023-06-13,-4.36,0.30,-0.007,0.039
2023-06-14,-5.62,-0.00,-0.006,0.051
2023-06-15,-6.28,-0.99,-0.007,0.052
2023-06-16,-5.30,-1.62,-0.005,0.007
2023-06-17,-4.54,-0.48,0.001,0.060
2023-06-18,-3.91,-0.00,-0.009,0.030
2023-06-19,-3.90,0.07,0.002,0.088
2023-06-20,-4.79,-1.37,0.002,0.116
2023-06-21,-4.75,-0.50,0.004,0.138
2023-06-22,-6.12,-3.68,0.003,0.078
2023-06-23,-7.28,0.64,0.004,0.251
2023-06-24,-3.39,-0.97,-0.011,-0.251
2023-06-25,-2.51,-0.63,-0.003,0.049
2023-06-26,-3.30,-0.35,-0.007,-0.063
2023-06-27,-3.93,-0.48,-0.009,0.113
2023-06-28,-2.81,3.01,-0.008,0.083
2023-06-29,-3.14,1.20,-0.009,-0.064
2023-06-30,-4.37,-0.15,0.002,0.084
2023-07-01,-4.91,-0.69,-0.010,0.060
2023-07-02,-4.82,-0.42,-0.003,0.126
2023-07-03,-5.27,-1.71,0.004,0.052
2023-07-04,-6.10,1.30,0.000,0.179
2023-07-05,-4.88,-1.40,-0.009,-0.069
2023-07-06,-4.27,-1.30,0.002,0.128
2023-07-07,-3.67,-1.05,-0.006,0.019
2023-07-08,-3.26,0.75,-0.011,0.087
2023-07-09,-4.76,-1.28,-0.011,0.121
2023-07-10,-6.27,-2.16,-0.012,0.111
2023-07-11,-4.18,-0.66,-0.007,0.093
2023-07-12,-3.29,-1.46,-0.017,-0.006
2023-07-13,-5.35,-1.74,-0.006,0.139
2023-07-14,-5.34,-2.27,-0.009,-0.068
2023-07-15,-5.43,-2.65,0.001,0.118
2023-07-16,-4.32,-1.92,-0.009,-0.083
2023-07-17,-4.35,0.46,0.004,0.053
2023-07-18,-3.53,-0.69,-0.003,-0.032
2023-07-19,-4.61,0.65,0.004,0.089
2023-07-20,-3.33,-1.21,-0.003,0.003
2023-07-21,-2.26,-0.82,-0.007,0.134
2023-07-22,-2.65,0.23,-0.005,0.167
2023-07-23,-3.06,-0.21,-0.007,0.126
2023-07-24,-4.56,-2.85,0.001,0.165
2023-07-25,-5.32,0.47,-0.005,0.158
2023-07-26,-4.12,-0.29,-0.011,0.029
2023-07-27,-4.56,-0.48,-0.004,0.153
2023-07-28,-3.69,-1.06,-0.002,0.112
2023-07-29,-4.82,-0.85,-0.001,0.137
2023-07-30,-3.72,-1.90,-0.007,0.108
2023-07-31,-1.83,1.38,-0.001,0.094
2023-08-01,-1.57,0.70,-0.005,0.026
2023-08-02,-0.80,-1.79,0.006,0.131
2023-08-03,-2.53,-0.40,0.001,0.081
2023-08-04,-3.34,0.53,0.002,0.135
2023-08-05,-3.01,-1.34,0.003,-0.060
2023-08-06,-2.99,-0.26,-0.002,0.082
2023-08-07,-2.61,-0.27,-0.011,-0.078
2023-08-08,-2.30,0.45,-0.003,0.124
2023-08-09,-2.94,1.07,-0.007,0.087
2023-08-10,-3.53,1.21,-0.011,0.094
2023-08-11,-3.66,-2.47,-0.004,0.045
2023-08-12,-4.65,-0.33,0.002,0.117
2023-08-13,-5.15,-0.45,-0.003,0.037
2023-08-14,-5.23,-3.40,0.002,0.108
2023-08-15,-4.61,-3.00,0.002,0.034
2023-08-16,-4.05,-1.64,0.003,0.057
2023-08-17,-3.66,-1.48,0.005,0.066
2023-08-18,-4.88,-2.82,-0.002,0.119
2023-08-19,-5.80,-2.11,0.004,0.165
2023-08-20,-4.10,2.56,-0.002,0.161
2023-08-21,-1.89,-1.96,-0.011,-0.194
2023-08-22,-0.66,2.15,0.006,0.159
2023-08-23,-1.05,1.82,-0.016,-0.068
2023-08-24,-0.46,-1.42,0.005,0.174
2023-08-25,0.53,-1.32,-0.010,-0.024
2023-08-26,0.85,1.61,0.003,0.127
2023-08-27,-1.14,2.57,-0.003,0.068
2023-08-28,-2.97,1.85,-0.010,0.095
2023-08-29,-4.22,0.22,-0.009,0.140
2023-08-30,-3.31,0.52,-0.008,0.082
2023-08-31,-2.91,-0.62,-0.004,0.058
2023-09-01,-3.20,-0.06,-0.003,0.146
2023-09-02,-3.33,1.63,0.002,0.064
2023-09-03,-3.79,1.45,0.002,0.157
2023-09-04,-3.42,0.42,-0.003,0.109
2023-09-05,-3.47,-0.67,0.001,0.103
2023-09-06,-2.93,0.41,-0.000,0.120
2023-09-07,-2.21,-1.43,-0.009,0.025
2023-09-08,-0.92,-1.97,-0.004,0.091
2023-09-09,0.85,1.74,-0.000,0.047
2023-09-10,-0.20,2.92,0.001,0.107
2023-09-11,-1.81,2.69,-0.004,0.077
2023-09-12,-2.42,2.34,0.001,0.090
2023-09-13,-2.08,1.94,-0.002,0.123
2023-09-14,-2.13,1.49,0.003,0.054
2023-09-15,-2.14,-0.04,-0.006,0.068
2023-09-16,-1.61,-0.89,0.004,0.034
2023-09-17,-1.99,0.17,-0.006,0.091
2023-09-18,-1.96,-0.10,-0.001,0.004
2023-09-19,-1.88,0.03,-0.006,0.010
2023-09-20,-2.81,-1.37,0.000,0.010
2023-09-21,-2.20,-0.47,-0.005,0.036
2023-09-22,-2.64,-1.07,-0.010,-0.071
2023-09-23,-2.76,1.60,-0.007,0.035
2023-09-24,-2.94,-0.57,-0.016,-0.084
2023-09-25,-3.27,-1.39,-0.002,0.021
2023-09-26,-1.71,-2.85,-0.010,-0.042
2023-09-27,-1.83,-1.48,-0.009,0.004
2023-09-28,0.28,-1.62,0.005,-0.014
2023-09-29,1.15,0.22,0.020,-0.035
2023-09-30,0.66,-1.64,0.012,-0.068
2023-10-01,1.53,-1.07,0.008,-0.016
2023-10-02,2.19,2.61,0.009,-0.097
2023-10-03,-0.80,4.54,-0.004,-0.006
2023-10-04,-3.24,2.35,-0.005,0.020
2023-10-05,-2.94,1.01,0.002,0.010
2023-10-06,-3.60,1.75,-0.006,0.061
2023-10-07,-3.60,-0.25,-0.002,0.011
2023-10-08,-2.76,0.74,-0.009,0.047
2023-10-09,-2.56,0.22,-0.009,-0.057
2023-10-10,-3.09,-0.88,-0.006,0.045
2023-10-11,-2.63,-0.86,-0.007,0.000
2023-10-12,-2.10,0.33,-0.004,-0.005
2023-10-13,-2.18,0.88,-0.008,0.038
2023-10-14,-1.99,1.15,0.000,0.015
2023-10-15,-2.22,1.08,-0.005,0.064
2023-10-16,-2.23,0.16,0.003,0.068
2023-10-17,-2.60,-0.74,-0.003,0.047
2023-10-18,-2.71,-1.09,0.002,0.075
2023-10-19,-1.71,-2.53,-0.001,-0.008
2023-10-20,-3.16,-2.56,0.002,0.051
2023-10-21,4.49,-0.47,0.003,-0.010
2023-10-22,-0.37,3.55,-0.018,-0.065
2023-10-23,-2.11,1.12,-0.010,0.007
2023-10-24,-1.75,1.42,-0.016,-0.058
2023-10-25,-0.77,1.66,-0.012,-0.107
2023-10-26,-1.87,1.68,-0.000,-0.040
2023-10-27,-2.45,1.71,-0.009,-0.044
2023-10-28,-2.45,1.30,-0.005,-0.041
2023-10-29,-3.50,2.19,-0.005,0.027
2023-10-30,-2.94,0.73,-0.002,0.003
2023-10-31,-3.20,-0.62,-0.005,-0.015
2023-11-01,-3.33,-0.12,-0.002,0.044
2023-11-02,-4.22,-0.97,0.003,0.062
2023-11-03,-5.58,-0.39,-0.002,0.131
2023-11-04,-3.07,-0.21,-0.008,0.020
2023-11-05,-2.48,-0.26,-0.011,0.047
2023-11-06,-3.06,1.63,0.000,0.111
2023-11-07,-3.06,1.84,-0.003,0.109
2023-11-08,-2.61,0.65,-0.004,0.120
2023-11-09,-4.31,-0.61,0.000,0.113
2023-11-10,-5.57,-0.88,-0.001,0.095
2023-11-11,-6.28,-0.99,0.003,0.103
2023-11-12,-5.85,-0.82,-0.002,0.099
2023-11-13,-5.01,-0.70,-0.009,0.063
2023-11-14,-4.82,-0.34,-0.004,0.096
2023-11-15,-4.30,-0.91,-0.002,0.050
2023-11-16,-4.66,-1.34,0.009,0.057
2023-11-17,-4.79,0.17,0.001,0.074
2023-11-18,-4.64,1.78,-0.002,0.054
2023-11-19,-3.95,1.84,-0.006,0.052
2023-11-20,-3.98,1.53,-0.006,0.036
2023-11-21,-2.48,0.35,-0.007,0.016
2023-11-22,-2.02,-0.94,-0.007,-0.009
2023-11-23,-3.27,-0.17,-0.000,0.091
2023-11-24,-4.02,-0.35,-0.001,0.064
2023-11-25,-4.22,-2.15,0.008,0.109
2023-11-26,-3.75,-1.59,-0.007,0.025
2023-11-27,-3.61,-1.31,-0.003,0.030
2023-11-28,-2.87,-0.30,0.008,0.071
2023-11-29,-2.69,-1.49,0.002,0.047
2023-11-30,-2.52,-1.17,0.004,0.090
2023-12-01,-4.11,-1.91,0.004,0.096
2023-12-02,-3.93,-2.18,0.001,0.081
2023-12-03,-3.65,-0.78,0.002,0.065
2023-12-04,-5.01,-0.53,-0.004,0.064
2023-12-05,-4.44,-0.70,-0.003,0.087
2023-12-06,-4.77,-0.50,-0.006,0.049
2023-12-07,-3.24,-1.12,-0.002,0.106
2023-12-08,-3.23,-1.30,-0.002,0.082
2023-12-09,-4.89,-1.68,0.001,0.168
2023-12-10,-5.31,-2.59,0.003,0.080
2023-12-11,-4.62,-1.24,0.003,0.099
2023-12-12,-3.05,-2.95,0.001,-0.000
2023-12-13,-4.25,-3.44,0.006,0.008
2023-12-14,-3.65,-2.19,0.002,0.049
2023-12-15,-3.56,-0.89,-0.005,-0.043
2023-12-16,-3.77,-1.22,0.003,0.032
2023-12-17,-4.17,-2.22,0.003,0.005
2023-12-18,-4.57,-2.64,0.002,0.038
2023-12-19,-2.67,-2.86,-0.008,-0.007
2023-12-20,-2.03,-1.32,-0.008,0.006
2023-12-21,-1.63,-1.87,-0.005,-0.006
2023-12-22,-1.95,-2.16,-0.005,-0.012
2023-12-23,-2.11,-0.81,-0.007,0.034
2023-12-24,-1.55,-0.53,-0.014,-0.022
2023-12-25,-0.83,-1.50,-0.007,-0.017
2023-12-26,-1.12,-1.34,0.001,-0.005
2023-12-27,-0.94,-0.52,-0.002,0.008
2023-12-28,-0.33,-1.55,0.007,0.010
2023-12-29,-1.64,-1.48,0.001,0.016
2023-12-30,-2.31,-2.40,-0.000,-0.051
2023-12-31,-2.67,-1.67,-0.005,-0.001
2024-01-01,-2.92,-2.54,-0.009,-0.058
2024-01-02,-2.70,-0.33,-0.001,0.015
2024-01-03,-2.61,1.16,-0.012,-0.011
2024-01-04,-3.63,-0.32,-0.004,0.025
2024-01-05,-3.41,-1.31,0.001,0.035
2024-01-06,-3.37,-2.10,-0.005,-0.006
2024-01-07,-4.24,-0.82,0.001,0.108
2024-01-08,-5.03,-2.24,-0.000,0.031
2024-01-09,-5.63,-2.74,-0.001,0.066
2024-01-10,-5.41,-2.07,-0.001,0.060
2024-01-11,-4.66,-1.61,-0.004,-0.042
2024-01-12,-4.07,-1.09,0.005,0.020
2024-01-13,-4.03,-1.63,-0.001,-0.048
2024-01-14,-4.40,-1.60,-0.003,-0.068
2024-01-15,-5.55,-1.28,0.006,-0.008
2024-01-16,-6.19,-1.78,-0.002,-0.002
2024-01-17,-5.73,-1.11,-0.004,0.044
2024-01-18,-5.79,-2.11,-0.004,0.025
2024-01-19,-5.63,0.39,-0.003,0.107
2024-01-20,-4.31,1.40,-0.009,0.007
2024-01-21,-5.38,0.19,-0.003,0.122
2024-01-22,-5.26,-3.16,-0.004,0.058
2024-01-23,-6.30,-3.35,0.005,0.109
2024-01-24,-5.92,-3.28,-0.004,0.123
2024-01-25,-5.90,-3.27,-0.006,0.074
2024-01-26,-5.12,-2.61,0.004,0.128
2024-01-27,-5.12,-3.20,-0.007,-0.009
2024-01-28,-4.09,-1.41,-0.001,0.098
2024-01-29,-2.98,2.01,0.001,0.045
2024-01-30,-1.52,2.75,-0.001,0.056
2024-01-31,-1.54,1.08,-0.002,0.004
2024-02-01,-1.25,1.72,-0.002,0.093
2024-02-02,-1.72,-0.21,-0.013,-0.106
2024-02-03,-1.20,0.75,-0.012,0.007
2024-02-04,-1.37,2.11,-0.013,-0.026
2024-02-05,-2.80,3.85,-0.015,0.020
2024-02-06,-2.75,5.39,-0.004,0.040
2024-02-07,-2.90,4.83,-0.007,0.033
2024-02-08,-2.31,4.35,-0.005,0.104
2024-02-09,-2.14,-3.43,-0.003,-0.104
2024-02-10,-3.52,-2.04,0.005,0.034
2024-02-11,-3.96,-2.02,0.003,-0.032
2024-02-12,-4.54,-0.80,0.000,0.090
2024-02-13,-4.71,-0.41,-0.005,0.040
2024-02-14,-4.48,0.16,-0.000,0.061
2024-02-15,-3.23,0.40,-0.002,0.074
2024-02-16,-3.00,-0.37,-0.007,0.047
2024-02-17,-4.43,0.23,-0.004,0.098
2024-02-18,-4.88,-0.09,-0.009,0.049
2024-02-19,-4.98,-1.06,-0.003,0.081
2024-02-20,-3.25,-1.52,-0.004,0.078
2024-02-21,-2.65,-0.05,-0.008,0.032
2024-02-22,-1.49,2.13,-0.004,0.086
2024-02-23,-1.76,-0.28,0.004,0.002
2024-02-24,-2.96,0.63,0.002,0.130
2024-02-25,-3.35,-0.12,-0.005,-0.006
2024-02-26,-3.70,-0.45,0.008,0.075
2024-02-27,-3.72,-1.89,-0.003,0.044
2024-02-28,-3.67,-1.79,-0.002,0.006
2024-02-29,-3.42,-1.24,-0.001,0.124
2024-03-01,-2.90,-3.34,-0.010,-0.006
2024-03-02,-3.30,-3.94,-0.001,0.119
2024-03-03,-2.96,-2.86,-0.009,0.111
2024-03-04,-3.17,-2.14,-0.015,0.074
2024-03-05,-3.50,-1.42,-0.008,0.044
2024-03-06,-3.89,0.20,-0.011,-0.043
2024-03-07,-4.26,0.30,0.000,-0.057
2024-03-08,-3.87,0.14,-0.008,-0.097
2024-03-09,-2.53,-0.40,-0.003,-0.140
2024-03-10,-1.72,-1.25,-0.011,-0.136
2024-03-11,-3.32,-0.23,-0.010,-0.043
2024-03-12,-3.14,-1.46,-0.008,-0.010
2024-03-13,-3.47,-0.68,0.001,0.106
2024-03-14,-3.99,0.49,0.001,0.088
2024-03-15,-4.50,-0.47,0.003,0.075
2024-03-16,-4.84,-0.42,-0.004,0.071
2024-03-17,-4.50,0.16,-0.014,-0.028
2024-03-18,-5.05,0.44,-0.015,-0.056
2024-03-19,-4.68,0.41,-0.013,-0.038
2024-03-20,-3.30,0.46,-0.015,0.016
2024-03-21,-2.83,0.10,-0.009,-0.010
2024-03-22,-3.60,-0.64,-0.002,-0.057
2024-03-23,-4.91,-0.95,0.004,0.030
2024-03-24,-4.30,0.53,-0.001,0.019
2024-03-25,-3.31,1.84,-0.001,-0.014
2024-03-26,-1.85,1.20,0.000,0.012
2024-03-27,-0.02,-1.11,-0.002,-0.093
2024-03-28,-1.48,-1.48,0.004,-0.065
2024-03-29,-1.37,-0.27,-0.001,-0.019
2024-03-30,0.00,-2.32,0.000,0.009
2024-03-31,-2.09,-3.62,0.000,0.048
2024-04-01,-3.18,-2.97,-0.005,0.053
2024-04-02,-4.06,-1.81,-0.002,0.070
2024-04-03,-4.34,-1.93,-0.005,0.050
2024-04-04,-4.18,-0.97,-0.007,0.063
2024-04-05,-4.27,0.07,-0.005,0.062
2024-04-06,-3.29,0.64,-0.003,0.068
2024-04-07,-2.88,0.10,-0.004,0.037
2024-04-08,-2.55,-0.18,-0.005,0.002
2024-04-09,-2.73,-1.45,-0.000,-0.006
2024-04-10,-4.11,-1.33,0.007,0.068
2024-04-11,-4.45,-1.19,0.007,0.055
2024-04-12,-4.88,-1.04,0.002,0.074
2024-04-13,-4.79,-2.88,-0.001,0.061
2024-04-14,-3.76,-0.13,-0.011,0.009
2024-04-15,-5.10,0.54,-0.014,0.062
2024-04-16,-4.01,1.07,-0.009,0.051
2024-04-17,-2.86,1.34,-0.017,-0.050
2024-04-18,-2.65,1.13,-0.011,-0.002
2024-04-19,-1.98,-0.57,-0.010,-0.104
2024-04-20,-1.99,0.17,-0.005,0.001
2024-04-21,-2.89,1.35,-0.002,-0.011
2024-04-22,-4.42,0.46,-0.008,0.014
2024-04-23,-4.98,0.35,,
2024-04-24,-3.91,0.69,-0.011,0.030
2024-04-25,-4.41,-1.18,-0.004,-0.052
2024-04-26,-4.16,-0.29,-0.005,0.035
2024-04-27,-3.41,-1.04,-0.011,-0.076
2024-04-28,-3.12,-0.72,-0.006,0.050
2024-04-29,-2.98,-0.37,-0.006,0.057
2024-04-30,-3.65,-0.38,-0.007,0.061
2024-05-01,-4.21,0.59,-0.005,0.143
2024-05-02,-4.61,1.41,-0.009,0.079
2024-05-03,-4.13,2.10,-0.005,0.053
2024-05-04,-3.27,1.74,-0.018,-0.084
2024-05-05,-3.47,0.68,-0.002,0.065
2024-05-06,-3.14,-0.61,-0.006,-0.041
2024-05-07,-2.88,0.77,-0.002,0.079
2024-05-08,-3.29,1.60,0.001,0.132
2024-05-09,-3.52,1.49,-0.002,0.143
2024-05-10,-3.38,0.97,-0.005,0.203
2024-05-11,-4.01,1.07,-0.003,0.117
2024-05-12,-4.10,0.95,0.000,0.115
2024-05-13,-3.48,-0.55,-0.008,0.047
2024-05-14,-3.78,-0.33,-0.002,0.132
2024-05-15,-3.58,-0.83,0.002,0.112
2024-05-16,-3.29,-0.40,0.000,0.082
2024-05-17,-4.30,-0.23,-0.003,0.155
2024-05-18,-4.67,-0.00,-0.006,0.112
2024-05-19,-3.75,0.46,0.000,0.175
2024-05-20,-3.63,0.13,-0.007,0.216
2024-05-21,-4.53,1.13,-0.002,0.178
2024-05-22,-4.46,1.62,-0.006,0.112
2024-05-23,-3.62,0.57,-0.004,0.126
2024-05-24,-3.89,0.34,-0.002,0.138
2024-05-25,-3.28,0.94,-0.009,0.142
2024-05-26,-2.84,1.09,0.002,0.124
2024-05-27,-4.04,0.86,0.000,0.118
2024-05-28,-3.61,-0.83,-0.008,0.167
2024-05-29,-4.31,-0.23,-0.008,0.234
2024-05-30,-5.43,0.28,-0.010,0.232
2024-05-31,-4.97,-0.70,-0.014,0.166
2024-06-01,-5.17,-0.00,-0.009,0.180
2024-06-02,-4.40,1.51,-0.013,0.008
2024-06-03,-4.79,2.24,-0.005,-0.114
2024-06-04,-3.26,3.15,-0.001,0.056
2024-06-05,-3.38,1.50,,
2024-06-06,-3.92,1.35,,
2024-06-07,-4.65,0.65,,
2024-06-08,-5.00,-0.09,,
2024-06-09,-4.60,-0.56,0.003,0.047
2024-06-10,-5.23,-0.92,0.003,0.110
2024-06-11,-5.61,-0.39,-0.009,0.138
2024-06-12,-4.80,-1.84,-0.008,0.091
2024-06-13,-3.20,-0.92,-0.007,0.171
2024-06-14,-2.81,0.80,-0.004,0.056
2024-06-15,-3.01,0.98,-0.006,0.168
2024-06-16,-2.48,-0.76,-0.012,0.080
2024-06-17,-2.33,-0.29,-0.007,0.101
2024-06-18,-2.80,0.96,-0.005,0.107
2024-06-19,-4.45,0.31,-0.004,0.081
2024-06-20,-4.76,-0.17,0.002,0.112
2024-06-21,-4.29,-1.15,-0.005,-0.076
2024-06-22,-4.28,-1.82,-0.012,-0.102
2024-06-23,-4.11,0.58,-0.003,-0.004
2024-06-24,-4.58,-0.32,-0.004,-0.032
2024-06-25,-5.67,0.10,0.010,0.134
2024-06-26,-3.73,-0.39,-0.007,-0.079
2024-06-27,-4.12,-0.95,-0.009,0.030
2024-06-28,-3.85,-1.55,-0.005,0.045
2024-06-29,-4.84,-1.39,-0.009,0.067
2024-06-30,-4.85,-2.47,-0.002,0.112
2024-07-01,-8.09,-0.14,-0.003,0.108
2024-07-02,-6.30,1.00,-0.016,0.024
2024-07-03,-6.49,-1.62,-0.006,-0.100
2024-07-04,-4.17,1.77,0.005,0.143
2024-07-05,-4.36,0.93,-0.001,-0.213
2024-07-06,-5.22,-0.92,0.004,0.147
2024-07-07,-4.91,-2.19,-0.000,-0.122
2024-07-08,-3.77,-1.08,0.002,0.039
2024-07-09,-4.33,-2.02,-0.010,-0.072
2024-07-10,-3.51,-2.28,-0.000,0.085
2024-07-11,-4.47,-0.08,-0.005,0.000
2024-07-12,-4.15,-0.81,-0.003,-0.000
2024-07-13,-4.41,-0.94,-0.009,-0.029
2024-07-14,-3.42,-2.30,-0.013,-0.090
2024-07-15,-2.25,-0.08,-0.018,-0.115
2024-07-16,-3.99,0.99,-0.014,-0.076
2024-07-17,-2.90,0.78,-0.002,0.059
2024-07-18,-2.73,-0.99,-0.007,-0.124
2024-07-19,-3.75,0.93,0.002,0.113
2024-07-20,-5.05,-1.64,-0.010,-0.050
2024-07-21,-4.01,-2.80,0.001,0.114
2024-07-22,-4.51,-0.16,-0.005,0.035
2024-07-23,-4.25,0.30,-0.007,0.093
2024-07-24,-4.92,-0.60,-0.008,0.067
2024-07-25,-6.19,-1.78,-0.000,0.053
2024-07-26,-5.08,-1.08,-0.006,0.077
2024-07-27,-3.11,-1.58,-0.011,0.003
2024-07-28,-3.29,-0.29,-0.009,0.170
2024-07-29,-3.96,0.63,-0.012,-0.022
2024-07-30,-2.81,-0.75,-0.010,0.142
2024-07-31,-1.65,-0.51,-0.012,0.070
2024-08-01,-1.82,-0.97,-0.002,0.055
2024-08-02,-3.06,-0.48,0.003,0.092
2024-08-03,-3.89,-1.34,-0.001,0.113
2024-08-04,-5.64,-1.94,0.004,0.101
2024-08-05,-6.34,-0.67,0.004,0.129
2024-08-06,-2.95,-1.07,-0.008,-0.040
2024-08-07,-3.56,-1.51,-0.003,0.085
2024-08-08,-2.40,-1.17,-0.006,0.038
2024-08-09,-3.56,-0.00,-0.003,0.097
2024-08-10,-3.30,1.27,-0.004,0.078
2024-08-11,-3.04,-1.98,-0.010,-0.085
2024-08-12,-3.13,-2.36,-0.005,0.087
2024-08-13,0.97,4.20,-0.009,-0.093
2024-08-14,-3.08,2.87,-0.010,0.097
2024-08-15,-3.31,-0.46,-0.007,0.058
2024-08-16,-2.14,-0.26,0.003,0.103
2024-08-17,-1.94,1.69,-0.007,0.043
2024-08-18,-1.87,-1.04,-0.006,0.027
2024-08-19,-4.28,-1.56,0.001,0.115
2024-08-20,-2.96,-2.86,0.002,-0.000
2024-08-21,-3.25,0.23,0.000,0.139
2024-08-22,-3.77,-0.00,-0.002,0.035
2024-08-23,-3.97,-1.21,0.004,0.083
2024-08-24,-2.86,-0.71,-0.004,0.060
2024-08-25,-2.37,1.60,-0.010,0.030
2024-08-26,-1.93,-0.00,-0.004,0.040
2024-08-27,-2.81,-1.75,-0.004,0.007
2024-08-28,-3.26,-0.87,-0.004,0.118
2024-08-29,-2.25,-0.77,-0.005,0.035
2024-08-30,-3.34,-0.06,-0.003,0.073
2024-08-31,-2.70,-0.67,-0.003,0.068
2024-09-01,-2.59,-0.09,0.000,0.064
2024-09-02,-2.83,1.57,0.007,0.089
2024-09-03,-4.56,0.24,-0.004,0.068
2024-09-04,-3.66,-2.20,0.013,0.065
2024-09-05,-1.97,-1.38,-0.007,0.064
2024-09-06,-0.98,-2.01,-0.000,-0.005
2024-09-07,-1.47,0.85,-0.004,0.091
2024-09-08,-1.93,1.03,-0.005,0.057
2024-09-09,-2.53,0.49,-0.002,0.124
2024-09-10,-3.15,0.79,-0.007,0.103
2024-09-11,-2.70,1.09,-0.007,0.092
2024-09-12,-2.86,1.46,-0.008,0.132
2024-09-13,-1.93,1.35,-0.009,0.009
2024-09-14,-2.45,1.14,-0.007,0.138
2024-09-15,-3.43,-0.60,-0.005,0.049
2024-09-16,-2.82,-1.38,0.001,0.117
2024-09-17,-3.30,-0.06,0.002,0.116
2024-09-18,-1.64,-0.17,-0.005,0.046
2024-09-19,-0.59,1.20,0.001,0.162
2024-09-20,-0.19,1.81,0.011,0.087
2024-09-21,-0.78,2.27,0.005,0.107
2024-09-22,-0.84,1.57,0.004,0.100
2024-09-23,-1.49,-1.12,-0.001,0.043
2024-09-24,-1.96,-1.13,0.000,0.095
2024-09-25,-2.45,-1.25,-0.010,0.043
2024-09-26,-3.00,-0.32,-0.005,0.098
2024-09-27,-3.42,0.66,-0.006,0.037
2024-09-28,-2.10,-1.07,-0.005,0.040
2024-09-29,-1.89,-0.51,-0.001,0.018
2024-09-30,-0.86,-1.03,-0.001,-0.042
2024-10-01,-0.47,-2.03,-0.010,-0.102
2024-10-02,-0.34,-1.58,0.007,-0.139
2024-10-03,0.55,-1.50,-0.006,-0.157
2024-10-04,1.02,0.79,0.003,-0.091
2024-10-05,-1.16,0.75,-0.000,-0.109
2024-10-06,-0.47,1.64,0.003,-0.024
2024-10-07,-1.03,1.65,0.001,-0.029
2024-10-08,-2.09,2.09,0.002,0.041
2024-10-09,-3.42,1.31,0.002,0.115
2024-10-10,-3.64,0.32,0.003,0.123
2024-10-11,-2.73,-0.34,-0.008,0.061
2024-10-12,-2.79,0.80,-0.008,0.140
2024-10-13,-4.01,0.71,-0.001,0.130
2024-10-14,-3.68,-0.39,-0.006,0.123
2024-10-15,-3.68,-1.79,-0.001,0.173
2024-10-16,-3.06,-1.05,-0.003,0.106
2024-10-17,-2.37,-0.50,0.003,0.108
2024-10-18,-3.00,0.80,0.001,0.136
2024-10-19,-4.13,-0.43,-0.002,0.087
2024-10-20,-2.75,0.10,-0.008,0.075
2024-10-21,-4.32,0.84,-0.006,0.024
2024-10-22,-4.24,1.46,-0.002,0.103
2024-10-23,-3.55,1.22,-0.012,-0.000
2024-10-24,-3.69,-0.19,-0.006,0.098
2024-10-25,-5.09,0.27,-0.005,0.116
2024-10-26,-3.76,-1.59,-0.018,-0.071
2024-10-27,-3.58,-0.83,-0.002,0.121
2024-10-28,-2.90,0.25,-0.011,-0.028
2024-10-29,-1.85,-0.64,-0.006,0.038
2024-10-30,-1.03,-2.20,0.003,0.053
2024-10-31,-2.18,-0.83,-0.010,0.028
2024-11-01,-2.78,0.34,-0.002,0.051
2024-11-02,-2.24,1.09,-0.008,0.039
2024-11-03,-2.37,1.66,-0.000,0.108
2024-11-04,-2.91,0.20,-0.004,-0.002
2024-11-05,-1.57,-1.14,-0.005,-0.003
2024-11-06,-2.60,-1.00,0.000,0.097
2024-11-07,-2.03,0.99,-0.007,0.042
2024-11-08,-4.17,1.27,-0.002,0.109
2024-11-09,-2.58,3.07,-0.011,0.022
2024-11-10,-2.14,0.82,-0.015,-0.115
2024-11-11,-2.65,-0.28,-0.005,0.088
2024-11-12,-4.36,0.54,-0.011,-0.045
2024-11-13,-2.83,1.38,-0.006,0.056
2024-11-14,-0.57,1.75,0.001,-0.001
2024-11-15,-1.00,0.75,-0.001,-0.010
2024-11-16,-1.58,1.82,0.001,0.054
2024-11-17,-1.41,1.07,-0.003,-0.053
2024-11-18,-1.16,2.01,0.005,0.016
2024-11-19,-1.16,1.65,-0.006,-0.061
2024-11-20,-1.06,1.22,-0.000,0.028
2024-11-21,-0.99,0.89,-0.004,0.021
2024-11-22,-1.72,0.73,-0.013,-0.048
2024-11-23,-3.34,0.06,-0.013,0.001
2024-11-24,-3.63,-1.04,-0.009,0.013
2024-11-25,-5.35,-1.14,-0.001,0.089
2024-11-26,-3.67,0.32,-0.005,-0.007
2024-11-27,-3.63,0.51,-0.009,-0.027
2024-11-28,-2.70,0.82,-0.008,0.064
2024-11-29,-4.74,0.17,-0.009,0.012
2024-11-30,-4.91,0.43,-0.002,0.085
2024-12-01,-4.82,-0.08,-0.003,0.023
2024-12-02,-4.45,0.86,-0.004,0.083
2024-12-03,-5.71,0.50,0.003,0.065
2024-12-04,-5.07,0.18,0.004,0.115
2024-12-05,-4.50,-0.87,0.004,0.043
2024-12-06,-4.90,-1.59,-0.001,0.113
2024-12-07,-4.21,-0.74,-0.004,0.020
2024-12-08,-4.57,0.08,0.002,0.105
2024-12-09,-4.40,-1.10,-0.010,0.056
2024-12-10,-2.58,-1.68,-0.012,0.016
2024-12-11,-2.49,-3.08,-0.006,0.053
2024-12-12,-0.49,-1.84,-0.007,-0.004
2024-12-13,-0.39,-1.08,-0.007,-0.063
2024-12-14,-1.87,1.52,-0.008,-0.017
2024-12-15,-2.87,0.56,-0.007,-0.047
2024-12-16,-2.33,-0.41,-0.004,-0.062
2024-12-17,-2.51,-0.63,-0.009,-0.048
2024-12-18,-3.07,-0.76,-0.001,-0.012
2024-12-19,-4.70,-1.26,0.004,0.018
2024-12-20,-4.04,-0.79,-0.004,0.012
2024-12-21,-2.96,1.26,-0.005,0.007
2024-12-22,-3.67,0.58,-0.013,-0.049
2024-12-23,-3.92,-1.12,-0.007,0.015
2024-12-24,-3.94,-1.51,-0.004,0.015
2024-12-25,-3.61,-1.17,-0.005,0.043
2024-12-26,-3.53,-1.15,-0.005,0.017
2024-12-27,-2.81,-0.75,-0.002,0.015
2024-12-28,-1.38,-2.38,-0.007,-0.077
2024-12-29,-0.68,-3.47,-0.008,-0.091
2024-12-30,-1.59,-3.56,-0.004,-0.048
2024-12-31,-2.64,-1.92,-0.014,-0.082
2025-01-01,-3.48,-1.78,-0.000,-0.009
2025-01-02,-3.77,-2.84,-0.002,-0.012
2025-01-03,-3.93,-1.92,0.003,0.029
2025-01-04,-3.25,-0.51,-0.003,0.019
2025-01-05,-3.26,-1.32,-0.007,-0.004
2025-01-06,-4.03,-2.52,-0.003,0.018
2025-01-07,-3.65,0.58,-0.008,0.057
2025-01-08,-2.24,0.24,-0.011,-0.013
2025-01-09,-1.51,0.19,-0.003,0.051
2025-01-10,-1.20,-0.69,-0.011,-0.011
2025-01-11,-2.07,-1.87,-0.008,-0.041
2025-01-12,-1.97,-0.76,0.001,0.072
2025-01-13,-1.82,-1.76,-0.005,-0.036
2025-01-14,-1.80,-2.99,0.003,0.051
2025-01-15,-2.95,-2.95,-0.001,-0.014
2025-01-16,-1.67,-2.06,0.003,0.026
2025-01-17,-3.71,-1.73,0.007,0.051
2025-01-18,-4.60,-2.34,0.001,0.087
2025-01-19,-5.41,-2.19,0.007,0.096
2025-01-20,-6.09,-2.34,-0.005,0.086
2025-01-21,-6.39,-2.33,-0.005,0.101
2025-01-22,-5.59,-0.20,-0.007,0.123
2025-01-23,-4.29,-1.23,-0.012,-0.011
2025-01-24,-4.85,-0.85,0.004,0.157
2025-01-25,-5.42,-0.57,-0.006,0.081
2025-01-26,-4.09,-0.43,-0.002,0.124
2025-01-27,-5.16,-1.58,0.005,0.137
2025-01-28,-4.41,0.08,-0.004,0.106
2025-01-29,-3.40,-0.00,0.002,0.138
2025-01-30,-4.54,-0.48,0.006,0.140
2025-01-31,-5.14,-2.18,0.010,0.079
2025-02-01,-4.94,-1.14,0.007,0.087
2025-02-02,-4.51,-1.29,-0.004,0.041
2025-02-03,-4.38,-1.51,-0.003,0.066
2025-02-04,-4.96,-1.33,-0.002,0.068
2025-02-05,-3.60,-1.31,-0.007,-0.013
2025-02-06,-4.48,-1.90,0.003,0.076
2025-02-07,-4.65,-1.88,-0.001,0.090
2025-02-08,-3.33,-1.48,-0.004,0.063
2025-02-09,-4.42,-1.88,-0.001,0.084
2025-02-10,-5.35,-1.84,0.005,0.106
2025-02-11,-5.58,-2.72,-0.000,0.035
2025-02-12,-6.32,-1.81,0.006,0.101
2025-02-13,-7.06,-2.29,0.003,0.091
2025-02-14,-5.37,-1.95,0.003,-0.004
2025-02-15,-5.98,-2.30,-0.001,0.063
2025-02-16,-5.98,-1.05,0.000,0.074
2025-02-17,-5.04,-1.26,-0.004,-0.015
2025-02-18,-5.00,-0.88,-0.002,0.070
2025-02-19,-5.08,-1.46,-0.006,0.110
2025-02-20,-5.04,0.18,-0.006,0.156
2025-02-21,-3.77,-0.07,-0.011,0.197
2025-02-22,-3.49,-0.61,-0.012,0.268
2025-02-23,-2.78,-1.01,-0.015,0.265
2025-02-24,-3.89,0.14,-0.010,0.196
2025-02-25,-3.82,1.24,-0.005,0.109
2025-02-26,-3.78,1.37,-0.006,0.051
2025-02-27,-3.03,0.43,-0.007,-0.029
2025-02-28,-3.42,0.66,-0.004,0.080
2025-03-01,-4.64,-0.08,0.003,0.157
2025-03-02,-4.94,0.26,0.004,0.237
2025-03-03,-3.74,1.07,-0.004,0.187
2025-03-04,-4.34,0.69,-0.007,0.053
2025-03-05,-3.99,1.70,-0.003,0.167
2025-03-06,-3.81,1.24,-0.006,0.014
2025-03-07,-3.24,-0.00,-0.008,0.210
2025-03-08,-2.84,-1.15,-0.008,0.218
2025-03-09,-3.33,-1.77,-0.009,0.208
2025-03-10,-3.99,-1.69,-0.002,0.172
2025-03-11,-3.93,-0.21,-0.004,0.208
2025-03-12,-3.41,1.45,-0.005,0.157
2025-03-13,-2.70,0.48,-0.003,0.103
2025-03-14,-2.76,0.05,-0.002,0.196
2025-03-15,-2.26,-0.00,-0.003,0.119
2025-03-16,-0.83,-0.60,-0.009,0.181
2025-03-17,-0.55,-1.18,-0.002,0.203
2025-03-18,-0.96,1.14,-0.000,0.139
2025-03-19,-0.96,1.81,-0.002,0.005
2025-03-20,-2.06,1.55,-0.005,0.005
2025-03-21,-3.71,1.35,-0.007,0.094
2025-03-22,-4.62,-0.32,-0.014,0.042
2025-03-23,-5.44,-1.87,-0.007,0.094
2025-03-24,-5.61,-1.93,-0.005,0.090
2025-03-25,-6.14,-1.08,-0.011,0.134
2025-03-26,-4.85,0.08,-0.004,0.106
2025-03-27,-5.06,0.09,-0.005,0.068
2025-03-28,-4.42,-0.62,-0.001,0.102
2025-03-29,-4.91,-1.41,0.004,0.047
2025-03-30,-6.08,-0.85,0.009,0.154
2025-03-31,-5.09,-0.63,-0.001,0.078
2025-04-01,-5.58,-0.49,0.000,0.112
2025-04-02,-6.38,-1.95,-0.002,0.133
2025-04-03,-6.82,-3.33,0.005,0.137
2025-04-04,-5.67,-2.89,-0.004,0.167
2025-04-05,-5.27,-1.41,-0.010,0.149
2025-04-06,-4.71,-1.81,-0.010,0.080
2025-04-07,-4.71,-1.81,-0.011,0.154
2025-04-08,-4.15,-0.14,-0.009,0.129
2025-04-09,-4.36,0.15,-0.005,0.052
2025-04-10,-4.73,0.50,-0.008,0.092
2025-04-11,-3.53,0.31,-0.015,-0.044
2025-04-12,-3.99,-0.85,-0.009,0.016
2025-04-13,-3.68,-0.06,-0.015,-0.070
2025-04-14,-3.17,-0.50,-0.017,-0.083
2025-04-15,-4.29,-0.68,-0.007,0.055
2025-04-16,-4.27,-0.22,-0.008,0.038
2025-04-17,-4.51,1.46,-0.008,0.051
2025-04-18,-3.77,1.30,-0.007,0.097
2025-04-19,-3.53,-0.37,-0.010,0.003
2025-04-20,-2.65,-0.91,-0.005,0.104
2025-04-21,-0.03,-1.81,-0.004,-0.012
2025-04-22,-0.44,-3.11,-0.007,-0.006
2025-04-23,-1.33,0.36,-0.008,0.120
2025-04-24,-1.82,1.23,-0.005,0.019
2025-04-25,-2.84,0.92,-0.003,0.180
2025-04-26,-4.11,0.95,-0.001,0.119
2025-04-27,-4.09,0.36,-0.001,0.141
2025-04-28,-3.59,0.76,0.002,0.127
2025-04-29,-2.74,0.19,0.007,0.141
2025-04-30,-2.11,0.33,-0.000,0.217
2025-05-01,-2.43,0.47,-0.008,0.162
2025-05-02,-2.58,-0.05,-0.011,0.210
2025-05-03,-2.43,0.08,-0.011,0.206
2025-05-04,-1.76,-0.57,-0.014,0.183
2025-05-05,-1.58,-0.39,-0.014,0.209
2025-05-06,-2.33,-0.49,-0.012,0.190
2025-05-07,-1.86,-0.06,-0.011,0.241
2025-05-08,-1.84,-0.60,-0.007,0.222
2025-05-09,-2.80,-0.00,-0.009,0.261
2025-05-10,-3.31,-0.35,-0.004,0.231
2025-05-11,-4.40,-0.85,-0.004,0.215
2025-05-12,-3.92,-1.35,0.001,0.224
2025-05-13,-4.01,-0.35,0.004,0.177
2025-05-14,-3.68,-0.06,0.002,0.171
2025-05-15,-4.21,-0.44,-0.003,0.109
2025-05-16,-4.62,0.08,-0.007,0.157
2025-05-17,-4.44,1.03,-0.010,0.050
2025-05-18,-3.84,0.40,-0.007,0.072
2025-05-19,-3.62,0.32,-0.017,-0.055
2025-05-20,-3.84,0.13,-0.021,-0.171
2025-05-21,-3.87,-0.34,-0.019,-0.120
2025-05-22,-4.51,-0.16,-0.011,0.015
2025-05-23,-5.30,-0.65,-0.015,0.075
2025-05-24,-5.05,-1.45,-0.003,0.063
2025-05-25,-5.66,-1.31,-0.005,0.085
2025-05-26,-5.55,-1.38,0.000,0.043
2025-05-27,-4.81,-2.24,-0.002,0.036
2025-05-28,-4.71,-1.62,0.001,-0.050
2025-05-29,-4.71,-0.83,-0.002,-0.034
2025-05-30,-4.29,-0.23,-0.002,0.009
2025-05-31,-5.66,0.30,-0.003,0.089
2025-06-01,-5.95,-0.21,-0.008,0.098
2025-06-02,-4.98,-1.34,-0.008,0.077
2025-06-03,-4.04,-1.31,-0.011,0.035
2025-06-04,-4.40,-0.70,-0.005,0.070
2025-06-05,-4.17,-0.22,-0.010,0.051
2025-06-06,-4.00,-0.42,-0.004,0.081
2025-06-07,-4.53,0.56,-0.003,0.038
2025-06-08,-4.69,-0.49,-0.008,0.007
2025-06-09,-5.90,-0.83,-0.001,0.081
2025-06-10,-6.31,-0.89,0.006,0.074
2025-06-11,-6.78,-1.82,0.001,0.047
2025-06-12,-6.28,-1.92,0.007,0.042
2025-06-13,-5.64,-1.72,-0.005,0.000
2025-06-14,-5.22,-1.60,0.001,0.028
2025-06-15,-5.28,-0.74,0.001,0.067
2025-06-16,-5.57,-2.14,0.004,0.100
2025-06-17,-5.91,-2.39,-0.004,0.167
2025-06-18,-5.53,-1.48,-0.002,0.111
2025-06-19,-5.05,-0.71,-0.008,0.137
2025-06-20,-4.89,-0.60,-0.007,0.048
2025-06-21,-5.15,-1.09,-0.003,0.077
2025-06-22,-5.26,-1.51,-0.014,0.059
2025-06-23,-6.25,-0.00,-0.001,0.083
2025-06-24,-6.51,-0.68,0.004,0.007
2025-06-25,-5.97,-1.82,0.009,0.043
2025-06-26,-5.18,-1.99,0.005,0.033
2025-06-27,-4.63,-1.69,0.002,0.045
2025-06-28,-4.40,-0.54,0.000,0.114
2025-06-29,-5.66,0.20,-0.001,0.081
2025-06-30,-5.06,-1.36,-0.002,0.095
2025-07-01,-4.32,-0.61,0.002,0.082
2025-07-02,-3.41,0.79,-0.006,0.095
2025-07-03,-4.06,-0.57,-0.012,-0.011
2025-07-04,-4.06,0.07,-0.008,0.143
2025-07-05,-3.99,-1.22,-0.009,-0.038
2025-07-06,-2.85,-2.07,-0.003,0.056
2025-07-07,-4.41,-0.46,-0.006,0.009
2025-07-08,-4.65,-0.33,0.003,0.027
2025-07-09,-3.84,-0.82,-0.008,0.015
2025-07-10,-4.98,-0.88,-0.001,0.022
2025-07-11,-5.44,-1.36,0.000,0.039
2025-07-12,-3.89,-1.81,-0.004,-0.063
2025-07-13,-2.89,-0.56,-0.006,-0.056
2025-07-14,-2.72,-0.29,-0.010,-0.040
2025-07-15,-3.11,-0.66,-0.010,-0.012
2025-07-16,-4.07,-0.64,-0.006,0.072
2025-07-17,-4.87,-1.30,-0.008,-0.002
2025-07-18,-4.09,-1.17,-0.009,0.014
2025-07-19,-3.25,-0.34,-0.009,-0.183
2025-07-20,-4.87,-0.51,-0.004,0.096
2025-07-21,-4.77,-1.19,-0.012,-0.027
2025-07-22,-4.05,-0.79,-0.010,0.046
2025-07-23,-4.37,0.54,-0.001,0.033
2025-07-24,-4.42,-1.44,-0.005,0.009
2025-07-25,-3.78,-2.55,-0.003,0.046
2025-07-26,-4.45,0.23,-0.001,0.068
2025-07-27,-2.66,0.61,-0.010,-0.012
2025-07-28,-3.04,-0.32,0.002,-0.014
2025-07-29,-3.37,-1.36,-0.008,0.001
2025-07-30,-3.69,0.26,-0.004,0.108
2025-07-31,-3.77,-0.46,-0.012,0.036
2025-08-01,-3.52,-0.49,-0.012,0.013
2025-08-02,-3.18,1.35,-0.007,0.087
2025-08-03,-3.90,-0.55,-0.009,-0.001
2025-08-04,-4.48,-0.87,-0.006,0.098
2025-08-05,-3.35,-0.83,-0.011,-0.003
2025-08-06,-3.67,-0.71,-0.003,0.136
2025-08-07,-5.04,-2.14,-0.001,0.109
2025-08-08,-4.62,-0.65,-0.001,0.111
2025-08-09,-3.61,0.25,-0.000,0.102
2025-08-10,-3.50,-1.07,0.002,0.076
2025-08-11,-3.67,-1.56,0.003,0.059
2025-08-12,-4.36,-2.41,0.005,0.065
2025-08-13,-4.03,-2.62,0.010,0.074
2025-08-14,-2.11,-0.52,-0.006,0.032
2025-08-15,-1.02,-1.13,-0.004,-0.018
2025-08-16,1.29,2.89,-0.003,0.008
2025-08-17,-1.89,3.88,-0.007,0.041
2025-08-18,-2.75,1.59,-0.010,0.014
2025-08-19,-2.79,-0.44,-0.008,0.028
2025-08-20,-3.44,-1.99,-0.007,0.030
2025-08-21,-3.86,-1.18,-0.001,0.133
2025-08-22,-1.72,1.45,-0.007,-0.077
2025-08-23,-3.18,-0.50,-0.005,0.002
2025-08-24,-4.24,-2.97,0.010,0.010
2025-08-25,-4.72,-0.00,-0.004,0.144
2025-08-26,-3.82,-0.81,-0.004,-0.052
2025-08-27,-2.68,1.31,-0.005,0.040
2025-08-28,-2.06,-0.22,-0.007,-0.108
2025-08-29,-2.41,-1.69,0.003,0.043
2025-08-30,-3.13,-1.02,-0.010,-0.032
2025-08-31,-2.86,-0.35,-0.012,0.015
2025-09-01,-2.19,0.63,0.001,0.065
2025-09-02,-2.89,1.00,-0.001,0.039
2025-09-03,-3.10,-0.83,-0.008,0.012
2025-09-04,-3.70,-0.39,0.001,0.071
2025-09-05,-4.06,1.01,-0.001,0.078
2025-09-06,-3.36,-0.65,-0.004,0.024
2025-09-07,-2.45,0.89,-0.003,0.087
2025-09-08,-2.96,0.05,-0.009,-0.008
2025-09-09,-2.14,0.82,-0.002,0.111
2025-09-10,-3.43,-0.73,0.005,0.068
2025-09-11,-4.09,-1.49,-0.003,0.121
2025-09-12,-3.36,-0.72,-0.007,0.067
2025-09-13,-2.67,-0.33,-0.001,0.105
2025-09-14,-3.17,0.73,-0.006,0.138
2025-09-15,-2.36,-0.72,-0.005,0.083
2025-09-16,-2.25,-0.32,-0.006,0.121
2025-09-17,-2.69,0.67,-0.004,0.055
2025-09-18,-2.68,0.33,-0.001,0.064
2025-09-19,-2.00,0.21,-0.008,0.023
2025-09-20,-2.61,0.75,-0.007,0.003
2025-09-21,-2.83,0.30,0.000,-0.004
2025-09-22,-3.44,-1.46,-0.012,-0.050
2025-09-23,-2.51,1.17,0.005,-0.011
2025-09-24,-3.21,1.70,-0.013,-0.044
2025-09-25,-1.66,0.96,-0.003,-0.090
2025-09-26,-1.32,1.42,-0.003,-0.034
2025-09-27,-1.47,1.57,-0.006,-0.046
2025-09-28,-2.77,2.24,-0.010,0.044
2025-09-29,-3.76,0.46,-0.007,0.052
2025-09-30,-3.11,-0.00,-0.006,0.049
2025-10-01,-2.06,0.36,-0.006,0.028
2025-10-02,-1.18,-0.83,-0.013,0.007
2025-10-03,-1.06,-1.31,-0.009,-0.016
2025-10-04,-1.27,-0.70,-0.000,-0.006
2025-10-05,-0.71,-2.65,-0.005,-0.015
2025-10-06,-0.37,2.33,0.010,0.021
2025-10-07,-1.39,1.44,-0.000,0.046
2025-10-08,-2.55,0.40,0.011,0.094
2025-10-09,2.42,0.17,0.010,0.001
2025-10-10,-0.59,3.71,0.004,0.078
2025-10-11,-4.07,1.32,-0.003,0.047
2025-10-12,-3.74,-0.20,0.001,0.078
2025-10-13,-4.14,-0.73,-0.008,0.088
2025-10-14,-3.67,-0.00,-0.010,0.086
2025-10-15,-1.04,1.95,-0.005,0.058
2025-10-16,0.18,3.47,-0.003,0.030
2025-10-17,-1.23,3.57,-0.013,-0.015
2025-10-18,-3.42,0.06,-0.006,0.029
2025-10-19,-5.87,-0.83,0.002,0.116
2025-10-20,-4.89,1.22,-0.007,0.040
2025-10-21,-4.74,-0.50,0.000,0.016
2025-10-22,-4.02,-0.00,-0.004,0.063
2025-10-23,-3.25,0.75,-0.007,0.023
2025-10-24,-3.16,0.96,-0.004,0.093
2025-10-25,-3.14,0.33,0.001,0.035
2025-10-26,-3.76,0.87,0.001,0.097
2025-10-27,-3.97,0.35,0.001,0.098
2025-10-28,-3.48,-0.24,-0.003,0.055
2025-10-29,-2.00,1.68,-0.005,0.135
2025-10-30,-2.30,0.32,-0.009,0.028
2025-10-31,-2.59,1.16,-0.006,0.102
2025-11-01,-5.06,1.26,-0.007,0.007
2025-11-02,-5.24,-1.02,-0.005,0.101
2025-11-03,-3.80,-0.74,-0.010,-0.007
2025-11-04,-3.11,-0.00,-0.007,-0.004
2025-11-05,-3.42,-0.79,-0.006,-0.053
2025-11-06,-4.04,-0.28,-0.002,-0.034
2025-11-07,-3.38,-0.42,-0.008,-0.067
2025-11-08,-4.41,0.78,-0.002,-0.014
2025-11-09,-5.79,0.10,0.002,-0.033
2025-11-10,-5.19,-0.18,-0.006,-0.039
2025-11-11,-4.21,-0.29,-0.014,-0.090
2025-11-12,-3.79,-0.67,-0.003,-0.007
2025-11-13,-3.78,-0.73,-0.010,-0.011
2025-11-14,-3.30,-0.00,-0.012,0.016
2025-11-15,-2.19,0.71,-0.013,0.032
2025-11-16,-2.02,0.43,-0.008,0.029
2025-11-17,-2.73,1.58,-0.008,0.094
2025-11-18,-3.30,-0.76,-0.009,0.025
2025-11-19,-3.73,-1.07,-0.002,0.092
2025-11-20,-2.73,-1.22,-0.004,-0.000
2025-11-21,-1.41,-2.02,-0.002,0.004
2025-11-22,-2.79,-1.81,0.003,0.006
2025-11-23,-3.48,-2.17,0.001,0.028
2025-11-24,-3.72,-1.90,0.001,0.007
2025-11-25,-4.48,-1.12,-0.003,0.001
2025-11-26,-4.06,-1.89,-0.005,-0.066
2025-11-27,-4.15,-1.35,-0.004,0.007
2025-11-28,-5.22,-0.83,-0.005,0.016
2025-11-29,-5.14,-1.57,-0.007,0.000
2025-11-30,-4.43,-2.07,-0.008,0.032
2025-12-01,-2.76,-1.79,-0.016,-0.036
2025-12-02,-2.51,-0.53,-0.012,-0.031
2025-12-03,-2.72,-0.53,0.002,0.073
2025-12-04,-5.32,-0.75,-0.002,0.060
2025-12-05,-5.12,-1.18,0.001,0.091
2025-12-06,-5.44,-0.86,0.001,0.054
2025-12-07,-5.54,-0.39,0.005,0.088
2025-12-08,-4.43,-0.31,-0.001,0.072
2025-12-09,-4.90,0.34,-0.001,0.070
2025-12-10,-4.38,0.38,-0.004,0.057
2025-12-11,-4.91,0.43,-0.000,0.126
2025-12-12,-5.89,-0.83,-0.006,0.089
2025-12-13,-6.06,-0.74,-0.005,0.152
2025-12-14,-5.61,-0.20,-0.006,0.115
2025-12-15,-3.19,-0.28,-0.002,0.090
2025-12-16,-3.43,-0.00,-0.000,0.135
2025-12-17,-4.86,-0.17,-0.002,0.122
2025-12-18,-3.82,-0.74,-0.007,0.035
2025-12-19,-4.16,-2.03,0.008,0.111
2025-12-20,-3.46,-1.54,0.004,0.057
2025-12-21,-3.82,-1.24,0.005,0.067
2025-12-22,-3.92,-1.27,-0.000,0.074
2025-12-23,-2.66,-2.40,-0.000,-0.004
2025-12-24,-2.34,-1.35,-0.001,0.081
2025-12-25,-0.69,-1.80,-0.004,-0.079
2025-12-26,-1.47,-1.63,-0.004,0.055
2025-12-27,-2.96,-2.49,-0.006,0.029
2025-12-28,-2.78,-1.81,-0.009,-0.029
2025-12-29,-2.84,-2.56,-0.004,0.050
2025-12-30,-3.81,-1.46,-0.005,0.054
2025-12-31,-3.18,-0.00,-0.012,0.039
2026-01-01,-3.40,0.60,-0.006,0.050
2026-01-02,-2.55,0.98,-0.005,0.059
2026-01-03,-3.60,0.31,0.001,0.059
2026-01-04,-3.27,1.00,0.004,0.103
2026-01-05,-2.49,2.24,0.002,0.108
2026-01-06,-1.83,0.85,0.001,0.092
2026-01-07,-1.25,-0.04,0.005,0.088
2026-01-08,-3.09,-0.33,-0.005,0.132
2026-01-09,-3.95,-1.84,0.002,0.126
2026-01-10,-3.25,-2.03,-0.003,0.136
2026-01-11,-3.00,-1.15,-0.009,0.090
2026-01-12,-3.14,-0.90,-0.010,0.108
2026-01-13,-3.92,-0.83,-0.008,0.094
2026-01-14,-3.45,-0.61,-0.003,0.113
2026-01-15,-4.95,0.09,-0.003,0.109
2026-01-16,-4.83,-0.94,-0.001,0.103
2026-01-17,-5.29,-1.82,-0.001,0.104
2026-01-18,-5.41,-1.45,0.005,0.142
2026-01-19,-4.50,-1.46,-0.003,0.015
2026-01-20,-3.33,-0.83,-0.003,0.079
2026-01-21,-4.79,-2.24,0.003,0.080
2026-01-22,-3.08,-0.27,0.000,-0.000
2026-01-23,-2.92,-0.52,-0.002,0.021
2026-01-24,-3.94,-0.62,-0.003,0.060
2026-01-25,-4.88,-1.59,0.003,0.091
2026-01-26,-5.64,-0.69,-0.004,0.083
2026-01-27,-4.29,-0.45,-0.008,0.092
2026-01-28,-3.95,-1.68,-0.007,0.075
2026-01-29,-2.70,0.48,-0.008,0.117
2026-01-30,-3.47,0.49,-0.007,0.033
2026-01-31,-4.59,0.24,-0.004,0.118
2026-02-01,-4.37,1.09,-0.000,0.085
2026-02-02,-3.03,1.10,-0.005,-0.027
2026-02-03,-2.80,-0.24,0.003,0.071
2026-02-04,-3.80,-1.16,-0.002,0.029
2026-02-05,-3.85,0.13,0.005,0.075
2026-02-06,-2.99,1.27,-0.007,0.057
2026-02-07,-1.86,0.61,-0.009,0.004
2026-02-08,-1.18,0.41,-0.003,0.087
2026-02-09,-2.05,-0.51,-0.013,0.058
2026-02-10,-2.72,-0.88,-0.010,0.169
2026-02-11,-2.89,-0.94,-0.008,0.102
2026-02-12,-4.48,1.03,-0.004,0.126
2026-02-13,-4.37,0.93,-0.007,0.040
2026-02-14,-2.73,0.53,-0.005,0.089
2026-02-15,-2.48,-1.32,-0.008,0.021
2026-02-16,-3.86,-0.82,-0.002,0.102
2026-02-17,-3.06,0.16,-0.001,0.067
2026-02-18,-3.37,-0.72,-0.009,0.036
2026-02-19,-4.38,-0.54,0.005,0.089
2026-02-20,-4.50,-1.04,-0.000,0.022
2026-02-21,-5.07,-0.89,0.001,0.090
2026-02-22,-4.88,-0.00,-0.004,0.093
2026-02-23,-4.29,0.38,-0.006,0.008
2026-02-24,-4.41,0.08,-0.006,0.088
2026-02-25,-5.13,-0.54,-0.009,0.059
2026-02-26,-4.86,-0.60,-0.003,0.105
2026-02-27,-4.77,0.42,-0.009,0.028
2026-02-28,-5.69,0.50,-0.001,0.074
2026-03-01,-5.95,0.42,0.002,0.062
2026-03-02,-6.59,0.12,-0.008,-0.015
2026-03-03,-6.31,-0.44,0.000,0.077
2026-03-04,-5.23,-0.55,-0.005,-0.042
2026-03-05,-5.40,-1.97,0.007,0.089
2026-03-06,-5.73,-1.01,-0.001,0.026
2026-03-07,-5.55,-1.28,0.001,0.082
2026-03-08,-5.72,-1.43,-0.001,0.075
2026-03-09,-5.79,-0.71,-0.004,0.080
2026-03-10,-6.14,-1.19,-0.011,0.126
2026-03-11,-5.18,-1.29,-0.009,0.113
2026-03-12,-4.59,-0.48,-0.003,0.099
2026-03-13,-4.39,-0.54,-0.004,0.136
2026-03-14,-4.27,-1.55,-0.006,0.152
2026-03-15,-5.69,-1.42,-0.003,0.238
2026-03-16,-7.17,-1.39,-0.004,0.245
2026-03-17,-6.86,-0.96,-0.007,0.097
2026-03-18,-5.63,-0.69,0.006,0.134
2026-03-19,-4.66,-0.08,0.009,0.098
2026-03-20,-3.92,0.14,0.011,0.085
2026-03-21,-3.15,1.40,0.012,0.103
2026-03-22,-2.87,1.86,0.006,0.112
2026-03-23,-2.42,-0.25,0.010,0.075
2026-03-24,-3.03,-0.64,-0.000,0.078
2026-03-25,-4.88,-0.34,-0.000,-0.030
2026-03-26,-5.06,-1.07,-0.001,0.039
2026-03-27,-4.72,-0.33,-0.003,0.030
2026-03-28,-3.66,0.32,-0.002,0.034
2026-03-29,-2.15,-0.66,-0.004,0.023
2026-03-30,-2.83,-1.57,-0.003,0.120
2026-03-31,-2.15,-2.22,0.002,0.033
2026-04-01,-2.67,-0.52,0.014,0.120
2026-04-02,-2.66,-0.14,0.003,0.067
2026-04-03,-3.10,-0.89,0.011,0.092
2026-04-04,-4.59,-0.65,0.011,0.149
2026-04-05,-5.71,0.40,0.023,0.155
2026-04-06,-5.74,0.50,0.023,0.133
2026-04-07,-5.05,1.07,-0.003,0.109
2026-04-08,-4.96,0.61,0.012,0.100
2026-04-09,-4.21,-0.07,-0.008,0.126
2026-04-10,-3.42,-0.54,0.005,0.081
2026-04-11,-2.89,0.77,0.002,0.114
2026-04-12,-3.35,1.42,0.006,0.111
2026-04-13,-4.29,0.83,0.008,0.091
2026-04-14,-3.60,1.60,-0.001,0.125
2026-04-15,-3.98,0.92,0.008,0.057
2026-04-16,-4.23,-0.00,0.007,0.095
2026-04-17,-4.86,-0.60,0.021,0.071
2026-04-18,-4.22,-0.90,0.015,0.071
2026-04-19,-3.60,-1.24,0.012,0.060
2026-04-20,-4.22,-1.79,0.017,0.107
2026-04-21,-2.81,-1.43,0.010,0.042
2026-04-22,-1.75,-1.75,-0.008,0.165
2026-04-23,-1.52,-0.21,-0.012,0.229
2026-04-24,-2.16,-0.04,-0.016,0.246
2026-04-25,-2.90,1.42,-0.002,0.353
2026-04-26,-2.59,1.68,-0.000,0.184
2026-04-27,-3.83,1.32,-0.003,0.022
2026-04-28,-3.81,-0.13,-0.009,0.023
2026-04-29,-3.52,0.88,0.008,-0.192
2026-04-30,-3.15,0.05,-0.004,-0.200
2026-05-01,-3.48,0.30,0.005,-0.116
2026-05-02,-4.54,0.08,-0.001,-0.020
2026-05-03,-4.38,-0.15,0.004,0.027
2026-05-04,-4.73,0.41,-0.003,0.018
2026-05-05,-4.20,0.15,0.003,0.014
2026-05-06,-3.82,-0.33,-0.001,0.013
2026-05-07,-3.18,-1.91,-0.001,-0.054
2026-05-08,-3.45,-1.91,-0.003,0.008
2026-05-09,-4.06,-0.94,-0.005,0.007
2026-05-10,-4.60,-0.48,0.002,0.021
2026-05-11,-4.67,-0.82,0.004,0.028
2026-05-12,-4.66,-0.33,0.003,0.033
2026-05-13,-4.36,-0.00,0.011,0.133
2026-05-14,-4.64,-0.00,0.012,0.141
2026-05-15,-4.75,0.25,0.009,0.108
2026-05-16,-5.33,0.37,0.017,0.108
2026-05-17,-5.20,-1.11,0.016,0.035
2026-05-18,-4.84,-0.59,0.024,0.086
2026-05-19,-4.83,-0.25,0.013,0.043
2026-05-20,-4.96,-0.79,0.010,-0.023
2026-05-21,-4.71,0.41,0.009,0.018
2026-05-22,-4.35,-0.93,0.001,-0.118
2026-05-23,-4.85,-0.94,0.003,-0.024
2026-05-24,-5.19,-1.49,0.006,-0.082
2026-05-25,-4.64,0.41,0.004,0.012
2026-05-26,-5.44,-0.48,0.005,-0.014
2026-05-27,-5.39,-1.44,0.010,0.012
2026-05-28,-4.91,-1.69,0.015,0.006
2026-05-29,-4.72,-1.00,0.013,0.043
2026-05-30,-4.74,-1.18,0.010,-0.008
2026-05-31,-4.68,-0.16,0.009,0.059
2026-06-01,-5.19,0.18,0.010,-0.011
2026-06-02,-4.68,-0.33,0.017,0.072
2026-06-03,-4.46,1.54,0.006,0.001
2026-06-04,-5.41,-0.00,0.015,0.080
2026-06-05,-4.29,-0.60,0.011,0.041
2026-06-06,-4.25,-0.07,0.003,0.019
2026-06-07,-5.50,-0.48,0.015,0.132
2026-06-08,-5.25,-1.71,0.005,-0.014
2026-06-09,-3.83,-0.88,-0.003,0.133
2026-06-10,-4.09,-0.21,-0.005,0.094
2026-06-11,-4.99,-0.17,0.003,0.235
2026-06-12,-4.68,0.41,0.003,0.068
2026-06-13,-6.34,-0.89,0.018,0.188
2026-06-14,-5.55,-0.78,0.013,0.089
2026-06-15,-5.24,-1.60,0.013,0.079
2026-06-16,-4.65,-2.37,0.014,0.141
2026-06-17,-4.29,-1.73,0.015,0.011
2026-06-18,-4.88,-1.22,0.017,0.136
2026-06-19,-5.11,-1.86,0.012,-0.030
2026-06-20,-4.46,-0.79,0.009,0.085
2026-06-21,-5.24,0.18,0.007,0.021
2026-06-22,-5.79,-2.34,0.013,0.063
2026-06-23,-5.55,-1.91,0.014,0.111
2026-06-24,-5.22,-1.80,0.015,0.130
2026-06-25,-5.12,-1.76,0.008,0.218
2026-06-26,-4.60,-1.86,0.003,0.209
2026-06-27,-3.52,-0.88,0.005,0.230
2026-06-28,-3.47,0.68,-0.010,0.329
2026-06-29,-4.99,-0.09,0.013,0.309
2026-06-30,-5.00,-0.09,0.020,0.336
2026-07-01,-4.60,-0.16,0.010,0.064
2026-07-02,-4.73,-0.33,0.018,0.138
2026-07-03,-4.72,-0.50,0.008,0.059
2026-07-04,-5.43,-1.56,0.013,0.138
2026-07-05,-4.88,-1.78,0.018,0.057
2026-07-06,-4.99,-0.79,0.014,0.076
2026-07-07,-4.88,-0.86,0.011,0.019
2026-07-08,-5.87,-0.51,0.020,0.095
2026-07-09,-5.90,-0.72,0.012,0.105
2026-07-10,-5.86,-2.49,0.007,0.026
2026-07-11,-5.03,-1.63,0.022,0.126
2026-07-12,-4.17,-1.77,0.001,-0.019
2026-07-13,-4.68,-0.49,0.009,0.093
2026-07-14,-4.48,-1.54,0.008,0.005
2026-07-15,-4.21,-1.13,0.008,0.093
2026-07-16,-4.47,-0.23,0.010,0.049
2026-07-17,-5.43,-1.06,0.014,0.109
2026-07-18,-5.75,-2.21,0.022,0.109
2026-07-19,-5.10,-1.75,0.012,0.067
2026-07-20,-4.15,-2.30,0.008,0.041
2026-07-21,-2.54,-0.49,-0.014,-0.010
2026-07-22,-3.58,0.70,-0.011,0.001
2026-07-23,-4.58,-1.06,0.008,0.059
2026-07-24,-4.57,-1.40,0.007,0.108
2026-07-25,-3.79,-0.80,0.009,0.046
2026-07-26,-1.98,-0.57,-0.004,0.002
2026-07-27,-2.55,-0.83,0.002,-0.011
2026-07-28,-3.91,0.21,0.013,0.066
2026-07-29,-4.70,-0.58,0.014,0.081
2026-07-30,-5.58,-1.39,0.018,0.124
2026-07-31,-4.74,-0.92,0.013,0.077
2026-08-01,-2.18,-0.08,-0.003,-0.059
2026-08-02,-4.76,-0.50,0.012,0.095
2026-08-03,-4.37,-1.42,0.006,0.020
2026-08-04,-3.14,-0.96,-0.005,-0.002
2026-08-05,-3.04,0.05,-0.004,0.018
2026-08-06,-4.70,-0.91,0.001,-0.114
2026-08-07,-4.30,-2.48,0.002,-0.130
2026-08-08,-4.33,-2.02,0.004,-0.087
2026-08-09,-3.77,0.26,0.002,-0.003
2026-08-10,-2.91,-1.42,-0.008,-0.068
2026-08-11,-2.83,-0.10,-0.004,0.011
2026-08-12,-3.95,0.07,0.007,0.039
2026-08-13,-5.73,-1.22,0.020,0.093
2026-08-14,-5.67,-3.55,0.023,0.046
2026-08-15,-6.20,0.43,0.033,0.160
2026-08-16,-5.27,-1.81,0.012,-0.116
2026-08-17,-3.84,-1.32,0.019,0.130
2026-08-18,-2.35,0.16,0.002,-0.022
2026-08-19,-3.40,-0.48,0.002,0.065
2026-08-20,-5.06,-1.55,0.018,0.211
2026-08-21,-4.98,-1.52,0.005,0.079
2026-08-22,-4.11,-1.03,0.012,0.151
2026-08-23,-3.91,0.14,0.005,0.121
2026-08-24,-3.31,-1.14,0.010,0.102
2026-08-25,-4.67,-1.34,0.015,0.141
2026-08-26,-4.68,-1.80,0.012,0.126
2026-08-27,-4.35,-1.16,0.012,0.143
2026-08-28,-4.88,-0.86,0.012,0.197
2026-08-29,-3.60,-2.00,0.013,0.172
2026-08-30,-2.12,1.98,-0.000,0.190
2026-08-31,-3.50,-0.55,0.014,0.216
2026-09-01,-3.68,-0.85,0.007,0.159
2026-09-02,-3.08,-0.43,-0.005,0.147
2026-09-03,-2.86,-0.45,-0.006,0.154
2026-09-04,-3.02,-0.11,-0.007,0.137
2026-09-05,-3.00,0.64,-0.009,0.150
2026-09-06,-2.93,0.41,-0.005,0.137
2026-09-07,-4.01,-0.00,0.006,0.154
2026-09-08,-4.50,-1.21,0.008,0.134
2026-09-09,-5.04,-0.26,0.021,0.161
2026-09-10,-4.10,-0.00,0.007,0.091
2026-09-11,-4.97,-1.91,0.018,0.110
2026-09-12,-5.05,-1.35,0.019,0.140
2026-09-13,-4.15,-0.29,0.006,0.021
2026-09-14,-4.08,-0.79,0.013,0.127
2026-09-15,-3.55,-1.89,0.009,0.059
2026-09-16,-4.01,1.46,0.015,0.131
2026-09-17,-3.95,0.56,0.004,-0.014
2026-09-18,-3.36,-0.41,0.001,0.016
2026-09-19,-2.43,1.29,-0.007,0.007
2026-09-20,-2.02,0.99,-0.005,0.019
2026-09-21,-2.17,0.34,-0.008,0.004
2026-09-22,-3.36,-0.84,-0.014,-0.031
2026-09-23,-3.63,0.58,0.009,0.086
2026-09-24,-3.83,-0.20,0.001,0.001
2026-09-25,-3.80,-1.09,-0.000,0.038
2026-09-26,-3.82,-0.67,0.004,0.062
