date,wind_u,wind_v,cur_u,cur_v
2016-01-01,-1.43,-1.89,,
2016-01-02,-0.44,-1.52,,
2016-01-03,0.79,-0.79,,
2016-01-04,2.05,0.40,,
2016-01-05,1.11,-0.34,,
2016-01-06,-0.09,-0.88,,
2016-01-07,-1.08,-0.15,,
2016-01-08,-0.71,-0.54,,
2016-01-09,-1.08,-0.15,,
2016-01-10,1.68,0.06,,
2016-01-11,1.76,-0.19,,
2016-01-12,-0.37,-0.69,,
2016-01-13,0.36,-0.86,,
2016-01-14,0.80,0.16,,
2016-01-15,-0.96,-0.15,,
2016-01-16,-1.07,-0.17,,
2016-01-17,-0.95,-1.40,,
2016-01-18,0.75,-0.99,,
2016-01-19,0.79,-0.94,,
2016-01-20,0.89,0.47,,
2016-01-21,0.81,0.57,,
2016-01-22,1.57,-0.25,,
2016-01-23,2.92,-0.73,,
2016-01-24,1.64,-0.17,,
2016-01-25,-1.49,-0.16,,
2016-01-26,-1.49,-0.03,,
2016-01-27,-0.41,-0.92,,
2016-01-28,2.56,0.13,,
2016-01-29,2.53,0.04,,
2016-01-30,-1.42,-0.38,,
2016-01-31,-1.38,-0.29,,
2016-02-01,-1.41,-0.15,,
2016-02-02,-1.42,-0.69,,
2016-02-03,-1.25,-0.48,,
2016-02-04,1.44,-0.49,,
2016-02-05,3.36,-0.12,,
2016-02-06,3.22,0.34,,
2016-02-07,1.94,-0.14,,
2016-02-08,1.24,0.06,,
2016-02-09,1.89,-0.17,,
2016-02-10,2.07,-0.18,,
2016-02-11,1.26,0.11,,
2016-02-12,1.35,0.60,,
2016-02-13,2.01,0.32,,
2016-02-14,2.31,0.62,,
2016-02-15,1.28,1.00,,
2016-02-16,1.26,0.46,,
2016-02-17,-0.12,-1.37,,
2016-02-18,-1.26,-1.68,,
2016-02-19,-2.26,-2.26,,
2016-02-20,-1.95,-1.82,,
2016-02-21,-1.59,-1.07,,
2016-02-22,-0.91,-0.82,,
2016-02-23,-1.20,-0.28,,
2016-02-24,1.33,-0.12,,
2016-02-25,2.38,-0.68,,
2016-02-26,1.94,0.31,,
2016-02-27,1.89,-0.27,,
2016-02-28,-0.81,-0.97,,
2016-02-29,-1.68,-0.93,,
2016-03-01,-0.81,-1.12,,
2016-03-02,-0.82,-0.88,,
2016-03-03,-0.88,-1.05,,
2016-03-04,-0.87,-1.04,,
2016-03-05,-0.75,-1.35,,
2016-03-06,-0.71,-1.39,,
2016-03-07,-1.26,-1.22,,
2016-03-08,-1.22,-0.62,,
2016-03-09,-1.53,-0.53,,
2016-03-10,-1.58,-0.77,,
2016-03-11,-1.08,-0.97,,
2016-03-12,-0.26,-1.22,,
2016-03-13,-0.11,-1.23,,
2016-03-14,-0.90,-1.20,,
2016-03-15,-1.21,-0.91,,
2016-03-16,-1.19,-0.93,,
2016-03-17,-0.88,-1.01,,
2016-03-18,-1.13,-0.74,,
2016-03-19,-1.23,-0.57,,
2016-03-20,1.82,-0.85,,
2016-03-21,0.89,-1.06,,
2016-03-22,2.31,0.04,,
2016-03-23,0.19,-0.76,,
2016-03-24,-1.22,-0.76,,
2016-03-25,-0.06,-1.20,,
2016-03-26,-1.31,-1.02,,
2016-03-27,-0.75,-1.20,,
2016-03-28,-0.50,-1.37,,
2016-03-29,-0.92,-1.18,,
2016-03-30,-1.08,-1.16,,
2016-03-31,-1.17,-0.68,,
2016-04-01,-1.32,-0.14,,
2016-04-02,-1.21,-0.17,,
2016-04-03,1.53,-0.41,,
2016-04-04,1.43,-0.79,,
2016-04-05,0.00,-1.47,,
2016-04-06,-1.55,-1.50,,
2016-04-07,-1.40,-1.30,,
2016-04-08,-1.51,-1.18,,
2016-04-09,-1.62,-1.09,,
2016-04-10,-1.67,-0.78,,
2016-04-11,-1.49,-1.08,,
2016-04-12,-1.78,-1.44,,
2016-04-13,-1.48,-0.96,,
2016-04-14,-0.84,-1.20,,
2016-04-15,-0.93,-1.24,,
2016-04-16,-1.04,-1.20,,
2016-04-17,-1.25,-1.43,,
2016-04-18,-1.70,-1.70,,
2016-04-19,-2.24,-1.81,,
2016-04-20,-1.75,-1.37,,
2016-04-21,-1.59,-1.07,,
2016-04-22,-1.51,-1.06,,
2016-04-23,-1.16,-0.98,,
2016-04-24,-1.55,-1.13,,
2016-04-25,-1.45,-1.10,,
2016-04-26,-1.50,-1.21,,
2016-04-27,-1.51,-1.14,,
2016-04-28,-1.31,-1.40,,
2016-04-29,-1.38,-1.12,,
2016-04-30,-1.57,-0.70,,
2016-05-01,-1.27,-1.52,,
2016-05-02,-1.39,-1.72,,
2016-05-03,-1.05,-1.56,,
2016-05-04,-0.78,-1.11,,
2016-05-05,-0.12,-1.71,,
2016-05-06,1.91,-0.93,,
2016-05-07,-1.21,-1.13,,
2016-05-08,-1.92,-0.98,,
2016-05-09,-1.91,-0.89,,
2016-05-10,-1.44,-1.05,,
2016-05-11,-1.51,-0.94,,
2016-05-12,-1.22,-1.40,,
2016-05-13,-1.34,-1.43,,
2016-05-14,-1.43,-1.48,,
2016-05-15,-2.00,-1.40,,
2016-05-16,-1.69,-0.86,,
2016-05-17,-1.34,-1.01,,
2016-05-18,-1.23,-0.86,,
2016-05-19,-1.41,-1.18,,
2016-05-20,-1.36,-1.36,,
2016-05-21,-0.89,-1.74,,
2016-05-22,-1.11,-1.42,,
2016-05-23,-1.37,-1.32,,
2016-05-24,-1.28,-1.37,,
2016-05-25,-1.81,-1.68,,
2016-05-26,-1.66,-1.44,,
2016-05-27,-1.48,-1.04,,
2016-05-28,-1.39,-1.16,,
2016-05-29,-1.50,-1.50,,
2016-05-30,-1.83,-1.59,,
2016-05-31,-1.63,-1.47,,
2016-06-01,-1.62,-1.32,,
2016-06-02,-1.69,-1.53,,
2016-06-03,-0.97,-1.33,,
2016-06-04,-0.07,-1.35,,
2016-06-05,-0.17,1.09,,
2016-06-06,1.28,0.39,,
2016-06-07,-0.74,-0.54,,
2016-06-08,-1.10,0.56,,
2016-06-09,-0.90,-0.97,,
2016-06-10,-1.29,-0.35,,
2016-06-11,-0.97,-0.79,,
2016-06-12,-0.64,-1.03,,
2016-06-13,-1.00,-0.93,,
2016-06-14,-1.54,-0.82,,
2016-06-15,-1.38,-0.93,,
2016-06-16,-0.86,-0.95,,
2016-06-17,-1.00,-0.90,,
2016-06-18,-1.14,-0.69,,
2016-06-19,-0.70,-1.32,,
2016-06-20,-0.78,-1.35,,
2016-06-21,-1.36,-1.10,,
2016-06-22,-0.81,-0.99,,
2016-06-23,-0.32,-1.40,,
2016-06-24,-0.78,-1.61,,
2016-06-25,-1.45,-1.10,,
2016-06-26,-1.36,-1.07,,
2016-06-27,-1.26,-1.10,,
2016-06-28,-0.87,-1.29,,
2016-06-29,-1.00,-1.28,,
2016-06-30,-1.08,-1.34,,
2016-07-01,-1.28,-0.96,,
2016-07-02,-1.56,-1.22,,
2016-07-03,-1.22,-1.27,,
2016-07-04,-1.26,-1.26,,
2016-07-05,-1.46,-1.68,,
2016-07-06,-1.43,-1.20,,
2016-07-07,-1.37,-1.23,,
2016-07-08,-1.72,-1.08,,
2016-07-09,-1.41,-0.57,,
2016-07-10,-1.17,-1.22,,
2016-07-11,-1.10,-1.23,,
2016-07-12,-1.18,-0.99,,
2016-07-13,-1.21,-1.05,,
2016-07-14,-1.31,-1.14,,
2016-07-15,-0.80,-0.92,,
2016-07-16,-0.98,-1.08,,
2016-07-17,-0.89,-1.10,,
2016-07-18,-0.96,-1.06,,
2016-07-19,-1.20,-1.29,,
2016-07-20,-1.14,-0.77,,
2016-07-21,-0.68,-1.46,,
2016-07-22,-1.12,-1.16,,
2016-07-23,-0.95,-1.22,,
2016-07-24,-1.05,-1.01,,
2016-07-25,-1.29,-1.16,,
2016-07-26,-0.92,-1.10,,
2016-07-27,-0.90,-1.38,,
2016-07-28,-1.16,-1.29,,
2016-07-29,-0.88,-1.26,,
2016-07-30,-1.29,-0.94,,
2016-07-31,-1.25,-1.21,,
2016-08-01,-0.65,-1.03,,
2016-08-02,0.53,-0.79,,
2016-08-03,2.06,-0.14,,
2016-08-04,0.28,2.27,,
2016-08-05,-1.65,0.17,,
2016-08-06,-1.50,-0.18,,
2016-08-07,-0.64,-0.98,,
2016-08-08,-0.94,-1.05,,
2016-08-09,-1.06,-0.93,,
2016-08-10,-1.31,-1.40,,
2016-08-11,-1.48,-1.53,,
2016-08-12,-1.10,-0.56,,
2016-08-13,-0.90,-0.81,,
2016-08-14,-1.16,-0.70,,
2016-08-15,-1.09,-0.98,,
2016-08-16,-1.24,-1.04,,
2016-08-17,-0.93,-1.48,,
2016-08-18,-0.75,-1.69,,
2016-08-19,-1.06,-1.17,,
2016-08-20,-1.16,-1.29,,
2016-08-21,-1.47,-0.95,,
2016-08-22,-1.15,-0.93,,
2016-08-23,-1.10,-1.62,,
2016-08-24,-0.16,-0.84,,
2016-08-25,0.58,-0.49,,
2016-08-26,0.88,0.08,,
2016-08-27,0.53,-0.87,,
2016-08-28,0.17,-1.40,,
2016-08-29,1.26,-0.73,,
2016-08-30,1.12,-0.32,,
2016-08-31,1.29,0.00,,
2016-09-01,-1.13,-0.04,,
2016-09-02,-1.12,0.62,,
2016-09-03,-1.34,-0.26,,
2016-09-04,-0.86,-1.28,,
2016-09-05,-0.98,-0.94,,
2016-09-06,-1.11,-1.15,,
2016-09-07,-1.08,-1.33,,
2016-09-08,-0.58,-0.77,,
2016-09-09,-0.35,-0.64,,
2016-09-10,-1.15,-0.83,,
2016-09-11,-0.55,-1.22,,
2016-09-12,0.63,-1.10,,
2016-09-13,-0.32,-1.21,,
2016-09-14,-1.01,-0.68,,
2016-09-15,0.42,-1.16,,
2016-09-16,-0.77,-1.45,,
2016-09-17,-0.97,-1.16,,
2016-09-18,-1.08,-0.50,,
2016-09-19,-0.75,-1.15,,
2016-09-20,-0.81,-1.08,,
2016-09-21,-0.32,-1.20,,
2016-09-22,-0.66,-1.02,,
2016-09-23,0.68,-0.76,,
2016-09-24,-0.44,-1.03,,
2016-09-25,-0.64,-0.76,,
2016-09-26,-0.80,-0.99,,
2016-09-27,0.10,-1.18,,
2016-09-28,-0.69,-1.19,,
2016-09-29,-0.88,-1.26,,
2016-09-30,-0.40,-0.90,,
2016-10-01,0.62,-0.69,,
2016-10-02,0.68,-0.84,,
2016-10-03,1.12,-0.04,,
2016-10-04,1.32,0.07,,
2016-10-05,-0.83,-0.83,,
2016-10-06,-0.55,-0.94,,
2016-10-07,-0.60,-1.13,,
2016-10-08,0.46,-1.34,,
2016-10-09,0.40,-1.05,,
2016-10-10,-0.65,-1.13,,
2016-10-11,1.09,-0.91,,
2016-10-12,0.46,-1.41,,
2016-10-13,0.66,-0.64,,
2016-10-14,0.49,-0.89,,
2016-10-15,0.48,-1.07,,
2016-10-16,0.98,-0.50,,
2016-10-17,0.68,-0.57,,
2016-10-18,0.58,-0.70,,
2016-10-19,-0.32,-0.61,,
2016-10-20,-0.21,-0.93,,
2016-10-21,0.71,-0.54,,
2016-10-22,0.86,-0.58,,
2016-10-23,0.67,-0.83,,
2016-10-24,0.75,-1.06,,
2016-10-25,0.58,-0.80,,
2016-10-26,1.28,0.13,,
2016-10-27,1.53,-0.08,,
2016-10-28,2.08,0.33,,
2016-10-29,2.44,0.43,,
2016-10-30,1.96,0.64,,
2016-10-31,1.43,0.73,,
2016-11-01,0.76,0.91,,
2016-11-02,-0.80,0.67,,
2016-11-03,-0.80,-1.15,,
2016-11-04,-0.13,-1.45,,
2016-11-05,0.50,-0.65,,
2016-11-06,1.00,-1.15,,
2016-11-07,0.50,-0.65,,
2016-11-08,-0.72,-0.69,,
2016-11-09,0.79,-0.40,,
2016-11-10,1.06,-0.59,,
2016-11-11,0.76,-0.81,,
2016-11-12,0.69,-0.65,,
2016-11-13,0.05,-1.01,,
2016-11-14,-0.48,-0.66,,
2016-11-15,1.04,-0.02,,
2016-11-16,1.51,-0.11,,
2016-11-17,1.25,-0.97,,
2016-11-18,-0.44,-1.15,,
2016-11-19,0.14,-1.34,,
2016-11-20,1.67,-0.36,,
2016-11-21,1.39,0.07,,
2016-11-22,-0.19,-0.97,,
2016-11-23,0.91,0.59,,
2016-11-24,0.56,-1.39,,
2016-11-25,2.88,-0.10,,
2016-11-26,2.46,0.61,,
2016-11-27,1.78,-0.28,,
2016-11-28,-0.91,0.11,,
2016-11-29,-1.27,-0.51,,
2016-11-30,-0.91,-0.48,,
2016-12-01,0.82,-1.02,,
2016-12-02,-0.57,-1.02,,
2016-12-03,-1.31,-0.55,,
2016-12-04,-1.09,-0.46,,
2016-12-05,-0.95,-0.40,,
2016-12-06,-0.77,-0.64,,
2016-12-07,0.72,-0.89,,
2016-12-08,-0.93,-0.78,,
2016-12-09,-0.29,-1.02,,
2016-12-10,0.88,-0.57,,
2016-12-11,0.33,-1.01,,
2016-12-12,0.80,-0.83,,
2016-12-13,0.00,-1.18,,
2016-12-14,-0.57,-0.99,,
2016-12-15,-1.30,-1.60,,
2016-12-16,-0.51,-1.34,,
2016-12-17,-0.79,-0.69,,
2016-12-18,-1.32,-0.40,,
2016-12-19,-1.11,-1.85,,
2016-12-20,-1.70,-2.43,,
2016-12-21,-0.09,-1.79,,
2016-12-22,0.93,-1.11,,
2016-12-23,1.16,0.20,,
2016-12-24,0.37,-1.14,,
2016-12-25,-0.57,-0.98,,
2016-12-26,-0.96,-1.10,,
2016-12-27,-1.34,-1.49,,
2016-12-28,-0.60,-1.65,,
2016-12-29,-0.39,-1.19,,
2016-12-30,0.56,-1.20,,
2016-12-31,0.15,-0.97,,
2017-01-01,-2.36,-1.31,,
2017-01-02,-2.40,-1.28,,
2017-01-03,-1.98,-1.19,,
2017-01-04,-0.88,-1.52,,
2017-01-05,-1.00,-1.43,,
2017-01-06,-2.90,-1.00,,
2017-01-07,1.97,-1.60,,
2017-01-08,0.92,-3.69,,
2017-01-09,4.12,-0.51,,
2017-01-10,2.87,0.46,,
2017-01-11,2.16,0.04,,
2017-01-12,-4.68,-1.26,,
2017-01-13,-3.05,-1.76,,
2017-01-14,-3.78,-2.74,,
2017-01-15,0.31,-2.95,,
2017-01-16,1.62,-0.69,,
2017-01-17,-2.35,-1.91,,
2017-01-18,-3.16,-1.21,,
2017-01-19,-2.33,-1.82,,
2017-01-20,-2.83,-1.03,,
2017-01-21,-2.02,-0.11,,
2017-01-22,0.10,1.98,,
2017-01-23,4.43,1.35,,
2017-01-24,3.58,0.89,,
2017-01-25,-2.70,-1.20,,
2017-01-26,-2.62,-0.23,,
2017-01-27,1.60,-1.65,,
2017-01-28,-1.68,-0.00,,
2017-01-29,2.24,-1.29,,
2017-01-30,2.20,-0.71,,
2017-01-31,3.35,1.49,,
2017-02-01,-1.08,1.86,,
2017-02-02,-2.71,-1.63,,
2017-02-03,-3.73,-1.74,,
2017-02-04,-3.66,-2.20,,
2017-02-05,-2.74,-3.15,,
2017-02-06,-3.81,-2.57,,
2017-02-07,-2.66,-1.60,,
2017-02-08,-2.81,-1.25,,
2017-02-09,-2.26,-2.69,,
2017-02-10,-4.17,-3.26,,
2017-02-11,-4.07,-2.85,,
2017-02-12,-2.74,-2.06,,
2017-02-13,-3.57,-1.59,,
2017-02-14,-2.76,-1.12,,
2017-02-15,-2.10,-0.98,,
2017-02-16,2.10,-0.77,,
2017-02-17,-2.07,-0.88,,
2017-02-18,-2.22,-1.62,,
2017-02-19,-2.49,-1.44,,
2017-02-20,-2.89,-1.29,,
2017-02-21,-2.32,-1.88,,
2017-02-22,3.89,1.42,,
2017-02-23,3.16,0.39,,
2017-02-24,-2.72,-0.63,,
2017-02-25,-2.12,-1.84,,
2017-02-26,-2.55,-1.24,,
2017-02-27,-2.72,-0.94,,
2017-02-28,-4.30,-2.01,,
2017-03-01,-4.06,-1.89,,
2017-03-02,-5.04,-2.35,,
2017-03-03,-4.79,-2.44,,
2017-03-04,-4.60,-2.87,,
2017-03-05,-2.36,-2.62,,
2017-03-06,-3.63,-2.45,,
2017-03-07,-3.28,-2.39,,
2017-03-08,-5.02,-2.45,,
2017-03-09,-4.83,-2.57,,
2017-03-10,-3.59,-2.51,,
2017-03-11,-3.60,-2.00,,
2017-03-12,-3.70,-0.79,,
2017-03-13,-2.60,-0.74,,
2017-03-14,0.75,-2.32,,
2017-03-15,1.54,-3.45,,
2017-03-16,-3.95,-4.88,,
2017-03-17,-3.19,-2.58,,
2017-03-18,-3.42,-3.30,,
2017-03-19,-3.27,-1.06,,
2017-03-20,-2.56,-0.45,,
2017-03-21,-2.54,-0.63,,
2017-03-22,-2.68,-0.82,,
2017-03-23,-2.67,-0.82,,
2017-03-24,-2.93,-0.73,,
2017-03-25,-3.61,-0.83,,
2017-03-26,-2.74,-1.16,,
2017-03-27,-3.26,-0.93,,
2017-03-28,-3.35,-1.56,,
2017-03-29,-3.09,-1.58,,
2017-03-30,-2.89,-2.02,,
2017-03-31,-2.56,-1.42,,
2017-04-01,-2.76,-0.95,,
2017-04-02,-2.97,-1.58,,
2017-04-03,-2.83,-1.50,,
2017-04-04,-2.55,-1.99,,
2017-04-05,-3.22,-1.64,,
2017-04-06,-2.36,-2.13,,
2017-04-07,-2.54,-2.73,,
2017-04-08,-3.74,-1.07,,
2017-04-09,-5.01,-0.88,,
2017-04-10,-5.86,-1.68,,
2017-04-11,-4.44,-1.53,,
2017-04-12,-4.02,-1.63,,
2017-04-13,-2.58,-0.84,,
2017-04-14,-2.27,-1.36,,
2017-04-15,-3.95,-1.76,,
2017-04-16,-3.84,-1.47,,
2017-04-17,-3.86,-1.48,,
2017-04-18,-2.91,-1.96,,
2017-04-19,-1.40,-2.52,,
2017-04-20,-2.04,-2.43,,
2017-04-21,0.63,-2.96,,
2017-04-22,-2.15,-0.82,,
2017-04-23,-1.85,-0.60,,
2017-04-24,3.18,0.73,,
2017-04-25,-2.76,-1.23,,
2017-04-26,-3.31,-1.84,,
2017-04-27,-2.58,-1.09,,
2017-04-28,-2.95,-1.44,,
2017-04-29,-3.58,-2.15,,
2017-04-30,-3.73,-1.99,,
2017-05-01,-0.45,-3.70,,
2017-05-02,1.27,-3.15,,
2017-05-03,-3.66,-1.95,,
2017-05-04,-3.24,-1.05,,
2017-05-05,2.86,-2.32,,
2017-05-06,3.06,2.15,,
2017-05-07,-3.49,-1.13,,
2017-05-08,-4.94,-1.51,,
2017-05-09,-4.57,-1.22,,
2017-05-10,-4.08,-1.57,,
2017-05-11,-3.56,-1.59,,
2017-05-12,-2.75,-1.34,,
2017-05-13,2.29,0.61,,
2017-05-14,-1.27,-1.63,,
2017-05-15,0.09,-2.59,,
2017-05-16,-2.90,-1.48,,
2017-05-17,-4.35,-0.77,,
2017-05-18,-4.16,-1.68,,
2017-05-19,-3.74,-1.44,,
2017-05-20,-3.65,-1.55,,
2017-05-21,-3.18,-1.99,,
2017-05-22,-2.89,-2.02,,
2017-05-23,-2.94,-0.95,,
2017-05-24,-2.55,-0.64,,
2017-05-25,-2.81,1.75,,
2017-05-26,-1.92,-1.73,,
2017-05-27,-1.48,-1.64,,
2017-05-28,-2.37,-1.01,,
2017-05-29,-3.00,-1.88,,
2017-05-30,-2.61,-2.35,,
2017-05-31,-2.59,-1.75,,
2017-06-01,-2.18,-1.31,,
2017-06-02,-1.68,-1.93,,
2017-06-03,-1.26,-1.40,,
2017-06-04,-0.94,-1.50,,
2017-06-05,0.38,-1.78,,
2017-06-06,-2.21,-0.59,,
2017-06-07,0.55,2.59,,
2017-06-08,3.98,0.70,,
2017-06-09,2.56,0.36,,
2017-06-10,-1.98,-0.72,,
2017-06-11,-2.32,-0.66,,
2017-06-12,-2.41,-1.82,,
2017-06-13,-2.46,-1.25,,
2017-06-14,2.21,-0.23,,
2017-06-15,-2.14,-2.00,,
2017-06-16,1.83,-1.77,,
2017-06-17,2.07,0.71,,
2017-06-18,2.72,0.29,,
2017-06-19,3.12,1.20,,
2017-06-20,3.44,1.46,,
2017-06-21,-1.52,-1.19,,
2017-06-22,-2.66,-0.47,,
2017-06-23,-2.22,-0.35,,
2017-06-24,-2.07,-0.36,,
2017-06-25,-1.38,-2.39,,
2017-06-26,-2.91,-1.96,,
2017-06-27,-2.04,-1.53,,
2017-06-28,-2.87,-1.22,,
2017-06-29,-2.18,-1.97,,
2017-06-30,-4.46,-1.45,,
2017-07-01,-4.84,-2.16,,
2017-07-02,-4.71,-0.83,,
2017-07-03,-4.49,-2.38,,
2017-07-04,-2.94,-1.25,,
2017-07-05,-1.83,-1.59,,
2017-07-06,-3.45,-2.16,,
2017-07-07,-3.17,-0.91,,
2017-07-08,-3.33,-1.15,,
2017-07-09,-3.97,-1.85,,
2017-07-10,-2.89,-1.47,,
2017-07-11,-3.17,-1.15,,
2017-07-12,-3.21,-1.11,,
2017-07-13,-3.42,-1.90,,
2017-07-14,-2.27,-1.16,,
2017-07-15,-2.38,-0.12,,
2017-07-16,-1.46,-0.68,,
2017-07-17,-2.69,-1.49,,
2017-07-18,-3.19,-1.69,,
2017-07-19,-4.73,-2.11,,
2017-07-20,-3.65,-2.19,,
2017-07-21,-4.64,-1.60,,
2017-07-22,-3.47,-1.26,,
2017-07-23,-3.07,-1.37,,
2017-07-24,-3.20,-1.17,,
2017-07-25,-3.58,-1.03,,
2017-07-26,-4.16,-1.52,,
2017-07-27,-2.37,-0.73,,
2017-07-28,-1.78,-0.61,,
2017-07-29,-2.52,-0.63,,
2017-07-30,-2.30,-1.02,,
2017-07-31,-2.82,-0.60,,
2017-08-01,-2.20,-0.85,,
2017-08-02,-2.49,-0.48,,
2017-08-03,-2.73,-1.58,,
2017-08-04,-2.73,-1.58,,
2017-08-05,-3.31,-0.46,,
2017-08-06,-3.78,-2.01,,
2017-08-07,1.31,2.46,,
2017-08-08,2.55,-0.59,,
2017-08-09,-2.47,-0.66,,
2017-08-10,-2.24,-1.51,,
2017-08-11,-2.27,-2.05,,
2017-08-12,-2.41,-0.21,,
2017-08-13,-2.90,0.15,,
2017-08-14,-2.39,-0.25,,
2017-08-15,-2.28,-1.43,,
2017-08-16,-4.43,-1.88,,
2017-08-17,-3.59,-0.96,,
2017-08-18,-2.59,-0.55,,
2017-08-19,-1.80,0.38,,
2017-08-20,-1.59,-1.07,,
2017-08-21,-1.55,-1.98,,
2017-08-22,-0.81,-2.22,,
2017-08-23,-1.61,-1.40,,
2017-08-24,-1.96,-1.32,,
2017-08-25,-1.57,-0.00,,
2017-08-26,-2.59,-0.46,,
2017-08-27,-2.54,-0.78,,
2017-08-28,-2.21,-0.80,,
2017-08-29,-2.50,-0.96,,
2017-08-30,-1.33,-1.84,,
2017-08-31,-0.85,-2.33,,
2017-09-01,-1.48,-1.48,,
2017-09-02,-1.08,-2.31,,
2017-09-03,0.81,-2.64,,
2017-09-04,-0.13,-2.56,,
2017-09-05,-2.46,-0.80,,
2017-09-06,-0.82,-2.02,,
2017-09-07,-0.52,-2.46,,
2017-09-08,-2.01,-1.52,,
2017-09-09,2.18,0.58,,
2017-09-10,3.44,1.19,,
2017-09-11,3.51,1.14,,
2017-09-12,3.20,1.49,,
2017-09-13,-2.15,0.30,,
2017-09-14,-2.07,-0.75,,
2017-09-15,-1.84,-1.38,,
2017-09-16,-1.97,-0.64,,
2017-09-17,-2.45,-1.14,,
2017-09-18,-1.95,-0.87,,
2017-09-19,-1.52,-1.82,,
2017-09-20,-0.53,-1.63,,
2017-09-21,-2.07,-1.50,,
2017-09-22,-2.77,-0.95,,
2017-09-23,-2.14,-0.07,,
2017-09-24,-1.97,-0.60,,
2017-09-25,-1.72,-1.84,,
2017-09-26,-2.33,-0.54,,
2017-09-27,-2.38,0.29,,
2017-09-28,1.24,2.07,,
2017-09-29,2.47,0.39,,
2017-09-30,2.25,0.44,,
2017-10-01,1.91,0.77,,
2017-10-02,-1.68,-1.80,,
2017-10-03,-1.56,-1.99,,
2017-10-04,-2.79,-1.88,,
2017-10-05,3.40,-0.85,,
2017-10-06,3.97,0.77,,
2017-10-07,2.16,1.40,,
2017-10-08,-2.08,-0.93,,
2017-10-09,-2.15,-0.00,,
2017-10-10,-0.59,-2.20,,
2017-10-11,2.07,-1.15,,
2017-10-12,2.58,-0.94,,
2017-10-13,3.07,-0.60,,
2017-10-14,-0.89,-1.83,,
2017-10-15,-1.36,-1.46,,
2017-10-16,-0.28,-2.31,,
2017-10-17,2.02,0.07,,
2017-10-18,2.50,-0.35,,
2017-10-19,2.03,1.22,,
2017-10-20,-2.04,-2.04,,
2017-10-21,-1.90,-1.97,,
2017-10-22,1.02,-1.70,,
2017-10-23,0.94,-1.69,,
2017-10-24,-2.85,-1.45,,
2017-10-25,3.84,-0.47,,
2017-10-26,4.39,1.51,,
2017-10-27,2.02,1.08,,
2017-10-28,2.60,0.80,,
2017-10-29,3.66,1.33,,
2017-10-30,2.48,-0.35,,
2017-10-31,-3.95,-0.70,,
2017-11-01,-3.40,-0.54,,
2017-11-02,-2.27,-0.28,,
2017-11-03,-1.90,-1.71,,
2017-11-04,-2.72,-2.12,,
2017-11-05,-2.00,-0.39,,
2017-11-06,-2.00,-0.85,,
2017-11-07,1.66,-1.30,,
2017-11-08,-2.30,-2.94,,
2017-11-09,2.61,-0.09,,
2017-11-10,3.16,1.47,,
2017-11-11,3.29,0.82,,
2017-11-12,3.29,0.35,,
2017-11-13,3.40,0.72,,
2017-11-14,4.56,1.48,,
2017-11-15,3.40,1.58,,
2017-11-16,2.22,0.19,,
2017-11-17,2.35,-0.90,,
2017-11-18,-1.65,1.29,,
2017-11-19,2.32,-0.54,,
2017-11-20,3.66,-0.06,,
2017-11-21,2.22,-0.35,,
2017-11-22,-2.24,0.36,,
2017-11-23,4.03,1.47,,
2017-11-24,3.30,1.14,,
2017-11-25,-2.53,1.46,,
2017-11-26,-2.05,-0.22,,
2017-11-27,3.71,0.46,,
2017-11-28,3.08,1.57,,
2017-11-29,2.32,1.34,,
2017-11-30,4.24,1.80,,
2017-12-01,4.53,1.92,,
2017-12-02,3.48,0.93,,
2017-12-03,-0.26,-2.92,,
2017-12-04,-0.72,-1.89,,
2017-12-05,-1.89,-1.00,,
2017-12-06,-2.90,-2.03,,
2017-12-07,-1.72,-1.20,,
2017-12-08,-1.52,-0.81,,
2017-12-09,5.17,1.29,,
2017-12-10,3.53,0.12,,
2017-12-11,3.73,1.58,,
2017-12-12,3.37,1.43,,
2017-12-13,2.57,1.20,,
2017-12-14,-2.39,-0.92,,
2017-12-15,-2.25,-0.60,,
2017-12-16,-0.67,-2.35,,
2017-12-17,-0.71,-2.33,,
2017-12-18,-4.15,-2.30,,
2017-12-19,-4.21,-2.24,,
2017-12-20,-3.29,-1.98,,
2017-12-21,-2.68,-1.48,,
2017-12-22,-4.02,-1.38,,
2017-12-23,-4.58,-2.04,,
2017-12-24,-4.08,-2.55,,
2017-12-25,-2.79,-2.34,,
2017-12-26,-1.97,-1.49,,
2017-12-27,-1.04,-1.95,,
2017-12-28,1.36,-1.88,,
2017-12-29,2.37,1.21,,
2017-12-30,2.43,1.03,,
2017-12-31,-0.79,-1.37,,
2018-01-01,-1.46,-1.22,,
2018-01-02,-1.92,-3.20,,
2018-01-03,3.67,1.34,,
2018-01-04,3.06,1.05,,
2018-01-05,-2.34,-1.30,,
2018-01-06,2.69,-0.67,,
2018-01-07,1.70,1.76,,
2018-01-08,2.11,1.71,,
2018-01-09,2.86,1.72,,
2018-01-10,3.73,0.93,,
2018-01-11,-2.64,0.05,,
2018-01-12,2.61,0.65,,
2018-01-13,4.06,1.01,,
2018-01-14,3.61,0.32,,
2018-01-15,3.57,1.30,,
2018-01-16,1.75,1.37,,
2018-01-17,3.74,1.75,,
2018-01-18,4.75,1.27,,
2018-01-19,3.67,1.48,,
2018-01-20,2.15,1.34,,
2018-01-21,1.90,0.92,,
2018-01-22,-2.28,-1.06,,
2018-01-23,-2.94,-2.14,,
2018-01-24,-0.83,-2.56,,
2018-01-25,-1.50,-2.83,,
2018-01-26,-3.39,-3.27,,
2018-01-27,-1.18,-2.93,,
2018-01-28,-1.47,-1.75,,
2018-01-29,-2.97,-4.41,,
2018-01-30,0.06,-3.46,,
2018-01-31,4.92,1.05,,
2018-02-01,3.18,1.09,,
2018-02-02,0.87,-2.04,,
2018-02-03,-3.11,-3.71,,
2018-02-04,-1.70,-0.87,,
2018-02-05,-4.03,-1.79,,
2018-02-06,-5.27,-2.02,,
2018-02-07,-3.02,-1.16,,
2018-02-08,-3.25,-3.14,,
2018-02-09,-2.91,-2.71,,
2018-02-10,-1.92,-1.85,,
2018-02-11,-3.15,-1.21,,
2018-02-12,-2.95,-2.30,,
2018-02-13,-6.27,-3.06,,
2018-02-14,-4.26,-3.70,,
2018-02-15,-4.20,-3.65,,
2018-02-16,-3.19,-2.67,,
2018-02-17,-4.54,-1.65,,
2018-02-18,-3.64,-1.86,,
2018-02-19,-3.76,-1.75,,
2018-02-20,-2.98,-1.93,,
2018-02-21,-3.83,-1.02,,
2018-02-22,-3.96,-1.36,,
2018-02-23,-4.35,-2.31,,
2018-02-24,-3.57,-1.59,,
2018-02-25,-2.92,-1.69,,
2018-02-26,-3.55,-1.58,,
2018-02-27,-4.25,-2.87,,
2018-02-28,-4.10,-1.18,,
2018-03-01,-3.55,-1.02,,
2018-03-02,-2.70,-2.70,,
2018-03-03,-2.98,-2.01,,
2018-03-04,-1.91,-1.50,,
2018-03-05,-2.60,-1.16,,
2018-03-06,-4.34,-0.23,,
2018-03-07,-2.65,-1.23,,
2018-03-08,-2.52,-1.23,,
2018-03-09,-3.67,-0.78,,
2018-03-10,-3.53,-0.50,,
2018-03-11,-2.67,-1.19,,
2018-03-12,-2.44,-1.14,,
2018-03-13,-1.48,-2.46,,
2018-03-14,-2.90,-3.01,,
2018-03-15,-4.93,-3.45,,
2018-03-16,-4.73,-0.92,,
2018-03-17,-3.84,-1.32,,
2018-03-18,-2.89,-1.81,,
2018-03-19,-2.46,-1.99,,
2018-03-20,-2.29,-1.27,,
2018-03-21,-2.01,-2.23,,
2018-03-22,-4.25,-2.55,,
2018-03-23,-4.82,-2.89,,
2018-03-24,-5.07,-2.58,,
2018-03-25,-3.65,-1.55,,
2018-03-26,-4.03,-1.79,,
2018-03-27,-5.68,-2.18,,
2018-03-28,-5.99,-2.54,,
2018-03-29,-3.66,-1.26,,
2018-03-30,-1.45,-2.72,,
2018-03-31,-3.86,-2.61,,
2018-04-01,-3.03,-1.10,,
2018-04-02,-2.19,-1.32,,
2018-04-03,-3.88,-0.83,,
2018-04-04,-3.33,-1.77,,
2018-04-05,-3.88,-2.24,,
2018-04-06,-3.66,-1.33,,
2018-04-07,-3.25,-0.87,,
2018-04-08,-2.38,-1.38,,
2018-04-09,-2.42,-1.76,,
2018-04-10,-2.94,-1.91,,
2018-04-11,2.49,-1.95,,
2018-04-12,-3.85,-2.23,,
2018-04-13,-3.44,-1.46,,
2018-04-14,-3.21,-1.70,,
2018-04-15,4.40,0.23,,
2018-04-16,4.99,1.53,,
2018-04-17,2.61,1.57,,
2018-04-18,-2.83,-0.40,,
2018-04-19,-4.54,-2.32,,
2018-04-20,-4.20,-2.33,,
2018-04-21,-3.65,-1.94,,
2018-04-22,-3.07,-1.70,,
2018-04-23,-2.92,-2.20,,
2018-04-24,-3.44,-1.68,,
2018-04-25,-2.72,-1.63,,
2018-04-26,-2.83,-0.92,,
2018-04-27,-0.20,-2.86,,
2018-04-28,-1.05,-2.88,,
2018-04-29,-2.25,-1.10,,
2018-04-30,-3.99,-1.95,,
2018-05-01,-4.43,-1.70,,
2018-05-02,-5.40,-2.29,,
2018-05-03,-4.34,-2.02,,
2018-05-04,-3.43,-0.79,,
2018-05-05,-3.35,-0.96,,
2018-05-06,-2.63,-1.64,,
2018-05-07,3.42,0.79,,
2018-05-08,2.72,1.33,,
2018-05-09,-2.18,-1.07,,
2018-05-10,-2.72,-0.48,,
2018-05-11,-2.88,-0.56,,
2018-05-12,-2.70,-1.26,,
2018-05-13,-2.61,-1.11,,
2018-05-14,-1.01,-1.99,,
2018-05-15,-2.56,-1.73,,
2018-05-16,-2.24,-1.88,,
2018-05-17,0.82,-3.30,,
2018-05-18,-0.92,-2.84,,
2018-05-19,-2.27,-2.05,,
2018-05-20,-3.28,-1.97,,
2018-05-21,-2.58,-1.32,,
2018-05-22,-1.13,-2.55,,
2018-05-23,1.56,-2.40,,
2018-05-24,2.75,-1.11,,
2018-05-25,3.14,1.74,,
2018-05-26,3.36,1.43,,
2018-05-27,1.97,-0.96,,
2018-05-28,-1.27,1.96,,
2018-05-29,-2.54,-0.59,,
2018-05-30,-2.42,-0.74,,
2018-05-31,-2.37,-1.11,,
2018-06-01,-1.69,-1.58,,
2018-06-02,-2.40,-1.68,,
2018-06-03,-1.19,-2.68,,
2018-06-04,-3.01,-1.09,,
2018-06-05,-2.77,-1.23,,
2018-06-06,-2.71,-2.12,,
2018-06-07,-2.52,-1.64,,
2018-06-08,-3.41,-1.97,,
2018-06-09,-5.42,-1.55,,
2018-06-10,-4.32,-1.32,,
2018-06-11,-2.25,-1.63,,
2018-06-12,-2.39,-1.73,,
2018-06-13,-2.27,-1.21,,
2018-06-14,0.48,-2.09,,
2018-06-15,-1.83,-1.49,,
2018-06-16,-1.80,-0.69,,
2018-06-17,-1.35,-1.61,,
2018-06-18,-1.78,-1.03,,
2018-06-19,-2.68,-1.55,,
2018-06-20,-3.25,-0.87,,
2018-06-21,-2.39,-0.97,,
2018-06-22,-2.20,-0.98,,
2018-06-23,-1.58,-1.70,,
2018-06-24,-3.01,-1.60,,
2018-06-25,-3.40,-2.04,,
2018-06-26,-2.82,-1.90,,
2018-06-27,-3.72,-1.00,,
2018-06-28,-3.25,-0.87,,
2018-06-29,-4.80,-2.04,,
2018-06-30,-4.18,-1.86,,
2018-07-01,-3.77,-0.87,,
2018-07-02,-3.70,-1.49,,
2018-07-03,-3.98,-1.53,,
2018-07-04,-3.47,-1.85,,
2018-07-05,-4.29,-2.58,,
2018-07-06,-5.41,-2.76,,
2018-07-07,-5.68,-2.07,,
2018-07-08,-4.34,-2.40,,
2018-07-09,-4.91,-2.19,,
2018-07-10,-3.63,-1.54,,
2018-07-11,-1.78,-1.29,,
2018-07-12,-2.65,-1.41,,
2018-07-13,-4.11,-2.09,,
2018-07-14,-4.62,-2.89,,
2018-07-15,-3.26,-2.04,,
2018-07-16,-3.85,-1.96,,
2018-07-17,-4.32,-2.11,,
2018-07-18,-3.91,-1.42,,
2018-07-19,-3.72,-1.28,,
2018-07-20,-3.27,-1.39,,
2018-07-21,-3.68,-1.56,,
2018-07-22,-4.08,-2.17,,
2018-07-23,-4.41,-1.52,,
2018-07-24,-2.88,-1.40,,
2018-07-25,-2.71,-1.57,,
2018-07-26,-2.65,-1.65,,
2018-07-27,-3.55,-1.51,,
2018-07-28,-3.55,-1.73,,
2018-07-29,-3.58,-1.59,,
2018-07-30,-3.11,-1.07,,
2018-07-31,-2.60,-1.38,,
2018-08-01,-2.59,-2.33,,
2018-08-02,-2.65,-1.85,,
2018-08-03,-4.69,-1.99,,
2018-08-04,-3.48,-1.78,,
2018-08-05,-3.99,-1.70,,
2018-08-06,-5.18,-2.31,,
2018-08-07,-4.10,-1.91,,
2018-08-08,-3.31,-1.41,,
2018-08-09,-1.67,-2.68,,
2018-08-10,-3.87,-1.33,,
2018-08-11,-4.51,-1.73,,
2018-08-12,-3.51,-1.35,,
2018-08-13,-3.17,-1.83,,
2018-08-14,-2.65,-1.66,,
2018-08-15,-3.72,-1.81,,
2018-08-16,-3.44,-2.07,,
2018-08-17,-3.02,-1.35,,
2018-08-18,-2.27,-1.90,,
2018-08-19,-2.86,-1.65,,
2018-08-20,-2.72,-1.83,,
2018-08-21,-3.12,-1.87,,
2018-08-22,-3.00,-1.66,,
2018-08-23,-2.19,-0.98,,
2018-08-24,-2.78,-1.54,,
2018-08-25,-4.03,-1.63,,
2018-08-26,-3.45,-2.33,,
2018-08-27,-3.63,-1.61,,
2018-08-28,-3.27,-1.19,,
2018-08-29,-2.85,-0.76,,
2018-08-30,-3.07,-0.65,,
2018-08-31,-3.26,-1.19,,
2018-09-01,-3.36,-0.90,,
2018-09-02,-2.49,-1.06,,
2018-09-03,-2.91,-1.23,,
2018-09-04,-2.20,-1.27,,
2018-09-05,-2.88,-1.05,,
2018-09-06,-2.22,-0.08,,
2018-09-07,-1.94,-1.41,,
2018-09-08,-2.02,-1.03,,
2018-09-09,-1.18,-1.89,,
2018-09-10,-2.36,-0.81,,
2018-09-11,-1.44,-2.40,,
2018-09-12,2.46,0.99,,
2018-09-13,-1.58,-1.58,,
2018-09-14,-2.81,-0.97,,
2018-09-15,-2.22,-0.27,,
2018-09-16,-2.02,-0.77,,
2018-09-17,-2.42,-0.93,,
2018-09-18,-1.43,-1.20,,
2018-09-19,-1.89,-0.84,,
2018-09-20,-2.67,-1.30,,
2018-09-21,-3.02,-1.28,,
2018-09-22,-4.04,-1.31,,
2018-09-23,-2.11,-1.42,,
2018-09-24,-3.40,-1.10,,
2018-09-25,-3.35,-1.49,,
2018-09-26,-3.42,-1.18,,
2018-09-27,-3.35,-0.65,,
2018-09-28,-2.81,-1.62,,
2018-09-29,-4.14,-2.79,,
2018-09-30,-2.51,-1.51,,
2018-10-01,-1.64,-1.70,,
2018-10-02,-1.61,-2.39,,
2018-10-03,-1.18,-2.33,,
2018-10-04,-2.14,-2.46,,
2018-10-05,1.01,-3.11,,
2018-10-06,4.23,0.59,,
2018-10-07,4.31,1.83,,
2018-10-08,3.00,1.46,,
2018-10-09,1.06,2.17,,
2018-10-10,0.17,1.97,,
2018-10-11,2.44,0.00,,
2018-10-12,2.08,-1.40,,
2018-10-13,0.97,-1.24,,
2018-10-14,-3.01,-1.15,,
2018-10-15,-3.03,-1.29,,
2018-10-16,2.93,-2.13,,
2018-10-17,-2.27,-1.84,,
2018-10-18,-2.33,-2.25,,
2018-10-19,-2.61,-2.27,,
2018-10-20,-2.86,-1.34,,
2018-10-21,-3.25,-2.36,,
2018-10-22,-3.65,-2.02,,
2018-10-23,-2.87,-1.86,,
2018-10-24,-1.59,-1.24,,
2018-10-25,-1.85,-0.60,,
2018-10-26,-2.09,-1.07,,
2018-10-27,-3.02,-1.35,,
2018-10-28,-3.33,-1.77,,
2018-10-29,-0.79,-2.59,,
2018-10-30,-3.12,-1.95,,
2018-10-31,-1.54,-1.43,,
2018-11-01,-1.95,-1.08,,
2018-11-02,2.12,0.81,,
2018-11-03,2.70,-0.24,,
2018-11-04,-2.32,-1.40,,
2018-11-05,-2.75,-1.40,,
2018-11-06,-3.39,-1.37,,
2018-11-07,-2.97,-1.72,,
2018-11-08,-2.16,-1.20,,
2018-11-09,-2.05,-0.75,,
2018-11-10,-1.90,-1.38,,
2018-11-11,-0.88,-1.58,,
2018-11-12,-2.01,-0.77,,
2018-11-13,-1.78,-1.11,,
2018-11-14,4.74,0.67,,
2018-11-15,5.84,2.01,,
2018-11-16,3.35,1.02,,
2018-11-17,3.12,1.20,,
2018-11-18,4.19,1.95,,
2018-11-19,3.07,0.88,,
2018-11-20,-2.66,-1.60,,
2018-11-21,-3.68,-2.67,,
2018-11-22,-2.93,-1.83,,
2018-11-23,-1.81,-0.81,,
2018-11-24,-1.81,-0.62,,
2018-11-25,-2.69,-0.57,,
2018-11-26,-2.06,-0.75,,
2018-11-27,3.49,1.20,,
2018-11-28,2.63,0.61,,
2018-11-29,2.49,0.00,,
2018-11-30,-1.02,-1.71,,
2018-12-01,-2.39,-1.32,,
2018-12-02,-1.91,-1.49,,
2018-12-03,-1.97,-1.00,,
2018-12-04,0.85,-2.22,,
2018-12-05,-1.20,-1.72,,
2018-12-06,-3.05,-1.69,,
2018-12-07,-3.12,-1.95,,
2018-12-08,-2.28,-1.78,,
2018-12-09,1.56,-1.93,,
2018-12-10,-0.86,-2.81,,
2018-12-11,2.76,-2.15,,
2018-12-12,3.05,1.23,,
2018-12-13,-1.86,1.73,,
2018-12-14,-2.34,-0.29,,
2018-12-15,4.84,1.03,,
2018-12-16,4.26,1.99,,
2018-12-17,3.79,1.53,,
2018-12-18,2.99,1.03,,
2018-12-19,-2.63,0.70,,
2018-12-20,1.76,1.83,,
2018-12-21,3.86,0.34,,
2018-12-22,3.05,1.17,,
2018-12-23,2.61,0.75,,
2018-12-24,-2.00,-3.93,,
2018-12-25,3.71,0.32,,
2018-12-26,-1.08,-1.34,,
2018-12-27,-2.86,-0.71,,
2018-12-28,-2.57,-0.64,,
2018-12-29,-1.17,-2.75,,
2018-12-30,-2.19,-2.44,,
2018-12-31,-2.66,-1.60,,
2019-01-01,-4.15,-1.51,,
2019-01-02,-4.71,-1.44,,
2019-01-03,-2.38,-1.67,,
2019-01-04,2.28,-0.78,,
2019-01-05,-0.41,-2.09,,
2019-01-06,-1.81,-1.68,,
2019-01-07,-2.04,-1.90,,
2019-01-08,-1.32,-1.32,,
2019-01-09,-1.38,-2.04,,
2019-01-10,-1.59,1.34,,
2019-01-11,3.76,1.37,,
2019-01-12,-2.82,-0.76,,
2019-01-13,-3.42,-1.82,,
2019-01-14,-1.63,-2.25,,
2019-01-15,2.54,0.00,,
2019-01-16,-2.42,-3.87,,
2019-01-17,-0.94,-2.72,,
2019-01-18,-1.27,-2.73,,
2019-01-19,-2.58,-1.20,,
2019-01-20,3.81,-0.13,,
2019-01-21,3.73,1.00,,
2019-01-22,1.46,1.32,,
2019-01-23,-2.37,1.42,,
2019-01-24,3.26,1.45,,
2019-01-25,3.34,1.56,,
2019-01-26,2.43,0.47,,
2019-01-27,1.38,-0.29,,
2019-01-28,4.47,0.39,,
2019-01-29,-2.77,0.49,,
2019-01-30,-2.37,0.12,,
2019-01-31,-3.15,-1.15,,
2019-02-01,-3.09,-1.58,,
2019-02-02,-2.73,-1.98,,
2019-02-03,-2.64,-1.07,,
2019-02-04,-2.75,-1.17,,
2019-02-05,-2.98,-2.01,,
2019-02-06,-5.42,-1.66,,
2019-02-07,-4.46,-1.71,,
2019-02-08,-5.23,-2.66,,
2019-02-09,-4.11,-3.45,,
2019-02-10,-1.22,-2.02,,
2019-02-11,-1.90,-1.28,,
2019-02-12,-2.68,-0.33,,
2019-02-13,3.98,0.99,,
2019-02-14,3.70,1.49,,
2019-02-15,-2.97,-0.10,,
2019-02-16,-3.49,-0.24,,
2019-02-17,-2.90,-1.54,,
2019-02-18,-2.41,-1.33,,
2019-02-19,-2.51,-1.76,,
2019-02-20,-2.31,-2.47,,
2019-02-21,-2.58,-1.81,,
2019-02-22,-2.91,-1.61,,
2019-02-23,-3.08,-2.16,,
2019-02-24,-2.52,-2.27,,
2019-02-25,-5.48,-3.03,,
2019-02-26,-5.45,-1.67,,
2019-02-27,-4.18,-1.77,,
2019-02-28,-3.22,-2.18,,
2019-03-01,-3.57,-2.41,,
2019-03-02,-3.08,-1.37,,
2019-03-03,-2.80,-1.43,,
2019-03-04,-2.97,-1.51,,
2019-03-05,-2.95,-2.15,,
2019-03-06,-3.23,-2.61,,
2019-03-07,-4.29,-2.79,,
2019-03-08,-4.46,-3.13,,
2019-03-09,-4.60,-1.86,,
2019-03-10,-3.70,-1.35,,
2019-03-11,-5.19,-2.53,,
2019-03-12,-5.92,-2.89,,
2019-03-13,-3.55,-1.66,,
2019-03-14,-3.86,-1.72,,
2019-03-15,-2.47,-3.80,,
2019-03-16,-4.28,-3.11,,
2019-03-17,-2.74,-1.58,,
2019-03-18,-2.23,-0.99,,
2019-03-19,2.48,0.17,,
2019-03-20,-0.33,3.11,,
2019-03-21,-2.36,-2.28,,
2019-03-22,-2.60,-1.44,,
2019-03-23,-4.07,-0.72,,
2019-03-24,-3.17,-0.06,,
2019-03-25,-2.63,0.23,,
2019-03-26,-2.44,0.04,,
2019-03-27,-2.68,-2.33,,
2019-03-28,-3.69,-2.21,,
2019-03-29,-2.84,-0.15,,
2019-03-30,-3.24,-0.57,,
2019-03-31,-3.64,-1.25,,
2019-04-01,-2.84,-0.25,,
2019-04-02,-2.22,-1.04,,
2019-04-03,-3.67,-1.64,,
2019-04-04,-5.05,-2.69,,
2019-04-05,-3.11,-0.89,,
2019-04-06,-3.28,-1.46,,
2019-04-07,-3.53,-1.72,,
2019-04-08,-1.88,-1.95,,
2019-04-09,3.75,1.00,,
2019-04-10,3.31,0.76,,
2019-04-11,-3.40,-1.04,,
2019-04-12,-2.97,-1.79,,
2019-04-13,-2.49,-1.44,,
2019-04-14,0.15,2.90,,
2019-04-15,3.24,0.28,,
2019-04-16,-3.44,-1.83,,
2019-04-17,-4.02,-1.63,,
2019-04-18,-3.58,-1.45,,
2019-04-19,4.03,0.35,,
2019-04-20,3.34,1.93,,
2019-04-21,-3.05,-0.37,,
2019-04-22,-4.41,-1.10,,
2019-04-23,-4.33,-1.66,,
2019-04-24,-3.98,-1.77,,
2019-04-25,-3.23,-1.44,,
2019-04-26,-1.92,-1.99,,
2019-04-27,-2.48,-1.05,,
2019-04-28,-3.18,-0.68,,
2019-04-29,-4.59,-2.14,,
2019-04-30,-4.75,-2.31,,
2019-05-01,-3.91,-1.82,,
2019-05-02,-3.67,-1.87,,
2019-05-03,-2.61,-1.16,,
2019-05-04,-2.49,-1.05,,
2019-05-05,-2.58,-1.74,,
2019-05-06,2.20,-2.28,,
2019-05-07,-3.95,-2.47,,
2019-05-08,-3.14,-1.81,,
2019-05-09,-3.64,-1.93,,
2019-05-10,-3.11,-2.10,,
2019-05-11,-1.35,-1.40,,
2019-05-12,-2.52,-0.92,,
2019-05-13,-2.72,-1.33,,
2019-05-14,-2.38,-1.38,,
2019-05-15,-1.93,-1.30,,
2019-05-16,-2.29,-2.06,,
2019-05-17,-2.87,-1.46,,
2019-05-18,-2.66,-0.76,,
2019-05-19,-2.75,-1.34,,
2019-05-20,-2.79,-1.55,,
2019-05-21,-3.51,-1.79,,
2019-05-22,-3.11,-2.02,,
2019-05-23,-5.22,-2.32,,
2019-05-24,-5.74,-3.45,,
2019-05-25,-4.35,-2.41,,
2019-05-26,-3.49,-1.70,,
2019-05-27,-3.13,-1.66,,
2019-05-28,-2.53,-1.29,,
2019-05-29,-2.22,-0.64,,
2019-05-30,-2.77,-0.10,,
2019-05-31,2.83,-0.05,,
2019-06-01,2.00,-0.81,,
2019-06-02,-2.43,-1.46,,
2019-06-03,-1.81,-1.63,,
2019-06-04,-2.21,-1.08,,
2019-06-05,-3.30,-1.14,,
2019-06-06,-2.37,-1.31,,
2019-06-07,-2.78,-1.01,,
2019-06-08,-2.33,-1.18,,
2019-06-09,-2.95,-0.41,,
2019-06-10,2.68,-0.82,,
2019-06-11,-0.75,-2.81,,
2019-06-12,-2.47,-1.21,,
2019-06-13,-2.24,-1.19,,
2019-06-14,-2.02,-1.47,,
2019-06-15,-3.62,-1.84,,
2019-06-16,-2.58,-2.24,,
2019-06-17,-2.69,-1.68,,
2019-06-18,-2.89,-2.79,,
2019-06-19,-3.45,-1.61,,
2019-06-20,-3.46,-1.61,,
2019-06-21,-3.27,-1.46,,
2019-06-22,-3.21,-1.04,,
2019-06-23,-3.90,-0.48,,
2019-06-24,-3.46,-1.61,,
2019-06-25,-4.18,-2.61,,
2019-06-26,-3.54,-1.96,,
2019-06-27,-5.14,-2.18,,
2019-06-28,-2.99,-1.21,,
2019-06-29,-2.55,-1.41,,
2019-06-30,-1.53,-2.36,,
2019-07-01,-2.60,-1.82,,
2019-07-02,-3.83,-1.87,,
2019-07-03,-5.27,-2.57,,
2019-07-04,-4.04,-2.83,,
2019-07-05,-2.97,-1.45,,
2019-07-06,-4.65,-1.88,,
2019-07-07,-3.14,-1.02,,
2019-07-08,-2.46,-1.66,,
2019-07-09,-2.99,-0.97,,
2019-07-10,-2.68,-0.97,,
2019-07-11,-3.06,-1.49,,
2019-07-12,-2.84,-1.26,,
2019-07-13,-2.94,-1.84,,
2019-07-14,-3.39,-1.88,,
2019-07-15,-3.94,-1.36,,
2019-07-16,-3.37,-0.84,,
2019-07-17,-5.13,-2.07,,
2019-07-18,-4.31,-1.92,,
2019-07-19,-4.39,-2.24,,
2019-07-20,-3.04,-0.87,,
2019-07-21,-2.04,-1.38,,
2019-07-22,-2.87,-0.93,,
2019-07-23,-3.17,-1.48,,
2019-07-24,-2.92,-1.42,,
2019-07-25,-3.18,-1.22,,
2019-07-26,-2.98,-1.86,,
2019-07-27,-3.74,-2.16,,
2019-07-28,-4.43,-1.52,,
2019-07-29,-2.45,-1.04,,
2019-07-30,-2.26,-0.82,,
2019-07-31,-1.46,-1.32,,
2019-08-01,-1.79,-0.99,,
2019-08-02,-2.26,-0.40,,
2019-08-03,-2.42,-1.34,,
2019-08-04,-2.54,-0.83,,
2019-08-05,-3.12,-0.95,,
2019-08-06,-3.31,-1.41,,
2019-08-07,-4.12,-1.50,,
2019-08-08,-3.28,-0.88,,
2019-08-09,-2.45,-0.34,,
2019-08-10,-1.75,-1.47,,
2019-08-11,-3.96,-1.29,,
2019-08-12,-3.15,-0.61,,
2019-08-13,-3.84,-1.55,,
2019-08-14,-3.55,-1.66,,
2019-08-15,-2.88,-0.72,,
2019-08-16,1.19,-2.96,,
2019-08-17,-3.18,-0.85,,
2019-08-18,-2.23,-1.29,,
2019-08-19,-2.35,-2.20,,
2019-08-20,-1.93,-1.74,,
2019-08-21,-1.14,-1.82,,
2019-08-22,-2.33,-0.94,,
2019-08-23,-3.11,-1.38,,
2019-08-24,-3.41,-1.59,,
2019-08-25,-3.39,-1.51,,
2019-08-26,-3.14,-1.47,,
2019-08-27,-3.51,-2.03,,
2019-08-28,-3.21,-2.42,,
2019-08-29,-3.22,-2.17,,
2019-08-30,-1.99,-0.76,,
2019-08-31,2.44,1.04,,
2019-09-01,1.49,-2.58,,
2019-09-02,2.99,-0.47,,
2019-09-03,1.01,-2.50,,
2019-09-04,-2.13,-1.33,,
2019-09-05,-3.38,-1.95,,
2019-09-06,-3.08,-1.71,,
2019-09-07,-2.65,0.23,,
2019-09-08,-2.15,-1.14,,
2019-09-09,-2.48,-0.90,,
2019-09-10,-2.67,-1.61,,
2019-09-11,-3.22,-0.34,,
2019-09-12,-1.92,-1.92,,
2019-09-13,-1.13,-1.89,,
2019-09-14,1.53,-1.96,,
2019-09-15,-2.15,-1.19,,
2019-09-16,-2.81,-0.97,,
2019-09-17,-1.84,-1.44,,
2019-09-18,-1.92,-0.41,,
2019-09-19,-2.21,-0.59,,
2019-09-20,-1.61,-1.12,,
2019-09-21,-1.65,-1.03,,
2019-09-22,2.08,-0.72,,
2019-09-23,2.30,0.57,,
2019-09-24,2.91,0.73,,
2019-09-25,1.96,0.49,,
2019-09-26,1.97,0.42,,
2019-09-27,-1.93,-1.56,,
2019-09-28,-2.26,-0.82,,
2019-09-29,-1.64,-1.64,,
2019-09-30,2.34,-0.85,,
2019-10-01,-1.31,-1.56,,
2019-10-02,2.50,0.13,,
2019-10-03,2.94,0.68,,
2019-10-04,2.51,0.04,,
2019-10-05,2.90,0.25,,
2019-10-06,2.42,-0.13,,
2019-10-07,2.50,0.09,,
2019-10-08,-1.92,-0.98,,
2019-10-09,1.62,-1.18,,
2019-10-10,-1.85,-1.85,,
2019-10-11,-3.26,-1.96,,
2019-10-12,-2.44,-1.77,,
2019-10-13,-2.29,-1.99,,
2019-10-14,-3.42,-2.87,,
2019-10-15,-1.34,-2.14,,
2019-10-16,-1.55,-1.25,,
2019-10-17,-2.13,0.78,,
2019-10-18,0.08,2.38,,
2019-10-19,-1.81,-0.03,,
2019-10-20,-1.86,-0.43,,
2019-10-21,-2.64,-0.14,,
2019-10-22,-0.46,-2.36,,
2019-10-23,0.36,-2.25,,
2019-10-24,-2.40,-1.22,,
2019-10-25,-2.10,-0.68,,
2019-10-26,2.56,-0.27,,
2019-10-27,3.25,0.28,,
2019-10-28,-1.92,-1.79,,
2019-10-29,-1.66,-1.00,,
2019-10-30,-2.35,-1.91,,
2019-10-31,-2.37,-1.00,,
2019-11-01,-1.60,-1.91,,
2019-11-02,2.94,-0.31,,
2019-11-03,2.32,0.94,,
2019-11-04,3.05,-0.21,,
2019-11-05,1.57,-1.27,,
2019-11-06,-1.51,-2.32,,
2019-11-07,-1.97,-2.34,,
2019-11-08,-1.75,-2.41,,
2019-11-09,2.47,0.39,,
2019-11-10,2.70,1.20,,
2019-11-11,2.32,0.54,,
2019-11-12,2.25,0.64,,
2019-11-13,3.65,1.26,,
2019-11-14,3.29,0.64,,
2019-11-15,2.62,1.11,,
2019-11-16,2.83,1.09,,
2019-11-17,3.03,0.64,,
2019-11-18,2.40,0.51,,
2019-11-19,2.83,0.60,,
2019-11-20,-2.03,-0.86,,
2019-11-21,-2.43,-0.26,,
2019-11-22,-2.13,-1.28,,
2019-11-23,-2.14,-0.82,,
2019-11-24,-1.66,-1.35,,
2019-11-25,-2.03,-0.51,,
2019-11-26,-3.47,-0.87,,
2019-11-27,-3.91,-1.66,,
2019-11-28,-4.86,-1.58,,
2019-11-29,-4.75,-3.08,,
2019-11-30,-1.90,-1.33,,
2019-12-01,-2.74,-0.79,,
2019-12-02,-1.96,-2.11,,
2019-12-03,2.39,0.73,,
2019-12-04,-2.09,-0.52,,
2019-12-05,-3.31,-1.34,,
2019-12-06,-3.23,-1.37,,
2019-12-07,-2.35,-1.77,,
2019-12-08,-2.50,-1.62,,
2019-12-09,-0.70,-2.44,,
2019-12-10,-2.63,-1.06,,
2019-12-11,-3.32,-2.24,,
2019-12-12,-3.44,-2.79,,
2019-12-13,2.04,-1.48,,
2019-12-14,0.98,-1.57,,
2019-12-15,-2.30,-0.84,,
2019-12-16,-2.81,-1.19,,
2019-12-17,-2.01,-0.98,,
2019-12-18,3.07,0.43,,
2019-12-19,5.47,1.36,,
2019-12-20,4.51,1.38,,
2019-12-21,4.74,1.72,,
2019-12-22,4.66,1.79,,
2019-12-23,3.56,1.51,,
2019-12-24,3.53,1.50,,
2019-12-25,2.40,-0.51,,
2019-12-26,-1.97,-0.80,,
2019-12-27,-2.12,-0.86,,
2019-12-28,-1.91,-1.50,,
2019-12-29,-1.68,-1.62,,
2019-12-30,2.07,-1.10,,
2019-12-31,-1.99,-1.99,,
2020-01-01,-2.42,-1.40,,
2020-01-02,-2.49,-0.81,,
2020-01-03,-2.06,-1.14,,
2020-01-04,3.18,1.48,,
2020-01-05,5.71,1.42,,
2020-01-06,4.07,1.56,,
2020-01-07,2.65,0.19,,
2020-01-08,-2.02,-4.33,,
2020-01-09,0.39,-3.70,,
2020-01-10,-3.06,-1.49,,
2020-01-11,-2.19,-1.59,,
2020-01-12,-3.85,-1.63,,
2020-01-13,-5.15,-1.98,,
2020-01-14,-6.43,-3.00,,
2020-01-15,-5.84,-3.94,,
2020-01-16,-4.72,-3.30,,
2020-01-17,-5.61,-3.50,,
2020-01-18,-5.23,-3.94,,
2020-01-19,-2.24,-3.32,,
2020-01-20,1.80,-2.67,,
2020-01-21,2.54,-0.04,,
2020-01-22,2.39,1.44,,
2020-01-23,-2.45,-0.00,,
2020-01-24,-1.81,-1.22,,
2020-01-25,-3.14,-2.12,,
2020-01-26,-2.22,-1.04,,
2020-01-27,-2.32,-0.62,,
2020-01-28,-2.34,-0.41,,
2020-01-29,-2.24,-1.14,,
2020-01-30,1.51,-1.93,,
2020-01-31,-2.20,-1.17,,
2020-02-01,2.40,-0.73,,
2020-02-02,0.38,-2.69,,
2020-02-03,2.24,0.73,,
2020-02-04,-2.80,-1.24,,
2020-02-05,-2.95,-1.13,,
2020-02-06,-1.77,-1.38,,
2020-02-07,-0.25,3.58,,
2020-02-08,-3.57,-2.50,,
2020-02-09,-5.29,-2.58,,
2020-02-10,-4.38,-1.34,,
2020-02-11,-3.46,-1.40,,
2020-02-12,-3.45,-1.19,,
2020-02-13,-2.74,-1.28,,
2020-02-14,-2.72,-2.63,,
2020-02-15,-4.94,-3.33,,
2020-02-16,-2.74,-2.74,,
2020-02-17,-4.92,-2.40,,
2020-02-18,-4.15,-1.51,,
2020-02-19,-3.71,-2.32,,
2020-02-20,-4.68,-3.16,,
2020-02-21,-2.97,-1.65,,
2020-02-22,-3.16,-2.65,,
2020-02-23,-2.84,-3.15,,
2020-02-24,-2.75,-0.43,,
2020-02-25,-2.71,-1.32,,
2020-02-26,-0.56,-2.10,,
2020-02-27,4.33,0.30,,
2020-02-28,3.99,0.99,,
2020-02-29,2.66,1.41,,
2020-03-01,-2.85,-2.85,,
2020-03-02,-3.71,-0.99,,
2020-03-03,-2.92,-1.49,,
2020-03-04,-2.80,-1.75,,
2020-03-05,-2.45,-1.36,,
2020-03-06,2.63,-1.17,,
2020-03-07,4.89,1.78,,
2020-03-08,4.32,-0.08,,
2020-03-09,-6.56,-3.06,,
2020-03-10,-4.62,-3.74,,
2020-03-11,-2.45,-1.31,,
2020-03-12,-2.38,-0.91,,
2020-03-13,-3.85,-1.11,,
2020-03-14,-4.75,-1.92,,
2020-03-15,-4.54,-2.12,,
2020-03-16,-4.37,-2.32,,
2020-03-17,-4.20,-1.28,,
2020-03-18,-4.25,-1.81,,
2020-03-19,-4.13,-1.58,,
2020-03-20,-3.88,-1.64,,
2020-03-21,-5.15,-2.40,,
2020-03-22,-4.46,-2.47,,
2020-03-23,-4.90,-1.88,,
2020-03-24,-3.73,-1.74,,
2020-03-25,-2.99,-2.17,,
2020-03-26,-3.41,-1.52,,
2020-03-27,-3.68,-1.87,,
2020-03-28,-3.86,-1.80,,
2020-03-29,-4.63,-2.46,,
2020-03-30,-3.25,-2.19,,
2020-03-31,-2.77,-1.47,,
2020-04-01,-2.20,-1.91,,
2020-04-02,-2.53,-1.34,,
2020-04-03,-3.13,-1.66,,
2020-04-04,-3.49,-2.10,,
2020-04-05,-3.77,-2.00,,
2020-04-06,-3.04,-2.64,,
2020-04-07,-3.24,-1.80,,
2020-04-08,-4.34,-2.31,,
2020-04-09,-3.42,-1.18,,
2020-04-10,-3.58,-1.52,,
2020-04-11,-2.56,-2.00,,
2020-04-12,-3.07,-1.99,,
2020-04-13,-2.46,-0.85,,
2020-04-14,-2.60,-1.96,,
2020-04-15,-2.59,-2.50,,
2020-04-16,-2.49,-2.24,,
2020-04-17,-3.16,-2.38,,
2020-04-18,-3.71,-1.81,,
2020-04-19,-3.76,-1.83,,
2020-04-20,-2.48,-0.76,,
2020-04-21,-2.73,-1.51,,
2020-04-22,-3.42,-2.14,,
2020-04-23,-3.50,-1.78,,
2020-04-24,-2.20,-1.22,,
2020-04-25,-2.55,-1.99,,
2020-04-26,-2.71,-2.71,,
2020-04-27,-5.46,-3.68,,
2020-04-28,-4.79,-2.13,,
2020-04-29,-2.93,-1.76,,
2020-04-30,-2.09,-1.26,,
2020-05-01,0.14,-4.03,,
2020-05-02,-2.75,-1.46,,
2020-05-03,-3.64,-1.32,,
2020-05-04,-4.02,-1.31,,
2020-05-05,-3.69,-1.42,,
2020-05-06,-3.18,-2.23,,
2020-05-07,-3.48,-2.35,,
2020-05-08,-3.87,-1.89,,
2020-05-09,-2.91,-1.68,,
2020-05-10,3.02,0.64,,
2020-05-11,3.04,1.29,,
2020-05-12,-1.84,-1.97,,
2020-05-13,-2.66,-0.71,,
2020-05-14,-2.41,-1.17,,
2020-05-15,-2.10,-1.52,,
2020-05-16,-2.81,-1.08,,
2020-05-17,-2.68,-1.55,,
2020-05-18,2.69,0.87,,
2020-05-19,-2.12,0.04,,
2020-05-20,-2.68,-0.97,,
2020-05-21,-2.48,-1.10,,
2020-05-22,-2.55,-0.88,,
2020-05-23,-2.47,-1.43,,
2020-05-24,-2.48,-1.00,,
2020-05-25,-2.87,-1.04,,
2020-05-26,-3.03,-1.29,,
2020-05-27,1.46,1.94,,
2020-05-28,-2.98,-1.52,,
2020-05-29,-2.37,-1.92,,
2020-05-30,-1.82,-1.88,,
2020-05-31,-1.75,-1.47,,
2020-06-01,-1.55,-0.59,,
2020-06-02,-1.08,-1.66,,
2020-06-03,-2.05,-0.22,,
2020-06-04,-1.46,-0.85,,
2020-06-05,0.49,2.10,,
2020-06-06,2.47,0.04,,
2020-06-07,-2.47,-0.26,,
2020-06-08,-2.23,-0.72,,
2020-06-09,-2.76,-1.41,,
2020-06-10,-2.54,-1.24,,
2020-06-11,-2.37,-2.82,,
2020-06-12,-2.32,-1.51,,
2020-06-13,-1.41,-1.36,,
2020-06-14,-1.17,-1.79,,
2020-06-15,-1.48,-2.20,,
2020-06-16,-1.39,-2.14,,
2020-06-17,-2.82,-1.43,,
2020-06-18,0.23,-2.59,,
2020-06-19,-2.09,-1.58,,
2020-06-20,-3.68,-1.64,,
2020-06-21,-4.78,-1.74,,
2020-06-22,-3.77,-1.15,,
2020-06-23,-4.08,-1.41,,
2020-06-24,-2.74,-1.99,,
2020-06-25,-3.45,-1.12,,
2020-06-26,-5.48,-2.10,,
2020-06-27,-5.00,-2.12,,
2020-06-28,-3.71,-1.89,,
2020-06-29,-3.47,-1.00,,
2020-06-30,-2.43,-2.26,,
2020-07-01,-3.83,-1.63,,
2020-07-02,-2.99,-0.64,,
2020-07-03,-2.04,-1.48,,
2020-07-04,-3.13,-1.20,,
2020-07-05,-2.85,-1.27,,
2020-07-06,-3.33,-1.15,,
2020-07-07,-3.75,-1.59,,
2020-07-08,-3.05,-1.42,,
2020-07-09,-3.27,-0.88,,
2020-07-10,-3.65,-1.40,,
2020-07-11,-2.96,-1.85,,
2020-07-12,-3.38,-1.65,,
2020-07-13,-3.77,-1.52,,
2020-07-14,-3.82,-1.39,,
2020-07-15,-3.99,-1.22,,
2020-07-16,-3.64,-1.54,,
2020-07-17,-2.34,-1.46,,
2020-07-18,-1.30,-2.08,,
2020-07-19,-2.22,-1.08,,
2020-07-20,-2.32,-0.75,,
2020-07-21,-2.64,-0.86,,
2020-07-22,0.63,-2.71,,
2020-07-23,-2.30,-0.45,,
2020-07-24,-2.33,-0.62,,
2020-07-25,-2.83,-1.03,,
2020-07-26,-2.83,-0.92,,
2020-07-27,-2.53,-2.05,,
2020-07-28,-3.11,-1.19,,
2020-07-29,-2.69,-1.26,,
2020-07-30,-3.44,-0.61,,
2020-07-31,-2.70,-1.44,,
2020-08-01,-1.82,0.56,,
2020-08-02,-1.71,-0.40,,
2020-08-03,2.05,-0.91,,
2020-08-04,1.44,-2.30,,
2020-08-05,-2.57,-1.25,,
2020-08-06,-2.80,-1.36,,
2020-08-07,-2.56,-1.73,,
2020-08-08,-2.87,-1.28,,
2020-08-09,-4.13,-1.93,,
2020-08-10,-5.64,-2.40,,
2020-08-11,-5.15,-2.19,,
2020-08-12,-3.16,-1.68,,
2020-08-13,-2.75,-1.86,,
2020-08-14,-3.26,-1.45,,
2020-08-15,-4.47,-1.99,,
2020-08-16,-2.80,-1.19,,
2020-08-17,-2.16,-0.38,,
2020-08-18,0.53,2.48,,
2020-08-19,-0.84,-2.07,,
2020-08-20,-2.32,-0.75,,
2020-08-21,-2.71,-0.63,,
2020-08-22,-0.22,2.52,,
2020-08-23,1.98,1.66,,
2020-08-24,-2.22,-0.16,,
2020-08-25,2.18,-1.26,,
2020-08-26,-2.76,0.05,,
2020-08-27,0.04,2.49,,
2020-08-28,-1.91,-0.03,,
2020-08-29,-2.46,-0.71,,
2020-08-30,-1.97,-1.38,,
2020-08-31,-2.79,-1.36,,
2020-09-01,-3.88,-1.26,,
2020-09-02,-2.46,-0.75,,
2020-09-03,-2.07,3.59,,
2020-09-04,-2.97,-1.02,,
2020-09-05,-2.42,-1.45,,
2020-09-06,-2.59,-1.44,,
2020-09-07,-1.84,-1.43,,
2020-09-08,-2.47,-0.30,,
2020-09-09,-2.02,-0.90,,
2020-09-10,-2.43,-1.08,,
2020-09-11,-2.95,-1.25,,
2020-09-12,2.62,-0.61,,
2020-09-13,2.45,-1.36,,
2020-09-14,-0.92,-2.54,,
2020-09-15,2.00,1.40,,
2020-09-16,2.13,1.79,,
2020-09-17,-1.80,-1.45,,
2020-09-18,1.17,1.73,,
2020-09-19,2.76,-0.05,,
2020-09-20,2.05,-0.96,,
2020-09-21,2.51,-0.67,,
2020-09-22,1.01,-1.98,,
2020-09-23,0.09,-2.62,,
2020-09-24,-2.02,-1.58,,
2020-09-25,-2.80,-0.39,,
2020-09-26,-1.10,-2.07,,
2020-09-27,-1.96,-0.10,,
2020-09-28,-2.57,-1.14,,
2020-09-29,-2.47,-1.31,,
2020-09-30,2.24,-1.09,,
2020-10-01,2.68,-0.42,,
2020-10-02,3.43,1.25,,
2020-10-03,4.95,1.70,,
2020-10-04,5.43,1.76,,
2020-10-05,4.83,2.25,,
2020-10-06,5.17,1.88,,
2020-10-07,3.09,1.71,,
2020-10-08,1.57,1.27,,
2020-10-09,-1.26,1.87,,
2020-10-10,-1.72,0.69,,
2020-10-11,-2.09,0.33,,
2020-10-12,-3.20,-1.04,,
2020-10-13,-3.59,-1.45,,
2020-10-14,-1.25,-2.57,,
2020-10-15,-1.66,-2.05,,
2020-10-16,-2.84,-1.70,,
2020-10-17,-2.38,-1.27,,
2020-10-18,1.79,-1.21,,
2020-10-19,2.20,-0.85,,
2020-10-20,3.12,0.84,,
2020-10-21,3.72,1.50,,
2020-10-22,3.04,1.05,,
2020-10-23,2.43,0.98,,
2020-10-24,3.56,1.16,,
2020-10-25,3.91,1.99,,
2020-10-26,4.20,1.78,,
2020-10-27,2.89,-0.77,,
2020-10-28,-1.69,-0.65,,
2020-10-29,1.98,0.24,,
2020-10-30,1.12,-1.38,,
2020-10-31,2.98,0.63,,
2020-11-01,2.31,0.28,,
2020-11-02,2.52,0.54,,
2020-11-03,3.43,0.18,,
2020-11-04,6.44,0.68,,
2020-11-05,2.27,-4.65,,
2020-11-06,4.34,1.08,,
2020-11-07,4.72,1.81,,
2020-11-08,4.26,1.99,,
2020-11-09,3.41,1.38,,
2020-11-10,2.65,0.96,,
2020-11-11,-0.34,2.12,,
2020-11-12,-0.87,2.26,,
2020-11-13,2.48,0.90,,
2020-11-14,-1.60,-0.40,,
2020-11-15,-1.81,-0.81,,
2020-11-16,-1.28,-1.76,,
2020-11-17,4.01,-0.93,,
2020-11-18,-3.23,-7.26,,
2020-11-19,-5.23,-3.67,,
2020-11-20,-3.14,-3.04,,
2020-11-21,-1.78,-4.39,,
2020-11-22,-0.81,-3.01,,
2020-11-23,2.06,-1.99,,
2020-11-24,-0.60,-3.41,,
2020-11-25,-2.00,-0.81,,
2020-11-26,-3.90,-2.08,,
2020-11-27,-2.62,-1.90,,
2020-11-28,-2.80,-1.49,,
2020-11-29,-2.70,0.05,,
2020-11-30,-0.27,-1.73,,
2020-12-01,2.62,-0.05,,
2020-12-02,3.78,1.68,,
2020-12-03,2.85,0.05,,
2020-12-04,2.03,0.86,,
2020-12-05,2.10,0.85,,
2020-12-06,0.24,1.94,,
2020-12-07,3.46,1.19,,
2020-12-08,3.61,0.97,,
2020-12-09,2.77,0.64,,
2020-12-10,2.47,1.37,,
2020-12-11,-1.48,-1.83,,
2020-12-12,-2.78,-0.24,,
2020-12-13,-2.25,-0.77,,
2020-12-14,-2.00,-1.50,,
2020-12-15,-1.56,-1.56,,
2020-12-16,-2.48,-0.44,,
2020-12-17,2.58,-0.99,,
2020-12-18,-3.67,-2.76,,
2020-12-19,-2.91,-2.62,,
2020-12-20,-1.77,-1.48,,
2020-12-21,-2.96,-2.48,,
2020-12-22,-4.24,-2.65,,
2020-12-23,-3.51,-2.75,,
2020-12-24,-2.81,-0.97,,
2020-12-25,0.27,-2.59,,
2020-12-26,3.67,0.58,,
2020-12-27,3.11,0.44,,
2020-12-28,-1.92,-1.30,,
2020-12-29,-2.20,-2.72,,
2020-12-30,-1.34,-1.71,,
2020-12-31,-2.55,-0.50,,
2021-01-01,-2.35,-0.67,,
2021-01-02,0.24,-2.71,,
2021-01-03,-2.76,-2.48,,
2021-01-04,-1.99,-2.55,,
2021-01-05,-2.29,-0.79,,
2021-01-06,-1.70,-0.42,,
2021-01-07,-1.82,-1.14,,
2021-01-08,-0.37,-2.33,,
2021-01-09,3.36,0.24,,
2021-01-10,2.17,0.11,,
2021-01-11,1.95,0.95,,
2021-01-12,2.54,1.65,,
2021-01-13,3.52,1.21,,
2021-01-14,3.57,1.59,,
2021-01-15,-2.08,0.48,,
2021-01-16,-1.53,-0.89,,
2021-01-17,1.55,-0.76,,
2021-01-18,-2.01,-1.95,,
2021-01-19,2.50,-2.25,,
2021-01-20,-4.99,-2.43,,
2021-01-21,-3.13,-3.86,,
2021-01-22,-2.11,-1.42,,
2021-01-23,-2.03,-0.95,,
2021-01-24,-3.34,-1.21,,
2021-01-25,-3.02,-1.47,,
2021-01-26,-2.49,-1.44,,
2021-01-27,-2.21,-1.85,,
2021-01-28,-3.53,-3.18,,
2021-01-29,-1.96,-3.27,,
2021-01-30,-4.51,-3.28,,
2021-01-31,-1.70,-2.42,,
2021-02-01,-1.29,-2.89,,
2021-02-02,3.28,-0.17,,
2021-02-03,-1.74,1.52,,
2021-02-04,-2.06,-1.44,,
2021-02-05,-2.95,-0.85,,
2021-02-06,-1.95,-1.75,,
2021-02-07,2.24,1.14,,
2021-02-08,-2.65,-0.52,,
2021-02-09,-3.31,-1.54,,
2021-02-10,-2.61,-1.83,,
2021-02-11,-2.92,-1.12,,
2021-02-12,-2.70,-1.20,,
2021-02-13,2.73,-1.22,,
2021-02-14,-0.29,-2.09,,
2021-02-15,-2.46,-1.09,,
2021-02-16,3.33,1.08,,
2021-02-17,-3.22,-0.57,,
2021-02-18,-2.37,-1.48,,
2021-02-19,2.50,-1.95,,
2021-02-20,4.41,-0.39,,
2021-02-21,4.49,1.55,,
2021-02-22,-0.37,-2.12,,
2021-02-23,-2.52,-1.90,,
2021-02-24,-3.25,-2.03,,
2021-02-25,-5.08,-2.37,,
2021-02-26,-4.16,-2.21,,
2021-02-27,-3.20,-1.56,,
2021-02-28,-3.40,-1.58,,
2021-03-01,-3.10,-1.65,,
2021-03-02,-3.37,-1.16,,
2021-03-03,-3.50,-2.10,,
2021-03-04,-2.29,0.44,,
2021-03-05,-2.63,-0.91,,
2021-03-06,-3.11,-1.13,,
2021-03-07,-2.19,-2.81,,
2021-03-08,-1.29,-3.97,,
2021-03-09,-2.60,-2.70,,
2021-03-10,-2.62,-4.73,,
2021-03-11,-3.80,-1.61,,
2021-03-12,-3.68,-2.04,,
2021-03-13,-4.71,-2.51,,
2021-03-14,-3.26,-0.93,,
2021-03-15,-2.88,-1.22,,
2021-03-16,-2.72,-2.20,,
2021-03-17,-3.40,-1.44,,
2021-03-18,-2.56,-1.14,,
2021-03-19,-0.30,-3.40,,
2021-03-20,2.59,-2.78,,
2021-03-21,3.58,1.37,,
2021-03-22,-1.75,-0.93,,
2021-03-23,-3.61,-1.04,,
2021-03-24,-2.60,-1.62,,
2021-03-25,-2.62,-1.70,,
2021-03-26,-2.96,-1.51,,
2021-03-27,-2.76,-2.49,,
2021-03-28,-3.86,-1.64,,
2021-03-29,-6.19,-2.63,,
2021-03-30,-5.49,-2.44,,
2021-03-31,-5.01,-2.66,,
2021-04-01,-5.16,-2.63,,
2021-04-02,-3.97,-3.22,,
2021-04-03,-3.83,-5.09,,
2021-04-04,-0.20,-3.81,,
2021-04-05,-2.04,-2.44,,
2021-04-06,-2.12,-0.53,,
2021-04-07,-3.71,-1.21,,
2021-04-08,-3.01,-1.04,,
2021-04-09,-2.97,-1.26,,
2021-04-10,-2.73,-1.10,,
2021-04-11,-2.51,-1.07,,
2021-04-12,-2.19,-1.31,,
2021-04-13,-3.43,-2.32,,
2021-04-14,-4.37,-2.32,,
2021-04-15,-3.37,-1.79,,
2021-04-16,-2.71,-1.26,,
2021-04-17,-2.87,-1.73,,
2021-04-18,2.70,-0.38,,
2021-04-19,3.10,0.60,,
2021-04-20,-2.61,-0.41,,
2021-04-21,-2.02,-1.22,,
2021-04-22,-3.32,-1.84,,
2021-04-23,-3.65,-1.62,,
2021-04-24,-3.25,-1.59,,
2021-04-25,-2.42,-1.82,,
2021-04-26,-2.52,-2.79,,
2021-04-27,-3.72,-1.74,,
2021-04-28,-3.81,-1.62,,
2021-04-29,-3.25,-1.31,,
2021-04-30,-3.23,-1.64,,
2021-05-01,-2.81,-1.75,,
2021-05-02,-3.01,-1.09,,
2021-05-03,-2.89,-1.17,,
2021-05-04,-2.67,-1.42,,
2021-05-05,-2.52,-1.12,,
2021-05-06,2.26,-1.10,,
2021-05-07,-1.66,-1.84,,
2021-05-08,-3.98,-2.30,,
2021-05-09,-3.90,-1.99,,
2021-05-10,-3.86,-1.56,,
2021-05-11,-3.77,-2.36,,
2021-05-12,-3.82,-1.95,,
2021-05-13,-5.59,-3.23,,
2021-05-14,-3.63,-3.16,,
2021-05-15,-3.99,-2.90,,
2021-05-16,-3.26,-1.00,,
2021-05-17,-3.36,-1.36,,
2021-05-18,-2.81,-1.14,,
2021-05-19,-3.21,-1.04,,
2021-05-20,-3.06,-1.36,,
2021-05-21,-1.02,-2.39,,
2021-05-22,-3.30,-1.83,,
2021-05-23,-4.75,-1.92,,
2021-05-24,-4.80,-2.34,,
2021-05-25,-4.80,-2.14,,
2021-05-26,-5.55,-2.59,,
2021-05-27,-5.34,-2.49,,
2021-05-28,-3.21,-1.70,,
2021-05-29,-2.80,-1.24,,
2021-05-30,-3.08,-1.37,,
2021-05-31,-4.13,-1.50,,
2021-06-01,-3.99,-2.39,,
2021-06-02,-3.38,-1.10,,
2021-06-03,-3.13,-1.40,,
2021-06-04,-2.73,-1.71,,
2021-06-05,-3.25,-2.03,,
2021-06-06,-2.97,-2.08,,
2021-06-07,-3.31,-1.83,,
2021-06-08,-3.88,-1.65,,
2021-06-09,-2.84,-1.20,,
2021-06-10,-2.96,-1.32,,
2021-06-11,-2.55,-1.53,,
2021-06-12,-0.21,-2.37,,
2021-06-13,1.79,0.95,,
2021-06-14,-1.72,-0.84,,
2021-06-15,-1.77,-0.38,,
2021-06-16,-2.41,-1.02,,
2021-06-17,-1.96,-1.27,,
2021-06-18,-2.72,0.38,,
2021-06-19,-3.20,-1.17,,
2021-06-20,-2.55,-1.24,,
2021-06-21,-3.34,-0.96,,
2021-06-22,-2.99,-1.15,,
2021-06-23,-2.68,-1.55,,
2021-06-24,-1.82,-1.95,,
2021-06-25,-3.32,-0.95,,
2021-06-26,-2.19,-0.51,,
2021-06-27,-1.25,-1.99,,
2021-06-28,-1.83,-0.85,,
2021-06-29,-2.57,-0.79,,
2021-06-30,-2.02,-1.42,,
2021-07-01,-2.34,-1.09,,
2021-07-02,-2.46,-1.66,,
2021-07-03,-4.08,-2.08,,
2021-07-04,-2.90,-1.11,,
2021-07-05,-3.14,-1.14,,
2021-07-06,-2.11,-0.89,,
2021-07-07,-2.54,-0.92,,
2021-07-08,-3.24,-2.27,,
2021-07-09,-3.51,-1.64,,
2021-07-10,-6.37,-2.07,,
2021-07-11,-4.41,-1.69,,
2021-07-12,-3.82,-1.78,,
2021-07-13,-5.31,-2.36,,
2021-07-14,-4.76,-1.19,,
2021-07-15,-5.21,-2.11,,
2021-07-16,-2.43,-0.89,,
2021-07-17,-2.09,-1.31,,
2021-07-18,-4.60,-2.05,,
2021-07-19,-4.46,-2.27,,
2021-07-20,-3.74,-2.07,,
2021-07-21,-3.38,-1.03,,
2021-07-22,-5.42,-1.97,,
2021-07-23,-4.16,-2.21,,
2021-07-24,-1.48,-1.64,,
2021-07-25,-2.26,-1.10,,
2021-07-26,-2.65,0.23,,
2021-07-27,-2.69,-1.31,,
2021-07-28,-2.79,-1.95,,
2021-07-29,-3.22,-1.43,,
2021-07-30,-3.76,-1.59,,
2021-07-31,-3.86,-2.14,,
2021-08-01,-3.11,-1.58,,
2021-08-02,-3.86,-2.61,,
2021-08-03,-3.10,-0.72,,
2021-08-04,-2.01,-1.41,,
2021-08-05,-3.59,-1.24,,
2021-08-06,-3.31,-1.27,,
2021-08-07,-2.95,-1.13,,
2021-08-08,-2.65,-1.29,,
2021-08-09,-2.90,-1.23,,
2021-08-10,-2.87,-1.40,,
2021-08-11,-3.00,-1.03,,
2021-08-12,-1.84,-1.19,,
2021-08-13,-2.22,-1.04,,
2021-08-14,-2.40,-0.64,,
2021-08-15,-1.91,-1.85,,
2021-08-16,-2.24,-0.48,,
2021-08-17,-2.89,-0.77,,
2021-08-18,-2.90,-0.89,,
2021-08-19,-2.48,-1.11,,
2021-08-20,-1.59,-2.19,,
2021-08-21,-2.89,-1.41,,
2021-08-22,-3.67,-0.91,,
2021-08-23,-2.68,-1.55,,
2021-08-24,-3.38,-0.54,,
2021-08-25,-5.08,-2.26,,
2021-08-26,-1.69,-1.47,,
2021-08-27,1.77,1.48,,
2021-08-28,-1.40,1.80,,
2021-08-29,-2.60,-0.84,,
2021-08-30,-2.15,-1.51,,
2021-08-31,-2.58,-0.60,,
2021-09-01,-2.23,-1.56,,
2021-09-02,-3.63,-2.01,,
2021-09-03,-2.04,-1.23,,
2021-09-04,-1.55,-1.72,,
2021-09-05,-1.35,-1.73,,
2021-09-06,-2.36,-1.47,,
2021-09-07,-2.65,-0.86,,
2021-09-08,-2.16,-1.15,,
2021-09-09,-2.35,-1.30,,
2021-09-10,-1.61,-2.06,,
2021-09-11,-3.04,-0.48,,
2021-09-12,-2.36,-1.31,,
2021-09-13,-2.06,-2.06,,
2021-09-14,-2.59,-1.21,,
2021-09-15,-2.72,-1.15,,
2021-09-16,-2.31,-0.53,,
2021-09-17,-1.70,-1.64,,
2021-09-18,-2.20,-1.91,,
2021-09-19,-3.56,-1.44,,
2021-09-20,-3.23,-1.05,,
2021-09-21,-2.86,-1.34,,
2021-09-22,-1.76,-1.64,,
2021-09-23,2.97,0.16,,
2021-09-24,2.85,-0.50,,
2021-09-25,-1.11,-1.33,,
2021-09-26,-2.54,-1.47,,
2021-09-27,-2.60,-0.90,,
2021-09-28,-3.06,-0.71,,
2021-09-29,-2.57,-0.79,,
2021-09-30,-2.97,-1.02,,
2021-10-01,-2.78,-1.30,,
2021-10-02,-3.47,-1.77,,
2021-10-03,-2.30,-1.22,,
2021-10-04,-1.74,-1.17,,
2021-10-05,-1.59,-0.88,,
2021-10-06,-2.32,-1.08,,
2021-10-07,-0.24,-2.29,,
2021-10-08,-3.67,-1.95,,
2021-10-09,-2.39,-1.49,,
2021-10-10,-1.66,-0.57,,
2021-10-11,-2.46,-0.43,,
2021-10-12,-2.44,-0.94,,
2021-10-13,-1.88,-1.75,,
2021-10-14,-2.08,-1.57,,
2021-10-15,-2.55,-1.41,,
2021-10-16,2.31,-1.87,,
2021-10-17,3.19,-1.04,,
2021-10-18,2.52,-1.34,,
2021-10-19,-0.21,-3.05,,
2021-10-20,-1.96,-2.51,,
2021-10-21,-0.39,-2.23,,
2021-10-22,-1.99,-1.92,,
2021-10-23,-2.16,-1.51,,
2021-10-24,-1.60,-1.30,,
2021-10-25,-2.12,1.13,,
2021-10-26,-2.62,-0.95,,
2021-10-27,-2.44,-0.34,,
2021-10-28,-2.20,-0.47,,
2021-10-29,3.53,1.65,,
2021-10-30,3.63,1.47,,
2021-10-31,3.03,1.16,,
2021-11-01,-1.93,-1.35,,
2021-11-02,1.94,2.77,,
2021-11-03,3.13,1.27,,
2021-11-04,1.66,-1.20,,
2021-11-05,2.75,1.34,,
2021-11-06,3.11,1.58,,
2021-11-07,2.82,1.76,,
2021-11-08,0.99,2.59,,
2021-11-09,0.75,3.03,,
2021-11-10,-0.10,2.78,,
2021-11-11,-2.45,-0.43,,
2021-11-12,-2.18,1.01,,
2021-11-13,2.36,0.21,,
2021-11-14,2.53,0.63,,
2021-11-15,2.65,-1.79,,
2021-11-16,-1.36,-2.35,,
2021-11-17,2.48,0.17,,
2021-11-18,-0.87,-1.70,,
2021-11-19,0.15,-2.94,,
2021-11-20,2.38,0.33,,
2021-11-21,2.06,-0.47,,
2021-11-22,2.02,0.86,,
2021-11-23,1.37,2.81,,
2021-11-24,2.65,1.47,,
2021-11-25,0.25,2.01,,
2021-11-26,2.37,0.82,,
2021-11-27,1.97,0.64,,
2021-11-28,1.60,1.30,,
2021-11-29,1.50,1.99,,
2021-11-30,2.49,1.11,,
2021-12-01,1.83,-1.38,,
2021-12-02,1.80,-1.12,,
2021-12-03,-0.11,-2.19,,
2021-12-04,-2.21,-1.79,,
2021-12-05,-2.38,-1.49,,
2021-12-06,-2.05,-0.22,,
2021-12-07,-3.29,-2.13,,
2021-12-08,-3.13,-2.27,,
2021-12-09,-3.05,-2.13,,
2021-12-10,-3.69,-2.05,,
2021-12-11,-2.51,-1.17,,
2021-12-12,-3.39,-2.37,,
2021-12-13,-0.28,-1.97,,
2021-12-14,-1.66,-3.00,,
2021-12-15,-2.38,-3.04,,
2021-12-16,-1.17,-2.76,,
2021-12-17,-2.50,-1.68,,
2021-12-18,-2.08,-1.15,,
2021-12-19,-2.10,-1.41,,
2021-12-20,1.78,-1.29,,
2021-12-21,3.07,1.06,,
2021-12-22,3.35,1.42,,
2021-12-23,-1.78,1.34,,
2021-12-24,-2.18,0.23,,
2021-12-25,-2.06,-1.61,,
2021-12-26,-2.64,-1.01,,
2021-12-27,-2.25,-0.52,,
2021-12-28,-2.49,-0.71,,
2021-12-29,-2.69,-1.20,,
2021-12-30,-2.12,-1.91,,
2021-12-31,-2.16,-1.51,,
2022-01-01,-2.37,-2.63,0.046,-0.052
2022-01-02,-3.32,-1.08,0.036,-0.042
2022-01-03,0.07,-3.92,0.038,-0.053
2022-01-04,3.59,-3.12,-0.005,-0.035
2022-01-05,2.92,0.84,0.080,-0.004
2022-01-06,-2.44,-0.65,0.017,-0.007
2022-01-07,-2.38,-1.73,0.033,-0.012
2022-01-08,-3.02,-1.41,0.022,-0.050
2022-01-09,-3.01,-1.96,0.007,-0.043
2022-01-10,-2.30,-1.93,0.002,-0.009
2022-01-11,2.44,0.56,0.032,-0.021
2022-01-12,1.92,-1.11,-0.023,-0.000
2022-01-13,3.44,0.73,0.028,-0.002
2022-01-14,-0.80,-2.34,0.000,-0.000
2022-01-15,-2.17,-0.88,0.000,-0.000
2022-01-16,3.82,0.74,0.050,-0.011
2022-01-17,4.05,1.01,0.104,-0.046
2022-01-18,-2.51,-0.35,-0.005,-0.000
2022-01-19,-2.92,-0.84,0.003,-0.005
2022-01-20,-2.37,-1.43,0.006,-0.018
2022-01-21,-2.43,-1.70,0.022,-0.017
2022-01-22,2.38,-1.01,0.060,0.000
2022-01-23,-1.94,-1.57,-0.016,-0.000
2022-01-24,-1.35,-1.85,-0.016,-0.009
2022-01-25,-2.70,-0.19,0.019,-0.010
2022-01-26,2.94,0.63,0.032,0.000
2022-01-27,3.16,0.56,0.074,-0.005
2022-01-28,-1.97,-1.05,0.012,-0.019
2022-01-29,-0.83,-3.32,0.010,-0.017
2022-01-30,3.43,0.48,0.074,-0.002
2022-01-31,-2.54,-0.78,0.014,0.000
2022-02-01,-3.47,-0.61,-0.009,-0.014
2022-02-02,-2.66,-0.57,0.014,-0.012
2022-02-03,-2.54,-1.41,-0.016,-0.012
2022-02-04,0.27,-2.61,0.036,-0.044
2022-02-05,2.89,0.72,0.077,-0.017
2022-02-06,4.34,1.25,0.111,-0.036
2022-02-07,2.78,0.39,0.076,-0.012
2022-02-08,2.63,1.12,0.025,0.000
2022-02-09,3.92,0.83,0.086,0.000
2022-02-10,3.03,1.41,0.079,0.000
2022-02-11,-1.79,-0.41,0.002,-0.000
2022-02-12,-2.57,-0.32,0.023,-0.012
2022-02-13,-2.08,-1.80,0.033,-0.011
2022-02-14,3.73,1.14,0.064,-0.013
2022-02-15,5.10,1.46,0.145,-0.038
2022-02-16,3.14,1.40,0.075,-0.011
2022-02-17,-2.55,0.50,0.017,-0.007
2022-02-18,-3.01,-1.53,0.028,-0.009
2022-02-19,-2.51,-1.76,0.022,-0.031
2022-02-20,-1.82,-2.09,0.012,-0.031
2022-02-21,-2.41,-1.50,0.005,-0.014
2022-02-22,-3.05,-1.62,-0.033,-0.012
2022-02-23,-3.32,-1.77,-0.033,-0.024
2022-02-24,-3.54,-2.48,-0.042,-0.022
2022-02-25,-4.19,-2.32,-0.042,-0.033
2022-02-26,-3.45,-1.76,-0.048,-0.012
2022-02-27,-2.07,-0.71,-0.019,-0.002
2022-02-28,2.31,0.53,-0.000,-0.000
2022-03-01,2.41,0.83,0.032,-0.002
2022-03-02,-0.13,-2.50,-0.007,-0.000
2022-03-03,-3.18,-1.48,-0.035,-0.000
2022-03-04,-2.43,-0.93,-0.046,-0.000
2022-03-05,-2.38,-1.26,-0.023,-0.000
2022-03-06,-3.32,-1.21,-0.030,-0.016
2022-03-07,-2.95,-1.99,-0.021,-0.022
2022-03-08,-2.68,-1.31,-0.021,-0.019
2022-03-09,-2.83,-1.32,-0.023,-0.009
2022-03-10,-2.31,-1.50,-0.039,-0.000
2022-03-11,-2.41,-1.63,-0.021,-0.017
2022-03-12,-2.10,-1.76,-0.004,-0.010
2022-03-13,2.71,-0.43,-0.021,-0.005
2022-03-14,3.35,0.06,0.041,-0.036
2022-03-15,-3.64,-1.85,-0.024,-0.024
2022-03-16,-2.69,-2.10,-0.007,-0.022
2022-03-17,-3.26,-0.93,-0.013,-0.012
2022-03-18,-3.25,-1.52,-0.016,-0.014
2022-03-19,-2.22,-2.38,0.012,-0.029
2022-03-20,-4.06,-2.44,-0.022,-0.054
2022-03-21,-4.06,-1.98,-0.073,-0.017
2022-03-22,-3.43,-1.82,-0.049,-0.012
2022-03-23,-1.79,-2.14,-0.026,-0.012
2022-03-24,2.73,-0.19,0.023,-0.002
2022-03-25,5.08,1.36,0.130,-0.031
2022-03-26,3.90,2.16,0.087,-0.022
2022-03-27,-0.83,3.11,0.016,0.000
2022-03-28,-1.36,-2.80,0.029,-0.038
2022-03-29,-2.33,-2.50,0.030,-0.036
2022-03-30,-2.97,-1.79,-0.011,-0.016
2022-03-31,-2.58,-1.26,-0.028,-0.000
2022-04-01,-2.37,-1.66,-0.016,-0.005
2022-04-02,-2.80,-1.96,-0.021,-0.028
2022-04-03,-2.87,-1.79,0.012,-0.038
2022-04-04,-3.27,-1.13,-0.019,-0.005
2022-04-05,-3.65,-1.33,-0.037,-0.002
2022-04-06,-2.50,-1.39,-0.026,-0.002
2022-04-07,-2.25,-1.76,-0.030,-0.000
2022-04-08,4.12,-0.14,0.045,-0.038
2022-04-09,-1.57,-4.31,-0.044,-0.053
2022-04-10,-3.40,-3.17,-0.108,-0.013
2022-04-11,-4.36,-1.09,-0.058,-0.030
2022-04-12,-4.02,-2.61,-0.030,-0.054
2022-04-13,-3.58,-1.67,-0.029,-0.053
2022-04-14,-2.92,-1.90,-0.028,-0.048
2022-04-15,-3.38,-2.55,-0.025,-0.058
2022-04-16,-4.00,-2.04,-0.039,-0.050
2022-04-17,-3.44,-1.39,-0.038,-0.039
2022-04-18,-3.49,-1.13,-0.064,-0.009
2022-04-19,-3.49,-0.87,-0.044,-0.000
2022-04-20,-3.50,-1.56,-0.051,-0.000
2022-04-21,-3.26,-1.25,-0.047,-0.010
2022-04-22,-3.88,-2.07,-0.058,-0.033
2022-04-23,-1.98,-2.12,-0.036,-0.017
2022-04-24,-2.95,-1.38,-0.037,-0.021
2022-04-25,-3.47,-1.77,-0.050,-0.028
2022-04-26,-2.87,-1.86,-0.045,-0.038
2022-04-27,-2.54,-2.06,-0.022,-0.051
2022-04-28,-1.65,-2.27,0.001,-0.038
2022-04-29,-2.66,-1.54,-0.038,-0.019
2022-04-30,-2.98,-1.20,-0.037,-0.021
2022-05-01,-2.33,-2.33,-0.021,-0.045
2022-05-02,-3.94,-2.37,-0.037,-0.058
2022-05-03,-3.79,-1.93,-0.058,-0.056
2022-05-04,-2.82,-1.76,-0.030,-0.043
2022-05-05,-2.58,-1.55,-0.020,-0.048
2022-05-06,-3.20,-1.10,-0.034,-0.031
2022-05-07,-2.53,-1.34,-0.042,-0.002
2022-05-08,-2.33,-0.90,-0.046,-0.000
2022-05-09,-2.98,-1.65,-0.046,-0.026
2022-05-10,-4.24,-2.25,-0.025,-0.058
2022-05-11,-3.83,-1.55,-0.058,-0.033
2022-05-12,-2.70,-1.26,-0.032,-0.005
2022-05-13,-2.95,-1.07,-0.030,-0.005
2022-05-14,-3.38,-0.12,-0.049,-0.000
2022-05-15,-3.25,-0.00,-0.044,-0.000
2022-05-16,-2.80,-0.91,-0.030,-0.000
2022-05-17,-3.55,-1.22,-0.065,-0.000
2022-05-18,-3.75,-0.73,-0.065,-0.000
2022-05-19,-3.59,-1.24,-0.044,-0.010
2022-05-20,-2.87,-1.79,-0.030,-0.000
2022-05-21,-3.07,-1.50,-0.037,-0.000
2022-05-22,-2.47,-2.08,-0.016,-0.012
2022-05-23,-0.71,-3.09,0.025,-0.034
2022-05-24,-2.44,-1.84,-0.014,-0.012
2022-05-25,-2.19,-1.27,-0.006,-0.017
2022-05-26,-0.92,-1.73,0.002,-0.019
2022-05-27,-1.50,-2.14,0.019,-0.026
2022-05-28,-0.70,-2.45,0.031,-0.022
2022-05-29,-0.78,-1.94,0.022,-0.036
2022-05-30,-1.72,-1.78,-0.014,-0.007
2022-05-31,-2.23,-0.86,-0.046,-0.000
2022-06-01,1.46,-1.94,-0.009,-0.000
2022-06-02,3.37,0.00,0.024,-0.007
2022-06-03,3.85,2.31,0.030,0.000
2022-06-04,2.53,1.98,0.000,-0.000
2022-06-05,2.37,1.79,0.019,0.000
2022-06-06,0.78,1.68,0.014,0.000
2022-06-07,-2.26,-0.44,-0.009,-0.000
2022-06-08,-1.98,-1.73,0.019,-0.000
2022-06-09,-2.20,-1.32,-0.009,-0.000
2022-06-10,-2.35,-0.95,0.000,-0.005
2022-06-11,-3.16,-2.05,-0.002,-0.022
2022-06-12,-2.83,-2.38,0.030,-0.038
2022-06-13,-4.92,-2.09,-0.053,-0.016
2022-06-14,-2.85,-1.39,0.029,-0.031
2022-06-15,-4.09,-1.33,0.008,-0.053
2022-06-16,-3.10,-2.02,-0.046,-0.002
2022-06-17,-0.75,-2.06,-0.000,-0.000
2022-06-18,2.19,-1.59,-0.005,-0.000
2022-06-19,1.73,-1.92,0.012,0.000
2022-06-20,-1.09,-2.23,0.009,-0.000
2022-06-21,-1.88,-2.02,0.016,-0.014
2022-06-22,-3.82,-1.62,-0.041,-0.053
2022-06-23,-0.93,-2.30,0.007,-0.000
2022-06-24,-2.25,-1.05,-0.025,-0.000
2022-06-25,-2.55,-1.41,-0.023,-0.010
2022-06-26,-2.42,-2.11,0.022,-0.021
2022-06-27,-2.45,-1.59,-0.005,-0.000
2022-06-28,-2.04,-1.48,-0.023,-0.000
2022-06-29,-3.15,-1.47,-0.037,-0.016
2022-06-30,-4.10,-1.83,-0.061,-0.019
2022-07-01,-3.00,-0.86,-0.046,-0.002
2022-07-02,-4.18,-1.52,-0.059,-0.020
2022-07-03,-3.43,-1.39,0.001,-0.031
2022-07-04,-3.21,-0.57,0.002,-0.012
2022-07-05,-2.89,-1.41,-0.030,-0.000
2022-07-06,-2.93,-1.76,-0.002,-0.019
2022-07-07,-2.61,-1.97,0.014,-0.034
2022-07-08,-2.61,-1.69,-0.039,-0.002
2022-07-09,-1.72,-1.60,-0.003,-0.010
2022-07-10,-3.10,-1.58,-0.032,-0.014
2022-07-11,-3.16,-1.09,-0.011,-0.012
2022-07-12,-2.63,-1.17,-0.014,-0.005
2022-07-13,-2.62,-2.04,0.008,-0.035
2022-07-14,-3.05,-1.62,0.019,-0.041
2022-07-15,-2.57,-2.76,0.029,-0.052
2022-07-16,-2.72,-0.83,-0.009,-0.002
2022-07-17,-2.88,-1.80,-0.031,-0.019
2022-07-18,-3.33,-1.62,-0.045,-0.039
2022-07-19,-4.50,-2.10,-0.060,-0.055
2022-07-20,-3.62,-2.01,-0.065,-0.047
2022-07-21,-3.60,-1.38,-0.056,-0.019
2022-07-22,-3.46,-2.00,-0.027,-0.038
2022-07-23,-3.73,-1.74,-0.015,-0.053
2022-07-24,-3.02,-2.04,0.015,-0.046
2022-07-25,-3.34,-1.28,-0.028,-0.017
2022-07-26,-2.98,-1.52,-0.044,-0.019
2022-07-27,-3.54,-0.88,-0.012,-0.027
2022-07-28,-2.76,-1.23,-0.003,-0.019
2022-07-29,-2.94,-1.43,-0.002,-0.032
2022-07-30,-2.54,-2.06,-0.010,-0.022
2022-07-31,-3.27,-1.96,-0.010,-0.052
2022-08-01,-4.05,-2.15,-0.059,-0.056
2022-08-02,-2.95,-1.71,-0.005,-0.058
2022-08-03,-2.74,-2.06,-0.050,-0.027
2022-08-04,-3.00,-0.86,-0.044,-0.000
2022-08-05,-3.28,-0.82,-0.032,-0.000
2022-08-06,-4.09,-1.57,-0.033,-0.048
2022-08-07,-3.99,-1.53,-0.062,-0.035
2022-08-08,-2.15,-2.15,-0.016,-0.022
2022-08-09,-2.11,-2.52,-0.012,-0.005
2022-08-10,-2.37,-2.54,-0.002,-0.026
2022-08-11,-1.71,-2.63,0.033,-0.057
2022-08-12,-2.37,-0.33,-0.000,-0.012
2022-08-13,-2.44,-1.30,-0.007,-0.009
2022-08-14,-2.50,-1.45,-0.004,-0.022
2022-08-15,-1.76,-1.33,0.029,-0.046
2022-08-16,-1.86,-1.99,0.024,-0.024
2022-08-17,-3.46,-2.33,-0.005,-0.052
2022-08-18,1.20,-2.16,0.021,-0.012
2022-08-19,-2.12,-1.32,0.002,-0.010
2022-08-20,-3.89,-2.16,-0.034,-0.051
2022-08-21,-3.00,-1.09,-0.022,-0.026
2022-08-22,-2.26,-0.36,-0.009,-0.000
2022-08-23,-2.33,-1.18,-0.014,-0.000
2022-08-24,-2.79,-1.13,-0.030,-0.005
2022-08-25,-1.82,-1.58,0.024,-0.029
2022-08-26,-1.24,-2.15,0.025,0.000
2022-08-27,0.08,-2.38,0.030,-0.005
2022-08-28,-2.43,-0.70,0.000,-0.002
2022-08-29,-2.19,-1.27,0.007,-0.024
2022-08-30,-1.68,-2.31,0.021,-0.012
2022-08-31,-1.09,-2.14,0.014,0.000
2022-09-01,1.26,-2.48,0.030,0.000
2022-09-02,-0.66,-2.46,0.023,0.000
2022-09-03,-1.41,-1.80,0.016,-0.002
2022-09-04,-2.47,-1.10,0.005,-0.009
2022-09-05,-1.51,-0.91,-0.002,-0.000
2022-09-06,-2.27,-0.97,-0.014,-0.000
2022-09-07,-1.71,1.90,0.000,-0.002
2022-09-08,-0.72,-2.21,0.005,-0.005
2022-09-09,2.71,0.53,0.012,-0.000
2022-09-10,-1.74,-0.57,-0.025,-0.000
2022-09-11,-1.80,0.25,0.021,0.000
2022-09-12,-1.19,-1.58,0.016,-0.016
2022-09-13,-2.41,-1.07,-0.001,-0.012
2022-09-14,-0.78,-2.40,0.037,0.000
2022-09-15,-2.14,-1.04,0.012,-0.002
2022-09-16,-2.68,-0.97,-0.005,-0.014
2022-09-17,-2.52,-1.83,-0.000,-0.014
2022-09-18,-2.44,-1.19,0.017,-0.036
2022-09-19,-2.48,-1.26,0.019,-0.026
2022-09-20,-2.83,-0.00,0.012,-0.016
2022-09-21,1.34,-2.24,0.014,0.000
2022-09-22,2.17,-0.62,0.032,0.000
2022-09-23,-0.34,-2.44,0.016,0.000
2022-09-24,-0.33,-2.34,0.002,-0.000
2022-09-25,1.63,-2.41,0.034,-0.007
2022-09-26,3.24,0.51,0.035,0.000
2022-09-27,3.58,1.37,0.016,0.024
2022-09-28,3.02,1.04,0.028,0.005
2022-09-29,3.27,0.76,0.067,0.000
2022-09-30,3.83,1.32,0.101,0.000
2022-10-01,3.39,0.97,0.072,0.000
2022-10-02,2.48,0.17,0.002,0.000
2022-10-03,3.46,-0.12,0.030,0.000
2022-10-04,3.27,0.88,0.005,0.007
2022-10-05,1.65,-2.04,-0.009,-0.000
2022-10-06,-2.01,-1.94,-0.002,-0.000
2022-10-07,-1.35,-2.43,0.018,-0.054
2022-10-08,2.20,-0.80,0.029,-0.026
2022-10-09,2.70,-3.10,0.038,-0.028
2022-10-10,-3.95,-3.31,-0.040,-0.065
2022-10-11,-2.06,-0.88,0.012,-0.031
2022-10-12,-2.23,-1.29,-0.006,-0.022
2022-10-13,-2.37,-0.33,-0.008,-0.012
2022-10-14,2.43,-1.29,0.014,-0.000
2022-10-15,-2.01,-1.81,-0.028,-0.005
2022-10-16,-2.58,-1.37,-0.021,-0.010
2022-10-17,-0.25,-1.79,0.046,-0.039
2022-10-18,-2.41,0.25,0.002,-0.000
2022-10-19,3.36,-0.06,0.054,-0.010
2022-10-20,2.50,-0.81,0.037,-0.023
2022-10-21,2.91,0.95,0.053,0.000
2022-10-22,-2.53,-0.72,-0.039,-0.000
2022-10-23,-3.67,-1.48,-0.063,-0.027
2022-10-24,-2.42,-0.98,-0.004,-0.026
2022-10-25,-2.05,-0.75,-0.014,-0.019
2022-10-26,-2.14,-1.09,-0.007,-0.010
2022-10-27,-2.48,-0.90,0.005,-0.005
2022-10-28,-2.57,-0.64,-0.016,-0.007
2022-10-29,-1.99,-0.61,-0.009,-0.000
2022-10-30,-0.07,-2.13,0.007,0.000
2022-10-31,-1.30,-1.05,0.000,-0.000
2022-11-01,-1.95,-0.20,-0.005,-0.000
2022-11-02,3.70,2.13,0.049,0.000
2022-11-03,-3.28,1.13,-0.019,0.002
2022-11-04,-3.27,-1.96,-0.017,-0.052
2022-11-05,-2.06,-0.40,0.041,-0.045
2022-11-06,-2.66,-1.35,0.031,-0.033
2022-11-07,-2.92,-0.67,0.010,-0.021
2022-11-08,1.70,-2.03,0.019,-0.014
2022-11-09,3.08,0.05,0.060,0.000
2022-11-10,2.88,1.05,0.021,0.002
2022-11-11,-2.15,-0.46,-0.012,0.002
2022-11-12,-2.69,-1.20,-0.016,-0.019
2022-11-13,0.61,-3.14,0.025,-0.019
2022-11-14,-1.84,-1.54,-0.012,-0.000
2022-11-15,-2.85,-0.98,-0.035,-0.017
2022-11-16,-2.30,-1.73,-0.012,-0.038
2022-11-17,-0.05,-2.97,0.037,-0.058
2022-11-18,2.52,-0.92,0.042,-0.012
2022-11-19,2.83,-1.70,0.050,-0.029
2022-11-20,1.49,-1.98,0.021,-0.002
2022-11-21,2.72,0.53,0.042,0.000
2022-11-22,-0.83,-2.73,0.012,-0.040
2022-11-23,1.59,-1.76,0.019,0.000
2022-11-24,-1.58,-0.51,-0.005,-0.000
2022-11-25,-2.11,-1.65,-0.009,-0.007
2022-11-26,-3.13,-1.88,-0.005,-0.037
2022-11-27,-1.87,-1.21,0.020,-0.057
2022-11-28,-2.03,-1.83,0.045,-0.047
2022-11-29,-2.67,-1.25,0.000,-0.042
2022-11-30,-3.03,-1.82,-0.007,-0.055
2022-12-01,-2.68,-2.17,-0.012,-0.055
2022-12-02,-0.37,-2.36,0.021,-0.026
2022-12-03,-3.65,-2.19,0.002,-0.056
2022-12-04,-0.32,-3.06,0.020,-0.045
2022-12-05,-1.73,-2.47,0.029,-0.057
2022-12-06,-0.21,-2.37,0.034,-0.012
2022-12-07,-2.88,-1.66,0.000,-0.037
2022-12-08,-2.36,-2.72,-0.002,-0.049
2022-12-09,0.21,-2.40,0.042,-0.055
2022-12-10,2.66,-0.23,0.049,-0.002
2022-12-11,0.58,-1.13,0.002,0.000
2022-12-12,-1.72,-1.12,0.031,-0.010
2022-12-13,-1.77,-1.43,0.036,-0.017
2022-12-14,-2.63,-0.66,0.029,-0.045
2022-12-15,-2.49,-0.53,0.023,-0.005
2022-12-16,1.87,1.46,0.030,0.000
2022-12-17,-1.89,-0.51,0.030,-0.005
2022-12-18,-0.83,-2.18,0.032,-0.033
2022-12-19,-1.75,-2.09,0.027,-0.052
2022-12-20,-1.93,-2.15,0.016,-0.056
2022-12-21,-1.93,-2.14,0.033,-0.045
2022-12-22,0.12,-2.38,0.042,-0.007
2022-12-23,-0.24,-2.77,0.061,-0.014
2022-12-24,-0.95,-2.61,0.028,-0.022
2022-12-25,3.28,0.00,0.032,-0.023
2022-12-26,5.25,1.50,0.144,0.000
2022-12-27,3.83,2.04,0.124,0.000
2022-12-28,3.43,1.60,0.081,0.000
2022-12-29,2.04,1.77,0.002,-0.000
2022-12-30,-2.63,-0.56,0.024,-0.012
2022-12-31,-2.58,0.32,0.039,0.000
2023-01-01,-2.45,-0.94,0.032,-0.012
2023-01-02,-2.45,-1.59,0.019,-0.040
2023-01-03,-2.88,-1.22,0.026,-0.022
2023-01-04,-1.66,-1.98,0.034,-0.009
2023-01-05,-1.99,-2.37,0.042,-0.055
2023-01-06,2.31,-0.75,0.042,-0.014
2023-01-07,-1.10,-2.16,0.009,-0.033
2023-01-08,-1.14,-2.57,0.037,-0.016
2023-01-09,-1.24,-1.78,0.030,0.000
2023-01-10,-1.52,-1.37,0.019,0.000
2023-01-11,-2.35,-2.26,-0.002,-0.037
2023-01-12,-2.72,-1.51,0.000,-0.025
2023-01-13,-1.66,-1.78,0.020,-0.002
2023-01-14,3.02,1.67,0.056,-0.013
2023-01-15,-2.23,-1.29,-0.007,-0.000
2023-01-16,-2.56,-1.54,0.005,-0.005
2023-01-17,-2.77,-0.00,0.005,-0.017
2023-01-18,-2.57,-1.14,0.007,-0.002
2023-01-19,-2.80,-0.59,0.002,-0.014
2023-01-20,-1.25,-1.72,0.018,-0.016
2023-01-21,-3.51,-1.21,-0.021,-0.057
2023-01-22,-3.01,-0.59,0.012,-0.034
2023-01-23,-0.89,-2.44,0.011,-0.009
2023-01-24,-3.39,-0.36,-0.002,-0.043
2023-01-25,-2.68,-1.42,-0.012,-0.019
2023-01-26,3.60,-0.83,0.034,-0.010
2023-01-27,-0.41,-3.95,-0.001,-0.036
2023-01-28,-0.27,-2.22,-0.016,-0.019
2023-01-29,-2.39,-1.87,-0.017,-0.053
2023-01-30,-3.32,-0.89,-0.014,-0.029
2023-01-31,-3.65,-1.78,-0.016,-0.058
2023-02-01,-3.89,-2.62,-0.020,-0.057
2023-02-02,-3.77,-1.22,-0.045,-0.055
2023-02-03,-1.64,-2.03,-0.001,-0.026
2023-02-04,0.57,-3.60,0.021,-0.019
2023-02-05,2.70,-0.33,0.014,-0.002
2023-02-06,0.93,-2.29,-0.009,-0.000
2023-02-07,-3.49,-1.20,-0.041,-0.046
2023-02-08,-2.23,-2.23,0.028,-0.058
2023-02-09,-2.81,-1.43,0.037,-0.058
2023-02-10,-2.17,-2.42,0.032,-0.055
2023-02-11,-1.23,-3.37,0.020,-0.058
2023-02-12,3.09,1.19,0.046,-0.016
2023-02-13,3.59,1.17,0.095,0.000
2023-02-14,-1.57,-1.75,-0.002,-0.002
2023-02-15,-3.40,-1.51,-0.021,-0.045
2023-02-16,-3.20,-1.29,-0.005,-0.021
2023-02-17,-0.72,-2.88,0.029,-0.032
2023-02-18,-1.91,-2.44,-0.015,-0.043
2023-02-19,-2.07,-2.47,-0.036,-0.032
2023-02-20,-1.41,-1.88,-0.019,-0.012
2023-02-21,-2.63,-0.96,0.001,-0.021
2023-02-22,-3.51,-1.56,-0.020,-0.031
2023-02-23,-3.23,-1.72,-0.018,-0.034
2023-02-24,-4.05,-1.56,-0.010,-0.057
2023-02-25,-5.66,-1.52,-0.071,-0.054
2023-02-26,-3.94,-2.19,-0.064,-0.050
2023-02-27,-3.22,-1.86,-0.032,-0.056
2023-02-28,-2.80,-1.24,-0.002,-0.041
2023-03-01,-2.95,-2.06,-0.017,-0.046
2023-03-02,-2.95,-1.71,0.003,-0.047
2023-03-03,-3.32,-1.41,-0.040,-0.015
2023-03-04,1.84,-3.31,0.033,-0.002
2023-03-05,-2.72,-2.45,-0.004,-0.047
2023-03-06,-4.88,-2.49,-0.066,-0.058
2023-03-07,-3.51,-1.64,-0.035,-0.034
2023-03-08,-2.87,-1.53,-0.033,-0.022
2023-03-09,-3.95,-1.36,-0.053,-0.032
2023-03-10,-3.40,-1.30,-0.026,-0.024
2023-03-11,-3.36,-0.90,-0.019,-0.012
2023-03-12,-2.93,-1.07,-0.026,-0.002
2023-03-13,-2.33,-1.14,-0.031,-0.010
2023-03-14,2.78,0.69,0.025,0.000
2023-03-15,3.19,-1.16,0.025,0.000
2023-03-16,-1.84,-1.72,0.007,-0.000
2023-03-17,-2.75,-0.84,-0.009,-0.000
2023-03-18,-0.62,-3.19,0.021,-0.012
2023-03-19,3.56,1.37,0.079,0.005
2023-03-20,3.28,-0.46,0.038,-0.019
2023-03-21,-3.94,-4.53,-0.081,-0.054
2023-03-22,-4.76,-2.86,-0.086,-0.054
2023-03-23,-4.10,-1.57,-0.060,-0.055
2023-03-24,-3.39,-1.17,-0.038,-0.035
2023-03-25,-3.74,-1.21,-0.050,-0.019
2023-03-26,-2.85,-1.85,-0.009,-0.041
2023-03-27,-3.15,-1.82,-0.015,-0.051
2023-03-28,-2.97,-2.16,-0.017,-0.050
2023-03-29,-3.64,-3.05,-0.017,-0.057
2023-03-30,-4.77,-2.54,-0.076,-0.055
2023-03-31,-4.07,-2.45,-0.069,-0.052
2023-04-01,-3.71,-2.23,-0.026,-0.056
2023-04-02,-3.43,-2.32,-0.018,-0.055
2023-04-03,-4.10,-1.66,-0.043,-0.051
2023-04-04,-3.85,-1.40,-0.020,-0.043
2023-04-05,-3.38,-2.28,-0.017,-0.048
2023-04-06,-3.69,-1.96,-0.005,-0.046
2023-04-07,-4.25,-2.07,-0.030,-0.056
2023-04-08,-3.85,-1.25,-0.058,-0.046
2023-04-09,-3.07,-1.57,-0.053,-0.002
2023-04-10,-3.28,-0.94,-0.032,-0.000
2023-04-11,-2.59,-0.65,-0.030,-0.000
2023-04-12,-2.86,0.10,-0.014,-0.000
2023-04-13,-3.05,-0.48,-0.032,-0.000
2023-04-14,-2.83,-1.32,-0.012,-0.010
2023-04-15,-2.94,-1.43,-0.015,-0.026
2023-04-16,-2.69,-2.78,-0.005,-0.057
2023-04-17,-1.13,-3.94,0.015,-0.042
2023-04-18,-1.30,-2.44,-0.005,-0.000
2023-04-19,-3.46,-1.19,-0.041,-0.021
2023-04-20,-3.27,-1.67,-0.040,-0.045
2023-04-21,-3.07,-1.56,-0.031,-0.024
2023-04-22,-2.93,-1.76,-0.036,-0.027
2023-04-23,-3.57,-2.06,-0.024,-0.038
2023-04-24,-3.39,-1.44,-0.035,-0.012
2023-04-25,-1.65,-1.44,-0.007,-0.000
2023-04-26,-3.22,-1.71,-0.035,-0.002
2023-04-27,-3.21,-1.86,-0.043,-0.039
2023-04-28,-2.97,-1.58,-0.056,-0.014
2023-04-29,-2.47,-1.21,-0.051,-0.005
2023-04-30,3.81,0.27,0.016,-0.012
2023-05-01,-3.01,-1.34,-0.023,-0.000
2023-05-02,-4.16,-1.35,-0.075,-0.018
2023-05-03,-2.34,-1.30,-0.009,-0.002
2023-05-04,-2.82,-2.12,0.010,-0.031
2023-05-05,-3.72,-2.70,-0.034,-0.057
2023-05-06,-4.25,-2.46,-0.045,-0.056
2023-05-07,-4.38,-2.53,-0.073,-0.042
2023-05-08,-4.53,-1.74,-0.076,-0.026
2023-05-09,-3.98,-0.99,-0.074,-0.016
2023-05-10,-3.26,-1.52,-0.052,-0.025
2023-05-11,-3.04,-1.69,-0.055,-0.016
2023-05-12,-2.60,-1.38,-0.035,-0.014
2023-05-13,-2.39,-2.95,-0.003,-0.033
2023-05-14,-1.58,-2.03,0.032,-0.049
2023-05-15,-0.84,-2.08,0.012,-0.000
2023-05-16,-2.30,-1.28,-0.035,-0.000
2023-05-17,-2.34,-0.99,-0.035,-0.000
2023-05-18,-3.06,-1.30,-0.056,-0.002
2023-05-19,-3.34,-1.56,-0.056,-0.015
2023-05-20,-2.94,-1.01,-0.037,-0.000
2023-05-21,-2.40,-0.92,-0.035,-0.000
2023-05-22,-0.65,-2.81,-0.009,-0.000
2023-05-23,-2.47,-1.10,-0.025,-0.000
2023-05-24,-2.57,0.09,-0.023,-0.000
2023-05-25,-2.76,-1.72,-0.014,-0.000
2023-05-26,-2.72,-2.20,0.011,-0.002
2023-05-27,-2.49,-2.58,0.002,-0.002
2023-05-28,-2.68,-0.92,0.005,-0.000
2023-05-29,-2.60,-1.33,-0.032,-0.000
2023-05-30,-2.86,1.65,-0.019,-0.000
2023-05-31,-2.78,-0.44,-0.019,-0.000
2023-06-01,-2.61,-1.06,-0.021,-0.000
2023-06-02,-2.48,-0.90,-0.014,-0.017
2023-06-03,3.33,1.48,0.021,-0.002
2023-06-04,-2.77,-1.23,-0.023,-0.005
2023-06-05,-3.29,-0.88,-0.035,-0.000
2023-06-06,-1.19,-3.11,-0.002,-0.000
2023-06-07,-2.41,-1.17,-0.021,-0.000
2023-06-08,-2.40,-1.07,-0.025,-0.000
2023-06-09,-2.68,-1.42,-0.028,-0.010
2023-06-10,-2.29,-1.33,-0.030,-0.014
2023-06-11,-2.56,-1.20,-0.037,-0.000
2023-06-12,-2.95,-1.50,-0.037,-0.000
2023-06-13,-3.43,-1.98,-0.029,-0.043
2023-06-14,-3.17,-1.76,-0.012,-0.043
2023-06-15,-3.36,-1.78,-0.026,-0.046
2023-06-16,-3.15,-1.68,-0.027,-0.019
2023-06-17,-3.91,-2.08,-0.044,-0.041
2023-06-18,-3.56,-1.89,-0.003,-0.042
2023-06-19,-3.15,-1.82,-0.001,-0.055
2023-06-20,-1.97,-2.71,0.012,-0.048
2023-06-21,-2.23,-2.08,-0.005,-0.031
2023-06-22,-2.89,-1.60,-0.019,-0.022
2023-06-23,-2.06,-1.61,-0.019,-0.009
2023-06-24,-2.60,-0.55,-0.035,-0.002
2023-06-25,-2.31,-1.18,-0.024,-0.012
2023-06-26,-3.00,-1.33,-0.051,-0.012
2023-06-27,-2.48,-1.55,-0.014,-0.012
2023-06-28,0.16,-2.32,0.026,-0.026
2023-06-29,-2.35,-1.36,-0.002,-0.027
2023-06-30,-2.67,-0.87,-0.016,-0.012
2023-07-01,-1.55,-0.86,-0.007,-0.000
2023-07-02,-2.27,-1.65,-0.006,-0.017
2023-07-03,-2.62,-0.95,0.017,-0.019
2023-07-04,-1.68,-1.62,0.024,-0.039
2023-07-05,-2.50,-1.69,0.010,-0.047
2023-07-06,-2.77,-0.54,-0.008,-0.017
2023-07-07,-2.82,-1.50,0.002,-0.019
2023-07-08,-1.29,-1.43,0.007,-0.005
2023-07-09,-1.94,-1.08,0.009,-0.012
2023-07-10,-2.71,-1.83,0.024,-0.056
2023-07-11,-2.63,-1.70,0.010,-0.045
2023-07-12,-3.56,-1.09,-0.010,-0.057
2023-07-13,-2.81,-1.02,-0.004,-0.029
2023-07-14,-2.56,-0.88,-0.009,-0.000
2023-07-15,-3.06,-1.56,0.013,-0.043
2023-07-16,-2.88,-1.05,0.015,-0.056
2023-07-17,-2.77,-0.95,-0.026,-0.033
2023-07-18,-3.14,-1.81,-0.024,-0.049
2023-07-19,-2.69,-0.77,-0.017,-0.007
2023-07-20,-2.02,-1.52,-0.005,-0.036
2023-07-21,-2.50,-1.33,-0.019,-0.040
2023-07-22,-2.21,-0.94,0.017,-0.022
2023-07-23,-2.24,-0.81,0.030,-0.012
2023-07-24,-3.15,-1.15,0.024,-0.036
2023-07-25,-3.17,-0.97,0.029,-0.039
2023-07-26,-2.26,-1.77,0.005,-0.028
2023-07-27,-0.98,-1.78,0.007,-0.000
2023-07-28,-2.65,-1.13,0.007,-0.002
2023-07-29,-3.27,-1.96,0.026,-0.052
2023-07-30,-3.14,-1.27,0.018,-0.052
2023-07-31,-1.71,-1.97,0.012,-0.019
2023-08-01,-2.46,-1.42,-0.007,-0.014
2023-08-02,-2.02,-1.41,0.003,-0.019
2023-08-03,-2.78,-1.42,-0.017,-0.047
2023-08-04,-1.76,-0.93,0.007,-0.002
2023-08-05,-2.69,-0.87,0.007,-0.012
2023-08-06,-3.07,-1.18,-0.036,-0.024
2023-08-07,-2.81,-0.70,-0.026,-0.007
2023-08-08,-2.42,-0.25,-0.012,-0.002
2023-08-09,-2.24,-0.39,-0.012,-0.000
2023-08-10,-2.85,-0.45,-0.019,-0.009
2023-08-11,-2.72,-1.04,-0.019,-0.019
2023-08-12,-2.94,-1.25,-0.029,-0.033
2023-08-13,-2.92,-1.18,0.019,-0.041
2023-08-14,-2.88,-1.28,0.032,-0.058
2023-08-15,-2.63,-0.96,0.020,-0.032
2023-08-16,-2.04,-1.23,-0.002,-0.016
2023-08-17,-2.59,-1.26,-0.012,-0.019
2023-08-18,-2.61,-1.27,-0.002,-0.031
2023-08-19,-1.98,-1.49,0.002,-0.010
2023-08-20,-1.48,1.20,0.002,-0.000
2023-08-21,-0.11,-3.02,-0.014,-0.000
2023-08-22,-2.20,-1.07,0.002,-0.000
2023-08-23,-1.24,-2.33,0.023,0.000
2023-08-24,1.76,0.37,0.023,0.000
2023-08-25,2.27,0.08,0.039,0.000
2023-08-26,2.52,0.18,0.023,0.000
2023-08-27,2.74,1.22,0.030,0.014
2023-08-28,2.85,1.09,0.002,0.024
2023-08-29,2.78,0.29,0.025,0.005
2023-08-30,1.85,0.53,0.009,0.002
2023-08-31,1.42,-0.60,0.028,0.010
2023-09-01,-2.28,-1.11,-0.009,-0.000
2023-09-02,-1.31,-1.73,0.024,-0.032
2023-09-03,-2.28,-0.97,0.026,-0.010
2023-09-04,-1.59,1.97,0.014,0.000
2023-09-05,-2.13,-0.69,-0.005,-0.000
2023-09-06,-2.26,-0.32,0.012,0.000
2023-09-07,-2.40,-1.02,0.009,-0.009
2023-09-08,-1.89,-1.64,0.009,-0.000
2023-09-09,-0.44,-2.09,0.016,0.000
2023-09-10,-1.97,-1.18,0.002,-0.000
2023-09-11,-2.99,0.42,0.002,-0.000
2023-09-12,-2.22,-1.18,0.007,-0.005
2023-09-13,-1.59,-1.38,0.026,-0.002
2023-09-14,-2.21,-0.63,0.014,-0.007
2023-09-15,-2.43,-0.38,0.000,-0.005
2023-09-16,-1.87,-0.36,0.002,-0.000
2023-09-17,-1.32,-1.81,0.016,-0.000
2023-09-18,-1.47,-2.26,0.012,-0.007
2023-09-19,-2.13,-1.18,0.014,0.000
2023-09-20,-2.26,-0.78,-0.012,-0.000
2023-09-21,-2.41,-0.56,0.019,0.000
2023-09-22,-1.93,-1.40,0.024,-0.048
2023-09-23,-2.51,-0.86,0.005,-0.012
2023-09-24,2.48,-1.00,0.009,0.000
2023-09-25,2.86,-0.30,0.012,-0.000
2023-09-26,2.73,-1.05,0.023,0.000
2023-09-27,3.08,-0.77,0.019,0.000
2023-09-28,2.45,-1.36,0.007,-0.000
2023-09-29,1.01,-2.17,0.005,-0.005
2023-09-30,1.49,-1.29,0.034,-0.004
2023-10-01,-1.96,-0.83,0.014,-0.002
2023-10-02,-1.76,-2.02,0.009,0.000
2023-10-03,2.44,0.09,0.023,0.000
2023-10-04,0.67,-2.05,-0.009,-0.000
2023-10-05,-2.04,-0.74,-0.007,-0.002
2023-10-06,2.50,-0.40,0.028,-0.010
2023-10-07,2.82,-0.15,0.040,-0.005
2023-10-08,3.10,-0.11,0.044,-0.002
2023-10-09,-1.13,-2.32,0.012,-0.010
2023-10-10,-2.03,1.22,0.014,-0.007
2023-10-11,-1.86,-0.68,0.016,-0.014
2023-10-12,-1.64,0.56,0.014,-0.024
2023-10-13,-0.27,2.56,0.017,-0.010
2023-10-14,2.11,0.81,0.010,-0.015
2023-10-15,2.49,0.48,0.033,-0.010
2023-10-16,3.61,0.83,0.056,0.000
2023-10-17,3.71,1.06,0.068,0.004
2023-10-18,2.58,1.26,0.016,0.000
2023-10-19,0.08,2.17,-0.051,-0.000
2023-10-20,2.00,0.89,0.000,0.000
2023-10-21,-2.26,-0.56,-0.012,-0.000
2023-10-22,-2.49,0.13,-0.016,-0.002
2023-10-23,-2.61,-0.80,-0.016,-0.009
2023-10-24,-2.59,-0.79,0.000,-0.016
2023-10-25,-1.80,-1.36,0.048,-0.035
2023-10-26,-2.17,-1.11,0.032,-0.055
2023-10-27,-1.87,-1.31,0.022,-0.057
2023-10-28,-1.73,-1.85,0.039,-0.058
2023-10-29,-2.17,-1.95,0.017,-0.057
2023-10-30,2.03,1.53,0.046,-0.005
2023-10-31,3.50,1.63,0.051,0.000
2023-11-01,4.37,1.42,0.060,0.039
2023-11-02,3.37,0.47,0.066,-0.024
2023-11-03,4.08,1.73,0.083,0.000
2023-11-04,3.23,1.11,0.116,-0.015
2023-11-05,0.11,-3.18,0.024,-0.063
2023-11-06,-1.43,-2.21,0.041,-0.098
2023-11-07,-2.03,0.66,0.078,-0.065
2023-11-08,-3.61,-2.62,-0.006,-0.076
2023-11-09,-1.79,-1.45,0.010,-0.033
2023-11-10,-2.49,-0.58,0.007,-0.000
2023-11-11,-1.64,-2.18,0.010,-0.026
2023-11-12,-1.97,-1.65,0.005,-0.042
2023-11-13,-1.72,-1.84,0.010,-0.056
2023-11-14,0.13,-1.49,0.017,-0.024
2023-11-15,1.68,-0.15,0.052,-0.013
2023-11-16,2.62,1.22,0.070,-0.010
2023-11-17,3.26,1.06,0.049,0.000
2023-11-18,2.98,1.03,0.014,0.000
2023-11-19,3.08,1.24,0.046,0.000
2023-11-20,-2.90,-0.36,-0.028,-0.007
2023-11-21,-2.27,-1.21,0.032,-0.047
2023-11-22,1.96,-1.27,0.067,-0.046
2023-11-23,2.60,0.65,0.056,0.000
2023-11-24,-1.70,0.18,0.012,0.000
2023-11-25,-1.79,-0.76,-0.005,-0.002
2023-11-26,-2.09,-1.11,0.000,-0.010
2023-11-27,-2.70,-1.44,0.020,-0.031
2023-11-28,-1.28,-1.70,0.022,-0.055
2023-11-29,-1.52,-2.10,0.039,-0.058
2023-11-30,-1.86,-2.00,0.020,-0.057
2023-12-01,-2.31,-0.58,0.047,-0.024
2023-12-02,-1.96,-1.18,0.051,-0.056
2023-12-03,-1.30,-1.66,0.038,-0.036
2023-12-04,-2.14,-1.67,0.005,-0.056
2023-12-05,-2.61,-2.11,0.025,-0.057
2023-12-06,-2.24,-0.91,-0.007,-0.044
2023-12-07,-1.80,-1.86,-0.020,-0.057
2023-12-08,0.25,-2.41,0.030,-0.055
2023-12-09,-1.92,-1.25,0.029,-0.031
2023-12-10,-2.34,-1.30,0.032,-0.047
2023-12-11,2.36,-0.25,0.010,-0.021
2023-12-12,4.78,1.65,0.102,0.000
2023-12-13,4.84,1.67,0.132,0.000
2023-12-14,3.06,0.94,0.106,0.000
2023-12-15,2.22,0.94,0.051,0.002
2023-12-16,3.10,1.25,0.074,0.000
2023-12-17,4.36,1.33,0.106,0.000
2023-12-18,3.18,0.73,0.074,0.000
2023-12-19,2.55,1.42,0.060,0.000
2023-12-20,1.68,1.68,0.016,0.000
2023-12-21,2.83,1.26,0.039,0.000
2023-12-22,3.52,1.57,0.090,0.000
2023-12-23,3.69,1.57,0.108,0.000
2023-12-24,1.08,-1.55,0.055,-0.007
2023-12-25,0.56,1.95,0.030,-0.005
2023-12-26,2.48,0.62,0.042,0.000
2023-12-27,-1.69,-0.62,-0.000,-0.002
2023-12-28,1.74,-0.70,0.034,-0.005
2023-12-29,-2.31,-0.93,-0.055,-0.002
2023-12-30,1.84,-1.71,0.002,-0.040
2023-12-31,2.40,1.07,0.042,0.000
2024-01-01,-1.74,-0.28,-0.002,-0.000
2024-01-02,-3.77,-1.45,-0.015,-0.052
2024-01-03,-2.78,-1.07,-0.022,-0.019
2024-01-04,-1.99,-1.39,-0.002,-0.000
2024-01-05,-2.78,-0.59,-0.002,-0.012
2024-01-06,-1.74,-0.89,0.000,-0.012
2024-01-07,-2.00,0.73,0.005,-0.000
2024-01-08,-1.60,-1.20,0.019,-0.007
2024-01-09,-1.96,-0.53,0.024,-0.014
2024-01-10,3.05,1.49,0.044,0.000
2024-01-11,-2.65,-0.28,0.010,-0.005
2024-01-12,-2.06,-1.14,0.007,-0.005
2024-01-13,2.55,1.41,0.030,-0.005
2024-01-14,-1.73,0.50,0.019,0.000
2024-01-15,-1.49,-0.93,-0.005,-0.005
2024-01-16,-1.47,-1.07,0.033,-0.012
2024-01-17,0.99,-2.22,0.037,-0.002
2024-01-18,-1.68,-1.51,0.004,-0.021
2024-01-19,-2.29,-1.99,0.022,-0.043
2024-01-20,-2.24,-1.69,0.015,-0.052
2024-01-21,-1.41,-0.57,0.009,-0.012
2024-01-22,1.46,-1.18,0.042,-0.016
2024-01-23,-1.72,-1.29,0.041,-0.023
2024-01-24,-2.69,-1.26,0.022,-0.036
2024-01-25,-2.26,-1.83,0.039,-0.057
2024-01-26,-1.44,-1.66,0.032,-0.050
2024-01-27,-1.95,-1.42,0.027,-0.055
2024-01-28,-0.09,-2.59,0.028,-0.024
2024-01-29,2.85,0.45,0.016,-0.009
2024-01-30,3.10,0.89,0.079,0.000
2024-01-31,1.92,1.39,0.030,0.000
2024-02-01,-0.87,1.15,0.000,0.000
2024-02-02,-2.02,-0.66,-0.005,-0.000
2024-02-03,-2.82,-0.50,-0.019,-0.014
2024-02-04,-1.61,1.56,-0.000,-0.007
2024-02-05,3.64,0.77,0.063,0.000
2024-02-06,3.74,0.46,0.094,-0.008
2024-02-07,2.56,1.36,0.061,-0.004
2024-02-08,-3.10,-0.72,0.006,-0.009
2024-02-09,-3.64,-1.18,0.009,-0.056
2024-02-10,-2.50,-1.28,0.012,-0.029
2024-02-11,-2.65,-1.53,-0.003,-0.026
2024-02-12,2.56,1.25,-0.014,-0.005
2024-02-13,3.39,0.30,0.044,-0.005
2024-02-14,3.07,0.27,0.005,-0.009
2024-02-15,-1.67,-1.35,0.002,-0.030
2024-02-16,-2.31,-1.23,0.001,-0.024
2024-02-17,-2.26,-0.74,0.012,-0.023
2024-02-18,3.43,1.25,0.046,0.000
2024-02-19,3.71,1.06,0.094,0.000
2024-02-20,-2.12,-0.19,-0.002,-0.000
2024-02-21,-2.96,-0.47,-0.019,-0.012
2024-02-22,-3.00,-0.53,-0.019,-0.019
2024-02-23,-2.40,-0.42,0.003,-0.007
2024-02-24,-2.47,0.62,0.016,0.000
2024-02-25,-2.67,-0.77,-0.000,-0.000
2024-02-26,-2.71,-1.09,-0.019,-0.002
2024-02-27,-3.86,-1.11,-0.026,-0.033
2024-02-28,-3.38,-1.30,-0.000,-0.048
2024-02-29,-3.69,-2.68,0.012,-0.057
2024-03-01,-3.50,-1.94,-0.002,-0.057
2024-03-02,-2.48,-1.67,-0.007,-0.049
2024-03-03,-2.46,-1.42,0.000,-0.014
2024-03-04,-2.98,-1.52,-0.007,-0.036
2024-03-05,-2.37,-1.48,-0.002,-0.021
2024-03-06,-2.51,-0.96,0.002,-0.009
2024-03-07,-2.46,-0.99,0.002,-0.000
2024-03-08,-3.48,-1.48,-0.004,-0.021
2024-03-09,-2.28,-1.11,0.008,-0.015
2024-03-10,1.42,2.56,0.037,0.000
2024-03-11,3.69,0.06,0.083,-0.005
2024-03-12,-3.34,-1.42,-0.010,-0.026
2024-03-13,-3.13,-1.53,-0.009,-0.026
2024-03-14,-3.48,-1.93,-0.005,-0.057
2024-03-15,-3.53,-2.04,0.005,-0.058
2024-03-16,-2.76,-1.73,0.005,-0.050
2024-03-17,-2.62,-1.84,-0.010,-0.050
2024-03-18,-2.62,-1.58,-0.007,-0.009
2024-03-19,-2.85,-1.65,-0.004,-0.028
2024-03-20,-2.51,-1.39,-0.016,-0.000
2024-03-21,-3.50,-0.81,-0.035,-0.019
2024-03-22,-2.92,-1.06,-0.014,-0.019
2024-03-23,3.42,-0.48,0.044,0.000
2024-03-24,-3.87,0.07,0.016,-0.014
2024-03-25,-4.49,-1.46,-0.035,-0.043
2024-03-26,-3.15,-1.47,-0.012,-0.035
2024-03-27,-2.00,-3.20,-0.001,-0.019
2024-03-28,-2.89,-0.46,0.019,-0.010
2024-03-29,3.27,1.53,0.076,-0.016
2024-03-30,-3.14,-0.27,-0.019,-0.010
2024-03-31,-3.55,-1.58,-0.010,-0.046
2024-04-01,-3.60,-1.60,-0.029,-0.053
2024-04-02,-3.16,-1.75,-0.015,-0.043
2024-04-03,-2.25,-1.30,-0.044,-0.022
2024-04-04,0.57,2.67,-0.016,-0.000
2024-04-05,-2.86,-0.20,0.000,-0.000
2024-04-06,-2.61,-1.57,-0.007,-0.022
2024-04-07,-4.29,-1.48,-0.026,-0.055
2024-04-08,-4.29,-1.91,-0.019,-0.057
2024-04-09,-3.58,-1.74,-0.012,-0.043
2024-04-10,-2.62,-2.12,-0.029,-0.039
2024-04-11,1.03,-3.60,0.007,-0.024
2024-04-12,3.39,0.91,0.064,0.000
2024-04-13,0.69,1.62,0.021,-0.005
2024-04-14,-2.97,-1.79,-0.003,-0.045
2024-04-15,-3.52,-1.64,-0.041,-0.043
2024-04-16,-4.66,-1.34,-0.050,-0.058
2024-04-17,-5.30,-1.72,-0.064,-0.057
2024-04-18,-4.58,-1.31,-0.057,-0.058
2024-04-19,-3.28,-1.39,-0.039,-0.041
2024-04-20,-3.93,-1.83,-0.027,-0.049
2024-04-21,-3.70,-1.49,-0.034,-0.051
2024-04-22,-3.47,-1.33,-0.017,-0.026
2024-04-23,-3.35,-1.35,-0.031,-0.033
2024-04-24,-3.51,-1.01,-0.038,-0.027
2024-04-25,-4.05,-1.39,-0.057,-0.022
2024-04-26,-4.13,-0.80,-0.045,-0.038
2024-04-27,-4.05,-1.47,-0.044,-0.044
2024-04-28,-3.09,-1.25,-0.010,-0.043
2024-04-29,-3.20,-1.23,-0.036,-0.032
2024-04-30,-2.92,-1.69,-0.029,-0.048
2024-05-01,-3.82,-2.12,-0.005,-0.057
2024-05-02,-4.56,-1.22,-0.039,-0.051
2024-05-03,-4.50,-1.04,-0.033,-0.031
2024-05-04,-4.15,-0.96,-0.029,-0.036
2024-05-05,-4.10,-1.25,-0.035,-0.041
2024-05-06,-3.87,-1.56,-0.024,-0.051
2024-05-07,-4.02,-1.71,-0.032,-0.048
2024-05-08,-3.39,-1.73,-0.020,-0.043
2024-05-09,-3.11,-2.26,-0.017,-0.057
2024-05-10,-3.21,-2.16,-0.024,-0.041
2024-05-11,-3.46,-2.16,-0.029,-0.047
2024-05-12,-3.34,-2.34,0.000,-0.056
2024-05-13,-3.63,-1.85,-0.029,-0.039
2024-05-14,-3.03,-2.04,-0.025,-0.025
2024-05-15,-2.62,-1.97,-0.026,-0.043
2024-05-16,-3.11,-1.45,-0.034,-0.031
2024-05-17,-3.11,-1.52,-0.021,-0.007
2024-05-18,-2.70,-1.32,-0.022,-0.024
2024-05-19,-2.23,-2.48,-0.001,-0.038
2024-05-20,-2.51,-2.88,-0.005,-0.024
2024-05-21,-3.42,-1.67,-0.012,-0.042
2024-05-22,-3.90,-1.58,-0.020,-0.047
2024-05-23,-4.03,-1.47,-0.029,-0.041
2024-05-24,-3.65,-1.26,-0.029,-0.041
2024-05-25,-3.73,-1.99,-0.025,-0.045
2024-05-26,-3.18,-1.99,-0.022,-0.048
2024-05-27,-3.70,-2.14,-0.032,-0.057
2024-05-28,-3.14,-2.82,-0.002,-0.058
2024-05-29,-3.90,-2.44,-0.032,-0.058
2024-05-30,-3.73,-1.66,-0.035,-0.051
2024-05-31,-3.33,-1.63,-0.003,-0.045
2024-06-01,-3.49,-1.85,-0.005,-0.055
2024-06-02,-4.48,-1.63,-0.052,-0.055
2024-06-03,-3.85,-1.48,-0.047,-0.043
2024-06-04,-3.43,-1.32,-0.046,-0.035
2024-06-05,-3.43,-1.12,,
2024-06-06,-2.92,-1.49,,
2024-06-07,2.31,-0.75,,
2024-06-08,2.55,0.00,,
2024-06-09,1.35,-1.66,-0.039,-0.000
2024-06-10,0.95,2.14,-0.012,-0.000
2024-06-11,2.57,0.50,-0.012,-0.000
2024-06-12,2.52,0.87,-0.031,0.007
2024-06-13,2.53,0.77,0.037,0.009
2024-06-14,3.00,0.69,0.044,0.002
2024-06-15,2.31,-0.53,0.014,-0.000
2024-06-16,-1.77,-0.44,-0.009,0.005
2024-06-17,0.32,1.63,-0.021,-0.000
2024-06-18,0.95,2.13,-0.028,-0.002
2024-06-19,-1.94,-0.34,-0.026,-0.002
2024-06-20,-1.98,-0.24,0.005,-0.005
2024-06-21,-2.16,-1.01,0.002,-0.000
2024-06-22,-1.78,-0.09,-0.005,-0.000
2024-06-23,0.97,-2.39,0.012,-0.000
2024-06-24,-1.10,-1.76,-0.005,-0.000
2024-06-25,-1.41,-0.38,-0.009,-0.000
2024-06-26,-1.72,-0.69,0.026,-0.012
2024-06-27,-2.18,-1.16,0.014,-0.038
2024-06-28,-2.54,-0.54,-0.012,-0.019
2024-06-29,-2.45,0.09,-0.019,-0.000
2024-06-30,-2.49,-1.68,-0.003,-0.033
2024-07-01,-2.45,-1.65,0.005,-0.050
2024-07-02,-1.90,-1.19,0.017,-0.024
2024-07-03,-2.47,-1.73,0.012,-0.024
2024-07-04,2.74,-0.05,0.016,-0.007
2024-07-05,2.95,1.19,0.028,0.000
2024-07-06,-0.72,-1.88,0.021,-0.005
2024-07-07,-1.87,-1.26,-0.009,-0.000
2024-07-08,-2.20,-0.51,-0.002,-0.000
2024-07-09,-1.77,-1.77,0.027,-0.040
2024-07-10,-2.59,-1.62,0.022,-0.052
2024-07-11,-2.44,-0.84,0.005,-0.009
2024-07-12,-3.16,-0.96,0.000,-0.035
2024-07-13,-3.28,-0.88,-0.017,-0.036
2024-07-14,-2.09,-1.02,0.002,-0.031
2024-07-15,-2.37,-0.59,0.004,-0.007
2024-07-16,-2.27,-1.01,0.002,-0.000
2024-07-17,-2.18,-0.67,-0.019,-0.002
2024-07-18,-2.21,-0.98,-0.012,-0.007
2024-07-19,-2.63,-1.46,0.000,-0.017
2024-07-20,0.00,-2.51,0.021,-0.017
2024-07-21,-2.94,-1.13,-0.008,-0.033
2024-07-22,-2.38,-1.66,0.009,-0.029
2024-07-23,-2.40,-2.01,0.023,-0.042
2024-07-24,-3.23,-1.72,-0.010,-0.040
2024-07-25,-2.82,-1.03,-0.012,-0.035
2024-07-26,-2.67,-1.67,0.002,-0.040
2024-07-27,-2.67,-1.36,0.019,-0.045
2024-07-28,-2.32,-0.98,0.007,-0.040
2024-07-29,-2.48,-1.38,0.023,-0.039
2024-07-30,-3.11,-1.73,-0.047,-0.058
2024-07-31,-3.33,-1.77,-0.014,-0.054
2024-08-01,-2.50,-1.33,-0.005,-0.040
2024-08-02,-2.17,-0.15,0.012,-0.000
2024-08-03,3.00,0.69,0.007,0.007
2024-08-04,2.04,-1.08,0.007,-0.000
2024-08-05,-2.56,-0.78,0.014,-0.010
2024-08-06,-2.60,-1.82,0.002,-0.044
2024-08-07,-2.51,-1.28,0.009,-0.010
2024-08-08,-2.25,-0.56,-0.007,-0.005
2024-08-09,-1.92,-1.11,0.007,-0.002
2024-08-10,-1.69,-0.90,-0.003,-0.012
2024-08-11,-2.10,-1.52,0.014,-0.021
2024-08-12,-2.37,-1.54,-0.001,-0.035
2024-08-13,-2.35,-0.54,0.012,-0.014
2024-08-14,-1.26,-1.30,0.023,-0.005
2024-08-15,-2.13,-0.82,-0.007,-0.002
2024-08-16,-1.84,-1.44,0.012,-0.005
2024-08-17,-2.88,-1.10,0.007,-0.009
2024-08-18,-1.66,-0.77,0.011,-0.007
2024-08-19,-2.10,-1.12,0.014,-0.012
2024-08-20,-0.32,-2.28,0.052,-0.018
2024-08-21,0.32,-1.82,0.034,-0.025
2024-08-22,-2.51,-0.26,0.035,-0.010
2024-08-23,-1.77,-1.77,0.026,-0.016
2024-08-24,2.21,0.76,0.033,-0.007
2024-08-25,-2.34,-0.94,0.019,0.000
2024-08-26,-0.23,-2.23,0.034,-0.016
2024-08-27,-2.60,-0.14,0.016,0.000
2024-08-28,-2.26,-1.41,0.009,-0.026
2024-08-29,-1.76,-1.83,0.036,-0.043
2024-08-30,-1.59,-1.24,0.043,-0.020
2024-08-31,-2.08,-0.80,0.010,-0.021
2024-09-01,-2.14,-1.00,0.012,-0.010
2024-09-02,2.46,-0.13,0.024,-0.015
2024-09-03,-2.13,-1.33,0.036,-0.024
2024-09-04,-1.34,-1.92,0.041,-0.043
2024-09-05,-2.09,-0.48,0.043,-0.041
2024-09-06,2.49,-0.22,0.026,-0.002
2024-09-07,-2.03,-0.21,-0.030,-0.000
2024-09-08,-2.02,-0.74,-0.009,-0.005
2024-09-09,2.65,1.35,0.046,0.000
2024-09-10,1.97,0.24,-0.002,-0.000
2024-09-11,-1.87,0.07,-0.012,-0.000
2024-09-12,-2.06,-0.75,0.007,-0.009
2024-09-13,-1.85,-1.50,0.030,-0.005
2024-09-14,-1.52,-0.95,0.022,-0.019
2024-09-15,-1.76,-0.93,0.011,-0.019
2024-09-16,-1.20,-0.64,0.046,-0.016
2024-09-17,-2.43,0.04,0.024,-0.017
2024-09-18,-1.13,-1.67,0.025,-0.041
2024-09-19,-2.41,-0.83,0.027,-0.029
2024-09-20,-2.53,-0.04,0.017,-0.012
2024-09-21,1.29,-2.24,0.046,0.000
2024-09-22,-2.05,-0.36,0.016,-0.005
2024-09-23,-1.01,-1.68,0.032,-0.009
2024-09-24,2.33,0.71,0.032,0.000
2024-09-25,3.34,1.77,0.021,0.026
2024-09-26,2.45,1.31,-0.029,0.019
2024-09-27,0.31,1.78,-0.028,0.002
2024-09-28,-0.75,2.17,-0.000,0.005
2024-09-29,-1.44,-0.00,-0.007,-0.000
2024-09-30,-0.56,1.94,0.028,0.000
2024-10-01,0.81,1.53,0.028,0.000
2024-10-02,-0.20,2.28,0.019,0.000
2024-10-03,-1.75,-0.57,-0.016,-0.000
2024-10-04,0.61,-1.58,0.005,-0.000
2024-10-05,1.79,0.65,-0.014,-0.000
2024-10-06,-0.68,-1.77,-0.009,-0.000
2024-10-07,2.08,1.06,-0.002,-0.000
2024-10-08,3.23,1.65,-0.005,0.026
2024-10-09,3.54,1.50,0.051,0.002
2024-10-10,3.22,0.74,0.072,0.000
2024-10-11,2.66,1.02,0.058,0.000
2024-10-12,2.95,1.37,0.053,0.000
2024-10-13,3.54,1.22,0.030,0.012
2024-10-14,2.86,1.15,0.039,0.000
2024-10-15,2.83,0.10,0.019,0.000
2024-10-16,1.11,-1.92,0.007,-0.000
2024-10-17,2.04,-0.58,0.016,-0.002
2024-10-18,3.05,1.17,0.042,0.000
2024-10-19,4.53,2.72,0.049,0.029
2024-10-20,-3.14,-0.55,-0.002,-0.017
2024-10-21,-1.72,-1.72,0.045,-0.036
2024-10-22,2.37,0.63,0.037,-0.012
2024-10-23,2.09,0.76,0.030,-0.009
2024-10-24,3.43,1.25,0.049,0.000
2024-10-25,2.38,1.49,0.058,-0.002
2024-10-26,2.45,-0.13,0.080,-0.018
2024-10-27,2.22,0.60,0.063,-0.087
2024-10-28,2.04,-0.11,0.107,-0.059
2024-10-29,2.15,0.38,0.078,-0.022
2024-10-30,-1.47,-0.88,0.047,-0.020
2024-10-31,-1.99,-1.39,0.073,-0.032
2024-11-01,-1.98,-1.29,0.109,-0.035
2024-11-02,1.65,0.03,0.090,-0.018
2024-11-03,1.48,0.93,0.103,-0.018
2024-11-04,-1.84,-0.03,0.033,-0.005
2024-11-05,-2.12,-0.37,0.004,-0.016
2024-11-06,-2.54,-0.27,0.007,-0.012
2024-11-07,-1.09,1.29,0.019,-0.012
2024-11-08,1.80,1.31,-0.002,-0.000
2024-11-09,-1.83,0.49,-0.019,-0.000
2024-11-10,1.35,1.80,0.007,-0.000
2024-11-11,2.74,0.24,0.012,0.000
2024-11-12,2.71,1.32,0.009,0.026
2024-11-13,2.15,1.39,-0.041,0.016
2024-11-14,2.84,1.39,-0.005,-0.000
2024-11-15,5.06,2.05,0.085,0.002
2024-11-16,5.38,2.06,0.101,0.013
2024-11-17,4.20,3.05,0.027,0.057
2024-11-18,-1.38,-0.80,-0.014,0.005
2024-11-19,-1.57,-0.87,0.028,-0.017
2024-11-20,2.57,1.14,0.056,0.000
2024-11-21,3.33,1.15,0.051,0.002
2024-11-22,2.94,0.36,0.023,0.000
2024-11-23,-1.08,1.61,-0.007,-0.000
2024-11-24,-1.80,0.22,-0.007,-0.000
2024-11-25,-1.66,-0.29,0.007,0.000
2024-11-26,1.10,2.48,0.019,0.000
2024-11-27,2.35,2.05,0.009,0.002
2024-11-28,-1.58,0.51,-0.016,-0.000
2024-11-29,-1.63,0.06,-0.009,-0.000
2024-11-30,1.98,1.10,-0.007,-0.000
2024-12-01,0.96,1.96,0.002,-0.000
2024-12-02,-1.91,-2.83,-0.013,-0.041
2024-12-03,-2.75,-2.65,-0.009,-0.035
2024-12-04,-2.77,-1.73,0.000,-0.046
2024-12-05,-2.10,-1.89,0.000,-0.025
2024-12-06,-0.41,1.41,-0.005,-0.000
2024-12-07,2.20,1.03,0.035,0.000
2024-12-08,1.95,-1.04,0.028,-0.021
2024-12-09,1.87,0.43,0.004,-0.007
2024-12-10,-1.84,-1.02,0.017,-0.033
2024-12-11,-1.03,-1.71,0.014,-0.014
2024-12-12,-2.06,-3.05,-0.005,-0.068
2024-12-13,3.05,0.93,0.066,-0.002
2024-12-14,2.39,0.51,0.060,-0.005
2024-12-15,-0.44,-3.13,0.029,-0.057
2024-12-16,1.80,1.31,0.014,-0.014
2024-12-17,1.82,1.52,0.019,0.007
2024-12-18,2.36,1.10,0.049,0.002
2024-12-19,1.67,0.71,0.042,0.000
2024-12-20,1.83,0.67,0.058,0.000
2024-12-21,3.02,1.54,0.063,0.000
2024-12-22,2.56,1.48,0.044,0.000
2024-12-23,1.69,1.69,0.002,0.000
2024-12-24,1.82,0.59,0.030,0.000
2024-12-25,-1.33,-0.49,0.009,0.000
2024-12-26,-1.42,-0.12,0.005,-0.000
2024-12-27,-1.31,-0.95,0.004,-0.007
2024-12-28,-1.22,-1.06,0.005,-0.009
2024-12-29,-0.72,-1.61,0.026,-0.007
2024-12-30,2.50,0.62,0.039,0.000
2024-12-31,-2.18,-0.71,0.007,-0.000
2025-01-01,-2.62,-0.75,-0.019,-0.014
2025-01-02,-2.51,-0.96,0.044,-0.031
2025-01-03,-1.58,-2.17,-0.007,-0.057
2025-01-04,-1.45,-2.97,-0.015,-0.056
2025-01-05,-2.08,-1.57,0.019,-0.049
2025-01-06,-1.92,-0.37,0.002,-0.002
2025-01-07,2.53,0.92,0.012,-0.000
2025-01-08,-2.60,-3.21,-0.005,-0.044
2025-01-09,-3.40,-3.52,-0.024,-0.077
2025-01-10,-2.32,-1.13,-0.022,-0.031
2025-01-11,0.11,2.04,0.007,-0.002
2025-01-12,-2.09,-0.48,-0.005,-0.000
2025-01-13,-2.43,-0.79,0.014,-0.010
2025-01-14,-1.65,-1.71,0.028,-0.007
2025-01-15,-1.81,-1.18,0.023,-0.005
2025-01-16,1.90,0.89,0.021,0.000
2025-01-17,1.70,0.91,0.002,0.000
2025-01-18,-2.29,-0.32,-0.007,-0.002
2025-01-19,-2.18,-0.67,0.028,-0.005
2025-01-20,3.16,0.33,0.032,0.000
2025-01-21,-0.88,-1.72,0.002,0.000
2025-01-22,4.22,1.45,0.084,0.000
2025-01-23,3.78,1.45,0.074,0.000
2025-01-24,3.55,1.81,0.069,0.000
2025-01-25,-1.34,-3.49,0.098,-0.028
2025-01-26,-1.79,-1.92,-0.022,-0.061
2025-01-27,-0.66,-2.29,0.026,-0.051
2025-01-28,-1.92,-1.02,0.033,-0.007
2025-01-29,-3.37,-1.79,0.020,-0.043
2025-01-30,-3.02,-1.16,0.038,-0.051
2025-01-31,-2.33,-1.29,0.060,-0.053
2025-02-01,-2.90,-2.43,0.044,-0.058
2025-02-02,-2.44,-2.20,0.002,-0.056
2025-02-03,-3.07,-2.31,0.002,-0.056
2025-02-04,-3.23,-0.99,0.007,-0.049
2025-02-05,-2.82,-1.69,0.024,-0.036
2025-02-06,-2.75,-1.65,0.017,-0.050
2025-02-07,-3.73,-1.99,0.002,-0.057
2025-02-08,-3.45,-1.84,0.005,-0.047
2025-02-09,-3.30,-1.40,0.010,-0.033
2025-02-10,-3.34,-1.70,0.002,-0.056
2025-02-11,-3.09,-1.51,-0.005,-0.042
2025-02-12,-2.51,-1.17,-0.002,-0.036
2025-02-13,-2.36,-1.20,0.019,-0.019
2025-02-14,-2.73,-1.45,0.060,-0.060
2025-02-15,-2.11,-1.42,0.042,-0.058
2025-02-16,-2.42,-1.03,0.029,-0.031
2025-02-17,-0.53,-2.74,0.045,-0.015
2025-02-18,-2.05,-1.78,0.043,-0.041
2025-02-19,-2.17,-1.26,0.036,-0.036
2025-02-20,-2.16,-1.75,0.023,-0.002
2025-02-21,-2.34,-2.03,0.010,-0.026
2025-02-22,-3.50,-2.36,0.000,-0.056
2025-02-23,-1.94,-0.86,0.014,-0.026
2025-02-24,-1.94,-0.63,0.012,0.000
2025-02-25,2.88,0.40,0.016,0.000
2025-02-26,-2.42,-0.83,-0.012,-0.000
2025-02-27,-3.17,-0.79,-0.007,-0.000
2025-02-28,-2.82,-1.03,-0.016,-0.016
2025-03-01,-2.32,-0.62,0.000,-0.000
2025-03-02,-2.68,-0.77,-0.012,-0.000
2025-03-03,-3.05,-1.11,-0.014,-0.012
2025-03-04,-3.07,-1.12,-0.000,-0.026
2025-03-05,-2.00,-1.11,-0.005,-0.012
2025-03-06,3.00,-0.10,0.019,0.000
2025-03-07,-2.26,-1.36,0.017,-0.028
2025-03-08,-2.93,-0.84,0.008,-0.021
2025-03-09,-2.21,-0.98,-0.007,-0.000
2025-03-10,2.70,1.32,0.030,0.000
2025-03-11,4.21,0.74,0.087,0.000
2025-03-12,-2.61,-0.60,-0.007,-0.000
2025-03-13,-2.99,-0.69,0.003,-0.005
2025-03-14,-2.70,-0.98,0.000,-0.005
2025-03-15,-2.84,-1.45,-0.005,-0.012
2025-03-16,-2.06,-0.63,0.007,-0.026
2025-03-17,2.84,0.87,0.021,0.000
2025-03-18,2.69,-0.24,-0.003,-0.033
2025-03-19,-1.81,-1.32,-0.014,-0.019
2025-03-20,-3.07,-0.71,-0.024,-0.022
2025-03-21,-3.35,-0.96,0.007,-0.030
2025-03-22,-2.85,-1.78,-0.020,-0.038
2025-03-23,-3.60,-0.77,0.012,-0.052
2025-03-24,-2.53,-1.71,0.004,-0.040
2025-03-25,-2.34,-1.76,0.017,-0.043
2025-03-26,-2.92,-1.69,-0.003,-0.045
2025-03-27,-3.42,-1.74,-0.002,-0.048
2025-03-28,-4.28,-1.07,-0.002,-0.055
2025-03-29,-2.67,-1.36,0.004,-0.041
2025-03-30,-2.38,-1.26,-0.003,-0.035
2025-03-31,-2.47,-1.37,0.005,-0.045
2025-04-01,-2.60,-1.38,0.007,-0.035
2025-04-02,-2.73,-1.45,0.024,-0.037
2025-04-03,-2.99,-1.66,0.020,-0.052
2025-04-04,-3.33,-1.77,0.021,-0.042
2025-04-05,-3.46,-1.69,0.019,-0.043
2025-04-06,-2.52,-1.90,0.007,-0.035
2025-04-07,1.74,-2.08,0.031,-0.019
2025-04-08,4.52,1.38,0.096,0.000
2025-04-09,3.75,0.93,0.105,0.000
2025-04-10,-0.87,2.28,0.014,0.000
2025-04-11,-2.35,-0.63,-0.005,-0.000
2025-04-12,2.68,1.43,-0.002,-0.002
2025-04-13,-2.42,0.34,-0.012,-0.000
2025-04-14,-3.11,-1.80,-0.022,-0.028
2025-04-15,-3.12,-1.39,-0.022,-0.033
2025-04-16,-2.31,-1.68,-0.005,-0.021
2025-04-17,-3.60,-1.68,-0.020,-0.043
2025-04-18,-4.79,-2.03,-0.044,-0.058
2025-04-19,-3.84,-1.25,-0.007,-0.057
2025-04-20,-3.16,-1.90,0.015,-0.057
2025-04-21,-2.88,-2.25,0.020,-0.057
2025-04-22,-3.84,-1.87,0.002,-0.057
2025-04-23,-3.61,-1.68,-0.005,-0.040
2025-04-24,-3.38,-1.30,-0.017,-0.033
2025-04-25,-3.93,-1.51,-0.005,-0.043
2025-04-26,-2.72,-0.94,-0.002,-0.033
2025-04-27,-3.14,-0.96,-0.019,-0.028
2025-04-28,-2.84,-1.21,-0.015,-0.026
2025-04-29,-2.90,-1.29,-0.010,-0.024
2025-04-30,-3.61,-2.00,-0.012,-0.045
2025-05-01,-3.59,-1.52,-0.008,-0.043
2025-05-02,-2.93,-1.62,0.005,-0.046
2025-05-03,-2.94,-1.13,0.005,-0.040
2025-05-04,-2.34,-1.04,0.012,-0.026
2025-05-05,-2.63,-1.40,0.007,-0.033
2025-05-06,-3.40,-1.73,0.015,-0.057
2025-05-07,-3.09,-1.71,0.025,-0.056
2025-05-08,-3.28,-1.67,0.020,-0.050
2025-05-09,-3.12,-1.59,0.007,-0.047
2025-05-10,-2.10,-0.98,0.021,-0.017
2025-05-11,3.56,1.59,0.056,0.000
2025-05-12,1.61,2.48,0.023,0.000
2025-05-13,-1.99,-1.11,-0.000,-0.002
2025-05-14,-2.88,-1.11,-0.014,-0.021
2025-05-15,-2.94,-1.50,0.014,-0.040
2025-05-16,-3.33,-1.63,0.024,-0.055
2025-05-17,-3.04,-1.69,0.020,-0.057
2025-05-18,-3.04,-1.35,0.017,-0.057
2025-05-19,-3.08,-1.24,0.005,-0.044
2025-05-20,-3.11,-1.52,-0.010,-0.026
2025-05-21,-2.77,-1.80,0.000,-0.050
2025-05-22,-3.12,-2.44,0.029,-0.057
2025-05-23,-3.33,-1.28,0.030,-0.049
2025-05-24,-2.89,-1.47,0.019,-0.053
2025-05-25,-3.70,-1.81,0.002,-0.057
2025-05-26,-3.13,-1.74,0.015,-0.058
2025-05-27,-3.23,-1.72,0.017,-0.048
2025-05-28,-3.28,-2.38,0.029,-0.057
2025-05-29,-2.99,-1.87,0.022,-0.048
2025-05-30,-2.91,-1.96,0.015,-0.058
2025-05-31,-3.33,-1.55,-0.007,-0.042
2025-06-01,-3.17,-1.55,-0.010,-0.042
2025-06-02,-2.45,-1.30,-0.008,-0.038
2025-06-03,-2.02,-0.58,-0.005,-0.000
2025-06-04,-2.58,-0.99,-0.014,-0.005
2025-06-05,-1.74,-1.80,-0.002,-0.012
2025-06-06,-2.74,-1.92,0.020,-0.057
2025-06-07,-2.59,-2.03,0.037,-0.058
2025-06-08,-2.78,-1.42,0.017,-0.048
2025-06-09,-2.77,-0.74,0.012,-0.019
2025-06-10,-2.37,-1.11,0.005,-0.036
2025-06-11,-2.47,-1.60,0.012,-0.031
2025-06-12,-3.09,-1.31,0.007,-0.045
2025-06-13,-2.43,-1.90,0.017,-0.033
2025-06-14,-2.70,-1.56,0.014,-0.031
2025-06-15,-2.75,-1.93,0.037,-0.053
2025-06-16,-2.70,-1.26,0.041,-0.057
2025-06-17,-3.40,-1.24,0.020,-0.057
2025-06-18,-1.94,-0.95,-0.009,-0.017
2025-06-19,-1.67,-1.13,0.002,-0.014
2025-06-20,-1.65,-2.27,0.032,-0.057
2025-06-21,-2.04,-1.18,0.044,-0.056
2025-06-22,-2.86,-0.99,0.025,-0.058
2025-06-23,-3.13,-1.81,0.021,-0.043
2025-06-24,-2.70,-1.75,0.009,-0.036
2025-06-25,-2.30,-1.55,0.002,-0.036
2025-06-26,-1.09,-2.14,0.031,-0.024
2025-06-27,-1.60,-0.68,0.019,-0.007
2025-06-28,-2.65,-1.13,-0.005,-0.012
2025-06-29,-2.40,-1.44,0.032,-0.054
2025-06-30,-2.52,-1.02,0.034,-0.045
2025-07-01,-3.12,-1.52,0.014,-0.049
2025-07-02,-2.70,-1.50,0.037,-0.053
2025-07-03,-2.96,-1.64,0.032,-0.046
2025-07-04,-2.70,-0.77,-0.008,-0.028
2025-07-05,-2.84,-1.26,-0.005,-0.036
2025-07-06,-2.91,-1.30,0.004,-0.038
2025-07-07,-2.39,-1.61,0.014,-0.047
2025-07-08,-2.51,-1.96,0.046,-0.033
2025-07-09,-2.61,-1.00,0.014,-0.024
2025-07-10,-2.68,-0.47,-0.000,-0.014
2025-07-11,-2.76,-1.47,0.015,-0.048
2025-07-12,-2.14,-1.56,0.032,-0.052
2025-07-13,-2.94,-1.25,0.024,-0.038
2025-07-14,-2.76,-1.47,0.034,-0.048
2025-07-15,-2.95,-1.77,0.024,-0.048
2025-07-16,-3.10,-1.13,-0.015,-0.019
2025-07-17,-3.03,-1.54,0.015,-0.031
2025-07-18,-3.36,-2.18,0.010,-0.056
2025-07-19,-2.51,-1.39,0.035,-0.054
2025-07-20,-1.34,-1.34,0.017,-0.019
2025-07-21,-1.95,-1.04,0.000,-0.000
2025-07-22,-1.83,-1.24,-0.000,-0.000
2025-07-23,-2.94,-1.13,0.002,-0.026
2025-07-24,-2.44,-1.58,0.007,-0.033
2025-07-25,-2.35,-0.81,0.028,-0.034
2025-07-26,-2.31,-1.94,0.022,-0.057
2025-07-27,-3.87,-1.64,0.000,-0.056
2025-07-28,-2.12,-1.03,0.007,-0.040
2025-07-29,-2.36,-1.10,0.000,-0.012
2025-07-30,-2.13,-0.61,-0.009,-0.002
2025-07-31,-2.28,-0.78,0.004,-0.014
2025-08-01,-2.78,-0.44,0.025,-0.009
2025-08-02,1.17,2.29,0.019,0.000
2025-08-03,-1.71,0.56,0.000,-0.000
2025-08-04,-1.98,-0.64,-0.007,-0.002
2025-08-05,-2.74,-0.63,0.031,-0.039
2025-08-06,-2.86,-1.59,0.042,-0.058
2025-08-07,-2.72,-1.45,0.029,-0.043
2025-08-08,-1.73,-1.21,0.016,0.000
2025-08-09,-2.12,-1.32,-0.000,-0.000
2025-08-10,-2.82,-1.14,0.019,-0.014
2025-08-11,-2.12,-1.59,0.028,-0.035
2025-08-12,-2.90,-1.29,0.012,-0.042
2025-08-13,-2.43,-1.46,-0.000,-0.024
2025-08-14,-2.42,-0.98,-0.002,-0.007
2025-08-15,-2.59,-1.26,0.014,-0.026
2025-08-16,-1.98,0.49,0.007,-0.005
2025-08-17,-2.08,-0.97,0.014,0.000
2025-08-18,-0.96,-2.49,0.009,0.000
2025-08-19,-2.22,0.08,0.007,-0.000
2025-08-20,-2.09,-0.89,0.007,-0.000
2025-08-21,-1.16,-2.09,0.019,-0.022
2025-08-22,-0.27,-2.60,0.033,-0.017
2025-08-23,-2.31,-1.39,0.024,-0.038
2025-08-24,-2.98,-1.65,0.037,-0.053
2025-08-25,-2.33,-0.99,0.027,-0.045
2025-08-26,-3.09,-1.58,0.015,-0.052
2025-08-27,-2.01,-0.32,0.012,-0.024
2025-08-28,1.75,-0.50,0.032,0.000
2025-08-29,-1.53,-1.19,0.002,-0.012
2025-08-30,-1.99,-0.50,0.002,0.000
2025-08-31,-1.77,-0.86,0.019,0.000
2025-09-01,-2.56,-0.64,0.021,-0.014
2025-09-02,-2.52,-0.40,0.016,-0.005
2025-09-03,-2.07,1.05,0.016,0.000
2025-09-04,-2.58,-1.04,0.009,-0.005
2025-09-05,-2.45,-1.14,0.010,-0.031
2025-09-06,-2.54,-1.41,0.026,-0.036
2025-09-07,-2.20,-1.03,0.024,-0.033
2025-09-08,-2.29,0.08,0.033,-0.024
2025-09-09,-1.92,0.74,0.028,-0.007
2025-09-10,-2.18,-0.84,0.031,-0.017
2025-09-11,-1.59,-1.00,0.050,-0.049
2025-09-12,-0.57,-1.28,0.032,-0.007
2025-09-13,-1.48,-0.63,0.021,-0.002
2025-09-14,-1.17,-1.73,0.023,0.000
2025-09-15,-2.04,-1.00,0.037,-0.040
2025-09-16,-1.72,-1.78,0.042,-0.052
2025-09-17,-1.66,-1.39,0.040,-0.038
2025-09-18,-0.44,-1.76,0.034,-0.036
2025-09-19,-0.95,-1.02,0.040,-0.007
2025-09-20,-1.40,-0.43,0.023,0.000
2025-09-21,-1.27,-1.07,0.010,-0.007
2025-09-22,-1.30,1.35,0.012,-0.009
2025-09-23,-2.06,-0.83,0.030,-0.007
2025-09-24,-1.69,-0.58,0.043,-0.019
2025-09-25,-2.32,0.08,0.035,-0.028
2025-09-26,-2.28,-0.20,0.028,-0.012
2025-09-27,-2.08,-0.72,0.026,-0.012
2025-09-28,-0.13,-2.55,0.035,-0.010
2025-09-29,1.77,1.38,0.028,-0.007
2025-09-30,2.93,-0.68,0.044,-0.005
2025-10-01,1.69,0.86,0.007,-0.000
2025-10-02,-1.61,-1.13,-0.007,-0.000
2025-10-03,0.53,-1.98,0.049,-0.018
2025-10-04,2.12,-0.90,0.037,0.000
2025-10-05,-1.87,-1.26,0.028,-0.014
2025-10-06,1.89,0.88,0.058,-0.009
2025-10-07,-1.46,-0.42,0.011,-0.014
2025-10-08,-1.73,-0.81,0.027,-0.024
2025-10-09,-1.74,-0.74,0.055,-0.032
2025-10-10,2.52,-0.04,0.079,-0.002
2025-10-11,3.03,0.43,0.023,0.000
2025-10-12,2.44,0.70,-0.014,0.002
2025-10-13,-2.29,-0.12,-0.042,-0.000
2025-10-14,-1.50,-0.97,-0.007,-0.000
2025-10-15,2.78,0.39,0.021,0.000
2025-10-16,2.32,0.49,0.005,-0.000
2025-10-17,2.26,0.32,-0.023,-0.000
2025-10-18,-1.62,-0.86,-0.009,-0.000
2025-10-19,-1.05,-0.47,0.016,-0.002
2025-10-20,0.10,-1.94,0.055,-0.009
2025-10-21,-1.68,-1.68,0.053,-0.048
2025-10-22,-0.71,-1.45,0.060,-0.023
2025-10-23,2.16,-0.42,0.052,-0.019
2025-10-24,2.22,0.85,0.035,-0.010
2025-10-25,-0.71,1.29,-0.021,-0.000
2025-10-26,-1.48,0.75,-0.035,-0.000
2025-10-27,3.56,1.02,0.016,0.000
2025-10-28,3.23,0.99,0.007,0.000
2025-10-29,2.18,0.93,-0.019,0.010
2025-10-30,2.81,1.31,0.023,0.002
2025-10-31,2.37,1.37,-0.002,-0.000
2025-11-01,-1.93,-0.17,-0.035,-0.000
2025-11-02,-1.45,-0.56,0.007,0.000
2025-11-03,3.03,0.64,0.046,0.000
2025-11-04,3.47,1.77,0.046,0.002
2025-11-05,2.00,1.15,-0.005,-0.000
2025-11-06,2.12,-0.45,-0.005,-0.000
2025-11-07,-1.56,-0.73,-0.009,-0.000
2025-11-08,-1.97,-0.84,-0.007,-0.000
2025-11-09,-2.12,-0.99,0.015,-0.022
2025-11-10,-1.47,-2.35,0.081,-0.043
2025-11-11,2.98,0.05,0.034,-0.033
2025-11-12,4.32,2.20,0.120,-0.017
2025-11-13,4.20,1.78,0.072,0.007
2025-11-14,4.29,1.82,0.074,0.000
2025-11-15,2.69,0.33,0.058,0.000
2025-11-16,-0.61,-1.38,0.009,0.000
2025-11-17,-2.76,-0.79,-0.012,-0.007
2025-11-18,-3.17,-1.41,-0.002,-0.028
2025-11-19,-3.08,-1.85,0.029,-0.048
2025-11-20,-1.79,-1.25,0.022,-0.038
2025-11-21,-1.36,-1.14,0.033,-0.015
2025-11-22,-2.25,-1.35,0.019,-0.036
2025-11-23,1.55,1.40,0.037,0.000
2025-11-24,1.74,-0.06,0.012,-0.009
2025-11-25,-2.52,-1.23,0.007,-0.023
2025-11-26,-2.78,-1.74,0.020,-0.057
2025-11-27,-0.46,-1.84,0.038,-0.031
2025-11-28,2.46,0.52,0.026,-0.002
2025-11-29,1.75,0.18,0.003,-0.024
2025-11-30,-1.04,-1.08,0.007,-0.016
2025-12-01,-1.27,-0.79,0.000,-0.000
2025-12-02,-1.55,-0.59,-0.009,-0.000
2025-12-03,-1.79,-0.65,-0.021,-0.000
2025-12-04,-2.09,-0.68,-0.014,-0.007
2025-12-05,-1.55,-1.01,0.014,-0.010
2025-12-06,-1.76,-0.79,0.009,-0.002
2025-12-07,-1.63,-0.76,0.016,-0.010
2025-12-08,-0.86,-0.99,0.040,-0.007
2025-12-09,2.20,-0.12,0.030,0.000
2025-12-10,1.99,-0.03,0.016,0.000
2025-12-11,-0.85,-1.13,-0.019,-0.000
2025-12-12,-1.01,-1.38,0.014,-0.002
2025-12-13,-2.28,-0.92,0.034,-0.031
2025-12-14,-0.64,-1.59,0.029,-0.046
2025-12-15,-1.50,-1.92,-0.020,-0.057
2025-12-16,2.18,1.01,-0.008,-0.012
2025-12-17,0.46,0.99,-0.016,-0.000
2025-12-18,-1.89,0.03,0.007,-0.007
2025-12-19,0.35,-1.53,0.023,-0.002
2025-12-20,-0.82,-1.61,0.022,-0.022
2025-12-21,-2.03,-1.42,0.019,-0.028
2025-12-22,-1.59,-1.49,0.012,-0.047
2025-12-23,-1.31,-2.02,0.020,-0.057
2025-12-24,0.15,-1.47,0.031,-0.038
2025-12-25,-1.10,-1.99,0.000,-0.046
2025-12-26,-0.30,-1.69,0.007,-0.047
2025-12-27,-0.83,-1.44,0.040,-0.010
2025-12-28,-1.60,-1.00,0.026,-0.007
2025-12-29,-1.74,-1.13,0.035,-0.007
2025-12-30,-0.15,-2.14,0.055,-0.056
2025-12-31,2.58,1.09,0.053,-0.009
2026-01-01,2.69,1.31,0.028,0.000
2026-01-02,-1.59,-0.06,-0.012,-0.000
2026-01-03,-1.45,-0.71,0.014,-0.005
2026-01-04,-1.63,0.69,0.028,0.000
2026-01-05,-1.64,-0.70,0.025,0.000
2026-01-06,-1.90,-0.97,0.012,0.000
2026-01-07,-2.09,0.44,0.016,0.000
2026-01-08,-1.71,-1.02,0.030,-0.002
2026-01-09,-1.93,-1.16,0.039,-0.032
2026-01-10,-2.71,-1.76,0.048,-0.057
2026-01-11,-1.78,-1.03,0.058,-0.046
2026-01-12,2.37,0.86,0.038,-0.010
2026-01-13,3.20,0.86,0.058,0.000
2026-01-14,2.55,0.59,0.042,0.000
2026-01-15,2.11,1.22,0.021,0.000
2026-01-16,2.79,0.91,0.051,0.000
2026-01-17,-1.86,0.50,0.000,-0.000
2026-01-18,2.89,1.17,0.039,0.000
2026-01-19,2.78,0.69,0.077,-0.002
2026-01-20,2.59,1.68,0.063,0.000
2026-01-21,2.47,1.60,0.019,0.000
2026-01-22,2.67,0.82,0.005,0.000
2026-01-23,-1.46,-0.71,-0.009,-0.000
2026-01-24,-2.48,-0.67,0.012,-0.010
2026-01-25,-2.62,-1.17,0.031,-0.033
2026-01-26,-1.22,-1.96,0.039,-0.002
2026-01-27,1.82,1.22,0.040,-0.019
2026-01-28,4.57,1.48,0.109,-0.006
2026-01-29,2.54,0.92,0.049,0.000
2026-01-30,-1.74,0.70,-0.021,-0.000
2026-01-31,3.08,0.83,0.033,-0.002
2026-02-01,3.17,-0.11,0.061,-0.034
2026-02-02,1.78,1.07,0.014,0.000
2026-02-03,-0.96,1.23,-0.000,-0.000
2026-02-04,1.60,0.49,0.012,0.000
2026-02-05,2.50,0.67,0.030,0.000
2026-02-06,2.57,1.25,0.030,0.002
2026-02-07,1.36,2.18,0.016,0.000
2026-02-08,-1.18,1.68,0.000,0.000
2026-02-09,-1.61,1.26,0.009,0.000
2026-02-10,-1.51,-0.64,-0.012,-0.005
2026-02-11,-2.58,0.45,-0.005,-0.000
2026-02-12,-2.00,-0.89,0.005,-0.000
2026-02-13,-2.49,-1.27,-0.014,-0.014
2026-02-14,-2.60,-1.38,0.002,-0.019
2026-02-15,-2.77,-0.64,-0.005,-0.005
2026-02-16,-1.58,1.58,0.007,-0.000
2026-02-17,-1.57,-0.39,-0.007,-0.000
2026-02-18,-2.33,-1.14,0.010,-0.019
2026-02-19,-2.62,-1.11,0.026,-0.033
2026-02-20,-2.41,-1.23,0.005,-0.033
2026-02-21,-2.12,-1.23,0.012,-0.040
2026-02-22,-1.66,-1.49,0.017,-0.036
2026-02-23,2.65,0.00,0.020,-0.019
2026-02-24,3.49,0.49,0.063,-0.031
2026-02-25,-1.87,-1.94,0.007,-0.014
2026-02-26,-2.78,-0.24,-0.002,-0.000
2026-02-27,-2.45,-0.61,0.012,0.000
2026-02-28,-1.94,-0.95,0.007,-0.007
2026-03-01,-1.98,-1.05,0.000,-0.000
2026-03-02,-2.47,-0.44,0.009,-0.002
2026-03-03,-2.78,-1.61,-0.005,-0.052
2026-03-04,-2.66,-1.36,0.000,-0.043
2026-03-05,-3.01,-1.09,0.000,-0.043
2026-03-06,-2.43,-1.90,0.019,-0.035
2026-03-07,-2.76,-2.15,0.032,-0.055
2026-03-08,-3.27,-1.74,0.017,-0.057
2026-03-09,-3.79,-1.93,-0.022,-0.055
2026-03-10,-3.53,-2.20,0.002,-0.051
2026-03-11,-3.23,-1.11,0.009,-0.045
2026-03-12,-2.07,-1.74,0.017,-0.047
2026-03-13,-1.18,-1.75,0.031,-0.012
2026-03-14,-2.10,-1.31,0.005,-0.005
2026-03-15,-2.52,-1.12,0.000,-0.012
2026-03-16,-2.25,-1.10,0.009,-0.010
2026-03-17,3.55,0.50,0.039,0.000
2026-03-18,2.70,0.72,0.060,0.000
2026-03-19,-2.53,0.63,-0.005,-0.000
2026-03-20,-2.08,-0.48,-0.012,-0.000
2026-03-21,-2.03,0.25,-0.005,-0.000
2026-03-22,-2.35,-1.41,0.002,-0.009
2026-03-23,-3.30,-1.14,-0.000,-0.028
2026-03-24,-2.51,-1.39,0.007,-0.021
2026-03-25,-2.36,-1.47,0.005,-0.016
2026-03-26,-2.09,-1.46,0.002,-0.024
2026-03-27,-3.03,-1.82,-0.026,-0.043
2026-03-28,-3.03,-1.68,-0.015,-0.057
2026-03-29,-0.95,-2.36,0.000,-0.019
2026-03-30,-1.97,-2.11,0.000,-0.042
2026-03-31,-3.33,-1.77,-0.005,-0.047
2026-04-01,-2.42,-1.57,-0.000,-0.040
2026-04-02,-1.87,-0.95,0.051,-0.027
2026-04-03,-2.34,-1.83,-0.000,-0.038
2026-04-04,-2.79,-2.26,0.017,-0.050
2026-04-05,-3.08,-1.50,-0.000,-0.042
2026-04-06,-2.23,-1.04,0.010,-0.024
2026-04-07,2.03,0.70,0.053,0.000
2026-04-08,2.35,0.25,0.011,-0.010
2026-04-09,-2.41,-0.13,-0.005,-0.000
2026-04-10,-3.00,-1.21,-0.028,-0.015
2026-04-11,-3.38,-1.43,-0.005,-0.040
2026-04-12,-3.11,-1.32,-0.010,-0.036
2026-04-13,-3.98,-1.53,-0.022,-0.048
2026-04-14,-3.05,-1.42,-0.014,-0.031
2026-04-15,-2.87,-1.79,-0.026,-0.033
2026-04-16,-2.96,-1.32,-0.017,-0.038
2026-04-17,-3.29,-1.01,-0.025,-0.038
2026-04-18,-3.15,-1.02,-0.025,-0.023
2026-04-19,-3.74,-1.14,-0.031,-0.041
2026-04-20,-2.07,-0.67,-0.017,-0.007
2026-04-21,-1.97,-0.72,-0.019,-0.007
2026-04-22,-2.70,-1.09,-0.034,-0.005
2026-04-23,-3.15,-0.96,-0.029,-0.015
2026-04-24,-2.54,-0.78,-0.011,-0.016
2026-04-25,-2.94,-1.31,-0.009,-0.019
2026-04-26,-3.02,-1.61,-0.010,-0.019
2026-04-27,-3.86,-1.88,-0.010,-0.055
2026-04-28,-4.57,-2.03,-0.012,-0.056
2026-04-29,-3.79,-1.16,-0.005,-0.047
2026-04-30,-3.22,-1.30,-0.003,-0.036
2026-05-01,-2.95,-1.13,-0.018,-0.042
2026-05-02,-2.17,-0.97,-0.029,-0.020
2026-05-03,2.88,-2.09,0.017,-0.017
2026-05-04,2.83,0.60,0.007,-0.000
2026-05-05,-3.02,-1.35,-0.031,-0.020
2026-05-06,-3.12,-1.80,0.011,-0.054
2026-05-07,-3.20,-1.36,-0.012,-0.038
2026-05-08,-3.30,-2.23,-0.005,-0.057
2026-05-09,-2.80,-1.89,-0.003,-0.040
2026-05-10,-2.77,-2.50,0.015,-0.059
2026-05-11,-3.29,-2.57,0.015,-0.061
2026-05-12,-2.58,-1.20,-0.003,-0.037
2026-05-13,-2.33,-0.80,-0.005,-0.012
2026-05-14,-2.20,-0.15,-0.021,-0.002
2026-05-15,-2.57,-1.04,-0.019,-0.016
2026-05-16,-2.86,-1.34,-0.016,-0.040
2026-05-17,-3.13,-1.66,-0.017,-0.042
2026-05-18,-3.33,-1.92,0.007,-0.050
2026-05-19,-3.41,-2.13,0.005,-0.060
2026-05-20,-3.01,-2.03,0.032,-0.053
2026-05-21,-3.00,-1.46,0.009,-0.035
2026-05-22,-3.14,-1.46,-0.010,-0.040
2026-05-23,-2.92,-1.49,-0.003,-0.033
2026-05-24,-2.29,-1.49,0.002,-0.038
2026-05-25,-1.57,-1.06,0.026,-0.043
2026-05-26,-2.65,-0.56,0.004,-0.014
2026-05-27,-2.04,-0.70,0.000,-0.019
2026-05-28,-1.69,-0.94,0.007,-0.002
2026-05-29,0.71,2.05,0.014,-0.002
2026-05-30,-1.88,-0.37,-0.020,-0.007
2026-05-31,-2.20,-0.27,-0.026,-0.010
2026-06-01,-2.16,-0.87,0.000,-0.017
2026-06-02,-1.92,-1.73,0.026,-0.029
2026-06-03,-1.92,-0.74,0.002,-0.014
2026-06-04,-2.44,-0.99,-0.003,-0.033
2026-06-05,-2.21,-1.13,-0.020,-0.043
2026-06-06,-2.80,-1.08,-0.003,-0.050
2026-06-07,-2.85,-1.52,0.007,-0.043
2026-06-08,-2.01,-0.54,-0.013,-0.025
2026-06-09,-1.77,-0.94,-0.000,-0.017
2026-06-10,-1.28,1.64,0.001,-0.005
2026-06-11,-2.16,-0.30,-0.021,0.007
2026-06-12,-1.62,-0.86,-0.018,-0.007
2026-06-13,-2.06,-1.50,-0.003,-0.014
2026-06-14,-3.29,-1.39,0.002,-0.048
2026-06-15,-3.24,-1.51,0.004,-0.054
2026-06-16,-1.76,-0.61,-0.005,-0.031
2026-06-17,-1.93,-0.70,-0.028,-0.010
2026-06-18,-3.18,-1.09,-0.033,-0.017
2026-06-19,-2.64,-1.34,-0.023,-0.021
2026-06-20,-2.64,-1.65,-0.005,-0.035
2026-06-21,-3.17,-1.28,0.019,-0.045
2026-06-22,-2.31,-1.50,0.009,-0.026
2026-06-23,-3.35,-1.22,0.032,-0.057
2026-06-24,-2.19,-2.12,0.033,-0.053
2026-06-25,-2.60,-2.11,-0.002,-0.055
2026-06-26,-3.01,-1.28,-0.010,-0.036
2026-06-27,-4.27,-1.55,0.029,-0.060
2026-06-28,-3.38,-1.16,0.034,-0.058
2026-06-29,-2.35,-2.11,-0.017,-0.040
2026-06-30,-2.62,-1.64,0.000,-0.050
2026-07-01,-2.44,-1.78,-0.000,-0.017
2026-07-02,-2.72,-0.94,-0.005,-0.019
2026-07-03,-2.41,-1.33,-0.002,-0.023
2026-07-04,-2.92,-1.36,-0.012,-0.040
2026-07-05,-3.36,-1.50,0.009,-0.048
2026-07-06,-3.04,-0.93,0.032,-0.055
2026-07-07,-2.76,-1.53,0.032,-0.060
2026-07-08,-3.18,-1.55,0.005,-0.058
2026-07-09,-3.62,-2.09,0.010,-0.055
2026-07-10,-2.30,-1.93,0.007,-0.061
2026-07-11,-0.98,-2.09,0.044,-0.019
2026-07-12,-2.23,-1.87,0.017,-0.034
2026-07-13,-2.98,-1.33,0.024,-0.055
2026-07-14,-3.02,-1.16,0.017,-0.057
2026-07-15,-3.16,-1.41,0.015,-0.054
2026-07-16,-4.08,-1.40,0.034,-0.066
2026-07-17,-4.29,-1.56,0.005,-0.059
2026-07-18,-2.30,-1.73,-0.010,-0.043
2026-07-19,-2.08,-0.80,-0.019,-0.014
2026-07-20,-2.48,-1.43,-0.009,-0.024
2026-07-21,-3.00,-1.46,0.002,-0.040
2026-07-22,-2.43,-1.64,-0.000,-0.043
2026-07-23,-2.33,-1.40,-0.007,-0.038
2026-07-24,-2.67,-1.42,-0.015,-0.034
2026-07-25,-3.32,-1.92,0.002,-0.054
2026-07-26,-1.47,-2.54,0.040,-0.039
2026-07-27,-2.40,-1.02,0.012,-0.026
2026-07-28,-2.79,-1.36,-0.005,-0.041
2026-07-29,-2.56,-1.42,0.009,-0.045
2026-07-30,-2.69,-1.56,0.017,-0.048
2026-07-31,-3.10,-1.38,0.034,-0.056
2026-08-01,-2.73,-1.77,0.025,-0.062
2026-08-02,-2.33,-1.35,0.016,-0.036
2026-08-03,-2.72,-1.21,-0.010,-0.021
2026-08-04,-2.19,-1.07,0.004,-0.028
2026-08-05,-2.50,-1.75,0.004,-0.045
2026-08-06,-2.55,-1.47,0.027,-0.046
2026-08-07,-2.37,-0.25,0.007,-0.007
2026-08-08,-2.61,-1.90,0.003,-0.023
2026-08-09,-2.53,-1.40,0.029,-0.043
2026-08-10,-2.42,-1.45,0.008,-0.024
2026-08-11,-2.98,-1.59,0.005,-0.057
2026-08-12,-3.09,-1.44,-0.002,-0.057
2026-08-13,-2.64,-1.72,0.002,-0.050
2026-08-14,-2.60,-1.38,-0.005,-0.038
2026-08-15,-2.97,-1.65,0.014,-0.056
2026-08-16,-2.77,-1.60,0.029,-0.062
2026-08-17,0.77,2.10,0.000,-0.005
2026-08-18,-2.22,-1.13,-0.012,-0.017
2026-08-19,-2.72,-1.33,-0.010,-0.031
2026-08-20,-2.58,-1.15,0.000,-0.052
2026-08-21,-3.24,-1.65,-0.010,-0.040
2026-08-22,-2.84,-1.78,-0.022,-0.053
2026-08-23,-2.14,-1.44,0.004,-0.035
2026-08-24,-2.33,-1.46,-0.003,-0.034
2026-08-25,-2.03,-1.27,0.006,-0.040
2026-08-26,-2.68,-0.82,-0.016,-0.026
2026-08-27,-1.75,-2.02,0.019,-0.036
2026-08-28,-2.52,-1.63,0.026,-0.038
2026-08-29,-2.05,-1.00,0.016,-0.027
2026-08-30,-2.01,-1.35,0.009,-0.012
2026-08-31,-2.33,-0.94,-0.010,-0.019
2026-09-01,-2.30,-1.07,0.007,-0.022
2026-09-02,-2.55,-0.64,0.002,-0.024
2026-09-03,-1.76,1.19,0.014,-0.014
2026-09-04,-2.67,-1.02,0.009,-0.026
2026-09-05,-2.52,-1.40,0.024,-0.038
2026-09-06,-2.78,-1.12,0.022,-0.035
2026-09-07,-2.67,-0.97,0.008,-0.038
2026-09-08,-2.78,0.05,0.031,-0.042
2026-09-09,-2.27,-2.19,0.018,-0.040
2026-09-10,-2.17,-0.23,0.019,-0.022
2026-09-11,-1.57,-1.23,0.010,-0.012
2026-09-12,-2.78,-0.75,0.020,-0.028
2026-09-13,-2.73,-1.64,0.037,-0.045
2026-09-14,-2.19,-2.60,0.037,-0.060
2026-09-15,-2.93,-1.18,0.007,-0.052
2026-09-16,-2.52,-0.35,-0.003,-0.016
2026-09-17,2.33,-0.37,0.014,-0.014
2026-09-18,1.39,-1.60,0.016,-0.012
2026-09-19,2.60,0.60,0.030,-0.012
2026-09-20,-1.61,-0.93,-0.003,-0.014
2026-09-21,-1.67,-1.35,-0.002,-0.007
2026-09-22,-1.56,-0.19,0.007,-0.010
2026-09-23,-0.81,1.46,0.012,-0.000
2026-09-24,-2.01,0.07,0.004,-0.007
2026-09-25,-0.73,-1.12,0.024,-0.017
2026-09-26,-1.44,-0.83,0.021,-0.017
