date,wind_u,wind_v,cur_u,cur_v
2016-01-01,-3.78,-1.53,,
2016-01-02,-1.87,-1.87,,
2016-01-03,0.93,-2.08,,
2016-01-04,2.76,-1.73,,
2016-01-05,1.43,-3.92,,
2016-01-06,0.56,-2.24,,
2016-01-07,-2.33,2.03,,
2016-01-08,-0.72,1.25,,
2016-01-09,-1.64,1.64,,
2016-01-10,1.09,-2.57,,
2016-01-11,1.35,-4.16,,
2016-01-12,0.82,-3.07,,
2016-01-13,-0.03,-1.77,,
2016-01-14,-0.79,0.88,,
2016-01-15,-1.50,1.31,,
2016-01-16,-0.75,1.48,,
2016-01-17,0.65,-3.67,,
2016-01-18,0.12,-3.54,,
2016-01-19,0.86,-4.04,,
2016-01-20,-2.37,-2.83,,
2016-01-21,-0.91,-2.15,,
2016-01-22,1.90,-1.97,,
2016-01-23,3.50,-4.64,,
2016-01-24,0.98,-2.30,,
2016-01-25,-3.17,1.03,,
2016-01-26,-3.62,1.69,,
2016-01-27,-1.14,0.24,,
2016-01-28,3.63,-2.18,,
2016-01-29,3.42,-4.08,,
2016-01-30,-1.36,-0.85,,
2016-01-31,-2.48,1.61,,
2016-02-01,-3.38,0.84,,
2016-02-02,-4.08,1.48,,
2016-02-03,-3.56,1.37,,
2016-02-04,-0.97,-2.28,,
2016-02-05,2.58,-4.12,,
2016-02-06,5.12,-4.30,,
2016-02-07,3.61,-5.56,,
2016-02-08,1.24,-3.22,,
2016-02-09,2.44,-3.76,,
2016-02-10,2.38,-3.97,,
2016-02-11,1.34,-3.69,,
2016-02-12,-1.34,-3.17,,
2016-02-13,0.42,-4.80,,
2016-02-14,-2.31,-3.99,,
2016-02-15,-3.60,1.17,,
2016-02-16,-1.78,-1.78,,
2016-02-17,-1.76,-1.59,,
2016-02-18,-2.54,-2.82,,
2016-02-19,-4.11,-2.88,,
2016-02-20,-3.72,-3.01,,
2016-02-21,-3.08,-1.18,,
2016-02-22,-2.78,0.64,,
2016-02-23,-2.70,1.96,,
2016-02-24,-0.35,-2.20,,
2016-02-25,2.64,-5.92,,
2016-02-26,1.98,-4.24,,
2016-02-27,-0.86,-4.43,,
2016-02-28,-2.20,-1.66,,
2016-02-29,-3.41,-1.11,,
2016-03-01,-1.33,-1.38,,
2016-03-02,-1.96,-0.83,,
2016-03-03,-1.72,-0.59,,
2016-03-04,-2.22,-0.85,,
2016-03-05,-1.10,-3.39,,
2016-03-06,-1.31,-2.57,,
2016-03-07,-2.94,-0.84,,
2016-03-08,-4.05,1.24,,
2016-03-09,-4.57,1.66,,
2016-03-10,-4.61,1.59,,
2016-03-11,-4.78,1.10,,
2016-03-12,-3.95,0.14,,
2016-03-13,-2.93,-0.57,,
2016-03-14,-3.30,-0.06,,
2016-03-15,-4.54,0.48,,
2016-03-16,-5.07,0.62,,
2016-03-17,-4.41,0.39,,
2016-03-18,-3.85,0.20,,
2016-03-19,-1.73,-0.81,,
2016-03-20,0.09,-2.60,,
2016-03-21,1.29,-6.06,,
2016-03-22,-1.02,-5.78,,
2016-03-23,-3.01,-1.74,,
2016-03-24,-4.55,1.13,,
2016-03-25,-3.52,0.49,,
2016-03-26,-4.17,1.20,,
2016-03-27,-4.63,0.49,,
2016-03-28,-3.86,-0.68,,
2016-03-29,-4.46,0.23,,
2016-03-30,-4.84,0.68,,
2016-03-31,-4.04,1.23,,
2016-04-01,-2.95,1.25,,
2016-04-02,-2.23,-0.95,,
2016-04-03,1.03,-3.58,,
2016-04-04,-0.13,-2.45,,
2016-04-05,-0.30,-2.83,,
2016-04-06,-2.86,-3.17,,
2016-04-07,-2.57,-0.64,,
2016-04-08,-2.78,0.19,,
2016-04-09,-2.48,-0.04,,
2016-04-10,-3.25,0.06,,
2016-04-11,-3.91,-0.00,,
2016-04-12,-4.20,-0.44,,
2016-04-13,-4.14,-0.14,,
2016-04-14,-4.18,-0.44,,
2016-04-15,-3.73,-0.07,,
2016-04-16,-3.81,0.40,,
2016-04-17,-4.67,-0.82,,
2016-04-18,-5.05,-1.26,,
2016-04-19,-4.75,-1.10,,
2016-04-20,-3.65,-0.00,,
2016-04-21,-2.64,-0.42,,
2016-04-22,-2.11,0.11,,
2016-04-23,-2.00,-0.28,,
2016-04-24,-2.84,-0.20,,
2016-04-25,-3.36,0.53,,
2016-04-26,-4.12,-0.07,,
2016-04-27,-3.92,0.62,,
2016-04-28,-4.08,-0.87,,
2016-04-29,-4.51,-0.32,,
2016-04-30,-4.54,0.96,,
2016-05-01,-4.63,-0.41,,
2016-05-02,-4.93,-0.87,,
2016-05-03,-3.71,-0.99,,
2016-05-04,-2.46,-0.39,,
2016-05-05,0.83,-3.33,,
2016-05-06,-1.31,-2.69,,
2016-05-07,-2.08,1.01,,
2016-05-08,-3.58,1.23,,
2016-05-09,-3.98,0.77,,
2016-05-10,-4.50,0.24,,
2016-05-11,-3.79,-0.20,,
2016-05-12,-4.67,-0.49,,
2016-05-13,-4.06,-1.24,,
2016-05-14,-3.21,-1.04,,
2016-05-15,-3.32,-0.47,,
2016-05-16,-3.36,0.18,,
2016-05-17,-4.40,1.18,,
2016-05-18,-3.30,1.07,,
2016-05-19,-4.65,0.16,,
2016-05-20,-5.19,0.64,,
2016-05-21,-5.46,-0.48,,
2016-05-22,-4.62,-0.73,,
2016-05-23,-4.29,0.15,,
2016-05-24,-4.25,-0.30,,
2016-05-25,-3.85,-1.10,,
2016-05-26,-3.97,-0.70,,
2016-05-27,-3.45,0.06,,
2016-05-28,-4.31,-0.08,,
2016-05-29,-3.76,-0.94,,
2016-05-30,-3.38,-1.03,,
2016-05-31,-3.11,-0.27,,
2016-06-01,-3.71,-0.13,,
2016-06-02,-3.89,-0.34,,
2016-06-03,-3.75,-0.26,,
2016-06-04,-2.40,-1.44,,
2016-06-05,0.52,2.10,,
2016-06-06,0.75,1.69,,
2016-06-07,-0.34,1.77,,
2016-06-08,-1.34,0.41,,
2016-06-09,-2.06,0.71,,
2016-06-10,-2.49,-0.26,,
2016-06-11,-4.42,0.94,,
2016-06-12,-5.45,0.29,,
2016-06-13,-5.10,-0.72,,
2016-06-14,-3.50,-0.12,,
2016-06-15,-4.08,0.07,,
2016-06-16,-3.75,0.39,,
2016-06-17,-2.65,0.47,,
2016-06-18,-1.98,-0.10,,
2016-06-19,-3.50,0.18,,
2016-06-20,-4.50,-0.79,,
2016-06-21,-2.97,-1.65,,
2016-06-22,-1.68,-1.46,,
2016-06-23,-1.63,-1.52,,
2016-06-24,-3.48,-0.80,,
2016-06-25,-4.25,-0.83,,
2016-06-26,-4.22,-0.90,,
2016-06-27,-3.72,-1.14,,
2016-06-28,-2.68,-1.37,,
2016-06-29,-2.63,-0.96,,
2016-06-30,-3.08,-0.54,,
2016-07-01,-4.05,-1.08,,
2016-07-02,-4.15,-0.96,,
2016-07-03,-3.84,-1.25,,
2016-07-04,-4.67,0.41,,
2016-07-05,-4.69,-0.91,,
2016-07-06,-4.11,-0.87,,
2016-07-07,-4.29,-1.23,,
2016-07-08,-5.17,-0.36,,
2016-07-09,-4.08,-1.02,,
2016-07-10,-3.43,-1.18,,
2016-07-11,-3.41,-0.30,,
2016-07-12,-4.33,-1.24,,
2016-07-13,-5.05,-0.53,,
2016-07-14,-2.57,-1.87,,
2016-07-15,-2.13,-0.26,,
2016-07-16,-3.62,-0.32,,
2016-07-17,-3.47,-1.06,,
2016-07-18,-2.47,-1.15,,
2016-07-19,-2.24,-1.24,,
2016-07-20,-3.80,-0.81,,
2016-07-21,-3.61,-0.44,,
2016-07-22,-2.14,-0.30,,
2016-07-23,-3.25,-0.28,,
2016-07-24,-3.73,0.59,,
2016-07-25,-4.74,-0.58,,
2016-07-26,-3.41,-0.73,,
2016-07-27,-4.52,-0.63,,
2016-07-28,-3.75,-0.87,,
2016-07-29,-3.49,-0.81,,
2016-07-30,-4.70,-0.25,,
2016-07-31,-2.42,-1.03,,
2016-08-01,-2.00,-1.30,,
2016-08-02,-0.34,-2.75,,
2016-08-03,0.53,-5.03,,
2016-08-04,5.52,7.60,,
2016-08-05,-4.24,1.22,,
2016-08-06,-3.13,0.50,,
2016-08-07,-3.54,0.12,,
2016-08-08,-3.60,-0.06,,
2016-08-09,-3.76,0.07,,
2016-08-10,-5.02,-0.44,,
2016-08-11,-3.61,-1.10,,
2016-08-12,-2.01,-0.43,,
2016-08-13,-2.34,-0.12,,
2016-08-14,-2.97,0.47,,
2016-08-15,-4.41,0.62,,
2016-08-16,-5.19,0.18,,
2016-08-17,-4.76,-0.93,,
2016-08-18,-4.56,-1.05,,
2016-08-19,-3.21,-0.92,,
2016-08-20,-4.12,-0.43,,
2016-08-21,-4.89,-0.77,,
2016-08-22,-4.87,-1.12,,
2016-08-23,-3.75,-1.51,,
2016-08-24,-0.58,-2.74,,
2016-08-25,-0.19,-1.83,,
2016-08-26,0.17,-1.38,,
2016-08-27,-0.91,-1.13,,
2016-08-28,-0.92,-1.48,,
2016-08-29,-1.13,-1.35,,
2016-08-30,-0.99,1.65,,
2016-08-31,-1.85,0.60,,
2016-09-01,-2.04,-0.18,,
2016-09-02,-1.65,0.99,,
2016-09-03,-2.97,1.20,,
2016-09-04,-5.35,0.09,,
2016-09-05,-3.95,-0.35,,
2016-09-06,-3.49,-1.13,,
2016-09-07,-2.25,-1.83,,
2016-09-08,-0.88,-1.73,,
2016-09-09,-1.17,-1.06,,
2016-09-10,-2.26,0.12,,
2016-09-11,-1.87,-0.72,,
2016-09-12,-1.47,-0.88,,
2016-09-13,-2.08,-0.26,,
2016-09-14,-2.58,0.41,,
2016-09-15,-3.52,0.43,,
2016-09-16,-3.52,-0.56,,
2016-09-17,-3.45,-0.30,,
2016-09-18,-1.86,-0.99,,
2016-09-19,-0.94,-1.25,,
2016-09-20,-1.03,-1.47,,
2016-09-21,-1.23,-0.86,,
2016-09-22,-1.58,-1.11,,
2016-09-23,-2.54,-0.13,,
2016-09-24,-2.63,0.42,,
2016-09-25,-2.65,0.71,,
2016-09-26,-3.17,0.50,,
2016-09-27,-2.84,0.25,,
2016-09-28,-3.93,0.14,,
2016-09-29,-2.95,-0.63,,
2016-09-30,-1.38,-1.33,,
2016-10-01,0.04,-2.19,,
2016-10-02,0.43,-2.21,,
2016-10-03,0.81,-1.52,,
2016-10-04,1.09,0.53,,
2016-10-05,-0.99,0.14,,
2016-10-06,-1.03,-0.48,,
2016-10-07,-1.36,0.19,,
2016-10-08,-1.10,-1.18,,
2016-10-09,-0.66,-1.24,,
2016-10-10,-0.95,-1.65,,
2016-10-11,-0.42,-2.65,,
2016-10-12,0.11,-3.27,,
2016-10-13,0.00,-2.69,,
2016-10-14,-0.30,-2.47,,
2016-10-15,-1.02,-1.92,,
2016-10-16,-1.00,-1.60,,
2016-10-17,0.10,-1.82,,
2016-10-18,0.15,-2.11,,
2016-10-19,-0.98,-1.70,,
2016-10-20,-1.09,-2.15,,
2016-10-21,-0.43,-2.20,,
2016-10-22,-0.12,-2.37,,
2016-10-23,-0.65,-2.42,,
2016-10-24,-1.08,-3.33,,
2016-10-25,0.05,-3.15,,
2016-10-26,0.70,-3.01,,
2016-10-27,1.64,-3.37,,
2016-10-28,2.83,-2.93,,
2016-10-29,3.59,-1.31,,
2016-10-30,2.63,-1.28,,
2016-10-31,2.07,-2.14,,
2016-11-01,-0.54,-1.40,,
2016-11-02,-0.78,-1.83,,
2016-11-03,-3.08,-1.92,,
2016-11-04,-1.29,-3.20,,
2016-11-05,-0.36,-3.38,,
2016-11-06,-0.29,-2.79,,
2016-11-07,-0.04,-2.34,,
2016-11-08,-0.19,-2.70,,
2016-11-09,-0.07,-1.96,,
2016-11-10,0.61,-2.14,,
2016-11-11,-0.67,-1.85,,
2016-11-12,-1.02,-0.99,,
2016-11-13,-1.40,-1.73,,
2016-11-14,-1.13,-2.13,,
2016-11-15,0.49,-2.12,,
2016-11-16,0.68,-3.19,,
2016-11-17,-1.17,-4.08,,
2016-11-18,-1.12,-3.08,,
2016-11-19,0.25,-4.72,,
2016-11-20,0.17,-5.00,,
2016-11-21,0.46,-3.27,,
2016-11-22,-0.57,-2.93,,
2016-11-23,-1.86,-2.65,,
2016-11-24,-0.76,-4.28,,
2016-11-25,0.57,-4.62,,
2016-11-26,-1.87,-4.01,,
2016-11-27,0.72,-3.71,,
2016-11-28,-2.75,-0.14,,
2016-11-29,-3.33,1.63,,
2016-11-30,-2.69,0.98,,
2016-12-01,-0.96,-1.88,,
2016-12-02,-2.31,-0.66,,
2016-12-03,-2.58,-0.00,,
2016-12-04,-2.19,1.02,,
2016-12-05,-1.91,1.72,,
2016-12-06,-1.23,-0.04,,
2016-12-07,-3.00,0.10,,
2016-12-08,-4.46,-0.08,,
2016-12-09,-2.60,-1.96,,
2016-12-10,-1.00,-2.74,,
2016-12-11,-0.04,-2.56,,
2016-12-12,-2.33,-1.51,,
2016-12-13,-2.73,-0.68,,
2016-12-14,-3.41,-0.48,,
2016-12-15,-2.35,-2.43,,
2016-12-16,-1.94,-1.94,,
2016-12-17,-3.24,0.28,,
2016-12-18,-4.54,1.30,,
2016-12-19,-4.39,-1.18,,
2016-12-20,-2.52,-4.36,,
2016-12-21,-1.69,-3.99,,
2016-12-22,-1.13,-3.70,,
2016-12-23,-0.49,-2.79,,
2016-12-24,-1.74,-1.52,,
2016-12-25,-2.42,-1.34,,
2016-12-26,-3.36,-0.18,,
2016-12-27,-3.18,-1.69,,
2016-12-28,-2.42,-2.34,,
2016-12-29,-0.95,-2.92,,
2016-12-30,-1.01,-2.64,,
2016-12-31,-1.58,-1.24,,
2017-01-01,-1.60,0.11,,
2017-01-02,-4.68,0.25,,
2017-01-03,-2.53,-1.29,,
2017-01-04,-1.80,-1.17,,
2017-01-05,-0.91,-1.12,,
2017-01-06,-3.34,0.65,,
2017-01-07,-1.00,-3.27,,
2017-01-08,1.21,-7.66,,
2017-01-09,0.79,-6.47,,
2017-01-10,-0.46,-4.42,,
2017-01-11,-2.91,-1.75,,
2017-01-12,-4.67,-1.70,,
2017-01-13,-3.59,-2.16,,
2017-01-14,-2.99,-3.10,,
2017-01-15,-0.84,-2.93,,
2017-01-16,-2.57,-0.94,,
2017-01-17,-4.21,-0.07,,
2017-01-18,-4.91,-0.52,,
2017-01-19,-3.64,0.13,,
2017-01-20,-2.48,1.11,,
2017-01-21,-0.05,2.96,,
2017-01-22,1.38,2.70,,
2017-01-23,2.75,-0.14,,
2017-01-24,1.26,-2.09,,
2017-01-25,-2.46,1.04,,
2017-01-26,-2.78,-1.01,,
2017-01-27,-0.37,-2.32,,
2017-01-28,-2.16,-0.23,,
2017-01-29,0.41,-2.56,,
2017-01-30,0.83,-5.93,,
2017-01-31,1.31,-2.68,,
2017-02-01,-1.86,-1.74,,
2017-02-02,-3.09,-1.19,,
2017-02-03,-3.16,-2.47,,
2017-02-04,-2.42,-2.98,,
2017-02-05,-2.41,-2.87,,
2017-02-06,-3.07,-1.92,,
2017-02-07,-3.98,-0.49,,
2017-02-08,-3.43,-0.73,,
2017-02-09,-3.28,-1.53,,
2017-02-10,-2.76,-2.76,,
2017-02-11,-3.25,-2.11,,
2017-02-12,-3.06,-1.49,,
2017-02-13,-2.98,-1.65,,
2017-02-14,-2.23,-0.16,,
2017-02-15,-0.79,-1.87,,
2017-02-16,0.21,-2.35,,
2017-02-17,-2.07,-0.63,,
2017-02-18,-2.44,0.04,,
2017-02-19,-1.98,-0.84,,
2017-02-20,-3.84,0.40,,
2017-02-21,-3.83,-1.02,,
2017-02-22,2.11,-2.04,,
2017-02-23,2.38,0.82,,
2017-02-24,-0.60,2.24,,
2017-02-25,-1.59,-1.11,,
2017-02-26,-1.70,-1.65,,
2017-02-27,-2.62,-1.52,,
2017-02-28,-5.40,-0.86,,
2017-03-01,-4.91,-0.87,,
2017-03-02,-4.44,-1.61,,
2017-03-03,-3.46,-3.23,,
2017-03-04,-3.71,-3.00,,
2017-03-05,-3.58,-2.42,,
2017-03-06,-3.15,-1.90,,
2017-03-07,-4.60,-1.59,,
2017-03-08,-5.42,-1.76,,
2017-03-09,-4.13,-2.02,,
2017-03-10,-2.55,-2.06,,
2017-03-11,-2.36,-1.53,,
2017-03-12,-2.69,-0.92,,
2017-03-13,-2.82,-0.35,,
2017-03-14,-0.50,-2.56,,
2017-03-15,0.14,-4.08,,
2017-03-16,-2.82,-4.70,,
2017-03-17,-2.53,-3.35,,
2017-03-18,-1.92,-4.32,,
2017-03-19,-0.75,-4.23,,
2017-03-20,-0.97,-3.88,,
2017-03-21,-1.50,-2.14,,
2017-03-22,-2.09,-1.02,,
2017-03-23,-2.40,-1.62,,
2017-03-24,-3.09,-0.94,,
2017-03-25,-3.36,-0.59,,
2017-03-26,-2.46,-0.09,,
2017-03-27,-2.98,-0.26,,
2017-03-28,-3.94,-0.69,,
2017-03-29,-4.41,-0.39,,
2017-03-30,-2.98,-1.08,,
2017-03-31,-0.83,-2.41,,
2017-04-01,-1.92,-1.06,,
2017-04-02,-3.74,0.59,,
2017-04-03,-3.25,0.17,,
2017-04-04,-1.99,-2.55,,
2017-04-05,-2.87,-0.77,,
2017-04-06,-2.29,-2.73,,
2017-04-07,-2.37,-2.63,,
2017-04-08,-3.03,-1.16,,
2017-04-09,-3.79,-0.60,,
2017-04-10,-4.46,-1.20,,
2017-04-11,-3.96,-1.60,,
2017-04-12,-2.79,-1.96,,
2017-04-13,-2.49,-2.09,,
2017-04-14,-2.44,-1.64,,
2017-04-15,-3.25,-1.31,,
2017-04-16,-3.12,-1.45,,
2017-04-17,-3.14,-1.14,,
2017-04-18,-2.45,-2.06,,
2017-04-19,-0.58,-3.00,,
2017-04-20,-1.06,-2.49,,
2017-04-21,-1.04,-1.49,,
2017-04-22,-1.27,0.92,,
2017-04-23,-1.00,-1.28,,
2017-04-24,0.41,-2.60,,
2017-04-25,-1.19,2.15,,
2017-04-26,-2.55,0.83,,
2017-04-27,-2.35,0.72,,
2017-04-28,-2.67,-0.57,,
2017-04-29,-5.22,0.55,,
2017-04-30,-4.91,0.26,,
2017-05-01,-1.79,-3.84,,
2017-05-02,-4.08,-1.40,,
2017-05-03,-4.25,-0.90,,
2017-05-04,-3.61,-0.00,,
2017-05-05,-1.67,-2.22,,
2017-05-06,2.02,-2.68,,
2017-05-07,-2.41,-0.88,,
2017-05-08,-3.67,-1.48,,
2017-05-09,-3.08,-1.85,,
2017-05-10,-3.59,-1.60,,
2017-05-11,-4.83,-0.94,,
2017-05-12,-4.00,-0.14,,
2017-05-13,-1.55,-1.66,,
2017-05-14,0.12,-1.65,,
2017-05-15,-1.67,0.61,,
2017-05-16,-2.39,-0.25,,
2017-05-17,-2.85,-0.45,,
2017-05-18,-3.32,-0.83,,
2017-05-19,-4.04,-1.39,,
2017-05-20,-4.71,-0.16,,
2017-05-21,-6.32,-0.89,,
2017-05-22,-5.60,-1.19,,
2017-05-23,-3.68,0.72,,
2017-05-24,-2.53,1.02,,
2017-05-25,-1.03,-2.31,,
2017-05-26,-1.96,-0.83,,
2017-05-27,-3.56,-0.31,,
2017-05-28,-4.72,-0.41,,
2017-05-29,-5.10,-0.18,,
2017-05-30,-4.94,-1.05,,
2017-05-31,-4.54,-0.32,,
2017-06-01,-4.95,0.35,,
2017-06-02,-4.77,0.42,,
2017-06-03,-4.21,0.15,,
2017-06-04,-3.63,-0.64,,
2017-06-05,-1.21,-1.79,,
2017-06-06,-1.96,0.91,,
2017-06-07,-0.75,1.85,,
2017-06-08,2.09,0.76,,
2017-06-09,1.98,-1.10,,
2017-06-10,-1.44,-0.83,,
2017-06-11,-2.36,-0.86,,
2017-06-12,-4.72,0.41,,
2017-06-13,-5.28,-0.37,,
2017-06-14,-3.43,-0.73,,
2017-06-15,-3.78,-1.01,,
2017-06-16,-1.26,-1.79,,
2017-06-17,0.25,-2.35,,
2017-06-18,-0.29,-1.84,,
2017-06-19,1.32,0.73,,
2017-06-20,1.89,1.13,,
2017-06-21,-1.22,-0.54,,
2017-06-22,-2.12,-0.37,,
2017-06-23,-3.19,-0.28,,
2017-06-24,-2.73,-1.16,,
2017-06-25,-3.51,-1.01,,
2017-06-26,-2.87,-1.80,,
2017-06-27,-3.21,-0.51,,
2017-06-28,-3.55,-0.89,,
2017-06-29,-4.31,-0.00,,
2017-06-30,-5.18,-1.68,,
2017-07-01,-4.36,-1.59,,
2017-07-02,-4.76,-2.22,,
2017-07-03,-3.56,-2.50,,
2017-07-04,-2.22,-1.74,,
2017-07-05,-3.52,-1.57,,
2017-07-06,-3.03,-1.29,,
2017-07-07,-4.01,-1.54,,
2017-07-08,-5.60,-1.50,,
2017-07-09,-3.39,-1.80,,
2017-07-10,-2.22,-1.33,,
2017-07-11,-2.65,-1.41,,
2017-07-12,-2.55,-1.36,,
2017-07-13,-2.76,-1.47,,
2017-07-14,-2.81,-1.25,,
2017-07-15,-0.94,-1.56,,
2017-07-16,-1.58,-0.06,,
2017-07-17,-3.00,-0.37,,
2017-07-18,-4.83,-1.29,,
2017-07-19,-3.56,-2.49,,
2017-07-20,-2.91,-1.82,,
2017-07-21,-2.73,-1.71,,
2017-07-22,-4.03,-1.23,,
2017-07-23,-2.98,-1.20,,
2017-07-24,-3.76,-1.30,,
2017-07-25,-4.54,-1.84,,
2017-07-26,-3.91,-2.35,,
2017-07-27,-1.31,-2.58,,
2017-07-28,-1.23,-0.77,,
2017-07-29,-2.01,-1.07,,
2017-07-30,-2.13,-0.34,,
2017-07-31,-3.07,-0.38,,
2017-08-01,-2.88,-0.15,,
2017-08-02,-3.78,-0.20,,
2017-08-03,-4.13,-0.80,,
2017-08-04,-2.59,-1.74,,
2017-08-05,-3.54,-1.65,,
2017-08-06,-1.59,-1.49,,
2017-08-07,0.00,-3.29,,
2017-08-08,1.08,1.55,,
2017-08-09,-1.86,-1.56,,
2017-08-10,-3.88,-0.68,,
2017-08-11,-3.70,-0.52,,
2017-08-12,-2.04,-1.83,,
2017-08-13,-1.42,-2.02,,
2017-08-14,-3.85,-0.34,,
2017-08-15,-3.96,-0.21,,
2017-08-16,-4.02,-1.38,,
2017-08-17,-3.65,-1.55,,
2017-08-18,-2.46,-2.29,,
2017-08-19,-0.78,-2.15,,
2017-08-20,-0.85,-2.48,,
2017-08-21,-0.48,-2.07,,
2017-08-22,-1.46,0.53,,
2017-08-23,-0.91,-1.01,,
2017-08-24,-1.38,-0.93,,
2017-08-25,-2.13,-0.57,,
2017-08-26,-2.44,-0.34,,
2017-08-27,-3.69,0.92,,
2017-08-28,-2.44,-0.99,,
2017-08-29,-3.13,-0.50,,
2017-08-30,-2.89,-0.25,,
2017-08-31,-2.97,-0.79,,
2017-09-01,-3.08,0.43,,
2017-09-02,-2.51,-0.49,,
2017-09-03,-2.02,-2.24,,
2017-09-04,-2.60,-0.95,,
2017-09-05,-2.09,-0.41,,
2017-09-06,-1.53,-1.03,,
2017-09-07,-1.23,-1.41,,
2017-09-08,-1.66,-1.20,,
2017-09-09,1.53,0.35,,
2017-09-10,1.37,1.33,,
2017-09-11,1.34,0.54,,
2017-09-12,1.23,0.83,,
2017-09-13,0.18,1.69,,
2017-09-14,-1.78,0.61,,
2017-09-15,-2.59,-0.74,,
2017-09-16,-2.80,-1.49,,
2017-09-17,-1.79,-1.92,,
2017-09-18,-2.01,-1.35,,
2017-09-19,-1.99,-1.34,,
2017-09-20,-2.24,-0.81,,
2017-09-21,-3.06,-0.16,,
2017-09-22,-2.76,-0.79,,
2017-09-23,-1.69,-0.42,,
2017-09-24,-1.77,-0.90,,
2017-09-25,-0.18,-1.73,,
2017-09-26,-1.91,-0.44,,
2017-09-27,-1.17,-1.34,,
2017-09-28,0.28,-1.46,,
2017-09-29,1.02,-1.92,,
2017-09-30,0.47,-1.45,,
2017-10-01,-0.13,-1.51,,
2017-10-02,-0.72,-1.62,,
2017-10-03,-3.32,-0.29,,
2017-10-04,-1.93,-2.75,,
2017-10-05,0.25,-3.64,,
2017-10-06,2.57,-0.89,,
2017-10-07,1.54,1.54,,
2017-10-08,-1.21,1.61,,
2017-10-09,-1.05,-2.06,,
2017-10-10,-2.13,-1.85,,
2017-10-11,-0.31,-1.95,,
2017-10-12,0.59,-2.80,,
2017-10-13,0.20,-2.32,,
2017-10-14,-0.18,-1.71,,
2017-10-15,-0.30,-2.16,,
2017-10-16,0.09,-2.50,,
2017-10-17,0.44,-2.08,,
2017-10-18,0.26,-2.08,,
2017-10-19,0.10,-2.90,,
2017-10-20,-0.28,-2.64,,
2017-10-21,-0.64,-2.25,,
2017-10-22,1.44,-2.39,,
2017-10-23,-2.52,-1.63,,
2017-10-24,-1.94,-3.81,,
2017-10-25,1.36,-5.89,,
2017-10-26,2.38,-4.87,,
2017-10-27,2.16,-0.30,,
2017-10-28,1.38,-0.90,,
2017-10-29,2.05,-0.87,,
2017-10-30,1.00,-3.09,,
2017-10-31,-1.90,-2.62,,
2017-11-01,-2.05,-2.05,,
2017-11-02,-0.16,-2.99,,
2017-11-03,-1.13,-2.31,,
2017-11-04,0.14,-3.87,,
2017-11-05,0.12,-3.34,,
2017-11-06,-0.35,-2.82,,
2017-11-07,-0.30,-3.44,,
2017-11-08,-0.10,-2.87,,
2017-11-09,1.05,-2.36,,
2017-11-10,1.72,-2.20,,
2017-11-11,1.10,-3.59,,
2017-11-12,1.48,-4.30,,
2017-11-13,2.08,-4.68,,
2017-11-14,2.37,-3.65,,
2017-11-15,1.59,-2.19,,
2017-11-16,0.49,-2.51,,
2017-11-17,0.15,-2.84,,
2017-11-18,0.24,-1.95,,
2017-11-19,0.68,-2.38,,
2017-11-20,0.55,-2.60,,
2017-11-21,1.36,1.07,,
2017-11-22,1.69,-0.82,,
2017-11-23,1.66,-0.35,,
2017-11-24,2.26,-0.82,,
2017-11-25,2.02,-0.86,,
2017-11-26,-0.39,-2.79,,
2017-11-27,2.11,-2.51,,
2017-11-28,1.87,0.10,,
2017-11-29,1.76,-0.90,,
2017-11-30,2.35,-1.77,,
2017-12-01,1.06,-3.09,,
2017-12-02,0.37,-3.53,,
2017-12-03,-1.05,-2.73,,
2017-12-04,-0.59,-2.19,,
2017-12-05,-1.81,-1.47,,
2017-12-06,-1.15,-2.35,,
2017-12-07,-1.04,-1.88,,
2017-12-08,-1.10,-1.18,,
2017-12-09,2.19,-3.65,,
2017-12-10,1.88,-4.22,,
2017-12-11,2.17,-3.22,,
2017-12-12,2.23,-2.47,,
2017-12-13,1.67,-2.30,,
2017-12-14,0.81,-2.10,,
2017-12-15,-2.54,-0.31,,
2017-12-16,-0.48,-2.71,,
2017-12-17,-3.73,-1.58,,
2017-12-18,-3.24,-1.87,,
2017-12-19,-3.71,-2.32,,
2017-12-20,-3.02,-1.54,,
2017-12-21,-2.88,-0.88,,
2017-12-22,-3.90,-0.97,,
2017-12-23,-3.68,-1.79,,
2017-12-24,-2.05,-2.44,,
2017-12-25,-0.72,-3.70,,
2017-12-26,-0.30,-3.41,,
2017-12-27,-1.29,-2.06,,
2017-12-28,0.06,-3.31,,
2017-12-29,0.87,-3.25,,
2017-12-30,0.15,-2.85,,
2017-12-31,0.15,-2.18,,
2018-01-01,-0.52,-2.26,,
2018-01-02,1.03,-4.44,,
2018-01-03,1.74,-3.28,,
2018-01-04,1.15,-3.16,,
2018-01-05,0.95,-4.11,,
2018-01-06,1.09,-3.56,,
2018-01-07,-0.19,-3.57,,
2018-01-08,-0.55,-2.19,,
2018-01-09,1.29,-2.43,,
2018-01-10,1.75,-1.23,,
2018-01-11,-1.01,1.49,,
2018-01-12,1.10,-2.07,,
2018-01-13,2.15,-3.44,,
2018-01-14,2.12,-3.40,,
2018-01-15,1.88,-4.21,,
2018-01-16,1.54,-3.16,,
2018-01-17,2.02,-2.78,,
2018-01-18,2.94,-3.26,,
2018-01-19,0.75,-5.32,,
2018-01-20,0.50,-4.11,,
2018-01-21,0.20,-3.88,,
2018-01-22,-2.20,-1.03,,
2018-01-23,-1.77,-2.18,,
2018-01-24,-1.12,-2.29,,
2018-01-25,-0.66,-2.85,,
2018-01-26,-2.75,-2.95,,
2018-01-27,-1.66,-2.37,,
2018-01-28,-0.99,-1.94,,
2018-01-29,-1.14,-4.25,,
2018-01-30,0.66,-6.24,,
2018-01-31,1.68,-6.27,,
2018-02-01,1.27,-3.68,,
2018-02-02,-0.11,-3.12,,
2018-02-03,-1.10,-3.84,,
2018-02-04,-0.96,-1.81,,
2018-02-05,-3.24,-1.51,,
2018-02-06,-3.63,-1.61,,
2018-02-07,-4.26,-0.75,,
2018-02-08,-3.67,-2.48,,
2018-02-09,-2.11,-2.34,,
2018-02-10,-2.89,-0.46,,
2018-02-11,-4.29,-0.07,,
2018-02-12,-4.52,-0.88,,
2018-02-13,-4.78,-2.23,,
2018-02-14,-2.76,-2.96,,
2018-02-15,-2.97,-2.49,,
2018-02-16,-3.36,-1.94,,
2018-02-17,-4.03,-1.55,,
2018-02-18,-4.65,-1.78,,
2018-02-19,-5.09,-1.46,,
2018-02-20,-5.62,-0.20,,
2018-02-21,-6.76,-0.47,,
2018-02-22,-5.87,-0.93,,
2018-02-23,-4.91,-1.59,,
2018-02-24,-3.32,-1.01,,
2018-02-25,-4.55,-0.00,,
2018-02-26,-4.68,-0.00,,
2018-02-27,-3.44,-1.91,,
2018-02-28,-3.51,-1.01,,
2018-03-01,-3.79,0.33,,
2018-03-02,-3.91,-1.66,,
2018-03-03,-2.27,-2.35,,
2018-03-04,-1.69,-2.01,,
2018-03-05,-2.34,-0.33,,
2018-03-06,-3.29,0.23,,
2018-03-07,-3.06,-0.65,,
2018-03-08,-1.38,-1.65,,
2018-03-09,-3.61,-0.38,,
2018-03-10,-3.88,0.61,,
2018-03-11,-1.89,-2.10,,
2018-03-12,-2.10,-1.47,,
2018-03-13,-0.51,-3.22,,
2018-03-14,-0.18,-5.20,,
2018-03-15,-3.44,-3.44,,
2018-03-16,-3.47,-1.13,,
2018-03-17,-4.28,-0.45,,
2018-03-18,-4.15,-0.58,,
2018-03-19,-3.53,-0.18,,
2018-03-20,-1.81,-2.08,,
2018-03-21,-1.14,-3.30,,
2018-03-22,-3.35,-2.35,,
2018-03-23,-3.13,-3.36,,
2018-03-24,-3.51,-2.11,,
2018-03-25,-4.35,-0.30,,
2018-03-26,-5.15,-0.63,,
2018-03-27,-6.13,-1.64,,
2018-03-28,-5.24,-1.31,,
2018-03-29,-4.87,0.60,,
2018-03-30,-3.95,-1.60,,
2018-03-31,-2.62,-2.04,,
2018-04-01,-1.80,-2.56,,
2018-04-02,-2.27,-0.52,,
2018-04-03,-4.09,0.07,,
2018-04-04,-3.91,-1.05,,
2018-04-05,-4.43,-1.70,,
2018-04-06,-3.59,-0.44,,
2018-04-07,-2.91,0.05,,
2018-04-08,-1.62,-2.01,,
2018-04-09,-1.57,-2.32,,
2018-04-10,-2.95,-1.37,,
2018-04-11,-4.03,-1.71,,
2018-04-12,-4.16,-1.43,,
2018-04-13,-4.66,-0.33,,
2018-04-14,-4.73,0.92,,
2018-04-15,0.28,-2.68,,
2018-04-16,2.27,-4.65,,
2018-04-17,0.63,-3.22,,
2018-04-18,-3.17,-1.48,,
2018-04-19,-4.16,-1.43,,
2018-04-20,-3.17,-2.66,,
2018-04-21,-3.33,-1.63,,
2018-04-22,-4.97,-0.35,,
2018-04-23,-3.97,-1.60,,
2018-04-24,-3.60,-1.03,,
2018-04-25,-2.51,-1.02,,
2018-04-26,-2.67,-0.52,,
2018-04-27,-1.57,-1.80,,
2018-04-28,0.51,-2.91,,
2018-04-29,-2.05,-1.38,,
2018-04-30,-3.30,-1.20,,
2018-05-01,-4.59,-1.06,,
2018-05-02,-4.45,-1.89,,
2018-05-03,-3.47,-1.69,,
2018-05-04,-2.29,-1.79,,
2018-05-05,-2.59,-1.62,,
2018-05-06,-2.04,-1.84,,
2018-05-07,0.41,-1.76,,
2018-05-08,1.38,-2.60,,
2018-05-09,-1.47,-1.37,,
2018-05-10,-1.47,-1.07,,
2018-05-11,-2.01,-0.65,,
2018-05-12,-2.82,-0.65,,
2018-05-13,-2.77,-1.06,,
2018-05-14,-2.69,-1.26,,
2018-05-15,-2.28,-2.20,,
2018-05-16,-1.91,-2.44,,
2018-05-17,-0.61,-3.48,,
2018-05-18,-2.25,-2.50,,
2018-05-19,-4.49,-0.71,,
2018-05-20,-3.00,-1.88,,
2018-05-21,-2.47,-1.48,,
2018-05-22,-0.59,-2.80,,
2018-05-23,-0.38,-1.95,,
2018-05-24,-1.26,-0.64,,
2018-05-25,1.38,0.93,,
2018-05-26,0.96,1.73,,
2018-05-27,-1.20,1.16,,
2018-05-28,-0.97,1.68,,
2018-05-29,-2.42,0.47,,
2018-05-30,-2.09,-1.26,,
2018-05-31,-2.62,-1.11,,
2018-06-01,-3.71,-0.00,,
2018-06-02,-3.90,-1.27,,
2018-06-03,-2.96,-1.71,,
2018-06-04,-2.91,-1.36,,
2018-06-05,-3.10,-1.07,,
2018-06-06,-3.24,-0.23,,
2018-06-07,-4.52,-0.88,,
2018-06-08,-5.15,-1.10,,
2018-06-09,-5.82,-0.71,,
2018-06-10,-3.80,-2.10,,
2018-06-11,-4.17,-0.44,,
2018-06-12,-4.48,-0.55,,
2018-06-13,-3.10,-1.38,,
2018-06-14,-2.08,-0.93,,
2018-06-15,-1.88,-1.32,,
2018-06-16,-2.00,-0.28,,
2018-06-17,-2.49,-0.22,,
2018-06-18,-4.56,0.24,,
2018-06-19,-4.92,-0.17,,
2018-06-20,-4.26,0.52,,
2018-06-21,-2.95,0.47,,
2018-06-22,-3.15,-1.34,,
2018-06-23,-2.46,-0.26,,
2018-06-24,-4.95,-0.87,,
2018-06-25,-5.36,-0.94,,
2018-06-26,-5.44,-1.16,,
2018-06-27,-4.16,-1.12,,
2018-06-28,-4.68,-1.17,,
2018-06-29,-4.10,-1.74,,
2018-06-30,-4.01,-1.15,,
2018-07-01,-4.28,-1.23,,
2018-07-02,-4.92,-1.14,,
2018-07-03,-3.41,-1.52,,
2018-07-04,-2.49,-1.81,,
2018-07-05,-3.74,-2.43,,
2018-07-06,-4.80,-2.55,,
2018-07-07,-4.88,-2.17,,
2018-07-08,-2.92,-2.04,,
2018-07-09,-3.68,-2.58,,
2018-07-10,-2.69,-2.69,,
2018-07-11,-1.13,-2.32,,
2018-07-12,-2.06,-1.85,,
2018-07-13,-4.61,-1.77,,
2018-07-14,-3.03,-2.64,,
2018-07-15,-2.89,-2.02,,
2018-07-16,-2.33,-1.63,,
2018-07-17,-2.75,-1.65,,
2018-07-18,-2.80,-1.89,,
2018-07-19,-3.38,-1.37,,
2018-07-20,-3.99,-1.37,,
2018-07-21,-2.74,-1.34,,
2018-07-22,-3.75,-1.59,,
2018-07-23,-3.53,-0.75,,
2018-07-24,-1.99,-0.42,,
2018-07-25,-2.63,-0.91,,
2018-07-26,-3.03,-1.16,,
2018-07-27,-3.90,-1.05,,
2018-07-28,-3.19,-1.29,,
2018-07-29,-2.74,-0.84,,
2018-07-30,-3.31,-0.76,,
2018-07-31,-3.69,-0.65,,
2018-08-01,-4.55,-0.08,,
2018-08-02,-5.29,-0.46,,
2018-08-03,-4.53,-1.92,,
2018-08-04,-5.02,-1.35,,
2018-08-05,-4.82,-1.11,,
2018-08-06,-3.52,-2.38,,
2018-08-07,-2.52,-1.64,,
2018-08-08,-3.19,-1.92,,
2018-08-09,-4.31,-1.66,,
2018-08-10,-5.75,-0.71,,
2018-08-11,-3.73,-2.16,,
2018-08-12,-3.36,-1.71,,
2018-08-13,-3.79,-1.16,,
2018-08-14,-4.06,-1.32,,
2018-08-15,-3.18,-1.35,,
2018-08-16,-3.15,-1.53,,
2018-08-17,-3.43,-1.25,,
2018-08-18,-3.12,-1.59,,
2018-08-19,-2.53,-1.40,,
2018-08-20,-2.93,-1.43,,
2018-08-21,-4.20,-1.78,,
2018-08-22,-2.36,-2.45,,
2018-08-23,-1.17,-2.12,,
2018-08-24,-1.60,-1.54,,
2018-08-25,-3.25,-0.87,,
2018-08-26,-4.03,-2.05,,
2018-08-27,-2.30,-2.22,,
2018-08-28,-3.76,-1.37,,
2018-08-29,-3.25,-1.18,,
2018-08-30,-3.61,-0.83,,
2018-08-31,-3.26,-0.69,,
2018-09-01,-2.69,-1.31,,
2018-09-02,-2.75,-1.22,,
2018-09-03,-3.92,-0.69,,
2018-09-04,-3.30,-0.40,,
2018-09-05,-3.28,-1.60,,
2018-09-06,-1.37,-1.69,,
2018-09-07,-1.55,-0.86,,
2018-09-08,-2.11,-0.94,,
2018-09-09,-3.18,-0.06,,
2018-09-10,-1.75,-1.81,,
2018-09-11,-0.71,-1.96,,
2018-09-12,-0.57,-2.14,,
2018-09-13,-1.98,-0.96,,
2018-09-14,-4.38,-0.69,,
2018-09-15,-3.67,-1.12,,
2018-09-16,-2.25,-0.86,,
2018-09-17,-1.47,-2.02,,
2018-09-18,-0.92,-2.06,,
2018-09-19,-0.48,-2.25,,
2018-09-20,-2.65,-0.81,,
2018-09-21,-4.32,-1.49,,
2018-09-22,-2.93,-2.13,,
2018-09-23,-3.11,-1.45,,
2018-09-24,-3.07,-1.92,,
2018-09-25,-3.73,-1.90,,
2018-09-26,-3.82,-1.86,,
2018-09-27,-3.31,-1.68,,
2018-09-28,-2.91,-2.19,,
2018-09-29,-1.97,-2.52,,
2018-09-30,-1.01,-2.49,,
2018-10-01,-0.52,-2.94,,
2018-10-02,-1.14,-2.98,,
2018-10-03,-0.65,-3.34,,
2018-10-04,-1.11,-3.41,,
2018-10-05,-0.98,-3.65,,
2018-10-06,1.16,-4.04,,
2018-10-07,2.45,0.17,,
2018-10-08,1.99,0.68,,
2018-10-09,1.17,2.20,,
2018-10-10,0.48,2.70,,
2018-10-11,1.11,-1.93,,
2018-10-12,0.09,-1.81,,
2018-10-13,1.35,0.14,,
2018-10-14,-1.92,-0.37,,
2018-10-15,-2.24,-1.88,,
2018-10-16,-4.30,-2.00,,
2018-10-17,-4.34,-0.38,,
2018-10-18,-6.02,-0.85,,
2018-10-19,-5.40,-1.35,,
2018-10-20,-4.10,-1.49,,
2018-10-21,-2.56,-2.31,,
2018-10-22,-2.70,-1.82,,
2018-10-23,-2.25,-1.75,,
2018-10-24,-1.19,-1.83,,
2018-10-25,-1.55,-1.45,,
2018-10-26,-1.40,-1.21,,
2018-10-27,-2.41,-1.56,,
2018-10-28,-1.82,-3.03,,
2018-10-29,-0.62,-3.93,,
2018-10-30,-1.61,-2.39,,
2018-10-31,-1.84,-1.60,,
2018-11-01,-2.34,0.37,,
2018-11-02,-1.02,-2.28,,
2018-11-03,-1.38,-2.48,,
2018-11-04,-3.67,-0.58,,
2018-11-05,-4.04,-0.71,,
2018-11-06,-3.57,-1.09,,
2018-11-07,-3.14,-1.33,,
2018-11-08,-1.81,-1.57,,
2018-11-09,-1.40,-1.55,,
2018-11-10,-1.15,-2.84,,
2018-11-11,-0.57,-2.12,,
2018-11-12,-1.44,-1.72,,
2018-11-13,-1.25,-1.29,,
2018-11-14,2.27,-1.26,,
2018-11-15,3.61,-4.01,,
2018-11-16,2.49,-3.98,,
2018-11-17,2.56,-3.28,,
2018-11-18,-0.47,-4.48,,
2018-11-19,-1.54,-2.37,,
2018-11-20,-0.69,-2.56,,
2018-11-21,-1.87,-2.89,,
2018-11-22,-2.32,-2.02,,
2018-11-23,-0.55,-2.20,,
2018-11-24,-1.54,-0.85,,
2018-11-25,-2.29,-0.00,,
2018-11-26,-2.57,-0.00,,
2018-11-27,-0.48,-1.91,,
2018-11-28,0.74,-3.49,,
2018-11-29,0.33,-3.73,,
2018-11-30,-2.24,0.08,,
2018-12-01,-3.52,1.64,,
2018-12-02,-2.00,-0.24,,
2018-12-03,-2.11,-0.41,,
2018-12-04,-2.71,-1.38,,
2018-12-05,-2.48,-1.87,,
2018-12-06,-2.08,-2.76,,
2018-12-07,-2.40,-2.48,,
2018-12-08,-3.69,-0.32,,
2018-12-09,-2.58,-0.79,,
2018-12-10,0.00,-3.67,,
2018-12-11,2.16,-6.28,,
2018-12-12,2.46,-3.93,,
2018-12-13,1.55,-1.78,,
2018-12-14,-2.51,1.12,,
2018-12-15,2.51,-4.92,,
2018-12-16,2.30,-2.94,,
2018-12-17,2.75,-1.58,,
2018-12-18,2.08,-0.76,,
2018-12-19,1.35,1.30,,
2018-12-20,1.13,1.67,,
2018-12-21,1.76,-3.30,,
2018-12-22,1.12,-3.91,,
2018-12-23,-2.51,-2.69,,
2018-12-24,-0.17,-4.81,,
2018-12-25,-1.33,-2.73,,
2018-12-26,-2.69,-0.77,,
2018-12-27,-4.13,0.58,,
2018-12-28,-4.17,0.73,,
2018-12-29,-4.77,-0.00,,
2018-12-30,-4.97,-0.88,,
2018-12-31,-4.71,-0.16,,
2019-01-01,-6.53,-0.80,,
2019-01-02,-5.89,-1.04,,
2019-01-03,-5.27,-0.46,,
2019-01-04,-4.10,-1.10,,
2019-01-05,-0.67,-2.05,,
2019-01-06,-0.14,-2.63,,
2019-01-07,-0.39,-2.79,,
2019-01-08,-0.72,-2.21,,
2019-01-09,-0.62,-2.70,,
2019-01-10,0.74,-4.20,,
2019-01-11,0.78,-3.11,,
2019-01-12,-1.65,-0.35,,
2019-01-13,-1.42,-2.55,,
2019-01-14,0.05,-2.95,,
2019-01-15,-0.85,-2.46,,
2019-01-16,-0.67,-4.26,,
2019-01-17,-1.60,-4.39,,
2019-01-18,-1.42,-3.34,,
2019-01-19,-2.53,-0.13,,
2019-01-20,1.00,-3.50,,
2019-01-21,1.97,-4.21,,
2019-01-22,1.52,-1.19,,
2019-01-23,-3.49,0.68,,
2019-01-24,0.96,-2.17,,
2019-01-25,1.24,-2.43,,
2019-01-26,0.15,-2.89,,
2019-01-27,1.00,1.48,,
2019-01-28,1.09,-3.82,,
2019-01-29,-1.05,-1.74,,
2019-01-30,-0.04,-2.17,,
2019-01-31,-2.84,-1.15,,
2019-02-01,-3.47,-0.61,,
2019-02-02,-3.80,-1.16,,
2019-02-03,-3.48,-0.55,,
2019-02-04,-4.23,-0.22,,
2019-02-05,-5.07,-0.80,,
2019-02-06,-5.23,-0.83,,
2019-02-07,-5.31,-0.75,,
2019-02-08,-4.61,-2.35,,
2019-02-09,-2.35,-3.36,,
2019-02-10,-1.19,-2.67,,
2019-02-11,-2.30,-1.12,,
2019-02-12,-2.79,-0.20,,
2019-02-13,1.00,-2.24,,
2019-02-14,0.19,-3.64,,
2019-02-15,-2.10,-0.00,,
2019-02-16,-2.88,0.56,,
2019-02-17,-2.13,-0.15,,
2019-02-18,-1.51,-1.68,,
2019-02-19,-3.59,-0.51,,
2019-02-20,-4.94,-0.00,,
2019-02-21,-4.13,-0.73,,
2019-02-22,-5.51,0.10,,
2019-02-23,-5.80,-0.71,,
2019-02-24,-4.24,-1.38,,
2019-02-25,-4.95,-1.70,,
2019-02-26,-4.64,-0.99,,
2019-02-27,-4.55,-1.66,,
2019-02-28,-4.83,-0.94,,
2019-03-01,-4.92,-0.52,,
2019-03-02,-4.11,-1.10,,
2019-03-03,-4.53,-0.32,,
2019-03-04,-3.77,-1.84,,
2019-03-05,-3.50,-1.71,,
2019-03-06,-2.70,-2.27,,
2019-03-07,-2.79,-3.10,,
2019-03-08,-3.72,-2.15,,
2019-03-09,-3.85,-1.40,,
2019-03-10,-5.55,-0.78,,
2019-03-11,-5.58,-1.92,,
2019-03-12,-5.10,-1.96,,
2019-03-13,-4.81,-0.76,,
2019-03-14,-5.41,-0.00,,
2019-03-15,-4.81,-1.47,,
2019-03-16,-3.96,-2.29,,
2019-03-17,-2.20,-1.48,,
2019-03-18,-1.54,-1.49,,
2019-03-19,-0.70,-1.81,,
2019-03-20,-0.78,-2.56,,
2019-03-21,-1.69,-3.05,,
2019-03-22,-2.25,-2.25,,
2019-03-23,-3.13,-0.90,,
2019-03-24,-2.47,-0.85,,
2019-03-25,-1.97,-0.45,,
2019-03-26,-1.31,-2.09,,
2019-03-27,-1.61,-3.63,,
2019-03-28,-2.07,-3.59,,
2019-03-29,-2.76,-0.95,,
2019-03-30,-2.86,0.15,,
2019-03-31,-3.72,-0.46,,
2019-04-01,-1.95,-1.63,,
2019-04-02,-1.97,-0.57,,
2019-04-03,-3.62,-0.57,,
2019-04-04,-4.82,-1.75,,
2019-04-05,-4.56,-0.80,,
2019-04-06,-5.25,-0.28,,
2019-04-07,-5.90,0.10,,
2019-04-08,-3.61,-1.10,,
2019-04-09,-0.23,-2.18,,
2019-04-10,-0.28,-3.26,,
2019-04-11,-2.40,1.12,,
2019-04-12,-2.55,-1.03,,
2019-04-13,-2.84,-0.00,,
2019-04-14,-2.87,0.88,,
2019-04-15,0.29,-4.19,,
2019-04-16,-3.04,-1.29,,
2019-04-17,-4.62,-0.81,,
2019-04-18,-5.21,0.55,,
2019-04-19,0.59,-3.01,,
2019-04-20,1.60,-4.63,,
2019-04-21,-2.17,-1.58,,
2019-04-22,-3.23,-0.75,,
2019-04-23,-4.23,-0.90,,
2019-04-24,-4.58,-0.64,,
2019-04-25,-4.21,0.22,,
2019-04-26,-1.82,-2.80,,
2019-04-27,-1.34,-1.98,,
2019-04-28,-2.99,-0.80,,
2019-04-29,-4.48,-1.46,,
2019-04-30,-5.74,-1.98,,
2019-05-01,-5.42,-1.87,,
2019-05-02,-5.16,-1.38,,
2019-05-03,-4.17,-0.37,,
2019-05-04,-3.07,-0.49,,
2019-05-05,-2.60,-1.69,,
2019-05-06,-1.79,-1.85,,
2019-05-07,-4.85,-1.76,,
2019-05-08,-4.99,-0.97,,
2019-05-09,-3.24,-0.87,,
2019-05-10,-3.50,-0.94,,
2019-05-11,-3.59,-1.16,,
2019-05-12,-3.13,-0.44,,
2019-05-13,-3.09,-1.00,,
2019-05-14,-3.56,-1.44,,
2019-05-15,-3.82,-1.54,,
2019-05-16,-3.28,-2.05,,
2019-05-17,-2.77,-1.54,,
2019-05-18,-2.48,-0.62,,
2019-05-19,-3.26,-0.46,,
2019-05-20,-5.50,-0.58,,
2019-05-21,-5.55,-0.58,,
2019-05-22,-5.21,-0.27,,
2019-05-23,-5.81,-1.89,,
2019-05-24,-4.47,-1.99,,
2019-05-25,-2.86,-2.86,,
2019-05-26,-2.41,-2.25,,
2019-05-27,-2.74,-1.65,,
2019-05-28,-2.15,-1.39,,
2019-05-29,-2.35,0.12,,
2019-05-30,-1.57,-0.67,,
2019-05-31,-0.06,-1.68,,
2019-06-01,-0.59,-1.21,,
2019-06-02,-1.55,-1.34,,
2019-06-03,-1.83,-1.24,,
2019-06-04,-5.18,-0.45,,
2019-06-05,-5.14,-0.45,,
2019-06-06,-3.98,-0.77,,
2019-06-07,-3.24,-0.51,,
2019-06-08,-2.49,-0.81,,
2019-06-09,-2.79,-0.96,,
2019-06-10,-3.37,-1.03,,
2019-06-11,-2.88,-1.05,,
2019-06-12,-2.96,-0.79,,
2019-06-13,-3.47,-0.00,,
2019-06-14,-4.49,-0.00,,
2019-06-15,-4.33,-1.41,,
2019-06-16,-4.90,-1.31,,
2019-06-17,-4.40,-0.54,,
2019-06-18,-5.08,-0.99,,
2019-06-19,-5.47,-1.16,,
2019-06-20,-6.12,-0.97,,
2019-06-21,-6.04,-1.73,,
2019-06-22,-5.84,-1.79,,
2019-06-23,-6.42,-0.79,,
2019-06-24,-5.14,-0.36,,
2019-06-25,-4.96,-1.15,,
2019-06-26,-5.04,-2.14,,
2019-06-27,-3.42,-2.31,,
2019-06-28,-2.15,-2.86,,
2019-06-29,-1.42,-2.36,,
2019-06-30,-2.14,-1.55,,
2019-07-01,-4.63,-1.24,,
2019-07-02,-4.95,-1.33,,
2019-07-03,-3.95,-1.93,,
2019-07-04,-2.92,-1.69,,
2019-07-05,-2.62,-1.39,,
2019-07-06,-3.73,-1.90,,
2019-07-07,-1.87,-1.68,,
2019-07-08,-2.03,-2.18,,
2019-07-09,-3.76,-0.66,,
2019-07-10,-3.85,-0.40,,
2019-07-11,-3.71,-0.72,,
2019-07-12,-3.36,-0.12,,
2019-07-13,-5.56,-0.39,,
2019-07-14,-5.02,-0.98,,
2019-07-15,-4.50,-1.12,,
2019-07-16,-4.89,-1.49,,
2019-07-17,-4.51,-2.71,,
2019-07-18,-5.32,-1.94,,
2019-07-19,-3.66,-2.47,,
2019-07-20,-3.36,-1.79,,
2019-07-21,-2.87,-1.80,,
2019-07-22,-4.30,-0.99,,
2019-07-23,-2.99,-1.15,,
2019-07-24,-3.12,-0.84,,
2019-07-25,-3.63,-0.90,,
2019-07-26,-4.20,-1.13,,
2019-07-27,-3.74,-2.92,,
2019-07-28,-3.21,-2.01,,
2019-07-29,-1.85,-1.98,,
2019-07-30,-1.04,-1.96,,
2019-07-31,-0.92,-1.90,,
2019-08-01,-1.06,-1.70,,
2019-08-02,-0.94,-1.85,,
2019-08-03,-2.11,-1.27,,
2019-08-04,-3.26,-0.93,,
2019-08-05,-4.14,-1.27,,
2019-08-06,-3.35,-1.09,,
2019-08-07,-3.75,-1.51,,
2019-08-08,-4.12,-1.03,,
2019-08-09,-2.27,-1.11,,
2019-08-10,-3.54,-0.75,,
2019-08-11,-3.64,-1.70,,
2019-08-12,-3.88,-1.04,,
2019-08-13,-3.57,-1.82,,
2019-08-14,-3.55,-1.29,,
2019-08-15,-3.44,-0.92,,
2019-08-16,-3.96,-0.84,,
2019-08-17,-4.23,-0.67,,
2019-08-18,-6.32,-0.00,,
2019-08-19,-4.98,-0.44,,
2019-08-20,-3.42,-1.38,,
2019-08-21,-2.55,-0.93,,
2019-08-22,-3.17,-0.73,,
2019-08-23,-4.37,-0.38,,
2019-08-24,-3.90,-0.76,,
2019-08-25,-3.93,-1.13,,
2019-08-26,-4.40,0.23,,
2019-08-27,-5.36,-1.24,,
2019-08-28,-5.28,-1.51,,
2019-08-29,-2.94,-1.84,,
2019-08-30,-0.81,-1.47,,
2019-08-31,-1.03,1.59,,
2019-09-01,-1.05,-1.01,,
2019-09-02,-1.43,-0.86,,
2019-09-03,-2.11,-1.32,,
2019-09-04,-2.97,-1.08,,
2019-09-05,-4.17,-1.12,,
2019-09-06,-3.65,-1.55,,
2019-09-07,-1.28,-2.32,,
2019-09-08,-1.65,-1.60,,
2019-09-09,-1.98,-1.34,,
2019-09-10,-3.85,-1.11,,
2019-09-11,-2.47,-2.23,,
2019-09-12,-0.96,-2.95,,
2019-09-13,-0.39,-2.49,,
2019-09-14,-0.24,-1.99,,
2019-09-15,-1.16,-1.43,,
2019-09-16,-3.24,-1.24,,
2019-09-17,-3.15,-0.61,,
2019-09-18,-1.69,-0.55,,
2019-09-19,-0.21,-2.38,,
2019-09-20,-0.77,-2.51,,
2019-09-21,-0.48,-2.45,,
2019-09-22,-0.40,-1.38,,
2019-09-23,-0.78,-1.21,,
2019-09-24,0.69,1.48,,
2019-09-25,1.35,-0.17,,
2019-09-26,0.05,-1.42,,
2019-09-27,-1.98,-0.88,,
2019-09-28,-1.86,0.16,,
2019-09-29,-1.08,-2.67,,
2019-09-30,-1.73,-1.67,,
2019-10-01,-0.09,-2.53,,
2019-10-02,0.69,-1.90,,
2019-10-03,0.83,-0.89,,
2019-10-04,1.00,0.38,,
2019-10-05,1.27,0.00,,
2019-10-06,1.68,-0.78,,
2019-10-07,0.51,-1.79,,
2019-10-08,-0.31,-1.73,,
2019-10-09,-0.42,-2.00,,
2019-10-10,-2.71,-0.78,,
2019-10-11,-1.92,-1.99,,
2019-10-12,-1.25,-2.68,,
2019-10-13,-1.38,-2.04,,
2019-10-14,-1.96,-2.91,,
2019-10-15,-2.10,-0.15,,
2019-10-16,-1.78,0.68,,
2019-10-17,-2.05,0.75,,
2019-10-18,-1.91,0.77,,
2019-10-19,-1.53,-0.11,,
2019-10-20,-2.07,-1.20,,
2019-10-21,-3.82,0.27,,
2019-10-22,-2.89,-1.60,,
2019-10-23,-2.64,-0.09,,
2019-10-24,-3.61,0.51,,
2019-10-25,-3.43,-0.06,,
2019-10-26,-1.30,-2.25,,
2019-10-27,0.09,-2.68,,
2019-10-28,-1.43,-1.90,,
2019-10-29,-2.70,-0.14,,
2019-10-30,-3.93,-0.55,,
2019-10-31,-2.15,-1.39,,
2019-11-01,-0.68,-3.18,,
2019-11-02,0.19,-3.65,,
2019-11-03,0.29,-4.08,,
2019-11-04,-0.53,-3.36,,
2019-11-05,-1.05,-2.15,,
2019-11-06,-0.47,-2.97,,
2019-11-07,-0.71,-2.05,,
2019-11-08,-0.41,-2.58,,
2019-11-09,0.67,-2.67,,
2019-11-10,0.80,-2.63,,
2019-11-11,0.68,-1.22,,
2019-11-12,1.68,0.06,,
2019-11-13,1.81,-0.29,,
2019-11-14,1.10,0.15,,
2019-11-15,0.98,-1.05,,
2019-11-16,1.21,-4.21,,
2019-11-17,1.17,-4.09,,
2019-11-18,1.30,-2.92,,
2019-11-19,0.98,-3.01,,
2019-11-20,0.17,-2.42,,
2019-11-21,-1.17,-1.80,,
2019-11-22,-1.40,-1.35,,
2019-11-23,-0.93,-2.30,,
2019-11-24,-0.63,-2.36,,
2019-11-25,-0.88,-1.41,,
2019-11-26,-3.34,-0.06,,
2019-11-27,-3.92,-1.20,,
2019-11-28,-4.40,-1.96,,
2019-11-29,-2.76,-3.54,,
2019-11-30,-1.69,-1.69,,
2019-12-01,-2.98,-0.47,,
2019-12-02,-0.12,-3.48,,
2019-12-03,-0.24,-2.70,,
2019-12-04,-0.13,-1.80,,
2019-12-05,-2.43,-2.35,,
2019-12-06,-2.64,-1.40,,
2019-12-07,-1.36,-2.67,,
2019-12-08,-0.91,-2.64,,
2019-12-09,-1.60,-1.71,,
2019-12-10,-3.12,0.16,,
2019-12-11,-3.48,-1.85,,
2019-12-12,-1.60,-2.88,,
2019-12-13,-1.06,-2.17,,
2019-12-14,-0.10,-1.46,,
2019-12-15,-2.80,-0.29,,
2019-12-16,-3.87,-0.41,,
2019-12-17,-1.88,-1.69,,
2019-12-18,1.44,-4.17,,
2019-12-19,4.00,-5.94,,
2019-12-20,3.46,-1.99,,
2019-12-21,1.53,1.70,,
2019-12-22,1.37,-0.24,,
2019-12-23,2.18,-3.00,,
2019-12-24,1.06,-3.68,,
2019-12-25,1.03,-2.56,,
2019-12-26,-0.15,-2.13,,
2019-12-27,0.14,-1.98,,
2019-12-28,-0.92,-1.81,,
2019-12-29,-2.12,0.15,,
2019-12-30,-1.39,-1.49,,
2019-12-31,-2.17,-1.64,,
2020-01-01,-2.07,-1.10,,
2020-01-02,-3.21,0.39,,
2020-01-03,-2.43,1.58,,
2020-01-04,1.15,-3.00,,
2020-01-05,2.56,-5.02,,
2020-01-06,2.13,-3.28,,
2020-01-07,0.27,-3.93,,
2020-01-08,0.00,-5.12,,
2020-01-09,-3.03,-2.12,,
2020-01-10,-4.80,-1.29,,
2020-01-11,-6.21,-0.65,,
2020-01-12,-5.91,-1.70,,
2020-01-13,-5.90,-1.69,,
2020-01-14,-4.97,-2.21,,
2020-01-15,-3.92,-2.00,,
2020-01-16,-3.91,-2.95,,
2020-01-17,-3.98,-2.49,,
2020-01-18,-4.27,-2.67,,
2020-01-19,-2.32,-2.87,,
2020-01-20,0.14,-4.05,,
2020-01-21,1.90,-4.96,,
2020-01-22,1.15,-3.33,,
2020-01-23,-1.62,0.97,,
2020-01-24,-1.89,-0.13,,
2020-01-25,-1.69,-1.87,,
2020-01-26,-0.84,-1.57,,
2020-01-27,-1.06,1.46,,
2020-01-28,-1.68,0.18,,
2020-01-29,-1.13,-1.96,,
2020-01-30,0.00,-2.47,,
2020-01-31,-2.59,-0.32,,
2020-02-01,0.46,-3.72,,
2020-02-02,0.55,-6.27,,
2020-02-03,-1.16,-2.49,,
2020-02-04,-3.41,0.06,,
2020-02-05,-3.22,0.92,,
2020-02-06,-1.34,1.91,,
2020-02-07,0.69,-3.91,,
2020-02-08,-2.55,-2.94,,
2020-02-09,-4.76,-1.28,,
2020-02-10,-5.73,-0.70,,
2020-02-11,-5.47,-0.57,,
2020-02-12,-5.12,-0.00,,
2020-02-13,-4.61,0.57,,
2020-02-14,-4.28,-1.56,,
2020-02-15,-3.47,-2.61,,
2020-02-16,-3.26,-2.03,,
2020-02-17,-3.94,-1.59,,
2020-02-18,-5.55,-1.08,,
2020-02-19,-5.57,-1.60,,
2020-02-20,-3.95,-2.28,,
2020-02-21,-0.83,-3.60,,
2020-02-22,-1.32,-4.32,,
2020-02-23,-1.08,-4.32,,
2020-02-24,1.70,1.33,,
2020-02-25,-2.17,1.25,,
2020-02-26,-0.44,-2.27,,
2020-02-27,2.27,-5.61,,
2020-02-28,2.38,-4.29,,
2020-02-29,0.96,-5.42,,
2020-03-01,-3.66,-2.47,,
2020-03-02,-4.91,0.95,,
2020-03-03,-4.15,0.29,,
2020-03-04,-3.89,0.97,,
2020-03-05,-1.72,-2.13,,
2020-03-06,-0.90,-3.91,,
2020-03-07,2.23,-4.78,,
2020-03-08,0.10,-5.46,,
2020-03-09,-4.72,-4.25,,
2020-03-10,-3.27,-3.15,,
2020-03-11,-1.56,-2.94,,
2020-03-12,-2.57,-1.73,,
2020-03-13,-3.45,-0.48,,
2020-03-14,-3.87,-1.41,,
2020-03-15,-4.01,-1.87,,
2020-03-16,-3.26,-1.88,,
2020-03-17,-3.65,-1.19,,
2020-03-18,-3.89,-0.97,,
2020-03-19,-4.62,-1.15,,
2020-03-20,-4.73,-0.83,,
2020-03-21,-4.37,-1.59,,
2020-03-22,-3.84,-1.96,,
2020-03-23,-3.74,-1.36,,
2020-03-24,-4.05,-0.21,,
2020-03-25,-4.23,-0.75,,
2020-03-26,-4.21,-0.74,,
2020-03-27,-4.96,-0.88,,
2020-03-28,-5.47,-0.57,,
2020-03-29,-5.07,-1.27,,
2020-03-30,-5.70,-1.01,,
2020-03-31,-4.48,-0.08,,
2020-04-01,-2.27,-1.01,,
2020-04-02,-2.38,-0.42,,
2020-04-03,-3.28,-0.76,,
2020-04-04,-3.95,-0.98,,
2020-04-05,-4.15,-1.11,,
2020-04-06,-3.64,-1.32,,
2020-04-07,-4.12,-0.95,,
2020-04-08,-3.56,-0.82,,
2020-04-09,-3.43,-0.48,,
2020-04-10,-3.25,-0.93,,
2020-04-11,-2.53,-1.40,,
2020-04-12,-4.30,0.38,,
2020-04-13,-2.95,0.31,,
2020-04-14,-3.62,-0.57,,
2020-04-15,-2.62,-2.53,,
2020-04-16,-1.77,-2.62,,
2020-04-17,-4.36,-0.93,,
2020-04-18,-4.78,-0.25,,
2020-04-19,-4.75,0.75,,
2020-04-20,-3.16,1.21,,
2020-04-21,-1.57,-3.08,,
2020-04-22,-3.51,-2.28,,
2020-04-23,-3.83,0.88,,
2020-04-24,-2.61,1.39,,
2020-04-25,-1.41,-2.55,,
2020-04-26,-2.99,-1.21,,
2020-04-27,-4.58,-2.33,,
2020-04-28,-4.23,-1.71,,
2020-04-29,-3.96,-0.42,,
2020-04-30,-2.30,-2.84,,
2020-05-01,-2.01,-2.77,,
2020-05-02,-2.36,-0.42,,
2020-05-03,-4.15,-1.04,,
2020-05-04,-3.83,-1.25,,
2020-05-05,-4.46,-1.03,,
2020-05-06,-3.69,-1.27,,
2020-05-07,-2.43,-3.00,,
2020-05-08,-2.67,-1.94,,
2020-05-09,-3.89,-0.34,,
2020-05-10,-0.36,-2.03,,
2020-05-11,1.37,-1.52,,
2020-05-12,-0.74,-2.03,,
2020-05-13,-2.88,-0.00,,
2020-05-14,-2.95,-1.25,,
2020-05-15,-2.71,-0.99,,
2020-05-16,-3.33,-0.53,,
2020-05-17,-1.60,-1.30,,
2020-05-18,-0.51,-2.89,,
2020-05-19,-1.40,-1.93,,
2020-05-20,-2.62,-0.46,,
2020-05-21,-2.44,-0.99,,
2020-05-22,-2.63,-0.91,,
2020-05-23,-2.01,-1.69,,
2020-05-24,-1.79,-1.50,,
2020-05-25,-2.26,-0.40,,
2020-05-26,-1.56,-1.56,,
2020-05-27,-1.63,-1.69,,
2020-05-28,-3.42,-0.00,,
2020-05-29,-2.90,-0.41,,
2020-05-30,-3.79,-0.00,,
2020-05-31,-2.63,-0.09,,
2020-06-01,-2.09,2.09,,
2020-06-02,-1.84,0.98,,
2020-06-03,-2.87,2.01,,
2020-06-04,-0.42,1.97,,
2020-06-05,2.00,3.08,,
2020-06-06,0.31,1.97,,
2020-06-07,-1.77,1.07,,
2020-06-08,-2.17,0.04,,
2020-06-09,-2.83,-0.40,,
2020-06-10,-3.76,-2.00,,
2020-06-11,-3.93,-2.46,,
2020-06-12,-1.58,-2.09,,
2020-06-13,-0.91,-1.87,,
2020-06-14,-1.14,-1.63,,
2020-06-15,-1.35,-2.16,,
2020-06-16,-0.85,-2.21,,
2020-06-17,-2.79,-1.18,,
2020-06-18,-3.09,-0.83,,
2020-06-19,-3.95,-0.21,,
2020-06-20,-4.85,-1.03,,
2020-06-21,-4.88,-1.59,,
2020-06-22,-5.90,-0.83,,
2020-06-23,-5.61,-0.89,,
2020-06-24,-5.73,-0.81,,
2020-06-25,-6.03,-0.63,,
2020-06-26,-5.21,-2.11,,
2020-06-27,-4.24,-1.71,,
2020-06-28,-3.86,-1.48,,
2020-06-29,-4.88,-0.95,,
2020-06-30,-4.99,-0.61,,
2020-07-01,-3.08,-1.44,,
2020-07-02,-2.96,-0.91,,
2020-07-03,-2.39,-0.97,,
2020-07-04,-2.45,-1.78,,
2020-07-05,-3.53,-1.01,,
2020-07-06,-5.22,-0.36,,
2020-07-07,-4.02,-1.23,,
2020-07-08,-2.32,-1.45,,
2020-07-09,-2.65,-1.59,,
2020-07-10,-2.95,-1.07,,
2020-07-11,-4.75,-0.84,,
2020-07-12,-3.75,-1.22,,
2020-07-13,-4.17,-0.44,,
2020-07-14,-4.47,-1.03,,
2020-07-15,-5.12,-1.66,,
2020-07-16,-3.20,-2.33,,
2020-07-17,-0.89,-2.59,,
2020-07-18,-0.85,-2.11,,
2020-07-19,-1.96,-0.87,,
2020-07-20,-1.71,-1.07,,
2020-07-21,-2.26,-0.82,,
2020-07-22,-2.32,-0.89,,
2020-07-23,-1.62,-1.10,,
2020-07-24,-3.70,-0.26,,
2020-07-25,-3.82,-0.20,,
2020-07-26,-3.88,-0.00,,
2020-07-27,-4.57,0.56,,
2020-07-28,-5.96,-1.27,,
2020-07-29,-4.67,-1.08,,
2020-07-30,-3.41,-1.45,,
2020-07-31,-1.36,-2.36,,
2020-08-01,-0.37,-2.36,,
2020-08-02,-0.54,-2.01,,
2020-08-03,-0.54,-1.89,,
2020-08-04,-1.10,-1.83,,
2020-08-05,-2.32,-1.18,,
2020-08-06,-3.11,-1.52,,
2020-08-07,-4.52,-0.47,,
2020-08-08,-4.74,-1.09,,
2020-08-09,-3.57,-1.82,,
2020-08-10,-4.58,-1.95,,
2020-08-11,-4.00,-1.70,,
2020-08-12,-2.57,-2.32,,
2020-08-13,-1.63,-1.88,,
2020-08-14,-2.52,-1.90,,
2020-08-15,-2.56,-1.86,,
2020-08-16,-1.49,-1.78,,
2020-08-17,-0.56,-1.94,,
2020-08-18,-0.30,-2.13,,
2020-08-19,-1.09,-1.45,,
2020-08-20,-1.96,0.17,,
2020-08-21,-1.83,-0.97,,
2020-08-22,-0.77,-1.65,,
2020-08-23,-1.46,0.13,,
2020-08-24,-0.97,-1.44,,
2020-08-25,-1.49,-1.21,,
2020-08-26,-2.47,-0.39,,
2020-08-27,-3.92,0.69,,
2020-08-28,-1.87,0.36,,
2020-08-29,-3.95,0.41,,
2020-08-30,-2.75,0.19,,
2020-08-31,-3.72,-0.39,,
2020-09-01,-3.25,-0.69,,
2020-09-02,-1.17,-2.39,,
2020-09-03,-5.91,1.47,,
2020-09-04,-2.92,-1.55,,
2020-09-05,-2.86,-1.65,,
2020-09-06,-2.19,-1.77,,
2020-09-07,-1.15,-1.53,,
2020-09-08,-1.93,-0.94,,
2020-09-09,-2.30,0.12,,
2020-09-10,-2.65,-0.71,,
2020-09-11,-1.69,-1.32,,
2020-09-12,-1.26,-0.09,,
2020-09-13,-0.41,1.95,,
2020-09-14,-1.59,-0.37,,
2020-09-15,-0.91,-1.21,,
2020-09-16,-1.69,-1.05,,
2020-09-17,-1.96,0.10,,
2020-09-18,-1.34,-1.34,,
2020-09-19,0.32,-1.50,,
2020-09-20,-0.87,-1.57,,
2020-09-21,-1.35,-1.45,,
2020-09-22,-1.03,-1.59,,
2020-09-23,-0.82,-1.49,,
2020-09-24,-1.13,-0.91,,
2020-09-25,-2.39,-0.34,,
2020-09-26,-2.55,-0.27,,
2020-09-27,-2.17,-0.08,,
2020-09-28,-3.14,-0.22,,
2020-09-29,-2.06,-1.92,,
2020-09-30,0.22,-2.55,,
2020-10-01,0.16,-2.32,,
2020-10-02,1.09,-1.90,,
2020-10-03,1.40,1.51,,
2020-10-04,2.07,0.15,,
2020-10-05,3.30,1.27,,
2020-10-06,2.10,2.10,,
2020-10-07,2.14,2.30,,
2020-10-08,0.20,-1.88,,
2020-10-09,-2.12,-1.27,,
2020-10-10,-1.54,-0.30,,
2020-10-11,-2.03,-0.58,,
2020-10-12,-3.05,-0.76,,
2020-10-13,-2.36,-2.13,,
2020-10-14,-0.84,-3.15,,
2020-10-15,-1.11,-2.18,,
2020-10-16,-1.65,-1.97,,
2020-10-17,-1.31,-2.58,,
2020-10-18,0.00,-3.03,,
2020-10-19,0.66,-2.45,,
2020-10-20,1.45,0.26,,
2020-10-21,1.01,1.49,,
2020-10-22,0.85,1.13,,
2020-10-23,0.69,0.99,,
2020-10-24,1.09,-0.65,,
2020-10-25,1.69,-0.24,,
2020-10-26,2.58,1.20,,
2020-10-27,1.04,1.87,,
2020-10-28,-1.06,-1.13,,
2020-10-29,-1.57,-1.94,,
2020-10-30,-0.95,-2.24,,
2020-10-31,0.62,-3.18,,
2020-11-01,0.06,-3.72,,
2020-11-02,1.26,-5.91,,
2020-11-03,2.08,-6.81,,
2020-11-04,2.74,-7.54,,
2020-11-05,-3.26,-6.14,,
2020-11-06,0.11,-3.13,,
2020-11-07,2.08,-1.25,,
2020-11-08,1.45,1.40,,
2020-11-09,2.12,0.22,,
2020-11-10,2.13,1.04,,
2020-11-11,1.03,-1.37,,
2020-11-12,-0.21,-1.73,,
2020-11-13,1.31,-0.82,,
2020-11-14,0.09,-1.67,,
2020-11-15,-0.88,-1.47,,
2020-11-16,-0.62,-3.92,,
2020-11-17,0.93,-6.61,,
2020-11-18,-3.40,-6.13,,
2020-11-19,-2.87,-3.19,,
2020-11-20,-2.71,-4.01,,
2020-11-21,-2.02,-5.26,,
2020-11-22,-0.48,-5.46,,
2020-11-23,0.00,-5.28,,
2020-11-24,-0.31,-4.44,,
2020-11-25,-2.36,-1.10,,
2020-11-26,-2.30,-1.80,,
2020-11-27,-1.98,-2.05,,
2020-11-28,-2.35,-1.15,,
2020-11-29,-1.64,-1.11,,
2020-11-30,-0.74,-1.66,,
2020-12-01,1.88,-5.16,,
2020-12-02,1.78,-4.19,,
2020-12-03,-1.56,-0.98,,
2020-12-04,0.35,-2.22,,
2020-12-05,0.57,-1.56,,
2020-12-06,-0.13,-1.53,,
2020-12-07,1.25,-0.72,,
2020-12-08,2.02,-4.32,,
2020-12-09,1.55,-3.32,,
2020-12-10,1.42,-2.68,,
2020-12-11,-3.04,-0.54,,
2020-12-12,-3.07,-0.05,,
2020-12-13,-2.56,-0.69,,
2020-12-14,-2.57,-0.50,,
2020-12-15,-1.64,-0.80,,
2020-12-16,-2.35,0.29,,
2020-12-17,-1.09,-2.14,,
2020-12-18,-1.57,-3.88,,
2020-12-19,-2.91,-2.12,,
2020-12-20,-1.38,-1.70,,
2020-12-21,-0.57,-2.95,,
2020-12-22,-2.16,-3.08,,
2020-12-23,-2.38,-2.14,,
2020-12-24,-3.03,0.21,,
2020-12-25,1.47,-5.48,,
2020-12-26,2.26,-3.92,,
2020-12-27,1.23,-2.77,,
2020-12-28,-0.11,-3.23,,
2020-12-29,-0.24,-3.40,,
2020-12-30,-1.56,-1.13,,
2020-12-31,-1.84,1.07,,
2021-01-01,-3.12,0.95,,
2021-01-02,-4.50,-0.24,,
2021-01-03,-2.38,-1.66,,
2021-01-04,-2.93,-0.89,,
2021-01-05,-1.22,-2.51,,
2021-01-06,-0.41,-2.31,,
2021-01-07,-1.15,-1.00,,
2021-01-08,0.20,-2.91,,
2021-01-09,1.55,-4.76,,
2021-01-10,0.95,-2.75,,
2021-01-11,-1.16,-2.37,,
2021-01-12,0.54,-3.83,,
2021-01-13,-0.04,-2.42,,
2021-01-14,0.75,-2.81,,
2021-01-15,0.50,-2.34,,
2021-01-16,0.72,-5.09,,
2021-01-17,1.39,-3.27,,
2021-01-18,1.16,-5.46,,
2021-01-19,-3.16,-3.52,,
2021-01-20,-4.43,-3.10,,
2021-01-21,-1.81,-4.07,,
2021-01-22,-2.41,-1.07,,
2021-01-23,-2.80,-0.34,,
2021-01-24,-4.34,-0.30,,
2021-01-25,-4.77,0.17,,
2021-01-26,-3.93,0.98,,
2021-01-27,-4.00,0.42,,
2021-01-28,-2.03,-3.01,,
2021-01-29,-1.39,-4.05,,
2021-01-30,-3.03,-3.25,,
2021-01-31,-2.32,-1.23,,
2021-02-01,0.07,-3.81,,
2021-02-02,1.80,-4.68,,
2021-02-03,1.09,-2.71,,
2021-02-04,-2.15,-0.87,,
2021-02-05,-2.16,1.40,,
2021-02-06,-0.43,2.46,,
2021-02-07,0.31,-2.96,,
2021-02-08,-3.13,-0.90,,
2021-02-09,-4.81,-0.34,,
2021-02-10,-4.73,-0.58,,
2021-02-11,-3.79,-0.33,,
2021-02-12,-2.57,0.99,,
2021-02-13,-1.30,-1.49,,
2021-02-14,-0.98,-1.78,,
2021-02-15,-1.90,-0.30,,
2021-02-16,1.11,-3.42,,
2021-02-17,-2.45,-0.94,,
2021-02-18,-3.23,0.86,,
2021-02-19,-0.13,-3.84,,
2021-02-20,2.53,-5.96,,
2021-02-21,2.12,-1.59,,
2021-02-22,-2.11,-1.59,,
2021-02-23,-0.77,-3.35,,
2021-02-24,-1.89,-1.48,,
2021-02-25,-3.81,-2.29,,
2021-02-26,-3.36,-1.64,,
2021-02-27,-5.35,-0.28,,
2021-02-28,-6.37,-0.22,,
2021-03-01,-5.57,0.19,,
2021-03-02,-6.05,-0.11,,
2021-03-03,-3.15,-1.21,,
2021-03-04,-0.59,-1.83,,
2021-03-05,-1.99,0.42,,
2021-03-06,-2.26,-1.00,,
2021-03-07,0.19,-3.65,,
2021-03-08,-1.17,-5.08,,
2021-03-09,-0.74,-4.70,,
2021-03-10,-2.34,-3.89,,
2021-03-11,-3.07,-1.99,,
2021-03-12,-3.17,-1.76,,
2021-03-13,-3.76,-2.00,,
2021-03-14,-2.86,-0.30,,
2021-03-15,-3.93,-0.00,,
2021-03-16,-4.63,-0.41,,
2021-03-17,-4.74,1.18,,
2021-03-18,-2.97,-1.20,,
2021-03-19,-2.34,-2.11,,
2021-03-20,-0.42,-4.01,,
2021-03-21,0.73,-3.16,,
2021-03-22,-1.96,-0.64,,
2021-03-23,-4.10,1.57,,
2021-03-24,-2.55,0.88,,
2021-03-25,-4.20,0.82,,
2021-03-26,-4.43,-0.23,,
2021-03-27,-5.56,-1.08,,
2021-03-28,-6.13,-0.64,,
2021-03-29,-5.53,-1.80,,
2021-03-30,-4.76,-1.83,,
2021-03-31,-4.51,-1.46,,
2021-04-01,-3.22,-3.45,,
2021-04-02,-1.19,-5.16,,
2021-04-03,-1.51,-6.05,,
2021-04-04,-1.65,-4.30,,
2021-04-05,-1.60,-3.43,,
2021-04-06,-2.31,-0.93,,
2021-04-07,-3.20,-0.28,,
2021-04-08,-3.65,-0.26,,
2021-04-09,-3.17,-0.17,,
2021-04-10,-2.54,0.73,,
2021-04-11,-2.21,0.98,,
2021-04-12,-1.07,-2.53,,
2021-04-13,-3.47,-2.09,,
2021-04-14,-5.46,-1.36,,
2021-04-15,-4.06,-0.50,,
2021-04-16,-3.77,-0.20,,
2021-04-17,-2.54,-0.04,,
2021-04-18,-2.53,-0.09,,
2021-04-19,-1.98,0.21,,
2021-04-20,-1.85,-0.82,,
2021-04-21,-3.14,-1.46,,
2021-04-22,-4.72,-1.09,,
2021-04-23,-5.49,-0.48,,
2021-04-24,-4.82,1.20,,
2021-04-25,-2.68,-2.59,,
2021-04-26,-4.46,-1.71,,
2021-04-27,-4.86,-0.86,,
2021-04-28,-5.10,-0.54,,
2021-04-29,-4.66,0.24,,
2021-04-30,-4.50,-0.55,,
2021-05-01,-5.03,-0.80,,
2021-05-02,-4.15,0.44,,
2021-05-03,-2.89,0.94,,
2021-05-04,-2.84,0.55,,
2021-05-05,-2.70,-0.62,,
2021-05-06,-2.69,-2.18,,
2021-05-07,-3.23,-1.50,,
2021-05-08,-3.11,-1.65,,
2021-05-09,-5.65,-0.89,,
2021-05-10,-5.94,-0.31,,
2021-05-11,-6.02,-0.85,,
2021-05-12,-6.43,-0.79,,
2021-05-13,-5.00,-2.22,,
2021-05-14,-2.72,-2.63,,
2021-05-15,-3.56,-2.14,,
2021-05-16,-3.44,-1.19,,
2021-05-17,-3.97,-0.70,,
2021-05-18,-4.15,-0.00,,
2021-05-19,-3.72,-0.20,,
2021-05-20,-5.33,-0.28,,
2021-05-21,-3.96,-0.99,,
2021-05-22,-3.42,-1.67,,
2021-05-23,-3.91,-1.74,,
2021-05-24,-4.19,-1.78,,
2021-05-25,-4.91,-1.79,,
2021-05-26,-4.97,-2.01,,
2021-05-27,-4.02,-1.88,,
2021-05-28,-3.87,-0.41,,
2021-05-29,-3.10,-0.77,,
2021-05-30,-4.34,-1.08,,
2021-05-31,-4.34,-1.84,,
2021-06-01,-3.52,-1.79,,
2021-06-02,-3.21,-1.11,,
2021-06-03,-3.15,-0.67,,
2021-06-04,-4.14,-0.51,,
2021-06-05,-5.37,-0.66,,
2021-06-06,-5.26,-0.83,,
2021-06-07,-5.24,-0.55,,
2021-06-08,-5.66,-0.80,,
2021-06-09,-5.21,-1.01,,
2021-06-10,-4.10,-1.18,,
2021-06-11,-3.54,-0.31,,
2021-06-12,-1.87,-1.21,,
2021-06-13,-1.24,-1.24,,
2021-06-14,-1.33,-0.68,,
2021-06-15,-1.71,-0.80,,
2021-06-16,-1.81,1.22,,
2021-06-17,-1.48,-0.96,,
2021-06-18,-2.35,-0.76,,
2021-06-19,-4.80,-0.50,,
2021-06-20,-3.64,0.25,,
2021-06-21,-4.50,0.63,,
2021-06-22,-4.35,0.61,,
2021-06-23,-4.89,0.34,,
2021-06-24,-4.26,-1.14,,
2021-06-25,-2.08,-1.20,,
2021-06-26,-2.08,-0.15,,
2021-06-27,-1.72,-0.24,,
2021-06-28,-4.13,0.22,,
2021-06-29,-2.97,-0.21,,
2021-06-30,-2.60,0.32,,
2021-07-01,-3.30,-0.00,,
2021-07-02,-4.97,-0.61,,
2021-07-03,-3.10,-1.45,,
2021-07-04,-2.23,-1.19,,
2021-07-05,-2.77,-0.79,,
2021-07-06,-2.07,-0.44,,
2021-07-07,-3.64,-0.06,,
2021-07-08,-5.99,-0.10,,
2021-07-09,-6.00,-0.95,,
2021-07-10,-5.85,-2.02,,
2021-07-11,-3.85,-2.22,,
2021-07-12,-4.33,-1.41,,
2021-07-13,-4.80,-2.04,,
2021-07-14,-5.25,-2.23,,
2021-07-15,-3.86,-2.32,,
2021-07-16,-1.29,-2.23,,
2021-07-17,-1.82,-1.23,,
2021-07-18,-3.87,-1.80,,
2021-07-19,-3.32,-2.32,,
2021-07-20,-2.98,-1.86,,
2021-07-21,-4.77,-1.74,,
2021-07-22,-6.12,-2.11,,
2021-07-23,-2.62,-3.35,,
2021-07-24,-1.68,-2.15,,
2021-07-25,-0.60,-1.85,,
2021-07-26,-1.97,-0.00,,
2021-07-27,-2.70,-0.43,,
2021-07-28,-3.55,-1.29,,
2021-07-29,-3.51,-1.28,,
2021-07-30,-2.83,-2.06,,
2021-07-31,-3.35,-2.01,,
2021-08-01,-3.59,-1.83,,
2021-08-02,-2.69,-2.34,,
2021-08-03,-3.66,-1.12,,
2021-08-04,-4.35,-0.00,,
2021-08-05,-4.72,-0.58,,
2021-08-06,-4.34,-1.25,,
2021-08-07,-3.31,-1.08,,
2021-08-08,-3.95,-0.56,,
2021-08-09,-4.53,-1.21,,
2021-08-10,-2.13,-1.55,,
2021-08-11,-1.70,-1.53,,
2021-08-12,-2.71,-1.04,,
2021-08-13,-1.15,-1.84,,
2021-08-14,-1.08,-1.44,,
2021-08-15,-1.09,-1.34,,
2021-08-16,-1.15,-1.59,,
2021-08-17,-3.43,-0.48,,
2021-08-18,-1.68,-2.79,,
2021-08-19,-0.00,2.63,,
2021-08-20,-3.55,0.69,,
2021-08-21,-4.60,-0.08,,
2021-08-22,-3.75,-2.17,,
2021-08-23,-4.01,-1.54,,
2021-08-24,-4.52,-1.82,,
2021-08-25,-3.48,-2.09,,
2021-08-26,-0.99,-2.73,,
2021-08-27,-0.03,-1.52,,
2021-08-28,-0.65,1.39,,
2021-08-29,-2.85,-0.05,,
2021-08-30,-3.90,-0.07,,
2021-08-31,-3.96,0.70,,
2021-09-01,-2.84,-0.35,,
2021-09-02,-5.53,-0.48,,
2021-09-03,-2.38,-1.60,,
2021-09-04,-1.81,-1.32,,
2021-09-05,-2.68,-0.47,,
2021-09-06,-2.78,-0.75,,
2021-09-07,-3.69,-0.06,,
2021-09-08,-3.87,-0.34,,
2021-09-09,-3.06,-0.82,,
2021-09-10,-1.60,-1.25,,
2021-09-11,-2.83,-0.10,,
2021-09-12,-6.17,0.65,,
2021-09-13,-4.83,-0.08,,
2021-09-14,-3.40,0.18,,
2021-09-15,-2.41,0.13,,
2021-09-16,-2.00,-0.03,,
2021-09-17,-2.52,-0.97,,
2021-09-18,-3.83,-0.20,,
2021-09-19,-3.45,-1.19,,
2021-09-20,-2.37,-1.66,,
2021-09-21,-1.79,-1.67,,
2021-09-22,-0.44,-2.77,,
2021-09-23,0.29,-2.75,,
2021-09-24,-0.04,-2.11,,
2021-09-25,-1.85,-1.20,,
2021-09-26,-1.74,-1.52,,
2021-09-27,-1.66,-1.12,,
2021-09-28,-2.69,-1.03,,
2021-09-29,-2.65,-0.19,,
2021-09-30,-3.34,-0.83,,
2021-10-01,-3.48,-0.93,,
2021-10-02,-3.05,-1.29,,
2021-10-03,-1.43,-2.20,,
2021-10-04,-0.94,-2.01,,
2021-10-05,-0.76,-1.50,,
2021-10-06,-1.02,-2.00,,
2021-10-07,-1.97,-2.18,,
2021-10-08,-2.48,-2.23,,
2021-10-09,-1.68,-1.62,,
2021-10-10,1.08,1.01,,
2021-10-11,-2.03,0.62,,
2021-10-12,-1.87,-1.41,,
2021-10-13,-1.32,-2.03,,
2021-10-14,-2.24,-0.91,,
2021-10-15,-2.08,-0.97,,
2021-10-16,-1.02,-2.09,,
2021-10-17,-0.41,-2.61,,
2021-10-18,-0.73,-2.37,,
2021-10-19,-0.42,-2.35,,
2021-10-20,-2.00,-1.25,,
2021-10-21,-1.83,-1.19,,
2021-10-22,-1.66,-1.91,,
2021-10-23,-1.91,-0.37,,
2021-10-24,-2.44,-0.56,,
2021-10-25,-2.53,-0.49,,
2021-10-26,-2.97,-0.91,,
2021-10-27,-3.29,-0.29,,
2021-10-28,-1.85,-0.53,,
2021-10-29,1.96,-2.90,,
2021-10-30,2.49,-1.68,,
2021-10-31,1.47,-3.16,,
2021-11-01,-1.14,-2.56,,
2021-11-02,0.07,-4.28,,
2021-11-03,0.38,-4.32,,
2021-11-04,0.57,-2.46,,
2021-11-05,0.96,-1.97,,
2021-11-06,2.00,-3.33,,
2021-11-07,1.61,-3.15,,
2021-11-08,0.25,-3.61,,
2021-11-09,0.41,-3.92,,
2021-11-10,0.15,-2.90,,
2021-11-11,2.12,0.15,,
2021-11-12,0.30,-2.47,,
2021-11-13,0.41,-2.62,,
2021-11-14,1.28,-3.71,,
2021-11-15,-0.34,-3.86,,
2021-11-16,0.47,-4.46,,
2021-11-17,0.18,-3.40,,
2021-11-18,-0.81,-1.66,,
2021-11-19,-0.13,-2.54,,
2021-11-20,-0.38,-2.38,,
2021-11-21,0.47,-2.19,,
2021-11-22,0.64,-1.96,,
2021-11-23,1.52,-3.41,,
2021-11-24,0.86,-2.99,,
2021-11-25,-1.47,-2.36,,
2021-11-26,1.41,-3.49,,
2021-11-27,0.31,-2.49,,
2021-11-28,0.04,-2.40,,
2021-11-29,0.48,-2.09,,
2021-11-30,1.31,-1.62,,
2021-12-01,0.19,-2.78,,
2021-12-02,0.15,-1.74,,
2021-12-03,-0.67,-2.33,,
2021-12-04,-1.48,-3.18,,
2021-12-05,-0.29,-2.75,,
2021-12-06,-1.60,-1.16,,
2021-12-07,-2.60,-1.33,,
2021-12-08,-3.66,-1.26,,
2021-12-09,-3.98,-0.77,,
2021-12-10,-4.04,-0.64,,
2021-12-11,-3.66,0.38,,
2021-12-12,-1.75,-2.02,,
2021-12-13,-0.60,-3.09,,
2021-12-14,-0.85,-3.42,,
2021-12-15,-0.54,-3.38,,
2021-12-16,-0.69,-2.26,,
2021-12-17,-0.69,-1.89,,
2021-12-18,-2.76,-0.49,,
2021-12-19,-2.69,-0.72,,
2021-12-20,-2.28,-0.70,,
2021-12-21,1.28,0.04,,
2021-12-22,1.18,-3.06,,
2021-12-23,0.98,-2.01,,
2021-12-24,0.85,-2.62,,
2021-12-25,-1.44,-1.44,,
2021-12-26,-1.22,-1.14,,
2021-12-27,-1.77,-0.82,,
2021-12-28,-3.08,1.31,,
2021-12-29,-3.24,0.75,,
2021-12-30,-3.09,-0.55,,
2021-12-31,-3.68,0.26,,
2022-01-01,-3.86,0.61,-0.028,0.010
2022-01-02,-5.19,0.73,-0.040,0.028
2022-01-03,-1.60,-2.89,-0.042,-0.043
2022-01-04,1.38,-5.54,-0.006,-0.126
2022-01-05,0.62,-2.30,-0.002,-0.019
2022-01-06,-3.58,0.38,-0.058,0.034
2022-01-07,-2.50,-0.81,-0.042,0.005
2022-01-08,-3.61,-0.83,-0.032,-0.002
2022-01-09,-3.00,-1.09,-0.031,-0.014
2022-01-10,-0.86,-3.00,-0.007,-0.027
2022-01-11,0.35,-4.00,0.000,-0.105
2022-01-12,0.63,-3.98,-0.002,-0.108
2022-01-13,0.21,-2.96,-0.002,-0.058
2022-01-14,0.08,-2.21,-0.005,-0.021
2022-01-15,-2.09,1.21,-0.011,0.028
2022-01-16,1.95,-2.02,0.000,0.039
2022-01-17,1.29,-3.75,0.000,-0.063
2022-01-18,0.68,-2.95,0.000,-0.037
2022-01-19,-2.20,-0.23,-0.014,-0.021
2022-01-20,-2.96,-0.26,-0.046,-0.032
2022-01-21,-1.91,-1.60,-0.034,-0.061
2022-01-22,-0.52,-2.45,-0.025,-0.070
2022-01-23,0.26,-3.73,0.000,-0.091
2022-01-24,-0.83,-2.42,-0.015,-0.068
2022-01-25,-2.62,1.45,-0.014,0.030
2022-01-26,-1.03,-2.69,-0.013,-0.024
2022-01-27,-0.87,-2.38,-0.041,-0.034
2022-01-28,-1.22,-1.82,-0.022,-0.005
2022-01-29,1.20,-4.80,-0.007,-0.110
2022-01-30,1.74,-5.04,-0.004,-0.132
2022-01-31,-2.20,-1.17,-0.014,-0.039
2022-02-01,-4.64,1.33,-0.045,0.054
2022-02-02,-3.46,-0.30,-0.021,0.002
2022-02-03,-4.03,0.64,-0.042,-0.010
2022-02-04,-3.33,-1.70,-0.044,-0.037
2022-02-05,-0.06,-3.61,-0.012,-0.068
2022-02-06,1.18,-3.42,0.000,-0.088
2022-02-07,0.04,-2.31,-0.010,-0.056
2022-02-08,1.56,-0.63,0.007,0.003
2022-02-09,1.70,-3.34,0.054,-0.009
2022-02-10,1.04,-2.86,0.000,-0.056
2022-02-11,-0.71,-2.64,-0.012,-0.056
2022-02-12,-2.53,-0.49,-0.016,-0.021
2022-02-13,-0.70,-3.61,-0.016,-0.047
2022-02-14,2.10,-6.47,0.000,-0.144
2022-02-15,2.72,-4.91,0.006,-0.126
2022-02-16,0.62,-2.17,-0.018,-0.084
2022-02-17,-2.33,0.04,-0.058,-0.039
2022-02-18,-4.66,-0.24,-0.058,-0.012
2022-02-19,-3.21,-1.93,-0.057,-0.020
2022-02-20,-2.78,-3.08,-0.056,-0.071
2022-02-21,-2.95,-1.50,-0.054,-0.059
2022-02-22,-3.53,-0.75,-0.036,-0.031
2022-02-23,-4.93,-0.69,-0.053,-0.010
2022-02-24,-4.27,-1.39,-0.026,-0.024
2022-02-25,-3.56,-2.31,-0.026,-0.019
2022-02-26,-2.56,-2.56,-0.014,-0.062
2022-02-27,-0.66,-2.64,-0.010,-0.040
2022-02-28,0.39,-3.21,-0.013,-0.063
2022-03-01,0.06,-3.36,-0.013,-0.073
2022-03-02,-1.31,-2.58,-0.017,-0.079
2022-03-03,-1.68,-1.62,-0.012,-0.046
2022-03-04,-1.50,-1.72,-0.020,-0.034
2022-03-05,-2.02,-0.74,-0.014,-0.025
2022-03-06,-2.45,-0.94,-0.040,-0.017
2022-03-07,-3.61,-0.06,-0.038,-0.003
2022-03-08,-4.09,-0.43,-0.046,-0.000
2022-03-09,-4.19,0.89,-0.030,0.014
2022-03-10,-2.21,-0.85,-0.025,-0.000
2022-03-11,-3.61,-0.25,-0.042,0.004
2022-03-12,-1.28,-3.18,-0.027,-0.041
2022-03-13,-0.46,-5.23,-0.019,-0.144
2022-03-14,-2.32,-2.32,-0.043,-0.072
2022-03-15,-2.86,-0.71,-0.024,0.002
2022-03-16,-1.78,-1.78,-0.016,0.019
2022-03-17,-4.14,0.07,-0.039,0.046
2022-03-18,-5.08,0.44,-0.050,0.034
2022-03-19,-4.87,-1.04,-0.049,-0.005
2022-03-20,-4.22,-2.06,-0.031,-0.036
2022-03-21,-3.61,-1.17,-0.029,-0.045
2022-03-22,-4.38,0.77,-0.045,-0.003
2022-03-23,-2.76,-0.14,-0.024,-0.015
2022-03-24,-1.34,-2.31,-0.025,-0.024
2022-03-25,2.47,-3.52,0.000,-0.049
2022-03-26,1.35,-3.72,-0.013,-0.042
2022-03-27,0.75,-2.79,-0.002,-0.028
2022-03-28,-3.20,-2.98,-0.038,-0.078
2022-03-29,-4.36,-1.17,-0.049,-0.044
2022-03-30,-4.93,0.78,-0.052,-0.020
2022-03-31,-2.93,1.31,-0.045,-0.007
2022-04-01,-2.61,-1.27,-0.057,-0.029
2022-04-02,-3.06,-1.63,-0.060,-0.051
2022-04-03,-3.79,-1.45,-0.055,-0.037
2022-04-04,-3.79,-0.13,-0.046,0.019
2022-04-05,-3.09,-0.16,-0.024,0.012
2022-04-06,-2.58,-0.74,-0.021,-0.000
2022-04-07,-1.40,-2.87,-0.038,-0.036
2022-04-08,-0.92,-4.34,-0.042,-0.090
2022-04-09,-1.16,-6.56,-0.035,-0.163
2022-04-10,-3.99,-3.59,-0.055,-0.096
2022-04-11,-4.96,-0.43,-0.054,-0.020
2022-04-12,-5.85,-0.51,-0.042,-0.000
2022-04-13,-5.88,-0.10,-0.040,0.019
2022-04-14,-4.84,-0.17,-0.035,-0.005
2022-04-15,-5.59,-1.39,-0.053,-0.032
2022-04-16,-4.48,-1.46,-0.033,-0.012
2022-04-17,-3.52,-0.62,-0.021,0.028
2022-04-18,-3.01,-0.42,-0.024,0.040
2022-04-19,-2.25,-1.89,-0.026,0.009
2022-04-20,-2.35,-1.05,-0.019,-0.012
2022-04-21,-3.12,-1.59,-0.028,-0.005
2022-04-22,-2.40,-2.76,-0.029,-0.039
2022-04-23,-1.07,-2.64,-0.012,-0.051
2022-04-24,-2.73,-1.05,-0.016,-0.019
2022-04-25,-3.17,-1.48,-0.014,-0.003
2022-04-26,-2.74,-2.38,-0.020,-0.024
2022-04-27,-1.77,-2.94,-0.015,-0.036
2022-04-28,-1.14,-2.69,-0.016,-0.014
2022-04-29,-2.96,-0.36,-0.021,0.031
2022-04-30,-3.85,-0.40,-0.030,0.014
2022-05-01,-3.40,-1.97,-0.029,-0.015
2022-05-02,-2.48,-1.49,-0.021,-0.017
2022-05-03,-4.01,-1.00,-0.030,0.014
2022-05-04,-3.74,-1.14,-0.033,-0.007
2022-05-05,-4.33,-0.08,-0.040,0.026
2022-05-06,-4.30,0.60,-0.021,0.023
2022-05-07,-2.06,-1.39,-0.019,0.005
2022-05-08,-1.56,-1.09,-0.038,0.036
2022-05-09,-1.97,-1.59,-0.049,-0.005
2022-05-10,-4.48,-2.18,-0.034,-0.048
2022-05-11,-3.43,-1.98,-0.002,-0.026
2022-05-12,-2.41,-1.69,-0.012,-0.028
2022-05-13,-2.23,-1.04,-0.014,-0.003
2022-05-14,-2.32,0.24,-0.014,0.045
2022-05-15,-2.34,-0.58,-0.022,0.057
2022-05-16,-1.98,-0.68,-0.017,0.057
2022-05-17,-2.65,-0.23,-0.015,0.056
2022-05-18,-2.90,-0.31,-0.007,0.046
2022-05-19,-3.75,-0.39,-0.026,0.040
2022-05-20,-3.49,0.68,-0.021,0.038
2022-05-21,-3.90,1.19,-0.026,0.026
2022-05-22,-4.10,0.50,-0.030,0.016
2022-05-23,-5.14,1.19,-0.057,0.025
2022-05-24,-2.66,-0.23,-0.016,0.030
2022-05-25,-4.97,1.15,-0.049,0.014
2022-05-26,-3.52,-0.81,-0.017,-0.047
2022-05-27,-4.17,-0.66,-0.032,-0.027
2022-05-28,-2.15,-1.81,-0.002,-0.005
2022-05-29,-0.89,-1.38,-0.007,-0.000
2022-05-30,-2.04,0.58,-0.023,0.023
2022-05-31,-2.24,1.34,-0.010,0.049
2022-06-01,1.52,-0.95,0.000,0.035
2022-06-02,1.55,0.82,-0.009,0.037
2022-06-03,2.31,1.13,0.000,0.051
2022-06-04,0.53,1.99,0.000,0.067
2022-06-05,-0.75,-1.85,0.002,0.057
2022-06-06,-2.25,0.40,-0.019,0.067
2022-06-07,-1.39,-1.84,0.008,0.031
2022-06-08,-3.47,-0.00,-0.037,-0.000
2022-06-09,-4.95,-0.26,-0.028,-0.023
2022-06-10,-3.21,0.11,-0.016,-0.000
2022-06-11,-4.64,-0.82,-0.042,0.009
2022-06-12,-5.38,-0.85,-0.031,0.024
2022-06-13,-4.56,-1.39,-0.017,-0.031
2022-06-14,-7.48,-0.65,-0.058,-0.039
2022-06-15,-5.62,-1.40,-0.020,-0.022
2022-06-16,-1.86,-2.29,-0.005,-0.023
2022-06-17,-0.42,-3.01,0.000,-0.065
2022-06-18,-0.27,-2.20,0.000,-0.019
2022-06-19,-0.88,-2.08,-0.010,-0.017
2022-06-20,-2.13,-1.38,-0.035,0.000
2022-06-21,-6.37,-0.33,-0.023,-0.000
2022-06-22,-2.66,-1.93,0.007,0.007
2022-06-23,-0.70,-1.94,-0.007,-0.040
2022-06-24,-1.66,-1.44,-0.014,-0.002
2022-06-25,-2.96,-0.36,-0.033,0.024
2022-06-26,-4.23,-0.98,-0.012,0.007
2022-06-27,-1.70,-1.59,-0.012,-0.012
2022-06-28,-1.45,-1.61,-0.025,0.025
2022-06-29,-2.56,-1.09,-0.028,0.033
2022-06-30,-3.22,-1.24,-0.024,0.026
2022-07-01,-2.40,-1.62,-0.009,0.014
2022-07-02,-3.00,-1.88,-0.035,-0.012
2022-07-03,-5.38,-1.75,-0.036,-0.020
2022-07-04,-4.08,-1.90,-0.022,-0.029
2022-07-05,-1.69,-1.32,0.000,-0.005
2022-07-06,-4.28,-1.15,-0.040,0.002
2022-07-07,-3.82,-1.09,-0.021,-0.002
2022-07-08,-1.96,-1.90,-0.005,-0.005
2022-07-09,-2.66,-1.35,-0.016,-0.012
2022-07-10,-3.23,-1.44,-0.022,-0.024
2022-07-11,-3.33,-0.29,-0.014,-0.007
2022-07-12,-3.53,0.31,-0.012,-0.005
2022-07-13,-5.44,-0.76,-0.036,-0.027
2022-07-14,-6.48,-0.57,-0.034,-0.022
2022-07-15,-4.91,-1.89,-0.017,-0.033
2022-07-16,-2.13,-1.28,0.000,-0.007
2022-07-17,-2.74,-0.89,-0.022,0.022
2022-07-18,-4.42,-1.27,-0.026,-0.012
2022-07-19,-4.50,-1.55,-0.015,-0.031
2022-07-20,-2.25,-2.17,-0.019,-0.031
2022-07-21,-3.41,-0.36,-0.033,-0.012
2022-07-22,-3.44,-1.68,-0.022,-0.029
2022-07-23,-3.71,-1.81,-0.034,-0.034
2022-07-24,-4.00,-2.60,-0.017,-0.045
2022-07-25,-1.33,-2.13,-0.007,-0.028
2022-07-26,-2.06,-1.39,-0.019,-0.005
2022-07-27,-3.14,-1.02,-0.040,-0.012
2022-07-28,-4.70,-0.16,-0.042,-0.010
2022-07-29,-2.55,-1.99,-0.017,-0.036
2022-07-30,-3.59,-0.83,-0.052,-0.024
2022-07-31,-3.62,-1.77,-0.028,-0.017
2022-08-01,-3.62,-2.01,-0.015,-0.056
2022-08-02,-3.59,-2.08,-0.055,-0.032
2022-08-03,-1.45,-2.15,-0.024,-0.041
2022-08-04,-1.88,-1.27,-0.022,-0.019
2022-08-05,-2.12,-2.05,-0.036,-0.024
2022-08-06,-3.02,-1.54,-0.021,-0.005
2022-08-07,-1.50,-2.59,-0.015,-0.022
2022-08-08,-0.78,-3.12,-0.016,-0.012
2022-08-09,-1.64,-2.63,-0.022,-0.015
2022-08-10,-2.80,-1.02,-0.055,0.027
2022-08-11,-4.22,-0.37,-0.019,0.031
2022-08-12,-2.66,-0.66,-0.027,0.045
2022-08-13,-2.60,-0.46,-0.029,0.050
2022-08-14,-2.69,-0.57,-0.041,0.050
2022-08-15,-3.42,-0.24,-0.048,0.039
2022-08-16,-4.74,0.08,-0.038,0.031
2022-08-17,-3.65,-1.78,-0.026,-0.008
2022-08-18,-0.63,-2.21,-0.049,-0.036
2022-08-19,-3.65,-0.19,-0.052,0.012
2022-08-20,-2.72,-1.38,-0.030,-0.005
2022-08-21,-1.66,-1.84,-0.041,-0.034
2022-08-22,-0.94,-1.62,-0.022,-0.056
2022-08-23,-1.54,-1.43,-0.044,-0.065
2022-08-24,-2.25,-1.58,-0.042,-0.052
2022-08-25,-2.69,-0.72,-0.034,-0.055
2022-08-26,-1.88,-1.09,-0.019,-0.042
2022-08-27,-2.25,-0.60,-0.042,-0.040
2022-08-28,-2.85,-0.82,-0.041,-0.032
2022-08-29,-3.19,-0.28,-0.026,-0.012
2022-08-30,-1.75,-2.08,-0.021,-0.075
2022-08-31,-0.54,-2.77,-0.047,-0.112
2022-09-01,-0.43,-2.46,-0.036,-0.101
2022-09-02,-1.86,-0.99,-0.036,-0.069
2022-09-03,-3.70,-0.52,-0.039,-0.058
2022-09-04,-1.81,-0.96,-0.012,-0.019
2022-09-05,0.49,-1.72,-0.009,-0.023
2022-09-06,-1.74,-1.01,-0.041,-0.004
2022-09-07,-1.47,-0.81,-0.028,-0.012
2022-09-08,-1.24,1.16,-0.021,-0.000
2022-09-09,1.66,0.35,0.010,-0.038
2022-09-10,0.00,-1.42,-0.024,-0.043
2022-09-11,-2.04,-1.65,-0.091,-0.078
2022-09-12,-3.11,-0.22,-0.070,-0.057
2022-09-13,-1.83,-1.14,-0.051,-0.075
2022-09-14,-2.08,-1.81,-0.056,-0.090
2022-09-15,-2.82,-1.63,-0.029,-0.077
2022-09-16,-2.67,-0.57,-0.060,-0.064
2022-09-17,-3.34,-0.77,-0.058,-0.042
2022-09-18,-2.68,-1.19,-0.019,-0.014
2022-09-19,-2.25,-1.05,-0.017,-0.028
2022-09-20,0.07,-2.09,0.012,-0.041
2022-09-21,-0.43,-2.04,-0.056,-0.076
2022-09-22,0.05,-2.62,-0.025,-0.083
2022-09-23,-0.27,-2.57,-0.017,-0.084
2022-09-24,-0.52,-2.68,-0.043,-0.087
2022-09-25,-0.16,-2.35,-0.015,-0.076
2022-09-26,1.26,-0.64,-0.011,-0.060
2022-09-27,1.96,1.22,0.045,-0.033
2022-09-28,2.16,-1.05,0.021,-0.082
2022-09-29,1.24,-2.24,-0.002,-0.136
2022-09-30,3.01,-1.09,0.005,-0.080
2022-10-01,1.91,-1.78,0.012,-0.042
2022-10-02,1.54,-1.59,-0.018,-0.046
2022-10-03,0.62,-1.61,-0.028,-0.014
2022-10-04,0.71,-2.48,0.019,-0.024
2022-10-05,-0.95,-2.23,-0.057,-0.082
2022-10-06,-0.18,-3.51,-0.040,-0.093
2022-10-07,-0.88,-3.06,-0.054,-0.112
2022-10-08,0.56,-3.97,-0.045,-0.124
2022-10-09,-0.46,-5.26,-0.032,-0.154
2022-10-10,-5.14,-1.97,-0.022,-0.085
2022-10-11,-3.69,0.59,-0.036,0.010
2022-10-12,-3.36,-0.29,-0.046,0.044
2022-10-13,-1.94,-0.56,-0.029,0.064
2022-10-14,0.25,-2.36,-0.008,0.010
2022-10-15,-1.81,-1.18,-0.096,-0.020
2022-10-16,-2.30,-1.33,-0.056,-0.012
2022-10-17,-1.89,-1.13,-0.037,-0.023
2022-10-18,-2.50,-0.40,-0.051,-0.035
2022-10-19,-0.83,-2.89,-0.042,-0.081
2022-10-20,0.15,-4.28,-0.044,-0.155
2022-10-21,1.42,-4.94,-0.006,-0.133
2022-10-22,-0.22,-4.25,-0.025,-0.119
2022-10-23,-1.99,-2.46,-0.030,-0.050
2022-10-24,-1.99,-0.93,-0.007,0.002
2022-10-25,-2.88,0.51,-0.034,0.064
2022-10-26,-2.32,-0.54,-0.037,0.041
2022-10-27,-1.52,-1.14,-0.031,-0.031
2022-10-28,-2.06,-0.79,-0.040,-0.017
2022-10-29,-1.40,-1.45,-0.007,-0.058
2022-10-30,0.00,-2.47,-0.008,-0.107
2022-10-31,-0.07,-2.04,-0.007,-0.077
2022-11-01,0.00,-2.64,-0.005,-0.089
2022-11-02,5.04,-1.64,0.020,-0.059
2022-11-03,-1.13,2.65,-0.007,0.040
2022-11-04,-2.49,-1.21,-0.048,-0.039
2022-11-05,-2.24,-0.52,-0.027,-0.031
2022-11-06,-2.90,-0.67,-0.052,-0.029
2022-11-07,-1.28,-2.76,-0.025,-0.106
2022-11-08,1.03,-2.98,-0.011,-0.109
2022-11-09,1.00,-2.15,0.020,-0.093
2022-11-10,1.19,1.64,0.056,-0.023
2022-11-11,1.66,0.61,0.041,-0.029
2022-11-12,-2.15,-1.29,-0.033,0.021
2022-11-13,-0.51,-2.88,-0.014,-0.023
2022-11-14,-0.73,-1.72,0.002,-0.025
2022-11-15,-2.14,-1.56,-0.011,-0.061
2022-11-16,-1.25,-2.81,-0.043,-0.110
2022-11-17,-0.34,-3.19,-0.053,-0.138
2022-11-18,-0.36,-3.46,-0.041,-0.132
2022-11-19,-0.33,-3.12,-0.030,-0.092
2022-11-20,-0.14,-2.65,-0.005,-0.066
2022-11-21,0.15,-2.84,0.000,-0.051
2022-11-22,-0.71,-2.49,-0.043,-0.047
2022-11-23,0.08,-2.38,-0.005,-0.055
2022-11-24,0.26,-2.14,-0.002,-0.097
2022-11-25,-2.36,-0.68,-0.035,-0.047
2022-11-26,-2.79,-0.91,-0.057,-0.025
2022-11-27,-2.08,-0.93,-0.038,-0.036
2022-11-28,-3.47,-1.06,-0.053,-0.029
2022-11-29,-3.50,-0.00,-0.052,-0.022
2022-11-30,-3.74,-0.79,-0.047,-0.019
2022-12-01,-1.58,-2.73,-0.029,-0.064
2022-12-02,-0.78,-3.14,-0.019,-0.081
2022-12-03,-3.42,-3.18,-0.049,-0.096
2022-12-04,0.00,-3.98,-0.023,-0.092
2022-12-05,-1.21,-3.16,-0.043,-0.064
2022-12-06,-0.26,-3.00,-0.016,-0.007
2022-12-07,-3.48,-2.17,-0.058,-0.056
2022-12-08,-0.61,-3.46,-0.037,-0.090
2022-12-09,0.52,-2.70,-0.042,-0.092
2022-12-10,0.76,-2.10,-0.012,-0.066
2022-12-11,-0.15,-1.66,-0.005,-0.009
2022-12-12,-0.67,-1.84,-0.014,-0.012
2022-12-13,-2.24,0.44,-0.039,0.044
2022-12-14,-2.41,1.07,-0.031,0.059
2022-12-15,-1.75,-0.97,-0.016,0.002
2022-12-16,0.21,-1.53,0.014,-0.004
2022-12-17,-1.83,-1.38,-0.035,0.009
2022-12-18,-1.48,-2.37,-0.040,-0.020
2022-12-19,-3.95,-1.06,-0.055,-0.022
2022-12-20,-2.39,-1.44,-0.009,-0.005
2022-12-21,-0.79,-2.58,-0.014,-0.049
2022-12-22,-0.51,-2.39,-0.007,-0.016
2022-12-23,-2.28,-1.27,-0.057,0.005
2022-12-24,-0.24,-4.65,-0.012,-0.068
2022-12-25,2.54,-4.98,0.002,-0.134
2022-12-26,4.05,-6.75,0.002,-0.163
2022-12-27,2.94,-3.76,0.000,-0.079
2022-12-28,1.76,-3.17,0.000,-0.063
2022-12-29,0.64,-1.98,-0.012,-0.031
2022-12-30,-3.65,0.58,-0.061,0.051
2022-12-31,-2.18,-0.58,-0.047,0.005
2023-01-01,-4.10,-0.14,-0.042,0.021
2023-01-02,-3.48,0.12,-0.035,-0.000
2023-01-03,-3.51,1.01,-0.033,0.038
2023-01-04,-3.40,-0.42,-0.051,0.007
2023-01-05,-2.42,-1.69,-0.042,-0.005
2023-01-06,-0.59,-3.35,-0.022,-0.034
2023-01-07,-0.52,-3.29,-0.004,-0.068
2023-01-08,-0.29,-3.35,-0.004,-0.071
2023-01-09,-0.21,-3.01,0.000,-0.090
2023-01-10,-0.34,-3.25,0.000,-0.111
2023-01-11,-1.24,-1.71,-0.017,-0.066
2023-01-12,-2.90,-0.56,-0.040,-0.015
2023-01-13,-0.25,-2.82,-0.012,-0.046
2023-01-14,1.57,-4.31,0.000,-0.112
2023-01-15,0.65,-3.07,-0.015,-0.036
2023-01-16,-3.23,1.44,-0.046,0.031
2023-01-17,-4.04,0.28,-0.047,0.022
2023-01-18,-1.77,-0.28,-0.010,-0.040
2023-01-19,-2.77,-0.00,-0.038,-0.022
2023-01-20,-4.21,-0.00,-0.056,-0.012
2023-01-21,-4.21,-0.52,-0.021,0.007
2023-01-22,-2.96,0.21,-0.023,0.014
2023-01-23,-2.95,-0.63,-0.039,0.007
2023-01-24,-4.05,-0.14,-0.033,0.024
2023-01-25,-3.59,0.63,-0.021,0.019
2023-01-26,-1.44,-3.40,-0.018,-0.031
2023-01-27,-0.47,-4.45,-0.025,-0.105
2023-01-28,-1.88,-3.26,-0.042,-0.058
2023-01-29,-3.45,-1.39,-0.017,-0.024
2023-01-30,-4.15,-0.44,-0.021,0.005
2023-01-31,-5.28,-1.12,-0.046,-0.029
2023-02-01,-4.91,-1.04,-0.038,-0.020
2023-02-02,-4.07,-1.09,-0.012,-0.026
2023-02-03,-0.45,-3.22,-0.008,-0.063
2023-02-04,0.28,-4.04,-0.006,-0.118
2023-02-05,0.66,-3.12,-0.011,-0.081
2023-02-06,-0.23,-2.59,-0.025,-0.043
2023-02-07,-3.62,-0.70,-0.045,0.002
2023-02-08,-6.51,-0.34,-0.047,0.020
2023-02-09,-5.36,-0.66,-0.047,0.002
2023-02-10,-5.78,-0.30,-0.033,0.011
2023-02-11,-2.03,-2.80,-0.014,-0.000
2023-02-12,1.78,-5.17,-0.002,-0.112
2023-02-13,1.81,-2.90,-0.005,-0.053
2023-02-14,-3.13,0.72,-0.046,-0.033
2023-02-15,-5.50,0.48,-0.052,-0.000
2023-02-16,-5.25,1.02,-0.040,0.011
2023-02-17,-3.95,-1.13,-0.048,-0.022
2023-02-18,-2.47,-3.17,-0.033,-0.067
2023-02-19,-1.67,-3.57,-0.039,-0.095
2023-02-20,-1.43,-3.07,-0.036,-0.101
2023-02-21,-3.03,-0.16,-0.028,-0.034
2023-02-22,-4.76,0.33,-0.057,-0.022
2023-02-23,-5.19,0.36,-0.058,-0.034
2023-02-24,-7.01,-0.74,-0.051,-0.028
2023-02-25,-6.20,-1.09,-0.029,-0.024
2023-02-26,-3.44,-1.25,-0.031,-0.029
2023-02-27,-5.20,0.73,-0.038,0.002
2023-02-28,-5.15,0.45,-0.035,-0.005
2023-03-01,-4.58,-0.32,-0.048,-0.025
2023-03-02,-4.40,0.54,-0.046,-0.013
2023-03-03,-3.63,1.46,-0.026,0.017
2023-03-04,-0.48,-3.44,-0.016,-0.057
2023-03-05,-3.06,-2.30,-0.051,-0.077
2023-03-06,-4.69,-1.35,-0.039,-0.032
2023-03-07,-3.46,-0.93,-0.012,-0.010
2023-03-08,-2.09,-1.75,-0.010,-0.019
2023-03-09,-2.98,-0.80,-0.026,-0.019
2023-03-10,-3.23,-0.63,-0.024,-0.019
2023-03-11,-2.93,-0.57,-0.016,-0.005
2023-03-12,-2.67,1.02,-0.014,0.023
2023-03-13,-1.51,-1.51,-0.012,-0.000
2023-03-14,-1.15,-1.92,-0.025,-0.027
2023-03-15,0.42,-2.98,-0.019,-0.084
2023-03-16,-1.29,-3.20,-0.015,-0.084
2023-03-17,-2.91,0.84,-0.010,0.007
2023-03-18,-2.17,-0.83,-0.014,0.002
2023-03-19,2.18,-1.01,0.009,0.022
2023-03-20,0.97,-6.14,-0.007,-0.128
2023-03-21,-3.37,-4.32,-0.046,-0.136
2023-03-22,-4.19,-1.95,-0.033,-0.053
2023-03-23,-4.42,-1.70,-0.039,-0.034
2023-03-24,-5.05,0.26,-0.053,-0.000
2023-03-25,-4.76,1.46,-0.047,0.026
2023-03-26,-4.99,-0.00,-0.037,-0.010
2023-03-27,-4.88,0.26,-0.034,-0.032
2023-03-28,-5.40,-0.28,-0.041,-0.060
2023-03-29,-5.00,-1.34,-0.044,-0.044
2023-03-30,-4.58,-1.76,-0.036,-0.049
2023-03-31,-5.35,-1.43,-0.044,-0.034
2023-04-01,-6.15,-0.76,-0.053,-0.034
2023-04-02,-6.21,-0.87,-0.050,-0.029
2023-04-03,-5.29,-0.37,-0.043,0.002
2023-04-04,-5.75,0.30,-0.049,-0.000
2023-04-05,-5.76,-0.20,-0.046,-0.037
2023-04-06,-6.26,-0.66,-0.055,-0.051
2023-04-07,-6.00,-1.27,-0.034,-0.039
2023-04-08,-4.22,-1.45,-0.032,-0.046
2023-04-09,-2.62,-1.22,-0.017,-0.022
2023-04-10,-1.99,-1.55,-0.019,-0.010
2023-04-11,-2.07,-0.92,-0.010,0.025
2023-04-12,-2.00,0.69,-0.005,0.056
2023-04-13,-2.33,0.76,-0.028,0.070
2023-04-14,-3.57,0.25,-0.049,0.049
2023-04-15,-4.14,-0.36,-0.021,-0.012
2023-04-16,-3.30,-2.23,-0.031,-0.064
2023-04-17,-2.48,-3.54,-0.036,-0.083
2023-04-18,-0.76,-2.33,-0.013,-0.074
2023-04-19,-4.37,-0.31,-0.045,-0.010
2023-04-20,-4.77,-0.42,-0.033,-0.022
2023-04-21,-3.65,-1.05,-0.024,-0.026
2023-04-22,-3.03,-0.81,-0.031,-0.012
2023-04-23,-3.40,-0.85,-0.031,-0.012
2023-04-24,-3.61,-0.97,-0.045,-0.000
2023-04-25,-1.88,-1.27,-0.026,-0.012
2023-04-26,-3.34,-0.65,-0.036,-0.003
2023-04-27,-3.05,-0.54,-0.037,-0.039
2023-04-28,-2.17,-1.70,-0.021,-0.028
2023-04-29,-1.96,-1.22,-0.038,-0.041
2023-04-30,0.81,-3.03,-0.023,-0.056
2023-05-01,-0.91,-2.37,-0.012,-0.014
2023-05-02,-3.96,-0.35,-0.031,-0.024
2023-05-03,-3.96,-1.36,-0.048,-0.039
2023-05-04,-4.12,-1.18,-0.032,-0.057
2023-05-05,-4.52,-1.47,-0.036,-0.039
2023-05-06,-4.59,-1.67,-0.039,-0.038
2023-05-07,-4.41,-1.69,-0.020,-0.034
2023-05-08,-3.78,-1.53,-0.022,-0.031
2023-05-09,-3.70,-0.79,-0.021,-0.024
2023-05-10,-4.35,-0.00,-0.045,0.029
2023-05-11,-3.85,-0.47,-0.032,-0.000
2023-05-12,-4.00,-0.28,-0.021,-0.000
2023-05-13,-3.82,-0.61,-0.022,-0.052
2023-05-14,-3.62,-1.77,-0.020,-0.050
2023-05-15,-0.28,-2.66,-0.012,-0.035
2023-05-16,-0.82,-2.03,-0.020,-0.029
2023-05-17,-1.63,0.20,-0.016,0.011
2023-05-18,-2.35,0.08,-0.024,0.050
2023-05-19,-2.46,-0.43,-0.021,0.012
2023-05-20,-1.99,-1.25,-0.026,-0.015
2023-05-21,-1.71,-1.02,-0.019,-0.019
2023-05-22,-0.47,-1.88,-0.019,-0.051
2023-05-23,-1.65,-0.74,-0.022,-0.017
2023-05-24,-2.01,-0.32,-0.030,0.014
2023-05-25,-2.19,-0.84,-0.029,0.033
2023-05-26,-1.88,-0.26,-0.026,0.038
2023-05-27,-1.67,-2.48,-0.031,-0.013
2023-05-28,-1.78,-0.87,-0.019,0.007
2023-05-29,-2.26,0.40,-0.026,0.040
2023-05-30,-2.38,1.06,-0.014,0.042
2023-05-31,-1.87,-0.10,-0.023,0.014
2023-06-01,-1.76,-1.64,-0.023,0.005
2023-06-02,-2.12,-0.11,-0.024,0.021
2023-06-03,-0.10,-2.94,-0.016,-0.059
2023-06-04,-2.61,0.65,-0.019,0.002
2023-06-05,-2.89,-1.54,-0.023,-0.024
2023-06-06,0.66,-2.66,-0.023,-0.059
2023-06-07,-1.74,-0.18,-0.026,-0.005
2023-06-08,-1.80,-0.52,-0.025,0.019
2023-06-09,-2.05,-1.49,-0.028,0.021
2023-06-10,-2.55,-0.40,-0.023,0.021
2023-06-11,-2.11,-1.03,-0.031,-0.010
2023-06-12,-2.15,-1.62,-0.033,-0.044
2023-06-13,-4.14,-1.27,-0.050,-0.064
2023-06-14,-5.88,-0.31,-0.055,-0.029
2023-06-15,-5.55,-0.19,-0.026,-0.012
2023-06-16,-4.91,-0.17,-0.047,-0.005
2023-06-17,-5.33,-0.28,-0.033,-0.022
2023-06-18,-5.89,-0.72,-0.038,-0.015
2023-06-19,-5.69,-0.70,-0.037,0.004
2023-06-20,-5.11,-0.27,-0.031,-0.015
2023-06-21,-4.53,-0.48,-0.029,-0.008
2023-06-22,-2.82,-0.70,-0.023,-0.014
2023-06-23,-2.44,-0.30,-0.040,-0.020
2023-06-24,-2.82,-2.37,-0.026,-0.044
2023-06-25,-2.68,-1.42,-0.032,-0.046
2023-06-26,-1.71,-2.35,-0.025,-0.043
2023-06-27,-2.22,-1.93,-0.027,-0.031
2023-06-28,-1.47,-1.81,-0.012,-0.033
2023-06-29,-3.27,-0.76,-0.030,-0.005
2023-06-30,-2.64,-1.85,-0.015,-0.038
2023-07-01,-1.80,-0.96,-0.019,-0.017
2023-07-02,-2.12,-1.60,-0.022,-0.012
2023-07-03,-2.46,-1.42,-0.021,-0.021
2023-07-04,-3.52,-0.00,-0.016,-0.002
2023-07-05,-4.02,-0.85,-0.010,-0.023
2023-07-06,-2.21,-1.55,-0.020,-0.031
2023-07-07,-3.08,-1.24,-0.046,-0.046
2023-07-08,-3.27,-0.58,-0.024,-0.031
2023-07-09,-4.81,-0.17,-0.044,-0.007
2023-07-10,-4.62,-0.98,-0.048,-0.025
2023-07-11,-4.16,-0.73,-0.038,-0.000
2023-07-12,-4.38,-1.95,-0.043,-0.034
2023-07-13,-2.09,-2.24,-0.026,-0.005
2023-07-14,-2.27,-2.52,-0.033,-0.029
2023-07-15,-3.44,-1.61,-0.038,-0.008
2023-07-16,-2.62,-1.45,-0.012,-0.016
2023-07-17,-1.99,-2.94,-0.021,-0.035
2023-07-18,-2.78,-1.80,-0.014,-0.019
2023-07-19,-1.59,-2.54,-0.017,-0.019
2023-07-20,-2.13,-1.72,-0.021,-0.012
2023-07-21,-1.56,-2.23,-0.009,-0.009
2023-07-22,-2.55,-1.66,-0.019,0.016
2023-07-23,-3.43,-0.18,-0.043,0.022
2023-07-24,-5.71,-0.90,-0.057,0.017
2023-07-25,-4.49,-1.63,-0.041,-0.001
2023-07-26,-1.14,-2.44,-0.017,-0.010
2023-07-27,-0.43,-2.44,-0.022,-0.017
2023-07-28,-0.84,-2.74,-0.030,-0.067
2023-07-29,-3.92,-2.08,-0.040,-0.055
2023-07-30,-3.80,-1.77,-0.007,-0.012
2023-07-31,-0.74,-2.75,-0.012,-0.009
2023-08-01,-1.79,-1.86,-0.017,-0.026
2023-08-02,-2.74,-0.89,-0.026,0.010
2023-08-03,-1.48,-1.83,-0.012,-0.005
2023-08-04,-1.84,-1.07,-0.031,0.002
2023-08-05,-3.00,-1.33,-0.021,-0.002
2023-08-06,-2.14,-1.39,-0.031,-0.031
2023-08-07,-2.48,-1.00,-0.033,-0.020
2023-08-08,-2.94,-1.56,-0.026,-0.015
2023-08-09,-3.12,-0.49,-0.034,0.009
2023-08-10,-2.57,-0.55,-0.005,-0.007
2023-08-11,-3.09,-0.94,-0.043,-0.017
2023-08-12,-3.00,-0.75,-0.026,-0.010
2023-08-13,-3.95,-1.44,-0.038,-0.031
2023-08-14,-4.61,-2.15,-0.034,-0.032
2023-08-15,-2.05,-2.12,-0.012,-0.031
2023-08-16,-0.99,-1.93,-0.007,-0.014
2023-08-17,-2.03,-1.83,-0.047,-0.018
2023-08-18,-2.41,-1.95,-0.032,-0.007
2023-08-19,-1.55,-2.05,-0.027,-0.039
2023-08-20,-0.33,-2.08,-0.023,-0.047
2023-08-21,-1.35,-2.16,-0.035,-0.061
2023-08-22,-1.18,-2.32,-0.016,-0.065
2023-08-23,0.23,-2.65,-0.026,-0.123
2023-08-24,0.34,-2.42,-0.009,-0.089
2023-08-25,0.51,-1.67,-0.012,-0.043
2023-08-26,1.32,-0.89,-0.014,-0.023
2023-08-27,1.16,1.72,-0.007,0.042
2023-08-28,1.37,1.89,0.019,0.042
2023-08-29,1.75,0.74,0.043,0.036
2023-08-30,0.99,1.18,0.056,0.046
2023-08-31,-1.35,-1.30,-0.056,-0.033
2023-09-01,-1.70,-1.76,-0.022,-0.056
2023-09-02,-2.48,-1.55,-0.065,-0.055
2023-09-03,-0.80,-2.34,-0.027,-0.098
2023-09-04,-1.30,-1.49,-0.032,-0.085
2023-09-05,-1.73,-0.60,-0.058,-0.021
2023-09-06,-2.51,-1.22,-0.038,0.016
2023-09-07,-1.39,-1.60,-0.028,-0.003
2023-09-08,-1.13,-2.23,-0.022,-0.015
2023-09-09,0.20,-1.95,-0.010,-0.024
2023-09-10,-1.35,-2.25,-0.038,-0.045
2023-09-11,-1.52,-1.33,-0.041,-0.036
2023-09-12,-0.69,-2.39,-0.041,-0.068
2023-09-13,-1.05,-1.89,-0.046,-0.053
2023-09-14,-0.41,-2.58,-0.038,-0.075
2023-09-15,-2.04,-0.40,-0.052,-0.024
2023-09-16,-1.42,-1.03,-0.026,-0.012
2023-09-17,-1.74,-0.92,-0.057,-0.010
2023-09-18,-1.61,-1.56,-0.019,-0.000
2023-09-19,-1.07,-1.64,-0.021,0.002
2023-09-20,-1.60,-1.54,-0.022,-0.008
2023-09-21,-1.65,-1.89,-0.031,-0.022
2023-09-22,-1.38,-1.84,-0.009,-0.048
2023-09-23,0.16,-1.86,-0.021,-0.077
2023-09-24,0.97,-1.24,-0.033,-0.015
2023-09-25,-0.40,-2.29,-0.050,-0.017
2023-09-26,-0.59,-2.55,-0.037,-0.052
2023-09-27,-0.16,-1.53,-0.017,-0.010
2023-09-28,-0.25,-1.79,-0.005,-0.032
2023-09-29,-0.05,-1.44,-0.028,-0.039
2023-09-30,-0.72,-1.77,-0.027,-0.043
2023-10-01,-0.71,-1.95,-0.040,-0.065
2023-10-02,-1.21,-1.55,-0.018,-0.042
2023-10-03,-0.60,-1.57,-0.026,-0.064
2023-10-04,-0.70,-1.81,-0.037,-0.057
2023-10-05,-1.36,-1.41,-0.034,-0.036
2023-10-06,-1.88,-1.04,-0.015,-0.003
2023-10-07,-1.41,-1.68,-0.031,-0.026
2023-10-08,-0.79,-2.59,-0.041,-0.060
2023-10-09,-1.41,-2.17,-0.037,-0.039
2023-10-10,-2.23,-0.64,-0.038,-0.015
2023-10-11,-1.04,1.95,0.001,0.039
2023-10-12,-0.43,2.45,0.043,0.000
2023-10-13,-2.13,0.15,-0.013,-0.034
2023-10-14,-1.90,-1.96,-0.072,-0.084
2023-10-15,-1.49,-1.39,-0.037,-0.100
2023-10-16,0.64,-3.32,-0.023,-0.168
2023-10-17,1.78,-3.65,-0.004,-0.121
2023-10-18,1.40,-3.64,-0.004,-0.108
2023-10-19,0.82,-2.68,0.000,-0.081
2023-10-20,0.93,-2.09,-0.011,-0.048
2023-10-21,0.36,-2.97,-0.021,-0.052
2023-10-22,-1.65,-2.27,-0.022,-0.045
2023-10-23,-1.66,-1.66,-0.002,-0.030
2023-10-24,-1.62,-1.51,-0.015,-0.056
2023-10-25,-2.46,-1.99,-0.049,-0.058
2023-10-26,-1.73,-1.99,-0.025,-0.050
2023-10-27,-0.89,-2.75,-0.036,-0.061
2023-10-28,-1.81,-2.78,-0.035,-0.079
2023-10-29,-0.96,-2.78,-0.033,-0.064
2023-10-30,-0.31,-2.49,-0.005,-0.030
2023-10-31,1.33,-1.00,0.014,0.019
2023-11-01,0.78,-2.73,0.019,-0.020
2023-11-02,0.85,-6.06,-0.020,-0.201
2023-11-03,2.10,-4.50,0.004,-0.111
2023-11-04,0.34,-4.87,-0.021,-0.126
2023-11-05,-1.79,-4.22,-0.047,-0.126
2023-11-06,-0.77,-3.61,-0.041,-0.141
2023-11-07,-2.09,-3.34,-0.051,-0.131
2023-11-08,-1.60,-3.01,-0.050,-0.099
2023-11-09,-0.66,-1.93,-0.033,-0.028
2023-11-10,-0.78,-2.56,-0.031,-0.032
2023-11-11,-1.38,-2.48,-0.089,-0.013
2023-11-12,-1.19,-2.56,-0.056,-0.007
2023-11-13,-1.04,-2.86,-0.081,-0.075
2023-11-14,0.35,-3.30,-0.060,-0.101
2023-11-15,0.42,-3.42,-0.045,-0.126
2023-11-16,1.47,-3.31,-0.013,-0.124
2023-11-17,1.88,0.40,0.002,0.002
2023-11-18,1.48,1.04,0.014,0.063
2023-11-19,1.20,-0.41,0.024,-0.015
2023-11-20,-2.02,0.74,-0.053,-0.028
2023-11-21,-3.45,-0.24,-0.061,-0.015
2023-11-22,-0.51,-2.39,-0.033,-0.096
2023-11-23,0.56,-1.71,-0.039,-0.121
2023-11-24,-0.54,-1.56,-0.028,-0.094
2023-11-25,-0.14,-1.95,-0.042,-0.056
2023-11-26,-1.80,-1.04,-0.058,0.002
2023-11-27,-1.41,-2.66,-0.041,-0.031
2023-11-28,-1.30,-2.91,-0.058,-0.050
2023-11-29,-0.78,-4.00,-0.051,-0.111
2023-11-30,-1.52,-2.10,-0.049,-0.085
2023-12-01,-3.67,0.58,-0.058,0.025
2023-12-02,-4.39,0.46,-0.043,0.034
2023-12-03,-2.81,-0.25,-0.045,0.026
2023-12-04,-1.66,-1.98,-0.039,0.005
2023-12-05,-2.48,-2.08,-0.057,-0.032
2023-12-06,-1.53,-4.21,-0.029,-0.119
2023-12-07,-0.74,-4.67,-0.019,-0.129
2023-12-08,-1.53,-3.13,-0.045,-0.076
2023-12-09,-3.06,-0.48,-0.026,0.026
2023-12-10,-2.13,-1.66,-0.014,0.049
2023-12-11,1.01,-5.17,-0.007,-0.101
2023-12-12,2.52,-5.40,-0.006,-0.098
2023-12-13,0.15,-4.17,-0.024,-0.103
2023-12-14,0.86,-4.05,0.000,-0.111
2023-12-15,0.61,-2.66,-0.016,-0.082
2023-12-16,1.20,0.39,0.000,0.003
2023-12-17,2.43,-1.52,0.012,0.031
2023-12-18,1.92,-1.92,-0.002,0.009
2023-12-19,2.43,-3.00,0.008,-0.038
2023-12-20,1.72,-2.85,0.000,-0.046
2023-12-21,1.18,-3.43,-0.011,-0.104
2023-12-22,1.66,-3.40,-0.011,-0.121
2023-12-23,0.34,-3.87,-0.014,-0.104
2023-12-24,-2.14,-0.00,-0.027,0.009
2023-12-25,-1.76,0.68,-0.019,0.069
2023-12-26,0.12,-1.68,0.020,-0.007
2023-12-27,-0.19,-1.76,-0.051,-0.045
2023-12-28,0.76,-2.33,-0.021,-0.046
2023-12-29,0.51,-4.14,-0.028,-0.145
2023-12-30,2.37,-5.86,-0.004,-0.161
2023-12-31,1.26,-2.83,-0.005,-0.043
2024-01-01,-1.65,-1.65,-0.014,-0.044
2024-01-02,-2.94,-3.38,-0.037,-0.081
2024-01-03,-1.83,0.93,0.006,0.022
2024-01-04,-0.36,-1.87,-0.005,0.039
2024-01-05,-3.57,1.16,-0.053,0.054
2024-01-06,-1.46,1.02,-0.005,0.019
2024-01-07,-0.53,-2.28,-0.015,0.008
2024-01-08,-4.42,0.31,-0.059,0.015
2024-01-09,-2.29,1.66,-0.005,0.040
2024-01-10,0.53,-2.50,-0.010,0.018
2024-01-11,-1.87,-0.79,-0.017,0.037
2024-01-12,-1.66,1.20,-0.017,0.031
2024-01-13,-1.12,-0.91,-0.012,0.056
2024-01-14,-0.24,-1.67,-0.012,0.007
2024-01-15,-1.52,-0.84,-0.037,-0.000
2024-01-16,-1.45,-1.73,-0.040,-0.008
2024-01-17,-0.56,-2.61,-0.041,-0.061
2024-01-18,-1.63,-1.06,-0.033,-0.017
2024-01-19,-2.51,-1.22,-0.043,-0.020
2024-01-20,-1.79,-3.24,-0.028,-0.083
2024-01-21,-1.52,-3.12,-0.014,-0.060
2024-01-22,-3.39,-0.12,-0.028,-0.037
2024-01-23,-5.37,0.75,-0.051,-0.000
2024-01-24,-6.20,0.22,-0.042,0.019
2024-01-25,-6.24,-0.00,-0.032,-0.000
2024-01-26,-4.43,0.39,-0.031,0.021
2024-01-27,-3.45,0.18,-0.014,0.037
2024-01-28,-0.88,-2.55,-0.013,-0.027
2024-01-29,1.78,-5.17,-0.006,-0.126
2024-01-30,1.97,-2.82,0.000,-0.056
2024-01-31,0.70,-3.03,-0.008,-0.051
2024-02-01,0.51,-3.20,0.000,-0.072
2024-02-02,-2.24,-0.12,0.000,-0.005
2024-02-03,-3.00,1.73,-0.029,0.070
2024-02-04,-0.16,1.77,0.039,0.060
2024-02-05,2.06,-1.92,0.058,0.000
2024-02-06,3.18,-1.16,0.014,0.031
2024-02-07,1.53,-3.27,-0.024,-0.036
2024-02-08,-2.82,-0.65,-0.029,-0.047
2024-02-09,-5.06,0.27,-0.040,-0.000
2024-02-10,-3.99,1.14,-0.014,0.026
2024-02-11,-3.42,1.45,-0.031,0.055
2024-02-12,-2.39,0.08,-0.012,0.038
2024-02-13,0.42,-3.38,0.007,-0.039
2024-02-14,-0.75,-3.88,-0.015,-0.122
2024-02-15,-1.26,-2.83,-0.028,-0.074
2024-02-16,-3.10,-0.77,-0.027,-0.006
2024-02-17,-2.26,-0.16,0.000,0.014
2024-02-18,2.06,-2.45,0.014,0.012
2024-02-19,1.73,-2.76,0.000,-0.019
2024-02-20,0.05,-2.82,0.000,-0.021
2024-02-21,-0.78,-3.36,-0.017,-0.082
2024-02-22,-2.51,-0.67,-0.007,-0.004
2024-02-23,-2.91,0.84,-0.019,0.054
2024-02-24,-1.32,-1.96,-0.016,-0.000
2024-02-25,-1.96,-0.79,-0.019,0.019
2024-02-26,-2.29,-0.79,-0.019,-0.000
2024-02-27,-3.70,-0.45,-0.014,-0.010
2024-02-28,-4.87,0.43,-0.057,0.022
2024-02-29,-4.94,-1.51,-0.034,-0.032
2024-03-01,-3.54,-1.36,-0.024,0.008
2024-03-02,-2.93,-0.95,-0.029,0.034
2024-03-03,-3.24,-0.40,-0.046,0.048
2024-03-04,-3.57,-0.50,-0.037,0.021
2024-03-05,-2.77,-0.29,-0.014,0.019
2024-03-06,-1.53,-2.19,-0.028,0.021
2024-03-07,-1.80,-1.46,-0.035,0.002
2024-03-08,-3.07,-0.43,-0.025,-0.000
2024-03-09,-1.71,-1.97,-0.016,-0.022
2024-03-10,0.10,-2.99,-0.023,-0.101
2024-03-11,-1.36,-2.67,-0.027,-0.091
2024-03-12,-3.13,-0.84,-0.035,-0.031
2024-03-13,-3.93,-0.41,-0.047,0.020
2024-03-14,-5.31,-0.09,-0.058,0.015
2024-03-15,-5.21,-0.92,-0.038,-0.020
2024-03-16,-3.74,-0.93,-0.034,-0.041
2024-03-17,-3.61,-0.83,-0.035,-0.022
2024-03-18,-1.93,-1.86,-0.018,-0.026
2024-03-19,-2.15,-2.01,-0.029,-0.074
2024-03-20,-2.18,-0.84,-0.019,-0.014
2024-03-21,-3.05,0.54,-0.022,0.026
2024-03-22,-2.97,1.14,-0.019,0.042
2024-03-23,2.48,-1.37,0.000,0.046
2024-03-24,-1.99,-2.37,-0.013,0.015
2024-03-25,-4.17,1.04,-0.029,0.038
2024-03-26,-2.40,0.51,-0.012,-0.002
2024-03-27,-1.80,-1.93,-0.028,-0.062
2024-03-28,0.65,-3.37,-0.013,-0.094
2024-03-29,-0.43,-4.08,-0.019,-0.123
2024-03-30,-2.63,-0.32,-0.021,-0.009
2024-03-31,-4.39,0.23,-0.055,0.034
2024-04-01,-4.20,-0.22,-0.026,0.017
2024-04-02,-3.37,0.65,-0.028,0.032
2024-04-03,-1.88,-1.18,-0.017,0.038
2024-04-04,0.36,-3.42,0.002,-0.014
2024-04-05,-1.49,-2.21,-0.015,-0.057
2024-04-06,-2.39,-1.74,-0.019,-0.074
2024-04-07,-4.29,-0.76,-0.031,-0.012
2024-04-08,-4.61,-1.23,-0.039,-0.034
2024-04-09,-5.33,0.19,-0.031,-0.017
2024-04-10,-3.55,1.02,-0.024,0.025
2024-04-11,-0.14,-3.96,-0.007,-0.035
2024-04-12,1.21,-5.25,0.008,-0.100
2024-04-13,-0.63,-4.00,-0.017,-0.096
2024-04-14,-2.40,-2.40,-0.036,-0.071
2024-04-15,-3.54,-1.43,-0.024,-0.043
2024-04-16,-4.40,-0.70,-0.038,-0.024
2024-04-17,-4.63,-1.42,-0.032,-0.036
2024-04-18,-3.51,-1.14,-0.026,-0.022
2024-04-19,-3.47,-1.00,-0.034,-0.024
2024-04-20,-4.53,-1.05,-0.024,-0.038
2024-04-21,-4.34,-1.00,-0.026,-0.019
2024-04-22,-2.81,-2.27,-0.034,-0.057
2024-04-23,-3.05,-1.83,-0.029,-0.047
2024-04-24,-3.01,-1.04,-0.019,-0.035
2024-04-25,-3.62,-1.39,-0.017,-0.045
2024-04-26,-4.28,-0.30,-0.019,-0.007
2024-04-27,-5.58,-0.10,-0.050,-0.008
2024-04-28,-4.45,0.23,-0.024,-0.017
2024-04-29,-3.26,-0.46,-0.028,-0.026
2024-04-30,-3.43,-1.67,-0.036,-0.061
2024-05-01,-4.54,-1.30,-0.051,-0.035
2024-05-02,-3.96,-0.35,-0.027,0.014
2024-05-03,-3.85,-0.20,-0.024,0.031
2024-05-04,-3.95,-0.49,-0.023,0.021
2024-05-05,-4.20,-0.59,-0.026,-0.002
2024-05-06,-4.69,-0.74,-0.028,-0.002
2024-05-07,-4.11,-0.58,-0.016,0.014
2024-05-08,-3.72,-0.93,-0.025,-0.000
2024-05-09,-3.27,-1.81,-0.039,-0.048
2024-05-10,-3.00,-1.21,-0.029,-0.043
2024-05-11,-2.43,-2.43,-0.029,-0.066
2024-05-12,-3.00,-1.95,-0.059,-0.061
2024-05-13,-3.54,-0.25,-0.041,-0.022
2024-05-14,-3.13,-0.22,-0.019,-0.002
2024-05-15,-2.66,-1.36,-0.023,-0.035
2024-05-16,-2.52,-0.87,-0.019,-0.017
2024-05-17,-2.88,-0.61,-0.021,-0.000
2024-05-18,-2.60,-0.51,-0.019,-0.000
2024-05-19,-1.74,-3.42,-0.020,-0.099
2024-05-20,-2.92,-2.04,-0.051,-0.078
2024-05-21,-4.09,-1.17,-0.048,-0.040
2024-05-22,-3.67,-1.05,-0.019,-0.015
2024-05-23,-3.95,-0.41,-0.029,0.004
2024-05-24,-4.36,-0.69,-0.029,-0.031
2024-05-25,-3.63,-1.54,-0.035,-0.066
2024-05-26,-3.38,-1.37,-0.055,-0.065
2024-05-27,-3.64,-1.32,-0.039,-0.058
2024-05-28,-4.53,-1.56,-0.059,-0.059
2024-05-29,-4.20,-1.78,-0.041,-0.034
2024-05-30,-4.19,-0.74,-0.036,-0.013
2024-05-31,-4.60,-1.32,-0.029,-0.029
2024-06-01,-4.71,-1.71,-0.015,-0.040
2024-06-02,-3.50,-1.42,-0.029,-0.057
2024-06-03,-3.65,-0.84,-0.047,-0.020
2024-06-04,-3.39,0.18,-0.021,0.014
2024-06-05,-3.38,-0.42,,
2024-06-06,-3.18,-0.62,,
2024-06-07,-1.45,-2.16,,
2024-06-08,-1.26,-1.74,,
2024-06-09,-1.71,-0.69,-0.025,-0.000
2024-06-10,-1.71,-0.66,-0.030,-0.002
2024-06-11,-1.97,-1.00,-0.030,0.012
2024-06-12,-0.96,-1.74,-0.024,0.017
2024-06-13,-0.05,-1.29,-0.033,0.029
2024-06-14,-0.48,1.68,-0.020,0.057
2024-06-15,0.21,-2.39,-0.024,-0.009
2024-06-16,-2.44,-0.04,-0.035,-0.026
2024-06-17,0.41,2.90,-0.005,0.018
2024-06-18,1.48,2.37,-0.004,0.099
2024-06-19,-1.73,0.50,-0.023,0.030
2024-06-20,-2.16,0.11,-0.031,-0.054
2024-06-21,-1.85,1.20,0.003,0.012
2024-06-22,-2.15,0.38,-0.009,0.007
2024-06-23,-1.72,-2.46,-0.016,-0.054
2024-06-24,0.22,-2.56,-0.033,-0.065
2024-06-25,-1.82,-1.82,-0.062,-0.068
2024-06-26,-2.97,-0.52,-0.029,-0.034
2024-06-27,-2.59,-0.27,-0.014,-0.028
2024-06-28,-1.51,-1.74,-0.028,-0.063
2024-06-29,-0.99,1.79,-0.025,-0.029
2024-06-30,-4.16,0.22,-0.056,-0.056
2024-07-01,-3.42,-1.05,-0.020,-0.057
2024-07-02,-2.20,-1.54,-0.039,-0.058
2024-07-03,-4.23,-1.97,-0.048,-0.047
2024-07-04,-0.26,-3.65,0.000,-0.104
2024-07-05,2.43,0.00,-0.002,-0.013
2024-07-06,-1.05,-1.44,-0.016,0.019
2024-07-07,-1.64,-1.64,-0.026,-0.028
2024-07-08,-3.12,-0.05,-0.043,-0.024
2024-07-09,-5.17,-0.27,-0.028,-0.021
2024-07-10,-3.53,-0.75,-0.020,-0.026
2024-07-11,-2.42,-0.69,-0.022,-0.028
2024-07-12,-2.68,-1.31,-0.029,-0.043
2024-07-13,-2.62,-2.36,-0.038,-0.064
2024-07-14,-1.61,-2.79,-0.022,-0.075
2024-07-15,-0.24,-2.75,-0.036,-0.090
2024-07-16,-1.60,-2.21,-0.017,-0.042
2024-07-17,-2.42,-1.03,-0.025,-0.043
2024-07-18,-1.99,-0.93,-0.028,-0.017
2024-07-19,-2.79,-1.30,-0.024,-0.017
2024-07-20,-3.08,-0.88,-0.037,-0.043
2024-07-21,-1.88,-2.50,-0.029,-0.031
2024-07-22,-2.51,-1.07,-0.033,-0.036
2024-07-23,-5.08,-0.71,-0.050,-0.027
2024-07-24,-3.83,-1.47,-0.034,-0.041
2024-07-25,-1.62,-1.80,-0.022,-0.050
2024-07-26,-3.03,-1.29,-0.031,-0.027
2024-07-27,-3.60,-1.24,-0.024,-0.024
2024-07-28,-3.53,-1.88,-0.025,-0.055
2024-07-29,-5.68,-0.70,-0.021,-0.028
2024-07-30,-2.79,-2.03,-0.016,-0.048
2024-07-31,-2.04,-2.27,-0.017,-0.047
2024-08-01,-1.97,-2.18,-0.012,-0.032
2024-08-02,0.29,-2.32,-0.002,-0.027
2024-08-03,1.39,0.94,-0.011,-0.018
2024-08-04,-2.26,-0.56,0.003,0.026
2024-08-05,-2.15,-0.91,-0.043,0.036
2024-08-06,-2.43,-1.46,-0.033,-0.005
2024-08-07,-2.00,-1.40,-0.023,-0.003
2024-08-08,-1.69,-1.05,-0.026,-0.010
2024-08-09,-1.68,-1.68,-0.010,-0.051
2024-08-10,-0.95,-1.65,-0.014,-0.007
2024-08-11,-1.37,-2.94,-0.030,-0.038
2024-08-12,-2.01,-1.57,-0.033,-0.060
2024-08-13,-1.68,-1.93,-0.030,-0.066
2024-08-14,-2.10,-1.03,-0.029,-0.022
2024-08-15,-1.62,-1.09,-0.021,-0.000
2024-08-16,-1.71,-2.04,-0.035,-0.031
2024-08-17,-2.27,-1.11,-0.024,-0.015
2024-08-18,-2.11,-1.37,-0.019,-0.001
2024-08-19,-2.13,-1.66,-0.040,-0.027
2024-08-20,-1.53,-1.43,-0.014,-0.005
2024-08-21,-1.38,-2.21,-0.034,-0.022
2024-08-22,-1.81,-2.24,-0.040,-0.044
2024-08-23,-0.74,-2.15,-0.025,-0.048
2024-08-24,-0.56,-2.26,-0.028,-0.075
2024-08-25,-0.25,-2.91,-0.026,-0.080
2024-08-26,-0.52,-2.46,-0.040,-0.045
2024-08-27,-0.53,-2.13,-0.019,-0.033
2024-08-28,-1.23,-2.04,-0.028,-0.031
2024-08-29,-1.92,-1.55,-0.033,-0.017
2024-08-30,-1.99,-1.50,-0.033,-0.001
2024-08-31,-2.47,-0.71,-0.022,0.011
2024-09-01,-1.97,-0.64,-0.030,0.009
2024-09-02,-1.95,-0.79,-0.030,0.000
2024-09-03,-2.32,-1.88,-0.037,-0.021
2024-09-04,-2.61,-1.22,-0.036,-0.024
2024-09-05,-1.08,-2.43,-0.023,-0.057
2024-09-06,1.44,-1.44,0.003,-0.040
2024-09-07,-0.09,1.71,-0.005,0.016
2024-09-08,-2.36,-0.00,-0.053,-0.000
2024-09-09,-0.54,-1.78,-0.039,-0.072
2024-09-10,0.39,-1.84,-0.030,-0.047
2024-09-11,-2.01,0.14,-0.033,0.019
2024-09-12,-3.19,-0.00,-0.042,0.026
2024-09-13,-2.74,-0.84,-0.037,-0.002
2024-09-14,-2.02,-0.77,-0.031,-0.012
2024-09-15,-2.19,-0.43,-0.046,-0.037
2024-09-16,-2.42,-0.00,-0.038,-0.034
2024-09-17,-1.80,-0.77,-0.029,-0.032
2024-09-18,-1.87,-1.41,-0.048,-0.057
2024-09-19,-2.72,-0.48,-0.053,-0.014
2024-09-20,-1.83,-1.01,-0.012,0.014
2024-09-21,-1.76,-1.33,0.000,-0.002
2024-09-22,-1.38,-1.97,-0.016,-0.025
2024-09-23,-0.98,-1.70,-0.014,-0.042
2024-09-24,1.59,-0.99,0.005,-0.049
2024-09-25,1.73,2.66,0.038,0.021
2024-09-26,1.69,1.53,0.056,0.036
2024-09-27,0.77,1.39,0.077,0.008
2024-09-28,-0.97,-1.20,0.036,0.020
2024-09-29,-1.43,-1.89,-0.002,-0.021
2024-09-30,-1.37,-1.32,0.009,-0.039
2024-10-01,-0.32,-1.53,-0.012,-0.048
2024-10-02,-1.08,-1.55,-0.030,-0.040
2024-10-03,-1.98,0.17,-0.034,-0.055
2024-10-04,0.47,-1.55,-0.021,-0.062
2024-10-05,0.77,-1.80,-0.001,-0.089
2024-10-06,0.90,1.93,0.014,0.006
2024-10-07,-0.10,1.88,0.106,0.039
2024-10-08,2.75,1.34,0.144,0.123
2024-10-09,1.37,1.63,0.126,0.100
2024-10-10,1.98,-1.01,0.119,0.074
2024-10-11,1.57,-2.16,0.082,0.027
2024-10-12,1.12,-2.10,0.029,-0.026
2024-10-13,0.56,-2.26,0.049,-0.019
2024-10-14,1.21,-1.21,0.009,-0.042
2024-10-15,0.23,-1.42,-0.005,-0.035
2024-10-16,0.30,-1.91,0.012,-0.030
2024-10-17,0.52,-3.26,-0.047,-0.109
2024-10-18,2.42,-4.03,-0.009,-0.112
2024-10-19,4.98,0.17,-0.002,-0.069
2024-10-20,-3.61,-1.39,-0.011,-0.063
2024-10-21,-1.16,-3.02,-0.035,-0.068
2024-10-22,0.58,-3.27,-0.026,-0.078
2024-10-23,0.37,-3.52,-0.030,-0.050
2024-10-24,0.97,-2.68,-0.023,-0.043
2024-10-25,0.20,-3.88,-0.033,-0.031
2024-10-26,-0.46,-3.71,-0.019,-0.088
2024-10-27,-0.32,-3.69,-0.006,-0.120
2024-10-28,0.42,-3.41,-0.009,-0.105
2024-10-29,0.18,-2.57,-0.063,-0.112
2024-10-30,-0.66,-1.91,-0.087,-0.063
2024-10-31,-0.79,-2.96,-0.075,-0.107
2024-11-01,-0.62,-3.51,-0.056,-0.102
2024-11-02,0.00,-3.12,-0.058,-0.129
2024-11-03,-0.94,-2.58,-0.066,-0.086
2024-11-04,-0.83,-1.71,-0.052,-0.043
2024-11-05,-1.47,-1.15,-0.059,-0.007
2024-11-06,-1.25,-1.25,0.012,0.017
2024-11-07,0.92,1.31,0.070,0.035
2024-11-08,1.13,1.17,0.081,0.035
2024-11-09,0.80,-1.28,0.047,0.035
2024-11-10,-0.29,-1.51,0.026,0.005
2024-11-11,1.20,-0.56,0.033,0.024
2024-11-12,1.41,1.06,0.050,-0.029
2024-11-13,1.12,-1.79,0.030,-0.061
2024-11-14,1.04,-2.57,-0.016,-0.100
2024-11-15,2.98,-3.31,0.000,-0.124
2024-11-16,2.52,-4.73,0.000,-0.155
2024-11-17,3.94,-2.46,-0.009,-0.092
2024-11-18,-0.83,2.06,-0.013,0.058
2024-11-19,-1.44,0.39,-0.052,0.036
2024-11-20,0.96,-1.74,-0.014,-0.051
2024-11-21,1.93,-3.64,0.015,-0.120
2024-11-22,2.27,-3.24,0.000,-0.113
2024-11-23,1.31,-3.25,-0.020,-0.064
2024-11-24,0.94,-2.58,-0.019,-0.032
2024-11-25,0.00,-3.09,-0.028,-0.049
2024-11-26,-0.15,-4.20,-0.034,-0.113
2024-11-27,0.70,-2.82,-0.012,-0.049
2024-11-28,-0.30,-1.67,-0.010,0.018
2024-11-29,-0.44,-2.50,-0.028,-0.052
2024-11-30,0.76,-2.50,-0.015,-0.055
2024-12-01,0.69,-2.97,-0.009,-0.070
2024-12-02,-2.29,-5.14,-0.045,-0.152
2024-12-03,-0.91,-5.14,-0.011,-0.133
2024-12-04,-0.67,-4.73,-0.037,-0.114
2024-12-05,-0.08,-4.30,-0.006,-0.094
2024-12-06,1.24,-4.05,-0.013,-0.112
2024-12-07,-0.08,-4.87,-0.015,-0.123
2024-12-08,-1.50,-4.61,-0.040,-0.081
2024-12-09,-0.79,-2.76,-0.034,-0.041
2024-12-10,-2.16,-0.79,-0.031,-0.001
2024-12-11,-0.96,-2.65,0.024,0.001
2024-12-12,-0.29,-5.48,-0.021,-0.151
2024-12-13,1.18,-5.11,-0.023,-0.118
2024-12-14,-0.70,-3.62,-0.015,-0.094
2024-12-15,-0.12,-3.55,-0.023,-0.103
2024-12-16,0.78,-2.54,-0.006,-0.052
2024-12-17,0.61,-2.01,0.014,-0.016
2024-12-18,0.91,-2.25,-0.005,-0.021
2024-12-19,0.69,-2.99,0.000,-0.042
2024-12-20,0.56,-3.57,-0.013,-0.094
2024-12-21,1.91,-2.44,0.010,-0.049
2024-12-22,1.73,-2.39,0.000,-0.023
2024-12-23,1.06,-2.38,0.000,-0.046
2024-12-24,0.35,-2.49,-0.004,-0.036
2024-12-25,0.64,-2.25,-0.002,-0.025
2024-12-26,-0.40,-1.86,-0.016,0.014
2024-12-27,-0.99,-2.12,-0.014,0.037
2024-12-28,-2.11,0.07,-0.031,0.063
2024-12-29,-1.09,-2.15,0.015,0.031
2024-12-30,0.31,-1.99,-0.021,-0.091
2024-12-31,-1.22,-1.51,-0.026,-0.001
2025-01-01,-1.51,-1.93,-0.056,-0.024
2025-01-02,-1.34,-2.86,-0.052,-0.098
2025-01-03,0.23,-4.39,-0.026,-0.141
2025-01-04,-0.80,-4.09,-0.047,-0.135
2025-01-05,-2.17,-2.25,-0.051,-0.058
2025-01-06,-1.23,-1.03,0.000,0.025
2025-01-07,-0.11,-3.06,0.005,-0.012
2025-01-08,-0.32,-4.55,-0.019,-0.126
2025-01-09,-1.63,-4.26,-0.030,-0.117
2025-01-10,-2.38,0.08,-0.005,0.011
2025-01-11,-1.49,-1.13,-0.014,0.049
2025-01-12,-1.33,-0.86,-0.014,0.049
2025-01-13,-2.19,-0.19,-0.029,0.047
2025-01-14,-2.56,-2.08,-0.054,0.010
2025-01-15,-0.31,-2.21,-0.016,-0.027
2025-01-16,-0.54,-1.75,-0.023,-0.062
2025-01-17,0.57,1.57,-0.024,-0.014
2025-01-18,-1.42,1.03,-0.031,0.027
2025-01-19,-1.72,0.18,-0.016,0.016
2025-01-20,-0.48,-3.05,-0.013,-0.051
2025-01-21,-0.73,-2.01,-0.019,-0.070
2025-01-22,1.61,-3.98,-0.002,-0.082
2025-01-23,2.83,-3.38,0.000,-0.086
2025-01-24,2.51,-4.93,0.004,-0.116
2025-01-25,-0.72,-5.86,-0.051,-0.155
2025-01-26,-1.13,-4.55,-0.008,-0.118
2025-01-27,-1.13,-2.65,-0.026,-0.060
2025-01-28,-0.96,-2.37,-0.017,-0.043
2025-01-29,-3.30,-1.01,-0.058,-0.042
2025-01-30,-3.77,-0.94,-0.031,-0.029
2025-01-31,-4.70,0.41,-0.024,0.004
2025-02-01,-2.99,-1.94,-0.034,-0.017
2025-02-02,-1.07,-3.50,-0.037,-0.068
2025-02-03,-1.99,-2.74,-0.036,-0.063
2025-02-04,-2.60,-2.19,-0.037,-0.041
2025-02-05,-1.96,-2.34,-0.033,-0.017
2025-02-06,-2.69,-1.68,-0.036,-0.031
2025-02-07,-2.96,-2.49,-0.034,-0.055
2025-02-08,-2.04,-1.90,-0.026,-0.019
2025-02-09,-3.10,-1.32,-0.040,0.012
2025-02-10,-2.76,-1.86,-0.023,-0.000
2025-02-11,-3.08,-1.31,-0.022,-0.009
2025-02-12,-4.50,1.21,-0.034,0.043
2025-02-13,-4.08,0.14,-0.045,0.007
2025-02-14,-4.29,-1.91,-0.034,-0.041
2025-02-15,-4.14,-1.59,-0.017,-0.001
2025-02-16,-3.39,0.30,-0.021,0.042
2025-02-17,-1.73,-2.57,-0.036,-0.030
2025-02-18,-3.57,-0.69,-0.032,-0.005
2025-02-19,-4.36,0.30,-0.038,0.041
2025-02-20,-2.59,-1.21,-0.046,0.039
2025-02-21,-1.60,-2.67,-0.034,-0.034
2025-02-22,-1.02,-3.82,-0.013,-0.090
2025-02-23,-1.71,-2.18,-0.014,-0.049
2025-02-24,-0.87,-1.29,-0.017,0.021
2025-02-25,1.17,-2.88,-0.004,-0.027
2025-02-26,-1.47,-1.32,-0.012,-0.002
2025-02-27,-2.41,-0.30,-0.012,0.019
2025-02-28,-1.82,-2.09,-0.017,-0.014
2025-03-01,-1.79,-0.76,-0.005,-0.028
2025-03-02,-1.66,-1.60,-0.020,-0.029
2025-03-03,-2.42,-0.08,-0.024,0.016
2025-03-04,-3.42,0.79,-0.019,0.047
2025-03-05,-2.26,-0.82,-0.019,-0.000
2025-03-06,-0.66,-3.10,-0.028,-0.102
2025-03-07,-3.59,-0.63,-0.035,-0.021
2025-03-08,-3.23,0.17,-0.012,0.030
2025-03-09,-1.97,-0.21,-0.016,-0.000
2025-03-10,1.05,-1.97,-0.005,-0.012
2025-03-11,0.81,-3.02,-0.010,-0.045
2025-03-12,-1.94,-0.52,-0.005,0.039
2025-03-13,-2.55,-0.50,-0.021,0.028
2025-03-14,-1.86,-0.87,-0.022,-0.015
2025-03-15,-2.32,0.80,-0.028,-0.000
2025-03-16,-0.75,2.17,-0.005,0.021
2025-03-17,0.31,-4.50,0.000,-0.080
2025-03-18,-0.25,-4.86,-0.019,-0.141
2025-03-19,-2.18,-0.93,-0.022,-0.029
2025-03-20,-2.84,-1.64,-0.038,0.024
2025-03-21,-2.03,-3.01,-0.011,-0.068
2025-03-22,-2.15,-1.45,-0.009,-0.019
2025-03-23,-4.04,-0.71,-0.026,0.026
2025-03-24,-4.89,-0.17,-0.047,-0.005
2025-03-25,-3.42,-0.98,-0.027,-0.043
2025-03-26,-3.19,-2.07,-0.037,-0.037
2025-03-27,-3.35,-1.64,-0.025,-0.034
2025-03-28,-5.12,-0.36,-0.028,-0.007
2025-03-29,-4.52,-0.16,-0.033,-0.005
2025-03-30,-3.93,-0.14,-0.057,-0.020
2025-03-31,-3.57,-1.02,-0.040,-0.022
2025-04-01,-3.07,-1.24,-0.044,-0.007
2025-04-02,-5.09,0.45,-0.055,0.007
2025-04-03,-5.59,-0.10,-0.036,-0.025
2025-04-04,-5.96,-0.10,-0.034,-0.027
2025-04-05,-6.26,0.33,-0.036,-0.027
2025-04-06,-4.86,0.25,-0.014,-0.021
2025-04-07,-1.30,-2.17,-0.017,-0.057
2025-04-08,2.15,-2.76,0.000,-0.063
2025-04-09,1.95,-3.00,0.005,-0.063
2025-04-10,-0.60,-2.59,-0.010,-0.021
2025-04-11,-1.21,-2.37,-0.015,-0.047
2025-04-12,-1.17,-2.40,0.000,-0.046
2025-04-13,-1.68,-2.23,-0.012,-0.033
2025-04-14,-2.47,-1.26,-0.036,-0.027
2025-04-15,-1.75,-2.41,-0.016,-0.034
2025-04-16,-1.78,-3.07,-0.019,-0.081
2025-04-17,-3.46,-1.69,-0.035,-0.057
2025-04-18,-4.14,-1.84,-0.029,-0.041
2025-04-19,-4.92,-0.52,-0.022,-0.010
2025-04-20,-5.06,-0.18,-0.021,-0.005
2025-04-21,-4.32,-1.32,-0.036,-0.032
2025-04-22,-4.52,-1.56,-0.043,-0.022
2025-04-23,-3.71,-0.99,-0.038,0.003
2025-04-24,-3.87,-0.75,-0.019,-0.000
2025-04-25,-3.49,-0.87,-0.016,-0.002
2025-04-26,-2.87,-1.16,-0.017,-0.003
2025-04-27,-2.26,-1.41,-0.022,-0.026
2025-04-28,-2.48,-1.43,-0.025,-0.029
2025-04-29,-2.58,-1.26,-0.022,-0.024
2025-04-30,-2.71,-1.21,-0.024,-0.029
2025-05-01,-3.82,-0.54,-0.024,0.002
2025-05-02,-3.50,-0.49,-0.023,-0.012
2025-05-03,-3.51,-0.31,-0.023,-0.000
2025-05-04,-2.77,-1.12,-0.034,-0.027
2025-05-05,-3.56,-0.82,-0.034,-0.015
2025-05-06,-4.66,-0.41,-0.041,-0.013
2025-05-07,-4.28,-0.68,-0.038,-0.022
2025-05-08,-4.28,-0.99,-0.044,-0.051
2025-05-09,-3.77,-0.87,-0.043,-0.034
2025-05-10,-2.09,-2.67,-0.020,-0.070
2025-05-11,0.58,-2.34,0.005,-0.046
2025-05-12,-0.06,-3.54,-0.011,-0.081
2025-05-13,-2.03,-0.21,-0.018,-0.013
2025-05-14,-3.38,0.42,-0.028,0.011
2025-05-15,-4.64,-0.08,-0.040,-0.020
2025-05-16,-5.14,-0.54,-0.045,-0.024
2025-05-17,-4.50,-0.87,-0.029,-0.032
2025-05-18,-4.67,-0.66,-0.036,-0.024
2025-05-19,-3.78,-1.08,-0.036,-0.029
2025-05-20,-3.02,-0.37,-0.031,-0.035
2025-05-21,-3.00,-1.53,-0.046,-0.053
2025-05-22,-4.56,-1.39,-0.057,-0.048
2025-05-23,-3.95,-1.28,-0.043,-0.034
2025-05-24,-5.02,-1.44,-0.045,-0.020
2025-05-25,-4.44,-1.36,-0.040,-0.012
2025-05-26,-5.03,-0.62,-0.017,-0.005
2025-05-27,-5.17,-0.54,-0.031,-0.022
2025-05-28,-5.34,-1.14,-0.039,-0.043
2025-05-29,-5.36,-0.56,-0.039,-0.032
2025-05-30,-4.80,-0.67,-0.024,-0.029
2025-05-31,-3.55,-1.36,-0.031,-0.027
2025-06-01,-3.65,-0.71,-0.033,-0.017
2025-06-02,-3.03,-0.26,-0.023,-0.012
2025-06-03,-2.25,-0.44,-0.023,-0.000
2025-06-04,-2.20,-1.22,-0.022,-0.027
2025-06-05,-1.61,-2.29,-0.032,-0.064
2025-06-06,-5.09,-1.17,-0.046,-0.034
2025-06-07,-4.37,-1.01,-0.029,-0.034
2025-06-08,-3.98,-0.28,-0.036,0.009
2025-06-09,-4.77,0.17,-0.030,-0.000
2025-06-10,-3.34,0.12,-0.017,-0.010
2025-06-11,-4.90,-0.43,-0.039,-0.027
2025-06-12,-4.64,-0.16,-0.035,-0.015
2025-06-13,-4.29,-0.00,-0.033,-0.010
2025-06-14,-4.50,-0.47,-0.033,-0.012
2025-06-15,-4.72,-1.72,-0.020,-0.022
2025-06-16,-5.79,-1.34,-0.038,-0.020
2025-06-17,-5.98,-0.95,-0.024,-0.022
2025-06-18,-3.83,-0.40,-0.039,-0.058
2025-06-19,-2.44,-0.21,-0.056,-0.054
2025-06-20,-2.83,-0.60,-0.039,-0.029
2025-06-21,-3.45,-0.92,-0.023,-0.005
2025-06-22,-4.31,-1.23,-0.014,-0.007
2025-06-23,-3.08,-2.32,-0.014,-0.028
2025-06-24,-0.95,-3.11,-0.012,-0.035
2025-06-25,-1.15,-3.00,-0.033,-0.058
2025-06-26,-2.96,-1.19,-0.058,-0.043
2025-06-27,-2.04,-0.91,-0.029,-0.005
2025-06-28,-2.51,-0.77,-0.033,-0.005
2025-06-29,-5.46,-0.57,-0.038,-0.015
2025-06-30,-4.14,-1.27,-0.031,-0.007
2025-07-01,-3.37,-1.43,-0.029,-0.024
2025-07-02,-4.52,-1.38,-0.040,-0.019
2025-07-03,-4.34,-1.33,-0.027,-0.022
2025-07-04,-2.39,-1.22,-0.014,-0.019
2025-07-05,-2.78,-0.54,-0.021,0.016
2025-07-06,-3.29,-0.23,-0.045,0.004
2025-07-07,-3.37,-0.53,-0.024,-0.019
2025-07-08,-3.52,-1.42,-0.033,-0.049
2025-07-09,-1.44,-2.30,-0.016,-0.053
2025-07-10,-1.83,-1.96,-0.030,-0.022
2025-07-11,-2.23,-0.86,-0.016,0.016
2025-07-12,-3.52,-0.88,-0.019,0.009
2025-07-13,-2.98,-0.91,-0.029,-0.020
2025-07-14,-4.99,-1.15,-0.043,-0.010
2025-07-15,-3.62,-1.46,-0.019,-0.012
2025-07-16,-2.02,-1.17,-0.009,0.005
2025-07-17,-3.85,-1.25,-0.037,-0.005
2025-07-18,-3.35,-1.94,-0.015,-0.043
2025-07-19,-2.70,-2.03,-0.033,-0.045
2025-07-20,-1.16,-2.60,-0.013,-0.063
2025-07-21,-0.90,-2.13,-0.014,-0.051
2025-07-22,-2.13,-1.04,-0.019,-0.024
2025-07-23,-3.08,-0.65,-0.022,-0.012
2025-07-24,-2.08,-1.11,-0.017,-0.012
2025-07-25,-2.87,-1.46,-0.024,-0.022
2025-07-26,-2.47,-1.86,-0.031,-0.034
2025-07-27,-3.55,-1.97,-0.019,-0.037
2025-07-28,-2.46,-2.14,-0.030,-0.067
2025-07-29,-1.38,-1.90,-0.007,-0.041
2025-07-30,-1.52,-2.01,-0.029,-0.031
2025-07-31,-1.98,-2.12,-0.038,-0.052
2025-08-01,-2.10,-2.42,-0.043,-0.052
2025-08-02,-1.15,-2.47,-0.024,-0.051
2025-08-03,-1.24,-1.24,-0.017,-0.031
2025-08-04,-1.73,-0.34,-0.031,-0.022
2025-08-05,-2.98,-1.46,-0.046,-0.029
2025-08-06,-4.01,-0.85,-0.028,-0.015
2025-08-07,-2.57,-1.67,-0.017,-0.038
2025-08-08,-0.32,-2.02,-0.017,-0.040
2025-08-09,-1.18,-1.31,-0.020,-0.038
2025-08-10,-3.02,-0.53,-0.036,-0.001
2025-08-11,-4.60,-0.16,-0.043,0.012
2025-08-12,-3.92,-0.83,-0.046,-0.005
2025-08-13,-2.56,-1.20,-0.021,-0.014
2025-08-14,-2.26,-0.82,-0.033,-0.017
2025-08-15,-2.67,-0.92,-0.033,-0.002
2025-08-16,-0.76,-2.21,-0.027,-0.046
2025-08-17,-0.69,-1.70,-0.017,-0.038
2025-08-18,-1.22,-1.36,-0.017,-0.026
2025-08-19,-1.11,-1.37,-0.024,-0.015
2025-08-20,-0.14,-1.34,-0.016,-0.000
2025-08-21,-2.50,-1.56,-0.040,0.019
2025-08-22,-3.51,0.12,-0.048,0.025
2025-08-23,-3.98,-0.28,-0.047,-0.007
2025-08-24,-3.63,-0.64,-0.014,-0.014
2025-08-25,-3.15,-0.90,-0.043,-0.005
2025-08-26,-3.92,-1.83,-0.051,-0.042
2025-08-27,-1.29,-2.43,-0.015,-0.047
2025-08-28,-0.05,-2.91,-0.011,-0.064
2025-08-29,-1.18,-1.10,-0.012,-0.007
2025-08-30,-1.92,-0.90,-0.024,0.014
2025-08-31,-1.90,-1.14,-0.028,-0.000
2025-09-01,-2.19,-1.59,-0.028,-0.005
2025-09-02,-2.50,-0.62,-0.037,-0.000
2025-09-03,-2.59,-0.18,-0.048,0.028
2025-09-04,-2.20,-1.07,-0.028,0.009
2025-09-05,-2.64,-0.91,-0.052,0.012
2025-09-06,-3.25,-0.51,-0.035,0.014
2025-09-07,-2.59,-0.69,-0.031,0.017
2025-09-08,-2.00,-0.81,-0.023,0.009
2025-09-09,-2.15,-0.78,-0.034,-0.020
2025-09-10,-2.80,-0.39,-0.040,-0.029
2025-09-11,-2.02,-1.42,-0.036,-0.041
2025-09-12,-1.26,-1.87,-0.027,-0.043
2025-09-13,-0.59,-2.20,-0.025,-0.034
2025-09-14,-0.24,-2.27,-0.019,-0.022
2025-09-15,-2.42,-0.65,-0.057,0.032
2025-09-16,-2.64,-0.61,-0.040,0.019
2025-09-17,-2.13,-1.28,-0.051,-0.009
2025-09-18,-0.77,-2.52,-0.054,-0.052
2025-09-19,-0.46,-1.70,-0.045,-0.024
2025-09-20,-0.79,-1.56,-0.062,-0.039
2025-09-21,-1.21,-1.21,-0.057,-0.015
2025-09-22,-2.21,-0.19,-0.057,0.032
2025-09-23,-1.73,-1.73,-0.033,-0.019
2025-09-24,-2.52,-0.58,-0.061,0.013
2025-09-25,-1.70,-1.64,-0.052,-0.043
2025-09-26,-1.36,-1.22,-0.051,-0.023
2025-09-27,-1.16,-1.43,-0.057,-0.045
2025-09-28,-0.83,-1.23,-0.048,-0.052
2025-09-29,-0.76,-1.79,-0.041,-0.046
2025-09-30,-1.78,-0.65,-0.037,-0.035
2025-10-01,-1.91,-0.55,-0.010,-0.025
2025-10-02,-0.92,-1.80,-0.017,-0.027
2025-10-03,-1.26,-1.95,-0.044,-0.024
2025-10-04,-0.20,-1.92,-0.042,-0.064
2025-10-05,-1.52,-1.87,-0.048,-0.044
2025-10-06,-1.50,-1.26,-0.002,-0.045
2025-10-07,0.21,-1.69,-0.057,-0.097
2025-10-08,-2.26,-0.36,-0.061,-0.047
2025-10-09,-2.26,-1.20,-0.024,-0.043
2025-10-10,1.46,-0.42,0.002,-0.031
2025-10-11,1.81,0.22,0.052,-0.034
2025-10-12,1.71,-0.24,0.039,-0.061
2025-10-13,-0.76,-1.79,0.002,-0.034
2025-10-14,-0.64,-2.25,-0.042,-0.106
2025-10-15,1.20,-1.65,0.001,-0.093
2025-10-16,0.99,-0.96,-0.012,-0.080
2025-10-17,0.68,-1.78,-0.019,-0.089
2025-10-18,-0.36,-2.06,-0.044,-0.117
2025-10-19,-1.35,-1.30,-0.038,-0.078
2025-10-20,-1.73,-1.86,-0.060,-0.074
2025-10-21,-1.04,-2.46,-0.043,-0.075
2025-10-22,0.00,-2.09,-0.043,-0.080
2025-10-23,0.39,-3.15,-0.051,-0.131
2025-10-24,0.06,-3.25,-0.017,-0.108
2025-10-25,0.00,-2.78,-0.015,-0.087
2025-10-26,0.49,-2.10,-0.022,-0.067
2025-10-27,1.24,-1.90,-0.011,-0.045
2025-10-28,1.70,-1.02,-0.005,-0.024
2025-10-29,0.49,-1.82,0.000,-0.046
2025-10-30,2.10,-2.50,0.012,-0.063
2025-10-31,1.66,-2.77,-0.017,-0.049
2025-11-01,0.46,-2.91,-0.041,-0.029
2025-11-02,0.04,-2.23,-0.022,-0.015
2025-11-03,1.48,-2.78,-0.012,-0.021
2025-11-04,1.43,-1.71,-0.002,0.023
2025-11-05,0.86,-1.77,-0.002,-0.011
2025-11-06,0.07,-2.05,-0.014,-0.037
2025-11-07,-0.10,-1.48,-0.050,-0.025
2025-11-08,-1.43,-1.08,-0.040,0.036
2025-11-09,-1.98,-1.34,-0.055,0.032
2025-11-10,0.52,-3.29,-0.033,-0.091
2025-11-11,2.36,-6.14,-0.004,-0.161
2025-11-12,2.43,-5.73,0.000,-0.139
2025-11-13,2.25,-2.17,0.002,-0.036
2025-11-14,1.49,-2.59,-0.001,-0.072
2025-11-15,0.48,-2.45,-0.051,-0.121
2025-11-16,-0.04,-2.04,-0.043,-0.048
2025-11-17,-1.75,-0.54,-0.047,0.029
2025-11-18,-2.38,-1.49,-0.047,-0.005
2025-11-19,-2.14,-2.46,-0.058,-0.062
2025-11-20,-1.35,-2.15,-0.059,-0.059
2025-11-21,-0.52,-2.46,-0.029,-0.057
2025-11-22,-1.22,-2.62,-0.047,-0.058
2025-11-23,-0.49,-3.46,-0.016,-0.066
2025-11-24,-0.43,-2.43,-0.020,-0.068
2025-11-25,-1.73,-1.40,-0.038,-0.017
2025-11-26,-1.89,-2.34,-0.028,-0.026
2025-11-27,0.00,-2.81,-0.012,-0.061
2025-11-28,0.50,-4.09,-0.013,-0.102
2025-11-29,0.14,-3.99,-0.021,-0.111
2025-11-30,-0.04,-2.30,-0.006,-0.075
2025-12-01,0.07,-1.94,0.000,-0.042
2025-12-02,-0.03,-1.79,-0.010,-0.038
2025-12-03,-1.05,-0.98,-0.035,-0.026
2025-12-04,-1.53,-1.19,-0.032,0.007
2025-12-05,-1.26,-1.10,-0.026,-0.019
2025-12-06,-0.86,-1.55,-0.010,-0.056
2025-12-07,-1.31,-0.61,-0.031,-0.022
2025-12-08,-0.73,-2.00,-0.010,-0.060
2025-12-09,0.19,-2.76,-0.028,-0.125
2025-12-10,0.44,-2.52,-0.017,-0.094
2025-12-11,0.13,-2.47,-0.011,-0.083
2025-12-12,-0.54,-2.53,-0.033,-0.077
2025-12-13,-1.36,-2.46,-0.039,-0.053
2025-12-14,0.24,-3.45,-0.022,-0.062
2025-12-15,0.37,-4.17,-0.011,-0.114
2025-12-16,1.00,-4.01,0.000,-0.119
2025-12-17,0.57,-1.98,-0.007,-0.068
2025-12-18,-0.97,-0.65,0.000,-0.021
2025-12-19,-0.73,-1.81,-0.019,-0.000
2025-12-20,-0.87,-2.69,-0.057,-0.017
2025-12-21,-1.39,-1.99,-0.038,-0.017
2025-12-22,-1.24,-3.07,-0.036,-0.080
2025-12-23,-0.47,-2.97,-0.031,-0.095
2025-12-24,-0.65,-2.01,-0.021,-0.062
2025-12-25,-0.45,-3.17,-0.049,-0.100
2025-12-26,0.13,-2.51,-0.011,-0.074
2025-12-27,-0.88,-1.65,-0.016,0.007
2025-12-28,-1.72,-1.16,-0.044,0.005
2025-12-29,-1.37,-1.76,-0.038,-0.012
2025-12-30,0.50,-3.53,-0.026,-0.080
2025-12-31,1.64,-4.07,-0.004,-0.121
2026-01-01,1.48,-3.18,-0.011,-0.073
2026-01-02,0.71,-2.06,-0.007,-0.012
2026-01-03,-1.22,-0.80,0.000,0.032
2026-01-04,0.37,-2.10,-0.012,-0.010
2026-01-05,0.03,-1.95,-0.017,-0.012
2026-01-06,1.08,-1.61,-0.017,-0.031
2026-01-07,0.80,-2.61,-0.023,-0.083
2026-01-08,0.09,-2.44,-0.032,-0.063
2026-01-09,-3.49,0.18,-0.057,-0.017
2026-01-10,-4.07,-0.72,-0.019,0.016
2026-01-11,-1.01,-3.53,-0.022,-0.066
2026-01-12,0.43,-4.09,-0.017,-0.110
2026-01-13,0.87,-3.50,-0.002,-0.086
2026-01-14,0.81,-2.34,-0.007,-0.048
2026-01-15,1.24,-1.98,-0.006,-0.033
2026-01-16,1.48,-2.91,-0.007,-0.044
2026-01-17,0.29,-2.06,-0.029,-0.019
2026-01-18,1.35,-2.90,-0.005,-0.071
2026-01-19,1.72,-5.30,-0.002,-0.137
2026-01-20,1.63,-5.01,-0.006,-0.131
2026-01-21,1.32,-4.32,-0.004,-0.116
2026-01-22,0.68,-2.55,-0.005,-0.069
2026-01-23,-0.91,-2.24,-0.007,-0.037
2026-01-24,-2.07,-0.80,-0.037,0.000
2026-01-25,-3.26,0.40,-0.029,0.073
2026-01-26,-0.83,-2.55,0.017,0.028
2026-01-27,1.40,-5.63,-0.004,-0.136
2026-01-28,2.16,-4.86,-0.002,-0.126
2026-01-29,1.00,-3.74,-0.009,-0.093
2026-01-30,-0.41,-2.13,0.000,-0.007
2026-01-31,2.23,-2.31,0.010,-0.021
2026-02-01,2.14,-4.59,0.007,-0.105
2026-02-02,1.76,-3.05,-0.005,-0.074
2026-02-03,0.43,-3.04,-0.007,-0.051
2026-02-04,0.66,-1.92,0.000,-0.023
2026-02-05,1.65,-2.45,0.000,-0.053
2026-02-06,1.58,-3.54,0.002,-0.081
2026-02-07,0.91,-2.80,-0.005,-0.012
2026-02-08,0.64,-2.56,-0.015,-0.017
2026-02-09,-0.48,-3.41,-0.015,-0.070
2026-02-10,-1.67,-1.56,-0.018,-0.035
2026-02-11,-0.31,-2.18,-0.009,-0.000
2026-02-12,-0.90,-2.60,-0.014,-0.007
2026-02-13,-1.87,-2.15,-0.021,-0.000
2026-02-14,-2.04,-0.58,-0.009,0.030
2026-02-15,-2.99,1.21,-0.005,0.053
2026-02-16,-0.81,-1.99,-0.009,0.023
2026-02-17,-0.64,-1.43,-0.002,0.026
2026-02-18,-2.06,-0.40,-0.041,-0.000
2026-02-19,-3.91,0.83,-0.031,0.033
2026-02-20,-2.90,0.15,-0.021,-0.000
2026-02-21,-3.05,-0.43,-0.055,-0.025
2026-02-22,-1.76,-2.51,-0.057,-0.064
2026-02-23,1.35,-4.43,-0.012,-0.092
2026-02-24,1.20,-4.81,-0.017,-0.137
2026-02-25,-2.22,-2.47,-0.016,-0.038
2026-02-26,-3.28,0.82,-0.021,0.049
2026-02-27,-2.79,-0.85,-0.028,0.004
2026-02-28,-1.43,-1.54,-0.038,-0.015
2026-03-01,-1.22,-1.51,-0.038,0.019
2026-03-02,-2.05,-2.12,-0.031,-0.007
2026-03-03,-3.25,-2.54,-0.034,-0.061
2026-03-04,-1.48,-2.37,-0.026,-0.057
2026-03-05,-2.71,-1.76,-0.050,-0.024
2026-03-06,-3.47,-0.74,-0.022,-0.019
2026-03-07,-4.99,-0.97,-0.017,-0.008
2026-03-08,-5.09,-1.17,-0.041,0.005
2026-03-09,-3.52,-1.49,-0.014,-0.004
2026-03-10,-2.87,-1.66,-0.021,0.009
2026-03-11,-4.03,-0.71,-0.026,0.016
2026-03-12,-3.22,-1.24,-0.028,0.002
2026-03-13,-1.70,-1.95,-0.026,-0.022
2026-03-14,-1.92,-1.34,-0.021,-0.014
2026-03-15,-2.95,-0.31,-0.033,-0.007
2026-03-16,-2.33,-0.29,-0.017,-0.007
2026-03-17,0.17,-3.16,-0.010,-0.090
2026-03-18,1.27,-4.44,-0.009,-0.121
2026-03-19,0.58,-4.16,-0.011,-0.119
2026-03-20,1.21,-3.52,0.000,-0.093
2026-03-21,0.37,-3.02,-0.011,-0.055
2026-03-22,-1.65,-1.11,-0.024,-0.035
2026-03-23,-2.20,-1.12,-0.028,-0.012
2026-03-24,-2.15,-2.23,-0.027,-0.055
2026-03-25,-0.52,-2.67,-0.009,-0.073
2026-03-26,-1.26,-1.74,-0.041,-0.038
2026-03-27,-1.71,-2.45,-0.024,-0.040
2026-03-28,-1.12,-3.66,-0.018,-0.074
2026-03-29,-0.63,-3.59,-0.011,-0.099
2026-03-30,-1.49,-2.48,-0.023,-0.067
2026-03-31,-2.47,-1.79,-0.032,-0.026
2026-04-01,-3.04,-1.11,-0.037,-0.033
2026-04-02,-2.70,-0.77,-0.036,0.007
2026-04-03,-1.75,-2.59,-0.036,-0.064
2026-04-04,-4.29,-0.99,-0.044,-0.021
2026-04-05,-2.94,-1.50,-0.041,-0.029
2026-04-06,-1.37,-1.69,-0.022,-0.022
2026-04-07,0.46,-1.60,-0.009,0.012
2026-04-08,0.72,-1.97,-0.016,0.016
2026-04-09,-1.67,-1.85,-0.026,-0.017
2026-04-10,-2.09,-0.84,-0.037,-0.023
2026-04-11,-2.89,-1.95,-0.049,-0.063
2026-04-12,-2.59,-2.25,-0.052,-0.071
2026-04-13,-3.51,-2.28,-0.056,-0.074
2026-04-14,-2.76,-2.08,-0.042,-0.053
2026-04-15,-1.93,-1.40,-0.024,-0.019
2026-04-16,-2.96,-1.08,-0.033,-0.002
2026-04-17,-2.59,-0.89,-0.022,0.009
2026-04-18,-3.70,-0.19,-0.032,0.027
2026-04-19,-3.42,-1.98,-0.038,-0.019
2026-04-20,-2.00,-2.56,-0.035,-0.049
2026-04-21,-1.72,-1.55,-0.037,-0.025
2026-04-22,-1.96,-0.79,-0.029,0.021
2026-04-23,-2.76,0.14,-0.045,0.065
2026-04-24,-2.30,0.20,-0.033,0.069
2026-04-25,-2.32,-0.62,-0.045,0.027
2026-04-26,-2.50,-1.06,-0.058,0.014
2026-04-27,-3.40,-1.17,-0.055,0.005
2026-04-28,-4.09,-1.25,-0.039,-0.019
2026-04-29,-3.82,-0.88,-0.026,0.014
2026-04-30,-3.94,-0.41,-0.029,0.016
2026-05-01,-3.66,-0.13,-0.036,-0.002
2026-05-02,-2.47,-0.22,-0.021,0.010
2026-05-03,-0.49,-2.77,-0.033,-0.031
2026-05-04,-1.19,-2.44,-0.032,-0.023
2026-05-05,-3.03,-0.32,-0.051,0.033
2026-05-06,-4.24,-0.75,-0.052,0.019
2026-05-07,-4.04,-0.71,-0.038,-0.010
2026-05-08,-3.26,-2.20,-0.052,-0.067
2026-05-09,-3.75,-1.15,-0.049,-0.025
2026-05-10,-4.23,-1.29,-0.055,-0.042
2026-05-11,-4.68,-1.70,-0.053,-0.038
2026-05-12,-3.26,-1.25,-0.029,-0.024
2026-05-13,-1.95,0.10,-0.017,0.022
2026-05-14,-1.58,0.88,-0.018,0.063
2026-05-15,-2.35,-0.16,-0.050,0.046
2026-05-16,-3.88,-0.48,-0.060,0.012
2026-05-17,-5.77,-0.20,-0.056,-0.010
2026-05-18,-5.46,-0.57,-0.045,-0.025
2026-05-19,-5.44,-1.46,-0.057,-0.029
2026-05-20,-5.01,-1.06,-0.045,-0.020
2026-05-21,-4.42,-1.02,-0.047,-0.015
2026-05-22,-3.95,-0.84,-0.058,0.005
2026-05-23,-4.38,-0.31,-0.051,-0.000
2026-05-24,-4.56,-0.89,-0.050,-0.025
2026-05-25,-3.48,-0.68,-0.038,-0.015
2026-05-26,-3.02,-0.92,-0.037,-0.007
2026-05-27,-3.89,-0.20,-0.050,-0.031
2026-05-28,-2.78,0.10,-0.040,-0.034
2026-05-29,-2.01,0.11,-0.030,-0.000
2026-05-30,-1.46,-1.02,-0.032,-0.002
2026-05-31,-2.45,-0.17,-0.040,-0.016
2026-06-01,-2.80,-0.70,-0.056,-0.051
2026-06-02,-3.20,-1.63,-0.040,-0.060
2026-06-03,-3.26,-1.00,-0.039,-0.039
2026-06-04,-2.85,-0.50,-0.052,-0.035
2026-06-05,-4.54,-0.56,-0.064,-0.031
2026-06-06,-4.77,-0.33,-0.045,-0.022
2026-06-07,-3.34,-1.49,-0.035,-0.045
2026-06-08,-3.31,-0.52,-0.046,-0.026
2026-06-09,-3.53,-1.08,-0.040,-0.050
2026-06-10,-2.33,-0.62,-0.021,-0.029
2026-06-11,-2.49,0.71,-0.030,-0.000
2026-06-12,-2.62,0.37,-0.033,-0.021
2026-06-13,-4.08,0.07,-0.041,-0.039
2026-06-14,-4.28,-1.39,-0.049,-0.036
2026-06-15,-4.34,-1.25,-0.054,-0.012
2026-06-16,-4.05,-0.07,-0.054,-0.015
2026-06-17,-2.13,-0.41,-0.035,-0.000
2026-06-18,-3.18,0.28,-0.047,-0.016
2026-06-19,-2.97,-0.21,-0.044,-0.056
2026-06-20,-4.66,-0.66,-0.061,-0.059
2026-06-21,-5.16,-1.00,-0.050,-0.027
2026-06-22,-5.91,-0.31,-0.057,-0.017
2026-06-23,-4.31,-1.74,-0.041,-0.061
2026-06-24,-5.04,-1.74,-0.055,-0.043
2026-06-25,-2.82,-2.28,-0.038,-0.049
2026-06-26,-3.42,-1.82,-0.041,-0.035
2026-06-27,-5.06,-2.15,-0.058,-0.055
2026-06-28,-4.78,-1.55,-0.028,-0.021
2026-06-29,-2.68,-1.67,-0.043,-0.044
2026-06-30,-2.19,-1.97,-0.031,-0.015
2026-07-01,-3.03,-1.48,-0.057,-0.020
2026-07-02,-2.35,-2.19,-0.037,-0.024
2026-07-03,-3.39,-0.91,-0.037,0.005
2026-07-04,-3.14,-1.14,-0.036,0.002
2026-07-05,-3.94,-0.91,-0.042,0.002
2026-07-06,-5.31,-0.84,-0.052,-0.012
2026-07-07,-4.54,-1.39,-0.053,-0.041
2026-07-08,-4.01,-2.13,-0.044,-0.041
2026-07-09,-3.19,-2.58,-0.036,-0.055
2026-07-10,-3.51,-2.03,-0.053,-0.051
2026-07-11,-3.29,-1.46,-0.035,-0.064
2026-07-12,-6.24,-0.88,-0.045,-0.025
2026-07-13,-4.43,-1.88,-0.041,-0.032
2026-07-14,-3.65,-1.62,-0.043,-0.007
2026-07-15,-3.34,-1.49,-0.026,-0.022
2026-07-16,-4.40,-0.78,-0.037,-0.005
2026-07-17,-4.48,-1.28,-0.053,-0.012
2026-07-18,-2.63,-1.98,-0.031,-0.029
2026-07-19,-1.82,-1.52,-0.043,-0.001
2026-07-20,-3.08,-0.38,-0.064,0.042
2026-07-21,-3.67,-0.58,-0.062,0.061
2026-07-22,-3.76,-0.87,-0.059,0.027
2026-07-23,-3.17,-1.34,-0.046,-0.002
2026-07-24,-2.40,-1.62,-0.038,-0.028
2026-07-25,-4.08,-1.33,-0.057,-0.033
2026-07-26,-4.68,-0.82,-0.039,0.014
2026-07-27,-3.53,-1.35,-0.044,-0.025
2026-07-28,-3.63,-0.84,-0.065,0.010
2026-07-29,-3.62,-0.19,-0.045,0.019
2026-07-30,-4.86,-0.86,-0.045,0.012
2026-07-31,-4.33,-2.11,-0.052,-0.039
2026-08-01,-4.36,-1.59,-0.048,-0.013
2026-08-02,-2.07,-1.35,-0.034,-0.005
2026-08-03,-2.71,-0.38,-0.047,0.002
2026-08-04,-3.76,-0.66,-0.057,-0.021
2026-08-05,-2.27,-2.35,-0.030,-0.040
2026-08-06,-3.67,-1.26,-0.058,-0.021
2026-08-07,-2.61,-1.51,-0.039,-0.016
2026-08-08,-3.42,-1.31,-0.061,-0.014
2026-08-09,-3.57,-1.16,-0.047,0.007
2026-08-10,-2.86,-1.34,-0.061,0.017
2026-08-11,-1.73,-2.29,-0.032,-0.009
2026-08-12,-2.21,-2.37,-0.034,-0.065
2026-08-13,-2.81,-1.63,-0.041,-0.034
2026-08-14,-1.93,-2.47,-0.057,-0.075
2026-08-15,-3.35,-2.35,-0.061,-0.069
2026-08-16,-3.37,-2.10,-0.038,-0.048
2026-08-17,0.48,-1.81,-0.016,-0.057
2026-08-18,-1.58,-1.52,-0.053,-0.059
2026-08-19,-2.51,-1.51,-0.065,-0.056
2026-08-20,-3.62,-2.01,-0.045,-0.034
2026-08-21,-2.11,-1.96,-0.040,-0.034
2026-08-22,-2.56,-1.25,-0.048,-0.041
2026-08-23,-3.60,-1.03,-0.062,0.010
2026-08-24,-3.25,-2.54,-0.033,-0.033
2026-08-25,-1.86,-2.07,-0.040,-0.028
2026-08-26,-1.53,-2.11,-0.050,-0.039
2026-08-27,-2.65,-1.92,-0.067,-0.040
2026-08-28,-3.42,-1.24,-0.040,-0.028
2026-08-29,-1.41,-2.17,-0.018,-0.027
2026-08-30,-1.44,-2.13,-0.053,-0.041
2026-08-31,-2.82,-1.03,-0.056,0.008
2026-09-01,-1.75,-1.01,-0.037,-0.016
2026-09-02,-1.70,-1.02,-0.049,-0.008
2026-09-03,-2.16,-1.01,-0.046,-0.000
2026-09-04,-2.70,-0.72,-0.056,-0.002
2026-09-05,-2.81,-1.25,-0.053,-0.024
2026-09-06,-3.76,-0.94,-0.048,-0.022
2026-09-07,-3.53,-0.62,-0.045,-0.013
2026-09-08,-4.17,-1.04,-0.060,-0.035
2026-09-09,-3.37,-1.36,-0.042,-0.076
2026-09-10,-1.13,-2.65,-0.035,-0.108
2026-09-11,-1.30,-2.00,-0.039,-0.077
2026-09-12,-3.10,-1.38,-0.074,-0.055
2026-09-13,-4.49,-1.29,-0.063,-0.021
2026-09-14,-5.19,-1.59,-0.033,-0.033
2026-09-15,-3.51,-1.71,-0.045,-0.073
2026-09-16,-1.47,-2.11,-0.038,-0.073
2026-09-17,-1.03,-2.10,-0.028,-0.080
2026-09-18,0.23,-1.60,-0.018,-0.059
2026-09-19,0.33,-2.05,-0.038,-0.054
2026-09-20,-0.46,-1.61,-0.029,-0.062
2026-09-21,-1.24,-1.16,-0.035,-0.042
2026-09-22,-0.82,-1.41,-0.028,-0.040
2026-09-23,-0.15,-1.38,-0.026,-0.079
2026-09-24,-0.32,-1.80,-0.029,-0.093
2026-09-25,0.00,-1.95,-0.026,-0.106
2026-09-26,-1.71,-1.24,-0.062,-0.062
