date,wind_u,wind_v,cur_u,cur_v
2016-01-01,-2.36,-0.72,,
2016-01-02,-2.35,-0.50,,
2016-01-03,-1.15,-0.22,,
2016-01-04,-1.40,1.51,,
2016-01-05,-1.68,0.36,,
2016-01-06,1.84,0.10,,
2016-01-07,-0.07,-2.10,,
2016-01-08,-1.56,-0.00,,
2016-01-09,-1.25,0.75,,
2016-01-10,-1.46,0.68,,
2016-01-11,-1.78,-1.11,,
2016-01-12,-1.33,-0.86,,
2016-01-13,-1.51,-0.98,,
2016-01-14,-0.70,0.93,,
2016-01-15,-2.26,2.99,,
2016-01-16,-2.68,2.41,,
2016-01-17,-2.59,3.85,,
2016-01-18,0.45,1.93,,
2016-01-19,-1.10,-2.87,,
2016-01-20,-3.53,-3.41,,
2016-01-21,-3.20,-1.63,,
2016-01-22,-2.32,1.82,,
2016-01-23,3.06,-2.85,,
2016-01-24,0.28,-7.94,,
2016-01-25,-3.63,-3.50,,
2016-01-26,-3.95,-0.00,,
2016-01-27,-3.92,1.66,,
2016-01-28,-3.39,3.39,,
2016-01-29,-1.03,2.98,,
2016-01-30,-1.59,-1.49,,
2016-01-31,-2.69,-0.14,,
2016-02-01,-1.65,-0.14,,
2016-02-02,-1.81,-0.03,,
2016-02-03,-2.61,-0.05,,
2016-02-04,-2.01,-1.57,,
2016-02-05,-1.64,-2.44,,
2016-02-06,-2.50,-1.69,,
2016-02-07,2.31,-0.75,,
2016-02-08,-1.21,-4.50,,
2016-02-09,-1.04,-6.60,,
2016-02-10,-1.33,-6.86,,
2016-02-11,-2.52,-5.95,,
2016-02-12,-4.37,-3.93,,
2016-02-13,-2.88,-3.56,,
2016-02-14,-4.96,-4.79,,
2016-02-15,-4.27,-1.64,,
2016-02-16,-1.81,-0.66,,
2016-02-17,-1.43,-1.97,,
2016-02-18,-2.20,-3.97,,
2016-02-19,-4.76,-5.68,,
2016-02-20,-5.35,-3.89,,
2016-02-21,-3.74,-2.25,,
2016-02-22,-2.48,-0.39,,
2016-02-23,-1.69,1.41,,
2016-02-24,-2.26,1.90,,
2016-02-25,-0.07,-1.03,,
2016-02-26,-0.88,-3.83,,
2016-02-27,-2.97,-5.59,,
2016-02-28,-4.13,-4.75,,
2016-02-29,-3.07,-1.43,,
2016-03-01,-0.86,-1.43,,
2016-03-02,-1.24,-1.00,,
2016-03-03,-1.83,-1.33,,
2016-03-04,0.00,-1.40,,
2016-03-05,-1.21,-2.09,,
2016-03-06,-1.87,-2.88,,
2016-03-07,-3.44,-3.21,,
2016-03-08,-4.04,-1.39,,
2016-03-09,-4.12,-1.26,,
2016-03-10,-4.20,-0.00,,
2016-03-11,-3.89,0.76,,
2016-03-12,-2.97,0.58,,
2016-03-13,-2.51,-0.58,,
2016-03-14,-1.46,-1.06,,
2016-03-15,-1.16,-0.84,,
2016-03-16,-2.02,-1.58,,
2016-03-17,-2.27,0.08,,
2016-03-18,-2.13,2.45,,
2016-03-19,-2.44,3.01,,
2016-03-20,-1.64,2.26,,
2016-03-21,0.79,-1.38,,
2016-03-22,-1.80,-4.45,,
2016-03-23,-3.34,-1.28,,
2016-03-24,-2.25,0.36,,
2016-03-25,-3.01,1.60,,
2016-03-26,-3.33,1.34,,
2016-03-27,-2.94,0.73,,
2016-03-28,-1.17,1.17,,
2016-03-29,0.28,1.80,,
2016-03-30,-1.56,1.45,,
2016-03-31,-1.92,1.50,,
2016-04-01,-1.75,1.75,,
2016-04-02,-1.29,2.15,,
2016-04-03,0.41,1.13,,
2016-04-04,-0.36,-1.35,,
2016-04-05,-0.05,-1.54,,
2016-04-06,-2.44,-2.71,,
2016-04-07,-1.88,-0.87,,
2016-04-08,-1.49,-1.01,,
2016-04-09,-0.57,-1.76,,
2016-04-10,-2.70,-2.52,,
2016-04-11,-2.95,-2.57,,
2016-04-12,-1.55,-2.13,,
2016-04-13,-1.45,-1.79,,
2016-04-14,-1.80,0.80,,
2016-04-15,-1.59,0.92,,
2016-04-16,-0.98,1.12,,
2016-04-17,-1.13,-1.02,,
2016-04-18,-2.58,-2.97,,
2016-04-19,-3.33,-2.70,,
2016-04-20,-2.38,-1.06,,
2016-04-21,-2.65,-0.66,,
2016-04-22,-2.57,0.64,,
2016-04-23,-1.05,-1.44,,
2016-04-24,-0.48,-1.38,,
2016-04-25,-1.78,-0.91,,
2016-04-26,-1.80,-0.77,,
2016-04-27,-2.00,-0.50,,
2016-04-28,-1.13,0.68,,
2016-04-29,-1.50,-0.64,,
2016-04-30,-1.98,-0.10,,
2016-05-01,-2.25,-0.52,,
2016-05-02,-2.51,0.58,,
2016-05-03,-2.42,1.40,,
2016-05-04,-2.09,2.58,,
2016-05-05,-1.25,4.66,,
2016-05-06,2.37,0.21,,
2016-05-07,0.18,-5.12,,
2016-05-08,-2.37,-3.27,,
2016-05-09,-4.19,-2.23,,
2016-05-10,-2.82,-0.30,,
2016-05-11,-2.46,-0.43,,
2016-05-12,-2.08,-1.56,,
2016-05-13,-2.17,-1.88,,
2016-05-14,-1.58,-1.28,,
2016-05-15,-2.10,-0.33,,
2016-05-16,-2.53,-0.31,,
2016-05-17,-2.51,0.58,,
2016-05-18,-2.84,1.51,,
2016-05-19,-1.79,0.87,,
2016-05-20,-1.98,0.64,,
2016-05-21,-1.74,0.78,,
2016-05-22,-0.23,0.85,,
2016-05-23,-0.99,0.64,,
2016-05-24,-2.37,0.12,,
2016-05-25,-2.27,-1.26,,
2016-05-26,-2.32,-0.84,,
2016-05-27,-1.95,-1.13,,
2016-05-28,-1.93,0.27,,
2016-05-29,-1.68,0.24,,
2016-05-30,-1.93,-0.34,,
2016-05-31,-1.64,0.76,,
2016-06-01,-2.13,0.38,,
2016-06-02,-2.64,0.47,,
2016-06-03,-2.71,-0.00,,
2016-06-04,-4.11,1.49,,
2016-06-05,-3.68,3.20,,
2016-06-06,-3.60,3.36,,
2016-06-07,-3.06,4.37,,
2016-06-08,-3.12,3.34,,
2016-06-09,-2.31,1.68,,
2016-06-10,-2.27,0.92,,
2016-06-11,-2.06,0.59,,
2016-06-12,-1.03,-1.03,,
2016-06-13,-0.55,0.94,,
2016-06-14,-1.48,0.69,,
2016-06-15,-3.27,1.74,,
2016-06-16,-2.50,1.28,,
2016-06-17,-1.74,0.24,,
2016-06-18,-2.18,0.11,,
2016-06-19,-1.77,-0.94,,
2016-06-20,-1.32,-1.81,,
2016-06-21,-3.41,-0.12,,
2016-06-22,-2.80,0.10,,
2016-06-23,-1.72,-0.80,,
2016-06-24,-1.51,-0.64,,
2016-06-25,-2.20,-0.51,,
2016-06-26,-1.83,-1.28,,
2016-06-27,-1.85,-1.07,,
2016-06-28,-0.97,-0.97,,
2016-06-29,-1.30,-0.66,,
2016-06-30,-2.06,-0.63,,
2016-07-01,-2.40,0.42,,
2016-07-02,-1.67,-0.45,,
2016-07-03,-1.61,-0.31,,
2016-07-04,-1.38,-0.10,,
2016-07-05,-0.91,-1.21,,
2016-07-06,-2.02,-0.94,,
2016-07-07,-2.04,-0.55,,
2016-07-08,-1.92,-0.48,,
2016-07-09,-1.14,-0.08,,
2016-07-10,-0.57,0.92,,
2016-07-11,-2.65,-0.19,,
2016-07-12,-2.45,0.17,,
2016-07-13,-2.22,-1.13,,
2016-07-14,-1.42,0.28,,
2016-07-15,-1.13,-0.39,,
2016-07-16,-1.36,0.12,,
2016-07-17,-1.47,-0.81,,
2016-07-18,-2.33,-1.04,,
2016-07-19,-1.64,-1.76,,
2016-07-20,-1.42,1.20,,
2016-07-21,-1.72,-0.70,,
2016-07-22,-2.04,-0.18,,
2016-07-23,-1.67,0.15,,
2016-07-24,-0.89,-1.27,,
2016-07-25,-2.03,-0.18,,
2016-07-26,-1.95,-0.34,,
2016-07-27,-1.70,-1.28,,
2016-07-28,-2.49,-0.00,,
2016-07-29,-1.90,-1.10,,
2016-07-30,-1.95,-0.75,,
2016-07-31,-2.23,-1.94,,
2016-08-01,-2.91,-2.19,,
2016-08-02,-4.57,0.48,,
2016-08-03,-4.32,1.83,,
2016-08-04,-3.19,1.42,,
2016-08-05,-2.58,1.04,,
2016-08-06,-1.78,-0.12,,
2016-08-07,-1.26,-1.74,,
2016-08-08,-2.16,1.62,,
2016-08-09,-1.90,0.40,,
2016-08-10,-1.56,-0.73,,
2016-08-11,-1.81,-0.29,,
2016-08-12,-1.72,0.37,,
2016-08-13,-1.76,-0.93,,
2016-08-14,-2.77,-0.19,,
2016-08-15,-2.87,-0.72,,
2016-08-16,-2.82,-0.45,,
2016-08-17,-1.67,-1.00,,
2016-08-18,-1.66,-1.16,,
2016-08-19,-1.32,-0.83,,
2016-08-20,-0.69,-0.88,,
2016-08-21,-1.64,-0.20,,
2016-08-22,-1.64,-0.66,,
2016-08-23,-1.68,-1.63,,
2016-08-24,-1.97,-1.60,,
2016-08-25,-1.25,-1.54,,
2016-08-26,-1.81,2.79,,
2016-08-27,-1.72,2.76,,
2016-08-28,-2.74,2.56,,
2016-08-29,-3.49,3.74,,
2016-08-30,-3.80,2.66,,
2016-08-31,-3.86,2.61,,
2016-09-01,-3.69,2.78,,
2016-09-02,-2.75,1.65,,
2016-09-03,-2.11,0.04,,
2016-09-04,-1.79,-1.50,,
2016-09-05,-1.67,-1.35,,
2016-09-06,-2.33,-1.63,,
2016-09-07,-1.95,-1.26,,
2016-09-08,-1.95,0.71,,
2016-09-09,-1.76,0.15,,
2016-09-10,-1.35,-1.05,,
2016-09-11,-1.42,0.25,,
2016-09-12,-1.53,0.32,,
2016-09-13,-1.84,-0.71,,
2016-09-14,-1.01,-0.18,,
2016-09-15,-1.44,-0.52,,
2016-09-16,-1.70,-0.83,,
2016-09-17,-0.97,-0.73,,
2016-09-18,-1.60,-0.82,,
2016-09-19,-1.15,-0.54,,
2016-09-20,-1.79,-0.69,,
2016-09-21,-2.02,-1.64,,
2016-09-22,-1.83,-1.33,,
2016-09-23,-1.18,-0.65,,
2016-09-24,-1.95,-0.03,,
2016-09-25,-1.34,-0.78,,
2016-09-26,-1.48,-0.86,,
2016-09-27,-1.65,-0.57,,
2016-09-28,-1.61,-1.05,,
2016-09-29,-1.41,-2.89,,
2016-09-30,-3.13,-2.72,,
2016-10-01,-3.20,-2.88,,
2016-10-02,-2.09,-1.30,,
2016-10-03,-1.70,-3.33,,
2016-10-04,1.62,-4.71,,
2016-10-05,3.61,-0.83,,
2016-10-06,1.17,4.70,,
2016-10-07,-2.08,2.97,,
2016-10-08,-0.90,-1.56,,
2016-10-09,-0.77,-2.86,,
2016-10-10,-1.46,-2.53,,
2016-10-11,-1.79,-2.86,,
2016-10-12,-1.04,-1.16,,
2016-10-13,-1.76,-0.47,,
2016-10-14,-1.84,-0.00,,
2016-10-15,-2.19,-1.42,,
2016-10-16,-2.19,-0.35,,
2016-10-17,-1.21,-0.78,,
2016-10-18,-0.45,-0.92,,
2016-10-19,-1.22,-0.54,,
2016-10-20,-1.21,0.47,,
2016-10-21,-1.18,0.23,,
2016-10-22,-1.11,-1.38,,
2016-10-23,-2.44,-1.91,,
2016-10-24,-3.14,-2.73,,
2016-10-25,-3.29,-3.41,,
2016-10-26,-4.48,-3.02,,
2016-10-27,-3.87,-1.72,,
2016-10-28,-3.01,1.34,,
2016-10-29,-1.83,1.33,,
2016-10-30,-1.35,1.21,,
2016-10-31,-0.68,-1.88,,
2016-11-01,-2.92,-2.37,,
2016-11-02,-4.02,-3.37,,
2016-11-03,-3.67,-2.29,,
2016-11-04,-3.08,-2.68,,
2016-11-05,-1.95,-3.67,,
2016-11-06,-2.80,-3.71,,
2016-11-07,-3.23,-2.52,,
2016-11-08,-3.30,-2.31,,
2016-11-09,-3.52,-1.87,,
2016-11-10,-2.07,-1.56,,
2016-11-11,-3.06,-3.17,,
2016-11-12,-2.60,-2.42,,
2016-11-13,-2.97,-3.07,,
2016-11-14,-2.40,-1.81,,
2016-11-15,-1.99,-1.86,,
2016-11-16,-1.08,-0.97,,
2016-11-17,-2.32,-2.58,,
2016-11-18,-5.25,-3.81,,
2016-11-19,-5.00,-3.90,,
2016-11-20,-4.00,-5.51,,
2016-11-21,-4.29,-5.91,,
2016-11-22,-4.71,-4.24,,
2016-11-23,-6.23,-4.21,,
2016-11-24,-5.40,-3.12,,
2016-11-25,-5.28,-3.43,,
2016-11-26,-3.34,-3.34,,
2016-11-27,-2.36,-3.37,,
2016-11-28,-3.26,-3.38,,
2016-11-29,-3.26,-0.81,,
2016-11-30,-1.46,-0.98,,
2016-12-01,-1.57,-0.70,,
2016-12-02,-2.29,-2.46,,
2016-12-03,-2.34,-1.30,,
2016-12-04,-2.79,-0.00,,
2016-12-05,-2.68,-0.23,,
2016-12-06,-2.42,0.08,,
2016-12-07,-1.85,-1.03,,
2016-12-08,-2.19,-2.43,,
2016-12-09,-2.30,-1.93,,
2016-12-10,-3.62,-2.63,,
2016-12-11,-3.96,-1.85,,
2016-12-12,-3.48,-0.93,,
2016-12-13,-2.34,-1.35,,
2016-12-14,-1.42,-1.64,,
2016-12-15,-1.47,-2.44,,
2016-12-16,-2.41,-2.50,,
2016-12-17,-2.74,-0.68,,
2016-12-18,-3.43,-1.05,,
2016-12-19,-3.75,-2.53,,
2016-12-20,-5.65,-4.25,,
2016-12-21,-4.36,-3.29,,
2016-12-22,-2.87,-2.77,,
2016-12-23,-3.61,-2.53,,
2016-12-24,-3.88,-2.06,,
2016-12-25,-3.44,-2.15,,
2016-12-26,-4.01,-1.79,,
2016-12-27,-4.04,-2.43,,
2016-12-28,-2.78,-2.33,,
2016-12-29,-2.63,-2.54,,
2016-12-30,-1.74,-3.91,,
2016-12-31,-4.02,-2.61,,
2017-01-01,-2.34,-0.90,,
2017-01-02,-2.70,-0.98,,
2017-01-03,-1.95,-1.75,,
2017-01-04,-1.84,0.53,,
2017-01-05,1.03,-0.86,,
2017-01-06,1.46,-0.10,,
2017-01-07,-0.76,-1.62,,
2017-01-08,-1.80,-4.23,,
2017-01-09,-4.44,-6.84,,
2017-01-10,-5.76,-5.37,,
2017-01-11,-5.40,-4.07,,
2017-01-12,-4.69,-2.82,,
2017-01-13,-5.01,-2.44,,
2017-01-14,-4.74,-2.74,,
2017-01-15,-4.59,-3.33,,
2017-01-16,-4.00,-2.22,,
2017-01-17,-3.62,-1.46,,
2017-01-18,-3.22,-1.50,,
2017-01-19,-2.55,-0.68,,
2017-01-20,-1.82,-0.63,,
2017-01-21,-1.68,0.97,,
2017-01-22,-2.07,3.07,,
2017-01-23,-0.00,5.34,,
2017-01-24,3.09,-3.68,,
2017-01-25,-1.87,-2.07,,
2017-01-26,-1.99,-0.17,,
2017-01-27,-1.16,-0.35,,
2017-01-28,-1.22,-1.26,,
2017-01-29,-0.66,-2.02,,
2017-01-30,-1.34,-3.31,,
2017-01-31,-2.97,-3.18,,
2017-02-01,-2.90,-1.54,,
2017-02-02,-2.73,-2.93,,
2017-02-03,-2.11,-1.59,,
2017-02-04,-1.81,-1.74,,
2017-02-05,-2.84,-1.32,,
2017-02-06,-2.28,-1.72,,
2017-02-07,-2.62,-0.85,,
2017-02-08,1.23,-0.86,,
2017-02-09,-1.72,-1.66,,
2017-02-10,-2.87,-2.97,,
2017-02-11,-3.60,-2.34,,
2017-02-12,-3.17,-1.62,,
2017-02-13,-1.84,-1.65,,
2017-02-14,-1.73,-1.17,,
2017-02-15,-1.31,1.26,,
2017-02-16,-1.85,2.46,,
2017-02-17,-1.50,-1.21,,
2017-02-18,-1.36,0.61,,
2017-02-19,-1.01,-0.20,,
2017-02-20,-1.53,-2.18,,
2017-02-21,-1.99,-2.46,,
2017-02-22,-0.64,2.55,,
2017-02-23,3.71,2.90,,
2017-02-24,2.42,2.34,,
2017-02-25,0.21,1.69,,
2017-02-26,-0.99,-0.60,,
2017-02-27,-2.62,-1.51,,
2017-02-28,-3.01,-1.60,,
2017-03-01,-2.07,-0.63,,
2017-03-02,-1.01,-1.61,,
2017-03-03,-1.59,-2.19,,
2017-03-04,-2.93,-2.21,,
2017-03-05,-4.10,-2.66,,
2017-03-06,-5.44,-2.42,,
2017-03-07,-5.37,-2.74,,
2017-03-08,-4.00,-1.95,,
2017-03-09,-3.12,-1.26,,
2017-03-10,-1.63,-1.10,,
2017-03-11,-1.76,-0.89,,
2017-03-12,-1.57,-1.19,,
2017-03-13,-0.56,1.10,,
2017-03-14,-1.67,0.45,,
2017-03-15,-0.98,-2.30,,
2017-03-16,-2.89,-4.29,,
2017-03-17,-3.85,-3.35,,
2017-03-18,-3.07,-2.39,,
2017-03-19,-1.33,-2.30,,
2017-03-20,-2.23,-4.03,,
2017-03-21,-2.08,-2.56,,
2017-03-22,-2.85,-2.56,,
2017-03-23,-2.81,-3.24,,
2017-03-24,-3.20,-2.88,,
2017-03-25,-2.43,-1.90,,
2017-03-26,-1.77,-1.77,,
2017-03-27,-1.71,-0.99,,
2017-03-28,-1.86,-1.08,,
2017-03-29,-1.98,-0.88,,
2017-03-30,-2.23,-0.95,,
2017-03-31,-1.58,1.15,,
2017-04-01,0.15,1.76,,
2017-04-02,-1.62,0.20,,
2017-04-03,-0.97,1.49,,
2017-04-04,-1.11,1.91,,
2017-04-05,-1.77,0.28,,
2017-04-06,1.51,-0.77,,
2017-04-07,0.47,-1.74,,
2017-04-08,-1.45,-1.67,,
2017-04-09,-1.57,-1.74,,
2017-04-10,-3.18,-2.76,,
2017-04-11,-3.21,-2.51,,
2017-04-12,-2.88,-2.02,,
2017-04-13,-3.28,-2.30,,
2017-04-14,-2.78,-2.98,,
2017-04-15,-3.34,-2.34,,
2017-04-16,-2.73,-0.78,,
2017-04-17,-2.45,-0.94,,
2017-04-18,-1.69,-1.10,,
2017-04-19,-1.64,-1.33,,
2017-04-20,-2.09,-0.98,,
2017-04-21,-1.20,1.71,,
2017-04-22,-2.95,2.76,,
2017-04-23,-0.99,3.69,,
2017-04-24,0.78,1.92,,
2017-04-25,-0.75,-1.07,,
2017-04-26,-1.56,1.41,,
2017-04-27,-2.04,0.95,,
2017-04-28,-1.22,-0.60,,
2017-04-29,-2.08,-0.88,,
2017-04-30,-2.07,-0.59,,
2017-05-01,-1.25,-0.67,,
2017-05-02,-0.81,-1.24,,
2017-05-03,-1.75,-1.09,,
2017-05-04,-0.99,0.48,,
2017-05-05,-0.99,1.23,,
2017-05-06,-1.02,-0.71,,
2017-05-07,0.94,-0.66,,
2017-05-08,-1.05,-1.13,,
2017-05-09,-2.27,-1.26,,
2017-05-10,-3.00,-1.73,,
2017-05-11,-2.55,-1.24,,
2017-05-12,-2.62,-0.51,,
2017-05-13,-1.86,1.40,,
2017-05-14,-2.30,2.30,,
2017-05-15,-2.13,2.73,,
2017-05-16,-1.77,2.26,,
2017-05-17,-2.01,1.62,,
2017-05-18,-1.80,0.88,,
2017-05-19,-1.63,0.09,,
2017-05-20,-2.42,-1.23,,
2017-05-21,-2.53,-1.13,,
2017-05-22,-1.93,-0.82,,
2017-05-23,-1.74,0.43,,
2017-05-24,-2.11,1.84,,
2017-05-25,-2.17,1.88,,
2017-05-26,0.81,-1.83,,
2017-05-27,0.23,-1.43,,
2017-05-28,-1.16,-1.34,,
2017-05-29,-1.79,-0.65,,
2017-05-30,-1.46,-0.91,,
2017-05-31,-1.19,-1.04,,
2017-06-01,-0.87,-1.33,,
2017-06-02,-0.23,1.43,,
2017-06-03,-0.98,-0.82,,
2017-06-04,-0.93,1.07,,
2017-06-05,-2.14,1.74,,
2017-06-06,-2.71,2.81,,
2017-06-07,-2.82,3.25,,
2017-06-08,-2.70,3.45,,
2017-06-09,-2.32,2.02,,
2017-06-10,-1.58,0.77,,
2017-06-11,-0.32,-1.21,,
2017-06-12,-0.95,-0.62,,
2017-06-13,-0.83,-0.67,,
2017-06-14,-1.23,-0.60,,
2017-06-15,-2.21,-0.98,,
2017-06-16,-1.41,-0.12,,
2017-06-17,-2.90,2.27,,
2017-06-18,-3.45,1.84,,
2017-06-19,-2.50,1.75,,
2017-06-20,-2.21,1.49,,
2017-06-21,-1.67,-0.48,,
2017-06-22,-1.46,-0.53,,
2017-06-23,-0.74,-1.06,,
2017-06-24,-1.02,-0.89,,
2017-06-25,-2.22,-1.28,,
2017-06-26,-1.90,-0.73,,
2017-06-27,-1.19,0.46,,
2017-06-28,-1.75,-0.54,,
2017-06-29,-2.03,-1.04,,
2017-06-30,-1.98,-1.01,,
2017-07-01,-2.20,-1.07,,
2017-07-02,-1.73,-0.84,,
2017-07-03,-1.68,-1.05,,
2017-07-04,-1.57,-1.14,,
2017-07-05,-2.49,-2.02,,
2017-07-06,-1.21,-1.30,,
2017-07-07,-1.55,-0.79,,
2017-07-08,-1.61,-1.01,,
2017-07-09,-1.20,-1.04,,
2017-07-10,-2.07,-0.80,,
2017-07-11,-1.77,-0.94,,
2017-07-12,-0.25,-1.15,,
2017-07-13,-0.73,-1.00,,
2017-07-14,-1.70,-0.69,,
2017-07-15,-1.18,-0.60,,
2017-07-16,-0.77,-1.14,,
2017-07-17,-1.40,-0.66,,
2017-07-18,-1.52,-1.19,,
2017-07-19,-1.98,-1.29,,
2017-07-20,-2.12,-1.08,,
2017-07-21,-2.42,-1.51,,
2017-07-22,-2.02,-1.26,,
2017-07-23,-1.29,0.93,,
2017-07-24,-0.90,-0.63,,
2017-07-25,-2.09,-1.02,,
2017-07-26,-2.31,-0.93,,
2017-07-27,-1.22,-0.79,,
2017-07-28,-0.87,-0.97,,
2017-07-29,0.06,0.88,,
2017-07-30,-1.05,0.79,,
2017-07-31,1.37,0.96,,
2017-08-01,-1.43,-0.67,,
2017-08-02,-2.11,-2.70,,
2017-08-03,-1.84,-0.94,,
2017-08-04,-2.56,-1.14,,
2017-08-05,-2.14,-0.42,,
2017-08-06,-2.10,-0.18,,
2017-08-07,-2.16,-0.74,,
2017-08-08,-0.66,-0.82,,
2017-08-09,-0.82,-0.76,,
2017-08-10,-2.36,-1.05,,
2017-08-11,-2.08,-1.51,,
2017-08-12,-1.46,0.03,,
2017-08-13,-1.02,0.57,,
2017-08-14,-1.13,-0.63,,
2017-08-15,-1.89,-1.38,,
2017-08-16,-1.85,-0.94,,
2017-08-17,-2.80,-2.35,,
2017-08-18,-2.62,-0.95,,
2017-08-19,-1.21,-1.21,,
2017-08-20,-1.99,-1.01,,
2017-08-21,-2.36,0.54,,
2017-08-22,0.68,-1.38,,
2017-08-23,-1.60,-1.49,,
2017-08-24,-1.37,1.11,,
2017-08-25,-1.08,-0.00,,
2017-08-26,-1.55,-1.12,,
2017-08-27,-1.74,-1.09,,
2017-08-28,0.77,-0.95,,
2017-08-29,0.97,-1.25,,
2017-08-30,-2.32,0.58,,
2017-08-31,0.19,-1.33,,
2017-09-01,-0.94,-0.73,,
2017-09-02,-1.54,-1.00,,
2017-09-03,-1.73,-1.00,,
2017-09-04,-1.36,-0.29,,
2017-09-05,-1.28,-0.65,,
2017-09-06,-1.51,-0.77,,
2017-09-07,-0.49,-2.77,,
2017-09-08,1.58,-3.55,,
2017-09-09,3.23,5.16,,
2017-09-10,-0.64,6.08,,
2017-09-11,-1.35,4.43,,
2017-09-12,-1.70,2.35,,
2017-09-13,-1.15,-1.19,,
2017-09-14,-1.88,-1.41,,
2017-09-15,-1.28,-0.71,,
2017-09-16,-1.14,0.58,,
2017-09-17,-0.78,-0.66,,
2017-09-18,-1.66,-0.77,,
2017-09-19,-1.79,-0.58,,
2017-09-20,-1.41,-2.76,,
2017-09-21,-1.60,-2.77,,
2017-09-22,-1.30,-1.56,,
2017-09-23,-0.98,1.85,,
2017-09-24,-0.54,1.67,,
2017-09-25,-1.91,1.98,,
2017-09-26,-1.92,1.11,,
2017-09-27,-1.54,0.33,,
2017-09-28,-2.46,1.09,,
2017-09-29,-2.04,0.74,,
2017-09-30,-1.42,0.17,,
2017-10-01,-1.42,0.69,,
2017-10-02,-1.68,-0.45,,
2017-10-03,-1.19,0.13,,
2017-10-04,-1.34,0.65,,
2017-10-05,-1.95,1.75,,
2017-10-06,-3.42,4.70,,
2017-10-07,-2.54,2.73,,
2017-10-08,-1.26,-0.43,,
2017-10-09,-1.59,-1.65,,
2017-10-10,-1.96,-1.18,,
2017-10-11,-2.21,-1.08,,
2017-10-12,-1.80,1.31,,
2017-10-13,-1.18,-0.32,,
2017-10-14,-1.90,-1.71,,
2017-10-15,-2.61,-1.97,,
2017-10-16,-1.33,-1.37,,
2017-10-17,-1.19,-0.74,,
2017-10-18,-1.97,-0.84,,
2017-10-19,-1.79,-0.62,,
2017-10-20,-2.04,-0.87,,
2017-10-21,-1.48,-1.08,,
2017-10-22,-1.92,-0.74,,
2017-10-23,-2.43,-0.93,,
2017-10-24,0.07,-0.96,,
2017-10-25,-1.71,1.48,,
2017-10-26,-1.38,-0.37,,
2017-10-27,-2.79,1.67,,
2017-10-28,-2.21,4.15,,
2017-10-29,2.90,2.35,,
2017-10-30,-1.22,-1.61,,
2017-10-31,-1.74,-1.46,,
2017-11-01,-2.91,-2.19,,
2017-11-02,-2.52,-1.97,,
2017-11-03,-2.01,-1.41,,
2017-11-04,-0.98,-1.20,,
2017-11-05,-1.47,-1.75,,
2017-11-06,-1.86,-1.61,,
2017-11-07,-2.36,-2.62,,
2017-11-08,-2.00,-1.50,,
2017-11-09,-1.57,-0.91,,
2017-11-10,-2.23,-1.29,,
2017-11-11,-1.87,-0.72,,
2017-11-12,-2.56,-1.30,,
2017-11-13,-1.28,-1.12,,
2017-11-14,-1.38,0.29,,
2017-11-15,-1.17,-1.80,,
2017-11-16,-1.50,-4.13,,
2017-11-17,-1.64,-4.76,,
2017-11-18,-2.65,-3.16,,
2017-11-19,-2.82,-2.28,,
2017-11-20,-3.20,-2.88,,
2017-11-21,-3.04,-0.05,,
2017-11-22,-1.70,2.34,,
2017-11-23,-1.52,-0.52,,
2017-11-24,-1.34,0.60,,
2017-11-25,-1.41,-0.46,,
2017-11-26,-2.24,-1.57,,
2017-11-27,-2.20,-1.12,,
2017-11-28,-1.25,-0.97,,
2017-11-29,-2.16,-1.40,,
2017-11-30,-1.24,-1.83,,
2017-12-01,-1.73,-2.21,,
2017-12-02,-2.99,-2.42,,
2017-12-03,-3.23,-2.43,,
2017-12-04,-3.56,-2.23,,
2017-12-05,-4.27,-2.77,,
2017-12-06,-2.95,-1.71,,
2017-12-07,-2.12,-1.08,,
2017-12-08,-0.84,-0.52,,
2017-12-09,-1.77,1.15,,
2017-12-10,-1.59,-3.42,,
2017-12-11,-2.51,-6.91,,
2017-12-12,-1.66,-6.19,,
2017-12-13,-1.18,-6.68,,
2017-12-14,-2.93,-1.43,,
2017-12-15,-1.41,-0.99,,
2017-12-16,-2.88,-2.50,,
2017-12-17,-4.23,-2.35,,
2017-12-18,-4.76,-2.42,,
2017-12-19,-3.86,-1.97,,
2017-12-20,-3.43,-1.75,,
2017-12-21,-3.56,-2.40,,
2017-12-22,-4.18,-3.15,,
2017-12-23,-4.21,-2.84,,
2017-12-24,-3.42,-1.74,,
2017-12-25,-2.75,-2.31,,
2017-12-26,-3.46,-2.42,,
2017-12-27,-3.22,-2.17,,
2017-12-28,-3.30,-2.67,,
2017-12-29,-2.99,-2.02,,
2017-12-30,-2.28,-2.05,,
2017-12-31,-2.24,-1.75,,
2018-01-01,-2.36,-1.85,,
2018-01-02,-1.64,-2.53,,
2018-01-03,-1.27,-2.28,,
2018-01-04,-0.61,-5.78,,
2018-01-05,-2.44,-6.37,,
2018-01-06,-3.64,-4.04,,
2018-01-07,-4.14,-3.60,,
2018-01-08,-4.39,-2.74,,
2018-01-09,-0.95,0.83,,
2018-01-10,-1.59,0.49,,
2018-01-11,-1.45,0.20,,
2018-01-12,-0.80,0.58,,
2018-01-13,-1.00,-0.87,,
2018-01-14,-2.04,-3.40,,
2018-01-15,-2.59,-5.56,,
2018-01-16,-3.17,-2.57,,
2018-01-17,-2.71,-2.52,,
2018-01-18,-3.08,-4.56,,
2018-01-19,-3.64,-4.34,,
2018-01-20,-3.56,-2.14,,
2018-01-21,-2.85,-1.65,,
2018-01-22,-2.63,-1.70,,
2018-01-23,-1.79,-1.26,,
2018-01-24,-3.20,-2.59,,
2018-01-25,-3.55,-2.98,,
2018-01-26,-4.41,-2.44,,
2018-01-27,-4.35,-1.67,,
2018-01-28,-3.07,-1.50,,
2018-01-29,-2.73,-1.77,,
2018-01-30,-2.02,-3.49,,
2018-01-31,-3.32,-3.96,,
2018-02-01,-2.89,-0.94,,
2018-02-02,-1.89,-1.00,,
2018-02-03,-3.07,-1.57,,
2018-02-04,-2.41,-0.51,,
2018-02-05,-1.60,-1.60,,
2018-02-06,-3.66,-2.38,,
2018-02-07,-3.16,-0.96,,
2018-02-08,-2.79,-1.74,,
2018-02-09,-2.69,-0.92,,
2018-02-10,-2.32,-0.66,,
2018-02-11,-2.30,-1.07,,
2018-02-12,-2.40,-0.97,,
2018-02-13,-3.85,-2.13,,
2018-02-14,-4.99,-2.54,,
2018-02-15,-4.33,-2.30,,
2018-02-16,-2.28,-1.21,,
2018-02-17,-3.12,-1.26,,
2018-02-18,-3.31,-1.76,,
2018-02-19,-2.37,-1.54,,
2018-02-20,-3.19,-1.36,,
2018-02-21,-3.64,-0.98,,
2018-02-22,-2.51,-1.12,,
2018-02-23,-2.77,-0.95,,
2018-02-24,-3.06,-0.48,,
2018-02-25,-1.53,-0.21,,
2018-02-26,-2.26,-0.91,,
2018-02-27,-2.90,-2.35,,
2018-02-28,-2.97,-2.16,,
2018-03-01,-1.72,0.70,,
2018-03-02,-1.21,-2.18,,
2018-03-03,-1.09,-3.16,,
2018-03-04,-1.72,-5.28,,
2018-03-05,-1.70,-4.93,,
2018-03-06,-2.34,-0.81,,
2018-03-07,-0.60,-1.65,,
2018-03-08,-1.36,-1.14,,
2018-03-09,-1.96,-1.90,,
2018-03-10,-3.49,-0.87,,
2018-03-11,-2.62,1.45,,
2018-03-12,-2.28,1.84,,
2018-03-13,1.06,1.84,,
2018-03-14,-0.14,1.02,,
2018-03-15,-0.61,-1.99,,
2018-03-16,-0.81,-1.35,,
2018-03-17,-1.05,-1.61,,
2018-03-18,-1.15,-1.77,,
2018-03-19,-1.68,-0.58,,
2018-03-20,-0.63,1.82,,
2018-03-21,-2.16,1.20,,
2018-03-22,-1.26,-3.47,,
2018-03-23,-2.62,-4.94,,
2018-03-24,-3.76,-3.51,,
2018-03-25,-2.95,-1.07,,
2018-03-26,-2.92,-2.04,,
2018-03-27,-3.85,-3.01,,
2018-03-28,-2.94,-0.63,,
2018-03-29,-2.64,-0.96,,
2018-03-30,-3.06,-1.77,,
2018-03-31,-2.51,-2.03,,
2018-04-01,-2.05,-0.83,,
2018-04-02,-1.60,-0.11,,
2018-04-03,-1.51,-0.91,,
2018-04-04,-0.48,-1.38,,
2018-04-05,-1.27,-1.27,,
2018-04-06,-1.87,-0.91,,
2018-04-07,-0.69,1.29,,
2018-04-08,-1.66,1.91,,
2018-04-09,0.09,-1.33,,
2018-04-10,-0.16,-1.55,,
2018-04-11,0.20,-1.64,,
2018-04-12,-1.39,-1.55,,
2018-04-13,-2.21,-0.94,,
2018-04-14,-1.50,0.61,,
2018-04-15,-1.96,0.45,,
2018-04-16,1.41,-1.06,,
2018-04-17,-1.66,-2.37,,
2018-04-18,-2.11,-1.42,,
2018-04-19,-0.48,-1.09,,
2018-04-20,-1.35,-1.13,,
2018-04-21,-2.36,-1.59,,
2018-04-22,-1.03,-1.23,,
2018-04-23,0.37,-1.37,,
2018-04-24,-0.94,-1.44,,
2018-04-25,-0.62,-1.70,,
2018-04-26,-0.83,0.61,,
2018-04-27,-1.47,1.75,,
2018-04-28,-2.08,1.94,,
2018-04-29,-0.74,-0.82,,
2018-04-30,-0.55,-1.43,,
2018-05-01,-1.29,-0.37,,
2018-05-02,-0.89,-0.80,,
2018-05-03,-2.13,-1.04,,
2018-05-04,-1.06,-1.17,,
2018-05-05,-1.13,0.98,,
2018-05-06,-2.54,3.13,,
2018-05-07,-2.36,4.08,,
2018-05-08,-2.19,3.78,,
2018-05-09,-1.83,1.10,,
2018-05-10,-1.12,0.32,,
2018-05-11,-1.14,-0.33,,
2018-05-12,-1.08,-0.43,,
2018-05-13,-1.31,0.23,,
2018-05-14,-1.34,1.84,,
2018-05-15,-1.96,0.31,,
2018-05-16,-1.63,0.66,,
2018-05-17,-1.49,0.18,,
2018-05-18,-1.10,-0.93,,
2018-05-19,-1.82,-0.10,,
2018-05-20,-1.51,-0.38,,
2018-05-21,-2.01,0.46,,
2018-05-22,-1.38,-0.10,,
2018-05-23,-1.57,0.57,,
2018-05-24,-1.76,0.06,,
2018-05-25,-1.98,0.14,,
2018-05-26,-3.77,3.51,,
2018-05-27,-4.38,5.22,,
2018-05-28,-3.72,4.28,,
2018-05-29,-2.79,2.89,,
2018-05-30,-1.64,0.80,,
2018-05-31,1.46,-0.18,,
2018-06-01,1.07,-0.61,,
2018-06-02,1.61,0.08,,
2018-06-03,0.95,-1.31,,
2018-06-04,1.24,-0.29,,
2018-06-05,1.41,0.49,,
2018-06-06,1.89,0.51,,
2018-06-07,0.68,1.19,,
2018-06-08,-1.56,-1.30,,
2018-06-09,-2.12,-1.32,,
2018-06-10,-0.84,-1.11,,
2018-06-11,-0.94,-0.23,,
2018-06-12,0.81,-1.07,,
2018-06-13,-1.92,-0.13,,
2018-06-14,-1.93,-0.03,,
2018-06-15,-2.47,0.48,,
2018-06-16,-1.36,0.75,,
2018-06-17,1.25,0.87,,
2018-06-18,1.33,-0.59,,
2018-06-19,0.39,-1.27,,
2018-06-20,-1.44,0.87,,
2018-06-21,-1.11,0.69,,
2018-06-22,-1.39,0.17,,
2018-06-23,-1.63,-0.20,,
2018-06-24,-1.40,-0.15,,
2018-06-25,-1.88,-0.07,,
2018-06-26,-1.93,-1.25,,
2018-06-27,-1.18,0.89,,
2018-06-28,2.04,-0.25,,
2018-06-29,1.28,-0.47,,
2018-06-30,0.97,0.73,,
2018-07-01,-1.59,-2.04,,
2018-07-02,-1.76,-0.90,,
2018-07-03,-0.58,1.50,,
2018-07-04,-0.48,-1.32,,
2018-07-05,-2.10,-1.31,,
2018-07-06,-1.64,-0.91,,
2018-07-07,-0.93,-1.61,,
2018-07-08,-1.57,-1.14,,
2018-07-09,-2.57,-1.55,,
2018-07-10,-2.20,-1.48,,
2018-07-11,-0.40,-1.15,,
2018-07-12,1.76,-0.25,,
2018-07-13,-2.00,-0.89,,
2018-07-14,-0.31,-1.73,,
2018-07-15,-1.57,-1.32,,
2018-07-16,-1.78,-0.98,,
2018-07-17,-1.39,-0.48,,
2018-07-18,1.32,-1.19,,
2018-07-19,-1.28,-1.59,,
2018-07-20,-1.48,-1.00,,
2018-07-21,1.13,-0.94,,
2018-07-22,1.61,-1.50,,
2018-07-23,-0.90,-0.75,,
2018-07-24,-0.83,-0.86,,
2018-07-25,-0.39,-0.93,,
2018-07-26,-1.00,-0.70,,
2018-07-27,-1.39,-0.45,,
2018-07-28,-1.40,-0.27,,
2018-07-29,-1.18,-0.25,,
2018-07-30,-0.10,-1.41,,
2018-07-31,-0.70,-1.12,,
2018-08-01,-1.46,-0.88,,
2018-08-02,-1.54,-0.41,,
2018-08-03,-0.15,-1.42,,
2018-08-04,-1.21,-1.13,,
2018-08-05,-2.10,-1.22,,
2018-08-06,-1.78,-1.03,,
2018-08-07,-1.03,-0.93,,
2018-08-08,-2.22,-1.08,,
2018-08-09,-1.88,-1.57,,
2018-08-10,-2.12,-0.00,,
2018-08-11,1.51,-0.08,,
2018-08-12,-1.29,-2.15,,
2018-08-13,-2.36,-1.36,,
2018-08-14,-1.24,-1.19,,
2018-08-15,-1.15,0.06,,
2018-08-16,-1.90,-1.14,,
2018-08-17,-1.64,-1.07,,
2018-08-18,-1.00,-0.84,,
2018-08-19,0.87,0.68,,
2018-08-20,-1.32,-0.89,,
2018-08-21,-1.71,-0.69,,
2018-08-22,-1.21,-0.54,,
2018-08-23,-0.32,-1.53,,
2018-08-24,-1.85,-1.02,,
2018-08-25,-1.50,-0.80,,
2018-08-26,-1.85,-1.16,,
2018-08-27,-2.41,-1.17,,
2018-08-28,-1.60,-0.75,,
2018-08-29,-1.79,-0.76,,
2018-08-30,-1.51,-1.18,,
2018-08-31,-1.63,-1.18,,
2018-09-01,-0.94,-0.87,,
2018-09-02,0.77,-0.80,,
2018-09-03,-1.38,-1.53,,
2018-09-04,-2.83,-1.09,,
2018-09-05,1.10,0.96,,
2018-09-06,-1.35,1.10,,
2018-09-07,-1.39,-0.94,,
2018-09-08,-1.40,-1.13,,
2018-09-09,-1.50,-0.16,,
2018-09-10,-1.33,0.19,,
2018-09-11,-1.22,0.11,,
2018-09-12,-2.00,-0.10,,
2018-09-13,-0.87,-0.97,,
2018-09-14,-1.28,-1.12,,
2018-09-15,-0.81,-3.02,,
2018-09-16,-1.32,-2.19,,
2018-09-17,-2.57,1.67,,
2018-09-18,-2.12,1.43,,
2018-09-19,-1.57,-0.87,,
2018-09-20,-2.32,-1.75,,
2018-09-21,-1.69,-1.05,,
2018-09-22,-1.29,-1.04,,
2018-09-23,-1.65,-1.24,,
2018-09-24,-2.06,-1.05,,
2018-09-25,-2.37,-1.05,,
2018-09-26,-2.41,-1.17,,
2018-09-27,-1.66,-0.81,,
2018-09-28,-2.05,-1.04,,
2018-09-29,-1.98,-1.29,,
2018-09-30,-2.72,-1.90,,
2018-10-01,-2.39,-1.32,,
2018-10-02,-1.56,-0.86,,
2018-10-03,-1.53,-0.35,,
2018-10-04,-1.87,0.43,,
2018-10-05,-1.57,0.45,,
2018-10-06,-1.60,1.60,,
2018-10-07,-2.21,0.80,,
2018-10-08,-2.11,2.27,,
2018-10-09,-2.47,2.94,,
2018-10-10,-0.55,-1.30,,
2018-10-11,-1.01,-0.76,,
2018-10-12,-1.65,1.11,,
2018-10-13,-1.14,0.69,,
2018-10-14,-1.98,0.10,,
2018-10-15,-2.09,0.52,,
2018-10-16,-1.30,-0.72,,
2018-10-17,-2.20,-1.22,,
2018-10-18,-2.83,-1.51,,
2018-10-19,-3.12,-1.26,,
2018-10-20,-2.54,-1.08,,
2018-10-21,-2.39,-2.15,,
2018-10-22,-2.78,-1.94,,
2018-10-23,-1.92,-1.44,,
2018-10-24,-1.47,-1.75,,
2018-10-25,-1.67,-1.40,,
2018-10-26,-1.22,0.24,,
2018-10-27,-0.83,-0.69,,
2018-10-28,-1.75,-2.41,,
2018-10-29,-2.22,-2.65,,
2018-10-30,-2.59,-2.25,,
2018-10-31,-3.20,-1.70,,
2018-11-01,-2.14,-0.57,,
2018-11-02,-2.18,0.08,,
2018-11-03,-1.66,-1.16,,
2018-11-04,-2.17,-1.26,,
2018-11-05,-1.86,-0.95,,
2018-11-06,-2.01,-1.16,,
2018-11-07,-2.05,-1.00,,
2018-11-08,-1.93,-1.30,,
2018-11-09,-2.04,-1.97,,
2018-11-10,-2.38,-2.55,,
2018-11-11,-2.92,-2.45,,
2018-11-12,-2.69,-1.20,,
2018-11-13,-1.72,-0.88,,
2018-11-14,-2.04,-2.11,,
2018-11-15,-1.40,-0.68,,
2018-11-16,-1.23,0.38,,
2018-11-17,-2.40,-2.09,,
2018-11-18,-1.90,-1.48,,
2018-11-19,-2.44,-1.35,,
2018-11-20,-1.60,-1.55,,
2018-11-21,-2.39,-2.01,,
2018-11-22,-1.92,-1.34,,
2018-11-23,-1.77,-1.54,,
2018-11-24,-0.96,-0.78,,
2018-11-25,-1.20,-1.00,,
2018-11-26,-1.97,-1.54,,
2018-11-27,-0.55,-1.37,,
2018-11-28,-0.99,-1.22,,
2018-11-29,-1.89,-1.64,,
2018-11-30,-2.89,-1.17,,
2018-12-01,-1.28,0.23,,
2018-12-02,-2.01,0.58,,
2018-12-03,-1.92,0.17,,
2018-12-04,-0.94,-1.69,,
2018-12-05,-1.15,-2.36,,
2018-12-06,-3.16,-2.56,,
2018-12-07,-3.09,-1.31,,
2018-12-08,-2.34,-0.94,,
2018-12-09,-1.88,0.10,,
2018-12-10,-0.29,-1.38,,
2018-12-11,-1.05,-2.15,,
2018-12-12,-3.35,-3.24,,
2018-12-13,-2.68,-1.43,,
2018-12-14,-1.72,0.33,,
2018-12-15,-1.14,-0.74,,
2018-12-16,-0.70,-1.65,,
2018-12-17,-0.20,-1.14,,
2018-12-18,-2.10,-1.96,,
2018-12-19,-1.41,-0.25,,
2018-12-20,-3.05,3.05,,
2018-12-21,-1.46,3.62,,
2018-12-22,-1.43,-4.40,,
2018-12-23,-3.47,-2.34,,
2018-12-24,-3.34,-2.43,,
2018-12-25,-2.44,-1.53,,
2018-12-26,-1.71,-0.95,,
2018-12-27,-2.67,-0.09,,
2018-12-28,-2.45,-0.56,,
2018-12-29,-2.69,-1.31,,
2018-12-30,-2.99,-1.15,,
2018-12-31,-3.39,-0.78,,
2019-01-01,-3.09,-1.13,,
2019-01-02,-3.38,-1.16,,
2019-01-03,-2.80,-1.75,,
2019-01-04,-1.76,0.25,,
2019-01-05,0.84,-1.29,,
2019-01-06,-1.65,-2.19,,
2019-01-07,-2.22,-1.23,,
2019-01-08,-1.77,-0.94,,
2019-01-09,-0.58,-1.43,,
2019-01-10,-0.70,-1.93,,
2019-01-11,-1.28,-2.05,,
2019-01-12,-2.62,-1.06,,
2019-01-13,-2.28,-0.83,,
2019-01-14,-1.93,-2.15,,
2019-01-15,-1.78,-1.72,,
2019-01-16,-1.78,-1.11,,
2019-01-17,-2.16,-1.88,,
2019-01-18,-2.17,-1.76,,
2019-01-19,-2.53,-0.77,,
2019-01-20,-1.62,0.43,,
2019-01-21,-1.79,-2.76,,
2019-01-22,-4.46,-2.90,,
2019-01-23,-3.35,-0.90,,
2019-01-24,-1.67,-0.85,,
2019-01-25,-1.50,-0.55,,
2019-01-26,1.91,-0.07,,
2019-01-27,-2.54,2.92,,
2019-01-28,-0.69,4.92,,
2019-01-29,1.69,1.18,,
2019-01-30,-2.61,-4.34,,
2019-01-31,-2.40,-1.39,,
2019-02-01,-2.01,-0.89,,
2019-02-02,0.77,-1.19,,
2019-02-03,-1.15,-1.53,,
2019-02-04,-0.94,-1.57,,
2019-02-05,-1.83,-2.18,,
2019-02-06,-2.92,-2.45,,
2019-02-07,-2.62,-1.28,,
2019-02-08,-3.22,-2.17,,
2019-02-09,-2.98,-2.01,,
2019-02-10,-2.98,-0.91,,
2019-02-11,-1.95,-1.22,,
2019-02-12,-1.50,-1.09,,
2019-02-13,-1.91,0.66,,
2019-02-14,-1.70,0.87,,
2019-02-15,-2.11,-0.52,,
2019-02-16,-1.03,1.14,,
2019-02-17,-1.84,0.74,,
2019-02-18,1.21,-1.39,,
2019-02-19,-0.77,-1.74,,
2019-02-20,-2.02,0.21,,
2019-02-21,-1.93,0.78,,
2019-02-22,-1.76,-1.10,,
2019-02-23,-2.31,0.28,,
2019-02-24,-1.88,0.10,,
2019-02-25,-1.89,-1.00,,
2019-02-26,-2.41,-0.74,,
2019-02-27,-2.18,-1.36,,
2019-02-28,-1.62,-0.72,,
2019-03-01,-1.62,-0.26,,
2019-03-02,-1.83,-0.85,,
2019-03-03,-1.14,-0.20,,
2019-03-04,-1.53,-1.11,,
2019-03-05,-0.33,-1.57,,
2019-03-06,-1.33,-2.85,,
2019-03-07,-2.87,-2.68,,
2019-03-08,-2.84,-1.45,,
2019-03-09,-1.74,-0.74,,
2019-03-10,-1.79,-0.99,,
2019-03-11,-2.23,-0.68,,
2019-03-12,-2.47,-0.66,,
2019-03-13,-2.20,-0.31,,
2019-03-14,-2.11,-0.49,,
2019-03-15,-1.62,-1.31,,
2019-03-16,-1.93,-2.00,,
2019-03-17,-1.22,-1.27,,
2019-03-18,-0.95,1.13,,
2019-03-19,-0.02,-1.26,,
2019-03-20,-0.44,1.63,,
2019-03-21,1.77,0.68,,
2019-03-22,0.50,-2.00,,
2019-03-23,-1.62,-0.72,,
2019-03-24,-1.32,-1.47,,
2019-03-25,-1.96,-0.49,,
2019-03-26,-0.53,-1.46,,
2019-03-27,-0.61,-1.52,,
2019-03-28,-1.47,-4.27,,
2019-03-29,-2.03,-3.98,,
2019-03-30,-1.80,0.22,,
2019-03-31,-0.68,-1.22,,
2019-04-01,-1.55,-1.01,,
2019-04-02,-1.41,-0.63,,
2019-04-03,-2.55,-2.38,,
2019-04-04,-2.64,-0.09,,
2019-04-05,-0.63,-1.05,,
2019-04-06,-1.15,-0.42,,
2019-04-07,-1.19,-0.43,,
2019-04-08,-0.98,-0.50,,
2019-04-09,-1.52,0.99,,
2019-04-10,-2.51,3.22,,
2019-04-11,-1.62,3.48,,
2019-04-12,-1.19,0.61,,
2019-04-13,-1.35,1.17,,
2019-04-14,-2.12,1.13,,
2019-04-15,0.75,-0.96,,
2019-04-16,-1.74,-0.89,,
2019-04-17,-1.60,0.20,,
2019-04-18,-1.69,0.79,,
2019-04-19,-2.36,1.78,,
2019-04-20,-1.56,-0.27,,
2019-04-21,-0.73,-1.32,,
2019-04-22,-1.28,-1.43,,
2019-04-23,-1.78,-1.49,,
2019-04-24,-1.84,-1.06,,
2019-04-25,-1.21,0.64,,
2019-04-26,-1.18,0.86,,
2019-04-27,0.67,-1.21,,
2019-04-28,-1.15,-0.16,,
2019-04-29,-2.31,-1.34,,
2019-04-30,-2.31,-1.34,,
2019-05-01,-0.86,-0.86,,
2019-05-02,-1.97,0.31,,
2019-05-03,-1.84,1.19,,
2019-05-04,-1.71,0.95,,
2019-05-05,-1.48,0.79,,
2019-05-06,-1.80,0.22,,
2019-05-07,1.55,-1.17,,
2019-05-08,-1.29,-0.77,,
2019-05-09,-1.28,-0.52,,
2019-05-10,-1.08,-0.50,,
2019-05-11,-1.52,0.30,,
2019-05-12,-1.35,1.40,,
2019-05-13,-1.52,0.35,,
2019-05-14,-1.57,0.94,,
2019-05-15,-1.46,1.06,,
2019-05-16,-1.75,2.02,,
2019-05-17,-1.07,1.64,,
2019-05-18,1.13,0.04,,
2019-05-19,-1.25,0.04,,
2019-05-20,-0.81,-1.08,,
2019-05-21,-1.01,0.56,,
2019-05-22,-1.14,0.18,,
2019-05-23,-1.63,-0.79,,
2019-05-24,-2.26,-1.36,,
2019-05-25,-1.64,0.14,,
2019-05-26,-1.28,-0.62,,
2019-05-27,-1.71,-0.73,,
2019-05-28,-1.40,0.32,,
2019-05-29,-1.51,-0.80,,
2019-05-30,-1.84,0.56,,
2019-05-31,-1.41,0.49,,
2019-06-01,-1.60,1.08,,
2019-06-02,-1.07,0.43,,
2019-06-03,-1.02,-1.02,,
2019-06-04,-0.68,-0.90,,
2019-06-05,-1.04,-0.75,,
2019-06-06,-0.82,-1.01,,
2019-06-07,-1.01,-0.29,,
2019-06-08,-1.76,1.59,,
2019-06-09,1.24,-0.48,,
2019-06-10,1.65,0.29,,
2019-06-11,-1.11,-1.28,,
2019-06-12,-1.66,0.64,,
2019-06-13,1.40,-0.07,,
2019-06-14,1.42,0.15,,
2019-06-15,-1.01,-0.85,,
2019-06-16,-1.14,-0.28,,
2019-06-17,-1.73,-0.40,,
2019-06-18,-1.91,-0.44,,
2019-06-19,-1.79,-2.29,,
2019-06-20,2.08,-0.40,,
2019-06-21,-1.91,-1.06,,
2019-06-22,-1.46,-2.33,,
2019-06-23,-1.43,-1.16,,
2019-06-24,1.46,-1.51,,
2019-06-25,0.46,-1.15,,
2019-06-26,-1.99,-1.15,,
2019-06-27,-2.10,-1.36,,
2019-06-28,-2.11,-1.71,,
2019-06-29,-0.92,-2.06,,
2019-06-30,0.04,-2.39,,
2019-07-01,1.87,-0.54,,
2019-07-02,0.00,-1.81,,
2019-07-03,-1.62,0.31,,
2019-07-04,-1.14,0.77,,
2019-07-05,0.75,-1.06,,
2019-07-06,-2.46,-1.15,,
2019-07-07,1.08,-0.98,,
2019-07-08,1.67,-0.12,,
2019-07-09,-1.29,-0.07,,
2019-07-10,-0.64,-1.76,,
2019-07-11,-1.02,1.45,,
2019-07-12,-1.45,-1.13,,
2019-07-13,-0.85,-0.34,,
2019-07-14,-1.50,-0.94,,
2019-07-15,-1.39,-1.16,,
2019-07-16,0.79,-1.17,,
2019-07-17,-1.53,-0.92,,
2019-07-18,-2.06,-1.19,,
2019-07-19,-1.48,-1.70,,
2019-07-20,-1.38,-1.70,,
2019-07-21,-2.33,-0.80,,
2019-07-22,-1.03,-1.37,,
2019-07-23,-1.22,-0.68,,
2019-07-24,-0.96,1.14,,
2019-07-25,-0.96,-1.37,,
2019-07-26,-1.58,0.36,,
2019-07-27,-0.16,-1.88,,
2019-07-28,-0.63,-2.07,,
2019-07-29,-1.80,-1.26,,
2019-07-30,-0.80,-1.71,,
2019-07-31,-2.15,-0.70,,
2019-08-01,0.25,-1.29,,
2019-08-02,-1.57,0.08,,
2019-08-03,-0.09,-1.34,,
2019-08-04,-1.45,-1.17,,
2019-08-05,1.05,-1.34,,
2019-08-06,1.55,0.03,,
2019-08-07,-2.35,-1.00,,
2019-08-08,-1.55,-0.30,,
2019-08-09,-1.43,-0.38,,
2019-08-10,-1.31,-1.88,,
2019-08-11,1.26,-1.13,,
2019-08-12,-2.42,-1.57,,
2019-08-13,-0.90,-1.50,,
2019-08-14,-1.69,0.45,,
2019-08-15,1.45,-0.26,,
2019-08-16,-1.49,-0.24,,
2019-08-17,-1.21,-0.49,,
2019-08-18,-2.11,-0.33,,
2019-08-19,-1.89,-0.51,,
2019-08-20,-1.10,-1.26,,
2019-08-21,-0.79,-1.42,,
2019-08-22,-1.27,-1.27,,
2019-08-23,-1.55,-0.08,,
2019-08-24,-1.52,-0.49,,
2019-08-25,-1.23,0.26,,
2019-08-26,-0.79,1.05,,
2019-08-27,1.83,-0.97,,
2019-08-28,-1.89,-0.13,,
2019-08-29,-0.74,-1.44,,
2019-08-30,-0.94,1.39,,
2019-08-31,-1.22,1.22,,
2019-09-01,-1.07,0.75,,
2019-09-02,-0.71,1.34,,
2019-09-03,-1.45,0.10,,
2019-09-04,-1.37,0.10,,
2019-09-05,-1.17,-0.27,,
2019-09-06,-1.36,-2.35,,
2019-09-07,-1.94,-1.87,,
2019-09-08,-1.24,0.04,,
2019-09-09,-1.30,-0.69,,
2019-09-10,-2.14,-1.34,,
2019-09-11,-1.48,-1.08,,
2019-09-12,-0.40,1.51,,
2019-09-13,-0.80,0.86,,
2019-09-14,-1.40,-0.38,,
2019-09-15,-0.72,-0.63,,
2019-09-16,-1.09,-2.05,,
2019-09-17,-0.92,-1.89,,
2019-09-18,-0.05,-3.06,,
2019-09-19,-0.77,-1.90,,
2019-09-20,-1.74,1.74,,
2019-09-21,-1.68,0.78,,
2019-09-22,0.11,1.53,,
2019-09-23,1.35,0.57,,
2019-09-24,1.63,0.17,,
2019-09-25,1.77,-0.16,,
2019-09-26,0.13,1.90,,
2019-09-27,-1.20,3.30,,
2019-09-28,-1.17,-0.52,,
2019-09-29,-1.16,-2.18,,
2019-09-30,-3.02,0.75,,
2019-10-01,-2.52,3.35,,
2019-10-02,-2.36,3.37,,
2019-10-03,-2.26,3.00,,
2019-10-04,-1.77,1.38,,
2019-10-05,-0.85,1.73,,
2019-10-06,-1.63,2.09,,
2019-10-07,-2.59,2.41,,
2019-10-08,-1.30,-0.40,,
2019-10-09,-1.87,-0.36,,
2019-10-10,-1.74,-0.92,,
2019-10-11,-1.51,-1.51,,
2019-10-12,-2.07,-0.88,,
2019-10-13,-2.31,-0.32,,
2019-10-14,-1.02,0.22,,
2019-10-15,-1.36,-1.36,,
2019-10-16,-1.11,-0.32,,
2019-10-17,-0.45,-1.06,,
2019-10-18,-1.10,0.06,,
2019-10-19,-1.76,0.97,,
2019-10-20,-1.09,0.71,,
2019-10-21,-1.64,-0.00,,
2019-10-22,1.30,-0.52,,
2019-10-23,-2.20,-1.17,,
2019-10-24,-2.21,-1.08,,
2019-10-25,-1.65,-0.14,,
2019-10-26,-1.39,0.12,,
2019-10-27,-1.42,-0.60,,
2019-10-28,-2.08,-1.51,,
2019-10-29,-1.91,-0.93,,
2019-10-30,-2.31,-1.18,,
2019-10-31,-1.63,-0.53,,
2019-11-01,-1.66,-1.00,,
2019-11-02,-1.73,-1.21,,
2019-11-03,-1.80,-0.92,,
2019-11-04,-2.27,-0.74,,
2019-11-05,-2.13,-0.82,,
2019-11-06,-2.50,-1.28,,
2019-11-07,-2.42,-1.63,,
2019-11-08,-1.61,-1.50,,
2019-11-09,-1.17,-0.73,,
2019-11-10,-1.20,-1.00,,
2019-11-11,-1.96,-1.33,,
2019-11-12,-2.05,-0.51,,
2019-11-13,-0.98,-0.46,,
2019-11-14,-1.29,-0.78,,
2019-11-15,-1.56,-0.25,,
2019-11-16,1.18,0.38,,
2019-11-17,1.02,-1.40,,
2019-11-18,-0.82,-3.30,,
2019-11-19,-0.95,-3.10,,
2019-11-20,-2.04,-3.02,,
2019-11-21,-3.34,-2.91,,
2019-11-22,-3.41,-2.67,,
2019-11-23,-2.54,-1.91,,
2019-11-24,-2.05,-1.04,,
2019-11-25,-1.80,-1.35,,
2019-11-26,-2.66,-1.47,,
2019-11-27,-4.01,-2.32,,
2019-11-28,-3.33,-2.89,,
2019-11-29,-2.73,-3.14,,
2019-11-30,-2.73,-2.54,,
2019-12-01,-2.53,-0.92,,
2019-12-02,-1.24,-1.37,,
2019-12-03,-1.22,-2.62,,
2019-12-04,-1.09,-2.83,,
2019-12-05,-0.93,-3.72,,
2019-12-06,-2.54,-2.63,,
2019-12-07,-2.79,-2.88,,
2019-12-08,-2.39,-2.95,,
2019-12-09,-2.18,-0.83,,
2019-12-10,-2.33,-0.90,,
2019-12-11,-2.44,-1.64,,
2019-12-12,-3.77,-2.45,,
2019-12-13,-2.43,-1.18,,
2019-12-14,-1.31,-0.79,,
2019-12-15,-2.75,-1.59,,
2019-12-16,-2.41,-0.74,,
2019-12-17,-1.50,-1.01,,
2019-12-18,-1.00,-0.73,,
2019-12-19,-1.63,-1.06,,
2019-12-20,-2.54,-1.29,,
2019-12-21,-2.78,-1.18,,
2019-12-22,-1.80,-1.31,,
2019-12-23,-1.30,1.80,,
2019-12-24,0.35,2.88,,
2019-12-25,0.55,-3.89,,
2019-12-26,-0.56,-2.86,,
2019-12-27,-1.28,-2.04,,
2019-12-28,-1.93,-1.25,,
2019-12-29,-1.91,-0.85,,
2019-12-30,-1.70,0.33,,
2019-12-31,-1.55,-1.92,,
2020-01-01,-2.03,-1.04,,
2020-01-02,-1.42,-0.43,,
2020-01-03,-1.96,0.07,,
2020-01-04,-0.26,-1.82,,
2020-01-05,-1.44,-4.17,,
2020-01-06,-2.57,-4.11,,
2020-01-07,-2.53,-2.28,,
2020-01-08,-3.03,-3.61,,
2020-01-09,-3.76,-1.68,,
2020-01-10,-3.43,-0.98,,
2020-01-11,-3.32,-0.64,,
2020-01-12,-3.58,-1.59,,
2020-01-13,-3.47,-1.77,,
2020-01-14,-4.47,-1.90,,
2020-01-15,-4.55,-2.42,,
2020-01-16,-3.51,-1.94,,
2020-01-17,-4.87,-2.59,,
2020-01-18,-5.09,-2.59,,
2020-01-19,-2.62,-1.52,,
2020-01-20,-2.31,-0.93,,
2020-01-21,0.54,-2.55,,
2020-01-22,1.18,-5.57,,
2020-01-23,0.33,-4.76,,
2020-01-24,-1.31,-2.27,,
2020-01-25,-0.34,-2.43,,
2020-01-26,-0.49,-2.32,,
2020-01-27,-0.43,2.42,,
2020-01-28,1.13,1.09,,
2020-01-29,-0.71,1.10,,
2020-01-30,-1.08,0.91,,
2020-01-31,-1.96,0.21,,
2020-02-01,-0.54,-1.65,,
2020-02-02,-0.86,-3.43,,
2020-02-03,-2.21,-2.06,,
2020-02-04,-1.84,-1.06,,
2020-02-05,-2.21,0.59,,
2020-02-06,-2.98,2.33,,
2020-02-07,-4.03,3.89,,
2020-02-08,-1.25,-0.45,,
2020-02-09,-2.65,-1.79,,
2020-02-10,-1.85,-0.83,,
2020-02-11,-2.61,-1.22,,
2020-02-12,-2.10,-0.77,,
2020-02-13,-1.97,-1.43,,
2020-02-14,-1.84,-0.86,,
2020-02-15,-2.01,-2.24,,
2020-02-16,-2.32,-1.23,,
2020-02-17,-2.62,-1.52,,
2020-02-18,-2.70,-1.38,,
2020-02-19,-2.50,-1.68,,
2020-02-20,-2.30,-0.28,,
2020-02-21,0.85,-1.48,,
2020-02-22,0.10,-2.91,,
2020-02-23,-1.77,-2.53,,
2020-02-24,-2.17,-0.42,,
2020-02-25,-1.48,1.16,,
2020-02-26,-1.95,2.17,,
2020-02-27,-1.81,1.22,,
2020-02-28,-1.51,-2.72,,
2020-02-29,-2.66,-5.98,,
2020-03-01,-3.77,-3.90,,
2020-03-02,-3.60,-1.24,,
2020-03-03,-1.78,-0.54,,
2020-03-04,-1.29,0.72,,
2020-03-05,1.27,-1.41,,
2020-03-06,1.86,-0.68,,
2020-03-07,-0.92,-2.68,,
2020-03-08,-5.31,-5.13,,
2020-03-09,-6.04,-4.23,,
2020-03-10,-4.81,-3.37,,
2020-03-11,-2.17,-2.17,,
2020-03-12,-1.81,-1.88,,
2020-03-13,-1.99,-1.29,,
2020-03-14,-2.12,-1.13,,
2020-03-15,-2.96,-1.85,,
2020-03-16,-2.48,-0.85,,
2020-03-17,-2.74,-1.05,,
2020-03-18,-3.16,-1.09,,
2020-03-19,-2.82,-0.91,,
2020-03-20,-2.35,-0.72,,
2020-03-21,-2.68,-0.47,,
2020-03-22,-2.10,-0.49,,
2020-03-23,-2.48,-1.32,,
2020-03-24,-2.22,-0.90,,
2020-03-25,-0.93,-2.09,,
2020-03-26,-1.62,-2.81,,
2020-03-27,-2.08,-1.75,,
2020-03-28,-2.18,-0.23,,
2020-03-29,-1.63,-0.83,,
2020-03-30,-1.92,-1.29,,
2020-03-31,0.97,0.87,,
2020-04-01,0.32,1.39,,
2020-04-02,0.72,-1.26,,
2020-04-03,-0.66,-1.93,,
2020-04-04,-0.76,-1.98,,
2020-04-05,0.68,2.08,,
2020-04-06,-1.59,-1.33,,
2020-04-07,-1.26,-2.83,,
2020-04-08,-1.71,-2.18,,
2020-04-09,-0.63,-2.35,,
2020-04-10,0.15,-2.20,,
2020-04-11,-0.64,-1.77,,
2020-04-12,-1.85,1.61,,
2020-04-13,0.92,1.47,,
2020-04-14,-0.55,-1.08,,
2020-04-15,-0.46,-0.99,,
2020-04-16,-1.24,0.40,,
2020-04-17,-1.28,-1.00,,
2020-04-18,-1.29,-0.77,,
2020-04-19,-1.20,0.39,,
2020-04-20,-2.23,2.31,,
2020-04-21,-1.98,1.85,,
2020-04-22,-0.59,-1.32,,
2020-04-23,-1.30,1.66,,
2020-04-24,-2.27,1.71,,
2020-04-25,-1.78,2.05,,
2020-04-26,1.19,-1.07,,
2020-04-27,1.27,0.70,,
2020-04-28,-0.97,-1.61,,
2020-04-29,-0.52,0.97,,
2020-04-30,-1.17,0.23,,
2020-05-01,-0.77,0.77,,
2020-05-02,-1.33,-0.05,,
2020-05-03,-1.66,-1.20,,
2020-05-04,-1.54,-0.53,,
2020-05-05,-1.07,-0.69,,
2020-05-06,-0.38,-1.52,,
2020-05-07,1.42,-0.38,,
2020-05-08,-1.29,0.35,,
2020-05-09,-0.95,1.52,,
2020-05-10,-1.85,0.71,,
2020-05-11,-1.95,2.33,,
2020-05-12,1.56,-0.39,,
2020-05-13,-0.82,-1.42,,
2020-05-14,-1.20,1.29,,
2020-05-15,-2.36,2.20,,
2020-05-16,-2.24,2.09,,
2020-05-17,-1.60,0.55,,
2020-05-18,-1.58,0.64,,
2020-05-19,-1.82,1.53,,
2020-05-20,-1.74,2.08,,
2020-05-21,-0.03,1.60,,
2020-05-22,-1.21,-0.82,,
2020-05-23,-1.81,0.22,,
2020-05-24,-1.97,2.35,,
2020-05-25,-2.42,3.10,,
2020-05-26,-1.36,2.26,,
2020-05-27,1.56,-0.30,,
2020-05-28,-1.20,-1.00,,
2020-05-29,-0.36,1.25,,
2020-05-30,-1.06,1.18,,
2020-05-31,-1.90,1.10,,
2020-06-01,0.13,1.47,,
2020-06-02,-0.69,0.99,,
2020-06-03,-1.73,0.92,,
2020-06-04,-2.57,2.40,,
2020-06-05,-3.01,3.34,,
2020-06-06,-3.11,3.01,,
2020-06-07,-2.36,2.72,,
2020-06-08,-2.10,0.81,,
2020-06-09,-0.35,-0.97,,
2020-06-10,-1.14,0.69,,
2020-06-11,-0.99,-0.78,,
2020-06-12,-1.22,0.44,,
2020-06-13,-1.02,0.09,,
2020-06-14,-0.95,-1.22,,
2020-06-15,-2.02,-1.17,,
2020-06-16,-0.39,-1.70,,
2020-06-17,0.12,-0.94,,
2020-06-18,-1.57,-1.75,,
2020-06-19,0.74,-1.28,,
2020-06-20,0.05,-1.52,,
2020-06-21,-1.43,-0.93,,
2020-06-22,0.59,-1.38,,
2020-06-23,-1.76,-1.53,,
2020-06-24,0.87,-1.45,,
2020-06-25,-1.92,-0.20,,
2020-06-26,-1.78,-1.78,,
2020-06-27,-1.99,-1.19,,
2020-06-28,0.94,-1.45,,
2020-06-29,0.98,-1.25,,
2020-06-30,-1.64,-0.50,,
2020-07-01,-1.12,-0.12,,
2020-07-02,-0.02,-1.09,,
2020-07-03,-1.55,-1.08,,
2020-07-04,-1.25,-0.94,,
2020-07-05,0.09,-1.76,,
2020-07-06,-1.93,-1.93,,
2020-07-07,0.46,-1.49,,
2020-07-08,-1.66,-1.39,,
2020-07-09,-1.71,0.99,,
2020-07-10,1.15,-1.19,,
2020-07-11,-1.64,-1.58,,
2020-07-12,-1.34,-0.91,,
2020-07-13,-1.68,-1.63,,
2020-07-14,-1.73,-1.17,,
2020-07-15,-1.42,-0.85,,
2020-07-16,-1.62,-0.47,,
2020-07-17,-1.40,-0.66,,
2020-07-18,-0.96,-0.47,,
2020-07-19,-2.05,-1.33,,
2020-07-20,-1.68,-0.55,,
2020-07-21,-0.55,-0.92,,
2020-07-22,-1.08,-0.60,,
2020-07-23,-1.54,0.14,,
2020-07-24,-1.70,-0.59,,
2020-07-25,-0.02,1.40,,
2020-07-26,-0.35,-1.32,,
2020-07-27,-1.45,-1.56,,
2020-07-28,-2.24,-0.81,,
2020-07-29,-2.27,-1.97,,
2020-07-30,-2.64,-3.38,,
2020-07-31,-1.82,-1.88,,
2020-08-01,-2.24,4.21,,
2020-08-02,-1.26,0.31,,
2020-08-03,-0.60,-1.24,,
2020-08-04,-0.97,-0.32,,
2020-08-05,-1.36,-0.55,,
2020-08-06,-1.94,-0.70,,
2020-08-07,-1.64,-0.60,,
2020-08-08,-2.36,-1.25,,
2020-08-09,-2.59,-1.26,,
2020-08-10,-2.95,-0.68,,
2020-08-11,-1.92,-0.78,,
2020-08-12,0.00,-1.44,,
2020-08-13,-2.20,-1.78,,
2020-08-14,-2.11,-1.22,,
2020-08-15,-1.36,-1.51,,
2020-08-16,-1.36,-1.27,,
2020-08-17,-1.51,0.27,,
2020-08-18,-1.14,-0.89,,
2020-08-19,-1.17,-1.95,,
2020-08-20,-2.01,1.46,,
2020-08-21,-1.80,1.30,,
2020-08-22,-1.14,-0.77,,
2020-08-23,-0.04,-2.40,,
2020-08-24,-1.58,4.58,,
2020-08-25,-1.89,0.30,,
2020-08-26,-2.00,0.97,,
2020-08-27,-1.70,0.36,,
2020-08-28,-1.69,-1.05,,
2020-08-29,-0.77,-2.11,,
2020-08-30,-0.60,-1.49,,
2020-08-31,-1.94,-1.46,,
2020-09-01,-3.08,-2.16,,
2020-09-02,-1.57,-0.08,,
2020-09-03,-1.91,-0.93,,
2020-09-04,-1.86,-1.03,,
2020-09-05,-1.36,-1.36,,
2020-09-06,-1.56,-0.66,,
2020-09-07,-1.74,0.74,,
2020-09-08,-2.00,0.39,,
2020-09-09,-1.13,-0.85,,
2020-09-10,-0.93,-0.90,,
2020-09-11,-1.04,0.32,,
2020-09-12,-1.02,-0.85,,
2020-09-13,-1.13,-0.04,,
2020-09-14,-1.11,0.12,,
2020-09-15,-1.12,0.57,,
2020-09-16,-0.74,0.88,,
2020-09-17,-1.47,0.78,,
2020-09-18,-0.37,-1.07,,
2020-09-19,-0.57,-1.76,,
2020-09-20,-1.43,-1.20,,
2020-09-21,-0.76,-1.43,,
2020-09-22,-0.98,-0.82,,
2020-09-23,-1.77,1.20,,
2020-09-24,-1.61,1.13,,
2020-09-25,-1.48,0.40,,
2020-09-26,-1.09,-0.98,,
2020-09-27,-1.50,-1.21,,
2020-09-28,-1.95,0.07,,
2020-09-29,-0.67,-0.92,,
2020-09-30,-2.09,-0.26,,
2020-10-01,-2.42,0.34,,
2020-10-02,-1.53,0.08,,
2020-10-03,-0.83,-0.92,,
2020-10-04,-1.21,-0.51,,
2020-10-05,-3.37,-0.00,,
2020-10-06,-4.90,4.57,,
2020-10-07,-1.55,2.14,,
2020-10-08,-1.83,-0.97,,
2020-10-09,-2.09,1.16,,
2020-10-10,-1.12,0.55,,
2020-10-11,-1.60,-1.44,,
2020-10-12,-1.88,-1.27,,
2020-10-13,-1.20,-0.66,,
2020-10-14,-1.83,-0.67,,
2020-10-15,-1.18,-0.34,,
2020-10-16,-1.80,-1.08,,
2020-10-17,-1.80,-1.86,,
2020-10-18,-2.16,-0.66,,
2020-10-19,-1.43,-0.33,,
2020-10-20,-1.45,0.65,,
2020-10-21,-2.18,1.83,,
2020-10-22,-2.62,3.13,,
2020-10-23,-2.62,3.89,,
2020-10-24,-3.35,4.13,,
2020-10-25,-4.02,4.16,,
2020-10-26,-3.45,3.10,,
2020-10-27,-1.44,-0.47,,
2020-10-28,-2.11,-0.77,,
2020-10-29,-1.41,-0.84,,
2020-10-30,-1.51,-1.41,,
2020-10-31,-2.30,-2.38,,
2020-11-01,-2.98,-2.01,,
2020-11-02,-3.55,-1.66,,
2020-11-03,-2.39,-0.92,,
2020-11-04,-2.61,-0.32,,
2020-11-05,-2.02,-1.58,,
2020-11-06,-1.42,-0.96,,
2020-11-07,-2.73,2.93,,
2020-11-08,1.92,5.91,,
2020-11-09,1.19,3.47,,
2020-11-10,0.29,3.35,,
2020-11-11,-1.14,-0.69,,
2020-11-12,-1.15,-3.01,,
2020-11-13,-1.84,-1.33,,
2020-11-14,-2.33,-1.18,,
2020-11-15,-2.95,-1.63,,
2020-11-16,-3.00,-1.09,,
2020-11-17,-2.30,-0.93,,
2020-11-18,-1.96,-1.33,,
2020-11-19,-3.75,-2.43,,
2020-11-20,-3.44,-1.75,,
2020-11-21,-2.50,-1.56,,
2020-11-22,-1.96,-1.18,,
2020-11-23,-1.34,-1.49,,
2020-11-24,-3.07,-2.76,,
2020-11-25,-3.29,-1.33,,
2020-11-26,-3.88,-2.07,,
2020-11-27,-2.75,-1.28,,
2020-11-28,-2.49,-1.81,,
2020-11-29,-1.55,-0.90,,
2020-11-30,-1.21,-0.88,,
2020-12-01,-1.73,-2.29,,
2020-12-02,-3.26,-2.83,,
2020-12-03,-3.92,-2.27,,
2020-12-04,-2.27,-0.52,,
2020-12-05,-0.53,-1.63,,
2020-12-06,-1.91,-1.01,,
2020-12-07,1.58,0.25,,
2020-12-08,1.52,-0.68,,
2020-12-09,-1.78,-5.81,,
2020-12-10,-2.53,-4.05,,
2020-12-11,-2.88,-1.28,,
2020-12-12,-2.43,-0.93,,
2020-12-13,-2.18,-1.31,,
2020-12-14,-2.02,-1.47,,
2020-12-15,-1.90,-1.38,,
2020-12-16,-1.35,0.60,,
2020-12-17,-1.63,-1.57,,
2020-12-18,-3.05,-3.27,,
2020-12-19,-3.54,-2.57,,
2020-12-20,-2.75,-1.00,,
2020-12-21,-1.85,-1.73,,
2020-12-22,-2.35,-2.80,,
2020-12-23,-2.50,-2.10,,
2020-12-24,-2.01,-1.03,,
2020-12-25,-0.65,-2.00,,
2020-12-26,-2.47,-6.12,,
2020-12-27,-2.62,-4.54,,
2020-12-28,-2.94,-3.15,,
2020-12-29,-3.93,-2.96,,
2020-12-30,-3.70,-1.72,,
2020-12-31,-2.17,-0.83,,
2021-01-01,-2.47,-1.21,,
2021-01-02,-2.89,-1.60,,
2021-01-03,-2.07,-0.96,,
2021-01-04,-2.15,-1.29,,
2021-01-05,-1.50,-1.72,,
2021-01-06,-1.76,-1.83,,
2021-01-07,-2.20,-1.22,,
2021-01-08,-1.55,0.16,,
2021-01-09,-1.60,-2.20,,
2021-01-10,-3.21,-2.69,,
2021-01-11,-3.21,-1.86,,
2021-01-12,-2.58,-1.55,,
2021-01-13,-1.53,-0.95,,
2021-01-14,-0.92,-1.80,,
2021-01-15,-1.43,1.00,,
2021-01-16,-0.24,-1.49,,
2021-01-17,-1.68,-1.46,,
2021-01-18,-2.34,-1.76,,
2021-01-19,-3.59,-2.81,,
2021-01-20,-3.33,-3.00,,
2021-01-21,-3.09,-2.59,,
2021-01-22,-2.51,-1.07,,
2021-01-23,-1.98,-1.49,,
2021-01-24,-2.48,-1.43,,
2021-01-25,-2.74,-0.43,,
2021-01-26,-1.49,-0.82,,
2021-01-27,-2.67,-0.92,,
2021-01-28,-1.81,-3.41,,
2021-01-29,-3.19,-4.56,,
2021-01-30,-4.36,-2.62,,
2021-01-31,-3.13,-1.46,,
2021-02-01,-1.12,-0.87,,
2021-02-02,0.79,-3.71,,
2021-02-03,-1.22,-5.74,,
2021-02-04,-2.74,-2.47,,
2021-02-05,-2.50,-0.09,,
2021-02-06,-2.21,1.44,,
2021-02-07,-2.35,0.33,,
2021-02-08,-2.13,-0.95,,
2021-02-09,-2.09,-1.02,,
2021-02-10,-2.10,-0.89,,
2021-02-11,-1.60,0.68,,
2021-02-12,-1.47,-0.00,,
2021-02-13,-2.17,0.83,,
2021-02-14,-2.34,1.35,,
2021-02-15,-2.03,1.27,,
2021-02-16,-1.63,0.56,,
2021-02-17,-1.03,-0.86,,
2021-02-18,-2.13,-0.53,,
2021-02-19,-1.56,0.08,,
2021-02-20,-0.40,-1.88,,
2021-02-21,-1.25,-1.39,,
2021-02-22,-2.52,-0.72,,
2021-02-23,-1.92,-1.55,,
2021-02-24,-1.70,-1.28,,
2021-02-25,-1.89,-1.18,,
2021-02-26,-2.36,-1.15,,
2021-02-27,-2.23,-1.18,,
2021-02-28,-2.58,-1.61,,
2021-03-01,-2.08,-1.20,,
2021-03-02,-1.49,-1.34,,
2021-03-03,-0.61,1.36,,
2021-03-04,1.00,-1.07,,
2021-03-05,1.03,-1.42,,
2021-03-06,-0.65,1.79,,
2021-03-07,-0.12,-2.30,,
2021-03-08,-3.29,-4.22,,
2021-03-09,-5.01,-3.77,,
2021-03-10,-3.83,-2.79,,
2021-03-11,-4.39,-2.85,,
2021-03-12,-3.55,-3.31,,
2021-03-13,-2.82,-1.43,,
2021-03-14,-1.93,-0.63,,
2021-03-15,-1.57,-0.84,,
2021-03-16,-2.23,0.27,,
2021-03-17,-1.42,1.37,,
2021-03-18,-1.56,-0.66,,
2021-03-19,-0.52,-1.61,,
2021-03-20,-0.82,-1.60,,
2021-03-21,-1.04,-0.68,,
2021-03-22,-0.69,-1.07,,
2021-03-23,-1.16,-0.14,,
2021-03-24,-1.36,0.50,,
2021-03-25,-1.68,-0.12,,
2021-03-26,-1.65,-0.84,,
2021-03-27,-1.82,-0.81,,
2021-03-28,-1.31,-1.40,,
2021-03-29,-1.94,-0.90,,
2021-03-30,-1.17,-1.06,,
2021-03-31,-2.10,-1.53,,
2021-04-01,-1.02,-1.22,,
2021-04-02,-0.06,-1.79,,
2021-04-03,-3.09,-3.20,,
2021-04-04,-4.85,-4.36,,
2021-04-05,-4.03,-2.82,,
2021-04-06,-2.97,-1.65,,
2021-04-07,-2.55,-1.24,,
2021-04-08,-1.96,-0.79,,
2021-04-09,-1.72,-0.21,,
2021-04-10,-1.75,1.52,,
2021-04-11,-2.29,1.99,,
2021-04-12,-2.07,2.30,,
2021-04-13,-1.87,-2.99,,
2021-04-14,-2.78,-2.09,,
2021-04-15,-2.95,-1.02,,
2021-04-16,-0.43,1.33,,
2021-04-17,-1.52,0.95,,
2021-04-18,-1.01,1.75,,
2021-04-19,-2.86,2.96,,
2021-04-20,-2.13,1.09,,
2021-04-21,-0.37,-1.73,,
2021-04-22,0.29,-1.62,,
2021-04-23,-1.41,-0.99,,
2021-04-24,-1.25,0.36,,
2021-04-25,-0.37,-0.84,,
2021-04-26,-1.20,-1.85,,
2021-04-27,-2.12,-1.84,,
2021-04-28,-2.45,-0.61,,
2021-04-29,-0.77,0.67,,
2021-04-30,-1.12,-0.67,,
2021-05-01,-0.67,-0.92,,
2021-05-02,-1.24,0.87,,
2021-05-03,-1.82,1.32,,
2021-05-04,-1.76,1.42,,
2021-05-05,-1.09,1.34,,
2021-05-06,-0.65,-0.55,,
2021-05-07,-0.45,-0.81,,
2021-05-08,-1.47,-0.75,,
2021-05-09,-0.98,-1.05,,
2021-05-10,-1.24,-0.90,,
2021-05-11,-2.11,-1.03,,
2021-05-12,1.00,-1.43,,
2021-05-13,1.34,-1.39,,
2021-05-14,-0.63,-2.19,,
2021-05-15,-1.07,-1.27,,
2021-05-16,-1.49,-1.25,,
2021-05-17,-1.67,-0.67,,
2021-05-18,-1.20,1.00,,
2021-05-19,0.35,1.00,,
2021-05-20,-2.11,-0.89,,
2021-05-21,-2.23,-1.39,,
2021-05-22,-2.68,-1.88,,
2021-05-23,-2.91,-1.75,,
2021-05-24,-2.35,-1.41,,
2021-05-25,-2.76,-1.28,,
2021-05-26,-1.68,-0.89,,
2021-05-27,-1.40,-1.61,,
2021-05-28,-0.84,-1.12,,
2021-05-29,-0.14,1.12,,
2021-05-30,-1.33,0.31,,
2021-05-31,-0.91,-1.46,,
2021-06-01,-2.00,-0.98,,
2021-06-02,-1.36,-1.22,,
2021-06-03,-1.89,-0.88,,
2021-06-04,-1.86,-1.16,,
2021-06-05,-1.30,-1.35,,
2021-06-06,-1.42,-0.89,,
2021-06-07,-1.93,-1.03,,
2021-06-08,-1.85,-0.90,,
2021-06-09,-1.44,-0.49,,
2021-06-10,-1.37,-0.47,,
2021-06-11,-0.06,-1.20,,
2021-06-12,-1.06,-0.15,,
2021-06-13,-1.48,0.54,,
2021-06-14,-2.07,1.62,,
2021-06-15,-1.96,1.13,,
2021-06-16,-1.62,0.56,,
2021-06-17,-1.33,0.07,,
2021-06-18,-0.38,-1.16,,
2021-06-19,-1.72,-0.69,,
2021-06-20,1.30,-0.60,,
2021-06-21,-1.12,-1.72,,
2021-06-22,-0.09,-1.36,,
2021-06-23,-0.63,-1.57,,
2021-06-24,-1.87,-0.68,,
2021-06-25,-1.11,-0.59,,
2021-06-26,-1.16,-0.81,,
2021-06-27,-1.62,-0.28,,
2021-06-28,-1.85,0.43,,
2021-06-29,-1.69,-1.32,,
2021-06-30,-0.96,-1.42,,
2021-07-01,-0.19,-1.55,,
2021-07-02,-1.79,-1.30,,
2021-07-03,-1.06,-2.00,,
2021-07-04,-3.06,2.76,,
2021-07-05,-3.69,5.28,,
2021-07-06,-1.65,0.95,,
2021-07-07,-1.05,-0.63,,
2021-07-08,-2.17,-1.26,,
2021-07-09,-2.14,-0.91,,
2021-07-10,-2.41,-0.78,,
2021-07-11,-1.59,-1.11,,
2021-07-12,-2.04,-1.97,,
2021-07-13,-2.65,-1.02,,
2021-07-14,-2.51,-1.07,,
2021-07-15,-2.03,-0.70,,
2021-07-16,-0.60,-0.96,,
2021-07-17,-2.13,-1.04,,
2021-07-18,-1.57,-0.94,,
2021-07-19,-1.26,-0.99,,
2021-07-20,-1.05,-1.34,,
2021-07-21,-2.00,-0.69,,
2021-07-22,-1.17,-2.20,,
2021-07-23,-1.12,-1.54,,
2021-07-24,-1.27,-1.27,,
2021-07-25,-0.95,-0.59,,
2021-07-26,-0.82,-1.01,,
2021-07-27,-0.99,-0.86,,
2021-07-28,-1.41,-0.95,,
2021-07-29,0.06,-1.07,,
2021-07-30,-1.60,-0.93,,
2021-07-31,-1.36,-1.14,,
2021-08-01,-1.95,-1.31,,
2021-08-02,-1.50,-1.26,,
2021-08-03,-1.43,-0.61,,
2021-08-04,-0.32,-1.06,,
2021-08-05,0.69,-1.35,,
2021-08-06,-1.32,-1.32,,
2021-08-07,-1.80,-0.38,,
2021-08-08,-1.41,-1.14,,
2021-08-09,-1.78,-0.61,,
2021-08-10,-1.94,-1.16,,
2021-08-11,-2.13,-1.79,,
2021-08-12,-1.69,-0.21,,
2021-08-13,-1.66,2.55,,
2021-08-14,-1.40,-1.02,,
2021-08-15,-1.14,-1.62,,
2021-08-16,-1.39,-2.51,,
2021-08-17,-1.34,-3.01,,
2021-08-18,-4.78,5.50,,
2021-08-19,-1.99,-0.68,,
2021-08-20,-1.03,-0.72,,
2021-08-21,-2.02,-1.08,,
2021-08-22,-1.31,-0.69,,
2021-08-23,-1.38,-0.93,,
2021-08-24,-3.08,-1.64,,
2021-08-25,-1.79,-0.91,,
2021-08-26,-3.12,1.39,,
2021-08-27,-4.62,5.50,,
2021-08-28,-1.93,0.52,,
2021-08-29,-1.64,-0.76,,
2021-08-30,-1.40,-0.65,,
2021-08-31,-0.85,0.51,,
2021-09-01,-1.62,1.01,,
2021-09-02,-1.58,-0.14,,
2021-09-03,-0.06,-1.24,,
2021-09-04,-1.73,-1.40,,
2021-09-05,-1.10,-1.18,,
2021-09-06,-1.55,-1.92,,
2021-09-07,-1.79,-0.84,,
2021-09-08,-1.20,-0.66,,
2021-09-09,-1.08,-0.25,,
2021-09-10,-1.00,-0.87,,
2021-09-11,-1.47,-0.42,,
2021-09-12,-0.76,-0.97,,
2021-09-13,-1.63,-0.87,,
2021-09-14,-0.38,-1.23,,
2021-09-15,-1.26,0.31,,
2021-09-16,-0.81,-0.61,,
2021-09-17,-1.87,-0.83,,
2021-09-18,-2.07,-1.74,,
2021-09-19,-1.59,-0.22,,
2021-09-20,-1.86,-1.03,,
2021-09-21,-2.25,-1.58,,
2021-09-22,-2.05,-1.28,,
2021-09-23,-0.89,0.29,,
2021-09-24,-0.93,-0.36,,
2021-09-25,-1.27,-1.52,,
2021-09-26,-1.37,-2.19,,
2021-09-27,-1.39,-1.49,,
2021-09-28,-1.64,-0.98,,
2021-09-29,-0.89,-0.52,,
2021-09-30,-1.52,-0.78,,
2021-10-01,-1.84,-1.29,,
2021-10-02,-2.30,-1.17,,
2021-10-03,-2.16,-0.96,,
2021-10-04,-1.00,-1.20,,
2021-10-05,-1.24,-0.24,,
2021-10-06,-2.29,-0.74,,
2021-10-07,-1.70,-1.15,,
2021-10-08,-1.91,-1.11,,
2021-10-09,-1.12,-0.36,,
2021-10-10,-0.86,0.14,,
2021-10-11,-1.32,0.70,,
2021-10-12,-1.31,-1.94,,
2021-10-13,-1.48,-0.21,,
2021-10-14,-1.42,-0.15,,
2021-10-15,-1.26,-0.29,,
2021-10-16,-1.46,-0.48,,
2021-10-17,-0.92,-0.75,,
2021-10-18,-1.69,-0.72,,
2021-10-19,-2.03,-1.22,,
2021-10-20,-2.46,-1.20,,
2021-10-21,-1.77,-0.79,,
2021-10-22,-1.94,-0.07,,
2021-10-23,-1.82,0.39,,
2021-10-24,-1.32,0.56,,
2021-10-25,-1.01,0.12,,
2021-10-26,-0.92,0.16,,
2021-10-27,-1.11,0.36,,
2021-10-28,-1.83,1.10,,
2021-10-29,-2.23,1.87,,
2021-10-30,-0.72,1.97,,
2021-10-31,-1.50,-0.64,,
2021-11-01,-1.42,-1.37,,
2021-11-02,-2.17,-1.52,,
2021-11-03,-2.36,-0.91,,
2021-11-04,-1.45,-0.84,,
2021-11-05,-1.29,0.16,,
2021-11-06,-0.02,1.08,,
2021-11-07,-0.36,-1.58,,
2021-11-08,-1.41,-2.09,,
2021-11-09,-2.85,-2.85,,
2021-11-10,-2.30,-1.07,,
2021-11-11,-1.59,-0.71,,
2021-11-12,-1.81,-0.66,,
2021-11-13,-1.13,-1.35,,
2021-11-14,-2.12,-1.54,,
2021-11-15,-2.47,-1.60,,
2021-11-16,-2.36,-1.72,,
2021-11-17,-2.24,-0.95,,
2021-11-18,-2.06,-0.96,,
2021-11-19,-2.35,-2.80,,
2021-11-20,-1.93,-1.62,,
2021-11-21,-1.49,-1.71,,
2021-11-22,-0.31,-1.74,,
2021-11-23,0.08,-2.34,,
2021-11-24,-1.79,-1.79,,
2021-11-25,-3.19,-2.68,,
2021-11-26,-2.94,-2.55,,
2021-11-27,-2.03,-2.90,,
2021-11-28,-2.09,-2.67,,
2021-11-29,-1.64,-2.96,,
2021-11-30,-2.68,-2.50,,
2021-12-01,-3.22,-2.18,,
2021-12-02,-2.63,-2.73,,
2021-12-03,-2.90,-2.61,,
2021-12-04,-2.75,-1.59,,
2021-12-05,-2.28,-1.32,,
2021-12-06,-2.06,-1.00,,
2021-12-07,-2.01,-1.36,,
2021-12-08,-1.45,-1.45,,
2021-12-09,-2.70,-2.19,,
2021-12-10,-3.46,-2.24,,
2021-12-11,-2.74,-1.11,,
2021-12-12,-2.53,-2.28,,
2021-12-13,-3.62,-2.44,,
2021-12-14,-4.15,-2.40,,
2021-12-15,-3.94,-2.46,,
2021-12-16,-2.76,-1.53,,
2021-12-17,-2.55,-1.24,,
2021-12-18,-2.34,-0.94,,
2021-12-19,-1.94,-1.12,,
2021-12-20,-1.92,-1.25,,
2021-12-21,-0.97,1.16,,
2021-12-22,-0.26,2.12,,
2021-12-23,-1.38,-3.80,,
2021-12-24,-2.69,-3.71,,
2021-12-25,-2.84,-1.26,,
2021-12-26,-2.90,-1.96,,
2021-12-27,-2.23,-1.62,,
2021-12-28,-2.25,-0.64,,
2021-12-29,-1.60,-0.46,,
2021-12-30,-1.77,-0.72,,
2021-12-31,-2.40,-1.17,,
2022-01-01,-2.82,-0.30,-0.006,0.237
2022-01-02,-2.64,-0.47,0.006,0.312
2022-01-03,-1.04,-1.49,0.053,0.332
2022-01-04,-1.91,-1.55,0.039,0.226
2022-01-05,-2.66,-1.80,0.031,0.166
2022-01-06,-1.90,-1.65,-0.002,0.233
2022-01-07,-2.16,-1.10,-0.002,0.233
2022-01-08,-2.93,-1.90,0.045,0.187
2022-01-09,-2.82,-1.44,0.048,0.226
2022-01-10,-2.04,-2.04,0.091,0.192
2022-01-11,-1.91,-2.05,-0.028,0.107
2022-01-12,-2.00,-1.51,-0.062,0.075
2022-01-13,1.74,-1.46,-0.007,0.109
2022-01-14,1.75,-3.60,0.028,-0.007
2022-01-15,-0.59,-2.06,-0.002,0.091
2022-01-16,-1.94,1.75,-0.040,0.311
2022-01-17,1.75,1.88,0.018,0.280
2022-01-18,-1.91,-3.91,-0.090,0.009
2022-01-19,-2.93,-1.98,-0.062,0.186
2022-01-20,-2.06,-1.34,-0.018,0.334
2022-01-21,-0.83,-1.70,-0.012,0.338
2022-01-22,-1.41,-1.41,-0.063,0.279
2022-01-23,-0.88,-1.98,-0.169,0.286
2022-01-24,-1.27,-2.29,-0.231,0.321
2022-01-25,-1.02,-1.31,-0.092,0.375
2022-01-26,0.09,-1.67,-0.029,0.340
2022-01-27,-1.96,-1.96,-0.089,0.247
2022-01-28,-1.15,-1.19,0.043,0.247
2022-01-29,-0.14,-2.72,0.051,0.082
2022-01-30,-1.53,-6.14,-0.063,-0.071
2022-01-31,-2.58,-5.07,-0.055,-0.038
2022-02-01,-3.09,-1.06,-0.065,0.211
2022-02-02,-2.00,-1.07,-0.070,0.335
2022-02-03,-2.05,-1.09,-0.080,0.333
2022-02-04,-2.65,-1.23,-0.161,0.327
2022-02-05,-2.82,-2.45,-0.132,0.355
2022-02-06,-2.31,-1.68,-0.045,0.253
2022-02-07,-2.02,-0.82,0.139,0.002
2022-02-08,-0.31,1.33,0.261,-0.126
2022-02-09,-1.33,1.04,0.223,-0.294
2022-02-10,-1.34,-1.17,0.204,-0.338
2022-02-11,-1.01,-0.41,0.159,-0.310
2022-02-12,-1.17,-0.98,0.102,-0.249
2022-02-13,-0.61,-1.51,0.098,-0.223
2022-02-14,-1.96,-3.26,-0.032,-0.324
2022-02-15,-3.18,-3.07,-0.097,-0.423
2022-02-16,-2.72,-1.38,-0.125,-0.300
2022-02-17,-2.30,-1.33,-0.111,-0.003
2022-02-18,-1.93,-1.74,-0.067,0.105
2022-02-19,-2.87,-2.16,-0.072,-0.197
2022-02-20,-3.18,-2.48,-0.115,-0.399
2022-02-21,-2.97,-1.65,-0.122,-0.233
2022-02-22,-2.72,-1.04,-0.120,0.106
2022-02-23,-3.32,-1.99,-0.083,0.147
2022-02-24,-2.83,-1.26,-0.028,0.137
2022-02-25,-3.15,-1.61,-0.054,0.146
2022-02-26,-2.78,-1.67,-0.035,0.196
2022-02-27,-2.32,-1.03,-0.016,0.230
2022-02-28,-1.12,-1.94,-0.007,0.108
2022-03-01,-0.75,-2.05,-0.034,0.079
2022-03-02,-0.96,-3.13,-0.116,-0.084
2022-03-03,-1.85,-1.35,-0.072,0.039
2022-03-04,-2.19,-2.80,-0.084,0.033
2022-03-05,-3.16,-2.13,-0.104,0.070
2022-03-06,-2.55,-1.47,-0.070,0.094
2022-03-07,-1.79,-0.99,-0.038,0.218
2022-03-08,-1.60,-0.71,-0.031,0.203
2022-03-09,-1.22,0.35,0.008,0.109
2022-03-10,-1.68,0.39,-0.023,0.131
2022-03-11,-1.02,0.82,-0.017,0.053
2022-03-12,-2.14,1.09,-0.068,0.142
2022-03-13,-1.67,-2.22,-0.023,-0.077
2022-03-14,-2.55,-1.48,-0.070,-0.082
2022-03-15,-1.79,-0.35,0.019,-0.048
2022-03-16,-2.11,-0.77,0.004,0.023
2022-03-17,-0.62,1.79,0.050,0.041
2022-03-18,-0.95,-1.02,0.033,0.090
2022-03-19,-1.85,-1.20,0.043,0.031
2022-03-20,-1.20,-1.60,0.075,-0.067
2022-03-21,-1.90,-1.14,-0.040,-0.103
2022-03-22,-2.30,0.41,-0.046,-0.120
2022-03-23,-2.11,0.11,-0.031,-0.054
2022-03-24,-2.31,1.87,-0.043,-0.005
2022-03-25,-1.11,-0.69,-0.026,-0.051
2022-03-26,-1.14,-1.10,-0.025,-0.160
2022-03-27,-2.03,-2.51,-0.042,-0.266
2022-03-28,-3.51,-2.74,-0.098,-0.157
2022-03-29,-3.31,-1.47,-0.064,0.097
2022-03-30,-2.59,0.05,-0.168,0.406
2022-03-31,-2.18,1.01,-0.097,0.489
2022-04-01,-0.36,-1.71,-0.018,0.379
2022-04-02,1.51,-0.71,0.022,0.389
2022-04-03,0.28,-1.61,0.028,0.289
2022-04-04,-1.57,-0.57,-0.022,0.321
2022-04-05,-0.82,1.13,-0.025,0.281
2022-04-06,-1.47,0.60,-0.022,0.318
2022-04-07,-1.32,0.19,-0.036,0.350
2022-04-08,-1.53,-1.70,-0.042,0.170
2022-04-09,-1.27,-1.88,-0.091,0.077
2022-04-10,-2.15,-2.48,-0.181,-0.021
2022-04-11,-3.28,-1.67,-0.155,0.114
2022-04-12,-2.54,-1.24,-0.146,0.227
2022-04-13,-1.80,-0.38,-0.101,0.322
2022-04-14,0.43,1.13,-0.034,0.229
2022-04-15,-1.07,-0.59,-0.080,0.145
2022-04-16,-0.82,-1.61,-0.104,0.015
2022-04-17,-1.24,-1.37,-0.071,0.003
2022-04-18,-0.29,-1.49,-0.035,-0.046
2022-04-19,-0.45,1.80,-0.027,-0.013
2022-04-20,-2.20,-1.12,-0.027,-0.181
2022-04-21,-2.67,-1.61,-0.014,-0.094
2022-04-22,-2.38,-1.55,-0.052,0.021
2022-04-23,-2.26,-1.15,0.003,0.030
2022-04-24,-2.00,-0.97,0.046,0.081
2022-04-25,-2.00,-1.30,-0.007,0.078
2022-04-26,-2.43,-0.84,0.010,0.099
2022-04-27,-2.28,-0.74,0.016,0.129
2022-04-28,-2.07,-1.10,0.013,0.079
2022-04-29,-2.41,-0.17,0.037,0.079
2022-04-30,1.35,-0.63,0.121,-0.007
2022-05-01,-1.83,-1.10,0.061,-0.007
2022-05-02,-1.63,-0.59,0.116,0.024
2022-05-03,-1.93,0.48,0.094,0.112
2022-05-04,-2.03,-0.82,0.132,0.129
2022-05-05,-0.50,-1.19,0.114,-0.002
2022-05-06,-1.09,0.08,0.079,0.048
2022-05-07,-1.42,1.95,0.118,0.150
2022-05-08,-2.78,3.19,0.070,0.164
2022-05-09,-1.32,-0.43,0.080,-0.038
2022-05-10,0.13,-1.91,0.086,-0.134
2022-05-11,-1.57,-1.47,-0.068,-0.177
2022-05-12,-1.79,-0.00,0.009,-0.155
2022-05-13,-2.52,0.63,-0.129,-0.079
2022-05-14,-1.58,-0.34,-0.054,-0.022
2022-05-15,-0.79,-0.82,-0.102,-0.012
2022-05-16,-1.16,1.93,-0.032,-0.067
2022-05-17,-1.62,1.62,-0.046,0.107
2022-05-18,-1.72,0.49,-0.067,0.122
2022-05-19,-2.30,0.62,-0.038,0.156
2022-05-20,-2.56,2.15,-0.093,0.326
2022-05-21,-1.42,1.07,-0.100,0.177
2022-05-22,1.77,-0.06,-0.029,0.141
2022-05-23,-0.12,1.41,-0.051,0.177
2022-05-24,-0.99,-1.26,-0.030,0.149
2022-05-25,-1.32,-0.48,-0.011,0.185
2022-05-26,-1.89,-0.84,0.024,0.168
2022-05-27,-1.11,-0.52,0.094,0.038
2022-05-28,-1.02,-0.69,0.008,-0.027
2022-05-29,-1.64,-1.15,-0.018,-0.068
2022-05-30,-1.16,-0.94,0.055,-0.109
2022-05-31,-1.81,0.70,0.009,-0.078
2022-06-01,-2.04,2.11,0.006,-0.057
2022-06-02,-2.95,3.92,-0.034,-0.012
2022-06-03,-4.10,6.09,-0.055,0.096
2022-06-04,-3.84,6.65,-0.112,0.191
2022-06-05,-2.89,5.22,-0.129,0.124
2022-06-06,-2.86,3.18,-0.162,0.058
2022-06-07,-1.60,0.55,-0.142,0.010
2022-06-08,-1.21,1.02,-0.137,0.064
2022-06-09,1.60,0.14,-0.051,-0.049
2022-06-10,-1.71,-0.91,-0.080,-0.114
2022-06-11,0.80,-1.64,-0.035,-0.078
2022-06-12,-2.06,-1.00,0.005,0.017
2022-06-13,-0.16,-1.85,0.073,0.086
2022-06-14,-1.82,-1.18,-0.018,0.042
2022-06-15,-1.49,-0.37,0.107,0.029
2022-06-16,-1.43,-1.12,0.033,0.053
2022-06-17,-1.52,-0.52,0.041,0.058
2022-06-18,-0.82,-1.12,0.048,-0.041
2022-06-19,-2.38,1.06,-0.010,0.094
2022-06-20,-1.33,-0.97,0.065,-0.006
2022-06-21,-1.92,-0.74,-0.002,0.036
2022-06-22,-1.75,-1.58,-0.038,-0.080
2022-06-23,-0.93,-1.24,0.034,-0.021
2022-06-24,-0.76,-0.90,-0.021,0.008
2022-06-25,-1.26,-1.35,-0.059,-0.029
2022-06-26,-1.39,-1.34,-0.040,-0.029
2022-06-27,-1.13,-0.02,-0.024,-0.064
2022-06-28,-1.30,-0.45,-0.017,-0.042
2022-06-29,-1.85,-1.40,-0.066,-0.060
2022-06-30,-2.78,-2.41,-0.102,-0.082
2022-07-01,-2.40,-1.28,-0.144,-0.004
2022-07-02,-1.78,-0.61,-0.104,0.093
2022-07-03,-2.38,-1.06,-0.076,0.121
2022-07-04,-1.68,-0.00,-0.058,0.059
2022-07-05,-1.02,-0.85,-0.048,0.043
2022-07-06,-2.68,-1.81,-0.107,-0.043
2022-07-07,-1.57,-0.54,0.021,-0.061
2022-07-08,-1.33,-1.24,-0.054,0.058
2022-07-09,-1.47,-1.15,0.081,0.042
2022-07-10,-0.97,-0.73,0.099,0.069
2022-07-11,-1.29,-0.27,0.172,0.008
2022-07-12,-0.68,0.94,0.157,0.132
2022-07-13,-1.58,-0.51,0.183,0.168
2022-07-14,-1.62,-1.01,0.203,0.148
2022-07-15,-0.59,-1.82,0.178,0.068
2022-07-16,-1.19,-0.39,0.120,0.092
2022-07-17,-1.85,-0.98,0.099,0.180
2022-07-18,-2.12,-0.94,0.071,0.223
2022-07-19,-2.01,-0.18,0.130,0.263
2022-07-20,-1.27,-0.76,0.152,0.204
2022-07-21,-1.03,-1.03,0.086,0.185
2022-07-22,-1.95,-0.99,0.083,0.252
2022-07-23,-2.22,-0.55,0.070,0.245
2022-07-24,-1.90,-1.05,0.072,0.207
2022-07-25,-1.58,-0.95,0.110,0.155
2022-07-26,-1.58,0.28,0.055,0.195
2022-07-27,-1.91,-0.85,0.106,0.127
2022-07-28,-2.47,-0.71,0.077,0.133
2022-07-29,-1.73,-1.04,0.087,0.073
2022-07-30,-1.65,-0.96,0.122,0.127
2022-07-31,-2.59,-1.62,0.035,0.145
2022-08-01,-2.51,-1.39,0.108,0.198
2022-08-02,-2.48,-0.67,0.033,0.309
2022-08-03,-1.80,-1.04,0.086,0.269
2022-08-04,-1.33,-0.23,0.093,0.304
2022-08-05,-2.26,-1.05,-0.067,0.335
2022-08-06,-2.17,-0.79,-0.065,0.369
2022-08-07,-2.04,-0.82,-0.031,0.385
2022-08-08,-2.63,-1.28,-0.097,0.402
2022-08-09,-1.65,-0.88,-0.020,0.358
2022-08-10,-1.60,-0.37,0.025,0.351
2022-08-11,-1.56,-0.83,-0.027,0.368
2022-08-12,-1.70,-1.19,-0.019,0.247
2022-08-13,-0.91,0.85,-0.004,0.359
2022-08-14,-1.39,0.48,-0.061,0.364
2022-08-15,-1.77,-1.83,-0.072,0.193
2022-08-16,-1.67,-0.38,-0.064,0.263
2022-08-17,-0.84,-0.47,-0.049,0.323
2022-08-18,-1.92,-1.34,-0.097,0.230
2022-08-19,-2.46,-0.90,-0.094,0.259
2022-08-20,-1.59,-1.29,-0.059,0.267
2022-08-21,-1.76,-1.33,-0.140,0.351
2022-08-22,-2.01,-0.39,-0.037,0.267
2022-08-23,-1.51,0.27,-0.020,0.255
2022-08-24,-1.16,-0.40,-0.033,0.184
2022-08-25,-1.25,-0.13,0.006,0.172
2022-08-26,-1.49,-0.93,-0.013,0.167
2022-08-27,-1.41,-0.41,-0.028,0.114
2022-08-28,-1.60,0.06,-0.009,0.123
2022-08-29,-1.55,0.41,-0.009,0.128
2022-08-30,-1.66,-0.06,-0.034,0.088
2022-08-31,-1.08,-0.84,0.008,-0.121
2022-09-01,-2.25,-0.86,0.011,-0.201
2022-09-02,-1.93,-0.55,-0.072,-0.229
2022-09-03,-2.37,-1.21,-0.041,-0.256
2022-09-04,-2.26,-1.10,-0.030,-0.196
2022-09-05,-1.26,-0.22,0.007,-0.189
2022-09-06,-1.69,-1.09,-0.029,-0.163
2022-09-07,-1.53,-1.24,-0.155,-0.087
2022-09-08,-0.30,1.72,-0.050,-0.090
2022-09-09,-1.61,1.73,-0.008,-0.075
2022-09-10,-1.75,0.18,0.059,-0.002
2022-09-11,-1.72,-1.16,0.020,0.236
2022-09-12,-1.89,-0.88,-0.077,0.276
2022-09-13,-0.72,1.62,-0.035,0.219
2022-09-14,-2.06,-0.11,-0.180,0.237
2022-09-15,-0.91,-0.74,-0.170,0.178
2022-09-16,-2.25,-1.76,-0.208,0.233
2022-09-17,-2.10,-0.30,-0.191,0.266
2022-09-18,-1.65,-1.11,-0.104,0.260
2022-09-19,-1.00,-1.48,-0.095,0.141
2022-09-20,0.61,-1.87,-0.024,0.038
2022-09-21,0.14,-1.63,-0.047,-0.024
2022-09-22,-0.72,1.70,0.048,-0.026
2022-09-23,-1.32,-0.28,0.072,-0.014
2022-09-24,-2.17,-1.95,-0.066,-0.045
2022-09-25,-2.62,-0.14,-0.058,0.166
2022-09-26,-4.84,5.19,-0.160,0.595
2022-09-27,-2.81,4.86,-0.126,0.258
2022-09-28,-1.73,2.67,-0.032,0.127
2022-09-29,-0.71,1.47,0.051,0.098
2022-09-30,-0.27,1.53,0.113,0.093
2022-10-01,-0.56,2.61,0.184,0.122
2022-10-02,-1.26,2.18,0.149,0.087
2022-10-03,-0.95,1.71,0.142,0.011
2022-10-04,-1.15,-1.28,0.109,-0.069
2022-10-05,-1.61,-1.35,0.018,-0.045
2022-10-06,-2.29,-2.21,-0.023,-0.102
2022-10-07,-3.23,-2.61,-0.027,-0.063
2022-10-08,-3.27,-1.67,-0.063,0.090
2022-10-09,-2.09,-0.11,0.103,0.188
2022-10-10,-1.72,-0.12,0.210,0.149
2022-10-11,-1.60,-0.71,0.201,-0.035
2022-10-12,-2.35,-0.95,0.177,-0.080
2022-10-13,-1.60,0.65,0.199,-0.031
2022-10-14,-1.42,0.63,0.229,-0.078
2022-10-15,-1.18,-0.34,0.221,-0.232
2022-10-16,-1.80,-1.62,0.071,-0.294
2022-10-17,-1.80,-0.45,0.007,-0.200
2022-10-18,-1.07,1.00,-0.012,-0.047
2022-10-19,-1.43,0.07,-0.037,0.216
2022-10-20,-1.16,-0.40,-0.048,0.267
2022-10-21,-0.48,-1.19,0.000,0.162
2022-10-22,-1.40,-0.62,-0.082,0.107
2022-10-23,-1.65,-1.20,-0.158,0.063
2022-10-24,-2.18,-1.59,-0.239,0.087
2022-10-25,-1.40,0.30,-0.139,0.180
2022-10-26,-1.04,-1.67,-0.137,0.154
2022-10-27,-1.07,-1.64,-0.163,0.033
2022-10-28,-2.00,-2.00,-0.151,-0.045
2022-10-29,-2.32,-2.58,-0.161,-0.045
2022-10-30,-2.26,-2.35,-0.146,-0.042
2022-10-31,-2.74,-1.65,-0.146,0.002
2022-11-01,-2.51,-0.00,-0.162,0.280
2022-11-02,-2.15,-0.87,-0.119,0.173
2022-11-03,-2.97,-1.51,-0.079,0.074
2022-11-04,-2.56,-2.07,-0.006,0.069
2022-11-05,-1.02,-1.76,-0.016,0.209
2022-11-06,-0.86,-1.77,0.008,0.218
2022-11-07,-0.92,-1.06,-0.030,0.180
2022-11-08,-1.26,-1.94,-0.055,0.174
2022-11-09,0.91,-1.12,-0.023,0.156
2022-11-10,-1.13,1.89,-0.050,0.151
2022-11-11,-1.44,0.97,-0.098,0.104
2022-11-12,-0.67,-1.16,-0.096,-0.004
2022-11-13,-1.81,-2.01,-0.115,-0.087
2022-11-14,-2.16,-1.05,-0.065,-0.041
2022-11-15,-2.50,-1.28,-0.101,0.066
2022-11-16,-2.65,-1.85,-0.125,0.129
2022-11-17,-1.68,-1.01,-0.126,0.115
2022-11-18,-2.21,-0.94,-0.201,0.171
2022-11-19,-1.62,-0.86,-0.218,0.228
2022-11-20,-1.78,-0.72,-0.231,0.319
2022-11-21,-2.07,-1.67,-0.220,0.286
2022-11-22,-2.09,-1.26,-0.173,0.150
2022-11-23,-1.62,-0.17,-0.131,0.134
2022-11-24,-1.63,-1.02,-0.079,0.100
2022-11-25,-2.16,-1.05,-0.097,0.081
2022-11-26,-1.96,-0.49,-0.030,0.078
2022-11-27,-1.79,-0.80,0.030,0.089
2022-11-28,-1.41,-0.66,0.037,0.098
2022-11-29,-2.26,-0.91,-0.005,-0.012
2022-11-30,-2.55,-1.53,-0.091,-0.009
2022-12-01,-3.73,-2.91,-0.139,0.063
2022-12-02,-3.98,-2.49,-0.185,0.201
2022-12-03,-3.62,-2.54,-0.242,0.222
2022-12-04,-3.66,-3.30,-0.262,0.107
2022-12-05,-3.34,-2.34,-0.235,0.113
2022-12-06,-2.89,-2.18,-0.215,0.189
2022-12-07,-3.56,-2.49,-0.201,0.217
2022-12-08,-3.55,-2.39,-0.159,0.268
2022-12-09,-3.15,-1.90,-0.165,0.365
2022-12-10,-2.65,-1.41,-0.068,0.351
2022-12-11,-2.16,-1.25,-0.039,0.255
2022-12-12,-2.13,-0.95,0.000,0.262
2022-12-13,-2.01,-0.73,0.035,0.232
2022-12-14,-2.51,-0.22,0.100,0.240
2022-12-15,-1.56,-0.79,0.256,0.253
2022-12-16,-1.58,-1.58,0.262,0.172
2022-12-17,-2.46,-0.57,0.162,0.110
2022-12-18,-1.75,-1.94,0.141,0.038
2022-12-19,-2.56,-1.66,0.096,0.040
2022-12-20,-2.06,-1.00,0.106,0.129
2022-12-21,-1.80,-1.35,0.099,0.180
2022-12-22,-1.92,-1.61,0.063,0.063
2022-12-23,-2.24,-1.45,0.051,0.048
2022-12-24,-2.68,-1.55,-0.010,0.117
2022-12-25,-2.37,-1.37,0.053,0.081
2022-12-26,-1.24,0.87,0.155,0.065
2022-12-27,-1.11,-0.72,0.222,-0.000
2022-12-28,-2.50,-1.33,0.158,-0.038
2022-12-29,-1.88,-1.09,0.150,0.001
2022-12-30,-2.46,-0.80,0.126,0.043
2022-12-31,-1.73,-1.35,0.117,-0.028
2023-01-01,-1.99,-1.86,0.075,-0.073
2023-01-02,-2.22,-0.81,0.030,-0.086
2023-01-03,-1.81,-0.45,0.038,-0.037
2023-01-04,-2.98,-0.53,-0.006,0.014
2023-01-05,-2.35,-1.09,0.021,-0.009
2023-01-06,-2.16,-1.40,0.019,0.028
2023-01-07,-2.76,-1.93,-0.026,0.024
2023-01-08,-2.60,-1.33,-0.056,0.135
2023-01-09,-1.82,-1.09,-0.053,0.165
2023-01-10,-1.68,-2.01,-0.039,0.100
2023-01-11,-2.67,-1.61,-0.075,0.035
2023-01-12,-2.34,-1.89,-0.105,0.091
2023-01-13,-1.37,-2.11,-0.061,0.131
2023-01-14,0.68,-4.32,-0.013,-0.014
2023-01-15,-1.17,-6.04,-0.081,-0.109
2023-01-16,-2.46,-2.46,-0.074,0.128
2023-01-17,-2.78,-1.12,-0.053,0.239
2023-01-18,-2.81,-0.97,0.039,0.120
2023-01-19,-2.27,-0.44,0.179,0.009
2023-01-20,-1.81,-1.75,0.134,-0.080
2023-01-21,-2.50,-1.06,-0.008,-0.171
2023-01-22,-2.37,0.38,-0.084,-0.132
2023-01-23,-1.73,-1.04,-0.168,-0.074
2023-01-24,-2.73,-1.10,-0.181,-0.071
2023-01-25,-2.14,-0.11,-0.113,0.027
2023-01-26,-0.91,-1.96,-0.033,0.085
2023-01-27,-2.20,-2.62,-0.028,-0.089
2023-01-28,-4.30,-2.10,-0.123,-0.127
2023-01-29,-3.68,-1.87,-0.118,-0.021
2023-01-30,-3.53,-1.50,-0.102,0.087
2023-01-31,-3.04,-1.23,-0.047,0.100
2023-02-01,-2.87,-0.77,0.002,0.097
2023-02-02,-3.05,0.32,0.010,0.139
2023-02-03,-1.34,-1.71,0.056,0.130
2023-02-04,-1.48,-1.38,0.037,0.085
2023-02-05,-0.84,-1.40,0.081,0.067
2023-02-06,-1.41,0.25,0.077,0.102
2023-02-07,-2.98,-1.79,0.012,0.040
2023-02-08,-2.61,-1.16,-0.006,0.085
2023-02-09,-2.43,-1.13,-0.014,0.138
2023-02-10,-2.50,-1.22,0.017,0.106
2023-02-11,-1.65,-1.11,0.067,0.083
2023-02-12,-0.71,-2.31,0.080,-0.025
2023-02-13,-1.16,-2.27,0.066,-0.080
2023-02-14,-1.25,-1.43,0.057,-0.128
2023-02-15,-2.70,-0.82,-0.046,-0.037
2023-02-16,-2.47,-0.22,-0.078,0.139
2023-02-17,-2.17,-2.10,-0.095,0.134
2023-02-18,-2.94,-2.84,-0.185,0.027
2023-02-19,-3.28,-1.60,-0.206,0.030
2023-02-20,-2.93,-0.84,-0.194,0.108
2023-02-21,-1.13,-1.09,-0.159,0.137
2023-02-22,-2.32,0.49,-0.190,0.140
2023-02-23,-2.20,-1.22,-0.124,0.133
2023-02-24,-2.76,-1.17,-0.057,0.155
2023-02-25,-3.23,-1.24,-0.013,0.144
2023-02-26,-2.84,-2.84,0.044,0.153
2023-02-27,-2.46,-1.42,0.033,0.156
2023-02-28,-1.94,-0.86,0.030,0.141
2023-03-01,-1.84,-1.11,-0.012,0.099
2023-03-02,-1.69,-0.58,-0.035,0.161
2023-03-03,-2.33,2.25,-0.050,0.238
2023-03-04,-1.93,1.12,-0.040,0.210
2023-03-05,-1.30,-1.39,0.024,0.130
2023-03-06,-1.60,-1.20,-0.005,0.067
2023-03-07,-1.48,1.20,0.059,0.125
2023-03-08,-1.42,-1.95,0.008,0.103
2023-03-09,-2.05,-1.28,-0.002,0.097
2023-03-10,-2.23,-0.73,-0.014,0.171
2023-03-11,-0.00,1.64,0.105,0.253
2023-03-12,0.87,1.07,0.137,0.208
2023-03-13,-1.99,1.55,0.074,0.268
2023-03-14,-1.70,0.72,0.058,0.172
2023-03-15,-1.08,2.21,0.080,0.246
2023-03-16,-2.41,-1.50,0.001,0.072
2023-03-17,-2.42,0.74,-0.021,0.315
2023-03-18,-2.63,1.64,0.123,0.516
2023-03-19,-2.16,1.45,0.246,0.500
2023-03-20,-1.17,-0.42,0.356,0.286
2023-03-21,-1.26,-0.39,0.361,0.227
2023-03-22,-2.28,-1.84,0.193,0.184
2023-03-23,-2.83,-1.70,0.161,0.143
2023-03-24,-2.43,-0.17,0.193,0.083
2023-03-25,-1.63,0.56,0.175,-0.043
2023-03-26,-1.71,0.40,0.119,0.079
2023-03-27,-0.83,1.39,0.132,0.155
2023-03-28,1.16,1.54,0.267,0.316
2023-03-29,-0.93,-1.67,0.283,0.235
2023-03-30,-1.91,-0.17,0.312,0.250
2023-03-31,-2.52,-0.54,0.210,0.230
2023-04-01,-2.02,-1.12,0.300,0.234
2023-04-02,0.32,-2.03,0.270,0.156
2023-04-03,-1.19,-1.83,0.238,0.134
2023-04-04,-1.63,-1.47,0.136,0.196
2023-04-05,-1.43,-0.63,0.132,0.325
2023-04-06,-2.49,0.53,0.044,0.440
2023-04-07,-2.53,-1.52,0.052,0.298
2023-04-08,-1.69,0.24,0.137,0.294
2023-04-09,-0.11,1.24,0.122,0.309
2023-04-10,-1.32,-0.26,0.103,0.213
2023-04-11,0.48,-1.09,0.148,0.249
2023-04-12,-1.27,1.07,0.106,0.321
2023-04-13,1.06,-0.64,0.156,0.289
2023-04-14,-2.38,0.12,0.072,0.377
2023-04-15,-1.10,-0.69,0.163,0.305
2023-04-16,-1.26,0.22,0.103,0.385
2023-04-17,0.14,-1.62,0.172,0.349
2023-04-18,-1.04,-1.04,0.145,0.269
2023-04-19,-1.14,-0.31,0.186,0.330
2023-04-20,-1.13,-0.94,0.115,0.372
2023-04-21,-0.61,-1.37,0.158,0.382
2023-04-22,0.41,-1.64,0.136,0.271
2023-04-23,-0.13,-2.56,-0.004,0.217
2023-04-24,-1.12,-0.97,-0.012,0.332
2023-04-25,-1.03,1.10,-0.061,0.289
2023-04-26,-1.21,-0.67,-0.076,0.227
2023-04-27,-1.28,0.74,-0.094,0.285
2023-04-28,-1.27,0.86,-0.126,0.336
2023-04-29,-1.67,2.21,-0.160,0.378
2023-04-30,-2.63,4.74,-0.111,0.493
2023-05-01,-1.73,2.57,-0.106,0.435
2023-05-02,-1.32,0.46,-0.107,0.338
2023-05-03,-0.87,1.40,-0.065,0.403
2023-05-04,0.11,-1.60,-0.062,0.453
2023-05-05,-1.63,0.56,-0.085,0.412
2023-05-06,-2.30,-1.22,-0.076,0.359
2023-05-07,-1.52,-0.21,0.008,0.351
2023-05-08,-2.18,-0.75,-0.035,0.410
2023-05-09,-0.66,-1.40,0.010,0.310
2023-05-10,0.76,1.49,0.043,0.343
2023-05-11,-0.66,1.13,-0.004,0.397
2023-05-12,-1.56,-0.79,0.047,0.289
2023-05-13,-1.77,-0.90,0.026,0.259
2023-05-14,-1.14,-1.27,0.021,0.148
2023-05-15,-0.53,-1.47,-0.016,0.136
2023-05-16,-2.06,0.96,0.001,0.116
2023-05-17,-2.17,1.01,0.032,0.076
2023-05-18,-1.03,0.93,0.054,0.020
2023-05-19,-0.68,-1.88,-0.040,-0.030
2023-05-20,-1.07,-2.41,0.029,-0.099
2023-05-21,0.08,-2.21,0.018,-0.156
2023-05-22,0.13,-1.81,0.025,-0.192
2023-05-23,-1.47,1.28,0.077,-0.130
2023-05-24,-0.84,2.31,0.143,-0.124
2023-05-25,0.37,2.98,0.141,-0.143
2023-05-26,0.57,2.69,0.069,-0.096
2023-05-27,-1.14,1.90,-0.030,-0.018
2023-05-28,-1.23,1.82,-0.108,0.039
2023-05-29,-1.87,0.40,-0.098,-0.006
2023-05-30,-2.07,0.59,-0.045,-0.091
2023-05-31,-1.72,2.28,-0.081,-0.028
2023-06-01,-2.03,2.50,-0.120,-0.010
2023-06-02,-1.59,2.64,-0.084,-0.028
2023-06-03,-0.32,3.61,-0.026,-0.057
2023-06-04,-0.30,3.38,-0.024,-0.066
2023-06-05,-0.49,3.48,-0.023,-0.097
2023-06-06,-1.53,-0.00,-0.040,-0.133
2023-06-07,-2.43,1.52,-0.103,0.025
2023-06-08,-2.32,3.31,-0.123,0.187
2023-06-09,-3.17,5.07,-0.133,0.267
2023-06-10,-3.12,4.29,-0.222,0.173
2023-06-11,-2.67,2.32,-0.214,0.030
2023-06-12,-2.08,1.46,-0.150,0.027
2023-06-13,-1.25,-0.45,-0.091,-0.056
2023-06-14,-1.83,0.10,-0.071,0.008
2023-06-15,-1.71,0.73,-0.068,0.190
2023-06-16,-2.16,0.30,-0.089,0.184
2023-06-17,0.77,-1.73,-0.063,0.202
2023-06-18,-1.35,-0.95,-0.054,0.226
2023-06-19,-1.36,-1.02,0.016,0.223
2023-06-20,-1.74,-1.17,0.012,0.242
2023-06-21,-1.75,0.21,0.002,0.294
2023-06-22,-1.27,-1.36,0.024,0.288
2023-06-23,-1.14,-0.86,0.026,0.260
2023-06-24,-1.94,-2.23,0.110,0.129
2023-06-25,-2.10,-1.31,0.023,0.177
2023-06-26,-1.22,-0.24,-0.003,0.336
2023-06-27,-0.98,-0.91,-0.095,0.307
2023-06-28,-1.62,-1.46,-0.143,0.186
2023-06-29,-1.69,-1.05,-0.176,0.238
2023-06-30,-1.08,-1.04,-0.183,0.282
2023-07-01,-1.24,-1.37,-0.052,0.398
2023-07-02,-0.56,-1.10,0.056,0.408
2023-07-03,-1.35,-1.21,0.034,0.364
2023-07-04,-1.40,-0.75,0.052,0.329
2023-07-05,-1.70,-0.79,-0.012,0.249
2023-07-06,-1.56,-0.30,0.072,0.372
2023-07-07,-0.69,-1.35,0.048,0.285
2023-07-08,-1.20,-0.90,0.030,0.162
2023-07-09,-1.20,-1.08,-0.035,0.144
2023-07-10,-0.89,-1.53,-0.011,0.104
2023-07-11,-2.07,-1.29,0.013,0.228
2023-07-12,-1.13,-1.49,0.074,0.176
2023-07-13,-2.45,-1.30,-0.068,0.295
2023-07-14,-0.20,-1.62,0.131,0.203
2023-07-15,-1.40,-0.62,0.214,0.237
2023-07-16,-1.28,-1.19,0.169,0.166
2023-07-17,-1.37,-1.19,0.125,0.208
2023-07-18,-1.51,-1.56,-0.011,0.245
2023-07-19,-1.64,-1.23,0.034,0.311
2023-07-20,-2.27,-1.26,-0.090,0.370
2023-07-21,-1.92,-1.67,-0.033,0.356
2023-07-22,-1.30,-1.44,0.001,0.373
2023-07-23,-0.33,-1.57,-0.020,0.341
2023-07-24,-1.34,-1.49,-0.008,0.244
2023-07-25,-2.17,-1.52,-0.113,0.270
2023-07-26,-1.50,-2.31,-0.093,0.184
2023-07-27,-1.90,-0.51,-0.097,0.170
2023-07-28,-1.53,-0.89,-0.098,0.111
2023-07-29,-1.07,-1.07,0.021,0.113
2023-07-30,-1.19,-1.04,0.073,0.027
2023-07-31,-1.65,-0.88,0.077,-0.108
2023-08-01,-1.37,-1.47,0.003,-0.099
2023-08-02,-1.06,-0.89,0.087,-0.161
2023-08-03,-1.08,-1.73,0.075,-0.189
2023-08-04,-1.51,-1.27,0.101,-0.248
2023-08-05,-1.24,-1.20,0.073,-0.172
2023-08-06,-1.27,-1.41,0.076,-0.203
2023-08-07,-1.47,-1.47,0.066,-0.093
2023-08-08,-1.43,-1.04,0.148,-0.079
2023-08-09,-1.49,-1.29,0.093,0.008
2023-08-10,-1.37,-0.89,0.175,-0.072
2023-08-11,-1.50,-0.21,0.162,-0.019
2023-08-12,-1.72,0.24,0.155,-0.041
2023-08-13,-1.63,-1.27,0.096,-0.109
2023-08-14,-1.65,-0.99,0.047,-0.144
2023-08-15,-1.12,-1.16,-0.026,-0.207
2023-08-16,-1.58,-1.52,-0.050,-0.271
2023-08-17,-1.65,-1.24,-0.066,-0.325
2023-08-18,-1.35,-1.13,-0.026,-0.268
2023-08-19,-1.44,-0.77,0.018,-0.268
2023-08-20,-2.45,-1.65,-0.062,-0.134
2023-08-21,-2.83,-2.37,-0.093,-0.087
2023-08-22,-2.83,-1.98,-0.124,0.028
2023-08-23,-1.39,0.02,-0.034,0.039
2023-08-24,-1.39,1.16,0.005,0.074
2023-08-25,-1.34,-0.51,0.065,-0.110
2023-08-26,-1.07,-0.48,0.094,-0.065
2023-08-27,-0.21,1.70,0.166,0.010
2023-08-28,-2.05,3.16,0.102,0.192
2023-08-29,-2.55,3.38,0.100,0.135
2023-08-30,-1.88,1.58,0.093,0.160
2023-08-31,1.06,-0.66,0.121,0.053
2023-09-01,-1.15,-0.96,0.164,0.102
2023-09-02,-1.90,-1.90,0.085,0.133
2023-09-03,-2.00,-0.25,0.087,0.143
2023-09-04,-1.57,0.28,0.148,0.180
2023-09-05,-0.99,-0.75,0.113,0.166
2023-09-06,0.03,-1.76,0.088,0.099
2023-09-07,-1.37,-1.19,0.064,0.158
2023-09-08,-0.88,-0.98,0.058,0.057
2023-09-09,-0.99,-0.21,0.116,0.130
2023-09-10,-1.84,-1.60,-0.030,0.124
2023-09-11,-1.93,-1.30,0.054,0.134
2023-09-12,-1.84,-2.44,-0.005,0.050
2023-09-13,-1.07,-2.40,-0.002,0.043
2023-09-14,-0.99,-1.37,-0.029,0.060
2023-09-15,-1.06,-1.03,-0.040,0.122
2023-09-16,-1.34,-1.16,-0.059,0.134
2023-09-17,-1.59,-1.00,-0.036,0.134
2023-09-18,-1.14,-1.14,-0.063,0.091
2023-09-19,-1.38,-0.07,0.028,0.086
2023-09-20,0.61,-1.44,0.083,0.067
2023-09-21,-1.55,-1.08,0.081,-0.009
2023-09-22,-1.48,-0.86,0.089,-0.087
2023-09-23,-1.54,0.56,0.072,-0.069
2023-09-24,-1.16,0.98,-0.052,0.028
2023-09-25,-1.28,-1.32,-0.083,0.069
2023-09-26,-1.31,-1.06,-0.043,0.149
2023-09-27,-1.19,-0.81,-0.032,0.195
2023-09-28,-0.98,-1.16,-0.111,0.163
2023-09-29,-1.26,-0.18,-0.112,0.173
2023-09-30,-1.42,-1.19,-0.092,0.098
2023-10-01,-1.30,-1.80,-0.093,-0.032
2023-10-02,-0.10,-2.00,0.005,-0.147
2023-10-03,-1.46,-0.39,0.076,-0.119
2023-10-04,-1.11,0.78,0.154,-0.048
2023-10-05,-1.00,0.81,0.156,0.016
2023-10-06,-1.13,1.31,0.107,0.065
2023-10-07,-1.20,-0.34,0.101,0.048
2023-10-08,-0.75,0.87,0.122,0.084
2023-10-09,-2.11,1.48,0.127,0.169
2023-10-10,-2.28,1.48,0.254,0.145
2023-10-11,-1.88,0.87,0.299,0.061
2023-10-12,-1.93,2.30,0.313,0.008
2023-10-13,-1.45,-0.05,0.292,-0.095
2023-10-14,-1.37,-0.76,0.253,-0.178
2023-10-15,-0.95,-0.53,0.114,-0.208
2023-10-16,-0.36,1.18,0.035,-0.145
2023-10-17,-1.08,-0.19,0.003,-0.213
2023-10-18,-1.59,-1.83,-0.094,-0.274
2023-10-19,-2.19,-1.84,-0.118,-0.229
2023-10-20,-1.16,-1.24,-0.030,-0.094
2023-10-21,-1.32,-1.32,-0.057,-0.226
2023-10-22,-1.84,-1.33,-0.070,-0.284
2023-10-23,-2.53,-1.84,-0.097,-0.219
2023-10-24,-3.10,-2.25,-0.134,-0.020
2023-10-25,-3.31,-2.23,-0.112,0.130
2023-10-26,-3.46,-2.24,-0.082,0.179
2023-10-27,-3.30,-1.68,-0.083,0.213
2023-10-28,-2.91,-2.04,-0.109,0.162
2023-10-29,-2.01,-1.21,-0.072,0.094
2023-10-30,-0.27,-1.36,0.034,0.053
2023-10-31,-0.25,-1.75,0.078,0.043
2023-11-01,-1.03,-3.00,0.025,-0.175
2023-11-02,-2.88,-2.17,-0.053,-0.123
2023-11-03,-2.74,-1.11,-0.030,0.083
2023-11-04,-0.94,-0.94,0.019,0.338
2023-11-05,-2.08,-1.06,0.018,0.270
2023-11-06,-1.59,-2.03,0.019,0.102
2023-11-07,-2.11,-3.01,-0.027,0.075
2023-11-08,-2.85,-2.15,-0.107,0.267
2023-11-09,-2.80,-1.68,-0.130,0.284
2023-11-10,-1.93,-1.12,-0.059,0.366
2023-11-11,-2.80,-1.62,-0.058,0.391
2023-11-12,-3.15,-2.29,-0.012,0.317
2023-11-13,-2.94,-1.77,0.111,0.255
2023-11-14,-2.05,-1.33,0.274,0.212
2023-11-15,-1.32,-1.58,0.383,0.103
2023-11-16,-1.62,-0.56,0.361,0.010
2023-11-17,-1.32,1.19,0.458,-0.175
2023-11-18,2.34,-1.58,0.405,-0.586
2023-11-19,0.83,-2.28,0.328,-0.531
2023-11-20,-1.41,-2.55,0.149,-0.463
2023-11-21,-2.57,-1.37,0.077,-0.323
2023-11-22,-2.48,-1.05,0.044,-0.258
2023-11-23,-1.48,-0.86,0.067,-0.301
2023-11-24,-1.75,-1.18,0.010,-0.295
2023-11-25,-1.74,-1.22,0.020,-0.271
2023-11-26,-1.56,-1.26,0.037,-0.176
2023-11-27,-2.16,-2.16,0.015,-0.176
2023-11-28,-2.62,-2.04,-0.015,-0.140
2023-11-29,-1.98,-1.34,0.000,-0.090
2023-11-30,-2.42,-1.51,-0.021,-0.036
2023-12-01,-1.38,-0.73,0.058,0.050
2023-12-02,-2.35,-0.95,0.001,0.086
2023-12-03,-2.21,-1.43,0.017,0.019
2023-12-04,-2.55,-1.53,-0.016,0.020
2023-12-05,-2.37,-1.26,-0.082,-0.134
2023-12-06,-2.03,-2.34,-0.059,-0.207
2023-12-07,-3.04,-2.93,-0.089,-0.215
2023-12-08,-2.71,-1.26,-0.075,-0.022
2023-12-09,-3.27,-1.96,-0.113,0.152
2023-12-10,-2.96,-1.51,-0.102,0.223
2023-12-11,-2.13,-1.79,-0.083,0.179
2023-12-12,-2.78,-2.17,-0.114,0.176
2023-12-13,-3.09,-1.79,-0.152,0.221
2023-12-14,-3.04,-1.69,-0.144,0.315
2023-12-15,-3.23,-1.05,-0.164,0.401
2023-12-16,-2.05,-0.36,-0.064,0.428
2023-12-17,-0.80,3.48,0.095,0.319
2023-12-18,0.39,-3.68,0.094,-0.055
2023-12-19,-1.07,-6.05,-0.011,-0.289
2023-12-20,-3.53,-5.05,-0.131,-0.078
2023-12-21,-4.46,-3.74,-0.194,0.210
2023-12-22,-3.80,-2.56,-0.201,0.337
2023-12-23,-2.69,-2.11,-0.195,0.284
2023-12-24,-2.83,-1.38,-0.153,0.223
2023-12-25,-1.79,-1.17,-0.084,0.170
2023-12-26,-1.27,-0.04,-0.099,0.232
2023-12-27,-0.73,-1.09,-0.064,0.101
2023-12-28,-0.91,1.58,-0.017,0.042
2023-12-29,-0.91,-1.41,0.029,0.064
2023-12-30,-2.26,-2.69,-0.034,0.058
2023-12-31,-3.21,-4.59,-0.089,0.002
2024-01-01,-3.79,-3.07,-0.084,0.167
2024-01-02,-2.15,-3.57,-0.158,0.194
2024-01-03,-2.38,-2.07,-0.160,0.137
2024-01-04,-1.64,0.32,-0.104,0.147
2024-01-05,-1.15,-1.04,-0.184,0.234
2024-01-06,-1.69,0.45,-0.199,0.258
2024-01-07,-0.57,-1.34,-0.166,0.220
2024-01-08,-2.65,-1.23,-0.207,0.214
2024-01-09,-2.92,1.12,-0.160,0.294
2024-01-10,-2.05,0.75,-0.094,0.374
2024-01-11,-1.52,0.44,-0.011,0.272
2024-01-12,-1.54,0.56,0.015,0.120
2024-01-13,-1.53,0.41,0.032,0.118
2024-01-14,-0.69,-1.29,0.071,0.028
2024-01-15,-1.33,-0.96,0.099,-0.006
2024-01-16,0.12,-1.13,0.128,0.042
2024-01-17,-1.59,-1.90,0.069,0.040
2024-01-18,-2.55,-1.53,0.077,0.046
2024-01-19,-1.33,-1.65,0.127,0.005
2024-01-20,-2.24,-2.01,0.089,0.004
2024-01-21,-2.91,-3.12,-0.054,0.038
2024-01-22,-4.65,-2.69,-0.110,0.114
2024-01-23,-2.51,-1.28,-0.032,0.379
2024-01-24,-2.95,-0.96,0.081,0.354
2024-01-25,-2.70,-1.26,0.068,0.300
2024-01-26,-2.68,-1.74,0.023,0.263
2024-01-27,-1.38,-1.16,0.124,0.244
2024-01-28,-0.93,-1.61,0.252,0.151
2024-01-29,-0.46,-2.38,0.171,0.160
2024-01-30,-1.21,-4.53,0.043,-0.017
2024-01-31,-0.12,-3.54,0.095,0.021
2024-02-01,-0.90,-4.23,0.046,0.049
2024-02-02,-0.85,-1.92,0.067,0.082
2024-02-03,-0.65,2.28,0.130,0.219
2024-02-04,0.21,3.92,0.120,0.312
2024-02-05,2.24,3.89,0.154,0.306
2024-02-06,6.41,-2.21,0.195,-0.011
2024-02-07,2.37,-5.08,0.010,-0.242
2024-02-08,-2.56,-4.43,-0.081,-0.113
2024-02-09,-2.70,0.24,-0.056,0.388
2024-02-10,-2.88,-1.28,-0.094,0.333
2024-02-11,-2.70,0.67,-0.016,0.283
2024-02-12,-1.90,1.48,-0.060,0.210
2024-02-13,-0.93,-1.68,-0.078,0.137
2024-02-14,-1.69,-1.81,-0.089,0.123
2024-02-15,-2.34,-2.51,-0.126,0.043
2024-02-16,-2.11,-1.77,-0.075,0.163
2024-02-17,-1.58,0.08,-0.063,0.195
2024-02-18,-1.60,2.21,-0.086,0.273
2024-02-19,-0.99,-2.33,-0.050,0.117
2024-02-20,-1.14,-4.56,-0.147,-0.160
2024-02-21,-1.14,-5.87,-0.091,-0.280
2024-02-22,-1.97,-4.63,-0.082,-0.143
2024-02-23,-2.71,0.05,-0.041,0.193
2024-02-24,-0.19,-2.20,-0.002,0.125
2024-02-25,-1.01,-3.12,-0.024,-0.029
2024-02-26,-1.81,-2.16,-0.071,0.038
2024-02-27,-2.31,-1.93,-0.106,0.164
2024-02-28,-2.69,-1.56,-0.025,0.210
2024-02-29,-2.31,-1.56,0.049,0.161
2024-03-01,-1.92,-1.30,0.115,0.202
2024-03-02,-1.81,-0.81,0.112,0.198
2024-03-03,-1.25,-0.18,0.059,0.185
2024-03-04,-1.48,0.05,0.004,0.247
2024-03-05,1.50,-0.80,0.014,0.190
2024-03-06,-1.22,-0.15,-0.087,0.171
2024-03-07,-0.84,0.84,-0.123,0.183
2024-03-08,-0.86,1.18,-0.155,0.144
2024-03-09,-1.43,0.80,-0.168,0.230
2024-03-10,0.91,-1.34,-0.101,0.260
2024-03-11,-1.54,-2.77,-0.194,0.215
2024-03-12,-2.31,-1.68,-0.188,0.233
2024-03-13,-1.70,-0.62,-0.137,0.380
2024-03-14,-1.93,-0.94,-0.192,0.501
2024-03-15,-1.62,-0.83,-0.219,0.475
2024-03-16,-0.51,-0.88,-0.084,0.502
2024-03-17,-1.53,-0.22,-0.071,0.395
2024-03-18,-1.48,0.79,0.000,0.372
2024-03-19,0.62,-1.45,0.086,0.275
2024-03-20,-1.15,-1.07,0.151,0.375
2024-03-21,-1.81,-1.88,0.164,0.301
2024-03-22,-1.40,1.73,0.209,0.377
2024-03-23,-2.78,5.23,0.007,0.597
2024-03-24,1.04,3.88,0.006,0.405
2024-03-25,0.30,-1.21,-0.104,0.189
2024-03-26,-1.13,1.39,-0.161,0.278
2024-03-27,-0.45,-1.30,-0.176,0.380
2024-03-28,-0.78,-2.13,-0.103,0.342
2024-03-29,-0.65,-3.71,-0.090,0.085
2024-03-30,-3.01,-2.80,-0.130,0.168
2024-03-31,-2.27,-0.78,-0.118,0.335
2024-04-01,-1.59,-0.81,0.029,0.406
2024-04-02,-0.62,1.53,0.031,0.366
2024-04-03,-1.68,2.91,0.085,0.269
2024-04-04,-1.91,3.30,0.058,0.319
2024-04-05,-0.95,-1.35,0.066,0.110
2024-04-06,-1.01,-1.49,0.059,-0.024
2024-04-07,-1.48,-1.70,0.019,-0.007
2024-04-08,-2.13,-1.92,0.016,-0.014
2024-04-09,-3.12,-1.45,0.046,0.162
2024-04-10,-1.18,-0.89,0.090,0.243
2024-04-11,-1.79,1.25,0.048,0.283
2024-04-12,-1.45,-2.16,0.065,0.154
2024-04-13,-2.36,-3.37,-0.072,0.108
2024-04-14,-2.87,-2.87,-0.042,0.120
2024-04-15,-2.45,-2.63,-0.090,0.296
2024-04-16,-2.66,-2.76,-0.099,0.262
2024-04-17,-3.27,-1.97,-0.090,0.272
2024-04-18,-2.59,-0.99,-0.075,0.318
2024-04-19,-2.39,-1.22,0.017,0.436
2024-04-20,-2.76,-1.86,-0.003,0.299
2024-04-21,-1.84,-0.23,0.073,0.392
2024-04-22,-0.51,-1.48,0.062,0.308
2024-04-23,-1.65,-2.11,-0.045,0.164
2024-04-24,-2.42,-2.17,-0.132,0.226
2024-04-25,-2.96,-3.17,-0.186,0.273
2024-04-26,-2.78,-2.50,-0.163,0.326
2024-04-27,-3.03,-1.75,-0.139,0.357
2024-04-28,-3.53,-1.96,-0.171,0.414
2024-04-29,-2.09,-0.76,-0.058,0.487
2024-04-30,1.19,-1.32,-0.008,0.408
2024-05-01,-0.73,-1.81,0.018,0.313
2024-05-02,-1.88,-1.52,0.055,0.302
2024-05-03,-1.37,-1.23,0.162,0.242
2024-05-04,-1.26,-1.10,0.246,0.293
2024-05-05,-1.88,-0.40,0.215,0.355
2024-05-06,1.23,-0.83,0.243,0.332
2024-05-07,-0.50,-1.36,0.132,0.253
2024-05-08,-1.42,-0.72,0.113,0.239
2024-05-09,-1.37,-0.99,0.150,0.215
2024-05-10,-0.90,-0.87,0.166,0.122
2024-05-11,-1.63,-0.79,0.140,0.214
2024-05-12,-0.96,-0.92,0.138,0.232
2024-05-13,-0.34,-1.35,0.132,0.231
2024-05-14,1.25,0.07,0.137,0.393
2024-05-15,1.26,-0.99,0.110,0.414
2024-05-16,-1.08,1.79,0.111,0.421
2024-05-17,-1.08,0.98,0.070,0.346
2024-05-18,0.48,1.14,0.063,0.292
2024-05-19,0.91,-1.17,0.074,0.308
2024-05-20,0.82,-1.12,0.061,0.214
2024-05-21,0.72,-1.29,0.058,0.210
2024-05-22,-2.21,-1.38,0.046,0.291
2024-05-23,-2.00,-1.25,0.076,0.290
2024-05-24,-1.40,-0.74,0.198,0.278
2024-05-25,-1.20,-1.04,0.156,0.181
2024-05-26,-1.49,-0.03,0.199,0.217
2024-05-27,-1.46,-0.56,0.130,0.262
2024-05-28,-1.78,-1.15,0.149,0.256
2024-05-29,-1.03,-1.42,0.195,0.320
2024-05-30,-0.79,-1.56,0.177,0.225
2024-05-31,-1.32,-1.41,0.217,0.253
2024-06-01,-2.13,-1.33,0.098,0.230
2024-06-02,-2.00,-1.93,0.178,0.205
2024-06-03,-2.01,-1.36,0.112,0.276
2024-06-04,-1.27,0.92,0.161,0.226
2024-06-05,-1.69,0.68,,
2024-06-06,-1.74,1.46,,
2024-06-07,-1.87,2.31,,
2024-06-08,-1.30,-0.05,,
2024-06-09,-2.05,0.63,-0.017,0.316
2024-06-10,-1.82,0.97,-0.023,0.369
2024-06-11,-2.67,1.94,-0.063,0.409
2024-06-12,-1.81,1.32,0.001,0.345
2024-06-13,-1.38,0.40,0.054,0.462
2024-06-14,-2.18,1.42,0.081,0.471
2024-06-15,-1.49,0.16,0.135,0.322
2024-06-16,-1.78,0.25,0.182,0.337
2024-06-17,-1.33,1.83,0.142,0.361
2024-06-18,-1.65,1.29,0.203,0.253
2024-06-19,-1.24,-0.77,0.207,0.225
2024-06-20,-1.85,-0.19,0.112,0.278
2024-06-21,-1.19,-0.96,0.204,0.236
2024-06-22,-1.69,-1.14,0.119,0.207
2024-06-23,-0.86,-1.18,0.165,0.142
2024-06-24,-1.00,-0.97,0.134,0.153
2024-06-25,-0.92,-0.83,0.181,0.157
2024-06-26,-1.92,-1.92,0.066,0.161
2024-06-27,-3.42,1.45,0.018,0.346
2024-06-28,-2.14,0.49,0.034,0.244
2024-06-29,-1.31,-1.18,0.037,0.156
2024-06-30,-1.94,-1.26,-0.055,0.106
2024-07-01,-1.22,-0.79,0.056,0.126
2024-07-02,-2.85,-2.48,-0.087,0.113
2024-07-03,-3.97,-4.41,-0.121,0.013
2024-07-04,-4.88,1.49,-0.196,0.498
2024-07-05,-1.75,-0.97,-0.169,0.399
2024-07-06,-2.16,1.30,0.008,0.335
2024-07-07,-1.57,0.80,-0.070,0.188
2024-07-08,-1.78,-0.75,-0.029,0.196
2024-07-09,-1.41,-0.95,-0.036,0.244
2024-07-10,-2.13,-1.28,-0.059,0.054
2024-07-11,-1.88,-1.32,-0.089,0.134
2024-07-12,-1.50,-1.44,-0.050,0.100
2024-07-13,-2.69,-1.88,-0.122,0.034
2024-07-14,-1.89,-1.83,-0.050,0.137
2024-07-15,-2.24,-1.69,-0.007,0.069
2024-07-16,-2.27,-1.59,-0.023,0.134
2024-07-17,-0.88,-0.74,0.122,0.066
2024-07-18,-1.83,-1.01,0.058,0.134
2024-07-19,-1.74,-1.13,0.136,0.075
2024-07-20,-1.66,-1.08,0.191,0.011
2024-07-21,-1.68,-0.55,0.231,0.087
2024-07-22,-2.87,-1.28,0.202,-0.046
2024-07-23,-1.74,-1.05,0.239,-0.022
2024-07-24,-2.09,-1.41,0.142,-0.082
2024-07-25,-1.79,-1.25,0.197,-0.098
2024-07-26,-1.96,-1.13,0.202,-0.091
2024-07-27,-1.71,-1.24,0.255,-0.086
2024-07-28,-1.93,-1.03,0.225,-0.048
2024-07-29,-2.10,-1.70,0.165,-0.109
2024-07-30,-1.67,-1.35,0.164,-0.090
2024-07-31,-1.94,-1.31,0.093,-0.094
2024-08-01,-1.88,-1.47,0.146,-0.186
2024-08-02,-2.09,1.36,0.186,-0.192
2024-08-03,-2.00,3.46,0.170,-0.130
2024-08-04,-1.15,-0.75,0.147,-0.183
2024-08-05,-0.97,-1.20,0.183,-0.125
2024-08-06,-1.73,-1.79,0.054,-0.086
2024-08-07,-1.18,-1.41,0.072,-0.126
2024-08-08,-1.82,0.81,0.055,0.011
2024-08-09,-0.62,-1.07,0.057,-0.003
2024-08-10,-2.66,-2.15,-0.009,-0.172
2024-08-11,-2.29,-1.38,0.047,-0.149
2024-08-12,-1.29,-0.72,0.049,-0.030
2024-08-13,-1.39,-1.17,0.049,-0.152
2024-08-14,-1.87,-2.48,-0.012,-0.212
2024-08-15,-1.48,-1.29,-0.004,-0.310
2024-08-16,-0.80,-0.72,-0.006,-0.182
2024-08-17,-1.27,-1.03,0.006,-0.159
2024-08-18,-1.53,-1.33,-0.032,-0.279
2024-08-19,-1.61,-0.62,-0.038,-0.216
2024-08-20,-1.52,-1.27,-0.042,-0.203
2024-08-21,-2.49,-2.02,-0.069,-0.143
2024-08-22,-2.03,-1.32,-0.068,-0.183
2024-08-23,-1.70,-1.02,-0.028,-0.106
2024-08-24,-1.23,-1.32,0.006,-0.063
2024-08-25,-1.39,-1.54,-0.039,0.061
2024-08-26,-1.63,-0.53,-0.023,0.120
2024-08-27,-1.21,0.64,0.035,0.223
2024-08-28,-1.46,-1.06,-0.027,0.330
2024-08-29,-2.30,-1.67,-0.070,0.339
2024-08-30,-0.30,-1.13,0.023,0.230
2024-08-31,-1.33,-0.57,-0.006,0.277
2024-09-01,-1.20,-0.39,0.048,0.126
2024-09-02,-1.37,-0.73,0.057,0.173
2024-09-03,-1.58,-1.02,0.068,0.053
2024-09-04,-2.03,-0.99,0.042,0.121
2024-09-05,-1.50,-0.76,0.014,0.202
2024-09-06,-1.52,-0.32,0.053,0.127
2024-09-07,-1.31,-0.00,0.091,0.028
2024-09-08,-1.28,-0.04,0.081,-0.001
2024-09-09,-1.03,-1.47,0.076,-0.040
2024-09-10,-1.42,-1.28,0.096,-0.116
2024-09-11,-1.71,-0.00,0.188,-0.042
2024-09-12,-1.12,-0.32,0.155,0.028
2024-09-13,-0.98,-0.98,0.115,0.108
2024-09-14,-0.83,-0.77,0.133,0.155
2024-09-15,-1.11,-0.57,0.103,0.231
2024-09-16,-1.10,-1.10,0.039,0.232
2024-09-17,-0.41,-1.33,0.053,0.336
2024-09-18,-0.60,-1.73,0.030,0.193
2024-09-19,-1.40,-1.31,0.015,0.168
2024-09-20,-1.05,-1.21,0.012,0.147
2024-09-21,-1.47,0.23,-0.016,0.170
2024-09-22,-1.82,0.85,-0.042,0.161
2024-09-23,-2.77,1.94,-0.071,0.227
2024-09-24,-3.16,2.84,-0.111,0.230
2024-09-25,-2.93,3.62,-0.070,-0.076
2024-09-26,-2.68,4.29,-0.043,-0.148
2024-09-27,-1.95,1.52,0.016,-0.316
2024-09-28,-1.81,-0.88,-0.031,-0.357
2024-09-29,-2.02,0.99,-0.055,-0.230
2024-09-30,-1.83,0.74,-0.028,-0.110
2024-10-01,-1.26,-0.73,0.094,-0.206
2024-10-02,-1.31,1.68,0.067,-0.240
2024-10-03,-1.40,0.71,0.084,-0.191
2024-10-04,-1.72,-1.50,0.022,-0.175
2024-10-05,-1.24,-1.15,0.029,-0.147
2024-10-06,-1.29,-0.78,0.023,-0.108
2024-10-07,-0.73,2.11,0.061,-0.086
2024-10-08,-0.76,3.06,0.000,-0.014
2024-10-09,-1.03,3.60,0.001,0.040
2024-10-10,0.05,2.90,0.031,-0.011
2024-10-11,-0.97,-1.25,-0.024,-0.112
2024-10-12,-1.46,-0.88,-0.037,0.009
2024-10-13,-1.29,-1.21,-0.048,0.120
2024-10-14,-1.33,-1.84,-0.049,0.151
2024-10-15,-1.61,-1.99,-0.036,0.126
2024-10-16,-1.98,0.61,-0.071,0.015
2024-10-17,-1.99,1.10,-0.056,0.156
2024-10-18,-1.80,-1.26,0.007,0.139
2024-10-19,-2.40,-1.12,-0.007,0.185
2024-10-20,-2.29,-2.13,-0.024,0.206
2024-10-21,-1.30,-3.39,0.073,0.146
2024-10-22,-1.12,-2.02,0.155,0.124
2024-10-23,-0.93,-0.93,0.060,-0.045
2024-10-24,-1.57,-1.23,-0.060,-0.049
2024-10-25,-2.85,-1.78,-0.147,0.046
2024-10-26,-3.43,-2.59,-0.169,0.188
2024-10-27,-3.60,-2.52,-0.174,0.221
2024-10-28,-3.26,-2.20,-0.082,0.279
2024-10-29,-3.54,-2.39,-0.086,0.240
2024-10-30,-3.81,-2.47,-0.066,0.161
2024-10-31,-3.52,-1.95,-0.029,0.178
2024-11-01,-3.35,-1.42,-0.076,0.243
2024-11-02,-3.42,-2.06,-0.118,0.301
2024-11-03,-3.12,-1.95,-0.135,0.338
2024-11-04,-3.34,-2.09,-0.135,0.412
2024-11-05,-5.46,1.26,-0.046,0.622
2024-11-06,-2.86,5.38,-0.006,0.692
2024-11-07,-1.46,0.74,-0.034,0.409
2024-11-08,-2.27,-0.57,-0.031,0.220
2024-11-09,-1.90,-1.05,-0.030,0.252
2024-11-10,-2.53,0.18,-0.023,0.343
2024-11-11,-1.40,-0.35,-0.008,0.136
2024-11-12,-1.33,-0.16,0.029,0.113
2024-11-13,-1.62,-1.26,-0.041,-0.023
2024-11-14,-1.56,-0.22,0.033,0.054
2024-11-15,-1.18,0.92,-0.004,0.123
2024-11-16,-1.23,-0.47,0.053,-0.055
2024-11-17,-2.23,-0.99,0.013,-0.196
2024-11-18,-3.27,-1.74,-0.082,-0.095
2024-11-19,-2.81,-0.91,-0.116,0.125
2024-11-20,-1.84,-1.06,-0.073,0.119
2024-11-21,-0.69,-1.19,-0.050,-0.037
2024-11-22,-1.05,-0.79,-0.092,-0.189
2024-11-23,-2.05,-3.41,-0.198,-0.244
2024-11-24,-3.53,-2.20,-0.210,0.113
2024-11-25,-2.39,-1.55,-0.181,0.232
2024-11-26,-2.74,-1.85,-0.232,0.224
2024-11-27,-2.73,-2.63,-0.152,0.033
2024-11-28,-2.11,-0.73,-0.099,0.097
2024-11-29,0.16,-0.71,-0.054,0.153
2024-11-30,-0.44,-1.20,0.022,0.030
2024-12-01,-2.68,-2.68,0.000,-0.030
2024-12-02,-2.30,-3.42,-0.029,-0.070
2024-12-03,-2.75,-4.58,-0.074,-0.007
2024-12-04,-4.68,-5.20,-0.170,0.009
2024-12-05,-4.41,-3.45,-0.108,0.170
2024-12-06,-3.37,-2.83,-0.121,0.224
2024-12-07,-3.83,-3.57,-0.118,0.092
2024-12-08,-4.22,-2.95,-0.104,0.029
2024-12-09,-4.08,-2.55,-0.105,0.196
2024-12-10,-3.23,-1.87,-0.152,0.338
2024-12-11,-2.51,-2.26,-0.152,0.310
2024-12-12,-2.67,-2.77,-0.126,0.157
2024-12-13,-3.54,-3.08,-0.126,0.060
2024-12-14,-3.91,-3.17,-0.175,0.080
2024-12-15,-2.00,-3.60,-0.149,0.196
2024-12-16,-2.07,-1.50,-0.168,0.379
2024-12-17,-1.93,-1.07,-0.112,0.313
2024-12-18,-2.73,-1.78,-0.168,0.390
2024-12-19,-1.99,-2.29,-0.174,0.396
2024-12-20,-1.36,-3.19,-0.175,0.393
2024-12-21,-2.07,-4.06,-0.205,0.311
2024-12-22,-2.77,-3.68,-0.206,0.299
2024-12-23,-3.70,-2.89,-0.212,0.381
2024-12-24,-3.60,-2.43,-0.177,0.419
2024-12-25,-1.82,-1.58,-0.081,0.468
2024-12-26,-1.95,-1.64,-0.093,0.496
2024-12-27,-2.71,-1.38,-0.068,0.489
2024-12-28,-2.64,-1.29,0.069,0.483
2024-12-29,-2.36,-0.81,0.300,0.482
2024-12-30,-1.55,-0.97,0.294,0.501
2024-12-31,-2.26,-1.36,0.156,0.383
2025-01-01,-2.68,-2.17,0.060,0.228
2025-01-02,-3.10,-2.34,-0.043,0.183
2025-01-03,-3.50,-2.83,-0.090,0.184
2025-01-04,-3.51,-3.27,-0.101,0.196
2025-01-05,-4.94,-2.97,-0.138,0.257
2025-01-06,-2.39,-1.87,-0.005,0.419
2025-01-07,-1.80,-3.12,-0.008,0.316
2025-01-08,-2.14,-4.21,-0.041,0.010
2025-01-09,-1.31,-4.04,-0.026,-0.036
2025-01-10,-1.94,-1.87,-0.051,0.172
2025-01-11,-1.33,-1.38,-0.047,0.198
2025-01-12,-1.33,-0.86,-0.064,0.251
2025-01-13,-2.19,-1.07,-0.078,0.270
2025-01-14,-2.78,-2.25,-0.035,0.252
2025-01-15,-2.93,-3.14,-0.027,0.173
2025-01-16,-3.20,-2.88,-0.054,0.157
2025-01-17,-2.43,-0.70,-0.013,0.261
2025-01-18,-1.91,-0.62,-0.026,0.286
2025-01-19,-1.19,-0.63,0.034,0.298
2025-01-20,-1.98,-1.55,0.002,0.342
2025-01-21,-2.13,-1.61,-0.019,0.377
2025-01-22,-1.78,-0.28,0.006,0.387
2025-01-23,-2.18,-1.83,0.027,0.326
2025-01-24,-2.50,-3.32,-0.000,0.207
2025-01-25,-3.26,-5.22,-0.043,0.063
2025-01-26,-3.66,-2.66,-0.010,0.141
2025-01-27,-3.23,-1.94,-0.063,0.289
2025-01-28,-2.42,-2.60,-0.035,0.233
2025-01-29,-2.86,-2.32,-0.004,0.241
2025-01-30,-3.38,-1.30,-0.051,0.344
2025-01-31,-2.56,-1.03,-0.021,0.404
2025-02-01,-2.12,-1.78,-0.041,0.398
2025-02-02,-2.75,-2.23,-0.019,0.378
2025-02-03,-3.27,-2.12,-0.055,0.374
2025-02-04,-3.72,-2.06,-0.081,0.431
2025-02-05,-3.91,-2.64,-0.078,0.387
2025-02-06,-3.79,-2.01,-0.111,0.427
2025-02-07,-3.00,-1.95,-0.082,0.402
2025-02-08,-2.42,-1.63,-0.094,0.417
2025-02-09,-3.47,-2.34,-0.146,0.424
2025-02-10,-3.69,-2.13,-0.198,0.498
2025-02-11,-2.97,-1.85,-0.194,0.503
2025-02-12,-1.95,-0.52,-0.132,0.595
2025-02-13,-2.09,-0.98,-0.003,0.572
2025-02-14,-2.70,-1.38,-0.010,0.510
2025-02-15,-3.30,-1.14,0.016,0.476
2025-02-16,-0.15,1.10,0.216,0.493
2025-02-17,-0.87,-1.24,0.135,0.453
2025-02-18,-1.71,-1.49,0.111,0.396
2025-02-19,-1.69,0.15,0.140,0.388
2025-02-20,-1.03,-1.86,0.092,0.458
2025-02-21,-2.02,-2.78,0.062,0.364
2025-02-22,-3.00,-2.18,-0.018,0.346
2025-02-23,-2.75,-1.72,-0.008,0.342
2025-02-24,-0.23,0.85,0.035,0.390
2025-02-25,-0.52,2.67,0.020,0.400
2025-02-26,-0.78,-1.30,-0.007,0.167
2025-02-27,-1.04,-1.07,-0.013,0.175
2025-02-28,-0.10,-1.40,-0.007,0.166
2025-03-01,-1.03,-1.18,0.001,0.230
2025-03-02,-0.63,-1.48,0.039,0.153
2025-03-03,-0.66,-1.92,-0.024,0.135
2025-03-04,-1.38,-0.90,0.078,0.133
2025-03-05,0.33,-1.03,0.076,0.212
2025-03-06,-0.03,-1.83,0.122,0.081
2025-03-07,-1.27,-1.95,0.064,0.093
2025-03-08,-0.81,0.93,0.224,0.099
2025-03-09,-0.12,1.12,0.112,0.166
2025-03-10,-1.28,1.59,0.196,0.208
2025-03-11,0.85,1.26,0.216,0.190
2025-03-12,-1.09,-1.21,0.149,-0.002
2025-03-13,-1.62,-0.31,0.141,0.101
2025-03-14,-0.82,1.02,0.138,0.144
2025-03-15,-1.51,0.87,0.050,0.199
2025-03-16,-1.45,1.17,0.065,0.230
2025-03-17,0.32,-1.51,0.059,0.144
2025-03-18,-1.35,-4.16,-0.032,-0.006
2025-03-19,-2.79,-2.51,-0.046,0.099
2025-03-20,-2.06,-1.92,-0.083,0.214
2025-03-21,-2.15,-2.65,-0.050,0.219
2025-03-22,-3.03,-2.20,-0.129,0.169
2025-03-23,-2.06,-1.44,-0.102,0.289
2025-03-24,-1.56,-1.26,-0.095,0.415
2025-03-25,-1.73,-1.67,-0.084,0.384
2025-03-26,-2.01,-2.08,-0.046,0.244
2025-03-27,-2.60,-2.70,-0.082,0.157
2025-03-28,-3.10,-2.09,-0.113,0.224
2025-03-29,-1.85,-0.60,-0.069,0.384
2025-03-30,-1.23,0.50,-0.038,0.379
2025-03-31,-1.43,-1.24,-0.076,0.304
2025-04-01,-0.12,0.95,-0.019,0.347
2025-04-02,-1.65,-0.63,-0.028,0.256
2025-04-03,-2.30,-0.49,-0.013,0.309
2025-04-04,-2.10,-1.21,-0.030,0.324
2025-04-05,-2.25,-0.82,0.032,0.319
2025-04-06,-1.66,-0.67,0.062,0.251
2025-04-07,-0.76,0.91,0.118,0.214
2025-04-08,-1.29,1.29,0.078,0.240
2025-04-09,0.46,-1.41,0.171,0.130
2025-04-10,-0.97,-1.67,0.100,0.076
2025-04-11,-1.45,-1.56,0.080,0.134
2025-04-12,-1.26,-2.17,0.080,0.165
2025-04-13,-2.11,-3.25,0.005,0.130
2025-04-14,-3.38,-2.03,0.028,0.199
2025-04-15,-2.81,-1.69,-0.002,0.335
2025-04-16,-2.24,-2.57,0.039,0.259
2025-04-17,-2.15,-2.56,0.075,0.201
2025-04-18,-3.35,-2.91,0.012,0.244
2025-04-19,-3.99,-1.70,0.031,0.424
2025-04-20,-3.66,-1.40,0.017,0.427
2025-04-21,-3.95,-1.76,0.079,0.369
2025-04-22,-2.88,-0.56,0.066,0.340
2025-04-23,-2.72,-1.51,0.069,0.279
2025-04-24,-2.11,-1.37,-0.012,0.300
2025-04-25,-2.31,-1.39,0.016,0.219
2025-04-26,-2.16,-1.45,-0.037,0.218
2025-04-27,-1.90,-1.48,0.039,0.214
2025-04-28,-2.83,-2.37,-0.066,0.161
2025-04-29,-3.13,-2.44,-0.050,0.212
2025-04-30,-2.97,-1.85,-0.077,0.225
2025-05-01,-2.25,-1.14,-0.010,0.287
2025-05-02,-1.90,-0.89,-0.051,0.327
2025-05-03,-1.54,-0.08,0.039,0.320
2025-05-04,-1.17,0.88,0.048,0.402
2025-05-05,1.07,0.21,0.043,0.350
2025-05-06,-1.11,-1.47,0.062,0.258
2025-05-07,-1.61,-0.82,0.059,0.192
2025-05-08,-2.00,-0.81,0.060,0.132
2025-05-09,-1.62,0.83,0.182,0.096
2025-05-10,-0.76,-1.04,0.186,0.030
2025-05-11,-1.99,0.07,0.181,0.023
2025-05-12,0.13,-1.47,0.283,-0.135
2025-05-13,0.13,-1.22,0.256,-0.228
2025-05-14,0.96,-0.75,0.264,-0.222
2025-05-15,-0.99,-0.83,0.197,-0.303
2025-05-16,-1.43,-1.34,0.104,-0.198
2025-05-17,-1.26,-0.34,0.109,-0.248
2025-05-18,-1.05,-0.02,0.093,-0.149
2025-05-19,-0.22,0.78,0.113,-0.161
2025-05-20,0.16,0.83,0.125,-0.072
2025-05-21,-1.00,-0.58,0.089,-0.052
2025-05-22,-0.23,-1.63,0.109,-0.126
2025-05-23,-1.38,-0.67,0.083,-0.194
2025-05-24,-0.19,-1.58,0.097,-0.131
2025-05-25,-0.82,-0.49,0.140,-0.083
2025-05-26,-0.85,-0.97,0.135,0.016
2025-05-27,-0.35,-0.69,0.137,-0.002
2025-05-28,-1.24,-1.00,0.135,0.029
2025-05-29,-1.84,-0.98,0.194,-0.018
2025-05-30,-0.91,-0.71,0.235,-0.052
2025-05-31,-1.17,-0.27,0.275,-0.074
2025-06-01,-1.94,0.78,0.202,-0.001
2025-06-02,-1.98,0.68,0.262,0.099
2025-06-03,-1.98,1.66,0.169,0.123
2025-06-04,-1.79,-0.35,0.127,-0.015
2025-06-05,-1.48,-0.13,0.181,-0.072
2025-06-06,-0.85,-1.53,0.210,-0.063
2025-06-07,-1.09,-1.17,0.142,-0.033
2025-06-08,-1.42,-1.11,0.103,0.044
2025-06-09,-0.98,-1.09,0.093,0.124
2025-06-10,0.75,-1.04,0.062,0.231
2025-06-11,-1.20,-1.20,0.091,0.221
2025-06-12,-1.55,-0.76,0.063,0.229
2025-06-13,-1.88,-0.84,0.229,0.236
2025-06-14,-1.29,-0.47,0.246,0.322
2025-06-15,-1.18,-0.99,0.211,0.335
2025-06-16,-1.59,-0.11,0.169,0.288
2025-06-17,-1.76,-0.97,0.083,0.325
2025-06-18,-1.80,-0.48,0.129,0.198
2025-06-19,-2.13,-0.78,0.159,0.217
2025-06-20,-1.43,-1.16,0.174,0.182
2025-06-21,-1.04,-1.01,0.127,0.251
2025-06-22,0.90,-0.76,0.178,0.238
2025-06-23,-1.70,-0.55,0.087,0.274
2025-06-24,-1.92,-1.20,0.069,0.301
2025-06-25,-2.04,-0.70,0.058,0.317
2025-06-26,-1.27,0.89,0.100,0.401
2025-06-27,-1.64,0.23,0.160,0.378
2025-06-28,-1.40,-1.31,0.215,0.250
2025-06-29,-1.55,-1.21,0.158,0.195
2025-06-30,-1.31,-1.13,0.173,0.216
2025-07-01,-0.78,-1.59,0.245,0.311
2025-07-02,-0.53,-1.72,0.239,0.265
2025-07-03,-0.98,-0.30,0.219,0.285
2025-07-04,0.94,-0.71,0.274,0.214
2025-07-05,-0.21,-1.34,0.224,0.219
2025-07-06,-1.32,-0.51,0.195,0.254
2025-07-07,-1.72,-1.20,0.249,0.227
2025-07-08,-1.32,-1.18,0.211,0.211
2025-07-09,-0.89,-1.18,0.131,0.139
2025-07-10,-0.37,-1.38,0.166,0.150
2025-07-11,-1.65,-0.70,0.137,0.158
2025-07-12,-0.94,-1.25,0.190,0.134
2025-07-13,0.86,-0.96,0.243,0.093
2025-07-14,0.69,-1.03,0.169,0.129
2025-07-15,0.86,-0.46,0.171,0.103
2025-07-16,-0.47,-0.78,0.175,0.112
2025-07-17,-2.21,-1.79,0.128,0.080
2025-07-18,-2.45,-1.25,0.120,0.105
2025-07-19,-2.43,-1.46,0.057,0.058
2025-07-20,-2.02,-1.12,-0.098,0.137
2025-07-21,-0.86,-0.72,-0.070,0.154
2025-07-22,-0.62,-0.67,-0.082,0.231
2025-07-23,-1.32,-1.07,-0.080,0.320
2025-07-24,-1.99,-1.55,-0.058,0.292
2025-07-25,-2.09,-1.07,0.012,0.343
2025-07-26,-2.46,-1.48,0.035,0.284
2025-07-27,-1.63,-1.81,0.060,0.221
2025-07-28,-2.11,-1.65,0.021,0.100
2025-07-29,-1.36,-0.69,0.110,0.139
2025-07-30,-1.34,-1.59,0.016,0.147
2025-07-31,-1.77,-1.71,0.032,0.117
2025-08-01,-0.39,-1.06,0.090,0.135
2025-08-02,-1.29,-1.72,-0.032,0.102
2025-08-03,-1.80,-1.46,0.028,0.015
2025-08-04,-0.58,-1.45,0.038,0.133
2025-08-05,-1.45,-1.18,-0.004,0.136
2025-08-06,-1.40,-1.93,0.016,0.094
2025-08-07,-1.19,-0.90,0.063,0.091
2025-08-08,-1.29,1.24,0.087,0.106
2025-08-09,-0.68,-1.09,0.043,0.080
2025-08-10,-1.64,-1.19,0.047,0.063
2025-08-11,-1.28,-0.71,0.062,-0.009
2025-08-12,-1.20,-1.04,0.037,0.056
2025-08-13,-1.58,-0.91,0.084,0.104
2025-08-14,-1.85,-2.54,-0.008,-0.053
2025-08-15,-1.71,-1.03,-0.027,-0.130
2025-08-16,-2.15,-2.30,-0.115,-0.222
2025-08-17,-0.72,-1.87,-0.091,-0.218
2025-08-18,0.73,-1.90,-0.070,-0.289
2025-08-19,1.47,0.10,-0.016,-0.279
2025-08-20,-1.37,1.04,-0.072,-0.199
2025-08-21,-1.05,0.32,-0.099,-0.179
2025-08-22,-1.75,-1.75,-0.115,-0.125
2025-08-23,-1.13,-1.13,-0.096,-0.049
2025-08-24,-1.14,-0.33,-0.111,0.027
2025-08-25,-1.22,-1.88,-0.067,0.074
2025-08-26,-2.58,-1.68,-0.125,0.073
2025-08-27,-1.37,-1.03,-0.080,0.112
2025-08-28,-1.37,-1.19,-0.039,0.159
2025-08-29,-0.94,1.21,-0.078,0.221
2025-08-30,1.84,-0.60,-0.087,0.145
2025-08-31,-0.80,-1.06,-0.091,0.074
2025-09-01,-1.47,-1.63,-0.124,0.051
2025-09-02,-1.05,-0.94,-0.112,0.041
2025-09-03,-1.05,-0.98,0.088,0.251
2025-09-04,-0.81,-0.43,0.078,0.205
2025-09-05,-1.07,-1.64,0.102,0.148
2025-09-06,-1.76,-1.42,0.061,0.104
2025-09-07,-2.09,-0.11,0.080,0.170
2025-09-08,-1.26,0.95,0.089,0.172
2025-09-09,-1.63,-0.66,0.065,0.126
2025-09-10,-1.53,-1.11,0.010,0.189
2025-09-11,-1.17,-2.03,0.002,0.188
2025-09-12,-1.83,-0.32,-0.036,0.179
2025-09-13,-2.29,0.32,-0.033,0.163
2025-09-14,-1.44,-1.16,-0.028,0.134
2025-09-15,-1.83,-1.43,-0.066,0.101
2025-09-16,-2.06,-1.05,-0.084,0.142
2025-09-17,-1.62,-0.90,-0.002,0.114
2025-09-18,-1.46,-0.34,0.031,0.110
2025-09-19,-0.17,-1.41,0.073,0.008
2025-09-20,-0.76,-0.34,0.039,-0.013
2025-09-21,-0.57,1.27,0.083,0.047
2025-09-22,-0.39,-1.36,0.112,0.032
2025-09-23,-0.72,-0.86,0.120,-0.057
2025-09-24,-1.86,-1.99,0.045,0.038
2025-09-25,-1.61,-1.12,0.102,-0.008
2025-09-26,-0.59,-1.83,0.166,-0.083
2025-09-27,0.70,1.82,0.261,-0.183
2025-09-28,-0.05,2.95,0.289,-0.226
2025-09-29,-0.00,2.43,0.302,-0.200
2025-09-30,-1.10,1.90,0.247,-0.084
2025-10-01,-1.11,0.52,0.262,-0.126
2025-10-02,-1.82,-0.22,0.238,-0.054
2025-10-03,-2.00,1.16,0.195,-0.052
2025-10-04,-1.65,0.60,0.245,-0.058
2025-10-05,-1.57,-0.36,0.175,-0.073
2025-10-06,-1.56,-0.86,0.138,-0.145
2025-10-07,-1.15,-0.75,0.162,-0.083
2025-10-08,-1.32,-1.03,0.100,-0.135
2025-10-09,-1.20,-1.01,0.148,-0.136
2025-10-10,-0.82,1.61,0.103,-0.026
2025-10-11,-0.93,3.25,0.143,0.091
2025-10-12,-1.52,3.12,0.103,0.090
2025-10-13,-1.57,1.88,0.083,0.057
2025-10-14,-1.29,1.43,0.063,-0.059
2025-10-15,-1.38,0.29,0.031,-0.045
2025-10-16,-0.59,-1.21,0.048,-0.123
2025-10-17,-0.47,-1.46,0.037,-0.202
2025-10-18,-1.51,0.52,0.046,-0.171
2025-10-19,-1.09,0.13,0.077,-0.192
2025-10-20,-0.92,-1.13,0.063,-0.152
2025-10-21,-1.95,-2.49,0.012,-0.192
2025-10-22,-2.23,-1.74,-0.017,-0.095
2025-10-23,-3.23,-2.43,-0.067,-0.026
2025-10-24,-3.49,-3.49,-0.111,0.021
2025-10-25,-3.22,-3.11,-0.077,0.073
2025-10-26,-4.99,-3.90,-0.132,0.071
2025-10-27,-5.20,-3.01,-0.223,0.401
2025-10-28,-3.64,-10.01,-0.192,0.369
2025-10-29,4.73,-3.83,0.246,-0.175
2025-10-30,1.88,-2.16,0.080,-0.384
2025-10-31,-1.46,-2.86,-0.020,-0.604
2025-11-01,-0.54,-1.56,-0.157,0.014
2025-11-02,-1.26,-0.85,-0.162,0.296
2025-11-03,-1.33,0.09,0.006,0.235
2025-11-04,-2.58,-2.49,-0.066,0.074
2025-11-05,-2.48,-1.49,-0.047,-0.005
2025-11-06,-1.32,-0.99,0.018,-0.060
2025-11-07,-1.46,-0.28,0.003,0.062
2025-11-08,-1.37,-0.34,0.028,0.078
2025-11-09,-1.91,-1.06,0.025,0.157
2025-11-10,-2.33,-1.69,-0.020,0.251
2025-11-11,-2.30,-2.94,-0.074,0.200
2025-11-12,-3.33,-2.60,-0.216,0.225
2025-11-13,-2.88,-2.17,-0.162,0.325
2025-11-14,-2.31,-1.68,0.022,0.284
2025-11-15,-1.70,-1.58,0.069,0.117
2025-11-16,-1.82,-0.56,0.065,0.143
2025-11-17,-1.12,0.94,-0.024,0.183
2025-11-18,-1.34,-0.74,-0.012,0.267
2025-11-19,-2.76,-2.23,-0.101,0.290
2025-11-20,-2.92,-2.28,-0.075,0.320
2025-11-21,-2.54,-1.59,-0.055,0.331
2025-11-22,-2.20,-1.38,-0.002,0.338
2025-11-23,-2.36,-1.65,-0.041,0.300
2025-11-24,-2.71,-1.50,-0.035,0.289
2025-11-25,-2.36,-0.59,-0.042,0.362
2025-11-26,-2.33,-1.19,-0.011,0.431
2025-11-27,-1.77,-1.77,-0.012,0.438
2025-11-28,-1.99,-2.21,-0.020,0.326
2025-11-29,-1.98,-1.72,-0.014,0.286
2025-11-30,-1.77,-1.02,0.000,0.324
2025-12-01,-2.05,-1.66,-0.023,0.357
2025-12-02,-1.74,-1.01,0.010,0.345
2025-12-03,-1.98,-1.85,-0.009,0.334
2025-12-04,-2.17,-1.70,-0.027,0.255
2025-12-05,-2.35,-1.71,-0.025,0.261
2025-12-06,-1.51,-0.49,0.010,0.296
2025-12-07,-1.43,-0.64,0.030,0.285
2025-12-08,0.82,0.82,0.082,0.212
2025-12-09,-0.95,0.39,0.116,0.157
2025-12-10,0.98,0.03,0.147,-0.080
2025-12-11,-1.04,-1.01,0.152,-0.015
2025-12-12,-2.69,-1.62,0.121,0.028
2025-12-13,-2.50,-1.22,0.147,0.086
2025-12-14,-1.26,-0.79,0.180,0.093
2025-12-15,-2.12,-2.05,0.121,-0.002
2025-12-16,-1.63,-1.57,0.121,-0.101
2025-12-17,-1.84,-1.33,0.021,0.123
2025-12-18,-1.55,-1.45,0.071,0.136
2025-12-19,-0.86,-1.03,0.097,0.154
2025-12-20,-2.21,-1.99,0.063,0.084
2025-12-21,-2.82,-1.44,0.056,0.080
2025-12-22,-2.69,-2.03,0.036,0.132
2025-12-23,-3.60,-2.08,0.000,0.124
2025-12-24,-3.43,-2.32,-0.044,0.094
2025-12-25,-3.82,-2.58,-0.066,0.134
2025-12-26,-3.25,-1.88,-0.041,0.149
2025-12-27,-2.35,-0.95,-0.016,0.274
2025-12-28,-2.75,-1.46,-0.008,0.237
2025-12-29,-2.42,-0.88,0.029,0.272
2025-12-30,-1.75,-1.94,0.016,0.283
2025-12-31,-1.49,-3.05,-0.010,0.159
2026-01-01,-0.97,-4.56,0.000,0.037
2026-01-02,-2.23,-3.19,-0.023,0.113
2026-01-03,-0.96,-1.54,-0.012,0.238
2026-01-04,-0.63,-2.21,0.026,0.189
2026-01-05,-2.11,-3.65,-0.081,0.015
2026-01-06,-2.35,-1.14,-0.043,0.205
2026-01-07,-1.83,-0.67,-0.096,0.360
2026-01-08,-1.70,-1.02,-0.081,0.293
2026-01-09,-2.66,-1.30,-0.092,0.242
2026-01-10,-3.36,-1.78,-0.149,0.292
2026-01-11,-1.93,-2.14,-0.102,0.247
2026-01-12,-1.53,-1.03,-0.068,0.162
2026-01-13,-2.19,-1.59,-0.095,0.062
2026-01-14,-1.88,-1.04,-0.110,0.240
2026-01-15,0.77,-1.23,-0.058,0.209
2026-01-16,-2.09,-2.41,-0.127,0.094
2026-01-17,-2.76,-1.12,-0.133,0.128
2026-01-18,-0.94,-1.05,-0.105,0.320
2026-01-19,-1.14,-2.15,-0.117,0.185
2026-01-20,-2.33,-2.77,-0.130,0.025
2026-01-21,-2.83,-2.37,-0.207,0.186
2026-01-22,-1.00,-1.04,-0.164,0.279
2026-01-23,-1.60,-2.38,-0.174,0.247
2026-01-24,-2.14,-1.67,-0.170,0.157
2026-01-25,-1.72,-1.25,-0.141,0.151
2026-01-26,-0.72,-1.29,-0.148,0.252
2026-01-27,-1.47,-2.54,-0.191,0.156
2026-01-28,-1.90,-1.90,-0.064,0.076
2026-01-29,-1.50,-2.07,-0.076,0.053
2026-01-30,-1.72,1.91,-0.012,0.167
2026-01-31,2.50,1.56,0.038,0.085
2026-02-01,1.09,-6.18,0.010,-0.316
2026-02-02,-0.81,-7.73,-0.085,-0.468
2026-02-03,-3.67,-4.22,-0.173,-0.006
2026-02-04,-1.78,-0.87,-0.077,0.319
2026-02-05,2.10,-0.49,-0.032,0.358
2026-02-06,0.48,-5.44,0.000,-0.098
2026-02-07,-0.09,-5.23,-0.007,-0.159
2026-02-08,-1.84,-4.13,-0.099,0.073
2026-02-09,-3.38,-2.74,-0.123,0.263
2026-02-10,-4.15,-2.30,-0.127,0.262
2026-02-11,-3.36,-1.71,-0.126,0.341
2026-02-12,-2.09,-2.33,-0.099,0.335
2026-02-13,-2.35,-2.80,-0.078,0.185
2026-02-14,-2.93,-2.83,-0.104,0.101
2026-02-15,-2.75,-0.00,-0.043,0.229
2026-02-16,-1.01,0.85,-0.035,0.360
2026-02-17,-1.15,-1.23,0.019,0.139
2026-02-18,-2.48,-1.32,-0.025,0.122
2026-02-19,-1.69,-0.94,-0.004,0.188
2026-02-20,-1.14,-0.61,0.043,0.227
2026-02-21,0.09,-1.00,0.023,0.198
2026-02-22,0.53,-1.10,0.021,0.151
2026-02-23,-0.30,-2.89,0.061,0.009
2026-02-24,-1.87,-5.76,-0.041,-0.143
2026-02-25,-3.16,-1.83,-0.025,0.037
2026-02-26,-2.43,-0.65,-0.043,0.273
2026-02-27,1.42,0.41,0.060,0.216
2026-02-28,-0.64,0.95,0.082,0.110
2026-03-01,-0.44,-1.00,0.086,-0.006
2026-03-02,-2.07,-2.14,0.036,-0.027
2026-03-03,-2.56,-1.80,-0.022,0.030
2026-03-04,-1.88,-1.27,-0.021,0.087
2026-03-05,-1.89,-0.92,0.008,0.155
2026-03-06,-2.36,-1.15,0.048,0.168
2026-03-07,-2.15,-1.87,0.021,0.206
2026-03-08,-1.77,-0.94,0.033,0.237
2026-03-09,-2.19,-1.48,0.002,0.300
2026-03-10,-2.30,-1.55,0.017,0.344
2026-03-11,-1.09,-1.25,0.119,0.335
2026-03-12,-1.19,-0.74,0.098,0.300
2026-03-13,-1.33,0.09,0.049,0.289
2026-03-14,0.36,1.10,0.087,0.271
2026-03-15,0.42,0.79,0.043,0.343
2026-03-16,-1.87,0.50,0.025,0.375
2026-03-17,-1.96,2.10,0.013,0.414
2026-03-18,-1.61,1.40,-0.008,0.329
2026-03-19,-1.19,3.10,0.059,0.361
2026-03-20,0.98,-2.69,0.060,0.103
2026-03-21,-1.75,-6.52,-0.071,-0.088
2026-03-22,-3.42,-2.87,-0.041,0.127
2026-03-23,-3.19,-2.24,-0.139,0.267
2026-03-24,-2.83,-1.98,-0.157,0.313
2026-03-25,-2.77,-2.33,-0.083,0.136
2026-03-26,-2.30,-2.22,-0.103,0.167
2026-03-27,-1.75,-1.95,-0.136,0.185
2026-03-28,-2.29,-1.92,-0.118,0.146
2026-03-29,-3.08,-2.00,-0.130,0.193
2026-03-30,-2.87,-1.16,-0.098,0.237
2026-03-31,-2.95,-1.31,-0.078,0.265
2026-04-01,-2.14,-1.24,-0.101,0.254
2026-04-02,-1.76,-1.28,-0.038,0.165
2026-04-03,-1.99,-1.29,-0.017,0.146
2026-04-04,-2.19,-1.32,-0.034,0.156
2026-04-05,-1.21,-1.44,0.049,0.179
2026-04-06,-0.78,-1.34,0.084,0.095
2026-04-07,-0.02,1.14,0.150,0.058
2026-04-08,-1.22,-1.06,-0.007,-0.034
2026-04-09,-0.55,-0.73,0.018,0.031
2026-04-10,-1.26,-2.02,-0.100,0.008
2026-04-11,-2.31,-2.76,-0.136,0.006
2026-04-12,-2.93,-2.73,-0.156,0.064
2026-04-13,-3.31,-2.98,-0.189,0.148
2026-04-14,-3.21,-2.79,-0.195,0.225
2026-04-15,-2.99,-2.70,-0.144,0.142
2026-04-16,-2.71,-2.91,-0.136,0.160
2026-04-17,-1.75,-1.23,-0.107,0.181
2026-04-18,-1.45,-0.68,-0.077,0.291
2026-04-19,-1.10,-0.42,0.000,0.259
2026-04-20,-0.68,-0.87,0.017,0.218
2026-04-21,-1.36,-2.10,-0.033,0.140
2026-04-22,-2.11,-1.84,-0.030,0.254
2026-04-23,-2.22,-1.33,0.017,0.235
2026-04-24,-0.50,2.55,0.149,0.282
2026-04-25,1.06,1.17,0.095,0.135
2026-04-26,-1.23,0.71,0.125,0.107
2026-04-27,-1.11,-0.59,0.022,0.100
2026-04-28,-1.60,-1.78,-0.041,0.028
2026-04-29,-2.16,-1.57,-0.048,0.098
2026-04-30,-1.66,-1.39,-0.037,0.082
2026-05-01,-1.47,-1.15,0.029,0.086
2026-05-02,-1.08,1.44,0.009,0.157
2026-05-03,-1.16,-0.94,0.039,0.184
2026-05-04,0.43,-1.19,0.008,0.119
2026-05-05,-1.43,0.02,-0.008,0.096
2026-05-06,1.36,0.58,-0.043,0.056
2026-05-07,0.93,0.93,-0.016,-0.011
2026-05-08,1.27,-1.03,0.018,-0.129
2026-05-09,-0.35,0.75,0.002,-0.159
2026-05-10,-0.47,-1.28,0.039,-0.138
2026-05-11,0.83,-0.67,0.044,-0.162
2026-05-12,0.27,-0.90,0.020,-0.198
2026-05-13,-0.90,0.78,0.100,-0.155
2026-05-14,-1.20,-0.34,0.194,-0.229
2026-05-15,-1.14,-0.99,0.076,-0.114
2026-05-16,-1.89,-0.61,0.104,-0.104
2026-05-17,-1.02,-1.36,0.070,-0.068
2026-05-18,-0.76,-0.85,0.138,-0.123
2026-05-19,-0.87,-1.00,0.091,-0.027
2026-05-20,-1.06,-0.82,0.212,-0.061
2026-05-21,-1.11,0.59,0.221,-0.119
2026-05-22,-0.88,-1.17,0.141,-0.023
2026-05-23,-0.77,-0.99,0.184,0.061
2026-05-24,-1.19,-0.90,0.141,0.194
2026-05-25,-0.96,-0.65,0.147,0.328
2026-05-26,-1.38,-0.70,0.073,0.419
2026-05-27,-1.25,-0.36,0.175,0.391
2026-05-28,0.58,-0.90,0.109,0.323
2026-05-29,-0.98,-1.16,0.108,0.263
2026-05-30,-1.30,0.72,0.121,0.227
2026-05-31,-1.21,1.35,0.118,0.189
2026-06-01,1.30,-1.30,0.245,0.065
2026-06-02,1.35,0.09,0.245,0.022
2026-06-03,1.43,-0.79,0.302,-0.004
2026-06-04,0.09,1.33,0.210,-0.000
2026-06-05,-0.79,1.37,0.194,-0.148
2026-06-06,-0.81,1.35,0.142,-0.138
2026-06-07,-1.61,0.46,0.100,-0.187
2026-06-08,-1.57,0.67,0.009,-0.170
2026-06-09,-1.76,0.15,-0.100,-0.117
2026-06-10,-0.50,-0.90,-0.087,-0.256
2026-06-11,1.05,0.00,-0.108,-0.181
2026-06-12,1.12,-0.57,-0.108,-0.029
2026-06-13,0.13,-1.89,-0.126,0.040
2026-06-14,-0.20,-1.29,-0.110,0.114
2026-06-15,0.58,-1.78,-0.077,0.087
2026-06-16,-2.03,-0.04,-0.152,0.105
2026-06-17,-0.98,0.40,-0.080,0.084
2026-06-18,-0.89,0.95,-0.110,0.170
2026-06-19,-0.54,-1.34,-0.035,0.159
2026-06-20,-1.67,-0.30,0.048,0.169
2026-06-21,0.52,-1.94,0.062,0.228
2026-06-22,-1.56,-1.30,0.071,0.174
2026-06-23,-1.56,-1.26,0.125,0.230
2026-06-24,-1.01,-1.24,0.045,0.154
2026-06-25,-1.60,-1.25,0.088,0.187
2026-06-26,-2.00,-1.07,-0.012,0.245
2026-06-27,-2.15,-1.68,0.123,0.347
2026-06-28,-1.90,-1.24,0.091,0.307
2026-06-29,-1.65,-1.39,0.122,0.334
2026-06-30,-1.67,-1.35,-0.086,0.347
2026-07-01,-0.70,-1.66,0.160,0.079
2026-07-02,-0.73,-0.76,0.183,-0.002
2026-07-03,-1.19,-0.90,0.100,0.050
2026-07-04,-0.89,-1.06,0.102,0.003
2026-07-05,-1.36,-0.00,0.131,0.038
2026-07-06,1.32,-0.56,0.133,0.014
2026-07-07,-2.06,-1.14,0.116,0.164
2026-07-08,-1.80,-1.80,0.108,0.138
2026-07-09,-1.09,-1.34,0.161,0.230
2026-07-10,-1.65,-0.38,0.050,0.248
2026-07-11,-0.80,-2.07,0.225,0.166
2026-07-12,-1.92,-0.85,0.135,0.220
2026-07-13,-2.42,-1.63,0.131,0.123
2026-07-14,-1.70,-1.64,0.106,0.158
2026-07-15,-1.77,-1.20,0.126,0.274
2026-07-16,-1.99,-1.10,0.106,0.259
2026-07-17,-1.47,-1.47,0.169,0.217
2026-07-18,1.10,-1.31,0.142,0.214
2026-07-19,-1.19,-1.52,0.101,0.150
2026-07-20,-1.15,-1.71,0.108,0.260
2026-07-21,-1.21,-0.85,0.074,0.176
2026-07-22,-2.03,-1.48,0.042,0.247
2026-07-23,-1.51,-0.71,0.066,0.209
2026-07-24,0.18,-1.17,0.087,0.254
2026-07-25,0.55,-1.90,0.084,0.177
2026-07-26,-0.32,-2.04,0.033,0.199
2026-07-27,-0.90,-1.55,0.057,0.192
2026-07-28,-1.16,-0.78,0.046,0.206
2026-07-29,-0.88,-1.17,0.006,0.376
2026-07-30,-1.13,-1.21,0.052,0.297
2026-07-31,0.67,-1.26,0.071,0.390
2026-08-01,-0.42,-1.81,0.015,0.378
2026-08-02,1.18,-0.52,0.110,0.349
2026-08-03,1.25,-1.44,0.146,0.327
2026-08-04,-0.29,-2.04,0.091,0.232
2026-08-05,-1.28,-1.24,0.169,0.090
2026-08-06,-1.21,-0.64,0.151,0.138
2026-08-07,-0.48,-1.57,0.124,0.105
2026-08-08,0.22,-1.56,0.124,0.113
2026-08-09,-0.81,-0.87,0.095,0.091
2026-08-10,-1.65,-1.20,0.047,0.086
2026-08-11,-1.53,-1.11,0.056,0.090
2026-08-12,-2.12,-1.13,-0.067,-0.147
2026-08-13,-0.03,-1.66,-0.031,-0.228
2026-08-14,-2.20,-0.59,-0.118,-0.219
2026-08-15,-2.56,-1.54,-0.057,-0.176
2026-08-16,-3.16,-1.98,-0.082,-0.020
2026-08-17,-1.91,-0.89,0.010,-0.118
2026-08-18,-1.63,-1.10,-0.012,-0.082
2026-08-19,-1.73,-1.40,0.026,-0.123
2026-08-20,-1.78,-1.44,-0.019,-0.004
2026-08-21,-0.67,-1.26,-0.003,0.281
2026-08-22,-1.31,-1.51,-0.026,0.362
2026-08-23,-1.28,-1.52,-0.058,0.303
2026-08-24,-0.89,-1.22,-0.014,0.239
2026-08-25,-0.85,-1.01,-0.026,0.280
2026-08-26,1.58,-1.28,0.016,0.214
2026-08-27,-1.32,-2.29,0.006,0.255
2026-08-28,-1.18,-1.41,-0.052,0.224
2026-08-29,-1.38,-1.33,-0.000,0.257
2026-08-30,0.31,-1.45,0.004,0.250
2026-08-31,-0.48,-2.28,-0.025,0.139
2026-09-01,-1.22,1.27,-0.001,0.209
2026-09-02,-1.53,0.03,0.021,0.199
2026-09-03,-0.42,-1.47,0.080,0.278
2026-09-04,-1.08,-0.44,0.151,0.166
2026-09-05,-0.87,-1.16,0.087,0.159
2026-09-06,1.08,-0.67,0.190,0.103
2026-09-07,-1.62,-0.69,0.031,0.146
2026-09-08,-1.49,-1.21,-0.004,0.088
2026-09-09,-2.04,-1.66,-0.111,0.300
2026-09-10,-1.29,-1.34,-0.065,0.231
2026-09-11,-1.64,-0.84,-0.030,0.275
2026-09-12,-1.29,-1.12,0.095,0.248
2026-09-13,-1.78,-0.91,0.074,0.117
2026-09-14,-1.56,-1.17,0.161,-0.073
2026-09-15,-1.73,-1.21,-0.079,-0.129
2026-09-16,-1.63,-1.52,-0.082,-0.326
2026-09-17,-1.29,-1.01,-0.020,-0.297
2026-09-18,-1.40,-1.45,-0.036,-0.211
2026-09-19,-2.33,-0.67,0.000,-0.126
2026-09-20,-1.47,-0.53,-0.029,-0.020
2026-09-21,-2.21,0.19,-0.049,0.105
2026-09-22,-1.75,1.27,-0.061,0.165
2026-09-23,-1.46,-1.06,-0.007,0.055
2026-09-24,-1.31,0.18,0.015,0.094
2026-09-25,-1.15,-0.20,0.029,0.061
