date,wind_u,wind_v,cur_u,cur_v
2016-01-01,-7.06,-1.63,,
2016-01-02,-4.78,-2.43,,
2016-01-03,-1.57,-3.69,,
2016-01-04,5.00,-2.66,,
2016-01-05,-0.52,-7.49,,
2016-01-06,-0.96,-3.83,,
2016-01-07,-5.05,3.28,,
2016-01-08,-2.23,3.19,,
2016-01-09,-4.42,3.33,,
2016-01-10,-3.20,-2.08,,
2016-01-11,-0.97,-6.87,,
2016-01-12,-2.62,-4.20,,
2016-01-13,-0.59,-3.32,,
2016-01-14,-3.61,0.51,,
2016-01-15,-2.39,2.95,,
2016-01-16,-3.63,2.18,,
2016-01-17,-0.65,-6.23,,
2016-01-18,-0.65,-6.15,,
2016-01-19,-2.80,-6.59,,
2016-01-20,-5.94,-4.81,,
2016-01-21,-5.39,-2.40,,
2016-01-22,5.26,-0.09,,
2016-01-23,5.64,-8.06,,
2016-01-24,2.67,-4.27,,
2016-01-25,-5.66,1.52,,
2016-01-26,-7.48,4.67,,
2016-01-27,-5.29,4.44,,
2016-01-28,6.33,-1.58,,
2016-01-29,4.50,-7.20,,
2016-01-30,-2.03,-3.13,,
2016-01-31,-5.07,2.36,,
2016-02-01,-6.73,3.00,,
2016-02-02,-8.94,3.43,,
2016-02-03,-8.79,4.29,,
2016-02-04,-4.32,1.40,,
2016-02-05,0.49,-6.95,,
2016-02-06,-2.52,-8.24,,
2016-02-07,3.93,-9.26,,
2016-02-08,2.23,-3.86,,
2016-02-09,2.50,-6.51,,
2016-02-10,2.02,-7.52,,
2016-02-11,0.12,-6.69,,
2016-02-12,-5.51,-6.12,,
2016-02-13,-2.92,-8.03,,
2016-02-14,-7.37,-5.97,,
2016-02-15,-8.77,2.19,,
2016-02-16,-4.92,1.05,,
2016-02-17,-5.52,-1.07,,
2016-02-18,-6.05,-4.90,,
2016-02-19,-8.00,-4.81,,
2016-02-20,-7.09,-4.10,,
2016-02-21,-5.82,-1.34,,
2016-02-22,-5.41,1.15,,
2016-02-23,-6.04,4.72,,
2016-02-24,-5.05,1.84,,
2016-02-25,0.71,-10.19,,
2016-02-26,-2.30,-8.02,,
2016-02-27,-4.39,-7.30,,
2016-02-28,-6.28,-3.48,,
2016-02-29,-5.47,-2.55,,
2016-03-01,-4.72,-2.73,,
2016-03-02,-4.78,-1.10,,
2016-03-03,-3.59,-1.17,,
2016-03-04,-3.60,-2.16,,
2016-03-05,-4.26,-4.11,,
2016-03-06,-4.22,-3.94,,
2016-03-07,-6.98,-1.36,,
2016-03-08,-8.25,2.52,,
2016-03-09,-10.03,3.65,,
2016-03-10,-10.02,4.05,,
2016-03-11,-10.03,3.85,,
2016-03-12,-8.97,3.27,,
2016-03-13,-7.13,2.60,,
2016-03-14,-6.53,2.50,,
2016-03-15,-7.29,2.09,,
2016-03-16,-8.66,2.16,,
2016-03-17,-7.73,2.22,,
2016-03-18,-7.38,1.98,,
2016-03-19,-6.16,2.12,,
2016-03-20,-3.70,-0.13,,
2016-03-21,0.18,-10.08,,
2016-03-22,-3.95,-8.10,,
2016-03-23,-5.80,-1.45,,
2016-03-24,-7.20,3.21,,
2016-03-25,-7.75,3.45,,
2016-03-26,-8.20,3.48,,
2016-03-27,-8.05,2.61,,
2016-03-28,-6.88,1.09,,
2016-03-29,-7.34,1.97,,
2016-03-30,-8.28,2.22,,
2016-03-31,-8.17,3.30,,
2016-04-01,-8.31,4.05,,
2016-04-02,-6.17,1.77,,
2016-04-03,-1.70,-3.34,,
2016-04-04,-2.77,-1.47,,
2016-04-05,-2.86,-4.76,,
2016-04-06,-5.74,-4.49,,
2016-04-07,-4.24,0.22,,
2016-04-08,-4.42,0.86,,
2016-04-09,-4.40,-0.08,,
2016-04-10,-5.97,-0.63,,
2016-04-11,-6.95,0.24,,
2016-04-12,-6.73,0.47,,
2016-04-13,-6.76,1.69,,
2016-04-14,-6.78,1.57,,
2016-04-15,-5.94,1.70,,
2016-04-16,-7.40,2.12,,
2016-04-17,-8.14,0.86,,
2016-04-18,-8.35,-0.29,,
2016-04-19,-8.49,-1.04,,
2016-04-20,-6.32,0.44,,
2016-04-21,-5.01,-0.35,,
2016-04-22,-4.81,0.85,,
2016-04-23,-4.01,-1.07,,
2016-04-24,-5.27,-0.46,,
2016-04-25,-5.89,1.25,,
2016-04-26,-6.27,1.11,,
2016-04-27,-7.08,2.03,,
2016-04-28,-7.95,0.98,,
2016-04-29,-8.34,0.88,,
2016-04-30,-8.85,2.21,,
2016-05-01,-8.77,1.08,,
2016-05-02,-8.31,0.73,,
2016-05-03,-6.73,0.83,,
2016-05-04,-4.20,2.05,,
2016-05-05,-0.50,-5.71,,
2016-05-06,-3.87,-5.52,,
2016-05-07,-3.90,-0.34,,
2016-05-08,-5.89,0.83,,
2016-05-09,-6.47,2.48,,
2016-05-10,-7.65,1.21,,
2016-05-11,-6.80,2.34,,
2016-05-12,-7.60,1.07,,
2016-05-13,-6.88,-0.48,,
2016-05-14,-5.90,-0.72,,
2016-05-15,-5.62,-0.99,,
2016-05-16,-5.91,1.15,,
2016-05-17,-7.41,3.15,,
2016-05-18,-7.63,3.24,,
2016-05-19,-8.50,2.12,,
2016-05-20,-9.07,2.60,,
2016-05-21,-8.02,0.84,,
2016-05-22,-6.64,0.82,,
2016-05-23,-6.78,1.82,,
2016-05-24,-6.80,1.08,,
2016-05-25,-6.78,-0.95,,
2016-05-26,-6.82,-0.36,,
2016-05-27,-6.08,1.29,,
2016-05-28,-7.32,1.29,,
2016-05-29,-6.93,-0.12,,
2016-05-30,-5.70,-0.50,,
2016-05-31,-5.23,0.27,,
2016-06-01,-6.40,0.67,,
2016-06-02,-7.07,1.25,,
2016-06-03,-7.66,1.08,,
2016-06-04,-6.75,0.47,,
2016-06-05,2.02,4.33,,
2016-06-06,1.58,4.12,,
2016-06-07,0.88,2.17,,
2016-06-08,-1.24,2.79,,
2016-06-09,-4.95,2.31,,
2016-06-10,-6.55,2.38,,
2016-06-11,-8.15,1.44,,
2016-06-12,-8.26,1.46,,
2016-06-13,-6.90,-0.60,,
2016-06-14,-5.56,-0.19,,
2016-06-15,-6.57,1.04,,
2016-06-16,-7.83,1.52,,
2016-06-17,-7.87,2.86,,
2016-06-18,-7.83,2.85,,
2016-06-19,-8.06,1.13,,
2016-06-20,-7.90,-0.00,,
2016-06-21,-6.04,-2.56,,
2016-06-22,-4.86,-1.67,,
2016-06-23,-7.18,1.14,,
2016-06-24,-6.23,-1.21,,
2016-06-25,-5.89,-0.10,,
2016-06-26,-6.98,-0.37,,
2016-06-27,-6.82,-0.48,,
2016-06-28,-5.15,-1.77,,
2016-06-29,-4.87,-1.40,,
2016-06-30,-5.91,-0.21,,
2016-07-01,-6.50,-0.68,,
2016-07-02,-6.60,-0.23,,
2016-07-03,-6.51,-0.23,,
2016-07-04,-7.88,1.25,,
2016-07-05,-6.98,0.12,,
2016-07-06,-6.88,-0.84,,
2016-07-07,-6.99,-0.73,,
2016-07-08,-8.30,0.29,,
2016-07-09,-7.04,-1.63,,
2016-07-10,-5.63,-1.51,,
2016-07-11,-5.56,0.58,,
2016-07-12,-7.69,-0.00,,
2016-07-13,-7.28,0.38,,
2016-07-14,-5.47,-2.55,,
2016-07-15,-3.98,-0.63,,
2016-07-16,-5.43,0.76,,
2016-07-17,-5.85,-0.61,,
2016-07-18,-5.42,-1.55,,
2016-07-19,-4.80,-1.02,,
2016-07-20,-5.77,-0.50,,
2016-07-21,-4.23,-0.30,,
2016-07-22,-4.31,0.08,,
2016-07-23,-5.97,0.42,,
2016-07-24,-6.67,1.06,,
2016-07-25,-6.94,0.12,,
2016-07-26,-6.45,-1.14,,
2016-07-27,-7.42,-0.65,,
2016-07-28,-6.50,-0.11,,
2016-07-29,-6.99,0.37,,
2016-07-30,-6.97,-0.00,,
2016-07-31,-5.74,-1.87,,
2016-08-01,-4.83,-1.38,,
2016-08-02,-3.54,-4.37,,
2016-08-03,-5.71,-5.52,,
2016-08-04,-14.75,2.87,,
2016-08-05,-10.14,2.72,,
2016-08-06,-7.62,2.77,,
2016-08-07,-6.73,0.71,,
2016-08-08,-6.30,0.89,,
2016-08-09,-6.88,0.84,,
2016-08-10,-7.35,1.03,,
2016-08-11,-5.92,-0.73,,
2016-08-12,-4.77,-1.10,,
2016-08-13,-5.42,1.05,,
2016-08-14,-7.80,2.53,,
2016-08-15,-8.21,1.15,,
2016-08-16,-7.98,1.26,,
2016-08-17,-8.37,0.59,,
2016-08-18,-6.69,-1.55,,
2016-08-19,-5.65,-0.39,,
2016-08-20,-6.48,0.91,,
2016-08-21,-7.45,-0.00,,
2016-08-22,-7.98,-0.28,,
2016-08-23,-6.35,-2.31,,
2016-08-24,-3.32,-4.56,,
2016-08-25,-2.54,-3.14,,
2016-08-26,-0.53,-2.74,,
2016-08-27,-2.46,-1.72,,
2016-08-28,-1.82,-2.92,,
2016-08-29,-0.28,-2.66,,
2016-08-30,1.12,3.43,,
2016-08-31,-1.30,3.99,,
2016-09-01,-3.84,3.71,,
2016-09-02,-4.93,3.99,,
2016-09-03,-8.36,3.55,,
2016-09-04,-8.70,0.91,,
2016-09-05,-7.02,0.12,,
2016-09-06,-6.39,-1.59,,
2016-09-07,-5.54,-3.33,,
2016-09-08,-3.42,-3.31,,
2016-09-09,-2.37,-0.96,,
2016-09-10,-3.92,0.48,,
2016-09-11,-3.41,0.36,,
2016-09-12,-2.96,0.10,,
2016-09-13,-4.48,1.81,,
2016-09-14,-6.53,2.91,,
2016-09-15,-6.73,1.19,,
2016-09-16,-6.01,-0.10,,
2016-09-17,-6.14,0.43,,
2016-09-18,-4.74,-1.18,,
2016-09-19,-3.37,-2.02,,
2016-09-20,-3.00,-0.42,,
2016-09-21,-3.21,-0.06,,
2016-09-22,-4.16,-0.66,,
2016-09-23,-5.27,0.09,,
2016-09-24,-5.84,0.61,,
2016-09-25,-5.32,0.37,,
2016-09-26,-6.48,0.80,,
2016-09-27,-6.54,1.27,,
2016-09-28,-6.21,0.76,,
2016-09-29,-5.70,-0.00,,
2016-09-30,-3.31,-1.83,,
2016-10-01,-1.73,-4.08,,
2016-10-02,-1.72,-4.25,,
2016-10-03,-0.27,-3.93,,
2016-10-04,-1.08,-1.43,,
2016-10-05,-1.59,-1.54,,
2016-10-06,-1.34,-1.98,,
2016-10-07,-2.09,-0.22,,
2016-10-08,-2.23,-1.24,,
2016-10-09,-2.93,-0.78,,
2016-10-10,-1.96,-2.80,,
2016-10-11,-4.12,-3.84,,
2016-10-12,-2.97,-4.57,,
2016-10-13,-2.68,-4.63,,
2016-10-14,-3.15,-2.38,,
2016-10-15,-3.39,-1.04,,
2016-10-16,-3.31,-1.69,,
2016-10-17,-2.23,-4.03,,
2016-10-18,-1.91,-4.10,,
2016-10-19,-4.77,-2.87,,
2016-10-20,-4.17,-2.71,,
2016-10-21,-2.47,-3.66,,
2016-10-22,-2.25,-4.07,,
2016-10-23,-3.90,-4.33,,
2016-10-24,-4.82,-4.49,,
2016-10-25,-3.23,-5.38,,
2016-10-26,-3.83,-4.73,,
2016-10-27,-2.92,-5.99,,
2016-10-28,1.28,-7.27,,
2016-10-29,4.05,-6.01,,
2016-10-30,3.64,-3.77,,
2016-10-31,-0.41,-3.94,,
2016-11-01,-1.86,-2.76,,
2016-11-02,-5.82,-2.12,,
2016-11-03,-6.96,-2.26,,
2016-11-04,-4.64,-4.98,,
2016-11-05,-4.31,-5.32,,
2016-11-06,-4.34,-3.91,,
2016-11-07,-3.68,-3.68,,
2016-11-08,-3.00,-3.99,,
2016-11-09,-2.83,-2.37,,
2016-11-10,-3.61,-1.92,,
2016-11-11,-3.80,-2.47,,
2016-11-12,-3.63,-0.97,,
2016-11-13,-4.04,-2.15,,
2016-11-14,-3.41,-2.86,,
2016-11-15,-0.91,-3.65,,
2016-11-16,-0.95,-6.02,,
2016-11-17,-5.04,-6.69,,
2016-11-18,-5.62,-4.24,,
2016-11-19,-3.11,-7.33,,
2016-11-20,-1.89,-8.90,,
2016-11-21,-3.01,-6.17,,
2016-11-22,-5.10,-4.13,,
2016-11-23,-5.26,-4.74,,
2016-11-24,-5.33,-5.92,,
2016-11-25,-4.73,-6.28,,
2016-11-26,-4.36,-6.46,,
2016-11-27,-2.45,-6.38,,
2016-11-28,-5.73,-0.70,,
2016-11-29,-6.16,3.28,,
2016-11-30,-6.88,3.36,,
2016-12-01,-4.70,1.44,,
2016-12-02,-4.92,-0.43,,
2016-12-03,-5.00,-0.70,,
2016-12-04,-5.49,2.22,,
2016-12-05,-5.76,4.34,,
2016-12-06,-4.83,3.38,,
2016-12-07,-6.10,2.22,,
2016-12-08,-6.47,0.79,,
2016-12-09,-5.53,-2.01,,
2016-12-10,-4.53,-3.80,,
2016-12-11,-4.40,-3.44,,
2016-12-12,-5.83,-1.35,,
2016-12-13,-5.75,0.50,,
2016-12-14,-6.40,-0.22,,
2016-12-15,-5.65,-4.25,,
2016-12-16,-6.01,-4.05,,
2016-12-17,-7.17,0.38,,
2016-12-18,-7.26,3.23,,
2016-12-19,-8.40,-1.48,,
2016-12-20,-6.11,-6.55,,
2016-12-21,-5.42,-6.46,,
2016-12-22,-4.86,-5.04,,
2016-12-23,-4.76,-5.29,,
2016-12-24,-5.69,-2.07,,
2016-12-25,-6.06,-1.29,,
2016-12-26,-6.65,0.58,,
2016-12-27,-7.10,-1.64,,
2016-12-28,-6.56,-3.34,,
2016-12-29,-4.53,-3.94,,
2016-12-30,-3.87,-5.53,,
2016-12-31,-5.24,-0.46,,
2017-01-01,-6.04,3.49,,
2017-01-02,-7.57,2.91,,
2017-01-03,-6.39,2.08,,
2017-01-04,-3.99,0.49,,
2017-01-05,-2.29,2.13,,
2017-01-06,-5.85,3.38,,
2017-01-07,-4.74,0.50,,
2017-01-08,-0.19,-11.07,,
2017-01-09,-1.09,-8.90,,
2017-01-10,-6.74,-4.38,,
2017-01-11,-8.64,-2.15,,
2017-01-12,-8.13,-1.88,,
2017-01-13,-7.54,-1.88,,
2017-01-14,-7.48,-3.02,,
2017-01-15,-6.38,-2.45,,
2017-01-16,-6.97,0.24,,
2017-01-17,-7.46,1.18,,
2017-01-18,-7.05,1.37,,
2017-01-19,-6.31,1.81,,
2017-01-20,-6.42,4.01,,
2017-01-21,-5.81,4.38,,
2017-01-22,-2.31,5.20,,
2017-01-23,5.26,-3.55,,
2017-01-24,1.17,-3.60,,
2017-01-25,-4.77,3.59,,
2017-01-26,-5.51,2.57,,
2017-01-27,-4.59,0.32,,
2017-01-28,-5.50,0.97,,
2017-01-29,-1.28,-4.78,,
2017-01-30,-0.71,-8.12,,
2017-01-31,-2.22,-5.50,,
2017-02-01,-6.23,-1.67,,
2017-02-02,-5.90,-1.92,,
2017-02-03,-6.43,-3.00,,
2017-02-04,-5.73,-4.81,,
2017-02-05,-6.75,-3.90,,
2017-02-06,-7.24,-2.08,,
2017-02-07,-6.42,0.90,,
2017-02-08,-6.48,2.36,,
2017-02-09,-6.71,-0.23,,
2017-02-10,-6.68,-3.70,,
2017-02-11,-7.31,-2.66,,
2017-02-12,-7.33,-1.96,,
2017-02-13,-6.80,-2.08,,
2017-02-14,-6.05,0.85,,
2017-02-15,-5.35,2.27,,
2017-02-16,-3.63,-2.36,,
2017-02-17,-5.93,2.04,,
2017-02-18,-7.31,4.05,,
2017-02-19,-7.89,3.03,,
2017-02-20,-8.29,3.52,,
2017-02-21,-7.24,1.67,,
2017-02-22,4.48,-2.80,,
2017-02-23,5.06,-1.17,,
2017-02-24,-3.60,3.36,,
2017-02-25,-4.98,0.97,,
2017-02-26,-5.75,-1.22,,
2017-02-27,-6.90,0.24,,
2017-02-28,-8.40,0.73,,
2017-03-01,-7.76,0.82,,
2017-03-02,-6.95,-0.73,,
2017-03-03,-6.34,-3.81,,
2017-03-04,-7.04,-4.57,,
2017-03-05,-7.91,-3.20,,
2017-03-06,-8.02,-0.98,,
2017-03-07,-8.86,-0.15,,
2017-03-08,-8.73,-1.23,,
2017-03-09,-7.80,-2.69,,
2017-03-10,-6.31,-2.68,,
2017-03-11,-6.90,-2.11,,
2017-03-12,-5.01,0.44,,
2017-03-13,-4.86,1.58,,
2017-03-14,-3.56,-1.66,,
2017-03-15,-3.01,-6.45,,
2017-03-16,-6.89,-6.89,,
2017-03-17,-6.57,-4.26,,
2017-03-18,-6.56,-5.91,,
2017-03-19,-4.49,-6.41,,
2017-03-20,-4.57,-4.90,,
2017-03-21,-4.57,-3.20,,
2017-03-22,-4.70,-1.17,,
2017-03-23,-5.67,-2.29,,
2017-03-24,-7.07,-0.74,,
2017-03-25,-6.23,0.11,,
2017-03-26,-5.55,-0.39,,
2017-03-27,-5.36,1.34,,
2017-03-28,-6.70,1.80,,
2017-03-29,-8.17,1.89,,
2017-03-30,-7.71,2.07,,
2017-03-31,-5.32,1.03,,
2017-04-01,-5.90,2.75,,
2017-04-02,-9.08,3.30,,
2017-04-03,-8.63,3.49,,
2017-04-04,-7.78,2.23,,
2017-04-05,-8.01,2.60,,
2017-04-06,-5.76,1.33,,
2017-04-07,-4.97,-1.06,,
2017-04-08,-5.53,-1.90,,
2017-04-09,-6.07,-0.53,,
2017-04-10,-6.95,-0.98,,
2017-04-11,-7.45,-0.92,,
2017-04-12,-6.89,-2.37,,
2017-04-13,-6.34,-2.06,,
2017-04-14,-5.82,-1.34,,
2017-04-15,-7.16,-1.79,,
2017-04-16,-6.14,-1.19,,
2017-04-17,-5.71,-0.00,,
2017-04-18,-5.59,-0.89,,
2017-04-19,-5.64,-0.79,,
2017-04-20,-4.25,-0.83,,
2017-04-21,-2.00,-2.75,,
2017-04-22,-2.73,1.98,,
2017-04-23,-2.36,-0.81,,
2017-04-24,-2.61,-2.11,,
2017-04-25,-3.57,4.25,,
2017-04-26,-7.08,3.61,,
2017-04-27,-6.95,1.86,,
2017-04-28,-8.62,2.47,,
2017-04-29,-9.83,3.01,,
2017-04-30,-9.78,2.99,,
2017-05-01,-7.50,-0.26,,
2017-05-02,-6.05,0.96,,
2017-05-03,-6.78,0.95,,
2017-05-04,-6.25,2.27,,
2017-05-05,-5.04,-2.14,,
2017-05-06,-3.10,-5.16,,
2017-05-07,-5.52,-1.38,,
2017-05-08,-6.33,-1.58,,
2017-05-09,-5.81,-2.11,,
2017-05-10,-7.04,-0.86,,
2017-05-11,-7.48,0.79,,
2017-05-12,-7.07,1.89,,
2017-05-13,-5.55,2.24,,
2017-05-14,-3.62,1.32,,
2017-05-15,-3.19,0.85,,
2017-05-16,-4.91,0.17,,
2017-05-17,-4.98,-0.52,,
2017-05-18,-5.88,0.21,,
2017-05-19,-6.42,0.56,,
2017-05-20,-8.94,2.07,,
2017-05-21,-9.42,1.66,,
2017-05-22,-8.25,0.87,,
2017-05-23,-7.55,2.45,,
2017-05-24,-6.93,4.00,,
2017-05-25,-4.55,1.75,,
2017-05-26,-6.86,1.46,,
2017-05-27,-7.79,2.09,,
2017-05-28,-7.95,1.26,,
2017-05-29,-8.20,1.15,,
2017-05-30,-8.42,0.59,,
2017-05-31,-8.08,1.14,,
2017-06-01,-9.00,2.08,,
2017-06-02,-9.35,2.68,,
2017-06-03,-9.16,1.95,,
2017-06-04,-8.17,1.89,,
2017-06-05,-6.31,3.08,,
2017-06-06,-3.27,3.15,,
2017-06-07,-3.04,2.38,,
2017-06-08,3.88,-1.89,,
2017-06-09,-2.41,1.12,,
2017-06-10,-5.33,3.08,,
2017-06-11,-8.04,3.92,,
2017-06-12,-9.64,2.22,,
2017-06-13,-8.67,0.91,,
2017-06-14,-8.34,0.73,,
2017-06-15,-7.19,-0.25,,
2017-06-16,-5.46,-1.46,,
2017-06-17,-4.75,-2.32,,
2017-06-18,-2.95,-0.90,,
2017-06-19,-0.66,4.15,,
2017-06-20,-1.42,4.37,,
2017-06-21,-0.70,3.62,,
2017-06-22,-7.39,3.76,,
2017-06-23,-7.43,1.04,,
2017-06-24,-7.12,1.13,,
2017-06-25,-6.43,-0.90,,
2017-06-26,-5.51,-0.97,,
2017-06-27,-5.91,0.41,,
2017-06-28,-7.04,0.74,,
2017-06-29,-8.34,2.08,,
2017-06-30,-7.46,-0.52,,
2017-07-01,-7.94,-0.69,,
2017-07-02,-7.79,-1.37,,
2017-07-03,-5.34,-2.84,,
2017-07-04,-5.02,-1.16,,
2017-07-05,-6.75,-0.35,,
2017-07-06,-6.01,-1.72,,
2017-07-07,-7.05,-0.00,,
2017-07-08,-7.18,-1.53,,
2017-07-09,-5.44,-1.16,,
2017-07-10,-4.73,-0.92,,
2017-07-11,-5.32,-1.23,,
2017-07-12,-5.62,-0.99,,
2017-07-13,-5.27,-0.74,,
2017-07-14,-3.36,-0.59,,
2017-07-15,-2.24,-0.31,,
2017-07-16,-2.26,1.10,,
2017-07-17,-5.41,1.65,,
2017-07-18,-7.48,0.52,,
2017-07-19,-6.07,-1.97,,
2017-07-20,-5.53,-1.69,,
2017-07-21,-5.51,-1.17,,
2017-07-22,-6.76,-1.81,,
2017-07-23,-6.41,-1.25,,
2017-07-24,-7.27,-0.38,,
2017-07-25,-7.75,-0.81,,
2017-07-26,-5.96,-2.65,,
2017-07-27,-4.32,-2.80,,
2017-07-28,-4.06,-0.21,,
2017-07-29,-3.57,0.63,,
2017-07-30,-4.12,1.58,,
2017-07-31,-5.92,1.48,,
2017-08-01,-6.46,1.97,,
2017-08-02,-7.54,1.47,,
2017-08-03,-6.63,-0.35,,
2017-08-04,-5.65,-1.30,,
2017-08-05,-6.09,-1.07,,
2017-08-06,-5.38,-1.75,,
2017-08-07,-5.09,-4.92,,
2017-08-08,5.47,6.08,,
2017-08-09,-6.66,3.54,,
2017-08-10,-7.76,1.23,,
2017-08-11,-6.85,0.48,,
2017-08-12,-4.64,-3.37,,
2017-08-13,-4.75,-1.19,,
2017-08-14,-6.46,1.26,,
2017-08-15,-7.00,0.86,,
2017-08-16,-6.91,-1.34,,
2017-08-17,-6.31,-0.22,,
2017-08-18,-4.94,-2.63,,
2017-08-19,-4.00,-3.36,,
2017-08-20,-4.73,-2.41,,
2017-08-21,-3.09,-3.82,,
2017-08-22,-1.16,3.38,,
2017-08-23,-3.17,3.06,,
2017-08-24,-4.97,2.75,,
2017-08-25,-7.30,3.56,,
2017-08-26,-7.94,3.87,,
2017-08-27,-7.25,2.50,,
2017-08-28,-6.02,1.61,,
2017-08-29,-5.86,2.13,,
2017-08-30,-6.04,1.28,,
2017-08-31,-6.32,0.89,,
2017-09-01,-7.06,0.99,,
2017-09-02,-6.84,0.96,,
2017-09-03,-5.35,-0.09,,
2017-09-04,-4.74,-1.01,,
2017-09-05,-4.51,0.24,,
2017-09-06,-3.72,0.46,,
2017-09-07,-3.36,0.24,,
2017-09-08,-2.95,-0.63,,
2017-09-09,2.83,-2.93,,
2017-09-10,4.28,-1.56,,
2017-09-11,3.57,-1.44,,
2017-09-12,2.15,2.96,,
2017-09-13,-0.49,2.29,,
2017-09-14,-4.36,2.41,,
2017-09-15,-5.93,1.93,,
2017-09-16,-5.15,-0.82,,
2017-09-17,-5.11,-1.27,,
2017-09-18,-4.76,-0.50,,
2017-09-19,-5.72,-0.10,,
2017-09-20,-7.07,1.37,,
2017-09-21,-6.20,0.87,,
2017-09-22,-5.08,-0.80,,
2017-09-23,-4.56,-1.05,,
2017-09-24,-4.56,0.48,,
2017-09-25,-4.93,0.78,,
2017-09-26,-6.79,3.02,,
2017-09-27,-6.87,2.37,,
2017-09-28,-5.57,2.25,,
2017-09-29,-5.23,-0.18,,
2017-09-30,-4.29,1.91,,
2017-10-01,-5.14,0.91,,
2017-10-02,-6.02,1.39,,
2017-10-03,-8.38,-0.00,,
2017-10-04,-5.27,-3.83,,
2017-10-05,-4.79,-4.32,,
2017-10-06,2.97,-5.14,,
2017-10-07,2.94,2.74,,
2017-10-08,-3.39,2.12,,
2017-10-09,-6.20,1.78,,
2017-10-10,-6.04,-0.96,,
2017-10-11,-3.13,-3.13,,
2017-10-12,-2.97,-2.77,,
2017-10-13,-2.41,-3.86,,
2017-10-14,-1.91,-1.39,,
2017-10-15,-3.09,-1.79,,
2017-10-16,-1.61,-3.15,,
2017-10-17,-0.91,-2.64,,
2017-10-18,-1.78,-2.45,,
2017-10-19,-2.49,-2.96,,
2017-10-20,-2.93,-2.83,,
2017-10-21,-3.44,-2.59,,
2017-10-22,-7.00,-0.12,,
2017-10-23,-6.83,-1.33,,
2017-10-24,-4.32,-3.89,,
2017-10-25,-0.40,-7.54,,
2017-10-26,0.97,-7.92,,
2017-10-27,0.61,-5.79,,
2017-10-28,2.63,-4.37,,
2017-10-29,4.17,-3.37,,
2017-10-30,-1.07,-4.64,,
2017-10-31,-5.09,-3.70,,
2017-11-01,-5.61,-2.98,,
2017-11-02,-3.76,-3.39,,
2017-11-03,-4.67,-3.27,,
2017-11-04,-2.40,-5.95,,
2017-11-05,-1.15,-4.60,,
2017-11-06,-2.58,-4.29,,
2017-11-07,-3.59,-4.76,,
2017-11-08,-3.56,-4.39,,
2017-11-09,-1.26,-4.38,,
2017-11-10,0.10,-5.60,,
2017-11-11,-2.24,-6.51,,
2017-11-12,-3.38,-5.85,,
2017-11-13,-0.23,-6.69,,
2017-11-14,1.55,-6.21,,
2017-11-15,0.51,-4.82,,
2017-11-16,-0.63,-4.52,,
2017-11-17,-1.00,-4.70,,
2017-11-18,-2.25,-3.75,,
2017-11-19,-3.23,-3.85,,
2017-11-20,-0.94,-3.77,,
2017-11-21,-1.79,-2.14,,
2017-11-22,-1.88,0.10,,
2017-11-23,5.05,-0.62,,
2017-11-24,4.99,-3.37,,
2017-11-25,1.95,-1.53,,
2017-11-26,-2.08,-2.97,,
2017-11-27,2.57,-4.64,,
2017-11-28,3.43,-2.68,,
2017-11-29,2.76,-2.40,,
2017-11-30,0.97,-4.21,,
2017-12-01,0.15,-4.44,,
2017-12-02,-2.82,-4.88,,
2017-12-03,-5.59,-4.52,,
2017-12-04,-6.13,-2.23,,
2017-12-05,-6.92,-1.22,,
2017-12-06,-5.20,-2.31,,
2017-12-07,-3.90,-1.66,,
2017-12-08,-1.31,2.69,,
2017-12-09,4.79,-6.36,,
2017-12-10,3.05,-7.56,,
2017-12-11,1.71,-5.96,,
2017-12-12,1.28,-5.54,,
2017-12-13,1.97,-4.88,,
2017-12-14,-3.12,-0.05,,
2017-12-15,-5.60,-0.29,,
2017-12-16,-6.24,-1.33,,
2017-12-17,-7.15,-0.75,,
2017-12-18,-7.46,-1.72,,
2017-12-19,-7.25,-2.08,,
2017-12-20,-6.67,-1.66,,
2017-12-21,-5.97,-0.73,,
2017-12-22,-8.06,-1.28,,
2017-12-23,-7.29,-1.28,,
2017-12-24,-5.70,-3.43,,
2017-12-25,-4.65,-4.49,,
2017-12-26,-3.97,-3.70,,
2017-12-27,-5.42,-2.64,,
2017-12-28,-4.03,-4.97,,
2017-12-29,-2.49,-4.89,,
2017-12-30,-3.83,-3.21,,
2017-12-31,-4.59,-0.98,,
2018-01-01,-3.43,-2.68,,
2018-01-02,-1.13,-7.16,,
2018-01-03,1.18,-6.09,,
2018-01-04,1.78,-5.82,,
2018-01-05,0.49,-5.56,,
2018-01-06,-1.22,-5.27,,
2018-01-07,-4.12,-5.27,,
2018-01-08,-5.02,-0.62,,
2018-01-09,0.93,-3.73,,
2018-01-10,-0.37,-3.55,,
2018-01-11,-3.88,1.97,,
2018-01-12,-2.40,-2.87,,
2018-01-13,3.18,-5.98,,
2018-01-14,2.48,-7.20,,
2018-01-15,0.27,-7.69,,
2018-01-16,-0.78,-7.38,,
2018-01-17,2.04,-7.12,,
2018-01-18,-0.16,-9.15,,
2018-01-19,-3.40,-7.29,,
2018-01-20,-4.31,-5.13,,
2018-01-21,-6.81,-1.57,,
2018-01-22,-5.88,1.14,,
2018-01-23,-5.16,-1.29,,
2018-01-24,-5.22,-3.52,,
2018-01-25,-4.68,-4.68,,
2018-01-26,-7.11,-3.47,,
2018-01-27,-6.34,-0.89,,
2018-01-28,-4.24,-0.52,,
2018-01-29,-3.85,-4.93,,
2018-01-30,-1.18,-8.38,,
2018-01-31,-2.14,-7.99,,
2018-02-01,-3.50,-5.61,,
2018-02-02,-5.15,-4.02,,
2018-02-03,-3.93,-5.22,,
2018-02-04,-3.96,-0.49,,
2018-02-05,-5.72,-0.40,,
2018-02-06,-6.98,-0.98,,
2018-02-07,-7.71,0.67,,
2018-02-08,-7.89,-2.87,,
2018-02-09,-6.65,-2.55,,
2018-02-10,-6.60,0.69,,
2018-02-11,-7.30,2.37,,
2018-02-12,-8.29,0.29,,
2018-02-13,-7.77,-2.68,,
2018-02-14,-7.40,-2.69,,
2018-02-15,-7.94,-2.43,,
2018-02-16,-7.55,-2.16,,
2018-02-17,-7.29,-1.15,,
2018-02-18,-7.60,-0.93,,
2018-02-19,-7.94,-0.42,,
2018-02-20,-8.84,2.20,,
2018-02-21,-9.73,2.25,,
2018-02-22,-8.34,0.44,,
2018-02-23,-7.83,-0.69,,
2018-02-24,-6.03,1.06,,
2018-02-25,-6.89,1.98,,
2018-02-26,-7.56,2.03,,
2018-02-27,-6.51,-1.15,,
2018-02-28,-6.76,0.24,,
2018-03-01,-6.01,3.33,,
2018-03-02,-6.44,0.11,,
2018-03-03,-5.21,-2.32,,
2018-03-04,-4.19,-3.04,,
2018-03-05,-5.83,-0.10,,
2018-03-06,-5.82,2.35,,
2018-03-07,-5.61,0.99,,
2018-03-08,-3.87,-0.20,,
2018-03-09,-5.45,0.57,,
2018-03-10,-6.60,3.36,,
2018-03-11,-5.82,2.23,,
2018-03-12,-4.86,1.77,,
2018-03-13,-2.22,-4.56,,
2018-03-14,-5.19,-7.41,,
2018-03-15,-6.61,-4.13,,
2018-03-16,-5.51,0.39,,
2018-03-17,-6.36,1.70,,
2018-03-18,-6.84,1.58,,
2018-03-19,-7.29,3.25,,
2018-03-20,-7.34,2.67,,
2018-03-21,-5.46,-1.36,,
2018-03-22,-6.45,-4.35,,
2018-03-23,-7.23,-6.07,,
2018-03-24,-6.84,-1.08,,
2018-03-25,-6.54,0.46,,
2018-03-26,-7.80,0.55,,
2018-03-27,-9.02,-0.79,,
2018-03-28,-8.67,0.30,,
2018-03-29,-8.88,3.23,,
2018-03-30,-8.08,1.42,,
2018-03-31,-6.27,-1.92,,
2018-04-01,-4.25,-2.87,,
2018-04-02,-5.76,0.30,,
2018-04-03,-6.57,1.88,,
2018-04-04,-8.14,1.44,,
2018-04-05,-6.69,-0.82,,
2018-04-06,-5.98,0.73,,
2018-04-07,-5.92,2.89,,
2018-04-08,-5.59,1.50,,
2018-04-09,-7.79,1.94,,
2018-04-10,-8.75,1.54,,
2018-04-11,-6.95,-0.49,,
2018-04-12,-6.38,-0.56,,
2018-04-13,-6.98,1.36,,
2018-04-14,-8.67,3.16,,
2018-04-15,-5.53,0.48,,
2018-04-16,-0.28,-8.04,,
2018-04-17,-3.83,-5.27,,
2018-04-18,-6.99,-0.86,,
2018-04-19,-7.53,-0.53,,
2018-04-20,-6.01,-3.33,,
2018-04-21,-6.86,-0.48,,
2018-04-22,-7.02,1.36,,
2018-04-23,-5.37,0.09,,
2018-04-24,-5.15,1.10,,
2018-04-25,-3.99,1.78,,
2018-04-26,-4.33,2.21,,
2018-04-27,-4.31,1.83,,
2018-04-28,-2.97,-3.42,,
2018-04-29,-5.74,-1.54,,
2018-04-30,-6.45,-0.68,,
2018-05-01,-6.64,-0.35,,
2018-05-02,-7.44,-1.18,,
2018-05-03,-6.37,-1.83,,
2018-05-04,-5.66,-1.95,,
2018-05-05,-5.68,-1.42,,
2018-05-06,-3.25,-2.03,,
2018-05-07,-3.92,-2.08,,
2018-05-08,-3.36,-2.02,,
2018-05-09,-3.89,-1.34,,
2018-05-10,-3.40,-0.54,,
2018-05-11,-5.11,1.37,,
2018-05-12,-6.70,1.67,,
2018-05-13,-5.83,0.92,,
2018-05-14,-5.24,0.55,,
2018-05-15,-5.48,1.26,,
2018-05-16,-4.72,0.75,,
2018-05-17,-4.88,0.51,,
2018-05-18,-6.32,0.55,,
2018-05-19,-8.34,0.73,,
2018-05-20,-6.67,-0.47,,
2018-05-21,-5.64,-1.94,,
2018-05-22,-5.18,-2.53,,
2018-05-23,-4.28,0.60,,
2018-05-24,-0.57,3.60,,
2018-05-25,4.12,-2.78,,
2018-05-26,2.07,-3.07,,
2018-05-27,-0.99,2.03,,
2018-05-28,-3.24,0.75,,
2018-05-29,-4.82,1.66,,
2018-05-30,-6.01,2.19,,
2018-05-31,-9.28,2.31,,
2018-06-01,-9.05,1.27,,
2018-06-02,-6.95,-0.73,,
2018-06-03,-7.07,-0.99,,
2018-06-04,-6.14,-0.64,,
2018-06-05,-6.19,0.43,,
2018-06-06,-7.15,2.32,,
2018-06-07,-7.97,1.12,,
2018-06-08,-9.03,-0.16,,
2018-06-09,-7.94,-0.97,,
2018-06-10,-5.84,-2.12,,
2018-06-11,-6.96,0.36,,
2018-06-12,-7.99,0.84,,
2018-06-13,-8.73,0.76,,
2018-06-14,-8.53,3.45,,
2018-06-15,-7.82,2.85,,
2018-06-16,-7.37,4.60,,
2018-06-17,-9.36,3.78,,
2018-06-18,-8.54,2.13,,
2018-06-19,-8.12,2.18,,
2018-06-20,-8.12,2.18,,
2018-06-21,-7.75,2.67,,
2018-06-22,-7.35,1.70,,
2018-06-23,-7.66,1.63,,
2018-06-24,-7.82,0.55,,
2018-06-25,-8.26,1.16,,
2018-06-26,-8.20,0.14,,
2018-06-27,-7.83,-0.00,,
2018-06-28,-6.79,-0.71,,
2018-06-29,-5.43,-0.67,,
2018-06-30,-5.38,-0.09,,
2018-07-01,-6.62,0.35,,
2018-07-02,-6.28,-0.11,,
2018-07-03,-4.99,-0.79,,
2018-07-04,-5.79,-1.44,,
2018-07-05,-6.95,-1.99,,
2018-07-06,-7.97,-1.84,,
2018-07-07,-6.68,-2.43,,
2018-07-08,-5.91,-1.70,,
2018-07-09,-6.72,-2.31,,
2018-07-10,-5.45,-3.81,,
2018-07-11,-4.11,-3.97,,
2018-07-12,-5.24,-1.11,,
2018-07-13,-7.42,-0.39,,
2018-07-14,-6.60,-2.94,,
2018-07-15,-5.43,-2.42,,
2018-07-16,-5.08,-0.99,,
2018-07-17,-5.17,-1.58,,
2018-07-18,-5.38,-1.14,,
2018-07-19,-6.07,0.32,,
2018-07-20,-5.50,-0.68,,
2018-07-21,-5.82,-0.61,,
2018-07-22,-6.00,-0.42,,
2018-07-23,-4.03,0.86,,
2018-07-24,-3.61,2.09,,
2018-07-25,-4.21,1.79,,
2018-07-26,-5.37,1.04,,
2018-07-27,-5.65,1.10,,
2018-07-28,-5.01,-0.35,,
2018-07-29,-5.17,0.27,,
2018-07-30,-6.10,1.18,,
2018-07-31,-7.81,1.66,,
2018-08-01,-8.19,1.74,,
2018-08-02,-8.24,1.60,,
2018-08-03,-6.63,-0.81,,
2018-08-04,-7.50,0.39,,
2018-08-05,-7.61,-0.13,,
2018-08-06,-5.93,-2.16,,
2018-08-07,-5.33,-0.75,,
2018-08-08,-6.41,-0.56,,
2018-08-09,-7.70,0.13,,
2018-08-10,-8.00,-0.14,,
2018-08-11,-5.61,-1.82,,
2018-08-12,-6.24,-0.77,,
2018-08-13,-6.67,0.23,,
2018-08-14,-6.24,-0.44,,
2018-08-15,-5.62,-1.09,,
2018-08-16,-5.69,-0.20,,
2018-08-17,-7.19,0.25,,
2018-08-18,-5.58,-1.60,,
2018-08-19,-5.50,-0.19,,
2018-08-20,-7.13,0.25,,
2018-08-21,-6.37,-1.47,,
2018-08-22,-5.59,-2.15,,
2018-08-23,-3.52,-1.72,,
2018-08-24,-3.60,-0.64,,
2018-08-25,-6.30,0.55,,
2018-08-26,-6.70,-0.82,,
2018-08-27,-5.83,-0.92,,
2018-08-28,-6.86,-0.24,,
2018-08-29,-6.36,-0.00,,
2018-08-30,-6.03,-0.00,,
2018-08-31,-5.59,0.49,,
2018-09-01,-5.20,-0.92,,
2018-09-02,-6.36,-0.00,,
2018-09-03,-6.20,0.76,,
2018-09-04,-7.57,1.06,,
2018-09-05,-5.93,-0.94,,
2018-09-06,-4.43,-1.79,,
2018-09-07,-3.82,0.47,,
2018-09-08,-5.68,1.21,,
2018-09-09,-6.38,1.71,,
2018-09-10,-5.91,0.62,,
2018-09-11,-4.00,2.31,,
2018-09-12,-4.74,2.21,,
2018-09-13,-6.36,1.70,,
2018-09-14,-6.97,0.49,,
2018-09-15,-4.97,-0.09,,
2018-09-16,-3.94,-0.77,,
2018-09-17,-3.75,-2.25,,
2018-09-18,-3.39,-2.74,,
2018-09-19,-3.56,-1.23,,
2018-09-20,-6.43,0.79,,
2018-09-21,-7.62,-1.07,,
2018-09-22,-6.08,-1.86,,
2018-09-23,-5.51,-0.77,,
2018-09-24,-5.92,-0.41,,
2018-09-25,-6.59,-0.12,,
2018-09-26,-6.37,-0.67,,
2018-09-27,-5.94,-0.52,,
2018-09-28,-5.92,-0.94,,
2018-09-29,-4.78,-2.03,,
2018-09-30,-3.88,-2.33,,
2018-10-01,-4.18,-3.15,,
2018-10-02,-4.40,-3.70,,
2018-10-03,-4.40,-4.10,,
2018-10-04,-3.91,-4.83,,
2018-10-05,-4.27,-4.42,,
2018-10-06,-4.21,-5.39,,
2018-10-07,5.71,-6.81,,
2018-10-08,5.92,-2.04,,
2018-10-09,1.11,4.46,,
2018-10-10,-2.93,2.93,,
2018-10-11,0.56,-3.54,,
2018-10-12,-2.31,-2.31,,
2018-10-13,-2.83,2.37,,
2018-10-14,-5.05,0.98,,
2018-10-15,-6.87,-1.34,,
2018-10-16,-9.88,-0.69,,
2018-10-17,-9.09,-0.00,,
2018-10-18,-9.62,-0.00,,
2018-10-19,-7.91,-0.97,,
2018-10-20,-6.70,-1.06,,
2018-10-21,-5.88,-1.36,,
2018-10-22,-6.28,-2.04,,
2018-10-23,-5.73,-2.20,,
2018-10-24,-4.05,-1.98,,
2018-10-25,-3.77,-0.87,,
2018-10-26,-3.63,-0.13,,
2018-10-27,-4.41,-1.27,,
2018-10-28,-4.40,-4.11,,
2018-10-29,-4.46,-4.01,,
2018-10-30,-5.27,-3.97,,
2018-10-31,-6.40,-1.48,,
2018-11-01,-7.01,2.28,,
2018-11-02,-4.67,2.08,,
2018-11-03,-5.56,-1.39,,
2018-11-04,-7.41,0.91,,
2018-11-05,-6.31,0.11,,
2018-11-06,-5.79,-0.00,,
2018-11-07,-5.82,-0.61,,
2018-11-08,-4.48,-1.37,,
2018-11-09,-4.51,-1.29,,
2018-11-10,-3.33,-3.45,,
2018-11-11,-4.64,-1.97,,
2018-11-12,-4.95,-0.43,,
2018-11-13,-4.39,0.46,,
2018-11-14,3.87,-0.54,,
2018-11-15,3.30,-8.60,,
2018-11-16,1.37,-7.77,,
2018-11-17,0.00,-8.30,,
2018-11-18,-3.92,-6.79,,
2018-11-19,-5.28,-3.98,,
2018-11-20,-3.79,-2.96,,
2018-11-21,-5.54,-4.03,,
2018-11-22,-5.21,-3.92,,
2018-11-23,-3.69,-2.58,,
2018-11-24,-4.26,0.98,,
2018-11-25,-5.20,2.53,,
2018-11-26,-6.02,2.31,,
2018-11-27,-2.75,-2.00,,
2018-11-28,-3.28,-5.91,,
2018-11-29,-4.18,0.15,,
2018-11-30,-6.14,2.86,,
2018-12-01,-8.06,5.04,,
2018-12-02,-7.25,5.08,,
2018-12-03,-7.36,4.60,,
2018-12-04,-6.15,2.00,,
2018-12-05,-4.14,-1.43,,
2018-12-06,-5.58,-3.49,,
2018-12-07,-5.94,-3.57,,
2018-12-08,-6.92,1.10,,
2018-12-09,-4.18,1.36,,
2018-12-10,-1.84,-5.65,,
2018-12-11,0.31,-8.73,,
2018-12-12,-0.12,-6.92,,
2018-12-13,-6.16,2.24,,
2018-12-14,-6.41,4.66,,
2018-12-15,2.41,-6.63,,
2018-12-16,2.48,-6.15,,
2018-12-17,2.47,-5.30,,
2018-12-18,0.90,-5.66,,
2018-12-19,-3.73,2.61,,
2018-12-20,-1.40,5.21,,
2018-12-21,5.65,-5.27,,
2018-12-22,0.69,-5.59,,
2018-12-23,-4.89,-4.40,,
2018-12-24,-5.21,-5.99,,
2018-12-25,-7.00,-2.69,,
2018-12-26,-6.84,-0.84,,
2018-12-27,-7.82,3.32,,
2018-12-28,-8.84,4.12,,
2018-12-29,-8.64,2.64,,
2018-12-30,-8.13,1.43,,
2018-12-31,-8.03,2.61,,
2019-01-01,-9.32,0.82,,
2019-01-02,-8.26,0.58,,
2019-01-03,-7.71,2.51,,
2019-01-04,-5.57,2.14,,
2019-01-05,-3.30,-1.47,,
2019-01-06,-3.30,-4.08,,
2019-01-07,-4.57,-3.08,,
2019-01-08,-4.31,-1.48,,
2019-01-09,-2.19,-3.01,,
2019-01-10,-1.38,-5.52,,
2019-01-11,-1.09,-5.11,,
2019-01-12,-4.52,-0.32,,
2019-01-13,-2.84,-2.38,,
2019-01-14,-2.63,-3.75,,
2019-01-15,-4.00,-4.94,,
2019-01-16,-4.61,-5.69,,
2019-01-17,-4.77,-4.77,,
2019-01-18,-4.08,-3.81,,
2019-01-19,-5.08,2.26,,
2019-01-20,1.52,-4.96,,
2019-01-21,1.05,-5.97,,
2019-01-22,-6.77,-1.94,,
2019-01-23,-7.96,4.23,,
2019-01-24,-4.48,2.18,,
2019-01-25,-3.82,-1.95,,
2019-01-26,-0.59,-3.02,,
2019-01-27,-1.51,3.92,,
2019-01-28,2.91,-5.47,,
2019-01-29,-2.86,0.30,,
2019-01-30,-2.88,-1.87,,
2019-01-31,-6.04,-1.28,,
2019-02-01,-6.61,0.46,,
2019-02-02,-5.53,0.29,,
2019-02-03,-5.91,1.15,,
2019-02-04,-6.67,1.42,,
2019-02-05,-7.44,0.78,,
2019-02-06,-8.08,0.14,,
2019-02-07,-7.95,0.70,,
2019-02-08,-7.48,-2.43,,
2019-02-09,-6.23,-4.36,,
2019-02-10,-6.18,-2.88,,
2019-02-11,-5.92,-0.00,,
2019-02-12,-7.14,2.60,,
2019-02-13,-0.26,-4.96,,
2019-02-14,-0.37,-5.32,,
2019-02-15,-4.71,0.75,,
2019-02-16,-4.40,2.97,,
2019-02-17,-6.94,4.01,,
2019-02-18,-7.21,3.06,,
2019-02-19,-8.34,3.04,,
2019-02-20,-9.12,2.27,,
2019-02-21,-9.56,3.11,,
2019-02-22,-8.95,3.44,,
2019-02-23,-8.75,2.51,,
2019-02-24,-7.33,1.69,,
2019-02-25,-7.32,-0.13,,
2019-02-26,-6.65,0.12,,
2019-02-27,-6.55,-0.46,,
2019-02-28,-7.53,1.06,,
2019-03-01,-7.21,1.53,,
2019-03-02,-6.69,1.30,,
2019-03-03,-6.67,2.04,,
2019-03-04,-6.79,1.69,,
2019-03-05,-5.44,0.57,,
2019-03-06,-5.47,-2.91,,
2019-03-07,-6.46,-4.70,,
2019-03-08,-6.72,-2.45,,
2019-03-09,-6.69,0.23,,
2019-03-10,-8.09,0.99,,
2019-03-11,-8.71,-0.76,,
2019-03-12,-7.92,-2.12,,
2019-03-13,-7.76,1.37,,
2019-03-14,-9.24,2.82,,
2019-03-15,-8.60,1.67,,
2019-03-16,-6.02,-0.74,,
2019-03-17,-4.36,-0.08,,
2019-03-18,-2.58,1.37,,
2019-03-19,-1.77,2.18,,
2019-03-20,-2.57,-2.95,,
2019-03-21,-4.91,-4.91,,
2019-03-22,-4.63,-3.24,,
2019-03-23,-6.29,-1.34,,
2019-03-24,-5.95,-0.42,,
2019-03-25,-3.39,0.54,,
2019-03-26,-4.11,-2.47,,
2019-03-27,-4.35,-5.18,,
2019-03-28,-4.65,-5.95,,
2019-03-29,-5.96,-1.38,,
2019-03-30,-4.66,1.08,,
2019-03-31,-5.24,0.92,,
2019-04-01,-4.23,0.22,,
2019-04-02,-3.69,1.57,,
2019-04-03,-6.07,0.53,,
2019-04-04,-7.17,-0.25,,
2019-04-05,-7.26,0.76,,
2019-04-06,-8.44,1.64,,
2019-04-07,-9.32,2.67,,
2019-04-08,-8.39,1.18,,
2019-04-09,-4.99,0.35,,
2019-04-10,-0.43,-4.87,,
2019-04-11,-5.49,2.68,,
2019-04-12,-8.36,2.40,,
2019-04-13,-9.67,4.11,,
2019-04-14,-7.79,2.53,,
2019-04-15,-3.34,-2.09,,
2019-04-16,-6.00,-0.31,,
2019-04-17,-6.89,-0.12,,
2019-04-18,-8.49,3.26,,
2019-04-19,-5.98,0.84,,
2019-04-20,0.00,-6.93,,
2019-04-21,-5.93,-1.48,,
2019-04-22,-7.05,-0.62,,
2019-04-23,-7.01,0.24,,
2019-04-24,-7.37,1.57,,
2019-04-25,-8.24,3.16,,
2019-04-26,-6.73,1.19,,
2019-04-27,-4.86,1.96,,
2019-04-28,-5.41,1.25,,
2019-04-29,-7.07,-0.12,,
2019-04-30,-8.15,-0.43,,
2019-05-01,-7.93,-0.14,,
2019-05-02,-7.85,0.55,,
2019-05-03,-8.43,1.95,,
2019-05-04,-8.67,3.50,,
2019-05-05,-8.38,2.88,,
2019-05-06,-7.84,1.67,,
2019-05-07,-7.58,0.93,,
2019-05-08,-7.73,1.22,,
2019-05-09,-8.89,2.72,,
2019-05-10,-9.79,1.20,,
2019-05-11,-8.47,1.65,,
2019-05-12,-7.65,2.63,,
2019-05-13,-7.47,2.14,,
2019-05-14,-7.81,1.24,,
2019-05-15,-7.50,0.66,,
2019-05-16,-5.60,0.20,,
2019-05-17,-5.71,-0.20,,
2019-05-18,-7.17,1.14,,
2019-05-19,-8.70,2.49,,
2019-05-20,-8.52,1.05,,
2019-05-21,-7.85,1.24,,
2019-05-22,-9.17,1.78,,
2019-05-23,-8.88,-0.62,,
2019-05-24,-7.60,-1.89,,
2019-05-25,-6.71,-2.58,,
2019-05-26,-6.19,-1.89,,
2019-05-27,-5.68,-1.10,,
2019-05-28,-5.58,-0.88,,
2019-05-29,-5.47,1.16,,
2019-05-30,-6.43,1.02,,
2019-05-31,-5.41,-0.66,,
2019-06-01,-4.84,2.57,,
2019-06-02,-6.39,2.84,,
2019-06-03,-8.50,2.60,,
2019-06-04,-8.81,1.24,,
2019-06-05,-7.79,1.37,,
2019-06-06,-7.06,1.63,,
2019-06-07,-6.95,2.26,,
2019-06-08,-7.25,2.50,,
2019-06-09,-7.85,2.40,,
2019-06-10,-7.25,1.54,,
2019-06-11,-5.88,0.72,,
2019-06-12,-6.06,0.85,,
2019-06-13,-7.79,1.80,,
2019-06-14,-8.43,0.15,,
2019-06-15,-7.53,-0.39,,
2019-06-16,-7.95,0.56,,
2019-06-17,-8.02,1.56,,
2019-06-18,-8.15,1.58,,
2019-06-19,-8.31,1.47,,
2019-06-20,-9.05,1.76,,
2019-06-21,-9.27,0.97,,
2019-06-22,-9.17,0.96,,
2019-06-23,-9.26,0.97,,
2019-06-24,-7.95,1.12,,
2019-06-25,-7.75,0.54,,
2019-06-26,-7.71,-1.08,,
2019-06-27,-6.60,-2.67,,
2019-06-28,-5.22,-3.26,,
2019-06-29,-4.06,-2.16,,
2019-06-30,-5.92,-0.21,,
2019-07-01,-7.72,0.40,,
2019-07-02,-6.55,0.11,,
2019-07-03,-5.46,-0.48,,
2019-07-04,-4.57,-0.40,,
2019-07-05,-4.74,0.67,,
2019-07-06,-5.94,-0.31,,
2019-07-07,-5.53,-0.88,,
2019-07-08,-4.39,-1.09,,
2019-07-09,-5.91,0.94,,
2019-07-10,-6.81,1.57,,
2019-07-11,-5.75,1.76,,
2019-07-12,-7.18,2.90,,
2019-07-13,-8.44,1.34,,
2019-07-14,-8.25,0.58,,
2019-07-15,-7.17,0.25,,
2019-07-16,-7.70,0.13,,
2019-07-17,-6.77,-1.69,,
2019-07-18,-8.13,-0.14,,
2019-07-19,-6.74,-1.93,,
2019-07-20,-6.49,-0.34,,
2019-07-21,-5.46,-0.29,,
2019-07-22,-6.14,-0.11,,
2019-07-23,-5.07,0.27,,
2019-07-24,-4.78,0.59,,
2019-07-25,-6.34,1.00,,
2019-07-26,-7.39,-0.00,,
2019-07-27,-6.58,-2.27,,
2019-07-28,-6.18,-1.43,,
2019-07-29,-4.73,-1.72,,
2019-07-30,-4.00,-2.70,,
2019-07-31,-4.44,-2.07,,
2019-08-01,-3.47,-1.40,,
2019-08-02,-3.01,-0.98,,
2019-08-03,-3.99,0.92,,
2019-08-04,-6.19,1.20,,
2019-08-05,-6.73,0.23,,
2019-08-06,-6.69,0.23,,
2019-08-07,-6.07,-0.11,,
2019-08-08,-6.32,-0.33,,
2019-08-09,-6.70,0.47,,
2019-08-10,-6.35,0.67,,
2019-08-11,-6.36,-1.12,,
2019-08-12,-5.76,0.20,,
2019-08-13,-5.14,-0.36,,
2019-08-14,-5.47,0.19,,
2019-08-15,-6.64,0.70,,
2019-08-16,-7.80,0.68,,
2019-08-17,-7.75,1.51,,
2019-08-18,-9.55,2.38,,
2019-08-19,-8.02,0.28,,
2019-08-20,-7.05,-0.62,,
2019-08-21,-7.18,1.01,,
2019-08-22,-6.88,0.97,,
2019-08-23,-6.83,1.33,,
2019-08-24,-5.71,0.60,,
2019-08-25,-5.81,1.34,,
2019-08-26,-7.42,2.27,,
2019-08-27,-8.24,1.16,,
2019-08-28,-7.67,0.27,,
2019-08-29,-4.93,-1.05,,
2019-08-30,-2.40,0.42,,
2019-08-31,-1.92,2.06,,
2019-09-01,1.86,2.47,,
2019-09-02,-0.31,3.53,,
2019-09-03,-2.39,3.41,,
2019-09-04,-5.09,1.95,,
2019-09-05,-6.74,0.47,,
2019-09-06,-5.88,-0.31,,
2019-09-07,-4.04,-2.06,,
2019-09-08,-4.83,-2.05,,
2019-09-09,-5.70,-0.50,,
2019-09-10,-7.10,-0.12,,
2019-09-11,-6.08,-2.21,,
2019-09-12,-4.67,-3.78,,
2019-09-13,-3.67,-2.67,,
2019-09-14,-2.31,-1.94,,
2019-09-15,-3.36,1.36,,
2019-09-16,-6.30,0.44,,
2019-09-17,-6.06,-0.00,,
2019-09-18,-4.86,-1.21,,
2019-09-19,-2.54,-2.82,,
2019-09-20,-4.97,-3.74,,
2019-09-21,-3.28,-2.75,,
2019-09-22,-2.66,-0.47,,
2019-09-23,-2.42,-0.69,,
2019-09-24,-0.94,3.28,,
2019-09-25,0.41,2.89,,
2019-09-26,-3.53,-0.69,,
2019-09-27,-5.57,0.39,,
2019-09-28,-7.13,2.45,,
2019-09-29,-7.34,1.29,,
2019-09-30,-4.46,-3.12,,
2019-10-01,-3.36,-4.63,,
2019-10-02,-1.47,-3.84,,
2019-10-03,-0.56,-3.20,,
2019-10-04,2.86,1.34,,
2019-10-05,2.62,-1.06,,
2019-10-06,2.40,0.47,,
2019-10-07,2.42,-0.13,,
2019-10-08,-3.65,1.05,,
2019-10-09,-5.00,0.17,,
2019-10-10,-5.71,-0.10,,
2019-10-11,-4.61,-1.86,,
2019-10-12,-4.93,-2.62,,
2019-10-13,-3.83,-2.21,,
2019-10-14,-5.08,-3.05,,
2019-10-15,-9.16,1.78,,
2019-10-16,-6.80,3.03,,
2019-10-17,-6.73,3.73,,
2019-10-18,-4.76,3.59,,
2019-10-19,-3.19,2.78,,
2019-10-20,-6.76,2.59,,
2019-10-21,-8.00,2.75,,
2019-10-22,-8.06,0.85,,
2019-10-23,-6.59,-1.28,,
2019-10-24,-7.51,0.66,,
2019-10-25,-6.54,1.39,,
2019-10-26,-5.21,0.82,,
2019-10-27,-4.03,-0.93,,
2019-10-28,-4.71,0.33,,
2019-10-29,-6.44,0.79,,
2019-10-30,-6.50,0.68,,
2019-10-31,-5.30,-1.62,,
2019-11-01,-2.69,-3.71,,
2019-11-02,-2.00,-4.96,,
2019-11-03,-2.10,-5.48,,
2019-11-04,-2.05,-3.69,,
2019-11-05,-4.65,-2.17,,
2019-11-06,-5.68,-3.15,,
2019-11-07,-5.09,-3.43,,
2019-11-08,-3.49,-4.47,,
2019-11-09,-0.32,-4.63,,
2019-11-10,-0.88,-4.52,,
2019-11-11,-0.34,-3.20,,
2019-11-12,-0.52,-2.44,,
2019-11-13,-0.82,-3.56,,
2019-11-14,-2.18,-0.35,,
2019-11-15,2.27,-2.81,,
2019-11-16,1.35,-6.37,,
2019-11-17,1.78,-5.48,,
2019-11-18,2.51,-3.86,,
2019-11-19,1.11,-4.13,,
2019-11-20,-1.60,-3.27,,
2019-11-21,-5.59,-0.00,,
2019-11-22,-6.33,-1.35,,
2019-11-23,-4.75,-1.10,,
2019-11-24,-2.49,-2.67,,
2019-11-25,-4.12,-0.95,,
2019-11-26,-6.39,1.01,,
2019-11-27,-7.87,-0.55,,
2019-11-28,-7.90,-1.82,,
2019-11-29,-6.56,-4.42,,
2019-11-30,-6.09,-1.63,,
2019-12-01,-5.23,0.92,,
2019-12-02,-2.38,-3.40,,
2019-12-03,-2.37,-3.39,,
2019-12-04,-3.03,-2.36,,
2019-12-05,-4.85,-2.16,,
2019-12-06,-5.35,-0.94,,
2019-12-07,-3.10,-2.89,,
2019-12-08,-3.60,-3.48,,
2019-12-09,-5.52,-1.07,,
2019-12-10,-6.15,1.88,,
2019-12-11,-6.99,-1.11,,
2019-12-12,-6.05,-3.78,,
2019-12-13,-4.21,-1.37,,
2019-12-14,-1.86,0.68,,
2019-12-15,-5.97,0.42,,
2019-12-16,-7.43,1.18,,
2019-12-17,-4.81,0.93,,
2019-12-18,0.94,-5.92,,
2019-12-19,3.23,-9.38,,
2019-12-20,1.37,-7.76,,
2019-12-21,-1.15,-4.63,,
2019-12-22,1.01,-3.52,,
2019-12-23,3.39,-6.11,,
2019-12-24,3.40,-5.23,,
2019-12-25,0.92,-3.98,,
2019-12-26,-1.35,-0.75,,
2019-12-27,-0.09,-1.76,,
2019-12-28,-1.96,0.45,,
2019-12-29,-5.01,3.64,,
2019-12-30,-5.40,1.05,,
2019-12-31,-4.35,-0.46,,
2020-01-01,-4.70,-0.41,,
2020-01-02,-6.77,2.87,,
2020-01-03,-8.22,5.34,,
2020-01-04,-4.55,-0.48,,
2020-01-05,2.82,-7.75,,
2020-01-06,-0.23,-6.72,,
2020-01-07,-3.34,-4.95,,
2020-01-08,-2.54,-6.63,,
2020-01-09,-8.63,-2.31,,
2020-01-10,-8.72,0.30,,
2020-01-11,-9.08,2.43,,
2020-01-12,-8.81,0.93,,
2020-01-13,-9.02,-1.11,,
2020-01-14,-8.19,-2.04,,
2020-01-15,-8.00,-2.14,,
2020-01-16,-8.68,-4.23,,
2020-01-17,-8.61,-2.80,,
2020-01-18,-8.55,-1.97,,
2020-01-19,-6.05,-1.40,,
2020-01-20,-2.74,-4.22,,
2020-01-21,0.94,-7.65,,
2020-01-22,0.09,-5.19,,
2020-01-23,-4.41,1.43,,
2020-01-24,-4.38,-0.00,,
2020-01-25,-3.10,-3.10,,
2020-01-26,-4.60,0.24,,
2020-01-27,-1.99,3.18,,
2020-01-28,-2.26,3.36,,
2020-01-29,-3.93,2.00,,
2020-01-30,-3.55,-1.51,,
2020-01-31,-5.82,3.09,,
2020-02-01,-4.14,-0.36,,
2020-02-02,-0.81,-7.67,,
2020-02-03,-5.62,-2.16,,
2020-02-04,-6.04,2.08,,
2020-02-05,-8.26,4.39,,
2020-02-06,-6.77,5.68,,
2020-02-07,-2.97,-5.58,,
2020-02-08,-6.98,-1.61,,
2020-02-09,-7.77,0.27,,
2020-02-10,-8.66,0.61,,
2020-02-11,-7.87,1.11,,
2020-02-12,-8.60,3.13,,
2020-02-13,-9.09,3.13,,
2020-02-14,-6.75,0.12,,
2020-02-15,-6.99,-2.68,,
2020-02-16,-6.40,-1.72,,
2020-02-17,-6.38,-0.11,,
2020-02-18,-8.84,0.62,,
2020-02-19,-8.37,-0.29,,
2020-02-20,-6.66,-1.78,,
2020-02-21,-4.19,-3.64,,
2020-02-22,-3.65,-7.16,,
2020-02-23,-1.06,-5.45,,
2020-02-24,-3.42,1.59,,
2020-02-25,-5.81,3.63,,
2020-02-26,-4.88,1.59,,
2020-02-27,0.98,-7.98,,
2020-02-28,0.59,-8.38,,
2020-02-29,-1.59,-8.19,,
2020-03-01,-7.06,-2.57,,
2020-03-02,-7.38,2.54,,
2020-03-03,-8.46,3.25,,
2020-03-04,-9.22,3.92,,
2020-03-05,-6.76,1.81,,
2020-03-06,-2.91,-1.96,,
2020-03-07,0.28,-8.01,,
2020-03-08,-6.73,-6.50,,
2020-03-09,-9.19,-4.29,,
2020-03-10,-7.11,-3.94,,
2020-03-11,-6.17,-2.75,,
2020-03-12,-5.17,-1.88,,
2020-03-13,-6.48,0.34,,
2020-03-14,-6.92,0.12,,
2020-03-15,-6.78,-1.19,,
2020-03-16,-6.78,-1.69,,
2020-03-17,-6.19,-0.87,,
2020-03-18,-7.17,0.50,,
2020-03-19,-8.35,0.44,,
2020-03-20,-7.54,1.06,,
2020-03-21,-7.61,-0.80,,
2020-03-22,-7.12,-2.18,,
2020-03-23,-6.37,-0.22,,
2020-03-24,-6.76,1.94,,
2020-03-25,-6.45,2.22,,
2020-03-26,-6.56,1.51,,
2020-03-27,-7.44,1.58,,
2020-03-28,-8.26,1.75,,
2020-03-29,-8.04,1.42,,
2020-03-30,-8.63,1.21,,
2020-03-31,-7.00,2.69,,
2020-04-01,-4.39,1.77,,
2020-04-02,-4.74,2.74,,
2020-04-03,-6.31,2.68,,
2020-04-04,-6.70,1.92,,
2020-04-05,-6.68,2.04,,
2020-04-06,-6.43,1.25,,
2020-04-07,-6.38,1.47,,
2020-04-08,-5.72,1.42,,
2020-04-09,-5.39,2.29,,
2020-04-10,-5.57,2.36,,
2020-04-11,-6.67,2.30,,
2020-04-12,-8.86,4.32,,
2020-04-13,-8.41,4.86,,
2020-04-14,-9.21,3.91,,
2020-04-15,-7.46,2.00,,
2020-04-16,-6.73,1.19,,
2020-04-17,-7.36,1.84,,
2020-04-18,-7.13,1.65,,
2020-04-19,-8.18,3.30,,
2020-04-20,-7.33,3.57,,
2020-04-21,-6.43,0.56,,
2020-04-22,-8.50,0.45,,
2020-04-23,-9.35,4.97,,
2020-04-24,-7.41,3.46,,
2020-04-25,-6.02,1.84,,
2020-04-26,-7.95,1.55,,
2020-04-27,-6.95,-0.12,,
2020-04-28,-6.53,-0.46,,
2020-04-29,-6.87,1.21,,
2020-04-30,-5.66,0.90,,
2020-05-01,-4.43,-1.35,,
2020-05-02,-4.98,1.06,,
2020-05-03,-6.49,0.34,,
2020-05-04,-6.02,0.11,,
2020-05-05,-6.36,1.24,,
2020-05-06,-6.22,0.22,,
2020-05-07,-4.94,-3.09,,
2020-05-08,-6.09,-1.41,,
2020-05-09,-6.69,1.18,,
2020-05-10,-3.89,1.42,,
2020-05-11,1.46,-4.00,,
2020-05-12,-3.96,-3.69,,
2020-05-13,-5.58,1.92,,
2020-05-14,-6.61,1.41,,
2020-05-15,-6.20,1.09,,
2020-05-16,-6.94,1.73,,
2020-05-17,-7.66,2.05,,
2020-05-18,-6.07,1.07,,
2020-05-19,-4.00,1.53,,
2020-05-20,-6.24,1.67,,
2020-05-21,-7.57,2.17,,
2020-05-22,-8.94,3.43,,
2020-05-23,-7.50,1.87,,
2020-05-24,-4.25,0.90,,
2020-05-25,-5.16,1.98,,
2020-05-26,-6.03,1.50,,
2020-05-27,-7.32,1.16,,
2020-05-28,-7.05,2.15,,
2020-05-29,-6.25,1.10,,
2020-05-30,-7.82,-0.55,,
2020-05-31,-9.51,0.33,,
2020-06-01,-9.67,4.11,,
2020-06-02,-10.11,4.72,,
2020-06-03,-11.32,5.04,,
2020-06-04,-10.76,5.48,,
2020-06-05,-4.23,9.51,,
2020-06-06,2.76,5.93,,
2020-06-07,-2.75,2.00,,
2020-06-08,-6.38,3.54,,
2020-06-09,-8.65,3.15,,
2020-06-10,-8.59,0.90,,
2020-06-11,-6.51,-1.38,,
2020-06-12,-3.41,-2.57,,
2020-06-13,-2.42,-1.82,,
2020-06-14,-2.73,-0.38,,
2020-06-15,-4.54,-1.47,,
2020-06-16,-5.06,-0.71,,
2020-06-17,-6.07,-0.32,,
2020-06-18,-6.29,0.77,,
2020-06-19,-8.17,0.71,,
2020-06-20,-7.16,0.63,,
2020-06-21,-7.48,-0.26,,
2020-06-22,-8.48,0.89,,
2020-06-23,-8.60,1.06,,
2020-06-24,-8.98,1.42,,
2020-06-25,-8.97,1.10,,
2020-06-26,-7.40,-0.91,,
2020-06-27,-6.73,-0.95,,
2020-06-28,-7.10,0.37,,
2020-06-29,-7.22,0.63,,
2020-06-30,-6.96,-0.24,,
2020-07-01,-5.35,-0.56,,
2020-07-02,-5.69,0.10,,
2020-07-03,-5.45,-0.38,,
2020-07-04,-4.84,-0.85,,
2020-07-05,-6.59,0.81,,
2020-07-06,-7.64,1.76,,
2020-07-07,-6.50,-0.68,,
2020-07-08,-5.02,-0.62,,
2020-07-09,-4.75,-1.36,,
2020-07-10,-6.33,0.33,,
2020-07-11,-6.67,0.82,,
2020-07-12,-5.90,-0.41,,
2020-07-13,-5.94,0.84,,
2020-07-14,-7.03,-0.49,,
2020-07-15,-7.58,-0.80,,
2020-07-16,-6.12,-1.87,,
2020-07-17,-5.05,-3.03,,
2020-07-18,-3.55,-0.37,,
2020-07-19,-4.44,-0.00,,
2020-07-20,-4.31,-0.53,,
2020-07-21,-4.11,0.22,,
2020-07-22,-4.18,1.36,,
2020-07-23,-5.62,3.25,,
2020-07-24,-6.48,1.98,,
2020-07-25,-7.41,2.13,,
2020-07-26,-9.12,2.11,,
2020-07-27,-9.24,2.30,,
2020-07-28,-8.00,1.12,,
2020-07-29,-6.88,0.24,,
2020-07-30,-6.31,-1.23,,
2020-07-31,-4.60,-2.88,,
2020-08-01,-2.79,-3.99,,
2020-08-02,-3.71,-2.69,,
2020-08-03,-3.18,-0.91,,
2020-08-04,-4.04,-0.00,,
2020-08-05,-5.26,-0.00,,
2020-08-06,-6.75,0.24,,
2020-08-07,-8.09,1.43,,
2020-08-08,-7.76,-0.00,,
2020-08-09,-7.15,-0.75,,
2020-08-10,-7.27,-2.08,,
2020-08-11,-6.39,-1.95,,
2020-08-12,-5.88,-2.26,,
2020-08-13,-4.76,-1.36,,
2020-08-14,-4.97,-2.11,,
2020-08-15,-5.22,-1.11,,
2020-08-16,-4.62,-1.41,,
2020-08-17,-3.20,-2.88,,
2020-08-18,-2.32,-2.24,,
2020-08-19,-2.60,-0.51,,
2020-08-20,-3.78,1.15,,
2020-08-21,-3.90,-0.55,,
2020-08-22,-2.64,-1.65,,
2020-08-23,-2.95,2.22,,
2020-08-24,-3.67,0.45,,
2020-08-25,-1.85,2.46,,
2020-08-26,-7.88,2.56,,
2020-08-27,-8.45,2.58,,
2020-08-28,-7.69,4.44,,
2020-08-29,-8.42,2.90,,
2020-08-30,-7.03,2.84,,
2020-08-31,-6.66,1.79,,
2020-09-01,-5.66,-0.40,,
2020-09-02,-4.72,-3.43,,
2020-09-03,-8.73,-2.02,,
2020-09-04,-6.73,-0.95,,
2020-09-05,-7.08,-0.87,,
2020-09-06,-5.08,-1.85,,
2020-09-07,-3.59,-2.24,,
2020-09-08,-3.98,-0.21,,
2020-09-09,-4.69,1.43,,
2020-09-10,-5.63,0.99,,
2020-09-11,-3.13,-0.44,,
2020-09-12,1.82,-1.42,,
2020-09-13,1.26,2.83,,
2020-09-14,-2.29,2.83,,
2020-09-15,-3.84,3.58,,
2020-09-16,-4.29,2.78,,
2020-09-17,-4.21,2.73,,
2020-09-18,-4.77,2.76,,
2020-09-19,-2.48,2.57,,
2020-09-20,-3.93,1.75,,
2020-09-21,-3.00,-0.32,,
2020-09-22,-2.52,-1.40,,
2020-09-23,-1.63,-1.69,,
2020-09-24,-2.35,-0.12,,
2020-09-25,-4.80,2.04,,
2020-09-26,-6.20,2.14,,
2020-09-27,-7.49,2.73,,
2020-09-28,-7.01,1.24,,
2020-09-29,-4.26,-0.98,,
2020-09-30,-1.73,-2.77,,
2020-10-01,-1.74,-2.39,,
2020-10-02,0.19,-5.34,,
2020-10-03,7.96,-2.90,,
2020-10-04,9.28,-0.32,,
2020-10-05,9.35,-1.31,,
2020-10-06,9.82,-1.91,,
2020-10-07,9.73,2.97,,
2020-10-08,2.99,3.83,,
2020-10-09,-4.30,1.23,,
2020-10-10,-3.91,2.44,,
2020-10-11,-5.48,1.99,,
2020-10-12,-5.36,0.09,,
2020-10-13,-4.48,-3.26,,
2020-10-14,-3.29,-4.36,,
2020-10-15,-4.20,-1.61,,
2020-10-16,-4.83,-1.03,,
2020-10-17,-3.97,-2.89,,
2020-10-18,-1.95,-3.83,,
2020-10-19,-0.68,-4.32,,
2020-10-20,3.92,-2.35,,
2020-10-21,4.17,-0.59,,
2020-10-22,3.17,-0.56,,
2020-10-23,2.08,-1.46,,
2020-10-24,1.04,-3.40,,
2020-10-25,3.81,-4.71,,
2020-10-26,7.36,-4.25,,
2020-10-27,4.78,5.49,,
2020-10-28,-5.21,3.52,,
2020-10-29,-4.35,0.08,,
2020-10-30,-2.70,-2.79,,
2020-10-31,-1.29,-3.97,,
2020-11-01,-2.45,-5.77,,
2020-11-02,-0.15,-8.53,,
2020-11-03,-0.16,-9.29,,
2020-11-04,-2.60,-10.41,,
2020-11-05,-7.09,-5.74,,
2020-11-06,-7.20,-4.50,,
2020-11-07,2.83,-5.80,,
2020-11-08,5.90,-3.40,,
2020-11-09,6.43,-3.42,,
2020-11-10,5.99,-0.63,,
2020-11-11,3.56,1.81,,
2020-11-12,2.60,-1.33,,
2020-11-13,0.65,-2.82,,
2020-11-14,-2.11,-1.53,,
2020-11-15,-3.37,-1.43,,
2020-11-16,-4.15,-4.78,,
2020-11-17,-3.78,-8.50,,
2020-11-18,-8.26,-6.93,,
2020-11-19,-8.26,-4.21,,
2020-11-20,-7.65,-6.19,,
2020-11-21,-6.06,-6.97,,
2020-11-22,-3.54,-6.67,,
2020-11-23,-1.66,-6.68,,
2020-11-24,-4.08,-4.86,,
2020-11-25,-6.00,-1.17,,
2020-11-26,-6.38,-2.07,,
2020-11-27,-6.01,-1.95,,
2020-11-28,-5.34,-0.66,,
2020-11-29,-4.88,0.86,,
2020-11-30,-2.70,-0.62,,
2020-12-01,0.96,-7.78,,
2020-12-02,-3.18,-7.13,,
2020-12-03,-6.58,0.69,,
2020-12-04,-2.93,-0.46,,
2020-12-05,-0.92,-1.53,,
2020-12-06,-1.15,1.65,,
2020-12-07,5.20,-2.10,,
2020-12-08,3.04,-6.83,,
2020-12-09,0.50,-5.67,,
2020-12-10,-2.41,-5.18,,
2020-12-11,-6.32,-2.05,,
2020-12-12,-5.29,0.28,,
2020-12-13,-5.91,0.52,,
2020-12-14,-5.41,0.76,,
2020-12-15,-4.19,-0.29,,
2020-12-16,-4.57,1.85,,
2020-12-17,-3.91,-2.17,,
2020-12-18,-4.70,-5.41,,
2020-12-19,-7.15,-3.04,,
2020-12-20,-5.01,-0.97,,
2020-12-21,-3.14,-3.49,,
2020-12-22,-4.51,-3.92,,
2020-12-23,-6.04,-1.51,,
2020-12-24,-4.89,2.07,,
2020-12-25,0.77,-7.30,,
2020-12-26,2.32,-7.15,,
2020-12-27,-0.37,-4.27,,
2020-12-28,-4.85,-4.52,,
2020-12-29,-5.77,-5.38,,
2020-12-30,-7.46,-0.78,,
2020-12-31,-6.75,5.87,,
2021-01-01,-8.57,4.56,,
2021-01-02,-7.36,2.11,,
2021-01-03,-6.05,-0.53,,
2021-01-04,-4.67,0.57,,
2021-01-05,-2.21,-3.54,,
2021-01-06,-3.79,-2.46,,
2021-01-07,-2.87,1.16,,
2021-01-08,-0.29,-4.11,,
2021-01-09,0.59,-6.72,,
2021-01-10,-3.24,-5.40,,
2021-01-11,-6.48,-0.34,,
2021-01-12,-2.81,-3.60,,
2021-01-13,-2.02,-2.02,,
2021-01-14,2.38,-4.12,,
2021-01-15,0.16,-3.14,,
2021-01-16,-0.55,-6.32,,
2021-01-17,-0.43,-6.13,,
2021-01-18,-0.86,-7.02,,
2021-01-19,-8.21,-3.83,,
2021-01-20,-8.75,-3.90,,
2021-01-21,-5.32,-5.32,,
2021-01-22,-5.57,-1.29,,
2021-01-23,-5.83,0.51,,
2021-01-24,-7.14,1.13,,
2021-01-25,-7.61,2.77,,
2021-01-26,-8.54,3.63,,
2021-01-27,-8.09,2.94,,
2021-01-28,-5.58,-3.09,,
2021-01-29,-4.64,-4.98,,
2021-01-30,-6.81,-3.93,,
2021-01-31,-5.93,0.41,,
2021-02-01,-1.07,-5.02,,
2021-02-02,1.72,-6.88,,
2021-02-03,1.99,-3.31,,
2021-02-04,-4.53,-0.64,,
2021-02-05,-5.29,3.44,,
2021-02-06,-5.08,4.42,,
2021-02-07,-4.87,1.68,,
2021-02-08,-6.70,2.31,,
2021-02-09,-8.47,1.04,,
2021-02-10,-7.46,0.26,,
2021-02-11,-7.92,1.40,,
2021-02-12,-8.01,4.63,,
2021-02-13,-4.37,3.29,,
2021-02-14,-2.11,0.61,,
2021-02-15,-5.29,3.18,,
2021-02-16,-1.88,-4.66,,
2021-02-17,-6.55,2.26,,
2021-02-18,-9.09,5.04,,
2021-02-19,-4.96,0.43,,
2021-02-20,1.78,-8.38,,
2021-02-21,-3.87,-6.98,,
2021-02-22,-6.53,-1.87,,
2021-02-23,-4.26,-3.21,,
2021-02-24,-6.17,-1.42,,
2021-02-25,-6.94,-2.81,,
2021-02-26,-6.97,-1.10,,
2021-02-27,-8.32,2.54,,
2021-02-28,-9.61,3.31,,
2021-03-01,-8.72,3.35,,
2021-03-02,-8.31,2.38,,
2021-03-03,-4.38,1.09,,
2021-03-04,-2.25,1.35,,
2021-03-05,-2.81,2.36,,
2021-03-06,-3.46,1.12,,
2021-03-07,-2.82,-5.79,,
2021-03-08,-5.02,-6.66,,
2021-03-09,-5.22,-6.00,,
2021-03-10,-7.52,-4.17,,
2021-03-11,-7.71,-2.07,,
2021-03-12,-8.39,-1.78,,
2021-03-13,-7.34,-2.11,,
2021-03-14,-5.18,1.01,,
2021-03-15,-7.24,2.78,,
2021-03-16,-8.24,2.68,,
2021-03-17,-9.17,4.47,,
2021-03-18,-7.72,2.66,,
2021-03-19,-4.97,-1.15,,
2021-03-20,-0.90,-4.62,,
2021-03-21,-2.64,-4.76,,
2021-03-22,-6.42,0.79,,
2021-03-23,-7.75,4.12,,
2021-03-24,-8.55,4.54,,
2021-03-25,-9.93,5.50,,
2021-03-26,-9.59,2.93,,
2021-03-27,-9.33,1.31,,
2021-03-28,-8.52,2.12,,
2021-03-29,-7.49,-0.52,,
2021-03-30,-7.27,-0.38,,
2021-03-31,-6.98,0.24,,
2021-04-01,-5.19,-3.50,,
2021-04-02,-3.67,-7.52,,
2021-04-03,-4.76,-7.62,,
2021-04-04,-5.99,-4.85,,
2021-04-05,-6.23,-4.05,,
2021-04-06,-6.93,-0.73,,
2021-04-07,-6.57,0.92,,
2021-04-08,-6.13,1.99,,
2021-04-09,-6.99,2.54,,
2021-04-10,-7.66,3.57,,
2021-04-11,-6.47,3.30,,
2021-04-12,-5.58,1.50,,
2021-04-13,-8.49,0.30,,
2021-04-14,-8.09,0.57,,
2021-04-15,-6.65,1.78,,
2021-04-16,-7.05,2.85,,
2021-04-17,-7.57,3.86,,
2021-04-18,-7.14,3.48,,
2021-04-19,-3.60,2.52,,
2021-04-20,-5.81,4.07,,
2021-04-21,-6.00,1.95,,
2021-04-22,-6.61,1.77,,
2021-04-23,-7.66,1.63,,
2021-04-24,-8.48,4.13,,
2021-04-25,-7.33,1.43,,
2021-04-26,-6.70,1.30,,
2021-04-27,-6.77,0.59,,
2021-04-28,-7.36,1.17,,
2021-04-29,-8.65,2.48,,
2021-04-30,-9.37,1.82,,
2021-05-01,-8.12,1.14,,
2021-05-02,-8.46,3.08,,
2021-05-03,-8.63,4.40,,
2021-05-04,-8.95,4.18,,
2021-05-05,-9.53,3.28,,
2021-05-06,-8.24,1.01,,
2021-05-07,-5.90,-1.04,,
2021-05-08,-6.02,-0.42,,
2021-05-09,-7.90,1.54,,
2021-05-10,-8.66,2.00,,
2021-05-11,-8.63,1.68,,
2021-05-12,-8.52,1.05,,
2021-05-13,-7.84,-0.27,,
2021-05-14,-6.06,-0.85,,
2021-05-15,-5.37,-1.95,,
2021-05-16,-5.64,-0.49,,
2021-05-17,-6.32,1.23,,
2021-05-18,-7.67,2.20,,
2021-05-19,-9.04,2.76,,
2021-05-20,-9.68,2.06,,
2021-05-21,-8.20,0.29,,
2021-05-22,-7.01,-0.61,,
2021-05-23,-7.32,-1.16,,
2021-05-24,-7.78,-0.82,,
2021-05-25,-7.97,-0.70,,
2021-05-26,-7.63,-0.53,,
2021-05-27,-6.43,-0.56,,
2021-05-28,-5.79,1.02,,
2021-05-29,-5.78,1.23,,
2021-05-30,-6.54,1.04,,
2021-05-31,-6.61,-0.12,,
2021-06-01,-6.43,-0.79,,
2021-06-02,-4.96,-0.26,,
2021-06-03,-5.98,1.05,,
2021-06-04,-7.34,1.97,,
2021-06-05,-7.94,1.83,,
2021-06-06,-7.91,1.68,,
2021-06-07,-8.37,1.48,,
2021-06-08,-8.37,1.48,,
2021-06-09,-7.46,0.92,,
2021-06-10,-6.91,0.24,,
2021-06-11,-7.25,1.28,,
2021-06-12,-7.89,2.11,,
2021-06-13,-4.80,1.84,,
2021-06-14,-5.99,2.18,,
2021-06-15,-7.33,3.11,,
2021-06-16,-6.79,5.12,,
2021-06-17,-6.21,5.21,,
2021-06-18,-7.61,4.22,,
2021-06-19,-7.65,1.49,,
2021-06-20,-7.98,2.14,,
2021-06-21,-8.84,2.70,,
2021-06-22,-8.61,3.13,,
2021-06-23,-8.78,2.03,,
2021-06-24,-7.15,-0.63,,
2021-06-25,-4.41,-1.02,,
2021-06-26,-5.36,2.06,,
2021-06-27,-7.30,2.37,,
2021-06-28,-7.38,1.70,,
2021-06-29,-8.63,2.48,,
2021-06-30,-7.82,2.54,,
2021-07-01,-7.45,1.31,,
2021-07-02,-7.24,1.54,,
2021-07-03,-6.43,-0.56,,
2021-07-04,-5.76,-0.30,,
2021-07-05,-4.77,-0.08,,
2021-07-06,-5.99,1.49,,
2021-07-07,-8.12,2.96,,
2021-07-08,-9.09,2.27,,
2021-07-09,-8.88,1.09,,
2021-07-10,-7.78,-0.82,,
2021-07-11,-6.14,-1.19,,
2021-07-12,-7.59,0.26,,
2021-07-13,-7.89,-1.82,,
2021-07-14,-8.41,-1.03,,
2021-07-15,-5.98,-2.06,,
2021-07-16,-4.20,-2.52,,
2021-07-17,-5.13,0.27,,
2021-07-18,-6.53,-0.34,,
2021-07-19,-5.83,-1.03,,
2021-07-20,-5.94,-0.52,,
2021-07-21,-7.48,0.26,,
2021-07-22,-8.29,-1.31,,
2021-07-23,-4.87,-4.70,,
2021-07-24,-3.25,-1.59,,
2021-07-25,-2.65,-0.14,,
2021-07-26,-2.93,2.46,,
2021-07-27,-5.01,1.73,,
2021-07-28,-6.72,0.83,,
2021-07-29,-6.77,-0.59,,
2021-07-30,-6.08,-1.52,,
2021-07-31,-6.65,-1.17,,
2021-08-01,-6.33,-0.55,,
2021-08-02,-6.00,-1.50,,
2021-08-03,-6.62,1.05,,
2021-08-04,-6.93,1.22,,
2021-08-05,-6.42,0.68,,
2021-08-06,-7.19,0.25,,
2021-08-07,-6.90,0.73,,
2021-08-08,-7.04,0.37,,
2021-08-09,-6.50,-0.45,,
2021-08-10,-5.37,-1.64,,
2021-08-11,-4.70,-0.66,,
2021-08-12,-5.06,-1.17,,
2021-08-13,-3.36,-1.79,,
2021-08-14,-2.70,-1.44,,
2021-08-15,-1.25,2.95,,
2021-08-16,-4.22,3.30,,
2021-08-17,-5.81,0.71,,
2021-08-18,-3.59,-4.13,,
2021-08-19,1.30,6.69,,
2021-08-20,-9.40,3.80,,
2021-08-21,-8.35,1.02,,
2021-08-22,-6.85,-2.09,,
2021-08-23,-7.68,-0.67,,
2021-08-24,-6.58,-1.64,,
2021-08-25,-6.27,-1.68,,
2021-08-26,-3.13,-4.00,,
2021-08-27,0.00,-4.26,,
2021-08-28,-3.03,0.16,,
2021-08-29,-6.03,3.07,,
2021-08-30,-7.89,2.26,,
2021-08-31,-7.71,3.43,,
2021-09-01,-8.54,2.94,,
2021-09-02,-8.03,1.71,,
2021-09-03,-7.77,0.54,,
2021-09-04,-6.37,1.59,,
2021-09-05,-5.91,1.15,,
2021-09-06,-5.15,1.00,,
2021-09-07,-6.20,2.38,,
2021-09-08,-6.75,1.31,,
2021-09-09,-6.31,-0.11,,
2021-09-10,-7.56,1.33,,
2021-09-11,-9.19,2.81,,
2021-09-12,-10.03,3.26,,
2021-09-13,-7.46,0.52,,
2021-09-14,-4.91,1.13,,
2021-09-15,-5.95,2.52,,
2021-09-16,-6.00,3.19,,
2021-09-17,-7.22,4.00,,
2021-09-18,-7.54,0.93,,
2021-09-19,-6.03,-0.53,,
2021-09-20,-5.29,-1.22,,
2021-09-21,-5.52,-2.01,,
2021-09-22,-3.47,-3.59,,
2021-09-23,-0.79,-3.15,,
2021-09-24,-2.10,-1.89,,
2021-09-25,-3.64,0.45,,
2021-09-26,-4.72,-0.66,,
2021-09-27,-4.42,-1.02,,
2021-09-28,-4.49,-0.39,,
2021-09-29,-4.24,1.14,,
2021-09-30,-5.31,0.84,,
2021-10-01,-5.49,-0.10,,
2021-10-02,-5.83,-1.13,,
2021-10-03,-4.47,-2.08,,
2021-10-04,-3.56,-2.14,,
2021-10-05,-3.12,-0.90,,
2021-10-06,-4.35,-1.67,,
2021-10-07,-5.37,-0.95,,
2021-10-08,-5.27,-1.22,,
2021-10-09,-3.44,-1.12,,
2021-10-10,-1.33,1.59,,
2021-10-11,-3.14,2.83,,
2021-10-12,-4.42,0.15,,
2021-10-13,-3.72,-0.66,,
2021-10-14,-4.10,0.95,,
2021-10-15,-4.06,0.21,,
2021-10-16,-4.01,-2.32,,
2021-10-17,-2.90,-1.96,,
2021-10-18,-3.32,-1.69,,
2021-10-19,-4.29,-0.76,,
2021-10-20,-6.00,0.10,,
2021-10-21,-5.22,-0.64,,
2021-10-22,-2.93,-0.52,,
2021-10-23,-3.99,0.63,,
2021-10-24,-5.88,2.14,,
2021-10-25,-6.50,3.03,,
2021-10-26,-6.02,1.84,,
2021-10-27,-5.77,2.94,,
2021-10-28,-4.60,2.99,,
2021-10-29,2.12,-5.24,,
2021-10-30,3.75,-3.62,,
2021-10-31,-0.88,-5.53,,
2021-11-01,-4.27,-3.34,,
2021-11-02,-2.85,-5.85,,
2021-11-03,-2.80,-5.26,,
2021-11-04,-2.48,-1.37,,
2021-11-05,1.40,-2.87,,
2021-11-06,1.13,-5.31,,
2021-11-07,-0.74,-5.25,,
2021-11-08,-2.05,-5.95,,
2021-11-09,-1.90,-5.53,,
2021-11-10,-1.69,-3.79,,
2021-11-11,-2.17,-1.88,,
2021-11-12,-2.29,-2.73,,
2021-11-13,-0.77,-3.99,,
2021-11-14,-1.96,-5.38,,
2021-11-15,-3.30,-5.95,,
2021-11-16,-2.85,-5.83,,
2021-11-17,-4.07,-3.07,,
2021-11-18,-3.56,0.50,,
2021-11-19,-1.20,-3.70,,
2021-11-20,-1.91,-3.18,,
2021-11-21,-0.91,-3.40,,
2021-11-22,0.18,-3.49,,
2021-11-23,0.00,-6.18,,
2021-11-24,-3.35,-4.45,,
2021-11-25,-4.55,-3.69,,
2021-11-26,-1.41,-6.12,,
2021-11-27,-3.00,-4.13,,
2021-11-28,-3.50,-3.04,,
2021-11-29,1.05,-3.67,,
2021-11-30,0.07,-3.92,,
2021-12-01,-2.26,-3.23,,
2021-12-02,-2.22,-1.67,,
2021-12-03,-6.10,-2.72,,
2021-12-04,-5.48,-4.44,,
2021-12-05,-3.79,-3.41,,
2021-12-06,-4.77,0.50,,
2021-12-07,-6.79,-0.36,,
2021-12-08,-6.93,0.97,,
2021-12-09,-6.73,0.12,,
2021-12-10,-6.80,-0.00,,
2021-12-11,-6.13,2.23,,
2021-12-12,-6.02,-0.95,,
2021-12-13,-4.90,-3.18,,
2021-12-14,-6.99,-4.54,,
2021-12-15,-7.24,-4.35,,
2021-12-16,-5.64,-1.51,,
2021-12-17,-5.28,-0.28,,
2021-12-18,-6.36,1.94,,
2021-12-19,-6.63,0.23,,
2021-12-20,-5.68,1.21,,
2021-12-21,3.92,-1.83,,
2021-12-22,1.61,-4.95,,
2021-12-23,1.20,-3.31,,
2021-12-24,-2.24,-3.32,,
2021-12-25,-5.71,-1.53,,
2021-12-26,-3.77,-1.92,,
2021-12-27,-5.32,1.43,,
2021-12-28,-7.12,3.78,,
2021-12-29,-8.30,4.41,,
2021-12-30,-8.27,3.18,,
2021-12-31,-8.26,2.53,,
2022-01-01,-8.07,3.10,-0.043,0.006
2022-01-02,-8.01,3.57,-0.030,0.018
2022-01-03,-6.00,-3.33,-0.039,-0.075
2022-01-04,0.00,-6.90,-0.057,-0.115
2022-01-05,-3.13,-1.20,0.059,-0.079
2022-01-06,-5.87,2.74,0.015,0.026
2022-01-07,-7.23,0.63,-0.057,-0.005
2022-01-08,-7.27,0.38,-0.071,-0.039
2022-01-09,-6.79,0.36,-0.091,-0.046
2022-01-10,-4.58,-2.86,-0.029,-0.062
2022-01-11,-2.43,-5.45,-0.085,-0.074
2022-01-12,-1.63,-5.69,-0.061,-0.117
2022-01-13,-0.33,-4.65,-0.067,-0.137
2022-01-14,-0.82,-4.21,-0.053,-0.115
2022-01-15,-3.75,3.03,0.033,0.007
2022-01-16,6.65,-2.29,0.023,-0.038
2022-01-17,2.20,-5.74,-0.050,-0.101
2022-01-18,-0.42,-4.01,-0.016,-0.069
2022-01-19,-4.63,0.08,-0.067,-0.073
2022-01-20,-5.88,0.10,-0.052,-0.067
2022-01-21,-5.39,-0.19,-0.076,-0.166
2022-01-22,-2.17,-2.68,-0.071,-0.225
2022-01-23,-1.46,-5.10,-0.086,-0.152
2022-01-24,-4.69,-2.60,-0.059,-0.091
2022-01-25,-5.02,4.52,0.010,0.040
2022-01-26,-4.59,1.95,-0.034,0.010
2022-01-27,-3.16,-0.85,-0.043,-0.115
2022-01-28,-2.16,-2.08,-0.006,-0.166
2022-01-29,-0.13,-7.58,-0.132,-0.163
2022-01-30,0.25,-7.25,-0.106,-0.118
2022-01-31,-6.49,-1.50,-0.071,-0.055
2022-02-01,-7.46,3.02,-0.042,0.037
2022-02-02,-7.03,3.13,-0.042,0.023
2022-02-03,-8.71,3.88,-0.045,0.037
2022-02-04,-6.71,1.55,-0.074,-0.011
2022-02-05,-2.16,-4.24,-0.032,-0.157
2022-02-06,0.70,-5.69,-0.048,-0.117
2022-02-07,-1.06,-2.50,0.040,-0.137
2022-02-08,2.43,-1.52,0.091,-0.239
2022-02-09,2.56,-5.75,0.104,-0.246
2022-02-10,-0.09,-5.20,-0.024,-0.071
2022-02-11,-5.10,-2.60,-0.072,-0.069
2022-02-12,-5.33,0.19,-0.032,-0.026
2022-02-13,-2.70,-4.87,-0.030,-0.101
2022-02-14,1.49,-8.44,-0.135,-0.133
2022-02-15,-1.04,-7.40,-0.130,-0.116
2022-02-16,-6.66,-0.23,-0.077,-0.038
2022-02-17,-6.64,2.68,-0.026,0.021
2022-02-18,-7.23,1.94,-0.035,-0.002
2022-02-19,-5.86,-1.25,-0.036,-0.041
2022-02-20,-6.78,-3.76,-0.085,-0.084
2022-02-21,-7.79,-1.52,-0.101,-0.061
2022-02-22,-7.89,0.55,-0.091,-0.022
2022-02-23,-7.98,0.56,-0.092,-0.010
2022-02-24,-7.23,0.13,-0.076,-0.021
2022-02-25,-7.17,-1.52,-0.083,-0.049
2022-02-26,-6.41,-3.26,-0.079,-0.094
2022-02-27,-4.50,-2.39,-0.002,-0.088
2022-02-28,-2.27,-4.65,0.007,-0.131
2022-03-01,-2.54,-5.70,-0.046,-0.095
2022-03-02,-4.31,-4.47,-0.039,-0.080
2022-03-03,-4.41,-2.55,-0.030,-0.058
2022-03-04,-3.96,-2.20,0.002,-0.061
2022-03-05,-6.25,0.11,-0.028,-0.019
2022-03-06,-6.92,0.12,-0.075,-0.026
2022-03-07,-6.64,1.41,-0.064,0.002
2022-03-08,-6.70,2.31,-0.042,0.019
2022-03-09,-7.83,3.65,-0.050,0.041
2022-03-10,-8.06,3.76,-0.060,0.052
2022-03-11,-7.96,3.38,-0.052,0.039
2022-03-12,-6.15,0.86,-0.042,-0.018
2022-03-13,-3.62,-7.42,-0.112,-0.119
2022-03-14,-7.13,-4.46,-0.124,-0.114
2022-03-15,-6.31,0.78,-0.055,-0.014
2022-03-16,-4.59,0.08,-0.018,-0.047
2022-03-17,-6.27,2.66,-0.020,0.006
2022-03-18,-7.95,3.21,-0.075,0.029
2022-03-19,-8.04,1.56,-0.109,-0.005
2022-03-20,-6.66,-0.23,-0.110,-0.035
2022-03-21,-6.50,-1.03,-0.115,-0.044
2022-03-22,-7.61,3.71,-0.067,0.051
2022-03-23,-8.78,3.73,-0.085,0.066
2022-03-24,-5.19,1.89,-0.038,-0.005
2022-03-25,1.45,-5.83,-0.011,-0.128
2022-03-26,-1.34,-6.88,-0.075,-0.099
2022-03-27,-3.92,-4.84,-0.083,-0.097
2022-03-28,-8.21,-3.15,-0.136,-0.073
2022-03-29,-9.31,0.16,-0.108,-0.021
2022-03-30,-9.36,3.78,-0.068,0.054
2022-03-31,-8.79,4.87,-0.076,0.064
2022-04-01,-8.51,3.27,-0.070,0.039
2022-04-02,-8.43,2.58,-0.063,0.027
2022-04-03,-6.61,1.41,-0.032,0.004
2022-04-04,-6.55,2.78,-0.019,0.031
2022-04-05,-8.26,3.50,-0.066,0.048
2022-04-06,-7.78,2.68,-0.075,0.032
2022-04-07,-7.07,1.50,-0.056,0.022
2022-04-08,-6.02,-2.56,-0.024,-0.065
2022-04-09,-4.24,-8.69,-0.139,-0.133
2022-04-10,-6.89,-3.82,-0.119,-0.092
2022-04-11,-7.32,0.51,-0.057,-0.014
2022-04-12,-8.74,2.02,-0.074,0.012
2022-04-13,-8.90,2.72,-0.073,0.031
2022-04-14,-8.96,2.74,-0.061,0.032
2022-04-15,-7.97,0.98,-0.066,-0.006
2022-04-16,-6.55,0.46,-0.039,-0.011
2022-04-17,-5.82,0.82,-0.002,-0.010
2022-04-18,-4.73,1.27,0.014,-0.005
2022-04-19,-5.01,-2.66,-0.006,-0.033
2022-04-20,-6.02,-1.84,-0.053,-0.040
2022-04-21,-7.54,-1.33,-0.087,-0.033
2022-04-22,-6.45,-1.97,-0.081,-0.054
2022-04-23,-5.97,-2.66,-0.077,-0.059
2022-04-24,-6.57,0.11,-0.021,-0.020
2022-04-25,-7.14,0.25,-0.053,-0.014
2022-04-26,-6.78,-1.07,-0.070,-0.043
2022-04-27,-5.44,-2.54,-0.047,-0.070
2022-04-28,-3.68,-0.85,0.011,-0.047
2022-04-29,-5.96,1.27,-0.031,-0.008
2022-04-30,-7.84,2.10,-0.053,0.011
2022-05-01,-6.91,-1.10,-0.078,-0.045
2022-05-02,-7.19,0.13,-0.065,-0.020
2022-05-03,-7.59,0.40,-0.047,-0.021
2022-05-04,-7.13,0.37,-0.048,-0.014
2022-05-05,-8.06,2.31,-0.053,0.020
2022-05-06,-8.39,2.73,-0.050,0.040
2022-05-07,-6.83,2.76,-0.022,0.037
2022-05-08,-5.64,2.05,-0.002,0.021
2022-05-09,-7.72,1.50,-0.051,0.023
2022-05-10,-8.11,-0.00,-0.055,-0.014
2022-05-11,-5.60,-2.04,-0.014,-0.045
2022-05-12,-5.12,-2.50,-0.018,-0.065
2022-05-13,-5.09,-0.90,-0.011,-0.040
2022-05-14,-4.85,1.21,0.015,-0.004
2022-05-15,-5.02,-0.35,0.000,-0.027
2022-05-16,-3.98,-0.85,0.026,-0.027
2022-05-17,-4.60,-0.81,0.027,-0.018
2022-05-18,-5.15,0.45,0.000,-0.006
2022-05-19,-5.78,1.44,-0.011,0.014
2022-05-20,-8.41,3.57,-0.042,0.060
2022-05-21,-9.92,5.28,-0.071,0.097
2022-05-22,-10.34,3.36,-0.065,0.068
2022-05-23,-8.83,2.53,-0.042,0.037
2022-05-24,-8.69,3.16,-0.032,0.059
2022-05-25,-9.63,3.69,-0.036,0.063
2022-05-26,-9.35,1.82,-0.054,0.024
2022-05-27,-7.93,0.42,-0.064,0.002
2022-05-28,-5.88,0.31,-0.006,-0.002
2022-05-29,-5.49,1.37,0.010,0.016
2022-05-30,-7.43,4.64,-0.000,0.056
2022-05-31,-7.76,4.30,0.009,0.056
2022-06-01,2.92,0.62,0.107,-0.030
2022-06-02,3.87,1.41,0.202,-0.016
2022-06-03,6.59,0.35,0.270,0.019
2022-06-04,4.40,-1.60,0.148,-0.026
2022-06-05,-2.24,1.24,0.121,-0.065
2022-06-06,-5.51,1.37,0.024,0.018
2022-06-07,-7.07,2.86,-0.042,0.045
2022-06-08,-9.04,1.92,-0.065,0.016
2022-06-09,-8.88,1.25,-0.066,0.002
2022-06-10,-7.93,1.98,-0.049,0.016
2022-06-11,-7.30,0.25,-0.046,-0.015
2022-06-12,-8.10,0.99,-0.058,-0.006
2022-06-13,-9.58,-0.50,-0.121,-0.045
2022-06-14,-10.69,0.94,-0.124,-0.022
2022-06-15,-7.69,-2.06,-0.084,-0.058
2022-06-16,-5.59,-1.82,-0.026,-0.045
2022-06-17,-7.15,-2.32,-0.068,-0.057
2022-06-18,-6.08,0.85,-0.024,-0.001
2022-06-19,-5.28,0.46,0.004,-0.003
2022-06-20,-8.45,2.42,-0.057,0.028
2022-06-21,-8.69,1.22,-0.054,-0.001
2022-06-22,-6.46,-2.88,-0.046,-0.066
2022-06-23,-3.58,-2.70,0.011,-0.068
2022-06-24,-2.81,0.15,0.056,-0.037
2022-06-25,-5.60,1.40,-0.016,0.019
2022-06-26,-6.24,-0.33,-0.047,-0.020
2022-06-27,-5.06,-0.44,-0.009,-0.034
2022-06-28,-4.07,0.64,0.028,-0.000
2022-06-29,-5.81,0.51,-0.012,-0.004
2022-06-30,-6.15,-0.21,-0.035,-0.035
2022-07-01,-5.51,-1.90,-0.045,-0.052
2022-07-02,-6.86,-1.09,-0.054,-0.044
2022-07-03,-8.08,0.14,-0.095,-0.024
2022-07-04,-6.27,-2.16,-0.069,-0.061
2022-07-05,-5.78,-0.61,-0.018,-0.040
2022-07-06,-7.35,0.64,-0.038,-0.007
2022-07-07,-6.95,-1.23,-0.055,-0.044
2022-07-08,-6.20,-1.66,-0.052,-0.053
2022-07-09,-5.95,0.73,-0.030,-0.015
2022-07-10,-6.05,0.21,-0.046,-0.030
2022-07-11,-6.19,0.87,-0.040,-0.018
2022-07-12,-7.05,2.15,-0.058,0.010
2022-07-13,-8.46,1.34,-0.111,-0.015
2022-07-14,-9.18,1.45,-0.114,-0.003
2022-07-15,-6.46,-1.49,-0.083,-0.060
2022-07-16,-4.41,-0.86,-0.016,-0.022
2022-07-17,-4.50,0.63,-0.012,0.002
2022-07-18,-6.92,0.24,-0.073,-0.022
2022-07-19,-7.44,-0.65,-0.098,-0.032
2022-07-20,-4.74,-1.27,-0.031,-0.054
2022-07-21,-5.54,0.88,-0.001,0.007
2022-07-22,-6.46,0.34,-0.039,-0.023
2022-07-23,-7.58,-0.53,-0.086,-0.042
2022-07-24,-5.74,-1.98,-0.039,-0.067
2022-07-25,-4.53,-1.65,-0.002,-0.042
2022-07-26,-5.09,0.45,0.009,-0.015
2022-07-27,-6.73,0.47,-0.042,-0.019
2022-07-28,-7.33,1.16,-0.052,-0.000
2022-07-29,-5.72,-1.53,-0.041,-0.064
2022-07-30,-6.29,0.22,-0.015,-0.017
2022-07-31,-6.58,-0.11,-0.028,-0.037
2022-08-01,-7.58,-1.61,-0.082,-0.061
2022-08-02,-6.42,-1.60,-0.041,-0.065
2022-08-03,-5.27,-0.37,-0.005,-0.031
2022-08-04,-5.69,-0.90,-0.017,-0.026
2022-08-05,-6.00,0.52,0.019,-0.005
2022-08-06,-6.69,-0.82,-0.024,-0.047
2022-08-07,-5.00,-1.53,0.033,-0.048
2022-08-08,-4.07,-1.32,0.060,-0.015
2022-08-09,-5.62,-1.72,0.027,-0.038
2022-08-10,-6.36,0.78,0.016,-0.019
2022-08-11,-6.15,-0.11,-0.004,-0.034
2022-08-12,-4.90,0.09,0.029,-0.022
2022-08-13,-4.50,1.12,0.055,-0.007
2022-08-14,-5.74,0.91,0.022,0.009
2022-08-15,-6.12,0.64,0.019,-0.010
2022-08-16,-7.22,1.93,-0.004,0.009
2022-08-17,-6.94,-0.73,-0.026,-0.040
2022-08-18,-6.19,1.43,0.002,-0.013
2022-08-19,-7.19,0.50,-0.034,-0.010
2022-08-20,-6.55,-0.69,-0.022,-0.027
2022-08-21,-4.90,-1.69,0.006,-0.030
2022-08-22,-4.23,-1.54,-0.064,-0.090
2022-08-23,-3.30,0.17,-0.032,-0.099
2022-08-24,-5.48,0.58,-0.024,-0.029
2022-08-25,-6.07,0.64,-0.011,-0.018
2022-08-26,-5.17,0.63,-0.000,-0.015
2022-08-27,-5.00,1.72,0.033,0.006
2022-08-28,-5.43,0.67,0.015,-0.014
2022-08-29,-6.28,1.11,-0.004,-0.010
2022-08-30,-5.77,-0.40,-0.015,-0.058
2022-08-31,-3.83,-1.32,0.002,-0.123
2022-09-01,-5.96,1.94,-0.039,0.011
2022-09-02,-8.39,3.22,-0.051,0.052
2022-09-03,-8.04,-0.00,-0.057,-0.032
2022-09-04,-5.47,-0.96,-0.028,-0.086
2022-09-05,-3.75,-0.87,-0.027,-0.109
2022-09-06,-4.08,-0.00,-0.019,-0.079
2022-09-07,-3.27,-0.06,-0.039,-0.095
2022-09-08,-1.21,2.99,0.043,-0.066
2022-09-09,0.83,2.88,0.081,-0.147
2022-09-10,-4.37,3.54,0.009,-0.003
2022-09-11,-6.92,2.12,-0.056,0.016
2022-09-12,-6.40,0.45,-0.082,-0.025
2022-09-13,-4.88,0.34,-0.047,-0.036
2022-09-14,-5.21,-0.73,-0.070,-0.037
2022-09-15,-6.87,0.72,-0.074,-0.016
2022-09-16,-7.62,0.94,-0.084,-0.030
2022-09-17,-6.55,-0.23,-0.092,-0.047
2022-09-18,-5.24,-0.92,-0.051,-0.042
2022-09-19,-5.18,-0.73,-0.052,-0.094
2022-09-20,-3.14,-2.37,0.020,-0.176
2022-09-21,-2.64,-1.29,-0.020,-0.215
2022-09-22,-2.35,-1.83,-0.012,-0.251
2022-09-23,-3.54,-1.57,-0.044,-0.194
2022-09-24,-3.80,-2.37,-0.064,-0.186
2022-09-25,-0.56,-3.17,0.060,-0.310
2022-09-26,1.35,-4.15,0.021,-0.291
2022-09-27,4.51,-0.88,0.160,-0.216
2022-09-28,2.24,-2.97,0.127,-0.235
2022-09-29,1.34,-4.68,-0.010,-0.128
2022-09-30,3.47,-4.44,0.031,-0.095
2022-10-01,2.67,-3.82,0.063,-0.131
2022-10-02,1.48,-2.11,0.218,-0.197
2022-10-03,-2.73,0.83,0.132,-0.058
2022-10-04,-3.73,-3.48,-0.021,-0.134
2022-10-05,-3.86,-2.32,0.044,-0.090
2022-10-06,-3.58,-4.27,-0.019,-0.065
2022-10-07,-4.15,-3.24,0.011,-0.089
2022-10-08,-3.65,-5.21,-0.022,-0.123
2022-10-09,-4.49,-6.41,-0.079,-0.092
2022-10-10,-10.90,-1.15,-0.133,-0.067
2022-10-11,-9.49,1.33,-0.079,-0.016
2022-10-12,-6.33,1.00,-0.023,-0.022
2022-10-13,-5.54,2.70,0.019,0.022
2022-10-14,-3.66,2.76,0.038,0.000
2022-10-15,-6.92,0.97,-0.003,-0.014
2022-10-16,-6.15,-0.00,-0.020,-0.027
2022-10-17,-5.01,0.88,0.033,-0.019
2022-10-18,-4.18,1.44,0.029,-0.003
2022-10-19,-1.05,-4.22,0.034,-0.074
2022-10-20,-1.21,-6.22,-0.048,-0.127
2022-10-21,-0.90,-7.35,-0.042,-0.102
2022-10-22,-2.38,-6.20,-0.000,-0.092
2022-10-23,-3.91,-3.28,0.039,-0.109
2022-10-24,-6.04,-0.11,0.031,-0.096
2022-10-25,-6.03,2.32,0.027,0.005
2022-10-26,-4.73,0.58,0.032,-0.023
2022-10-27,-2.92,0.10,0.051,-0.047
2022-10-28,-4.53,-0.08,-0.016,-0.096
2022-10-29,-4.98,-0.88,-0.026,-0.087
2022-10-30,-3.53,-2.56,-0.022,-0.137
2022-10-31,-2.76,-1.93,0.039,-0.167
2022-11-01,-3.07,-3.93,-0.017,-0.228
2022-11-02,-8.49,-5.94,-0.156,-0.144
2022-11-03,-7.84,1.67,-0.027,-0.011
2022-11-04,-7.17,-0.13,-0.088,-0.036
2022-11-05,-5.33,1.53,-0.025,-0.007
2022-11-06,-5.54,-0.88,-0.054,-0.041
2022-11-07,-3.17,-3.28,0.018,-0.140
2022-11-08,-1.92,-4.31,-0.024,-0.234
2022-11-09,0.62,-3.91,-0.043,-0.277
2022-11-10,3.16,-1.68,0.090,-0.283
2022-11-11,-1.32,3.12,0.154,-0.096
2022-11-12,-4.59,0.98,0.013,-0.000
2022-11-13,-3.23,-2.35,-0.077,-0.139
2022-11-14,-4.21,-2.43,-0.101,-0.189
2022-11-15,-5.35,-0.66,-0.097,-0.084
2022-11-16,-5.03,-3.66,-0.132,-0.113
2022-11-17,-4.90,-4.73,-0.138,-0.125
2022-11-18,-5.87,-4.75,-0.134,-0.140
2022-11-19,-5.44,-0.48,-0.097,-0.070
2022-11-20,-2.08,-2.47,-0.098,-0.269
2022-11-21,-1.19,-4.16,-0.052,-0.319
2022-11-22,-3.18,-1.22,-0.023,-0.234
2022-11-23,-1.80,-2.67,-0.044,-0.258
2022-11-24,-3.64,-1.85,-0.087,-0.173
2022-11-25,-4.92,1.89,-0.034,-0.047
2022-11-26,-5.75,1.22,-0.089,-0.041
2022-11-27,-5.10,0.27,-0.084,-0.023
2022-11-28,-6.37,0.78,-0.065,-0.003
2022-11-29,-7.00,1.36,-0.080,-0.006
2022-11-30,-6.47,0.57,-0.068,-0.019
2022-12-01,-6.94,-3.84,-0.116,-0.079
2022-12-02,-6.91,-4.32,-0.114,-0.097
2022-12-03,-8.09,-4.67,-0.138,-0.112
2022-12-04,-5.57,-4.84,-0.068,-0.105
2022-12-05,-6.55,-3.48,-0.076,-0.089
2022-12-06,-6.77,-1.56,-0.052,-0.070
2022-12-07,-7.76,-3.14,-0.108,-0.103
2022-12-08,-7.55,-4.90,-0.146,-0.119
2022-12-09,-6.72,-4.36,-0.106,-0.115
2022-12-10,-5.44,-2.77,-0.051,-0.110
2022-12-11,-4.43,-1.11,-0.006,-0.156
2022-12-12,-3.90,-0.62,0.022,-0.133
2022-12-13,-6.12,1.99,-0.011,-0.009
2022-12-14,-6.95,4.34,-0.016,0.061
2022-12-15,-5.55,3.88,-0.002,0.040
2022-12-16,-4.21,3.17,0.028,0.027
2022-12-17,-4.59,2.44,0.038,0.013
2022-12-18,-4.18,0.22,0.038,-0.016
2022-12-19,-6.39,-0.56,-0.047,-0.019
2022-12-20,-5.42,-0.57,-0.008,-0.030
2022-12-21,-3.85,-1.63,-0.008,-0.065
2022-12-22,-3.85,-0.07,0.009,-0.084
2022-12-23,-4.51,-0.00,0.030,-0.054
2022-12-24,-2.89,-6.20,-0.045,-0.129
2022-12-25,-1.50,-8.52,-0.143,-0.130
2022-12-26,0.00,-10.14,-0.190,-0.147
2022-12-27,2.05,-6.69,-0.076,-0.124
2022-12-28,-2.05,-7.14,-0.090,-0.102
2022-12-29,-6.61,1.41,-0.051,-0.012
2022-12-30,-6.55,2.78,-0.031,0.019
2022-12-31,-5.43,2.89,-0.025,0.017
2023-01-01,-6.43,1.48,-0.056,-0.008
2023-01-02,-7.48,1.45,-0.064,-0.018
2023-01-03,-6.92,3.08,-0.040,0.035
2023-01-04,-6.76,2.73,-0.039,0.018
2023-01-05,-6.52,-1.03,-0.055,-0.047
2023-01-06,-4.97,-3.48,-0.034,-0.080
2023-01-07,-5.44,-4.25,-0.060,-0.088
2023-01-08,-5.54,-2.58,-0.070,-0.076
2023-01-09,-3.51,-3.63,0.006,-0.072
2023-01-10,-3.43,-4.08,0.001,-0.134
2023-01-11,-5.76,-2.56,-0.053,-0.066
2023-01-12,-6.10,-0.32,-0.041,-0.034
2023-01-13,-0.35,-3.97,0.060,-0.133
2023-01-14,1.29,-7.33,-0.061,-0.129
2023-01-15,-1.75,-4.34,-0.022,-0.116
2023-01-16,-6.17,1.77,-0.056,-0.037
2023-01-17,-6.33,2.95,-0.046,0.022
2023-01-18,-7.49,4.33,-0.049,0.049
2023-01-19,-7.91,4.21,-0.045,0.040
2023-01-20,-7.80,2.53,-0.046,0.001
2023-01-21,-6.21,1.55,-0.044,-0.015
2023-01-22,-7.18,4.15,-0.037,0.023
2023-01-23,-5.80,1.89,-0.047,-0.000
2023-01-24,-7.00,2.27,-0.050,0.015
2023-01-25,-7.40,4.80,-0.036,0.055
2023-01-26,-5.26,-1.12,-0.035,-0.040
2023-01-27,-2.91,-5.72,-0.087,-0.077
2023-01-28,-6.74,-2.45,-0.069,-0.053
2023-01-29,-7.32,-0.90,-0.096,-0.050
2023-01-30,-7.21,1.14,-0.086,-0.012
2023-01-31,-7.82,-0.14,-0.101,-0.031
2023-02-01,-7.52,0.13,-0.085,-0.028
2023-02-02,-6.71,-0.12,-0.096,-0.042
2023-02-03,-4.19,-3.16,-0.039,-0.094
2023-02-04,-2.76,-5.43,-0.049,-0.088
2023-02-05,-2.31,-2.96,0.047,-0.105
2023-02-06,-3.16,-2.84,0.013,-0.197
2023-02-07,-7.58,0.53,-0.068,-0.053
2023-02-08,-9.20,1.96,-0.069,0.004
2023-02-09,-7.95,1.69,-0.056,0.006
2023-02-10,-8.07,1.57,-0.065,-0.004
2023-02-11,-4.52,-0.88,-0.016,-0.048
2023-02-12,0.25,-7.12,-0.060,-0.116
2023-02-13,-1.88,-6.14,-0.063,-0.076
2023-02-14,-7.22,0.13,-0.057,-0.025
2023-02-15,-8.94,3.43,-0.049,0.050
2023-02-16,-9.50,3.84,-0.053,0.045
2023-02-17,-7.76,1.94,-0.061,0.001
2023-02-18,-6.28,-2.16,-0.068,-0.060
2023-02-19,-6.06,-4.57,-0.085,-0.109
2023-02-20,-6.16,-3.14,-0.102,-0.088
2023-02-21,-5.77,0.91,-0.050,-0.014
2023-02-22,-8.54,4.35,-0.061,0.062
2023-02-23,-10.36,3.77,-0.103,0.056
2023-02-24,-9.85,1.56,-0.108,-0.001
2023-02-25,-8.26,-1.60,-0.116,-0.061
2023-02-26,-7.08,-0.74,-0.066,-0.046
2023-02-27,-8.46,1.95,-0.075,0.006
2023-02-28,-7.99,3.23,-0.074,0.025
2023-03-01,-8.06,3.26,-0.079,0.028
2023-03-02,-8.77,5.07,-0.058,0.069
2023-03-03,-9.33,5.83,-0.067,0.093
2023-03-04,-7.35,2.25,-0.076,0.015
2023-03-05,-7.31,1.29,-0.063,-0.004
2023-03-06,-6.29,0.33,-0.039,-0.029
2023-03-07,-5.71,-1.01,-0.011,-0.049
2023-03-08,-4.78,-0.25,-0.009,-0.025
2023-03-09,-5.83,-0.31,-0.036,-0.025
2023-03-10,-6.11,0.53,-0.047,-0.017
2023-03-11,-5.40,0.95,-0.034,-0.002
2023-03-12,-5.58,3.76,-0.016,0.043
2023-03-13,-6.50,1.38,-0.068,0.008
2023-03-14,-5.81,0.61,-0.055,0.005
2023-03-15,-4.15,-1.68,-0.040,-0.047
2023-03-16,-5.78,-3.75,-0.089,-0.074
2023-03-17,-6.16,2.49,-0.033,0.008
2023-03-18,-4.68,1.61,-0.032,-0.021
2023-03-19,3.14,-3.74,0.071,-0.151
2023-03-20,-1.83,-8.60,-0.116,-0.143
2023-03-21,-7.67,-6.43,-0.157,-0.141
2023-03-22,-8.18,-1.89,-0.110,-0.063
2023-03-23,-7.53,-0.66,-0.083,-0.031
2023-03-24,-6.88,2.23,-0.024,0.017
2023-03-25,-8.97,4.57,-0.059,0.076
2023-03-26,-9.82,3.57,-0.086,0.055
2023-03-27,-9.20,3.72,-0.071,0.056
2023-03-28,-8.80,3.03,-0.083,0.044
2023-03-29,-7.32,0.51,-0.079,-0.017
2023-03-30,-6.85,-1.46,-0.091,-0.049
2023-03-31,-6.89,0.36,-0.070,-0.021
2023-04-01,-8.57,0.90,-0.081,-0.011
2023-04-02,-8.04,0.28,-0.083,-0.029
2023-04-03,-7.80,2.24,-0.052,0.014
2023-04-04,-9.16,3.52,-0.060,0.030
2023-04-05,-10.06,2.89,-0.106,0.037
2023-04-06,-9.86,1.21,-0.125,-0.003
2023-04-07,-8.17,0.29,-0.087,-0.020
2023-04-08,-6.41,-0.56,-0.054,-0.032
2023-04-09,-4.72,-0.75,-0.014,-0.048
2023-04-10,-4.53,-0.88,0.019,-0.025
2023-04-11,-3.23,-0.57,0.046,-0.009
2023-04-12,-1.77,2.52,0.068,0.018
2023-04-13,-3.15,2.64,0.051,0.025
2023-04-14,-6.09,3.37,-0.013,0.041
2023-04-15,-8.67,1.84,-0.089,0.019
2023-04-16,-7.56,1.06,-0.080,-0.010
2023-04-17,-4.89,-2.60,-0.059,-0.073
2023-04-18,-5.16,-1.88,-0.025,-0.046
2023-04-19,-6.38,1.13,-0.024,-0.010
2023-04-20,-6.65,1.53,-0.034,0.005
2023-04-21,-6.21,1.66,-0.022,0.008
2023-04-22,-5.58,1.81,0.000,0.013
2023-04-23,-6.15,1.65,-0.008,0.010
2023-04-24,-6.97,2.00,-0.033,0.016
2023-04-25,-4.48,1.81,0.018,0.009
2023-04-26,-6.47,2.35,-0.021,0.035
2023-04-27,-8.34,2.71,-0.057,0.047
2023-04-28,-7.83,2.70,-0.059,0.050
2023-04-29,-6.07,1.86,-0.047,0.017
2023-04-30,2.42,-4.97,0.029,-0.098
2023-05-01,-5.17,-0.54,0.006,-0.013
2023-05-02,-6.75,1.68,-0.014,0.004
2023-05-03,-6.73,1.31,-0.036,0.005
2023-05-04,-6.87,0.97,-0.039,-0.009
2023-05-05,-7.01,1.49,-0.041,0.004
2023-05-06,-7.01,-0.12,-0.042,-0.019
2023-05-07,-6.71,-1.18,-0.055,-0.038
2023-05-08,-6.26,-0.99,-0.032,-0.028
2023-05-09,-6.25,0.33,-0.006,-0.007
2023-05-10,-7.17,1.79,-0.020,0.018
2023-05-11,-8.56,2.29,-0.034,0.031
2023-05-12,-8.26,2.21,-0.057,0.017
2023-05-13,-8.62,1.83,-0.052,0.021
2023-05-14,-7.86,0.41,-0.039,-0.003
2023-05-15,-1.74,-2.90,0.048,-0.101
2023-05-16,-2.49,-2.33,0.041,-0.108
2023-05-17,-1.99,2.55,0.076,-0.005
2023-05-18,-3.95,2.10,0.043,0.012
2023-05-19,-4.59,1.31,0.009,0.000
2023-05-20,-4.18,-0.22,0.013,-0.014
2023-05-21,-3.80,-1.46,-0.009,-0.019
2023-05-22,-2.32,-1.13,0.009,-0.009
2023-05-23,-2.43,1.41,-0.002,0.006
2023-05-24,-2.88,1.60,0.011,0.003
2023-05-25,-1.92,3.08,0.020,0.025
2023-05-26,-3.19,0.51,-0.003,-0.002
2023-05-27,-4.02,-1.00,-0.040,-0.020
2023-05-28,-3.44,2.23,-0.020,0.002
2023-05-29,-4.18,2.32,-0.021,0.024
2023-05-30,-3.09,2.68,-0.006,0.013
2023-05-31,-3.47,1.69,0.002,0.001
2023-06-01,-3.21,1.04,-0.009,-0.020
2023-06-02,-4.23,-0.37,-0.011,-0.039
2023-06-03,-4.12,-1.11,-0.041,-0.037
2023-06-04,-3.71,1.81,-0.018,0.001
2023-06-05,-5.23,1.50,-0.038,0.005
2023-06-06,-3.92,1.66,-0.034,-0.024
2023-06-07,-2.91,2.19,0.002,0.011
2023-06-08,-3.08,2.32,0.018,-0.009
2023-06-09,-3.61,-0.00,-0.006,-0.026
2023-06-10,-4.88,1.04,-0.019,-0.008
2023-06-11,-5.73,1.97,-0.063,0.021
2023-06-12,-6.99,2.41,-0.092,0.020
2023-06-13,-7.54,2.30,-0.067,0.018
2023-06-14,-8.51,2.77,-0.072,0.017
2023-06-15,-8.58,2.46,-0.068,0.024
2023-06-16,-8.33,2.08,-0.079,0.015
2023-06-17,-7.89,1.97,-0.060,0.005
2023-06-18,-7.88,2.41,-0.049,0.017
2023-06-19,-7.75,1.79,-0.053,0.006
2023-06-20,-7.27,2.08,-0.032,0.004
2023-06-21,-6.22,1.32,-0.011,0.003
2023-06-22,-8.03,1.56,-0.062,0.007
2023-06-23,-7.84,2.10,-0.040,0.005
2023-06-24,-6.07,0.64,-0.050,-0.031
2023-06-25,-5.77,-0.81,-0.042,-0.040
2023-06-26,-5.41,-1.86,-0.007,-0.040
2023-06-27,-6.57,-0.81,-0.063,-0.036
2023-06-28,-6.49,0.11,-0.044,-0.031
2023-06-29,-6.67,-0.12,-0.044,-0.033
2023-06-30,-5.28,-1.51,-0.031,-0.045
2023-07-01,-4.51,-0.63,0.000,-0.025
2023-07-02,-5.05,0.09,-0.001,-0.023
2023-07-03,-6.52,-0.23,-0.046,-0.029
2023-07-04,-8.43,1.18,-0.075,-0.021
2023-07-05,-6.45,0.34,-0.046,-0.032
2023-07-06,-5.76,-1.65,-0.041,-0.043
2023-07-07,-7.17,0.75,-0.065,-0.011
2023-07-08,-8.00,1.41,-0.078,-0.004
2023-07-09,-8.04,1.71,-0.066,-0.004
2023-07-10,-7.38,0.26,-0.053,-0.031
2023-07-11,-7.24,0.51,-0.029,-0.018
2023-07-12,-6.58,-1.64,-0.030,-0.057
2023-07-13,-6.34,-2.18,-0.024,-0.060
2023-07-14,-5.75,-1.43,-0.005,-0.047
2023-07-15,-6.63,0.23,-0.014,-0.011
2023-07-16,-7.60,-0.66,-0.063,-0.052
2023-07-17,-5.65,-2.06,-0.041,-0.061
2023-07-18,-5.57,-2.03,-0.018,-0.055
2023-07-19,-5.51,-2.11,-0.001,-0.046
2023-07-20,-4.91,-0.78,0.013,-0.027
2023-07-21,-6.45,-1.02,-0.005,-0.047
2023-07-22,-5.99,0.10,-0.013,-0.031
2023-07-23,-7.70,1.50,-0.029,0.005
2023-07-24,-8.23,0.87,-0.058,-0.008
2023-07-25,-6.32,-1.93,-0.030,-0.056
2023-07-26,-4.99,-3.00,0.006,-0.058
2023-07-27,-3.68,-3.20,-0.002,-0.058
2023-07-28,-5.38,-2.29,-0.092,-0.061
2023-07-29,-7.87,-0.83,-0.106,-0.057
2023-07-30,-5.98,-1.38,-0.060,-0.060
2023-07-31,-4.48,-1.28,-0.009,-0.080
2023-08-01,-4.60,0.24,0.003,-0.053
2023-08-02,-6.49,-0.00,-0.019,-0.025
2023-08-03,-5.47,-1.26,-0.033,-0.051
2023-08-04,-4.96,0.79,-0.009,-0.000
2023-08-05,-5.23,-0.09,-0.027,-0.020
2023-08-06,-4.75,-0.75,-0.020,-0.021
2023-08-07,-5.09,0.18,-0.007,0.001
2023-08-08,-4.79,-0.42,0.000,-0.003
2023-08-09,-5.31,0.94,-0.002,0.005
2023-08-10,-5.08,0.44,-0.012,-0.023
2023-08-11,-5.02,0.18,0.016,-0.008
2023-08-12,-5.33,-0.09,-0.001,-0.022
2023-08-13,-6.84,0.12,-0.051,-0.030
2023-08-14,-7.11,-0.75,-0.073,-0.053
2023-08-15,-4.61,-1.68,-0.002,-0.059
2023-08-16,-4.62,-0.32,0.040,-0.028
2023-08-17,-5.38,-0.85,-0.009,-0.022
2023-08-18,-5.02,-1.07,0.023,-0.029
2023-08-19,-4.94,-3.08,-0.011,-0.054
2023-08-20,-2.77,-2.24,0.032,-0.071
2023-08-21,-3.94,0.69,0.008,-0.055
2023-08-22,-5.01,-2.34,-0.032,-0.098
2023-08-23,-3.60,-4.61,-0.016,-0.095
2023-08-24,-3.32,-3.21,-0.002,-0.086
2023-08-25,-1.99,-2.37,0.022,-0.166
2023-08-26,3.13,-2.72,0.158,-0.198
2023-08-27,5.31,-2.48,0.198,-0.170
2023-08-28,6.61,1.53,0.277,-0.062
2023-08-29,4.48,3.90,0.246,0.054
2023-08-30,1.57,4.08,0.197,0.051
2023-08-31,-1.75,1.81,0.063,-0.006
2023-09-01,-5.38,0.47,-0.030,-0.026
2023-09-02,-6.05,-0.64,-0.060,-0.039
2023-09-03,-4.33,-2.81,-0.025,-0.079
2023-09-04,-2.88,-2.33,-0.013,-0.164
2023-09-05,-3.50,1.34,0.068,-0.051
2023-09-06,-4.27,1.31,0.052,-0.040
2023-09-07,-4.91,-0.52,0.023,-0.056
2023-09-08,-2.68,-2.42,0.037,-0.146
2023-09-09,-3.07,-0.60,0.001,-0.112
2023-09-10,-3.74,0.13,0.021,-0.094
2023-09-11,-3.96,-0.56,-0.021,-0.111
2023-09-12,-4.31,-1.74,-0.029,-0.129
2023-09-13,-4.15,-1.94,-0.025,-0.158
2023-09-14,-3.96,-1.60,0.005,-0.132
2023-09-15,-5.66,-0.90,-0.030,-0.054
2023-09-16,-4.85,-0.85,0.037,-0.025
2023-09-17,-4.71,-0.33,0.032,-0.018
2023-09-18,-3.80,-0.00,0.042,-0.048
2023-09-19,-4.05,-0.43,0.025,-0.067
2023-09-20,-4.08,0.36,0.039,-0.036
2023-09-21,-5.43,0.09,0.009,-0.028
2023-09-22,-4.85,-0.94,0.021,-0.017
2023-09-23,-2.46,-0.71,0.051,-0.062
2023-09-24,-0.98,2.84,0.067,-0.108
2023-09-25,-3.88,0.34,0.023,-0.163
2023-09-26,-3.74,-0.93,-0.048,-0.157
2023-09-27,-2.71,-0.93,0.016,-0.206
2023-09-28,-2.49,0.96,0.028,-0.153
2023-09-29,-3.39,2.55,0.046,-0.086
2023-09-30,-2.74,-0.05,0.025,-0.091
2023-10-01,-2.71,-0.43,0.036,-0.176
2023-10-02,-2.65,-2.15,-0.024,-0.248
2023-10-03,-0.80,-2.98,0.016,-0.239
2023-10-04,-1.52,-3.11,0.026,-0.250
2023-10-05,-2.12,-0.73,0.047,-0.151
2023-10-06,-3.60,0.77,0.028,-0.102
2023-10-07,-3.31,0.23,0.049,-0.172
2023-10-08,-3.50,-1.41,0.058,-0.202
2023-10-09,-2.89,0.35,0.022,-0.134
2023-10-10,-3.85,2.23,-0.013,-0.086
2023-10-11,-4.83,4.06,-0.042,0.011
2023-10-12,-5.16,4.64,-0.037,0.073
2023-10-13,-5.82,2.84,-0.060,0.037
2023-10-14,-7.11,1.13,-0.091,0.001
2023-10-15,-4.49,0.71,-0.020,-0.042
2023-10-16,-0.44,-5.04,-0.030,-0.124
2023-10-17,0.64,-6.10,-0.066,-0.111
2023-10-18,-1.60,-6.40,-0.072,-0.136
2023-10-19,-1.74,-5.34,-0.060,-0.244
2023-10-20,-0.08,-4.68,-0.025,-0.331
2023-10-21,-2.26,-4.63,-0.024,-0.247
2023-10-22,-5.09,-2.82,-0.070,-0.146
2023-10-23,-4.72,-2.41,-0.047,-0.161
2023-10-24,-5.45,-0.96,-0.072,-0.205
2023-10-25,-6.87,-1.97,-0.085,-0.099
2023-10-26,-6.54,-2.91,-0.076,-0.082
2023-10-27,-7.79,-2.99,-0.103,-0.083
2023-10-28,-7.09,-3.77,-0.086,-0.105
2023-10-29,-5.11,-3.19,-0.071,-0.124
2023-10-30,-1.66,-3.74,0.015,-0.220
2023-10-31,0.15,-4.33,-0.052,-0.236
2023-11-01,-2.02,-6.22,-0.073,-0.216
2023-11-02,-1.76,-9.08,-0.168,-0.125
2023-11-03,-0.28,-8.05,-0.114,-0.115
2023-11-04,-4.56,-6.05,-0.109,-0.105
2023-11-05,-5.65,-6.06,-0.099,-0.117
2023-11-06,-4.26,-6.31,-0.099,-0.118
2023-11-07,-5.86,-5.66,-0.104,-0.124
2023-11-08,-5.84,-4.24,-0.100,-0.097
2023-11-09,-3.52,-1.28,-0.021,-0.241
2023-11-10,-5.06,-1.74,-0.090,-0.215
2023-11-11,-5.58,-1.08,-0.102,-0.173
2023-11-12,-5.52,-3.06,-0.121,-0.130
2023-11-13,-6.22,-3.45,-0.110,-0.119
2023-11-14,-3.27,-3.16,-0.079,-0.273
2023-11-15,-0.94,-3.52,-0.050,-0.305
2023-11-16,2.66,-5.22,-0.064,-0.137
2023-11-17,5.20,-3.13,0.054,-0.103
2023-11-18,5.95,-2.90,0.077,-0.132
2023-11-19,3.86,-2.32,0.044,-0.110
2023-11-20,-4.31,2.10,0.022,-0.011
2023-11-21,-6.00,1.50,-0.061,-0.017
2023-11-22,-3.58,-3.12,-0.045,-0.092
2023-11-23,-1.95,-3.37,-0.024,-0.195
2023-11-24,-2.75,-0.84,-0.004,-0.250
2023-11-25,-3.61,-0.97,0.001,-0.239
2023-11-26,-4.44,0.54,-0.009,-0.177
2023-11-27,-5.13,-1.97,-0.047,-0.212
2023-11-28,-4.54,-4.54,-0.100,-0.199
2023-11-29,-5.99,-5.03,-0.124,-0.104
2023-11-30,-7.51,-2.73,-0.083,-0.084
2023-12-01,-6.81,3.03,-0.031,0.023
2023-12-02,-7.78,2.23,-0.062,0.013
2023-12-03,-6.98,1.36,-0.053,-0.000
2023-12-04,-5.58,0.19,-0.058,-0.042
2023-12-05,-7.01,-2.97,-0.114,-0.079
2023-12-06,-4.77,-6.33,-0.101,-0.123
2023-12-07,-4.97,-6.84,-0.110,-0.132
2023-12-08,-5.33,-3.33,-0.057,-0.098
2023-12-09,-6.63,0.12,-0.035,-0.028
2023-12-10,-5.30,-0.46,-0.008,-0.069
2023-12-11,0.26,-7.54,-0.071,-0.117
2023-12-12,-0.91,-8.66,-0.109,-0.142
2023-12-13,-3.74,-5.99,-0.085,-0.127
2023-12-14,-4.24,-5.23,-0.089,-0.177
2023-12-15,-4.14,-3.12,-0.071,-0.183
2023-12-16,3.53,-2.96,0.055,-0.255
2023-12-17,7.95,-4.41,0.153,-0.128
2023-12-18,5.34,-4.98,0.089,-0.102
2023-12-19,1.57,-5.49,0.006,-0.083
2023-12-20,-0.55,-5.27,-0.033,-0.045
2023-12-21,-2.06,-5.38,-0.078,-0.051
2023-12-22,-2.51,-5.38,-0.071,-0.093
2023-12-23,-5.58,-3.76,-0.041,-0.129
2023-12-24,-6.08,1.29,-0.004,-0.083
2023-12-25,-3.24,2.92,0.012,-0.094
2023-12-26,-1.81,-2.58,-0.035,-0.196
2023-12-27,-3.26,-0.57,-0.034,-0.152
2023-12-28,0.70,-4.42,0.017,-0.154
2023-12-29,-1.59,-6.88,-0.067,-0.113
2023-12-30,0.45,-8.58,-0.120,-0.131
2023-12-31,-0.30,-5.69,-0.033,-0.114
2024-01-01,-6.46,-2.88,-0.019,-0.136
2024-01-02,-5.66,-4.11,-0.044,-0.129
2024-01-03,-4.47,0.47,0.037,-0.036
2024-01-04,-2.59,-0.69,0.081,-0.078
2024-01-05,-6.47,3.44,0.020,0.022
2024-01-06,-5.79,4.53,-0.018,0.037
2024-01-07,-4.92,3.20,0.009,0.027
2024-01-08,-7.15,2.89,-0.027,0.022
2024-01-09,-7.29,5.69,-0.006,0.045
2024-01-10,1.05,-3.91,0.004,-0.071
2024-01-11,-3.83,1.70,0.053,-0.058
2024-01-12,-6.06,4.40,-0.006,0.040
2024-01-13,-2.69,-1.96,0.004,-0.055
2024-01-14,-3.30,-1.33,-0.064,-0.086
2024-01-15,-4.73,1.91,-0.011,0.002
2024-01-16,-4.27,1.06,-0.006,-0.025
2024-01-17,-2.90,-3.01,-0.083,-0.163
2024-01-18,-5.04,1.16,-0.056,-0.058
2024-01-19,-6.57,0.11,-0.063,-0.027
2024-01-20,-4.44,-3.47,-0.061,-0.071
2024-01-21,-6.19,-4.66,-0.099,-0.082
2024-01-22,-9.19,0.16,-0.098,-0.042
2024-01-23,-8.88,3.23,-0.069,0.037
2024-01-24,-9.59,2.57,-0.098,0.014
2024-01-25,-9.15,2.80,-0.082,0.019
2024-01-26,-8.39,2.25,-0.060,0.005
2024-01-27,-7.51,2.01,-0.039,-0.007
2024-01-28,-1.78,-3.65,0.017,-0.105
2024-01-29,2.35,-7.68,-0.076,-0.165
2024-01-30,2.38,-5.88,-0.009,-0.102
2024-01-31,-0.08,-4.34,0.005,-0.106
2024-02-01,-0.94,-4.85,-0.016,-0.120
2024-02-02,-4.37,1.17,0.053,-0.029
2024-02-03,-4.93,4.28,0.025,0.045
2024-02-04,-1.85,3.63,0.031,-0.011
2024-02-05,6.16,-3.00,0.113,-0.100
2024-02-06,8.73,-5.25,0.108,-0.103
2024-02-07,1.26,-4.69,0.009,-0.080
2024-02-08,-6.69,-0.59,-0.075,-0.027
2024-02-09,-8.46,1.80,-0.064,-0.005
2024-02-10,-7.66,4.08,-0.024,0.025
2024-02-11,-7.73,5.62,-0.023,0.062
2024-02-12,-6.13,2.11,-0.082,-0.018
2024-02-13,1.47,-5.13,-0.033,-0.112
2024-02-14,-3.73,-5.74,-0.071,-0.066
2024-02-15,-6.04,-3.63,-0.068,-0.072
2024-02-16,-6.08,0.85,-0.032,-0.022
2024-02-17,-5.56,3.34,-0.007,0.026
2024-02-18,6.17,-0.43,0.043,-0.026
2024-02-19,4.55,-5.42,0.044,-0.103
2024-02-20,0.20,-3.77,0.071,-0.068
2024-02-21,-3.99,-5.49,-0.031,-0.086
2024-02-22,-4.44,0.31,0.001,-0.017
2024-02-23,-4.96,3.47,0.027,0.027
2024-02-24,-3.11,0.49,0.033,-0.028
2024-02-25,-3.53,-1.35,0.005,-0.060
2024-02-26,-5.85,-0.61,-0.075,-0.041
2024-02-27,-5.41,0.09,-0.026,-0.030
2024-02-28,-7.91,2.57,-0.049,0.028
2024-02-29,-8.40,-0.73,-0.106,-0.053
2024-03-01,-6.55,-0.00,-0.061,-0.023
2024-03-02,-6.90,1.59,-0.052,-0.000
2024-03-03,-6.79,2.61,-0.042,0.037
2024-03-04,-8.26,2.21,-0.076,0.012
2024-03-05,-7.55,3.20,-0.054,0.035
2024-03-06,-6.07,2.70,-0.023,0.030
2024-03-07,-5.34,2.84,0.006,0.020
2024-03-08,-7.80,2.84,-0.036,0.018
2024-03-09,-7.50,2.15,-0.062,0.005
2024-03-10,-3.47,-2.52,-0.003,-0.075
2024-03-11,-3.65,-1.78,0.007,-0.099
2024-03-12,-5.20,0.09,0.009,-0.030
2024-03-13,-6.11,1.08,-0.007,0.010
2024-03-14,-8.02,1.85,-0.045,0.019
2024-03-15,-8.75,1.70,-0.075,0.009
2024-03-16,-8.09,1.57,-0.067,0.005
2024-03-17,-7.98,2.14,-0.066,0.007
2024-03-18,-6.90,1.98,-0.046,0.010
2024-03-19,-4.94,0.17,-0.017,-0.041
2024-03-20,-4.34,-0.38,-0.015,-0.022
2024-03-21,-5.28,1.72,-0.011,0.013
2024-03-22,-5.96,4.18,-0.036,0.049
2024-03-23,4.88,-2.71,0.040,-0.046
2024-03-24,-4.01,-3.48,-0.035,-0.079
2024-03-25,-7.30,3.25,-0.045,0.031
2024-03-26,-7.04,2.02,-0.107,0.013
2024-03-27,-4.53,0.32,-0.049,-0.012
2024-03-28,-1.37,-5.91,-0.076,-0.091
2024-03-29,-3.14,-6.73,-0.110,-0.097
2024-03-30,-5.08,-0.62,-0.042,-0.031
2024-03-31,-6.59,1.77,-0.035,0.008
2024-04-01,-7.89,1.97,-0.038,0.011
2024-04-02,-8.37,3.21,-0.057,0.039
2024-04-03,-6.31,2.94,-0.049,0.014
2024-04-04,0.10,-5.49,-0.035,-0.109
2024-04-05,-4.98,-5.34,-0.062,-0.097
2024-04-06,-6.61,-1.65,-0.071,-0.060
2024-04-07,-6.84,0.72,-0.050,-0.016
2024-04-08,-7.93,-0.00,-0.084,-0.030
2024-04-09,-9.29,3.20,-0.069,0.035
2024-04-10,-9.39,4.79,-0.076,0.065
2024-04-11,-5.89,0.83,-0.034,-0.026
2024-04-12,-2.76,-6.83,-0.070,-0.086
2024-04-13,-5.75,-6.17,-0.096,-0.114
2024-04-14,-7.06,-3.45,-0.111,-0.085
2024-04-15,-6.05,-0.96,-0.066,-0.033
2024-04-16,-7.16,0.25,-0.069,-0.012
2024-04-17,-7.30,0.38,-0.068,-0.017
2024-04-18,-7.04,-0.37,-0.075,-0.026
2024-04-19,-7.54,-0.13,-0.076,-0.021
2024-04-20,-7.28,0.25,-0.077,-0.022
2024-04-21,-6.62,1.17,-0.047,-0.008
2024-04-22,-6.24,-0.55,-0.059,-0.024
2024-04-23,-6.01,-1.28,-0.055,-0.045
2024-04-24,-6.49,-0.68,-0.057,-0.026
2024-04-25,-6.22,-0.54,-0.028,-0.031
2024-04-26,-6.91,0.97,-0.030,-0.011
2024-04-27,-8.96,1.74,-0.061,0.016
2024-04-28,-9.20,2.64,-0.057,0.020
2024-04-29,-9.61,2.04,-0.097,0.020
2024-04-30,-8.45,1.34,-0.081,0.006
2024-05-01,-7.09,0.75,-0.039,0.000
2024-05-02,-6.07,0.85,-0.016,-0.016
2024-05-03,-6.31,1.11,-0.018,0.000
2024-05-04,-6.76,-0.24,-0.047,-0.026
2024-05-05,-7.24,0.51,-0.052,-0.023
2024-05-06,-7.19,1.14,-0.047,-0.006
2024-05-07,-6.89,1.72,-0.042,0.004
2024-05-08,-7.97,2.14,-0.044,0.013
2024-05-09,-8.57,1.20,-0.087,0.000
2024-05-10,-9.15,1.61,-0.092,0.003
2024-05-11,-8.26,0.58,-0.097,-0.005
2024-05-12,-8.01,1.27,-0.082,0.011
2024-05-13,-8.98,3.27,-0.079,0.053
2024-05-14,-8.74,3.71,-0.064,0.066
2024-05-15,-8.44,2.91,-0.063,0.041
2024-05-16,-8.41,3.23,-0.060,0.050
2024-05-17,-8.23,3.00,-0.073,0.044
2024-05-18,-8.57,3.29,-0.054,0.053
2024-05-19,-8.17,1.44,-0.075,0.014
2024-05-20,-6.73,0.71,-0.055,-0.008
2024-05-21,-6.53,1.51,-0.032,0.007
2024-05-22,-5.74,0.91,-0.018,-0.003
2024-05-23,-6.23,2.02,-0.032,0.016
2024-05-24,-7.39,1.98,-0.040,0.016
2024-05-25,-8.18,1.15,-0.055,0.005
2024-05-26,-8.64,1.68,-0.075,0.017
2024-05-27,-9.08,1.76,-0.076,0.015
2024-05-28,-8.05,0.42,-0.068,-0.014
2024-05-29,-6.85,0.24,-0.038,-0.007
2024-05-30,-6.41,0.90,-0.018,0.006
2024-05-31,-7.49,0.79,-0.052,-0.002
2024-06-01,-7.09,-0.25,-0.069,-0.026
2024-06-02,-6.16,0.11,-0.056,-0.019
2024-06-03,-5.48,1.06,-0.036,-0.008
2024-06-04,-5.58,2.03,-0.014,0.014
2024-06-05,-5.59,0.99,,
2024-06-06,-5.65,0.49,,
2024-06-07,-5.12,-0.36,,
2024-06-08,-4.94,-0.09,,
2024-06-09,-3.24,1.44,0.038,0.017
2024-06-10,-3.43,2.49,0.014,0.019
2024-06-11,-3.24,2.35,-0.019,0.040
2024-06-12,-4.60,2.99,-0.035,0.045
2024-06-13,-2.95,3.52,-0.030,0.031
2024-06-14,-2.42,1.89,-0.007,-0.009
2024-06-15,-3.94,2.66,-0.059,0.059
2024-06-16,-10.17,2.92,-0.104,0.025
2024-06-17,-7.01,5.28,-0.041,0.059
2024-06-18,-0.95,4.91,-0.015,0.071
2024-06-19,-5.65,2.88,-0.059,0.027
2024-06-20,-10.76,4.35,-0.088,0.046
2024-06-21,-8.16,3.98,-0.092,0.025
2024-06-22,-6.08,3.95,-0.080,0.060
2024-06-23,-5.48,0.19,-0.106,-0.016
2024-06-24,-7.11,1.13,-0.078,0.009
2024-06-25,-6.60,1.89,-0.068,0.018
2024-06-26,-6.51,0.91,-0.083,-0.006
2024-06-27,-5.93,0.10,-0.087,-0.011
2024-06-28,-5.87,-1.46,-0.110,-0.042
2024-06-29,-8.19,5.74,-0.083,0.108
2024-06-30,-10.04,1.59,-0.108,0.012
2024-07-01,-6.61,-0.81,-0.095,-0.051
2024-07-02,-6.35,-0.11,-0.081,-0.045
2024-07-03,-6.58,-3.21,-0.113,-0.082
2024-07-04,-2.89,-5.67,-0.117,-0.107
2024-07-05,6.15,-2.36,0.032,-0.059
2024-07-06,-1.33,2.61,0.060,-0.150
2024-07-07,-5.51,0.10,-0.039,-0.061
2024-07-08,-8.81,2.20,-0.084,0.006
2024-07-09,-8.90,1.73,-0.120,-0.003
2024-07-10,-6.95,-0.61,-0.081,-0.045
2024-07-11,-5.75,-0.00,-0.051,-0.036
2024-07-12,-6.60,-1.52,-0.097,-0.054
2024-07-13,-6.78,-1.57,-0.088,-0.055
2024-07-14,-5.74,-2.92,-0.067,-0.062
2024-07-15,-3.74,-2.62,-0.053,-0.074
2024-07-16,-4.34,0.15,0.008,-0.045
2024-07-17,-4.48,-1.99,-0.039,-0.115
2024-07-18,-4.23,-0.00,-0.039,-0.093
2024-07-19,-5.97,0.21,-0.050,-0.026
2024-07-20,-7.47,0.26,-0.083,-0.034
2024-07-21,-4.81,-1.66,-0.055,-0.066
2024-07-22,-6.33,0.78,-0.089,-0.061
2024-07-23,-7.31,0.51,-0.081,-0.019
2024-07-24,-6.58,-0.11,-0.090,-0.034
2024-07-25,-6.79,-0.12,-0.079,-0.032
2024-07-26,-6.30,0.33,-0.028,-0.022
2024-07-27,-6.87,0.12,-0.035,-0.020
2024-07-28,-8.83,0.31,-0.101,-0.020
2024-07-29,-8.00,0.84,-0.080,-0.018
2024-07-30,-7.22,-2.21,-0.093,-0.068
2024-07-31,-5.07,-1.17,-0.020,-0.111
2024-08-01,-4.65,-1.24,-0.015,-0.121
2024-08-02,-1.94,-2.67,0.041,-0.177
2024-08-03,2.41,-2.50,0.136,-0.204
2024-08-04,0.42,3.02,0.112,-0.117
2024-08-05,-4.31,2.49,0.010,0.014
2024-08-06,-5.24,0.46,-0.027,-0.012
2024-08-07,-3.48,-0.30,0.029,-0.019
2024-08-08,-3.36,-0.06,-0.019,-0.085
2024-08-09,-6.66,0.82,-0.053,-0.024
2024-08-10,-5.58,2.72,-0.008,0.030
2024-08-11,-5.25,-1.91,-0.044,-0.055
2024-08-12,-5.02,-1.35,-0.023,-0.088
2024-08-13,-5.86,-1.03,-0.044,-0.076
2024-08-14,-5.61,-0.20,-0.014,-0.032
2024-08-15,-3.85,-1.25,0.025,-0.078
2024-08-16,-5.00,-0.35,-0.003,-0.073
2024-08-17,-4.58,-0.00,0.014,-0.042
2024-08-18,-4.26,-0.37,0.022,-0.028
2024-08-19,-4.95,0.78,0.004,-0.003
2024-08-20,-5.23,0.18,-0.006,-0.017
2024-08-21,-4.84,-1.03,-0.008,-0.022
2024-08-22,-4.48,-1.90,-0.020,-0.044
2024-08-23,-5.31,-2.94,-0.044,-0.052
2024-08-24,-3.02,-3.02,0.003,-0.111
2024-08-25,-4.48,-1.99,-0.026,-0.129
2024-08-26,-2.96,-2.76,0.037,-0.153
2024-08-27,-2.76,-1.35,0.001,-0.173
2024-08-28,-4.59,-0.00,-0.029,-0.176
2024-08-29,-5.34,1.04,0.003,-0.067
2024-08-30,-4.65,-1.51,-0.020,-0.106
2024-08-31,-3.97,0.07,0.031,-0.102
2024-09-01,-4.51,0.39,0.024,-0.069
2024-09-02,-4.41,1.18,0.032,-0.027
2024-09-03,-4.72,0.41,-0.003,-0.019
2024-09-04,-5.81,0.71,-0.029,-0.021
2024-09-05,-6.93,-2.39,-0.096,-0.064
2024-09-06,-6.26,3.06,-0.071,0.007
2024-09-07,-4.30,4.95,-0.014,0.064
2024-09-08,-7.25,4.02,-0.058,0.053
2024-09-09,-3.98,2.21,-0.041,-0.035
2024-09-10,-5.09,2.94,-0.025,0.012
2024-09-11,-4.75,2.42,0.005,-0.001
2024-09-12,-5.21,2.11,-0.016,-0.001
2024-09-13,-5.17,1.38,-0.027,-0.018
2024-09-14,-4.42,0.39,-0.003,-0.039
2024-09-15,-4.84,1.03,-0.026,-0.046
2024-09-16,-5.48,1.16,-0.008,-0.011
2024-09-17,-5.03,-0.09,-0.025,-0.029
2024-09-18,-5.78,0.71,-0.017,-0.017
2024-09-19,-5.03,0.09,-0.013,-0.028
2024-09-20,-3.95,-0.14,0.036,-0.097
2024-09-21,-3.82,-1.17,0.027,-0.117
2024-09-22,-4.68,-0.99,0.002,-0.083
2024-09-23,-3.05,-2.84,0.022,-0.127
2024-09-24,0.99,-5.61,-0.044,-0.179
2024-09-25,7.41,-1.58,0.117,-0.050
2024-09-26,5.71,2.54,0.152,-0.002
2024-09-27,0.97,2.67,0.153,-0.066
2024-09-28,-1.80,2.00,0.128,-0.041
2024-09-29,-4.32,1.32,0.015,-0.014
2024-09-30,-3.30,-1.33,-0.068,-0.116
2024-10-01,-2.75,0.63,-0.026,-0.163
2024-10-02,-5.76,2.10,-0.062,-0.055
2024-10-03,-5.44,0.57,-0.029,-0.012
2024-10-04,-3.47,1.00,0.052,-0.077
2024-10-05,1.18,-2.79,0.049,-0.166
2024-10-06,0.49,1.82,0.065,-0.180
2024-10-07,0.81,4.59,0.167,-0.057
2024-10-08,8.46,4.31,0.218,0.057
2024-10-09,8.28,-0.58,0.136,-0.012
2024-10-10,5.04,-3.27,0.102,-0.075
2024-10-11,1.88,-4.66,0.104,-0.085
2024-10-12,-0.08,-4.37,-0.064,-0.164
2024-10-13,-1.03,-4.13,-0.067,-0.197
2024-10-14,0.59,-3.34,-0.035,-0.291
2024-10-15,-0.55,-2.60,0.055,-0.313
2024-10-16,-2.59,-2.41,0.004,-0.170
2024-10-17,-3.44,-5.30,-0.077,-0.250
2024-10-18,0.30,-8.50,-0.114,-0.129
2024-10-19,-11.40,-5.08,-0.165,-0.073
2024-10-20,-8.19,-2.19,-0.060,-0.081
2024-10-21,-5.90,-4.13,-0.053,-0.109
2024-10-22,-2.29,-5.67,-0.051,-0.081
2024-10-23,-0.50,-5.70,-0.027,-0.072
2024-10-24,-1.09,-5.62,0.001,-0.102
2024-10-25,-2.97,-4.95,-0.004,-0.204
2024-10-26,-6.17,-3.86,-0.054,-0.146
2024-10-27,-3.60,-4.95,-0.046,-0.119
2024-10-28,-5.02,-4.85,-0.084,-0.096
2024-10-29,-4.95,-2.31,-0.050,-0.102
2024-10-30,-4.45,-1.80,-0.046,-0.219
2024-10-31,-4.12,-2.89,-0.061,-0.296
2024-11-01,-4.12,-3.34,-0.037,-0.286
2024-11-02,-3.57,-4.74,-0.014,-0.280
2024-11-03,-4.28,-3.85,-0.006,-0.204
2024-11-04,-5.07,-1.45,0.020,-0.194
2024-11-05,-3.95,-0.91,0.070,-0.141
2024-11-06,1.81,-2.59,0.142,-0.108
2024-11-07,2.97,0.85,0.179,-0.130
2024-11-08,1.68,2.40,0.125,-0.085
2024-11-09,-1.54,1.90,0.020,-0.054
2024-11-10,-2.49,-0.62,-0.090,-0.104
2024-11-11,0.32,-2.01,-0.032,-0.160
2024-11-12,2.03,-2.03,0.022,-0.243
2024-11-13,-1.64,-3.36,-0.052,-0.168
2024-11-14,-0.49,-5.65,-0.050,-0.192
2024-11-15,-0.14,-7.92,-0.095,-0.135
2024-11-16,-6.38,-6.60,-0.146,-0.113
2024-11-17,-10.51,-0.37,-0.114,-0.045
2024-11-18,-7.33,5.52,-0.004,0.071
2024-11-19,-7.31,4.05,-0.030,0.056
2024-11-20,-4.40,-0.08,-0.011,-0.106
2024-11-21,0.46,-6.53,-0.071,-0.155
2024-11-22,2.36,-6.15,-0.019,-0.122
2024-11-23,1.02,-4.42,0.001,-0.097
2024-11-24,-1.18,-3.08,0.036,-0.234
2024-11-25,-3.29,-4.52,-0.020,-0.258
2024-11-26,-1.55,-6.73,-0.031,-0.168
2024-11-27,-0.61,-4.32,0.058,-0.122
2024-11-28,-3.59,-1.75,0.047,-0.159
2024-11-29,-2.74,-3.15,0.043,-0.148
2024-11-30,-0.86,-4.07,0.037,-0.135
2024-12-01,-2.07,-6.02,-0.025,-0.153
2024-12-02,-6.11,-7.82,-0.106,-0.143
2024-12-03,-3.27,-7.35,-0.082,-0.140
2024-12-04,-6.37,-6.15,-0.067,-0.121
2024-12-05,-2.69,-5.52,-0.027,-0.113
2024-12-06,-1.59,-6.91,-0.053,-0.110
2024-12-07,-4.19,-6.45,-0.056,-0.100
2024-12-08,-7.32,-4.40,-0.059,-0.096
2024-12-09,-5.78,-2.22,-0.029,-0.082
2024-12-10,-6.14,0.21,-0.007,-0.052
2024-12-11,-5.00,-2.89,-0.011,-0.113
2024-12-12,-0.58,-8.31,-0.093,-0.122
2024-12-13,-1.12,-7.05,-0.072,-0.115
2024-12-14,-5.20,-5.57,-0.046,-0.137
2024-12-15,-4.63,-5.33,-0.066,-0.152
2024-12-16,-0.82,-5.21,-0.025,-0.143
2024-12-17,-1.70,-4.67,-0.012,-0.207
2024-12-18,-0.89,-3.87,-0.002,-0.235
2024-12-19,-0.61,-4.94,0.008,-0.209
2024-12-20,-1.14,-5.34,-0.012,-0.173
2024-12-21,0.37,-5.24,-0.009,-0.089
2024-12-22,-0.09,-5.19,0.011,-0.077
2024-12-23,-2.22,-5.22,0.009,-0.079
2024-12-24,-2.46,-4.63,0.016,-0.073
2024-12-25,-3.30,-3.42,0.056,-0.120
2024-12-26,-3.98,0.07,0.074,-0.083
2024-12-27,-4.13,-1.11,0.034,-0.063
2024-12-28,-5.62,0.99,-0.010,-0.027
2024-12-29,-4.22,0.74,0.012,-0.029
2024-12-30,-2.55,-1.99,0.002,-0.105
2024-12-31,-4.31,-0.30,-0.048,-0.074
2025-01-01,-4.51,-1.55,-0.066,-0.117
2025-01-02,-4.92,-3.84,-0.083,-0.125
2025-01-03,-3.70,-6.15,-0.115,-0.136
2025-01-04,-6.09,-6.53,-0.117,-0.119
2025-01-05,-6.60,-2.14,-0.047,-0.071
2025-01-06,-4.15,2.12,-0.002,-0.057
2025-01-07,-2.21,-5.75,-0.060,-0.218
2025-01-08,-3.32,-7.82,-0.099,-0.133
2025-01-09,-3.64,-6.56,-0.073,-0.116
2025-01-10,-5.30,1.52,-0.014,-0.024
2025-01-11,-1.90,1.90,0.032,-0.117
2025-01-12,-4.02,1.71,0.016,-0.053
2025-01-13,-5.74,1.75,-0.042,-0.025
2025-01-14,-3.82,-1.02,-0.030,-0.069
2025-01-15,-5.61,-1.30,-0.106,-0.056
2025-01-16,-3.41,-0.79,-0.001,-0.087
2025-01-17,1.09,2.69,0.083,-0.145
2025-01-18,-3.81,3.94,0.035,0.059
2025-01-19,-5.48,4.28,-0.024,0.055
2025-01-20,-3.28,-3.28,-0.055,-0.041
2025-01-21,-4.80,-1.38,-0.045,-0.051
2025-01-22,1.54,-5.76,-0.031,-0.105
2025-01-23,1.44,-7.39,-0.092,-0.116
2025-01-24,0.29,-8.43,-0.135,-0.122
2025-01-25,-5.58,-7.96,-0.161,-0.114
2025-01-26,-3.67,-5.87,-0.074,-0.121
2025-01-27,-5.06,-3.68,-0.065,-0.101
2025-01-28,-5.79,-3.34,-0.063,-0.092
2025-01-29,-7.67,-1.63,-0.071,-0.068
2025-01-30,-8.40,-0.15,-0.094,-0.039
2025-01-31,-7.66,2.20,-0.056,-0.013
2025-02-01,-5.51,-1.58,-0.094,-0.077
2025-02-02,-6.05,-2.44,-0.098,-0.071
2025-02-03,-5.61,-2.98,-0.058,-0.073
2025-02-04,-6.77,-2.46,-0.075,-0.064
2025-02-05,-6.49,-1.50,-0.057,-0.056
2025-02-06,-6.67,-0.94,-0.042,-0.048
2025-02-07,-6.48,-2.88,-0.068,-0.079
2025-02-08,-5.96,-1.82,-0.018,-0.068
2025-02-09,-5.89,-0.62,-0.007,-0.034
2025-02-10,-6.57,-0.92,-0.053,-0.036
2025-02-11,-7.05,-0.25,-0.057,-0.050
2025-02-12,-7.48,3.81,-0.034,0.031
2025-02-13,-8.82,3.21,-0.060,0.029
2025-02-14,-7.66,-1.08,-0.076,-0.051
2025-02-15,-6.81,-0.48,-0.046,-0.045
2025-02-16,-6.59,2.66,-0.011,0.021
2025-02-17,-6.43,-1.72,-0.037,-0.048
2025-02-18,-6.60,-0.00,-0.021,-0.018
2025-02-19,-6.58,2.53,0.018,0.025
2025-02-20,-4.97,0.35,0.022,-0.011
2025-02-21,-4.38,-3.68,-0.010,-0.057
2025-02-22,-5.58,-5.39,-0.082,-0.097
2025-02-23,-5.19,-2.20,-0.050,-0.068
2025-02-24,-1.44,2.39,0.057,-0.025
2025-02-25,1.34,-4.12,0.020,-0.083
2025-02-26,-3.68,-0.13,0.053,-0.024
2025-02-27,-4.71,1.44,0.021,-0.006
2025-02-28,-5.45,-1.98,-0.066,-0.048
2025-03-01,-4.74,-0.17,-0.019,-0.028
2025-03-02,-3.78,0.26,0.035,-0.020
2025-03-03,-5.33,1.33,-0.011,0.008
2025-03-04,-5.65,3.13,-0.004,0.017
2025-03-05,-5.80,2.70,-0.047,0.022
2025-03-06,-5.37,-3.35,-0.057,-0.066
2025-03-07,-7.02,0.61,-0.063,-0.026
2025-03-08,-7.14,3.18,-0.029,0.040
2025-03-09,-7.10,3.46,-0.053,0.027
2025-03-10,-3.32,0.53,0.006,-0.080
2025-03-11,-0.25,-4.73,-0.017,-0.104
2025-03-12,-4.73,0.41,0.028,-0.015
2025-03-13,-5.47,2.21,-0.011,0.007
2025-03-14,-6.16,2.49,-0.039,0.016
2025-03-15,-8.42,3.93,-0.081,0.055
2025-03-16,-6.19,2.13,-0.047,-0.002
2025-03-17,-2.32,-7.14,-0.073,-0.094
2025-03-18,-4.37,-6.99,-0.096,-0.114
2025-03-19,-5.64,0.10,-0.035,-0.031
2025-03-20,-4.83,0.25,-0.025,-0.016
2025-03-21,-5.01,-4.20,-0.064,-0.077
2025-03-22,-5.82,-0.61,-0.030,-0.037
2025-03-23,-6.97,0.49,-0.062,-0.017
2025-03-24,-7.74,2.07,-0.064,0.010
2025-03-25,-7.23,0.13,-0.063,-0.034
2025-03-26,-6.29,-2.04,-0.055,-0.060
2025-03-27,-7.45,-1.58,-0.083,-0.062
2025-03-28,-8.82,1.24,-0.087,-0.009
2025-03-29,-8.08,2.47,-0.067,0.008
2025-03-30,-7.95,2.43,-0.059,0.005
2025-03-31,-8.18,2.04,-0.050,0.012
2025-04-01,-7.71,1.36,-0.053,0.012
2025-04-02,-9.70,3.34,-0.060,0.031
2025-04-03,-10.38,3.17,-0.083,0.037
2025-04-04,-10.69,2.67,-0.092,0.017
2025-04-05,-10.89,3.96,-0.082,0.056
2025-04-06,-10.46,3.40,-0.073,0.039
2025-04-07,-7.66,3.41,-0.030,0.038
2025-04-08,0.90,-5.10,-0.013,-0.071
2025-04-09,0.52,-5.91,-0.006,-0.095
2025-04-10,-3.17,-3.40,0.018,-0.051
2025-04-11,-4.26,-2.27,-0.018,-0.068
2025-04-12,-3.77,-3.91,-0.030,-0.056
2025-04-13,-4.81,-2.14,-0.016,-0.044
2025-04-14,-5.81,-1.34,-0.049,-0.049
2025-04-15,-4.43,-2.56,-0.041,-0.060
2025-04-16,-5.33,-4.17,-0.063,-0.083
2025-04-17,-7.12,-2.04,-0.078,-0.059
2025-04-18,-8.00,-0.70,-0.091,-0.034
2025-04-19,-8.80,0.62,-0.094,-0.013
2025-04-20,-8.68,1.69,-0.093,0.007
2025-04-21,-8.38,0.29,-0.087,-0.025
2025-04-22,-7.46,-0.00,-0.063,-0.027
2025-04-23,-6.79,0.83,-0.049,-0.014
2025-04-24,-7.41,0.65,-0.060,-0.018
2025-04-25,-6.32,0.44,-0.038,-0.026
2025-04-26,-5.22,-0.64,0.001,-0.026
2025-04-27,-5.01,-0.97,-0.008,-0.038
2025-04-28,-5.50,-1.07,-0.013,-0.032
2025-04-29,-6.47,-0.79,-0.038,-0.028
2025-04-30,-6.91,-0.60,-0.053,-0.025
2025-05-01,-7.36,0.77,-0.040,-0.002
2025-05-02,-7.28,1.15,-0.041,0.009
2025-05-03,-6.85,1.97,-0.016,0.020
2025-05-04,-6.37,0.56,-0.018,-0.007
2025-05-05,-6.65,1.05,-0.024,0.007
2025-05-06,-7.91,1.25,-0.039,0.008
2025-05-07,-8.03,1.42,-0.073,-0.005
2025-05-08,-8.10,0.99,-0.084,-0.009
2025-05-09,-8.05,1.13,-0.066,0.002
2025-05-10,-6.93,1.60,-0.033,0.003
2025-05-11,-3.02,-3.02,0.020,-0.062
2025-05-12,-2.73,-4.38,-0.019,-0.064
2025-05-13,-4.67,1.61,0.009,0.002
2025-05-14,-6.90,1.98,-0.024,0.007
2025-05-15,-8.21,2.05,-0.054,0.016
2025-05-16,-8.27,1.31,-0.059,-0.004
2025-05-17,-7.81,1.66,-0.060,0.004
2025-05-18,-7.76,1.51,-0.065,0.009
2025-05-19,-7.69,1.63,-0.068,0.017
2025-05-20,-8.52,2.12,-0.082,0.020
2025-05-21,-8.54,1.20,-0.082,-0.001
2025-05-22,-7.47,0.65,-0.039,-0.011
2025-05-23,-7.83,0.41,-0.043,-0.023
2025-05-24,-7.13,0.37,-0.033,-0.016
2025-05-25,-7.39,-0.13,-0.050,-0.027
2025-05-26,-7.83,1.38,-0.038,0.004
2025-05-27,-8.53,1.66,-0.054,0.013
2025-05-28,-8.64,1.21,-0.068,0.003
2025-05-29,-8.57,2.14,-0.062,0.016
2025-05-30,-7.39,1.17,-0.040,-0.002
2025-05-31,-5.69,0.90,-0.018,-0.001
2025-06-01,-5.69,1.63,-0.004,0.013
2025-06-02,-6.67,1.91,-0.022,0.005
2025-06-03,-6.58,2.27,-0.042,0.023
2025-06-04,-7.64,1.76,-0.054,0.016
2025-06-05,-8.30,2.86,-0.031,0.025
2025-06-06,-8.81,0.62,-0.067,-0.009
2025-06-07,-8.17,0.29,-0.063,-0.022
2025-06-08,-7.04,1.24,-0.046,-0.011
2025-06-09,-7.33,1.69,-0.051,0.003
2025-06-10,-7.10,1.90,-0.067,0.003
2025-06-11,-7.76,1.37,-0.070,-0.004
2025-06-12,-7.92,1.68,-0.068,0.009
2025-06-13,-7.62,1.34,-0.081,-0.000
2025-06-14,-7.65,1.77,-0.079,0.003
2025-06-15,-7.85,1.10,-0.079,-0.013
2025-06-16,-8.54,1.66,-0.085,0.020
2025-06-17,-9.28,0.65,-0.098,-0.012
2025-06-18,-10.31,2.38,-0.105,0.006
2025-06-19,-9.34,1.31,-0.098,-0.007
2025-06-20,-7.50,0.66,-0.077,-0.024
2025-06-21,-6.82,0.84,-0.040,-0.023
2025-06-22,-6.86,-0.24,-0.032,-0.033
2025-06-23,-5.36,-2.85,-0.053,-0.073
2025-06-24,-5.41,-2.30,-0.034,-0.053
2025-06-25,-5.84,-2.48,-0.033,-0.053
2025-06-26,-7.23,-1.02,-0.075,-0.058
2025-06-27,-6.55,3.06,-0.070,0.021
2025-06-28,-8.92,2.39,-0.087,0.035
2025-06-29,-7.88,0.83,-0.061,-0.009
2025-06-30,-6.97,0.61,-0.060,-0.013
2025-07-01,-6.80,0.12,-0.057,-0.027
2025-07-02,-6.91,0.97,-0.063,-0.014
2025-07-03,-6.28,-1.33,-0.068,-0.048
2025-07-04,-4.96,0.09,-0.032,-0.021
2025-07-05,-4.65,0.99,-0.012,-0.016
2025-07-06,-6.34,1.70,-0.052,0.010
2025-07-07,-7.87,0.97,-0.083,-0.015
2025-07-08,-7.04,-1.76,-0.092,-0.071
2025-07-09,-5.12,-2.72,-0.069,-0.077
2025-07-10,-4.75,-1.01,-0.018,-0.040
2025-07-11,-5.84,0.10,-0.049,-0.021
2025-07-12,-6.54,0.11,-0.068,-0.026
2025-07-13,-7.64,0.53,-0.086,-0.018
2025-07-14,-7.05,0.49,-0.068,-0.031
2025-07-15,-4.97,-0.26,-0.041,-0.042
2025-07-16,-3.58,-0.06,0.035,-0.007
2025-07-17,-6.18,0.54,-0.030,0.003
2025-07-18,-7.33,-1.43,-0.093,-0.049
2025-07-19,-6.34,-2.06,-0.069,-0.073
2025-07-20,-4.78,-2.99,-0.059,-0.069
2025-07-21,-4.05,-1.01,-0.008,-0.066
2025-07-22,-4.79,-0.00,-0.020,-0.045
2025-07-23,-4.66,0.16,-0.001,-0.037
2025-07-24,-5.07,0.09,0.002,-0.024
2025-07-25,-6.44,-1.25,-0.041,-0.043
2025-07-26,-7.33,-0.51,-0.066,-0.045
2025-07-27,-7.68,-1.77,-0.105,-0.074
2025-07-28,-5.14,-3.34,-0.056,-0.094
2025-07-29,-2.74,-2.47,-0.004,-0.092
2025-07-30,-3.71,-0.92,-0.002,-0.151
2025-07-31,-5.43,-1.06,-0.072,-0.087
2025-08-01,-5.03,-1.93,-0.031,-0.070
2025-08-02,-4.37,-2.53,-0.023,-0.061
2025-08-03,-2.85,-0.98,0.059,-0.124
2025-08-04,-3.45,0.06,0.019,-0.134
2025-08-05,-7.49,1.05,-0.082,-0.037
2025-08-06,-7.03,0.25,-0.102,-0.026
2025-08-07,-4.14,-1.67,-0.028,-0.104
2025-08-08,-1.00,-2.91,0.009,-0.221
2025-08-09,-2.16,-1.15,-0.009,-0.221
2025-08-10,-4.89,2.07,0.009,-0.030
2025-08-11,-6.20,1.21,-0.043,-0.015
2025-08-12,-6.37,0.33,-0.058,-0.021
2025-08-13,-7.14,0.75,-0.036,-0.015
2025-08-14,-6.64,0.82,-0.057,-0.009
2025-08-15,-4.74,-0.33,-0.015,-0.037
2025-08-16,-3.48,-2.62,0.007,-0.107
2025-08-17,-2.67,-2.24,0.039,-0.119
2025-08-18,-1.92,-2.29,0.056,-0.158
2025-08-19,-2.21,-1.28,0.013,-0.146
2025-08-20,-2.16,-0.11,0.026,-0.100
2025-08-21,-4.06,2.16,0.013,-0.009
2025-08-22,-5.83,1.67,-0.039,0.011
2025-08-23,-6.98,1.36,-0.052,-0.007
2025-08-24,-6.81,0.48,-0.065,-0.023
2025-08-25,-6.70,0.70,-0.047,-0.018
2025-08-26,-6.80,-1.44,-0.083,-0.062
2025-08-27,-5.85,-3.95,-0.047,-0.097
2025-08-28,-4.52,-1.92,-0.003,-0.087
2025-08-29,-4.00,0.07,0.047,-0.069
2025-08-30,-5.00,0.44,0.045,-0.033
2025-08-31,-5.41,1.25,0.009,0.008
2025-09-01,-5.41,0.95,0.005,-0.007
2025-09-02,-4.44,0.62,0.040,-0.017
2025-09-03,-4.20,1.20,0.039,0.008
2025-09-04,-3.24,1.95,0.050,0.004
2025-09-05,-4.23,1.88,0.044,0.016
2025-09-06,-5.26,1.21,0.004,0.006
2025-09-07,-5.04,0.71,0.026,-0.009
2025-09-08,-4.03,1.31,0.032,-0.002
2025-09-09,-5.48,1.47,-0.002,0.018
2025-09-10,-6.98,1.11,-0.044,-0.016
2025-09-11,-5.45,-1.46,-0.047,-0.069
2025-09-12,-3.76,-1.75,-0.018,-0.103
2025-09-13,-3.00,-2.26,-0.020,-0.139
2025-09-14,-2.29,-2.54,0.002,-0.195
2025-09-15,-4.58,0.97,-0.021,-0.103
2025-09-16,-6.49,-0.91,-0.046,-0.077
2025-09-17,-5.87,-1.80,-0.042,-0.062
2025-09-18,-4.75,-1.73,-0.024,-0.091
2025-09-19,-4.68,-0.58,-0.007,-0.093
2025-09-20,-5.01,0.17,-0.008,-0.076
2025-09-21,-4.12,1.11,0.035,-0.056
2025-09-22,-5.07,1.08,0.018,-0.026
2025-09-23,-5.97,0.63,-0.023,-0.025
2025-09-24,-5.87,0.10,-0.043,-0.020
2025-09-25,-4.58,-1.49,-0.012,-0.065
2025-09-26,-2.92,-1.18,0.031,-0.124
2025-09-27,-2.29,-0.88,0.026,-0.188
2025-09-28,-1.74,-1.51,0.018,-0.230
2025-09-29,-1.50,-1.78,0.083,-0.202
2025-09-30,-2.69,0.57,0.070,-0.139
2025-10-01,-1.52,2.02,0.086,-0.105
2025-10-02,-3.49,1.27,0.018,-0.050
2025-10-03,-3.52,0.06,-0.036,-0.121
2025-10-04,-2.33,-2.03,-0.002,-0.165
2025-10-05,-5.88,0.51,-0.074,-0.050
2025-10-06,-6.67,1.30,-0.084,-0.018
2025-10-07,-7.73,2.97,-0.092,0.005
2025-10-08,-7.09,-0.00,-0.082,-0.050
2025-10-09,-3.86,-1.18,-0.010,-0.113
2025-10-10,2.69,-2.78,0.114,-0.237
2025-10-11,3.72,-2.24,0.148,-0.229
2025-10-12,2.82,-2.54,0.068,-0.282
2025-10-13,1.08,-1.94,0.159,-0.208
2025-10-14,-1.77,-3.62,-0.017,-0.203
2025-10-15,0.12,-3.34,-0.008,-0.157
2025-10-16,2.84,-1.45,0.150,-0.266
2025-10-17,-0.33,-2.70,0.037,-0.202
2025-10-18,-3.56,-1.81,-0.050,-0.202
2025-10-19,-4.15,0.07,0.003,-0.208
2025-10-20,-3.50,-1.34,-0.037,-0.245
2025-10-21,-4.06,-1.40,-0.044,-0.285
2025-10-22,-1.20,-3.94,-0.041,-0.353
2025-10-23,-1.27,-5.09,-0.074,-0.315
2025-10-24,-2.59,-6.09,-0.087,-0.141
2025-10-25,-1.06,-4.98,-0.056,-0.223
2025-10-26,-2.13,-3.16,-0.039,-0.317
2025-10-27,-0.69,-3.93,0.049,-0.273
2025-10-28,1.51,-4.14,-0.006,-0.200
2025-10-29,0.21,-3.97,0.014,-0.163
2025-10-30,2.91,-5.47,-0.026,-0.093
2025-10-31,3.28,-4.69,0.030,-0.088
2025-11-01,-1.96,-2.42,0.126,-0.052
2025-11-02,-1.67,-2.22,0.093,-0.160
2025-11-03,1.59,-3.75,0.088,-0.181
2025-11-04,0.62,-4.39,0.047,-0.171
2025-11-05,-2.60,-2.88,0.023,-0.133
2025-11-06,-0.26,-3.65,0.041,-0.171
2025-11-07,-1.71,-1.90,0.108,-0.132
2025-11-08,-3.16,0.79,0.087,-0.116
2025-11-09,-5.48,-0.19,-0.010,-0.060
2025-11-10,-2.82,-4.88,-0.046,-0.114
2025-11-11,0.52,-9.84,-0.162,-0.141
2025-11-12,0.15,-8.72,-0.124,-0.142
2025-11-13,-0.39,-7.43,-0.074,-0.123
2025-11-14,-2.21,-6.43,-0.051,-0.135
2025-11-15,-3.17,-5.07,-0.037,-0.172
2025-11-16,-1.03,-3.18,-0.002,-0.315
2025-11-17,-4.02,-0.28,-0.021,-0.167
2025-11-18,-5.20,-0.92,-0.026,-0.158
2025-11-19,-4.56,-2.64,-0.047,-0.248
2025-11-20,-3.45,-2.70,-0.030,-0.229
2025-11-21,-5.00,-0.53,-0.016,-0.152
2025-11-22,-4.99,-2.33,-0.004,-0.155
2025-11-23,-2.69,-5.07,-0.015,-0.168
2025-11-24,-4.22,-2.06,-0.011,-0.106
2025-11-25,-5.29,0.28,-0.002,-0.079
2025-11-26,-5.76,-1.76,-0.032,-0.059
2025-11-27,-2.70,-3.33,0.028,-0.088
2025-11-28,-2.33,-6.78,-0.079,-0.126
2025-11-29,-1.75,-6.09,-0.078,-0.077
2025-11-30,-1.70,-3.64,-0.033,-0.216
2025-12-01,-0.46,-2.61,0.001,-0.268
2025-12-02,-1.76,-1.76,0.058,-0.277
2025-12-03,-3.04,-1.97,0.016,-0.159
2025-12-04,-4.93,-0.17,-0.021,-0.124
2025-12-05,-4.61,-0.40,-0.038,-0.135
2025-12-06,-3.46,-0.30,0.010,-0.121
2025-12-07,-4.65,1.42,0.020,-0.018
2025-12-08,-3.31,0.35,0.001,-0.044
2025-12-09,-1.48,-3.32,-0.016,-0.152
2025-12-10,-0.89,-2.74,-0.031,-0.201
2025-12-11,-1.75,-4.12,-0.022,-0.235
2025-12-12,-4.93,-2.73,-0.079,-0.115
2025-12-13,-5.61,-1.72,-0.060,-0.121
2025-12-14,-4.24,-3.08,-0.083,-0.246
2025-12-15,-1.74,-6.49,-0.091,-0.163
2025-12-16,-1.11,-6.29,-0.106,-0.143
2025-12-17,-3.00,-3.58,-0.080,-0.205
2025-12-18,-3.48,0.87,0.003,-0.178
2025-12-19,-3.77,-1.37,-0.028,-0.228
2025-12-20,-5.32,-2.83,-0.056,-0.271
2025-12-21,-5.80,-2.23,-0.070,-0.164
2025-12-22,-6.47,-4.53,-0.104,-0.114
2025-12-23,-6.56,-4.59,-0.107,-0.104
2025-12-24,-5.95,-4.16,-0.088,-0.104
2025-12-25,-5.73,-5.53,-0.085,-0.105
2025-12-26,-5.20,-4.21,-0.048,-0.101
2025-12-27,-5.13,-2.29,-0.036,-0.086
2025-12-28,-6.10,-0.75,-0.053,-0.063
2025-12-29,-4.70,-1.00,-0.015,-0.108
2025-12-30,-2.18,-5.14,-0.071,-0.184
2025-12-31,-0.25,-7.10,-0.087,-0.132
2026-01-01,1.54,-5.04,-0.028,-0.087
2026-01-02,-0.95,-3.10,0.030,-0.174
2026-01-03,-2.57,0.45,0.079,-0.185
2026-01-04,-2.32,-1.08,0.040,-0.160
2026-01-05,-2.35,-2.43,0.016,-0.166
2026-01-06,-3.99,-0.92,-0.035,-0.125
2026-01-07,-4.42,-2.25,-0.030,-0.104
2026-01-08,-3.86,1.41,0.020,-0.036
2026-01-09,-7.36,1.84,-0.045,0.003
2026-01-10,-6.93,0.61,-0.062,-0.023
2026-01-11,-4.79,-4.96,-0.057,-0.096
2026-01-12,-1.63,-5.69,-0.030,-0.090
2026-01-13,-1.74,-5.68,-0.004,-0.085
2026-01-14,0.85,-4.00,0.001,-0.055
2026-01-15,2.76,-3.53,0.112,-0.101
2026-01-16,1.72,-4.25,0.038,-0.085
2026-01-17,-3.23,-2.10,0.060,-0.115
2026-01-18,-1.21,-4.51,-0.065,-0.127
2026-01-19,0.66,-7.52,-0.122,-0.100
2026-01-20,-0.41,-7.79,-0.096,-0.112
2026-01-21,-1.01,-7.19,-0.106,-0.119
2026-01-22,-4.66,-1.79,-0.034,-0.104
2026-01-23,-3.48,-1.62,-0.044,-0.256
2026-01-24,-5.11,-0.00,0.005,-0.142
2026-01-25,-5.64,2.87,0.025,-0.045
2026-01-26,-3.14,1.08,0.019,-0.037
2026-01-27,0.42,-7.97,-0.093,-0.130
2026-01-28,0.98,-6.99,-0.056,-0.118
2026-01-29,0.76,-5.39,-0.017,-0.103
2026-01-30,-1.96,-2.26,0.034,-0.185
2026-01-31,3.42,-4.22,0.061,-0.171
2026-02-01,2.63,-8.08,-0.072,-0.149
2026-02-02,0.57,-6.48,-0.047,-0.126
2026-02-03,-3.84,-4.92,-0.068,-0.096
2026-02-04,-5.55,-3.47,-0.047,-0.081
2026-02-05,2.83,-5.11,0.031,-0.103
2026-02-06,2.79,-5.72,-0.044,-0.101
2026-02-07,1.01,-4.36,-0.008,-0.065
2026-02-08,-0.42,-3.38,0.001,-0.041
2026-02-09,-3.51,-4.66,-0.035,-0.088
2026-02-10,-4.64,-0.57,0.006,-0.079
2026-02-11,-4.85,-0.25,-0.008,-0.132
2026-02-12,-4.60,-2.05,-0.001,-0.116
2026-02-13,-4.74,-1.63,-0.017,-0.083
2026-02-14,-4.95,0.96,0.011,-0.009
2026-02-15,-4.68,3.79,0.012,0.018
2026-02-16,-2.68,1.42,0.025,-0.043
2026-02-17,-3.34,-0.06,-0.030,-0.063
2026-02-18,-5.94,1.70,-0.043,-0.015
2026-02-19,-7.75,3.61,-0.060,0.034
2026-02-20,-8.97,3.81,-0.098,0.044
2026-02-21,-8.30,2.54,-0.101,0.022
2026-02-22,-5.86,-0.10,-0.065,-0.043
2026-02-23,-0.52,-7.37,-0.097,-0.128
2026-02-24,-1.27,-8.04,-0.132,-0.109
2026-02-25,-6.22,-0.76,-0.050,-0.047
2026-02-26,-5.33,3.46,-0.002,0.030
2026-02-27,-6.66,2.03,-0.043,0.013
2026-02-28,-4.24,0.75,-0.014,-0.040
2026-03-01,-3.65,-0.45,-0.051,-0.078
2026-03-02,-4.65,-0.82,-0.095,-0.040
2026-03-03,-6.44,-1.97,-0.095,-0.053
2026-03-04,-6.78,-2.33,-0.107,-0.070
2026-03-05,-6.25,-1.10,-0.076,-0.046
2026-03-06,-7.56,0.93,-0.074,-0.007
2026-03-07,-8.83,0.62,-0.096,-0.026
2026-03-08,-6.96,-0.49,-0.084,-0.036
2026-03-09,-5.86,-0.51,-0.054,-0.033
2026-03-10,-6.67,-0.70,-0.062,-0.032
2026-03-11,-6.39,1.24,-0.050,-0.006
2026-03-12,-5.55,0.88,-0.030,-0.020
2026-03-13,-3.01,-1.34,0.021,-0.069
2026-03-14,-4.03,1.23,0.003,-0.006
2026-03-15,-6.68,2.70,-0.033,0.024
2026-03-16,-7.35,3.27,-0.065,0.023
2026-03-17,-4.63,-3.01,-0.051,-0.053
2026-03-18,-1.00,-7.09,-0.079,-0.117
2026-03-19,-0.84,-6.81,-0.064,-0.125
2026-03-20,0.19,-5.55,-0.033,-0.095
2026-03-21,-2.49,-4.15,-0.021,-0.063
2026-03-22,-6.13,-1.08,-0.027,-0.035
2026-03-23,-6.10,-0.43,-0.027,-0.020
2026-03-24,-5.45,-2.66,-0.046,-0.056
2026-03-25,-5.48,-3.70,-0.064,-0.073
2026-03-26,-4.56,-1.75,-0.033,-0.060
2026-03-27,-5.34,-1.84,-0.037,-0.061
2026-03-28,-4.39,-4.09,-0.035,-0.073
2026-03-29,-4.45,-5.30,-0.048,-0.100
2026-03-30,-7.14,-2.46,-0.073,-0.070
2026-03-31,-7.33,-0.51,-0.056,-0.051
2026-04-01,-7.16,-0.25,-0.067,-0.037
2026-04-02,-5.84,1.46,-0.012,-0.055
2026-04-03,-7.13,-0.62,-0.083,-0.046
2026-04-04,-7.55,0.53,-0.057,-0.034
2026-04-05,-6.10,-0.75,-0.053,-0.053
2026-04-06,-4.11,-1.10,-0.019,-0.070
2026-04-07,2.08,2.01,0.090,-0.089
2026-04-08,2.64,3.04,0.069,-0.028
2026-04-09,-4.19,0.29,-0.041,-0.028
2026-04-10,-4.37,0.77,-0.050,-0.012
2026-04-11,-5.52,-1.17,-0.068,-0.034
2026-04-12,-6.46,-1.98,-0.092,-0.050
2026-04-13,-6.51,-1.87,-0.070,-0.049
2026-04-14,-5.94,-2.04,-0.045,-0.065
2026-04-15,-6.11,-0.75,-0.033,-0.043
2026-04-16,-7.19,-0.50,-0.054,-0.047
2026-04-17,-5.26,-0.28,-0.011,-0.038
2026-04-18,-6.17,0.22,-0.011,-0.025
2026-04-19,-5.87,-1.46,-0.028,-0.036
2026-04-20,-4.29,-2.90,-0.023,-0.056
2026-04-21,-4.57,-1.94,-0.038,-0.080
2026-04-22,-4.02,-0.71,-0.019,-0.042
2026-04-23,-4.47,2.28,0.041,0.024
2026-04-24,-4.48,2.69,0.034,0.023
2026-04-25,-6.16,1.65,0.003,0.001
2026-04-26,-6.58,1.40,-0.015,0.009
2026-04-27,-6.54,1.15,-0.014,-0.009
2026-04-28,-6.76,0.95,-0.029,-0.006
2026-04-29,-6.28,0.99,-0.014,-0.011
2026-04-30,-6.19,1.78,-0.019,0.007
2026-05-01,-7.78,2.53,-0.031,0.020
2026-05-02,-6.92,3.23,-0.023,0.019
2026-05-03,-4.10,-0.29,-0.002,-0.068
2026-05-04,-3.25,0.87,0.018,-0.036
2026-05-05,-4.93,2.62,0.048,0.030
2026-05-06,-7.61,2.47,-0.007,0.029
2026-05-07,-8.50,2.44,-0.020,0.029
2026-05-08,-8.04,1.56,-0.023,0.015
2026-05-09,-7.86,2.55,-0.020,0.040
2026-05-10,-7.52,2.44,-0.015,0.016
2026-05-11,-7.74,1.64,-0.032,0.014
2026-05-12,-5.49,0.97,-0.019,-0.009
2026-05-13,-2.96,2.86,0.055,0.003
2026-05-14,-2.82,3.02,0.046,0.028
2026-05-15,-4.47,2.08,0.021,0.008
2026-05-16,-6.71,2.05,-0.042,0.008
2026-05-17,-8.98,2.75,-0.057,0.019
2026-05-18,-9.04,1.27,-0.074,-0.001
2026-05-19,-8.18,1.44,-0.066,-0.000
2026-05-20,-7.40,1.71,-0.054,0.010
2026-05-21,-6.08,1.52,-0.041,0.005
2026-05-22,-6.22,1.90,-0.038,0.020
2026-05-23,-7.25,2.22,-0.047,0.018
2026-05-24,-8.00,1.99,-0.068,0.013
2026-05-25,-7.14,1.78,-0.050,0.001
2026-05-26,-7.50,1.87,-0.050,0.010
2026-05-27,-8.37,2.88,-0.073,0.017
2026-05-28,-7.78,2.38,-0.068,-0.001
2026-05-29,-6.13,3.98,-0.019,0.034
2026-05-30,-5.35,4.18,-0.042,0.054
2026-05-31,-6.97,2.82,-0.049,0.032
2026-06-01,-6.85,1.33,-0.061,-0.009
2026-06-02,-7.08,1.25,-0.067,-0.014
2026-06-03,-6.28,1.92,-0.034,0.006
2026-06-04,-6.83,2.35,-0.033,0.017
2026-06-05,-7.60,2.18,-0.056,0.014
2026-06-06,-7.13,1.13,-0.064,-0.007
2026-06-07,-7.92,0.28,-0.076,-0.022
2026-06-08,-8.20,1.74,-0.067,0.012
2026-06-09,-7.68,0.54,-0.078,-0.019
2026-06-10,-8.36,2.72,-0.077,0.018
2026-06-11,-9.33,4.15,-0.058,0.036
2026-06-12,-9.99,3.83,-0.071,0.025
2026-06-13,-8.59,2.14,-0.071,-0.001
2026-06-14,-6.86,0.48,-0.070,-0.016
2026-06-15,-6.96,1.87,-0.041,0.003
2026-06-16,-7.74,2.97,-0.058,0.018
2026-06-17,-6.65,3.68,-0.043,0.044
2026-06-18,-8.30,4.05,-0.049,0.049
2026-06-19,-9.16,2.98,-0.082,0.030
2026-06-20,-8.96,2.07,-0.082,0.003
2026-06-21,-7.65,1.49,-0.087,0.005
2026-06-22,-8.83,0.93,-0.086,-0.004
2026-06-23,-8.28,-0.43,-0.104,-0.046
2026-06-24,-7.60,-0.27,-0.084,-0.041
2026-06-25,-3.79,-2.28,-0.049,-0.070
2026-06-26,-6.68,-0.47,-0.086,-0.027
2026-06-27,-7.97,-0.70,-0.084,-0.042
2026-06-28,-6.35,-0.89,-0.061,-0.046
2026-06-29,-5.02,-1.53,-0.024,-0.052
2026-06-30,-5.06,0.09,-0.026,-0.024
2026-07-01,-5.01,-0.70,-0.020,-0.026
2026-07-02,-4.64,-0.57,0.011,-0.016
2026-07-03,-4.52,0.55,0.011,-0.003
2026-07-04,-4.32,0.61,0.020,0.003
2026-07-05,-5.44,0.67,-0.024,0.007
2026-07-06,-7.19,1.14,-0.057,-0.000
2026-07-07,-7.78,-0.14,-0.084,-0.035
2026-07-08,-6.73,-1.68,-0.078,-0.056
2026-07-09,-6.29,-1.00,-0.074,-0.053
2026-07-10,-6.78,-0.71,-0.068,-0.044
2026-07-11,-6.95,-0.00,-0.085,-0.052
2026-07-12,-8.94,0.31,-0.093,-0.057
2026-07-13,-5.92,-0.83,-0.068,-0.052
2026-07-14,-6.34,-1.12,-0.076,-0.048
2026-07-15,-6.96,-0.36,-0.061,-0.038
2026-07-16,-6.52,-0.69,-0.052,-0.054
2026-07-17,-5.64,-0.59,-0.057,-0.046
2026-07-18,-3.77,-0.87,-0.006,-0.069
2026-07-19,-2.82,0.50,0.024,-0.065
2026-07-20,-4.05,2.06,0.014,0.006
2026-07-21,-5.19,1.10,-0.005,0.002
2026-07-22,-6.09,1.41,-0.034,0.015
2026-07-23,-5.78,-1.23,-0.067,-0.039
2026-07-24,-5.08,-0.71,-0.043,-0.024
2026-07-25,-6.41,-0.67,-0.067,-0.031
2026-07-26,-6.50,1.03,-0.039,-0.036
2026-07-27,-4.54,-0.56,-0.034,-0.014
2026-07-28,-4.76,1.19,0.020,-0.002
2026-07-29,-6.55,2.13,-0.037,0.010
2026-07-30,-6.80,1.44,-0.046,-0.007
2026-07-31,-6.87,-0.12,-0.060,-0.038
2026-08-01,-5.57,0.68,-0.017,-0.032
2026-08-02,-4.26,-0.22,-0.017,-0.062
2026-08-03,-5.10,1.37,-0.027,-0.001
2026-08-04,-6.91,1.47,-0.065,0.007
2026-08-05,-6.31,-0.33,-0.039,-0.021
2026-08-06,-5.51,0.10,-0.045,-0.020
2026-08-07,-4.46,-1.28,-0.036,-0.096
2026-08-08,-5.10,0.81,-0.036,-0.014
2026-08-09,-5.19,-0.45,-0.029,-0.026
2026-08-10,-5.65,0.39,-0.031,-0.012
2026-08-11,-5.58,-1.50,-0.032,-0.046
2026-08-12,-4.32,-1.75,-0.015,-0.103
2026-08-13,-5.20,-1.39,-0.085,-0.103
2026-08-14,-6.82,-1.33,-0.089,-0.065
2026-08-15,-7.17,-0.63,-0.062,-0.045
2026-08-16,-4.87,-1.21,-0.028,-0.049
2026-08-17,-4.39,-2.54,-0.044,-0.134
2026-08-18,-5.21,-0.64,-0.039,-0.092
2026-08-19,-5.45,-1.36,-0.072,-0.118
2026-08-20,-6.05,-1.29,-0.069,-0.123
2026-08-21,-5.91,-0.83,-0.066,-0.102
2026-08-22,-5.39,-0.47,-0.029,-0.070
2026-08-23,-5.29,0.28,-0.039,-0.054
2026-08-24,-4.21,-1.62,-0.021,-0.098
2026-08-25,-4.89,-1.31,-0.039,-0.087
2026-08-26,-4.73,-0.75,-0.007,-0.050
2026-08-27,-4.53,-0.88,-0.025,-0.068
2026-08-28,-6.62,-0.46,-0.065,-0.044
2026-08-29,-4.45,-2.47,-0.016,-0.056
2026-08-30,-4.20,-0.15,-0.028,-0.074
2026-08-31,-3.97,-0.77,-0.047,-0.077
2026-09-01,-3.86,-0.00,-0.032,-0.076
2026-09-02,-3.94,-0.07,-0.049,-0.085
2026-09-03,-4.18,1.36,-0.033,-0.054
2026-09-04,-5.50,1.27,-0.030,-0.007
2026-09-05,-6.07,0.64,-0.057,-0.010
2026-09-06,-5.43,0.19,-0.048,-0.011
2026-09-07,-5.17,1.01,-0.020,-0.011
2026-09-08,-6.96,0.36,-0.076,-0.023
2026-09-09,-5.81,-1.34,-0.080,-0.073
2026-09-10,-2.95,-2.76,-0.046,-0.138
2026-09-11,-4.29,-0.38,-0.047,-0.106
2026-09-12,-6.06,0.74,-0.044,-0.057
2026-09-13,-7.98,1.26,-0.065,-0.028
2026-09-14,-7.17,-1.79,-0.086,-0.072
2026-09-15,-6.02,-2.07,-0.071,-0.076
2026-09-16,-4.80,-1.94,-0.022,-0.094
2026-09-17,-3.84,-1.63,-0.033,-0.119
2026-09-18,-2.26,-2.69,-0.014,-0.220
2026-09-19,-1.82,-2.17,-0.027,-0.225
2026-09-20,-2.26,-0.96,0.010,-0.197
2026-09-21,-2.65,0.86,0.040,-0.111
2026-09-22,-2.81,-0.40,-0.035,-0.175
2026-09-23,-3.81,0.33,-0.071,-0.212
2026-09-24,-4.33,0.30,-0.073,-0.206
2026-09-25,-3.11,1.45,0.030,-0.219
