date,wind_u,wind_v,cur_u,cur_v
2016-01-01,-3.18,-0.28,,
2016-01-02,-2.54,-0.27,,
2016-01-03,-2.37,0.33,,
2016-01-04,-1.53,1.43,,
2016-01-05,-1.31,0.64,,
2016-01-06,-1.11,0.08,,
2016-01-07,-0.72,-1.30,,
2016-01-08,-1.52,0.16,,
2016-01-09,-1.69,-0.06,,
2016-01-10,-1.87,-0.26,,
2016-01-11,-1.72,-0.63,,
2016-01-12,-1.53,-0.68,,
2016-01-13,-1.62,-0.97,,
2016-01-14,-1.69,-0.06,,
2016-01-15,-1.94,1.57,,
2016-01-16,-1.64,1.33,,
2016-01-17,-1.28,1.83,,
2016-01-18,-1.35,0.36,,
2016-01-19,-1.20,-1.42,,
2016-01-20,-2.44,-2.19,,
2016-01-21,-3.05,-1.55,,
2016-01-22,-2.28,0.74,,
2016-01-23,1.10,-0.45,,
2016-01-24,1.25,-4.36,,
2016-01-25,-3.58,-2.24,,
2016-01-26,-3.79,-0.20,,
2016-01-27,-3.70,1.06,,
2016-01-28,-2.68,2.02,,
2016-01-29,-1.06,0.83,,
2016-01-30,-1.44,-0.52,,
2016-01-31,-2.47,0.09,,
2016-02-01,-2.25,-0.28,,
2016-02-02,-2.38,-0.55,,
2016-02-03,-2.94,-0.26,,
2016-02-04,-2.62,-1.45,,
2016-02-05,-1.83,-1.59,,
2016-02-06,-2.07,-0.22,,
2016-02-07,-1.05,0.58,,
2016-02-08,-1.42,-0.92,,
2016-02-09,-0.97,-1.29,,
2016-02-10,-0.22,-2.47,,
2016-02-11,-2.20,-2.35,,
2016-02-12,-2.65,-2.47,,
2016-02-13,-1.16,-1.86,,
2016-02-14,-2.89,-2.99,,
2016-02-15,-3.31,-1.47,,
2016-02-16,-2.29,0.12,,
2016-02-17,-1.46,-1.02,,
2016-02-18,-1.27,-2.04,,
2016-02-19,-3.57,-3.96,,
2016-02-20,-4.59,-3.58,,
2016-02-21,-3.55,-2.68,,
2016-02-22,-2.47,-1.10,,
2016-02-23,-2.26,0.36,,
2016-02-24,-3.03,0.87,,
2016-02-25,-2.01,-0.25,,
2016-02-26,-0.54,-1.65,,
2016-02-27,-1.58,-2.53,,
2016-02-28,-2.44,-2.81,,
2016-02-29,-2.56,-1.36,,
2016-03-01,-1.74,-0.78,,
2016-03-02,-1.50,-0.94,,
2016-03-03,-1.77,-0.79,,
2016-03-04,-0.96,-0.67,,
2016-03-05,-0.79,-1.09,,
2016-03-06,-0.90,-1.63,,
2016-03-07,-2.11,-2.35,,
2016-03-08,-4.10,-2.27,,
2016-03-09,-4.29,-2.09,,
2016-03-10,-3.94,-1.36,,
2016-03-11,-3.12,-0.11,,
2016-03-12,-2.48,-0.48,,
2016-03-13,-2.34,-1.04,,
2016-03-14,-2.11,-0.45,,
2016-03-15,-1.99,-1.11,,
2016-03-16,-2.30,-1.49,,
2016-03-17,-2.72,-0.53,,
2016-03-18,-2.38,1.32,,
2016-03-19,-2.30,1.55,,
2016-03-20,-2.37,1.31,,
2016-03-21,-1.43,0.33,,
2016-03-22,-1.22,-1.88,,
2016-03-23,-3.06,-0.82,,
2016-03-24,-2.94,-0.10,,
2016-03-25,-3.96,0.70,,
2016-03-26,-4.17,0.66,,
2016-03-27,-3.52,-0.18,,
2016-03-28,-2.99,0.47,,
2016-03-29,-2.25,0.60,,
2016-03-30,-2.13,0.53,,
2016-03-31,-2.19,1.16,,
2016-04-01,-2.89,0.94,,
2016-04-02,-2.26,1.15,,
2016-04-03,-2.03,0.62,,
2016-04-04,-1.37,-0.12,,
2016-04-05,-0.32,-0.97,,
2016-04-06,-1.78,-1.66,,
2016-04-07,-1.31,-0.61,,
2016-04-08,-1.13,0.50,,
2016-04-09,-1.16,-0.75,,
2016-04-10,-1.55,-1.55,,
2016-04-11,-1.99,-1.99,,
2016-04-12,-1.11,-1.38,,
2016-04-13,-1.47,-1.42,,
2016-04-14,-1.80,-0.52,,
2016-04-15,-1.84,-0.32,,
2016-04-16,-1.56,-0.30,,
2016-04-17,-1.44,-0.94,,
2016-04-18,-1.63,-2.08,,
2016-04-19,-2.85,-2.57,,
2016-04-20,-2.62,-1.64,,
2016-04-21,-2.46,-0.80,,
2016-04-22,-2.60,0.32,,
2016-04-23,-1.83,-0.06,,
2016-04-24,-1.05,-0.26,,
2016-04-25,-1.51,-1.27,,
2016-04-26,-2.06,-1.29,,
2016-04-27,-1.67,-0.85,,
2016-04-28,-1.64,-0.41,,
2016-04-29,-1.70,-0.69,,
2016-04-30,-2.15,-0.46,,
2016-05-01,-2.27,-0.57,,
2016-05-02,-2.50,-0.00,,
2016-05-03,-2.57,0.83,,
2016-05-04,-1.90,1.59,,
2016-05-05,-0.11,2.03,,
2016-05-06,-0.34,0.64,,
2016-05-07,0.04,-2.42,,
2016-05-08,-2.46,-2.14,,
2016-05-09,-3.01,-1.60,,
2016-05-10,-2.70,-0.88,,
2016-05-11,-2.19,-0.76,,
2016-05-12,-1.80,-1.12,,
2016-05-13,-1.68,-1.05,,
2016-05-14,-1.70,-0.39,,
2016-05-15,-2.59,-0.14,,
2016-05-16,-3.40,0.18,,
2016-05-17,-3.36,0.35,,
2016-05-18,-3.42,0.60,,
2016-05-19,-2.92,0.73,,
2016-05-20,-2.77,0.10,,
2016-05-21,-2.66,-0.00,,
2016-05-22,-2.14,0.11,,
2016-05-23,-2.44,0.65,,
2016-05-24,-2.76,0.69,,
2016-05-25,-2.55,-0.36,,
2016-05-26,-1.38,-0.97,,
2016-05-27,-1.70,-0.15,,
2016-05-28,-2.25,-0.04,,
2016-05-29,-1.73,-0.18,,
2016-05-30,-1.99,-0.00,,
2016-05-31,-1.90,0.47,,
2016-06-01,-1.92,0.24,,
2016-06-02,-2.93,0.41,,
2016-06-03,-2.59,0.05,,
2016-06-04,-3.55,1.29,,
2016-06-05,-3.32,1.77,,
2016-06-06,-3.00,1.73,,
2016-06-07,-2.04,2.19,,
2016-06-08,-2.41,2.02,,
2016-06-09,-2.54,1.29,,
2016-06-10,-2.89,0.83,,
2016-06-11,-2.27,0.04,,
2016-06-12,-1.24,-0.43,,
2016-06-13,-1.02,0.46,,
2016-06-14,-2.25,0.95,,
2016-06-15,-3.24,1.58,,
2016-06-16,-3.42,0.79,,
2016-06-17,-2.33,-0.12,,
2016-06-18,-2.71,-0.00,,
2016-06-19,-2.29,-0.40,,
2016-06-20,-1.67,-1.00,,
2016-06-21,-2.87,0.61,,
2016-06-22,-3.11,0.05,,
2016-06-23,-2.49,-0.35,,
2016-06-24,-2.72,-0.09,,
2016-06-25,-2.80,-0.24,,
2016-06-26,-2.30,-0.75,,
2016-06-27,-2.09,-0.52,,
2016-06-28,-2.84,0.05,,
2016-06-29,-2.90,-0.15,,
2016-06-30,-3.17,0.06,,
2016-07-01,-3.34,0.35,,
2016-07-02,-2.78,-0.39,,
2016-07-03,-2.85,0.15,,
2016-07-04,-3.03,-0.05,,
2016-07-05,-2.41,-0.78,,
2016-07-06,-2.86,-0.25,,
2016-07-07,-3.38,-0.06,,
2016-07-08,-2.79,-0.75,,
2016-07-09,-2.64,-0.23,,
2016-07-10,-2.91,0.56,,
2016-07-11,-3.37,-0.18,,
2016-07-12,-2.90,-0.20,,
2016-07-13,-2.60,-1.10,,
2016-07-14,-2.22,-0.55,,
2016-07-15,-1.91,-0.30,,
2016-07-16,-2.26,0.12,,
2016-07-17,-2.95,-0.47,,
2016-07-18,-2.46,-0.66,,
2016-07-19,-1.60,-0.96,,
2016-07-20,-2.29,0.40,,
2016-07-21,-2.67,-0.38,,
2016-07-22,-2.47,0.26,,
2016-07-23,-2.15,-0.58,,
2016-07-24,-1.50,-0.37,,
2016-07-25,-2.45,-0.17,,
2016-07-26,-3.13,-0.16,,
2016-07-27,-2.62,-0.56,,
2016-07-28,-3.55,0.06,,
2016-07-29,-2.12,-0.94,,
2016-07-30,-2.34,-0.41,,
2016-07-31,-2.82,-1.63,,
2016-08-01,-2.32,-1.62,,
2016-08-02,-4.17,0.73,,
2016-08-03,-3.90,1.19,,
2016-08-04,-3.18,0.79,,
2016-08-05,-2.67,0.52,,
2016-08-06,-2.28,-0.20,,
2016-08-07,-2.00,-0.98,,
2016-08-08,-3.21,1.30,,
2016-08-09,-2.94,-0.10,,
2016-08-10,-2.05,-0.79,,
2016-08-11,-2.05,-0.11,,
2016-08-12,-2.40,0.08,,
2016-08-13,-2.48,-0.35,,
2016-08-14,-2.49,-0.04,,
2016-08-15,-3.08,-0.27,,
2016-08-16,-3.46,-0.24,,
2016-08-17,-2.21,-0.55,,
2016-08-18,-2.54,-0.63,,
2016-08-19,-2.32,-0.37,,
2016-08-20,-1.92,-0.37,,
2016-08-21,-2.80,-0.05,,
2016-08-22,-2.35,-1.14,,
2016-08-23,-2.29,-1.43,,
2016-08-24,-2.03,-1.32,,
2016-08-25,-1.48,-1.04,,
2016-08-26,-1.35,1.22,,
2016-08-27,-1.31,1.56,,
2016-08-28,-1.46,1.68,,
2016-08-29,-1.37,1.75,,
2016-08-30,-3.19,1.92,,
2016-08-31,-3.53,1.72,,
2016-09-01,-3.34,1.63,,
2016-09-02,-2.75,0.48,,
2016-09-03,-2.54,0.04,,
2016-09-04,-2.15,-1.19,,
2016-09-05,-1.93,-1.35,,
2016-09-06,-2.84,-1.91,,
2016-09-07,-2.10,-0.41,,
2016-09-08,-2.04,0.58,,
2016-09-09,-2.26,0.20,,
2016-09-10,-1.91,-0.27,,
2016-09-11,-1.87,0.43,,
2016-09-12,-1.63,0.32,,
2016-09-13,-1.31,-0.64,,
2016-09-14,-1.44,-0.20,,
2016-09-15,-1.65,-0.23,,
2016-09-16,-1.55,-0.90,,
2016-09-17,-1.53,-0.47,,
2016-09-18,-1.72,-0.76,,
2016-09-19,-1.76,-0.47,,
2016-09-20,-1.89,-0.10,,
2016-09-21,-1.26,-0.88,,
2016-09-22,-0.92,-0.89,,
2016-09-23,-1.11,-0.54,,
2016-09-24,-1.57,0.05,,
2016-09-25,-1.53,-0.38,,
2016-09-26,-1.48,-0.23,,
2016-09-27,-1.81,-0.29,,
2016-09-28,-2.15,-0.87,,
2016-09-29,-1.19,-1.77,,
2016-09-30,-2.88,-1.87,,
2016-10-01,-2.47,-2.22,,
2016-10-02,-1.30,-0.95,,
2016-10-03,-1.61,-2.30,,
2016-10-04,2.25,-2.78,,
2016-10-05,1.85,1.45,,
2016-10-06,-0.18,2.62,,
2016-10-07,-1.24,1.19,,
2016-10-08,-0.93,-1.15,,
2016-10-09,-0.64,-1.38,,
2016-10-10,-0.75,-1.29,,
2016-10-11,-0.76,-1.17,,
2016-10-12,-0.01,-0.73,,
2016-10-13,-1.03,0.07,,
2016-10-14,-1.10,-0.30,,
2016-10-15,-1.28,-0.83,,
2016-10-16,-1.15,-0.16,,
2016-10-17,-0.85,0.28,,
2016-10-18,0.09,-0.64,,
2016-10-19,-0.78,-0.45,,
2016-10-20,-0.48,0.57,,
2016-10-21,0.21,0.72,,
2016-10-22,-0.69,-0.52,,
2016-10-23,-1.02,-1.22,,
2016-10-24,-1.93,-1.86,,
2016-10-25,-1.59,-2.11,,
2016-10-26,-2.74,-2.65,,
2016-10-27,-2.18,-1.53,,
2016-10-28,-1.51,-0.21,,
2016-10-29,-1.38,0.77,,
2016-10-30,-1.17,0.45,,
2016-10-31,-0.22,-1.03,,
2016-11-01,-1.12,-1.66,,
2016-11-02,-3.44,-2.99,,
2016-11-03,-2.92,-2.20,,
2016-11-04,-1.97,-1.84,,
2016-11-05,-1.02,-1.70,,
2016-11-06,-1.56,-2.08,,
2016-11-07,-2.26,-2.26,,
2016-11-08,-2.62,-2.20,,
2016-11-09,-3.01,-1.74,,
2016-11-10,-1.44,-1.21,,
2016-11-11,-1.88,-2.01,,
2016-11-12,-2.23,-1.74,,
2016-11-13,-2.21,-1.92,,
2016-11-14,-2.34,-1.76,,
2016-11-15,-1.66,-1.00,,
2016-11-16,-0.70,0.26,,
2016-11-17,-0.60,-1.29,,
2016-11-18,-3.06,-2.95,,
2016-11-19,-2.97,-3.18,,
2016-11-20,-2.86,-3.79,,
2016-11-21,-3.26,-4.17,,
2016-11-22,-3.72,-3.59,,
2016-11-23,-4.73,-3.31,,
2016-11-24,-3.32,-2.32,,
2016-11-25,-2.85,-2.39,,
2016-11-26,-1.57,-1.87,,
2016-11-27,-0.63,-1.64,,
2016-11-28,-1.86,-2.56,,
2016-11-29,-2.69,-1.68,,
2016-11-30,-1.61,-0.97,,
2016-12-01,-1.15,-0.72,,
2016-12-02,-1.55,-1.08,,
2016-12-03,-2.00,-0.54,,
2016-12-04,-2.49,-0.39,,
2016-12-05,-2.60,-0.80,,
2016-12-06,-2.10,0.04,,
2016-12-07,-1.65,-0.81,,
2016-12-08,-1.72,-1.25,,
2016-12-09,-2.06,-1.61,,
2016-12-10,-2.56,-1.93,,
2016-12-11,-2.98,-1.39,,
2016-12-12,-3.13,-0.50,,
2016-12-13,-1.65,-1.03,,
2016-12-14,-1.63,-0.94,,
2016-12-15,-0.82,-1.02,,
2016-12-16,-1.96,-1.48,,
2016-12-17,-2.88,-0.83,,
2016-12-18,-3.30,-0.70,,
2016-12-19,-2.98,-1.86,,
2016-12-20,-4.36,-3.40,,
2016-12-21,-2.80,-2.11,,
2016-12-22,-1.96,-1.53,,
2016-12-23,-2.83,-1.91,,
2016-12-24,-3.61,-2.09,,
2016-12-25,-2.75,-1.59,,
2016-12-26,-3.42,-1.74,,
2016-12-27,-3.49,-1.85,,
2016-12-28,-1.60,-1.49,,
2016-12-29,-1.92,-1.44,,
2016-12-30,-0.91,-1.64,,
2016-12-31,-2.99,-1.87,,
2017-01-01,-3.11,0.55,,
2017-01-02,-3.15,1.27,,
2017-01-03,-2.59,0.74,,
2017-01-04,-1.62,1.56,,
2017-01-05,-1.47,1.23,,
2017-01-06,-2.77,1.18,,
2017-01-07,-2.13,1.28,,
2017-01-08,1.09,-1.74,,
2017-01-09,-3.94,-4.38,,
2017-01-10,-5.14,-3.87,,
2017-01-11,-4.98,-2.32,,
2017-01-12,-4.75,-1.36,,
2017-01-13,-5.83,-1.67,,
2017-01-14,-5.03,-1.93,,
2017-01-15,-4.32,-1.08,,
2017-01-16,-3.58,-0.19,,
2017-01-17,-3.53,0.18,,
2017-01-18,-2.92,0.52,,
2017-01-19,-2.70,0.72,,
2017-01-20,-2.05,0.96,,
2017-01-21,-1.61,1.50,,
2017-01-22,-0.05,2.68,,
2017-01-23,0.74,3.79,,
2017-01-24,3.94,0.55,,
2017-01-25,-2.12,-0.53,,
2017-01-26,-2.35,1.09,,
2017-01-27,-1.67,1.61,,
2017-01-28,-2.14,0.74,,
2017-01-29,-2.13,1.28,,
2017-01-30,-1.46,0.98,,
2017-01-31,-2.59,-0.46,,
2017-02-01,-3.26,-0.06,,
2017-02-02,-1.76,0.25,,
2017-02-03,-1.92,-0.30,,
2017-02-04,-1.87,0.64,,
2017-02-05,-2.78,-0.10,,
2017-02-06,-2.34,0.58,,
2017-02-07,-2.60,0.51,,
2017-02-08,-2.75,1.28,,
2017-02-09,-2.90,0.83,,
2017-02-10,-2.46,-0.43,,
2017-02-11,-4.41,-1.02,,
2017-02-12,-3.79,-0.40,,
2017-02-13,-2.14,0.04,,
2017-02-14,-1.84,1.19,,
2017-02-15,-1.45,1.56,,
2017-02-16,-0.10,2.79,,
2017-02-17,0.72,1.62,,
2017-02-18,-1.62,1.68,,
2017-02-19,-1.93,1.40,,
2017-02-20,0.31,1.33,,
2017-02-21,-2.18,-0.08,,
2017-02-22,-0.50,2.01,,
2017-02-23,1.86,3.51,,
2017-02-24,0.98,1.71,,
2017-02-25,0.14,1.55,,
2017-02-26,-1.74,1.13,,
2017-02-27,-2.36,0.91,,
2017-02-28,-3.58,-0.19,,
2017-03-01,-2.73,0.73,,
2017-03-02,-2.88,1.05,,
2017-03-03,-2.95,0.41,,
2017-03-04,-2.91,-1.29,,
2017-03-05,-4.87,-1.30,,
2017-03-06,-6.29,-1.92,,
2017-03-07,-5.69,-1.00,,
2017-03-08,-3.63,-0.64,,
2017-03-09,-3.37,-0.18,,
2017-03-10,-2.19,0.63,,
2017-03-11,-1.86,0.06,,
2017-03-12,-2.18,0.63,,
2017-03-13,-2.44,1.41,,
2017-03-14,0.15,1.67,,
2017-03-15,1.15,0.78,,
2017-03-16,-2.42,-1.40,,
2017-03-17,-3.57,-2.15,,
2017-03-18,-3.14,-1.33,,
2017-03-19,-1.52,-0.08,,
2017-03-20,-1.34,-1.49,,
2017-03-21,-2.65,0.23,,
2017-03-22,-1.71,-0.36,,
2017-03-23,-1.93,-1.07,,
2017-03-24,-2.74,-0.84,,
2017-03-25,-2.92,-0.46,,
2017-03-26,-1.69,0.58,,
2017-03-27,-1.43,-0.73,,
2017-03-28,-1.87,0.07,,
2017-03-29,-2.95,0.31,,
2017-03-30,-2.83,0.76,,
2017-03-31,-1.87,1.46,,
2017-04-01,-2.24,2.09,,
2017-04-02,-3.34,1.08,,
2017-04-03,-3.83,1.02,,
2017-04-04,-3.44,1.61,,
2017-04-05,-2.81,1.63,,
2017-04-06,-2.51,1.57,,
2017-04-07,-0.33,-1.16,,
2017-04-08,-0.59,-1.10,,
2017-04-09,-1.92,0.17,,
2017-04-10,-2.54,-0.36,,
2017-04-11,-2.94,-0.57,,
2017-04-12,-3.49,-0.61,,
2017-04-13,-3.80,-0.40,,
2017-04-14,-2.43,-0.89,,
2017-04-15,-3.52,-0.56,,
2017-04-16,-3.56,-0.12,,
2017-04-17,-2.52,0.40,,
2017-04-18,-2.42,0.65,,
2017-04-19,-2.58,0.99,,
2017-04-20,-2.42,0.93,,
2017-04-21,-2.27,1.42,,
2017-04-22,-1.36,2.36,,
2017-04-23,-0.22,2.52,,
2017-04-24,0.96,1.03,,
2017-04-25,-1.49,0.60,,
2017-04-26,-1.14,1.97,,
2017-04-27,-1.52,1.74,,
2017-04-28,-3.25,1.06,,
2017-04-29,-3.54,0.95,,
2017-04-30,-3.70,1.06,,
2017-05-01,-3.19,0.98,,
2017-05-02,-2.14,1.24,,
2017-05-03,-1.78,1.03,,
2017-05-04,-1.89,1.05,,
2017-05-05,-1.24,1.29,,
2017-05-06,-0.18,1.45,,
2017-05-07,-1.18,1.46,,
2017-05-08,-2.35,0.67,,
2017-05-09,-2.79,0.24,,
2017-05-10,-3.18,-0.56,,
2017-05-11,-3.30,0.29,,
2017-05-12,-2.38,1.06,,
2017-05-13,-1.28,1.97,,
2017-05-14,-0.80,2.79,,
2017-05-15,-0.90,2.03,,
2017-05-16,-1.26,2.27,,
2017-05-17,-0.78,2.73,,
2017-05-18,-1.90,2.93,,
2017-05-19,-2.49,1.74,,
2017-05-20,-3.66,1.05,,
2017-05-21,-3.21,0.74,,
2017-05-22,-2.30,0.53,,
2017-05-23,-2.37,1.16,,
2017-05-24,-1.71,2.11,,
2017-05-25,-2.14,1.86,,
2017-05-26,-3.28,1.19,,
2017-05-27,-2.25,0.73,,
2017-05-28,-2.51,1.22,,
2017-05-29,-2.10,0.85,,
2017-05-30,-3.48,1.06,,
2017-05-31,-4.11,0.87,,
2017-06-01,-3.58,0.83,,
2017-06-02,-3.05,0.99,,
2017-06-03,-3.42,0.92,,
2017-06-04,-3.88,1.49,,
2017-06-05,-3.70,1.49,,
2017-06-06,-1.45,2.15,,
2017-06-07,-2.10,2.03,,
2017-06-08,-1.50,2.71,,
2017-06-09,-1.70,2.62,,
2017-06-10,-1.76,1.37,,
2017-06-11,-3.31,0.70,,
2017-06-12,-2.49,0.31,,
2017-06-13,-2.51,1.28,,
2017-06-14,-2.86,0.87,,
2017-06-15,-3.49,0.93,,
2017-06-16,-2.45,1.42,,
2017-06-17,-0.94,2.44,,
2017-06-18,-1.27,2.73,,
2017-06-19,-1.62,2.50,,
2017-06-20,-3.39,1.58,,
2017-06-21,-4.13,1.34,,
2017-06-22,-3.79,1.23,,
2017-06-23,-2.72,0.68,,
2017-06-24,-2.51,0.58,,
2017-06-25,-3.42,1.05,,
2017-06-26,-3.24,0.75,,
2017-06-27,-2.27,1.31,,
2017-06-28,-2.82,0.91,,
2017-06-29,-2.25,-0.00,,
2017-06-30,-2.71,0.73,,
2017-07-01,-4.01,0.93,,
2017-07-02,-3.20,0.51,,
2017-07-03,-2.75,0.68,,
2017-07-04,-3.15,1.08,,
2017-07-05,-3.02,-0.05,,
2017-07-06,-4.24,0.98,,
2017-07-07,-2.78,0.69,,
2017-07-08,-2.36,0.50,,
2017-07-09,-2.27,0.83,,
2017-07-10,-2.33,0.80,,
2017-07-11,-2.45,0.75,,
2017-07-12,-2.19,1.07,,
2017-07-13,-1.89,0.23,,
2017-07-14,-0.73,0.90,,
2017-07-15,-1.89,1.14,,
2017-07-16,-1.82,0.93,,
2017-07-17,-2.98,0.91,,
2017-07-18,-3.31,0.64,,
2017-07-19,-2.82,0.30,,
2017-07-20,-3.05,0.43,,
2017-07-21,-3.10,-0.16,,
2017-07-22,-3.19,0.68,,
2017-07-23,-3.69,1.06,,
2017-07-24,-3.65,0.98,,
2017-07-25,-3.17,0.85,,
2017-07-26,-2.93,0.10,,
2017-07-27,-2.07,0.52,,
2017-07-28,-2.48,0.90,,
2017-07-29,-2.58,1.09,,
2017-07-30,-2.34,1.29,,
2017-07-31,-2.45,1.09,,
2017-08-01,-2.57,0.94,,
2017-08-02,-2.81,-0.40,,
2017-08-03,-3.50,0.43,,
2017-08-04,-3.43,0.12,,
2017-08-05,-4.07,1.32,,
2017-08-06,-3.44,1.75,,
2017-08-07,-2.99,1.27,,
2017-08-08,-2.57,0.64,,
2017-08-09,-2.42,1.29,,
2017-08-10,-2.72,0.29,,
2017-08-11,-1.96,0.45,,
2017-08-12,-1.86,0.83,,
2017-08-13,-1.78,1.24,,
2017-08-14,-2.76,0.69,,
2017-08-15,-2.01,0.18,,
2017-08-16,-2.43,-0.04,,
2017-08-17,-3.16,-1.09,,
2017-08-18,-3.01,0.26,,
2017-08-19,-2.22,0.43,,
2017-08-20,-2.84,0.15,,
2017-08-21,-2.70,1.44,,
2017-08-22,-2.07,0.80,,
2017-08-23,-1.53,0.68,,
2017-08-24,-1.73,1.56,,
2017-08-25,-2.51,1.07,,
2017-08-26,-2.31,0.12,,
2017-08-27,-1.57,0.63,,
2017-08-28,-1.59,0.71,,
2017-08-29,-2.09,1.02,,
2017-08-30,-2.10,0.60,,
2017-08-31,-2.26,1.15,,
2017-09-01,-3.15,0.73,,
2017-09-02,-2.30,0.57,,
2017-09-03,-1.84,0.29,,
2017-09-04,-1.72,0.37,,
2017-09-05,-1.25,0.72,,
2017-09-06,-1.74,-0.34,,
2017-09-07,1.25,-1.49,,
2017-09-08,3.17,-0.56,,
2017-09-09,0.76,5.40,,
2017-09-10,0.17,4.99,,
2017-09-11,0.51,3.64,,
2017-09-12,0.70,1.72,,
2017-09-13,-1.03,0.72,,
2017-09-14,-0.92,0.60,,
2017-09-15,-1.48,0.57,,
2017-09-16,-1.84,1.11,,
2017-09-17,-1.65,1.07,,
2017-09-18,-1.80,0.80,,
2017-09-19,-1.52,0.05,,
2017-09-20,-0.57,-1.56,,
2017-09-21,-0.47,-1.62,,
2017-09-22,0.56,-1.20,,
2017-09-23,0.03,1.78,,
2017-09-24,0.18,1.25,,
2017-09-25,-0.71,2.05,,
2017-09-26,-1.63,1.58,,
2017-09-27,-0.72,1.98,,
2017-09-28,-1.59,2.03,,
2017-09-29,-2.89,1.35,,
2017-09-30,-2.82,1.14,,
2017-10-01,-2.21,1.49,,
2017-10-02,-2.50,1.06,,
2017-10-03,-1.60,1.00,,
2017-10-04,-1.88,1.42,,
2017-10-05,-0.59,2.79,,
2017-10-06,-1.37,3.56,,
2017-10-07,-0.76,2.49,,
2017-10-08,-1.00,1.19,,
2017-10-09,0.00,-1.52,,
2017-10-10,-1.90,0.23,,
2017-10-11,-1.55,0.93,,
2017-10-12,-0.18,1.46,,
2017-10-13,-1.24,0.97,,
2017-10-14,-2.45,0.30,,
2017-10-15,-2.44,0.17,,
2017-10-16,-1.35,0.78,,
2017-10-17,-2.54,1.35,,
2017-10-18,-2.92,0.89,,
2017-10-19,-3.03,1.10,,
2017-10-20,-3.90,1.12,,
2017-10-21,-3.74,1.29,,
2017-10-22,-4.39,1.26,,
2017-10-23,-4.38,1.01,,
2017-10-24,-2.17,1.36,,
2017-10-25,-1.01,2.17,,
2017-10-26,-0.48,1.67,,
2017-10-27,-1.04,2.04,,
2017-10-28,-0.46,2.87,,
2017-10-29,1.09,1.56,,
2017-10-30,1.70,-0.27,,
2017-10-31,-2.28,0.40,,
2017-11-01,-3.17,-0.06,,
2017-11-02,-2.56,-0.93,,
2017-11-03,-1.98,-0.35,,
2017-11-04,-1.31,1.14,,
2017-11-05,-1.73,0.40,,
2017-11-06,-1.41,0.17,,
2017-11-07,-1.68,-0.21,,
2017-11-08,-1.73,0.21,,
2017-11-09,-2.41,1.12,,
2017-11-10,-2.65,0.96,,
2017-11-11,-2.80,1.19,,
2017-11-12,-2.38,0.64,,
2017-11-13,-1.43,1.00,,
2017-11-14,-0.29,1.47,,
2017-11-15,1.58,-0.39,,
2017-11-16,0.81,-1.59,,
2017-11-17,-0.63,-1.82,,
2017-11-18,-1.74,-1.36,,
2017-11-19,-2.10,-0.94,,
2017-11-20,-2.25,-1.00,,
2017-11-21,-2.84,1.64,,
2017-11-22,-0.21,2.02,,
2017-11-23,-1.26,1.14,,
2017-11-24,0.30,1.05,,
2017-11-25,-1.26,1.05,,
2017-11-26,-1.94,0.67,,
2017-11-27,-1.73,1.12,,
2017-11-28,-2.31,0.93,,
2017-11-29,-1.94,0.78,,
2017-11-30,0.93,-0.87,,
2017-12-01,-0.28,-1.43,,
2017-12-02,-1.60,-0.82,,
2017-12-03,-2.82,-0.91,,
2017-12-04,-3.63,-1.11,,
2017-12-05,-3.70,-0.26,,
2017-12-06,-2.23,0.90,,
2017-12-07,-2.53,0.92,,
2017-12-08,-1.60,1.44,,
2017-12-09,-1.10,1.99,,
2017-12-10,1.65,-0.32,,
2017-12-11,-1.55,-2.48,,
2017-12-12,-1.80,-2.78,,
2017-12-13,2.54,-2.92,,
2017-12-14,-2.84,-0.10,,
2017-12-15,-2.58,1.20,,
2017-12-16,-2.93,-0.26,,
2017-12-17,-4.16,0.07,,
2017-12-18,-5.30,-0.74,,
2017-12-19,-4.83,-0.94,,
2017-12-20,-3.59,0.38,,
2017-12-21,-2.96,-0.26,,
2017-12-22,-3.91,-0.34,,
2017-12-23,-3.72,0.13,,
2017-12-24,-2.36,0.68,,
2017-12-25,-2.07,0.33,,
2017-12-26,-3.03,-0.59,,
2017-12-27,-2.79,-0.59,,
2017-12-28,-2.44,-0.30,,
2017-12-29,-2.58,-0.09,,
2017-12-30,-1.72,-0.09,,
2017-12-31,-1.95,0.45,,
2018-01-01,-1.89,0.37,,
2018-01-02,-1.20,-0.34,,
2018-01-03,-0.27,1.28,,
2018-01-04,2.29,-2.63,,
2018-01-05,-2.23,-2.95,,
2018-01-06,-2.20,-1.37,,
2018-01-07,-3.11,-1.25,,
2018-01-08,-4.08,-0.94,,
2018-01-09,-1.28,1.76,,
2018-01-10,-0.68,1.78,,
2018-01-11,-1.36,1.87,,
2018-01-12,-1.82,1.14,,
2018-01-13,-1.73,1.00,,
2018-01-14,-0.74,-0.98,,
2018-01-15,-0.42,-1.98,,
2018-01-16,-2.22,-0.23,,
2018-01-17,-1.84,0.29,,
2018-01-18,-1.29,-1.54,,
2018-01-19,-3.45,-2.16,,
2018-01-20,-3.64,-0.25,,
2018-01-21,-2.93,0.73,,
2018-01-22,-2.70,1.04,,
2018-01-23,-2.73,0.73,,
2018-01-24,-2.22,0.19,,
2018-01-25,-3.31,-0.52,,
2018-01-26,-5.27,-1.31,,
2018-01-27,-4.78,-0.17,,
2018-01-28,-3.96,0.70,,
2018-01-29,-3.08,0.71,,
2018-01-30,-0.43,-1.62,,
2018-01-31,-2.48,-1.55,,
2018-02-01,-3.14,0.16,,
2018-02-02,-2.26,0.28,,
2018-02-03,-3.70,-0.00,,
2018-02-04,-2.69,0.62,,
2018-02-05,-1.87,-0.00,,
2018-02-06,-3.01,-0.16,,
2018-02-07,-4.11,0.07,,
2018-02-08,-2.69,-0.28,,
2018-02-09,-3.24,0.57,,
2018-02-10,-3.91,0.48,,
2018-02-11,-4.44,1.11,,
2018-02-12,-2.85,1.09,,
2018-02-13,-3.38,0.30,,
2018-02-14,-4.83,-0.76,,
2018-02-15,-4.25,-0.60,,
2018-02-16,-2.82,0.70,,
2018-02-17,-3.59,0.06,,
2018-02-18,-3.26,0.23,,
2018-02-19,-3.05,0.93,,
2018-02-20,-3.88,0.75,,
2018-02-21,-4.98,0.09,,
2018-02-22,-3.27,0.64,,
2018-02-23,-3.28,0.34,,
2018-02-24,-2.57,-0.09,,
2018-02-25,-1.63,0.87,,
2018-02-26,-2.16,0.34,,
2018-02-27,-2.65,-0.61,,
2018-02-28,-2.89,-1.00,,
2018-03-01,-2.19,0.84,,
2018-03-02,-1.37,-0.73,,
2018-03-03,1.75,-1.01,,
2018-03-04,-0.22,-3.10,,
2018-03-05,-1.62,-2.70,,
2018-03-06,-2.27,0.78,,
2018-03-07,-2.05,1.19,,
2018-03-08,-0.83,1.38,,
2018-03-09,-2.24,1.00,,
2018-03-10,-4.25,1.22,,
2018-03-11,-1.74,1.22,,
2018-03-12,-1.07,2.39,,
2018-03-13,-1.31,2.58,,
2018-03-14,0.43,1.17,,
2018-03-15,-1.56,1.73,,
2018-03-16,-2.04,0.91,,
2018-03-17,-2.26,0.61,,
2018-03-18,-1.94,0.75,,
2018-03-19,-1.68,0.85,,
2018-03-20,-1.95,1.47,,
2018-03-21,-1.93,1.62,,
2018-03-22,-0.65,-1.33,,
2018-03-23,-1.34,-1.98,,
2018-03-24,-3.74,-1.59,,
2018-03-25,-3.73,0.20,,
2018-03-26,-3.46,-0.61,,
2018-03-27,-4.10,-1.25,,
2018-03-28,-4.64,-0.57,,
2018-03-29,-3.93,0.55,,
2018-03-30,-3.49,-0.68,,
2018-03-31,-2.86,-0.56,,
2018-04-01,-2.06,0.40,,
2018-04-02,-1.60,0.78,,
2018-04-03,-1.66,0.45,,
2018-04-04,-1.82,0.73,,
2018-04-05,-1.30,0.84,,
2018-04-06,-1.97,0.60,,
2018-04-07,-0.49,1.97,,
2018-04-08,-1.46,2.43,,
2018-04-09,-2.58,1.15,,
2018-04-10,-2.64,0.86,,
2018-04-11,-1.65,0.63,,
2018-04-12,-1.44,-0.52,,
2018-04-13,-2.53,0.72,,
2018-04-14,-3.28,1.19,,
2018-04-15,-2.72,1.27,,
2018-04-16,-1.93,0.90,,
2018-04-17,-0.79,-1.27,,
2018-04-18,-2.32,-0.04,,
2018-04-19,-2.91,0.84,,
2018-04-20,-3.32,0.89,,
2018-04-21,-2.22,0.39,,
2018-04-22,-2.50,0.44,,
2018-04-23,-1.88,0.80,,
2018-04-24,-1.50,0.76,,
2018-04-25,-0.87,1.40,,
2018-04-26,-1.32,1.28,,
2018-04-27,-0.83,1.86,,
2018-04-28,-1.11,2.49,,
2018-04-29,-1.32,1.32,,
2018-04-30,-1.59,0.28,,
2018-05-01,-2.09,1.07,,
2018-05-02,-1.82,0.93,,
2018-05-03,-1.76,0.68,,
2018-05-04,-1.13,0.58,,
2018-05-05,-0.49,1.82,,
2018-05-06,-1.13,3.69,,
2018-05-07,-1.18,4.11,,
2018-05-08,-1.06,2.92,,
2018-05-09,-1.15,1.59,,
2018-05-10,-1.78,1.20,,
2018-05-11,-1.47,1.07,,
2018-05-12,-1.77,0.98,,
2018-05-13,-1.30,1.26,,
2018-05-14,-1.32,1.42,,
2018-05-15,-0.79,1.78,,
2018-05-16,-2.21,1.49,,
2018-05-17,-1.87,1.36,,
2018-05-18,-2.23,1.19,,
2018-05-19,-2.07,0.96,,
2018-05-20,-2.60,1.63,,
2018-05-21,-3.12,1.20,,
2018-05-22,-3.12,1.45,,
2018-05-23,-2.25,1.52,,
2018-05-24,-2.94,1.19,,
2018-05-25,-2.35,1.52,,
2018-05-26,-1.45,2.98,,
2018-05-27,-1.71,3.85,,
2018-05-28,-1.72,2.85,,
2018-05-29,-1.93,2.76,,
2018-05-30,-2.34,1.64,,
2018-05-31,-3.63,0.77,,
2018-06-01,-2.66,0.81,,
2018-06-02,-2.45,0.84,,
2018-06-03,-2.48,0.71,,
2018-06-04,-3.24,0.81,,
2018-06-05,-3.23,0.86,,
2018-06-06,-3.17,0.91,,
2018-06-07,-3.65,0.84,,
2018-06-08,-3.46,1.19,,
2018-06-09,-3.12,0.66,,
2018-06-10,-2.91,1.00,,
2018-06-11,-1.98,1.19,,
2018-06-12,-2.59,1.16,,
2018-06-13,-3.85,0.96,,
2018-06-14,-3.87,1.48,,
2018-06-15,-3.75,1.07,,
2018-06-16,-3.69,1.13,,
2018-06-17,-3.38,1.16,,
2018-06-18,-2.87,0.51,,
2018-06-19,-2.17,0.58,,
2018-06-20,-2.20,0.80,,
2018-06-21,-1.51,1.10,,
2018-06-22,-2.44,0.70,,
2018-06-23,-2.86,0.40,,
2018-06-24,-3.08,1.37,,
2018-06-25,-4.33,1.16,,
2018-06-26,-3.91,0.97,,
2018-06-27,-2.82,0.76,,
2018-06-28,-2.68,0.52,,
2018-06-29,-2.15,1.24,,
2018-06-30,-2.36,0.91,,
2018-07-01,-2.30,0.24,,
2018-07-02,-1.89,-0.30,,
2018-07-03,-2.04,1.54,,
2018-07-04,-3.81,0.88,,
2018-07-05,-4.46,1.11,,
2018-07-06,-3.37,0.84,,
2018-07-07,-2.77,0.54,,
2018-07-08,-2.71,0.19,,
2018-07-09,-3.25,-0.63,,
2018-07-10,-3.02,-0.00,,
2018-07-11,-2.29,1.60,,
2018-07-12,-3.99,0.92,,
2018-07-13,-3.06,0.54,,
2018-07-14,-3.31,0.70,,
2018-07-15,-3.34,0.83,,
2018-07-16,-2.64,0.76,,
2018-07-17,-3.14,1.02,,
2018-07-18,-2.65,0.81,,
2018-07-19,-2.47,0.13,,
2018-07-20,-2.80,0.75,,
2018-07-21,-3.67,0.91,,
2018-07-22,-2.28,0.87,,
2018-07-23,0.31,1.36,,
2018-07-24,-1.19,1.70,,
2018-07-25,-2.14,0.61,,
2018-07-26,-2.28,1.16,,
2018-07-27,-2.01,1.46,,
2018-07-28,-3.25,1.12,,
2018-07-29,-2.92,0.73,,
2018-07-30,-3.72,0.86,,
2018-07-31,-2.73,0.68,,
2018-08-01,-2.86,0.56,,
2018-08-02,-2.64,0.91,,
2018-08-03,-3.30,0.82,,
2018-08-04,-2.56,0.54,,
2018-08-05,-2.41,-0.17,,
2018-08-06,-2.62,0.70,,
2018-08-07,-4.10,1.18,,
2018-08-08,-4.56,1.14,,
2018-08-09,-3.34,0.71,,
2018-08-10,-2.76,0.54,,
2018-08-11,-2.69,0.82,,
2018-08-12,-3.86,1.11,,
2018-08-13,-2.98,0.26,,
2018-08-14,-2.37,0.38,,
2018-08-15,-2.37,0.73,,
2018-08-16,-3.61,0.44,,
2018-08-17,-2.64,-0.28,,
2018-08-18,-2.71,0.09,,
2018-08-19,-2.40,0.92,,
2018-08-20,-2.48,0.17,,
2018-08-21,-3.44,0.79,,
2018-08-22,-2.96,0.74,,
2018-08-23,-2.68,0.67,,
2018-08-24,-3.18,0.56,,
2018-08-25,-3.00,0.75,,
2018-08-26,-3.32,0.47,,
2018-08-27,-2.75,0.74,,
2018-08-28,-3.65,0.51,,
2018-08-29,-2.71,0.19,,
2018-08-30,-2.24,-0.31,,
2018-08-31,-2.98,0.80,,
2018-09-01,-2.10,0.98,,
2018-09-02,-2.24,1.09,,
2018-09-03,-2.73,0.94,,
2018-09-04,-2.26,0.40,,
2018-09-05,-2.12,0.73,,
2018-09-06,-1.95,1.26,,
2018-09-07,-1.72,1.04,,
2018-09-08,-2.27,0.16,,
2018-09-09,-2.23,1.24,,
2018-09-10,-2.26,1.05,,
2018-09-11,-1.76,1.10,,
2018-09-12,-1.53,0.62,,
2018-09-13,-2.26,0.61,,
2018-09-14,-1.50,-0.80,,
2018-09-15,-0.17,-1.60,,
2018-09-16,-1.34,-0.78,,
2018-09-17,-1.45,2.41,,
2018-09-18,-1.39,2.51,,
2018-09-19,-3.37,1.23,,
2018-09-20,-3.11,0.44,,
2018-09-21,-3.20,1.04,,
2018-09-22,-2.83,0.50,,
2018-09-23,-1.63,0.20,,
2018-09-24,-2.78,0.75,,
2018-09-25,-3.37,0.72,,
2018-09-26,-2.39,0.60,,
2018-09-27,-1.93,0.74,,
2018-09-28,-2.26,0.12,,
2018-09-29,-2.16,-0.19,,
2018-09-30,-2.10,-0.33,,
2018-10-01,-3.31,0.95,,
2018-10-02,-3.04,0.99,,
2018-10-03,-2.41,1.12,,
2018-10-04,-1.46,1.74,,
2018-10-05,-1.24,1.59,,
2018-10-06,-0.97,1.68,,
2018-10-07,-1.71,0.99,,
2018-10-08,-0.72,1.97,,
2018-10-09,-0.69,2.57,,
2018-10-10,-1.62,1.09,,
2018-10-11,-1.54,1.20,,
2018-10-12,-0.81,1.65,,
2018-10-13,-1.28,1.83,,
2018-10-14,-2.42,1.13,,
2018-10-15,-2.27,2.19,,
2018-10-16,-2.99,0.97,,
2018-10-17,-2.80,0.49,,
2018-10-18,-2.36,-0.12,,
2018-10-19,-3.12,0.11,,
2018-10-20,-2.57,0.45,,
2018-10-21,-2.12,0.04,,
2018-10-22,-2.65,0.23,,
2018-10-23,-2.63,-0.23,,
2018-10-24,-1.41,0.10,,
2018-10-25,-1.35,0.66,,
2018-10-26,-1.36,0.95,,
2018-10-27,-1.08,1.33,,
2018-10-28,-1.66,-0.41,,
2018-10-29,-1.20,-0.75,,
2018-10-30,-1.96,-0.64,,
2018-10-31,-2.83,-0.25,,
2018-11-01,-2.79,1.07,,
2018-11-02,-2.99,1.27,,
2018-11-03,-2.36,0.91,,
2018-11-04,-2.26,0.12,,
2018-11-05,-2.03,0.32,,
2018-11-06,-1.79,0.25,,
2018-11-07,-2.01,0.28,,
2018-11-08,-1.77,0.61,,
2018-11-09,-1.82,-0.39,,
2018-11-10,-1.82,-0.26,,
2018-11-11,-2.98,-0.85,,
2018-11-12,-3.23,-0.34,,
2018-11-13,-2.21,0.47,,
2018-11-14,-1.68,-0.24,,
2018-11-15,-0.94,1.20,,
2018-11-16,-1.16,1.72,,
2018-11-17,-2.39,-0.00,,
2018-11-18,-2.40,0.64,,
2018-11-19,-2.04,0.66,,
2018-11-20,-2.61,0.32,,
2018-11-21,-2.11,0.15,,
2018-11-22,-1.61,0.03,,
2018-11-23,-1.57,0.54,,
2018-11-24,-0.79,1.36,,
2018-11-25,-1.72,1.08,,
2018-11-26,-2.28,1.27,,
2018-11-27,-1.13,1.21,,
2018-11-28,0.15,1.18,,
2018-11-29,-1.82,0.52,,
2018-11-30,-3.18,0.28,,
2018-12-01,-2.31,1.34,,
2018-12-02,-3.23,1.24,,
2018-12-03,-2.95,1.19,,
2018-12-04,-2.48,0.81,,
2018-12-05,-0.91,-0.91,,
2018-12-06,-2.77,-0.69,,
2018-12-07,-2.74,0.14,,
2018-12-08,-2.26,1.25,,
2018-12-09,-2.41,1.28,,
2018-12-10,-1.23,0.83,,
2018-12-11,-2.32,0.58,,
2018-12-12,-2.48,-1.00,,
2018-12-13,-3.36,0.18,,
2018-12-14,-2.79,1.61,,
2018-12-15,-1.57,1.74,,
2018-12-16,-2.56,1.25,,
2018-12-17,-1.73,1.30,,
2018-12-18,-1.69,0.79,,
2018-12-19,-2.37,1.31,,
2018-12-20,-0.58,2.98,,
2018-12-21,-0.35,2.82,,
2018-12-22,-0.43,-1.41,,
2018-12-23,-3.66,-1.12,,
2018-12-24,-2.16,0.08,,
2018-12-25,-2.17,0.30,,
2018-12-26,-2.99,0.97,,
2018-12-27,-4.00,1.78,,
2018-12-28,-4.47,1.63,,
2018-12-29,-4.11,1.26,,
2018-12-30,-3.43,0.79,,
2018-12-31,-3.97,0.70,,
2019-01-01,-3.96,0.56,,
2019-01-02,-3.93,0.69,,
2019-01-03,-3.10,1.25,,
2019-01-04,-3.45,1.39,,
2019-01-05,-1.80,1.31,,
2019-01-06,-2.12,0.41,,
2019-01-07,-2.55,0.64,,
2019-01-08,-1.96,0.75,,
2019-01-09,-1.11,0.02,,
2019-01-10,2.10,-0.45,,
2019-01-11,-1.63,0.20,,
2019-01-12,-2.59,0.32,,
2019-01-13,-2.09,0.18,,
2019-01-14,-1.59,-0.06,,
2019-01-15,-1.19,-0.72,,
2019-01-16,-1.48,0.54,,
2019-01-17,-1.57,0.51,,
2019-01-18,-1.56,0.14,,
2019-01-19,-1.89,1.14,,
2019-01-20,-0.67,1.26,,
2019-01-21,-1.21,-0.98,,
2019-01-22,-4.73,-2.21,,
2019-01-23,-4.74,0.75,,
2019-01-24,-3.30,1.47,,
2019-01-25,-2.81,1.19,,
2019-01-26,-2.52,1.64,,
2019-01-27,-1.53,2.64,,
2019-01-28,-0.28,3.17,,
2019-01-29,0.87,1.71,,
2019-01-30,-0.91,-1.34,,
2019-01-31,-2.19,0.31,,
2019-02-01,-2.23,0.99,,
2019-02-02,-1.76,0.64,,
2019-02-03,-1.52,0.99,,
2019-02-04,-1.26,0.22,,
2019-02-05,-1.32,-0.67,,
2019-02-06,-2.49,-0.35,,
2019-02-07,-3.30,-0.17,,
2019-02-08,-3.92,-0.27,,
2019-02-09,-3.89,-0.69,,
2019-02-10,-4.34,-0.38,,
2019-02-11,-2.86,0.77,,
2019-02-12,-3.72,1.21,,
2019-02-13,-1.11,1.59,,
2019-02-14,-0.39,1.46,,
2019-02-15,-1.59,1.00,,
2019-02-16,-1.29,1.59,,
2019-02-17,-1.84,1.60,,
2019-02-18,-2.67,1.36,,
2019-02-19,-3.37,0.84,,
2019-02-20,-3.88,1.41,,
2019-02-21,-4.42,1.44,,
2019-02-22,-4.65,1.51,,
2019-02-23,-4.91,1.31,,
2019-02-24,-3.04,0.93,,
2019-02-25,-3.38,0.54,,
2019-02-26,-3.27,0.52,,
2019-02-27,-2.44,0.89,,
2019-02-28,-3.00,0.97,,
2019-03-01,-2.81,1.02,,
2019-03-02,-2.16,0.87,,
2019-03-03,-1.78,1.03,,
2019-03-04,-2.13,1.33,,
2019-03-05,-2.01,0.39,,
2019-03-06,-0.86,-1.38,,
2019-03-07,-2.36,-1.00,,
2019-03-08,-3.26,-0.57,,
2019-03-09,-2.44,0.13,,
2019-03-10,-2.93,0.89,,
2019-03-11,-2.92,-0.05,,
2019-03-12,-2.69,0.28,,
2019-03-13,-3.37,0.18,,
2019-03-14,-3.05,0.76,,
2019-03-15,-2.57,0.41,,
2019-03-16,-2.39,0.60,,
2019-03-17,-1.40,0.66,,
2019-03-18,-1.67,1.04,,
2019-03-19,-1.25,1.05,,
2019-03-20,1.07,1.65,,
2019-03-21,1.11,-0.20,,
2019-03-22,1.01,0.29,,
2019-03-23,-1.62,0.76,,
2019-03-24,-2.20,0.51,,
2019-03-25,-1.43,-0.28,,
2019-03-26,0.45,-1.12,,
2019-03-27,-1.72,0.12,,
2019-03-28,1.03,-1.53,,
2019-03-29,-1.77,-1.24,,
2019-03-30,-2.72,0.99,,
2019-03-31,-2.18,0.71,,
2019-04-01,-2.16,0.15,,
2019-04-02,-2.12,0.19,,
2019-04-03,-2.12,-0.53,,
2019-04-04,-2.93,0.46,,
2019-04-05,-2.21,0.63,,
2019-04-06,-3.37,0.78,,
2019-04-07,-3.52,1.01,,
2019-04-08,-2.28,0.97,,
2019-04-09,-0.80,1.57,,
2019-04-10,-0.43,3.53,,
2019-04-11,-0.14,2.69,,
2019-04-12,-2.30,1.07,,
2019-04-13,-2.82,1.43,,
2019-04-14,-1.22,2.10,,
2019-04-15,-1.65,1.53,,
2019-04-16,-1.66,-0.17,,
2019-04-17,-1.92,0.59,,
2019-04-18,-1.83,1.54,,
2019-04-19,-1.68,2.00,,
2019-04-20,-0.99,1.95,,
2019-04-21,-1.52,1.06,,
2019-04-22,-1.45,-0.80,,
2019-04-23,-1.87,-0.95,,
2019-04-24,-2.14,0.15,,
2019-04-25,-1.84,1.65,,
2019-04-26,-1.63,1.95,,
2019-04-27,-2.04,1.27,,
2019-04-28,-2.72,0.88,,
2019-04-29,-2.68,0.38,,
2019-04-30,-2.57,0.59,,
2019-05-01,-2.88,1.05,,
2019-05-02,-3.96,1.44,,
2019-05-03,-4.14,1.34,,
2019-05-04,-2.66,1.54,,
2019-05-05,-2.17,1.95,,
2019-05-06,-2.63,1.23,,
2019-05-07,-2.63,0.70,,
2019-05-08,-1.88,0.76,,
2019-05-09,-1.83,1.24,,
2019-05-10,-1.89,0.88,,
2019-05-11,-1.85,0.99,,
2019-05-12,-1.82,2.33,,
2019-05-13,-1.98,1.23,,
2019-05-14,-2.31,1.23,,
2019-05-15,-2.18,1.36,,
2019-05-16,-2.10,1.16,,
2019-05-17,-2.37,0.86,,
2019-05-18,-2.54,0.73,,
2019-05-19,-2.18,0.88,,
2019-05-20,-1.87,0.87,,
2019-05-21,-1.79,1.16,,
2019-05-22,-2.68,0.82,,
2019-05-23,-2.06,0.40,,
2019-05-24,-2.44,-0.04,,
2019-05-25,-1.95,0.63,,
2019-05-26,-2.36,0.77,,
2019-05-27,-2.13,0.53,,
2019-05-28,-1.91,1.06,,
2019-05-29,-1.08,1.20,,
2019-05-30,-1.34,1.29,,
2019-05-31,-1.25,1.86,,
2019-06-01,-0.64,1.75,,
2019-06-02,-1.27,1.23,,
2019-06-03,-1.91,0.81,,
2019-06-04,-2.74,1.00,,
2019-06-05,-2.52,1.07,,
2019-06-06,-2.18,0.84,,
2019-06-07,-1.71,1.03,,
2019-06-08,-1.42,2.36,,
2019-06-09,-2.64,1.34,,
2019-06-10,-3.51,1.01,,
2019-06-11,-3.40,0.98,,
2019-06-12,-2.69,1.20,,
2019-06-13,-2.64,0.32,,
2019-06-14,-2.82,0.91,,
2019-06-15,-2.77,0.54,,
2019-06-16,-2.97,1.20,,
2019-06-17,-4.18,1.28,,
2019-06-18,-4.69,1.17,,
2019-06-19,-4.47,1.03,,
2019-06-20,-4.29,1.31,,
2019-06-21,-4.46,1.28,,
2019-06-22,-4.68,0.99,,
2019-06-23,-3.04,1.10,,
2019-06-24,-2.78,0.85,,
2019-06-25,-2.50,0.72,,
2019-06-26,-2.73,0.58,,
2019-06-27,-3.06,1.00,,
2019-06-28,-3.84,0.75,,
2019-06-29,-4.36,1.01,,
2019-06-30,-4.29,0.99,,
2019-07-01,-2.92,0.84,,
2019-07-02,-1.95,0.24,,
2019-07-03,-1.86,0.91,,
2019-07-04,-2.44,1.14,,
2019-07-05,-3.39,0.84,,
2019-07-06,-3.58,0.57,,
2019-07-07,-3.82,0.54,,
2019-07-08,-1.98,1.44,,
2019-07-09,-1.47,1.03,,
2019-07-10,-3.08,1.06,,
2019-07-11,-3.43,0.85,,
2019-07-12,-3.22,0.80,,
2019-07-13,-4.15,0.73,,
2019-07-14,-3.06,0.16,,
2019-07-15,-3.25,0.63,,
2019-07-16,-2.82,0.35,,
2019-07-17,-2.95,0.41,,
2019-07-18,-2.75,0.79,,
2019-07-19,-4.37,0.93,,
2019-07-20,-4.09,0.80,,
2019-07-21,-3.21,0.57,,
2019-07-22,-2.29,0.88,,
2019-07-23,-1.77,1.20,,
2019-07-24,-2.84,1.21,,
2019-07-25,-2.83,0.40,,
2019-07-26,-2.34,0.29,,
2019-07-27,-4.21,0.82,,
2019-07-28,-2.99,0.05,,
2019-07-29,-2.11,-0.22,,
2019-07-30,-2.04,-0.55,,
2019-07-31,-1.73,0.40,,
2019-08-01,-1.75,0.89,,
2019-08-02,-1.81,1.18,,
2019-08-03,-2.75,0.63,,
2019-08-04,-3.68,0.58,,
2019-08-05,-3.25,0.81,,
2019-08-06,-2.75,0.58,,
2019-08-07,-2.18,0.63,,
2019-08-08,-1.66,1.35,,
2019-08-09,-2.26,0.74,,
2019-08-10,-2.38,0.68,,
2019-08-11,-3.07,0.76,,
2019-08-12,-2.60,0.41,,
2019-08-13,-2.53,1.13,,
2019-08-14,-3.15,1.02,,
2019-08-15,-3.57,0.89,,
2019-08-16,-3.91,1.20,,
2019-08-17,-2.76,0.59,,
2019-08-18,-2.61,0.95,,
2019-08-19,-3.44,1.05,,
2019-08-20,-3.30,0.95,,
2019-08-21,-2.81,0.75,,
2019-08-22,-1.70,0.09,,
2019-08-23,-1.38,0.90,,
2019-08-24,-2.14,0.91,,
2019-08-25,-2.88,1.28,,
2019-08-26,-3.06,1.00,,
2019-08-27,-2.98,1.03,,
2019-08-28,-1.72,-0.00,,
2019-08-29,0.05,-1.40,,
2019-08-30,-1.43,0.90,,
2019-08-31,-1.58,1.70,,
2019-09-01,-1.02,1.92,,
2019-09-02,-0.54,1.88,,
2019-09-03,-1.31,1.14,,
2019-09-04,-2.01,1.31,,
2019-09-05,-2.37,0.59,,
2019-09-06,-0.92,-1.13,,
2019-09-07,-1.41,-0.75,,
2019-09-08,-1.74,1.13,,
2019-09-09,-2.71,0.43,,
2019-09-10,-1.98,0.28,,
2019-09-11,-0.64,0.82,,
2019-09-12,-0.84,-0.93,,
2019-09-13,-1.43,1.20,,
2019-09-14,-2.25,1.82,,
2019-09-15,-2.47,0.90,,
2019-09-16,-1.53,-0.68,,
2019-09-17,-0.59,-1.17,,
2019-09-18,0.83,-1.24,,
2019-09-19,-1.08,-0.19,,
2019-09-20,-0.45,1.66,,
2019-09-21,-0.20,1.12,,
2019-09-22,0.67,0.72,,
2019-09-23,1.22,-0.26,,
2019-09-24,1.46,-0.10,,
2019-09-25,1.09,0.13,,
2019-09-26,0.36,1.67,,
2019-09-27,0.19,2.77,,
2019-09-28,-0.80,1.43,,
2019-09-29,0.44,-1.03,,
2019-09-30,-0.42,1.57,,
2019-10-01,-0.43,2.75,,
2019-10-02,-0.45,2.84,,
2019-10-03,-0.62,2.31,,
2019-10-04,-0.42,1.38,,
2019-10-05,0.28,1.96,,
2019-10-06,-1.06,1.77,,
2019-10-07,-0.95,2.47,,
2019-10-08,-2.35,1.09,,
2019-10-09,-2.36,1.00,,
2019-10-10,-1.84,0.90,,
2019-10-11,-1.78,0.75,,
2019-10-12,-1.86,0.71,,
2019-10-13,-2.85,0.66,,
2019-10-14,-1.89,1.32,,
2019-10-15,-1.93,0.52,,
2019-10-16,-0.99,0.55,,
2019-10-17,-1.10,1.26,,
2019-10-18,-1.20,1.24,,
2019-10-19,-0.90,1.63,,
2019-10-20,-1.77,1.34,,
2019-10-21,-2.18,1.31,,
2019-10-22,-1.86,0.06,,
2019-10-23,-2.17,0.11,,
2019-10-24,-2.31,0.49,,
2019-10-25,-1.93,1.40,,
2019-10-26,-2.05,1.33,,
2019-10-27,-2.68,1.03,,
2019-10-28,-2.27,0.83,,
2019-10-29,-2.32,0.08,,
2019-10-30,-2.14,0.30,,
2019-10-31,-1.88,0.26,,
2019-11-01,-1.97,0.21,,
2019-11-02,-1.42,-0.17,,
2019-11-03,-1.89,-0.30,,
2019-11-04,-3.04,-0.11,,
2019-11-05,-2.52,0.77,,
2019-11-06,-2.55,0.13,,
2019-11-07,-2.08,0.22,,
2019-11-08,-1.57,1.06,,
2019-11-09,-0.81,1.03,,
2019-11-10,-1.25,-0.24,,
2019-11-11,-1.55,-0.50,,
2019-11-12,-1.08,0.65,,
2019-11-13,-0.92,0.69,,
2019-11-14,-1.76,0.61,,
2019-11-15,-0.98,0.82,,
2019-11-16,1.35,-0.12,,
2019-11-17,2.01,0.11,,
2019-11-18,1.09,-0.40,,
2019-11-19,1.51,-0.64,,
2019-11-20,-1.21,-1.13,,
2019-11-21,-2.72,-1.76,,
2019-11-22,-3.22,-1.57,,
2019-11-23,-2.03,-0.18,,
2019-11-24,-0.96,1.28,,
2019-11-25,-1.07,0.35,,
2019-11-26,-2.81,0.91,,
2019-11-27,-3.83,0.33,,
2019-11-28,-3.56,-0.89,,
2019-11-29,-2.63,-1.71,,
2019-11-30,-2.15,-1.68,,
2019-12-01,-3.08,-0.27,,
2019-12-02,-1.05,1.05,,
2019-12-03,0.75,-0.87,,
2019-12-04,0.99,-0.38,,
2019-12-05,-0.05,-1.37,,
2019-12-06,-2.13,0.04,,
2019-12-07,-2.27,-0.08,,
2019-12-08,-1.98,-0.31,,
2019-12-09,-2.45,0.70,,
2019-12-10,-2.08,0.93,,
2019-12-11,-2.25,0.48,,
2019-12-12,-3.58,-0.96,,
2019-12-13,-2.38,0.04,,
2019-12-14,-0.37,1.07,,
2019-12-15,-2.64,0.42,,
2019-12-16,-4.16,1.04,,
2019-12-17,-3.46,1.12,,
2019-12-18,-2.40,1.22,,
2019-12-19,-2.65,0.96,,
2019-12-20,-2.57,0.93,,
2019-12-21,-2.64,0.37,,
2019-12-22,-2.89,0.77,,
2019-12-23,-0.84,2.07,,
2019-12-24,0.39,2.44,,
2019-12-25,2.35,-1.91,,
2019-12-26,0.22,-2.05,,
2019-12-27,-2.84,0.60,,
2019-12-28,-2.19,0.35,,
2019-12-29,-1.74,0.92,,
2019-12-30,-1.77,1.39,,
2019-12-31,-1.36,-0.29,,
2020-01-01,-1.52,-0.08,,
2020-01-02,-2.67,1.25,,
2020-01-03,-2.83,1.20,,
2020-01-04,-2.04,0.66,,
2020-01-05,0.11,-2.04,,
2020-01-06,-2.25,-1.76,,
2020-01-07,-1.78,-0.58,,
2020-01-08,-2.15,-0.91,,
2020-01-09,-4.93,-0.69,,
2020-01-10,-4.68,0.33,,
2020-01-11,-5.24,1.02,,
2020-01-12,-4.62,0.65,,
2020-01-13,-3.94,0.48,,
2020-01-14,-4.49,-0.16,,
2020-01-15,-5.20,-1.20,,
2020-01-16,-3.75,-0.26,,
2020-01-17,-5.06,-0.89,,
2020-01-18,-5.91,-0.73,,
2020-01-19,-3.48,0.55,,
2020-01-20,-1.88,0.72,,
2020-01-21,1.15,-1.11,,
2020-01-22,3.27,-2.37,,
2020-01-23,2.93,-2.29,,
2020-01-24,-0.78,-0.93,,
2020-01-25,-0.07,-1.26,,
2020-01-26,0.95,-0.99,,
2020-01-27,0.70,1.50,,
2020-01-28,1.06,0.43,,
2020-01-29,-1.40,0.74,,
2020-01-30,0.31,1.61,,
2020-01-31,-1.90,1.43,,
2020-02-01,-2.62,1.33,,
2020-02-02,1.70,-1.19,,
2020-02-03,-3.21,-0.45,,
2020-02-04,-3.38,0.91,,
2020-02-05,-3.35,1.29,,
2020-02-06,-1.57,2.83,,
2020-02-07,-1.55,3.85,,
2020-02-08,-2.55,0.88,,
2020-02-09,-3.14,-0.11,,
2020-02-10,-3.13,0.84,,
2020-02-11,-3.99,1.37,,
2020-02-12,-4.01,1.07,,
2020-02-13,-4.36,1.01,,
2020-02-14,-3.07,0.76,,
2020-02-15,-2.28,0.16,,
2020-02-16,-2.21,0.39,,
2020-02-17,-2.94,0.41,,
2020-02-18,-3.40,0.72,,
2020-02-19,-3.20,0.74,,
2020-02-20,-2.85,0.15,,
2020-02-21,1.24,-0.75,,
2020-02-22,2.98,-0.58,,
2020-02-23,-1.82,-1.53,,
2020-02-24,-3.49,0.18,,
2020-02-25,-1.67,1.51,,
2020-02-26,-1.82,1.52,,
2020-02-27,-0.24,1.92,,
2020-02-28,-0.52,-1.30,,
2020-02-29,-1.76,-2.51,,
2020-03-01,-3.99,-2.12,,
2020-03-02,-4.37,-0.08,,
2020-03-03,-2.81,0.49,,
2020-03-04,-3.03,1.41,,
2020-03-05,-3.38,1.10,,
2020-03-06,-2.44,1.41,,
2020-03-07,0.93,-1.07,,
2020-03-08,-4.41,-3.70,,
2020-03-09,-5.35,-1.84,,
2020-03-10,-3.90,-0.97,,
2020-03-11,-2.33,-0.20,,
2020-03-12,-1.76,-0.00,,
2020-03-13,-2.15,0.15,,
2020-03-14,-3.33,-0.65,,
2020-03-15,-4.14,-0.88,,
2020-03-16,-4.04,-0.57,,
2020-03-17,-3.97,-0.49,,
2020-03-18,-4.34,-0.92,,
2020-03-19,-4.19,-0.37,,
2020-03-20,-4.04,-0.00,,
2020-03-21,-3.23,-0.11,,
2020-03-22,-3.14,0.33,,
2020-03-23,-3.09,-0.00,,
2020-03-24,-1.89,0.54,,
2020-03-25,-2.24,0.28,,
2020-03-26,-1.63,0.03,,
2020-03-27,-2.24,-0.08,,
2020-03-28,-3.23,0.28,,
2020-03-29,-3.11,0.89,,
2020-03-30,-2.53,0.63,,
2020-03-31,-1.77,0.64,,
2020-04-01,1.59,-0.43,,
2020-04-02,1.07,-0.35,,
2020-04-03,1.24,-0.83,,
2020-04-04,-1.93,0.63,,
2020-04-05,-2.68,0.92,,
2020-04-06,-1.96,0.87,,
2020-04-07,-1.82,0.32,,
2020-04-08,-2.12,0.49,,
2020-04-09,-1.44,0.97,,
2020-04-10,0.54,-1.75,,
2020-04-11,-2.11,0.56,,
2020-04-12,-2.85,0.93,,
2020-04-13,-2.95,0.90,,
2020-04-14,-2.59,0.99,,
2020-04-15,-1.76,1.10,,
2020-04-16,-1.45,1.40,,
2020-04-17,-1.90,0.65,,
2020-04-18,-2.05,1.04,,
2020-04-19,-1.72,1.60,,
2020-04-20,-0.98,2.10,,
2020-04-21,-1.42,2.78,,
2020-04-22,-1.81,1.13,,
2020-04-23,-2.55,1.24,,
2020-04-24,-1.82,2.10,,
2020-04-25,-2.62,2.20,,
2020-04-26,-2.27,0.69,,
2020-04-27,-2.27,1.16,,
2020-04-28,-1.80,-0.52,,
2020-04-29,-1.65,0.70,,
2020-04-30,-1.24,1.78,,
2020-05-01,-1.13,1.44,,
2020-05-02,-1.96,0.28,,
2020-05-03,-2.13,-0.04,,
2020-05-04,-2.10,0.41,,
2020-05-05,-2.22,0.68,,
2020-05-06,-1.62,0.97,,
2020-05-07,-0.87,1.34,,
2020-05-08,-2.71,0.88,,
2020-05-09,-3.08,1.37,,
2020-05-10,-3.04,1.55,,
2020-05-11,-1.49,2.05,,
2020-05-12,-2.10,1.52,,
2020-05-13,-2.15,1.05,,
2020-05-14,-1.68,1.14,,
2020-05-15,-1.58,2.54,,
2020-05-16,-1.43,2.68,,
2020-05-17,-2.82,1.76,,
2020-05-18,-2.74,1.71,,
2020-05-19,-2.32,1.75,,
2020-05-20,-1.77,1.77,,
2020-05-21,-2.36,0.86,,
2020-05-22,-1.78,1.03,,
2020-05-23,-3.16,0.91,,
2020-05-24,-1.89,1.64,,
2020-05-25,-1.73,2.06,,
2020-05-26,-3.01,1.88,,
2020-05-27,-2.48,0.81,,
2020-05-28,-2.70,-0.38,,
2020-05-29,-1.73,0.12,,
2020-05-30,-1.49,1.78,,
2020-05-31,-1.94,1.81,,
2020-06-01,-2.43,0.98,,
2020-06-02,-2.89,0.77,,
2020-06-03,-2.91,1.18,,
2020-06-04,-2.59,1.68,,
2020-06-05,-2.79,1.88,,
2020-06-06,-2.39,2.15,,
2020-06-07,-1.97,2.27,,
2020-06-08,-2.24,1.75,,
2020-06-09,-2.41,0.21,,
2020-06-10,-2.13,0.15,,
2020-06-11,-1.71,-0.43,,
2020-06-12,-1.05,0.42,,
2020-06-13,-1.38,1.08,,
2020-06-14,-2.39,0.87,,
2020-06-15,-2.83,0.76,,
2020-06-16,-2.97,0.58,,
2020-06-17,-1.91,1.29,,
2020-06-18,-2.80,0.70,,
2020-06-19,-2.46,0.66,,
2020-06-20,-3.75,0.93,,
2020-06-21,-3.31,0.64,,
2020-06-22,-3.65,0.64,,
2020-06-23,-3.20,0.68,,
2020-06-24,-3.00,0.48,,
2020-06-25,-3.10,1.01,,
2020-06-26,-3.41,0.06,,
2020-06-27,-2.99,0.10,,
2020-06-28,-2.64,0.51,,
2020-06-29,-2.57,0.45,,
2020-06-30,-2.76,0.49,,
2020-07-01,-2.59,0.36,,
2020-07-02,-2.79,0.34,,
2020-07-03,-3.08,0.60,,
2020-07-04,-2.58,0.69,,
2020-07-05,-2.49,0.71,,
2020-07-06,-2.14,0.04,,
2020-07-07,-2.47,-0.17,,
2020-07-08,-1.80,-0.13,,
2020-07-09,-1.88,1.57,,
2020-07-10,-2.78,0.96,,
2020-07-11,-2.39,0.73,,
2020-07-12,-1.86,0.75,,
2020-07-13,-2.26,0.48,,
2020-07-14,-2.84,0.55,,
2020-07-15,-2.91,0.31,,
2020-07-16,-1.96,0.10,,
2020-07-17,-2.30,0.53,,
2020-07-18,-2.97,0.52,,
2020-07-19,-2.04,-0.29,,
2020-07-20,-1.71,1.11,,
2020-07-21,-2.49,1.21,,
2020-07-22,-2.71,0.38,,
2020-07-23,-3.36,0.96,,
2020-07-24,-2.65,0.09,,
2020-07-25,-2.72,0.99,,
2020-07-26,-3.65,0.38,,
2020-07-27,-2.48,0.39,,
2020-07-28,-2.88,0.05,,
2020-07-29,-2.34,-0.72,,
2020-07-30,-2.35,-2.44,,
2020-07-31,-1.76,-1.06,,
2020-08-01,-0.86,3.71,,
2020-08-02,-1.20,1.85,,
2020-08-03,-1.74,0.63,,
2020-08-04,-1.69,1.32,,
2020-08-05,-3.88,1.19,,
2020-08-06,-2.79,0.80,,
2020-08-07,-3.05,0.59,,
2020-08-08,-3.65,0.26,,
2020-08-09,-3.15,0.33,,
2020-08-10,-3.36,-0.00,,
2020-08-11,-2.21,0.85,,
2020-08-12,-3.03,0.59,,
2020-08-13,-2.66,0.05,,
2020-08-14,-2.88,0.77,,
2020-08-15,-1.86,-0.29,,
2020-08-16,-1.51,-0.32,,
2020-08-17,-1.18,0.92,,
2020-08-18,-1.58,0.61,,
2020-08-19,-1.72,-0.18,,
2020-08-20,-2.60,1.82,,
2020-08-21,-2.28,1.54,,
2020-08-22,-1.60,0.61,,
2020-08-23,1.76,-0.31,,
2020-08-24,-1.43,4.68,,
2020-08-25,-2.46,1.15,,
2020-08-26,-2.20,1.37,,
2020-08-27,-2.55,0.78,,
2020-08-28,-2.70,0.48,,
2020-08-29,-2.08,0.04,,
2020-08-30,-1.38,-0.56,,
2020-08-31,-1.85,-0.46,,
2020-09-01,-2.47,0.13,,
2020-09-02,-2.45,1.31,,
2020-09-03,-2.82,0.70,,
2020-09-04,-4.11,1.10,,
2020-09-05,-3.51,0.75,,
2020-09-06,-1.89,0.69,,
2020-09-07,-1.57,1.19,,
2020-09-08,-0.93,1.38,,
2020-09-09,-1.40,0.57,,
2020-09-10,-1.27,1.03,,
2020-09-11,-0.99,1.36,,
2020-09-12,-1.34,0.36,,
2020-09-13,-1.29,0.75,,
2020-09-14,-1.51,1.31,,
2020-09-15,-2.19,0.39,,
2020-09-16,-1.69,0.68,,
2020-09-17,-1.40,1.40,,
2020-09-18,-0.98,-0.76,,
2020-09-19,-1.14,-0.96,,
2020-09-20,-1.79,0.65,,
2020-09-21,0.55,-1.37,,
2020-09-22,1.07,0.09,,
2020-09-23,-1.00,1.24,,
2020-09-24,-1.03,1.71,,
2020-09-25,-1.15,1.59,,
2020-09-26,-2.25,0.52,,
2020-09-27,-1.44,-0.55,,
2020-09-28,-1.47,0.42,,
2020-09-29,-2.45,0.99,,
2020-09-30,-2.64,1.07,,
2020-10-01,-2.64,1.53,,
2020-10-02,-2.97,1.45,,
2020-10-03,-3.99,1.37,,
2020-10-04,-3.55,1.08,,
2020-10-05,-2.31,2.47,,
2020-10-06,-1.75,3.76,,
2020-10-07,-1.43,1.84,,
2020-10-08,-1.82,1.18,,
2020-10-09,-1.44,1.54,,
2020-10-10,-1.99,1.11,,
2020-10-11,-2.18,0.08,,
2020-10-12,-1.89,-0.00,,
2020-10-13,-1.65,0.63,,
2020-10-14,-1.30,-0.11,,
2020-10-15,-1.84,0.86,,
2020-10-16,-1.72,0.21,,
2020-10-17,-1.24,-0.69,,
2020-10-18,-1.64,0.70,,
2020-10-19,-1.96,1.32,,
2020-10-20,-1.96,1.37,,
2020-10-21,-0.99,2.23,,
2020-10-22,-1.01,2.92,,
2020-10-23,-1.04,3.40,,
2020-10-24,-1.34,3.48,,
2020-10-25,-1.53,4.00,,
2020-10-26,-2.05,3.04,,
2020-10-27,-2.87,0.66,,
2020-10-28,-2.44,0.21,,
2020-10-29,-1.77,0.41,,
2020-10-30,-1.46,-0.53,,
2020-10-31,-0.88,-1.09,,
2020-11-01,-2.71,0.78,,
2020-11-02,-3.61,1.17,,
2020-11-03,-2.80,1.25,,
2020-11-04,-1.70,1.59,,
2020-11-05,-2.64,1.23,,
2020-11-06,-1.72,1.08,,
2020-11-07,-1.45,2.23,,
2020-11-08,-0.37,4.18,,
2020-11-09,0.65,3.37,,
2020-11-10,1.13,2.04,,
2020-11-11,-1.47,0.31,,
2020-11-12,-1.37,-2.58,,
2020-11-13,-1.78,0.83,,
2020-11-14,-3.42,0.60,,
2020-11-15,-3.04,0.87,,
2020-11-16,-3.94,0.62,,
2020-11-17,-2.36,0.46,,
2020-11-18,-1.88,-0.26,,
2020-11-19,-3.74,-0.46,,
2020-11-20,-3.32,0.47,,
2020-11-21,-2.37,0.29,,
2020-11-22,-1.67,0.89,,
2020-11-23,-1.20,0.46,,
2020-11-24,-2.56,-1.19,,
2020-11-25,-4.96,-1.05,,
2020-11-26,-4.19,-0.51,,
2020-11-27,-2.19,0.35,,
2020-11-28,-2.28,-0.48,,
2020-11-29,-2.06,1.14,,
2020-11-30,-1.95,1.04,,
2020-12-01,-1.69,-0.00,,
2020-12-02,-2.99,-1.53,,
2020-12-03,-3.89,-0.34,,
2020-12-04,-2.96,0.47,,
2020-12-05,-1.78,0.58,,
2020-12-06,-1.29,0.90,,
2020-12-07,0.64,1.26,,
2020-12-08,1.92,0.03,,
2020-12-09,2.61,-2.35,,
2020-12-10,-2.37,-1.37,,
2020-12-11,-2.77,0.10,,
2020-12-12,-2.30,0.32,,
2020-12-13,-2.27,0.83,,
2020-12-14,-1.28,-0.54,,
2020-12-15,-1.50,-0.05,,
2020-12-16,-1.92,0.94,,
2020-12-17,-1.68,0.48,,
2020-12-18,-2.22,-0.81,,
2020-12-19,-3.34,-0.47,,
2020-12-20,-2.89,-0.10,,
2020-12-21,-1.60,0.78,,
2020-12-22,-1.17,-1.05,,
2020-12-23,-2.16,-0.30,,
2020-12-24,-2.07,0.92,,
2020-12-25,-0.64,-1.30,,
2020-12-26,-1.23,-3.19,,
2020-12-27,-2.33,-1.89,,
2020-12-28,-1.31,-1.02,,
2020-12-29,-3.23,-1.65,,
2020-12-30,-4.34,-0.84,,
2020-12-31,-2.92,1.30,,
2021-01-01,-2.64,0.86,,
2021-01-02,-3.15,0.50,,
2021-01-03,-1.88,1.00,,
2021-01-04,-1.97,1.18,,
2021-01-05,-1.41,0.33,,
2021-01-06,-1.69,0.18,,
2021-01-07,-1.84,0.86,,
2021-01-08,-1.72,1.12,,
2021-01-09,-1.20,-0.39,,
2021-01-10,-2.58,-0.32,,
2021-01-11,-3.71,0.26,,
2021-01-12,-2.23,0.77,,
2021-01-13,-2.13,0.78,,
2021-01-14,-1.21,1.45,,
2021-01-15,-1.36,1.14,,
2021-01-16,-1.60,1.12,,
2021-01-17,-1.80,0.52,,
2021-01-18,-2.20,0.55,,
2021-01-19,-3.22,-0.45,,
2021-01-20,-3.51,-1.56,,
2021-01-21,-3.31,-0.82,,
2021-01-22,-2.23,0.90,,
2021-01-23,-2.45,0.66,,
2021-01-24,-2.69,0.43,,
2021-01-25,-3.39,0.42,,
2021-01-26,-3.01,1.28,,
2021-01-27,-3.05,0.99,,
2021-01-28,-1.98,-0.35,,
2021-01-29,-2.81,-2.81,,
2021-01-30,-4.68,-1.08,,
2021-01-31,-4.36,0.38,,
2021-02-01,-1.91,1.10,,
2021-02-02,3.07,-0.82,,
2021-02-03,2.17,-2.50,,
2021-02-04,-3.26,-0.28,,
2021-02-05,-3.10,1.13,,
2021-02-06,-1.86,2.07,,
2021-02-07,-1.99,2.29,,
2021-02-08,-2.78,1.01,,
2021-02-09,-2.44,0.79,,
2021-02-10,-2.44,0.89,,
2021-02-11,-2.60,1.27,,
2021-02-12,-2.79,1.55,,
2021-02-13,-2.64,1.59,,
2021-02-14,-1.77,1.83,,
2021-02-15,-2.24,1.88,,
2021-02-16,-1.97,1.59,,
2021-02-17,-3.43,1.53,,
2021-02-18,-4.07,1.25,,
2021-02-19,-3.60,1.03,,
2021-02-20,-0.09,1.72,,
2021-02-21,-1.59,-0.58,,
2021-02-22,-3.07,0.49,,
2021-02-23,-1.76,0.37,,
2021-02-24,-2.61,0.23,,
2021-02-25,-2.97,0.58,,
2021-02-26,-3.09,0.55,,
2021-02-27,-2.89,0.56,,
2021-02-28,-3.48,0.68,,
2021-03-01,-3.17,0.45,,
2021-03-02,-2.22,0.16,,
2021-03-03,-1.25,1.49,,
2021-03-04,1.87,0.40,,
2021-03-05,1.46,-0.56,,
2021-03-06,-1.41,1.07,,
2021-03-07,1.11,-1.47,,
2021-03-08,-2.11,-2.27,,
2021-03-09,-4.50,-2.10,,
2021-03-10,-4.21,-1.97,,
2021-03-11,-4.58,-1.67,,
2021-03-12,-3.26,-2.20,,
2021-03-13,-3.76,-1.01,,
2021-03-14,-3.29,-0.17,,
2021-03-15,-3.17,0.79,,
2021-03-16,-3.82,0.13,,
2021-03-17,-3.48,1.00,,
2021-03-18,-3.28,0.94,,
2021-03-19,-2.05,0.75,,
2021-03-20,-1.36,-0.05,,
2021-03-21,-1.37,0.99,,
2021-03-22,-0.97,0.76,,
2021-03-23,-1.35,1.13,,
2021-03-24,-1.97,1.43,,
2021-03-25,-3.03,0.93,,
2021-03-26,-3.23,0.99,,
2021-03-27,-3.11,0.55,,
2021-03-28,-3.60,1.03,,
2021-03-29,-2.39,0.29,,
2021-03-30,-3.70,0.79,,
2021-03-31,-3.40,0.66,,
2021-04-01,-2.45,0.39,,
2021-04-02,1.33,0.12,,
2021-04-03,-1.65,-1.43,,
2021-04-04,-3.91,-2.94,,
2021-04-05,-4.18,-1.86,,
2021-04-06,-4.05,-0.43,,
2021-04-07,-3.07,-0.21,,
2021-04-08,-2.73,0.68,,
2021-04-09,-2.40,0.97,,
2021-04-10,-2.15,1.39,,
2021-04-11,-1.59,1.77,,
2021-04-12,-1.27,2.85,,
2021-04-13,-1.31,-0.82,,
2021-04-14,-2.74,-0.58,,
2021-04-15,-3.26,0.34,,
2021-04-16,-2.02,1.31,,
2021-04-17,-2.25,1.70,,
2021-04-18,-2.65,1.59,,
2021-04-19,-1.31,2.27,,
2021-04-20,-2.53,1.71,,
2021-04-21,-2.31,1.68,,
2021-04-22,-1.87,0.83,,
2021-04-23,-2.02,0.47,,
2021-04-24,-2.15,1.24,,
2021-04-25,-1.72,1.16,,
2021-04-26,-1.00,-1.00,,
2021-04-27,-2.27,-0.61,,
2021-04-28,-3.01,0.37,,
2021-04-29,-1.89,0.65,,
2021-04-30,-2.33,0.20,,
2021-05-01,-2.11,0.52,,
2021-05-02,-2.43,0.93,,
2021-05-03,-1.83,2.18,,
2021-05-04,-1.87,2.08,,
2021-05-05,-2.33,1.24,,
2021-05-06,-2.47,0.85,,
2021-05-07,-1.53,0.81,,
2021-05-08,-1.98,0.10,,
2021-05-09,-2.79,0.80,,
2021-05-10,-3.95,1.21,,
2021-05-11,-3.85,0.96,,
2021-05-12,-3.80,1.02,,
2021-05-13,-3.24,0.75,,
2021-05-14,-2.03,0.51,,
2021-05-15,-1.77,0.06,,
2021-05-16,-1.99,0.46,,
2021-05-17,-1.82,0.73,,
2021-05-18,-1.82,1.22,,
2021-05-19,-2.21,1.43,,
2021-05-20,-3.56,0.76,,
2021-05-21,-3.69,0.72,,
2021-05-22,-2.94,-0.21,,
2021-05-23,-3.17,-0.33,,
2021-05-24,-2.80,0.20,,
2021-05-25,-3.00,0.16,,
2021-05-26,-2.90,0.36,,
2021-05-27,-2.26,0.20,,
2021-05-28,-1.53,0.62,,
2021-05-29,-1.14,0.93,,
2021-05-30,-1.59,1.16,,
2021-05-31,-2.43,0.52,,
2021-06-01,-1.69,0.45,,
2021-06-02,-2.15,1.24,,
2021-06-03,-2.74,1.05,,
2021-06-04,-3.00,0.58,,
2021-06-05,-3.71,0.79,,
2021-06-06,-4.12,0.88,,
2021-06-07,-3.56,0.50,,
2021-06-08,-2.67,0.23,,
2021-06-09,-2.21,0.63,,
2021-06-10,-2.06,1.09,,
2021-06-11,-2.38,1.01,,
2021-06-12,-2.66,0.87,,
2021-06-13,-2.41,1.23,,
2021-06-14,-2.00,1.30,,
2021-06-15,-1.65,1.59,,
2021-06-16,-2.38,1.21,,
2021-06-17,-2.93,1.18,,
2021-06-18,-3.04,0.82,,
2021-06-19,-3.47,1.06,,
2021-06-20,-3.96,1.06,,
2021-06-21,-3.38,1.16,,
2021-06-22,-2.73,1.16,,
2021-06-23,-2.14,-0.19,,
2021-06-24,-1.49,0.37,,
2021-06-25,-2.40,0.83,,
2021-06-26,-2.28,0.20,,
2021-06-27,-2.07,0.75,,
2021-06-28,-2.53,1.35,,
2021-06-29,-3.55,1.22,,
2021-06-30,-3.46,0.86,,
2021-07-01,-2.69,0.24,,
2021-07-02,-2.86,0.99,,
2021-07-03,-2.09,-0.26,,
2021-07-04,-0.86,3.01,,
2021-07-05,-2.10,3.12,,
2021-07-06,-1.56,2.00,,
2021-07-07,-3.49,1.13,,
2021-07-08,-4.08,1.09,,
2021-07-09,-3.13,1.02,,
2021-07-10,-3.08,0.32,,
2021-07-11,-3.77,0.87,,
2021-07-12,-3.44,0.67,,
2021-07-13,-3.57,1.37,,
2021-07-14,-3.36,-0.18,,
2021-07-15,-2.38,0.46,,
2021-07-16,-3.11,0.89,,
2021-07-17,-3.14,0.96,,
2021-07-18,-2.56,0.45,,
2021-07-19,-3.37,0.84,,
2021-07-20,-4.02,0.93,,
2021-07-21,-4.08,1.17,,
2021-07-22,-2.61,0.46,,
2021-07-23,-2.79,0.44,,
2021-07-24,-1.31,-0.58,,
2021-07-25,0.93,0.08,,
2021-07-26,-1.41,1.15,,
2021-07-27,-2.95,0.79,,
2021-07-28,-1.91,0.23,,
2021-07-29,-2.95,0.90,,
2021-07-30,-4.12,1.11,,
2021-07-31,-3.45,0.80,,
2021-08-01,-3.36,1.16,,
2021-08-02,-3.66,0.78,,
2021-08-03,-1.81,0.73,,
2021-08-04,-2.17,0.79,,
2021-08-05,-3.00,1.03,,
2021-08-06,-3.55,0.75,,
2021-08-07,-2.92,0.26,,
2021-08-08,-2.05,-0.51,,
2021-08-09,-2.13,0.11,,
2021-08-10,-3.27,0.52,,
2021-08-11,-2.45,-0.43,,
2021-08-12,-1.67,1.04,,
2021-08-13,-0.37,2.66,,
2021-08-14,-2.01,0.21,,
2021-08-15,-1.66,0.81,,
2021-08-16,-1.28,-1.11,,
2021-08-17,-3.60,0.25,,
2021-08-18,-3.58,3.23,,
2021-08-19,-3.00,0.97,,
2021-08-20,-2.02,-0.11,,
2021-08-21,-2.85,0.76,,
2021-08-22,-3.05,0.70,,
2021-08-23,-2.48,0.26,,
2021-08-24,-3.39,-0.24,,
2021-08-25,-2.71,0.58,,
2021-08-26,-3.39,2.37,,
2021-08-27,-1.83,3.60,,
2021-08-28,-3.00,1.53,,
2021-08-29,-3.13,0.61,,
2021-08-30,-1.99,0.35,,
2021-08-31,-1.34,0.65,,
2021-09-01,-0.49,1.44,,
2021-09-02,-1.62,1.26,,
2021-09-03,-2.04,1.04,,
2021-09-04,-1.53,1.03,,
2021-09-05,-2.43,0.79,,
2021-09-06,-2.26,0.24,,
2021-09-07,-1.83,0.42,,
2021-09-08,-2.71,0.88,,
2021-09-09,-2.63,1.06,,
2021-09-10,-2.79,1.02,,
2021-09-11,-3.05,0.82,,
2021-09-12,-2.38,0.21,,
2021-09-13,-1.74,0.47,,
2021-09-14,-1.09,0.33,,
2021-09-15,-1.30,0.75,,
2021-09-16,-1.44,1.25,,
2021-09-17,-2.88,0.99,,
2021-09-18,-1.92,-0.13,,
2021-09-19,-1.83,-0.16,,
2021-09-20,-1.76,-0.03,,
2021-09-21,-1.79,-0.28,,
2021-09-22,-1.21,-0.06,,
2021-09-23,-0.71,0.55,,
2021-09-24,-1.29,0.77,,
2021-09-25,-1.60,0.75,,
2021-09-26,-1.67,0.03,,
2021-09-27,-1.38,-0.80,,
2021-09-28,-1.21,-0.17,,
2021-09-29,-1.08,0.73,,
2021-09-30,-1.45,0.08,,
2021-10-01,-2.10,-0.41,,
2021-10-02,-2.18,0.35,,
2021-10-03,-2.20,0.76,,
2021-10-04,-2.27,1.11,,
2021-10-05,-2.89,1.41,,
2021-10-06,-3.41,0.98,,
2021-10-07,-2.55,0.59,,
2021-10-08,-1.96,0.24,,
2021-10-09,-0.84,0.78,,
2021-10-10,0.73,0.84,,
2021-10-11,-1.28,1.59,,
2021-10-12,-1.33,-0.62,,
2021-10-13,-0.92,1.37,,
2021-10-14,-0.77,1.14,,
2021-10-15,-0.63,1.43,,
2021-10-16,-0.95,1.09,,
2021-10-17,0.22,1.37,,
2021-10-18,-1.03,0.32,,
2021-10-19,-1.98,0.42,,
2021-10-20,-2.25,0.32,,
2021-10-21,-1.73,0.27,,
2021-10-22,-1.71,0.99,,
2021-10-23,-1.31,1.51,,
2021-10-24,-2.65,1.18,,
2021-10-25,-1.57,1.23,,
2021-10-26,-1.46,1.32,,
2021-10-27,-1.18,1.41,,
2021-10-28,-0.64,2.09,,
2021-10-29,-0.35,2.23,,
2021-10-30,0.56,1.95,,
2021-10-31,-0.85,0.91,,
2021-11-01,-1.83,0.32,,
2021-11-02,-1.60,-0.23,,
2021-11-03,-1.73,0.56,,
2021-11-04,-1.80,0.42,,
2021-11-05,-1.45,1.40,,
2021-11-06,0.06,1.60,,
2021-11-07,1.55,-0.33,,
2021-11-08,-0.31,-1.17,,
2021-11-09,-1.81,-0.81,,
2021-11-10,-1.96,0.87,,
2021-11-11,-1.76,1.19,,
2021-11-12,-2.46,1.31,,
2021-11-13,-2.40,0.60,,
2021-11-14,-1.95,-0.38,,
2021-11-15,-2.28,-0.32,,
2021-11-16,-2.40,0.34,,
2021-11-17,-2.73,0.78,,
2021-11-18,-2.79,-0.00,,
2021-11-19,-1.65,-0.84,,
2021-11-20,-1.57,-0.51,,
2021-11-21,-1.12,0.97,,
2021-11-22,1.19,0.08,,
2021-11-23,1.65,-0.70,,
2021-11-24,-1.76,-0.89,,
2021-11-25,-2.68,-0.42,,
2021-11-26,-2.27,-0.40,,
2021-11-27,-0.85,-1.74,,
2021-11-28,-2.14,-0.74,,
2021-11-29,-1.08,-0.97,,
2021-11-30,-1.99,-0.93,,
2021-12-01,-3.11,-0.16,,
2021-12-02,-2.37,-0.68,,
2021-12-03,-2.08,-0.56,,
2021-12-04,-2.92,0.26,,
2021-12-05,-2.28,0.78,,
2021-12-06,-3.08,1.24,,
2021-12-07,-2.75,0.89,,
2021-12-08,-1.80,0.88,,
2021-12-09,-2.12,0.11,,
2021-12-10,-3.07,-0.43,,
2021-12-11,-2.82,-0.15,,
2021-12-12,-2.08,-0.56,,
2021-12-13,-3.41,-0.60,,
2021-12-14,-2.81,-0.00,,
2021-12-15,-2.37,0.21,,
2021-12-16,-2.53,0.87,,
2021-12-17,-2.47,0.62,,
2021-12-18,-3.64,1.18,,
2021-12-19,-2.64,1.40,,
2021-12-20,-1.28,0.37,,
2021-12-21,-0.99,1.71,,
2021-12-22,0.57,1.27,,
2021-12-23,1.37,-1.28,,
2021-12-24,-2.18,-1.21,,
2021-12-25,-3.21,-0.51,,
2021-12-26,-2.58,0.09,,
2021-12-27,-3.25,0.34,,
2021-12-28,-2.84,0.60,,
2021-12-29,-2.86,1.04,,
2021-12-30,-2.20,0.89,,
2021-12-31,-2.33,0.85,,
2022-01-01,-2.69,0.72,0.018,0.038
2022-01-02,-3.53,1.43,0.058,0.009
2022-01-03,-2.61,1.33,0.104,-0.062
2022-01-04,-2.32,0.45,0.111,-0.134
2022-01-05,-1.86,0.57,0.016,-0.114
2022-01-06,-2.27,1.26,-0.032,-0.051
2022-01-07,-2.05,1.23,0.006,-0.086
2022-01-08,-2.80,0.05,-0.013,-0.084
2022-01-09,-2.54,-0.04,-0.038,0.002
2022-01-10,-1.71,-0.49,0.025,-0.024
2022-01-11,-1.60,-0.06,0.072,-0.044
2022-01-12,-0.56,1.10,0.012,-0.042
2022-01-13,2.53,0.09,0.017,-0.026
2022-01-14,3.39,-1.23,0.068,-0.068
2022-01-15,-1.87,0.20,0.038,0.001
2022-01-16,-0.49,2.30,0.045,-0.013
2022-01-17,1.55,1.39,0.065,-0.173
2022-01-18,-0.24,-1.92,0.032,-0.142
2022-01-19,-2.55,0.13,-0.050,0.050
2022-01-20,-3.48,1.27,0.031,0.025
2022-01-21,-3.37,1.03,0.108,-0.056
2022-01-22,-2.09,0.93,0.151,-0.083
2022-01-23,0.46,1.03,0.168,-0.127
2022-01-24,1.61,-0.62,0.184,-0.152
2022-01-25,-1.71,1.07,0.132,-0.112
2022-01-26,-2.28,0.92,0.168,-0.093
2022-01-27,-1.83,-0.26,0.172,-0.124
2022-01-28,-0.07,1.34,0.173,-0.106
2022-01-29,2.66,-0.87,0.232,-0.170
2022-01-30,1.95,-2.17,0.187,-0.177
2022-01-31,-1.89,-1.59,0.106,-0.063
2022-02-01,-3.19,0.56,0.066,0.024
2022-02-02,-2.61,0.41,0.108,-0.046
2022-02-03,-2.56,0.41,0.116,-0.042
2022-02-04,-2.83,0.60,0.123,-0.015
2022-02-05,-2.58,-0.45,0.123,-0.028
2022-02-06,-2.16,-0.19,0.145,-0.062
2022-02-07,-2.34,-0.04,0.146,-0.058
2022-02-08,-1.40,1.45,0.139,0.000
2022-02-09,-1.15,0.96,0.182,-0.020
2022-02-10,-1.16,1.48,0.220,-0.099
2022-02-11,-1.95,1.13,0.143,-0.006
2022-02-12,-2.95,1.13,0.112,0.025
2022-02-13,-2.65,1.23,0.120,0.019
2022-02-14,0.00,-2.01,0.179,-0.091
2022-02-15,-2.33,0.33,0.102,-0.081
2022-02-16,-2.63,0.80,0.021,0.064
2022-02-17,-3.57,0.82,0.087,0.060
2022-02-18,-2.65,0.05,0.121,-0.020
2022-02-19,-2.50,-0.58,0.102,-0.052
2022-02-20,-3.01,-0.64,0.057,-0.002
2022-02-21,-3.21,0.28,-0.013,0.108
2022-02-22,-2.84,0.55,0.010,0.035
2022-02-23,-3.66,0.06,0.023,0.002
2022-02-24,-4.38,-0.31,-0.014,0.027
2022-02-25,-4.33,-0.53,-0.084,0.060
2022-02-26,-2.52,0.13,-0.059,0.024
2022-02-27,-2.22,0.43,-0.028,0.016
2022-02-28,-1.30,-0.40,0.036,-0.022
2022-03-01,1.49,0.00,0.047,-0.047
2022-03-02,0.67,-1.38,0.062,-0.076
2022-03-03,-1.83,0.42,0.040,-0.031
2022-03-04,-1.65,-0.84,0.075,-0.070
2022-03-05,-3.65,-0.58,0.027,-0.056
2022-03-06,-3.18,0.33,0.033,0.029
2022-03-07,-1.93,0.55,0.065,-0.031
2022-03-08,-2.08,0.07,0.106,-0.088
2022-03-09,-2.18,1.26,0.128,-0.080
2022-03-10,-2.37,1.05,0.108,-0.062
2022-03-11,-2.72,0.94,0.119,-0.068
2022-03-12,-1.66,1.39,0.129,-0.066
2022-03-13,-1.81,-0.48,0.208,-0.138
2022-03-14,-2.84,0.10,0.128,-0.125
2022-03-15,-2.61,0.60,0.113,-0.057
2022-03-16,-2.20,0.67,0.124,-0.090
2022-03-17,-2.44,1.78,0.156,-0.119
2022-03-18,-3.45,1.33,0.112,-0.015
2022-03-19,-3.36,0.96,0.073,-0.049
2022-03-20,-2.66,0.37,0.077,-0.092
2022-03-21,-2.27,0.16,0.102,-0.096
2022-03-22,-2.95,1.25,0.082,-0.027
2022-03-23,-3.07,1.50,0.061,-0.031
2022-03-24,-3.34,1.35,0.098,-0.067
2022-03-25,-1.60,1.39,0.152,-0.111
2022-03-26,-1.58,1.11,0.150,-0.116
2022-03-27,-1.60,-1.25,0.081,-0.083
2022-03-28,-3.39,-1.10,-0.027,0.003
2022-03-29,-4.56,-0.89,-0.052,0.072
2022-03-30,-4.06,0.79,-0.041,0.061
2022-03-31,-2.99,1.59,0.022,-0.050
2022-04-01,-3.17,1.22,0.055,-0.026
2022-04-02,-3.31,1.20,0.057,0.022
2022-04-03,-1.96,1.04,0.088,-0.016
2022-04-04,-2.00,0.85,0.068,-0.022
2022-04-05,-2.75,1.06,0.017,0.018
2022-04-06,-2.54,1.59,0.047,0.002
2022-04-07,-2.11,1.59,0.073,-0.017
2022-04-08,-1.96,1.37,0.074,-0.083
2022-04-09,-0.36,-1.70,0.046,-0.076
2022-04-10,-1.65,-1.24,-0.012,-0.038
2022-04-11,-3.71,-0.99,-0.091,0.078
2022-04-12,-3.60,0.31,-0.104,0.092
2022-04-13,-3.23,0.63,-0.079,0.069
2022-04-14,-3.06,1.05,-0.064,0.060
2022-04-15,-3.03,0.87,-0.084,0.070
2022-04-16,-2.19,0.76,-0.145,0.076
2022-04-17,-1.95,0.91,-0.176,0.147
2022-04-18,-0.97,1.00,-0.090,0.122
2022-04-19,0.18,2.06,0.015,0.043
2022-04-20,-2.87,0.61,-0.017,0.042
2022-04-21,-2.47,-0.90,-0.015,-0.022
2022-04-22,-2.94,-0.10,-0.009,0.041
2022-04-23,-2.51,0.09,-0.002,0.003
2022-04-24,-2.69,0.72,0.031,-0.015
2022-04-25,-2.73,0.29,0.024,-0.038
2022-04-26,-3.20,0.11,0.010,-0.048
2022-04-27,-2.81,0.49,-0.018,-0.017
2022-04-28,-3.07,0.49,-0.034,-0.007
2022-04-29,-2.09,0.93,-0.031,-0.003
2022-04-30,-2.60,0.70,-0.020,0.018
2022-05-01,-2.69,0.43,-0.013,0.002
2022-05-02,-2.58,0.99,0.030,0.010
2022-05-03,-3.80,1.24,0.053,0.000
2022-05-04,-3.86,0.82,0.072,-0.048
2022-05-05,-3.36,0.72,0.093,-0.077
2022-05-06,-2.29,1.32,0.107,-0.061
2022-05-07,-0.43,2.21,0.105,-0.071
2022-05-08,-1.09,3.18,0.127,-0.083
2022-05-09,-2.11,2.34,0.149,-0.127
2022-05-10,-2.03,1.08,0.088,-0.046
2022-05-11,-1.61,0.97,0.034,-0.045
2022-05-12,-1.03,1.85,0.040,0.021
2022-05-13,-2.65,1.92,0.058,0.024
2022-05-14,-1.01,1.75,0.101,-0.053
2022-05-15,-0.87,1.70,0.124,-0.039
2022-05-16,-1.24,1.78,0.093,0.000
2022-05-17,-1.26,2.02,0.111,-0.060
2022-05-18,-1.74,1.41,0.104,-0.021
2022-05-19,-2.49,1.16,0.088,-0.037
2022-05-20,-2.18,2.03,0.080,0.021
2022-05-21,-3.27,1.19,0.096,0.000
2022-05-22,-3.79,0.95,0.084,0.020
2022-05-23,-3.48,0.80,0.078,0.000
2022-05-24,-3.64,0.91,0.079,0.000
2022-05-25,-3.65,0.71,0.065,0.000
2022-05-26,-3.50,0.68,0.065,0.000
2022-05-27,-2.42,1.03,0.082,-0.022
2022-05-28,-2.41,1.28,0.080,-0.004
2022-05-29,-3.69,1.06,0.074,0.000
2022-05-30,-4.21,0.82,0.074,0.000
2022-05-31,-2.73,1.39,0.084,0.012
2022-06-01,-1.26,2.27,0.111,-0.065
2022-06-02,-1.25,3.27,0.124,-0.073
2022-06-03,-1.41,4.90,0.145,-0.075
2022-06-04,-1.69,5.19,0.166,-0.060
2022-06-05,-0.89,4.56,0.169,-0.065
2022-06-06,-1.80,2.99,0.123,-0.032
2022-06-07,-2.65,1.53,0.067,0.062
2022-06-08,-2.66,1.18,0.081,0.058
2022-06-09,-2.62,0.75,0.101,-0.008
2022-06-10,-2.08,0.88,0.068,-0.024
2022-06-11,-2.27,0.69,0.047,0.055
2022-06-12,-3.39,1.04,0.050,0.027
2022-06-13,-3.36,1.43,0.048,0.070
2022-06-14,-2.38,0.17,0.064,-0.049
2022-06-15,-3.32,1.01,0.054,0.001
2022-06-16,-2.90,1.11,0.039,0.072
2022-06-17,-2.42,1.08,0.039,0.024
2022-06-18,-1.42,1.47,0.074,0.019
2022-06-19,-2.94,1.70,0.027,0.034
2022-06-20,-3.16,0.73,0.048,0.035
2022-06-21,-2.72,0.38,0.009,-0.033
2022-06-22,-1.80,0.35,0.004,0.019
2022-06-23,-1.14,0.99,-0.005,0.024
2022-06-24,-1.72,0.84,-0.004,0.037
2022-06-25,-1.82,0.63,-0.009,0.056
2022-06-26,-1.75,0.74,-0.020,0.077
2022-06-27,-1.16,0.91,-0.079,0.109
2022-06-28,-2.14,0.91,-0.129,0.113
2022-06-29,-2.44,0.09,-0.150,0.127
2022-06-30,-3.02,-0.53,-0.243,0.159
2022-07-01,-4.11,0.80,-0.235,0.178
2022-07-02,-2.93,0.31,-0.248,0.121
2022-07-03,-2.77,-0.24,-0.223,0.083
2022-07-04,-3.00,1.53,-0.054,0.106
2022-07-05,-3.47,0.61,-0.079,0.083
2022-07-06,-2.35,-0.00,-0.021,0.070
2022-07-07,-2.75,0.68,-0.007,0.061
2022-07-08,-3.46,1.19,-0.033,0.083
2022-07-09,-3.94,0.69,-0.003,0.052
2022-07-10,-3.27,0.88,0.048,-0.047
2022-07-11,-2.24,0.86,0.041,-0.084
2022-07-12,-2.98,0.80,0.028,-0.029
2022-07-13,-3.88,0.61,0.005,0.064
2022-07-14,-1.72,0.49,-0.012,0.013
2022-07-15,-1.70,0.59,-0.015,0.016
2022-07-16,-1.89,0.54,-0.094,0.087
2022-07-17,-3.18,0.45,-0.089,0.101
2022-07-18,-3.96,0.70,-0.064,0.084
2022-07-19,-2.97,0.36,-0.027,0.035
2022-07-20,-2.93,0.62,0.000,0.004
2022-07-21,-3.45,0.99,-0.043,0.055
2022-07-22,-3.09,1.00,-0.081,0.106
2022-07-23,-2.73,0.43,-0.092,0.084
2022-07-24,-1.93,0.17,-0.073,0.076
2022-07-25,-1.96,0.45,-0.053,0.081
2022-07-26,-3.38,1.16,-0.047,0.093
2022-07-27,-3.02,0.05,-0.093,0.054
2022-07-28,-1.97,0.92,-0.027,0.041
2022-07-29,-2.58,0.84,-0.059,0.104
2022-07-30,-3.17,0.45,-0.079,0.114
2022-07-31,-3.44,0.73,-0.082,0.098
2022-08-01,-3.21,0.45,-0.031,0.067
2022-08-02,-3.41,-0.30,-0.057,0.132
2022-08-03,-2.15,0.50,-0.032,0.096
2022-08-04,-2.88,0.72,-0.035,0.097
2022-08-05,-2.51,0.04,-0.043,0.075
2022-08-06,-2.46,0.52,-0.012,0.083
2022-08-07,-2.91,0.20,-0.002,0.025
2022-08-08,-2.57,0.45,0.007,0.007
2022-08-09,-2.83,0.81,-0.005,0.009
2022-08-10,-2.73,0.29,0.028,-0.021
2022-08-11,-2.22,0.47,0.039,-0.032
2022-08-12,-1.76,0.47,0.031,-0.033
2022-08-13,-1.41,1.41,0.010,0.011
2022-08-14,-1.57,1.18,0.035,-0.028
2022-08-15,-1.95,0.17,0.023,-0.044
2022-08-16,-1.77,0.82,-0.038,0.015
2022-08-17,-1.96,1.09,-0.018,0.034
2022-08-18,-1.72,-0.30,-0.012,0.009
2022-08-19,-2.33,0.37,-0.020,0.011
2022-08-20,-2.78,0.49,-0.017,0.071
2022-08-21,-1.59,0.28,-0.009,0.023
2022-08-22,-2.17,0.62,0.028,-0.035
2022-08-23,-1.76,0.93,0.043,-0.049
2022-08-24,-2.10,1.26,0.031,-0.035
2022-08-25,-2.01,1.36,0.051,0.031
2022-08-26,-2.16,0.04,0.096,-0.015
2022-08-27,-1.26,0.79,0.122,-0.100
2022-08-28,-2.34,0.99,0.099,-0.070
2022-08-29,-2.11,1.59,0.122,-0.021
2022-08-30,-1.71,1.96,0.152,-0.074
2022-08-31,-2.33,1.46,0.133,-0.073
2022-09-01,-2.57,0.45,0.097,-0.064
2022-09-02,-2.07,0.22,0.073,-0.040
2022-09-03,-2.18,-0.04,0.042,-0.004
2022-09-04,-1.69,0.33,0.065,-0.016
2022-09-05,-1.75,-0.03,0.046,-0.027
2022-09-06,-1.48,-0.05,0.073,0.007
2022-09-07,-1.32,0.05,0.073,-0.007
2022-09-08,0.56,1.45,0.085,-0.045
2022-09-09,-1.23,1.97,0.060,-0.038
2022-09-10,-2.77,1.18,0.014,0.096
2022-09-11,-2.32,0.29,0.002,0.044
2022-09-12,-1.51,-0.05,0.056,-0.037
2022-09-13,-0.85,1.42,0.045,0.017
2022-09-14,-1.68,1.57,0.035,0.021
2022-09-15,-2.74,0.84,-0.025,0.074
2022-09-16,-2.02,-0.58,0.030,-0.012
2022-09-17,-2.25,0.28,0.004,0.014
2022-09-18,-1.28,-0.34,0.045,-0.032
2022-09-19,-0.13,-1.51,0.097,-0.067
2022-09-20,1.46,-0.45,0.085,-0.103
2022-09-21,1.72,-0.03,0.081,-0.111
2022-09-22,0.96,1.06,0.012,0.008
2022-09-23,1.20,-0.37,-0.060,0.028
2022-09-24,-2.19,-0.67,-0.123,0.089
2022-09-25,-2.42,2.11,-0.163,0.181
2022-09-26,-1.57,4.57,-0.015,0.099
2022-09-27,-1.11,3.40,0.225,-0.154
2022-09-28,-0.54,1.87,0.174,-0.172
2022-09-29,1.03,0.78,0.180,-0.212
2022-09-30,0.49,0.78,0.085,-0.108
2022-10-01,0.13,1.93,0.150,-0.088
2022-10-02,0.36,2.05,0.104,-0.109
2022-10-03,0.60,1.47,0.080,-0.130
2022-10-04,1.10,0.69,0.059,-0.078
2022-10-05,-1.87,0.23,0.002,-0.005
2022-10-06,-1.87,-0.36,-0.006,-0.004
2022-10-07,-2.27,-0.36,-0.053,0.085
2022-10-08,-4.23,0.37,-0.187,0.155
2022-10-09,-2.54,1.03,-0.216,0.129
2022-10-10,-2.07,0.92,-0.160,0.144
2022-10-11,-2.86,0.98,-0.102,0.073
2022-10-12,-2.56,0.59,-0.107,0.062
2022-10-13,-1.28,1.59,-0.142,0.126
2022-10-14,-0.69,2.00,-0.077,0.016
2022-10-15,-1.49,1.25,0.077,-0.050
2022-10-16,-1.34,-0.24,0.060,-0.056
2022-10-17,-0.73,1.01,0.018,-0.023
2022-10-18,-0.14,1.10,0.031,-0.063
2022-10-19,0.42,1.04,0.055,-0.088
2022-10-20,-0.93,1.03,0.012,-0.036
2022-10-21,-0.92,1.48,-0.009,0.021
2022-10-22,-1.08,1.08,-0.014,0.010
2022-10-23,-1.64,-0.26,-0.036,0.001
2022-10-24,-1.78,-0.19,-0.009,0.005
2022-10-25,-1.21,1.13,0.053,-0.006
2022-10-26,0.09,-1.36,0.080,-0.071
2022-10-27,-1.26,-0.51,0.086,-0.076
2022-10-28,-1.20,-1.59,0.078,-0.081
2022-10-29,-1.38,-1.12,0.062,-0.066
2022-10-30,-1.58,-0.48,0.072,-0.067
2022-10-31,-2.88,1.28,0.051,0.006
2022-11-01,-2.74,1.71,0.065,0.072
2022-11-02,-2.60,0.65,0.145,-0.147
2022-11-03,-2.74,-0.19,0.124,-0.118
2022-11-04,-1.81,-0.29,0.077,-0.073
2022-11-05,-0.22,-1.53,0.052,-0.115
2022-11-06,0.74,-0.91,0.131,-0.125
2022-11-07,1.29,0.81,0.158,-0.163
2022-11-08,1.12,-0.48,0.143,-0.121
2022-11-09,1.76,-0.06,0.180,-0.145
2022-11-10,0.15,2.19,0.158,-0.074
2022-11-11,-0.78,1.52,0.164,-0.070
2022-11-12,-1.74,0.63,0.150,-0.049
2022-11-13,-0.74,-0.85,0.149,-0.091
2022-11-14,-1.77,0.06,0.118,-0.042
2022-11-15,-2.54,0.31,0.091,-0.021
2022-11-16,-2.69,-0.28,0.078,-0.033
2022-11-17,-2.43,0.26,0.082,-0.043
2022-11-18,-2.15,0.54,0.045,-0.013
2022-11-19,-3.21,0.92,0.041,0.060
2022-11-20,-3.15,0.90,0.058,0.018
2022-11-21,-2.12,0.73,0.125,-0.064
2022-11-22,-2.18,-0.46,0.112,-0.109
2022-11-23,-1.94,0.70,0.102,-0.082
2022-11-24,-2.26,0.28,0.100,-0.053
2022-11-25,-1.81,0.62,0.114,-0.079
2022-11-26,-2.67,0.38,0.064,-0.042
2022-11-27,-2.48,0.53,0.057,-0.024
2022-11-28,-1.71,0.40,0.095,-0.051
2022-11-29,-2.17,0.70,0.085,-0.030
2022-11-30,-2.45,-0.04,0.068,0.024
2022-12-01,-3.25,-0.63,0.049,0.009
2022-12-02,-4.37,-0.93,-0.048,0.081
2022-12-03,-3.37,-0.18,-0.054,0.043
2022-12-04,-2.68,-1.31,-0.065,0.014
2022-12-05,-3.48,-2.35,-0.106,0.046
2022-12-06,-2.99,-0.80,-0.108,0.059
2022-12-07,-3.26,-1.59,-0.143,0.095
2022-12-08,-3.54,-1.15,-0.171,0.095
2022-12-09,-2.99,-0.80,-0.138,0.059
2022-12-10,-2.32,0.04,-0.089,0.032
2022-12-11,-2.03,0.32,-0.017,0.044
2022-12-12,-0.83,1.33,0.018,0.077
2022-12-13,-1.56,0.66,-0.006,0.080
2022-12-14,-2.45,1.59,-0.038,0.096
2022-12-15,-3.06,1.30,-0.068,0.115
2022-12-16,-2.88,1.22,-0.037,0.111
2022-12-17,-2.32,1.34,0.000,0.084
2022-12-18,-1.70,0.90,0.002,0.087
2022-12-19,-2.11,-0.61,-0.028,0.089
2022-12-20,-2.50,0.91,-0.050,0.090
2022-12-21,-1.72,0.73,-0.023,0.072
2022-12-22,-1.79,0.83,0.054,0.041
2022-12-23,-2.41,1.34,0.007,0.053
2022-12-24,-2.60,0.84,-0.030,0.041
2022-12-25,-2.40,0.87,0.017,0.013
2022-12-26,-2.84,1.51,0.034,-0.017
2022-12-27,-2.43,1.18,0.030,-0.005
2022-12-28,-2.56,0.59,0.075,-0.091
2022-12-29,-3.21,0.92,0.058,-0.066
2022-12-30,-2.25,0.95,0.069,-0.057
2022-12-31,-2.31,0.28,0.083,-0.081
2023-01-01,-1.62,-0.03,0.105,-0.099
2023-01-02,-2.15,0.26,0.055,-0.058
2023-01-03,-2.41,0.74,0.034,-0.038
2023-01-04,-3.16,0.56,0.046,-0.054
2023-01-05,-2.14,-0.15,0.020,-0.057
2023-01-06,-2.42,0.25,-0.017,-0.002
2023-01-07,-2.12,-0.04,-0.002,0.005
2023-01-08,-2.44,0.21,-0.002,0.021
2023-01-09,-1.67,0.71,0.029,0.005
2023-01-10,-0.71,-1.46,0.074,-0.069
2023-01-11,-1.69,-0.49,0.025,-0.054
2023-01-12,-2.59,-0.41,0.012,-0.005
2023-01-13,-1.13,0.41,0.057,-0.030
2023-01-14,3.06,-1.63,0.107,-0.107
2023-01-15,2.05,-3.28,0.047,-0.068
2023-01-16,-2.86,-0.56,-0.094,0.068
2023-01-17,-3.19,-0.17,-0.030,0.012
2023-01-18,-3.04,-0.21,-0.002,0.009
2023-01-19,-2.73,0.83,-0.039,0.056
2023-01-20,-2.04,0.78,-0.006,0.010
2023-01-21,-2.79,0.59,0.016,-0.026
2023-01-22,-3.64,1.40,0.015,-0.026
2023-01-23,-4.25,1.30,0.019,-0.000
2023-01-24,-3.61,0.25,0.034,-0.053
2023-01-25,-2.81,1.43,0.000,-0.017
2023-01-26,-3.45,1.12,0.035,-0.002
2023-01-27,-2.46,-0.30,0.084,-0.092
2023-01-28,-4.87,-0.77,-0.028,-0.046
2023-01-29,-4.53,-0.80,-0.079,0.056
2023-01-30,-3.84,-0.40,-0.030,0.005
2023-01-31,-3.19,0.17,-0.007,-0.057
2023-02-01,-4.63,-0.90,-0.086,-0.015
2023-02-02,-4.46,0.71,-0.119,0.048
2023-02-03,-2.24,0.31,-0.099,0.029
2023-02-04,-1.35,1.26,-0.078,0.028
2023-02-05,-2.46,1.15,-0.068,0.055
2023-02-06,-3.01,1.04,-0.010,-0.003
2023-02-07,-2.92,0.51,0.013,-0.058
2023-02-08,-3.20,-0.06,-0.036,0.006
2023-02-09,-3.00,0.32,-0.019,0.026
2023-02-10,-3.08,0.38,-0.007,0.003
2023-02-11,-3.35,1.22,-0.067,0.053
2023-02-12,-1.95,1.31,-0.073,0.034
2023-02-13,0.64,-1.21,-0.009,-0.022
2023-02-14,-1.95,0.60,-0.069,0.018
2023-02-15,-3.12,0.84,-0.121,0.062
2023-02-16,-3.29,0.58,-0.104,0.043
2023-02-17,-3.11,-0.05,-0.009,-0.018
2023-02-18,-3.06,-1.00,-0.003,-0.029
2023-02-19,-4.16,0.15,-0.047,0.030
2023-02-20,-2.81,-0.20,-0.046,0.026
2023-02-21,-2.06,0.67,0.015,0.011
2023-02-22,-2.95,1.37,0.003,0.027
2023-02-23,-3.41,0.36,-0.041,0.038
2023-02-24,-4.05,-0.64,-0.044,0.047
2023-02-25,-4.59,-0.56,-0.107,0.077
2023-02-26,-3.50,-1.07,-0.179,0.089
2023-02-27,-2.67,0.47,-0.181,0.106
2023-02-28,-2.31,1.03,-0.188,0.119
2023-03-01,-2.98,0.85,-0.179,0.137
2023-03-02,-2.88,1.28,-0.176,0.128
2023-03-03,-3.30,1.61,-0.119,0.109
2023-03-04,-3.04,1.61,-0.060,0.084
2023-03-05,-2.94,1.01,-0.014,0.049
2023-03-06,-1.72,0.03,-0.004,0.074
2023-03-07,-2.18,0.84,-0.008,0.046
2023-03-08,-1.91,-0.51,0.020,-0.032
2023-03-09,-1.33,-1.29,0.046,-0.083
2023-03-10,-3.21,-0.00,-0.029,-0.023
2023-03-11,-1.96,-0.17,0.015,-0.005
2023-03-12,0.22,-1.76,0.083,-0.064
2023-03-13,-1.33,2.22,0.079,0.002
2023-03-14,-1.16,2.10,0.088,0.011
2023-03-15,0.09,1.72,0.108,-0.027
2023-03-16,-2.39,-0.34,0.096,-0.069
2023-03-17,-3.61,0.77,-0.013,0.038
2023-03-18,-1.42,1.81,0.073,0.024
2023-03-19,-1.33,2.29,0.122,-0.052
2023-03-20,-0.85,1.60,0.104,-0.028
2023-03-21,-2.54,0.36,0.047,-0.005
2023-03-22,-2.72,-0.05,0.036,0.018
2023-03-23,-3.12,-0.78,0.037,0.018
2023-03-24,-2.86,0.25,0.009,0.023
2023-03-25,-2.90,0.56,-0.033,0.034
2023-03-26,-2.69,1.81,-0.049,0.070
2023-03-27,-3.76,1.22,-0.092,0.154
2023-03-28,-2.95,0.90,-0.026,0.128
2023-03-29,-2.27,0.65,0.054,0.042
2023-03-30,-2.36,0.77,0.065,-0.017
2023-03-31,-3.23,0.45,-0.041,-0.042
2023-04-01,-3.51,0.56,-0.062,0.105
2023-04-02,-2.57,0.94,-0.102,0.104
2023-04-03,-2.64,0.76,-0.068,0.121
2023-04-04,-2.87,0.61,-0.045,0.074
2023-04-05,-2.95,0.47,-0.042,0.092
2023-04-06,-4.19,-0.07,-0.102,0.070
2023-04-07,-3.44,-0.92,-0.075,0.054
2023-04-08,-1.38,0.89,-0.071,0.067
2023-04-09,-0.40,1.61,-0.085,0.088
2023-04-10,1.04,-0.20,-0.085,0.054
2023-04-11,-1.45,0.87,-0.056,0.052
2023-04-12,-1.31,1.02,-0.037,0.112
2023-04-13,-1.92,1.06,-0.016,0.068
2023-04-14,-2.15,0.62,-0.003,0.055
2023-04-15,-2.17,0.66,0.009,0.080
2023-04-16,-1.73,0.88,0.035,0.053
2023-04-17,1.34,0.91,0.068,-0.066
2023-04-18,1.36,0.17,0.052,-0.087
2023-04-19,-1.57,1.06,-0.007,0.041
2023-04-20,-2.21,0.55,-0.020,0.118
2023-04-21,0.52,1.82,-0.003,0.063
2023-04-22,1.33,-0.87,0.037,0.000
2023-04-23,1.82,-1.37,0.011,-0.041
2023-04-24,-1.58,1.42,-0.029,0.053
2023-04-25,-1.15,1.53,-0.050,0.110
2023-04-26,-1.77,0.06,-0.052,0.088
2023-04-27,-2.05,1.23,-0.085,0.119
2023-04-28,-2.18,1.21,-0.096,0.118
2023-04-29,-1.89,1.83,-0.067,0.112
2023-04-30,-0.58,3.64,-0.007,0.082
2023-05-01,-1.50,2.00,0.071,-0.031
2023-05-02,-1.95,1.31,0.039,0.017
2023-05-03,-2.43,0.74,0.004,0.090
2023-05-04,-2.35,1.30,0.053,0.019
2023-05-05,-2.70,0.57,0.061,-0.092
2023-05-06,-2.81,0.25,0.058,-0.044
2023-05-07,-2.31,0.62,0.044,0.029
2023-05-08,-1.76,0.50,0.040,-0.010
2023-05-09,-3.12,0.78,0.016,0.007
2023-05-10,-2.69,1.03,0.001,0.033
2023-05-11,-3.00,1.03,-0.064,0.065
2023-05-12,-3.02,0.70,-0.133,0.080
2023-05-13,-2.16,0.83,-0.173,0.121
2023-05-14,-1.29,1.16,-0.154,0.118
2023-05-15,-1.48,1.20,-0.092,0.109
2023-05-16,-1.64,0.98,-0.038,0.032
2023-05-17,-1.40,0.75,0.035,0.015
2023-05-18,-1.74,1.05,0.027,0.011
2023-05-19,-2.04,0.66,0.007,0.053
2023-05-20,-0.98,-0.98,0.021,-0.001
2023-05-21,0.84,-1.34,0.022,-0.003
2023-05-22,0.77,-1.34,0.005,-0.039
2023-05-23,0.50,1.45,-0.001,0.016
2023-05-24,1.05,1.26,0.015,0.015
2023-05-25,0.55,1.91,-0.051,0.055
2023-05-26,0.37,1.61,-0.086,0.059
2023-05-27,-0.42,2.63,-0.144,0.154
2023-05-28,-0.98,1.84,-0.147,0.099
2023-05-29,-1.01,1.39,-0.085,0.069
2023-05-30,-0.54,1.56,-0.007,-0.029
2023-05-31,-0.84,2.58,0.020,0.048
2023-06-01,-0.32,2.62,0.033,-0.024
2023-06-02,-0.11,2.18,0.039,-0.049
2023-06-03,0.22,1.76,0.085,-0.063
2023-06-04,0.74,2.04,0.124,-0.062
2023-06-05,0.49,2.50,0.113,-0.104
2023-06-06,-0.15,1.69,0.114,-0.110
2023-06-07,-1.39,2.14,0.125,-0.014
2023-06-08,-0.87,3.76,0.161,-0.093
2023-06-09,-1.29,4.50,0.194,-0.081
2023-06-10,-0.81,4.19,0.221,-0.147
2023-06-11,-1.42,2.92,0.233,-0.158
2023-06-12,-1.76,1.82,0.166,-0.054
2023-06-13,-3.38,1.03,0.149,-0.050
2023-06-14,-3.88,1.11,0.137,-0.071
2023-06-15,-3.10,1.51,0.111,0.023
2023-06-16,-3.95,1.13,0.086,0.021
2023-06-17,-3.75,0.87,0.101,-0.006
2023-06-18,-2.97,0.74,0.121,-0.069
2023-06-19,-3.07,1.06,0.107,-0.062
2023-06-20,-3.94,0.98,0.078,-0.058
2023-06-21,-4.36,0.93,0.053,0.007
2023-06-22,-3.75,1.07,0.071,-0.011
2023-06-23,-3.52,0.94,0.039,-0.034
2023-06-24,-2.53,-0.00,0.019,-0.038
2023-06-25,-2.73,0.73,-0.035,0.017
2023-06-26,-2.08,1.35,-0.023,0.077
2023-06-27,-1.63,1.18,0.038,-0.032
2023-06-28,-1.15,-0.80,0.049,-0.080
2023-06-29,-1.90,-0.37,-0.048,0.024
2023-06-30,-2.44,1.04,-0.041,0.101
2023-07-01,-3.07,1.24,-0.040,0.101
2023-07-02,-3.45,1.12,0.036,0.058
2023-07-03,-2.82,0.91,0.079,-0.039
2023-07-04,-2.39,0.42,0.060,0.012
2023-07-05,-3.07,1.12,0.026,0.071
2023-07-06,-4.52,1.21,-0.020,0.130
2023-07-07,-4.08,1.25,0.045,-0.001
2023-07-08,-3.58,0.63,0.065,0.000
2023-07-09,-2.98,0.91,0.031,0.019
2023-07-10,-4.09,1.02,-0.008,0.078
2023-07-11,-3.33,0.12,-0.029,0.051
2023-07-12,-2.52,-0.18,-0.020,0.043
2023-07-13,-3.62,-0.13,-0.080,0.099
2023-07-14,-3.75,1.15,-0.046,0.106
2023-07-15,-3.70,0.52,-0.002,0.072
2023-07-16,-2.37,0.33,0.029,-0.010
2023-07-17,-2.74,0.84,0.009,0.049
2023-07-18,-2.85,0.66,-0.017,0.068
2023-07-19,-4.66,0.91,-0.031,0.103
2023-07-20,-4.88,1.59,-0.000,0.067
2023-07-21,-4.19,0.89,0.005,0.041
2023-07-22,-3.74,0.86,0.023,0.026
2023-07-23,-3.44,0.79,-0.007,0.031
2023-07-24,-3.14,0.61,-0.014,0.072
2023-07-25,-2.66,0.14,-0.033,0.043
2023-07-26,-2.26,-1.05,-0.017,0.013
2023-07-27,-3.06,1.05,-0.026,0.042
2023-07-28,-4.53,0.88,-0.006,0.049
2023-07-29,-3.87,0.89,0.011,0.024
2023-07-30,-3.32,1.08,0.042,-0.028
2023-07-31,-2.92,0.84,0.041,0.002
2023-08-01,-2.26,1.00,0.056,-0.015
2023-08-02,-2.11,1.43,0.078,-0.013
2023-08-03,-1.95,0.75,0.082,-0.035
2023-08-04,-1.85,-0.10,0.068,0.000
2023-08-05,-2.34,0.94,0.078,-0.012
2023-08-06,-3.59,0.70,0.063,0.007
2023-08-07,-2.53,0.58,0.019,-0.028
2023-08-08,-2.71,0.38,-0.038,0.031
2023-08-09,-2.09,0.04,-0.064,0.060
2023-08-10,-1.59,0.17,-0.093,0.093
2023-08-11,-1.75,1.14,-0.099,0.117
2023-08-12,-3.67,1.19,-0.070,0.112
2023-08-13,-2.65,0.61,-0.017,0.015
2023-08-14,-3.42,1.38,0.063,-0.007
2023-08-15,-3.26,0.57,0.030,0.062
2023-08-16,-2.17,0.11,0.069,-0.028
2023-08-17,-2.09,-0.64,0.066,-0.069
2023-08-18,-1.60,0.03,0.084,-0.079
2023-08-19,-2.13,0.95,0.046,-0.073
2023-08-20,-2.18,-0.31,0.030,-0.067
2023-08-21,-3.39,-0.66,-0.080,0.020
2023-08-22,-3.52,-0.31,-0.140,0.057
2023-08-23,-1.44,-0.61,-0.176,0.074
2023-08-24,0.04,1.22,-0.201,0.065
2023-08-25,0.85,0.97,-0.168,0.040
2023-08-26,1.82,-0.73,-0.136,0.047
2023-08-27,0.23,0.94,-0.199,0.099
2023-08-28,-0.62,2.31,-0.218,0.152
2023-08-29,-1.34,2.75,-0.193,0.148
2023-08-30,-1.70,1.82,-0.118,0.094
2023-08-31,-3.63,1.46,-0.041,0.067
2023-09-01,-3.74,0.73,-0.082,0.080
2023-09-02,-1.88,-0.13,-0.033,0.032
2023-09-03,-1.36,0.76,-0.015,0.080
2023-09-04,-1.52,0.95,-0.073,0.089
2023-09-05,-1.40,1.13,-0.078,0.094
2023-09-06,-1.28,1.15,-0.028,0.060
2023-09-07,-1.56,0.60,0.026,0.012
2023-09-08,-1.53,0.78,0.028,0.021
2023-09-09,-2.43,1.18,-0.019,0.058
2023-09-10,-1.78,0.16,-0.014,0.028
2023-09-11,-2.11,0.30,0.011,0.001
2023-09-12,-1.15,-1.28,0.030,-0.016
2023-09-13,-0.05,-1.55,0.036,-0.039
2023-09-14,-1.29,0.91,0.031,-0.027
2023-09-15,-1.64,0.60,0.036,-0.064
2023-09-16,-1.95,0.87,-0.002,-0.019
2023-09-17,-1.58,0.31,-0.035,-0.012
2023-09-18,-1.10,0.31,-0.002,-0.050
2023-09-19,-1.95,1.13,-0.017,-0.012
2023-09-20,-2.22,0.94,-0.016,0.002
2023-09-21,-1.90,-0.30,0.002,-0.051
2023-09-22,-1.48,-0.03,0.043,-0.053
2023-09-23,-0.75,2.05,0.077,-0.038
2023-09-24,-1.53,1.47,0.087,-0.028
2023-09-25,-3.16,1.21,0.073,-0.007
2023-09-26,-2.61,0.75,0.096,-0.082
2023-09-27,-1.54,0.69,0.135,-0.119
2023-09-28,-2.12,-0.26,0.179,-0.126
2023-09-29,-1.50,1.09,0.166,-0.096
2023-09-30,-1.88,0.58,0.212,-0.147
2023-10-01,-0.87,-0.84,0.252,-0.201
2023-10-02,0.80,-0.65,0.237,-0.196
2023-10-03,-1.32,0.96,0.169,-0.116
2023-10-04,-0.48,1.32,0.166,-0.092
2023-10-05,0.36,1.33,0.195,-0.115
2023-10-06,0.02,1.08,0.181,-0.127
2023-10-07,1.00,0.36,0.161,-0.131
2023-10-08,-0.96,1.28,0.129,-0.087
2023-10-09,-1.11,2.00,0.124,-0.054
2023-10-10,-0.79,2.05,0.169,-0.128
2023-10-11,-1.31,2.01,0.219,-0.149
2023-10-12,-1.19,2.05,0.193,-0.099
2023-10-13,-1.78,1.60,0.187,-0.141
2023-10-14,-1.14,1.31,0.120,-0.121
2023-10-15,-0.29,1.27,0.074,-0.086
2023-10-16,1.10,0.25,0.038,-0.076
2023-10-17,0.40,1.32,0.086,-0.089
2023-10-18,-1.44,0.87,0.099,-0.087
2023-10-19,-2.11,0.30,0.115,-0.107
2023-10-20,-0.02,1.23,0.163,-0.130
2023-10-21,1.03,-0.24,0.206,-0.189
2023-10-22,-1.83,0.29,0.133,-0.108
2023-10-23,-2.12,-0.19,0.092,-0.062
2023-10-24,-2.01,-0.18,0.068,-0.024
2023-10-25,-2.79,-0.20,0.072,-0.055
2023-10-26,-3.68,-0.19,0.066,-0.022
2023-10-27,-3.45,0.24,0.034,0.033
2023-10-28,-2.75,-0.14,0.049,-0.070
2023-10-29,-1.67,0.74,0.082,-0.042
2023-10-30,-0.00,1.02,0.104,-0.058
2023-10-31,0.99,0.25,0.107,-0.093
2023-11-01,-0.69,-1.30,0.094,-0.104
2023-11-02,-3.10,0.22,-0.005,-0.000
2023-11-03,-3.75,1.22,-0.036,0.071
2023-11-04,-3.92,1.35,-0.062,0.072
2023-11-05,-2.66,1.08,-0.044,-0.012
2023-11-06,-0.11,-1.52,0.022,-0.005
2023-11-07,-1.79,-0.41,-0.030,0.058
2023-11-08,-1.91,-0.37,-0.029,0.035
2023-11-09,-2.78,0.34,-0.006,0.032
2023-11-10,-4.24,1.14,0.005,-0.000
2023-11-11,-3.35,0.12,0.052,-0.045
2023-11-12,-2.84,0.25,0.055,-0.054
2023-11-13,-3.15,0.73,0.072,-0.068
2023-11-14,-3.47,1.06,0.055,-0.036
2023-11-15,-3.56,1.37,0.037,0.000
2023-11-16,-1.48,1.90,0.098,-0.025
2023-11-17,-0.39,2.19,0.179,-0.131
2023-11-18,2.05,0.22,0.193,-0.155
2023-11-19,2.72,-0.38,0.104,-0.151
2023-11-20,0.04,-2.06,-0.040,-0.078
2023-11-21,-2.84,0.35,-0.103,0.055
2023-11-22,-2.58,-0.09,-0.051,0.023
2023-11-23,-1.62,0.86,-0.020,-0.055
2023-11-24,-2.01,0.85,-0.026,0.014
2023-11-25,-1.91,0.85,-0.023,0.017
2023-11-26,-2.00,1.07,0.030,-0.022
2023-11-27,-2.00,0.50,0.058,-0.067
2023-11-28,-2.22,0.19,0.082,-0.049
2023-11-29,-2.01,1.07,0.060,0.000
2023-11-30,-2.03,0.66,0.068,-0.044
2023-12-01,-2.71,1.15,0.075,-0.043
2023-12-02,-3.16,1.21,0.064,-0.020
2023-12-03,-2.77,0.64,0.057,-0.040
2023-12-04,-2.67,0.52,0.082,-0.052
2023-12-05,-2.30,1.49,0.091,-0.036
2023-12-06,-2.17,0.58,0.066,-0.016
2023-12-07,-2.77,-0.69,0.061,-0.051
2023-12-08,-3.68,0.65,-0.040,0.061
2023-12-09,-3.08,-0.05,-0.007,0.017
2023-12-10,-3.35,1.09,0.073,-0.053
2023-12-11,-3.19,0.98,0.083,-0.065
2023-12-12,-2.79,0.39,0.065,-0.083
2023-12-13,-2.90,0.25,0.030,-0.020
2023-12-14,-3.20,-0.22,0.034,-0.053
2023-12-15,-3.77,0.40,0.058,-0.068
2023-12-16,-2.38,1.73,0.087,-0.080
2023-12-17,0.29,2.78,0.184,-0.142
2023-12-18,2.24,-1.40,0.232,-0.212
2023-12-19,2.65,-3.27,0.121,-0.152
2023-12-20,-3.13,-2.54,-0.053,0.011
2023-12-21,-3.84,-2.13,-0.094,0.058
2023-12-22,-3.80,-0.47,-0.052,0.040
2023-12-23,-2.25,0.28,0.021,-0.060
2023-12-24,-2.87,0.30,0.020,-0.062
2023-12-25,-2.75,1.00,-0.072,0.051
2023-12-26,-1.12,1.12,-0.063,0.039
2023-12-27,-0.72,1.19,0.048,-0.022
2023-12-28,0.45,1.07,0.058,-0.015
2023-12-29,1.12,-0.06,0.033,-0.055
2023-12-30,-1.95,-0.07,0.000,-0.011
2023-12-31,-3.64,-1.86,-0.090,0.040
2024-01-01,-3.81,-0.81,-0.105,0.054
2024-01-02,-1.74,-0.89,-0.016,-0.023
2024-01-03,-3.73,-0.20,-0.007,-0.011
2024-01-04,-1.61,1.50,-0.070,0.068
2024-01-05,-2.12,0.57,-0.031,0.024
2024-01-06,-2.44,1.64,-0.053,0.055
2024-01-07,-2.82,1.14,-0.052,0.020
2024-01-08,-3.48,-0.30,-0.035,-0.011
2024-01-09,-3.07,1.57,-0.053,0.056
2024-01-10,-1.91,1.34,0.038,-0.029
2024-01-11,-2.68,1.55,0.086,-0.075
2024-01-12,-1.92,1.79,0.035,-0.008
2024-01-13,-1.37,1.52,-0.016,0.034
2024-01-14,-2.79,1.07,-0.033,0.040
2024-01-15,-3.27,1.06,-0.070,0.071
2024-01-16,-3.84,1.63,-0.109,0.096
2024-01-17,-3.91,0.83,-0.099,0.084
2024-01-18,-2.62,0.75,-0.057,0.044
2024-01-19,-2.64,1.07,-0.063,0.069
2024-01-20,-2.46,0.71,-0.039,0.036
2024-01-21,-2.88,0.10,-0.010,0.082
2024-01-22,-4.93,0.34,-0.098,0.105
2024-01-23,-4.28,1.23,-0.144,0.159
2024-01-24,-4.18,0.97,-0.069,0.074
2024-01-25,-4.38,0.77,0.035,-0.016
2024-01-26,-2.89,0.88,-0.031,0.036
2024-01-27,-2.82,1.08,-0.073,0.071
2024-01-28,-2.22,1.13,-0.173,0.119
2024-01-29,1.71,-0.62,-0.233,0.129
2024-01-30,2.25,-1.58,-0.251,0.099
2024-01-31,1.93,-0.66,-0.287,0.103
2024-02-01,2.18,-1.96,-0.226,0.052
2024-02-02,-1.64,0.73,-0.157,0.074
2024-02-03,0.67,1.75,-0.095,0.037
2024-02-04,1.23,2.41,-0.013,0.004
2024-02-05,1.59,2.98,-0.002,0.011
2024-02-06,5.36,-0.56,0.042,-0.078
2024-02-07,4.21,-3.53,-0.116,0.009
2024-02-08,-2.63,-3.76,-0.394,0.162
2024-02-09,-4.91,-1.22,-0.404,0.210
2024-02-10,-4.11,0.07,-0.255,0.103
2024-02-11,-3.33,1.15,-0.088,0.017
2024-02-12,-2.30,2.07,-0.118,0.062
2024-02-13,-1.39,1.17,-0.140,0.046
2024-02-14,-2.63,0.37,-0.163,0.069
2024-02-15,-2.80,0.24,-0.198,0.122
2024-02-16,-3.35,0.53,-0.247,0.151
2024-02-17,-2.86,1.39,-0.224,0.131
2024-02-18,-1.62,2.32,-0.142,0.096
2024-02-19,2.34,0.00,-0.015,-0.027
2024-02-20,2.51,-1.57,0.014,-0.064
2024-02-21,0.82,-2.70,-0.065,0.004
2024-02-22,-2.06,-2.06,-0.152,0.077
2024-02-23,-2.09,0.98,-0.156,0.090
2024-02-24,2.08,0.04,-0.010,-0.018
2024-02-25,0.50,-2.18,0.048,-0.099
2024-02-26,-2.76,0.10,-0.046,0.015
2024-02-27,-2.87,0.10,-0.078,0.072
2024-02-28,-3.27,-0.11,-0.059,0.051
2024-02-29,-2.73,0.24,0.022,-0.012
2024-03-01,-3.27,0.23,0.004,0.014
2024-03-02,-3.04,1.29,-0.021,0.028
2024-03-03,-2.43,1.24,-0.012,0.022
2024-03-04,-2.63,1.28,0.011,0.022
2024-03-05,-2.24,1.09,0.015,-0.000
2024-03-06,-1.81,1.57,0.001,0.007
2024-03-07,-2.05,1.49,0.033,-0.037
2024-03-08,-3.07,1.30,0.021,-0.017
2024-03-09,-2.80,1.62,-0.022,0.053
2024-03-10,-2.28,0.87,0.022,0.037
2024-03-11,-1.43,-0.96,0.060,-0.022
2024-03-12,-3.15,-0.00,-0.056,0.004
2024-03-13,-2.50,0.58,-0.050,0.073
2024-03-14,-3.03,0.75,-0.098,0.072
2024-03-15,-3.41,0.54,-0.083,0.072
2024-03-16,-3.24,1.18,-0.034,0.032
2024-03-17,-2.95,1.19,0.036,-0.020
2024-03-18,-2.65,1.53,0.045,-0.020
2024-03-19,-2.24,1.30,0.082,-0.025
2024-03-20,-2.04,-0.07,0.089,-0.110
2024-03-21,-2.93,0.57,0.052,-0.049
2024-03-22,-3.55,1.22,0.025,0.036
2024-03-23,-1.08,4.67,0.087,0.031
2024-03-24,0.76,2.20,0.176,-0.108
2024-03-25,-1.29,-0.94,0.118,-0.174
2024-03-26,-2.65,1.23,0.020,-0.022
2024-03-27,-2.40,0.78,-0.009,-0.037
2024-03-28,-1.75,-0.40,0.030,-0.070
2024-03-29,1.41,-2.10,0.020,-0.116
2024-03-30,-3.46,-0.49,-0.119,0.040
2024-03-31,-3.92,0.27,-0.128,0.106
2024-04-01,-3.19,0.45,-0.058,0.045
2024-04-02,-2.46,1.15,0.048,-0.003
2024-04-03,-1.26,2.47,0.000,0.042
2024-04-04,-0.80,2.63,-0.003,0.014
2024-04-05,-1.54,1.60,0.039,-0.042
2024-04-06,-1.64,0.29,0.059,-0.058
2024-04-07,-2.14,0.07,0.046,-0.042
2024-04-08,-3.37,-0.12,0.031,0.024
2024-04-09,-4.67,0.08,-0.037,0.085
2024-04-10,-3.57,0.82,-0.004,0.075
2024-04-11,-3.51,1.49,0.046,0.014
2024-04-12,-2.78,0.64,0.091,-0.028
2024-04-13,-2.28,-1.43,0.066,-0.067
2024-04-14,-3.26,-0.87,0.017,-0.050
2024-04-15,-2.77,-0.34,0.009,0.005
2024-04-16,-3.08,-0.77,0.011,-0.054
2024-04-17,-3.80,-0.47,-0.002,-0.014
2024-04-18,-3.46,0.18,-0.013,0.069
2024-04-19,-3.36,0.29,-0.008,0.040
2024-04-20,-3.45,-0.18,0.026,-0.015
2024-04-21,-2.22,0.94,0.028,0.004
2024-04-22,-0.91,1.29,0.047,-0.027
2024-04-23,-0.52,-1.44,,
2024-04-24,-3.17,-0.06,-0.109,0.080
2024-04-25,-2.72,-0.63,-0.128,0.084
2024-04-26,-3.06,-0.48,-0.166,0.100
2024-04-27,-3.63,-0.19,-0.124,0.083
2024-04-28,-4.44,-0.15,-0.150,0.118
2024-04-29,-2.32,0.94,-0.146,0.070
2024-04-30,-1.68,1.46,-0.091,0.044
2024-05-01,-1.71,1.02,-0.007,-0.029
2024-05-02,-1.64,0.35,-0.038,0.033
2024-05-03,-2.18,0.46,-0.075,0.019
2024-05-04,-2.10,0.49,-0.137,0.102
2024-05-05,-2.41,1.17,-0.137,0.096
2024-05-06,-2.23,0.77,-0.044,0.099
2024-05-07,-1.79,1.21,0.027,0.069
2024-05-08,-1.77,0.09,0.025,-0.022
2024-05-09,-1.39,1.17,0.040,-0.009
2024-05-10,-1.59,1.07,0.053,-0.007
2024-05-11,-1.17,1.22,0.097,-0.030
2024-05-12,-1.91,0.93,0.045,-0.058
2024-05-13,-3.26,1.25,-0.023,0.081
2024-05-14,-4.07,1.09,-0.038,0.137
2024-05-15,-2.89,1.35,0.055,0.068
2024-05-16,-1.53,1.96,0.134,-0.067
2024-05-17,-2.07,1.80,0.111,-0.054
2024-05-18,-2.68,1.08,0.075,-0.010
2024-05-19,-2.69,1.14,0.100,-0.070
2024-05-20,-2.62,1.45,0.119,-0.121
2024-05-21,-1.81,1.68,0.104,-0.050
2024-05-22,-3.67,0.39,0.049,-0.016
2024-05-23,-2.09,0.41,0.054,0.028
2024-05-24,0.64,1.59,0.081,-0.111
2024-05-25,-0.95,1.31,0.054,-0.045
2024-05-26,-2.10,0.94,0.014,0.068
2024-05-27,-2.38,0.91,0.046,0.050
2024-05-28,-2.60,1.00,0.067,0.003
2024-05-29,-2.69,0.98,0.089,-0.018
2024-05-30,-2.51,0.96,0.036,-0.045
2024-05-31,-2.66,0.71,-0.005,-0.029
2024-06-01,-2.96,0.74,-0.020,0.016
2024-06-02,-2.95,0.90,-0.092,0.055
2024-06-03,-2.16,1.45,-0.123,0.086
2024-06-04,-1.89,1.38,-0.128,0.113
2024-06-05,-1.28,1.47,,
2024-06-06,-0.93,1.98,,
2024-06-07,-1.27,1.89,,
2024-06-08,-1.45,1.21,,
2024-06-09,-2.16,1.88,0.183,-0.145
2024-06-10,-2.08,1.81,0.168,-0.135
2024-06-11,-2.38,2.22,0.108,-0.045
2024-06-12,-2.93,1.83,0.078,-0.020
2024-06-13,-2.04,1.54,0.087,-0.036
2024-06-14,-1.58,1.70,0.084,-0.071
2024-06-15,-3.43,1.53,0.030,-0.002
2024-06-16,-3.64,1.47,-0.043,0.072
2024-06-17,-1.98,1.66,-0.013,0.032
2024-06-18,-1.80,1.35,0.062,-0.100
2024-06-19,-1.45,0.84,0.063,-0.048
2024-06-20,-3.42,1.67,-0.039,0.080
2024-06-21,-3.97,1.06,-0.055,0.056
2024-06-22,-2.76,0.84,-0.075,0.031
2024-06-23,-2.07,0.88,-0.082,0.064
2024-06-24,-1.84,0.94,-0.076,0.043
2024-06-25,-2.85,1.27,-0.178,0.139
2024-06-26,-2.69,0.72,-0.014,0.024
2024-06-27,-2.38,2.74,-0.071,0.117
2024-06-28,-2.60,1.44,-0.014,0.010
2024-06-29,-2.90,0.67,0.065,-0.029
2024-06-30,-2.67,0.57,0.028,0.000
2024-07-01,-3.38,1.17,0.030,0.024
2024-07-02,-3.61,-0.51,0.053,-0.041
2024-07-03,-5.64,-0.89,-0.002,-0.008
2024-07-04,-4.03,2.23,-0.086,0.184
2024-07-05,-3.20,1.10,0.003,-0.027
2024-07-06,-1.33,2.50,0.118,-0.081
2024-07-07,-2.76,1.73,0.094,-0.007
2024-07-08,-3.77,1.15,-0.055,0.098
2024-07-09,-3.14,0.72,0.032,-0.016
2024-07-10,-3.52,0.56,0.031,-0.036
2024-07-11,-2.07,0.36,0.087,-0.015
2024-07-12,-2.46,0.61,0.108,-0.041
2024-07-13,-2.85,0.15,0.101,-0.040
2024-07-14,-2.63,0.91,0.091,-0.033
2024-07-15,-3.10,-0.05,0.079,-0.030
2024-07-16,-2.26,0.16,0.094,-0.021
2024-07-17,-3.12,1.39,0.039,0.031
2024-07-18,-3.57,1.02,0.028,0.027
2024-07-19,-3.02,0.75,0.017,0.028
2024-07-20,-2.35,1.00,0.049,0.001
2024-07-21,-2.99,1.46,0.066,0.028
2024-07-22,-3.88,0.14,0.077,-0.043
2024-07-23,-3.47,0.93,0.094,-0.035
2024-07-24,-3.47,0.93,0.070,-0.039
2024-07-25,-3.77,1.01,0.054,-0.012
2024-07-26,-3.63,0.90,0.057,-0.002
2024-07-27,-4.15,0.88,0.049,0.000
2024-07-28,-3.52,0.94,0.013,0.033
2024-07-29,-2.52,0.63,0.030,0.017
2024-07-30,-3.29,0.70,0.023,0.023
2024-07-31,-3.71,0.72,0.033,0.047
2024-08-01,-2.09,-0.11,0.023,0.027
2024-08-02,-0.49,1.71,0.062,0.039
2024-08-03,-1.70,2.72,0.034,0.034
2024-08-04,-2.31,1.56,0.020,0.066
2024-08-05,-3.14,0.50,0.005,0.057
2024-08-06,-1.65,-0.23,0.046,0.010
2024-08-07,-1.38,1.12,0.043,-0.023
2024-08-08,-1.22,1.88,0.086,0.025
2024-08-09,-3.33,0.53,0.043,0.034
2024-08-10,-2.53,-0.58,0.030,-0.019
2024-08-11,-2.08,-0.22,0.015,0.026
2024-08-12,-2.95,1.19,0.015,0.048
2024-08-13,-3.04,0.21,0.050,0.017
2024-08-14,-2.09,-1.07,0.037,-0.083
2024-08-15,-2.29,0.97,0.020,-0.015
2024-08-16,-1.72,0.73,0.013,0.028
2024-08-17,-1.62,1.05,0.055,-0.027
2024-08-18,-2.12,0.37,0.037,-0.057
2024-08-19,-2.74,1.22,-0.033,0.043
2024-08-20,-3.59,0.90,0.012,0.037
2024-08-21,-3.17,-0.11,0.040,-0.023
2024-08-22,-2.35,-0.29,0.031,0.021
2024-08-23,-2.23,1.34,0.020,0.067
2024-08-24,-2.69,0.47,0.050,0.037
2024-08-25,-1.79,1.04,0.069,0.011
2024-08-26,-1.38,0.97,0.044,-0.000
2024-08-27,-1.58,1.52,0.052,0.000
2024-08-28,-2.42,0.43,0.030,0.034
2024-08-29,-2.35,0.12,0.040,-0.029
2024-08-30,-2.29,1.17,0.034,0.054
2024-08-31,-1.95,1.31,0.027,0.026
2024-09-01,-1.98,1.24,0.025,0.055
2024-09-02,-2.01,1.03,0.046,-0.005
2024-09-03,-2.64,0.42,0.058,0.029
2024-09-04,-4.41,1.60,-0.018,0.070
2024-09-05,-3.69,1.20,-0.012,0.103
2024-09-06,-2.55,0.68,0.034,-0.027
2024-09-07,-1.54,1.08,0.059,-0.091
2024-09-08,-2.41,0.97,0.011,0.023
2024-09-09,-2.22,0.60,-0.029,0.031
2024-09-10,-1.40,-0.22,-0.061,0.035
2024-09-11,-1.71,-0.18,0.069,-0.009
2024-09-12,-0.98,1.39,0.075,0.014
2024-09-13,-1.08,1.08,0.106,-0.014
2024-09-14,-1.45,0.62,0.101,-0.056
2024-09-15,-1.73,1.21,0.098,-0.021
2024-09-16,-2.78,0.90,0.054,-0.011
2024-09-17,-2.18,1.26,0.085,0.018
2024-09-18,-2.51,0.86,0.126,-0.036
2024-09-19,-2.18,0.83,0.106,-0.037
2024-09-20,-1.82,1.09,0.091,-0.025
2024-09-21,-1.63,1.47,0.082,0.005
2024-09-22,-0.31,1.98,0.099,-0.023
2024-09-23,-0.93,2.55,0.075,-0.021
2024-09-24,-1.60,2.46,0.059,0.019
2024-09-25,-0.98,3.43,0.030,0.004
2024-09-26,-0.94,3.50,0.053,-0.027
2024-09-27,-0.98,2.20,0.013,-0.006
2024-09-28,-2.08,0.68,-0.062,0.071
2024-09-29,-1.82,1.88,-0.149,0.150
2024-09-30,-1.36,1.87,-0.127,0.110
2024-10-01,-1.41,1.46,-0.062,0.059
2024-10-02,-0.83,1.55,0.007,0.031
2024-10-03,-1.08,1.54,-0.098,0.083
2024-10-04,-1.21,-1.02,-0.097,0.044
2024-10-05,-1.61,0.46,-0.099,0.089
2024-10-06,-1.29,0.66,-0.271,0.194
2024-10-07,0.32,1.05,-0.387,0.161
2024-10-08,0.53,1.39,-0.213,0.153
2024-10-09,0.45,2.53,-0.110,0.069
2024-10-10,0.83,1.70,-0.096,0.052
2024-10-11,-1.10,-0.86,-0.131,0.047
2024-10-12,-2.27,0.69,-0.130,0.118
2024-10-13,-2.25,0.56,-0.166,0.153
2024-10-14,-2.67,0.67,-0.114,0.109
2024-10-15,-1.97,0.45,-0.073,0.075
2024-10-16,-1.04,2.33,-0.084,0.097
2024-10-17,-1.06,2.08,-0.080,0.062
2024-10-18,-3.24,0.81,0.001,0.028
2024-10-19,-2.86,0.40,-0.017,0.067
2024-10-20,-1.28,-1.00,0.019,-0.003
2024-10-21,2.14,0.11,0.136,-0.091
2024-10-22,1.31,0.09,0.054,-0.081
2024-10-23,-0.85,0.62,0.071,-0.087
2024-10-24,-1.85,-0.19,-0.040,0.006
2024-10-25,-3.22,0.17,-0.098,0.063
2024-10-26,-2.94,-0.41,-0.057,0.056
2024-10-27,-3.14,-0.33,-0.055,0.066
2024-10-28,-2.97,-0.36,-0.056,0.058
2024-10-29,-2.82,-0.10,-0.076,0.081
2024-10-30,-2.88,0.20,-0.046,0.049
2024-10-31,-3.76,-0.66,-0.053,0.032
2024-11-01,-2.91,0.41,-0.015,0.029
2024-11-02,-3.39,-0.06,0.023,-0.014
2024-11-03,-3.09,-0.22,0.032,-0.034
2024-11-04,-2.87,0.30,0.023,-0.012
2024-11-05,-3.50,3.26,0.062,0.021
2024-11-06,-2.52,3.88,0.221,-0.191
2024-11-07,-1.57,1.47,0.306,-0.238
2024-11-08,-2.10,0.37,0.168,-0.153
2024-11-09,-1.52,-0.08,0.138,-0.092
2024-11-10,-1.46,1.31,0.111,-0.089
2024-11-11,-0.32,1.04,0.118,-0.068
2024-11-12,0.50,0.94,0.053,-0.046
2024-11-13,-2.01,0.81,0.132,-0.116
2024-11-14,-2.54,1.59,-0.004,0.059
2024-11-15,-1.27,1.46,0.063,-0.062
2024-11-16,-1.35,1.02,0.162,-0.141
2024-11-17,-2.96,0.26,0.089,-0.091
2024-11-18,-3.47,-0.68,-0.015,0.021
2024-11-19,-2.63,0.46,-0.012,-0.014
2024-11-20,-1.56,-0.27,0.165,-0.142
2024-11-21,-0.07,-1.01,0.193,-0.160
2024-11-22,-1.17,-0.47,0.127,-0.105
2024-11-23,-1.00,-1.20,-0.105,0.031
2024-11-24,-2.78,0.29,-0.031,0.041
2024-11-25,-2.23,1.29,-0.064,0.070
2024-11-26,-2.81,0.70,-0.032,0.028
2024-11-27,-1.35,0.12,-0.062,0.022
2024-11-28,-2.30,1.38,-0.042,0.056
2024-11-29,-1.67,1.73,-0.009,0.010
2024-11-30,-1.55,0.93,0.088,-0.075
2024-12-01,-2.37,0.42,0.057,-0.046
2024-12-02,-1.58,-0.48,-0.030,0.022
2024-12-03,-2.75,-2.23,-0.110,0.070
2024-12-04,-3.87,-3.13,-0.062,0.002
2024-12-05,-4.24,-2.16,-0.174,0.108
2024-12-06,-2.69,-0.77,-0.147,0.057
2024-12-07,-2.49,-0.62,-0.060,0.002
2024-12-08,-3.86,-1.48,-0.115,0.044
2024-12-09,-4.57,-0.72,-0.255,0.141
2024-12-10,-3.52,0.12,-0.266,0.154
2024-12-11,-2.49,-0.26,-0.063,0.028
2024-12-12,-2.12,-1.32,0.048,-0.073
2024-12-13,-4.09,-1.82,-0.074,0.033
2024-12-14,-4.06,-3.41,-0.263,0.120
2024-12-15,-2.02,-1.95,-0.332,0.071
2024-12-16,-1.61,0.49,-0.221,0.091
2024-12-17,-2.20,0.98,-0.118,0.053
2024-12-18,-2.10,0.30,-0.078,0.031
2024-12-19,-1.50,-0.13,-0.088,0.040
2024-12-20,1.36,-0.95,-0.041,0.049
2024-12-21,-2.28,-0.74,-0.123,0.089
2024-12-22,-2.71,-1.57,-0.230,0.168
2024-12-23,-3.30,-0.17,-0.244,0.171
2024-12-24,-2.40,0.17,-0.211,0.176
2024-12-25,-2.12,0.53,-0.034,0.058
2024-12-26,-2.17,0.62,-0.015,0.061
2024-12-27,-3.42,0.54,-0.072,0.099
2024-12-28,-3.05,0.59,-0.100,0.092
2024-12-29,-2.88,0.83,-0.105,0.120
2024-12-30,-2.12,0.99,-0.081,0.082
2024-12-31,-2.20,0.08,-0.055,0.081
2025-01-01,-1.89,-0.27,0.032,-0.127
2025-01-02,-3.42,-0.00,-0.079,-0.013
2025-01-03,-3.12,-0.16,-0.077,0.012
2025-01-04,-3.40,-0.91,-0.046,-0.034
2025-01-05,-5.27,-2.13,-0.116,0.041
2025-01-06,-3.57,0.56,-0.140,0.085
2025-01-07,1.22,-1.06,0.045,-0.102
2025-01-08,-1.16,-2.09,0.127,-0.165
2025-01-09,-0.14,-1.64,0.044,-0.110
2025-01-10,-2.76,0.24,-0.068,0.005
2025-01-11,-2.21,1.13,-0.018,-0.042
2025-01-12,-1.93,1.12,0.044,-0.049
2025-01-13,-3.50,0.12,0.020,-0.017
2025-01-14,-2.47,-0.48,0.004,-0.018
2025-01-15,-3.00,-0.97,-0.060,0.038
2025-01-16,-3.24,-0.81,-0.055,0.026
2025-01-17,-3.09,0.43,-0.041,0.046
2025-01-18,-2.54,1.18,0.035,-0.024
2025-01-19,-3.47,1.55,0.005,-0.000
2025-01-20,-3.29,1.26,0.019,-0.036
2025-01-21,-2.71,1.09,0.034,-0.085
2025-01-22,-2.86,1.22,-0.017,-0.107
2025-01-23,-3.36,0.72,-0.013,-0.128
2025-01-24,-1.71,0.80,-0.036,-0.138
2025-01-25,-2.79,-1.95,-0.077,-0.119
2025-01-26,-3.95,-0.84,-0.118,0.026
2025-01-27,-2.98,-0.00,0.013,-0.004
2025-01-28,-2.01,0.07,0.116,-0.105
2025-01-29,-3.15,0.11,0.086,-0.112
2025-01-30,-4.55,0.32,-0.075,0.071
2025-01-31,-3.76,0.46,-0.083,0.095
2025-02-01,-2.41,0.69,0.016,0.018
2025-02-02,-2.61,0.32,0.057,-0.057
2025-02-03,-3.58,-0.06,-0.015,-0.005
2025-02-04,-4.07,-0.21,-0.047,0.059
2025-02-05,-4.08,-0.29,-0.055,0.060
2025-02-06,-3.51,-0.25,-0.031,0.054
2025-02-07,-2.07,-0.04,0.006,-0.038
2025-02-08,-2.69,0.19,0.011,-0.026
2025-02-09,-3.54,-0.12,-0.045,0.028
2025-02-10,-3.98,-0.42,-0.074,0.077
2025-02-11,-2.77,0.14,-0.134,0.131
2025-02-12,-4.03,1.71,-0.152,0.174
2025-02-13,-3.46,1.12,-0.035,0.070
2025-02-14,-3.57,-0.19,0.017,-0.004
2025-02-15,-3.92,0.34,-0.042,0.063
2025-02-16,-2.25,1.46,-0.052,0.098
2025-02-17,-2.10,1.22,0.045,0.004
2025-02-18,-2.01,0.81,0.059,-0.042
2025-02-19,-2.30,1.33,-0.020,-0.035
2025-02-20,-2.75,1.52,-0.041,0.013
2025-02-21,-1.24,-0.87,0.012,-0.081
2025-02-22,-3.18,-0.17,-0.017,-0.092
2025-02-23,-2.85,-0.00,-0.033,-0.030
2025-02-24,-1.76,1.06,0.009,-0.033
2025-02-25,0.66,2.15,0.126,-0.066
2025-02-26,-1.16,-0.42,0.273,-0.198
2025-02-27,-2.04,1.00,0.110,-0.122
2025-02-28,-1.37,-0.00,0.012,-0.080
2025-03-01,-1.31,0.73,0.027,-0.086
2025-03-02,0.14,1.15,0.112,-0.148
2025-03-03,1.42,-0.25,0.160,-0.184
2025-03-04,-2.32,0.62,0.174,-0.117
2025-03-05,-1.79,0.72,0.184,-0.124
2025-03-06,1.71,-0.83,0.269,-0.219
2025-03-07,-2.40,-0.25,0.169,-0.195
2025-03-08,-2.37,1.21,0.039,-0.013
2025-03-09,-2.20,1.07,0.005,0.034
2025-03-10,-2.15,1.34,0.055,-0.011
2025-03-11,1.38,1.53,0.169,-0.161
2025-03-12,-0.76,-0.93,0.191,-0.175
2025-03-13,-2.00,1.16,0.145,-0.077
2025-03-14,-1.11,1.15,0.164,-0.089
2025-03-15,-2.21,1.33,0.194,-0.121
2025-03-16,-1.61,1.61,0.215,-0.092
2025-03-17,-1.49,0.21,0.211,-0.126
2025-03-18,0.47,-2.69,0.240,-0.199
2025-03-19,-3.15,-0.84,0.142,-0.090
2025-03-20,-2.74,1.34,0.138,-0.034
2025-03-21,-1.73,-0.77,0.182,-0.124
2025-03-22,-3.22,0.28,0.167,-0.086
2025-03-23,-3.66,0.91,0.100,-0.004
2025-03-24,-4.08,1.17,0.097,-0.009
2025-03-25,-3.67,0.98,0.142,-0.056
2025-03-26,-1.84,-0.49,0.188,-0.119
2025-03-27,-1.94,-0.70,0.135,-0.103
2025-03-28,-2.76,0.05,0.073,-0.009
2025-03-29,-2.91,0.78,0.067,0.029
2025-03-30,-3.15,0.96,0.114,-0.030
2025-03-31,-2.80,0.96,0.114,-0.032
2025-04-01,-2.74,1.11,0.076,0.010
2025-04-02,-4.16,1.27,0.011,0.027
2025-04-03,-4.49,1.04,-0.002,0.038
2025-04-04,-4.20,1.05,0.046,-0.018
2025-04-05,-3.41,0.73,0.046,-0.049
2025-04-06,-3.63,0.84,0.032,-0.007
2025-04-07,-3.76,1.30,-0.002,0.021
2025-04-08,-2.29,1.73,0.024,0.010
2025-04-09,-1.54,1.25,0.022,-0.065
2025-04-10,-2.07,-0.04,-0.050,-0.068
2025-04-11,-1.56,0.05,-0.160,0.032
2025-04-12,-1.00,0.87,-0.048,-0.008
2025-04-13,-1.62,-0.97,-0.004,-0.102
2025-04-14,-4.18,0.07,-0.060,0.042
2025-04-15,-2.49,0.81,0.012,0.042
2025-04-16,-1.63,-1.02,0.032,-0.027
2025-04-17,-2.42,-0.74,-0.006,-0.029
2025-04-18,-4.15,-0.88,-0.102,0.080
2025-04-19,-5.33,-1.04,-0.171,0.130
2025-04-20,-5.19,-0.64,-0.158,0.101
2025-04-21,-5.03,-0.89,-0.081,0.079
2025-04-22,-5.18,-1.20,-0.129,0.098
2025-04-23,-3.65,-1.12,-0.238,0.151
2025-04-24,-2.28,0.16,-0.210,0.133
2025-04-25,-2.47,0.17,-0.156,0.122
2025-04-26,-2.39,-0.34,-0.153,0.110
2025-04-27,-1.67,0.38,-0.128,0.101
2025-04-28,-2.63,-0.05,-0.092,0.095
2025-04-29,-3.25,-0.11,-0.075,0.106
2025-04-30,-3.13,-0.11,-0.101,0.116
2025-05-01,-2.87,0.20,-0.077,0.134
2025-05-02,-1.90,0.55,-0.078,0.134
2025-05-03,-1.95,0.87,-0.168,0.190
2025-05-04,-1.63,1.37,-0.207,0.205
2025-05-05,-2.21,1.23,-0.217,0.182
2025-05-06,-2.22,0.68,-0.191,0.151
2025-05-07,-2.84,0.65,-0.177,0.154
2025-05-08,-3.04,0.65,-0.130,0.125
2025-05-09,-2.38,1.38,-0.074,0.111
2025-05-10,-3.34,0.83,-0.072,0.120
2025-05-11,-4.20,1.13,-0.084,0.151
2025-05-12,-4.04,1.08,-0.104,0.160
2025-05-13,-2.71,0.67,-0.096,0.120
2025-05-14,-2.09,0.98,-0.073,0.085
2025-05-15,-2.29,0.61,-0.059,0.079
2025-05-16,-1.98,0.61,-0.075,0.092
2025-05-17,-2.25,-0.04,-0.059,0.072
2025-05-18,-2.25,0.60,-0.014,0.054
2025-05-19,-2.49,1.27,0.026,0.058
2025-05-20,-2.50,1.45,0.017,0.040
2025-05-21,-2.98,1.14,0.038,0.026
2025-05-22,-2.83,0.87,0.044,0.005
2025-05-23,-3.25,0.93,0.040,0.007
2025-05-24,-3.81,1.09,0.042,0.026
2025-05-25,-3.91,0.76,0.066,-0.018
2025-05-26,-3.33,1.02,0.057,-0.020
2025-05-27,-3.27,0.94,0.027,0.011
2025-05-28,-3.61,0.57,0.037,0.017
2025-05-29,-3.38,0.54,0.026,0.012
2025-05-30,-3.41,0.73,0.016,0.000
2025-05-31,-1.84,1.07,0.033,-0.017
2025-06-01,-2.00,1.50,0.050,-0.031
2025-06-02,-2.73,1.51,0.063,0.014
2025-06-03,-3.12,1.45,0.074,-0.026
2025-06-04,-4.53,1.39,0.049,-0.005
2025-06-05,-4.14,1.03,0.040,-0.005
2025-06-06,-3.20,0.62,0.009,-0.031
2025-06-07,-3.30,0.70,0.006,0.018
2025-06-08,-3.00,0.80,-0.018,0.036
2025-06-09,-3.25,0.63,-0.014,0.030
2025-06-10,-3.56,0.96,-0.035,0.056
2025-06-11,-3.78,1.01,0.036,-0.015
2025-06-12,-4.18,0.89,0.006,0.011
2025-06-13,-4.20,1.05,-0.002,0.022
2025-06-14,-3.74,0.93,0.028,-0.003
2025-06-15,-3.99,0.92,0.035,0.000
2025-06-16,-3.25,1.25,0.046,-0.058
2025-06-17,-4.76,1.10,0.014,-0.007
2025-06-18,-5.08,1.36,-0.032,0.104
2025-06-19,-3.85,0.61,-0.048,0.051
2025-06-20,-3.61,0.64,0.009,0.002
2025-06-21,-3.95,0.91,0.018,0.018
2025-06-22,-3.36,0.47,0.003,0.062
2025-06-23,-2.80,0.39,-0.005,0.065
2025-06-24,-2.63,0.66,-0.010,0.044
2025-06-25,-3.95,1.36,-0.031,0.110
2025-06-26,-4.43,1.19,-0.036,0.099
2025-06-27,-5.29,0.84,0.046,-0.020
2025-06-28,-3.33,0.47,0.093,-0.108
2025-06-29,-3.43,0.60,0.087,-0.073
2025-06-30,-4.29,0.91,0.035,-0.002
2025-07-01,-4.15,0.88,0.042,0.000
2025-07-02,-2.70,0.67,0.096,-0.095
2025-07-03,-2.97,1.39,0.104,-0.091
2025-07-04,-2.77,1.12,0.113,-0.070
2025-07-05,-2.80,1.31,0.083,-0.054
2025-07-06,-3.75,0.66,0.059,-0.043
2025-07-07,-2.93,0.57,0.071,-0.031
2025-07-08,-1.89,0.96,0.083,-0.019
2025-07-09,-3.56,0.76,0.058,0.023
2025-07-10,-3.09,0.66,0.054,0.033
2025-07-11,-3.49,0.81,0.049,0.003
2025-07-12,-3.85,0.54,0.013,0.060
2025-07-13,-2.95,0.68,0.007,0.017
2025-07-14,-2.07,0.48,0.028,-0.008
2025-07-15,-2.35,0.81,0.007,0.012
2025-07-16,-4.07,0.86,-0.032,0.061
2025-07-17,-3.31,0.41,-0.006,0.039
2025-07-18,-4.21,0.67,0.009,0.021
2025-07-19,-3.17,0.11,0.021,0.010
2025-07-20,-2.97,0.58,0.017,0.021
2025-07-21,-3.04,0.70,0.016,0.018
2025-07-22,-3.00,0.58,0.021,0.014
2025-07-23,-3.54,0.44,0.051,-0.030
2025-07-24,-3.28,0.70,0.049,-0.010
2025-07-25,-4.26,0.60,0.034,0.010
2025-07-26,-3.56,0.19,0.071,-0.017
2025-07-27,-3.11,-0.16,0.072,-0.072
2025-07-28,-2.50,0.31,0.042,-0.081
2025-07-29,-2.97,0.85,0.038,-0.043
2025-07-30,-2.55,0.13,0.048,-0.023
2025-07-31,-2.17,-0.27,0.016,0.022
2025-08-01,-2.68,0.72,0.004,0.073
2025-08-02,-2.70,0.48,0.003,0.076
2025-08-03,-1.89,-0.17,-0.002,0.038
2025-08-04,-3.23,1.50,-0.001,0.072
2025-08-05,-3.56,0.44,-0.020,0.080
2025-08-06,-1.80,-0.42,-0.017,0.020
2025-08-07,-1.47,-0.53,-0.034,0.045
2025-08-08,-0.97,1.91,-0.015,0.053
2025-08-09,-2.63,1.06,-0.054,0.106
2025-08-10,-2.81,0.45,-0.094,0.084
2025-08-11,-2.71,0.73,-0.091,0.087
2025-08-12,-3.59,0.96,-0.094,0.095
2025-08-13,-2.71,0.63,-0.033,0.051
2025-08-14,-1.73,-1.00,-0.018,0.034
2025-08-15,-1.31,-0.18,-0.062,0.066
2025-08-16,-1.76,-0.97,-0.088,0.048
2025-08-17,-1.36,-0.95,-0.069,0.069
2025-08-18,1.56,-0.60,-0.093,0.047
2025-08-19,1.20,0.97,-0.008,-0.086
2025-08-20,-0.54,1.57,0.075,-0.060
2025-08-21,-2.52,1.28,0.064,-0.008
2025-08-22,-2.79,0.49,0.036,-0.001
2025-08-23,-2.61,0.27,0.043,-0.004
2025-08-24,-2.62,1.28,0.012,0.014
2025-08-25,-2.98,0.10,-0.009,0.023
2025-08-26,-2.69,-0.33,-0.012,0.019
2025-08-27,-3.09,1.13,0.032,0.007
2025-08-28,-3.52,0.75,0.021,0.002
2025-08-29,-2.96,1.02,0.046,-0.030
2025-08-30,-2.27,0.40,0.070,-0.063
2025-08-31,-1.95,-0.00,0.080,-0.041
2025-09-01,-1.58,0.31,0.069,-0.036
2025-09-02,-1.58,0.57,0.062,-0.021
2025-09-03,-0.88,1.46,0.201,-0.151
2025-09-04,-0.65,1.33,0.216,-0.152
2025-09-05,-2.11,1.37,0.172,-0.113
2025-09-06,-1.63,-0.29,0.154,-0.115
2025-09-07,-1.80,1.31,0.105,-0.055
2025-09-08,-1.23,1.19,0.145,-0.105
2025-09-09,-1.58,1.06,0.131,-0.086
2025-09-10,-2.78,0.96,0.124,-0.072
2025-09-11,-2.31,0.66,0.121,-0.090
2025-09-12,-2.00,0.77,0.139,-0.109
2025-09-13,-1.01,1.08,0.126,-0.081
2025-09-14,-1.80,0.80,0.077,-0.063
2025-09-15,-2.93,0.41,0.013,0.013
2025-09-16,-2.78,0.44,-0.033,0.055
2025-09-17,-2.15,1.15,0.014,0.019
2025-09-18,-1.15,0.72,0.038,-0.029
2025-09-19,1.32,0.40,0.052,-0.044
2025-09-20,0.72,-0.60,-0.019,-0.039
2025-09-21,0.85,0.88,-0.038,0.017
2025-09-22,-1.33,1.59,-0.010,0.014
2025-09-23,-2.48,0.85,-0.042,0.051
2025-09-24,-1.92,-0.66,-0.004,-0.019
2025-09-25,-1.54,-0.16,0.030,-0.035
2025-09-26,0.59,0.84,0.068,-0.033
2025-09-27,0.88,1.80,0.094,-0.044
2025-09-28,0.75,2.30,0.090,-0.056
2025-09-29,0.48,1.46,0.095,-0.087
2025-09-30,0.42,1.37,0.104,-0.084
2025-10-01,0.11,1.25,0.093,-0.092
2025-10-02,-1.03,1.03,0.101,-0.048
2025-10-03,-1.16,1.39,0.110,-0.049
2025-10-04,-0.86,1.10,0.107,-0.079
2025-10-05,-1.47,1.23,0.099,-0.073
2025-10-06,-1.53,0.96,0.067,-0.056
2025-10-07,-1.11,1.04,0.085,-0.047
2025-10-08,-0.58,1.14,0.069,-0.048
2025-10-09,-1.02,0.79,0.094,-0.076
2025-10-10,-0.26,1.20,0.095,-0.058
2025-10-11,0.24,2.74,0.117,-0.069
2025-10-12,0.09,2.57,0.128,-0.079
2025-10-13,-0.64,1.96,0.091,-0.090
2025-10-14,-0.38,1.66,0.083,-0.058
2025-10-15,0.11,1.05,0.135,-0.097
2025-10-16,1.23,0.60,0.183,-0.156
2025-10-17,1.04,0.07,0.157,-0.158
2025-10-18,-0.75,0.96,0.113,-0.085
2025-10-19,-1.32,1.23,0.094,-0.057
2025-10-20,-2.06,0.67,0.058,-0.043
2025-10-21,-1.46,-0.00,0.044,-0.059
2025-10-22,-1.86,0.46,0.098,-0.058
2025-10-23,-3.93,0.48,0.090,-0.039
2025-10-24,-3.25,-0.57,0.070,-0.025
2025-10-25,-2.83,-0.50,0.082,-0.052
2025-10-26,-6.23,-1.21,-0.039,0.059
2025-10-27,-6.83,1.58,-0.118,0.210
2025-10-28,-7.97,5.37,0.011,0.107
2025-10-29,6.98,2.27,0.454,-0.362
2025-10-30,1.86,0.26,0.288,-0.307
2025-10-31,1.28,-0.32,0.037,-0.164
2025-11-01,-1.61,1.30,-0.024,0.023
2025-11-02,-1.91,1.19,-0.004,0.046
2025-11-03,-2.25,1.25,0.069,-0.028
2025-11-04,-2.36,-0.08,0.091,-0.089
2025-11-05,-2.97,0.74,0.037,0.019
2025-11-06,-1.45,1.02,-0.057,0.063
2025-11-07,-1.43,1.25,-0.032,0.056
2025-11-08,-1.78,1.34,0.012,-0.009
2025-11-09,-2.89,1.00,-0.007,0.014
2025-11-10,-1.78,1.03,0.007,-0.007
2025-11-11,-2.82,0.50,0.077,-0.069
2025-11-12,-3.09,-0.60,-0.021,-0.046
2025-11-13,-2.80,-0.39,-0.072,0.037
2025-11-14,-1.44,0.94,0.005,-0.022
2025-11-15,-1.63,0.32,-0.003,-0.050
2025-11-16,-2.37,1.16,-0.031,0.010
2025-11-17,-1.65,1.65,-0.054,0.022
2025-11-18,-2.77,1.23,-0.058,0.014
2025-11-19,-2.40,-0.47,-0.098,0.006
2025-11-20,-2.05,-0.40,-0.121,0.054
2025-11-21,-2.41,0.43,-0.067,0.045
2025-11-22,-2.16,0.15,-0.015,0.061
2025-11-23,-2.10,0.22,0.070,-0.021
2025-11-24,-2.87,0.30,0.068,-0.083
2025-11-25,-2.92,1.18,0.063,-0.069
2025-11-26,-2.55,0.83,-0.043,-0.038
2025-11-27,-2.27,0.57,0.002,-0.072
2025-11-28,-0.35,-1.16,0.073,-0.088
2025-11-29,-1.57,-0.00,0.068,-0.039
2025-11-30,-2.12,0.99,0.060,-0.037
2025-12-01,-1.91,0.27,0.047,-0.068
2025-12-02,-0.23,1.07,0.088,-0.093
2025-12-03,-1.38,-0.83,0.156,-0.136
2025-12-04,-2.12,0.73,0.098,-0.096
2025-12-05,-2.21,-0.08,0.037,-0.083
2025-12-06,-2.74,1.34,0.070,-0.077
2025-12-07,-3.11,1.45,0.088,-0.078
2025-12-08,-1.37,1.42,0.112,-0.088
2025-12-09,-2.03,1.48,0.107,-0.081
2025-12-10,-1.85,1.40,0.123,-0.082
2025-12-11,-2.29,0.88,0.112,-0.081
2025-12-12,-2.74,0.68,0.112,-0.097
2025-12-13,-2.93,0.73,0.090,-0.084
2025-12-14,-2.88,1.34,0.089,-0.081
2025-12-15,-1.92,0.59,0.120,-0.130
2025-12-16,-1.49,1.25,0.081,-0.084
2025-12-17,-1.80,1.00,0.093,-0.098
2025-12-18,-2.85,0.98,0.080,-0.090
2025-12-19,-2.48,0.81,0.072,-0.086
2025-12-20,-1.28,-0.62,0.082,-0.115
2025-12-21,-2.62,0.09,0.020,-0.039
2025-12-22,-2.21,0.04,-0.014,-0.000
2025-12-23,-3.38,0.06,-0.058,0.031
2025-12-24,-3.34,-0.41,-0.105,0.042
2025-12-25,-3.97,-1.29,-0.118,0.058
2025-12-26,-3.91,-1.27,-0.123,0.078
2025-12-27,-2.82,0.45,-0.102,0.072
2025-12-28,-3.36,0.35,-0.008,-0.002
2025-12-29,-2.57,0.99,0.025,0.000
2025-12-30,-1.41,0.75,0.064,-0.048
2025-12-31,0.67,-1.44,-0.090,-0.019
2026-01-01,0.00,-1.19,-0.173,0.050
2026-01-02,-2.00,0.18,-0.131,0.052
2026-01-03,-1.33,1.33,-0.083,0.043
2026-01-04,0.88,0.88,0.024,-0.022
2026-01-05,-2.00,-0.07,-0.034,0.009
2026-01-06,-2.80,1.36,-0.138,0.112
2026-01-07,-2.32,0.98,-0.085,0.071
2026-01-08,-2.70,0.77,-0.016,0.031
2026-01-09,-3.41,0.48,-0.042,0.039
2026-01-10,-2.78,0.49,-0.059,0.059
2026-01-11,-2.01,-0.28,-0.020,0.020
2026-01-12,-1.84,0.49,-0.009,0.019
2026-01-13,-1.87,1.26,-0.009,0.021
2026-01-14,-0.99,1.18,-0.041,0.081
2026-01-15,1.21,0.59,0.004,0.032
2026-01-16,-1.72,0.18,0.021,-0.003
2026-01-17,-3.54,1.36,-0.064,0.072
2026-01-18,-3.50,1.71,-0.050,0.080
2026-01-19,-3.01,0.70,0.025,-0.028
2026-01-20,-1.88,-0.43,0.018,-0.031
2026-01-21,-2.74,-0.63,-0.064,0.040
2026-01-22,-1.37,-0.12,-0.024,0.024
2026-01-23,-1.27,-0.86,0.012,-0.033
2026-01-24,-1.86,-0.53,-0.014,0.002
2026-01-25,-1.80,0.73,-0.052,0.065
2026-01-26,-2.57,1.25,-0.074,0.080
2026-01-27,-0.86,-1.32,-0.018,-0.017
2026-01-28,-2.06,0.47,-0.004,-0.020
2026-01-29,-1.37,-0.00,-0.005,-0.047
2026-01-30,-0.97,1.20,0.016,-0.026
2026-01-31,2.65,1.29,0.105,-0.089
2026-02-01,3.75,-4.32,0.119,-0.163
2026-02-02,1.93,-5.95,-0.013,-0.029
2026-02-03,-4.05,-2.94,-0.211,0.101
2026-02-04,-4.41,0.78,-0.125,0.111
2026-02-05,-1.24,1.65,0.148,-0.084
2026-02-06,3.05,-3.51,0.190,-0.186
2026-02-07,3.04,-3.50,0.018,0.004
2026-02-08,-1.83,-1.77,-0.157,0.102
2026-02-09,-2.74,-1.11,-0.092,0.074
2026-02-10,-4.49,-1.12,-0.021,0.022
2026-02-11,-4.08,-0.43,-0.065,0.072
2026-02-12,-2.40,-0.73,-0.030,0.021
2026-02-13,-2.02,-0.50,0.023,-0.024
2026-02-14,-2.53,-0.77,-0.036,0.031
2026-02-15,-3.16,0.96,-0.097,0.103
2026-02-16,-1.20,1.48,-0.017,0.040
2026-02-17,-2.00,0.50,0.051,-0.013
2026-02-18,-2.98,0.42,-0.097,0.098
2026-02-19,-2.68,0.92,-0.186,0.128
2026-02-20,-3.12,1.26,-0.128,0.087
2026-02-21,-3.52,1.57,-0.055,0.056
2026-02-22,-2.31,1.13,-0.030,0.026
2026-02-23,1.25,-1.25,-0.004,-0.029
2026-02-24,-0.49,-3.10,-0.085,0.018
2026-02-25,-4.81,-0.85,-0.373,0.166
2026-02-26,-3.31,0.89,-0.299,0.123
2026-02-27,-3.66,1.33,-0.165,0.061
2026-02-28,-3.16,1.41,-0.091,0.023
2026-03-01,-2.84,0.71,-0.169,0.054
2026-03-02,-2.11,0.04,-0.183,0.056
2026-03-03,-2.71,0.09,-0.143,0.060
2026-03-04,-3.30,0.58,0.039,-0.082
2026-03-05,-3.62,1.04,0.089,-0.098
2026-03-06,-3.40,0.60,0.130,-0.132
2026-03-07,-2.35,0.42,0.141,-0.143
2026-03-08,-3.00,1.09,0.091,-0.108
2026-03-09,-2.96,0.91,0.072,-0.102
2026-03-10,-2.09,0.60,0.029,-0.068
2026-03-11,-3.18,0.79,0.209,-0.153
2026-03-12,-1.93,0.31,0.233,-0.198
2026-03-13,-1.58,0.36,0.249,-0.229
2026-03-14,-2.11,1.37,0.196,-0.167
2026-03-15,-3.17,1.09,0.132,-0.114
2026-03-16,-3.20,1.56,0.117,-0.074
2026-03-17,-1.56,1.73,0.124,-0.079
2026-03-18,-0.88,2.42,0.175,-0.125
2026-03-19,-0.47,2.94,0.192,-0.153
2026-03-20,2.07,-0.18,0.192,-0.166
2026-03-21,-0.05,-2.91,0.099,-0.151
2026-03-22,-3.48,-1.93,-0.032,0.014
2026-03-23,-3.54,-0.12,-0.032,0.050
2026-03-24,-3.46,0.61,0.018,0.022
2026-03-25,-3.17,-0.73,0.047,-0.068
2026-03-26,-2.92,0.26,0.041,-0.053
2026-03-27,-1.87,-0.36,-0.002,-0.021
2026-03-28,-2.00,-0.10,0.029,-0.027
2026-03-29,-3.25,-0.00,-0.003,-0.028
2026-03-30,-4.65,-1.16,-0.084,0.051
2026-03-31,-2.98,0.21,-0.105,0.067
2026-04-01,-2.91,-0.05,-0.054,0.065
2026-04-02,-1.91,0.62,0.044,-0.039
2026-04-03,-2.83,0.65,0.033,-0.026
2026-04-04,-2.69,0.28,0.049,-0.032
2026-04-05,-1.67,1.12,0.092,-0.064
2026-04-06,-1.27,1.46,0.145,-0.086
2026-04-07,-0.74,1.19,0.148,-0.100
2026-04-08,-1.15,0.61,0.105,-0.064
2026-04-09,-1.67,0.85,0.106,-0.060
2026-04-10,-1.91,-0.48,0.065,-0.060
2026-04-11,-1.82,-0.73,0.041,-0.056
2026-04-12,-2.93,-0.62,0.017,-0.033
2026-04-13,-3.24,-0.75,0.019,-0.005
2026-04-14,-3.30,-0.82,0.009,0.007
2026-04-15,-2.75,-1.34,0.028,-0.045
2026-04-16,-2.23,-0.99,0.054,-0.071
2026-04-17,-1.58,-0.25,0.061,-0.067
2026-04-18,-1.89,1.13,0.060,-0.035
2026-04-19,-2.04,0.47,0.082,-0.062
2026-04-20,-1.56,0.36,0.093,-0.060
2026-04-21,-1.29,-0.93,0.080,-0.086
2026-04-22,-2.28,0.32,0.053,-0.050
2026-04-23,-2.43,0.08,0.021,0.007
2026-04-24,-0.53,1.38,0.047,-0.031
2026-04-25,0.68,1.69,0.071,-0.059
2026-04-26,0.47,1.06,0.045,-0.053
2026-04-27,-0.90,1.15,-0.030,0.050
2026-04-28,-2.14,0.70,-0.042,0.064
2026-04-29,-2.16,0.38,-0.049,0.084
2026-04-30,-1.89,-0.00,-0.032,0.041
2026-05-01,-2.23,0.90,-0.025,0.085
2026-05-02,-2.55,1.42,-0.061,0.116
2026-05-03,-2.28,1.66,0.008,0.054
2026-05-04,-1.41,1.68,0.080,-0.019
2026-05-05,-2.61,1.57,0.043,0.023
2026-05-06,-3.05,1.36,0.045,0.055
2026-05-07,-2.84,1.15,0.032,0.007
2026-05-08,-2.23,0.99,0.039,-0.038
2026-05-09,-2.21,1.49,0.021,-0.022
2026-05-10,-3.44,1.12,0.010,0.056
2026-05-11,-3.78,1.15,0.007,0.059
2026-05-12,-1.77,1.29,0.034,-0.004
2026-05-13,-1.53,1.16,0.074,-0.041
2026-05-14,-1.62,1.36,0.058,-0.027
2026-05-15,-2.76,1.06,0.047,-0.022
2026-05-16,-3.52,0.69,0.014,0.059
2026-05-17,-3.50,0.87,0.009,0.057
2026-05-18,-3.82,0.88,0.005,0.143
2026-05-19,-3.24,0.81,-0.006,0.101
2026-05-20,-3.35,0.96,0.072,0.021
2026-05-21,-2.63,1.12,0.107,-0.036
2026-05-22,-2.85,0.87,0.109,-0.069
2026-05-23,-3.44,0.67,0.103,-0.052
2026-05-24,-3.62,0.70,0.085,-0.036
2026-05-25,-4.21,1.21,0.068,0.037
2026-05-26,-5.04,1.54,0.063,0.056
2026-05-27,-5.20,1.49,0.094,0.000
2026-05-28,-4.24,1.14,0.131,-0.066
2026-05-29,-3.35,1.09,0.150,-0.085
2026-05-30,-2.61,1.76,0.141,-0.095
2026-05-31,-3.23,1.24,0.115,-0.052
2026-06-01,-3.51,0.75,0.087,-0.049
2026-06-02,-3.59,1.17,0.059,0.009
2026-06-03,-3.72,1.07,0.095,0.007
2026-06-04,-2.73,0.68,0.113,-0.066
2026-06-05,-2.50,1.01,0.103,-0.069
2026-06-06,-2.02,1.52,0.070,0.015
2026-06-07,-2.10,1.47,0.088,-0.005
2026-06-08,-1.93,1.93,0.072,0.020
2026-06-09,-1.07,1.65,0.091,-0.018
2026-06-10,-2.31,1.39,0.139,-0.043
2026-06-11,-3.34,0.59,0.100,-0.009
2026-06-12,-3.26,1.06,0.106,0.002
2026-06-13,-4.35,1.08,0.074,0.017
2026-06-14,-4.45,1.28,0.077,0.035
2026-06-15,-3.21,1.04,0.075,-0.019
2026-06-16,-3.03,1.48,0.070,-0.028
2026-06-17,-2.99,1.46,0.049,-0.026
2026-06-18,-2.53,1.24,0.033,-0.005
2026-06-19,-2.46,1.31,0.031,-0.029
2026-06-20,-3.67,1.12,0.019,0.012
2026-06-21,-3.45,0.48,0.005,0.012
2026-06-22,-4.35,1.00,0.035,0.038
2026-06-23,-4.07,0.72,0.049,0.056
2026-06-24,-2.42,-0.04,0.093,-0.069
2026-06-25,-4.10,1.10,0.077,-0.041
2026-06-26,-4.50,0.79,0.037,-0.008
2026-06-27,-3.50,-0.06,-0.004,-0.059
2026-06-28,-3.76,0.53,-0.107,0.021
2026-06-29,-3.69,0.19,-0.124,0.104
2026-06-30,-2.91,0.31,-0.126,0.111
2026-07-01,-2.63,0.37,0.136,-0.059
2026-07-02,-3.30,1.01,0.120,-0.043
2026-07-03,-3.93,0.62,0.076,-0.024
2026-07-04,-3.16,0.44,0.061,-0.024
2026-07-05,-3.67,0.91,0.069,0.000
2026-07-06,-4.29,0.83,0.089,-0.020
2026-07-07,-4.14,1.11,0.092,-0.037
2026-07-08,-4.45,0.78,0.057,-0.059
2026-07-09,-4.42,0.94,0.068,-0.018
2026-07-10,-5.10,1.46,0.077,-0.028
2026-07-11,-4.59,1.14,0.058,0.000
2026-07-12,-3.44,0.30,0.078,-0.033
2026-07-13,-3.22,0.23,0.102,-0.047
2026-07-14,-3.56,0.37,0.090,-0.039
2026-07-15,-3.84,0.89,0.078,-0.031
2026-07-16,-3.53,0.88,0.082,-0.044
2026-07-17,-4.42,0.62,0.054,-0.021
2026-07-18,-3.79,1.09,0.057,-0.012
2026-07-19,-2.73,0.58,0.024,-0.034
2026-07-20,-2.48,0.30,0.018,-0.007
2026-07-21,-2.88,0.25,0.019,0.019
2026-07-22,-2.39,-0.46,0.045,-0.034
2026-07-23,-2.26,0.44,0.055,-0.037
2026-07-24,-3.16,1.28,0.056,0.002
2026-07-25,-3.20,0.74,0.027,-0.033
2026-07-26,-2.38,0.42,0.006,-0.033
2026-07-27,-2.19,0.19,-0.019,-0.022
2026-07-28,-2.59,1.10,-0.060,0.033
2026-07-29,-3.62,0.57,-0.099,0.067
2026-07-30,-4.57,0.97,-0.139,0.108
2026-07-31,-3.47,1.00,-0.181,0.133
2026-08-01,-2.97,0.31,-0.168,0.112
2026-08-02,-3.62,1.11,-0.161,0.156
2026-08-03,-3.91,0.76,-0.205,0.161
2026-08-04,-3.33,0.71,-0.172,0.147
2026-08-05,-3.05,0.16,-0.008,0.080
2026-08-06,-1.33,1.15,0.019,0.072
2026-08-07,-2.67,0.47,0.013,0.031
2026-08-08,-3.06,0.32,-0.010,0.028
2026-08-09,-3.78,0.46,-0.021,0.006
2026-08-10,-3.07,0.32,-0.012,0.007
2026-08-11,-3.90,0.62,-0.060,0.068
2026-08-12,-3.04,-0.16,-0.008,0.047
2026-08-13,-3.94,0.69,0.007,0.051
2026-08-14,-4.85,1.21,-0.025,0.088
2026-08-15,-3.59,0.13,-0.065,0.092
2026-08-16,-4.21,0.37,-0.098,0.088
2026-08-17,-3.53,0.06,-0.092,0.062
2026-08-18,-2.95,-0.05,-0.097,0.076
2026-08-19,-2.72,0.33,-0.090,0.035
2026-08-20,-3.25,0.99,-0.140,0.080
2026-08-21,-3.74,0.93,-0.199,0.124
2026-08-22,-3.22,0.17,-0.209,0.085
2026-08-23,-1.71,-0.39,-0.155,0.089
2026-08-24,-2.90,0.62,-0.186,0.124
2026-08-25,-3.76,0.66,-0.195,0.127
2026-08-26,-3.95,0.91,-0.099,0.072
2026-08-27,-3.62,0.25,-0.079,0.040
2026-08-28,-2.08,0.33,-0.061,0.046
2026-08-29,-2.96,0.10,-0.058,0.034
2026-08-30,-2.61,0.32,-0.067,0.061
2026-08-31,-0.88,-1.05,-0.047,0.018
2026-09-01,-0.27,1.53,-0.045,0.061
2026-09-02,-1.77,0.94,-0.013,0.019
2026-09-03,-2.37,0.82,-0.023,0.056
2026-09-04,-2.67,0.52,-0.050,0.059
2026-09-05,-2.76,0.19,-0.050,0.060
2026-09-06,-2.62,0.46,-0.032,0.041
2026-09-07,-2.56,0.69,-0.030,0.052
2026-09-08,-2.77,0.74,-0.029,0.057
2026-09-09,-3.23,0.57,0.050,0.005
2026-09-10,-3.76,0.46,0.035,0.024
2026-09-11,-3.23,1.24,0.038,-0.003
2026-09-12,-4.15,0.81,0.036,0.017
2026-09-13,-3.47,0.24,0.014,-0.009
2026-09-14,-2.77,0.10,-0.008,0.004
2026-09-15,-2.66,-0.00,-0.040,0.041
2026-09-16,-2.81,0.55,-0.081,0.062
2026-09-17,-2.70,-0.00,-0.074,0.048
2026-09-18,-2.43,0.70,-0.048,0.030
2026-09-19,-2.08,0.52,-0.062,0.069
2026-09-20,-1.16,1.49,-0.077,0.064
2026-09-21,-0.67,1.96,-0.090,0.057
2026-09-22,-1.30,1.39,-0.082,0.031
2026-09-23,-1.91,1.50,0.013,-0.016
2026-09-24,-1.62,0.53,0.013,-0.009
2026-09-25,0.87,0.93,0.016,-0.014
