date,wind_u,wind_v,cur_u,cur_v
2016-01-01,-8.94,-0.78,,
2016-01-02,-7.74,0.27,,
2016-01-03,-6.97,0.73,,
2016-01-04,-6.49,2.75,,
2016-01-05,-3.66,1.78,,
2016-01-06,-5.74,1.43,,
2016-01-07,-6.33,2.82,,
2016-01-08,-3.71,1.50,,
2016-01-09,-2.77,-0.34,,
2016-01-10,-3.63,-0.64,,
2016-01-11,-3.65,-2.19,,
2016-01-12,-4.73,-3.44,,
2016-01-13,-6.15,-2.36,,
2016-01-14,-5.47,-1.78,,
2016-01-15,-6.59,-0.12,,
2016-01-16,-6.32,1.23,,
2016-01-17,-5.28,0.56,,
2016-01-18,-4.72,0.08,,
2016-01-19,-4.62,-0.90,,
2016-01-20,-5.05,-1.07,,
2016-01-21,-5.55,-0.10,,
2016-01-22,-6.30,0.77,,
2016-01-23,-6.07,4.91,,
2016-01-24,-6.16,5.17,,
2016-01-25,-5.77,0.91,,
2016-01-26,-8.11,-1.58,,
2016-01-27,-9.52,1.51,,
2016-01-28,-8.84,0.62,,
2016-01-29,-5.30,2.14,,
2016-01-30,-5.74,-0.50,,
2016-01-31,-6.90,-1.22,,
2016-02-01,-6.57,1.04,,
2016-02-02,-4.39,-0.15,,
2016-02-03,-2.67,-3.55,,
2016-02-04,-2.51,-6.90,,
2016-02-05,0.62,-2.47,,
2016-02-06,-2.91,3.72,,
2016-02-07,-6.34,3.23,,
2016-02-08,-4.47,2.48,,
2016-02-09,-5.47,1.46,,
2016-02-10,-6.88,1.46,,
2016-02-11,-6.27,-0.55,,
2016-02-12,-6.47,-0.79,,
2016-02-13,-6.42,0.79,,
2016-02-14,-5.52,-0.10,,
2016-02-15,-7.16,1.13,,
2016-02-16,-8.95,1.26,,
2016-02-17,-7.41,1.58,,
2016-02-18,-6.05,1.07,,
2016-02-19,-2.57,0.50,,
2016-02-20,-3.89,-6.48,,
2016-02-21,-4.17,-4.97,,
2016-02-22,-3.26,1.81,,
2016-02-23,-5.86,1.79,,
2016-02-24,-8.29,0.73,,
2016-02-25,-8.45,-0.59,,
2016-02-26,-7.10,-0.12,,
2016-02-27,-6.05,-0.21,,
2016-02-28,-5.01,0.17,,
2016-02-29,-5.38,-1.85,,
2016-03-01,-6.86,-2.10,,
2016-03-02,-7.14,-2.60,,
2016-03-03,-7.18,-2.61,,
2016-03-04,-8.11,-0.57,,
2016-03-05,-5.90,1.25,,
2016-03-06,-3.77,0.80,,
2016-03-07,-2.74,-0.53,,
2016-03-08,-4.24,-7.34,,
2016-03-09,-6.63,-8.19,,
2016-03-10,-7.18,-6.46,,
2016-03-11,-7.62,-5.95,,
2016-03-12,-9.38,-4.78,,
2016-03-13,-8.79,-2.52,,
2016-03-14,-8.00,-1.56,,
2016-03-15,-7.65,-0.94,,
2016-03-16,-5.77,-1.23,,
2016-03-17,-5.22,-1.80,,
2016-03-18,-6.43,-1.02,,
2016-03-19,-6.54,0.80,,
2016-03-20,-6.66,1.05,,
2016-03-21,-6.44,3.28,,
2016-03-22,-6.77,0.24,,
2016-03-23,-8.42,-0.74,,
2016-03-24,-8.76,-1.08,,
2016-03-25,-9.97,-0.70,,
2016-03-26,-10.39,-1.09,,
2016-03-27,-9.88,-1.39,,
2016-03-28,-8.96,-1.10,,
2016-03-29,-8.01,0.14,,
2016-03-30,-8.06,1.71,,
2016-03-31,-9.31,0.98,,
2016-04-01,-7.65,0.80,,
2016-04-02,-7.40,-0.00,,
2016-04-03,-6.63,0.12,,
2016-04-04,-6.43,-0.45,,
2016-04-05,-4.76,0.84,,
2016-04-06,-2.43,-0.70,,
2016-04-07,-5.45,-0.19,,
2016-04-08,-5.83,0.92,,
2016-04-09,-7.36,-0.51,,
2016-04-10,-6.96,-1.48,,
2016-04-11,-6.94,-0.73,,
2016-04-12,-4.54,0.16,,
2016-04-13,-0.98,-1.40,,
2016-04-14,0.27,-3.08,,
2016-04-15,-1.89,-2.17,,
2016-04-16,-3.13,-1.33,,
2016-04-17,-3.35,0.06,,
2016-04-18,-2.91,-0.67,,
2016-04-19,-3.34,-2.52,,
2016-04-20,-5.26,-4.57,,
2016-04-21,-6.32,-4.43,,
2016-04-22,-7.51,-2.59,,
2016-04-23,-6.61,1.05,,
2016-04-24,-3.31,4.39,,
2016-04-25,-1.15,2.85,,
2016-04-26,-3.25,0.23,,
2016-04-27,-5.37,2.06,,
2016-04-28,-4.87,2.27,,
2016-04-29,-3.45,1.84,,
2016-04-30,-3.59,3.72,,
2016-05-01,-3.69,1.88,,
2016-05-02,-5.06,-0.09,,
2016-05-03,-6.28,-0.77,,
2016-05-04,-5.87,1.03,,
2016-05-05,-5.93,2.28,,
2016-05-06,-5.47,4.43,,
2016-05-07,-5.26,6.05,,
2016-05-08,-3.19,2.58,,
2016-05-09,-6.77,-0.47,,
2016-05-10,-8.06,-1.13,,
2016-05-11,-7.29,-1.02,,
2016-05-12,-6.98,-0.86,,
2016-05-13,-5.46,0.67,,
2016-05-14,-7.59,0.13,,
2016-05-15,-7.60,0.80,,
2016-05-16,-8.26,-1.16,,
2016-05-17,-8.33,-0.88,,
2016-05-18,-8.06,-0.42,,
2016-05-19,-8.10,-0.14,,
2016-05-20,-7.45,0.39,,
2016-05-21,-7.41,0.39,,
2016-05-22,-6.75,1.81,,
2016-05-23,-6.51,3.17,,
2016-05-24,-6.45,2.35,,
2016-05-25,-6.87,-0.24,,
2016-05-26,-5.25,-1.50,,
2016-05-27,-5.19,2.42,,
2016-05-28,-5.95,1.37,,
2016-05-29,-5.66,0.30,,
2016-05-30,-5.24,0.92,,
2016-05-31,-7.27,1.95,,
2016-06-01,-8.03,1.13,,
2016-06-02,-7.24,0.89,,
2016-06-03,-7.02,-0.00,,
2016-06-04,-6.83,-0.24,,
2016-06-05,-6.18,1.77,,
2016-06-06,-7.48,-0.26,,
2016-06-07,-7.12,1.00,,
2016-06-08,-6.01,2.55,,
2016-06-09,-6.64,1.41,,
2016-06-10,-6.56,-0.11,,
2016-06-11,-5.33,0.19,,
2016-06-12,-5.38,1.54,,
2016-06-13,-5.74,3.18,,
2016-06-14,-5.96,2.78,,
2016-06-15,-6.30,0.55,,
2016-06-16,-6.39,-1.71,,
2016-06-17,-6.42,-0.68,,
2016-06-18,-7.06,0.74,,
2016-06-19,-8.15,-0.14,,
2016-06-20,-8.10,1.57,,
2016-06-21,-8.53,-1.20,,
2016-06-22,-8.44,1.34,,
2016-06-23,-7.49,-0.79,,
2016-06-24,-7.01,0.12,,
2016-06-25,-7.12,-2.31,,
2016-06-26,-5.56,-0.88,,
2016-06-27,-6.30,-0.11,,
2016-06-28,-6.59,1.04,,
2016-06-29,-7.49,1.73,,
2016-06-30,-7.52,0.39,,
2016-07-01,-8.77,-0.77,,
2016-07-02,-8.31,-0.00,,
2016-07-03,-8.37,-1.48,,
2016-07-04,-8.99,-2.24,,
2016-07-05,-8.70,-0.91,,
2016-07-06,-7.51,-2.01,,
2016-07-07,-7.23,-2.92,,
2016-07-08,-6.68,-1.30,,
2016-07-09,-7.61,0.93,,
2016-07-10,-8.68,-0.15,,
2016-07-11,-7.72,-2.07,,
2016-07-12,-6.82,-3.04,,
2016-07-13,-6.18,-0.98,,
2016-07-14,-6.89,-0.48,,
2016-07-15,-7.00,-1.49,,
2016-07-16,-7.82,-1.81,,
2016-07-17,-6.71,-2.05,,
2016-07-18,-6.13,-2.11,,
2016-07-19,-7.21,0.88,,
2016-07-20,-7.81,0.27,,
2016-07-21,-7.54,0.40,,
2016-07-22,-5.97,-1.94,,
2016-07-23,-7.40,-2.40,,
2016-07-24,-7.62,-0.53,,
2016-07-25,-6.88,-0.84,,
2016-07-26,-7.22,-0.63,,
2016-07-27,-6.72,-0.12,,
2016-07-28,-5.15,-1.77,,
2016-07-29,-7.30,-0.90,,
2016-07-30,-8.83,-3.39,,
2016-07-31,-11.08,-1.36,,
2016-08-01,-9.67,0.34,,
2016-08-02,-7.13,-1.39,,
2016-08-03,-7.00,-0.98,,
2016-08-04,-7.82,-2.54,,
2016-08-05,-8.10,-2.79,,
2016-08-06,-6.76,0.35,,
2016-08-07,-4.32,1.83,,
2016-08-08,-6.07,-0.11,,
2016-08-09,-6.12,-1.08,,
2016-08-10,-6.67,-0.23,,
2016-08-11,-6.62,-1.41,,
2016-08-12,-6.07,-1.29,,
2016-08-13,-5.85,1.14,,
2016-08-14,-6.69,-0.23,,
2016-08-15,-7.13,-0.12,,
2016-08-16,-7.11,-1.64,,
2016-08-17,-6.90,-1.72,,
2016-08-18,-6.72,-0.47,,
2016-08-19,-6.36,-2.07,,
2016-08-20,-5.56,-2.36,,
2016-08-21,-4.28,-2.57,,
2016-08-22,-4.89,-0.26,,
2016-08-23,-4.55,-2.42,,
2016-08-24,-3.94,3.08,,
2016-08-25,-5.82,3.64,,
2016-08-26,-4.56,2.74,,
2016-08-27,-3.31,-0.23,,
2016-08-28,-3.44,-0.06,,
2016-08-29,-4.93,2.62,,
2016-08-30,-6.44,-0.90,,
2016-08-31,-8.17,-2.04,,
2016-09-01,-8.09,-2.79,,
2016-09-02,-7.62,0.27,,
2016-09-03,-7.22,-4.00,,
2016-09-04,-8.43,-4.67,,
2016-09-05,-10.33,-2.38,,
2016-09-06,-7.96,0.84,,
2016-09-07,-5.88,-0.93,,
2016-09-08,-6.31,-0.00,,
2016-09-09,-5.46,0.29,,
2016-09-10,-5.98,1.60,,
2016-09-11,-5.89,-1.91,,
2016-09-12,-5.62,-2.27,,
2016-09-13,-5.33,-1.94,,
2016-09-14,-4.89,-1.78,,
2016-09-15,-4.89,-2.07,,
2016-09-16,-4.80,-2.24,,
2016-09-17,-5.01,-1.73,,
2016-09-18,-4.28,1.82,,
2016-09-19,-5.03,0.80,,
2016-09-20,-4.82,-1.57,,
2016-09-21,-2.12,-3.40,,
2016-09-22,-0.50,-1.64,,
2016-09-23,-1.92,2.55,,
2016-09-24,-4.31,1.40,,
2016-09-25,-4.35,-1.50,,
2016-09-26,-4.33,-1.75,,
2016-09-27,-6.66,-0.23,,
2016-09-28,-9.31,-2.85,,
2016-09-29,-12.42,-1.97,,
2016-09-30,-8.58,-2.14,,
2016-10-01,-7.55,-0.00,,
2016-10-02,-5.63,1.51,,
2016-10-03,-4.70,3.95,,
2016-10-04,-4.44,4.29,,
2016-10-05,-4.66,2.48,,
2016-10-06,-6.36,0.78,,
2016-10-07,-7.09,-0.87,,
2016-10-08,-3.94,2.01,,
2016-10-09,-0.30,4.29,,
2016-10-10,-0.54,3.87,,
2016-10-11,-1.83,4.11,,
2016-10-12,-3.25,2.54,,
2016-10-13,-4.36,0.85,,
2016-10-14,-4.83,-0.08,,
2016-10-15,-4.81,-1.66,,
2016-10-16,-2.62,-0.18,,
2016-10-17,-1.87,2.77,,
2016-10-18,-0.97,5.01,,
2016-10-19,-0.33,6.28,,
2016-10-20,-4.38,4.09,,
2016-10-21,-5.36,2.39,,
2016-10-22,-4.43,0.78,,
2016-10-23,-4.43,0.62,,
2016-10-24,-4.38,-1.59,,
2016-10-25,-5.03,-1.35,,
2016-10-26,-4.32,-2.91,,
2016-10-27,-3.99,-0.42,,
2016-10-28,-4.10,0.72,,
2016-10-29,-2.06,1.00,,
2016-10-30,-1.26,1.61,,
2016-10-31,0.91,1.78,,
2016-11-01,1.76,3.05,,
2016-11-02,-2.22,-1.86,,
2016-11-03,-4.61,-1.96,,
2016-11-04,-3.71,2.06,,
2016-11-05,-2.87,3.31,,
2016-11-06,-2.91,3.35,,
2016-11-07,-2.17,2.58,,
2016-11-08,-3.50,-0.68,,
2016-11-09,-4.03,-2.93,,
2016-11-10,-5.16,0.73,,
2016-11-11,-4.24,0.82,,
2016-11-12,-5.62,-0.20,,
2016-11-13,-6.11,-0.11,,
2016-11-14,-5.55,-0.29,,
2016-11-15,-5.42,-0.96,,
2016-11-16,-6.13,-0.43,,
2016-11-17,-4.70,1.26,,
2016-11-18,-3.65,2.28,,
2016-11-19,-4.02,-1.71,,
2016-11-20,-2.49,-1.11,,
2016-11-21,-3.23,0.06,,
2016-11-22,-4.59,-0.08,,
2016-11-23,-7.30,-2.23,,
2016-11-24,-9.06,-2.43,,
2016-11-25,-8.10,-2.17,,
2016-11-26,-7.93,-0.97,,
2016-11-27,-6.32,1.23,,
2016-11-28,-5.42,0.67,,
2016-11-29,0.46,-2.87,,
2016-11-30,-3.14,-1.02,,
2016-12-01,-5.35,2.05,,
2016-12-02,-4.23,1.79,,
2016-12-03,-5.54,1.69,,
2016-12-04,-4.15,0.58,,
2016-12-05,-5.37,-1.64,,
2016-12-06,-6.67,-1.42,,
2016-12-07,-7.68,-2.06,,
2016-12-08,-7.36,-4.08,,
2016-12-09,-7.43,-2.85,,
2016-12-10,-7.24,-0.63,,
2016-12-11,-9.44,-2.53,,
2016-12-12,-10.37,-3.37,,
2016-12-13,-10.02,-1.41,,
2016-12-14,-8.36,-1.03,,
2016-12-15,-6.56,-0.11,,
2016-12-16,-6.51,-1.74,,
2016-12-17,-9.12,-1.94,,
2016-12-18,-10.47,-3.00,,
2016-12-19,-10.51,-4.04,,
2016-12-20,-9.63,-3.70,,
2016-12-21,-8.87,-1.72,,
2016-12-22,-8.15,-3.63,,
2016-12-23,-7.38,-2.54,,
2016-12-24,-9.21,-2.47,,
2016-12-25,-9.54,-3.85,,
2016-12-26,-8.52,-6.19,,
2016-12-27,-9.63,-3.70,,
2016-12-28,-8.48,-0.59,,
2016-12-29,-8.05,0.28,,
2016-12-30,-6.89,-0.12,,
2016-12-31,-7.00,-2.27,,
2017-01-01,-7.21,-1.66,,
2017-01-02,-6.86,-2.36,,
2017-01-03,-5.84,-2.01,,
2017-01-04,-4.74,0.58,,
2017-01-05,-4.67,0.66,,
2017-01-06,-5.76,-0.40,,
2017-01-07,-6.91,-0.60,,
2017-01-08,-4.61,-0.16,,
2017-01-09,-3.64,-0.84,,
2017-01-10,-4.16,-3.14,,
2017-01-11,-4.20,-4.67,,
2017-01-12,-4.17,-6.67,,
2017-01-13,-3.38,-6.63,,
2017-01-14,-6.09,-5.49,,
2017-01-15,-6.65,-3.84,,
2017-01-16,-6.38,-3.11,,
2017-01-17,-6.54,-3.48,,
2017-01-18,-5.34,-3.47,,
2017-01-19,-2.46,-1.42,,
2017-01-20,-1.11,-1.59,,
2017-01-21,-0.70,-2.15,,
2017-01-22,-1.50,-1.78,,
2017-01-23,-2.05,1.91,,
2017-01-24,-0.08,4.39,,
2017-01-25,0.61,-2.66,,
2017-01-26,-3.78,-3.41,,
2017-01-27,-4.51,-1.64,,
2017-01-28,-4.74,0.08,,
2017-01-29,-5.99,0.42,,
2017-01-30,-4.83,-0.00,,
2017-01-31,-4.75,-0.67,,
2017-02-01,-6.43,-0.34,,
2017-02-02,-6.04,0.63,,
2017-02-03,-5.45,-0.29,,
2017-02-04,-5.23,-0.92,,
2017-02-05,-6.07,-1.86,,
2017-02-06,-5.65,-0.49,,
2017-02-07,-7.17,-0.00,,
2017-02-08,-6.49,1.03,,
2017-02-09,-5.39,1.24,,
2017-02-10,-4.57,-0.97,,
2017-02-11,-5.42,-2.76,,
2017-02-12,-4.30,-1.82,,
2017-02-13,-2.40,-0.13,,
2017-02-14,-1.41,-1.23,,
2017-02-15,-2.68,-0.97,,
2017-02-16,-3.22,1.57,,
2017-02-17,-2.46,0.43,,
2017-02-18,-2.49,-1.44,,
2017-02-19,-3.59,-0.76,,
2017-02-20,-1.88,1.81,,
2017-02-21,3.41,-2.97,,
2017-02-22,-0.34,-3.91,,
2017-02-23,-3.29,-0.29,,
2017-02-24,-1.45,2.32,,
2017-02-25,-2.36,1.00,,
2017-02-26,-4.34,-0.69,,
2017-02-27,-6.19,-2.38,,
2017-02-28,-7.02,-2.42,,
2017-03-01,-7.86,-2.25,,
2017-03-02,-7.70,-1.22,,
2017-03-03,-7.39,-1.04,,
2017-03-04,-6.78,-0.95,,
2017-03-05,-5.82,-2.84,,
2017-03-06,-5.70,-4.14,,
2017-03-07,-7.70,-5.00,,
2017-03-08,-7.69,-4.99,,
2017-03-09,-8.41,-2.57,,
2017-03-10,-7.20,-0.38,,
2017-03-11,-5.25,0.37,,
2017-03-12,-5.40,-0.00,,
2017-03-13,-5.56,-0.49,,
2017-03-14,-6.44,-0.90,,
2017-03-15,-5.39,-0.09,,
2017-03-16,-6.34,0.78,,
2017-03-17,-5.78,-0.81,,
2017-03-18,-6.58,-1.89,,
2017-03-19,-4.88,0.09,,
2017-03-20,-2.80,1.13,,
2017-03-21,-3.51,0.49,,
2017-03-22,-4.78,1.83,,
2017-03-23,-3.52,2.38,,
2017-03-24,-1.74,1.80,,
2017-03-25,-3.60,3.13,,
2017-03-26,-2.29,3.39,,
2017-03-27,-1.08,2.67,,
2017-03-28,-0.32,2.26,,
2017-03-29,0.19,-2.21,,
2017-03-30,-2.76,-3.40,,
2017-03-31,-4.04,-2.24,,
2017-04-01,-3.78,0.53,,
2017-04-02,-3.15,0.39,,
2017-04-03,-3.89,-1.57,,
2017-04-04,-5.69,-1.85,,
2017-04-05,-5.87,-1.46,,
2017-04-06,-5.60,-0.29,,
2017-04-07,-4.87,-0.77,,
2017-04-08,-4.09,0.43,,
2017-04-09,-3.82,0.07,,
2017-04-10,-3.35,0.96,,
2017-04-11,-3.45,1.61,,
2017-04-12,-2.69,0.92,,
2017-04-13,-0.69,-1.15,,
2017-04-14,-1.06,-1.14,,
2017-04-15,-0.97,-2.39,,
2017-04-16,-4.16,-2.31,,
2017-04-17,-6.53,-2.00,,
2017-04-18,-7.09,-2.31,,
2017-04-19,-5.95,-2.65,,
2017-04-20,-4.57,-2.13,,
2017-04-21,-5.02,-1.63,,
2017-04-22,-5.46,-1.06,,
2017-04-23,-6.21,0.43,,
2017-04-24,-6.05,2.32,,
2017-04-25,-5.07,2.36,,
2017-04-26,-5.01,1.06,,
2017-04-27,-6.00,-1.27,,
2017-04-28,-6.34,-0.55,,
2017-04-29,-6.26,-0.88,,
2017-04-30,-6.87,-1.46,,
2017-05-01,-6.15,-0.65,,
2017-05-02,-6.71,-1.43,,
2017-05-03,-5.16,-0.73,,
2017-05-04,-5.54,0.10,,
2017-05-05,-5.90,0.10,,
2017-05-06,-5.67,0.60,,
2017-05-07,-5.71,-0.10,,
2017-05-08,-5.24,0.18,,
2017-05-09,-3.92,1.51,,
2017-05-10,-3.18,1.69,,
2017-05-11,-2.19,-0.47,,
2017-05-12,-1.96,-1.18,,
2017-05-13,-3.06,-0.54,,
2017-05-14,-5.02,-0.00,,
2017-05-15,-4.89,1.04,,
2017-05-16,-4.90,1.78,,
2017-05-17,-6.12,-0.11,,
2017-05-18,-6.56,-1.16,,
2017-05-19,-5.61,-2.15,,
2017-05-20,-4.47,-1.54,,
2017-05-21,-4.67,-1.70,,
2017-05-22,-4.97,-0.97,,
2017-05-23,-5.46,-0.29,,
2017-05-24,-5.98,0.52,,
2017-05-25,-5.34,-0.75,,
2017-05-26,-4.93,-0.69,,
2017-05-27,-4.91,-0.43,,
2017-05-28,-4.96,-0.79,,
2017-05-29,-4.81,0.59,,
2017-05-30,-6.14,-0.54,,
2017-05-31,-6.04,-1.51,,
2017-06-01,-5.84,-1.68,,
2017-06-02,-5.90,-0.83,,
2017-06-03,-4.96,0.79,,
2017-06-04,-4.95,0.87,,
2017-06-05,-5.54,0.78,,
2017-06-06,-6.42,-0.56,,
2017-06-07,-5.84,-0.00,,
2017-06-08,-4.47,0.08,,
2017-06-09,-4.25,0.45,,
2017-06-10,-5.09,-0.18,,
2017-06-11,-6.64,-1.05,,
2017-06-12,-5.75,-0.60,,
2017-06-13,-5.59,-0.89,,
2017-06-14,-6.11,0.11,,
2017-06-15,-5.57,0.78,,
2017-06-16,-5.43,-0.00,,
2017-06-17,-5.89,-1.04,,
2017-06-18,-6.40,-0.56,,
2017-06-19,-6.75,-0.47,,
2017-06-20,-6.97,-0.73,,
2017-06-21,-6.91,-0.60,,
2017-06-22,-6.16,-1.54,,
2017-06-23,-5.45,-1.88,,
2017-06-24,-5.73,-0.20,,
2017-06-25,-6.43,-0.00,,
2017-06-26,-6.35,-0.89,,
2017-06-27,-4.86,-1.77,,
2017-06-28,-5.17,-1.78,,
2017-06-29,-6.28,-0.55,,
2017-06-30,-5.13,0.09,,
2017-07-01,-6.16,-1.09,,
2017-07-02,-6.06,-1.29,,
2017-07-03,-5.83,-0.82,,
2017-07-04,-6.29,-1.57,,
2017-07-05,-6.06,0.11,,
2017-07-06,-6.43,-1.84,,
2017-07-07,-5.39,-0.76,,
2017-07-08,-5.55,-1.70,,
2017-07-09,-3.85,-0.07,,
2017-07-10,-2.30,1.73,,
2017-07-11,-3.45,0.06,,
2017-07-12,-4.46,-0.47,,
2017-07-13,-5.16,1.19,,
2017-07-14,-5.68,-0.90,,
2017-07-15,-5.52,-0.29,,
2017-07-16,-5.38,-0.57,,
2017-07-17,-5.92,-0.00,,
2017-07-18,-6.90,-1.09,,
2017-07-19,-7.75,-1.65,,
2017-07-20,-6.05,-2.45,,
2017-07-21,-6.57,-1.04,,
2017-07-22,-4.26,-1.06,,
2017-07-23,-5.60,-0.20,,
2017-07-24,-6.33,-0.89,,
2017-07-25,-5.49,-1.68,,
2017-07-26,-4.37,0.08,,
2017-07-27,-3.75,0.07,,
2017-07-28,-3.81,0.81,,
2017-07-29,-3.90,0.48,,
2017-07-30,-5.14,0.54,,
2017-07-31,-5.55,0.29,,
2017-08-01,-6.61,-2.40,,
2017-08-02,-7.66,-2.49,,
2017-08-03,-8.05,-0.99,,
2017-08-04,-6.47,-0.57,,
2017-08-05,-5.30,-0.46,,
2017-08-06,-4.62,-1.24,,
2017-08-07,-5.12,-0.45,,
2017-08-08,-6.35,-0.11,,
2017-08-09,-6.19,-2.01,,
2017-08-10,-4.00,-2.80,,
2017-08-11,-2.31,1.56,,
2017-08-12,-4.58,0.64,,
2017-08-13,-5.14,-1.00,,
2017-08-14,-6.05,-1.18,,
2017-08-15,-6.74,-1.43,,
2017-08-16,-6.98,-3.41,,
2017-08-17,-6.19,1.20,,
2017-08-18,-6.38,-2.45,,
2017-08-19,-6.48,-1.50,,
2017-08-20,-4.46,0.63,,
2017-08-21,-5.08,-0.90,,
2017-08-22,-4.81,-1.38,,
2017-08-23,-3.94,-1.13,,
2017-08-24,-4.19,-0.44,,
2017-08-25,-4.66,-1.88,,
2017-08-26,-5.04,-1.94,,
2017-08-27,-4.89,0.51,,
2017-08-28,-3.30,-0.70,,
2017-08-29,-3.28,1.33,,
2017-08-30,-5.34,-0.47,,
2017-08-31,-5.06,-1.45,,
2017-09-01,-4.37,-2.04,,
2017-09-02,-4.80,-1.11,,
2017-09-03,-4.08,0.29,,
2017-09-04,-3.60,-1.10,,
2017-09-05,-3.25,-3.87,,
2017-09-06,7.77,-7.25,,
2017-09-07,-3.66,7.50,,
2017-09-08,-5.17,1.29,,
2017-09-09,-2.85,-2.39,,
2017-09-10,0.38,4.31,,
2017-09-11,-4.06,1.32,,
2017-09-12,-4.60,0.24,,
2017-09-13,-3.64,2.10,,
2017-09-14,-1.16,3.59,,
2017-09-15,-3.95,2.01,,
2017-09-16,-5.04,0.53,,
2017-09-17,-4.43,-0.31,,
2017-09-18,-3.85,-2.80,,
2017-09-19,-6.31,-7.79,,
2017-09-20,-17.28,11.65,,
2017-09-21,-3.37,7.22,,
2017-09-22,-4.14,4.59,,
2017-09-23,-3.45,3.57,,
2017-09-24,-4.06,2.16,,
2017-09-25,-4.10,1.10,,
2017-09-26,-4.61,0.16,,
2017-09-27,-4.65,-0.65,,
2017-09-28,-6.07,-1.18,,
2017-09-29,-5.85,0.20,,
2017-09-30,-4.09,1.49,,
2017-10-01,-3.46,-0.12,,
2017-10-02,-4.83,-0.17,,
2017-10-03,-5.00,-1.43,,
2017-10-04,-4.04,0.42,,
2017-10-05,-2.72,2.45,,
2017-10-06,-2.70,0.38,,
2017-10-07,-3.10,-0.22,,
2017-10-08,-3.34,-0.35,,
2017-10-09,-3.26,0.11,,
2017-10-10,-1.53,2.99,,
2017-10-11,-0.90,2.95,,
2017-10-12,-3.53,0.18,,
2017-10-13,-3.54,-2.05,,
2017-10-14,-2.90,-3.01,,
2017-10-15,-3.17,2.96,,
2017-10-16,-6.13,2.73,,
2017-10-17,-6.07,1.86,,
2017-10-18,-6.62,1.53,,
2017-10-19,-7.92,0.83,,
2017-10-20,-6.71,-0.12,,
2017-10-21,-6.06,0.11,,
2017-10-22,-6.06,-0.74,,
2017-10-23,-5.07,-0.80,,
2017-10-24,-4.06,-0.86,,
2017-10-25,-3.83,1.32,,
2017-10-26,-5.02,-0.00,,
2017-10-27,-4.71,-0.08,,
2017-10-28,-2.73,1.78,,
2017-10-29,-2.31,1.44,,
2017-10-30,-1.86,0.57,,
2017-10-31,-2.97,-0.26,,
2017-11-01,-3.58,-1.67,,
2017-11-02,-4.25,-0.90,,
2017-11-03,-4.11,-1.18,,
2017-11-04,-4.42,-0.46,,
2017-11-05,-4.56,0.24,,
2017-11-06,-3.94,0.48,,
2017-11-07,-4.21,0.15,,
2017-11-08,-4.82,0.76,,
2017-11-09,-5.26,0.65,,
2017-11-10,-5.18,0.45,,
2017-11-11,-4.86,0.34,,
2017-11-12,-5.33,-0.47,,
2017-11-13,-5.52,0.39,,
2017-11-14,-4.56,1.93,,
2017-11-15,-1.89,3.71,,
2017-11-16,-0.12,3.45,,
2017-11-17,-0.22,3.16,,
2017-11-18,0.69,2.58,,
2017-11-19,-1.42,1.37,,
2017-11-20,-2.71,1.44,,
2017-11-21,-4.40,0.94,,
2017-11-22,-3.66,0.45,,
2017-11-23,-3.18,-1.09,,
2017-11-24,-3.68,0.32,,
2017-11-25,-3.78,0.73,,
2017-11-26,-5.12,0.54,,
2017-11-27,-4.13,-0.07,,
2017-11-28,-3.02,0.64,,
2017-11-29,-5.43,-0.76,,
2017-11-30,-3.55,-0.44,,
2017-12-01,-2.19,-0.59,,
2017-12-02,-1.55,-0.79,,
2017-12-03,-2.49,-0.35,,
2017-12-04,-3.60,0.25,,
2017-12-05,-5.54,-2.24,,
2017-12-06,-6.72,-2.45,,
2017-12-07,-7.32,-2.24,,
2017-12-08,-7.19,-1.53,,
2017-12-09,-6.91,-1.10,,
2017-12-10,-5.50,-1.27,,
2017-12-11,-4.18,-3.15,,
2017-12-12,-2.96,0.85,,
2017-12-13,-1.43,1.89,,
2017-12-14,-3.51,0.18,,
2017-12-15,-5.39,-1.86,,
2017-12-16,-6.05,-2.82,,
2017-12-17,-6.35,-3.97,,
2017-12-18,-6.09,-3.37,,
2017-12-19,-5.19,-3.24,,
2017-12-20,-5.14,-2.62,,
2017-12-21,-5.00,-1.82,,
2017-12-22,-5.30,-2.04,,
2017-12-23,-6.51,-1.87,,
2017-12-24,-6.57,-2.01,,
2017-12-25,-6.40,-2.45,,
2017-12-26,-7.09,-2.03,,
2017-12-27,-7.42,-2.56,,
2017-12-28,-6.19,-0.76,,
2017-12-29,-5.60,-1.09,,
2017-12-30,-4.23,-0.98,,
2017-12-31,-4.04,0.21,,
2018-01-01,-5.67,-0.50,,
2018-01-02,-4.28,-1.31,,
2018-01-03,-2.95,0.41,,
2018-01-04,-3.03,1.61,,
2018-01-05,-4.22,1.29,,
2018-01-06,-5.19,0.64,,
2018-01-07,-5.91,1.81,,
2018-01-08,-6.08,0.53,,
2018-01-09,-7.02,-0.61,,
2018-01-10,-6.08,0.42,,
2018-01-11,-7.58,0.40,,
2018-01-12,-7.49,-0.52,,
2018-01-13,-6.84,-0.96,,
2018-01-14,-6.30,-1.34,,
2018-01-15,-4.53,-0.64,,
2018-01-16,-5.20,-1.11,,
2018-01-17,-5.06,-1.17,,
2018-01-18,-4.11,-0.36,,
2018-01-19,-4.12,-0.58,,
2018-01-20,-5.40,-1.55,,
2018-01-21,-5.75,-1.33,,
2018-01-22,-6.24,-0.99,,
2018-01-23,-5.41,-1.25,,
2018-01-24,-5.22,-1.11,,
2018-01-25,-5.92,-2.39,,
2018-01-26,-5.03,-3.27,,
2018-01-27,-7.18,-3.82,,
2018-01-28,-8.85,-3.40,,
2018-01-29,-9.62,-2.22,,
2018-01-30,-7.33,-1.83,,
2018-01-31,-4.83,-2.90,,
2018-02-01,-5.56,-2.36,,
2018-02-02,-5.86,-2.73,,
2018-02-03,-5.37,-3.76,,
2018-02-04,-5.99,-3.32,,
2018-02-05,-6.16,-1.09,,
2018-02-06,-7.00,-1.74,,
2018-02-07,-7.45,-3.16,,
2018-02-08,-7.30,-1.96,,
2018-02-09,-7.36,-1.30,,
2018-02-10,-8.46,-1.95,,
2018-02-11,-9.09,-2.10,,
2018-02-12,-9.18,-3.16,,
2018-02-13,-8.59,-3.47,,
2018-02-14,-7.88,-2.71,,
2018-02-15,-6.49,-2.62,,
2018-02-16,-6.03,-2.20,,
2018-02-17,-6.32,-2.55,,
2018-02-18,-6.67,-1.66,,
2018-02-19,-8.38,-3.05,,
2018-02-20,-7.88,-4.19,,
2018-02-21,-8.46,-3.42,,
2018-02-22,-8.22,-3.49,,
2018-02-23,-7.86,-3.02,,
2018-02-24,-6.82,-2.76,,
2018-02-25,-5.11,-2.38,,
2018-02-26,-5.21,-1.89,,
2018-02-27,-4.55,-1.30,,
2018-02-28,-2.90,-1.23,,
2018-03-01,-3.34,-1.28,,
2018-03-02,-4.12,-0.65,,
2018-03-03,-0.26,1.62,,
2018-03-04,3.35,-0.96,,
2018-03-05,2.43,-3.22,,
2018-03-06,-1.91,-3.30,,
2018-03-07,-4.33,-2.60,,
2018-03-08,-4.96,0.35,,
2018-03-09,-4.73,1.54,,
2018-03-10,-6.31,-0.00,,
2018-03-11,-6.83,0.72,,
2018-03-12,-6.15,2.24,,
2018-03-13,-4.06,3.17,,
2018-03-14,-4.82,2.79,,
2018-03-15,-4.57,1.48,,
2018-03-16,-4.46,0.79,,
2018-03-17,-4.18,0.15,,
2018-03-18,-3.49,0.49,,
2018-03-19,-2.10,1.03,,
2018-03-20,-3.51,0.62,,
2018-03-21,-5.80,0.30,,
2018-03-22,-5.19,1.59,,
2018-03-23,-4.02,1.08,,
2018-03-24,-3.05,-0.16,,
2018-03-25,-4.07,-1.40,,
2018-03-26,-3.90,-0.76,,
2018-03-27,-3.12,-1.39,,
2018-03-28,-3.23,-3.34,,
2018-03-29,-3.49,-5.17,,
2018-03-30,-3.10,-4.78,,
2018-03-31,-3.32,-2.59,,
2018-04-01,-3.37,-1.36,,
2018-04-02,-3.62,-0.32,,
2018-04-03,-3.65,-0.84,,
2018-04-04,-3.88,-1.19,,
2018-04-05,-4.66,-0.57,,
2018-04-06,-4.99,-1.24,,
2018-04-07,-4.30,-0.76,,
2018-04-08,-4.07,1.17,,
2018-04-09,-5.69,-0.10,,
2018-04-10,-6.97,-1.35,,
2018-04-11,-7.01,0.49,,
2018-04-12,-5.09,1.08,,
2018-04-13,-6.04,0.42,,
2018-04-14,-6.85,-0.96,,
2018-04-15,-6.94,-0.61,,
2018-04-16,-5.89,-0.21,,
2018-04-17,-4.88,1.04,,
2018-04-18,-4.33,0.92,,
2018-04-19,-6.14,1.19,,
2018-04-20,-6.94,-0.61,,
2018-04-21,-6.47,-0.57,,
2018-04-22,-5.69,-1.85,,
2018-04-23,-5.34,-0.09,,
2018-04-24,-5.62,-1.40,,
2018-04-25,-5.03,-0.00,,
2018-04-26,-4.88,1.22,,
2018-04-27,-5.99,0.42,,
2018-04-28,-5.88,0.83,,
2018-04-29,-6.09,-0.00,,
2018-04-30,-5.68,-0.00,,
2018-05-01,-4.96,1.81,,
2018-05-02,-5.69,-0.40,,
2018-05-03,-5.74,1.22,,
2018-05-04,-6.41,1.48,,
2018-05-05,-7.44,1.18,,
2018-05-06,-7.55,0.26,,
2018-05-07,-6.86,0.60,,
2018-05-08,-6.33,0.66,,
2018-05-09,-6.60,0.58,,
2018-05-10,-6.70,-0.70,,
2018-05-11,-5.88,0.10,,
2018-05-12,-5.80,0.41,,
2018-05-13,-6.28,0.44,,
2018-05-14,-6.57,0.23,,
2018-05-15,-6.77,-0.47,,
2018-05-16,-6.77,-0.35,,
2018-05-17,-7.77,-0.00,,
2018-05-18,-7.46,-1.18,,
2018-05-19,-7.17,-0.75,,
2018-05-20,-7.13,-0.88,,
2018-05-21,-5.81,-1.66,,
2018-05-22,-6.07,-0.53,,
2018-05-23,-6.27,-0.33,,
2018-05-24,-5.82,-0.10,,
2018-05-25,-5.69,-0.20,,
2018-05-26,-5.53,-0.29,,
2018-05-27,-4.52,0.47,,
2018-05-28,-5.47,0.29,,
2018-05-29,-6.08,-0.00,,
2018-05-30,-5.65,0.49,,
2018-05-31,-5.01,0.09,,
2018-06-01,-5.10,0.09,,
2018-06-02,-4.27,0.99,,
2018-06-03,-4.67,0.99,,
2018-06-04,-5.03,0.09,,
2018-06-05,-5.26,0.09,,
2018-06-06,-4.92,0.87,,
2018-06-07,-5.77,-0.40,,
2018-06-08,-6.11,-0.75,,
2018-06-09,-6.67,-0.12,,
2018-06-10,-6.11,0.75,,
2018-06-11,-6.19,0.98,,
2018-06-12,-6.69,0.47,,
2018-06-13,-6.90,-0.36,,
2018-06-14,-5.78,-1.02,,
2018-06-15,-5.25,-0.46,,
2018-06-16,-4.79,0.33,,
2018-06-17,-4.34,1.25,,
2018-06-18,-4.31,1.40,,
2018-06-19,-4.48,2.69,,
2018-06-20,-3.00,2.80,,
2018-06-21,-4.83,1.20,,
2018-06-22,-6.21,0.76,,
2018-06-23,-5.47,0.87,,
2018-06-24,-7.57,0.13,,
2018-06-25,-7.26,-1.41,,
2018-06-26,-6.27,-2.04,,
2018-06-27,-5.57,-1.39,,
2018-06-28,-5.63,-0.30,,
2018-06-29,-6.23,-0.88,,
2018-06-30,-6.26,-1.92,,
2018-07-01,-5.13,-1.87,,
2018-07-02,-5.56,-0.39,,
2018-07-03,-6.63,-0.23,,
2018-07-04,-7.16,-1.01,,
2018-07-05,-6.16,-1.77,,
2018-07-06,-6.58,-1.28,,
2018-07-07,-7.59,-1.61,,
2018-07-08,-7.22,-2.77,,
2018-07-09,-7.95,0.70,,
2018-07-10,-6.49,1.14,,
2018-07-11,-5.76,-0.81,,
2018-07-12,-5.88,-1.36,,
2018-07-13,-6.21,-0.33,,
2018-07-14,-6.83,-1.21,,
2018-07-15,-6.65,-1.29,,
2018-07-16,-6.67,0.35,,
2018-07-17,-6.74,-0.71,,
2018-07-18,-6.22,-1.78,,
2018-07-19,-6.47,-0.45,,
2018-07-20,-6.75,-0.00,,
2018-07-21,-5.82,-1.13,,
2018-07-22,-5.41,-0.38,,
2018-07-23,-5.66,0.30,,
2018-07-24,-5.74,1.12,,
2018-07-25,-5.52,-0.19,,
2018-07-26,-5.62,0.29,,
2018-07-27,-5.78,0.20,,
2018-07-28,-6.16,-0.65,,
2018-07-29,-6.58,-0.46,,
2018-07-30,-7.08,-1.51,,
2018-07-31,-6.66,-1.79,,
2018-08-01,-6.22,-0.65,,
2018-08-02,-6.07,-0.32,,
2018-08-03,-5.82,-1.34,,
2018-08-04,-6.55,-1.88,,
2018-08-05,-5.94,-1.15,,
2018-08-06,-5.58,-0.39,,
2018-08-07,-5.10,-0.18,,
2018-08-08,-4.55,-1.93,,
2018-08-09,-4.17,-0.37,,
2018-08-10,-4.87,0.08,,
2018-08-11,-5.45,-0.67,,
2018-08-12,-6.89,-0.85,,
2018-08-13,-6.06,-1.40,,
2018-08-14,-5.52,-0.19,,
2018-08-15,-5.46,-1.06,,
2018-08-16,-6.01,-1.17,,
2018-08-17,-5.74,-0.20,,
2018-08-18,-5.02,0.35,,
2018-08-19,-5.83,0.10,,
2018-08-20,-5.56,0.68,,
2018-08-21,-6.04,-0.21,,
2018-08-22,-6.03,-0.00,,
2018-08-23,-6.12,0.11,,
2018-08-24,-4.04,-0.86,,
2018-08-25,-5.54,0.19,,
2018-08-26,-5.66,0.20,,
2018-08-27,-5.58,-0.78,,
2018-08-28,-5.91,-0.94,,
2018-08-29,-7.10,-1.64,,
2018-08-30,-6.07,0.64,,
2018-08-31,-6.20,0.54,,
2018-09-01,-5.60,-1.50,,
2018-09-02,-5.39,-1.65,,
2018-09-03,-5.29,-0.09,,
2018-09-04,-4.44,0.47,,
2018-09-05,-4.06,-0.21,,
2018-09-06,-4.08,-0.79,,
2018-09-07,-4.48,-0.79,,
2018-09-08,-3.80,-0.13,,
2018-09-09,-2.58,-0.99,,
2018-09-10,-1.35,-1.35,,
2018-09-11,-2.24,0.24,,
2018-09-12,-4.28,-1.73,,
2018-09-13,-7.27,-2.94,,
2018-09-14,-8.20,-0.43,,
2018-09-15,-2.62,2.62,,
2018-09-16,-2.70,1.14,,
2018-09-17,-3.80,0.67,,
2018-09-18,-4.44,0.23,,
2018-09-19,-6.35,0.11,,
2018-09-20,-5.96,0.94,,
2018-09-21,-5.97,-1.60,,
2018-09-22,-4.67,-1.08,,
2018-09-23,-4.97,-0.35,,
2018-09-24,-5.87,-0.31,,
2018-09-25,-5.84,-1.46,,
2018-09-26,-5.37,-2.06,,
2018-09-27,-5.35,-2.05,,
2018-09-28,-6.61,-0.70,,
2018-09-29,-6.23,1.79,,
2018-09-30,-4.24,0.15,,
2018-10-01,-3.34,-0.59,,
2018-10-02,-1.84,-0.49,,
2018-10-03,-1.47,0.34,,
2018-10-04,-2.39,0.38,,
2018-10-05,-3.87,0.20,,
2018-10-06,-4.83,0.08,,
2018-10-07,-3.87,0.54,,
2018-10-08,-5.14,1.87,,
2018-10-09,-6.12,-0.75,,
2018-10-10,-5.78,-2.10,,
2018-10-11,-3.52,-0.49,,
2018-10-12,-3.27,0.94,,
2018-10-13,-3.03,1.29,,
2018-10-14,-4.66,-0.33,,
2018-10-15,-5.72,-1.22,,
2018-10-16,-6.10,-3.11,,
2018-10-17,-7.58,-1.20,,
2018-10-18,-6.53,-2.12,,
2018-10-19,-5.59,-2.97,,
2018-10-20,-4.37,-2.63,,
2018-10-21,-4.64,-1.87,,
2018-10-22,-4.49,-1.63,,
2018-10-23,-4.50,-0.96,,
2018-10-24,-3.12,-0.84,,
2018-10-25,-1.74,-0.00,,
2018-10-26,-2.25,-0.95,,
2018-10-27,-3.40,-0.72,,
2018-10-28,-3.47,-2.17,,
2018-10-29,-2.20,-0.27,,
2018-10-30,-1.43,0.33,,
2018-10-31,-2.35,-0.59,,
2018-11-01,-4.27,-0.75,,
2018-11-02,-5.89,-2.03,,
2018-11-03,-7.09,-2.58,,
2018-11-04,-5.62,-2.99,,
2018-11-05,-5.87,-1.68,,
2018-11-06,-4.31,-1.23,,
2018-11-07,-4.21,-0.97,,
2018-11-08,-4.31,0.38,,
2018-11-09,-4.53,-0.24,,
2018-11-10,-4.24,-0.90,,
2018-11-11,-4.59,-0.98,,
2018-11-12,-5.33,-1.73,,
2018-11-13,-6.21,-1.55,,
2018-11-14,-6.61,0.70,,
2018-11-15,-6.50,0.57,,
2018-11-16,-7.31,0.38,,
2018-11-17,-6.16,0.43,,
2018-11-18,-5.81,-0.82,,
2018-11-19,-5.66,-1.10,,
2018-11-20,-5.61,-0.00,,
2018-11-21,-6.30,-0.33,,
2018-11-22,-5.40,0.09,,
2018-11-23,-4.38,0.38,,
2018-11-24,-2.91,1.06,,
2018-11-25,-2.46,-0.00,,
2018-11-26,-2.99,-0.97,,
2018-11-27,-3.14,-0.67,,
2018-11-28,-2.22,1.55,,
2018-11-29,-2.38,-0.59,,
2018-11-30,-4.44,-1.27,,
2018-12-01,-5.46,-0.87,,
2018-12-02,-5.93,-1.26,,
2018-12-03,-5.91,-1.47,,
2018-12-04,-5.35,-0.85,,
2018-12-05,-6.15,0.11,,
2018-12-06,-4.91,-1.31,,
2018-12-07,-5.81,-1.45,,
2018-12-08,-6.03,-1.84,,
2018-12-09,-6.16,-0.65,,
2018-12-10,-6.08,0.96,,
2018-12-11,-4.79,1.28,,
2018-12-12,-2.61,0.51,,
2018-12-13,-5.38,-1.24,,
2018-12-14,-6.86,-0.48,,
2018-12-15,-6.77,0.47,,
2018-12-16,-5.74,0.40,,
2018-12-17,-3.89,1.12,,
2018-12-18,-2.77,0.59,,
2018-12-19,-3.55,0.25,,
2018-12-20,-5.65,0.49,,
2018-12-21,-5.55,-0.29,,
2018-12-22,-4.56,0.40,,
2018-12-23,-4.96,-0.79,,
2018-12-24,-5.50,-1.17,,
2018-12-25,-5.79,-0.92,,
2018-12-26,-6.31,-1.00,,
2018-12-27,-6.67,-1.91,,
2018-12-28,-8.15,-2.97,,
2018-12-29,-8.57,-2.30,,
2018-12-30,-7.87,-2.26,,
2018-12-31,-6.23,-1.90,,
2019-01-01,-6.13,-3.40,,
2019-01-02,-6.74,-2.45,,
2019-01-03,-6.89,-1.34,,
2019-01-04,-5.97,0.10,,
2019-01-05,-6.75,-0.24,,
2019-01-06,-5.98,0.31,,
2019-01-07,-6.00,-0.21,,
2019-01-08,-4.91,-1.99,,
2019-01-09,-4.77,-1.55,,
2019-01-10,-2.73,1.99,,
2019-01-11,-2.07,1.01,,
2019-01-12,-3.08,-1.64,,
2019-01-13,-4.74,-1.91,,
2019-01-14,-4.13,-1.58,,
2019-01-15,-4.37,-0.69,,
2019-01-16,-4.58,0.16,,
2019-01-17,-3.89,0.48,,
2019-01-18,-3.46,-0.74,,
2019-01-19,-4.69,-1.08,,
2019-01-20,-5.72,-0.70,,
2019-01-21,-4.28,-0.00,,
2019-01-22,-4.92,-1.23,,
2019-01-23,-6.55,-2.64,,
2019-01-24,-6.58,-0.46,,
2019-01-25,-6.36,-0.11,,
2019-01-26,-5.46,-1.06,,
2019-01-27,-5.79,0.20,,
2019-01-28,-5.72,0.91,,
2019-01-29,-4.61,0.57,,
2019-01-30,-4.82,-0.08,,
2019-01-31,-5.41,-1.35,,
2019-02-01,-5.46,-1.77,,
2019-02-02,-4.99,-1.34,,
2019-02-03,-4.56,-0.89,,
2019-02-04,-4.22,0.15,,
2019-02-05,-2.82,0.20,,
2019-02-06,-2.13,0.95,,
2019-02-07,-2.31,-0.71,,
2019-02-08,-3.58,-1.98,,
2019-02-09,-4.44,-2.17,,
2019-02-10,-5.83,-2.47,,
2019-02-11,-6.45,-1.85,,
2019-02-12,-6.50,-0.91,,
2019-02-13,-6.65,0.47,,
2019-02-14,-5.47,2.91,,
2019-02-15,-4.71,3.30,,
2019-02-16,-3.22,2.80,,
2019-02-17,-3.93,1.35,,
2019-02-18,-6.11,-0.64,,
2019-02-19,-6.80,-1.20,,
2019-02-20,-6.41,-1.36,,
2019-02-21,-7.34,-1.43,,
2019-02-22,-7.13,-0.75,,
2019-02-23,-6.55,-2.13,,
2019-02-24,-7.00,-1.88,,
2019-02-25,-5.97,-1.60,,
2019-02-26,-6.70,-2.98,,
2019-02-27,-6.72,-1.68,,
2019-02-28,-6.22,0.11,,
2019-03-01,-5.65,1.41,,
2019-03-02,-5.65,0.30,,
2019-03-03,-5.66,0.69,,
2019-03-04,-6.21,0.76,,
2019-03-05,-6.72,1.18,,
2019-03-06,-5.69,1.00,,
2019-03-07,-5.05,-0.44,,
2019-03-08,-5.20,-0.92,,
2019-03-09,-6.14,0.11,,
2019-03-10,-6.08,-1.74,,
2019-03-11,-6.22,-2.64,,
2019-03-12,-4.64,-1.87,,
2019-03-13,-2.74,0.74,,
2019-03-14,-3.90,-0.41,,
2019-03-15,-4.85,-1.30,,
2019-03-16,-4.50,-1.91,,
2019-03-17,-4.30,0.08,,
2019-03-18,-5.82,0.92,,
2019-03-19,-5.24,0.64,,
2019-03-20,-5.22,1.80,,
2019-03-21,-4.48,1.12,,
2019-03-22,-5.42,1.15,,
2019-03-23,-4.83,0.68,,
2019-03-24,-5.18,0.36,,
2019-03-25,-6.78,0.59,,
2019-03-26,-5.19,2.10,,
2019-03-27,-3.61,2.34,,
2019-03-28,-3.29,2.48,,
2019-03-29,-2.04,2.44,,
2019-03-30,-1.94,0.90,,
2019-03-31,-2.19,0.27,,
2019-04-01,-3.15,-0.16,,
2019-04-02,-5.64,-0.49,,
2019-04-03,-6.00,-1.27,,
2019-04-04,-6.53,-2.00,,
2019-04-05,-6.29,-1.00,,
2019-04-06,-7.17,-0.50,,
2019-04-07,-6.29,-0.33,,
2019-04-08,-5.85,-0.51,,
2019-04-09,-5.64,0.39,,
2019-04-10,-5.44,2.31,,
2019-04-11,-4.76,2.42,,
2019-04-12,-5.66,1.10,,
2019-04-13,-7.16,-0.38,,
2019-04-14,-7.18,0.13,,
2019-04-15,-5.83,-0.31,,
2019-04-16,-5.78,-0.40,,
2019-04-17,-6.20,-0.76,,
2019-04-18,-6.18,-0.98,,
2019-04-19,-6.94,-0.73,,
2019-04-20,-7.39,-0.52,,
2019-04-21,-6.31,-0.66,,
2019-04-22,-5.26,-1.61,,
2019-04-23,-3.74,-0.66,,
2019-04-24,-3.15,0.05,,
2019-04-25,-3.68,-1.20,,
2019-04-26,-5.30,-1.22,,
2019-04-27,-5.27,-0.00,,
2019-04-28,-5.23,0.18,,
2019-04-29,-6.86,-0.72,,
2019-04-30,-6.97,-0.24,,
2019-05-01,-6.83,-0.84,,
2019-05-02,-7.48,-0.79,,
2019-05-03,-7.04,-1.24,,
2019-05-04,-6.63,-0.58,,
2019-05-05,-6.65,0.35,,
2019-05-06,-6.82,0.96,,
2019-05-07,-6.58,0.46,,
2019-05-08,-5.66,0.10,,
2019-05-09,-4.54,-0.08,,
2019-05-10,-3.54,0.50,,
2019-05-11,-5.82,-0.20,,
2019-05-12,-5.45,0.67,,
2019-05-13,-5.33,0.75,,
2019-05-14,-4.75,1.10,,
2019-05-15,-3.61,1.11,,
2019-05-16,-3.44,1.05,,
2019-05-17,-4.30,0.30,,
2019-05-18,-5.20,-0.18,,
2019-05-19,-4.70,0.74,,
2019-05-20,-4.89,0.77,,
2019-05-21,-4.85,1.12,,
2019-05-22,-4.39,0.85,,
2019-05-23,-4.23,0.59,,
2019-05-24,-4.19,0.97,,
2019-05-25,-4.78,-0.67,,
2019-05-26,-3.93,-0.00,,
2019-05-27,-3.39,0.66,,
2019-05-28,-3.64,1.11,,
2019-05-29,-4.26,0.83,,
2019-05-30,-3.90,0.41,,
2019-05-31,-5.49,0.29,,
2019-06-01,-6.61,0.35,,
2019-06-02,-4.60,0.73,,
2019-06-03,-2.77,1.18,,
2019-06-04,-3.54,0.62,,
2019-06-05,-3.65,1.19,,
2019-06-06,-3.09,1.13,,
2019-06-07,-3.40,0.79,,
2019-06-08,-4.48,0.63,,
2019-06-09,-5.87,0.62,,
2019-06-10,-6.02,1.84,,
2019-06-11,-5.10,-0.63,,
2019-06-12,-5.24,-1.11,,
2019-06-13,-6.19,-0.22,,
2019-06-14,-6.17,-0.98,,
2019-06-15,-6.17,-1.09,,
2019-06-16,-6.37,-0.78,,
2019-06-17,-6.33,-0.55,,
2019-06-18,-6.65,-1.17,,
2019-06-19,-6.76,-1.19,,
2019-06-20,-6.83,0.60,,
2019-06-21,-5.73,0.20,,
2019-06-22,-5.24,-0.64,,
2019-06-23,-5.08,-0.62,,
2019-06-24,-5.06,-1.36,,
2019-06-25,-4.38,0.62,,
2019-06-26,-4.60,-0.24,,
2019-06-27,-6.24,-0.22,,
2019-06-28,-6.95,0.24,,
2019-06-29,-7.10,-1.25,,
2019-06-30,-6.28,-1.11,,
2019-07-01,-5.38,-1.14,,
2019-07-02,-3.54,0.25,,
2019-07-03,-4.40,-0.54,,
2019-07-04,-6.47,-0.11,,
2019-07-05,-7.72,-0.81,,
2019-07-06,-6.13,-0.86,,
2019-07-07,-5.29,-0.84,,
2019-07-08,-4.97,0.61,,
2019-07-09,-6.08,1.07,,
2019-07-10,-5.80,-0.30,,
2019-07-11,-5.77,-2.21,,
2019-07-12,-5.73,-1.22,,
2019-07-13,-6.06,-0.53,,
2019-07-14,-6.53,0.23,,
2019-07-15,-6.86,-1.58,,
2019-07-16,-5.57,-1.18,,
2019-07-17,-5.21,-0.92,,
2019-07-18,-6.08,-0.64,,
2019-07-19,-5.02,-0.79,,
2019-07-20,-4.21,-0.22,,
2019-07-21,-4.56,-0.08,,
2019-07-22,-5.23,0.27,,
2019-07-23,-6.02,0.42,,
2019-07-24,-6.10,-1.30,,
2019-07-25,-6.42,-1.60,,
2019-07-26,-6.30,-1.00,,
2019-07-27,-5.45,-3.15,,
2019-07-28,-5.77,-2.33,,
2019-07-29,-6.20,-0.54,,
2019-07-30,-4.61,1.50,,
2019-07-31,-4.41,1.10,,
2019-08-01,-5.35,-0.94,,
2019-08-02,-5.68,-1.00,,
2019-08-03,-6.59,1.16,,
2019-08-04,-6.39,-0.45,,
2019-08-05,-7.05,-1.12,,
2019-08-06,-6.45,0.56,,
2019-08-07,-3.47,0.87,,
2019-08-08,-4.52,0.80,,
2019-08-09,-3.65,2.65,,
2019-08-10,-5.44,0.19,,
2019-08-11,-5.54,-0.10,,
2019-08-12,-4.85,1.30,,
2019-08-13,-6.00,0.42,,
2019-08-14,-5.31,-0.00,,
2019-08-15,-7.10,-0.12,,
2019-08-16,-5.07,-3.30,,
2019-08-17,-4.99,-0.70,,
2019-08-18,-5.98,0.10,,
2019-08-19,-5.04,-0.26,,
2019-08-20,-5.05,-0.80,,
2019-08-21,-5.27,-1.41,,
2019-08-22,-4.68,1.34,,
2019-08-23,-5.30,0.65,,
2019-08-24,-4.92,0.69,,
2019-08-25,-5.25,0.55,,
2019-08-26,-5.20,-0.36,,
2019-08-27,-5.19,-2.53,,
2019-08-28,-7.10,2.17,,
2019-08-29,-1.78,4.89,,
2019-08-30,-3.87,1.04,,
2019-08-31,-3.80,-0.00,,
2019-09-01,-3.19,-0.11,,
2019-09-02,-3.44,1.05,,
2019-09-03,-5.09,0.36,,
2019-09-04,-5.77,-0.61,,
2019-09-05,-4.56,-1.84,,
2019-09-06,-3.13,-0.11,,
2019-09-07,-1.62,-0.83,,
2019-09-08,-1.50,-0.46,,
2019-09-09,-2.17,0.66,,
2019-09-10,-3.76,0.20,,
2019-09-11,-3.92,-0.48,,
2019-09-12,-3.44,0.61,,
2019-09-13,-4.25,0.83,,
2019-09-14,-5.39,-0.09,,
2019-09-15,-6.07,-0.64,,
2019-09-16,-5.82,0.10,,
2019-09-17,-6.11,1.19,,
2019-09-18,-5.09,1.36,,
2019-09-19,-4.07,0.43,,
2019-09-20,-2.89,0.35,,
2019-09-21,-1.88,1.82,,
2019-09-22,-4.76,-0.17,,
2019-09-23,-6.13,1.99,,
2019-09-24,-2.37,8.27,,
2019-09-25,1.62,5.63,,
2019-09-26,-0.40,3.83,,
2019-09-27,-2.57,0.94,,
2019-09-28,-2.66,-1.18,,
2019-09-29,-1.70,1.19,,
2019-09-30,-1.35,2.90,,
2019-10-01,-2.69,2.18,,
2019-10-02,-2.61,1.44,,
2019-10-03,-2.95,0.85,,
2019-10-04,-3.18,-0.39,,
2019-10-05,-2.49,0.53,,
2019-10-06,-3.61,0.57,,
2019-10-07,-5.93,-0.10,,
2019-10-08,-6.74,-0.24,,
2019-10-09,-5.13,-0.54,,
2019-10-10,-2.59,-0.46,,
2019-10-11,-0.75,1.53,,
2019-10-12,-1.03,1.65,,
2019-10-13,-2.45,0.30,,
2019-10-14,-3.29,0.11,,
2019-10-15,-2.42,0.88,,
2019-10-16,-2.04,0.21,,
2019-10-17,-3.38,-0.97,,
2019-10-18,-4.65,-0.82,,
2019-10-19,-3.92,1.43,,
2019-10-20,-4.67,-0.82,,
2019-10-21,-5.09,-1.85,,
2019-10-22,-4.16,-1.43,,
2019-10-23,-4.23,-0.07,,
2019-10-24,-4.61,-0.24,,
2019-10-25,-4.67,-0.99,,
2019-10-26,-4.18,-0.66,,
2019-10-27,-4.38,-0.38,,
2019-10-28,-5.09,-1.08,,
2019-10-29,-4.72,-2.41,,
2019-10-30,-4.29,-2.38,,
2019-10-31,-4.19,-1.69,,
2019-11-01,-4.23,-1.38,,
2019-11-02,-3.10,-0.16,,
2019-11-03,-2.47,0.53,,
2019-11-04,-3.62,-0.13,,
2019-11-05,-6.44,0.11,,
2019-11-06,-6.79,-0.36,,
2019-11-07,-6.27,-0.22,,
2019-11-08,-5.38,-0.09,,
2019-11-09,-5.51,0.97,,
2019-11-10,-4.73,2.11,,
2019-11-11,-5.08,0.71,,
2019-11-12,-5.33,-0.19,,
2019-11-13,-3.68,-0.00,,
2019-11-14,-4.30,-1.07,,
2019-11-15,-4.28,-2.57,,
2019-11-16,-2.95,-2.66,,
2019-11-17,-2.71,-1.09,,
2019-11-18,-2.79,0.29,,
2019-11-19,-1.52,-0.27,,
2019-11-20,2.06,-0.44,,
2019-11-21,1.91,-1.66,,
2019-11-22,-1.23,-4.01,,
2019-11-23,-3.25,-3.87,,
2019-11-24,-3.58,-1.23,,
2019-11-25,-3.93,0.62,,
2019-11-26,-4.92,0.17,,
2019-11-27,-4.51,-1.29,,
2019-11-28,-3.36,-1.94,,
2019-11-29,-0.68,-0.84,,
2019-11-30,0.31,-1.16,,
2019-12-01,-2.46,-0.80,,
2019-12-02,-3.91,1.12,,
2019-12-03,-2.26,1.97,,
2019-12-04,-3.56,1.30,,
2019-12-05,-4.53,1.21,,
2019-12-06,-5.01,-0.35,,
2019-12-07,-5.38,-0.85,,
2019-12-08,-4.57,-1.31,,
2019-12-09,-6.45,-1.37,,
2019-12-10,-7.21,-1.40,,
2019-12-11,-6.57,-2.66,,
2019-12-12,-7.00,-2.55,,
2019-12-13,-7.27,-1.15,,
2019-12-14,-6.00,0.84,,
2019-12-15,-6.14,0.43,,
2019-12-16,-6.94,-2.53,,
2019-12-17,-8.12,-0.14,,
2019-12-18,-7.26,1.15,,
2019-12-19,-5.93,0.73,,
2019-12-20,-5.62,-0.69,,
2019-12-21,-5.06,-0.53,,
2019-12-22,-5.28,-0.65,,
2019-12-23,-4.91,-0.52,,
2019-12-24,-4.49,3.38,,
2019-12-25,-2.25,5.06,,
2019-12-26,0.08,4.81,,
2019-12-27,-1.51,-0.52,,
2019-12-28,-3.63,-1.69,,
2019-12-29,-3.50,-0.87,,
2019-12-30,-5.28,-2.14,,
2019-12-31,-2.59,-0.41,,
2020-01-01,-1.90,0.47,,
2020-01-02,-2.31,-0.12,,
2020-01-03,-4.32,-1.66,,
2020-01-04,-5.13,-3.59,,
2020-01-05,-3.92,-2.00,,
2020-01-06,-3.75,-1.44,,
2020-01-07,-5.03,-0.89,,
2020-01-08,-5.63,-0.10,,
2020-01-09,-7.01,-2.28,,
2020-01-10,-9.38,-2.51,,
2020-01-11,-9.58,-3.11,,
2020-01-12,-8.63,-2.48,,
2020-01-13,-9.60,-2.94,,
2020-01-14,-8.19,-2.50,,
2020-01-15,-7.19,-1.01,,
2020-01-16,-5.42,-2.30,,
2020-01-17,-4.97,-1.43,,
2020-01-18,-5.23,-3.53,,
2020-01-19,-7.99,-3.23,,
2020-01-20,-6.22,-0.00,,
2020-01-21,-5.11,1.76,,
2020-01-22,-3.63,3.16,,
2020-01-23,0.19,3.63,,
2020-01-24,-0.42,-2.37,,
2020-01-25,-1.95,-0.87,,
2020-01-26,-2.03,-0.86,,
2020-01-27,-2.23,0.56,,
2020-01-28,0.65,1.69,,
2020-01-29,0.96,0.89,,
2020-01-30,-2.08,0.76,,
2020-01-31,-2.86,0.30,,
2020-02-01,-4.89,-0.77,,
2020-02-02,-3.30,1.07,,
2020-02-03,-2.41,0.56,,
2020-02-04,-4.68,-1.25,,
2020-02-05,-5.39,-0.47,,
2020-02-06,-6.84,1.08,,
2020-02-07,-6.31,1.00,,
2020-02-08,-7.86,-1.67,,
2020-02-09,-6.51,-1.38,,
2020-02-10,-6.95,-0.12,,
2020-02-11,-7.34,-1.29,,
2020-02-12,-7.30,-2.09,,
2020-02-13,-7.86,-2.11,,
2020-02-14,-6.89,-1.09,,
2020-02-15,-6.35,-0.56,,
2020-02-16,-6.33,-0.78,,
2020-02-17,-6.95,-0.73,,
2020-02-18,-7.17,-1.01,,
2020-02-19,-7.07,-1.63,,
2020-02-20,-6.99,-0.73,,
2020-02-21,-5.52,-0.10,,
2020-02-22,-2.66,1.30,,
2020-02-23,-0.35,1.99,,
2020-02-24,-2.00,-1.02,,
2020-02-25,-4.22,-2.53,,
2020-02-26,-5.52,-2.01,,
2020-02-27,-4.67,-1.70,,
2020-02-28,-4.14,-0.81,,
2020-02-29,-3.06,-0.16,,
2020-03-01,-2.90,0.36,,
2020-03-02,-3.72,-0.79,,
2020-03-03,-5.48,-0.77,,
2020-03-04,-5.18,-0.91,,
2020-03-05,-5.45,0.19,,
2020-03-06,-5.08,0.18,,
2020-03-07,-3.87,0.75,,
2020-03-08,-3.39,-0.36,,
2020-03-09,-5.66,-2.64,,
2020-03-10,-5.94,0.42,,
2020-03-11,-4.95,0.09,,
2020-03-12,-4.86,0.86,,
2020-03-13,-3.49,0.06,,
2020-03-14,-2.44,-2.35,,
2020-03-15,-2.17,-5.38,,
2020-03-16,0.00,-5.18,,
2020-03-17,-3.45,-4.41,,
2020-03-18,-4.29,-1.65,,
2020-03-19,-5.31,-2.82,,
2020-03-20,-6.23,-3.31,,
2020-03-21,-6.69,-3.71,,
2020-03-22,-6.76,-2.73,,
2020-03-23,-6.95,-2.39,,
2020-03-24,-6.47,-1.86,,
2020-03-25,-5.33,-1.04,,
2020-03-26,-3.39,0.60,,
2020-03-27,-2.63,0.46,,
2020-03-28,-4.84,-1.21,,
2020-03-29,-6.39,-2.33,,
2020-03-30,-5.37,-3.35,,
2020-03-31,-4.57,-1.40,,
2020-04-01,-3.02,0.92,,
2020-04-02,-3.14,1.74,,
2020-04-03,-2.18,2.10,,
2020-04-04,-1.22,1.62,,
2020-04-05,-2.12,0.26,,
2020-04-06,-3.42,-0.98,,
2020-04-07,-3.45,-1.33,,
2020-04-08,-3.92,-0.83,,
2020-04-09,-1.61,2.90,,
2020-04-10,-2.13,1.92,,
2020-04-11,-2.78,1.01,,
2020-04-12,-4.18,0.07,,
2020-04-13,-5.36,-1.95,,
2020-04-14,-5.63,-1.83,,
2020-04-15,-5.29,-1.03,,
2020-04-16,-5.03,-0.18,,
2020-04-17,-4.97,-0.52,,
2020-04-18,-5.21,-0.18,,
2020-04-19,-5.34,0.09,,
2020-04-20,-5.13,1.18,,
2020-04-21,-5.30,1.52,,
2020-04-22,-3.44,1.83,,
2020-04-23,-4.70,0.49,,
2020-04-24,-6.30,-1.00,,
2020-04-25,-5.95,0.63,,
2020-04-26,-6.51,-0.00,,
2020-04-27,-5.87,0.62,,
2020-04-28,-4.59,-0.56,,
2020-04-29,-5.41,-0.00,,
2020-04-30,-5.46,1.16,,
2020-05-01,-5.99,1.16,,
2020-05-02,-5.25,1.50,,
2020-05-03,-3.93,0.07,,
2020-05-04,-4.33,0.61,,
2020-05-05,-4.83,0.85,,
2020-05-06,-6.03,1.50,,
2020-05-07,-5.87,2.62,,
2020-05-08,-4.76,2.02,,
2020-05-09,-5.49,0.87,,
2020-05-10,-6.99,0.37,,
2020-05-11,-6.49,1.74,,
2020-05-12,-5.39,1.65,,
2020-05-13,-5.15,1.00,,
2020-05-14,-5.53,0.19,,
2020-05-15,-5.91,0.41,,
2020-05-16,-5.28,2.03,,
2020-05-17,-5.51,1.58,,
2020-05-18,-5.42,0.96,,
2020-05-19,-5.73,0.50,,
2020-05-20,-4.93,0.78,,
2020-05-21,-3.72,1.90,,
2020-05-22,-3.64,2.02,,
2020-05-23,-3.24,1.65,,
2020-05-24,-2.80,1.82,,
2020-05-25,-4.31,2.01,,
2020-05-26,-4.55,2.03,,
2020-05-27,-3.15,1.34,,
2020-05-28,-2.96,-0.21,,
2020-05-29,-3.70,1.57,,
2020-05-30,-4.33,0.45,,
2020-05-31,-5.42,-0.19,,
2020-06-01,-4.33,1.08,,
2020-06-02,-4.83,-0.08,,
2020-06-03,-5.72,0.40,,
2020-06-04,-6.77,0.24,,
2020-06-05,-6.91,-1.10,,
2020-06-06,-6.15,-0.76,,
2020-06-07,-5.45,-0.10,,
2020-06-08,-3.84,0.40,,
2020-06-09,-2.87,0.10,,
2020-06-10,-2.61,0.23,,
2020-06-11,-3.17,0.33,,
2020-06-12,-2.56,1.25,,
2020-06-13,-3.15,1.47,,
2020-06-14,-4.77,1.46,,
2020-06-15,-6.00,0.52,,
2020-06-16,-5.78,-0.00,,
2020-06-17,-5.99,-0.31,,
2020-06-18,-5.31,0.19,,
2020-06-19,-5.91,-0.00,,
2020-06-20,-6.35,-1.01,,
2020-06-21,-5.65,-0.49,,
2020-06-22,-6.36,-0.78,,
2020-06-23,-5.20,-1.69,,
2020-06-24,-5.19,-0.82,,
2020-06-25,-7.03,-0.37,,
2020-06-26,-6.89,-1.22,,
2020-06-27,-6.70,-1.42,,
2020-06-28,-4.91,-1.41,,
2020-06-29,-4.27,-1.55,,
2020-06-30,-4.96,0.70,,
2020-07-01,-5.77,-0.30,,
2020-07-02,-6.17,0.43,,
2020-07-03,-5.31,0.75,,
2020-07-04,-5.28,-0.09,,
2020-07-05,-5.70,-0.00,,
2020-07-06,-6.28,-1.45,,
2020-07-07,-6.21,-0.65,,
2020-07-08,-6.27,1.68,,
2020-07-09,-5.83,-0.41,,
2020-07-10,-6.33,-0.22,,
2020-07-11,-6.50,-1.50,,
2020-07-12,-5.74,-0.10,,
2020-07-13,-5.68,0.10,,
2020-07-14,-5.53,-1.48,,
2020-07-15,-4.90,-1.98,,
2020-07-16,-4.88,0.60,,
2020-07-17,-4.86,0.17,,
2020-07-18,-3.71,-0.39,,
2020-07-19,-5.23,-0.64,,
2020-07-20,-5.25,-0.55,,
2020-07-21,-4.91,0.60,,
2020-07-22,-5.45,-0.00,,
2020-07-23,-6.38,-1.36,,
2020-07-24,-6.52,0.23,,
2020-07-25,-7.39,-1.44,,
2020-07-26,-5.69,-1.74,,
2020-07-27,-5.36,-2.85,,
2020-07-28,-6.19,-2.76,,
2020-07-29,-8.39,-4.28,,
2020-07-30,-8.04,6.06,,
2020-07-31,-6.40,0.11,,
2020-08-01,-4.65,-0.16,,
2020-08-02,-3.55,0.56,,
2020-08-03,-3.96,2.11,,
2020-08-04,-5.02,0.62,,
2020-08-05,-4.81,-0.93,,
2020-08-06,-5.13,0.18,,
2020-08-07,-5.73,-0.50,,
2020-08-08,-6.58,-1.04,,
2020-08-09,-5.42,-2.08,,
2020-08-10,-5.03,-1.16,,
2020-08-11,-5.45,-0.77,,
2020-08-12,-6.17,-1.42,,
2020-08-13,-6.19,-0.76,,
2020-08-14,-5.79,-1.77,,
2020-08-15,-4.54,-0.88,,
2020-08-16,-3.41,0.30,,
2020-08-17,-6.35,-0.33,,
2020-08-18,-7.13,-0.75,,
2020-08-19,-5.86,-0.20,,
2020-08-20,-5.63,-1.94,,
2020-08-21,-4.39,-3.07,,
2020-08-22,-4.36,4.68,,
2020-08-23,-6.27,0.33,,
2020-08-24,-4.42,-1.97,,
2020-08-25,-4.58,1.14,,
2020-08-26,-5.00,-0.26,,
2020-08-27,-5.36,-2.39,,
2020-08-28,-5.41,-1.55,,
2020-08-29,-4.96,-3.34,,
2020-08-30,-6.36,-3.10,,
2020-08-31,-5.66,-1.52,,
2020-09-01,-4.75,0.84,,
2020-09-02,-6.19,-0.54,,
2020-09-03,-4.16,0.15,,
2020-09-04,-5.67,-0.80,,
2020-09-05,-5.84,-0.51,,
2020-09-06,-4.83,-0.85,,
2020-09-07,-3.95,0.28,,
2020-09-08,-3.99,0.28,,
2020-09-09,-5.15,-0.00,,
2020-09-10,-4.35,-1.41,,
2020-09-11,-3.04,-1.11,,
2020-09-12,-2.69,-0.33,,
2020-09-13,-2.92,1.24,,
2020-09-14,-3.69,0.92,,
2020-09-15,-4.14,-0.07,,
2020-09-16,-4.32,-1.66,,
2020-09-17,-3.14,-3.88,,
2020-09-18,-2.47,-1.79,,
2020-09-19,-0.52,-0.94,,
2020-09-20,0.87,1.34,,
2020-09-21,-0.10,1.92,,
2020-09-22,0.20,2.28,,
2020-09-23,-1.96,1.83,,
2020-09-24,-2.64,0.09,,
2020-09-25,-3.17,-0.73,,
2020-09-26,-3.77,-2.45,,
2020-09-27,-4.09,-2.36,,
2020-09-28,-5.49,0.29,,
2020-09-29,-5.83,2.01,,
2020-09-30,-6.26,-0.33,,
2020-10-01,-7.55,-0.79,,
2020-10-02,-7.25,0.63,,
2020-10-03,-4.85,1.76,,
2020-10-04,-4.96,-0.17,,
2020-10-05,-5.03,-0.44,,
2020-10-06,-4.61,0.16,,
2020-10-07,-3.78,1.08,,
2020-10-08,-2.95,0.36,,
2020-10-09,-2.72,-1.51,,
2020-10-10,-3.31,-0.00,,
2020-10-11,-4.58,0.48,,
2020-10-12,-4.24,0.07,,
2020-10-13,-2.65,1.85,,
2020-10-14,-3.00,0.10,,
2020-10-15,-5.09,-0.27,,
2020-10-16,-5.51,2.00,,
2020-10-17,-4.45,0.86,,
2020-10-18,-3.41,-0.30,,
2020-10-19,-0.61,-1.87,,
2020-10-20,1.92,-0.52,,
2020-10-21,-0.10,1.84,,
2020-10-22,-2.20,2.28,,
2020-10-23,-4.71,0.50,,
2020-10-24,-5.87,1.25,,
2020-10-25,-6.58,-1.04,,
2020-10-26,-6.79,-2.34,,
2020-10-27,-6.43,-0.79,,
2020-10-28,-6.52,-2.12,,
2020-10-29,-6.78,-0.24,,
2020-10-30,-8.01,0.84,,
2020-10-31,-7.18,-0.00,,
2020-11-01,-7.66,-0.40,,
2020-11-02,-5.74,2.32,,
2020-11-03,-5.16,2.09,,
2020-11-04,-5.83,-0.20,,
2020-11-05,-5.93,-0.73,,
2020-11-06,-4.68,0.91,,
2020-11-07,-3.94,1.28,,
2020-11-08,-4.33,1.58,,
2020-11-09,-5.59,-0.49,,
2020-11-10,-4.98,1.91,,
2020-11-11,-4.88,2.60,,
2020-11-12,-6.09,0.11,,
2020-11-13,-6.42,-0.79,,
2020-11-14,-5.33,-1.63,,
2020-11-15,-5.43,-2.53,,
2020-11-16,-5.48,-1.47,,
2020-11-17,-5.28,0.56,,
2020-11-18,-4.56,0.48,,
2020-11-19,-5.29,-0.93,,
2020-11-20,-6.31,0.22,,
2020-11-21,-6.64,0.82,,
2020-11-22,-6.31,2.17,,
2020-11-23,-5.28,2.81,,
2020-11-24,-3.69,1.96,,
2020-11-25,-2.91,-0.51,,
2020-11-26,-3.83,-2.12,,
2020-11-27,-2.84,-1.70,,
2020-11-28,-2.48,-1.11,,
2020-11-29,-4.16,-0.73,,
2020-11-30,-4.86,-2.37,,
2020-12-01,-4.51,-1.12,,
2020-12-02,-3.61,-1.68,,
2020-12-03,-4.20,-1.96,,
2020-12-04,-5.24,-2.67,,
2020-12-05,-4.87,-1.12,,
2020-12-06,-3.51,0.12,,
2020-12-07,-4.24,1.14,,
2020-12-08,-2.49,1.88,,
2020-12-09,-1.62,0.59,,
2020-12-10,-3.39,-0.24,,
2020-12-11,-4.96,-1.42,,
2020-12-12,-5.17,-1.29,,
2020-12-13,-3.89,-1.26,,
2020-12-14,-3.74,-2.25,,
2020-12-15,-1.95,-3.38,,
2020-12-16,-2.75,-1.22,,
2020-12-17,-4.17,0.07,,
2020-12-18,-5.22,-0.92,,
2020-12-19,-5.05,-2.04,,
2020-12-20,-6.08,-1.74,,
2020-12-21,-6.17,-0.32,,
2020-12-22,-6.39,-1.13,,
2020-12-23,-5.45,-2.20,,
2020-12-24,-7.83,-1.95,,
2020-12-25,-6.32,-0.33,,
2020-12-26,-3.56,-0.76,,
2020-12-27,-2.91,-1.12,,
2020-12-28,-2.87,-0.05,,
2020-12-29,0.48,-2.71,,
2020-12-30,-3.41,-6.69,,
2020-12-31,-8.00,-4.62,,
2021-01-01,-8.05,-4.10,,
2021-01-02,-7.25,-3.85,,
2021-01-03,-6.43,-3.28,,
2021-01-04,-4.98,-3.11,,
2021-01-05,-4.43,-0.94,,
2021-01-06,-2.88,-0.40,,
2021-01-07,-3.90,-0.97,,
2021-01-08,-5.30,-0.46,,
2021-01-09,-4.62,0.57,,
2021-01-10,-4.72,-0.16,,
2021-01-11,-6.16,-0.76,,
2021-01-12,-6.37,-2.44,,
2021-01-13,-6.17,-1.42,,
2021-01-14,-5.66,1.10,,
2021-01-15,-3.97,-0.84,,
2021-01-16,-4.88,-0.86,,
2021-01-17,-4.61,-1.59,,
2021-01-18,-5.94,-0.42,,
2021-01-19,-6.38,-1.71,,
2021-01-20,-6.27,-1.45,,
2021-01-21,-4.05,-0.86,,
2021-01-22,-3.78,-0.53,,
2021-01-23,-3.59,-0.51,,
2021-01-24,-3.80,-1.77,,
2021-01-25,-4.84,-2.68,,
2021-01-26,-5.82,-2.23,,
2021-01-27,-6.31,-2.29,,
2021-01-28,-4.78,-1.65,,
2021-01-29,-1.37,-1.81,,
2021-01-30,-3.87,-2.71,,
2021-01-31,-6.22,-2.64,,
2021-02-01,-6.65,0.58,,
2021-02-02,-5.24,3.15,,
2021-02-03,-3.71,1.42,,
2021-02-04,-4.28,1.56,,
2021-02-05,-5.25,0.28,,
2021-02-06,-6.59,-0.81,,
2021-02-07,-7.03,-0.25,,
2021-02-08,-5.85,-0.20,,
2021-02-09,-6.69,-2.31,,
2021-02-10,-6.57,-1.76,,
2021-02-11,-6.20,-1.43,,
2021-02-12,-6.79,-0.24,,
2021-02-13,-7.07,0.74,,
2021-02-14,-7.69,-0.40,,
2021-02-15,-7.38,-0.65,,
2021-02-16,-7.63,-0.94,,
2021-02-17,-7.57,-1.61,,
2021-02-18,-8.39,-1.78,,
2021-02-19,-7.08,-1.77,,
2021-02-20,-5.91,-0.41,,
2021-02-21,-5.21,-1.20,,
2021-02-22,-6.71,-2.05,,
2021-02-23,-6.97,0.37,,
2021-02-24,-6.70,-0.94,,
2021-02-25,-7.40,-1.44,,
2021-02-26,-7.12,-2.59,,
2021-02-27,-7.80,-2.39,,
2021-02-28,-7.56,-3.85,,
2021-03-01,-7.03,-4.22,,
2021-03-02,-5.72,-3.04,,
2021-03-03,-5.73,-0.50,,
2021-03-04,-3.41,1.74,,
2021-03-05,-2.84,1.64,,
2021-03-06,-4.59,1.32,,
2021-03-07,-5.53,1.07,,
2021-03-08,-4.75,0.08,,
2021-03-09,-5.62,-2.74,,
2021-03-10,-6.21,-1.10,,
2021-03-11,-5.45,-1.77,,
2021-03-12,-3.95,-0.14,,
2021-03-13,-2.15,-0.04,,
2021-03-14,-0.92,-2.28,,
2021-03-15,-1.91,-2.20,,
2021-03-16,-4.24,-5.06,,
2021-03-17,-6.34,-3.37,,
2021-03-18,-6.00,-3.33,,
2021-03-19,-6.34,-2.43,,
2021-03-20,-5.93,-1.05,,
2021-03-21,-5.91,-0.73,,
2021-03-22,-5.16,0.09,,
2021-03-23,-4.45,0.47,,
2021-03-24,-4.56,-0.08,,
2021-03-25,-5.61,-1.09,,
2021-03-26,-6.34,-1.82,,
2021-03-27,-6.80,-2.08,,
2021-03-28,-7.47,-2.14,,
2021-03-29,-7.77,-0.95,,
2021-03-30,-7.28,-1.81,,
2021-03-31,-7.60,-2.04,,
2021-04-01,-7.06,-1.25,,
2021-04-02,-6.51,1.15,,
2021-04-03,-4.68,1.98,,
2021-04-04,-3.66,1.56,,
2021-04-05,-3.19,0.51,,
2021-04-06,-3.51,-1.42,,
2021-04-07,-3.99,-2.40,,
2021-04-08,-4.24,-3.43,,
2021-04-09,-4.48,-3.26,,
2021-04-10,-4.37,-3.29,,
2021-04-11,-4.05,-1.72,,
2021-04-12,-3.83,0.33,,
2021-04-13,-1.64,1.95,,
2021-04-14,0.51,-2.20,,
2021-04-15,-2.95,-3.64,,
2021-04-16,-4.20,-0.44,,
2021-04-17,-4.26,1.99,,
2021-04-18,-3.99,1.61,,
2021-04-19,-5.21,0.64,,
2021-04-20,-5.91,-0.21,,
2021-04-21,-6.42,-0.68,,
2021-04-22,-5.87,0.31,,
2021-04-23,-4.86,1.21,,
2021-04-24,-5.14,-0.09,,
2021-04-25,-5.39,-0.28,,
2021-04-26,-4.47,1.12,,
2021-04-27,-4.48,0.23,,
2021-04-28,-5.45,-0.86,,
2021-04-29,-5.71,-0.10,,
2021-04-30,-5.63,-0.39,,
2021-05-01,-4.67,-0.82,,
2021-05-02,-5.15,-1.58,,
2021-05-03,-5.30,-2.25,,
2021-05-04,-6.51,-0.80,,
2021-05-05,-6.47,-0.57,,
2021-05-06,-5.87,-0.83,,
2021-05-07,-5.78,-0.61,,
2021-05-08,-5.08,0.99,,
2021-05-09,-6.12,-0.32,,
2021-05-10,-7.14,-0.00,,
2021-05-11,-6.85,-0.36,,
2021-05-12,-6.36,-1.12,,
2021-05-13,-6.31,-0.44,,
2021-05-14,-5.53,0.68,,
2021-05-15,-4.30,1.40,,
2021-05-16,-4.41,1.78,,
2021-05-17,-4.27,0.99,,
2021-05-18,-4.25,1.55,,
2021-05-19,-3.36,2.10,,
2021-05-20,-3.18,1.28,,
2021-05-21,-5.19,0.55,,
2021-05-22,-6.14,-0.21,,
2021-05-23,-6.05,-0.21,,
2021-05-24,-5.58,-0.78,,
2021-05-25,-5.93,-1.37,,
2021-05-26,-5.78,-1.44,,
2021-05-27,-4.54,-0.40,,
2021-05-28,-3.14,0.27,,
2021-05-29,-4.26,0.83,,
2021-05-30,-6.01,0.21,,
2021-05-31,-5.36,-0.00,,
2021-06-01,-6.14,-0.43,,
2021-06-02,-5.46,-0.87,,
2021-06-03,-6.21,-0.33,,
2021-06-04,-6.45,-0.45,,
2021-06-05,-6.87,-0.24,,
2021-06-06,-6.54,-0.92,,
2021-06-07,-5.77,-0.40,,
2021-06-08,-6.02,-0.63,,
2021-06-09,-5.33,-0.75,,
2021-06-10,-4.96,-0.96,,
2021-06-11,-4.11,0.43,,
2021-06-12,-4.45,0.23,,
2021-06-13,-5.05,-0.00,,
2021-06-14,-6.40,0.11,,
2021-06-15,-6.81,-0.96,,
2021-06-16,-6.81,-1.20,,
2021-06-17,-7.61,0.40,,
2021-06-18,-6.99,1.49,,
2021-06-19,-7.00,-0.86,,
2021-06-20,-6.35,-0.11,,
2021-06-21,-7.05,-0.99,,
2021-06-22,-6.10,-0.97,,
2021-06-23,-6.24,-1.56,,
2021-06-24,-5.61,-1.09,,
2021-06-25,-5.24,-0.55,,
2021-06-26,-4.70,1.71,,
2021-06-27,-4.78,1.65,,
2021-06-28,-5.50,-0.00,,
2021-06-29,-5.60,-0.20,,
2021-06-30,-6.82,-1.70,,
2021-07-01,-8.01,0.28,,
2021-07-02,-8.42,-1.33,,
2021-07-03,-7.68,2.95,,
2021-07-04,-5.70,-0.40,,
2021-07-05,-5.58,0.10,,
2021-07-06,-6.22,0.11,,
2021-07-07,-7.16,-1.01,,
2021-07-08,-7.43,-1.31,,
2021-07-09,-6.95,-1.73,,
2021-07-10,-6.50,-0.68,,
2021-07-11,-7.15,-0.88,,
2021-07-12,-7.13,-0.37,,
2021-07-13,-5.89,-1.47,,
2021-07-14,-5.08,-0.53,,
2021-07-15,-5.37,-0.38,,
2021-07-16,-6.40,-0.11,,
2021-07-17,-6.45,-1.14,,
2021-07-18,-6.52,-0.69,,
2021-07-19,-6.88,0.12,,
2021-07-20,-6.06,-0.32,,
2021-07-21,-5.87,-1.46,,
2021-07-22,-6.42,-0.45,,
2021-07-23,-6.63,-0.93,,
2021-07-24,-5.83,0.51,,
2021-07-25,-4.55,2.03,,
2021-07-26,-5.32,-0.09,,
2021-07-27,-5.31,-1.93,,
2021-07-28,-6.09,-0.21,,
2021-07-29,-5.75,1.01,,
2021-07-30,-6.00,-0.10,,
2021-07-31,-6.56,-0.34,,
2021-08-01,-5.11,-0.81,,
2021-08-02,-3.86,-0.34,,
2021-08-03,-3.73,0.46,,
2021-08-04,-4.23,0.75,,
2021-08-05,-5.36,-0.66,,
2021-08-06,-5.00,-1.25,,
2021-08-07,-4.49,-1.91,,
2021-08-08,-5.98,-1.16,,
2021-08-09,-5.81,-0.71,,
2021-08-10,-6.43,-2.73,,
2021-08-11,-5.22,2.43,,
2021-08-12,-6.47,-1.02,,
2021-08-13,-5.39,-2.40,,
2021-08-14,-6.08,0.21,,
2021-08-15,-6.52,0.80,,
2021-08-16,-5.35,2.49,,
2021-08-17,-5.78,0.20,,
2021-08-18,-5.87,-0.83,,
2021-08-19,-6.67,-2.17,,
2021-08-20,-6.83,-1.21,,
2021-08-21,-6.39,-0.90,,
2021-08-22,-7.25,-1.94,,
2021-08-23,-7.75,-2.52,,
2021-08-24,-6.00,-0.63,,
2021-08-25,-5.32,0.09,,
2021-08-26,-4.75,-0.58,,
2021-08-27,-6.30,-1.00,,
2021-08-28,-6.09,-2.10,,
2021-08-29,-3.94,-2.66,,
2021-08-30,-1.62,-2.80,,
2021-08-31,-0.80,-0.88,,
2021-09-01,-1.80,0.73,,
2021-09-02,-3.86,-0.27,,
2021-09-03,-5.37,-0.47,,
2021-09-04,-6.28,-0.22,,
2021-09-05,-5.45,-1.46,,
2021-09-06,-5.27,-2.92,,
2021-09-07,-4.31,-2.10,,
2021-09-08,-2.88,-0.56,,
2021-09-09,-3.01,0.81,,
2021-09-10,-4.31,0.30,,
2021-09-11,-5.61,-1.30,,
2021-09-12,-5.80,0.10,,
2021-09-13,-4.86,-0.86,,
2021-09-14,-4.98,-0.17,,
2021-09-15,-3.81,1.39,,
2021-09-16,-4.34,0.15,,
2021-09-17,-4.54,-0.48,,
2021-09-18,-4.12,-1.75,,
2021-09-19,-3.34,-1.70,,
2021-09-20,-2.06,-1.99,,
2021-09-21,0.44,3.12,,
2021-09-22,-0.68,3.20,,
2021-09-23,-1.12,2.19,,
2021-09-24,-1.23,1.37,,
2021-09-25,-2.16,-0.15,,
2021-09-26,-2.85,0.20,,
2021-09-27,-3.40,-0.18,,
2021-09-28,-3.03,1.10,,
2021-09-29,-3.20,-0.11,,
2021-09-30,-2.16,-1.46,,
2021-10-01,-2.84,1.26,,
2021-10-02,-4.82,0.34,,
2021-10-03,-6.55,0.46,,
2021-10-04,-7.72,-0.00,,
2021-10-05,-8.06,-0.85,,
2021-10-06,-6.74,-1.56,,
2021-10-07,-5.82,-0.71,,
2021-10-08,-5.70,-0.40,,
2021-10-09,-5.88,-0.83,,
2021-10-10,-6.74,-0.83,,
2021-10-11,-6.03,2.43,,
2021-10-12,-4.67,0.66,,
2021-10-13,-1.93,3.34,,
2021-10-14,0.11,3.21,,
2021-10-15,0.99,2.22,,
2021-10-16,-0.97,0.63,,
2021-10-17,-0.63,1.29,,
2021-10-18,-1.31,-0.45,,
2021-10-19,-2.29,-0.57,,
2021-10-20,-4.18,0.22,,
2021-10-21,-4.99,1.06,,
2021-10-22,-6.32,0.89,,
2021-10-23,-6.75,0.47,,
2021-10-24,-4.81,-1.38,,
2021-10-25,-4.86,0.86,,
2021-10-26,-3.53,1.57,,
2021-10-27,-2.59,1.56,,
2021-10-28,-2.17,1.30,,
2021-10-29,-2.95,1.13,,
2021-10-30,-3.96,0.99,,
2021-10-31,-3.72,0.59,,
2021-11-01,-4.29,-0.53,,
2021-11-02,-4.35,-2.22,,
2021-11-03,-4.25,-0.67,,
2021-11-04,-4.99,-0.09,,
2021-11-05,-5.34,0.85,,
2021-11-06,-5.30,0.37,,
2021-11-07,-3.57,0.50,,
2021-11-08,-2.87,0.40,,
2021-11-09,-3.17,-0.11,,
2021-11-10,-4.60,-0.40,,
2021-11-11,-5.37,-1.44,,
2021-11-12,-6.09,-1.63,,
2021-11-13,-5.81,-1.13,,
2021-11-14,-5.53,-0.58,,
2021-11-15,-6.21,-0.22,,
2021-11-16,-5.92,-2.51,,
2021-11-17,-6.23,-3.60,,
2021-11-18,-6.44,-2.34,,
2021-11-19,-5.64,-2.05,,
2021-11-20,-3.95,-1.84,,
2021-11-21,-4.04,-0.00,,
2021-11-22,-3.54,-0.12,,
2021-11-23,-3.13,1.66,,
2021-11-24,-1.63,0.20,,
2021-11-25,-1.22,-2.51,,
2021-11-26,-3.92,-5.02,,
2021-11-27,-2.79,-2.89,,
2021-11-28,-3.83,-0.88,,
2021-11-29,-4.41,0.86,,
2021-11-30,-4.55,0.08,,
2021-12-01,-4.97,-1.62,,
2021-12-02,-5.96,-0.42,,
2021-12-03,-4.48,-0.31,,
2021-12-04,-4.50,-1.91,,
2021-12-05,-6.04,-0.85,,
2021-12-06,-6.97,-1.35,,
2021-12-07,-6.18,-1.89,,
2021-12-08,-6.05,-1.97,,
2021-12-09,-5.36,-1.95,,
2021-12-10,-6.06,-2.45,,
2021-12-11,-6.99,-3.56,,
2021-12-12,-6.68,-2.70,,
2021-12-13,-6.97,-2.40,,
2021-12-14,-7.53,-2.74,,
2021-12-15,-6.88,-1.84,,
2021-12-16,-7.51,-2.44,,
2021-12-17,-7.68,-2.06,,
2021-12-18,-7.47,-2.87,,
2021-12-19,-6.71,-2.05,,
2021-12-20,-5.97,-0.42,,
2021-12-21,-4.18,-0.51,,
2021-12-22,-4.71,1.81,,
2021-12-23,-4.39,2.74,,
2021-12-24,-2.33,1.19,,
2021-12-25,-3.76,-1.22,,
2021-12-26,-4.12,-0.73,,
2021-12-27,-3.29,-2.57,,
2021-12-28,-4.91,-3.07,,
2021-12-29,-5.17,-2.52,,
2021-12-30,-6.10,-3.38,,
2021-12-31,-6.35,-2.19,,
2022-01-01,-6.13,-2.11,-0.258,0.008
2022-01-02,-5.56,-1.91,-0.248,0.006
2022-01-03,-5.54,-1.28,-0.241,-0.003
2022-01-04,-4.52,-1.47,-0.197,0.010
2022-01-05,-5.20,-1.39,-0.210,0.020
2022-01-06,-5.09,-1.36,-0.156,-0.001
2022-01-07,-5.24,0.55,-0.155,0.065
2022-01-08,-6.19,-1.89,-0.155,-0.023
2022-01-09,-6.33,-3.37,-0.174,-0.049
2022-01-10,-5.63,-1.83,-0.139,-0.032
2022-01-11,-3.79,-1.31,-0.083,-0.082
2022-01-12,-4.57,-1.22,-0.113,-0.048
2022-01-13,-3.10,2.02,-0.062,0.012
2022-01-14,0.07,3.85,0.007,0.088
2022-01-15,-1.46,1.41,-0.078,-0.031
2022-01-16,-4.72,-0.33,-0.202,-0.022
2022-01-17,-5.14,1.38,-0.167,0.085
2022-01-18,-3.75,0.87,-0.119,0.034
2022-01-19,-6.04,-0.21,-0.186,0.052
2022-01-20,-6.68,-1.06,-0.175,0.030
2022-01-21,-7.21,-1.01,-0.176,0.026
2022-01-22,-6.54,-1.63,-0.143,-0.009
2022-01-23,-3.98,-1.14,-0.076,-0.049
2022-01-24,-2.92,0.52,-0.028,-0.014
2022-01-25,-5.12,1.00,-0.100,0.009
2022-01-26,-5.26,-0.93,-0.119,-0.031
2022-01-27,-4.80,-1.94,-0.118,-0.056
2022-01-28,-4.42,-1.70,-0.110,-0.068
2022-01-29,-3.89,-0.07,-0.112,-0.004
2022-01-30,-3.21,0.80,-0.098,-0.038
2022-01-31,-2.83,1.03,-0.091,0.048
2022-02-01,-2.56,-0.27,-0.115,-0.040
2022-02-02,-4.41,-0.86,-0.169,0.042
2022-02-03,-4.05,-1.32,-0.127,0.019
2022-02-04,-4.11,-3.45,-0.157,-0.080
2022-02-05,-5.15,-2.18,-0.180,-0.014
2022-02-06,-5.57,-0.88,-0.198,-0.019
2022-02-07,-5.54,-1.08,-0.221,0.026
2022-02-08,-5.97,-1.49,-0.269,-0.000
2022-02-09,-5.74,-1.54,-0.262,0.002
2022-02-10,-5.98,-0.21,-0.242,0.034
2022-02-11,-7.18,-0.63,-0.252,0.004
2022-02-12,-6.80,-1.08,-0.279,0.032
2022-02-13,-6.57,-0.81,-0.311,0.015
2022-02-14,-5.37,-1.24,-0.292,-0.012
2022-02-15,-5.95,-1.71,-0.332,0.013
2022-02-16,-6.96,-1.10,-0.325,0.038
2022-02-17,-6.93,-1.99,-0.250,0.022
2022-02-18,-6.48,-1.86,-0.220,-0.030
2022-02-19,-4.97,-2.42,-0.144,-0.052
2022-02-20,-4.72,-2.51,-0.151,-0.043
2022-02-21,-5.75,-2.44,-0.184,-0.041
2022-02-22,-4.93,-3.08,-0.129,-0.067
2022-02-23,-4.16,-3.75,-0.141,-0.071
2022-02-24,-2.66,-5.71,-0.114,-0.206
2022-02-25,-4.43,-1.79,-0.128,-0.062
2022-02-26,-5.01,-1.82,-0.192,-0.071
2022-02-27,-4.78,-1.46,-0.178,-0.073
2022-02-28,-4.65,-0.16,-0.202,0.019
2022-03-01,-4.80,0.85,-0.185,0.003
2022-03-02,-4.57,0.64,-0.174,0.063
2022-03-03,-4.43,-1.79,-0.188,-0.033
2022-03-04,-5.85,-0.31,-0.198,0.055
2022-03-05,-6.64,-0.93,-0.227,0.047
2022-03-06,-6.92,-2.12,-0.249,0.003
2022-03-07,-7.20,-1.93,-0.298,0.042
2022-03-08,-6.36,-2.07,-0.250,-0.044
2022-03-09,-7.21,-1.66,-0.309,0.012
2022-03-10,-7.12,-0.87,-0.284,-0.010
2022-03-11,-7.58,-0.93,-0.300,0.008
2022-03-12,-7.40,-0.52,-0.334,-0.002
2022-03-13,-6.06,-0.42,-0.297,-0.027
2022-03-14,-7.38,-2.54,-0.424,-0.033
2022-03-15,-7.61,-2.04,-0.413,-0.065
2022-03-16,-7.70,-0.67,-0.422,0.020
2022-03-17,-7.06,-0.62,-0.381,-0.027
2022-03-18,-7.24,-1.15,-0.379,-0.004
2022-03-19,-7.11,-1.51,-0.358,-0.027
2022-03-20,-7.27,-1.41,-0.361,0.004
2022-03-21,-5.50,-1.27,-0.289,-0.037
2022-03-22,-5.98,-2.06,-0.286,-0.021
2022-03-23,-6.27,-1.45,-0.250,-0.012
2022-03-24,-7.15,-1.26,-0.240,0.028
2022-03-25,-6.70,-0.12,-0.189,0.034
2022-03-26,-4.97,1.43,-0.134,0.006
2022-03-27,-2.77,1.54,-0.040,-0.053
2022-03-28,-2.15,1.39,-0.078,-0.027
2022-03-29,-3.94,-0.07,-0.096,-0.069
2022-03-30,-5.29,-1.93,-0.132,-0.071
2022-03-31,-7.05,-1.63,-0.167,-0.083
2022-04-01,-7.35,-0.77,-0.173,-0.033
2022-04-02,-6.48,-0.00,-0.163,-0.080
2022-04-03,-5.91,1.26,-0.191,-0.024
2022-04-04,-4.70,1.90,-0.204,0.025
2022-04-05,-5.44,0.86,-0.298,0.049
2022-04-06,-5.95,0.31,-0.341,0.035
2022-04-07,-5.88,0.10,-0.350,0.039
2022-04-08,-6.04,0.74,-0.349,0.094
2022-04-09,-6.44,0.45,-0.339,0.070
2022-04-10,-4.74,0.84,-0.261,0.082
2022-04-11,-3.84,-0.54,-0.242,0.055
2022-04-12,-5.27,-1.22,-0.244,0.043
2022-04-13,-6.91,-0.73,-0.198,0.063
2022-04-14,-6.45,-0.56,-0.148,0.029
2022-04-15,-6.43,-0.90,-0.160,-0.001
2022-04-16,-6.40,0.79,-0.154,0.053
2022-04-17,-7.02,1.49,-0.135,0.089
2022-04-18,-7.30,1.03,-0.121,0.035
2022-04-19,-7.30,1.42,-0.115,0.084
2022-04-20,-6.51,0.91,-0.089,0.019
2022-04-21,-5.89,-0.62,-0.107,0.077
2022-04-22,-5.90,-1.36,-0.166,0.062
2022-04-23,-4.64,-2.16,-0.093,0.049
2022-04-24,-5.45,-2.20,-0.190,0.093
2022-04-25,-5.25,-2.12,-0.104,0.029
2022-04-26,-3.24,-4.00,-0.116,0.013
2022-04-27,-3.60,-4.14,-0.187,-0.059
2022-04-28,-4.33,-2.02,-0.100,0.042
2022-04-29,-4.67,-2.08,-0.126,-0.015
2022-04-30,-4.26,-0.60,-0.087,0.093
2022-05-01,-4.29,0.76,-0.087,-0.004
2022-05-02,-5.87,1.03,-0.089,0.115
2022-05-03,-6.02,-1.28,-0.156,0.026
2022-05-04,-5.53,-1.80,-0.142,0.025
2022-05-05,-5.67,-1.73,-0.161,0.029
2022-05-06,-5.15,-0.54,-0.101,0.017
2022-05-07,-4.45,-0.08,-0.081,0.048
2022-05-08,-4.78,0.59,-0.115,0.044
2022-05-09,-3.62,2.09,-0.007,0.067
2022-05-10,-4.79,1.84,-0.080,0.109
2022-05-11,-5.53,2.94,-0.014,0.127
2022-05-12,-6.58,2.01,-0.052,0.137
2022-05-13,-6.92,0.73,-0.101,0.073
2022-05-14,-7.06,0.49,-0.110,0.064
2022-05-15,-5.82,0.20,-0.095,0.049
2022-05-16,-5.60,1.61,-0.109,0.078
2022-05-17,-5.59,0.49,-0.143,0.034
2022-05-18,-5.06,1.07,-0.112,0.082
2022-05-19,-4.50,0.71,-0.169,0.035
2022-05-20,-5.10,0.27,-0.154,0.061
2022-05-21,-5.37,-1.34,-0.203,0.068
2022-05-22,-5.03,-1.16,-0.174,0.037
2022-05-23,-4.98,-0.97,-0.147,0.105
2022-05-24,-5.44,-0.86,-0.184,0.133
2022-05-25,-5.00,-0.79,-0.107,0.083
2022-05-26,-4.87,-0.77,-0.155,0.102
2022-05-27,-5.77,-0.71,-0.222,0.080
2022-05-28,-5.88,-0.51,-0.168,0.058
2022-05-29,-6.12,-1.08,-0.195,0.093
2022-05-30,-6.51,-0.91,-0.228,0.040
2022-05-31,-5.65,-1.20,-0.172,0.006
2022-06-01,-4.58,-0.56,-0.167,-0.033
2022-06-02,-3.89,0.76,-0.122,0.015
2022-06-03,-3.76,1.15,-0.132,0.003
2022-06-04,-4.28,1.91,-0.125,0.047
2022-06-05,-4.81,2.04,-0.145,0.076
2022-06-06,-6.21,0.87,-0.213,0.036
2022-06-07,-5.92,0.21,-0.185,0.040
2022-06-08,-5.41,-0.76,-0.208,-0.017
2022-06-09,-5.07,-0.80,-0.189,-0.056
2022-06-10,-5.28,-0.84,-0.226,-0.035
2022-06-11,-6.74,-0.00,-0.295,0.001
2022-06-12,-7.11,-0.37,-0.318,0.003
2022-06-13,-6.12,-1.53,-0.338,-0.076
2022-06-14,-6.60,0.35,-0.314,0.036
2022-06-15,-5.35,0.37,-0.250,-0.051
2022-06-16,-5.23,1.21,-0.239,0.060
2022-06-17,-3.85,1.55,-0.177,-0.021
2022-06-18,-4.79,1.46,-0.175,0.074
2022-06-19,-5.93,-0.62,-0.256,0.015
2022-06-20,-6.04,-0.63,-0.170,-0.004
2022-06-21,-3.79,-0.53,-0.116,-0.054
2022-06-22,-3.48,0.55,-0.092,-0.039
2022-06-23,-3.91,0.97,-0.069,0.013
2022-06-24,-4.95,0.26,-0.075,0.020
2022-06-25,-5.57,0.68,-0.086,0.046
2022-06-26,-5.89,0.93,-0.012,-0.025
2022-06-27,-7.21,-0.50,-0.146,0.031
2022-06-28,-6.59,-1.04,-0.083,-0.103
2022-06-29,-8.40,-2.10,-0.240,-0.002
2022-06-30,-7.47,-1.18,-0.112,-0.102
2022-07-01,-7.07,-2.44,-0.108,-0.127
2022-07-02,-8.35,0.73,-0.105,0.033
2022-07-03,-6.67,1.42,0.071,-0.081
2022-07-04,-6.26,-0.77,-0.122,0.010
2022-07-05,-5.37,-0.66,-0.144,-0.061
2022-07-06,-5.42,1.05,-0.131,0.049
2022-07-07,-5.83,-0.10,-0.233,-0.025
2022-07-08,-6.49,0.68,-0.154,0.085
2022-07-09,-6.55,-1.15,-0.208,-0.012
2022-07-10,-6.38,-0.78,-0.126,0.017
2022-07-11,-6.10,0.32,-0.129,0.009
2022-07-12,-5.96,-1.38,-0.183,-0.035
2022-07-13,-5.68,-1.10,-0.286,0.017
2022-07-14,-6.79,-1.57,-0.362,-0.019
2022-07-15,-6.66,-0.82,-0.298,0.012
2022-07-16,-7.48,-0.65,-0.230,-0.037
2022-07-17,-7.06,-1.89,-0.093,-0.035
2022-07-18,-5.91,-0.62,0.028,-0.048
2022-07-19,-5.63,-0.59,0.075,-0.041
2022-07-20,-6.63,-0.81,0.069,-0.018
2022-07-21,-6.19,-0.11,0.067,-0.011
2022-07-22,-6.76,-0.71,0.053,-0.057
2022-07-23,-6.23,-3.04,-0.018,-0.116
2022-07-24,-5.58,0.10,0.056,-0.057
2022-07-25,-7.36,-0.64,-0.077,-0.059
2022-07-26,-6.72,-2.18,-0.029,-0.076
2022-07-27,-5.69,-1.11,-0.072,-0.104
2022-07-28,-5.78,-1.02,-0.083,-0.095
2022-07-29,-5.88,-2.50,-0.116,-0.130
2022-07-30,-7.03,-1.24,-0.147,-0.045
2022-07-31,-7.20,-1.53,-0.092,-0.117
2022-08-01,-6.12,-2.60,-0.126,-0.083
2022-08-02,-5.08,-1.75,-0.110,-0.121
2022-08-03,-5.75,-0.60,-0.160,-0.017
2022-08-04,-6.81,-1.32,-0.187,-0.047
2022-08-05,-6.83,-1.70,-0.158,-0.059
2022-08-06,-6.45,-2.61,-0.135,-0.088
2022-08-07,-7.20,-1.66,-0.150,-0.045
2022-08-08,-7.32,-2.10,-0.114,-0.081
2022-08-09,-6.08,-2.21,-0.092,-0.087
2022-08-10,-6.14,-0.54,-0.110,-0.043
2022-08-11,-5.42,-0.76,-0.081,-0.073
2022-08-12,-4.95,-1.14,-0.076,-0.058
2022-08-13,-4.12,-2.19,-0.067,-0.108
2022-08-14,-3.99,-1.61,-0.094,-0.077
2022-08-15,-1.58,1.69,0.025,-0.021
2022-08-16,-1.78,0.95,-0.022,0.011
2022-08-17,-2.29,-1.02,-0.068,-0.057
2022-08-18,-4.72,-0.50,-0.130,0.015
2022-08-19,-5.58,-0.78,-0.097,-0.002
2022-08-20,-6.08,0.11,-0.090,-0.013
2022-08-21,-4.60,-0.32,-0.025,-0.080
2022-08-22,-3.32,0.29,-0.035,-0.075
2022-08-23,-3.51,1.21,-0.046,-0.046
2022-08-24,-5.35,-0.09,-0.108,-0.013
2022-08-25,-5.12,-0.54,-0.100,-0.050
2022-08-26,-5.06,0.09,-0.071,-0.043
2022-08-27,-4.96,0.61,-0.014,-0.064
2022-08-28,-4.67,-0.74,-0.092,-0.052
2022-08-29,-4.55,-0.16,-0.085,-0.074
2022-08-30,-4.93,-0.34,-0.121,-0.029
2022-08-31,-3.21,-0.86,-0.066,-0.123
2022-09-01,-3.83,-2.49,-0.157,-0.133
2022-09-02,-4.17,-3.14,-0.127,-0.172
2022-09-03,-1.93,-4.34,-0.063,-0.213
2022-09-04,4.21,3.41,0.172,-0.089
2022-09-05,2.17,4.08,0.042,0.007
2022-09-06,1.85,3.33,-0.025,0.020
2022-09-07,0.88,2.55,-0.027,-0.015
2022-09-08,-0.41,2.60,0.056,-0.001
2022-09-09,-3.10,1.25,-0.079,0.015
2022-09-10,-3.91,-0.55,-0.073,-0.052
2022-09-11,-3.90,-0.90,-0.053,-0.053
2022-09-12,-3.68,-0.06,-0.078,-0.064
2022-09-13,-4.79,-0.33,-0.094,-0.059
2022-09-14,-5.41,-1.45,-0.129,-0.072
2022-09-15,-5.62,-2.62,-0.137,-0.100
2022-09-16,-6.53,-2.64,-0.160,-0.036
2022-09-17,-9.51,-5.27,-0.378,-0.140
2022-09-18,-11.30,4.11,-0.235,0.249
2022-09-19,-5.37,4.84,-0.113,-0.051
2022-09-20,-3.51,3.16,-0.100,0.081
2022-09-21,-4.17,2.41,-0.279,-0.009
2022-09-22,-6.21,1.78,-0.260,0.121
2022-09-23,-3.98,2.39,-0.092,0.069
2022-09-24,-4.08,0.43,-0.204,0.041
2022-09-25,-4.76,-0.50,-0.105,-0.005
2022-09-26,-5.16,-0.09,-0.133,0.025
2022-09-27,-5.36,0.56,-0.087,0.014
2022-09-28,-4.87,-0.68,-0.134,-0.034
2022-09-29,-3.47,0.74,-0.087,-0.032
2022-09-30,-2.54,1.78,-0.076,0.070
2022-10-01,-2.19,3.13,-0.035,0.058
2022-10-02,-3.04,1.48,-0.059,-0.019
2022-10-03,-3.55,0.12,-0.120,-0.008
2022-10-04,-4.54,-0.00,-0.187,0.006
2022-10-05,-6.16,0.43,-0.179,0.040
2022-10-06,-6.44,-1.14,-0.237,0.027
2022-10-07,-5.15,-0.36,-0.189,-0.040
2022-10-08,-5.29,-1.32,-0.259,-0.004
2022-10-09,-4.75,-0.08,-0.186,-0.009
2022-10-10,-4.23,0.30,-0.142,-0.004
2022-10-11,-4.93,-0.34,-0.185,-0.001
2022-10-12,-5.01,-0.53,-0.128,-0.004
2022-10-13,-4.19,-0.07,-0.132,0.027
2022-10-14,-3.73,-0.46,-0.100,-0.024
2022-10-15,-4.11,-0.36,-0.139,0.088
2022-10-16,-3.02,-0.59,-0.068,-0.015
2022-10-17,-1.56,0.51,0.006,0.098
2022-10-18,-2.44,1.09,-0.016,0.113
2022-10-19,-3.88,-0.00,-0.042,0.100
2022-10-20,-4.83,-0.34,-0.077,0.193
2022-10-21,-4.82,-1.20,-0.084,0.095
2022-10-22,-4.08,-1.82,-0.051,0.131
2022-10-23,-3.26,-1.19,-0.044,0.057
2022-10-24,-3.45,-0.00,-0.025,0.126
2022-10-25,-3.93,-0.48,-0.093,0.068
2022-10-26,-4.05,2.53,-0.031,0.154
2022-10-27,-4.65,3.50,-0.010,0.168
2022-10-28,-5.42,1.05,-0.046,0.090
2022-10-29,-6.30,0.22,-0.083,0.105
2022-10-30,-4.20,1.53,0.005,0.033
2022-10-31,-3.31,0.82,-0.006,0.036
2022-11-01,-4.41,-0.70,-0.073,0.047
2022-11-02,-4.75,-1.10,-0.093,0.013
2022-11-03,-3.93,-0.07,-0.058,-0.003
2022-11-04,-3.24,2.02,-0.023,0.029
2022-11-05,-4.87,3.67,-0.004,0.098
2022-11-06,-0.39,5.57,0.139,0.089
2022-11-07,-0.00,4.76,0.110,0.036
2022-11-08,-1.72,3.23,-0.003,0.120
2022-11-09,-2.32,2.16,-0.011,0.019
2022-11-10,-4.34,0.08,-0.110,0.060
2022-11-11,-5.23,-1.21,-0.148,-0.006
2022-11-12,-4.64,-0.99,-0.119,-0.041
2022-11-13,-4.30,-1.40,-0.180,-0.136
2022-11-14,-5.03,1.44,-0.122,-0.018
2022-11-15,-5.60,0.20,-0.225,-0.024
2022-11-16,-5.68,-1.74,-0.211,-0.082
2022-11-17,-5.12,-0.63,-0.215,-0.056
2022-11-18,-5.80,-1.66,-0.252,-0.077
2022-11-19,-6.41,-1.72,-0.244,-0.032
2022-11-20,-6.35,-1.94,-0.195,-0.081
2022-11-21,-6.25,-0.88,-0.169,-0.027
2022-11-22,-7.60,-0.93,-0.202,0.010
2022-11-23,-6.83,-0.84,-0.151,-0.066
2022-11-24,-5.05,-0.62,-0.062,-0.075
2022-11-25,-5.08,-0.44,-0.123,-0.030
2022-11-26,-4.79,-0.84,-0.081,-0.059
2022-11-27,-4.99,-2.33,-0.129,-0.026
2022-11-28,-5.38,-1.44,-0.105,-0.044
2022-11-29,-4.94,-2.20,-0.123,-0.052
2022-11-30,-5.03,-2.91,-0.113,-0.107
2022-12-01,-4.77,-2.87,-0.135,-0.100
2022-12-02,-4.72,-3.07,-0.145,-0.117
2022-12-03,-4.29,-3.23,-0.152,-0.143
2022-12-04,0.19,-3.55,-0.062,-0.244
2022-12-05,2.32,-4.55,-0.051,-0.290
2022-12-06,-1.40,-4.59,-0.148,-0.176
2022-12-07,-0.77,-4.87,-0.081,-0.241
2022-12-08,0.37,-5.24,-0.066,-0.185
2022-12-09,-1.53,-3.61,-0.088,-0.151
2022-12-10,-0.21,-2.94,0.013,-0.172
2022-12-11,0.62,-3.19,-0.031,-0.147
2022-12-12,-1.43,-3.06,-0.066,-0.144
2022-12-13,-1.89,-0.40,0.022,-0.086
2022-12-14,-3.22,-1.57,-0.047,-0.080
2022-12-15,-4.68,-2.08,-0.076,-0.029
2022-12-16,-4.82,-2.05,-0.105,-0.069
2022-12-17,-5.06,-1.07,-0.122,-0.019
2022-12-18,-6.13,-0.43,-0.183,-0.037
2022-12-19,-5.19,-1.59,-0.125,-0.098
2022-12-20,-5.11,-1.56,-0.173,-0.100
2022-12-21,-5.87,-0.83,-0.146,-0.098
2022-12-22,-5.90,0.72,-0.069,-0.040
2022-12-23,-5.51,0.19,-0.139,-0.013
2022-12-24,-5.53,-0.00,-0.127,-0.044
2022-12-25,-6.61,-0.93,-0.166,0.003
2022-12-26,-7.53,-0.39,-0.212,0.015
2022-12-27,-6.99,0.49,-0.150,-0.007
2022-12-28,-6.84,-0.24,-0.183,-0.010
2022-12-29,-7.07,-1.63,-0.223,-0.058
2022-12-30,-6.61,-1.65,-0.204,-0.055
2022-12-31,-5.64,-1.94,-0.175,-0.055
2023-01-01,-5.37,-1.04,-0.177,-0.055
2023-01-02,-4.85,-1.86,-0.151,-0.101
2023-01-03,-4.89,-2.83,-0.134,-0.124
2023-01-04,-6.30,-1.46,-0.163,-0.070
2023-01-05,-7.50,-0.39,-0.151,-0.034
2023-01-06,-7.03,-0.12,-0.166,-0.059
2023-01-07,-5.30,-1.03,-0.162,-0.122
2023-01-08,-5.18,0.64,-0.176,-0.052
2023-01-09,-5.84,-0.20,-0.248,-0.073
2023-01-10,-3.53,1.88,-0.129,-0.003
2023-01-11,-2.17,0.50,-0.233,-0.092
2023-01-12,-4.11,-0.29,-0.219,-0.026
2023-01-13,-6.05,-0.21,-0.292,0.027
2023-01-14,-4.18,1.61,-0.103,-0.004
2023-01-15,-0.65,2.12,-0.084,0.014
2023-01-16,-1.33,-4.62,-0.131,-0.175
2023-01-17,-3.84,-5.49,-0.221,-0.141
2023-01-18,-4.01,-4.30,-0.178,-0.198
2023-01-19,-4.41,-0.70,-0.166,-0.069
2023-01-20,-5.16,-0.54,-0.225,-0.053
2023-01-21,-5.16,-0.91,-0.216,-0.036
2023-01-22,-6.20,-0.54,-0.274,-0.004
2023-01-23,-6.75,-0.59,-0.242,-0.028
2023-01-24,-6.02,-1.06,-0.242,-0.036
2023-01-25,-5.92,-1.04,-0.238,-0.028
2023-01-26,-5.81,-2.47,-0.216,-0.043
2023-01-27,-4.47,-3.25,-0.169,-0.093
2023-01-28,-5.56,-3.61,-0.220,-0.065
2023-01-29,-5.79,-3.08,-0.182,-0.109
2023-01-30,-5.89,-3.82,-0.198,-0.088
2023-01-31,-5.02,-5.19,-0.167,-0.191
2023-02-01,-4.43,-3.85,-0.114,-0.152
2023-02-02,-5.46,-3.03,-0.184,-0.113
2023-02-03,-5.88,-0.83,-0.138,-0.080
2023-02-04,-5.92,-0.31,-0.168,-0.031
2023-02-05,-7.56,-1.20,-0.210,-0.051
2023-02-06,-6.79,-0.00,-0.165,-0.043
2023-02-07,-6.22,-1.90,-0.193,-0.124
2023-02-08,-6.82,-2.62,-0.244,-0.122
2023-02-09,-7.62,-2.62,-0.302,-0.113
2023-02-10,-7.73,-1.93,-0.298,-0.063
2023-02-11,-7.19,-1.27,-0.280,-0.051
2023-02-12,-7.10,-0.75,-0.273,-0.051
2023-02-13,-5.97,0.73,-0.191,0.005
2023-02-14,-4.07,0.43,-0.182,-0.039
2023-02-15,-5.07,-2.36,-0.222,-0.080
2023-02-16,-6.86,-3.05,-0.266,-0.048
2023-02-17,-7.38,-3.60,-0.277,-0.114
2023-02-18,-6.72,-2.58,-0.259,-0.073
2023-02-19,-7.25,-2.50,-0.272,-0.100
2023-02-20,-6.26,-3.06,-0.250,-0.119
2023-02-21,-5.54,-1.91,-0.245,-0.085
2023-02-22,-5.16,-3.35,-0.235,-0.156
2023-02-23,-5.55,-2.02,-0.271,-0.091
2023-02-24,-5.26,-3.82,-0.260,-0.160
2023-02-25,-4.60,-2.99,-0.220,-0.135
2023-02-26,-3.88,-2.62,-0.231,-0.119
2023-02-27,-2.80,-1.55,-0.184,-0.088
2023-02-28,-3.52,-1.14,-0.200,-0.018
2023-03-01,-3.44,-1.12,-0.162,-0.071
2023-03-02,-4.47,-1.54,-0.221,-0.035
2023-03-03,-5.71,-0.30,-0.215,-0.012
2023-03-04,-6.33,-0.22,-0.217,0.000
2023-03-05,-5.49,-0.58,-0.177,0.003
2023-03-06,-4.17,-0.73,-0.156,-0.034
2023-03-07,-3.02,-0.42,-0.074,-0.072
2023-03-08,0.07,1.29,-0.028,-0.077
2023-03-09,3.15,-0.96,0.015,-0.145
2023-03-10,0.71,-4.00,-0.086,-0.179
2023-03-11,-1.86,-1.93,-0.122,-0.115
2023-03-12,-0.46,1.51,-0.059,-0.073
2023-03-13,-2.30,-0.28,-0.188,-0.056
2023-03-14,-3.24,0.87,-0.191,0.018
2023-03-15,-3.01,2.11,-0.150,0.036
2023-03-16,0.23,3.35,-0.014,0.027
2023-03-17,-3.09,-4.76,-0.237,-0.145
2023-03-18,-6.04,-3.49,-0.311,-0.029
2023-03-19,-6.89,-1.59,-0.232,-0.074
2023-03-20,-6.28,-0.22,-0.179,-0.037
2023-03-21,-6.68,-1.30,-0.241,-0.047
2023-03-22,-6.50,-2.37,-0.246,-0.074
2023-03-23,-5.26,-3.16,-0.230,-0.102
2023-03-24,-5.14,-2.62,-0.233,-0.114
2023-03-25,-6.17,-2.37,-0.257,-0.065
2023-03-26,-6.18,-1.20,-0.277,0.004
2023-03-27,-6.29,-1.11,-0.317,0.005
2023-03-28,-6.04,-1.73,-0.307,0.016
2023-03-29,-5.41,-0.19,-0.263,0.091
2023-03-30,-5.57,-0.19,-0.225,0.102
2023-03-31,-6.22,-2.39,-0.206,0.029
2023-04-01,-7.44,-2.27,-0.172,-0.010
2023-04-02,-6.40,-0.56,-0.074,-0.035
2023-04-03,-6.34,-0.11,-0.080,-0.090
2023-04-04,-6.61,-0.58,-0.144,-0.081
2023-04-05,-5.98,-1.94,-0.199,-0.103
2023-04-06,-5.85,-1.14,-0.167,-0.117
2023-04-07,-5.94,1.05,-0.122,-0.044
2023-04-08,-5.72,1.32,-0.135,0.015
2023-04-09,-5.32,1.13,-0.143,0.059
2023-04-10,-3.92,2.08,0.056,0.104
2023-04-11,-3.90,1.58,0.084,0.115
2023-04-12,-4.55,0.97,0.115,0.074
2023-04-13,-4.43,-0.39,0.193,-0.046
2023-04-14,-4.92,-1.32,0.100,-0.044
2023-04-15,-5.39,-1.05,0.060,-0.077
2023-04-16,-5.03,-0.89,-0.058,-0.101
2023-04-17,-3.60,-0.25,-0.076,-0.152
2023-04-18,-4.28,0.60,-0.117,-0.054
2023-04-19,-5.58,0.49,-0.131,-0.028
2023-04-20,-6.18,-0.11,-0.267,-0.023
2023-04-21,-4.14,0.58,-0.264,-0.047
2023-04-22,-0.90,1.69,-0.223,-0.095
2023-04-23,1.80,1.86,-0.215,-0.068
2023-04-24,-0.51,-2.61,-0.303,-0.097
2023-04-25,-2.49,-1.44,-0.226,0.046
2023-04-26,-3.16,-0.44,-0.045,-0.022
2023-04-27,-2.91,0.46,0.038,-0.062
2023-04-28,-2.47,0.66,0.005,-0.090
2023-04-29,-3.10,-0.44,-0.111,-0.142
2023-04-30,-3.63,0.77,-0.086,-0.055
2023-05-01,-3.34,2.61,-0.059,0.015
2023-05-02,-3.26,1.25,-0.067,-0.034
2023-05-03,-4.09,1.09,-0.106,0.018
2023-05-04,-3.64,2.10,-0.094,-0.004
2023-05-05,-3.15,1.90,-0.090,-0.003
2023-05-06,-3.41,2.05,-0.146,0.016
2023-05-07,-3.21,1.10,-0.156,0.010
2023-05-08,-4.81,0.59,-0.249,0.028
2023-05-09,-4.09,1.91,-0.133,0.030
2023-05-10,-4.49,2.39,-0.159,0.093
2023-05-11,-4.97,-0.00,-0.228,0.029
2023-05-12,-5.05,-0.26,-0.187,0.049
2023-05-13,-4.85,1.03,-0.143,0.083
2023-05-14,-5.42,1.25,-0.099,0.075
2023-05-15,-4.08,1.41,-0.049,0.011
2023-05-16,-3.54,0.88,-0.031,-0.035
2023-05-17,-3.17,1.76,-0.048,-0.005
2023-05-18,-3.60,1.60,-0.026,-0.025
2023-05-19,-5.10,0.72,-0.125,0.049
2023-05-20,-5.61,1.93,-0.055,0.089
2023-05-21,-4.87,3.41,-0.011,0.153
2023-05-22,-2.96,2.86,0.004,0.102
2023-05-23,-1.95,2.24,0.031,0.174
2023-05-24,-2.83,1.14,-0.043,0.182
2023-05-25,-3.47,1.47,-0.107,0.271
2023-05-26,-2.87,1.79,-0.006,0.260
2023-05-27,-4.15,1.51,-0.037,0.203
2023-05-28,-5.47,0.87,-0.039,0.175
2023-05-29,-4.63,0.65,0.040,0.090
2023-05-30,-4.80,1.65,0.035,0.043
2023-05-31,-5.21,1.89,0.043,-0.029
2023-06-01,-4.25,2.98,0.038,0.017
2023-06-02,-3.10,3.82,0.019,0.055
2023-06-03,-2.23,5.53,-0.047,0.154
2023-06-04,-2.10,5.19,-0.014,0.134
2023-06-05,-3.52,4.05,-0.009,0.170
2023-06-06,-3.70,1.97,-0.007,0.015
2023-06-07,-4.84,1.96,-0.070,0.084
2023-06-08,-5.33,1.84,-0.070,0.038
2023-06-09,-5.90,1.69,-0.124,0.048
2023-06-10,-5.82,1.24,-0.154,0.038
2023-06-11,-6.06,0.21,-0.184,0.020
2023-06-12,-7.18,-0.63,-0.225,0.020
2023-06-13,-6.39,0.78,-0.186,0.055
2023-06-14,-5.45,1.67,-0.199,0.151
2023-06-15,-6.43,1.02,-0.242,0.225
2023-06-16,-5.99,0.21,-0.206,0.091
2023-06-17,-5.57,-0.49,-0.227,0.100
2023-06-18,-4.57,0.64,-0.194,0.022
2023-06-19,-4.66,1.51,-0.169,0.106
2023-06-20,-5.27,1.12,-0.228,0.056
2023-06-21,-6.67,0.12,-0.245,0.053
2023-06-22,-7.24,-1.67,-0.269,0.023
2023-06-23,-6.94,-1.35,-0.272,0.041
2023-06-24,-5.32,-0.65,-0.133,-0.004
2023-06-25,-4.25,-1.06,-0.150,0.022
2023-06-26,-3.11,0.44,0.003,-0.046
2023-06-27,-4.63,-0.49,-0.102,0.068
2023-06-28,-5.88,2.26,-0.080,0.088
2023-06-29,-2.96,4.74,0.060,0.075
2023-06-30,-4.96,3.34,-0.018,0.109
2023-07-01,-6.06,1.18,-0.054,0.075
2023-07-02,-6.82,0.36,-0.072,0.097
2023-07-03,-7.51,-0.92,-0.093,0.013
2023-07-04,-8.78,0.61,-0.067,0.139
2023-07-05,-7.55,-0.26,-0.012,-0.048
2023-07-06,-7.71,-1.64,-0.003,0.005
2023-07-07,-7.08,-1.90,-0.028,-0.077
2023-07-08,-6.87,0.36,0.047,-0.016
2023-07-09,-6.82,0.36,-0.007,-0.060
2023-07-10,-8.63,-1.68,-0.175,0.028
2023-07-11,-8.99,-2.58,-0.207,-0.064
2023-07-12,-8.88,0.78,-0.132,0.054
2023-07-13,-7.40,-0.13,-0.127,-0.091
2023-07-14,-7.46,-1.59,-0.202,-0.033
2023-07-15,-7.54,-1.74,-0.258,-0.010
2023-07-16,-6.55,-1.15,-0.238,-0.028
2023-07-17,-7.81,-0.14,-0.318,0.057
2023-07-18,-7.90,-0.69,-0.297,0.011
2023-07-19,-8.86,-0.93,-0.375,0.097
2023-07-20,-6.66,-1.05,-0.242,0.019
2023-07-21,-5.02,-0.89,-0.204,0.022
2023-07-22,-5.17,1.68,-0.226,0.061
2023-07-23,-5.95,-0.21,-0.211,0.016
2023-07-24,-7.15,-1.52,-0.237,0.026
2023-07-25,-9.17,-1.95,-0.339,-0.022
2023-07-26,-8.04,-0.28,-0.214,0.016
2023-07-27,-6.80,-0.12,-0.268,-0.019
2023-07-28,-6.99,-0.49,-0.214,-0.027
2023-07-29,-7.76,-0.27,-0.297,0.068
2023-07-30,-6.50,-0.91,-0.248,-0.033
2023-07-31,-6.54,0.46,-0.234,0.069
2023-08-01,-2.86,1.86,-0.120,-0.004
2023-08-02,-1.93,-0.82,-0.121,0.015
2023-08-03,-4.53,-1.39,-0.239,0.005
2023-08-04,-5.10,1.37,-0.077,0.035
2023-08-05,-7.51,-0.79,-0.241,0.006
2023-08-06,-8.43,-0.15,-0.246,0.026
2023-08-07,-7.79,-1.65,-0.249,-0.024
2023-08-08,-6.05,-0.96,-0.219,-0.032
2023-08-09,-6.40,1.13,-0.272,0.046
2023-08-10,-7.30,3.41,-0.248,0.147
2023-08-11,-6.46,-0.34,-0.192,-0.049
2023-08-12,-6.86,-1.97,-0.306,0.069
2023-08-13,-7.44,0.78,-0.231,0.047
2023-08-14,-8.00,-2.45,-0.238,-0.010
2023-08-15,-8.13,-3.97,-0.268,0.003
2023-08-16,-7.09,-2.87,-0.189,-0.047
2023-08-17,-7.46,-1.18,-0.154,0.019
2023-08-18,-9.16,-2.28,-0.232,-0.022
2023-08-19,-8.67,-3.86,-0.188,-0.036
2023-08-20,-9.80,-2.08,-0.276,0.050
2023-08-21,-7.27,2.08,-0.033,0.003
2023-08-22,-3.52,0.06,-0.085,0.020
2023-08-23,-4.11,1.83,-0.040,-0.008
2023-08-24,-2.11,2.04,0.063,0.014
2023-08-25,0.17,3.23,0.011,-0.000
2023-08-26,0.66,5.35,0.120,0.035
2023-08-27,-0.45,5.20,0.001,0.067
2023-08-28,-3.32,4.73,0.023,0.158
2023-08-29,-5.24,1.41,-0.126,0.052
2023-08-30,-6.01,1.50,-0.077,0.056
2023-08-31,-5.66,0.80,-0.138,0.055
2023-09-01,-5.71,-0.30,-0.158,0.013
2023-09-02,-5.08,2.26,-0.146,0.065
2023-09-03,-3.89,4.17,-0.095,0.041
2023-09-04,-3.97,4.11,-0.096,0.063
2023-09-05,-4.52,1.65,-0.182,-0.024
2023-09-06,-5.27,0.55,-0.158,-0.023
2023-09-07,-5.47,0.48,-0.156,-0.036
2023-09-08,-5.09,-3.31,-0.137,-0.100
2023-09-09,-4.04,-2.52,-0.130,-0.042
2023-09-10,1.63,-2.72,-0.014,-0.060
2023-09-11,4.82,3.63,0.126,0.007
2023-09-12,3.59,5.97,0.098,0.038
2023-09-13,0.60,6.85,0.043,0.104
2023-09-14,-1.70,5.55,-0.055,0.137
2023-09-15,-3.44,2.41,-0.079,0.023
2023-09-16,-4.56,-1.93,-0.135,-0.007
2023-09-17,-5.52,-1.07,-0.276,0.012
2023-09-18,-4.27,-1.22,-0.271,-0.020
2023-09-19,-2.86,-1.15,-0.188,0.075
2023-09-20,-4.39,-0.08,-0.222,0.138
2023-09-21,-5.75,0.20,-0.194,0.128
2023-09-22,-6.21,-0.54,-0.201,0.054
2023-09-23,-5.51,1.90,-0.117,0.135
2023-09-24,-5.81,2.00,-0.159,0.107
2023-09-25,-6.36,-1.24,-0.171,0.052
2023-09-26,-5.92,-2.89,-0.166,0.117
2023-09-27,-5.69,-3.84,-0.156,0.030
2023-09-28,-4.37,-3.42,0.074,0.025
2023-09-29,-3.78,-3.41,-0.021,0.015
2023-09-30,-6.38,-4.14,0.000,-0.070
2023-10-01,-4.92,-3.98,0.065,-0.012
2023-10-02,-3.16,-4.87,0.014,-0.129
2023-10-03,5.55,-2.59,0.208,-0.108
2023-10-04,0.57,8.15,0.292,0.124
2023-10-05,-1.51,4.93,0.086,0.004
2023-10-06,-3.99,4.75,0.028,0.145
2023-10-07,-5.87,2.37,-0.063,0.044
2023-10-08,-4.98,2.65,0.052,0.016
2023-10-09,-4.64,2.16,-0.027,0.080
2023-10-10,-5.17,1.01,-0.021,0.060
2023-10-11,-5.27,-0.00,-0.031,0.029
2023-10-12,-4.88,-0.69,-0.004,0.034
2023-10-13,-3.53,1.57,0.081,0.056
2023-10-14,-2.18,1.58,0.077,-0.039
2023-10-15,-2.63,2.82,0.090,0.041
2023-10-16,-2.77,2.58,0.086,-0.017
2023-10-17,-4.56,0.64,0.033,0.003
2023-10-18,-5.26,0.46,-0.023,0.014
2023-10-19,-5.29,-1.93,-0.029,0.012
2023-10-20,-7.53,1.60,-0.171,0.132
2023-10-21,-6.51,1.50,-0.084,-0.032
2023-10-22,-3.24,-2.35,-0.073,-0.064
2023-10-23,3.09,3.82,0.026,0.013
2023-10-24,2.57,-0.09,-0.079,-0.111
2023-10-25,-0.43,-3.05,-0.164,-0.063
2023-10-26,-2.85,-1.39,-0.235,-0.032
2023-10-27,-5.08,0.99,-0.282,0.035
2023-10-28,-4.06,5.20,-0.128,0.176
2023-10-29,-2.38,2.83,-0.152,0.002
2023-10-30,-5.45,2.54,-0.143,0.138
2023-10-31,-4.17,2.81,-0.121,0.078
2023-11-01,-5.76,1.22,-0.191,0.140
2023-11-02,-6.99,0.12,-0.171,0.074
2023-11-03,-8.18,-0.86,-0.202,0.129
2023-11-04,-7.47,-1.05,-0.167,0.047
2023-11-05,-5.71,-0.50,-0.135,0.011
2023-11-06,-2.93,1.31,-0.075,0.012
2023-11-07,-2.81,2.44,-0.075,0.087
2023-11-08,-4.50,0.96,-0.124,0.064
2023-11-09,-6.20,-0.43,-0.164,0.082
2023-11-10,-7.73,-0.81,-0.205,0.066
2023-11-11,-8.58,-0.00,-0.183,0.068
2023-11-12,-8.57,-0.90,-0.191,0.042
2023-11-13,-7.23,-0.13,-0.161,0.037
2023-11-14,-6.85,0.36,-0.178,0.021
2023-11-15,-6.40,0.11,-0.147,0.008
2023-11-16,-7.36,-0.00,-0.207,0.054
2023-11-17,-7.66,2.34,-0.127,0.060
2023-11-18,-5.44,5.63,-0.015,0.179
2023-11-19,-3.40,6.66,0.039,0.120
2023-11-20,-2.14,6.21,0.123,0.140
2023-11-21,-2.49,-0.91,0.063,0.015
2023-11-22,-5.55,-3.75,-0.045,-0.024
2023-11-23,-4.75,0.84,0.089,0.051
2023-11-24,-5.07,0.53,0.039,0.015
2023-11-25,-4.59,1.58,0.097,0.048
2023-11-26,-5.80,-0.20,0.002,-0.032
2023-11-27,-7.02,-0.37,0.016,0.015
2023-11-28,-5.39,-0.00,0.009,-0.030
2023-11-29,-5.57,-0.78,-0.028,-0.048
2023-11-30,-7.00,-1.88,-0.090,-0.016
2023-12-01,-7.82,-2.24,-0.131,0.008
2023-12-02,-7.04,-3.28,-0.120,-0.030
2023-12-03,-5.66,-3.01,-0.111,-0.023
2023-12-04,-6.96,0.61,-0.109,0.021
2023-12-05,-7.96,-0.56,-0.119,0.041
2023-12-06,-6.76,0.71,-0.099,0.042
2023-12-07,-3.58,0.06,0.014,-0.065
2023-12-08,-6.79,-1.82,-0.229,0.029
2023-12-09,-9.39,-2.00,-0.267,0.030
2023-12-10,-8.55,-1.98,-0.222,0.026
2023-12-11,-8.94,-1.58,-0.244,0.026
2023-12-12,-8.60,-4.01,-0.218,-0.027
2023-12-13,-9.63,-4.09,-0.298,0.016
2023-12-14,-9.14,-3.51,-0.198,-0.028
2023-12-15,-7.01,-1.88,-0.124,-0.053
2023-12-16,-8.00,-1.70,-0.188,0.005
2023-12-17,-9.40,-1.32,-0.218,0.015
2023-12-18,-8.55,0.15,-0.167,0.045
2023-12-19,-5.93,-0.41,-0.109,-0.052
2023-12-20,-3.45,-1.54,-0.093,-0.024
2023-12-21,-2.26,-3.76,-0.103,-0.063
2023-12-22,-3.75,-2.83,-0.102,-0.009
2023-12-23,-3.64,-2.36,-0.100,-0.003
2023-12-24,-0.05,-2.84,-0.026,-0.039
2023-12-25,-0.88,-3.83,-0.050,-0.033
2023-12-26,-3.69,-1.80,-0.071,0.023
2023-12-27,-2.87,-1.53,-0.038,0.038
2023-12-28,-2.51,-1.76,-0.028,0.002
2023-12-29,-3.91,-0.48,-0.038,0.027
2023-12-30,-4.60,-1.68,-0.089,0.006
2023-12-31,-4.76,-2.86,-0.104,-0.036
2024-01-01,-6.00,-3.19,-0.139,-0.055
2024-01-02,-6.08,-1.18,-0.097,-0.044
2024-01-03,-2.92,-0.05,0.009,-0.089
2024-01-04,-4.67,0.16,-0.071,-0.028
2024-01-05,-3.04,0.65,0.005,-0.056
2024-01-06,-4.46,-1.36,-0.108,-0.008
2024-01-07,-5.97,-0.63,-0.125,-0.016
2024-01-08,-6.22,-0.87,-0.162,-0.018
2024-01-09,-8.39,-2.25,-0.247,-0.024
2024-01-10,-7.22,0.25,-0.146,-0.005
2024-01-11,-6.66,-0.23,-0.173,0.014
2024-01-12,-7.69,-0.54,-0.186,0.000
2024-01-13,-7.04,-1.37,-0.196,-0.010
2024-01-14,-6.73,-0.83,-0.191,-0.004
2024-01-15,-8.24,-0.00,-0.217,0.029
2024-01-16,-9.49,-0.50,-0.251,0.053
2024-01-17,-9.07,-0.63,-0.196,0.033
2024-01-18,-8.87,-0.46,-0.214,0.043
2024-01-19,-7.52,1.46,-0.143,0.042
2024-01-20,-5.76,2.33,-0.125,0.045
2024-01-21,-5.40,2.18,-0.131,0.048
2024-01-22,-7.79,-1.37,-0.168,0.021
2024-01-23,-10.14,-3.10,-0.260,0.014
2024-01-24,-10.13,-2.72,-0.209,-0.010
2024-01-25,-10.08,-4.07,-0.285,-0.021
2024-01-26,-9.03,-2.59,-0.241,-0.028
2024-01-27,-8.63,-1.99,-0.288,0.022
2024-01-28,-6.72,-1.43,-0.264,0.026
2024-01-29,-2.62,3.01,-0.125,0.077
2024-01-30,0.92,2.41,-0.040,0.052
2024-01-31,-2.23,-0.47,-0.077,0.037
2024-02-01,0.73,2.91,0.037,0.016
2024-02-02,1.51,-4.66,0.028,-0.124
2024-02-03,-2.48,-0.26,-0.011,0.021
2024-02-04,-2.59,2.33,0.024,-0.021
2024-02-05,-2.05,7.66,0.084,0.189
2024-02-06,-0.52,9.88,0.128,0.191
2024-02-07,4.83,7.15,0.274,0.092
2024-02-08,4.68,0.25,0.099,-0.009
2024-02-09,-1.72,-5.64,-0.045,-0.110
2024-02-10,-5.40,-4.70,-0.145,-0.027
2024-02-11,-6.69,-3.56,-0.121,-0.081
2024-02-12,-6.76,-1.94,-0.100,-0.001
2024-02-13,-5.09,2.06,-0.037,0.062
2024-02-14,-3.69,2.22,0.017,0.038
2024-02-15,-3.03,0.26,0.005,0.024
2024-02-16,-4.77,0.08,-0.074,0.042
2024-02-17,-5.79,2.34,-0.069,0.085
2024-02-18,-6.51,3.32,-0.086,0.081
2024-02-19,-6.17,3.01,-0.040,0.072
2024-02-20,-5.83,-0.51,-0.086,-0.038
2024-02-21,-3.74,2.16,-0.005,0.035
2024-02-22,3.17,-5.07,0.045,-0.133
2024-02-23,-2.54,-5.21,-0.113,-0.103
2024-02-24,-5.51,0.29,-0.076,0.034
2024-02-25,-3.04,0.21,-0.011,0.003
2024-02-26,-4.41,-2.55,-0.085,-0.011
2024-02-27,-5.69,-2.07,-0.123,0.013
2024-02-28,-6.14,-2.73,-0.116,0.008
2024-02-29,-4.82,-3.37,-0.096,-0.020
2024-03-01,-6.20,-4.50,-0.153,-0.068
2024-03-02,-7.33,-5.93,-0.180,-0.081
2024-03-03,-7.24,-3.85,-0.160,-0.046
2024-03-04,-7.39,-2.84,-0.150,-0.028
2024-03-05,-5.84,-1.03,-0.082,-0.022
2024-03-06,-5.66,1.00,-0.109,0.037
2024-03-07,-6.13,2.48,-0.083,0.086
2024-03-08,-5.42,1.15,-0.110,0.059
2024-03-09,-5.30,-0.74,-0.145,0.005
2024-03-10,-5.78,-0.51,-0.164,0.033
2024-03-11,-4.42,-0.15,-0.122,0.014
2024-03-12,-5.20,-1.69,-0.163,0.019
2024-03-13,-6.06,-0.96,-0.158,0.022
2024-03-14,-6.45,-0.68,-0.154,-0.009
2024-03-15,-7.89,-2.26,-0.186,-0.041
2024-03-16,-7.46,0.26,-0.145,0.017
2024-03-17,-6.70,0.23,-0.125,-0.009
2024-03-18,-7.09,2.03,-0.100,0.080
2024-03-19,-5.51,3.31,-0.038,0.084
2024-03-20,-3.15,2.55,0.040,0.066
2024-03-21,-4.05,0.14,-0.034,0.057
2024-03-22,-6.04,-1.17,-0.108,0.000
2024-03-23,-7.07,0.99,-0.100,0.100
2024-03-24,-5.87,3.53,-0.017,0.098
2024-03-25,-2.07,4.07,0.122,0.051
2024-03-26,0.61,-3.45,0.050,-0.091
2024-03-27,-0.75,-4.75,-0.074,-0.093
2024-03-28,3.19,-3.54,-0.028,-0.057
2024-03-29,3.37,-2.73,-0.090,-0.018
2024-03-30,-1.16,-5.02,-0.169,-0.056
2024-03-31,-5.60,-3.24,-0.269,0.041
2024-04-01,-6.23,-3.45,-0.285,-0.012
2024-04-02,-7.54,-2.90,-0.348,0.022
2024-04-03,-7.09,-0.50,-0.331,0.077
2024-04-04,-6.44,1.25,-0.272,0.113
2024-04-05,-4.50,0.79,-0.217,0.116
2024-04-06,-2.99,1.87,-0.126,0.141
2024-04-07,-2.64,1.12,-0.091,0.121
2024-04-08,-3.03,1.04,-0.060,0.134
2024-04-09,-5.47,-5.28,-0.228,-0.076
2024-04-10,-7.10,-4.61,-0.227,0.004
2024-04-11,-8.82,-3.21,-0.221,-0.006
2024-04-12,-9.70,-1.02,-0.189,0.051
2024-04-13,-8.31,-2.23,-0.137,0.035
2024-04-14,-7.19,-2.06,-0.108,0.005
2024-04-15,-6.47,1.61,-0.054,0.091
2024-04-16,-5.76,0.50,-0.054,0.045
2024-04-17,-3.02,-2.04,0.008,-0.008
2024-04-18,-2.31,-3.07,-0.068,-0.018
2024-04-19,-2.44,-2.90,-0.047,-0.049
2024-04-20,-5.01,-3.64,-0.074,-0.051
2024-04-21,-6.87,-2.64,-0.081,-0.006
2024-04-22,-6.41,1.13,-0.027,0.087
2024-04-23,-4.16,1.52,0.039,0.026
2024-04-24,-4.75,1.73,-0.009,0.104
2024-04-25,-6.34,0.44,-0.046,0.030
2024-04-26,-6.36,0.22,-0.021,0.048
2024-04-27,-5.99,-1.38,-0.041,-0.052
2024-04-28,-5.30,-3.18,-0.026,-0.092
2024-04-29,-6.59,-3.50,-0.101,-0.075
2024-04-30,-8.53,-3.28,-0.180,-0.039
2024-05-01,-7.56,-0.00,-0.098,0.004
2024-05-02,-6.51,2.24,-0.071,0.060
2024-05-03,-2.78,3.56,0.053,0.005
2024-05-04,-3.50,0.81,-0.044,0.008
2024-05-05,-4.62,-0.32,-0.095,0.038
2024-05-06,-5.26,-1.31,-0.083,0.017
2024-05-07,-5.03,-1.93,-0.066,0.004
2024-05-08,-2.95,-1.02,0.011,-0.045
2024-05-09,-4.97,-0.79,-0.083,0.018
2024-05-10,-3.23,1.44,0.044,0.040
2024-05-11,-3.52,3.16,-0.008,0.091
2024-05-12,-3.25,3.61,0.023,0.051
2024-05-13,-4.50,1.64,-0.027,0.036
2024-05-14,-5.38,-1.24,-0.091,0.011
2024-05-15,-5.60,-1.61,-0.104,0.038
2024-05-16,-5.36,-0.37,-0.090,0.037
2024-05-17,-5.31,0.65,-0.044,0.072
2024-05-18,-5.67,0.30,-0.033,0.055
2024-05-19,-4.69,2.18,0.033,0.064
2024-05-20,-5.32,2.04,-0.017,0.002
2024-05-21,-5.97,2.29,-0.004,0.071
2024-05-22,-6.31,2.42,-0.032,0.035
2024-05-23,-5.98,3.45,0.039,0.066
2024-05-24,-3.86,1.80,-0.006,0.046
2024-05-25,-4.16,2.03,-0.038,0.008
2024-05-26,-5.51,0.97,-0.099,0.064
2024-05-27,-5.29,1.12,-0.061,0.050
2024-05-28,-5.45,0.10,-0.113,0.047
2024-05-29,-6.27,0.77,-0.129,0.064
2024-05-30,-6.47,1.14,-0.123,0.068
2024-05-31,-6.31,2.30,-0.085,0.081
2024-06-01,-6.57,1.76,-0.113,0.077
2024-06-02,-6.65,1.53,-0.135,0.048
2024-06-03,-5.98,3.88,-0.072,0.151
2024-06-04,-4.03,5.76,0.000,0.110
2024-06-05,-3.38,4.49,,
2024-06-06,-3.48,3.25,,
2024-06-07,-4.49,3.26,,
2024-06-08,-5.18,2.41,,
2024-06-09,-5.98,0.95,-0.121,0.047
2024-06-10,-7.03,0.86,-0.188,0.086
2024-06-11,-7.48,0.92,-0.171,0.084
2024-06-12,-7.27,-0.64,-0.153,0.069
2024-06-13,-6.59,-1.64,-0.171,0.022
2024-06-14,-4.78,-0.76,-0.129,0.007
2024-06-15,-2.95,3.17,-0.029,0.073
2024-06-16,-3.02,0.75,-0.087,0.019
2024-06-17,-3.18,2.15,-0.081,0.078
2024-06-18,-3.71,2.23,-0.079,0.067
2024-06-19,-5.53,2.23,-0.053,0.086
2024-06-20,-7.63,-0.94,-0.112,0.058
2024-06-21,-7.25,-0.89,-0.093,0.044
2024-06-22,-5.80,-0.71,-0.074,-0.024
2024-06-23,-6.53,-0.80,-0.089,0.041
2024-06-24,-7.39,1.44,-0.061,0.101
2024-06-25,-8.71,0.15,-0.112,0.021
2024-06-26,-7.47,0.65,-0.006,0.075
2024-06-27,-6.86,-0.48,-0.093,0.056
2024-06-28,-6.74,-1.19,-0.008,-0.022
2024-06-29,-7.74,-1.09,-0.075,0.067
2024-06-30,-8.79,-0.61,-0.028,0.008
2024-07-01,-9.50,-2.37,-0.033,-0.014
2024-07-02,-10.06,0.88,0.008,0.104
2024-07-03,-9.46,-1.67,-0.048,-0.054
2024-07-04,-8.63,0.75,-0.057,0.139
2024-07-05,-4.52,3.17,0.013,0.025
2024-07-06,-6.22,2.51,0.032,0.106
2024-07-07,-7.48,-1.05,-0.165,0.032
2024-07-08,-7.98,-1.26,-0.085,0.030
2024-07-09,-6.41,-1.96,-0.092,0.077
2024-07-10,-5.24,-0.92,-0.035,-0.014
2024-07-11,-7.51,-0.79,-0.075,0.088
2024-07-12,-7.81,-0.96,-0.034,0.034
2024-07-13,-7.41,-0.39,-0.061,0.117
2024-07-14,-5.86,-3.12,-0.075,-0.055
2024-07-15,-4.81,-2.04,0.047,0.015
2024-07-16,-5.98,1.38,-0.068,0.069
2024-07-17,-6.87,1.21,-0.053,0.040
2024-07-18,-7.63,-1.35,-0.148,0.006
2024-07-19,-8.27,0.43,-0.081,0.074
2024-07-20,-8.37,-0.00,-0.105,0.007
2024-07-21,-6.75,-3.74,-0.062,-0.085
2024-07-22,-7.95,-0.98,-0.095,0.027
2024-07-23,-7.76,-0.14,-0.040,-0.053
2024-07-24,-7.35,0.26,0.024,0.031
2024-07-25,-8.45,-0.89,-0.056,-0.042
2024-07-26,-8.16,-0.71,0.015,0.012
2024-07-27,-6.07,-1.29,-0.058,-0.031
2024-07-28,-6.36,-1.47,-0.033,-0.048
2024-07-29,-6.52,-0.23,-0.049,0.019
2024-07-30,-6.63,-0.00,-0.105,0.027
2024-07-31,-4.51,-1.91,-0.037,-0.016
2024-08-01,-5.87,2.25,0.025,0.133
2024-08-02,-6.48,0.11,-0.031,0.061
2024-08-03,-7.47,-0.52,-0.082,0.068
2024-08-04,-8.06,-1.42,-0.126,0.053
2024-08-05,-8.83,-2.04,-0.143,0.067
2024-08-06,-7.78,-1.51,-0.095,0.068
2024-08-07,-6.38,-0.56,-0.089,0.036
2024-08-08,-6.14,-1.53,-0.074,0.033
2024-08-09,-7.89,-1.25,-0.148,0.095
2024-08-10,-6.98,-1.23,-0.092,0.016
2024-08-11,-5.67,1.21,-0.087,0.083
2024-08-12,-7.26,-1.95,-0.208,0.047
2024-08-13,-6.56,-5.70,-0.195,0.050
2024-08-14,-1.51,12.27,0.154,0.209
2024-08-15,-4.36,5.02,-0.049,0.101
2024-08-16,-5.04,0.53,-0.107,0.142
2024-08-17,-4.77,1.37,-0.093,0.119
2024-08-18,-4.71,1.90,-0.051,0.004
2024-08-19,-7.00,-0.98,-0.182,0.117
2024-08-20,-6.81,-2.75,-0.181,-0.035
2024-08-21,-7.09,-2.44,-0.138,0.068
2024-08-22,-7.49,0.26,-0.194,0.058
2024-08-23,-7.62,-1.21,-0.254,0.054
2024-08-24,-6.21,-2.14,-0.210,0.022
2024-08-25,-4.99,0.35,-0.140,0.106
2024-08-26,-5.09,-0.09,-0.092,0.128
2024-08-27,-4.89,-0.77,-0.046,0.086
2024-08-28,-6.18,-1.54,-0.138,0.128
2024-08-29,-7.44,-0.65,-0.073,0.092
2024-08-30,-7.44,-1.31,-0.085,0.099
2024-08-31,-6.40,-1.01,-0.082,-0.002
2024-09-01,-6.26,-0.22,-0.111,0.046
2024-09-02,-8.21,-1.15,-0.204,0.044
2024-09-03,-8.95,0.94,-0.196,0.119
2024-09-04,-7.23,-1.94,-0.214,-0.032
2024-09-05,-5.62,-1.40,-0.170,0.021
2024-09-06,-5.98,-1.27,-0.212,-0.007
2024-09-07,-5.17,-1.48,-0.163,-0.006
2024-09-08,-5.62,0.59,-0.207,0.061
2024-09-09,-6.10,0.21,-0.134,0.063
2024-09-10,-5.00,1.15,-0.129,0.090
2024-09-11,-5.66,1.00,-0.163,0.073
2024-09-12,-4.78,1.55,-0.112,0.103
2024-09-13,-4.55,0.40,-0.153,0.103
2024-09-14,-3.46,3.46,-0.091,0.151
2024-09-15,-5.29,2.70,-0.143,0.102
2024-09-16,-6.66,-0.47,-0.188,0.088
2024-09-17,-6.25,-1.22,-0.196,0.113
2024-09-18,-4.53,-1.05,-0.054,-0.060
2024-09-19,-2.42,-1.18,0.010,-0.004
2024-09-20,-1.37,0.92,-0.019,-0.043
2024-09-21,-0.85,2.01,0.074,-0.025
2024-09-22,-0.90,2.60,-0.006,0.033
2024-09-23,-0.96,2.05,0.006,-0.049
2024-09-24,-3.64,1.85,-0.029,0.081
2024-09-25,-5.59,-0.59,-0.083,-0.014
2024-09-26,-6.23,-1.32,-0.045,0.024
2024-09-27,-6.62,0.35,-0.104,0.046
2024-09-28,-5.64,0.69,-0.029,-0.023
2024-09-29,-4.76,-1.28,-0.073,-0.019
2024-09-30,-4.23,-0.67,-0.084,-0.023
2024-10-01,-3.72,-1.74,-0.094,0.002
2024-10-02,-1.23,-3.58,-0.075,-0.084
2024-10-03,-3.36,-2.82,-0.119,-0.034
2024-10-04,-3.02,-2.45,-0.113,-0.008
2024-10-05,-1.58,-1.47,-0.050,-0.013
2024-10-06,-1.73,0.84,-0.025,0.014
2024-10-07,-2.76,1.93,-0.048,0.067
2024-10-08,-2.73,3.26,0.000,0.089
2024-10-09,-2.48,4.12,0.150,0.076
2024-10-10,-3.06,3.40,0.069,0.056
2024-10-11,-2.60,2.10,0.073,-0.004
2024-10-12,-2.72,1.97,0.017,0.063
2024-10-13,-4.65,1.42,-0.018,0.056
2024-10-14,-5.35,2.05,0.046,0.080
2024-10-15,-5.80,0.61,-0.016,0.026
2024-10-16,-6.23,-0.33,0.014,-0.035
2024-10-17,-6.66,-0.23,0.004,-0.017
2024-10-18,-4.64,-0.32,0.009,-0.048
2024-10-19,-5.95,0.73,-0.058,0.007
2024-10-20,-6.32,0.11,-0.071,-0.026
2024-10-21,-6.33,2.43,-0.075,0.049
2024-10-22,-6.31,2.81,-0.103,-0.014
2024-10-23,-3.07,4.39,0.028,0.067
2024-10-24,-4.39,2.14,-0.084,0.037
2024-10-25,-6.08,0.32,-0.110,0.025
2024-10-26,-4.95,0.35,-0.085,0.079
2024-10-27,-4.78,-0.33,-0.085,0.025
2024-10-28,-5.66,-0.40,-0.121,0.046
2024-10-29,-6.38,-2.20,-0.143,0.022
2024-10-30,-6.61,-3.22,-0.088,-0.044
2024-10-31,-7.49,-0.92,-0.117,0.006
2024-11-01,-4.33,1.08,0.006,-0.026
2024-11-02,-2.13,2.36,-0.016,-0.003
2024-11-03,-1.46,3.27,0.021,0.053
2024-11-04,-3.36,1.16,-0.127,0.064
2024-11-05,-5.09,-1.95,-0.176,-0.006
2024-11-06,-4.60,-4.29,-0.196,-0.057
2024-11-07,-4.69,-1.43,-0.151,-0.014
2024-11-08,-3.42,3.42,-0.087,0.019
2024-11-09,-6.59,1.89,-0.212,0.083
2024-11-10,-5.09,2.59,-0.073,-0.026
2024-11-11,-5.08,0.27,-0.153,-0.003
2024-11-12,-5.04,0.80,-0.127,-0.032
2024-11-13,-2.00,1.30,-0.098,0.047
2024-11-14,1.93,-0.41,-0.058,-0.079
2024-11-15,-1.71,-0.87,-0.104,0.017
2024-11-16,2.12,2.62,0.053,0.008
2024-11-17,2.44,-2.35,-0.028,-0.110
2024-11-18,-2.86,-5.15,-0.171,-0.076
2024-11-19,-3.33,-3.58,-0.143,-0.048
2024-11-20,-3.45,-2.79,-0.170,-0.121
2024-11-21,-2.59,-0.84,-0.119,-0.070
2024-11-22,-3.28,0.70,-0.145,-0.053
2024-11-23,-2.95,0.36,-0.121,-0.080
2024-11-24,-4.51,-0.71,-0.243,-0.069
2024-11-25,-6.76,-0.83,-0.299,-0.017
2024-11-26,-6.58,-0.34,-0.238,-0.054
2024-11-27,-4.84,1.21,-0.164,-0.027
2024-11-28,-4.69,0.74,-0.179,-0.038
2024-11-29,-4.21,1.45,-0.172,0.008
2024-11-30,-4.86,1.67,-0.189,0.034
2024-12-01,-4.64,0.24,-0.184,-0.037
2024-12-02,-5.01,0.62,-0.192,0.010
2024-12-03,-5.01,0.70,-0.179,-0.011
2024-12-04,-4.67,0.49,-0.102,0.050
2024-12-05,-5.60,-0.69,-0.171,0.008
2024-12-06,-5.12,-1.28,-0.126,0.010
2024-12-07,-4.24,-1.54,-0.156,0.020
2024-12-08,-4.93,-0.87,-0.174,-0.023
2024-12-09,-5.59,-0.39,-0.146,0.066
2024-12-10,-5.51,-2.57,-0.204,-0.075
2024-12-11,-5.82,-3.09,-0.221,0.058
2024-12-12,-3.78,-5.40,-0.231,-0.022
2024-12-13,-1.05,-3.92,-0.123,0.001
2024-12-14,-1.81,2.15,-0.033,0.138
2024-12-15,-2.83,1.14,-0.058,0.118
2024-12-16,-3.30,0.46,-0.067,0.120
2024-12-17,-4.63,-0.90,-0.185,0.089
2024-12-18,-6.58,-1.40,-0.272,0.147
2024-12-19,-6.84,-0.00,-0.309,0.093
2024-12-20,-6.40,0.90,-0.291,0.094
2024-12-21,-3.98,2.30,-0.249,0.072
2024-12-22,-3.07,1.77,-0.243,0.094
2024-12-23,-4.56,-0.72,-0.260,0.102
2024-12-24,-5.41,-1.05,-0.281,0.098
2024-12-25,-4.80,-0.42,-0.294,0.067
2024-12-26,-4.31,0.30,-0.229,0.124
2024-12-27,-3.63,0.51,-0.188,0.087
2024-12-28,-3.26,-3.15,-0.120,-0.014
2024-12-29,-3.63,-4.64,-0.177,-0.035
2024-12-30,-3.98,-2.39,-0.081,-0.083
2024-12-31,-3.96,-1.29,-0.046,-0.076
2025-01-01,-4.01,-1.46,-0.144,-0.009
2025-01-02,-5.18,-2.09,-0.203,0.045
2025-01-03,-5.10,-2.16,-0.240,0.028
2025-01-04,-3.11,-1.94,-0.213,-0.010
2025-01-05,-4.48,-2.69,-0.274,-0.012
2025-01-06,-6.07,-2.21,-0.320,-0.006
2025-01-07,-5.16,-0.18,-0.249,0.002
2025-01-08,-4.26,0.22,-0.275,-0.064
2025-01-09,-1.62,0.76,-0.154,-0.066
2025-01-10,-0.60,-3.38,-0.195,-0.091
2025-01-11,-3.05,-2.95,-0.264,0.018
2025-01-12,-2.04,-1.00,-0.073,0.090
2025-01-13,-2.75,-2.95,-0.134,0.105
2025-01-14,-3.09,-4.25,-0.125,-0.017
2025-01-15,-3.82,-4.89,-0.104,-0.020
2025-01-16,-4.33,-4.81,-0.085,-0.125
2025-01-17,-5.48,-3.03,-0.181,-0.049
2025-01-18,-6.97,-2.27,-0.336,-0.086
2025-01-19,-7.35,-1.16,-0.282,0.020
2025-01-20,-7.32,-1.16,-0.263,-0.050
2025-01-21,-7.83,-0.82,-0.180,-0.006
2025-01-22,-6.39,-0.22,-0.157,-0.025
2025-01-23,-6.49,-1.03,-0.155,-0.038
2025-01-24,-6.32,-1.23,-0.117,0.007
2025-01-25,-5.86,-0.41,-0.081,-0.027
2025-01-26,-7.00,-1.62,-0.175,-0.007
2025-01-27,-7.18,-0.00,-0.154,0.016
2025-01-28,-5.40,0.47,-0.159,0.025
2025-01-29,-3.56,0.06,-0.129,0.006
2025-01-30,-4.05,-1.24,-0.202,-0.051
2025-01-31,-6.94,-0.98,-0.266,-0.010
2025-02-01,-6.60,-1.65,-0.207,-0.060
2025-02-02,-6.69,-1.92,-0.268,-0.062
2025-02-03,-6.15,-2.00,-0.210,-0.091
2025-02-04,-5.44,-2.42,-0.245,-0.078
2025-02-05,-5.26,-1.61,-0.224,-0.052
2025-02-06,-6.84,-2.35,-0.268,-0.024
2025-02-07,-7.02,-2.28,-0.258,-0.030
2025-02-08,-6.33,-2.43,-0.206,-0.063
2025-02-09,-6.33,-2.56,-0.239,-0.041
2025-02-10,-6.53,-1.75,-0.218,-0.051
2025-02-11,-6.99,-0.73,-0.225,-0.004
2025-02-12,-7.90,-1.54,-0.258,-0.041
2025-02-13,-7.98,-1.41,-0.257,-0.030
2025-02-14,-7.63,-2.63,-0.263,-0.068
2025-02-15,-7.21,-1.93,-0.251,-0.060
2025-02-16,-6.94,-0.36,-0.291,0.004
2025-02-17,-5.77,0.81,-0.268,0.028
2025-02-18,-5.86,-1.46,-0.354,0.039
2025-02-19,-6.14,0.11,-0.305,0.096
2025-02-20,-6.32,1.11,-0.322,0.143
2025-02-21,-5.00,0.17,-0.238,0.065
2025-02-22,-4.84,-0.85,-0.260,0.071
2025-02-23,-5.29,-0.84,-0.249,0.052
2025-02-24,-5.91,0.10,-0.260,0.097
2025-02-25,-6.32,2.55,-0.247,0.129
2025-02-26,-3.70,3.21,-0.131,0.101
2025-02-27,-4.85,0.51,-0.240,0.044
2025-02-28,-4.62,0.90,-0.215,0.040
2025-03-01,-5.38,1.44,-0.248,0.091
2025-03-02,-5.65,1.30,-0.202,0.061
2025-03-03,-3.72,1.50,-0.160,0.077
2025-03-04,-3.78,0.20,-0.202,0.020
2025-03-05,-3.48,-0.00,-0.155,0.080
2025-03-06,-1.79,3.09,-0.088,0.132
2025-03-07,-0.85,0.98,-0.057,0.006
2025-03-08,-2.61,-0.46,-0.200,0.067
2025-03-09,-3.40,-0.24,-0.192,0.053
2025-03-10,-4.03,-0.14,-0.225,0.101
2025-03-11,-4.39,1.86,-0.231,0.154
2025-03-12,-1.58,2.02,-0.126,0.081
2025-03-13,-1.79,0.06,-0.177,0.135
2025-03-14,-3.24,-1.05,-0.242,0.106
2025-03-15,-2.13,-0.00,-0.143,0.090
2025-03-16,-1.39,-2.84,-0.235,0.033
2025-03-17,-1.97,-2.92,-0.222,0.042
2025-03-18,-2.34,-0.20,-0.153,0.160
2025-03-19,2.58,-0.79,-0.041,0.029
2025-03-20,-0.71,-1.95,-0.153,0.047
2025-03-21,-3.49,-0.81,-0.127,0.177
2025-03-22,-3.91,-0.00,-0.103,0.251
2025-03-23,-5.68,-0.50,-0.122,0.192
2025-03-24,-6.59,-0.46,-0.149,0.140
2025-03-25,-7.27,-0.00,-0.256,0.152
2025-03-26,-6.47,0.79,-0.253,0.114
2025-03-27,-4.70,1.80,-0.260,0.055
2025-03-28,-5.24,-0.37,-0.282,0.050
2025-03-29,-6.74,-1.07,-0.296,0.057
2025-03-30,-7.52,-0.79,-0.264,0.092
2025-03-31,-7.45,-0.52,-0.207,0.082
2025-04-01,-6.79,0.48,-0.127,0.091
2025-04-02,-7.19,-0.76,-0.214,0.083
2025-04-03,-8.51,-2.77,-0.258,0.030
2025-04-04,-7.94,-3.05,-0.236,0.025
2025-04-05,-6.76,-2.59,-0.204,0.002
2025-04-06,-6.11,-1.75,-0.189,0.002
2025-04-07,-5.72,-0.91,-0.173,0.040
2025-04-08,-5.73,0.30,-0.190,0.110
2025-04-09,-5.18,1.10,-0.123,0.030
2025-04-10,-4.92,1.32,-0.091,0.039
2025-04-11,-4.32,0.61,-0.091,0.026
2025-04-12,-4.40,1.96,-0.065,0.077
2025-04-13,-3.86,2.14,-0.026,0.072
2025-04-14,-3.71,-0.92,-0.067,-0.053
2025-04-15,-5.42,-1.15,-0.147,0.049
2025-04-16,-5.78,0.81,-0.103,0.064
2025-04-17,-4.48,1.72,-0.048,0.057
2025-04-18,-2.14,-0.22,-0.003,-0.068
2025-04-19,-3.38,-1.58,-0.141,-0.020
2025-04-20,-2.56,-3.53,-0.079,-0.109
2025-04-21,-1.31,-6.15,-0.127,-0.150
2025-04-22,-1.19,-3.26,-0.067,-0.088
2025-04-23,-1.46,-0.81,-0.036,0.010
2025-04-24,-2.14,-0.34,-0.049,-0.019
2025-04-25,-2.65,-1.07,-0.078,0.005
2025-04-26,-3.00,0.97,-0.107,0.075
2025-04-27,-3.16,0.33,-0.093,0.058
2025-04-28,-3.56,0.19,-0.130,0.082
2025-04-29,-3.23,-0.57,-0.106,0.039
2025-04-30,-2.91,-0.78,-0.109,0.020
2025-05-01,-2.72,-1.45,-0.141,-0.002
2025-05-02,-3.63,-1.69,-0.154,0.057
2025-05-03,-4.61,-1.06,-0.156,0.101
2025-05-04,-4.02,-0.49,-0.093,0.050
2025-05-05,-4.01,-0.35,-0.111,0.099
2025-05-06,-4.09,-1.17,-0.141,0.060
2025-05-07,-3.08,-1.37,-0.089,0.123
2025-05-08,-2.77,-0.79,-0.078,0.096
2025-05-09,-3.39,-0.78,-0.021,0.114
2025-05-10,-4.62,0.24,-0.087,0.111
2025-05-11,-6.07,-0.21,-0.082,0.098
2025-05-12,-6.53,-1.27,-0.127,0.061
2025-05-13,-6.99,-1.36,-0.139,0.050
2025-05-14,-6.72,0.23,-0.122,0.074
2025-05-15,-6.07,0.42,-0.144,0.002
2025-05-16,-4.92,1.05,-0.130,0.046
2025-05-17,-3.29,-0.11,-0.162,-0.017
2025-05-18,-3.06,1.49,-0.169,0.130
2025-05-19,-3.18,0.06,-0.130,0.053
2025-05-20,-4.18,0.59,-0.153,0.151
2025-05-21,-3.79,-0.00,-0.108,0.064
2025-05-22,-4.58,-0.00,-0.102,0.088
2025-05-23,-5.80,0.10,-0.122,0.076
2025-05-24,-6.66,-0.70,-0.101,0.064
2025-05-25,-6.27,-0.99,-0.136,0.018
2025-05-26,-6.00,-0.21,-0.107,0.006
2025-05-27,-5.20,-0.73,-0.091,-0.005
2025-05-28,-5.51,-1.27,-0.143,-0.041
2025-05-29,-5.89,0.21,-0.131,0.049
2025-05-30,-5.80,-0.20,-0.156,-0.009
2025-05-31,-5.62,1.40,-0.139,0.042
2025-06-01,-6.04,1.39,-0.146,0.041
2025-06-02,-6.36,0.22,-0.162,0.037
2025-06-03,-6.33,-1.35,-0.190,0.008
2025-06-04,-6.48,-1.03,-0.221,0.006
2025-06-05,-5.33,-0.56,-0.197,-0.016
2025-06-06,-5.15,-0.18,-0.202,0.000
2025-06-07,-5.24,-0.09,-0.212,0.014
2025-06-08,-5.76,0.81,-0.209,0.053
2025-06-09,-6.10,0.53,-0.223,0.058
2025-06-10,-7.50,-0.52,-0.258,0.030
2025-06-11,-7.63,-0.67,-0.271,0.026
2025-06-12,-7.27,-0.89,-0.242,-0.012
2025-06-13,-6.52,-1.03,-0.221,-0.016
2025-06-14,-6.11,-0.97,-0.215,0.011
2025-06-15,-6.13,-0.21,-0.182,-0.011
2025-06-16,-6.18,-0.65,-0.189,0.014
2025-06-17,-6.53,-0.57,-0.204,0.041
2025-06-18,-6.22,-0.54,-0.170,0.035
2025-06-19,-6.16,-0.76,-0.187,0.035
2025-06-20,-6.27,-0.33,-0.169,0.051
2025-06-21,-5.72,-0.30,-0.160,0.032
2025-06-22,-4.99,-0.52,-0.129,0.015
2025-06-23,-6.59,-0.12,-0.193,0.067
2025-06-24,-7.41,0.78,-0.151,0.070
2025-06-25,-7.49,-0.92,-0.119,-0.024
2025-06-26,-6.78,-0.83,-0.087,-0.067
2025-06-27,-5.93,-2.28,-0.081,-0.092
2025-06-28,-6.03,-1.39,-0.073,-0.055
2025-06-29,-6.89,-0.12,-0.106,-0.033
2025-06-30,-6.47,-0.00,-0.072,-0.052
2025-07-01,-6.26,-1.44,-0.128,-0.108
2025-07-02,-5.61,0.59,0.004,-0.007
2025-07-03,-4.58,1.06,0.016,-0.057
2025-07-04,-4.81,0.17,-0.036,-0.063
2025-07-05,-4.96,0.26,-0.088,-0.003
2025-07-06,-5.09,-1.08,-0.099,-0.058
2025-07-07,-6.00,-0.63,-0.143,-0.011
2025-07-08,-6.36,0.11,-0.102,-0.023
2025-07-09,-6.58,-0.81,-0.087,-0.050
2025-07-10,-6.85,-0.48,-0.119,-0.007
2025-07-11,-6.65,-0.58,-0.110,-0.040
2025-07-12,-4.94,-1.05,-0.053,-0.097
2025-07-13,-3.56,-0.96,-0.059,-0.085
2025-07-14,-4.99,0.52,-0.107,-0.006
2025-07-15,-5.75,0.10,-0.104,-0.006
2025-07-16,-6.29,-1.00,-0.139,-0.014
2025-07-17,-5.89,-0.62,-0.123,-0.041
2025-07-18,-5.37,-1.64,-0.126,-0.081
2025-07-19,-4.46,-0.63,-0.118,-0.088
2025-07-20,-5.20,0.64,-0.151,-0.031
2025-07-21,-5.67,-1.00,-0.168,-0.069
2025-07-22,-6.37,-0.33,-0.193,-0.035
2025-07-23,-7.36,-1.03,-0.316,0.017
2025-07-24,-7.05,-0.87,-0.261,0.062
2025-07-25,-5.65,-1.62,-0.268,-0.010
2025-07-26,-5.71,-1.85,-0.188,0.011
2025-07-27,-4.93,-0.00,-0.146,0.073
2025-07-28,-3.93,-0.07,-0.085,-0.065
2025-07-29,-4.63,0.32,-0.135,0.073
2025-07-30,-5.14,-0.81,-0.151,-0.029
2025-07-31,-4.78,0.25,-0.152,0.015
2025-08-01,-5.98,-0.63,-0.244,0.049
2025-08-02,-4.84,1.57,-0.146,0.035
2025-08-03,-4.04,1.47,-0.137,0.055
2025-08-04,-5.62,-0.00,-0.256,0.117
2025-08-05,-4.75,-1.82,-0.098,0.015
2025-08-06,-5.05,0.09,-0.115,0.117
2025-08-07,-5.21,-1.11,-0.092,-0.017
2025-08-08,-4.91,-0.95,-0.064,0.061
2025-08-09,-3.90,-0.20,-0.065,-0.022
2025-08-10,-4.41,-0.00,-0.035,0.026
2025-08-11,-5.13,-0.63,-0.103,0.046
2025-08-12,-5.16,-0.54,-0.063,0.053
2025-08-13,-4.56,-1.66,0.031,-0.047
2025-08-14,-5.32,-1.03,0.040,-0.019
2025-08-15,-4.13,-2.11,0.084,-0.039
2025-08-16,4.62,-2.56,0.180,-0.129
2025-08-17,3.20,7.93,0.346,0.093
2025-08-18,-2.30,6.00,-0.068,0.121
2025-08-19,-3.38,2.46,-0.043,0.024
2025-08-20,-5.12,0.90,-0.094,0.082
2025-08-21,-5.70,-1.32,-0.073,-0.022
2025-08-22,-4.11,-2.57,-0.003,-0.047
2025-08-23,-2.79,0.75,0.104,0.014
2025-08-24,-4.87,-0.77,-0.049,-0.015
2025-08-25,-6.78,-2.07,-0.135,0.062
2025-08-26,-5.64,-0.49,-0.008,0.032
2025-08-27,-4.53,0.80,-0.010,0.019
2025-08-28,-3.38,1.43,0.063,-0.031
2025-08-29,-3.89,0.48,-0.054,0.019
2025-08-30,-4.56,-0.72,-0.108,-0.023
2025-08-31,-4.33,-0.00,-0.070,0.049
2025-09-01,-4.15,0.29,-0.149,0.030
2025-09-02,-3.79,1.09,-0.100,0.044
2025-09-03,-4.15,1.11,-0.083,0.023
2025-09-04,-4.41,-0.08,-0.082,-0.036
2025-09-05,-4.50,0.47,-0.094,0.042
2025-09-06,-4.37,0.31,-0.104,0.026
2025-09-07,-4.04,0.14,-0.138,-0.017
2025-09-08,-3.91,1.66,-0.070,0.020
2025-09-09,-2.23,0.31,-0.078,-0.072
2025-09-10,-4.06,1.56,-0.083,0.024
2025-09-11,-4.52,0.16,-0.070,-0.001
2025-09-12,-3.68,0.19,-0.028,-0.057
2025-09-13,-3.79,0.74,0.009,-0.016
2025-09-14,-4.67,1.08,0.021,0.016
2025-09-15,-5.50,-0.00,0.025,-0.033
2025-09-16,-4.94,-1.70,0.011,-0.047
2025-09-17,-4.33,-0.61,-0.022,-0.089
2025-09-18,-2.91,1.48,0.097,-0.048
2025-09-19,-2.52,1.83,-0.028,-0.034
2025-09-20,-2.18,1.76,0.030,-0.079
2025-09-21,-2.90,1.17,-0.055,0.029
2025-09-22,-3.77,0.13,-0.101,0.015
2025-09-23,-4.42,-1.35,-0.166,0.128
2025-09-24,-4.87,2.81,0.039,0.193
2025-09-25,-2.83,0.76,0.087,-0.025
2025-09-26,-1.92,1.45,0.112,0.165
2025-09-27,-0.39,1.57,0.094,-0.019
2025-09-28,0.30,3.40,0.222,0.077
2025-09-29,-3.17,2.66,0.084,0.108
2025-09-30,-4.26,1.38,0.108,0.063
2025-10-01,-2.49,1.81,0.106,0.063
2025-10-02,-1.14,0.53,0.069,-0.017
2025-10-03,-1.06,-1.03,0.092,-0.030
2025-10-04,-2.11,0.41,0.010,0.005
2025-10-05,-3.17,-0.06,-0.002,-0.002
2025-10-06,-3.94,-1.67,-0.071,0.063
2025-10-07,-3.13,0.16,-0.014,-0.015
2025-10-08,-3.45,1.47,0.006,0.112
2025-10-09,-3.13,-0.05,0.004,0.049
2025-10-10,3.29,2.57,0.099,-0.015
2025-10-11,-0.59,3.36,0.094,0.101
2025-10-12,-4.41,1.10,-0.112,0.129
2025-10-13,-5.39,-0.09,-0.059,0.054
2025-10-14,-4.65,0.41,-0.055,0.123
2025-10-15,-2.31,2.47,0.024,0.032
2025-10-16,2.37,3.51,0.162,0.068
2025-10-17,2.03,4.55,0.090,0.025
2025-10-18,-0.00,2.72,0.065,0.013
2025-10-19,-4.57,-0.32,-0.113,0.082
2025-10-20,-7.03,0.25,-0.157,0.138
2025-10-21,-6.77,0.71,-0.097,-0.003
2025-10-22,-6.57,0.58,-0.149,0.124
2025-10-23,-6.38,1.36,-0.203,0.066
2025-10-24,-4.73,2.21,-0.092,0.027
2025-10-25,-4.19,1.36,-0.152,0.078
2025-10-26,-4.36,1.50,-0.130,0.055
2025-10-27,-5.06,0.98,-0.157,0.036
2025-10-28,-4.78,2.44,-0.127,0.080
2025-10-29,-3.43,2.59,-0.096,0.055
2025-10-30,-2.86,2.67,-0.111,0.032
2025-10-31,-3.80,1.24,-0.140,0.006
2025-11-01,-6.14,2.00,-0.208,0.111
2025-11-02,-6.17,0.87,-0.157,-0.002
2025-11-03,-5.91,-1.26,-0.273,-0.003
2025-11-04,-3.88,-1.19,-0.176,-0.087
2025-11-05,-3.58,-0.19,-0.170,-0.031
2025-11-06,-4.87,0.17,-0.225,-0.015
2025-11-07,-4.84,0.51,-0.201,-0.053
2025-11-08,-6.40,0.67,-0.238,0.033
2025-11-09,-6.48,1.38,-0.244,0.017
2025-11-10,-6.46,-0.00,-0.267,-0.007
2025-11-11,-4.47,0.08,-0.184,-0.033
2025-11-12,-5.09,-0.90,-0.249,-0.059
2025-11-13,-4.58,0.08,-0.159,-0.033
2025-11-14,-3.57,0.76,-0.141,-0.006
2025-11-15,-1.88,1.42,-0.075,-0.056
2025-11-16,-0.74,1.33,-0.068,-0.035
2025-11-17,-2.69,0.87,-0.108,0.023
2025-11-18,-4.67,0.24,-0.145,0.034
2025-11-19,-4.83,-0.51,-0.133,0.050
2025-11-20,-4.02,-1.31,-0.111,-0.046
2025-11-21,-3.85,-2.31,-0.114,-0.057
2025-11-22,-4.12,-1.92,-0.157,-0.015
2025-11-23,-4.44,-1.27,-0.154,-0.003
2025-11-24,-4.80,-1.56,-0.178,0.002
2025-11-25,-5.34,-1.63,-0.210,0.000
2025-11-26,-6.15,-1.20,-0.263,0.028
2025-11-27,-6.45,-1.25,-0.260,0.040
2025-11-28,-5.47,-0.38,-0.186,0.032
2025-11-29,-5.83,-0.61,-0.204,0.016
2025-11-30,-6.56,-1.27,-0.201,0.018
2025-12-01,-4.01,-2.04,-0.123,-0.049
2025-12-02,-2.55,-1.03,-0.071,-0.047
2025-12-03,-3.79,0.60,-0.101,0.004
2025-12-04,-5.38,-1.05,-0.154,0.016
2025-12-05,-5.78,-0.71,-0.110,0.006
2025-12-06,-5.85,-0.72,-0.154,0.012
2025-12-07,-5.99,-0.42,-0.104,-0.040
2025-12-08,-5.70,1.42,-0.086,0.047
2025-12-09,-4.52,1.21,-0.077,-0.015
2025-12-10,-5.15,1.00,-0.092,0.055
2025-12-11,-6.06,1.40,-0.127,0.081
2025-12-12,-6.36,0.67,-0.123,0.015
2025-12-13,-6.07,-0.53,-0.127,0.028
2025-12-14,-5.81,1.23,-0.123,0.071
2025-12-15,-3.39,0.48,-0.052,-0.027
2025-12-16,-4.24,0.45,-0.131,0.077
2025-12-17,-5.20,0.92,-0.170,0.084
2025-12-18,-5.06,-0.89,-0.170,0.027
2025-12-19,-5.03,-1.16,-0.218,0.002
2025-12-20,-4.81,-1.02,-0.215,-0.029
2025-12-21,-5.52,-1.38,-0.260,-0.010
2025-12-22,-4.52,-0.96,-0.219,0.004
2025-12-23,-4.65,-2.80,-0.250,-0.056
2025-12-24,-4.33,-2.60,-0.199,-0.022
2025-12-25,-2.76,-3.53,-0.174,-0.127
2025-12-26,-3.01,-2.71,-0.135,-0.051
2025-12-27,-3.26,-1.32,-0.140,-0.064
2025-12-28,-2.29,-1.27,-0.075,-0.074
2025-12-29,-2.92,-1.01,-0.114,-0.067
2025-12-30,-3.61,1.10,-0.122,-0.009
2025-12-31,-2.78,1.42,-0.088,0.018
2026-01-01,-2.57,1.25,-0.076,-0.001
2026-01-02,-2.59,1.16,-0.070,0.028
2026-01-03,-3.58,0.83,-0.088,0.027
2026-01-04,-3.28,2.56,-0.047,0.068
2026-01-05,-1.40,2.16,-0.007,0.016
2026-01-06,-1.16,-3.19,-0.034,-0.088
2026-01-07,-2.91,-2.12,-0.076,-0.015
2026-01-08,-2.37,-0.96,-0.049,-0.019
2026-01-09,-3.31,-0.76,-0.088,-0.004
2026-01-10,-4.23,-1.29,-0.141,-0.003
2026-01-11,-3.68,-1.13,-0.130,-0.015
2026-01-12,-3.50,-0.49,-0.114,-0.004
2026-01-13,-4.28,-0.30,-0.163,0.033
2026-01-14,-5.10,0.90,-0.170,0.042
2026-01-15,-4.97,1.52,-0.137,0.083
2026-01-16,-5.13,0.72,-0.169,0.030
2026-01-17,-6.86,-1.46,-0.257,-0.004
2026-01-18,-7.24,-0.63,-0.260,0.016
2026-01-19,-6.44,-0.34,-0.228,-0.034
2026-01-20,-6.78,-1.32,-0.259,-0.032
2026-01-21,-6.67,-2.04,-0.229,-0.084
2026-01-22,-7.29,-1.42,-0.250,-0.055
2026-01-23,-6.00,-0.31,-0.179,-0.093
2026-01-24,-6.05,-0.00,-0.234,-0.016
2026-01-25,-6.30,-0.89,-0.235,-0.080
2026-01-26,-6.25,0.33,-0.222,-0.027
2026-01-27,-5.33,0.37,-0.226,-0.036
2026-01-28,-4.20,0.07,-0.153,-0.073
2026-01-29,-3.46,0.93,-0.149,-0.006
2026-01-30,-4.26,1.22,-0.176,-0.016
2026-01-31,-4.72,2.51,-0.155,0.047
2026-02-01,-3.29,4.37,-0.105,0.101
2026-02-02,-1.32,2.83,-0.085,0.007
2026-02-03,-2.85,-4.07,-0.175,-0.087
2026-02-04,-4.99,-2.12,-0.239,0.006
2026-02-05,-3.23,2.26,-0.100,0.046
2026-02-06,-0.21,2.99,-0.045,0.025
2026-02-07,1.66,1.98,-0.025,0.049
2026-02-08,-0.54,-3.87,-0.085,-0.116
2026-02-09,-2.63,-4.56,-0.121,-0.096
2026-02-10,-3.70,-5.70,-0.119,-0.193
2026-02-11,-5.35,-4.49,-0.129,-0.098
2026-02-12,-4.50,0.79,-0.023,0.000
2026-02-13,-2.62,2.53,0.005,0.021
2026-02-14,-1.33,0.68,0.016,-0.041
2026-02-15,-2.56,-1.73,-0.096,-0.007
2026-02-16,-4.20,0.74,-0.108,0.066
2026-02-17,-3.35,1.09,-0.074,0.042
2026-02-18,-3.70,-0.19,-0.128,0.042
2026-02-19,-4.70,-0.49,-0.163,0.027
2026-02-20,-5.49,0.10,-0.186,0.032
2026-02-21,-5.78,0.10,-0.180,0.036
2026-02-22,-5.68,1.21,-0.167,0.031
2026-02-23,-4.24,2.55,-0.124,0.038
2026-02-24,-3.67,1.41,-0.134,-0.025
2026-02-25,-5.67,0.40,-0.198,0.036
2026-02-26,-6.45,0.23,-0.202,0.023
2026-02-27,-5.94,1.05,-0.172,-0.017
2026-02-28,-5.87,1.68,-0.159,0.019
2026-03-01,-6.65,1.17,-0.168,0.052
2026-03-02,-6.75,0.59,-0.188,0.008
2026-03-03,-7.14,0.12,-0.182,0.030
2026-03-04,-6.74,-1.07,-0.174,-0.007
2026-03-05,-6.69,-1.18,-0.154,-0.008
2026-03-06,-6.81,-1.45,-0.184,0.022
2026-03-07,-7.34,-1.43,-0.186,-0.028
2026-03-08,-7.13,-0.50,-0.199,0.018
2026-03-09,-6.86,-0.24,-0.236,0.028
2026-03-10,-7.11,-0.50,-0.259,0.030
2026-03-11,-5.85,-0.72,-0.231,0.030
2026-03-12,-5.13,-0.36,-0.219,0.018
2026-03-13,-4.90,-0.00,-0.201,0.012
2026-03-14,-5.65,-0.89,-0.248,0.016
2026-03-15,-6.95,-0.61,-0.286,0.025
2026-03-16,-8.62,0.60,-0.287,0.090
2026-03-17,-7.71,0.81,-0.242,0.062
2026-03-18,-6.52,0.69,-0.205,0.029
2026-03-19,-5.39,1.55,-0.185,0.051
2026-03-20,-4.19,3.04,-0.143,0.096
2026-03-21,-2.41,4.17,-0.094,0.081
2026-03-22,0.37,2.63,-0.089,-0.007
2026-03-23,-2.07,-2.65,-0.255,-0.031
2026-03-24,-3.19,-0.74,-0.188,0.010
2026-03-25,-4.41,1.10,-0.174,0.124
2026-03-26,-5.40,1.15,-0.142,0.086
2026-03-27,-5.24,0.55,-0.167,0.096
2026-03-28,-3.53,-0.56,-0.128,0.037
2026-03-29,-3.00,-3.22,-0.150,-0.056
2026-03-30,-5.23,-3.14,-0.273,-0.003
2026-03-31,-4.90,-2.61,-0.216,-0.029
2026-04-01,-4.31,-1.15,-0.205,0.022
2026-04-02,-4.68,-1.43,-0.229,-0.013
2026-04-03,-5.36,-1.64,-0.213,0.041
2026-04-04,-5.86,-0.20,-0.187,0.071
2026-04-05,-6.23,1.44,-0.133,0.109
2026-04-06,-5.10,2.83,-0.091,0.092
2026-04-07,-5.20,2.88,-0.067,0.111
2026-04-08,-5.40,2.75,-0.120,0.103
2026-04-09,-4.81,1.11,-0.095,0.025
2026-04-10,-5.19,0.92,-0.124,0.066
2026-04-11,-4.67,1.52,-0.095,0.060
2026-04-12,-3.60,1.31,-0.052,0.008
2026-04-13,-2.66,0.28,-0.026,0.026
2026-04-14,-2.19,1.59,-0.044,-0.004
2026-04-15,-2.21,1.17,-0.070,-0.024
2026-04-16,-4.93,0.96,-0.142,0.111
2026-04-17,-5.01,0.53,-0.116,0.028
2026-04-18,-4.93,-0.09,-0.122,0.015
2026-04-19,-5.99,-0.10,-0.152,0.041
2026-04-20,-6.18,-0.22,-0.139,0.008
2026-04-21,-4.43,-0.54,-0.098,-0.057
2026-04-22,-3.40,-1.30,-0.105,-0.095
2026-04-23,-2.76,-0.74,-0.101,-0.097
2026-04-24,-3.09,0.43,-0.086,-0.029
2026-04-25,-1.07,3.49,0.037,-0.001
2026-04-26,-0.97,2.00,0.001,-0.077
2026-04-27,-2.40,2.40,0.010,0.083
2026-04-28,-3.19,1.69,-0.009,0.088
2026-04-29,-3.58,1.09,-0.053,0.040
2026-04-30,-3.38,1.17,-0.029,0.057
2026-05-01,-3.49,1.07,-0.059,0.056
2026-05-02,-4.88,0.95,-0.113,0.066
2026-05-03,-5.15,1.19,-0.105,0.072
2026-05-04,-5.10,1.75,-0.108,0.060
2026-05-05,-4.14,2.39,-0.074,0.054
2026-05-06,-4.48,1.28,-0.154,0.080
2026-05-07,-4.41,0.46,-0.145,0.051
2026-05-08,-4.75,-0.17,-0.176,0.068
2026-05-09,-5.66,-0.90,-0.203,0.033
2026-05-10,-6.85,0.12,-0.191,0.127
2026-05-11,-6.35,-0.44,-0.162,0.020
2026-05-12,-5.42,1.15,-0.108,0.075
2026-05-13,-5.70,1.53,-0.170,0.056
2026-05-14,-5.69,2.07,-0.113,0.068
2026-05-15,-4.97,1.71,-0.144,0.067
2026-05-16,-5.86,0.93,-0.164,0.016
2026-05-17,-6.79,0.24,-0.179,0.069
2026-05-18,-6.57,0.23,-0.158,0.038
2026-05-19,-6.66,0.70,-0.141,0.006
2026-05-20,-7.04,0.37,-0.156,0.030
2026-05-21,-6.23,1.21,-0.100,0.005
2026-05-22,-6.21,0.65,-0.112,0.002
2026-05-23,-6.41,-0.34,-0.134,-0.019
2026-05-24,-7.24,-0.38,-0.127,-0.019
2026-05-25,-7.94,-0.69,-0.168,0.015
2026-05-26,-7.52,0.13,-0.127,-0.004
2026-05-27,-6.53,-0.34,-0.144,-0.026
2026-05-28,-5.89,-0.41,-0.152,-0.012
2026-05-29,-5.10,0.90,-0.136,0.067
2026-05-30,-5.45,0.67,-0.152,0.106
2026-05-31,-5.18,1.68,-0.110,0.142
2026-06-01,-5.18,1.68,-0.103,0.129
2026-06-02,-6.05,1.29,-0.056,0.176
2026-06-03,-5.73,1.32,-0.085,0.097
2026-06-04,-5.32,2.26,-0.036,0.108
2026-06-05,-4.90,1.78,-0.074,0.084
2026-06-06,-4.93,0.43,-0.133,0.041
2026-06-07,-5.77,1.65,-0.097,0.118
2026-06-08,-6.23,0.77,-0.138,0.058
2026-06-09,-4.38,0.08,-0.076,0.017
2026-06-10,-3.59,0.63,-0.107,0.031
2026-06-11,-4.48,0.79,-0.098,0.066
2026-06-12,-5.04,1.83,-0.070,0.122
2026-06-13,-6.53,0.69,-0.131,0.076
2026-06-14,-7.09,-0.25,-0.143,0.035
2026-06-15,-6.82,0.24,-0.155,0.077
2026-06-16,-6.02,-0.00,-0.149,-0.039
2026-06-17,-5.66,-0.20,-0.161,0.026
2026-06-18,-5.56,-0.49,-0.133,-0.027
2026-06-19,-6.39,-1.24,-0.169,0.015
2026-06-20,-5.91,-0.83,-0.125,-0.017
2026-06-21,-6.76,-0.00,-0.106,0.017
2026-06-22,-7.15,-0.63,-0.122,-0.009
2026-06-23,-7.18,-1.66,-0.100,-0.037
2026-06-24,-6.81,-0.96,-0.127,-0.038
2026-06-25,-6.93,-0.24,-0.099,0.001
2026-06-26,-6.03,-1.73,-0.111,-0.080
2026-06-27,-5.11,-0.27,-0.082,-0.032
2026-06-28,-4.93,0.43,-0.110,-0.012
2026-06-29,-5.15,1.10,-0.093,-0.005
2026-06-30,-5.69,0.70,-0.117,0.062
2026-07-01,-5.29,0.56,-0.106,0.007
2026-07-02,-5.30,0.65,-0.098,0.082
2026-07-03,-5.87,-0.62,-0.176,0.002
2026-07-04,-5.86,0.31,-0.129,0.014
2026-07-05,-6.40,-1.36,-0.187,-0.052
2026-07-06,-6.63,-1.05,-0.172,-0.004
2026-07-07,-7.08,-0.74,-0.177,-0.024
2026-07-08,-7.05,-0.62,-0.125,-0.027
2026-07-09,-7.36,-0.64,-0.146,0.029
2026-07-10,-7.03,-1.11,-0.126,0.001
2026-07-11,-6.86,-1.97,-0.168,0.053
2026-07-12,-6.01,-2.07,-0.212,0.067
2026-07-13,-5.74,-1.22,-0.217,0.100
2026-07-14,-5.53,-0.48,-0.197,0.119
2026-07-15,-5.26,-0.74,-0.152,0.058
2026-07-16,-5.41,-0.47,-0.167,0.054
2026-07-17,-5.95,-0.63,-0.157,0.103
2026-07-18,-6.36,-1.24,-0.227,0.085
2026-07-19,-6.38,-1.36,-0.233,0.042
2026-07-20,-5.83,-1.67,-0.229,0.075
2026-07-21,-3.39,-2.55,-0.214,0.039
2026-07-22,-4.76,1.46,-0.066,0.325
2026-07-23,-4.55,1.30,-0.016,0.172
2026-07-24,-5.47,-0.77,-0.052,0.170
2026-07-25,-5.84,-1.57,-0.088,0.122
2026-07-26,-5.36,-1.24,-0.054,0.073
2026-07-27,-4.42,-0.46,-0.027,0.072
2026-07-28,-5.08,0.44,-0.072,0.081
2026-07-29,-6.21,-0.00,-0.085,0.090
2026-07-30,-6.65,-0.35,-0.090,0.097
2026-07-31,-5.97,-0.31,-0.129,0.052
2026-08-01,-5.42,-0.19,-0.060,0.009
2026-08-02,-6.22,0.11,-0.138,0.124
2026-08-03,-5.87,-0.20,-0.112,-0.025
2026-08-04,-4.37,-1.34,-0.066,0.007
2026-08-05,-4.45,0.31,-0.094,-0.004
2026-08-06,-5.44,0.29,-0.045,-0.034
2026-08-07,-5.18,-1.10,-0.069,-0.077
2026-08-08,-6.03,-1.17,-0.094,-0.078
2026-08-09,-6.74,-2.06,-0.116,-0.102
2026-08-10,-5.95,-1.37,0.006,-0.158
2026-08-11,-5.64,-0.89,-0.038,-0.127
2026-08-12,-4.72,0.08,-0.017,-0.055
2026-08-13,-7.43,0.13,-0.226,0.022
2026-08-14,-7.26,-1.81,-0.164,-0.075
2026-08-15,-8.18,-2.98,-0.393,-0.056
2026-08-16,-6.83,-1.08,-0.258,-0.091
2026-08-17,-5.68,-1.42,-0.326,-0.015
2026-08-18,-4.60,-1.59,-0.316,-0.089
2026-08-19,-4.98,0.70,-0.218,0.113
2026-08-20,-6.21,-0.22,-0.293,0.034
2026-08-21,-5.82,-1.24,-0.181,0.003
2026-08-22,-5.13,-0.63,-0.290,0.011
2026-08-23,-5.40,-0.47,-0.328,-0.048
2026-08-24,-4.96,-0.43,-0.298,0.006
2026-08-25,-5.37,-0.00,-0.333,-0.096
2026-08-26,-4.87,-1.21,-0.241,-0.123
2026-08-27,-5.21,-0.83,-0.185,-0.091
2026-08-28,-6.08,-0.64,-0.160,-0.088
2026-08-29,-6.32,-1.34,-0.156,-0.038
2026-08-30,-4.87,-0.51,-0.105,-0.010
2026-08-31,-5.47,2.10,-0.037,0.058
2026-09-01,-4.76,-0.67,-0.167,-0.047
2026-09-02,-4.09,-0.43,-0.061,-0.032
2026-09-03,-4.02,-0.07,-0.124,-0.023
2026-09-04,-3.91,0.55,-0.097,-0.050
2026-09-05,-3.99,0.42,-0.136,0.033
2026-09-06,-4.49,0.24,-0.121,-0.004
2026-09-07,-4.19,0.97,-0.111,0.046
2026-09-08,-5.83,0.51,-0.153,0.018
2026-09-09,-6.57,-0.58,-0.106,0.013
2026-09-10,-5.82,-0.41,-0.057,-0.007
2026-09-11,-5.39,-0.95,-0.068,-0.070
2026-09-12,-5.21,-1.40,-0.053,-0.018
2026-09-13,-5.54,-0.98,-0.112,-0.016
2026-09-14,-5.16,0.09,0.010,-0.040
2026-09-15,-5.35,-0.66,-0.065,0.013
2026-09-16,-6.02,-0.53,0.009,0.019
2026-09-17,-5.88,2.14,0.088,0.092
2026-09-18,-4.62,0.32,0.031,-0.031
2026-09-19,-3.68,0.26,0.112,0.020
2026-09-20,-2.56,1.36,0.041,-0.006
2026-09-21,-2.90,1.48,0.084,-0.043
2026-09-22,-3.64,0.77,-0.002,0.007
2026-09-23,-4.34,0.61,-0.002,-0.002
2026-09-24,-3.83,0.96,0.031,0.008
2026-09-25,-3.37,1.23,0.017,0.038
2026-09-26,-3.29,1.01,-0.009,0.052
