date,wind_u,wind_v,cur_u,cur_v
2016-01-01,0.85,-4.84,,
2016-01-02,1.02,-5.26,,
2016-01-03,1.01,-5.17,,
2016-01-04,1.18,-4.40,,
2016-01-05,0.67,-1.96,,
2016-01-06,-1.79,0.80,,
2016-01-07,-0.57,2.00,,
2016-01-08,-0.85,1.68,,
2016-01-09,-0.49,-3.47,,
2016-01-10,0.81,-5.74,,
2016-01-11,1.95,-0.71,,
2016-01-12,1.12,-3.44,,
2016-01-13,0.54,-2.01,,
2016-01-14,-0.54,1.67,,
2016-01-15,-1.34,-1.05,,
2016-01-16,-0.47,1.88,,
2016-01-17,-0.64,-4.56,,
2016-01-18,0.32,-2.25,,
2016-01-19,0.85,-1.60,,
2016-01-20,-0.90,1.63,,
2016-01-21,-0.92,1.73,,
2016-01-22,-0.11,-6.17,,
2016-01-23,0.91,-2.66,,
2016-01-24,-0.38,2.37,,
2016-01-25,-0.83,2.90,,
2016-01-26,-0.42,-1.47,,
2016-01-27,0.88,-5.55,,
2016-01-28,1.38,-4.50,,
2016-01-29,1.79,0.41,,
2016-01-30,0.08,2.40,,
2016-01-31,-1.20,1.72,,
2016-02-01,-1.44,1.50,,
2016-02-02,-1.00,2.06,,
2016-02-03,-0.88,-4.52,,
2016-02-04,1.35,-6.93,,
2016-02-05,0.44,-4.18,,
2016-02-06,1.55,-3.85,,
2016-02-07,0.07,-3.92,,
2016-02-08,-0.48,-1.94,,
2016-02-09,0.00,-3.33,,
2016-02-10,0.28,-3.26,,
2016-02-11,2.35,-0.95,,
2016-02-12,-1.48,-1.76,,
2016-02-13,0.11,-3.16,,
2016-02-14,-2.06,0.04,,
2016-02-15,-1.88,0.37,,
2016-02-16,-0.54,-2.02,,
2016-02-17,-0.59,-2.19,,
2016-02-18,-0.92,-2.28,,
2016-02-19,-0.97,-1.67,,
2016-02-20,-1.45,-0.10,,
2016-02-21,-1.75,1.09,,
2016-02-22,-1.34,-1.54,,
2016-02-23,-0.73,2.01,,
2016-02-24,-0.37,-7.15,,
2016-02-25,0.34,-3.27,,
2016-02-26,-0.44,-2.25,,
2016-02-27,-0.82,-1.92,,
2016-02-28,-0.10,2.00,,
2016-02-29,-1.85,-0.13,,
2016-03-01,-1.44,-0.05,,
2016-03-02,-0.71,-1.17,,
2016-03-03,-1.31,0.64,,
2016-03-04,-1.54,-1.25,,
2016-03-05,-0.92,-1.22,,
2016-03-06,-1.42,-0.99,,
2016-03-07,-1.57,2.08,,
2016-03-08,-1.50,1.85,,
2016-03-09,-0.97,4.57,,
2016-03-10,-2.43,-4.05,,
2016-03-11,-0.60,-2.61,,
2016-03-12,-0.38,-2.71,,
2016-03-13,-1.77,1.43,,
2016-03-14,-1.93,0.55,,
2016-03-15,-1.67,1.04,,
2016-03-16,-1.56,-1.10,,
2016-03-17,-1.86,0.13,,
2016-03-18,-1.55,-1.79,,
2016-03-19,-1.15,-3.16,,
2016-03-20,1.31,-6.76,,
2016-03-21,0.68,-5.57,,
2016-03-22,2.43,-1.46,,
2016-03-23,-1.36,2.45,,
2016-03-24,-1.84,1.78,,
2016-03-25,-0.86,-4.07,,
2016-03-26,-1.75,0.97,,
2016-03-27,-1.70,-1.28,,
2016-03-28,-0.84,-3.15,,
2016-03-29,-1.93,0.74,,
2016-03-30,-1.80,1.12,,
2016-03-31,-2.18,1.11,,
2016-04-01,-1.79,2.21,,
2016-04-02,0.00,-7.54,,
2016-04-03,0.54,-5.16,,
2016-04-04,0.26,-2.92,,
2016-04-05,-0.83,-1.96,,
2016-04-06,-2.39,1.02,,
2016-04-07,-1.38,-2.30,,
2016-04-08,-2.24,-0.60,,
2016-04-09,-2.14,-1.04,,
2016-04-10,-2.15,0.66,,
2016-04-11,-2.01,0.85,,
2016-04-12,-2.01,-0.98,,
2016-04-13,-2.24,-0.77,,
2016-04-14,-1.22,-3.54,,
2016-04-15,-1.96,-1.09,,
2016-04-16,-2.37,0.59,,
2016-04-17,-1.93,-0.66,,
2016-04-18,-1.11,-1.64,,
2016-04-19,-1.65,-1.90,,
2016-04-20,-2.05,-1.49,,
2016-04-21,-2.03,-0.99,,
2016-04-22,-0.48,-2.44,,
2016-04-23,-0.70,-2.02,,
2016-04-24,-1.91,-0.13,,
2016-04-25,-1.62,1.10,,
2016-04-26,-1.85,0.26,,
2016-04-27,-2.20,1.17,,
2016-04-28,-1.87,-0.43,,
2016-04-29,-2.63,2.13,,
2016-04-30,-2.53,1.52,,
2016-05-01,-2.23,0.08,,
2016-05-02,-1.37,-2.11,,
2016-05-03,-0.18,-5.22,,
2016-05-04,0.65,-4.60,,
2016-05-05,0.08,-4.48,,
2016-05-06,-1.09,-2.23,,
2016-05-07,-1.91,0.07,,
2016-05-08,-1.95,1.26,,
2016-05-09,-2.35,0.46,,
2016-05-10,-1.86,-0.91,,
2016-05-11,-2.17,-0.75,,
2016-05-12,-1.68,-1.51,,
2016-05-13,-0.93,-3.72,,
2016-05-14,-1.07,-2.53,,
2016-05-15,-2.06,-0.33,,
2016-05-16,-1.69,0.86,,
2016-05-17,-2.24,0.60,,
2016-05-18,-1.36,-1.74,,
2016-05-19,-2.52,-0.82,,
2016-05-20,-2.27,-0.12,,
2016-05-21,-1.90,-0.34,,
2016-05-22,-2.01,0.61,,
2016-05-23,-2.48,0.53,,
2016-05-24,-2.36,0.72,,
2016-05-25,-2.52,0.44,,
2016-05-26,-2.11,-0.56,,
2016-05-27,-2.29,0.66,,
2016-05-28,-2.05,-0.04,,
2016-05-29,-1.17,-1.35,,
2016-05-30,-1.92,-1.11,,
2016-05-31,-2.28,-0.04,,
2016-06-01,-2.25,0.28,,
2016-06-02,-1.32,-0.99,,
2016-06-03,-1.12,-2.20,,
2016-06-04,-1.18,-1.57,,
2016-06-05,-0.71,-3.67,,
2016-06-06,1.17,-1.26,,
2016-06-07,-1.07,2.01,,
2016-06-08,-1.71,0.83,,
2016-06-09,-1.84,0.74,,
2016-06-10,-1.68,1.31,,
2016-06-11,-1.29,0.87,,
2016-06-12,-1.40,0.25,,
2016-06-13,-1.64,1.19,,
2016-06-14,-1.41,2.17,,
2016-06-15,-1.37,1.52,,
2016-06-16,-2.31,0.58,,
2016-06-17,-1.73,-1.31,,
2016-06-18,-0.64,-1.97,,
2016-06-19,0.30,-3.42,,
2016-06-20,-1.71,-1.71,,
2016-06-21,-0.94,-2.02,,
2016-06-22,-0.72,-1.61,,
2016-06-23,-1.61,0.65,,
2016-06-24,-1.53,-1.03,,
2016-06-25,-1.31,-1.50,,
2016-06-26,0.03,-1.95,,
2016-06-27,-0.65,-2.01,,
2016-06-28,-0.99,-1.32,,
2016-06-29,-1.42,0.15,,
2016-06-30,-1.51,0.35,,
2016-07-01,-1.93,-0.00,,
2016-07-02,-1.42,0.57,,
2016-07-03,-1.49,0.76,,
2016-07-04,-1.73,-0.18,,
2016-07-05,-1.77,0.22,,
2016-07-06,-1.51,-0.52,,
2016-07-07,-1.67,0.42,,
2016-07-08,-2.05,0.14,,
2016-07-09,-2.06,-0.00,,
2016-07-10,-1.69,0.09,,
2016-07-11,-1.60,1.34,,
2016-07-12,-1.14,-0.14,,
2016-07-13,-1.32,-0.30,,
2016-07-14,-1.04,1.54,,
2016-07-15,-1.67,-0.09,,
2016-07-16,-1.97,-0.31,,
2016-07-17,-1.37,-0.61,,
2016-07-18,-0.77,-0.92,,
2016-07-19,-0.77,-2.52,,
2016-07-20,-0.26,-3.01,,
2016-07-21,-0.50,-1.45,,
2016-07-22,-0.79,-1.63,,
2016-07-23,-1.32,1.37,,
2016-07-24,-1.56,1.10,,
2016-07-25,-1.88,0.50,,
2016-07-26,-1.79,0.69,,
2016-07-27,-1.82,0.06,,
2016-07-28,-1.54,0.05,,
2016-07-29,-1.71,-0.24,,
2016-07-30,-1.00,-1.66,,
2016-07-31,-1.48,-0.92,,
2016-08-01,-1.50,-0.80,,
2016-08-02,-0.55,-0.65,,
2016-08-03,-1.41,-1.41,,
2016-08-04,-0.51,-2.92,,
2016-08-05,0.98,-5.58,,
2016-08-06,-2.83,-0.10,,
2016-08-07,-1.01,1.62,,
2016-08-08,-1.40,0.48,,
2016-08-09,-1.29,1.29,,
2016-08-10,-1.44,0.70,,
2016-08-11,-1.61,-0.52,,
2016-08-12,-1.62,0.37,,
2016-08-13,-1.67,1.26,,
2016-08-14,-1.85,-0.29,,
2016-08-15,-0.71,-1.86,,
2016-08-16,-0.38,-1.96,,
2016-08-17,-1.48,0.96,,
2016-08-18,-1.59,1.07,,
2016-08-19,-1.11,1.00,,
2016-08-20,-1.12,0.91,,
2016-08-21,-1.85,0.60,,
2016-08-22,-0.87,-1.78,,
2016-08-23,0.99,-1.47,,
2016-08-24,-0.25,-1.28,,
2016-08-25,-0.44,-2.29,,
2016-08-26,-0.24,-1.52,,
2016-08-27,-0.03,-1.97,,
2016-08-28,-0.40,-1.61,,
2016-08-29,-0.10,-1.97,,
2016-08-30,0.07,-1.92,,
2016-08-31,0.57,-2.13,,
2016-09-01,0.43,-2.43,,
2016-09-02,-0.09,-2.58,,
2016-09-03,-0.34,-1.91,,
2016-09-04,-0.37,-1.01,,
2016-09-05,-1.11,0.96,,
2016-09-06,-1.36,0.29,,
2016-09-07,-1.02,-0.99,,
2016-09-08,-1.35,0.41,,
2016-09-09,-1.07,0.78,,
2016-09-10,-1.45,0.47,,
2016-09-11,-0.11,-2.14,,
2016-09-12,0.04,-2.09,,
2016-09-13,-1.39,-0.68,,
2016-09-14,-0.57,-1.56,,
2016-09-15,-0.65,-2.26,,
2016-09-16,-1.29,0.07,,
2016-09-17,-1.18,1.03,,
2016-09-18,-1.56,-0.42,,
2016-09-19,-1.18,-0.77,,
2016-09-20,-0.43,-1.84,,
2016-09-21,0.24,-1.96,,
2016-09-22,1.32,0.43,,
2016-09-23,-0.60,1.13,,
2016-09-24,-1.45,0.36,,
2016-09-25,-1.51,-0.40,,
2016-09-26,-0.42,-0.86,,
2016-09-27,1.21,-0.35,,
2016-09-28,0.19,-1.56,,
2016-09-29,-0.09,-1.63,,
2016-09-30,0.08,-2.43,,
2016-10-01,0.26,-1.67,,
2016-10-02,0.09,-1.67,,
2016-10-03,0.00,-1.74,,
2016-10-04,-0.51,2.05,,
2016-10-05,-1.62,0.94,,
2016-10-06,-0.95,-0.95,,
2016-10-07,-0.56,-1.63,,
2016-10-08,-0.06,-3.46,,
2016-10-09,0.13,-3.65,,
2016-10-10,0.71,-3.65,,
2016-10-11,0.38,-3.13,,
2016-10-12,0.73,-2.93,,
2016-10-13,-0.17,-2.40,,
2016-10-14,0.27,-2.53,,
2016-10-15,0.05,-2.83,,
2016-10-16,-0.24,-2.31,,
2016-10-17,-0.37,-1.76,,
2016-10-18,-1.28,0.71,,
2016-10-19,-1.28,-0.47,,
2016-10-20,-0.63,-2.75,,
2016-10-21,-0.14,-4.10,,
2016-10-22,0.15,-4.33,,
2016-10-23,0.00,-2.67,,
2016-10-24,0.00,-2.39,,
2016-10-25,0.05,-2.71,,
2016-10-26,-0.13,-2.50,,
2016-10-27,0.17,-3.21,,
2016-10-28,0.00,-4.81,,
2016-10-29,0.75,-3.53,,
2016-10-30,0.82,-3.56,,
2016-10-31,0.67,-2.71,,
2016-11-01,-0.07,-2.11,,
2016-11-02,-0.28,-2.63,,
2016-11-03,-0.81,-2.50,,
2016-11-04,0.21,-2.35,,
2016-11-05,0.47,-2.64,,
2016-11-06,0.42,-1.96,,
2016-11-07,-1.40,-0.66,,
2016-11-08,0.19,-1.77,,
2016-11-09,0.78,-3.12,,
2016-11-10,1.30,-3.78,,
2016-11-11,0.69,-2.56,,
2016-11-12,1.08,-4.34,,
2016-11-13,1.20,-4.81,,
2016-11-14,1.04,-4.15,,
2016-11-15,0.71,-4.01,,
2016-11-16,0.47,-2.98,,
2016-11-17,-0.29,1.84,,
2016-11-18,-0.05,1.55,,
2016-11-19,0.23,-4.36,,
2016-11-20,1.39,-5.59,,
2016-11-21,0.31,-2.55,,
2016-11-22,-0.71,1.75,,
2016-11-23,-0.65,1.54,,
2016-11-24,0.26,-2.09,,
2016-11-25,0.67,-2.49,,
2016-11-26,0.31,-3.50,,
2016-11-27,-0.03,-1.90,,
2016-11-28,-0.36,2.56,,
2016-11-29,-0.63,2.95,,
2016-11-30,-3.10,0.60,,
2016-12-01,0.28,-4.02,,
2016-12-02,-1.06,1.58,,
2016-12-03,-0.62,2.31,,
2016-12-04,-1.35,1.30,,
2016-12-05,-0.71,-1.86,,
2016-12-06,0.13,-3.78,,
2016-12-07,-1.39,-1.09,,
2016-12-08,-1.20,-1.43,,
2016-12-09,1.22,-6.94,,
2016-12-10,0.90,-3.59,,
2016-12-11,0.40,-2.86,,
2016-12-12,-0.76,1.42,,
2016-12-13,-1.25,1.12,,
2016-12-14,-0.62,-2.02,,
2016-12-15,-0.10,-2.85,,
2016-12-16,-1.62,0.94,,
2016-12-17,-0.97,2.41,,
2016-12-18,-2.06,-2.06,,
2016-12-19,1.39,-7.90,,
2016-12-20,1.21,-4.53,,
2016-12-21,0.17,-2.46,,
2016-12-22,-0.04,-2.15,,
2016-12-23,-0.39,-1.55,,
2016-12-24,-0.75,1.61,,
2016-12-25,-0.73,1.56,,
2016-12-26,-1.57,-1.10,,
2016-12-27,0.19,-2.12,,
2016-12-28,-0.11,-1.60,,
2016-12-29,-0.47,-1.64,,
2016-12-30,0.32,-3.00,,
2016-12-31,-1.01,2.62,,
2017-01-01,-0.73,2.39,,
2017-01-02,-0.35,2.22,,
2017-01-03,-0.13,-1.89,,
2017-01-04,-0.18,-2.54,,
2017-01-05,-0.08,2.42,,
2017-01-06,-2.60,0.41,,
2017-01-07,3.04,-9.94,,
2017-01-08,0.71,-6.77,,
2017-01-09,-0.45,-2.54,,
2017-01-10,0.47,2.19,,
2017-01-11,-1.31,2.69,,
2017-01-12,-1.28,1.70,,
2017-01-13,-0.85,-1.67,,
2017-01-14,0.20,-2.24,,
2017-01-15,-0.52,1.69,,
2017-01-16,-0.70,2.29,,
2017-01-17,-1.35,1.22,,
2017-01-18,-1.01,-1.50,,
2017-01-19,-1.59,-0.43,,
2017-01-20,-1.13,2.04,,
2017-01-21,0.34,2.80,,
2017-01-22,-4.60,-0.48,,
2017-01-23,-1.09,-1.89,,
2017-01-24,-0.48,3.39,,
2017-01-25,-0.36,2.54,,
2017-01-26,0.28,-5.25,,
2017-01-27,0.00,-4.61,,
2017-01-28,-0.06,-3.72,,
2017-01-29,1.14,-8.13,,
2017-01-30,-0.16,-4.66,,
2017-01-31,-0.10,2.93,,
2017-02-01,-0.58,2.50,,
2017-02-02,0.04,-2.34,,
2017-02-03,-0.31,-2.99,,
2017-02-04,-0.40,-2.06,,
2017-02-05,-1.45,0.53,,
2017-02-06,-1.32,1.62,,
2017-02-07,-1.01,2.16,,
2017-02-08,-1.16,1.94,,
2017-02-09,-0.73,-3.18,,
2017-02-10,-0.51,-3.25,,
2017-02-11,-1.33,1.97,,
2017-02-12,-1.93,1.46,,
2017-02-13,-1.82,0.32,,
2017-02-14,-0.78,2.39,,
2017-02-15,0.00,-6.37,,
2017-02-16,-0.35,-4.96,,
2017-02-17,-1.87,-0.91,,
2017-02-18,-0.24,1.94,,
2017-02-19,-1.17,2.20,,
2017-02-20,-2.54,-0.36,,
2017-02-21,0.37,-7.02,,
2017-02-22,-0.16,2.32,,
2017-02-23,-0.39,2.80,,
2017-02-24,-0.51,2.04,,
2017-02-25,-0.30,-3.45,,
2017-02-26,-2.37,-2.21,,
2017-02-27,-1.51,1.40,,
2017-02-28,-2.07,0.88,,
2017-03-01,-1.92,-0.74,,
2017-03-02,-0.99,-5.62,,
2017-03-03,0.40,-7.62,,
2017-03-04,-0.29,-3.31,,
2017-03-05,-0.39,-2.77,,
2017-03-06,-2.43,0.93,,
2017-03-07,-2.05,1.09,,
2017-03-08,-0.34,-3.27,,
2017-03-09,-0.46,-2.36,,
2017-03-10,-0.56,-1.85,,
2017-03-11,-0.16,-1.85,,
2017-03-12,-0.40,-2.07,,
2017-03-13,-0.31,-4.38,,
2017-03-14,-0.34,-6.58,,
2017-03-15,-0.81,-1.81,,
2017-03-16,-1.32,-1.07,,
2017-03-17,-1.87,-0.13,,
2017-03-18,-0.66,-1.82,,
2017-03-19,-0.88,-1.65,,
2017-03-20,-1.60,-0.68,,
2017-03-21,-2.34,-0.04,,
2017-03-22,-1.28,-1.43,,
2017-03-23,-2.10,-0.76,,
2017-03-24,-1.46,2.25,,
2017-03-25,-1.13,-1.95,,
2017-03-26,-2.51,0.40,,
2017-03-27,-1.54,1.90,,
2017-03-28,-1.87,0.10,,
2017-03-29,-1.23,1.89,,
2017-03-30,-0.85,-4.36,,
2017-03-31,-1.62,-3.17,,
2017-04-01,-1.79,1.40,,
2017-04-02,-2.17,1.26,,
2017-04-03,-0.23,-4.46,,
2017-04-04,-3.26,0.40,,
2017-04-05,-0.91,-3.39,,
2017-04-06,0.49,-9.30,,
2017-04-07,-0.54,-4.38,,
2017-04-08,-1.47,-2.17,,
2017-04-09,-2.27,0.48,,
2017-04-10,-1.57,-0.73,,
2017-04-11,-0.89,-1.48,,
2017-04-12,-0.92,-2.07,,
2017-04-13,-0.91,-2.81,,
2017-04-14,-1.37,-2.20,,
2017-04-15,-1.79,-1.12,,
2017-04-16,-1.64,-1.02,,
2017-04-17,-1.65,-0.57,,
2017-04-18,-1.19,-1.53,,
2017-04-19,-0.27,-2.19,,
2017-04-20,-0.46,-2.62,,
2017-04-21,-1.51,-1.22,,
2017-04-22,-1.76,-0.86,,
2017-04-23,-1.26,-3.88,,
2017-04-24,-0.77,-3.32,,
2017-04-25,-0.83,2.40,,
2017-04-26,-1.00,2.89,,
2017-04-27,-2.26,1.58,,
2017-04-28,-1.77,2.19,,
2017-04-29,-0.87,3.05,,
2017-04-30,-1.28,-6.03,,
2017-05-01,-0.81,-5.78,,
2017-05-02,-2.26,-1.20,,
2017-05-03,-1.80,1.93,,
2017-05-04,0.51,-4.87,,
2017-05-05,-0.62,-5.88,,
2017-05-06,-2.58,-0.18,,
2017-05-07,-2.27,0.61,,
2017-05-08,-2.40,0.08,,
2017-05-09,-1.82,-1.47,,
2017-05-10,-2.15,0.08,,
2017-05-11,-1.88,0.96,,
2017-05-12,-2.09,-2.17,,
2017-05-13,-0.89,-3.30,,
2017-05-14,-1.45,-1.09,,
2017-05-15,-2.22,0.12,,
2017-05-16,-2.25,1.00,,
2017-05-17,-1.98,1.73,,
2017-05-18,-2.01,0.14,,
2017-05-19,-2.08,-0.18,,
2017-05-20,-1.84,-0.49,,
2017-05-21,-1.30,-1.92,,
2017-05-22,-2.24,0.04,,
2017-05-23,-1.99,0.10,,
2017-05-24,-0.69,-3.92,,
2017-05-25,-1.88,-2.32,,
2017-05-26,-2.17,1.01,,
2017-05-27,-1.80,-0.22,,
2017-05-28,-1.75,2.32,,
2017-05-29,-0.46,1.98,,
2017-05-30,-0.44,-2.48,,
2017-05-31,-0.22,-2.50,,
2017-06-01,1.46,1.02,,
2017-06-02,-0.87,-0.63,,
2017-06-03,-0.45,-2.57,,
2017-06-04,-0.49,-1.97,,
2017-06-05,-1.68,-0.15,,
2017-06-06,-1.44,-0.97,,
2017-06-07,0.18,-3.51,,
2017-06-08,-0.72,-2.52,,
2017-06-09,-0.88,-1.66,,
2017-06-10,-1.69,-0.15,,
2017-06-11,-1.57,0.42,,
2017-06-12,-2.04,0.11,,
2017-06-13,-0.84,-1.35,,
2017-06-14,-1.00,1.53,,
2017-06-15,-1.60,-1.04,,
2017-06-16,-1.60,-0.85,,
2017-06-17,-1.83,0.42,,
2017-06-18,-1.68,0.36,,
2017-06-19,-0.62,-2.68,,
2017-06-20,0.23,-3.24,,
2017-06-21,-0.35,-2.19,,
2017-06-22,-1.38,2.13,,
2017-06-23,-1.88,2.01,,
2017-06-24,-0.45,1.82,,
2017-06-25,-0.08,-2.18,,
2017-06-26,-0.63,-2.08,,
2017-06-27,-0.95,-1.35,,
2017-06-28,-1.07,1.70,,
2017-06-29,-1.73,1.08,,
2017-06-30,-1.41,1.74,,
2017-07-01,-1.09,0.68,,
2017-07-02,-0.87,-1.24,,
2017-07-03,-1.60,1.08,,
2017-07-04,-1.12,1.12,,
2017-07-05,-1.39,-0.90,,
2017-07-06,-0.98,-2.01,,
2017-07-07,0.21,-2.97,,
2017-07-08,0.67,-2.18,,
2017-07-09,1.43,-2.82,,
2017-07-10,1.39,-0.87,,
2017-07-11,-0.06,-1.70,,
2017-07-12,-1.36,0.95,,
2017-07-13,-1.94,0.27,,
2017-07-14,-1.24,-1.28,,
2017-07-15,-0.71,-1.60,,
2017-07-16,-0.91,1.96,,
2017-07-17,-1.43,1.33,,
2017-07-18,-1.90,0.17,,
2017-07-19,1.82,-1.53,,
2017-07-20,-1.63,-0.38,,
2017-07-21,-1.30,-0.91,,
2017-07-22,-1.19,1.27,,
2017-07-23,-1.58,0.14,,
2017-07-24,-1.18,-0.36,,
2017-07-25,-1.06,-1.18,,
2017-07-26,-1.57,-0.39,,
2017-07-27,-0.40,-1.73,,
2017-07-28,-0.40,-1.72,,
2017-07-29,-1.68,-0.68,,
2017-07-30,-1.33,-1.37,,
2017-07-31,-1.24,-1.38,,
2017-08-01,-1.71,-0.76,,
2017-08-02,-1.79,0.76,,
2017-08-03,-1.78,0.51,,
2017-08-04,-1.54,-0.14,,
2017-08-05,-1.37,0.79,,
2017-08-06,-1.45,1.79,,
2017-08-07,-1.25,1.54,,
2017-08-08,-0.49,-2.53,,
2017-08-09,1.97,-1.97,,
2017-08-10,-1.46,6.30,,
2017-08-11,-0.31,-2.52,,
2017-08-12,-1.65,-1.29,,
2017-08-13,-0.98,2.10,,
2017-08-14,-1.00,2.06,,
2017-08-15,-1.53,1.53,,
2017-08-16,-0.49,2.29,,
2017-08-17,-1.39,-0.27,,
2017-08-18,-0.55,-1.70,,
2017-08-19,-0.96,-1.15,,
2017-08-20,-0.44,-1.77,,
2017-08-21,-0.19,-2.66,,
2017-08-22,-0.28,-3.17,,
2017-08-23,0.34,-3.25,,
2017-08-24,0.00,-2.12,,
2017-08-25,0.44,3.13,,
2017-08-26,-0.93,1.75,,
2017-08-27,-1.28,1.37,,
2017-08-28,-1.93,-1.12,,
2017-08-29,0.48,-1.46,,
2017-08-30,-0.56,-1.82,,
2017-08-31,1.05,-1.61,,
2017-09-01,-0.75,-3.00,,
2017-09-02,-0.63,-2.34,,
2017-09-03,-0.69,-3.89,,
2017-09-04,0.23,-2.59,,
2017-09-05,-0.41,-1.26,,
2017-09-06,0.85,1.54,,
2017-09-07,0.70,-1.56,,
2017-09-08,1.58,-0.39,,
2017-09-09,0.92,-3.44,,
2017-09-10,0.33,-4.68,,
2017-09-11,0.66,-5.35,,
2017-09-12,0.12,-3.46,,
2017-09-13,-1.41,1.51,,
2017-09-14,-0.04,2.15,,
2017-09-15,-1.61,0.49,,
2017-09-16,-1.66,0.29,,
2017-09-17,-0.67,-1.51,,
2017-09-18,-0.59,-1.93,,
2017-09-19,-0.40,-1.71,,
2017-09-20,-1.66,-0.15,,
2017-09-21,-1.36,-0.69,,
2017-09-22,-0.90,-1.33,,
2017-09-23,-1.20,1.04,,
2017-09-24,-1.17,1.13,,
2017-09-25,-1.19,1.63,,
2017-09-26,0.77,-1.65,,
2017-09-27,-0.94,-3.27,,
2017-09-28,-0.40,-5.69,,
2017-09-29,0.06,-3.71,,
2017-09-30,0.57,-3.62,,
2017-10-01,0.17,-4.74,,
2017-10-02,-0.40,-5.77,,
2017-10-03,0.14,-3.95,,
2017-10-04,-0.90,-4.25,,
2017-10-05,-0.46,-5.30,,
2017-10-06,-0.42,-5.98,,
2017-10-07,-0.16,3.04,,
2017-10-08,-1.64,-0.29,,
2017-10-09,-0.81,1.91,,
2017-10-10,-0.77,-2.25,,
2017-10-11,-0.42,-4.01,,
2017-10-12,0.63,-2.19,,
2017-10-13,0.42,-3.43,,
2017-10-14,-0.06,-3.50,,
2017-10-15,-0.10,-2.81,,
2017-10-16,0.46,-4.42,,
2017-10-17,1.66,-6.68,,
2017-10-18,0.67,-6.34,,
2017-10-19,0.07,-4.29,,
2017-10-20,0.05,-2.70,,
2017-10-21,-1.78,-0.95,,
2017-10-22,-0.57,-2.47,,
2017-10-23,-0.29,-5.51,,
2017-10-24,0.00,-6.78,,
2017-10-25,1.23,-7.77,,
2017-10-26,0.00,-3.08,,
2017-10-27,-0.18,2.55,,
2017-10-28,0.34,-4.86,,
2017-10-29,0.92,-5.24,,
2017-10-30,0.87,2.16,,
2017-10-31,-1.09,2.35,,
2017-11-01,-1.43,2.21,,
2017-11-02,-0.88,2.06,,
2017-11-03,-1.19,-1.27,,
2017-11-04,-0.61,-1.60,,
2017-11-05,-1.47,-0.88,,
2017-11-06,-1.93,0.55,,
2017-11-07,-0.12,-1.79,,
2017-11-08,-0.41,-1.64,,
2017-11-09,-0.24,-4.51,,
2017-11-10,0.45,-3.68,,
2017-11-11,0.41,-2.61,,
2017-11-12,-0.21,-4.07,,
2017-11-13,-0.09,-5.19,,
2017-11-14,0.08,-4.78,,
2017-11-15,-0.19,-2.65,,
2017-11-16,-0.05,-3.11,,
2017-11-17,-0.43,-2.70,,
2017-11-18,-1.27,1.96,,
2017-11-19,0.08,-4.87,,
2017-11-20,0.27,-3.83,,
2017-11-21,-0.08,-2.33,,
2017-11-22,1.04,-4.50,,
2017-11-23,0.94,-5.94,,
2017-11-24,-0.32,-3.03,,
2017-11-25,-0.26,2.99,,
2017-11-26,-0.51,-3.21,,
2017-11-27,-0.37,-3.51,,
2017-11-28,-1.75,1.23,,
2017-11-29,-0.03,-1.79,,
2017-11-30,0.38,-2.43,,
2017-12-01,0.45,-2.58,,
2017-12-02,0.13,-2.39,,
2017-12-03,0.11,-1.64,,
2017-12-04,-0.82,1.92,,
2017-12-05,-1.56,1.62,,
2017-12-06,-0.79,-2.43,,
2017-12-07,-0.10,-5.91,,
2017-12-08,2.25,-7.84,,
2017-12-09,1.25,-5.90,,
2017-12-10,1.41,-4.34,,
2017-12-11,0.77,-3.95,,
2017-12-12,1.27,-3.70,,
2017-12-13,-0.05,-2.63,,
2017-12-14,-0.09,2.72,,
2017-12-15,0.24,-3.44,,
2017-12-16,-0.50,-3.56,,
2017-12-17,-0.60,-1.48,,
2017-12-18,0.31,-1.96,,
2017-12-19,-0.32,-1.49,,
2017-12-20,-0.51,-1.67,,
2017-12-21,-2.22,1.04,,
2017-12-22,-1.02,2.00,,
2017-12-23,-0.15,-4.34,,
2017-12-24,-0.13,-3.73,,
2017-12-25,-0.45,-4.33,,
2017-12-26,-2.05,-1.72,,
2017-12-27,-0.16,-2.30,,
2017-12-28,0.07,-4.20,,
2017-12-29,-0.20,-3.72,,
2017-12-30,-0.66,-2.85,,
2017-12-31,-1.77,-0.12,,
2018-01-01,0.40,-4.53,,
2018-01-02,1.27,-7.21,,
2018-01-03,1.72,-6.42,,
2018-01-04,0.73,-6.98,,
2018-01-05,0.21,-3.00,,
2018-01-06,-0.38,-2.73,,
2018-01-07,-2.50,0.81,,
2018-01-08,-0.61,-3.88,,
2018-01-09,-0.23,-4.42,,
2018-01-10,-1.06,2.38,,
2018-01-11,-0.52,2.93,,
2018-01-12,1.15,-8.21,,
2018-01-13,0.75,-4.75,,
2018-01-14,-0.44,-5.00,,
2018-01-15,-0.79,-1.86,,
2018-01-16,0.37,-2.63,,
2018-01-17,0.25,-7.09,,
2018-01-18,-0.15,-4.24,,
2018-01-19,-0.31,-1.98,,
2018-01-20,-0.17,-1.95,,
2018-01-21,-0.66,1.92,,
2018-01-22,-0.22,-2.56,,
2018-01-23,0.51,-7.36,,
2018-01-24,0.98,-6.98,,
2018-01-25,1.70,-5.93,,
2018-01-26,0.05,-3.05,,
2018-01-27,-0.33,-2.38,,
2018-01-28,-0.39,-4.43,,
2018-01-29,1.07,-7.59,,
2018-01-30,2.13,-7.95,,
2018-01-31,-0.58,-2.75,,
2018-02-01,-0.16,2.32,,
2018-02-02,-0.56,-3.20,,
2018-02-03,-1.11,-3.06,,
2018-02-04,-1.21,1.87,,
2018-02-05,-1.57,-0.39,,
2018-02-06,-1.19,1.63,,
2018-02-07,-1.29,-1.54,,
2018-02-08,-0.11,-6.46,,
2018-02-09,0.00,-4.19,,
2018-02-10,-2.08,1.94,,
2018-02-11,-1.00,1.80,,
2018-02-12,0.35,-4.99,,
2018-02-13,0.14,-4.03,,
2018-02-14,0.06,-3.53,,
2018-02-15,-1.07,-2.18,,
2018-02-16,-1.33,2.21,,
2018-02-17,-2.04,0.70,,
2018-02-18,-1.86,0.64,,
2018-02-19,-1.84,0.90,,
2018-02-20,-1.72,0.30,,
2018-02-21,-1.79,-0.41,,
2018-02-22,-1.39,-2.23,,
2018-02-23,-1.76,-0.67,,
2018-02-24,-1.62,1.41,,
2018-02-25,-1.86,-0.10,,
2018-02-26,-0.91,-2.37,,
2018-02-27,-2.41,0.25,,
2018-02-28,-1.78,1.50,,
2018-03-01,-1.96,2.03,,
2018-03-02,-0.54,-7.67,,
2018-03-03,-1.01,-3.51,,
2018-03-04,-2.36,0.54,,
2018-03-05,-2.02,1.42,,
2018-03-06,-2.26,-0.91,,
2018-03-07,-0.64,-5.18,,
2018-03-08,-0.28,-3.98,,
2018-03-09,-3.21,0.22,,
2018-03-10,-2.03,-0.39,,
2018-03-11,-1.55,-0.93,,
2018-03-12,0.00,-7.59,,
2018-03-13,0.00,-4.33,,
2018-03-14,0.00,-4.90,,
2018-03-15,-2.42,0.51,,
2018-03-16,-1.79,1.67,,
2018-03-17,-0.77,-1.90,,
2018-03-18,-1.89,0.96,,
2018-03-19,-1.97,0.88,,
2018-03-20,-1.07,-5.50,,
2018-03-21,-1.04,-4.87,,
2018-03-22,-1.04,-1.79,,
2018-03-23,-1.44,-1.21,,
2018-03-24,-2.18,1.97,,
2018-03-25,-2.14,1.04,,
2018-03-26,-2.19,0.93,,
2018-03-27,-2.27,0.69,,
2018-03-28,-1.98,0.96,,
2018-03-29,-0.08,-4.43,,
2018-03-30,-0.23,-6.60,,
2018-03-31,-0.51,-4.16,,
2018-04-01,-2.64,-1.53,,
2018-04-02,-2.18,1.59,,
2018-04-03,-1.82,1.88,,
2018-04-04,-0.88,-3.52,,
2018-04-05,-0.90,-4.22,,
2018-04-06,-2.10,0.37,,
2018-04-07,-1.27,2.49,,
2018-04-08,-0.97,-4.58,,
2018-04-09,-2.51,1.96,,
2018-04-10,-0.21,-4.02,,
2018-04-11,-0.22,-6.43,,
2018-04-12,-2.54,-1.98,,
2018-04-13,-1.40,2.53,,
2018-04-14,-0.62,-4.41,,
2018-04-15,0.95,-7.71,,
2018-04-16,-2.48,-0.81,,
2018-04-17,-1.97,2.19,,
2018-04-18,-2.00,1.68,,
2018-04-19,-0.37,-3.54,,
2018-04-20,-0.56,-4.59,,
2018-04-21,-2.04,1.53,,
2018-04-22,-1.48,-2.37,,
2018-04-23,-0.86,-2.65,,
2018-04-24,-0.72,-2.36,,
2018-04-25,-1.43,-1.71,,
2018-04-26,-0.85,-1.83,,
2018-04-27,-1.31,-1.88,,
2018-04-28,-1.48,-2.04,,
2018-04-29,-1.62,-1.22,,
2018-04-30,-1.63,-0.69,,
2018-05-01,-1.95,0.99,,
2018-05-02,-1.47,-0.21,,
2018-05-03,-1.48,-0.63,,
2018-05-04,-1.61,-1.17,,
2018-05-05,-0.64,-4.01,,
2018-05-06,-0.76,-5.41,,
2018-05-07,-0.60,-3.77,,
2018-05-08,-0.89,-2.44,,
2018-05-09,-2.01,0.21,,
2018-05-10,-1.20,-0.94,,
2018-05-11,-1.76,0.47,,
2018-05-12,-1.94,-0.34,,
2018-05-13,-1.12,-1.55,,
2018-05-14,-1.25,-1.55,,
2018-05-15,-1.51,-0.67,,
2018-05-16,-1.41,-1.06,,
2018-05-17,-1.56,-1.67,,
2018-05-18,-1.86,0.57,,
2018-05-19,-2.49,0.96,,
2018-05-20,-1.29,-1.16,,
2018-05-21,-1.01,-1.29,,
2018-05-22,-0.91,-1.70,,
2018-05-23,-1.01,-1.62,,
2018-05-24,-0.72,-3.10,,
2018-05-25,-0.60,-3.43,,
2018-05-26,-0.52,-2.70,,
2018-05-27,-2.14,-0.61,,
2018-05-28,-2.10,-0.11,,
2018-05-29,-2.36,0.17,,
2018-05-30,-2.38,-0.17,,
2018-05-31,-1.13,-1.39,,
2018-06-01,-1.18,-2.92,,
2018-06-02,-1.44,-1.01,,
2018-06-03,-2.04,-0.00,,
2018-06-04,-1.72,-0.59,,
2018-06-05,-2.06,0.96,,
2018-06-06,-2.00,0.28,,
2018-06-07,-1.10,-1.91,,
2018-06-08,-0.38,-2.14,,
2018-06-09,-1.82,-1.22,,
2018-06-10,-1.83,-0.19,,
2018-06-11,-1.78,-0.35,,
2018-06-12,-1.66,1.25,,
2018-06-13,-1.64,-0.60,,
2018-06-14,-0.58,-1.24,,
2018-06-15,-1.20,0.30,,
2018-06-16,-1.63,0.63,,
2018-06-17,-1.06,2.18,,
2018-06-18,-1.39,1.08,,
2018-06-19,-0.69,-1.70,,
2018-06-20,-1.38,-0.93,,
2018-06-21,-1.70,1.06,,
2018-06-22,-1.84,0.94,,
2018-06-23,-1.61,1.92,,
2018-06-24,-1.16,1.38,,
2018-06-25,-0.75,1.54,,
2018-06-26,-0.73,-1.90,,
2018-06-27,-1.92,-0.27,,
2018-06-28,-1.96,0.42,,
2018-06-29,-1.55,1.49,,
2018-06-30,-1.90,1.33,,
2018-07-01,-1.73,0.37,,
2018-07-02,-1.55,-0.22,,
2018-07-03,-1.67,0.06,,
2018-07-04,-1.70,-0.27,,
2018-07-05,-1.00,-1.89,,
2018-07-06,-0.89,-4.21,,
2018-07-07,-0.69,-3.26,,
2018-07-08,-1.41,0.91,,
2018-07-09,-0.24,-2.00,,
2018-07-10,-0.62,-2.04,,
2018-07-11,-0.09,-1.71,,
2018-07-12,-0.13,-1.82,,
2018-07-13,-0.94,-1.63,,
2018-07-14,-1.61,0.40,,
2018-07-15,-1.70,1.07,,
2018-07-16,-1.72,1.04,,
2018-07-17,-1.77,0.22,,
2018-07-18,-1.65,1.49,,
2018-07-19,-1.58,1.58,,
2018-07-20,-1.81,0.96,,
2018-07-21,-1.74,-0.70,,
2018-07-22,-2.16,-0.08,,
2018-07-23,-1.54,1.77,,
2018-07-24,-1.92,1.85,,
2018-07-25,-1.57,-0.87,,
2018-07-26,-1.43,-0.73,,
2018-07-27,-1.15,-1.15,,
2018-07-28,-0.65,-1.90,,
2018-07-29,-2.25,-1.20,,
2018-07-30,-1.89,0.13,,
2018-07-31,-1.93,-0.24,,
2018-08-01,-1.32,-2.29,,
2018-08-02,-0.79,-3.43,,
2018-08-03,0.17,-2.45,,
2018-08-04,-0.39,-1.83,,
2018-08-05,-0.51,-2.22,,
2018-08-06,-0.60,-1.84,,
2018-08-07,-0.38,-1.67,,
2018-08-08,-1.72,-0.46,,
2018-08-09,-1.17,1.13,,
2018-08-10,-1.14,-2.06,,
2018-08-11,-0.85,-1.41,,
2018-08-12,-1.79,-0.72,,
2018-08-13,-1.87,-0.20,,
2018-08-14,-1.83,0.59,,
2018-08-15,-1.53,-0.32,,
2018-08-16,-1.70,-0.42,,
2018-08-17,-1.14,-1.57,,
2018-08-18,-2.04,-0.04,,
2018-08-19,-1.83,0.59,,
2018-08-20,-0.99,-1.14,,
2018-08-21,-0.52,-1.70,,
2018-08-22,-0.80,-1.89,,
2018-08-23,-0.59,-2.05,,
2018-08-24,-1.82,0.89,,
2018-08-25,-1.67,0.24,,
2018-08-26,-2.06,-0.18,,
2018-08-27,-1.58,1.69,,
2018-08-28,-1.02,1.63,,
2018-08-29,-1.75,0.37,,
2018-08-30,-0.90,-1.85,,
2018-08-31,-2.13,-0.26,,
2018-09-01,-1.75,1.47,,
2018-09-02,-1.61,1.17,,
2018-09-03,-1.59,-0.74,,
2018-09-04,-1.38,-1.53,,
2018-09-05,-1.25,-1.72,,
2018-09-06,-1.55,-0.16,,
2018-09-07,-1.28,-1.37,,
2018-09-08,-1.80,0.03,,
2018-09-09,-1.43,1.54,,
2018-09-10,-1.57,1.88,,
2018-09-11,-1.71,-1.11,,
2018-09-12,-0.44,-2.48,,
2018-09-13,-0.52,-1.83,,
2018-09-14,-0.99,-1.22,,
2018-09-15,-1.31,1.18,,
2018-09-16,-1.21,1.13,,
2018-09-17,-1.43,0.52,,
2018-09-18,-0.51,-1.90,,
2018-09-19,-0.66,-2.32,,
2018-09-20,-0.54,-1.65,,
2018-09-21,-1.56,0.83,,
2018-09-22,-1.44,1.49,,
2018-09-23,-1.18,-1.68,,
2018-09-24,-1.67,-0.78,,
2018-09-25,-1.85,1.20,,
2018-09-26,-0.89,1.33,,
2018-09-27,-1.75,-0.00,,
2018-09-28,-0.62,-2.31,,
2018-09-29,-0.21,-2.37,,
2018-09-30,0.00,-3.10,,
2018-10-01,-0.46,-3.73,,
2018-10-02,-0.43,-4.93,,
2018-10-03,-0.65,-4.60,,
2018-10-04,-0.42,-3.43,,
2018-10-05,-0.78,-3.67,,
2018-10-06,-0.62,-1.53,,
2018-10-07,-1.72,0.18,,
2018-10-08,-1.60,-0.49,,
2018-10-09,-0.87,1.79,,
2018-10-10,-0.93,2.29,,
2018-10-11,-0.79,-1.95,,
2018-10-12,-0.71,1.76,,
2018-10-13,-0.57,2.14,,
2018-10-14,-1.34,1.72,,
2018-10-15,-0.93,2.19,,
2018-10-16,-0.24,-3.41,,
2018-10-17,0.69,-5.59,,
2018-10-18,0.63,-5.15,,
2018-10-19,0.14,-2.76,,
2018-10-20,-0.21,-3.04,,
2018-10-21,-0.28,-3.22,,
2018-10-22,-0.66,-2.03,,
2018-10-23,-0.21,-2.42,,
2018-10-24,-2.02,-0.99,,
2018-10-25,-0.82,1.94,,
2018-10-26,-1.71,0.52,,
2018-10-27,-0.38,-2.72,,
2018-10-28,0.10,-2.99,,
2018-10-29,0.06,-3.30,,
2018-10-30,-0.90,1.84,,
2018-10-31,-0.34,2.40,,
2018-11-01,-2.11,-2.27,,
2018-11-02,1.07,-4.64,,
2018-11-03,0.30,-3.38,,
2018-11-04,-0.53,-1.38,,
2018-11-05,-1.22,1.40,,
2018-11-06,-0.32,2.26,,
2018-11-07,-1.68,-0.45,,
2018-11-08,-1.21,1.13,,
2018-11-09,-1.30,1.30,,
2018-11-10,0.09,-5.03,,
2018-11-11,-0.42,-2.64,,
2018-11-12,0.26,2.45,,
2018-11-13,1.51,-8.55,,
2018-11-14,2.68,-8.26,,
2018-11-15,0.91,-3.38,,
2018-11-16,0.79,-2.57,,
2018-11-17,0.21,2.01,,
2018-11-18,-0.00,2.22,,
2018-11-19,-1.86,-0.00,,
2018-11-20,-0.20,-3.84,,
2018-11-21,0.16,-4.62,,
2018-11-22,0.00,-3.75,,
2018-11-23,-2.25,-1.96,,
2018-11-24,-1.41,1.51,,
2018-11-25,-0.70,2.14,,
2018-11-26,0.23,-6.69,,
2018-11-27,1.22,-5.28,,
2018-11-28,-1.01,-1.82,,
2018-11-29,-0.04,2.09,,
2018-11-30,0.09,2.44,,
2018-12-01,-0.51,2.06,,
2018-12-02,-0.83,-1.71,,
2018-12-03,-0.49,-2.29,,
2018-12-04,0.38,-7.28,,
2018-12-05,0.56,-6.44,,
2018-12-06,0.41,-4.68,,
2018-12-07,-0.98,1.92,,
2018-12-08,-1.23,-1.47,,
2018-12-09,1.00,-8.17,,
2018-12-10,1.80,-7.78,,
2018-12-11,0.41,-3.36,,
2018-12-12,0.35,2.53,,
2018-12-13,-0.06,3.28,,
2018-12-14,0.76,-7.22,,
2018-12-15,0.59,-3.73,,
2018-12-16,1.63,-2.33,,
2018-12-17,0.91,-2.04,,
2018-12-18,1.08,2.11,,
2018-12-19,-0.14,2.58,,
2018-12-20,0.31,-3.55,,
2018-12-21,0.67,-4.74,,
2018-12-22,0.11,3.01,,
2018-12-23,-1.71,1.24,,
2018-12-24,0.17,-2.48,,
2018-12-25,-0.19,2.15,,
2018-12-26,-0.57,2.12,,
2018-12-27,-0.33,2.34,,
2018-12-28,-0.77,-2.01,,
2018-12-29,-0.81,-2.36,,
2018-12-30,-0.84,-2.32,,
2018-12-31,-2.29,0.08,,
2019-01-01,-0.43,-2.04,,
2019-01-02,0.18,-1.70,,
2019-01-03,-0.35,-2.49,,
2019-01-04,0.22,-6.37,,
2019-01-05,-0.10,-2.79,,
2019-01-06,-1.67,0.26,,
2019-01-07,-1.13,2.22,,
2019-01-08,-1.57,-0.94,,
2019-01-09,-0.24,-3.44,,
2019-01-10,-0.24,-4.56,,
2019-01-11,-1.85,2.13,,
2019-01-12,-1.64,1.76,,
2019-01-13,-0.87,-2.69,,
2019-01-14,-0.57,-3.21,,
2019-01-15,-0.68,-3.22,,
2019-01-16,-0.98,-1.69,,
2019-01-17,-1.48,0.26,,
2019-01-18,-1.06,1.99,,
2019-01-19,2.44,-2.62,,
2019-01-20,1.81,-8.52,,
2019-01-21,-2.83,-1.64,,
2019-01-22,-0.18,3.51,,
2019-01-23,1.11,-5.72,,
2019-01-24,0.26,-5.03,,
2019-01-25,-0.45,-2.13,,
2019-01-26,-1.24,-0.38,,
2019-01-27,0.53,-6.10,,
2019-01-28,-0.52,-4.23,,
2019-01-29,0.32,-4.62,,
2019-01-30,-0.71,-2.84,,
2019-01-31,-0.36,-1.68,,
2019-02-01,-0.80,-2.09,,
2019-02-02,-0.70,-2.14,,
2019-02-03,-1.93,1.03,,
2019-02-04,-1.63,1.06,,
2019-02-05,-1.26,-1.40,,
2019-02-06,-1.74,1.26,,
2019-02-07,-2.14,0.82,,
2019-02-08,-0.10,-5.98,,
2019-02-09,-0.11,-6.46,,
2019-02-10,-0.58,-3.00,,
2019-02-11,-1.61,1.61,,
2019-02-12,0.69,-3.90,,
2019-02-13,0.12,-6.74,,
2019-02-14,0.42,2.96,,
2019-02-15,-1.69,2.32,,
2019-02-16,-1.34,1.77,,
2019-02-17,-1.00,3.74,,
2019-02-18,-1.59,-3.42,,
2019-02-19,-2.05,-2.93,,
2019-02-20,-1.60,-3.60,,
2019-02-21,-2.64,-2.73,,
2019-02-22,-1.55,1.72,,
2019-02-23,-1.51,-0.91,,
2019-02-24,-0.45,-6.38,,
2019-02-25,-0.51,-4.81,,
2019-02-26,-2.15,-0.74,,
2019-02-27,-1.74,-1.41,,
2019-02-28,-1.39,1.99,,
2019-03-01,-1.85,-0.10,,
2019-03-02,-2.21,0.12,,
2019-03-03,-1.79,2.13,,
2019-03-04,-0.99,-4.68,,
2019-03-05,0.87,-8.26,,
2019-03-06,0.88,-6.26,,
2019-03-07,-0.51,-2.64,,
2019-03-08,-1.95,1.37,,
2019-03-09,-1.58,2.17,,
2019-03-10,-1.98,-0.61,,
2019-03-11,-1.77,-1.54,,
2019-03-12,-2.28,0.53,,
2019-03-13,-1.72,2.20,,
2019-03-14,-2.00,0.50,,
2019-03-15,-0.29,-5.60,,
2019-03-16,0.28,-7.98,,
2019-03-17,-0.09,-4.88,,
2019-03-18,-0.09,-5.24,,
2019-03-19,-0.23,-4.42,,
2019-03-20,-0.45,-3.21,,
2019-03-21,-0.31,-3.49,,
2019-03-22,-1.94,-0.86,,
2019-03-23,-2.06,0.83,,
2019-03-24,-1.89,-0.23,,
2019-03-25,-1.92,0.52,,
2019-03-26,-0.32,-3.03,,
2019-03-27,-0.19,-3.64,,
2019-03-28,-2.23,-0.68,,
2019-03-29,-1.67,1.56,,
2019-03-30,-1.89,1.43,,
2019-03-31,-0.08,-4.33,,
2019-04-01,-0.12,-6.75,,
2019-04-02,-0.69,-3.24,,
2019-04-03,-2.21,0.39,,
2019-04-04,-1.67,1.79,,
2019-04-05,-1.37,-1.42,,
2019-04-06,-1.92,1.30,,
2019-04-07,-2.02,0.50,,
2019-04-08,-0.49,-3.97,,
2019-04-09,-0.81,-3.24,,
2019-04-10,-1.54,2.46,,
2019-04-11,-0.80,2.62,,
2019-04-12,-2.28,1.21,,
2019-04-13,-1.21,2.19,,
2019-04-14,0.12,-6.99,,
2019-04-15,-2.21,-1.99,,
2019-04-16,-1.89,1.38,,
2019-04-17,-1.75,1.32,,
2019-04-18,-3.97,-2.11,,
2019-04-19,-0.70,-7.96,,
2019-04-20,-1.88,2.40,,
2019-04-21,-1.93,2.75,,
2019-04-22,-2.02,1.22,,
2019-04-23,-1.95,-0.38,,
2019-04-24,-2.14,-0.00,,
2019-04-25,-1.17,-3.83,,
2019-04-26,-1.30,-6.13,,
2019-04-27,-1.53,-2.44,,
2019-04-28,-1.94,0.67,,
2019-04-29,-1.88,1.09,,
2019-04-30,-2.31,0.62,,
2019-05-01,-2.28,0.78,,
2019-05-02,-1.94,-0.48,,
2019-05-03,-2.02,0.50,,
2019-05-04,-1.36,-1.31,,
2019-05-05,-0.32,-3.01,,
2019-05-06,-2.10,1.26,,
2019-05-07,-1.80,-0.52,,
2019-05-08,-2.09,1.02,,
2019-05-09,-1.96,1.71,,
2019-05-10,-2.10,-1.89,,
2019-05-11,-0.87,-2.05,,
2019-05-12,-1.39,-2.14,,
2019-05-13,-0.97,-1.75,,
2019-05-14,-1.03,-2.31,,
2019-05-15,-0.93,-2.69,,
2019-05-16,-0.89,-2.90,,
2019-05-17,-1.99,1.11,,
2019-05-18,-1.80,2.08,,
2019-05-19,-1.93,2.39,,
2019-05-20,-2.06,1.61,,
2019-05-21,-2.07,1.62,,
2019-05-22,-2.43,1.64,,
2019-05-23,-2.18,-0.58,,
2019-05-24,-2.33,-0.76,,
2019-05-25,-1.60,-0.74,,
2019-05-26,-1.62,-1.10,,
2019-05-27,-2.18,-0.75,,
2019-05-28,-2.18,1.11,,
2019-05-29,-2.07,0.96,,
2019-05-30,-2.25,-0.16,,
2019-05-31,-0.89,-2.32,,
2019-06-01,-1.28,-3.95,,
2019-06-02,-1.14,-5.84,,
2019-06-03,-0.22,-3.10,,
2019-06-04,1.06,1.51,,
2019-06-05,-1.39,1.01,,
2019-06-06,-1.56,-0.14,,
2019-06-07,-1.36,1.51,,
2019-06-08,-1.41,1.68,,
2019-06-09,-1.48,-0.48,,
2019-06-10,-0.59,-2.80,,
2019-06-11,-0.52,-4.95,,
2019-06-12,-2.28,-1.72,,
2019-06-13,-1.04,-3.86,,
2019-06-14,-1.11,-3.64,,
2019-06-15,-2.07,0.59,,
2019-06-16,-1.74,1.01,,
2019-06-17,-1.88,0.61,,
2019-06-18,-0.85,-1.37,,
2019-06-19,-1.58,1.38,,
2019-06-20,-1.97,1.05,,
2019-06-21,-2.06,1.24,,
2019-06-22,-2.14,1.73,,
2019-06-23,-1.60,1.60,,
2019-06-24,-1.94,2.16,,
2019-06-25,-2.11,1.71,,
2019-06-26,-2.16,-0.66,,
2019-06-27,-0.89,-2.90,,
2019-06-28,-0.90,-3.34,,
2019-06-29,-0.67,-2.20,,
2019-06-30,-0.95,-2.04,,
2019-07-01,-1.83,0.63,,
2019-07-02,-1.51,1.14,,
2019-07-03,-1.74,0.53,,
2019-07-04,-2.26,0.12,,
2019-07-05,-1.02,-1.52,,
2019-07-06,-1.08,-1.61,,
2019-07-07,-1.80,0.66,,
2019-07-08,-1.44,1.21,,
2019-07-09,-2.11,0.81,,
2019-07-10,-1.57,0.77,,
2019-07-11,-1.26,-1.17,,
2019-07-12,-1.61,-0.65,,
2019-07-13,-1.95,0.75,,
2019-07-14,-1.56,1.36,,
2019-07-15,-1.57,0.19,,
2019-07-16,-1.91,0.03,,
2019-07-17,-1.15,1.59,,
2019-07-18,-1.00,1.28,,
2019-07-19,-1.61,0.97,,
2019-07-20,-1.67,0.97,,
2019-07-21,-1.42,1.37,,
2019-07-22,-2.29,0.12,,
2019-07-23,-1.36,-1.94,,
2019-07-24,-0.89,-2.00,,
2019-07-25,-0.42,-2.66,,
2019-07-26,-0.67,-1.75,,
2019-07-27,-1.88,-0.87,,
2019-07-28,-1.48,-0.96,,
2019-07-29,-1.63,1.52,,
2019-07-30,-1.68,0.61,,
2019-07-31,-1.73,-0.92,,
2019-08-01,-1.61,-1.45,,
2019-08-02,-1.15,-1.70,,
2019-08-03,-2.22,0.35,,
2019-08-04,-2.03,0.11,,
2019-08-05,-1.94,0.99,,
2019-08-06,-1.54,0.85,,
2019-08-07,-1.62,1.32,,
2019-08-08,-1.81,1.09,,
2019-08-09,-1.95,1.53,,
2019-08-10,-1.71,1.90,,
2019-08-11,-2.04,0.66,,
2019-08-12,-2.21,0.63,,
2019-08-13,-2.23,1.24,,
2019-08-14,-2.28,1.16,,
2019-08-15,-2.08,-0.22,,
2019-08-16,-2.56,0.73,,
2019-08-17,-2.07,1.35,,
2019-08-18,-2.12,-0.00,,
2019-08-19,-2.23,-0.12,,
2019-08-20,-1.03,-2.55,,
2019-08-21,-1.52,-1.69,,
2019-08-22,-1.92,0.94,,
2019-08-23,-1.99,1.61,,
2019-08-24,-1.91,1.29,,
2019-08-25,-2.00,0.28,,
2019-08-26,-2.20,1.54,,
2019-08-27,-2.16,0.87,,
2019-08-28,-1.47,-1.57,,
2019-08-29,-1.13,-2.05,,
2019-08-30,-2.27,-0.44,,
2019-08-31,-1.10,-2.07,,
2019-09-01,-1.14,-2.96,,
2019-09-02,-0.84,-3.36,,
2019-09-03,-1.61,-2.48,,
2019-09-04,-0.62,3.90,,
2019-09-05,-1.84,1.24,,
2019-09-06,-0.18,-2.52,,
2019-09-07,-1.40,-1.55,,
2019-09-08,-1.88,0.33,,
2019-09-09,-1.99,0.42,,
2019-09-10,-1.56,0.22,,
2019-09-11,-0.75,-2.06,,
2019-09-12,-0.46,-2.37,,
2019-09-13,-0.13,-3.62,,
2019-09-14,-0.32,-4.55,,
2019-09-15,-0.44,-3.57,,
2019-09-16,-1.08,-1.87,,
2019-09-17,-1.87,-0.36,,
2019-09-18,-1.45,2.32,,
2019-09-19,-1.39,1.65,,
2019-09-20,-1.66,0.20,,
2019-09-21,-0.85,-1.75,,
2019-09-22,-0.77,-2.12,,
2019-09-23,-0.57,-3.26,,
2019-09-24,-0.91,-2.80,,
2019-09-25,-1.73,0.50,,
2019-09-26,-1.19,-1.47,,
2019-09-27,-1.31,-2.93,,
2019-09-28,-1.85,1.16,,
2019-09-29,-0.31,2.49,,
2019-09-30,-0.22,2.49,,
2019-10-01,-1.17,-1.61,,
2019-10-02,-0.45,-3.17,,
2019-10-03,-0.51,-3.23,,
2019-10-04,-0.15,-2.84,,
2019-10-05,-0.12,-3.34,,
2019-10-06,-0.31,-3.60,,
2019-10-07,0.25,-4.76,,
2019-10-08,0.36,-6.93,,
2019-10-09,-0.37,-4.18,,
2019-10-10,-1.92,-0.59,,
2019-10-11,-1.85,0.82,,
2019-10-12,0.18,-5.02,,
2019-10-13,-0.27,-3.84,,
2019-10-14,-0.15,-2.18,,
2019-10-15,-0.65,-1.70,,
2019-10-16,-0.05,-2.77,,
2019-10-17,-1.00,-2.60,,
2019-10-18,-1.44,-1.01,,
2019-10-19,-1.41,1.27,,
2019-10-20,-1.43,2.05,,
2019-10-21,-1.57,1.80,,
2019-10-22,-0.14,-2.73,,
2019-10-23,0.14,-3.99,,
2019-10-24,-0.28,-2.65,,
2019-10-25,1.75,-3.29,,
2019-10-26,1.16,-8.23,,
2019-10-27,2.38,-1.49,,
2019-10-28,-1.65,-1.24,,
2019-10-29,-1.36,1.36,,
2019-10-30,-1.09,1.69,,
2019-10-31,1.24,-5.82,,
2019-11-01,1.08,-6.12,,
2019-11-02,1.21,-3.97,,
2019-11-03,1.02,-6.47,,
2019-11-04,-0.11,-3.12,,
2019-11-05,-0.04,-2.34,,
2019-11-06,-0.59,-4.17,,
2019-11-07,-0.61,-2.62,,
2019-11-08,0.21,-4.00,,
2019-11-09,0.87,-7.12,,
2019-11-10,0.29,-4.17,,
2019-11-11,-1.51,1.41,,
2019-11-12,0.61,-5.77,,
2019-11-13,1.01,-5.18,,
2019-11-14,0.06,-3.35,,
2019-11-15,1.11,-7.88,,
2019-11-16,0.33,-4.77,,
2019-11-17,-0.95,-1.71,,
2019-11-18,-1.13,-1.31,,
2019-11-19,-1.39,1.66,,
2019-11-20,-0.90,2.23,,
2019-11-21,-1.39,2.06,,
2019-11-22,-0.79,2.17,,
2019-11-23,-0.48,-2.07,,
2019-11-24,-0.55,-5.26,,
2019-11-25,-2.92,1.12,,
2019-11-26,-0.65,3.07,,
2019-11-27,-0.71,2.05,,
2019-11-28,-0.44,-2.08,,
2019-11-29,-1.11,0.81,,
2019-11-30,-1.29,1.78,,
2019-12-01,-1.74,-1.13,,
2019-12-02,0.36,-6.83,,
2019-12-03,-0.69,-3.52,,
2019-12-04,-0.59,-1.71,,
2019-12-05,-2.21,0.12,,
2019-12-06,-1.98,-0.64,,
2019-12-07,-0.57,-3.24,,
2019-12-08,-2.43,0.52,,
2019-12-09,-0.80,2.98,,
2019-12-10,-1.16,2.18,,
2019-12-11,0.78,-8.88,,
2019-12-12,0.00,-4.44,,
2019-12-13,-0.13,-2.55,,
2019-12-14,-1.37,1.28,,
2019-12-15,-0.60,3.38,,
2019-12-16,-0.53,2.74,,
2019-12-17,0.47,-6.78,,
2019-12-18,1.73,-8.91,,
2019-12-19,0.20,-3.84,,
2019-12-20,-0.56,-2.10,,
2019-12-21,0.14,-2.70,,
2019-12-22,0.56,-6.43,,
2019-12-23,-0.36,-4.06,,
2019-12-24,2.35,-0.46,,
2019-12-25,-0.65,2.61,,
2019-12-26,-2.02,1.41,,
2019-12-27,-1.73,0.27,,
2019-12-28,-1.18,2.64,,
2019-12-29,-0.73,1.80,,
2019-12-30,-0.13,-3.82,,
2019-12-31,-1.14,-2.81,,
2020-01-01,-2.37,1.60,,
2020-01-02,-0.83,2.28,,
2020-01-03,-1.43,-3.37,,
2020-01-04,1.87,-8.81,,
2020-01-05,0.38,-3.58,,
2020-01-06,0.22,2.48,,
2020-01-07,-0.14,-4.08,,
2020-01-08,-0.33,-3.77,,
2020-01-09,-0.38,2.39,,
2020-01-10,-0.78,2.73,,
2020-01-11,0.81,-4.58,,
2020-01-12,0.84,-6.81,,
2020-01-13,0.00,-2.86,,
2020-01-14,0.90,-1.76,,
2020-01-15,-0.94,1.45,,
2020-01-16,-0.79,1.12,,
2020-01-17,-0.05,-1.51,,
2020-01-18,1.07,-1.23,,
2020-01-19,-0.23,-3.28,,
2020-01-20,1.45,-5.83,,
2020-01-21,0.48,-4.55,,
2020-01-22,-1.64,2.52,,
2020-01-23,-0.76,2.35,,
2020-01-24,-0.19,-1.85,,
2020-01-25,-0.80,1.72,,
2020-01-26,-1.40,-1.45,,
2020-01-27,-0.26,-1.67,,
2020-01-28,-1.08,2.04,,
2020-01-29,-0.37,-5.35,,
2020-01-30,0.52,2.94,,
2020-01-31,0.30,-4.32,,
2020-02-01,0.98,-6.98,,
2020-02-02,-0.66,-3.73,,
2020-02-03,-0.96,3.14,,
2020-02-04,-0.78,2.26,,
2020-02-05,-0.77,2.23,,
2020-02-06,-0.47,-5.37,,
2020-02-07,0.79,-2.58,,
2020-02-08,0.35,-1.83,,
2020-02-09,-1.76,1.32,,
2020-02-10,-1.45,2.00,,
2020-02-11,-1.73,1.62,,
2020-02-12,-1.52,-1.06,,
2020-02-13,0.46,-6.52,,
2020-02-14,0.78,-7.45,,
2020-02-15,-0.15,-4.35,,
2020-02-16,-2.52,-0.22,,
2020-02-17,-1.92,1.45,,
2020-02-18,-1.92,1.73,,
2020-02-19,-0.60,-3.40,,
2020-02-20,-0.47,-3.36,,
2020-02-21,0.95,-9.08,,
2020-02-22,0.00,-5.50,,
2020-02-23,-2.56,1.80,,
2020-02-24,-1.27,3.14,,
2020-02-25,-0.81,-2.83,,
2020-02-26,0.74,-7.08,,
2020-02-27,1.50,-6.48,,
2020-02-28,0.19,-3.55,,
2020-02-29,-1.32,-2.20,,
2020-03-01,-1.66,3.13,,
2020-03-02,-1.11,2.49,,
2020-03-03,-0.98,2.30,,
2020-03-04,-1.03,3.00,,
2020-03-05,0.43,-8.28,,
2020-03-06,0.57,-8.20,,
2020-03-07,-0.70,-5.73,,
2020-03-08,-0.65,-2.28,,
2020-03-09,-2.28,0.74,,
2020-03-10,-1.44,-1.72,,
2020-03-11,-1.33,-1.97,,
2020-03-12,-2.24,1.45,,
2020-03-13,-2.20,1.54,,
2020-03-14,-1.79,-0.95,,
2020-03-15,-1.21,-1.86,,
2020-03-16,-1.31,-1.87,,
2020-03-17,-2.41,-0.47,,
2020-03-18,-2.47,0.39,,
2020-03-19,-2.17,1.20,,
2020-03-20,-2.18,-1.47,,
2020-03-21,-1.06,-3.26,,
2020-03-22,-2.20,-1.38,,
2020-03-23,-2.24,0.64,,
2020-03-24,-2.16,1.62,,
2020-03-25,-1.91,0.30,,
2020-03-26,-1.83,0.85,,
2020-03-27,-1.87,2.40,,
2020-03-28,-2.06,2.06,,
2020-03-29,-1.63,-2.94,,
2020-03-30,-2.58,-1.32,,
2020-03-31,-1.63,-1.57,,
2020-04-01,-1.98,-2.73,,
2020-04-02,-2.18,1.21,,
2020-04-03,-2.22,-0.00,,
2020-04-04,-1.94,-1.16,,
2020-04-05,-1.25,-3.26,,
2020-04-06,-1.80,-2.48,,
2020-04-07,-1.93,-0.34,,
2020-04-08,-2.07,-0.80,,
2020-04-09,-1.36,-1.74,,
2020-04-10,-1.06,-4.60,,
2020-04-11,-1.84,-1.78,,
2020-04-12,-2.09,2.88,,
2020-04-13,-3.33,-2.42,,
2020-04-14,-1.34,-3.15,,
2020-04-15,-0.79,-6.45,,
2020-04-16,-1.04,-3.87,,
2020-04-17,-2.55,-0.45,,
2020-04-18,-2.07,-1.05,,
2020-04-19,-1.85,1.91,,
2020-04-20,-2.33,1.63,,
2020-04-21,-2.58,0.32,,
2020-04-22,-2.40,2.24,,
2020-04-23,-2.76,2.86,,
2020-04-24,-1.05,-3.24,,
2020-04-25,-2.67,-0.00,,
2020-04-26,-0.72,-5.15,,
2020-04-27,-0.59,-4.20,,
2020-04-28,-2.24,1.24,,
2020-04-29,-1.98,1.23,,
2020-04-30,-0.73,-5.97,,
2020-05-01,-1.72,-2.05,,
2020-05-02,-2.23,0.23,,
2020-05-03,-1.91,-0.51,,
2020-05-04,-2.13,-0.19,,
2020-05-05,-2.13,-0.34,,
2020-05-06,-1.11,-3.88,,
2020-05-07,-0.92,-4.71,,
2020-05-08,-1.74,1.86,,
2020-05-09,-0.74,-3.81,,
2020-05-10,0.09,-5.41,,
2020-05-11,-0.80,-5.05,,
2020-05-12,-2.18,0.19,,
2020-05-13,-1.94,0.59,,
2020-05-14,-1.68,1.68,,
2020-05-15,-2.10,1.41,,
2020-05-16,-1.91,2.35,,
2020-05-17,-0.75,-4.23,,
2020-05-18,-0.23,-3.24,,
2020-05-19,-2.41,0.43,,
2020-05-20,-2.23,1.94,,
2020-05-21,-2.20,0.71,,
2020-05-22,-2.52,-0.04,,
2020-05-23,-2.14,-0.38,,
2020-05-24,-2.09,0.04,,
2020-05-25,-2.31,-0.00,,
2020-05-26,-1.87,-1.75,,
2020-05-27,-1.05,-3.66,,
2020-05-28,-2.34,-0.29,,
2020-05-29,-0.74,-3.83,,
2020-05-30,-0.43,-6.09,,
2020-05-31,-0.54,-6.15,,
2020-06-01,-0.61,-6.95,,
2020-06-02,0.12,-6.86,,
2020-06-03,0.45,-8.68,,
2020-06-04,0.14,-7.78,,
2020-06-05,-0.73,-6.98,,
2020-06-06,-0.82,-3.54,,
2020-06-07,-1.84,0.90,,
2020-06-08,-2.24,2.16,,
2020-06-09,-2.11,2.19,,
2020-06-10,-2.91,-1.75,,
2020-06-11,-0.45,-5.12,,
2020-06-12,-0.34,-6.51,,
2020-06-13,-0.41,-7.80,,
2020-06-14,-0.52,-4.95,,
2020-06-15,-0.65,-4.59,,
2020-06-16,-0.82,-4.24,,
2020-06-17,-1.38,-1.97,,
2020-06-18,-1.79,-0.65,,
2020-06-19,-1.94,-0.86,,
2020-06-20,-1.68,-1.46,,
2020-06-21,-1.80,-0.45,,
2020-06-22,-2.13,0.41,,
2020-06-23,-1.88,-0.16,,
2020-06-24,-0.45,1.82,,
2020-06-25,-1.81,0.32,,
2020-06-26,-1.89,1.48,,
2020-06-27,-2.00,-0.24,,
2020-06-28,-2.16,0.58,,
2020-06-29,-2.22,-0.31,,
2020-06-30,-2.26,1.53,,
2020-07-01,-2.09,2.02,,
2020-07-02,-1.59,-1.00,,
2020-07-03,-1.33,-1.15,,
2020-07-04,-1.62,-0.14,,
2020-07-05,-1.90,0.58,,
2020-07-06,-1.79,1.16,,
2020-07-07,-1.90,2.11,,
2020-07-08,-1.47,2.02,,
2020-07-09,-1.57,-0.36,,
2020-07-10,-1.50,-1.13,,
2020-07-11,-0.97,-2.54,,
2020-07-12,-2.10,0.64,,
2020-07-13,-1.58,1.38,,
2020-07-14,-1.95,0.83,,
2020-07-15,-2.31,0.20,,
2020-07-16,-2.24,0.48,,
2020-07-17,-2.27,1.26,,
2020-07-18,-1.94,-0.38,,
2020-07-19,-1.19,-1.64,,
2020-07-20,-1.47,-0.88,,
2020-07-21,-1.91,-0.23,,
2020-07-22,-2.02,-0.18,,
2020-07-23,-1.73,-1.04,,
2020-07-24,-2.22,0.39,,
2020-07-25,-1.88,2.16,,
2020-07-26,-2.35,2.20,,
2020-07-27,-2.09,1.88,,
2020-07-28,-1.76,1.02,,
2020-07-29,-1.64,0.29,,
2020-07-30,-1.54,-0.03,,
2020-07-31,-1.25,0.75,,
2020-08-01,-1.84,-0.00,,
2020-08-02,-0.94,-1.51,,
2020-08-03,-0.92,-2.41,,
2020-08-04,-1.02,-1.64,,
2020-08-05,-1.09,-1.56,,
2020-08-06,-1.22,-1.95,,
2020-08-07,-1.14,-2.33,,
2020-08-08,-1.29,-2.43,,
2020-08-09,-0.28,-2.25,,
2020-08-10,-0.55,-2.60,,
2020-08-11,-1.07,-0.96,,
2020-08-12,-1.33,-1.52,,
2020-08-13,-1.48,-0.57,,
2020-08-14,-0.83,-1.50,,
2020-08-15,-1.11,-1.28,,
2020-08-16,-1.21,-1.30,,
2020-08-17,-0.82,-2.02,,
2020-08-18,-0.63,-2.21,,
2020-08-19,-1.39,-1.21,,
2020-08-20,-1.87,-0.00,,
2020-08-21,-2.02,0.43,,
2020-08-22,-2.07,-1.15,,
2020-08-23,-1.12,-1.93,,
2020-08-24,-0.64,-3.64,,
2020-08-25,-0.18,-3.47,,
2020-08-26,-0.38,-2.13,,
2020-08-27,-1.20,2.16,,
2020-08-28,-1.53,1.47,,
2020-08-29,-1.53,2.26,,
2020-08-30,-1.54,2.12,,
2020-08-31,-1.67,2.67,,
2020-09-01,-1.85,2.74,,
2020-09-02,-1.71,1.90,,
2020-09-03,-1.49,-1.16,,
2020-09-04,-0.92,-4.33,,
2020-09-05,-0.25,-4.77,,
2020-09-06,-0.57,-4.63,,
2020-09-07,-0.55,-3.12,,
2020-09-08,-2.15,-0.04,,
2020-09-09,-1.74,1.86,,
2020-09-10,-2.39,0.82,,
2020-09-11,-0.13,-3.74,,
2020-09-12,-0.52,-3.30,,
2020-09-13,-0.50,-3.14,,
2020-09-14,-0.16,-2.32,,
2020-09-15,-1.64,1.23,,
2020-09-16,0.56,-2.08,,
2020-09-17,1.41,-0.78,,
2020-09-18,1.49,0.18,,
2020-09-19,1.47,-1.53,,
2020-09-20,0.91,-2.79,,
2020-09-21,-0.43,-3.07,,
2020-09-22,-0.27,-2.21,,
2020-09-23,-0.59,-1.72,,
2020-09-24,-1.76,-1.06,,
2020-09-25,-1.52,-0.52,,
2020-09-26,-1.24,-1.04,,
2020-09-27,-1.54,1.34,,
2020-09-28,-1.71,1.84,,
2020-09-29,1.25,-2.35,,
2020-09-30,1.38,-8.73,,
2020-10-01,0.87,-6.18,,
2020-10-02,1.07,-6.77,,
2020-10-03,0.70,-5.67,,
2020-10-04,0.48,-4.58,,
2020-10-05,0.72,-5.86,,
2020-10-06,0.39,-4.50,,
2020-10-07,0.84,-3.13,,
2020-10-08,-0.32,-2.62,,
2020-10-09,-0.38,2.69,,
2020-10-10,-1.70,1.43,,
2020-10-11,-1.83,1.59,,
2020-10-12,-1.58,1.63,,
2020-10-13,-0.82,-2.13,,
2020-10-14,-0.64,-3.30,,
2020-10-15,-1.49,-1.44,,
2020-10-16,-1.05,-3.65,,
2020-10-17,-0.09,-5.29,,
2020-10-18,-0.96,-2.63,,
2020-10-19,-0.72,-1.79,,
2020-10-20,-0.93,-3.24,,
2020-10-21,-0.34,-3.91,,
2020-10-22,-0.59,-3.02,,
2020-10-23,-0.98,-2.09,,
2020-10-24,-0.48,-4.53,,
2020-10-25,-1.33,-2.40,,
2020-10-26,-1.77,0.90,,
2020-10-27,-1.30,-1.56,,
2020-10-28,-1.15,-2.08,,
2020-10-29,-0.41,-5.83,,
2020-10-30,1.29,-9.17,,
2020-10-31,0.08,-4.70,,
2020-11-01,0.47,-5.35,,
2020-11-02,1.59,-10.04,,
2020-11-03,1.34,-7.59,,
2020-11-04,0.41,-5.91,,
2020-11-05,-0.11,-6.58,,
2020-11-06,0.47,-6.78,,
2020-11-07,0.00,-4.24,,
2020-11-08,-1.16,-1.85,,
2020-11-09,-1.82,-0.26,,
2020-11-10,-1.87,1.46,,
2020-11-11,-1.76,-0.37,,
2020-11-12,-2.13,-0.57,,
2020-11-13,-1.91,-0.37,,
2020-11-14,-1.84,0.78,,
2020-11-15,-1.29,-1.99,,
2020-11-16,0.38,-7.19,,
2020-11-17,1.35,-7.67,,
2020-11-18,0.99,-7.07,,
2020-11-19,0.74,-7.06,,
2020-11-20,0.97,-4.56,,
2020-11-21,-0.14,-3.87,,
2020-11-22,-0.25,-4.72,,
2020-11-23,-0.36,-5.13,,
2020-11-24,-2.38,1.73,,
2020-11-25,-0.61,2.65,,
2020-11-26,-1.38,-1.33,,
2020-11-27,-1.85,1.25,,
2020-11-28,-1.81,1.42,,
2020-11-29,-1.29,-1.71,,
2020-11-30,1.07,-8.72,,
2020-12-01,0.14,-4.11,,
2020-12-02,0.15,2.94,,
2020-12-03,1.04,-4.15,,
2020-12-04,1.50,-7.04,,
2020-12-05,0.12,-3.57,,
2020-12-06,0.45,-5.14,,
2020-12-07,0.85,-6.90,,
2020-12-08,0.08,-4.36,,
2020-12-09,0.41,-2.93,,
2020-12-10,-0.38,2.67,,
2020-12-11,-0.93,2.71,,
2020-12-12,-1.00,-2.26,,
2020-12-13,-1.19,2.33,,
2020-12-14,0.71,-6.72,,
2020-12-15,-0.39,3.69,,
2020-12-16,0.38,-5.49,,
2020-12-17,0.65,-6.17,,
2020-12-18,-0.77,-2.86,,
2020-12-19,-1.03,2.20,,
2020-12-20,-0.43,-3.06,,
2020-12-21,0.30,-5.73,,
2020-12-22,-0.88,-2.08,,
2020-12-23,-1.23,2.42,,
2020-12-24,1.78,-6.19,,
2020-12-25,1.62,-7.03,,
2020-12-26,1.77,1.65,,
2020-12-27,-1.42,1.88,,
2020-12-28,-1.65,1.71,,
2020-12-29,-0.83,2.41,,
2020-12-30,-0.53,3.36,,
2020-12-31,-2.50,0.76,,
2021-01-01,-0.09,-5.37,,
2021-01-02,0.33,-4.73,,
2021-01-03,-0.15,-4.22,,
2021-01-04,-0.49,-2.81,,
2021-01-05,-0.32,-3.64,,
2021-01-06,-1.67,1.22,,
2021-01-07,0.43,-6.11,,
2021-01-08,-0.06,-3.62,,
2021-01-09,-0.07,-2.01,,
2021-01-10,-0.62,2.49,,
2021-01-11,1.27,-6.52,,
2021-01-12,1.15,-4.96,,
2021-01-13,0.56,-5.35,,
2021-01-14,-2.64,0.66,,
2021-01-15,0.00,-3.89,,
2021-01-16,0.10,-5.52,,
2021-01-17,-0.13,2.48,,
2021-01-18,-1.43,-1.28,,
2021-01-19,-1.47,2.18,,
2021-01-20,-1.08,-2.11,,
2021-01-21,-1.72,1.29,,
2021-01-22,-1.11,2.18,,
2021-01-23,-0.83,-1.56,,
2021-01-24,-0.40,2.29,,
2021-01-25,-0.74,2.15,,
2021-01-26,-1.19,2.55,,
2021-01-27,-0.52,-4.27,,
2021-01-28,1.93,-6.74,,
2021-01-29,0.00,-3.78,,
2021-01-30,-2.17,1.58,,
2021-01-31,-1.30,-2.67,,
2021-02-01,-0.13,-7.47,,
2021-02-02,-0.15,-4.35,,
2021-02-03,-2.01,1.57,,
2021-02-04,-0.81,3.24,,
2021-02-05,-0.89,3.10,,
2021-02-06,-2.70,1.82,,
2021-02-07,-1.36,-6.39,,
2021-02-08,-2.06,1.92,,
2021-02-09,-1.07,-1.93,,
2021-02-10,-2.03,-0.32,,
2021-02-11,-1.76,0.90,,
2021-02-12,0.39,-4.40,,
2021-02-13,0.30,-5.80,,
2021-02-14,-0.49,-3.07,,
2021-02-15,0.34,-6.53,,
2021-02-16,-0.33,-3.18,,
2021-02-17,0.89,2.74,,
2021-02-18,0.00,-5.63,,
2021-02-19,2.06,-9.71,,
2021-02-20,0.00,-4.35,,
2021-02-21,-1.08,2.55,,
2021-02-22,-0.66,-3.09,,
2021-02-23,-0.70,-3.95,,
2021-02-24,-1.71,1.71,,
2021-02-25,-1.65,1.07,,
2021-02-26,-1.94,1.46,,
2021-02-27,-1.93,0.70,,
2021-02-28,-1.75,0.40,,
2021-03-01,-2.32,-0.45,,
2021-03-02,-0.60,-8.64,,
2021-03-03,-0.18,-5.20,,
2021-03-04,-1.06,-1.99,,
2021-03-05,-1.79,2.37,,
2021-03-06,-0.59,-6.72,,
2021-03-07,-0.56,-5.37,,
2021-03-08,-0.56,-3.15,,
2021-03-09,-0.72,-2.68,,
2021-03-10,-2.44,0.94,,
2021-03-11,-2.27,0.48,,
2021-03-12,-2.29,-0.24,,
2021-03-13,-2.40,0.64,,
2021-03-14,-2.03,2.26,,
2021-03-15,-1.46,-1.36,,
2021-03-16,-2.23,0.64,,
2021-03-17,-1.46,2.43,,
2021-03-18,0.13,-7.21,,
2021-03-19,-0.70,-6.62,,
2021-03-20,-0.96,-3.36,,
2021-03-21,-2.60,-0.65,,
2021-03-22,-1.82,2.69,,
2021-03-23,-1.08,3.13,,
2021-03-24,-2.33,1.57,,
2021-03-25,-1.46,3.28,,
2021-03-26,-1.45,-2.97,,
2021-03-27,-1.96,2.25,,
2021-03-28,-2.39,-1.74,,
2021-03-29,-0.49,-7.07,,
2021-03-30,-2.60,-1.27,,
2021-03-31,-2.23,-0.52,,
2021-04-01,-0.11,-6.05,,
2021-04-02,0.00,-5.75,,
2021-04-03,-1.17,-4.38,,
2021-04-04,-1.40,-1.93,,
2021-04-05,-2.25,-1.14,,
2021-04-06,-1.90,1.59,,
2021-04-07,-2.03,1.27,,
2021-04-08,-1.93,-1.25,,
2021-04-09,-1.93,2.22,,
2021-04-10,-1.14,3.13,,
2021-04-11,-1.46,-2.09,,
2021-04-12,-1.72,-0.92,,
2021-04-13,-2.57,0.94,,
2021-04-14,-1.25,-1.49,,
2021-04-15,-2.00,-0.39,,
2021-04-16,-2.18,-0.00,,
2021-04-17,-2.91,1.42,,
2021-04-18,0.29,-8.41,,
2021-04-19,-0.22,-4.22,,
2021-04-20,-1.26,-3.28,,
2021-04-21,-0.40,-5.73,,
2021-04-22,-1.91,-2.13,,
2021-04-23,-2.00,1.87,,
2021-04-24,-3.72,-0.33,,
2021-04-25,-1.08,-5.08,,
2021-04-26,-2.40,0.38,,
2021-04-27,-2.26,1.05,,
2021-04-28,-1.91,1.34,,
2021-04-29,-2.09,1.58,,
2021-04-30,-1.38,-3.11,,
2021-05-01,-2.47,-1.26,,
2021-05-02,-2.12,0.11,,
2021-05-03,-1.68,3.15,,
2021-05-04,-1.13,2.54,,
2021-05-05,-0.92,-2.83,,
2021-05-06,-0.89,-5.06,,
2021-05-07,-0.82,-5.81,,
2021-05-08,-2.25,-1.76,,
2021-05-09,-2.04,1.43,,
2021-05-10,-2.00,0.24,,
2021-05-11,-1.91,-0.73,,
2021-05-12,-1.08,-1.94,,
2021-05-13,0.10,-5.61,,
2021-05-14,-0.23,-6.61,,
2021-05-15,-1.15,-2.86,,
2021-05-16,-1.48,0.96,,
2021-05-17,-1.97,1.38,,
2021-05-18,-1.59,1.97,,
2021-05-19,-1.36,2.27,,
2021-05-20,-1.08,-4.68,,
2021-05-21,-0.75,-2.81,,
2021-05-22,-1.42,-1.81,,
2021-05-23,-0.92,-2.41,,
2021-05-24,-1.86,-0.95,,
2021-05-25,-2.20,-0.00,,
2021-05-26,-1.65,-0.41,,
2021-05-27,-1.96,0.53,,
2021-05-28,-1.99,1.19,,
2021-05-29,-1.93,-0.70,,
2021-05-30,-1.13,-1.56,,
2021-05-31,-1.82,-0.63,,
2021-06-01,-1.72,-0.06,,
2021-06-02,-1.31,-1.36,,
2021-06-03,-1.92,-0.59,,
2021-06-04,-0.91,-2.04,,
2021-06-05,-1.27,-1.81,,
2021-06-06,-2.03,1.32,,
2021-06-07,-2.04,1.23,,
2021-06-08,-1.83,0.26,,
2021-06-09,-1.73,-0.77,,
2021-06-10,-0.76,-1.36,,
2021-06-11,-1.58,-1.38,,
2021-06-12,-0.78,-1.92,,
2021-06-13,-1.17,-3.61,,
2021-06-14,-0.30,-4.34,,
2021-06-15,0.12,-6.96,,
2021-06-16,-0.74,-7.07,,
2021-06-17,-0.39,-4.48,,
2021-06-18,1.28,-1.64,,
2021-06-19,-1.15,2.72,,
2021-06-20,-1.86,1.93,,
2021-06-21,-1.76,2.42,,
2021-06-22,-2.21,2.37,,
2021-06-23,-1.23,-1.89,,
2021-06-24,-1.90,2.11,,
2021-06-25,-1.82,1.82,,
2021-06-26,-1.74,1.68,,
2021-06-27,0.46,2.00,,
2021-06-28,0.48,2.24,,
2021-06-29,-1.40,0.35,,
2021-06-30,-0.79,-1.86,,
2021-07-01,-0.65,-2.61,,
2021-07-02,-1.15,-1.23,,
2021-07-03,-1.25,1.05,,
2021-07-04,-1.79,1.21,,
2021-07-05,-1.54,0.89,,
2021-07-06,-1.80,1.51,,
2021-07-07,-1.81,2.01,,
2021-07-08,-1.99,0.84,,
2021-07-09,-2.19,-0.04,,
2021-07-10,-2.01,-0.43,,
2021-07-11,-1.58,0.70,,
2021-07-12,-1.33,-1.97,,
2021-07-13,-1.27,-1.19,,
2021-07-14,-0.39,-2.49,,
2021-07-15,-0.12,-3.43,,
2021-07-16,-1.43,0.73,,
2021-07-17,-1.54,-0.41,,
2021-07-18,-0.57,-2.27,,
2021-07-19,-1.36,-1.06,,
2021-07-20,-1.51,1.18,,
2021-07-21,-1.57,0.08,,
2021-07-22,-2.02,0.50,,
2021-07-23,-1.98,-1.01,,
2021-07-24,-2.17,0.75,,
2021-07-25,-1.42,-1.32,,
2021-07-26,-1.45,-1.26,,
2021-07-27,-1.46,-1.27,,
2021-07-28,-1.28,-1.70,,
2021-07-29,-1.41,-2.02,,
2021-07-30,-0.58,-2.72,,
2021-07-31,-0.61,-1.76,,
2021-08-01,-1.38,0.29,,
2021-08-02,-1.07,1.71,,
2021-08-03,-1.79,0.38,,
2021-08-04,-1.94,0.31,,
2021-08-05,-1.48,-0.69,,
2021-08-06,-1.72,-0.21,,
2021-08-07,-2.00,0.50,,
2021-08-08,-1.78,0.75,,
2021-08-09,-2.13,0.07,,
2021-08-10,-1.95,-0.71,,
2021-08-11,-1.13,-1.49,,
2021-08-12,-1.89,-0.96,,
2021-08-13,-1.47,-0.37,,
2021-08-14,-0.68,-2.10,,
2021-08-15,-0.76,-2.85,,
2021-08-16,-0.67,-1.85,,
2021-08-17,-2.11,0.81,,
2021-08-18,-1.83,1.83,,
2021-08-19,-1.26,-1.87,,
2021-08-20,0.00,-2.93,,
2021-08-21,-1.00,3.73,,
2021-08-22,-0.04,-2.11,,
2021-08-23,-0.25,-2.89,,
2021-08-24,-0.67,-4.80,,
2021-08-25,-0.20,-3.82,,
2021-08-26,-0.39,-2.21,,
2021-08-27,-1.56,0.94,,
2021-08-28,-1.53,1.16,,
2021-08-29,-1.19,1.70,,
2021-08-30,-1.64,1.23,,
2021-08-31,-1.69,1.18,,
2021-09-01,-1.60,1.00,,
2021-09-02,-1.62,0.94,,
2021-09-03,-1.65,1.20,,
2021-09-04,-1.36,-2.01,,
2021-09-05,-0.50,-2.82,,
2021-09-06,-0.78,-2.55,,
2021-09-07,0.00,-1.64,,
2021-09-08,-0.90,-1.94,,
2021-09-09,-0.72,-3.13,,
2021-09-10,-0.27,-5.21,,
2021-09-11,-0.10,-5.94,,
2021-09-12,-0.53,-3.77,,
2021-09-13,-0.31,2.56,,
2021-09-14,-1.69,0.98,,
2021-09-15,-1.61,1.56,,
2021-09-16,-1.79,0.91,,
2021-09-17,-1.94,0.52,,
2021-09-18,-0.92,-2.16,,
2021-09-19,-0.55,-2.07,,
2021-09-20,-1.40,1.18,,
2021-09-21,-1.75,0.71,,
2021-09-22,-0.22,-3.10,,
2021-09-23,0.37,-5.35,,
2021-09-24,0.18,-5.16,,
2021-09-25,-0.07,-4.00,,
2021-09-26,-0.07,-4.00,,
2021-09-27,-2.17,0.15,,
2021-09-28,-1.63,2.01,,
2021-09-29,-1.86,2.22,,
2021-09-30,-1.82,0.97,,
2021-10-01,-1.70,0.91,,
2021-10-02,-0.93,-1.34,,
2021-10-03,-0.74,-2.43,,
2021-10-04,-0.91,-4.29,,
2021-10-05,-0.21,-4.08,,
2021-10-06,-0.29,-5.61,,
2021-10-07,-0.10,-5.49,,
2021-10-08,0.19,-5.34,,
2021-10-09,-0.45,-2.86,,
2021-10-10,-1.43,2.38,,
2021-10-11,-1.67,2.79,,
2021-10-12,-1.82,1.09,,
2021-10-13,-1.67,1.92,,
2021-10-14,-1.92,1.61,,
2021-10-15,-1.85,-0.82,,
2021-10-16,-0.50,-4.80,,
2021-10-17,1.44,-5.78,,
2021-10-18,0.57,-5.40,,
2021-10-19,0.15,-2.92,,
2021-10-20,-0.49,-2.77,,
2021-10-21,-0.18,-3.44,,
2021-10-22,-0.32,-4.61,,
2021-10-23,0.72,-1.88,,
2021-10-24,-1.08,1.87,,
2021-10-25,-1.18,-1.10,,
2021-10-26,-1.33,1.38,,
2021-10-27,-0.65,2.43,,
2021-10-28,-0.45,-5.19,,
2021-10-29,0.18,-3.47,,
2021-10-30,0.26,2.50,,
2021-10-31,-0.91,2.79,,
2021-11-01,-1.16,-1.34,,
2021-11-02,-0.04,-2.19,,
2021-11-03,-0.82,-1.69,,
2021-11-04,-0.25,-3.63,,
2021-11-05,0.89,-6.32,,
2021-11-06,-0.09,-5.16,,
2021-11-07,-0.67,-3.79,,
2021-11-08,0.04,-2.50,,
2021-11-09,-1.12,-1.73,,
2021-11-10,-0.77,2.36,,
2021-11-11,-0.82,2.37,,
2021-11-12,0.49,-2.52,,
2021-11-13,-0.15,-4.42,,
2021-11-14,-0.35,-3.32,,
2021-11-15,-0.17,-2.44,,
2021-11-16,0.24,-1.97,,
2021-11-17,-0.73,2.40,,
2021-11-18,-0.75,-2.30,,
2021-11-19,0.95,-6.01,,
2021-11-20,0.38,-5.42,,
2021-11-21,-0.31,-3.56,,
2021-11-22,-0.27,-3.87,,
2021-11-23,0.08,-4.70,,
2021-11-24,-2.92,0.84,,
2021-11-25,-1.24,2.15,,
2021-11-26,0.31,-2.95,,
2021-11-27,-0.62,-2.90,,
2021-11-28,0.32,-3.04,,
2021-11-29,0.37,-7.08,,
2021-11-30,-0.51,-4.17,,
2021-12-01,-0.23,-2.17,,
2021-12-02,-0.48,-2.09,,
2021-12-03,-1.65,-0.41,,
2021-12-04,-0.58,-1.78,,
2021-12-05,-0.93,2.29,,
2021-12-06,-1.17,2.51,,
2021-12-07,-0.12,-2.33,,
2021-12-08,-1.62,1.36,,
2021-12-09,-1.68,0.48,,
2021-12-10,-1.41,2.09,,
2021-12-11,-1.75,1.88,,
2021-12-12,-0.46,-6.63,,
2021-12-13,-0.20,-3.73,,
2021-12-14,-0.26,-2.48,,
2021-12-15,-1.28,-1.28,,
2021-12-16,-1.36,1.57,,
2021-12-17,-1.45,1.61,,
2021-12-18,-1.29,1.99,,
2021-12-19,0.13,-3.83,,
2021-12-20,0.23,-6.66,,
2021-12-21,0.08,-4.46,,
2021-12-22,-1.81,-2.40,,
2021-12-23,-1.86,0.33,,
2021-12-24,-1.67,2.78,,
2021-12-25,-1.20,2.69,,
2021-12-26,-0.78,2.41,,
2021-12-27,-0.53,2.74,,
2021-12-28,-0.66,2.64,,
2021-12-29,-0.62,2.47,,
2021-12-30,-1.15,1.92,,
2021-12-31,-0.89,2.20,,
2022-01-01,-1.02,2.53,0.042,0.090
2022-01-02,2.39,-4.14,0.047,0.074
2022-01-03,1.78,-10.10,0.144,-0.218
2022-01-04,-0.59,-3.33,0.022,-0.065
2022-01-05,-1.49,1.97,-0.064,0.105
2022-01-06,-1.96,1.04,-0.074,0.133
2022-01-07,-0.72,-1.98,-0.083,0.142
2022-01-08,-1.97,1.43,0.033,0.081
2022-01-09,-2.28,0.24,0.008,0.098
2022-01-10,-0.90,-5.09,0.022,-0.016
2022-01-11,0.10,-5.67,0.064,-0.148
2022-01-12,-0.12,-3.40,0.035,-0.055
2022-01-13,-0.06,-3.66,0.053,-0.049
2022-01-14,-0.59,-2.38,-0.002,0.006
2022-01-15,-2.93,2.93,-0.035,0.111
2022-01-16,1.18,-9.61,0.114,-0.158
2022-01-17,1.47,2.26,0.007,0.005
2022-01-18,-0.97,2.68,0.021,0.045
2022-01-19,-1.30,2.92,-0.067,0.140
2022-01-20,-0.21,-2.95,-0.126,0.196
2022-01-21,0.76,-8.65,0.051,-0.055
2022-01-22,0.53,-5.08,0.087,-0.129
2022-01-23,-0.15,-2.91,0.069,-0.075
2022-01-24,-2.55,2.14,0.007,0.013
2022-01-25,-0.52,-3.70,-0.036,0.056
2022-01-26,-0.77,-5.46,0.029,-0.104
2022-01-27,-0.46,-2.87,-0.088,0.024
2022-01-28,-0.06,-3.18,-0.067,0.039
2022-01-29,1.01,-8.19,0.125,-0.136
2022-01-30,-2.11,-0.77,0.016,-0.035
2022-01-31,-1.54,3.64,-0.105,0.144
2022-02-01,-1.33,-2.13,-0.136,0.159
2022-02-02,-1.49,2.05,-0.145,0.225
2022-02-03,-3.25,1.25,-0.111,0.190
2022-02-04,0.93,-10.63,0.131,-0.167
2022-02-05,1.31,-8.26,0.134,-0.212
2022-02-06,-2.05,-2.44,0.052,-0.085
2022-02-07,0.62,-3.51,0.030,-0.079
2022-02-08,1.42,-8.07,0.113,-0.164
2022-02-09,-0.39,-2.03,0.075,-0.125
2022-02-10,-1.24,1.71,-0.028,0.004
2022-02-11,-1.37,0.92,-0.115,0.140
2022-02-12,-0.42,-2.40,-0.134,0.072
2022-02-13,1.04,-9.88,0.086,-0.135
2022-02-14,-0.09,-4.93,0.065,-0.139
2022-02-15,2.74,0.89,-0.019,-0.012
2022-02-16,-0.86,2.80,-0.079,0.109
2022-02-17,-0.77,2.86,-0.126,0.197
2022-02-18,-0.19,-5.48,-0.006,0.048
2022-02-19,0.46,-6.60,0.096,-0.137
2022-02-20,-0.65,-3.08,0.048,-0.104
2022-02-21,-1.37,2.57,-0.059,0.048
2022-02-22,-1.82,1.88,-0.095,0.141
2022-02-23,-2.13,0.49,0.000,0.094
2022-02-24,-0.93,-1.99,-0.045,0.026
2022-02-25,-0.79,-3.15,-0.073,0.057
2022-02-26,-0.56,-5.30,0.047,-0.132
2022-02-27,-0.08,-4.31,0.058,-0.125
2022-02-28,0.00,-7.64,0.085,-0.145
2022-03-01,-0.39,-3.71,0.069,-0.099
2022-03-02,-1.10,-2.37,0.026,-0.073
2022-03-03,-1.94,0.34,-0.037,0.063
2022-03-04,-2.02,-0.11,-0.060,0.108
2022-03-05,-1.88,2.17,0.004,0.099
2022-03-06,-1.92,1.61,-0.040,0.143
2022-03-07,-1.76,1.83,-0.027,0.140
2022-03-08,-0.99,-3.71,-0.047,-0.005
2022-03-09,-0.87,-3.49,0.021,-0.063
2022-03-10,-1.49,-3.06,0.040,-0.156
2022-03-11,-1.96,-0.00,0.068,-0.052
2022-03-12,0.72,-10.23,0.132,-0.194
2022-03-13,-0.27,-3.82,0.076,-0.114
2022-03-14,-0.96,2.80,0.050,-0.045
2022-03-15,-0.63,-4.46,0.059,-0.053
2022-03-16,-1.80,-3.69,0.026,-0.043
2022-03-17,-1.44,2.60,0.032,0.083
2022-03-18,-2.81,-1.56,0.060,0.040
2022-03-19,-0.23,-6.72,0.074,-0.130
2022-03-20,-0.75,-4.25,0.033,-0.092
2022-03-21,-2.51,2.26,-0.002,0.022
2022-03-22,-2.95,2.06,-0.025,0.126
2022-03-23,0.00,-6.91,0.043,-0.066
2022-03-24,-0.38,-5.43,0.047,-0.096
2022-03-25,-2.61,-1.16,0.053,-0.062
2022-03-26,-2.24,0.64,0.004,0.035
2022-03-27,-2.20,1.22,-0.081,0.142
2022-03-28,-1.90,1.90,-0.025,0.099
2022-03-29,-1.47,2.45,0.030,0.052
2022-03-30,-1.10,3.03,-0.026,0.160
2022-03-31,-1.49,-2.30,-0.055,0.094
2022-04-01,-1.51,-2.83,-0.063,0.011
2022-04-02,-1.62,-1.62,-0.105,0.062
2022-04-03,-1.79,-2.75,-0.055,-0.060
2022-04-04,-2.04,1.48,-0.020,0.068
2022-04-05,-1.29,2.23,0.018,0.087
2022-04-06,-2.22,1.61,0.084,0.024
2022-04-07,-0.28,-7.92,0.078,-0.166
2022-04-08,-0.58,-8.34,0.095,-0.186
2022-04-09,-2.71,0.73,-0.005,-0.015
2022-04-10,-2.15,3.06,-0.059,0.101
2022-04-11,-1.46,2.53,-0.040,0.164
2022-04-12,-1.89,1.38,-0.021,0.145
2022-04-13,-2.03,0.82,-0.023,0.137
2022-04-14,-1.09,-2.69,-0.003,0.040
2022-04-15,-1.55,-2.14,-0.041,0.056
2022-04-16,-2.47,0.57,-0.064,0.101
2022-04-17,-2.40,0.38,0.035,0.092
2022-04-18,-1.47,-2.77,0.028,-0.001
2022-04-19,-1.80,-3.39,-0.011,-0.067
2022-04-20,-2.53,1.29,0.047,0.018
2022-04-21,-1.38,-2.29,0.009,0.004
2022-04-22,-1.06,-2.76,-0.013,-0.014
2022-04-23,-2.71,0.63,0.072,-0.089
2022-04-24,-2.21,1.33,0.100,-0.005
2022-04-25,-1.07,-1.84,0.039,0.003
2022-04-26,-0.78,-3.68,0.021,-0.046
2022-04-27,-0.68,-6.49,0.109,-0.193
2022-04-28,-1.85,-2.06,0.001,-0.102
2022-04-29,-2.12,1.08,-0.021,0.045
2022-04-30,-2.09,-0.04,0.031,0.014
2022-05-01,-1.89,-0.51,-0.007,0.004
2022-05-02,-2.47,0.95,0.001,0.071
2022-05-03,-2.09,0.72,0.067,0.031
2022-05-04,-2.32,0.16,0.062,0.041
2022-05-05,-2.27,1.06,0.063,0.053
2022-05-06,-2.18,-1.36,0.060,0.047
2022-05-07,-1.81,-0.96,0.006,0.067
2022-05-08,-1.97,1.33,0.007,0.094
2022-05-09,-2.30,1.02,0.001,0.114
2022-05-10,-1.03,-2.12,-0.105,0.050
2022-05-11,-0.87,-3.78,-0.063,-0.023
2022-05-12,-1.34,-3.31,-0.028,-0.064
2022-05-13,-2.71,-0.00,0.009,-0.016
2022-05-14,-2.52,-0.22,-0.055,0.068
2022-05-15,-1.55,-1.67,-0.088,0.070
2022-05-16,-2.20,0.08,-0.072,0.107
2022-05-17,-2.44,0.75,-0.048,0.131
2022-05-18,-2.45,0.52,-0.036,0.127
2022-05-19,-2.10,0.37,-0.037,0.124
2022-05-20,-2.04,2.04,-0.023,0.133
2022-05-21,-1.98,2.63,0.010,0.147
2022-05-22,-2.40,-0.55,0.027,0.074
2022-05-23,-0.79,-4.04,-0.038,-0.064
2022-05-24,-2.15,0.46,0.004,0.044
2022-05-25,-2.30,0.75,0.033,0.088
2022-05-26,-1.14,-3.74,-0.054,-0.031
2022-05-27,-1.52,-2.35,-0.027,0.009
2022-05-28,-2.26,-0.24,-0.041,0.010
2022-05-29,-1.72,1.39,0.038,0.055
2022-05-30,-0.91,2.49,-0.030,0.212
2022-05-31,-0.93,2.70,0.015,0.149
2022-06-01,-1.65,-3.10,-0.007,0.088
2022-06-02,-0.65,-5.27,0.000,-0.060
2022-06-03,-0.85,-2.79,-0.063,-0.014
2022-06-04,-1.30,-1.80,-0.061,0.078
2022-06-05,-2.34,1.14,-0.048,0.112
2022-06-06,-2.37,1.43,-0.030,0.168
2022-06-07,-2.46,0.52,-0.035,0.174
2022-06-08,-2.16,-0.19,-0.070,0.169
2022-06-09,-1.83,-0.06,-0.039,0.121
2022-06-10,-1.47,-1.63,-0.089,0.153
2022-06-11,-1.51,1.68,-0.083,0.201
2022-06-12,-2.36,1.53,-0.112,0.280
2022-06-13,-2.22,-0.23,-0.132,0.271
2022-06-14,-0.08,-2.27,-0.130,0.218
2022-06-15,0.30,-2.10,-0.176,0.203
2022-06-16,2.24,-2.32,-0.082,0.114
2022-06-17,-0.39,-3.17,-0.149,0.096
2022-06-18,-0.64,-3.63,-0.057,0.007
2022-06-19,-0.47,-3.83,-0.054,-0.017
2022-06-20,-0.78,-5.59,-0.029,-0.047
2022-06-21,-0.73,-5.18,0.015,-0.073
2022-06-22,-0.86,-2.65,-0.017,0.003
2022-06-23,0.54,-3.43,0.037,-0.049
2022-06-24,-0.78,-2.04,0.021,-0.042
2022-06-25,-1.73,-0.66,0.035,-0.012
2022-06-26,-1.43,-0.70,0.016,0.038
2022-06-27,-1.48,1.11,-0.011,0.042
2022-06-28,-1.23,-1.98,-0.035,0.040
2022-06-29,-1.16,-1.43,-0.002,0.014
2022-06-30,-1.40,-1.30,0.049,-0.007
2022-07-01,-1.63,1.47,0.026,0.088
2022-07-02,-1.44,1.34,0.027,0.113
2022-07-03,-1.56,-0.30,-0.058,0.171
2022-07-04,1.50,1.17,-0.030,0.155
2022-07-05,-0.92,-1.47,-0.046,0.129
2022-07-06,-1.14,-1.31,-0.144,0.155
2022-07-07,-1.88,1.32,-0.096,0.173
2022-07-08,-1.85,-0.29,-0.057,0.152
2022-07-09,-0.60,-1.84,-0.086,0.156
2022-07-10,-1.79,0.28,-0.099,0.184
2022-07-11,-1.50,1.66,-0.086,0.216
2022-07-12,-1.53,1.16,-0.046,0.191
2022-07-13,-1.36,1.10,-0.063,0.197
2022-07-14,-1.38,-0.68,-0.111,0.208
2022-07-15,0.37,-2.09,-0.074,0.083
2022-07-16,0.66,1.93,-0.049,0.123
2022-07-17,-0.12,-2.24,-0.110,0.109
2022-07-18,-1.54,-0.27,-0.035,0.100
2022-07-19,-0.54,1.88,-0.038,0.159
2022-07-20,-1.47,2.17,-0.028,0.215
2022-07-21,-2.13,0.65,-0.016,0.136
2022-07-22,-1.68,-0.15,-0.079,0.201
2022-07-23,-1.37,0.86,-0.085,0.179
2022-07-24,-1.73,-0.43,-0.083,0.188
2022-07-25,-0.85,-1.61,-0.040,0.127
2022-07-26,-0.79,-1.48,-0.070,0.131
2022-07-27,-1.16,1.60,-0.026,0.125
2022-07-28,-1.65,-0.63,-0.059,0.109
2022-07-29,-0.98,-0.69,-0.028,0.071
2022-07-30,-0.34,-3.23,-0.050,-0.021
2022-07-31,-0.93,-2.87,-0.002,-0.088
2022-08-01,-1.76,0.06,0.015,-0.041
2022-08-02,-1.87,1.00,0.023,0.053
2022-08-03,-1.16,2.09,-0.029,0.152
2022-08-04,-0.67,2.06,-0.072,0.164
2022-08-05,-1.71,-0.66,-0.089,0.194
2022-08-06,-1.54,0.62,-0.065,0.156
2022-08-07,-1.52,-0.38,-0.120,0.202
2022-08-08,-0.34,-1.95,-0.138,0.065
2022-08-09,-0.39,-1.55,-0.069,0.109
2022-08-10,-0.83,-1.79,-0.073,0.075
2022-08-11,-0.94,-2.12,-0.084,0.076
2022-08-12,-1.07,-1.64,-0.041,0.022
2022-08-13,-1.59,0.64,0.001,0.061
2022-08-14,-0.46,1.98,0.004,0.133
2022-08-15,-1.08,1.94,-0.019,0.188
2022-08-16,-1.66,1.35,-0.033,0.156
2022-08-17,-1.65,0.03,-0.089,0.162
2022-08-18,-1.63,0.66,-0.059,0.141
2022-08-19,-0.60,-1.64,-0.081,0.128
2022-08-20,-0.61,1.77,-0.049,0.143
2022-08-21,-1.54,0.85,-0.071,0.201
2022-08-22,-1.24,1.24,-0.076,0.210
2022-08-23,-1.20,2.16,-0.072,0.229
2022-08-24,-1.77,0.03,-0.101,0.196
2022-08-25,-1.38,-1.24,-0.147,0.184
2022-08-26,-1.64,-0.14,-0.107,0.161
2022-08-27,-1.57,0.45,-0.109,0.179
2022-08-28,-0.98,2.10,-0.079,0.217
2022-08-29,-1.08,1.94,-0.082,0.265
2022-08-30,-0.93,1.99,-0.084,0.198
2022-08-31,-0.98,-1.70,-0.120,0.198
2022-09-01,-1.11,-3.85,-0.197,0.114
2022-09-02,-0.82,-4.23,-0.061,-0.022
2022-09-03,-0.18,-3.46,-0.017,-0.081
2022-09-04,-0.93,-2.08,-0.014,-0.016
2022-09-05,-0.89,1.67,0.055,0.027
2022-09-06,-1.27,-1.69,0.012,0.035
2022-09-07,-0.38,-2.73,-0.067,0.035
2022-09-08,0.12,-1.77,-0.039,0.014
2022-09-09,1.78,-0.91,0.012,-0.017
2022-09-10,-0.07,2.04,0.067,-0.007
2022-09-11,0.61,-2.44,0.006,-0.006
2022-09-12,0.00,-4.54,-0.003,-0.082
2022-09-13,-0.28,-4.04,0.051,-0.144
2022-09-14,-0.69,-3.55,0.061,-0.162
2022-09-15,-0.06,-3.50,0.083,-0.159
2022-09-16,0.24,-3.42,0.099,-0.168
2022-09-17,0.39,-3.18,0.105,-0.206
2022-09-18,0.91,-2.96,0.083,-0.197
2022-09-19,0.65,-2.44,0.059,-0.171
2022-09-20,0.00,-3.34,0.054,-0.172
2022-09-21,0.13,-3.59,0.051,-0.151
2022-09-22,0.32,-3.07,0.024,-0.082
2022-09-23,-0.14,-2.69,0.054,-0.088
2022-09-24,0.04,-2.45,0.064,-0.099
2022-09-25,-0.32,-1.79,0.057,-0.089
2022-09-26,-0.23,-3.35,0.057,-0.146
2022-09-27,0.32,-4.57,0.067,-0.124
2022-09-28,0.45,-5.19,0.076,-0.117
2022-09-29,1.35,-6.96,0.101,-0.141
2022-09-30,0.54,-5.12,0.094,-0.121
2022-10-01,0.66,-3.74,0.073,-0.100
2022-10-02,-0.18,-3.38,0.018,-0.065
2022-10-03,0.39,-3.69,0.038,-0.031
2022-10-04,-0.25,-2.90,0.004,-0.011
2022-10-05,-0.31,-1.95,-0.092,0.101
2022-10-06,0.31,-2.54,-0.088,0.062
2022-10-07,-0.06,-3.49,-0.019,-0.033
2022-10-08,0.56,-4.01,0.048,-0.087
2022-10-09,0.81,-5.73,0.068,-0.099
2022-10-10,1.19,-6.76,0.086,-0.098
2022-10-11,1.13,-5.30,0.097,-0.110
2022-10-12,-1.12,1.12,0.084,-0.019
2022-10-13,0.85,-2.48,0.084,-0.049
2022-10-14,0.31,-4.44,0.065,-0.119
2022-10-15,-0.17,-4.97,0.072,-0.100
2022-10-16,-0.98,-2.42,-0.007,-0.053
2022-10-17,-1.22,1.40,0.009,0.051
2022-10-18,-0.84,-2.60,0.010,-0.002
2022-10-19,1.89,-7.04,0.110,-0.145
2022-10-20,0.70,-4.41,0.061,-0.051
2022-10-21,-0.36,-2.07,-0.011,0.053
2022-10-22,-0.12,2.35,-0.082,0.142
2022-10-23,-0.70,2.29,-0.074,0.201
2022-10-24,-1.35,2.34,-0.059,0.207
2022-10-25,-1.93,-2.56,-0.023,0.173
2022-10-26,-0.19,-2.77,0.055,-0.025
2022-10-27,-1.27,-1.95,0.003,-0.026
2022-10-28,-0.74,2.58,0.002,0.106
2022-10-29,-0.08,-4.65,0.011,0.019
2022-10-30,-0.06,-3.45,-0.011,-0.030
2022-10-31,-1.85,-0.64,0.028,0.044
2022-11-01,-1.70,0.98,0.078,0.078
2022-11-02,-0.27,-2.58,0.010,0.074
2022-11-03,0.06,-3.31,0.033,-0.035
2022-11-04,-0.53,-4.30,0.059,-0.094
2022-11-05,-0.26,-3.71,0.103,-0.082
2022-11-06,-0.69,-1.90,0.115,0.012
2022-11-07,-0.60,-2.43,0.044,-0.026
2022-11-08,-0.15,-4.38,0.058,-0.110
2022-11-09,-0.16,-4.65,0.063,-0.095
2022-11-10,-1.57,-1.47,0.071,0.009
2022-11-11,-0.67,2.50,0.040,0.102
2022-11-12,-0.58,-4.16,0.018,0.073
2022-11-13,0.83,-5.88,0.105,-0.128
2022-11-14,-1.85,2.21,-0.008,0.058
2022-11-15,0.07,-4.06,-0.035,0.094
2022-11-16,0.25,-4.68,0.044,-0.039
2022-11-17,0.39,-5.56,0.077,-0.087
2022-11-18,0.29,-3.36,0.040,-0.037
2022-11-19,-0.47,-2.64,-0.022,0.052
2022-11-20,0.53,-7.55,0.108,-0.137
2022-11-21,0.29,-4.14,0.068,-0.072
2022-11-22,0.27,-5.08,0.086,-0.098
2022-11-23,-0.30,-2.85,0.034,-0.034
2022-11-24,-0.82,2.51,-0.022,0.064
2022-11-25,-0.93,-2.08,-0.061,0.122
2022-11-26,-0.54,-2.33,-0.130,0.119
2022-11-27,-0.68,-2.73,-0.022,-0.036
2022-11-28,-0.93,-1.54,-0.036,0.063
2022-11-29,-1.01,2.07,-0.127,0.189
2022-11-30,-1.07,-2.29,-0.109,0.211
2022-12-01,0.33,-3.73,-0.035,0.049
2022-12-02,0.05,-2.95,0.032,-0.068
2022-12-03,-0.27,-3.80,-0.054,-0.012
2022-12-04,-0.18,-3.44,-0.043,0.017
2022-12-05,1.14,-1.90,0.038,-0.022
2022-12-06,-0.41,2.57,0.003,0.107
2022-12-07,-1.21,2.09,-0.033,0.187
2022-12-08,-0.19,-1.84,-0.022,0.129
2022-12-09,-0.03,-1.52,-0.015,0.065
2022-12-10,-2.00,-0.14,-0.015,0.088
2022-12-11,-1.46,1.46,0.044,0.089
2022-12-12,-1.41,1.06,0.019,0.112
2022-12-13,-0.27,3.04,0.034,0.170
2022-12-14,-0.09,2.62,0.078,0.143
2022-12-15,-0.09,-5.26,0.095,-0.112
2022-12-16,-0.67,-1.85,0.042,-0.114
2022-12-17,-0.50,-2.35,-0.001,-0.055
2022-12-18,-0.31,-5.93,0.075,-0.119
2022-12-19,-1.66,-2.05,0.012,-0.000
2022-12-20,0.33,-4.71,0.079,-0.047
2022-12-21,0.73,-6.92,0.116,-0.143
2022-12-22,-0.81,2.34,0.056,-0.047
2022-12-23,1.38,-6.49,0.100,-0.111
2022-12-24,1.74,-8.19,0.161,-0.179
2022-12-25,0.71,-4.49,0.110,-0.115
2022-12-26,0.28,-1.44,0.033,-0.033
2022-12-27,0.63,-2.34,0.039,-0.029
2022-12-28,-0.62,3.50,0.004,-0.001
2022-12-29,-0.47,2.65,-0.085,0.132
2022-12-30,0.26,-1.83,0.000,0.092
2022-12-31,-1.01,-2.18,-0.010,-0.010
2023-01-01,-0.88,1.97,-0.008,0.012
2023-01-02,-0.68,2.55,0.030,0.042
2023-01-03,-0.74,1.74,0.013,0.085
2023-01-04,-0.69,-3.53,0.008,-0.053
2023-01-05,-0.15,-4.36,0.053,-0.118
2023-01-06,-0.52,-3.26,0.051,-0.103
2023-01-07,-1.61,1.50,0.042,-0.006
2023-01-08,-1.34,-1.60,-0.005,0.062
2023-01-09,-0.69,-2.58,-0.047,-0.012
2023-01-10,-0.55,-1.79,0.005,0.015
2023-01-11,-1.30,1.86,-0.020,0.076
2023-01-12,-2.08,0.44,-0.047,0.146
2023-01-13,0.52,-9.85,0.107,-0.146
2023-01-14,-0.09,-5.22,0.039,-0.115
2023-01-15,-0.28,2.67,-0.080,0.085
2023-01-16,-0.64,3.30,-0.120,0.201
2023-01-17,-0.67,2.06,-0.108,0.210
2023-01-18,-1.16,2.59,-0.081,0.189
2023-01-19,-0.99,-2.88,-0.008,0.064
2023-01-20,-1.35,-2.78,0.002,-0.015
2023-01-21,-1.36,1.46,-0.078,0.143
2023-01-22,-0.52,-3.69,-0.006,0.042
2023-01-23,-0.37,-5.26,0.071,-0.149
2023-01-24,-2.25,1.96,0.020,-0.032
2023-01-25,0.37,-7.00,0.025,-0.018
2023-01-26,0.56,-6.37,0.077,-0.121
2023-01-27,-0.12,-3.30,0.053,-0.089
2023-01-28,-0.83,-1.79,0.039,-0.057
2023-01-29,-1.87,0.50,-0.036,0.120
2023-01-30,-1.93,0.31,-0.082,0.159
2023-01-31,-1.19,-1.42,-0.072,0.131
2023-02-01,-0.55,-2.57,-0.013,0.058
2023-02-02,-0.35,-3.99,0.050,-0.099
2023-02-03,0.91,-10.45,0.166,-0.210
2023-02-04,0.21,-5.94,0.106,-0.136
2023-02-05,-0.05,-2.95,0.022,-0.036
2023-02-06,-0.50,-1.76,-0.039,0.050
2023-02-07,-1.39,2.51,-0.069,0.154
2023-02-08,-1.24,-2.24,-0.055,0.120
2023-02-09,-0.34,-4.82,-0.004,-0.009
2023-02-10,0.00,-4.60,0.040,-0.090
2023-02-11,1.83,-10.39,0.179,-0.230
2023-02-12,-0.12,-3.57,0.039,-0.079
2023-02-13,-1.40,2.87,-0.064,0.084
2023-02-14,-1.04,3.19,-0.108,0.158
2023-02-15,-0.77,-1.46,-0.120,0.191
2023-02-16,-1.36,1.88,-0.112,0.225
2023-02-17,0.92,-10.52,0.110,-0.121
2023-02-18,0.75,-7.12,0.130,-0.173
2023-02-19,0.59,-3.36,0.061,-0.075
2023-02-20,-2.31,0.45,-0.002,0.001
2023-02-21,-1.73,2.39,-0.084,0.150
2023-02-22,-1.11,2.17,-0.070,0.155
2023-02-23,-1.33,2.13,-0.052,0.139
2023-02-24,-2.11,-0.30,-0.092,0.162
2023-02-25,-1.18,-2.43,-0.106,0.124
2023-02-26,-1.88,0.10,-0.033,0.127
2023-02-27,-1.77,2.11,-0.038,0.125
2023-02-28,-1.76,0.31,-0.062,0.140
2023-03-01,-1.62,1.56,-0.033,0.171
2023-03-02,-1.35,2.76,-0.053,0.178
2023-03-03,-0.38,-5.43,0.003,0.084
2023-03-04,-1.00,-3.74,0.063,-0.090
2023-03-05,-0.92,-2.16,-0.005,0.002
2023-03-06,-2.09,0.04,0.022,0.022
2023-03-07,-2.05,0.51,-0.007,0.076
2023-03-08,-1.96,-0.49,0.001,0.068
2023-03-09,-1.60,-1.04,0.005,0.012
2023-03-10,-1.20,-1.54,-0.054,0.019
2023-03-11,-2.66,-0.14,-0.085,0.097
2023-03-12,-1.19,2.06,-0.027,0.152
2023-03-13,-0.73,-3.41,0.005,0.056
2023-03-14,-1.06,-4.27,0.026,-0.085
2023-03-15,-0.75,-3.87,0.010,-0.083
2023-03-16,-1.84,1.97,0.039,-0.055
2023-03-17,-3.65,-0.58,0.017,0.032
2023-03-18,0.65,-7.45,0.118,-0.194
2023-03-19,1.37,-7.03,0.126,-0.157
2023-03-20,0.24,-3.45,0.068,-0.072
2023-03-21,-1.90,2.43,0.041,0.021
2023-03-22,-1.88,1.47,0.007,0.040
2023-03-23,-1.89,1.64,0.031,0.077
2023-03-24,-1.51,1.87,0.013,0.084
2023-03-25,-2.01,1.35,0.017,0.101
2023-03-26,-1.19,-1.77,-0.094,0.048
2023-03-27,-1.85,-1.02,0.011,0.092
2023-03-28,-0.76,-2.82,-0.049,-0.011
2023-03-29,-0.98,-5.06,0.026,-0.130
2023-03-30,-2.32,-2.24,0.014,-0.048
2023-03-31,-2.33,1.95,0.012,0.082
2023-04-01,-0.98,-2.43,0.020,-0.005
2023-04-02,-2.12,-1.23,-0.031,0.028
2023-04-03,-2.19,1.53,-0.034,0.109
2023-04-04,-1.92,2.06,-0.032,0.165
2023-04-05,-1.87,1.75,-0.049,0.188
2023-04-06,-1.24,-2.55,-0.052,0.087
2023-04-07,-1.07,-4.63,0.029,-0.060
2023-04-08,-0.38,-5.49,0.060,-0.142
2023-04-09,-0.77,-4.34,0.063,-0.118
2023-04-10,-0.56,-3.97,0.034,-0.071
2023-04-11,-0.66,-4.19,0.020,-0.065
2023-04-12,-0.58,-4.76,0.046,-0.085
2023-04-13,-2.66,0.81,0.030,-0.027
2023-04-14,-1.33,1.84,0.027,0.068
2023-04-15,-1.56,-2.23,0.074,-0.024
2023-04-16,-0.34,-3.23,0.055,-0.093
2023-04-17,-0.63,-4.46,0.050,-0.105
2023-04-18,-2.41,1.95,0.018,-0.008
2023-04-19,-1.20,-1.92,0.014,0.019
2023-04-20,-1.62,-1.18,-0.008,0.046
2023-04-21,-1.31,-2.36,0.040,-0.012
2023-04-22,-0.76,-3.30,0.042,-0.123
2023-04-23,-1.84,1.29,0.035,0.004
2023-04-24,-0.90,-7.33,0.059,-0.069
2023-04-25,-1.17,-2.20,0.044,-0.088
2023-04-26,-1.69,-0.68,0.091,-0.078
2023-04-27,-1.95,-1.27,0.069,-0.047
2023-04-28,-1.28,-2.05,0.035,-0.099
2023-04-29,0.42,-6.01,0.090,-0.054
2023-04-30,-0.39,-4.48,0.069,-0.098
2023-05-01,-1.94,2.31,-0.015,0.008
2023-05-02,-1.63,-1.75,-0.014,0.054
2023-05-03,-0.93,-3.75,0.002,-0.016
2023-05-04,-1.11,-2.49,0.000,-0.009
2023-05-05,-1.86,-1.30,0.002,0.004
2023-05-06,-1.85,-0.53,-0.030,0.018
2023-05-07,-1.90,-0.17,-0.013,0.095
2023-05-08,-2.16,-0.58,-0.050,0.104
2023-05-09,-2.04,-1.08,-0.035,0.090
2023-05-10,-2.47,0.48,-0.064,0.120
2023-05-11,-2.23,-0.60,-0.026,0.129
2023-05-12,-2.02,0.39,-0.097,0.153
2023-05-13,-1.89,1.38,-0.029,0.124
2023-05-14,-0.61,-3.45,-0.020,0.061
2023-05-15,-0.39,-3.73,0.029,-0.078
2023-05-16,-0.42,-2.98,0.043,-0.093
2023-05-17,-2.02,-0.11,0.044,-0.073
2023-05-18,-1.68,-0.93,0.007,-0.000
2023-05-19,-1.11,-1.53,-0.002,-0.029
2023-05-20,-1.10,-2.26,-0.086,0.055
2023-05-21,-1.02,-5.25,-0.014,-0.047
2023-05-22,-1.11,-2.49,-0.014,-0.014
2023-05-23,-1.25,-1.93,-0.004,0.014
2023-05-24,-1.88,-0.30,-0.024,0.055
2023-05-25,-1.54,-1.43,-0.052,0.083
2023-05-26,-1.01,-2.07,-0.032,0.068
2023-05-27,-0.91,-2.15,-0.037,0.016
2023-05-28,-2.39,0.21,-0.042,0.081
2023-05-29,-2.30,-0.32,-0.035,0.075
2023-05-30,-2.00,-0.54,-0.052,0.119
2023-05-31,-1.98,-0.96,-0.051,0.095
2023-06-01,-1.99,0.57,-0.038,0.094
2023-06-02,-1.58,-1.53,-0.052,0.094
2023-06-03,-1.82,-0.66,-0.066,0.064
2023-06-04,-2.05,-0.04,-0.029,0.109
2023-06-05,-1.74,-0.47,0.000,0.075
2023-06-06,-1.61,-0.65,0.004,0.052
2023-06-07,-1.76,0.34,0.001,0.085
2023-06-08,-1.81,0.22,-0.020,0.149
2023-06-09,-1.63,-0.79,-0.032,0.134
2023-06-10,-2.04,1.18,-0.039,0.156
2023-06-11,-1.95,0.41,-0.049,0.189
2023-06-12,-1.53,-1.15,-0.060,0.143
2023-06-13,-2.24,-0.00,-0.111,0.171
2023-06-14,-2.01,1.75,-0.092,0.225
2023-06-15,-1.92,1.99,-0.071,0.253
2023-06-16,-1.99,1.56,-0.105,0.250
2023-06-17,-2.15,-0.15,-0.108,0.217
2023-06-18,-1.83,0.16,-0.106,0.179
2023-06-19,-2.22,1.44,-0.106,0.231
2023-06-20,-1.99,1.34,-0.094,0.219
2023-06-21,-1.97,1.38,-0.111,0.241
2023-06-22,-2.21,1.33,-0.099,0.229
2023-06-23,-1.81,-1.00,-0.125,0.229
2023-06-24,-1.41,-1.94,-0.158,0.190
2023-06-25,-0.45,-2.54,-0.090,0.058
2023-06-26,1.93,-0.74,-0.051,0.089
2023-06-27,-1.79,-0.65,-0.106,0.145
2023-06-28,-1.83,-0.59,-0.114,0.121
2023-06-29,-0.25,-2.40,-0.056,0.065
2023-06-30,-1.59,0.40,-0.081,0.151
2023-07-01,-1.26,1.14,-0.074,0.150
2023-07-02,-1.41,1.32,-0.071,0.169
2023-07-03,-1.89,1.43,-0.074,0.228
2023-07-04,-1.76,-1.43,-0.147,0.253
2023-07-05,-1.63,-0.76,-0.113,0.208
2023-07-06,-0.19,1.51,-0.098,0.172
2023-07-07,-1.56,0.73,-0.124,0.232
2023-07-08,-1.77,-0.47,-0.094,0.153
2023-07-09,-1.13,-1.56,-0.086,0.151
2023-07-10,-1.43,1.34,-0.053,0.124
2023-07-11,-1.80,-0.16,-0.095,0.184
2023-07-12,-1.25,1.85,-0.072,0.192
2023-07-13,-1.74,1.22,-0.125,0.261
2023-07-14,-1.34,1.92,-0.109,0.255
2023-07-15,-1.51,1.57,-0.130,0.276
2023-07-16,-2.21,0.35,-0.160,0.294
2023-07-17,-1.55,1.60,-0.118,0.222
2023-07-18,-2.01,-1.36,-0.161,0.230
2023-07-19,-2.06,-0.75,-0.138,0.195
2023-07-20,-1.87,-0.95,-0.083,0.132
2023-07-21,-0.88,1.97,-0.047,0.130
2023-07-22,-1.94,0.27,-0.084,0.167
2023-07-23,-0.89,-1.82,-0.094,0.115
2023-07-24,0.00,-2.30,-0.110,0.063
2023-07-25,-0.74,-2.96,-0.027,-0.012
2023-07-26,0.00,-2.20,0.010,-0.024
2023-07-27,-0.37,-2.34,-0.042,-0.004
2023-07-28,0.81,-2.22,-0.007,0.013
2023-07-29,0.00,-3.10,-0.061,0.015
2023-07-30,-0.11,-3.13,-0.020,-0.024
2023-07-31,-0.49,-2.51,0.021,-0.051
2023-08-01,-0.32,-2.64,0.014,-0.058
2023-08-02,0.35,-2.50,0.007,-0.030
2023-08-03,-1.05,1.90,0.019,0.074
2023-08-04,-0.78,2.28,-0.025,0.121
2023-08-05,-1.00,-1.43,-0.094,0.174
2023-08-06,-0.90,1.50,-0.090,0.151
2023-08-07,-1.06,1.52,-0.048,0.162
2023-08-08,-0.98,1.92,-0.105,0.234
2023-08-09,-1.18,1.96,-0.094,0.223
2023-08-10,-1.19,2.14,-0.063,0.241
2023-08-11,-1.93,0.66,-0.093,0.222
2023-08-12,0.13,1.82,-0.059,0.136
2023-08-13,-1.82,-0.10,-0.101,0.150
2023-08-14,-0.40,-2.26,-0.091,0.095
2023-08-15,0.10,-2.84,-0.117,0.069
2023-08-16,0.05,-2.86,-0.062,-0.017
2023-08-17,-1.69,0.94,-0.035,0.012
2023-08-18,-0.87,1.57,-0.015,0.072
2023-08-19,-1.06,1.10,-0.039,0.131
2023-08-20,-0.13,-2.50,-0.099,0.066
2023-08-21,-0.48,-3.39,-0.052,0.011
2023-08-22,-0.59,-3.04,0.003,-0.065
2023-08-23,-0.69,-2.98,0.028,-0.052
2023-08-24,-0.15,-4.36,0.049,-0.112
2023-08-25,-0.07,-3.80,0.139,-0.128
2023-08-26,-0.05,-2.85,0.187,-0.232
2023-08-27,0.00,-2.77,0.112,-0.147
2023-08-28,-0.26,-2.96,0.161,-0.084
2023-08-29,-0.48,1.94,0.197,-0.064
2023-08-30,-0.43,-2.21,0.160,-0.044
2023-08-31,-0.08,-2.31,0.060,-0.062
2023-09-01,-1.75,-0.54,0.139,-0.060
2023-09-02,0.58,-2.31,0.114,-0.083
2023-09-03,-1.16,1.72,0.080,-0.004
2023-09-04,-1.24,2.33,0.087,0.033
2023-09-05,-0.80,2.47,0.034,0.100
2023-09-06,-1.83,1.28,-0.038,0.157
2023-09-07,-1.79,0.69,-0.057,0.162
2023-09-08,-1.62,0.62,-0.036,0.154
2023-09-09,-1.41,-1.51,-0.066,0.120
2023-09-10,-0.61,-3.14,-0.089,0.010
2023-09-11,-2.24,0.48,-0.014,0.049
2023-09-12,-1.64,1.28,-0.031,0.120
2023-09-13,-1.86,0.68,-0.040,0.143
2023-09-14,-1.59,1.20,-0.072,0.201
2023-09-15,-1.51,1.36,-0.064,0.222
2023-09-16,-1.44,1.49,-0.067,0.223
2023-09-17,-1.19,-1.77,-0.125,0.229
2023-09-18,-0.15,-2.78,-0.150,0.147
2023-09-19,-1.07,-1.70,-0.076,0.069
2023-09-20,-1.19,2.05,-0.030,0.138
2023-09-21,-2.00,0.46,-0.043,0.168
2023-09-22,-1.64,-0.53,-0.114,0.186
2023-09-23,-1.77,0.38,-0.076,0.168
2023-09-24,-2.00,1.02,-0.062,0.201
2023-09-25,-1.03,-1.86,-0.102,0.228
2023-09-26,-0.38,-3.12,-0.152,0.095
2023-09-27,-0.46,-2.89,-0.026,0.041
2023-09-28,-0.83,-2.17,-0.018,0.019
2023-09-29,1.52,-2.25,0.028,-0.035
2023-09-30,0.28,-2.65,0.044,-0.036
2023-10-01,-0.43,-2.75,0.073,-0.076
2023-10-02,-0.74,-1.93,0.116,-0.091
2023-10-03,-1.73,0.27,0.153,-0.081
2023-10-04,-1.54,1.16,0.158,-0.041
2023-10-05,-0.96,-1.96,0.133,-0.076
2023-10-06,-1.08,-3.78,0.073,-0.117
2023-10-07,0.21,-4.04,0.076,-0.148
2023-10-08,-0.10,-2.89,0.060,-0.086
2023-10-09,1.29,-5.57,0.066,-0.084
2023-10-10,-0.47,-2.40,0.070,-0.021
2023-10-11,-0.66,-2.32,0.110,-0.031
2023-10-12,-1.19,-2.06,-0.004,-0.023
2023-10-13,-1.74,1.01,0.029,0.152
2023-10-14,-1.05,-4.23,-0.087,0.032
2023-10-15,1.40,-6.05,0.099,-0.153
2023-10-16,1.73,-7.49,0.114,-0.130
2023-10-17,0.84,-6.83,0.115,-0.144
2023-10-18,0.60,-3.07,0.049,-0.056
2023-10-19,-0.69,-1.63,-0.022,0.051
2023-10-20,-0.95,-1.79,-0.015,0.052
2023-10-21,-1.34,1.98,-0.008,0.117
2023-10-22,-1.18,2.77,-0.038,0.174
2023-10-23,-1.68,2.00,-0.060,0.210
2023-10-24,-1.71,1.49,-0.086,0.210
2023-10-25,-0.52,2.10,-0.045,0.177
2023-10-26,-0.87,2.05,-0.031,0.157
2023-10-27,-0.07,-2.09,-0.035,0.123
2023-10-28,-0.51,-3.59,-0.021,-0.027
2023-10-29,-0.46,-1.83,0.059,-0.036
2023-10-30,0.22,-4.19,0.125,-0.145
2023-10-31,1.92,-9.88,0.160,-0.248
2023-11-01,1.26,-7.17,0.148,-0.176
2023-11-02,1.03,-3.85,0.065,-0.065
2023-11-03,0.29,-3.35,0.029,-0.017
2023-11-04,0.94,-4.86,0.057,-0.045
2023-11-05,0.59,-4.77,0.055,-0.076
2023-11-06,-0.41,-2.56,0.033,-0.049
2023-11-07,-1.67,0.58,-0.001,0.080
2023-11-08,-1.61,1.45,0.005,0.126
2023-11-09,-1.03,2.01,-0.024,0.173
2023-11-10,-1.21,-1.44,-0.062,0.130
2023-11-11,-0.35,-3.99,-0.032,-0.032
2023-11-12,0.21,-3.97,0.072,-0.148
2023-11-13,0.00,-5.63,0.091,-0.123
2023-11-14,0.52,-5.98,0.083,-0.108
2023-11-15,0.55,-6.29,0.081,-0.085
2023-11-16,0.37,-5.35,0.084,-0.098
2023-11-17,-0.10,-2.82,0.052,-0.063
2023-11-18,-0.37,-2.32,0.012,-0.021
2023-11-19,-1.86,1.61,-0.004,0.025
2023-11-20,-1.09,3.16,-0.040,0.135
2023-11-21,0.56,-5.31,0.061,0.016
2023-11-22,1.82,-8.58,0.149,-0.183
2023-11-23,0.73,-3.76,0.075,-0.080
2023-11-24,-0.24,-1.92,0.035,-0.024
2023-11-25,-0.21,-2.02,-0.014,-0.005
2023-11-26,-2.17,-0.83,-0.012,0.058
2023-11-27,0.47,-6.78,0.091,-0.127
2023-11-28,0.59,-4.23,0.087,-0.097
2023-11-29,0.68,-3.22,0.038,-0.032
2023-11-30,-0.83,2.41,-0.058,0.129
2023-12-01,-0.50,2.58,-0.059,0.169
2023-12-02,-0.99,-2.58,-0.014,0.076
2023-12-03,0.20,-5.87,0.060,-0.127
2023-12-04,0.43,-6.09,0.078,-0.139
2023-12-05,0.79,-6.42,0.054,-0.081
2023-12-06,1.11,-5.72,0.059,-0.076
2023-12-07,0.21,-2.43,-0.016,-0.056
2023-12-08,-0.09,2.62,-0.113,0.108
2023-12-09,-0.04,2.14,-0.071,0.123
2023-12-10,1.88,-5.77,0.015,-0.025
2023-12-11,1.95,-4.59,0.105,-0.127
2023-12-12,0.49,-2.10,0.039,-0.074
2023-12-13,0.13,-2.46,-0.079,-0.069
2023-12-14,0.30,-3.39,-0.053,-0.007
2023-12-15,0.40,-3.78,0.046,-0.050
2023-12-16,1.14,-6.49,0.097,-0.108
2023-12-17,0.22,-6.24,0.080,-0.117
2023-12-18,0.25,-2.84,0.055,-0.049
2023-12-19,-0.22,-2.54,0.049,-0.079
2023-12-20,1.57,-1.80,0.000,-0.012
2023-12-21,-1.69,-0.98,0.006,0.028
2023-12-22,-0.65,-1.79,0.033,-0.019
2023-12-23,-1.00,2.06,0.028,-0.009
2023-12-24,0.08,2.34,-0.029,0.099
2023-12-25,-0.43,-2.72,-0.019,0.051
2023-12-26,-0.39,-2.78,0.019,-0.024
2023-12-27,0.34,-1.93,0.014,-0.029
2023-12-28,0.19,-5.31,0.072,-0.148
2023-12-29,-0.32,-6.02,0.062,-0.072
2023-12-30,0.00,-4.87,0.047,-0.066
2023-12-31,-0.41,2.60,-0.057,0.109
2024-01-01,-0.26,2.45,-0.087,0.162
2024-01-02,-1.51,0.67,-0.093,0.176
2024-01-03,0.82,-3.07,-0.040,0.119
2024-01-04,-0.54,-4.38,0.083,-0.113
2024-01-05,-0.36,2.55,0.013,-0.001
2024-01-06,-0.28,-4.00,0.036,-0.098
2024-01-07,-1.07,-3.74,-0.014,-0.083
2024-01-08,-0.15,2.92,-0.042,0.106
2024-01-09,0.24,-6.85,0.044,0.009
2024-01-10,2.07,3.07,0.006,0.005
2024-01-11,0.10,2.90,-0.075,0.156
2024-01-12,-0.78,-3.38,0.001,0.113
2024-01-13,-0.09,-5.22,0.054,-0.076
2024-01-14,0.00,-1.84,-0.073,0.092
2024-01-15,-0.89,2.01,-0.023,0.107
2024-01-16,0.39,-7.45,0.033,-0.053
2024-01-17,0.61,-6.93,0.107,-0.131
2024-01-18,-1.44,-1.16,0.026,-0.011
2024-01-19,0.40,-2.54,0.039,0.007
2024-01-20,1.00,-5.12,0.055,-0.097
2024-01-21,0.87,-3.26,0.079,-0.095
2024-01-22,-1.59,-1.03,-0.010,-0.014
2024-01-23,-0.75,1.55,-0.005,0.093
2024-01-24,-0.90,2.03,-0.070,0.196
2024-01-25,-0.51,-2.19,-0.069,0.094
2024-01-26,-1.65,-2.27,0.012,-0.014
2024-01-27,0.13,-3.78,-0.003,0.030
2024-01-28,0.98,-9.36,0.129,-0.179
2024-01-29,0.50,-5.70,0.079,-0.108
2024-01-30,0.22,-2.46,0.046,-0.072
2024-01-31,-0.32,-2.01,-0.059,0.036
2024-02-01,-1.86,0.03,-0.076,0.136
2024-02-02,-0.45,3.17,-0.082,0.201
2024-02-03,-0.39,2.19,-0.095,0.215
2024-02-04,-0.31,-2.92,-0.076,0.142
2024-02-05,-0.84,-6.00,-0.026,0.017
2024-02-06,0.41,-5.89,0.070,-0.099
2024-02-07,-1.98,1.44,-0.015,0.025
2024-02-08,-0.81,3.23,-0.111,0.178
2024-02-09,-2.17,-0.27,-0.094,0.161
2024-02-10,-1.78,1.66,-0.087,0.164
2024-02-11,0.18,2.57,-0.033,0.120
2024-02-12,0.38,-7.16,0.061,-0.084
2024-02-13,-0.43,-3.49,0.032,-0.086
2024-02-14,-0.92,2.68,-0.041,0.074
2024-02-15,-2.13,-0.04,-0.024,0.068
2024-02-16,-1.65,0.54,-0.006,0.057
2024-02-17,-0.37,-2.32,-0.037,0.006
2024-02-18,1.10,-8.96,0.143,-0.198
2024-02-19,0.91,-3.18,0.051,-0.049
2024-02-20,-1.89,0.88,-0.020,0.041
2024-02-21,-2.10,1.03,-0.073,0.140
2024-02-22,-0.85,2.98,-0.105,0.198
2024-02-23,-0.55,-3.13,-0.046,0.111
2024-02-24,-1.14,-5.86,0.050,-0.086
2024-02-25,-2.54,0.97,-0.076,0.114
2024-02-26,-1.53,2.10,-0.101,0.178
2024-02-27,-1.22,3.02,-0.111,0.198
2024-02-28,-1.48,2.11,-0.123,0.219
2024-02-29,-0.82,-5.15,-0.051,0.038
2024-03-01,-1.10,-2.26,-0.018,0.014
2024-03-02,-1.33,-2.41,-0.102,0.062
2024-03-03,-1.62,1.32,-0.028,0.092
2024-03-04,-1.73,-1.21,-0.066,0.158
2024-03-05,-1.01,-2.50,-0.106,0.109
2024-03-06,-1.37,-2.28,-0.088,0.055
2024-03-07,-2.03,1.27,-0.097,0.148
2024-03-08,-0.95,2.92,-0.031,0.187
2024-03-09,-0.31,-3.50,-0.038,0.036
2024-03-10,0.15,-8.83,0.108,-0.171
2024-03-11,-0.54,-3.44,0.056,-0.101
2024-03-12,-2.33,0.16,0.013,-0.035
2024-03-13,-1.96,0.64,-0.043,0.092
2024-03-14,-1.88,2.16,-0.044,0.155
2024-03-15,-1.35,-2.08,-0.002,0.078
2024-03-16,-0.76,-2.83,-0.047,0.044
2024-03-17,-1.94,-0.67,-0.060,0.079
2024-03-18,-1.16,-3.79,-0.028,-0.005
2024-03-19,-0.57,-6.47,0.053,-0.120
2024-03-20,-1.36,-2.27,0.047,-0.115
2024-03-21,-1.44,2.14,-0.007,0.006
2024-03-22,-0.92,-4.74,0.026,-0.008
2024-03-23,-1.44,-3.56,0.027,-0.082
2024-03-24,-1.83,2.71,-0.061,0.071
2024-03-25,-0.23,3.28,-0.052,0.153
2024-03-26,-1.68,-5.87,0.051,0.024
2024-03-27,-1.06,-3.68,0.060,-0.097
2024-03-28,-1.08,-6.83,0.081,-0.130
2024-03-29,-2.53,1.35,-0.009,-0.009
2024-03-30,-2.11,1.71,-0.074,0.146
2024-03-31,-2.04,1.00,-0.043,0.126
2024-04-01,-1.52,2.25,-0.016,0.144
2024-04-02,-1.76,2.82,-0.035,0.162
2024-04-03,0.26,-7.36,0.069,-0.099
2024-04-04,-1.57,-2.61,-0.016,-0.017
2024-04-05,-2.42,0.69,-0.032,0.046
2024-04-06,-1.87,1.69,-0.022,0.063
2024-04-07,-2.61,0.75,-0.073,0.152
2024-04-08,-1.97,0.92,-0.028,0.109
2024-04-09,-1.41,2.26,-0.028,0.140
2024-04-10,-0.55,-5.24,-0.023,0.121
2024-04-11,-0.60,-3.78,0.026,-0.044
2024-04-12,-1.80,-1.80,-0.053,0.041
2024-04-13,-2.09,-1.16,-0.039,0.041
2024-04-14,-2.16,1.57,-0.040,0.077
2024-04-15,-2.04,1.97,-0.071,0.154
2024-04-16,-1.69,2.24,-0.070,0.156
2024-04-17,-1.99,-0.50,-0.043,0.111
2024-04-18,-1.16,-1.72,-0.064,0.096
2024-04-19,-1.58,-1.47,-0.092,0.125
2024-04-20,-2.31,0.04,-0.064,0.110
2024-04-21,-1.20,-3.92,-0.003,0.027
2024-04-22,0.00,-6.56,0.057,-0.156
2024-04-23,-1.39,-2.41,,
2024-04-24,-1.54,-1.49,0.047,-0.071
2024-04-25,-2.09,0.22,0.017,0.018
2024-04-26,-1.79,2.46,-0.033,0.127
2024-04-27,-2.11,1.37,-0.016,0.149
2024-04-28,-2.01,1.26,-0.018,0.124
2024-04-29,-1.50,-1.50,-0.043,0.069
2024-04-30,-0.84,-2.60,-0.061,0.015
2024-05-01,-2.06,0.71,-0.047,0.105
2024-05-02,-1.63,1.88,-0.017,0.153
2024-05-03,-2.76,0.54,-0.033,0.174
2024-05-04,-2.24,0.20,-0.066,0.157
2024-05-05,-2.18,0.63,-0.045,0.131
2024-05-06,-1.65,-1.16,-0.069,0.129
2024-05-07,-2.37,1.21,-0.072,0.173
2024-05-08,-1.58,2.62,-0.075,0.188
2024-05-09,-1.39,3.29,-0.034,0.204
2024-05-10,-1.11,3.21,-0.012,0.179
2024-05-11,-1.00,-2.37,-0.053,0.101
2024-05-12,-1.86,1.40,-0.042,0.101
2024-05-13,-2.08,1.30,-0.059,0.106
2024-05-14,-3.07,-2.23,-0.005,0.073
2024-05-15,-1.41,-2.54,-0.030,-0.048
2024-05-16,-1.46,2.74,-0.016,0.104
2024-05-17,-1.30,3.39,-0.079,0.177
2024-05-18,-2.78,-0.96,-0.058,0.136
2024-05-19,-1.38,-2.60,-0.011,-0.039
2024-05-20,-2.44,1.47,-0.044,0.051
2024-05-21,-2.25,1.40,-0.018,0.114
2024-05-22,-2.34,1.09,-0.078,0.188
2024-05-23,-2.39,1.27,-0.067,0.153
2024-05-24,-2.05,1.72,-0.033,0.185
2024-05-25,-2.39,0.97,-0.052,0.196
2024-05-26,-2.15,2.08,-0.066,0.197
2024-05-27,-2.21,1.86,-0.020,0.180
2024-05-28,-1.52,-1.95,-0.081,0.096
2024-05-29,-1.70,-1.76,-0.082,0.103
2024-05-30,-2.31,0.89,-0.078,0.141
2024-05-31,-2.55,1.47,-0.084,0.212
2024-06-01,-2.78,1.35,-0.084,0.229
2024-06-02,-2.13,1.49,-0.070,0.194
2024-06-03,-2.15,2.30,-0.066,0.220
2024-06-04,-2.18,2.69,-0.067,0.235
2024-06-05,-2.35,2.20,,
2024-06-06,-2.40,0.60,,
2024-06-07,-0.85,-2.95,,
2024-06-08,-1.70,-1.64,,
2024-06-09,-2.39,0.78,-0.092,0.167
2024-06-10,-2.22,0.27,-0.100,0.219
2024-06-11,-1.34,-1.72,-0.136,0.182
2024-06-12,-1.69,-1.18,-0.126,0.082
2024-06-13,-1.08,-2.04,-0.069,0.087
2024-06-14,-1.15,-2.58,-0.050,0.052
2024-06-15,-0.86,-4.41,-0.030,-0.048
2024-06-16,-0.89,-5.05,0.060,-0.132
2024-06-17,-0.84,-5.27,0.055,-0.139
2024-06-18,-1.11,-2.89,0.066,-0.106
2024-06-19,0.25,2.36,0.093,-0.127
2024-06-20,-1.41,2.34,0.096,-0.106
2024-06-21,0.31,-4.46,0.083,-0.134
2024-06-22,0.55,-3.12,0.088,-0.124
2024-06-23,0.88,2.30,0.077,-0.088
2024-06-24,-1.72,1.04,0.018,0.071
2024-06-25,-1.51,-0.11,0.016,0.082
2024-06-26,-1.37,1.58,0.025,0.056
2024-06-27,-1.27,1.36,0.018,0.096
2024-06-28,-0.10,1.95,0.015,0.140
2024-06-29,-0.91,-2.51,-0.016,0.083
2024-06-30,-0.29,-3.35,0.012,-0.057
2024-07-01,0.31,1.98,-0.110,0.139
2024-07-02,-1.15,1.92,-0.100,0.188
2024-07-03,1.07,1.19,-0.048,0.193
2024-07-04,-1.21,1.54,-0.087,0.220
2024-07-05,-1.58,-0.92,-0.089,0.204
2024-07-06,-0.39,-2.49,-0.143,0.179
2024-07-07,-1.46,2.01,-0.171,0.269
2024-07-08,-1.86,1.45,-0.128,0.290
2024-07-09,-1.12,-2.10,-0.143,0.204
2024-07-10,0.61,-2.62,-0.114,0.095
2024-07-11,0.91,-2.25,-0.040,0.088
2024-07-12,-1.64,-0.70,-0.100,0.162
2024-07-13,-1.61,-1.45,-0.088,0.133
2024-07-14,-0.85,-2.10,-0.124,0.138
2024-07-15,-0.42,-1.98,-0.131,0.133
2024-07-16,-1.97,0.17,-0.094,0.184
2024-07-17,-1.48,1.43,-0.081,0.215
2024-07-18,-0.69,-1.54,-0.112,0.210
2024-07-19,0.62,-2.69,-0.129,0.086
2024-07-20,-0.58,-2.50,-0.103,0.112
2024-07-21,0.53,-1.98,-0.104,0.151
2024-07-22,0.19,-2.21,-0.151,0.112
2024-07-23,-0.74,-2.77,-0.086,0.092
2024-07-24,-0.79,-1.63,-0.043,0.072
2024-07-25,-0.66,-1.81,-0.115,0.094
2024-07-26,-1.56,-0.83,-0.107,0.078
2024-07-27,-1.58,1.15,-0.034,0.132
2024-07-28,-1.04,1.54,-0.082,0.208
2024-07-29,-1.35,-2.25,-0.207,0.208
2024-07-30,-0.04,-2.18,-0.061,0.106
2024-07-31,-2.17,0.66,-0.128,0.225
2024-08-01,1.46,0.45,-0.135,0.255
2024-08-02,-0.16,-2.31,-0.157,0.110
2024-08-03,-0.47,-2.69,-0.146,0.119
2024-08-04,-1.67,-0.71,-0.098,0.118
2024-08-05,-1.54,-1.00,-0.084,0.108
2024-08-06,-0.35,-1.83,-0.088,0.113
2024-08-07,-1.76,0.64,-0.089,0.162
2024-08-08,-1.55,1.34,-0.069,0.171
2024-08-09,0.21,-1.98,-0.080,0.171
2024-08-10,0.00,-2.89,-0.153,0.103
2024-08-11,1.13,-1.56,-0.086,0.038
2024-08-12,-0.67,1.44,-0.038,0.108
2024-08-13,-1.61,0.23,-0.103,0.146
2024-08-14,-0.22,-2.57,-0.134,0.099
2024-08-15,-0.53,-1.98,-0.093,0.067
2024-08-16,-1.71,-0.87,-0.052,0.092
2024-08-17,0.15,-2.19,-0.122,0.088
2024-08-18,-0.07,-2.08,-0.075,0.088
2024-08-19,-0.08,-2.31,-0.098,0.081
2024-08-20,0.00,-2.84,-0.058,0.056
2024-08-21,-0.32,-2.04,-0.006,-0.034
2024-08-22,-0.76,-1.87,0.014,-0.036
2024-08-23,-2.13,0.53,0.018,0.025
2024-08-24,-1.90,-0.13,-0.034,0.063
2024-08-25,-1.87,0.61,-0.057,0.115
2024-08-26,-0.22,-2.13,-0.109,0.090
2024-08-27,0.14,-1.57,-0.073,0.086
2024-08-28,1.68,0.97,-0.019,0.077
2024-08-29,-1.98,0.39,-0.045,0.135
2024-08-30,-0.27,1.91,-0.057,0.132
2024-08-31,-0.86,-1.55,-0.052,0.123
2024-09-01,-1.11,-2.08,-0.077,0.120
2024-09-02,-0.12,-2.23,-0.001,0.019
2024-09-03,-1.59,1.24,0.070,-0.009
2024-09-04,-1.47,-1.03,0.036,0.042
2024-09-05,-0.62,-2.04,-0.016,0.021
2024-09-06,-0.45,-3.66,0.024,-0.132
2024-09-07,1.07,-2.93,0.102,-0.191
2024-09-08,1.73,-2.56,0.066,-0.103
2024-09-09,0.58,-1.91,0.106,-0.026
2024-09-10,1.69,-1.69,0.104,-0.067
2024-09-11,-0.73,2.01,0.074,0.006
2024-09-12,-0.97,2.27,0.098,0.029
2024-09-13,-1.94,0.59,0.074,0.050
2024-09-14,-1.87,0.83,0.044,0.086
2024-09-15,-1.59,1.00,-0.010,0.140
2024-09-16,0.74,-2.02,-0.041,0.170
2024-09-17,-0.29,-2.38,-0.051,0.095
2024-09-18,-1.69,0.58,-0.085,0.177
2024-09-19,-1.78,0.79,-0.059,0.174
2024-09-20,-1.70,0.69,-0.066,0.195
2024-09-21,-1.46,1.46,-0.023,0.145
2024-09-22,-0.29,-1.82,-0.015,0.059
2024-09-23,0.38,-1.77,0.013,-0.006
2024-09-24,0.37,1.37,0.072,0.029
2024-09-25,0.49,-2.10,0.079,-0.015
2024-09-26,0.57,-1.48,0.073,-0.083
2024-09-27,-0.35,-2.47,0.023,-0.070
2024-09-28,0.52,-2.68,0.041,-0.093
2024-09-29,0.57,-6.49,0.066,-0.112
2024-09-30,0.20,-3.74,0.016,0.003
2024-10-01,0.00,-4.81,0.055,-0.050
2024-10-02,1.65,-5.40,0.076,-0.082
2024-10-03,1.66,-3.25,0.006,0.006
2024-10-04,0.62,1.62,-0.043,0.123
2024-10-05,2.22,-0.60,0.021,0.002
2024-10-06,1.54,1.54,0.093,-0.004
2024-10-07,0.81,-2.64,0.071,-0.076
2024-10-08,1.29,-5.17,0.029,-0.027
2024-10-09,0.24,-4.50,0.045,-0.040
2024-10-10,0.82,-3.28,0.007,-0.021
2024-10-11,0.09,-4.88,0.048,-0.076
2024-10-12,0.16,-4.63,0.055,-0.080
2024-10-13,0.12,-3.42,0.019,-0.044
2024-10-14,-0.31,-3.49,0.009,-0.025
2024-10-15,0.11,-3.10,0.012,-0.042
2024-10-16,0.44,-4.16,-0.015,-0.030
2024-10-17,-0.13,-7.43,0.078,-0.099
2024-10-18,0.21,-5.94,0.050,-0.099
2024-10-19,0.61,-5.83,0.077,-0.089
2024-10-20,0.75,-7.12,0.111,-0.125
2024-10-21,-1.13,-5.30,0.046,-0.090
2024-10-22,-0.18,-5.20,0.070,-0.105
2024-10-23,-0.13,-3.86,0.066,-0.080
2024-10-24,-0.09,-2.45,0.052,-0.024
2024-10-25,0.37,-1.88,0.040,-0.044
2024-10-26,-0.14,-4.07,0.002,-0.079
2024-10-27,0.31,-4.43,0.058,-0.081
2024-10-28,0.07,-3.94,0.060,-0.072
2024-10-29,-0.96,-1.48,-0.018,-0.014
2024-10-30,-1.32,1.23,-0.031,0.082
2024-10-31,-1.16,-1.29,-0.036,0.135
2024-11-01,-0.73,-1.72,-0.021,0.111
2024-11-02,-1.59,-0.11,0.035,0.050
2024-11-03,-0.63,1.95,0.056,0.059
2024-11-04,-0.91,2.97,-0.008,0.151
2024-11-05,-1.36,2.17,0.056,0.136
2024-11-06,-0.51,-2.88,-0.017,-0.057
2024-11-07,-1.21,-1.39,-0.043,0.051
2024-11-08,-1.40,-0.10,0.160,-0.037
2024-11-09,-0.59,-2.19,0.150,-0.082
2024-11-10,0.00,-2.36,0.071,-0.110
2024-11-11,-0.34,-3.24,0.127,-0.224
2024-11-12,-0.43,-2.42,0.045,-0.173
2024-11-13,-1.73,0.92,-0.011,-0.053
2024-11-14,-0.56,-4.56,0.018,-0.104
2024-11-15,-0.29,-4.21,0.005,-0.078
2024-11-16,-0.97,-1.82,-0.032,0.017
2024-11-17,-1.00,2.35,-0.042,0.129
2024-11-18,-1.10,2.07,-0.050,0.158
2024-11-19,-1.68,1.81,0.031,0.117
2024-11-20,-0.16,-4.67,0.043,-0.092
2024-11-21,1.27,-8.00,0.094,-0.130
2024-11-22,0.13,-3.74,0.042,-0.066
2024-11-23,2.46,-0.85,0.047,0.012
2024-11-24,-0.56,2.42,-0.002,0.099
2024-11-25,-0.00,2.84,0.011,0.118
2024-11-26,0.55,-2.38,0.032,0.045
2024-11-27,-0.78,2.54,-0.058,0.127
2024-11-28,-0.57,2.94,-0.072,0.216
2024-11-29,-0.34,-3.89,-0.031,0.067
2024-11-30,-0.14,-4.12,0.043,-0.089
2024-12-01,-0.94,-2.58,-0.027,0.011
2024-12-02,-0.52,-2.65,0.026,0.016
2024-12-03,-0.83,-2.56,0.012,0.024
2024-12-04,-1.81,1.37,0.007,0.088
2024-12-05,-1.80,1.45,0.018,0.120
2024-12-06,-1.70,-0.55,-0.043,0.150
2024-12-07,-1.21,-1.49,-0.035,0.107
2024-12-08,-1.53,1.64,0.022,0.047
2024-12-09,-1.10,2.07,0.042,0.036
2024-12-10,-0.64,2.40,0.008,0.105
2024-12-11,1.41,-7.99,0.094,-0.115
2024-12-12,-0.14,-4.06,0.005,-0.040
2024-12-13,-1.63,1.75,-0.051,0.111
2024-12-14,-1.35,0.72,-0.035,0.116
2024-12-15,-0.89,-0.96,-0.071,0.145
2024-12-16,-1.34,-0.93,0.021,0.021
2024-12-17,0.31,-2.49,0.043,-0.066
2024-12-18,-0.26,-3.02,-0.008,-0.076
2024-12-19,0.33,-3.17,0.003,-0.053
2024-12-20,-0.19,-3.65,0.052,-0.094
2024-12-21,0.68,-2.53,0.052,-0.037
2024-12-22,0.17,-1.99,0.045,-0.029
2024-12-23,-0.84,1.88,0.030,0.014
2024-12-24,-0.85,1.68,0.020,0.070
2024-12-25,-0.40,2.54,-0.015,0.127
2024-12-26,-1.00,2.14,0.003,0.145
2024-12-27,-0.34,2.12,0.022,0.100
2024-12-28,-0.74,2.14,0.016,0.104
2024-12-29,-0.40,-3.27,0.030,-0.011
2024-12-30,-2.66,-1.66,0.009,-0.015
2024-12-31,-1.01,2.27,-0.017,0.123
2025-01-01,-0.34,-3.19,0.007,0.037
2025-01-02,0.69,-2.57,-0.007,0.014
2025-01-03,-0.11,-3.07,-0.009,-0.014
2025-01-04,1.09,-1.81,0.009,0.012
2025-01-05,0.14,2.58,-0.004,0.136
2025-01-06,0.87,-4.11,0.020,0.071
2025-01-07,0.60,-5.72,0.070,-0.094
2025-01-08,0.31,-4.44,0.064,-0.064
2025-01-09,-1.45,-3.41,0.025,-0.006
2025-01-10,1.44,-4.72,-0.048,0.113
2025-01-11,1.67,-6.23,0.123,-0.149
2025-01-12,0.45,3.18,-0.001,0.045
2025-01-13,0.28,-5.36,0.065,-0.042
2025-01-14,0.29,-4.08,0.068,-0.089
2025-01-15,-0.24,-3.36,0.060,-0.043
2025-01-16,0.36,-6.93,0.126,-0.158
2025-01-17,-3.30,1.27,0.030,-0.028
2025-01-18,-0.55,2.81,-0.001,0.061
2025-01-19,0.44,-6.27,0.087,-0.109
2025-01-20,0.24,-4.65,0.092,-0.126
2025-01-21,0.80,-5.08,0.120,-0.138
2025-01-22,0.93,-5.29,0.139,-0.171
2025-01-23,-0.08,-2.40,0.067,-0.075
2025-01-24,0.83,-4.71,0.116,-0.154
2025-01-25,-1.79,-1.50,0.005,-0.016
2025-01-26,-1.30,2.45,-0.060,0.154
2025-01-27,-1.85,0.23,-0.050,0.142
2025-01-28,-1.50,1.26,-0.027,0.094
2025-01-29,-1.17,1.95,-0.023,0.090
2025-01-30,-0.83,1.87,0.005,0.086
2025-01-31,0.10,-5.69,0.049,-0.025
2025-02-01,0.28,-7.92,0.105,-0.128
2025-02-02,0.66,-3.73,0.070,-0.116
2025-02-03,-0.87,-1.95,0.024,-0.128
2025-02-04,-1.54,0.36,-0.045,0.059
2025-02-05,-1.49,0.76,-0.060,0.076
2025-02-06,-1.82,0.66,-0.007,0.103
2025-02-07,-1.60,-0.28,-0.064,0.145
2025-02-08,-1.58,0.91,-0.072,0.170
2025-02-09,-1.60,0.89,-0.062,0.185
2025-02-10,-0.76,-1.56,-0.103,0.180
2025-02-11,-1.39,1.25,-0.096,0.197
2025-02-12,-0.81,3.24,-0.091,0.256
2025-02-13,-0.93,-3.47,-0.027,0.118
2025-02-14,-0.13,-7.18,0.092,-0.137
2025-02-15,-1.66,2.37,-0.020,-0.017
2025-02-16,-0.43,-4.97,-0.031,0.031
2025-02-17,0.63,-7.25,0.098,-0.125
2025-02-18,-1.46,2.43,-0.004,0.015
2025-02-19,0.46,-3.78,-0.016,0.081
2025-02-20,1.19,-9.72,0.152,-0.191
2025-02-21,0.44,-6.27,0.110,-0.133
2025-02-22,-0.07,-4.08,0.078,-0.112
2025-02-23,-0.45,-3.18,0.039,-0.052
2025-02-24,-0.30,-5.81,0.056,-0.081
2025-02-25,-1.78,1.72,0.016,-0.015
2025-02-26,-1.06,2.50,-0.063,0.109
2025-02-27,-1.15,-2.84,-0.089,0.134
2025-02-28,-0.87,-4.93,-0.007,-0.002
2025-03-01,-1.51,-1.62,-0.010,-0.026
2025-03-02,-2.22,-0.51,-0.033,0.025
2025-03-03,-1.44,2.39,-0.075,0.147
2025-03-04,-0.40,3.24,-0.105,0.235
2025-03-05,-0.50,-7.12,0.037,0.008
2025-03-06,-2.09,-2.77,0.029,-0.040
2025-03-07,-0.76,3.06,-0.060,0.104
2025-03-08,-0.98,2.55,-0.038,0.145
2025-03-09,-0.13,-7.20,0.049,0.002
2025-03-10,-0.63,-6.02,0.092,-0.138
2025-03-11,-2.09,1.69,0.009,-0.002
2025-03-12,-1.73,1.79,-0.058,0.108
2025-03-13,-2.50,0.44,-0.073,0.139
2025-03-14,-1.18,2.42,-0.056,0.159
2025-03-15,-0.79,2.76,0.001,0.128
2025-03-16,-0.48,-6.90,0.051,-0.021
2025-03-17,-0.78,-4.93,0.016,-0.059
2025-03-18,-1.35,2.90,-0.063,0.100
2025-03-19,-1.59,2.75,-0.100,0.150
2025-03-20,0.16,-9.06,0.058,-0.054
2025-03-21,-2.24,-3.88,0.031,-0.038
2025-03-22,-1.88,2.24,-0.074,0.120
2025-03-23,-1.88,1.63,-0.089,0.145
2025-03-24,-1.05,-2.36,-0.115,0.182
2025-03-25,-0.85,-4.36,-0.052,0.041
2025-03-26,-1.87,-0.72,-0.047,0.045
2025-03-27,-2.13,1.23,-0.087,0.139
2025-03-28,-1.67,-1.21,-0.080,0.144
2025-03-29,-1.88,-0.58,-0.052,0.111
2025-03-30,-1.65,2.04,-0.027,0.095
2025-03-31,-2.00,1.30,-0.032,0.137
2025-04-01,-2.00,0.65,-0.095,0.142
2025-04-02,-1.59,3.57,-0.069,0.224
2025-04-03,-1.21,3.16,-0.078,0.225
2025-04-04,-0.98,2.84,-0.055,0.197
2025-04-05,-0.79,2.95,-0.059,0.202
2025-04-06,0.21,-6.00,0.037,-0.037
2025-04-07,1.36,-8.57,0.150,-0.203
2025-04-08,0.76,-5.44,0.083,-0.107
2025-04-09,-1.38,-2.39,0.015,-0.034
2025-04-10,-2.43,-0.30,-0.094,0.124
2025-04-11,-1.62,-1.46,-0.081,0.123
2025-04-12,-0.79,-2.31,-0.062,0.082
2025-04-13,-2.44,0.79,-0.073,0.105
2025-04-14,-2.34,0.85,-0.088,0.145
2025-04-15,-1.51,-1.74,-0.105,0.171
2025-04-16,-1.98,-1.66,-0.095,0.110
2025-04-17,-1.99,1.34,-0.074,0.157
2025-04-18,-2.15,1.62,-0.079,0.175
2025-04-19,-2.33,0.08,-0.089,0.171
2025-04-20,-1.29,-2.07,-0.081,0.148
2025-04-21,-0.75,-3.53,-0.087,0.064
2025-04-22,-1.85,-1.50,-0.081,0.055
2025-04-23,-2.51,0.77,-0.029,0.075
2025-04-24,-2.33,0.58,0.007,0.089
2025-04-25,-1.94,-0.78,0.017,0.060
2025-04-26,-2.29,-0.53,-0.003,0.085
2025-04-27,-2.26,-1.20,0.025,0.033
2025-04-28,-2.28,-0.28,-0.008,0.075
2025-04-29,-1.98,0.03,-0.061,0.115
2025-04-30,-2.13,0.57,-0.058,0.141
2025-05-01,-2.03,-0.07,-0.046,0.134
2025-05-02,-1.85,-0.29,-0.053,0.107
2025-05-03,-2.52,-1.07,-0.004,0.076
2025-05-04,-1.03,-3.58,-0.013,-0.103
2025-05-05,-2.06,1.00,0.002,-0.009
2025-05-06,-1.39,3.12,0.045,0.049
2025-05-07,-2.00,1.93,0.064,0.046
2025-05-08,-0.94,-2.90,-0.021,-0.085
2025-05-09,-0.05,-2.97,0.051,-0.051
2025-05-10,0.13,-7.21,0.101,-0.198
2025-05-11,-0.88,-3.07,0.058,-0.096
2025-05-12,-1.59,1.96,-0.039,0.049
2025-05-13,-1.33,2.51,-0.067,0.151
2025-05-14,-1.28,2.04,-0.032,0.123
2025-05-15,-1.75,1.32,-0.033,0.147
2025-05-16,-2.07,1.67,-0.039,0.157
2025-05-17,-2.26,1.00,-0.015,0.140
2025-05-18,-2.07,0.80,-0.024,0.137
2025-05-19,-2.13,1.61,-0.026,0.163
2025-05-20,-1.78,2.85,0.012,0.159
2025-05-21,-1.36,-2.45,-0.029,0.082
2025-05-22,-0.91,-2.36,-0.062,-0.009
2025-05-23,-1.36,-1.88,-0.046,0.027
2025-05-24,-2.12,-0.07,-0.059,0.039
2025-05-25,-1.84,0.53,-0.024,0.082
2025-05-26,-1.78,0.35,-0.070,0.122
2025-05-27,-1.31,2.10,-0.051,0.171
2025-05-28,-1.72,-0.37,-0.117,0.156
2025-05-29,1.65,1.70,-0.034,0.126
2025-05-30,-1.79,-0.76,-0.106,0.151
2025-05-31,-0.62,-2.93,-0.081,0.018
2025-06-01,-1.32,-1.75,-0.072,0.034
2025-06-02,-2.18,0.71,-0.046,0.048
2025-06-03,-0.15,2.17,0.034,0.011
2025-06-04,-1.97,-0.53,-0.055,0.116
2025-06-05,-1.44,-1.84,-0.074,0.074
2025-06-06,-1.46,-1.80,-0.055,0.110
2025-06-07,-1.65,-0.88,-0.045,0.126
2025-06-08,-2.12,1.17,-0.049,0.176
2025-06-09,-2.12,2.27,-0.021,0.183
2025-06-10,-2.13,0.69,-0.023,0.162
2025-06-11,-2.26,0.20,-0.078,0.167
2025-06-12,-1.17,2.40,-0.028,0.153
2025-06-13,-1.81,2.01,-0.031,0.197
2025-06-14,-0.80,2.47,-0.007,0.166
2025-06-15,0.66,1.49,-0.027,0.080
2025-06-16,1.81,0.06,-0.024,0.102
2025-06-17,0.72,-1.54,-0.045,0.112
2025-06-18,1.35,-1.50,0.003,0.031
2025-06-19,1.74,-0.57,-0.048,0.126
2025-06-20,0.83,1.10,0.007,0.124
2025-06-21,-0.91,1.64,-0.011,0.119
2025-06-22,-0.43,-1.73,-0.028,0.108
2025-06-23,1.10,-0.99,-0.029,0.018
2025-06-24,1.21,-1.94,0.058,-0.067
2025-06-25,-0.55,-2.83,-0.020,-0.035
2025-06-26,-0.28,-3.16,0.001,-0.102
2025-06-27,-0.50,-2.83,0.008,-0.126
2025-06-28,-0.38,-4.36,0.011,-0.124
2025-06-29,0.57,-2.92,0.037,-0.090
2025-06-30,1.19,1.63,0.010,0.040
2025-07-01,0.74,2.04,-0.009,0.137
2025-07-02,-1.45,-1.26,-0.034,0.155
2025-07-03,-1.74,-0.06,0.003,0.128
2025-07-04,-1.58,0.45,0.028,0.129
2025-07-05,-1.54,1.21,-0.006,0.127
2025-07-06,-1.58,0.77,-0.007,0.104
2025-07-07,-1.62,0.06,-0.022,0.103
2025-07-08,0.54,-2.15,-0.046,0.075
2025-07-09,1.14,-1.10,-0.059,0.095
2025-07-10,0.89,1.55,-0.069,0.104
2025-07-11,-1.53,0.78,-0.082,0.188
2025-07-12,-0.76,1.62,-0.074,0.199
2025-07-13,-1.19,0.08,-0.098,0.183
2025-07-14,-1.68,-0.51,-0.117,0.201
2025-07-15,-0.25,1.79,-0.068,0.166
2025-07-16,-1.72,0.73,-0.136,0.239
2025-07-17,-1.56,0.36,-0.090,0.182
2025-07-18,0.03,-1.91,-0.110,0.147
2025-07-19,-1.79,0.62,-0.113,0.196
2025-07-20,-0.71,2.20,-0.054,0.166
2025-07-21,-1.21,1.35,-0.114,0.235
2025-07-22,-1.56,-0.83,-0.111,0.181
2025-07-23,-0.51,-1.89,-0.087,0.154
2025-07-24,-0.89,-1.74,-0.102,0.150
2025-07-25,-0.71,2.07,-0.073,0.139
2025-07-26,-1.50,0.87,-0.078,0.206
2025-07-27,1.05,-1.34,-0.112,0.170
2025-07-28,-0.10,-2.86,-0.102,0.069
2025-07-29,-0.66,-4.70,-0.050,-0.032
2025-07-30,-0.59,-2.78,0.080,-0.078
2025-07-31,-0.40,-1.61,0.054,-0.027
2025-08-01,-1.44,1.16,-0.005,0.020
2025-08-02,-0.91,-1.09,-0.052,0.082
2025-08-03,-1.59,0.31,-0.070,0.130
2025-08-04,-1.25,1.49,-0.045,0.153
2025-08-05,-1.09,1.09,-0.057,0.178
2025-08-06,1.28,-1.83,-0.096,0.151
2025-08-07,-0.70,-2.43,-0.137,0.074
2025-08-08,-0.93,-1.55,-0.059,0.106
2025-08-09,-0.92,1.74,-0.065,0.176
2025-08-10,-1.58,1.47,-0.074,0.212
2025-08-11,-1.58,1.69,-0.084,0.188
2025-08-12,-0.00,2.43,-0.077,0.204
2025-08-13,-1.48,-1.53,-0.101,0.203
2025-08-14,-1.40,1.55,-0.102,0.205
2025-08-15,-0.20,2.26,-0.052,0.197
2025-08-16,-2.07,1.15,-0.102,0.222
2025-08-17,-0.81,-2.10,-0.166,0.140
2025-08-18,-1.23,-1.58,-0.083,0.089
2025-08-19,-0.79,-1.69,-0.087,0.108
2025-08-20,-0.04,-2.45,-0.074,0.031
2025-08-21,-0.52,-2.07,-0.036,0.043
2025-08-22,-0.79,-1.95,-0.042,0.035
2025-08-23,-1.48,-0.89,-0.058,0.066
2025-08-24,0.04,-2.12,-0.035,-0.025
2025-08-25,-0.49,-2.50,-0.016,-0.002
2025-08-26,-0.25,-2.37,-0.014,-0.009
2025-08-27,0.43,-2.43,-0.005,-0.022
2025-08-28,-0.64,-1.67,-0.000,0.021
2025-08-29,0.60,1.95,-0.029,0.055
2025-08-30,-1.11,1.91,-0.033,0.110
2025-08-31,-1.45,1.26,-0.071,0.153
2025-09-01,1.83,-0.56,-0.059,0.093
2025-09-02,-0.86,-1.84,-0.098,0.099
2025-09-03,0.00,-2.38,-0.051,0.012
2025-09-04,-0.74,1.92,0.018,0.009
2025-09-05,0.61,2.87,0.022,0.035
2025-09-06,-1.37,2.11,-0.029,0.141
2025-09-07,-1.10,-1.69,-0.099,0.139
2025-09-08,0.05,-3.05,-0.061,0.064
2025-09-09,0.29,-3.35,-0.038,-0.013
2025-09-10,0.10,-2.79,-0.002,-0.038
2025-09-11,0.07,-3.83,0.020,-0.102
2025-09-12,0.25,-2.36,0.128,-0.110
2025-09-13,-0.25,-2.34,0.115,-0.132
2025-09-14,-0.25,-2.03,0.131,-0.111
2025-09-15,0.00,-2.68,0.092,-0.135
2025-09-16,0.20,-2.92,0.071,-0.122
2025-09-17,-0.63,-3.59,0.052,-0.078
2025-09-18,0.22,-3.08,0.074,-0.058
2025-09-19,-0.20,-2.91,0.078,-0.097
2025-09-20,-0.28,-3.15,0.073,-0.082
2025-09-21,-0.98,-1.70,0.086,-0.048
2025-09-22,-0.81,-1.81,0.103,-0.023
2025-09-23,-0.95,-1.94,0.044,-0.068
2025-09-24,-0.45,-1.79,0.033,0.016
2025-09-25,1.40,0.30,0.018,0.051
2025-09-26,0.50,-2.15,-0.010,0.011
2025-09-27,0.04,-2.42,-0.017,0.036
2025-09-28,-0.18,-3.50,0.022,-0.107
2025-09-29,0.16,-3.13,0.077,-0.073
2025-09-30,0.61,-3.12,0.082,-0.106
2025-10-01,0.42,-3.42,0.072,-0.108
2025-10-02,0.64,-3.64,0.065,-0.124
2025-10-03,0.76,-6.17,0.068,-0.116
2025-10-04,0.41,-4.64,0.064,-0.084
2025-10-05,-0.79,-2.05,0.064,-0.045
2025-10-06,-1.43,-1.20,0.047,0.006
2025-10-07,-0.29,-4.16,0.075,-0.114
2025-10-08,0.91,-3.65,0.063,-0.123
2025-10-09,1.13,-1.49,0.107,-0.014
2025-10-10,0.60,-2.81,0.069,-0.137
2025-10-11,0.45,-4.30,0.065,-0.119
2025-10-12,0.54,-2.56,0.100,-0.083
2025-10-13,1.32,-1.32,0.118,-0.067
2025-10-14,-0.48,-3.39,0.047,-0.078
2025-10-15,0.22,-3.11,0.057,-0.048
2025-10-16,1.56,-1.45,0.052,-0.015
2025-10-17,0.39,1.99,0.056,0.045
2025-10-18,-0.70,2.30,0.016,0.120
2025-10-19,-0.19,-2.20,0.010,0.087
2025-10-20,-0.55,-3.89,0.019,-0.063
2025-10-21,-0.38,-2.16,-0.026,0.003
2025-10-22,-0.43,-2.71,0.013,-0.030
2025-10-23,-0.08,-2.43,0.044,-0.059
2025-10-24,1.75,-0.85,0.082,-0.011
2025-10-25,0.09,2.44,0.094,0.036
2025-10-26,-1.91,-0.97,0.055,0.061
2025-10-27,-0.63,-1.55,0.022,0.008
2025-10-28,-1.64,0.60,0.034,0.035
2025-10-29,0.96,-4.96,0.066,-0.054
2025-10-30,1.49,-7.00,0.104,-0.160
2025-10-31,2.59,0.60,0.089,-0.059
2025-11-01,-0.65,1.99,0.088,-0.027
2025-11-02,0.30,-3.45,-0.010,0.070
2025-11-03,0.38,-7.34,0.089,-0.097
2025-11-04,0.45,-5.15,0.058,-0.091
2025-11-05,0.17,-3.27,0.054,-0.081
2025-11-06,-0.66,-2.29,-0.010,-0.024
2025-11-07,-1.05,1.90,-0.019,0.056
2025-11-08,-1.11,2.50,-0.006,0.101
2025-11-09,-0.66,-2.65,0.020,0.073
2025-11-10,2.11,-7.36,0.097,-0.107
2025-11-11,0.79,-6.43,0.087,-0.114
2025-11-12,-1.72,-1.50,0.048,-0.040
2025-11-13,-1.76,0.03,0.013,0.019
2025-11-14,-1.59,-0.19,-0.064,0.117
2025-11-15,-1.67,1.40,-0.020,0.117
2025-11-16,-1.30,2.24,-0.034,0.172
2025-11-17,-1.47,1.95,-0.041,0.160
2025-11-18,-1.58,1.70,-0.049,0.176
2025-11-19,-1.78,-0.61,-0.066,0.154
2025-11-20,-1.81,0.19,-0.047,0.112
2025-11-21,-1.57,1.68,-0.052,0.185
2025-11-22,-1.53,-0.81,-0.109,0.203
2025-11-23,-1.94,0.14,-0.082,0.129
2025-11-24,-1.36,2.02,-0.101,0.239
2025-11-25,-2.20,-0.39,-0.055,0.158
2025-11-26,-1.10,-3.38,-0.172,0.130
2025-11-27,0.00,-4.34,-0.001,-0.058
2025-11-28,0.08,-4.87,0.050,-0.099
2025-11-29,1.90,-1.38,0.049,-0.032
2025-11-30,-0.75,2.30,0.016,0.078
2025-12-01,-1.50,0.40,-0.024,0.102
2025-12-02,-0.92,-1.97,0.008,0.057
2025-12-03,-2.14,1.50,0.039,-0.053
2025-12-04,-0.78,2.56,-0.018,0.099
2025-12-05,-0.57,-2.66,0.010,0.015
2025-12-06,-0.71,-1.76,0.014,-0.021
2025-12-07,-1.62,1.41,0.044,0.025
2025-12-08,0.83,-5.22,0.069,-0.084
2025-12-09,0.88,-5.54,0.055,-0.084
2025-12-10,-0.45,2.31,-0.008,0.056
2025-12-11,-0.71,-2.67,-0.018,0.049
2025-12-12,-0.79,1.97,-0.027,0.098
2025-12-13,-1.59,-0.88,-0.030,0.116
2025-12-14,-0.74,-2.41,-0.047,0.092
2025-12-15,-0.10,-5.72,0.011,-0.061
2025-12-16,-1.65,-2.04,0.009,-0.030
2025-12-17,-0.43,2.75,-0.030,0.099
2025-12-18,-1.22,1.46,0.006,0.096
2025-12-19,-0.56,-3.96,0.009,0.029
2025-12-20,-2.70,0.19,-0.005,0.001
2025-12-21,-1.40,-1.18,-0.022,0.075
2025-12-22,0.98,-2.30,-0.019,0.000
2025-12-23,0.06,-3.56,0.000,-0.042
2025-12-24,-0.13,-3.64,0.000,-0.021
2025-12-25,-0.11,-3.06,0.000,-0.042
2025-12-26,-0.76,-1.17,0.015,0.031
2025-12-27,-0.11,2.07,0.028,0.059
2025-12-28,-0.08,2.32,-0.017,0.121
2025-12-29,-0.47,-3.80,-0.010,0.057
2025-12-30,0.80,-7.65,0.128,-0.171
2025-12-31,0.41,-3.90,0.045,-0.076
2026-01-01,-1.02,1.92,0.028,0.012
2026-01-02,0.30,2.88,-0.033,0.106
2026-01-03,-0.60,2.42,-0.071,0.163
2026-01-04,0.45,-1.80,-0.004,0.075
2026-01-05,-0.59,2.36,0.005,0.083
2026-01-06,-0.58,2.53,-0.069,0.153
2026-01-07,0.92,2.07,-0.041,0.153
2026-01-08,0.81,2.64,-0.064,0.159
2026-01-09,-0.53,2.30,-0.082,0.199
2026-01-10,0.19,-3.66,-0.011,0.056
2026-01-11,0.84,-8.03,0.119,-0.166
2026-01-12,0.73,-5.22,0.088,-0.114
2026-01-13,0.33,-3.17,0.007,-0.010
2026-01-14,0.00,-3.26,-0.007,0.026
2026-01-15,0.28,-8.10,0.108,-0.142
2026-01-16,-0.31,3.53,-0.007,-0.040
2026-01-17,-1.43,2.04,-0.105,0.121
2026-01-18,1.15,-8.17,0.062,-0.071
2026-01-19,-0.30,-3.45,0.015,-0.050
2026-01-20,-1.40,-0.57,-0.033,0.036
2026-01-21,0.70,2.03,-0.059,0.107
2026-01-22,-1.95,-0.83,-0.122,0.191
2026-01-23,-1.37,1.52,-0.081,0.167
2026-01-24,-0.57,2.27,-0.083,0.175
2026-01-25,-0.71,-3.34,-0.067,0.178
2026-01-26,1.81,-10.25,0.145,-0.160
2026-01-27,0.73,-5.20,0.095,-0.147
2026-01-28,0.35,-3.33,0.031,-0.049
2026-01-29,-2.57,-0.93,0.009,0.020
2026-01-30,-1.64,-2.96,-0.050,0.104
2026-01-31,1.00,-8.15,0.127,-0.151
2026-02-01,0.14,-3.93,0.046,-0.088
2026-02-02,1.24,1.28,-0.031,0.076
2026-02-03,-0.37,2.64,-0.097,0.149
2026-02-04,0.61,-2.86,-0.104,0.134
2026-02-05,0.99,-7.07,0.064,-0.055
2026-02-06,-1.77,-1.90,0.029,-0.043
2026-02-07,-1.82,0.56,-0.060,0.081
2026-02-08,-1.63,0.63,-0.087,0.135
2026-02-09,-1.96,1.22,-0.076,0.147
2026-02-10,-1.12,2.64,-0.067,0.125
2026-02-11,-0.66,-2.85,-0.109,0.154
2026-02-12,-1.21,-1.61,-0.114,0.143
2026-02-13,-1.76,1.32,-0.079,0.172
2026-02-14,-1.23,2.32,-0.096,0.204
2026-02-15,-0.52,-4.91,-0.045,0.120
2026-02-16,-1.26,-3.47,0.038,-0.072
2026-02-17,-1.77,1.34,-0.000,0.024
2026-02-18,-1.19,2.81,-0.012,0.052
2026-02-19,-0.75,2.61,-0.024,0.101
2026-02-20,-0.84,2.74,0.030,0.077
2026-02-21,-2.56,0.31,0.057,0.021
2026-02-22,0.52,-7.47,0.091,-0.171
2026-02-23,1.44,-9.10,0.160,-0.194
2026-02-24,-1.14,-3.51,0.054,-0.083
2026-02-25,-0.67,3.43,-0.033,0.073
2026-02-26,-0.61,2.87,-0.105,0.186
2026-02-27,-0.67,-1.84,-0.063,0.129
2026-02-28,-0.75,-2.47,-0.101,0.078
2026-03-01,-1.51,-1.22,-0.052,0.112
2026-03-02,-1.84,-0.36,-0.077,0.124
2026-03-03,-1.72,-0.06,-0.014,0.072
2026-03-04,-1.48,1.11,-0.019,0.106
2026-03-05,-1.72,0.43,-0.025,0.112
2026-03-06,-1.38,0.96,-0.025,0.133
2026-03-07,-2.00,0.42,-0.039,0.167
2026-03-08,-1.11,-1.70,-0.034,0.102
2026-03-09,-2.13,-0.65,-0.069,0.120
2026-03-10,-1.80,0.96,-0.008,0.117
2026-03-11,-1.98,0.64,-0.015,0.135
2026-03-12,0.36,-6.84,0.004,-0.083
2026-03-13,-1.22,-4.25,0.016,-0.047
2026-03-14,-1.67,1.73,-0.024,0.112
2026-03-15,-1.12,2.39,-0.021,0.121
2026-03-16,-0.26,-4.94,-0.034,0.139
2026-03-17,0.67,-7.66,0.113,-0.136
2026-03-18,-1.18,-2.43,0.045,-0.062
2026-03-19,-1.74,-2.07,0.049,-0.051
2026-03-20,-1.26,-2.96,-0.045,0.010
2026-03-21,-2.02,-0.36,-0.035,0.095
2026-03-22,-1.79,0.51,-0.003,0.101
2026-03-23,-1.42,-1.64,-0.060,0.134
2026-03-24,-0.40,-2.51,-0.099,0.109
2026-03-25,-1.21,-1.54,-0.071,0.108
2026-03-26,-1.75,-0.60,-0.084,0.132
2026-03-27,-2.24,-0.28,-0.095,0.163
2026-03-28,-0.98,-5.04,-0.078,0.102
2026-03-29,-0.60,-4.86,-0.007,-0.016
2026-03-30,-0.77,-1.91,-0.068,0.047
2026-03-31,-1.90,-0.07,-0.096,0.127
2026-04-01,-2.10,0.33,-0.070,0.161
2026-04-02,-2.10,1.07,-0.101,0.226
2026-04-03,-2.22,-0.08,-0.106,0.204
2026-04-04,-1.72,-0.43,-0.095,0.201
2026-04-05,-0.59,-3.32,-0.128,0.118
2026-04-06,0.57,-8.20,0.063,-0.136
2026-04-07,-0.49,-4.02,0.079,-0.168
2026-04-08,-1.72,-0.70,0.049,-0.071
2026-04-09,-2.01,-0.54,0.032,-0.046
2026-04-10,-1.32,-1.23,-0.022,-0.001
2026-04-11,-0.28,-2.01,-0.027,-0.044
2026-04-12,-2.17,0.58,-0.044,0.033
2026-04-13,-1.78,-0.35,-0.032,0.101
2026-04-14,-1.62,-0.03,-0.050,0.121
2026-04-15,-2.25,0.69,-0.045,0.140
2026-04-16,-1.37,-1.24,-0.058,0.113
2026-04-17,-2.32,-0.20,-0.100,0.155
2026-04-18,-2.08,0.76,-0.050,0.140
2026-04-19,-0.50,-4.71,-0.060,0.023
2026-04-20,-0.45,-6.42,0.039,-0.145
2026-04-21,-1.67,-1.56,-0.014,-0.049
2026-04-22,-2.16,0.79,-0.011,0.068
2026-04-23,-1.96,0.87,-0.014,0.102
2026-04-24,-1.64,1.28,-0.021,0.129
2026-04-25,-2.35,0.54,-0.033,0.072
2026-04-26,-2.23,0.16,-0.053,0.106
2026-04-27,-2.08,1.15,-0.054,0.131
2026-04-28,-1.94,1.16,-0.027,0.130
2026-04-29,-1.99,0.39,-0.035,0.177
2026-04-30,-2.10,1.47,-0.044,0.194
2026-05-01,-2.13,0.95,-0.050,0.201
2026-05-02,-0.38,-5.41,-0.059,-0.046
2026-05-03,0.62,-7.11,0.063,-0.129
2026-05-04,-2.28,-2.28,0.013,-0.004
2026-05-05,-1.53,2.45,0.010,0.138
2026-05-06,-1.33,3.14,-0.064,0.245
2026-05-07,-2.21,-0.35,-0.041,0.181
2026-05-08,-1.26,-2.27,-0.073,0.077
2026-05-09,-1.92,-0.37,-0.082,0.125
2026-05-10,-1.38,-2.20,-0.103,0.077
2026-05-11,-0.36,-3.41,-0.044,0.028
2026-05-12,0.00,-5.91,0.006,-0.088
2026-05-13,-0.99,-4.31,-0.024,-0.050
2026-05-14,-0.92,-2.82,-0.017,-0.029
2026-05-15,-1.99,-0.84,-0.025,0.029
2026-05-16,-1.93,0.90,-0.047,0.113
2026-05-17,-1.79,0.69,-0.054,0.162
2026-05-18,-1.82,-0.59,-0.045,0.134
2026-05-19,-1.37,-1.28,-0.062,0.088
2026-05-20,-1.19,-2.23,-0.084,0.082
2026-05-21,-1.39,-1.39,-0.062,0.099
2026-05-22,-1.92,-1.25,-0.082,0.057
2026-05-23,-1.89,-0.03,0.015,0.086
2026-05-24,-0.27,-3.13,0.014,0.001
2026-05-25,-0.05,-2.65,-0.015,0.017
2026-05-26,-2.06,-0.44,0.009,0.015
2026-05-27,-1.43,1.65,0.030,0.091
2026-05-28,-0.61,-2.65,-0.031,0.018
2026-05-29,-0.40,-2.85,-0.039,0.037
2026-05-30,-0.50,-2.18,-0.038,0.013
2026-05-31,-1.47,-1.58,-0.009,0.042
2026-06-01,-1.69,1.23,-0.032,0.089
2026-06-02,-1.75,-1.47,0.010,0.031
2026-06-03,-0.32,-2.61,-0.001,0.018
2026-06-04,-0.73,-2.24,-0.013,0.025
2026-06-05,-0.08,-2.15,0.023,-0.000
2026-06-06,-1.90,0.73,0.031,-0.019
2026-06-07,1.49,1.83,0.118,-0.009
2026-06-08,1.02,2.09,0.089,0.083
2026-06-09,0.49,-2.11,0.050,-0.011
2026-06-10,-0.59,-2.76,-0.034,-0.048
2026-06-11,-0.14,-2.65,0.015,-0.043
2026-06-12,-0.73,-3.78,0.015,-0.109
2026-06-13,0.71,2.19,0.054,-0.022
2026-06-14,-0.95,1.86,0.108,0.021
2026-06-15,0.14,2.65,0.002,0.116
2026-06-16,-1.71,1.07,-0.038,0.191
2026-06-17,-0.52,2.65,0.029,0.184
2026-06-18,-0.33,3.16,0.046,0.246
2026-06-19,-1.39,3.12,0.032,0.240
2026-06-20,-1.12,1.08,0.020,0.191
2026-06-21,-1.65,1.39,0.006,0.220
2026-06-22,-1.92,-0.41,-0.043,0.223
2026-06-23,0.00,-2.01,-0.072,0.091
2026-06-24,1.40,-1.21,-0.080,0.077
2026-06-25,-1.77,1.38,-0.103,0.193
2026-06-26,-1.72,0.24,-0.061,0.199
2026-06-27,-2.26,-0.78,-0.117,0.229
2026-06-28,1.25,-1.79,-0.068,0.215
2026-06-29,-1.53,0.99,-0.093,0.240
2026-06-30,-1.81,0.16,-0.097,0.250
2026-07-01,-1.27,-1.57,-0.105,0.170
2026-07-02,-1.77,-1.97,-0.119,0.151
2026-07-03,0.41,1.53,-0.062,0.165
2026-07-04,-1.88,0.20,-0.147,0.210
2026-07-05,-1.70,0.59,-0.061,0.191
2026-07-06,-1.40,1.26,-0.090,0.241
2026-07-07,-0.31,-2.90,-0.113,0.184
2026-07-08,0.11,-3.02,-0.115,0.016
2026-07-09,-0.05,-2.94,-0.097,-0.030
2026-07-10,-1.40,-1.40,0.037,0.026
2026-07-11,-1.25,-1.05,-0.012,0.041
2026-07-12,-0.24,-1.73,-0.024,0.066
2026-07-13,1.99,-1.67,-0.065,0.011
2026-07-14,0.94,1.77,-0.086,0.137
2026-07-15,-0.09,2.51,-0.084,0.133
2026-07-16,2.29,-0.53,-0.033,0.137
2026-07-17,2.40,-1.22,-0.068,0.097
2026-07-18,-1.57,-0.70,-0.132,0.166
2026-07-19,-1.40,1.26,-0.033,0.174
2026-07-20,-1.66,0.57,-0.082,0.221
2026-07-21,-1.80,0.03,-0.093,0.224
2026-07-22,-0.41,2.09,-0.093,0.203
2026-07-23,-1.65,0.99,-0.121,0.248
2026-07-24,-1.71,0.73,-0.093,0.265
2026-07-25,0.44,-2.05,-0.076,0.165
2026-07-26,0.41,-2.31,-0.105,0.109
2026-07-27,-0.12,-2.24,-0.068,0.112
2026-07-28,-1.73,1.12,-0.083,0.199
2026-07-29,-0.33,2.05,-0.007,0.184
2026-07-30,0.37,-1.76,-0.090,0.200
2026-07-31,0.62,1.79,-0.058,0.163
2026-08-01,-2.14,1.14,-0.069,0.225
2026-08-02,-1.33,1.59,-0.130,0.290
2026-08-03,-1.74,1.13,-0.124,0.273
2026-08-04,-1.46,0.71,-0.154,0.303
2026-08-05,-1.43,0.67,-0.116,0.227
2026-08-06,-1.25,1.29,-0.104,0.240
2026-08-07,-0.62,1.33,-0.142,0.269
2026-08-08,0.26,-2.50,-0.188,0.145
2026-08-09,0.60,2.11,-0.107,0.141
2026-08-10,-1.50,0.67,-0.121,0.219
2026-08-11,-0.90,-1.70,-0.126,0.162
2026-08-12,-1.30,1.56,-0.075,0.132
2026-08-13,0.17,2.49,-0.063,0.165
2026-08-14,-1.58,-0.88,-0.112,0.238
2026-08-15,-1.55,-1.72,-0.220,0.193
2026-08-16,-0.63,-2.53,-0.114,0.095
2026-08-17,0.66,-2.04,-0.069,0.071
2026-08-18,-0.08,-2.40,-0.080,0.047
2026-08-19,-0.97,-2.41,-0.047,0.021
2026-08-20,1.88,-0.33,-0.011,0.054
2026-08-21,-1.92,-0.55,-0.112,0.145
2026-08-22,-1.07,-1.71,-0.069,0.072
2026-08-23,1.01,-1.56,-0.038,0.060
2026-08-24,-1.23,1.57,-0.077,0.128
2026-08-25,-1.90,-0.13,-0.058,0.139
2026-08-26,-1.33,-1.53,-0.143,0.116
2026-08-27,-0.98,1.56,-0.086,0.121
2026-08-28,-1.64,-0.00,-0.093,0.187
2026-08-29,-0.58,1.78,-0.050,0.185
2026-08-30,0.08,2.31,-0.053,0.163
2026-08-31,-0.25,2.34,-0.065,0.180
2026-09-01,-0.86,1.76,-0.101,0.228
2026-09-02,-0.69,2.11,-0.085,0.178
2026-09-03,-1.68,1.05,-0.106,0.222
2026-09-04,-2.01,1.16,-0.109,0.280
2026-09-05,-1.05,1.44,-0.064,0.253
2026-09-06,0.13,1.88,-0.066,0.211
2026-09-07,-1.65,0.81,-0.133,0.277
2026-09-08,0.97,-2.39,-0.104,0.154
2026-09-09,0.38,-3.08,-0.076,0.083
2026-09-10,1.70,1.95,-0.028,0.120
2026-09-11,-1.02,2.29,-0.038,0.253
2026-09-12,-2.25,0.44,-0.032,0.231
2026-09-13,-1.76,0.93,-0.080,0.222
2026-09-14,2.36,-1.72,-0.027,0.152
2026-09-15,-1.06,-1.09,-0.098,0.194
2026-09-16,0.29,-3.31,-0.066,0.054
2026-09-17,-0.45,-5.17,-0.044,-0.102
2026-09-18,-0.11,-3.27,0.042,-0.075
2026-09-19,-0.84,-2.07,0.099,-0.063
2026-09-20,-0.34,2.14,0.092,-0.046
2026-09-21,-1.15,-1.77,0.082,-0.016
2026-09-22,0.60,-2.58,0.049,-0.039
2026-09-23,-0.37,-2.34,0.048,-0.113
2026-09-24,-0.63,-2.51,0.082,-0.097
2026-09-25,-0.71,-3.08,0.065,-0.093
