date,wind_u,wind_v,cur_u,cur_v
2016-01-01,-4.36,0.61,,
2016-01-02,-2.61,0.70,,
2016-01-03,-2.09,1.21,,
2016-01-04,-1.55,1.78,,
2016-01-05,-1.05,1.05,,
2016-01-06,-1.92,0.74,,
2016-01-07,-0.90,1.38,,
2016-01-08,-0.26,-1.24,,
2016-01-09,-0.84,-1.57,,
2016-01-10,-1.30,-1.61,,
2016-01-11,-1.40,-1.26,,
2016-01-12,-2.32,-0.80,,
2016-01-13,-1.95,-1.04,,
2016-01-14,-2.36,-0.42,,
2016-01-15,-2.77,0.44,,
2016-01-16,-1.46,1.46,,
2016-01-17,-0.98,2.31,,
2016-01-18,-1.25,1.34,,
2016-01-19,-0.32,-1.65,,
2016-01-20,-1.27,-1.95,,
2016-01-21,-2.10,-1.21,,
2016-01-22,-2.83,0.65,,
2016-01-23,-0.77,3.60,,
2016-01-24,1.41,2.89,,
2016-01-25,-1.97,-3.03,,
2016-01-26,-3.79,-1.38,,
2016-01-27,-3.83,0.88,,
2016-01-28,-2.68,2.02,,
2016-01-29,-1.18,1.45,,
2016-01-30,-2.01,0.07,,
2016-01-31,-2.77,-0.14,,
2016-02-01,-2.75,0.29,,
2016-02-02,-1.89,-0.69,,
2016-02-03,-2.27,-2.52,,
2016-02-04,-2.49,-3.07,,
2016-02-05,0.88,-2.71,,
2016-02-06,1.10,0.40,,
2016-02-07,-0.98,2.56,,
2016-02-08,-0.75,1.95,,
2016-02-09,-1.48,1.20,,
2016-02-10,-1.46,0.62,,
2016-02-11,-1.57,-1.06,,
2016-02-12,-3.25,-1.18,,
2016-02-13,-2.51,-0.09,,
2016-02-14,-1.67,-1.13,,
2016-02-15,-3.07,-1.12,,
2016-02-16,-3.54,1.58,,
2016-02-17,-2.26,0.82,,
2016-02-18,-1.88,0.13,,
2016-02-19,-0.48,-3.02,,
2016-02-20,-2.64,-4.57,,
2016-02-21,-2.63,-3.03,,
2016-02-22,-2.28,-2.28,,
2016-02-23,-1.53,-0.96,,
2016-02-24,-2.37,1.48,,
2016-02-25,-3.23,0.63,,
2016-02-26,-2.23,0.72,,
2016-02-27,-1.68,0.93,,
2016-02-28,-1.90,-0.27,,
2016-02-29,-2.30,-0.70,,
2016-03-01,-2.64,-0.37,,
2016-03-02,-3.27,0.46,,
2016-03-03,-3.21,-0.39,,
2016-03-04,-2.76,-0.19,,
2016-03-05,-1.46,-0.68,,
2016-03-06,-1.32,-0.86,,
2016-03-07,0.22,-3.16,,
2016-03-08,-1.94,-4.15,,
2016-03-09,-3.67,-3.31,,
2016-03-10,-3.87,-2.91,,
2016-03-11,-4.41,-1.78,,
2016-03-12,-4.57,-1.40,,
2016-03-13,-3.70,-0.85,,
2016-03-14,-3.29,0.17,,
2016-03-15,-2.97,0.10,,
2016-03-16,-2.55,-0.22,,
2016-03-17,-2.42,-1.03,,
2016-03-18,-3.03,0.70,,
2016-03-19,-2.77,0.95,,
2016-03-20,-2.42,1.82,,
2016-03-21,-1.37,1.52,,
2016-03-22,-1.97,0.53,,
2016-03-23,-3.97,-0.42,,
2016-03-24,-4.47,0.79,,
2016-03-25,-4.59,0.98,,
2016-03-26,-5.11,1.09,,
2016-03-27,-4.79,0.33,,
2016-03-28,-4.23,0.52,,
2016-03-29,-3.67,0.91,,
2016-03-30,-3.12,0.95,,
2016-03-31,-3.22,1.17,,
2016-04-01,-3.21,1.11,,
2016-04-02,-2.84,1.26,,
2016-04-03,-2.34,1.14,,
2016-04-04,-2.86,0.82,,
2016-04-05,-1.33,1.37,,
2016-04-06,-0.63,-1.93,,
2016-04-07,-2.46,0.17,,
2016-04-08,-2.47,0.48,,
2016-04-09,-2.63,0.86,,
2016-04-10,-3.02,0.16,,
2016-04-11,-3.06,-0.60,,
2016-04-12,-1.28,-1.69,,
2016-04-13,-0.65,-2.81,,
2016-04-14,-0.62,-2.48,,
2016-04-15,-0.98,-2.10,,
2016-04-16,-1.92,-0.85,,
2016-04-17,-1.14,-0.89,,
2016-04-18,0.54,-2.18,,
2016-04-19,-1.60,-3.28,,
2016-04-20,-2.63,-1.91,,
2016-04-21,-3.52,-1.72,,
2016-04-22,-3.97,-0.07,,
2016-04-23,-2.89,0.25,,
2016-04-24,0.36,1.69,,
2016-04-25,0.28,-2.70,,
2016-04-26,-2.82,-2.45,,
2016-04-27,-1.61,-0.58,,
2016-04-28,-0.95,0.95,,
2016-04-29,-1.23,0.33,,
2016-04-30,-0.91,-0.64,,
2016-05-01,-2.08,0.04,,
2016-05-02,-2.62,0.56,,
2016-05-03,-2.22,1.39,,
2016-05-04,-1.45,2.15,,
2016-05-05,-1.27,3.30,,
2016-05-06,-0.92,3.99,,
2016-05-07,-0.14,4.00,,
2016-05-08,0.91,-3.16,,
2016-05-09,-1.33,-2.21,,
2016-05-10,-2.94,-0.68,,
2016-05-11,-2.58,-0.45,,
2016-05-12,-2.79,-0.10,,
2016-05-13,-3.09,0.38,,
2016-05-14,-2.54,1.24,,
2016-05-15,-2.23,1.18,,
2016-05-16,-3.46,0.80,,
2016-05-17,-4.58,0.24,,
2016-05-18,-3.40,0.79,,
2016-05-19,-3.12,1.01,,
2016-05-20,-3.12,0.78,,
2016-05-21,-2.92,0.73,,
2016-05-22,-1.98,1.55,,
2016-05-23,-1.54,1.84,,
2016-05-24,-1.26,1.94,,
2016-05-25,-2.28,0.28,,
2016-05-26,-2.52,-0.26,,
2016-05-27,-1.97,0.10,,
2016-05-28,-2.18,0.93,,
2016-05-29,-2.14,0.26,,
2016-05-30,-1.90,0.85,,
2016-05-31,-1.77,1.39,,
2016-06-01,-2.11,1.71,,
2016-06-02,-1.88,1.42,,
2016-06-03,-1.44,0.97,,
2016-06-04,-1.97,0.24,,
2016-06-05,-1.48,1.48,,
2016-06-06,-2.29,1.17,,
2016-06-07,-1.85,1.79,,
2016-06-08,-1.29,1.98,,
2016-06-09,-1.63,1.87,,
2016-06-10,-1.27,1.52,,
2016-06-11,-1.40,1.10,,
2016-06-12,-1.66,1.50,,
2016-06-13,-1.07,2.52,,
2016-06-14,-1.76,2.34,,
2016-06-15,-1.74,2.00,,
2016-06-16,-2.30,1.22,,
2016-06-17,-2.30,0.88,,
2016-06-18,-2.68,0.87,,
2016-06-19,-2.87,0.51,,
2016-06-20,-2.97,0.52,,
2016-06-21,-2.33,0.45,,
2016-06-22,-3.77,0.26,,
2016-06-23,-3.49,0.49,,
2016-06-24,-3.18,0.28,,
2016-06-25,-3.01,-0.11,,
2016-06-26,-2.65,-0.37,,
2016-06-27,-2.86,0.50,,
2016-06-28,-2.00,1.02,,
2016-06-29,-2.61,1.06,,
2016-06-30,-3.21,0.98,,
2016-07-01,-4.04,0.50,,
2016-07-02,-3.28,0.11,,
2016-07-03,-3.11,0.16,,
2016-07-04,-4.06,-0.43,,
2016-07-05,-3.84,-0.82,,
2016-07-06,-3.16,0.56,,
2016-07-07,-3.47,-0.30,,
2016-07-08,-3.23,-0.51,,
2016-07-09,-3.60,0.25,,
2016-07-10,-3.64,0.64,,
2016-07-11,-3.88,0.55,,
2016-07-12,-2.99,-1.21,,
2016-07-13,-2.90,-1.48,,
2016-07-14,-2.92,-0.15,,
2016-07-15,-3.26,-0.40,,
2016-07-16,-3.01,-0.05,,
2016-07-17,-3.59,-0.19,,
2016-07-18,-2.76,-1.53,,
2016-07-19,-3.34,0.23,,
2016-07-20,-3.42,0.48,,
2016-07-21,-2.63,0.42,,
2016-07-22,-2.84,0.50,,
2016-07-23,-3.23,-0.74,,
2016-07-24,-3.61,-0.06,,
2016-07-25,-3.47,0.36,,
2016-07-26,-3.09,-0.38,,
2016-07-27,-2.81,0.20,,
2016-07-28,-2.79,-0.15,,
2016-07-29,-2.32,-0.58,,
2016-07-30,-3.83,-0.07,,
2016-07-31,-4.04,-1.39,,
2016-08-01,-4.76,0.84,,
2016-08-02,-3.44,0.24,,
2016-08-03,-2.80,0.65,,
2016-08-04,-3.28,0.52,,
2016-08-05,-3.41,-0.30,,
2016-08-06,-2.96,-0.31,,
2016-08-07,-1.71,1.43,,
2016-08-08,-2.31,0.93,,
2016-08-09,-3.05,0.05,,
2016-08-10,-2.96,-0.26,,
2016-08-11,-3.02,0.16,,
2016-08-12,-3.18,-0.45,,
2016-08-13,-3.14,-0.05,,
2016-08-14,-3.15,0.61,,
2016-08-15,-2.90,0.31,,
2016-08-16,-3.17,-0.45,,
2016-08-17,-3.44,-0.24,,
2016-08-18,-2.70,0.05,,
2016-08-19,-3.04,0.16,,
2016-08-20,-2.87,-0.46,,
2016-08-21,-2.57,-0.41,,
2016-08-22,-2.35,-1.15,,
2016-08-23,-1.86,-1.35,,
2016-08-24,-1.52,-2.09,,
2016-08-25,-0.85,2.96,,
2016-08-26,-1.88,1.32,,
2016-08-27,-1.20,1.24,,
2016-08-28,-1.67,0.82,,
2016-08-29,-1.07,1.36,,
2016-08-30,-1.91,1.06,,
2016-08-31,-3.61,0.83,,
2016-09-01,-3.78,0.26,,
2016-09-02,-3.22,-0.17,,
2016-09-03,-3.07,-0.11,,
2016-09-04,-3.50,-1.48,,
2016-09-05,-3.42,-1.67,,
2016-09-06,-3.56,-0.00,,
2016-09-07,-2.76,0.14,,
2016-09-08,-2.80,0.29,,
2016-09-09,-2.69,0.47,,
2016-09-10,-1.84,0.86,,
2016-09-11,-2.06,0.79,,
2016-09-12,-2.38,-0.33,,
2016-09-13,-2.08,-0.60,,
2016-09-14,-2.22,-0.04,,
2016-09-15,-2.37,-0.08,,
2016-09-16,-2.28,-0.44,,
2016-09-17,-1.90,-0.23,,
2016-09-18,-1.97,0.07,,
2016-09-19,-1.60,1.08,,
2016-09-20,-2.30,-0.08,,
2016-09-21,-2.05,-0.87,,
2016-09-22,-1.26,-1.22,,
2016-09-23,-0.83,0.56,,
2016-09-24,-1.44,0.90,,
2016-09-25,-1.76,-0.19,,
2016-09-26,-2.33,0.24,,
2016-09-27,-2.66,0.33,,
2016-09-28,-3.20,0.11,,
2016-09-29,-4.65,-1.42,,
2016-09-30,-4.95,-1.70,,
2016-10-01,-3.70,-0.00,,
2016-10-02,-3.02,0.81,,
2016-10-03,-2.49,1.95,,
2016-10-04,-2.34,3.89,,
2016-10-05,-1.62,5.30,,
2016-10-06,-1.67,2.88,,
2016-10-07,-2.59,0.14,,
2016-10-08,-1.31,-1.35,,
2016-10-09,1.41,-0.63,,
2016-10-10,1.01,0.47,,
2016-10-11,-0.85,-0.28,,
2016-10-12,0.04,2.41,,
2016-10-13,-0.37,1.31,,
2016-10-14,-1.44,0.23,,
2016-10-15,-2.14,-0.11,,
2016-10-16,-1.50,-0.32,,
2016-10-17,-0.60,2.08,,
2016-10-18,0.55,1.52,,
2016-10-19,0.51,2.90,,
2016-10-20,-0.08,4.32,,
2016-10-21,-0.41,3.33,,
2016-10-22,-0.21,1.51,,
2016-10-23,0.66,-1.55,,
2016-10-24,0.04,-2.08,,
2016-10-25,0.08,-2.21,,
2016-10-26,-0.87,-2.68,,
2016-10-27,-0.36,-2.30,,
2016-10-28,-1.04,0.75,,
2016-10-29,-1.38,0.59,,
2016-10-30,-0.72,-0.89,,
2016-10-31,1.78,-1.39,,
2016-11-01,0.48,-3.40,,
2016-11-02,-2.61,-3.73,,
2016-11-03,-2.13,-2.20,,
2016-11-04,-1.99,-0.61,,
2016-11-05,-0.87,1.57,,
2016-11-06,1.26,-0.18,,
2016-11-07,-0.23,-1.30,,
2016-11-08,-1.06,-1.51,,
2016-11-09,-2.05,-1.78,,
2016-11-10,-1.52,-1.37,,
2016-11-11,-1.49,-2.05,,
2016-11-12,-1.00,-1.53,,
2016-11-13,-1.19,-1.24,,
2016-11-14,-0.78,-1.52,,
2016-11-15,-0.70,-0.59,,
2016-11-16,-0.76,0.93,,
2016-11-17,1.09,-1.81,,
2016-11-18,-1.09,-2.33,,
2016-11-19,-1.96,-2.60,,
2016-11-20,-0.65,-3.69,,
2016-11-21,-0.75,-3.55,,
2016-11-22,-1.62,-4.01,,
2016-11-23,-2.96,-3.17,,
2016-11-24,-3.06,-2.06,,
2016-11-25,-2.65,-1.35,,
2016-11-26,-2.69,-0.87,,
2016-11-27,-1.39,1.08,,
2016-11-28,0.58,-3.67,,
2016-11-29,-0.58,-2.98,,
2016-11-30,-2.71,-0.99,,
2016-12-01,-2.30,-0.41,,
2016-12-02,-1.96,0.35,,
2016-12-03,-1.08,-0.21,,
2016-12-04,-1.26,-1.79,,
2016-12-05,-2.82,-1.97,,
2016-12-06,-2.92,-0.20,,
2016-12-07,-2.78,-0.00,,
2016-12-08,-2.76,-1.47,,
2016-12-09,-1.91,-1.15,,
2016-12-10,-2.94,-1.31,,
2016-12-11,-3.29,-0.94,,
2016-12-12,-4.29,-0.15,,
2016-12-13,-3.36,0.12,,
2016-12-14,-3.39,0.06,,
2016-12-15,-1.89,0.07,,
2016-12-16,-2.12,-0.61,,
2016-12-17,-3.69,-1.13,,
2016-12-18,-4.52,-0.47,,
2016-12-19,-4.85,-1.86,,
2016-12-20,-3.70,-1.57,,
2016-12-21,-2.47,-0.95,,
2016-12-22,-2.50,-1.11,,
2016-12-23,-2.95,-1.84,,
2016-12-24,-3.18,-1.48,,
2016-12-25,-3.83,-0.88,,
2016-12-26,-4.00,-2.31,,
2016-12-27,-3.87,-1.26,,
2016-12-28,-2.46,-0.85,,
2016-12-29,-2.03,0.21,,
2016-12-30,-1.11,0.72,,
2016-12-31,-1.91,-1.10,,
2017-01-01,-3.51,-0.81,,
2017-01-02,-3.50,-0.87,,
2017-01-03,-3.10,-0.66,,
2017-01-04,-2.47,-0.00,,
2017-01-05,-0.94,0.90,,
2017-01-06,-2.22,0.35,,
2017-01-07,-3.31,0.29,,
2017-01-08,-1.96,0.03,,
2017-01-09,-0.22,-2.51,,
2017-01-10,-2.43,-5.21,,
2017-01-11,-1.93,-3.96,,
2017-01-12,-2.87,-3.08,,
2017-01-13,-2.51,-3.59,,
2017-01-14,-2.96,-3.28,,
2017-01-15,-2.66,-1.80,,
2017-01-16,-3.23,-1.57,,
2017-01-17,-3.19,-2.32,,
2017-01-18,-2.09,-1.75,,
2017-01-19,-0.88,-1.47,,
2017-01-20,-0.23,-1.87,,
2017-01-21,0.20,-1.65,,
2017-01-22,-1.53,-1.00,,
2017-01-23,-0.34,2.39,,
2017-01-24,1.33,3.45,,
2017-01-25,0.15,-2.08,,
2017-01-26,-2.13,-1.04,,
2017-01-27,-1.96,0.35,,
2017-01-28,-1.68,-0.00,,
2017-01-29,-2.12,0.22,,
2017-01-30,-1.80,0.06,,
2017-01-31,-1.60,-1.25,,
2017-02-01,-3.20,-0.34,,
2017-02-02,-3.32,0.12,,
2017-02-03,-3.02,-0.26,,
2017-02-04,-2.62,-0.32,,
2017-02-05,-2.99,-0.58,,
2017-02-06,-2.86,-0.45,,
2017-02-07,-2.81,-0.00,,
2017-02-08,-3.16,0.61,,
2017-02-09,-1.77,0.51,,
2017-02-10,-1.70,-0.87,,
2017-02-11,-1.98,-1.73,,
2017-02-12,-2.38,-1.86,,
2017-02-13,-1.95,-1.27,,
2017-02-14,-1.63,-0.66,,
2017-02-15,-2.05,0.71,,
2017-02-16,-0.53,1.55,,
2017-02-17,0.42,1.23,,
2017-02-18,-1.15,-1.41,,
2017-02-19,-2.76,-0.84,,
2017-02-20,0.81,-2.22,,
2017-02-21,2.10,-3.00,,
2017-02-22,-1.14,-1.97,,
2017-02-23,-1.85,1.79,,
2017-02-24,-0.10,3.00,,
2017-02-25,-1.38,1.48,,
2017-02-26,-2.19,-0.04,,
2017-02-27,-2.88,-1.60,,
2017-02-28,-3.36,-1.57,,
2017-03-01,-4.16,-0.81,,
2017-03-02,-4.24,0.15,,
2017-03-03,-3.67,-0.39,,
2017-03-04,-2.82,-1.20,,
2017-03-05,-2.29,-2.29,,
2017-03-06,-4.26,-3.97,,
2017-03-07,-4.17,-3.37,,
2017-03-08,-4.53,-2.31,,
2017-03-09,-4.01,-0.78,,
2017-03-10,-3.36,0.12,,
2017-03-11,-2.00,0.21,,
2017-03-12,-2.76,-0.54,,
2017-03-13,-3.44,0.06,,
2017-03-14,-3.43,0.48,,
2017-03-15,-1.91,0.58,,
2017-03-16,-1.91,0.17,,
2017-03-17,-2.38,-0.64,,
2017-03-18,-3.12,-0.84,,
2017-03-19,-2.50,-0.18,,
2017-03-20,-1.56,-0.51,,
2017-03-21,-2.12,-1.32,,
2017-03-22,-2.14,0.22,,
2017-03-23,-0.38,-1.51,,
2017-03-24,-1.10,-2.72,,
2017-03-25,0.76,-3.05,,
2017-03-26,1.29,-0.30,,
2017-03-27,1.38,0.32,,
2017-03-28,0.88,-1.47,,
2017-03-29,-0.31,-1.99,,
2017-03-30,-1.74,-2.00,,
2017-03-31,-2.36,-0.96,,
2017-04-01,-1.98,0.72,,
2017-04-02,-1.82,-0.00,,
2017-04-03,-2.48,-0.95,,
2017-04-04,-3.77,-0.07,,
2017-04-05,-3.96,0.56,,
2017-04-06,-3.66,0.71,,
2017-04-07,-2.77,1.01,,
2017-04-08,-2.05,0.67,,
2017-04-09,-1.93,0.07,,
2017-04-10,-0.89,-1.67,,
2017-04-11,-0.70,-2.60,,
2017-04-12,-0.46,-2.90,,
2017-04-13,0.32,-2.57,,
2017-04-14,0.82,-1.93,,
2017-04-15,0.19,-2.76,,
2017-04-16,-2.13,-2.36,,
2017-04-17,-3.22,-0.80,,
2017-04-18,-4.32,-0.30,,
2017-04-19,-4.23,-0.75,,
2017-04-20,-2.71,-1.04,,
2017-04-21,-3.21,-0.51,,
2017-04-22,-3.93,0.34,,
2017-04-23,-3.42,0.92,,
2017-04-24,-1.62,1.80,,
2017-04-25,-0.82,2.13,,
2017-04-26,-1.21,0.88,,
2017-04-27,-3.28,-0.00,,
2017-04-28,-3.57,-0.00,,
2017-04-29,-3.87,-0.14,,
2017-04-30,-3.48,-0.43,,
2017-05-01,-3.60,-0.06,,
2017-05-02,-3.41,0.30,,
2017-05-03,-2.93,0.46,,
2017-05-04,-3.06,0.27,,
2017-05-05,-2.79,0.49,,
2017-05-06,-2.59,0.84,,
2017-05-07,-1.79,0.80,,
2017-05-08,-2.34,0.20,,
2017-05-09,-0.70,-1.04,,
2017-05-10,-1.05,-2.48,,
2017-05-11,-1.84,-1.91,,
2017-05-12,-1.88,-0.87,,
2017-05-13,-2.55,0.13,,
2017-05-14,-2.52,0.63,,
2017-05-15,-1.33,1.04,,
2017-05-16,-1.55,1.05,,
2017-05-17,-3.55,0.19,,
2017-05-18,-3.80,0.20,,
2017-05-19,-4.22,-0.74,,
2017-05-20,-2.60,-1.62,,
2017-05-21,-3.01,-0.86,,
2017-05-22,-3.11,-0.44,,
2017-05-23,-3.59,0.38,,
2017-05-24,-3.27,0.76,,
2017-05-25,-3.07,0.65,,
2017-05-26,-3.59,0.13,,
2017-05-27,-2.68,0.33,,
2017-05-28,-3.30,0.46,,
2017-05-29,-3.33,-0.12,,
2017-05-30,-2.67,0.09,,
2017-05-31,-3.24,-0.57,,
2017-06-01,-3.28,-0.29,,
2017-06-02,-3.97,0.07,,
2017-06-03,-3.14,0.44,,
2017-06-04,-2.48,0.35,,
2017-06-05,-3.07,0.43,,
2017-06-06,-2.52,0.77,,
2017-06-07,-2.76,0.59,,
2017-06-08,-2.85,0.55,,
2017-06-09,-2.29,0.83,,
2017-06-10,-3.21,0.17,,
2017-06-11,-3.88,-0.41,,
2017-06-12,-3.71,-0.52,,
2017-06-13,-3.34,0.06,,
2017-06-14,-3.53,0.06,,
2017-06-15,-3.21,0.22,,
2017-06-16,-2.12,0.81,,
2017-06-17,-3.44,0.30,,
2017-06-18,-3.86,0.41,,
2017-06-19,-3.85,0.40,,
2017-06-20,-4.05,-0.07,,
2017-06-21,-3.57,-0.25,,
2017-06-22,-3.44,-0.06,,
2017-06-23,-2.53,-0.87,,
2017-06-24,-3.86,-0.20,,
2017-06-25,-3.64,-0.00,,
2017-06-26,-3.63,0.38,,
2017-06-27,-3.25,-0.00,,
2017-06-28,-3.12,-0.61,,
2017-06-29,-3.43,-0.73,,
2017-06-30,-3.21,-0.34,,
2017-07-01,-3.05,0.05,,
2017-07-02,-3.51,-0.43,,
2017-07-03,-3.61,0.13,,
2017-07-04,-3.63,-0.25,,
2017-07-05,-3.45,-0.42,,
2017-07-06,-3.65,-0.32,,
2017-07-07,-3.32,-1.01,,
2017-07-08,-3.09,-0.66,,
2017-07-09,-2.77,-0.90,,
2017-07-10,-1.22,-1.10,,
2017-07-11,-1.16,0.81,,
2017-07-12,-2.38,-0.04,,
2017-07-13,-2.13,-0.15,,
2017-07-14,-2.84,0.40,,
2017-07-15,-2.66,-0.19,,
2017-07-16,-2.24,-0.04,,
2017-07-17,-3.48,0.06,,
2017-07-18,-3.50,-0.31,,
2017-07-19,-4.20,-0.00,,
2017-07-20,-3.15,-1.34,,
2017-07-21,-3.17,-0.91,,
2017-07-22,-3.04,-0.37,,
2017-07-23,-2.97,-0.10,,
2017-07-24,-4.05,0.14,,
2017-07-25,-3.31,-0.95,,
2017-07-26,-2.48,-0.71,,
2017-07-27,-2.33,-0.29,,
2017-07-28,-2.22,0.43,,
2017-07-29,-1.72,0.84,,
2017-07-30,-2.23,0.68,,
2017-07-31,-2.69,0.52,,
2017-08-01,-3.13,-0.27,,
2017-08-02,-3.81,-1.39,,
2017-08-03,-4.20,-0.97,,
2017-08-04,-4.16,-0.66,,
2017-08-05,-3.00,-0.26,,
2017-08-06,-2.97,-0.52,,
2017-08-07,-2.84,-0.35,,
2017-08-08,-2.34,0.37,,
2017-08-09,-3.95,-0.07,,
2017-08-10,-3.01,-1.15,,
2017-08-11,-1.79,-1.08,,
2017-08-12,-0.76,0.97,,
2017-08-13,-2.00,0.69,,
2017-08-14,-3.34,-0.12,,
2017-08-15,-3.23,-0.74,,
2017-08-16,-3.12,-1.66,,
2017-08-17,-3.21,-1.43,,
2017-08-18,-3.51,-0.31,,
2017-08-19,-3.24,-1.31,,
2017-08-20,-2.35,-0.25,,
2017-08-21,-2.90,0.10,,
2017-08-22,-2.89,-0.25,,
2017-08-23,-2.35,0.29,,
2017-08-24,-2.48,0.48,,
2017-08-25,-2.73,-0.38,,
2017-08-26,-2.06,-1.24,,
2017-08-27,-2.46,-0.39,,
2017-08-28,-2.48,0.04,,
2017-08-29,-2.01,-0.18,,
2017-08-30,-2.27,0.69,,
2017-08-31,-2.91,-0.10,,
2017-09-01,-2.65,-1.02,,
2017-09-02,-2.23,-0.95,,
2017-09-03,-2.16,-0.54,,
2017-09-04,-2.01,-0.54,,
2017-09-05,-1.67,-0.97,,
2017-09-06,-1.26,-2.58,,
2017-09-07,6.45,3.43,,
2017-09-08,-1.88,3.86,,
2017-09-09,-2.06,1.44,,
2017-09-10,-1.53,0.19,,
2017-09-11,-0.04,2.28,,
2017-09-12,-0.55,1.18,,
2017-09-13,0.20,0.79,,
2017-09-14,0.60,-0.60,,
2017-09-15,-0.55,2.20,,
2017-09-16,-1.13,1.21,,
2017-09-17,-1.06,0.82,,
2017-09-18,-1.13,0.76,,
2017-09-19,-1.49,-1.16,,
2017-09-20,0.23,-4.33,,
2017-09-21,10.47,0.92,,
2017-09-22,0.20,5.66,,
2017-09-23,-0.34,3.92,,
2017-09-24,-0.64,2.38,,
2017-09-25,-1.29,1.65,,
2017-09-26,-1.58,0.88,,
2017-09-27,-1.89,0.88,,
2017-09-28,-2.97,0.47,,
2017-09-29,-3.27,0.11,,
2017-09-30,-3.16,0.06,,
2017-10-01,-1.14,1.10,,
2017-10-02,-1.83,0.81,,
2017-10-03,-3.03,-0.11,,
2017-10-04,-2.19,-0.51,,
2017-10-05,-1.53,0.95,,
2017-10-06,-0.80,1.64,,
2017-10-07,-0.15,1.09,,
2017-10-08,-0.96,0.35,,
2017-10-09,-1.42,-0.69,,
2017-10-10,-0.96,-1.19,,
2017-10-11,-0.90,0.94,,
2017-10-12,-1.10,1.35,,
2017-10-13,-1.92,-0.07,,
2017-10-14,-1.45,-1.99,,
2017-10-15,-1.37,-0.96,,
2017-10-16,-1.06,1.84,,
2017-10-17,-1.52,1.28,,
2017-10-18,-2.58,0.27,,
2017-10-19,-3.29,0.82,,
2017-10-20,-3.43,0.73,,
2017-10-21,-3.73,0.26,,
2017-10-22,-3.54,-0.37,,
2017-10-23,-2.77,-0.14,,
2017-10-24,-2.65,-0.14,,
2017-10-25,-2.24,0.52,,
2017-10-26,-1.23,1.03,,
2017-10-27,-2.23,-0.20,,
2017-10-28,-2.15,-0.66,,
2017-10-29,-0.38,1.80,,
2017-10-30,0.95,0.59,,
2017-10-31,0.05,-1.48,,
2017-11-01,-1.75,-1.27,,
2017-11-02,-2.50,-0.18,,
2017-11-03,-2.44,-0.61,,
2017-11-04,-2.22,0.23,,
2017-11-05,-2.62,0.09,,
2017-11-06,-2.37,0.08,,
2017-11-07,-1.79,0.48,,
2017-11-08,-2.05,0.18,,
2017-11-09,-2.52,0.54,,
2017-11-10,-2.48,0.26,,
2017-11-11,-2.08,-0.48,,
2017-11-12,-2.26,-0.04,,
2017-11-13,-2.84,-0.00,,
2017-11-14,-0.84,1.35,,
2017-11-15,0.23,2.67,,
2017-11-16,0.60,2.23,,
2017-11-17,0.73,2.71,,
2017-11-18,1.28,-1.07,,
2017-11-19,-1.38,-1.16,,
2017-11-20,-0.52,-0.72,,
2017-11-21,-1.49,0.10,,
2017-11-22,-0.78,1.21,,
2017-11-23,-1.20,0.78,,
2017-11-24,-1.83,-0.56,,
2017-11-25,-2.33,0.29,,
2017-11-26,-2.35,0.04,,
2017-11-27,-2.44,0.30,,
2017-11-28,-2.06,-0.67,,
2017-11-29,-1.75,0.25,,
2017-11-30,-1.53,0.53,,
2017-12-01,-0.09,-1.01,,
2017-12-02,0.88,-1.98,,
2017-12-03,0.74,-2.26,,
2017-12-04,-0.45,-1.68,,
2017-12-05,-2.26,-1.47,,
2017-12-06,-3.21,-0.80,,
2017-12-07,-3.86,-0.47,,
2017-12-08,-3.40,0.48,,
2017-12-09,-3.90,0.76,,
2017-12-10,-2.23,0.31,,
2017-12-11,-1.72,-0.66,,
2017-12-12,-1.48,-0.34,,
2017-12-13,0.19,1.37,,
2017-12-14,-1.41,0.88,,
2017-12-15,-2.80,0.15,,
2017-12-16,-2.59,-1.16,,
2017-12-17,-2.79,-2.26,,
2017-12-18,-2.44,-2.20,,
2017-12-19,-2.39,-1.93,,
2017-12-20,-1.91,-2.12,,
2017-12-21,-2.75,-1.65,,
2017-12-22,-2.07,-1.62,,
2017-12-23,-2.83,-1.51,,
2017-12-24,-3.04,-1.23,,
2017-12-25,-2.62,-1.01,,
2017-12-26,-2.14,-1.29,,
2017-12-27,-3.39,-1.37,,
2017-12-28,-2.49,-1.06,,
2017-12-29,-2.49,-0.62,,
2017-12-30,-1.83,-0.06,,
2017-12-31,-2.08,-1.15,,
2018-01-01,-2.33,-0.85,,
2018-01-02,-2.86,0.40,,
2018-01-03,-1.38,0.90,,
2018-01-04,-0.53,1.63,,
2018-01-05,-0.27,1.41,,
2018-01-06,-1.21,-0.35,,
2018-01-07,-1.57,0.36,,
2018-01-08,-2.57,0.13,,
2018-01-09,-3.28,0.70,,
2018-01-10,-3.43,0.18,,
2018-01-11,-3.46,0.49,,
2018-01-12,-4.48,0.63,,
2018-01-13,-3.29,-0.00,,
2018-01-14,-2.79,-0.80,,
2018-01-15,-2.26,-0.52,,
2018-01-16,-2.36,-1.10,,
2018-01-17,-2.17,-0.88,,
2018-01-18,-1.92,-0.41,,
2018-01-19,-1.85,-1.16,,
2018-01-20,-2.63,-0.86,,
2018-01-21,-3.05,-0.76,,
2018-01-22,-2.59,-0.46,,
2018-01-23,-3.03,-1.10,,
2018-01-24,-2.19,-0.93,,
2018-01-25,-2.27,-1.16,,
2018-01-26,-2.73,-2.64,,
2018-01-27,-4.58,-2.24,,
2018-01-28,-5.07,-1.17,,
2018-01-29,-5.17,-0.27,,
2018-01-30,-3.05,0.11,,
2018-01-31,-2.09,-0.44,,
2018-02-01,-3.22,-0.92,,
2018-02-02,-2.71,-1.26,,
2018-02-03,-2.36,-1.72,,
2018-02-04,-3.48,-1.55,,
2018-02-05,-2.33,-0.90,,
2018-02-06,-2.69,-1.43,,
2018-02-07,-3.98,-1.37,,
2018-02-08,-3.59,-1.16,,
2018-02-09,-3.31,-1.27,,
2018-02-10,-4.25,-0.67,,
2018-02-11,-4.97,-0.43,,
2018-02-12,-4.92,-0.87,,
2018-02-13,-4.14,-1.67,,
2018-02-14,-3.77,-2.27,,
2018-02-15,-3.38,-1.65,,
2018-02-16,-3.14,-1.20,,
2018-02-17,-3.16,-1.47,,
2018-02-18,-3.17,-0.97,,
2018-02-19,-4.04,-0.71,,
2018-02-20,-4.28,-2.28,,
2018-02-21,-4.10,-1.57,,
2018-02-22,-4.47,-1.90,,
2018-02-23,-3.96,-1.68,,
2018-02-24,-3.23,-1.50,,
2018-02-25,-2.68,-1.19,,
2018-02-26,-1.93,-0.82,,
2018-02-27,-1.14,-1.36,,
2018-02-28,-1.50,-1.78,,
2018-03-01,-1.85,-1.11,,
2018-03-02,-1.88,-0.16,,
2018-03-03,1.87,-1.21,,
2018-03-04,2.63,-3.25,,
2018-03-05,1.93,-3.21,,
2018-03-06,-1.03,-2.01,,
2018-03-07,-2.69,-0.62,,
2018-03-08,-1.85,0.94,,
2018-03-09,-1.06,1.10,,
2018-03-10,-2.64,0.05,,
2018-03-11,-2.78,1.61,,
2018-03-12,-1.84,2.28,,
2018-03-13,-0.86,2.37,,
2018-03-14,-1.36,2.09,,
2018-03-15,-0.82,1.75,,
2018-03-16,-1.93,0.66,,
2018-03-17,-1.81,0.55,,
2018-03-18,-1.36,0.14,,
2018-03-19,-0.70,0.87,,
2018-03-20,-1.33,1.20,,
2018-03-21,-2.03,0.99,,
2018-03-22,-1.69,0.79,,
2018-03-23,-1.21,-0.39,,
2018-03-24,-0.92,-3.02,,
2018-03-25,-2.08,-2.97,,
2018-03-26,-2.01,-2.16,,
2018-03-27,-1.59,-2.75,,
2018-03-28,-2.31,-3.29,,
2018-03-29,-2.07,-2.96,,
2018-03-30,-2.48,-2.48,,
2018-03-31,-1.85,-1.56,,
2018-04-01,-2.15,-1.05,,
2018-04-02,-1.96,-0.49,,
2018-04-03,-2.11,-0.52,,
2018-04-04,-2.35,-0.54,,
2018-04-05,-1.84,-0.16,,
2018-04-06,-2.07,0.18,,
2018-04-07,-2.04,0.55,,
2018-04-08,-2.03,0.82,,
2018-04-09,-2.65,-0.00,,
2018-04-10,-3.83,-0.20,,
2018-04-11,-3.60,0.51,,
2018-04-12,-2.47,-0.09,,
2018-04-13,-3.54,-0.44,,
2018-04-14,-4.33,-0.00,,
2018-04-15,-4.38,0.08,,
2018-04-16,-3.40,0.18,,
2018-04-17,-2.99,0.53,,
2018-04-18,-2.57,0.45,,
2018-04-19,-2.09,0.64,,
2018-04-20,-4.10,0.36,,
2018-04-21,-3.77,-0.26,,
2018-04-22,-3.77,-0.07,,
2018-04-23,-2.90,-0.56,,
2018-04-24,-3.97,0.28,,
2018-04-25,-3.42,0.66,,
2018-04-26,-2.24,0.60,,
2018-04-27,-2.28,1.11,,
2018-04-28,-2.56,0.93,,
2018-04-29,-2.79,0.59,,
2018-04-30,-3.39,0.48,,
2018-05-01,-2.53,0.40,,
2018-05-02,-3.24,0.40,,
2018-05-03,-3.36,0.41,,
2018-05-04,-1.92,1.55,,
2018-05-05,-3.01,0.98,,
2018-05-06,-4.06,0.79,,
2018-05-07,-4.05,0.79,,
2018-05-08,-3.56,0.44,,
2018-05-09,-3.41,0.54,,
2018-05-10,-3.98,0.28,,
2018-05-11,-3.54,0.25,,
2018-05-12,-3.39,0.54,,
2018-05-13,-3.14,-0.00,,
2018-05-14,-3.05,0.43,,
2018-05-15,-4.05,0.21,,
2018-05-16,-4.33,0.61,,
2018-05-17,-4.53,0.56,,
2018-05-18,-4.42,0.54,,
2018-05-19,-4.01,-0.21,,
2018-05-20,-4.61,0.16,,
2018-05-21,-3.84,-0.34,,
2018-05-22,-3.52,-0.06,,
2018-05-23,-4.16,0.44,,
2018-05-24,-3.72,0.39,,
2018-05-25,-3.90,0.14,,
2018-05-26,-3.62,0.64,,
2018-05-27,-3.26,0.46,,
2018-05-28,-3.16,0.61,,
2018-05-29,-3.43,0.24,,
2018-05-30,-3.72,0.20,,
2018-05-31,-3.28,-0.06,,
2018-06-01,-3.41,0.18,,
2018-06-02,-2.59,0.60,,
2018-06-03,-2.51,0.96,,
2018-06-04,-1.83,1.10,,
2018-06-05,-2.42,0.78,,
2018-06-06,-2.51,0.77,,
2018-06-07,-3.03,0.48,,
2018-06-08,-3.87,0.20,,
2018-06-09,-4.35,0.30,,
2018-06-10,-4.13,0.29,,
2018-06-11,-2.96,0.79,,
2018-06-12,-3.02,0.32,,
2018-06-13,-3.47,0.18,,
2018-06-14,-3.66,0.38,,
2018-06-15,-3.58,0.38,,
2018-06-16,-2.75,0.63,,
2018-06-17,-2.05,0.87,,
2018-06-18,-1.73,0.53,,
2018-06-19,-1.65,1.07,,
2018-06-20,-1.13,1.45,,
2018-06-21,-1.19,1.63,,
2018-06-22,-2.39,0.46,,
2018-06-23,-2.85,0.82,,
2018-06-24,-2.62,0.56,,
2018-06-25,-4.24,0.22,,
2018-06-26,-3.57,-0.50,,
2018-06-27,-3.19,-0.74,,
2018-06-28,-3.44,-0.36,,
2018-06-29,-3.63,0.19,,
2018-06-30,-3.63,-0.32,,
2018-07-01,-2.57,-0.50,,
2018-07-02,-2.28,-0.12,,
2018-07-03,-2.86,0.56,,
2018-07-04,-4.32,0.15,,
2018-07-05,-3.98,-0.42,,
2018-07-06,-3.36,-0.71,,
2018-07-07,-4.16,0.07,,
2018-07-08,-4.14,-1.19,,
2018-07-09,-3.10,-1.79,,
2018-07-10,-2.67,0.62,,
2018-07-11,-2.80,0.59,,
2018-07-12,-3.75,-0.07,,
2018-07-13,-3.51,-0.06,,
2018-07-14,-3.76,0.40,,
2018-07-15,-3.93,0.27,,
2018-07-16,-3.72,-0.20,,
2018-07-17,-3.60,0.31,,
2018-07-18,-3.73,-0.13,,
2018-07-19,-3.42,-0.30,,
2018-07-20,-3.22,0.17,,
2018-07-21,-3.71,0.32,,
2018-07-22,-3.34,-0.00,,
2018-07-23,-2.75,0.53,,
2018-07-24,-2.85,0.20,,
2018-07-25,-3.30,0.29,,
2018-07-26,-3.54,0.44,,
2018-07-27,-3.71,-0.06,,
2018-07-28,-3.63,0.38,,
2018-07-29,-3.82,0.13,,
2018-07-30,-3.91,-0.07,,
2018-07-31,-3.74,-0.53,,
2018-08-01,-3.08,-1.00,,
2018-08-02,-3.42,-0.00,,
2018-08-03,-3.57,-0.00,,
2018-08-04,-3.33,-0.95,,
2018-08-05,-2.81,-0.55,,
2018-08-06,-2.74,0.10,,
2018-08-07,-3.22,0.23,,
2018-08-08,-2.90,-0.31,,
2018-08-09,-2.52,-0.09,,
2018-08-10,-2.49,0.04,,
2018-08-11,-2.79,0.24,,
2018-08-12,-3.54,-0.06,,
2018-08-13,-3.42,-1.18,,
2018-08-14,-3.54,-0.37,,
2018-08-15,-3.09,-0.11,,
2018-08-16,-3.13,-0.61,,
2018-08-17,-3.13,-0.61,,
2018-08-18,-3.01,-0.32,,
2018-08-19,-3.24,0.06,,
2018-08-20,-3.94,-0.07,,
2018-08-21,-3.39,-0.00,,
2018-08-22,-3.22,0.11,,
2018-08-23,-3.24,0.46,,
2018-08-24,-2.78,0.05,,
2018-08-25,-3.17,-0.22,,
2018-08-26,-3.48,-0.12,,
2018-08-27,-3.68,-0.06,,
2018-08-28,-3.28,-0.34,,
2018-08-29,-3.34,-0.90,,
2018-08-30,-3.49,-0.81,,
2018-08-31,-2.49,0.86,,
2018-09-01,-3.06,0.16,,
2018-09-02,-2.90,-0.51,,
2018-09-03,-3.07,-0.82,,
2018-09-04,-2.31,0.04,,
2018-09-05,-2.16,0.46,,
2018-09-06,-1.97,0.42,,
2018-09-07,-2.20,0.27,,
2018-09-08,-2.47,0.22,,
2018-09-09,-2.10,0.22,,
2018-09-10,-1.64,-0.38,,
2018-09-11,-1.69,-0.52,,
2018-09-12,-2.40,0.13,,
2018-09-13,-2.36,-1.10,,
2018-09-14,-2.59,-2.34,,
2018-09-15,-2.95,-0.47,,
2018-09-16,-1.35,2.00,,
2018-09-17,-1.20,1.33,,
2018-09-18,-1.61,0.55,,
2018-09-19,-3.30,-0.06,,
2018-09-20,-2.58,0.36,,
2018-09-21,-3.06,0.21,,
2018-09-22,-2.33,-0.71,,
2018-09-23,-2.52,-0.26,,
2018-09-24,-3.35,0.06,,
2018-09-25,-3.42,-0.12,,
2018-09-26,-2.89,-1.00,,
2018-09-27,-1.63,-0.83,,
2018-09-28,-2.08,-0.68,,
2018-09-29,-2.95,-0.90,,
2018-09-30,-2.61,-0.46,,
2018-10-01,-1.78,-0.51,,
2018-10-02,-0.81,-0.51,,
2018-10-03,-0.87,-0.23,,
2018-10-04,-1.26,-0.41,,
2018-10-05,-1.97,0.49,,
2018-10-06,-1.40,0.71,,
2018-10-07,-1.75,0.37,,
2018-10-08,-1.39,1.54,,
2018-10-09,-2.84,0.20,,
2018-10-10,-2.53,-0.31,,
2018-10-11,-1.97,-0.17,,
2018-10-12,-1.46,0.62,,
2018-10-13,-1.17,1.35,,
2018-10-14,-1.21,1.73,,
2018-10-15,-2.50,-0.31,,
2018-10-16,-2.98,-0.74,,
2018-10-17,-3.26,-1.25,,
2018-10-18,-3.36,-1.16,,
2018-10-19,-2.86,-2.00,,
2018-10-20,-2.09,-1.88,,
2018-10-21,-1.23,-1.82,,
2018-10-22,-2.09,-1.95,,
2018-10-23,-2.12,-1.49,,
2018-10-24,-1.68,-0.42,,
2018-10-25,-1.55,0.19,,
2018-10-26,-2.03,0.11,,
2018-10-27,-1.91,0.69,,
2018-10-28,-1.88,-0.61,,
2018-10-29,-1.21,-1.40,,
2018-10-30,-1.02,-0.95,,
2018-10-31,-1.31,-0.79,,
2018-11-01,-2.19,-0.23,,
2018-11-02,-3.06,-0.11,,
2018-11-03,-3.58,-0.89,,
2018-11-04,-2.73,-1.10,,
2018-11-05,-2.17,-1.25,,
2018-11-06,-2.07,-1.20,,
2018-11-07,-1.98,-0.76,,
2018-11-08,-2.20,-0.67,,
2018-11-09,-1.60,-0.85,,
2018-11-10,-1.64,-1.11,,
2018-11-11,-1.82,-1.82,,
2018-11-12,-3.11,-1.65,,
2018-11-13,-3.15,-1.40,,
2018-11-14,-2.47,-0.26,,
2018-11-15,-2.98,0.58,,
2018-11-16,-2.62,0.65,,
2018-11-17,-2.65,0.28,,
2018-11-18,-3.19,0.06,,
2018-11-19,-2.62,-0.23,,
2018-11-20,-3.34,-0.23,,
2018-11-21,-2.23,-0.04,,
2018-11-22,-2.14,0.30,,
2018-11-23,-1.65,0.57,,
2018-11-24,-0.49,1.42,,
2018-11-25,-0.57,1.22,,
2018-11-26,-1.87,-0.13,,
2018-11-27,-2.03,0.47,,
2018-11-28,-0.11,1.25,,
2018-11-29,-0.58,-0.96,,
2018-11-30,-1.60,-0.40,,
2018-12-01,-2.91,-0.31,,
2018-12-02,-3.32,-0.12,,
2018-12-03,-3.23,0.23,,
2018-12-04,-2.59,-0.09,,
2018-12-05,-2.52,-0.31,,
2018-12-06,-2.74,-0.58,,
2018-12-07,-2.76,-1.01,,
2018-12-08,-3.03,-0.99,,
2018-12-09,-3.98,0.07,,
2018-12-10,-1.89,0.47,,
2018-12-11,-1.55,1.13,,
2018-12-12,-1.00,0.46,,
2018-12-13,-2.60,-0.41,,
2018-12-14,-3.91,0.21,,
2018-12-15,-4.01,0.42,,
2018-12-16,-2.72,0.29,,
2018-12-17,-1.12,1.12,,
2018-12-18,-0.93,1.15,,
2018-12-19,-1.52,0.52,,
2018-12-20,-3.29,0.40,,
2018-12-21,-2.42,0.88,,
2018-12-22,-1.72,0.21,,
2018-12-23,-2.53,-1.02,,
2018-12-24,-2.50,-0.22,,
2018-12-25,-2.97,-0.42,,
2018-12-26,-3.27,-0.58,,
2018-12-27,-4.46,-1.11,,
2018-12-28,-5.17,-0.63,,
2018-12-29,-4.94,-0.69,,
2018-12-30,-4.15,-0.58,,
2018-12-31,-3.76,-1.01,,
2019-01-01,-3.95,-1.44,,
2019-01-02,-3.66,-1.05,,
2019-01-03,-4.13,-0.29,,
2019-01-04,-3.66,0.32,,
2019-01-05,-2.45,0.75,,
2019-01-06,-2.71,0.67,,
2019-01-07,-2.58,-0.00,,
2019-01-08,-2.78,-0.54,,
2019-01-09,-1.98,-0.21,,
2019-01-10,-0.67,1.32,,
2019-01-11,0.84,-0.41,,
2019-01-12,-1.10,-1.14,,
2019-01-13,-2.08,-1.40,,
2019-01-14,-2.11,-0.49,,
2019-01-15,-2.02,0.18,,
2019-01-16,-1.79,0.65,,
2019-01-17,-1.92,-0.78,,
2019-01-18,-2.18,-0.31,,
2019-01-19,-2.24,0.12,,
2019-01-20,-2.73,0.83,,
2019-01-21,-1.93,0.59,,
2019-01-22,-2.74,-1.46,,
2019-01-23,-4.24,-1.14,,
2019-01-24,-4.70,0.08,,
2019-01-25,-3.27,0.58,,
2019-01-26,-3.39,0.48,,
2019-01-27,-2.97,0.69,,
2019-01-28,-1.88,1.32,,
2019-01-29,-1.40,1.26,,
2019-01-30,-1.93,0.59,,
2019-01-31,-2.54,-0.59,,
2019-02-01,-3.24,-0.57,,
2019-02-02,-3.16,-0.11,,
2019-02-03,-2.99,-0.05,,
2019-02-04,-1.91,1.10,,
2019-02-05,-0.93,1.06,,
2019-02-06,-0.85,-0.91,,
2019-02-07,-1.49,-1.98,,
2019-02-08,-2.20,-1.72,,
2019-02-09,-2.76,-2.40,,
2019-02-10,-2.95,-1.71,,
2019-02-11,-3.94,-0.77,,
2019-02-12,-4.09,-0.14,,
2019-02-13,-3.92,0.55,,
2019-02-14,-1.53,1.15,,
2019-02-15,-1.09,1.81,,
2019-02-16,-1.17,1.17,,
2019-02-17,-2.02,0.82,,
2019-02-18,-3.19,0.11,,
2019-02-19,-3.92,-0.55,,
2019-02-20,-3.86,-0.20,,
2019-02-21,-4.25,-0.15,,
2019-02-22,-4.13,0.29,,
2019-02-23,-3.99,-0.56,,
2019-02-24,-3.96,-0.14,,
2019-02-25,-3.36,-0.65,,
2019-02-26,-3.72,-0.93,,
2019-02-27,-4.44,-0.70,,
2019-02-28,-4.10,0.22,,
2019-03-01,-2.94,0.10,,
2019-03-02,-3.18,0.22,,
2019-03-03,-3.23,0.40,,
2019-03-04,-2.64,0.61,,
2019-03-05,-2.40,0.60,,
2019-03-06,-1.65,0.60,,
2019-03-07,-2.18,-0.84,,
2019-03-08,-2.72,-0.88,,
2019-03-09,-3.24,-0.46,,
2019-03-10,-3.65,-0.51,,
2019-03-11,-3.46,-1.26,,
2019-03-12,-2.44,-1.35,,
2019-03-13,-1.44,-1.66,,
2019-03-14,-2.66,-1.47,,
2019-03-15,-2.66,-0.71,,
2019-03-16,-3.36,-0.47,,
2019-03-17,-2.13,-0.61,,
2019-03-18,-1.99,0.76,,
2019-03-19,-2.42,0.78,,
2019-03-20,-2.06,1.05,,
2019-03-21,-1.13,1.61,,
2019-03-22,-1.40,1.35,,
2019-03-23,-1.92,0.34,,
2019-03-24,-2.55,-0.83,,
2019-03-25,-3.10,0.27,,
2019-03-26,-0.64,1.44,,
2019-03-27,-0.41,1.35,,
2019-03-28,-1.18,1.31,,
2019-03-29,1.18,-0.63,,
2019-03-30,-1.07,-1.52,,
2019-03-31,-1.29,-1.29,,
2019-04-01,-2.05,-1.28,,
2019-04-02,-3.04,-1.23,,
2019-04-03,-2.67,-0.57,,
2019-04-04,-3.55,-1.08,,
2019-04-05,-3.62,-0.64,,
2019-04-06,-3.73,0.13,,
2019-04-07,-3.82,-0.13,,
2019-04-08,-3.72,0.06,,
2019-04-09,-3.31,0.58,,
2019-04-10,-2.56,1.20,,
2019-04-11,-1.90,1.48,,
2019-04-12,-2.11,1.03,,
2019-04-13,-3.98,0.35,,
2019-04-14,-4.52,0.55,,
2019-04-15,-3.62,0.38,,
2019-04-16,-2.77,0.44,,
2019-04-17,-3.53,-0.18,,
2019-04-18,-3.90,-0.14,,
2019-04-19,-4.64,-0.16,,
2019-04-20,-4.19,0.37,,
2019-04-21,-3.92,0.21,,
2019-04-22,-3.06,-0.11,,
2019-04-23,-2.30,0.16,,
2019-04-24,-2.11,-0.11,,
2019-04-25,-2.41,-0.56,,
2019-04-26,-3.30,0.35,,
2019-04-27,-2.17,0.92,,
2019-04-28,-2.54,0.40,,
2019-04-29,-3.31,-0.17,,
2019-04-30,-3.89,0.34,,
2019-05-01,-4.37,0.38,,
2019-05-02,-4.29,0.30,,
2019-05-03,-4.65,0.16,,
2019-05-04,-4.21,0.29,,
2019-05-05,-3.60,0.25,,
2019-05-06,-2.98,0.63,,
2019-05-07,-3.02,0.48,,
2019-05-08,-3.68,0.13,,
2019-05-09,-2.98,0.37,,
2019-05-10,-2.86,-0.35,,
2019-05-11,-2.50,0.13,,
2019-05-12,-2.34,0.80,,
2019-05-13,-2.10,0.85,,
2019-05-14,-1.74,1.52,,
2019-05-15,-1.07,1.92,,
2019-05-16,-1.34,1.54,,
2019-05-17,-2.07,0.84,,
2019-05-18,-3.01,0.11,,
2019-05-19,-2.26,0.44,,
2019-05-20,-2.19,0.80,,
2019-05-21,-1.46,1.22,,
2019-05-22,-1.63,0.76,,
2019-05-23,-1.67,-0.24,,
2019-05-24,-2.03,0.18,,
2019-05-25,-2.38,0.04,,
2019-05-26,-2.51,-0.96,,
2019-05-27,-2.37,-0.50,,
2019-05-28,-1.67,0.18,,
2019-05-29,-1.81,0.42,,
2019-05-30,-1.87,0.03,,
2019-05-31,-2.72,0.53,,
2019-06-01,-3.39,0.30,,
2019-06-02,-3.35,0.12,,
2019-06-03,-2.05,0.55,,
2019-06-04,-1.64,0.91,,
2019-06-05,-1.61,0.34,,
2019-06-06,-1.50,0.49,,
2019-06-07,-1.32,1.11,,
2019-06-08,-1.46,1.23,,
2019-06-09,-2.03,0.86,,
2019-06-10,-2.04,0.66,,
2019-06-11,-2.23,0.77,,
2019-06-12,-3.26,0.34,,
2019-06-13,-3.80,0.27,,
2019-06-14,-3.57,-0.06,,
2019-06-15,-3.71,-0.13,,
2019-06-16,-3.62,0.25,,
2019-06-17,-4.13,0.22,,
2019-06-18,-4.21,0.07,,
2019-06-19,-4.28,0.15,,
2019-06-20,-4.20,0.52,,
2019-06-21,-2.86,0.45,,
2019-06-22,-2.68,0.33,,
2019-06-23,-3.10,0.38,,
2019-06-24,-3.28,0.17,,
2019-06-25,-3.17,-0.06,,
2019-06-26,-2.25,-0.20,,
2019-06-27,-3.53,-0.06,,
2019-06-28,-4.10,0.14,,
2019-06-29,-4.33,0.30,,
2019-06-30,-3.82,-0.13,,
2019-07-01,-3.26,0.28,,
2019-07-02,-1.97,0.79,,
2019-07-03,-1.97,0.49,,
2019-07-04,-3.09,0.66,,
2019-07-05,-4.16,-0.07,,
2019-07-06,-4.05,0.14,,
2019-07-07,-3.45,-0.18,,
2019-07-08,-3.23,0.51,,
2019-07-09,-2.23,0.95,,
2019-07-10,-2.43,0.52,,
2019-07-11,-3.23,-0.34,,
2019-07-12,-3.61,-0.44,,
2019-07-13,-3.47,-0.67,,
2019-07-14,-3.79,-0.00,,
2019-07-15,-3.64,-0.19,,
2019-07-16,-3.74,-0.26,,
2019-07-17,-2.65,-0.86,,
2019-07-18,-3.72,0.20,,
2019-07-19,-3.76,-0.07,,
2019-07-20,-2.86,-0.66,,
2019-07-21,-2.75,-0.00,,
2019-07-22,-3.66,0.26,,
2019-07-23,-2.73,0.63,,
2019-07-24,-3.35,-0.06,,
2019-07-25,-3.31,-0.58,,
2019-07-26,-3.97,-0.28,,
2019-07-27,-3.50,-0.12,,
2019-07-28,-1.93,-1.35,,
2019-07-29,-2.47,-1.15,,
2019-07-30,-3.56,-0.00,,
2019-07-31,-2.77,0.34,,
2019-08-01,-2.65,0.86,,
2019-08-02,-3.17,-0.33,,
2019-08-03,-3.13,-0.05,,
2019-08-04,-3.59,0.13,,
2019-08-05,-4.11,0.22,,
2019-08-06,-4.12,0.07,,
2019-08-07,-2.47,0.57,,
2019-08-08,-1.68,1.01,,
2019-08-09,-1.70,0.76,,
2019-08-10,-1.79,1.25,,
2019-08-11,-3.31,0.41,,
2019-08-12,-3.21,0.39,,
2019-08-13,-2.86,0.56,,
2019-08-14,-2.78,0.29,,
2019-08-15,-3.85,0.13,,
2019-08-16,-3.27,-0.52,,
2019-08-17,-1.95,-1.58,,
2019-08-18,-3.27,0.06,,
2019-08-19,-3.50,0.12,,
2019-08-20,-2.97,-0.16,,
2019-08-21,-3.10,-0.22,,
2019-08-22,-2.90,0.05,,
2019-08-23,-2.56,1.09,,
2019-08-24,-3.07,0.49,,
2019-08-25,-2.86,0.61,,
2019-08-26,-2.33,0.85,,
2019-08-27,-2.28,0.65,,
2019-08-28,-2.77,-0.44,,
2019-08-29,-1.24,-0.00,,
2019-08-30,-1.36,1.62,,
2019-08-31,-1.38,1.11,,
2019-09-01,-1.98,0.76,,
2019-09-02,-1.96,0.79,,
2019-09-03,-2.06,1.05,,
2019-09-04,-3.01,0.37,,
2019-09-05,-3.36,-0.59,,
2019-09-06,-2.59,-0.99,,
2019-09-07,-2.38,-0.00,,
2019-09-08,-1.97,-0.24,,
2019-09-09,-1.34,-0.54,,
2019-09-10,-1.54,0.30,,
2019-09-11,-2.15,0.34,,
2019-09-12,-2.03,0.74,,
2019-09-13,-1.68,0.89,,
2019-09-14,-2.56,0.59,,
2019-09-15,-3.37,-0.29,,
2019-09-16,-2.53,-0.45,,
2019-09-17,-2.15,0.58,,
2019-09-18,-0.84,1.30,,
2019-09-19,-2.15,1.05,,
2019-09-20,-1.85,0.75,,
2019-09-21,-0.96,1.10,,
2019-09-22,-1.29,1.53,,
2019-09-23,-0.49,1.06,,
2019-09-24,0.76,0.18,,
2019-09-25,0.34,1.58,,
2019-09-26,0.29,2.80,,
2019-09-27,-0.22,2.56,,
2019-09-28,-0.90,0.46,,
2019-09-29,0.16,-1.00,,
2019-09-30,-0.42,1.56,,
2019-10-01,-0.12,2.33,,
2019-10-02,-0.15,2.11,,
2019-10-03,-0.69,1.31,,
2019-10-04,-1.02,1.10,,
2019-10-05,-1.03,0.93,,
2019-10-06,-1.55,1.01,,
2019-10-07,-2.59,0.50,,
2019-10-08,-2.86,0.15,,
2019-10-09,-2.45,0.30,,
2019-10-10,-2.07,-0.33,,
2019-10-11,-1.62,-0.26,,
2019-10-12,-1.56,-0.08,,
2019-10-13,-1.41,0.15,,
2019-10-14,-1.34,0.05,,
2019-10-15,-1.43,-0.23,,
2019-10-16,-1.61,0.58,,
2019-10-17,-1.78,0.54,,
2019-10-18,-2.12,0.22,,
2019-10-19,-2.13,-0.11,,
2019-10-20,-1.90,0.69,,
2019-10-21,-2.13,-0.61,,
2019-10-22,-1.54,-1.16,,
2019-10-23,-1.37,-1.04,,
2019-10-24,-2.10,-0.49,,
2019-10-25,-3.12,-0.11,,
2019-10-26,-2.53,-0.00,,
2019-10-27,-1.84,-0.53,,
2019-10-28,-2.25,-0.40,,
2019-10-29,-2.10,-1.16,,
2019-10-30,-1.82,-1.42,,
2019-10-31,-1.65,-1.15,,
2019-11-01,-2.03,-1.48,,
2019-11-02,-2.04,-1.08,,
2019-11-03,-1.50,-0.94,,
2019-11-04,-1.72,-1.44,,
2019-11-05,-2.36,-0.68,,
2019-11-06,-3.45,-0.36,,
2019-11-07,-2.98,-0.00,,
2019-11-08,-2.82,0.10,,
2019-11-09,-2.07,0.71,,
2019-11-10,-0.78,1.16,,
2019-11-11,-0.99,0.57,,
2019-11-12,-1.66,0.29,,
2019-11-13,-1.31,0.43,,
2019-11-14,-2.01,-0.21,,
2019-11-15,-2.10,-0.52,,
2019-11-16,-1.53,-0.32,,
2019-11-17,-1.25,0.45,,
2019-11-18,-1.38,0.97,,
2019-11-19,-1.56,0.54,,
2019-11-20,0.63,-1.01,,
2019-11-21,0.54,-2.54,,
2019-11-22,-1.26,-3.29,,
2019-11-23,-1.99,-1.92,,
2019-11-24,-1.13,-0.63,,
2019-11-25,-1.39,0.65,,
2019-11-26,-1.98,-0.28,,
2019-11-27,-1.98,-1.49,,
2019-11-28,-0.49,-2.13,,
2019-11-29,1.23,-2.76,,
2019-11-30,0.55,-2.81,,
2019-12-01,-1.57,-1.46,,
2019-12-02,-1.65,0.57,,
2019-12-03,0.47,1.45,,
2019-12-04,-1.02,0.95,,
2019-12-05,-0.79,1.18,,
2019-12-06,-0.91,-1.16,,
2019-12-07,-1.23,-0.68,,
2019-12-08,-0.86,-1.62,,
2019-12-09,-2.41,-1.39,,
2019-12-10,-3.25,-0.57,,
2019-12-11,-2.99,-1.46,,
2019-12-12,-2.01,-2.01,,
2019-12-13,-2.88,-0.67,,
2019-12-14,-3.08,0.71,,
2019-12-15,-1.98,0.31,,
2019-12-16,-3.52,-0.94,,
2019-12-17,-4.07,-0.28,,
2019-12-18,-1.92,1.11,,
2019-12-19,-2.10,0.76,,
2019-12-20,-2.52,0.31,,
2019-12-21,-2.72,-0.99,,
2019-12-22,-2.81,-0.20,,
2019-12-23,-2.98,0.31,,
2019-12-24,-0.42,2.66,,
2019-12-25,0.80,2.47,,
2019-12-26,-0.07,-1.88,,
2019-12-27,-1.37,-1.63,,
2019-12-28,-1.83,-1.43,,
2019-12-29,-2.88,-1.34,,
2019-12-30,-3.56,-0.82,,
2019-12-31,-2.38,-0.82,,
2020-01-01,-1.88,-0.84,,
2020-01-02,-1.83,-1.28,,
2020-01-03,-2.40,-1.87,,
2020-01-04,-2.64,-0.96,,
2020-01-05,-0.57,-1.75,,
2020-01-06,-0.86,-2.25,,
2020-01-07,-2.27,-1.01,,
2020-01-08,-1.69,-0.86,,
2020-01-09,-3.59,-1.52,,
2020-01-10,-5.17,-0.91,,
2020-01-11,-5.78,-0.92,,
2020-01-12,-4.97,-0.97,,
2020-01-13,-5.09,-1.08,,
2020-01-14,-4.70,-2.09,,
2020-01-15,-3.55,-0.95,,
2020-01-16,-3.48,-1.00,,
2020-01-17,-1.41,-2.89,,
2020-01-18,-3.31,-2.88,,
2020-01-19,-4.87,-0.86,,
2020-01-20,-3.28,-0.00,,
2020-01-21,-1.46,0.65,,
2020-01-22,0.39,2.46,,
2020-01-23,2.11,-2.11,,
2020-01-24,0.21,-1.68,,
2020-01-25,-1.11,-1.04,,
2020-01-26,-1.23,-0.55,,
2020-01-27,-1.66,0.57,,
2020-01-28,1.00,0.60,,
2020-01-29,-0.80,-0.80,,
2020-01-30,-1.25,0.87,,
2020-01-31,-1.35,0.91,,
2020-02-01,-3.27,0.06,,
2020-02-02,0.34,1.94,,
2020-02-03,-0.83,-1.56,,
2020-02-04,-3.18,-1.69,,
2020-02-05,-3.23,-0.45,,
2020-02-06,-3.80,0.67,,
2020-02-07,-3.10,0.89,,
2020-02-08,-3.46,0.36,,
2020-02-09,-3.24,-0.99,,
2020-02-10,-3.29,-0.29,,
2020-02-11,-3.80,0.07,,
2020-02-12,-4.27,-0.45,,
2020-02-13,-4.44,-0.47,,
2020-02-14,-3.46,-0.30,,
2020-02-15,-3.69,-0.26,,
2020-02-16,-3.45,-0.73,,
2020-02-17,-4.04,-0.28,,
2020-02-18,-3.78,-0.60,,
2020-02-19,-4.08,-0.50,,
2020-02-20,-3.55,-0.63,,
2020-02-21,-2.63,0.56,,
2020-02-22,0.61,1.67,,
2020-02-23,0.76,-1.43,,
2020-02-24,-2.47,-2.85,,
2020-02-25,-3.25,-1.31,,
2020-02-26,-3.05,-0.87,,
2020-02-27,-2.97,0.42,,
2020-02-28,-2.07,-0.04,,
2020-02-29,-1.56,-0.90,,
2020-03-01,-1.31,-1.88,,
2020-03-02,-3.38,-2.19,,
2020-03-03,-4.10,-0.87,,
2020-03-04,-3.60,0.13,,
2020-03-05,-3.15,-0.05,,
2020-03-06,-3.26,0.46,,
2020-03-07,-1.56,0.90,,
2020-03-08,-1.44,-2.71,,
2020-03-09,-3.88,-4.16,,
2020-03-10,-2.50,-2.33,,
2020-03-11,-2.33,-0.37,,
2020-03-12,-1.64,0.20,,
2020-03-13,-1.26,-1.05,,
2020-03-14,-1.76,-2.33,,
2020-03-15,-1.89,-2.91,,
2020-03-16,-0.83,-3.33,,
2020-03-17,-1.33,-3.66,,
2020-03-18,-2.40,-2.96,,
2020-03-19,-3.42,-2.49,,
2020-03-20,-3.57,-2.14,,
2020-03-21,-3.52,-1.95,,
2020-03-22,-3.17,-1.69,,
2020-03-23,-3.96,-0.84,,
2020-03-24,-3.35,-1.29,,
2020-03-25,-2.68,-0.62,,
2020-03-26,-2.14,0.22,,
2020-03-27,-1.26,-0.85,,
2020-03-28,-2.25,-1.46,,
2020-03-29,-3.48,-1.00,,
2020-03-30,-3.14,-1.40,,
2020-03-31,-2.53,-0.49,,
2020-04-01,-1.34,1.71,,
2020-04-02,-0.00,1.82,,
2020-04-03,0.41,1.52,,
2020-04-04,-0.15,-1.45,,
2020-04-05,-1.62,-1.36,,
2020-04-06,-2.31,-0.71,,
2020-04-07,-2.38,-1.11,,
2020-04-08,-2.64,-1.07,,
2020-04-09,-2.28,0.40,,
2020-04-10,-1.17,1.25,,
2020-04-11,-0.93,1.67,,
2020-04-12,-3.16,-0.61,,
2020-04-13,-3.38,-0.84,,
2020-04-14,-3.04,-0.82,,
2020-04-15,-3.04,-0.37,,
2020-04-16,-2.90,0.46,,
2020-04-17,-2.80,-0.05,,
2020-04-18,-2.88,0.15,,
2020-04-19,-2.25,0.73,,
2020-04-20,-3.06,0.76,,
2020-04-21,-2.31,1.08,,
2020-04-22,-1.74,0.81,,
2020-04-23,-2.39,-0.29,,
2020-04-24,-4.16,0.22,,
2020-04-25,-3.42,0.36,,
2020-04-26,-4.03,0.42,,
2020-04-27,-3.65,0.64,,
2020-04-28,-2.75,0.43,,
2020-04-29,-3.45,-0.24,,
2020-04-30,-3.51,0.49,,
2020-05-01,-2.66,1.18,,
2020-05-02,-2.23,0.86,,
2020-05-03,-1.97,0.31,,
2020-05-04,-2.19,0.51,,
2020-05-05,-2.25,0.24,,
2020-05-06,-2.28,0.65,,
2020-05-07,-1.22,2.03,,
2020-05-08,-2.36,1.42,,
2020-05-09,-2.70,1.44,,
2020-05-10,-3.39,0.84,,
2020-05-11,-2.91,0.78,,
2020-05-12,-2.64,0.86,,
2020-05-13,-2.67,0.62,,
2020-05-14,-3.18,0.50,,
2020-05-15,-3.61,0.70,,
2020-05-16,-3.44,0.61,,
2020-05-17,-2.96,0.68,,
2020-05-18,-2.49,1.11,,
2020-05-19,-2.68,0.72,,
2020-05-20,-2.30,0.88,,
2020-05-21,-2.01,0.58,,
2020-05-22,-2.00,0.18,,
2020-05-23,-1.72,0.24,,
2020-05-24,-1.86,0.87,,
2020-05-25,-1.82,1.23,,
2020-05-26,-2.52,0.77,,
2020-05-27,-2.15,0.50,,
2020-05-28,-1.38,-0.68,,
2020-05-29,-1.48,1.00,,
2020-05-30,-2.16,0.96,,
2020-05-31,-1.92,0.59,,
2020-06-01,-2.12,0.30,,
2020-06-02,-2.79,-0.20,,
2020-06-03,-3.23,0.11,,
2020-06-04,-3.52,0.56,,
2020-06-05,-4.43,0.62,,
2020-06-06,-3.89,0.34,,
2020-06-07,-3.71,0.32,,
2020-06-08,-2.84,0.25,,
2020-06-09,-2.30,-0.24,,
2020-06-10,-1.88,-0.40,,
2020-06-11,-1.83,0.26,,
2020-06-12,-1.63,0.66,,
2020-06-13,-1.27,1.03,,
2020-06-14,-1.42,1.42,,
2020-06-15,-2.96,0.42,,
2020-06-16,-2.85,0.35,,
2020-06-17,-4.04,0.35,,
2020-06-18,-3.72,0.06,,
2020-06-19,-2.89,0.35,,
2020-06-20,-3.53,0.31,,
2020-06-21,-3.47,0.24,,
2020-06-22,-3.73,-0.13,,
2020-06-23,-2.84,-0.40,,
2020-06-24,-2.40,-0.69,,
2020-06-25,-3.82,-0.20,,
2020-06-26,-3.84,-0.34,,
2020-06-27,-3.40,-0.54,,
2020-06-28,-2.57,-0.50,,
2020-06-29,-2.50,-0.76,,
2020-06-30,-2.56,-0.22,,
2020-07-01,-2.85,0.20,,
2020-07-02,-2.87,0.25,,
2020-07-03,-2.40,0.34,,
2020-07-04,-2.34,0.76,,
2020-07-05,-3.21,0.11,,
2020-07-06,-3.74,0.07,,
2020-07-07,-3.10,-0.66,,
2020-07-08,-3.20,0.45,,
2020-07-09,-2.76,0.54,,
2020-07-10,-3.65,0.19,,
2020-07-11,-3.67,-0.00,,
2020-07-12,-3.03,-0.37,,
2020-07-13,-3.32,0.35,,
2020-07-14,-3.83,0.07,,
2020-07-15,-3.08,-0.65,,
2020-07-16,-3.11,-0.66,,
2020-07-17,-3.26,0.11,,
2020-07-18,-2.92,-0.67,,
2020-07-19,-3.19,-0.11,,
2020-07-20,-3.61,-0.00,,
2020-07-21,-3.29,-0.17,,
2020-07-22,-3.28,-0.34,,
2020-07-23,-3.66,-0.51,,
2020-07-24,-3.85,-0.07,,
2020-07-25,-3.74,-0.07,,
2020-07-26,-3.18,-0.91,,
2020-07-27,-2.58,-1.31,,
2020-07-28,-2.87,-1.59,,
2020-07-29,-2.34,-2.89,,
2020-07-30,-6.49,-1.03,,
2020-07-31,-4.92,2.84,,
2020-08-01,-3.26,0.52,,
2020-08-02,-3.06,0.27,,
2020-08-03,-2.47,0.90,,
2020-08-04,-2.65,0.96,,
2020-08-05,-3.18,0.17,,
2020-08-06,-2.56,-0.18,,
2020-08-07,-2.87,0.20,,
2020-08-08,-3.86,-0.07,,
2020-08-09,-3.11,-0.55,,
2020-08-10,-2.78,-1.18,,
2020-08-11,-3.27,-0.40,,
2020-08-12,-3.51,-0.37,,
2020-08-13,-3.65,-0.51,,
2020-08-14,-2.92,-0.67,,
2020-08-15,-2.52,-0.87,,
2020-08-16,-2.29,-0.28,,
2020-08-17,-2.23,-0.31,,
2020-08-18,-3.66,-0.13,,
2020-08-19,-3.94,0.14,,
2020-08-20,-3.54,0.12,,
2020-08-21,-2.75,-1.11,,
2020-08-22,-1.32,-2.83,,
2020-08-23,-4.07,2.07,,
2020-08-24,-3.43,0.06,,
2020-08-25,-2.50,-0.31,,
2020-08-26,-2.25,0.52,,
2020-08-27,-3.17,-0.00,,
2020-08-28,-3.02,-0.92,,
2020-08-29,-2.38,-0.91,,
2020-08-30,-2.16,-1.10,,
2020-08-31,-3.37,-1.29,,
2020-09-01,-2.86,-0.61,,
2020-09-02,-3.87,-0.48,,
2020-09-03,-3.05,-0.16,,
2020-09-04,-2.75,-0.39,,
2020-09-05,-2.84,-0.35,,
2020-09-06,-3.21,-0.00,,
2020-09-07,-2.53,0.22,,
2020-09-08,-1.97,0.38,,
2020-09-09,-2.21,0.31,,
2020-09-10,-2.45,0.04,,
2020-09-11,-1.90,-0.62,,
2020-09-12,-1.97,0.28,,
2020-09-13,-1.84,0.60,,
2020-09-14,-1.64,0.73,,
2020-09-15,-1.55,-0.14,,
2020-09-16,-2.26,0.08,,
2020-09-17,-2.12,-0.53,,
2020-09-18,-1.07,-1.78,,
2020-09-19,-0.66,-1.55,,
2020-09-20,-0.56,-0.93,,
2020-09-21,-0.76,0.98,,
2020-09-22,0.99,1.36,,
2020-09-23,-0.52,0.80,,
2020-09-24,-1.17,0.47,,
2020-09-25,-1.77,0.12,,
2020-09-26,-1.69,-0.72,,
2020-09-27,-1.23,-1.42,,
2020-09-28,-2.11,-0.33,,
2020-09-29,-2.94,0.52,,
2020-09-30,-2.41,0.69,,
2020-10-01,-2.98,-0.37,,
2020-10-02,-4.38,0.46,,
2020-10-03,-3.78,0.67,,
2020-10-04,-3.00,0.75,,
2020-10-05,-2.78,0.29,,
2020-10-06,-3.31,-0.06,,
2020-10-07,-2.99,0.16,,
2020-10-08,-1.76,0.71,,
2020-10-09,-1.61,0.25,,
2020-10-10,-1.67,-1.17,,
2020-10-11,-1.72,-1.04,,
2020-10-12,-1.78,0.31,,
2020-10-13,-2.06,0.25,,
2020-10-14,-1.33,0.65,,
2020-10-15,-1.87,-0.20,,
2020-10-16,-2.77,-0.44,,
2020-10-17,-2.50,0.31,,
2020-10-18,-2.63,-0.18,,
2020-10-19,-1.62,-0.72,,
2020-10-20,-1.01,-0.82,,
2020-10-21,-1.24,0.75,,
2020-10-22,-1.32,1.37,,
2020-10-23,-1.97,1.00,,
2020-10-24,-2.46,0.90,,
2020-10-25,-3.13,0.78,,
2020-10-26,-3.85,0.07,,
2020-10-27,-2.80,-1.49,,
2020-10-28,-3.16,-0.96,,
2020-10-29,-2.93,-0.78,,
2020-10-30,-3.13,0.05,,
2020-10-31,-3.54,0.06,,
2020-11-01,-3.87,-0.14,,
2020-11-02,-2.75,0.43,,
2020-11-03,-1.52,0.91,,
2020-11-04,-3.12,0.22,,
2020-11-05,-3.25,-0.11,,
2020-11-06,-2.39,-0.17,,
2020-11-07,-2.35,0.76,,
2020-11-08,-1.73,2.06,,
2020-11-09,-1.68,1.62,,
2020-11-10,-1.95,-0.03,,
2020-11-11,-3.39,-0.54,,
2020-11-12,-4.24,0.67,,
2020-11-13,-3.59,0.19,,
2020-11-14,-2.90,-0.72,,
2020-11-15,-2.74,-1.05,,
2020-11-16,-1.81,-0.96,,
2020-11-17,-2.63,-0.28,,
2020-11-18,-1.70,-0.06,,
2020-11-19,-1.84,-0.98,,
2020-11-20,-1.71,-1.11,,
2020-11-21,-2.51,0.09,,
2020-11-22,-1.28,1.64,,
2020-11-23,-0.30,1.70,,
2020-11-24,0.66,-1.62,,
2020-11-25,-2.08,-3.08,,
2020-11-26,-1.79,-2.38,,
2020-11-27,-0.50,-1.53,,
2020-11-28,-1.88,-1.09,,
2020-11-29,-1.72,-1.29,,
2020-11-30,-1.89,-0.92,,
2020-12-01,-1.87,-0.36,,
2020-12-02,-1.98,-0.76,,
2020-12-03,-1.71,-0.95,,
2020-12-04,-2.49,-0.67,,
2020-12-05,-2.29,0.04,,
2020-12-06,-1.71,-0.00,,
2020-12-07,-1.96,0.53,,
2020-12-08,-0.19,1.57,,
2020-12-09,-0.04,1.27,,
2020-12-10,-0.92,-1.53,,
2020-12-11,-1.32,-1.15,,
2020-12-12,-2.51,-0.40,,
2020-12-13,-2.05,-0.75,,
2020-12-14,-2.28,-0.87,,
2020-12-15,-1.60,-1.30,,
2020-12-16,-1.95,-1.22,,
2020-12-17,-1.76,-0.90,,
2020-12-18,-2.17,-0.79,,
2020-12-19,-1.69,-1.81,,
2020-12-20,-2.64,-0.81,,
2020-12-21,-2.93,-0.15,,
2020-12-22,-2.80,-0.10,,
2020-12-23,-2.96,-1.02,,
2020-12-24,-3.98,-0.70,,
2020-12-25,-2.78,-0.24,,
2020-12-26,-1.33,-0.23,,
2020-12-27,-1.36,-0.42,,
2020-12-28,-0.47,-1.36,,
2020-12-29,0.32,-3.07,,
2020-12-30,-2.42,-3.33,,
2020-12-31,-4.37,-1.86,,
2021-01-01,-4.76,-1.36,,
2021-01-02,-4.09,-1.17,,
2021-01-03,-3.33,-0.41,,
2021-01-04,-2.51,-0.96,,
2021-01-05,-1.79,-0.41,,
2021-01-06,-1.03,-1.37,,
2021-01-07,-1.47,-0.95,,
2021-01-08,-2.38,-0.04,,
2021-01-09,-1.33,0.71,,
2021-01-10,-2.00,-0.10,,
2021-01-11,-3.17,-0.91,,
2021-01-12,-3.50,-0.37,,
2021-01-13,-2.69,-0.47,,
2021-01-14,-2.64,0.76,,
2021-01-15,-1.02,1.09,,
2021-01-16,-2.07,0.59,,
2021-01-17,-2.60,0.18,,
2021-01-18,-2.37,0.08,,
2021-01-19,-2.95,-0.85,,
2021-01-20,-2.94,-1.31,,
2021-01-21,-1.71,-0.83,,
2021-01-22,-1.86,-0.64,,
2021-01-23,-2.43,-0.04,,
2021-01-24,-2.10,-1.07,,
2021-01-25,-2.42,-1.51,,
2021-01-26,-3.62,-0.44,,
2021-01-27,-3.08,-0.71,,
2021-01-28,-2.19,-0.04,,
2021-01-29,-0.72,-2.23,,
2021-01-30,-2.69,-3.20,,
2021-01-31,-3.77,-1.92,,
2021-02-01,-2.87,0.10,,
2021-02-02,-0.30,2.83,,
2021-02-03,-0.28,-1.20,,
2021-02-04,-0.83,-1.85,,
2021-02-05,-2.98,-0.47,,
2021-02-06,-3.93,0.48,,
2021-02-07,-3.79,0.40,,
2021-02-08,-3.13,-0.00,,
2021-02-09,-3.98,-0.42,,
2021-02-10,-3.35,-0.71,,
2021-02-11,-3.48,-0.74,,
2021-02-12,-3.90,0.34,,
2021-02-13,-4.12,0.43,,
2021-02-14,-3.95,0.70,,
2021-02-15,-4.30,0.60,,
2021-02-16,-4.06,0.36,,
2021-02-17,-4.02,-0.00,,
2021-02-18,-4.49,-0.31,,
2021-02-19,-4.15,0.14,,
2021-02-20,-2.77,0.10,,
2021-02-21,-2.86,-0.50,,
2021-02-22,-3.59,-1.10,,
2021-02-23,-3.40,0.06,,
2021-02-24,-3.60,0.38,,
2021-02-25,-3.87,-0.48,,
2021-02-26,-4.30,-0.91,,
2021-02-27,-4.71,-1.26,,
2021-02-28,-4.71,-1.35,,
2021-03-01,-4.04,-1.72,,
2021-03-02,-3.28,-1.00,,
2021-03-03,-3.24,0.06,,
2021-03-04,-0.44,1.64,,
2021-03-05,-0.35,1.78,,
2021-03-06,-1.28,1.47,,
2021-03-07,-1.85,1.03,,
2021-03-08,-1.35,-0.98,,
2021-03-09,-2.16,-2.48,,
2021-03-10,-2.92,-1.90,,
2021-03-11,-1.69,-1.05,,
2021-03-12,-1.58,-1.47,,
2021-03-13,-0.91,-1.78,,
2021-03-14,-2.24,-2.16,,
2021-03-15,-1.43,-1.53,,
2021-03-16,-2.50,-2.25,,
2021-03-17,-3.37,-1.43,,
2021-03-18,-3.53,-0.88,,
2021-03-19,-3.40,-0.36,,
2021-03-20,-3.42,-0.18,,
2021-03-21,-3.70,0.26,,
2021-03-22,-2.23,0.81,,
2021-03-23,-1.93,0.74,,
2021-03-24,-2.56,0.04,,
2021-03-25,-3.31,-0.41,,
2021-03-26,-3.96,-1.21,,
2021-03-27,-4.11,-1.26,,
2021-03-28,-4.44,-0.86,,
2021-03-29,-3.86,-0.54,,
2021-03-30,-4.51,-0.39,,
2021-03-31,-4.30,-0.84,,
2021-04-01,-4.06,-0.07,,
2021-04-02,-2.86,0.61,,
2021-04-03,-1.52,0.68,,
2021-04-04,-0.23,-1.90,,
2021-04-05,-1.66,-2.77,,
2021-04-06,-3.58,-2.33,,
2021-04-07,-2.73,-1.64,,
2021-04-08,-3.11,-1.38,,
2021-04-09,-3.27,-0.94,,
2021-04-10,-3.15,-0.67,,
2021-04-11,-3.01,-0.21,,
2021-04-12,-1.45,1.17,,
2021-04-13,1.82,0.56,,
2021-04-14,0.25,-2.85,,
2021-04-15,-1.62,-1.86,,
2021-04-16,-2.14,0.30,,
2021-04-17,-2.08,0.80,,
2021-04-18,-1.55,1.25,,
2021-04-19,-2.12,1.08,,
2021-04-20,-2.15,1.09,,
2021-04-21,-3.52,0.56,,
2021-04-22,-3.29,0.58,,
2021-04-23,-2.85,0.45,,
2021-04-24,-3.81,-0.00,,
2021-04-25,-3.98,0.35,,
2021-04-26,-2.24,0.77,,
2021-04-27,-2.10,-1.12,,
2021-04-28,-2.34,-1.58,,
2021-04-29,-3.00,-0.97,,
2021-04-30,-3.16,-0.28,,
2021-05-01,-2.73,0.38,,
2021-05-02,-3.23,-0.11,,
2021-05-03,-3.56,-0.25,,
2021-05-04,-3.53,-0.50,,
2021-05-05,-3.65,0.32,,
2021-05-06,-3.55,0.25,,
2021-05-07,-3.36,0.53,,
2021-05-08,-2.66,0.81,,
2021-05-09,-3.30,0.29,,
2021-05-10,-3.78,0.07,,
2021-05-11,-3.75,0.26,,
2021-05-12,-4.08,0.07,,
2021-05-13,-4.03,0.21,,
2021-05-14,-3.41,0.36,,
2021-05-15,-2.15,0.87,,
2021-05-16,-1.85,0.99,,
2021-05-17,-2.37,0.86,,
2021-05-18,-2.00,0.85,,
2021-05-19,-1.78,0.98,,
2021-05-20,-1.73,-0.37,,
2021-05-21,-2.60,-0.55,,
2021-05-22,-2.72,-0.88,,
2021-05-23,-3.12,-0.38,,
2021-05-24,-2.85,-1.15,,
2021-05-25,-3.01,-0.98,,
2021-05-26,-3.11,-0.72,,
2021-05-27,-2.80,-0.39,,
2021-05-28,-2.42,-0.56,,
2021-05-29,-2.56,0.31,,
2021-05-30,-3.04,0.11,,
2021-05-31,-3.64,-0.32,,
2021-06-01,-3.49,-0.12,,
2021-06-02,-3.65,-0.00,,
2021-06-03,-3.59,-0.06,,
2021-06-04,-3.96,-0.00,,
2021-06-05,-3.98,-0.00,,
2021-06-06,-3.55,-0.31,,
2021-06-07,-3.17,-0.91,,
2021-06-08,-2.57,-0.55,,
2021-06-09,-2.82,-0.35,,
2021-06-10,-2.47,-0.30,,
2021-06-11,-2.69,0.05,,
2021-06-12,-2.26,0.52,,
2021-06-13,-2.26,0.65,,
2021-06-14,-3.56,0.44,,
2021-06-15,-3.95,0.14,,
2021-06-16,-4.05,0.07,,
2021-06-17,-4.20,0.22,,
2021-06-18,-3.87,0.68,,
2021-06-19,-3.94,0.14,,
2021-06-20,-3.94,-0.07,,
2021-06-21,-3.67,0.06,,
2021-06-22,-3.48,-0.55,,
2021-06-23,-3.42,-0.30,,
2021-06-24,-2.93,-0.73,,
2021-06-25,-2.71,-0.48,,
2021-06-26,-2.45,-0.34,,
2021-06-27,-1.88,0.50,,
2021-06-28,-3.03,0.37,,
2021-06-29,-3.17,0.17,,
2021-06-30,-3.73,0.26,,
2021-07-01,-3.72,-0.06,,
2021-07-02,-4.52,0.40,,
2021-07-03,-5.18,0.73,,
2021-07-04,-3.99,0.92,,
2021-07-05,-4.03,0.35,,
2021-07-06,-3.40,0.60,,
2021-07-07,-4.18,-0.00,,
2021-07-08,-4.44,-0.08,,
2021-07-09,-4.05,-0.94,,
2021-07-10,-3.57,-0.31,,
2021-07-11,-3.61,-0.57,,
2021-07-12,-3.99,-0.21,,
2021-07-13,-3.31,-0.95,,
2021-07-14,-2.42,-0.88,,
2021-07-15,-2.69,-0.24,,
2021-07-16,-3.06,0.16,,
2021-07-17,-3.71,-0.19,,
2021-07-18,-3.48,-0.37,,
2021-07-19,-3.41,-0.12,,
2021-07-20,-3.41,0.36,,
2021-07-21,-3.22,-0.00,,
2021-07-22,-3.51,-0.31,,
2021-07-23,-3.41,-0.30,,
2021-07-24,-2.48,-0.30,,
2021-07-25,-1.45,1.17,,
2021-07-26,-1.85,0.67,,
2021-07-27,-3.06,-0.32,,
2021-07-28,-2.97,-0.58,,
2021-07-29,-3.59,0.44,,
2021-07-30,-3.45,0.12,,
2021-07-31,-3.57,-0.00,,
2021-08-01,-3.83,0.20,,
2021-08-02,-2.86,-0.15,,
2021-08-03,-2.84,0.15,,
2021-08-04,-2.45,0.34,,
2021-08-05,-2.92,0.10,,
2021-08-06,-2.95,-0.26,,
2021-08-07,-2.11,-0.81,,
2021-08-08,-2.20,-1.17,,
2021-08-09,-3.08,-0.49,,
2021-08-10,-2.34,-1.58,,
2021-08-11,-4.65,-0.82,,
2021-08-12,-2.10,0.68,,
2021-08-13,-3.45,-0.30,,
2021-08-14,-2.08,-0.97,,
2021-08-15,-2.93,-1.07,,
2021-08-16,-3.31,0.52,,
2021-08-17,-2.91,0.62,,
2021-08-18,-3.11,-0.44,,
2021-08-19,-2.93,-0.31,,
2021-08-20,-3.07,-0.43,,
2021-08-21,-3.69,-0.00,,
2021-08-22,-3.72,-0.72,,
2021-08-23,-3.81,-1.31,,
2021-08-24,-2.37,-1.43,,
2021-08-25,-3.69,0.19,,
2021-08-26,-3.53,0.25,,
2021-08-27,-3.47,0.24,,
2021-08-28,-3.58,-0.00,,
2021-08-29,-2.36,-0.68,,
2021-08-30,-1.29,-1.29,,
2021-08-31,-1.24,-0.29,,
2021-09-01,-1.10,1.14,,
2021-09-02,-1.71,0.95,,
2021-09-03,-2.22,0.72,,
2021-09-04,-3.30,0.17,,
2021-09-05,-2.99,-0.00,,
2021-09-06,-2.57,-0.74,,
2021-09-07,-2.47,-0.66,,
2021-09-08,-2.40,-0.08,,
2021-09-09,-1.87,0.91,,
2021-09-10,-2.37,0.50,,
2021-09-11,-2.80,-0.49,,
2021-09-12,-2.93,-0.57,,
2021-09-13,-1.95,-0.31,,
2021-09-14,-1.98,0.07,,
2021-09-15,-1.29,1.09,,
2021-09-16,-1.23,0.93,,
2021-09-17,-2.58,-0.79,,
2021-09-18,-2.73,-0.78,,
2021-09-19,-1.88,-1.18,,
2021-09-20,-1.41,-1.51,,
2021-09-21,-0.85,-1.61,,
2021-09-22,0.74,-0.95,,
2021-09-23,0.74,1.02,,
2021-09-24,0.54,0.63,,
2021-09-25,-0.37,0.93,,
2021-09-26,-1.42,0.17,,
2021-09-27,-1.63,0.35,,
2021-09-28,-1.80,0.38,,
2021-09-29,-1.18,0.57,,
2021-09-30,-1.15,-0.35,,
2021-10-01,-1.32,0.05,,
2021-10-02,-2.13,-0.41,,
2021-10-03,-1.96,0.38,,
2021-10-04,-3.12,0.55,,
2021-10-05,-4.43,0.86,,
2021-10-06,-4.23,-0.30,,
2021-10-07,-2.70,-1.14,,
2021-10-08,-2.34,-0.12,,
2021-10-09,-2.70,0.28,,
2021-10-10,-2.67,0.42,,
2021-10-11,-2.92,0.05,,
2021-10-12,-1.20,1.59,,
2021-10-13,-0.46,1.03,,
2021-10-14,1.31,0.43,,
2021-10-15,1.34,-0.33,,
2021-10-16,0.93,-0.70,,
2021-10-17,0.72,0.56,,
2021-10-18,-0.87,0.11,,
2021-10-19,-1.19,-0.81,,
2021-10-20,-1.59,-0.96,,
2021-10-21,-1.77,0.06,,
2021-10-22,-2.34,0.81,,
2021-10-23,-3.19,0.92,,
2021-10-24,-2.99,0.16,,
2021-10-25,-2.74,-0.10,,
2021-10-26,-1.02,1.26,,
2021-10-27,-0.44,1.44,,
2021-10-28,-0.63,1.74,,
2021-10-29,-1.49,1.12,,
2021-10-30,-1.40,1.31,,
2021-10-31,-1.17,1.25,,
2021-11-01,-1.91,0.30,,
2021-11-02,-1.94,-0.20,,
2021-11-03,-2.35,-0.42,,
2021-11-04,-1.99,-0.35,,
2021-11-05,-2.11,0.89,,
2021-11-06,-1.64,1.23,,
2021-11-07,-1.62,1.09,,
2021-11-08,-0.92,1.02,,
2021-11-09,-1.30,-0.47,,
2021-11-10,-2.14,-0.46,,
2021-11-11,-2.68,0.23,,
2021-11-12,-3.16,-0.39,,
2021-11-13,-2.56,-0.18,,
2021-11-14,-3.11,0.11,,
2021-11-15,-3.12,-0.11,,
2021-11-16,-2.73,-0.53,,
2021-11-17,-2.89,-1.35,,
2021-11-18,-3.12,-1.26,,
2021-11-19,-2.43,-0.70,,
2021-11-20,-2.61,-0.27,,
2021-11-21,-2.56,-0.54,,
2021-11-22,-2.33,0.33,,
2021-11-23,0.03,1.59,,
2021-11-24,1.17,-1.80,,
2021-11-25,-0.15,-2.09,,
2021-11-26,-1.60,-1.71,,
2021-11-27,-1.86,-0.64,,
2021-11-28,-1.78,-0.87,,
2021-11-29,-1.78,0.35,,
2021-11-30,-1.16,-1.08,,
2021-12-01,-1.98,-0.72,,
2021-12-02,-2.38,-0.21,,
2021-12-03,-1.96,-0.24,,
2021-12-04,-2.36,-1.15,,
2021-12-05,-3.22,-0.28,,
2021-12-06,-3.27,-0.23,,
2021-12-07,-2.86,-0.10,,
2021-12-08,-2.99,-0.31,,
2021-12-09,-2.36,-1.15,,
2021-12-10,-2.07,-1.20,,
2021-12-11,-3.08,-1.00,,
2021-12-12,-2.35,-1.41,,
2021-12-13,-2.32,-1.57,,
2021-12-14,-2.64,-1.46,,
2021-12-15,-2.41,-1.17,,
2021-12-16,-3.76,-0.80,,
2021-12-17,-3.67,-0.45,,
2021-12-18,-3.61,-0.70,,
2021-12-19,-3.10,-0.89,,
2021-12-20,-2.73,0.05,,
2021-12-21,-2.63,-0.23,,
2021-12-22,-1.47,1.15,,
2021-12-23,-0.21,1.70,,
2021-12-24,0.67,-1.16,,
2021-12-25,-1.32,-1.28,,
2021-12-26,-1.56,-0.66,,
2021-12-27,-0.85,-1.75,,
2021-12-28,-2.10,-0.76,,
2021-12-29,-3.01,-0.81,,
2021-12-30,-3.04,-0.93,,
2021-12-31,-3.08,-0.83,,
2022-01-01,-3.26,-1.00,-0.051,0.021
2022-01-02,-2.75,0.05,-0.037,0.017
2022-01-03,-2.05,0.44,-0.021,0.006
2022-01-04,-2.19,-0.11,-0.024,-0.002
2022-01-05,-2.88,-0.35,-0.032,0.017
2022-01-06,-2.81,0.20,-0.034,0.017
2022-01-07,-2.61,-0.60,-0.037,0.012
2022-01-08,-2.29,-0.79,-0.029,0.005
2022-01-09,-2.67,-1.42,-0.044,0.007
2022-01-10,-1.84,-1.24,-0.039,0.000
2022-01-11,-1.60,-1.00,-0.024,-0.016
2022-01-12,-2.25,-0.04,-0.043,-0.007
2022-01-13,-0.03,1.95,-0.004,-0.012
2022-01-14,0.33,2.08,0.001,-0.024
2022-01-15,-0.94,-0.57,-0.010,-0.031
2022-01-16,-1.75,0.28,-0.017,-0.017
2022-01-17,-0.85,1.73,-0.015,-0.007
2022-01-18,-0.98,1.45,-0.012,-0.012
2022-01-19,-3.03,-0.26,-0.044,0.007
2022-01-20,-3.58,0.38,-0.054,0.019
2022-01-21,-4.03,0.35,-0.065,0.019
2022-01-22,-3.76,0.07,-0.060,0.016
2022-01-23,-2.56,0.50,-0.039,-0.000
2022-01-24,-1.29,1.33,-0.024,-0.010
2022-01-25,-1.59,0.81,-0.019,-0.010
2022-01-26,-2.63,0.05,-0.037,0.005
2022-01-27,-2.29,-0.53,-0.037,0.014
2022-01-28,-2.05,0.29,-0.029,0.012
2022-01-29,-0.99,1.65,-0.016,0.003
2022-01-30,-0.28,-1.31,-0.012,-0.013
2022-01-31,0.83,-0.96,-0.002,-0.019
2022-02-01,-1.36,-1.57,-0.017,-0.006
2022-02-02,-2.25,-0.91,-0.030,-0.001
2022-02-03,-1.80,-1.35,-0.024,0.001
2022-02-04,-2.30,-2.07,-0.043,0.010
2022-02-05,-2.81,-1.37,-0.043,0.007
2022-02-06,-2.53,-0.63,-0.049,0.009
2022-02-07,-3.10,-0.44,-0.049,0.019
2022-02-08,-3.23,0.23,-0.053,0.012
2022-02-09,-3.62,0.57,-0.058,0.012
2022-02-10,-2.89,0.83,-0.049,-0.000
2022-02-11,-3.42,0.54,-0.049,0.005
2022-02-12,-4.07,0.28,-0.070,0.021
2022-02-13,-3.96,-0.00,-0.061,0.021
2022-02-14,-2.46,-0.22,-0.047,0.021
2022-02-15,-2.95,-1.07,-0.048,0.010
2022-02-16,-3.42,-1.18,-0.054,0.017
2022-02-17,-3.29,-0.46,-0.058,0.014
2022-02-18,-3.04,-1.05,-0.053,0.014
2022-02-19,-2.34,-0.94,-0.044,0.005
2022-02-20,-2.20,-1.48,-0.037,0.012
2022-02-21,-2.37,-1.00,-0.051,0.002
2022-02-22,-2.44,-1.35,-0.042,0.002
2022-02-23,-2.09,-2.09,-0.032,0.005
2022-02-24,-2.15,-2.76,-0.041,-0.008
2022-02-25,-1.75,-1.47,-0.033,-0.001
2022-02-26,-2.46,-0.85,-0.042,0.003
2022-02-27,-2.77,-0.74,-0.046,0.005
2022-02-28,-2.00,-0.03,-0.041,-0.002
2022-03-01,-1.55,1.08,-0.034,-0.018
2022-03-02,-1.32,1.07,-0.030,-0.013
2022-03-03,-2.72,-0.19,-0.048,-0.001
2022-03-04,-2.73,-0.83,-0.049,0.016
2022-03-05,-2.57,-0.89,-0.047,0.008
2022-03-06,-3.34,-1.08,-0.061,0.024
2022-03-07,-3.79,-1.01,-0.065,0.024
2022-03-08,-3.19,-0.74,-0.061,0.019
2022-03-09,-3.84,-0.40,-0.066,0.026
2022-03-10,-3.89,-0.20,-0.074,0.019
2022-03-11,-4.30,0.30,-0.073,0.024
2022-03-12,-4.17,0.37,-0.066,0.024
2022-03-13,-2.88,0.20,-0.046,0.014
2022-03-14,-4.16,-0.73,-0.068,0.026
2022-03-15,-4.07,-0.50,-0.067,0.033
2022-03-16,-4.02,-0.35,-0.062,0.026
2022-03-17,-4.46,0.79,-0.069,0.029
2022-03-18,-4.40,0.46,-0.066,0.026
2022-03-19,-4.06,-0.36,-0.065,0.024
2022-03-20,-4.12,-0.07,-0.062,0.024
2022-03-21,-3.39,-0.00,-0.053,0.019
2022-03-22,-3.52,-0.49,-0.049,0.024
2022-03-23,-4.75,-0.17,-0.069,0.035
2022-03-24,-4.33,0.38,-0.066,0.033
2022-03-25,-4.24,0.45,-0.068,0.024
2022-03-26,-2.02,1.31,-0.037,0.014
2022-03-27,-0.58,1.31,-0.031,0.008
2022-03-28,0.72,-1.98,-0.012,-0.018
2022-03-29,-1.44,-1.91,-0.026,0.001
2022-03-30,-2.34,-1.64,-0.032,0.015
2022-03-31,-3.74,-0.20,-0.050,0.029
2022-04-01,-4.26,0.22,-0.065,0.028
2022-04-02,-3.55,0.31,-0.051,0.024
2022-04-03,-2.54,0.97,-0.049,0.017
2022-04-04,-1.94,1.26,-0.032,0.002
2022-04-05,-2.11,0.65,-0.035,0.002
2022-04-06,-2.94,0.52,-0.044,0.015
2022-04-07,-3.74,0.46,-0.061,0.017
2022-04-08,-3.76,0.33,-0.061,0.014
2022-04-09,-2.98,0.80,-0.045,0.012
2022-04-10,-1.77,0.90,-0.035,0.005
2022-04-11,-2.74,-0.68,-0.042,0.014
2022-04-12,-3.45,-1.19,-0.056,0.012
2022-04-13,-3.71,-0.26,-0.061,0.021
2022-04-14,-4.30,0.15,-0.068,0.024
2022-04-15,-3.96,-0.07,-0.057,0.021
2022-04-16,-4.01,0.07,-0.058,0.012
2022-04-17,-2.83,0.87,-0.041,0.010
2022-04-18,-1.79,1.61,-0.025,0.010
2022-04-19,-1.88,1.63,-0.047,0.006
2022-04-20,-1.55,1.35,-0.023,0.019
2022-04-21,-3.32,0.06,-0.043,0.019
2022-04-22,-3.07,-0.76,-0.046,0.014
2022-04-23,-2.75,-1.40,-0.044,0.012
2022-04-24,-3.49,-1.20,-0.056,0.016
2022-04-25,-3.13,-0.78,-0.049,0.017
2022-04-26,-1.97,-1.83,-0.034,-0.006
2022-04-27,-1.86,-2.00,-0.021,0.001
2022-04-28,-2.35,-1.09,-0.025,0.006
2022-04-29,-2.30,-0.84,-0.026,0.001
2022-04-30,-2.80,-0.44,-0.032,0.014
2022-05-01,-2.50,-0.04,-0.027,0.005
2022-05-02,-1.99,0.97,-0.027,-0.014
2022-05-03,-3.90,0.14,-0.050,0.010
2022-05-04,-4.24,0.07,-0.066,0.022
2022-05-05,-3.84,0.40,-0.061,0.017
2022-05-06,-2.48,0.81,-0.053,0.002
2022-05-07,-1.82,0.89,-0.030,-0.000
2022-05-08,-1.80,1.51,-0.025,-0.000
2022-05-09,-0.80,1.89,-0.023,0.005
2022-05-10,-1.02,1.92,-0.018,0.005
2022-05-11,-1.03,2.01,-0.018,0.017
2022-05-12,-2.03,1.27,-0.023,0.012
2022-05-13,-4.37,0.69,-0.060,0.012
2022-05-14,-4.03,0.71,-0.056,0.009
2022-05-15,-3.49,0.61,-0.056,0.003
2022-05-16,-2.63,1.01,-0.034,0.001
2022-05-17,-2.23,1.13,-0.027,-0.000
2022-05-18,-2.26,0.65,-0.038,-0.002
2022-05-19,-1.89,0.88,-0.023,-0.005
2022-05-20,-2.71,0.78,-0.048,0.015
2022-05-21,-3.84,-0.00,-0.060,0.019
2022-05-22,-3.57,-0.25,-0.055,0.019
2022-05-23,-3.06,-0.05,-0.048,0.019
2022-05-24,-2.91,-0.56,-0.036,0.012
2022-05-25,-3.11,-0.27,-0.041,0.017
2022-05-26,-2.67,-0.19,-0.039,0.015
2022-05-27,-2.89,0.35,-0.035,0.014
2022-05-28,-3.42,0.48,-0.037,0.012
2022-05-29,-4.00,0.14,-0.056,0.021
2022-05-30,-4.15,-0.00,-0.065,0.016
2022-05-31,-4.14,0.29,-0.061,0.024
2022-06-01,-3.26,0.52,-0.037,0.007
2022-06-02,-2.21,0.85,-0.035,-0.000
2022-06-03,-2.12,1.38,-0.028,-0.000
2022-06-04,-1.55,2.14,-0.028,0.007
2022-06-05,-0.96,3.59,0.005,0.031
2022-06-06,-2.19,1.37,-0.003,0.007
2022-06-07,-3.17,0.50,-0.046,0.010
2022-06-08,-3.35,0.35,-0.056,0.012
2022-06-09,-3.02,0.11,-0.043,0.009
2022-06-10,-3.56,0.19,-0.053,0.014
2022-06-11,-3.78,0.07,-0.050,0.016
2022-06-12,-3.80,0.40,-0.047,0.010
2022-06-13,-3.43,-0.06,-0.045,0.015
2022-06-14,-3.26,-0.57,-0.044,0.017
2022-06-15,-2.98,0.21,-0.043,0.012
2022-06-16,-1.97,0.45,-0.027,0.006
2022-06-17,-2.36,0.25,-0.026,0.010
2022-06-18,-2.02,1.58,-0.028,0.009
2022-06-19,-2.22,0.55,-0.028,0.003
2022-06-20,-3.61,-0.32,-0.049,0.024
2022-06-21,-2.85,-0.40,-0.045,0.019
2022-06-22,-2.05,0.79,-0.017,-0.001
2022-06-23,-1.66,0.96,-0.018,-0.014
2022-06-24,-2.23,0.52,-0.026,-0.003
2022-06-25,-3.11,0.66,-0.030,0.007
2022-06-26,-2.38,0.82,-0.027,0.007
2022-06-27,-3.29,0.52,-0.038,0.005
2022-06-28,-3.89,0.07,-0.058,0.022
2022-06-29,-4.11,-0.36,-0.064,0.021
2022-06-30,-3.86,-0.68,-0.051,0.019
2022-07-01,-3.50,-0.49,-0.051,0.010
2022-07-02,-4.22,-0.97,-0.068,0.017
2022-07-03,-2.99,1.21,-0.044,0.007
2022-07-04,-2.79,-0.05,-0.040,0.010
2022-07-05,-3.24,-0.69,-0.044,0.012
2022-07-06,-2.93,-0.05,-0.044,0.012
2022-07-07,-2.30,0.36,-0.037,0.000
2022-07-08,-3.74,0.07,-0.053,0.002
2022-07-09,-3.52,0.49,-0.043,0.009
2022-07-10,-3.51,-0.00,-0.044,0.012
2022-07-11,-3.12,0.22,-0.042,0.012
2022-07-12,-3.18,0.22,-0.035,0.014
2022-07-13,-3.22,-0.39,-0.037,0.008
2022-07-14,-3.50,0.06,-0.048,0.014
2022-07-15,-3.17,-0.33,-0.045,0.008
2022-07-16,-3.84,0.20,-0.045,0.021
2022-07-17,-4.72,-0.16,-0.059,0.026
2022-07-18,-3.39,-0.78,-0.048,0.015
2022-07-19,-3.38,-0.18,-0.045,0.017
2022-07-20,-3.82,0.13,-0.048,0.017
2022-07-21,-3.83,-0.20,-0.053,0.016
2022-07-22,-3.33,-0.41,-0.055,0.003
2022-07-23,-3.72,-1.14,-0.057,0.005
2022-07-24,-3.00,-0.92,-0.047,0.009
2022-07-25,-3.92,0.34,-0.065,0.014
2022-07-26,-4.12,-0.36,-0.072,0.012
2022-07-27,-2.65,-1.07,-0.034,-0.002
2022-07-28,-2.70,-0.57,-0.039,0.005
2022-07-29,-3.52,-0.31,-0.048,0.014
2022-07-30,-3.83,-1.03,-0.063,0.019
2022-07-31,-4.51,-0.39,-0.070,0.022
2022-08-01,-3.36,-1.50,-0.056,0.007
2022-08-02,-2.68,-0.87,-0.039,0.005
2022-08-03,-2.97,-0.16,-0.042,0.005
2022-08-04,-4.10,0.07,-0.063,0.014
2022-08-05,-3.87,-0.75,-0.061,0.017
2022-08-06,-3.61,-0.57,-0.050,0.007
2022-08-07,-3.22,-1.37,-0.053,0.007
2022-08-08,-3.52,-0.69,-0.065,-0.000
2022-08-09,-3.94,-1.28,-0.067,0.019
2022-08-10,-2.98,-1.08,-0.040,0.010
2022-08-11,-3.29,-0.06,-0.045,0.014
2022-08-12,-3.54,0.25,-0.044,0.017
2022-08-13,-2.39,0.38,-0.027,0.007
2022-08-14,-2.37,-0.29,-0.028,-0.004
2022-08-15,-2.14,0.26,-0.027,-0.003
2022-08-16,-1.38,0.70,-0.018,-0.007
2022-08-17,-1.68,-0.42,-0.025,-0.012
2022-08-18,-2.25,-0.64,-0.043,0.001
2022-08-19,-3.07,-0.27,-0.044,0.007
2022-08-20,-3.16,-0.91,-0.054,-0.002
2022-08-21,-3.19,-0.11,-0.052,0.001
2022-08-22,-2.53,0.27,-0.044,0.002
2022-08-23,-0.96,1.18,-0.019,-0.002
2022-08-24,-1.88,1.13,-0.030,-0.000
2022-08-25,-2.98,-0.16,-0.036,0.002
2022-08-26,-2.60,-0.70,-0.043,0.010
2022-08-27,-2.48,0.62,-0.032,0.005
2022-08-28,-3.01,0.48,-0.035,0.007
2022-08-29,-2.88,0.05,-0.044,0.007
2022-08-30,-2.23,0.04,-0.030,-0.000
2022-08-31,-2.01,-0.35,-0.035,0.002
2022-09-01,-1.47,-1.03,-0.030,-0.005
2022-09-02,-2.02,-1.36,-0.041,0.000
2022-09-03,-1.23,-1.64,-0.025,-0.002
2022-09-04,-0.63,-2.19,-0.028,-0.011
2022-09-05,-0.40,-1.90,-0.023,-0.015
2022-09-06,0.57,-1.48,-0.019,-0.021
2022-09-07,1.36,0.55,-0.004,-0.005
2022-09-08,0.92,1.53,0.010,0.009
2022-09-09,-0.78,1.15,-0.013,0.004
2022-09-10,-1.88,0.43,-0.026,0.011
2022-09-11,-1.99,-0.17,-0.025,0.022
2022-09-12,-1.78,0.19,-0.023,0.021
2022-09-13,-1.77,0.75,-0.023,0.010
2022-09-14,-3.09,0.27,-0.034,0.012
2022-09-15,-3.32,-0.70,-0.049,0.014
2022-09-16,-3.04,-1.05,-0.051,0.007
2022-09-17,-2.87,-1.34,-0.049,0.005
2022-09-18,-2.25,-3.22,-0.050,-0.007
2022-09-19,-5.88,-4.43,-0.074,0.025
2022-09-20,-1.11,5.70,-0.022,0.057
2022-09-21,-0.18,5.09,0.001,0.038
2022-09-22,-0.39,2.75,-0.002,0.005
2022-09-23,-1.52,0.68,0.006,-0.030
2022-09-24,-1.92,0.85,-0.014,0.007
2022-09-25,-2.64,0.51,-0.019,0.004
2022-09-26,-3.18,0.56,-0.034,0.017
2022-09-27,-2.98,0.97,-0.032,0.012
2022-09-28,-2.57,-0.00,-0.022,-0.002
2022-09-29,-1.65,0.23,-0.009,-0.000
2022-09-30,-0.55,2.06,0.013,-0.005
2022-10-01,-0.87,2.40,0.011,0.005
2022-10-02,-0.34,2.73,0.027,0.011
2022-10-03,-1.24,1.59,0.004,0.007
2022-10-04,-1.55,0.53,-0.036,0.005
2022-10-05,-2.26,0.28,-0.041,0.017
2022-10-06,-2.86,-0.05,-0.029,0.003
2022-10-07,-3.42,-0.36,-0.042,0.014
2022-10-08,-3.22,-0.51,-0.045,0.015
2022-10-09,-2.79,-0.34,-0.036,0.008
2022-10-10,-2.83,0.20,-0.024,0.001
2022-10-11,-2.17,0.04,-0.024,-0.006
2022-10-12,-2.46,-0.66,-0.032,-0.007
2022-10-13,-2.47,0.48,-0.032,-0.007
2022-10-14,-1.39,1.01,-0.021,-0.005
2022-10-15,-1.84,0.67,-0.025,0.000
2022-10-16,-1.79,0.32,-0.027,0.007
2022-10-17,-1.47,0.56,0.000,0.005
2022-10-18,-1.40,0.81,-0.018,0.000
2022-10-19,-1.32,1.03,-0.015,-0.004
2022-10-20,-2.15,0.38,-0.030,-0.000
2022-10-21,-2.60,0.51,-0.025,0.005
2022-10-22,-2.47,-0.30,-0.030,0.005
2022-10-23,-2.07,-0.25,-0.022,-0.006
2022-10-24,-1.60,0.20,-0.016,-0.014
2022-10-25,-1.01,0.76,-0.005,-0.012
2022-10-26,-1.18,-0.86,-0.005,-0.005
2022-10-27,-1.36,-1.14,-0.018,0.003
2022-10-28,-1.00,1.24,-0.007,-0.005
2022-10-29,-2.39,-0.25,-0.023,0.007
2022-10-30,-2.63,-0.23,-0.032,0.003
2022-10-31,-1.86,0.68,-0.030,0.002
2022-11-01,-2.29,-0.12,-0.023,0.002
2022-11-02,-2.36,-0.91,-0.026,0.012
2022-11-03,-1.91,-1.29,-0.024,-0.004
2022-11-04,-1.40,-0.43,-0.014,-0.006
2022-11-05,-2.47,0.57,-0.021,0.004
2022-11-06,1.29,0.69,-0.002,-0.019
2022-11-07,1.13,1.74,0.022,-0.008
2022-11-08,0.31,2.55,0.011,-0.007
2022-11-09,-0.48,2.70,0.001,0.005
2022-11-10,-1.10,1.99,-0.016,0.004
2022-11-11,-2.69,0.19,-0.036,0.007
2022-11-12,-2.29,-0.74,-0.035,0.007
2022-11-13,-1.43,-0.86,-0.023,0.005
2022-11-14,-1.87,-0.57,-0.030,0.005
2022-11-15,-2.55,-0.27,-0.042,0.007
2022-11-16,-3.22,-0.11,-0.046,0.007
2022-11-17,-3.00,-0.80,-0.042,0.007
2022-11-18,-3.35,-0.41,-0.044,0.005
2022-11-19,-3.53,-0.50,-0.053,0.012
2022-11-20,-3.40,-0.48,-0.053,0.016
2022-11-21,-3.12,-1.01,-0.052,0.005
2022-11-22,-4.23,-0.52,-0.068,0.024
2022-11-23,-3.62,-0.13,-0.057,0.019
2022-11-24,-2.97,-0.58,-0.047,0.012
2022-11-25,-2.75,-0.53,-0.039,0.016
2022-11-26,-2.19,-0.76,-0.029,0.003
2022-11-27,-2.15,-0.70,-0.024,0.001
2022-11-28,-2.13,-0.61,-0.022,0.001
2022-11-29,-1.45,-1.35,-0.018,-0.004
2022-11-30,-1.31,-1.68,-0.018,-0.016
2022-12-01,-2.11,-2.11,-0.033,-0.004
2022-12-02,-2.10,-1.76,-0.031,-0.002
2022-12-03,-1.13,-1.81,-0.021,-0.013
2022-12-04,0.35,-2.51,-0.011,-0.026
2022-12-05,0.88,-3.29,-0.002,-0.032
2022-12-06,-0.51,-3.21,-0.017,-0.023
2022-12-07,-0.34,-2.80,-0.020,-0.021
2022-12-08,0.31,-2.55,-0.014,-0.024
2022-12-09,-0.26,-1.66,-0.017,-0.026
2022-12-10,0.11,-2.16,-0.013,-0.031
2022-12-11,-0.08,-2.36,-0.020,-0.029
2022-12-12,-1.08,-1.49,-0.024,-0.012
2022-12-13,-1.36,-0.82,-0.012,-0.002
2022-12-14,-1.46,-1.06,-0.012,-0.005
2022-12-15,-2.55,-0.54,-0.033,-0.005
2022-12-16,-2.17,-0.34,-0.032,0.002
2022-12-17,-2.63,-0.23,-0.037,0.002
2022-12-18,-3.25,0.34,-0.046,0.005
2022-12-19,-2.63,0.14,-0.037,0.005
2022-12-20,-2.78,-0.54,-0.041,0.010
2022-12-21,-2.74,-0.19,-0.032,0.014
2022-12-22,-2.45,0.43,-0.031,0.001
2022-12-23,-1.67,0.74,-0.021,-0.006
2022-12-24,-2.29,0.28,-0.031,-0.004
2022-12-25,-3.25,0.23,-0.045,0.008
2022-12-26,-4.11,0.29,-0.060,0.021
2022-12-27,-3.83,0.33,-0.060,0.017
2022-12-28,-2.04,0.40,-0.037,-0.001
2022-12-29,-3.51,-0.43,-0.063,0.016
2022-12-30,-3.60,-0.97,-0.064,0.016
2022-12-31,-2.92,-0.46,-0.044,0.017
2023-01-01,-2.20,-0.76,-0.033,0.006
2023-01-02,-2.73,-0.83,-0.039,0.017
2023-01-03,-2.52,-1.51,-0.039,0.010
2023-01-04,-2.47,-1.26,-0.039,0.012
2023-01-05,-3.51,-0.43,-0.055,0.021
2023-01-06,-3.32,-0.12,-0.052,0.019
2023-01-07,-2.32,-0.62,-0.037,0.007
2023-01-08,-2.27,-1.71,-0.031,-0.004
2023-01-09,-2.86,0.10,-0.039,0.002
2023-01-10,-0.31,1.25,-0.016,-0.005
2023-01-11,-0.83,-0.61,-0.012,-0.019
2023-01-12,-1.41,-0.99,-0.021,-0.007
2023-01-13,-2.36,0.33,-0.042,-0.000
2023-01-14,-0.21,1.48,-0.007,-0.000
2023-01-15,1.93,-2.65,0.019,-0.040
2023-01-16,0.05,-3.14,-0.005,-0.024
2023-01-17,-1.57,-1.80,-0.016,0.000
2023-01-18,-1.97,-1.38,-0.036,0.003
2023-01-19,-1.69,-0.82,-0.029,0.003
2023-01-20,-2.30,-0.20,-0.036,0.010
2023-01-21,-2.66,0.05,-0.035,0.001
2023-01-22,-3.56,0.12,-0.061,0.007
2023-01-23,-3.68,0.52,-0.052,0.005
2023-01-24,-2.45,-0.26,-0.036,0.000
2023-01-25,-3.25,-0.17,-0.051,0.010
2023-01-26,-3.07,-0.11,-0.049,0.012
2023-01-27,-2.30,-2.07,-0.039,-0.011
2023-01-28,-2.47,-2.84,-0.050,0.003
2023-01-29,-3.63,-1.93,-0.058,0.014
2023-01-30,-3.54,-1.80,-0.058,0.014
2023-01-31,-2.95,-2.47,-0.058,0.007
2023-02-01,-2.98,-2.98,-0.055,-0.004
2023-02-02,-2.64,-1.78,-0.049,0.005
2023-02-03,-3.48,-0.37,-0.058,0.009
2023-02-04,-2.98,-0.00,-0.049,0.009
2023-02-05,-4.38,0.15,-0.068,0.019
2023-02-06,-3.52,0.81,-0.049,0.012
2023-02-07,-3.25,-0.87,-0.052,-0.002
2023-02-08,-3.51,-1.42,-0.056,0.007
2023-02-09,-4.16,-1.35,-0.067,0.024
2023-02-10,-4.26,-0.67,-0.070,0.022
2023-02-11,-3.79,-0.33,-0.065,0.017
2023-02-12,-4.31,-0.00,-0.075,0.024
2023-02-13,-2.50,0.49,-0.047,0.007
2023-02-14,-1.68,-0.21,-0.021,-0.009
2023-02-15,-2.99,-1.33,-0.041,0.005
2023-02-16,-3.73,-1.36,-0.060,0.014
2023-02-17,-4.26,-0.75,-0.073,0.026
2023-02-18,-3.52,-1.08,-0.060,0.021
2023-02-19,-3.79,-1.69,-0.058,0.022
2023-02-20,-3.22,-1.17,-0.057,0.012
2023-02-21,-2.95,-0.21,-0.038,0.008
2023-02-22,-3.19,-0.56,-0.046,0.017
2023-02-23,-3.21,-1.43,-0.046,0.012
2023-02-24,-2.80,-2.19,-0.036,0.012
2023-02-25,-2.48,-2.66,-0.038,-0.002
2023-02-26,-1.99,-1.45,-0.027,0.005
2023-02-27,-1.32,-1.42,-0.021,0.002
2023-02-28,-2.25,-0.48,-0.034,0.005
2023-03-01,-2.20,-0.51,-0.032,0.000
2023-03-02,-2.92,-0.52,-0.036,0.005
2023-03-03,-3.55,0.37,-0.054,0.019
2023-03-04,-4.36,0.69,-0.068,0.014
2023-03-05,-2.66,0.19,-0.037,-0.003
2023-03-06,-3.10,-0.33,-0.049,0.007
2023-03-07,-1.77,-0.75,-0.025,0.005
2023-03-08,-0.07,-1.40,-0.008,-0.010
2023-03-09,1.13,-2.54,-0.000,-0.036
2023-03-10,0.55,-3.50,-0.001,-0.031
2023-03-11,-1.93,-0.52,-0.012,-0.007
2023-03-12,0.36,1.67,-0.007,-0.012
2023-03-13,-1.61,0.40,-0.014,-0.007
2023-03-14,-1.08,1.44,-0.019,-0.000
2023-03-15,-1.08,1.49,-0.018,-0.012
2023-03-16,3.42,-0.42,0.004,-0.010
2023-03-17,-2.67,-2.24,-0.042,-0.004
2023-03-18,-3.86,-0.61,-0.048,0.019
2023-03-19,-3.25,0.63,-0.047,0.021
2023-03-20,-3.36,0.72,-0.046,0.010
2023-03-21,-2.77,0.44,-0.038,-0.002
2023-03-22,-3.58,-0.96,-0.048,0.012
2023-03-23,-2.85,-1.71,-0.044,0.012
2023-03-24,-3.00,-1.09,-0.040,0.005
2023-03-25,-3.83,-0.54,-0.050,0.010
2023-03-26,-4.57,-0.16,-0.066,0.026
2023-03-27,-4.05,-0.00,-0.063,0.024
2023-03-28,-3.85,0.20,-0.062,0.021
2023-03-29,-3.72,0.52,-0.058,0.017
2023-03-30,-3.01,0.32,-0.049,0.005
2023-03-31,-3.73,-0.73,-0.065,0.016
2023-04-01,-4.16,-0.51,-0.061,0.024
2023-04-02,-3.83,0.13,-0.060,0.014
2023-04-03,-3.86,0.41,-0.058,0.012
2023-04-04,-4.27,0.15,-0.058,0.016
2023-04-05,-3.71,-0.79,-0.053,0.012
2023-04-06,-2.62,-1.90,-0.043,0.001
2023-04-07,-2.14,-0.38,-0.036,-0.002
2023-04-08,-2.04,0.66,-0.032,-0.005
2023-04-09,-1.55,1.12,-0.023,-0.012
2023-04-10,-0.88,1.36,-0.026,-0.012
2023-04-11,-1.57,0.73,-0.027,-0.016
2023-04-12,-1.63,0.63,-0.040,-0.013
2023-04-13,-2.52,0.22,-0.047,-0.004
2023-04-14,-3.18,-0.06,-0.053,0.012
2023-04-15,-3.32,-0.06,-0.056,0.016
2023-04-16,-3.70,-0.06,-0.057,0.014
2023-04-17,-3.10,0.44,-0.048,0.005
2023-04-18,-2.59,0.74,-0.024,-0.002
2023-04-19,-2.22,1.23,-0.030,-0.002
2023-04-20,-2.83,0.50,-0.038,0.000
2023-04-21,-2.46,0.52,-0.033,0.001
2023-04-22,2.02,-0.50,0.034,-0.032
2023-04-23,0.41,-1.52,0.020,-0.033
2023-04-24,0.24,-1.49,-0.006,-0.023
2023-04-25,-1.96,0.21,-0.025,0.010
2023-04-26,-2.39,0.38,-0.019,0.002
2023-04-27,-1.39,0.48,-0.009,-0.005
2023-04-28,-2.41,-0.17,-0.044,-0.000
2023-04-29,-2.53,0.04,-0.042,0.005
2023-04-30,-2.82,0.92,-0.032,0.005
2023-05-01,-0.71,2.05,0.005,-0.012
2023-05-02,-1.52,1.63,-0.012,-0.015
2023-05-03,-1.42,1.63,-0.010,-0.011
2023-05-04,-1.75,1.42,-0.011,-0.014
2023-05-05,-1.66,1.16,-0.020,-0.014
2023-05-06,-2.00,0.69,-0.019,-0.010
2023-05-07,-1.92,1.11,-0.003,-0.003
2023-05-08,-2.48,1.00,-0.027,0.010
2023-05-09,-2.95,0.52,-0.037,0.002
2023-05-10,-1.53,1.33,-0.008,-0.012
2023-05-11,-1.81,1.75,-0.006,-0.010
2023-05-12,-2.76,0.39,-0.031,0.007
2023-05-13,-3.40,0.36,-0.050,0.008
2023-05-14,-2.98,0.74,-0.029,0.005
2023-05-15,-1.91,0.97,-0.013,-0.009
2023-05-16,-0.67,1.50,0.013,-0.016
2023-05-17,-1.32,1.23,0.000,-0.007
2023-05-18,-1.80,0.92,-0.016,0.010
2023-05-19,-2.56,0.04,-0.032,0.007
2023-05-20,-2.04,1.04,-0.002,0.012
2023-05-21,-0.74,1.74,0.028,-0.012
2023-05-22,-0.11,2.16,0.046,-0.019
2023-05-23,-0.94,1.45,0.035,-0.023
2023-05-24,-0.47,2.22,0.061,0.000
2023-05-25,-1.14,1.57,0.039,-0.007
2023-05-26,-1.29,1.65,0.034,0.004
2023-05-27,-1.34,1.34,0.005,-0.012
2023-05-28,-2.28,0.61,-0.012,-0.000
2023-05-29,-1.82,1.05,0.011,-0.014
2023-05-30,-2.02,0.99,0.015,-0.009
2023-05-31,-1.70,1.53,0.020,-0.007
2023-06-01,-1.25,2.45,0.034,-0.017
2023-06-02,-0.40,3.78,0.070,0.018
2023-06-03,0.26,4.89,0.074,0.039
2023-06-04,-0.00,4.12,0.065,0.022
2023-06-05,-0.00,4.08,0.071,0.017
2023-06-06,-1.47,1.95,0.019,-0.016
2023-06-07,-1.41,1.80,0.025,0.007
2023-06-08,-1.34,3.89,0.034,0.029
2023-06-09,-1.19,2.95,0.029,-0.009
2023-06-10,-2.39,1.73,-0.006,-0.011
2023-06-11,-2.32,1.23,-0.018,-0.002
2023-06-12,-3.77,0.67,-0.060,0.017
2023-06-13,-3.98,-0.00,-0.065,0.016
2023-06-14,-2.49,0.96,-0.029,0.003
2023-06-15,-2.24,1.14,-0.015,-0.018
2023-06-16,-2.62,0.56,-0.038,-0.000
2023-06-17,-3.59,0.19,-0.047,0.012
2023-06-18,-3.40,0.42,-0.037,0.014
2023-06-19,-2.66,0.76,-0.033,-0.002
2023-06-20,-2.89,0.56,-0.035,0.005
2023-06-21,-3.24,0.46,-0.042,-0.002
2023-06-22,-4.54,0.16,-0.070,0.024
2023-06-23,-3.86,-0.96,-0.063,0.016
2023-06-24,-3.95,-0.35,-0.063,0.019
2023-06-25,-3.51,-0.06,-0.053,0.014
2023-06-26,-2.83,-0.00,-0.037,0.005
2023-06-27,-2.03,0.29,-0.028,0.002
2023-06-28,-2.21,0.12,-0.037,0.002
2023-06-29,-0.52,0.94,-0.020,-0.014
2023-06-30,-1.35,1.55,-0.023,-0.008
2023-07-01,-1.74,1.41,-0.031,0.005
2023-07-02,-3.63,0.58,-0.047,0.007
2023-07-03,-3.59,0.51,-0.046,0.022
2023-07-04,-3.71,-0.19,-0.050,0.024
2023-07-05,-2.77,0.74,-0.036,0.010
2023-07-06,-4.25,-0.07,-0.057,0.026
2023-07-07,-3.79,-0.07,-0.053,0.021
2023-07-08,-3.56,-0.63,-0.046,0.021
2023-07-09,-2.83,0.71,-0.042,0.013
2023-07-10,-3.82,0.07,-0.054,0.014
2023-07-11,-4.19,-0.74,-0.061,0.019
2023-07-12,-3.81,-1.54,-0.060,0.021
2023-07-13,-3.83,0.20,-0.047,0.021
2023-07-14,-4.21,-0.07,-0.063,0.023
2023-07-15,-3.46,-0.80,-0.047,0.017
2023-07-16,-3.18,-0.28,-0.039,0.021
2023-07-17,-3.49,-0.55,-0.053,0.017
2023-07-18,-3.66,0.38,-0.042,0.016
2023-07-19,-4.77,-0.17,-0.073,0.024
2023-07-20,-4.36,0.08,-0.064,0.019
2023-07-21,-3.53,-0.00,-0.039,0.019
2023-07-22,-2.76,0.95,-0.037,0.012
2023-07-23,-2.43,0.79,-0.026,0.010
2023-07-24,-3.59,0.06,-0.051,0.002
2023-07-25,-3.64,-0.84,-0.056,0.009
2023-07-26,-3.65,-0.45,-0.049,0.012
2023-07-27,-3.21,0.11,-0.039,0.007
2023-07-28,-3.63,0.06,-0.044,0.010
2023-07-29,-3.68,0.26,-0.059,0.014
2023-07-30,-3.35,0.23,-0.051,0.014
2023-07-31,-3.43,-0.00,-0.041,0.017
2023-08-01,-2.85,0.71,-0.029,0.015
2023-08-02,-1.60,1.04,-0.021,0.011
2023-08-03,-2.03,-0.18,-0.020,-0.000
2023-08-04,-2.42,0.08,-0.028,0.015
2023-08-05,-3.44,0.42,-0.038,0.015
2023-08-06,-3.99,0.07,-0.056,0.026
2023-08-07,-3.70,-0.32,-0.062,0.017
2023-08-08,-2.47,-1.00,-0.033,0.003
2023-08-09,-1.95,-0.10,-0.031,0.001
2023-08-10,-2.34,0.54,-0.035,-0.004
2023-08-11,-2.81,1.14,-0.036,-0.000
2023-08-12,-3.61,-0.64,-0.051,0.012
2023-08-13,-3.17,-0.00,-0.043,0.019
2023-08-14,-4.14,0.07,-0.060,0.016
2023-08-15,-3.99,-0.85,-0.058,0.021
2023-08-16,-3.35,-1.42,-0.056,0.012
2023-08-17,-3.24,-0.69,-0.027,0.010
2023-08-18,-3.55,-0.12,-0.058,0.017
2023-08-19,-4.09,-0.72,-0.070,0.017
2023-08-20,-3.91,-2.26,-0.070,0.012
2023-08-21,-4.55,-0.80,-0.074,0.029
2023-08-22,-3.16,0.67,-0.039,0.012
2023-08-23,-3.10,3.10,-0.037,0.026
2023-08-24,0.90,3.92,0.009,0.009
2023-08-25,1.87,0.07,0.042,-0.031
2023-08-26,1.91,0.51,0.047,-0.031
2023-08-27,0.74,1.84,0.049,-0.016
2023-08-28,-0.05,2.90,0.046,0.000
2023-08-29,-1.35,1.55,0.006,-0.011
2023-08-30,-2.07,0.80,-0.025,-0.005
2023-08-31,-2.68,0.82,-0.035,0.011
2023-09-01,-2.36,0.37,-0.025,0.003
2023-09-02,-1.93,0.59,-0.021,0.015
2023-09-03,-0.88,1.21,-0.005,-0.002
2023-09-04,-0.91,2.66,-0.004,0.019
2023-09-05,-0.26,1.85,-0.004,0.005
2023-09-06,-1.02,1.71,-0.019,0.004
2023-09-07,-1.59,1.16,-0.029,0.005
2023-09-08,-3.21,0.62,-0.040,0.010
2023-09-09,-2.61,-1.16,-0.036,0.010
2023-09-10,-1.26,-1.30,-0.033,0.001
2023-09-11,0.95,-2.03,-0.005,-0.022
2023-09-12,2.57,-1.04,0.025,-0.038
2023-09-13,1.22,1.51,0.021,-0.009
2023-09-14,1.08,1.54,0.017,-0.001
2023-09-15,1.22,0.95,0.013,-0.010
2023-09-16,-1.17,0.88,-0.009,-0.000
2023-09-17,-2.06,0.04,-0.028,0.012
2023-09-18,-2.68,0.33,-0.025,0.012
2023-09-19,-2.40,-0.08,-0.028,0.007
2023-09-20,-2.45,-0.26,-0.037,0.009
2023-09-21,-1.51,-0.19,-0.028,0.010
2023-09-22,-2.28,-0.16,-0.032,0.007
2023-09-23,-2.32,0.37,-0.037,0.007
2023-09-24,-2.49,0.96,-0.039,0.009
2023-09-25,-3.02,0.37,-0.044,0.012
2023-09-26,-2.43,-0.79,-0.033,0.017
2023-09-27,-1.92,-1.29,-0.024,0.017
2023-09-28,-2.10,-0.76,-0.026,0.015
2023-09-29,-2.28,-0.92,-0.038,0.013
2023-09-30,-2.85,-0.76,-0.037,0.017
2023-10-01,-2.67,-0.97,-0.046,0.014
2023-10-02,-1.90,-1.19,-0.042,0.012
2023-10-03,-0.14,-1.97,-0.022,-0.011
2023-10-04,1.23,-0.55,-0.008,-0.010
2023-10-05,0.75,1.20,0.002,-0.007
2023-10-06,0.17,2.45,0.007,0.007
2023-10-07,-0.41,2.56,-0.011,0.017
2023-10-08,-1.85,1.35,-0.030,0.007
2023-10-09,-1.40,1.05,-0.024,-0.001
2023-10-10,-1.11,1.53,-0.023,-0.000
2023-10-11,-2.24,0.81,-0.025,0.007
2023-10-12,-1.95,1.04,-0.025,0.010
2023-10-13,-1.58,1.02,-0.027,0.016
2023-10-14,-1.43,1.08,-0.016,0.007
2023-10-15,-0.66,1.49,-0.004,0.015
2023-10-16,-0.00,2.42,0.003,0.012
2023-10-17,-1.07,1.70,-0.014,0.009
2023-10-18,-2.19,1.02,-0.028,0.012
2023-10-19,-2.58,0.09,-0.037,0.012
2023-10-20,-1.85,0.99,-0.028,0.014
2023-10-21,-1.29,-0.14,-0.036,0.005
2023-10-22,-0.25,-1.55,-0.025,-0.002
2023-10-23,0.57,-1.86,-0.013,-0.009
2023-10-24,0.31,-2.23,-0.012,-0.004
2023-10-25,0.09,-2.44,-0.013,-0.016
2023-10-26,-1.06,-2.49,-0.023,-0.008
2023-10-27,-0.46,-2.38,-0.018,0.001
2023-10-28,0.60,-1.23,-0.015,-0.021
2023-10-29,-0.72,1.00,-0.015,0.005
2023-10-30,-0.59,1.83,-0.013,0.012
2023-10-31,-1.15,1.59,-0.016,0.012
2023-11-01,-0.73,1.90,-0.013,0.012
2023-11-02,-3.30,0.52,-0.039,0.012
2023-11-03,-3.99,0.07,-0.055,0.026
2023-11-04,-3.96,0.28,-0.058,0.023
2023-11-05,-2.92,0.05,-0.044,0.021
2023-11-06,-1.59,0.85,-0.028,0.010
2023-11-07,-1.78,0.35,-0.027,0.007
2023-11-08,-1.99,-0.84,-0.027,0.005
2023-11-09,-2.53,-0.97,-0.048,0.014
2023-11-10,-3.31,-0.58,-0.051,0.025
2023-11-11,-2.91,-1.12,-0.054,0.023
2023-11-12,-3.79,-0.47,-0.056,0.024
2023-11-13,-3.35,-0.12,-0.051,0.023
2023-11-14,-3.43,-0.12,-0.049,0.019
2023-11-15,-3.58,0.06,-0.051,0.026
2023-11-16,-3.93,0.69,-0.049,0.023
2023-11-17,-2.28,2.28,-0.037,0.014
2023-11-18,-0.09,4.99,-0.014,0.034
2023-11-19,0.23,4.37,-0.002,0.048
2023-11-20,0.54,-2.52,-0.003,-0.010
2023-11-21,-0.78,-2.92,-0.018,-0.016
2023-11-22,-2.86,-1.79,-0.046,0.012
2023-11-23,-1.97,-0.53,-0.029,0.013
2023-11-24,-2.41,0.17,-0.029,0.005
2023-11-25,-2.31,-0.24,-0.034,0.024
2023-11-26,-2.63,-0.23,-0.034,0.019
2023-11-27,-3.18,0.56,-0.044,0.019
2023-11-28,-2.78,0.49,-0.032,0.017
2023-11-29,-2.50,0.49,-0.030,0.016
2023-11-30,-2.67,0.23,-0.030,0.019
2023-12-01,-3.80,-0.27,-0.054,0.031
2023-12-02,-3.56,-0.82,-0.056,0.021
2023-12-03,-2.37,-1.10,-0.028,0.002
2023-12-04,-1.99,0.24,-0.033,-0.002
2023-12-05,-2.60,0.51,-0.039,0.005
2023-12-06,-2.67,0.67,-0.044,0.014
2023-12-07,-0.38,-1.94,-0.010,-0.010
2023-12-08,-2.77,-2.09,-0.049,0.007
2023-12-09,-3.93,-1.05,-0.061,0.017
2023-12-10,-4.31,-0.99,-0.064,0.023
2023-12-11,-4.16,-0.22,-0.063,0.036
2023-12-12,-3.83,-1.17,-0.066,0.021
2023-12-13,-4.86,-1.77,-0.078,0.029
2023-12-14,-3.78,-2.01,-0.073,0.026
2023-12-15,-3.17,-2.06,-0.062,0.010
2023-12-16,-3.65,-0.78,-0.063,0.021
2023-12-17,-4.33,0.92,-0.071,0.024
2023-12-18,-2.33,2.25,-0.037,0.017
2023-12-19,-0.29,1.08,-0.021,-0.004
2023-12-20,0.21,-2.01,-0.022,-0.028
2023-12-21,-0.92,-3.02,-0.033,-0.025
2023-12-22,-1.71,-2.54,-0.037,-0.018
2023-12-23,-1.63,-1.68,-0.035,-0.001
2023-12-24,0.25,-1.80,-0.009,-0.023
2023-12-25,-1.29,-1.98,-0.023,-0.003
2023-12-26,-2.27,-0.65,-0.027,0.015
2023-12-27,-1.33,-0.19,-0.020,0.015
2023-12-28,-1.51,0.08,-0.007,0.005
2023-12-29,-1.39,0.94,-0.012,0.007
2023-12-30,-1.40,0.54,-0.014,-0.007
2023-12-31,-1.04,-1.54,-0.028,-0.002
2024-01-01,-2.42,-1.63,-0.044,-0.000
2024-01-02,-2.33,-0.67,-0.042,0.009
2024-01-03,-1.88,-0.43,-0.032,0.007
2024-01-04,-1.60,0.71,-0.030,-0.000
2024-01-05,-0.42,-1.56,-0.014,-0.000
2024-01-06,-2.43,-0.98,-0.034,0.005
2024-01-07,-2.83,-0.05,-0.037,0.014
2024-01-08,-2.88,-0.94,-0.044,0.016
2024-01-09,-4.36,-0.69,-0.061,0.026
2024-01-10,-3.48,0.74,-0.056,0.033
2024-01-11,-2.24,0.28,-0.032,0.017
2024-01-12,-3.34,0.29,-0.046,0.019
2024-01-13,-3.45,0.55,-0.046,0.028
2024-01-14,-3.11,-0.38,-0.043,0.024
2024-01-15,-3.81,0.13,-0.050,0.030
2024-01-16,-4.65,0.74,-0.072,0.035
2024-01-17,-4.04,0.64,-0.070,0.028
2024-01-18,-4.29,0.07,-0.062,0.033
2024-01-19,-2.96,0.63,-0.047,0.024
2024-01-20,-1.54,1.04,-0.033,0.010
2024-01-21,-1.57,-0.54,-0.029,0.008
2024-01-22,-3.46,-1.84,-0.058,0.014
2024-01-23,-4.67,-0.66,-0.071,0.033
2024-01-24,-4.57,-0.81,-0.072,0.031
2024-01-25,-4.30,-1.15,-0.072,0.028
2024-01-26,-4.24,-0.67,-0.070,0.033
2024-01-27,-3.85,-0.07,-0.063,0.028
2024-01-28,-3.49,-0.00,-0.051,0.028
2024-01-29,-0.56,1.63,-0.028,0.005
2024-01-30,1.40,-2.00,0.002,-0.009
2024-01-31,-0.54,-1.87,-0.019,-0.005
2024-02-01,1.36,-1.68,0.010,-0.014
2024-02-02,0.48,-2.74,0.002,-0.019
2024-02-03,-1.12,-0.60,-0.014,0.014
2024-02-04,-1.78,0.87,-0.021,0.010
2024-02-05,1.38,4.83,0.007,0.047
2024-02-06,1.16,4.33,0.013,0.023
2024-02-07,-0.03,-1.60,-0.002,-0.000
2024-02-08,1.99,-2.95,0.014,-0.028
2024-02-09,-1.38,-2.95,-0.015,0.010
2024-02-10,-3.18,-1.69,-0.043,0.024
2024-02-11,-3.79,-0.88,-0.051,0.026
2024-02-12,-4.04,0.28,-0.057,0.036
2024-02-13,-1.97,1.28,-0.039,0.026
2024-02-14,-1.79,0.25,-0.032,0.019
2024-02-15,-1.78,-0.95,-0.044,0.012
2024-02-16,-2.26,-0.78,-0.037,0.017
2024-02-17,-2.30,0.84,-0.034,0.017
2024-02-18,-2.58,1.81,-0.043,0.017
2024-02-19,-1.67,1.99,-0.030,0.012
2024-02-20,-2.12,0.65,-0.034,0.019
2024-02-21,0.91,-2.49,0.009,-0.004
2024-02-22,2.41,-3.86,0.022,-0.040
2024-02-23,-1.82,-1.82,-0.018,0.002
2024-02-24,-1.89,0.80,-0.023,0.024
2024-02-25,-1.81,-0.13,-0.018,0.019
2024-02-26,-1.82,-1.70,-0.030,0.007
2024-02-27,-2.71,-1.63,-0.039,0.016
2024-02-28,-3.18,-1.48,-0.052,0.017
2024-02-29,-3.24,-1.51,-0.058,0.012
2024-03-01,-3.31,-2.32,-0.051,0.012
2024-03-02,-4.05,-1.56,-0.068,0.026
2024-03-03,-3.44,-1.39,-0.065,0.019
2024-03-04,-3.71,-0.65,-0.065,0.012
2024-03-05,-3.44,-0.36,-0.060,0.014
2024-03-06,-3.18,-0.00,-0.051,0.019
2024-03-07,-2.53,1.18,-0.050,0.019
2024-03-08,-1.71,1.11,-0.033,0.015
2024-03-09,-2.87,0.10,-0.051,0.023
2024-03-10,-3.28,0.76,-0.051,0.028
2024-03-11,-1.72,0.59,-0.026,0.017
2024-03-12,-2.36,-1.15,-0.040,0.024
2024-03-13,-3.38,-0.54,-0.046,0.029
2024-03-14,-3.39,-0.06,-0.049,0.029
2024-03-15,-4.04,-1.08,-0.057,0.026
2024-03-16,-3.62,-0.25,-0.056,0.028
2024-03-17,-3.35,0.53,-0.049,0.026
2024-03-18,-3.79,0.88,-0.056,0.022
2024-03-19,-1.28,1.52,-0.032,0.012
2024-03-20,0.13,1.45,-0.007,0.014
2024-03-21,-0.14,-1.57,-0.003,-0.005
2024-03-22,-2.54,-1.29,-0.041,0.005
2024-03-23,-3.31,0.82,-0.062,0.026
2024-03-24,-0.51,4.19,-0.010,0.041
2024-03-25,2.60,-1.27,-0.004,-0.007
2024-03-26,0.16,-3.10,-0.014,-0.017
2024-03-27,-0.41,-2.62,-0.023,-0.002
2024-03-28,0.99,-2.33,-0.000,-0.002
2024-03-29,1.34,-1.99,0.007,0.000
2024-03-30,-0.78,-2.73,-0.017,-0.012
2024-03-31,-2.18,-3.00,-0.037,-0.000
2024-04-01,-2.50,-1.68,-0.037,0.014
2024-04-02,-3.56,-0.56,-0.056,0.019
2024-04-03,-4.12,0.58,-0.065,0.038
2024-04-04,-2.73,1.10,-0.044,0.019
2024-04-05,-0.39,1.58,-0.029,0.005
2024-04-06,-0.61,1.31,-0.012,0.014
2024-04-07,-1.32,0.43,-0.018,0.029
2024-04-08,-0.86,-1.94,-0.016,0.008
2024-04-09,-3.08,-2.58,-0.043,0.008
2024-04-10,-3.69,-1.57,-0.050,0.029
2024-04-11,-4.24,-0.52,-0.063,0.033
2024-04-12,-4.33,-0.08,-0.064,0.033
2024-04-13,-4.42,-0.00,-0.069,0.028
2024-04-14,-3.59,-0.96,-0.057,0.017
2024-04-15,-2.61,-1.16,-0.055,0.010
2024-04-16,-2.02,-0.18,-0.054,0.010
2024-04-17,-1.86,-1.79,-0.051,0.010
2024-04-18,-1.32,-2.12,-0.039,-0.000
2024-04-19,-1.26,-1.87,-0.034,0.007
2024-04-20,-2.51,-2.18,-0.046,0.009
2024-04-21,-3.28,-0.82,-0.052,0.019
2024-04-22,-3.54,-0.37,-0.061,0.026
2024-04-23,-1.10,-0.96,-0.036,0.017
2024-04-24,-0.48,-1.80,-0.027,-0.002
2024-04-25,-1.38,-0.96,-0.046,0.005
2024-04-26,-1.20,-0.97,-0.034,0.007
2024-04-27,-1.31,-1.87,-0.035,-0.000
2024-04-28,-2.17,-2.50,-0.048,0.007
2024-04-29,-3.47,-2.01,-0.061,0.017
2024-04-30,-4.27,-1.06,-0.074,0.031
2024-05-01,-4.11,-0.07,-0.070,0.031
2024-05-02,-2.44,0.56,-0.043,0.015
2024-05-03,-1.34,-0.65,-0.036,0.005
2024-05-04,-1.54,-1.16,-0.051,0.008
2024-05-05,-1.27,-0.79,-0.036,0.017
2024-05-06,-1.80,-1.08,-0.046,0.010
2024-05-07,-2.24,-1.04,-0.051,0.019
2024-05-08,-2.67,-1.25,-0.043,0.017
2024-05-09,-2.54,-0.78,-0.034,0.019
2024-05-10,-2.35,0.46,-0.044,0.017
2024-05-11,-1.69,0.79,-0.035,0.014
2024-05-12,-0.67,1.31,-0.024,0.004
2024-05-13,-1.68,0.86,-0.040,0.012
2024-05-14,-2.70,0.05,-0.051,0.019
2024-05-15,-3.11,-0.00,-0.053,0.026
2024-05-16,-2.96,0.63,-0.039,0.024
2024-05-17,-2.28,1.11,-0.042,0.009
2024-05-18,-2.27,0.78,-0.041,0.007
2024-05-19,-2.69,0.92,-0.048,0.009
2024-05-20,-2.79,0.91,-0.049,0.009
2024-05-21,-1.08,1.67,-0.027,0.012
2024-05-22,-0.55,1.17,0.000,0.012
2024-05-23,-1.56,1.61,-0.011,0.014
2024-05-24,0.53,1.63,0.007,0.005
2024-05-25,-0.60,0.85,-0.003,0.004
2024-05-26,-1.78,-0.54,-0.014,-0.002
2024-05-27,-2.64,-0.28,-0.044,0.014
2024-05-28,-2.54,-0.18,-0.037,0.017
2024-05-29,-2.68,0.19,-0.039,0.016
2024-05-30,-2.60,-0.00,-0.040,0.012
2024-05-31,-2.20,0.67,-0.039,0.007
2024-06-01,-1.53,1.03,-0.031,0.005
2024-06-02,-3.21,-0.00,-0.049,0.012
2024-06-03,-2.25,1.35,-0.038,0.019
2024-06-04,-0.50,2.85,0.001,0.022
2024-06-05,-1.35,2.01,,
2024-06-06,-0.88,1.97,,
2024-06-07,-0.75,1.85,,
2024-06-08,-1.30,1.61,,
2024-06-09,-1.70,1.11,-0.017,0.004
2024-06-10,-2.88,0.88,-0.050,0.015
2024-06-11,-3.00,0.69,-0.050,0.008
2024-06-12,-3.75,0.20,-0.065,0.014
2024-06-13,-3.61,0.64,-0.056,0.024
2024-06-14,-3.25,0.06,-0.058,0.014
2024-06-15,-2.05,0.83,-0.035,-0.000
2024-06-16,-0.75,1.24,-0.021,0.002
2024-06-17,-0.96,0.86,-0.014,-0.000
2024-06-18,-1.01,0.47,-0.009,0.005
2024-06-19,-1.59,0.64,-0.016,-0.000
2024-06-20,-2.51,-0.00,-0.043,0.007
2024-06-21,-4.05,-0.57,-0.065,0.017
2024-06-22,-2.42,-0.88,-0.037,0.017
2024-06-23,-2.42,-0.17,-0.033,0.005
2024-06-24,-3.13,0.38,-0.046,0.012
2024-06-25,-2.94,0.21,-0.041,0.005
2024-06-26,-3.28,0.76,-0.044,0.017
2024-06-27,-3.06,0.76,-0.035,0.010
2024-06-28,-3.03,-0.21,-0.044,0.008
2024-06-29,-3.19,-0.56,-0.044,0.021
2024-06-30,-3.39,-0.42,-0.044,0.021
2024-07-01,-3.91,0.21,-0.071,0.016
2024-07-02,-4.37,-0.85,-0.064,0.028
2024-07-03,-5.02,0.18,-0.066,0.026
2024-07-04,-3.98,-0.70,-0.071,0.024
2024-07-05,-1.98,1.55,-0.023,0.012
2024-07-06,-0.97,2.82,-0.009,0.021
2024-07-07,-2.52,0.87,-0.035,0.002
2024-07-08,-3.90,-0.41,-0.059,0.021
2024-07-09,-3.66,-0.19,-0.052,0.019
2024-07-10,-2.13,-0.90,-0.025,0.007
2024-07-11,-2.90,-0.25,-0.047,0.007
2024-07-12,-4.16,0.22,-0.065,0.012
2024-07-13,-3.66,-0.58,-0.049,0.002
2024-07-14,-3.59,-0.38,-0.063,0.014
2024-07-15,-1.91,-1.19,-0.033,-0.009
2024-07-16,-2.77,-0.05,-0.048,0.002
2024-07-17,-3.07,0.71,-0.044,0.012
2024-07-18,-4.05,0.21,-0.058,0.014
2024-07-19,-3.82,-0.61,-0.065,0.012
2024-07-20,-3.53,0.43,-0.050,0.010
2024-07-21,-4.05,-0.71,-0.057,0.019
2024-07-22,-3.61,-1.11,-0.055,0.022
2024-07-23,-4.49,0.24,-0.066,0.029
2024-07-24,-3.95,-0.00,-0.060,0.021
2024-07-25,-3.74,0.46,-0.045,0.017
2024-07-26,-4.09,0.21,-0.060,0.019
2024-07-27,-3.39,0.12,-0.054,0.022
2024-07-28,-2.64,-0.76,-0.047,0.006
2024-07-29,-3.34,-0.53,-0.054,0.014
2024-07-30,-3.80,-0.13,-0.064,0.014
2024-07-31,-3.16,-0.73,-0.052,0.005
2024-08-01,-2.55,-0.40,-0.022,-0.006
2024-08-02,-2.98,0.58,-0.036,0.012
2024-08-03,-3.45,-0.12,-0.046,0.010
2024-08-04,-3.76,-0.13,-0.060,0.019
2024-08-05,-3.37,-0.41,-0.053,0.017
2024-08-06,-3.91,-0.27,-0.064,0.017
2024-08-07,-3.31,0.76,-0.051,0.017
2024-08-08,-2.43,0.65,-0.039,0.000
2024-08-09,-3.63,-0.45,-0.054,0.014
2024-08-10,-3.82,-1.02,-0.063,0.012
2024-08-11,-2.61,-0.51,-0.044,0.002
2024-08-12,-3.29,0.17,-0.047,-0.000
2024-08-13,-3.21,-2.00,-0.058,-0.011
2024-08-14,3.25,-2.19,-0.016,-0.030
2024-08-15,1.27,3.92,0.014,0.033
2024-08-16,-1.38,1.97,-0.024,0.007
2024-08-17,-1.81,0.85,-0.019,0.010
2024-08-18,-2.13,0.65,-0.016,0.017
2024-08-19,-2.51,0.44,-0.025,0.010
2024-08-20,-3.97,0.07,-0.057,0.026
2024-08-21,-3.52,-1.35,-0.047,0.019
2024-08-22,-3.38,-0.47,-0.037,0.021
2024-08-23,-3.78,-0.20,-0.059,0.019
2024-08-24,-3.44,-0.86,-0.063,0.021
2024-08-25,-2.33,-0.33,-0.035,0.010
2024-08-26,-2.33,0.58,-0.031,0.003
2024-08-27,-2.40,-0.00,-0.037,0.007
2024-08-28,-2.89,-0.72,-0.039,0.017
2024-08-29,-3.26,-0.52,-0.045,0.024
2024-08-30,-4.01,-0.21,-0.059,0.028
2024-08-31,-3.01,-0.53,-0.048,0.007
2024-09-01,-2.88,-0.46,-0.041,0.019
2024-09-02,-3.34,-0.47,-0.040,0.021
2024-09-03,-4.20,-0.00,-0.056,0.028
2024-09-04,-3.41,-0.18,-0.056,0.012
2024-09-05,-2.87,-0.72,-0.046,0.007
2024-09-06,-2.05,-0.67,-0.042,0.012
2024-09-07,-2.82,-0.15,-0.042,0.014
2024-09-08,-3.05,-0.37,-0.046,0.007
2024-09-09,-3.18,-0.56,-0.046,0.012
2024-09-10,-1.81,-0.73,-0.030,0.005
2024-09-11,-2.25,0.16,-0.037,0.005
2024-09-12,-1.87,0.64,-0.032,0.005
2024-09-13,-1.82,0.81,-0.023,0.005
2024-09-14,-1.84,0.49,-0.039,0.002
2024-09-15,-0.94,1.57,-0.021,-0.000
2024-09-16,-2.48,0.71,-0.025,0.007
2024-09-17,-3.51,0.31,-0.049,0.016
2024-09-18,-3.31,-0.12,-0.048,0.019
2024-09-19,-2.86,0.05,-0.037,0.024
2024-09-20,-2.03,0.54,-0.024,0.008
2024-09-21,-1.23,1.15,-0.025,0.005
2024-09-22,-1.00,1.28,-0.013,0.005
2024-09-23,-0.99,1.06,-0.002,-0.000
2024-09-24,-1.45,1.05,-0.020,0.005
2024-09-25,-2.47,0.30,-0.024,0.010
2024-09-26,-2.44,0.30,-0.025,0.012
2024-09-27,-2.80,-0.29,-0.029,0.010
2024-09-28,-3.06,-0.32,-0.044,0.012
2024-09-29,-2.39,0.34,-0.020,0.015
2024-09-30,-1.88,-0.16,-0.017,-0.007
2024-10-01,-1.76,-0.82,-0.021,-0.000
2024-10-02,-1.26,-0.82,-0.016,-0.007
2024-10-03,-1.10,-1.14,-0.012,-0.002
2024-10-04,-1.22,-1.35,-0.021,0.002
2024-10-05,-0.81,-0.99,-0.016,0.007
2024-10-06,1.46,-0.59,-0.019,-0.000
2024-10-07,-0.58,0.97,-0.007,-0.000
2024-10-08,-0.80,1.97,-0.019,0.002
2024-10-09,-0.36,2.58,-0.004,0.012
2024-10-10,-0.38,3.12,0.005,0.014
2024-10-11,-0.36,2.24,-0.006,0.012
2024-10-12,-1.09,0.95,-0.011,0.007
2024-10-13,-1.89,0.84,-0.016,0.012
2024-10-14,-1.94,0.86,-0.016,0.015
2024-10-15,-1.45,0.94,-0.016,0.006
2024-10-16,-2.28,0.83,-0.031,-0.001
2024-10-17,-2.98,0.85,-0.038,0.012
2024-10-18,-3.06,-0.38,-0.027,0.017
2024-10-19,-1.87,-0.00,-0.017,0.010
2024-10-20,-2.50,0.58,-0.027,0.017
2024-10-21,-2.17,1.20,-0.022,0.017
2024-10-22,-1.00,3.50,-0.011,0.012
2024-10-23,-0.28,2.29,-0.018,0.007
2024-10-24,-0.02,1.33,-0.002,-0.002
2024-10-25,-1.88,-0.58,-0.016,0.002
2024-10-26,-1.30,-0.88,-0.023,0.007
2024-10-27,-0.31,-1.33,-0.007,-0.009
2024-10-28,-1.29,-0.93,-0.021,-0.002
2024-10-29,-2.12,-1.27,-0.037,-0.000
2024-10-30,-1.99,-1.50,-0.034,-0.007
2024-10-31,-1.36,-2.10,-0.032,-0.004
2024-11-01,-0.97,-2.00,-0.041,-0.007
2024-11-02,0.33,-1.01,-0.018,-0.016
2024-11-03,0.34,1.93,-0.002,-0.009
2024-11-04,-1.19,1.63,-0.025,-0.000
2024-11-05,-2.99,0.64,-0.049,0.009
2024-11-06,-2.80,-1.49,-0.069,-0.000
2024-11-07,-2.44,-1.91,-0.060,0.005
2024-11-08,0.32,-1.82,-0.028,-0.008
2024-11-09,-0.70,1.20,-0.021,-0.000
2024-11-10,-3.03,-0.64,-0.046,0.005
2024-11-11,-3.76,0.87,-0.051,0.016
2024-11-12,-1.02,1.51,-0.024,0.001
2024-11-13,0.40,1.16,-0.002,-0.014
2024-11-14,-1.09,-1.21,-0.012,-0.030
2024-11-15,-2.18,-0.83,-0.027,0.001
2024-11-16,0.65,-1.69,0.005,-0.019
2024-11-17,-0.27,-2.53,-0.004,-0.018
2024-11-18,-0.90,-2.62,-0.015,-0.002
2024-11-19,-1.56,-1.80,-0.022,0.005
2024-11-20,-1.61,-0.68,-0.023,0.012
2024-11-21,-1.74,-0.12,-0.014,0.005
2024-11-22,-0.96,1.14,-0.014,-0.003
2024-11-23,-0.66,1.05,-0.009,-0.009
2024-11-24,-2.13,-0.99,-0.026,-0.003
2024-11-25,-3.16,-0.17,-0.048,0.014
2024-11-26,-3.23,0.69,-0.051,0.009
2024-11-27,-1.43,0.93,-0.019,0.002
2024-11-28,-2.50,0.26,-0.035,0.007
2024-11-29,-2.02,0.62,-0.039,0.003
2024-11-30,-1.30,0.72,-0.023,-0.005
2024-12-01,-1.66,0.29,-0.021,0.007
2024-12-02,-1.61,0.31,-0.025,0.007
2024-12-03,-2.60,-0.23,-0.037,0.009
2024-12-04,-0.76,-1.72,-0.019,-0.000
2024-12-05,-2.62,-0.90,-0.044,0.014
2024-12-06,-2.10,-0.52,-0.037,0.007
2024-12-07,-1.06,-0.86,-0.030,0.012
2024-12-08,-1.62,-2.23,-0.035,0.002
2024-12-09,-2.71,-0.99,-0.046,0.014
2024-12-10,-2.59,-1.10,-0.041,0.008
2024-12-11,-3.28,-1.00,-0.053,0.016
2024-12-12,-2.39,-2.08,-0.033,0.012
2024-12-13,0.00,-3.73,-0.015,-0.023
2024-12-14,1.71,-1.97,0.001,-0.028
2024-12-15,-1.01,0.88,-0.023,-0.006
2024-12-16,-1.69,0.12,-0.024,0.006
2024-12-17,-2.05,-0.63,-0.040,0.003
2024-12-18,-3.14,-0.55,-0.051,0.009
2024-12-19,-3.25,-0.06,-0.066,0.012
2024-12-20,-1.45,1.30,-0.038,0.003
2024-12-21,0.40,0.90,-0.010,-0.007
2024-12-22,-0.38,-1.23,-0.016,-0.005
2024-12-23,-0.93,-1.68,-0.025,0.002
2024-12-24,-2.45,-1.30,-0.044,0.009
2024-12-25,-2.45,-1.25,-0.039,0.002
2024-12-26,-0.95,-1.71,-0.021,0.002
2024-12-27,-0.15,-1.38,-0.026,-0.016
2024-12-28,-2.39,-2.75,-0.047,-0.006
2024-12-29,-2.38,-2.14,-0.042,0.014
2024-12-30,-1.85,-0.75,-0.029,0.003
2024-12-31,-1.86,-0.53,-0.024,-0.004
2025-01-01,-1.74,-0.89,-0.032,-0.000
2025-01-02,-1.45,-1.13,-0.029,0.003
2025-01-03,-1.92,-1.44,-0.032,0.005
2025-01-04,-0.81,-2.10,-0.016,0.002
2025-01-05,-1.60,-3.76,-0.040,-0.021
2025-01-06,-2.60,-1.89,-0.048,0.012
2025-01-07,-2.83,0.76,-0.034,0.019
2025-01-08,-0.03,-1.78,-0.009,-0.019
2025-01-09,0.46,-1.72,-0.010,-0.024
2025-01-10,-0.14,-2.76,-0.002,-0.031
2025-01-11,-1.76,-1.10,-0.033,0.003
2025-01-12,-1.13,-0.22,-0.012,0.014
2025-01-13,-1.25,-2.16,-0.016,0.004
2025-01-14,-0.69,-2.42,-0.012,0.011
2025-01-15,-0.97,-2.54,-0.017,0.003
2025-01-16,-1.07,-3.12,-0.022,-0.009
2025-01-17,-2.85,-1.72,-0.052,0.005
2025-01-18,-4.25,-0.90,-0.061,0.029
2025-01-19,-4.57,0.40,-0.068,0.031
2025-01-20,-3.67,-0.19,-0.061,0.019
2025-01-21,-4.45,-0.00,-0.068,0.040
2025-01-22,-3.27,0.64,-0.051,0.012
2025-01-23,-3.73,-0.46,-0.065,0.017
2025-01-24,-3.30,-0.70,-0.073,0.024
2025-01-25,-2.09,-0.80,-0.053,0.024
2025-01-26,-3.43,-1.18,-0.053,0.012
2025-01-27,-3.57,-0.63,-0.063,0.014
2025-01-28,-2.30,0.49,-0.048,0.016
2025-01-29,-1.55,-0.47,-0.036,-0.002
2025-01-30,-2.92,-1.36,-0.048,0.012
2025-01-31,-4.15,-1.59,-0.062,0.021
2025-02-01,-3.90,0.20,-0.066,0.026
2025-02-02,-3.85,-0.96,-0.060,0.023
2025-02-03,-3.72,-1.28,-0.066,0.021
2025-02-04,-2.77,-1.60,-0.053,0.009
2025-02-05,-2.71,-2.62,-0.049,-0.002
2025-02-06,-3.20,-1.36,-0.064,0.016
2025-02-07,-3.93,-0.98,-0.068,0.024
2025-02-08,-3.39,-1.58,-0.060,0.019
2025-02-09,-3.09,-1.71,-0.056,0.007
2025-02-10,-2.74,-1.39,-0.042,0.008
2025-02-11,-3.86,-0.82,-0.065,0.021
2025-02-12,-4.56,0.24,-0.076,0.031
2025-02-13,-4.89,-0.51,-0.076,0.031
2025-02-14,-3.76,-1.44,-0.064,0.016
2025-02-15,-3.92,-1.91,-0.071,0.010
2025-02-16,-4.37,-0.08,-0.075,0.024
2025-02-17,-2.86,0.50,-0.049,0.005
2025-02-18,-2.70,0.24,-0.049,0.005
2025-02-19,-3.81,0.67,-0.056,0.014
2025-02-20,-2.12,0.69,-0.042,0.005
2025-02-21,-1.90,0.10,-0.035,0.005
2025-02-22,-2.41,-0.97,-0.042,-0.000
2025-02-23,-2.65,-0.81,-0.044,0.002
2025-02-24,-3.49,0.43,-0.054,0.009
2025-02-25,-2.61,1.51,-0.041,0.035
2025-02-26,0.39,1.98,-0.002,-0.014
2025-02-27,-1.23,-0.52,-0.026,-0.046
2025-02-28,-2.85,0.30,-0.052,-0.006
2025-03-01,-2.61,0.51,-0.044,0.003
2025-03-02,-1.92,0.90,-0.035,0.001
2025-03-03,-0.84,1.45,-0.030,-0.002
2025-03-04,-2.31,0.16,-0.044,0.005
2025-03-05,-1.93,-1.12,-0.039,0.012
2025-03-06,-1.92,0.34,-0.038,0.010
2025-03-07,0.40,-1.89,-0.014,-0.017
2025-03-08,-2.20,-1.32,-0.045,-0.004
2025-03-09,-2.08,-0.72,-0.036,0.019
2025-03-10,-2.68,-0.33,-0.032,0.022
2025-03-11,-0.48,2.08,-0.006,0.022
2025-03-12,1.57,-0.14,0.004,-0.003
2025-03-13,-1.02,-1.46,-0.025,-0.007
2025-03-14,-2.17,-0.97,-0.034,0.021
2025-03-15,-0.95,-1.35,-0.011,0.007
2025-03-16,-1.95,-1.47,-0.030,0.009
2025-03-17,-1.67,-1.26,-0.035,0.012
2025-03-18,0.85,-1.73,-0.007,0.005
2025-03-19,1.68,-3.15,0.004,-0.040
2025-03-20,0.79,-1.86,-0.005,-0.010
2025-03-21,-1.56,-0.66,-0.016,0.005
2025-03-22,-2.85,-0.71,-0.044,0.021
2025-03-23,-3.75,-0.00,-0.063,0.029
2025-03-24,-4.55,0.08,-0.075,0.036
2025-03-25,-4.37,0.69,-0.070,0.033
2025-03-26,-3.46,0.74,-0.068,0.024
2025-03-27,-1.95,0.60,-0.041,0.005
2025-03-28,-2.51,-0.82,-0.047,0.014
2025-03-29,-4.04,-0.42,-0.067,0.023
2025-03-30,-4.64,-0.08,-0.073,0.033
2025-03-31,-4.50,0.47,-0.069,0.030
2025-04-01,-4.00,0.71,-0.071,0.029
2025-04-02,-4.42,-0.15,-0.069,0.024
2025-04-03,-5.04,-0.89,-0.077,0.030
2025-04-04,-5.06,-1.45,-0.077,0.028
2025-04-05,-4.22,-1.05,-0.073,0.021
2025-04-06,-3.80,-1.02,-0.064,0.019
2025-04-07,-3.92,-0.00,-0.057,0.026
2025-04-08,-3.47,0.74,-0.048,0.014
2025-04-09,-2.79,0.80,-0.043,0.008
2025-04-10,-1.56,0.79,-0.028,0.000
2025-04-11,-1.56,0.60,-0.030,-0.005
2025-04-12,-1.49,0.37,-0.029,-0.007
2025-04-13,1.03,-0.14,-0.005,-0.002
2025-04-14,-1.51,-2.83,-0.031,-0.027
2025-04-15,-3.38,-2.03,-0.052,0.003
2025-04-16,-2.04,-0.00,-0.030,0.019
2025-04-17,-1.21,-0.47,-0.023,0.012
2025-04-18,-0.05,-2.90,-0.015,-0.022
2025-04-19,-2.14,-3.30,-0.048,-0.014
2025-04-20,-2.87,-3.31,-0.053,-0.000
2025-04-21,-1.27,-4.17,-0.040,-0.022
2025-04-22,0.00,-4.09,-0.027,-0.031
2025-04-23,-0.25,-2.00,-0.026,-0.013
2025-04-24,-0.43,-2.04,-0.026,-0.018
2025-04-25,-0.73,-1.43,-0.027,-0.004
2025-04-26,-1.25,-1.21,-0.033,-0.004
2025-04-27,-1.48,-0.57,-0.038,0.008
2025-04-28,-0.29,-1.63,-0.021,-0.005
2025-04-29,-0.33,-2.08,-0.017,-0.009
2025-04-30,-0.76,-2.35,-0.025,0.003
2025-05-01,-1.09,-2.05,-0.039,-0.008
2025-05-02,-1.72,-1.16,-0.048,0.008
2025-05-03,-2.36,-0.68,-0.055,0.017
2025-05-04,-2.32,-0.12,-0.048,0.022
2025-05-05,-2.46,0.17,-0.047,0.019
2025-05-06,-1.32,-1.07,-0.028,0.002
2025-05-07,-0.97,-1.55,-0.038,0.007
2025-05-08,-1.27,-1.46,-0.046,0.009
2025-05-09,-2.08,-0.97,-0.047,0.016
2025-05-10,-3.27,-0.23,-0.066,0.023
2025-05-11,-3.59,0.31,-0.075,0.026
2025-05-12,-4.15,0.07,-0.079,0.026
2025-05-13,-4.41,0.15,-0.075,0.033
2025-05-14,-4.39,0.69,-0.072,0.031
2025-05-15,-3.61,0.83,-0.067,0.019
2025-05-16,-2.04,0.66,-0.049,0.014
2025-05-17,-1.82,-0.73,-0.039,0.005
2025-05-18,-2.09,-0.33,-0.055,0.014
2025-05-19,-2.50,-0.09,-0.044,0.015
2025-05-20,-2.28,0.61,-0.046,0.015
2025-05-21,-2.57,0.04,-0.056,0.012
2025-05-22,-3.17,0.45,-0.054,0.014
2025-05-23,-3.67,0.45,-0.060,0.019
2025-05-24,-4.37,0.38,-0.069,0.028
2025-05-25,-4.04,-0.14,-0.068,0.028
2025-05-26,-3.96,0.14,-0.054,0.024
2025-05-27,-3.43,0.48,-0.055,0.019
2025-05-28,-2.38,-0.38,-0.033,0.005
2025-05-29,-3.91,-0.14,-0.059,0.022
2025-05-30,-3.63,0.45,-0.052,0.019
2025-05-31,-2.17,0.83,-0.043,0.003
2025-06-01,-2.41,1.07,-0.047,-0.002
2025-06-02,-3.56,0.89,-0.050,0.012
2025-06-03,-4.00,0.49,-0.064,0.019
2025-06-04,-4.44,-0.39,-0.068,0.031
2025-06-05,-3.49,-0.24,-0.056,0.019
2025-06-06,-3.43,-0.00,-0.053,0.016
2025-06-07,-3.38,0.24,-0.050,0.014
2025-06-08,-3.74,0.26,-0.051,0.017
2025-06-09,-3.62,0.32,-0.056,0.019
2025-06-10,-3.68,0.13,-0.051,0.012
2025-06-11,-4.43,0.15,-0.073,0.026
2025-06-12,-4.26,0.07,-0.063,0.031
2025-06-13,-3.92,-0.48,-0.062,0.026
2025-06-14,-3.84,-0.07,-0.067,0.033
2025-06-15,-3.55,0.25,-0.065,0.026
2025-06-16,-3.62,-0.19,-0.049,0.021
2025-06-17,-3.84,-0.13,-0.060,0.016
2025-06-18,-3.86,-0.75,-0.063,0.014
2025-06-19,-3.65,-0.58,-0.063,0.014
2025-06-20,-3.83,0.54,-0.061,0.019
2025-06-21,-3.65,0.38,-0.053,0.012
2025-06-22,-3.13,-0.61,-0.052,0.012
2025-06-23,-2.90,-0.56,-0.045,0.014
2025-06-24,-2.79,0.29,-0.037,0.015
2025-06-25,-4.47,0.79,-0.056,0.022
2025-06-26,-4.50,0.47,-0.068,0.031
2025-06-27,-3.96,-0.91,-0.054,0.019
2025-06-28,-2.89,-1.17,-0.045,0.017
2025-06-29,-1.86,-0.83,-0.041,0.005
2025-06-30,-3.79,0.40,-0.062,0.017
2025-07-01,-4.02,-0.35,-0.061,0.021
2025-07-02,-3.86,-0.13,-0.066,0.021
2025-07-03,-3.70,0.52,-0.058,0.009
2025-07-04,-2.26,0.74,-0.037,0.005
2025-07-05,-2.95,0.47,-0.050,0.007
2025-07-06,-3.18,-0.00,-0.056,0.012
2025-07-07,-3.15,-0.73,-0.049,0.012
2025-07-08,-4.36,0.23,-0.068,0.028
2025-07-09,-4.24,0.15,-0.066,0.019
2025-07-10,-4.13,-0.14,-0.066,0.021
2025-07-11,-4.18,0.07,-0.061,0.014
2025-07-12,-3.59,-0.00,-0.051,0.022
2025-07-13,-2.36,-0.25,-0.032,0.007
2025-07-14,-2.81,0.05,-0.030,0.010
2025-07-15,-3.29,0.35,-0.048,0.014
2025-07-16,-3.82,-0.00,-0.056,0.016
2025-07-17,-4.11,-0.36,-0.067,0.019
2025-07-18,-3.88,-0.61,-0.071,0.019
2025-07-19,-2.83,-0.97,-0.056,0.007
2025-07-20,-3.12,0.05,-0.040,0.012
2025-07-21,-3.27,0.46,-0.045,0.007
2025-07-22,-3.49,-0.06,-0.048,0.021
2025-07-23,-3.99,0.07,-0.058,0.021
2025-07-24,-4.70,-0.33,-0.069,0.024
2025-07-25,-3.78,-1.15,-0.052,0.014
2025-07-26,-2.93,-1.07,-0.042,0.012
2025-07-27,-3.17,-0.97,-0.043,0.010
2025-07-28,-2.66,-0.05,-0.046,0.014
2025-07-29,-2.09,0.15,-0.041,-0.004
2025-07-30,-1.89,0.03,-0.039,-0.002
2025-07-31,-3.09,0.16,-0.046,0.007
2025-08-01,-3.77,0.20,-0.056,0.014
2025-08-02,-3.01,-0.98,-0.049,0.002
2025-08-03,-1.13,1.96,-0.021,0.005
2025-08-04,-1.91,0.81,-0.033,0.007
2025-08-05,-2.93,0.21,-0.050,0.012
2025-08-06,-2.35,-0.95,-0.035,0.014
2025-08-07,-2.70,-0.00,-0.032,0.007
2025-08-08,-3.29,0.17,-0.042,0.019
2025-08-09,-2.74,-0.00,-0.039,0.012
2025-08-10,-2.45,-0.00,-0.039,0.010
2025-08-11,-3.26,0.34,-0.041,0.012
2025-08-12,-3.18,0.22,-0.046,0.021
2025-08-13,-1.65,-0.63,-0.029,-0.007
2025-08-14,-2.66,-0.66,-0.044,0.012
2025-08-15,-3.14,-0.90,-0.052,0.010
2025-08-16,-0.11,-3.16,-0.014,-0.017
2025-08-17,4.10,-1.02,0.024,-0.044
2025-08-18,1.28,5.52,0.015,0.035
2025-08-19,-0.39,5.54,-0.006,0.044
2025-08-20,-1.75,2.80,-0.023,0.018
2025-08-21,-3.40,0.60,-0.053,0.012
2025-08-22,-2.10,-1.58,-0.021,0.006
2025-08-23,-2.09,-1.07,-0.025,0.021
2025-08-24,-1.99,0.14,-0.029,0.014
2025-08-25,-3.65,-0.84,-0.050,0.021
2025-08-26,-3.70,-0.72,-0.053,0.014
2025-08-27,-2.86,0.30,-0.049,0.016
2025-08-28,-2.62,0.51,-0.035,-0.000
2025-08-29,-1.36,0.79,-0.021,0.005
2025-08-30,-2.01,0.43,-0.037,0.007
2025-08-31,-1.74,0.63,-0.041,0.003
2025-09-01,-2.25,0.82,-0.038,0.005
2025-09-02,-1.53,0.68,-0.029,0.002
2025-09-03,-1.18,1.06,-0.025,0.007
2025-09-04,-1.57,0.84,-0.019,0.005
2025-09-05,-2.27,0.40,-0.032,0.010
2025-09-06,-2.11,0.65,-0.025,0.007
2025-09-07,-2.32,0.20,-0.030,0.010
2025-09-08,-1.70,0.90,-0.018,0.014
2025-09-09,-0.99,1.36,-0.020,0.007
2025-09-10,-1.42,0.82,-0.023,-0.007
2025-09-11,-1.72,1.00,-0.038,0.005
2025-09-12,-1.62,0.94,-0.024,0.008
2025-09-13,-0.82,1.31,-0.015,0.003
2025-09-14,-1.31,0.85,-0.015,0.007
2025-09-15,-3.25,0.28,-0.042,0.012
2025-09-16,-3.19,-0.62,-0.039,0.019
2025-09-17,-1.98,-0.53,-0.032,0.008
2025-09-18,-2.33,-0.49,-0.040,0.008
2025-09-19,-1.04,0.97,-0.016,-0.000
2025-09-20,-0.73,1.90,-0.016,0.007
2025-09-21,-0.93,1.55,-0.016,0.010
2025-09-22,-1.67,0.85,-0.016,0.012
2025-09-23,-2.16,-0.11,-0.025,0.000
2025-09-24,-2.07,-0.96,-0.032,-0.002
2025-09-25,-1.78,1.98,-0.024,0.017
2025-09-26,-1.57,1.94,-0.016,0.002
2025-09-27,-1.36,1.62,-0.013,0.012
2025-09-28,-0.00,3.50,-0.009,0.017
2025-09-29,-0.28,4.07,0.005,0.036
2025-09-30,-0.94,2.88,0.007,0.010
2025-10-01,-0.32,2.01,0.019,0.007
2025-10-02,-0.64,0.99,0.010,0.002
2025-10-03,-1.13,0.22,-0.003,0.005
2025-10-04,-1.09,0.68,-0.006,0.012
2025-10-05,-1.40,0.07,-0.012,-0.000
2025-10-06,-1.27,0.18,-0.023,-0.005
2025-10-07,-1.76,-0.71,-0.021,-0.003
2025-10-08,-1.28,-0.23,-0.015,0.003
2025-10-09,-0.60,1.23,-0.002,0.003
2025-10-10,-0.38,0.78,-0.009,-0.002
2025-10-11,-0.07,2.08,-0.007,0.013
2025-10-12,-0.69,3.23,-0.009,0.026
2025-10-13,-2.00,1.07,-0.029,0.010
2025-10-14,-2.88,0.72,-0.048,0.017
2025-10-15,0.37,1.59,0.005,0.002
2025-10-16,1.38,0.45,0.022,-0.024
2025-10-17,1.02,-0.43,0.010,-0.022
2025-10-18,-0.98,-0.32,-0.003,-0.010
2025-10-19,-1.28,0.27,-0.019,0.005
2025-10-20,-2.32,-0.45,-0.030,0.014
2025-10-21,-2.35,0.46,-0.023,0.014
2025-10-22,-2.11,0.37,-0.035,0.009
2025-10-23,-3.25,0.57,-0.039,0.021
2025-10-24,-2.15,1.56,-0.035,0.007
2025-10-25,-3.19,1.84,-0.041,0.017
2025-10-26,-2.37,0.68,-0.048,0.000
2025-10-27,-2.36,1.00,-0.039,0.005
2025-10-28,-1.99,2.73,-0.035,0.017
2025-10-29,-1.67,4.84,-0.029,0.052
2025-10-30,-0.30,4.30,-0.007,0.040
2025-10-31,-0.80,1.71,-0.013,0.010
2025-11-01,-2.16,0.42,-0.027,0.019
2025-11-02,-2.40,2.31,-0.037,0.021
2025-11-03,-3.03,0.16,-0.041,0.016
2025-11-04,-1.43,-1.11,-0.017,0.004
2025-11-05,-1.01,-1.33,-0.022,-0.009
2025-11-06,-1.91,0.20,-0.022,0.006
2025-11-07,-2.66,0.66,-0.024,0.010
2025-11-08,-1.65,0.96,-0.022,0.001
2025-11-09,-3.20,0.62,-0.039,0.014
2025-11-10,-2.66,0.97,-0.046,0.009
2025-11-11,-1.84,0.26,-0.028,0.008
2025-11-12,-2.39,-0.78,-0.035,0.005
2025-11-13,-2.24,-0.48,-0.037,-0.002
2025-11-14,-1.25,0.43,-0.022,-0.014
2025-11-15,0.90,0.36,-0.001,-0.024
2025-11-16,0.93,-0.11,-0.004,-0.027
2025-11-17,-0.32,0.83,-0.007,-0.007
2025-11-18,-0.90,-0.56,-0.016,-0.012
2025-11-19,-2.31,-0.62,-0.039,0.012
2025-11-20,-1.89,-0.47,-0.027,0.010
2025-11-21,-1.81,-0.59,-0.025,0.012
2025-11-22,-2.13,-1.23,-0.030,0.010
2025-11-23,-1.25,-1.43,-0.023,0.002
2025-11-24,-1.33,-1.00,-0.023,-0.000
2025-11-25,-3.35,-0.96,-0.049,0.014
2025-11-26,-3.38,-0.54,-0.058,0.012
2025-11-27,-3.29,-0.23,-0.054,0.019
2025-11-28,-2.31,-0.32,-0.042,0.014
2025-11-29,-2.66,-0.23,-0.044,0.019
2025-11-30,-2.45,-0.48,-0.032,0.014
2025-12-01,-1.23,-0.93,-0.031,0.010
2025-12-02,0.00,-1.56,-0.006,-0.002
2025-12-03,-0.71,-1.39,-0.026,0.001
2025-12-04,-1.68,-0.89,-0.028,0.015
2025-12-05,-2.08,-0.63,-0.030,0.021
2025-12-06,-3.03,0.16,-0.049,0.028
2025-12-07,-3.33,0.47,-0.044,0.026
2025-12-08,-1.56,0.90,-0.019,0.011
2025-12-09,-0.90,0.78,-0.020,0.000
2025-12-10,-1.84,0.71,-0.027,0.005
2025-12-11,-1.98,0.76,-0.035,0.009
2025-12-12,-3.14,-0.00,-0.051,0.017
2025-12-13,-3.54,-0.37,-0.053,0.026
2025-12-14,-2.78,0.80,-0.055,0.028
2025-12-15,-1.19,0.86,-0.027,0.005
2025-12-16,-1.42,0.76,-0.020,0.003
2025-12-17,-2.96,0.21,-0.044,0.023
2025-12-18,-3.05,-0.00,-0.044,0.026
2025-12-19,-2.80,-0.34,-0.046,0.019
2025-12-20,-1.81,-1.37,-0.023,0.010
2025-12-21,-2.23,-1.09,-0.039,0.007
2025-12-22,-2.18,-1.16,-0.042,0.009
2025-12-23,-1.98,-2.20,-0.037,0.012
2025-12-24,-1.80,-2.08,-0.044,0.005
2025-12-25,-0.78,-3.66,-0.028,-0.009
2025-12-26,-0.35,-1.97,-0.012,-0.002
2025-12-27,-1.04,-0.70,-0.023,0.010
2025-12-28,-1.04,-1.49,-0.019,-0.000
2025-12-29,-1.80,-0.96,-0.021,0.010
2025-12-30,-1.29,0.55,-0.013,0.019
2025-12-31,-0.60,1.19,-0.001,0.008
2026-01-01,-1.27,-0.70,-0.011,0.005
2026-01-02,-1.32,-0.48,-0.014,0.021
2026-01-03,-1.65,-0.12,-0.025,0.019
2026-01-04,-0.58,1.44,-0.007,0.019
2026-01-05,0.18,1.28,-0.008,0.008
2026-01-06,-0.57,-1.74,-0.015,0.005
2026-01-07,-1.47,-1.63,-0.034,0.012
2026-01-08,-1.40,-1.61,-0.034,0.012
2026-01-09,-1.65,-1.97,-0.039,0.012
2026-01-10,-2.03,-1.42,-0.039,0.014
2026-01-11,-2.01,-1.21,-0.046,0.014
2026-01-12,-1.50,-1.40,-0.034,0.007
2026-01-13,-2.33,0.08,-0.041,0.016
2026-01-14,-2.67,-0.05,-0.039,0.019
2026-01-15,-1.27,1.18,-0.023,0.010
2026-01-16,-0.97,1.00,-0.029,0.003
2026-01-17,-3.68,-0.72,-0.063,0.024
2026-01-18,-4.41,0.23,-0.072,0.034
2026-01-19,-3.37,0.35,-0.056,0.021
2026-01-20,-3.26,-0.57,-0.051,0.016
2026-01-21,-3.28,-1.07,-0.064,0.021
2026-01-22,-3.01,-0.92,-0.068,0.019
2026-01-23,-2.93,-0.78,-0.060,0.016
2026-01-24,-2.76,-0.74,-0.054,0.021
2026-01-25,-3.41,-0.36,-0.061,0.019
2026-01-26,-3.58,0.06,-0.056,0.026
2026-01-27,-1.82,0.29,-0.030,0.012
2026-01-28,-1.62,0.43,-0.029,0.003
2026-01-29,-1.07,1.07,-0.015,0.008
2026-01-30,-1.43,0.90,-0.017,0.005
2026-01-31,-0.48,3.01,-0.013,0.027
2026-02-01,1.40,1.61,0.004,-0.003
2026-02-02,1.85,-4.57,0.019,-0.059
2026-02-03,-0.16,-4.58,-0.008,-0.030
2026-02-04,-2.57,-2.23,-0.032,0.014
2026-02-05,-2.47,1.31,-0.032,0.021
2026-02-06,1.81,1.18,0.009,-0.012
2026-02-07,2.09,-2.58,0.022,-0.060
2026-02-08,1.46,-3.28,0.006,-0.036
2026-02-09,-1.31,-2.93,-0.024,-0.015
2026-02-10,-1.61,-3.45,-0.035,-0.007
2026-02-11,-3.05,-2.22,-0.049,0.002
2026-02-12,-2.29,-0.24,-0.039,0.019
2026-02-13,0.52,-0.60,-0.013,-0.020
2026-02-14,-0.21,-2.03,-0.021,-0.024
2026-02-15,-2.19,-2.43,-0.034,0.007
2026-02-16,-1.65,0.35,-0.039,0.012
2026-02-17,-0.58,-0.93,-0.013,-0.009
2026-02-18,-1.16,-1.38,-0.025,0.000
2026-02-19,-2.57,-0.22,-0.042,0.021
2026-02-20,-3.28,0.40,-0.047,0.028
2026-02-21,-3.47,0.36,-0.047,0.029
2026-02-22,-2.89,0.51,-0.041,0.021
2026-02-23,-0.78,1.26,-0.021,0.002
2026-02-24,0.91,-1.34,-0.010,-0.007
2026-02-25,-2.24,-1.40,-0.038,0.010
2026-02-26,-3.69,-0.13,-0.055,0.023
2026-02-27,-4.01,0.14,-0.068,0.031
2026-02-28,-2.84,0.60,-0.039,0.017
2026-03-01,-2.80,0.65,-0.038,0.012
2026-03-02,-3.55,0.37,-0.056,0.023
2026-03-03,-3.70,-0.45,-0.057,0.021
2026-03-04,-3.85,-0.20,-0.060,0.035
2026-03-05,-4.33,-0.76,-0.071,0.033
2026-03-06,-3.64,-0.98,-0.062,0.028
2026-03-07,-4.23,-0.59,-0.077,0.028
2026-03-08,-3.53,0.18,-0.071,0.024
2026-03-09,-4.27,0.07,-0.079,0.032
2026-03-10,-3.81,-0.27,-0.073,0.022
2026-03-11,-3.16,-0.56,-0.060,0.016
2026-03-12,-2.46,0.04,-0.051,0.012
2026-03-13,-2.61,-0.00,-0.044,0.014
2026-03-14,-3.48,0.06,-0.056,0.026
2026-03-15,-4.09,-0.00,-0.061,0.031
2026-03-16,-5.42,1.25,-0.074,0.035
2026-03-17,-4.27,0.60,-0.062,0.016
2026-03-18,-3.20,0.92,-0.047,0.005
2026-03-19,-1.68,2.01,-0.030,0.002
2026-03-20,-0.23,3.22,-0.004,0.012
2026-03-21,0.73,3.43,0.015,-0.007
2026-03-22,-0.39,-3.72,-0.015,-0.037
2026-03-23,-1.78,-2.74,-0.028,-0.002
2026-03-24,-1.77,-1.96,-0.034,0.007
2026-03-25,-2.02,-1.82,-0.039,0.007
2026-03-26,-2.19,-0.55,-0.031,0.012
2026-03-27,-1.90,-0.07,-0.033,0.003
2026-03-28,-1.95,-1.22,-0.042,-0.004
2026-03-29,-1.84,-2.62,-0.029,-0.003
2026-03-30,-2.01,-1.95,-0.038,0.008
2026-03-31,-2.52,-1.90,-0.050,0.005
2026-04-01,-1.62,-1.80,-0.038,0.005
2026-04-02,-2.96,-1.44,-0.053,0.010
2026-04-03,-3.36,-2.02,-0.059,0.012
2026-04-04,-3.29,-0.11,-0.051,0.012
2026-04-05,-2.96,0.79,-0.059,0.012
2026-04-06,-1.72,1.20,-0.052,0.001
2026-04-07,-1.60,1.16,-0.032,-0.000
2026-04-08,-1.43,1.54,-0.023,0.010
2026-04-09,-1.54,1.08,-0.025,-0.000
2026-04-10,-1.03,0.83,-0.035,0.005
2026-04-11,0.82,0.32,0.002,-0.002
2026-04-12,0.19,-1.58,-0.007,-0.021
2026-04-13,0.19,-2.16,-0.015,-0.028
2026-04-14,0.14,-2.05,-0.015,-0.016
2026-04-15,0.82,-1.31,-0.019,-0.002
2026-04-16,-1.16,0.67,-0.029,0.019
2026-04-17,-2.91,0.25,-0.045,0.020
2026-04-18,-2.91,0.10,-0.046,0.022
2026-04-19,-3.09,0.11,-0.054,0.022
2026-04-20,-3.76,0.66,-0.058,0.024
2026-04-21,-2.06,0.71,-0.033,0.012
2026-04-22,-1.62,-0.62,-0.020,-0.002
2026-04-23,-0.63,-0.61,-0.014,-0.009
2026-04-24,-1.59,0.34,-0.026,0.010
2026-04-25,1.09,2.13,0.024,0.012
2026-04-26,-0.00,1.14,0.000,-0.009
2026-04-27,-0.17,1.23,-0.018,0.005
2026-04-28,-0.85,0.91,-0.009,0.005
2026-04-29,-1.13,-0.91,-0.011,-0.003
2026-04-30,-1.26,-0.61,-0.014,0.007
2026-05-01,-1.91,0.03,-0.033,0.012
2026-05-02,-3.32,0.70,-0.042,0.027
2026-05-03,-2.20,0.80,-0.041,0.010
2026-05-04,-1.52,1.58,-0.016,0.009
2026-05-05,-1.76,1.53,-0.033,0.012
2026-05-06,-1.07,1.36,-0.021,-0.000
2026-05-07,-1.95,0.87,-0.035,0.012
2026-05-08,-3.02,0.59,-0.047,0.020
2026-05-09,-3.99,0.28,-0.061,0.024
2026-05-10,-4.57,0.40,-0.073,0.036
2026-05-11,-4.02,0.35,-0.069,0.021
2026-05-12,-3.52,0.62,-0.056,0.009
2026-05-13,-2.82,1.26,-0.045,0.010
2026-05-14,-1.75,1.81,-0.023,0.017
2026-05-15,-2.10,0.85,-0.032,0.009
2026-05-16,-2.64,0.37,-0.043,0.019
2026-05-17,-3.37,0.53,-0.038,0.022
2026-05-18,-4.24,0.30,-0.065,0.026
2026-05-19,-3.96,0.42,-0.056,0.024
2026-05-20,-3.95,0.56,-0.058,0.024
2026-05-21,-3.99,0.63,-0.064,0.022
2026-05-22,-2.92,0.26,-0.046,0.011
2026-05-23,-3.96,0.42,-0.061,0.019
2026-05-24,-4.26,-0.30,-0.063,0.024
2026-05-25,-4.78,0.08,-0.079,0.028
2026-05-26,-4.95,0.26,-0.076,0.024
2026-05-27,-4.03,0.07,-0.069,0.021
2026-05-28,-3.68,0.32,-0.059,0.014
2026-05-29,-2.25,0.82,-0.038,0.007
2026-05-30,-2.09,0.93,-0.035,-0.011
2026-05-31,-1.45,1.10,-0.047,-0.007
2026-06-01,-1.81,0.62,-0.027,0.000
2026-06-02,-2.36,1.72,-0.042,0.012
2026-06-03,-2.75,0.79,-0.046,0.009
2026-06-04,-2.75,0.95,-0.044,0.007
2026-06-05,-2.19,1.16,-0.037,-0.000
2026-06-06,-1.56,1.13,-0.021,0.005
2026-06-07,-2.07,0.96,-0.029,-0.002
2026-06-08,-2.21,0.80,-0.044,-0.006
2026-06-09,-1.19,1.57,-0.023,-0.002
2026-06-10,-1.76,0.90,-0.030,0.005
2026-06-11,-1.82,1.01,-0.039,0.014
2026-06-12,-1.58,1.07,-0.018,0.022
2026-06-13,-1.93,0.74,-0.031,0.002
2026-06-14,-3.76,0.33,-0.059,0.024
2026-06-15,-4.37,0.31,-0.064,0.024
2026-06-16,-3.82,0.95,-0.055,0.024
2026-06-17,-3.97,0.77,-0.065,0.022
2026-06-18,-3.87,0.34,-0.054,0.024
2026-06-19,-3.69,0.52,-0.061,0.021
2026-06-20,-3.44,0.42,-0.053,0.026
2026-06-21,-3.66,0.26,-0.060,0.024
2026-06-22,-4.19,0.15,-0.060,0.016
2026-06-23,-4.02,-0.64,-0.065,0.021
2026-06-24,-3.71,-0.26,-0.059,0.016
2026-06-25,-4.15,-0.00,-0.055,0.019
2026-06-26,-3.89,-0.27,-0.070,0.017
2026-06-27,-2.33,-1.19,-0.040,-0.006
2026-06-28,-3.53,0.06,-0.051,0.012
2026-06-29,-2.45,0.09,-0.045,0.014
2026-06-30,-2.04,0.74,-0.039,0.005
2026-07-01,-2.48,1.00,-0.034,0.005
2026-07-02,-2.52,0.92,-0.039,0.007
2026-07-03,-2.83,0.65,-0.044,0.010
2026-07-04,-3.31,0.35,-0.051,0.009
2026-07-05,-3.79,0.47,-0.056,0.019
2026-07-06,-3.91,0.41,-0.065,0.019
2026-07-07,-5.02,-0.09,-0.080,0.026
2026-07-08,-3.44,-0.12,-0.066,0.031
2026-07-09,-3.98,0.14,-0.070,0.015
2026-07-10,-4.02,0.21,-0.066,0.019
2026-07-11,-3.54,-0.88,-0.065,0.014
2026-07-12,-3.45,-1.06,-0.059,0.010
2026-07-13,-3.30,-0.76,-0.052,0.019
2026-07-14,-3.85,-0.13,-0.056,0.012
2026-07-15,-3.53,-0.00,-0.051,0.019
2026-07-16,-3.51,-0.00,-0.054,0.022
2026-07-17,-3.84,0.34,-0.055,0.022
2026-07-18,-3.89,-0.00,-0.057,0.024
2026-07-19,-3.76,-0.26,-0.065,0.024
2026-07-20,-3.65,-0.26,-0.069,0.021
2026-07-21,-2.77,-1.41,-0.052,0.003
2026-07-22,-2.54,-0.73,-0.044,0.005
2026-07-23,-1.91,0.97,-0.043,0.003
2026-07-24,-2.58,0.64,-0.033,0.012
2026-07-25,-3.40,0.18,-0.055,0.014
2026-07-26,-3.25,0.46,-0.049,0.019
2026-07-27,-2.85,0.50,-0.047,0.014
2026-07-28,-2.92,0.73,-0.044,0.014
2026-07-29,-3.34,0.77,-0.051,0.010
2026-07-30,-3.90,0.55,-0.063,0.024
2026-07-31,-3.74,-0.13,-0.065,0.026
2026-08-01,-3.09,0.71,-0.041,0.019
2026-08-02,-2.60,0.95,-0.037,0.007
2026-08-03,-3.02,0.59,-0.042,0.016
2026-08-04,-3.27,0.06,-0.052,0.016
2026-08-05,-1.45,-0.62,-0.023,-0.000
2026-08-06,-2.79,0.64,-0.047,0.003
2026-08-07,-3.36,0.06,-0.050,0.014
2026-08-08,-3.71,-0.13,-0.061,0.016
2026-08-09,-3.85,-0.96,-0.066,0.023
2026-08-10,-4.13,-0.43,-0.065,0.026
2026-08-11,-3.24,-1.05,-0.053,0.016
2026-08-12,-2.97,-0.21,-0.035,0.012
2026-08-13,-3.65,0.13,-0.055,0.012
2026-08-14,-4.58,0.32,-0.067,0.028
2026-08-15,-4.62,-2.06,-0.067,0.024
2026-08-16,-3.85,-0.89,-0.060,0.024
2026-08-17,-3.02,-0.59,-0.053,0.019
2026-08-18,-2.55,-0.68,-0.035,0.002
2026-08-19,-2.71,0.19,-0.037,0.009
2026-08-20,-3.00,0.53,-0.054,0.009
2026-08-21,-3.46,0.18,-0.057,0.024
2026-08-22,-2.97,-0.85,-0.045,0.016
2026-08-23,-3.20,-0.17,-0.051,0.012
2026-08-24,-3.53,0.18,-0.056,0.019
2026-08-25,-3.32,0.29,-0.046,0.012
2026-08-26,-3.09,0.27,-0.046,0.014
2026-08-27,-2.74,-0.58,-0.041,0.012
2026-08-28,-3.49,0.06,-0.060,0.023
2026-08-29,-3.55,-0.06,-0.056,0.024
2026-08-30,-2.74,-1.05,-0.055,0.008
2026-08-31,-2.18,0.97,-0.024,0.012
2026-09-01,-1.66,0.96,-0.027,0.007
2026-09-02,-2.25,0.91,-0.037,0.012
2026-09-03,-2.42,0.08,-0.035,0.012
2026-09-04,-1.25,0.38,-0.024,0.003
2026-09-05,-2.36,0.46,-0.036,0.006
2026-09-06,-1.84,1.02,-0.022,0.012
2026-09-07,-2.03,0.62,-0.033,0.010
2026-09-08,-2.45,0.94,-0.037,0.015
2026-09-09,-4.20,0.29,-0.062,0.026
2026-09-10,-3.86,-0.07,-0.059,0.033
2026-09-11,-3.20,0.62,-0.049,0.026
2026-09-12,-3.17,-0.06,-0.039,0.026
2026-09-13,-2.77,-0.44,-0.039,0.021
2026-09-14,-2.68,-0.00,-0.027,0.019
2026-09-15,-1.70,-0.76,-0.032,0.005
2026-09-16,-2.65,-0.19,-0.035,0.016
2026-09-17,-3.12,0.55,-0.044,0.019
2026-09-18,-2.69,1.20,-0.039,0.009
2026-09-19,-1.86,1.12,-0.037,0.010
2026-09-20,-1.05,1.05,-0.017,0.002
2026-09-21,-1.22,0.95,-0.014,-0.000
2026-09-22,-1.45,1.13,-0.019,0.007
2026-09-23,-1.47,0.92,-0.017,0.005
2026-09-24,-1.69,1.28,-0.025,0.007
2026-09-25,-1.13,1.44,-0.020,0.012
