date,wind_u,wind_v,cur_u,cur_v
2016-01-01,0.58,-2.75,,
2016-01-02,1.30,-1.93,,
2016-01-03,0.73,-1.64,,
2016-01-04,1.08,-1.61,,
2016-01-05,0.90,-1.38,,
2016-01-06,1.01,-1.83,,
2016-01-07,1.33,-1.84,,
2016-01-08,0.25,-2.02,,
2016-01-09,0.32,-2.27,,
2016-01-10,-0.79,-2.18,,
2016-01-11,-1.60,-1.71,,
2016-01-12,-0.17,-2.47,,
2016-01-13,0.76,-2.21,,
2016-01-14,0.84,-1.40,,
2016-01-15,1.80,-0.25,,
2016-01-16,1.98,-1.19,,
2016-01-17,1.46,1.87,,
2016-01-18,2.13,-2.63,,
2016-01-19,1.11,-3.04,,
2016-01-20,-1.75,-3.03,,
2016-01-21,-1.88,-2.24,,
2016-01-22,-0.46,-1.61,,
2016-01-23,-0.08,2.29,,
2016-01-24,1.76,-3.05,,
2016-01-25,-2.29,-3.96,,
2016-01-26,-2.23,-3.07,,
2016-01-27,0.79,-1.43,,
2016-01-28,0.00,-1.89,,
2016-01-29,0.64,-1.85,,
2016-01-30,1.17,-2.51,,
2016-01-31,0.89,-1.74,,
2016-02-01,1.51,-1.51,,
2016-02-02,0.74,-2.29,,
2016-02-03,-1.15,-3.33,,
2016-02-04,-2.28,-3.66,,
2016-02-05,-1.71,-3.51,,
2016-02-06,-1.22,-2.61,,
2016-02-07,1.39,-0.98,,
2016-02-08,1.87,-2.57,,
2016-02-09,-0.16,-3.02,,
2016-02-10,0.48,-3.45,,
2016-02-11,-0.91,-3.64,,
2016-02-12,-1.88,-2.49,,
2016-02-13,1.95,-1.22,,
2016-02-14,-0.79,-2.96,,
2016-02-15,-2.44,-2.12,,
2016-02-16,0.68,-1.78,,
2016-02-17,1.73,-1.86,,
2016-02-18,1.28,-1.70,,
2016-02-19,-1.99,-3.74,,
2016-02-20,-4.07,-3.79,,
2016-02-21,-3.55,-2.88,,
2016-02-22,-1.51,-2.42,,
2016-02-23,-1.20,-1.85,,
2016-02-24,1.24,-1.04,,
2016-02-25,1.94,-1.69,,
2016-02-26,1.99,-1.61,,
2016-02-27,1.07,-2.10,,
2016-02-28,-0.03,-1.89,,
2016-02-29,-1.47,-1.88,,
2016-03-01,1.36,-1.36,,
2016-03-02,0.50,-1.87,,
2016-03-03,0.85,-1.54,,
2016-03-04,1.68,-1.46,,
2016-03-05,1.16,-1.39,,
2016-03-06,1.07,-2.53,,
2016-03-07,-0.82,-3.85,,
2016-03-08,-3.97,-3.57,,
2016-03-09,-3.99,-2.90,,
2016-03-10,-3.23,-2.71,,
2016-03-11,-2.01,-1.62,,
2016-03-12,1.39,-2.06,,
2016-03-13,-0.11,-3.19,,
2016-03-14,1.30,-1.26,,
2016-03-15,1.44,-1.30,,
2016-03-16,0.86,-1.62,,
2016-03-17,0.40,-2.04,,
2016-03-18,1.81,0.55,,
2016-03-19,2.06,-0.40,,
2016-03-20,1.41,0.02,,
2016-03-21,1.46,-1.27,,
2016-03-22,1.96,-2.42,,
2016-03-23,1.35,-1.73,,
2016-03-24,1.68,-1.62,,
2016-03-25,1.99,-2.37,,
2016-03-26,1.58,-2.63,,
2016-03-27,1.75,-1.95,,
2016-03-28,1.79,-2.13,,
2016-03-29,1.92,-0.70,,
2016-03-30,1.95,-0.71,,
2016-03-31,1.33,-1.33,,
2016-04-01,1.23,-1.90,,
2016-04-02,2.30,-0.32,,
2016-04-03,1.19,-1.76,,
2016-04-04,1.57,-1.36,,
2016-04-05,2.14,-1.50,,
2016-04-06,0.78,-3.11,,
2016-04-07,-2.43,0.98,,
2016-04-08,1.72,-1.44,,
2016-04-09,1.66,-1.16,,
2016-04-10,0.71,-2.46,,
2016-04-11,-0.28,-1.99,,
2016-04-12,0.03,-1.79,,
2016-04-13,-1.86,-2.00,,
2016-04-14,0.39,-2.19,,
2016-04-15,1.82,-1.37,,
2016-04-16,1.00,-1.60,,
2016-04-17,1.30,-2.09,,
2016-04-18,0.61,-3.48,,
2016-04-19,-1.28,-3.73,,
2016-04-20,-1.64,-2.96,,
2016-04-21,-1.59,-1.97,,
2016-04-22,0.44,-2.09,,
2016-04-23,0.37,-2.31,,
2016-04-24,0.90,-2.22,,
2016-04-25,0.26,-2.11,,
2016-04-26,-1.53,-0.85,,
2016-04-27,-1.45,-1.17,,
2016-04-28,-1.72,-1.50,,
2016-04-29,-2.50,-1.06,,
2016-04-30,-1.59,-0.61,,
2016-05-01,-1.69,-1.88,,
2016-05-02,1.64,0.50,,
2016-05-03,-1.82,-0.06,,
2016-05-04,-1.05,1.45,,
2016-05-05,-0.43,2.42,,
2016-05-06,-0.09,2.53,,
2016-05-07,2.89,-1.05,,
2016-05-08,-1.66,-2.04,,
2016-05-09,-2.34,-2.18,,
2016-05-10,-2.30,-1.17,,
2016-05-11,-0.61,-1.99,,
2016-05-12,0.60,-1.64,,
2016-05-13,-0.70,-1.92,,
2016-05-14,-0.03,-1.70,,
2016-05-15,-0.56,-1.85,,
2016-05-16,-0.38,-1.67,,
2016-05-17,1.69,-1.05,,
2016-05-18,1.63,-1.18,,
2016-05-19,1.84,-0.86,,
2016-05-20,1.85,-0.60,,
2016-05-21,1.28,-1.76,,
2016-05-22,1.00,-1.87,,
2016-05-23,-1.17,-1.50,,
2016-05-24,-2.08,-1.56,,
2016-05-25,-2.88,-1.67,,
2016-05-26,-0.39,-1.82,,
2016-05-27,0.74,-1.33,,
2016-05-28,-0.91,-1.58,,
2016-05-29,-0.82,-1.85,,
2016-05-30,0.17,-1.65,,
2016-05-31,-1.90,0.07,,
2016-06-01,-2.46,-0.35,,
2016-06-02,-1.53,-0.99,,
2016-06-03,-0.95,-1.94,,
2016-06-04,-0.87,-1.12,,
2016-06-05,-1.24,-0.31,,
2016-06-06,-0.90,-1.19,,
2016-06-07,0.78,-0.72,,
2016-06-08,-1.33,-0.36,,
2016-06-09,0.59,-1.70,,
2016-06-10,1.44,-1.44,,
2016-06-11,0.75,-1.96,,
2016-06-12,1.65,0.67,,
2016-06-13,-2.07,0.80,,
2016-06-14,-1.56,-1.56,,
2016-06-15,0.51,-1.57,,
2016-06-16,1.80,-0.62,,
2016-06-17,1.62,-1.74,,
2016-06-18,1.71,-0.76,,
2016-06-19,1.80,-1.80,,
2016-06-20,0.26,-2.46,,
2016-06-21,-1.68,-0.97,,
2016-06-22,-0.21,-1.73,,
2016-06-23,0.62,-1.90,,
2016-06-24,-1.25,-2.36,,
2016-06-25,1.15,-2.07,,
2016-06-26,0.03,-1.73,,
2016-06-27,-1.19,-1.28,,
2016-06-28,-1.12,-2.02,,
2016-06-29,0.44,-1.20,,
2016-06-30,1.19,-0.93,,
2016-07-01,1.82,-1.88,,
2016-07-02,1.72,-1.39,,
2016-07-03,-2.04,0.25,,
2016-07-04,2.01,-1.62,,
2016-07-05,1.82,-2.02,,
2016-07-06,-0.31,-2.24,,
2016-07-07,1.38,-1.48,,
2016-07-08,-0.52,-2.08,,
2016-07-09,2.14,-0.82,,
2016-07-10,1.22,-2.11,,
2016-07-11,1.91,-1.55,,
2016-07-12,2.11,-1.65,,
2016-07-13,2.08,-0.93,,
2016-07-14,1.45,-1.56,,
2016-07-15,1.24,-1.29,,
2016-07-16,0.91,-1.71,,
2016-07-17,1.14,-1.31,,
2016-07-18,0.99,-1.47,,
2016-07-19,0.78,0.90,,
2016-07-20,0.82,-1.48,,
2016-07-21,1.56,-0.48,,
2016-07-22,0.54,-1.76,,
2016-07-23,1.83,0.06,,
2016-07-24,1.77,0.94,,
2016-07-25,1.06,-1.31,,
2016-07-26,0.39,-2.21,,
2016-07-27,-0.96,-1.74,,
2016-07-28,0.79,-1.86,,
2016-07-29,-0.21,1.73,,
2016-07-30,1.48,-1.76,,
2016-07-31,1.44,-2.14,,
2016-08-01,-2.18,0.08,,
2016-08-02,-1.07,-2.53,,
2016-08-03,1.45,-0.80,,
2016-08-04,1.17,-1.55,,
2016-08-05,1.36,-1.14,,
2016-08-06,1.05,-1.62,,
2016-08-07,-1.14,-1.75,,
2016-08-08,0.48,-1.92,,
2016-08-09,2.20,-1.07,,
2016-08-10,1.95,-0.14,,
2016-08-11,1.88,-1.47,,
2016-08-12,1.27,-1.22,,
2016-08-13,1.37,-1.19,,
2016-08-14,0.98,-1.85,,
2016-08-15,0.61,-2.13,,
2016-08-16,1.34,-1.44,,
2016-08-17,1.97,-0.57,,
2016-08-18,1.81,-1.18,,
2016-08-19,1.51,-1.62,,
2016-08-20,2.61,-1.22,,
2016-08-21,2.19,-1.37,,
2016-08-22,1.51,-1.14,,
2016-08-23,1.17,-2.12,,
2016-08-24,0.92,-2.28,,
2016-08-25,-2.50,0.96,,
2016-08-26,-2.13,-0.95,,
2016-08-27,-1.47,-0.13,,
2016-08-28,-1.38,0.73,,
2016-08-29,-1.85,-0.64,,
2016-08-30,-1.09,-0.68,,
2016-08-31,1.03,-1.85,,
2016-09-01,2.04,-0.74,,
2016-09-02,2.04,-0.51,,
2016-09-03,1.66,-1.16,,
2016-09-04,0.95,-2.13,,
2016-09-05,-0.37,-2.35,,
2016-09-06,-1.77,-2.18,,
2016-09-07,2.07,-1.25,,
2016-09-08,1.39,-1.44,,
2016-09-09,-0.76,-1.79,,
2016-09-10,1.08,-1.20,,
2016-09-11,-1.19,-0.96,,
2016-09-12,-1.72,-0.80,,
2016-09-13,-1.28,-1.32,,
2016-09-14,1.46,-0.28,,
2016-09-15,0.14,-1.35,,
2016-09-16,1.41,-0.33,,
2016-09-17,1.47,-1.15,,
2016-09-18,1.77,-0.79,,
2016-09-19,0.87,-0.90,,
2016-09-20,0.81,-1.29,,
2016-09-21,-1.16,-1.12,,
2016-09-22,0.50,-1.55,,
2016-09-23,-1.66,1.30,,
2016-09-24,-1.00,-1.24,,
2016-09-25,-1.47,-0.72,,
2016-09-26,-1.61,-1.01,,
2016-09-27,-1.74,0.81,,
2016-09-28,0.31,-1.45,,
2016-09-29,0.36,-2.05,,
2016-09-30,-2.19,-1.90,,
2016-10-01,-1.83,-1.83,,
2016-10-02,-1.34,-1.08,,
2016-10-03,-2.80,-2.43,,
2016-10-04,-9.27,6.02,,
2016-10-05,-2.31,7.10,,
2016-10-06,-0.81,2.64,,
2016-10-07,1.14,-1.06,,
2016-10-08,0.87,-1.64,,
2016-10-09,-0.21,-1.98,,
2016-10-10,1.57,-1.80,,
2016-10-11,1.13,-1.74,,
2016-10-12,1.44,0.31,,
2016-10-13,-0.50,-1.54,,
2016-10-14,-1.30,-1.30,,
2016-10-15,-0.48,-1.19,,
2016-10-16,0.95,-0.99,,
2016-10-17,0.74,1.59,,
2016-10-18,1.90,-1.65,,
2016-10-19,0.83,1.23,,
2016-10-20,-0.88,1.35,,
2016-10-21,-0.29,2.08,,
2016-10-22,0.48,-1.81,,
2016-10-23,-0.15,-2.07,,
2016-10-24,-1.51,-1.94,,
2016-10-25,-1.55,-2.14,,
2016-10-26,-2.21,-2.54,,
2016-10-27,-2.50,-2.03,,
2016-10-28,-2.05,-1.09,,
2016-10-29,-0.40,-1.61,,
2016-10-30,-0.79,-1.49,,
2016-10-31,1.05,-1.40,,
2016-11-01,-1.17,-2.51,,
2016-11-02,-2.20,-2.71,,
2016-11-03,-1.94,-2.57,,
2016-11-04,-1.66,-1.78,,
2016-11-05,0.79,-1.49,,
2016-11-06,-0.43,-2.01,,
2016-11-07,-1.74,-2.31,,
2016-11-08,-2.35,-2.11,,
2016-11-09,-2.45,-2.06,,
2016-11-10,-0.62,-2.02,,
2016-11-11,-1.35,-2.33,,
2016-11-12,-2.04,-1.23,,
2016-11-13,-1.57,-1.87,,
2016-11-14,-1.81,-1.69,,
2016-11-15,-1.38,-0.24,,
2016-11-16,-0.52,1.28,,
2016-11-17,0.59,-2.54,,
2016-11-18,-2.45,-3.02,,
2016-11-19,-2.78,-2.98,,
2016-11-20,-3.00,-2.60,,
2016-11-21,-3.30,-3.19,,
2016-11-22,-3.81,-2.47,,
2016-11-23,-4.48,-2.69,,
2016-11-24,-3.14,-1.96,,
2016-11-25,-2.78,-1.54,,
2016-11-26,-2.11,-1.43,,
2016-11-27,1.80,-1.26,,
2016-11-28,-1.33,-2.98,,
2016-11-29,-2.87,-1.79,,
2016-11-30,-2.48,-1.37,,
2016-12-01,-1.56,-0.70,,
2016-12-02,-0.47,-1.54,,
2016-12-03,0.38,-1.23,,
2016-12-04,-1.41,-1.46,,
2016-12-05,-2.20,-1.37,,
2016-12-06,0.46,-1.26,,
2016-12-07,0.14,-1.37,,
2016-12-08,-0.42,-2.14,,
2016-12-09,-2.31,-1.50,,
2016-12-10,-2.13,-2.37,,
2016-12-11,-2.39,-1.55,,
2016-12-12,-0.38,-2.41,,
2016-12-13,1.16,-1.93,,
2016-12-14,0.87,-1.16,,
2016-12-15,1.15,-1.41,,
2016-12-16,-0.16,-2.30,,
2016-12-17,-2.00,-2.14,,
2016-12-18,-0.91,-2.38,,
2016-12-19,-1.66,-2.46,,
2016-12-20,-2.49,-2.02,,
2016-12-21,-1.98,-1.73,,
2016-12-22,-1.76,-1.76,,
2016-12-23,-1.97,-1.97,,
2016-12-24,-3.00,-2.52,,
2016-12-25,-1.59,-1.89,,
2016-12-26,-2.42,-2.03,,
2016-12-27,-3.05,-2.38,,
2016-12-28,-1.55,-1.98,,
2016-12-29,0.66,-1.71,,
2016-12-30,1.22,-1.74,,
2016-12-31,-1.80,-2.66,,
2017-01-01,-0.15,-1.18,,
2017-01-02,0.93,-1.15,,
2017-01-03,0.76,1.42,,
2017-01-04,-0.21,1.71,,
2017-01-05,1.12,0.20,,
2017-01-06,-1.49,1.39,,
2017-01-07,-1.11,1.64,,
2017-01-08,1.31,-1.02,,
2017-01-09,-1.44,-1.98,,
2017-01-10,-1.68,-2.40,,
2017-01-11,-0.33,-1.89,,
2017-01-12,-0.61,-1.89,,
2017-01-13,-0.44,-1.44,,
2017-01-14,-0.68,-1.52,,
2017-01-15,0.67,-1.57,,
2017-01-16,-0.42,-1.45,,
2017-01-17,-0.20,-1.43,,
2017-01-18,0.76,-1.33,,
2017-01-19,1.57,-1.14,,
2017-01-20,1.69,-0.45,,
2017-01-21,1.78,0.16,,
2017-01-22,0.58,1.69,,
2017-01-23,0.79,2.29,,
2017-01-24,1.55,2.06,,
2017-01-25,1.25,-0.84,,
2017-01-26,1.64,0.38,,
2017-01-27,0.22,1.56,,
2017-01-28,1.32,-0.30,,
2017-01-29,1.10,0.47,,
2017-01-30,0.24,-1.23,,
2017-01-31,0.94,-1.20,,
2017-02-01,0.07,1.43,,
2017-02-02,1.01,0.66,,
2017-02-03,1.05,0.09,,
2017-02-04,0.96,0.12,,
2017-02-05,1.31,-0.09,,
2017-02-06,1.26,-0.11,,
2017-02-07,0.24,1.38,,
2017-02-08,-1.09,1.68,,
2017-02-09,1.49,-0.63,,
2017-02-10,-0.50,-0.77,,
2017-02-11,1.02,-0.54,,
2017-02-12,0.76,0.73,,
2017-02-13,0.80,0.77,,
2017-02-14,1.23,0.99,,
2017-02-15,1.06,0.89,,
2017-02-16,0.94,1.12,,
2017-02-17,1.28,-0.04,,
2017-02-18,-0.00,1.21,,
2017-02-19,1.51,0.08,,
2017-02-20,1.43,-0.61,,
2017-02-21,1.06,-1.52,,
2017-02-22,2.21,0.55,,
2017-02-23,1.24,2.33,,
2017-02-24,0.97,1.82,,
2017-02-25,0.90,1.24,,
2017-02-26,1.28,-0.23,,
2017-02-27,1.31,-0.05,,
2017-02-28,1.21,-0.70,,
2017-03-01,1.36,-0.47,,
2017-03-02,1.38,0.90,,
2017-03-03,1.71,-0.21,,
2017-03-04,0.78,0.59,,
2017-03-05,-0.87,-1.08,,
2017-03-06,-1.63,-1.75,,
2017-03-07,-1.35,-2.66,,
2017-03-08,0.19,-1.58,,
2017-03-09,1.57,0.05,,
2017-03-10,1.46,0.00,,
2017-03-11,1.07,0.93,,
2017-03-12,0.91,-0.85,,
2017-03-13,-0.44,1.55,,
2017-03-14,0.31,1.75,,
2017-03-15,0.78,0.56,,
2017-03-16,1.09,0.08,,
2017-03-17,1.10,0.31,,
2017-03-18,1.06,0.59,,
2017-03-19,1.02,1.30,,
2017-03-20,1.06,0.00,,
2017-03-21,0.23,1.00,,
2017-03-22,1.24,0.81,,
2017-03-23,1.04,-0.24,,
2017-03-24,0.63,-0.61,,
2017-03-25,0.64,-1.07,,
2017-03-26,1.68,0.42,,
2017-03-27,1.69,0.12,,
2017-03-28,1.52,-0.08,,
2017-03-29,1.25,-0.61,,
2017-03-30,1.34,-0.68,,
2017-03-31,1.07,1.07,,
2017-04-01,0.81,-0.94,,
2017-04-02,0.61,-1.20,,
2017-04-03,-0.37,1.08,,
2017-04-04,0.05,1.54,,
2017-04-05,-0.08,1.59,,
2017-04-06,1.16,0.84,,
2017-04-07,0.81,1.35,,
2017-04-08,0.96,1.03,,
2017-04-09,0.44,1.03,,
2017-04-10,0.81,0.76,,
2017-04-11,1.04,-0.73,,
2017-04-12,0.35,-1.22,,
2017-04-13,1.65,-1.39,,
2017-04-14,1.96,-0.03,,
2017-04-15,0.81,-1.20,,
2017-04-16,0.71,-0.97,,
2017-04-17,1.38,-0.10,,
2017-04-18,-1.17,1.26,,
2017-04-19,0.95,-0.51,,
2017-04-20,1.30,0.47,,
2017-04-21,-0.34,1.05,,
2017-04-22,-1.03,1.23,,
2017-04-23,-1.55,1.13,,
2017-04-24,-0.51,1.56,,
2017-04-25,-0.19,1.19,,
2017-04-26,-1.11,0.84,,
2017-04-27,-0.90,0.87,,
2017-04-28,-0.11,1.05,,
2017-04-29,0.44,-0.91,,
2017-04-30,-0.68,-0.81,,
2017-05-01,1.00,-0.43,,
2017-05-02,-1.08,1.20,,
2017-05-03,1.03,0.57,,
2017-05-04,0.24,1.25,,
2017-05-05,-1.11,1.07,,
2017-05-06,-0.85,1.36,,
2017-05-07,0.95,0.13,,
2017-05-08,1.16,0.44,,
2017-05-09,0.08,-0.77,,
2017-05-10,0.50,-1.03,,
2017-05-11,0.96,-0.75,,
2017-05-12,1.16,0.87,,
2017-05-13,0.57,1.41,,
2017-05-14,1.02,0.99,,
2017-05-15,-0.95,1.02,,
2017-05-16,-1.03,0.93,,
2017-05-17,-1.85,0.26,,
2017-05-18,-1.79,0.06,,
2017-05-19,-1.33,-0.51,,
2017-05-20,0.38,-0.98,,
2017-05-21,-1.09,-0.36,,
2017-05-22,-0.13,0.96,,
2017-05-23,-0.34,1.73,,
2017-05-24,-1.63,1.88,,
2017-05-25,-2.51,0.44,,
2017-05-26,1.20,0.26,,
2017-05-27,1.19,0.61,,
2017-05-28,-0.91,1.21,,
2017-05-29,-0.13,1.53,,
2017-05-30,-1.80,0.62,,
2017-05-31,-1.40,-0.10,,
2017-06-01,-1.12,0.50,,
2017-06-02,-0.81,1.35,,
2017-06-03,-0.99,1.22,,
2017-06-04,-1.13,0.95,,
2017-06-05,-1.54,1.25,,
2017-06-06,-0.79,1.63,,
2017-06-07,0.14,1.32,,
2017-06-08,0.18,1.67,,
2017-06-09,0.36,1.43,,
2017-06-10,-1.10,1.18,,
2017-06-11,1.22,-0.11,,
2017-06-12,-0.20,1.28,,
2017-06-13,-0.14,1.14,,
2017-06-14,-1.40,0.32,,
2017-06-15,0.43,-1.08,,
2017-06-16,-1.76,1.10,,
2017-06-17,-1.58,1.24,,
2017-06-18,-1.24,1.71,,
2017-06-19,-1.02,1.71,,
2017-06-20,-1.73,0.81,,
2017-06-21,0.30,1.32,,
2017-06-22,1.10,0.04,,
2017-06-23,1.34,0.41,,
2017-06-24,0.25,1.10,,
2017-06-25,-0.85,1.36,,
2017-06-26,0.11,1.57,,
2017-06-27,0.78,1.00,,
2017-06-28,0.88,0.47,,
2017-06-29,0.48,0.86,,
2017-06-30,-0.81,0.63,,
2017-07-01,1.24,0.15,,
2017-07-02,0.64,-1.12,,
2017-07-03,-0.70,1.07,,
2017-07-04,-1.11,0.62,,
2017-07-05,-0.49,1.11,,
2017-07-06,-0.83,0.77,,
2017-07-07,1.35,-0.36,,
2017-07-08,-0.62,1.11,,
2017-07-09,-0.77,1.14,,
2017-07-10,-0.80,0.63,,
2017-07-11,1.09,0.58,,
2017-07-12,-0.00,1.35,,
2017-07-13,-0.42,1.05,,
2017-07-14,-0.95,1.06,,
2017-07-15,0.93,-0.58,,
2017-07-16,-0.94,0.81,,
2017-07-17,0.74,-0.77,,
2017-07-18,0.74,-0.54,,
2017-07-19,0.80,-0.26,,
2017-07-20,0.78,-0.63,,
2017-07-21,-0.48,1.03,,
2017-07-22,-1.43,1.59,,
2017-07-23,0.10,0.80,,
2017-07-24,-0.94,0.82,,
2017-07-25,-0.26,-1.12,,
2017-07-26,0.19,0.90,,
2017-07-27,0.15,1.19,,
2017-07-28,1.09,0.46,,
2017-07-29,-0.88,1.09,,
2017-07-30,0.91,-0.46,,
2017-07-31,-0.51,1.40,,
2017-08-01,0.88,-0.61,,
2017-08-02,-0.75,0.66,,
2017-08-03,-0.65,-0.86,,
2017-08-04,0.99,-0.16,,
2017-08-05,-1.14,0.58,,
2017-08-06,0.94,0.07,,
2017-08-07,0.87,0.17,,
2017-08-08,-0.16,1.14,,
2017-08-09,1.02,-0.33,,
2017-08-10,0.96,-0.99,,
2017-08-11,0.06,1.08,,
2017-08-12,0.42,1.21,,
2017-08-13,0.90,-0.56,,
2017-08-14,1.04,-0.62,,
2017-08-15,-0.76,-0.68,,
2017-08-16,0.68,-0.46,,
2017-08-17,-1.34,-0.74,,
2017-08-18,-1.42,1.20,,
2017-08-19,-1.00,1.24,,
2017-08-20,-1.33,0.62,,
2017-08-21,0.64,0.85,,
2017-08-22,0.64,0.99,,
2017-08-23,-0.51,0.92,,
2017-08-24,-0.79,1.12,,
2017-08-25,0.39,-1.08,,
2017-08-26,-0.63,0.97,,
2017-08-27,0.05,0.89,,
2017-08-28,-0.40,1.11,,
2017-08-29,0.71,0.41,,
2017-08-30,-0.47,1.17,,
2017-08-31,0.84,0.15,,
2017-09-01,1.14,0.08,,
2017-09-02,1.13,0.24,,
2017-09-03,-1.07,0.29,,
2017-09-04,0.75,0.55,,
2017-09-05,-0.20,1.02,,
2017-09-06,0.31,0.76,,
2017-09-07,0.34,-1.73,,
2017-09-08,0.83,3.11,,
2017-09-09,-1.66,1.60,,
2017-09-10,0.44,1.35,,
2017-09-11,0.99,1.06,,
2017-09-12,1.09,0.04,,
2017-09-13,1.01,-0.65,,
2017-09-14,0.99,-0.23,,
2017-09-15,-0.71,0.88,,
2017-09-16,-1.03,0.69,,
2017-09-17,1.03,0.42,,
2017-09-18,0.00,-1.16,,
2017-09-19,0.55,-0.79,,
2017-09-20,-0.58,-0.86,,
2017-09-21,0.49,-1.15,,
2017-09-22,1.58,0.19,,
2017-09-23,0.76,1.49,,
2017-09-24,-0.06,1.24,,
2017-09-25,-0.97,1.08,,
2017-09-26,-0.92,1.10,,
2017-09-27,-1.49,0.66,,
2017-09-28,-0.71,1.22,,
2017-09-29,1.14,-0.56,,
2017-09-30,-0.30,1.41,,
2017-10-01,1.02,0.24,,
2017-10-02,-0.10,1.13,,
2017-10-03,0.92,0.49,,
2017-10-04,0.56,0.90,,
2017-10-05,0.05,1.35,,
2017-10-06,1.21,0.21,,
2017-10-07,0.50,-1.11,,
2017-10-08,0.83,0.34,,
2017-10-09,1.01,-0.12,,
2017-10-10,0.68,0.12,,
2017-10-11,1.02,0.71,,
2017-10-12,-0.40,1.39,,
2017-10-13,0.51,-0.65,,
2017-10-14,0.61,0.35,,
2017-10-15,0.99,0.18,,
2017-10-16,-0.59,1.07,,
2017-10-17,1.16,0.23,,
2017-10-18,0.34,-1.11,,
2017-10-19,-1.79,1.16,,
2017-10-20,-1.87,1.26,,
2017-10-21,-1.49,0.51,,
2017-10-22,-1.36,-0.09,,
2017-10-23,-0.36,1.34,,
2017-10-24,-0.56,1.10,,
2017-10-25,0.12,1.78,,
2017-10-26,0.49,1.28,,
2017-10-27,0.24,1.24,,
2017-10-28,0.54,1.05,,
2017-10-29,1.18,0.65,,
2017-10-30,1.28,-0.13,,
2017-10-31,1.07,-0.41,,
2017-11-01,0.75,0.50,,
2017-11-02,0.68,0.21,,
2017-11-03,0.48,0.94,,
2017-11-04,0.62,1.08,,
2017-11-05,0.92,0.72,,
2017-11-06,0.96,0.55,,
2017-11-07,0.35,1.16,,
2017-11-08,0.96,0.22,,
2017-11-09,-0.98,0.85,,
2017-11-10,-1.12,1.24,,
2017-11-11,0.88,-0.12,,
2017-11-12,-0.13,1.21,,
2017-11-13,-0.99,1.41,,
2017-11-14,-0.78,1.29,,
2017-11-15,-0.40,0.99,,
2017-11-16,0.82,0.85,,
2017-11-17,0.64,0.95,,
2017-11-18,-0.48,-0.43,,
2017-11-19,0.83,-0.29,,
2017-11-20,0.71,-0.48,,
2017-11-21,-0.13,1.04,,
2017-11-22,-0.11,1.04,,
2017-11-23,1.42,-0.20,,
2017-11-24,1.02,-0.07,,
2017-11-25,1.00,-0.57,,
2017-11-26,-0.27,1.40,,
2017-11-27,-1.41,0.84,,
2017-11-28,1.03,0.22,,
2017-11-29,1.24,-0.06,,
2017-11-30,1.18,0.45,,
2017-12-01,1.07,-0.52,,
2017-12-02,0.12,-1.13,,
2017-12-03,0.55,-1.35,,
2017-12-04,0.60,-1.19,,
2017-12-05,-0.06,-1.10,,
2017-12-06,-0.18,-1.00,,
2017-12-07,0.06,1.12,,
2017-12-08,0.14,1.33,,
2017-12-09,-1.87,1.36,,
2017-12-10,1.17,0.23,,
2017-12-11,0.97,0.85,,
2017-12-12,0.45,1.25,,
2017-12-13,1.26,0.11,,
2017-12-14,-1.14,0.80,,
2017-12-15,1.13,0.08,,
2017-12-16,1.02,-0.29,,
2017-12-17,0.02,-1.23,,
2017-12-18,-0.41,-1.35,,
2017-12-19,0.27,-1.16,,
2017-12-20,0.76,-1.37,,
2017-12-21,0.86,-1.10,,
2017-12-22,-0.04,-1.25,,
2017-12-23,-0.21,-1.17,,
2017-12-24,0.50,-1.36,,
2017-12-25,0.95,-1.13,,
2017-12-26,-0.02,-1.30,,
2017-12-27,0.16,-1.28,,
2017-12-28,0.79,-1.17,,
2017-12-29,1.18,0.60,,
2017-12-30,0.98,-0.10,,
2017-12-31,1.10,-0.42,,
2018-01-01,1.09,-0.82,,
2018-01-02,0.25,1.59,,
2018-01-03,-0.05,1.03,,
2018-01-04,1.02,0.72,,
2018-01-05,-0.70,-1.38,,
2018-01-06,0.86,-0.95,,
2018-01-07,1.06,0.17,,
2018-01-08,-1.19,1.15,,
2018-01-09,-1.02,1.45,,
2018-01-10,-1.30,1.55,,
2018-01-11,-1.87,1.04,,
2018-01-12,-1.66,0.81,,
2018-01-13,0.89,-0.51,,
2018-01-14,0.76,-0.78,,
2018-01-15,0.50,-0.77,,
2018-01-16,0.62,-0.95,,
2018-01-17,0.88,-0.55,,
2018-01-18,1.04,-0.11,,
2018-01-19,0.86,-0.06,,
2018-01-20,0.82,-0.66,,
2018-01-21,1.06,-0.54,,
2018-01-22,0.86,-0.62,,
2018-01-23,0.72,-0.89,,
2018-01-24,0.96,-0.26,,
2018-01-25,1.00,-0.09,,
2018-01-26,-0.97,-0.90,,
2018-01-27,-0.75,-1.40,,
2018-01-28,-0.51,-1.20,,
2018-01-29,0.61,1.20,,
2018-01-30,1.34,-0.57,,
2018-01-31,1.22,-0.67,,
2018-02-01,0.70,1.22,,
2018-02-02,0.77,1.14,,
2018-02-03,0.33,-1.41,,
2018-02-04,1.32,-0.53,,
2018-02-05,1.37,0.58,,
2018-02-06,0.97,-0.68,,
2018-02-07,0.08,-1.48,,
2018-02-08,1.23,0.47,,
2018-02-09,0.59,-0.98,,
2018-02-10,-1.40,0.30,,
2018-02-11,-1.81,0.35,,
2018-02-12,-1.21,1.45,,
2018-02-13,-0.80,-1.02,,
2018-02-14,-0.57,-1.34,,
2018-02-15,-0.67,-1.66,,
2018-02-16,0.88,-1.17,,
2018-02-17,0.71,-1.24,,
2018-02-18,1.12,0.79,,
2018-02-19,0.93,1.11,,
2018-02-20,-1.16,-0.78,,
2018-02-21,-0.83,-1.63,,
2018-02-22,-1.00,-1.11,,
2018-02-23,0.79,-1.32,,
2018-02-24,1.32,0.59,,
2018-02-25,1.23,0.52,,
2018-02-26,1.50,-0.05,,
2018-02-27,1.18,-0.96,,
2018-02-28,1.20,-0.46,,
2018-03-01,1.51,0.11,,
2018-03-02,1.79,0.25,,
2018-03-03,2.00,-0.35,,
2018-03-04,0.94,-1.92,,
2018-03-05,1.48,-1.76,,
2018-03-06,0.93,-1.67,,
2018-03-07,0.77,1.66,,
2018-03-08,1.50,0.21,,
2018-03-09,1.10,-0.30,,
2018-03-10,-1.36,1.46,,
2018-03-11,-3.00,1.60,,
2018-03-12,-1.07,2.29,,
2018-03-13,1.52,0.35,,
2018-03-14,0.81,1.35,,
2018-03-15,1.47,-0.05,,
2018-03-16,-0.16,2.22,,
2018-03-17,1.26,0.13,,
2018-03-18,1.46,0.65,,
2018-03-19,1.36,1.06,,
2018-03-20,0.85,1.37,,
2018-03-21,0.92,0.80,,
2018-03-22,1.10,-0.02,,
2018-03-23,1.18,-0.74,,
2018-03-24,-0.99,-0.89,,
2018-03-25,1.35,-0.84,,
2018-03-26,1.63,1.02,,
2018-03-27,-0.92,-1.03,,
2018-03-28,-0.43,-1.86,,
2018-03-29,1.53,-1.70,,
2018-03-30,1.62,-1.56,,
2018-03-31,2.02,-0.70,,
2018-04-01,1.87,0.64,,
2018-04-02,1.14,1.06,,
2018-04-03,0.94,0.42,,
2018-04-04,0.89,1.33,,
2018-04-05,1.09,0.76,,
2018-04-06,0.78,0.87,,
2018-04-07,0.47,1.05,,
2018-04-08,0.59,1.02,,
2018-04-09,-1.26,0.41,,
2018-04-10,0.95,0.69,,
2018-04-11,1.20,0.75,,
2018-04-12,0.48,0.87,,
2018-04-13,0.82,0.33,,
2018-04-14,-0.26,1.34,,
2018-04-15,-0.27,1.56,,
2018-04-16,-0.16,1.48,,
2018-04-17,0.10,1.40,,
2018-04-18,-0.22,1.14,,
2018-04-19,-1.16,1.38,,
2018-04-20,-0.34,1.37,,
2018-04-21,0.26,0.96,,
2018-04-22,0.02,1.24,,
2018-04-23,1.30,-0.16,,
2018-04-24,-0.03,1.52,,
2018-04-25,-0.73,1.16,,
2018-04-26,1.15,-0.08,,
2018-04-27,-0.65,1.60,,
2018-04-28,0.25,1.43,,
2018-04-29,0.89,0.60,,
2018-04-30,0.48,1.78,,
2018-05-01,-0.11,2.02,,
2018-05-02,-0.70,1.72,,
2018-05-03,-0.39,1.08,,
2018-05-04,-0.94,1.34,,
2018-05-05,-1.81,0.85,,
2018-05-06,-1.99,0.93,,
2018-05-07,-1.85,1.20,,
2018-05-08,-1.31,1.35,,
2018-05-09,-0.56,1.15,,
2018-05-10,-0.36,1.45,,
2018-05-11,0.41,1.53,,
2018-05-12,-0.43,1.50,,
2018-05-13,-1.19,1.53,,
2018-05-14,-0.97,1.44,,
2018-05-15,-0.90,1.70,,
2018-05-16,-0.50,1.07,,
2018-05-17,-1.07,1.71,,
2018-05-18,-0.70,1.44,,
2018-05-19,-0.59,1.21,,
2018-05-20,-1.25,1.39,,
2018-05-21,0.56,0.86,,
2018-05-22,-0.00,1.17,,
2018-05-23,-0.09,1.75,,
2018-05-24,-0.65,1.33,,
2018-05-25,-0.39,1.58,,
2018-05-26,-1.27,1.75,,
2018-05-27,-1.07,1.84,,
2018-05-28,-0.53,1.73,,
2018-05-29,-0.95,1.46,,
2018-05-30,0.24,1.12,,
2018-05-31,-0.60,1.23,,
2018-06-01,0.02,1.29,,
2018-06-02,-0.30,1.56,,
2018-06-03,-0.21,1.68,,
2018-06-04,0.94,0.94,,
2018-06-05,0.35,1.22,,
2018-06-06,-0.59,1.17,,
2018-06-07,-0.33,1.57,,
2018-06-08,0.30,1.12,,
2018-06-09,-0.95,1.21,,
2018-06-10,-0.71,2.19,,
2018-06-11,-1.00,1.73,,
2018-06-12,-1.10,0.92,,
2018-06-13,-1.20,1.93,,
2018-06-14,-1.74,1.80,,
2018-06-15,0.08,1.51,,
2018-06-16,0.48,1.13,,
2018-06-17,0.97,0.68,,
2018-06-18,-0.91,1.21,,
2018-06-19,-0.92,0.99,,
2018-06-20,0.19,1.08,,
2018-06-21,-0.29,1.15,,
2018-06-22,1.03,0.22,,
2018-06-23,-0.03,1.55,,
2018-06-24,-1.62,1.22,,
2018-06-25,-1.37,0.34,,
2018-06-26,-0.53,1.20,,
2018-06-27,1.20,-0.02,,
2018-06-28,0.26,0.89,,
2018-06-29,-0.59,1.39,,
2018-06-30,1.13,-0.12,,
2018-07-01,0.94,0.73,,
2018-07-02,0.97,0.85,,
2018-07-03,0.16,1.11,,
2018-07-04,1.36,0.47,,
2018-07-05,1.39,0.42,,
2018-07-06,1.36,0.34,,
2018-07-07,-0.09,1.28,,
2018-07-08,0.99,0.27,,
2018-07-09,-0.98,-0.34,,
2018-07-10,-1.51,1.62,,
2018-07-11,-1.03,2.02,,
2018-07-12,0.95,0.55,,
2018-07-13,0.65,1.27,,
2018-07-14,-0.79,1.42,,
2018-07-15,-0.50,1.18,,
2018-07-16,0.66,0.75,,
2018-07-17,-1.10,1.18,,
2018-07-18,0.64,0.74,,
2018-07-19,0.18,1.28,,
2018-07-20,-0.88,1.47,,
2018-07-21,0.38,1.42,,
2018-07-22,-0.39,1.36,,
2018-07-23,-0.63,1.57,,
2018-07-24,0.70,0.96,,
2018-07-25,0.10,1.85,,
2018-07-26,0.07,2.04,,
2018-07-27,1.23,-0.33,,
2018-07-28,-0.54,1.21,,
2018-07-29,0.04,1.12,,
2018-07-30,-0.25,1.40,,
2018-07-31,1.07,-0.62,,
2018-08-01,0.75,1.15,,
2018-08-02,-0.69,0.99,,
2018-08-03,1.48,-0.13,,
2018-08-04,1.43,0.05,,
2018-08-05,-0.10,1.19,,
2018-08-06,-0.89,-1.10,,
2018-08-07,-0.52,1.50,,
2018-08-08,0.53,-0.87,,
2018-08-09,0.50,1.30,,
2018-08-10,0.10,1.17,,
2018-08-11,-0.46,1.14,,
2018-08-12,-0.49,1.11,,
2018-08-13,0.85,0.62,,
2018-08-14,-0.34,1.17,,
2018-08-15,-0.69,1.31,,
2018-08-16,-0.68,-1.04,,
2018-08-17,-0.62,0.88,,
2018-08-18,1.02,0.25,,
2018-08-19,-0.55,1.09,,
2018-08-20,-0.27,1.15,,
2018-08-21,0.63,0.93,,
2018-08-22,-0.53,1.13,,
2018-08-23,-0.08,1.48,,
2018-08-24,-0.71,0.84,,
2018-08-25,-0.04,1.07,,
2018-08-26,0.92,0.49,,
2018-08-27,-1.12,1.04,,
2018-08-28,0.93,-0.05,,
2018-08-29,1.04,-0.07,,
2018-08-30,-0.72,-0.67,,
2018-08-31,-0.73,1.43,,
2018-09-01,-1.15,0.54,,
2018-09-02,0.99,-0.48,,
2018-09-03,-1.15,0.42,,
2018-09-04,-0.70,0.90,,
2018-09-05,0.27,1.16,,
2018-09-06,0.95,0.51,,
2018-09-07,0.84,-0.63,,
2018-09-08,-0.78,1.15,,
2018-09-09,-1.23,0.47,,
2018-09-10,-0.22,0.89,,
2018-09-11,1.05,0.32,,
2018-09-12,0.37,0.91,,
2018-09-13,0.73,0.39,,
2018-09-14,0.81,-0.04,,
2018-09-15,-0.48,-1.08,,
2018-09-16,-1.73,1.31,,
2018-09-17,-1.29,0.87,,
2018-09-18,-0.72,0.74,,
2018-09-19,-0.86,-1.32,,
2018-09-20,0.93,0.11,,
2018-09-21,-1.54,-0.14,,
2018-09-22,1.07,-0.29,,
2018-09-23,-0.81,0.83,,
2018-09-24,-1.14,-0.16,,
2018-09-25,-0.16,-1.16,,
2018-09-26,0.36,-1.00,,
2018-09-27,0.80,0.72,,
2018-09-28,-0.88,0.45,,
2018-09-29,0.95,-0.86,,
2018-09-30,-0.27,1.08,,
2018-10-01,0.79,-0.15,,
2018-10-02,0.84,-0.37,,
2018-10-03,0.88,0.80,,
2018-10-04,-0.40,0.98,,
2018-10-05,-0.39,1.02,,
2018-10-06,-0.49,0.96,,
2018-10-07,0.40,0.94,,
2018-10-08,-0.69,1.25,,
2018-10-09,-1.43,0.52,,
2018-10-10,0.44,1.08,,
2018-10-11,0.70,0.87,,
2018-10-12,-0.30,1.12,,
2018-10-13,0.89,-0.60,,
2018-10-14,0.13,0.83,,
2018-10-15,-0.01,-0.85,,
2018-10-16,-0.60,-0.75,,
2018-10-17,0.31,-0.70,,
2018-10-18,0.33,-0.90,,
2018-10-19,0.44,-1.35,,
2018-10-20,0.62,-1.33,,
2018-10-21,0.72,-1.29,,
2018-10-22,0.18,-1.04,,
2018-10-23,1.20,-0.17,,
2018-10-24,-0.00,1.41,,
2018-10-25,0.34,1.10,,
2018-10-26,-0.09,1.30,,
2018-10-27,0.76,0.46,,
2018-10-28,0.73,-0.33,,
2018-10-29,1.02,0.07,,
2018-10-30,1.09,-0.79,,
2018-10-31,0.06,1.20,,
2018-11-01,-1.10,0.51,,
2018-11-02,0.90,-0.93,,
2018-11-03,1.08,-0.11,,
2018-11-04,0.79,-0.64,,
2018-11-05,1.03,-0.11,,
2018-11-06,0.90,-1.00,,
2018-11-07,1.11,0.00,,
2018-11-08,1.24,-0.55,,
2018-11-09,0.65,-0.93,,
2018-11-10,1.20,0.00,,
2018-11-11,0.14,-0.88,,
2018-11-12,0.16,-1.13,,
2018-11-13,0.94,-0.59,,
2018-11-14,-0.28,0.87,,
2018-11-15,-0.88,1.30,,
2018-11-16,1.02,0.04,,
2018-11-17,0.32,-0.92,,
2018-11-18,-0.60,0.89,,
2018-11-19,0.85,0.62,,
2018-11-20,-0.16,1.11,,
2018-11-21,1.25,0.29,,
2018-11-22,0.51,1.33,,
2018-11-23,0.41,1.63,,
2018-11-24,0.48,1.25,,
2018-11-25,0.92,-0.77,,
2018-11-26,1.39,-0.10,,
2018-11-27,-0.31,1.74,,
2018-11-28,1.21,-0.28,,
2018-11-29,1.04,-0.55,,
2018-11-30,0.05,-1.05,,
2018-12-01,-0.26,1.20,,
2018-12-02,1.23,0.93,,
2018-12-03,0.57,1.33,,
2018-12-04,1.43,0.02,,
2018-12-05,1.03,0.96,,
2018-12-06,1.00,-0.84,,
2018-12-07,1.24,0.13,,
2018-12-08,1.21,0.28,,
2018-12-09,-1.82,1.47,,
2018-12-10,-0.34,1.49,,
2018-12-11,0.46,1.26,,
2018-12-12,1.18,-0.19,,
2018-12-13,0.45,1.23,,
2018-12-14,-1.18,1.69,,
2018-12-15,-2.06,1.39,,
2018-12-16,-1.11,1.71,,
2018-12-17,1.42,0.05,,
2018-12-18,0.85,0.69,,
2018-12-19,-0.46,1.26,,
2018-12-20,-1.36,2.01,,
2018-12-21,-1.18,1.31,,
2018-12-22,1.31,0.07,,
2018-12-23,1.27,-0.70,,
2018-12-24,0.98,0.98,,
2018-12-25,1.29,0.11,,
2018-12-26,1.44,0.25,,
2018-12-27,-1.29,-0.16,,
2018-12-28,-1.67,0.24,,
2018-12-29,-0.78,-1.59,,
2018-12-30,1.06,-0.22,,
2018-12-31,0.08,-1.51,,
2019-01-01,-0.18,-1.11,,
2019-01-02,-1.24,-1.12,,
2019-01-03,-0.41,1.78,,
2019-01-04,-0.68,1.76,,
2019-01-05,0.35,1.40,,
2019-01-06,0.60,1.30,,
2019-01-07,0.94,-0.10,,
2019-01-08,0.66,1.05,,
2019-01-09,0.45,1.57,,
2019-01-10,1.53,-0.08,,
2019-01-11,0.10,-1.16,,
2019-01-12,0.30,-1.11,,
2019-01-13,1.03,-0.11,,
2019-01-14,0.81,0.63,,
2019-01-15,0.29,1.50,,
2019-01-16,1.29,0.52,,
2019-01-17,0.52,-1.52,,
2019-01-18,0.55,1.24,,
2019-01-19,0.13,1.46,,
2019-01-20,0.18,1.49,,
2019-01-21,1.32,-0.19,,
2019-01-22,0.57,-0.91,,
2019-01-23,-2.12,0.07,,
2019-01-24,-1.86,1.67,,
2019-01-25,-0.78,2.28,,
2019-01-26,-1.01,1.82,,
2019-01-27,-0.62,2.33,,
2019-01-28,-1.36,1.74,,
2019-01-29,0.56,1.39,,
2019-01-30,0.63,1.18,,
2019-01-31,0.19,0.99,,
2019-02-01,1.01,0.76,,
2019-02-02,0.23,1.45,,
2019-02-03,-0.19,1.57,,
2019-02-04,1.37,0.92,,
2019-02-05,1.48,0.05,,
2019-02-06,1.19,-0.48,,
2019-02-07,1.00,-1.15,,
2019-02-08,0.53,-1.45,,
2019-02-09,-0.21,-1.49,,
2019-02-10,-0.09,-1.70,,
2019-02-11,0.91,0.79,,
2019-02-12,-1.02,1.41,,
2019-02-13,-1.17,2.11,,
2019-02-14,-0.63,1.82,,
2019-02-15,0.94,1.20,,
2019-02-16,1.16,0.57,,
2019-02-17,1.38,0.10,,
2019-02-18,0.93,0.84,,
2019-02-19,1.33,0.93,,
2019-02-20,-0.93,1.61,,
2019-02-21,-0.18,1.70,,
2019-02-22,-1.72,1.20,,
2019-02-23,1.27,0.64,,
2019-02-24,0.13,1.85,,
2019-02-25,1.14,0.72,,
2019-02-26,1.36,0.44,,
2019-02-27,0.55,1.31,,
2019-02-28,-0.73,2.12,,
2019-03-01,1.06,0.92,,
2019-03-02,0.06,1.85,,
2019-03-03,-0.37,2.09,,
2019-03-04,1.31,0.33,,
2019-03-05,1.06,0.75,,
2019-03-06,1.42,0.30,,
2019-03-07,1.06,0.34,,
2019-03-08,1.16,0.35,,
2019-03-09,1.04,0.65,,
2019-03-10,1.23,-0.50,,
2019-03-11,1.04,0.30,,
2019-03-12,1.13,1.17,,
2019-03-13,1.87,-0.43,,
2019-03-14,0.44,1.44,,
2019-03-15,1.49,0.51,,
2019-03-16,0.65,1.39,,
2019-03-17,0.68,1.38,,
2019-03-18,0.26,1.66,,
2019-03-19,0.24,1.94,,
2019-03-20,1.35,1.05,,
2019-03-21,0.98,0.91,,
2019-03-22,0.98,0.98,,
2019-03-23,0.53,1.31,,
2019-03-24,0.73,0.87,,
2019-03-25,0.11,2.02,,
2019-03-26,1.08,1.20,,
2019-03-27,0.89,0.99,,
2019-03-28,1.35,1.05,,
2019-03-29,0.77,0.38,,
2019-03-30,1.00,0.00,,
2019-03-31,1.27,-0.34,,
2019-04-01,1.12,0.38,,
2019-04-02,0.76,0.93,,
2019-04-03,0.60,0.52,,
2019-04-04,1.08,-0.02,,
2019-04-05,0.47,1.30,,
2019-04-06,0.90,0.75,,
2019-04-07,-0.00,1.23,,
2019-04-08,0.27,1.41,,
2019-04-09,-0.17,1.60,,
2019-04-10,-0.56,2.08,,
2019-04-11,0.93,1.54,,
2019-04-12,-0.06,1.80,,
2019-04-13,0.58,1.67,,
2019-04-14,-0.48,2.09,,
2019-04-15,0.59,1.21,,
2019-04-16,1.13,1.50,,
2019-04-17,0.15,1.20,,
2019-04-18,0.80,1.10,,
2019-04-19,-1.00,2.60,,
2019-04-20,-0.64,2.58,,
2019-04-21,0.73,1.43,,
2019-04-22,0.34,1.58,,
2019-04-23,0.58,1.30,,
2019-04-24,0.47,0.93,,
2019-04-25,0.11,1.01,,
2019-04-26,-0.33,1.41,,
2019-04-27,0.02,1.01,,
2019-04-28,-0.07,1.05,,
2019-04-29,-0.87,1.00,,
2019-04-30,-1.58,1.15,,
2019-05-01,-0.43,1.17,,
2019-05-02,-1.58,1.02,,
2019-05-03,-0.19,1.56,,
2019-05-04,-0.12,1.65,,
2019-05-05,-0.00,1.73,,
2019-05-06,0.12,1.71,,
2019-05-07,0.49,1.21,,
2019-05-08,-0.47,1.76,,
2019-05-09,-0.25,1.41,,
2019-05-10,0.30,1.55,,
2019-05-11,-0.00,1.48,,
2019-05-12,0.70,0.90,,
2019-05-13,-0.32,1.50,,
2019-05-14,-0.37,1.59,,
2019-05-15,1.14,0.24,,
2019-05-16,0.68,1.13,,
2019-05-17,-1.28,1.32,,
2019-05-18,-0.85,1.37,,
2019-05-19,-0.62,1.27,,
2019-05-20,1.12,1.01,,
2019-05-21,-0.49,1.22,,
2019-05-22,-0.05,0.98,,
2019-05-23,0.86,0.35,,
2019-05-24,0.35,1.23,,
2019-05-25,0.10,0.95,,
2019-05-26,0.82,-0.37,,
2019-05-27,0.10,0.60,,
2019-05-28,0.71,0.76,,
2019-05-29,-0.25,0.87,,
2019-05-30,0.10,0.93,,
2019-05-31,-0.37,1.07,,
2019-06-01,-0.88,0.91,,
2019-06-02,-0.66,1.35,,
2019-06-03,-0.30,1.20,,
2019-06-04,-1.00,0.87,,
2019-06-05,-0.63,1.08,,
2019-06-06,0.35,0.87,,
2019-06-07,-0.62,1.07,,
2019-06-08,-0.60,0.90,,
2019-06-09,-0.94,1.16,,
2019-06-10,-0.92,1.06,,
2019-06-11,-1.08,1.04,,
2019-06-12,0.91,0.48,,
2019-06-13,-0.21,1.33,,
2019-06-14,0.72,0.67,,
2019-06-15,-0.48,1.31,,
2019-06-16,-0.34,1.04,,
2019-06-17,-1.08,0.63,,
2019-06-18,-1.03,0.60,,
2019-06-19,-0.76,1.72,,
2019-06-20,-1.15,1.11,,
2019-06-21,-1.62,1.41,,
2019-06-22,-1.25,0.15,,
2019-06-23,1.02,0.77,,
2019-06-24,0.08,1.09,,
2019-06-25,1.19,0.55,,
2019-06-26,-1.10,0.31,,
2019-06-27,-0.16,1.17,,
2019-06-28,-1.65,0.32,,
2019-06-29,-1.35,0.14,,
2019-06-30,0.94,0.52,,
2019-07-01,1.08,0.53,,
2019-07-02,-0.26,1.48,,
2019-07-03,-0.40,1.25,,
2019-07-04,-0.55,1.13,,
2019-07-05,1.36,-0.61,,
2019-07-06,-1.55,1.35,,
2019-07-07,0.30,0.93,,
2019-07-08,-0.92,1.66,,
2019-07-09,-0.49,1.22,,
2019-07-10,-1.39,1.49,,
2019-07-11,0.92,0.02,,
2019-07-12,0.74,0.74,,
2019-07-13,0.19,0.99,,
2019-07-14,-0.75,0.86,,
2019-07-15,-0.29,1.17,,
2019-07-16,1.15,0.00,,
2019-07-17,0.67,1.17,,
2019-07-18,-0.24,1.50,,
2019-07-19,-0.44,1.36,,
2019-07-20,-0.38,1.12,,
2019-07-21,1.29,-0.20,,
2019-07-22,-0.56,1.25,,
2019-07-23,-1.21,1.50,,
2019-07-24,0.11,-1.07,,
2019-07-25,0.11,1.03,,
2019-07-26,-1.25,1.12,,
2019-07-27,-0.10,-1.15,,
2019-07-28,-0.07,1.01,,
2019-07-29,1.24,0.48,,
2019-07-30,-0.30,1.32,,
2019-07-31,-0.88,1.05,,
2019-08-01,-1.04,1.01,,
2019-08-02,0.09,-1.28,,
2019-08-03,-0.72,1.35,,
2019-08-04,-0.44,1.36,,
2019-08-05,0.45,1.46,,
2019-08-06,0.09,1.74,,
2019-08-07,-1.28,1.52,,
2019-08-08,0.84,0.68,,
2019-08-09,0.17,1.37,,
2019-08-10,-1.38,0.93,,
2019-08-11,0.82,0.91,,
2019-08-12,0.41,1.54,,
2019-08-13,-1.01,1.49,,
2019-08-14,-0.90,1.00,,
2019-08-15,-1.01,1.68,,
2019-08-16,-1.12,-0.91,,
2019-08-17,-0.73,-1.01,,
2019-08-18,-0.77,1.14,,
2019-08-19,-1.77,0.94,,
2019-08-20,-1.27,0.51,,
2019-08-21,-0.00,1.32,,
2019-08-22,-0.12,1.66,,
2019-08-23,-0.91,1.52,,
2019-08-24,-0.30,1.22,,
2019-08-25,-0.85,1.67,,
2019-08-26,-0.04,1.08,,
2019-08-27,0.73,1.00,,
2019-08-28,1.50,0.29,,
2019-08-29,0.35,1.30,,
2019-08-30,-0.38,1.51,,
2019-08-31,-0.91,0.57,,
2019-09-01,-0.68,1.17,,
2019-09-02,0.36,1.26,,
2019-09-03,-0.69,1.07,,
2019-09-04,-0.54,0.97,,
2019-09-05,1.34,0.00,,
2019-09-06,0.32,1.21,,
2019-09-07,-0.02,1.06,,
2019-09-08,0.85,0.62,,
2019-09-09,-0.44,-1.15,,
2019-09-10,1.14,0.41,,
2019-09-11,0.41,1.27,,
2019-09-12,0.31,1.33,,
2019-09-13,0.51,0.73,,
2019-09-14,-0.39,1.21,,
2019-09-15,-1.07,-0.69,,
2019-09-16,-0.13,1.47,,
2019-09-17,-0.25,1.43,,
2019-09-18,0.81,0.61,,
2019-09-19,0.50,1.23,,
2019-09-20,-0.83,1.18,,
2019-09-21,-0.12,1.32,,
2019-09-22,0.80,0.92,,
2019-09-23,1.42,0.43,,
2019-09-24,1.00,0.65,,
2019-09-25,0.28,1.12,,
2019-09-26,0.81,1.91,,
2019-09-27,-0.09,1.33,,
2019-09-28,0.34,-0.88,,
2019-09-29,0.99,-0.28,,
2019-09-30,0.44,1.09,,
2019-10-01,0.34,1.13,,
2019-10-02,0.17,1.05,,
2019-10-03,0.36,1.05,,
2019-10-04,1.20,0.37,,
2019-10-05,1.38,0.67,,
2019-10-06,0.96,0.43,,
2019-10-07,-0.85,1.41,,
2019-10-08,0.81,0.81,,
2019-10-09,-0.08,1.19,,
2019-10-10,0.92,0.64,,
2019-10-11,-0.42,-1.30,,
2019-10-12,-1.30,0.32,,
2019-10-13,-1.25,0.43,,
2019-10-14,-1.23,-0.13,,
2019-10-15,-1.20,0.56,,
2019-10-16,0.83,1.10,,
2019-10-17,-1.09,1.05,,
2019-10-18,0.78,1.20,,
2019-10-19,-0.05,1.33,,
2019-10-20,-1.08,1.20,,
2019-10-21,0.86,-0.15,,
2019-10-22,-0.14,0.98,,
2019-10-23,0.71,-0.45,,
2019-10-24,0.77,-0.18,,
2019-10-25,-1.14,1.03,,
2019-10-26,0.67,-0.77,,
2019-10-27,1.10,0.08,,
2019-10-28,-0.15,0.95,,
2019-10-29,-0.91,0.10,,
2019-10-30,0.82,0.33,,
2019-10-31,0.85,0.71,,
2019-11-01,0.54,0.87,,
2019-11-02,0.67,0.80,,
2019-11-03,0.69,-1.03,,
2019-11-04,-0.24,-1.34,,
2019-11-05,1.11,-0.64,,
2019-11-06,1.03,-0.32,,
2019-11-07,0.85,0.17,,
2019-11-08,-0.54,1.26,,
2019-11-09,-0.16,1.55,,
2019-11-10,1.14,0.02,,
2019-11-11,0.99,-0.12,,
2019-11-12,0.46,1.19,,
2019-11-13,0.99,-0.18,,
2019-11-14,0.47,0.85,,
2019-11-15,0.27,1.07,,
2019-11-16,1.03,0.44,,
2019-11-17,1.21,0.37,,
2019-11-18,0.96,0.67,,
2019-11-19,1.11,0.57,,
2019-11-20,0.55,-0.76,,
2019-11-21,-0.88,-0.71,,
2019-11-22,0.72,-1.47,,
2019-11-23,0.95,-1.22,,
2019-11-24,1.35,0.60,,
2019-11-25,-1.41,0.60,,
2019-11-26,-0.04,-1.22,,
2019-11-27,-0.53,-1.04,,
2019-11-28,0.26,-1.35,,
2019-11-29,-0.58,-1.14,,
2019-11-30,-0.12,-1.34,,
2019-12-01,0.71,-1.24,,
2019-12-02,0.52,1.44,,
2019-12-03,1.30,0.16,,
2019-12-04,0.72,1.25,,
2019-12-05,1.06,-0.26,,
2019-12-06,0.07,-0.98,,
2019-12-07,0.67,-0.69,,
2019-12-08,0.83,0.33,,
2019-12-09,-0.39,-0.88,,
2019-12-10,0.03,-0.99,,
2019-12-11,0.75,-0.38,,
2019-12-12,-0.38,-1.18,,
2019-12-13,-0.45,-1.17,,
2019-12-14,0.32,1.28,,
2019-12-15,0.85,-0.13,,
2019-12-16,0.74,-0.60,,
2019-12-17,-1.63,0.44,,
2019-12-18,-2.10,1.22,,
2019-12-19,0.61,-0.94,,
2019-12-20,1.18,0.15,,
2019-12-21,0.97,0.00,,
2019-12-22,-1.09,0.44,,
2019-12-23,-1.27,1.51,,
2019-12-24,-1.04,1.67,,
2019-12-25,1.68,0.33,,
2019-12-26,1.23,-0.17,,
2019-12-27,1.17,-0.79,,
2019-12-28,1.43,-0.10,,
2019-12-29,1.37,-0.42,,
2019-12-30,1.00,0.70,,
2019-12-31,0.76,0.93,,
2020-01-01,0.77,-0.29,,
2020-01-02,0.73,-0.93,,
2020-01-03,0.80,0.86,,
2020-01-04,1.43,0.55,,
2020-01-05,0.84,-1.07,,
2020-01-06,0.73,-1.38,,
2020-01-07,1.11,0.84,,
2020-01-08,1.19,-0.30,,
2020-01-09,0.22,-0.89,,
2020-01-10,-2.83,-0.20,,
2020-01-11,-1.72,0.46,,
2020-01-12,-1.26,-1.02,,
2020-01-13,-1.87,-0.07,,
2020-01-14,-0.59,-1.39,,
2020-01-15,-0.32,-1.51,,
2020-01-16,1.01,-0.47,,
2020-01-17,-0.75,-1.48,,
2020-01-18,-1.25,-1.92,,
2020-01-19,-1.79,-0.38,,
2020-01-20,1.31,0.23,,
2020-01-21,0.40,1.09,,
2020-01-22,1.68,0.93,,
2020-01-23,1.83,-0.16,,
2020-01-24,1.35,0.44,,
2020-01-25,1.26,0.61,,
2020-01-26,1.14,0.86,,
2020-01-27,0.70,1.44,,
2020-01-28,1.63,-0.03,,
2020-01-29,1.30,0.45,,
2020-01-30,1.11,1.08,,
2020-01-31,0.62,0.72,,
2020-02-01,0.22,1.39,,
2020-02-02,1.64,0.06,,
2020-02-03,0.19,-0.96,,
2020-02-04,1.03,0.04,,
2020-02-05,0.25,0.95,,
2020-02-06,-2.33,1.57,,
2020-02-07,-2.81,1.02,,
2020-02-08,1.48,0.05,,
2020-02-09,1.56,0.08,,
2020-02-10,-0.16,1.16,,
2020-02-11,-0.21,1.53,,
2020-02-12,1.35,-0.17,,
2020-02-13,1.51,0.00,,
2020-02-14,-0.47,1.45,,
2020-02-15,1.50,0.35,,
2020-02-16,1.07,-0.67,,
2020-02-17,1.17,-0.10,,
2020-02-18,1.17,-0.12,,
2020-02-19,1.36,0.58,,
2020-02-20,0.44,1.28,,
2020-02-21,1.55,0.27,,
2020-02-22,1.56,-0.16,,
2020-02-23,0.27,-1.07,,
2020-02-24,1.05,-0.88,,
2020-02-25,1.09,0.73,,
2020-02-26,1.11,0.59,,
2020-02-27,1.42,0.43,,
2020-02-28,1.64,-0.14,,
2020-02-29,1.44,-0.97,,
2020-03-01,-1.23,-1.15,,
2020-03-02,0.94,-0.97,,
2020-03-03,-0.03,1.58,,
2020-03-04,0.29,1.64,,
2020-03-05,0.98,1.08,,
2020-03-06,0.28,1.76,,
2020-03-07,1.10,0.31,,
2020-03-08,-1.40,-1.40,,
2020-03-09,-0.95,-2.03,,
2020-03-10,0.17,-1.93,,
2020-03-11,0.41,1.27,,
2020-03-12,0.57,1.34,,
2020-03-13,1.20,-0.56,,
2020-03-14,0.86,-1.10,,
2020-03-15,0.50,-1.86,,
2020-03-16,-0.03,-1.60,,
2020-03-17,0.11,-2.01,,
2020-03-18,-0.28,-1.98,,
2020-03-19,0.06,-1.73,,
2020-03-20,0.07,-1.26,,
2020-03-21,1.10,-0.27,,
2020-03-22,1.17,-1.34,,
2020-03-23,-0.40,1.51,,
2020-03-24,1.08,-0.21,,
2020-03-25,1.25,0.94,,
2020-03-26,1.96,0.10,,
2020-03-27,1.78,-0.61,,
2020-03-28,1.38,0.42,,
2020-03-29,1.45,-0.08,,
2020-03-30,1.56,-0.08,,
2020-03-31,1.41,0.99,,
2020-04-01,1.63,0.69,,
2020-04-02,1.10,0.66,,
2020-04-03,1.30,0.23,,
2020-04-04,1.56,-0.27,,
2020-04-05,1.38,0.93,,
2020-04-06,1.02,1.46,,
2020-04-07,1.64,0.50,,
2020-04-08,1.82,-0.13,,
2020-04-09,1.15,1.37,,
2020-04-10,1.47,0.75,,
2020-04-11,0.93,0.78,,
2020-04-12,1.15,0.69,,
2020-04-13,0.93,0.73,,
2020-04-14,1.20,0.72,,
2020-04-15,0.77,1.74,,
2020-04-16,0.72,1.47,,
2020-04-17,0.92,1.03,,
2020-04-18,0.42,1.83,,
2020-04-19,0.36,1.55,,
2020-04-20,-0.10,2.00,,
2020-04-21,0.98,1.39,,
2020-04-22,1.36,0.76,,
2020-04-23,0.18,1.75,,
2020-04-24,0.85,1.48,,
2020-04-25,1.05,0.94,,
2020-04-26,0.33,1.86,,
2020-04-27,0.73,1.71,,
2020-04-28,1.02,1.02,,
2020-04-29,-0.13,1.81,,
2020-04-30,-0.72,1.88,,
2020-05-01,0.64,1.51,,
2020-05-02,0.77,0.83,,
2020-05-03,0.51,1.20,,
2020-05-04,0.78,1.30,,
2020-05-05,0.57,1.16,,
2020-05-06,-0.64,1.59,,
2020-05-07,0.40,1.09,,
2020-05-08,0.26,1.22,,
2020-05-09,-0.84,1.89,,
2020-05-10,-1.30,2.24,,
2020-05-11,-0.18,2.11,,
2020-05-12,1.22,0.70,,
2020-05-13,-0.50,1.53,,
2020-05-14,-0.77,1.57,,
2020-05-15,-1.16,2.18,,
2020-05-16,-0.96,1.98,,
2020-05-17,0.06,1.69,,
2020-05-18,-0.10,1.41,,
2020-05-19,0.75,1.41,,
2020-05-20,0.59,1.16,,
2020-05-21,-0.20,1.41,,
2020-05-22,-0.05,1.02,,
2020-05-23,1.04,0.30,,
2020-05-24,0.61,1.44,,
2020-05-25,-0.79,1.62,,
2020-05-26,0.25,1.44,,
2020-05-27,0.06,1.21,,
2020-05-28,1.03,0.29,,
2020-05-29,0.29,1.38,,
2020-05-30,-0.45,1.18,,
2020-05-31,0.98,0.88,,
2020-06-01,0.95,-0.55,,
2020-06-02,-0.28,0.99,,
2020-06-03,-0.31,1.46,,
2020-06-04,-1.38,1.89,,
2020-06-05,-1.62,2.01,,
2020-06-06,0.38,1.52,,
2020-06-07,-0.16,1.83,,
2020-06-08,-0.21,1.68,,
2020-06-09,0.83,0.70,,
2020-06-10,0.32,1.05,,
2020-06-11,1.00,0.70,,
2020-06-12,1.19,0.63,,
2020-06-13,0.51,1.27,,
2020-06-14,-0.50,0.98,,
2020-06-15,-0.03,1.59,,
2020-06-16,-0.02,1.12,,
2020-06-17,0.38,1.11,,
2020-06-18,0.50,0.94,,
2020-06-19,-0.20,1.63,,
2020-06-20,1.08,0.70,,
2020-06-21,-0.78,1.15,,
2020-06-22,0.79,-0.74,,
2020-06-23,1.08,0.06,,
2020-06-24,0.73,0.59,,
2020-06-25,-0.61,1.01,,
2020-06-26,0.87,-0.05,,
2020-06-27,0.52,1.11,,
2020-06-28,0.42,1.04,,
2020-06-29,0.89,0.51,,
2020-06-30,0.78,0.73,,
2020-07-01,-0.88,0.83,,
2020-07-02,1.10,0.38,,
2020-07-03,1.07,-0.45,,
2020-07-04,-0.82,1.02,,
2020-07-05,0.82,0.37,,
2020-07-06,0.31,1.17,,
2020-07-07,1.08,-0.02,,
2020-07-08,-0.81,1.46,,
2020-07-09,-0.95,1.71,,
2020-07-10,0.95,0.44,,
2020-07-11,0.74,0.92,,
2020-07-12,0.95,1.09,,
2020-07-13,-0.53,1.13,,
2020-07-14,1.07,0.72,,
2020-07-15,-0.10,1.13,,
2020-07-16,-0.16,1.11,,
2020-07-17,-0.35,1.16,,
2020-07-18,-1.35,-0.17,,
2020-07-19,-0.02,1.29,,
2020-07-20,-0.59,0.87,,
2020-07-21,0.11,1.21,,
2020-07-22,-0.37,0.93,,
2020-07-23,0.87,-0.08,,
2020-07-24,0.06,1.19,,
2020-07-25,-1.13,0.63,,
2020-07-26,-1.25,0.04,,
2020-07-27,0.67,0.67,,
2020-07-28,0.69,0.60,,
2020-07-29,-0.95,0.27,,
2020-07-30,-0.86,-0.99,,
2020-07-31,-0.96,2.65,,
2020-08-01,-1.68,1.46,,
2020-08-02,-0.26,1.35,,
2020-08-03,-0.69,1.42,,
2020-08-04,-1.36,1.36,,
2020-08-05,-1.21,0.13,,
2020-08-06,0.41,1.14,,
2020-08-07,-0.00,1.28,,
2020-08-08,1.02,-0.50,,
2020-08-09,0.87,-0.81,,
2020-08-10,0.18,1.29,,
2020-08-11,-0.43,1.25,,
2020-08-12,1.10,0.56,,
2020-08-13,0.44,0.86,,
2020-08-14,0.83,0.72,,
2020-08-15,0.84,0.66,,
2020-08-16,0.36,1.45,,
2020-08-17,-0.67,1.03,,
2020-08-18,-0.15,1.46,,
2020-08-19,-0.91,1.12,,
2020-08-20,0.81,1.04,,
2020-08-21,1.37,-0.24,,
2020-08-22,1.05,-0.09,,
2020-08-23,-2.28,1.78,,
2020-08-24,-1.75,-0.06,,
2020-08-25,0.15,0.97,,
2020-08-26,-0.60,1.28,,
2020-08-27,0.65,-0.63,,
2020-08-28,0.39,0.76,,
2020-08-29,0.13,0.95,,
2020-08-30,0.64,0.66,,
2020-08-31,-0.04,0.84,,
2020-09-01,0.79,0.20,,
2020-09-02,0.94,0.15,,
2020-09-03,0.78,0.05,,
2020-09-04,0.40,-1.05,,
2020-09-05,0.93,-0.58,,
2020-09-06,-0.93,1.03,,
2020-09-07,0.19,1.37,,
2020-09-08,0.44,1.20,,
2020-09-09,0.32,1.03,,
2020-09-10,-0.73,1.16,,
2020-09-11,0.89,0.34,,
2020-09-12,0.28,0.93,,
2020-09-13,0.60,0.90,,
2020-09-14,0.35,0.92,,
2020-09-15,1.01,-0.09,,
2020-09-16,0.22,1.04,,
2020-09-17,1.02,-0.02,,
2020-09-18,0.91,0.26,,
2020-09-19,0.93,0.51,,
2020-09-20,0.53,0.87,,
2020-09-21,0.70,0.53,,
2020-09-22,0.91,1.01,,
2020-09-23,0.17,1.35,,
2020-09-24,-0.21,1.35,,
2020-09-25,-0.27,-1.19,,
2020-09-26,1.02,-0.66,,
2020-09-27,1.08,0.23,,
2020-09-28,0.50,0.94,,
2020-09-29,-0.87,0.93,,
2020-09-30,-1.55,0.82,,
2020-10-01,-0.72,-1.00,,
2020-10-02,-1.32,0.70,,
2020-10-03,-1.26,1.26,,
2020-10-04,-1.93,1.35,,
2020-10-05,-1.13,1.13,,
2020-10-06,-0.16,1.01,,
2020-10-07,-0.33,1.25,,
2020-10-08,-0.33,1.34,,
2020-10-09,0.89,0.51,,
2020-10-10,0.96,0.26,,
2020-10-11,0.71,0.71,,
2020-10-12,0.83,0.48,,
2020-10-13,-0.27,1.08,,
2020-10-14,0.61,0.32,,
2020-10-15,-0.49,1.04,,
2020-10-16,0.83,-0.33,,
2020-10-17,-0.15,0.83,,
2020-10-18,0.87,-0.28,,
2020-10-19,0.67,0.54,,
2020-10-20,0.29,1.09,,
2020-10-21,0.82,0.91,,
2020-10-22,-0.00,0.93,,
2020-10-23,-1.11,0.77,,
2020-10-24,-1.59,1.34,,
2020-10-25,-2.39,1.32,,
2020-10-26,-1.68,0.86,,
2020-10-27,0.98,0.09,,
2020-10-28,-0.96,0.56,,
2020-10-29,0.65,0.47,,
2020-10-30,-0.41,1.18,,
2020-10-31,0.74,0.54,,
2020-11-01,-0.14,1.54,,
2020-11-02,-0.50,1.24,,
2020-11-03,-0.47,1.23,,
2020-11-04,-0.43,1.13,,
2020-11-05,0.53,1.08,,
2020-11-06,1.07,0.72,,
2020-11-07,-0.54,1.27,,
2020-11-08,-1.32,1.23,,
2020-11-09,-0.88,1.58,,
2020-11-10,0.81,0.38,,
2020-11-11,0.05,0.86,,
2020-11-12,0.05,1.02,,
2020-11-13,-0.99,0.92,,
2020-11-14,0.97,-0.02,,
2020-11-15,1.24,-0.31,,
2020-11-16,0.94,0.34,,
2020-11-17,0.14,1.02,,
2020-11-18,1.07,-0.07,,
2020-11-19,0.66,-0.03,,
2020-11-20,0.45,-0.93,,
2020-11-21,-0.30,1.21,,
2020-11-22,0.17,1.37,,
2020-11-23,0.70,1.07,,
2020-11-24,-0.23,-0.71,,
2020-11-25,-0.23,-0.99,,
2020-11-26,0.00,-1.33,,
2020-11-27,1.11,-0.93,,
2020-11-28,1.19,0.34,,
2020-11-29,1.14,0.00,,
2020-11-30,0.94,0.50,,
2020-12-01,1.16,0.33,,
2020-12-02,0.60,-0.92,,
2020-12-03,1.18,0.08,,
2020-12-04,1.05,0.22,,
2020-12-05,0.31,1.09,,
2020-12-06,0.20,1.01,,
2020-12-07,0.42,1.39,,
2020-12-08,1.01,0.88,,
2020-12-09,1.26,0.11,,
2020-12-10,-0.20,-0.88,,
2020-12-11,0.78,-0.14,,
2020-12-12,-1.09,0.25,,
2020-12-13,0.99,0.00,,
2020-12-14,0.80,0.28,,
2020-12-15,1.01,-0.18,,
2020-12-16,0.54,1.11,,
2020-12-17,1.16,0.06,,
2020-12-18,0.72,0.04,,
2020-12-19,0.24,-1.04,,
2020-12-20,0.82,-0.85,,
2020-12-21,0.90,0.48,,
2020-12-22,1.31,0.23,,
2020-12-23,1.09,-0.15,,
2020-12-24,-0.38,1.81,,
2020-12-25,1.34,0.33,,
2020-12-26,0.94,0.05,,
2020-12-27,0.58,0.71,,
2020-12-28,0.77,-0.23,,
2020-12-29,-1.03,-0.96,,
2020-12-30,-0.41,-1.12,,
2020-12-31,-0.81,-1.25,,
2021-01-01,-1.68,-0.55,,
2021-01-02,0.78,-0.96,,
2021-01-03,1.35,0.29,,
2021-01-04,1.39,0.32,,
2021-01-05,1.44,-0.13,,
2021-01-06,0.88,-1.47,,
2021-01-07,1.24,0.43,,
2021-01-08,0.59,1.07,,
2021-01-09,1.11,0.22,,
2021-01-10,-0.53,-0.95,,
2021-01-11,0.29,-1.02,,
2021-01-12,0.62,1.46,,
2021-01-13,1.12,0.45,,
2021-01-14,-0.26,1.47,,
2021-01-15,-0.36,1.00,,
2021-01-16,1.24,0.13,,
2021-01-17,0.92,0.77,,
2021-01-18,1.38,0.12,,
2021-01-19,1.35,-0.31,,
2021-01-20,1.42,-0.89,,
2021-01-21,1.27,-0.46,,
2021-01-22,0.52,1.12,,
2021-01-23,0.83,0.63,,
2021-01-24,1.10,0.21,,
2021-01-25,1.10,-0.77,,
2021-01-26,0.55,1.60,,
2021-01-27,1.07,0.72,,
2021-01-28,1.42,0.35,,
2021-01-29,0.45,-1.96,,
2021-01-30,-0.79,-1.86,,
2021-01-31,-0.63,-1.49,,
2021-02-01,-1.04,1.37,,
2021-02-02,1.11,1.70,,
2021-02-03,0.35,0.69,,
2021-02-04,0.60,-1.08,,
2021-02-05,-1.66,-0.03,,
2021-02-06,-0.46,1.83,,
2021-02-07,-0.92,1.72,,
2021-02-08,1.35,-0.21,,
2021-02-09,1.29,0.02,,
2021-02-10,1.12,0.32,,
2021-02-11,1.18,-0.25,,
2021-02-12,0.74,1.19,,
2021-02-13,-1.60,2.20,,
2021-02-14,-0.87,1.71,,
2021-02-15,0.30,1.56,,
2021-02-16,-0.09,1.79,,
2021-02-17,-0.03,1.45,,
2021-02-18,0.83,1.18,,
2021-02-19,0.19,1.59,,
2021-02-20,1.58,0.34,,
2021-02-21,1.29,-0.37,,
2021-02-22,1.05,-0.71,,
2021-02-23,-0.81,1.40,,
2021-02-24,0.77,0.74,,
2021-02-25,1.01,0.45,,
2021-02-26,1.34,0.28,,
2021-02-27,0.49,-1.51,,
2021-02-28,-1.61,0.78,,
2021-03-01,1.44,-0.31,,
2021-03-02,-0.31,1.74,,
2021-03-03,0.53,1.74,,
2021-03-04,1.19,0.60,,
2021-03-05,1.21,0.85,,
2021-03-06,0.50,1.36,,
2021-03-07,1.42,0.92,,
2021-03-08,-0.81,0.13,,
2021-03-09,0.01,0.66,,
2021-03-10,0.88,-0.25,,
2021-03-11,1.13,-0.12,,
2021-03-12,0.78,-0.56,,
2021-03-13,0.99,-1.02,,
2021-03-14,1.13,-1.06,,
2021-03-15,1.38,-0.15,,
2021-03-16,1.43,-0.90,,
2021-03-17,0.74,0.95,,
2021-03-18,1.44,0.61,,
2021-03-19,0.49,1.60,,
2021-03-20,0.38,1.51,,
2021-03-21,0.66,1.41,,
2021-03-22,0.18,1.67,,
2021-03-23,0.77,1.14,,
2021-03-24,-0.12,1.10,,
2021-03-25,0.70,0.86,,
2021-03-26,0.94,0.13,,
2021-03-27,0.93,-0.51,,
2021-03-28,1.15,0.18,,
2021-03-29,0.99,0.53,,
2021-03-30,0.17,1.10,,
2021-03-31,0.95,0.57,,
2021-04-01,1.06,0.92,,
2021-04-02,-0.24,1.95,,
2021-04-03,1.03,0.38,,
2021-04-04,-0.50,-0.53,,
2021-04-05,-0.22,-0.82,,
2021-04-06,0.96,-0.86,,
2021-04-07,1.18,0.15,,
2021-04-08,0.24,0.95,,
2021-04-09,0.87,0.50,,
2021-04-10,0.66,1.02,,
2021-04-11,0.23,1.31,,
2021-04-12,0.68,1.00,,
2021-04-13,0.75,0.55,,
2021-04-14,1.17,-0.29,,
2021-04-15,1.70,-0.42,,
2021-04-16,0.64,1.31,,
2021-04-17,-0.43,1.26,,
2021-04-18,0.38,1.04,,
2021-04-19,-0.98,2.00,,
2021-04-20,0.06,1.66,,
2021-04-21,0.03,1.77,,
2021-04-22,1.19,1.15,,
2021-04-23,-0.31,1.48,,
2021-04-24,-0.48,1.78,,
2021-04-25,0.67,1.58,,
2021-04-26,0.88,1.17,,
2021-04-27,0.86,-0.80,,
2021-04-28,1.11,0.52,,
2021-04-29,1.13,-0.22,,
2021-04-30,1.08,0.21,,
2021-05-01,0.19,0.98,,
2021-05-02,-0.41,1.63,,
2021-05-03,-0.54,1.34,,
2021-05-04,-0.07,1.31,,
2021-05-05,-0.60,1.35,,
2021-05-06,-0.51,1.48,,
2021-05-07,-0.10,1.84,,
2021-05-08,-0.06,1.71,,
2021-05-09,-0.89,1.13,,
2021-05-10,-1.35,0.69,,
2021-05-11,-1.10,1.27,,
2021-05-12,0.87,0.73,,
2021-05-13,0.69,1.02,,
2021-05-14,0.67,1.17,,
2021-05-15,0.20,1.45,,
2021-05-16,-0.22,1.59,,
2021-05-17,-0.50,1.53,,
2021-05-18,0.56,1.33,,
2021-05-19,-0.56,1.54,,
2021-05-20,-1.24,-0.06,,
2021-05-21,-0.56,-1.20,,
2021-05-22,-0.28,-1.03,,
2021-05-23,0.79,-0.88,,
2021-05-24,1.13,0.34,,
2021-05-25,1.05,-0.54,,
2021-05-26,1.22,-0.30,,
2021-05-27,0.88,0.85,,
2021-05-28,-0.10,1.45,,
2021-05-29,0.44,1.35,,
2021-05-30,-0.73,1.17,,
2021-05-31,0.91,0.37,,
2021-06-01,0.44,0.87,,
2021-06-02,-0.29,1.24,,
2021-06-03,0.70,0.70,,
2021-06-04,-0.80,1.10,,
2021-06-05,0.39,0.92,,
2021-06-06,0.21,0.79,,
2021-06-07,0.80,0.10,,
2021-06-08,0.25,1.44,,
2021-06-09,0.07,1.31,,
2021-06-10,0.58,0.96,,
2021-06-11,-1.11,1.15,,
2021-06-12,-0.85,1.13,,
2021-06-13,-0.71,0.94,,
2021-06-14,-0.41,1.19,,
2021-06-15,-0.15,1.42,,
2021-06-16,0.77,0.64,,
2021-06-17,0.63,1.10,,
2021-06-18,-0.84,1.80,,
2021-06-19,-0.27,1.15,,
2021-06-20,0.84,0.43,,
2021-06-21,0.17,1.06,,
2021-06-22,1.05,0.26,,
2021-06-23,0.75,0.63,,
2021-06-24,0.45,0.79,,
2021-06-25,0.20,0.76,,
2021-06-26,-0.08,0.96,,
2021-06-27,-0.71,1.18,,
2021-06-28,-1.39,0.68,,
2021-06-29,-0.39,1.36,,
2021-06-30,-0.96,0.93,,
2021-07-01,-1.18,0.60,,
2021-07-02,-1.50,1.45,,
2021-07-03,-0.61,-1.15,,
2021-07-04,-3.18,0.91,,
2021-07-05,-1.38,1.48,,
2021-07-06,-0.36,1.57,,
2021-07-07,0.90,0.29,,
2021-07-08,1.21,0.23,,
2021-07-09,0.80,0.06,,
2021-07-10,0.83,0.58,,
2021-07-11,1.24,-0.63,,
2021-07-12,-1.49,0.60,,
2021-07-13,0.86,-0.83,,
2021-07-14,-0.92,0.75,,
2021-07-15,0.62,0.76,,
2021-07-16,-0.60,0.90,,
2021-07-17,1.06,-0.28,,
2021-07-18,0.62,0.67,,
2021-07-19,-0.92,0.72,,
2021-07-20,-0.04,2.03,,
2021-07-21,0.90,0.75,,
2021-07-22,1.07,0.62,,
2021-07-23,1.32,-0.33,,
2021-07-24,-0.20,1.42,,
2021-07-25,0.50,1.17,,
2021-07-26,-0.02,1.27,,
2021-07-27,1.14,-0.69,,
2021-07-28,-0.22,1.26,,
2021-07-29,-1.21,0.88,,
2021-07-30,-0.86,1.32,,
2021-07-31,0.72,-0.26,,
2021-08-01,-0.33,1.23,,
2021-08-02,0.53,0.92,,
2021-08-03,-0.48,1.24,,
2021-08-04,0.05,1.37,,
2021-08-05,0.47,0.96,,
2021-08-06,-0.22,1.12,,
2021-08-07,1.11,0.64,,
2021-08-08,0.12,0.95,,
2021-08-09,-0.72,0.96,,
2021-08-10,1.13,-0.18,,
2021-08-11,-1.06,0.41,,
2021-08-12,-0.66,1.92,,
2021-08-13,0.36,1.11,,
2021-08-14,-0.13,1.05,,
2021-08-15,-0.55,-1.08,,
2021-08-16,-0.43,-0.92,,
2021-08-17,-2.85,0.71,,
2021-08-18,-0.45,-1.31,,
2021-08-19,0.41,0.97,,
2021-08-20,-0.56,0.78,,
2021-08-21,-1.32,0.12,,
2021-08-22,0.72,0.30,,
2021-08-23,0.84,-0.18,,
2021-08-24,-0.81,-0.90,,
2021-08-25,-0.87,1.24,,
2021-08-26,-1.08,1.49,,
2021-08-27,-0.73,1.43,,
2021-08-28,-1.18,1.27,,
2021-08-29,0.87,-0.25,,
2021-08-30,0.31,0.91,,
2021-08-31,0.30,0.93,,
2021-09-01,0.45,1.12,,
2021-09-02,0.71,0.82,,
2021-09-03,-0.25,1.18,,
2021-09-04,-0.77,1.10,,
2021-09-05,-0.69,-1.11,,
2021-09-06,0.02,1.17,,
2021-09-07,0.90,0.56,,
2021-09-08,-0.28,1.44,,
2021-09-09,-0.00,1.41,,
2021-09-10,-0.50,1.13,,
2021-09-11,-0.33,-0.95,,
2021-09-12,0.03,0.99,,
2021-09-13,0.72,0.75,,
2021-09-14,1.09,0.53,,
2021-09-15,-0.34,1.36,,
2021-09-16,-0.84,0.63,,
2021-09-17,0.54,-1.02,,
2021-09-18,-0.20,1.01,,
2021-09-19,0.52,0.86,,
2021-09-20,0.98,0.74,,
2021-09-21,-0.23,1.09,,
2021-09-22,0.46,0.81,,
2021-09-23,0.75,0.96,,
2021-09-24,0.83,0.70,,
2021-09-25,-0.27,1.01,,
2021-09-26,0.84,0.61,,
2021-09-27,0.09,1.05,,
2021-09-28,0.13,0.92,,
2021-09-29,0.79,0.45,,
2021-09-30,1.01,0.31,,
2021-10-01,1.17,-0.55,,
2021-10-02,0.52,-0.94,,
2021-10-03,-1.23,1.52,,
2021-10-04,-1.15,1.11,,
2021-10-05,-1.50,1.01,,
2021-10-06,-0.04,1.19,,
2021-10-07,1.06,-0.19,,
2021-10-08,0.48,1.26,,
2021-10-09,-0.40,1.51,,
2021-10-10,1.03,0.00,,
2021-10-11,0.37,1.38,,
2021-10-12,-0.15,1.46,,
2021-10-13,0.95,0.55,,
2021-10-14,1.08,0.37,,
2021-10-15,0.87,0.30,,
2021-10-16,0.68,0.84,,
2021-10-17,1.05,0.71,,
2021-10-18,0.63,0.61,,
2021-10-19,0.98,-0.09,,
2021-10-20,1.08,-0.25,,
2021-10-21,0.55,0.82,,
2021-10-22,-1.79,1.04,,
2021-10-23,-1.41,0.88,,
2021-10-24,-0.35,1.41,,
2021-10-25,1.03,-0.14,,
2021-10-26,-0.52,1.61,,
2021-10-27,0.51,1.33,,
2021-10-28,-0.39,1.36,,
2021-10-29,0.49,1.52,,
2021-10-30,0.53,1.72,,
2021-10-31,1.13,-0.28,,
2021-11-01,1.41,-0.17,,
2021-11-02,1.19,0.43,,
2021-11-03,0.37,1.31,,
2021-11-04,0.90,0.60,,
2021-11-05,-0.58,1.31,,
2021-11-06,-1.13,1.13,,
2021-11-07,0.07,1.39,,
2021-11-08,0.80,0.70,,
2021-11-09,0.83,0.32,,
2021-11-10,0.62,0.82,,
2021-11-11,0.36,0.93,,
2021-11-12,1.12,0.38,,
2021-11-13,0.68,1.05,,
2021-11-14,0.72,0.89,,
2021-11-15,1.10,0.42,,
2021-11-16,1.09,0.23,,
2021-11-17,1.01,-0.18,,
2021-11-18,1.47,-0.37,,
2021-11-19,0.97,-1.24,,
2021-11-20,0.65,1.34,,
2021-11-21,0.62,1.54,,
2021-11-22,0.99,1.36,,
2021-11-23,1.34,0.87,,
2021-11-24,1.03,-0.78,,
2021-11-25,-0.08,-1.12,,
2021-11-26,1.22,-0.17,,
2021-11-27,0.81,0.97,,
2021-11-28,1.51,-0.98,,
2021-11-29,1.21,1.05,,
2021-11-30,1.00,-1.11,,
2021-12-01,0.92,-0.99,,
2021-12-02,0.35,1.31,,
2021-12-03,0.87,-0.75,,
2021-12-04,1.10,-0.17,,
2021-12-05,0.58,1.00,,
2021-12-06,0.33,1.08,,
2021-12-07,1.37,0.42,,
2021-12-08,0.73,1.09,,
2021-12-09,1.42,-0.10,,
2021-12-10,0.46,-1.14,,
2021-12-11,1.21,-0.62,,
2021-12-12,0.78,1.00,,
2021-12-13,-0.43,-1.25,,
2021-12-14,0.23,-1.30,,
2021-12-15,0.09,-1.24,,
2021-12-16,-1.15,-0.90,,
2021-12-17,-0.27,-1.19,,
2021-12-18,-0.82,1.13,,
2021-12-19,1.33,0.12,,
2021-12-20,0.97,0.68,,
2021-12-21,0.30,1.29,,
2021-12-22,0.68,1.18,,
2021-12-23,1.49,0.21,,
2021-12-24,0.99,-0.55,,
2021-12-25,0.83,-0.92,,
2021-12-26,1.05,0.19,,
2021-12-27,1.43,0.02,,
2021-12-28,0.69,-1.11,,
2021-12-29,0.97,0.58,,
2021-12-30,1.47,-0.13,,
2021-12-31,1.30,-0.14,,
2022-01-01,0.55,-1.59,-0.045,0.126
2022-01-02,-0.49,1.71,-0.042,0.111
2022-01-03,0.69,1.41,-0.040,0.119
2022-01-04,1.32,-0.83,0.000,0.044
2022-01-05,0.11,1.53,0.002,0.030
2022-01-06,1.10,0.25,0.057,-0.054
2022-01-07,1.31,0.12,0.024,-0.093
2022-01-08,1.16,0.00,0.026,-0.114
2022-01-09,1.04,-0.91,-0.019,-0.034
2022-01-10,1.09,0.82,0.000,-0.042
2022-01-11,0.36,1.11,-0.053,0.039
2022-01-12,0.10,1.91,-0.051,0.103
2022-01-13,1.13,1.13,-0.002,0.076
2022-01-14,1.72,1.16,0.034,0.021
2022-01-15,1.12,0.36,0.000,0.088
2022-01-16,-0.46,1.49,0.002,0.056
2022-01-17,0.48,1.56,-0.013,0.086
2022-01-18,1.06,-0.45,-0.006,0.066
2022-01-19,0.99,-0.34,-0.018,0.056
2022-01-20,-0.20,1.62,0.000,-0.039
2022-01-21,-0.31,1.74,-0.064,0.075
2022-01-22,-0.17,1.59,-0.043,0.084
2022-01-23,0.74,1.58,-0.005,0.023
2022-01-24,1.20,0.48,-0.028,0.022
2022-01-25,0.85,-0.64,-0.030,0.038
2022-01-26,0.78,0.63,-0.016,0.030
2022-01-27,0.79,0.88,-0.005,0.046
2022-01-28,0.82,1.01,0.000,0.058
2022-01-29,1.96,0.14,0.040,-0.032
2022-01-30,1.31,-0.05,0.009,-0.015
2022-01-31,-0.81,0.84,-0.017,0.034
2022-02-01,-0.11,-1.21,0.051,-0.056
2022-02-02,1.12,-0.98,-0.002,-0.043
2022-02-03,-0.66,-1.05,-0.050,0.042
2022-02-04,0.65,-0.90,0.002,0.063
2022-02-05,1.52,-0.64,-0.000,0.060
2022-02-06,0.13,-1.26,-0.034,0.092
2022-02-07,0.90,-0.87,-0.032,0.067
2022-02-08,-1.07,1.32,-0.050,0.133
2022-02-09,-0.49,1.11,-0.036,0.133
2022-02-10,0.37,1.01,-0.029,0.086
2022-02-11,-0.30,1.54,-0.029,0.060
2022-02-12,-1.21,0.94,-0.039,0.095
2022-02-13,0.54,1.42,-0.025,0.070
2022-02-14,0.41,1.14,-0.041,0.076
2022-02-15,0.50,1.02,-0.009,0.066
2022-02-16,1.05,-0.54,-0.002,0.053
2022-02-17,-1.58,0.14,-0.039,0.082
2022-02-18,1.16,0.06,-0.019,0.080
2022-02-19,1.35,0.05,-0.050,0.074
2022-02-20,1.04,0.00,0.021,0.057
2022-02-21,1.20,0.34,0.002,0.028
2022-02-22,1.22,0.09,0.000,-0.014
2022-02-23,0.32,-1.53,0.000,-0.007
2022-02-24,-0.23,-1.60,-0.011,0.013
2022-02-25,1.10,-1.35,0.008,0.002
2022-02-26,1.35,-0.31,-0.010,0.042
2022-02-27,0.06,1.66,-0.006,0.043
2022-02-28,0.35,1.62,-0.002,0.076
2022-03-01,0.69,1.71,0.010,0.046
2022-03-02,1.01,0.20,0.012,0.016
2022-03-03,1.12,0.20,0.002,0.014
2022-03-04,0.42,1.17,0.005,0.051
2022-03-05,-0.79,-1.13,-0.012,0.037
2022-03-06,-0.17,-1.36,-0.005,0.051
2022-03-07,1.09,0.04,0.005,0.044
2022-03-08,1.17,0.62,-0.011,0.115
2022-03-09,0.94,1.08,-0.021,0.104
2022-03-10,-1.48,0.21,-0.020,0.059
2022-03-11,0.02,1.15,-0.031,0.079
2022-03-12,0.54,1.42,-0.039,0.136
2022-03-13,0.82,0.42,-0.014,0.080
2022-03-14,0.96,0.24,-0.006,0.119
2022-03-15,1.04,0.78,0.000,0.031
2022-03-16,-0.51,1.68,-0.006,0.046
2022-03-17,-0.16,1.86,-0.030,0.094
2022-03-18,0.26,1.63,-0.023,0.083
2022-03-19,-0.76,1.72,-0.023,0.027
2022-03-20,0.67,1.65,0.016,-0.044
2022-03-21,1.22,-0.37,0.006,-0.103
2022-03-22,0.71,0.97,0.002,-0.082
2022-03-23,-1.00,2.25,-0.034,0.005
2022-03-24,-0.49,2.32,-0.057,0.152
2022-03-25,0.07,2.13,-0.032,0.151
2022-03-26,1.33,1.08,-0.003,0.109
2022-03-27,1.56,0.25,0.029,0.010
2022-03-28,-0.97,-0.65,0.016,0.011
2022-03-29,0.35,-1.08,0.023,-0.023
2022-03-30,-0.62,-0.96,0.015,-0.051
2022-03-31,-0.19,1.59,-0.026,0.048
2022-04-01,-0.74,1.52,-0.036,0.087
2022-04-02,0.82,1.05,-0.041,0.125
2022-04-03,0.85,1.21,0.026,0.054
2022-04-04,0.78,0.83,0.016,0.029
2022-04-05,0.22,1.15,-0.015,0.058
2022-04-06,0.33,1.34,0.019,0.042
2022-04-07,0.06,1.68,-0.012,0.042
2022-04-08,0.67,1.75,0.015,0.033
2022-04-09,0.61,1.51,-0.002,0.054
2022-04-10,0.85,0.57,0.028,0.010
2022-04-11,0.79,-1.02,0.002,-0.033
2022-04-12,1.27,-0.32,0.057,-0.065
2022-04-13,0.57,1.11,0.052,-0.093
2022-04-14,-0.43,1.60,-0.016,0.025
2022-04-15,0.06,1.20,-0.030,0.047
2022-04-16,-1.62,1.18,-0.059,0.124
2022-04-17,-1.72,0.96,-0.076,0.164
2022-04-18,-1.76,1.28,-0.093,0.194
2022-04-19,-0.15,1.74,-0.040,0.132
2022-04-20,0.83,0.21,-0.029,0.132
2022-04-21,-0.04,1.16,-0.008,0.107
2022-04-22,1.08,-0.21,0.034,-0.011
2022-04-23,1.04,0.58,-0.014,0.004
2022-04-24,0.50,0.76,-0.002,0.050
2022-04-25,1.32,0.30,-0.005,0.028
2022-04-26,0.28,1.13,0.027,-0.015
2022-04-27,1.54,-0.53,0.002,0.058
2022-04-28,1.28,1.12,-0.023,0.061
2022-04-29,0.20,1.23,-0.046,0.103
2022-04-30,0.16,1.12,-0.046,0.103
2022-05-01,0.14,1.65,-0.071,0.164
2022-05-02,0.52,1.36,-0.072,0.142
2022-05-03,-1.57,1.36,-0.095,0.183
2022-05-04,0.09,1.30,-0.082,0.183
2022-05-05,-0.05,1.29,-0.091,0.165
2022-05-06,-0.33,1.88,-0.093,0.153
2022-05-07,0.57,1.65,-0.041,0.101
2022-05-08,0.39,1.83,-0.012,0.098
2022-05-09,1.40,0.71,-0.011,0.063
2022-05-10,0.75,1.20,-0.025,0.031
2022-05-11,1.33,1.12,0.007,-0.085
2022-05-12,-0.83,1.23,0.024,-0.047
2022-05-13,-1.81,2.08,-0.053,0.019
2022-05-14,-1.84,1.72,-0.070,0.102
2022-05-15,-0.34,1.91,-0.072,0.129
2022-05-16,-0.27,1.93,-0.066,0.201
2022-05-17,0.05,1.45,-0.002,0.125
2022-05-18,0.76,1.09,-0.005,0.046
2022-05-19,-0.00,1.38,-0.001,0.048
2022-05-20,0.81,0.84,0.028,0.076
2022-05-21,1.11,0.38,-0.035,0.065
2022-05-22,0.65,1.13,-0.037,0.101
2022-05-23,-1.16,0.81,0.003,0.081
2022-05-24,-1.21,0.62,-0.043,0.081
2022-05-25,1.02,-0.74,-0.043,0.017
2022-05-26,-1.86,0.53,-0.081,0.104
2022-05-27,-1.65,0.54,-0.062,0.125
2022-05-28,-0.42,1.58,-0.060,0.154
2022-05-29,-0.51,1.01,-0.051,0.143
2022-05-30,-0.02,1.17,-0.043,0.151
2022-05-31,0.06,1.60,-0.045,0.140
2022-06-01,1.08,1.04,0.007,0.082
2022-06-02,0.31,1.78,0.044,0.122
2022-06-03,0.43,1.86,0.041,0.097
2022-06-04,0.42,2.14,0.014,0.118
2022-06-05,-0.96,1.98,-0.018,0.166
2022-06-06,-0.88,1.81,-0.023,0.169
2022-06-07,-1.13,1.44,-0.025,0.149
2022-06-08,-1.40,0.98,-0.016,0.081
2022-06-09,0.74,1.28,-0.006,0.062
2022-06-10,0.16,1.27,0.014,0.031
2022-06-11,0.22,1.13,0.020,-0.007
2022-06-12,-1.25,1.79,-0.054,0.076
2022-06-13,-0.32,1.18,-0.041,0.105
2022-06-14,1.03,0.42,-0.090,0.157
2022-06-15,-1.61,1.21,-0.099,0.201
2022-06-16,-1.66,-0.00,-0.052,0.141
2022-06-17,-0.00,1.21,-0.062,0.148
2022-06-18,-1.07,1.27,-0.063,0.157
2022-06-19,-1.05,0.94,-0.010,0.121
2022-06-20,1.21,-0.78,0.013,-0.000
2022-06-21,1.02,0.82,0.016,0.003
2022-06-22,0.41,1.66,0.025,-0.020
2022-06-23,0.19,1.36,0.015,-0.023
2022-06-24,-0.41,1.12,0.006,-0.047
2022-06-25,0.04,1.22,0.018,-0.003
2022-06-26,0.23,1.21,0.015,-0.049
2022-06-27,-0.02,1.42,0.040,-0.081
2022-06-28,0.98,0.40,0.022,-0.029
2022-06-29,1.33,-0.09,0.012,-0.045
2022-06-30,-0.99,0.02,0.025,-0.069
2022-07-01,0.22,-1.37,0.029,-0.071
2022-07-02,1.29,-0.66,0.047,-0.110
2022-07-03,-2.06,1.45,-0.069,0.086
2022-07-04,-1.44,0.33,-0.015,0.049
2022-07-05,0.91,-0.41,-0.038,0.047
2022-07-06,-0.23,1.29,-0.028,0.035
2022-07-07,-1.64,0.73,-0.055,0.109
2022-07-08,-1.00,0.81,-0.013,0.079
2022-07-09,-1.01,1.39,-0.033,0.084
2022-07-10,-1.15,0.18,-0.068,0.132
2022-07-11,-1.37,1.19,-0.064,0.146
2022-07-12,-0.90,1.00,-0.018,0.091
2022-07-13,0.36,0.81,-0.003,0.020
2022-07-14,0.90,0.84,-0.012,-0.000
2022-07-15,0.69,0.50,-0.019,0.016
2022-07-16,-0.16,1.77,-0.024,0.071
2022-07-17,1.17,-0.43,0.024,0.004
2022-07-18,1.25,0.53,0.005,0.018
2022-07-19,0.29,1.15,0.001,0.055
2022-07-20,0.31,1.25,0.005,0.022
2022-07-21,-1.25,-0.69,-0.004,-0.016
2022-07-22,0.68,0.94,-0.026,0.044
2022-07-23,0.68,0.36,-0.046,0.098
2022-07-24,0.56,0.98,-0.055,0.141
2022-07-25,-0.99,1.53,-0.060,0.153
2022-07-26,1.05,0.56,-0.006,0.060
2022-07-27,-0.44,-1.35,0.007,0.021
2022-07-28,1.18,-0.45,-0.014,0.081
2022-07-29,1.20,0.48,0.002,0.024
2022-07-30,1.07,-0.06,0.007,0.006
2022-07-31,-0.99,0.19,-0.036,0.056
2022-08-01,0.74,-0.33,-0.028,0.060
2022-08-02,-0.95,0.74,-0.044,0.157
2022-08-03,0.51,0.88,-0.026,0.106
2022-08-04,-1.20,0.37,-0.036,0.044
2022-08-05,-0.99,0.59,-0.021,0.039
2022-08-06,0.80,-0.54,-0.030,0.071
2022-08-07,0.26,-1.03,-0.018,0.101
2022-08-08,-1.07,-0.11,-0.018,0.119
2022-08-09,0.61,0.45,0.003,0.034
2022-08-10,1.27,0.11,0.039,0.057
2022-08-11,-1.31,0.85,-0.005,0.024
2022-08-12,-0.73,1.26,-0.027,0.047
2022-08-13,0.84,1.04,-0.040,0.100
2022-08-14,1.31,0.14,-0.022,0.057
2022-08-15,-0.00,1.39,-0.032,0.093
2022-08-16,-0.03,1.87,-0.023,0.090
2022-08-17,1.16,-0.08,-0.020,0.080
2022-08-18,0.19,1.06,-0.039,0.098
2022-08-19,-0.08,1.17,-0.048,0.113
2022-08-20,0.72,0.57,-0.020,0.062
2022-08-21,-0.28,1.06,-0.046,0.096
2022-08-22,-0.20,1.29,-0.058,0.130
2022-08-23,-0.19,1.57,-0.044,0.142
2022-08-24,-1.49,1.08,-0.069,0.139
2022-08-25,1.06,0.75,-0.021,0.093
2022-08-26,0.34,1.04,-0.046,0.091
2022-08-27,0.32,1.11,-0.039,0.117
2022-08-28,-0.40,1.39,-0.058,0.110
2022-08-29,-0.00,1.15,-0.047,0.142
2022-08-30,0.98,0.50,-0.048,0.158
2022-08-31,1.32,0.48,-0.035,0.084
2022-09-01,1.02,0.07,-0.014,0.023
2022-09-02,0.99,0.12,-0.005,0.024
2022-09-03,1.10,-0.14,0.019,0.014
2022-09-04,0.58,0.97,-0.030,0.071
2022-09-05,0.92,-0.10,-0.053,0.087
2022-09-06,0.93,0.37,-0.041,0.065
2022-09-07,1.16,0.81,-0.043,0.096
2022-09-08,1.00,1.00,-0.064,0.094
2022-09-09,0.60,1.00,-0.049,0.133
2022-09-10,1.02,-0.16,-0.051,0.122
2022-09-11,0.87,0.41,-0.074,0.118
2022-09-12,0.69,0.64,-0.096,0.145
2022-09-13,-0.57,1.11,-0.081,0.157
2022-09-14,-0.19,1.09,-0.067,0.131
2022-09-15,0.99,0.42,-0.051,0.112
2022-09-16,0.85,0.34,-0.057,0.094
2022-09-17,0.56,-0.74,-0.069,0.140
2022-09-18,0.63,-0.68,-0.029,0.087
2022-09-19,-1.04,-1.19,-0.047,0.043
2022-09-20,1.88,0.37,-0.002,0.009
2022-09-21,1.27,1.57,0.004,0.092
2022-09-22,-0.27,1.51,-0.037,0.145
2022-09-23,1.19,-0.25,0.007,0.039
2022-09-24,-1.33,1.20,-0.023,0.072
2022-09-25,-1.33,1.01,0.004,0.072
2022-09-26,-1.71,0.83,-0.034,0.128
2022-09-27,-1.35,1.13,-0.140,0.324
2022-09-28,-0.29,1.26,-0.108,0.199
2022-09-29,1.10,0.40,-0.050,0.120
2022-09-30,0.96,1.10,-0.057,0.129
2022-10-01,-1.02,1.41,-0.074,0.284
2022-10-02,-0.75,1.40,-0.064,0.241
2022-10-03,0.50,1.64,-0.061,0.180
2022-10-04,-1.07,0.62,-0.082,0.178
2022-10-05,-0.33,0.68,-0.048,0.113
2022-10-06,0.66,-0.74,-0.013,0.052
2022-10-07,0.88,0.11,0.026,0.024
2022-10-08,-0.69,-1.11,0.052,-0.062
2022-10-09,0.59,-1.21,0.047,-0.082
2022-10-10,-1.40,0.91,-0.104,0.144
2022-10-11,-0.81,1.16,-0.083,0.198
2022-10-12,-0.71,0.71,-0.102,0.219
2022-10-13,-0.66,1.49,-0.112,0.241
2022-10-14,0.57,1.11,-0.095,0.270
2022-10-15,1.13,-0.50,-0.097,0.190
2022-10-16,0.54,1.11,-0.126,0.181
2022-10-17,0.89,1.06,-0.122,0.207
2022-10-18,0.79,1.27,-0.085,0.189
2022-10-19,0.52,1.30,-0.088,0.156
2022-10-20,-0.61,1.36,-0.064,0.134
2022-10-21,0.97,0.52,-0.059,0.105
2022-10-22,0.58,1.05,-0.120,0.144
2022-10-23,-0.02,1.20,-0.120,0.197
2022-10-24,0.63,1.55,-0.107,0.207
2022-10-25,0.82,0.74,-0.050,0.093
2022-10-26,1.12,-0.28,-0.013,0.083
2022-10-27,1.52,-0.74,-0.029,0.077
2022-10-28,0.79,-1.26,0.002,0.051
2022-10-29,1.07,0.06,-0.007,0.109
2022-10-30,-1.47,0.56,-0.033,0.158
2022-10-31,-1.07,1.27,-0.074,0.215
2022-11-01,-1.27,0.07,-0.069,0.198
2022-11-02,0.60,-0.93,-0.090,0.202
2022-11-03,1.08,-0.57,0.005,0.050
2022-11-04,1.32,-0.30,-0.060,0.085
2022-11-05,0.53,-1.13,-0.043,0.091
2022-11-06,0.99,1.14,-0.030,0.106
2022-11-07,0.61,1.31,-0.054,0.099
2022-11-08,0.99,1.06,-0.045,0.086
2022-11-09,0.91,1.70,-0.024,0.075
2022-11-10,0.64,1.59,-0.024,0.093
2022-11-11,0.96,0.17,-0.012,0.064
2022-11-12,0.97,0.35,-0.028,0.047
2022-11-13,0.95,0.57,-0.021,0.045
2022-11-14,0.60,0.90,0.017,-0.016
2022-11-15,1.03,-0.84,0.026,-0.051
2022-11-16,-0.79,0.97,-0.043,0.045
2022-11-17,1.22,-0.06,-0.055,0.111
2022-11-18,-0.09,1.03,-0.087,0.137
2022-11-19,0.94,-0.05,-0.061,0.109
2022-11-20,0.81,1.04,-0.013,0.095
2022-11-21,1.26,0.22,-0.006,0.070
2022-11-22,0.59,0.88,-0.041,0.111
2022-11-23,1.09,0.58,-0.004,0.020
2022-11-24,1.22,0.22,0.002,-0.018
2022-11-25,1.05,0.45,-0.022,0.036
2022-11-26,1.13,0.02,-0.046,0.051
2022-11-27,1.02,0.80,-0.054,0.086
2022-11-28,0.69,1.36,-0.027,0.060
2022-11-29,1.44,-0.08,-0.026,0.074
2022-11-30,0.74,-1.09,-0.010,0.061
2022-12-01,-0.32,-0.99,-0.004,0.048
2022-12-02,0.00,-1.59,-0.013,0.077
2022-12-03,0.80,-1.02,-0.013,0.062
2022-12-04,-0.77,-1.06,-0.043,0.086
2022-12-05,-0.50,-1.12,-0.033,0.072
2022-12-06,-0.35,-1.32,-0.005,0.005
2022-12-07,-0.69,-1.24,0.000,0.002
2022-12-08,-0.24,-1.50,0.014,-0.012
2022-12-09,1.21,-1.29,0.038,-0.047
2022-12-10,0.90,-1.11,0.024,-0.007
2022-12-11,1.26,-0.95,-0.019,0.066
2022-12-12,0.89,1.10,-0.021,0.049
2022-12-13,1.14,0.56,-0.045,0.067
2022-12-14,0.10,-1.50,-0.050,0.120
2022-12-15,0.73,-1.21,-0.052,0.135
2022-12-16,1.33,-0.09,-0.051,0.122
2022-12-17,1.12,0.81,-0.068,0.145
2022-12-18,0.02,1.35,-0.061,0.133
2022-12-19,0.83,-1.15,-0.057,0.083
2022-12-20,1.13,0.41,-0.084,0.098
2022-12-21,0.81,1.04,-0.063,0.110
2022-12-22,0.10,1.38,-0.057,0.114
2022-12-23,1.31,0.35,-0.053,0.104
2022-12-24,0.77,-1.18,-0.062,0.077
2022-12-25,0.62,0.79,-0.054,0.078
2022-12-26,-0.36,1.87,-0.057,0.100
2022-12-27,0.38,1.34,-0.045,0.102
2022-12-28,-0.75,1.36,-0.040,0.124
2022-12-29,1.39,-0.37,-0.033,0.099
2022-12-30,1.09,-0.71,-0.036,0.081
2022-12-31,1.19,0.58,-0.022,0.084
2023-01-01,1.00,0.18,-0.013,0.090
2023-01-02,1.25,-0.27,-0.017,0.108
2023-01-03,0.90,-0.84,-0.009,0.077
2023-01-04,0.60,-1.18,-0.016,0.096
2023-01-05,-1.38,-0.40,-0.015,0.070
2023-01-06,1.15,-0.69,-0.014,0.021
2023-01-07,0.29,-1.25,-0.021,0.077
2023-01-08,1.02,-0.16,0.005,0.060
2023-01-09,-1.42,1.47,-0.018,0.084
2023-01-10,1.02,0.52,0.005,0.016
2023-01-11,0.88,-0.29,-0.025,0.049
2023-01-12,0.02,-1.11,0.002,0.026
2023-01-13,-0.32,1.80,-0.020,0.047
2023-01-14,1.24,0.66,-0.016,0.019
2023-01-15,-0.90,-0.16,0.013,0.013
2023-01-16,1.25,-1.55,0.020,-0.023
2023-01-17,1.12,-1.24,0.048,-0.022
2023-01-18,1.06,-0.86,-0.038,0.101
2023-01-19,0.93,-1.06,-0.042,0.105
2023-01-20,1.36,0.09,0.010,0.054
2023-01-21,0.94,1.09,-0.051,0.125
2023-01-22,-1.18,1.51,-0.049,0.147
2023-01-23,-1.34,1.44,-0.036,0.096
2023-01-24,1.11,0.36,-0.040,0.024
2023-01-25,1.01,1.24,-0.106,0.145
2023-01-26,1.39,-0.12,-0.056,0.095
2023-01-27,-0.57,-1.42,-0.068,0.143
2023-01-28,-0.53,-1.39,-0.048,0.121
2023-01-29,0.81,-1.52,0.007,0.010
2023-01-30,0.97,-1.38,-0.005,-0.035
2023-01-31,0.52,-1.44,-0.045,0.138
2023-02-01,-0.56,-1.53,-0.054,0.135
2023-02-02,0.03,-1.76,-0.030,0.037
2023-02-03,0.17,1.61,-0.038,0.126
2023-02-04,0.36,1.24,-0.063,0.157
2023-02-05,-0.68,1.45,-0.095,0.175
2023-02-06,-1.35,0.36,-0.075,0.145
2023-02-07,0.87,-0.68,-0.059,0.134
2023-02-08,0.75,-0.70,-0.065,0.153
2023-02-09,0.57,-0.99,-0.028,0.102
2023-02-10,0.89,-1.27,-0.064,0.129
2023-02-11,1.25,0.69,-0.062,0.104
2023-02-12,1.33,0.87,-0.066,0.098
2023-02-13,1.79,-0.51,-0.051,0.092
2023-02-14,1.20,-0.78,-0.049,0.127
2023-02-15,0.25,-1.29,-0.014,0.005
2023-02-16,-0.41,1.12,-0.015,-0.013
2023-02-17,0.41,1.41,-0.046,-0.021
2023-02-18,0.80,0.99,-0.061,0.086
2023-02-19,-0.38,-1.53,-0.042,0.080
2023-02-20,1.59,0.14,-0.051,0.063
2023-02-21,1.15,1.32,-0.063,0.060
2023-02-22,1.27,0.92,-0.079,0.118
2023-02-23,1.44,0.77,-0.038,0.049
2023-02-24,1.42,-0.02,-0.048,0.078
2023-02-25,1.03,-1.47,-0.062,0.095
2023-02-26,1.68,-0.97,-0.063,0.120
2023-02-27,1.61,0.55,-0.092,0.110
2023-02-28,0.43,2.04,-0.094,0.131
2023-03-01,1.78,-0.12,-0.075,0.112
2023-03-02,-0.09,1.69,-0.077,0.139
2023-03-03,0.42,1.68,-0.072,0.146
2023-03-04,-0.42,1.98,-0.116,0.275
2023-03-05,1.26,0.54,-0.106,0.228
2023-03-06,1.21,0.70,-0.115,0.178
2023-03-07,0.93,1.38,-0.067,0.063
2023-03-08,2.07,-0.22,-0.054,0.045
2023-03-09,1.41,-1.41,-0.050,0.023
2023-03-10,1.69,-1.28,-0.033,0.052
2023-03-11,0.71,1.86,-0.020,0.083
2023-03-12,1.08,0.79,-0.037,0.095
2023-03-13,0.29,1.66,-0.097,0.140
2023-03-14,0.98,0.91,-0.063,0.057
2023-03-15,1.51,1.18,-0.048,0.075
2023-03-16,1.48,-0.57,-0.019,0.012
2023-03-17,1.16,-0.98,-0.023,0.079
2023-03-18,0.76,0.97,-0.020,0.031
2023-03-19,0.61,1.15,-0.065,0.210
2023-03-20,-1.16,1.29,-0.147,0.250
2023-03-21,1.05,-0.38,-0.093,0.158
2023-03-22,1.18,-0.27,-0.105,0.132
2023-03-23,1.12,0.87,-0.128,0.175
2023-03-24,-1.16,0.98,-0.119,0.144
2023-03-25,0.41,1.13,-0.095,0.118
2023-03-26,0.36,1.71,-0.122,0.180
2023-03-27,-0.32,1.51,-0.127,0.218
2023-03-28,1.10,1.03,-0.155,0.232
2023-03-29,0.60,1.64,-0.170,0.206
2023-03-30,0.77,0.92,-0.142,0.176
2023-03-31,1.22,0.30,-0.109,0.093
2023-04-01,1.31,0.82,-0.079,0.108
2023-04-02,0.49,1.71,-0.063,0.143
2023-04-03,0.71,1.40,-0.074,0.172
2023-04-04,0.37,1.73,-0.086,0.122
2023-04-05,1.19,0.55,-0.069,0.111
2023-04-06,-0.04,-1.13,-0.057,0.156
2023-04-07,1.26,0.13,-0.085,0.179
2023-04-08,-0.38,1.67,-0.092,0.181
2023-04-09,0.96,1.37,-0.110,0.209
2023-04-10,1.15,0.78,-0.086,0.161
2023-04-11,1.37,0.39,-0.061,0.138
2023-04-12,0.20,1.67,-0.032,0.124
2023-04-13,0.64,1.20,-0.024,0.159
2023-04-14,0.19,1.20,-0.052,0.194
2023-04-15,0.95,0.99,-0.049,0.162
2023-04-16,0.12,1.70,-0.059,0.143
2023-04-17,0.75,1.35,-0.077,0.107
2023-04-18,1.22,1.10,-0.063,0.145
2023-04-19,-0.06,1.64,-0.054,0.097
2023-04-20,-0.45,1.67,-0.016,0.067
2023-04-21,1.19,1.47,-0.006,0.077
2023-04-22,1.63,0.56,-0.020,0.036
2023-04-23,2.04,-0.47,0.031,-0.010
2023-04-24,2.10,-0.30,0.039,-0.047
2023-04-25,0.72,1.63,0.051,0.017
2023-04-26,1.43,0.44,0.056,-0.039
2023-04-27,1.22,0.47,0.015,-0.035
2023-04-28,1.23,0.77,0.014,-0.009
2023-04-29,0.37,1.47,0.010,0.048
2023-04-30,1.07,1.41,0.008,0.071
2023-05-01,1.59,0.40,0.051,0.045
2023-05-02,0.65,1.27,0.022,0.064
2023-05-03,1.25,0.56,0.021,0.076
2023-05-04,-0.14,1.54,0.019,0.098
2023-05-05,0.56,0.97,-0.042,0.141
2023-05-06,0.74,1.74,-0.041,0.145
2023-05-07,1.57,1.10,-0.003,0.063
2023-05-08,-0.42,2.00,-0.044,0.147
2023-05-09,0.68,1.34,-0.056,0.154
2023-05-10,0.47,1.36,-0.048,0.141
2023-05-11,1.11,0.77,-0.012,0.095
2023-05-12,-0.62,1.40,-0.030,0.092
2023-05-13,-0.55,1.51,-0.041,0.111
2023-05-14,-1.04,1.16,-0.044,0.127
2023-05-15,-1.41,-1.10,-0.072,0.153
2023-05-16,1.12,1.16,-0.109,0.171
2023-05-17,0.50,1.73,-0.083,0.134
2023-05-18,0.59,1.20,-0.053,0.059
2023-05-19,0.64,0.95,-0.067,0.067
2023-05-20,0.35,1.31,-0.044,0.111
2023-05-21,1.12,1.01,-0.053,0.096
2023-05-22,1.05,1.17,-0.067,0.138
2023-05-23,0.89,1.33,-0.046,0.115
2023-05-24,0.32,1.52,-0.039,0.090
2023-05-25,0.16,1.85,-0.020,0.159
2023-05-26,0.24,1.96,0.001,0.151
2023-05-27,0.18,1.46,0.006,0.132
2023-05-28,0.89,0.47,0.037,0.038
2023-05-29,0.08,1.16,0.020,0.060
2023-05-30,0.57,1.49,0.043,0.014
2023-05-31,-0.49,1.61,0.043,0.064
2023-06-01,-1.21,1.21,0.013,0.084
2023-06-02,-0.23,1.33,0.002,0.067
2023-06-03,0.10,1.91,-0.002,0.203
2023-06-04,-0.04,2.33,-0.048,0.205
2023-06-05,0.52,1.92,-0.031,0.199
2023-06-06,0.92,0.64,-0.011,0.123
2023-06-07,-0.81,1.91,-0.034,0.124
2023-06-08,-1.72,1.91,-0.054,0.151
2023-06-09,-2.04,1.83,-0.045,0.146
2023-06-10,-0.43,1.51,-0.005,0.164
2023-06-11,0.98,0.88,0.011,0.128
2023-06-12,-0.67,2.18,-0.022,0.147
2023-06-13,0.76,0.97,-0.081,0.151
2023-06-14,-0.95,1.26,-0.123,0.189
2023-06-15,-1.63,1.47,-0.116,0.234
2023-06-16,-0.94,1.56,-0.079,0.172
2023-06-17,0.88,-0.47,-0.080,0.166
2023-06-18,-0.69,1.62,-0.113,0.206
2023-06-19,-0.81,1.91,-0.071,0.150
2023-06-20,-0.96,1.74,-0.050,0.148
2023-06-21,-0.85,1.75,-0.044,0.139
2023-06-22,-1.20,1.01,-0.014,0.096
2023-06-23,1.13,-0.85,-0.001,0.068
2023-06-24,-0.98,1.08,-0.009,0.073
2023-06-25,-0.39,1.19,0.016,0.079
2023-06-26,0.50,1.17,0.014,-0.006
2023-06-27,0.48,1.19,0.026,0.078
2023-06-28,0.81,0.73,-0.024,0.070
2023-06-29,-0.90,0.87,0.021,0.029
2023-06-30,-0.89,1.06,0.020,0.065
2023-07-01,-0.46,1.61,0.034,0.073
2023-07-02,1.00,0.35,0.017,0.120
2023-07-03,-1.00,0.38,-0.056,0.124
2023-07-04,1.10,0.17,-0.012,0.026
2023-07-05,-2.44,1.14,-0.052,0.136
2023-07-06,-0.80,-0.92,-0.042,0.062
2023-07-07,-0.11,1.07,-0.065,0.123
2023-07-08,1.13,0.43,-0.023,0.038
2023-07-09,-0.06,1.23,-0.002,0.019
2023-07-10,0.97,0.05,0.034,-0.022
2023-07-11,0.80,0.32,0.026,-0.038
2023-07-12,0.86,0.60,-0.015,0.016
2023-07-13,-1.13,1.67,0.003,0.053
2023-07-14,0.98,0.17,0.044,-0.031
2023-07-15,1.03,0.33,0.016,-0.026
2023-07-16,-0.51,0.93,-0.033,0.035
2023-07-17,0.51,0.79,-0.023,-0.012
2023-07-18,-1.67,1.17,-0.075,0.092
2023-07-19,-1.03,1.85,-0.055,0.127
2023-07-20,-1.12,1.49,-0.097,0.219
2023-07-21,0.92,0.64,-0.053,0.133
2023-07-22,0.84,0.73,-0.056,0.120
2023-07-23,0.85,0.82,-0.040,0.044
2023-07-24,0.97,0.39,-0.024,-0.036
2023-07-25,1.17,-0.14,0.032,-0.069
2023-07-26,-0.53,1.09,0.009,-0.057
2023-07-27,-2.03,0.95,-0.054,0.123
2023-07-28,0.04,1.20,-0.030,0.106
2023-07-29,-0.48,0.87,-0.054,0.139
2023-07-30,-1.11,1.48,-0.053,0.075
2023-07-31,1.21,-0.54,-0.020,0.010
2023-08-01,0.02,1.34,0.031,-0.011
2023-08-02,0.99,0.83,0.003,0.008
2023-08-03,0.29,1.00,-0.023,0.061
2023-08-04,-0.46,1.13,-0.033,0.093
2023-08-05,-0.74,1.06,0.006,0.084
2023-08-06,0.90,0.03,0.014,0.024
2023-08-07,0.64,0.85,-0.007,0.026
2023-08-08,0.87,0.39,-0.026,-0.019
2023-08-09,0.64,0.85,0.009,0.011
2023-08-10,-0.40,1.16,-0.017,0.060
2023-08-11,-1.28,1.52,0.017,0.100
2023-08-12,1.01,-0.65,0.019,0.033
2023-08-13,0.45,-1.11,-0.005,0.009
2023-08-14,-1.24,0.33,-0.002,0.039
2023-08-15,1.12,-0.02,0.034,-0.034
2023-08-16,0.75,0.68,0.036,-0.034
2023-08-17,0.68,0.68,0.085,-0.097
2023-08-18,0.99,-0.59,0.067,-0.127
2023-08-19,0.83,-0.77,0.082,-0.172
2023-08-20,-0.94,-0.42,0.060,-0.125
2023-08-21,-0.77,-0.85,0.029,-0.069
2023-08-22,0.94,0.44,-0.014,0.061
2023-08-23,1.33,0.12,-0.041,0.066
2023-08-24,1.01,1.62,-0.051,0.123
2023-08-25,1.49,0.16,0.008,-0.030
2023-08-26,1.31,0.21,0.071,-0.090
2023-08-27,0.76,0.94,0.080,-0.136
2023-08-28,-0.34,1.58,0.080,-0.111
2023-08-29,-0.51,1.41,0.073,-0.066
2023-08-30,-1.11,1.48,0.006,0.051
2023-08-31,-0.95,1.21,-0.030,0.101
2023-09-01,0.88,0.05,-0.031,0.116
2023-09-02,0.90,0.46,-0.032,0.062
2023-09-03,0.49,1.11,-0.061,0.097
2023-09-04,-0.29,1.17,-0.051,0.108
2023-09-05,-0.74,1.14,-0.067,0.127
2023-09-06,0.71,1.02,-0.065,0.112
2023-09-07,-0.06,1.23,-0.053,0.081
2023-09-08,-0.37,1.31,-0.047,0.063
2023-09-09,1.08,-0.44,-0.002,-0.004
2023-09-10,0.83,-0.70,-0.035,0.021
2023-09-11,0.96,-0.53,-0.044,0.036
2023-09-12,1.15,-0.93,-0.028,0.023
2023-09-13,1.82,-0.19,-0.002,-0.026
2023-09-14,1.19,0.66,0.006,0.040
2023-09-15,0.49,-1.11,-0.016,0.039
2023-09-16,0.37,-1.02,-0.049,0.064
2023-09-17,1.01,-0.18,-0.051,0.072
2023-09-18,-0.18,1.12,-0.011,0.083
2023-09-19,-1.19,0.02,-0.029,0.072
2023-09-20,0.77,0.70,-0.039,0.101
2023-09-21,-0.70,1.08,-0.060,0.088
2023-09-22,-0.24,1.14,-0.041,0.087
2023-09-23,-1.23,0.86,-0.051,0.079
2023-09-24,0.52,1.42,-0.033,0.057
2023-09-25,-1.22,-0.15,-0.059,0.150
2023-09-26,0.91,-0.74,-0.060,0.064
2023-09-27,1.05,0.26,-0.058,0.065
2023-09-28,0.20,1.02,-0.053,0.058
2023-09-29,1.16,0.33,-0.002,0.023
2023-09-30,0.90,0.48,-0.037,0.045
2023-10-01,-0.11,1.23,-0.050,0.084
2023-10-02,0.95,0.25,-0.033,0.036
2023-10-03,-0.41,0.98,-0.021,0.045
2023-10-04,0.93,0.84,-0.011,0.024
2023-10-05,0.66,1.06,-0.021,0.055
2023-10-06,-0.14,1.30,-0.046,0.126
2023-10-07,0.02,1.42,0.009,0.040
2023-10-08,1.05,0.68,0.031,0.066
2023-10-09,0.03,1.44,0.023,0.094
2023-10-10,-0.87,1.11,0.010,0.090
2023-10-11,1.01,0.54,-0.007,0.086
2023-10-12,0.03,1.45,0.004,0.096
2023-10-13,1.08,-0.06,0.007,0.010
2023-10-14,0.61,0.90,-0.013,0.046
2023-10-15,0.10,0.98,-0.011,0.080
2023-10-16,0.87,1.11,0.000,0.000
2023-10-17,0.94,0.87,0.014,-0.002
2023-10-18,-1.27,0.70,0.063,-0.075
2023-10-19,-0.46,0.93,0.061,-0.089
2023-10-20,0.98,1.21,0.059,-0.074
2023-10-21,1.05,-0.56,0.029,-0.066
2023-10-22,0.65,-1.09,0.013,-0.028
2023-10-23,0.52,-0.71,0.037,-0.021
2023-10-24,0.55,-0.82,0.017,0.016
2023-10-25,-0.25,-0.92,-0.033,0.075
2023-10-26,0.31,-0.96,-0.032,0.105
2023-10-27,-0.76,-0.97,-0.013,0.074
2023-10-28,0.80,-0.86,-0.027,0.102
2023-10-29,0.22,1.40,-0.076,0.160
2023-10-30,0.73,1.08,-0.064,0.166
2023-10-31,-0.05,0.98,-0.081,0.167
2023-11-01,-0.60,1.00,-0.060,0.152
2023-11-02,0.71,0.71,-0.051,0.168
2023-11-03,-0.09,1.36,-0.102,0.220
2023-11-04,-0.96,1.54,-0.122,0.255
2023-11-05,1.32,0.09,-0.198,0.303
2023-11-06,1.34,0.14,-0.211,0.248
2023-11-07,1.06,-0.06,-0.217,0.235
2023-11-08,0.56,-0.90,-0.096,0.141
2023-11-09,0.65,-0.36,-0.034,0.059
2023-11-10,0.29,-0.96,-0.003,0.059
2023-11-11,0.43,-1.01,-0.020,0.126
2023-11-12,0.69,-0.38,-0.134,0.224
2023-11-13,0.76,1.17,-0.109,0.160
2023-11-14,0.21,1.30,-0.092,0.118
2023-11-15,-0.85,1.36,-0.101,0.148
2023-11-16,-2.10,1.47,-0.151,0.194
2023-11-17,-2.22,0.72,-0.165,0.242
2023-11-18,-0.55,1.80,-0.143,0.247
2023-11-19,-0.48,1.58,-0.106,0.210
2023-11-20,1.09,0.51,-0.010,0.009
2023-11-21,-0.08,-1.09,-0.033,0.039
2023-11-22,0.84,-1.00,-0.019,-0.007
2023-11-23,1.02,0.50,-0.017,0.022
2023-11-24,0.73,0.81,-0.040,0.048
2023-11-25,0.92,0.45,-0.014,0.092
2023-11-26,0.47,0.93,-0.039,0.092
2023-11-27,1.11,0.10,0.000,0.032
2023-11-28,0.87,0.68,0.012,0.011
2023-11-29,1.17,-0.12,0.010,-0.047
2023-11-30,-0.95,-0.10,-0.041,0.043
2023-12-01,1.05,-0.17,-0.032,0.081
2023-12-02,0.98,0.26,0.000,0.058
2023-12-03,1.19,-0.34,0.016,-0.018
2023-12-04,-0.54,1.42,-0.013,0.013
2023-12-05,1.00,0.16,0.016,-0.046
2023-12-06,0.99,-0.67,0.055,-0.173
2023-12-07,0.37,-1.21,0.072,-0.177
2023-12-08,-0.36,-1.00,0.028,-0.029
2023-12-09,-0.41,-0.88,-0.026,0.021
2023-12-10,-1.41,0.99,-0.097,0.206
2023-12-11,1.03,-0.29,-0.041,0.135
2023-12-12,0.91,-0.18,-0.034,0.123
2023-12-13,-1.30,0.02,-0.017,0.119
2023-12-14,0.00,-1.14,0.023,0.023
2023-12-15,-0.41,-1.26,0.012,-0.026
2023-12-16,-1.26,0.22,-0.007,0.010
2023-12-17,-1.54,1.65,-0.098,0.210
2023-12-18,-0.93,1.82,-0.071,0.184
2023-12-19,1.22,0.70,-0.022,0.064
2023-12-20,-0.97,0.10,0.015,-0.111
2023-12-21,-0.07,-0.96,0.089,-0.089
2023-12-22,0.33,-1.22,-0.042,0.074
2023-12-23,0.37,-1.15,-0.064,0.150
2023-12-24,-0.17,-1.20,-0.062,0.145
2023-12-25,0.67,-1.08,-0.047,0.083
2023-12-26,0.98,0.79,-0.038,0.107
2023-12-27,1.36,-0.29,-0.061,0.129
2023-12-28,1.04,0.65,-0.018,0.083
2023-12-29,1.30,-0.11,0.011,-0.044
2023-12-30,0.67,-1.03,0.018,-0.068
2023-12-31,-0.18,-0.84,-0.014,0.040
2024-01-01,0.08,-0.88,-0.009,0.021
2024-01-02,1.02,1.14,-0.007,-0.023
2024-01-03,0.53,-0.96,-0.007,-0.002
2024-01-04,1.16,0.49,-0.041,0.047
2024-01-05,0.64,-0.88,0.017,-0.080
2024-01-06,1.08,0.33,-0.069,0.090
2024-01-07,1.01,0.16,-0.018,0.038
2024-01-08,-0.54,-0.86,-0.007,0.052
2024-01-09,-1.57,1.47,-0.100,0.192
2024-01-10,-1.56,0.19,-0.128,0.241
2024-01-11,1.23,-0.77,-0.164,0.296
2024-01-12,0.43,1.24,-0.187,0.291
2024-01-13,-1.27,0.86,-0.123,0.207
2024-01-14,0.87,0.37,-0.090,0.147
2024-01-15,0.55,1.44,-0.120,0.278
2024-01-16,-1.14,1.82,-0.111,0.242
2024-01-17,1.12,-0.57,-0.117,0.229
2024-01-18,1.11,0.22,-0.110,0.218
2024-01-19,0.42,1.15,-0.093,0.157
2024-01-20,0.96,0.35,-0.033,0.024
2024-01-21,0.81,-0.76,0.000,0.044
2024-01-22,-0.70,-0.81,-0.020,0.077
2024-01-23,-0.84,-0.78,-0.037,0.127
2024-01-24,0.40,-0.76,-0.009,0.138
2024-01-25,1.02,0.25,-0.137,0.271
2024-01-26,0.50,-1.03,-0.111,0.155
2024-01-27,1.25,0.75,-0.137,0.150
2024-01-28,0.84,1.07,-0.135,0.154
2024-01-29,1.62,0.40,-0.062,0.065
2024-01-30,1.42,-0.43,-0.028,-0.051
2024-01-31,1.63,0.32,0.027,-0.078
2024-02-01,1.68,-0.03,0.055,-0.179
2024-02-02,1.34,0.54,-0.008,-0.067
2024-02-03,1.10,1.18,-0.016,-0.026
2024-02-04,0.17,2.36,-0.023,0.016
2024-02-05,0.91,2.97,0.038,0.088
2024-02-06,2.87,2.68,-0.023,0.091
2024-02-07,4.16,-0.96,0.026,-0.100
2024-02-08,-1.00,-0.68,0.018,-0.018
2024-02-09,-0.50,-1.23,0.065,-0.131
2024-02-10,-1.18,0.52,-0.009,0.023
2024-02-11,-0.50,1.30,-0.056,0.157
2024-02-12,0.88,0.79,-0.077,0.184
2024-02-13,1.50,0.03,-0.073,0.159
2024-02-14,0.57,-1.21,-0.117,0.164
2024-02-15,1.00,-0.81,-0.103,0.113
2024-02-16,1.37,0.17,-0.079,0.031
2024-02-17,-0.54,1.57,-0.051,0.088
2024-02-18,0.53,1.47,-0.084,0.159
2024-02-19,0.54,1.40,-0.104,0.166
2024-02-20,1.59,-0.49,-0.087,0.119
2024-02-21,-1.26,-0.73,-0.029,-0.032
2024-02-22,0.00,-1.52,0.063,-0.166
2024-02-23,1.28,-1.04,0.078,-0.141
2024-02-24,1.17,0.88,0.061,-0.145
2024-02-25,1.08,-0.84,0.041,-0.103
2024-02-26,1.16,-0.91,-0.025,0.048
2024-02-27,1.64,0.14,-0.048,0.054
2024-02-28,0.95,0.51,-0.068,0.091
2024-02-29,0.83,-0.95,-0.074,0.128
2024-03-01,1.09,-0.42,-0.077,0.134
2024-03-02,1.04,0.53,-0.060,0.073
2024-03-03,0.91,1.30,-0.056,0.100
2024-03-04,0.98,1.21,-0.081,0.102
2024-03-05,1.09,0.53,-0.083,0.080
2024-03-06,-0.17,1.63,-0.063,0.100
2024-03-07,0.62,1.17,-0.035,0.054
2024-03-08,0.65,1.18,-0.048,0.044
2024-03-09,0.31,1.36,-0.045,0.085
2024-03-10,1.41,0.60,-0.027,0.042
2024-03-11,1.28,-0.02,0.016,-0.017
2024-03-12,1.61,0.20,0.014,-0.016
2024-03-13,0.67,1.38,0.001,-0.025
2024-03-14,0.94,0.98,0.013,-0.025
2024-03-15,0.62,1.04,-0.030,0.037
2024-03-16,1.28,0.80,-0.055,0.061
2024-03-17,0.34,1.20,-0.069,0.128
2024-03-18,-0.16,1.81,-0.115,0.231
2024-03-19,1.18,1.10,-0.106,0.163
2024-03-20,1.26,0.41,-0.098,0.164
2024-03-21,1.51,-0.46,-0.060,0.113
2024-03-22,-0.31,1.15,-0.049,0.039
2024-03-23,-0.85,2.10,-0.098,0.143
2024-03-24,0.05,2.63,-0.068,0.210
2024-03-25,1.46,-0.18,-0.036,0.084
2024-03-26,1.62,-0.59,-0.011,0.036
2024-03-27,1.79,-0.62,0.087,-0.139
2024-03-28,1.87,0.64,0.018,-0.152
2024-03-29,1.53,-0.88,0.029,-0.078
2024-03-30,-0.49,-0.84,0.043,-0.090
2024-03-31,0.55,-1.22,0.027,-0.059
2024-04-01,1.64,-0.50,-0.041,0.068
2024-04-02,-0.06,1.77,-0.101,0.174
2024-04-03,-0.00,2.06,-0.074,0.116
2024-04-04,0.79,1.69,-0.038,0.122
2024-04-05,1.33,0.56,-0.050,0.062
2024-04-06,1.15,0.96,-0.079,0.132
2024-04-07,1.07,0.81,-0.047,0.087
2024-04-08,1.26,0.34,-0.038,0.101
2024-04-09,1.57,-0.73,-0.041,0.108
2024-04-10,1.44,0.80,-0.019,0.082
2024-04-11,0.57,1.22,-0.030,0.094
2024-04-12,1.50,-0.21,-0.032,0.108
2024-04-13,1.31,0.82,-0.060,0.073
2024-04-14,0.46,0.86,-0.062,0.155
2024-04-15,0.35,1.07,-0.079,0.160
2024-04-16,0.63,0.94,-0.139,0.183
2024-04-17,0.99,-0.02,-0.133,0.177
2024-04-18,1.03,-0.62,-0.118,0.165
2024-04-19,1.01,-0.79,-0.076,0.116
2024-04-20,1.07,-0.78,-0.115,0.156
2024-04-21,0.49,1.35,-0.105,0.141
2024-04-22,0.99,1.02,-0.080,0.128
2024-04-23,1.21,-0.06,-0.030,0.102
2024-04-24,0.49,-0.95,-0.028,0.143
2024-04-25,1.01,0.43,-0.016,0.157
2024-04-26,0.96,0.22,-0.054,0.196
2024-04-27,-0.11,-0.92,-0.132,0.212
2024-04-28,0.00,-1.12,-0.108,0.178
2024-04-29,0.90,-0.27,-0.074,0.131
2024-04-30,-0.58,0.90,-0.086,0.215
2024-05-01,0.06,1.23,-0.169,0.248
2024-05-02,0.14,0.89,-0.106,0.175
2024-05-03,-0.03,0.91,-0.103,0.161
2024-05-04,0.86,-0.58,-0.078,0.191
2024-05-05,0.07,1.38,-0.102,0.226
2024-05-06,1.29,0.20,-0.117,0.178
2024-05-07,0.93,-0.99,-0.135,0.209
2024-05-08,1.18,0.23,-0.115,0.135
2024-05-09,1.46,0.28,-0.093,0.150
2024-05-10,0.45,1.30,-0.070,0.123
2024-05-11,1.02,0.79,-0.025,0.106
2024-05-12,0.88,0.57,-0.018,0.108
2024-05-13,-0.53,1.37,-0.009,0.135
2024-05-14,0.88,0.88,-0.012,0.226
2024-05-15,1.01,0.37,-0.097,0.211
2024-05-16,0.85,1.13,-0.161,0.189
2024-05-17,0.31,1.44,-0.114,0.148
2024-05-18,0.81,0.76,-0.079,0.101
2024-05-19,0.11,1.51,-0.071,0.093
2024-05-20,-0.37,1.47,-0.014,0.053
2024-05-21,0.34,1.38,0.023,0.047
2024-05-22,-1.42,0.35,-0.005,0.074
2024-05-23,1.05,1.34,0.017,0.104
2024-05-24,1.32,1.03,0.026,0.069
2024-05-25,1.01,0.91,0.026,0.059
2024-05-26,0.71,0.73,0.087,-0.053
2024-05-27,0.44,0.95,0.074,-0.125
2024-05-28,-0.05,1.33,0.065,-0.071
2024-05-29,-1.10,1.06,0.037,-0.000
2024-05-30,0.86,0.92,-0.010,0.030
2024-05-31,-0.26,1.24,0.007,0.051
2024-06-01,-0.39,1.14,0.023,0.047
2024-06-02,-0.29,-0.84,0.042,-0.031
2024-06-03,-1.13,1.26,0.025,0.046
2024-06-04,-0.92,1.26,-0.001,0.057
2024-06-05,-0.18,1.29,,
2024-06-06,-0.83,1.23,,
2024-06-07,-1.19,1.15,,
2024-06-08,-0.37,1.30,,
2024-06-09,-0.72,1.36,-0.012,0.142
2024-06-10,-0.97,1.29,-0.020,0.116
2024-06-11,-2.00,1.62,-0.032,0.174
2024-06-12,-1.70,1.28,-0.066,0.237
2024-06-13,-0.34,1.18,-0.080,0.219
2024-06-14,-0.99,1.23,-0.101,0.232
2024-06-15,-0.00,1.42,-0.095,0.196
2024-06-16,1.36,0.29,-0.038,0.101
2024-06-17,-0.21,1.07,-0.065,0.127
2024-06-18,0.47,0.79,-0.059,0.119
2024-06-19,-0.58,0.97,-0.031,0.095
2024-06-20,-1.11,-0.20,-0.009,0.093
2024-06-21,0.93,0.32,0.016,-0.021
2024-06-22,0.78,0.53,-0.020,0.034
2024-06-23,0.35,1.23,-0.025,0.093
2024-06-24,0.88,-0.57,0.042,-0.002
2024-06-25,-1.09,-0.21,-0.000,0.026
2024-06-26,-1.55,0.86,-0.044,0.063
2024-06-27,-0.48,1.40,-0.049,0.175
2024-06-28,0.86,-0.36,-0.031,0.139
2024-06-29,0.90,-0.02,-0.067,0.130
2024-06-30,0.88,-0.32,0.004,0.020
2024-07-01,-0.35,-0.79,0.002,-0.001
2024-07-02,-1.00,-0.02,-0.007,0.003
2024-07-03,-1.75,-0.71,-0.013,0.087
2024-07-04,0.95,-0.17,0.043,-0.083
2024-07-05,-1.46,1.31,-0.116,0.125
2024-07-06,-1.41,1.62,-0.066,0.193
2024-07-07,-0.49,1.11,-0.024,0.076
2024-07-08,1.10,0.10,-0.002,0.011
2024-07-09,-0.74,-0.56,0.032,-0.025
2024-07-10,1.16,-0.12,0.031,-0.114
2024-07-11,0.95,0.22,0.026,-0.076
2024-07-12,-1.09,0.91,0.036,-0.055
2024-07-13,0.30,0.87,0.043,-0.099
2024-07-14,-0.41,1.01,0.010,-0.008
2024-07-15,0.83,-0.63,-0.013,-0.032
2024-07-16,0.49,0.81,-0.010,0.070
2024-07-17,-0.65,1.39,-0.030,0.058
2024-07-18,-0.68,1.13,-0.013,0.068
2024-07-19,0.81,0.48,-0.021,0.053
2024-07-20,-1.64,1.48,-0.067,0.153
2024-07-21,0.62,-0.85,-0.006,0.036
2024-07-22,-0.83,0.89,-0.017,0.030
2024-07-23,-0.60,1.35,-0.035,0.041
2024-07-24,0.80,0.95,0.005,-0.022
2024-07-25,-1.55,1.34,-0.054,0.092
2024-07-26,-0.66,1.02,0.022,-0.010
2024-07-27,-0.66,0.91,-0.014,-0.015
2024-07-28,1.01,-0.04,-0.002,-0.075
2024-07-29,0.45,0.75,-0.035,-0.045
2024-07-30,-0.30,1.29,-0.049,-0.037
2024-07-31,0.14,-0.88,-0.010,-0.069
2024-08-01,1.06,0.49,-0.045,-0.047
2024-08-02,-0.85,1.53,-0.049,0.103
2024-08-03,-1.45,0.26,-0.049,0.055
2024-08-04,0.62,0.79,-0.027,0.037
2024-08-05,1.10,-0.06,0.019,-0.006
2024-08-06,0.42,1.15,-0.021,0.028
2024-08-07,-0.46,1.51,-0.001,0.031
2024-08-08,0.88,-0.62,0.048,-0.057
2024-08-09,0.98,-0.17,0.027,-0.043
2024-08-10,-1.01,0.16,-0.022,0.001
2024-08-11,0.22,1.06,-0.024,0.050
2024-08-12,-0.14,1.13,-0.041,0.106
2024-08-13,0.99,-0.14,0.002,0.018
2024-08-14,1.27,-0.89,-0.024,0.080
2024-08-15,0.33,1.41,0.007,0.069
2024-08-16,0.40,1.32,0.049,-0.051
2024-08-17,-0.62,1.11,0.037,-0.069
2024-08-18,-0.38,0.98,-0.015,-0.020
2024-08-19,-0.53,1.53,0.016,0.052
2024-08-20,1.17,0.25,0.029,-0.060
2024-08-21,0.26,0.90,-0.000,-0.017
2024-08-22,-0.90,1.00,-0.053,0.108
2024-08-23,-0.58,0.90,-0.044,0.100
2024-08-24,1.18,-0.27,-0.014,0.019
2024-08-25,0.48,1.07,-0.042,0.066
2024-08-26,0.09,1.30,-0.079,0.106
2024-08-27,1.08,0.35,-0.036,0.070
2024-08-28,1.25,-0.56,-0.009,0.034
2024-08-29,-1.34,0.38,-0.002,0.013
2024-08-30,1.01,-0.25,0.007,-0.032
2024-08-31,1.12,0.14,0.010,-0.038
2024-09-01,0.57,0.92,0.000,-0.021
2024-09-02,1.15,0.33,0.028,-0.055
2024-09-03,-0.62,-0.67,-0.005,-0.034
2024-09-04,0.76,-0.57,0.033,-0.030
2024-09-05,0.91,0.10,-0.016,-0.033
2024-09-06,1.11,0.45,-0.052,0.047
2024-09-07,0.46,1.10,-0.025,0.054
2024-09-08,0.34,0.90,0.002,-0.000
2024-09-09,0.20,0.96,0.030,-0.061
2024-09-10,1.02,0.16,0.011,-0.075
2024-09-11,0.66,0.68,-0.038,0.081
2024-09-12,-0.30,1.20,-0.020,0.066
2024-09-13,0.49,1.06,0.014,-0.005
2024-09-14,0.39,0.97,0.015,-0.003
2024-09-15,-0.36,1.45,0.012,0.023
2024-09-16,-1.26,1.14,0.009,0.066
2024-09-17,-0.22,1.38,-0.002,0.070
2024-09-18,1.04,0.46,-0.030,0.059
2024-09-19,0.88,0.41,-0.044,0.081
2024-09-20,0.45,1.38,-0.023,0.060
2024-09-21,-0.31,1.35,-0.021,0.069
2024-09-22,1.17,0.62,-0.029,0.080
2024-09-23,1.18,0.63,-0.042,0.082
2024-09-24,0.75,0.68,-0.011,0.050
2024-09-25,-0.69,1.30,-0.014,0.055
2024-09-26,-0.55,1.29,-0.008,0.058
2024-09-27,1.11,-0.16,-0.053,0.115
2024-09-28,0.08,0.90,-0.099,0.123
2024-09-29,0.39,0.89,-0.134,0.197
2024-09-30,0.91,0.74,-0.131,0.198
2024-10-01,0.40,1.15,-0.116,0.195
2024-10-02,0.99,0.30,-0.070,0.123
2024-10-03,1.30,-0.37,-0.007,0.039
2024-10-04,1.09,-0.82,-0.002,0.028
2024-10-05,1.36,-0.24,-0.028,0.039
2024-10-06,0.58,0.93,0.000,0.035
2024-10-07,0.45,1.23,0.002,0.009
2024-10-08,0.23,1.42,0.039,-0.039
2024-10-09,-0.03,1.61,0.000,-0.037
2024-10-10,0.52,1.12,0.024,-0.092
2024-10-11,1.03,0.62,0.072,-0.195
2024-10-12,0.32,0.92,0.077,-0.153
2024-10-13,-0.11,1.51,0.092,-0.068
2024-10-14,0.16,1.27,0.051,0.024
2024-10-15,-1.38,-0.37,0.016,0.095
2024-10-16,-0.97,1.29,-0.062,0.134
2024-10-17,0.82,1.01,-0.029,0.043
2024-10-18,0.98,0.14,-0.059,0.115
2024-10-19,-0.62,-0.76,-0.113,0.148
2024-10-20,0.47,1.46,-0.092,0.134
2024-10-21,-0.88,1.46,-0.044,0.119
2024-10-22,0.65,1.79,-0.053,0.179
2024-10-23,0.56,1.54,-0.074,0.090
2024-10-24,0.25,0.81,-0.106,0.144
2024-10-25,0.24,-0.90,-0.118,0.167
2024-10-26,-0.43,-1.24,-0.106,0.145
2024-10-27,0.53,-0.95,-0.099,0.092
2024-10-28,0.96,0.20,-0.053,0.071
2024-10-29,-0.02,-1.03,-0.110,0.106
2024-10-30,-0.39,-1.08,-0.127,0.163
2024-10-31,0.85,-0.55,-0.110,0.178
2024-11-01,0.09,-1.03,-0.078,0.161
2024-11-02,0.75,-0.99,-0.128,0.180
2024-11-03,0.04,1.28,-0.196,0.255
2024-11-04,-0.89,1.47,-0.198,0.255
2024-11-05,-1.67,1.26,-0.153,0.202
2024-11-06,-0.99,-0.59,-0.034,0.058
2024-11-07,-0.75,0.47,-0.069,0.166
2024-11-08,0.00,-0.95,-0.037,0.091
2024-11-09,-0.66,1.05,-0.028,0.098
2024-11-10,0.24,-0.84,0.011,-0.015
2024-11-11,0.36,1.18,-0.019,0.110
2024-11-12,-1.05,1.61,-0.032,0.081
2024-11-13,0.39,-0.56,-0.005,0.069
2024-11-14,0.82,-0.35,-0.045,0.103
2024-11-15,0.80,0.52,-0.062,0.100
2024-11-16,0.89,-0.17,-0.028,0.098
2024-11-17,0.20,-0.86,-0.015,0.063
2024-11-18,0.40,-0.95,-0.007,0.054
2024-11-19,0.52,-0.87,0.000,0.056
2024-11-20,1.06,0.15,-0.054,0.143
2024-11-21,0.77,0.80,-0.069,0.153
2024-11-22,0.83,0.65,-0.058,0.127
2024-11-23,-0.25,-0.92,-0.058,0.101
2024-11-24,-0.24,-0.69,-0.057,0.133
2024-11-25,-1.26,0.56,-0.023,0.057
2024-11-26,0.75,0.40,-0.045,0.034
2024-11-27,0.44,0.52,-0.060,0.119
2024-11-28,-0.52,1.22,-0.062,0.131
2024-11-29,0.68,0.41,-0.034,0.061
2024-11-30,0.68,-0.26,-0.066,0.100
2024-12-01,0.60,-0.47,-0.061,0.063
2024-12-02,0.65,-0.47,0.013,-0.022
2024-12-03,0.85,-0.29,0.002,-0.064
2024-12-04,-0.44,-0.75,0.004,-0.045
2024-12-05,-0.93,0.34,-0.031,0.040
2024-12-06,0.71,-0.36,-0.002,-0.042
2024-12-07,0.92,-0.34,-0.076,0.126
2024-12-08,0.40,-0.98,-0.059,0.148
2024-12-09,0.13,-0.96,-0.026,0.065
2024-12-10,0.74,-0.04,-0.071,0.144
2024-12-11,0.95,-0.13,-0.151,0.239
2024-12-12,-0.67,0.40,-0.155,0.204
2024-12-13,-0.71,-0.73,-0.130,0.168
2024-12-14,-0.66,-0.15,-0.054,0.041
2024-12-15,0.44,1.14,-0.043,0.074
2024-12-16,-0.78,0.70,-0.040,0.079
2024-12-17,0.51,-0.68,-0.053,0.139
2024-12-18,0.86,-0.38,-0.015,0.057
2024-12-19,0.69,-0.60,0.000,0.009
2024-12-20,-0.64,-0.88,-0.015,0.008
2024-12-21,0.72,-0.57,0.000,-0.025
2024-12-22,0.03,-0.99,-0.002,-0.002
2024-12-23,-0.58,-0.60,0.000,-0.039
2024-12-24,-0.69,-0.52,-0.017,-0.012
2024-12-25,0.77,-0.01,-0.017,0.017
2024-12-26,0.68,0.33,-0.036,0.080
2024-12-27,0.08,-0.95,-0.064,0.137
2024-12-28,-0.91,-0.57,-0.080,0.139
2024-12-29,0.57,-0.85,-0.078,0.141
2024-12-30,0.91,0.82,-0.074,0.109
2024-12-31,0.52,0.57,-0.053,0.082
2025-01-01,0.70,0.14,-0.051,0.116
2025-01-02,1.00,-0.65,-0.053,0.109
2025-01-03,1.14,-0.26,-0.052,0.088
2025-01-04,-0.61,-0.53,-0.056,0.104
2025-01-05,0.10,-1.17,-0.051,0.095
2025-01-06,0.34,-1.13,-0.037,0.073
2025-01-07,0.97,-0.26,-0.005,0.067
2025-01-08,0.94,-0.59,-0.064,0.135
2025-01-09,1.42,0.07,-0.035,0.073
2025-01-10,1.16,-0.52,-0.017,-0.019
2025-01-11,1.54,0.05,-0.056,0.101
2025-01-12,1.14,-0.02,-0.054,0.093
2025-01-13,0.55,-0.96,-0.065,0.113
2025-01-14,1.13,0.00,-0.042,0.102
2025-01-15,0.80,-0.83,-0.054,0.115
2025-01-16,-0.96,-0.70,-0.075,0.142
2025-01-17,0.88,0.59,-0.056,0.107
2025-01-18,0.73,0.59,-0.081,0.109
2025-01-19,-0.16,1.79,-0.140,0.193
2025-01-20,1.15,0.14,-0.106,0.151
2025-01-21,-0.03,1.59,-0.135,0.178
2025-01-22,-1.47,1.03,-0.141,0.165
2025-01-23,-0.70,-1.17,-0.105,0.141
2025-01-24,1.00,0.49,-0.068,0.119
2025-01-25,0.59,1.03,-0.031,0.105
2025-01-26,0.42,-0.94,-0.002,0.044
2025-01-27,0.10,0.82,0.028,-0.024
2025-01-28,0.87,0.57,-0.015,0.028
2025-01-29,0.10,-0.97,-0.043,0.121
2025-01-30,0.08,-0.92,-0.053,0.082
2025-01-31,-0.10,-0.84,-0.006,0.030
2025-02-01,0.54,0.87,-0.057,0.069
2025-02-02,0.63,0.29,-0.066,0.100
2025-02-03,-0.93,-0.05,-0.053,0.114
2025-02-04,0.62,-0.72,-0.053,0.096
2025-02-05,-0.02,-1.17,-0.076,0.126
2025-02-06,0.71,-1.02,-0.063,0.140
2025-02-07,1.02,-0.13,-0.015,0.067
2025-02-08,-0.41,0.84,-0.046,0.090
2025-02-09,0.33,-0.78,-0.023,0.114
2025-02-10,0.54,-1.05,-0.008,0.084
2025-02-11,0.96,0.77,-0.020,0.088
2025-02-12,-1.21,1.39,-0.067,0.128
2025-02-13,0.98,0.82,-0.023,0.108
2025-02-14,0.87,-0.09,0.002,0.046
2025-02-15,-0.24,-1.26,-0.038,0.079
2025-02-16,0.76,1.17,-0.048,0.075
2025-02-17,1.44,0.00,-0.020,0.049
2025-02-18,-0.51,1.68,-0.062,0.143
2025-02-19,0.65,0.96,0.000,0.072
2025-02-20,1.04,0.68,0.014,0.026
2025-02-21,0.95,-0.38,-0.020,0.032
2025-02-22,0.85,0.31,-0.028,0.064
2025-02-23,0.16,1.30,-0.020,0.021
2025-02-24,-0.53,1.63,-0.045,0.057
2025-02-25,0.44,1.54,-0.035,0.118
2025-02-26,1.10,0.59,0.006,0.021
2025-02-27,0.78,-0.08,-0.031,0.033
2025-02-28,0.40,0.78,-0.005,0.019
2025-03-01,-0.00,1.51,-0.014,0.057
2025-03-02,1.02,0.37,-0.019,-0.010
2025-03-03,0.93,0.03,-0.012,0.018
2025-03-04,0.85,0.97,-0.000,0.010
2025-03-05,1.00,-0.55,-0.003,0.021
2025-03-06,1.11,0.36,-0.009,0.006
2025-03-07,1.35,-0.55,0.018,-0.040
2025-03-08,1.62,-0.23,0.013,-0.039
2025-03-09,1.22,0.67,0.015,-0.101
2025-03-10,0.38,1.25,-0.045,0.002
2025-03-11,0.97,1.25,-0.030,0.056
2025-03-12,1.37,-0.12,-0.031,0.029
2025-03-13,1.05,0.34,-0.015,0.090
2025-03-14,1.09,0.06,0.005,0.023
2025-03-15,1.40,-0.07,-0.029,0.022
2025-03-16,1.45,-0.34,-0.021,0.040
2025-03-17,1.49,0.40,-0.029,-0.000
2025-03-18,1.23,-1.07,0.035,-0.039
2025-03-19,1.79,-0.58,0.007,-0.020
2025-03-20,1.35,0.52,0.004,0.008
2025-03-21,1.53,-0.44,0.028,-0.060
2025-03-22,-0.30,1.22,-0.058,0.102
2025-03-23,0.81,1.08,-0.034,0.055
2025-03-24,-1.35,2.33,-0.057,0.111
2025-03-25,-1.04,1.66,-0.113,0.229
2025-03-26,0.62,1.03,-0.137,0.227
2025-03-27,0.86,0.46,-0.128,0.166
2025-03-28,0.69,-0.67,-0.088,0.121
2025-03-29,-0.27,1.18,-0.077,0.095
2025-03-30,-1.15,0.08,-0.104,0.127
2025-03-31,-0.76,1.50,-0.130,0.208
2025-04-01,0.47,0.88,-0.076,0.142
2025-04-02,0.47,-0.92,-0.034,0.085
2025-04-03,-0.84,0.73,-0.055,0.100
2025-04-04,0.53,-1.10,-0.038,0.096
2025-04-05,0.10,1.16,-0.025,0.090
2025-04-06,0.75,0.72,-0.035,0.109
2025-04-07,0.66,1.02,-0.019,0.097
2025-04-08,-0.26,1.67,-0.061,0.126
2025-04-09,0.87,0.78,-0.048,0.091
2025-04-10,0.40,1.24,-0.055,0.063
2025-04-11,0.75,0.75,0.030,-0.018
2025-04-12,1.02,0.71,0.027,-0.131
2025-04-13,0.94,0.40,0.006,-0.150
2025-04-14,-0.31,-0.73,0.034,-0.033
2025-04-15,0.18,-0.91,0.048,-0.104
2025-04-16,0.94,0.29,0.032,-0.119
2025-04-17,0.75,-0.60,0.012,-0.002
2025-04-18,-0.58,-0.71,-0.014,0.009
2025-04-19,-0.19,-0.89,0.029,0.011
2025-04-20,-0.35,-0.86,0.011,0.045
2025-04-21,-0.49,-1.29,-0.069,0.135
2025-04-22,0.04,-1.08,-0.065,0.136
2025-04-23,0.85,-0.97,-0.053,0.116
2025-04-24,1.01,-0.76,-0.062,0.115
2025-04-25,0.97,-0.79,-0.086,0.136
2025-04-26,0.18,1.17,-0.060,0.106
2025-04-27,0.66,-0.75,-0.022,0.062
2025-04-28,-0.18,-1.03,-0.047,0.100
2025-04-29,-0.07,-0.98,-0.028,0.127
2025-04-30,0.47,-0.84,-0.039,0.121
2025-05-01,0.77,-0.36,-0.066,0.152
2025-05-02,0.12,-0.86,-0.103,0.177
2025-05-03,-0.62,0.71,-0.128,0.211
2025-05-04,1.14,0.08,-0.102,0.137
2025-05-05,0.98,-0.17,-0.112,0.156
2025-05-06,0.88,-0.98,-0.094,0.113
2025-05-07,0.82,-0.44,-0.081,0.117
2025-05-08,0.85,-0.64,-0.055,0.105
2025-05-09,-0.65,0.77,-0.054,0.106
2025-05-10,-0.58,0.42,-0.061,0.084
2025-05-11,-0.78,0.56,-0.073,0.167
2025-05-12,0.87,-0.25,-0.073,0.120
2025-05-13,0.48,0.86,-0.096,0.180
2025-05-14,-0.66,1.29,-0.104,0.152
2025-05-15,-1.05,0.98,-0.104,0.179
2025-05-16,-1.13,0.55,-0.104,0.159
2025-05-17,0.55,-0.79,-0.087,0.116
2025-05-18,0.99,0.27,-0.108,0.194
2025-05-19,1.05,0.11,-0.091,0.121
2025-05-20,-0.28,1.20,-0.098,0.150
2025-05-21,0.89,0.24,-0.062,0.064
2025-05-22,-0.39,0.84,-0.091,0.163
2025-05-23,-0.60,1.08,-0.068,0.158
2025-05-24,0.81,0.13,-0.054,0.113
2025-05-25,0.63,0.46,-0.046,0.072
2025-05-26,0.11,1.07,-0.053,0.101
2025-05-27,-0.94,0.81,-0.064,0.125
2025-05-28,0.88,-0.08,-0.029,0.073
2025-05-29,0.42,1.05,-0.054,0.089
2025-05-30,-0.23,1.16,-0.055,0.113
2025-05-31,-0.32,1.39,-0.078,0.170
2025-06-01,-0.99,1.79,-0.080,0.204
2025-06-02,-1.13,1.61,-0.101,0.234
2025-06-03,-1.97,1.00,-0.136,0.255
2025-06-04,-0.02,1.25,-0.113,0.226
2025-06-05,0.90,0.75,-0.099,0.163
2025-06-06,0.48,1.03,-0.076,0.124
2025-06-07,0.86,0.92,-0.066,0.142
2025-06-08,0.46,1.20,-0.052,0.087
2025-06-09,-0.52,1.36,-0.042,0.145
2025-06-10,-0.78,0.90,-0.059,0.144
2025-06-11,0.60,-0.83,-0.042,0.095
2025-06-12,0.52,-0.60,-0.058,0.116
2025-06-13,0.65,-0.32,-0.049,0.084
2025-06-14,0.95,0.33,-0.043,0.091
2025-06-15,0.33,1.25,-0.048,0.092
2025-06-16,0.69,-0.11,-0.029,0.086
2025-06-17,0.74,-0.28,0.000,0.056
2025-06-18,0.65,-0.26,0.000,0.065
2025-06-19,0.81,0.39,-0.026,0.052
2025-06-20,0.51,0.82,-0.032,0.050
2025-06-21,0.72,0.62,-0.055,0.106
2025-06-22,1.06,0.13,-0.020,0.030
2025-06-23,0.84,-0.36,-0.048,0.055
2025-06-24,-1.09,0.58,-0.071,0.113
2025-06-25,-1.15,0.67,-0.058,0.105
2025-06-26,-0.27,1.52,-0.052,0.088
2025-06-27,0.74,-0.30,-0.062,0.109
2025-06-28,-0.35,0.86,-0.089,0.123
2025-06-29,0.65,0.29,-0.071,0.132
2025-06-30,-1.32,1.37,-0.109,0.113
2025-07-01,0.76,0.57,-0.084,0.103
2025-07-02,0.79,0.82,-0.104,0.125
2025-07-03,-0.29,1.51,-0.138,0.204
2025-07-04,1.00,0.14,-0.086,0.112
2025-07-05,0.23,0.99,-0.113,0.141
2025-07-06,0.63,0.32,-0.088,0.099
2025-07-07,0.67,0.47,-0.068,0.087
2025-07-08,0.27,1.08,-0.029,0.040
2025-07-09,-0.63,1.36,0.005,0.055
2025-07-10,-0.24,0.77,0.031,-0.048
2025-07-11,0.61,0.55,0.023,-0.037
2025-07-12,0.80,0.45,-0.007,-0.043
2025-07-13,0.73,0.55,0.000,-0.000
2025-07-14,0.31,0.90,0.009,-0.002
2025-07-15,0.04,1.07,0.002,0.016
2025-07-16,-0.36,1.12,0.028,-0.061
2025-07-17,0.63,0.51,0.012,-0.032
2025-07-18,0.60,0.52,-0.024,-0.004
2025-07-19,0.69,0.71,-0.009,-0.008
2025-07-20,0.38,0.68,-0.016,0.028
2025-07-21,0.50,0.76,-0.019,0.003
2025-07-22,-0.13,1.07,-0.026,0.033
2025-07-23,0.69,-0.58,-0.024,0.035
2025-07-24,-0.14,-0.73,-0.023,0.009
2025-07-25,-0.63,0.70,-0.036,0.052
2025-07-26,0.37,0.80,-0.052,0.067
2025-07-27,0.81,0.48,-0.083,0.096
2025-07-28,-0.13,0.90,-0.099,0.146
2025-07-29,0.87,-0.25,-0.092,0.112
2025-07-30,-0.41,0.89,-0.156,0.191
2025-07-31,0.72,0.35,-0.150,0.189
2025-08-01,-0.06,1.14,-0.168,0.182
2025-08-02,0.97,0.00,-0.128,0.127
2025-08-03,-0.67,0.99,-0.147,0.205
2025-08-04,-0.74,-0.53,-0.128,0.153
2025-08-05,-0.54,0.67,-0.125,0.148
2025-08-06,0.45,0.75,-0.116,0.150
2025-08-07,-0.22,1.25,-0.138,0.245
2025-08-08,0.33,0.96,-0.108,0.149
2025-08-09,1.08,0.17,-0.115,0.142
2025-08-10,-0.40,0.90,-0.135,0.203
2025-08-11,-0.90,0.73,-0.140,0.207
2025-08-12,0.70,-0.28,-0.137,0.155
2025-08-13,0.61,-0.05,-0.125,0.168
2025-08-14,0.19,0.72,-0.090,0.111
2025-08-15,0.95,-0.33,-0.062,0.098
2025-08-16,1.08,0.09,-0.071,0.083
2025-08-17,0.82,-0.74,-0.037,0.029
2025-08-18,1.65,0.67,-0.076,0.080
2025-08-19,0.87,1.78,-0.058,0.207
2025-08-20,-0.40,1.16,-0.070,0.161
2025-08-21,0.18,-1.01,-0.077,0.110
2025-08-22,0.85,-0.24,-0.088,0.069
2025-08-23,-0.37,1.02,-0.084,0.138
2025-08-24,0.40,0.59,-0.070,0.138
2025-08-25,0.71,-0.45,-0.085,0.051
2025-08-26,-0.96,0.70,-0.109,0.133
2025-08-27,-0.05,1.05,-0.100,0.171
2025-08-28,-1.43,0.49,-0.138,0.197
2025-08-29,-0.90,0.44,-0.155,0.222
2025-08-30,0.62,0.20,-0.152,0.193
2025-08-31,0.33,1.15,-0.071,0.160
2025-09-01,-0.26,1.05,-0.027,0.049
2025-09-02,0.41,0.52,0.019,-0.045
2025-09-03,0.44,0.58,0.009,-0.025
2025-09-04,0.31,0.95,0.033,-0.022
2025-09-05,-0.51,-0.58,0.055,-0.082
2025-09-06,-0.58,1.14,0.061,-0.101
2025-09-07,-0.59,0.94,0.059,-0.097
2025-09-08,1.03,-0.09,0.044,-0.140
2025-09-09,0.20,0.87,0.006,-0.019
2025-09-10,-0.06,1.09,0.007,0.042
2025-09-11,-0.75,0.90,-0.008,0.033
2025-09-12,-1.14,-0.28,-0.011,0.059
2025-09-13,-0.94,0.29,-0.028,0.046
2025-09-14,-0.87,0.41,0.005,0.030
2025-09-15,-1.07,-0.19,0.007,0.039
2025-09-16,-0.65,0.51,-0.014,0.021
2025-09-17,0.47,-1.05,-0.041,0.029
2025-09-18,0.20,0.88,-0.041,0.109
2025-09-19,0.33,0.70,-0.006,0.079
2025-09-20,0.29,1.01,0.002,0.063
2025-09-21,0.37,0.56,0.009,0.042
2025-09-22,0.80,0.36,-0.007,0.029
2025-09-23,-0.93,0.08,-0.014,0.058
2025-09-24,0.88,0.08,-0.030,0.035
2025-09-25,0.44,0.93,-0.022,0.067
2025-09-26,-0.69,2.00,-0.060,0.204
2025-09-27,-1.47,1.69,-0.085,0.203
2025-09-28,-0.50,1.88,-0.042,0.181
2025-09-29,-0.06,1.85,-0.060,0.219
2025-09-30,-0.43,1.33,-0.041,0.158
2025-10-01,0.31,1.00,-0.059,0.147
2025-10-02,0.73,0.27,-0.052,0.163
2025-10-03,0.62,0.05,-0.040,0.124
2025-10-04,-0.41,0.65,-0.021,0.082
2025-10-05,0.62,-0.18,-0.007,0.049
2025-10-06,0.53,-1.08,-0.016,0.043
2025-10-07,0.61,0.68,-0.009,0.002
2025-10-08,0.73,-0.16,-0.017,-0.002
2025-10-09,-0.12,0.98,-0.038,0.026
2025-10-10,0.70,0.73,-0.039,0.056
2025-10-11,0.57,1.33,-0.027,0.107
2025-10-12,-0.22,1.41,-0.033,0.172
2025-10-13,0.45,1.00,-0.038,0.147
2025-10-14,1.09,0.11,-0.045,0.103
2025-10-15,1.05,0.49,-0.067,0.126
2025-10-16,1.22,0.49,-0.055,0.106
2025-10-17,1.15,0.25,-0.080,0.089
2025-10-18,0.55,0.76,-0.058,0.096
2025-10-19,-0.75,0.63,-0.052,0.121
2025-10-20,0.50,-0.71,-0.030,0.068
2025-10-21,-1.26,0.04,-0.073,0.079
2025-10-22,-1.32,0.12,-0.081,0.140
2025-10-23,-1.29,-0.30,-0.108,0.196
2025-10-24,-1.28,-0.39,-0.182,0.263
2025-10-25,-1.68,-0.89,-0.229,0.295
2025-10-26,-1.99,-0.57,-0.251,0.287
2025-10-27,-2.21,0.31,-0.249,0.317
2025-10-28,-2.43,0.56,-0.272,0.363
2025-10-29,-2.92,3.74,-0.163,0.317
2025-10-30,0.82,1.69,-0.134,0.333
2025-10-31,0.17,0.89,0.006,0.185
2025-11-01,0.61,0.21,0.031,-0.114
2025-11-02,-0.92,0.86,-0.074,0.134
2025-11-03,0.78,-0.64,-0.035,0.053
2025-11-04,0.83,0.16,0.016,0.000
2025-11-05,0.65,-0.37,-0.010,0.031
2025-11-06,0.19,1.05,0.003,0.059
2025-11-07,-0.59,1.11,-0.004,0.135
2025-11-08,0.54,0.59,-0.025,0.102
2025-11-09,0.94,0.00,-0.015,0.106
2025-11-10,-1.13,1.74,-0.060,0.196
2025-11-11,0.85,-0.26,-0.025,0.109
2025-11-12,0.94,-0.03,-0.044,0.157
2025-11-13,0.89,-0.02,-0.021,0.037
2025-11-14,0.56,0.79,-0.049,0.118
2025-11-15,0.74,0.54,-0.025,0.087
2025-11-16,0.43,0.80,-0.040,0.107
2025-11-17,0.96,0.33,0.000,0.016
2025-11-18,0.72,-0.38,-0.041,0.043
2025-11-19,0.96,-0.13,-0.010,0.021
2025-11-20,0.79,-0.34,-0.044,0.043
2025-11-21,0.82,-0.35,-0.053,0.089
2025-11-22,0.80,-0.25,-0.051,0.113
2025-11-23,1.08,-0.06,-0.050,0.126
2025-11-24,0.94,0.50,-0.047,0.086
2025-11-25,0.81,0.73,-0.049,0.104
2025-11-26,0.89,0.39,-0.022,0.061
2025-11-27,0.24,1.12,-0.055,0.137
2025-11-28,0.88,0.06,-0.055,0.094
2025-11-29,0.39,0.80,-0.053,0.145
2025-11-30,0.96,-0.24,-0.039,0.095
2025-12-01,0.86,-0.23,-0.054,0.081
2025-12-02,0.98,-0.28,-0.049,0.106
2025-12-03,0.86,-0.48,-0.021,0.081
2025-12-04,0.80,0.25,-0.009,0.050
2025-12-05,0.34,0.69,0.015,-0.015
2025-12-06,0.32,0.88,-0.027,0.022
2025-12-07,0.91,0.42,-0.014,-0.005
2025-12-08,0.78,0.38,-0.049,0.075
2025-12-09,0.71,0.58,-0.012,0.039
2025-12-10,0.45,1.05,-0.050,0.099
2025-12-11,0.78,0.41,-0.007,0.092
2025-12-12,0.92,0.21,-0.024,0.091
2025-12-13,-0.91,1.34,-0.041,0.163
2025-12-14,0.81,0.51,-0.014,0.060
2025-12-15,0.89,0.11,-0.048,0.137
2025-12-16,-0.40,1.25,-0.017,0.122
2025-12-17,0.56,0.80,0.009,0.012
2025-12-18,0.88,0.43,0.000,0.021
2025-12-19,0.94,0.07,0.016,-0.024
2025-12-20,0.41,0.63,-0.003,0.003
2025-12-21,0.58,0.67,-0.016,0.010
2025-12-22,0.57,0.25,-0.002,0.009
2025-12-23,0.25,-0.69,-0.021,0.058
2025-12-24,0.38,-0.71,0.007,0.039
2025-12-25,-0.50,-0.83,-0.029,0.039
2025-12-26,0.90,-0.87,-0.010,0.056
2025-12-27,1.12,-0.24,-0.013,0.049
2025-12-28,1.31,-0.55,0.012,0.053
2025-12-29,1.31,-0.02,-0.002,0.069
2025-12-30,0.92,0.99,-0.011,0.040
2025-12-31,1.00,0.14,-0.044,0.072
2026-01-01,0.36,0.86,-0.032,0.121
2026-01-02,0.70,-0.34,0.000,0.063
2026-01-03,-0.31,1.17,-0.031,0.077
2026-01-04,-0.29,1.02,-0.054,0.141
2026-01-05,0.87,-0.43,-0.034,0.073
2026-01-06,0.77,-0.44,-0.024,0.089
2026-01-07,0.66,0.37,-0.037,0.051
2026-01-08,0.68,-0.78,-0.067,0.115
2026-01-09,0.77,-0.50,-0.072,0.141
2026-01-10,0.74,-0.69,-0.060,0.097
2026-01-11,0.56,0.79,-0.068,0.118
2026-01-12,1.16,-0.10,-0.090,0.169
2026-01-13,0.08,1.19,-0.084,0.148
2026-01-14,0.71,0.64,-0.050,0.068
2026-01-15,0.96,0.65,-0.062,0.105
2026-01-16,0.59,0.06,-0.057,0.127
2026-01-17,1.06,-0.52,-0.055,0.103
2026-01-18,-0.68,1.47,-0.031,0.055
2026-01-19,1.21,0.39,-0.062,0.084
2026-01-20,1.14,-0.02,-0.060,0.106
2026-01-21,0.80,0.28,-0.060,0.097
2026-01-22,1.07,0.57,-0.025,0.046
2026-01-23,0.43,0.97,-0.074,0.089
2026-01-24,0.76,0.62,-0.071,0.115
2026-01-25,0.69,0.65,-0.067,0.084
2026-01-26,1.04,0.42,-0.053,0.082
2026-01-27,1.09,0.04,-0.058,0.067
2026-01-28,1.05,0.40,-0.051,0.086
2026-01-29,0.56,0.97,-0.008,0.045
2026-01-30,0.16,1.33,-0.020,0.055
2026-01-31,0.61,1.58,-0.012,0.076
2026-02-01,1.61,-1.17,0.020,-0.044
2026-02-02,-1.52,-1.32,0.014,-0.120
2026-02-03,-0.94,-0.71,0.041,-0.052
2026-02-04,0.17,-0.98,0.088,-0.118
2026-02-05,0.79,1.17,0.013,-0.034
2026-02-06,1.81,-0.70,-0.030,0.033
2026-02-07,1.34,-1.08,0.033,-0.017
2026-02-08,0.03,-1.49,0.005,-0.028
2026-02-09,1.02,-0.79,-0.021,0.043
2026-02-10,-0.37,-1.20,-0.041,0.070
2026-02-11,0.96,-1.32,-0.052,0.091
2026-02-12,1.44,0.70,-0.047,0.062
2026-02-13,1.18,-0.15,-0.087,0.171
2026-02-14,0.20,-0.94,-0.071,0.166
2026-02-15,0.79,-0.82,-0.071,0.079
2026-02-16,0.87,1.08,-0.075,0.080
2026-02-17,1.25,-0.13,-0.036,0.081
2026-02-18,1.34,-0.14,-0.065,0.115
2026-02-19,1.00,0.87,-0.062,0.073
2026-02-20,-0.70,1.44,-0.094,0.144
2026-02-21,-0.00,1.30,-0.103,0.200
2026-02-22,1.02,0.72,-0.074,0.134
2026-02-23,1.30,-0.28,-0.077,0.103
2026-02-24,0.32,-0.93,-0.050,0.053
2026-02-25,-0.02,0.93,-0.059,0.058
2026-02-26,-0.65,1.79,-0.024,0.035
2026-02-27,0.07,1.37,-0.038,0.056
2026-02-28,-0.18,1.50,-0.080,0.219
2026-03-01,0.78,0.49,-0.061,0.100
2026-03-02,1.13,0.60,-0.054,0.089
2026-03-03,0.66,0.58,-0.074,0.112
2026-03-04,1.22,0.09,-0.052,0.108
2026-03-05,1.25,0.48,-0.059,0.093
2026-03-06,1.09,0.27,-0.052,0.126
2026-03-07,1.33,0.36,-0.052,0.102
2026-03-08,-1.02,0.72,-0.074,0.118
2026-03-09,0.79,0.40,-0.071,0.104
2026-03-10,0.96,-0.58,-0.077,0.090
2026-03-11,1.04,0.04,-0.060,0.080
2026-03-12,0.42,1.04,-0.056,0.075
2026-03-13,0.54,0.83,-0.053,0.058
2026-03-14,0.37,0.92,-0.024,0.042
2026-03-15,0.50,1.13,0.000,-0.028
2026-03-16,-1.39,1.78,-0.039,0.018
2026-03-17,-2.07,2.30,-0.104,0.160
2026-03-18,-0.49,1.70,-0.074,0.111
2026-03-19,-0.20,2.31,-0.073,0.182
2026-03-20,0.57,1.98,-0.017,0.129
2026-03-21,1.81,0.73,0.026,0.043
2026-03-22,-0.07,-0.86,0.001,0.043
2026-03-23,1.09,-1.02,0.049,-0.018
2026-03-24,1.33,-0.41,0.006,0.004
2026-03-25,1.31,-0.14,-0.035,0.097
2026-03-26,1.31,-0.35,-0.007,0.027
2026-03-27,0.91,0.79,-0.010,0.028
2026-03-28,0.80,-0.13,-0.014,0.047
2026-03-29,-0.29,-0.75,-0.037,0.071
2026-03-30,0.25,-0.95,-0.010,0.047
2026-03-31,0.21,-1.10,-0.048,0.092
2026-04-01,0.80,-0.72,-0.062,0.114
2026-04-02,-0.67,-0.86,-0.108,0.147
2026-04-03,0.55,-0.68,-0.097,0.163
2026-04-04,0.93,0.63,-0.090,0.119
2026-04-05,-1.43,0.93,-0.089,0.161
2026-04-06,-0.76,1.05,-0.085,0.162
2026-04-07,-0.49,1.28,-0.061,0.144
2026-04-08,0.40,1.24,-0.018,0.096
2026-04-09,0.86,-0.07,-0.002,0.042
2026-04-10,0.89,-0.67,-0.030,-0.007
2026-04-11,0.50,-1.02,-0.030,-0.022
2026-04-12,0.37,-1.07,-0.023,0.048
2026-04-13,-0.37,-1.08,-0.039,0.053
2026-04-14,-0.15,-1.09,0.022,0.018
2026-04-15,0.90,-0.70,0.008,-0.013
2026-04-16,0.68,0.49,-0.048,0.060
2026-04-17,-0.46,1.10,-0.052,0.138
2026-04-18,0.94,-0.16,-0.076,0.108
2026-04-19,0.87,0.12,-0.091,0.137
2026-04-20,0.58,0.74,-0.051,0.133
2026-04-21,1.06,0.17,-0.043,0.104
2026-04-22,1.00,-0.58,-0.085,0.089
2026-04-23,1.21,-0.08,-0.058,0.089
2026-04-24,1.12,1.24,-0.082,0.112
2026-04-25,1.15,0.87,-0.080,0.122
2026-04-26,1.18,0.99,-0.040,0.103
2026-04-27,1.19,0.00,0.009,-0.025
2026-04-28,-0.02,-1.19,-0.005,-0.041
2026-04-29,0.86,-0.83,0.008,-0.090
2026-04-30,1.16,-0.40,-0.000,-0.129
2026-05-01,0.99,0.07,0.014,-0.070
2026-05-02,0.04,1.25,-0.019,-0.006
2026-05-03,0.53,0.93,-0.004,0.020
2026-05-04,0.33,1.72,-0.027,0.058
2026-05-05,1.00,0.78,-0.034,0.058
2026-05-06,0.08,1.53,-0.039,0.113
2026-05-07,1.02,0.43,-0.011,0.047
2026-05-08,1.09,0.46,-0.050,0.094
2026-05-09,-0.28,1.96,-0.057,0.144
2026-05-10,0.09,1.75,-0.035,0.134
2026-05-11,0.16,1.16,-0.074,0.178
2026-05-12,0.11,1.52,-0.077,0.228
2026-05-13,0.07,2.01,-0.069,0.194
2026-05-14,-0.36,1.57,-0.050,0.179
2026-05-15,0.08,1.54,-0.045,0.148
2026-05-16,0.02,1.23,-0.040,0.120
2026-05-17,-0.61,1.20,-0.061,0.172
2026-05-18,0.60,0.77,-0.064,0.154
2026-05-19,-0.11,1.08,-0.105,0.221
2026-05-20,-0.31,1.14,-0.076,0.101
2026-05-21,-0.57,1.11,-0.057,0.169
2026-05-22,0.56,0.60,-0.028,0.112
2026-05-23,0.38,0.68,-0.069,0.099
2026-05-24,0.85,-0.07,-0.022,0.050
2026-05-25,0.46,-0.40,-0.002,0.033
2026-05-26,-0.72,0.57,-0.039,0.103
2026-05-27,-0.64,0.99,-0.078,0.185
2026-05-28,0.31,0.81,-0.095,0.212
2026-05-29,0.62,0.92,-0.065,0.145
2026-05-30,0.46,1.19,-0.048,0.139
2026-05-31,0.65,1.03,-0.013,0.077
2026-06-01,0.16,1.15,-0.034,-0.009
2026-06-02,-0.61,2.14,-0.042,0.085
2026-06-03,0.76,0.79,-0.045,0.122
2026-06-04,-0.04,2.05,-0.064,0.115
2026-06-05,-0.12,1.65,-0.029,0.095
2026-06-06,-0.54,1.01,-0.024,0.098
2026-06-07,-0.15,0.98,-0.010,0.030
2026-06-08,-0.70,1.50,-0.017,0.102
2026-06-09,0.50,0.55,0.003,0.054
2026-06-10,0.60,0.67,-0.015,0.013
2026-06-11,0.30,0.78,-0.019,0.037
2026-06-12,-0.35,1.31,-0.012,0.048
2026-06-13,-0.33,1.54,-0.034,0.117
2026-06-14,1.10,0.23,-0.006,0.095
2026-06-15,-0.28,1.62,-0.044,0.093
2026-06-16,0.08,1.59,-0.052,0.149
2026-06-17,0.14,1.35,-0.059,0.139
2026-06-18,0.51,1.27,-0.080,0.119
2026-06-19,0.48,1.09,-0.076,0.108
2026-06-20,-0.52,1.34,-0.077,0.129
2026-06-21,1.10,0.27,-0.086,0.044
2026-06-22,-0.71,1.39,-0.105,0.183
2026-06-23,0.85,0.26,-0.060,0.081
2026-06-24,0.55,0.66,-0.094,0.115
2026-06-25,-0.72,1.48,-0.086,0.106
2026-06-26,0.62,0.56,-0.033,0.090
2026-06-27,0.64,0.40,-0.051,0.017
2026-06-28,0.39,1.27,-0.051,0.149
2026-06-29,0.80,0.65,-0.054,0.040
2026-06-30,0.88,0.77,-0.073,0.100
2026-07-01,0.02,0.88,-0.041,0.047
2026-07-02,-1.00,0.68,-0.063,0.137
2026-07-03,0.59,0.41,-0.044,0.084
2026-07-04,0.69,0.91,-0.063,0.076
2026-07-05,0.85,0.43,-0.048,0.080
2026-07-06,0.74,0.36,-0.027,0.045
2026-07-07,0.90,0.26,-0.029,0.053
2026-07-08,-0.87,-0.15,-0.039,0.074
2026-07-09,-0.98,1.17,-0.042,0.086
2026-07-10,-0.17,0.74,-0.059,0.148
2026-07-11,0.53,-0.14,-0.046,0.091
2026-07-12,0.27,1.37,-0.083,0.123
2026-07-13,0.80,0.86,-0.064,0.082
2026-07-14,0.81,0.38,-0.052,0.072
2026-07-15,0.71,0.54,-0.045,0.032
2026-07-16,0.69,0.69,-0.037,-0.002
2026-07-17,0.83,0.33,-0.049,0.077
2026-07-18,0.67,0.82,-0.036,0.018
2026-07-19,1.33,0.14,-0.036,-0.006
2026-07-20,1.20,0.61,0.004,-0.047
2026-07-21,1.10,0.49,0.020,-0.080
2026-07-22,0.52,0.87,-0.012,-0.026
2026-07-23,-0.26,1.65,-0.033,0.043
2026-07-24,0.40,1.23,-0.030,0.126
2026-07-25,1.05,0.40,-0.024,0.034
2026-07-26,0.87,0.48,-0.042,0.033
2026-07-27,0.94,0.68,-0.014,-0.003
2026-07-28,0.39,1.46,0.005,0.009
2026-07-29,0.10,1.46,0.021,-0.032
2026-07-30,-0.50,1.53,0.033,0.003
2026-07-31,0.90,0.48,0.010,-0.019
2026-08-01,0.12,1.69,-0.047,0.017
2026-08-02,-0.60,1.30,-0.059,0.086
2026-08-03,0.46,0.93,-0.052,0.102
2026-08-04,0.85,0.47,-0.013,0.050
2026-08-05,0.66,0.76,-0.007,0.003
2026-08-06,-0.36,1.46,-0.016,0.055
2026-08-07,1.00,0.05,0.029,-0.072
2026-08-08,0.38,0.98,0.014,-0.111
2026-08-09,0.76,0.44,0.025,-0.127
2026-08-10,0.15,0.76,0.002,-0.112
2026-08-11,0.81,0.36,0.000,-0.104
2026-08-12,-0.12,0.94,-0.012,-0.045
2026-08-13,-0.40,1.51,0.000,-0.042
2026-08-14,-0.91,1.17,-0.006,0.053
2026-08-15,0.62,0.34,0.042,-0.044
2026-08-16,-1.47,0.95,0.009,0.035
2026-08-17,1.20,-0.02,0.012,-0.063
2026-08-18,0.98,0.91,-0.031,-0.007
2026-08-19,0.62,0.88,0.009,-0.072
2026-08-20,-0.21,1.20,0.022,-0.073
2026-08-21,0.77,0.46,0.034,-0.105
2026-08-22,1.09,0.17,0.038,-0.170
2026-08-23,0.11,1.25,0.056,-0.128
2026-08-24,0.02,1.05,0.037,-0.078
2026-08-25,0.53,0.79,0.047,-0.085
2026-08-26,0.76,0.08,0.101,-0.132
2026-08-27,1.13,0.14,0.116,-0.182
2026-08-28,0.56,0.93,0.102,-0.187
2026-08-29,0.86,0.35,0.117,-0.221
2026-08-30,0.91,0.46,0.149,-0.220
2026-08-31,0.32,1.38,0.116,-0.130
2026-09-01,-0.06,1.24,0.095,-0.087
2026-09-02,-0.12,1.42,0.114,-0.086
2026-09-03,0.71,-0.43,0.097,-0.141
2026-09-04,0.80,0.04,0.069,-0.139
2026-09-05,0.76,0.88,0.071,-0.086
2026-09-06,0.06,0.89,0.037,-0.059
2026-09-07,-0.05,1.38,0.050,-0.008
2026-09-08,-0.59,1.07,0.045,-0.013
2026-09-09,0.96,0.10,0.044,-0.060
2026-09-10,0.80,0.07,0.028,-0.080
2026-09-11,-0.82,1.17,-0.022,0.006
2026-09-12,0.48,0.03,-0.024,0.023
2026-09-13,0.86,0.12,-0.057,0.055
2026-09-14,0.41,0.84,-0.039,0.029
2026-09-15,0.99,0.27,-0.044,0.051
2026-09-16,0.71,0.16,-0.064,0.088
2026-09-17,0.75,0.32,-0.033,0.059
2026-09-18,-1.37,1.52,-0.059,0.131
2026-09-19,0.38,1.12,-0.005,0.057
2026-09-20,-0.42,1.23,-0.026,0.121
2026-09-21,0.21,1.10,-0.021,0.094
2026-09-22,0.60,0.33,-0.027,0.085
2026-09-23,0.45,0.69,-0.030,0.081
2026-09-24,0.17,1.38,-0.062,0.143
2026-09-25,0.56,0.89,-0.029,0.091
