date,wind_u,wind_v,cur_u,cur_v
2016-01-01,-8.26,-0.87,,
2016-01-02,-7.20,0.88,,
2016-01-03,-6.95,1.23,,
2016-01-04,-6.89,2.92,,
2016-01-05,-4.06,1.89,,
2016-01-06,-6.01,2.07,,
2016-01-07,-6.47,3.59,,
2016-01-08,-3.67,2.76,,
2016-01-09,-1.94,0.41,,
2016-01-10,-2.70,-1.32,,
2016-01-11,-3.75,-3.38,,
2016-01-12,-4.25,-2.17,,
2016-01-13,-5.94,-1.93,,
2016-01-14,-5.59,-1.71,,
2016-01-15,-6.64,-0.00,,
2016-01-16,-6.35,1.12,,
2016-01-17,-5.10,1.37,,
2016-01-18,-4.55,0.72,,
2016-01-19,-3.75,0.26,,
2016-01-20,-4.58,-0.00,,
2016-01-21,-4.99,0.35,,
2016-01-22,-5.49,1.07,,
2016-01-23,-5.70,5.50,,
2016-01-24,-5.24,6.47,,
2016-01-25,-5.06,1.74,,
2016-01-26,-7.81,-1.52,,
2016-01-27,-9.06,1.76,,
2016-01-28,-8.61,1.06,,
2016-01-29,-5.54,3.07,,
2016-01-30,-5.85,1.03,,
2016-01-31,-6.68,-0.94,,
2016-02-01,-6.18,1.20,,
2016-02-02,-3.58,0.19,,
2016-02-03,-1.49,-3.88,,
2016-02-04,-2.49,-7.23,,
2016-02-05,0.13,2.43,,
2016-02-06,-2.53,4.57,,
2016-02-07,-5.95,3.86,,
2016-02-08,-4.12,3.11,,
2016-02-09,-5.58,2.14,,
2016-02-10,-6.94,2.26,,
2016-02-11,-6.48,1.03,,
2016-02-12,-6.63,-1.65,,
2016-02-13,-6.28,0.99,,
2016-02-14,-5.07,0.62,,
2016-02-15,-7.42,1.71,,
2016-02-16,-9.28,0.81,,
2016-02-17,-7.45,2.00,,
2016-02-18,-6.35,1.82,,
2016-02-19,-2.35,1.65,,
2016-02-20,-4.03,-7.58,,
2016-02-21,-3.59,-4.94,,
2016-02-22,-3.15,2.38,,
2016-02-23,-5.44,2.09,,
2016-02-24,-7.85,1.10,,
2016-02-25,-8.20,0.29,,
2016-02-26,-7.18,-0.00,,
2016-02-27,-5.58,0.59,,
2016-02-28,-4.80,0.93,,
2016-02-29,-5.39,-1.75,,
2016-03-01,-6.79,-2.34,,
2016-03-02,-7.62,-2.62,,
2016-03-03,-6.85,-2.09,,
2016-03-04,-7.84,-0.00,,
2016-03-05,-5.16,1.19,,
2016-03-06,-4.58,0.97,,
2016-03-07,-1.35,-3.04,,
2016-03-08,-4.18,-7.86,,
2016-03-09,-6.78,-7.53,,
2016-03-10,-6.84,-6.16,,
2016-03-11,-8.03,-5.41,,
2016-03-12,-9.50,-4.84,,
2016-03-13,-8.81,-2.69,,
2016-03-14,-8.00,-2.14,,
2016-03-15,-6.67,-0.47,,
2016-03-16,-4.97,-0.61,,
2016-03-17,-4.23,-1.54,,
2016-03-18,-5.73,-0.70,,
2016-03-19,-6.30,1.34,,
2016-03-20,-6.33,1.82,,
2016-03-21,-6.22,4.04,,
2016-03-22,-6.25,1.22,,
2016-03-23,-8.46,-1.19,,
2016-03-24,-8.58,-0.75,,
2016-03-25,-9.77,-0.68,,
2016-03-26,-10.28,-1.08,,
2016-03-27,-10.10,-1.06,,
2016-03-28,-8.83,-0.62,,
2016-03-29,-8.35,0.58,,
2016-03-30,-8.33,1.62,,
2016-03-31,-9.56,1.00,,
2016-04-01,-7.30,0.90,,
2016-04-02,-7.47,0.39,,
2016-04-03,-6.30,0.44,,
2016-04-04,-5.97,0.10,,
2016-04-05,-4.32,1.24,,
2016-04-06,-2.65,0.37,,
2016-04-07,-5.64,0.39,,
2016-04-08,-5.21,1.30,,
2016-04-09,-7.01,-0.24,,
2016-04-10,-6.97,-0.98,,
2016-04-11,-6.62,-0.46,,
2016-04-12,-4.67,1.16,,
2016-04-13,-1.70,1.38,,
2016-04-14,0.96,-3.13,,
2016-04-15,-0.20,-1.66,,
2016-04-16,-1.83,-1.28,,
2016-04-17,-2.27,0.48,,
2016-04-18,-2.25,-0.60,,
2016-04-19,-2.45,-1.78,,
2016-04-20,-4.45,-4.45,,
2016-04-21,-5.06,-4.40,,
2016-04-22,-7.35,-2.39,,
2016-04-23,-7.02,0.86,,
2016-04-24,-3.40,5.44,,
2016-04-25,1.14,2.25,,
2016-04-26,-4.19,-0.89,,
2016-04-27,-5.72,1.86,,
2016-04-28,-4.66,3.03,,
2016-04-29,-3.03,2.12,,
2016-04-30,-4.11,3.57,,
2016-05-01,-4.20,1.78,,
2016-05-02,-4.80,0.34,,
2016-05-03,-5.47,0.96,,
2016-05-04,-5.84,1.03,,
2016-05-05,-5.95,3.03,,
2016-05-06,-5.68,4.60,,
2016-05-07,-5.58,5.98,,
2016-05-08,-3.63,3.27,,
2016-05-09,-6.98,0.12,,
2016-05-10,-7.93,-0.69,,
2016-05-11,-7.17,-0.25,,
2016-05-12,-7.06,-0.87,,
2016-05-13,-6.77,-0.00,,
2016-05-14,-7.04,0.49,,
2016-05-15,-7.56,1.20,,
2016-05-16,-8.10,-0.57,,
2016-05-17,-8.22,-0.72,,
2016-05-18,-8.28,-0.14,,
2016-05-19,-8.15,0.28,,
2016-05-20,-7.29,0.77,,
2016-05-21,-7.12,0.62,,
2016-05-22,-6.72,2.06,,
2016-05-23,-6.14,3.55,,
2016-05-24,-6.22,2.51,,
2016-05-25,-6.74,-0.12,,
2016-05-26,-6.26,-0.88,,
2016-05-27,-6.30,2.54,,
2016-05-28,-6.49,1.50,,
2016-05-29,-5.95,0.31,,
2016-05-30,-5.90,1.47,,
2016-05-31,-7.73,2.36,,
2016-06-01,-8.27,1.16,,
2016-06-02,-7.61,0.67,,
2016-06-03,-7.20,0.63,,
2016-06-04,-7.04,-0.00,,
2016-06-05,-6.02,2.07,,
2016-06-06,-7.11,0.12,,
2016-06-07,-7.01,1.24,,
2016-06-08,-5.80,3.49,,
2016-06-09,-6.36,1.70,,
2016-06-10,-5.85,0.61,,
2016-06-11,-5.19,0.45,,
2016-06-12,-4.86,1.87,,
2016-06-13,-5.77,3.47,,
2016-06-14,-5.61,3.11,,
2016-06-15,-5.60,0.69,,
2016-06-16,-5.83,-1.45,,
2016-06-17,-5.78,-0.61,,
2016-06-18,-6.48,1.03,,
2016-06-19,-7.86,0.55,,
2016-06-20,-8.20,1.59,,
2016-06-21,-8.38,-1.03,,
2016-06-22,-8.75,0.77,,
2016-06-23,-7.25,-0.63,,
2016-06-24,-6.55,-0.23,,
2016-06-25,-6.83,-1.83,,
2016-06-26,-5.80,-0.92,,
2016-06-27,-6.05,-0.00,,
2016-06-28,-6.45,1.02,,
2016-06-29,-7.14,2.05,,
2016-06-30,-7.29,0.64,,
2016-07-01,-9.12,-1.12,,
2016-07-02,-8.03,0.56,,
2016-07-03,-7.94,-0.97,,
2016-07-04,-9.00,-1.75,,
2016-07-05,-8.68,-0.30,,
2016-07-06,-7.35,-1.56,,
2016-07-07,-6.78,-1.82,,
2016-07-08,-6.65,-1.05,,
2016-07-09,-7.47,1.05,,
2016-07-10,-8.17,0.14,,
2016-07-11,-6.87,-1.46,,
2016-07-12,-6.94,-2.53,,
2016-07-13,-6.73,-1.07,,
2016-07-14,-6.70,-0.70,,
2016-07-15,-6.84,-1.71,,
2016-07-16,-7.53,-1.19,,
2016-07-17,-7.08,-1.90,,
2016-07-18,-7.38,-1.84,,
2016-07-19,-7.67,0.54,,
2016-07-20,-8.47,0.30,,
2016-07-21,-7.94,0.42,,
2016-07-22,-5.99,-1.72,,
2016-07-23,-7.75,-2.22,,
2016-07-24,-8.02,-0.00,,
2016-07-25,-7.29,-1.68,,
2016-07-26,-7.65,-0.80,,
2016-07-27,-6.37,-0.56,,
2016-07-28,-4.66,-1.34,,
2016-07-29,-7.15,-0.00,,
2016-07-30,-9.23,-3.00,,
2016-07-31,-12.07,-1.06,,
2016-08-01,-9.75,-0.17,,
2016-08-02,-6.56,-1.04,,
2016-08-03,-6.61,-0.46,,
2016-08-04,-7.86,-2.25,,
2016-08-05,-8.41,-2.10,,
2016-08-06,-7.71,-0.54,,
2016-08-07,-5.58,1.60,,
2016-08-08,-5.68,-0.10,,
2016-08-09,-6.51,-1.62,,
2016-08-10,-6.93,-0.12,,
2016-08-11,-6.94,-1.47,,
2016-08-12,-6.08,-1.63,,
2016-08-13,-5.85,0.82,,
2016-08-14,-6.16,0.54,,
2016-08-15,-7.12,-0.75,,
2016-08-16,-6.78,-1.57,,
2016-08-17,-6.43,-1.96,,
2016-08-18,-6.38,0.11,,
2016-08-19,-5.71,-1.64,,
2016-08-20,-4.37,-2.42,,
2016-08-21,-4.30,-1.82,,
2016-08-22,-5.00,0.26,,
2016-08-23,-4.98,-2.54,,
2016-08-24,-9.52,2.55,,
2016-08-25,-6.91,3.52,,
2016-08-26,-5.06,2.58,,
2016-08-27,-3.46,-0.49,,
2016-08-28,-3.30,0.40,,
2016-08-29,-4.62,2.67,,
2016-08-30,-6.11,-0.43,,
2016-08-31,-7.72,-1.22,,
2016-09-01,-7.78,-2.08,,
2016-09-02,-7.52,0.53,,
2016-09-03,-7.30,-3.25,,
2016-09-04,-8.23,-3.84,,
2016-09-05,-8.99,-2.41,,
2016-09-06,-7.34,0.26,,
2016-09-07,-5.99,-0.74,,
2016-09-08,-5.95,0.21,,
2016-09-09,-6.53,0.57,,
2016-09-10,-6.13,2.11,,
2016-09-11,-6.00,-1.61,,
2016-09-12,-5.69,-2.07,,
2016-09-13,-4.78,-1.74,,
2016-09-14,-4.13,-1.67,,
2016-09-15,-4.27,-1.90,,
2016-09-16,-4.06,-2.25,,
2016-09-17,-4.58,-1.14,,
2016-09-18,-4.29,2.18,,
2016-09-19,-4.96,0.96,,
2016-09-20,-4.86,-1.67,,
2016-09-21,-2.77,-3.68,,
2016-09-22,0.04,-2.06,,
2016-09-23,-0.98,3.40,,
2016-09-24,-3.73,2.07,,
2016-09-25,-3.92,-1.58,,
2016-09-26,-4.51,-1.38,,
2016-09-27,-6.78,0.36,,
2016-09-28,-9.54,-2.03,,
2016-09-29,-11.33,-1.59,,
2016-09-30,-8.65,-2.32,,
2016-10-01,-8.58,-0.45,,
2016-10-02,-5.81,0.92,,
2016-10-03,-4.41,3.32,,
2016-10-04,-3.55,3.68,,
2016-10-05,-4.94,2.74,,
2016-10-06,-6.07,1.40,,
2016-10-07,-6.77,-0.12,,
2016-10-08,-3.59,2.70,,
2016-10-09,0.29,5.60,,
2016-10-10,0.92,5.20,,
2016-10-11,-0.91,4.66,,
2016-10-12,-2.72,3.48,,
2016-10-13,-3.99,1.53,,
2016-10-14,-4.29,0.60,,
2016-10-15,-4.25,-1.55,,
2016-10-16,-2.63,-0.61,,
2016-10-17,-2.11,3.01,,
2016-10-18,-0.68,5.57,,
2016-10-19,-0.35,6.63,,
2016-10-20,-4.48,4.64,,
2016-10-21,-5.26,2.68,,
2016-10-22,-4.51,1.21,,
2016-10-23,-4.35,1.50,,
2016-10-24,-4.19,-0.89,,
2016-10-25,-5.11,-0.72,,
2016-10-26,-4.43,-1.88,,
2016-10-27,-4.75,0.08,,
2016-10-28,-4.56,0.40,,
2016-10-29,-1.92,1.45,,
2016-10-30,-0.97,2.27,,
2016-10-31,-0.15,1.74,,
2016-11-01,-0.30,2.84,,
2016-11-02,-3.92,-3.29,,
2016-11-03,-5.55,-2.13,,
2016-11-04,-6.09,1.07,,
2016-11-05,-2.73,4.55,,
2016-11-06,-3.17,3.52,,
2016-11-07,-1.14,2.98,,
2016-11-08,-3.00,-0.48,,
2016-11-09,-4.31,-2.39,,
2016-11-10,-5.09,1.56,,
2016-11-11,-3.84,1.47,,
2016-11-12,-5.84,-0.10,,
2016-11-13,-5.90,-0.00,,
2016-11-14,-5.30,-0.00,,
2016-11-15,-5.67,-0.30,,
2016-11-16,-6.42,-0.00,,
2016-11-17,-5.52,1.28,,
2016-11-18,-3.66,2.47,,
2016-11-19,-3.27,-1.53,,
2016-11-20,-2.88,-0.94,,
2016-11-21,-2.96,0.68,,
2016-11-22,-4.69,0.16,,
2016-11-23,-7.15,-2.32,,
2016-11-24,-8.55,-2.78,,
2016-11-25,-7.83,-2.10,,
2016-11-26,-8.25,-1.60,,
2016-11-27,-6.21,0.33,,
2016-11-28,-3.72,3.86,,
2016-11-29,-0.56,-2.42,,
2016-11-30,-5.03,-0.98,,
2016-12-01,-5.10,2.16,,
2016-12-02,-4.10,1.66,,
2016-12-03,-4.99,2.22,,
2016-12-04,-2.98,1.33,,
2016-12-05,-3.95,-2.01,,
2016-12-06,-6.80,-1.95,,
2016-12-07,-7.05,-3.44,,
2016-12-08,-6.46,-3.29,,
2016-12-09,-6.62,-1.65,,
2016-12-10,-6.81,-0.96,,
2016-12-11,-9.31,-2.50,,
2016-12-12,-10.85,-3.32,,
2016-12-13,-9.98,-1.22,,
2016-12-14,-8.47,-0.74,,
2016-12-15,-6.08,0.75,,
2016-12-16,-6.49,-1.26,,
2016-12-17,-9.01,-2.08,,
2016-12-18,-10.38,-3.17,,
2016-12-19,-10.52,-3.83,,
2016-12-20,-9.53,-3.47,,
2016-12-21,-8.68,-2.00,,
2016-12-22,-7.84,-3.01,,
2016-12-23,-7.59,-2.18,,
2016-12-24,-9.34,-2.50,,
2016-12-25,-9.28,-3.75,,
2016-12-26,-8.61,-6.25,,
2016-12-27,-9.33,-3.58,,
2016-12-28,-8.95,-0.47,,
2016-12-29,-7.71,0.81,,
2016-12-30,-6.71,0.23,,
2016-12-31,-6.38,-1.24,,
2017-01-01,-9.45,-2.18,,
2017-01-02,-9.39,-2.87,,
2017-01-03,-7.81,-2.39,,
2017-01-04,-6.65,1.53,,
2017-01-05,-6.53,2.64,,
2017-01-06,-8.14,0.28,,
2017-01-07,-9.57,-0.50,,
2017-01-08,-6.16,0.87,,
2017-01-09,-5.49,-0.10,,
2017-01-10,-4.94,-3.73,,
2017-01-11,-5.84,-7.47,,
2017-01-12,-5.19,-8.98,,
2017-01-13,-5.39,-9.34,,
2017-01-14,-8.71,-7.31,,
2017-01-15,-8.88,-4.72,,
2017-01-16,-8.65,-4.41,,
2017-01-17,-8.74,-4.26,,
2017-01-18,-7.03,-4.22,,
2017-01-19,-2.71,-1.32,,
2017-01-20,0.83,-1.38,,
2017-01-21,0.77,-3.32,,
2017-01-22,-2.13,-2.45,,
2017-01-23,-3.09,2.88,,
2017-01-24,-0.34,6.56,,
2017-01-25,5.16,-0.18,,
2017-01-26,-4.55,-4.39,,
2017-01-27,-6.22,-1.44,,
2017-01-28,-6.07,1.63,,
2017-01-29,-8.16,1.59,,
2017-01-30,-6.93,0.97,,
2017-01-31,-7.00,-0.12,,
2017-02-01,-8.64,-0.30,,
2017-02-02,-7.84,1.24,,
2017-02-03,-7.09,0.12,,
2017-02-04,-7.13,-0.62,,
2017-02-05,-7.95,-2.43,,
2017-02-06,-8.15,-0.00,,
2017-02-07,-9.82,0.51,,
2017-02-08,-9.35,2.16,,
2017-02-09,-7.08,2.58,,
2017-02-10,-6.27,-0.00,,
2017-02-11,-6.79,-2.74,,
2017-02-12,-5.02,-1.73,,
2017-02-13,-2.68,-0.72,,
2017-02-14,-0.84,-2.74,,
2017-02-15,-3.25,-0.87,,
2017-02-16,-3.54,3.08,,
2017-02-17,-2.89,1.60,,
2017-02-18,-2.17,-1.30,,
2017-02-19,-3.84,-2.04,,
2017-02-20,-1.42,3.71,,
2017-02-21,6.60,-3.81,,
2017-02-22,-1.39,-6.02,,
2017-02-23,-6.98,-1.36,,
2017-02-24,-2.97,3.67,,
2017-02-25,-4.30,2.19,,
2017-02-26,-6.06,-0.42,,
2017-02-27,-8.38,-2.56,,
2017-02-28,-9.86,-3.01,,
2017-03-01,-10.71,-2.47,,
2017-03-02,-10.09,-1.24,,
2017-03-03,-9.96,-1.05,,
2017-03-04,-9.13,-0.64,,
2017-03-05,-7.57,-3.86,,
2017-03-06,-8.20,-6.41,,
2017-03-07,-10.83,-8.16,,
2017-03-08,-10.17,-6.35,,
2017-03-09,-11.12,-2.77,,
2017-03-10,-9.30,0.32,,
2017-03-11,-6.68,1.54,,
2017-03-12,-6.58,0.58,,
2017-03-13,-7.64,-0.13,,
2017-03-14,-8.46,-0.74,,
2017-03-15,-7.02,0.99,,
2017-03-16,-8.57,2.14,,
2017-03-17,-7.71,-0.81,,
2017-03-18,-8.78,-2.19,,
2017-03-19,-7.14,0.50,,
2017-03-20,-4.10,2.18,,
2017-03-21,-4.73,0.92,,
2017-03-22,-6.63,2.41,,
2017-03-23,-5.63,3.80,,
2017-03-24,-2.62,3.60,,
2017-03-25,-6.46,4.87,,
2017-03-26,-3.53,5.44,,
2017-03-27,-1.21,4.22,,
2017-03-28,1.12,3.91,,
2017-03-29,2.48,-2.75,,
2017-03-30,-3.33,-4.76,,
2017-03-31,-4.90,-2.50,,
2017-04-01,-4.89,1.04,,
2017-04-02,-3.59,1.16,,
2017-04-03,-4.46,-2.47,,
2017-04-04,-7.35,-2.39,,
2017-04-05,-7.92,-1.25,,
2017-04-06,-8.42,-0.74,,
2017-04-07,-7.58,-0.93,,
2017-04-08,-6.10,1.64,,
2017-04-09,-5.83,0.82,,
2017-04-10,-6.35,2.57,,
2017-04-11,-5.48,3.04,,
2017-04-12,-3.38,1.95,,
2017-04-13,-1.91,0.55,,
2017-04-14,-0.48,-1.56,,
2017-04-15,0.60,-2.40,,
2017-04-16,-6.31,-2.30,,
2017-04-17,-10.03,-2.87,,
2017-04-18,-9.03,-2.59,,
2017-04-19,-7.53,-2.89,,
2017-04-20,-6.33,-2.18,,
2017-04-21,-6.42,-2.21,,
2017-04-22,-6.51,-1.03,,
2017-04-23,-8.21,0.86,,
2017-04-24,-8.97,2.74,,
2017-04-25,-7.38,3.44,,
2017-04-26,-7.20,1.93,,
2017-04-27,-7.61,-0.67,,
2017-04-28,-9.13,-0.64,,
2017-04-29,-8.67,-1.07,,
2017-04-30,-9.30,-2.15,,
2017-05-01,-9.23,-0.48,,
2017-05-02,-9.13,-1.77,,
2017-05-03,-7.65,-0.40,,
2017-05-04,-7.38,0.65,,
2017-05-05,-7.71,0.67,,
2017-05-06,-7.52,1.74,,
2017-05-07,-7.56,0.40,,
2017-05-08,-7.78,1.09,,
2017-05-09,-5.71,2.78,,
2017-05-10,-4.94,1.32,,
2017-05-11,-4.11,-0.14,,
2017-05-12,-2.06,-1.39,,
2017-05-13,-3.97,-0.42,,
2017-05-14,-6.76,0.59,,
2017-05-15,-6.41,1.84,,
2017-05-16,-6.44,2.60,,
2017-05-17,-8.05,0.42,,
2017-05-18,-7.75,-1.09,,
2017-05-19,-6.63,-2.41,,
2017-05-20,-5.27,-1.51,,
2017-05-21,-5.55,-2.24,,
2017-05-22,-6.33,-1.23,,
2017-05-23,-6.99,-0.37,,
2017-05-24,-7.44,0.65,,
2017-05-25,-7.02,-0.49,,
2017-05-26,-7.31,-0.38,,
2017-05-27,-6.86,-0.12,,
2017-05-28,-6.67,-0.47,,
2017-05-29,-6.98,0.49,,
2017-05-30,-8.06,-0.85,,
2017-05-31,-7.98,-1.70,,
2017-06-01,-8.62,-1.83,,
2017-06-02,-8.11,-0.28,,
2017-06-03,-6.87,1.59,,
2017-06-04,-6.57,1.76,,
2017-06-05,-7.51,2.01,,
2017-06-06,-7.85,0.27,,
2017-06-07,-7.60,0.53,,
2017-06-08,-6.87,0.84,,
2017-06-09,-6.40,1.01,,
2017-06-10,-7.29,0.64,,
2017-06-11,-9.71,-1.37,,
2017-06-12,-7.61,-0.40,,
2017-06-13,-7.08,-0.37,,
2017-06-14,-7.67,0.54,,
2017-06-15,-7.14,1.26,,
2017-06-16,-6.79,0.59,,
2017-06-17,-7.61,-1.20,,
2017-06-18,-8.53,-0.45,,
2017-06-19,-9.48,-0.66,,
2017-06-20,-9.26,-0.65,,
2017-06-21,-9.41,-0.82,,
2017-06-22,-8.12,-2.02,,
2017-06-23,-6.97,-1.61,,
2017-06-24,-8.58,0.15,,
2017-06-25,-9.01,0.16,,
2017-06-26,-8.39,-0.88,,
2017-06-27,-6.69,-1.92,,
2017-06-28,-6.94,-1.86,,
2017-06-29,-8.43,-0.74,,
2017-06-30,-7.60,0.13,,
2017-07-01,-7.86,-0.83,,
2017-07-02,-8.13,-1.29,,
2017-07-03,-7.95,-0.56,,
2017-07-04,-8.41,-1.48,,
2017-07-05,-8.29,-0.00,,
2017-07-06,-8.54,-1.97,,
2017-07-07,-7.97,-0.70,,
2017-07-08,-7.99,-2.29,,
2017-07-09,-4.93,-0.26,,
2017-07-10,-2.89,2.99,,
2017-07-11,-5.56,0.78,,
2017-07-12,-6.79,-0.12,,
2017-07-13,-7.75,2.22,,
2017-07-14,-7.91,-0.97,,
2017-07-15,-7.67,-0.13,,
2017-07-16,-7.40,-0.26,,
2017-07-17,-8.46,0.30,,
2017-07-18,-9.57,-1.01,,
2017-07-19,-9.87,-2.10,,
2017-07-20,-8.29,-3.02,,
2017-07-21,-8.68,-1.38,,
2017-07-22,-6.42,-1.36,,
2017-07-23,-7.50,0.26,,
2017-07-24,-8.11,-1.00,,
2017-07-25,-7.50,-2.01,,
2017-07-26,-6.63,0.46,,
2017-07-27,-5.46,-0.00,,
2017-07-28,-5.30,1.42,,
2017-07-29,-5.55,1.18,,
2017-07-30,-7.57,1.20,,
2017-07-31,-8.00,0.70,,
2017-08-01,-9.21,-2.99,,
2017-08-02,-10.78,-3.50,,
2017-08-03,-10.80,-1.33,,
2017-08-04,-8.88,-1.57,,
2017-08-05,-7.23,-0.89,,
2017-08-06,-6.42,-1.48,,
2017-08-07,-7.71,-0.00,,
2017-08-08,-8.58,0.15,,
2017-08-09,-8.66,-2.00,,
2017-08-10,-5.72,-4.16,,
2017-08-11,-3.40,3.29,,
2017-08-12,-6.49,1.50,,
2017-08-13,-7.32,-0.64,,
2017-08-14,-8.65,-1.21,,
2017-08-15,-8.86,-1.72,,
2017-08-16,-9.60,-3.88,,
2017-08-17,-9.67,1.19,,
2017-08-18,-8.59,-2.63,,
2017-08-19,-8.73,-2.50,,
2017-08-20,-7.05,1.24,,
2017-08-21,-7.85,-1.24,,
2017-08-22,-6.41,-1.96,,
2017-08-23,-5.24,-0.74,,
2017-08-24,-5.68,-0.90,,
2017-08-25,-6.33,-1.58,,
2017-08-26,-7.52,-2.16,,
2017-08-27,-6.70,0.23,,
2017-08-28,-5.56,-1.08,,
2017-08-29,-4.70,2.09,,
2017-08-30,-7.34,-0.38,,
2017-08-31,-6.44,-1.73,,
2017-09-01,-5.61,-2.50,,
2017-09-02,-6.60,-1.40,,
2017-09-03,-6.42,0.45,,
2017-09-04,-4.99,-1.62,,
2017-09-05,-5.83,-5.06,,
2017-09-06,-17.34,-9.22,,
2017-09-07,-7.95,9.15,,
2017-09-08,-7.71,1.92,,
2017-09-09,-5.83,-4.72,,
2017-09-10,4.81,7.41,,
2017-09-11,-5.65,3.13,,
2017-09-12,-5.87,1.80,,
2017-09-13,-4.61,3.11,,
2017-09-14,-1.75,5.39,,
2017-09-15,-5.61,3.51,,
2017-09-16,-6.81,1.57,,
2017-09-17,-5.99,0.10,,
2017-09-18,-5.75,-2.56,,
2017-09-19,-9.94,-5.97,,
2017-09-20,-16.97,6.18,,
2017-09-21,-6.75,8.95,,
2017-09-22,-6.26,5.63,,
2017-09-23,-5.12,4.45,,
2017-09-24,-5.46,3.16,,
2017-09-25,-5.81,1.89,,
2017-09-26,-5.91,0.62,,
2017-09-27,-6.17,-0.32,,
2017-09-28,-7.80,-1.38,,
2017-09-29,-8.29,0.43,,
2017-09-30,-6.18,2.25,,
2017-10-01,-4.94,0.78,,
2017-10-02,-6.22,0.54,,
2017-10-03,-6.72,-1.68,,
2017-10-04,-5.53,1.07,,
2017-10-05,-3.74,3.25,,
2017-10-06,-3.73,1.29,,
2017-10-07,-4.19,1.12,,
2017-10-08,-5.24,-0.46,,
2017-10-09,-4.81,0.34,,
2017-10-10,-2.48,3.82,,
2017-10-11,-1.87,4.01,,
2017-10-12,-4.35,0.46,,
2017-10-13,-4.91,-2.84,,
2017-10-14,-4.93,-3.85,,
2017-10-15,-5.63,5.63,,
2017-10-16,-8.89,3.77,,
2017-10-17,-9.03,3.29,,
2017-10-18,-8.94,2.73,,
2017-10-19,-9.87,1.56,,
2017-10-20,-8.30,-0.14,,
2017-10-21,-7.91,0.14,,
2017-10-22,-8.09,-0.42,,
2017-10-23,-6.79,-1.07,,
2017-10-24,-5.09,-0.63,,
2017-10-25,-5.88,1.80,,
2017-10-26,-7.26,1.28,,
2017-10-27,-7.01,0.49,,
2017-10-28,-5.17,2.75,,
2017-10-29,-4.16,2.40,,
2017-10-30,-2.68,1.95,,
2017-10-31,-4.33,0.61,,
2017-11-01,-4.92,-2.51,,
2017-11-02,-5.60,-1.40,,
2017-11-03,-5.04,-1.35,,
2017-11-04,-5.93,-0.83,,
2017-11-05,-6.80,0.12,,
2017-11-06,-5.60,1.09,,
2017-11-07,-5.91,0.62,,
2017-11-08,-6.71,1.18,,
2017-11-09,-7.33,1.03,,
2017-11-10,-7.64,0.94,,
2017-11-11,-6.97,0.12,,
2017-11-12,-7.48,-0.39,,
2017-11-13,-7.31,0.77,,
2017-11-14,-6.32,2.81,,
2017-11-15,-2.14,5.57,,
2017-11-16,0.69,5.59,,
2017-11-17,0.35,5.02,,
2017-11-18,2.12,4.54,,
2017-11-19,-1.98,1.39,,
2017-11-20,-3.54,2.22,,
2017-11-21,-5.46,2.21,,
2017-11-22,-5.17,1.48,,
2017-11-23,-5.52,0.39,,
2017-11-24,-6.17,1.42,,
2017-11-25,-5.79,1.02,,
2017-11-26,-6.11,1.30,,
2017-11-27,-6.00,-0.52,,
2017-11-28,-3.99,1.78,,
2017-11-29,-7.49,-0.13,,
2017-11-30,-4.78,-0.00,,
2017-12-01,-2.56,0.18,,
2017-12-02,-1.70,-1.70,,
2017-12-03,-3.51,0.25,,
2017-12-04,-4.61,0.24,,
2017-12-05,-7.83,-3.33,,
2017-12-06,-9.76,-3.17,,
2017-12-07,-9.80,-2.81,,
2017-12-08,-9.13,-1.61,,
2017-12-09,-9.74,-0.68,,
2017-12-10,-8.30,-1.46,,
2017-12-11,-5.47,-3.55,,
2017-12-12,-4.65,1.42,,
2017-12-13,-2.23,3.44,,
2017-12-14,-4.63,0.98,,
2017-12-15,-6.94,-1.99,,
2017-12-16,-8.13,-3.45,,
2017-12-17,-8.82,-4.89,,
2017-12-18,-8.34,-5.41,,
2017-12-19,-6.66,-4.32,,
2017-12-20,-6.82,-3.18,,
2017-12-21,-6.90,-2.24,,
2017-12-22,-6.57,-2.26,,
2017-12-23,-8.70,-2.33,,
2017-12-24,-8.90,-2.89,,
2017-12-25,-8.90,-3.06,,
2017-12-26,-9.81,-2.09,,
2017-12-27,-10.01,-3.06,,
2017-12-28,-8.57,-0.90,,
2017-12-29,-7.84,-1.10,,
2017-12-30,-6.77,-0.83,,
2017-12-31,-6.71,1.55,,
2018-01-01,-7.63,-0.53,,
2018-01-02,-5.51,-0.87,,
2018-01-03,-3.75,0.87,,
2018-01-04,-4.06,3.29,,
2018-01-05,-5.96,2.91,,
2018-01-06,-7.50,1.87,,
2018-01-07,-8.68,3.16,,
2018-01-08,-8.80,1.08,,
2018-01-09,-9.61,-0.00,,
2018-01-10,-9.38,0.66,,
2018-01-11,-10.49,0.55,,
2018-01-12,-10.15,-0.35,,
2018-01-13,-9.99,-1.23,,
2018-01-14,-8.62,-1.68,,
2018-01-15,-6.60,-0.58,,
2018-01-16,-7.19,-1.14,,
2018-01-17,-6.92,-0.97,,
2018-01-18,-6.40,0.22,,
2018-01-19,-6.23,0.11,,
2018-01-20,-7.00,-1.88,,
2018-01-21,-7.60,-1.34,,
2018-01-22,-8.47,-1.34,,
2018-01-23,-7.45,-1.18,,
2018-01-24,-7.34,-1.69,,
2018-01-25,-7.85,-2.86,,
2018-01-26,-7.09,-4.10,,
2018-01-27,-10.07,-5.58,,
2018-01-28,-12.10,-4.89,,
2018-01-29,-12.75,-3.18,,
2018-01-30,-8.83,-2.04,,
2018-01-31,-6.14,-3.40,,
2018-02-01,-7.16,-2.75,,
2018-02-02,-8.29,-3.69,,
2018-02-03,-7.28,-4.91,,
2018-02-04,-8.14,-4.70,,
2018-02-05,-8.22,-0.72,,
2018-02-06,-9.14,-1.78,,
2018-02-07,-10.13,-3.49,,
2018-02-08,-10.04,-2.32,,
2018-02-09,-9.72,-1.37,,
2018-02-10,-11.29,-2.40,,
2018-02-11,-12.05,-2.34,,
2018-02-12,-12.17,-3.96,,
2018-02-13,-11.60,-4.22,,
2018-02-14,-10.41,-3.58,,
2018-02-15,-9.25,-3.74,,
2018-02-16,-8.31,-3.02,,
2018-02-17,-8.54,-3.63,,
2018-02-18,-8.96,-1.58,,
2018-02-19,-10.72,-3.90,,
2018-02-20,-10.36,-5.28,,
2018-02-21,-11.38,-4.60,,
2018-02-22,-10.99,-4.67,,
2018-02-23,-10.35,-3.77,,
2018-02-24,-8.97,-3.81,,
2018-02-25,-8.10,-2.95,,
2018-02-26,-7.00,-2.01,,
2018-02-27,-5.72,-1.32,,
2018-02-28,-3.48,-1.55,,
2018-03-01,-4.53,-1.65,,
2018-03-02,-5.06,-0.27,,
2018-03-03,1.85,2.46,,
2018-03-04,7.06,-0.99,,
2018-03-05,5.60,-4.38,,
2018-03-06,0.22,-4.22,,
2018-03-07,-4.60,-2.77,,
2018-03-08,-5.69,1.42,,
2018-03-09,-5.81,3.49,,
2018-03-10,-7.81,0.82,,
2018-03-11,-8.53,1.35,,
2018-03-12,-7.50,3.18,,
2018-03-13,-4.89,4.89,,
2018-03-14,-5.91,3.99,,
2018-03-15,-5.45,2.78,,
2018-03-16,-6.05,2.08,,
2018-03-17,-5.55,1.18,,
2018-03-18,-4.43,1.19,,
2018-03-19,-2.85,2.00,,
2018-03-20,-4.65,1.60,,
2018-03-21,-7.42,1.17,,
2018-03-22,-7.07,2.71,,
2018-03-23,-5.76,2.69,,
2018-03-24,-3.51,0.94,,
2018-03-25,-5.07,-1.95,,
2018-03-26,-4.92,-0.60,,
2018-03-27,-4.11,-2.00,,
2018-03-28,-4.37,-5.39,,
2018-03-29,-4.06,-7.32,,
2018-03-30,-4.37,-5.80,,
2018-03-31,-4.85,-3.15,,
2018-04-01,-3.65,-1.63,,
2018-04-02,-4.37,0.15,,
2018-04-03,-4.44,-1.11,,
2018-04-04,-5.14,-1.00,,
2018-04-05,-6.35,-0.11,,
2018-04-06,-6.52,-0.92,,
2018-04-07,-6.45,-0.56,,
2018-04-08,-5.78,2.70,,
2018-04-09,-7.37,0.64,,
2018-04-10,-9.18,-1.13,,
2018-04-11,-9.61,0.84,,
2018-04-12,-7.56,2.31,,
2018-04-13,-8.51,1.04,,
2018-04-14,-9.93,-0.87,,
2018-04-15,-9.33,-0.49,,
2018-04-16,-9.00,0.16,,
2018-04-17,-7.08,1.12,,
2018-04-18,-6.68,2.70,,
2018-04-19,-8.43,1.79,,
2018-04-20,-9.41,-0.49,,
2018-04-21,-8.30,-0.29,,
2018-04-22,-7.74,-2.07,,
2018-04-23,-8.35,-0.15,,
2018-04-24,-7.50,-1.87,,
2018-04-25,-8.12,0.14,,
2018-04-26,-6.98,2.00,,
2018-04-27,-7.67,1.35,,
2018-04-28,-7.74,1.64,,
2018-04-29,-8.12,0.71,,
2018-04-30,-8.05,0.99,,
2018-05-01,-7.19,2.90,,
2018-05-02,-7.33,-0.26,,
2018-05-03,-8.52,1.97,,
2018-05-04,-9.48,2.01,,
2018-05-05,-10.64,1.68,,
2018-05-06,-10.51,0.18,,
2018-05-07,-9.30,1.47,,
2018-05-08,-9.01,0.95,,
2018-05-09,-9.46,0.83,,
2018-05-10,-8.85,-0.31,,
2018-05-11,-8.12,0.71,,
2018-05-12,-8.43,0.59,,
2018-05-13,-8.16,0.86,,
2018-05-14,-8.45,0.44,,
2018-05-15,-9.46,-0.66,,
2018-05-16,-10.12,-0.53,,
2018-05-17,-10.30,-0.18,,
2018-05-18,-10.58,-1.30,,
2018-05-19,-10.16,-1.25,,
2018-05-20,-9.80,-2.08,,
2018-05-21,-8.30,-1.92,,
2018-05-22,-8.51,-0.74,,
2018-05-23,-8.27,-0.14,,
2018-05-24,-7.89,0.28,,
2018-05-25,-7.38,-0.13,,
2018-05-26,-7.00,0.12,,
2018-05-27,-6.76,1.31,,
2018-05-28,-7.98,1.12,,
2018-05-29,-8.55,-0.15,,
2018-05-30,-8.01,0.70,,
2018-05-31,-6.77,0.12,,
2018-06-01,-6.51,0.57,,
2018-06-02,-5.87,1.14,,
2018-06-03,-5.79,1.77,,
2018-06-04,-6.11,0.75,,
2018-06-05,-6.27,1.11,,
2018-06-06,-6.77,1.44,,
2018-06-07,-7.46,0.65,,
2018-06-08,-8.18,-0.57,,
2018-06-09,-9.04,-0.16,,
2018-06-10,-8.62,1.06,,
2018-06-11,-8.71,1.69,,
2018-06-12,-9.07,1.11,,
2018-06-13,-8.61,0.45,,
2018-06-14,-7.13,-0.37,,
2018-06-15,-6.70,-0.35,,
2018-06-16,-6.10,1.18,,
2018-06-17,-5.18,2.20,,
2018-06-18,-5.35,2.38,,
2018-06-19,-5.62,3.79,,
2018-06-20,-4.29,4.44,,
2018-06-21,-6.44,2.74,,
2018-06-22,-8.51,1.50,,
2018-06-23,-7.19,1.66,,
2018-06-24,-9.96,0.70,,
2018-06-25,-9.27,-1.47,,
2018-06-26,-7.91,-1.83,,
2018-06-27,-7.01,-1.62,,
2018-06-28,-7.73,-0.27,,
2018-06-29,-8.36,-0.44,,
2018-06-30,-8.35,-1.62,,
2018-07-01,-6.50,-1.15,,
2018-07-02,-6.67,0.47,,
2018-07-03,-8.34,0.88,,
2018-07-04,-8.83,-0.93,,
2018-07-05,-7.71,-1.78,,
2018-07-06,-8.49,-0.59,,
2018-07-07,-9.89,-1.04,,
2018-07-08,-10.03,-2.87,,
2018-07-09,-10.46,-0.00,,
2018-07-10,-8.87,2.05,,
2018-07-11,-7.92,-0.83,,
2018-07-12,-7.86,-1.11,,
2018-07-13,-8.13,0.71,,
2018-07-14,-9.05,-1.11,,
2018-07-15,-8.96,-1.42,,
2018-07-16,-9.28,0.16,,
2018-07-17,-8.70,-0.30,,
2018-07-18,-8.38,-2.09,,
2018-07-19,-9.18,-0.16,,
2018-07-20,-8.90,0.16,,
2018-07-21,-7.43,-1.04,,
2018-07-22,-7.19,-0.13,,
2018-07-23,-7.80,0.96,,
2018-07-24,-7.94,1.40,,
2018-07-25,-7.57,0.66,,
2018-07-26,-7.94,1.12,,
2018-07-27,-7.58,0.66,,
2018-07-28,-8.36,-0.44,,
2018-07-29,-9.16,-0.32,,
2018-07-30,-9.25,-1.30,,
2018-07-31,-8.64,-1.21,,
2018-08-01,-8.20,-0.72,,
2018-08-02,-7.89,-0.28,,
2018-08-03,-7.89,-1.11,,
2018-08-04,-8.49,-2.12,,
2018-08-05,-7.75,-1.51,,
2018-08-06,-7.54,-0.13,,
2018-08-07,-6.19,0.22,,
2018-08-08,-5.45,-1.88,,
2018-08-09,-5.01,-0.00,,
2018-08-10,-6.50,0.57,,
2018-08-11,-7.69,-0.27,,
2018-08-12,-9.56,-0.84,,
2018-08-13,-9.37,-2.16,,
2018-08-14,-8.06,-0.56,,
2018-08-15,-7.02,-1.49,,
2018-08-16,-7.68,-1.49,,
2018-08-17,-7.66,-0.00,,
2018-08-18,-6.37,0.78,,
2018-08-19,-7.86,0.55,,
2018-08-20,-8.07,0.28,,
2018-08-21,-7.84,0.14,,
2018-08-22,-7.79,-0.14,,
2018-08-23,-7.65,-0.13,,
2018-08-24,-5.56,-0.78,,
2018-08-25,-7.61,0.40,,
2018-08-26,-8.21,0.43,,
2018-08-27,-7.91,-0.69,,
2018-08-28,-8.20,-0.72,,
2018-08-29,-10.13,-1.79,,
2018-08-30,-9.49,0.66,,
2018-08-31,-8.60,1.06,,
2018-09-01,-7.41,-1.71,,
2018-09-02,-7.34,-1.83,,
2018-09-03,-7.53,-0.39,,
2018-09-04,-6.42,0.22,,
2018-09-05,-5.24,-0.37,,
2018-09-06,-5.01,-0.70,,
2018-09-07,-5.67,-0.80,,
2018-09-08,-4.37,-0.46,,
2018-09-09,-2.46,-1.48,,
2018-09-10,-1.16,-2.37,,
2018-09-11,-3.10,0.72,,
2018-09-12,-6.58,-1.89,,
2018-09-13,-9.72,-2.79,,
2018-09-14,-10.25,-0.18,,
2018-09-15,-3.25,3.25,,
2018-09-16,-3.04,1.90,,
2018-09-17,-4.37,1.50,,
2018-09-18,-6.01,0.42,,
2018-09-19,-8.26,0.87,,
2018-09-20,-8.12,1.73,,
2018-09-21,-7.31,-1.96,,
2018-09-22,-6.55,-1.39,,
2018-09-23,-6.36,0.11,,
2018-09-24,-8.05,-0.42,,
2018-09-25,-7.67,-1.22,,
2018-09-26,-7.45,-2.71,,
2018-09-27,-7.35,-2.25,,
2018-09-28,-8.22,-0.72,,
2018-09-29,-7.00,0.86,,
2018-09-30,-5.00,0.26,,
2018-10-01,-2.95,-0.85,,
2018-10-02,-0.23,-1.21,,
2018-10-03,-0.84,-0.12,,
2018-10-04,-3.13,0.72,,
2018-10-05,-5.61,0.99,,
2018-10-06,-6.93,0.48,,
2018-10-07,-6.51,2.11,,
2018-10-08,-7.07,3.00,,
2018-10-09,-8.88,-0.78,,
2018-10-10,-7.81,-3.15,,
2018-10-11,-5.15,-1.10,,
2018-10-12,-4.91,1.59,,
2018-10-13,-4.53,3.05,,
2018-10-14,-7.16,0.25,,
2018-10-15,-7.85,-1.67,,
2018-10-16,-8.75,-3.72,,
2018-10-17,-10.50,-1.48,,
2018-10-18,-8.67,-2.65,,
2018-10-19,-7.29,-4.04,,
2018-10-20,-6.15,-3.41,,
2018-10-21,-6.22,-2.02,,
2018-10-22,-6.23,-2.27,,
2018-10-23,-5.69,-1.42,,
2018-10-24,-3.67,-0.85,,
2018-10-25,-2.09,-0.41,,
2018-10-26,-2.21,-1.73,,
2018-10-27,-4.96,-1.33,,
2018-10-28,-4.80,-2.55,,
2018-10-29,-2.23,-1.24,,
2018-10-30,0.74,-0.95,,
2018-10-31,-3.19,-1.49,,
2018-11-01,-5.67,-1.31,,
2018-11-02,-8.92,-2.56,,
2018-11-03,-10.17,-3.30,,
2018-11-04,-8.40,-3.92,,
2018-11-05,-8.46,-1.80,,
2018-11-06,-6.31,-1.46,,
2018-11-07,-6.34,-0.55,,
2018-11-08,-6.76,1.07,,
2018-11-09,-6.39,0.11,,
2018-11-10,-6.70,-0.23,,
2018-11-11,-7.01,-0.74,,
2018-11-12,-8.63,-2.31,,
2018-11-13,-9.82,-2.27,,
2018-11-14,-9.82,1.38,,
2018-11-15,-9.39,1.49,,
2018-11-16,-9.68,1.02,,
2018-11-17,-8.03,1.13,,
2018-11-18,-7.42,-0.00,,
2018-11-19,-8.24,-0.14,,
2018-11-20,-7.94,1.12,,
2018-11-21,-8.76,0.31,,
2018-11-22,-7.12,1.13,,
2018-11-23,-6.07,0.96,,
2018-11-24,-4.17,1.69,,
2018-11-25,-2.89,0.05,,
2018-11-26,-3.47,-1.77,,
2018-11-27,-4.25,-1.06,,
2018-11-28,-2.63,2.54,,
2018-11-29,-2.93,0.52,,
2018-11-30,-5.47,-1.46,,
2018-12-01,-7.05,-1.24,,
2018-12-02,-8.32,-1.02,,
2018-12-03,-8.55,-1.35,,
2018-12-04,-7.26,-0.76,,
2018-12-05,-7.98,0.28,,
2018-12-06,-7.15,-1.52,,
2018-12-07,-8.00,-1.85,,
2018-12-08,-8.06,-2.01,,
2018-12-09,-8.34,-0.44,,
2018-12-10,-8.13,1.73,,
2018-12-11,-6.24,2.27,,
2018-12-12,-4.96,1.61,,
2018-12-13,-7.35,-1.30,,
2018-12-14,-9.50,-0.83,,
2018-12-15,-9.06,0.47,,
2018-12-16,-8.20,1.01,,
2018-12-17,-5.73,2.80,,
2018-12-18,-3.71,1.57,,
2018-12-19,-4.95,0.61,,
2018-12-20,-8.12,1.29,,
2018-12-21,-7.90,0.28,,
2018-12-22,-7.49,0.52,,
2018-12-23,-6.61,-0.58,,
2018-12-24,-7.40,-0.91,,
2018-12-25,-7.68,-1.22,,
2018-12-26,-8.91,-1.57,,
2018-12-27,-9.31,-3.03,,
2018-12-28,-11.73,-4.50,,
2018-12-29,-12.11,-3.70,,
2018-12-30,-10.10,-2.90,,
2018-12-31,-8.69,-2.17,,
2019-01-01,-8.28,-4.59,,
2019-01-02,-9.23,-3.54,,
2019-01-03,-9.68,-1.19,,
2019-01-04,-9.28,-0.16,,
2019-01-05,-8.75,0.77,,
2019-01-06,-7.81,1.66,,
2019-01-07,-8.44,-0.44,,
2019-01-08,-6.36,-2.83,,
2019-01-09,-6.79,-1.57,,
2019-01-10,-4.27,2.56,,
2019-01-11,-3.10,2.17,,
2019-01-12,-4.91,-1.79,,
2019-01-13,-6.61,-2.54,,
2019-01-14,-5.18,-1.58,,
2019-01-15,-5.49,-0.29,,
2019-01-16,-5.49,0.19,,
2019-01-17,-5.06,0.80,,
2019-01-18,-4.39,-0.77,,
2019-01-19,-6.10,-1.41,,
2019-01-20,-7.76,-0.82,,
2019-01-21,-6.64,0.46,,
2019-01-22,-6.33,-1.23,,
2019-01-23,-8.58,-4.19,,
2019-01-24,-9.79,-1.03,,
2019-01-25,-9.99,-0.35,,
2019-01-26,-8.37,-0.44,,
2019-01-27,-8.29,1.46,,
2019-01-28,-8.26,1.91,,
2019-01-29,-6.39,1.48,,
2019-01-30,-7.32,0.64,,
2019-01-31,-7.35,-1.70,,
2019-02-01,-7.49,-1.73,,
2019-02-02,-6.60,-1.89,,
2019-02-03,-5.53,-1.07,,
2019-02-04,-5.62,0.69,,
2019-02-05,-4.18,0.66,,
2019-02-06,-3.46,1.33,,
2019-02-07,-3.28,-0.46,,
2019-02-08,-4.80,-2.77,,
2019-02-09,-6.74,-2.72,,
2019-02-10,-7.86,-3.02,,
2019-02-11,-8.91,-2.39,,
2019-02-12,-9.18,-0.64,,
2019-02-13,-9.10,1.12,,
2019-02-14,-7.78,4.14,,
2019-02-15,-6.69,5.23,,
2019-02-16,-4.24,4.24,,
2019-02-17,-5.12,2.07,,
2019-02-18,-8.05,-0.14,,
2019-02-19,-8.83,-0.93,,
2019-02-20,-9.52,-2.37,,
2019-02-21,-9.73,-1.02,,
2019-02-22,-9.45,-1.67,,
2019-02-23,-8.88,-2.55,,
2019-02-24,-9.14,-1.94,,
2019-02-25,-7.89,-2.56,,
2019-02-26,-8.95,-3.61,,
2019-02-27,-9.19,-2.29,,
2019-02-28,-8.92,0.31,,
2019-03-01,-7.84,2.25,,
2019-03-02,-7.96,0.84,,
2019-03-03,-7.62,1.34,,
2019-03-04,-8.71,1.85,,
2019-03-05,-8.93,2.39,,
2019-03-06,-7.23,2.49,,
2019-03-07,-6.60,-0.00,,
2019-03-08,-7.53,-0.53,,
2019-03-09,-7.88,0.83,,
2019-03-10,-8.16,-2.03,,
2019-03-11,-8.13,-3.79,,
2019-03-12,-5.61,-2.50,,
2019-03-13,-3.36,1.57,,
2019-03-14,-4.57,-0.16,,
2019-03-15,-6.00,-2.19,,
2019-03-16,-5.40,-2.18,,
2019-03-17,-6.00,0.52,,
2019-03-18,-8.30,2.22,,
2019-03-19,-7.57,1.20,,
2019-03-20,-6.62,1.90,,
2019-03-21,-6.22,2.14,,
2019-03-22,-7.25,2.35,,
2019-03-23,-6.57,1.40,,
2019-03-24,-7.61,0.67,,
2019-03-25,-8.82,1.56,,
2019-03-26,-7.40,3.45,,
2019-03-27,-5.45,3.96,,
2019-03-28,-5.22,3.94,,
2019-03-29,-2.80,4.15,,
2019-03-30,-1.91,1.29,,
2019-03-31,-2.71,0.19,,
2019-04-01,-4.45,0.31,,
2019-04-02,-7.37,-0.13,,
2019-04-03,-7.80,-0.82,,
2019-04-04,-8.72,-2.01,,
2019-04-05,-8.38,-0.73,,
2019-04-06,-9.24,0.16,,
2019-04-07,-8.16,-0.43,,
2019-04-08,-7.48,-0.26,,
2019-04-09,-7.59,0.93,,
2019-04-10,-7.42,3.46,,
2019-04-11,-6.75,3.59,,
2019-04-12,-7.82,1.66,,
2019-04-13,-9.60,-0.00,,
2019-04-14,-9.72,-0.00,,
2019-04-15,-8.15,0.71,,
2019-04-16,-8.01,0.28,,
2019-04-17,-8.33,-0.73,,
2019-04-18,-8.03,-0.99,,
2019-04-19,-8.93,-0.94,,
2019-04-20,-9.74,-0.17,,
2019-04-21,-8.89,-0.78,,
2019-04-22,-7.39,-2.55,,
2019-04-23,-5.01,-0.88,,
2019-04-24,-3.34,-0.12,,
2019-04-25,-4.20,-1.45,,
2019-04-26,-6.18,-0.98,,
2019-04-27,-6.64,0.58,,
2019-04-28,-7.91,0.55,,
2019-04-29,-9.17,-0.48,,
2019-04-30,-9.55,0.17,,
2019-05-01,-9.56,-0.50,,
2019-05-02,-9.77,-0.34,,
2019-05-03,-9.17,-1.29,,
2019-05-04,-8.68,-0.15,,
2019-05-05,-9.04,1.11,,
2019-05-06,-9.53,2.20,,
2019-05-07,-8.36,1.17,,
2019-05-08,-7.48,0.52,,
2019-05-09,-7.48,0.26,,
2019-05-10,-6.30,0.55,,
2019-05-11,-7.68,0.27,,
2019-05-12,-7.17,1.79,,
2019-05-13,-7.38,1.70,,
2019-05-14,-6.27,2.16,,
2019-05-15,-4.72,2.51,,
2019-05-16,-4.66,2.37,,
2019-05-17,-5.39,1.15,,
2019-05-18,-6.55,0.34,,
2019-05-19,-6.42,1.25,,
2019-05-20,-6.84,1.71,,
2019-05-21,-6.81,2.21,,
2019-05-22,-6.20,1.66,,
2019-05-23,-6.48,1.14,,
2019-05-24,-6.89,1.72,,
2019-05-25,-6.73,-0.35,,
2019-05-26,-5.58,-0.00,,
2019-05-27,-4.85,1.12,,
2019-05-28,-5.32,1.13,,
2019-05-29,-6.13,1.53,,
2019-05-30,-6.46,1.14,,
2019-05-31,-7.83,0.82,,
2019-06-01,-8.16,1.00,,
2019-06-02,-7.15,0.88,,
2019-06-03,-4.28,1.99,,
2019-06-04,-4.84,1.57,,
2019-06-05,-4.94,1.51,,
2019-06-06,-4.15,1.76,,
2019-06-07,-4.79,1.94,,
2019-06-08,-6.29,1.45,,
2019-06-09,-8.03,1.71,,
2019-06-10,-7.81,3.00,,
2019-06-11,-6.60,-0.58,,
2019-06-12,-7.61,-1.34,,
2019-06-13,-8.49,-0.00,,
2019-06-14,-8.25,-0.87,,
2019-06-15,-8.46,-0.59,,
2019-06-16,-8.53,-0.90,,
2019-06-17,-8.66,-0.76,,
2019-06-18,-8.47,-1.65,,
2019-06-19,-8.57,-1.05,,
2019-06-20,-8.91,1.09,,
2019-06-21,-7.27,1.15,,
2019-06-22,-6.76,-0.00,,
2019-06-23,-6.78,0.24,,
2019-06-24,-6.78,-1.57,,
2019-06-25,-6.14,0.43,,
2019-06-26,-6.26,-0.22,,
2019-06-27,-8.21,0.14,,
2019-06-28,-9.31,1.14,,
2019-06-29,-9.09,-1.28,,
2019-06-30,-8.00,-0.98,,
2019-07-01,-6.21,-0.11,,
2019-07-02,-4.66,0.57,,
2019-07-03,-5.94,-0.21,,
2019-07-04,-8.65,0.60,,
2019-07-05,-10.36,-0.72,,
2019-07-06,-7.77,-1.23,,
2019-07-07,-7.18,-0.63,,
2019-07-08,-7.28,0.89,,
2019-07-09,-8.13,1.88,,
2019-07-10,-7.54,-0.00,,
2019-07-11,-7.43,-2.71,,
2019-07-12,-7.63,-1.07,,
2019-07-13,-8.01,-0.28,,
2019-07-14,-8.72,0.15,,
2019-07-15,-8.89,-1.73,,
2019-07-16,-7.63,-1.48,,
2019-07-17,-7.17,-0.75,,
2019-07-18,-8.22,-0.43,,
2019-07-19,-6.68,-0.70,,
2019-07-20,-6.06,-0.21,,
2019-07-21,-6.63,-0.00,,
2019-07-22,-7.24,0.76,,
2019-07-23,-8.04,1.42,,
2019-07-24,-8.14,-1.14,,
2019-07-25,-8.43,-1.64,,
2019-07-26,-8.05,-0.28,,
2019-07-27,-7.05,-4.07,,
2019-07-28,-7.84,-2.25,,
2019-07-29,-9.35,-0.49,,
2019-07-30,-7.69,1.49,,
2019-07-31,-7.08,1.90,,
2019-08-01,-7.11,-1.13,,
2019-08-02,-8.59,-0.75,,
2019-08-03,-9.02,1.75,,
2019-08-04,-9.21,-0.32,,
2019-08-05,-9.28,-1.14,,
2019-08-06,-8.89,0.47,,
2019-08-07,-5.57,1.08,,
2019-08-08,-7.03,2.15,,
2019-08-09,-6.61,3.67,,
2019-08-10,-7.43,0.65,,
2019-08-11,-7.26,-0.00,,
2019-08-12,-7.29,1.28,,
2019-08-13,-7.89,1.11,,
2019-08-14,-7.30,0.51,,
2019-08-15,-8.92,0.31,,
2019-08-16,-6.40,-4.32,,
2019-08-17,-6.91,-0.36,,
2019-08-18,-7.94,0.28,,
2019-08-19,-7.33,-0.77,,
2019-08-20,-6.97,-1.10,,
2019-08-21,-7.29,-1.82,,
2019-08-22,-7.94,2.13,,
2019-08-23,-7.60,0.93,,
2019-08-24,-6.79,0.48,,
2019-08-25,-6.60,1.16,,
2019-08-26,-6.41,0.11,,
2019-08-27,-6.60,-2.67,,
2019-08-28,-9.82,3.19,,
2019-08-29,-3.90,7.33,,
2019-08-30,-5.26,2.02,,
2019-08-31,-5.27,-0.18,,
2019-09-01,-4.25,-0.83,,
2019-09-02,-4.76,1.64,,
2019-09-03,-6.77,1.44,,
2019-09-04,-7.76,-0.68,,
2019-09-05,-6.75,-2.19,,
2019-09-06,-4.55,-0.56,,
2019-09-07,-2.16,-1.35,,
2019-09-08,-2.74,-0.63,,
2019-09-09,-3.11,0.89,,
2019-09-10,-5.08,0.44,,
2019-09-11,-5.46,-0.48,,
2019-09-12,-5.05,0.53,,
2019-09-13,-5.99,1.27,,
2019-09-14,-7.05,-0.00,,
2019-09-15,-7.97,-0.70,,
2019-09-16,-8.06,0.42,,
2019-09-17,-8.02,1.85,,
2019-09-18,-6.37,1.83,,
2019-09-19,-5.91,0.41,,
2019-09-20,-5.05,-0.53,,
2019-09-21,-2.07,4.07,,
2019-09-22,-6.36,1.47,,
2019-09-23,-7.95,3.54,,
2019-09-24,-5.45,9.43,,
2019-09-25,2.03,10.43,,
2019-09-26,-0.10,5.99,,
2019-09-27,-2.86,2.07,,
2019-09-28,-3.31,-1.20,,
2019-09-29,-2.09,2.01,,
2019-09-30,-0.96,3.59,,
2019-10-01,-3.04,3.15,,
2019-10-02,-3.06,2.66,,
2019-10-03,-3.88,1.65,,
2019-10-04,-4.26,0.15,,
2019-10-05,-4.16,1.27,,
2019-10-06,-4.88,1.78,,
2019-10-07,-8.09,0.57,,
2019-10-08,-8.33,0.58,,
2019-10-09,-6.04,-1.17,,
2019-10-10,-1.93,-0.17,,
2019-10-11,3.14,0.67,,
2019-10-12,0.72,2.23,,
2019-10-13,-2.84,1.09,,
2019-10-14,-4.55,0.80,,
2019-10-15,-3.70,1.81,,
2019-10-16,-2.62,0.95,,
2019-10-17,-4.39,-1.34,,
2019-10-18,-6.20,-0.54,,
2019-10-19,-5.25,2.45,,
2019-10-20,-6.20,-0.87,,
2019-10-21,-6.71,-2.31,,
2019-10-22,-5.25,-1.50,,
2019-10-23,-5.81,-0.00,,
2019-10-24,-6.35,-0.33,,
2019-10-25,-7.02,-1.75,,
2019-10-26,-6.03,-1.17,,
2019-10-27,-6.32,-0.00,,
2019-10-28,-7.45,-0.65,,
2019-10-29,-6.51,-3.17,,
2019-10-30,-5.45,-3.28,,
2019-10-31,-5.89,-2.14,,
2019-11-01,-5.96,-1.82,,
2019-11-02,-5.28,-0.74,,
2019-11-03,-4.60,0.73,,
2019-11-04,-4.94,0.17,,
2019-11-05,-8.87,0.31,,
2019-11-06,-9.03,0.16,,
2019-11-07,-8.56,-0.00,,
2019-11-08,-7.61,0.53,,
2019-11-09,-7.32,1.96,,
2019-11-10,-6.51,3.76,,
2019-11-11,-6.73,1.80,,
2019-11-12,-6.95,-0.00,,
2019-11-13,-4.98,0.44,,
2019-11-14,-5.51,-0.97,,
2019-11-15,-5.49,-3.43,,
2019-11-16,-3.83,-3.45,,
2019-11-17,-3.57,-0.96,,
2019-11-18,-4.48,0.63,,
2019-11-19,-2.25,-2.41,,
2019-11-20,3.42,-2.39,,
2019-11-21,4.35,-3.91,,
2019-11-22,-2.08,-6.79,,
2019-11-23,-4.01,-4.95,,
2019-11-24,-4.92,-0.43,,
2019-11-25,-5.42,2.08,,
2019-11-26,-6.37,1.01,,
2019-11-27,-5.44,-1.66,,
2019-11-28,-4.43,-2.45,,
2019-11-29,0.77,-2.38,,
2019-11-30,0.40,-1.73,,
2019-12-01,-4.12,-1.83,,
2019-12-02,-5.76,2.10,,
2019-12-03,-3.02,4.00,,
2019-12-04,-4.50,2.70,,
2019-12-05,-6.09,2.59,,
2019-12-06,-6.57,0.34,,
2019-12-07,-6.83,-0.48,,
2019-12-08,-6.00,-1.39,,
2019-12-09,-8.64,-1.52,,
2019-12-10,-9.67,-1.88,,
2019-12-11,-9.30,-2.84,,
2019-12-12,-9.90,-2.84,,
2019-12-13,-10.16,-0.89,,
2019-12-14,-9.11,0.80,,
2019-12-15,-8.53,1.20,,
2019-12-16,-9.84,-2.64,,
2019-12-17,-11.10,-0.00,,
2019-12-18,-9.61,2.22,,
2019-12-19,-7.51,2.01,,
2019-12-20,-7.67,-0.13,,
2019-12-21,-7.56,-0.93,,
2019-12-22,-7.45,-1.18,,
2019-12-23,-6.58,-0.00,,
2019-12-24,-5.47,5.66,,
2019-12-25,-1.92,7.17,,
2019-12-26,2.54,7.37,,
2019-12-27,-3.85,-2.70,,
2019-12-28,-5.81,-2.00,,
2019-12-29,-5.78,-1.33,,
2019-12-30,-9.02,-3.46,,
2019-12-31,-6.39,-0.45,,
2020-01-01,-5.26,-0.09,,
2020-01-02,-4.45,-0.31,,
2020-01-03,-6.07,-3.36,,
2020-01-04,-6.85,-4.62,,
2020-01-05,-5.98,-1.94,,
2020-01-06,-5.68,-0.90,,
2020-01-07,-6.74,-0.83,,
2020-01-08,-7.88,0.41,,
2020-01-09,-8.93,-2.73,,
2020-01-10,-12.11,-3.47,,
2020-01-11,-12.93,-4.20,,
2020-01-12,-11.95,-2.98,,
2020-01-13,-13.00,-3.97,,
2020-01-14,-11.55,-3.10,,
2020-01-15,-9.96,-1.58,,
2020-01-16,-6.93,-2.94,,
2020-01-17,-5.96,-1.27,,
2020-01-18,-6.75,-5.28,,
2020-01-19,-10.62,-4.73,,
2020-01-20,-9.32,0.33,,
2020-01-21,-7.27,3.09,,
2020-01-22,-5.16,4.49,,
2020-01-23,-0.71,6.78,,
2020-01-24,1.57,-3.07,,
2020-01-25,-2.05,-1.19,,
2020-01-26,-3.01,-1.74,,
2020-01-27,-4.03,-0.28,,
2020-01-28,0.57,2.12,,
2020-01-29,1.02,1.51,,
2020-01-30,-3.09,1.37,,
2020-01-31,-3.25,0.81,,
2020-02-01,-6.25,-0.99,,
2020-02-02,-4.18,2.61,,
2020-02-03,-2.08,1.69,,
2020-02-04,-5.67,-1.84,,
2020-02-05,-7.24,-1.28,,
2020-02-06,-8.94,1.42,,
2020-02-07,-8.65,1.84,,
2020-02-08,-10.32,-1.45,,
2020-02-09,-8.66,-1.22,,
2020-02-10,-9.22,-0.16,,
2020-02-11,-9.79,-1.38,,
2020-02-12,-9.69,-2.24,,
2020-02-13,-10.39,-2.40,,
2020-02-14,-9.33,-1.31,,
2020-02-15,-8.57,-0.00,,
2020-02-16,-9.17,-1.78,,
2020-02-17,-8.76,-0.31,,
2020-02-18,-9.07,-1.44,,
2020-02-19,-9.62,-1.70,,
2020-02-20,-9.22,-0.16,,
2020-02-21,-7.29,0.38,,
2020-02-22,-3.76,2.63,,
2020-02-23,0.06,3.19,,
2020-02-24,-2.21,-3.04,,
2020-02-25,-6.97,-4.70,,
2020-02-26,-7.82,-3.65,,
2020-02-27,-6.14,-1.76,,
2020-02-28,-6.05,-1.51,,
2020-02-29,-4.22,0.30,,
2020-03-01,-3.34,1.15,,
2020-03-02,-4.41,-1.27,,
2020-03-03,-6.93,-1.60,,
2020-03-04,-6.55,-0.80,,
2020-03-05,-7.17,0.13,,
2020-03-06,-6.98,0.12,,
2020-03-07,-4.98,1.72,,
2020-03-08,-4.45,0.23,,
2020-03-09,-8.21,-5.97,,
2020-03-10,-8.35,0.29,,
2020-03-11,-6.66,-0.47,,
2020-03-12,-6.72,1.31,,
2020-03-13,-5.48,0.38,,
2020-03-14,-3.61,-3.37,,
2020-03-15,-2.25,-7.85,,
2020-03-16,0.42,-8.01,,
2020-03-17,-5.46,-5.86,,
2020-03-18,-6.04,-2.81,,
2020-03-19,-7.42,-4.11,,
2020-03-20,-9.39,-4.79,,
2020-03-21,-9.68,-5.15,,
2020-03-22,-9.27,-3.01,,
2020-03-23,-9.37,-3.60,,
2020-03-24,-7.60,-2.77,,
2020-03-25,-7.12,-1.91,,
2020-03-26,-4.81,1.85,,
2020-03-27,-3.96,1.68,,
2020-03-28,-6.55,-1.39,,
2020-03-29,-7.97,-2.74,,
2020-03-30,-6.64,-4.31,,
2020-03-31,-5.23,-1.70,,
2020-04-01,-4.27,1.47,,
2020-04-02,-2.80,3.46,,
2020-04-03,-1.69,3.80,,
2020-04-04,0.31,2.18,,
2020-04-05,-1.44,1.05,,
2020-04-06,-4.02,-1.79,,
2020-04-07,-4.45,-2.67,,
2020-04-08,-5.51,-1.27,,
2020-04-09,-3.15,2.37,,
2020-04-10,-2.10,3.24,,
2020-04-11,-2.92,1.76,,
2020-04-12,-5.59,0.29,,
2020-04-13,-7.17,-2.61,,
2020-04-14,-7.65,-2.19,,
2020-04-15,-7.30,-1.29,,
2020-04-16,-6.70,0.23,,
2020-04-17,-6.03,-0.74,,
2020-04-18,-6.72,0.23,,
2020-04-19,-6.50,0.80,,
2020-04-20,-6.70,1.55,,
2020-04-21,-6.93,2.39,,
2020-04-22,-4.75,2.53,,
2020-04-23,-6.16,1.09,,
2020-04-24,-8.37,-0.59,,
2020-04-25,-8.23,1.16,,
2020-04-26,-8.84,0.62,,
2020-04-27,-8.39,0.88,,
2020-04-28,-5.66,-0.10,,
2020-04-29,-7.21,-0.00,,
2020-04-30,-7.69,1.36,,
2020-05-01,-7.82,1.81,,
2020-05-02,-7.11,2.59,,
2020-05-03,-5.39,0.76,,
2020-05-04,-5.83,1.24,,
2020-05-05,-6.07,1.63,,
2020-05-06,-7.72,2.81,,
2020-05-07,-7.38,4.43,,
2020-05-08,-5.84,3.51,,
2020-05-09,-6.72,2.31,,
2020-05-10,-8.73,1.07,,
2020-05-11,-8.79,2.19,,
2020-05-12,-7.44,3.00,,
2020-05-13,-6.59,1.40,,
2020-05-14,-6.89,0.85,,
2020-05-15,-8.21,0.86,,
2020-05-16,-7.44,2.71,,
2020-05-17,-7.56,2.17,,
2020-05-18,-7.21,1.93,,
2020-05-19,-7.69,1.08,,
2020-05-20,-6.64,1.53,,
2020-05-21,-5.21,2.66,,
2020-05-22,-4.44,2.99,,
2020-05-23,-4.16,2.60,,
2020-05-24,-4.02,2.82,,
2020-05-25,-5.54,2.82,,
2020-05-26,-6.17,2.62,,
2020-05-27,-4.91,2.39,,
2020-05-28,-3.99,0.63,,
2020-05-29,-4.94,1.23,,
2020-05-30,-5.59,1.19,,
2020-05-31,-6.75,0.35,,
2020-06-01,-5.75,1.54,,
2020-06-02,-6.14,0.97,,
2020-06-03,-7.31,1.03,,
2020-06-04,-8.59,1.51,,
2020-06-05,-8.91,-0.94,,
2020-06-06,-8.28,-0.72,,
2020-06-07,-7.16,-0.00,,
2020-06-08,-4.64,0.57,,
2020-06-09,-3.18,0.56,,
2020-06-10,-2.80,0.54,,
2020-06-11,-3.83,1.17,,
2020-06-12,-3.83,2.04,,
2020-06-13,-4.07,2.54,,
2020-06-14,-6.09,2.46,,
2020-06-15,-7.39,1.44,,
2020-06-16,-7.39,0.39,,
2020-06-17,-8.06,-0.56,,
2020-06-18,-7.04,0.86,,
2020-06-19,-7.29,0.89,,
2020-06-20,-8.03,-0.56,,
2020-06-21,-7.42,0.26,,
2020-06-22,-7.88,-0.28,,
2020-06-23,-6.32,-2.05,,
2020-06-24,-6.59,-0.46,,
2020-06-25,-9.01,0.31,,
2020-06-26,-8.91,-0.94,,
2020-06-27,-8.30,-1.31,,
2020-06-28,-6.20,-1.66,,
2020-06-29,-5.76,-1.22,,
2020-06-30,-6.40,1.24,,
2020-07-01,-7.48,0.52,,
2020-07-02,-7.48,0.92,,
2020-07-03,-6.11,1.98,,
2020-07-04,-6.60,0.69,,
2020-07-05,-7.58,0.80,,
2020-07-06,-8.42,-1.18,,
2020-07-07,-8.86,-0.46,,
2020-07-08,-8.06,2.62,,
2020-07-09,-7.69,-0.00,,
2020-07-10,-8.43,-0.15,,
2020-07-11,-8.60,-1.06,,
2020-07-12,-7.29,0.77,,
2020-07-13,-7.85,0.14,,
2020-07-14,-7.53,-1.88,,
2020-07-15,-6.47,-2.48,,
2020-07-16,-6.60,0.81,,
2020-07-17,-6.54,-0.11,,
2020-07-18,-5.46,-0.29,,
2020-07-19,-7.28,-0.38,,
2020-07-20,-6.96,-0.73,,
2020-07-21,-6.52,0.46,,
2020-07-22,-7.99,-0.00,,
2020-07-23,-9.03,-1.59,,
2020-07-24,-9.39,0.66,,
2020-07-25,-9.32,-1.64,,
2020-07-26,-7.42,-1.99,,
2020-07-27,-7.20,-3.36,,
2020-07-28,-8.73,-3.18,,
2020-07-29,-12.89,-4.44,,
2020-07-30,-12.55,5.07,,
2020-07-31,-8.83,0.15,,
2020-08-01,-6.52,-0.23,,
2020-08-02,-4.89,-0.69,,
2020-08-03,-5.17,3.11,,
2020-08-04,-6.53,0.80,,
2020-08-05,-5.88,-0.51,,
2020-08-06,-5.97,0.63,,
2020-08-07,-7.25,-0.00,,
2020-08-08,-8.23,-0.87,,
2020-08-09,-7.07,-2.03,,
2020-08-10,-6.85,-1.09,,
2020-08-11,-6.73,-0.47,,
2020-08-12,-8.38,-1.33,,
2020-08-13,-7.67,-0.27,,
2020-08-14,-8.17,-1.89,,
2020-08-15,-6.40,-1.72,,
2020-08-16,-5.08,1.36,,
2020-08-17,-8.27,0.72,,
2020-08-18,-8.91,0.47,,
2020-08-19,-7.23,0.38,,
2020-08-20,-7.65,-1.77,,
2020-08-21,-7.28,-4.37,,
2020-08-22,-10.54,5.61,,
2020-08-23,-8.42,0.15,,
2020-08-24,-7.16,-2.33,,
2020-08-25,-7.01,2.01,,
2020-08-26,-6.48,0.11,,
2020-08-27,-7.05,-2.99,,
2020-08-28,-7.01,-2.28,,
2020-08-29,-6.46,-3.29,,
2020-08-30,-8.18,-2.98,,
2020-08-31,-8.00,-2.29,,
2020-09-01,-7.55,1.20,,
2020-09-02,-8.23,-1.16,,
2020-09-03,-6.04,0.32,,
2020-09-04,-7.04,-0.86,,
2020-09-05,-7.27,-0.76,,
2020-09-06,-6.31,-1.34,,
2020-09-07,-5.78,0.61,,
2020-09-08,-5.53,0.48,,
2020-09-09,-6.79,0.24,,
2020-09-10,-5.92,-2.04,,
2020-09-11,-4.40,-1.87,,
2020-09-12,-3.49,-1.00,,
2020-09-13,-3.96,1.60,,
2020-09-14,-5.01,1.34,,
2020-09-15,-5.65,0.20,,
2020-09-16,-5.81,-2.00,,
2020-09-17,-5.49,-5.12,,
2020-09-18,-3.12,-2.81,,
2020-09-19,-0.15,-1.72,,
2020-09-20,1.79,1.98,,
2020-09-21,0.69,2.57,,
2020-09-22,1.33,3.65,,
2020-09-23,-1.94,3.22,,
2020-09-24,-3.18,0.33,,
2020-09-25,-3.68,-0.72,,
2020-09-26,-4.71,-3.06,,
2020-09-27,-6.26,-2.03,,
2020-09-28,-7.78,0.82,,
2020-09-29,-8.24,2.84,,
2020-09-30,-8.12,-0.00,,
2020-10-01,-9.87,-0.17,,
2020-10-02,-9.44,0.49,,
2020-10-03,-6.29,1.80,,
2020-10-04,-6.84,-0.12,,
2020-10-05,-7.72,-0.81,,
2020-10-06,-6.67,-1.30,,
2020-10-07,-5.35,1.33,,
2020-10-08,-4.06,0.50,,
2020-10-09,-3.06,-2.15,,
2020-10-10,-4.17,0.15,,
2020-10-11,-5.94,1.26,,
2020-10-12,-5.80,-0.00,,
2020-10-13,-4.05,2.34,,
2020-10-14,-4.12,1.11,,
2020-10-15,-7.80,0.82,,
2020-10-16,-8.93,2.56,,
2020-10-17,-6.34,1.82,,
2020-10-18,-4.47,-1.03,,
2020-10-19,1.47,-3.63,,
2020-10-20,3.44,-2.15,,
2020-10-21,2.32,1.40,,
2020-10-22,-1.90,3.04,,
2020-10-23,-6.28,1.45,,
2020-10-24,-7.24,2.63,,
2020-10-25,-8.65,-0.76,,
2020-10-26,-9.51,-2.73,,
2020-10-27,-9.42,-0.33,,
2020-10-28,-8.85,-2.37,,
2020-10-29,-9.72,0.34,,
2020-10-30,-10.35,1.64,,
2020-10-31,-9.02,0.32,,
2020-11-01,-9.71,-0.00,,
2020-11-02,-7.94,3.05,,
2020-11-03,-7.03,2.99,,
2020-11-04,-7.93,-0.14,,
2020-11-05,-8.49,-0.89,,
2020-11-06,-6.98,0.24,,
2020-11-07,-6.85,0.84,,
2020-11-08,-6.43,2.21,,
2020-11-09,-8.65,0.15,,
2020-11-10,-10.74,1.51,,
2020-11-11,-8.79,2.69,,
2020-11-12,-9.42,0.33,,
2020-11-13,-9.08,-1.28,,
2020-11-14,-7.51,-1.73,,
2020-11-15,-7.08,-3.61,,
2020-11-16,-7.16,-1.39,,
2020-11-17,-7.44,1.05,,
2020-11-18,-6.25,0.99,,
2020-11-19,-6.73,-0.83,,
2020-11-20,-8.16,1.00,,
2020-11-21,-9.67,1.36,,
2020-11-22,-8.86,3.23,,
2020-11-23,-7.42,4.46,,
2020-11-24,-4.48,4.17,,
2020-11-25,-3.19,-0.22,,
2020-11-26,-4.01,-2.22,,
2020-11-27,-2.58,-2.09,,
2020-11-28,-2.83,-1.44,,
2020-11-29,-4.71,-1.26,,
2020-11-30,-5.44,-2.77,,
2020-12-01,-5.63,-1.10,,
2020-12-02,-4.91,-1.89,,
2020-12-03,-5.49,-2.80,,
2020-12-04,-6.82,-3.33,,
2020-12-05,-6.15,-1.65,,
2020-12-06,-4.46,0.31,,
2020-12-07,-5.65,1.41,,
2020-12-08,-3.29,3.40,,
2020-12-09,-2.82,2.05,,
2020-12-10,-4.53,-0.00,,
2020-12-11,-6.71,-1.80,,
2020-12-12,-6.96,-1.87,,
2020-12-13,-5.88,-1.69,,
2020-12-14,-4.84,-3.51,,
2020-12-15,-1.64,-5.05,,
2020-12-16,-3.58,-1.90,,
2020-12-17,-6.03,0.96,,
2020-12-18,-7.07,-0.49,,
2020-12-19,-6.79,-2.61,,
2020-12-20,-8.03,-2.15,,
2020-12-21,-8.39,-0.88,,
2020-12-22,-8.62,-1.06,,
2020-12-23,-6.98,-2.27,,
2020-12-24,-10.94,-2.73,,
2020-12-25,-9.14,-0.32,,
2020-12-26,-4.88,-1.13,,
2020-12-27,-4.06,-0.86,,
2020-12-28,-3.74,0.79,,
2020-12-29,1.38,-3.58,,
2020-12-30,-5.88,-9.06,,
2020-12-31,-10.95,-6.58,,
2021-01-01,-10.43,-5.09,,
2021-01-02,-9.72,-4.74,,
2021-01-03,-8.48,-3.96,,
2021-01-04,-6.04,-4.72,,
2021-01-05,-6.06,-1.97,,
2021-01-06,-3.73,0.66,,
2021-01-07,-4.98,-0.88,,
2021-01-08,-6.93,-0.00,,
2021-01-09,-6.41,1.48,,
2021-01-10,-6.05,0.96,,
2021-01-11,-7.49,-0.92,,
2021-01-12,-8.36,-2.72,,
2021-01-13,-7.66,-1.63,,
2021-01-14,-7.60,1.62,,
2021-01-15,-4.90,0.34,,
2021-01-16,-6.07,0.42,,
2021-01-17,-6.55,-1.51,,
2021-01-18,-7.86,0.27,,
2021-01-19,-8.47,-1.95,,
2021-01-20,-7.79,-1.52,,
2021-01-21,-5.00,-0.61,,
2021-01-22,-4.72,-0.50,,
2021-01-23,-4.51,-0.32,,
2021-01-24,-4.50,-2.10,,
2021-01-25,-5.77,-4.51,,
2021-01-26,-7.58,-3.53,,
2021-01-27,-7.35,-2.11,,
2021-01-28,-6.48,-0.80,,
2021-01-29,-1.90,-1.54,,
2021-01-30,-5.00,-4.34,,
2021-01-31,-9.01,-4.79,,
2021-02-01,-9.16,1.61,,
2021-02-02,-6.49,5.64,,
2021-02-03,-5.20,2.88,,
2021-02-04,-5.31,3.19,,
2021-02-05,-6.75,0.83,,
2021-02-06,-8.70,-0.46,,
2021-02-07,-9.42,0.33,,
2021-02-08,-7.75,-0.54,,
2021-02-09,-9.05,-2.43,,
2021-02-10,-8.46,-1.64,,
2021-02-11,-7.99,-2.44,,
2021-02-12,-9.29,-0.32,,
2021-02-13,-9.56,1.17,,
2021-02-14,-10.16,-0.18,,
2021-02-15,-10.00,-0.35,,
2021-02-16,-9.64,-0.67,,
2021-02-17,-10.27,-1.81,,
2021-02-18,-10.92,-2.32,,
2021-02-19,-9.32,-1.14,,
2021-02-20,-7.22,0.25,,
2021-02-21,-6.68,-1.30,,
2021-02-22,-8.41,-3.40,,
2021-02-23,-9.58,0.84,,
2021-02-24,-8.19,-0.14,,
2021-02-25,-9.49,-1.33,,
2021-02-26,-9.14,-3.15,,
2021-02-27,-10.10,-3.09,,
2021-02-28,-9.81,-4.78,,
2021-03-01,-9.12,-5.93,,
2021-03-02,-7.99,-3.56,,
2021-03-03,-7.49,-0.39,,
2021-03-04,-4.59,3.33,,
2021-03-05,-2.92,3.36,,
2021-03-06,-5.95,2.65,,
2021-03-07,-7.16,2.61,,
2021-03-08,-6.05,1.29,,
2021-03-09,-7.35,-3.43,,
2021-03-10,-7.83,-1.10,,
2021-03-11,-6.68,-1.66,,
2021-03-12,-5.22,-0.18,,
2021-03-13,-2.16,-1.01,,
2021-03-14,-0.19,-3.69,,
2021-03-15,-3.51,-4.33,,
2021-03-16,-5.07,-6.49,,
2021-03-17,-8.06,-4.84,,
2021-03-18,-7.92,-3.53,,
2021-03-19,-8.33,-2.55,,
2021-03-20,-8.03,-1.13,,
2021-03-21,-7.34,-1.16,,
2021-03-22,-6.77,0.71,,
2021-03-23,-5.49,0.87,,
2021-03-24,-6.06,0.32,,
2021-03-25,-6.89,-1.09,,
2021-03-26,-8.60,-1.83,,
2021-03-27,-8.78,-2.52,,
2021-03-28,-9.93,-2.47,,
2021-03-29,-10.22,-0.71,,
2021-03-30,-9.69,-1.88,,
2021-03-31,-10.57,-2.25,,
2021-04-01,-9.39,-0.99,,
2021-04-02,-8.98,1.75,,
2021-04-03,-6.95,2.81,,
2021-04-04,-4.83,2.90,,
2021-04-05,-3.78,1.92,,
2021-04-06,-3.65,-1.19,,
2021-04-07,-4.97,-4.32,,
2021-04-08,-4.49,-4.81,,
2021-04-09,-5.19,-4.35,,
2021-04-10,-4.25,-4.56,,
2021-04-11,-4.26,-2.17,,
2021-04-12,-4.43,0.86,,
2021-04-13,-1.44,3.09,,
2021-04-14,2.24,-2.32,,
2021-04-15,-3.32,-4.40,,
2021-04-16,-5.56,-1.18,,
2021-04-17,-5.12,3.33,,
2021-04-18,-5.03,2.68,,
2021-04-19,-6.49,1.62,,
2021-04-20,-7.41,0.52,,
2021-04-21,-8.32,-0.15,,
2021-04-22,-7.80,1.38,,
2021-04-23,-6.54,1.51,,
2021-04-24,-6.83,0.12,,
2021-04-25,-7.23,0.38,,
2021-04-26,-6.65,1.91,,
2021-04-27,-7.00,0.37,,
2021-04-28,-7.33,-0.77,,
2021-04-29,-7.59,-0.80,,
2021-04-30,-7.23,-0.25,,
2021-05-01,-6.09,-0.53,,
2021-05-02,-6.62,-1.90,,
2021-05-03,-7.18,-2.61,,
2021-05-04,-8.32,-0.87,,
2021-05-05,-8.46,-0.30,,
2021-05-06,-7.89,-0.55,,
2021-05-07,-7.46,-0.13,,
2021-05-08,-6.84,1.71,,
2021-05-09,-8.59,0.30,,
2021-05-10,-9.24,0.32,,
2021-05-11,-9.01,-0.63,,
2021-05-12,-8.22,-0.43,,
2021-05-13,-8.45,-0.30,,
2021-05-14,-7.86,1.25,,
2021-05-15,-6.58,2.39,,
2021-05-16,-5.48,2.79,,
2021-05-17,-5.27,2.02,,
2021-05-18,-6.12,1.64,,
2021-05-19,-3.93,3.18,,
2021-05-20,-3.66,2.47,,
2021-05-21,-6.26,1.10,,
2021-05-22,-7.93,-0.14,,
2021-05-23,-6.96,-1.10,,
2021-05-24,-6.97,-0.86,,
2021-05-25,-7.19,-1.01,,
2021-05-26,-7.22,-1.27,,
2021-05-27,-5.60,0.10,,
2021-05-28,-4.46,0.16,,
2021-05-29,-5.44,1.36,,
2021-05-30,-7.95,0.42,,
2021-05-31,-7.43,-0.26,,
2021-06-01,-8.74,-0.76,,
2021-06-02,-7.35,-1.03,,
2021-06-03,-8.03,-0.28,,
2021-06-04,-9.06,-0.00,,
2021-06-05,-9.60,-0.00,,
2021-06-06,-9.14,-1.28,,
2021-06-07,-8.28,-0.72,,
2021-06-08,-8.52,-0.45,,
2021-06-09,-6.82,-0.60,,
2021-06-10,-5.55,-0.98,,
2021-06-11,-5.17,-0.09,,
2021-06-12,-5.91,0.83,,
2021-06-13,-6.65,0.47,,
2021-06-14,-8.44,0.15,,
2021-06-15,-8.84,-0.62,,
2021-06-16,-9.24,-1.13,,
2021-06-17,-10.15,0.89,,
2021-06-18,-9.52,2.20,,
2021-06-19,-9.43,-1.16,,
2021-06-20,-8.83,0.15,,
2021-06-21,-9.38,-0.99,,
2021-06-22,-8.88,-1.57,,
2021-06-23,-8.26,-2.21,,
2021-06-24,-7.79,-1.52,,
2021-06-25,-7.14,-0.37,,
2021-06-26,-7.39,2.99,,
2021-06-27,-6.72,2.99,,
2021-06-28,-7.40,0.65,,
2021-06-29,-7.76,0.14,,
2021-06-30,-9.21,-1.62,,
2021-07-01,-10.33,0.54,,
2021-07-02,-10.63,-0.37,,
2021-07-03,-10.18,2.54,,
2021-07-04,-7.75,-0.27,,
2021-07-05,-7.69,0.40,,
2021-07-06,-8.55,0.90,,
2021-07-07,-9.47,-1.00,,
2021-07-08,-9.53,-1.17,,
2021-07-09,-9.49,-2.54,,
2021-07-10,-8.71,-0.30,,
2021-07-11,-9.46,-0.99,,
2021-07-12,-9.54,-0.50,,
2021-07-13,-7.72,-1.93,,
2021-07-14,-6.90,-0.12,,
2021-07-15,-7.28,-0.13,,
2021-07-16,-8.46,0.30,,
2021-07-17,-7.86,-0.83,,
2021-07-18,-8.87,-0.78,,
2021-07-19,-8.69,0.46,,
2021-07-20,-7.65,0.40,,
2021-07-21,-7.94,-1.69,,
2021-07-22,-8.31,0.15,,
2021-07-23,-9.32,-1.48,,
2021-07-24,-8.63,1.52,,
2021-07-25,-6.59,3.21,,
2021-07-26,-7.67,0.13,,
2021-07-27,-7.14,-2.46,,
2021-07-28,-8.17,0.14,,
2021-07-29,-8.08,1.42,,
2021-07-30,-8.30,0.14,,
2021-07-31,-8.42,-0.15,,
2021-08-01,-6.82,-1.96,,
2021-08-02,-6.12,-0.11,,
2021-08-03,-6.47,0.79,,
2021-08-04,-6.91,1.34,,
2021-08-05,-6.93,-0.97,,
2021-08-06,-6.01,-0.74,,
2021-08-07,-5.78,-2.22,,
2021-08-08,-8.13,-0.85,,
2021-08-09,-7.58,-0.53,,
2021-08-10,-9.50,-2.55,,
2021-08-11,-8.53,3.11,,
2021-08-12,-8.62,-0.91,,
2021-08-13,-7.94,-3.05,,
2021-08-14,-8.21,0.43,,
2021-08-15,-11.18,1.37,,
2021-08-16,-6.92,3.08,,
2021-08-17,-7.30,0.51,,
2021-08-18,-7.56,-0.66,,
2021-08-19,-8.61,-2.47,,
2021-08-20,-9.45,-1.84,,
2021-08-21,-8.41,-0.74,,
2021-08-22,-9.86,-2.10,,
2021-08-23,-9.66,-3.33,,
2021-08-24,-7.92,-0.69,,
2021-08-25,-6.40,0.22,,
2021-08-26,-5.78,-0.20,,
2021-08-27,-7.93,-0.69,,
2021-08-28,-7.21,-2.34,,
2021-08-29,-4.54,-3.30,,
2021-08-30,0.00,-3.61,,
2021-08-31,0.77,-1.19,,
2021-09-01,-1.65,0.63,,
2021-09-02,-5.26,0.37,,
2021-09-03,-7.12,-0.50,,
2021-09-04,-7.72,0.40,,
2021-09-05,-6.93,-1.60,,
2021-09-06,-6.37,-4.46,,
2021-09-07,-4.94,-3.21,,
2021-09-08,-3.11,-1.19,,
2021-09-09,-3.34,1.28,,
2021-09-10,-5.65,0.49,,
2021-09-11,-7.74,-1.64,,
2021-09-12,-8.82,-0.00,,
2021-09-13,-7.10,-1.00,,
2021-09-14,-6.90,0.60,,
2021-09-15,-6.21,2.38,,
2021-09-16,-6.23,0.22,,
2021-09-17,-6.87,-0.36,,
2021-09-18,-5.95,-2.28,,
2021-09-19,-5.64,-2.51,,
2021-09-20,-4.30,-3.36,,
2021-09-21,2.00,4.72,,
2021-09-22,-0.76,6.15,,
2021-09-23,-1.26,3.89,,
2021-09-24,-1.13,2.65,,
2021-09-25,-2.85,0.66,,
2021-09-26,-4.01,0.71,,
2021-09-27,-4.83,-0.17,,
2021-09-28,-4.71,1.62,,
2021-09-29,-4.25,-0.67,,
2021-09-30,-1.68,-2.69,,
2021-10-01,-3.41,2.05,,
2021-10-02,-6.79,1.20,,
2021-10-03,-8.36,1.32,,
2021-10-04,-9.45,0.50,,
2021-10-05,-10.71,-1.51,,
2021-10-06,-8.97,-2.24,,
2021-10-07,-7.46,-0.92,,
2021-10-08,-7.08,0.37,,
2021-10-09,-7.25,0.13,,
2021-10-10,-9.20,-0.64,,
2021-10-11,-8.55,2.78,,
2021-10-12,-7.64,2.05,,
2021-10-13,-4.55,5.05,,
2021-10-14,1.74,5.68,,
2021-10-15,3.45,4.11,,
2021-10-16,1.43,1.08,,
2021-10-17,0.26,1.65,,
2021-10-18,-1.09,-0.02,,
2021-10-19,-3.17,-0.91,,
2021-10-20,-5.63,0.20,,
2021-10-21,-6.60,1.52,,
2021-10-22,-8.03,1.85,,
2021-10-23,-8.57,0.45,,
2021-10-24,-6.71,-1.06,,
2021-10-25,-6.75,1.19,,
2021-10-26,-5.03,2.13,,
2021-10-27,-2.91,2.81,,
2021-10-28,-2.88,2.59,,
2021-10-29,-4.03,2.23,,
2021-10-30,-5.23,1.70,,
2021-10-31,-5.36,0.85,,
2021-11-01,-5.17,-0.73,,
2021-11-02,-5.68,-2.90,,
2021-11-03,-6.67,-1.42,,
2021-11-04,-7.47,-0.00,,
2021-11-05,-7.36,1.56,,
2021-11-06,-7.24,0.76,,
2021-11-07,-4.73,0.83,,
2021-11-08,-4.74,1.72,,
2021-11-09,-5.12,0.45,,
2021-11-10,-5.72,-1.11,,
2021-11-11,-7.12,-1.91,,
2021-11-12,-7.97,-2.14,,
2021-11-13,-8.17,-1.15,,
2021-11-14,-7.86,-0.14,,
2021-11-15,-8.26,-0.14,,
2021-11-16,-7.99,-2.14,,
2021-11-17,-8.25,-4.77,,
2021-11-18,-9.53,-3.85,,
2021-11-19,-7.80,-2.24,,
2021-11-20,-6.09,-2.10,,
2021-11-21,-5.89,-0.10,,
2021-11-22,-4.84,0.08,,
2021-11-23,-4.33,2.81,,
2021-11-24,-0.36,2.02,,
2021-11-25,-1.70,-4.22,,
2021-11-26,-5.34,-6.37,,
2021-11-27,-5.47,-3.29,,
2021-11-28,-4.68,-0.74,,
2021-11-29,-5.61,1.82,,
2021-11-30,-5.79,0.81,,
2021-12-01,-6.34,-1.70,,
2021-12-02,-7.85,-0.00,,
2021-12-03,-5.89,-0.00,,
2021-12-04,-5.97,-2.29,,
2021-12-05,-8.06,-0.85,,
2021-12-06,-9.00,-1.27,,
2021-12-07,-8.18,-2.19,,
2021-12-08,-7.93,-2.27,,
2021-12-09,-7.01,-2.28,,
2021-12-10,-8.26,-3.17,,
2021-12-11,-9.41,-4.39,,
2021-12-12,-9.44,-3.25,,
2021-12-13,-9.70,-2.78,,
2021-12-14,-10.35,-2.97,,
2021-12-15,-9.59,-2.93,,
2021-12-16,-9.91,-3.22,,
2021-12-17,-10.56,-2.25,,
2021-12-18,-10.25,-4.35,,
2021-12-19,-9.65,-2.05,,
2021-12-20,-8.00,-1.12,,
2021-12-21,-6.80,0.48,,
2021-12-22,-6.78,2.47,,
2021-12-23,-6.15,4.80,,
2021-12-24,-3.26,2.64,,
2021-12-25,-4.73,-1.18,,
2021-12-26,-5.13,-0.45,,
2021-12-27,-4.56,-3.32,,
2021-12-28,-6.01,-3.61,,
2021-12-29,-6.96,-2.81,,
2021-12-30,-7.89,-3.68,,
2021-12-31,-8.15,-3.13,,
2022-01-01,-7.63,-2.33,-0.215,0.040
2022-01-02,-6.81,-2.34,-0.198,0.025
2022-01-03,-7.34,-1.56,-0.211,0.025
2022-01-04,-5.96,-1.71,-0.141,0.017
2022-01-05,-7.62,-1.07,-0.203,0.046
2022-01-06,-7.34,-1.56,-0.179,0.028
2022-01-07,-7.29,1.02,-0.171,0.080
2022-01-08,-8.30,-2.07,-0.237,0.011
2022-01-09,-8.63,-4.21,-0.259,-0.033
2022-01-10,-7.16,-2.05,-0.174,0.063
2022-01-11,-4.72,-1.09,-0.096,0.012
2022-01-12,-5.72,-1.53,-0.145,0.039
2022-01-13,-4.67,4.21,-0.063,0.124
2022-01-14,0.43,6.12,0.062,0.149
2022-01-15,-0.17,3.28,0.047,0.050
2022-01-16,-6.46,0.34,-0.133,0.077
2022-01-17,-6.99,2.68,-0.151,0.161
2022-01-18,-5.27,2.23,-0.084,0.134
2022-01-19,-7.38,-0.00,-0.151,0.076
2022-01-20,-9.11,-0.96,-0.227,0.068
2022-01-21,-9.47,-0.83,-0.264,0.081
2022-01-22,-8.56,-1.98,-0.227,0.040
2022-01-23,-5.25,-0.64,-0.117,0.055
2022-01-24,-3.73,1.58,-0.072,0.072
2022-01-25,-6.42,2.21,-0.128,0.122
2022-01-26,-5.79,-0.92,-0.155,0.069
2022-01-27,-6.23,-1.79,-0.151,0.068
2022-01-28,-6.05,-1.40,-0.133,0.048
2022-01-29,-5.30,1.22,-0.075,0.093
2022-01-30,-4.49,2.59,-0.080,0.041
2022-01-31,-4.93,2.51,-0.072,0.096
2022-02-01,-2.81,0.20,-0.075,-0.036
2022-02-02,-5.70,-1.42,-0.131,0.019
2022-02-03,-5.35,-2.38,-0.112,-0.021
2022-02-04,-7.34,-4.41,-0.213,-0.102
2022-02-05,-8.83,-2.37,-0.244,0.013
2022-02-06,-8.83,-1.56,-0.252,0.016
2022-02-07,-8.62,-1.99,-0.244,0.033
2022-02-08,-8.56,-1.66,-0.239,0.012
2022-02-09,-8.19,-1.74,-0.243,0.015
2022-02-10,-7.97,-0.00,-0.212,0.079
2022-02-11,-9.94,-0.00,-0.278,0.091
2022-02-12,-9.92,-1.39,-0.282,0.066
2022-02-13,-9.61,-0.84,-0.267,0.077
2022-02-14,-6.93,-0.97,-0.170,0.043
2022-02-15,-7.58,-1.61,-0.216,-0.002
2022-02-16,-8.95,-0.78,-0.244,0.046
2022-02-17,-9.16,-2.28,-0.263,0.016
2022-02-18,-8.73,-2.02,-0.246,0.007
2022-02-19,-6.76,-2.87,-0.174,-0.039
2022-02-20,-6.37,-2.83,-0.164,-0.051
2022-02-21,-7.40,-2.69,-0.200,-0.042
2022-02-22,-6.53,-3.77,-0.172,-0.081
2022-02-23,-4.88,-5.23,-0.149,-0.106
2022-02-24,-3.32,-7.11,-0.119,-0.186
2022-02-25,-5.74,-2.20,-0.128,-0.045
2022-02-26,-6.44,-2.09,-0.182,-0.006
2022-02-27,-6.81,-1.70,-0.184,-0.007
2022-02-28,-6.38,1.01,-0.136,0.069
2022-03-01,-6.67,2.04,-0.172,0.070
2022-03-02,-6.14,1.31,-0.124,0.077
2022-03-03,-6.28,-1.80,-0.169,-0.037
2022-03-04,-7.64,0.27,-0.197,0.048
2022-03-05,-8.90,-1.25,-0.263,0.029
2022-03-06,-9.59,-2.75,-0.295,0.014
2022-03-07,-10.27,-2.56,-0.314,0.051
2022-03-08,-8.98,-2.24,-0.264,0.027
2022-03-09,-9.70,-1.89,-0.271,0.057
2022-03-10,-9.93,-0.17,-0.270,0.082
2022-03-11,-9.72,-0.34,-0.269,0.097
2022-03-12,-9.57,-0.00,-0.254,0.097
2022-03-13,-8.34,-0.00,-0.187,0.083
2022-03-14,-10.04,-2.88,-0.291,0.034
2022-03-15,-10.00,-2.31,-0.284,0.056
2022-03-16,-10.00,-0.52,-0.265,0.103
2022-03-17,-9.37,-0.49,-0.236,0.090
2022-03-18,-9.60,-1.01,-0.247,0.057
2022-03-19,-8.95,-1.42,-0.239,0.014
2022-03-20,-9.22,-1.63,-0.258,0.029
2022-03-21,-7.11,-1.13,-0.182,0.018
2022-03-22,-7.40,-2.12,-0.190,-0.026
2022-03-23,-8.19,-1.74,-0.210,0.011
2022-03-24,-9.70,-1.71,-0.270,0.040
2022-03-25,-9.07,-0.00,-0.225,0.082
2022-03-26,-7.20,2.06,-0.137,0.074
2022-03-27,-4.71,2.51,-0.061,-0.018
2022-03-28,-3.19,2.59,-0.026,-0.041
2022-03-29,-4.90,0.52,-0.083,-0.043
2022-03-30,-6.76,-2.07,-0.151,-0.023
2022-03-31,-9.33,-2.16,-0.249,0.021
2022-04-01,-9.68,-0.34,-0.251,0.080
2022-04-02,-8.78,0.61,-0.229,0.077
2022-04-03,-7.54,2.02,-0.163,0.085
2022-04-04,-6.06,3.50,-0.134,0.074
2022-04-05,-7.05,1.37,-0.164,0.062
2022-04-06,-8.08,0.85,-0.207,0.086
2022-04-07,-8.25,0.43,-0.224,0.093
2022-04-08,-8.56,1.36,-0.221,0.140
2022-04-09,-8.44,1.04,-0.227,0.132
2022-04-10,-6.39,1.95,-0.130,0.123
2022-04-11,-5.12,0.09,-0.102,0.035
2022-04-12,-6.57,-0.92,-0.160,0.021
2022-04-13,-8.99,-0.31,-0.242,0.093
2022-04-14,-9.20,-0.97,-0.257,0.086
2022-04-15,-9.62,-1.35,-0.260,0.083
2022-04-16,-9.57,1.52,-0.239,0.151
2022-04-17,-9.64,2.22,-0.233,0.154
2022-04-18,-10.06,1.77,-0.258,0.117
2022-04-19,-9.77,2.62,-0.235,0.134
2022-04-20,-8.70,1.53,-0.220,0.075
2022-04-21,-7.98,-0.84,-0.201,0.010
2022-04-22,-8.05,-1.56,-0.209,0.029
2022-04-23,-6.02,-2.68,-0.147,-0.022
2022-04-24,-7.12,-2.45,-0.173,0.025
2022-04-25,-6.43,-2.73,-0.146,0.004
2022-04-26,-3.08,-5.13,-0.054,-0.092
2022-04-27,-4.45,-5.31,-0.125,-0.099
2022-04-28,-4.88,-2.38,-0.062,-0.045
2022-04-29,-5.38,-1.75,-0.093,-0.029
2022-04-30,-6.09,-1.63,-0.125,0.023
2022-05-01,-5.60,0.39,-0.114,0.003
2022-05-02,-7.76,0.68,-0.159,0.068
2022-05-03,-7.32,-2.10,-0.180,0.013
2022-05-04,-7.04,-2.84,-0.164,-0.029
2022-05-05,-7.66,-2.20,-0.176,0.030
2022-05-06,-6.78,0.24,-0.132,0.057
2022-05-07,-6.04,0.96,-0.099,0.067
2022-05-08,-6.24,1.67,-0.127,0.048
2022-05-09,-5.38,3.36,-0.065,0.082
2022-05-10,-6.51,2.63,-0.146,0.083
2022-05-11,-8.17,4.16,-0.168,0.160
2022-05-12,-9.60,2.22,-0.218,0.152
2022-05-13,-9.44,1.16,-0.235,0.121
2022-05-14,-9.46,0.66,-0.225,0.112
2022-05-15,-8.42,0.89,-0.191,0.093
2022-05-16,-8.35,2.55,-0.182,0.124
2022-05-17,-7.23,1.41,-0.169,0.047
2022-05-18,-6.05,1.85,-0.104,0.090
2022-05-19,-5.96,1.16,-0.119,0.026
2022-05-20,-6.38,0.33,-0.115,0.043
2022-05-21,-6.89,-0.97,-0.144,0.052
2022-05-22,-6.18,-1.31,-0.119,-0.012
2022-05-23,-6.30,-1.11,-0.131,0.017
2022-05-24,-6.45,-1.14,-0.136,0.009
2022-05-25,-6.01,-0.95,-0.101,-0.007
2022-05-26,-6.44,-0.56,-0.128,0.024
2022-05-27,-7.29,-0.51,-0.167,0.055
2022-05-28,-7.58,-0.80,-0.174,0.036
2022-05-29,-7.53,-0.92,-0.163,0.056
2022-05-30,-8.47,-1.04,-0.213,0.054
2022-05-31,-7.40,-1.17,-0.165,0.016
2022-06-01,-5.98,-0.84,-0.127,-0.003
2022-06-02,-5.21,1.20,-0.096,0.038
2022-06-03,-4.92,2.29,-0.076,0.046
2022-06-04,-5.65,3.00,-0.084,0.093
2022-06-05,-5.95,3.30,-0.103,0.129
2022-06-06,-7.67,1.49,-0.183,0.112
2022-06-07,-7.09,1.00,-0.152,0.081
2022-06-08,-6.70,-0.70,-0.169,0.038
2022-06-09,-6.78,-0.95,-0.166,0.026
2022-06-10,-6.47,-0.91,-0.149,0.039
2022-06-11,-8.74,0.92,-0.218,0.094
2022-06-12,-8.86,0.15,-0.220,0.095
2022-06-13,-8.27,-1.46,-0.219,0.020
2022-06-14,-8.69,0.46,-0.217,0.078
2022-06-15,-7.65,1.21,-0.180,0.063
2022-06-16,-6.88,2.10,-0.159,0.066
2022-06-17,-4.84,2.68,-0.107,0.009
2022-06-18,-6.13,2.60,-0.117,0.075
2022-06-19,-7.48,-0.00,-0.201,0.050
2022-06-20,-7.86,-0.55,-0.195,0.057
2022-06-21,-5.81,-0.30,-0.133,0.041
2022-06-22,-4.72,0.75,-0.080,0.070
2022-06-23,-5.49,2.00,-0.111,0.092
2022-06-24,-6.55,0.69,-0.139,0.094
2022-06-25,-7.97,1.26,-0.206,0.115
2022-06-26,-8.02,2.00,-0.196,0.118
2022-06-27,-9.12,0.48,-0.252,0.115
2022-06-28,-8.96,-0.63,-0.255,0.068
2022-06-29,-10.30,-2.00,-0.304,0.076
2022-06-30,-9.69,-1.53,-0.258,0.076
2022-07-01,-9.04,-2.42,-0.246,0.029
2022-07-02,-11.05,0.77,-0.297,0.132
2022-07-03,-9.32,1.64,-0.215,0.116
2022-07-04,-8.11,-1.00,-0.198,0.028
2022-07-05,-7.52,-0.53,-0.197,0.045
2022-07-06,-7.65,1.21,-0.169,0.089
2022-07-07,-7.31,0.77,-0.157,0.094
2022-07-08,-9.28,0.98,-0.226,0.111
2022-07-09,-8.81,-0.93,-0.217,0.043
2022-07-10,-8.80,-0.93,-0.224,0.077
2022-07-11,-7.86,0.55,-0.180,0.059
2022-07-12,-7.27,-1.15,-0.190,0.015
2022-07-13,-7.69,-1.36,-0.202,0.030
2022-07-14,-9.29,-1.64,-0.246,0.036
2022-07-15,-9.65,-0.84,-0.253,0.069
2022-07-16,-9.90,-0.52,-0.242,0.071
2022-07-17,-9.10,-2.44,-0.234,0.050
2022-07-18,-8.01,-0.70,-0.184,0.053
2022-07-19,-7.70,-0.40,-0.187,0.014
2022-07-20,-8.99,-1.10,-0.231,0.054
2022-07-21,-9.07,-0.48,-0.229,0.082
2022-07-22,-9.14,-0.96,-0.229,0.082
2022-07-23,-8.79,-3.91,-0.251,0.006
2022-07-24,-8.68,-0.15,-0.191,0.107
2022-07-25,-10.51,-0.74,-0.301,0.071
2022-07-26,-8.86,-2.71,-0.228,0.027
2022-07-27,-7.63,-1.07,-0.180,0.057
2022-07-28,-7.70,-1.22,-0.205,0.012
2022-07-29,-8.27,-3.18,-0.208,0.012
2022-07-30,-9.34,-1.31,-0.223,0.072
2022-07-31,-9.13,-1.77,-0.234,0.051
2022-08-01,-7.51,-2.88,-0.185,-0.028
2022-08-02,-7.12,-2.31,-0.178,-0.028
2022-08-03,-7.62,-0.13,-0.168,0.055
2022-08-04,-9.06,-1.60,-0.234,0.057
2022-08-05,-9.04,-1.92,-0.226,0.036
2022-08-06,-8.69,-2.82,-0.222,0.013
2022-08-07,-10.22,-1.62,-0.274,0.061
2022-08-08,-9.59,-2.39,-0.246,0.023
2022-08-09,-7.95,-2.58,-0.193,-0.017
2022-08-10,-8.05,-0.28,-0.190,0.037
2022-08-11,-7.59,-0.80,-0.186,-0.019
2022-08-12,-6.52,-0.80,-0.139,-0.008
2022-08-13,-5.25,-2.56,-0.124,-0.076
2022-08-14,-4.85,-1.86,-0.102,-0.095
2022-08-15,-2.26,1.47,0.019,-0.069
2022-08-16,-1.05,1.61,0.003,-0.092
2022-08-17,-2.56,-0.78,-0.035,-0.122
2022-08-18,-6.89,-0.48,-0.133,0.004
2022-08-19,-7.98,-0.70,-0.167,0.046
2022-08-20,-8.70,-0.00,-0.204,0.073
2022-08-21,-6.31,-0.66,-0.135,0.016
2022-08-22,-5.00,0.61,-0.105,0.021
2022-08-23,-5.25,2.34,-0.079,0.041
2022-08-24,-7.36,0.26,-0.155,0.069
2022-08-25,-7.30,-0.64,-0.183,0.044
2022-08-26,-6.43,0.34,-0.147,0.056
2022-08-27,-6.98,1.11,-0.147,0.103
2022-08-28,-7.11,-1.00,-0.175,0.065
2022-08-29,-6.50,-0.00,-0.127,0.057
2022-08-30,-6.21,-0.22,-0.118,0.065
2022-08-31,-4.02,-1.23,-0.080,-0.013
2022-09-01,-5.16,-3.35,-0.122,-0.023
2022-09-02,-5.96,-4.33,-0.155,-0.037
2022-09-03,-4.78,-7.08,-0.152,-0.091
2022-09-04,5.76,7.38,0.169,0.046
2022-09-05,3.27,8.10,0.128,0.080
2022-09-06,3.38,6.37,0.127,0.127
2022-09-07,2.69,4.85,0.086,0.110
2022-09-08,-0.08,4.64,0.065,0.086
2022-09-09,-3.88,2.24,0.005,0.113
2022-09-10,-4.77,-0.76,-0.078,0.055
2022-09-11,-5.01,-1.25,-0.061,0.052
2022-09-12,-5.19,-0.09,-0.066,0.039
2022-09-13,-6.11,-0.00,-0.107,0.037
2022-09-14,-7.21,-2.07,-0.165,0.016
2022-09-15,-8.25,-3.50,-0.208,-0.019
2022-09-16,-9.86,-3.20,-0.254,0.032
2022-09-17,-13.29,-3.81,-0.416,0.021
2022-09-18,-13.00,3.00,-0.352,0.251
2022-09-19,-8.17,4.91,-0.170,0.181
2022-09-20,-5.91,4.14,-0.064,0.049
2022-09-21,-6.45,4.51,-0.110,0.076
2022-09-22,-7.92,3.20,-0.169,0.136
2022-09-23,-5.22,3.39,-0.070,0.064
2022-09-24,-5.99,0.73,-0.145,0.059
2022-09-25,-6.34,-0.44,-0.140,0.082
2022-09-26,-7.03,0.25,-0.135,0.077
2022-09-27,-7.52,0.66,-0.163,0.113
2022-09-28,-7.08,-0.74,-0.179,0.018
2022-09-29,-5.91,1.15,-0.112,0.030
2022-09-30,-5.11,3.32,-0.080,0.080
2022-10-01,-3.31,4.23,-0.039,0.054
2022-10-02,-4.31,2.59,-0.064,0.021
2022-10-03,-4.93,0.34,-0.088,0.040
2022-10-04,-5.67,0.90,-0.116,0.075
2022-10-05,-7.93,1.69,-0.176,0.131
2022-10-06,-8.21,-1.15,-0.193,0.087
2022-10-07,-7.43,-0.78,-0.158,0.048
2022-10-08,-7.25,-1.54,-0.166,0.030
2022-10-09,-6.64,-0.35,-0.126,0.047
2022-10-10,-5.97,1.38,-0.097,0.062
2022-10-11,-6.54,-0.23,-0.159,0.035
2022-10-12,-6.27,-0.66,-0.116,0.066
2022-10-13,-5.28,-0.09,-0.088,0.062
2022-10-14,-4.47,-0.16,-0.079,0.035
2022-10-15,-5.45,-0.57,-0.104,0.100
2022-10-16,-4.24,-0.45,-0.072,0.051
2022-10-17,-3.12,0.61,-0.007,0.056
2022-10-18,-3.78,2.18,-0.023,0.074
2022-10-19,-5.58,0.39,-0.100,0.063
2022-10-20,-6.89,-0.12,-0.126,0.137
2022-10-21,-6.59,-1.16,-0.120,0.069
2022-10-22,-5.89,-1.80,-0.100,0.047
2022-10-23,-4.39,-1.34,-0.041,0.042
2022-10-24,-4.60,0.24,-0.029,0.078
2022-10-25,-5.88,-0.41,-0.123,0.048
2022-10-26,-5.73,4.32,-0.083,0.150
2022-10-27,-6.78,5.49,-0.135,0.184
2022-10-28,-7.40,1.85,-0.175,0.102
2022-10-29,-8.16,0.57,-0.192,0.097
2022-10-30,-6.18,2.01,-0.114,0.048
2022-10-31,-4.44,1.71,-0.056,-0.012
2022-11-01,-5.71,-0.90,-0.106,-0.002
2022-11-02,-5.71,-1.21,-0.122,0.040
2022-11-03,-4.26,-0.15,-0.069,0.040
2022-11-04,-4.58,2.13,-0.075,0.099
2022-11-05,-7.52,1.33,-0.166,0.067
2022-11-06,-3.24,8.44,-0.015,0.225
2022-11-07,-0.82,7.77,-0.026,0.055
2022-11-08,-3.42,5.47,-0.028,0.138
2022-11-09,-3.45,4.11,-0.096,0.085
2022-11-10,-6.48,0.91,-0.157,0.046
2022-11-11,-7.38,-1.17,-0.185,0.051
2022-11-12,-5.84,-1.14,-0.141,0.026
2022-11-13,-6.22,-0.65,-0.145,0.024
2022-11-14,-7.04,2.84,-0.127,0.082
2022-11-15,-7.83,1.67,-0.201,0.097
2022-11-16,-7.53,-2.16,-0.200,0.015
2022-11-17,-7.21,-0.50,-0.190,0.060
2022-11-18,-7.86,-2.11,-0.226,0.067
2022-11-19,-8.59,-1.83,-0.226,0.092
2022-11-20,-9.23,-2.30,-0.256,0.056
2022-11-21,-9.01,-0.00,-0.221,0.090
2022-11-22,-10.34,-1.09,-0.274,0.116
2022-11-23,-9.40,-0.33,-0.240,0.088
2022-11-24,-7.38,-0.65,-0.146,0.046
2022-11-25,-6.68,-0.47,-0.159,0.043
2022-11-26,-5.90,-0.41,-0.157,-0.006
2022-11-27,-6.21,-2.26,-0.171,0.016
2022-11-28,-6.58,-1.40,-0.161,0.084
2022-11-29,-5.94,-2.52,-0.156,0.024
2022-11-30,-6.34,-3.66,-0.160,-0.031
2022-12-01,-6.55,-3.63,-0.169,0.006
2022-12-02,-6.29,-3.78,-0.191,-0.035
2022-12-03,-5.43,-3.94,-0.138,-0.014
2022-12-04,0.88,-4.97,-0.030,-0.138
2022-12-05,2.83,-6.66,0.024,-0.194
2022-12-06,-1.38,-7.08,-0.053,-0.099
2022-12-07,-0.89,-7.25,-0.046,-0.184
2022-12-08,1.16,-7.35,0.006,-0.162
2022-12-09,-1.50,-5.23,-0.050,-0.095
2022-12-10,1.63,-4.02,0.015,-0.126
2022-12-11,1.80,-5.23,0.026,-0.123
2022-12-12,-0.61,-3.88,-0.011,-0.079
2022-12-13,-1.20,-0.56,0.037,-0.040
2022-12-14,-3.12,-1.52,-0.009,-0.047
2022-12-15,-5.43,-2.20,-0.104,-0.028
2022-12-16,-6.38,-2.71,-0.145,-0.059
2022-12-17,-7.40,-1.71,-0.155,0.018
2022-12-18,-7.59,-0.40,-0.177,0.022
2022-12-19,-6.24,-1.79,-0.138,-0.038
2022-12-20,-6.19,-2.38,-0.135,-0.019
2022-12-21,-7.10,-1.25,-0.165,0.032
2022-12-22,-6.96,1.61,-0.156,0.076
2022-12-23,-6.77,0.95,-0.157,0.104
2022-12-24,-6.97,0.37,-0.170,0.047
2022-12-25,-8.21,-0.29,-0.196,0.062
2022-12-26,-10.54,-0.00,-0.280,0.087
2022-12-27,-9.90,1.04,-0.251,0.095
2022-12-28,-9.50,0.83,-0.237,0.096
2022-12-29,-9.02,-1.75,-0.248,0.002
2022-12-30,-9.63,-1.87,-0.267,0.026
2022-12-31,-7.41,-1.99,-0.212,0.001
2023-01-01,-7.26,-1.28,-0.188,0.047
2023-01-02,-6.21,-2.26,-0.166,0.010
2023-01-03,-6.61,-3.97,-0.190,-0.030
2023-01-04,-9.35,-1.82,-0.258,0.045
2023-01-05,-9.99,-0.52,-0.282,0.078
2023-01-06,-9.70,0.17,-0.258,0.104
2023-01-07,-7.82,-0.82,-0.198,0.036
2023-01-08,-7.77,1.23,-0.156,0.091
2023-01-09,-8.02,0.28,-0.195,0.029
2023-01-10,-4.62,3.48,-0.054,0.067
2023-01-11,-3.18,1.76,-0.061,-0.003
2023-01-12,-5.35,-0.19,-0.093,-0.022
2023-01-13,-8.06,0.14,-0.202,0.060
2023-01-14,-6.56,3.34,-0.126,0.112
2023-01-15,-0.47,4.48,-0.004,0.030
2023-01-16,-1.57,-6.80,-0.072,-0.221
2023-01-17,-3.97,-6.60,-0.133,-0.144
2023-01-18,-3.84,-5.29,-0.105,-0.084
2023-01-19,-4.62,-0.57,-0.087,-0.019
2023-01-20,-6.22,0.11,-0.162,0.031
2023-01-21,-6.08,-0.53,-0.150,0.033
2023-01-22,-7.82,-0.68,-0.212,0.058
2023-01-23,-8.96,0.47,-0.241,0.095
2023-01-24,-7.44,-0.78,-0.203,0.036
2023-01-25,-7.42,-0.91,-0.196,0.032
2023-01-26,-7.47,-3.17,-0.208,-0.018
2023-01-27,-6.46,-4.70,-0.176,-0.089
2023-01-28,-7.05,-5.13,-0.210,-0.042
2023-01-29,-8.07,-4.85,-0.242,-0.058
2023-01-30,-8.27,-5.58,-0.249,-0.074
2023-01-31,-6.58,-7.06,-0.221,-0.121
2023-02-01,-5.72,-5.33,-0.166,-0.087
2023-02-02,-7.16,-3.65,-0.209,0.010
2023-02-03,-8.05,-0.56,-0.198,0.087
2023-02-04,-7.85,0.41,-0.181,0.102
2023-02-05,-10.14,-1.07,-0.295,0.092
2023-02-06,-9.25,1.14,-0.230,0.117
2023-02-07,-7.84,-1.52,-0.221,0.013
2023-02-08,-8.88,-3.23,-0.245,0.021
2023-02-09,-9.97,-3.05,-0.301,0.010
2023-02-10,-10.04,-2.13,-0.289,0.069
2023-02-11,-9.55,-1.00,-0.263,0.072
2023-02-12,-8.98,-0.31,-0.238,0.084
2023-02-13,-7.70,1.36,-0.172,0.106
2023-02-14,-5.07,1.08,-0.127,0.036
2023-02-15,-6.02,-2.94,-0.152,-0.001
2023-02-16,-9.39,-4.18,-0.270,-0.002
2023-02-17,-10.00,-5.54,-0.309,-0.017
2023-02-18,-9.69,-2.60,-0.266,0.050
2023-02-19,-9.46,-3.63,-0.270,0.014
2023-02-20,-8.31,-3.19,-0.220,-0.009
2023-02-21,-7.11,-2.31,-0.190,-0.019
2023-02-22,-6.16,-4.00,-0.177,-0.070
2023-02-23,-7.61,-4.22,-0.230,-0.051
2023-02-24,-6.45,-5.22,-0.198,-0.085
2023-02-25,-6.47,-4.53,-0.189,-0.033
2023-02-26,-4.92,-2.40,-0.104,0.023
2023-02-27,-2.16,-2.16,-0.014,-0.019
2023-02-28,-3.72,-0.79,-0.027,0.000
2023-03-01,-3.91,-0.83,-0.055,-0.012
2023-03-02,-5.09,-2.71,-0.130,-0.013
2023-03-03,-6.64,-0.58,-0.145,0.067
2023-03-04,-7.96,-0.00,-0.204,0.083
2023-03-05,-6.39,-0.22,-0.136,0.074
2023-03-06,-5.06,-1.36,-0.113,0.014
2023-03-07,-2.72,0.09,-0.068,-0.039
2023-03-08,2.47,-0.35,0.002,-0.090
2023-03-09,5.68,-2.89,0.105,-0.164
2023-03-10,3.02,-5.68,0.039,-0.199
2023-03-11,-1.63,-2.51,-0.034,-0.053
2023-03-12,0.79,2.59,0.068,-0.001
2023-03-13,-1.42,0.66,-0.033,-0.020
2023-03-14,-3.99,1.53,-0.042,0.007
2023-03-15,-3.36,2.82,-0.075,0.022
2023-03-16,2.22,5.24,0.060,0.033
2023-03-17,-4.92,-7.87,-0.146,-0.212
2023-03-18,-8.45,-3.41,-0.231,-0.010
2023-03-19,-8.97,-0.94,-0.252,0.079
2023-03-20,-8.67,0.45,-0.236,0.103
2023-03-21,-8.88,-1.09,-0.236,0.050
2023-03-22,-8.51,-3.10,-0.255,-0.021
2023-03-23,-6.45,-3.73,-0.183,-0.059
2023-03-24,-6.61,-2.94,-0.186,-0.043
2023-03-25,-7.77,-2.52,-0.220,-0.021
2023-03-26,-7.69,-0.81,-0.201,0.046
2023-03-27,-7.90,-0.83,-0.224,0.037
2023-03-28,-7.79,-1.23,-0.205,0.037
2023-03-29,-7.45,-0.26,-0.202,0.059
2023-03-30,-6.58,0.23,-0.165,0.061
2023-03-31,-7.74,-2.07,-0.202,0.005
2023-04-01,-9.04,-2.94,-0.267,0.017
2023-04-02,-8.69,-0.30,-0.239,0.093
2023-04-03,-8.39,0.59,-0.229,0.118
2023-04-04,-8.69,-0.46,-0.216,0.097
2023-04-05,-8.57,-2.30,-0.229,0.033
2023-04-06,-8.59,-1.51,-0.248,0.024
2023-04-07,-8.14,1.58,-0.200,0.105
2023-04-08,-8.59,1.98,-0.208,0.117
2023-04-09,-7.56,1.88,-0.194,0.136
2023-04-10,-5.56,3.48,-0.102,0.093
2023-04-11,-4.92,2.73,-0.077,0.083
2023-04-12,-5.62,1.83,-0.119,0.046
2023-04-13,-5.53,-0.10,-0.130,0.013
2023-04-14,-5.86,-1.46,-0.136,0.027
2023-04-15,-6.93,-1.47,-0.168,0.021
2023-04-16,-7.76,-2.08,-0.193,0.045
2023-04-17,-4.56,-0.16,-0.078,0.029
2023-04-18,-5.06,1.64,-0.096,0.046
2023-04-19,-7.10,1.38,-0.167,0.088
2023-04-20,-7.88,0.83,-0.198,0.095
2023-04-21,-6.01,0.84,-0.128,0.076
2023-04-22,-1.44,2.60,0.008,0.012
2023-04-23,3.01,0.70,0.021,-0.066
2023-04-24,-1.18,-3.08,-0.046,-0.066
2023-04-25,-2.70,-1.62,-0.016,0.054
2023-04-26,-4.09,-0.07,-0.031,0.053
2023-04-27,-4.36,1.01,-0.023,0.080
2023-04-28,-3.88,-0.34,-0.046,-0.003
2023-04-29,-4.11,-0.72,-0.066,-0.032
2023-04-30,-5.63,0.59,-0.108,0.014
2023-05-01,-4.70,3.68,-0.076,0.078
2023-05-02,-4.66,2.48,-0.088,0.031
2023-05-03,-5.34,1.84,-0.102,0.072
2023-05-04,-4.93,3.33,-0.051,0.095
2023-05-05,-4.71,3.18,-0.047,0.056
2023-05-06,-3.93,3.42,-0.004,0.033
2023-05-07,-3.80,1.93,-0.039,-0.012
2023-05-08,-6.85,0.96,-0.125,0.027
2023-05-09,-6.29,2.54,-0.102,-0.005
2023-05-10,-5.56,4.04,-0.089,0.056
2023-05-11,-6.19,1.20,-0.133,-0.007
2023-05-12,-6.80,0.24,-0.155,-0.008
2023-05-13,-7.65,1.63,-0.174,0.070
2023-05-14,-6.72,1.31,-0.139,0.061
2023-05-15,-4.98,2.32,-0.107,0.026
2023-05-16,-4.51,1.82,-0.097,0.018
2023-05-17,-4.25,2.98,-0.057,0.098
2023-05-18,-4.62,2.56,-0.090,0.057
2023-05-19,-6.72,1.18,-0.137,0.108
2023-05-20,-7.79,2.38,-0.156,0.116
2023-05-21,-7.37,4.60,-0.129,0.152
2023-05-22,-4.16,4.02,-0.093,0.053
2023-05-23,-4.60,3.22,-0.118,0.028
2023-05-24,-4.72,3.18,-0.098,0.089
2023-05-25,-5.28,2.69,-0.094,0.083
2023-05-26,-4.72,2.20,-0.080,0.044
2023-05-27,-6.53,3.04,-0.152,0.094
2023-05-28,-7.77,1.37,-0.183,0.099
2023-05-29,-6.07,1.29,-0.131,0.077
2023-05-30,-6.57,2.66,-0.141,0.101
2023-05-31,-7.03,3.28,-0.149,0.126
2023-06-01,-5.58,4.68,-0.073,0.143
2023-06-02,-3.61,5.55,-0.030,0.129
2023-06-03,-2.48,7.64,-0.019,0.182
2023-06-04,-1.83,6.84,0.003,0.126
2023-06-05,-3.47,5.55,-0.022,0.155
2023-06-06,-4.34,3.16,-0.070,0.073
2023-06-07,-5.65,3.13,-0.084,0.121
2023-06-08,-6.99,3.41,-0.138,0.157
2023-06-09,-7.89,2.41,-0.163,0.121
2023-06-10,-7.92,1.97,-0.158,0.115
2023-06-11,-7.86,1.11,-0.187,0.074
2023-06-12,-9.12,-0.32,-0.239,0.086
2023-06-13,-8.86,0.93,-0.217,0.119
2023-06-14,-7.10,2.59,-0.141,0.114
2023-06-15,-8.09,1.87,-0.192,0.120
2023-06-16,-7.59,1.20,-0.184,0.088
2023-06-17,-7.32,-0.26,-0.168,0.080
2023-06-18,-6.67,0.94,-0.157,0.045
2023-06-19,-6.67,2.30,-0.151,0.083
2023-06-20,-7.11,2.18,-0.176,0.099
2023-06-21,-8.95,0.16,-0.235,0.096
2023-06-22,-9.06,-1.27,-0.236,0.069
2023-06-23,-8.62,-1.83,-0.233,0.055
2023-06-24,-7.43,-0.65,-0.182,0.046
2023-06-25,-5.28,-1.72,-0.115,0.004
2023-06-26,-3.34,0.29,-0.080,-0.009
2023-06-27,-5.53,0.29,-0.106,0.056
2023-06-28,-6.56,2.79,-0.129,0.145
2023-06-29,-3.26,5.88,-0.044,0.158
2023-06-30,-5.22,3.65,-0.119,0.104
2023-07-01,-6.55,1.75,-0.148,0.102
2023-07-02,-7.48,0.65,-0.180,0.086
2023-07-03,-8.23,-0.43,-0.219,0.068
2023-07-04,-9.13,1.45,-0.239,0.125
2023-07-05,-7.86,-0.00,-0.207,0.074
2023-07-06,-7.75,-1.37,-0.203,0.029
2023-07-07,-6.93,-1.86,-0.197,0.032
2023-07-08,-7.95,0.56,-0.204,0.092
2023-07-09,-7.23,1.02,-0.152,0.084
2023-07-10,-9.14,-0.96,-0.234,0.099
2023-07-11,-9.65,-2.95,-0.274,0.018
2023-07-12,-10.05,0.35,-0.259,0.117
2023-07-13,-7.84,-0.00,-0.180,0.049
2023-07-14,-7.75,-1.37,-0.189,0.031
2023-07-15,-7.57,-1.89,-0.198,0.059
2023-07-16,-7.60,-0.66,-0.192,0.035
2023-07-17,-8.26,0.58,-0.209,0.074
2023-07-18,-8.43,0.29,-0.211,0.093
2023-07-19,-9.60,-0.67,-0.242,0.088
2023-07-20,-6.77,-0.83,-0.148,0.033
2023-07-21,-4.18,-0.81,-0.088,-0.059
2023-07-22,-4.95,1.71,-0.104,0.034
2023-07-23,-5.58,-0.10,-0.110,0.027
2023-07-24,-7.27,-0.89,-0.171,0.034
2023-07-25,-9.13,-2.11,-0.248,0.022
2023-07-26,-8.37,-0.44,-0.205,0.065
2023-07-27,-7.12,-0.12,-0.153,0.060
2023-07-28,-7.29,0.13,-0.183,0.021
2023-07-29,-8.06,0.28,-0.198,0.091
2023-07-30,-6.62,-0.58,-0.174,0.031
2023-07-31,-6.69,-0.00,-0.154,0.054
2023-08-01,-4.53,1.47,-0.104,0.046
2023-08-02,-3.54,0.25,-0.075,-0.053
2023-08-03,-4.91,-0.95,-0.136,0.010
2023-08-04,-6.21,2.51,-0.132,0.105
2023-08-05,-8.65,-0.76,-0.228,0.054
2023-08-06,-9.02,-0.00,-0.242,0.080
2023-08-07,-9.15,-1.29,-0.263,0.023
2023-08-08,-7.02,-0.24,-0.180,0.033
2023-08-09,-7.45,1.18,-0.180,0.074
2023-08-10,-8.37,3.38,-0.215,0.146
2023-08-11,-6.85,-0.00,-0.174,-0.009
2023-08-12,-7.29,-1.95,-0.190,0.030
2023-08-13,-8.04,1.42,-0.203,0.092
2023-08-14,-8.70,-2.33,-0.251,0.021
2023-08-15,-8.92,-3.60,-0.265,0.001
2023-08-16,-7.88,-2.56,-0.221,-0.016
2023-08-17,-9.17,-0.80,-0.247,0.063
2023-08-18,-10.26,-1.99,-0.305,0.015
2023-08-19,-9.34,-3.58,-0.282,-0.006
2023-08-20,-10.32,-2.01,-0.307,0.059
2023-08-21,-7.19,1.79,-0.168,0.116
2023-08-22,-4.19,1.20,-0.113,0.022
2023-08-23,-4.62,0.49,-0.130,0.002
2023-08-24,-2.47,1.79,0.008,0.019
2023-08-25,-1.34,4.37,-0.022,0.063
2023-08-26,-0.00,6.70,0.052,0.035
2023-08-27,-0.11,6.13,0.010,0.058
2023-08-28,-3.00,4.80,0.010,0.119
2023-08-29,-5.19,2.20,-0.105,0.076
2023-08-30,-6.09,1.75,-0.133,0.084
2023-08-31,-5.75,0.81,-0.129,0.061
2023-09-01,-5.23,-0.00,-0.138,0.006
2023-09-02,-5.02,2.45,-0.087,0.047
2023-09-03,-3.77,4.04,-0.054,0.036
2023-09-04,-4.28,4.28,-0.066,0.074
2023-09-05,-4.19,2.52,-0.098,0.028
2023-09-06,-5.09,1.08,-0.085,0.052
2023-09-07,-5.82,0.31,-0.102,0.033
2023-09-08,-5.45,-3.41,-0.142,-0.043
2023-09-09,-4.19,-3.04,-0.099,-0.029
2023-09-10,3.66,-4.52,0.025,-0.132
2023-09-11,7.39,3.44,0.173,-0.056
2023-09-12,5.17,7.66,0.174,0.080
2023-09-13,2.03,8.16,0.099,0.119
2023-09-14,-1.50,6.50,0.020,0.169
2023-09-15,-3.08,2.78,-0.042,0.048
2023-09-16,-4.40,-1.43,-0.055,0.024
2023-09-17,-5.13,-1.67,-0.093,0.042
2023-09-18,-3.64,-1.85,-0.059,0.012
2023-09-19,-2.83,-1.64,-0.047,-0.002
2023-09-20,-4.41,-0.08,-0.074,-0.011
2023-09-21,-6.29,0.66,-0.132,0.054
2023-09-22,-6.66,-0.58,-0.163,0.052
2023-09-23,-6.97,1.48,-0.153,0.098
2023-09-24,-5.95,2.05,-0.141,0.050
2023-09-25,-6.61,-0.70,-0.153,0.035
2023-09-26,-6.18,-2.88,-0.159,0.034
2023-09-27,-6.12,-3.98,-0.173,-0.003
2023-09-28,-4.61,-3.11,-0.106,-0.030
2023-09-29,-5.33,-3.46,-0.139,-0.023
2023-09-30,-7.71,-4.28,-0.231,-0.029
2023-10-01,-6.23,-4.05,-0.139,-0.005
2023-10-02,-5.08,-4.90,-0.144,-0.068
2023-10-03,0.57,-6.51,-0.003,-0.091
2023-10-04,1.17,11.11,0.118,0.209
2023-10-05,-1.21,6.21,-0.057,0.079
2023-10-06,-3.33,5.77,-0.031,0.168
2023-10-07,-6.00,3.47,-0.143,0.147
2023-10-08,-5.13,2.96,-0.098,0.096
2023-10-09,-5.75,2.81,-0.107,0.146
2023-10-10,-4.58,1.49,-0.093,0.087
2023-10-11,-4.95,-0.00,-0.088,0.066
2023-10-12,-4.64,-1.16,-0.107,0.038
2023-10-13,-3.41,2.13,-0.019,0.069
2023-10-14,-1.59,1.43,0.003,0.002
2023-10-15,-1.92,2.85,0.004,0.067
2023-10-16,-2.73,3.25,-0.037,0.075
2023-10-17,-5.47,1.78,-0.089,0.086
2023-10-18,-5.64,0.39,-0.073,0.048
2023-10-19,-5.88,-0.83,-0.100,0.010
2023-10-20,-9.10,3.13,-0.204,0.172
2023-10-21,-8.69,2.66,-0.239,0.105
2023-10-22,-4.82,-6.40,-0.097,-0.097
2023-10-23,5.37,5.01,0.168,-0.017
2023-10-24,3.99,0.21,0.041,-0.048
2023-10-25,0.81,-4.15,-0.015,-0.159
2023-10-26,-2.58,-1.32,-0.004,-0.014
2023-10-27,-6.06,1.62,-0.144,0.042
2023-10-28,-7.46,6.26,-0.128,0.209
2023-10-29,-5.46,3.97,-0.149,0.006
2023-10-30,-6.20,3.30,-0.114,0.107
2023-10-31,-6.18,3.02,-0.112,0.072
2023-11-01,-6.22,1.90,-0.105,0.058
2023-11-02,-7.56,0.13,-0.163,0.053
2023-11-03,-9.01,-0.63,-0.215,0.067
2023-11-04,-7.72,-1.09,-0.179,0.036
2023-11-05,-5.82,-0.51,-0.109,-0.010
2023-11-06,-3.53,1.80,-0.060,0.005
2023-11-07,-2.18,1.83,-0.015,-0.052
2023-11-08,-4.27,0.37,-0.075,0.011
2023-11-09,-6.57,-1.64,-0.149,0.041
2023-11-10,-8.44,-0.89,-0.204,0.070
2023-11-11,-9.36,0.65,-0.228,0.124
2023-11-12,-9.02,-0.47,-0.225,0.077
2023-11-13,-7.63,0.13,-0.149,0.071
2023-11-14,-6.52,0.80,-0.146,0.046
2023-11-15,-6.32,0.66,-0.132,0.068
2023-11-16,-7.74,0.54,-0.195,0.097
2023-11-17,-8.57,2.95,-0.187,0.156
2023-11-18,-5.79,6.90,-0.093,0.223
2023-11-19,-2.90,7.55,-0.040,0.128
2023-11-20,-1.76,7.05,0.002,0.106
2023-11-21,0.15,-4.33,-0.037,-0.104
2023-11-22,-7.82,-4.52,-0.213,-0.025
2023-11-23,-7.73,0.81,-0.187,0.096
2023-11-24,-6.68,0.58,-0.148,0.090
2023-11-25,-5.33,1.13,-0.066,0.111
2023-11-26,-6.14,-0.21,-0.129,0.007
2023-11-27,-6.92,-0.12,-0.157,0.071
2023-11-28,-6.01,0.42,-0.134,0.074
2023-11-29,-6.10,-0.32,-0.136,0.039
2023-11-30,-7.41,-1.71,-0.179,0.043
2023-12-01,-8.02,-2.15,-0.198,0.078
2023-12-02,-7.12,-3.63,-0.184,0.016
2023-12-03,-5.19,-3.37,-0.107,-0.003
2023-12-04,-6.98,1.48,-0.134,0.067
2023-12-05,-8.42,0.29,-0.210,0.095
2023-12-06,-6.73,1.19,-0.189,0.073
2023-12-07,-2.47,1.54,-0.027,-0.014
2023-12-08,-6.30,-1.57,-0.183,0.040
2023-12-09,-9.54,-2.03,-0.278,0.040
2023-12-10,-10.80,-3.30,-0.325,0.039
2023-12-11,-10.07,-1.78,-0.257,0.091
2023-12-12,-9.29,-3.75,-0.249,0.007
2023-12-13,-11.18,-4.75,-0.330,-0.011
2023-12-14,-10.09,-4.28,-0.290,0.016
2023-12-15,-8.68,-3.16,-0.231,-0.028
2023-12-16,-9.52,-1.51,-0.234,0.040
2023-12-17,-11.01,-1.35,-0.308,0.038
2023-12-18,-9.86,0.52,-0.244,0.100
2023-12-19,-6.19,0.43,-0.116,0.002
2023-12-20,-2.95,-1.63,-0.065,-0.073
2023-12-21,-1.67,-3.94,-0.070,-0.108
2023-12-22,-3.45,-3.57,-0.072,-0.032
2023-12-23,-1.77,-3.34,-0.019,0.002
2023-12-24,1.53,-1.82,0.025,-0.015
2023-12-25,-1.05,-3.43,-0.016,-0.028
2023-12-26,-4.34,-1.84,-0.066,0.017
2023-12-27,-2.22,-1.33,-0.012,-0.029
2023-12-28,-1.37,-1.63,0.007,-0.040
2023-12-29,-2.72,-0.43,-0.040,-0.035
2023-12-30,-4.01,-1.30,-0.091,0.002
2023-12-31,-5.02,-3.26,-0.116,-0.016
2024-01-01,-6.61,-2.81,-0.156,-0.019
2024-01-02,-6.04,-0.85,-0.116,0.029
2024-01-03,-2.49,0.91,-0.034,-0.045
2024-01-04,-4.83,-0.08,-0.102,-0.005
2024-01-05,-2.00,1.35,-0.036,-0.022
2024-01-06,-3.40,-1.73,-0.066,0.042
2024-01-07,-5.61,-0.00,-0.107,0.080
2024-01-08,-5.87,-0.62,-0.139,0.054
2024-01-09,-8.28,-2.53,-0.235,0.048
2024-01-10,-8.16,0.14,-0.199,0.107
2024-01-11,-7.48,-0.00,-0.202,0.075
2024-01-12,-7.66,-1.08,-0.178,0.066
2024-01-13,-6.61,-1.53,-0.175,0.030
2024-01-14,-6.87,-0.36,-0.162,0.056
2024-01-15,-9.01,0.16,-0.240,0.081
2024-01-16,-10.33,-0.00,-0.292,0.103
2024-01-17,-9.71,0.17,-0.258,0.114
2024-01-18,-9.62,-0.00,-0.264,0.111
2024-01-19,-8.69,2.17,-0.195,0.134
2024-01-20,-6.28,3.63,-0.123,0.123
2024-01-21,-5.37,3.23,-0.100,0.114
2024-01-22,-7.88,-0.69,-0.201,0.007
2024-01-23,-10.82,-1.91,-0.326,0.070
2024-01-24,-11.19,-3.85,-0.348,0.025
2024-01-25,-10.97,-4.43,-0.338,0.045
2024-01-26,-10.08,-2.33,-0.275,0.066
2024-01-27,-9.18,-2.12,-0.257,0.028
2024-01-28,-7.32,-1.03,-0.193,0.033
2024-01-29,-3.29,3.53,-0.060,0.040
2024-01-30,2.53,3.01,0.010,-0.059
2024-01-31,-1.98,-2.73,-0.028,-0.053
2024-02-01,2.11,2.61,0.051,-0.033
2024-02-02,2.71,-4.90,0.015,-0.183
2024-02-03,1.80,-0.96,0.055,-0.043
2024-02-04,-1.13,2.13,-0.035,-0.058
2024-02-05,-1.48,8.38,0.014,0.182
2024-02-06,0.36,10.41,0.067,0.191
2024-02-07,5.88,8.10,0.212,0.109
2024-02-08,5.56,0.88,0.141,-0.084
2024-02-09,-1.97,-6.85,-0.063,-0.170
2024-02-10,-5.62,-4.88,-0.145,-0.050
2024-02-11,-7.28,-3.39,-0.196,-0.022
2024-02-12,-7.50,-1.59,-0.194,0.017
2024-02-13,-5.87,2.86,-0.114,0.071
2024-02-14,-3.23,3.23,-0.048,0.004
2024-02-15,-1.97,1.05,-0.042,-0.052
2024-02-16,-4.32,0.15,-0.062,-0.042
2024-02-17,-6.14,2.87,-0.117,0.093
2024-02-18,-6.98,3.87,-0.146,0.156
2024-02-19,-6.80,3.77,-0.118,0.158
2024-02-20,-6.80,0.12,-0.169,-0.012
2024-02-21,-4.50,2.39,-0.053,0.050
2024-02-22,4.96,-3.74,0.068,-0.136
2024-02-23,-1.17,-4.71,-0.034,-0.120
2024-02-24,-5.16,0.91,-0.061,0.029
2024-02-25,-3.38,0.06,-0.022,-0.007
2024-02-26,-4.31,-2.29,-0.110,-0.052
2024-02-27,-6.36,-2.19,-0.168,-0.030
2024-02-28,-6.45,-2.61,-0.149,-0.045
2024-02-29,-4.79,-3.61,-0.122,-0.067
2024-03-01,-7.52,-5.66,-0.236,-0.121
2024-03-02,-8.14,-6.59,-0.262,-0.095
2024-03-03,-8.77,-4.28,-0.251,-0.019
2024-03-04,-7.91,-3.20,-0.223,0.010
2024-03-05,-5.78,-1.02,-0.118,0.011
2024-03-06,-6.19,1.43,-0.143,0.028
2024-03-07,-6.63,2.81,-0.158,0.097
2024-03-08,-5.80,1.77,-0.127,0.080
2024-03-09,-5.77,-0.71,-0.146,0.050
2024-03-10,-5.71,-0.40,-0.143,0.072
2024-03-11,-3.60,0.83,-0.050,0.083
2024-03-12,-4.11,-1.26,-0.062,0.040
2024-03-13,-6.01,-0.74,-0.123,0.034
2024-03-14,-5.83,-0.20,-0.152,0.035
2024-03-15,-7.80,-2.99,-0.217,0.004
2024-03-16,-8.52,-0.15,-0.215,0.092
2024-03-17,-6.84,0.36,-0.174,0.068
2024-03-18,-7.28,2.22,-0.172,0.135
2024-03-19,-5.91,4.30,-0.131,0.163
2024-03-20,-2.56,3.80,-0.043,0.120
2024-03-21,-3.64,0.06,-0.061,0.082
2024-03-22,-5.94,-1.48,-0.146,0.041
2024-03-23,-7.67,1.49,-0.164,0.148
2024-03-24,-6.67,4.33,-0.130,0.176
2024-03-25,-2.18,5.41,0.002,0.107
2024-03-26,1.92,-3.60,-0.030,-0.147
2024-03-27,-0.10,-5.52,-0.070,-0.134
2024-03-28,5.33,-3.46,0.113,-0.085
2024-03-29,4.26,-3.98,0.061,-0.154
2024-03-30,-0.55,-4.52,-0.031,-0.076
2024-03-31,-5.53,-4.02,-0.143,-0.019
2024-04-01,-7.30,-4.22,-0.205,-0.047
2024-04-02,-8.12,-3.12,-0.233,0.014
2024-04-03,-7.85,-0.69,-0.202,0.063
2024-04-04,-6.96,1.87,-0.138,0.112
2024-04-05,-4.33,1.49,-0.069,0.087
2024-04-06,-2.03,2.25,-0.019,0.016
2024-04-07,-2.86,0.77,-0.065,0.013
2024-04-08,-3.12,-1.01,-0.009,0.039
2024-04-09,-5.56,-6.40,-0.193,-0.091
2024-04-10,-7.28,-4.21,-0.204,0.030
2024-04-11,-9.81,-3.19,-0.284,0.056
2024-04-12,-11.49,-1.21,-0.332,0.101
2024-04-13,-8.62,-1.83,-0.217,0.058
2024-04-14,-8.22,-1.75,-0.224,0.039
2024-04-15,-8.38,1.63,-0.196,0.150
2024-04-16,-5.96,0.31,-0.141,0.091
2024-04-17,-2.32,-2.86,-0.034,-0.011
2024-04-18,-2.73,-3.37,-0.037,-0.005
2024-04-19,-2.32,-2.57,-0.011,0.015
2024-04-20,-5.26,-4.42,-0.122,-0.040
2024-04-21,-8.05,-2.93,-0.217,0.017
2024-04-22,-7.46,0.52,-0.169,0.101
2024-04-23,-4.94,2.85,-0.086,0.048
2024-04-24,-5.20,1.69,-0.087,0.088
2024-04-25,-7.26,0.76,-0.178,0.084
2024-04-26,-6.72,0.71,-0.129,0.082
2024-04-27,-6.18,-1.54,-0.141,0.012
2024-04-28,-5.55,-4.33,-0.146,-0.098
2024-04-29,-7.91,-4.57,-0.232,-0.060
2024-04-30,-9.32,-5.17,-0.287,-0.054
2024-05-01,-9.30,-1.14,-0.239,0.065
2024-05-02,-7.89,1.68,-0.182,0.100
2024-05-03,-3.61,3.49,-0.072,0.030
2024-05-04,-2.66,2.07,-0.059,-0.007
2024-05-05,-4.98,-0.44,-0.135,-0.000
2024-05-06,-6.49,-2.23,-0.160,0.030
2024-05-07,-6.31,-2.29,-0.153,0.027
2024-05-08,-4.97,-0.88,-0.079,0.041
2024-05-09,-5.48,-1.16,-0.144,0.022
2024-05-10,-4.86,1.03,-0.092,0.052
2024-05-11,-3.82,2.38,-0.066,0.119
2024-05-12,-3.18,3.65,-0.020,0.111
2024-05-13,-4.10,2.09,-0.077,0.046
2024-05-14,-5.03,-0.89,-0.113,0.021
2024-05-15,-5.45,-1.67,-0.127,0.035
2024-05-16,-5.12,-0.54,-0.112,0.063
2024-05-17,-5.34,1.04,-0.087,0.072
2024-05-18,-5.83,0.82,-0.125,0.059
2024-05-19,-5.05,2.15,-0.090,0.098
2024-05-20,-5.00,2.12,-0.106,0.085
2024-05-21,-6.21,2.51,-0.109,0.129
2024-05-22,-6.75,3.01,-0.159,0.115
2024-05-23,-6.87,3.65,-0.136,0.120
2024-05-24,-4.57,3.20,-0.100,0.066
2024-05-25,-4.44,3.00,-0.096,0.033
2024-05-26,-5.65,1.00,-0.131,0.058
2024-05-27,-6.36,1.01,-0.141,0.080
2024-05-28,-5.89,-0.41,-0.114,0.047
2024-05-29,-6.66,0.47,-0.159,0.055
2024-05-30,-7.09,1.25,-0.168,0.080
2024-05-31,-6.75,1.93,-0.142,0.075
2024-06-01,-6.53,2.50,-0.144,0.082
2024-06-02,-7.59,1.34,-0.214,0.044
2024-06-03,-7.20,3.99,-0.156,0.148
2024-06-04,-4.84,6.91,-0.111,0.193
2024-06-05,-3.03,4.17,,
2024-06-06,-3.99,3.23,,
2024-06-07,-5.08,4.12,,
2024-06-08,-5.58,3.62,,
2024-06-09,-6.14,1.19,-0.142,0.053
2024-06-10,-7.49,1.32,-0.166,0.084
2024-06-11,-7.75,1.23,-0.185,0.109
2024-06-12,-7.45,-0.26,-0.174,0.068
2024-06-13,-6.67,-2.69,-0.184,-0.008
2024-06-14,-4.50,-1.12,-0.097,0.003
2024-06-15,-3.85,3.12,-0.011,0.051
2024-06-16,-3.47,1.92,-0.067,0.027
2024-06-17,-2.97,2.16,-0.015,0.042
2024-06-18,-3.84,2.22,-0.041,0.069
2024-06-19,-6.35,2.44,-0.110,0.113
2024-06-20,-8.46,-0.59,-0.220,0.102
2024-06-21,-8.27,-1.16,-0.229,0.094
2024-06-22,-6.37,-0.56,-0.155,0.055
2024-06-23,-7.19,0.13,-0.176,0.076
2024-06-24,-8.37,1.03,-0.196,0.134
2024-06-25,-9.24,0.65,-0.246,0.099
2024-06-26,-7.86,0.69,-0.174,0.088
2024-06-27,-7.34,-0.26,-0.190,0.039
2024-06-28,-7.17,-1.14,-0.198,0.027
2024-06-29,-8.13,-0.85,-0.191,0.083
2024-06-30,-9.25,-0.32,-0.232,0.102
2024-07-01,-9.96,-1.58,-0.281,0.059
2024-07-02,-10.13,0.89,-0.252,0.145
2024-07-03,-9.86,-1.21,-0.259,0.086
2024-07-04,-8.89,0.16,-0.238,0.083
2024-07-05,-5.52,3.87,-0.105,0.107
2024-07-06,-6.60,3.51,-0.148,0.110
2024-07-07,-8.03,-1.13,-0.223,0.042
2024-07-08,-8.62,-1.52,-0.228,0.055
2024-07-09,-6.89,-0.97,-0.159,0.052
2024-07-10,-5.70,-1.63,-0.145,0.018
2024-07-11,-8.16,-0.57,-0.221,0.053
2024-07-12,-8.77,-0.77,-0.230,0.076
2024-07-13,-7.68,-0.27,-0.160,0.121
2024-07-14,-6.84,-3.05,-0.184,-0.059
2024-07-15,-4.71,-1.26,-0.049,-0.018
2024-07-16,-6.60,1.65,-0.180,0.081
2024-07-17,-7.27,1.02,-0.174,0.071
2024-07-18,-9.05,-0.95,-0.247,0.088
2024-07-19,-9.68,0.68,-0.251,0.136
2024-07-20,-8.96,0.16,-0.217,0.093
2024-07-21,-7.51,-4.16,-0.213,-0.027
2024-07-22,-8.92,-0.94,-0.227,0.079
2024-07-23,-8.40,-0.44,-0.219,0.052
2024-07-24,-7.74,0.41,-0.169,0.080
2024-07-25,-8.66,-0.30,-0.212,0.062
2024-07-26,-8.03,-0.00,-0.191,0.086
2024-07-27,-5.76,-1.54,-0.158,0.019
2024-07-28,-6.53,-1.27,-0.148,-0.010
2024-07-29,-7.04,0.12,-0.157,0.060
2024-07-30,-7.00,-0.24,-0.170,0.061
2024-07-31,-7.22,-2.21,-0.184,0.020
2024-08-01,-7.51,2.15,-0.110,0.151
2024-08-02,-7.75,0.14,-0.166,0.069
2024-08-03,-8.53,-0.15,-0.215,0.074
2024-08-04,-8.97,-1.42,-0.233,0.051
2024-08-05,-9.01,-1.75,-0.224,0.073
2024-08-06,-7.73,-1.09,-0.180,0.065
2024-08-07,-6.62,-0.35,-0.134,0.061
2024-08-08,-6.74,-1.68,-0.161,0.017
2024-08-09,-8.63,-1.06,-0.202,0.067
2024-08-10,-8.18,-1.15,-0.201,0.027
2024-08-11,-6.47,1.49,-0.127,0.067
2024-08-12,-8.41,-1.94,-0.217,0.025
2024-08-13,-10.65,-4.97,-0.303,-0.010
2024-08-14,-6.59,13.51,0.043,0.331
2024-08-15,-5.29,5.67,-0.125,0.093
2024-08-16,-5.29,1.52,-0.086,0.046
2024-08-17,-5.47,1.78,-0.111,0.113
2024-08-18,-5.03,2.13,-0.087,0.033
2024-08-19,-7.69,-1.22,-0.180,0.077
2024-08-20,-7.89,-2.87,-0.212,-0.004
2024-08-21,-8.28,-2.37,-0.226,0.021
2024-08-22,-8.01,-0.14,-0.183,0.055
2024-08-23,-8.60,-1.36,-0.228,0.064
2024-08-24,-6.35,-2.06,-0.169,-0.010
2024-08-25,-4.57,0.24,-0.047,0.036
2024-08-26,-4.41,-0.23,-0.070,0.060
2024-08-27,-4.92,-0.60,-0.088,-0.015
2024-08-28,-7.06,-0.99,-0.169,0.053
2024-08-29,-7.91,-0.41,-0.190,0.081
2024-08-30,-7.88,-1.68,-0.199,0.063
2024-08-31,-6.92,-1.47,-0.159,0.013
2024-09-01,-7.39,-0.13,-0.151,0.062
2024-09-02,-9.05,-0.95,-0.228,0.067
2024-09-03,-9.71,0.51,-0.223,0.144
2024-09-04,-7.61,-2.18,-0.162,0.019
2024-09-05,-6.37,-1.95,-0.126,0.015
2024-09-06,-6.85,-0.96,-0.151,-0.010
2024-09-07,-7.27,-0.89,-0.156,0.009
2024-09-08,-8.08,1.14,-0.165,0.053
2024-09-09,-6.88,0.12,-0.144,0.039
2024-09-10,-6.24,1.56,-0.140,0.040
2024-09-11,-5.61,1.40,-0.104,0.029
2024-09-12,-5.72,1.32,-0.097,0.080
2024-09-13,-5.97,1.16,-0.117,0.058
2024-09-14,-5.12,3.45,-0.071,0.126
2024-09-15,-5.37,3.49,-0.085,0.094
2024-09-16,-6.76,-0.24,-0.126,0.082
2024-09-17,-6.30,-1.57,-0.130,0.059
2024-09-18,-4.74,-2.21,-0.090,-0.034
2024-09-19,-1.31,-1.74,0.046,-0.036
2024-09-20,-1.43,-0.44,0.031,-0.046
2024-09-21,-0.12,1.31,0.052,-0.078
2024-09-22,0.20,1.87,0.033,-0.055
2024-09-23,-0.71,1.68,0.011,-0.070
2024-09-24,-3.21,1.86,0.013,0.019
2024-09-25,-5.14,0.09,-0.079,0.005
2024-09-26,-6.87,-0.72,-0.114,0.043
2024-09-27,-7.05,-0.12,-0.141,0.070
2024-09-28,-6.48,0.68,-0.121,0.028
2024-09-29,-4.70,-1.35,-0.098,-0.035
2024-09-30,-4.33,-1.41,-0.061,-0.035
2024-10-01,-3.73,-2.52,-0.051,-0.033
2024-10-02,-1.80,-3.24,-0.037,-0.065
2024-10-03,-3.65,-2.55,-0.073,-0.045
2024-10-04,-2.57,-2.66,-0.021,-0.035
2024-10-05,-2.51,-0.82,-0.010,0.008
2024-10-06,-1.44,1.08,0.003,-0.031
2024-10-07,-2.64,0.66,0.016,0.009
2024-10-08,-3.39,2.95,0.002,0.059
2024-10-09,-2.42,4.56,0.034,0.112
2024-10-10,-2.37,4.10,-0.003,0.101
2024-10-11,-1.42,3.19,0.034,0.054
2024-10-12,-1.74,2.79,0.032,0.047
2024-10-13,-4.13,1.67,-0.046,0.069
2024-10-14,-5.04,2.04,-0.074,0.078
2024-10-15,-5.62,0.89,-0.114,0.111
2024-10-16,-6.68,-0.12,-0.155,0.074
2024-10-17,-6.97,-0.49,-0.170,0.077
2024-10-18,-6.23,0.33,-0.091,0.096
2024-10-19,-6.37,1.35,-0.109,0.100
2024-10-20,-6.83,0.84,-0.132,0.055
2024-10-21,-6.39,2.20,-0.124,0.090
2024-10-22,-6.80,3.46,-0.127,0.106
2024-10-23,-3.02,4.65,-0.035,0.099
2024-10-24,-3.33,2.89,-0.039,0.057
2024-10-25,-5.08,-0.00,-0.110,0.074
2024-10-26,-3.90,0.27,-0.083,0.066
2024-10-27,-4.26,-0.60,-0.090,0.016
2024-10-28,-5.52,-0.10,-0.117,0.053
2024-10-29,-6.80,-3.32,-0.178,0.025
2024-10-30,-7.28,-3.87,-0.204,-0.007
2024-10-31,-8.74,-1.38,-0.255,0.069
2024-11-01,-6.91,0.73,-0.136,0.068
2024-11-02,-2.46,3.51,-0.031,-0.031
2024-11-03,-2.38,3.04,-0.017,-0.022
2024-11-04,-4.63,1.33,-0.110,-0.003
2024-11-05,-5.45,-2.20,-0.138,-0.069
2024-11-06,-7.79,-4.86,-0.223,-0.051
2024-11-07,-6.91,-2.79,-0.159,-0.000
2024-11-08,-4.79,4.79,-0.025,0.075
2024-11-09,-7.19,2.47,-0.196,0.070
2024-11-10,-6.40,1.24,-0.150,0.047
2024-11-11,-8.12,0.57,-0.185,0.097
2024-11-12,-6.74,1.56,-0.162,0.085
2024-11-13,-2.04,2.92,0.012,0.059
2024-11-14,1.42,-3.89,-0.001,-0.062
2024-11-15,-5.85,-1.24,-0.091,0.024
2024-11-16,3.07,4.55,0.084,0.060
2024-11-17,0.59,-4.83,-0.021,-0.084
2024-11-18,-3.53,-6.64,-0.121,-0.116
2024-11-19,-4.44,-4.00,-0.094,-0.018
2024-11-20,-4.64,-3.90,-0.132,-0.050
2024-11-21,-4.12,-1.66,-0.093,-0.005
2024-11-22,-4.76,1.19,-0.103,0.041
2024-11-23,-4.03,1.15,-0.085,0.030
2024-11-24,-5.92,-1.15,-0.182,0.020
2024-11-25,-9.61,-1.01,-0.282,0.070
2024-11-26,-8.43,0.29,-0.228,0.077
2024-11-27,-7.17,1.01,-0.163,0.081
2024-11-28,-6.79,0.71,-0.179,0.016
2024-11-29,-6.12,2.35,-0.132,0.091
2024-11-30,-6.76,3.15,-0.156,0.131
2024-12-01,-6.92,1.72,-0.164,0.076
2024-12-02,-7.09,1.25,-0.177,0.086
2024-12-03,-6.96,1.61,-0.205,0.084
2024-12-04,-6.01,1.50,-0.145,0.088
2024-12-05,-7.64,-0.67,-0.230,0.037
2024-12-06,-6.76,-1.44,-0.184,0.022
2024-12-07,-6.12,-1.87,-0.171,0.032
2024-12-08,-7.22,-1.14,-0.201,0.010
2024-12-09,-7.10,-0.37,-0.178,0.070
2024-12-10,-7.57,-3.86,-0.247,-0.017
2024-12-11,-8.30,-4.23,-0.245,0.008
2024-12-12,-4.83,-7.73,-0.185,-0.113
2024-12-13,-0.73,-5.21,-0.056,-0.045
2024-12-14,-2.63,3.75,-0.034,0.106
2024-12-15,-4.40,2.05,-0.090,0.108
2024-12-16,-5.33,1.13,-0.094,0.089
2024-12-17,-7.84,-1.24,-0.215,0.080
2024-12-18,-10.13,-1.79,-0.273,0.086
2024-12-19,-10.78,0.19,-0.311,0.128
2024-12-20,-8.97,1.91,-0.211,0.143
2024-12-21,-5.83,3.93,-0.088,0.099
2024-12-22,-4.69,2.60,-0.119,0.031
2024-12-23,-6.12,-0.86,-0.137,0.036
2024-12-24,-7.49,-1.46,-0.192,0.094
2024-12-25,-6.20,-0.33,-0.140,0.065
2024-12-26,-5.92,0.52,-0.095,0.070
2024-12-27,-5.14,0.18,-0.115,0.017
2024-12-28,-4.39,-6.04,-0.150,-0.126
2024-12-29,-4.50,-6.67,-0.161,-0.083
2024-12-30,-5.07,-4.10,-0.137,0.005
2024-12-31,-5.33,-2.60,-0.114,0.028
2025-01-01,-5.37,-2.28,-0.136,0.048
2025-01-02,-7.05,-2.43,-0.192,0.040
2025-01-03,-6.52,-3.04,-0.160,0.061
2025-01-04,-3.72,-2.06,-0.047,0.035
2025-01-05,-5.70,-3.43,-0.140,-0.006
2025-01-06,-8.27,-4.21,-0.245,0.009
2025-01-07,-6.75,0.12,-0.109,0.128
2025-01-08,-5.69,0.70,-0.095,0.119
2025-01-09,-1.95,1.69,0.050,0.071
2025-01-10,1.51,-5.65,0.023,-0.101
2025-01-11,-2.58,-4.47,-0.058,-0.006
2025-01-12,-1.04,-0.49,0.034,0.005
2025-01-13,-2.99,-3.82,-0.044,-0.002
2025-01-14,-3.09,-6.34,-0.079,-0.121
2025-01-15,-5.44,-6.26,-0.163,-0.072
2025-01-16,-5.31,-5.90,-0.150,-0.073
2025-01-17,-6.82,-3.62,-0.166,-0.009
2025-01-18,-9.82,-3.38,-0.296,-0.030
2025-01-19,-9.97,-1.58,-0.284,0.075
2025-01-20,-9.98,-1.58,-0.283,0.064
2025-01-21,-10.23,-0.72,-0.280,0.086
2025-01-22,-8.86,-0.15,-0.218,0.094
2025-01-23,-9.38,-0.99,-0.261,0.050
2025-01-24,-8.90,-1.73,-0.245,0.061
2025-01-25,-7.34,0.26,-0.176,0.091
2025-01-26,-9.75,-1.54,-0.284,0.067
2025-01-27,-10.27,-0.36,-0.281,0.109
2025-01-28,-7.32,1.03,-0.170,0.113
2025-01-29,-4.41,0.70,-0.075,0.069
2025-01-30,-5.35,-1.33,-0.111,-0.018
2025-01-31,-9.35,-1.48,-0.260,0.040
2025-02-01,-9.52,-1.51,-0.266,0.080
2025-02-02,-9.70,-1.89,-0.269,0.047
2025-02-03,-8.35,-2.71,-0.226,0.012
2025-02-04,-7.52,-2.88,-0.219,-0.028
2025-02-05,-6.91,-2.11,-0.194,0.027
2025-02-06,-9.62,-2.94,-0.284,0.044
2025-02-07,-9.87,-3.02,-0.304,0.039
2025-02-08,-8.97,-3.27,-0.271,0.007
2025-02-09,-9.01,-3.46,-0.266,0.017
2025-02-10,-9.18,-2.46,-0.258,0.039
2025-02-11,-9.54,-0.67,-0.278,0.096
2025-02-12,-10.84,-1.33,-0.328,0.067
2025-02-13,-11.32,-2.20,-0.350,0.053
2025-02-14,-10.93,-3.13,-0.336,0.024
2025-02-15,-10.65,-2.46,-0.322,0.034
2025-02-16,-9.62,-0.17,-0.270,0.078
2025-02-17,-7.73,2.07,-0.206,0.094
2025-02-18,-7.34,-0.90,-0.220,0.046
2025-02-19,-8.49,0.30,-0.234,0.099
2025-02-20,-8.97,1.91,-0.239,0.136
2025-02-21,-6.33,0.78,-0.163,0.090
2025-02-22,-6.27,-0.77,-0.151,0.061
2025-02-23,-7.10,-0.25,-0.182,0.067
2025-02-24,-8.05,0.56,-0.219,0.102
2025-02-25,-8.85,3.05,-0.236,0.174
2025-02-26,-5.52,5.52,-0.097,0.171
2025-02-27,-6.61,1.77,-0.154,0.080
2025-02-28,-6.66,1.54,-0.156,0.090
2025-03-01,-7.50,2.73,-0.199,0.129
2025-03-02,-7.95,2.58,-0.185,0.154
2025-03-03,-4.99,2.65,-0.088,0.101
2025-03-04,-5.08,0.36,-0.118,0.024
2025-03-05,-4.98,0.88,-0.085,0.022
2025-03-06,-2.96,4.39,-0.050,0.120
2025-03-07,-0.79,2.57,-0.004,0.023
2025-03-08,-2.56,-0.36,-0.033,-0.012
2025-03-09,-3.82,-0.07,-0.067,0.019
2025-03-10,-5.09,0.63,-0.109,0.043
2025-03-11,-5.52,3.19,-0.096,0.134
2025-03-12,-1.79,4.02,-0.013,0.091
2025-03-13,-1.56,-1.80,-0.057,-0.048
2025-03-14,-4.85,-1.86,-0.113,0.004
2025-03-15,-3.43,-0.86,-0.001,-0.023
2025-03-16,-0.93,-3.73,-0.023,-0.036
2025-03-17,-4.13,-4.28,-0.129,-0.067
2025-03-18,-3.44,-0.86,-0.029,0.015
2025-03-19,4.57,-0.40,0.082,-0.061
2025-03-20,2.36,-2.20,0.017,-0.118
2025-03-21,-2.96,-1.02,-0.018,-0.059
2025-03-22,-5.70,-0.80,-0.116,0.025
2025-03-23,-7.45,-1.05,-0.192,0.053
2025-03-24,-8.62,-0.60,-0.219,0.053
2025-03-25,-10.35,-0.00,-0.276,0.114
2025-03-26,-8.88,1.41,-0.216,0.126
2025-03-27,-6.72,2.85,-0.144,0.096
2025-03-28,-7.09,-0.00,-0.184,0.042
2025-03-29,-9.75,-1.37,-0.282,0.070
2025-03-30,-10.52,-1.48,-0.317,0.088
2025-03-31,-10.37,-0.91,-0.298,0.108
2025-04-01,-9.98,0.70,-0.247,0.136
2025-04-02,-10.60,-0.74,-0.302,0.094
2025-04-03,-11.54,-3.97,-0.361,-0.011
2025-04-04,-10.89,-4.40,-0.339,-0.016
2025-04-05,-8.85,-3.57,-0.265,0.014
2025-04-06,-7.87,-2.11,-0.218,0.063
2025-04-07,-7.99,-1.27,-0.225,0.044
2025-04-08,-8.52,0.45,-0.235,0.103
2025-04-09,-8.08,2.17,-0.213,0.150
2025-04-10,-6.97,2.13,-0.170,0.133
2025-04-11,-5.84,1.46,-0.132,0.114
2025-04-12,-6.86,3.05,-0.152,0.148
2025-04-13,-5.61,3.64,-0.111,0.153
2025-04-14,-4.71,-0.58,-0.117,0.030
2025-04-15,-7.12,-1.51,-0.185,0.053
2025-04-16,-8.13,1.88,-0.204,0.126
2025-04-17,-6.53,3.18,-0.138,0.138
2025-04-18,-3.12,1.39,-0.063,0.004
2025-04-19,-4.85,-2.06,-0.145,-0.028
2025-04-20,-4.04,-5.56,-0.137,-0.076
2025-04-21,-1.00,-8.13,-0.085,-0.144
2025-04-22,-1.57,-4.30,-0.023,-0.034
2025-04-23,-1.66,-0.41,0.047,0.029
2025-04-24,-2.58,0.55,0.002,-0.002
2025-04-25,-3.61,-1.39,-0.037,-0.005
2025-04-26,-4.37,0.85,-0.070,0.079
2025-04-27,-4.87,1.97,-0.097,0.108
2025-04-28,-4.58,0.97,-0.082,0.116
2025-04-29,-4.43,-1.11,-0.080,0.059
2025-04-30,-3.91,-1.50,-0.058,0.021
2025-05-01,-4.09,-2.27,-0.085,0.003
2025-05-02,-6.57,-2.92,-0.158,-0.005
2025-05-03,-7.54,-1.88,-0.189,0.047
2025-05-04,-6.11,0.11,-0.129,0.057
2025-05-05,-5.58,-0.29,-0.109,0.041
2025-05-06,-5.55,-1.38,-0.131,0.024
2025-05-07,-4.27,-1.64,-0.093,0.023
2025-05-08,-4.43,-0.62,-0.105,0.040
2025-05-09,-5.74,-0.30,-0.124,0.077
2025-05-10,-6.55,0.46,-0.156,0.089
2025-05-11,-8.42,0.44,-0.204,0.110
2025-05-12,-9.15,-0.96,-0.247,0.064
2025-05-13,-9.58,-1.18,-0.259,0.070
2025-05-14,-9.49,-0.33,-0.252,0.098
2025-05-15,-8.64,0.30,-0.215,0.096
2025-05-16,-7.44,1.58,-0.158,0.107
2025-05-17,-5.06,1.26,-0.111,0.036
2025-05-18,-3.21,2.00,-0.068,0.099
2025-05-19,-4.82,1.03,-0.092,0.064
2025-05-20,-5.32,1.73,-0.079,0.101
2025-05-21,-5.08,0.53,-0.090,0.052
2025-05-22,-6.32,-0.11,-0.148,0.041
2025-05-23,-8.18,0.72,-0.194,0.083
2025-05-24,-9.07,-0.48,-0.242,0.099
2025-05-25,-8.68,-1.07,-0.225,0.079
2025-05-26,-8.22,-0.00,-0.210,0.082
2025-05-27,-6.90,-0.36,-0.164,0.038
2025-05-28,-7.52,-1.33,-0.203,0.032
2025-05-29,-8.16,0.28,-0.214,0.089
2025-05-30,-7.41,0.39,-0.179,0.091
2025-05-31,-7.77,2.68,-0.166,0.127
2025-06-01,-8.24,2.84,-0.171,0.126
2025-06-02,-8.32,0.87,-0.200,0.087
2025-06-03,-8.62,-1.21,-0.225,0.053
2025-06-04,-9.01,-1.11,-0.243,0.063
2025-06-05,-7.57,-0.80,-0.182,0.050
2025-06-06,-6.81,-0.12,-0.157,0.049
2025-06-07,-7.16,0.38,-0.169,0.053
2025-06-08,-8.41,1.03,-0.205,0.118
2025-06-09,-8.79,0.77,-0.222,0.121
2025-06-10,-10.50,-0.55,-0.290,0.101
2025-06-11,-10.15,-0.35,-0.270,0.107
2025-06-12,-9.37,-0.33,-0.234,0.080
2025-06-13,-8.55,-0.90,-0.239,0.063
2025-06-14,-8.29,-0.73,-0.235,0.049
2025-06-15,-8.21,-0.00,-0.209,0.061
2025-06-16,-7.73,-0.41,-0.190,0.036
2025-06-17,-7.81,-0.82,-0.192,0.046
2025-06-18,-7.81,-0.00,-0.188,0.049
2025-06-19,-7.89,-0.28,-0.198,0.045
2025-06-20,-8.29,0.29,-0.204,0.092
2025-06-21,-7.69,-0.40,-0.198,0.055
2025-06-22,-6.55,-0.11,-0.155,0.029
2025-06-23,-9.07,0.48,-0.242,0.091
2025-06-24,-10.34,1.64,-0.263,0.156
2025-06-25,-9.95,-0.52,-0.271,0.095
2025-06-26,-9.02,-0.95,-0.258,0.070
2025-06-27,-8.09,-2.63,-0.229,-0.007
2025-06-28,-8.21,-1.30,-0.216,0.051
2025-06-29,-9.26,0.65,-0.240,0.095
2025-06-30,-8.79,0.31,-0.221,0.087
2025-07-01,-8.79,-1.87,-0.234,0.028
2025-07-02,-8.40,0.59,-0.203,0.089
2025-07-03,-6.48,0.57,-0.157,0.047
2025-07-04,-6.17,0.98,-0.131,0.028
2025-07-05,-6.93,1.35,-0.154,0.094
2025-07-06,-6.61,-0.93,-0.167,0.029
2025-07-07,-8.46,-0.30,-0.207,0.077
2025-07-08,-9.55,-0.00,-0.248,0.090
2025-07-09,-9.68,-1.19,-0.246,0.074
2025-07-10,-9.50,-0.66,-0.244,0.087
2025-07-11,-8.40,-0.29,-0.198,0.050
2025-07-12,-5.99,-0.84,-0.143,-0.012
2025-07-13,-5.02,-0.89,-0.114,-0.038
2025-07-14,-7.02,1.11,-0.153,0.062
2025-07-15,-8.36,0.44,-0.183,0.064
2025-07-16,-9.10,-0.96,-0.213,0.047
2025-07-17,-8.42,-0.59,-0.207,0.016
2025-07-18,-7.32,-2.10,-0.183,-0.026
2025-07-19,-6.04,-0.53,-0.133,-0.019
2025-07-20,-7.03,1.62,-0.155,0.053
2025-07-21,-7.72,-0.81,-0.188,0.041
2025-07-22,-8.90,-0.00,-0.225,0.054
2025-07-23,-10.15,-1.25,-0.281,0.055
2025-07-24,-9.03,-1.11,-0.227,0.068
2025-07-25,-7.40,-2.12,-0.215,-0.017
2025-07-26,-7.68,-1.49,-0.211,-0.007
2025-07-27,-7.40,-0.39,-0.200,0.038
2025-07-28,-4.78,0.17,-0.122,-0.034
2025-07-29,-6.22,1.67,-0.142,0.065
2025-07-30,-6.29,-0.33,-0.167,-0.016
2025-07-31,-7.45,0.39,-0.191,0.029
2025-08-01,-8.25,-0.58,-0.214,0.054
2025-08-02,-7.17,2.75,-0.158,0.051
2025-08-03,-5.78,2.70,-0.101,0.038
2025-08-04,-7.50,0.66,-0.190,0.049
2025-08-05,-6.19,-2.13,-0.158,-0.047
2025-08-06,-6.73,0.47,-0.145,0.049
2025-08-07,-6.81,-1.20,-0.174,0.013
2025-08-08,-6.21,-0.98,-0.157,-0.004
2025-08-09,-5.42,-0.09,-0.117,0.004
2025-08-10,-6.39,0.56,-0.154,0.028
2025-08-11,-6.68,-0.94,-0.162,0.011
2025-08-12,-6.37,-0.78,-0.161,0.027
2025-08-13,-5.59,-1.71,-0.135,-0.027
2025-08-14,-7.65,-1.08,-0.197,0.010
2025-08-15,-6.00,-3.61,-0.146,-0.045
2025-08-16,8.05,-5.85,0.100,-0.172
2025-08-17,2.69,13.86,0.215,0.267
2025-08-18,-3.73,8.39,-0.066,0.207
2025-08-19,-4.88,3.81,-0.083,0.082
2025-08-20,-7.29,1.95,-0.154,0.138
2025-08-21,-7.55,-1.20,-0.214,0.053
2025-08-22,-4.84,-3.14,-0.146,0.017
2025-08-23,-3.31,1.14,-0.023,0.069
2025-08-24,-6.61,-0.93,-0.174,0.032
2025-08-25,-8.82,-1.72,-0.263,0.029
2025-08-26,-7.21,-0.76,-0.184,0.042
2025-08-27,-6.27,0.55,-0.142,0.096
2025-08-28,-5.05,2.46,-0.113,0.079
2025-08-29,-5.25,0.93,-0.135,0.085
2025-08-30,-5.94,-0.62,-0.141,0.017
2025-08-31,-5.38,0.28,-0.092,0.019
2025-09-01,-5.41,0.66,-0.103,0.025
2025-09-02,-5.39,1.86,-0.084,0.063
2025-09-03,-5.94,2.04,-0.124,0.067
2025-09-04,-5.45,-0.10,-0.110,-0.005
2025-09-05,-5.90,1.25,-0.120,0.039
2025-09-06,-5.74,0.20,-0.124,0.015
2025-09-07,-6.84,1.21,-0.159,0.025
2025-09-08,-6.27,2.79,-0.092,0.066
2025-09-09,-4.41,0.46,-0.080,-0.012
2025-09-10,-5.84,2.97,-0.117,0.065
2025-09-11,-5.71,0.10,-0.129,-0.010
2025-09-12,-4.56,0.64,-0.066,-0.025
2025-09-13,-5.06,1.36,-0.071,0.008
2025-09-14,-6.86,2.36,-0.146,0.053
2025-09-15,-8.07,0.56,-0.188,0.009
2025-09-16,-6.74,-2.06,-0.163,-0.021
2025-09-17,-7.64,-0.67,-0.177,0.030
2025-09-18,-5.66,2.40,-0.097,0.082
2025-09-19,-3.78,2.64,-0.054,0.034
2025-09-20,-2.54,2.13,-0.020,-0.038
2025-09-21,-3.94,2.37,-0.030,-0.002
2025-09-22,-5.34,0.85,-0.082,-0.002
2025-09-23,-6.54,-1.15,-0.164,0.011
2025-09-24,-8.88,3.23,-0.190,0.176
2025-09-25,-5.32,0.09,-0.100,-0.069
2025-09-26,-3.16,1.09,-0.009,-0.018
2025-09-27,1.13,1.55,0.010,-0.089
2025-09-28,2.59,4.87,0.072,-0.023
2025-09-29,-4.00,4.76,-0.065,0.075
2025-09-30,-6.00,2.30,-0.139,0.026
2025-10-01,-4.12,3.11,-0.058,0.061
2025-10-02,-1.71,1.38,-0.002,-0.002
2025-10-03,-0.75,-1.85,-0.008,-0.001
2025-10-04,-2.98,0.97,-0.059,0.007
2025-10-05,-4.38,-0.54,-0.060,0.003
2025-10-06,-5.90,-2.15,-0.138,0.019
2025-10-07,-4.98,0.79,-0.112,0.041
2025-10-08,-5.05,2.46,-0.091,0.124
2025-10-09,-5.50,-0.00,-0.130,0.080
2025-10-10,6.47,1.26,0.047,-0.019
2025-10-11,0.47,6.67,0.012,0.103
2025-10-12,-6.56,2.92,-0.131,0.157
2025-10-13,-7.62,0.13,-0.198,0.103
2025-10-14,-6.90,0.24,-0.140,0.119
2025-10-15,-3.06,4.07,-0.051,0.110
2025-10-16,3.62,4.31,0.118,0.087
2025-10-17,3.73,6.46,0.109,0.124
2025-10-18,1.16,3.58,0.047,0.093
2025-10-19,-5.62,0.69,-0.083,0.139
2025-10-20,-8.76,1.23,-0.232,0.163
2025-10-21,-9.50,1.17,-0.255,0.143
2025-10-22,-9.70,0.85,-0.237,0.159
2025-10-23,-9.24,1.63,-0.210,0.146
2025-10-24,-7.31,3.25,-0.138,0.152
2025-10-25,-6.44,2.09,-0.125,0.145
2025-10-26,-6.65,1.17,-0.138,0.098
2025-10-27,-6.99,2.00,-0.156,0.128
2025-10-28,-6.98,3.87,-0.140,0.166
2025-10-29,-5.49,3.99,-0.092,0.137
2025-10-30,-4.29,4.29,-0.058,0.123
2025-10-31,-5.33,2.71,-0.109,0.091
2025-11-01,-8.65,3.15,-0.209,0.172
2025-11-02,-8.30,1.46,-0.209,0.124
2025-11-03,-8.41,-1.33,-0.250,0.066
2025-11-04,-5.54,-1.69,-0.108,-0.007
2025-11-05,-5.46,-0.10,-0.109,0.045
2025-11-06,-6.29,0.33,-0.137,0.078
2025-11-07,-6.93,0.97,-0.182,0.031
2025-11-08,-8.46,1.64,-0.217,0.131
2025-11-09,-8.98,2.24,-0.232,0.143
2025-11-10,-8.96,0.63,-0.239,0.068
2025-11-11,-6.38,0.78,-0.135,0.050
2025-11-12,-6.88,-1.09,-0.193,0.009
2025-11-13,-6.29,-0.11,-0.155,0.019
2025-11-14,-4.54,1.74,-0.081,0.050
2025-11-15,-2.86,2.32,-0.041,0.018
2025-11-16,-1.33,2.22,-0.024,-0.012
2025-11-17,-3.35,2.18,-0.055,0.046
2025-11-18,-6.00,1.17,-0.125,0.090
2025-11-19,-6.50,-1.15,-0.162,0.068
2025-11-20,-5.45,-1.77,-0.130,0.007
2025-11-21,-4.83,-3.14,-0.135,-0.036
2025-11-22,-5.54,-2.46,-0.150,-0.016
2025-11-23,-5.80,-1.45,-0.142,0.008
2025-11-24,-6.26,-2.03,-0.157,0.009
2025-11-25,-7.23,-1.67,-0.189,0.020
2025-11-26,-8.49,-1.50,-0.226,0.049
2025-11-27,-9.61,-1.69,-0.270,0.074
2025-11-28,-8.19,-0.14,-0.179,0.084
2025-11-29,-7.73,-0.13,-0.196,0.014
2025-11-30,-9.29,-1.98,-0.252,0.033
2025-12-01,-5.62,-3.25,-0.124,-0.020
2025-12-02,-5.40,0.57,-0.091,-0.004
2025-12-03,-5.29,1.12,-0.118,0.032
2025-12-04,-7.25,-0.38,-0.173,0.072
2025-12-05,-7.74,-0.14,-0.191,0.080
2025-12-06,-7.86,-0.97,-0.209,0.084
2025-12-07,-8.25,0.43,-0.211,0.086
2025-12-08,-7.38,2.98,-0.156,0.140
2025-12-09,-6.36,2.57,-0.147,0.089
2025-12-10,-7.57,2.32,-0.166,0.103
2025-12-11,-8.47,2.92,-0.199,0.167
2025-12-12,-8.10,1.72,-0.199,0.107
2025-12-13,-8.89,-0.47,-0.236,0.089
2025-12-14,-7.68,1.77,-0.164,0.146
2025-12-15,-4.91,1.22,-0.090,0.045
2025-12-16,-5.92,1.15,-0.126,0.054
2025-12-17,-7.33,1.03,-0.193,0.090
2025-12-18,-6.70,-0.70,-0.154,0.032
2025-12-19,-6.74,-0.95,-0.151,0.072
2025-12-20,-6.34,-1.12,-0.148,0.047
2025-12-21,-7.40,-1.04,-0.188,0.056
2025-12-22,-5.75,-1.43,-0.128,0.064
2025-12-23,-6.07,-3.79,-0.177,-0.030
2025-12-24,-5.86,-4.10,-0.145,-0.016
2025-12-25,-3.49,-6.04,-0.128,-0.119
2025-12-26,-2.76,-3.40,-0.043,-0.019
2025-12-27,-2.83,-1.26,-0.054,-0.001
2025-12-28,-1.54,-1.83,-0.004,-0.012
2025-12-29,-4.22,-2.44,-0.091,-0.043
2025-12-30,-4.69,1.26,-0.072,0.056
2025-12-31,-3.59,2.08,-0.061,0.051
2026-01-01,-3.19,1.36,-0.058,0.006
2026-01-02,-3.83,2.21,-0.075,0.028
2026-01-03,-4.88,1.59,-0.113,0.060
2026-01-04,-4.30,3.87,-0.069,0.122
2026-01-05,-2.31,3.70,-0.026,0.085
2026-01-06,-1.50,-4.13,-0.067,-0.073
2026-01-07,-3.25,-3.03,-0.105,-0.049
2026-01-08,-3.08,-1.12,-0.087,-0.022
2026-01-09,-4.58,-1.06,-0.118,0.001
2026-01-10,-5.17,-2.75,-0.162,-0.045
2026-01-11,-5.15,-1.87,-0.130,-0.010
2026-01-12,-5.03,-0.44,-0.131,0.035
2026-01-13,-5.53,0.19,-0.154,0.034
2026-01-14,-7.09,1.38,-0.200,0.077
2026-01-15,-7.11,2.87,-0.182,0.122
2026-01-16,-6.80,1.82,-0.167,0.096
2026-01-17,-9.08,-1.44,-0.271,0.049
2026-01-18,-9.69,-0.34,-0.280,0.098
2026-01-19,-8.83,0.31,-0.254,0.098
2026-01-20,-9.42,-0.82,-0.280,0.060
2026-01-21,-9.61,-2.04,-0.289,0.018
2026-01-22,-10.39,-1.83,-0.316,0.054
2026-01-23,-8.56,-0.15,-0.219,0.064
2026-01-24,-8.04,0.42,-0.217,0.076
2026-01-25,-8.77,-0.46,-0.254,0.047
2026-01-26,-8.46,0.59,-0.233,0.110
2026-01-27,-7.33,1.29,-0.187,0.109
2026-01-28,-5.72,0.50,-0.144,0.040
2026-01-29,-4.95,1.70,-0.080,0.070
2026-01-30,-5.48,1.68,-0.132,0.066
2026-01-31,-6.96,4.35,-0.174,0.183
2026-02-01,-3.95,6.57,-0.073,0.228
2026-02-02,-0.08,4.63,-0.018,0.062
2026-02-03,-4.99,-7.40,-0.129,-0.184
2026-02-04,-8.85,-4.70,-0.281,-0.026
2026-02-05,-6.76,2.73,-0.154,0.137
2026-02-06,-0.36,5.09,0.023,0.034
2026-02-07,4.24,2.65,0.050,-0.074
2026-02-08,0.76,-5.40,-0.047,-0.180
2026-02-09,-1.40,-6.56,-0.074,-0.131
2026-02-10,-3.16,-7.44,-0.159,-0.142
2026-02-11,-6.63,-5.57,-0.201,-0.094
2026-02-12,-6.51,1.27,-0.141,0.086
2026-02-13,-3.71,4.12,-0.069,0.093
2026-02-14,-2.11,2.04,-0.028,-0.043
2026-02-15,-4.77,-3.22,-0.136,-0.085
2026-02-16,-6.23,0.88,-0.140,0.060
2026-02-17,-4.45,2.47,-0.082,0.052
2026-02-18,-4.41,-0.23,-0.098,-0.018
2026-02-19,-5.51,-0.19,-0.137,0.008
2026-02-20,-6.82,0.72,-0.173,0.039
2026-02-21,-7.82,0.41,-0.204,0.048
2026-02-22,-7.69,2.35,-0.186,0.089
2026-02-23,-5.83,4.24,-0.132,0.087
2026-02-24,-4.58,3.33,-0.104,-0.025
2026-02-25,-7.93,1.40,-0.207,0.062
2026-02-26,-9.14,0.48,-0.235,0.089
2026-02-27,-8.71,1.85,-0.226,0.130
2026-02-28,-8.54,2.61,-0.202,0.147
2026-03-01,-9.11,2.10,-0.218,0.134
2026-03-02,-8.84,2.04,-0.232,0.128
2026-03-03,-9.98,0.70,-0.256,0.121
2026-03-04,-10.36,-1.09,-0.292,0.075
2026-03-05,-9.41,-1.32,-0.268,0.044
2026-03-06,-9.28,-1.80,-0.263,0.073
2026-03-07,-10.66,-1.50,-0.298,0.059
2026-03-08,-10.29,-0.54,-0.290,0.079
2026-03-09,-9.95,0.35,-0.265,0.103
2026-03-10,-10.03,-0.53,-0.272,0.096
2026-03-11,-8.39,-0.00,-0.206,0.059
2026-03-12,-7.01,-0.12,-0.186,0.056
2026-03-13,-6.44,0.45,-0.147,0.055
2026-03-14,-7.29,-0.89,-0.179,0.059
2026-03-15,-9.80,0.17,-0.266,0.105
2026-03-16,-11.47,1.61,-0.325,0.169
2026-03-17,-10.80,1.33,-0.295,0.145
2026-03-18,-8.78,1.55,-0.220,0.108
2026-03-19,-7.30,2.80,-0.165,0.130
2026-03-20,-5.79,4.69,-0.121,0.143
2026-03-21,-3.46,6.51,-0.025,0.157
2026-03-22,4.62,2.35,0.052,-0.054
2026-03-23,-3.67,-4.22,-0.100,-0.051
2026-03-24,-4.49,-2.19,-0.104,-0.005
2026-03-25,-6.24,0.77,-0.111,0.082
2026-03-26,-7.30,1.55,-0.165,0.061
2026-03-27,-6.93,0.97,-0.170,0.078
2026-03-28,-5.30,-2.14,-0.129,-0.013
2026-03-29,-4.05,-4.50,-0.117,-0.093
2026-03-30,-7.04,-4.75,-0.215,-0.052
2026-03-31,-6.07,-3.51,-0.178,-0.044
2026-04-01,-5.85,-1.90,-0.153,-0.004
2026-04-02,-7.25,-2.35,-0.202,0.007
2026-04-03,-7.11,-2.59,-0.215,-0.000
2026-04-04,-8.62,-0.75,-0.228,0.074
2026-04-05,-8.86,1.40,-0.228,0.099
2026-04-06,-8.37,3.73,-0.202,0.147
2026-04-07,-7.67,4.43,-0.178,0.158
2026-04-08,-7.12,3.95,-0.155,0.154
2026-04-09,-6.78,1.94,-0.167,0.093
2026-04-10,-7.04,2.15,-0.159,0.129
2026-04-11,-6.07,2.83,-0.126,0.110
2026-04-12,-5.28,2.24,-0.112,0.068
2026-04-13,-3.70,1.06,-0.062,0.006
2026-04-14,-3.89,2.72,-0.053,0.087
2026-04-15,-3.55,2.58,-0.084,0.043
2026-04-16,-7.44,1.99,-0.157,0.116
2026-04-17,-7.88,1.11,-0.197,0.091
2026-04-18,-8.11,-0.00,-0.212,0.069
2026-04-19,-8.78,0.31,-0.231,0.076
2026-04-20,-8.44,0.15,-0.217,0.043
2026-04-21,-6.04,-0.00,-0.149,0.023
2026-04-22,-3.92,-1.43,-0.109,-0.060
2026-04-23,-3.02,-0.98,-0.090,-0.066
2026-04-24,-4.55,0.72,-0.113,0.009
2026-04-25,-2.61,4.91,-0.020,0.114
2026-04-26,-0.91,4.68,-0.032,0.039
2026-04-27,-3.30,3.42,-0.047,0.074
2026-04-28,-4.32,3.63,-0.080,0.122
2026-04-29,-4.34,1.67,-0.091,0.062
2026-04-30,-3.99,2.03,-0.067,0.060
2026-05-01,-4.21,1.62,-0.080,0.079
2026-05-02,-6.08,1.63,-0.127,0.107
2026-05-03,-6.28,1.92,-0.149,0.090
2026-05-04,-7.01,2.01,-0.170,0.099
2026-05-05,-6.46,3.88,-0.137,0.131
2026-05-06,-6.36,2.32,-0.153,0.103
2026-05-07,-5.97,0.31,-0.154,0.037
2026-05-08,-6.25,-0.44,-0.162,0.068
2026-05-09,-7.45,-0.92,-0.190,0.046
2026-05-10,-9.40,0.33,-0.253,0.105
2026-05-11,-8.83,-0.15,-0.238,0.067
2026-05-12,-7.94,1.12,-0.177,0.094
2026-05-13,-7.93,2.42,-0.196,0.112
2026-05-14,-8.15,3.46,-0.194,0.139
2026-05-15,-7.58,2.91,-0.192,0.131
2026-05-16,-7.67,1.63,-0.206,0.103
2026-05-17,-9.37,0.98,-0.240,0.101
2026-05-18,-9.28,0.49,-0.244,0.100
2026-05-19,-9.33,1.15,-0.249,0.122
2026-05-20,-9.67,0.51,-0.265,0.096
2026-05-21,-9.39,1.49,-0.241,0.132
2026-05-22,-8.41,1.64,-0.210,0.115
2026-05-23,-9.29,0.16,-0.251,0.108
2026-05-24,-9.96,-0.35,-0.275,0.101
2026-05-25,-11.11,-0.19,-0.314,0.121
2026-05-26,-10.31,0.18,-0.289,0.135
2026-05-27,-8.80,-0.62,-0.236,0.093
2026-05-28,-7.83,-0.00,-0.205,0.074
2026-05-29,-6.46,1.49,-0.158,0.105
2026-05-30,-7.19,1.79,-0.172,0.134
2026-05-31,-7.29,2.80,-0.164,0.163
2026-06-01,-7.19,2.91,-0.169,0.122
2026-06-02,-8.12,2.64,-0.172,0.146
2026-06-03,-7.79,2.09,-0.199,0.138
2026-06-04,-8.09,3.43,-0.181,0.160
2026-06-05,-7.61,2.62,-0.161,0.122
2026-06-06,-6.79,1.32,-0.179,0.076
2026-06-07,-7.98,2.90,-0.181,0.150
2026-06-08,-8.32,1.62,-0.216,0.118
2026-06-09,-4.99,1.43,-0.097,0.085
2026-06-10,-4.39,1.34,-0.085,0.075
2026-06-11,-5.72,1.64,-0.117,0.064
2026-06-12,-6.80,2.75,-0.129,0.144
2026-06-13,-8.46,1.95,-0.198,0.141
2026-06-14,-8.67,0.45,-0.215,0.078
2026-06-15,-8.79,0.77,-0.208,0.124
2026-06-16,-7.73,0.27,-0.200,0.045
2026-06-17,-7.54,0.26,-0.184,0.086
2026-06-18,-7.48,0.26,-0.178,0.063
2026-06-19,-8.26,-0.58,-0.208,0.078
2026-06-20,-7.72,-0.13,-0.186,0.070
2026-06-21,-8.22,0.72,-0.222,0.075
2026-06-22,-9.13,-0.00,-0.228,0.088
2026-06-23,-9.35,-1.99,-0.257,0.038
2026-06-24,-8.81,-0.62,-0.221,0.069
2026-06-25,-8.88,-0.15,-0.227,0.090
2026-06-26,-7.77,-2.23,-0.207,0.042
2026-06-27,-7.09,-0.00,-0.153,0.100
2026-06-28,-6.98,1.23,-0.156,0.092
2026-06-29,-6.64,1.90,-0.125,0.136
2026-06-30,-7.22,1.27,-0.159,0.141
2026-07-01,-7.02,0.49,-0.172,0.055
2026-07-02,-7.16,1.26,-0.157,0.105
2026-07-03,-7.59,0.13,-0.210,0.058
2026-07-04,-7.64,1.21,-0.179,0.097
2026-07-05,-8.17,-0.86,-0.223,0.035
2026-07-06,-8.97,-0.16,-0.227,0.085
2026-07-07,-9.85,-1.56,-0.283,0.043
2026-07-08,-9.29,-0.16,-0.254,0.096
2026-07-09,-9.23,0.32,-0.241,0.087
2026-07-10,-8.92,-0.78,-0.249,0.066
2026-07-11,-8.47,-1.80,-0.241,0.043
2026-07-12,-7.78,-2.08,-0.218,0.039
2026-07-13,-7.21,-0.88,-0.186,0.078
2026-07-14,-6.88,0.24,-0.159,0.104
2026-07-15,-6.68,-0.35,-0.156,0.091
2026-07-16,-7.08,-0.37,-0.173,0.078
2026-07-17,-7.84,0.55,-0.155,0.115
2026-07-18,-8.40,-0.73,-0.196,0.095
2026-07-19,-8.33,-1.02,-0.190,0.053
2026-07-20,-7.22,-2.07,-0.161,0.015
2026-07-21,-4.98,-3.76,-0.146,-0.072
2026-07-22,-6.89,1.98,-0.113,0.124
2026-07-23,-6.29,2.04,-0.092,0.082
2026-07-24,-7.34,-0.13,-0.150,0.076
2026-07-25,-7.41,-1.17,-0.167,0.068
2026-07-26,-7.14,-1.39,-0.154,0.021
2026-07-27,-5.81,-0.10,-0.079,0.054
2026-07-28,-6.41,1.25,-0.128,0.053
2026-07-29,-8.41,1.03,-0.170,0.084
2026-07-30,-8.68,0.61,-0.169,0.111
2026-07-31,-8.16,0.14,-0.177,0.073
2026-08-01,-7.52,0.53,-0.142,0.038
2026-08-02,-8.48,1.04,-0.158,0.089
2026-08-03,-7.54,0.53,-0.148,0.009
2026-08-04,-6.01,-1.61,-0.083,-0.074
2026-08-05,-5.73,0.60,-0.074,-0.062
2026-08-06,-7.12,0.87,-0.141,-0.024
2026-08-07,-7.39,-1.17,-0.174,-0.067
2026-08-08,-7.85,-1.53,-0.192,-0.037
2026-08-09,-9.21,-2.47,-0.248,-0.014
2026-08-10,-7.97,-2.14,-0.199,-0.011
2026-08-11,-7.95,-1.26,-0.184,0.038
2026-08-12,-7.51,1.19,-0.152,0.000
2026-08-13,-9.81,1.03,-0.236,0.082
2026-08-14,-9.78,-1.90,-0.233,0.014
2026-08-15,-10.68,-3.68,-0.310,-0.025
2026-08-16,-8.48,-1.19,-0.191,-0.028
2026-08-17,-6.94,-1.47,-0.184,-0.141
2026-08-18,-5.64,-1.62,-0.140,-0.180
2026-08-19,-6.95,0.36,-0.091,-0.012
2026-08-20,-7.91,0.69,-0.137,-0.009
2026-08-21,-7.07,-1.25,-0.141,-0.075
2026-08-22,-6.81,-0.48,-0.127,-0.029
2026-08-23,-6.98,-0.12,-0.135,-0.031
2026-08-24,-6.40,-0.22,-0.102,-0.010
2026-08-25,-6.73,-0.00,-0.127,0.001
2026-08-26,-5.94,-1.15,-0.125,-0.042
2026-08-27,-6.53,-0.92,-0.137,0.016
2026-08-28,-7.85,-0.69,-0.206,0.024
2026-08-29,-8.60,-1.21,-0.205,0.058
2026-08-30,-10.47,-0.37,-0.274,0.070
2026-08-31,-7.17,4.84,-0.118,0.123
2026-09-01,-6.02,-0.63,-0.170,0.007
2026-09-02,-5.02,-0.71,-0.107,0.012
2026-09-03,-4.33,-0.15,-0.064,0.041
2026-09-04,-5.12,1.47,-0.104,0.033
2026-09-05,-5.47,1.16,-0.102,0.065
2026-09-06,-6.66,1.17,-0.128,0.086
2026-09-07,-5.87,2.25,-0.124,0.112
2026-09-08,-8.12,1.43,-0.199,0.095
2026-09-09,-8.97,-0.16,-0.223,0.071
2026-09-10,-7.71,1.08,-0.154,0.112
2026-09-11,-6.46,-0.00,-0.183,-0.016
2026-09-12,-6.26,-1.56,-0.149,-0.013
2026-09-13,-6.89,-1.22,-0.181,0.012
2026-09-14,-6.66,0.35,-0.151,-0.001
2026-09-15,-7.19,-0.76,-0.184,0.003
2026-09-16,-8.12,-0.14,-0.186,0.059
2026-09-17,-7.42,2.13,-0.163,0.105
2026-09-18,-5.73,0.60,-0.148,0.002
2026-09-19,-4.58,0.32,-0.099,0.029
2026-09-20,-3.69,1.34,-0.064,0.007
2026-09-21,-4.02,1.88,-0.059,0.026
2026-09-22,-4.55,1.48,-0.088,0.038
2026-09-23,-5.51,0.97,-0.114,0.086
2026-09-24,-4.69,1.99,-0.105,0.065
2026-09-25,-4.54,1.93,-0.057,0.094
2026-09-26,-4.39,1.68,-0.084,0.093
