date,wind_u,wind_v,cur_u,cur_v
2016-01-01,3.82,-0.88,,
2016-01-02,4.74,-1.91,,
2016-01-03,4.24,-0.98,,
2016-01-04,3.70,-0.72,,
2016-01-05,2.51,-0.63,,
2016-01-06,1.90,-0.65,,
2016-01-07,1.21,-0.70,,
2016-01-08,-1.18,-0.43,,
2016-01-09,2.38,-1.86,,
2016-01-10,3.09,0.05,,
2016-01-11,1.69,-1.09,,
2016-01-12,3.63,-0.84,,
2016-01-13,3.17,-0.45,,
2016-01-14,1.53,-0.96,,
2016-01-15,0.76,-0.94,,
2016-01-16,-0.74,-0.95,,
2016-01-17,1.89,-1.32,,
2016-01-18,1.93,-0.52,,
2016-01-19,1.35,-0.63,,
2016-01-20,-0.80,-0.80,,
2016-01-21,-1.10,-0.42,,
2016-01-22,3.39,-1.73,,
2016-01-23,1.85,0.26,,
2016-01-24,-1.78,0.54,,
2016-01-25,-1.65,0.63,,
2016-01-26,1.33,-0.57,,
2016-01-27,4.06,-1.81,,
2016-01-28,4.76,-1.28,,
2016-01-29,0.80,1.02,,
2016-01-30,-0.97,0.84,,
2016-01-31,-1.13,-0.48,,
2016-02-01,-1.28,-0.32,,
2016-02-02,-1.15,-0.72,,
2016-02-03,2.68,-2.59,,
2016-02-04,5.05,-0.80,,
2016-02-05,2.47,-0.30,,
2016-02-06,2.34,-1.24,,
2016-02-07,1.63,0.32,,
2016-02-08,-0.48,-1.47,,
2016-02-09,2.62,-0.05,,
2016-02-10,2.12,-0.04,,
2016-02-11,-1.71,-0.49,,
2016-02-12,-1.62,0.43,,
2016-02-13,-0.40,-1.87,,
2016-02-14,-1.59,-0.17,,
2016-02-15,-0.24,-1.69,,
2016-02-16,0.08,-1.13,,
2016-02-17,-1.37,-0.73,,
2016-02-18,-1.49,-0.76,,
2016-02-19,-1.30,-1.30,,
2016-02-20,-2.84,-0.35,,
2016-02-21,-1.76,-0.28,,
2016-02-22,-1.05,-0.68,,
2016-02-23,-1.13,-0.55,,
2016-02-24,2.86,-2.40,,
2016-02-25,2.01,-0.28,,
2016-02-26,1.01,-1.12,,
2016-02-27,-1.73,-0.40,,
2016-02-28,-1.98,0.10,,
2016-02-29,-1.68,-0.12,,
2016-03-01,-1.42,-0.17,,
2016-03-02,-1.27,-0.46,,
2016-03-03,-1.28,-0.20,,
2016-03-04,1.40,0.27,,
2016-03-05,-1.68,-0.45,,
2016-03-06,-2.16,-0.15,,
2016-03-07,-2.30,0.32,,
2016-03-08,-1.95,0.60,,
2016-03-09,-1.69,0.79,,
2016-03-10,1.27,-3.14,,
2016-03-11,-0.35,-1.51,,
2016-03-12,-1.67,0.48,,
2016-03-13,-1.27,-0.41,,
2016-03-14,-1.48,-0.29,,
2016-03-15,-1.38,-0.80,,
2016-03-16,0.58,-1.59,,
2016-03-17,-1.51,-0.35,,
2016-03-18,-0.69,-1.62,,
2016-03-19,1.42,-2.47,,
2016-03-20,4.57,-2.23,,
2016-03-21,3.79,-0.67,,
2016-03-22,-1.66,-1.25,,
2016-03-23,-1.92,0.30,,
2016-03-24,0.25,-1.79,,
2016-03-25,2.49,-2.01,,
2016-03-26,-0.64,-1.67,,
2016-03-27,-0.63,-1.63,,
2016-03-28,-0.03,-1.88,,
2016-03-29,-1.03,-1.18,,
2016-03-30,-1.60,-0.82,,
2016-03-31,0.23,-1.89,,
2016-04-01,-1.50,-0.40,,
2016-04-02,3.70,-3.10,,
2016-04-03,3.03,-0.48,,
2016-04-04,1.56,-1.13,,
2016-04-05,-1.43,-1.04,,
2016-04-06,-1.63,-0.41,,
2016-04-07,-1.22,-1.06,,
2016-04-08,-2.05,-0.63,,
2016-04-09,-3.08,-0.54,,
2016-04-10,-2.44,-0.34,,
2016-04-11,-0.91,-1.09,,
2016-04-12,-0.77,-1.82,,
2016-04-13,-0.44,-1.75,,
2016-04-14,1.42,-2.03,,
2016-04-15,-1.70,-0.91,,
2016-04-16,-1.05,-1.05,,
2016-04-17,-1.95,-0.83,,
2016-04-18,-1.49,-1.01,,
2016-04-19,-2.31,-0.71,,
2016-04-20,-1.40,-1.26,,
2016-04-21,-2.23,-0.04,,
2016-04-22,0.57,-1.74,,
2016-04-23,-1.24,-0.84,,
2016-04-24,-1.47,-0.10,,
2016-04-25,-1.46,-0.56,,
2016-04-26,-1.61,-0.43,,
2016-04-27,-1.13,-1.30,,
2016-04-28,-0.25,-1.58,,
2016-04-29,-1.84,-0.78,,
2016-04-30,0.11,-1.62,,
2016-05-01,0.07,-1.94,,
2016-05-02,0.04,-2.12,,
2016-05-03,2.51,-1.76,,
2016-05-04,3.89,-0.34,,
2016-05-05,2.50,-0.72,,
2016-05-06,-1.24,-0.87,,
2016-05-07,-2.31,-0.00,,
2016-05-08,-2.39,0.08,,
2016-05-09,-1.43,-1.12,,
2016-05-10,-1.89,-0.84,,
2016-05-11,-1.36,-0.44,,
2016-05-12,-1.77,-0.47,,
2016-05-13,1.13,-1.30,,
2016-05-14,-0.61,-1.25,,
2016-05-15,-2.23,-0.27,,
2016-05-16,-1.84,0.13,,
2016-05-17,-1.45,-0.50,,
2016-05-18,-1.23,-1.82,,
2016-05-19,-2.02,-0.54,,
2016-05-20,-1.57,-0.51,,
2016-05-21,-1.91,-0.34,,
2016-05-22,-2.07,-0.36,,
2016-05-23,-2.34,-0.41,,
2016-05-24,-1.99,-0.50,,
2016-05-25,-2.31,-0.53,,
2016-05-26,-2.52,-0.44,,
2016-05-27,-2.11,0.11,,
2016-05-28,-1.91,0.03,,
2016-05-29,-1.44,-1.05,,
2016-05-30,-2.07,-0.25,,
2016-05-31,-2.51,-0.04,,
2016-06-01,-1.68,-0.00,,
2016-06-02,-0.46,-1.50,,
2016-06-03,0.24,-1.97,,
2016-06-04,-1.57,-0.80,,
2016-06-05,2.52,-1.90,,
2016-06-06,1.77,0.16,,
2016-06-07,-1.82,-0.10,,
2016-06-08,-1.76,-0.31,,
2016-06-09,-1.62,0.03,,
2016-06-10,-1.90,-0.13,,
2016-06-11,-1.47,-0.29,,
2016-06-12,-1.30,-0.02,,
2016-06-13,-1.52,-0.03,,
2016-06-14,-2.12,0.34,,
2016-06-15,-1.92,0.34,,
2016-06-16,-1.82,-0.56,,
2016-06-17,-1.76,-1.06,,
2016-06-18,-1.05,-0.98,,
2016-06-19,3.02,-2.04,,
2016-06-20,4.15,0.00,,
2016-06-21,-2.26,-0.24,,
2016-06-22,-1.07,-1.37,,
2016-06-23,-1.70,-0.62,,
2016-06-24,-1.65,-0.63,,
2016-06-25,-1.56,-0.00,,
2016-06-26,-1.41,-0.41,,
2016-06-27,-1.11,-1.00,,
2016-06-28,-1.13,-0.70,,
2016-06-29,-1.76,-0.31,,
2016-06-30,-1.52,-0.05,,
2016-07-01,-1.98,0.24,,
2016-07-02,-1.51,0.11,,
2016-07-03,-1.71,0.15,,
2016-07-04,-2.05,0.55,,
2016-07-05,-2.13,0.15,,
2016-07-06,-1.87,0.23,,
2016-07-07,-2.06,0.29,,
2016-07-08,-2.43,0.47,,
2016-07-09,-2.34,0.16,,
2016-07-10,-3.38,0.47,,
2016-07-11,-2.46,0.75,,
2016-07-12,-1.17,0.12,,
2016-07-13,-1.85,-0.10,,
2016-07-14,-2.09,-0.52,,
2016-07-15,-2.02,-0.11,,
2016-07-16,-2.11,-0.56,,
2016-07-17,-1.60,-0.11,,
2016-07-18,-1.48,-0.29,,
2016-07-19,0.00,-1.75,,
2016-07-20,1.98,-0.93,,
2016-07-21,0.80,-1.71,,
2016-07-22,0.34,-1.48,,
2016-07-23,-1.19,-0.96,,
2016-07-24,-1.79,-0.06,,
2016-07-25,-2.03,0.11,,
2016-07-26,-1.67,0.24,,
2016-07-27,-2.14,0.38,,
2016-07-28,-1.96,0.35,,
2016-07-29,-1.79,-0.03,,
2016-07-30,-1.14,-0.33,,
2016-07-31,-1.95,-0.49,,
2016-08-01,-2.03,-0.54,,
2016-08-02,-1.42,-0.30,,
2016-08-03,-1.10,-1.14,,
2016-08-04,-0.82,-1.37,,
2016-08-05,1.56,-1.01,,
2016-08-06,-4.28,-1.15,,
2016-08-07,-1.94,-0.03,,
2016-08-08,1.04,-0.84,,
2016-08-09,-1.36,-0.00,,
2016-08-10,-1.82,0.06,,
2016-08-11,-1.92,0.10,,
2016-08-12,-2.06,-0.00,,
2016-08-13,-1.71,0.21,,
2016-08-14,-2.16,-0.08,,
2016-08-15,-0.78,-1.40,,
2016-08-16,-1.21,-0.30,,
2016-08-17,-3.44,-0.00,,
2016-08-18,-2.53,0.13,,
2016-08-19,-2.04,0.21,,
2016-08-20,-1.60,0.75,,
2016-08-21,-2.28,0.32,,
2016-08-22,-1.92,0.03,,
2016-08-23,-1.80,-0.66,,
2016-08-24,-1.71,-0.49,,
2016-08-25,0.59,-1.71,,
2016-08-26,-0.37,-1.59,,
2016-08-27,-1.07,-1.15,,
2016-08-28,-0.29,-1.38,,
2016-08-29,-0.43,-1.31,,
2016-08-30,1.00,-1.11,,
2016-08-31,1.55,-1.21,,
2016-09-01,1.80,-1.68,,
2016-09-02,2.02,-1.52,,
2016-09-03,1.34,-0.87,,
2016-09-04,0.18,-0.86,,
2016-09-05,-0.73,-0.14,,
2016-09-06,-1.80,0.19,,
2016-09-07,-2.11,-0.04,,
2016-09-08,-1.70,-0.27,,
2016-09-09,-1.90,0.30,,
2016-09-10,-1.60,-0.20,,
2016-09-11,0.65,-1.90,,
2016-09-12,0.87,-1.63,,
2016-09-13,-1.56,-0.19,,
2016-09-14,-1.05,-1.17,,
2016-09-15,-0.15,-1.43,,
2016-09-16,-1.31,-0.11,,
2016-09-17,-1.52,-0.08,,
2016-09-18,-1.65,-0.20,,
2016-09-19,-1.59,-0.28,,
2016-09-20,0.66,-1.24,,
2016-09-21,1.62,-0.72,,
2016-09-22,-1.19,0.61,,
2016-09-23,-1.42,0.05,,
2016-09-24,-1.35,0.36,,
2016-09-25,-1.96,0.24,,
2016-09-26,1.07,-1.28,,
2016-09-27,1.52,-0.78,,
2016-09-28,2.54,-0.63,,
2016-09-29,1.91,-1.01,,
2016-09-30,1.86,-1.16,,
2016-10-01,1.70,-1.06,,
2016-10-02,1.63,-1.02,,
2016-10-03,1.30,-1.26,,
2016-10-04,-1.52,-0.08,,
2016-10-05,-1.58,0.34,,
2016-10-06,-1.30,-0.58,,
2016-10-07,-0.87,-1.39,,
2016-10-08,1.96,-1.42,,
2016-10-09,0.80,-0.58,,
2016-10-10,2.68,-0.57,,
2016-10-11,2.53,-0.63,,
2016-10-12,1.89,-0.69,,
2016-10-13,0.78,-0.99,,
2016-10-14,1.46,-0.65,,
2016-10-15,1.77,-0.61,,
2016-10-16,0.87,-0.87,,
2016-10-17,-0.82,-1.02,,
2016-10-18,-1.47,0.10,,
2016-10-19,-1.21,-0.15,,
2016-10-20,0.07,-1.37,,
2016-10-21,3.32,-1.14,,
2016-10-22,4.43,-1.19,,
2016-10-23,3.39,-0.91,,
2016-10-24,1.63,-0.98,,
2016-10-25,1.47,-0.81,,
2016-10-26,1.03,-1.23,,
2016-10-27,2.31,-1.03,,
2016-10-28,2.70,-0.57,,
2016-10-29,3.28,-0.94,,
2016-10-30,3.09,-0.38,,
2016-10-31,2.81,-0.10,,
2016-11-01,1.26,-1.05,,
2016-11-02,0.80,-1.45,,
2016-11-03,0.91,-0.62,,
2016-11-04,0.79,-0.91,,
2016-11-05,1.44,-0.58,,
2016-11-06,1.49,0.05,,
2016-11-07,-1.41,-0.43,,
2016-11-08,0.81,-1.08,,
2016-11-09,4.40,-0.70,,
2016-11-10,4.83,-0.51,,
2016-11-11,4.64,-0.90,,
2016-11-12,4.35,-1.25,,
2016-11-13,4.22,-0.90,,
2016-11-14,3.04,-0.54,,
2016-11-15,2.10,-0.94,,
2016-11-16,2.36,-0.46,,
2016-11-17,-1.39,0.22,,
2016-11-18,-1.14,0.29,,
2016-11-19,2.33,-2.03,,
2016-11-20,4.66,-1.51,,
2016-11-21,2.24,-0.52,,
2016-11-22,-1.48,0.05,,
2016-11-23,-1.36,0.66,,
2016-11-24,0.37,-1.76,,
2016-11-25,1.52,-1.14,,
2016-11-26,2.61,-0.80,,
2016-11-27,2.16,0.00,,
2016-11-28,-1.43,0.49,,
2016-11-29,-1.15,0.51,,
2016-11-30,1.59,-1.77,,
2016-12-01,3.43,-0.98,,
2016-12-02,-0.84,-1.45,,
2016-12-03,-1.20,-0.10,,
2016-12-04,0.60,-1.42,,
2016-12-05,0.38,-1.94,,
2016-12-06,1.68,-0.89,,
2016-12-07,-1.54,-0.59,,
2016-12-08,-0.31,-1.61,,
2016-12-09,5.66,-2.88,,
2016-12-10,3.94,-1.84,,
2016-12-11,2.00,-0.81,,
2016-12-12,-0.80,-0.74,,
2016-12-13,-0.93,-0.78,,
2016-12-14,0.49,-1.72,,
2016-12-15,1.91,-0.62,,
2016-12-16,-1.43,-0.64,,
2016-12-17,-1.02,0.37,,
2016-12-18,1.82,-2.42,,
2016-12-19,4.50,-2.29,,
2016-12-20,3.63,-1.46,,
2016-12-21,2.12,-1.22,,
2016-12-22,1.16,-0.81,,
2016-12-23,-0.45,-1.68,,
2016-12-24,-1.12,-0.41,,
2016-12-25,-1.10,-0.56,,
2016-12-26,-1.33,-0.96,,
2016-12-27,-0.06,-1.60,,
2016-12-28,-0.97,-0.81,,
2016-12-29,-0.83,-1.28,,
2016-12-30,3.22,-1.37,,
2016-12-31,1.09,-1.29,,
2017-01-01,0.31,2.54,,
2017-01-02,-0.70,2.62,,
2017-01-03,2.29,-0.66,,
2017-01-04,2.17,-1.30,,
2017-01-05,-1.60,1.39,,
2017-01-06,3.61,1.24,,
2017-01-07,8.28,-3.52,,
2017-01-08,5.75,-1.65,,
2017-01-09,3.36,-0.41,,
2017-01-10,-0.59,3.03,,
2017-01-11,-1.59,3.13,,
2017-01-12,-3.35,2.62,,
2017-01-13,-2.90,2.11,,
2017-01-14,-2.77,1.80,,
2017-01-15,-2.39,1.73,,
2017-01-16,-2.57,2.66,,
2017-01-17,-2.72,1.70,,
2017-01-18,-3.02,1.16,,
2017-01-19,-2.11,-0.00,,
2017-01-20,-0.37,2.66,,
2017-01-21,-2.23,1.45,,
2017-01-22,2.34,-1.52,,
2017-01-23,-2.47,-0.85,,
2017-01-24,-1.88,2.32,,
2017-01-25,-0.62,1.91,,
2017-01-26,4.44,-1.03,,
2017-01-27,4.25,-1.22,,
2017-01-28,4.90,-1.31,,
2017-01-29,6.69,-2.05,,
2017-01-30,3.44,0.30,,
2017-01-31,-1.82,2.50,,
2017-02-01,-2.57,2.48,,
2017-02-02,-2.35,1.65,,
2017-02-03,1.58,-1.24,,
2017-02-04,-2.00,0.46,,
2017-02-05,-2.31,1.56,,
2017-02-06,-2.91,1.48,,
2017-02-07,-2.95,2.23,,
2017-02-08,-2.69,2.26,,
2017-02-09,2.54,-1.65,,
2017-02-10,1.84,-1.91,,
2017-02-11,-2.08,0.22,,
2017-02-12,-2.74,0.94,,
2017-02-13,-3.78,1.61,,
2017-02-14,-2.97,2.08,,
2017-02-15,3.89,-3.15,,
2017-02-16,3.14,-0.33,,
2017-02-17,2.61,-1.16,,
2017-02-18,-1.20,2.82,,
2017-02-19,-2.19,1.90,,
2017-02-20,2.56,3.80,,
2017-02-21,4.04,-2.52,,
2017-02-22,-0.53,1.24,,
2017-02-23,-0.84,1.88,,
2017-02-24,-1.82,2.32,,
2017-02-25,4.24,-1.54,,
2017-02-26,-2.51,-0.86,,
2017-02-27,-2.95,2.30,,
2017-02-28,-2.67,0.82,,
2017-03-01,-2.51,1.89,,
2017-03-02,2.18,-2.34,,
2017-03-03,6.86,-1.58,,
2017-03-04,4.40,-1.69,,
2017-03-05,2.68,-1.14,,
2017-03-06,-2.38,0.77,,
2017-03-07,-2.67,1.02,,
2017-03-08,1.04,-2.45,,
2017-03-09,1.30,-1.61,,
2017-03-10,-1.88,-0.68,,
2017-03-11,-2.26,0.44,,
2017-03-12,0.15,-2.08,,
2017-03-13,2.97,-2.24,,
2017-03-14,1.52,-3.57,,
2017-03-15,-2.05,-0.18,,
2017-03-16,-3.44,1.05,,
2017-03-17,-3.95,1.93,,
2017-03-18,-2.67,1.42,,
2017-03-19,-2.90,0.56,,
2017-03-20,-3.56,1.66,,
2017-03-21,-3.51,1.64,,
2017-03-22,-3.09,1.79,,
2017-03-23,-3.98,1.14,,
2017-03-24,-4.50,2.70,,
2017-03-25,-4.58,0.08,,
2017-03-26,-2.71,1.04,,
2017-03-27,-3.80,3.31,,
2017-03-28,-3.55,2.30,,
2017-03-29,-3.83,3.57,,
2017-03-30,2.76,-2.96,,
2017-03-31,-0.89,-2.57,,
2017-04-01,-3.59,2.24,,
2017-04-02,-2.52,0.87,,
2017-04-03,4.17,-3.03,,
2017-04-04,-2.03,-1.37,,
2017-04-05,4.79,-2.88,,
2017-04-06,4.93,-3.58,,
2017-04-07,1.29,-2.33,,
2017-04-08,-1.17,-1.80,,
2017-04-09,-2.57,0.32,,
2017-04-10,-3.23,0.51,,
2017-04-11,-5.01,1.25,,
2017-04-12,-2.66,0.37,,
2017-04-13,-1.54,-0.89,,
2017-04-14,-1.95,-0.41,,
2017-04-15,-3.52,0.49,,
2017-04-16,-3.53,1.01,,
2017-04-17,-3.18,1.22,,
2017-04-18,-1.66,-1.55,,
2017-04-19,1.65,-1.60,,
2017-04-20,-1.23,-1.63,,
2017-04-21,-2.42,0.17,,
2017-04-22,-3.54,1.65,,
2017-04-23,-1.47,-2.88,,
2017-04-24,-0.41,-2.89,,
2017-04-25,-3.06,2.39,,
2017-04-26,-2.71,1.90,,
2017-04-27,2.54,-2.13,,
2017-04-28,-2.16,1.95,,
2017-04-29,-2.83,3.62,,
2017-04-30,3.63,-3.63,,
2017-05-01,3.22,-3.00,,
2017-05-02,0.52,-2.44,,
2017-05-03,-3.15,1.82,,
2017-05-04,5.53,-1.80,,
2017-05-05,2.99,-2.25,,
2017-05-06,-2.98,0.80,,
2017-05-07,-3.42,1.59,,
2017-05-08,-3.70,1.81,,
2017-05-09,-3.61,1.17,,
2017-05-10,-3.64,1.70,,
2017-05-11,-4.00,1.38,,
2017-05-12,-0.60,-4.24,,
2017-05-13,1.54,-1.90,,
2017-05-14,-2.80,-0.96,,
2017-05-15,-3.49,0.93,,
2017-05-16,-5.06,2.69,,
2017-05-17,-4.49,2.00,,
2017-05-18,-3.66,1.40,,
2017-05-19,-4.57,1.75,,
2017-05-20,-4.14,1.27,,
2017-05-21,-2.63,-0.32,,
2017-05-22,-4.63,0.57,,
2017-05-23,-3.06,0.65,,
2017-05-24,2.13,-3.28,,
2017-05-25,-4.10,-0.29,,
2017-05-26,-3.65,1.05,,
2017-05-27,-4.21,1.79,,
2017-05-28,-3.07,0.76,,
2017-05-29,-2.09,2.78,,
2017-05-30,3.08,0.27,,
2017-05-31,1.91,-0.51,,
2017-06-01,-1.96,1.00,,
2017-06-02,-2.45,1.31,,
2017-06-03,0.84,-2.19,,
2017-06-04,1.22,-1.95,,
2017-06-05,-2.19,-0.11,,
2017-06-06,-2.36,-2.53,,
2017-06-07,2.58,-0.50,,
2017-06-08,1.93,-1.80,,
2017-06-09,-1.73,-0.00,,
2017-06-10,-2.99,0.92,,
2017-06-11,-3.15,1.61,,
2017-06-12,-3.33,2.00,,
2017-06-13,-1.42,-1.64,,
2017-06-14,-2.74,1.11,,
2017-06-15,-3.08,1.44,,
2017-06-16,-2.67,0.71,,
2017-06-17,-3.21,1.86,,
2017-06-18,-3.95,1.76,,
2017-06-19,-2.19,-1.77,,
2017-06-20,3.76,-1.60,,
2017-06-21,3.00,-1.27,,
2017-06-22,-2.70,1.82,,
2017-06-23,-4.60,2.34,,
2017-06-24,-3.17,1.28,,
2017-06-25,1.86,-0.29,,
2017-06-26,-0.53,-1.38,,
2017-06-27,-1.65,-0.06,,
2017-06-28,-2.93,1.24,,
2017-06-29,-2.62,1.70,,
2017-06-30,-3.54,2.30,,
2017-07-01,-4.22,2.34,,
2017-07-02,-2.06,0.75,,
2017-07-03,-3.80,1.85,,
2017-07-04,-3.49,1.70,,
2017-07-05,-2.41,0.69,,
2017-07-06,-2.16,-0.34,,
2017-07-07,1.81,-0.29,,
2017-07-08,1.76,0.03,,
2017-07-09,2.17,0.46,,
2017-07-10,-1.12,-2.19,,
2017-07-11,-1.96,1.42,,
2017-07-12,-3.06,1.49,,
2017-07-13,-3.93,1.43,,
2017-07-14,-3.31,1.34,,
2017-07-15,-1.34,-1.78,,
2017-07-16,-2.38,0.77,,
2017-07-17,-3.12,1.87,,
2017-07-18,-2.94,1.56,,
2017-07-19,-2.81,0.97,,
2017-07-20,-3.28,1.53,,
2017-07-21,-2.10,0.52,,
2017-07-22,-3.52,2.03,,
2017-07-23,-3.26,2.04,,
2017-07-24,-3.20,1.85,,
2017-07-25,-2.47,0.66,,
2017-07-26,-2.66,1.41,,
2017-07-27,-2.51,-0.09,,
2017-07-28,-2.78,-0.49,,
2017-07-29,-2.50,1.50,,
2017-07-30,-3.19,1.04,,
2017-07-31,-2.41,0.21,,
2017-08-01,-2.41,0.65,,
2017-08-02,-2.78,1.12,,
2017-08-03,-2.81,1.62,,
2017-08-04,-3.04,1.69,,
2017-08-05,-3.36,1.71,,
2017-08-06,-4.10,2.56,,
2017-08-07,-4.93,2.85,,
2017-08-08,-3.04,-0.21,,
2017-08-09,5.94,-1.82,,
2017-08-10,-11.34,0.20,,
2017-08-11,2.00,-1.68,,
2017-08-12,-1.67,1.17,,
2017-08-13,-3.57,1.82,,
2017-08-14,-4.10,2.18,,
2017-08-15,-3.89,2.16,,
2017-08-16,-3.75,2.34,,
2017-08-17,-2.99,1.87,,
2017-08-18,-2.23,1.81,,
2017-08-19,-2.33,0.62,,
2017-08-20,-2.41,1.02,,
2017-08-21,-0.53,-1.86,,
2017-08-22,1.61,-1.67,,
2017-08-23,3.24,-1.65,,
2017-08-24,3.89,-1.34,,
2017-08-25,-1.89,-1.27,,
2017-08-26,-2.69,1.62,,
2017-08-27,-1.82,1.32,,
2017-08-28,1.29,-1.29,,
2017-08-29,-1.00,1.48,,
2017-08-30,1.71,-0.91,,
2017-08-31,1.54,0.22,,
2017-09-01,1.76,-0.82,,
2017-09-02,2.96,-0.15,,
2017-09-03,3.18,-0.79,,
2017-09-04,3.26,-1.06,,
2017-09-05,2.63,-0.18,,
2017-09-06,5.28,0.65,,
2017-09-07,6.28,-0.11,,
2017-09-08,8.37,1.32,,
2017-09-09,5.54,1.49,,
2017-09-10,4.32,-1.24,,
2017-09-11,5.25,-1.41,,
2017-09-12,3.24,-1.51,,
2017-09-13,-2.11,0.89,,
2017-09-14,-2.12,2.82,,
2017-09-15,-3.00,2.70,,
2017-09-16,-2.25,1.14,,
2017-09-17,-0.81,-1.81,,
2017-09-18,-0.43,-1.51,,
2017-09-19,-1.67,-0.20,,
2017-09-20,-2.73,0.83,,
2017-09-21,-2.34,0.76,,
2017-09-22,-2.68,0.77,,
2017-09-23,-2.66,0.52,,
2017-09-24,-2.52,1.23,,
2017-09-25,-3.02,1.41,,
2017-09-26,-2.43,1.41,,
2017-09-27,2.19,-1.07,,
2017-09-28,3.65,-0.64,,
2017-09-29,4.49,-1.12,,
2017-09-30,5.22,-0.18,,
2017-10-01,4.04,-0.79,,
2017-10-02,3.46,-0.80,,
2017-10-03,3.51,-0.81,,
2017-10-04,2.76,-0.39,,
2017-10-05,3.68,-0.58,,
2017-10-06,4.56,-1.22,,
2017-10-07,-2.30,-1.22,,
2017-10-08,-0.83,3.09,,
2017-10-09,-1.76,2.51,,
2017-10-10,-2.88,1.17,,
2017-10-11,4.88,-0.69,,
2017-10-12,5.89,-0.41,,
2017-10-13,4.19,-0.22,,
2017-10-14,2.68,-1.31,,
2017-10-15,2.75,-0.95,,
2017-10-16,5.72,-1.32,,
2017-10-17,7.04,-1.50,,
2017-10-18,5.19,-1.01,,
2017-10-19,3.21,-1.23,,
2017-10-20,2.31,-1.39,,
2017-10-21,-0.61,-2.11,,
2017-10-22,-0.30,3.44,,
2017-10-23,4.24,-0.75,,
2017-10-24,3.78,-2.09,,
2017-10-25,5.24,-1.60,,
2017-10-26,3.07,1.70,,
2017-10-27,-2.79,2.34,,
2017-10-28,5.07,-0.62,,
2017-10-29,4.48,0.00,,
2017-10-30,2.49,-0.31,,
2017-10-31,-3.02,2.53,,
2017-11-01,-3.55,2.58,,
2017-11-02,-3.19,2.40,,
2017-11-03,-3.33,1.85,,
2017-11-04,-2.21,0.80,,
2017-11-05,-2.89,1.47,,
2017-11-06,-2.61,2.27,,
2017-11-07,-2.15,1.05,,
2017-11-08,-2.11,0.65,,
2017-11-09,3.14,-1.89,,
2017-11-10,5.20,-0.82,,
2017-11-11,4.22,-0.97,,
2017-11-12,2.53,-1.34,,
2017-11-13,3.71,-0.65,,
2017-11-14,3.77,-1.45,,
2017-11-15,3.05,-0.70,,
2017-11-16,2.57,-1.04,,
2017-11-17,-0.37,-2.11,,
2017-11-18,-3.20,2.33,,
2017-11-19,5.72,0.20,,
2017-11-20,5.03,-0.62,,
2017-11-21,2.31,-0.58,,
2017-11-22,4.89,-2.82,,
2017-11-23,5.48,-2.56,,
2017-11-24,2.47,-0.75,,
2017-11-25,-2.03,2.18,,
2017-11-26,2.40,2.40,,
2017-11-27,2.16,-1.63,,
2017-11-28,-2.21,0.55,,
2017-11-29,-2.68,1.61,,
2017-11-30,2.38,0.08,,
2017-12-01,2.55,-1.30,,
2017-12-02,2.37,-1.05,,
2017-12-03,2.01,-0.98,,
2017-12-04,-2.64,1.01,,
2017-12-05,-2.68,2.59,,
2017-12-06,-2.03,-2.10,,
2017-12-07,4.88,-3.17,,
2017-12-08,6.37,-1.47,,
2017-12-09,5.81,-1.34,,
2017-12-10,4.23,0.07,,
2017-12-11,3.61,0.06,,
2017-12-12,3.25,-0.81,,
2017-12-13,2.50,-1.22,,
2017-12-14,-1.31,2.46,,
2017-12-15,5.21,0.73,,
2017-12-16,4.31,-1.74,,
2017-12-17,2.06,-0.07,,
2017-12-18,1.96,-0.91,,
2017-12-19,1.83,-0.70,,
2017-12-20,-2.40,0.47,,
2017-12-21,-2.03,1.59,,
2017-12-22,-3.30,1.91,,
2017-12-23,4.90,-0.78,,
2017-12-24,3.54,-1.01,,
2017-12-25,3.81,-1.09,,
2017-12-26,1.93,-0.94,,
2017-12-27,1.54,2.20,,
2017-12-28,4.33,-0.38,,
2017-12-29,4.48,-1.12,,
2017-12-30,2.60,-1.33,,
2017-12-31,-0.50,-1.87,,
2018-01-01,4.66,-1.34,,
2018-01-02,6.02,-1.39,,
2018-01-03,6.23,-0.33,,
2018-01-04,4.71,-1.09,,
2018-01-05,2.93,-0.52,,
2018-01-06,3.78,-0.73,,
2018-01-07,-2.39,1.74,,
2018-01-08,4.94,2.20,,
2018-01-09,2.83,-1.09,,
2018-01-10,-2.29,1.60,,
2018-01-11,-1.52,2.54,,
2018-01-12,4.93,-2.73,,
2018-01-13,3.34,-0.47,,
2018-01-14,3.68,-0.45,,
2018-01-15,-2.16,0.19,,
2018-01-16,-1.00,3.26,,
2018-01-17,6.97,-1.87,,
2018-01-18,5.34,-1.53,,
2018-01-19,3.22,-0.99,,
2018-01-20,2.20,-0.23,,
2018-01-21,-3.15,0.73,,
2018-01-22,3.74,1.75,,
2018-01-23,5.93,-1.15,,
2018-01-24,6.36,0.00,,
2018-01-25,6.72,-0.71,,
2018-01-26,3.92,-0.55,,
2018-01-27,2.41,-0.88,,
2018-01-28,3.31,0.41,,
2018-01-29,4.27,-2.46,,
2018-01-30,6.53,-0.57,,
2018-01-31,2.91,-0.36,,
2018-02-01,-0.83,1.95,,
2018-02-02,3.23,3.12,,
2018-02-03,2.95,-1.84,,
2018-02-04,-1.73,1.04,,
2018-02-05,-1.97,1.60,,
2018-02-06,-2.43,1.41,,
2018-02-07,-2.98,1.14,,
2018-02-08,4.05,-2.15,,
2018-02-09,3.81,-0.81,,
2018-02-10,-1.50,1.31,,
2018-02-11,-2.47,1.73,,
2018-02-12,3.63,-1.47,,
2018-02-13,3.90,-1.50,,
2018-02-14,3.19,-1.04,,
2018-02-15,-1.69,-1.05,,
2018-02-16,-2.44,0.89,,
2018-02-17,-2.85,1.65,,
2018-02-18,-4.85,2.37,,
2018-02-19,-4.34,2.92,,
2018-02-20,-3.20,2.00,,
2018-02-21,-3.22,1.78,,
2018-02-22,-2.88,1.53,,
2018-02-23,-3.78,0.87,,
2018-02-24,-3.69,2.22,,
2018-02-25,-1.92,3.08,,
2018-02-26,3.47,0.49,,
2018-02-27,-3.40,2.04,,
2018-02-28,-3.45,2.60,,
2018-03-01,-2.61,3.23,,
2018-03-02,4.55,-3.18,,
2018-03-03,2.96,-1.57,,
2018-03-04,-2.52,0.04,,
2018-03-05,-3.29,0.52,,
2018-03-06,-2.16,3.46,,
2018-03-07,5.31,-0.28,,
2018-03-08,5.36,-0.94,,
2018-03-09,3.12,-1.20,,
2018-03-10,0.10,2.84,,
2018-03-11,-2.75,0.68,,
2018-03-12,4.72,-2.51,,
2018-03-13,5.14,-0.45,,
2018-03-14,4.60,-0.16,,
2018-03-15,2.76,0.39,,
2018-03-16,-1.04,3.87,,
2018-03-17,-2.21,-1.67,,
2018-03-18,-1.38,2.83,,
2018-03-19,-1.36,2.55,,
2018-03-20,2.75,-3.65,,
2018-03-21,2.17,-3.35,,
2018-03-22,-2.90,-0.00,,
2018-03-23,-3.28,0.82,,
2018-03-24,-3.87,2.52,,
2018-03-25,-4.04,1.97,,
2018-03-26,-3.96,0.99,,
2018-03-27,-3.89,1.42,,
2018-03-28,-3.36,0.78,,
2018-03-29,4.10,-4.10,,
2018-03-30,4.74,-2.11,,
2018-03-31,4.10,-1.83,,
2018-04-01,-1.16,-2.10,,
2018-04-02,-3.97,2.02,,
2018-04-03,-3.80,3.54,,
2018-04-04,5.54,0.10,,
2018-04-05,3.21,-1.10,,
2018-04-06,2.02,-1.41,,
2018-04-07,-0.87,3.26,,
2018-04-08,3.18,-3.18,,
2018-04-09,1.10,-1.98,,
2018-04-10,2.67,2.49,,
2018-04-11,4.97,-0.70,,
2018-04-12,0.83,-1.95,,
2018-04-13,-2.86,3.06,,
2018-04-14,5.80,0.51,,
2018-04-15,4.00,-1.78,,
2018-04-16,-3.20,1.36,,
2018-04-17,-4.18,2.93,,
2018-04-18,-3.65,3.07,,
2018-04-19,-3.03,-1.04,,
2018-04-20,1.45,-1.80,,
2018-04-21,-3.83,1.79,,
2018-04-22,-0.91,3.66,,
2018-04-23,1.88,-0.92,,
2018-04-24,-1.74,-0.15,,
2018-04-25,-2.53,0.13,,
2018-04-26,-3.25,-0.23,,
2018-04-27,-3.20,-1.63,,
2018-04-28,-3.41,-0.36,,
2018-04-29,-3.70,0.92,,
2018-04-30,-3.06,0.82,,
2018-05-01,-3.43,1.53,,
2018-05-02,-3.53,1.72,,
2018-05-03,-4.42,2.16,,
2018-05-04,-3.75,1.22,,
2018-05-05,1.85,-1.55,,
2018-05-06,3.02,-0.59,,
2018-05-07,2.17,-0.92,,
2018-05-08,-0.75,-1.30,,
2018-05-09,-3.05,1.62,,
2018-05-10,-2.33,0.90,,
2018-05-11,-2.53,0.54,,
2018-05-12,-2.82,2.92,,
2018-05-13,-2.68,0.47,,
2018-05-14,-3.56,0.89,,
2018-05-15,-3.76,0.94,,
2018-05-16,-2.68,0.28,,
2018-05-17,-2.66,0.28,,
2018-05-18,-4.06,1.72,,
2018-05-19,-3.75,1.67,,
2018-05-20,-3.83,1.63,,
2018-05-21,-4.91,1.50,,
2018-05-22,-3.04,0.37,,
2018-05-23,-2.39,-0.25,,
2018-05-24,-0.14,-2.75,,
2018-05-25,0.47,-2.21,,
2018-05-26,-1.67,-1.00,,
2018-05-27,-2.86,0.66,,
2018-05-28,-3.11,1.13,,
2018-05-29,-3.75,1.83,,
2018-05-30,-4.01,1.62,,
2018-05-31,-3.38,0.78,,
2018-06-01,-2.65,-0.71,,
2018-06-02,-3.34,1.56,,
2018-06-03,-3.72,1.74,,
2018-06-04,-2.63,1.28,,
2018-06-05,-3.88,1.57,,
2018-06-06,-3.98,1.53,,
2018-06-07,-2.88,0.94,,
2018-06-08,-1.37,-1.33,,
2018-06-09,-4.26,1.14,,
2018-06-10,-4.94,2.30,,
2018-06-11,-4.07,1.73,,
2018-06-12,-3.72,1.58,,
2018-06-13,-1.97,1.28,,
2018-06-14,-2.93,0.15,,
2018-06-15,-1.50,-1.01,,
2018-06-16,-2.19,0.59,,
2018-06-17,-3.10,1.19,,
2018-06-18,-2.84,1.32,,
2018-06-19,-1.88,2.32,,
2018-06-20,-2.67,1.30,,
2018-06-21,-2.55,1.53,,
2018-06-22,-2.06,1.29,,
2018-06-23,-2.67,0.77,,
2018-06-24,-4.05,2.94,,
2018-06-25,-3.40,1.89,,
2018-06-26,-3.27,0.82,,
2018-06-27,-2.89,0.61,,
2018-06-28,-4.15,2.40,,
2018-06-29,-5.42,2.41,,
2018-06-30,-4.85,1.96,,
2018-07-01,-4.13,1.84,,
2018-07-02,-3.58,1.23,,
2018-07-03,-3.04,1.23,,
2018-07-04,-3.43,0.67,,
2018-07-05,-2.97,0.63,,
2018-07-06,0.79,-2.18,,
2018-07-07,1.68,-1.81,,
2018-07-08,-4.96,1.15,,
2018-07-09,-2.87,0.93,,
2018-07-10,-1.59,1.03,,
2018-07-11,-0.10,-2.00,,
2018-07-12,-2.14,1.24,,
2018-07-13,-2.88,0.61,,
2018-07-14,-3.79,1.61,,
2018-07-15,-4.70,1.62,,
2018-07-16,-4.41,1.69,,
2018-07-17,-3.56,1.51,,
2018-07-18,-3.89,0.97,,
2018-07-19,-3.97,1.37,,
2018-07-20,-3.83,1.17,,
2018-07-21,-2.98,0.80,,
2018-07-22,-3.48,0.93,,
2018-07-23,-3.98,1.29,,
2018-07-24,-3.81,0.88,,
2018-07-25,-3.05,1.11,,
2018-07-26,-3.34,1.15,,
2018-07-27,-3.15,0.90,,
2018-07-28,-1.03,-2.02,,
2018-07-29,-2.33,0.29,,
2018-07-30,-3.78,1.53,,
2018-07-31,-3.15,1.27,,
2018-08-01,-1.97,-0.53,,
2018-08-02,0.93,-1.61,,
2018-08-03,-1.32,0.70,,
2018-08-04,-2.53,-0.31,,
2018-08-05,-1.97,-0.76,,
2018-08-06,-2.59,-0.05,,
2018-08-07,-2.36,-0.86,,
2018-08-08,-2.26,0.78,,
2018-08-09,-3.75,2.00,,
2018-08-10,-2.26,-0.12,,
2018-08-11,-2.56,0.88,,
2018-08-12,-2.91,1.96,,
2018-08-13,-4.43,2.16,,
2018-08-14,-3.37,2.02,,
2018-08-15,-3.14,1.89,,
2018-08-16,-4.23,1.79,,
2018-08-17,-2.89,1.23,,
2018-08-18,-2.95,1.63,,
2018-08-19,-3.66,1.94,,
2018-08-20,-3.81,2.29,,
2018-08-21,-3.05,1.69,,
2018-08-22,-2.23,-1.18,,
2018-08-23,1.59,-1.70,,
2018-08-24,-3.02,1.67,,
2018-08-25,-3.43,1.53,,
2018-08-26,-3.29,1.07,,
2018-08-27,-3.98,1.77,,
2018-08-28,-4.21,2.05,,
2018-08-29,-3.17,1.76,,
2018-08-30,-1.79,-0.76,,
2018-08-31,-2.47,-0.00,,
2018-09-01,-3.33,1.08,,
2018-09-02,-4.36,1.67,,
2018-09-03,-4.44,1.71,,
2018-09-04,-3.28,1.00,,
2018-09-05,-2.65,0.47,,
2018-09-06,-1.90,-0.10,,
2018-09-07,-1.84,-0.56,,
2018-09-08,-2.26,0.16,,
2018-09-09,-3.49,1.63,,
2018-09-10,-4.25,2.46,,
2018-09-11,-3.32,1.92,,
2018-09-12,2.47,-1.00,,
2018-09-13,1.69,-1.76,,
2018-09-14,-2.13,-0.26,,
2018-09-15,-1.31,1.22,,
2018-09-16,-2.06,1.92,,
2018-09-17,-2.48,1.37,,
2018-09-18,-1.34,-1.49,,
2018-09-19,0.98,-1.84,,
2018-09-20,-2.22,-0.19,,
2018-09-21,-4.10,2.00,,
2018-09-22,-4.17,1.85,,
2018-09-23,-3.15,1.61,,
2018-09-24,-2.70,0.67,,
2018-09-25,-4.40,2.24,,
2018-09-26,-4.87,2.48,,
2018-09-27,-3.53,1.57,,
2018-09-28,-1.33,-0.62,,
2018-09-29,1.40,-1.55,,
2018-09-30,2.82,-0.76,,
2018-10-01,1.95,-1.58,,
2018-10-02,2.39,-1.73,,
2018-10-03,2.94,-1.25,,
2018-10-04,2.07,-1.40,,
2018-10-05,1.16,-1.65,,
2018-10-06,-1.86,0.23,,
2018-10-07,-2.59,1.10,,
2018-10-08,-2.25,0.82,,
2018-10-09,-2.69,1.82,,
2018-10-10,4.01,1.62,,
2018-10-11,2.25,-0.77,,
2018-10-12,1.93,1.07,,
2018-10-13,-3.46,2.16,,
2018-10-14,-3.71,1.81,,
2018-10-15,-4.76,2.53,,
2018-10-16,4.22,3.67,,
2018-10-17,6.92,-0.73,,
2018-10-18,6.91,-0.48,,
2018-10-19,4.92,-0.17,,
2018-10-20,4.44,-0.86,,
2018-10-21,4.47,0.23,,
2018-10-22,5.09,-0.99,,
2018-10-23,3.51,-2.37,,
2018-10-24,2.96,-1.64,,
2018-10-25,-0.67,2.51,,
2018-10-26,-1.80,1.31,,
2018-10-27,2.91,-1.18,,
2018-10-28,4.93,0.09,,
2018-10-29,3.00,-0.32,,
2018-10-30,-2.11,1.17,,
2018-10-31,-3.04,2.05,,
2018-11-01,-2.68,3.43,,
2018-11-02,5.04,-0.80,,
2018-11-03,3.23,-0.40,,
2018-11-04,-0.16,1.53,,
2018-11-05,-1.28,-1.58,,
2018-11-06,-2.22,2.07,,
2018-11-07,-3.07,2.23,,
2018-11-08,-2.70,1.56,,
2018-11-09,-2.77,1.54,,
2018-11-10,5.06,-1.74,,
2018-11-11,3.02,-1.67,,
2018-11-12,1.53,-1.43,,
2018-11-13,7.42,-2.13,,
2018-11-14,8.23,-1.30,,
2018-11-15,4.64,-0.16,,
2018-11-16,3.03,-0.37,,
2018-11-17,2.25,-1.00,,
2018-11-18,-1.35,2.25,,
2018-11-19,-0.77,2.51,,
2018-11-20,3.61,-0.70,,
2018-11-21,4.88,-1.49,,
2018-11-22,3.76,-1.30,,
2018-11-23,2.07,-1.25,,
2018-11-24,2.98,0.00,,
2018-11-25,-1.58,2.74,,
2018-11-26,5.98,-1.38,,
2018-11-27,5.42,0.67,,
2018-11-28,2.92,-0.36,,
2018-11-29,2.41,-0.25,,
2018-11-30,-0.58,2.17,,
2018-12-01,0.87,0.93,,
2018-12-02,1.88,-0.80,,
2018-12-03,3.31,-0.46,,
2018-12-04,5.09,-2.16,,
2018-12-05,5.43,0.47,,
2018-12-06,4.56,-0.72,,
2018-12-07,-2.10,2.60,,
2018-12-08,-1.04,2.87,,
2018-12-09,6.24,-3.04,,
2018-12-10,5.61,-0.89,,
2018-12-11,4.12,0.22,,
2018-12-12,0.23,2.67,,
2018-12-13,-1.46,3.28,,
2018-12-14,3.12,-3.47,,
2018-12-15,3.15,-0.50,,
2018-12-16,2.34,-0.85,,
2018-12-17,2.17,-0.97,,
2018-12-18,-2.59,1.16,,
2018-12-19,3.33,2.42,,
2018-12-20,2.94,-1.63,,
2018-12-21,3.21,-1.04,,
2018-12-22,-2.32,2.67,,
2018-12-23,-2.37,2.54,,
2018-12-24,2.34,-1.14,,
2018-12-25,-2.19,1.71,,
2018-12-26,-2.50,2.25,,
2018-12-27,-2.60,3.33,,
2018-12-28,1.65,-1.65,,
2018-12-29,2.78,-1.54,,
2018-12-30,3.35,-1.49,,
2018-12-31,-2.27,2.80,,
2019-01-01,1.62,-2.00,,
2019-01-02,3.36,-0.78,,
2019-01-03,1.97,-2.34,,
2019-01-04,4.06,-1.98,,
2019-01-05,2.11,-0.69,,
2019-01-06,-2.51,1.12,,
2019-01-07,-2.90,2.18,,
2019-01-08,-1.89,2.10,,
2019-01-09,-1.05,-2.25,,
2019-01-10,3.16,-1.09,,
2019-01-11,-2.17,1.58,,
2019-01-12,3.14,4.65,,
2019-01-13,1.36,-1.51,,
2019-01-14,3.22,-1.30,,
2019-01-15,3.04,-1.55,,
2019-01-16,1.23,-1.75,,
2019-01-17,-2.41,1.69,,
2019-01-18,-3.05,2.06,,
2019-01-19,4.66,-2.28,,
2019-01-20,5.27,-2.02,,
2019-01-21,-3.06,1.18,,
2019-01-22,-3.01,3.23,,
2019-01-23,6.36,-0.89,,
2019-01-24,3.69,0.59,,
2019-01-25,1.93,3.09,,
2019-01-26,-2.03,0.54,,
2019-01-27,6.08,-1.74,,
2019-01-28,-3.24,1.79,,
2019-01-29,5.32,-0.65,,
2019-01-30,4.09,-1.49,,
2019-01-31,1.46,-1.36,,
2019-02-01,3.29,-1.01,,
2019-02-02,1.35,-1.73,,
2019-02-03,-1.99,-0.39,,
2019-02-04,-2.47,0.62,,
2019-02-05,-2.26,-0.24,,
2019-02-06,-3.33,1.92,,
2019-02-07,-3.92,2.45,,
2019-02-08,3.55,-1.89,,
2019-02-09,5.58,-2.26,,
2019-02-10,2.48,-1.80,,
2019-02-11,1.26,-1.67,,
2019-02-12,6.49,1.50,,
2019-02-13,4.95,-2.00,,
2019-02-14,-0.14,2.63,,
2019-02-15,-1.31,2.10,,
2019-02-16,-2.49,3.18,,
2019-02-17,-1.60,1.60,,
2019-02-18,3.81,-2.38,,
2019-02-19,1.29,-3.04,,
2019-02-20,4.29,-1.31,,
2019-02-21,2.82,-1.83,,
2019-02-22,-1.63,3.33,,
2019-02-23,-2.03,0.58,,
2019-02-24,5.24,-0.92,,
2019-02-25,4.91,-1.41,,
2019-02-26,0.94,-1.63,,
2019-02-27,-2.82,1.50,,
2019-02-28,-2.55,1.13,,
2019-03-01,3.55,3.31,,
2019-03-02,-1.97,-0.53,,
2019-03-03,-2.36,1.65,,
2019-03-04,2.73,-2.21,,
2019-03-05,6.28,-2.04,,
2019-03-06,5.51,-1.48,,
2019-03-07,2.66,-1.53,,
2019-03-08,0.71,-2.19,,
2019-03-09,-2.87,1.79,,
2019-03-10,-2.80,2.70,,
2019-03-11,-2.52,0.72,,
2019-03-12,-4.63,1.69,,
2019-03-13,-4.57,1.85,,
2019-03-14,-2.49,3.56,,
2019-03-15,4.41,-2.15,,
2019-03-16,6.52,-2.12,,
2019-03-17,5.03,-1.73,,
2019-03-18,5.13,-1.18,,
2019-03-19,4.29,-1.82,,
2019-03-20,3.70,-1.35,,
2019-03-21,3.02,-0.59,,
2019-03-22,-3.52,1.14,,
2019-03-23,-4.23,1.79,,
2019-03-24,-3.00,1.66,,
2019-03-25,-2.98,0.47,,
2019-03-26,-1.58,-2.02,,
2019-03-27,-0.59,-2.20,,
2019-03-28,-2.82,0.91,,
2019-03-29,-3.59,1.91,,
2019-03-30,-3.80,2.28,,
2019-03-31,4.67,-1.79,,
2019-04-01,4.24,-2.35,,
2019-04-02,3.94,-1.75,,
2019-04-03,-1.08,-1.54,,
2019-04-04,-3.01,1.34,,
2019-04-05,-2.89,-1.00,,
2019-04-06,-3.02,1.89,,
2019-04-07,-3.90,3.05,,
2019-04-08,2.89,-3.33,,
2019-04-09,1.32,-1.82,,
2019-04-10,-3.71,2.70,,
2019-04-11,-3.30,3.08,,
2019-04-12,3.88,-1.64,,
2019-04-13,-1.92,1.50,,
2019-04-14,4.17,-4.47,,
2019-04-15,-1.98,-1.49,,
2019-04-16,-2.84,0.50,,
2019-04-17,-3.18,2.06,,
2019-04-18,5.02,-1.83,,
2019-04-19,2.12,-3.98,,
2019-04-20,-4.39,1.95,,
2019-04-21,-5.94,4.00,,
2019-04-22,-4.17,2.03,,
2019-04-23,-3.87,0.68,,
2019-04-24,-2.35,-0.63,,
2019-04-25,5.15,-2.51,,
2019-04-26,2.13,-3.05,,
2019-04-27,-2.16,-0.04,,
2019-04-28,-3.62,0.57,,
2019-04-29,-3.48,0.74,,
2019-04-30,-4.17,1.60,,
2019-05-01,-5.04,2.25,,
2019-05-02,-5.38,2.74,,
2019-05-03,-5.60,2.61,,
2019-05-04,-2.70,-0.67,,
2019-05-05,1.92,-2.55,,
2019-05-06,-2.85,0.50,,
2019-05-07,-3.60,-0.13,,
2019-05-08,-3.87,1.56,,
2019-05-09,-3.79,1.69,,
2019-05-10,1.34,-3.33,,
2019-05-11,-0.65,-1.70,,
2019-05-12,-0.62,-3.17,,
2019-05-13,-1.62,-1.36,,
2019-05-14,-0.62,-2.15,,
2019-05-15,1.22,-2.39,,
2019-05-16,1.65,-1.53,,
2019-05-17,-2.97,0.69,,
2019-05-18,-4.03,3.50,,
2019-05-19,-3.32,3.32,,
2019-05-20,-4.68,2.70,,
2019-05-21,-5.31,2.48,,
2019-05-22,-4.83,2.68,,
2019-05-23,-5.40,2.07,,
2019-05-24,-5.48,1.68,,
2019-05-25,-4.99,1.24,,
2019-05-26,-4.55,0.97,,
2019-05-27,-3.72,1.07,,
2019-05-28,-4.92,2.09,,
2019-05-29,-4.63,1.87,,
2019-05-30,-4.01,1.87,,
2019-05-31,-2.24,-1.30,,
2019-06-01,0.78,-1.92,,
2019-06-02,1.63,-1.68,,
2019-06-03,3.55,-0.63,,
2019-06-04,0.31,1.93,,
2019-06-05,-2.83,1.26,,
2019-06-06,-1.84,1.15,,
2019-06-07,-2.14,1.24,,
2019-06-08,-2.52,1.57,,
2019-06-09,-3.05,1.42,,
2019-06-10,-2.67,-0.77,,
2019-06-11,3.75,-1.75,,
2019-06-12,-2.13,0.22,,
2019-06-13,2.06,-2.06,,
2019-06-14,2.37,-0.55,,
2019-06-15,-3.14,1.53,,
2019-06-16,-3.49,2.35,,
2019-06-17,-3.38,1.65,,
2019-06-18,-2.81,1.19,,
2019-06-19,-3.43,1.53,,
2019-06-20,-4.47,2.38,,
2019-06-21,-5.43,2.65,,
2019-06-22,-4.82,2.46,,
2019-06-23,-4.40,2.24,,
2019-06-24,-4.23,2.74,,
2019-06-25,-3.59,1.38,,
2019-06-26,-4.80,0.85,,
2019-06-27,-2.22,-1.28,,
2019-06-28,0.90,-1.76,,
2019-06-29,1.66,-1.49,,
2019-06-30,-1.37,-1.42,,
2019-07-01,-2.86,0.61,,
2019-07-02,-3.01,1.53,,
2019-07-03,-3.50,1.86,,
2019-07-04,-4.72,2.20,,
2019-07-05,-3.54,1.15,,
2019-07-06,-1.82,-0.45,,
2019-07-07,-3.24,0.99,,
2019-07-08,-3.47,1.33,,
2019-07-09,-4.44,1.98,,
2019-07-10,-3.88,1.73,,
2019-07-11,-2.20,0.39,,
2019-07-12,-2.31,0.04,,
2019-07-13,-2.60,1.76,,
2019-07-14,-3.97,1.44,,
2019-07-15,-4.10,1.49,,
2019-07-16,-4.38,2.04,,
2019-07-17,-5.06,2.47,,
2019-07-18,-4.47,1.81,,
2019-07-19,-4.41,2.06,,
2019-07-20,-3.81,1.54,,
2019-07-21,-3.79,1.53,,
2019-07-22,-4.36,1.94,,
2019-07-23,-3.17,0.50,,
2019-07-24,-0.92,-1.47,,
2019-07-25,1.04,-1.73,,
2019-07-26,1.31,-1.68,,
2019-07-27,-3.01,0.98,,
2019-07-28,-4.71,1.71,,
2019-07-29,-4.70,1.80,,
2019-07-30,-4.19,1.78,,
2019-07-31,-3.07,0.76,,
2019-08-01,-2.54,-0.54,,
2019-08-02,-2.23,-0.31,,
2019-08-03,-3.14,0.90,,
2019-08-04,-3.80,1.24,,
2019-08-05,-3.67,1.71,,
2019-08-06,-3.39,1.73,,
2019-08-07,-3.79,1.38,,
2019-08-08,-4.97,2.53,,
2019-08-09,-5.34,2.27,,
2019-08-10,-4.37,1.76,,
2019-08-11,-4.25,1.46,,
2019-08-12,-3.76,1.01,,
2019-08-13,-4.12,1.42,,
2019-08-14,-4.41,1.02,,
2019-08-15,-3.52,1.42,,
2019-08-16,-3.99,1.61,,
2019-08-17,-4.69,1.99,,
2019-08-18,-4.83,1.85,,
2019-08-19,-4.51,1.91,,
2019-08-20,-2.78,-0.24,,
2019-08-21,-2.08,-0.48,,
2019-08-22,-3.17,1.15,,
2019-08-23,-3.79,2.19,,
2019-08-24,-3.93,2.18,,
2019-08-25,-3.81,1.31,,
2019-08-26,-4.88,2.27,,
2019-08-27,-4.60,1.95,,
2019-08-28,-3.94,1.36,,
2019-08-29,-1.92,-1.15,,
2019-08-30,-3.37,0.53,,
2019-08-31,-3.63,-0.25,,
2019-09-01,0.00,-2.65,,
2019-09-02,2.95,-3.05,,
2019-09-03,4.83,-3.14,,
2019-09-04,-3.78,2.96,,
2019-09-05,-4.70,2.40,,
2019-09-06,-2.62,-1.97,,
2019-09-07,-2.08,-0.40,,
2019-09-08,-3.34,1.42,,
2019-09-09,-3.96,2.38,,
2019-09-10,-3.73,1.36,,
2019-09-11,-2.33,0.76,,
2019-09-12,-1.18,-0.89,,
2019-09-13,2.36,-0.17,,
2019-09-14,3.29,-1.60,,
2019-09-15,3.04,-1.29,,
2019-09-16,-0.34,-1.91,,
2019-09-17,-2.67,0.97,,
2019-09-18,-3.44,1.46,,
2019-09-19,-3.76,2.08,,
2019-09-20,-4.85,2.06,,
2019-09-21,-2.50,-0.09,,
2019-09-22,-1.95,-0.83,,
2019-09-23,0.72,-2.23,,
2019-09-24,-0.67,-1.94,,
2019-09-25,-3.02,1.16,,
2019-09-26,-2.39,-0.13,,
2019-09-27,-0.90,-2.35,,
2019-09-28,-3.02,0.70,,
2019-09-29,-6.07,4.09,,
2019-09-30,-4.19,2.94,,
2019-10-01,-2.07,0.36,,
2019-10-02,2.04,-1.54,,
2019-10-03,1.68,-1.87,,
2019-10-04,2.85,-1.92,,
2019-10-05,3.22,-2.17,,
2019-10-06,3.37,-2.28,,
2019-10-07,4.40,-2.44,,
2019-10-08,4.53,-2.11,,
2019-10-09,3.08,-1.71,,
2019-10-10,-2.02,0.36,,
2019-10-11,-3.14,2.04,,
2019-10-12,4.56,-0.48,,
2019-10-13,3.88,-1.19,,
2019-10-14,1.30,-1.80,,
2019-10-15,-2.27,-0.04,,
2019-10-16,2.00,0.93,,
2019-10-17,4.75,0.25,,
2019-10-18,2.73,-0.29,,
2019-10-19,-2.45,1.20,,
2019-10-20,-3.94,2.46,,
2019-10-21,-2.64,1.85,,
2019-10-22,3.98,-0.56,,
2019-10-23,4.37,-1.01,,
2019-10-24,3.60,-1.24,,
2019-10-25,2.73,-2.29,,
2019-10-26,5.15,-1.48,,
2019-10-27,1.30,-1.55,,
2019-10-28,0.78,-1.94,,
2019-10-29,-2.31,0.58,,
2019-10-30,-3.34,1.70,,
2019-10-31,6.44,-2.60,,
2019-11-01,6.53,-0.92,,
2019-11-02,5.58,0.59,,
2019-11-03,6.00,0.21,,
2019-11-04,2.86,-0.77,,
2019-11-05,-2.15,1.29,,
2019-11-06,2.35,-0.76,,
2019-11-07,1.56,-1.51,,
2019-11-08,3.58,-1.52,,
2019-11-09,6.93,-0.48,,
2019-11-10,4.12,-0.22,,
2019-11-11,-1.53,0.89,,
2019-11-12,5.03,-3.02,,
2019-11-13,5.79,-1.55,,
2019-11-14,3.15,-1.08,,
2019-11-15,6.31,-1.46,,
2019-11-16,4.47,-0.87,,
2019-11-17,2.10,0.18,,
2019-11-18,0.39,2.21,,
2019-11-19,-3.03,2.37,,
2019-11-20,-3.96,3.10,,
2019-11-21,-3.25,2.45,,
2019-11-22,-2.86,1.93,,
2019-11-23,-1.84,-1.78,,
2019-11-24,1.36,-3.19,,
2019-11-25,-1.93,-1.20,,
2019-11-26,-0.30,2.84,,
2019-11-27,-2.55,2.37,,
2019-11-28,-2.39,0.25,,
2019-11-29,-2.12,1.38,,
2019-11-30,-2.56,2.39,,
2019-12-01,-1.47,3.02,,
2019-12-02,5.28,-2.03,,
2019-12-03,3.44,-0.92,,
2019-12-04,2.08,-1.30,,
2019-12-05,-1.89,-0.54,,
2019-12-06,-2.25,2.03,,
2019-12-07,2.27,-1.11,,
2019-12-08,-1.73,-1.08,,
2019-12-09,-1.82,2.70,,
2019-12-10,-1.82,2.91,,
2019-12-11,6.98,-3.25,,
2019-12-12,4.79,-1.28,,
2019-12-13,2.38,-0.87,,
2019-12-14,-0.11,2.10,,
2019-12-15,-2.44,3.13,,
2019-12-16,-1.93,2.98,,
2019-12-17,5.11,-2.72,,
2019-12-18,7.20,-1.80,,
2019-12-19,5.25,0.00,,
2019-12-20,2.81,-0.30,,
2019-12-21,4.43,-0.39,,
2019-12-22,6.09,-1.63,,
2019-12-23,3.04,-0.59,,
2019-12-24,-1.69,1.18,,
2019-12-25,-2.12,2.62,,
2019-12-26,-2.89,2.60,,
2019-12-27,-2.07,1.35,,
2019-12-28,-2.99,2.02,,
2019-12-29,-1.46,2.01,,
2019-12-30,4.50,-0.63,,
2019-12-31,6.14,-0.32,,
2020-01-01,3.50,-0.94,,
2020-01-02,-2.36,1.84,,
2020-01-03,4.33,-0.92,,
2020-01-04,4.64,-1.69,,
2020-01-05,2.82,-0.55,,
2020-01-06,-2.28,1.02,,
2020-01-07,3.91,-0.69,,
2020-01-08,2.92,-1.68,,
2020-01-09,-2.33,2.49,,
2020-01-10,-3.71,3.22,,
2020-01-11,4.99,4.50,,
2020-01-12,4.53,-1.21,,
2020-01-13,2.69,-0.87,,
2020-01-14,1.38,1.59,,
2020-01-15,-5.13,2.39,,
2020-01-16,-5.72,2.31,,
2020-01-17,-3.94,1.13,,
2020-01-18,1.83,0.32,,
2020-01-19,1.92,-1.30,,
2020-01-20,7.91,-1.11,,
2020-01-21,5.03,-0.53,,
2020-01-22,-2.11,2.69,,
2020-01-23,-2.11,3.13,,
2020-01-24,-1.85,1.56,,
2020-01-25,-2.91,1.96,,
2020-01-26,-1.85,2.28,,
2020-01-27,2.01,-1.88,,
2020-01-28,-2.51,1.12,,
2020-01-29,3.46,-2.52,,
2020-01-30,-2.31,1.50,,
2020-01-31,5.21,0.55,,
2020-02-01,6.05,-0.21,,
2020-02-02,3.47,0.43,,
2020-02-03,0.82,2.68,,
2020-02-04,-2.60,1.96,,
2020-02-05,-1.59,1.28,,
2020-02-06,2.76,-3.41,,
2020-02-07,3.07,0.94,,
2020-02-08,2.58,1.37,,
2020-02-09,-1.58,-0.88,,
2020-02-10,-3.44,2.32,,
2020-02-11,-2.81,2.81,,
2020-02-12,3.49,-0.87,,
2020-02-13,4.71,-2.50,,
2020-02-14,5.94,0.00,,
2020-02-15,4.30,-0.99,,
2020-02-16,1.52,-1.42,,
2020-02-17,-2.18,1.36,,
2020-02-18,-3.05,2.47,,
2020-02-19,2.91,-0.56,,
2020-02-20,1.55,-1.98,,
2020-02-21,6.51,-4.56,,
2020-02-22,4.96,-0.88,,
2020-02-23,2.61,0.80,,
2020-02-24,-2.89,2.69,,
2020-02-25,1.80,-2.48,,
2020-02-26,5.83,-1.78,,
2020-02-27,5.27,-0.37,,
2020-02-28,3.36,-0.24,,
2020-02-29,-2.89,1.95,,
2020-03-01,-4.30,3.24,,
2020-03-02,-2.26,3.91,,
2020-03-03,-2.23,2.75,,
2020-03-04,1.18,1.97,,
2020-03-05,4.20,-3.40,,
2020-03-06,4.90,-2.29,,
2020-03-07,3.02,-1.89,,
2020-03-08,1.13,-1.45,,
2020-03-09,-2.89,1.17,,
2020-03-10,-2.10,0.94,,
2020-03-11,-2.21,0.27,,
2020-03-12,-3.40,1.51,,
2020-03-13,-3.23,1.50,,
2020-03-14,-3.07,1.70,,
2020-03-15,-3.20,-0.56,,
2020-03-16,-2.36,-0.50,,
2020-03-17,-3.12,0.55,,
2020-03-18,-3.43,1.39,,
2020-03-19,-3.19,1.92,,
2020-03-20,-3.58,2.07,,
2020-03-21,-2.44,-0.89,,
2020-03-22,-2.48,-0.44,,
2020-03-23,-3.13,1.33,,
2020-03-24,-3.76,1.37,,
2020-03-25,-2.70,1.50,,
2020-03-26,-3.30,0.52,,
2020-03-27,-4.07,1.90,,
2020-03-28,-3.93,2.36,,
2020-03-29,3.36,-1.03,,
2020-03-30,-2.99,-0.00,,
2020-03-31,-2.97,-0.85,,
2020-04-01,-1.49,-1.44,,
2020-04-02,-3.82,1.54,,
2020-04-03,-3.71,2.70,,
2020-04-04,-4.33,2.30,,
2020-04-05,1.55,-2.80,,
2020-04-06,-1.16,-2.01,,
2020-04-07,-3.16,0.56,,
2020-04-08,-2.92,0.57,,
2020-04-09,-2.15,-0.58,,
2020-04-10,4.48,-1.54,,
2020-04-11,-1.85,-1.02,,
2020-04-12,-3.11,2.26,,
2020-04-13,4.26,-3.09,,
2020-04-14,1.77,-2.63,,
2020-04-15,3.38,-2.94,,
2020-04-16,5.06,-0.89,,
2020-04-17,0.13,-1.92,,
2020-04-18,0.13,3.60,,
2020-04-19,-2.85,1.09,,
2020-04-20,3.80,-2.02,,
2020-04-21,-0.63,-1.73,,
2020-04-22,-3.62,1.69,,
2020-04-23,-4.03,3.26,,
2020-04-24,1.97,-2.19,,
2020-04-25,-2.76,0.44,,
2020-04-26,3.37,-1.23,,
2020-04-27,2.38,-1.27,,
2020-04-28,-2.63,1.17,,
2020-04-29,-3.37,2.45,,
2020-04-30,3.95,-1.52,,
2020-05-01,0.09,2.65,,
2020-05-02,-3.90,1.66,,
2020-05-03,-3.13,1.02,,
2020-05-04,-2.76,1.12,,
2020-05-05,-3.06,1.18,,
2020-05-06,2.36,-2.28,,
2020-05-07,3.38,-0.18,,
2020-05-08,-3.77,1.68,,
2020-05-09,6.23,-0.44,,
2020-05-10,4.51,-2.01,,
2020-05-11,2.61,-1.57,,
2020-05-12,-4.51,2.20,,
2020-05-13,-4.06,2.54,,
2020-05-14,-4.09,2.27,,
2020-05-15,-3.77,1.45,,
2020-05-16,-3.65,2.55,,
2020-05-17,-1.04,-2.14,,
2020-05-18,2.21,-1.79,,
2020-05-19,-3.72,1.35,,
2020-05-20,-4.65,3.14,,
2020-05-21,-4.49,2.00,,
2020-05-22,-4.14,0.88,,
2020-05-23,-3.08,0.94,,
2020-05-24,-3.86,1.56,,
2020-05-25,-3.59,3.01,,
2020-05-26,-3.59,-0.96,,
2020-05-27,2.30,-2.55,,
2020-05-28,-1.80,-0.69,,
2020-05-29,0.10,-3.00,,
2020-05-30,4.22,-2.15,,
2020-05-31,3.36,-2.10,,
2020-06-01,3.06,-2.30,,
2020-06-02,3.83,-2.88,,
2020-06-03,4.48,-3.76,,
2020-06-04,3.25,-2.92,,
2020-06-05,2.85,-2.15,,
2020-06-06,2.91,-1.61,,
2020-06-07,-2.44,0.89,,
2020-06-08,-3.11,1.80,,
2020-06-09,-2.20,2.82,,
2020-06-10,3.47,2.00,,
2020-06-11,3.36,-1.57,,
2020-06-12,3.77,-2.09,,
2020-06-13,3.77,-2.95,,
2020-06-14,2.97,-1.93,,
2020-06-15,2.47,-2.07,,
2020-06-16,1.97,-1.97,,
2020-06-17,-1.78,-0.22,,
2020-06-18,-2.98,1.08,,
2020-06-19,-3.55,1.51,,
2020-06-20,-3.09,1.31,,
2020-06-21,-3.28,1.46,,
2020-06-22,-4.47,2.48,,
2020-06-23,-2.98,1.72,,
2020-06-24,-2.27,1.16,,
2020-06-25,-2.73,0.89,,
2020-06-26,-3.87,2.32,,
2020-06-27,-4.62,2.46,,
2020-06-28,-4.98,2.76,,
2020-06-29,-3.93,2.18,,
2020-06-30,-4.13,2.11,,
2020-07-01,-4.97,2.32,,
2020-07-02,-4.79,1.84,,
2020-07-03,-2.79,0.70,,
2020-07-04,-2.83,0.87,,
2020-07-05,-3.77,1.84,,
2020-07-06,-4.11,1.92,,
2020-07-07,-4.29,2.09,,
2020-07-08,-4.93,3.20,,
2020-07-09,-4.70,2.29,,
2020-07-10,-3.24,0.81,,
2020-07-11,-2.45,0.30,,
2020-07-12,-2.36,-0.17,,
2020-07-13,-4.13,1.50,,
2020-07-14,-4.43,1.70,,
2020-07-15,-4.16,1.43,,
2020-07-16,-5.39,2.29,,
2020-07-17,-4.54,1.47,,
2020-07-18,-4.08,1.25,,
2020-07-19,-3.11,0.38,,
2020-07-20,-2.54,0.40,,
2020-07-21,-3.32,1.28,,
2020-07-22,-3.42,0.98,,
2020-07-23,-2.79,0.24,,
2020-07-24,-2.88,0.83,,
2020-07-25,-4.18,2.32,,
2020-07-26,-5.82,3.64,,
2020-07-27,-5.79,3.35,,
2020-07-28,-2.52,0.13,,
2020-07-29,-4.29,1.91,,
2020-07-30,-4.21,1.97,,
2020-07-31,-3.87,1.48,,
2020-08-01,-3.15,0.73,,
2020-08-02,-1.17,-1.56,,
2020-08-03,1.28,-2.23,,
2020-08-04,-2.06,-0.36,,
2020-08-05,-2.75,0.63,,
2020-08-06,-2.56,0.04,,
2020-08-07,-1.80,-0.80,,
2020-08-08,-2.59,0.55,,
2020-08-09,-3.38,1.30,,
2020-08-10,2.40,-0.60,,
2020-08-11,-3.09,1.25,,
2020-08-12,-3.99,0.85,,
2020-08-13,-3.32,1.28,,
2020-08-14,-2.20,-0.23,,
2020-08-15,-2.01,1.36,,
2020-08-16,-2.73,1.45,,
2020-08-17,-2.66,0.57,,
2020-08-18,0.79,-2.06,,
2020-08-19,-1.78,-0.22,,
2020-08-20,-2.06,0.67,,
2020-08-21,-2.97,0.85,,
2020-08-22,-3.33,0.71,,
2020-08-23,-1.55,-1.66,,
2020-08-24,2.32,-1.62,,
2020-08-25,4.85,0.00,,
2020-08-26,3.87,-0.34,,
2020-08-27,-4.00,1.78,,
2020-08-28,-2.87,2.09,,
2020-08-29,-3.19,2.23,,
2020-08-30,-3.39,1.17,,
2020-08-31,-3.31,1.99,,
2020-09-01,-4.41,2.97,,
2020-09-02,-4.88,2.82,,
2020-09-03,-3.86,1.41,,
2020-09-04,-0.71,-2.20,,
2020-09-05,2.80,-0.59,,
2020-09-06,2.90,-1.35,,
2020-09-07,2.37,-1.26,,
2020-09-08,-2.25,0.48,,
2020-09-09,-3.74,1.82,,
2020-09-10,-2.74,0.89,,
2020-09-11,3.10,-1.19,,
2020-09-12,4.37,-1.42,,
2020-09-13,3.34,-1.85,,
2020-09-14,4.25,-1.14,,
2020-09-15,4.58,-1.14,,
2020-09-16,4.75,-0.84,,
2020-09-17,4.00,-1.30,,
2020-09-18,4.54,-1.30,,
2020-09-19,5.05,-0.89,,
2020-09-20,4.41,-1.35,,
2020-09-21,1.90,-1.54,,
2020-09-22,-1.19,-1.53,,
2020-09-23,-2.04,0.66,,
2020-09-24,-1.58,0.51,,
2020-09-25,-2.72,0.94,,
2020-09-26,-1.95,0.31,,
2020-09-27,-2.76,1.53,,
2020-09-28,-3.03,1.82,,
2020-09-29,7.26,1.02,,
2020-09-30,5.32,-1.83,,
2020-10-01,3.51,-1.49,,
2020-10-02,4.69,-1.90,,
2020-10-03,4.66,-1.70,,
2020-10-04,3.70,-2.22,,
2020-10-05,4.68,-1.89,,
2020-10-06,3.56,-1.89,,
2020-10-07,4.67,-1.89,,
2020-10-08,4.76,-1.55,,
2020-10-09,1.94,-0.38,,
2020-10-10,-2.07,0.75,,
2020-10-11,-3.15,1.75,,
2020-10-12,-3.13,1.27,,
2020-10-13,2.09,-1.31,,
2020-10-14,1.98,-1.34,,
2020-10-15,-1.76,0.67,,
2020-10-16,-2.06,-0.07,,
2020-10-17,4.23,-0.90,,
2020-10-18,2.42,-0.88,,
2020-10-19,-1.59,-0.37,,
2020-10-20,-0.03,-1.93,,
2020-10-21,2.78,-1.35,,
2020-10-22,2.66,-1.30,,
2020-10-23,-1.42,-1.32,,
2020-10-24,2.75,-1.52,,
2020-10-25,-2.17,0.83,,
2020-10-26,-3.36,1.78,,
2020-10-27,-3.39,-1.03,,
2020-10-28,0.93,-2.87,,
2020-10-29,3.40,-4.51,,
2020-10-30,5.83,-1.45,,
2020-10-31,3.93,-1.20,,
2020-11-01,3.39,-0.54,,
2020-11-02,6.75,-2.06,,
2020-11-03,5.20,-1.49,,
2020-11-04,3.67,-1.12,,
2020-11-05,3.25,-1.73,,
2020-11-06,4.43,-2.07,,
2020-11-07,3.21,-1.93,,
2020-11-08,-1.72,-0.92,,
2020-11-09,-2.89,1.35,,
2020-11-10,-3.02,1.81,,
2020-11-11,-2.74,0.43,,
2020-11-12,-2.76,-0.10,,
2020-11-13,-3.03,1.10,,
2020-11-14,-3.37,1.43,,
2020-11-15,-3.11,2.26,,
2020-11-16,4.95,-1.42,,
2020-11-17,5.37,-1.34,,
2020-11-18,6.56,-0.34,,
2020-11-19,4.14,-0.51,,
2020-11-20,4.38,0.15,,
2020-11-21,3.84,-0.82,,
2020-11-22,2.88,-1.28,,
2020-11-23,3.44,-1.68,,
2020-11-24,-2.46,0.52,,
2020-11-25,-1.25,3.10,,
2020-11-26,-2.16,1.69,,
2020-11-27,-4.05,1.89,,
2020-11-28,-3.51,1.64,,
2020-11-29,-2.32,2.57,,
2020-11-30,5.98,-3.05,,
2020-12-01,4.72,-0.41,,
2020-12-02,2.68,0.82,,
2020-12-03,5.52,2.12,,
2020-12-04,5.57,-0.19,,
2020-12-05,3.86,-1.18,,
2020-12-06,5.28,-1.22,,
2020-12-07,4.52,-0.32,,
2020-12-08,3.61,-0.83,,
2020-12-09,2.33,-0.62,,
2020-12-10,-2.07,2.30,,
2020-12-11,-3.27,3.15,,
2020-12-12,1.37,3.76,,
2020-12-13,-2.13,1.85,,
2020-12-14,5.65,-1.00,,
2020-12-15,2.54,0.18,,
2020-12-16,5.85,0.51,,
2020-12-17,4.66,0.33,,
2020-12-18,2.98,-0.42,,
2020-12-19,1.24,1.91,,
2020-12-20,4.02,-1.08,,
2020-12-21,2.93,-0.26,,
2020-12-22,-2.21,0.55,,
2020-12-23,-2.50,1.82,,
2020-12-24,7.20,1.53,,
2020-12-25,5.03,-0.26,,
2020-12-26,-2.00,-1.45,,
2020-12-27,-0.93,2.29,,
2020-12-28,-3.15,2.74,,
2020-12-29,-3.49,2.10,,
2020-12-30,-2.79,3.71,,
2020-12-31,-2.53,3.76,,
2021-01-01,1.57,-2.72,,
2021-01-02,5.05,-0.26,,
2021-01-03,3.93,-0.34,,
2021-01-04,2.55,-0.50,,
2021-01-05,2.10,0.18,,
2021-01-06,-2.54,1.52,,
2021-01-07,5.38,-1.14,,
2021-01-08,2.40,-0.42,,
2021-01-09,-2.29,1.43,,
2021-01-10,-4.12,2.89,,
2021-01-11,6.58,-0.34,,
2021-01-12,5.29,-0.18,,
2021-01-13,4.76,-1.10,,
2021-01-14,2.17,-0.75,,
2021-01-15,4.68,-1.80,,
2021-01-16,3.27,-0.52,,
2021-01-17,-2.10,2.50,,
2021-01-18,-2.47,1.93,,
2021-01-19,-4.41,3.09,,
2021-01-20,-1.73,2.67,,
2021-01-21,-3.06,1.49,,
2021-01-22,-1.89,1.48,,
2021-01-23,-2.23,0.73,,
2021-01-24,-2.69,0.98,,
2021-01-25,-2.35,1.83,,
2021-01-26,2.86,-0.99,,
2021-01-27,2.67,-2.67,,
2021-01-28,8.23,-0.29,,
2021-01-29,4.64,-0.41,,
2021-01-30,-2.01,1.95,,
2021-01-31,3.56,-0.76,,
2021-02-01,2.87,-2.97,,
2021-02-02,3.42,-0.42,,
2021-02-03,-3.39,1.73,,
2021-02-04,-2.48,2.65,,
2021-02-05,0.33,3.14,,
2021-02-06,2.53,-1.24,,
2021-02-07,2.53,-3.12,,
2021-02-08,-3.34,0.71,,
2021-02-09,1.92,3.46,,
2021-02-10,-2.85,1.33,,
2021-02-11,-3.10,2.02,,
2021-02-12,4.13,-2.10,,
2021-02-13,4.57,-1.94,,
2021-02-14,3.70,-1.35,,
2021-02-15,5.29,-0.74,,
2021-02-16,4.41,-0.78,,
2021-02-17,3.22,-0.80,,
2021-02-18,4.43,-0.86,,
2021-02-19,6.98,-1.48,,
2021-02-20,3.60,-0.13,,
2021-02-21,1.91,1.72,,
2021-02-22,3.59,3.85,,
2021-02-23,2.38,-1.79,,
2021-02-24,-2.54,0.54,,
2021-02-25,-3.07,1.63,,
2021-02-26,-4.10,1.74,,
2021-02-27,-3.55,1.66,,
2021-02-28,-2.82,0.40,,
2021-03-01,-2.94,1.37,,
2021-03-02,4.12,-3.98,,
2021-03-03,3.26,-1.12,,
2021-03-04,1.53,-1.29,,
2021-03-05,-2.72,1.04,,
2021-03-06,3.51,-2.74,,
2021-03-07,2.20,-1.92,,
2021-03-08,1.66,-0.77,,
2021-03-09,-1.95,0.07,,
2021-03-10,-3.32,1.69,,
2021-03-11,-3.70,1.88,,
2021-03-12,-3.53,0.88,,
2021-03-13,-4.28,1.99,,
2021-03-14,-4.57,1.85,,
2021-03-15,-3.45,1.99,,
2021-03-16,-2.58,-0.00,,
2021-03-17,-2.51,2.99,,
2021-03-18,5.07,-3.96,,
2021-03-19,2.79,-2.60,,
2021-03-20,-0.04,-2.40,,
2021-03-21,-2.78,0.24,,
2021-03-22,-3.84,2.59,,
2021-03-23,-2.60,3.33,,
2021-03-24,-3.21,0.39,,
2021-03-25,2.13,-2.21,,
2021-03-26,3.12,-2.03,,
2021-03-27,-3.59,1.67,,
2021-03-28,-3.73,1.99,,
2021-03-29,4.42,-3.98,,
2021-03-30,0.58,-2.02,,
2021-03-31,-3.10,1.72,,
2021-04-01,3.19,-2.58,,
2021-04-02,6.66,-1.42,,
2021-04-03,3.17,-0.33,,
2021-04-04,-2.05,-0.00,,
2021-04-05,-2.03,-0.18,,
2021-04-06,-3.77,2.27,,
2021-04-07,-3.68,2.39,,
2021-04-08,3.62,3.03,,
2021-04-09,-1.38,1.97,,
2021-04-10,-2.65,2.47,,
2021-04-11,1.78,-2.44,,
2021-04-12,-1.50,-1.44,,
2021-04-13,-3.57,1.37,,
2021-04-14,-2.51,-0.04,,
2021-04-15,-2.80,0.86,,
2021-04-16,-3.22,3.11,,
2021-04-17,5.81,-0.51,,
2021-04-18,4.62,-4.02,,
2021-04-19,4.53,-2.31,,
2021-04-20,3.62,-1.39,,
2021-04-21,0.14,-2.60,,
2021-04-22,-3.32,0.06,,
2021-04-23,-3.41,1.18,,
2021-04-24,-3.74,4.62,,
2021-04-25,2.53,-2.36,,
2021-04-26,-2.60,0.27,,
2021-04-27,-3.65,0.71,,
2021-04-28,-4.25,1.89,,
2021-04-29,-4.44,3.11,,
2021-04-30,2.47,-1.37,,
2021-05-01,0.98,-2.32,,
2021-05-02,-3.60,2.16,,
2021-05-03,-2.72,1.21,,
2021-05-04,-2.52,1.57,,
2021-05-05,3.90,-2.44,,
2021-05-06,3.25,-2.11,,
2021-05-07,3.50,-1.20,,
2021-05-08,-2.28,0.04,,
2021-05-09,-3.92,1.83,,
2021-05-10,-3.67,1.34,,
2021-05-11,-3.46,1.33,,
2021-05-12,0.98,-2.01,,
2021-05-13,5.16,-3.10,,
2021-05-14,4.29,-2.09,,
2021-05-15,1.50,-1.91,,
2021-05-16,-3.38,1.88,,
2021-05-17,-3.64,2.27,,
2021-05-18,-3.41,2.05,,
2021-05-19,-3.75,3.63,,
2021-05-20,2.82,-3.36,,
2021-05-21,-2.26,-0.36,,
2021-05-22,-3.00,0.64,,
2021-05-23,-1.98,-0.80,,
2021-05-24,-2.77,0.85,,
2021-05-25,-4.86,2.47,,
2021-05-26,-4.51,2.10,,
2021-05-27,-4.53,1.92,,
2021-05-28,-4.48,2.28,,
2021-05-29,-3.77,1.92,,
2021-05-30,-2.63,0.70,,
2021-05-31,-4.46,1.36,,
2021-06-01,-4.41,1.69,,
2021-06-02,-2.04,-0.58,,
2021-06-03,-4.04,0.71,,
2021-06-04,1.54,-0.96,,
2021-06-05,-1.16,-1.49,,
2021-06-06,-3.18,1.76,,
2021-06-07,-4.43,2.66,,
2021-06-08,-4.53,2.31,,
2021-06-09,-3.34,1.28,,
2021-06-10,-2.21,0.35,,
2021-06-11,-2.92,1.55,,
2021-06-12,-3.00,-0.05,,
2021-06-13,2.52,-1.70,,
2021-06-14,3.39,-0.72,,
2021-06-15,3.68,-2.04,,
2021-06-16,3.58,-2.60,,
2021-06-17,4.79,-2.03,,
2021-06-18,4.23,-1.54,,
2021-06-19,-2.09,2.09,,
2021-06-20,-3.18,1.42,,
2021-06-21,-3.63,2.54,,
2021-06-22,-3.13,2.82,,
2021-06-23,2.22,1.62,,
2021-06-24,-3.35,1.78,,
2021-06-25,-4.56,2.43,,
2021-06-26,-3.21,2.09,,
2021-06-27,-3.22,1.86,,
2021-06-28,1.64,-0.17,,
2021-06-29,-1.51,0.67,,
2021-06-30,-1.82,0.22,,
2021-07-01,1.95,-1.04,,
2021-07-02,-1.07,-1.28,,
2021-07-03,-2.24,0.44,,
2021-07-04,-2.88,1.60,,
2021-07-05,-3.30,2.14,,
2021-07-06,-4.53,2.11,,
2021-07-07,-3.85,2.05,,
2021-07-08,-1.76,1.95,,
2021-07-09,-2.76,0.95,,
2021-07-10,-4.73,2.21,,
2021-07-11,-5.75,2.09,,
2021-07-12,-3.99,0.99,,
2021-07-13,-2.59,0.69,,
2021-07-14,-2.75,-0.39,,
2021-07-15,1.79,-0.83,,
2021-07-16,-3.09,1.19,,
2021-07-17,-3.14,1.60,,
2021-07-18,-1.59,-0.17,,
2021-07-19,-2.09,-0.04,,
2021-07-20,-3.42,1.52,,
2021-07-21,-3.98,1.77,,
2021-07-22,-4.67,1.70,,
2021-07-23,-3.61,1.04,,
2021-07-24,-3.30,1.27,,
2021-07-25,-2.85,0.93,,
2021-07-26,-2.54,0.49,,
2021-07-27,-2.09,0.33,,
2021-07-28,-1.77,-0.54,,
2021-07-29,-1.77,-0.98,,
2021-07-30,-2.15,0.26,,
2021-07-31,-2.83,0.45,,
2021-08-01,-2.62,0.70,,
2021-08-02,-3.14,1.89,,
2021-08-03,-3.22,1.86,,
2021-08-04,-3.22,1.44,,
2021-08-05,-2.83,0.87,,
2021-08-06,-3.39,1.58,,
2021-08-07,-3.75,1.67,,
2021-08-08,-4.24,2.65,,
2021-08-09,-4.42,2.25,,
2021-08-10,-4.40,2.05,,
2021-08-11,-3.15,1.34,,
2021-08-12,-2.97,0.69,,
2021-08-13,-3.09,0.94,,
2021-08-14,0.09,-2.46,,
2021-08-15,0.64,-2.38,,
2021-08-16,-0.64,-1.97,,
2021-08-17,-2.62,0.61,,
2021-08-18,-4.59,2.24,,
2021-08-19,-4.15,1.35,,
2021-08-20,5.38,-2.86,,
2021-08-21,-5.94,9.14,,
2021-08-22,-3.59,1.45,,
2021-08-23,-2.56,-1.25,,
2021-08-24,1.50,-1.26,,
2021-08-25,0.83,1.27,,
2021-08-26,0.69,-2.40,,
2021-08-27,-2.66,0.71,,
2021-08-28,-2.11,1.48,,
2021-08-29,-2.84,1.15,,
2021-08-30,-3.20,1.92,,
2021-08-31,-2.85,1.72,,
2021-09-01,-2.40,1.07,,
2021-09-02,-2.37,1.37,,
2021-09-03,-2.13,1.18,,
2021-09-04,-3.22,1.05,,
2021-09-05,0.04,-2.05,,
2021-09-06,1.33,-1.53,,
2021-09-07,1.68,0.24,,
2021-09-08,-1.80,-0.22,,
2021-09-09,2.26,-1.41,,
2021-09-10,3.30,-1.76,,
2021-09-11,3.15,-1.97,,
2021-09-12,4.36,-1.50,,
2021-09-13,-1.53,1.58,,
2021-09-14,-2.63,1.46,,
2021-09-15,-2.33,1.76,,
2021-09-16,-2.01,1.46,,
2021-09-17,-2.52,1.12,,
2021-09-18,-2.06,-1.67,,
2021-09-19,2.22,-0.47,,
2021-09-20,-2.64,1.59,,
2021-09-21,-3.26,1.89,,
2021-09-22,-2.36,-2.36,,
2021-09-23,4.35,-1.67,,
2021-09-24,3.08,-1.00,,
2021-09-25,2.20,-1.66,,
2021-09-26,2.66,-1.30,,
2021-09-27,-1.95,-0.14,,
2021-09-28,-3.71,1.81,,
2021-09-29,-3.82,2.48,,
2021-09-30,-4.22,2.53,,
2021-10-01,-2.75,1.65,,
2021-10-02,2.08,1.25,,
2021-10-03,0.92,-1.98,,
2021-10-04,2.61,-0.70,,
2021-10-05,3.23,-1.50,,
2021-10-06,3.84,-1.25,,
2021-10-07,2.89,-1.95,,
2021-10-08,3.32,-1.84,,
2021-10-09,2.50,-1.50,,
2021-10-10,-2.78,2.17,,
2021-10-11,-3.29,2.48,,
2021-10-12,-4.35,2.12,,
2021-10-13,-4.56,2.64,,
2021-10-14,-4.10,2.46,,
2021-10-15,-3.91,1.91,,
2021-10-16,3.39,-0.91,,
2021-10-17,7.12,-0.75,,
2021-10-18,4.01,-0.28,,
2021-10-19,2.26,-0.87,,
2021-10-20,-0.40,-1.87,,
2021-10-21,2.39,-1.22,,
2021-10-22,3.32,-0.53,,
2021-10-23,3.07,-0.94,,
2021-10-24,-2.14,0.82,,
2021-10-25,-2.50,1.62,,
2021-10-26,-2.35,0.54,,
2021-10-27,-2.76,1.60,,
2021-10-28,3.48,-1.00,,
2021-10-29,2.24,-0.91,,
2021-10-30,-2.46,0.85,,
2021-10-31,-2.83,2.37,,
2021-11-01,-2.76,1.79,,
2021-11-02,-1.72,-1.45,,
2021-11-03,2.16,0.83,,
2021-11-04,3.32,-1.14,,
2021-11-05,4.98,-1.91,,
2021-11-06,2.88,-2.02,,
2021-11-07,2.49,-0.58,,
2021-11-08,-1.66,-0.29,,
2021-11-09,-1.59,0.40,,
2021-11-10,-3.55,2.22,,
2021-11-11,-2.78,2.41,,
2021-11-12,2.25,-0.73,,
2021-11-13,3.01,-0.81,,
2021-11-14,3.23,-0.23,,
2021-11-15,-0.23,1.91,,
2021-11-16,-0.81,1.91,,
2021-11-17,-1.09,2.06,,
2021-11-18,-0.61,3.86,,
2021-11-19,6.52,0.11,,
2021-11-20,4.98,-0.88,,
2021-11-21,2.23,-0.77,,
2021-11-22,2.07,-0.88,,
2021-11-23,4.46,-0.39,,
2021-11-24,-1.40,2.08,,
2021-11-25,-3.06,2.86,,
2021-11-26,3.71,1.50,,
2021-11-27,3.74,-1.36,,
2021-11-28,2.90,-0.94,,
2021-11-29,5.31,-2.25,,
2021-11-30,2.83,-1.51,,
2021-12-01,1.59,-1.03,,
2021-12-02,1.27,-1.46,,
2021-12-03,-2.29,1.02,,
2021-12-04,-2.18,0.93,,
2021-12-05,-2.35,2.04,,
2021-12-06,-2.36,2.62,,
2021-12-07,-2.80,-0.00,,
2021-12-08,-2.32,1.03,,
2021-12-09,-2.36,1.25,,
2021-12-10,-3.25,2.73,,
2021-12-11,-2.32,3.71,,
2021-12-12,6.13,-1.41,,
2021-12-13,3.66,-0.32,,
2021-12-14,2.21,-0.68,,
2021-12-15,-2.27,-0.32,,
2021-12-16,-2.25,1.58,,
2021-12-17,-2.79,1.36,,
2021-12-18,-1.99,2.46,,
2021-12-19,4.25,-0.07,,
2021-12-20,5.28,-1.51,,
2021-12-21,4.00,-0.85,,
2021-12-22,-2.29,-0.12,,
2021-12-23,-3.18,1.55,,
2021-12-24,-3.52,3.06,,
2021-12-25,-2.75,2.85,,
2021-12-26,-3.20,2.88,,
2021-12-27,-2.95,2.47,,
2021-12-28,-2.06,3.30,,
2021-12-29,-0.56,2.45,,
2021-12-30,-0.18,2.01,,
2021-12-31,-2.00,2.47,,
2022-01-01,-2.29,2.73,-0.041,0.036
2022-01-02,5.36,-0.28,0.002,0.003
2022-01-03,6.39,-1.71,0.211,-0.211
2022-01-04,2.58,-0.94,0.148,-0.145
2022-01-05,2.03,1.04,0.091,-0.144
2022-01-06,-1.27,3.13,-0.138,0.129
2022-01-07,-1.47,-1.53,-0.096,0.092
2022-01-08,-2.54,1.65,-0.062,0.062
2022-01-09,-3.31,2.87,-0.082,0.097
2022-01-10,4.63,-0.16,0.022,0.011
2022-01-11,7.11,-0.62,0.204,-0.198
2022-01-12,5.46,-0.96,0.171,-0.159
2022-01-13,4.22,-0.74,0.155,-0.149
2022-01-14,1.97,0.49,0.096,-0.112
2022-01-15,4.65,-0.90,0.027,-0.060
2022-01-16,5.11,-2.72,0.150,-0.165
2022-01-17,2.38,-0.25,0.068,-0.076
2022-01-18,-2.58,2.67,-0.022,-0.018
2022-01-19,-3.40,3.65,-0.196,0.182
2022-01-20,1.58,3.92,-0.147,0.149
2022-01-21,6.11,-2.85,0.118,-0.126
2022-01-22,4.55,-0.80,0.164,-0.160
2022-01-23,4.55,-1.22,0.102,-0.113
2022-01-24,1.92,-1.79,0.044,-0.086
2022-01-25,3.51,-1.21,-0.009,-0.045
2022-01-26,2.48,-2.08,0.054,-0.176
2022-01-27,1.92,-0.44,-0.113,0.026
2022-01-28,3.17,-1.48,-0.067,0.049
2022-01-29,7.51,-1.19,0.223,-0.207
2022-01-30,3.04,0.27,0.118,-0.123
2022-01-31,-2.93,3.37,-0.047,0.053
2022-02-01,1.81,3.70,-0.104,0.099
2022-02-02,-2.25,1.96,-0.117,0.117
2022-02-03,3.68,-1.79,-0.055,0.068
2022-02-04,6.59,-3.21,0.214,-0.213
2022-02-05,6.05,-2.82,0.219,-0.217
2022-02-06,2.43,-1.08,0.111,-0.125
2022-02-07,4.18,-0.89,0.063,-0.080
2022-02-08,6.81,-1.32,0.177,-0.186
2022-02-09,2.46,-0.30,0.121,-0.121
2022-02-10,1.85,-0.36,-0.036,0.028
2022-02-11,-2.54,0.59,-0.159,0.155
2022-02-12,1.69,-1.37,-0.091,0.104
2022-02-13,6.16,-3.85,0.125,-0.163
2022-02-14,4.02,-0.42,0.117,-0.122
2022-02-15,-2.44,-0.79,-0.005,-0.012
2022-02-16,-2.79,2.70,-0.131,0.138
2022-02-17,-1.44,3.24,-0.151,0.153
2022-02-18,5.23,-2.33,-0.011,0.030
2022-02-19,4.90,-1.13,0.153,-0.146
2022-02-20,4.05,-1.39,0.129,-0.141
2022-02-21,-2.14,2.14,-0.029,0.005
2022-02-22,-2.87,2.58,-0.124,0.130
2022-02-23,-3.25,2.54,-0.089,0.112
2022-02-24,-2.86,1.15,-0.082,0.099
2022-02-25,-0.27,-2.19,-0.058,0.080
2022-02-26,3.59,-2.51,0.193,-0.212
2022-02-27,3.23,-2.52,0.148,-0.149
2022-02-28,5.14,-2.51,0.180,-0.184
2022-03-01,2.74,-1.58,0.104,-0.117
2022-03-02,0.37,-2.10,0.036,-0.072
2022-03-03,-2.67,1.19,-0.111,0.105
2022-03-04,-3.73,1.00,-0.133,0.150
2022-03-05,-3.72,1.58,-0.108,0.128
2022-03-06,-3.95,2.37,-0.115,0.136
2022-03-07,-2.39,2.85,-0.105,0.126
2022-03-08,2.33,-2.25,0.039,0.002
2022-03-09,3.55,-2.58,0.189,-0.191
2022-03-10,2.10,-2.50,0.207,-0.244
2022-03-11,-2.60,0.95,0.100,-0.129
2022-03-12,5.42,-4.39,0.174,-0.192
2022-03-13,3.55,-1.15,0.166,-0.174
2022-03-14,1.36,-1.56,0.100,-0.125
2022-03-15,4.63,-0.32,-0.049,0.043
2022-03-16,0.79,-2.17,-0.067,0.073
2022-03-17,-3.57,3.10,-0.077,0.087
2022-03-18,5.23,0.18,-0.043,0.066
2022-03-19,5.26,-2.12,0.152,-0.154
2022-03-20,4.49,-1.20,0.182,-0.180
2022-03-21,-2.07,1.80,0.073,-0.079
2022-03-22,-5.02,4.52,-0.123,0.141
2022-03-23,4.22,-3.94,0.135,-0.139
2022-03-24,0.57,-3.21,0.121,-0.151
2022-03-25,-2.31,0.49,0.112,-0.113
2022-03-26,-3.72,2.51,-0.059,0.074
2022-03-27,-4.10,2.77,-0.095,0.122
2022-03-28,-3.65,2.65,-0.033,0.067
2022-03-29,-4.02,2.61,-0.095,0.106
2022-03-30,-3.89,3.50,-0.168,0.205
2022-03-31,2.81,-2.12,0.063,-0.046
2022-04-01,1.70,-1.76,-0.004,0.004
2022-04-02,-1.10,-1.98,-0.020,-0.033
2022-04-03,-0.64,-2.23,0.073,-0.171
2022-04-04,-3.61,1.53,0.055,-0.020
2022-04-05,-1.78,3.65,0.039,-0.017
2022-04-06,2.25,-1.20,0.108,-0.130
2022-04-07,3.99,-4.13,0.140,-0.202
2022-04-08,1.82,-3.28,0.183,-0.193
2022-04-09,-4.42,1.97,0.083,-0.089
2022-04-10,-4.97,3.11,-0.072,0.108
2022-04-11,-4.23,3.81,-0.129,0.166
2022-04-12,-4.66,3.39,-0.125,0.161
2022-04-13,-4.34,3.91,-0.068,0.148
2022-04-14,-1.66,-3.55,0.008,0.022
2022-04-15,-1.95,-0.63,-0.095,0.081
2022-04-16,-3.91,1.66,-0.115,0.150
2022-04-17,-3.96,2.57,-0.021,0.044
2022-04-18,4.62,-0.73,0.070,-0.067
2022-04-19,-2.79,-1.24,-0.021,-0.034
2022-04-20,-4.83,2.79,-0.018,0.041
2022-04-21,-3.71,2.60,0.006,0.057
2022-04-22,-3.46,-0.93,-0.034,0.031
2022-04-23,-4.40,1.51,-0.041,0.011
2022-04-24,-4.70,2.29,-0.055,0.086
2022-04-25,-4.36,1.94,-0.072,0.113
2022-04-26,-4.23,-2.85,-0.019,0.043
2022-04-27,3.61,-2.26,0.119,-0.161
2022-04-28,-2.45,0.21,0.114,-0.153
2022-04-29,-3.74,1.51,0.049,-0.064
2022-04-30,-3.94,2.66,-0.032,0.060
2022-05-01,-4.53,1.92,-0.105,0.143
2022-05-02,-6.67,3.11,-0.144,0.153
2022-05-03,-4.73,2.96,-0.103,0.160
2022-05-04,-4.29,1.48,-0.137,0.198
2022-05-05,-4.84,1.96,-0.128,0.169
2022-05-06,-3.52,1.79,-0.047,0.117
2022-05-07,-3.42,1.67,-0.118,0.140
2022-05-08,-3.17,1.76,-0.096,0.134
2022-05-09,-3.70,1.65,-0.111,0.164
2022-05-10,-4.02,1.31,-0.189,0.252
2022-05-11,0.68,-3.20,-0.123,0.176
2022-05-12,1.39,-1.98,-0.245,0.241
2022-05-13,-4.06,1.32,-0.247,0.312
2022-05-14,-4.03,1.39,-0.239,0.348
2022-05-15,-2.53,0.04,-0.242,0.290
2022-05-16,-3.95,1.68,-0.200,0.309
2022-05-17,-3.87,1.56,-0.178,0.275
2022-05-18,-4.37,1.42,-0.131,0.211
2022-05-19,-4.37,1.94,-0.092,0.185
2022-05-20,-4.18,2.51,-0.131,0.175
2022-05-21,-4.49,2.80,-0.146,0.174
2022-05-22,-4.25,3.20,-0.103,0.151
2022-05-23,-0.65,-2.41,0.053,-0.089
2022-05-24,-5.54,2.95,-0.126,0.127
2022-05-25,-4.42,3.84,-0.088,0.139
2022-05-26,-0.51,-2.63,0.068,-0.057
2022-05-27,-1.96,-0.53,-0.090,0.116
2022-05-28,-3.74,1.21,-0.118,0.127
2022-05-29,-4.98,2.43,-0.163,0.223
2022-05-30,-5.36,2.27,-0.177,0.205
2022-05-31,-4.22,2.06,-0.106,0.160
2022-06-01,-4.37,0.38,-0.033,0.110
2022-06-02,3.68,-0.92,-0.117,0.108
2022-06-03,1.05,-2.48,-0.179,0.114
2022-06-04,-2.22,-0.35,-0.159,0.172
2022-06-05,-3.85,1.71,-0.234,0.269
2022-06-06,-4.59,2.44,-0.172,0.193
2022-06-07,-4.96,2.21,-0.134,0.184
2022-06-08,-4.33,1.58,-0.150,0.248
2022-06-09,-4.17,1.27,-0.106,0.197
2022-06-10,-2.75,0.14,-0.078,0.121
2022-06-11,-4.18,1.95,-0.167,0.223
2022-06-12,-6.79,3.31,-0.194,0.188
2022-06-13,-6.75,2.86,-0.155,0.155
2022-06-14,-3.85,2.05,-0.082,0.143
2022-06-15,-3.65,1.70,0.007,0.077
2022-06-16,-3.70,0.52,-0.024,0.037
2022-06-17,2.54,-1.58,0.009,-0.066
2022-06-18,1.32,-2.03,0.017,-0.074
2022-06-19,1.54,-0.96,0.037,-0.071
2022-06-20,1.92,-2.28,0.024,-0.083
2022-06-21,3.11,-1.58,0.060,-0.077
2022-06-22,-2.65,0.76,-0.051,0.071
2022-06-23,2.91,-1.55,0.029,-0.085
2022-06-24,-1.59,-0.92,-0.003,0.058
2022-06-25,-3.13,1.40,-0.058,0.108
2022-06-26,-2.32,1.51,-0.049,0.111
2022-06-27,-1.90,-0.97,-0.099,0.146
2022-06-28,-1.09,-2.14,-0.097,0.100
2022-06-29,-0.93,-1.55,-0.061,0.046
2022-06-30,-2.18,0.15,-0.066,0.094
2022-07-01,-3.57,1.74,-0.079,0.169
2022-07-02,-4.28,2.18,-0.084,0.194
2022-07-03,-4.26,2.17,-0.111,0.246
2022-07-04,-4.94,1.51,-0.132,0.232
2022-07-05,-4.08,1.48,-0.141,0.214
2022-07-06,-2.74,0.89,-0.150,0.208
2022-07-07,-3.38,1.88,-0.194,0.274
2022-07-08,-2.89,0.94,-0.161,0.223
2022-07-09,-2.72,0.99,-0.126,0.169
2022-07-10,-3.10,1.38,-0.227,0.265
2022-07-11,-4.17,1.77,-0.195,0.260
2022-07-12,-4.61,2.55,-0.140,0.205
2022-07-13,-3.46,2.42,-0.065,0.171
2022-07-14,-2.78,1.61,-0.110,0.159
2022-07-15,-2.41,0.21,-0.026,-0.008
2022-07-16,-3.69,0.99,-0.056,0.085
2022-07-17,-2.66,0.97,-0.119,0.112
2022-07-18,-2.55,1.30,-0.151,0.161
2022-07-19,-4.30,1.92,-0.160,0.244
2022-07-20,-4.81,3.12,-0.165,0.202
2022-07-21,-5.25,2.79,-0.114,0.166
2022-07-22,-4.13,1.84,-0.130,0.213
2022-07-23,-4.21,1.97,-0.222,0.268
2022-07-24,-4.29,2.09,-0.194,0.263
2022-07-25,-3.37,1.16,-0.201,0.235
2022-07-26,-2.28,-0.08,-0.282,0.269
2022-07-27,-3.25,1.12,-0.249,0.264
2022-07-28,-2.53,1.29,-0.234,0.270
2022-07-29,-3.54,1.08,-0.130,0.169
2022-07-30,-0.70,-3.04,-0.142,0.166
2022-07-31,1.77,-1.29,-0.169,0.098
2022-08-01,-3.11,1.73,-0.096,0.116
2022-08-02,-4.58,1.40,-0.075,0.152
2022-08-03,-5.85,2.60,-0.139,0.177
2022-08-04,-5.69,2.77,-0.080,0.128
2022-08-05,-4.77,2.22,-0.057,0.140
2022-08-06,-3.77,1.68,0.024,0.021
2022-08-07,-3.39,1.23,-0.020,0.071
2022-08-08,-0.13,-2.47,0.009,-0.023
2022-08-09,-0.66,-1.71,0.005,0.027
2022-08-10,-2.73,-0.73,-0.064,0.094
2022-08-11,-2.35,-0.33,-0.096,0.087
2022-08-12,-2.57,0.83,-0.070,0.138
2022-08-13,-2.89,1.35,-0.105,0.184
2022-08-14,-2.72,2.05,-0.107,0.161
2022-08-15,-4.45,2.17,-0.145,0.211
2022-08-16,-3.45,2.33,-0.091,0.133
2022-08-17,-2.93,1.43,-0.133,0.171
2022-08-18,-3.26,1.96,-0.120,0.169
2022-08-19,-3.22,1.64,-0.172,0.226
2022-08-20,-2.67,0.67,-0.201,0.248
2022-08-21,-4.54,2.31,-0.181,0.230
2022-08-22,-4.70,2.50,-0.109,0.175
2022-08-23,-4.28,1.99,-0.052,0.147
2022-08-24,-3.79,1.45,-0.045,0.122
2022-08-25,-3.16,0.96,-0.120,0.161
2022-08-26,-3.38,1.72,-0.109,0.180
2022-08-27,-3.03,0.11,-0.130,0.165
2022-08-28,-3.48,2.35,-0.139,0.205
2022-08-29,-5.82,3.36,-0.162,0.178
2022-08-30,-4.05,1.72,0.004,0.095
2022-08-31,-3.50,0.55,-0.003,0.012
2022-09-01,0.33,-2.65,0.062,-0.086
2022-09-02,1.88,-1.88,0.110,-0.191
2022-09-03,2.63,-0.32,0.197,-0.271
2022-09-04,-2.72,1.21,0.185,-0.266
2022-09-05,-3.35,2.01,0.163,-0.167
2022-09-06,2.81,-0.05,0.191,-0.180
2022-09-07,2.85,-1.27,0.159,-0.272
2022-09-08,3.67,-1.12,0.172,-0.240
2022-09-09,2.54,-0.18,0.174,-0.254
2022-09-10,-2.30,1.28,0.060,-0.115
2022-09-11,0.23,-2.63,0.083,-0.097
2022-09-12,3.26,-2.04,0.138,-0.220
2022-09-13,2.66,-1.60,0.232,-0.260
2022-09-14,2.30,-1.28,0.223,-0.233
2022-09-15,1.98,-0.53,0.250,-0.252
2022-09-16,1.79,0.45,0.220,-0.204
2022-09-17,2.90,-0.46,0.202,-0.212
2022-09-18,2.03,-0.74,0.188,-0.192
2022-09-19,-1.27,-1.95,0.152,-0.165
2022-09-20,2.67,-0.62,0.156,-0.189
2022-09-21,3.08,-1.44,0.156,-0.158
2022-09-22,3.88,-1.19,0.130,-0.125
2022-09-23,4.48,-0.87,0.162,-0.164
2022-09-24,2.30,-0.88,0.165,-0.175
2022-09-25,-1.43,-0.44,0.080,-0.148
2022-09-26,2.78,-1.54,0.079,-0.094
2022-09-27,5.30,-1.13,0.163,-0.161
2022-09-28,5.11,-0.45,0.201,-0.170
2022-09-29,5.43,-1.66,0.211,-0.174
2022-09-30,4.67,-1.52,0.167,-0.161
2022-10-01,3.04,-1.17,0.162,-0.170
2022-10-02,2.19,-1.65,0.103,-0.104
2022-10-03,3.69,-1.49,0.091,-0.077
2022-10-04,2.47,-1.73,0.018,-0.019
2022-10-05,1.74,-1.13,-0.026,0.021
2022-10-06,2.27,-1.06,0.019,-0.023
2022-10-07,3.13,-1.53,0.063,-0.082
2022-10-08,4.74,0.25,0.147,-0.127
2022-10-09,5.18,-0.36,0.215,-0.200
2022-10-10,5.21,-0.64,0.201,-0.168
2022-10-11,6.29,-1.22,0.215,-0.191
2022-10-12,4.77,-0.67,0.262,-0.237
2022-10-13,3.64,-1.85,0.246,-0.255
2022-10-14,3.72,-2.70,0.196,-0.196
2022-10-15,2.56,-1.25,0.230,-0.226
2022-10-16,-1.61,-0.37,0.201,-0.187
2022-10-17,-2.79,1.30,0.159,-0.092
2022-10-18,2.59,-1.62,0.185,-0.138
2022-10-19,8.71,-0.15,0.265,-0.259
2022-10-20,4.47,-0.79,0.196,-0.171
2022-10-21,-2.31,-0.12,0.119,-0.083
2022-10-22,-3.67,2.20,-0.010,0.021
2022-10-23,-3.95,2.97,-0.059,0.083
2022-10-24,-4.05,3.28,-0.089,0.131
2022-10-25,5.32,1.73,-0.014,0.045
2022-10-26,5.05,-0.26,0.193,-0.189
2022-10-27,2.30,0.41,0.150,-0.155
2022-10-28,-3.23,2.90,0.049,-0.021
2022-10-29,4.93,0.87,0.106,-0.067
2022-10-30,2.95,-0.68,0.198,-0.188
2022-10-31,1.45,-1.61,0.178,-0.194
2022-11-01,-3.29,2.06,0.000,0.014
2022-11-02,-1.24,-2.66,0.017,0.012
2022-11-03,1.83,-1.24,0.095,-0.148
2022-11-04,-0.19,-1.79,0.105,-0.186
2022-11-05,2.04,-2.04,0.081,-0.133
2022-11-06,2.01,-1.88,0.095,-0.098
2022-11-07,-0.68,-1.28,0.086,-0.118
2022-11-08,3.28,-1.19,0.158,-0.164
2022-11-09,2.40,-1.68,0.117,-0.123
2022-11-10,-0.84,1.64,0.110,-0.110
2022-11-11,-2.98,2.59,0.019,0.003
2022-11-12,5.68,-0.70,0.024,-0.004
2022-11-13,5.99,-0.74,0.193,-0.193
2022-11-14,1.00,3.07,0.110,-0.110
2022-11-15,5.06,1.07,0.005,0.008
2022-11-16,6.65,-0.47,0.180,-0.176
2022-11-17,6.76,-0.35,0.196,-0.196
2022-11-18,6.22,-1.10,0.177,-0.169
2022-11-19,3.68,-1.49,0.127,-0.125
2022-11-20,6.52,-3.61,0.199,-0.201
2022-11-21,5.79,-1.13,0.197,-0.191
2022-11-22,5.16,-1.38,0.183,-0.197
2022-11-23,3.86,-1.72,0.141,-0.152
2022-11-24,-1.24,1.20,-0.007,-0.092
2022-11-25,2.33,2.98,-0.034,0.015
2022-11-26,2.58,-2.32,0.044,-0.138
2022-11-27,2.29,-1.22,0.144,-0.185
2022-11-28,-0.98,3.19,0.026,-0.052
2022-11-29,-2.85,0.30,-0.158,0.115
2022-11-30,3.06,2.57,-0.165,0.164
2022-12-01,4.12,-1.18,0.060,-0.032
2022-12-02,2.89,-1.05,0.197,-0.179
2022-12-03,1.96,-0.96,0.175,-0.218
2022-12-04,2.70,-1.14,-0.069,-0.119
2022-12-05,-2.20,-0.08,-0.171,0.056
2022-12-06,-2.83,2.38,-0.214,0.218
2022-12-07,-3.05,2.38,-0.117,0.131
2022-12-08,-2.52,1.64,-0.068,0.061
2022-12-09,-1.22,1.82,0.002,-0.001
2022-12-10,-2.12,-0.00,0.047,-0.069
2022-12-11,-0.76,2.10,0.097,-0.105
2022-12-12,-2.14,1.09,0.102,-0.135
2022-12-13,-2.44,3.13,0.062,-0.069
2022-12-14,-1.47,2.89,0.011,-0.010
2022-12-15,3.65,-2.11,0.135,-0.161
2022-12-16,1.74,-0.92,0.106,-0.175
2022-12-17,0.63,-2.71,0.098,-0.163
2022-12-18,5.07,-2.36,0.172,-0.182
2022-12-19,1.97,-1.09,0.137,-0.163
2022-12-20,4.22,-2.15,0.149,-0.179
2022-12-21,4.71,-1.53,0.170,-0.170
2022-12-22,1.78,-1.03,0.096,-0.148
2022-12-23,5.80,-1.77,0.115,-0.154
2022-12-24,6.51,-1.03,0.217,-0.205
2022-12-25,5.63,-0.79,0.196,-0.196
2022-12-26,3.83,-1.03,0.111,-0.131
2022-12-27,3.61,-0.64,-0.055,-0.029
2022-12-28,0.27,3.05,-0.075,0.016
2022-12-29,-2.65,3.39,-0.163,0.168
2022-12-30,-1.10,2.25,-0.113,0.123
2022-12-31,-1.02,-2.80,-0.091,0.084
2023-01-01,-1.80,-0.00,0.002,-0.020
2023-01-02,-2.57,2.01,-0.040,0.040
2023-01-03,-0.96,2.26,-0.105,0.126
2023-01-04,2.97,-1.45,-0.042,0.065
2023-01-05,3.31,-1.83,0.082,-0.078
2023-01-06,2.76,-1.28,0.096,-0.109
2023-01-07,-2.01,0.14,-0.021,-0.014
2023-01-08,-0.86,2.80,-0.065,0.076
2023-01-09,2.13,-1.13,0.001,-0.009
2023-01-10,0.37,-1.59,0.011,-0.050
2023-01-11,-2.80,1.89,-0.037,0.043
2023-01-12,-1.27,3.30,-0.057,0.077
2023-01-13,5.43,-3.53,0.145,-0.153
2023-01-14,3.39,-0.60,0.100,-0.112
2023-01-15,-1.57,2.42,-0.028,0.016
2023-01-16,-2.78,3.09,-0.176,0.182
2023-01-17,-1.08,3.52,-0.137,0.150
2023-01-18,-0.37,2.65,-0.108,0.124
2023-01-19,3.35,-2.26,-0.020,0.045
2023-01-20,1.82,-2.33,0.005,-0.035
2023-01-21,-2.29,-0.32,-0.010,-0.004
2023-01-22,3.17,-3.28,0.078,-0.081
2023-01-23,3.88,-1.41,0.134,-0.160
2023-01-24,2.33,-1.40,0.060,-0.102
2023-01-25,6.24,-1.56,-0.006,-0.006
2023-01-26,4.09,-0.36,0.063,-0.067
2023-01-27,3.63,-0.64,0.092,-0.080
2023-01-28,2.26,-0.82,0.026,-0.029
2023-01-29,-0.65,1.99,-0.133,0.165
2023-01-30,-2.85,2.23,-0.150,0.174
2023-01-31,-2.77,0.64,-0.118,0.130
2023-02-01,3.15,-0.44,-0.037,0.077
2023-02-02,3.57,-1.67,0.153,-0.149
2023-02-03,6.19,-3.57,0.228,-0.222
2023-02-04,4.72,-1.62,0.165,-0.169
2023-02-05,2.37,-1.11,0.086,-0.115
2023-02-06,-2.80,0.70,-0.113,0.018
2023-02-07,-3.98,3.34,-0.175,0.171
2023-02-08,-1.71,4.45,-0.119,0.126
2023-02-09,3.87,-1.11,-0.022,0.015
2023-02-10,3.34,-2.01,0.111,-0.115
2023-02-11,7.02,-2.28,0.203,-0.205
2023-02-12,2.35,-0.76,0.084,-0.090
2023-02-13,-0.06,3.18,0.037,-0.043
2023-02-14,-2.64,2.93,-0.140,0.130
2023-02-15,-1.61,3.45,-0.135,0.131
2023-02-16,-2.55,2.55,-0.123,0.122
2023-02-17,6.76,-4.56,0.174,-0.171
2023-02-18,5.18,-1.20,0.182,-0.172
2023-02-19,3.69,-0.65,0.109,-0.103
2023-02-20,1.66,-1.34,-0.032,0.011
2023-02-21,-2.53,1.24,-0.142,0.142
2023-02-22,-2.25,2.25,-0.089,0.092
2023-02-23,-1.70,1.83,-0.107,0.121
2023-02-24,-3.45,2.89,-0.134,0.140
2023-02-25,-2.90,1.68,-0.057,0.062
2023-02-26,-3.22,0.39,0.017,-0.035
2023-02-27,-3.88,2.82,-0.050,0.060
2023-02-28,-2.93,1.83,-0.013,0.015
2023-03-01,-2.85,1.21,-0.038,0.034
2023-03-02,-3.04,3.14,-0.073,0.109
2023-03-03,5.53,-1.48,0.040,-0.023
2023-03-04,2.43,-1.58,0.117,-0.129
2023-03-05,0.95,-2.24,0.095,-0.136
2023-03-06,-2.62,0.09,0.046,-0.083
2023-03-07,-3.76,1.22,-0.069,0.090
2023-03-08,-3.28,1.26,0.019,0.016
2023-03-09,-3.62,1.32,0.007,0.002
2023-03-10,-3.05,0.82,-0.019,0.066
2023-03-11,-2.70,0.72,-0.046,0.065
2023-03-12,-2.57,2.76,-0.031,0.069
2023-03-13,2.68,-3.09,0.060,-0.030
2023-03-14,2.84,-2.14,0.114,-0.139
2023-03-15,0.46,-2.88,0.151,-0.190
2023-03-16,-3.86,2.32,0.087,-0.121
2023-03-17,-0.35,-4.95,0.050,-0.026
2023-03-18,5.70,-1.74,0.222,-0.214
2023-03-19,7.50,-1.05,0.239,-0.232
2023-03-20,4.69,-1.80,0.181,-0.172
2023-03-21,2.58,-0.99,0.090,-0.107
2023-03-22,-3.94,2.46,-0.087,0.089
2023-03-23,-4.19,2.04,-0.131,0.125
2023-03-24,-3.24,2.92,-0.141,0.143
2023-03-25,-0.00,4.58,-0.118,0.117
2023-03-26,-0.52,-1.80,-0.052,0.046
2023-03-27,-2.23,2.48,-0.004,0.015
2023-03-28,3.15,-0.22,0.038,-0.038
2023-03-29,4.36,-0.38,0.099,-0.133
2023-03-30,1.06,-2.08,0.094,-0.110
2023-03-31,-3.75,1.29,0.009,-0.009
2023-04-01,-1.81,2.78,-0.020,0.061
2023-04-02,-3.01,0.59,-0.065,0.091
2023-04-03,-3.85,2.22,-0.099,0.121
2023-04-04,-3.41,2.30,-0.092,0.116
2023-04-05,-3.33,3.11,-0.123,0.151
2023-04-06,4.52,1.73,0.024,-0.004
2023-04-07,4.84,-0.59,0.160,-0.189
2023-04-08,4.55,-1.22,0.256,-0.252
2023-04-09,3.36,-2.35,0.189,-0.179
2023-04-10,2.77,-1.41,0.137,-0.134
2023-04-11,2.11,-2.04,0.097,-0.112
2023-04-12,3.39,-1.58,0.099,-0.111
2023-04-13,-2.83,0.97,0.059,-0.063
2023-04-14,-1.50,3.71,-0.002,0.036
2023-04-15,2.75,-2.23,0.038,-0.033
2023-04-16,2.71,-1.32,0.065,-0.119
2023-04-17,3.96,-2.02,0.165,-0.171
2023-04-18,-3.22,1.78,0.091,-0.080
2023-04-19,-3.14,2.46,0.043,0.000
2023-04-20,-3.00,-1.03,-0.010,0.058
2023-04-21,2.60,-2.19,0.063,-0.057
2023-04-22,3.08,-1.92,0.108,-0.185
2023-04-23,-2.64,0.56,0.031,-0.037
2023-04-24,4.25,-3.32,0.102,-0.096
2023-04-25,0.07,-2.09,0.156,-0.163
2023-04-26,-2.15,0.04,0.161,-0.200
2023-04-27,3.64,-1.11,0.118,-0.108
2023-04-28,1.82,-2.51,0.112,-0.138
2023-04-29,5.53,-3.19,0.168,-0.166
2023-04-30,1.27,-2.03,0.132,-0.121
2023-05-01,-3.14,1.60,0.031,-0.012
2023-05-02,-2.48,4.29,-0.042,0.068
2023-05-03,1.11,-3.63,-0.038,0.059
2023-05-04,0.06,-1.69,-0.019,0.014
2023-05-05,-0.14,-1.94,0.013,-0.046
2023-05-06,-2.12,-0.19,-0.036,-0.002
2023-05-07,-3.42,1.52,-0.081,0.112
2023-05-08,-3.08,0.83,-0.023,0.080
2023-05-09,-2.72,2.36,-0.035,0.038
2023-05-10,-1.02,4.81,-0.013,0.037
2023-05-11,-2.99,2.89,0.015,-0.027
2023-05-12,-2.79,1.61,0.007,0.017
2023-05-13,-4.39,3.19,-0.064,0.109
2023-05-14,1.62,-2.81,0.093,-0.088
2023-05-15,2.64,-2.64,0.133,-0.194
2023-05-16,0.51,-2.38,0.162,-0.190
2023-05-17,-2.61,-0.09,0.089,-0.108
2023-05-18,-3.12,0.61,0.019,-0.009
2023-05-19,-2.87,0.61,0.002,0.040
2023-05-20,-2.28,-0.70,-0.078,0.090
2023-05-21,2.80,-2.03,-0.056,0.013
2023-05-22,0.00,-1.93,-0.037,-0.009
2023-05-23,-1.89,0.47,-0.056,0.054
2023-05-24,-3.08,0.77,-0.078,0.105
2023-05-25,-2.41,-0.38,-0.080,0.076
2023-05-26,-1.96,-1.09,-0.071,0.078
2023-05-27,-1.83,-1.65,-0.059,0.038
2023-05-28,-2.72,0.94,-0.045,0.062
2023-05-29,-2.84,3.50,-0.022,0.046
2023-05-30,-2.91,0.84,-0.012,0.030
2023-05-31,-2.70,0.33,0.009,-0.009
2023-06-01,-4.26,1.81,0.035,0.000
2023-06-02,-2.96,0.15,0.046,-0.029
2023-06-03,-3.50,0.49,0.057,-0.020
2023-06-04,-4.25,1.55,0.019,0.028
2023-06-05,-2.91,0.89,0.075,-0.062
2023-06-06,-2.73,0.53,0.071,-0.079
2023-06-07,-3.01,1.15,0.013,0.002
2023-06-08,-3.93,1.92,-0.035,0.080
2023-06-09,-3.91,2.26,-0.039,0.113
2023-06-10,-4.79,2.23,-0.090,0.139
2023-06-11,-4.33,2.70,-0.084,0.133
2023-06-12,-3.37,1.16,-0.025,0.100
2023-06-13,-3.66,1.19,-0.064,0.123
2023-06-14,-4.01,1.54,-0.099,0.165
2023-06-15,-4.65,2.27,-0.060,0.129
2023-06-16,-4.29,1.39,-0.002,0.077
2023-06-17,-4.08,1.48,0.005,0.033
2023-06-18,-3.79,1.31,-0.042,0.102
2023-06-19,-5.33,3.08,-0.118,0.194
2023-06-20,-5.03,3.02,-0.090,0.163
2023-06-21,-4.86,2.58,-0.032,0.129
2023-06-22,-4.61,2.88,-0.066,0.150
2023-06-23,-4.54,1.93,-0.034,0.149
2023-06-24,-3.17,-0.39,-0.051,0.092
2023-06-25,-2.44,0.84,-0.091,0.143
2023-06-26,-2.43,0.17,-0.118,0.184
2023-06-27,-2.61,0.09,-0.138,0.198
2023-06-28,-2.61,0.32,-0.130,0.202
2023-06-29,-2.30,-0.57,-0.078,0.122
2023-06-30,-2.80,1.13,-0.110,0.188
2023-07-01,-3.71,1.73,-0.080,0.205
2023-07-02,-3.63,1.39,-0.072,0.151
2023-07-03,-4.30,1.57,-0.070,0.145
2023-07-04,-3.78,1.01,-0.078,0.143
2023-07-05,-2.57,-0.04,-0.036,0.079
2023-07-06,-2.85,1.45,-0.021,0.108
2023-07-07,-2.38,0.17,-0.037,0.063
2023-07-08,-3.08,1.00,0.018,0.055
2023-07-09,-2.92,0.89,0.032,0.018
2023-07-10,-2.99,1.27,0.032,0.039
2023-07-11,-2.96,0.85,0.027,0.018
2023-07-12,-4.08,1.65,-0.017,0.069
2023-07-13,-5.55,2.47,-0.099,0.174
2023-07-14,-4.93,2.09,-0.049,0.133
2023-07-15,-5.78,1.88,-0.081,0.134
2023-07-16,-4.74,1.72,-0.054,0.105
2023-07-17,-4.06,0.72,0.004,-0.016
2023-07-18,-3.65,0.06,0.087,-0.071
2023-07-19,-2.99,0.31,0.061,-0.097
2023-07-20,-3.14,0.50,0.118,-0.119
2023-07-21,-2.36,0.72,0.120,-0.104
2023-07-22,-3.50,1.48,0.064,-0.000
2023-07-23,-2.72,0.68,0.049,0.005
2023-07-24,-1.18,-1.31,0.085,-0.044
2023-07-25,0.98,-2.11,0.032,-0.091
2023-07-26,-2.20,-1.43,0.052,-0.094
2023-07-27,2.14,-1.19,0.040,-0.091
2023-07-28,2.07,-0.48,0.045,-0.067
2023-07-29,2.55,-1.19,0.070,-0.112
2023-07-30,2.21,-0.27,0.090,-0.100
2023-07-31,1.18,-1.63,0.064,-0.119
2023-08-01,-1.92,0.03,0.030,-0.057
2023-08-02,-1.91,-0.69,-0.012,0.014
2023-08-03,-3.38,1.58,-0.038,0.106
2023-08-04,-3.58,1.90,-0.081,0.159
2023-08-05,-2.75,0.95,-0.105,0.130
2023-08-06,-2.21,-0.19,-0.110,0.125
2023-08-07,-3.42,1.45,-0.140,0.192
2023-08-08,-4.06,1.89,-0.151,0.256
2023-08-09,-5.27,2.57,-0.155,0.216
2023-08-10,-4.78,2.03,-0.122,0.202
2023-08-11,-4.05,3.05,-0.107,0.215
2023-08-12,-3.96,1.76,-0.154,0.235
2023-08-13,-3.34,0.90,-0.164,0.237
2023-08-14,-2.50,0.91,-0.184,0.218
2023-08-15,-2.26,-0.91,-0.206,0.243
2023-08-16,1.65,-1.07,-0.262,0.235
2023-08-17,-2.23,0.68,-0.264,0.318
2023-08-18,-2.57,1.43,-0.280,0.373
2023-08-19,-2.82,1.69,-0.188,0.275
2023-08-20,2.55,-1.85,-0.227,0.267
2023-08-21,3.42,-1.38,-0.235,0.217
2023-08-22,2.90,-1.17,-0.159,0.124
2023-08-23,0.59,-1.81,-0.175,0.172
2023-08-24,3.46,-0.61,-0.013,-0.012
2023-08-25,3.25,-0.69,0.048,-0.092
2023-08-26,3.34,-2.09,0.021,-0.045
2023-08-27,4.48,-1.54,0.073,-0.078
2023-08-28,3.21,-1.04,0.052,-0.068
2023-08-29,-1.52,0.74,-0.036,0.023
2023-08-30,1.85,-2.21,-0.060,0.094
2023-08-31,-1.16,-1.48,-0.110,0.101
2023-09-01,-2.39,0.60,-0.069,0.062
2023-09-02,-2.33,0.62,-0.065,0.087
2023-09-03,-2.49,0.67,-0.085,0.111
2023-09-04,-3.73,1.43,-0.077,0.122
2023-09-05,-4.27,1.90,-0.149,0.177
2023-09-06,-3.35,1.94,-0.130,0.215
2023-09-07,-2.61,-0.23,-0.068,0.130
2023-09-08,-2.71,1.15,-0.075,0.134
2023-09-09,-2.53,-1.07,-0.067,0.083
2023-09-10,0.99,-2.13,-0.069,0.053
2023-09-11,-2.29,0.70,-0.101,0.106
2023-09-12,-2.90,1.54,-0.120,0.186
2023-09-13,-3.41,1.81,-0.129,0.212
2023-09-14,-4.26,1.90,-0.164,0.227
2023-09-15,-3.95,2.01,-0.134,0.198
2023-09-16,-3.72,1.74,-0.094,0.164
2023-09-17,-3.38,-0.36,-0.080,0.116
2023-09-18,3.17,-1.48,-0.011,-0.006
2023-09-19,0.52,-2.09,-0.047,0.028
2023-09-20,-2.64,1.40,-0.103,0.138
2023-09-21,-3.75,2.17,-0.111,0.188
2023-09-22,-3.17,0.97,-0.095,0.157
2023-09-23,-3.43,1.53,-0.081,0.140
2023-09-24,-3.44,1.53,-0.079,0.145
2023-09-25,-2.90,0.56,-0.085,0.127
2023-09-26,-0.38,-2.39,-0.039,0.062
2023-09-27,-0.63,-2.71,-0.038,0.031
2023-09-28,-2.58,-0.55,-0.012,0.018
2023-09-29,-0.44,-2.52,0.016,-0.040
2023-09-30,1.25,-2.17,0.076,-0.119
2023-10-01,2.01,-2.08,0.134,-0.189
2023-10-02,-0.11,-2.04,0.181,-0.260
2023-10-03,-2.07,0.59,0.185,-0.240
2023-10-04,-3.12,1.32,0.174,-0.172
2023-10-05,-2.52,0.72,0.169,-0.183
2023-10-06,1.74,-2.89,0.134,-0.179
2023-10-07,6.50,0.68,0.222,-0.200
2023-10-08,8.39,-0.15,0.280,-0.251
2023-10-09,5.07,-0.80,0.223,-0.225
2023-10-10,2.98,-1.14,0.162,-0.137
2023-10-11,1.22,-1.96,0.169,-0.177
2023-10-12,2.26,-1.00,0.181,-0.192
2023-10-13,-2.39,1.73,0.123,-0.139
2023-10-14,1.48,-2.57,0.163,-0.177
2023-10-15,5.90,-0.52,0.255,-0.261
2023-10-16,5.15,-0.63,0.255,-0.253
2023-10-17,4.08,-1.09,0.212,-0.205
2023-10-18,2.33,0.67,0.143,-0.123
2023-10-19,-0.88,2.07,0.059,-0.019
2023-10-20,0.70,2.16,0.006,0.003
2023-10-21,-2.25,1.63,-0.035,0.071
2023-10-22,-3.77,2.00,-0.088,0.121
2023-10-23,-4.82,2.15,-0.086,0.106
2023-10-24,-4.41,2.65,-0.056,0.090
2023-10-25,-3.81,2.38,-0.031,0.070
2023-10-26,-3.42,2.22,-0.033,0.080
2023-10-27,-3.46,1.12,-0.009,0.059
2023-10-28,2.18,-0.42,0.006,-0.106
2023-10-29,-1.43,0.70,0.001,0.004
2023-10-30,2.73,-2.63,0.013,-0.023
2023-10-31,7.44,-1.86,0.252,-0.246
2023-11-01,8.29,-1.31,0.239,-0.223
2023-11-02,5.68,-0.10,0.145,-0.135
2023-11-03,3.84,0.27,0.097,-0.066
2023-11-04,3.28,-0.94,0.056,-0.071
2023-11-05,2.95,-1.25,0.054,-0.072
2023-11-06,2.05,-1.00,0.038,-0.059
2023-11-07,-1.91,0.85,-0.026,0.029
2023-11-08,-2.51,1.39,-0.039,0.082
2023-11-09,-3.17,1.83,-0.060,0.117
2023-11-10,-2.97,1.02,-0.033,0.137
2023-11-11,2.63,-1.28,0.073,-0.065
2023-11-12,5.68,-0.20,0.248,-0.256
2023-11-13,5.56,-0.98,0.238,-0.209
2023-11-14,5.63,-0.99,0.209,-0.199
2023-11-15,4.43,-1.11,0.258,-0.229
2023-11-16,3.32,-1.84,0.249,-0.237
2023-11-17,1.88,0.58,0.168,-0.176
2023-11-18,2.27,-0.87,0.076,-0.111
2023-11-19,-2.06,1.34,0.072,-0.071
2023-11-20,-1.95,2.41,0.036,-0.005
2023-11-21,5.65,-1.73,0.088,-0.064
2023-11-22,6.38,-1.83,0.190,-0.182
2023-11-23,3.94,-0.41,0.164,-0.162
2023-11-24,3.25,-0.40,0.090,-0.096
2023-11-25,2.72,-1.15,0.023,-0.032
2023-11-26,1.23,2.63,0.021,-0.035
2023-11-27,5.12,-1.76,0.182,-0.199
2023-11-28,6.91,-0.97,0.196,-0.196
2023-11-29,5.09,-0.45,0.188,-0.190
2023-11-30,-1.71,2.63,0.053,-0.055
2023-12-01,-1.67,1.85,-0.074,0.087
2023-12-02,2.82,-1.50,-0.018,0.034
2023-12-03,3.78,-2.55,0.113,-0.139
2023-12-04,3.08,-1.37,0.172,-0.178
2023-12-05,3.89,-0.62,0.111,-0.102
2023-12-06,4.78,-1.19,0.156,-0.152
2023-12-07,2.99,-0.42,0.147,-0.171
2023-12-08,-2.31,2.56,0.017,-0.017
2023-12-09,-2.60,2.26,-0.102,0.104
2023-12-10,5.57,-1.39,0.034,-0.012
2023-12-11,3.74,1.21,0.148,-0.146
2023-12-12,1.95,-0.63,0.097,-0.110
2023-12-13,2.92,-0.78,0.070,-0.096
2023-12-14,3.99,-0.14,0.006,-0.020
2023-12-15,5.32,-0.47,0.146,-0.144
2023-12-16,4.84,-2.68,0.167,-0.169
2023-12-17,4.56,-1.39,0.167,-0.165
2023-12-18,1.53,-1.11,0.100,-0.112
2023-12-19,1.53,-1.33,0.063,-0.091
2023-12-20,-1.36,2.26,-0.035,0.012
2023-12-21,-2.24,1.24,-0.054,0.046
2023-12-22,-2.36,0.25,-0.037,0.026
2023-12-23,-2.12,1.23,-0.039,0.015
2023-12-24,-0.68,2.09,-0.077,0.067
2023-12-25,2.82,-0.50,0.008,-0.015
2023-12-26,1.68,0.33,0.039,-0.069
2023-12-27,1.72,-1.72,0.133,-0.135
2023-12-28,4.13,-2.01,0.157,-0.157
2023-12-29,-0.28,-1.75,0.100,-0.102
2023-12-30,3.20,-1.29,0.126,-0.116
2023-12-31,-1.46,2.33,0.049,-0.034
2024-01-01,-0.86,3.00,-0.074,0.100
2024-01-02,-2.49,1.27,-0.075,0.083
2024-01-03,5.55,0.88,-0.017,0.040
2024-01-04,2.77,-1.41,0.164,-0.174
2024-01-05,2.29,-0.08,0.092,-0.092
2024-01-06,1.00,-3.09,0.141,-0.152
2024-01-07,-2.17,-1.64,0.029,-0.080
2024-01-08,-3.40,1.66,-0.024,0.037
2024-01-09,3.55,-2.88,0.074,-0.045
2024-01-10,-1.62,-2.60,0.048,-0.052
2024-01-11,-1.14,2.68,-0.022,0.034
2024-01-12,2.74,-1.22,0.055,-0.040
2024-01-13,2.61,-0.85,0.066,-0.049
2024-01-14,1.97,-0.45,0.071,-0.068
2024-01-15,-1.09,-1.68,0.076,-0.114
2024-01-16,4.00,-2.91,0.121,-0.165
2024-01-17,4.49,-0.95,0.180,-0.159
2024-01-18,2.00,-0.25,0.097,-0.108
2024-01-19,2.56,-0.73,0.051,-0.078
2024-01-20,6.12,-0.97,0.123,-0.109
2024-01-21,4.41,-0.54,0.182,-0.155
2024-01-22,-2.56,1.86,0.082,-0.097
2024-01-23,-2.73,2.29,-0.121,0.133
2024-01-24,-2.23,1.56,-0.130,0.138
2024-01-25,2.16,-2.48,-0.009,0.057
2024-01-26,1.14,-1.98,0.033,-0.095
2024-01-27,4.09,-1.91,0.028,-0.028
2024-01-28,3.45,-3.45,0.171,-0.179
2024-01-29,3.35,-0.59,0.109,-0.114
2024-01-30,1.69,-0.90,0.050,-0.067
2024-01-31,-1.66,-0.81,-0.083,0.067
2024-02-01,-1.51,1.56,-0.068,0.078
2024-02-02,-2.87,2.49,-0.065,0.082
2024-02-03,-1.93,2.87,-0.070,0.086
2024-02-04,1.30,-3.21,0.000,0.021
2024-02-05,2.33,-2.88,0.002,-0.042
2024-02-06,2.93,-2.13,0.121,-0.130
2024-02-07,-3.18,0.73,0.045,-0.053
2024-02-08,-3.74,3.61,-0.111,0.122
2024-02-09,-2.33,1.18,-0.045,0.055
2024-02-10,-2.15,3.57,-0.037,0.066
2024-02-11,-2.08,2.66,-0.019,0.037
2024-02-12,3.95,-3.32,0.094,-0.113
2024-02-13,2.36,-0.29,0.105,-0.101
2024-02-14,-3.45,1.91,0.068,-0.054
2024-02-15,-3.18,1.76,0.024,-0.017
2024-02-16,-2.90,-0.05,-0.087,0.095
2024-02-17,-1.32,-1.23,-0.001,0.038
2024-02-18,5.73,-4.64,0.186,-0.198
2024-02-19,2.00,-0.81,0.074,-0.098
2024-02-20,-2.93,1.76,-0.097,0.091
2024-02-21,-3.33,2.00,-0.157,0.157
2024-02-22,-3.35,3.35,-0.175,0.177
2024-02-23,4.14,-2.02,-0.050,0.067
2024-02-24,1.80,-3.00,-0.007,-0.016
2024-02-25,-3.59,1.16,-0.109,0.098
2024-02-26,-3.33,2.69,-0.104,0.131
2024-02-27,-2.79,2.34,-0.115,0.144
2024-02-28,-2.78,2.78,-0.141,0.157
2024-02-29,0.86,-3.23,-0.040,0.071
2024-03-01,-1.21,-1.61,-0.005,-0.028
2024-03-02,-1.86,-1.30,-0.010,-0.030
2024-03-03,-2.31,0.28,0.031,-0.061
2024-03-04,-2.08,3.08,-0.031,0.041
2024-03-05,2.99,-2.99,-0.059,0.027
2024-03-06,0.13,-2.42,-0.045,-0.004
2024-03-07,-3.07,0.76,-0.060,0.067
2024-03-08,-1.08,2.11,-0.021,0.033
2024-03-09,3.87,-2.91,0.119,-0.132
2024-03-10,3.21,-3.82,0.200,-0.215
2024-03-11,2.41,-1.07,0.190,-0.182
2024-03-12,-2.20,0.43,0.074,-0.072
2024-03-13,-2.87,2.49,-0.038,0.079
2024-03-14,-3.17,2.06,-0.055,0.087
2024-03-15,-2.54,2.54,-0.002,0.033
2024-03-16,-1.95,-1.75,-0.003,-0.025
2024-03-17,-2.42,0.25,-0.003,-0.016
2024-03-18,-0.89,-3.11,0.060,-0.073
2024-03-19,4.67,-3.52,0.178,-0.205
2024-03-20,3.39,-1.37,0.181,-0.183
2024-03-21,-2.94,1.25,0.061,-0.027
2024-03-22,2.71,-2.90,0.005,0.027
2024-03-23,-0.69,-2.01,0.019,-0.021
2024-03-24,-4.67,1.79,-0.071,0.074
2024-03-25,-2.37,2.55,-0.046,0.088
2024-03-26,4.00,-2.13,0.104,-0.055
2024-03-27,2.00,-2.85,0.106,-0.108
2024-03-28,0.67,-3.13,0.139,-0.167
2024-03-29,-3.71,1.89,-0.002,0.000
2024-03-30,-4.03,3.03,-0.125,0.143
2024-03-31,-3.65,3.29,-0.085,0.112
2024-04-01,-4.33,2.71,-0.086,0.112
2024-04-02,3.58,1.45,0.010,0.057
2024-04-03,4.20,-4.06,0.083,-0.126
2024-04-04,-0.73,-2.24,0.063,-0.073
2024-04-05,-3.04,0.76,0.075,-0.083
2024-04-06,-3.99,1.45,-0.066,0.072
2024-04-07,-1.38,4.52,-0.123,0.132
2024-04-08,-3.86,0.96,-0.060,0.067
2024-04-09,-4.17,3.14,-0.127,0.148
2024-04-10,3.03,-2.37,0.014,0.052
2024-04-11,0.52,-2.66,0.047,-0.063
2024-04-12,-2.87,-0.00,0.034,-0.047
2024-04-13,-2.76,0.64,0.000,0.005
2024-04-14,-2.91,0.41,-0.109,0.109
2024-04-15,-3.83,0.47,-0.130,0.133
2024-04-16,-4.43,2.88,-0.120,0.146
2024-04-17,-3.79,1.53,-0.055,0.066
2024-04-18,-3.11,-0.16,-0.055,0.107
2024-04-19,-3.29,-0.00,-0.079,0.104
2024-04-20,-2.94,0.57,-0.019,0.017
2024-04-21,3.24,-4.14,0.007,-0.016
2024-04-22,3.59,-1.75,0.079,-0.150
2024-04-23,3.04,-1.75,,
2024-04-24,-2.19,-0.27,0.057,-0.114
2024-04-25,-3.27,0.82,-0.091,0.093
2024-04-26,-4.55,2.22,-0.125,0.146
2024-04-27,-3.43,3.31,-0.089,0.131
2024-04-28,-3.54,3.19,-0.092,0.144
2024-04-29,-0.87,-3.04,0.041,-0.015
2024-04-30,-2.04,-1.38,0.044,-0.023
2024-05-01,-3.24,0.28,-0.008,0.006
2024-05-02,-3.43,2.49,-0.044,0.083
2024-05-03,-1.28,4.19,0.011,0.052
2024-05-04,-3.74,1.75,0.000,0.018
2024-05-05,-3.61,1.04,0.008,0.039
2024-05-06,-3.07,1.99,0.007,0.043
2024-05-07,-2.36,3.02,-0.028,0.059
2024-05-08,-2.84,1.51,-0.031,0.044
2024-05-09,-2.85,2.47,-0.018,0.039
2024-05-10,-2.85,2.39,0.017,0.031
2024-05-11,-4.50,0.31,0.057,-0.031
2024-05-12,-2.78,1.35,0.056,-0.047
2024-05-13,0.97,3.38,0.112,-0.069
2024-05-14,4.67,-2.28,0.125,-0.141
2024-05-15,1.31,-2.69,0.193,-0.307
2024-05-16,-3.38,1.23,0.090,-0.098
2024-05-17,-3.02,2.82,0.014,0.055
2024-05-18,3.22,-3.00,0.088,-0.125
2024-05-19,1.15,-2.59,0.155,-0.227
2024-05-20,-3.04,0.99,0.111,-0.140
2024-05-21,-3.98,1.45,-0.015,0.045
2024-05-22,-4.37,2.13,-0.029,0.145
2024-05-23,-4.55,1.84,-0.083,0.161
2024-05-24,-4.76,2.53,-0.095,0.156
2024-05-25,-4.43,2.07,-0.031,0.088
2024-05-26,-4.06,1.98,-0.021,0.073
2024-05-27,-3.96,2.47,-0.006,0.070
2024-05-28,-3.88,1.04,0.069,-0.045
2024-05-29,-2.92,0.51,0.053,-0.020
2024-05-30,-3.42,1.52,-0.008,0.021
2024-05-31,-4.85,3.03,-0.051,0.139
2024-06-01,-5.18,2.53,-0.059,0.116
2024-06-02,-5.08,2.70,-0.085,0.145
2024-06-03,-5.55,3.61,-0.106,0.145
2024-06-04,-4.88,3.54,-0.106,0.154
2024-06-05,-5.82,3.22,,
2024-06-06,-4.82,2.35,,
2024-06-07,-1.16,-2.18,,
2024-06-08,-2.31,-0.12,,
2024-06-09,-3.38,1.43,0.040,-0.002
2024-06-10,-3.95,1.93,-0.003,0.087
2024-06-11,-2.78,0.24,-0.015,0.036
2024-06-12,-2.78,0.29,0.009,-0.025
2024-06-13,-2.70,-0.19,0.032,-0.064
2024-06-14,-0.91,-1.95,-0.001,-0.095
2024-06-15,1.82,-2.60,-0.010,-0.085
2024-06-16,1.37,-2.95,-0.039,-0.029
2024-06-17,1.56,-2.81,-0.056,-0.015
2024-06-18,2.97,-2.97,0.003,-0.071
2024-06-19,5.20,-0.18,0.161,-0.188
2024-06-20,-5.68,4.76,0.072,-0.061
2024-06-21,-2.74,0.79,0.135,-0.113
2024-06-22,6.16,-0.76,0.247,-0.274
2024-06-23,2.99,0.21,0.172,-0.184
2024-06-24,-1.78,1.78,-0.015,0.039
2024-06-25,-2.12,0.57,0.037,0.063
2024-06-26,-1.64,1.38,0.014,0.005
2024-06-27,-2.49,1.95,-0.070,0.120
2024-06-28,-1.88,1.47,-0.013,0.109
2024-06-29,-3.57,1.16,-0.119,0.138
2024-06-30,4.65,-1.88,0.005,0.009
2024-07-01,-5.86,3.39,-0.117,0.112
2024-07-02,-3.93,1.28,-0.060,0.087
2024-07-03,-2.06,2.21,-0.008,0.037
2024-07-04,-3.69,1.57,-0.106,0.147
2024-07-05,-3.29,1.01,-0.103,0.138
2024-07-06,1.49,-2.12,-0.064,0.085
2024-07-07,-2.27,0.48,-0.120,0.082
2024-07-08,-3.42,2.31,-0.101,0.182
2024-07-09,-3.12,1.39,-0.065,0.101
2024-07-10,1.82,-0.10,0.006,-0.016
2024-07-11,-1.57,-1.36,-0.045,-0.013
2024-07-12,-0.57,-2.29,-0.099,0.032
2024-07-13,-4.35,0.93,-0.019,0.068
2024-07-14,-2.65,-0.76,-0.035,0.022
2024-07-15,-2.14,-1.79,-0.028,-0.047
2024-07-16,-2.66,1.08,-0.046,0.021
2024-07-17,-3.81,2.20,-0.084,0.157
2024-07-18,-2.51,1.33,-0.102,0.115
2024-07-19,1.71,-0.73,-0.108,0.068
2024-07-20,2.24,-0.16,-0.094,0.069
2024-07-21,-2.33,1.40,-0.117,0.168
2024-07-22,2.02,-0.86,-0.108,0.076
2024-07-23,0.71,-1.95,-0.139,0.117
2024-07-24,1.78,-0.75,-0.132,0.106
2024-07-25,-2.12,1.27,-0.111,0.137
2024-07-26,-2.17,-0.96,-0.138,0.059
2024-07-27,-2.82,0.91,-0.039,0.125
2024-07-28,-4.66,2.48,-0.125,0.219
2024-07-29,-2.83,0.60,-0.084,0.075
2024-07-30,-3.50,1.71,-0.123,0.152
2024-07-31,-4.25,1.63,-0.070,0.159
2024-08-01,-2.71,1.21,-0.102,0.110
2024-08-02,-0.10,-1.82,-0.070,0.089
2024-08-03,1.73,-1.35,-0.069,0.040
2024-08-04,-1.51,1.14,-0.055,0.085
2024-08-05,-1.79,0.28,-0.080,0.039
2024-08-06,-1.91,1.11,-0.004,0.017
2024-08-07,-1.80,1.26,-0.028,0.091
2024-08-08,-2.89,2.34,-0.033,0.142
2024-08-09,-3.47,1.92,-0.042,0.151
2024-08-10,2.90,-1.11,-0.033,-0.048
2024-08-11,2.73,0.34,-0.023,-0.016
2024-08-12,-0.39,-2.01,-0.055,-0.008
2024-08-13,-2.52,0.09,-0.036,0.056
2024-08-14,-2.56,-1.42,-0.037,0.046
2024-08-15,-1.08,2.02,-0.046,0.041
2024-08-16,-2.39,-1.02,-0.058,0.079
2024-08-17,1.91,-0.55,-0.071,0.086
2024-08-18,1.70,-0.15,-0.098,0.093
2024-08-19,2.32,-0.58,-0.089,0.090
2024-08-20,2.08,-1.06,-0.045,0.042
2024-08-21,2.06,-0.92,-0.126,0.106
2024-08-22,1.84,-0.90,-0.145,0.144
2024-08-23,-2.28,1.02,-0.160,0.174
2024-08-24,-2.78,1.18,-0.100,0.093
2024-08-25,-2.63,0.86,-0.086,0.120
2024-08-26,-1.96,-0.03,-0.094,0.122
2024-08-27,-1.63,-0.06,-0.075,0.082
2024-08-28,-1.99,0.14,-0.087,0.057
2024-08-29,-1.84,1.15,-0.037,0.042
2024-08-30,-1.23,2.12,-0.018,0.034
2024-08-31,-2.51,1.22,-0.006,0.003
2024-09-01,1.24,-1.65,-0.015,-0.004
2024-09-02,1.66,-0.88,0.013,-0.046
2024-09-03,-1.93,-0.24,-0.032,0.013
2024-09-04,-2.42,-0.25,-0.031,0.030
2024-09-05,1.08,-1.80,0.001,0.001
2024-09-06,3.55,-1.29,0.086,-0.143
2024-09-07,6.22,0.22,0.269,-0.305
2024-09-08,7.36,0.90,0.273,-0.247
2024-09-09,5.79,-1.34,0.202,-0.198
2024-09-10,2.66,0.71,0.195,-0.172
2024-09-11,-1.29,1.21,0.085,-0.079
2024-09-12,-2.41,1.69,-0.007,0.117
2024-09-13,-2.70,1.89,-0.060,0.169
2024-09-14,-1.99,1.55,-0.052,0.170
2024-09-15,-3.17,1.69,-0.113,0.236
2024-09-16,1.49,1.29,-0.048,0.127
2024-09-17,2.36,0.08,0.095,-0.116
2024-09-18,-1.73,-1.62,0.116,-0.182
2024-09-19,-2.70,1.69,0.114,-0.050
2024-09-20,-2.03,1.17,0.025,0.025
2024-09-21,-1.84,1.49,0.075,-0.010
2024-09-22,-1.87,0.47,0.065,-0.075
2024-09-23,1.99,-0.14,0.110,-0.113
2024-09-24,2.07,-0.75,0.101,-0.144
2024-09-25,2.61,-0.65,0.174,-0.193
2024-09-26,3.26,-0.52,0.148,-0.197
2024-09-27,3.40,-0.66,0.204,-0.214
2024-09-28,3.29,-0.82,0.223,-0.195
2024-09-29,2.99,-0.10,0.261,-0.221
2024-09-30,3.08,-1.50,0.315,-0.274
2024-10-01,3.26,-0.87,0.332,-0.307
2024-10-02,6.29,-0.55,0.267,-0.247
2024-10-03,5.28,-0.84,0.188,-0.160
2024-10-04,4.24,-1.89,0.148,-0.128
2024-10-05,3.97,-0.14,0.188,-0.158
2024-10-06,5.28,-0.65,0.197,-0.191
2024-10-07,6.00,-0.74,0.196,-0.196
2024-10-08,5.43,-1.66,0.198,-0.177
2024-10-09,3.71,-2.32,0.198,-0.173
2024-10-10,2.98,-1.58,0.161,-0.148
2024-10-11,3.03,-1.68,0.168,-0.149
2024-10-12,3.14,-1.53,0.148,-0.138
2024-10-13,2.77,-0.74,0.173,-0.181
2024-10-14,2.48,-1.55,0.173,-0.177
2024-10-15,2.25,-0.60,0.146,-0.144
2024-10-16,3.08,-1.24,0.082,-0.112
2024-10-17,4.87,-1.40,0.167,-0.167
2024-10-18,3.12,0.00,0.198,-0.189
2024-10-19,3.29,-0.82,0.229,-0.219
2024-10-20,4.70,-1.00,0.244,-0.226
2024-10-21,1.56,-2.14,0.206,-0.229
2024-10-22,3.12,-1.01,0.246,-0.243
2024-10-23,2.07,-0.88,0.133,-0.133
2024-10-24,1.64,0.84,0.062,-0.064
2024-10-25,-1.99,0.81,0.021,-0.014
2024-10-26,2.37,-0.82,0.040,-0.013
2024-10-27,3.73,-1.00,0.031,-0.036
2024-10-28,2.73,-0.48,0.012,-0.005
2024-10-29,-1.70,1.06,0.017,-0.014
2024-10-30,-2.03,1.42,0.024,-0.012
2024-10-31,-2.66,2.15,-0.001,0.029
2024-11-01,-2.24,0.95,0.035,0.043
2024-11-02,-2.52,1.12,0.029,-0.067
2024-11-03,-3.17,2.14,0.086,-0.079
2024-11-04,-3.75,3.37,0.003,0.049
2024-11-05,-2.07,3.19,-0.036,0.067
2024-11-06,4.11,-0.95,0.142,-0.139
2024-11-07,-2.07,0.44,0.138,-0.205
2024-11-08,-2.02,1.08,0.163,-0.205
2024-11-09,0.65,-2.62,0.148,-0.182
2024-11-10,1.80,-1.35,0.215,-0.231
2024-11-11,1.94,-2.16,0.277,-0.281
2024-11-12,1.58,-1.28,0.219,-0.241
2024-11-13,-2.80,1.31,0.094,-0.118
2024-11-14,2.88,-2.02,0.083,-0.073
2024-11-15,3.27,-0.23,0.097,-0.125
2024-11-16,-1.68,0.51,0.079,-0.077
2024-11-17,-2.88,1.67,-0.012,0.028
2024-11-18,-2.75,2.39,0.004,0.059
2024-11-19,3.20,-1.23,0.100,-0.075
2024-11-20,3.74,-1.36,0.152,-0.210
2024-11-21,5.35,0.47,0.289,-0.251
2024-11-22,2.62,0.80,0.222,-0.192
2024-11-23,-1.62,1.56,0.140,-0.119
2024-11-24,-2.90,2.43,0.067,-0.053
2024-11-25,-3.16,2.84,-0.046,0.074
2024-11-26,0.39,3.20,0.002,0.037
2024-11-27,-2.04,2.11,-0.063,0.092
2024-11-28,-1.66,2.46,-0.034,0.076
2024-11-29,3.54,-1.43,0.125,-0.104
2024-11-30,4.85,-0.85,0.238,-0.211
2024-12-01,3.75,-1.07,0.223,-0.202
2024-12-02,2.71,-1.32,0.092,-0.107
2024-12-03,2.45,-0.89,0.080,-0.080
2024-12-04,0.39,2.49,0.112,-0.116
2024-12-05,-3.52,2.37,-0.027,0.032
2024-12-06,-3.32,1.62,-0.090,0.094
2024-12-07,-2.09,0.64,-0.001,-0.002
2024-12-08,-2.28,0.97,0.074,-0.076
2024-12-09,-2.32,2.32,0.076,-0.078
2024-12-10,-2.04,3.02,-0.015,0.027
2024-12-11,6.42,-1.84,0.157,-0.155
2024-12-12,3.33,-1.34,0.170,-0.163
2024-12-13,2.16,-1.01,0.097,-0.110
2024-12-14,-2.77,1.80,-0.009,0.001
2024-12-15,-1.69,1.10,-0.040,0.044
2024-12-16,-2.42,1.29,0.047,-0.057
2024-12-17,-0.13,1.82,0.037,-0.047
2024-12-18,1.41,-0.88,0.064,-0.088
2024-12-19,3.09,-0.88,0.149,-0.158
2024-12-20,2.57,-0.36,0.189,-0.169
2024-12-21,-0.03,-1.56,0.155,-0.171
2024-12-22,-1.28,-1.11,0.106,-0.142
2024-12-23,-2.27,1.84,0.069,-0.075
2024-12-24,-2.87,1.86,-0.002,0.019
2024-12-25,-2.97,2.24,-0.070,0.080
2024-12-26,-2.64,1.99,-0.093,0.091
2024-12-27,-2.29,1.86,-0.072,0.078
2024-12-28,-2.07,1.68,-0.031,0.059
2024-12-29,3.05,-1.49,0.004,-0.003
2024-12-30,-2.02,1.03,0.026,-0.047
2024-12-31,0.58,1.91,-0.008,0.010
2025-01-01,2.14,-1.80,-0.015,0.010
2025-01-02,1.53,-0.92,-0.002,0.016
2025-01-03,2.28,-0.24,0.046,-0.089
2025-01-04,-1.75,1.94,0.087,-0.096
2025-01-05,-2.95,2.95,-0.041,0.066
2025-01-06,5.97,-0.10,0.041,-0.025
2025-01-07,5.61,0.49,0.171,-0.164
2025-01-08,5.13,0.27,0.193,-0.176
2025-01-09,3.43,-1.46,0.158,-0.172
2025-01-10,4.72,0.16,0.113,-0.109
2025-01-11,5.74,-0.30,0.197,-0.195
2025-01-12,2.88,-0.40,0.109,-0.122
2025-01-13,5.27,-0.28,0.098,-0.102
2025-01-14,4.40,-0.46,0.084,-0.098
2025-01-15,3.13,-1.40,0.125,-0.136
2025-01-16,4.34,-2.50,0.172,-0.181
2025-01-17,2.29,-1.60,0.097,-0.123
2025-01-18,-0.76,2.82,-0.017,-0.017
2025-01-19,4.88,-1.87,-0.027,0.009
2025-01-20,4.98,-1.15,0.157,-0.157
2025-01-21,4.78,-1.10,0.151,-0.151
2025-01-22,5.16,-1.68,0.189,-0.193
2025-01-23,3.40,-0.98,0.110,-0.104
2025-01-24,6.77,-1.56,0.180,-0.180
2025-01-25,3.95,-0.84,0.077,-0.107
2025-01-26,-1.01,2.78,-0.084,0.058
2025-01-27,-2.86,2.15,-0.163,0.155
2025-01-28,-2.76,0.29,-0.147,0.143
2025-01-29,-2.97,1.51,-0.122,0.126
2025-01-30,-2.84,2.22,-0.112,0.112
2025-01-31,4.25,-2.17,-0.034,0.052
2025-02-01,3.90,-1.42,0.098,-0.096
2025-02-02,2.39,-0.73,0.093,-0.094
2025-02-03,0.93,-1.49,-0.006,-0.019
2025-02-04,-2.65,1.07,-0.146,0.177
2025-02-05,-2.15,1.00,-0.039,0.110
2025-02-06,-2.73,1.45,-0.073,0.102
2025-02-07,-3.17,1.09,-0.062,0.122
2025-02-08,-3.63,1.69,-0.092,0.120
2025-02-09,-3.17,1.48,-0.077,0.090
2025-02-10,-2.97,1.51,-0.061,0.102
2025-02-11,-3.18,1.69,-0.095,0.118
2025-02-12,-3.15,1.75,-0.069,0.079
2025-02-13,4.87,-0.08,0.013,0.020
2025-02-14,4.64,-2.57,0.181,-0.196
2025-02-15,-0.20,-2.29,0.089,-0.122
2025-02-16,5.84,-1.35,0.072,-0.077
2025-02-17,4.38,-1.42,0.156,-0.164
2025-02-18,1.02,-1.78,0.056,-0.092
2025-02-19,5.24,-0.18,-0.029,0.029
2025-02-20,6.25,-1.22,0.162,-0.156
2025-02-21,4.30,-1.92,0.159,-0.157
2025-02-22,4.17,-1.44,0.129,-0.121
2025-02-23,3.25,-1.12,0.066,-0.072
2025-02-24,2.52,-2.35,0.066,-0.090
2025-02-25,-3.31,1.47,-0.038,0.005
2025-02-26,-3.70,2.31,-0.153,0.149
2025-02-27,-0.09,4.99,-0.137,0.140
2025-02-28,2.99,-1.33,0.002,0.007
2025-03-01,1.88,-1.18,0.087,-0.110
2025-03-02,-2.89,0.88,-0.033,0.021
2025-03-03,-3.56,1.66,-0.126,0.126
2025-03-04,-2.82,2.82,-0.119,0.130
2025-03-05,4.13,-2.58,0.035,-0.049
2025-03-06,-2.60,0.84,0.036,-0.065
2025-03-07,-2.84,3.15,-0.081,0.097
2025-03-08,-1.75,2.40,-0.062,0.081
2025-03-09,5.03,-3.27,0.041,-0.014
2025-03-10,3.36,-1.78,0.154,-0.168
2025-03-11,-3.29,1.26,0.047,-0.047
2025-03-12,-3.43,3.20,-0.118,0.125
2025-03-13,2.57,3.54,-0.097,0.100
2025-03-14,-2.18,-0.19,-0.042,0.050
2025-03-15,-1.97,1.60,-0.059,0.097
2025-03-16,4.31,-2.49,0.018,-0.009
2025-03-17,1.02,-2.09,-0.003,-0.012
2025-03-18,-3.49,2.35,-0.080,0.092
2025-03-19,-2.94,3.38,-0.157,0.173
2025-03-20,4.55,-3.18,0.030,-0.010
2025-03-21,-1.88,-2.24,0.023,-0.025
2025-03-22,-3.28,2.66,-0.094,0.106
2025-03-23,-3.77,1.84,-0.173,0.181
2025-03-24,-4.25,-0.37,-0.178,0.199
2025-03-25,1.91,-1.91,-0.070,0.066
2025-03-26,-4.11,1.10,-0.148,0.133
2025-03-27,-5.06,3.04,-0.192,0.188
2025-03-28,-4.12,1.66,-0.156,0.170
2025-03-29,-2.89,1.74,-0.054,0.105
2025-03-30,-3.13,1.14,-0.107,0.117
2025-03-31,-1.96,3.01,-0.072,0.111
2025-04-01,-3.03,1.10,-0.028,0.045
2025-04-02,-3.81,3.68,-0.186,0.201
2025-04-03,-4.04,3.63,-0.150,0.180
2025-04-04,-3.53,3.07,-0.134,0.182
2025-04-05,-2.78,2.33,-0.114,0.167
2025-04-06,4.31,-3.02,0.066,-0.024
2025-04-07,5.63,-1.51,0.157,-0.157
2025-04-08,3.03,-1.29,0.097,-0.102
2025-04-09,-2.31,0.79,-0.010,0.009
2025-04-10,-3.21,1.70,-0.122,0.129
2025-04-11,-2.76,1.28,-0.085,0.095
2025-04-12,-2.11,0.81,-0.051,0.073
2025-04-13,-3.56,1.74,-0.110,0.110
2025-04-14,-3.76,2.26,-0.129,0.142
2025-04-15,-3.33,1.48,-0.119,0.130
2025-04-16,-2.65,0.71,-0.033,0.079
2025-04-17,-4.10,1.41,-0.073,0.093
2025-04-18,-4.68,2.08,-0.099,0.111
2025-04-19,-4.39,2.24,-0.111,0.132
2025-04-20,-3.18,0.39,-0.072,0.105
2025-04-21,0.81,-1.59,-0.018,0.056
2025-04-22,-1.81,-0.42,-0.059,0.069
2025-04-23,-4.20,1.96,-0.074,0.110
2025-04-24,-4.37,1.42,-0.095,0.121
2025-04-25,-3.82,1.62,-0.103,0.131
2025-04-26,-5.10,1.08,-0.090,0.110
2025-04-27,-2.78,0.39,-0.042,0.068
2025-04-28,-3.53,1.43,-0.115,0.133
2025-04-29,-3.60,1.68,-0.093,0.138
2025-04-30,-4.65,2.07,-0.084,0.112
2025-05-01,-4.32,2.30,-0.086,0.122
2025-05-02,-3.41,1.24,-0.029,0.089
2025-05-03,3.95,1.84,-0.008,0.042
2025-05-04,3.18,-1.16,0.068,-0.163
2025-05-05,-3.33,1.77,0.048,-0.051
2025-05-06,-3.24,2.02,0.064,-0.074
2025-05-07,-2.42,2.78,0.029,-0.014
2025-05-08,1.57,-1.87,0.078,-0.145
2025-05-09,4.13,0.29,0.110,-0.134
2025-05-10,4.57,-0.97,0.269,-0.285
2025-05-11,-0.89,-1.54,0.154,-0.165
2025-05-12,-3.25,2.54,0.056,-0.068
2025-05-13,-4.42,3.71,-0.065,0.094
2025-05-14,-3.40,2.56,-0.076,0.108
2025-05-15,-3.62,2.17,-0.075,0.136
2025-05-16,-3.99,1.95,-0.052,0.109
2025-05-17,-3.25,1.31,-0.044,0.083
2025-05-18,-3.22,0.63,-0.055,0.077
2025-05-19,-3.37,1.64,-0.075,0.128
2025-05-20,-3.55,2.48,-0.110,0.161
2025-05-21,-3.61,1.24,-0.028,0.044
2025-05-22,-1.48,-2.19,0.018,-0.040
2025-05-23,-2.29,-0.04,-0.035,0.042
2025-05-24,-3.52,1.35,-0.093,0.109
2025-05-25,-3.69,1.72,-0.077,0.163
2025-05-26,-3.17,2.14,-0.106,0.185
2025-05-27,-2.73,2.13,-0.149,0.218
2025-05-28,-2.33,1.63,-0.041,0.088
2025-05-29,1.51,-1.74,-0.023,0.034
2025-05-30,-2.08,0.64,0.007,-0.007
2025-05-31,2.49,-1.49,0.056,-0.130
2025-06-01,2.40,-0.38,0.083,-0.083
2025-06-02,-2.03,1.08,0.051,-0.027
2025-06-03,-2.10,0.98,0.073,-0.060
2025-06-04,-3.30,1.20,0.050,0.029
2025-06-05,-2.86,0.15,0.019,0.023
2025-06-06,-2.53,1.07,-0.022,0.050
2025-06-07,-3.89,1.34,-0.055,0.127
2025-06-08,-3.67,1.56,-0.094,0.174
2025-06-09,-4.11,1.42,-0.094,0.155
2025-06-10,-4.11,1.75,-0.067,0.141
2025-06-11,-4.43,1.44,-0.070,0.134
2025-06-12,-2.66,1.36,-0.054,0.105
2025-06-13,-3.68,2.30,-0.064,0.113
2025-06-14,-2.94,1.77,-0.016,0.094
2025-06-15,-2.01,1.63,0.045,-0.013
2025-06-16,-3.13,1.14,-0.012,-0.001
2025-06-17,-3.02,1.22,-0.019,0.062
2025-06-18,-2.16,1.05,0.003,0.067
2025-06-19,-3.55,1.36,-0.081,0.086
2025-06-20,-5.67,2.65,-0.133,0.144
2025-06-21,-4.03,3.03,-0.108,0.117
2025-06-22,-2.26,2.34,0.009,0.084
2025-06-23,-1.43,1.04,-0.023,0.031
2025-06-24,-2.66,1.36,-0.032,0.060
2025-06-25,1.40,-1.51,-0.124,0.080
2025-06-26,2.36,-0.59,-0.086,0.024
2025-06-27,2.25,-1.05,-0.109,0.097
2025-06-28,1.85,-1.73,-0.135,0.077
2025-06-29,3.51,0.88,-0.039,0.022
2025-06-30,-2.72,2.82,-0.076,0.126
2025-07-01,-3.57,2.50,-0.112,0.183
2025-07-02,-3.30,1.27,-0.110,0.176
2025-07-03,-3.67,1.64,-0.158,0.197
2025-07-04,-3.65,1.62,-0.145,0.200
2025-07-05,-4.12,1.83,-0.215,0.259
2025-07-06,-3.65,2.02,-0.214,0.263
2025-07-07,-2.07,1.50,-0.142,0.205
2025-07-08,-2.64,1.34,-0.193,0.265
2025-07-09,-2.88,0.88,-0.199,0.266
2025-07-10,-2.86,1.59,-0.175,0.232
2025-07-11,-3.00,1.60,-0.192,0.277
2025-07-12,-3.94,2.56,-0.195,0.250
2025-07-13,-3.46,1.61,-0.155,0.210
2025-07-14,-3.25,1.59,-0.161,0.247
2025-07-15,-3.34,1.56,-0.142,0.234
2025-07-16,-3.67,1.95,-0.166,0.227
2025-07-17,-3.11,1.32,-0.106,0.169
2025-07-18,2.00,-1.74,-0.094,0.115
2025-07-19,-3.06,1.18,-0.175,0.249
2025-07-20,-3.75,0.80,-0.102,0.173
2025-07-21,-2.94,1.19,-0.120,0.154
2025-07-22,-2.93,1.13,-0.159,0.219
2025-07-23,-2.77,0.44,-0.101,0.149
2025-07-24,-1.92,-0.17,-0.117,0.148
2025-07-25,-2.36,1.78,-0.115,0.170
2025-07-26,-4.42,2.55,-0.153,0.224
2025-07-27,-3.30,1.14,-0.071,0.145
2025-07-28,1.36,-2.45,-0.029,0.029
2025-07-29,2.73,-0.68,-0.020,0.018
2025-07-30,2.52,-0.87,-0.037,-0.041
2025-07-31,0.20,2.31,-0.013,0.046
2025-08-01,-2.30,1.02,-0.077,0.152
2025-08-02,-3.28,0.34,-0.091,0.124
2025-08-03,-2.33,1.04,-0.157,0.181
2025-08-04,-3.15,1.97,-0.134,0.203
2025-08-05,-3.23,1.65,-0.101,0.187
2025-08-06,1.91,0.66,-0.095,0.069
2025-08-07,1.77,-1.29,-0.102,0.094
2025-08-08,-2.30,0.20,-0.172,0.164
2025-08-09,-2.65,1.53,-0.160,0.222
2025-08-10,-3.24,1.79,-0.134,0.223
2025-08-11,-2.92,1.82,-0.140,0.214
2025-08-12,-2.68,0.14,-0.145,0.177
2025-08-13,-3.17,1.83,-0.146,0.180
2025-08-14,-2.59,1.44,-0.153,0.196
2025-08-15,-3.18,1.55,-0.141,0.208
2025-08-16,-3.54,1.73,-0.154,0.236
2025-08-17,-2.59,0.65,-0.144,0.178
2025-08-18,-0.11,-2.19,-0.178,0.196
2025-08-19,0.83,-1.95,-0.207,0.218
2025-08-20,0.56,-2.23,-0.197,0.188
2025-08-21,-0.83,-1.78,-0.222,0.235
2025-08-22,-1.79,-0.83,-0.162,0.188
2025-08-23,-1.58,-1.02,-0.148,0.183
2025-08-24,2.25,-1.25,-0.102,0.104
2025-08-25,0.99,-2.58,-0.124,0.117
2025-08-26,2.66,0.52,-0.080,0.076
2025-08-27,-2.74,1.58,-0.056,0.094
2025-08-28,-3.10,0.72,-0.063,0.096
2025-08-29,-2.60,1.16,-0.074,0.106
2025-08-30,-2.94,1.84,-0.090,0.160
2025-08-31,-2.75,1.59,-0.110,0.184
2025-09-01,-1.73,0.53,-0.072,0.101
2025-09-02,2.15,-0.34,-0.030,0.038
2025-09-03,2.29,-0.83,0.025,-0.028
2025-09-04,1.43,-1.70,0.048,-0.079
2025-09-05,-2.60,2.26,0.065,-0.050
2025-09-06,-3.75,2.26,0.001,0.100
2025-09-07,-1.98,3.05,0.000,0.040
2025-09-08,2.08,-2.01,0.035,-0.046
2025-09-09,2.86,-0.61,0.161,-0.217
2025-09-10,1.74,-1.41,0.193,-0.250
2025-09-11,2.45,-0.99,0.229,-0.300
2025-09-12,3.19,-0.51,0.246,-0.262
2025-09-13,2.19,-1.02,0.204,-0.218
2025-09-14,0.62,-1.70,0.196,-0.235
2025-09-15,1.92,-1.20,0.210,-0.253
2025-09-16,3.71,-1.06,0.167,-0.182
2025-09-17,3.84,-0.82,0.186,-0.173
2025-09-18,2.80,-0.91,0.169,-0.179
2025-09-19,2.00,-1.02,0.152,-0.180
2025-09-20,2.28,0.40,0.158,-0.183
2025-09-21,0.73,1.37,0.112,-0.147
2025-09-22,-1.57,-0.36,0.092,-0.084
2025-09-23,-1.84,-0.74,0.041,-0.028
2025-09-24,-1.80,1.21,-0.029,0.086
2025-09-25,1.07,1.78,-0.034,0.027
2025-09-26,2.43,-0.26,0.007,0.031
2025-09-27,2.22,-0.16,-0.011,-0.016
2025-09-28,3.39,-0.48,0.105,-0.165
2025-09-29,3.44,-0.92,0.172,-0.192
2025-09-30,3.80,-1.38,0.200,-0.192
2025-10-01,3.68,-1.87,0.176,-0.176
2025-10-02,3.44,-1.32,0.197,-0.181
2025-10-03,4.61,-1.15,0.178,-0.158
2025-10-04,3.95,-1.36,0.144,-0.123
2025-10-05,1.95,-0.83,0.137,-0.118
2025-10-06,-2.06,0.36,0.119,-0.119
2025-10-07,2.11,-1.47,0.210,-0.221
2025-10-08,3.96,-0.28,0.207,-0.266
2025-10-09,-3.15,0.44,0.107,-0.081
2025-10-10,3.59,-0.96,0.248,-0.227
2025-10-11,3.91,-0.55,0.248,-0.241
2025-10-12,2.40,0.60,0.210,-0.181
2025-10-13,-1.76,1.10,0.174,-0.184
2025-10-14,1.85,-0.29,0.140,-0.132
2025-10-15,2.96,-0.21,0.166,-0.166
2025-10-16,2.04,-0.04,0.146,-0.145
2025-10-17,-2.01,1.41,0.072,-0.036
2025-10-18,-3.11,2.10,-0.024,0.083
2025-10-19,0.44,3.56,0.002,0.057
2025-10-20,3.13,-0.67,0.059,-0.111
2025-10-21,-0.80,-1.34,0.039,-0.092
2025-10-22,1.85,-1.16,0.054,-0.117
2025-10-23,2.52,-0.04,0.128,-0.173
2025-10-24,-2.01,1.41,0.105,-0.127
2025-10-25,-3.34,2.09,0.033,-0.019
2025-10-26,-2.17,2.77,0.006,0.049
2025-10-27,-1.85,0.13,0.026,-0.034
2025-10-28,-2.23,1.04,0.038,-0.048
2025-10-29,4.96,-0.43,0.085,-0.067
2025-10-30,4.77,0.17,0.192,-0.182
2025-10-31,2.33,-0.04,0.132,-0.115
2025-11-01,-2.71,1.90,0.007,0.009
2025-11-02,5.51,1.48,-0.061,0.085
2025-11-03,4.20,-0.89,0.152,-0.138
2025-11-04,3.54,-0.37,0.119,-0.123
2025-11-05,2.49,-0.39,0.076,-0.083
2025-11-06,1.93,-0.86,-0.002,0.007
2025-11-07,-2.13,1.04,-0.007,0.010
2025-11-08,0.45,2.55,-0.018,0.035
2025-11-09,2.68,-2.59,-0.050,0.057
2025-11-10,6.81,-0.36,0.128,-0.133
2025-11-11,4.61,-0.57,0.161,-0.158
2025-11-12,1.41,2.01,0.082,-0.096
2025-11-13,-2.17,1.76,-0.058,0.074
2025-11-14,-2.23,1.62,-0.092,0.119
2025-11-15,-2.41,1.23,-0.069,0.080
2025-11-16,-2.54,1.98,-0.068,0.072
2025-11-17,-2.30,2.65,-0.081,0.097
2025-11-18,-2.83,1.77,-0.071,0.090
2025-11-19,-2.84,1.51,-0.088,0.096
2025-11-20,-3.94,2.18,-0.096,0.113
2025-11-21,-3.02,2.53,-0.088,0.110
2025-11-22,-3.22,1.37,-0.086,0.125
2025-11-23,-2.38,0.87,-0.043,0.092
2025-11-24,-3.76,1.92,-0.072,0.094
2025-11-25,-1.15,3.35,-0.036,0.055
2025-11-26,2.22,-0.19,0.004,0.003
2025-11-27,5.00,-0.44,0.115,-0.118
2025-11-28,3.63,-0.06,0.154,-0.160
2025-11-29,-1.92,2.37,0.083,-0.083
2025-11-30,-2.75,3.16,-0.044,0.072
2025-12-01,-2.38,1.38,-0.065,0.089
2025-12-02,2.34,2.03,0.040,-0.017
2025-12-03,3.51,0.94,0.169,-0.183
2025-12-04,1.24,2.34,0.012,-0.000
2025-12-05,4.03,-0.14,0.034,-0.024
2025-12-06,2.83,-1.03,0.146,-0.144
2025-12-07,-1.15,1.77,0.088,-0.088
2025-12-08,4.63,-0.73,0.093,-0.093
2025-12-09,4.21,-0.44,0.122,-0.115
2025-12-10,0.97,2.40,0.054,-0.065
2025-12-11,-1.19,2.56,-0.007,-0.000
2025-12-12,-1.97,1.23,-0.081,0.077
2025-12-13,-1.99,1.73,-0.075,0.075
2025-12-14,-1.80,0.92,-0.049,0.070
2025-12-15,4.58,0.56,0.063,-0.054
2025-12-16,3.99,-0.63,0.156,-0.164
2025-12-17,-1.65,2.35,0.068,-0.076
2025-12-18,-2.13,1.98,-0.024,0.029
2025-12-19,3.90,0.62,-0.014,0.020
2025-12-20,1.85,0.94,0.032,-0.044
2025-12-21,-1.67,2.48,-0.047,0.055
2025-12-22,1.93,-0.82,-0.003,0.030
2025-12-23,2.55,-0.40,-0.003,-0.031
2025-12-24,1.78,-1.49,0.034,-0.087
2025-12-25,2.25,-0.56,0.049,-0.090
2025-12-26,-1.05,1.50,0.027,-0.050
2025-12-27,-2.40,1.68,-0.015,0.022
2025-12-28,-3.03,1.89,-0.080,0.080
2025-12-29,3.07,2.32,-0.030,0.034
2025-12-30,8.22,-1.90,0.205,-0.211
2025-12-31,4.67,-0.24,0.167,-0.161
2026-01-01,0.59,2.56,0.063,-0.075
2026-01-02,-1.75,2.41,-0.097,0.093
2026-01-03,-1.86,2.66,-0.119,0.117
2026-01-04,1.41,1.69,-0.071,0.060
2026-01-05,-2.53,2.20,-0.092,0.100
2026-01-06,-2.79,3.10,-0.113,0.122
2026-01-07,-3.06,1.99,-0.103,0.109
2026-01-08,-3.41,2.48,-0.102,0.105
2026-01-09,-2.05,3.27,-0.078,0.091
2026-01-10,3.74,-2.62,0.007,-0.004
2026-01-11,8.02,-0.98,0.224,-0.222
2026-01-12,5.84,-0.72,0.187,-0.187
2026-01-13,4.56,-0.24,0.130,-0.132
2026-01-14,3.26,-0.87,0.024,-0.040
2026-01-15,4.20,-2.33,0.012,-0.035
2026-01-16,-2.20,1.98,-0.058,0.062
2026-01-17,4.51,0.55,-0.106,0.105
2026-01-18,6.21,-0.87,0.056,-0.066
2026-01-19,2.86,0.10,0.105,-0.103
2026-01-20,2.06,-0.25,0.067,-0.066
2026-01-21,0.07,2.13,-0.139,0.110
2026-01-22,-0.90,3.36,-0.151,0.130
2026-01-23,-2.90,1.06,-0.152,0.141
2026-01-24,-3.46,2.52,-0.140,0.140
2026-01-25,3.48,-1.70,-0.081,0.083
2026-01-26,6.75,-1.31,0.193,-0.201
2026-01-27,4.61,-0.65,0.191,-0.189
2026-01-28,3.69,-0.65,0.071,-0.075
2026-01-29,3.33,-0.12,-0.039,0.022
2026-01-30,4.52,0.32,-0.117,0.115
2026-01-31,5.31,-3.06,0.130,-0.137
2026-02-01,2.84,-0.81,0.081,-0.083
2026-02-02,-4.11,2.77,-0.100,0.089
2026-02-03,-4.41,3.57,-0.182,0.182
2026-02-04,-2.17,3.22,-0.127,0.118
2026-02-05,4.53,-0.96,0.059,-0.079
2026-02-06,-0.00,2.36,0.043,-0.065
2026-02-07,-2.87,1.46,-0.066,0.046
2026-02-08,-3.47,1.69,-0.127,0.125
2026-02-09,-2.78,1.94,-0.105,0.107
2026-02-10,-4.14,2.79,-0.105,0.109
2026-02-11,-1.66,4.12,-0.078,0.082
2026-02-12,-1.67,-0.18,-0.014,0.005
2026-02-13,-3.11,1.25,-0.059,0.052
2026-02-14,-3.58,2.07,-0.017,0.020
2026-02-15,6.12,-1.76,0.076,-0.075
2026-02-16,1.46,-1.41,0.103,-0.134
2026-02-17,-2.63,1.40,0.022,-0.047
2026-02-18,-2.94,2.47,-0.022,0.031
2026-02-19,-2.06,1.92,-0.038,0.062
2026-02-20,-1.87,2.40,0.002,0.014
2026-02-21,1.24,2.79,0.003,-0.001
2026-02-22,4.71,-1.90,0.113,-0.159
2026-02-23,5.59,-0.89,0.206,-0.184
2026-02-24,-0.34,2.73,0.107,-0.114
2026-02-25,-3.40,3.06,-0.068,0.074
2026-02-26,-2.49,3.07,-0.120,0.126
2026-02-27,2.20,2.62,-0.077,0.097
2026-02-28,1.68,-1.31,-0.042,0.038
2026-03-01,-2.08,0.60,-0.042,0.067
2026-03-02,-2.77,0.74,-0.044,0.062
2026-03-03,-2.54,0.13,0.027,-0.008
2026-03-04,-4.18,1.95,-0.014,-0.014
2026-03-05,-4.07,1.73,-0.029,0.067
2026-03-06,-3.69,2.40,-0.057,0.092
2026-03-07,-3.91,1.91,-0.059,0.093
2026-03-08,-3.00,0.53,-0.004,0.061
2026-03-09,-3.86,0.89,-0.038,0.039
2026-03-10,-3.65,2.02,-0.031,0.077
2026-03-11,-3.65,2.28,-0.078,0.088
2026-03-12,3.94,-2.56,0.063,-0.067
2026-03-13,1.58,-2.18,0.079,-0.111
2026-03-14,-3.00,2.52,0.029,-0.034
2026-03-15,-3.29,2.96,-0.067,0.085
2026-03-16,6.12,-0.11,-0.002,0.024
2026-03-17,5.28,-0.37,0.208,-0.190
2026-03-18,0.82,-2.26,0.106,-0.132
2026-03-19,-2.70,-0.43,-0.016,-0.034
2026-03-20,-1.47,-0.78,-0.120,0.109
2026-03-21,-2.91,1.42,-0.075,0.079
2026-03-22,-3.93,2.27,-0.120,0.129
2026-03-23,-3.22,2.17,-0.130,0.130
2026-03-24,-1.75,0.34,-0.068,0.115
2026-03-25,-2.25,1.35,-0.061,0.123
2026-03-26,-3.29,1.46,-0.080,0.118
2026-03-27,-3.48,1.13,-0.092,0.127
2026-03-28,2.38,-2.07,-0.025,0.064
2026-03-29,2.80,-1.13,0.056,-0.071
2026-03-30,-2.14,0.70,0.033,-0.058
2026-03-31,-2.63,1.34,0.009,-0.004
2026-04-01,-3.52,1.79,-0.040,0.080
2026-04-02,-4.39,2.43,-0.074,0.104
2026-04-03,-4.45,1.80,-0.078,0.116
2026-04-04,-4.40,2.14,-0.093,0.169
2026-04-05,-3.14,-2.04,0.028,0.033
2026-04-06,5.33,-3.20,0.217,-0.254
2026-04-07,3.37,-1.94,0.176,-0.186
2026-04-08,-2.35,0.33,0.048,-0.086
2026-04-09,-4.54,1.30,-0.107,0.091
2026-04-10,-2.65,0.14,-0.082,0.083
2026-04-11,-1.90,-0.58,-0.062,0.068
2026-04-12,-4.11,1.66,-0.117,0.158
2026-04-13,-3.89,1.57,-0.063,0.128
2026-04-14,-4.60,2.05,-0.091,0.133
2026-04-15,-4.69,2.29,-0.069,0.150
2026-04-16,-3.52,1.14,-0.027,0.097
2026-04-17,-3.81,1.62,-0.034,0.097
2026-04-18,-3.33,1.02,-0.011,0.046
2026-04-19,0.38,-3.62,0.036,-0.021
2026-04-20,1.74,-3.13,0.139,-0.207
2026-04-21,-2.16,1.01,0.079,-0.120
2026-04-22,-3.07,1.24,0.007,0.011
2026-04-23,-3.33,1.48,-0.035,0.086
2026-04-24,-2.68,1.88,-0.029,0.082
2026-04-25,3.81,0.40,0.017,-0.010
2026-04-26,2.00,2.56,-0.015,-0.057
2026-04-27,-3.22,0.74,0.015,-0.036
2026-04-28,-3.38,2.11,0.005,0.045
2026-04-29,-4.10,2.00,-0.039,0.128
2026-04-30,-3.87,1.97,-0.036,0.136
2026-05-01,-3.74,2.07,-0.044,0.125
2026-05-02,4.51,-1.64,0.138,-0.149
2026-05-03,5.85,-1.24,0.256,-0.240
2026-05-04,1.77,-2.52,0.129,-0.147
2026-05-05,-3.25,2.11,-0.120,0.116
2026-05-06,-3.41,2.47,-0.153,0.165
2026-05-07,3.02,3.02,-0.040,0.073
2026-05-08,1.08,-1.54,0.006,-0.051
2026-05-09,-2.94,1.25,0.004,0.019
2026-05-10,-2.71,-0.14,0.037,-0.080
2026-05-11,1.32,-1.62,0.064,-0.112
2026-05-12,4.25,-1.06,0.164,-0.245
2026-05-13,2.04,-1.97,0.138,-0.202
2026-05-14,-1.50,-1.17,0.069,-0.130
2026-05-15,-2.01,0.77,-0.001,-0.004
2026-05-16,-3.73,1.66,-0.061,0.116
2026-05-17,-3.68,1.72,-0.029,0.115
2026-05-18,-3.31,2.88,-0.057,0.160
2026-05-19,-3.24,2.02,-0.016,0.098
2026-05-20,-3.04,-0.00,-0.016,0.009
2026-05-21,-2.41,0.64,-0.005,0.046
2026-05-22,-1.95,-0.31,0.048,-0.072
2026-05-23,-3.11,1.65,0.049,0.049
2026-05-24,0.94,-2.11,0.026,-0.051
2026-05-25,0.00,-2.84,0.008,0.003
2026-05-26,-3.30,0.89,-0.051,0.058
2026-05-27,-3.83,2.21,0.012,0.103
2026-05-28,-0.38,-3.11,0.015,0.012
2026-05-29,-1.54,-1.77,-0.048,0.027
2026-05-30,-1.92,-0.37,0.001,-0.080
2026-05-31,-2.47,-0.35,0.063,-0.090
2026-06-01,-2.41,-0.00,-0.022,0.043
2026-06-02,-1.90,-1.14,-0.014,-0.028
2026-06-03,2.14,-1.44,0.079,-0.088
2026-06-04,2.18,-1.36,0.040,-0.083
2026-06-05,0.59,-1.94,0.038,-0.109
2026-06-06,1.35,2.00,0.068,-0.096
2026-06-07,2.13,0.49,0.120,-0.054
2026-06-08,-3.21,0.92,0.017,0.027
2026-06-09,-3.22,-0.68,0.034,0.014
2026-06-10,0.86,-1.94,-0.005,-0.066
2026-06-11,1.74,-1.62,0.037,-0.064
2026-06-12,2.29,-1.32,0.051,-0.068
2026-06-13,3.67,-0.06,0.140,-0.201
2026-06-14,-2.79,1.42,0.102,-0.047
2026-06-15,-3.80,1.31,0.023,0.060
2026-06-16,-3.83,1.47,-0.023,0.097
2026-06-17,-2.09,1.16,-0.033,0.026
2026-06-18,-2.89,2.34,0.013,0.123
2026-06-19,-3.84,2.89,-0.078,0.214
2026-06-20,-2.04,2.91,0.041,0.066
2026-06-21,-3.16,1.21,-0.046,0.083
2026-06-22,-3.52,2.03,-0.049,0.183
2026-06-23,-3.30,1.83,-0.035,0.119
2026-06-24,-1.74,0.57,-0.025,0.091
2026-06-25,-3.27,-0.11,-0.129,0.123
2026-06-26,-3.32,1.28,-0.022,0.112
2026-06-27,-3.82,1.70,-0.131,0.196
2026-06-28,-2.82,0.86,-0.069,0.143
2026-06-29,-3.31,1.84,-0.077,0.190
2026-06-30,-2.95,1.63,-0.070,0.143
2026-07-01,-2.47,0.85,-0.064,0.107
2026-07-02,-2.83,1.09,-0.095,0.167
2026-07-03,-2.77,0.95,-0.051,0.060
2026-07-04,-2.47,0.09,-0.065,0.093
2026-07-05,-2.91,1.36,-0.083,0.169
2026-07-06,-3.09,1.44,-0.108,0.183
2026-07-07,-2.97,0.96,-0.077,0.153
2026-07-08,-1.84,0.03,-0.029,0.064
2026-07-09,1.72,-1.55,-0.027,0.055
2026-07-10,-2.13,-0.34,-0.134,0.149
2026-07-11,-3.00,1.21,-0.069,0.090
2026-07-12,-2.57,1.67,-0.063,0.137
2026-07-13,-3.75,0.66,-0.102,0.196
2026-07-14,-4.50,0.87,-0.128,0.197
2026-07-15,-3.97,1.06,-0.068,0.138
2026-07-16,-4.19,1.87,-0.072,0.182
2026-07-17,-4.03,1.15,-0.109,0.176
2026-07-18,-3.62,-0.38,-0.039,0.073
2026-07-19,-3.78,1.37,-0.058,0.144
2026-07-20,-3.46,1.33,-0.093,0.154
2026-07-21,-3.27,1.32,-0.106,0.157
2026-07-22,-3.00,1.33,-0.085,0.131
2026-07-23,-3.10,1.72,-0.121,0.190
2026-07-24,-4.03,1.71,-0.150,0.226
2026-07-25,-2.57,1.31,-0.041,0.110
2026-07-26,-2.21,-0.00,-0.121,0.110
2026-07-27,-2.21,-0.08,-0.088,0.099
2026-07-28,-3.23,1.64,-0.088,0.185
2026-07-29,-4.06,1.56,-0.065,0.161
2026-07-30,-3.13,1.40,-0.113,0.149
2026-07-31,-3.36,1.36,-0.124,0.164
2026-08-01,-3.32,1.48,-0.127,0.205
2026-08-02,-3.65,1.55,-0.149,0.221
2026-08-03,-3.71,1.57,-0.144,0.208
2026-08-04,-4.11,1.91,-0.168,0.248
2026-08-05,-3.61,1.24,-0.214,0.253
2026-08-06,-4.35,1.67,-0.163,0.219
2026-08-07,-2.80,0.49,-0.092,0.118
2026-08-08,2.43,-0.70,-0.020,0.001
2026-08-09,-0.84,2.59,-0.073,0.017
2026-08-10,-3.44,1.53,-0.030,0.074
2026-08-11,-3.12,1.07,0.023,0.022
2026-08-12,-2.84,0.65,-0.106,0.117
2026-08-13,-3.88,2.07,-0.141,0.217
2026-08-14,-4.41,1.78,-0.120,0.238
2026-08-15,-3.27,0.76,-0.125,0.196
2026-08-16,-1.89,-1.48,-0.133,0.152
2026-08-17,-2.87,0.30,-0.137,0.161
2026-08-18,-2.58,1.15,-0.129,0.154
2026-08-19,-2.33,-0.08,-0.213,0.226
2026-08-20,-3.66,0.91,-0.182,0.251
2026-08-21,-4.03,1.08,-0.204,0.293
2026-08-22,-1.92,1.30,-0.152,0.158
2026-08-23,0.86,1.76,-0.132,0.184
2026-08-24,-2.08,0.29,-0.209,0.216
2026-08-25,-2.96,1.08,-0.142,0.162
2026-08-26,-3.18,0.33,-0.179,0.214
2026-08-27,-2.76,1.06,-0.200,0.213
2026-08-28,-2.59,1.16,-0.160,0.209
2026-08-29,-2.92,0.46,-0.157,0.220
2026-08-30,-2.70,1.38,-0.116,0.147
2026-08-31,-3.31,1.99,-0.108,0.170
2026-09-01,-2.25,1.83,-0.118,0.199
2026-09-02,0.63,2.18,-0.107,0.123
2026-09-03,-3.45,1.99,-0.121,0.186
2026-09-04,-4.07,1.90,-0.124,0.208
2026-09-05,-3.60,1.83,-0.142,0.235
2026-09-06,-2.63,1.52,-0.103,0.173
2026-09-07,-2.16,0.04,-0.125,0.122
2026-09-08,-2.03,-1.90,-0.104,0.105
2026-09-09,2.74,-0.24,-0.040,0.009
2026-09-10,-2.81,1.25,-0.052,0.061
2026-09-11,-3.98,2.12,-0.073,0.155
2026-09-12,-4.16,2.50,-0.066,0.177
2026-09-13,-2.82,1.44,-0.074,0.108
2026-09-14,-3.08,1.12,-0.071,0.092
2026-09-15,-4.01,1.30,-0.110,0.132
2026-09-16,-0.95,-3.30,-0.033,0.025
2026-09-17,3.50,-0.87,-0.009,-0.033
2026-09-18,3.57,-0.56,0.017,-0.106
2026-09-19,2.46,-1.09,0.040,-0.109
2026-09-20,-1.30,-1.13,0.050,-0.116
2026-09-21,-2.49,0.48,0.076,-0.128
2026-09-22,0.12,-2.21,0.082,-0.154
2026-09-23,2.40,-1.38,0.107,-0.183
2026-09-24,2.90,-1.54,0.107,-0.159
2026-09-25,3.19,-1.23,0.127,-0.177
