date,wind_u,wind_v,cur_u,cur_v
2016-01-01,-4.68,1.70,,
2016-01-02,-3.88,1.33,,
2016-01-03,-3.82,1.86,,
2016-01-04,-2.73,1.64,,
2016-01-05,-1.80,0.42,,
2016-01-06,-3.37,1.23,,
2016-01-07,-2.05,1.13,,
2016-01-08,-0.34,-1.48,,
2016-01-09,-2.10,-1.03,,
2016-01-10,-2.77,-0.69,,
2016-01-11,-2.98,-0.16,,
2016-01-12,-3.64,-0.06,,
2016-01-13,-3.30,-0.35,,
2016-01-14,-3.68,0.19,,
2016-01-15,-4.14,1.11,,
2016-01-16,-2.36,1.10,,
2016-01-17,-2.24,0.91,,
2016-01-18,-0.30,-1.69,,
2016-01-19,-1.38,-1.04,,
2016-01-20,-2.57,-1.55,,
2016-01-21,-3.84,-1.03,,
2016-01-22,-4.30,0.68,,
2016-01-23,-2.13,1.66,,
2016-01-24,2.22,-1.80,,
2016-01-25,-2.27,-2.44,,
2016-01-26,-5.00,0.35,,
2016-01-27,-4.52,1.92,,
2016-01-28,-3.90,2.63,,
2016-01-29,-1.87,2.08,,
2016-01-30,-2.52,-0.44,,
2016-01-31,-3.86,0.54,,
2016-02-01,-4.03,0.86,,
2016-02-02,-3.37,-0.47,,
2016-02-03,-3.77,-1.37,,
2016-02-04,-3.99,-1.61,,
2016-02-05,-0.77,-2.02,,
2016-02-06,-1.06,-0.99,,
2016-02-07,-2.28,0.53,,
2016-02-08,-0.94,-1.50,,
2016-02-09,-1.53,-0.44,,
2016-02-10,-1.29,-0.97,,
2016-02-11,-2.11,-1.77,,
2016-02-12,-4.20,-1.05,,
2016-02-13,-3.40,0.12,,
2016-02-14,-2.29,-1.38,,
2016-02-15,-4.10,-0.29,,
2016-02-16,-4.68,1.80,,
2016-02-17,-3.76,0.73,,
2016-02-18,-2.47,-0.48,,
2016-02-19,-1.72,-2.65,,
2016-02-20,-3.90,-3.16,,
2016-02-21,-4.22,-1.37,,
2016-02-22,-3.94,-0.14,,
2016-02-23,-3.07,-0.43,,
2016-02-24,-3.89,1.57,,
2016-02-25,-4.17,1.27,,
2016-02-26,-3.29,0.52,,
2016-02-27,-2.49,-0.58,,
2016-02-28,-2.29,-1.66,,
2016-02-29,-3.20,-0.68,,
2016-03-01,-3.68,-0.26,,
2016-03-02,-3.96,0.70,,
2016-03-03,-4.33,0.23,,
2016-03-04,-3.90,0.14,,
2016-03-05,-2.22,-1.13,,
2016-03-06,-1.55,-0.83,,
2016-03-07,-0.05,-2.62,,
2016-03-08,-3.60,-2.62,,
2016-03-09,-5.37,-1.34,,
2016-03-10,-5.44,-0.86,,
2016-03-11,-5.35,-0.09,,
2016-03-12,-5.52,0.10,,
2016-03-13,-4.91,0.34,,
2016-03-14,-4.21,0.74,,
2016-03-15,-4.12,0.65,,
2016-03-16,-3.68,-0.00,,
2016-03-17,-3.65,-0.58,,
2016-03-18,-4.18,0.97,,
2016-03-19,-4.54,0.88,,
2016-03-20,-4.21,1.29,,
2016-03-21,-2.48,1.10,,
2016-03-22,-1.33,-1.52,,
2016-03-23,-4.85,0.34,,
2016-03-24,-5.63,1.20,,
2016-03-25,-5.81,1.66,,
2016-03-26,-6.23,1.67,,
2016-03-27,-5.89,1.04,,
2016-03-28,-5.43,1.25,,
2016-03-29,-4.95,1.14,,
2016-03-30,-4.77,1.01,,
2016-03-31,-4.84,1.39,,
2016-04-01,-4.84,1.30,,
2016-04-02,-4.55,1.39,,
2016-04-03,-3.59,0.83,,
2016-04-04,-3.83,0.20,,
2016-04-05,-2.53,-0.45,,
2016-04-06,-0.64,-2.39,,
2016-04-07,-3.47,0.24,,
2016-04-08,-3.67,0.26,,
2016-04-09,-3.65,0.26,,
2016-04-10,-3.69,-0.45,,
2016-04-11,-3.82,-0.40,,
2016-04-12,-2.82,-1.08,,
2016-04-13,-2.05,-1.72,,
2016-04-14,-1.75,-1.75,,
2016-04-15,-2.49,-1.21,,
2016-04-16,-2.92,-0.73,,
2016-04-17,-1.11,-1.77,,
2016-04-18,0.27,-2.21,,
2016-04-19,-1.95,-2.09,,
2016-04-20,-3.55,-1.02,,
2016-04-21,-4.59,-0.89,,
2016-04-22,-5.18,1.10,,
2016-04-23,-4.01,0.85,,
2016-04-24,1.87,-1.04,,
2016-04-25,-0.25,-2.40,,
2016-04-26,-3.25,-1.31,,
2016-04-27,-2.83,0.25,,
2016-04-28,-1.89,-0.20,,
2016-04-29,-1.58,-0.70,,
2016-04-30,-1.84,-0.00,,
2016-05-01,-3.56,-0.25,,
2016-05-02,-4.31,0.76,,
2016-05-03,-3.73,1.36,,
2016-05-04,-2.57,1.67,,
2016-05-05,-1.84,1.54,,
2016-05-06,-1.50,1.40,,
2016-05-07,2.17,-0.34,,
2016-05-08,-1.25,-2.16,,
2016-05-09,-3.30,-1.54,,
2016-05-10,-3.81,0.27,,
2016-05-11,-3.99,0.21,,
2016-05-12,-3.74,0.07,,
2016-05-13,-4.48,0.79,,
2016-05-14,-3.96,1.36,,
2016-05-15,-3.69,1.49,,
2016-05-16,-4.72,1.00,,
2016-05-17,-5.59,0.99,,
2016-05-18,-4.83,0.94,,
2016-05-19,-4.53,1.13,,
2016-05-20,-4.77,0.93,,
2016-05-21,-4.47,0.95,,
2016-05-22,-3.00,0.92,,
2016-05-23,-2.30,2.00,,
2016-05-24,-2.49,2.01,,
2016-05-25,-2.63,-0.14,,
2016-05-26,-3.62,0.13,,
2016-05-27,-3.39,0.48,,
2016-05-28,-3.21,0.39,,
2016-05-29,-3.28,0.52,,
2016-05-30,-3.28,0.70,,
2016-05-31,-3.03,1.16,,
2016-06-01,-3.22,1.43,,
2016-06-02,-3.42,1.67,,
2016-06-03,-2.87,1.46,,
2016-06-04,-2.97,0.52,,
2016-06-05,-3.34,1.15,,
2016-06-06,-3.40,1.51,,
2016-06-07,-3.38,1.80,,
2016-06-08,-2.90,1.81,,
2016-06-09,-2.71,2.12,,
2016-06-10,-2.79,1.48,,
2016-06-11,-2.22,-0.04,,
2016-06-12,-2.66,0.19,,
2016-06-13,-2.06,1.05,,
2016-06-14,-2.43,1.64,,
2016-06-15,-3.15,2.38,,
2016-06-16,-3.38,1.37,,
2016-06-17,-3.52,0.81,,
2016-06-18,-4.32,0.84,,
2016-06-19,-4.42,0.46,,
2016-06-20,-4.52,0.88,,
2016-06-21,-4.02,1.88,,
2016-06-22,-4.81,1.11,,
2016-06-23,-4.94,1.23,,
2016-06-24,-4.66,0.66,,
2016-06-25,-4.27,0.83,,
2016-06-26,-4.04,0.14,,
2016-06-27,-4.24,0.67,,
2016-06-28,-4.07,0.94,,
2016-06-29,-4.26,1.30,,
2016-06-30,-4.61,1.41,,
2016-07-01,-5.11,1.18,,
2016-07-02,-4.74,1.09,,
2016-07-03,-4.63,1.07,,
2016-07-04,-5.14,0.54,,
2016-07-05,-4.82,0.51,,
2016-07-06,-4.53,1.05,,
2016-07-07,-4.81,0.85,,
2016-07-08,-4.65,0.24,,
2016-07-09,-4.93,0.78,,
2016-07-10,-5.08,0.99,,
2016-07-11,-5.00,0.97,,
2016-07-12,-4.51,0.32,,
2016-07-13,-3.98,-0.35,,
2016-07-14,-4.12,0.14,,
2016-07-15,-4.51,0.39,,
2016-07-16,-4.30,0.45,,
2016-07-17,-4.63,0.57,,
2016-07-18,-4.09,-0.21,,
2016-07-19,-4.38,0.54,,
2016-07-20,-4.51,0.80,,
2016-07-21,-4.47,0.95,,
2016-07-22,-4.48,0.87,,
2016-07-23,-4.61,0.16,,
2016-07-24,-4.52,0.96,,
2016-07-25,-4.49,0.79,,
2016-07-26,-4.34,0.69,,
2016-07-27,-4.12,0.88,,
2016-07-28,-4.20,0.37,,
2016-07-29,-3.64,-0.13,,
2016-07-30,-4.68,1.08,,
2016-07-31,-5.20,0.36,,
2016-08-01,-5.91,1.81,,
2016-08-02,-4.82,1.11,,
2016-08-03,-4.57,1.31,,
2016-08-04,-4.58,1.14,,
2016-08-05,-4.63,1.24,,
2016-08-06,-4.16,0.96,,
2016-08-07,-3.69,1.13,,
2016-08-08,-3.99,1.30,,
2016-08-09,-4.57,0.32,,
2016-08-10,-4.24,0.37,,
2016-08-11,-4.27,0.91,,
2016-08-12,-4.02,0.49,,
2016-08-13,-4.30,0.38,,
2016-08-14,-4.89,0.77,,
2016-08-15,-4.50,1.12,,
2016-08-16,-4.45,0.31,,
2016-08-17,-4.30,0.68,,
2016-08-18,-4.31,0.61,,
2016-08-19,-4.41,0.70,,
2016-08-20,-4.51,0.16,,
2016-08-21,-4.33,0.15,,
2016-08-22,-3.85,-0.13,,
2016-08-23,-3.04,-1.05,,
2016-08-24,-2.99,-0.80,,
2016-08-25,-2.47,1.00,,
2016-08-26,-2.89,1.60,,
2016-08-27,-2.70,1.20,,
2016-08-28,-2.92,1.01,,
2016-08-29,-3.10,1.32,,
2016-08-30,-3.33,1.48,,
2016-08-31,-4.45,1.28,,
2016-09-01,-4.64,1.33,,
2016-09-02,-4.25,0.75,,
2016-09-03,-4.26,0.67,,
2016-09-04,-4.29,-0.00,,
2016-09-05,-3.79,-0.40,,
2016-09-06,-4.19,0.37,,
2016-09-07,-4.15,0.88,,
2016-09-08,-4.43,0.70,,
2016-09-09,-4.31,0.76,,
2016-09-10,-3.75,0.13,,
2016-09-11,-3.36,1.16,,
2016-09-12,-3.74,0.46,,
2016-09-13,-3.61,-0.06,,
2016-09-14,-3.69,0.19,,
2016-09-15,-3.82,0.40,,
2016-09-16,-3.70,-0.00,,
2016-09-17,-3.35,0.18,,
2016-09-18,-3.50,0.12,,
2016-09-19,-3.32,0.77,,
2016-09-20,-3.68,0.32,,
2016-09-21,-3.67,-0.00,,
2016-09-22,-2.26,-0.82,,
2016-09-23,-2.02,-0.28,,
2016-09-24,-2.24,-0.24,,
2016-09-25,-2.63,-0.09,,
2016-09-26,-3.33,0.23,,
2016-09-27,-3.85,0.82,,
2016-09-28,-4.15,0.96,,
2016-09-29,-4.95,0.52,,
2016-09-30,-5.21,-0.09,,
2016-10-01,-4.57,1.14,,
2016-10-02,-4.55,1.66,,
2016-10-03,-4.39,2.54,,
2016-10-04,-6.03,3.48,,
2016-10-05,-4.29,3.60,,
2016-10-06,-2.85,2.39,,
2016-10-07,-3.63,0.84,,
2016-10-08,-2.23,-0.73,,
2016-10-09,0.91,-1.51,,
2016-10-10,2.49,-0.81,,
2016-10-11,1.60,-0.23,,
2016-10-12,-1.10,0.69,,
2016-10-13,-1.40,-0.20,,
2016-10-14,-1.42,-0.41,,
2016-10-15,-3.10,0.33,,
2016-10-16,-3.14,-0.05,,
2016-10-17,-1.37,1.03,,
2016-10-18,2.54,0.36,,
2016-10-19,0.50,1.18,,
2016-10-20,-0.23,0.81,,
2016-10-21,0.22,-0.72,,
2016-10-22,1.38,-0.67,,
2016-10-23,-0.43,-1.13,,
2016-10-24,-1.38,-0.68,,
2016-10-25,-0.88,-1.52,,
2016-10-26,-2.50,-1.82,,
2016-10-27,-1.80,-1.68,,
2016-10-28,-1.38,0.24,,
2016-10-29,-2.33,0.12,,
2016-10-30,-1.91,-0.58,,
2016-10-31,0.96,-1.43,,
2016-11-01,-1.42,-2.11,,
2016-11-02,-3.61,-2.00,,
2016-11-03,-3.06,-0.48,,
2016-11-04,-3.20,0.22,,
2016-11-05,-1.66,-0.54,,
2016-11-06,0.07,-1.26,,
2016-11-07,-1.54,-1.83,,
2016-11-08,-2.80,-0.75,,
2016-11-09,-3.78,-1.01,,
2016-11-10,-2.94,-0.68,,
2016-11-11,-2.90,-1.42,,
2016-11-12,-2.72,-1.15,,
2016-11-13,-2.25,-1.52,,
2016-11-14,-2.38,-1.21,,
2016-11-15,-1.64,-0.84,,
2016-11-16,-1.11,0.04,,
2016-11-17,1.79,-1.25,,
2016-11-18,-2.60,-2.69,,
2016-11-19,-2.82,-3.14,,
2016-11-20,-1.38,-2.13,,
2016-11-21,-2.09,-2.33,,
2016-11-22,-3.18,-2.31,,
2016-11-23,-3.86,-2.14,,
2016-11-24,-4.76,-1.28,,
2016-11-25,-4.01,-0.71,,
2016-11-26,-3.30,-0.12,,
2016-11-27,-1.95,1.17,,
2016-11-28,-1.69,-2.81,,
2016-11-29,-2.46,-1.48,,
2016-11-30,-4.31,-0.08,,
2016-12-01,-3.54,-0.06,,
2016-12-02,-3.85,0.68,,
2016-12-03,-2.93,-0.05,,
2016-12-04,-2.78,-1.30,,
2016-12-05,-3.76,-1.01,,
2016-12-06,-4.17,1.04,,
2016-12-07,-3.96,1.06,,
2016-12-08,-3.96,-0.35,,
2016-12-09,-3.22,0.06,,
2016-12-10,-3.78,-0.33,,
2016-12-11,-4.46,0.31,,
2016-12-12,-4.41,1.43,,
2016-12-13,-4.04,1.01,,
2016-12-14,-4.40,1.02,,
2016-12-15,-3.25,0.34,,
2016-12-16,-3.18,-0.00,,
2016-12-17,-4.67,0.57,,
2016-12-18,-5.19,1.29,,
2016-12-19,-5.39,-0.09,,
2016-12-20,-4.32,-0.15,,
2016-12-21,-3.54,0.56,,
2016-12-22,-3.58,0.38,,
2016-12-23,-3.80,-0.33,,
2016-12-24,-4.22,0.07,,
2016-12-25,-4.63,0.32,,
2016-12-26,-4.76,-0.75,,
2016-12-27,-4.48,0.08,,
2016-12-28,-3.74,0.59,,
2016-12-29,-3.29,0.58,,
2016-12-30,-2.00,0.35,,
2016-12-31,-2.74,-0.84,,
2017-01-01,-3.07,1.50,,
2017-01-02,-3.14,1.46,,
2017-01-03,-2.96,1.64,,
2017-01-04,-2.88,1.28,,
2017-01-05,-1.38,1.65,,
2017-01-06,-2.44,1.58,,
2017-01-07,-3.03,1.68,,
2017-01-08,0.42,1.98,,
2017-01-09,-1.06,-3.48,,
2017-01-10,-3.66,-3.93,,
2017-01-11,-2.82,-1.03,,
2017-01-12,-3.23,0.40,,
2017-01-13,-2.97,0.42,,
2017-01-14,-3.05,0.37,,
2017-01-15,-2.20,1.17,,
2017-01-16,-2.52,1.40,,
2017-01-17,-3.49,1.00,,
2017-01-18,-2.06,0.92,,
2017-01-19,-0.58,1.67,,
2017-01-20,-0.81,-0.76,,
2017-01-21,-0.24,1.53,,
2017-01-22,-1.95,1.53,,
2017-01-23,-0.86,1.62,,
2017-01-24,2.71,1.09,,
2017-01-25,1.11,-1.92,,
2017-01-26,-2.63,1.71,,
2017-01-27,-1.94,2.08,,
2017-01-28,-1.10,2.07,,
2017-01-29,-1.87,1.46,,
2017-01-30,-1.63,1.42,,
2017-01-31,-1.97,0.45,,
2017-02-01,-2.82,1.26,,
2017-02-02,-3.27,1.19,,
2017-02-03,-2.90,1.11,,
2017-02-04,-2.92,1.24,,
2017-02-05,-3.08,1.00,,
2017-02-06,-3.01,1.34,,
2017-02-07,-2.75,1.34,,
2017-02-08,-2.59,1.68,,
2017-02-09,-2.07,1.10,,
2017-02-10,-1.75,1.05,,
2017-02-11,-2.22,0.12,,
2017-02-12,-3.00,0.42,,
2017-02-13,-1.90,0.40,,
2017-02-14,-2.06,0.33,,
2017-02-15,-1.89,1.27,,
2017-02-16,-0.00,1.73,,
2017-02-17,0.53,-1.04,,
2017-02-18,-2.03,0.14,,
2017-02-19,-2.42,0.98,,
2017-02-20,2.51,-1.12,,
2017-02-21,2.74,-2.14,,
2017-02-22,-2.30,-0.62,,
2017-02-23,-2.29,1.99,,
2017-02-24,-1.22,1.68,,
2017-02-25,0.55,1.37,,
2017-02-26,-2.48,1.00,,
2017-02-27,-3.41,0.91,,
2017-02-28,-3.39,1.10,,
2017-03-01,-3.69,1.34,,
2017-03-02,-3.71,1.42,,
2017-03-03,-3.32,1.77,,
2017-03-04,-2.86,0.99,,
2017-03-05,-2.30,0.04,,
2017-03-06,-5.09,-1.85,,
2017-03-07,-4.26,-0.07,,
2017-03-08,-4.23,0.75,,
2017-03-09,-3.71,1.21,,
2017-03-10,-3.04,0.99,,
2017-03-11,-1.81,0.96,,
2017-03-12,-2.66,1.24,,
2017-03-13,-3.03,1.16,,
2017-03-14,-2.89,1.54,,
2017-03-15,-1.53,1.38,,
2017-03-16,-1.96,0.21,,
2017-03-17,-2.59,0.50,,
2017-03-18,-3.36,0.78,,
2017-03-19,-2.55,1.19,,
2017-03-20,-1.68,-0.36,,
2017-03-21,-1.34,0.26,,
2017-03-22,-1.94,0.48,,
2017-03-23,1.10,-1.22,,
2017-03-24,-1.28,-1.07,,
2017-03-25,-0.39,-1.57,,
2017-03-26,2.00,-0.93,,
2017-03-27,2.78,0.00,,
2017-03-28,2.23,-1.24,,
2017-03-29,-0.81,-1.59,,
2017-03-30,-2.39,-0.25,,
2017-03-31,-2.78,1.35,,
2017-04-01,-1.53,1.00,,
2017-04-02,-1.60,0.34,,
2017-04-03,-3.23,0.28,,
2017-04-04,-4.02,1.00,,
2017-04-05,-3.90,0.90,,
2017-04-06,-3.51,1.21,,
2017-04-07,-2.64,1.18,,
2017-04-08,-1.68,0.45,,
2017-04-09,-1.66,0.35,,
2017-04-10,-1.38,-0.32,,
2017-04-11,-1.68,-0.86,,
2017-04-12,-0.63,-1.82,,
2017-04-13,0.58,-1.89,,
2017-04-14,2.73,-1.16,,
2017-04-15,0.93,-2.56,,
2017-04-16,-2.87,0.46,,
2017-04-17,-3.21,0.74,,
2017-04-18,-3.77,1.22,,
2017-04-19,-3.82,0.67,,
2017-04-20,-2.98,0.80,,
2017-04-21,-3.07,0.88,,
2017-04-22,-2.95,1.57,,
2017-04-23,-3.14,1.89,,
2017-04-24,-2.16,1.63,,
2017-04-25,0.47,-1.11,,
2017-04-26,-1.59,1.33,,
2017-04-27,-2.67,1.30,,
2017-04-28,-2.83,1.51,,
2017-04-29,-3.23,1.24,,
2017-04-30,-3.23,1.30,,
2017-05-01,-2.84,1.39,,
2017-05-02,-2.86,1.15,,
2017-05-03,-2.19,1.21,,
2017-05-04,-2.88,0.99,,
2017-05-05,-2.61,1.22,,
2017-05-06,-1.80,1.04,,
2017-05-07,-0.75,1.12,,
2017-05-08,-1.39,1.21,,
2017-05-09,-1.43,-0.23,,
2017-05-10,-1.87,-0.87,,
2017-05-11,-2.04,1.23,,
2017-05-12,-2.16,0.96,,
2017-05-13,-2.74,0.79,,
2017-05-14,-2.10,0.45,,
2017-05-15,-0.81,1.47,,
2017-05-16,-2.45,1.42,,
2017-05-17,-3.60,1.10,,
2017-05-18,-3.36,1.29,,
2017-05-19,-3.99,1.14,,
2017-05-20,-3.20,0.51,,
2017-05-21,-3.22,0.63,,
2017-05-22,-3.17,0.62,,
2017-05-23,-3.44,0.86,,
2017-05-24,-3.06,2.56,,
2017-05-25,-3.82,1.78,,
2017-05-26,-3.86,0.82,,
2017-05-27,-2.47,1.00,,
2017-05-28,-3.17,1.09,,
2017-05-29,-3.24,1.18,,
2017-05-30,-2.91,1.42,,
2017-05-31,-3.09,1.37,,
2017-06-01,-3.32,1.14,,
2017-06-02,-3.51,1.28,,
2017-06-03,-3.14,1.14,,
2017-06-04,-2.94,1.07,,
2017-06-05,-3.07,1.24,,
2017-06-06,-3.36,1.79,,
2017-06-07,-3.44,1.19,,
2017-06-08,-3.25,0.75,,
2017-06-09,-2.41,0.69,,
2017-06-10,-3.16,1.21,,
2017-06-11,-3.84,0.61,,
2017-06-12,-3.91,0.90,,
2017-06-13,-3.31,1.20,,
2017-06-14,-3.26,1.06,,
2017-06-15,-3.08,0.94,,
2017-06-16,-2.74,1.78,,
2017-06-17,-3.38,1.17,,
2017-06-18,-3.85,1.25,,
2017-06-19,-3.85,1.40,,
2017-06-20,-3.64,1.32,,
2017-06-21,-3.65,1.19,,
2017-06-22,-3.59,1.10,,
2017-06-23,-3.12,0.90,,
2017-06-24,-3.55,0.95,,
2017-06-25,-3.47,0.80,,
2017-06-26,-3.52,1.35,,
2017-06-27,-3.46,0.86,,
2017-06-28,-3.56,0.76,,
2017-06-29,-3.80,0.81,,
2017-06-30,-3.34,0.96,,
2017-07-01,-2.75,1.22,,
2017-07-02,-3.29,1.07,,
2017-07-03,-3.54,1.15,,
2017-07-04,-3.60,0.83,,
2017-07-05,-3.24,1.44,,
2017-07-06,-3.61,0.77,,
2017-07-07,-3.59,1.03,,
2017-07-08,-3.03,0.81,,
2017-07-09,-3.34,0.90,,
2017-07-10,-2.55,0.45,,
2017-07-11,-1.35,-0.14,,
2017-07-12,-1.68,0.78,,
2017-07-13,-2.10,0.94,,
2017-07-14,-2.50,1.28,,
2017-07-15,-2.70,1.04,,
2017-07-16,-2.44,1.14,,
2017-07-17,-3.14,1.08,,
2017-07-18,-3.37,0.97,,
2017-07-19,-3.96,1.21,,
2017-07-20,-3.86,0.89,,
2017-07-21,-3.33,0.95,,
2017-07-22,-3.44,1.12,,
2017-07-23,-2.66,1.08,,
2017-07-24,-3.71,0.92,,
2017-07-25,-3.59,1.10,,
2017-07-26,-2.80,0.91,,
2017-07-27,-2.69,0.77,,
2017-07-28,-2.63,0.51,,
2017-07-29,-2.32,0.98,,
2017-07-30,-2.46,1.42,,
2017-07-31,-3.08,1.12,,
2017-08-01,-3.51,0.88,,
2017-08-02,-4.18,1.04,,
2017-08-03,-3.76,1.30,,
2017-08-04,-4.08,1.25,,
2017-08-05,-3.34,0.90,,
2017-08-06,-3.32,0.83,,
2017-08-07,-3.02,1.04,,
2017-08-08,-2.94,1.25,,
2017-08-09,-3.53,1.21,,
2017-08-10,-3.33,0.65,,
2017-08-11,-2.59,0.79,,
2017-08-12,-1.16,0.54,,
2017-08-13,-2.34,1.58,,
2017-08-14,-3.37,1.23,,
2017-08-15,-3.43,0.98,,
2017-08-16,-3.40,0.79,,
2017-08-17,-2.40,1.33,,
2017-08-18,-3.45,1.47,,
2017-08-19,-3.50,1.41,,
2017-08-20,-2.99,1.09,,
2017-08-21,-2.78,0.96,,
2017-08-22,-2.86,1.16,,
2017-08-23,-2.47,1.00,,
2017-08-24,-2.56,0.93,,
2017-08-25,-2.81,0.86,,
2017-08-26,-2.73,0.73,,
2017-08-27,-2.61,1.06,,
2017-08-28,-2.81,1.02,,
2017-08-29,-2.41,0.97,,
2017-08-30,-2.56,1.09,,
2017-08-31,-2.94,0.90,,
2017-09-01,-3.20,0.92,,
2017-09-02,-2.87,0.82,,
2017-09-03,-2.54,0.83,,
2017-09-04,-2.11,0.89,,
2017-09-05,-2.30,0.53,,
2017-09-06,-2.25,0.60,,
2017-09-07,6.39,0.67,,
2017-09-08,-3.51,4.49,,
2017-09-09,-3.23,2.26,,
2017-09-10,-2.23,1.09,,
2017-09-11,-0.67,1.22,,
2017-09-12,1.14,0.39,,
2017-09-13,1.85,-0.26,,
2017-09-14,1.99,-0.10,,
2017-09-15,0.15,1.40,,
2017-09-16,-0.66,1.40,,
2017-09-17,1.27,1.07,,
2017-09-18,0.78,0.68,,
2017-09-19,-1.85,0.13,,
2017-09-20,-1.77,-1.48,,
2017-09-21,6.71,-3.72,,
2017-09-22,3.86,2.70,,
2017-09-23,-0.48,1.94,,
2017-09-24,0.50,1.86,,
2017-09-25,-1.15,1.11,,
2017-09-26,-1.89,1.43,,
2017-09-27,-2.54,1.52,,
2017-09-28,-2.76,1.29,,
2017-09-29,-3.03,1.22,,
2017-09-30,-3.29,1.07,,
2017-10-01,-1.47,0.72,,
2017-10-02,-2.07,1.05,,
2017-10-03,-2.95,1.07,,
2017-10-04,-2.47,1.05,,
2017-10-05,-2.75,1.00,,
2017-10-06,-1.25,1.05,,
2017-10-07,1.16,0.42,,
2017-10-08,1.20,0.08,,
2017-10-09,-1.87,0.50,,
2017-10-10,-1.22,0.62,,
2017-10-11,-1.36,0.76,,
2017-10-12,0.06,1.70,,
2017-10-13,-2.04,0.70,,
2017-10-14,-2.20,0.35,,
2017-10-15,-1.40,0.78,,
2017-10-16,-1.14,1.06,,
2017-10-17,-1.60,1.60,,
2017-10-18,-2.00,1.74,,
2017-10-19,-2.75,2.39,,
2017-10-20,-3.27,2.20,,
2017-10-21,-3.48,1.40,,
2017-10-22,-3.24,1.58,,
2017-10-23,-2.86,1.15,,
2017-10-24,-2.77,1.18,,
2017-10-25,-2.50,1.39,,
2017-10-26,-0.64,1.77,,
2017-10-27,-2.21,0.98,,
2017-10-28,-2.40,1.07,,
2017-10-29,-0.13,1.45,,
2017-10-30,1.36,0.05,,
2017-10-31,1.10,-0.89,,
2017-11-01,1.42,-0.44,,
2017-11-02,-2.14,1.19,,
2017-11-03,-2.64,1.12,,
2017-11-04,-2.31,1.34,,
2017-11-05,-2.54,1.35,,
2017-11-06,-2.38,1.16,,
2017-11-07,-2.05,1.23,,
2017-11-08,-1.92,1.34,,
2017-11-09,-2.09,1.82,,
2017-11-10,-2.54,1.65,,
2017-11-11,-2.06,1.14,,
2017-11-12,-2.17,1.36,,
2017-11-13,-3.05,1.23,,
2017-11-14,-1.18,1.51,,
2017-11-15,0.09,1.00,,
2017-11-16,0.44,0.80,,
2017-11-17,1.70,-0.27,,
2017-11-18,-0.03,-1.95,,
2017-11-19,-1.72,1.25,,
2017-11-20,-0.52,0.69,,
2017-11-21,-1.50,1.09,,
2017-11-22,-1.39,1.39,,
2017-11-23,-0.81,1.74,,
2017-11-24,-1.81,1.47,,
2017-11-25,-2.22,1.33,,
2017-11-26,-2.06,0.88,,
2017-11-27,-2.67,1.25,,
2017-11-28,-2.75,1.22,,
2017-11-29,-2.35,1.05,,
2017-11-30,-0.06,1.61,,
2017-12-01,1.53,-0.32,,
2017-12-02,1.59,-1.28,,
2017-12-03,0.09,-1.34,,
2017-12-04,-0.81,-1.00,,
2017-12-05,-2.63,0.76,,
2017-12-06,-3.47,1.26,,
2017-12-07,-3.33,1.62,,
2017-12-08,-2.64,2.22,,
2017-12-09,-3.31,1.99,,
2017-12-10,-2.36,1.59,,
2017-12-11,-2.10,1.64,,
2017-12-12,-1.70,1.89,,
2017-12-13,1.50,1.05,,
2017-12-14,-2.07,0.63,,
2017-12-15,-2.77,1.66,,
2017-12-16,-3.00,1.21,,
2017-12-17,-3.08,1.00,,
2017-12-18,-3.09,0.49,,
2017-12-19,-2.59,1.26,,
2017-12-20,-2.69,0.33,,
2017-12-21,-2.18,1.47,,
2017-12-22,-2.48,1.21,,
2017-12-23,-2.64,1.29,,
2017-12-24,-2.97,1.32,,
2017-12-25,-2.32,1.45,,
2017-12-26,-1.88,1.57,,
2017-12-27,-2.67,1.67,,
2017-12-28,-2.18,1.42,,
2017-12-29,-2.44,1.09,,
2017-12-30,-2.14,1.39,,
2017-12-31,-2.21,1.79,,
2018-01-01,-2.14,0.78,,
2018-01-02,-2.21,1.17,,
2018-01-03,-0.75,1.11,,
2018-01-04,0.78,1.07,,
2018-01-05,-1.27,-3.14,,
2018-01-06,-1.01,1.05,,
2018-01-07,-1.01,1.12,,
2018-01-08,-2.48,1.26,,
2018-01-09,-2.70,1.82,,
2018-01-10,-3.01,2.03,,
2018-01-11,-2.95,1.71,,
2018-01-12,-3.17,1.69,,
2018-01-13,-2.77,1.60,,
2018-01-14,-3.05,1.36,,
2018-01-15,-2.16,1.30,,
2018-01-16,-2.32,1.45,,
2018-01-17,-2.54,1.03,,
2018-01-18,-1.93,1.12,,
2018-01-19,-1.55,0.93,,
2018-01-20,-2.60,1.00,,
2018-01-21,-2.93,1.37,,
2018-01-22,-2.70,0.93,,
2018-01-23,-3.07,1.31,,
2018-01-24,-2.31,1.50,,
2018-01-25,-2.40,0.87,,
2018-01-26,-3.13,0.22,,
2018-01-27,-4.85,0.60,,
2018-01-28,-5.05,1.17,,
2018-01-29,-3.99,1.69,,
2018-01-30,-2.30,1.86,,
2018-01-31,-1.81,1.13,,
2018-02-01,-2.90,1.81,,
2018-02-02,-2.48,1.80,,
2018-02-03,-2.44,0.84,,
2018-02-04,-3.11,1.80,,
2018-02-05,-2.36,1.65,,
2018-02-06,-2.72,1.38,,
2018-02-07,-3.28,1.60,,
2018-02-08,-3.01,1.22,,
2018-02-09,-3.24,1.18,,
2018-02-10,-3.58,1.67,,
2018-02-11,-3.91,1.91,,
2018-02-12,-4.01,1.62,,
2018-02-13,-3.11,1.58,,
2018-02-14,-4.32,0.38,,
2018-02-15,-2.73,1.51,,
2018-02-16,-2.93,1.31,,
2018-02-17,-3.13,1.20,,
2018-02-18,-2.94,1.56,,
2018-02-19,-3.71,1.57,,
2018-02-20,-4.27,1.06,,
2018-02-21,-3.29,1.46,,
2018-02-22,-3.80,1.31,,
2018-02-23,-3.58,1.09,,
2018-02-24,-3.46,1.06,,
2018-02-25,-2.78,1.24,,
2018-02-26,-2.33,1.14,,
2018-02-27,-2.03,0.51,,
2018-02-28,-2.06,0.07,,
2018-03-01,-2.27,1.53,,
2018-03-02,-1.85,1.50,,
2018-03-03,3.13,-0.72,,
2018-03-04,4.15,-2.39,,
2018-03-05,2.83,-1.44,,
2018-03-06,-1.12,-1.38,,
2018-03-07,-2.68,0.92,,
2018-03-08,-1.65,1.11,,
2018-03-09,0.14,1.59,,
2018-03-10,-2.62,0.85,,
2018-03-11,-3.44,3.44,,
2018-03-12,-2.80,3.71,,
2018-03-13,-0.20,2.28,,
2018-03-14,-1.18,1.62,,
2018-03-15,2.05,0.33,,
2018-03-16,-2.38,0.55,,
2018-03-17,-1.98,0.57,,
2018-03-18,-1.58,0.31,,
2018-03-19,-1.25,-0.04,,
2018-03-20,-1.85,0.64,,
2018-03-21,-2.30,1.44,,
2018-03-22,-1.74,1.17,,
2018-03-23,1.04,-1.24,,
2018-03-24,-1.53,-2.10,,
2018-03-25,-2.69,-0.77,,
2018-03-26,-2.43,0.98,,
2018-03-27,-2.03,-0.29,,
2018-03-28,-3.14,-0.90,,
2018-03-29,-3.47,-0.55,,
2018-03-30,-3.24,-0.23,,
2018-03-31,-2.40,0.73,,
2018-04-01,-2.39,0.97,,
2018-04-02,-2.39,0.78,,
2018-04-03,-2.26,0.48,,
2018-04-04,-2.52,0.87,,
2018-04-05,-1.94,0.63,,
2018-04-06,-1.20,0.44,,
2018-04-07,-0.63,1.23,,
2018-04-08,-1.63,0.87,,
2018-04-09,-2.61,0.70,,
2018-04-10,-3.48,1.48,,
2018-04-11,-3.22,0.99,,
2018-04-12,-2.45,0.61,,
2018-04-13,-3.27,0.76,,
2018-04-14,-4.01,1.07,,
2018-04-15,-3.61,1.68,,
2018-04-16,-3.22,1.11,,
2018-04-17,-2.59,1.16,,
2018-04-18,-3.02,0.87,,
2018-04-19,-2.96,1.38,,
2018-04-20,-3.59,1.10,,
2018-04-21,-3.69,1.20,,
2018-04-22,-3.26,1.19,,
2018-04-23,-3.21,1.04,,
2018-04-24,-3.38,1.17,,
2018-04-25,-2.51,1.12,,
2018-04-26,-1.94,0.90,,
2018-04-27,-2.32,1.88,,
2018-04-28,-2.68,0.97,,
2018-04-29,-3.30,0.82,,
2018-04-30,-3.68,0.99,,
2018-05-01,-3.42,0.48,,
2018-05-02,-2.80,0.96,,
2018-05-03,-2.47,1.26,,
2018-05-04,-1.59,1.65,,
2018-05-05,-3.38,2.11,,
2018-05-06,-3.38,1.87,,
2018-05-07,-3.40,1.66,,
2018-05-08,-3.38,1.30,,
2018-05-09,-3.34,1.08,,
2018-05-10,-3.56,1.09,,
2018-05-11,-3.70,1.06,,
2018-05-12,-3.27,1.06,,
2018-05-13,-3.45,1.26,,
2018-05-14,-3.51,0.94,,
2018-05-15,-3.55,1.36,,
2018-05-16,-3.95,1.28,,
2018-05-17,-3.98,1.61,,
2018-05-18,-4.05,1.47,,
2018-05-19,-4.15,1.51,,
2018-05-20,-4.29,1.56,,
2018-05-21,-3.89,1.04,,
2018-05-22,-3.54,1.15,,
2018-05-23,-3.72,1.35,,
2018-05-24,-3.54,0.95,,
2018-05-25,-3.54,1.08,,
2018-05-26,-3.92,1.27,,
2018-05-27,-3.99,0.92,,
2018-05-28,-3.77,0.80,,
2018-05-29,-3.84,1.18,,
2018-05-30,-3.83,0.74,,
2018-05-31,-3.42,0.60,,
2018-06-01,-3.54,0.56,,
2018-06-02,-3.36,0.47,,
2018-06-03,-2.35,0.76,,
2018-06-04,-2.60,0.74,,
2018-06-05,-2.83,0.15,,
2018-06-06,-2.79,1.30,,
2018-06-07,-3.64,0.71,,
2018-06-08,-3.93,0.55,,
2018-06-09,-4.30,0.99,,
2018-06-10,-3.97,1.29,,
2018-06-11,-3.44,1.12,,
2018-06-12,-3.54,0.82,,
2018-06-13,-3.91,1.12,,
2018-06-14,-3.54,1.29,,
2018-06-15,-3.76,0.66,,
2018-06-16,-3.52,0.62,,
2018-06-17,-2.62,0.41,,
2018-06-18,-1.95,0.67,,
2018-06-19,-1.53,1.19,,
2018-06-20,-1.11,1.48,,
2018-06-21,-0.40,1.88,,
2018-06-22,-2.76,1.12,,
2018-06-23,-2.80,1.75,,
2018-06-24,-2.92,1.76,,
2018-06-25,-3.54,0.95,,
2018-06-26,-3.92,1.20,,
2018-06-27,-3.60,1.03,,
2018-06-28,-3.67,0.78,,
2018-06-29,-3.38,0.72,,
2018-06-30,-3.69,1.06,,
2018-07-01,-3.28,0.88,,
2018-07-02,-2.89,0.83,,
2018-07-03,-3.17,0.62,,
2018-07-04,-4.28,1.31,,
2018-07-05,-4.22,0.82,,
2018-07-06,-3.56,0.63,,
2018-07-07,-4.05,0.94,,
2018-07-08,-4.40,0.78,,
2018-07-09,-3.34,0.71,,
2018-07-10,-2.78,1.48,,
2018-07-11,-3.58,1.67,,
2018-07-12,-4.11,0.72,,
2018-07-13,-3.72,1.07,,
2018-07-14,-4.03,1.00,,
2018-07-15,-3.62,1.04,,
2018-07-16,-3.80,1.16,,
2018-07-17,-3.58,1.09,,
2018-07-18,-3.76,1.08,,
2018-07-19,-3.65,1.19,,
2018-07-20,-3.68,1.06,,
2018-07-21,-3.65,0.98,,
2018-07-22,-3.71,0.86,,
2018-07-23,-3.25,0.93,,
2018-07-24,-3.66,0.65,,
2018-07-25,-3.61,0.83,,
2018-07-26,-3.75,1.29,,
2018-07-27,-3.70,0.79,,
2018-07-28,-3.33,1.02,,
2018-07-29,-3.80,1.24,,
2018-07-30,-4.02,0.93,,
2018-07-31,-3.97,0.99,,
2018-08-01,-3.70,0.45,,
2018-08-02,-3.81,0.67,,
2018-08-03,-3.68,0.99,,
2018-08-04,-3.56,0.44,,
2018-08-05,-2.96,1.02,,
2018-08-06,-2.80,1.24,,
2018-08-07,-3.28,0.88,,
2018-08-08,-3.49,0.74,,
2018-08-09,-3.43,0.92,,
2018-08-10,-3.19,0.62,,
2018-08-11,-3.36,0.84,,
2018-08-12,-3.67,1.26,,
2018-08-13,-3.57,1.23,,
2018-08-14,-3.12,0.90,,
2018-08-15,-3.33,0.83,,
2018-08-16,-3.57,0.96,,
2018-08-17,-3.26,1.06,,
2018-08-18,-3.32,0.95,,
2018-08-19,-3.25,0.75,,
2018-08-20,-3.45,1.33,,
2018-08-21,-3.53,0.81,,
2018-08-22,-3.22,0.86,,
2018-08-23,-3.27,1.19,,
2018-08-24,-3.51,0.81,,
2018-08-25,-3.64,0.64,,
2018-08-26,-3.65,0.98,,
2018-08-27,-3.76,0.80,,
2018-08-28,-3.61,0.83,,
2018-08-29,-3.62,1.39,,
2018-08-30,-3.52,1.28,,
2018-08-31,-2.69,1.49,,
2018-09-01,-3.31,1.83,,
2018-09-02,-3.31,1.14,,
2018-09-03,-3.13,0.96,,
2018-09-04,-2.69,1.03,,
2018-09-05,-2.57,1.04,,
2018-09-06,-2.11,0.60,,
2018-09-07,-2.48,0.81,,
2018-09-08,-2.72,0.88,,
2018-09-09,-2.59,0.99,,
2018-09-10,-2.33,0.58,,
2018-09-11,-2.23,0.39,,
2018-09-12,-2.61,0.95,,
2018-09-13,-2.65,1.23,,
2018-09-14,-3.00,0.58,,
2018-09-15,-2.64,1.12,,
2018-09-16,-2.70,1.75,,
2018-09-17,-0.83,1.79,,
2018-09-18,-1.76,1.48,,
2018-09-19,-3.04,1.35,,
2018-09-20,-2.66,1.24,,
2018-09-21,-3.21,1.04,,
2018-09-22,-2.99,1.27,,
2018-09-23,-2.98,0.97,,
2018-09-24,-3.25,1.18,,
2018-09-25,-3.53,1.29,,
2018-09-26,-3.12,0.90,,
2018-09-27,-2.29,0.88,,
2018-09-28,-2.41,0.88,,
2018-09-29,-2.69,1.20,,
2018-09-30,-2.87,0.93,,
2018-10-01,-2.26,1.10,,
2018-10-02,-1.48,0.60,,
2018-10-03,-0.60,0.93,,
2018-10-04,-1.22,1.06,,
2018-10-05,-1.89,1.32,,
2018-10-06,-2.29,1.17,,
2018-10-07,-2.23,0.73,,
2018-10-08,-1.33,0.97,,
2018-10-09,-1.83,1.59,,
2018-10-10,-2.58,1.26,,
2018-10-11,-2.49,0.96,,
2018-10-12,-2.34,1.19,,
2018-10-13,-1.57,1.51,,
2018-10-14,-1.62,1.01,,
2018-10-15,-2.49,0.86,,
2018-10-16,-3.13,1.20,,
2018-10-17,-3.18,0.97,,
2018-10-18,-3.61,0.64,,
2018-10-19,-2.94,0.68,,
2018-10-20,-2.52,0.72,,
2018-10-21,-2.05,0.51,,
2018-10-22,-2.42,0.04,,
2018-10-23,-2.48,0.95,,
2018-10-24,-1.99,1.19,,
2018-10-25,-2.03,0.90,,
2018-10-26,-2.62,1.17,,
2018-10-27,-2.73,1.27,,
2018-10-28,-2.23,0.99,,
2018-10-29,-2.16,0.66,,
2018-10-30,1.24,-0.66,,
2018-10-31,-1.43,-0.07,,
2018-11-01,-2.61,1.11,,
2018-11-02,-2.80,1.25,,
2018-11-03,-3.47,1.06,,
2018-11-04,-2.51,1.12,,
2018-11-05,-2.15,1.14,,
2018-11-06,-2.58,0.89,,
2018-11-07,-2.28,1.54,,
2018-11-08,-2.63,0.86,,
2018-11-09,-2.17,0.70,,
2018-11-10,-2.07,0.33,,
2018-11-11,-1.97,-0.14,,
2018-11-12,-2.96,0.91,,
2018-11-13,-3.27,1.67,,
2018-11-14,-2.63,1.17,,
2018-11-15,-2.70,1.75,,
2018-11-16,-2.55,1.48,,
2018-11-17,-2.45,1.36,,
2018-11-18,-2.99,1.53,,
2018-11-19,-3.24,1.58,,
2018-11-20,-3.11,1.94,,
2018-11-21,-2.71,1.32,,
2018-11-22,-2.24,1.19,,
2018-11-23,-2.08,1.20,,
2018-11-24,0.93,1.29,,
2018-11-25,1.38,0.48,,
2018-11-26,-1.97,0.60,,
2018-11-27,-2.04,1.38,,
2018-11-28,1.48,1.04,,
2018-11-29,1.02,-1.40,,
2018-11-30,-1.91,-0.07,,
2018-12-01,-2.59,1.44,,
2018-12-02,-3.10,1.72,,
2018-12-03,-2.97,1.85,,
2018-12-04,-2.28,1.54,,
2018-12-05,-2.73,1.77,,
2018-12-06,-2.40,1.62,,
2018-12-07,-2.67,1.60,,
2018-12-08,-3.05,1.29,,
2018-12-09,-3.18,1.84,,
2018-12-10,-2.76,2.31,,
2018-12-11,-2.13,1.98,,
2018-12-12,-1.94,1.12,,
2018-12-13,-2.87,1.10,,
2018-12-14,-3.11,2.02,,
2018-12-15,-3.00,1.73,,
2018-12-16,-2.59,1.56,,
2018-12-17,-1.48,1.08,,
2018-12-18,-0.27,1.90,,
2018-12-19,-2.00,1.30,,
2018-12-20,-2.57,2.40,,
2018-12-21,-2.92,1.76,,
2018-12-22,-2.60,1.33,,
2018-12-23,-2.35,1.25,,
2018-12-24,-2.58,1.55,,
2018-12-25,-3.01,1.40,,
2018-12-26,-3.03,1.48,,
2018-12-27,-4.17,1.69,,
2018-12-28,-4.20,1.78,,
2018-12-29,-4.52,1.30,,
2018-12-30,-3.72,1.50,,
2018-12-31,-3.50,1.41,,
2019-01-01,-3.93,1.59,,
2019-01-02,-3.42,1.82,,
2019-01-03,-3.16,1.75,,
2019-01-04,-3.16,2.21,,
2019-01-05,-3.20,1.85,,
2019-01-06,-2.78,1.35,,
2019-01-07,-2.57,1.61,,
2019-01-08,-2.96,1.08,,
2019-01-09,-2.64,1.65,,
2019-01-10,1.69,1.69,,
2019-01-11,-0.21,-1.07,,
2019-01-12,-1.53,0.11,,
2019-01-13,-2.72,0.63,,
2019-01-14,-2.67,1.19,,
2019-01-15,-2.29,1.73,,
2019-01-16,-2.01,1.46,,
2019-01-17,-2.49,1.21,,
2019-01-18,-2.12,1.49,,
2019-01-19,-2.61,1.44,,
2019-01-20,-2.80,1.89,,
2019-01-21,-2.20,1.32,,
2019-01-22,-2.95,1.38,,
2019-01-23,-4.59,1.31,,
2019-01-24,-4.09,1.65,,
2019-01-25,-3.30,1.61,,
2019-01-26,-3.22,1.71,,
2019-01-27,-2.89,2.60,,
2019-01-28,-2.02,1.82,,
2019-01-29,-2.26,1.47,,
2019-01-30,-2.72,1.16,,
2019-01-31,-3.09,1.13,,
2019-02-01,-3.41,1.04,,
2019-02-02,-3.31,1.54,,
2019-02-03,-3.26,1.66,,
2019-02-04,-2.31,0.79,,
2019-02-05,1.80,-0.38,,
2019-02-06,0.23,-1.64,,
2019-02-07,-1.80,-0.22,,
2019-02-08,-2.13,0.49,,
2019-02-09,-2.64,0.18,,
2019-02-10,-2.78,0.90,,
2019-02-11,-3.57,1.30,,
2019-02-12,-3.22,1.64,,
2019-02-13,-2.77,2.16,,
2019-02-14,-1.89,1.09,,
2019-02-15,0.73,1.71,,
2019-02-16,-0.78,1.26,,
2019-02-17,-2.02,1.17,,
2019-02-18,-3.33,1.21,,
2019-02-19,-3.96,1.44,,
2019-02-20,-4.16,1.27,,
2019-02-21,-4.13,1.67,,
2019-02-22,-4.13,1.34,,
2019-02-23,-4.58,0.97,,
2019-02-24,-3.95,1.44,,
2019-02-25,-3.79,1.38,,
2019-02-26,-4.25,0.83,,
2019-02-27,-4.08,1.17,,
2019-02-28,-3.17,1.69,,
2019-03-01,-3.18,1.09,,
2019-03-02,-3.65,1.33,,
2019-03-03,-3.50,1.34,,
2019-03-04,-3.36,1.16,,
2019-03-05,-3.30,0.95,,
2019-03-06,-2.07,0.29,,
2019-03-07,-2.41,-0.08,,
2019-03-08,-2.90,0.46,,
2019-03-09,-3.34,0.96,,
2019-03-10,-3.86,0.89,,
2019-03-11,-3.52,1.14,,
2019-03-12,-2.61,0.46,,
2019-03-13,-2.57,-0.27,,
2019-03-14,-2.88,0.67,,
2019-03-15,-2.98,0.80,,
2019-03-16,-3.68,1.06,,
2019-03-17,-3.07,1.06,,
2019-03-18,-2.79,1.07,,
2019-03-19,-3.23,0.99,,
2019-03-20,-2.10,0.77,,
2019-03-21,1.24,-1.19,,
2019-03-22,1.75,-1.09,,
2019-03-23,-2.41,0.56,,
2019-03-24,-3.31,0.58,,
2019-03-25,-2.69,0.82,,
2019-03-26,-0.41,1.66,,
2019-03-27,1.94,0.03,,
2019-03-28,1.10,0.89,,
2019-03-29,1.74,-1.46,,
2019-03-30,-1.76,-0.54,,
2019-03-31,-2.20,0.27,,
2019-04-01,-2.84,0.50,,
2019-04-02,-3.38,0.78,,
2019-04-03,-2.91,0.62,,
2019-04-04,-3.38,1.03,,
2019-04-05,-3.45,1.33,,
2019-04-06,-3.28,1.53,,
2019-04-07,-3.68,1.06,,
2019-04-08,-3.45,1.33,,
2019-04-09,-3.53,1.35,,
2019-04-10,-2.32,1.03,,
2019-04-11,-2.37,1.21,,
2019-04-12,-2.91,1.55,,
2019-04-13,-3.72,1.28,,
2019-04-14,-4.20,0.97,,
2019-04-15,-3.93,0.76,,
2019-04-16,-3.52,0.81,,
2019-04-17,-3.63,1.04,,
2019-04-18,-4.00,1.00,,
2019-04-19,-4.24,1.38,,
2019-04-20,-3.95,1.60,,
2019-04-21,-3.78,1.23,,
2019-04-22,-3.15,0.96,,
2019-04-23,-2.99,0.37,,
2019-04-24,-2.76,0.44,,
2019-04-25,-3.26,0.81,,
2019-04-26,-3.70,0.85,,
2019-04-27,-2.23,0.04,,
2019-04-28,-2.79,0.64,,
2019-04-29,-2.85,1.04,,
2019-04-30,-3.58,1.52,,
2019-05-01,-3.91,1.12,,
2019-05-02,-4.19,1.36,,
2019-05-03,-4.35,1.33,,
2019-05-04,-4.18,1.28,,
2019-05-05,-4.00,1.07,,
2019-05-06,-3.67,1.12,,
2019-05-07,-3.62,0.97,,
2019-05-08,-3.84,0.68,,
2019-05-09,-3.85,0.61,,
2019-05-10,-3.48,0.80,,
2019-05-11,-3.08,0.49,,
2019-05-12,-2.26,0.96,,
2019-05-13,-2.42,1.34,,
2019-05-14,-1.19,1.70,,
2019-05-15,0.71,-1.86,,
2019-05-16,-1.52,-0.64,,
2019-05-17,-2.53,0.58,,
2019-05-18,-3.18,0.73,,
2019-05-19,-2.93,0.52,,
2019-05-20,-2.19,1.02,,
2019-05-21,-0.06,1.63,,
2019-05-22,-1.29,0.87,,
2019-05-23,-1.97,-0.07,,
2019-05-24,-2.44,0.84,,
2019-05-25,-2.41,0.92,,
2019-05-26,-2.85,0.66,,
2019-05-27,-2.86,0.56,,
2019-05-28,-1.82,1.01,,
2019-05-29,-1.76,0.71,,
2019-05-30,-1.89,1.00,,
2019-05-31,-2.68,1.25,,
2019-06-01,-3.30,1.14,,
2019-06-02,-3.48,1.13,,
2019-06-03,-2.97,0.79,,
2019-06-04,-1.88,0.50,,
2019-06-05,-1.88,0.50,,
2019-06-06,0.21,1.47,,
2019-06-07,0.75,1.20,,
2019-06-08,-1.36,1.46,,
2019-06-09,-2.35,1.52,,
2019-06-10,-2.55,1.03,,
2019-06-11,-2.98,1.20,,
2019-06-12,-3.33,1.02,,
2019-06-13,-3.89,1.04,,
2019-06-14,-3.94,0.84,,
2019-06-15,-3.42,1.11,,
2019-06-16,-3.72,0.93,,
2019-06-17,-3.91,0.97,,
2019-06-18,-4.38,1.01,,
2019-06-19,-4.06,1.56,,
2019-06-20,-3.87,1.89,,
2019-06-21,-3.81,1.31,,
2019-06-22,-3.24,0.99,,
2019-06-23,-3.47,0.49,,
2019-06-24,-3.60,0.38,,
2019-06-25,-3.40,0.54,,
2019-06-26,-2.60,0.41,,
2019-06-27,-3.48,0.80,,
2019-06-28,-3.90,1.12,,
2019-06-29,-3.82,1.17,,
2019-06-30,-3.89,0.76,,
2019-07-01,-3.56,0.56,,
2019-07-02,-2.14,-0.57,,
2019-07-03,-2.41,0.51,,
2019-07-04,-3.36,1.22,,
2019-07-05,-4.06,1.32,,
2019-07-06,-4.17,0.96,,
2019-07-07,-3.70,1.06,,
2019-07-08,-3.51,1.21,,
2019-07-09,-3.00,1.40,,
2019-07-10,-3.38,1.30,,
2019-07-11,-3.81,0.54,,
2019-07-12,-3.82,1.02,,
2019-07-13,-3.73,0.66,,
2019-07-14,-3.69,0.85,,
2019-07-15,-3.78,0.73,,
2019-07-16,-3.60,1.03,,
2019-07-17,-3.30,0.64,,
2019-07-18,-3.51,1.28,,
2019-07-19,-3.77,1.15,,
2019-07-20,-3.27,0.64,,
2019-07-21,-2.95,0.68,,
2019-07-22,-3.59,1.16,,
2019-07-23,-2.79,1.55,,
2019-07-24,-3.45,0.73,,
2019-07-25,-3.63,0.84,,
2019-07-26,-3.86,0.89,,
2019-07-27,-3.71,0.79,,
2019-07-28,-2.94,0.57,,
2019-07-29,-3.11,0.55,,
2019-07-30,-3.50,0.81,,
2019-07-31,-3.10,1.01,,
2019-08-01,-2.74,1.28,,
2019-08-02,-3.42,0.73,,
2019-08-03,-3.16,1.09,,
2019-08-04,-3.45,0.99,,
2019-08-05,-4.03,1.31,,
2019-08-06,-4.14,1.27,,
2019-08-07,-3.38,0.97,,
2019-08-08,-2.31,0.49,,
2019-08-09,-2.32,0.71,,
2019-08-10,-2.53,0.92,,
2019-08-11,-3.67,0.71,,
2019-08-12,-3.46,1.06,,
2019-08-13,-3.35,1.15,,
2019-08-14,-3.74,1.00,,
2019-08-15,-3.82,1.09,,
2019-08-16,-3.58,0.63,,
2019-08-17,-2.82,0.45,,
2019-08-18,-2.85,1.04,,
2019-08-19,-3.52,1.14,,
2019-08-20,-3.34,0.77,,
2019-08-21,-3.63,0.64,,
2019-08-22,-3.37,0.97,,
2019-08-23,-3.20,1.63,,
2019-08-24,-3.44,0.86,,
2019-08-25,-3.47,0.68,,
2019-08-26,-3.36,0.71,,
2019-08-27,-2.65,0.09,,
2019-08-28,-3.14,0.78,,
2019-08-29,-2.36,0.33,,
2019-08-30,-1.14,1.18,,
2019-08-31,-1.53,2.10,,
2019-09-01,-2.43,0.47,,
2019-09-02,-2.54,0.88,,
2019-09-03,-2.65,0.81,,
2019-09-04,-3.40,0.72,,
2019-09-05,-3.69,0.85,,
2019-09-06,-3.27,0.58,,
2019-09-07,-2.79,0.49,,
2019-09-08,-2.46,0.80,,
2019-09-09,-2.15,0.26,,
2019-09-10,-1.26,1.14,,
2019-09-11,-2.21,0.63,,
2019-09-12,-2.37,0.73,,
2019-09-13,-2.24,0.48,,
2019-09-14,-2.96,0.91,,
2019-09-15,-3.41,0.73,,
2019-09-16,-2.87,0.66,,
2019-09-17,-1.97,1.38,,
2019-09-18,-0.88,1.52,,
2019-09-19,-2.26,1.47,,
2019-09-20,-3.06,1.36,,
2019-09-21,-1.95,1.04,,
2019-09-22,0.63,-0.96,,
2019-09-23,1.25,0.36,,
2019-09-24,1.36,0.24,,
2019-09-25,-0.91,0.41,,
2019-09-26,1.24,0.29,,
2019-09-27,0.95,0.51,,
2019-09-28,1.30,-0.23,,
2019-09-29,1.08,-0.57,,
2019-09-30,-1.09,0.31,,
2019-10-01,-0.00,1.13,,
2019-10-02,1.03,0.87,,
2019-10-03,0.85,0.98,,
2019-10-04,1.06,-0.61,,
2019-10-05,0.65,1.04,,
2019-10-06,-1.67,0.64,,
2019-10-07,-2.58,1.49,,
2019-10-08,-2.71,1.57,,
2019-10-09,-2.73,1.22,,
2019-10-10,-2.50,1.33,,
2019-10-11,-2.04,1.23,,
2019-10-12,-2.03,0.70,,
2019-10-13,-1.89,1.38,,
2019-10-14,-1.99,0.76,,
2019-10-15,-1.65,0.81,,
2019-10-16,-1.85,0.86,,
2019-10-17,-2.14,0.91,,
2019-10-18,-2.65,1.13,,
2019-10-19,-2.60,1.62,,
2019-10-20,-2.60,1.16,,
2019-10-21,-2.46,0.85,,
2019-10-22,-2.35,0.54,,
2019-10-23,-1.70,0.83,,
2019-10-24,-2.17,1.41,,
2019-10-25,-2.74,1.40,,
2019-10-26,-2.74,1.40,,
2019-10-27,-2.58,1.09,,
2019-10-28,-2.98,0.69,,
2019-10-29,-2.69,0.57,,
2019-10-30,-2.06,0.92,,
2019-10-31,-2.26,0.69,,
2019-11-01,-2.79,0.59,,
2019-11-02,-2.37,0.73,,
2019-11-03,-2.33,0.67,,
2019-11-04,-2.45,0.61,,
2019-11-05,-2.60,1.00,,
2019-11-06,-2.96,1.32,,
2019-11-07,-2.87,1.10,,
2019-11-08,-2.93,1.43,,
2019-11-09,-1.96,1.37,,
2019-11-10,1.39,0.94,,
2019-11-11,-1.13,0.82,,
2019-11-12,-1.82,1.01,,
2019-11-13,-1.17,1.22,,
2019-11-14,-2.05,0.87,,
2019-11-15,-2.45,1.04,,
2019-11-16,-2.07,1.20,,
2019-11-17,0.57,1.87,,
2019-11-18,1.37,0.42,,
2019-11-19,-1.14,1.27,,
2019-11-20,2.06,-0.51,,
2019-11-21,0.94,-2.33,,
2019-11-22,-1.90,-1.59,,
2019-11-23,-2.71,0.43,,
2019-11-24,-1.99,1.86,,
2019-11-25,-0.98,1.92,,
2019-11-26,-2.01,1.46,,
2019-11-27,-2.65,0.42,,
2019-11-28,-1.33,-1.00,,
2019-11-29,2.07,-1.62,,
2019-11-30,1.00,-2.26,,
2019-12-01,-2.61,0.75,,
2019-12-02,-1.11,1.59,,
2019-12-03,1.63,0.76,,
2019-12-04,-0.99,0.89,,
2019-12-05,0.77,1.38,,
2019-12-06,0.05,1.54,,
2019-12-07,-1.14,-0.02,,
2019-12-08,-1.35,-0.19,,
2019-12-09,-2.62,1.06,,
2019-12-10,-2.93,1.43,,
2019-12-11,-2.55,1.42,,
2019-12-12,-2.05,0.71,,
2019-12-13,-2.63,1.17,,
2019-12-14,-2.36,1.98,,
2019-12-15,-1.61,1.45,,
2019-12-16,-3.38,1.30,,
2019-12-17,-3.48,1.70,,
2019-12-18,-2.47,2.38,,
2019-12-19,-2.05,1.91,,
2019-12-20,-2.31,1.50,,
2019-12-21,-2.62,1.39,,
2019-12-22,-2.76,1.41,,
2019-12-23,-2.52,1.83,,
2019-12-24,-1.63,1.63,,
2019-12-25,2.34,-0.41,,
2019-12-26,0.90,-1.93,,
2019-12-27,-1.98,-0.24,,
2019-12-28,-2.31,1.34,,
2019-12-29,-3.46,0.61,,
2019-12-30,-3.21,0.86,,
2019-12-31,-2.48,1.55,,
2020-01-01,-2.03,0.82,,
2020-01-02,-1.93,0.70,,
2020-01-03,-2.81,1.25,,
2020-01-04,-2.95,1.63,,
2020-01-05,-1.90,0.97,,
2020-01-06,-1.38,-1.29,,
2020-01-07,-2.25,1.70,,
2020-01-08,-2.24,1.34,,
2020-01-09,-3.70,1.13,,
2020-01-10,-4.82,1.47,,
2020-01-11,-4.72,1.72,,
2020-01-12,-4.37,1.34,,
2020-01-13,-4.44,1.27,,
2020-01-14,-4.35,1.08,,
2020-01-15,-3.08,1.24,,
2020-01-16,-3.16,1.41,,
2020-01-17,-2.39,0.21,,
2020-01-18,-4.03,-0.64,,
2020-01-19,-4.62,1.33,,
2020-01-20,-2.77,1.80,,
2020-01-21,-1.53,1.00,,
2020-01-22,1.54,1.39,,
2020-01-23,2.99,-1.33,,
2020-01-24,1.75,-0.31,,
2020-01-25,-1.43,0.25,,
2020-01-26,-1.46,0.47,,
2020-01-27,-1.32,0.76,,
2020-01-28,1.64,-0.41,,
2020-01-29,-1.20,0.94,,
2020-01-30,-1.20,1.42,,
2020-01-31,0.29,1.85,,
2020-02-01,-2.93,1.76,,
2020-02-02,2.50,-0.72,,
2020-02-03,-1.61,-2.39,,
2020-02-04,-3.33,0.59,,
2020-02-05,-3.25,0.99,,
2020-02-06,-3.00,2.02,,
2020-02-07,-3.23,2.90,,
2020-02-08,-3.31,1.69,,
2020-02-09,-3.60,1.75,,
2020-02-10,-3.20,1.42,,
2020-02-11,-3.56,1.82,,
2020-02-12,-3.76,1.75,,
2020-02-13,-3.92,1.27,,
2020-02-14,-3.62,1.77,,
2020-02-15,-3.31,1.20,,
2020-02-16,-3.16,1.21,,
2020-02-17,-3.71,1.42,,
2020-02-18,-3.66,1.48,,
2020-02-19,-3.92,1.51,,
2020-02-20,-3.35,1.35,,
2020-02-21,-2.21,1.49,,
2020-02-22,2.02,0.74,,
2020-02-23,0.36,-2.59,,
2020-02-24,-3.11,-0.78,,
2020-02-25,-3.44,1.53,,
2020-02-26,-3.06,1.49,,
2020-02-27,-2.24,1.00,,
2020-02-28,-1.86,0.36,,
2020-02-29,-1.98,-0.14,,
2020-03-01,-2.47,-2.15,,
2020-03-02,-3.94,-1.67,,
2020-03-03,-4.49,0.79,,
2020-03-04,-3.42,1.59,,
2020-03-05,-3.32,1.41,,
2020-03-06,-3.25,1.45,,
2020-03-07,-1.16,1.43,,
2020-03-08,-2.73,-2.64,,
2020-03-09,-4.34,-0.84,,
2020-03-10,-2.94,0.84,,
2020-03-11,-2.25,1.15,,
2020-03-12,-1.29,1.09,,
2020-03-13,-1.87,0.20,,
2020-03-14,-2.29,-0.00,,
2020-03-15,-2.63,-0.09,,
2020-03-16,-1.97,-1.83,,
2020-03-17,-2.35,-1.20,,
2020-03-18,-2.65,-0.00,,
2020-03-19,-3.56,0.37,,
2020-03-20,-3.79,0.27,,
2020-03-21,-3.59,0.63,,
2020-03-22,-3.20,1.17,,
2020-03-23,-3.43,1.39,,
2020-03-24,-3.10,1.13,,
2020-03-25,-3.22,1.44,,
2020-03-26,-2.04,0.78,,
2020-03-27,-1.01,-1.05,,
2020-03-28,-2.69,0.72,,
2020-03-29,-3.48,1.27,,
2020-03-30,-3.35,1.15,,
2020-03-31,-3.04,1.11,,
2020-04-01,-0.13,1.89,,
2020-04-02,1.51,-0.38,,
2020-04-03,0.96,-0.86,,
2020-04-04,-0.43,-1.51,,
2020-04-05,-1.95,-0.60,,
2020-04-06,-2.61,0.51,,
2020-04-07,-2.67,-0.05,,
2020-04-08,-2.60,0.18,,
2020-04-09,-2.17,0.42,,
2020-04-10,-0.72,-1.19,,
2020-04-11,-0.82,-1.37,,
2020-04-12,-3.25,0.63,,
2020-04-13,-3.97,0.84,,
2020-04-14,-3.61,0.77,,
2020-04-15,-3.32,1.01,,
2020-04-16,-3.11,1.01,,
2020-04-17,-3.08,0.94,,
2020-04-18,-3.41,0.91,,
2020-04-19,-3.04,0.82,,
2020-04-20,-3.21,1.43,,
2020-04-21,-2.81,1.08,,
2020-04-22,-2.07,-0.11,,
2020-04-23,-3.35,0.90,,
2020-04-24,-3.85,1.11,,
2020-04-25,-3.68,0.99,,
2020-04-26,-3.65,0.91,,
2020-04-27,-3.49,1.27,,
2020-04-28,-3.21,0.51,,
2020-04-29,-3.83,0.96,,
2020-04-30,-3.54,0.95,,
2020-05-01,-2.81,1.37,,
2020-05-02,-2.44,0.52,,
2020-05-03,-2.47,0.09,,
2020-05-04,-2.29,0.66,,
2020-05-05,-1.89,0.76,,
2020-05-06,-2.35,1.20,,
2020-05-07,-1.31,1.06,,
2020-05-08,-2.14,0.91,,
2020-05-09,-2.79,2.43,,
2020-05-10,-3.63,2.18,,
2020-05-11,-3.40,1.24,,
2020-05-12,-2.75,0.74,,
2020-05-13,-3.09,0.60,,
2020-05-14,-3.00,0.97,,
2020-05-15,-3.67,1.34,,
2020-05-16,-3.67,1.48,,
2020-05-17,-3.78,1.30,,
2020-05-18,-3.09,0.83,,
2020-05-19,-2.95,0.79,,
2020-05-20,-2.81,0.45,,
2020-05-21,-2.82,0.45,,
2020-05-22,-2.57,0.55,,
2020-05-23,-2.21,0.43,,
2020-05-24,-2.54,0.73,,
2020-05-25,-3.15,1.15,,
2020-05-26,-3.35,0.77,,
2020-05-27,-2.91,0.51,,
2020-05-28,-2.14,0.26,,
2020-05-29,-1.62,0.79,,
2020-05-30,-1.33,0.12,,
2020-05-31,-2.13,0.99,,
2020-06-01,-2.60,0.65,,
2020-06-02,-2.91,1.18,,
2020-06-03,-3.09,1.06,,
2020-06-04,-3.73,1.21,,
2020-06-05,-4.09,1.41,,
2020-06-06,-3.95,1.21,,
2020-06-07,-3.45,1.12,,
2020-06-08,-3.13,0.78,,
2020-06-09,-3.06,0.76,,
2020-06-10,-2.55,0.50,,
2020-06-11,-2.26,0.52,,
2020-06-12,-2.05,0.44,,
2020-06-13,-0.93,1.24,,
2020-06-14,-1.48,1.29,,
2020-06-15,-2.85,1.33,,
2020-06-16,-3.49,0.61,,
2020-06-17,-3.64,1.04,,
2020-06-18,-3.64,0.84,,
2020-06-19,-3.45,0.86,,
2020-06-20,-3.55,0.82,,
2020-06-21,-3.27,1.13,,
2020-06-22,-3.61,0.77,,
2020-06-23,-3.46,0.93,,
2020-06-24,-3.09,0.60,,
2020-06-25,-3.83,0.54,,
2020-06-26,-3.84,0.89,,
2020-06-27,-3.38,0.84,,
2020-06-28,-3.12,0.66,,
2020-06-29,-3.00,0.21,,
2020-06-30,-2.84,0.55,,
2020-07-01,-2.65,1.02,,
2020-07-02,-2.67,0.87,,
2020-07-03,-2.68,0.87,,
2020-07-04,-2.65,0.81,,
2020-07-05,-3.04,0.70,,
2020-07-06,-3.66,0.78,,
2020-07-07,-3.25,0.57,,
2020-07-08,-3.02,1.22,,
2020-07-09,-3.29,1.68,,
2020-07-10,-3.64,0.98,,
2020-07-11,-3.76,0.94,,
2020-07-12,-3.59,0.96,,
2020-07-13,-3.33,0.83,,
2020-07-14,-3.83,1.03,,
2020-07-15,-3.58,0.44,,
2020-07-16,-3.30,0.52,,
2020-07-17,-3.40,0.54,,
2020-07-18,-3.32,0.59,,
2020-07-19,-2.99,1.03,,
2020-07-20,-3.71,0.99,,
2020-07-21,-3.51,0.88,,
2020-07-22,-3.50,0.81,,
2020-07-23,-3.44,1.05,,
2020-07-24,-3.23,1.05,,
2020-07-25,-3.52,1.28,,
2020-07-26,-3.11,0.83,,
2020-07-27,-3.30,0.40,,
2020-07-28,-3.39,0.66,,
2020-07-29,-3.16,0.50,,
2020-07-30,-5.60,-1.40,,
2020-07-31,-4.90,2.95,,
2020-08-01,-4.06,1.56,,
2020-08-02,-3.36,0.84,,
2020-08-03,-3.21,0.92,,
2020-08-04,-3.39,1.37,,
2020-08-05,-3.38,1.03,,
2020-08-06,-3.11,0.78,,
2020-08-07,-3.26,0.87,,
2020-08-08,-3.50,0.62,,
2020-08-09,-3.53,0.94,,
2020-08-10,-3.37,0.47,,
2020-08-11,-3.36,0.90,,
2020-08-12,-3.44,1.05,,
2020-08-13,-3.78,0.67,,
2020-08-14,-3.39,0.78,,
2020-08-15,-3.05,0.87,,
2020-08-16,-2.80,0.86,,
2020-08-17,-2.52,0.82,,
2020-08-18,-3.38,0.78,,
2020-08-19,-3.49,1.34,,
2020-08-20,-3.52,1.14,,
2020-08-21,-3.20,1.10,,
2020-08-22,-1.94,0.45,,
2020-08-23,-5.04,1.94,,
2020-08-24,-3.59,1.10,,
2020-08-25,-2.46,0.75,,
2020-08-26,-2.71,0.99,,
2020-08-27,-3.26,1.00,,
2020-08-28,-3.26,0.81,,
2020-08-29,-2.86,0.56,,
2020-08-30,-2.53,0.68,,
2020-08-31,-3.21,1.17,,
2020-09-01,-2.87,0.72,,
2020-09-02,-3.61,1.10,,
2020-09-03,-3.23,0.63,,
2020-09-04,-2.75,1.22,,
2020-09-05,-2.89,0.77,,
2020-09-06,-3.08,1.06,,
2020-09-07,-3.11,0.95,,
2020-09-08,-2.31,0.89,,
2020-09-09,-1.92,0.78,,
2020-09-10,-2.73,0.89,,
2020-09-11,-2.52,0.77,,
2020-09-12,-2.57,0.99,,
2020-09-13,-2.37,0.68,,
2020-09-14,-1.75,0.97,,
2020-09-15,-1.66,1.08,,
2020-09-16,-2.12,0.69,,
2020-09-17,-2.07,0.59,,
2020-09-18,-2.00,0.18,,
2020-09-19,-1.77,-0.38,,
2020-09-20,-1.00,-1.11,,
2020-09-21,1.60,-0.55,,
2020-09-22,1.67,0.74,,
2020-09-23,-1.11,0.72,,
2020-09-24,-0.81,1.52,,
2020-09-25,-1.83,1.24,,
2020-09-26,-2.21,0.59,,
2020-09-27,-2.35,0.63,,
2020-09-28,-1.91,1.44,,
2020-09-29,-2.70,1.75,,
2020-09-30,-2.50,1.88,,
2020-10-01,-2.87,1.59,,
2020-10-02,-3.54,1.58,,
2020-10-03,-3.72,1.81,,
2020-10-04,-3.31,1.84,,
2020-10-05,-3.04,1.48,,
2020-10-06,-3.64,1.11,,
2020-10-07,-2.64,1.59,,
2020-10-08,-2.22,1.39,,
2020-10-09,-2.42,0.78,,
2020-10-10,-2.42,0.69,,
2020-10-11,-2.44,0.56,,
2020-10-12,-1.92,1.02,,
2020-10-13,-2.30,1.07,,
2020-10-14,-2.08,0.44,,
2020-10-15,-2.27,0.97,,
2020-10-16,-2.90,1.17,,
2020-10-17,-2.75,1.06,,
2020-10-18,-2.98,0.80,,
2020-10-19,-2.40,0.92,,
2020-10-20,-2.04,0.62,,
2020-10-21,-1.88,1.18,,
2020-10-22,-1.42,1.03,,
2020-10-23,-1.73,1.12,,
2020-10-24,-2.79,1.81,,
2020-10-25,-3.55,2.30,,
2020-10-26,-3.38,1.43,,
2020-10-27,-2.97,1.02,,
2020-10-28,-3.34,0.96,,
2020-10-29,-2.84,1.26,,
2020-10-30,-2.88,1.22,,
2020-10-31,-2.90,1.54,,
2020-11-01,-3.66,1.26,,
2020-11-02,-2.88,1.60,,
2020-11-03,-2.20,1.07,,
2020-11-04,-2.52,1.51,,
2020-11-05,-2.98,1.20,,
2020-11-06,-2.93,0.68,,
2020-11-07,-2.21,1.08,,
2020-11-08,-2.69,2.03,,
2020-11-09,-1.88,1.63,,
2020-11-10,-2.60,0.95,,
2020-11-11,-4.30,0.60,,
2020-11-12,-3.79,1.45,,
2020-11-13,-3.19,1.63,,
2020-11-14,-2.95,1.19,,
2020-11-15,-2.81,1.43,,
2020-11-16,-2.24,1.63,,
2020-11-17,-2.46,1.54,,
2020-11-18,-2.05,1.09,,
2020-11-19,-2.10,0.94,,
2020-11-20,-2.01,1.21,,
2020-11-21,-1.87,1.17,,
2020-11-22,0.18,1.73,,
2020-11-23,1.14,1.26,,
2020-11-24,1.36,-1.14,,
2020-11-25,-2.70,-0.67,,
2020-11-26,-2.37,0.12,,
2020-11-27,-1.54,0.03,,
2020-11-28,-2.15,1.00,,
2020-11-29,-2.12,1.54,,
2020-11-30,-2.30,2.14,,
2020-12-01,-1.96,1.65,,
2020-12-02,-2.09,0.72,,
2020-12-03,-1.88,0.72,,
2020-12-04,-2.38,1.73,,
2020-12-05,-2.54,1.85,,
2020-12-06,-2.20,1.72,,
2020-12-07,-1.64,1.82,,
2020-12-08,1.30,1.60,,
2020-12-09,1.57,-0.60,,
2020-12-10,-2.38,-2.07,,
2020-12-11,-1.89,0.13,,
2020-12-12,-2.26,1.41,,
2020-12-13,-2.44,1.19,,
2020-12-14,-2.62,1.01,,
2020-12-15,-2.21,1.03,,
2020-12-16,-1.93,1.21,,
2020-12-17,-2.50,0.86,,
2020-12-18,-2.24,1.24,,
2020-12-19,-1.81,0.59,,
2020-12-20,-2.51,1.02,,
2020-12-21,-2.35,1.91,,
2020-12-22,-2.48,1.55,,
2020-12-23,-3.17,1.15,,
2020-12-24,-3.61,1.39,,
2020-12-25,-2.41,1.50,,
2020-12-26,-1.42,1.20,,
2020-12-27,-1.25,0.84,,
2020-12-28,0.47,-1.10,,
2020-12-29,1.06,-2.18,,
2020-12-30,-2.85,-0.35,,
2020-12-31,-3.66,1.48,,
2021-01-01,-3.43,1.60,,
2021-01-02,-3.51,1.71,,
2021-01-03,-2.94,1.50,,
2021-01-04,-2.56,2.15,,
2021-01-05,-1.76,1.89,,
2021-01-06,-1.24,1.24,,
2021-01-07,-2.03,1.32,,
2021-01-08,-2.03,1.58,,
2021-01-09,0.60,1.64,,
2021-01-10,-1.83,0.32,,
2021-01-11,-2.99,1.59,,
2021-01-12,-3.14,1.60,,
2021-01-13,-3.04,1.76,,
2021-01-14,-2.19,1.77,,
2021-01-15,-0.93,1.76,,
2021-01-16,-1.92,1.11,,
2021-01-17,-2.40,1.12,,
2021-01-18,-1.68,1.46,,
2021-01-19,-2.97,1.39,,
2021-01-20,-2.80,0.86,,
2021-01-21,-1.97,0.49,,
2021-01-22,-2.23,0.99,,
2021-01-23,-2.54,1.08,,
2021-01-24,-2.45,1.53,,
2021-01-25,-2.89,1.11,,
2021-01-26,-3.17,1.91,,
2021-01-27,-3.19,1.29,,
2021-01-28,-1.98,1.55,,
2021-01-29,0.97,-2.27,,
2021-01-30,-3.02,-1.54,,
2021-01-31,-4.01,1.00,,
2021-02-01,-2.16,1.63,,
2021-02-02,0.75,1.96,,
2021-02-03,0.86,-1.38,,
2021-02-04,-2.04,-1.04,,
2021-02-05,-3.16,0.73,,
2021-02-06,-3.31,1.76,,
2021-02-07,-3.27,1.46,,
2021-02-08,-3.15,1.15,,
2021-02-09,-3.80,1.31,,
2021-02-10,-3.27,1.32,,
2021-02-11,-3.51,1.28,,
2021-02-12,-3.07,1.57,,
2021-02-13,-3.43,1.75,,
2021-02-14,-3.59,1.83,,
2021-02-15,-3.77,1.68,,
2021-02-16,-3.93,1.75,,
2021-02-17,-3.55,1.89,,
2021-02-18,-3.83,1.55,,
2021-02-19,-3.37,1.79,,
2021-02-20,-3.27,1.60,,
2021-02-21,-3.00,0.80,,
2021-02-22,-3.16,1.03,,
2021-02-23,-3.15,1.53,,
2021-02-24,-3.16,1.41,,
2021-02-25,-3.49,1.63,,
2021-02-26,-3.84,1.55,,
2021-02-27,-4.37,1.09,,
2021-02-28,-4.80,1.11,,
2021-03-01,-4.27,0.91,,
2021-03-02,-3.46,1.54,,
2021-03-03,-2.74,2.22,,
2021-03-04,1.31,1.56,,
2021-03-05,1.35,1.31,,
2021-03-06,0.44,-1.53,,
2021-03-07,-0.43,1.74,,
2021-03-08,1.61,-1.56,,
2021-03-09,-3.80,-1.38,,
2021-03-10,-3.97,-0.00,,
2021-03-11,-1.93,0.45,,
2021-03-12,-2.17,0.46,,
2021-03-13,-1.43,-0.70,,
2021-03-14,-2.66,0.23,,
2021-03-15,-2.21,1.03,,
2021-03-16,-3.21,0.34,,
2021-03-17,-3.46,1.40,,
2021-03-18,-3.74,1.36,,
2021-03-19,-3.33,1.70,,
2021-03-20,-3.15,1.60,,
2021-03-21,-3.19,1.42,,
2021-03-22,-2.50,1.22,,
2021-03-23,-1.86,0.75,,
2021-03-24,-2.68,1.03,,
2021-03-25,-3.44,1.19,,
2021-03-26,-3.76,1.22,,
2021-03-27,-4.08,0.79,,
2021-03-28,-3.98,1.29,,
2021-03-29,-3.68,1.41,,
2021-03-30,-4.40,1.26,,
2021-03-31,-4.12,1.42,,
2021-04-01,-3.86,1.11,,
2021-04-02,-2.59,1.56,,
2021-04-03,2.03,0.11,,
2021-04-04,-0.40,-2.06,,
2021-04-05,-3.50,-2.83,,
2021-04-06,-3.56,-0.89,,
2021-04-07,-3.12,0.27,,
2021-04-08,-3.23,0.34,,
2021-04-09,-3.40,0.79,,
2021-04-10,-3.46,0.99,,
2021-04-11,-3.15,1.53,,
2021-04-12,-1.89,1.23,,
2021-04-13,1.95,-0.75,,
2021-04-14,1.05,-1.97,,
2021-04-15,-1.67,-0.74,,
2021-04-16,-1.95,1.13,,
2021-04-17,-1.88,1.22,,
2021-04-18,-2.66,0.81,,
2021-04-19,-2.31,2.76,,
2021-04-20,-2.87,1.22,,
2021-04-21,-3.43,1.12,,
2021-04-22,-2.93,1.18,,
2021-04-23,-3.10,0.77,,
2021-04-24,-3.26,1.25,,
2021-04-25,-3.52,0.88,,
2021-04-26,-2.50,0.44,,
2021-04-27,-2.54,-0.00,,
2021-04-28,-2.71,0.73,,
2021-04-29,-3.39,0.78,,
2021-04-30,-3.10,0.95,,
2021-05-01,-2.69,0.98,,
2021-05-02,-3.54,0.95,,
2021-05-03,-3.51,1.35,,
2021-05-04,-3.38,1.17,,
2021-05-05,-3.57,1.16,,
2021-05-06,-3.39,1.04,,
2021-05-07,-3.46,1.26,,
2021-05-08,-3.13,0.84,,
2021-05-09,-3.28,0.82,,
2021-05-10,-3.35,1.35,,
2021-05-11,-3.40,1.11,,
2021-05-12,-4.16,1.12,,
2021-05-13,-4.02,1.08,,
2021-05-14,-3.52,1.01,,
2021-05-15,-2.83,0.76,,
2021-05-16,-2.32,0.33,,
2021-05-17,-2.60,0.55,,
2021-05-18,-2.74,1.05,,
2021-05-19,-2.17,0.19,,
2021-05-20,-2.02,0.90,,
2021-05-21,-2.26,0.87,,
2021-05-22,-2.53,1.13,,
2021-05-23,-2.50,0.53,,
2021-05-24,-2.94,1.13,,
2021-05-25,-3.08,0.77,,
2021-05-26,-3.14,0.61,,
2021-05-27,-2.73,0.43,,
2021-05-28,-2.70,0.88,,
2021-05-29,-2.32,1.08,,
2021-05-30,-2.56,1.19,,
2021-05-31,-3.33,1.34,,
2021-06-01,-3.17,1.15,,
2021-06-02,-3.40,1.11,,
2021-06-03,-3.49,1.13,,
2021-06-04,-3.54,1.29,,
2021-06-05,-3.81,1.24,,
2021-06-06,-3.63,1.18,,
2021-06-07,-3.36,1.16,,
2021-06-08,-2.90,0.89,,
2021-06-09,-2.85,1.04,,
2021-06-10,-2.25,0.91,,
2021-06-11,-2.38,0.91,,
2021-06-12,-1.90,1.14,,
2021-06-13,-2.31,0.98,,
2021-06-14,-3.43,1.18,,
2021-06-15,-3.46,1.19,,
2021-06-16,-3.87,1.04,,
2021-06-17,-3.82,1.24,,
2021-06-18,-3.29,1.98,,
2021-06-19,-3.75,1.29,,
2021-06-20,-3.75,1.22,,
2021-06-21,-3.58,0.89,,
2021-06-22,-3.32,1.34,,
2021-06-23,-3.54,0.82,,
2021-06-24,-3.23,1.11,,
2021-06-25,-3.16,0.67,,
2021-06-26,-2.42,0.78,,
2021-06-27,-2.16,0.92,,
2021-06-28,-3.14,1.08,,
2021-06-29,-3.45,0.67,,
2021-06-30,-3.65,0.91,,
2021-07-01,-3.47,1.47,,
2021-07-02,-3.76,1.22,,
2021-07-03,-3.86,1.88,,
2021-07-04,-3.94,2.37,,
2021-07-05,-3.76,1.22,,
2021-07-06,-3.51,1.14,,
2021-07-07,-4.01,1.30,,
2021-07-08,-4.24,1.30,,
2021-07-09,-3.93,0.84,,
2021-07-10,-3.76,0.94,,
2021-07-11,-3.54,1.08,,
2021-07-12,-3.73,1.74,,
2021-07-13,-4.02,0.71,,
2021-07-14,-2.95,0.31,,
2021-07-15,-2.99,0.97,,
2021-07-16,-3.23,1.37,,
2021-07-17,-3.57,1.23,,
2021-07-18,-3.44,0.92,,
2021-07-19,-3.70,0.85,,
2021-07-20,-3.69,0.92,,
2021-07-21,-3.64,1.25,,
2021-07-22,-3.50,1.27,,
2021-07-23,-3.59,1.03,,
2021-07-24,-3.10,0.72,,
2021-07-25,-1.18,1.22,,
2021-07-26,-2.21,0.76,,
2021-07-27,-3.25,0.75,,
2021-07-28,-3.35,0.53,,
2021-07-29,-3.65,1.26,,
2021-07-30,-3.01,1.28,,
2021-07-31,-3.53,1.21,,
2021-08-01,-3.71,1.13,,
2021-08-02,-3.47,0.93,,
2021-08-03,-3.13,0.72,,
2021-08-04,-2.91,0.67,,
2021-08-05,-3.21,1.10,,
2021-08-06,-3.53,0.75,,
2021-08-07,-3.07,0.43,,
2021-08-08,-2.92,0.52,,
2021-08-09,-3.34,0.90,,
2021-08-10,-3.15,0.79,,
2021-08-11,-2.96,0.31,,
2021-08-12,-2.63,2.20,,
2021-08-13,-3.27,1.25,,
2021-08-14,-2.72,0.19,,
2021-08-15,-2.79,0.96,,
2021-08-16,-2.70,1.69,,
2021-08-17,-3.65,2.11,,
2021-08-18,-3.27,1.25,,
2021-08-19,-3.14,0.96,,
2021-08-20,-3.12,1.52,,
2021-08-21,-3.37,1.23,,
2021-08-22,-3.73,1.14,,
2021-08-23,-3.94,0.91,,
2021-08-24,-2.58,0.50,,
2021-08-25,-3.22,1.11,,
2021-08-26,-3.59,1.16,,
2021-08-27,-3.63,1.11,,
2021-08-28,-3.32,1.14,,
2021-08-29,-3.06,1.05,,
2021-08-30,-2.41,0.47,,
2021-08-31,-2.00,0.46,,
2021-09-01,-1.65,0.88,,
2021-09-02,-2.39,1.02,,
2021-09-03,-2.84,0.92,,
2021-09-04,-3.05,0.93,,
2021-09-05,-3.12,0.84,,
2021-09-06,-3.32,1.21,,
2021-09-07,-3.31,0.82,,
2021-09-08,-3.14,0.84,,
2021-09-09,-2.75,0.39,,
2021-09-10,-2.81,0.75,,
2021-09-11,-3.11,0.83,,
2021-09-12,-2.73,0.99,,
2021-09-13,-2.06,1.34,,
2021-09-14,-1.78,0.79,,
2021-09-15,-0.58,1.80,,
2021-09-16,-1.87,1.63,,
2021-09-17,-3.07,1.06,,
2021-09-18,-2.95,0.68,,
2021-09-19,-2.47,0.39,,
2021-09-20,-2.39,0.38,,
2021-09-21,-2.21,0.63,,
2021-09-22,-0.13,-1.46,,
2021-09-23,1.44,0.74,,
2021-09-24,1.38,0.70,,
2021-09-25,-1.54,0.38,,
2021-09-26,-1.32,0.19,,
2021-09-27,-1.79,0.83,,
2021-09-28,-1.57,1.19,,
2021-09-29,0.35,1.41,,
2021-09-30,-1.43,0.41,,
2021-10-01,-1.16,0.85,,
2021-10-02,-1.87,1.21,,
2021-10-03,-1.99,2.29,,
2021-10-04,-1.92,1.92,,
2021-10-05,-3.15,1.97,,
2021-10-06,-3.83,1.55,,
2021-10-07,-2.97,0.69,,
2021-10-08,-2.30,0.70,,
2021-10-09,-2.16,1.41,,
2021-10-10,-2.62,1.22,,
2021-10-11,-2.67,1.13,,
2021-10-12,-1.02,2.09,,
2021-10-13,1.08,0.97,,
2021-10-14,1.65,0.67,,
2021-10-15,2.37,0.04,,
2021-10-16,1.02,0.54,,
2021-10-17,0.28,1.12,,
2021-10-18,1.04,0.76,,
2021-10-19,-1.27,1.03,,
2021-10-20,-1.77,0.82,,
2021-10-21,-2.16,1.10,,
2021-10-22,-2.30,2.07,,
2021-10-23,-2.83,1.91,,
2021-10-24,-3.02,1.47,,
2021-10-25,-2.85,1.52,,
2021-10-26,-1.44,1.54,,
2021-10-27,1.28,1.11,,
2021-10-28,1.73,1.12,,
2021-10-29,-1.25,1.21,,
2021-10-30,-1.82,1.95,,
2021-10-31,0.70,2.02,,
2021-11-01,-2.09,0.80,,
2021-11-02,-2.36,1.00,,
2021-11-03,-1.99,1.56,,
2021-11-04,-2.11,1.71,,
2021-11-05,-2.06,1.92,,
2021-11-06,-2.15,1.87,,
2021-11-07,-0.29,1.86,,
2021-11-08,1.24,1.29,,
2021-11-09,-0.81,-1.73,,
2021-11-10,-2.05,1.33,,
2021-11-11,-2.92,1.49,,
2021-11-12,-3.28,1.39,,
2021-11-13,-2.95,1.77,,
2021-11-14,-2.78,1.67,,
2021-11-15,-3.10,1.51,,
2021-11-16,-2.96,1.44,,
2021-11-17,-3.22,1.24,,
2021-11-18,-3.02,1.35,,
2021-11-19,-2.76,1.73,,
2021-11-20,-2.60,1.82,,
2021-11-21,-2.84,1.26,,
2021-11-22,-2.57,1.31,,
2021-11-23,0.76,1.99,,
2021-11-24,1.82,-0.97,,
2021-11-25,0.71,-1.23,,
2021-11-26,-1.99,0.73,,
2021-11-27,-1.58,1.69,,
2021-11-28,-1.89,1.05,,
2021-11-29,-0.67,2.06,,
2021-11-30,1.71,0.80,,
2021-12-01,-1.83,0.56,,
2021-12-02,-2.21,1.86,,
2021-12-03,-1.76,1.14,,
2021-12-04,-2.28,0.70,,
2021-12-05,-2.78,1.48,,
2021-12-06,-3.04,1.48,,
2021-12-07,-2.70,1.82,,
2021-12-08,-2.67,1.61,,
2021-12-09,-2.39,1.93,,
2021-12-10,-2.35,1.05,,
2021-12-11,-2.78,1.35,,
2021-12-12,-2.44,1.30,,
2021-12-13,-2.50,1.22,,
2021-12-14,-2.27,1.36,,
2021-12-15,-2.45,1.42,,
2021-12-16,-2.99,1.87,,
2021-12-17,-3.35,1.35,,
2021-12-18,-3.54,1.73,,
2021-12-19,-2.67,1.73,,
2021-12-20,-2.65,1.53,,
2021-12-21,-2.95,1.84,,
2021-12-22,-1.41,1.62,,
2021-12-23,2.10,0.85,,
2021-12-24,2.50,-0.76,,
2021-12-25,-1.88,0.16,,
2021-12-26,-1.83,0.49,,
2021-12-27,-1.46,-0.42,,
2021-12-28,-2.59,0.69,,
2021-12-29,-3.01,1.74,,
2021-12-30,-3.18,1.69,,
2021-12-31,-3.29,1.75,,
2022-01-01,-3.29,1.90,-0.158,0.140
2022-01-02,-3.21,2.16,-0.115,0.096
2022-01-03,-2.68,2.33,-0.092,0.049
2022-01-04,-2.52,1.77,-0.059,0.001
2022-01-05,-2.57,1.87,-0.016,0.019
2022-01-06,-2.99,1.09,0.000,0.046
2022-01-07,-2.88,1.60,-0.007,-0.038
2022-01-08,-2.76,1.23,-0.047,-0.043
2022-01-09,-2.97,1.20,-0.078,0.025
2022-01-10,-2.62,0.95,-0.074,0.056
2022-01-11,-2.21,1.33,-0.064,0.026
2022-01-12,-2.07,1.68,-0.058,0.047
2022-01-13,-0.03,1.97,-0.022,-0.018
2022-01-14,2.22,-0.08,0.071,-0.099
2022-01-15,-0.24,1.53,-0.013,-0.110
2022-01-16,-2.38,1.06,-0.124,0.002
2022-01-17,-1.25,1.49,-0.106,0.070
2022-01-18,2.11,-0.22,-0.095,0.010
2022-01-19,-2.49,1.27,-0.202,0.121
2022-01-20,-3.23,1.94,-0.171,0.111
2022-01-21,-3.17,1.98,-0.132,0.075
2022-01-22,-3.05,2.13,-0.092,0.040
2022-01-23,-2.38,0.82,-0.039,-0.031
2022-01-24,1.60,1.20,0.031,-0.099
2022-01-25,-1.64,-0.26,0.034,-0.094
2022-01-26,-2.65,1.23,0.004,-0.021
2022-01-27,-2.82,1.56,-0.030,0.019
2022-01-28,-2.52,0.77,-0.028,-0.022
2022-01-29,1.19,1.76,0.015,-0.052
2022-01-30,1.68,-0.30,0.073,-0.127
2022-01-31,1.50,0.40,0.070,-0.148
2022-02-01,-2.32,0.54,-0.050,-0.025
2022-02-02,-1.80,0.88,-0.069,0.036
2022-02-03,-2.48,0.85,-0.094,0.067
2022-02-04,-2.76,0.59,-0.112,0.097
2022-02-05,-2.69,1.31,-0.110,0.097
2022-02-06,-2.68,1.42,-0.083,0.071
2022-02-07,-2.73,1.84,-0.066,0.058
2022-02-08,-2.84,1.51,-0.068,0.034
2022-02-09,-2.99,1.73,-0.036,0.008
2022-02-10,-2.97,1.78,0.028,-0.083
2022-02-11,-3.10,1.65,0.003,-0.077
2022-02-12,-3.50,1.94,-0.033,-0.007
2022-02-13,-2.91,1.75,-0.033,0.012
2022-02-14,-2.39,1.32,-0.033,0.015
2022-02-15,-2.76,1.53,-0.023,-0.011
2022-02-16,-3.16,1.21,-0.068,0.015
2022-02-17,-3.24,1.12,-0.084,0.058
2022-02-18,-3.03,1.04,-0.080,0.048
2022-02-19,-2.96,1.02,-0.067,0.030
2022-02-20,-2.78,0.44,-0.035,-0.005
2022-02-21,-2.78,0.39,-0.007,-0.036
2022-02-22,-2.88,0.30,-0.007,-0.055
2022-02-23,-2.63,0.61,-0.002,-0.063
2022-02-24,-2.26,-0.24,-0.012,-0.056
2022-02-25,-2.04,-0.78,-0.015,-0.054
2022-02-26,-2.61,1.11,-0.048,0.002
2022-02-27,-2.66,1.24,-0.076,0.040
2022-02-28,-2.21,1.60,-0.069,0.038
2022-03-01,-0.77,1.90,-0.027,0.000
2022-03-02,0.32,2.02,0.024,-0.050
2022-03-03,-2.57,1.14,-0.031,-0.038
2022-03-04,-2.96,1.19,-0.070,0.006
2022-03-05,-2.29,1.49,-0.041,0.036
2022-03-06,-2.96,1.44,-0.078,0.032
2022-03-07,-3.05,1.62,-0.092,0.065
2022-03-08,-3.21,1.30,-0.084,0.070
2022-03-09,-3.32,1.55,-0.067,0.072
2022-03-10,-3.64,1.47,-0.048,0.056
2022-03-11,-3.56,1.51,-0.026,0.019
2022-03-12,-3.60,1.92,-0.019,-0.026
2022-03-13,-2.35,1.20,0.025,-0.083
2022-03-14,-3.88,1.33,-0.014,-0.037
2022-03-15,-3.63,1.46,-0.060,0.045
2022-03-16,-3.34,1.56,-0.084,0.080
2022-03-17,-3.75,2.08,-0.080,0.084
2022-03-18,-3.58,1.91,-0.065,0.057
2022-03-19,-4.26,1.30,-0.076,0.037
2022-03-20,-3.92,1.35,-0.075,0.029
2022-03-21,-3.01,0.98,-0.050,0.012
2022-03-22,-3.66,0.78,-0.017,0.007
2022-03-23,-3.94,1.84,-0.069,0.057
2022-03-24,-4.26,1.72,-0.098,0.054
2022-03-25,-3.92,1.74,-0.098,0.070
2022-03-26,-2.27,0.57,-0.034,-0.009
2022-03-27,2.36,-0.68,0.009,-0.062
2022-03-28,-0.19,-2.66,0.015,-0.047
2022-03-29,-2.10,-0.37,0.002,-0.010
2022-03-30,-3.16,0.22,-0.077,0.060
2022-03-31,-3.36,1.16,-0.114,0.102
2022-04-01,-3.69,1.72,-0.146,0.150
2022-04-02,-3.64,1.25,-0.128,0.122
2022-04-03,-2.68,1.43,-0.063,0.060
2022-04-04,-2.07,1.29,0.030,-0.025
2022-04-05,-2.90,0.78,0.010,0.005
2022-04-06,-3.52,1.14,0.010,-0.066
2022-04-07,-3.58,1.37,-0.035,-0.010
2022-04-08,-3.63,1.46,-0.082,0.062
2022-04-09,-3.04,1.69,-0.093,0.074
2022-04-10,-2.06,1.00,-0.065,0.029
2022-04-11,-3.01,0.21,-0.075,0.069
2022-04-12,-3.58,0.63,-0.110,0.077
2022-04-13,-3.67,0.91,-0.131,0.097
2022-04-14,-3.87,1.72,-0.142,0.116
2022-04-15,-3.83,1.32,-0.113,0.079
2022-04-16,-3.81,1.02,-0.082,0.056
2022-04-17,-2.65,1.79,-0.050,0.047
2022-04-18,-2.44,3.36,-0.012,0.061
2022-04-19,-1.52,1.95,0.074,-0.064
2022-04-20,-0.83,1.70,0.077,-0.131
2022-04-21,-3.07,1.30,-0.068,0.058
2022-04-22,-3.10,0.89,-0.115,0.097
2022-04-23,-2.80,1.08,-0.124,0.108
2022-04-24,-3.35,0.96,-0.101,0.120
2022-04-25,-3.44,0.42,-0.107,0.107
2022-04-26,-2.91,0.56,-0.107,0.115
2022-04-27,-2.38,-0.17,-0.098,0.086
2022-04-28,-2.85,1.15,-0.071,0.077
2022-04-29,-2.86,1.16,-0.073,0.075
2022-04-30,-3.49,1.55,-0.087,0.077
2022-05-01,-2.91,1.61,-0.090,0.082
2022-05-02,-1.42,1.64,-0.051,0.036
2022-05-03,-3.54,1.29,-0.026,0.037
2022-05-04,-4.15,1.19,-0.039,0.024
2022-05-05,-3.34,1.15,-0.033,0.028
2022-05-06,-2.22,0.77,-0.012,-0.042
2022-05-07,-0.42,1.83,0.044,-0.093
2022-05-08,-1.09,1.50,0.058,-0.113
2022-05-09,0.86,1.69,0.029,-0.086
2022-05-10,2.19,0.51,-0.005,-0.020
2022-05-11,1.70,0.55,0.011,-0.070
2022-05-12,-1.89,1.43,-0.012,0.001
2022-05-13,-3.82,1.86,-0.048,0.073
2022-05-14,-3.86,1.72,-0.058,0.069
2022-05-15,-3.71,1.28,-0.037,0.043
2022-05-16,-3.59,1.45,-0.012,0.026
2022-05-17,-2.27,1.65,0.014,-0.049
2022-05-18,-2.31,1.18,0.041,-0.077
2022-05-19,-2.78,0.44,0.009,-0.050
2022-05-20,-3.27,1.00,0.012,-0.041
2022-05-21,-3.87,0.89,-0.065,0.050
2022-05-22,-3.96,0.91,-0.077,0.089
2022-05-23,-3.23,0.75,-0.104,0.106
2022-05-24,-2.95,1.13,-0.098,0.098
2022-05-25,-3.36,0.78,-0.079,0.046
2022-05-26,-2.68,1.31,-0.041,0.021
2022-05-27,-2.41,1.56,-0.040,0.012
2022-05-28,-3.00,1.46,-0.024,0.014
2022-05-29,-3.56,1.44,-0.036,0.031
2022-05-30,-3.99,1.30,-0.057,0.029
2022-05-31,-3.88,1.33,-0.070,0.005
2022-06-01,-3.19,1.04,-0.042,0.006
2022-06-02,-2.55,0.78,0.001,-0.045
2022-06-03,-2.41,0.56,0.022,-0.097
2022-06-04,-2.32,1.75,0.003,-0.049
2022-06-05,-0.72,2.50,0.047,-0.065
2022-06-06,-2.61,2.04,0.017,-0.087
2022-06-07,-3.28,1.39,-0.045,0.051
2022-06-08,-2.90,1.00,-0.061,0.032
2022-06-09,-2.89,1.05,-0.079,0.044
2022-06-10,-3.45,1.26,-0.081,0.054
2022-06-11,-3.86,1.11,-0.078,0.072
2022-06-12,-3.91,1.20,-0.086,0.070
2022-06-13,-3.76,0.94,-0.065,0.048
2022-06-14,-3.69,0.85,-0.053,0.063
2022-06-15,-3.30,1.27,-0.056,0.015
2022-06-16,-2.46,1.31,-0.017,0.000
2022-06-17,-2.14,0.74,0.034,-0.028
2022-06-18,-0.92,1.98,0.042,-0.027
2022-06-19,-3.02,1.75,0.066,-0.104
2022-06-20,-4.06,1.01,-0.025,0.035
2022-06-21,-3.01,0.86,-0.062,0.060
2022-06-22,-2.28,0.70,-0.077,0.026
2022-06-23,-1.85,1.35,-0.018,-0.000
2022-06-24,-2.75,1.06,-0.023,0.019
2022-06-25,-3.45,0.99,-0.044,0.035
2022-06-26,-3.11,0.95,-0.065,0.041
2022-06-27,-3.21,1.11,-0.029,-0.004
2022-06-28,-3.88,1.11,-0.044,0.046
2022-06-29,-4.24,0.82,-0.082,0.053
2022-06-30,-4.11,0.95,-0.097,0.066
2022-07-01,-3.82,0.81,-0.096,0.068
2022-07-02,-3.93,1.05,-0.092,0.057
2022-07-03,-3.28,2.13,-0.076,0.068
2022-07-04,-3.48,0.80,-0.086,0.034
2022-07-05,-3.70,0.79,-0.036,0.012
2022-07-06,-2.91,0.73,-0.007,0.050
2022-07-07,-2.68,1.55,-0.046,0.060
2022-07-08,-3.34,1.21,-0.028,0.028
2022-07-09,-3.40,1.37,0.009,-0.054
2022-07-10,-3.47,1.06,0.017,-0.077
2022-07-11,-3.11,1.19,-0.022,-0.057
2022-07-12,-3.26,1.00,-0.007,-0.064
2022-07-13,-3.28,1.39,-0.002,-0.036
2022-07-14,-3.05,0.87,-0.007,-0.030
2022-07-15,-3.76,1.15,-0.042,0.055
2022-07-16,-3.83,1.17,-0.072,0.056
2022-07-17,-4.46,1.28,-0.061,0.080
2022-07-18,-3.80,0.74,-0.072,0.076
2022-07-19,-3.62,0.77,-0.076,0.055
2022-07-20,-3.79,0.80,-0.052,0.054
2022-07-21,-4.04,1.23,-0.030,0.046
2022-07-22,-3.55,0.95,-0.024,-0.017
2022-07-23,-3.88,0.48,-0.021,-0.026
2022-07-24,-3.10,0.60,-0.016,-0.005
2022-07-25,-3.31,1.69,-0.041,0.038
2022-07-26,-4.34,1.16,-0.067,0.047
2022-07-27,-3.25,0.51,-0.055,0.033
2022-07-28,-3.24,0.69,-0.042,0.007
2022-07-29,-3.76,0.94,-0.060,0.057
2022-07-30,-3.78,1.30,-0.069,0.057
2022-07-31,-4.22,1.13,-0.087,0.073
2022-08-01,-3.84,0.82,-0.089,0.067
2022-08-02,-3.23,0.51,-0.067,0.051
2022-08-03,-3.24,0.81,-0.042,0.014
2022-08-04,-3.70,1.35,-0.028,0.010
2022-08-05,-3.97,0.84,-0.037,0.007
2022-08-06,-3.89,0.69,-0.051,0.014
2022-08-07,-3.46,1.06,-0.052,0.017
2022-08-08,-3.79,1.31,-0.065,0.031
2022-08-09,-4.21,0.97,-0.063,0.057
2022-08-10,-3.14,0.39,-0.049,0.027
2022-08-11,-3.31,0.82,-0.026,0.021
2022-08-12,-3.05,1.36,-0.033,0.017
2022-08-13,-2.80,0.80,0.003,-0.038
2022-08-14,-2.98,0.80,0.026,-0.048
2022-08-15,-2.89,1.00,0.021,-0.037
2022-08-16,-2.15,0.78,0.016,-0.021
2022-08-17,-1.91,0.93,0.014,0.005
2022-08-18,-2.91,0.62,-0.071,0.083
2022-08-19,-3.50,0.87,-0.130,0.113
2022-08-20,-3.13,0.90,-0.133,0.101
2022-08-21,-3.11,0.95,-0.049,0.050
2022-08-22,-2.34,1.14,0.024,-0.005
2022-08-23,-1.85,1.61,0.070,-0.037
2022-08-24,-2.21,1.86,0.076,-0.057
2022-08-25,-3.19,1.04,0.028,-0.085
2022-08-26,-2.74,0.94,-0.051,0.039
2022-08-27,-2.56,1.20,-0.076,0.061
2022-08-28,-2.96,1.71,-0.084,0.071
2022-08-29,-2.81,1.25,-0.052,0.053
2022-08-30,-2.43,0.89,-0.016,-0.000
2022-08-31,-2.54,0.68,-0.005,0.022
2022-09-01,-2.30,0.16,0.000,0.005
2022-09-02,-2.40,0.08,-0.019,-0.000
2022-09-03,-2.42,0.38,-0.029,0.004
2022-09-04,-2.08,0.56,-0.007,-0.013
2022-09-05,-1.70,-0.69,0.037,-0.011
2022-09-06,0.59,-1.53,0.108,-0.045
2022-09-07,2.10,-0.37,0.130,-0.163
2022-09-08,0.69,1.90,0.116,-0.132
2022-09-09,0.25,1.60,0.100,-0.032
2022-09-10,-2.39,1.02,0.070,-0.003
2022-09-11,-2.51,0.91,0.012,0.076
2022-09-12,-1.71,1.24,0.014,0.060
2022-09-13,-1.49,1.71,0.016,0.010
2022-09-14,-2.90,1.29,-0.023,0.065
2022-09-15,-3.61,1.17,-0.080,0.101
2022-09-16,-3.53,1.35,-0.101,0.112
2022-09-17,-3.52,1.08,-0.113,0.102
2022-09-18,-2.30,0.66,-0.108,0.101
2022-09-19,-1.59,-3.93,-0.088,0.055
2022-09-20,2.96,3.65,0.092,-0.077
2022-09-21,0.90,1.76,0.095,-0.141
2022-09-22,0.39,1.84,-0.050,-0.059
2022-09-23,-0.95,1.41,-0.069,0.015
2022-09-24,-2.10,1.70,-0.091,0.144
2022-09-25,-3.08,1.37,-0.111,0.128
2022-09-26,-3.01,1.60,-0.092,0.107
2022-09-27,-2.69,1.82,-0.083,0.115
2022-09-28,-2.50,1.39,-0.074,0.067
2022-09-29,-2.00,0.77,0.025,-0.027
2022-09-30,-0.00,1.99,0.090,-0.043
2022-10-01,-0.64,1.58,0.086,-0.121
2022-10-02,0.81,1.47,0.098,-0.132
2022-10-03,1.19,1.42,0.061,-0.144
2022-10-04,-0.90,0.81,-0.014,-0.052
2022-10-05,-1.49,1.34,-0.069,0.097
2022-10-06,-2.63,1.06,-0.080,0.105
2022-10-07,-3.11,1.38,-0.073,0.104
2022-10-08,-3.05,1.29,-0.078,0.092
2022-10-09,-2.75,0.95,-0.092,0.089
2022-10-10,-3.00,1.27,-0.096,0.093
2022-10-11,-2.77,1.23,-0.077,0.052
2022-10-12,-2.95,0.90,-0.035,0.032
2022-10-13,-2.89,1.11,-0.052,0.046
2022-10-14,-2.04,1.18,-0.038,0.017
2022-10-15,-2.28,1.21,0.006,0.059
2022-10-16,-1.93,1.07,0.059,-0.022
2022-10-17,-1.55,0.76,0.084,-0.129
2022-10-18,-1.21,1.44,0.038,-0.008
2022-10-19,-1.20,1.60,0.047,-0.003
2022-10-20,-2.40,1.44,-0.002,0.058
2022-10-21,-2.24,1.04,-0.031,0.043
2022-10-22,-2.78,1.35,-0.080,0.064
2022-10-23,-2.49,0.86,-0.085,0.050
2022-10-24,-1.99,1.19,-0.056,0.042
2022-10-25,0.99,1.03,0.040,-0.017
2022-10-26,1.25,1.21,0.030,-0.168
2022-10-27,-0.83,-0.96,-0.025,-0.118
2022-10-28,1.40,0.75,-0.032,-0.038
2022-10-29,-2.43,1.46,-0.076,0.066
2022-10-30,-2.60,1.50,-0.109,0.129
2022-10-31,-2.74,1.28,-0.133,0.150
2022-11-01,-2.73,1.39,-0.125,0.148
2022-11-02,-2.64,0.86,-0.084,0.123
2022-11-03,-2.25,0.40,-0.040,0.033
2022-11-04,-1.29,0.97,0.035,-0.021
2022-11-05,-1.88,1.57,0.037,0.002
2022-11-06,1.92,0.24,0.065,-0.079
2022-11-07,1.54,1.25,0.090,-0.118
2022-11-08,0.60,1.05,0.061,-0.076
2022-11-09,-0.03,1.54,0.068,-0.088
2022-11-10,-0.06,1.60,0.036,-0.133
2022-11-11,-2.66,1.30,-0.076,-0.059
2022-11-12,-2.89,1.23,-0.124,0.090
2022-11-13,-2.13,0.78,-0.108,0.100
2022-11-14,-2.14,0.61,0.007,0.093
2022-11-15,-2.52,1.02,-0.024,0.083
2022-11-16,-3.12,1.45,-0.017,0.013
2022-11-17,-3.03,1.68,-0.022,-0.024
2022-11-18,-3.18,1.16,-0.035,0.009
2022-11-19,-3.05,1.49,-0.026,0.033
2022-11-20,-2.98,2.16,-0.031,0.026
2022-11-21,-2.70,1.20,-0.014,-0.007
2022-11-22,-3.46,1.33,-0.024,0.022
2022-11-23,-3.17,1.34,-0.036,0.031
2022-11-24,-2.94,1.37,-0.021,-0.006
2022-11-25,-2.67,1.48,0.037,-0.058
2022-11-26,-2.33,0.99,0.045,-0.080
2022-11-27,-2.68,0.87,0.032,-0.062
2022-11-28,-2.45,1.66,0.022,-0.057
2022-11-29,-2.32,0.94,-0.012,-0.033
2022-11-30,-2.06,0.51,-0.047,0.001
2022-12-01,-2.46,0.85,-0.058,0.044
2022-12-02,-2.04,0.47,-0.067,0.055
2022-12-03,-1.53,-0.08,-0.064,0.043
2022-12-04,1.43,-1.12,-0.017,0.015
2022-12-05,2.37,-1.05,0.000,-0.021
2022-12-06,-0.68,-1.53,0.000,-0.012
2022-12-07,-0.16,-1.86,0.000,-0.025
2022-12-08,1.87,-0.36,0.000,-0.005
2022-12-09,-0.87,-1.07,0.016,0.000
2022-12-10,1.73,-0.88,0.021,-0.005
2022-12-11,-1.43,-1.04,0.030,-0.005
2022-12-12,-1.77,1.29,-0.015,0.019
2022-12-13,-1.55,1.50,0.000,0.023
2022-12-14,-1.76,1.69,0.046,0.000
2022-12-15,-2.65,2.00,0.039,-0.036
2022-12-16,-2.44,1.91,-0.012,-0.014
2022-12-17,-2.60,1.76,0.000,-0.049
2022-12-18,-2.70,1.56,0.005,-0.054
2022-12-19,-2.59,1.62,0.022,-0.050
2022-12-20,-2.88,1.66,-0.007,-0.009
2022-12-21,-2.56,1.86,0.012,0.000
2022-12-22,-2.79,1.61,0.026,-0.051
2022-12-23,-2.42,1.45,0.036,-0.103
2022-12-24,-2.65,1.35,0.017,-0.118
2022-12-25,-2.95,1.63,-0.033,-0.054
2022-12-26,-2.98,2.16,-0.065,0.007
2022-12-27,-2.65,1.85,-0.072,0.043
2022-12-28,-2.79,1.74,-0.029,-0.004
2022-12-29,-3.27,1.97,-0.056,0.005
2022-12-30,-3.36,1.50,-0.068,0.041
2022-12-31,-3.21,1.04,-0.066,0.058
2023-01-01,-2.64,0.81,-0.020,0.038
2023-01-02,-2.77,1.06,-0.014,0.005
2023-01-03,-2.78,1.12,-0.014,0.002
2023-01-04,-2.82,0.92,-0.032,-0.005
2023-01-05,-3.24,1.87,-0.021,0.007
2023-01-06,-3.03,1.48,-0.022,-0.007
2023-01-07,-2.36,1.42,0.026,-0.029
2023-01-08,-2.72,0.78,0.019,-0.009
2023-01-09,-1.98,1.72,0.000,0.012
2023-01-10,1.65,1.24,0.113,-0.153
2023-01-11,1.53,-0.99,0.107,-0.219
2023-01-12,-2.10,0.33,0.035,-0.123
2023-01-13,-1.77,1.54,-0.009,-0.021
2023-01-14,0.89,1.48,0.050,-0.059
2023-01-15,3.75,-1.07,0.103,-0.133
2023-01-16,1.78,-0.99,0.064,-0.087
2023-01-17,-2.08,1.20,0.025,-0.058
2023-01-18,-2.33,2.17,-0.053,0.026
2023-01-19,-2.31,2.08,-0.088,0.059
2023-01-20,-2.49,1.44,-0.081,0.056
2023-01-21,-2.68,1.61,-0.037,0.056
2023-01-22,-3.15,1.90,-0.034,0.036
2023-01-23,-3.39,1.88,-0.031,0.019
2023-01-24,-3.00,1.88,-0.005,0.016
2023-01-25,-3.06,2.30,-0.022,-0.005
2023-01-26,-3.07,1.77,-0.026,-0.005
2023-01-27,-3.23,0.93,-0.038,0.020
2023-01-28,-3.46,-0.43,-0.029,-0.004
2023-01-29,-3.36,1.43,-0.079,0.078
2023-01-30,-3.61,1.24,-0.136,0.147
2023-01-31,-3.20,1.04,-0.165,0.134
2023-02-01,-3.21,0.57,-0.170,0.083
2023-02-02,-3.21,1.23,-0.136,0.037
2023-02-03,-3.14,1.46,-0.033,0.002
2023-02-04,-3.21,1.50,0.046,-0.059
2023-02-05,-3.70,1.97,0.049,-0.036
2023-02-06,-2.89,1.87,0.041,-0.054
2023-02-07,-3.37,1.23,0.031,-0.033
2023-02-08,-3.36,1.22,-0.020,0.015
2023-02-09,-3.85,1.10,-0.061,0.057
2023-02-10,-3.81,1.31,-0.104,0.099
2023-02-11,-3.41,1.31,-0.098,0.060
2023-02-12,-3.56,1.82,-0.042,0.009
2023-02-13,-2.10,1.96,0.017,-0.038
2023-02-14,-2.18,0.71,0.069,-0.129
2023-02-15,-3.06,0.82,-0.014,-0.064
2023-02-16,-3.73,1.36,-0.019,0.002
2023-02-17,-4.34,1.08,-0.060,0.039
2023-02-18,-3.69,1.27,-0.074,0.033
2023-02-19,-3.76,1.01,-0.074,0.072
2023-02-20,-3.49,1.20,-0.070,0.061
2023-02-21,-3.37,1.36,-0.030,-0.009
2023-02-22,-3.84,1.40,-0.017,-0.019
2023-02-23,-3.78,1.45,-0.033,-0.014
2023-02-24,-3.73,0.59,-0.029,-0.038
2023-02-25,-3.03,0.37,-0.005,-0.051
2023-02-26,-2.64,0.18,0.026,-0.075
2023-02-27,-2.50,0.35,0.038,-0.080
2023-02-28,-2.70,1.62,0.033,-0.086
2023-03-01,-2.81,1.25,0.028,-0.090
2023-03-02,-3.68,1.72,0.005,-0.052
2023-03-03,-3.82,1.70,-0.007,-0.045
2023-03-04,-3.68,1.72,-0.007,-0.040
2023-03-05,-3.49,0.93,0.029,-0.097
2023-03-06,-3.23,0.86,0.005,-0.060
2023-03-07,-2.65,0.47,0.017,-0.061
2023-03-08,1.55,-1.49,0.061,-0.107
2023-03-09,2.56,-1.79,0.068,-0.174
2023-03-10,1.25,-2.45,0.038,-0.104
2023-03-11,-2.19,-0.27,-0.044,0.010
2023-03-12,2.07,-0.36,-0.025,-0.008
2023-03-13,-1.89,0.07,-0.099,0.057
2023-03-14,-1.82,0.97,-0.050,0.051
2023-03-15,0.53,1.99,-0.004,0.018
2023-03-16,3.29,-1.07,0.091,-0.152
2023-03-17,-3.58,0.25,-0.027,0.030
2023-03-18,-3.85,1.48,-0.090,0.048
2023-03-19,-3.48,1.93,-0.089,0.070
2023-03-20,-3.01,1.74,-0.042,0.084
2023-03-21,-2.93,1.24,0.005,-0.029
2023-03-22,-3.45,0.99,0.026,-0.048
2023-03-23,-3.01,1.09,0.000,-0.007
2023-03-24,-3.28,0.82,-0.027,0.011
2023-03-25,-3.74,1.51,-0.052,0.054
2023-03-26,-4.36,1.25,-0.068,0.074
2023-03-27,-4.11,1.33,-0.069,0.071
2023-03-28,-4.09,1.25,-0.069,0.066
2023-03-29,-3.60,1.17,-0.023,0.042
2023-03-30,-3.14,0.90,-0.022,0.042
2023-03-31,-3.97,0.70,-0.078,0.051
2023-04-01,-4.13,0.73,-0.074,0.037
2023-04-02,-3.97,0.92,-0.065,0.053
2023-04-03,-4.18,1.28,-0.046,0.044
2023-04-04,-4.38,1.26,-0.047,0.069
2023-04-05,-4.00,1.15,-0.064,0.078
2023-04-06,-2.93,0.52,-0.106,0.057
2023-04-07,-1.91,0.93,-0.135,0.052
2023-04-08,-1.45,1.61,-0.142,0.057
2023-04-09,-0.91,1.34,-0.081,0.009
2023-04-10,1.86,0.91,-0.026,-0.019
2023-04-11,0.97,1.08,-0.072,0.029
2023-04-12,-2.28,0.16,-0.079,0.095
2023-04-13,-2.80,0.10,-0.039,0.105
2023-04-14,-3.64,0.84,-0.063,0.100
2023-04-15,-3.66,0.98,-0.082,0.082
2023-04-16,-3.46,1.06,-0.105,0.096
2023-04-17,-3.12,0.95,-0.093,0.078
2023-04-18,-2.39,0.64,-0.062,0.052
2023-04-19,-1.86,1.35,-0.005,0.035
2023-04-20,-3.05,0.70,-0.027,0.059
2023-04-21,-2.28,0.92,-0.039,0.058
2023-04-22,2.59,-1.32,0.059,-0.103
2023-04-23,1.60,-1.39,0.072,-0.089
2023-04-24,1.45,-1.45,0.066,-0.097
2023-04-25,-2.04,1.13,0.033,-0.059
2023-04-26,-1.95,0.75,-0.012,0.028
2023-04-27,-1.32,-0.46,-0.012,-0.021
2023-04-28,-2.60,0.32,-0.067,0.054
2023-04-29,-2.83,0.92,-0.081,0.082
2023-04-30,-3.02,0.64,-0.127,0.108
2023-05-01,-0.20,1.66,-0.003,0.003
2023-05-02,1.72,0.96,0.075,-0.048
2023-05-03,-1.19,1.90,0.038,-0.007
2023-05-04,-0.37,1.92,0.032,-0.003
2023-05-05,-2.05,0.79,0.005,0.021
2023-05-06,-3.02,0.59,-0.050,0.060
2023-05-07,-2.62,0.70,-0.041,0.033
2023-05-08,-3.41,0.79,-0.064,0.087
2023-05-09,-3.08,0.88,-0.072,0.093
2023-05-10,-1.41,1.18,-0.042,0.045
2023-05-11,-0.71,2.32,0.095,-0.048
2023-05-12,-2.98,0.47,0.000,0.012
2023-05-13,-3.17,1.69,-0.043,0.036
2023-05-14,-3.25,1.38,-0.059,0.052
2023-05-15,-1.54,1.29,0.008,0.005
2023-05-16,0.71,1.67,0.092,-0.129
2023-05-17,1.10,1.31,0.091,-0.161
2023-05-18,-1.69,0.90,0.008,-0.127
2023-05-19,-2.36,1.25,-0.043,0.037
2023-05-20,-1.89,1.64,-0.057,0.067
2023-05-21,1.02,1.17,0.021,-0.056
2023-05-22,1.58,-0.25,0.009,-0.102
2023-05-23,0.72,1.48,-0.013,-0.118
2023-05-24,0.92,1.37,-0.053,-0.064
2023-05-25,0.45,1.47,-0.082,0.007
2023-05-26,0.96,1.15,-0.087,0.018
2023-05-27,-1.45,1.92,-0.087,0.062
2023-05-28,-2.22,0.99,-0.084,0.069
2023-05-29,-1.81,1.32,-0.015,0.047
2023-05-30,-2.46,0.99,0.002,-0.002
2023-05-31,-1.56,1.13,0.048,-0.065
2023-06-01,-1.16,1.72,0.036,-0.058
2023-06-02,0.15,1.46,-0.006,-0.135
2023-06-03,1.66,1.12,-0.052,-0.097
2023-06-04,1.18,0.89,-0.045,-0.024
2023-06-05,1.17,1.50,0.000,-0.113
2023-06-06,-1.40,0.57,-0.023,-0.150
2023-06-07,-1.53,1.82,-0.066,0.046
2023-06-08,-1.56,2.93,-0.007,0.072
2023-06-09,-2.31,2.75,-0.038,0.027
2023-06-10,-2.08,0.88,-0.035,0.042
2023-06-11,-2.86,1.16,-0.055,0.064
2023-06-12,-3.59,1.83,-0.044,0.088
2023-06-13,-4.09,1.02,-0.042,0.086
2023-06-14,-2.90,1.11,-0.043,0.058
2023-06-15,-2.84,2.22,-0.030,0.054
2023-06-16,-3.31,1.69,0.050,-0.048
2023-06-17,-3.22,0.80,0.093,-0.133
2023-06-18,-3.31,1.27,-0.000,-0.010
2023-06-19,-3.14,1.02,-0.042,-0.002
2023-06-20,-3.24,0.75,0.001,-0.028
2023-06-21,-3.92,1.35,0.030,-0.054
2023-06-22,-4.08,1.33,-0.030,0.023
2023-06-23,-4.15,0.88,-0.085,0.079
2023-06-24,-4.01,0.78,-0.142,0.132
2023-06-25,-3.91,0.83,-0.179,0.163
2023-06-26,-3.29,0.88,-0.178,0.129
2023-06-27,-2.85,0.25,-0.094,0.045
2023-06-28,-2.33,0.33,-0.054,-0.003
2023-06-29,-1.78,1.03,0.031,-0.031
2023-06-30,-0.74,1.28,0.076,-0.088
2023-07-01,-2.04,0.70,0.088,-0.075
2023-07-02,-3.37,0.72,-0.002,0.024
2023-07-03,-3.33,0.89,-0.079,0.072
2023-07-04,-3.24,1.72,-0.098,0.084
2023-07-05,-3.71,1.81,-0.038,0.038
2023-07-06,-4.22,1.13,0.002,0.021
2023-07-07,-4.15,1.11,-0.041,0.017
2023-07-08,-3.87,0.89,-0.065,0.039
2023-07-09,-2.74,1.22,-0.045,0.042
2023-07-10,-3.78,0.53,0.026,-0.026
2023-07-11,-4.33,0.84,0.020,-0.011
2023-07-12,-3.99,0.77,-0.018,0.054
2023-07-13,-3.69,1.13,-0.072,0.058
2023-07-14,-4.50,1.12,-0.077,0.060
2023-07-15,-4.24,0.82,-0.042,0.042
2023-07-16,-3.81,0.47,-0.025,0.048
2023-07-17,-3.72,0.93,-0.042,0.050
2023-07-18,-3.49,1.20,-0.031,0.042
2023-07-19,-4.26,1.47,-0.029,0.005
2023-07-20,-4.53,0.96,-0.038,0.005
2023-07-21,-3.79,0.74,-0.049,0.018
2023-07-22,-3.05,1.05,-0.052,0.003
2023-07-23,-3.11,0.44,-0.032,-0.057
2023-07-24,-3.70,0.72,-0.022,-0.036
2023-07-25,-3.56,0.89,-0.033,0.007
2023-07-26,-3.66,1.12,-0.072,0.067
2023-07-27,-3.36,0.84,-0.098,0.076
2023-07-28,-3.75,0.87,-0.083,0.093
2023-07-29,-3.48,1.20,-0.040,0.053
2023-07-30,-3.60,1.03,-0.026,0.014
2023-07-31,-3.65,0.91,-0.019,0.014
2023-08-01,-3.29,0.58,-0.044,-0.014
2023-08-02,-1.85,0.39,-0.038,-0.006
2023-08-03,-2.05,-0.04,-0.040,-0.073
2023-08-04,-2.54,0.83,-0.024,-0.026
2023-08-05,-3.13,0.96,-0.017,0.028
2023-08-06,-3.87,1.18,-0.027,0.062
2023-08-07,-3.59,1.31,-0.069,0.085
2023-08-08,-3.03,0.75,-0.092,0.060
2023-08-09,-2.76,0.54,-0.087,0.068
2023-08-10,-2.93,0.95,-0.047,0.047
2023-08-11,-3.30,1.61,0.014,-0.019
2023-08-12,-3.94,1.20,0.008,-0.034
2023-08-13,-3.33,0.77,-0.041,0.004
2023-08-14,-4.04,1.08,-0.093,0.053
2023-08-15,-4.37,0.93,-0.118,0.064
2023-08-16,-3.91,1.05,-0.087,0.067
2023-08-17,-3.42,0.79,-0.082,0.098
2023-08-18,-3.11,1.38,-0.098,0.098
2023-08-19,-4.10,1.18,-0.109,0.100
2023-08-20,-4.02,0.57,-0.141,0.118
2023-08-21,-3.65,1.12,-0.157,0.141
2023-08-22,-3.13,1.33,-0.173,0.135
2023-08-23,-2.70,1.38,-0.153,0.135
2023-08-24,1.66,0.35,-0.078,-0.013
2023-08-25,3.06,-1.00,-0.011,-0.121
2023-08-26,2.89,-0.46,0.032,-0.078
2023-08-27,0.53,1.38,0.006,-0.042
2023-08-28,1.18,-0.27,0.000,-0.032
2023-08-29,-1.59,1.03,0.009,-0.032
2023-08-30,-2.65,1.13,-0.000,0.011
2023-08-31,-3.13,0.72,-0.030,0.026
2023-09-01,-2.74,0.48,-0.045,0.029
2023-09-02,-2.07,0.52,-0.029,0.007
2023-09-03,-1.26,1.14,0.029,-0.024
2023-09-04,-0.07,1.34,0.052,-0.042
2023-09-05,0.35,1.31,0.054,-0.081
2023-09-06,1.16,0.91,0.053,-0.098
2023-09-07,-1.74,0.06,0.040,-0.097
2023-09-08,-2.65,0.81,0.007,-0.040
2023-09-09,-3.38,1.03,-0.014,-0.024
2023-09-10,-1.96,-0.14,-0.064,-0.058
2023-09-11,1.52,-1.32,-0.038,-0.035
2023-09-12,3.40,-1.37,0.013,-0.111
2023-09-13,2.90,-0.36,0.049,-0.087
2023-09-14,1.16,0.84,-0.048,-0.045
2023-09-15,0.47,1.23,-0.032,-0.008
2023-09-16,-1.17,0.79,-0.012,0.058
2023-09-17,-1.88,0.65,-0.046,0.075
2023-09-18,-2.43,1.24,-0.053,0.092
2023-09-19,-2.20,1.22,-0.035,0.064
2023-09-20,-2.79,0.85,-0.017,0.050
2023-09-21,-1.78,0.83,-0.014,0.019
2023-09-22,-1.98,1.05,-0.019,0.040
2023-09-23,-1.69,1.32,-0.012,0.024
2023-09-24,-2.59,1.38,-0.003,-0.000
2023-09-25,-3.07,0.82,-0.037,0.035
2023-09-26,-2.75,0.95,-0.076,0.034
2023-09-27,-2.41,0.30,-0.060,0.032
2023-09-28,-2.45,0.61,-0.046,0.027
2023-09-29,-2.94,0.73,-0.016,0.016
2023-09-30,-2.91,0.31,-0.017,-0.014
2023-10-01,-3.06,0.76,-0.023,0.002
2023-10-02,-2.61,0.41,-0.061,0.036
2023-10-03,-1.96,0.87,-0.042,-0.000
2023-10-04,1.42,-0.02,-0.012,-0.045
2023-10-05,1.25,0.02,0.007,-0.037
2023-10-06,1.39,0.94,0.046,-0.011
2023-10-07,-0.02,1.26,0.018,-0.024
2023-10-08,-1.80,1.00,0.062,-0.044
2023-10-09,-1.26,1.26,0.046,-0.062
2023-10-10,-2.19,0.98,0.053,-0.093
2023-10-11,-2.37,0.38,0.024,-0.060
2023-10-12,-2.60,1.21,0.000,-0.016
2023-10-13,-1.74,0.09,0.037,-0.100
2023-10-14,-0.85,-1.01,-0.011,-0.115
2023-10-15,0.07,-1.37,-0.014,-0.034
2023-10-16,0.97,0.94,-0.006,-0.085
2023-10-17,0.59,-1.15,-0.004,-0.074
2023-10-18,-2.09,0.72,-0.024,0.009
2023-10-19,-2.53,1.02,-0.043,0.062
2023-10-20,-1.93,1.03,-0.061,0.065
2023-10-21,1.50,-0.37,0.011,-0.017
2023-10-22,0.76,-1.21,0.020,-0.070
2023-10-23,1.07,-0.61,-0.007,-0.033
2023-10-24,0.36,-1.34,-0.064,-0.006
2023-10-25,-0.15,-1.39,-0.079,0.043
2023-10-26,-1.87,0.20,-0.086,0.084
2023-10-27,-1.23,1.03,-0.130,0.139
2023-10-28,1.23,-0.26,-0.155,0.144
2023-10-29,-1.05,-0.19,-0.157,0.138
2023-10-30,0.70,1.04,-0.078,0.100
2023-10-31,0.15,1.24,0.024,0.060
2023-11-01,-0.25,1.61,0.044,0.010
2023-11-02,-2.84,1.20,0.027,0.013
2023-11-03,-3.46,1.47,-0.029,0.021
2023-11-04,-3.23,1.57,-0.035,0.041
2023-11-05,-3.03,1.10,-0.061,0.052
2023-11-06,-1.73,0.60,-0.041,0.044
2023-11-07,-1.62,0.56,0.008,0.050
2023-11-08,-2.40,1.12,0.002,0.022
2023-11-09,-3.25,0.99,-0.072,0.027
2023-11-10,-3.28,1.33,-0.095,0.067
2023-11-11,-3.23,1.50,-0.094,0.098
2023-11-12,-3.27,1.46,-0.113,0.087
2023-11-13,-3.01,1.22,-0.112,0.082
2023-11-14,-3.33,1.21,-0.080,0.060
2023-11-15,-3.37,1.23,-0.068,0.042
2023-11-16,-2.95,2.30,-0.043,0.029
2023-11-17,-3.05,2.84,0.005,-0.029
2023-11-18,-0.93,0.93,0.135,-0.187
2023-11-19,1.70,0.90,0.154,-0.241
2023-11-20,1.95,-0.95,0.215,-0.350
2023-11-21,-1.24,-1.15,0.167,-0.363
2023-11-22,-2.59,1.74,0.046,-0.093
2023-11-23,-1.67,1.61,-0.007,-0.028
2023-11-24,-2.20,0.89,-0.033,0.022
2023-11-25,-2.81,1.14,-0.073,0.079
2023-11-26,-3.04,0.99,-0.062,0.067
2023-11-27,-2.71,1.32,-0.017,0.015
2023-11-28,-2.78,1.24,0.045,-0.080
2023-11-29,-2.52,0.92,0.045,-0.083
2023-11-30,-2.30,1.38,0.029,-0.069
2023-12-01,-3.22,1.86,-0.028,-0.002
2023-12-02,-3.35,1.35,-0.053,0.037
2023-12-03,-3.04,0.65,-0.057,0.061
2023-12-04,-2.07,1.50,-0.028,0.028
2023-12-05,-2.45,1.14,0.021,-0.030
2023-12-06,-1.82,1.18,0.053,-0.073
2023-12-07,1.71,-1.65,0.069,-0.141
2023-12-08,-3.04,1.29,-0.065,0.013
2023-12-09,-3.27,1.13,-0.124,0.123
2023-12-10,-3.89,1.65,-0.210,0.197
2023-12-11,-3.60,1.45,-0.217,0.195
2023-12-12,-3.68,1.27,-0.103,0.097
2023-12-13,-3.79,1.77,0.014,-0.003
2023-12-14,-3.07,1.56,0.052,-0.054
2023-12-15,-3.01,1.34,-0.008,-0.037
2023-12-16,-2.76,1.47,-0.063,0.026
2023-12-17,-3.33,2.42,-0.082,0.031
2023-12-18,-1.90,2.11,-0.001,0.015
2023-12-19,1.38,-0.19,0.181,-0.169
2023-12-20,-0.55,-1.29,0.110,-0.136
2023-12-21,-1.91,-1.39,0.058,-0.091
2023-12-22,-1.49,0.46,-0.012,-0.023
2023-12-23,-2.26,0.96,-0.121,0.107
2023-12-24,1.53,0.68,-0.106,0.102
2023-12-25,-1.67,1.08,-0.107,0.087
2023-12-26,-2.21,1.17,-0.079,0.071
2023-12-27,-1.51,1.10,0.025,-0.041
2023-12-28,-1.55,0.86,0.065,-0.045
2023-12-29,-0.29,1.27,0.082,-0.052
2023-12-30,-1.29,-0.07,0.091,-0.073
2023-12-31,-1.55,-0.11,0.055,-0.063
2024-01-01,-2.27,0.36,-0.046,0.087
2024-01-02,-1.89,1.64,-0.082,0.087
2024-01-03,-1.76,-0.34,-0.099,0.093
2024-01-04,-1.13,0.79,-0.074,0.092
2024-01-05,1.78,-0.75,-0.032,0.046
2024-01-06,-2.39,1.27,-0.080,0.080
2024-01-07,-2.65,1.29,-0.076,0.070
2024-01-08,-2.79,1.18,-0.081,0.073
2024-01-09,-3.68,1.96,-0.080,0.095
2024-01-10,-3.14,1.46,-0.066,0.068
2024-01-11,-2.57,0.94,-0.029,0.037
2024-01-12,-3.09,1.19,-0.033,-0.021
2024-01-13,-3.28,1.26,-0.016,-0.019
2024-01-14,-3.11,1.07,-0.002,-0.000
2024-01-15,-3.40,1.89,-0.005,-0.007
2024-01-16,-3.65,1.55,-0.014,-0.010
2024-01-17,-3.59,1.45,-0.016,-0.023
2024-01-18,-3.80,1.77,-0.014,-0.010
2024-01-19,-2.84,1.64,-0.050,-0.017
2024-01-20,-1.31,1.18,0.041,-0.088
2024-01-21,1.45,0.31,0.070,-0.181
2024-01-22,-3.34,0.96,-0.094,-0.031
2024-01-23,-4.82,1.47,-0.107,0.126
2024-01-24,-4.29,1.56,-0.138,0.127
2024-01-25,-4.08,1.33,-0.108,0.110
2024-01-26,-3.42,1.98,-0.066,0.086
2024-01-27,-3.20,1.92,-0.023,-0.017
2024-01-28,-3.12,1.39,0.012,-0.036
2024-01-29,-0.73,1.81,0.066,-0.037
2024-01-30,2.28,-0.74,0.085,-0.205
2024-01-31,0.56,1.46,-0.023,-0.001
2024-02-01,2.33,-0.94,-0.073,-0.015
2024-02-02,1.22,-1.40,-0.122,0.069
2024-02-03,-1.22,0.99,-0.085,0.065
2024-02-04,-2.06,1.39,-0.119,0.122
2024-02-05,-1.36,0.72,-0.092,0.063
2024-02-06,1.92,0.78,-0.057,0.059
2024-02-07,3.75,-1.15,-0.024,0.014
2024-02-08,3.41,-1.04,-0.089,0.087
2024-02-09,-2.25,-0.04,-0.219,0.203
2024-02-10,-3.24,1.44,-0.316,0.265
2024-02-11,-3.39,1.73,-0.341,0.258
2024-02-12,-3.45,1.91,-0.291,0.196
2024-02-13,-2.04,0.78,-0.136,0.092
2024-02-14,-1.72,-0.12,0.029,-0.029
2024-02-15,-2.15,0.23,0.031,-0.043
2024-02-16,-2.68,0.57,0.015,0.026
2024-02-17,-2.31,0.66,0.032,-0.065
2024-02-18,-1.98,1.10,-0.012,0.005
2024-02-19,-1.76,0.93,-0.027,0.016
2024-02-20,1.20,-1.08,-0.114,0.013
2024-02-21,1.68,-1.68,-0.109,0.068
2024-02-22,3.53,-1.96,-0.069,0.057
2024-02-23,-2.17,0.75,-0.170,0.154
2024-02-24,-0.78,2.04,-0.207,0.176
2024-02-25,0.49,-1.49,-0.224,0.155
2024-02-26,-2.00,-0.54,-0.241,0.137
2024-02-27,-2.78,0.64,-0.208,0.149
2024-02-28,-3.49,1.20,-0.186,0.130
2024-02-29,-3.36,0.84,-0.170,0.124
2024-03-01,-3.53,0.43,-0.128,0.070
2024-03-02,-4.08,1.02,-0.070,0.047
2024-03-03,-3.60,1.60,-0.031,0.033
2024-03-04,-3.58,1.45,-0.036,-0.002
2024-03-05,-3.55,1.15,-0.028,0.015
2024-03-06,-3.54,1.08,-0.017,0.000
2024-03-07,-2.78,0.69,0.020,-0.077
2024-03-08,-2.03,0.47,-0.012,-0.054
2024-03-09,-2.85,0.55,-0.046,0.038
2024-03-10,-2.98,0.53,-0.080,0.071
2024-03-11,-0.19,-1.57,-0.115,0.028
2024-03-12,-2.28,0.32,-0.166,0.069
2024-03-13,-3.36,0.84,-0.135,0.094
2024-03-14,-3.47,1.06,-0.133,0.080
2024-03-15,-4.02,1.08,-0.152,0.108
2024-03-16,-3.65,1.12,-0.155,0.114
2024-03-17,-3.47,0.74,-0.136,0.096
2024-03-18,-3.61,1.39,-0.087,0.070
2024-03-19,-1.86,0.57,0.011,-0.030
2024-03-20,1.84,-0.39,0.060,-0.103
2024-03-21,-0.13,-1.47,0.055,-0.057
2024-03-22,-2.74,0.39,0.029,-0.043
2024-03-23,-2.99,1.87,-0.049,0.048
2024-03-24,-1.39,1.92,0.035,-0.047
2024-03-25,2.02,-1.88,0.107,-0.156
2024-03-26,0.00,-1.77,0.096,-0.139
2024-03-27,-0.65,-1.40,0.097,-0.178
2024-03-28,1.46,-1.57,0.102,-0.215
2024-03-29,2.54,-0.78,0.065,-0.198
2024-03-30,-0.65,-3.05,-0.034,-0.109
2024-03-31,-2.70,-0.05,-0.055,0.076
2024-04-01,-2.90,1.29,-0.094,0.078
2024-04-02,-3.55,1.36,-0.130,0.127
2024-04-03,-3.80,1.09,-0.102,0.132
2024-04-04,-2.66,0.47,-0.004,0.051
2024-04-05,-1.66,-0.17,0.122,-0.120
2024-04-06,1.42,0.30,0.096,-0.168
2024-04-07,-0.99,-1.37,0.064,-0.113
2024-04-08,-1.21,-1.02,-0.023,0.005
2024-04-09,-3.41,-0.18,-0.087,0.084
2024-04-10,-3.67,1.41,-0.110,0.125
2024-04-11,-4.00,1.38,-0.141,0.163
2024-04-12,-4.05,1.16,-0.131,0.137
2024-04-13,-3.76,0.94,-0.119,0.136
2024-04-14,-3.35,0.77,-0.124,0.127
2024-04-15,-2.97,1.08,-0.150,0.122
2024-04-16,-1.94,0.45,-0.161,0.091
2024-04-17,-2.28,0.12,-0.164,0.075
2024-04-18,-2.17,-0.30,-0.190,0.070
2024-04-19,-1.80,-0.66,-0.167,0.060
2024-04-20,-2.79,0.05,-0.158,0.085
2024-04-21,-3.28,1.00,-0.126,0.081
2024-04-22,-3.05,1.05,-0.120,0.097
2024-04-23,-1.83,-0.06,,
2024-04-24,-1.44,-0.70,-0.108,0.034
2024-04-25,-1.75,0.60,-0.092,0.063
2024-04-26,-1.85,0.43,-0.106,0.056
2024-04-27,-1.75,0.12,-0.147,0.074
2024-04-28,-2.94,-0.10,-0.156,0.095
2024-04-29,-3.68,0.72,-0.167,0.134
2024-04-30,-4.15,0.96,-0.136,0.136
2024-05-01,-3.81,1.39,-0.108,0.076
2024-05-02,-1.42,0.82,-0.025,-0.047
2024-05-03,-1.41,0.84,0.088,-0.084
2024-05-04,-2.48,0.44,0.082,-0.080
2024-05-05,-2.06,0.29,0.055,-0.062
2024-05-06,-2.13,0.69,0.059,-0.047
2024-05-07,-2.33,0.71,0.047,-0.022
2024-05-08,-3.01,0.75,0.021,0.002
2024-05-09,-2.81,0.65,-0.056,0.068
2024-05-10,-2.54,0.45,-0.090,0.088
2024-05-11,-1.49,0.05,-0.032,0.048
2024-05-12,0.20,-1.44,0.067,-0.085
2024-05-13,-2.14,-0.04,0.045,-0.060
2024-05-14,-3.29,0.58,-0.044,0.065
2024-05-15,-3.45,0.48,-0.085,0.090
2024-05-16,-3.01,0.59,-0.083,0.069
2024-05-17,-2.25,-0.00,-0.049,0.041
2024-05-18,-2.46,0.26,-0.028,0.050
2024-05-19,-2.98,0.37,-0.032,0.058
2024-05-20,-2.32,0.80,-0.025,0.019
2024-05-21,0.87,1.11,0.065,-0.075
2024-05-22,-1.15,1.47,0.049,-0.043
2024-05-23,-2.03,1.48,0.036,-0.020
2024-05-24,1.08,1.12,0.106,-0.153
2024-05-25,0.46,-1.04,0.089,-0.151
2024-05-26,-1.49,0.82,0.054,-0.072
2024-05-27,-2.54,0.92,-0.017,0.045
2024-05-28,-2.68,1.42,-0.038,0.071
2024-05-29,-2.41,1.12,-0.026,0.058
2024-05-30,-2.48,1.00,-0.043,0.051
2024-05-31,-1.91,1.01,-0.011,0.028
2024-06-01,-1.50,0.83,0.035,-0.050
2024-06-02,-2.26,1.10,0.031,-0.026
2024-06-03,-2.53,1.35,-0.026,0.029
2024-06-04,0.35,1.52,0.016,-0.042
2024-06-05,-0.41,1.34,,
2024-06-06,0.06,1.64,,
2024-06-07,-0.11,1.60,,
2024-06-08,-0.74,0.80,,
2024-06-09,-2.52,1.28,-0.019,-0.041
2024-06-10,-3.03,0.99,-0.037,0.047
2024-06-11,-3.45,1.33,-0.050,0.063
2024-06-12,-3.81,0.67,-0.050,0.066
2024-06-13,-3.78,0.73,-0.060,0.064
2024-06-14,-3.70,1.06,-0.074,0.059
2024-06-15,-2.87,0.46,-0.068,0.010
2024-06-16,-1.32,-0.59,0.000,-0.022
2024-06-17,-0.12,1.12,0.023,-0.024
2024-06-18,-1.36,0.47,-0.033,0.026
2024-06-19,-1.50,0.83,0.036,-0.000
2024-06-20,-2.33,1.63,-0.010,0.021
2024-06-21,-3.47,1.19,-0.079,0.057
2024-06-22,-2.73,1.16,-0.106,0.096
2024-06-23,-2.97,0.91,-0.115,0.096
2024-06-24,-2.72,1.33,-0.118,0.098
2024-06-25,-3.29,0.94,-0.092,0.077
2024-06-26,-3.41,1.59,-0.043,0.030
2024-06-27,-3.22,0.99,-0.012,0.010
2024-06-28,-3.25,0.57,-0.016,0.021
2024-06-29,-3.43,0.73,-0.063,0.046
2024-06-30,-3.26,0.87,-0.064,0.026
2024-07-01,-3.64,0.91,-0.024,-0.016
2024-07-02,-3.60,1.68,-0.019,0.019
2024-07-03,-3.67,1.64,-0.047,0.038
2024-07-04,-4.04,1.31,-0.078,0.059
2024-07-05,-2.59,1.88,-0.053,0.045
2024-07-06,-0.54,-1.15,0.074,-0.104
2024-07-07,-3.49,1.13,0.063,-0.068
2024-07-08,-4.24,0.98,-0.012,-0.028
2024-07-09,-3.35,1.22,0.008,-0.028
2024-07-10,-2.52,0.92,0.039,-0.055
2024-07-11,-3.08,0.65,0.023,-0.043
2024-07-12,-3.80,1.24,-0.032,0.028
2024-07-13,-3.70,1.06,-0.086,0.081
2024-07-14,-3.25,0.75,-0.104,0.069
2024-07-15,-3.01,0.21,-0.085,0.053
2024-07-16,-3.15,0.84,-0.083,0.036
2024-07-17,-3.21,1.56,-0.040,0.052
2024-07-18,-3.92,1.27,-0.039,0.057
2024-07-19,-3.90,1.27,-0.038,0.049
2024-07-20,-3.72,1.43,-0.058,0.047
2024-07-21,-4.12,1.26,-0.064,0.058
2024-07-22,-3.46,1.19,-0.028,0.019
2024-07-23,-4.06,1.48,-0.024,0.035
2024-07-24,-3.58,1.30,0.013,-0.054
2024-07-25,-3.27,1.46,0.056,-0.067
2024-07-26,-4.00,1.30,0.034,-0.052
2024-07-27,-3.41,0.79,-0.009,-0.014
2024-07-28,-3.19,0.56,-0.024,0.037
2024-07-29,-3.17,0.91,-0.049,0.058
2024-07-30,-3.64,1.04,-0.071,0.056
2024-07-31,-3.43,0.79,-0.087,0.076
2024-08-01,-2.20,0.89,-0.088,0.096
2024-08-02,-3.58,1.16,-0.098,0.090
2024-08-03,-3.41,1.18,-0.077,0.081
2024-08-04,-3.89,1.26,-0.071,0.081
2024-08-05,-3.73,1.00,-0.079,0.067
2024-08-06,-3.80,1.02,-0.086,0.080
2024-08-07,-3.20,1.10,-0.060,0.030
2024-08-08,-2.83,0.71,0.022,-0.047
2024-08-09,-3.68,0.92,0.005,0.000
2024-08-10,-3.89,0.62,-0.065,0.050
2024-08-11,-2.66,0.37,-0.092,0.050
2024-08-12,-3.49,0.81,-0.081,0.056
2024-08-13,-3.36,0.65,-0.033,0.034
2024-08-14,2.50,-1.56,0.076,-0.068
2024-08-15,1.58,1.07,0.097,-0.150
2024-08-16,0.49,-1.42,0.087,-0.082
2024-08-17,-1.72,-0.24,0.010,0.005
2024-08-18,-2.06,1.14,-0.016,0.031
2024-08-19,-2.78,0.59,-0.051,0.030
2024-08-20,-3.83,1.17,-0.070,0.083
2024-08-21,-3.97,0.92,-0.078,0.072
2024-08-22,-3.22,1.43,-0.086,0.049
2024-08-23,-3.72,1.35,-0.075,0.072
2024-08-24,-3.75,0.87,-0.069,0.056
2024-08-25,-3.00,0.58,-0.042,0.033
2024-08-26,-2.80,0.91,-0.036,0.036
2024-08-27,-2.99,0.64,-0.017,-0.009
2024-08-28,-3.19,0.98,-0.008,-0.014
2024-08-29,-3.32,0.95,-0.057,-0.027
2024-08-30,-3.40,1.37,-0.063,0.011
2024-08-31,-3.31,0.76,-0.040,0.005
2024-09-01,-3.34,0.83,-0.064,0.014
2024-09-02,-3.23,0.99,-0.062,0.025
2024-09-03,-3.65,1.63,-0.031,0.041
2024-09-04,-3.89,1.04,-0.042,0.012
2024-09-05,-3.05,0.76,-0.045,-0.012
2024-09-06,-2.59,0.55,-0.035,0.005
2024-09-07,-3.06,0.71,-0.051,0.010
2024-09-08,-3.20,0.98,-0.040,0.026
2024-09-09,-3.24,0.87,-0.050,0.045
2024-09-10,-2.61,0.46,-0.071,0.049
2024-09-11,-2.52,0.63,-0.027,-0.002
2024-09-12,-2.67,0.62,0.012,-0.036
2024-09-13,-2.34,0.41,0.020,-0.046
2024-09-14,-1.39,0.81,0.036,-0.026
2024-09-15,-1.41,0.43,0.060,-0.059
2024-09-16,-2.57,0.69,0.021,-0.005
2024-09-17,-3.78,0.87,-0.028,0.035
2024-09-18,-3.70,0.99,-0.063,0.051
2024-09-19,-3.10,0.66,-0.079,0.047
2024-09-20,-2.84,0.45,-0.046,0.022
2024-09-21,-1.48,0.23,0.015,-0.016
2024-09-22,-1.44,0.58,0.062,-0.044
2024-09-23,-1.41,0.02,0.078,-0.066
2024-09-24,-1.62,0.69,0.040,-0.036
2024-09-25,-2.73,0.68,0.000,0.012
2024-09-26,-2.78,1.24,-0.042,0.033
2024-09-27,-2.98,1.20,-0.087,0.055
2024-09-28,-3.38,1.03,-0.095,0.081
2024-09-29,-2.64,0.71,-0.091,0.079
2024-09-30,-2.05,0.55,-0.035,0.018
2024-10-01,-2.21,0.63,0.028,-0.004
2024-10-02,-2.05,-0.33,0.030,-0.030
2024-10-03,-2.06,-0.25,0.049,-0.041
2024-10-04,-2.09,-0.00,0.052,-0.059
2024-10-05,-1.16,-1.01,0.032,-0.069
2024-10-06,-1.58,0.36,0.036,-0.057
2024-10-07,-0.42,1.39,0.040,-0.029
2024-10-08,-1.36,0.76,0.053,-0.055
2024-10-09,0.80,-0.88,0.091,-0.112
2024-10-10,0.87,1.04,0.096,-0.127
2024-10-11,1.01,-0.54,0.095,-0.158
2024-10-12,-1.14,0.04,0.040,-0.158
2024-10-13,-2.43,0.17,-0.022,-0.012
2024-10-14,-2.32,0.89,-0.035,0.057
2024-10-15,-1.82,1.53,-0.035,0.055
2024-10-16,-2.68,1.37,-0.002,0.007
2024-10-17,-2.91,1.55,0.007,-0.002
2024-10-18,-3.26,1.00,-0.007,0.003
2024-10-19,-1.23,0.55,0.024,-0.057
2024-10-20,-2.34,0.54,0.024,-0.055
2024-10-21,-1.72,1.45,0.019,-0.021
2024-10-22,-1.39,1.84,0.071,-0.056
2024-10-23,1.16,0.57,0.092,-0.158
2024-10-24,0.55,0.96,0.054,-0.095
2024-10-25,-1.74,0.09,0.030,-0.071
2024-10-26,-2.16,0.15,-0.043,0.025
2024-10-27,-1.42,0.07,-0.037,0.005
2024-10-28,-1.71,0.40,-0.021,-0.021
2024-10-29,-2.25,1.05,-0.046,0.034
2024-10-30,-2.45,0.99,-0.052,0.077
2024-10-31,-1.76,1.14,-0.075,0.071
2024-11-01,-1.87,0.79,-0.110,0.082
2024-11-02,-1.02,0.48,-0.105,0.081
2024-11-03,0.19,0.96,-0.049,0.057
2024-11-04,-1.76,1.28,0.031,0.023
2024-11-05,-3.19,1.42,0.037,-0.014
2024-11-06,-3.40,1.30,-0.023,-0.002
2024-11-07,-2.80,0.96,-0.075,0.048
2024-11-08,0.85,1.02,-0.029,0.026
2024-11-09,-0.71,0.85,0.012,-0.023
2024-11-10,-1.75,1.52,0.030,-0.009
2024-11-11,-3.08,1.71,-0.074,0.051
2024-11-12,-1.65,1.44,-0.016,0.034
2024-11-13,1.61,-0.31,0.065,-0.093
2024-11-14,-1.76,0.57,0.000,-0.003
2024-11-15,-2.30,0.62,-0.019,0.030
2024-11-16,1.74,-1.05,0.012,-0.025
2024-11-17,-0.19,-1.51,0.000,-0.012
2024-11-18,-1.48,-0.42,-0.026,-0.004
2024-11-19,-1.91,1.24,-0.058,0.056
2024-11-20,-2.01,0.81,-0.077,0.079
2024-11-21,-1.79,0.62,-0.076,0.064
2024-11-22,0.12,1.76,-0.034,0.026
2024-11-23,1.08,0.78,0.046,-0.047
2024-11-24,-2.16,1.10,0.032,-0.018
2024-11-25,-2.68,1.55,-0.030,0.042
2024-11-26,-2.49,1.49,-0.052,0.058
2024-11-27,-1.49,1.30,-0.028,0.007
2024-11-28,-2.23,1.29,-0.023,-0.000
2024-11-29,-1.57,0.73,0.033,-0.059
2024-11-30,-1.44,0.80,0.061,-0.061
2024-12-01,-1.76,0.54,0.028,0.008
2024-12-02,-1.67,0.64,0.016,-0.016
2024-12-03,-1.47,0.18,0.071,-0.085
2024-12-04,-2.03,-0.62,0.042,-0.082
2024-12-05,-3.42,0.12,-0.052,0.064
2024-12-06,-1.78,1.07,-0.071,0.050
2024-12-07,-1.41,-0.20,-0.040,-0.003
2024-12-08,-1.81,-0.13,-0.014,0.012
2024-12-09,-2.50,1.22,-0.053,0.052
2024-12-10,-2.64,1.07,-0.069,0.065
2024-12-11,-2.87,1.46,-0.049,0.057
2024-12-12,-2.22,0.90,-0.057,0.057
2024-12-13,-0.99,-1.85,-0.060,-0.000
2024-12-14,2.33,-0.41,0.045,-0.053
2024-12-15,-1.09,1.68,0.044,-0.023
2024-12-16,-1.71,0.95,0.016,0.012
2024-12-17,-2.40,1.28,-0.009,0.007
2024-12-18,-3.03,1.22,-0.026,0.007
2024-12-19,-3.05,1.62,-0.043,0.041
2024-12-20,-1.13,1.96,0.016,-0.003
2024-12-21,1.95,0.34,0.112,-0.161
2024-12-22,-1.13,0.85,0.049,-0.101
2024-12-23,-1.83,0.42,-0.014,-0.000
2024-12-24,-2.88,1.05,-0.081,0.068
2024-12-25,-3.04,0.99,-0.110,0.097
2024-12-26,-2.36,0.37,-0.126,0.118
2024-12-27,-1.47,-0.48,-0.116,0.085
2024-12-28,-3.07,-0.49,-0.115,0.092
2024-12-29,-3.01,0.81,-0.073,0.079
2024-12-30,-2.16,1.51,-0.029,0.026
2024-12-31,-2.22,1.13,0.019,-0.022
2025-01-01,-1.55,1.17,0.026,-0.026
2025-01-02,-1.47,0.81,0.037,-0.012
2025-01-03,-1.79,1.08,0.051,-0.050
2025-01-04,-1.73,-0.27,0.051,-0.109
2025-01-05,-2.44,-1.19,0.013,-0.090
2025-01-06,-2.80,1.08,-0.024,0.001
2025-01-07,-0.86,1.48,-0.007,0.005
2025-01-08,2.20,-0.67,0.051,-0.070
2025-01-09,1.76,-1.10,0.050,-0.102
2025-01-10,1.10,-1.51,0.036,-0.130
2025-01-11,-1.75,0.97,0.000,0.019
2025-01-12,1.03,-0.53,0.000,-0.014
2025-01-13,-1.74,-0.15,-0.044,0.031
2025-01-14,-1.71,0.59,-0.026,0.053
2025-01-15,-1.79,0.12,-0.074,0.070
2025-01-16,-1.39,-0.68,-0.089,0.061
2025-01-17,-2.94,0.90,-0.104,0.099
2025-01-18,-3.74,1.75,-0.102,0.106
2025-01-19,-3.74,1.82,-0.091,0.098
2025-01-20,-3.70,2.05,-0.050,0.061
2025-01-21,-3.71,1.89,-0.028,0.019
2025-01-22,-2.80,1.08,-0.000,-0.000
2025-01-23,-3.03,1.75,0.026,0.003
2025-01-24,-3.06,1.56,0.012,-0.049
2025-01-25,-2.63,1.34,0.042,-0.115
2025-01-26,-3.43,0.79,-0.016,-0.054
2025-01-27,-3.51,1.56,-0.024,0.012
2025-01-28,-2.15,0.91,-0.033,0.031
2025-01-29,-1.32,0.40,0.006,-0.040
2025-01-30,-2.33,0.29,0.000,-0.030
2025-01-31,-3.92,1.20,-0.025,0.053
2025-02-01,-3.40,1.24,-0.066,0.072
2025-02-02,-3.64,1.18,-0.069,0.073
2025-02-03,-3.33,0.95,-0.078,0.040
2025-02-04,-3.14,0.78,-0.051,0.031
2025-02-05,-2.68,0.52,-0.055,0.027
2025-02-06,-3.14,1.40,-0.040,0.036
2025-02-07,-3.44,1.83,-0.038,0.038
2025-02-08,-3.57,1.16,-0.038,0.026
2025-02-09,-3.50,0.87,-0.035,-0.000
2025-02-10,-2.98,1.27,-0.023,-0.016
2025-02-11,-3.37,1.16,-0.024,-0.010
2025-02-12,-3.93,1.83,-0.026,-0.010
2025-02-13,-4.35,1.33,-0.031,0.012
2025-02-14,-3.62,1.25,-0.031,-0.017
2025-02-15,-3.67,1.41,-0.033,-0.017
2025-02-16,-3.27,1.39,-0.031,-0.019
2025-02-17,-2.90,1.23,-0.026,-0.012
2025-02-18,-3.21,1.11,-0.019,-0.035
2025-02-19,-3.49,1.48,-0.023,-0.038
2025-02-20,-2.51,1.12,-0.033,-0.033
2025-02-21,-2.20,0.19,-0.024,-0.042
2025-02-22,-2.65,0.86,-0.054,0.050
2025-02-23,-3.14,0.96,-0.069,0.085
2025-02-24,-3.08,1.24,-0.085,0.097
2025-02-25,-2.83,1.64,-0.067,0.085
2025-02-26,1.77,0.16,0.020,-0.031
2025-02-27,-1.81,0.19,-0.026,0.040
2025-02-28,-2.73,0.63,-0.039,0.055
2025-03-01,-3.11,1.13,-0.046,0.047
2025-03-02,-1.69,0.98,-0.020,0.010
2025-03-03,1.50,-0.13,0.045,-0.060
2025-03-04,-2.01,0.18,0.025,-0.029
2025-03-05,-2.71,0.38,-0.055,0.034
2025-03-06,-1.58,-0.03,-0.037,-0.000
2025-03-07,0.94,-1.64,0.027,-0.038
2025-03-08,-2.36,0.04,-0.021,0.004
2025-03-09,-2.50,0.26,-0.014,-0.040
2025-03-10,-2.83,0.25,-0.050,0.036
2025-03-11,0.45,-1.95,-0.003,-0.012
2025-03-12,1.47,-1.37,0.059,-0.098
2025-03-13,-1.85,-0.75,0.008,-0.030
2025-03-14,-2.28,0.36,-0.012,-0.000
2025-03-15,-1.81,-0.59,-0.028,-0.000
2025-03-16,-2.78,0.24,-0.042,0.015
2025-03-17,-2.46,-0.26,-0.035,-0.000
2025-03-18,2.19,-1.65,0.007,-0.026
2025-03-19,3.13,-2.36,0.062,-0.090
2025-03-20,2.68,-0.87,0.058,-0.101
2025-03-21,-0.79,-1.76,-0.011,-0.060
2025-03-22,-3.22,0.57,-0.072,0.033
2025-03-23,-3.84,0.61,-0.091,0.079
2025-03-24,-4.57,1.57,-0.105,0.108
2025-03-25,-4.23,1.62,-0.118,0.116
2025-03-26,-3.03,0.99,-0.070,0.076
2025-03-27,-1.83,0.06,0.022,-0.041
2025-03-28,-2.73,0.24,0.033,-0.023
2025-03-29,-3.76,1.01,-0.039,0.035
2025-03-30,-4.23,1.46,-0.064,0.035
2025-03-31,-4.28,1.47,-0.055,0.050
2025-04-01,-3.69,1.64,-0.043,0.027
2025-04-02,-4.32,1.40,-0.019,-0.012
2025-04-03,-4.48,1.54,-0.039,0.012
2025-04-04,-4.86,1.39,-0.056,0.038
2025-04-05,-4.22,0.90,-0.056,0.028
2025-04-06,-3.79,0.74,-0.044,0.026
2025-04-07,-3.85,1.18,-0.031,0.010
2025-04-08,-3.80,0.81,-0.023,-0.017
2025-04-09,-2.70,0.52,0.025,-0.068
2025-04-10,-1.11,0.90,0.069,-0.114
2025-04-11,-1.50,0.67,0.059,-0.110
2025-04-12,-0.21,-1.08,0.065,-0.041
2025-04-13,1.39,-0.80,0.110,-0.147
2025-04-14,-2.43,-0.70,0.002,-0.134
2025-04-15,-3.97,0.77,-0.062,0.056
2025-04-16,-1.81,1.27,-0.066,0.082
2025-04-17,-1.52,-0.00,-0.056,0.063
2025-04-18,-1.07,-1.71,-0.014,-0.008
2025-04-19,-2.87,-0.40,-0.046,0.054
2025-04-20,-2.93,0.21,-0.099,0.096
2025-04-21,-1.84,-1.65,-0.098,0.088
2025-04-22,-0.78,-2.54,-0.099,0.060
2025-04-23,-1.38,-0.97,-0.078,0.070
2025-04-24,-1.15,-1.19,-0.040,0.051
2025-04-25,-1.75,-0.44,-0.024,0.021
2025-04-26,-1.60,0.61,-0.005,0.019
2025-04-27,-2.01,0.81,0.007,0.007
2025-04-28,-1.91,0.10,0.004,0.002
2025-04-29,-1.17,-0.23,-0.012,0.004
2025-04-30,-1.90,-0.03,-0.019,0.009
2025-05-01,-2.20,0.55,-0.045,0.051
2025-05-02,-2.19,0.76,-0.048,0.041
2025-05-03,-2.70,1.04,-0.047,0.058
2025-05-04,-2.45,0.80,-0.034,0.031
2025-05-05,-2.29,1.22,-0.003,-0.000
2025-05-06,-1.99,0.61,0.033,-0.020
2025-05-07,-1.64,-0.56,0.065,-0.054
2025-05-08,-1.85,-0.46,0.050,-0.072
2025-05-09,-2.83,0.71,-0.009,-0.012
2025-05-10,-3.34,1.15,-0.038,0.029
2025-05-11,-3.43,0.79,-0.072,0.056
2025-05-12,-4.16,0.96,-0.076,0.070
2025-05-13,-4.31,1.07,-0.079,0.069
2025-05-14,-3.51,1.71,-0.062,0.041
2025-05-15,-2.98,1.65,-0.022,0.012
2025-05-16,-2.37,1.01,-0.002,0.016
2025-05-17,-2.31,0.32,0.030,-0.007
2025-05-18,-2.14,0.22,0.045,-0.039
2025-05-19,-2.84,0.40,-0.012,-0.017
2025-05-20,-2.90,0.41,-0.031,0.014
2025-05-21,-2.35,0.25,-0.017,0.017
2025-05-22,-3.17,0.62,-0.026,0.021
2025-05-23,-3.79,0.74,-0.044,0.044
2025-05-24,-4.44,1.36,-0.050,0.058
2025-05-25,-4.15,1.35,-0.061,0.060
2025-05-26,-4.08,0.94,-0.073,0.059
2025-05-27,-3.08,1.31,-0.054,0.040
2025-05-28,-3.01,0.42,-0.038,0.032
2025-05-29,-4.08,1.09,-0.052,0.063
2025-05-30,-3.52,1.42,-0.079,0.055
2025-05-31,-2.23,0.77,-0.029,0.017
2025-06-01,-2.47,1.79,0.045,-0.017
2025-06-02,-4.11,2.38,0.009,-0.019
2025-06-03,-4.33,1.16,-0.019,-0.035
2025-06-04,-4.79,1.20,-0.055,0.023
2025-06-05,-3.65,0.84,-0.070,0.029
2025-06-06,-3.60,1.03,-0.069,0.045
2025-06-07,-3.49,1.00,-0.047,0.024
2025-06-08,-3.84,1.47,-0.051,0.026
2025-06-09,-3.64,1.18,-0.058,0.058
2025-06-10,-3.78,1.15,-0.045,0.027
2025-06-11,-3.65,1.78,-0.035,0.026
2025-06-12,-4.25,1.22,-0.044,0.029
2025-06-13,-4.21,0.89,-0.059,0.033
2025-06-14,-3.66,0.98,-0.051,0.024
2025-06-15,-3.52,1.28,-0.049,0.016
2025-06-16,-3.54,1.58,-0.045,0.027
2025-06-17,-3.75,1.36,-0.065,0.033
2025-06-18,-4.22,0.97,-0.076,0.055
2025-06-19,-3.98,0.85,-0.109,0.073
2025-06-20,-3.72,1.07,-0.119,0.075
2025-06-21,-3.76,0.80,-0.125,0.069
2025-06-22,-3.29,0.64,-0.124,0.053
2025-06-23,-2.61,1.06,-0.118,0.051
2025-06-24,-3.38,1.43,-0.116,0.088
2025-06-25,-3.87,1.41,-0.084,0.073
2025-06-26,-4.67,1.70,-0.050,0.058
2025-06-27,-4.64,1.07,-0.054,0.032
2025-06-28,-3.20,1.04,-0.051,-0.000
2025-06-29,-2.89,1.17,0.010,-0.040
2025-06-30,-3.77,1.60,-0.000,-0.005
2025-07-01,-4.16,1.12,-0.026,0.007
2025-07-02,-4.02,1.38,-0.047,0.026
2025-07-03,-3.78,1.15,-0.076,0.049
2025-07-04,-2.82,0.76,-0.044,0.015
2025-07-05,-2.77,0.74,0.012,-0.019
2025-07-06,-3.10,0.72,0.005,-0.005
2025-07-07,-3.41,0.91,-0.021,-0.000
2025-07-08,-3.91,1.42,-0.063,0.048
2025-07-09,-4.17,1.44,-0.077,0.055
2025-07-10,-4.22,1.45,-0.065,0.054
2025-07-11,-4.21,1.13,-0.070,0.042
2025-07-12,-4.04,0.79,-0.076,0.048
2025-07-13,-2.99,0.80,-0.069,0.029
2025-07-14,-3.11,0.83,-0.051,-0.000
2025-07-15,-3.81,1.24,-0.046,0.002
2025-07-16,-3.99,1.30,-0.062,0.038
2025-07-17,-4.14,0.96,-0.082,0.061
2025-07-18,-4.34,0.77,-0.107,0.065
2025-07-19,-3.55,0.50,-0.101,0.063
2025-07-20,-2.92,0.84,-0.092,0.042
2025-07-21,-3.47,1.06,-0.078,0.038
2025-07-22,-3.50,1.34,-0.043,0.048
2025-07-23,-3.72,1.35,-0.062,0.037
2025-07-24,-4.46,1.20,-0.067,0.043
2025-07-25,-3.61,0.70,-0.047,0.038
2025-07-26,-3.35,0.77,-0.054,0.035
2025-07-27,-3.25,1.31,-0.054,0.033
2025-07-28,-2.99,1.21,-0.048,0.053
2025-07-29,-2.54,0.73,-0.026,0.014
2025-07-30,-2.38,0.21,0.011,-0.004
2025-07-31,-3.22,0.74,0.007,0.014
2025-08-01,-3.97,1.14,-0.044,0.035
2025-08-02,-3.68,0.85,-0.062,0.045
2025-08-03,-1.17,0.62,0.030,-0.018
2025-08-04,-2.12,0.49,0.074,-0.060
2025-08-05,-2.71,0.73,0.061,-0.041
2025-08-06,-2.78,0.96,0.002,-0.036
2025-08-07,-2.91,0.73,-0.049,-0.000
2025-08-08,-3.27,1.06,-0.076,0.057
2025-08-09,-2.77,0.79,-0.075,0.055
2025-08-10,-3.07,0.54,-0.063,0.049
2025-08-11,-3.36,0.90,-0.070,0.049
2025-08-12,-3.18,0.85,-0.061,0.049
2025-08-13,-2.68,0.82,-0.037,0.006
2025-08-14,-2.61,0.75,0.003,0.000
2025-08-15,-3.00,0.97,0.018,-0.014
2025-08-16,-1.66,-1.25,0.020,-0.025
2025-08-17,4.60,-0.40,0.110,-0.135
2025-08-18,2.75,2.56,0.084,-0.121
2025-08-19,1.53,0.92,0.090,-0.129
2025-08-20,-1.34,1.39,0.029,-0.080
2025-08-21,-2.67,0.52,-0.021,0.011
2025-08-22,-2.90,1.06,-0.014,0.015
2025-08-23,-2.97,0.79,-0.043,0.042
2025-08-24,-2.85,1.04,-0.055,0.042
2025-08-25,-3.66,1.19,-0.080,0.071
2025-08-26,-3.35,1.29,-0.097,0.073
2025-08-27,-2.89,0.83,-0.087,0.065
2025-08-28,-2.78,0.69,-0.076,0.064
2025-08-29,-1.81,0.55,0.007,0.014
2025-08-30,-1.87,0.61,0.039,-0.004
2025-08-31,-2.26,0.87,0.033,-0.020
2025-09-01,-2.56,0.59,0.005,-0.005
2025-09-02,-1.83,0.59,0.024,-0.064
2025-09-03,-0.37,0.92,0.085,-0.107
2025-09-04,-1.79,0.80,0.068,-0.062
2025-09-05,-2.60,0.23,0.019,-0.030
2025-09-06,-2.25,0.86,-0.010,0.021
2025-09-07,-1.76,0.31,0.029,-0.038
2025-09-08,-1.28,1.12,0.019,-0.028
2025-09-09,-1.23,1.23,0.049,-0.047
2025-09-10,-2.48,0.57,0.003,0.010
2025-09-11,-1.82,0.39,-0.012,0.004
2025-09-12,-1.45,0.87,0.030,-0.016
2025-09-13,1.04,-0.68,0.055,-0.068
2025-09-14,-1.17,0.91,0.041,-0.065
2025-09-15,-2.84,0.76,-0.014,0.009
2025-09-16,-3.78,0.80,-0.061,0.079
2025-09-17,-2.86,0.40,-0.083,0.071
2025-09-18,-2.98,0.58,-0.088,0.080
2025-09-19,-2.04,0.32,-0.045,0.046
2025-09-20,-1.09,-0.02,0.045,-0.053
2025-09-21,-0.10,1.41,0.062,-0.051
2025-09-22,-1.46,0.53,0.030,-0.032
2025-09-23,-2.26,1.25,-0.035,0.050
2025-09-24,-2.92,0.67,-0.069,0.075
2025-09-25,-1.69,1.01,-0.059,0.061
2025-09-26,-3.03,1.61,-0.054,0.090
2025-09-27,-2.72,2.20,-0.015,0.040
2025-09-28,1.22,0.55,0.080,-0.149
2025-09-29,1.12,0.55,0.050,-0.172
2025-09-30,1.46,0.53,0.029,-0.137
2025-10-01,0.97,0.97,0.043,-0.120
2025-10-02,0.72,-1.12,0.040,-0.138
2025-10-03,-1.46,0.39,-0.012,-0.020
2025-10-04,-1.41,0.66,-0.005,-0.003
2025-10-05,-1.68,0.68,-0.015,-0.012
2025-10-06,-1.09,1.02,-0.021,0.016
2025-10-07,-1.72,0.63,-0.028,0.017
2025-10-08,-1.57,0.77,-0.031,0.007
2025-10-09,1.00,0.87,0.030,-0.051
2025-10-10,1.14,-0.33,0.000,-0.067
2025-10-11,-1.01,1.25,0.014,-0.042
2025-10-12,-0.91,1.64,-0.007,0.007
2025-10-13,-1.55,0.63,-0.009,0.014
2025-10-14,-2.33,1.18,-0.041,0.050
2025-10-15,1.19,0.66,0.008,-0.018
2025-10-16,1.81,-0.59,0.063,-0.115
2025-10-17,1.68,0.33,0.042,-0.061
2025-10-18,-1.00,1.11,-0.023,-0.011
2025-10-19,-1.43,1.43,-0.081,0.075
2025-10-20,-2.19,0.71,-0.093,0.082
2025-10-21,-2.59,1.44,-0.115,0.119
2025-10-22,-2.27,1.59,-0.117,0.117
2025-10-23,-2.81,1.97,-0.120,0.139
2025-10-24,-3.19,1.77,-0.112,0.097
2025-10-25,-3.10,2.43,-0.074,0.062
2025-10-26,-3.09,1.71,-0.041,0.025
2025-10-27,-3.25,1.80,-0.007,-0.002
2025-10-28,-3.68,3.31,0.012,-0.012
2025-10-29,-3.97,3.33,0.062,-0.084
2025-10-30,0.28,1.76,0.173,-0.295
2025-10-31,0.90,-0.19,0.210,-0.404
2025-11-01,-2.01,0.81,0.111,-0.234
2025-11-02,-2.48,1.61,0.005,-0.009
2025-11-03,-2.63,1.06,-0.043,0.040
2025-11-04,-2.14,0.46,-0.041,0.027
2025-11-05,-1.65,0.47,-0.075,0.057
2025-11-06,-1.98,0.93,-0.040,0.064
2025-11-07,-2.48,1.26,-0.016,0.019
2025-11-08,-2.43,0.93,0.006,-0.012
2025-11-09,-2.96,1.44,0.000,0.007
2025-11-10,-3.09,1.79,-0.068,0.040
2025-11-11,-2.05,0.55,-0.022,-0.023
2025-11-12,-2.70,1.09,-0.014,-0.030
2025-11-13,-2.33,0.76,-0.032,-0.008
2025-11-14,-1.45,0.91,-0.024,0.016
2025-11-15,1.63,-0.09,0.033,-0.043
2025-11-16,0.57,0.94,0.046,-0.067
2025-11-17,1.16,0.04,0.031,-0.083
2025-11-18,-0.97,-0.10,-0.012,-0.045
2025-11-19,-2.17,0.97,-0.073,0.045
2025-11-20,-1.87,0.61,-0.102,0.086
2025-11-21,-2.13,0.99,-0.122,0.115
2025-11-22,-2.44,0.99,-0.133,0.130
2025-11-23,-1.87,0.83,-0.131,0.116
2025-11-24,-2.00,1.35,-0.126,0.111
2025-11-25,-2.91,1.48,-0.176,0.172
2025-11-26,-3.28,1.60,-0.133,0.125
2025-11-27,-2.95,1.50,-0.117,0.106
2025-11-28,-2.40,1.56,-0.078,0.046
2025-11-29,-2.80,1.19,-0.025,0.012
2025-11-30,-2.71,1.32,-0.014,-0.007
2025-12-01,-2.18,0.93,-0.017,-0.008
2025-12-02,-1.50,0.29,0.004,-0.023
2025-12-03,-1.26,-0.59,0.033,-0.060
2025-12-04,-2.12,0.41,0.032,-0.053
2025-12-05,-2.50,1.06,0.009,-0.026
2025-12-06,-2.87,1.80,-0.014,-0.000
2025-12-07,-2.95,1.63,-0.030,-0.000
2025-12-08,-1.95,0.95,-0.028,-0.021
2025-12-09,-1.54,0.82,0.041,-0.102
2025-12-10,-1.81,1.47,-0.007,-0.061
2025-12-11,-1.92,1.29,-0.019,-0.002
2025-12-12,-2.39,1.22,-0.044,0.046
2025-12-13,-3.03,1.75,-0.077,0.095
2025-12-14,-2.41,2.02,-0.083,0.077
2025-12-15,0.13,1.50,0.000,-0.032
2025-12-16,-2.10,0.89,0.046,-0.063
2025-12-17,-2.86,0.93,0.005,-0.051
2025-12-18,-3.08,1.37,-0.064,0.028
2025-12-19,-2.83,1.77,-0.056,0.046
2025-12-20,-2.48,0.85,-0.079,0.055
2025-12-21,-2.43,0.98,-0.074,0.072
2025-12-22,-2.12,-0.04,-0.073,0.042
2025-12-23,-2.17,1.47,-0.088,0.084
2025-12-24,-2.34,0.81,-0.079,0.061
2025-12-25,-0.83,-1.95,-0.052,0.017
2025-12-26,-1.34,1.17,-0.035,0.019
2025-12-27,-1.47,0.65,-0.028,0.019
2025-12-28,-1.09,-0.40,-0.007,-0.012
2025-12-29,-1.61,1.73,0.000,0.005
2025-12-30,-1.12,1.72,0.000,-0.023
2025-12-31,1.23,0.63,0.081,-0.093
2026-01-01,-0.66,1.29,0.065,-0.095
2026-01-02,-1.29,-0.09,0.078,-0.097
2026-01-03,-2.07,1.10,0.041,-0.065
2026-01-04,-0.31,1.48,0.043,-0.074
2026-01-05,1.29,0.52,0.098,-0.150
2026-01-06,-1.72,0.37,-0.003,-0.069
2026-01-07,-2.25,0.82,-0.055,0.075
2026-01-08,-2.39,1.32,-0.084,0.059
2026-01-09,-2.00,1.11,-0.083,0.077
2026-01-10,-2.15,1.14,-0.080,0.078
2026-01-11,-2.48,1.38,-0.085,0.076
2026-01-12,-1.91,0.81,-0.080,0.064
2026-01-13,-2.45,0.94,-0.078,0.062
2026-01-14,-2.80,1.13,-0.079,0.042
2026-01-15,-1.16,1.38,-0.023,-0.002
2026-01-16,-0.22,1.53,0.067,-0.076
2026-01-17,-3.08,2.08,0.008,-0.017
2026-01-18,-3.79,1.69,-0.045,0.031
2026-01-19,-2.93,1.49,-0.035,0.021
2026-01-20,-2.91,1.23,-0.009,-0.000
2026-01-21,-3.25,1.38,-0.036,0.020
2026-01-22,-3.22,1.17,-0.067,0.057
2026-01-23,-2.98,1.03,-0.074,0.056
2026-01-24,-2.82,1.03,-0.082,0.054
2026-01-25,-3.52,1.14,-0.080,0.058
2026-01-26,-3.38,1.58,-0.057,0.041
2026-01-27,-1.84,0.46,-0.000,-0.020
2026-01-28,-1.84,0.56,0.042,-0.078
2026-01-29,1.44,-0.52,0.103,-0.165
2026-01-30,-2.40,0.87,0.053,-0.118
2026-01-31,-1.24,-1.28,0.080,-0.151
2026-02-01,2.13,-1.09,0.111,-0.161
2026-02-02,3.58,-2.51,0.127,-0.206
2026-02-03,-0.19,-2.76,0.063,-0.142
2026-02-04,-2.25,1.89,-0.019,-0.000
2026-02-05,-1.62,2.50,-0.052,0.068
2026-02-06,3.85,-0.89,0.048,-0.050
2026-02-07,3.52,-1.87,0.069,-0.081
2026-02-08,2.67,-1.61,0.054,-0.171
2026-02-09,-1.14,-1.68,-0.017,-0.063
2026-02-10,-1.91,-0.77,-0.056,0.039
2026-02-11,-2.96,0.74,-0.068,0.073
2026-02-12,-2.00,1.30,-0.096,0.088
2026-02-13,1.31,-1.36,-0.044,0.034
2026-02-14,-0.91,-0.85,-0.060,0.028
2026-02-15,-3.17,0.45,-0.062,0.030
2026-02-16,-1.70,1.07,-0.040,0.004
2026-02-17,1.68,-0.78,0.025,-0.055
2026-02-18,-2.19,-0.00,-0.063,0.018
2026-02-19,-2.92,1.06,-0.056,0.046
2026-02-20,-3.39,1.44,-0.085,0.058
2026-02-21,-3.48,1.13,-0.081,0.054
2026-02-22,-3.14,0.96,-0.079,0.034
2026-02-23,0.25,1.77,0.025,-0.056
2026-02-24,1.26,-1.68,0.085,-0.108
2026-02-25,-2.79,0.49,-0.030,0.046
2026-02-26,-3.25,1.59,-0.068,0.057
2026-02-27,-3.74,1.59,-0.083,0.098
2026-02-28,-3.27,1.25,-0.097,0.079
2026-03-01,-2.85,1.15,-0.079,0.051
2026-03-02,-2.96,1.08,-0.008,-0.019
2026-03-03,-3.76,1.60,-0.019,-0.014
2026-03-04,-4.16,1.52,-0.050,0.043
2026-03-05,-3.88,1.65,-0.067,0.038
2026-03-06,-3.90,1.27,-0.061,0.063
2026-03-07,-3.45,1.47,-0.054,0.059
2026-03-08,-2.82,1.83,-0.047,0.030
2026-03-09,-3.27,1.81,-0.030,0.026
2026-03-10,-3.51,1.28,-0.028,-0.000
2026-03-11,-3.10,1.01,-0.010,-0.024
2026-03-12,-2.60,1.05,0.017,-0.038
2026-03-13,-2.84,1.15,0.028,-0.069
2026-03-14,-3.56,1.37,-0.016,-0.030
2026-03-15,-3.93,1.28,-0.031,0.010
2026-03-16,-4.71,2.20,-0.067,0.057
2026-03-17,-4.23,1.97,-0.067,0.044
2026-03-18,-3.80,1.46,-0.041,0.007
2026-03-19,-2.21,1.33,0.024,-0.071
2026-03-20,1.37,0.37,0.095,-0.174
2026-03-21,2.32,-1.23,0.114,-0.228
2026-03-22,-0.58,-2.51,0.044,-0.140
2026-03-23,-2.16,-0.79,-0.012,-0.000
2026-03-24,-2.36,-0.21,-0.023,0.002
2026-03-25,-2.52,0.26,-0.067,0.050
2026-03-26,-2.77,0.44,-0.059,0.042
2026-03-27,-2.20,0.63,-0.024,0.024
2026-03-28,-2.59,-0.00,-0.014,-0.009
2026-03-29,-2.54,-0.04,0.021,-0.021
2026-03-30,-2.52,1.17,-0.012,-0.005
2026-03-31,-2.94,0.95,-0.020,0.022
2026-04-01,-2.89,0.46,-0.092,0.076
2026-04-02,-3.34,1.08,-0.126,0.134
2026-04-03,-3.21,1.10,-0.125,0.106
2026-04-04,-3.29,0.94,-0.093,0.084
2026-04-05,-2.48,1.00,-0.063,0.058
2026-04-06,-1.35,0.81,0.016,-0.012
2026-04-07,-0.70,1.21,0.066,-0.007
2026-04-08,-0.95,1.35,0.089,-0.059
2026-04-09,-1.75,0.71,0.074,-0.071
2026-04-10,0.50,1.17,0.078,-0.013
2026-04-11,0.96,-0.65,0.091,-0.116
2026-04-12,-0.53,-1.09,0.052,-0.101
2026-04-13,0.65,-1.13,0.046,-0.024
2026-04-14,0.70,-1.73,0.000,-0.032
2026-04-15,0.13,-1.52,0.016,-0.016
2026-04-16,-0.95,0.39,-0.027,0.060
2026-04-17,-2.73,0.99,-0.082,0.097
2026-04-18,-2.61,0.90,-0.088,0.092
2026-04-19,-3.19,0.92,-0.081,0.083
2026-04-20,-3.17,0.97,-0.065,0.068
2026-04-21,-1.72,0.12,-0.028,0.026
2026-04-22,-1.38,-0.64,0.033,-0.026
2026-04-23,-1.71,-0.27,-0.015,0.052
2026-04-24,-1.41,0.60,-0.044,0.037
2026-04-25,1.68,0.09,0.012,-0.048
2026-04-26,1.17,0.43,0.016,-0.021
2026-04-27,0.38,-1.25,0.062,-0.032
2026-04-28,-1.20,0.41,0.077,-0.057
2026-04-29,-1.40,0.78,0.049,-0.026
2026-04-30,-1.63,0.44,0.019,0.002
2026-05-01,-2.09,0.56,-0.016,0.040
2026-05-02,-3.03,0.93,-0.052,0.067
2026-05-03,-2.80,0.39,-0.072,0.055
2026-05-04,-1.80,1.56,-0.024,0.028
2026-05-05,-2.02,1.26,0.012,-0.036
2026-05-06,-2.54,1.41,-0.024,0.039
2026-05-07,-3.05,0.54,-0.043,0.033
2026-05-08,-3.16,0.61,-0.059,0.038
2026-05-09,-4.13,1.50,-0.079,0.075
2026-05-10,-4.26,1.81,-0.080,0.098
2026-05-11,-4.10,1.49,-0.082,0.087
2026-05-12,-3.85,1.10,-0.082,0.072
2026-05-13,-3.12,1.26,-0.049,0.024
2026-05-14,-2.07,1.20,0.012,-0.045
2026-05-15,-2.39,0.64,0.055,-0.049
2026-05-16,-3.23,0.34,-0.015,-0.029
2026-05-17,-3.25,0.99,-0.061,0.038
2026-05-18,-4.04,1.31,-0.072,0.046
2026-05-19,-4.05,1.39,-0.061,0.051
2026-05-20,-4.16,1.52,-0.067,0.057
2026-05-21,-3.82,1.39,-0.052,0.022
2026-05-22,-3.40,0.91,-0.037,0.026
2026-05-23,-3.79,1.23,-0.039,0.034
2026-05-24,-4.42,1.19,-0.067,0.057
2026-05-25,-4.62,1.59,-0.076,0.055
2026-05-26,-4.73,1.72,-0.082,0.068
2026-05-27,-4.27,1.39,-0.084,0.084
2026-05-28,-3.81,1.09,-0.076,0.055
2026-05-29,-2.51,0.72,-0.048,0.005
2026-05-30,-2.34,0.50,0.023,-0.030
2026-05-31,-1.57,-0.33,0.080,-0.133
2026-06-01,-2.53,0.45,0.035,-0.124
2026-06-02,-3.04,1.55,-0.033,0.033
2026-06-03,-3.57,0.69,-0.050,0.056
2026-06-04,-3.65,1.19,-0.037,0.054
2026-06-05,-2.24,0.86,-0.017,-0.019
2026-06-06,-1.53,1.16,0.025,-0.082
2026-06-07,-2.53,0.35,0.014,-0.065
2026-06-08,-2.69,1.31,-0.022,-0.012
2026-06-09,-1.44,0.47,0.009,-0.047
2026-06-10,-2.17,0.15,-0.034,-0.049
2026-06-11,-3.28,0.64,-0.039,0.047
2026-06-12,-2.64,1.23,-0.044,0.071
2026-06-13,-3.71,1.28,-0.056,0.045
2026-06-14,-4.19,1.05,-0.060,0.056
2026-06-15,-4.54,1.22,-0.074,0.078
2026-06-16,-4.22,1.29,-0.080,0.051
2026-06-17,-4.26,1.14,-0.062,0.044
2026-06-18,-4.33,1.00,-0.064,0.040
2026-06-19,-4.01,1.07,-0.080,0.035
2026-06-20,-4.16,0.51,-0.063,0.030
2026-06-21,-4.16,1.04,-0.051,0.016
2026-06-22,-4.12,1.26,-0.052,0.006
2026-06-23,-4.61,1.06,-0.071,0.055
2026-06-24,-4.10,0.80,-0.082,0.054
2026-06-25,-3.94,1.67,-0.082,0.054
2026-06-26,-4.44,1.11,-0.086,0.053
2026-06-27,-3.49,0.18,-0.077,0.034
2026-06-28,-3.91,0.76,-0.072,0.040
2026-06-29,-3.55,0.63,-0.081,0.039
2026-06-30,-2.82,0.60,-0.048,0.005
2026-07-01,-2.95,0.90,-0.044,0.021
2026-07-02,-2.93,0.95,-0.046,0.035
2026-07-03,-2.88,0.83,-0.055,0.033
2026-07-04,-2.78,1.24,-0.049,0.052
2026-07-05,-3.63,0.84,-0.055,0.049
2026-07-06,-4.27,1.22,-0.079,0.058
2026-07-07,-4.72,1.53,-0.086,0.092
2026-07-08,-3.76,1.44,-0.116,0.077
2026-07-09,-4.05,1.98,-0.103,0.107
2026-07-10,-4.45,0.78,-0.123,0.082
2026-07-11,-4.25,0.98,-0.075,0.067
2026-07-12,-3.88,0.90,-0.057,0.035
2026-07-13,-3.83,0.96,-0.034,0.012
2026-07-14,-3.66,1.26,-0.017,-0.029
2026-07-15,-4.13,0.80,0.023,-0.084
2026-07-16,-3.93,1.05,-0.004,-0.063
2026-07-17,-4.22,1.05,-0.060,-0.002
2026-07-18,-4.28,1.23,-0.076,0.055
2026-07-19,-4.05,1.01,-0.081,0.054
2026-07-20,-4.06,1.01,-0.083,0.047
2026-07-21,-3.43,0.79,-0.076,0.041
2026-07-22,-2.76,0.29,-0.050,0.004
2026-07-23,-3.65,0.98,-0.050,0.029
2026-07-24,-3.80,1.02,-0.036,0.018
2026-07-25,-4.02,0.93,-0.035,-0.000
2026-07-26,-3.49,0.49,-0.049,-0.012
2026-07-27,-3.12,0.61,-0.031,-0.022
2026-07-28,-3.41,0.79,-0.034,-0.022
2026-07-29,-3.61,0.97,-0.038,0.002
2026-07-30,-4.32,1.00,-0.058,0.054
2026-07-31,-4.28,1.07,-0.078,0.027
2026-08-01,-3.83,0.61,-0.084,0.011
2026-08-02,-2.82,1.43,-0.055,0.014
2026-08-03,-3.68,1.06,-0.041,0.004
2026-08-04,-3.98,0.92,-0.036,-0.020
2026-08-05,-2.70,0.67,-0.028,-0.022
2026-08-06,-3.14,0.90,-0.021,0.010
2026-08-07,-3.66,0.85,-0.032,0.030
2026-08-08,-3.83,1.17,-0.051,-0.000
2026-08-09,-4.20,1.05,-0.087,0.004
2026-08-10,-4.29,1.15,-0.106,0.053
2026-08-11,-3.66,0.85,-0.102,0.040
2026-08-12,-3.50,0.74,-0.091,0.050
2026-08-13,-3.63,1.25,-0.074,0.048
2026-08-14,-4.62,1.33,-0.072,0.056
2026-08-15,-4.64,0.41,-0.099,0.056
2026-08-16,-3.86,0.96,-0.097,0.065
2026-08-17,-3.45,0.99,-0.129,0.051
2026-08-18,-2.96,0.79,-0.105,0.028
2026-08-19,-3.00,0.92,-0.041,0.002
2026-08-20,-3.47,0.87,-0.045,-0.012
2026-08-21,-4.09,1.09,-0.071,0.027
2026-08-22,-3.62,0.97,-0.083,0.028
2026-08-23,-3.68,0.78,-0.105,0.053
2026-08-24,-3.77,1.01,-0.122,0.076
2026-08-25,-3.66,0.78,-0.119,0.075
2026-08-26,-3.57,0.63,-0.080,0.046
2026-08-27,-3.28,0.58,-0.079,0.053
2026-08-28,-3.56,0.96,-0.071,0.034
2026-08-29,-3.90,0.90,-0.079,0.047
2026-08-30,-3.62,0.90,-0.061,0.034
2026-08-31,-2.29,0.79,-0.028,-0.010
2026-09-01,-2.41,0.88,-0.022,-0.040
2026-09-02,-3.09,0.49,-0.053,0.030
2026-09-03,-2.66,0.81,-0.061,0.044
2026-09-04,-2.45,0.75,-0.075,0.052
2026-09-05,-2.87,0.40,-0.082,0.059
2026-09-06,-2.33,1.04,-0.086,0.060
2026-09-07,-3.15,0.39,-0.093,0.071
2026-09-08,-2.37,0.77,-0.073,0.033
2026-09-09,-4.29,1.23,-0.074,0.072
2026-09-10,-3.82,1.54,-0.100,0.073
2026-09-11,-3.70,0.99,-0.103,0.076
2026-09-12,-3.43,0.67,-0.096,0.098
2026-09-13,-3.45,0.80,-0.087,0.053
2026-09-14,-2.88,0.88,-0.087,0.051
2026-09-15,-2.82,1.14,-0.067,0.054
2026-09-16,-2.72,1.57,-0.040,0.014
2026-09-17,-2.74,1.40,-0.034,0.014
2026-09-18,-3.16,1.83,-0.036,0.043
2026-09-19,-2.27,0.52,-0.017,-0.022
2026-09-20,-2.08,1.06,0.003,-0.005
2026-09-21,-2.00,0.65,0.008,-0.036
2026-09-22,-1.75,0.50,-0.021,-0.019
2026-09-23,-2.32,0.58,-0.016,-0.000
2026-09-24,-2.34,0.81,-0.028,0.007
2026-09-25,-1.31,-0.53,0.008,-0.043
