date,wind_u,wind_v,cur_u,cur_v
2016-01-01,-2.78,-0.44,,
2016-01-02,-1.56,-1.56,,
2016-01-03,-0.76,1.42,,
2016-01-04,1.01,-4.36,,
2016-01-05,-0.89,-3.85,,
2016-01-06,0.41,-2.12,,
2016-01-07,-2.06,2.45,,
2016-01-08,0.69,2.39,,
2016-01-09,-0.93,4.39,,
2016-01-10,2.42,-3.33,,
2016-01-11,-1.48,-4.30,,
2016-01-12,-1.92,-3.60,,
2016-01-13,-4.10,-2.66,,
2016-01-14,-5.77,-1.33,,
2016-01-15,-0.44,3.60,,
2016-01-16,-2.47,1.48,,
2016-01-17,5.32,-2.83,,
2016-01-18,0.41,-3.94,,
2016-01-19,-2.84,-4.05,,
2016-01-20,-3.76,-2.35,,
2016-01-21,-4.15,-0.58,,
2016-01-22,4.81,-0.68,,
2016-01-23,4.46,-4.78,,
2016-01-24,0.97,-3.00,,
2016-01-25,-3.63,0.97,,
2016-01-26,-4.09,2.36,,
2016-01-27,-1.40,4.07,,
2016-01-28,3.74,0.07,,
2016-01-29,2.49,-4.49,,
2016-01-30,-1.00,-1.87,,
2016-01-31,-3.22,1.71,,
2016-02-01,-2.82,2.54,,
2016-02-02,-3.94,4.23,,
2016-02-03,-4.24,4.70,,
2016-02-04,-1.33,2.41,,
2016-02-05,-2.12,-6.51,,
2016-02-06,-2.19,-5.15,,
2016-02-07,2.65,-5.44,,
2016-02-08,1.06,-3.46,,
2016-02-09,3.56,-3.32,,
2016-02-10,2.69,-3.71,,
2016-02-11,-1.00,-4.03,,
2016-02-12,-2.85,-3.06,,
2016-02-13,-3.28,-4.19,,
2016-02-14,-5.02,-2.24,,
2016-02-15,-4.58,2.33,,
2016-02-16,-2.66,0.97,,
2016-02-17,-2.51,-1.96,,
2016-02-18,-3.68,-3.20,,
2016-02-19,-4.90,-1.98,,
2016-02-20,-4.27,-0.75,,
2016-02-21,-4.42,-0.54,,
2016-02-22,-3.58,0.63,,
2016-02-23,-2.41,4.01,,
2016-02-24,-1.10,4.75,,
2016-02-25,0.61,-5.81,,
2016-02-26,-1.75,-4.56,,
2016-02-27,-1.72,-4.27,,
2016-02-28,-3.14,-2.82,,
2016-02-29,-2.78,-0.44,,
2016-03-01,-2.75,-0.84,,
2016-03-02,-2.57,-1.73,,
2016-03-03,-2.91,-0.46,,
2016-03-04,0.39,-1.85,,
2016-03-05,-1.08,-1.16,,
2016-03-06,-2.23,-3.19,,
2016-03-07,-4.55,-0.08,,
2016-03-08,-6.33,3.22,,
2016-03-09,-6.66,4.66,,
2016-03-10,-6.23,5.41,,
2016-03-11,-5.63,4.56,,
2016-03-12,-4.27,4.13,,
2016-03-13,-2.53,4.38,,
2016-03-14,-2.17,3.61,,
2016-03-15,-2.93,3.04,,
2016-03-16,-4.33,2.30,,
2016-03-17,-3.80,2.47,,
2016-03-18,-3.42,2.67,,
2016-03-19,-2.19,4.11,,
2016-03-20,-1.24,2.93,,
2016-03-21,-0.23,-6.52,,
2016-03-22,-2.70,-3.85,,
2016-03-23,-3.96,1.14,,
2016-03-24,-3.78,3.41,,
2016-03-25,-2.93,4.18,,
2016-03-26,-3.90,4.64,,
2016-03-27,-3.98,4.26,,
2016-03-28,-2.67,2.87,,
2016-03-29,-3.55,2.78,,
2016-03-30,-4.11,1.92,,
2016-03-31,-3.65,4.05,,
2016-04-01,-3.81,5.87,,
2016-04-02,-2.35,4.42,,
2016-04-03,0.88,2.06,,
2016-04-04,-1.40,-1.73,,
2016-04-05,-2.01,-4.31,,
2016-04-06,-3.47,-1.85,,
2016-04-07,-1.86,-0.87,,
2016-04-08,-1.82,-0.93,,
2016-04-09,-2.54,-2.20,,
2016-04-10,-4.14,-1.19,,
2016-04-11,-4.29,0.99,,
2016-04-12,-3.49,1.20,,
2016-04-13,-3.70,2.14,,
2016-04-14,-3.40,2.85,,
2016-04-15,-2.65,3.65,,
2016-04-16,-3.13,3.36,,
2016-04-17,-4.34,1.33,,
2016-04-18,-5.83,0.41,,
2016-04-19,-4.70,0.08,,
2016-04-20,-3.63,0.64,,
2016-04-21,-3.95,0.98,,
2016-04-22,-3.02,0.75,,
2016-04-23,-1.68,-2.40,,
2016-04-24,-3.23,-1.24,,
2016-04-25,-3.44,1.32,,
2016-04-26,-3.14,2.64,,
2016-04-27,-3.39,3.39,,
2016-04-28,-4.26,2.87,,
2016-04-29,-4.69,2.29,,
2016-04-30,-4.76,3.85,,
2016-05-01,-5.05,3.15,,
2016-05-02,-4.47,2.48,,
2016-05-03,-3.29,2.66,,
2016-05-04,-0.95,3.55,,
2016-05-05,1.00,-4.70,,
2016-05-06,1.18,-3.87,,
2016-05-07,-0.41,-3.32,,
2016-05-08,-3.40,-0.85,,
2016-05-09,-4.27,1.47,,
2016-05-10,-4.60,1.95,,
2016-05-11,-4.85,1.96,,
2016-05-12,-4.28,1.91,,
2016-05-13,-3.40,0.79,,
2016-05-14,-2.56,-0.88,,
2016-05-15,-3.00,-1.09,,
2016-05-16,-3.72,1.28,,
2016-05-17,-3.25,3.87,,
2016-05-18,-3.01,3.72,,
2016-05-19,-3.62,3.15,,
2016-05-20,-4.14,3.60,,
2016-05-21,-4.06,2.16,,
2016-05-22,-3.18,1.22,,
2016-05-23,-2.71,2.53,,
2016-05-24,-3.57,1.90,,
2016-05-25,-4.01,0.07,,
2016-05-26,-4.26,-0.00,,
2016-05-27,-4.21,1.21,,
2016-05-28,-3.58,1.74,,
2016-05-29,-3.47,0.67,,
2016-05-30,-3.23,-0.23,,
2016-05-31,-2.97,0.10,,
2016-06-01,-3.86,0.96,,
2016-06-02,-3.90,1.58,,
2016-06-03,-4.10,2.37,,
2016-06-04,-5.08,1.75,,
2016-06-05,-2.91,3.12,,
2016-06-06,1.58,4.12,,
2016-06-07,1.81,0.42,,
2016-06-08,-0.75,1.85,,
2016-06-09,-1.19,2.23,,
2016-06-10,-2.96,2.48,,
2016-06-11,-3.80,2.11,,
2016-06-12,-3.28,1.97,,
2016-06-13,-2.34,0.04,,
2016-06-14,-2.14,-0.65,,
2016-06-15,-2.96,1.64,,
2016-06-16,-3.48,2.35,,
2016-06-17,-2.96,2.31,,
2016-06-18,-3.72,1.07,,
2016-06-19,-4.26,-0.22,,
2016-06-20,-3.57,-0.76,,
2016-06-21,-2.88,-1.60,,
2016-06-22,-2.75,-0.74,,
2016-06-23,-3.68,0.52,,
2016-06-24,-2.59,-1.32,,
2016-06-25,-3.11,0.16,,
2016-06-26,-3.48,0.37,,
2016-06-27,-3.02,-0.48,,
2016-06-28,-2.00,-0.69,,
2016-06-29,-1.45,0.34,,
2016-06-30,-2.13,1.18,,
2016-07-01,-2.68,0.77,,
2016-07-02,-2.69,-0.28,,
2016-07-03,-3.08,-0.05,,
2016-07-04,-3.64,0.98,,
2016-07-05,-3.65,-0.00,,
2016-07-06,-3.70,0.06,,
2016-07-07,-3.78,0.07,,
2016-07-08,-3.94,1.28,,
2016-07-09,-3.06,-1.49,,
2016-07-10,-3.16,-1.03,,
2016-07-11,-2.96,0.96,,
2016-07-12,-3.63,1.04,,
2016-07-13,-3.72,0.39,,
2016-07-14,-3.06,-1.30,,
2016-07-15,-3.23,-0.11,,
2016-07-16,-2.77,0.59,,
2016-07-17,-3.53,-0.50,,
2016-07-18,-3.51,-0.56,,
2016-07-19,-4.26,-0.37,,
2016-07-20,-2.90,-0.94,,
2016-07-21,-2.17,-0.38,,
2016-07-22,-2.58,0.50,,
2016-07-23,-2.64,0.76,,
2016-07-24,-2.55,1.48,,
2016-07-25,-3.70,0.79,,
2016-07-26,-4.31,-0.00,,
2016-07-27,-3.24,0.23,,
2016-07-28,-3.24,0.40,,
2016-07-29,-3.35,1.15,,
2016-07-30,-3.31,-1.27,,
2016-07-31,-3.52,-0.69,,
2016-08-01,-3.37,-0.53,,
2016-08-02,-2.83,-2.64,,
2016-08-03,-3.87,-0.89,,
2016-08-04,-6.12,1.76,,
2016-08-05,-4.92,2.09,,
2016-08-06,-3.77,2.54,,
2016-08-07,-2.82,1.08,,
2016-08-08,-2.46,0.94,,
2016-08-09,-3.04,1.97,,
2016-08-10,-3.08,2.24,,
2016-08-11,-3.66,-0.19,,
2016-08-12,-3.24,-0.63,,
2016-08-13,-3.58,1.83,,
2016-08-14,-3.88,2.06,,
2016-08-15,-4.16,0.73,,
2016-08-16,-4.07,0.86,,
2016-08-17,-3.89,0.83,,
2016-08-18,-3.47,-1.13,,
2016-08-19,-3.09,-0.16,,
2016-08-20,-2.75,1.06,,
2016-08-21,-3.48,0.30,,
2016-08-22,-4.01,-0.78,,
2016-08-23,-3.58,-1.91,,
2016-08-24,-3.18,-2.40,,
2016-08-25,-2.62,-2.12,,
2016-08-26,-1.85,-1.02,,
2016-08-27,-1.19,-1.84,,
2016-08-28,-1.00,-1.87,,
2016-08-29,1.49,-1.12,,
2016-08-30,1.95,3.39,,
2016-08-31,0.56,4.57,,
2016-09-01,-0.15,4.37,,
2016-09-02,-1.71,4.03,,
2016-09-03,-3.53,3.41,,
2016-09-04,-4.57,1.22,,
2016-09-05,-3.59,0.13,,
2016-09-06,-3.21,-1.11,,
2016-09-07,-2.44,-1.47,,
2016-09-08,-2.14,-1.50,,
2016-09-09,-2.03,-0.82,,
2016-09-10,-1.39,0.81,,
2016-09-11,1.73,-0.50,,
2016-09-12,0.54,2.02,,
2016-09-13,-1.58,2.35,,
2016-09-14,-2.70,2.35,,
2016-09-15,-3.14,0.61,,
2016-09-16,-3.13,0.22,,
2016-09-17,-2.62,0.23,,
2016-09-18,-2.47,-0.62,,
2016-09-19,-2.21,-0.27,,
2016-09-20,-2.15,-0.46,,
2016-09-21,-2.17,-0.04,,
2016-09-22,-2.45,-0.34,,
2016-09-23,-2.14,-0.53,,
2016-09-24,-2.56,0.18,,
2016-09-25,-2.56,0.13,,
2016-09-26,-2.56,0.93,,
2016-09-27,-2.80,0.91,,
2016-09-28,-2.79,0.64,,
2016-09-29,-2.54,0.22,,
2016-09-30,-2.10,-1.12,,
2016-10-01,-2.01,-1.81,,
2016-10-02,-1.72,-2.12,,
2016-10-03,-1.46,-2.53,,
2016-10-04,-0.81,-1.66,,
2016-10-05,-1.02,-1.92,,
2016-10-06,-0.21,-2.37,,
2016-10-07,0.59,-1.63,,
2016-10-08,-0.79,-1.70,,
2016-10-09,-1.42,-1.47,,
2016-10-10,-2.96,-1.51,,
2016-10-11,-4.12,-2.38,,
2016-10-12,-2.72,-3.02,,
2016-10-13,-2.50,-2.68,,
2016-10-14,-1.99,-1.06,,
2016-10-15,-3.22,0.11,,
2016-10-16,-2.54,-1.03,,
2016-10-17,-1.70,-3.48,,
2016-10-18,-3.23,-1.72,,
2016-10-19,-4.22,-1.21,,
2016-10-20,-2.92,-1.49,,
2016-10-21,-1.11,-3.05,,
2016-10-22,-1.29,-3.04,,
2016-10-23,-3.23,-3.47,,
2016-10-24,-2.95,-2.47,,
2016-10-25,-4.05,-2.63,,
2016-10-26,-4.35,-1.08,,
2016-10-27,-3.59,-1.75,,
2016-10-28,-3.90,-2.44,,
2016-10-29,-3.69,-3.10,,
2016-10-30,-1.79,-1.79,,
2016-10-31,-1.70,-2.17,,
2016-11-01,-4.11,-1.03,,
2016-11-02,-5.36,-0.85,,
2016-11-03,-4.52,-1.21,,
2016-11-04,-2.60,-3.09,,
2016-11-05,-2.91,-3.01,,
2016-11-06,-3.22,-1.86,,
2016-11-07,-3.34,-1.56,,
2016-11-08,-3.15,-1.02,,
2016-11-09,-2.66,0.61,,
2016-11-10,-2.32,-0.62,,
2016-11-11,-2.77,-0.64,,
2016-11-12,-2.48,0.13,,
2016-11-13,-2.27,-0.40,,
2016-11-14,-1.93,-0.66,,
2016-11-15,0.21,-2.04,,
2016-11-16,-1.04,-4.88,,
2016-11-17,-3.39,-2.95,,
2016-11-18,-4.23,-1.38,,
2016-11-19,-2.99,-3.56,,
2016-11-20,-1.59,-5.19,,
2016-11-21,-2.33,-4.20,,
2016-11-22,-2.63,-2.54,,
2016-11-23,-3.59,-1.67,,
2016-11-24,-3.54,-2.21,,
2016-11-25,-3.49,-1.93,,
2016-11-26,-2.79,-2.88,,
2016-11-27,-2.21,-3.41,,
2016-11-28,-3.44,0.61,,
2016-11-29,-3.41,3.53,,
2016-11-30,-2.98,3.95,,
2016-12-01,-2.53,1.58,,
2016-12-02,-2.74,-0.79,,
2016-12-03,-3.35,0.77,,
2016-12-04,-4.33,1.84,,
2016-12-05,-2.91,4.66,,
2016-12-06,-1.40,4.31,,
2016-12-07,-1.89,2.25,,
2016-12-08,-3.05,1.42,,
2016-12-09,-2.41,-0.21,,
2016-12-10,-3.33,-2.89,,
2016-12-11,-2.98,-1.93,,
2016-12-12,-2.87,0.25,,
2016-12-13,-3.42,-0.42,,
2016-12-14,-2.74,-0.14,,
2016-12-15,-2.29,-2.46,,
2016-12-16,-2.64,-1.85,,
2016-12-17,-4.17,2.03,,
2016-12-18,-3.86,3.48,,
2016-12-19,-3.78,-0.20,,
2016-12-20,-3.69,-2.88,,
2016-12-21,-3.50,-2.55,,
2016-12-22,-3.14,-2.82,,
2016-12-23,-3.18,-2.77,,
2016-12-24,-4.39,-0.23,,
2016-12-25,-5.10,-0.09,,
2016-12-26,-4.67,0.74,,
2016-12-27,-4.06,-0.43,,
2016-12-28,-3.03,-1.10,,
2016-12-29,-2.04,-1.38,,
2016-12-30,-2.19,-4.12,,
2016-12-31,-4.13,-0.07,,
2017-01-01,-3.43,2.98,,
2017-01-02,-3.88,3.37,,
2017-01-03,-2.62,2.04,,
2017-01-04,-1.50,1.09,,
2017-01-05,-0.57,1.40,,
2017-01-06,-1.29,3.55,,
2017-01-07,3.43,-0.92,,
2017-01-08,-1.96,-7.33,,
2017-01-09,-3.55,-4.24,,
2017-01-10,-5.34,-1.04,,
2017-01-11,-5.09,-0.54,,
2017-01-12,-4.47,-0.31,,
2017-01-13,-5.33,-0.94,,
2017-01-14,-5.42,-1.25,,
2017-01-15,-4.52,-0.32,,
2017-01-16,-4.79,0.76,,
2017-01-17,-3.84,1.47,,
2017-01-18,-3.57,1.90,,
2017-01-19,-3.11,2.10,,
2017-01-20,-1.59,3.93,,
2017-01-21,-2.29,5.15,,
2017-01-22,-0.88,4.97,,
2017-01-23,4.62,-2.89,,
2017-01-24,2.05,-1.28,,
2017-01-25,-2.42,2.78,,
2017-01-26,-1.53,3.44,,
2017-01-27,-1.03,1.86,,
2017-01-28,-2.76,-0.74,,
2017-01-29,0.49,-4.66,,
2017-01-30,0.38,-4.32,,
2017-01-31,-0.57,-2.68,,
2017-02-01,-3.23,-0.34,,
2017-02-02,-3.38,-0.97,,
2017-02-03,-2.89,-1.23,,
2017-02-04,-3.33,-2.60,,
2017-02-05,-3.76,-1.44,,
2017-02-06,-4.18,-0.66,,
2017-02-07,-3.27,2.20,,
2017-02-08,-2.13,3.04,,
2017-02-09,-2.29,1.54,,
2017-02-10,-3.51,-1.49,,
2017-02-11,-3.47,0.06,,
2017-02-12,-3.55,-0.06,,
2017-02-13,-2.94,-1.43,,
2017-02-14,-3.01,1.67,,
2017-02-15,-1.14,3.98,,
2017-02-16,0.53,-2.98,,
2017-02-17,-3.37,0.29,,
2017-02-18,-2.02,4.34,,
2017-02-19,-3.03,3.75,,
2017-02-20,-3.66,3.41,,
2017-02-21,-2.61,2.11,,
2017-02-22,4.84,-1.48,,
2017-02-23,3.65,-1.48,,
2017-02-24,-1.75,1.87,,
2017-02-25,-2.10,2.42,,
2017-02-26,-3.97,0.14,,
2017-02-27,-4.44,1.62,,
2017-02-28,-4.69,1.90,,
2017-03-01,-4.09,1.65,,
2017-03-02,-2.37,0.91,,
2017-03-03,-2.94,-2.56,,
2017-03-04,-4.96,-2.75,,
2017-03-05,-5.88,-0.93,,
2017-03-06,-6.21,0.87,,
2017-03-07,-5.98,1.38,,
2017-03-08,-5.01,0.44,,
2017-03-09,-3.97,-0.99,,
2017-03-10,-3.41,-0.79,,
2017-03-11,-3.70,-0.92,,
2017-03-12,-2.71,0.99,,
2017-03-13,-2.28,2.28,,
2017-03-14,1.33,-3.29,,
2017-03-15,-0.96,-4.94,,
2017-03-16,-3.30,-4.54,,
2017-03-17,-4.65,-2.58,,
2017-03-18,-3.87,-2.71,,
2017-03-19,-2.17,-4.09,,
2017-03-20,-1.67,-3.93,,
2017-03-21,-2.77,-2.97,,
2017-03-22,-2.41,-2.17,,
2017-03-23,-3.39,-2.03,,
2017-03-24,-4.45,-0.00,,
2017-03-25,-3.74,1.00,,
2017-03-26,-3.63,0.90,,
2017-03-27,-4.00,1.30,,
2017-03-28,-3.60,1.75,,
2017-03-29,-4.18,3.04,,
2017-03-30,-3.96,4.55,,
2017-03-31,-2.10,4.71,,
2017-04-01,-2.83,4.05,,
2017-04-02,-3.95,4.70,,
2017-04-03,-3.85,5.50,,
2017-04-04,-3.04,5.27,,
2017-04-05,-3.47,5.34,,
2017-04-06,-2.32,2.67,,
2017-04-07,-2.21,-3.40,,
2017-04-08,-2.81,-2.72,,
2017-04-09,-3.49,-1.27,,
2017-04-10,-3.71,0.13,,
2017-04-11,-4.66,-0.00,,
2017-04-12,-3.70,-0.85,,
2017-04-13,-3.22,-1.57,,
2017-04-14,-3.79,0.13,,
2017-04-15,-4.05,0.07,,
2017-04-16,-4.11,0.29,,
2017-04-17,-3.44,0.24,,
2017-04-18,-2.92,0.46,,
2017-04-19,-3.73,0.20,,
2017-04-20,-3.70,-0.45,,
2017-04-21,-2.73,-1.64,,
2017-04-22,-1.08,-1.95,,
2017-04-23,1.09,-3.00,,
2017-04-24,1.60,-2.67,,
2017-04-25,-2.40,1.39,,
2017-04-26,-2.70,5.08,,
2017-04-27,-3.75,4.47,,
2017-04-28,-5.21,4.07,,
2017-04-29,-5.74,4.48,,
2017-04-30,-5.02,4.52,,
2017-05-01,-3.62,3.04,,
2017-05-02,-3.11,1.32,,
2017-05-03,-3.51,1.71,,
2017-05-04,-2.39,4.13,,
2017-05-05,1.34,-3.68,,
2017-05-06,-0.17,-3.33,,
2017-05-07,-1.69,-2.42,,
2017-05-08,-3.47,-0.80,,
2017-05-09,-4.15,-1.19,,
2017-05-10,-4.35,0.23,,
2017-05-11,-4.26,1.30,,
2017-05-12,-3.29,2.86,,
2017-05-13,-1.62,3.65,,
2017-05-14,-0.34,2.17,,
2017-05-15,-1.09,0.68,,
2017-05-16,-2.99,0.31,,
2017-05-17,-4.27,0.15,,
2017-05-18,-4.31,1.40,,
2017-05-19,-4.22,1.54,,
2017-05-20,-4.72,3.18,,
2017-05-21,-4.91,2.39,,
2017-05-22,-4.13,1.34,,
2017-05-23,-2.66,3.95,,
2017-05-24,-1.86,5.40,,
2017-05-25,-0.58,2.74,,
2017-05-26,-3.60,2.52,,
2017-05-27,-4.09,2.46,,
2017-05-28,-3.15,1.53,,
2017-05-29,-3.69,2.05,,
2017-05-30,-3.51,1.79,,
2017-05-31,-3.69,1.72,,
2017-06-01,-4.13,2.78,,
2017-06-02,-4.15,2.80,,
2017-06-03,-4.03,2.62,,
2017-06-04,-3.59,2.42,,
2017-06-05,-2.59,4.31,,
2017-06-06,0.12,3.47,,
2017-06-07,0.63,2.73,,
2017-06-08,2.18,-1.16,,
2017-06-09,-1.39,1.39,,
2017-06-10,-2.31,3.56,,
2017-06-11,-3.71,3.22,,
2017-06-12,-4.28,1.47,,
2017-06-13,-3.97,1.14,,
2017-06-14,-3.05,1.11,,
2017-06-15,-3.58,0.44,,
2017-06-16,-2.65,0.23,,
2017-06-17,-3.85,-0.07,,
2017-06-18,-4.15,-0.73,,
2017-06-19,-0.71,3.34,,
2017-06-20,-2.31,6.01,,
2017-06-21,-1.94,5.63,,
2017-06-22,-3.99,4.28,,
2017-06-23,-4.14,1.93,,
2017-06-24,-3.64,1.78,,
2017-06-25,-3.02,0.37,,
2017-06-26,-2.75,0.53,,
2017-06-27,-2.50,1.28,,
2017-06-28,-2.98,1.39,,
2017-06-29,-3.51,2.64,,
2017-06-30,-3.52,-0.00,,
2017-07-01,-3.68,0.06,,
2017-07-02,-3.31,-0.41,,
2017-07-03,-2.61,-0.85,,
2017-07-04,-3.36,0.29,,
2017-07-05,-3.45,-0.24,,
2017-07-06,-3.10,0.16,,
2017-07-07,-3.53,0.88,,
2017-07-08,-2.84,-1.03,,
2017-07-09,-2.87,-0.72,,
2017-07-10,-2.06,-0.75,,
2017-07-11,-2.39,-0.64,,
2017-07-12,-3.24,-0.40,,
2017-07-13,-1.95,-1.13,,
2017-07-14,0.07,-1.40,,
2017-07-15,-1.37,-1.37,,
2017-07-16,-1.55,-0.53,,
2017-07-17,-1.98,0.80,,
2017-07-18,-3.02,1.10,,
2017-07-19,-2.68,-1.61,,
2017-07-20,-1.92,-1.30,,
2017-07-21,-2.34,-0.25,,
2017-07-22,-2.45,-0.75,,
2017-07-23,-2.74,-1.16,,
2017-07-24,-3.19,0.34,,
2017-07-25,-3.12,-0.16,,
2017-07-26,-2.52,-1.64,,
2017-07-27,-2.13,-1.55,,
2017-07-28,-1.88,-1.04,,
2017-07-29,-1.43,-0.64,,
2017-07-30,-1.04,1.16,,
2017-07-31,-1.45,1.73,,
2017-08-01,-1.86,2.30,,
2017-08-02,-2.64,2.22,,
2017-08-03,-3.14,0.67,,
2017-08-04,-3.53,0.06,,
2017-08-05,-2.72,-0.33,,
2017-08-06,-3.38,-0.54,,
2017-08-07,-4.43,-0.31,,
2017-08-08,-5.97,3.17,,
2017-08-09,-4.49,1.72,,
2017-08-10,-3.24,0.99,,
2017-08-11,-2.72,0.14,,
2017-08-12,-1.28,-1.83,,
2017-08-13,-2.44,-0.30,,
2017-08-14,-2.62,1.97,,
2017-08-15,-2.66,0.97,,
2017-08-16,-3.03,-0.64,,
2017-08-17,-2.76,-0.44,,
2017-08-18,-2.05,-1.33,,
2017-08-19,-1.83,-1.89,,
2017-08-20,-2.67,-2.09,,
2017-08-21,-3.48,-1.20,,
2017-08-22,-4.68,2.18,,
2017-08-23,-2.77,2.02,,
2017-08-24,-1.50,2.82,,
2017-08-25,-3.21,2.99,,
2017-08-26,-3.29,3.18,,
2017-08-27,-2.16,2.48,,
2017-08-28,-1.78,2.44,,
2017-08-29,-1.65,2.75,,
2017-08-30,-2.30,1.80,,
2017-08-31,-2.74,0.63,,
2017-09-01,-2.40,1.44,,
2017-09-02,-2.59,1.15,,
2017-09-03,-2.23,-0.12,,
2017-09-04,-2.84,-1.20,,
2017-09-05,-2.72,-0.19,,
2017-09-06,-1.66,0.29,,
2017-09-07,-2.05,0.04,,
2017-09-08,-1.17,-1.74,,
2017-09-09,0.85,-3.41,,
2017-09-10,2.63,-2.73,,
2017-09-11,2.31,-0.79,,
2017-09-12,-0.08,-1.20,,
2017-09-13,-0.39,1.83,,
2017-09-14,-1.05,2.48,,
2017-09-15,-2.61,1.57,,
2017-09-16,-2.91,-0.25,,
2017-09-17,-2.90,-1.11,,
2017-09-18,-3.16,-0.11,,
2017-09-19,-2.12,0.04,,
2017-09-20,-2.39,0.78,,
2017-09-21,-2.16,-0.27,,
2017-09-22,-2.01,-0.65,,
2017-09-23,-1.94,-1.26,,
2017-09-24,-2.17,-0.58,,
2017-09-25,-2.25,1.35,,
2017-09-26,-3.36,1.78,,
2017-09-27,-3.56,1.22,,
2017-09-28,-3.07,1.06,,
2017-09-29,-2.82,0.92,,
2017-09-30,-2.88,1.28,,
2017-10-01,-3.26,0.57,,
2017-10-02,-3.70,1.27,,
2017-10-03,-5.07,-0.18,,
2017-10-04,-3.81,-2.57,,
2017-10-05,-3.15,-2.12,,
2017-10-06,-0.70,-2.30,,
2017-10-07,1.69,3.80,,
2017-10-08,-0.68,2.73,,
2017-10-09,-3.01,2.27,,
2017-10-10,-2.61,-0.65,,
2017-10-11,-3.20,-0.80,,
2017-10-12,-2.91,-2.27,,
2017-10-13,-1.02,-2.97,,
2017-10-14,-1.14,1.31,,
2017-10-15,-2.10,-0.04,,
2017-10-16,-0.81,-1.30,,
2017-10-17,-1.21,-1.09,,
2017-10-18,-1.37,-0.89,,
2017-10-19,-2.44,-0.99,,
2017-10-20,-2.52,-1.07,,
2017-10-21,-2.52,-0.26,,
2017-10-22,-3.47,1.19,,
2017-10-23,-2.29,-1.61,,
2017-10-24,-1.10,-2.16,,
2017-10-25,-0.17,-4.95,,
2017-10-26,-0.28,-3.95,,
2017-10-27,-2.41,-1.45,,
2017-10-28,1.35,-3.35,,
2017-10-29,2.56,-2.65,,
2017-10-30,-0.61,-3.12,,
2017-10-31,-2.87,-1.73,,
2017-11-01,-2.30,-0.79,,
2017-11-02,-2.92,-1.30,,
2017-11-03,-2.95,-2.75,,
2017-11-04,-2.37,-2.92,,
2017-11-05,-2.69,-1.96,,
2017-11-06,-2.49,-2.16,,
2017-11-07,-2.20,-1.98,,
2017-11-08,-2.33,-1.95,,
2017-11-09,-1.67,-2.89,,
2017-11-10,-1.69,-4.18,,
2017-11-11,-4.02,-3.50,,
2017-11-12,-4.82,-3.25,,
2017-11-13,-2.72,-3.89,,
2017-11-14,-2.74,-3.51,,
2017-11-15,-2.27,-3.37,,
2017-11-16,-1.43,-3.53,,
2017-11-17,-0.77,-3.34,,
2017-11-18,-1.77,-1.02,,
2017-11-19,-1.03,-2.02,,
2017-11-20,0.14,-2.04,,
2017-11-21,-1.43,-0.55,,
2017-11-22,0.25,-1.08,,
2017-11-23,2.12,0.00,,
2017-11-24,3.35,-1.93,,
2017-11-25,1.32,-1.57,,
2017-11-26,1.24,-2.07,,
2017-11-27,1.71,-1.65,,
2017-11-28,-1.65,-0.96,,
2017-11-29,-1.83,-0.56,,
2017-11-30,-0.64,-1.76,,
2017-12-01,-2.29,-2.13,,
2017-12-02,-3.12,-2.27,,
2017-12-03,-3.65,-1.86,,
2017-12-04,-4.03,-0.42,,
2017-12-05,-4.39,0.31,,
2017-12-06,-3.01,-0.21,,
2017-12-07,-2.15,0.62,,
2017-12-08,0.22,2.48,,
2017-12-09,4.14,-3.99,,
2017-12-10,1.45,-5.05,,
2017-12-11,0.82,-3.85,,
2017-12-12,1.63,-2.94,,
2017-12-13,2.40,-0.78,,
2017-12-14,-0.74,-1.93,,
2017-12-15,-3.54,-0.69,,
2017-12-16,-4.68,-1.52,,
2017-12-17,-4.36,0.46,,
2017-12-18,-4.68,0.33,,
2017-12-19,-4.74,-0.25,,
2017-12-20,-2.71,0.63,,
2017-12-21,-2.30,0.79,,
2017-12-22,-4.05,0.94,,
2017-12-23,-3.30,0.76,,
2017-12-24,-2.29,-0.36,,
2017-12-25,-2.21,-1.67,,
2017-12-26,-3.14,-1.40,,
2017-12-27,-3.46,-0.67,,
2017-12-28,-2.50,-1.39,,
2017-12-29,-2.17,-2.33,,
2017-12-30,-2.22,-1.18,,
2017-12-31,-3.02,-0.32,,
2018-01-01,0.24,-2.70,,
2018-01-02,-1.09,-5.15,,
2018-01-03,0.44,-3.55,,
2018-01-04,2.07,-3.31,,
2018-01-05,0.64,-3.32,,
2018-01-06,-2.64,-2.94,,
2018-01-07,-4.38,-1.95,,
2018-01-08,-3.47,0.49,,
2018-01-09,2.03,-0.43,,
2018-01-10,0.62,-1.71,,
2018-01-11,-2.23,2.66,,
2018-01-12,3.07,0.49,,
2018-01-13,2.83,-3.90,,
2018-01-14,0.89,-5.63,,
2018-01-15,-1.50,-4.90,,
2018-01-16,-2.90,-3.00,,
2018-01-17,-0.07,-3.77,,
2018-01-18,-2.47,-5.82,,
2018-01-19,-3.17,-3.40,,
2018-01-20,-3.24,-1.87,,
2018-01-21,-4.48,-0.63,,
2018-01-22,-3.64,1.86,,
2018-01-23,-2.10,-0.11,,
2018-01-24,-2.15,-2.66,,
2018-01-25,-4.21,-3.93,,
2018-01-26,-5.63,-1.40,,
2018-01-27,-6.06,-0.00,,
2018-01-28,-2.56,1.60,,
2018-01-29,0.83,-2.90,,
2018-01-30,-1.97,-5.72,,
2018-01-31,-3.84,-3.46,,
2018-02-01,-2.97,-0.00,,
2018-02-02,-2.51,-1.96,,
2018-02-03,-2.79,-1.67,,
2018-02-04,-2.56,2.47,,
2018-02-05,-2.29,1.43,,
2018-02-06,-3.68,0.39,,
2018-02-07,-4.43,1.70,,
2018-02-08,-3.47,-1.06,,
2018-02-09,-3.68,-0.65,,
2018-02-10,-4.36,2.13,,
2018-02-11,-4.02,3.62,,
2018-02-12,-4.48,2.19,,
2018-02-13,-4.52,-0.96,,
2018-02-14,-5.16,-0.54,,
2018-02-15,-4.43,-0.00,,
2018-02-16,-3.94,0.69,,
2018-02-17,-3.50,0.49,,
2018-02-18,-3.63,0.06,,
2018-02-19,-4.64,1.16,,
2018-02-20,-5.36,2.06,,
2018-02-21,-5.96,2.17,,
2018-02-22,-5.07,1.08,,
2018-02-23,-4.74,0.67,,
2018-02-24,-4.58,1.58,,
2018-02-25,-3.54,2.39,,
2018-02-26,-3.15,1.40,,
2018-02-27,-3.15,-0.33,,
2018-02-28,-3.28,1.26,,
2018-03-01,-2.50,3.09,,
2018-03-02,-3.06,1.43,,
2018-03-03,-2.58,-2.02,,
2018-03-04,-2.60,-2.60,,
2018-03-05,-3.89,0.07,,
2018-03-06,-2.68,3.08,,
2018-03-07,-1.90,2.11,,
2018-03-08,-1.25,-2.46,,
2018-03-09,-4.12,-1.26,,
2018-03-10,-3.87,3.87,,
2018-03-11,-1.89,3.72,,
2018-03-12,1.45,2.41,,
2018-03-13,-2.23,-4.20,,
2018-03-14,-1.81,-3.72,,
2018-03-15,-3.20,-2.50,,
2018-03-16,-3.31,1.14,,
2018-03-17,-3.19,2.40,,
2018-03-18,-2.47,3.28,,
2018-03-19,-2.16,4.23,,
2018-03-20,-1.77,4.62,,
2018-03-21,-1.26,-2.84,,
2018-03-22,-3.24,-4.15,,
2018-03-23,-3.99,-3.35,,
2018-03-24,-4.19,0.89,,
2018-03-25,-3.61,2.26,,
2018-03-26,-4.65,1.78,,
2018-03-27,-5.68,1.52,,
2018-03-28,-5.76,2.33,,
2018-03-29,-4.59,4.75,,
2018-03-30,-3.19,2.67,,
2018-03-31,-2.89,-0.41,,
2018-04-01,-2.85,-1.04,,
2018-04-02,-3.24,0.63,,
2018-04-03,-4.06,2.16,,
2018-04-04,-3.62,1.77,,
2018-04-05,-2.83,-1.32,,
2018-04-06,-3.30,0.82,,
2018-04-07,-2.30,4.32,,
2018-04-08,-2.23,4.57,,
2018-04-09,-2.71,4.89,,
2018-04-10,-3.20,3.43,,
2018-04-11,-2.56,0.78,,
2018-04-12,-3.19,0.06,,
2018-04-13,-3.98,2.12,,
2018-04-14,-4.26,4.73,,
2018-04-15,-1.83,4.32,,
2018-04-16,0.37,-5.25,,
2018-04-17,-2.39,-2.95,,
2018-04-18,-3.28,0.64,,
2018-04-19,-3.57,0.25,,
2018-04-20,-2.26,-1.70,,
2018-04-21,-3.85,-0.00,,
2018-04-22,-3.52,1.95,,
2018-04-23,-2.40,1.94,,
2018-04-24,-1.50,1.78,,
2018-04-25,-1.33,1.29,,
2018-04-26,-1.12,0.91,,
2018-04-27,1.97,-0.60,,
2018-04-28,-1.57,-3.36,,
2018-04-29,-3.07,-2.40,,
2018-04-30,-2.97,-1.93,,
2018-05-01,-3.57,0.38,,
2018-05-02,-3.85,-0.54,,
2018-05-03,-3.91,-1.58,,
2018-05-04,-3.54,-0.82,,
2018-05-05,-3.61,-1.39,,
2018-05-06,-0.46,-3.74,,
2018-05-07,0.89,-3.30,,
2018-05-08,-1.06,-3.48,,
2018-05-09,-1.85,-1.91,,
2018-05-10,-2.88,-0.51,,
2018-05-11,-2.18,1.36,,
2018-05-12,-3.03,1.89,,
2018-05-13,-2.25,0.52,,
2018-05-14,-1.42,-0.12,,
2018-05-15,-0.37,2.09,,
2018-05-16,-1.42,1.07,,
2018-05-17,-1.28,1.64,,
2018-05-18,-2.52,1.63,,
2018-05-19,-4.02,1.46,,
2018-05-20,-3.81,0.33,,
2018-05-21,-3.37,0.59,,
2018-05-22,-4.48,1.03,,
2018-05-23,-3.95,2.28,,
2018-05-24,-4.45,2.08,,
2018-05-25,-5.42,-0.09,,
2018-05-26,-0.69,-3.27,,
2018-05-27,1.95,0.31,,
2018-05-28,-0.14,1.60,,
2018-05-29,-2.27,2.90,,
2018-05-30,-2.83,3.90,,
2018-05-31,-3.71,2.69,,
2018-06-01,-3.61,1.10,,
2018-06-02,-2.64,0.23,,
2018-06-03,-2.22,-0.16,,
2018-06-04,-1.83,0.06,,
2018-06-05,-1.77,0.79,,
2018-06-06,-1.84,2.62,,
2018-06-07,-3.20,2.08,,
2018-06-08,-3.82,1.09,,
2018-06-09,-3.21,-0.51,,
2018-06-10,-2.64,0.42,,
2018-06-11,-2.73,1.05,,
2018-06-12,-3.47,1.26,,
2018-06-13,-4.25,1.46,,
2018-06-14,-4.20,1.87,,
2018-06-15,-3.95,1.84,,
2018-06-16,-4.31,3.49,,
2018-06-17,-4.89,3.18,,
2018-06-18,-3.78,2.19,,
2018-06-19,-2.86,2.08,,
2018-06-20,-2.84,2.06,,
2018-06-21,-3.33,2.69,,
2018-06-22,-3.35,2.53,,
2018-06-23,-3.25,2.19,,
2018-06-24,-3.38,1.30,,
2018-06-25,-3.42,1.82,,
2018-06-26,-3.52,1.42,,
2018-06-27,-3.14,0.22,,
2018-06-28,-2.60,-0.09,,
2018-06-29,-2.54,-0.36,,
2018-06-30,-2.45,0.34,,
2018-07-01,-2.20,0.93,,
2018-07-02,-2.18,-0.42,,
2018-07-03,-1.92,-0.85,,
2018-07-04,-3.06,-0.11,,
2018-07-05,-2.84,-0.76,,
2018-07-06,-1.85,-1.03,,
2018-07-07,-1.86,-1.16,,
2018-07-08,-3.08,-0.54,,
2018-07-09,-3.03,-0.99,,
2018-07-10,-2.26,-2.43,,
2018-07-11,-1.98,-2.20,,
2018-07-12,-2.56,-0.45,,
2018-07-13,-2.86,0.10,,
2018-07-14,-2.61,-2.27,,
2018-07-15,-2.06,-1.55,,
2018-07-16,-2.34,-0.08,,
2018-07-17,-2.12,-0.41,,
2018-07-18,-2.31,-0.79,,
2018-07-19,-2.21,0.43,,
2018-07-20,-1.69,-0.55,,
2018-07-21,-2.43,-0.89,,
2018-07-22,-2.33,-0.90,,
2018-07-23,-1.52,0.41,,
2018-07-24,-0.64,2.08,,
2018-07-25,-0.88,2.41,,
2018-07-26,-1.77,2.11,,
2018-07-27,-2.13,0.30,,
2018-07-28,-1.86,-0.23,,
2018-07-29,-1.92,1.11,,
2018-07-30,-2.08,2.01,,
2018-07-31,-3.21,2.42,,
2018-08-01,-2.62,2.44,,
2018-08-02,-2.92,1.24,,
2018-08-03,-3.44,0.12,,
2018-08-04,-3.13,0.78,,
2018-08-05,-3.75,-0.13,,
2018-08-06,-3.44,-1.05,,
2018-08-07,-3.02,-0.11,,
2018-08-08,-2.94,0.90,,
2018-08-09,-3.50,0.43,,
2018-08-10,-3.01,-0.21,,
2018-08-11,-2.33,-1.09,,
2018-08-12,-3.29,-0.00,,
2018-08-13,-2.61,0.75,,
2018-08-14,-2.40,-0.64,,
2018-08-15,-2.80,-0.75,,
2018-08-16,-2.85,0.20,,
2018-08-17,-2.85,0.66,,
2018-08-18,-2.62,-0.85,,
2018-08-19,-2.24,0.04,,
2018-08-20,-3.04,0.27,,
2018-08-21,-2.89,-0.83,,
2018-08-22,-2.15,-1.29,,
2018-08-23,-1.82,-1.52,,
2018-08-24,-1.86,-0.46,,
2018-08-25,-2.08,0.40,,
2018-08-26,-2.43,-0.47,,
2018-08-27,-3.16,-0.22,,
2018-08-28,-3.12,0.66,,
2018-08-29,-3.05,0.82,,
2018-08-30,-2.71,0.24,,
2018-08-31,-2.55,0.40,,
2018-09-01,-3.08,0.16,,
2018-09-02,-2.75,0.19,,
2018-09-03,-2.33,0.99,,
2018-09-04,-2.89,1.74,,
2018-09-05,-3.30,-0.70,,
2018-09-06,-2.86,-0.87,,
2018-09-07,-2.01,-0.32,,
2018-09-08,-1.18,1.51,,
2018-09-09,-1.85,1.61,,
2018-09-10,-3.88,1.65,,
2018-09-11,-2.90,2.61,,
2018-09-12,-2.68,2.50,,
2018-09-13,-2.91,1.30,,
2018-09-14,-2.75,0.53,,
2018-09-15,-1.41,-0.54,,
2018-09-16,-1.57,-1.51,,
2018-09-17,-1.98,-1.72,,
2018-09-18,-2.55,-1.78,,
2018-09-19,-3.47,0.12,,
2018-09-20,-3.48,2.01,,
2018-09-21,-3.09,-0.49,,
2018-09-22,-3.05,-0.82,,
2018-09-23,-2.13,0.30,,
2018-09-24,-2.28,-0.24,,
2018-09-25,-3.67,0.39,,
2018-09-26,-3.21,-0.06,,
2018-09-27,-3.72,-0.00,,
2018-09-28,-2.87,-0.15,,
2018-09-29,-3.29,-0.76,,
2018-09-30,-2.90,-0.83,,
2018-10-01,-3.51,-0.81,,
2018-10-02,-3.05,-1.29,,
2018-10-03,-3.69,-1.72,,
2018-10-04,-3.43,-2.15,,
2018-10-05,-3.93,-1.20,,
2018-10-06,-5.32,-0.94,,
2018-10-07,-6.08,-0.42,,
2018-10-08,-1.98,-6.11,,
2018-10-09,2.83,2.73,,
2018-10-10,0.18,2.11,,
2018-10-11,-1.17,1.25,,
2018-10-12,-0.89,-0.95,,
2018-10-13,-1.42,0.05,,
2018-10-14,-2.71,0.73,,
2018-10-15,-4.55,0.16,,
2018-10-16,-5.09,0.63,,
2018-10-17,-4.47,0.55,,
2018-10-18,-4.70,-0.16,,
2018-10-19,-5.17,-0.09,,
2018-10-20,-3.93,0.55,,
2018-10-21,-3.17,-0.91,,
2018-10-22,-3.22,-0.68,,
2018-10-23,-2.15,-0.96,,
2018-10-24,-1.38,-1.58,,
2018-10-25,-1.24,-1.20,,
2018-10-26,-0.56,-1.47,,
2018-10-27,-0.16,-2.23,,
2018-10-28,-2.93,-3.75,,
2018-10-29,-3.08,-3.43,,
2018-10-30,-3.43,-1.82,,
2018-10-31,-3.90,-0.27,,
2018-11-01,-3.24,2.81,,
2018-11-02,-0.88,2.41,,
2018-11-03,-2.41,-1.45,,
2018-11-04,-3.17,2.14,,
2018-11-05,-3.50,0.87,,
2018-11-06,-3.71,0.92,,
2018-11-07,-3.37,0.29,,
2018-11-08,-2.29,-0.08,,
2018-11-09,-1.94,-0.78,,
2018-11-10,-1.62,-2.00,,
2018-11-11,-2.78,-0.59,,
2018-11-12,-3.68,0.92,,
2018-11-13,-1.74,1.05,,
2018-11-14,-1.11,0.54,,
2018-11-15,1.90,-6.64,,
2018-11-16,0.09,-5.35,,
2018-11-17,-1.91,-4.28,,
2018-11-18,-0.64,-3.30,,
2018-11-19,-1.86,-2.22,,
2018-11-20,-1.49,-2.48,,
2018-11-21,-2.27,-2.80,,
2018-11-22,-3.02,-2.82,,
2018-11-23,-2.80,-1.19,,
2018-11-24,-1.00,1.24,,
2018-11-25,-1.88,2.16,,
2018-11-26,-1.70,2.35,,
2018-11-27,1.33,-3.00,,
2018-11-28,-2.97,-4.40,,
2018-11-29,-4.26,-1.47,,
2018-11-30,-4.13,1.42,,
2018-12-01,-2.92,5.49,,
2018-12-02,-2.72,5.83,,
2018-12-03,-2.36,4.44,,
2018-12-04,-1.36,1.94,,
2018-12-05,-0.60,-2.11,,
2018-12-06,-4.95,-3.87,,
2018-12-07,-4.22,-1.62,,
2018-12-08,-4.42,0.94,,
2018-12-09,0.27,2.22,,
2018-12-10,1.45,-4.22,,
2018-12-11,0.38,-5.43,,
2018-12-12,-2.75,-1.86,,
2018-12-13,-3.75,3.37,,
2018-12-14,-0.98,5.05,,
2018-12-15,2.57,-3.41,,
2018-12-16,2.00,-2.85,,
2018-12-17,1.12,-3.25,,
2018-12-18,-1.59,-2.54,,
2018-12-19,-2.39,3.68,,
2018-12-20,1.92,4.52,,
2018-12-21,4.83,-1.76,,
2018-12-22,2.14,-0.57,,
2018-12-23,-2.03,-1.83,,
2018-12-24,-3.66,-2.86,,
2018-12-25,-4.06,-1.56,,
2018-12-26,-4.81,-0.42,,
2018-12-27,-4.91,3.07,,
2018-12-28,-3.54,4.53,,
2018-12-29,-4.45,2.78,,
2018-12-30,-4.26,1.99,,
2018-12-31,-4.08,2.96,,
2019-01-01,-4.78,1.74,,
2019-01-02,-4.49,0.63,,
2019-01-03,-3.95,2.67,,
2019-01-04,-1.07,2.65,,
2019-01-05,-0.18,-2.04,,
2019-01-06,-1.86,-3.36,,
2019-01-07,-2.38,-1.60,,
2019-01-08,-2.68,-0.97,,
2019-01-09,-0.29,-3.34,,
2019-01-10,-0.08,-4.54,,
2019-01-11,-0.36,-2.90,,
2019-01-12,-2.77,0.95,,
2019-01-13,-1.82,-1.27,,
2019-01-14,-2.37,-2.13,,
2019-01-15,-2.13,-4.01,,
2019-01-16,-2.45,-3.64,,
2019-01-17,-2.50,-2.68,,
2019-01-18,-2.33,-1.40,,
2019-01-19,-2.38,2.74,,
2019-01-20,3.91,-2.94,,
2019-01-21,0.06,-3.38,,
2019-01-22,-4.88,0.34,,
2019-01-23,-5.36,4.50,,
2019-01-24,1.44,2.40,,
2019-01-25,-1.93,-2.22,,
2019-01-26,-3.13,-4.82,,
2019-01-27,4.19,0.22,,
2019-01-28,0.97,-4.20,,
2019-01-29,-2.35,0.12,,
2019-01-30,-0.51,-2.20,,
2019-01-31,-3.42,-1.05,,
2019-02-01,-3.87,1.49,,
2019-02-02,-2.62,0.80,,
2019-02-03,-2.46,1.20,,
2019-02-04,-2.83,1.38,,
2019-02-05,-3.75,1.29,,
2019-02-06,-4.12,0.73,,
2019-02-07,-4.76,1.36,,
2019-02-08,-4.04,-0.79,,
2019-02-09,-3.61,-1.84,,
2019-02-10,-4.61,-0.32,,
2019-02-11,-4.07,1.48,,
2019-02-12,-2.99,2.69,,
2019-02-13,-0.25,-3.55,,
2019-02-14,-1.59,-3.57,,
2019-02-15,-2.53,0.18,,
2019-02-16,-1.84,3.31,,
2019-02-17,-3.01,5.42,,
2019-02-18,-3.18,5.73,,
2019-02-19,-4.32,4.17,,
2019-02-20,-3.74,3.88,,
2019-02-21,-4.35,3.79,,
2019-02-22,-4.44,3.72,,
2019-02-23,-4.23,2.96,,
2019-02-24,-2.77,2.77,,
2019-02-25,-3.08,0.88,,
2019-02-26,-3.43,0.60,,
2019-02-27,-3.21,0.74,,
2019-02-28,-3.48,1.00,,
2019-03-01,-3.94,1.51,,
2019-03-02,-3.43,1.67,,
2019-03-03,-2.72,2.20,,
2019-03-04,-2.04,2.91,,
2019-03-05,-1.91,2.13,,
2019-03-06,-3.35,-4.44,,
2019-03-07,-4.22,-2.34,,
2019-03-08,-3.68,-0.00,,
2019-03-09,-4.18,2.51,,
2019-03-10,-4.47,2.38,,
2019-03-11,-4.38,0.23,,
2019-03-12,-3.86,-0.61,,
2019-03-13,-4.74,2.21,,
2019-03-14,-4.18,3.90,,
2019-03-15,-3.78,2.64,,
2019-03-16,-2.72,0.43,,
2019-03-17,-2.01,0.04,,
2019-03-18,-1.96,0.35,,
2019-03-19,2.12,1.27,,
2019-03-20,-0.85,-3.99,,
2019-03-21,-0.73,-3.78,,
2019-03-22,-1.10,-3.59,,
2019-03-23,-2.70,-1.96,,
2019-03-24,-2.86,-1.04,,
2019-03-25,-3.01,-0.00,,
2019-03-26,-1.76,-3.04,,
2019-03-27,-0.58,-4.72,,
2019-03-28,-2.71,-3.60,,
2019-03-29,-3.60,-0.90,,
2019-03-30,-3.79,1.16,,
2019-03-31,-4.00,1.30,,
2019-04-01,-3.53,1.50,,
2019-04-02,-1.96,1.53,,
2019-04-03,-3.39,0.84,,
2019-04-04,-4.12,0.95,,
2019-04-05,-3.97,2.11,,
2019-04-06,-4.21,2.43,,
2019-04-07,-4.33,3.38,,
2019-04-08,-4.04,3.63,,
2019-04-09,-0.90,2.62,,
2019-04-10,0.39,-2.20,,
2019-04-11,-3.10,1.51,,
2019-04-12,-3.66,4.07,,
2019-04-13,-4.83,5.37,,
2019-04-14,-3.22,5.36,,
2019-04-15,-2.07,-1.24,,
2019-04-16,-4.35,-1.16,,
2019-04-17,-4.20,0.15,,
2019-04-18,-3.77,4.04,,
2019-04-19,-1.84,4.14,,
2019-04-20,1.34,-3.89,,
2019-04-21,-1.85,-1.73,,
2019-04-22,-3.68,-0.13,,
2019-04-23,-3.96,0.70,,
2019-04-24,-4.24,1.63,,
2019-04-25,-3.52,4.05,,
2019-04-26,-2.13,3.84,,
2019-04-27,-2.00,2.07,,
2019-04-28,-3.11,2.18,,
2019-04-29,-4.29,0.83,,
2019-04-30,-4.69,0.41,,
2019-05-01,-4.39,0.62,,
2019-05-02,-3.69,1.20,,
2019-05-03,-3.48,2.09,,
2019-05-04,-4.00,4.29,,
2019-05-05,-2.88,4.43,,
2019-05-06,-3.06,3.28,,
2019-05-07,-3.67,2.12,,
2019-05-08,-3.47,1.77,,
2019-05-09,-3.50,4.17,,
2019-05-10,-4.26,3.33,,
2019-05-11,-3.57,2.89,,
2019-05-12,-2.73,4.37,,
2019-05-13,-2.40,4.34,,
2019-05-14,-3.05,3.64,,
2019-05-15,-3.16,2.56,,
2019-05-16,-3.07,0.94,,
2019-05-17,-3.26,1.25,,
2019-05-18,-3.76,2.63,,
2019-05-19,-3.88,3.49,,
2019-05-20,-4.26,1.81,,
2019-05-21,-3.91,2.08,,
2019-05-22,-4.71,2.51,,
2019-05-23,-4.90,0.52,,
2019-05-24,-4.38,-0.69,,
2019-05-25,-4.37,-1.42,,
2019-05-26,-3.98,-0.77,,
2019-05-27,-4.55,0.32,,
2019-05-28,-4.04,-0.07,,
2019-05-29,-3.98,1.14,,
2019-05-30,-3.70,2.05,,
2019-05-31,-3.84,1.87,,
2019-06-01,-3.85,1.88,,
2019-06-02,-3.27,1.96,,
2019-06-03,-3.35,2.62,,
2019-06-04,-3.37,2.27,,
2019-06-05,-3.18,2.40,,
2019-06-06,-2.73,3.03,,
2019-06-07,-2.30,3.83,,
2019-06-08,-2.31,4.53,,
2019-06-09,-2.48,4.13,,
2019-06-10,-2.46,3.26,,
2019-06-11,-2.16,2.32,,
2019-06-12,-2.38,2.14,,
2019-06-13,-2.43,2.52,,
2019-06-14,-3.27,0.11,,
2019-06-15,-3.33,-0.77,,
2019-06-16,-3.16,0.85,,
2019-06-17,-3.12,2.53,,
2019-06-18,-3.38,3.50,,
2019-06-19,-3.30,3.08,,
2019-06-20,-3.55,2.78,,
2019-06-21,-4.10,1.83,,
2019-06-22,-4.11,1.74,,
2019-06-23,-4.00,2.31,,
2019-06-24,-2.66,1.36,,
2019-06-25,-3.44,0.79,,
2019-06-26,-3.76,-0.33,,
2019-06-27,-2.89,-1.60,,
2019-06-28,-2.13,-1.72,,
2019-06-29,-2.26,-1.00,,
2019-06-30,-2.05,1.33,,
2019-07-01,-3.19,0.22,,
2019-07-02,-2.75,-0.53,,
2019-07-03,-2.52,-0.97,,
2019-07-04,-2.38,-1.93,,
2019-07-05,-2.18,0.58,,
2019-07-06,-2.16,0.70,,
2019-07-07,-2.32,-0.29,,
2019-07-08,-1.72,-0.96,,
2019-07-09,-1.37,1.37,,
2019-07-10,-1.87,2.07,,
2019-07-11,-1.76,3.18,,
2019-07-12,-2.04,4.59,,
2019-07-13,-3.28,2.38,,
2019-07-14,-3.48,1.34,,
2019-07-15,-4.00,0.35,,
2019-07-16,-3.35,0.96,,
2019-07-17,-2.80,-0.15,,
2019-07-18,-2.96,0.52,,
2019-07-19,-3.28,-0.46,,
2019-07-20,-3.05,0.16,,
2019-07-21,-2.92,0.73,,
2019-07-22,-2.65,0.42,,
2019-07-23,-1.84,-0.16,,
2019-07-24,-1.66,1.12,,
2019-07-25,-2.42,2.42,,
2019-07-26,-3.36,1.22,,
2019-07-27,-3.29,-1.33,,
2019-07-28,-3.04,-1.17,,
2019-07-29,-2.49,-1.74,,
2019-07-30,-2.24,-2.01,,
2019-07-31,-2.57,-1.49,,
2019-08-01,-1.99,-1.61,,
2019-08-02,-0.77,-2.02,,
2019-08-03,-1.85,0.60,,
2019-08-04,-2.63,2.28,,
2019-08-05,-3.12,1.59,,
2019-08-06,-2.98,0.69,,
2019-08-07,-2.84,-0.20,,
2019-08-08,-2.99,-0.10,,
2019-08-09,-3.23,1.50,,
2019-08-10,-2.51,1.12,,
2019-08-11,-2.67,-0.28,,
2019-08-12,-2.39,-0.60,,
2019-08-13,-2.03,-0.54,,
2019-08-14,-2.35,0.37,,
2019-08-15,-2.00,1.74,,
2019-08-16,-2.86,1.72,,
2019-08-17,-3.69,2.99,,
2019-08-18,-4.63,2.06,,
2019-08-19,-4.33,0.38,,
2019-08-20,-3.42,0.12,,
2019-08-21,-3.71,1.81,,
2019-08-22,-2.97,1.32,,
2019-08-23,-2.46,0.80,,
2019-08-24,-2.00,-0.10,,
2019-08-25,-1.91,1.15,,
2019-08-26,-2.90,2.61,,
2019-08-27,-3.30,2.23,,
2019-08-28,-2.61,0.60,,
2019-08-29,-0.86,-2.37,,
2019-08-30,0.73,-2.56,,
2019-08-31,0.83,-1.10,,
2019-09-01,0.36,1.55,,
2019-09-02,-0.57,2.29,,
2019-09-03,-0.96,1.96,,
2019-09-04,-1.38,2.13,,
2019-09-05,-2.01,1.16,,
2019-09-06,-1.86,-0.40,,
2019-09-07,-1.10,-1.57,,
2019-09-08,-1.30,-1.55,,
2019-09-09,-3.05,-0.54,,
2019-09-10,-3.83,0.07,,
2019-09-11,-3.73,-1.36,,
2019-09-12,-3.21,-2.16,,
2019-09-13,-2.06,-1.92,,
2019-09-14,-0.83,-1.50,,
2019-09-15,-0.36,1.87,,
2019-09-16,-2.26,1.00,,
2019-09-17,-2.73,-0.48,,
2019-09-18,-1.33,-2.61,,
2019-09-19,-3.24,-2.62,,
2019-09-20,-3.71,-2.51,,
2019-09-21,-3.20,-1.17,,
2019-09-22,-2.60,-1.05,,
2019-09-23,-1.50,-1.09,,
2019-09-24,-1.68,-0.58,,
2019-09-25,-1.63,0.09,,
2019-09-26,-2.75,-0.14,,
2019-09-27,-2.85,0.10,,
2019-09-28,-3.63,1.69,,
2019-09-29,-3.50,0.62,,
2019-09-30,-3.57,-2.23,,
2019-10-01,-4.20,-2.84,,
2019-10-02,-2.90,-2.43,,
2019-10-03,-1.23,-2.05,,
2019-10-04,0.82,-0.07,,
2019-10-05,-0.52,-1.28,,
2019-10-06,-1.48,-0.92,,
2019-10-07,-1.23,-1.41,,
2019-10-08,-0.39,1.47,,
2019-10-09,-2.06,0.92,,
2019-10-10,-2.58,-0.00,,
2019-10-11,-2.58,-1.31,,
2019-10-12,-2.47,-1.37,,
2019-10-13,-2.86,-0.66,,
2019-10-14,-3.33,-0.83,,
2019-10-15,-5.06,1.74,,
2019-10-16,-3.08,3.08,,
2019-10-17,-2.17,3.47,,
2019-10-18,-1.14,4.59,,
2019-10-19,0.12,3.35,,
2019-10-20,-1.43,3.55,,
2019-10-21,-2.70,3.22,,
2019-10-22,-3.22,1.71,,
2019-10-23,-3.46,-0.61,,
2019-10-24,-4.58,0.64,,
2019-10-25,-3.81,2.29,,
2019-10-26,-1.58,2.25,,
2019-10-27,-2.00,0.39,,
2019-10-28,-2.27,2.04,,
2019-10-29,-2.84,1.45,,
2019-10-30,-3.43,0.92,,
2019-10-31,-2.87,0.05,,
2019-11-01,-1.88,-1.82,,
2019-11-02,-2.37,-2.45,,
2019-11-03,-2.38,-3.96,,
2019-11-04,-2.96,-1.14,,
2019-11-05,-2.83,-0.71,,
2019-11-06,-3.77,-1.22,,
2019-11-07,-3.53,-1.08,,
2019-11-08,-1.21,-2.47,,
2019-11-09,0.00,-3.39,,
2019-11-10,-2.57,-3.41,,
2019-11-11,-3.49,-0.00,,
2019-11-12,-1.73,0.70,,
2019-11-13,-2.15,-2.86,,
2019-11-14,-2.36,-0.04,,
2019-11-15,3.17,-0.28,,
2019-11-16,0.78,-5.59,,
2019-11-17,1.86,-2.86,,
2019-11-18,1.69,-2.32,,
2019-11-19,1.31,-1.87,,
2019-11-20,-3.02,-1.89,,
2019-11-21,-4.08,-1.41,,
2019-11-22,-3.78,-0.13,,
2019-11-23,-2.27,0.52,,
2019-11-24,0.98,-1.63,,
2019-11-25,0.47,-1.65,,
2019-11-26,-3.17,1.62,,
2019-11-27,-3.89,1.49,,
2019-11-28,-4.15,-1.59,,
2019-11-29,-3.11,-1.87,,
2019-11-30,-3.18,-0.45,,
2019-12-01,-2.24,1.69,,
2019-12-02,0.61,-2.64,,
2019-12-03,1.05,-3.24,,
2019-12-04,0.98,-2.19,,
2019-12-05,0.46,-2.15,,
2019-12-06,-2.10,-1.16,,
2019-12-07,0.00,-2.46,,
2019-12-08,-1.49,-1.78,,
2019-12-09,-2.93,0.62,,
2019-12-10,-3.52,2.12,,
2019-12-11,-2.71,-0.33,,
2019-12-12,-2.99,-1.46,,
2019-12-13,-1.81,1.52,,
2019-12-14,1.54,-0.22,,
2019-12-15,-2.83,-0.05,,
2019-12-16,-4.62,2.35,,
2019-12-17,-2.81,2.27,,
2019-12-18,1.35,-3.92,,
2019-12-19,-1.05,-6.63,,
2019-12-20,-0.23,-4.33,,
2019-12-21,-2.03,0.78,,
2019-12-22,2.06,-1.05,,
2019-12-23,3.14,-3.61,,
2019-12-24,3.66,-0.58,,
2019-12-25,2.22,-1.39,,
2019-12-26,0.33,-1.70,,
2019-12-27,-1.28,0.47,,
2019-12-28,-0.54,1.49,,
2019-12-29,-1.34,3.32,,
2019-12-30,-1.13,2.04,,
2019-12-31,-0.90,-1.49,,
2020-01-01,-3.15,-0.05,,
2020-01-02,-3.00,3.58,,
2020-01-03,-3.16,5.95,,
2020-01-04,1.33,3.29,,
2020-01-05,-0.28,-5.29,,
2020-01-06,-2.43,-3.23,,
2020-01-07,-0.48,-3.04,,
2020-01-08,-3.25,-3.74,,
2020-01-09,-5.52,-0.10,,
2020-01-10,-6.59,1.89,,
2020-01-11,-5.25,3.15,,
2020-01-12,-5.01,1.73,,
2020-01-13,-5.16,0.09,,
2020-01-14,-4.71,0.41,,
2020-01-15,-4.69,-0.08,,
2020-01-16,-4.78,-1.37,,
2020-01-17,-5.76,-1.54,,
2020-01-18,-5.72,0.50,,
2020-01-19,-3.16,0.67,,
2020-01-20,-0.36,-3.40,,
2020-01-21,-0.43,-6.09,,
2020-01-22,-0.86,-4.44,,
2020-01-23,-2.54,-1.08,,
2020-01-24,0.62,-2.03,,
2020-01-25,-0.34,-3.27,,
2020-01-26,-3.84,-0.68,,
2020-01-27,-0.25,2.83,,
2020-01-28,-0.46,1.72,,
2020-01-29,-0.21,2.38,,
2020-01-30,-0.41,-2.09,,
2020-01-31,-2.50,2.77,,
2020-02-01,3.17,-1.34,,
2020-02-02,0.41,-4.72,,
2020-02-03,-3.58,-0.12,,
2020-02-04,-3.83,2.30,,
2020-02-05,-3.18,5.09,,
2020-02-06,-2.27,6.98,,
2020-02-07,0.33,-4.77,,
2020-02-08,-4.05,-0.94,,
2020-02-09,-5.03,0.62,,
2020-02-10,-5.05,2.04,,
2020-02-11,-4.05,2.53,,
2020-02-12,-4.17,3.75,,
2020-02-13,-3.72,4.28,,
2020-02-14,-2.95,2.06,,
2020-02-15,-3.71,-1.13,,
2020-02-16,-3.33,-0.23,,
2020-02-17,-3.30,0.89,,
2020-02-18,-4.15,1.27,,
2020-02-19,-4.08,0.07,,
2020-02-20,-2.79,-1.24,,
2020-02-21,-0.75,-3.87,,
2020-02-22,-1.14,-5.84,,
2020-02-23,-2.33,-2.99,,
2020-02-24,-3.85,2.90,,
2020-02-25,-2.75,4.97,,
2020-02-26,-1.54,3.81,,
2020-02-27,0.64,-6.12,,
2020-02-28,0.58,-4.75,,
2020-02-29,-1.40,-4.59,,
2020-03-01,-4.23,-0.52,,
2020-03-02,-3.58,3.33,,
2020-03-03,-3.41,5.45,,
2020-03-04,-4.04,5.78,,
2020-03-05,-2.65,4.78,,
2020-03-06,0.51,-3.61,,
2020-03-07,-2.61,-5.36,,
2020-03-08,-5.67,-2.18,,
2020-03-09,-5.87,-0.62,,
2020-03-10,-3.72,-0.79,,
2020-03-11,-2.88,-1.10,,
2020-03-12,-3.10,-0.66,,
2020-03-13,-3.59,0.38,,
2020-03-14,-4.44,0.62,,
2020-03-15,-3.77,-0.07,,
2020-03-16,-3.74,-0.20,,
2020-03-17,-3.89,0.27,,
2020-03-18,-4.71,1.81,,
2020-03-19,-4.89,1.59,,
2020-03-20,-4.63,2.06,,
2020-03-21,-4.18,0.59,,
2020-03-22,-4.02,-0.49,,
2020-03-23,-3.67,0.71,,
2020-03-24,-3.27,2.55,,
2020-03-25,-2.54,3.13,,
2020-03-26,-2.50,2.03,,
2020-03-27,-3.41,2.13,,
2020-03-28,-4.49,3.03,,
2020-03-29,-4.70,2.39,,
2020-03-30,-4.13,1.93,,
2020-03-31,-2.62,3.23,,
2020-04-01,-0.54,2.36,,
2020-04-02,-2.17,1.41,,
2020-04-03,-2.74,2.74,,
2020-04-04,-2.84,2.84,,
2020-04-05,-2.76,3.41,,
2020-04-06,-2.66,2.57,,
2020-04-07,-3.63,1.69,,
2020-04-08,-2.69,2.26,,
2020-04-09,-2.12,3.53,,
2020-04-10,-1.75,3.94,,
2020-04-11,-2.47,4.46,,
2020-04-12,-3.71,6.18,,
2020-04-13,-3.25,6.12,,
2020-04-14,-3.11,5.18,,
2020-04-15,-2.60,5.11,,
2020-04-16,-2.18,4.10,,
2020-04-17,-3.37,2.83,,
2020-04-18,-2.76,2.76,,
2020-04-19,-3.11,4.13,,
2020-04-20,-1.96,5.38,,
2020-04-21,-2.84,3.50,,
2020-04-22,-4.36,2.52,,
2020-04-23,-3.54,6.38,,
2020-04-24,-2.61,6.45,,
2020-04-25,-2.72,5.35,,
2020-04-26,-2.94,3.76,,
2020-04-27,-3.72,-0.00,,
2020-04-28,-4.49,-0.00,,
2020-04-29,-3.55,2.67,,
2020-04-30,-0.75,2.31,,
2020-05-01,-1.69,-3.05,,
2020-05-02,-4.28,-1.23,,
2020-05-03,-3.57,0.12,,
2020-05-04,-3.40,0.30,,
2020-05-05,-3.62,1.32,,
2020-05-06,-3.22,0.06,,
2020-05-07,-2.82,-3.03,,
2020-05-08,-4.70,-0.58,,
2020-05-09,-4.11,0.50,,
2020-05-10,-2.37,1.60,,
2020-05-11,-1.80,-3.53,,
2020-05-12,-4.78,-1.83,,
2020-05-13,-3.77,1.45,,
2020-05-14,-3.80,1.31,,
2020-05-15,-3.45,1.19,,
2020-05-16,-3.32,2.78,,
2020-05-17,-3.33,3.57,,
2020-05-18,-1.61,3.03,,
2020-05-19,-0.84,2.18,,
2020-05-20,-2.39,2.39,,
2020-05-21,-3.82,2.99,,
2020-05-22,-4.29,3.23,,
2020-05-23,-4.07,1.81,,
2020-05-24,-2.20,1.66,,
2020-05-25,-0.89,2.43,,
2020-05-26,-1.98,3.57,,
2020-05-27,-2.47,3.17,,
2020-05-28,-3.47,2.43,,
2020-05-29,-2.93,0.89,,
2020-05-30,-3.28,0.46,,
2020-05-31,-3.82,0.54,,
2020-06-01,-4.58,1.49,,
2020-06-02,-5.47,2.44,,
2020-06-03,-6.15,2.12,,
2020-06-04,-5.89,2.14,,
2020-06-05,-6.64,6.41,,
2020-06-06,-0.80,7.57,,
2020-06-07,-0.44,5.03,,
2020-06-08,-2.63,4.94,,
2020-06-09,-3.98,4.58,,
2020-06-10,-3.61,2.72,,
2020-06-11,-2.34,-1.35,,
2020-06-12,-1.92,-1.61,,
2020-06-13,-1.35,-1.13,,
2020-06-14,-1.36,0.75,,
2020-06-15,-2.51,-0.40,,
2020-06-16,-2.69,-0.28,,
2020-06-17,-2.41,0.34,,
2020-06-18,-2.09,0.29,,
2020-06-19,-3.44,-0.36,,
2020-06-20,-2.94,0.41,,
2020-06-21,-3.21,0.86,,
2020-06-22,-3.65,1.05,,
2020-06-23,-3.56,1.51,,
2020-06-24,-3.81,1.54,,
2020-06-25,-3.40,1.10,,
2020-06-26,-4.30,0.30,,
2020-06-27,-3.91,0.14,,
2020-06-28,-3.26,1.00,,
2020-06-29,-3.20,1.17,,
2020-06-30,-2.96,-0.05,,
2020-07-01,-3.17,0.17,,
2020-07-02,-3.17,0.45,,
2020-07-03,-1.83,-0.13,,
2020-07-04,-1.34,-0.68,,
2020-07-05,-1.85,1.35,,
2020-07-06,-2.73,2.54,,
2020-07-07,-3.25,-0.23,,
2020-07-08,-2.96,-0.52,,
2020-07-09,-3.21,-0.86,,
2020-07-10,-3.29,0.64,,
2020-07-11,-2.27,0.74,,
2020-07-12,-1.73,0.37,,
2020-07-13,-1.89,1.38,,
2020-07-14,-2.69,0.57,,
2020-07-15,-3.09,-0.43,,
2020-07-16,-2.89,-1.67,,
2020-07-17,-3.13,-1.96,,
2020-07-18,-3.09,0.27,,
2020-07-19,-2.08,0.84,,
2020-07-20,-1.98,-0.42,,
2020-07-21,-2.10,-0.04,,
2020-07-22,-1.17,1.95,,
2020-07-23,-1.88,2.79,,
2020-07-24,-2.92,1.97,,
2020-07-25,-3.28,2.05,,
2020-07-26,-3.59,2.33,,
2020-07-27,-4.33,2.50,,
2020-07-28,-3.84,0.89,,
2020-07-29,-4.25,0.67,,
2020-07-30,-3.52,-0.94,,
2020-07-31,-2.80,-2.11,,
2020-08-01,-2.58,-2.86,,
2020-08-02,-2.44,-2.19,,
2020-08-03,-1.83,-1.10,,
2020-08-04,-1.69,-0.72,,
2020-08-05,-2.28,0.12,,
2020-08-06,-2.77,1.47,,
2020-08-07,-3.81,0.47,,
2020-08-08,-3.92,-0.90,,
2020-08-09,-3.66,0.13,,
2020-08-10,-3.16,-1.21,,
2020-08-11,-2.91,-1.06,,
2020-08-12,-2.77,-1.01,,
2020-08-13,-3.03,-0.16,,
2020-08-14,-2.41,-0.74,,
2020-08-15,-2.23,-0.72,,
2020-08-16,-1.55,-1.67,,
2020-08-17,-1.24,-1.84,,
2020-08-18,-0.48,-1.91,,
2020-08-19,-0.46,-1.20,,
2020-08-20,-1.63,-0.26,,
2020-08-21,-2.60,0.95,,
2020-08-22,-3.48,-0.80,,
2020-08-23,0.05,3.04,,
2020-08-24,-1.00,-1.81,,
2020-08-25,2.25,3.10,,
2020-08-26,-2.74,3.78,,
2020-08-27,-3.41,2.30,,
2020-08-28,-3.77,3.90,,
2020-08-29,-3.23,3.59,,
2020-08-30,-2.31,2.85,,
2020-08-31,-2.25,2.09,,
2020-09-01,-3.37,-0.12,,
2020-09-02,-3.45,-1.47,,
2020-09-03,-3.92,-0.27,,
2020-09-04,-3.85,-0.07,,
2020-09-05,-4.01,-0.00,,
2020-09-06,-3.38,-1.16,,
2020-09-07,-1.89,-2.10,,
2020-09-08,-1.50,-1.05,,
2020-09-09,-1.14,0.83,,
2020-09-10,-2.15,0.26,,
2020-09-11,-1.07,-0.70,,
2020-09-12,1.24,-0.20,,
2020-09-13,0.24,1.98,,
2020-09-14,-0.25,2.84,,
2020-09-15,-1.43,3.72,,
2020-09-16,-1.44,2.95,,
2020-09-17,-1.62,2.80,,
2020-09-18,-1.66,2.77,,
2020-09-19,-1.35,3.03,,
2020-09-20,-1.14,2.15,,
2020-09-21,-1.38,-1.42,,
2020-09-22,-1.22,-1.67,,
2020-09-23,-1.86,-0.79,,
2020-09-24,-1.86,0.16,,
2020-09-25,-1.64,1.53,,
2020-09-26,-2.52,2.35,,
2020-09-27,-2.71,2.52,,
2020-09-28,-3.05,1.42,,
2020-09-29,-2.21,0.15,,
2020-09-30,-1.59,-1.70,,
2020-10-01,-2.13,-1.04,,
2020-10-02,-2.99,-2.33,,
2020-10-03,-9.16,-0.80,,
2020-10-04,-1.06,7.58,,
2020-10-05,1.71,4.02,,
2020-10-06,-3.06,2.48,,
2020-10-07,-8.43,2.58,,
2020-10-08,-1.23,4.93,,
2020-10-09,-2.40,1.22,,
2020-10-10,-0.92,2.84,,
2020-10-11,-1.40,1.73,,
2020-10-12,-2.40,0.17,,
2020-10-13,-2.34,-2.34,,
2020-10-14,-2.08,-2.76,,
2020-10-15,-1.15,-1.77,,
2020-10-16,-1.68,-1.14,,
2020-10-17,-2.47,-2.15,,
2020-10-18,-2.99,-2.09,,
2020-10-19,-1.81,-3.71,,
2020-10-20,-2.01,-1.81,,
2020-10-21,-2.72,0.38,,
2020-10-22,-2.29,-0.04,,
2020-10-23,-1.75,-0.89,,
2020-10-24,-0.62,-2.50,,
2020-10-25,0.06,-3.23,,
2020-10-26,-5.13,-2.84,,
2020-10-27,-8.27,6.94,,
2020-10-28,-2.48,4.29,,
2020-10-29,-2.01,-0.14,,
2020-10-30,-1.14,-2.68,,
2020-10-31,-2.64,-3.04,,
2020-11-01,-1.81,-4.71,,
2020-11-02,-2.17,-5.38,,
2020-11-03,-3.92,-6.03,,
2020-11-04,-5.18,-5.36,,
2020-11-05,-5.32,-2.60,,
2020-11-06,-5.02,-1.16,,
2020-11-07,-2.33,-2.98,,
2020-11-08,2.31,-3.29,,
2020-11-09,3.27,-3.51,,
2020-11-10,6.29,0.44,,
2020-11-11,3.47,1.77,,
2020-11-12,1.54,-0.89,,
2020-11-13,-2.20,-2.92,,
2020-11-14,-3.06,-1.77,,
2020-11-15,-2.52,-0.00,,
2020-11-16,-3.30,-1.83,,
2020-11-17,-4.57,-3.97,,
2020-11-18,-5.61,-4.71,,
2020-11-19,-6.61,-2.67,,
2020-11-20,-5.91,-3.14,,
2020-11-21,-5.15,-3.34,,
2020-11-22,-3.25,-2.28,,
2020-11-23,-2.39,-3.06,,
2020-11-24,-4.01,-1.79,,
2020-11-25,-3.69,0.72,,
2020-11-26,-3.69,0.06,,
2020-11-27,-3.30,-0.17,,
2020-11-28,-3.03,0.21,,
2020-11-29,-3.11,1.45,,
2020-11-30,2.06,-0.51,,
2020-12-01,-0.91,-5.77,,
2020-12-02,-4.89,-2.18,,
2020-12-03,-5.44,-0.09,,
2020-12-04,-3.12,2.10,,
2020-12-05,-0.25,2.00,,
2020-12-06,-0.85,2.10,,
2020-12-07,3.45,-1.84,,
2020-12-08,2.10,-4.12,,
2020-12-09,1.27,-3.48,,
2020-12-10,-1.43,-2.20,,
2020-12-11,-3.11,-0.11,,
2020-12-12,-2.11,0.18,,
2020-12-13,-3.00,1.21,,
2020-12-14,-1.24,1.84,,
2020-12-15,-1.98,0.93,,
2020-12-16,-1.56,2.59,,
2020-12-17,0.25,-2.03,,
2020-12-18,-3.85,-4.27,,
2020-12-19,-4.01,-2.04,,
2020-12-20,-2.24,0.39,,
2020-12-21,0.66,-2.03,,
2020-12-22,-3.06,-3.52,,
2020-12-23,-3.25,-0.34,,
2020-12-24,-1.86,2.66,,
2020-12-25,0.71,-5.80,,
2020-12-26,0.30,-4.26,,
2020-12-27,-2.20,-1.84,,
2020-12-28,-3.42,-2.87,,
2020-12-29,-4.56,-1.48,,
2020-12-30,-4.81,1.11,,
2020-12-31,-3.86,4.76,,
2021-01-01,-4.02,5.53,,
2021-01-02,-2.88,3.43,,
2021-01-03,-1.65,0.99,,
2021-01-04,-0.92,-0.96,,
2021-01-05,-2.35,-4.23,,
2021-01-06,-3.38,-1.72,,
2021-01-07,-1.92,0.98,,
2021-01-08,2.34,-2.34,,
2021-01-09,1.14,-3.52,,
2021-01-10,-3.02,-1.75,,
2021-01-11,-3.62,-0.13,,
2021-01-12,-3.53,-2.29,,
2021-01-13,-3.79,-0.40,,
2021-01-14,0.91,-3.95,,
2021-01-15,0.27,-3.05,,
2021-01-16,1.73,-3.89,,
2021-01-17,1.53,-2.27,,
2021-01-18,-0.22,-2.55,,
2021-01-19,-4.78,-1.10,,
2021-01-20,-4.83,-1.57,,
2021-01-21,-3.41,-1.31,,
2021-01-22,-2.08,1.46,,
2021-01-23,-2.16,1.40,,
2021-01-24,-3.93,1.05,,
2021-01-25,-4.15,3.13,,
2021-01-26,-3.68,4.70,,
2021-01-27,-3.47,3.85,,
2021-01-28,-2.53,-1.84,,
2021-01-29,-3.91,-3.77,,
2021-01-30,-4.43,0.31,,
2021-01-31,-3.26,2.03,,
2021-02-01,1.71,-2.73,,
2021-02-02,1.80,-4.24,,
2021-02-03,1.28,-2.52,,
2021-02-04,-2.77,0.64,,
2021-02-05,-2.44,4.06,,
2021-02-06,-2.33,5.23,,
2021-02-07,-0.82,4.22,,
2021-02-08,-2.74,3.38,,
2021-02-09,-4.35,2.03,,
2021-02-10,-3.75,0.93,,
2021-02-11,-3.58,2.24,,
2021-02-12,-3.29,3.65,,
2021-02-13,-2.20,4.95,,
2021-02-14,-0.05,2.77,,
2021-02-15,-1.67,3.94,,
2021-02-16,1.77,-3.63,,
2021-02-17,-3.33,3.69,,
2021-02-18,-3.11,5.85,,
2021-02-19,2.80,2.61,,
2021-02-20,-0.40,-5.68,,
2021-02-21,-2.95,-2.85,,
2021-02-22,-2.56,-0.36,,
2021-02-23,-2.21,-2.21,,
2021-02-24,-3.56,-0.31,,
2021-02-25,-4.01,-1.07,,
2021-02-26,-4.43,0.54,,
2021-02-27,-4.55,2.52,,
2021-02-28,-5.02,3.02,,
2021-03-01,-3.89,3.15,,
2021-03-02,-3.36,1.64,,
2021-03-03,-1.16,1.85,,
2021-03-04,0.04,-2.29,,
2021-03-05,-2.37,-1.48,,
2021-03-06,-1.48,1.59,,
2021-03-07,-0.31,-4.50,,
2021-03-08,-3.59,-3.98,,
2021-03-09,-5.64,-2.51,,
2021-03-10,-5.40,-0.57,,
2021-03-11,-5.27,0.09,,
2021-03-12,-4.70,-0.66,,
2021-03-13,-4.35,-0.23,,
2021-03-14,-4.24,1.89,,
2021-03-15,-3.99,2.69,,
2021-03-16,-4.06,3.92,,
2021-03-17,-4.23,5.04,,
2021-03-18,-2.70,3.59,,
2021-03-19,0.56,-2.25,,
2021-03-20,0.00,-3.58,,
2021-03-21,-1.89,-2.10,,
2021-03-22,-3.23,-0.34,,
2021-03-23,-3.64,4.19,,
2021-03-24,-3.67,5.88,,
2021-03-25,-4.14,5.70,,
2021-03-26,-3.88,4.62,,
2021-03-27,-4.34,2.51,,
2021-03-28,-3.78,2.85,,
2021-03-29,-3.50,-0.24,,
2021-03-30,-3.28,0.76,,
2021-03-31,-3.29,1.07,,
2021-04-01,-1.90,-2.71,,
2021-04-02,-1.92,-6.29,,
2021-04-03,-3.80,-3.43,,
2021-04-04,-4.70,-2.09,,
2021-04-05,-3.64,-1.32,,
2021-04-06,-3.87,0.41,,
2021-04-07,-4.27,1.73,,
2021-04-08,-3.08,2.58,,
2021-04-09,-3.46,3.84,,
2021-04-10,-3.56,5.48,,
2021-04-11,-2.72,5.83,,
2021-04-12,-2.62,4.36,,
2021-04-13,-3.94,2.19,,
2021-04-14,-3.86,2.23,,
2021-04-15,-3.31,3.20,,
2021-04-16,-2.85,4.74,,
2021-04-17,-2.72,5.34,,
2021-04-18,-2.92,5.05,,
2021-04-19,-1.20,4.20,,
2021-04-20,-1.09,4.08,,
2021-04-21,-1.36,2.36,,
2021-04-22,-2.50,1.56,,
2021-04-23,-3.22,2.25,,
2021-04-24,-3.19,4.56,,
2021-04-25,-2.42,4.03,,
2021-04-26,-3.36,2.63,,
2021-04-27,-3.95,1.21,,
2021-04-28,-3.90,1.34,,
2021-04-29,-3.55,3.80,,
2021-04-30,-3.94,2.46,,
2021-05-01,-3.56,1.59,,
2021-05-02,-3.53,4.06,,
2021-05-03,-3.53,5.87,,
2021-05-04,-4.34,5.35,,
2021-05-05,-4.27,4.42,,
2021-05-06,-3.40,2.04,,
2021-05-07,-2.22,-1.67,,
2021-05-08,-3.84,-1.25,,
2021-05-09,-3.79,2.10,,
2021-05-10,-3.70,2.79,,
2021-05-11,-4.42,2.45,,
2021-05-12,-3.66,2.76,,
2021-05-13,-3.41,0.98,,
2021-05-14,-2.76,-1.29,,
2021-05-15,-3.36,-1.86,,
2021-05-16,-3.43,-0.48,,
2021-05-17,-3.88,1.57,,
2021-05-18,-4.01,2.51,,
2021-05-19,-4.25,2.98,,
2021-05-20,-4.66,3.26,,
2021-05-21,-4.99,1.24,,
2021-05-22,-4.66,0.99,,
2021-05-23,-4.92,0.34,,
2021-05-24,-4.31,0.92,,
2021-05-25,-4.39,0.77,,
2021-05-26,-4.08,0.43,,
2021-05-27,-2.97,-0.42,,
2021-05-28,-2.31,1.13,,
2021-05-29,-1.67,1.51,,
2021-05-30,-2.43,0.93,,
2021-05-31,-3.01,0.42,,
2021-06-01,-3.21,-0.06,,
2021-06-02,-3.11,-0.05,,
2021-06-03,-3.25,1.38,,
2021-06-04,-3.23,2.18,,
2021-06-05,-3.46,2.24,,
2021-06-06,-3.24,2.72,,
2021-06-07,-4.21,2.24,,
2021-06-08,-3.65,2.11,,
2021-06-09,-3.44,1.12,,
2021-06-10,-3.12,0.44,,
2021-06-11,-2.90,1.42,,
2021-06-12,-2.78,1.94,,
2021-06-13,-2.19,1.53,,
2021-06-14,-2.18,1.76,,
2021-06-15,-3.00,2.90,,
2021-06-16,-2.59,2.50,,
2021-06-17,-2.70,3.86,,
2021-06-18,-3.46,4.76,,
2021-06-19,-2.98,3.31,,
2021-06-20,-3.13,3.36,,
2021-06-21,-3.46,3.72,,
2021-06-22,-3.20,4.25,,
2021-06-23,-3.87,3.02,,
2021-06-24,-3.30,-0.82,,
2021-06-25,-2.68,-0.82,,
2021-06-26,-2.37,1.85,,
2021-06-27,-3.07,1.92,,
2021-06-28,-3.11,1.25,,
2021-06-29,-3.78,2.27,,
2021-06-30,-3.60,1.38,,
2021-07-01,-2.89,1.35,,
2021-07-02,-2.65,1.86,,
2021-07-03,-2.75,0.53,,
2021-07-04,-3.22,0.17,,
2021-07-05,-2.74,-0.74,,
2021-07-06,-2.09,0.52,,
2021-07-07,-2.42,3.58,,
2021-07-08,-3.98,3.22,,
2021-07-09,-4.10,1.74,,
2021-07-10,-3.41,-0.24,,
2021-07-11,-3.82,-0.13,,
2021-07-12,-3.64,0.84,,
2021-07-13,-3.71,-0.65,,
2021-07-14,-3.52,-0.56,,
2021-07-15,-2.22,-1.67,,
2021-07-16,-2.99,-0.97,,
2021-07-17,-3.36,1.09,,
2021-07-18,-3.35,0.06,,
2021-07-19,-2.85,-0.20,,
2021-07-20,-2.61,0.75,,
2021-07-21,-3.12,1.14,,
2021-07-22,-3.19,-0.56,,
2021-07-23,-2.81,-2.81,,
2021-07-24,-1.93,-2.14,,
2021-07-25,0.51,-1.56,,
2021-07-26,-0.72,1.61,,
2021-07-27,-1.81,2.58,,
2021-07-28,-3.29,1.75,,
2021-07-29,-3.26,-0.34,,
2021-07-30,-3.47,-0.93,,
2021-07-31,-3.12,0.33,,
2021-08-01,-2.77,0.64,,
2021-08-02,-2.82,-0.25,,
2021-08-03,-2.60,1.96,,
2021-08-04,-2.97,0.74,,
2021-08-05,-3.13,1.02,,
2021-08-06,-2.88,0.94,,
2021-08-07,-2.76,-0.10,,
2021-08-08,-3.07,0.88,,
2021-08-09,-2.39,-0.92,,
2021-08-10,-3.47,-0.67,,
2021-08-11,-3.41,0.30,,
2021-08-12,-2.44,-1.14,,
2021-08-13,-1.95,-1.53,,
2021-08-14,-0.55,-2.07,,
2021-08-15,-0.26,1.85,,
2021-08-16,-1.03,3.16,,
2021-08-17,-2.95,0.63,,
2021-08-18,-3.75,-1.91,,
2021-08-19,-10.08,2.14,,
2021-08-20,-5.13,2.39,,
2021-08-21,-4.02,0.42,,
2021-08-22,-3.80,-0.53,,
2021-08-23,-3.49,0.12,,
2021-08-24,-3.22,-1.05,,
2021-08-25,-3.09,-0.55,,
2021-08-26,-1.70,-3.34,,
2021-08-27,-1.96,-1.59,,
2021-08-28,-0.26,2.47,,
2021-08-29,-2.81,4.16,,
2021-08-30,-3.09,2.99,,
2021-08-31,-2.66,2.95,,
2021-09-01,-2.53,3.01,,
2021-09-02,-2.64,2.14,,
2021-09-03,-3.40,0.91,,
2021-09-04,-2.85,0.66,,
2021-09-05,-1.78,0.03,,
2021-09-06,-1.84,0.39,,
2021-09-07,-2.68,2.68,,
2021-09-08,-2.68,2.42,,
2021-09-09,-2.18,1.16,,
2021-09-10,-3.21,1.36,,
2021-09-11,-4.15,1.59,,
2021-09-12,-4.60,2.24,,
2021-09-13,-2.77,0.29,,
2021-09-14,-2.15,0.91,,
2021-09-15,-2.03,2.69,,
2021-09-16,-2.31,3.42,,
2021-09-17,-3.10,3.33,,
2021-09-18,-2.99,1.59,,
2021-09-19,-2.85,0.45,,
2021-09-20,-2.85,-0.66,,
2021-09-21,-2.78,-1.48,,
2021-09-22,-1.55,-2.48,,
2021-09-23,-0.72,-1.87,,
2021-09-24,-1.42,-0.72,,
2021-09-25,-1.52,0.58,,
2021-09-26,-1.96,-0.00,,
2021-09-27,-1.90,-0.77,,
2021-09-28,-2.85,0.05,,
2021-09-29,-2.57,-0.27,,
2021-09-30,-2.70,0.43,,
2021-10-01,-2.83,0.25,,
2021-10-02,-3.22,0.11,,
2021-10-03,-3.18,-0.45,,
2021-10-04,-2.44,-0.43,,
2021-10-05,-2.28,0.40,,
2021-10-06,-2.68,-0.33,,
2021-10-07,-2.89,-0.46,,
2021-10-08,-1.69,-0.94,,
2021-10-09,-1.28,-1.19,,
2021-10-10,-1.19,-0.69,,
2021-10-11,-1.87,-0.07,,
2021-10-12,-1.71,-1.29,,
2021-10-13,-2.00,-1.30,,
2021-10-14,-2.11,0.49,,
2021-10-15,-2.20,0.85,,
2021-10-16,-2.01,-1.07,,
2021-10-17,-2.38,-1.66,,
2021-10-18,-2.66,-1.18,,
2021-10-19,-2.92,0.20,,
2021-10-20,-3.30,0.64,,
2021-10-21,-2.36,-0.04,,
2021-10-22,-1.76,-1.28,,
2021-10-23,-2.29,0.70,,
2021-10-24,-2.92,2.45,,
2021-10-25,-1.22,3.02,,
2021-10-26,-1.30,1.79,,
2021-10-27,-1.72,3.52,,
2021-10-28,-0.36,4.10,,
2021-10-29,2.70,-2.27,,
2021-10-30,3.69,-0.72,,
2021-10-31,1.89,-1.23,,
2021-11-01,-1.17,-2.52,,
2021-11-02,-1.46,-3.44,,
2021-11-03,-2.19,-2.27,,
2021-11-04,-1.62,0.59,,
2021-11-05,2.49,-1.27,,
2021-11-06,1.01,-4.06,,
2021-11-07,-0.28,-4.07,,
2021-11-08,-0.18,-3.46,,
2021-11-09,-1.36,-2.92,,
2021-11-10,-2.35,-1.00,,
2021-11-11,-2.68,0.23,,
2021-11-12,-2.04,-0.47,,
2021-11-13,-0.35,-2.89,,
2021-11-14,-1.35,-3.02,,
2021-11-15,-2.30,-4.15,,
2021-11-16,-3.34,-2.71,,
2021-11-17,-4.00,-0.21,,
2021-11-18,-1.88,1.09,,
2021-11-19,0.05,-1.48,,
2021-11-20,-2.04,-2.04,,
2021-11-21,-2.10,-1.64,,
2021-11-22,0.60,-3.10,,
2021-11-23,-0.48,-4.59,,
2021-11-24,-2.68,-2.97,,
2021-11-25,-2.67,-0.82,,
2021-11-26,-2.05,-2.12,,
2021-11-27,-0.79,-2.29,,
2021-11-28,-1.40,-1.10,,
2021-11-29,1.86,-0.95,,
2021-11-30,-2.87,-3.54,,
2021-12-01,-3.20,0.06,,
2021-12-02,-2.35,-0.33,,
2021-12-03,-3.31,-2.50,,
2021-12-04,-2.27,-1.71,,
2021-12-05,-2.42,-0.98,,
2021-12-06,-3.14,1.67,,
2021-12-07,-2.74,1.11,,
2021-12-08,-2.82,0.81,,
2021-12-09,-2.90,0.20,,
2021-12-10,-4.04,1.01,,
2021-12-11,-4.20,2.05,,
2021-12-12,-3.21,0.11,,
2021-12-13,-3.64,-1.40,,
2021-12-14,-4.16,-1.68,,
2021-12-15,-4.45,-1.80,,
2021-12-16,-3.69,-0.39,,
2021-12-17,-4.10,0.72,,
2021-12-18,-3.14,1.82,,
2021-12-19,-1.73,1.79,,
2021-12-20,-2.38,1.26,,
2021-12-21,3.46,-1.26,,
2021-12-22,2.88,-1.47,,
2021-12-23,-0.24,-3.45,,
2021-12-24,-3.36,-1.86,,
2021-12-25,-2.84,0.87,,
2021-12-26,-3.14,-0.22,,
2021-12-27,-3.63,1.04,,
2021-12-28,-3.52,3.40,,
2021-12-29,-3.36,4.80,,
2021-12-30,-3.37,3.74,,
2021-12-31,-4.01,2.71,,
2022-01-01,-3.85,3.72,-0.107,0.317
2022-01-02,-2.56,4.43,-0.073,0.323
2022-01-03,-0.54,-3.82,-0.011,-0.149
2022-01-04,-1.35,-4.43,-0.116,-0.072
2022-01-05,-1.44,-1.92,-0.038,0.071
2022-01-06,-2.12,2.12,-0.062,0.015
2022-01-07,-2.28,0.57,-0.086,0.001
2022-01-08,-3.99,0.99,-0.142,0.059
2022-01-09,-4.62,1.24,-0.131,0.159
2022-01-10,-2.55,-1.19,-0.062,-0.001
2022-01-11,-2.51,-3.22,-0.114,-0.067
2022-01-12,-1.97,-3.41,-0.094,0.000
2022-01-13,1.88,-3.00,0.029,-0.124
2022-01-14,1.84,-2.36,0.017,-0.218
2022-01-15,-1.45,1.72,-0.049,-0.017
2022-01-16,4.44,-0.78,0.083,-0.036
2022-01-17,2.95,-1.25,0.053,-0.141
2022-01-18,1.32,-2.29,-0.004,0.138
2022-01-19,-3.39,0.06,-0.087,0.165
2022-01-20,-3.47,-0.00,-0.085,0.183
2022-01-21,-2.08,0.11,-0.013,0.199
2022-01-22,0.25,-2.00,-0.010,0.094
2022-01-23,-0.75,-3.01,-0.070,0.068
2022-01-24,-2.96,-2.31,-0.082,0.143
2022-01-25,-1.74,4.53,-0.038,0.289
2022-01-26,1.56,0.51,0.027,-0.072
2022-01-27,-0.39,-2.45,-0.061,0.036
2022-01-28,-1.49,-2.39,-0.023,0.049
2022-01-29,0.55,-6.31,0.007,-0.364
2022-01-30,-0.72,-4.06,-0.069,-0.011
2022-01-31,-3.75,-1.07,-0.099,0.112
2022-02-01,-4.04,2.63,-0.114,0.261
2022-02-02,-3.83,2.88,-0.099,0.232
2022-02-03,-3.97,4.26,-0.116,0.262
2022-02-04,-2.77,2.67,-0.065,0.203
2022-02-05,-0.64,-3.00,-0.051,-0.096
2022-02-06,-1.89,-3.03,-0.094,0.087
2022-02-07,-2.76,0.90,-0.028,0.278
2022-02-08,1.26,0.67,0.007,0.042
2022-02-09,0.38,-4.39,-0.043,-0.051
2022-02-10,-2.55,-3.15,-0.073,0.062
2022-02-11,-2.86,-2.00,-0.076,-0.050
2022-02-12,-3.58,0.63,-0.129,0.137
2022-02-13,0.29,-4.14,-0.005,0.027
2022-02-14,-1.02,-5.80,-0.078,-0.203
2022-02-15,-4.75,-2.74,-0.158,0.172
2022-02-16,-5.35,0.37,-0.127,0.257
2022-02-17,-4.44,2.89,-0.095,0.284
2022-02-18,-3.29,2.06,-0.035,0.186
2022-02-19,-2.85,-0.82,-0.072,0.082
2022-02-20,-4.16,-1.85,-0.130,0.133
2022-02-21,-4.07,-0.64,-0.101,0.240
2022-02-22,-5.12,1.47,-0.120,0.255
2022-02-23,-5.09,1.08,-0.127,0.251
2022-02-24,-4.61,0.98,-0.108,0.239
2022-02-25,-4.67,0.16,-0.129,0.212
2022-02-26,-3.44,-1.12,-0.100,0.175
2022-02-27,-2.07,-1.20,-0.062,0.197
2022-02-28,0.00,-3.81,-0.053,-0.094
2022-03-01,0.39,-3.74,-0.059,-0.062
2022-03-02,0.06,-3.44,-0.070,-0.035
2022-03-03,-1.59,-2.35,-0.085,0.040
2022-03-04,-3.37,-1.29,-0.114,0.068
2022-03-05,-4.20,0.15,-0.131,0.170
2022-03-06,-4.91,1.79,-0.148,0.227
2022-03-07,-4.11,2.28,-0.123,0.240
2022-03-08,-2.86,2.32,-0.094,0.244
2022-03-09,-2.57,4.44,-0.092,0.322
2022-03-10,-2.57,5.03,-0.101,0.337
2022-03-11,-2.98,4.95,-0.110,0.322
2022-03-12,-2.21,3.28,-0.057,0.164
2022-03-13,-3.13,-5.21,-0.153,-0.151
2022-03-14,-4.26,-0.83,-0.134,0.229
2022-03-15,-3.59,1.83,-0.106,0.177
2022-03-16,-1.56,-0.39,-0.051,0.055
2022-03-17,-2.12,2.27,-0.078,0.213
2022-03-18,-3.58,4.11,-0.124,0.322
2022-03-19,-3.55,2.98,-0.101,0.283
2022-03-20,-3.24,0.40,-0.084,0.259
2022-03-21,-4.52,-0.80,-0.131,0.226
2022-03-22,-4.40,4.24,-0.144,0.381
2022-03-23,-2.80,5.06,-0.080,0.379
2022-03-24,-1.32,3.62,-0.049,0.268
2022-03-25,1.29,-5.19,-0.004,-0.130
2022-03-26,0.44,-4.17,-0.048,0.100
2022-03-27,-3.41,-2.86,-0.105,0.134
2022-03-28,-5.01,-0.35,-0.145,0.232
2022-03-29,-5.42,1.97,-0.171,0.305
2022-03-30,-5.32,5.13,-0.177,0.404
2022-03-31,-3.55,6.97,-0.138,0.468
2022-04-01,-3.14,5.03,-0.097,0.345
2022-04-02,-3.38,4.48,-0.118,0.352
2022-04-03,-2.26,3.75,-0.076,0.336
2022-04-04,-2.71,4.17,-0.091,0.337
2022-04-05,-3.59,5.75,-0.116,0.388
2022-04-06,-2.86,5.86,-0.091,0.358
2022-04-07,-2.30,4.32,-0.068,0.226
2022-04-08,-1.99,-3.90,-0.072,-0.114
2022-04-09,-0.85,-5.35,-0.098,-0.077
2022-04-10,-3.70,-2.22,-0.097,0.072
2022-04-11,-4.61,2.66,-0.102,0.220
2022-04-12,-5.24,2.79,-0.122,0.223
2022-04-13,-4.89,3.82,-0.127,0.260
2022-04-14,-4.05,3.40,-0.110,0.221
2022-04-15,-3.88,1.89,-0.088,0.128
2022-04-16,-3.31,0.70,-0.027,0.084
2022-04-17,-3.16,-0.17,0.020,0.031
2022-04-18,-2.45,-1.25,0.058,-0.071
2022-04-19,-3.30,-3.54,-0.067,-0.149
2022-04-20,-4.68,-0.91,-0.097,0.080
2022-04-21,-5.14,-0.27,-0.110,0.166
2022-04-22,-4.62,-1.77,-0.130,0.142
2022-04-23,-4.33,-0.53,-0.103,0.182
2022-04-24,-5.33,1.33,-0.134,0.227
2022-04-25,-4.90,0.95,-0.118,0.190
2022-04-26,-4.22,0.37,-0.142,0.080
2022-04-27,-3.20,-1.04,-0.150,-0.034
2022-04-28,-3.14,-0.78,-0.126,0.031
2022-04-29,-3.60,1.38,-0.076,0.138
2022-04-30,-4.13,2.29,-0.060,0.127
2022-05-01,-4.13,0.88,-0.041,0.009
2022-05-02,-4.18,0.59,-0.077,0.022
2022-05-03,-4.42,1.79,-0.060,0.153
2022-05-04,-3.65,1.94,-0.044,0.084
2022-05-05,-3.91,2.95,-0.051,0.119
2022-05-06,-3.20,3.96,-0.019,0.110
2022-05-07,-2.07,4.05,0.010,0.042
2022-05-08,-2.14,3.71,-0.024,-0.005
2022-05-09,-3.17,3.06,-0.092,0.111
2022-05-10,-3.87,0.54,-0.051,0.097
2022-05-11,-3.82,-2.38,-0.070,0.041
2022-05-12,-2.40,-2.97,-0.051,0.071
2022-05-13,-2.41,-1.69,-0.026,0.099
2022-05-14,-2.50,-1.45,-0.026,0.104
2022-05-15,-1.84,-2.04,-0.022,0.131
2022-05-16,-0.85,-2.62,-0.013,0.113
2022-05-17,-1.32,-2.12,-0.018,0.143
2022-05-18,-2.55,-0.45,-0.042,0.178
2022-05-19,-2.80,2.03,-0.070,0.237
2022-05-20,-3.32,4.25,-0.098,0.255
2022-05-21,-4.92,5.27,-0.160,0.308
2022-05-22,-4.90,4.73,-0.122,0.248
2022-05-23,-3.92,2.35,-0.095,0.065
2022-05-24,-3.80,2.11,-0.073,0.123
2022-05-25,-4.69,4.22,-0.107,0.220
2022-05-26,-4.17,3.14,-0.081,0.160
2022-05-27,-3.07,1.43,-0.019,-0.068
2022-05-28,-2.36,0.63,-0.059,-0.050
2022-05-29,-2.93,2.37,-0.050,0.091
2022-05-30,-3.48,3.36,-0.091,0.243
2022-05-31,-4.89,2.28,-0.148,0.333
2022-06-01,-5.99,0.73,-0.171,0.322
2022-06-02,-4.15,1.76,-0.104,0.383
2022-06-03,3.03,1.04,0.022,0.356
2022-06-04,2.56,-2.22,0.055,0.106
2022-06-05,-0.24,-1.97,0.011,0.214
2022-06-06,-2.52,1.51,-0.012,0.275
2022-06-07,-3.33,3.11,-0.064,0.334
2022-06-08,-3.48,2.92,-0.081,0.338
2022-06-09,-3.75,2.17,-0.074,0.299
2022-06-10,-2.75,2.75,-0.053,0.311
2022-06-11,-2.42,2.34,-0.040,0.299
2022-06-12,-3.05,1.62,-0.047,0.263
2022-06-13,-4.84,-0.00,-0.092,0.230
2022-06-14,-4.62,1.07,-0.098,0.303
2022-06-15,-3.09,-1.13,-0.047,0.282
2022-06-16,-3.13,-0.38,-0.036,0.262
2022-06-17,-3.93,-0.00,-0.067,0.290
2022-06-18,-3.67,-0.00,-0.037,0.288
2022-06-19,-4.21,1.05,-0.082,0.306
2022-06-20,-4.27,1.99,-0.090,0.362
2022-06-21,-3.92,-0.62,-0.053,0.317
2022-06-22,-2.70,-2.03,-0.027,0.270
2022-06-23,-1.74,-1.51,0.002,0.275
2022-06-24,-1.77,0.28,0.018,0.277
2022-06-25,-1.88,1.00,0.010,0.255
2022-06-26,-1.94,-0.78,0.014,0.208
2022-06-27,-1.26,-1.73,0.027,0.180
2022-06-28,-1.45,0.05,0.042,0.192
2022-06-29,-2.09,1.07,0.023,0.195
2022-06-30,-3.19,0.28,-0.031,0.192
2022-07-01,-3.36,-0.65,-0.047,0.181
2022-07-02,-3.46,0.61,-0.042,0.219
2022-07-03,-3.65,0.45,-0.052,0.210
2022-07-04,-3.18,-0.85,-0.053,0.146
2022-07-05,-2.66,0.33,-0.037,0.156
2022-07-06,-2.58,0.50,-0.028,0.063
2022-07-07,-2.38,-0.25,-0.056,-0.030
2022-07-08,-3.23,-0.11,-0.050,0.064
2022-07-09,-2.55,1.72,-0.011,0.184
2022-07-10,-1.55,1.50,0.021,0.199
2022-07-11,-1.77,1.97,0.009,0.198
2022-07-12,-2.52,2.35,-0.034,0.232
2022-07-13,-3.59,1.99,-0.056,0.259
2022-07-14,-3.55,1.29,-0.062,0.236
2022-07-15,-3.31,-0.46,-0.053,0.174
2022-07-16,-1.60,-1.54,0.005,0.110
2022-07-17,-1.91,0.89,0.022,0.078
2022-07-18,-2.97,1.45,-0.020,0.119
2022-07-19,-3.17,0.22,-0.034,0.133
2022-07-20,-2.85,-0.66,-0.030,0.138
2022-07-21,-2.62,0.27,-0.030,0.155
2022-07-22,-3.23,1.11,-0.071,0.160
2022-07-23,-3.58,-0.38,-0.070,0.103
2022-07-24,-3.36,-0.47,-0.084,0.109
2022-07-25,-3.46,-0.43,-0.087,0.125
2022-07-26,-3.10,0.27,-0.059,0.128
2022-07-27,-2.92,1.24,-0.055,0.096
2022-07-28,-3.61,0.57,-0.073,0.137
2022-07-29,-4.44,-0.78,-0.114,0.108
2022-07-30,-3.43,1.12,-0.099,0.232
2022-07-31,-3.10,0.38,-0.056,0.108
2022-08-01,-3.34,-0.35,-0.087,0.005
2022-08-02,-2.98,-0.97,-0.065,0.051
2022-08-03,-2.86,-0.15,-0.064,-0.010
2022-08-04,-3.38,0.24,-0.095,0.013
2022-08-05,-3.18,0.39,-0.068,0.015
2022-08-06,-3.19,-0.74,-0.094,-0.046
2022-08-07,-4.29,0.15,-0.131,0.024
2022-08-08,-2.54,-0.63,-0.041,-0.032
2022-08-09,-3.48,0.06,-0.100,0.009
2022-08-10,-2.12,0.99,-0.012,0.083
2022-08-11,-2.86,-0.30,-0.038,-0.015
2022-08-12,-2.74,0.39,-0.049,0.005
2022-08-13,-2.29,1.07,-0.046,-0.017
2022-08-14,-1.94,1.03,-0.068,-0.019
2022-08-15,-2.26,0.87,-0.124,-0.009
2022-08-16,-2.07,1.56,-0.103,0.041
2022-08-17,-2.80,0.24,-0.124,0.017
2022-08-18,-2.67,1.19,-0.082,0.063
2022-08-19,-3.54,0.44,-0.068,0.082
2022-08-20,-3.70,0.06,-0.020,0.055
2022-08-21,-2.51,-0.53,0.014,0.004
2022-08-22,-2.44,-0.65,-0.075,-0.045
2022-08-23,-2.86,0.77,-0.037,0.069
2022-08-24,-2.35,1.36,0.041,0.072
2022-08-25,-2.61,0.41,0.009,0.046
2022-08-26,-2.58,0.84,-0.028,0.124
2022-08-27,-2.23,1.29,0.020,0.102
2022-08-28,-2.15,1.00,0.026,-0.015
2022-08-29,-2.65,1.07,-0.026,-0.003
2022-08-30,-2.88,0.56,-0.048,0.023
2022-08-31,-2.99,0.75,-0.084,-0.031
2022-09-01,-3.27,2.47,-0.096,0.139
2022-09-02,-4.62,1.59,-0.117,0.158
2022-09-03,-4.62,-0.32,-0.111,0.100
2022-09-04,-3.48,-0.12,-0.042,0.132
2022-09-05,-2.87,0.25,-0.003,0.054
2022-09-06,-2.31,-0.04,-0.028,-0.021
2022-09-07,-1.08,-0.60,-0.031,-0.050
2022-09-08,0.58,1.30,0.012,0.059
2022-09-09,-0.09,2.57,0.035,0.060
2022-09-10,-0.74,3.22,-0.021,0.241
2022-09-11,-2.16,2.16,-0.049,0.170
2022-09-12,-2.00,0.81,-0.020,0.208
2022-09-13,-2.20,0.23,0.000,0.141
2022-09-14,-2.71,0.28,-0.032,0.154
2022-09-15,-2.67,1.25,-0.047,0.202
2022-09-16,-2.69,1.56,-0.046,0.225
2022-09-17,-3.26,-0.17,-0.056,0.158
2022-09-18,-2.33,-0.99,-0.035,0.113
2022-09-19,-1.69,-1.88,-0.023,0.045
2022-09-20,-1.48,-1.77,-0.017,0.032
2022-09-21,-1.09,-1.50,-0.004,-0.037
2022-09-22,-0.98,-1.45,-0.020,-0.034
2022-09-23,-1.85,-0.99,-0.002,0.013
2022-09-24,-2.06,-2.21,-0.037,0.004
2022-09-25,-1.76,-1.95,-0.048,-0.000
2022-09-26,-1.93,-3.34,-0.063,-0.036
2022-09-27,2.70,-3.00,0.031,-0.118
2022-09-28,2.16,-3.20,0.014,-0.048
2022-09-29,1.26,-3.29,-0.002,-0.060
2022-09-30,1.55,-3.17,-0.001,-0.120
2022-10-01,1.73,-1.67,0.020,-0.090
2022-10-02,-0.64,-1.98,-0.052,-0.108
2022-10-03,-1.85,-1.92,-0.065,-0.074
2022-10-04,-0.30,-2.12,-0.044,-0.060
2022-10-05,-1.34,-1.91,-0.035,-0.028
2022-10-06,-1.58,-2.02,-0.032,0.013
2022-10-07,-2.39,-2.23,-0.056,0.049
2022-10-08,-3.34,-2.80,-0.108,0.029
2022-10-09,-3.81,-3.08,-0.127,0.071
2022-10-10,-3.79,0.13,-0.104,0.224
2022-10-11,-4.32,1.40,-0.103,0.241
2022-10-12,-3.01,1.53,-0.064,0.171
2022-10-13,-0.97,2.18,-0.044,-0.055
2022-10-14,-1.73,1.40,-0.055,0.023
2022-10-15,-3.00,0.42,-0.042,0.083
2022-10-16,-3.37,0.18,-0.073,0.095
2022-10-17,-1.64,0.56,-0.022,0.080
2022-10-18,0.75,0.49,0.018,-0.007
2022-10-19,-0.05,-3.15,0.011,-0.164
2022-10-20,-1.88,-4.23,-0.122,0.027
2022-10-21,-1.13,-3.93,-0.041,0.040
2022-10-22,-1.44,-2.96,-0.057,0.012
2022-10-23,-2.35,-1.30,-0.061,0.070
2022-10-24,-3.90,0.62,-0.097,0.193
2022-10-25,-3.30,2.06,-0.088,0.280
2022-10-26,-1.57,0.87,-0.025,0.257
2022-10-27,-1.02,-0.72,-0.021,0.251
2022-10-28,-2.14,0.19,-0.052,0.272
2022-10-29,-3.37,-0.00,-0.097,0.240
2022-10-30,-2.02,-1.47,-0.042,0.210
2022-10-31,-1.95,-2.02,-0.038,0.178
2022-11-01,-3.60,-2.25,-0.076,0.155
2022-11-02,-4.08,-0.87,-0.114,0.230
2022-11-03,-3.94,-0.07,-0.095,0.257
2022-11-04,-3.63,-0.06,-0.094,0.292
2022-11-05,-3.39,0.36,-0.073,0.294
2022-11-06,-2.66,-1.35,-0.048,0.266
2022-11-07,-2.66,-2.08,-0.074,0.213
2022-11-08,-3.11,-3.01,-0.113,0.164
2022-11-09,-1.56,-2.81,-0.065,0.183
2022-11-10,1.24,-1.91,-0.015,0.204
2022-11-11,0.91,1.46,0.006,0.197
2022-11-12,-1.45,1.13,0.002,0.203
2022-11-13,-0.58,-2.02,0.011,0.190
2022-11-14,-2.56,-0.93,-0.029,0.216
2022-11-15,-2.56,0.73,-0.042,0.269
2022-11-16,-2.20,-2.05,-0.021,0.154
2022-11-17,-2.78,-2.98,-0.089,0.118
2022-11-18,-4.29,-3.73,-0.135,0.103
2022-11-19,-4.14,-0.58,-0.128,0.251
2022-11-20,-1.52,-0.30,-0.011,0.137
2022-11-21,-1.33,-1.00,-0.053,0.004
2022-11-22,-2.12,0.49,-0.052,0.242
2022-11-23,-1.67,-0.06,-0.000,0.008
2022-11-24,-2.80,-0.15,-0.058,0.021
2022-11-25,-2.23,0.64,-0.052,0.101
2022-11-26,-3.12,1.73,-0.079,0.181
2022-11-27,-2.17,1.82,-0.042,0.225
2022-11-28,-2.45,1.09,-0.027,0.234
2022-11-29,-3.75,1.59,-0.082,0.253
2022-11-30,-3.67,1.12,-0.078,0.252
2022-12-01,-4.38,-2.23,-0.113,0.108
2022-12-02,-4.89,-1.31,-0.148,0.179
2022-12-03,-5.11,-2.49,-0.153,0.134
2022-12-04,-4.04,-2.33,-0.133,0.112
2022-12-05,-3.50,-1.07,-0.105,0.154
2022-12-06,-3.98,-0.07,-0.105,0.172
2022-12-07,-4.33,-0.92,-0.129,0.126
2022-12-08,-4.79,-2.03,-0.161,0.077
2022-12-09,-3.63,-1.69,-0.111,0.105
2022-12-10,-3.66,-0.65,-0.104,0.120
2022-12-11,-3.72,0.26,-0.092,0.127
2022-12-12,-2.52,0.13,-0.039,0.135
2022-12-13,-3.26,1.59,-0.075,0.178
2022-12-14,-3.40,4.35,-0.094,0.327
2022-12-15,-1.43,4.16,-0.034,0.248
2022-12-16,-0.84,2.76,-0.063,0.085
2022-12-17,-1.18,1.45,-0.004,0.172
2022-12-18,-1.34,-1.49,-0.037,0.020
2022-12-19,-3.84,-0.54,-0.125,0.153
2022-12-20,-1.73,1.40,-0.009,0.174
2022-12-21,0.08,-1.47,-0.016,-0.138
2022-12-22,-1.08,2.03,-0.073,0.055
2022-12-23,2.17,-1.06,0.022,-0.071
2022-12-24,-1.86,-5.39,-0.092,-0.304
2022-12-25,-2.92,-5.27,-0.163,-0.042
2022-12-26,-2.28,-3.37,-0.114,-0.004
2022-12-27,-0.20,-2.81,0.006,-0.100
2022-12-28,-3.82,-2.99,-0.099,-0.152
2022-12-29,-4.67,0.49,-0.139,0.149
2022-12-30,-3.77,3.16,-0.110,0.251
2022-12-31,-2.24,2.77,-0.056,0.220
2023-01-01,-2.92,1.90,-0.081,0.217
2023-01-02,-3.90,1.27,-0.105,0.216
2023-01-03,-4.11,3.97,-0.116,0.322
2023-01-04,-2.37,3.79,-0.052,0.229
2023-01-05,-2.80,1.24,-0.107,0.004
2023-01-06,-2.63,-2.37,-0.103,-0.036
2023-01-07,-4.24,-2.16,-0.130,0.110
2023-01-08,-3.91,-0.83,-0.100,0.054
2023-01-09,-1.69,-2.32,-0.061,-0.049
2023-01-10,-1.91,-2.63,-0.101,-0.054
2023-01-11,-3.08,-1.31,-0.091,0.044
2023-01-12,-3.30,1.14,-0.075,0.129
2023-01-13,2.03,-2.34,0.055,-0.115
2023-01-14,1.84,-4.55,0.043,-0.338
2023-01-15,-0.87,-2.52,-0.039,0.119
2023-01-16,-2.98,2.16,-0.040,0.156
2023-01-17,-3.00,3.34,-0.099,0.242
2023-01-18,-3.37,4.31,-0.105,0.255
2023-01-19,-3.63,4.99,-0.110,0.301
2023-01-20,-3.13,3.24,-0.101,0.191
2023-01-21,-3.04,2.64,-0.085,0.167
2023-01-22,-2.39,4.13,-0.079,0.248
2023-01-23,-1.65,2.27,-0.037,0.083
2023-01-24,-4.34,2.31,-0.144,0.191
2023-01-25,-2.69,5.27,-0.069,0.347
2023-01-26,-0.68,-3.19,-0.009,-0.174
2023-01-27,-3.27,-3.50,-0.145,0.001
2023-01-28,-5.14,-1.87,-0.132,0.140
2023-01-29,-4.30,0.91,-0.092,0.202
2023-01-30,-3.75,1.59,-0.104,0.184
2023-01-31,-3.88,0.68,-0.103,0.159
2023-02-01,-3.69,0.99,-0.087,0.195
2023-02-02,-3.80,1.46,-0.083,0.232
2023-02-03,-2.39,-0.82,-0.026,0.151
2023-02-04,-2.05,-3.41,-0.079,-0.063
2023-02-05,-1.47,-1.23,-0.038,0.233
2023-02-06,-1.09,-2.14,-0.011,-0.107
2023-02-07,-4.05,1.01,-0.118,0.126
2023-02-08,-5.92,1.92,-0.163,0.243
2023-02-09,-3.58,2.51,-0.100,0.278
2023-02-10,-3.37,2.02,-0.067,0.236
2023-02-11,-0.63,2.34,-0.005,0.272
2023-02-12,2.04,-4.18,0.051,-0.223
2023-02-13,-0.21,-3.01,-0.017,0.187
2023-02-14,-2.86,0.87,-0.013,0.169
2023-02-15,-3.72,3.99,-0.092,0.298
2023-02-16,-4.51,4.83,-0.121,0.330
2023-02-17,-2.98,2.78,-0.071,0.284
2023-02-18,-2.67,-1.80,-0.056,0.155
2023-02-19,-3.54,-2.22,-0.101,0.228
2023-02-20,-2.80,-0.91,-0.035,0.266
2023-02-21,-2.91,1.12,-0.013,0.207
2023-02-22,-3.67,5.24,-0.091,0.359
2023-02-23,-4.19,5.56,-0.094,0.388
2023-02-24,-4.74,2.11,-0.099,0.260
2023-02-25,-4.48,-0.16,-0.099,0.260
2023-02-26,-4.16,0.36,-0.084,0.305
2023-02-27,-3.65,1.86,-0.085,0.334
2023-02-28,-2.87,3.42,-0.057,0.374
2023-03-01,-3.34,4.43,-0.070,0.359
2023-03-02,-3.81,6.10,-0.099,0.445
2023-03-03,-3.76,8.07,-0.108,0.518
2023-03-04,-2.88,4.98,-0.057,0.307
2023-03-05,-3.09,2.78,-0.057,0.238
2023-03-06,-3.26,0.69,-0.053,0.234
2023-03-07,-2.83,-0.15,-0.039,0.241
2023-03-08,-3.62,-0.90,-0.081,0.193
2023-03-09,-3.23,-0.28,-0.052,0.230
2023-03-10,-2.78,0.96,-0.035,0.254
2023-03-11,-2.20,0.76,-0.018,0.191
2023-03-12,-2.02,3.50,-0.049,0.264
2023-03-13,-2.43,4.56,-0.052,0.286
2023-03-14,-2.85,1.65,-0.074,0.059
2023-03-15,-3.50,-1.56,-0.100,0.097
2023-03-16,-5.53,-1.69,-0.153,0.098
2023-03-17,-4.09,4.09,-0.113,0.311
2023-03-18,-2.83,3.89,-0.071,0.232
2023-03-19,0.11,-2.03,-0.040,-0.086
2023-03-20,-2.11,-6.51,-0.127,-0.195
2023-03-21,-3.46,-2.52,-0.067,0.188
2023-03-22,-4.53,-0.24,-0.077,0.152
2023-03-23,-4.66,0.41,-0.096,0.113
2023-03-24,-3.84,2.89,-0.077,0.236
2023-03-25,-3.13,5.01,-0.073,0.336
2023-03-26,-4.00,5.11,-0.092,0.334
2023-03-27,-3.71,4.42,-0.094,0.311
2023-03-28,-3.54,3.54,-0.087,0.274
2023-03-29,-2.86,1.52,-0.054,0.197
2023-03-30,-3.56,-0.31,-0.074,0.161
2023-03-31,-4.27,0.68,-0.098,0.223
2023-04-01,-3.73,1.99,-0.079,0.265
2023-04-02,-3.08,1.12,-0.050,0.199
2023-04-03,-3.30,2.77,-0.076,0.252
2023-04-04,-3.53,3.53,-0.084,0.294
2023-04-05,-4.60,3.22,-0.096,0.309
2023-04-06,-4.85,2.16,-0.102,0.318
2023-04-07,-4.40,1.78,-0.092,0.348
2023-04-08,-3.08,0.60,-0.039,0.344
2023-04-09,-2.18,-1.42,-0.002,0.260
2023-04-10,-1.80,-2.14,-0.003,0.126
2023-04-11,-0.66,-1.92,0.001,0.112
2023-04-12,0.44,-1.91,0.001,0.063
2023-04-13,-0.83,1.86,-0.037,-0.020
2023-04-14,-2.13,3.85,-0.071,0.268
2023-04-15,-3.29,3.66,-0.086,0.338
2023-04-16,-2.90,2.03,-0.066,0.266
2023-04-17,-0.50,-3.16,-0.039,-0.033
2023-04-18,-2.31,-2.56,-0.074,0.081
2023-04-19,-3.31,-0.06,-0.052,0.183
2023-04-20,-3.47,1.19,-0.052,0.191
2023-04-21,-3.35,2.52,-0.072,0.196
2023-04-22,-1.50,2.31,-0.011,0.144
2023-04-23,-2.67,0.92,-0.042,0.082
2023-04-24,-2.88,2.99,-0.060,0.274
2023-04-25,-1.66,3.40,-0.019,0.129
2023-04-26,-3.06,3.78,-0.101,0.193
2023-04-27,-3.22,5.15,-0.087,0.300
2023-04-28,-3.03,5.25,-0.070,0.287
2023-04-29,-2.23,5.25,-0.057,0.254
2023-04-30,3.35,-2.17,0.091,-0.219
2023-05-01,-1.24,-2.66,-0.031,0.017
2023-05-02,-3.13,1.66,-0.032,0.165
2023-05-03,-3.06,2.14,-0.033,0.147
2023-05-04,-3.44,2.07,-0.035,0.119
2023-05-05,-3.32,2.16,-0.044,0.178
2023-05-06,-3.39,1.17,-0.036,0.134
2023-05-07,-3.95,-0.28,-0.041,0.112
2023-05-08,-3.69,-0.00,-0.043,0.171
2023-05-09,-3.99,0.85,-0.066,0.180
2023-05-10,-3.80,2.47,-0.084,0.200
2023-05-11,-4.07,3.18,-0.111,0.218
2023-05-12,-4.01,1.87,-0.123,0.184
2023-05-13,-4.34,1.49,-0.115,0.152
2023-05-14,-4.36,0.15,-0.081,0.096
2023-05-15,-2.87,-1.10,-0.014,-0.082
2023-05-16,-1.50,-1.05,-0.038,-0.122
2023-05-17,-1.75,0.28,-0.016,-0.065
2023-05-18,-2.09,1.75,-0.018,-0.009
2023-05-19,-2.61,1.27,-0.028,0.047
2023-05-20,-2.61,-1.27,-0.037,0.029
2023-05-21,-1.59,-2.64,-0.017,-0.032
2023-05-22,-1.18,-2.53,-0.026,-0.027
2023-05-23,-1.09,-2.05,-0.020,-0.038
2023-05-24,-0.74,-2.16,-0.026,-0.064
2023-05-25,0.67,-1.57,0.009,-0.096
2023-05-26,0.75,-2.17,0.004,-0.125
2023-05-27,-0.28,-2.01,-0.040,-0.080
2023-05-28,-2.20,0.15,-0.027,0.014
2023-05-29,-2.33,1.09,-0.028,0.053
2023-05-30,-1.78,2.05,-0.025,0.063
2023-05-31,-1.42,2.19,-0.022,-0.001
2023-06-01,-1.45,1.56,-0.028,0.083
2023-06-02,0.86,-2.23,-0.002,-0.061
2023-06-03,3.06,-1.84,0.047,-0.143
2023-06-04,0.61,-3.13,-0.010,-0.014
2023-06-05,-2.13,-0.69,-0.001,0.117
2023-06-06,-1.51,1.22,0.004,0.174
2023-06-07,-0.24,2.70,-0.004,0.215
2023-06-08,0.15,1.74,0.035,0.138
2023-06-09,-0.52,-1.71,0.024,0.120
2023-06-10,-2.26,0.08,-0.034,0.181
2023-06-11,-2.12,2.82,-0.036,0.267
2023-06-12,-2.76,3.29,-0.063,0.267
2023-06-13,-3.11,3.22,-0.071,0.279
2023-06-14,-3.27,4.04,-0.080,0.325
2023-06-15,-3.43,3.81,-0.077,0.318
2023-06-16,-3.05,3.64,-0.057,0.290
2023-06-17,-3.01,3.12,-0.061,0.259
2023-06-18,-2.57,3.81,-0.067,0.278
2023-06-19,-2.90,2.61,-0.063,0.243
2023-06-20,-3.27,2.21,-0.069,0.236
2023-06-21,-2.53,2.45,-0.050,0.251
2023-06-22,-2.70,3.22,-0.080,0.259
2023-06-23,-3.48,1.85,-0.092,0.212
2023-06-24,-3.33,1.63,-0.087,0.258
2023-06-25,-2.18,-1.59,-0.023,0.234
2023-06-26,-2.24,-1.34,-0.035,0.205
2023-06-27,-2.22,-1.04,-0.018,0.238
2023-06-28,-2.81,0.75,-0.033,0.249
2023-06-29,-2.95,-0.36,-0.036,0.219
2023-06-30,-2.24,-1.57,-0.027,0.117
2023-07-01,-1.92,-0.74,-0.011,-0.070
2023-07-02,-2.48,1.11,-0.040,0.031
2023-07-03,-2.12,0.86,-0.000,0.030
2023-07-04,-3.70,0.99,-0.073,0.140
2023-07-05,-3.04,-0.54,-0.055,0.205
2023-07-06,-2.99,0.42,-0.047,0.195
2023-07-07,-2.84,1.70,-0.066,0.244
2023-07-08,-3.50,1.27,-0.086,0.228
2023-07-09,-3.45,2.33,-0.072,0.278
2023-07-10,-3.43,0.92,-0.048,0.242
2023-07-11,-2.92,0.57,-0.035,0.260
2023-07-12,-2.87,-0.20,-0.019,0.266
2023-07-13,-3.36,-1.09,-0.040,0.275
2023-07-14,-2.85,-0.93,-0.025,0.268
2023-07-15,-2.91,0.41,-0.028,0.275
2023-07-16,-3.18,0.17,-0.042,0.249
2023-07-17,-3.24,-1.79,-0.057,0.225
2023-07-18,-3.10,-1.38,-0.027,0.275
2023-07-19,-3.19,-0.56,-0.043,0.306
2023-07-20,-2.78,0.15,-0.037,0.326
2023-07-21,-2.97,0.31,-0.037,0.296
2023-07-22,-2.25,0.73,0.010,0.272
2023-07-23,-3.06,0.94,-0.023,0.295
2023-07-24,-3.36,0.84,-0.025,0.306
2023-07-25,-3.27,-1.60,-0.015,0.236
2023-07-26,-3.48,-1.93,-0.052,0.200
2023-07-27,-3.43,-2.88,-0.061,0.172
2023-07-28,-3.57,-1.30,-0.046,0.235
2023-07-29,-3.31,-0.46,-0.034,0.273
2023-07-30,-2.33,-0.99,-0.011,0.261
2023-07-31,-1.36,-0.95,0.008,0.252
2023-08-01,-1.76,1.02,-0.008,0.259
2023-08-02,-2.30,-0.75,-0.023,0.225
2023-08-03,-2.69,-1.20,-0.053,0.222
2023-08-04,-2.06,-0.11,-0.040,0.233
2023-08-05,-2.02,-0.58,-0.023,0.214
2023-08-06,-2.33,-0.67,-0.024,0.196
2023-08-07,-2.65,-0.66,-0.028,0.181
2023-08-08,-3.20,-0.74,-0.043,0.167
2023-08-09,-2.92,0.10,-0.025,0.219
2023-08-10,-3.02,0.48,-0.026,0.208
2023-08-11,-3.12,-0.05,-0.038,0.208
2023-08-12,-3.14,-0.61,-0.047,0.186
2023-08-13,-2.86,0.98,-0.045,0.201
2023-08-14,-3.55,-0.75,-0.063,0.116
2023-08-15,-2.91,-1.12,-0.012,0.076
2023-08-16,-1.93,0.48,0.061,0.113
2023-08-17,-1.90,0.65,0.090,0.016
2023-08-18,-2.65,-0.81,0.032,-0.017
2023-08-19,-1.98,-2.73,-0.018,0.025
2023-08-20,-1.55,-1.98,-0.007,0.109
2023-08-21,-2.46,1.25,-0.021,0.167
2023-08-22,-2.80,-1.13,-0.068,0.090
2023-08-23,-3.30,-1.33,-0.083,0.104
2023-08-24,-2.53,-0.87,-0.026,0.130
2023-08-25,-2.87,-0.51,-0.025,0.056
2023-08-26,-1.11,-2.74,-0.043,-0.120
2023-08-27,-1.52,-3.42,-0.063,-0.148
2023-08-28,0.96,-4.15,-0.047,-0.202
2023-08-29,3.73,0.39,0.074,-0.104
2023-08-30,1.12,2.20,0.041,-0.025
2023-08-31,0.23,2.60,0.022,0.045
2023-09-01,-2.48,1.87,-0.033,0.125
2023-09-02,-3.54,-0.37,-0.069,0.090
2023-09-03,-1.87,-2.40,-0.004,0.022
2023-09-04,-2.30,-1.07,-0.031,-0.050
2023-09-05,-2.16,1.30,-0.016,0.028
2023-09-06,-1.89,1.14,-0.022,-0.045
2023-09-07,-1.73,-0.09,-0.040,-0.106
2023-09-08,-1.15,-1.65,-0.046,-0.108
2023-09-09,-1.50,-0.76,-0.043,-0.005
2023-09-10,-0.51,1.00,0.044,0.035
2023-09-11,-1.90,-0.30,0.002,0.077
2023-09-12,-2.48,-1.26,-0.015,0.009
2023-09-13,-2.45,-1.78,-0.033,0.019
2023-09-14,-2.33,-1.18,0.003,0.074
2023-09-15,-2.22,-1.33,0.014,0.021
2023-09-16,-1.99,-1.01,0.017,-0.008
2023-09-17,-1.39,-1.30,0.008,-0.057
2023-09-18,-1.38,-1.11,-0.040,-0.083
2023-09-19,-1.74,-0.12,-0.052,-0.084
2023-09-20,-2.07,0.11,-0.024,-0.098
2023-09-21,-1.96,0.28,-0.048,-0.085
2023-09-22,-0.93,-1.99,-0.048,-0.102
2023-09-23,1.32,-1.46,0.022,-0.036
2023-09-24,1.40,-0.38,0.028,0.075
2023-09-25,-1.18,1.89,0.046,0.098
2023-09-26,-2.33,0.76,-0.014,0.121
2023-09-27,-1.48,0.82,-0.003,0.033
2023-09-28,-0.91,1.70,-0.019,-0.001
2023-09-29,-1.05,1.97,-0.003,0.037
2023-09-30,-2.34,0.50,-0.045,0.008
2023-10-01,-2.31,-0.41,-0.056,-0.022
2023-10-02,-0.94,-1.84,-0.043,-0.098
2023-10-03,-1.98,-1.79,-0.091,-0.067
2023-10-04,-3.08,-1.92,-0.083,0.008
2023-10-05,-3.15,-0.84,-0.043,0.078
2023-10-06,-2.32,-0.37,-0.019,-0.100
2023-10-07,-1.92,-1.11,-0.070,-0.066
2023-10-08,-1.35,-1.73,-0.046,-0.014
2023-10-09,-0.99,-1.18,-0.002,0.066
2023-10-10,-2.09,1.36,0.019,0.166
2023-10-11,-2.34,3.89,-0.036,0.139
2023-10-12,-1.06,4.99,-0.035,0.227
2023-10-13,-1.75,4.13,-0.064,0.215
2023-10-14,-2.08,2.76,-0.027,0.217
2023-10-15,0.55,-1.81,0.023,0.078
2023-10-16,1.32,-4.30,0.038,-0.224
2023-10-17,0.23,-4.43,-0.013,-0.089
2023-10-18,-2.38,-2.94,-0.034,0.091
2023-10-19,-2.30,-2.46,-0.043,0.030
2023-10-20,0.00,-4.27,-0.015,-0.206
2023-10-21,-0.72,-3.38,-0.051,-0.053
2023-10-22,-1.79,-2.37,-0.015,0.155
2023-10-23,-3.23,-0.86,-0.064,0.246
2023-10-24,-4.06,0.28,-0.086,0.305
2023-10-25,-4.85,-0.42,-0.113,0.320
2023-10-26,-4.80,-0.76,-0.102,0.297
2023-10-27,-5.01,-0.88,-0.113,0.278
2023-10-28,-4.67,-1.43,-0.121,0.245
2023-10-29,-3.17,-1.28,-0.067,0.246
2023-10-30,-1.51,-1.62,-0.024,0.206
2023-10-31,0.62,-1.81,-0.003,0.058
2023-11-01,-2.05,-5.33,-0.074,-0.157
2023-11-02,-2.98,-5.15,-0.112,0.023
2023-11-03,-4.18,-4.04,-0.114,0.136
2023-11-04,-4.36,-3.93,-0.107,0.034
2023-11-05,-3.27,-4.34,-0.100,0.010
2023-11-06,-3.12,-3.35,-0.089,0.078
2023-11-07,-2.69,-2.26,-0.061,0.175
2023-11-08,-2.10,-1.36,-0.020,0.215
2023-11-09,-3.35,0.23,-0.047,0.219
2023-11-10,-3.86,0.20,-0.067,0.205
2023-11-11,-2.88,-0.56,-0.061,0.186
2023-11-12,-3.84,-1.25,-0.093,0.181
2023-11-13,-4.22,-1.70,-0.105,0.144
2023-11-14,-2.80,0.39,-0.057,0.237
2023-11-15,0.56,-2.26,0.022,-0.046
2023-11-16,2.27,-2.20,0.018,-0.177
2023-11-17,3.49,0.24,0.054,-0.087
2023-11-18,1.96,-3.53,0.032,-0.202
2023-11-19,1.46,-2.25,0.020,-0.100
2023-11-20,-2.36,1.00,-0.028,0.097
2023-11-21,-2.94,1.43,-0.048,0.238
2023-11-22,-1.43,-1.77,-0.008,0.157
2023-11-23,-1.42,-1.37,-0.033,0.204
2023-11-24,-1.94,0.38,0.004,0.220
2023-11-25,-1.97,0.10,-0.020,-0.102
2023-11-26,-1.28,1.69,-0.079,0.031
2023-11-27,-1.28,-1.83,-0.078,-0.042
2023-11-28,-3.46,-3.34,-0.145,0.019
2023-11-29,-3.52,-3.91,-0.137,0.033
2023-11-30,-3.81,-1.02,-0.093,0.104
2023-12-01,-3.95,3.31,-0.102,0.192
2023-12-02,-3.24,3.24,-0.114,0.104
2023-12-03,-2.21,1.79,-0.108,0.073
2023-12-04,-3.02,0.32,-0.078,0.093
2023-12-05,-2.98,-1.72,-0.080,0.107
2023-12-06,-2.62,-4.35,-0.083,-0.064
2023-12-07,-3.04,-2.94,-0.101,0.075
2023-12-08,-2.98,-0.31,-0.047,0.167
2023-12-09,-3.95,1.36,-0.099,0.181
2023-12-10,-2.91,1.55,-0.053,0.191
2023-12-11,-0.31,-4.49,-0.010,-0.240
2023-12-12,-2.96,-4.08,-0.133,0.092
2023-12-13,-3.96,-2.67,-0.111,0.178
2023-12-14,-4.77,-2.02,-0.129,0.186
2023-12-15,-4.59,0.16,-0.143,0.289
2023-12-16,1.87,2.88,-0.015,0.236
2023-12-17,4.86,-2.58,0.140,-0.235
2023-12-18,3.33,-2.00,0.052,0.030
2023-12-19,0.92,-3.43,0.027,-0.005
2023-12-20,-3.00,-3.00,-0.083,0.144
2023-12-21,-3.42,-1.90,-0.088,0.201
2023-12-22,-3.62,-1.54,-0.101,0.213
2023-12-23,-4.05,-0.71,-0.109,0.188
2023-12-24,-4.01,2.13,-0.112,0.291
2023-12-25,-0.56,3.52,-0.022,0.310
2023-12-26,0.65,-1.70,0.005,0.067
2023-12-27,-2.17,0.34,-0.030,0.276
2023-12-28,1.78,-2.74,0.031,0.006
2023-12-29,0.70,-3.29,-0.026,0.043
2023-12-30,1.03,-4.13,0.012,-0.042
2023-12-31,-0.09,-2.52,-0.017,0.142
2024-01-01,-2.34,-1.41,-0.034,0.155
2024-01-02,-2.75,-1.59,-0.065,0.119
2024-01-03,-2.73,2.13,-0.072,0.251
2024-01-04,2.15,0.38,0.029,0.141
2024-01-05,-2.97,2.67,-0.073,0.249
2024-01-06,-1.28,5.15,-0.032,0.414
2024-01-07,-0.50,2.55,-0.004,0.212
2024-01-08,-3.85,2.59,-0.109,0.350
2024-01-09,-2.40,6.59,-0.070,0.478
2024-01-10,-0.63,-3.99,0.006,-0.156
2024-01-11,-2.60,2.51,-0.076,0.290
2024-01-12,-1.77,4.86,-0.044,0.333
2024-01-13,-0.00,2.38,0.024,0.134
2024-01-14,-1.85,0.75,-0.044,0.242
2024-01-15,-2.42,2.34,-0.024,0.331
2024-01-16,-1.07,2.01,0.004,0.247
2024-01-17,-1.98,-3.42,-0.013,0.069
2024-01-18,-3.27,1.13,-0.086,0.344
2024-01-19,-1.91,1.19,0.013,0.225
2024-01-20,-2.88,-3.43,-0.080,-0.103
2024-01-21,-4.87,-4.09,-0.178,0.055
2024-01-22,-6.60,-0.81,-0.178,0.246
2024-01-23,-4.95,3.87,-0.143,0.383
2024-01-24,-5.06,3.04,-0.117,0.253
2024-01-25,-4.43,3.10,-0.106,0.241
2024-01-26,-4.20,2.33,-0.104,0.220
2024-01-27,-2.94,2.55,-0.075,0.250
2024-01-28,1.40,-2.25,0.032,-0.026
2024-01-29,1.92,-4.75,0.019,-0.258
2024-01-30,1.01,-3.29,0.034,-0.069
2024-01-31,1.07,-2.78,0.034,-0.090
2024-02-01,0.19,-2.20,-0.029,-0.049
2024-02-02,0.35,-1.66,0.000,0.071
2024-02-03,-2.10,3.36,-0.050,0.292
2024-02-04,2.64,3.03,0.027,0.285
2024-02-05,5.48,-1.47,0.158,-0.166
2024-02-06,4.75,-3.58,0.150,-0.255
2024-02-07,1.02,-3.14,-0.003,0.204
2024-02-08,-4.19,0.89,-0.076,0.288
2024-02-09,-5.12,1.76,-0.114,0.304
2024-02-10,-4.04,3.64,-0.095,0.342
2024-02-11,-3.66,5.64,-0.105,0.408
2024-02-12,-2.81,5.29,-0.062,0.364
2024-02-13,1.46,-4.24,0.016,-0.211
2024-02-14,-2.02,-2.78,-0.081,0.131
2024-02-15,-2.06,-1.85,-0.024,0.194
2024-02-16,-2.76,0.54,-0.041,0.265
2024-02-17,-1.82,3.29,-0.050,0.312
2024-02-18,3.07,2.23,0.056,0.110
2024-02-19,3.65,-3.07,0.089,-0.212
2024-02-20,0.25,-3.58,-0.001,0.105
2024-02-21,-1.25,-3.11,-0.033,-0.008
2024-02-22,-2.53,-0.58,-0.067,0.132
2024-02-23,-1.29,2.90,-0.016,0.260
2024-02-24,1.82,-1.82,0.028,-0.010
2024-02-25,-2.01,-2.67,-0.083,0.096
2024-02-26,-3.09,-0.66,-0.036,0.275
2024-02-27,-3.59,1.60,-0.052,0.329
2024-02-28,-3.75,3.62,-0.070,0.424
2024-02-29,-3.86,1.18,-0.062,0.353
2024-03-01,-3.26,1.52,-0.044,0.366
2024-03-02,-3.19,2.58,-0.035,0.369
2024-03-03,-2.43,3.23,-0.024,0.341
2024-03-04,-3.90,3.16,-0.078,0.334
2024-03-05,-3.17,4.36,-0.081,0.380
2024-03-06,-1.56,4.06,-0.037,0.348
2024-03-07,-1.47,3.47,-0.031,0.247
2024-03-08,-3.26,5.22,-0.087,0.372
2024-03-09,-2.70,5.53,-0.076,0.390
2024-03-10,-1.08,2.31,-0.024,0.080
2024-03-11,-3.55,-2.67,-0.117,0.098
2024-03-12,-3.03,-0.75,-0.024,0.290
2024-03-13,-3.09,1.64,-0.044,0.238
2024-03-14,-4.27,2.99,-0.112,0.280
2024-03-15,-4.47,2.68,-0.098,0.301
2024-03-16,-3.75,2.26,-0.083,0.295
2024-03-17,-3.12,3.34,-0.071,0.323
2024-03-18,-2.71,3.23,-0.052,0.327
2024-03-19,-2.79,-0.91,-0.029,0.176
2024-03-20,-3.50,-1.71,-0.084,0.260
2024-03-21,-3.31,1.76,-0.044,0.290
2024-03-22,-2.01,5.25,-0.041,0.324
2024-03-23,3.49,-1.78,0.061,-0.132
2024-03-24,-0.34,-3.28,-0.039,-0.084
2024-03-25,-4.25,4.25,-0.118,0.359
2024-03-26,-4.02,5.74,-0.104,0.432
2024-03-27,-2.05,4.82,-0.049,0.334
2024-03-28,2.03,-4.17,0.058,0.004
2024-03-29,-1.67,-4.14,-0.065,0.104
2024-03-30,-3.24,0.23,-0.025,0.363
2024-03-31,-3.66,2.29,-0.068,0.360
2024-04-01,-3.41,3.41,-0.054,0.372
2024-04-02,-3.26,5.43,-0.072,0.417
2024-04-03,-1.75,5.09,-0.037,0.430
2024-04-04,1.11,-4.15,0.034,-0.026
2024-04-05,-2.01,-3.48,-0.068,0.229
2024-04-06,-3.56,-1.23,-0.054,0.257
2024-04-07,-3.81,1.24,-0.077,0.323
2024-04-08,-4.56,1.22,-0.087,0.311
2024-04-09,-5.06,3.82,-0.122,0.351
2024-04-10,-3.97,6.88,-0.111,0.451
2024-04-11,-0.72,3.72,0.021,0.148
2024-04-12,-0.47,-3.79,-0.058,-0.156
2024-04-13,-3.18,-3.53,-0.099,0.101
2024-04-14,-3.44,-1.19,-0.064,0.196
2024-04-15,-3.69,0.78,-0.072,0.242
2024-04-16,-4.41,1.52,-0.096,0.229
2024-04-17,-4.35,1.58,-0.094,0.228
2024-04-18,-4.17,1.44,-0.102,0.213
2024-04-19,-3.94,0.91,-0.082,0.225
2024-04-20,-3.97,2.02,-0.088,0.266
2024-04-21,-3.47,2.43,-0.067,0.296
2024-04-22,-2.93,0.46,-0.033,0.258
2024-04-23,-3.68,-0.99,-0.089,0.194
2024-04-24,-3.00,-0.48,-0.045,0.230
2024-04-25,-3.27,-0.40,-0.069,0.115
2024-04-26,-4.04,1.55,-0.128,0.166
2024-04-27,-5.33,2.15,-0.152,0.209
2024-04-28,-5.30,3.06,-0.166,0.245
2024-04-29,-5.00,2.89,-0.156,0.210
2024-04-30,-3.98,2.79,-0.115,0.178
2024-05-01,-3.73,0.86,-0.091,0.080
2024-05-02,-3.39,0.54,-0.040,0.121
2024-05-03,-3.76,0.94,-0.055,0.133
2024-05-04,-3.88,0.97,-0.072,0.096
2024-05-05,-4.40,1.60,-0.088,0.149
2024-05-06,-4.27,2.17,-0.099,0.272
2024-05-07,-3.43,3.09,-0.075,0.315
2024-05-08,-3.61,3.88,-0.064,0.348
2024-05-09,-3.23,4.14,-0.072,0.377
2024-05-10,-3.27,3.50,-0.068,0.336
2024-05-11,-3.31,2.68,-0.062,0.310
2024-05-12,-3.12,3.34,-0.066,0.370
2024-05-13,-3.51,5.40,-0.087,0.438
2024-05-14,-3.79,5.83,-0.089,0.431
2024-05-15,-2.50,5.13,-0.053,0.385
2024-05-16,-2.71,5.09,-0.050,0.359
2024-05-17,-3.32,5.99,-0.080,0.419
2024-05-18,-3.52,5.63,-0.081,0.419
2024-05-19,-2.68,4.13,-0.039,0.351
2024-05-20,-2.51,3.45,-0.037,0.277
2024-05-21,-2.97,2.77,-0.055,0.273
2024-05-22,-3.18,1.76,-0.045,0.294
2024-05-23,-3.29,2.57,-0.052,0.336
2024-05-24,-3.37,3.14,-0.052,0.365
2024-05-25,-3.52,3.17,-0.053,0.343
2024-05-26,-3.43,3.81,-0.062,0.360
2024-05-27,-3.34,4.27,-0.070,0.373
2024-05-28,-3.52,1.87,-0.042,0.277
2024-05-29,-3.29,0.82,-0.049,0.250
2024-05-30,-2.89,0.56,-0.015,0.249
2024-05-31,-3.68,1.41,-0.044,0.285
2024-06-01,-4.11,0.72,-0.056,0.302
2024-06-02,-3.63,0.45,-0.041,0.316
2024-06-03,-3.21,0.17,-0.027,0.309
2024-06-04,-3.18,1.03,-0.021,0.332
2024-06-05,-3.09,1.44,,
2024-06-06,-3.34,1.02,,
2024-06-07,-2.88,1.94,,
2024-06-08,-2.67,1.80,,
2024-06-09,-2.95,2.23,-0.063,0.376
2024-06-10,-2.33,2.33,-0.035,0.360
2024-06-11,-1.22,2.86,-0.056,0.363
2024-06-12,-1.92,3.47,-0.087,0.379
2024-06-13,-1.92,2.85,-0.051,0.309
2024-06-14,-1.53,1.19,-0.024,0.252
2024-06-15,-2.09,2.87,-0.086,0.349
2024-06-16,-5.41,2.64,-0.155,0.341
2024-06-17,-6.29,3.07,-0.188,0.422
2024-06-18,-3.68,5.66,-0.138,0.484
2024-06-19,-3.86,4.60,-0.102,0.382
2024-06-20,-5.64,1.94,-0.120,0.293
2024-06-21,-5.45,1.77,-0.145,0.367
2024-06-22,-3.68,2.77,-0.111,0.441
2024-06-23,-2.45,1.42,-0.040,0.285
2024-06-24,-2.23,1.19,-0.044,0.233
2024-06-25,-2.63,0.86,-0.021,0.253
2024-06-26,-2.46,1.31,-0.021,0.232
2024-06-27,-2.79,0.96,-0.040,0.223
2024-06-28,-4.97,0.97,-0.119,0.254
2024-06-29,-5.78,3.61,-0.177,0.398
2024-06-30,-5.10,0.90,-0.101,0.333
2024-07-01,-3.25,-0.23,-0.054,0.324
2024-07-02,-2.37,0.77,-0.027,0.325
2024-07-03,-2.81,-1.56,-0.015,0.257
2024-07-04,-3.02,-3.35,-0.033,0.198
2024-07-05,-8.71,-0.61,-0.199,0.335
2024-07-06,-3.12,3.46,-0.057,0.452
2024-07-07,-3.52,1.08,-0.007,0.288
2024-07-08,-3.71,2.90,-0.076,0.352
2024-07-09,-4.24,1.22,-0.073,0.364
2024-07-10,-2.49,-0.39,-0.008,0.338
2024-07-11,-2.66,-0.05,-0.008,0.345
2024-07-12,-2.93,0.21,-0.002,0.352
2024-07-13,-3.36,-1.36,-0.049,0.339
2024-07-14,-3.14,-1.96,-0.041,0.333
2024-07-15,-2.25,-0.69,-0.012,0.362
2024-07-16,-1.77,0.51,0.000,0.358
2024-07-17,-2.53,-0.72,-0.000,0.256
2024-07-18,-2.49,0.86,-0.017,0.302
2024-07-19,-2.29,0.66,-0.011,0.337
2024-07-20,-2.78,-0.69,-0.026,0.307
2024-07-21,-3.40,-0.72,-0.036,0.306
2024-07-22,-2.81,1.62,-0.046,0.335
2024-07-23,-3.79,0.88,-0.054,0.307
2024-07-24,-3.83,0.20,-0.065,0.342
2024-07-25,-3.23,0.28,-0.046,0.338
2024-07-26,-2.93,0.41,-0.042,0.315
2024-07-27,-2.71,0.63,-0.057,0.304
2024-07-28,-3.96,1.44,-0.088,0.330
2024-07-29,-3.63,-0.19,-0.053,0.369
2024-07-30,-2.98,-1.72,-0.033,0.327
2024-07-31,-2.91,-1.30,-0.023,0.264
2024-08-01,-3.14,-0.44,-0.013,0.244
2024-08-02,-2.36,-1.78,-0.026,0.182
2024-08-03,-0.38,-3.13,-0.010,0.069
2024-08-04,1.86,0.83,0.031,0.078
2024-08-05,-0.66,1.63,-0.015,0.034
2024-08-06,-1.45,-0.31,-0.009,0.039
2024-08-07,0.05,-1.37,-0.037,-0.016
2024-08-08,0.09,1.70,-0.007,0.034
2024-08-09,-2.62,1.64,-0.033,0.107
2024-08-10,-3.04,1.48,-0.065,0.232
2024-08-11,-3.00,-0.92,-0.050,0.090
2024-08-12,-2.66,-0.19,-0.096,0.085
2024-08-13,-3.40,-0.18,-0.080,0.122
2024-08-14,-2.34,-1.04,-0.007,0.075
2024-08-15,-1.49,-1.71,-0.079,0.007
2024-08-16,-1.23,-1.47,-0.031,0.005
2024-08-17,-1.05,-1.55,-0.034,0.052
2024-08-18,-1.15,0.10,-0.002,0.054
2024-08-19,-0.95,0.95,0.038,0.049
2024-08-20,-1.40,-0.02,0.003,0.141
2024-08-21,-1.78,0.48,0.019,0.100
2024-08-22,-1.01,-1.83,-0.007,0.095
2024-08-23,-2.66,-2.08,-0.056,0.066
2024-08-24,-2.49,-1.81,-0.049,0.068
2024-08-25,-2.03,-0.70,-0.007,0.146
2024-08-26,-2.04,-0.87,-0.005,0.111
2024-08-27,-2.61,-0.18,-0.045,0.135
2024-08-28,-2.44,0.43,-0.025,0.246
2024-08-29,-2.75,2.07,-0.044,0.274
2024-08-30,-2.06,0.07,-0.026,0.216
2024-08-31,-1.53,-0.08,0.010,0.168
2024-09-01,0.17,1.06,0.017,0.162
2024-09-02,-0.43,1.32,0.010,0.172
2024-09-03,-1.47,1.37,-0.013,0.203
2024-09-04,-2.89,1.00,-0.061,0.264
2024-09-05,-3.64,-0.25,-0.073,0.253
2024-09-06,-4.23,1.88,-0.108,0.323
2024-09-07,-3.10,2.89,-0.069,0.395
2024-09-08,-3.51,3.27,-0.078,0.407
2024-09-09,-2.23,2.96,-0.032,0.371
2024-09-10,-2.10,2.17,-0.012,0.204
2024-09-11,-1.50,1.91,-0.020,0.167
2024-09-12,-1.34,2.06,0.017,0.185
2024-09-13,-1.92,1.25,0.001,0.177
2024-09-14,-1.84,-0.29,0.018,0.186
2024-09-15,-2.06,0.07,0.009,0.251
2024-09-16,-2.12,0.34,0.010,0.301
2024-09-17,-2.24,0.77,-0.004,0.332
2024-09-18,-1.80,1.08,0.004,0.300
2024-09-19,-1.68,-0.39,0.012,0.258
2024-09-20,-1.43,-1.29,0.018,0.200
2024-09-21,-1.98,-0.46,0.002,0.195
2024-09-22,-2.29,-0.12,-0.012,0.200
2024-09-23,-2.44,-1.53,-0.041,0.150
2024-09-24,-2.76,-3.41,-0.100,0.056
2024-09-25,5.27,-7.25,-0.029,-0.057
2024-09-26,5.40,3.24,0.112,0.009
2024-09-27,1.28,1.32,-0.063,0.069
2024-09-28,-0.87,1.33,-0.001,0.206
2024-09-29,-2.49,1.49,-0.041,0.198
2024-09-30,-2.95,-0.10,-0.096,0.119
2024-10-01,-2.76,1.28,-0.077,0.194
2024-10-02,-2.89,1.74,-0.091,0.230
2024-10-03,-3.93,0.84,-0.108,0.182
2024-10-04,-2.59,1.81,-0.116,0.251
2024-10-05,-0.80,2.60,-0.027,0.161
2024-10-06,1.30,1.17,0.016,-0.050
2024-10-07,0.70,3.29,0.027,0.022
2024-10-08,2.10,6.48,0.025,0.362
2024-10-09,6.38,0.22,0.169,-0.085
2024-10-10,3.09,-1.86,0.039,-0.106
2024-10-11,-0.67,-3.79,-0.043,-0.162
2024-10-12,-0.57,-2.92,-0.053,-0.058
2024-10-13,0.03,-1.89,-0.033,0.031
2024-10-14,-0.86,-1.56,-0.018,0.123
2024-10-15,-0.84,-1.79,0.002,0.172
2024-10-16,-1.17,-1.95,-0.005,0.081
2024-10-17,-3.82,-3.82,-0.120,0.055
2024-10-18,-5.06,-3.82,-0.148,0.145
2024-10-19,-5.61,-1.93,-0.138,0.226
2024-10-20,-5.63,-2.16,-0.131,0.217
2024-10-21,-3.93,-3.42,-0.130,0.182
2024-10-22,-2.97,-3.08,-0.085,0.131
2024-10-23,-1.63,-3.49,-0.026,-0.044
2024-10-24,-2.25,-3.47,-0.099,-0.053
2024-10-25,-2.92,-1.36,-0.073,0.036
2024-10-26,-4.19,-1.95,-0.133,0.039
2024-10-27,-3.96,-1.93,-0.122,0.105
2024-10-28,-3.78,-2.09,-0.106,0.099
2024-10-29,-4.53,-0.56,-0.135,0.176
2024-10-30,-4.47,0.23,-0.077,0.216
2024-10-31,-4.29,-0.60,-0.116,0.189
2024-11-01,-4.16,-1.19,-0.103,0.138
2024-11-02,-3.87,-1.11,-0.101,0.154
2024-11-03,-3.90,-1.19,-0.087,0.190
2024-11-04,-4.79,-0.33,-0.118,0.183
2024-11-05,-2.96,-1.02,-0.051,0.187
2024-11-06,1.27,-2.86,0.027,-0.087
2024-11-07,2.22,-0.51,0.009,0.003
2024-11-08,0.45,2.86,0.008,0.130
2024-11-09,-1.95,1.64,-0.040,0.144
2024-11-10,-1.83,1.96,-0.054,0.151
2024-11-11,-1.23,0.86,-0.004,0.093
2024-11-12,0.33,-1.15,-0.001,0.031
2024-11-13,-2.05,-1.19,-0.022,0.112
2024-11-14,-1.34,-2.14,-0.055,-0.049
2024-11-15,-2.76,-3.06,-0.124,-0.066
2024-11-16,-4.73,-2.11,-0.157,0.096
2024-11-17,-6.79,-0.48,-0.195,0.180
2024-11-18,-5.97,3.88,-0.186,0.320
2024-11-19,-3.59,4.76,-0.091,0.331
2024-11-20,2.96,0.31,0.016,-0.066
2024-11-21,0.67,-4.80,-0.030,-0.208
2024-11-22,1.24,-4.05,0.024,-0.060
2024-11-23,0.61,-2.86,0.008,0.073
2024-11-24,-2.08,-2.16,-0.063,0.047
2024-11-25,-2.18,-1.59,-0.090,0.033
2024-11-26,-1.18,-3.25,-0.090,-0.019
2024-11-27,-1.65,-1.70,-0.041,0.184
2024-11-28,-2.26,0.08,-0.031,0.238
2024-11-29,-1.45,-2.32,-0.020,0.131
2024-11-30,0.27,-3.07,-0.006,0.078
2024-12-01,-2.89,-3.70,-0.091,0.088
2024-12-02,-3.74,-4.02,-0.096,0.093
2024-12-03,-4.17,-4.48,-0.126,0.067
2024-12-04,-4.70,-3.54,-0.133,0.132
2024-12-05,-2.30,-1.55,-0.049,0.152
2024-12-06,-2.76,-2.66,-0.082,0.020
2024-12-07,-3.75,-2.82,-0.145,0.058
2024-12-08,-4.54,-1.22,-0.143,0.177
2024-12-09,-3.65,0.38,-0.105,0.238
2024-12-10,-3.76,1.83,-0.096,0.257
2024-12-11,-2.45,0.34,-0.012,0.207
2024-12-12,-1.50,-6.02,-0.079,-0.214
2024-12-13,-4.49,-2.81,-0.143,0.191
2024-12-14,-4.93,-2.73,-0.133,0.155
2024-12-15,-4.06,-2.64,-0.118,0.060
2024-12-16,-4.53,-3.06,-0.171,0.002
2024-12-17,-3.10,-2.89,-0.110,0.033
2024-12-18,-2.47,-0.62,-0.065,0.181
2024-12-19,-0.34,-2.80,-0.022,0.017
2024-12-20,-0.35,-3.36,-0.063,-0.020
2024-12-21,-0.07,-3.86,-0.051,-0.077
2024-12-22,-0.19,-3.64,-0.037,-0.075
2024-12-23,-2.27,-2.52,-0.104,-0.033
2024-12-24,-1.72,-1.55,-0.064,0.006
2024-12-25,-2.44,-0.13,-0.103,-0.004
2024-12-26,-2.23,0.60,-0.109,0.051
2024-12-27,-2.64,1.18,-0.090,0.154
2024-12-28,-3.15,1.54,-0.096,0.156
2024-12-29,-1.46,1.94,-0.038,0.140
2024-12-30,0.08,-1.11,-0.036,-0.007
2024-12-31,-1.58,0.28,-0.036,0.074
2025-01-01,-2.59,-1.26,-0.053,0.014
2025-01-02,-3.79,-2.66,-0.123,0.028
2025-01-03,-3.18,-3.41,-0.086,0.048
2025-01-04,-4.49,-3.64,-0.125,0.008
2025-01-05,-4.07,0.94,-0.090,0.227
2025-01-06,-1.50,1.61,-0.011,0.211
2025-01-07,-0.49,-4.02,-0.003,-0.173
2025-01-08,-0.96,-4.51,-0.082,0.035
2025-01-09,-1.86,-3.81,-0.060,0.095
2025-01-10,-2.11,2.60,-0.065,0.334
2025-01-11,0.79,1.69,0.033,0.098
2025-01-12,-2.84,1.51,-0.065,0.148
2025-01-13,-2.90,3.22,-0.060,0.268
2025-01-14,-1.84,-0.63,-0.019,0.021
2025-01-15,-3.32,-0.35,-0.101,0.197
2025-01-16,-1.40,1.18,-0.020,0.190
2025-01-17,1.91,0.58,0.025,-0.094
2025-01-18,-0.77,3.09,-0.047,0.259
2025-01-19,-0.48,3.88,0.013,0.243
2025-01-20,-2.39,-3.42,-0.048,-0.186
2025-01-21,-4.21,-0.74,-0.125,0.231
2025-01-22,0.34,-4.85,0.011,-0.087
2025-01-23,-1.20,-4.19,-0.086,-0.018
2025-01-24,-1.71,-4.95,-0.056,-0.151
2025-01-25,-3.41,-4.37,-0.132,-0.125
2025-01-26,-3.66,-1.78,-0.107,0.148
2025-01-27,-3.64,-1.25,-0.087,0.141
2025-01-28,-2.78,-1.24,-0.064,0.059
2025-01-29,-3.85,-0.00,-0.100,0.195
2025-01-30,-4.90,2.08,-0.134,0.290
2025-01-31,-3.84,3.34,-0.095,0.348
2025-02-01,-2.91,0.46,-0.020,0.204
2025-02-02,-3.44,-1.46,-0.074,0.193
2025-02-03,-3.78,-1.37,-0.061,0.171
2025-02-04,-3.90,-0.62,-0.076,0.184
2025-02-05,-4.08,-0.43,-0.086,0.190
2025-02-06,-3.81,0.81,-0.078,0.247
2025-02-07,-3.99,-0.42,-0.083,0.184
2025-02-08,-3.58,-0.00,-0.089,0.207
2025-02-09,-3.46,0.86,-0.074,0.240
2025-02-10,-3.97,0.56,-0.089,0.218
2025-02-11,-4.29,1.39,-0.095,0.238
2025-02-12,-3.52,4.35,-0.097,0.352
2025-02-13,-3.37,4.47,-0.086,0.349
2025-02-14,-4.52,-0.24,-0.111,0.135
2025-02-15,-4.32,1.40,-0.118,0.249
2025-02-16,-2.06,3.06,-0.040,0.278
2025-02-17,-2.55,-0.13,-0.072,0.010
2025-02-18,-3.78,0.46,-0.101,0.198
2025-02-19,-2.58,3.43,-0.059,0.260
2025-02-20,-1.54,-1.77,-0.010,-0.079
2025-02-21,-3.70,-3.97,-0.172,-0.013
2025-02-22,-3.05,-4.05,-0.093,0.160
2025-02-23,-3.31,-0.17,-0.048,0.163
2025-02-24,0.42,2.39,-0.001,-0.026
2025-02-25,2.66,-1.93,0.057,-0.208
2025-02-26,2.43,-0.89,0.003,0.128
2025-02-27,-3.29,0.88,-0.049,0.177
2025-02-28,-2.23,-2.39,-0.048,0.074
2025-03-01,-1.92,-0.94,-0.032,0.115
2025-03-02,-0.12,-2.28,0.000,0.065
2025-03-03,-3.27,-1.06,-0.064,0.146
2025-03-04,-3.64,3.28,-0.076,0.314
2025-03-05,-1.64,3.09,-0.019,0.300
2025-03-06,-1.09,-3.80,-0.052,-0.146
2025-03-07,-3.59,1.31,-0.080,0.256
2025-03-08,-2.10,4.12,-0.049,0.336
2025-03-09,-2.53,4.76,-0.060,0.300
2025-03-10,3.20,0.62,0.046,0.048
2025-03-11,0.76,-3.31,-0.019,-0.035
2025-03-12,-2.58,-0.05,-0.021,0.175
2025-03-13,-2.87,2.49,-0.057,0.249
2025-03-14,-2.43,3.88,-0.030,0.241
2025-03-15,-3.51,6.08,-0.101,0.380
2025-03-16,-2.21,5.47,-0.040,0.345
2025-03-17,-1.20,-5.20,-0.027,-0.243
2025-03-18,-3.02,-3.35,-0.096,0.154
2025-03-19,-3.88,2.15,-0.072,0.315
2025-03-20,-3.06,0.48,-0.021,0.279
2025-03-21,-2.10,-3.95,-0.039,0.001
2025-03-22,-2.87,-0.93,-0.045,0.334
2025-03-23,-4.28,0.99,-0.068,0.317
2025-03-24,-3.73,2.91,-0.066,0.355
2025-03-25,-3.06,0.54,-0.043,0.273
2025-03-26,-3.01,-1.67,-0.042,0.211
2025-03-27,-4.70,-0.83,-0.107,0.227
2025-03-28,-5.31,1.83,-0.125,0.357
2025-03-29,-4.18,3.15,-0.102,0.411
2025-03-30,-3.29,3.40,-0.054,0.326
2025-03-31,-3.10,3.57,-0.063,0.340
2025-04-01,-3.71,3.00,-0.075,0.333
2025-04-02,-4.38,4.23,-0.103,0.398
2025-04-03,-4.97,4.32,-0.122,0.416
2025-04-04,-5.19,4.35,-0.123,0.396
2025-04-05,-5.09,5.09,-0.134,0.414
2025-04-06,-4.31,5.13,-0.110,0.390
2025-04-07,-2.36,4.43,-0.055,0.319
2025-04-08,3.27,-1.97,0.041,-0.078
2025-04-09,1.54,-4.23,0.021,-0.081
2025-04-10,-0.16,-3.12,0.007,0.079
2025-04-11,-0.30,-3.45,-0.010,-0.040
2025-04-12,0.94,-3.78,0.014,-0.162
2025-04-13,-1.48,-2.67,-0.060,0.064
2025-04-14,-3.35,-0.96,-0.043,0.210
2025-04-15,-2.71,-1.57,-0.038,0.237
2025-04-16,-2.35,-2.91,-0.038,0.141
2025-04-17,-3.25,-0.57,-0.049,0.210
2025-04-18,-4.29,0.53,-0.073,0.245
2025-04-19,-5.29,1.42,-0.122,0.265
2025-04-20,-5.18,2.64,-0.124,0.299
2025-04-21,-4.76,1.55,-0.105,0.196
2025-04-22,-4.39,1.18,-0.134,0.135
2025-04-23,-4.45,1.36,-0.125,0.165
2025-04-24,-4.50,0.71,-0.121,0.191
2025-04-25,-3.43,0.24,-0.062,0.183
2025-04-26,-3.66,-0.38,-0.089,0.167
2025-04-27,-3.21,-0.86,-0.064,0.148
2025-04-28,-3.60,-0.83,-0.070,0.189
2025-04-29,-4.21,-0.07,-0.104,0.234
2025-04-30,-4.16,0.22,-0.095,0.267
2025-05-01,-3.85,1.40,-0.077,0.297
2025-05-02,-3.85,1.63,-0.086,0.276
2025-05-03,-3.06,2.66,-0.071,0.303
2025-05-04,-2.72,2.45,-0.043,0.250
2025-05-05,-3.33,2.16,-0.075,0.228
2025-05-06,-3.93,3.18,-0.083,0.305
2025-05-07,-3.84,3.34,-0.084,0.332
2025-05-08,-3.85,2.50,-0.071,0.280
2025-05-09,-3.48,3.25,-0.080,0.297
2025-05-10,-2.22,3.05,-0.043,0.270
2025-05-11,0.79,1.63,-0.016,0.138
2025-05-12,0.16,-2.24,0.013,-0.003
2025-05-13,-1.92,-1.06,-0.038,-0.011
2025-05-14,-2.42,2.11,-0.057,0.158
2025-05-15,-3.46,2.42,-0.072,0.148
2025-05-16,-3.69,1.88,-0.064,0.110
2025-05-17,-3.53,2.12,-0.048,0.108
2025-05-18,-3.84,2.04,-0.053,0.104
2025-05-19,-3.71,2.70,-0.053,0.118
2025-05-20,-3.61,4.01,-0.056,0.180
2025-05-21,-3.61,2.93,-0.072,0.080
2025-05-22,-3.58,1.37,-0.080,-0.061
2025-05-23,-3.32,1.34,-0.084,-0.054
2025-05-24,-3.53,0.69,-0.118,0.001
2025-05-25,-3.39,0.72,-0.084,0.010
2025-05-26,-2.95,1.84,-0.038,0.072
2025-05-27,-3.41,2.67,-0.040,0.134
2025-05-28,-3.80,2.02,-0.056,0.186
2025-05-29,-3.26,2.64,-0.088,0.218
2025-05-30,-2.96,1.57,-0.060,0.189
2025-05-31,-2.31,1.28,-0.023,0.142
2025-06-01,-2.02,2.02,-0.031,0.115
2025-06-02,-2.23,2.15,-0.038,0.128
2025-06-03,-1.76,2.34,-0.048,0.121
2025-06-04,-2.61,3.00,-0.101,0.100
2025-06-05,-3.69,2.05,-0.073,0.040
2025-06-06,-3.94,0.69,-0.113,0.001
2025-06-07,-3.47,0.36,-0.060,0.020
2025-06-08,-3.14,0.90,-0.054,0.050
2025-06-09,-2.93,2.05,-0.041,0.101
2025-06-10,-2.77,1.60,-0.029,0.108
2025-06-11,-3.38,1.43,-0.042,0.140
2025-06-12,-3.56,1.97,-0.078,0.224
2025-06-13,-3.69,2.21,-0.093,0.278
2025-06-14,-2.80,1.68,-0.079,0.297
2025-06-15,-3.46,0.93,-0.070,0.289
2025-06-16,-3.17,0.97,-0.047,0.294
2025-06-17,-4.13,1.50,-0.087,0.316
2025-06-18,-5.12,2.07,-0.122,0.342
2025-06-19,-4.01,1.79,-0.092,0.357
2025-06-20,-3.08,-0.32,-0.029,0.265
2025-06-21,-3.33,-0.41,-0.040,0.255
2025-06-22,-3.26,0.28,-0.038,0.273
2025-06-23,-2.77,-1.12,-0.030,0.216
2025-06-24,-3.25,-1.12,-0.054,0.267
2025-06-25,-3.20,-1.10,-0.055,0.280
2025-06-26,-2.39,-0.04,-0.035,0.301
2025-06-27,-3.76,1.37,-0.093,0.322
2025-06-28,-3.65,2.37,-0.077,0.344
2025-06-29,-3.64,0.77,-0.041,0.254
2025-06-30,-4.03,0.42,-0.068,0.192
2025-07-01,-2.92,0.05,-0.037,0.242
2025-07-02,-2.64,1.29,-0.018,0.260
2025-07-03,-1.93,-0.34,0.016,0.265
2025-07-04,-1.85,-0.19,0.012,0.274
2025-07-05,-1.64,0.11,0.024,0.281
2025-07-06,-1.89,1.77,0.003,0.313
2025-07-07,-2.94,1.07,-0.037,0.327
2025-07-08,-3.43,-0.86,-0.044,0.301
2025-07-09,-2.96,-0.96,-0.019,0.323
2025-07-10,-2.85,-0.61,-0.026,0.317
2025-07-11,-2.27,-0.74,-0.006,0.333
2025-07-12,-2.89,1.05,-0.025,0.314
2025-07-13,-3.02,-0.00,-0.028,0.314
2025-07-14,-2.88,-0.46,-0.027,0.325
2025-07-15,-1.71,-1.48,-0.002,0.292
2025-07-16,-1.89,0.13,-0.014,0.184
2025-07-17,-2.12,1.13,-0.010,0.167
2025-07-18,-3.40,-0.42,-0.058,0.176
2025-07-19,-2.59,-0.89,-0.021,0.200
2025-07-20,-2.73,-1.22,-0.024,0.196
2025-07-21,-2.82,-1.08,-0.030,0.192
2025-07-22,-2.71,-0.19,-0.017,0.235
2025-07-23,-2.14,-0.38,0.004,0.222
2025-07-24,-1.72,0.21,0.014,0.208
2025-07-25,-2.50,0.72,-0.020,0.194
2025-07-26,-3.49,-0.68,-0.074,0.227
2025-07-27,-3.96,-1.29,-0.095,0.247
2025-07-28,-3.06,-1.30,-0.071,0.268
2025-07-29,-1.57,-0.54,-0.004,0.254
2025-07-30,-1.57,-0.00,0.000,0.166
2025-07-31,-2.06,-0.40,0.014,0.107
2025-08-01,-2.15,-1.45,-0.003,0.068
2025-08-02,-2.09,-1.36,-0.010,0.091
2025-08-03,-1.27,-1.18,0.016,-0.003
2025-08-04,-1.51,0.08,0.000,-0.022
2025-08-05,-3.08,1.31,-0.073,0.107
2025-08-06,-2.84,0.10,-0.055,0.177
2025-08-07,-2.05,-1.72,-0.027,0.146
2025-08-08,-0.90,-2.22,0.013,0.027
2025-08-09,-1.23,-0.24,0.025,0.054
2025-08-10,-0.89,1.23,0.024,0.082
2025-08-11,-2.29,1.38,-0.050,0.112
2025-08-12,-2.38,1.06,-0.050,0.105
2025-08-13,-2.38,1.06,-0.051,0.091
2025-08-14,-2.12,0.61,-0.037,0.045
2025-08-15,-2.15,-0.87,-0.038,0.073
2025-08-16,-2.70,-1.50,-0.053,-0.044
2025-08-17,-2.04,-1.18,-0.018,0.017
2025-08-18,-0.83,-1.50,-0.035,-0.024
2025-08-19,-0.84,-1.11,-0.023,-0.039
2025-08-20,-0.60,-1.24,-0.016,0.018
2025-08-21,-1.61,1.12,-0.027,0.046
2025-08-22,-2.00,1.74,-0.015,0.104
2025-08-23,-1.97,1.43,0.005,0.090
2025-08-24,-2.82,1.38,-0.033,0.096
2025-08-25,-3.21,0.86,-0.045,0.102
2025-08-26,-2.20,-1.07,-0.005,0.069
2025-08-27,-2.42,-2.17,-0.055,-0.025
2025-08-28,-2.20,-1.37,0.013,0.047
2025-08-29,-2.17,0.96,-0.037,0.029
2025-08-30,-1.88,1.32,-0.019,0.040
2025-08-31,-1.45,2.07,-0.018,0.105
2025-09-01,-1.38,0.80,0.011,0.019
2025-09-02,-0.34,1.36,-0.005,-0.003
2025-09-03,1.50,0.86,-0.016,-0.046
2025-09-04,0.81,1.46,-0.026,-0.007
2025-09-05,0.42,1.69,-0.016,-0.009
2025-09-06,-1.11,1.28,-0.011,0.079
2025-09-07,-0.98,0.69,0.013,0.079
2025-09-08,-0.35,1.16,0.037,0.125
2025-09-09,-0.85,0.71,0.033,0.153
2025-09-10,-2.34,0.37,0.016,0.099
2025-09-11,-2.22,-0.27,-0.019,0.136
2025-09-12,-0.25,-1.17,0.017,0.019
2025-09-13,-0.27,-1.95,-0.008,-0.094
2025-09-14,-1.08,-0.87,-0.002,0.022
2025-09-15,-1.64,-0.11,0.017,0.070
2025-09-16,-2.59,-0.00,-0.035,0.093
2025-09-17,-2.43,-0.38,-0.056,0.179
2025-09-18,-2.47,-0.04,-0.035,0.197
2025-09-19,-2.14,0.07,-0.018,0.170
2025-09-20,-2.05,-0.22,-0.020,0.179
2025-09-21,-1.77,-0.03,-0.019,0.188
2025-09-22,-2.08,-0.11,-0.013,0.134
2025-09-23,-2.17,1.26,-0.047,0.136
2025-09-24,-2.52,-0.58,-0.048,0.152
2025-09-25,-2.30,-1.17,-0.027,0.107
2025-09-26,-1.67,-0.78,-0.008,0.096
2025-09-27,-1.32,-1.03,-0.025,0.031
2025-09-28,-0.49,-1.59,-0.028,-0.044
2025-09-29,0.42,-1.29,-0.038,-0.023
2025-09-30,0.89,-0.96,-0.011,0.021
2025-10-01,-0.31,1.17,0.023,0.028
2025-10-02,-0.31,-0.95,0.022,0.064
2025-10-03,-1.02,-1.36,-0.009,0.055
2025-10-04,1.04,-0.58,0.037,0.009
2025-10-05,-0.96,0.80,0.004,-0.003
2025-10-06,-3.13,0.84,-0.092,0.146
2025-10-07,-1.82,0.89,-0.046,0.215
2025-10-08,-0.99,-0.96,0.008,0.171
2025-10-09,-0.06,-1.78,0.031,0.088
2025-10-10,0.06,-3.58,-0.002,-0.131
2025-10-11,1.59,-2.99,0.025,-0.183
2025-10-12,2.24,-1.09,0.019,-0.114
2025-10-13,0.41,-2.13,-0.011,-0.142
2025-10-14,-2.19,-3.13,-0.082,-0.133
2025-10-15,0.23,-2.19,-0.031,-0.041
2025-10-16,-0.76,-1.89,-0.044,-0.003
2025-10-17,-1.71,-0.49,-0.036,0.069
2025-10-18,-2.34,0.99,-0.053,0.147
2025-10-19,-1.63,0.87,-0.006,0.175
2025-10-20,-1.29,-0.87,-0.004,0.152
2025-10-21,-1.46,-0.36,-0.004,0.221
2025-10-22,-1.53,-1.89,-0.010,0.187
2025-10-23,-3.40,-2.75,-0.065,0.186
2025-10-24,-3.34,-3.23,-0.057,0.187
2025-10-25,-2.97,-1.65,-0.054,0.233
2025-10-26,-2.68,-2.02,-0.041,0.244
2025-10-27,-0.26,-3.03,0.013,0.078
2025-10-28,0.13,-3.59,-0.009,-0.012
2025-10-29,1.31,-3.41,0.016,-0.001
2025-10-30,3.04,-3.15,0.106,-0.221
2025-10-31,2.17,-0.70,0.022,0.118
2025-11-01,0.45,-1.69,0.027,0.161
2025-11-02,-0.18,-1.50,0.017,0.054
2025-11-03,1.40,-2.00,0.019,-0.087
2025-11-04,-1.31,-2.01,-0.057,0.174
2025-11-05,-2.06,-0.51,-0.049,0.266
2025-11-06,-2.13,0.07,-0.014,0.148
2025-11-07,-1.35,-0.00,0.012,0.119
2025-11-08,-0.94,1.09,0.010,0.142
2025-11-09,-1.53,-0.03,0.012,0.163
2025-11-10,-0.57,-4.06,0.027,0.013
2025-11-11,-2.33,-6.76,-0.106,-0.190
2025-11-12,-3.39,-3.51,-0.119,0.174
2025-11-13,-3.12,-3.59,-0.100,0.072
2025-11-14,-2.60,-4.00,-0.100,0.035
2025-11-15,-2.31,-2.40,-0.070,0.136
2025-11-16,-1.19,-1.52,-0.008,0.164
2025-11-17,-1.39,-1.17,0.000,0.202
2025-11-18,-1.18,-0.86,0.012,0.251
2025-11-19,-1.12,-2.11,-0.001,0.243
2025-11-20,-2.69,0.14,-0.038,0.272
2025-11-21,-3.85,0.20,-0.089,0.283
2025-11-22,-2.91,-1.30,-0.039,0.239
2025-11-23,-1.65,-2.20,-0.032,0.195
2025-11-24,-3.20,-0.98,-0.067,0.262
2025-11-25,-3.76,1.01,-0.085,0.326
2025-11-26,-2.45,-0.80,-0.033,0.244
2025-11-27,-0.55,-2.39,-0.027,0.241
2025-11-28,-2.67,-5.25,-0.089,0.019
2025-11-29,-2.83,-2.73,-0.088,0.271
2025-11-30,-1.37,-1.04,-0.004,0.282
2025-12-01,-0.30,-1.70,0.022,0.196
2025-12-02,0.94,-1.25,0.029,0.162
2025-12-03,-0.30,-1.90,0.011,0.179
2025-12-04,-3.12,0.72,-0.047,0.243
2025-12-05,-2.84,0.76,-0.035,0.274
2025-12-06,-1.58,1.32,-0.019,0.244
2025-12-07,-1.28,1.97,-0.015,0.250
2025-12-08,-0.44,1.09,0.023,0.199
2025-12-09,0.85,-0.79,0.023,0.202
2025-12-10,1.16,-1.54,0.002,0.269
2025-12-11,-1.80,-3.54,-0.039,0.119
2025-12-12,-3.23,-1.65,-0.075,0.161
2025-12-13,-2.79,-0.24,-0.052,0.212
2025-12-14,-1.27,-1.96,-0.028,0.170
2025-12-15,-1.85,-3.63,-0.066,0.067
2025-12-16,-1.67,-3.59,-0.071,0.139
2025-12-17,-1.56,-1.62,-0.038,0.256
2025-12-18,-1.01,0.37,-0.007,0.242
2025-12-19,-1.70,-0.09,-0.008,0.196
2025-12-20,-2.90,-1.61,-0.073,0.163
2025-12-21,-3.00,-1.60,-0.081,0.192
2025-12-22,-4.16,-2.60,-0.138,0.126
2025-12-23,-4.71,-1.44,-0.154,0.177
2025-12-24,-4.77,-1.55,-0.143,0.166
2025-12-25,-4.32,-2.30,-0.120,0.137
2025-12-26,-3.17,-0.56,-0.069,0.182
2025-12-27,-3.18,-0.22,-0.063,0.181
2025-12-28,-2.89,0.05,-0.055,0.186
2025-12-29,-2.91,-0.05,-0.053,0.184
2025-12-30,-0.41,-3.37,-0.015,0.020
2025-12-31,0.00,-4.79,-0.046,-0.107
2026-01-01,0.95,-2.76,-0.001,0.144
2026-01-02,-0.22,-2.09,0.018,0.074
2026-01-03,-1.20,1.20,-0.022,0.021
2026-01-04,0.73,-1.64,0.000,-0.080
2026-01-05,0.79,-1.87,-0.019,-0.020
2026-01-06,-1.62,-0.97,-0.013,0.124
2026-01-07,-2.98,-1.33,-0.060,0.164
2026-01-08,-4.35,0.69,-0.113,0.219
2026-01-09,-3.49,2.44,-0.079,0.275
2026-01-10,-3.72,1.28,-0.090,0.229
2026-01-11,-2.48,-2.31,-0.044,0.077
2026-01-12,-1.88,-3.26,-0.088,0.011
2026-01-13,-1.51,-3.94,-0.059,0.067
2026-01-14,1.06,-2.90,0.037,-0.016
2026-01-15,3.38,-2.55,0.080,-0.249
2026-01-16,-0.71,-2.64,-0.034,-0.053
2026-01-17,-3.29,0.70,-0.052,0.170
2026-01-18,0.60,-3.76,-0.024,-0.003
2026-01-19,0.19,-5.53,-0.023,-0.216
2026-01-20,-2.65,-4.08,-0.100,0.109
2026-01-21,-3.90,-1.66,-0.087,0.227
2026-01-22,-2.72,-0.88,-0.031,0.238
2026-01-23,-2.72,-0.73,-0.012,0.130
2026-01-24,-3.24,1.05,-0.057,0.179
2026-01-25,-2.46,3.27,-0.036,0.302
2026-01-26,2.42,0.60,0.041,0.080
2026-01-27,-1.25,-6.41,-0.061,-0.269
2026-01-28,-1.56,-4.54,-0.075,0.112
2026-01-29,-1.33,-3.29,-0.033,0.065
2026-01-30,-0.67,-2.70,-0.005,0.043
2026-01-31,3.32,-2.99,0.078,-0.212
2026-02-01,2.68,-5.74,0.097,-0.389
2026-02-02,1.05,-3.90,0.001,-0.007
2026-02-03,-3.24,-2.35,-0.096,0.155
2026-02-04,-2.27,-0.92,-0.026,0.268
2026-02-05,3.21,-2.99,0.098,-0.026
2026-02-06,2.62,-3.02,0.049,-0.094
2026-02-07,2.49,-2.01,0.050,0.167
2026-02-08,1.21,-2.99,0.011,0.179
2026-02-09,-1.95,-2.09,-0.032,0.210
2026-02-10,-3.48,-0.43,-0.065,0.247
2026-02-11,-3.93,-0.07,-0.081,0.256
2026-02-12,-2.25,-1.35,-0.033,0.219
2026-02-13,-1.57,-0.98,-0.015,0.239
2026-02-14,-3.06,1.05,-0.050,0.274
2026-02-15,-2.52,3.60,-0.067,0.355
2026-02-16,1.05,1.90,0.024,0.221
2026-02-17,-2.23,-0.73,-0.038,0.235
2026-02-18,-3.13,1.67,-0.049,0.322
2026-02-19,-2.87,3.95,-0.063,0.387
2026-02-20,-3.54,4.70,-0.099,0.401
2026-02-21,-3.77,3.77,-0.100,0.356
2026-02-22,-2.51,0.72,-0.030,0.269
2026-02-23,-0.67,-6.39,-0.024,-0.245
2026-02-24,-1.04,-4.51,-0.071,0.101
2026-02-25,-3.25,0.75,-0.054,0.287
2026-02-26,-3.20,3.68,-0.075,0.340
2026-02-27,-3.06,3.65,-0.067,0.281
2026-02-28,-2.15,2.48,-0.026,0.197
2026-03-01,-2.35,1.41,-0.049,0.222
2026-03-02,-2.61,0.32,-0.039,0.252
2026-03-03,-3.41,-0.42,-0.058,0.226
2026-03-04,-3.89,-0.97,-0.080,0.240
2026-03-05,-3.96,0.28,-0.082,0.279
2026-03-06,-3.92,0.76,-0.086,0.263
2026-03-07,-4.21,1.53,-0.093,0.277
2026-03-08,-3.89,0.90,-0.076,0.218
2026-03-09,-3.57,-0.19,-0.062,0.160
2026-03-10,-3.57,0.44,-0.063,0.202
2026-03-11,-4.21,1.97,-0.098,0.254
2026-03-12,-1.56,2.00,-0.018,0.254
2026-03-13,-0.18,-1.49,0.017,0.046
2026-03-14,-0.81,0.93,-0.002,0.243
2026-03-15,-2.11,3.13,-0.033,0.254
2026-03-16,-2.26,4.26,-0.051,0.293
2026-03-17,-1.47,-3.47,-0.004,-0.102
2026-03-18,-2.90,-5.23,-0.129,-0.028
2026-03-19,-0.69,-4.92,-0.016,-0.032
2026-03-20,-1.18,-4.41,-0.034,-0.087
2026-03-21,-2.57,-2.48,-0.064,0.100
2026-03-22,-3.57,-0.56,-0.052,0.130
2026-03-23,-3.46,0.24,-0.052,0.173
2026-03-24,-3.17,-1.91,-0.063,0.106
2026-03-25,-3.30,-2.14,-0.083,0.117
2026-03-26,-3.37,-1.64,-0.088,0.129
2026-03-27,-3.86,-1.11,-0.094,0.124
2026-03-28,-3.12,-3.34,-0.105,-0.027
2026-03-29,-3.74,-2.62,-0.122,0.059
2026-03-30,-4.27,-0.52,-0.113,0.138
2026-03-31,-4.33,0.45,-0.109,0.105
2026-04-01,-4.54,0.32,-0.119,0.122
2026-04-02,-3.57,1.44,-0.116,0.159
2026-04-03,-3.58,1.09,-0.107,0.137
2026-04-04,-4.71,1.44,-0.148,0.185
2026-04-05,-3.54,-0.37,-0.088,0.110
2026-04-06,-1.62,-1.80,-0.065,0.012
2026-04-07,1.48,-1.11,0.006,-0.073
2026-04-08,1.40,-1.13,-0.015,-0.077
2026-04-09,-0.96,-1.89,-0.027,-0.020
2026-04-10,-3.16,-0.96,-0.095,0.001
2026-04-11,-4.20,-1.37,-0.107,0.031
2026-04-12,-4.32,-1.24,-0.118,0.093
2026-04-13,-3.84,-0.54,-0.091,0.151
2026-04-14,-3.78,-0.60,-0.082,0.121
2026-04-15,-3.64,-0.25,-0.081,0.148
2026-04-16,-4.06,-0.14,-0.090,0.148
2026-04-17,-3.58,-0.12,-0.082,0.035
2026-04-18,-3.21,0.17,-0.077,0.071
2026-04-19,-2.78,-1.74,-0.055,-0.043
2026-04-20,-2.24,-2.98,-0.110,-0.045
2026-04-21,-3.18,-2.06,-0.104,0.026
2026-04-22,-3.56,0.96,-0.069,0.166
2026-04-23,-2.43,2.43,-0.057,0.076
2026-04-24,-2.66,2.15,-0.082,0.037
2026-04-25,-2.89,2.26,-0.055,0.095
2026-04-26,-3.14,2.45,-0.050,0.160
2026-04-27,-3.17,1.62,-0.042,0.122
2026-04-28,-3.40,0.60,-0.039,0.122
2026-04-29,-3.15,1.61,-0.043,0.203
2026-04-30,-2.75,2.39,-0.036,0.221
2026-05-01,-3.04,3.62,-0.068,0.288
2026-05-02,-2.09,4.69,-0.052,0.345
2026-05-03,-1.01,2.38,-0.007,0.078
2026-05-04,-1.61,-0.46,-0.043,0.209
2026-05-05,-2.05,1.78,-0.002,0.221
2026-05-06,-3.00,3.33,-0.053,0.238
2026-05-07,-3.44,3.44,-0.083,0.257
2026-05-08,-3.14,3.04,-0.074,0.238
2026-05-09,-2.96,4.07,-0.099,0.300
2026-05-10,-2.68,3.55,-0.084,0.263
2026-05-11,-2.69,2.11,-0.057,0.185
2026-05-12,-1.98,1.98,-0.013,0.154
2026-05-13,-0.35,1.82,0.004,0.152
2026-05-14,-0.64,-1.21,0.021,0.142
2026-05-15,-2.24,-0.00,0.000,0.163
2026-05-16,-3.21,1.63,-0.059,0.194
2026-05-17,-4.04,2.15,-0.071,0.179
2026-05-18,-4.08,2.08,-0.084,0.183
2026-05-19,-3.54,1.50,-0.054,0.160
2026-05-20,-3.14,0.84,-0.022,0.125
2026-05-21,-2.73,0.83,0.009,0.066
2026-05-22,-2.47,1.93,0.012,0.066
2026-05-23,-3.27,2.46,-0.023,0.070
2026-05-24,-3.24,2.19,-0.007,0.073
2026-05-25,-2.54,1.78,-0.015,0.064
2026-05-26,-2.75,1.59,-0.022,0.100
2026-05-27,-4.10,2.37,-0.109,0.236
2026-05-28,-2.64,2.64,-0.064,0.249
2026-05-29,-2.69,2.60,-0.070,0.171
2026-05-30,-2.66,2.96,-0.060,0.223
2026-05-31,-3.47,3.12,-0.096,0.208
2026-06-01,-3.12,2.44,-0.069,0.196
2026-06-02,-3.11,2.35,-0.072,0.170
2026-06-03,-2.11,2.04,-0.027,0.196
2026-06-04,-2.30,2.46,-0.045,0.177
2026-06-05,-2.86,3.07,-0.062,0.258
2026-06-06,-3.74,1.91,-0.092,0.233
2026-06-07,-3.87,0.68,-0.080,0.217
2026-06-08,-3.53,1.43,-0.078,0.235
2026-06-09,-4.64,1.07,-0.113,0.249
2026-06-10,-4.19,2.42,-0.118,0.318
2026-06-11,-4.23,2.45,-0.098,0.311
2026-06-12,-4.95,1.42,-0.113,0.249
2026-06-13,-3.80,2.11,-0.070,0.280
2026-06-14,-3.33,0.83,-0.059,0.080
2026-06-15,-2.83,2.74,-0.073,0.213
2026-06-16,-3.67,3.31,-0.083,0.283
2026-06-17,-2.77,4.44,-0.070,0.319
2026-06-18,-3.03,5.25,-0.090,0.349
2026-06-19,-3.85,4.43,-0.097,0.322
2026-06-20,-3.30,2.58,-0.075,0.285
2026-06-21,-3.22,2.34,-0.074,0.248
2026-06-22,-3.38,0.78,-0.060,0.243
2026-06-23,-3.62,-0.90,-0.059,0.229
2026-06-24,-1.87,-0.40,-0.018,0.196
2026-06-25,-3.16,-1.21,-0.050,0.169
2026-06-26,-3.67,-0.00,-0.063,0.222
2026-06-27,-3.65,-0.45,-0.057,0.223
2026-06-28,-2.84,-0.98,-0.036,0.217
2026-06-29,-3.37,-0.84,-0.052,0.198
2026-06-30,-2.72,-0.83,-0.041,0.196
2026-07-01,-2.42,-0.83,-0.030,0.209
2026-07-02,-2.28,-0.65,-0.026,0.208
2026-07-03,-2.38,-0.12,-0.013,0.193
2026-07-04,-1.86,-0.53,-0.010,0.167
2026-07-05,-1.86,0.06,-0.024,0.150
2026-07-06,-2.19,0.51,-0.025,0.135
2026-07-07,-3.28,-0.34,-0.066,0.147
2026-07-08,-3.19,-1.49,-0.045,0.173
2026-07-09,-2.61,-0.60,-0.034,0.171
2026-07-10,-3.04,0.37,-0.060,0.209
2026-07-11,-2.72,0.78,-0.062,0.227
2026-07-12,-3.79,0.13,-0.073,0.206
2026-07-13,-3.03,-0.75,-0.037,0.188
2026-07-14,-3.66,-0.78,-0.062,0.170
2026-07-15,-3.73,-0.26,-0.084,0.163
2026-07-16,-2.98,-1.27,-0.054,0.114
2026-07-17,-3.25,-1.73,-0.078,0.144
2026-07-18,-2.37,-1.92,-0.034,0.131
2026-07-19,-1.04,-0.97,0.009,0.079
2026-07-20,-0.24,1.03,0.013,0.100
2026-07-21,-1.56,1.30,-0.006,0.123
2026-07-22,-2.26,1.20,-0.022,0.140
2026-07-23,-2.41,-0.64,-0.031,0.133
2026-07-24,-3.00,-0.37,-0.050,0.174
2026-07-25,-2.71,0.14,-0.014,0.184
2026-07-26,-1.50,-1.17,-0.005,0.096
2026-07-27,-1.33,-1.43,-0.017,0.097
2026-07-28,-1.42,0.54,0.014,0.098
2026-07-29,-1.91,1.01,-0.006,0.069
2026-07-30,-2.67,0.57,-0.026,0.073
2026-07-31,-3.28,-0.40,-0.066,0.119
2026-08-01,-2.47,-0.22,-0.014,0.113
2026-08-02,-2.52,-0.26,-0.024,0.089
2026-08-03,-2.64,0.76,-0.027,0.147
2026-08-04,-2.65,1.29,-0.039,0.179
2026-08-05,-2.45,-0.75,-0.038,0.187
2026-08-06,-2.38,-0.73,-0.017,0.158
2026-08-07,-2.11,-0.41,-0.009,0.135
2026-08-08,-1.93,0.17,0.018,0.106
2026-08-09,-2.53,-0.87,-0.044,0.002
2026-08-10,-3.07,0.11,-0.061,0.129
2026-08-11,-2.94,-0.95,-0.050,0.112
2026-08-12,-2.37,-0.04,-0.025,0.184
2026-08-13,-2.76,-0.74,-0.037,0.140
2026-08-14,-3.71,-1.06,-0.076,0.173
2026-08-15,-2.90,-0.51,-0.043,0.224
2026-08-16,-2.14,-2.06,-0.016,0.115
2026-08-17,-2.67,-1.54,-0.051,0.167
2026-08-18,-1.95,-0.60,-0.020,0.221
2026-08-19,-2.48,-1.00,-0.010,0.206
2026-08-20,-2.42,-1.40,-0.020,0.198
2026-08-21,-2.12,-1.78,-0.006,0.203
2026-08-22,-2.21,-0.59,0.006,0.216
2026-08-23,-1.65,-0.57,0.019,0.193
2026-08-24,-1.73,-1.08,0.005,0.167
2026-08-25,-2.45,-1.30,-0.018,0.197
2026-08-26,-2.23,-0.60,-0.002,0.212
2026-08-27,-1.77,-0.31,-0.003,0.218
2026-08-28,-2.28,-0.65,-0.018,0.168
2026-08-29,-1.63,-1.37,-0.006,0.147
2026-08-30,-1.32,-1.03,0.013,0.098
2026-08-31,-1.64,-0.80,0.003,-0.033
2026-09-01,-1.65,-0.95,-0.055,-0.070
2026-09-02,-1.98,-1.01,-0.073,-0.062
2026-09-03,-1.44,-0.05,-0.034,-0.055
2026-09-04,-1.38,0.50,-0.043,-0.064
2026-09-05,-2.02,-0.04,-0.080,-0.014
2026-09-06,-1.87,-0.68,-0.035,0.019
2026-09-07,-1.08,-0.60,-0.024,0.012
2026-09-08,-1.96,-0.00,-0.028,0.063
2026-09-09,-1.46,-1.32,-0.011,0.036
2026-09-10,-1.46,-2.01,-0.039,-0.005
2026-09-11,-1.58,-0.14,-0.065,0.013
2026-09-12,-2.65,0.76,-0.043,0.116
2026-09-13,-3.11,1.01,-0.042,0.146
2026-09-14,-2.95,-1.57,-0.062,0.079
2026-09-15,-2.31,-1.50,-0.049,0.087
2026-09-16,-2.60,-0.74,-0.080,0.131
2026-09-17,-2.56,-0.88,-0.066,0.108
2026-09-18,-1.21,-0.08,-0.022,0.061
2026-09-19,1.11,-0.34,-0.023,0.010
2026-09-20,0.80,0.50,-0.009,-0.052
2026-09-21,-0.54,-0.90,-0.021,-0.048
2026-09-22,-1.12,0.12,-0.033,0.066
2026-09-23,-2.28,0.32,-0.054,0.100
2026-09-24,-2.19,-0.04,-0.024,0.105
2026-09-25,-1.44,1.13,-0.009,0.132
