date,wind_u,wind_v,cur_u,cur_v
2016-01-01,-2.78,-0.44,,
2016-01-02,-1.56,-1.56,,
2016-01-03,-0.76,1.42,,
2016-01-04,1.01,-4.36,,
2016-01-05,-0.89,-3.85,,
2016-01-06,0.41,-2.12,,
2016-01-07,-2.06,2.45,,
2016-01-08,0.69,2.39,,
2016-01-09,-0.93,4.39,,
2016-01-10,2.42,-3.33,,
2016-01-11,-1.48,-4.30,,
2016-01-12,-1.92,-3.60,,
2016-01-13,-4.10,-2.66,,
2016-01-14,-5.77,-1.33,,
2016-01-15,-0.44,3.60,,
2016-01-16,-2.47,1.48,,
2016-01-17,5.32,-2.83,,
2016-01-18,0.41,-3.94,,
2016-01-19,-2.84,-4.05,,
2016-01-20,-3.76,-2.35,,
2016-01-21,-4.15,-0.58,,
2016-01-22,4.81,-0.68,,
2016-01-23,4.46,-4.78,,
2016-01-24,0.97,-3.00,,
2016-01-25,-3.63,0.97,,
2016-01-26,-4.09,2.36,,
2016-01-27,-1.40,4.07,,
2016-01-28,3.74,0.07,,
2016-01-29,2.49,-4.49,,
2016-01-30,-1.00,-1.87,,
2016-01-31,-3.22,1.71,,
2016-02-01,-2.82,2.54,,
2016-02-02,-3.94,4.23,,
2016-02-03,-4.24,4.70,,
2016-02-04,-1.33,2.41,,
2016-02-05,-2.12,-6.51,,
2016-02-06,-2.19,-5.15,,
2016-02-07,2.65,-5.44,,
2016-02-08,1.06,-3.46,,
2016-02-09,3.56,-3.32,,
2016-02-10,2.69,-3.71,,
2016-02-11,-1.00,-4.03,,
2016-02-12,-2.85,-3.06,,
2016-02-13,-3.28,-4.19,,
2016-02-14,-5.02,-2.24,,
2016-02-15,-4.58,2.33,,
2016-02-16,-2.66,0.97,,
2016-02-17,-2.51,-1.96,,
2016-02-18,-3.68,-3.20,,
2016-02-19,-4.90,-1.98,,
2016-02-20,-4.27,-0.75,,
2016-02-21,-4.42,-0.54,,
2016-02-22,-3.58,0.63,,
2016-02-23,-2.41,4.01,,
2016-02-24,-1.10,4.75,,
2016-02-25,0.61,-5.81,,
2016-02-26,-1.75,-4.56,,
2016-02-27,-1.72,-4.27,,
2016-02-28,-3.14,-2.82,,
2016-02-29,-2.78,-0.44,,
2016-03-01,-2.75,-0.84,,
2016-03-02,-2.57,-1.73,,
2016-03-03,-2.91,-0.46,,
2016-03-04,0.39,-1.85,,
2016-03-05,-1.08,-1.16,,
2016-03-06,-2.23,-3.19,,
2016-03-07,-4.55,-0.08,,
2016-03-08,-6.33,3.22,,
2016-03-09,-6.66,4.66,,
2016-03-10,-6.23,5.41,,
2016-03-11,-5.63,4.56,,
2016-03-12,-4.27,4.13,,
2016-03-13,-2.53,4.38,,
2016-03-14,-2.17,3.61,,
2016-03-15,-2.93,3.04,,
2016-03-16,-4.33,2.30,,
2016-03-17,-3.80,2.47,,
2016-03-18,-3.42,2.67,,
2016-03-19,-2.19,4.11,,
2016-03-20,-1.24,2.93,,
2016-03-21,-0.23,-6.52,,
2016-03-22,-2.70,-3.85,,
2016-03-23,-3.96,1.14,,
2016-03-24,-3.78,3.41,,
2016-03-25,-2.93,4.18,,
2016-03-26,-3.90,4.64,,
2016-03-27,-3.98,4.26,,
2016-03-28,-2.67,2.87,,
2016-03-29,-3.55,2.78,,
2016-03-30,-4.11,1.92,,
2016-03-31,-3.65,4.05,,
2016-04-01,-3.81,5.87,,
2016-04-02,-2.35,4.42,,
2016-04-03,0.88,2.06,,
2016-04-04,-1.40,-1.73,,
2016-04-05,-2.01,-4.31,,
2016-04-06,-3.47,-1.85,,
2016-04-07,-1.86,-0.87,,
2016-04-08,-1.82,-0.93,,
2016-04-09,-2.54,-2.20,,
2016-04-10,-4.14,-1.19,,
2016-04-11,-4.29,0.99,,
2016-04-12,-3.49,1.20,,
2016-04-13,-3.70,2.14,,
2016-04-14,-3.40,2.85,,
2016-04-15,-2.65,3.65,,
2016-04-16,-3.13,3.36,,
2016-04-17,-4.34,1.33,,
2016-04-18,-5.83,0.41,,
2016-04-19,-4.70,0.08,,
2016-04-20,-3.63,0.64,,
2016-04-21,-3.95,0.98,,
2016-04-22,-3.02,0.75,,
2016-04-23,-1.68,-2.40,,
2016-04-24,-3.23,-1.24,,
2016-04-25,-3.44,1.32,,
2016-04-26,-3.14,2.64,,
2016-04-27,-3.39,3.39,,
2016-04-28,-4.26,2.87,,
2016-04-29,-4.69,2.29,,
2016-04-30,-4.76,3.85,,
2016-05-01,-5.05,3.15,,
2016-05-02,-4.47,2.48,,
2016-05-03,-3.29,2.66,,
2016-05-04,-0.95,3.55,,
2016-05-05,1.00,-4.70,,
2016-05-06,1.18,-3.87,,
2016-05-07,-0.41,-3.32,,
2016-05-08,-3.40,-0.85,,
2016-05-09,-4.27,1.47,,
2016-05-10,-4.60,1.95,,
2016-05-11,-4.85,1.96,,
2016-05-12,-4.28,1.91,,
2016-05-13,-3.40,0.79,,
2016-05-14,-2.56,-0.88,,
2016-05-15,-3.00,-1.09,,
2016-05-16,-3.72,1.28,,
2016-05-17,-3.25,3.87,,
2016-05-18,-3.01,3.72,,
2016-05-19,-3.62,3.15,,
2016-05-20,-4.14,3.60,,
2016-05-21,-4.06,2.16,,
2016-05-22,-3.18,1.22,,
2016-05-23,-2.71,2.53,,
2016-05-24,-3.57,1.90,,
2016-05-25,-4.01,0.07,,
2016-05-26,-4.26,-0.00,,
2016-05-27,-4.21,1.21,,
2016-05-28,-3.58,1.74,,
2016-05-29,-3.47,0.67,,
2016-05-30,-3.23,-0.23,,
2016-05-31,-2.97,0.10,,
2016-06-01,-3.86,0.96,,
2016-06-02,-3.90,1.58,,
2016-06-03,-4.10,2.37,,
2016-06-04,-5.08,1.75,,
2016-06-05,-2.91,3.12,,
2016-06-06,1.58,4.12,,
2016-06-07,1.81,0.42,,
2016-06-08,-0.75,1.85,,
2016-06-09,-1.19,2.23,,
2016-06-10,-2.96,2.48,,
2016-06-11,-3.80,2.11,,
2016-06-12,-3.28,1.97,,
2016-06-13,-2.34,0.04,,
2016-06-14,-2.14,-0.65,,
2016-06-15,-2.96,1.64,,
2016-06-16,-3.48,2.35,,
2016-06-17,-2.96,2.31,,
2016-06-18,-3.72,1.07,,
2016-06-19,-4.26,-0.22,,
2016-06-20,-3.57,-0.76,,
2016-06-21,-2.88,-1.60,,
2016-06-22,-2.75,-0.74,,
2016-06-23,-3.68,0.52,,
2016-06-24,-2.59,-1.32,,
2016-06-25,-3.11,0.16,,
2016-06-26,-3.48,0.37,,
2016-06-27,-3.02,-0.48,,
2016-06-28,-2.00,-0.69,,
2016-06-29,-1.45,0.34,,
2016-06-30,-2.13,1.18,,
2016-07-01,-2.68,0.77,,
2016-07-02,-2.69,-0.28,,
2016-07-03,-3.08,-0.05,,
2016-07-04,-3.64,0.98,,
2016-07-05,-3.65,-0.00,,
2016-07-06,-3.70,0.06,,
2016-07-07,-3.78,0.07,,
2016-07-08,-3.94,1.28,,
2016-07-09,-3.06,-1.49,,
2016-07-10,-3.16,-1.03,,
2016-07-11,-2.96,0.96,,
2016-07-12,-3.63,1.04,,
2016-07-13,-3.72,0.39,,
2016-07-14,-3.06,-1.30,,
2016-07-15,-3.23,-0.11,,
2016-07-16,-2.77,0.59,,
2016-07-17,-3.53,-0.50,,
2016-07-18,-3.51,-0.56,,
2016-07-19,-4.26,-0.37,,
2016-07-20,-2.90,-0.94,,
2016-07-21,-2.17,-0.38,,
2016-07-22,-2.58,0.50,,
2016-07-23,-2.64,0.76,,
2016-07-24,-2.55,1.48,,
2016-07-25,-3.70,0.79,,
2016-07-26,-4.31,-0.00,,
2016-07-27,-3.24,0.23,,
2016-07-28,-3.24,0.40,,
2016-07-29,-3.35,1.15,,
2016-07-30,-3.31,-1.27,,
2016-07-31,-3.52,-0.69,,
2016-08-01,-3.37,-0.53,,
2016-08-02,-2.83,-2.64,,
2016-08-03,-3.87,-0.89,,
2016-08-04,-6.12,1.76,,
2016-08-05,-4.92,2.09,,
2016-08-06,-3.77,2.54,,
2016-08-07,-2.82,1.08,,
2016-08-08,-2.46,0.94,,
2016-08-09,-3.04,1.97,,
2016-08-10,-3.08,2.24,,
2016-08-11,-3.66,-0.19,,
2016-08-12,-3.24,-0.63,,
2016-08-13,-3.58,1.83,,
2016-08-14,-3.88,2.06,,
2016-08-15,-4.16,0.73,,
2016-08-16,-4.07,0.86,,
2016-08-17,-3.89,0.83,,
2016-08-18,-3.47,-1.13,,
2016-08-19,-3.09,-0.16,,
2016-08-20,-2.75,1.06,,
2016-08-21,-3.48,0.30,,
2016-08-22,-4.01,-0.78,,
2016-08-23,-3.58,-1.91,,
2016-08-24,-3.18,-2.40,,
2016-08-25,-2.62,-2.12,,
2016-08-26,-1.85,-1.02,,
2016-08-27,-1.19,-1.84,,
2016-08-28,-1.00,-1.87,,
2016-08-29,1.49,-1.12,,
2016-08-30,1.95,3.39,,
2016-08-31,0.56,4.57,,
2016-09-01,-0.15,4.37,,
2016-09-02,-1.71,4.03,,
2016-09-03,-3.53,3.41,,
2016-09-04,-4.57,1.22,,
2016-09-05,-3.59,0.13,,
2016-09-06,-3.21,-1.11,,
2016-09-07,-2.44,-1.47,,
2016-09-08,-2.14,-1.50,,
2016-09-09,-2.03,-0.82,,
2016-09-10,-1.39,0.81,,
2016-09-11,1.73,-0.50,,
2016-09-12,0.54,2.02,,
2016-09-13,-1.58,2.35,,
2016-09-14,-2.70,2.35,,
2016-09-15,-3.14,0.61,,
2016-09-16,-3.13,0.22,,
2016-09-17,-2.62,0.23,,
2016-09-18,-2.47,-0.62,,
2016-09-19,-2.21,-0.27,,
2016-09-20,-2.15,-0.46,,
2016-09-21,-2.17,-0.04,,
2016-09-22,-2.45,-0.34,,
2016-09-23,-2.14,-0.53,,
2016-09-24,-2.56,0.18,,
2016-09-25,-2.56,0.13,,
2016-09-26,-2.56,0.93,,
2016-09-27,-2.80,0.91,,
2016-09-28,-2.79,0.64,,
2016-09-29,-2.54,0.22,,
2016-09-30,-2.10,-1.12,,
2016-10-01,-2.01,-1.81,,
2016-10-02,-1.72,-2.12,,
2016-10-03,-1.46,-2.53,,
2016-10-04,-0.81,-1.66,,
2016-10-05,-1.02,-1.92,,
2016-10-06,-0.21,-2.37,,
2016-10-07,0.59,-1.63,,
2016-10-08,-0.79,-1.70,,
2016-10-09,-1.42,-1.47,,
2016-10-10,-2.96,-1.51,,
2016-10-11,-4.12,-2.38,,
2016-10-12,-2.72,-3.02,,
2016-10-13,-2.50,-2.68,,
2016-10-14,-1.99,-1.06,,
2016-10-15,-3.22,0.11,,
2016-10-16,-2.54,-1.03,,
2016-10-17,-1.70,-3.48,,
2016-10-18,-3.23,-1.72,,
2016-10-19,-4.22,-1.21,,
2016-10-20,-2.92,-1.49,,
2016-10-21,-1.11,-3.05,,
2016-10-22,-1.29,-3.04,,
2016-10-23,-3.23,-3.47,,
2016-10-24,-2.95,-2.47,,
2016-10-25,-4.05,-2.63,,
2016-10-26,-4.35,-1.08,,
2016-10-27,-3.59,-1.75,,
2016-10-28,-3.90,-2.44,,
2016-10-29,-3.69,-3.10,,
2016-10-30,-1.79,-1.79,,
2016-10-31,-1.70,-2.17,,
2016-11-01,-4.11,-1.03,,
2016-11-02,-5.36,-0.85,,
2016-11-03,-4.52,-1.21,,
2016-11-04,-2.60,-3.09,,
2016-11-05,-2.91,-3.01,,
2016-11-06,-3.22,-1.86,,
2016-11-07,-3.34,-1.56,,
2016-11-08,-3.15,-1.02,,
2016-11-09,-2.66,0.61,,
2016-11-10,-2.32,-0.62,,
2016-11-11,-2.77,-0.64,,
2016-11-12,-2.48,0.13,,
2016-11-13,-2.27,-0.40,,
2016-11-14,-1.93,-0.66,,
2016-11-15,0.21,-2.04,,
2016-11-16,-1.04,-4.88,,
2016-11-17,-3.39,-2.95,,
2016-11-18,-4.23,-1.38,,
2016-11-19,-2.99,-3.56,,
2016-11-20,-1.59,-5.19,,
2016-11-21,-2.33,-4.20,,
2016-11-22,-2.63,-2.54,,
2016-11-23,-3.59,-1.67,,
2016-11-24,-3.54,-2.21,,
2016-11-25,-3.49,-1.93,,
2016-11-26,-2.79,-2.88,,
2016-11-27,-2.21,-3.41,,
2016-11-28,-3.44,0.61,,
2016-11-29,-3.41,3.53,,
2016-11-30,-2.98,3.95,,
2016-12-01,-2.53,1.58,,
2016-12-02,-2.74,-0.79,,
2016-12-03,-3.35,0.77,,
2016-12-04,-4.33,1.84,,
2016-12-05,-2.91,4.66,,
2016-12-06,-1.40,4.31,,
2016-12-07,-1.89,2.25,,
2016-12-08,-3.05,1.42,,
2016-12-09,-2.41,-0.21,,
2016-12-10,-3.33,-2.89,,
2016-12-11,-2.98,-1.93,,
2016-12-12,-2.87,0.25,,
2016-12-13,-3.42,-0.42,,
2016-12-14,-2.74,-0.14,,
2016-12-15,-2.29,-2.46,,
2016-12-16,-2.64,-1.85,,
2016-12-17,-4.17,2.03,,
2016-12-18,-3.86,3.48,,
2016-12-19,-3.78,-0.20,,
2016-12-20,-3.69,-2.88,,
2016-12-21,-3.50,-2.55,,
2016-12-22,-3.14,-2.82,,
2016-12-23,-3.18,-2.77,,
2016-12-24,-4.39,-0.23,,
2016-12-25,-5.10,-0.09,,
2016-12-26,-4.67,0.74,,
2016-12-27,-4.06,-0.43,,
2016-12-28,-3.03,-1.10,,
2016-12-29,-2.04,-1.38,,
2016-12-30,-2.19,-4.12,,
2016-12-31,-4.13,-0.07,,
2017-01-01,-6.47,5.05,,
2017-01-02,-6.95,5.24,,
2017-01-03,-4.52,3.53,,
2017-01-04,-2.63,2.13,,
2017-01-05,-0.81,2.23,,
2017-01-06,-2.77,6.52,,
2017-01-07,0.12,7.13,,
2017-01-08,-4.01,-13.10,,
2017-01-09,-6.81,-7.56,,
2017-01-10,-9.76,-2.07,,
2017-01-11,-9.07,-1.44,,
2017-01-12,-7.98,-0.56,,
2017-01-13,-9.80,-1.55,,
2017-01-14,-9.70,-2.60,,
2017-01-15,-8.49,-1.04,,
2017-01-16,-8.58,1.05,,
2017-01-17,-7.12,2.73,,
2017-01-18,-6.54,3.05,,
2017-01-19,-5.81,3.49,,
2017-01-20,-3.37,7.22,,
2017-01-21,-3.97,8.93,,
2017-01-22,-2.00,9.40,,
2017-01-23,6.90,-4.48,,
2017-01-24,3.60,-3.25,,
2017-01-25,-4.30,4.61,,
2017-01-26,-2.91,6.24,,
2017-01-27,-2.23,2.75,,
2017-01-28,-4.82,-0.68,,
2017-01-29,1.26,-7.96,,
2017-01-30,0.00,-8.84,,
2017-01-31,-2.80,-3.58,,
2017-02-01,-5.94,-0.73,,
2017-02-02,-6.26,-1.92,,
2017-02-03,-5.39,-2.18,,
2017-02-04,-6.17,-4.65,,
2017-02-05,-6.96,-2.40,,
2017-02-06,-7.35,-1.30,,
2017-02-07,-5.61,3.37,,
2017-02-08,-3.78,5.02,,
2017-02-09,-4.09,2.66,,
2017-02-10,-5.93,-2.89,,
2017-02-11,-6.32,-0.00,,
2017-02-12,-6.23,-0.65,,
2017-02-13,-5.28,-2.46,,
2017-02-14,-5.15,2.40,,
2017-02-15,-1.88,7.55,,
2017-02-16,0.37,-5.29,,
2017-02-17,-5.99,-0.10,,
2017-02-18,-3.59,7.35,,
2017-02-19,-5.28,6.08,,
2017-02-20,-6.33,5.50,,
2017-02-21,-4.67,3.65,,
2017-02-22,8.26,-2.85,,
2017-02-23,6.35,-3.10,,
2017-02-24,-2.82,-3.03,,
2017-02-25,-3.37,4.47,,
2017-02-26,-6.65,-0.47,,
2017-02-27,-7.41,2.41,,
2017-02-28,-7.78,2.68,,
2017-03-01,-7.06,2.29,,
2017-03-02,-3.92,1.58,,
2017-03-03,-5.36,-4.19,,
2017-03-04,-8.60,-4.97,,
2017-03-05,-9.97,-2.12,,
2017-03-06,-10.79,0.94,,
2017-03-07,-10.44,1.84,,
2017-03-08,-8.70,0.46,,
2017-03-09,-6.99,-1.87,,
2017-03-10,-6.03,-1.39,,
2017-03-11,-6.58,-1.76,,
2017-03-12,-4.59,1.49,,
2017-03-13,-3.94,4.08,,
2017-03-14,2.69,-5.76,,
2017-03-15,-2.23,-8.94,,
2017-03-16,-5.78,-7.96,,
2017-03-17,-7.47,-4.85,,
2017-03-18,-6.60,-4.62,,
2017-03-19,-4.19,-7.26,,
2017-03-20,-3.49,-7.15,,
2017-03-21,-4.59,-5.67,,
2017-03-22,-4.60,-3.22,,
2017-03-23,-5.51,-3.58,,
2017-03-24,-7.41,-0.52,,
2017-03-25,-6.27,1.45,,
2017-03-26,-6.00,1.06,,
2017-03-27,-6.64,1.90,,
2017-03-28,-6.11,2.85,,
2017-03-29,-7.02,4.39,,
2017-03-30,-6.41,6.87,,
2017-03-31,-3.48,7.82,,
2017-04-01,-4.18,5.96,,
2017-04-02,-6.14,6.14,,
2017-04-03,-6.09,7.25,,
2017-04-04,-4.93,7.31,,
2017-04-05,-5.43,7.21,,
2017-04-06,-3.55,4.55,,
2017-04-07,-4.11,-4.90,,
2017-04-08,-4.95,-4.78,,
2017-04-09,-5.71,-2.31,,
2017-04-10,-6.04,-0.21,,
2017-04-11,-7.86,-0.14,,
2017-04-12,-6.58,-1.52,,
2017-04-13,-5.55,-2.71,,
2017-04-14,-6.51,-0.34,,
2017-04-15,-6.63,-0.12,,
2017-04-16,-7.19,0.13,,
2017-04-17,-6.02,0.11,,
2017-04-18,-5.21,0.73,,
2017-04-19,-6.57,0.11,,
2017-04-20,-6.88,-0.84,,
2017-04-21,-5.40,-3.12,,
2017-04-22,-3.02,-2.92,,
2017-04-23,0.73,-5.91,,
2017-04-24,1.44,-6.23,,
2017-04-25,-4.13,-0.58,,
2017-04-26,-4.78,8.28,,
2017-04-27,-6.02,6.45,,
2017-04-28,-7.85,5.30,,
2017-04-29,-9.02,6.08,,
2017-04-30,-7.98,6.46,,
2017-05-01,-6.00,4.69,,
2017-05-02,-5.07,2.05,,
2017-05-03,-5.62,2.39,,
2017-05-04,-3.81,6.59,,
2017-05-05,0.88,-7.15,,
2017-05-06,-0.21,-6.14,,
2017-05-07,-3.40,-4.20,,
2017-05-08,-5.68,-1.84,,
2017-05-09,-7.03,-2.42,,
2017-05-10,-7.16,-0.12,,
2017-05-11,-7.08,1.77,,
2017-05-12,-5.26,4.42,,
2017-05-13,-2.78,6.55,,
2017-05-14,-0.94,4.06,,
2017-05-15,-1.89,1.32,,
2017-05-16,-4.88,0.09,,
2017-05-17,-7.26,-0.25,,
2017-05-18,-7.10,2.04,,
2017-05-19,-6.95,2.26,,
2017-05-20,-7.69,4.81,,
2017-05-21,-8.26,3.50,,
2017-05-22,-6.79,1.82,,
2017-05-23,-4.49,6.41,,
2017-05-24,-3.01,8.76,,
2017-05-25,-1.27,5.50,,
2017-05-26,-5.85,3.80,,
2017-05-27,-6.53,3.47,,
2017-05-28,-5.04,2.04,,
2017-05-29,-6.02,3.07,,
2017-05-30,-5.74,2.80,,
2017-05-31,-6.22,2.77,,
2017-06-01,-6.89,4.14,,
2017-06-02,-6.97,4.19,,
2017-06-03,-6.63,3.98,,
2017-06-04,-6.39,3.84,,
2017-06-05,-4.70,6.71,,
2017-06-06,-1.09,7.76,,
2017-06-07,1.16,5.98,,
2017-06-08,4.53,-1.83,,
2017-06-09,-2.76,3.07,,
2017-06-10,-4.88,6.72,,
2017-06-11,-6.59,5.34,,
2017-06-12,-7.09,2.17,,
2017-06-13,-6.47,1.61,,
2017-06-14,-5.56,1.70,,
2017-06-15,-6.23,0.65,,
2017-06-16,-4.68,0.49,,
2017-06-17,-7.08,-0.00,,
2017-06-18,-6.75,-1.31,,
2017-06-19,-1.16,8.22,,
2017-06-20,-4.70,11.07,,
2017-06-21,-3.38,10.41,,
2017-06-22,-6.58,6.58,,
2017-06-23,-6.74,2.86,,
2017-06-24,-6.26,2.92,,
2017-06-25,-4.82,0.34,,
2017-06-26,-4.47,0.71,,
2017-06-27,-4.09,1.91,,
2017-06-28,-4.85,2.06,,
2017-06-29,-5.77,4.04,,
2017-06-30,-5.98,-0.42,,
2017-07-01,-6.04,-0.21,,
2017-07-02,-5.60,-0.99,,
2017-07-03,-4.13,-1.58,,
2017-07-04,-5.86,0.20,,
2017-07-05,-6.22,-0.54,,
2017-07-06,-5.45,0.10,,
2017-07-07,-6.08,1.29,,
2017-07-08,-4.70,-1.90,,
2017-07-09,-4.81,-1.47,,
2017-07-10,-3.54,-1.43,,
2017-07-11,-4.05,-1.08,,
2017-07-12,-5.37,-0.95,,
2017-07-13,-3.60,-1.92,,
2017-07-14,-0.64,-2.23,,
2017-07-15,-2.71,-2.44,,
2017-07-16,-3.09,-0.49,,
2017-07-17,-3.40,1.89,,
2017-07-18,-5.38,1.44,,
2017-07-19,-4.75,-2.74,,
2017-07-20,-3.46,-2.00,,
2017-07-21,-3.97,-0.70,,
2017-07-22,-4.03,-1.55,,
2017-07-23,-4.63,-2.16,,
2017-07-24,-5.27,-0.00,,
2017-07-25,-5.64,-0.59,,
2017-07-26,-4.35,-2.51,,
2017-07-27,-3.59,-2.80,,
2017-07-28,-3.05,-1.62,,
2017-07-29,-3.20,-0.51,,
2017-07-30,-2.09,2.02,,
2017-07-31,-2.80,3.01,,
2017-08-01,-3.70,3.96,,
2017-08-02,-4.82,3.90,,
2017-08-03,-5.22,0.64,,
2017-08-04,-5.85,-0.51,,
2017-08-05,-4.44,-0.70,,
2017-08-06,-5.63,-1.30,,
2017-08-07,-8.23,-0.58,,
2017-08-08,-10.58,5.87,,
2017-08-09,-7.63,2.48,,
2017-08-10,-5.65,1.73,,
2017-08-11,-4.98,0.17,,
2017-08-12,-2.61,-3.46,,
2017-08-13,-4.32,-0.76,,
2017-08-14,-4.55,3.07,,
2017-08-15,-4.71,1.35,,
2017-08-16,-4.84,-1.30,,
2017-08-17,-4.86,-0.86,,
2017-08-18,-3.66,-2.12,,
2017-08-19,-3.47,-3.23,,
2017-08-20,-4.79,-3.61,,
2017-08-21,-6.33,-1.94,,
2017-08-22,-8.71,3.70,,
2017-08-23,-5.35,3.47,,
2017-08-24,-3.13,5.20,,
2017-08-25,-5.77,5.01,,
2017-08-26,-5.91,5.14,,
2017-08-27,-3.65,4.06,,
2017-08-28,-2.93,3.75,,
2017-08-29,-2.82,4.52,,
2017-08-30,-4.08,2.65,,
2017-08-31,-4.79,0.93,,
2017-09-01,-4.41,2.34,,
2017-09-02,-4.74,1.72,,
2017-09-03,-4.50,-0.08,,
2017-09-04,-5.04,-2.25,,
2017-09-05,-4.84,-0.25,,
2017-09-06,-3.06,0.27,,
2017-09-07,-3.41,-0.00,,
2017-09-08,-2.21,-3.27,,
2017-09-09,0.97,-6.91,,
2017-09-10,4.17,-5.53,,
2017-09-11,3.94,-2.18,,
2017-09-12,-1.03,-2.21,,
2017-09-13,-1.25,2.95,,
2017-09-14,-2.44,4.79,,
2017-09-15,-4.88,2.49,,
2017-09-16,-5.12,-0.90,,
2017-09-17,-4.96,-2.21,,
2017-09-18,-5.60,-0.39,,
2017-09-19,-4.26,-0.15,,
2017-09-20,-4.52,1.38,,
2017-09-21,-4.02,-0.57,,
2017-09-22,-3.78,-1.37,,
2017-09-23,-3.78,-2.46,,
2017-09-24,-3.84,-0.89,,
2017-09-25,-4.32,2.50,,
2017-09-26,-6.26,3.05,,
2017-09-27,-6.66,2.03,,
2017-09-28,-5.70,1.96,,
2017-09-29,-5.31,1.83,,
2017-09-30,-5.49,2.68,,
2017-10-01,-6.97,1.10,,
2017-10-02,-7.15,2.19,,
2017-10-03,-8.76,-0.46,,
2017-10-04,-6.86,-4.62,,
2017-10-05,-6.08,-3.80,,
2017-10-06,-3.31,-3.81,,
2017-10-07,3.84,7.23,,
2017-10-08,-1.66,5.43,,
2017-10-09,-5.18,3.49,,
2017-10-10,-5.05,-1.26,,
2017-10-11,-6.12,-1.64,,
2017-10-12,-5.22,-3.94,,
2017-10-13,-2.62,-5.62,,
2017-10-14,-1.90,1.97,,
2017-10-15,-3.66,-0.26,,
2017-10-16,-2.26,-2.34,,
2017-10-17,-2.39,-1.74,,
2017-10-18,-2.62,-1.97,,
2017-10-19,-4.46,-1.90,,
2017-10-20,-4.75,-2.02,,
2017-10-21,-4.99,-0.70,,
2017-10-22,-6.88,2.10,,
2017-10-23,-4.75,-2.63,,
2017-10-24,-3.06,-3.52,,
2017-10-25,-0.99,-9.43,,
2017-10-26,-1.91,-8.29,,
2017-10-27,-5.03,-3.14,,
2017-10-28,1.38,-7.08,,
2017-10-29,4.84,-5.56,,
2017-10-30,-1.60,-5.96,,
2017-10-31,-5.20,-3.00,,
2017-11-01,-4.42,-1.35,,
2017-11-02,-5.57,-2.14,,
2017-11-03,-5.68,-4.76,,
2017-11-04,-4.96,-5.32,,
2017-11-05,-5.33,-3.33,,
2017-11-06,-4.86,-3.80,,
2017-11-07,-4.25,-3.57,,
2017-11-08,-4.71,-3.30,,
2017-11-09,-3.65,-5.41,,
2017-11-10,-4.15,-7.80,,
2017-11-11,-7.60,-6.15,,
2017-11-12,-8.55,-5.77,,
2017-11-13,-5.57,-7.12,,
2017-11-14,-5.34,-6.59,,
2017-11-15,-4.60,-6.33,,
2017-11-16,-3.24,-6.65,,
2017-11-17,-2.83,-6.37,,
2017-11-18,-4.02,-1.79,,
2017-11-19,-2.38,-3.52,,
2017-11-20,-0.53,-4.33,,
2017-11-21,-2.44,-0.94,,
2017-11-22,-1.58,-0.70,,
2017-11-23,3.42,-0.18,,
2017-11-24,6.16,-4.31,,
2017-11-25,1.79,-4.01,,
2017-11-26,1.11,-4.79,,
2017-11-27,2.98,-3.95,,
2017-11-28,-2.87,-1.66,,
2017-11-29,-3.85,-0.40,,
2017-11-30,-1.91,-3.06,,
2017-12-01,-4.60,-4.00,,
2017-12-02,-6.04,-4.07,,
2017-12-03,-6.88,-3.21,,
2017-12-04,-7.65,-1.08,,
2017-12-05,-8.21,0.14,,
2017-12-06,-5.83,-0.51,,
2017-12-07,-4.05,0.94,,
2017-12-08,0.16,4.53,,
2017-12-09,7.89,-7.89,,
2017-12-10,2.07,-10.64,,
2017-12-11,0.29,-8.31,,
2017-12-12,1.55,-6.72,,
2017-12-13,4.59,-2.76,,
2017-12-14,-2.24,-2.16,,
2017-12-15,-6.52,-0.92,,
2017-12-16,-8.77,-2.68,,
2017-12-17,-7.88,0.55,,
2017-12-18,-8.38,0.29,,
2017-12-19,-8.71,-0.76,,
2017-12-20,-5.00,0.79,,
2017-12-21,-4.02,1.08,,
2017-12-22,-7.48,1.05,,
2017-12-23,-6.12,0.97,,
2017-12-24,-4.67,-0.82,,
2017-12-25,-4.74,-2.96,,
2017-12-26,-6.09,-2.59,,
2017-12-27,-6.52,-1.03,,
2017-12-28,-4.90,-2.71,,
2017-12-29,-4.36,-4.06,,
2017-12-30,-4.52,-1.73,,
2017-12-31,-5.15,-0.45,,
2018-01-01,-0.76,-4.79,,
2018-01-02,-2.78,-9.70,,
2018-01-03,-0.13,-7.34,,
2018-01-04,3.92,-7.08,,
2018-01-05,0.32,-6.12,,
2018-01-06,-5.66,-5.09,,
2018-01-07,-8.21,-3.66,,
2018-01-08,-6.67,0.58,,
2018-01-09,2.08,-2.76,,
2018-01-10,0.88,-3.80,,
2018-01-11,-4.77,4.61,,
2018-01-12,2.78,4.45,,
2018-01-13,5.09,-8.15,,
2018-01-14,0.97,-11.14,,
2018-01-15,-3.39,-9.32,,
2018-01-16,-5.64,-4.73,,
2018-01-17,-2.25,-7.85,,
2018-01-18,-5.19,-10.19,,
2018-01-19,-6.10,-6.10,,
2018-01-20,-6.12,-3.25,,
2018-01-21,-8.13,-1.73,,
2018-01-22,-6.65,2.82,,
2018-01-23,-3.97,-0.14,,
2018-01-24,-4.60,-4.44,,
2018-01-25,-7.67,-6.91,,
2018-01-26,-9.98,-2.86,,
2018-01-27,-10.95,-0.38,,
2018-01-28,-5.05,2.57,,
2018-01-29,0.58,-5.53,,
2018-01-30,-3.92,-10.21,,
2018-01-31,-6.85,-6.38,,
2018-02-01,-5.36,-0.56,,
2018-02-02,-5.06,-3.41,,
2018-02-03,-5.49,-2.92,,
2018-02-04,-4.93,4.28,,
2018-02-05,-4.07,2.25,,
2018-02-06,-6.33,0.11,,
2018-02-07,-7.76,2.52,,
2018-02-08,-6.46,-1.85,,
2018-02-09,-6.77,-1.44,,
2018-02-10,-7.67,2.95,,
2018-02-11,-7.25,5.66,,
2018-02-12,-7.72,3.12,,
2018-02-13,-7.79,-1.80,,
2018-02-14,-9.00,-0.95,,
2018-02-15,-7.97,-0.42,,
2018-02-16,-6.95,0.61,,
2018-02-17,-6.19,0.43,,
2018-02-18,-6.42,-0.11,,
2018-02-19,-8.01,1.41,,
2018-02-20,-9.11,3.14,,
2018-02-21,-9.72,2.97,,
2018-02-22,-8.82,1.72,,
2018-02-23,-8.34,1.17,,
2018-02-24,-7.73,2.07,,
2018-02-25,-6.11,3.97,,
2018-02-26,-5.46,2.43,,
2018-02-27,-5.70,-0.80,,
2018-02-28,-5.55,1.59,,
2018-03-01,-4.17,5.15,,
2018-03-02,-4.94,2.00,,
2018-03-03,-4.52,-3.66,,
2018-03-04,-4.67,-4.83,,
2018-03-05,-6.20,-0.33,,
2018-03-06,-4.43,5.10,,
2018-03-07,-2.95,3.77,,
2018-03-08,-3.14,-3.37,,
2018-03-09,-7.15,-2.32,,
2018-03-10,-6.98,5.86,,
2018-03-11,-2.80,6.60,,
2018-03-12,-0.74,5.24,,
2018-03-13,-4.39,-7.30,,
2018-03-14,-3.64,-6.85,,
2018-03-15,-5.66,-4.58,,
2018-03-16,-5.50,1.58,,
2018-03-17,-5.05,3.80,,
2018-03-18,-3.87,5.32,,
2018-03-19,-3.12,7.01,,
2018-03-20,-2.84,7.81,,
2018-03-21,-4.99,-1.92,,
2018-03-22,-5.71,-7.30,,
2018-03-23,-6.71,-6.26,,
2018-03-24,-7.20,0.63,,
2018-03-25,-6.23,3.60,,
2018-03-26,-7.68,2.64,,
2018-03-27,-9.10,1.93,,
2018-03-28,-9.49,3.08,,
2018-03-29,-7.91,7.38,,
2018-03-30,-5.72,4.47,,
2018-03-31,-5.16,-0.63,,
2018-04-01,-4.75,-2.32,,
2018-04-02,-5.65,0.69,,
2018-04-03,-6.83,3.19,,
2018-04-04,-6.44,3.14,,
2018-04-05,-5.06,-2.15,,
2018-04-06,-5.56,0.98,,
2018-04-07,-3.75,7.05,,
2018-04-08,-3.26,7.33,,
2018-04-09,-4.33,7.49,,
2018-04-10,-5.25,5.25,,
2018-04-11,-4.38,1.26,,
2018-04-12,-5.10,-0.18,,
2018-04-13,-6.51,2.76,,
2018-04-14,-6.80,6.80,,
2018-04-15,-3.99,7.20,,
2018-04-16,0.35,-10.10,,
2018-04-17,-4.38,-5.41,,
2018-04-18,-5.55,0.78,,
2018-04-19,-6.08,0.11,,
2018-04-20,-4.01,-3.13,,
2018-04-21,-6.37,-0.45,,
2018-04-22,-5.59,2.61,,
2018-04-23,-3.75,3.15,,
2018-04-24,-2.38,3.15,,
2018-04-25,-2.07,2.66,,
2018-04-26,-1.88,1.69,,
2018-04-27,2.15,3.43,,
2018-04-28,-3.08,-6.05,,
2018-04-29,-5.42,-3.66,,
2018-04-30,-4.97,-3.48,,
2018-05-01,-6.03,0.21,,
2018-05-02,-6.50,-1.03,,
2018-05-03,-6.27,-2.79,,
2018-05-04,-6.22,-1.78,,
2018-05-05,-6.14,-2.61,,
2018-05-06,-1.78,-7.14,,
2018-05-07,0.93,-6.63,,
2018-05-08,-2.44,-6.37,,
2018-05-09,-2.61,-3.46,,
2018-05-10,-4.60,-0.89,,
2018-05-11,-4.03,2.62,,
2018-05-12,-5.28,3.05,,
2018-05-13,-3.96,1.14,,
2018-05-14,-1.97,1.00,,
2018-05-15,-1.35,3.91,,
2018-05-16,-2.46,2.30,,
2018-05-17,-2.87,3.08,,
2018-05-18,-4.54,2.52,,
2018-05-19,-6.77,2.46,,
2018-05-20,-6.53,0.46,,
2018-05-21,-5.90,0.83,,
2018-05-22,-8.00,1.85,,
2018-05-23,-7.35,4.07,,
2018-05-24,-8.25,4.38,,
2018-05-25,-10.29,0.36,,
2018-05-26,-2.33,-5.23,,
2018-05-27,3.83,-0.07,,
2018-05-28,-0.71,3.65,,
2018-05-29,-3.73,5.33,,
2018-05-30,-5.18,6.64,,
2018-05-31,-7.40,4.63,,
2018-06-01,-6.51,1.62,,
2018-06-02,-4.54,0.32,,
2018-06-03,-3.89,-0.27,,
2018-06-04,-3.28,-0.00,,
2018-06-05,-3.55,1.29,,
2018-06-06,-3.27,4.34,,
2018-06-07,-5.45,3.15,,
2018-06-08,-6.33,1.58,,
2018-06-09,-4.95,-1.14,,
2018-06-10,-4.63,0.49,,
2018-06-11,-4.50,1.73,,
2018-06-12,-5.86,2.02,,
2018-06-13,-7.47,2.28,,
2018-06-14,-7.64,3.24,,
2018-06-15,-7.44,3.31,,
2018-06-16,-7.95,5.57,,
2018-06-17,-7.71,4.64,,
2018-06-18,-5.85,3.11,,
2018-06-19,-4.75,3.20,,
2018-06-20,-4.42,3.21,,
2018-06-21,-5.38,4.35,,
2018-06-22,-5.62,3.79,,
2018-06-23,-5.67,3.40,,
2018-06-24,-5.60,1.93,,
2018-06-25,-5.79,2.82,,
2018-06-26,-6.15,2.00,,
2018-06-27,-5.44,0.09,,
2018-06-28,-4.12,-0.36,,
2018-06-29,-4.00,-0.78,,
2018-06-30,-3.76,0.40,,
2018-07-01,-3.61,1.39,,
2018-07-02,-3.51,-0.88,,
2018-07-03,-2.62,-1.28,,
2018-07-04,-4.89,-0.17,,
2018-07-05,-4.72,-1.18,,
2018-07-06,-3.31,-1.83,,
2018-07-07,-2.93,-1.83,,
2018-07-08,-5.19,-1.10,,
2018-07-09,-5.29,-1.72,,
2018-07-10,-3.21,-3.82,,
2018-07-11,-3.30,-3.80,,
2018-07-12,-4.38,-0.85,,
2018-07-13,-4.54,-0.00,,
2018-07-14,-3.91,-3.91,,
2018-07-15,-3.47,-2.61,,
2018-07-16,-3.67,-0.19,,
2018-07-17,-3.33,-0.95,,
2018-07-18,-3.51,-1.56,,
2018-07-19,-3.01,0.53,,
2018-07-20,-2.23,-1.24,,
2018-07-21,-3.79,-1.69,,
2018-07-22,-3.65,-1.63,,
2018-07-23,-2.14,1.44,,
2018-07-24,-0.36,3.42,,
2018-07-25,-0.85,4.02,,
2018-07-26,-2.48,3.41,,
2018-07-27,-3.32,0.35,,
2018-07-28,-3.40,-0.36,,
2018-07-29,-3.44,1.83,,
2018-07-30,-3.75,3.50,,
2018-07-31,-5.88,3.82,,
2018-08-01,-4.59,4.13,,
2018-08-02,-4.58,1.85,,
2018-08-03,-5.72,-0.10,,
2018-08-04,-5.08,1.17,,
2018-08-05,-6.04,-0.21,,
2018-08-06,-5.80,-1.89,,
2018-08-07,-5.00,-0.09,,
2018-08-08,-4.90,1.31,,
2018-08-09,-5.47,0.29,,
2018-08-10,-4.13,-0.58,,
2018-08-11,-3.31,-1.68,,
2018-08-12,-5.60,-0.00,,
2018-08-13,-4.32,0.92,,
2018-08-14,-3.78,-1.15,,
2018-08-15,-4.47,-1.54,,
2018-08-16,-4.99,0.09,,
2018-08-17,-5.15,1.19,,
2018-08-18,-4.26,-1.47,,
2018-08-19,-3.90,-0.41,,
2018-08-20,-5.34,0.47,,
2018-08-21,-4.63,-1.33,,
2018-08-22,-3.61,-2.17,,
2018-08-23,-3.18,-2.49,,
2018-08-24,-2.81,-0.20,,
2018-08-25,-3.89,0.55,,
2018-08-26,-4.32,-0.76,,
2018-08-27,-5.50,-0.58,,
2018-08-28,-5.43,0.96,,
2018-08-29,-5.27,1.02,,
2018-08-30,-4.66,0.24,,
2018-08-31,-4.25,0.67,,
2018-09-01,-5.18,0.18,,
2018-09-02,-4.84,0.25,,
2018-09-03,-4.20,2.05,,
2018-09-04,-5.19,2.64,,
2018-09-05,-5.48,-1.16,,
2018-09-06,-4.64,-1.69,,
2018-09-07,-3.40,-0.66,,
2018-09-08,-2.23,2.85,,
2018-09-09,-3.51,3.05,,
2018-09-10,-7.40,2.84,,
2018-09-11,-5.78,5.78,,
2018-09-12,-5.33,4.16,,
2018-09-13,-5.28,2.13,,
2018-09-14,-4.54,0.72,,
2018-09-15,-2.94,-1.56,,
2018-09-16,-2.94,-2.65,,
2018-09-17,-3.51,-3.05,,
2018-09-18,-4.45,-3.00,,
2018-09-19,-6.30,0.55,,
2018-09-20,-6.02,3.20,,
2018-09-21,-5.33,-1.23,,
2018-09-22,-5.45,-1.36,,
2018-09-23,-3.91,0.48,,
2018-09-24,-4.52,-0.55,,
2018-09-25,-6.28,0.55,,
2018-09-26,-5.75,-0.40,,
2018-09-27,-6.20,-0.22,,
2018-09-28,-4.89,-0.26,,
2018-09-29,-5.68,-1.42,,
2018-09-30,-5.30,-1.32,,
2018-10-01,-6.45,-1.61,,
2018-10-02,-5.75,-2.56,,
2018-10-03,-6.34,-2.56,,
2018-10-04,-5.96,-3.44,,
2018-10-05,-6.98,-2.13,,
2018-10-06,-9.59,-1.52,,
2018-10-07,-11.15,-0.19,,
2018-10-08,-3.61,-11.11,,
2018-10-09,4.67,5.97,,
2018-10-10,-0.27,5.08,,
2018-10-11,-2.32,2.40,,
2018-10-12,-2.22,-1.13,,
2018-10-13,-1.59,-0.28,,
2018-10-14,-4.48,0.95,,
2018-10-15,-7.89,0.14,,
2018-10-16,-8.88,0.78,,
2018-10-17,-7.81,0.82,,
2018-10-18,-8.56,-0.45,,
2018-10-19,-9.10,-0.48,,
2018-10-20,-6.98,0.61,,
2018-10-21,-5.79,-1.55,,
2018-10-22,-5.85,-1.46,,
2018-10-23,-3.96,-1.85,,
2018-10-24,-2.81,-2.81,,
2018-10-25,-2.27,-2.05,,
2018-10-26,-0.67,-2.33,,
2018-10-27,-0.75,-3.84,,
2018-10-28,-5.35,-6.37,,
2018-10-29,-6.01,-6.01,,
2018-10-30,-6.03,-3.62,,
2018-10-31,-6.87,-0.72,,
2018-11-01,-5.88,4.59,,
2018-11-02,-2.22,4.99,,
2018-11-03,-4.07,-2.64,,
2018-11-04,-5.73,3.44,,
2018-11-05,-6.24,0.99,,
2018-11-06,-6.44,1.25,,
2018-11-07,-6.02,0.21,,
2018-11-08,-3.92,-0.48,,
2018-11-09,-3.37,-1.36,,
2018-11-10,-3.35,-3.47,,
2018-11-11,-5.11,-1.18,,
2018-11-12,-6.45,1.25,,
2018-11-13,-2.98,1.79,,
2018-11-14,-1.78,0.65,,
2018-11-15,2.70,-12.72,,
2018-11-16,-0.55,-10.45,,
2018-11-17,-4.08,-8.01,,
2018-11-18,-3.26,-5.43,,
2018-11-19,-3.83,-4.11,,
2018-11-20,-3.59,-3.99,,
2018-11-21,-4.36,-4.67,,
2018-11-22,-5.76,-4.50,,
2018-11-23,-5.15,-2.29,,
2018-11-24,-2.04,1.97,,
2018-11-25,-3.54,3.54,,
2018-11-26,-3.54,4.37,,
2018-11-27,2.07,-5.12,,
2018-11-28,-5.30,-8.16,,
2018-11-29,-8.25,-2.68,,
2018-11-30,-7.70,3.27,,
2018-12-01,-5.49,9.13,,
2018-12-02,-5.15,9.69,,
2018-12-03,-4.72,7.86,,
2018-12-04,-3.03,3.61,,
2018-12-05,-1.97,-2.62,,
2018-12-06,-8.67,-6.07,,
2018-12-07,-7.75,-3.13,,
2018-12-08,-7.96,1.40,,
2018-12-09,-0.60,4.89,,
2018-12-10,2.16,-8.65,,
2018-12-11,0.00,-10.55,,
2018-12-12,-5.80,-3.77,,
2018-12-13,-6.84,5.34,,
2018-12-14,-2.25,9.72,,
2018-12-15,4.25,-7.07,,
2018-12-16,3.74,-6.22,,
2018-12-17,2.18,-6.71,,
2018-12-18,-5.22,-4.70,,
2018-12-19,-5.34,7.09,,
2018-12-20,2.91,9.51,,
2018-12-21,8.00,-3.07,,
2018-12-22,4.26,-1.72,,
2018-12-23,-4.74,-2.96,,
2018-12-24,-6.89,-4.65,,
2018-12-25,-7.49,-2.87,,
2018-12-26,-8.91,-0.94,,
2018-12-27,-8.74,5.05,,
2018-12-28,-6.39,7.61,,
2018-12-29,-8.05,4.65,,
2018-12-30,-7.73,3.28,,
2018-12-31,-7.26,5.08,,
2019-01-01,-8.31,2.54,,
2019-01-02,-8.20,1.01,,
2019-01-03,-7.34,4.24,,
2019-01-04,-2.53,5.20,,
2019-01-05,-0.19,-3.63,,
2019-01-06,-3.87,-5.74,,
2019-01-07,-4.74,-2.31,,
2019-01-08,-5.10,-1.75,,
2019-01-09,-0.98,-5.56,,
2019-01-10,-1.07,-8.67,,
2019-01-11,-1.82,-5.29,,
2019-01-12,-5.08,1.75,,
2019-01-13,-3.69,-1.64,,
2019-01-14,-4.45,-3.60,,
2019-01-15,-4.17,-6.93,,
2019-01-16,-4.95,-6.57,,
2019-01-17,-4.56,-4.89,,
2019-01-18,-4.44,-1.88,,
2019-01-19,-4.59,4.59,,
2019-01-20,6.77,-5.29,,
2019-01-21,-0.24,-6.95,,
2019-01-22,-8.60,0.30,,
2019-01-23,-9.45,7.12,,
2019-01-24,-0.70,5.70,,
2019-01-25,-3.52,-3.40,,
2019-01-26,-6.42,-6.42,,
2019-01-27,5.66,3.96,,
2019-01-28,1.23,-8.72,,
2019-01-29,-4.64,0.16,,
2019-01-30,-2.42,-2.88,,
2019-01-31,-5.92,-1.92,,
2019-02-01,-7.04,2.15,,
2019-02-02,-4.71,1.35,,
2019-02-03,-4.50,2.10,,
2019-02-04,-5.09,2.27,,
2019-02-05,-6.65,2.03,,
2019-02-06,-7.16,0.75,,
2019-02-07,-8.36,1.93,,
2019-02-08,-7.39,-1.30,,
2019-02-09,-6.36,-3.38,,
2019-02-10,-8.32,-0.87,,
2019-02-11,-7.15,2.32,,
2019-02-12,-5.69,4.61,,
2019-02-13,-3.20,-6.57,,
2019-02-14,-3.23,-6.62,,
2019-02-15,-4.07,0.43,,
2019-02-16,-3.11,5.85,,
2019-02-17,-5.23,8.70,,
2019-02-18,-5.38,8.61,,
2019-02-19,-7.26,6.31,,
2019-02-20,-6.68,6.23,,
2019-02-21,-7.93,6.42,,
2019-02-22,-7.27,6.10,,
2019-02-23,-7.09,4.60,,
2019-02-24,-4.92,4.92,,
2019-02-25,-5.36,1.44,,
2019-02-26,-5.81,0.71,,
2019-02-27,-5.71,0.80,,
2019-02-28,-6.10,1.52,,
2019-03-01,-7.01,2.41,,
2019-03-02,-5.79,2.58,,
2019-03-03,-4.73,3.56,,
2019-03-04,-3.59,4.94,,
2019-03-05,-2.85,3.65,,
2019-03-06,-5.56,-7.12,,
2019-03-07,-7.11,-4.27,,
2019-03-08,-6.22,-0.65,,
2019-03-09,-7.21,3.52,,
2019-03-10,-7.40,3.45,,
2019-03-11,-7.36,0.13,,
2019-03-12,-6.17,-1.42,,
2019-03-13,-7.86,3.02,,
2019-03-14,-6.99,5.87,,
2019-03-15,-6.36,4.13,,
2019-03-16,-4.31,0.53,,
2019-03-17,-3.29,-0.29,,
2019-03-18,-2.90,0.51,,
2019-03-19,1.71,3.66,,
2019-03-20,-1.69,-7.32,,
2019-03-21,-2.03,-7.07,,
2019-03-22,-2.02,-6.60,,
2019-03-23,-4.73,-3.19,,
2019-03-24,-4.74,-1.72,,
2019-03-25,-5.02,-0.09,,
2019-03-26,-3.62,-4.98,,
2019-03-27,-1.66,-8.55,,
2019-03-28,-4.47,-6.62,,
2019-03-29,-6.27,-1.80,,
2019-03-30,-5.89,1.91,,
2019-03-31,-6.46,1.73,,
2019-04-01,-6.10,2.10,,
2019-04-02,-2.88,2.60,,
2019-04-03,-5.44,1.36,,
2019-04-04,-6.58,0.92,,
2019-04-05,-6.35,3.09,,
2019-04-06,-6.80,3.61,,
2019-04-07,-6.92,5.03,,
2019-04-08,-6.70,5.62,,
2019-04-09,-1.60,5.22,,
2019-04-10,0.08,-4.34,,
2019-04-11,-5.31,2.04,,
2019-04-12,-6.06,6.28,,
2019-04-13,-7.65,7.92,,
2019-04-14,-5.24,8.38,,
2019-04-15,-3.46,-1.40,,
2019-04-16,-6.68,-2.30,,
2019-04-17,-6.58,-0.11,,
2019-04-18,-6.12,6.12,,
2019-04-19,-3.32,7.46,,
2019-04-20,1.57,-8.06,,
2019-04-21,-3.45,-3.33,,
2019-04-22,-6.15,-0.32,,
2019-04-23,-6.67,1.06,,
2019-04-24,-7.09,2.31,,
2019-04-25,-5.72,6.13,,
2019-04-26,-3.38,6.64,,
2019-04-27,-3.00,3.57,,
2019-04-28,-4.86,3.53,,
2019-04-29,-6.72,1.06,,
2019-04-30,-7.34,0.13,,
2019-05-01,-7.02,0.86,,
2019-05-02,-5.77,1.99,,
2019-05-03,-6.05,3.35,,
2019-05-04,-6.26,6.04,,
2019-05-05,-4.52,6.70,,
2019-05-06,-4.98,4.98,,
2019-05-07,-5.27,2.92,,
2019-05-08,-5.18,2.53,,
2019-05-09,-5.59,6.21,,
2019-05-10,-6.37,4.63,,
2019-05-11,-5.48,4.13,,
2019-05-12,-4.11,6.58,,
2019-05-13,-3.29,6.18,,
2019-05-14,-4.15,4.95,,
2019-05-15,-4.57,3.57,,
2019-05-16,-4.75,1.36,,
2019-05-17,-5.48,1.89,,
2019-05-18,-6.25,4.22,,
2019-05-19,-6.04,5.07,,
2019-05-20,-6.57,2.66,,
2019-05-21,-6.01,3.06,,
2019-05-22,-7.20,3.83,,
2019-05-23,-7.44,0.78,,
2019-05-24,-6.67,-0.94,,
2019-05-25,-6.94,-2.39,,
2019-05-26,-6.49,-1.50,,
2019-05-27,-7.33,0.26,,
2019-05-28,-6.56,-0.34,,
2019-05-29,-6.12,1.87,,
2019-05-30,-5.72,3.44,,
2019-05-31,-6.60,3.22,,
2019-06-01,-6.04,2.81,,
2019-06-02,-5.15,2.98,,
2019-06-03,-5.14,3.88,,
2019-06-04,-5.07,3.42,,
2019-06-05,-4.89,3.55,,
2019-06-06,-3.95,4.71,,
2019-06-07,-3.20,6.01,,
2019-06-08,-3.38,6.93,,
2019-06-09,-3.93,6.29,,
2019-06-10,-3.50,5.19,,
2019-06-11,-2.80,3.33,,
2019-06-12,-3.60,3.13,,
2019-06-13,-3.80,3.93,,
2019-06-14,-5.19,0.09,,
2019-06-15,-4.60,-1.41,,
2019-06-16,-5.06,1.17,,
2019-06-17,-4.66,3.78,,
2019-06-18,-5.13,4.78,,
2019-06-19,-4.68,3.93,,
2019-06-20,-4.96,3.88,,
2019-06-21,-5.97,2.29,,
2019-06-22,-5.99,2.30,,
2019-06-23,-5.65,3.13,,
2019-06-24,-3.53,1.72,,
2019-06-25,-4.92,1.14,,
2019-06-26,-5.57,-0.29,,
2019-06-27,-4.34,-2.61,,
2019-06-28,-3.24,-3.13,,
2019-06-29,-3.30,-1.76,,
2019-06-30,-4.24,2.35,,
2019-07-01,-4.68,-0.25,,
2019-07-02,-3.77,-0.87,,
2019-07-03,-3.59,-1.45,,
2019-07-04,-3.75,-3.04,,
2019-07-05,-3.41,1.24,,
2019-07-06,-3.34,0.96,,
2019-07-07,-3.58,-0.63,,
2019-07-08,-2.12,-0.65,,
2019-07-09,-1.76,1.53,,
2019-07-10,-2.93,3.25,,
2019-07-11,-2.63,5.16,,
2019-07-12,-3.06,7.58,,
2019-07-13,-5.09,3.70,,
2019-07-14,-5.43,2.09,,
2019-07-15,-5.90,0.52,,
2019-07-16,-5.16,1.58,,
2019-07-17,-4.36,-0.38,,
2019-07-18,-4.38,0.62,,
2019-07-19,-4.89,-1.04,,
2019-07-20,-4.87,-0.08,,
2019-07-21,-4.40,1.18,,
2019-07-22,-4.03,0.64,,
2019-07-23,-2.85,-0.00,,
2019-07-24,-2.54,1.65,,
2019-07-25,-3.74,3.74,,
2019-07-26,-5.44,1.46,,
2019-07-27,-5.05,-2.35,,
2019-07-28,-4.65,-1.97,,
2019-07-29,-3.86,-3.02,,
2019-07-30,-3.33,-3.45,,
2019-07-31,-3.96,-2.57,,
2019-08-01,-3.05,-2.38,,
2019-08-02,-1.71,-3.51,,
2019-08-03,-2.77,1.47,,
2019-08-04,-4.01,3.36,,
2019-08-05,-5.27,2.46,,
2019-08-06,-4.15,0.51,,
2019-08-07,-3.62,-0.51,,
2019-08-08,-4.55,-0.48,,
2019-08-09,-5.02,2.34,,
2019-08-10,-3.40,1.51,,
2019-08-11,-3.95,-0.70,,
2019-08-12,-3.49,-1.34,,
2019-08-13,-3.20,-1.04,,
2019-08-14,-4.03,0.64,,
2019-08-15,-3.06,2.56,,
2019-08-16,-4.15,2.30,,
2019-08-17,-5.74,4.48,,
2019-08-18,-7.08,3.00,,
2019-08-19,-7.26,0.51,,
2019-08-20,-6.11,-0.00,,
2019-08-21,-6.21,2.64,,
2019-08-22,-4.84,1.86,,
2019-08-23,-3.15,1.02,,
2019-08-24,-2.04,-0.25,,
2019-08-25,-2.38,1.86,,
2019-08-26,-4.21,3.79,,
2019-08-27,-4.81,3.00,,
2019-08-28,-3.38,0.84,,
2019-08-29,-1.01,-3.54,,
2019-08-30,0.68,-4.82,,
2019-08-31,1.29,-1.92,,
2019-09-01,0.33,3.73,,
2019-09-02,-0.51,4.87,,
2019-09-03,-1.38,3.79,,
2019-09-04,-1.52,3.26,,
2019-09-05,-3.36,1.78,,
2019-09-06,-3.06,-0.60,,
2019-09-07,-1.99,-2.73,,
2019-09-08,-2.33,-2.18,,
2019-09-09,-4.90,-0.95,,
2019-09-10,-6.55,-0.11,,
2019-09-11,-6.31,-2.17,,
2019-09-12,-5.46,-3.69,,
2019-09-13,-3.73,-3.73,,
2019-09-14,-1.78,-2.54,,
2019-09-15,-0.36,2.59,,
2019-09-16,-3.46,1.26,,
2019-09-17,-4.10,-1.10,,
2019-09-18,-2.41,-4.36,,
2019-09-19,-5.53,-4.32,,
2019-09-20,-6.15,-3.99,,
2019-09-21,-5.99,-2.06,,
2019-09-22,-4.70,-1.62,,
2019-09-23,-2.66,-1.30,,
2019-09-24,-2.47,-0.35,,
2019-09-25,-2.67,0.19,,
2019-09-26,-4.47,-0.23,,
2019-09-27,-4.55,-0.00,,
2019-09-28,-6.02,2.94,,
2019-09-29,-5.90,1.15,,
2019-09-30,-6.34,-3.66,,
2019-10-01,-6.99,-4.89,,
2019-10-02,-5.22,-3.93,,
2019-10-03,-2.67,-3.81,,
2019-10-04,-1.66,-0.23,,
2019-10-05,-1.79,-1.79,,
2019-10-06,-2.80,-1.55,,
2019-10-07,-2.70,-2.19,,
2019-10-08,-0.50,2.59,,
2019-10-09,-3.72,1.43,,
2019-10-10,-4.83,-0.25,,
2019-10-11,-4.93,-1.99,,
2019-10-12,-4.51,-2.40,,
2019-10-13,-4.89,-1.31,,
2019-10-14,-5.96,-1.38,,
2019-10-15,-8.51,2.60,,
2019-10-16,-5.53,5.34,,
2019-10-17,-3.99,6.14,,
2019-10-18,-2.36,8.81,,
2019-10-19,0.27,7.71,,
2019-10-20,-2.58,6.39,,
2019-10-21,-4.59,5.28,,
2019-10-22,-5.79,2.82,,
2019-10-23,-6.44,-1.37,,
2019-10-24,-7.96,0.84,,
2019-10-25,-7.08,3.77,,
2019-10-26,-3.05,3.90,,
2019-10-27,-3.85,0.75,,
2019-10-28,-4.22,4.22,,
2019-10-29,-5.33,2.37,,
2019-10-30,-6.16,1.42,,
2019-10-31,-5.25,0.18,,
2019-11-01,-3.44,-3.21,,
2019-11-02,-4.48,-4.18,,
2019-11-03,-4.43,-6.82,,
2019-11-04,-5.80,-1.89,,
2019-11-05,-5.53,-0.68,,
2019-11-06,-6.86,-2.36,,
2019-11-07,-6.49,-1.99,,
2019-11-08,-2.59,-4.30,,
2019-11-09,-0.68,-6.47,,
2019-11-10,-4.69,-5.58,,
2019-11-11,-6.62,0.23,,
2019-11-12,-3.78,1.15,,
2019-11-13,-4.49,-4.65,,
2019-11-14,-4.96,-0.00,,
2019-11-15,4.98,2.11,,
2019-11-16,0.79,-11.32,,
2019-11-17,2.83,-6.67,,
2019-11-18,3.00,-5.65,,
2019-11-19,2.42,-4.19,,
2019-11-20,-5.38,-3.91,,
2019-11-21,-7.47,-2.43,,
2019-11-22,-6.78,-0.47,,
2019-11-23,-4.40,0.70,,
2019-11-24,0.85,-3.40,,
2019-11-25,-0.19,-2.66,,
2019-11-26,-5.76,2.45,,
2019-11-27,-7.12,1.91,,
2019-11-28,-7.61,-2.77,,
2019-11-29,-5.24,-3.03,,
2019-11-30,-5.57,-1.08,,
2019-12-01,-4.06,3.06,,
2019-12-02,0.08,-4.72,,
2019-12-03,1.35,-6.93,,
2019-12-04,1.40,-4.59,,
2019-12-05,-0.56,-4.01,,
2019-12-06,-4.31,-1.66,,
2019-12-07,-1.23,-4.31,,
2019-12-08,-2.87,-3.08,,
2019-12-09,-5.62,0.69,,
2019-12-10,-6.56,3.49,,
2019-12-11,-5.04,-0.71,,
2019-12-12,-5.47,-2.55,,
2019-12-13,-3.98,2.58,,
2019-12-14,3.20,0.56,,
2019-12-15,-4.73,-0.58,,
2019-12-16,-8.10,3.44,,
2019-12-17,-5.18,4.19,,
2019-12-18,1.46,-7.50,,
2019-12-19,-2.69,-12.64,,
2019-12-20,-1.16,-8.23,,
2019-12-21,-3.90,1.19,,
2019-12-22,3.14,-2.82,,
2019-12-23,5.17,-7.67,,
2019-12-24,6.84,-2.09,,
2019-12-25,3.68,-4.09,,
2019-12-26,-0.05,-2.79,,
2019-12-27,-1.63,-0.47,,
2019-12-28,-1.59,1.20,,
2019-12-29,-3.39,6.11,,
2019-12-30,-2.86,3.66,,
2019-12-31,-1.67,-1.73,,
2020-01-01,-5.10,-0.45,,
2020-01-02,-5.57,5.97,,
2020-01-03,-5.59,10.08,,
2020-01-04,-1.61,6.98,,
2020-01-05,-1.44,-10.26,,
2020-01-06,-4.67,-5.77,,
2020-01-07,-1.98,-5.76,,
2020-01-08,-6.48,-7.19,,
2020-01-09,-9.42,-0.49,,
2020-01-10,-11.35,2.62,,
2020-01-11,-9.03,4.60,,
2020-01-12,-8.72,2.50,,
2020-01-13,-8.75,-0.00,,
2020-01-14,-8.26,0.43,,
2020-01-15,-8.30,-0.29,,
2020-01-16,-8.46,-2.43,,
2020-01-17,-10.09,-2.89,,
2020-01-18,-9.78,0.51,,
2020-01-19,-5.89,1.25,,
2020-01-20,-1.43,-6.20,,
2020-01-21,-1.42,-11.60,,
2020-01-22,-1.78,-8.37,,
2020-01-23,-4.79,-1.74,,
2020-01-24,-1.76,-3.60,,
2020-01-25,-1.43,-6.18,,
2020-01-26,-6.43,-1.13,,
2020-01-27,-1.06,6.01,,
2020-01-28,0.55,3.11,,
2020-01-29,-1.33,5.33,,
2020-01-30,-0.21,-4.00,,
2020-01-31,-4.10,4.89,,
2020-02-01,6.51,0.34,,
2020-02-02,0.00,-9.51,,
2020-02-03,-6.25,-0.88,,
2020-02-04,-6.62,3.82,,
2020-02-05,-5.54,8.22,,
2020-02-06,-3.76,11.57,,
2020-02-07,0.61,-8.77,,
2020-02-08,-7.27,-1.68,,
2020-02-09,-8.45,0.74,,
2020-02-10,-8.62,2.97,,
2020-02-11,-7.23,4.01,,
2020-02-12,-7.20,5.83,,
2020-02-13,-6.44,6.91,,
2020-02-14,-5.19,3.24,,
2020-02-15,-6.26,-2.28,,
2020-02-16,-5.55,-0.58,,
2020-02-17,-5.76,1.02,,
2020-02-18,-7.23,1.80,,
2020-02-19,-7.09,-0.12,,
2020-02-20,-4.66,-2.27,,
2020-02-21,-1.77,-6.62,,
2020-02-22,-2.61,-10.46,,
2020-02-23,-4.61,-5.49,,
2020-02-24,-6.72,4.36,,
2020-02-25,-4.65,8.39,,
2020-02-26,-2.94,7.29,,
2020-02-27,0.21,-11.75,,
2020-02-28,0.00,-9.47,,
2020-02-29,-3.16,-8.69,,
2020-03-01,-7.31,-1.42,,
2020-03-02,-6.35,5.33,,
2020-03-03,-6.15,8.46,,
2020-03-04,-6.73,8.61,,
2020-03-05,-4.12,7.14,,
2020-03-06,-1.41,-6.12,,
2020-03-07,-4.83,-9.49,,
2020-03-08,-9.45,-4.01,,
2020-03-09,-9.63,-1.35,,
2020-03-10,-6.57,-1.52,,
2020-03-11,-4.91,-1.99,,
2020-03-12,-5.17,-1.29,,
2020-03-13,-6.02,0.11,,
2020-03-14,-7.43,0.39,,
2020-03-15,-6.47,-0.23,,
2020-03-16,-6.45,-0.56,,
2020-03-17,-6.40,-0.11,,
2020-03-18,-7.89,2.26,,
2020-03-19,-8.13,2.03,,
2020-03-20,-7.72,3.12,,
2020-03-21,-7.04,0.74,,
2020-03-22,-6.70,-1.42,,
2020-03-23,-6.26,0.66,,
2020-03-24,-5.57,3.90,,
2020-03-25,-3.93,5.41,,
2020-03-26,-4.01,3.37,,
2020-03-27,-5.57,3.22,,
2020-03-28,-7.45,4.48,,
2020-03-29,-7.67,3.42,,
2020-03-30,-6.94,2.81,,
2020-03-31,-4.18,4.99,,
2020-04-01,-0.74,5.27,,
2020-04-02,-3.03,3.03,,
2020-04-03,-4.15,4.45,,
2020-04-04,-4.36,4.52,,
2020-04-05,-4.21,5.39,,
2020-04-06,-3.84,3.98,,
2020-04-07,-5.60,2.38,,
2020-04-08,-3.95,3.44,,
2020-04-09,-2.99,5.86,,
2020-04-10,-2.20,6.76,,
2020-04-11,-3.71,7.29,,
2020-04-12,-5.80,8.93,,
2020-04-13,-5.20,9.01,,
2020-04-14,-4.64,7.71,,
2020-04-15,-3.71,7.96,,
2020-04-16,-2.92,6.26,,
2020-04-17,-5.02,4.07,,
2020-04-18,-4.09,4.09,,
2020-04-19,-4.98,6.38,,
2020-04-20,-2.79,8.59,,
2020-04-21,-4.03,5.55,,
2020-04-22,-6.69,3.56,,
2020-04-23,-5.66,9.80,,
2020-04-24,-4.06,10.04,,
2020-04-25,-3.99,7.82,,
2020-04-26,-4.42,5.86,,
2020-04-27,-5.75,-0.10,,
2020-04-28,-7.17,-0.38,,
2020-04-29,-5.89,3.98,,
2020-04-30,-1.48,4.83,,
2020-05-01,-2.96,-4.92,,
2020-05-02,-6.94,-2.39,,
2020-05-03,-5.59,-0.10,,
2020-05-04,-5.51,0.19,,
2020-05-05,-5.85,1.90,,
2020-05-06,-5.13,0.09,,
2020-05-07,-4.81,-4.99,,
2020-05-08,-7.70,-1.50,,
2020-05-09,-6.58,0.69,,
2020-05-10,-4.27,3.85,,
2020-05-11,-2.49,-5.87,,
2020-05-12,-7.71,-3.12,,
2020-05-13,-6.41,2.46,,
2020-05-14,-6.12,2.11,,
2020-05-15,-5.34,1.84,,
2020-05-16,-5.26,4.26,,
2020-05-17,-5.22,5.40,,
2020-05-18,-3.14,5.44,,
2020-05-19,-0.84,3.97,,
2020-05-20,-4.12,4.12,,
2020-05-21,-6.25,4.71,,
2020-05-22,-7.00,5.08,,
2020-05-23,-7.27,2.94,,
2020-05-24,-4.27,2.88,,
2020-05-25,-1.02,4.08,,
2020-05-26,-2.74,5.62,,
2020-05-27,-3.44,4.74,,
2020-05-28,-5.18,3.49,,
2020-05-29,-4.67,1.34,,
2020-05-30,-5.19,0.45,,
2020-05-31,-5.98,0.84,,
2020-06-01,-7.47,2.72,,
2020-06-02,-8.93,3.97,,
2020-06-03,-9.50,3.65,,
2020-06-04,-10.25,4.14,,
2020-06-05,-10.83,10.45,,
2020-06-06,-1.48,14.04,,
2020-06-07,-0.64,9.13,,
2020-06-08,-3.99,6.90,,
2020-06-09,-6.42,6.65,,
2020-06-10,-5.81,4.22,,
2020-06-11,-3.97,-2.11,,
2020-06-12,-3.21,-2.79,,
2020-06-13,-2.65,-1.72,,
2020-06-14,-1.61,1.05,,
2020-06-15,-4.42,-0.39,,
2020-06-16,-4.93,-0.34,,
2020-06-17,-4.50,0.31,,
2020-06-18,-4.25,0.30,,
2020-06-19,-5.74,-1.32,,
2020-06-20,-4.73,0.58,,
2020-06-21,-5.23,1.11,,
2020-06-22,-5.68,1.10,,
2020-06-23,-5.58,2.03,,
2020-06-24,-5.91,2.03,,
2020-06-25,-4.89,1.59,,
2020-06-26,-6.60,0.12,,
2020-06-27,-6.31,-0.00,,
2020-06-28,-5.31,1.62,,
2020-06-29,-4.96,1.33,,
2020-06-30,-4.73,-0.33,,
2020-07-01,-4.98,-0.17,,
2020-07-02,-4.98,0.79,,
2020-07-03,-2.89,-0.25,,
2020-07-04,-1.76,-0.97,,
2020-07-05,-2.87,2.09,,
2020-07-06,-4.15,3.87,,
2020-07-07,-4.97,-0.52,,
2020-07-08,-4.15,-0.96,,
2020-07-09,-4.90,-1.50,,
2020-07-10,-5.65,0.79,,
2020-07-11,-3.39,1.17,,
2020-07-12,-2.15,0.74,,
2020-07-13,-2.51,1.89,,
2020-07-14,-4.39,0.54,,
2020-07-15,-4.78,-0.76,,
2020-07-16,-3.99,-2.59,,
2020-07-17,-4.75,-2.85,,
2020-07-18,-5.24,0.37,,
2020-07-19,-3.52,1.28,,
2020-07-20,-3.46,-0.86,,
2020-07-21,-3.69,0.06,,
2020-07-22,-2.40,3.84,,
2020-07-23,-3.32,4.92,,
2020-07-24,-4.96,3.34,,
2020-07-25,-5.91,3.41,,
2020-07-26,-6.57,3.95,,
2020-07-27,-6.97,3.86,,
2020-07-28,-6.19,1.09,,
2020-07-29,-7.03,0.74,,
2020-07-30,-5.72,-1.53,,
2020-07-31,-4.31,-3.75,,
2020-08-01,-3.95,-4.87,,
2020-08-02,-4.13,-3.35,,
2020-08-03,-2.80,-1.37,,
2020-08-04,-2.61,-1.27,,
2020-08-05,-3.83,0.27,,
2020-08-06,-4.94,2.41,,
2020-08-07,-6.29,0.77,,
2020-08-08,-6.26,-1.44,,
2020-08-09,-6.24,-0.00,,
2020-08-10,-5.02,-2.13,,
2020-08-11,-4.52,-2.01,,
2020-08-12,-4.32,-1.92,,
2020-08-13,-5.00,-0.61,,
2020-08-14,-4.00,-1.38,,
2020-08-15,-3.50,-1.48,,
2020-08-16,-2.34,-2.59,,
2020-08-17,-2.01,-2.77,,
2020-08-18,-1.10,-3.21,,
2020-08-19,-1.27,-1.88,,
2020-08-20,-2.86,0.40,,
2020-08-21,-4.90,2.08,,
2020-08-22,-6.65,-1.29,,
2020-08-23,0.55,5.24,,
2020-08-24,-0.34,-3.23,,
2020-08-25,4.50,6.20,,
2020-08-26,-4.85,6.44,,
2020-08-27,-6.20,4.18,,
2020-08-28,-6.87,6.63,,
2020-08-29,-5.42,5.81,,
2020-08-30,-3.55,4.54,,
2020-08-31,-3.32,3.20,,
2020-09-01,-5.33,-0.75,,
2020-09-02,-5.98,-2.54,,
2020-09-03,-6.72,-0.59,,
2020-09-04,-6.74,-0.12,,
2020-09-05,-7.05,-0.37,,
2020-09-06,-5.81,-2.23,,
2020-09-07,-3.14,-3.61,,
2020-09-08,-1.65,-1.96,,
2020-09-09,-2.27,1.36,,
2020-09-10,-3.41,1.04,,
2020-09-11,-1.86,-0.71,,
2020-09-12,1.74,-1.13,,
2020-09-13,0.07,3.78,,
2020-09-14,0.10,5.64,,
2020-09-15,-2.27,6.60,,
2020-09-16,-2.31,5.44,,
2020-09-17,-3.09,4.94,,
2020-09-18,-2.92,4.86,,
2020-09-19,-2.34,5.79,,
2020-09-20,-1.77,3.81,,
2020-09-21,-2.33,-2.33,,
2020-09-22,-2.44,-3.01,,
2020-09-23,-3.41,-1.66,,
2020-09-24,-3.20,-0.34,,
2020-09-25,-2.77,2.77,,
2020-09-26,-4.44,3.99,,
2020-09-27,-4.53,4.22,,
2020-09-28,-5.04,2.14,,
2020-09-29,-3.83,-0.00,,
2020-09-30,-3.01,-3.01,,
2020-10-01,-3.88,-1.73,,
2020-10-02,-5.76,-3.74,,
2020-10-03,-15.58,0.27,,
2020-10-04,-0.47,13.54,,
2020-10-05,3.36,7.21,,
2020-10-06,-5.02,4.69,,
2020-10-07,-9.10,12.08,,
2020-10-08,-1.47,9.27,,
2020-10-09,-4.03,2.14,,
2020-10-10,-1.47,5.50,,
2020-10-11,-2.78,3.08,,
2020-10-12,-4.23,0.22,,
2020-10-13,-4.40,-3.96,,
2020-10-14,-4.27,-4.74,,
2020-10-15,-2.38,-2.65,,
2020-10-16,-3.54,-1.58,,
2020-10-17,-4.73,-3.83,,
2020-10-18,-5.16,-3.48,,
2020-10-19,-3.59,-6.75,,
2020-10-20,-3.67,-2.97,,
2020-10-21,-4.97,1.15,,
2020-10-22,-4.09,0.07,,
2020-10-23,-3.20,-1.29,,
2020-10-24,-1.75,-4.55,,
2020-10-25,-0.43,-6.14,,
2020-10-26,-9.20,-4.69,,
2020-10-27,-12.86,11.99,,
2020-10-28,-5.15,7.64,,
2020-10-29,-3.46,0.36,,
2020-10-30,-2.37,-4.86,,
2020-10-31,-5.00,-5.18,,
2020-11-01,-3.86,-8.28,,
2020-11-02,-4.96,-9.73,,
2020-11-03,-6.85,-10.54,,
2020-11-04,-9.59,-8.94,,
2020-11-05,-9.36,-4.37,,
2020-11-06,-8.67,-1.68,,
2020-11-07,-4.87,-5.22,,
2020-11-08,4.05,-6.49,,
2020-11-09,5.65,-7.23,,
2020-11-10,10.81,1.14,,
2020-11-11,6.11,3.39,,
2020-11-12,2.80,-1.89,,
2020-11-13,-4.02,-4.62,,
2020-11-14,-4.95,-2.98,,
2020-11-15,-4.95,-0.00,,
2020-11-16,-6.21,-3.30,,
2020-11-17,-8.28,-6.71,,
2020-11-18,-9.83,-7.68,,
2020-11-19,-11.13,-4.50,,
2020-11-20,-10.27,-5.23,,
2020-11-21,-9.26,-5.79,,
2020-11-22,-5.92,-3.85,,
2020-11-23,-4.85,-5.58,,
2020-11-24,-7.24,-3.38,,
2020-11-25,-6.64,0.93,,
2020-11-26,-6.79,-0.00,,
2020-11-27,-6.16,-0.32,,
2020-11-28,-5.56,0.19,,
2020-11-29,-5.79,2.34,,
2020-11-30,3.70,0.32,,
2020-12-01,-2.13,-10.97,,
2020-12-02,-8.39,-3.73,,
2020-12-03,-10.19,-0.18,,
2020-12-04,-6.50,3.90,,
2020-12-05,-0.36,4.16,,
2020-12-06,-1.97,4.43,,
2020-12-07,6.53,-3.47,,
2020-12-08,3.60,-8.92,,
2020-12-09,1.41,-7.26,,
2020-12-10,-3.60,-3.48,,
2020-12-11,-5.84,-0.10,,
2020-12-12,-4.13,0.80,,
2020-12-13,-5.59,1.82,,
2020-12-14,-3.08,3.19,,
2020-12-15,-3.21,1.11,,
2020-12-16,-3.35,4.44,,
2020-12-17,-0.55,-3.14,,
2020-12-18,-6.73,-6.97,,
2020-12-19,-7.22,-3.68,,
2020-12-20,-4.42,0.94,,
2020-12-21,0.06,-3.55,,
2020-12-22,-5.76,-6.18,,
2020-12-23,-5.95,-0.94,,
2020-12-24,-3.67,4.87,,
2020-12-25,0.78,-11.09,,
2020-12-26,-0.91,-8.61,,
2020-12-27,-4.89,-3.56,,
2020-12-28,-6.44,-4.85,,
2020-12-29,-8.40,-2.57,,
2020-12-30,-8.76,1.55,,
2020-12-31,-7.39,8.21,,
2021-01-01,-6.84,8.75,,
2021-01-02,-5.75,5.96,,
2021-01-03,-3.47,1.77,,
2021-01-04,-1.50,-1.21,,
2021-01-05,-4.01,-7.54,,
2021-01-06,-5.97,-3.45,,
2021-01-07,-3.66,1.33,,
2021-01-08,3.93,-4.86,,
2021-01-09,0.94,-7.62,,
2021-01-10,-6.21,-2.89,,
2021-01-11,-6.70,-0.70,,
2021-01-12,-7.56,-3.69,,
2021-01-13,-6.90,-0.85,,
2021-01-14,2.24,-6.15,,
2021-01-15,-0.49,-5.64,,
2021-01-16,2.86,-8.30,,
2021-01-17,1.39,-5.20,,
2021-01-18,-1.40,-4.57,,
2021-01-19,-8.51,-2.12,,
2021-01-20,-8.65,-3.32,,
2021-01-21,-5.79,-2.58,,
2021-01-22,-3.95,2.37,,
2021-01-23,-3.90,2.08,,
2021-01-24,-6.95,1.35,,
2021-01-25,-7.46,4.84,,
2021-01-26,-6.62,7.36,,
2021-01-27,-6.25,6.25,,
2021-01-28,-4.74,-2.96,,
2021-01-29,-7.16,-6.45,,
2021-01-30,-7.61,0.27,,
2021-01-31,-6.01,3.33,,
2021-02-01,2.54,-5.46,,
2021-02-02,2.92,-9.00,,
2021-02-03,2.06,-4.41,,
2021-02-04,-5.30,0.65,,
2021-02-05,-4.86,7.20,,
2021-02-06,-4.60,8.64,,
2021-02-07,-2.11,7.88,,
2021-02-08,-5.10,5.66,,
2021-02-09,-7.63,2.93,,
2021-02-10,-6.67,1.54,,
2021-02-11,-6.20,3.72,,
2021-02-12,-5.65,6.28,,
2021-02-13,-4.05,8.68,,
2021-02-14,-0.76,7.26,,
2021-02-15,-3.02,7.12,,
2021-02-16,3.01,-6.75,,
2021-02-17,-5.66,6.51,,
2021-02-18,-5.48,9.48,,
2021-02-19,-1.01,7.17,,
2021-02-20,-1.69,-10.69,,
2021-02-21,-5.23,-5.23,,
2021-02-22,-4.81,-0.25,,
2021-02-23,-4.11,-3.58,,
2021-02-24,-6.01,-0.84,,
2021-02-25,-6.77,-1.94,,
2021-02-26,-7.60,0.40,,
2021-02-27,-7.78,3.96,,
2021-02-28,-8.54,4.73,,
2021-03-01,-6.59,4.78,,
2021-03-02,-5.82,2.59,,
2021-03-03,-1.75,3.29,,
2021-03-04,0.00,-3.53,,
2021-03-05,-4.02,-2.61,,
2021-03-06,-2.64,2.93,,
2021-03-07,-0.29,-8.29,,
2021-03-08,-6.06,-6.73,,
2021-03-09,-9.49,-4.23,,
2021-03-10,-9.51,-1.34,,
2021-03-11,-9.27,-0.00,,
2021-03-12,-8.18,-1.00,,
2021-03-13,-7.39,-0.65,,
2021-03-14,-7.00,2.69,,
2021-03-15,-7.00,4.21,,
2021-03-16,-7.03,6.11,,
2021-03-17,-7.28,7.81,,
2021-03-18,-4.69,6.00,,
2021-03-19,-0.42,-3.97,,
2021-03-20,-1.38,-6.50,,
2021-03-21,-3.55,-3.80,,
2021-03-22,-5.10,-0.90,,
2021-03-23,-6.20,6.42,,
2021-03-24,-5.82,8.96,,
2021-03-25,-6.74,8.63,,
2021-03-26,-6.07,6.74,,
2021-03-27,-7.18,3.50,,
2021-03-28,-6.18,4.17,,
2021-03-29,-5.60,-0.69,,
2021-03-30,-5.25,1.02,,
2021-03-31,-5.12,1.37,,
2021-04-01,-3.26,-4.48,,
2021-04-02,-3.49,-10.73,,
2021-04-03,-6.37,-5.94,,
2021-04-04,-7.86,-3.66,,
2021-04-05,-6.21,-2.51,,
2021-04-06,-6.56,0.57,,
2021-04-07,-7.30,2.37,,
2021-04-08,-5.19,4.06,,
2021-04-09,-5.86,6.06,,
2021-04-10,-5.86,8.07,,
2021-04-11,-3.93,8.82,,
2021-04-12,-3.67,6.62,,
2021-04-13,-5.86,3.12,,
2021-04-14,-6.17,3.01,,
2021-04-15,-5.46,4.92,,
2021-04-16,-4.35,7.85,,
2021-04-17,-4.10,8.05,,
2021-04-18,-4.63,7.40,,
2021-04-19,-2.22,7.73,,
2021-04-20,-1.78,7.72,,
2021-04-21,-2.46,5.27,,
2021-04-22,-3.75,3.14,,
2021-04-23,-5.27,3.42,,
2021-04-24,-5.34,7.08,,
2021-04-25,-3.66,6.59,,
2021-04-26,-5.14,4.01,,
2021-04-27,-6.46,1.73,,
2021-04-28,-6.22,1.90,,
2021-04-29,-5.77,5.98,,
2021-04-30,-6.33,3.80,,
2021-05-01,-5.76,2.45,,
2021-05-02,-5.61,6.23,,
2021-05-03,-5.78,8.90,,
2021-05-04,-6.51,7.76,,
2021-05-05,-6.80,6.56,,
2021-05-06,-5.29,3.18,,
2021-05-07,-3.76,-2.63,,
2021-05-08,-6.33,-2.18,,
2021-05-09,-5.92,3.15,,
2021-05-10,-5.78,4.36,,
2021-05-11,-6.83,3.48,,
2021-05-12,-5.61,3.93,,
2021-05-13,-5.26,1.51,,
2021-05-14,-4.37,-2.13,,
2021-05-15,-5.33,-3.08,,
2021-05-16,-5.62,-0.89,,
2021-05-17,-6.26,2.16,,
2021-05-18,-6.58,3.80,,
2021-05-19,-6.91,4.66,,
2021-05-20,-7.51,4.87,,
2021-05-21,-8.48,1.80,,
2021-05-22,-8.21,1.30,,
2021-05-23,-8.33,0.15,,
2021-05-24,-7.11,1.25,,
2021-05-25,-7.29,0.77,,
2021-05-26,-6.66,0.35,,
2021-05-27,-5.03,-0.71,,
2021-05-28,-3.62,1.69,,
2021-05-29,-2.33,2.88,,
2021-05-30,-3.81,1.62,,
2021-05-31,-4.66,0.66,,
2021-06-01,-5.31,-0.37,,
2021-06-02,-5.32,-0.19,,
2021-06-03,-5.31,2.36,,
2021-06-04,-5.25,3.28,,
2021-06-05,-5.31,3.32,,
2021-06-06,-4.99,4.19,,
2021-06-07,-6.50,3.31,,
2021-06-08,-6.07,3.36,,
2021-06-09,-5.42,1.76,,
2021-06-10,-4.92,0.52,,
2021-06-11,-4.53,2.41,,
2021-06-12,-4.58,3.09,,
2021-06-13,-4.08,2.65,,
2021-06-14,-4.32,3.37,,
2021-06-15,-5.89,5.31,,
2021-06-16,-4.99,4.99,,
2021-06-17,-5.72,7.60,,
2021-06-18,-5.78,7.13,,
2021-06-19,-4.73,4.90,,
2021-06-20,-5.00,4.83,,
2021-06-21,-5.13,5.13,,
2021-06-22,-4.88,6.24,,
2021-06-23,-6.01,4.37,,
2021-06-24,-5.30,-1.42,,
2021-06-25,-4.16,-1.43,,
2021-06-26,-4.30,3.36,,
2021-06-27,-5.19,3.24,,
2021-06-28,-5.48,1.99,,
2021-06-29,-6.74,3.89,,
2021-06-30,-6.42,2.47,,
2021-07-01,-5.30,2.25,,
2021-07-02,-4.21,2.84,,
2021-07-03,-4.25,0.37,,
2021-07-04,-4.67,-0.08,,
2021-07-05,-3.98,-1.53,,
2021-07-06,-2.93,0.84,,
2021-07-07,-3.95,6.08,,
2021-07-08,-6.46,4.87,,
2021-07-09,-6.40,2.33,,
2021-07-10,-4.84,-0.68,,
2021-07-11,-5.72,-0.50,,
2021-07-12,-5.71,1.21,,
2021-07-13,-6.01,-1.06,,
2021-07-14,-5.82,-0.71,,
2021-07-15,-3.53,-2.56,,
2021-07-16,-4.75,-1.73,,
2021-07-17,-5.87,2.02,,
2021-07-18,-5.50,-0.00,,
2021-07-19,-4.67,-0.66,,
2021-07-20,-4.28,0.99,,
2021-07-21,-5.16,1.58,,
2021-07-22,-4.87,-1.12,,
2021-07-23,-4.33,-4.49,,
2021-07-24,-3.35,-3.24,,
2021-07-25,0.05,-2.98,,
2021-07-26,-0.89,2.75,,
2021-07-27,-2.92,4.50,,
2021-07-28,-5.54,2.95,,
2021-07-29,-5.37,-0.75,,
2021-07-30,-5.57,-1.70,,
2021-07-31,-5.12,0.09,,
2021-08-01,-4.29,0.76,,
2021-08-02,-4.41,-0.62,,
2021-08-03,-4.17,3.03,,
2021-08-04,-4.62,0.90,,
2021-08-05,-4.58,1.85,,
2021-08-06,-4.60,1.67,,
2021-08-07,-4.24,-0.00,,
2021-08-08,-4.59,1.14,,
2021-08-09,-3.51,-1.35,,
2021-08-10,-5.62,-1.09,,
2021-08-11,-5.88,0.51,,
2021-08-12,-3.68,-1.72,,
2021-08-13,-2.98,-2.42,,
2021-08-14,-0.96,-3.59,,
2021-08-15,-0.56,4.00,,
2021-08-16,-1.39,6.00,,
2021-08-17,-4.86,0.86,,
2021-08-18,-6.49,-3.60,,
2021-08-19,-16.33,4.07,,
2021-08-20,-8.47,3.77,,
2021-08-21,-6.29,0.66,,
2021-08-22,-6.55,-0.57,,
2021-08-23,-5.96,0.31,,
2021-08-24,-5.47,-2.21,,
2021-08-25,-5.14,-1.00,,
2021-08-26,-3.35,-5.79,,
2021-08-27,-4.02,-2.71,,
2021-08-28,0.42,4.02,,
2021-08-29,-4.55,6.74,,
2021-08-30,-5.13,4.78,,
2021-08-31,-4.25,4.72,,
2021-09-01,-3.92,5.01,,
2021-09-02,-4.18,3.39,,
2021-09-03,-5.58,1.50,,
2021-09-04,-4.92,0.78,,
2021-09-05,-3.64,0.32,,
2021-09-06,-3.22,0.80,,
2021-09-07,-4.66,4.20,,
2021-09-08,-4.50,3.78,,
2021-09-09,-4.08,1.90,,
2021-09-10,-6.09,2.59,,
2021-09-11,-7.37,2.83,,
2021-09-12,-7.20,3.36,,
2021-09-13,-4.34,0.53,,
2021-09-14,-3.22,1.57,,
2021-09-15,-3.34,4.78,,
2021-09-16,-4.27,5.87,,
2021-09-17,-5.14,5.51,,
2021-09-18,-5.15,2.74,,
2021-09-19,-4.62,0.08,,
2021-09-20,-4.59,-1.32,,
2021-09-21,-4.71,-2.40,,
2021-09-22,-3.24,-4.30,,
2021-09-23,-2.04,-3.39,,
2021-09-24,-2.25,-1.52,,
2021-09-25,-2.67,1.02,,
2021-09-26,-3.43,-0.00,,
2021-09-27,-3.24,-1.18,,
2021-09-28,-4.94,-0.09,,
2021-09-29,-3.98,-0.35,,
2021-09-30,-4.48,0.63,,
2021-10-01,-4.75,0.08,,
2021-10-02,-5.50,-0.00,,
2021-10-03,-5.35,-0.75,,
2021-10-04,-4.22,-0.82,,
2021-10-05,-3.96,0.42,,
2021-10-06,-4.46,-0.55,,
2021-10-07,-4.96,-0.52,,
2021-10-08,-3.33,-1.62,,
2021-10-09,-2.35,-1.83,,
2021-10-10,-2.15,-0.66,,
2021-10-11,-2.91,0.31,,
2021-10-12,-2.86,-1.93,,
2021-10-13,-3.14,-2.45,,
2021-10-14,-3.58,1.74,,
2021-10-15,-3.84,1.18,,
2021-10-16,-3.84,-1.25,,
2021-10-17,-3.85,-2.70,,
2021-10-18,-4.62,-2.06,,
2021-10-19,-4.98,0.09,,
2021-10-20,-5.87,0.51,,
2021-10-21,-4.64,-0.41,,
2021-10-22,-3.24,-1.87,,
2021-10-23,-4.23,0.98,,
2021-10-24,-5.51,4.15,,
2021-10-25,-2.73,5.85,,
2021-10-26,-2.45,3.37,,
2021-10-27,-2.87,6.14,,
2021-10-28,-0.89,8.43,,
2021-10-29,4.54,-5.22,,
2021-10-30,6.29,-1.80,,
2021-10-31,3.26,-2.83,,
2021-11-01,-2.58,-3.97,,
2021-11-02,-3.23,-6.34,,
2021-11-03,-4.66,-4.34,,
2021-11-04,-2.37,-1.85,,
2021-11-05,3.57,-2.89,,
2021-11-06,1.70,-8.02,,
2021-11-07,-1.67,-7.86,,
2021-11-08,-1.87,-6.51,,
2021-11-09,-3.62,-5.79,,
2021-11-10,-5.61,-1.50,,
2021-11-11,-5.16,0.09,,
2021-11-12,-3.99,-0.28,,
2021-11-13,-1.66,-4.83,,
2021-11-14,-3.05,-5.27,,
2021-11-15,-4.73,-7.29,,
2021-11-16,-6.53,-4.57,,
2021-11-17,-8.09,-0.42,,
2021-11-18,-4.18,2.22,,
2021-11-19,-1.45,-2.50,,
2021-11-20,-4.21,-3.29,,
2021-11-21,-3.64,-2.65,,
2021-11-22,0.31,-5.94,,
2021-11-23,-1.90,-8.95,,
2021-11-24,-5.46,-5.27,,
2021-11-25,-5.77,-1.44,,
2021-11-26,-4.15,-3.74,,
2021-11-27,-2.99,-4.11,,
2021-11-28,-2.84,-1.21,,
2021-11-29,2.71,-1.69,,
2021-11-30,-5.48,-6.30,,
2021-12-01,-6.63,0.58,,
2021-12-02,-4.55,-0.24,,
2021-12-03,-6.22,-4.04,,
2021-12-04,-4.60,-2.77,,
2021-12-05,-5.07,-1.55,,
2021-12-06,-5.59,2.61,,
2021-12-07,-4.68,1.43,,
2021-12-08,-5.21,1.20,,
2021-12-09,-5.34,-0.00,,
2021-12-10,-7.24,1.41,,
2021-12-11,-7.56,3.36,,
2021-12-12,-5.74,0.20,,
2021-12-13,-6.86,-2.36,,
2021-12-14,-7.82,-3.00,,
2021-12-15,-7.66,-3.25,,
2021-12-16,-6.99,-0.61,,
2021-12-17,-7.41,1.04,,
2021-12-18,-5.67,3.55,,
2021-12-19,-3.12,3.01,,
2021-12-20,-3.92,2.45,,
2021-12-21,6.91,-1.47,,
2021-12-22,5.25,-4.40,,
2021-12-23,-0.68,-6.44,,
2021-12-24,-6.12,-3.68,,
2021-12-25,-5.49,1.37,,
2021-12-26,-6.00,-0.21,,
2021-12-27,-6.70,1.67,,
2021-12-28,-6.35,5.52,,
2021-12-29,-5.88,8.09,,
2021-12-30,-6.18,6.63,,
2021-12-31,-7.18,4.32,,
2022-01-01,-6.85,5.96,-0.044,0.210
2022-01-02,-4.65,7.45,0.002,0.237
2022-01-03,-1.72,-6.01,-0.084,-0.180
2022-01-04,-3.45,-8.54,-0.251,-0.257
2022-01-05,-3.46,-2.80,0.014,0.059
2022-01-06,-4.02,4.02,-0.082,-0.038
2022-01-07,-3.91,1.35,-0.170,-0.114
2022-01-08,-6.97,1.10,-0.212,-0.103
2022-01-09,-8.19,1.74,-0.089,0.088
2022-01-10,-4.72,-1.81,-0.008,-0.011
2022-01-11,-5.36,-5.55,-0.189,-0.204
2022-01-12,-4.32,-5.95,-0.142,-0.157
2022-01-13,2.72,-6.42,0.008,-0.131
2022-01-14,2.97,-5.35,-0.143,-0.269
2022-01-15,-2.81,2.53,-0.170,-0.140
2022-01-16,8.88,1.25,-0.010,0.003
2022-01-17,5.44,-3.95,-0.120,-0.171
2022-01-18,1.28,-4.77,0.048,0.165
2022-01-19,-6.32,0.78,0.041,0.191
2022-01-20,-6.26,-0.11,-0.045,0.128
2022-01-21,-3.77,0.26,-0.024,0.123
2022-01-22,-1.07,-4.00,-0.039,0.014
2022-01-23,-2.21,-5.48,-0.100,-0.056
2022-01-24,-5.61,-4.23,-0.051,0.052
2022-01-25,-3.29,8.14,-0.015,0.194
2022-01-26,1.37,4.49,-0.124,-0.136
2022-01-27,-0.66,-4.15,-0.193,-0.149
2022-01-28,-2.97,-4.41,-0.014,0.039
2022-01-29,0.43,-12.36,-0.135,-0.368
2022-01-30,-2.17,-8.09,-0.133,-0.156
2022-01-31,-6.26,-2.28,-0.066,0.041
2022-02-01,-6.84,4.44,-0.086,0.147
2022-02-02,-6.41,4.83,-0.120,0.109
2022-02-03,-6.80,6.80,-0.129,0.127
2022-02-04,-4.77,4.45,-0.086,0.124
2022-02-05,-1.71,-4.95,-0.159,-0.215
2022-02-06,-3.96,-5.66,-0.114,-0.065
2022-02-07,-5.28,0.93,-0.002,0.190
2022-02-08,0.13,2.41,-0.002,0.014
2022-02-09,-0.46,-8.77,-0.118,-0.200
2022-02-10,-5.20,-5.57,-0.118,-0.047
2022-02-11,-5.44,-3.27,-0.138,-0.106
2022-02-12,-6.28,1.22,-0.149,-0.011
2022-02-13,0.14,-7.76,-0.019,0.020
2022-02-14,-2.72,-10.90,-0.162,-0.292
2022-02-15,-8.49,-5.10,-0.112,0.035
2022-02-16,-9.52,-0.00,-0.052,0.193
2022-02-17,-7.65,4.60,-0.031,0.237
2022-02-18,-5.51,3.31,0.002,0.183
2022-02-19,-4.52,-1.56,-0.043,0.035
2022-02-20,-7.22,-3.37,-0.140,-0.022
2022-02-21,-7.02,-1.36,-0.069,0.133
2022-02-22,-8.70,2.01,-0.095,0.145
2022-02-23,-8.59,1.51,-0.117,0.129
2022-02-24,-7.82,1.24,-0.111,0.120
2022-02-25,-8.28,-0.00,-0.131,0.094
2022-02-26,-6.24,-2.03,-0.119,0.042
2022-02-27,-3.82,-1.54,-0.077,0.069
2022-02-28,-0.85,-6.90,-0.134,-0.204
2022-03-01,0.00,-7.36,-0.209,-0.223
2022-03-02,-0.95,-6.74,-0.132,-0.156
2022-03-03,-3.55,-4.23,-0.097,-0.064
2022-03-04,-6.07,-2.57,-0.077,-0.036
2022-03-05,-7.31,-0.00,-0.081,0.073
2022-03-06,-8.35,2.55,-0.068,0.125
2022-03-07,-6.68,3.55,-0.085,0.122
2022-03-08,-4.93,3.85,-0.051,0.129
2022-03-09,-4.34,7.52,-0.039,0.224
2022-03-10,-4.46,8.38,-0.038,0.249
2022-03-11,-5.01,8.01,-0.059,0.223
2022-03-12,-2.93,6.59,0.036,0.120
2022-03-13,-5.71,-9.50,-0.323,-0.371
2022-03-14,-7.17,-1.66,-0.173,0.041
2022-03-15,-6.20,2.51,-0.030,0.113
2022-03-16,-2.90,0.72,-0.050,-0.012
2022-03-17,-3.62,3.49,-0.070,0.118
2022-03-18,-5.98,6.41,-0.063,0.210
2022-03-19,-6.04,4.72,-0.054,0.197
2022-03-20,-5.31,0.46,-0.044,0.179
2022-03-21,-7.34,-1.69,-0.084,0.108
2022-03-22,-7.69,6.69,-0.028,0.270
2022-03-23,-4.80,8.31,0.025,0.322
2022-03-24,-2.52,6.56,0.018,0.216
2022-03-25,2.13,-10.01,-0.033,-0.144
2022-03-26,-0.54,-7.68,-0.055,0.002
2022-03-27,-6.11,-5.12,-0.073,0.036
2022-03-28,-8.64,-0.91,-0.082,0.136
2022-03-29,-9.14,2.80,-0.074,0.185
2022-03-30,-8.81,7.66,-0.058,0.280
2022-03-31,-5.89,10.62,-0.000,0.375
2022-04-01,-4.82,7.71,-0.028,0.251
2022-04-02,-5.31,6.79,-0.030,0.227
2022-04-03,-3.02,6.20,0.060,0.276
2022-04-04,-3.99,6.63,0.049,0.286
2022-04-05,-5.69,8.76,0.020,0.312
2022-04-06,-4.40,9.02,0.004,0.294
2022-04-07,-3.40,7.30,0.029,0.141
2022-04-08,-4.85,-5.99,-0.181,-0.241
2022-04-09,-2.09,-9.82,-0.219,-0.256
2022-04-10,-6.17,-4.16,-0.019,0.022
2022-04-11,-7.57,3.86,0.031,0.212
2022-04-12,-8.81,3.92,-0.009,0.183
2022-04-13,-8.09,5.66,0.010,0.208
2022-04-14,-6.43,5.39,0.066,0.199
2022-04-15,-6.12,2.85,-0.003,0.076
2022-04-16,-5.01,0.97,-0.000,0.106
2022-04-17,-4.69,-0.58,-0.020,0.060
2022-04-18,-3.94,-1.92,0.033,0.033
2022-04-19,-5.29,-6.09,-0.175,-0.206
2022-04-20,-7.46,-2.00,0.014,0.039
2022-04-21,-8.30,-0.43,0.028,0.154
2022-04-22,-7.61,-3.08,-0.080,0.037
2022-04-23,-7.26,-1.28,-0.012,0.135
2022-04-24,-8.89,1.89,0.018,0.211
2022-04-25,-8.04,1.56,0.016,0.168
2022-04-26,-6.95,0.36,-0.022,0.006
2022-04-27,-5.60,-1.82,-0.287,-0.219
2022-04-28,-5.10,-1.46,-0.213,-0.149
2022-04-29,-6.11,2.22,0.052,0.127
2022-04-30,-6.76,3.60,0.178,0.265
2022-05-01,-6.60,1.28,0.099,0.154
2022-05-02,-6.82,0.60,-0.011,0.047
2022-05-03,-6.96,2.53,0.043,0.151
2022-05-04,-5.71,2.91,0.125,0.186
2022-05-05,-6.41,4.32,0.212,0.314
2022-05-06,-5.07,6.04,0.193,0.316
2022-05-07,-3.06,6.55,0.135,0.255
2022-05-08,-3.09,5.81,-0.062,-0.065
2022-05-09,-4.77,4.94,-0.173,-0.061
2022-05-10,-5.93,0.83,-0.062,0.048
2022-05-11,-6.20,-3.87,-0.086,0.011
2022-05-12,-4.04,-5.18,0.003,0.046
2022-05-13,-3.96,-3.20,0.024,0.099
2022-05-14,-3.73,-2.16,0.074,0.145
2022-05-15,-3.00,-3.33,0.096,0.168
2022-05-16,-1.96,-4.41,0.133,0.163
2022-05-17,-2.43,-3.47,0.033,0.112
2022-05-18,-3.93,-0.98,0.010,0.098
2022-05-19,-4.43,3.34,-0.010,0.135
2022-05-20,-5.44,6.96,0.059,0.195
2022-05-21,-8.35,8.65,-0.004,0.265
2022-05-22,-7.71,7.19,-0.007,0.220
2022-05-23,-5.96,3.58,0.024,0.038
2022-05-24,-6.31,2.68,-0.171,0.030
2022-05-25,-7.41,6.44,-0.054,0.164
2022-05-26,-6.64,5.00,0.030,0.148
2022-05-27,-4.95,1.80,0.020,0.007
2022-05-28,-4.20,0.97,0.005,-0.081
2022-05-29,-5.26,3.68,-0.081,-0.017
2022-05-30,-6.98,6.07,0.006,0.228
2022-05-31,-9.22,4.10,-0.054,0.218
2022-06-01,-11.17,1.97,-0.085,0.197
2022-06-02,-6.36,5.53,0.056,0.338
2022-06-03,4.44,4.93,0.198,0.399
2022-06-04,4.20,-4.34,0.210,0.221
2022-06-05,1.22,-2.73,0.233,0.304
2022-06-06,-4.05,2.44,0.194,0.390
2022-06-07,-5.40,5.04,0.112,0.350
2022-06-08,-6.29,4.74,0.082,0.345
2022-06-09,-6.42,3.56,0.066,0.282
2022-06-10,-4.89,4.10,0.117,0.315
2022-06-11,-4.19,3.64,0.144,0.314
2022-06-12,-5.31,2.25,0.128,0.279
2022-06-13,-7.77,-0.14,0.076,0.260
2022-06-14,-7.63,1.48,0.095,0.325
2022-06-15,-4.97,-1.71,0.140,0.303
2022-06-16,-5.77,-0.50,0.138,0.282
2022-06-17,-6.92,-0.00,0.119,0.302
2022-06-18,-5.88,0.10,0.121,0.300
2022-06-19,-7.54,2.16,0.072,0.296
2022-06-20,-7.36,3.43,0.077,0.360
2022-06-21,-6.26,-0.77,0.082,0.316
2022-06-22,-4.29,-3.12,0.115,0.301
2022-06-23,-3.09,-2.50,0.138,0.323
2022-06-24,-2.53,0.87,0.189,0.351
2022-06-25,-3.39,1.80,0.150,0.306
2022-06-26,-3.29,-1.33,0.171,0.270
2022-06-27,-1.62,-2.50,0.221,0.304
2022-06-28,-2.17,0.50,0.248,0.350
2022-06-29,-3.59,1.67,0.232,0.370
2022-06-30,-5.32,0.19,0.184,0.339
2022-07-01,-5.65,-1.41,0.178,0.304
2022-07-02,-5.63,0.79,0.216,0.356
2022-07-03,-6.06,0.53,0.178,0.340
2022-07-04,-5.16,-1.48,0.137,0.225
2022-07-05,-4.43,0.31,0.123,0.216
2022-07-06,-4.42,0.70,0.080,0.102
2022-07-07,-3.95,-0.77,-0.103,-0.102
2022-07-08,-5.20,-0.45,-0.101,-0.022
2022-07-09,-4.08,2.65,0.026,0.190
2022-07-10,-2.69,2.34,0.017,0.221
2022-07-11,-2.85,3.06,0.060,0.235
2022-07-12,-4.22,3.80,0.055,0.273
2022-07-13,-5.70,2.91,0.049,0.251
2022-07-14,-5.41,1.97,0.045,0.211
2022-07-15,-5.24,-1.02,-0.028,0.132
2022-07-16,-2.76,-2.23,0.017,0.154
2022-07-17,-2.97,1.58,0.014,0.086
2022-07-18,-4.51,2.20,0.006,0.150
2022-07-19,-4.56,-0.00,-0.015,0.138
2022-07-20,-4.82,-1.03,-0.012,0.178
2022-07-21,-4.06,0.72,0.043,0.160
2022-07-22,-5.17,1.78,-0.023,0.149
2022-07-23,-5.37,-0.85,-0.061,0.104
2022-07-24,-5.46,-0.48,-0.055,0.079
2022-07-25,-5.88,-0.62,-0.030,0.071
2022-07-26,-5.22,0.73,0.000,0.132
2022-07-27,-4.72,2.10,-0.013,0.143
2022-07-28,-5.79,1.02,0.015,0.146
2022-07-29,-7.42,-1.17,-0.070,0.062
2022-07-30,-6.24,1.79,0.037,0.189
2022-07-31,-5.05,0.62,0.027,0.152
2022-08-01,-5.43,-0.96,-0.086,-0.071
2022-08-02,-4.53,-1.83,-0.060,-0.000
2022-08-03,-4.12,-0.80,-0.021,-0.007
2022-08-04,-5.49,0.10,-0.119,-0.084
2022-08-05,-5.24,0.64,-0.109,-0.094
2022-08-06,-5.23,-1.30,-0.172,-0.171
2022-08-07,-6.98,0.49,-0.183,-0.085
2022-08-08,-4.27,-1.22,-0.094,-0.063
2022-08-09,-5.97,-0.21,-0.206,-0.120
2022-08-10,-4.42,2.35,-0.081,-0.002
2022-08-11,-4.54,-0.80,-0.103,-0.061
2022-08-12,-4.58,0.56,-0.131,-0.149
2022-08-13,-3.68,1.96,-0.121,-0.148
2022-08-14,-3.08,1.50,-0.107,-0.118
2022-08-15,-4.10,1.49,-0.140,-0.104
2022-08-16,-3.24,2.81,-0.085,-0.037
2022-08-17,-4.43,0.15,-0.091,-0.062
2022-08-18,-4.61,2.15,-0.046,0.030
2022-08-19,-5.70,0.50,-0.024,0.038
2022-08-20,-5.57,-0.00,0.024,0.040
2022-08-21,-3.98,-1.07,-0.050,0.033
2022-08-22,-3.58,-1.16,-0.120,-0.091
2022-08-23,-4.41,1.18,0.012,0.075
2022-08-24,-3.49,2.18,0.056,0.201
2022-08-25,-3.90,0.97,0.047,0.112
2022-08-26,-4.27,1.31,-0.071,0.065
2022-08-27,-3.58,1.59,-0.046,0.103
2022-08-28,-2.92,1.24,-0.042,0.009
2022-08-29,-3.98,1.53,-0.082,-0.011
2022-08-30,-4.77,1.10,-0.086,-0.042
2022-08-31,-5.16,1.48,-0.115,-0.110
2022-09-01,-6.06,4.24,-0.098,0.053
2022-09-02,-7.67,2.49,-0.038,0.097
2022-09-03,-7.39,-0.39,-0.102,0.044
2022-09-04,-5.62,-0.10,-0.062,0.096
2022-09-05,-4.35,0.23,-0.047,0.093
2022-09-06,-3.62,-0.00,-0.124,-0.121
2022-09-07,-1.55,-0.63,-0.118,-0.194
2022-09-08,1.22,2.50,-0.041,-0.095
2022-09-09,-0.59,5.62,-0.012,0.032
2022-09-10,-1.65,6.63,0.033,0.234
2022-09-11,-3.68,3.55,0.038,0.231
2022-09-12,-3.30,0.82,0.074,0.252
2022-09-13,-3.41,0.66,0.054,0.230
2022-09-14,-4.31,0.84,0.014,0.185
2022-09-15,-4.56,2.03,0.049,0.222
2022-09-16,-4.90,2.50,0.054,0.269
2022-09-17,-5.44,-0.38,0.041,0.199
2022-09-18,-4.11,-1.42,0.024,0.151
2022-09-19,-3.19,-2.87,-0.052,0.051
2022-09-20,-2.50,-3.09,-0.105,-0.070
2022-09-21,-2.47,-2.47,-0.104,-0.102
2022-09-22,-2.14,-2.73,-0.171,-0.180
2022-09-23,-2.93,-1.83,-0.148,-0.111
2022-09-24,-3.80,-3.55,-0.173,-0.104
2022-09-25,-2.74,-3.39,-0.125,-0.121
2022-09-26,-3.64,-5.83,-0.114,-0.139
2022-09-27,4.78,-6.34,-0.075,-0.166
2022-09-28,3.62,-6.28,-0.048,-0.117
2022-09-29,1.36,-7.01,-0.046,-0.107
2022-09-30,1.41,-7.23,-0.122,-0.189
2022-10-01,2.86,-3.94,-0.109,-0.166
2022-10-02,-1.29,-2.89,-0.219,-0.236
2022-10-03,-3.57,-3.21,-0.204,-0.224
2022-10-04,-1.28,-3.72,-0.156,-0.170
2022-10-05,-2.44,-2.91,-0.122,-0.109
2022-10-06,-3.43,-3.20,-0.069,-0.046
2022-10-07,-4.60,-3.60,0.003,0.024
2022-10-08,-5.84,-4.90,-0.038,-0.036
2022-10-09,-6.75,-5.27,-0.106,-0.072
2022-10-10,-7.28,-0.00,-0.040,0.118
2022-10-11,-7.19,2.06,-0.031,0.143
2022-10-12,-5.17,2.52,0.012,0.104
2022-10-13,-1.79,4.01,-0.166,-0.149
2022-10-14,-3.42,2.31,-0.289,-0.168
2022-10-15,-5.21,0.64,-0.187,-0.010
2022-10-16,-5.82,0.10,-0.117,0.007
2022-10-17,-2.65,1.18,0.086,0.051
2022-10-18,-0.09,1.81,0.093,0.050
2022-10-19,-0.11,-6.51,-0.031,-0.127
2022-10-20,-4.26,-7.69,-0.167,-0.116
2022-10-21,-2.18,-7.14,0.039,0.037
2022-10-22,-3.09,-5.57,-0.031,-0.046
2022-10-23,-3.69,-3.44,-0.100,-0.010
2022-10-24,-6.84,0.72,-0.084,0.099
2022-10-25,-5.66,3.27,-0.027,0.200
2022-10-26,-3.17,1.55,0.028,0.210
2022-10-27,-1.71,-0.52,0.040,0.199
2022-10-28,-4.03,-0.00,0.056,0.218
2022-10-29,-6.08,-0.21,-0.001,0.189
2022-10-30,-3.49,-2.10,0.032,0.185
2022-10-31,-3.43,-3.55,0.053,0.150
2022-11-01,-6.09,-4.10,0.028,0.149
2022-11-02,-7.64,-1.76,-0.009,0.198
2022-11-03,-7.16,-0.25,0.037,0.232
2022-11-04,-6.63,-0.00,0.048,0.269
2022-11-05,-6.03,0.53,0.073,0.273
2022-11-06,-4.69,-2.19,0.099,0.256
2022-11-07,-5.05,-3.41,0.082,0.198
2022-11-08,-5.76,-5.19,0.010,0.135
2022-11-09,-3.11,-5.17,0.055,0.160
2022-11-10,1.14,-3.72,0.104,0.199
2022-11-11,0.85,2.61,0.106,0.210
2022-11-12,-2.31,2.16,0.080,0.213
2022-11-13,-1.44,-2.95,0.072,0.184
2022-11-14,-4.59,-1.95,0.057,0.205
2022-11-15,-4.98,1.43,0.078,0.277
2022-11-16,-4.03,-3.15,0.058,0.192
2022-11-17,-5.22,-4.70,-0.000,0.106
2022-11-18,-7.93,-6.42,-0.078,0.025
2022-11-19,-7.97,-0.70,-0.046,0.184
2022-11-20,-3.30,-0.06,0.050,0.158
2022-11-21,-2.55,-1.08,-0.098,-0.077
2022-11-22,-3.55,0.31,0.016,0.182
2022-11-23,-3.14,-0.27,0.016,0.069
2022-11-24,-4.72,-0.50,-0.077,-0.022
2022-11-25,-3.65,1.05,-0.064,0.039
2022-11-26,-5.76,2.56,-0.041,0.144
2022-11-27,-3.97,3.10,0.030,0.229
2022-11-28,-4.19,1.78,0.066,0.233
2022-11-29,-6.67,2.30,0.022,0.220
2022-11-30,-6.52,1.87,0.036,0.221
2022-12-01,-7.53,-4.00,-0.051,0.054
2022-12-02,-8.74,-2.51,-0.070,0.096
2022-12-03,-8.85,-4.13,-0.077,0.043
2022-12-04,-7.42,-4.29,-0.096,0.017
2022-12-05,-6.58,-2.27,-0.055,0.083
2022-12-06,-7.25,-0.13,-0.056,0.107
2022-12-07,-7.50,-1.59,-0.088,0.059
2022-12-08,-8.18,-3.64,-0.131,-0.046
2022-12-09,-7.08,-2.58,-0.073,0.050
2022-12-10,-7.03,-1.24,-0.026,0.084
2022-12-11,-6.69,0.12,0.034,0.102
2022-12-12,-4.42,0.31,0.109,0.147
2022-12-13,-5.73,2.43,-0.025,0.125
2022-12-14,-6.01,7.42,-0.010,0.239
2022-12-15,-2.70,7.83,0.020,0.209
2022-12-16,-1.63,5.69,-0.166,-0.074
2022-12-17,-1.82,3.03,-0.100,0.037
2022-12-18,-3.57,-0.56,-0.099,-0.075
2022-12-19,-6.91,-1.22,-0.193,-0.055
2022-12-20,-3.60,2.62,0.023,0.119
2022-12-21,-1.24,-2.06,-0.231,-0.252
2022-12-22,-2.77,3.08,-0.251,-0.134
2022-12-23,-1.05,4.94,-0.151,-0.085
2022-12-24,-4.89,-10.03,-0.287,-0.370
2022-12-25,-7.04,-10.05,-0.147,-0.157
2022-12-26,-6.84,-6.16,-0.025,-0.035
2022-12-27,-1.31,-4.88,0.012,-0.004
2022-12-28,-7.07,-5.52,-0.250,-0.255
2022-12-29,-8.37,0.59,-0.216,0.010
2022-12-30,-7.00,5.08,-0.045,0.197
2022-12-31,-4.66,5.17,-0.028,0.182
2023-01-01,-5.43,3.01,-0.094,0.105
2023-01-02,-6.95,1.86,-0.055,0.123
2023-01-03,-7.23,6.29,-0.015,0.228
2023-01-04,-4.50,6.67,0.071,0.204
2023-01-05,-5.14,2.08,-0.173,-0.155
2023-01-06,-4.98,-3.76,-0.232,-0.205
2023-01-07,-7.44,-3.96,-0.165,-0.051
2023-01-08,-6.92,-1.72,-0.135,-0.043
2023-01-09,-3.81,-3.68,-0.177,-0.170
2023-01-10,-3.96,-4.40,-0.230,-0.217
2023-01-11,-5.69,-2.53,-0.076,-0.019
2023-01-12,-6.11,1.52,0.014,0.111
2023-01-13,1.98,-4.44,0.108,-0.065
2023-01-14,2.81,-9.81,-0.166,-0.359
2023-01-15,-1.91,-4.73,-0.030,0.074
2023-01-16,-5.44,3.81,0.083,0.204
2023-01-17,-5.97,5.97,-0.012,0.171
2023-01-18,-6.09,7.26,-0.065,0.129
2023-01-19,-6.56,8.11,-0.041,0.196
2023-01-20,-5.65,5.27,-0.053,0.086
2023-01-21,-5.41,4.38,0.035,0.122
2023-01-22,-4.60,7.09,0.062,0.217
2023-01-23,-3.26,4.83,0.062,0.122
2023-01-24,-7.48,3.33,-0.232,-0.014
2023-01-25,-5.31,9.19,0.002,0.285
2023-01-26,-3.31,-5.10,-0.213,-0.265
2023-01-27,-6.36,-5.93,-0.296,-0.210
2023-01-28,-8.98,-3.63,-0.124,0.027
2023-01-29,-7.59,1.20,-0.067,0.118
2023-01-30,-6.64,2.55,-0.091,0.088
2023-01-31,-6.74,0.83,-0.089,0.059
2023-02-01,-6.69,1.30,-0.025,0.135
2023-02-02,-6.61,1.90,-0.023,0.161
2023-02-03,-4.38,-1.26,0.021,0.115
2023-02-04,-3.88,-5.75,-0.141,-0.199
2023-02-05,-2.96,-2.31,0.051,0.169
2023-02-06,-1.99,-4.28,-0.058,-0.119
2023-02-07,-7.02,1.49,-0.129,-0.048
2023-02-08,-10.14,2.72,-0.138,0.086
2023-02-09,-6.71,4.19,-0.060,0.168
2023-02-10,-5.85,3.24,-0.059,0.142
2023-02-11,-1.71,4.96,0.030,0.208
2023-02-12,3.48,-9.06,-0.043,-0.216
2023-02-13,-1.11,-5.72,0.002,0.100
2023-02-14,-5.08,1.08,-0.001,0.137
2023-02-15,-6.36,6.36,-0.067,0.199
2023-02-16,-7.74,7.47,-0.106,0.208
2023-02-17,-5.06,4.89,-0.072,0.201
2023-02-18,-4.57,-2.86,-0.044,0.088
2023-02-19,-6.21,-4.04,-0.045,0.138
2023-02-20,-4.79,-1.74,0.061,0.238
2023-02-21,-4.95,1.61,0.035,0.195
2023-02-22,-6.40,8.49,-0.024,0.298
2023-02-23,-7.02,8.67,-0.008,0.337
2023-02-24,-7.77,3.14,-0.061,0.189
2023-02-25,-7.57,-0.53,-0.078,0.149
2023-02-26,-7.02,0.24,-0.023,0.217
2023-02-27,-6.44,3.00,0.003,0.266
2023-02-28,-4.95,5.69,0.019,0.316
2023-03-01,-5.69,7.29,0.006,0.299
2023-03-02,-6.32,9.73,-0.014,0.346
2023-03-03,-6.43,12.62,-0.027,0.400
2023-03-04,-4.88,8.45,-0.036,0.250
2023-03-05,-4.91,4.27,-0.055,0.150
2023-03-06,-5.36,0.85,-0.075,0.109
2023-03-07,-5.03,-0.26,-0.034,0.127
2023-03-08,-6.12,-1.76,-0.052,0.103
2023-03-09,-5.20,-0.73,-0.026,0.145
2023-03-10,-4.81,1.75,0.026,0.196
2023-03-11,-3.02,1.28,0.052,0.157
2023-03-12,-3.25,5.87,-0.004,0.163
2023-03-13,-3.58,7.69,-0.032,0.211
2023-03-14,-4.55,3.07,-0.100,-0.029
2023-03-15,-5.51,-2.69,-0.084,-0.020
2023-03-16,-9.06,-3.48,-0.134,-0.045
2023-03-17,-7.01,6.54,-0.060,0.196
2023-03-18,-5.22,6.45,-0.049,0.148
2023-03-19,-4.42,0.23,-0.127,-0.153
2023-03-20,-4.48,-11.67,-0.250,-0.349
2023-03-21,-6.14,-4.80,-0.054,0.112
2023-03-22,-7.41,-0.78,-0.064,0.124
2023-03-23,-7.83,0.27,-0.110,0.052
2023-03-24,-6.36,4.46,-0.080,0.153
2023-03-25,-5.66,8.08,-0.031,0.283
2023-03-26,-6.74,8.04,-0.042,0.267
2023-03-27,-6.42,7.13,-0.080,0.218
2023-03-28,-6.06,5.65,-0.067,0.174
2023-03-29,-4.73,2.31,-0.054,0.106
2023-03-30,-5.97,-0.63,-0.080,0.042
2023-03-31,-6.97,0.86,-0.066,0.101
2023-04-01,-5.93,3.15,-0.049,0.153
2023-04-02,-5.02,1.53,-0.067,0.097
2023-04-03,-5.42,4.39,-0.042,0.192
2023-04-04,-5.76,5.37,-0.037,0.216
2023-04-05,-7.35,4.77,-0.065,0.201
2023-04-06,-7.73,3.28,-0.071,0.198
2023-04-07,-7.07,2.57,-0.026,0.237
2023-04-08,-5.20,0.73,0.032,0.270
2023-04-09,-3.78,-2.09,0.059,0.220
2023-04-10,-3.09,-3.68,0.043,0.119
2023-04-11,-1.54,-2.67,0.054,0.088
2023-04-12,0.55,-2.84,-0.007,0.019
2023-04-13,-1.09,2.57,-0.133,-0.115
2023-04-14,-3.48,6.27,-0.125,0.127
2023-04-15,-5.33,5.52,-0.049,0.225
2023-04-16,-4.97,3.36,-0.021,0.175
2023-04-17,-1.40,-5.62,-0.024,-0.079
2023-04-18,-3.93,-4.69,-0.104,-0.036
2023-04-19,-4.83,-0.42,0.035,0.125
2023-04-20,-5.53,1.90,0.060,0.174
2023-04-21,-5.39,3.91,0.038,0.174
2023-04-22,-2.20,4.14,0.089,0.183
2023-04-23,-3.76,1.52,-0.106,-0.031
2023-04-24,-4.30,4.95,-0.043,0.131
2023-04-25,-2.24,6.16,-0.004,0.097
2023-04-26,-4.72,6.04,-0.206,0.025
2023-04-27,-5.30,8.16,-0.036,0.219
2023-04-28,-5.09,8.47,0.018,0.253
2023-04-29,-3.22,8.84,0.033,0.206
2023-04-30,5.52,-4.63,-0.053,-0.237
2023-05-01,-2.11,-4.98,-0.277,-0.165
2023-05-02,-4.80,2.34,-0.021,0.141
2023-05-03,-4.61,3.35,0.185,0.232
2023-05-04,-5.12,3.07,0.056,0.118
2023-05-05,-4.95,3.34,0.107,0.186
2023-05-06,-5.15,1.58,0.104,0.198
2023-05-07,-6.01,-0.74,0.049,0.185
2023-05-08,-5.96,-0.42,0.057,0.214
2023-05-09,-6.24,1.10,0.041,0.190
2023-05-10,-5.89,3.68,0.019,0.203
2023-05-11,-6.66,4.84,-0.028,0.157
2023-05-12,-7.17,2.75,-0.095,0.078
2023-05-13,-6.84,2.09,-0.097,0.082
2023-05-14,-6.92,0.12,-0.063,0.086
2023-05-15,-4.35,-2.03,-0.015,0.014
2023-05-16,-2.28,-1.66,-0.113,-0.121
2023-05-17,-2.39,0.78,-0.200,-0.178
2023-05-18,-3.13,2.82,-0.188,-0.117
2023-05-19,-3.73,1.74,-0.105,-0.036
2023-05-20,-4.30,-2.10,-0.098,-0.029
2023-05-21,-2.78,-4.44,0.007,-0.040
2023-05-22,-2.21,-4.34,-0.080,-0.055
2023-05-23,-2.31,-3.29,-0.065,-0.071
2023-05-24,-1.36,-3.36,-0.113,-0.141
2023-05-25,0.52,-2.97,-0.119,-0.155
2023-05-26,0.80,-4.12,-0.129,-0.175
2023-05-27,-0.74,-3.21,-0.101,-0.137
2023-05-28,-3.52,0.18,-0.030,0.036
2023-05-29,-3.71,1.73,-0.051,-0.035
2023-05-30,-2.32,3.71,-0.010,-0.016
2023-05-31,-2.55,4.42,-0.049,-0.058
2023-06-01,-3.02,3.48,-0.101,-0.029
2023-06-02,-0.38,-4.39,-0.117,-0.152
2023-06-03,4.59,-4.43,-0.099,-0.203
2023-06-04,1.64,-5.72,-0.097,-0.117
2023-06-05,-3.50,-1.00,0.048,0.119
2023-06-06,-2.69,3.09,0.088,0.147
2023-06-07,-0.20,5.83,0.130,0.244
2023-06-08,1.26,2.69,0.079,0.204
2023-06-09,-1.05,-2.74,-0.011,0.120
2023-06-10,-3.93,0.55,-0.004,0.154
2023-06-11,-3.25,5.00,0.063,0.245
2023-06-12,-4.65,5.35,0.050,0.256
2023-06-13,-4.97,4.97,0.047,0.248
2023-06-14,-4.99,5.94,0.050,0.304
2023-06-15,-5.11,5.48,0.047,0.287
2023-06-16,-4.24,5.06,0.099,0.272
2023-06-17,-4.26,4.57,0.070,0.266
2023-06-18,-3.81,5.65,0.089,0.280
2023-06-19,-4.35,3.91,0.058,0.236
2023-06-20,-5.08,3.30,0.019,0.223
2023-06-21,-3.94,3.81,0.049,0.235
2023-06-22,-4.52,4.85,0.008,0.233
2023-06-23,-5.59,2.73,-0.019,0.129
2023-06-24,-5.12,2.50,-0.023,0.154
2023-06-25,-3.65,-2.75,0.018,0.192
2023-06-26,-3.72,-2.51,-0.018,0.178
2023-06-27,-3.40,-1.66,0.036,0.201
2023-06-28,-4.34,1.25,0.053,0.230
2023-06-29,-4.07,-0.86,0.051,0.188
2023-06-30,-3.04,-1.97,-0.020,0.081
2023-07-01,-2.77,-0.49,-0.111,-0.086
2023-07-02,-3.48,2.09,-0.084,-0.051
2023-07-03,-3.44,1.05,-0.028,0.033
2023-07-04,-5.31,1.52,-0.053,0.086
2023-07-05,-4.39,-0.77,-0.052,0.113
2023-07-06,-4.55,0.40,-0.010,0.206
2023-07-07,-4.32,2.39,0.018,0.223
2023-07-08,-5.20,2.00,-0.020,0.206
2023-07-09,-4.97,3.48,0.008,0.246
2023-07-10,-4.57,1.31,0.051,0.249
2023-07-11,-4.31,0.84,0.055,0.256
2023-07-12,-3.97,-0.49,0.043,0.214
2023-07-13,-4.39,-1.86,0.012,0.191
2023-07-14,-3.82,-1.70,0.088,0.229
2023-07-15,-4.35,0.93,0.088,0.239
2023-07-16,-4.76,-0.00,0.078,0.229
2023-07-17,-4.19,-2.82,0.032,0.172
2023-07-18,-3.97,-2.11,0.108,0.291
2023-07-19,-4.82,-1.03,0.138,0.322
2023-07-20,-4.78,-0.00,0.168,0.390
2023-07-21,-4.69,0.49,0.155,0.376
2023-07-22,-3.49,1.34,0.212,0.405
2023-07-23,-3.99,1.53,0.205,0.429
2023-07-24,-5.07,1.08,0.183,0.426
2023-07-25,-4.68,-2.59,0.165,0.321
2023-07-26,-4.96,-2.75,0.114,0.257
2023-07-27,-5.00,-4.50,0.047,0.172
2023-07-28,-5.67,-1.95,0.051,0.217
2023-07-29,-5.15,-0.54,0.083,0.272
2023-07-30,-3.63,-1.46,0.106,0.244
2023-07-31,-1.87,-1.52,0.133,0.241
2023-08-01,-2.49,1.68,0.114,0.233
2023-08-02,-3.66,-1.33,0.037,0.188
2023-08-03,-4.10,-1.83,0.023,0.184
2023-08-04,-3.14,-0.11,0.134,0.248
2023-08-05,-2.93,-0.89,0.100,0.240
2023-08-06,-3.31,-0.95,0.047,0.169
2023-08-07,-3.69,-1.20,0.042,0.141
2023-08-08,-4.48,-1.28,0.021,0.146
2023-08-09,-3.99,0.42,0.096,0.218
2023-08-10,-4.12,0.58,0.076,0.220
2023-08-11,-4.46,-0.23,0.068,0.220
2023-08-12,-4.58,-1.14,0.096,0.243
2023-08-13,-3.94,0.77,0.156,0.275
2023-08-14,-5.18,-1.58,0.044,0.130
2023-08-15,-4.29,-1.82,0.024,0.130
2023-08-16,-3.12,0.11,0.033,0.217
2023-08-17,-2.92,0.57,0.052,0.143
2023-08-18,-3.94,-1.28,0.005,0.118
2023-08-19,-2.97,-4.09,-0.056,0.082
2023-08-20,-2.47,-3.17,-0.079,0.063
2023-08-21,-4.05,1.98,-0.046,0.109
2023-08-22,-4.57,-1.85,-0.124,0.040
2023-08-23,-5.21,-2.11,-0.168,-0.003
2023-08-24,-3.97,-1.29,-0.021,0.064
2023-08-25,-4.98,-1.06,-0.008,0.067
2023-08-26,-2.87,-4.96,-0.023,-0.099
2023-08-27,-2.97,-5.59,-0.191,-0.208
2023-08-28,0.80,-7.64,-0.122,-0.238
2023-08-29,6.01,0.95,-0.083,-0.102
2023-08-30,1.79,5.19,-0.117,-0.034
2023-08-31,0.18,5.03,-0.040,0.057
2023-09-01,-3.98,2.89,0.071,0.146
2023-09-02,-5.52,-0.87,0.059,0.157
2023-09-03,-3.04,-3.89,0.118,0.110
2023-09-04,-3.41,-1.89,0.007,-0.014
2023-09-05,-3.65,2.55,0.064,0.097
2023-09-06,-3.00,2.18,-0.024,-0.010
2023-09-07,-2.88,-0.30,-0.123,-0.178
2023-09-08,-2.36,-2.62,-0.130,-0.188
2023-09-09,-2.93,-0.05,0.005,-0.032
2023-09-10,-2.27,1.01,0.025,0.120
2023-09-11,-3.88,-0.20,-0.054,0.061
2023-09-12,-3.98,-1.94,-0.079,0.005
2023-09-13,-3.91,-2.64,-0.065,-0.004
2023-09-14,-3.60,-2.08,-0.020,0.113
2023-09-15,-3.54,-2.05,-0.013,0.117
2023-09-16,-3.19,-1.49,0.002,0.023
2023-09-17,-2.50,-1.88,-0.086,-0.103
2023-09-18,-2.39,-1.44,-0.158,-0.197
2023-09-19,-2.79,-0.10,-0.188,-0.217
2023-09-20,-3.14,0.16,-0.127,-0.149
2023-09-21,-3.33,0.53,-0.158,-0.143
2023-09-22,-1.82,-3.14,-0.115,-0.148
2023-09-23,0.73,-2.92,-0.044,-0.071
2023-09-24,1.91,-0.93,-0.020,-0.028
2023-09-25,-1.71,2.85,0.107,0.113
2023-09-26,-4.18,1.36,0.081,0.154
2023-09-27,-2.95,1.92,0.083,0.126
2023-09-28,-1.57,3.36,-0.064,-0.005
2023-09-29,-2.23,3.30,-0.093,-0.041
2023-09-30,-4.00,0.78,-0.164,-0.120
2023-10-01,-3.61,-0.83,-0.153,-0.153
2023-10-02,-1.79,-3.23,-0.227,-0.239
2023-10-03,-2.85,-3.06,-0.220,-0.206
2023-10-04,-4.82,-2.89,-0.088,-0.073
2023-10-05,-5.00,-0.88,0.024,0.047
2023-10-06,-3.62,-0.38,-0.073,-0.083
2023-10-07,-3.42,-1.90,-0.182,-0.222
2023-10-08,-2.49,-2.49,-0.164,-0.158
2023-10-09,-2.52,1.02,-0.066,-0.030
2023-10-10,-3.50,1.94,0.066,0.139
2023-10-11,-3.70,6.68,0.033,0.151
2023-10-12,-2.19,9.47,0.038,0.211
2023-10-13,-2.88,7.13,-0.074,0.123
2023-10-14,-3.30,4.71,0.046,0.200
2023-10-15,-2.81,-0.34,0.095,0.123
2023-10-16,1.66,-7.82,-0.056,-0.230
2023-10-17,0.14,-8.06,-0.085,-0.140
2023-10-18,-5.00,-4.66,0.018,0.101
2023-10-19,-4.02,-4.16,0.052,0.063
2023-10-20,-0.26,-7.52,-0.081,-0.229
2023-10-21,-1.42,-6.16,-0.160,-0.172
2023-10-22,-3.31,-2.98,-0.026,0.087
2023-10-23,-6.00,-1.06,0.012,0.175
2023-10-24,-6.68,0.12,0.049,0.264
2023-10-25,-7.88,-0.97,-0.004,0.236
2023-10-26,-7.99,-1.41,0.002,0.229
2023-10-27,-8.35,-1.47,-0.038,0.192
2023-10-28,-7.84,-2.25,-0.085,0.136
2023-10-29,-5.28,-2.14,-0.064,0.132
2023-10-30,-3.11,-2.26,-0.060,0.103
2023-10-31,0.06,-3.45,-0.047,-0.021
2023-11-01,-3.85,-8.64,-0.177,-0.260
2023-11-02,-5.12,-8.20,-0.160,-0.114
2023-11-03,-7.71,-6.24,-0.089,0.066
2023-11-04,-7.56,-6.34,-0.108,0.008
2023-11-05,-5.86,-6.98,-0.118,-0.051
2023-11-06,-5.71,-5.52,-0.103,0.020
2023-11-07,-4.87,-3.41,-0.025,0.142
2023-11-08,-4.31,-1.92,-0.024,0.148
2023-11-09,-5.95,0.42,-0.069,0.129
2023-11-10,-6.47,-0.23,-0.065,0.129
2023-11-11,-5.24,-1.02,-0.045,0.111
2023-11-12,-6.40,-2.08,-0.062,0.112
2023-11-13,-7.03,-2.84,-0.090,0.067
2023-11-14,-5.11,-0.18,-0.025,0.161
2023-11-15,-0.85,-4.35,-0.052,-0.048
2023-11-16,2.89,-4.81,-0.143,-0.219
2023-11-17,5.22,-0.55,-0.094,-0.133
2023-11-18,3.24,-6.94,-0.097,-0.185
2023-11-19,1.92,-4.76,-0.005,-0.058
2023-11-20,-4.16,1.19,0.054,0.143
2023-11-21,-5.40,2.29,0.048,0.251
2023-11-22,-3.48,-2.26,0.037,0.157
2023-11-23,-2.86,-2.07,0.008,0.137
2023-11-24,-3.37,0.24,0.070,0.181
2023-11-25,-3.24,-0.00,-0.119,-0.179
2023-11-26,-2.65,3.27,-0.208,-0.144
2023-11-27,-2.29,-2.83,-0.245,-0.191
2023-11-28,-5.74,-5.94,-0.181,-0.114
2023-11-29,-6.21,-6.66,-0.076,-0.038
2023-11-30,-6.38,-1.95,-0.004,0.112
2023-12-01,-6.86,5.36,-0.054,0.134
2023-12-02,-5.84,5.08,-0.170,-0.042
2023-12-03,-4.19,3.64,-0.196,-0.077
2023-12-04,-5.14,0.54,-0.131,0.013
2023-12-05,-4.97,-2.21,-0.048,0.047
2023-12-06,-4.49,-7.47,-0.028,-0.086
2023-12-07,-5.59,-5.03,-0.107,-0.029
2023-12-08,-5.31,-0.00,-0.017,0.124
2023-12-09,-6.74,2.06,-0.092,0.082
2023-12-10,-5.38,2.06,-0.024,0.137
2023-12-11,-1.37,-8.67,-0.147,-0.261
2023-12-12,-5.92,-6.82,-0.152,-0.073
2023-12-13,-6.59,-4.45,-0.081,0.101
2023-12-14,-7.94,-3.37,-0.089,0.103
2023-12-15,-7.92,-0.28,-0.074,0.197
2023-12-16,-0.10,5.81,0.069,0.238
2023-12-17,7.73,-4.46,0.027,-0.125
2023-12-18,5.65,-4.41,-0.018,-0.001
2023-12-19,1.12,-7.09,0.055,0.042
2023-12-20,-5.36,-5.00,-0.018,0.114
2023-12-21,-6.63,-2.54,-0.017,0.162
2023-12-22,-6.87,-2.37,-0.040,0.162
2023-12-23,-7.11,-1.64,-0.063,0.121
2023-12-24,-7.04,3.14,-0.041,0.215
2023-12-25,-2.14,6.59,0.051,0.309
2023-12-26,0.42,-2.96,0.009,0.076
2023-12-27,-3.79,0.33,0.032,0.215
2023-12-28,2.86,-5.62,0.073,0.079
2023-12-29,-0.11,-6.27,-0.010,0.021
2023-12-30,0.97,-7.91,-0.006,-0.025
2023-12-31,-1.90,-4.48,0.002,0.118
2024-01-01,-5.01,-1.06,-0.014,0.138
2024-01-02,-4.80,-3.12,-0.079,0.059
2024-01-03,-5.00,3.50,-0.049,0.172
2024-01-04,2.18,2.60,0.027,0.155
2024-01-05,-5.15,4.17,-0.055,0.175
2024-01-06,-2.53,9.45,0.051,0.388
2024-01-07,-1.39,5.19,0.005,0.187
2024-01-08,-6.49,4.22,-0.019,0.243
2024-01-09,-4.54,11.24,0.033,0.413
2024-01-10,-1.37,-7.03,-0.062,-0.131
2024-01-11,-4.06,4.35,-0.012,0.216
2024-01-12,-3.28,8.53,0.057,0.333
2024-01-13,0.18,5.09,0.071,0.231
2024-01-14,-1.89,2.70,0.042,0.186
2024-01-15,-4.09,4.09,0.098,0.338
2024-01-16,-1.81,3.70,0.099,0.275
2024-01-17,-1.54,-3.63,0.045,0.100
2024-01-18,-5.55,2.36,0.053,0.294
2024-01-19,-3.83,2.30,0.128,0.286
2024-01-20,-4.88,-5.23,-0.088,-0.148
2024-01-21,-8.13,-6.82,-0.170,-0.116
2024-01-22,-10.81,-1.33,-0.069,0.171
2024-01-23,-9.07,6.12,-0.043,0.306
2024-01-24,-8.39,4.46,-0.091,0.179
2024-01-25,-7.37,4.79,-0.098,0.159
2024-01-26,-7.16,3.49,-0.129,0.104
2024-01-27,-4.96,4.02,-0.071,0.166
2024-01-28,1.05,-4.19,-0.018,-0.042
2024-01-29,2.75,-8.98,-0.165,-0.325
2024-01-30,1.92,-6.28,0.012,-0.031
2024-01-31,1.41,-5.26,-0.059,-0.090
2024-02-01,-0.69,-3.92,-0.135,-0.135
2024-02-02,-1.41,-1.87,-0.059,0.036
2024-02-03,-3.90,5.79,-0.056,0.197
2024-02-04,1.43,6.75,0.065,0.286
2024-02-05,7.98,-2.59,0.039,-0.073
2024-02-06,7.87,-6.61,-0.071,-0.210
2024-02-07,1.51,-6.07,0.060,0.202
2024-02-08,-7.08,1.00,0.044,0.255
2024-02-09,-8.24,2.84,-0.045,0.236
2024-02-10,-6.88,5.77,-0.040,0.270
2024-02-11,-6.62,9.12,-0.063,0.311
2024-02-12,-4.69,8.46,-0.047,0.276
2024-02-13,2.11,-7.87,-0.092,-0.193
2024-02-14,-3.81,-5.06,-0.146,-0.046
2024-02-15,-3.55,-2.68,-0.018,0.141
2024-02-16,-4.73,1.09,-0.064,0.130
2024-02-17,-3.31,5.51,-0.041,0.211
2024-02-18,4.59,4.59,0.035,0.122
2024-02-19,6.02,-5.42,-0.136,-0.251
2024-02-20,-0.11,-6.45,-0.093,0.005
2024-02-21,-2.80,-5.26,-0.036,-0.017
2024-02-22,-4.33,-0.84,-0.092,-0.010
2024-02-23,-2.50,5.61,-0.033,0.192
2024-02-24,2.08,-4.08,-0.031,-0.015
2024-02-25,-3.86,-4.77,-0.154,-0.074
2024-02-26,-4.57,-1.22,-0.019,0.194
2024-02-27,-5.97,2.54,-0.039,0.234
2024-02-28,-6.08,5.47,0.004,0.342
2024-02-29,-6.44,1.61,0.016,0.327
2024-03-01,-5.48,2.10,0.050,0.358
2024-03-02,-4.85,4.07,0.067,0.373
2024-03-03,-4.01,5.13,0.059,0.332
2024-03-04,-6.21,4.68,-0.010,0.278
2024-03-05,-5.37,6.88,-0.024,0.281
2024-03-06,-2.74,7.13,0.009,0.292
2024-03-07,-2.14,6.21,0.025,0.194
2024-03-08,-4.88,7.80,-0.004,0.287
2024-03-09,-4.48,8.79,0.036,0.346
2024-03-10,-1.82,4.30,0.021,0.068
2024-03-11,-5.21,-4.22,-0.203,-0.090
2024-03-12,-4.59,-1.31,0.049,0.199
2024-03-13,-5.08,2.37,0.027,0.206
2024-03-14,-6.90,4.31,-0.061,0.199
2024-03-15,-6.99,3.56,-0.069,0.208
2024-03-16,-6.04,3.49,-0.056,0.233
2024-03-17,-5.17,5.17,-0.008,0.266
2024-03-18,-4.37,5.03,0.023,0.277
2024-03-19,-4.19,-0.97,0.031,0.129
2024-03-20,-5.29,-2.81,-0.051,0.143
2024-03-21,-5.03,2.45,0.080,0.279
2024-03-22,-3.25,8.47,0.074,0.355
2024-03-23,5.68,-2.41,-0.017,-0.109
2024-03-24,0.00,-5.68,-0.247,-0.227
2024-03-25,-6.62,6.39,-0.141,0.191
2024-03-26,-6.37,8.15,-0.047,0.318
2024-03-27,-3.61,7.74,-0.034,0.263
2024-03-28,3.33,-7.15,0.029,0.044
2024-03-29,-2.94,-7.29,-0.086,-0.005
2024-03-30,-5.23,0.27,0.076,0.322
2024-03-31,-6.01,3.47,0.056,0.363
2024-04-01,-5.41,5.41,0.067,0.372
2024-04-02,-5.18,8.62,0.049,0.410
2024-04-03,-2.72,8.90,0.087,0.432
2024-04-04,2.18,-7.13,0.052,0.049
2024-04-05,-3.32,-5.99,0.013,0.151
2024-04-06,-5.35,-2.16,0.061,0.234
2024-04-07,-5.90,1.80,0.048,0.285
2024-04-08,-7.00,1.62,0.012,0.263
2024-04-09,-7.99,5.39,-0.032,0.268
2024-04-10,-6.26,10.02,-0.022,0.341
2024-04-11,-1.63,7.07,0.038,0.134
2024-04-12,-0.83,-6.72,-0.264,-0.340
2024-04-13,-5.28,-6.08,-0.153,-0.053
2024-04-14,-5.24,-1.91,-0.004,0.146
2024-04-15,-5.47,1.06,-0.046,0.115
2024-04-16,-6.61,1.77,-0.080,0.103
2024-04-17,-6.48,1.98,-0.072,0.120
2024-04-18,-6.42,1.72,-0.076,0.111
2024-04-19,-5.83,1.24,-0.055,0.120
2024-04-20,-5.89,2.87,-0.025,0.169
2024-04-21,-5.14,3.73,0.010,0.217
2024-04-22,-4.37,1.01,0.024,0.173
2024-04-23,-5.67,-1.63,0.004,0.143
2024-04-24,-4.45,-0.62,0.112,0.213
2024-04-25,-5.21,-0.55,-0.009,0.080
2024-04-26,-6.51,2.11,-0.041,0.100
2024-04-27,-8.31,3.02,-0.071,0.097
2024-04-28,-8.34,4.44,-0.050,0.124
2024-04-29,-8.11,4.13,0.061,0.174
2024-04-30,-6.17,4.01,0.128,0.239
2024-05-01,-5.39,1.24,0.046,0.142
2024-05-02,-4.70,0.49,0.027,0.138
2024-05-03,-5.45,1.16,0.143,0.274
2024-05-04,-5.92,1.26,0.172,0.348
2024-05-05,-6.47,1.86,0.091,0.305
2024-05-06,-6.31,2.94,-0.010,0.205
2024-05-07,-5.16,4.18,0.057,0.316
2024-05-08,-5.18,5.18,0.079,0.366
2024-05-09,-5.06,6.03,0.120,0.425
2024-05-10,-4.98,5.16,0.117,0.359
2024-05-11,-4.79,4.02,0.089,0.312
2024-05-12,-4.60,4.94,0.089,0.351
2024-05-13,-5.32,7.88,0.081,0.401
2024-05-14,-5.36,7.95,0.084,0.414
2024-05-15,-3.64,7.47,0.105,0.420
2024-05-16,-3.86,7.26,0.119,0.388
2024-05-17,-5.07,8.43,0.083,0.411
2024-05-18,-5.32,8.51,0.102,0.422
2024-05-19,-3.95,6.33,0.134,0.379
2024-05-20,-3.83,5.46,0.102,0.308
2024-05-21,-4.32,4.17,0.092,0.267
2024-05-22,-4.64,2.37,0.100,0.261
2024-05-23,-4.97,4.03,0.095,0.313
2024-05-24,-4.88,4.88,0.110,0.350
2024-05-25,-5.16,4.81,0.109,0.348
2024-05-26,-5.07,5.63,0.119,0.376
2024-05-27,-4.90,6.05,0.113,0.376
2024-05-28,-5.15,2.74,0.106,0.292
2024-05-29,-4.73,1.09,0.089,0.226
2024-05-30,-4.21,0.82,0.118,0.231
2024-05-31,-5.29,1.82,0.117,0.317
2024-06-01,-5.99,0.84,0.076,0.308
2024-06-02,-5.26,0.74,0.133,0.351
2024-06-03,-4.59,0.40,0.142,0.371
2024-06-04,-4.53,1.74,0.164,0.387
2024-06-05,-4.09,1.82,,
2024-06-06,-4.62,1.59,,
2024-06-07,-4.00,3.36,,
2024-06-08,-3.81,3.19,,
2024-06-09,-4.37,4.07,0.115,0.365
2024-06-10,-3.46,3.84,0.142,0.352
2024-06-11,-2.30,6.32,0.123,0.344
2024-06-12,-3.08,6.05,0.062,0.338
2024-06-13,-3.06,5.10,0.149,0.313
2024-06-14,-2.76,3.07,0.172,0.309
2024-06-15,-4.83,5.76,0.082,0.375
2024-06-16,-9.04,4.22,-0.032,0.258
2024-06-17,-10.26,5.23,-0.030,0.312
2024-06-18,-6.34,10.15,0.033,0.412
2024-06-19,-6.78,7.80,0.047,0.342
2024-06-20,-9.03,2.76,-0.015,0.240
2024-06-21,-9.78,3.37,-0.016,0.267
2024-06-22,-6.91,4.84,0.048,0.399
2024-06-23,-5.19,2.42,0.073,0.296
2024-06-24,-4.00,1.95,0.036,0.191
2024-06-25,-4.42,1.44,0.091,0.244
2024-06-26,-4.29,1.91,0.121,0.272
2024-06-27,-4.68,1.25,0.110,0.236
2024-06-28,-8.19,1.30,0.004,0.228
2024-06-29,-9.91,5.95,-0.023,0.314
2024-06-30,-7.81,1.24,0.032,0.284
2024-07-01,-5.07,-0.27,0.089,0.318
2024-07-02,-3.90,0.90,0.101,0.317
2024-07-03,-3.99,-2.59,0.119,0.273
2024-07-04,-4.36,-5.20,0.107,0.237
2024-07-05,-13.98,0.24,-0.101,0.220
2024-07-06,-4.98,5.34,0.099,0.411
2024-07-07,-5.52,1.48,0.104,0.301
2024-07-08,-6.42,4.66,0.068,0.332
2024-07-09,-6.58,1.40,0.069,0.373
2024-07-10,-3.87,-0.97,0.152,0.351
2024-07-11,-4.28,-0.15,0.139,0.350
2024-07-12,-4.53,-0.00,0.124,0.364
2024-07-13,-5.14,-2.29,0.078,0.336
2024-07-14,-4.80,-3.00,0.121,0.342
2024-07-15,-3.94,-0.69,0.150,0.382
2024-07-16,-3.46,0.43,0.158,0.375
2024-07-17,-3.78,-1.23,0.095,0.254
2024-07-18,-4.18,0.89,0.076,0.285
2024-07-19,-3.98,1.07,0.094,0.315
2024-07-20,-4.42,-1.19,0.085,0.278
2024-07-21,-4.93,-1.32,0.100,0.292
2024-07-22,-4.82,2.15,0.137,0.334
2024-07-23,-5.76,1.02,0.077,0.283
2024-07-24,-5.73,0.10,0.030,0.259
2024-07-25,-5.11,0.36,0.066,0.308
2024-07-26,-4.56,0.40,0.048,0.288
2024-07-27,-4.01,0.93,0.044,0.267
2024-07-28,-6.48,1.86,-0.018,0.283
2024-07-29,-5.52,-0.10,0.014,0.308
2024-07-30,-4.10,-2.66,0.061,0.274
2024-07-31,-4.42,-2.06,0.090,0.255
2024-08-01,-4.74,-0.67,0.105,0.252
2024-08-02,-3.25,-2.73,0.032,0.124
2024-08-03,-0.76,-5.38,-0.007,-0.001
2024-08-04,2.60,2.34,0.002,0.040
2024-08-05,-1.05,2.89,-0.097,-0.069
2024-08-06,-2.46,0.26,-0.083,-0.048
2024-08-07,0.98,-1.16,-0.063,-0.123
2024-08-08,0.70,2.14,-0.097,-0.137
2024-08-09,-4.50,2.60,-0.089,-0.030
2024-08-10,-5.14,2.73,-0.034,0.123
2024-08-11,-4.90,-1.41,-0.054,0.054
2024-08-12,-4.27,-0.60,-0.114,-0.037
2024-08-13,-5.24,-0.37,-0.113,0.033
2024-08-14,-2.97,-1.45,-0.098,0.025
2024-08-15,-2.28,-2.63,-0.170,-0.090
2024-08-16,-1.83,-1.90,-0.073,-0.076
2024-08-17,-1.65,-2.27,-0.115,-0.072
2024-08-18,-1.77,0.34,-0.095,-0.070
2024-08-19,-1.20,1.29,-0.078,-0.010
2024-08-20,-2.04,0.91,-0.051,0.056
2024-08-21,-2.76,0.24,-0.037,0.115
2024-08-22,-1.37,-2.81,-0.053,0.056
2024-08-23,-4.38,-3.19,-0.087,0.051
2024-08-24,-4.05,-2.94,-0.050,0.070
2024-08-25,-3.22,-1.05,0.034,0.214
2024-08-26,-3.30,-1.47,0.024,0.183
2024-08-27,-4.27,-0.60,0.026,0.156
2024-08-28,-4.52,0.72,0.046,0.258
2024-08-29,-4.54,3.30,0.045,0.279
2024-08-30,-3.60,-0.38,0.034,0.184
2024-08-31,-2.53,-0.09,0.075,0.220
2024-09-01,-0.09,1.63,0.106,0.240
2024-09-02,-1.25,2.16,0.098,0.258
2024-09-03,-2.78,1.87,0.085,0.254
2024-09-04,-5.03,1.44,0.027,0.217
2024-09-05,-6.12,-0.43,0.014,0.188
2024-09-06,-7.24,3.07,0.025,0.285
2024-09-07,-5.35,4.82,0.088,0.371
2024-09-08,-6.00,5.41,0.077,0.390
2024-09-09,-3.73,4.94,0.088,0.369
2024-09-10,-3.25,3.48,0.098,0.251
2024-09-11,-2.53,3.24,0.079,0.187
2024-09-12,-2.20,3.52,0.096,0.206
2024-09-13,-2.98,1.93,0.087,0.181
2024-09-14,-2.93,-0.62,0.105,0.192
2024-09-15,-3.11,-0.11,0.131,0.271
2024-09-16,-3.47,0.68,0.178,0.331
2024-09-17,-3.87,1.18,0.198,0.362
2024-09-18,-3.01,1.40,0.220,0.374
2024-09-19,-3.19,-0.62,0.229,0.353
2024-09-20,-2.63,-1.70,0.254,0.378
2024-09-21,-3.73,-0.00,0.246,0.343
2024-09-22,-3.48,-0.68,0.193,0.265
2024-09-23,-4.51,-2.30,0.148,0.180
2024-09-24,-5.32,-6.12,0.020,0.052
2024-09-25,8.25,-12.71,-0.112,-0.042
2024-09-26,8.04,5.42,0.065,0.093
2024-09-27,2.13,1.98,-0.285,-0.157
2024-09-28,-1.80,2.57,-0.077,0.124
2024-09-29,-4.20,2.14,0.041,0.137
2024-09-30,-5.44,-0.29,0.032,0.130
2024-10-01,-4.95,2.52,0.080,0.186
2024-10-02,-4.88,3.05,0.047,0.189
2024-10-03,-6.70,1.55,-0.024,0.131
2024-10-04,-4.79,3.48,-0.054,0.171
2024-10-05,-1.42,4.96,0.090,0.185
2024-10-06,1.37,2.94,-0.041,-0.055
2024-10-07,2.31,5.20,-0.079,0.026
2024-10-08,4.48,11.10,0.130,0.384
2024-10-09,9.50,0.83,0.135,0.059
2024-10-10,5.02,-3.65,-0.075,-0.122
2024-10-11,-1.68,-6.73,-0.065,-0.143
2024-10-12,-1.68,-5.18,-0.033,-0.063
2024-10-13,-0.94,-3.28,-0.002,0.023
2024-10-14,-1.94,-2.39,0.050,0.159
2024-10-15,-2.01,-2.58,0.099,0.221
2024-10-16,-2.47,-3.27,0.121,0.174
2024-10-17,-6.66,-6.21,-0.049,0.012
2024-10-18,-8.77,-6.14,-0.043,0.073
2024-10-19,-10.08,-3.47,-0.005,0.176
2024-10-20,-8.77,-3.54,-0.009,0.173
2024-10-21,-6.33,-5.50,-0.033,0.146
2024-10-22,-5.29,-4.93,0.004,0.136
2024-10-23,-3.43,-5.94,-0.048,-0.038
2024-10-24,-4.25,-5.85,-0.130,-0.130
2024-10-25,-4.80,-2.45,-0.093,-0.011
2024-10-26,-7.20,-3.36,-0.145,-0.075
2024-10-27,-6.52,-3.18,-0.108,0.020
2024-10-28,-6.51,-3.46,-0.063,0.045
2024-10-29,-7.65,-0.80,-0.093,0.086
2024-10-30,-7.50,-0.00,-0.019,0.150
2024-10-31,-7.56,-1.33,-0.036,0.138
2024-11-01,-7.26,-2.08,-0.042,0.105
2024-11-02,-6.98,-2.13,-0.025,0.131
2024-11-03,-6.50,-1.99,0.006,0.171
2024-11-04,-7.92,-0.69,-0.052,0.139
2024-11-05,-5.03,-1.83,0.004,0.166
2024-11-06,1.63,-5.34,-0.022,-0.072
2024-11-07,3.82,-1.39,-0.064,-0.062
2024-11-08,1.23,4.29,0.029,0.056
2024-11-09,-3.34,3.12,-0.021,0.091
2024-11-10,-3.76,2.83,-0.012,0.145
2024-11-11,-2.42,0.60,-0.017,0.070
2024-11-12,-1.01,-1.61,-0.087,-0.004
2024-11-13,-3.67,-1.95,-0.073,0.079
2024-11-14,-3.25,-3.74,-0.080,-0.082
2024-11-15,-5.15,-5.15,-0.176,-0.151
2024-11-16,-7.86,-3.66,-0.133,-0.004
2024-11-17,-11.45,-0.60,-0.144,0.063
2024-11-18,-10.50,5.82,-0.098,0.199
2024-11-19,-6.93,7.98,-0.028,0.251
2024-11-20,-0.31,5.98,-0.076,-0.070
2024-11-21,0.48,-9.17,-0.171,-0.286
2024-11-22,1.73,-8.13,-0.029,-0.067
2024-11-23,-0.09,-5.37,0.032,0.091
2024-11-24,-4.55,-3.31,-0.092,-0.000
2024-11-25,-4.36,-3.05,-0.115,-0.087
2024-11-26,-3.04,-5.49,-0.139,-0.126
2024-11-27,-3.29,-2.57,-0.029,0.133
2024-11-28,-4.05,-0.21,0.016,0.214
2024-11-29,-2.90,-3.99,0.008,0.118
2024-11-30,-0.30,-5.66,-0.000,0.066
2024-12-01,-5.23,-6.46,-0.069,0.040
2024-12-02,-6.16,-7.34,-0.063,0.048
2024-12-03,-6.94,-7.71,-0.094,0.018
2024-12-04,-7.82,-6.11,-0.113,0.048
2024-12-05,-4.87,-2.70,-0.021,0.136
2024-12-06,-5.56,-4.35,-0.098,-0.031
2024-12-07,-6.17,-4.82,-0.175,-0.087
2024-12-08,-7.49,-2.44,-0.149,0.059
2024-12-09,-6.35,0.33,-0.048,0.166
2024-12-10,-6.61,2.67,-0.058,0.183
2024-12-11,-4.21,0.74,0.019,0.191
2024-12-12,-3.23,-10.56,-0.156,-0.276
2024-12-13,-7.73,-4.83,-0.091,0.065
2024-12-14,-8.30,-4.23,-0.079,0.076
2024-12-15,-6.98,-4.36,-0.110,-0.004
2024-12-16,-7.71,-5.20,-0.192,-0.141
2024-12-17,-5.19,-4.84,-0.177,-0.088
2024-12-18,-4.14,-1.34,-0.086,0.078
2024-12-19,-1.27,-4.75,-0.085,-0.046
2024-12-20,-1.02,-5.80,-0.114,-0.096
2024-12-21,-0.90,-7.32,-0.097,-0.135
2024-12-22,-1.18,-6.70,-0.059,-0.105
2024-12-23,-4.61,-4.30,-0.131,-0.131
2024-12-24,-3.34,-2.17,-0.115,-0.058
2024-12-25,-4.13,-0.95,-0.159,-0.101
2024-12-26,-4.44,1.61,-0.167,-0.034
2024-12-27,-5.17,1.78,-0.051,0.082
2024-12-28,-5.28,2.46,-0.000,0.155
2024-12-29,-2.93,4.03,0.001,0.145
2024-12-30,-1.51,-1.14,-0.053,-0.010
2024-12-31,-2.71,0.09,-0.008,0.079
2025-01-01,-4.71,-1.81,0.020,0.035
2025-01-02,-6.58,-4.61,-0.120,-0.070
2025-01-03,-5.69,-5.69,-0.069,-0.005
2025-01-04,-7.44,-6.24,-0.091,-0.047
2025-01-05,-7.10,1.00,0.019,0.210
2025-01-06,-3.16,3.51,0.096,0.274
2025-01-07,-1.37,-7.06,-0.054,-0.167
2025-01-08,-2.34,-8.15,-0.093,-0.068
2025-01-09,-3.50,-6.88,-0.040,0.037
2025-01-10,-4.77,4.77,0.012,0.272
2025-01-11,1.30,3.07,0.048,0.163
2025-01-12,-4.39,2.05,-0.115,0.007
2025-01-13,-5.19,5.19,-0.004,0.245
2025-01-14,-3.80,-0.53,-0.044,0.027
2025-01-15,-5.47,-0.67,-0.093,0.096
2025-01-16,-3.79,2.01,0.012,0.173
2025-01-17,2.74,1.34,-0.044,-0.078
2025-01-18,-1.21,5.69,-0.062,0.145
2025-01-19,-1.19,8.49,0.048,0.261
2025-01-20,-3.47,-5.55,-0.149,-0.201
2025-01-21,-6.57,-0.58,-0.084,0.110
2025-01-22,0.30,-8.64,0.035,-0.013
2025-01-23,-3.11,-7.70,-0.131,-0.105
2025-01-24,-3.63,-8.98,-0.075,-0.140
2025-01-25,-6.05,-7.74,-0.177,-0.203
2025-01-26,-6.72,-2.85,-0.092,0.079
2025-01-27,-6.60,-2.14,-0.081,0.104
2025-01-28,-4.89,-1.78,-0.059,0.049
2025-01-29,-6.35,-0.11,-0.056,0.151
2025-01-30,-8.31,2.70,-0.047,0.221
2025-01-31,-6.57,5.32,0.017,0.313
2025-02-01,-4.74,0.41,0.029,0.206
2025-02-02,-5.60,-2.73,-0.025,0.135
2025-02-03,-6.03,-2.56,0.008,0.137
2025-02-04,-6.36,-1.24,-0.032,0.140
2025-02-05,-6.89,-0.85,-0.046,0.137
2025-02-06,-6.42,1.25,-0.011,0.194
2025-02-07,-6.58,-1.04,-0.041,0.131
2025-02-08,-6.31,-0.33,-0.036,0.150
2025-02-09,-5.81,1.13,0.016,0.195
2025-02-10,-6.57,0.58,-0.021,0.175
2025-02-11,-7.07,1.76,-0.015,0.189
2025-02-12,-6.00,7.15,-0.005,0.292
2025-02-13,-5.73,7.33,0.013,0.282
2025-02-14,-7.33,-0.51,-0.077,0.069
2025-02-15,-7.21,1.93,-0.050,0.158
2025-02-16,-3.76,5.37,0.020,0.225
2025-02-17,-4.24,-0.00,-0.097,-0.089
2025-02-18,-6.15,0.32,-0.101,0.054
2025-02-19,-4.41,5.65,0.024,0.221
2025-02-20,-3.67,-1.26,-0.113,-0.141
2025-02-21,-6.59,-6.83,-0.294,-0.234
2025-02-22,-5.23,-6.94,-0.060,0.069
2025-02-23,-5.51,-0.48,0.000,0.135
2025-02-24,-0.08,4.41,-0.028,-0.040
2025-02-25,4.14,-4.60,-0.187,-0.267
2025-02-26,2.38,-2.84,-0.083,0.069
2025-02-27,-5.25,1.41,0.062,0.206
2025-02-28,-3.83,-3.70,0.015,0.086
2025-03-01,-3.40,-1.73,0.016,0.070
2025-03-02,-1.16,-3.19,0.038,0.031
2025-03-03,-5.19,-1.89,-0.066,0.025
2025-03-04,-6.13,4.97,0.039,0.259
2025-03-05,-2.60,6.43,0.112,0.288
2025-03-06,-2.16,-6.26,-0.169,-0.253
2025-03-07,-5.62,1.61,-0.033,0.155
2025-03-08,-3.55,6.96,0.035,0.279
2025-03-09,-3.95,7.75,-0.003,0.238
2025-03-10,3.58,4.27,0.042,0.058
2025-03-11,1.37,-5.94,-0.156,-0.159
2025-03-12,-4.53,-0.72,-0.020,0.127
2025-03-13,-4.60,4.00,-0.000,0.190
2025-03-14,-3.43,6.19,0.077,0.227
2025-03-15,-5.49,9.50,-0.012,0.301
2025-03-16,-3.56,9.26,0.024,0.314
2025-03-17,-1.99,-8.60,-0.141,-0.279
2025-03-18,-4.73,-6.05,-0.109,0.012
2025-03-19,-6.35,3.09,0.004,0.257
2025-03-20,-4.80,1.02,0.047,0.249
2025-03-21,-3.29,-6.74,-0.029,-0.006
2025-03-22,-4.54,-1.56,0.039,0.268
2025-03-23,-7.02,1.49,0.023,0.286
2025-03-24,-6.08,4.42,0.049,0.340
2025-03-25,-4.91,0.78,0.024,0.259
2025-03-26,-4.65,-2.69,0.017,0.191
2025-03-27,-7.38,-1.70,-0.038,0.166
2025-03-28,-8.71,2.50,-0.008,0.293
2025-03-29,-6.96,4.88,0.025,0.377
2025-03-30,-5.25,5.25,0.049,0.330
2025-03-31,-4.93,5.67,0.045,0.316
2025-04-01,-6.05,4.56,0.000,0.292
2025-04-02,-7.05,6.35,-0.015,0.314
2025-04-03,-7.69,6.45,-0.016,0.326
2025-04-04,-8.16,6.37,-0.020,0.309
2025-04-05,-7.85,7.58,-0.039,0.314
2025-04-06,-6.80,7.82,-0.050,0.301
2025-04-07,-4.28,7.40,-0.030,0.251
2025-04-08,5.34,-4.03,-0.025,-0.050
2025-04-09,2.98,-8.18,-0.085,-0.141
2025-04-10,-0.86,-5.41,-0.031,0.039
2025-04-11,-1.32,-6.21,-0.068,-0.075
2025-04-12,1.39,-7.18,-0.065,-0.178
2025-04-13,-2.83,-4.36,-0.117,-0.050
2025-04-14,-5.20,-1.49,-0.015,0.156
2025-04-15,-4.77,-2.54,0.018,0.211
2025-04-16,-3.93,-4.68,0.022,0.139
2025-04-17,-5.10,-1.27,0.013,0.170
2025-04-18,-6.60,0.23,0.000,0.201
2025-04-19,-8.30,2.07,-0.047,0.196
2025-04-20,-8.37,3.90,-0.067,0.194
2025-04-21,-7.42,2.13,-0.054,0.126
2025-04-22,-6.84,1.83,-0.070,0.054
2025-04-23,-6.89,1.59,-0.105,0.046
2025-04-24,-6.76,0.83,-0.122,0.073
2025-04-25,-5.29,0.37,-0.051,0.104
2025-04-26,-5.51,-0.97,-0.092,0.087
2025-04-27,-4.76,-1.46,-0.056,0.094
2025-04-28,-5.42,-1.15,-0.068,0.117
2025-04-29,-6.53,-0.46,-0.089,0.131
2025-04-30,-6.38,-0.11,-0.065,0.164
2025-05-01,-5.97,2.05,-0.025,0.196
2025-05-02,-6.16,2.49,-0.023,0.189
2025-05-03,-4.77,3.86,-0.007,0.217
2025-05-04,-3.99,3.99,0.020,0.191
2025-05-05,-4.98,3.24,-0.009,0.146
2025-05-06,-5.77,4.35,0.023,0.250
2025-05-07,-5.94,4.48,0.016,0.274
2025-05-08,-5.95,3.57,0.032,0.256
2025-05-09,-5.40,4.86,0.050,0.267
2025-05-10,-3.55,4.71,0.069,0.237
2025-05-11,-0.00,3.54,0.021,0.096
2025-05-12,0.54,-3.84,-0.056,-0.022
2025-05-13,-3.28,-1.60,-0.167,-0.092
2025-05-14,-3.92,2.85,-0.051,0.065
2025-05-15,-5.37,3.62,0.050,0.145
2025-05-16,-5.61,2.74,0.063,0.124
2025-05-17,-5.37,3.23,0.083,0.144
2025-05-18,-5.86,2.99,0.074,0.149
2025-05-19,-5.71,4.00,0.124,0.213
2025-05-20,-5.61,6.23,0.161,0.295
2025-05-21,-5.35,4.34,0.121,0.242
2025-05-22,-5.22,2.00,-0.084,-0.099
2025-05-23,-4.82,1.75,-0.170,-0.128
2025-05-24,-4.81,0.76,-0.143,-0.104
2025-05-25,-4.71,1.09,-0.082,-0.020
2025-05-26,-4.19,2.72,-0.047,0.038
2025-05-27,-5.11,4.13,-0.033,0.116
2025-05-28,-5.75,3.06,0.008,0.204
2025-05-29,-5.03,3.93,0.008,0.218
2025-05-30,-4.17,2.41,0.038,0.205
2025-05-31,-3.17,2.22,0.032,0.180
2025-06-01,-3.08,3.54,0.009,0.148
2025-06-02,-3.39,3.90,-0.012,0.112
2025-06-03,-3.03,4.33,0.014,0.145
2025-06-04,-4.90,5.07,-0.080,0.078
2025-06-05,-6.29,3.34,-0.027,0.055
2025-06-06,-6.16,1.09,-0.139,-0.075
2025-06-07,-5.33,0.37,-0.132,-0.070
2025-06-08,-4.62,1.59,-0.109,-0.046
2025-06-09,-4.36,3.29,-0.073,0.021
2025-06-10,-3.95,2.47,-0.067,0.053
2025-06-11,-5.12,2.28,-0.036,0.126
2025-06-12,-5.27,3.04,-0.009,0.208
2025-06-13,-5.93,3.43,0.004,0.246
2025-06-14,-4.42,2.66,0.012,0.262
2025-06-15,-5.42,1.45,0.014,0.279
2025-06-16,-4.78,1.74,0.062,0.310
2025-06-17,-6.48,2.36,0.062,0.331
2025-06-18,-8.22,2.83,0.002,0.287
2025-06-19,-6.22,2.77,0.035,0.323
2025-06-20,-4.31,-0.23,0.066,0.262
2025-06-21,-4.73,-0.50,0.069,0.245
2025-06-22,-4.80,0.42,0.100,0.289
2025-06-23,-4.71,-1.81,0.094,0.231
2025-06-24,-5.51,-1.90,0.070,0.261
2025-06-25,-5.72,-1.86,0.054,0.258
2025-06-26,-4.22,0.07,0.087,0.295
2025-06-27,-6.85,2.49,0.010,0.277
2025-06-28,-6.14,3.69,0.020,0.291
2025-06-29,-5.25,1.02,0.056,0.248
2025-06-30,-5.97,0.42,0.037,0.180
2025-07-01,-4.53,-0.00,0.072,0.229
2025-07-02,-3.82,1.86,0.066,0.265
2025-07-03,-3.03,-1.04,0.088,0.253
2025-07-04,-3.01,-0.59,0.100,0.264
2025-07-05,-2.44,0.61,0.150,0.323
2025-07-06,-3.37,2.83,0.130,0.354
2025-07-07,-4.75,1.63,0.096,0.343
2025-07-08,-5.25,-1.31,0.077,0.309
2025-07-09,-4.74,-1.72,0.111,0.331
2025-07-10,-4.07,-1.25,0.115,0.329
2025-07-11,-3.18,-0.85,0.129,0.334
2025-07-12,-4.19,1.78,0.120,0.318
2025-07-13,-4.61,-0.00,0.106,0.308
2025-07-14,-4.13,-0.73,0.123,0.319
2025-07-15,-2.48,-2.16,0.144,0.293
2025-07-16,-2.91,-0.00,0.047,0.118
2025-07-17,-3.70,1.81,0.039,0.155
2025-07-18,-5.30,-1.13,-0.020,0.155
2025-07-19,-3.94,-1.51,0.010,0.210
2025-07-20,-3.85,-1.80,0.006,0.229
2025-07-21,-4.13,-1.75,0.013,0.219
2025-07-22,-4.06,-0.43,0.041,0.253
2025-07-23,-3.45,-0.24,0.039,0.267
2025-07-24,-3.04,0.37,0.050,0.262
2025-07-25,-3.76,0.94,-0.009,0.212
2025-07-26,-5.53,-1.17,-0.078,0.156
2025-07-27,-6.33,-2.06,-0.075,0.151
2025-07-28,-4.74,-2.21,-0.009,0.197
2025-07-29,-2.11,-0.94,0.059,0.229
2025-07-30,-2.23,-0.08,0.026,0.203
2025-07-31,-3.21,-0.34,-0.048,0.129
2025-08-01,-3.08,-2.16,-0.098,0.020
2025-08-02,-2.91,-2.19,-0.079,0.048
2025-08-03,-1.87,-1.87,-0.111,0.018
2025-08-04,-2.33,0.45,-0.100,-0.072
2025-08-05,-4.74,1.82,-0.073,0.046
2025-08-06,-4.45,-0.08,-0.036,0.135
2025-08-07,-3.24,-2.92,-0.030,0.118
2025-08-08,-1.85,-3.79,-0.035,0.053
2025-08-09,-2.56,0.45,-0.044,0.038
2025-08-10,-1.92,3.08,-0.011,0.085
2025-08-11,-3.66,2.38,-0.063,0.077
2025-08-12,-4.01,1.54,-0.080,0.051
2025-08-13,-4.14,1.19,-0.065,0.025
2025-08-14,-3.87,0.68,-0.057,0.026
2025-08-15,-3.33,-0.83,-0.056,0.049
2025-08-16,-3.88,-1.98,-0.117,-0.049
2025-08-17,-3.15,-1.97,-0.068,-0.017
2025-08-18,-1.54,-1.83,-0.078,-0.052
2025-08-19,-1.15,-1.99,-0.096,-0.130
2025-08-20,-1.46,-2.09,-0.045,-0.061
2025-08-21,-1.75,1.94,-0.050,-0.031
2025-08-22,-3.20,2.98,-0.022,0.062
2025-08-23,-2.86,2.32,0.036,0.118
2025-08-24,-4.06,1.72,-0.030,0.127
2025-08-25,-4.50,1.21,-0.005,0.135
2025-08-26,-3.60,-1.75,-0.004,0.128
2025-08-27,-3.50,-3.27,-0.104,-0.045
2025-08-28,-3.26,-1.89,-0.042,0.021
2025-08-29,-3.62,1.54,-0.065,-0.011
2025-08-30,-2.84,2.22,-0.101,-0.041
2025-08-31,-2.25,3.46,-0.036,0.040
2025-09-01,-1.81,1.68,-0.087,0.005
2025-09-02,-1.07,1.47,-0.105,-0.064
2025-09-03,1.30,2.45,-0.062,-0.102
2025-09-04,1.13,3.94,-0.078,-0.074
2025-09-05,0.55,3.13,-0.040,-0.086
2025-09-06,-2.00,2.56,0.041,0.078
2025-09-07,-1.95,1.63,0.021,0.122
2025-09-08,-1.52,0.24,-0.005,0.100
2025-09-09,-1.59,1.49,0.108,0.197
2025-09-10,-3.63,0.71,-0.046,0.105
2025-09-11,-3.65,-0.26,-0.053,0.106
2025-09-12,-1.09,-1.88,-0.047,0.053
2025-09-13,-0.86,-3.22,-0.118,-0.108
2025-09-14,-0.48,-2.09,-0.060,-0.046
2025-09-15,-3.39,-0.78,-0.021,0.087
2025-09-16,-5.01,-0.26,-0.052,0.106
2025-09-17,-4.60,-0.24,-0.033,0.107
2025-09-18,-4.03,0.14,-0.010,0.161
2025-09-19,-3.64,-0.00,0.014,0.174
2025-09-20,-3.57,-0.50,-0.005,0.168
2025-09-21,-3.40,-0.00,0.006,0.173
2025-09-22,-3.77,0.26,0.004,0.138
2025-09-23,-3.68,1.96,-0.031,0.108
2025-09-24,-4.35,-1.16,-0.060,0.108
2025-09-25,-3.64,-1.85,-0.071,0.101
2025-09-26,-2.75,-1.34,-0.041,0.105
2025-09-27,-2.62,-1.51,-0.079,0.002
2025-09-28,-1.18,-2.64,-0.124,-0.129
2025-09-29,-0.23,-2.66,-0.132,-0.149
2025-09-30,0.41,-2.34,-0.088,-0.099
2025-10-01,-0.78,2.15,-0.050,-0.038
2025-10-02,-1.66,-1.44,-0.036,-0.002
2025-10-03,-2.41,-2.41,-0.059,0.037
2025-10-04,1.37,-1.96,-0.021,0.046
2025-10-05,-2.65,1.35,-0.023,0.022
2025-10-06,-6.07,2.21,-0.083,0.071
2025-10-07,-4.17,1.86,0.041,0.161
2025-10-08,-2.63,-1.77,0.079,0.183
2025-10-09,-0.19,-3.71,0.083,0.121
2025-10-10,0.00,-5.84,-0.043,-0.097
2025-10-11,1.84,-6.02,-0.116,-0.194
2025-10-12,3.43,-2.59,-0.143,-0.196
2025-10-13,0.33,-3.75,-0.132,-0.197
2025-10-14,-3.43,-5.71,-0.141,-0.217
2025-10-15,-0.22,-4.18,-0.046,-0.082
2025-10-16,-1.60,-2.56,-0.082,-0.082
2025-10-17,-3.34,-1.02,-0.062,-0.025
2025-10-18,-4.27,1.22,-0.068,0.058
2025-10-19,-2.98,1.52,0.013,0.144
2025-10-20,-3.20,-1.29,0.026,0.126
2025-10-21,-3.10,-0.55,0.056,0.191
2025-10-22,-3.16,-3.63,0.038,0.183
2025-10-23,-5.92,-4.62,-0.015,0.163
2025-10-24,-5.68,-5.68,0.022,0.189
2025-10-25,-5.25,-3.16,0.055,0.263
2025-10-26,-4.50,-3.52,0.092,0.276
2025-10-27,-1.15,-5.42,0.090,0.154
2025-10-28,-0.36,-6.88,0.040,0.018
2025-10-29,1.07,-6.76,0.031,0.032
2025-10-30,4.98,-6.15,0.019,-0.109
2025-10-31,3.59,-3.01,0.027,0.106
2025-11-01,-0.43,-2.75,0.063,0.165
2025-11-02,-1.61,-2.57,0.013,0.054
2025-11-03,2.13,-4.01,-0.058,-0.104
2025-11-04,-3.10,-3.10,-0.077,0.046
2025-11-05,-4.71,-0.92,0.059,0.236
2025-11-06,-3.82,-0.74,0.062,0.180
2025-11-07,-2.58,0.50,0.083,0.169
2025-11-08,-2.29,2.13,0.110,0.195
2025-11-09,-3.00,0.05,0.117,0.212
2025-11-10,-1.72,-6.88,0.110,0.108
2025-11-11,-4.53,-11.79,-0.139,-0.258
2025-11-12,-6.81,-6.14,-0.016,0.131
2025-11-13,-6.34,-6.56,-0.025,0.072
2025-11-14,-4.93,-7.04,-0.062,-0.003
2025-11-15,-4.55,-3.69,-0.009,0.130
2025-11-16,-1.85,-2.37,0.072,0.202
2025-11-17,-2.26,-1.96,0.087,0.211
2025-11-18,-2.90,-1.35,0.100,0.257
2025-11-19,-2.60,-3.58,0.114,0.255
2025-11-20,-4.98,-0.00,0.091,0.268
2025-11-21,-6.63,0.12,0.024,0.255
2025-11-22,-4.81,-2.14,0.036,0.217
2025-11-23,-4.15,-3.13,-0.008,0.162
2025-11-24,-5.62,-1.40,-0.027,0.184
2025-11-25,-6.62,1.29,-0.008,0.269
2025-11-26,-4.19,-1.36,0.032,0.228
2025-11-27,-2.46,-3.14,0.034,0.193
2025-11-28,-4.64,-9.10,-0.073,-0.040
2025-11-29,-5.29,-4.76,-0.025,0.198
2025-11-30,-3.43,-1.90,0.068,0.274
2025-12-01,-1.16,-2.01,0.071,0.216
2025-12-02,-0.45,-2.81,0.080,0.172
2025-12-03,-1.58,-2.62,0.051,0.166
2025-12-04,-5.27,0.65,0.038,0.229
2025-12-05,-4.98,1.15,0.060,0.272
2025-12-06,-2.92,1.55,0.075,0.271
2025-12-07,-2.92,3.49,0.071,0.263
2025-12-08,-2.30,1.38,0.085,0.234
2025-12-09,0.33,-2.08,0.091,0.216
2025-12-10,2.00,-2.47,0.119,0.255
2025-12-11,-3.21,-6.03,0.033,0.121
2025-12-12,-5.70,-2.91,-0.015,0.122
2025-12-13,-4.74,-0.50,0.008,0.164
2025-12-14,-3.03,-3.25,0.006,0.137
2025-12-15,-3.46,-6.24,-0.077,0.003
2025-12-16,-3.43,-6.19,-0.059,0.065
2025-12-17,-2.55,-1.99,0.020,0.197
2025-12-18,-2.22,0.23,0.030,0.194
2025-12-19,-3.25,-0.75,0.008,0.137
2025-12-20,-5.21,-2.54,-0.078,0.087
2025-12-21,-5.15,-2.62,-0.077,0.102
2025-12-22,-7.01,-4.38,-0.131,0.003
2025-12-23,-8.09,-2.63,-0.116,0.070
2025-12-24,-8.14,-2.80,-0.105,0.082
2025-12-25,-6.90,-3.83,-0.103,0.058
2025-12-26,-5.62,-1.61,-0.063,0.116
2025-12-27,-5.35,-0.00,-0.037,0.121
2025-12-28,-5.15,-0.27,-0.055,0.118
2025-12-29,-5.02,-0.18,-0.044,0.121
2025-12-30,-1.66,-5.43,-0.064,-0.004
2025-12-31,-0.64,-9.22,-0.114,-0.203
2026-01-01,0.53,-5.01,0.004,0.103
2026-01-02,-1.46,-2.01,-0.025,0.053
2026-01-03,-2.41,1.95,-0.081,-0.039
2026-01-04,-1.12,-2.52,-0.110,-0.125
2026-01-05,0.18,-3.49,-0.128,-0.107
2026-01-06,-3.54,-1.15,-0.041,0.074
2026-01-07,-5.42,-1.87,-0.034,0.125
2026-01-08,-7.52,0.79,-0.073,0.152
2026-01-09,-6.00,3.75,-0.030,0.219
2026-01-10,-6.72,1.93,-0.055,0.159
2026-01-11,-4.12,-3.98,-0.060,0.039
2026-01-12,-4.11,-5.07,-0.120,-0.089
2026-01-13,-3.41,-6.99,-0.074,-0.001
2026-01-14,0.42,-5.95,-0.002,0.001
2026-01-15,4.96,-5.14,-0.105,-0.234
2026-01-16,-2.39,-5.13,-0.212,-0.164
2026-01-17,-5.89,0.52,-0.023,0.164
2026-01-18,-0.35,-6.63,-0.001,0.021
2026-01-19,0.34,-9.86,-0.126,-0.253
2026-01-20,-5.05,-7.21,-0.061,0.037
2026-01-21,-6.93,-2.80,-0.011,0.202
2026-01-22,-4.36,-1.33,0.050,0.275
2026-01-23,-4.37,-1.17,0.063,0.186
2026-01-24,-5.27,1.02,0.020,0.159
2026-01-25,-3.93,5.41,0.037,0.265
2026-01-26,0.76,4.28,0.048,0.132
2026-01-27,-2.21,-11.39,-0.198,-0.341
2026-01-28,-2.88,-8.36,-0.042,0.026
2026-01-29,-3.06,-6.01,0.004,0.062
2026-01-30,-1.81,-4.98,0.027,0.085
2026-01-31,4.92,-5.66,0.007,-0.124
2026-02-01,4.96,-11.15,-0.101,-0.319
2026-02-02,1.34,-7.59,0.030,0.061
2026-02-03,-6.39,-3.99,0.015,0.148
2026-02-04,-3.83,-1.17,0.046,0.271
2026-02-05,4.87,-5.60,0.100,0.089
2026-02-06,4.33,-6.42,-0.011,-0.079
2026-02-07,3.89,-4.17,0.113,0.204
2026-02-08,0.91,-5.15,0.086,0.194
2026-02-09,-3.38,-3.26,0.054,0.213
2026-02-10,-5.99,-0.74,0.027,0.241
2026-02-11,-7.00,-0.24,0.005,0.261
2026-02-12,-3.75,-1.67,0.034,0.230
2026-02-13,-3.30,-1.40,0.049,0.233
2026-02-14,-4.97,1.43,0.024,0.239
2026-02-15,-4.54,5.82,0.013,0.310
2026-02-16,-0.59,3.71,0.046,0.226
2026-02-17,-3.55,-1.15,-0.005,0.174
2026-02-18,-5.07,2.36,0.024,0.271
2026-02-19,-4.61,6.35,0.017,0.341
2026-02-20,-6.29,7.50,-0.012,0.335
2026-02-21,-6.23,6.02,-0.034,0.279
2026-02-22,-3.89,1.49,0.014,0.211
2026-02-23,-1.19,-11.37,-0.109,-0.252
2026-02-24,-2.61,-8.55,-0.063,-0.013
2026-02-25,-5.52,0.87,0.029,0.246
2026-02-26,-5.67,6.08,0.015,0.302
2026-02-27,-5.27,5.65,-0.009,0.249
2026-02-28,-3.80,4.07,0.016,0.191
2026-03-01,-4.15,2.30,-0.001,0.170
2026-03-02,-4.54,0.56,0.032,0.197
2026-03-03,-5.53,-0.68,0.005,0.184
2026-03-04,-6.15,-1.65,0.004,0.208
2026-03-05,-6.41,0.34,0.024,0.243
2026-03-06,-6.08,0.75,0.012,0.228
2026-03-07,-6.93,1.99,0.000,0.215
2026-03-08,-6.01,1.06,0.000,0.168
2026-03-09,-5.50,-0.38,-0.025,0.114
2026-03-10,-5.48,0.58,0.000,0.146
2026-03-11,-6.64,2.82,-0.013,0.197
2026-03-12,-2.74,3.38,0.063,0.217
2026-03-13,-0.54,-2.33,0.028,0.042
2026-03-14,-0.70,1.38,0.079,0.193
2026-03-15,-3.55,5.26,0.076,0.274
2026-03-16,-3.89,7.01,0.028,0.263
2026-03-17,-2.99,-5.62,-0.071,-0.096
2026-03-18,-5.25,-9.08,-0.187,-0.174
2026-03-19,-1.09,-8.90,-0.029,-0.045
2026-03-20,-1.86,-8.07,-0.061,-0.103
2026-03-21,-4.60,-4.00,-0.077,0.030
2026-03-22,-5.45,-0.96,-0.046,0.092
2026-03-23,-5.10,0.18,-0.040,0.106
2026-03-24,-4.88,-3.05,-0.083,0.040
2026-03-25,-5.66,-3.54,-0.073,0.051
2026-03-26,-5.41,-2.41,-0.074,0.070
2026-03-27,-5.76,-1.98,-0.068,0.058
2026-03-28,-5.05,-5.42,-0.118,-0.128
2026-03-29,-6.08,-4.26,-0.151,-0.086
2026-03-30,-6.80,-0.96,-0.105,0.037
2026-03-31,-7.18,0.50,-0.115,0.011
2026-04-01,-7.26,0.38,-0.151,-0.023
2026-04-02,-6.47,2.36,-0.122,0.035
2026-04-03,-5.85,1.57,-0.096,0.028
2026-04-04,-7.68,2.20,-0.121,0.049
2026-04-05,-5.59,-0.49,-0.065,0.039
2026-04-06,-2.55,-2.47,-0.120,-0.048
2026-04-07,1.93,-2.15,-0.098,-0.134
2026-04-08,1.09,-3.56,-0.207,-0.196
2026-04-09,-1.24,-2.93,-0.108,-0.077
2026-04-10,-4.66,-1.61,-0.152,-0.094
2026-04-11,-6.78,-2.20,-0.150,-0.062
2026-04-12,-6.71,-2.05,-0.112,-0.024
2026-04-13,-6.34,-0.67,-0.055,0.076
2026-04-14,-6.32,-0.66,-0.081,0.044
2026-04-15,-6.07,-0.32,-0.031,0.088
2026-04-16,-6.34,-0.44,-0.019,0.090
2026-04-17,-5.61,-0.29,-0.030,0.008
2026-04-18,-4.56,-0.16,-0.076,-0.017
2026-04-19,-4.21,-2.73,-0.096,-0.098
2026-04-20,-3.63,-4.82,-0.247,-0.235
2026-04-21,-5.14,-3.34,-0.160,-0.101
2026-04-22,-5.80,1.13,0.019,0.171
2026-04-23,-4.19,3.91,0.054,0.167
2026-04-24,-3.72,3.72,-0.166,-0.090
2026-04-25,-4.11,3.57,-0.129,0.020
2026-04-26,-4.53,3.80,-0.038,0.111
2026-04-27,-4.56,2.53,0.089,0.150
2026-04-28,-5.04,1.16,0.039,0.164
2026-04-29,-4.78,2.43,0.075,0.284
2026-04-30,-4.11,3.70,0.087,0.305
2026-05-01,-4.62,5.51,0.057,0.337
2026-05-02,-3.54,7.59,0.104,0.403
2026-05-03,-1.52,4.98,0.094,0.199
2026-05-04,-2.23,0.73,-0.027,0.147
2026-05-05,-2.66,3.66,0.122,0.290
2026-05-06,-4.49,5.17,0.062,0.328
2026-05-07,-5.28,5.10,0.000,0.280
2026-05-08,-4.65,4.82,0.022,0.267
2026-05-09,-4.72,6.27,0.076,0.328
2026-05-10,-4.03,5.55,0.123,0.335
2026-05-11,-3.84,3.34,0.116,0.296
2026-05-12,-2.68,3.09,0.108,0.318
2026-05-13,-0.57,4.08,0.149,0.332
2026-05-14,1.14,2.81,0.128,0.285
2026-05-15,-3.38,0.47,0.107,0.309
2026-05-16,-4.83,2.57,0.131,0.348
2026-05-17,-5.88,3.40,0.108,0.274
2026-05-18,-5.85,3.11,0.020,0.202
2026-05-19,-5.11,2.38,0.037,0.198
2026-05-20,-4.94,1.05,0.033,0.196
2026-05-21,-3.86,1.41,0.030,0.182
2026-05-22,-3.43,3.31,0.049,0.199
2026-05-23,-4.35,3.91,0.038,0.168
2026-05-24,-4.21,3.29,0.026,0.149
2026-05-25,-4.05,2.53,-0.002,0.140
2026-05-26,-4.91,2.84,-0.027,0.129
2026-05-27,-6.87,3.50,-0.026,0.192
2026-05-28,-4.43,4.43,0.084,0.251
2026-05-29,-4.03,3.89,-0.008,0.202
2026-05-30,-4.63,5.14,0.067,0.294
2026-05-31,-5.32,5.14,0.043,0.240
2026-06-01,-5.21,4.07,0.047,0.249
2026-06-02,-4.86,3.93,0.019,0.204
2026-06-03,-3.23,2.62,0.076,0.248
2026-06-04,-3.66,4.36,0.035,0.248
2026-06-05,-4.33,5.16,0.047,0.257
2026-06-06,-5.59,3.10,-0.006,0.181
2026-06-07,-5.80,1.23,0.018,0.202
2026-06-08,-5.53,2.58,0.010,0.221
2026-06-09,-7.23,1.80,-0.006,0.225
2026-06-10,-7.42,4.46,-0.032,0.248
2026-06-11,-7.64,4.41,-0.050,0.211
2026-06-12,-7.57,2.76,-0.071,0.140
2026-06-13,-5.33,3.33,0.002,0.196
2026-06-14,-5.02,1.35,-0.101,0.033
2026-06-15,-4.26,4.26,-0.101,0.064
2026-06-16,-5.89,5.12,-0.032,0.209
2026-06-17,-4.32,7.19,0.017,0.263
2026-06-18,-4.61,7.98,0.016,0.260
2026-06-19,-6.00,6.67,-0.010,0.240
2026-06-20,-4.90,3.96,0.001,0.206
2026-06-21,-4.82,3.50,-0.020,0.195
2026-06-22,-5.01,0.88,0.022,0.232
2026-06-23,-5.00,-1.25,-0.012,0.203
2026-06-24,-2.87,-0.77,0.044,0.208
2026-06-25,-4.48,-1.90,-0.035,0.182
2026-06-26,-5.37,-0.00,-0.028,0.197
2026-06-27,-5.04,-0.62,-0.055,0.189
2026-06-28,-3.74,-1.44,-0.009,0.202
2026-06-29,-4.86,-1.12,-0.037,0.196
2026-06-30,-3.88,-1.41,-0.047,0.171
2026-07-01,-3.05,-1.42,-0.033,0.184
2026-07-02,-3.10,-1.01,-0.031,0.188
2026-07-03,-2.93,-0.46,-0.015,0.183
2026-07-04,-2.85,-1.04,-0.021,0.156
2026-07-05,-3.25,-0.17,-0.046,0.141
2026-07-06,-3.19,0.45,-0.041,0.115
2026-07-07,-4.58,-0.81,-0.101,0.103
2026-07-08,-4.10,-2.37,-0.080,0.133
2026-07-09,-3.73,-0.93,-0.027,0.193
2026-07-10,-4.74,0.33,-0.030,0.220
2026-07-11,-3.92,0.83,-0.019,0.221
2026-07-12,-5.05,-0.00,-0.064,0.163
2026-07-13,-3.84,-1.10,-0.037,0.182
2026-07-14,-4.85,-1.39,-0.068,0.157
2026-07-15,-5.65,-0.49,-0.065,0.121
2026-07-16,-4.05,-2.15,-0.034,0.091
2026-07-17,-4.46,-1.98,-0.097,0.048
2026-07-18,-2.91,-3.01,-0.053,0.099
2026-07-19,-1.45,-1.35,-0.053,0.101
2026-07-20,-0.52,2.23,-0.065,0.041
2026-07-21,-2.26,2.11,-0.066,0.078
2026-07-22,-3.18,1.69,-0.049,0.127
2026-07-23,-3.28,-1.13,-0.093,0.084
2026-07-24,-4.25,-0.52,-0.061,0.131
2026-07-25,-3.35,0.35,0.011,0.180
2026-07-26,-1.48,-2.11,-0.037,0.115
2026-07-27,-1.37,-2.11,-0.078,0.034
2026-07-28,-0.91,1.52,-0.053,0.079
2026-07-29,-2.57,1.43,-0.039,0.021
2026-07-30,-4.28,0.15,-0.098,-0.005
2026-07-31,-4.19,-0.81,-0.105,0.033
2026-08-01,-3.09,-0.49,-0.060,0.080
2026-08-02,-2.91,-0.95,-0.105,0.057
2026-08-03,-3.48,0.93,-0.073,0.101
2026-08-04,-3.86,1.88,-0.020,0.192
2026-08-05,-3.84,-1.71,-0.002,0.211
2026-08-06,-2.82,-1.43,0.012,0.197
2026-08-07,-2.90,-1.11,0.011,0.197
2026-08-08,-2.65,0.37,0.058,0.193
2026-08-09,-3.39,-1.73,-0.077,-0.027
2026-08-10,-3.79,-0.07,-0.089,-0.006
2026-08-11,-3.71,-1.73,-0.097,0.040
2026-08-12,-3.41,-0.24,-0.013,0.189
2026-08-13,-3.71,-1.35,-0.036,0.167
2026-08-14,-4.82,-1.57,-0.072,0.122
2026-08-15,-3.83,-1.17,0.038,0.221
2026-08-16,-2.66,-3.29,-0.005,0.141
2026-08-17,-3.48,-2.62,-0.046,0.129
2026-08-18,-2.55,-1.13,0.024,0.203
2026-08-19,-2.88,-1.80,0.047,0.200
2026-08-20,-3.15,-2.37,0.048,0.191
2026-08-21,-2.76,-2.86,0.051,0.190
2026-08-22,-2.82,-0.97,0.075,0.223
2026-08-23,-2.27,-1.26,0.090,0.212
2026-08-24,-2.78,-1.94,0.044,0.187
2026-08-25,-3.35,-1.94,0.059,0.202
2026-08-26,-2.51,-1.07,0.138,0.246
2026-08-27,-2.55,-1.85,0.136,0.245
2026-08-28,-2.98,-1.27,0.086,0.206
2026-08-29,-2.08,-2.08,0.041,0.153
2026-08-30,-2.22,-1.39,-0.014,0.124
2026-08-31,-1.89,-1.37,-0.090,0.028
2026-09-01,-1.94,-1.69,-0.112,-0.098
2026-09-02,-2.61,-1.63,-0.134,-0.115
2026-09-03,-2.03,-1.04,-0.104,-0.094
2026-09-04,-2.41,-0.04,-0.119,-0.114
2026-09-05,-3.35,-0.77,-0.122,-0.086
2026-09-06,-2.78,-1.24,-0.068,-0.028
2026-09-07,-1.78,-0.99,-0.094,-0.045
2026-09-08,-2.93,-0.36,-0.068,0.013
2026-09-09,-2.64,-2.30,-0.040,0.009
2026-09-10,-1.83,-3.17,-0.098,-0.074
2026-09-11,-2.46,-0.09,-0.115,-0.121
2026-09-12,-3.92,0.90,-0.090,0.016
2026-09-13,-4.28,1.31,-0.053,0.094
2026-09-14,-4.24,-2.65,-0.135,0.022
2026-09-15,-3.51,-2.55,-0.121,0.031
2026-09-16,-4.24,-1.38,-0.126,0.026
2026-09-17,-4.30,-1.15,-0.083,0.076
2026-09-18,-1.66,-1.08,-0.076,0.036
2026-09-19,-0.72,-1.48,-0.129,-0.076
2026-09-20,0.54,-1.34,-0.132,-0.162
2026-09-21,-2.17,-0.34,-0.146,-0.158
2026-09-22,-1.71,-0.06,-0.109,-0.077
2026-09-23,-4.05,0.71,-0.106,-0.024
2026-09-24,-3.58,0.38,-0.078,0.017
2026-09-25,-2.14,2.30,-0.066,0.038
