date,wind_u,wind_v,cur_u,cur_v
2016-01-01,0.98,-3.95,,
2016-01-02,2.51,-3.45,,
2016-01-03,1.49,-3.34,,
2016-01-04,0.99,-2.73,,
2016-01-05,1.89,-1.37,,
2016-01-06,1.85,-0.82,,
2016-01-07,-0.58,2.49,,
2016-01-08,-2.48,-0.09,,
2016-01-09,-2.62,-4.03,,
2016-01-10,-1.41,-4.61,,
2016-01-11,0.51,-3.21,,
2016-01-12,0.39,-4.51,,
2016-01-13,1.93,-2.56,,
2016-01-14,1.90,-0.55,,
2016-01-15,-0.94,1.50,,
2016-01-16,-1.79,2.21,,
2016-01-17,-2.03,-3.38,,
2016-01-18,-2.08,-2.15,,
2016-01-19,-1.58,0.39,,
2016-01-20,-1.14,2.33,,
2016-01-21,-1.28,2.40,,
2016-01-22,-0.44,-3.60,,
2016-01-23,-1.79,-0.65,,
2016-01-24,-1.53,3.27,,
2016-01-25,-2.06,2.94,,
2016-01-26,-1.92,-0.44,,
2016-01-27,0.73,-5.98,,
2016-01-28,2.73,-1.64,,
2016-01-29,-0.74,2.43,,
2016-01-30,-1.10,3.21,,
2016-01-31,-0.68,2.22,,
2016-02-01,-1.92,1.45,,
2016-02-02,-3.20,1.42,,
2016-02-03,-1.17,-4.71,,
2016-02-04,-0.84,-5.27,,
2016-02-05,-1.55,-2.57,,
2016-02-06,1.04,-2.34,,
2016-02-07,-1.72,-1.44,,
2016-02-08,-1.45,2.16,,
2016-02-09,-1.17,-3.21,,
2016-02-10,0.57,1.56,,
2016-02-11,-0.92,3.19,,
2016-02-12,-1.76,2.82,,
2016-02-13,-2.29,1.02,,
2016-02-14,-1.54,3.16,,
2016-02-15,-1.71,1.97,,
2016-02-16,-1.89,0.65,,
2016-02-17,-2.22,0.55,,
2016-02-18,-2.38,0.64,,
2016-02-19,-1.96,2.11,,
2016-02-20,-2.52,2.19,,
2016-02-21,-2.48,2.40,,
2016-02-22,-2.64,0.76,,
2016-02-23,-2.11,2.69,,
2016-02-24,-1.75,-5.07,,
2016-02-25,-0.90,2.61,,
2016-02-26,-2.33,-0.00,,
2016-02-27,-1.49,1.83,,
2016-02-28,-1.96,3.13,,
2016-02-29,-2.33,2.10,,
2016-03-01,-1.97,2.27,,
2016-03-02,-2.03,1.22,,
2016-03-03,-2.03,2.34,,
2016-03-04,-3.11,-0.55,,
2016-03-05,-2.61,1.16,,
2016-03-06,-2.63,2.06,,
2016-03-07,-3.09,3.43,,
2016-03-08,-2.79,1.96,,
2016-03-09,-3.45,-0.99,,
2016-03-10,2.08,-3.90,,
2016-03-11,-0.76,2.64,,
2016-03-12,-2.41,0.74,,
2016-03-13,-2.11,2.34,,
2016-03-14,-2.20,1.48,,
2016-03-15,-2.33,2.42,,
2016-03-16,-2.59,-0.46,,
2016-03-17,-2.41,0.78,,
2016-03-18,-2.47,0.80,,
2016-03-19,-2.38,-4.12,,
2016-03-20,0.82,-5.84,,
2016-03-21,0.06,-3.63,,
2016-03-22,-1.06,3.47,,
2016-03-23,-1.77,3.47,,
2016-03-24,-4.16,-0.96,,
2016-03-25,-2.56,-2.31,,
2016-03-26,-2.14,1.19,,
2016-03-27,-2.58,0.27,,
2016-03-28,-2.25,-2.99,,
2016-03-29,-2.67,0.33,,
2016-03-30,-2.86,1.65,,
2016-03-31,-2.38,0.33,,
2016-04-01,-2.73,-0.99,,
2016-04-02,-1.86,-6.50,,
2016-04-03,-1.77,-3.47,,
2016-04-04,-2.46,0.99,,
2016-04-05,-2.87,0.99,,
2016-04-06,-2.75,2.48,,
2016-04-07,-2.78,0.29,,
2016-04-08,-3.30,1.27,,
2016-04-09,-3.43,1.18,,
2016-04-10,-3.31,2.40,,
2016-04-11,-2.99,1.03,,
2016-04-12,-2.80,-0.65,,
2016-04-13,-2.82,-0.81,,
2016-04-14,-1.91,-2.94,,
2016-04-15,-2.82,-0.55,,
2016-04-16,-2.95,1.57,,
2016-04-17,-2.98,0.31,,
2016-04-18,-3.20,-0.22,,
2016-04-19,-3.75,-0.13,,
2016-04-20,-1.93,1.35,,
2016-04-21,-2.59,0.79,,
2016-04-22,-2.28,-1.06,,
2016-04-23,-2.34,-0.54,,
2016-04-24,-2.20,1.66,,
2016-04-25,-2.37,1.79,,
2016-04-26,-2.52,1.97,,
2016-04-27,-2.68,1.43,,
2016-04-28,-2.37,-0.91,,
2016-04-29,-2.79,1.42,,
2016-04-30,-2.48,0.26,,
2016-05-01,-2.41,-0.97,,
2016-05-02,-2.77,-1.94,,
2016-05-03,-0.58,-4.13,,
2016-05-04,0.78,-3.66,,
2016-05-05,1.53,-1.29,,
2016-05-06,-2.47,1.15,,
2016-05-07,-3.22,2.70,,
2016-05-08,-2.97,3.19,,
2016-05-09,-3.20,1.04,,
2016-05-10,-2.67,1.30,,
2016-05-11,-3.17,1.28,,
2016-05-12,-3.39,0.66,,
2016-05-13,-2.71,-2.44,,
2016-05-14,-2.75,-0.10,,
2016-05-15,-3.43,1.46,,
2016-05-16,-2.86,2.07,,
2016-05-17,-2.61,1.16,,
2016-05-18,-3.66,-0.78,,
2016-05-19,-2.98,0.80,,
2016-05-20,-3.28,-0.17,,
2016-05-21,-2.94,0.15,,
2016-05-22,-2.89,1.35,,
2016-05-23,-3.85,0.89,,
2016-05-24,-3.63,0.51,,
2016-05-25,-3.77,1.01,,
2016-05-26,-3.86,0.82,,
2016-05-27,-3.19,2.07,,
2016-05-28,-3.78,1.61,,
2016-05-29,-2.42,0.38,,
2016-05-30,-3.31,1.08,,
2016-05-31,-3.33,1.77,,
2016-06-01,-4.10,0.72,,
2016-06-02,-2.14,1.79,,
2016-06-03,-2.48,-0.85,,
2016-06-04,-2.67,0.92,,
2016-06-05,0.96,-3.14,,
2016-06-06,2.13,-0.19,,
2016-06-07,-2.22,1.13,,
2016-06-08,-2.38,1.21,,
2016-06-09,-2.48,1.43,,
2016-06-10,-3.21,2.01,,
2016-06-11,-2.17,1.01,,
2016-06-12,-2.24,0.95,,
2016-06-13,-2.37,1.66,,
2016-06-14,-3.33,2.33,,
2016-06-15,-3.47,2.17,,
2016-06-16,-2.53,1.24,,
2016-06-17,-2.84,1.21,,
2016-06-18,-3.11,-0.78,,
2016-06-19,-1.10,-3.84,,
2016-06-20,-3.23,-3.71,,
2016-06-21,-3.25,-2.28,,
2016-06-22,-1.72,1.55,,
2016-06-23,-2.09,1.69,,
2016-06-24,-2.39,1.32,,
2016-06-25,-3.16,0.96,,
2016-06-26,-2.54,-0.09,,
2016-06-27,-2.20,-0.67,,
2016-06-28,-1.80,0.22,,
2016-06-29,-2.10,1.07,,
2016-06-30,-1.98,1.85,,
2016-07-01,-2.39,1.80,,
2016-07-02,-2.14,2.00,,
2016-07-03,-2.52,2.44,,
2016-07-04,-2.91,2.53,,
2016-07-05,-3.24,2.27,,
2016-07-06,-2.51,2.34,,
2016-07-07,-2.67,2.16,,
2016-07-08,-3.33,2.16,,
2016-07-09,-2.94,2.30,,
2016-07-10,-3.09,2.50,,
2016-07-11,-3.37,2.19,,
2016-07-12,-1.53,2.44,,
2016-07-13,-1.87,1.31,,
2016-07-14,-1.96,1.59,,
2016-07-15,-2.49,1.44,,
2016-07-16,-2.70,1.20,,
2016-07-17,-2.49,0.81,,
2016-07-18,-2.54,0.83,,
2016-07-19,-2.36,-1.53,,
2016-07-20,-2.15,-2.15,,
2016-07-21,-2.11,-2.60,,
2016-07-22,-0.94,-2.33,,
2016-07-23,-2.71,0.73,,
2016-07-24,-2.22,2.07,,
2016-07-25,-2.75,2.00,,
2016-07-26,-2.97,2.00,,
2016-07-27,-3.45,1.76,,
2016-07-28,-2.44,0.26,,
2016-07-29,-2.62,0.95,,
2016-07-30,-2.67,0.97,,
2016-07-31,-1.97,1.23,,
2016-08-01,-2.45,1.31,,
2016-08-02,-2.39,0.82,,
2016-08-03,-2.16,0.92,,
2016-08-04,-2.83,0.20,,
2016-08-05,-3.11,-1.01,,
2016-08-06,-2.80,-1.49,,
2016-08-07,-2.44,-0.56,,
2016-08-08,-2.28,0.87,,
2016-08-09,-1.85,1.30,,
2016-08-10,-2.61,1.33,,
2016-08-11,-2.22,2.07,,
2016-08-12,-2.52,2.71,,
2016-08-13,-2.94,1.91,,
2016-08-14,-3.15,1.90,,
2016-08-15,-2.45,-0.99,,
2016-08-16,-2.52,-0.22,,
2016-08-17,-3.18,-0.56,,
2016-08-18,-2.12,0.11,,
2016-08-19,-2.43,1.70,,
2016-08-20,-2.40,2.31,,
2016-08-21,-2.37,1.54,,
2016-08-22,-1.79,1.08,,
2016-08-23,-1.74,1.13,,
2016-08-24,-1.49,0.79,,
2016-08-25,-2.10,0.26,,
2016-08-26,-2.16,-0.50,,
2016-08-27,-2.23,-0.39,,
2016-08-28,-1.61,0.37,,
2016-08-29,-2.50,0.09,,
2016-08-30,-2.17,-0.88,,
2016-08-31,-0.07,-1.91,,
2016-09-01,-1.17,-2.89,,
2016-09-02,0.25,-1.79,,
2016-09-03,-1.53,-2.10,,
2016-09-04,-2.16,-0.11,,
2016-09-05,-2.34,0.76,,
2016-09-06,-2.08,0.80,,
2016-09-07,-2.01,1.57,,
2016-09-08,-1.52,1.74,,
2016-09-09,-1.60,2.21,,
2016-09-10,-2.01,1.63,,
2016-09-11,-1.60,-1.25,,
2016-09-12,-1.74,-1.22,,
2016-09-13,-2.21,1.43,,
2016-09-14,-2.23,-0.16,,
2016-09-15,-2.03,-0.18,,
2016-09-16,-1.92,1.44,,
2016-09-17,-2.24,1.69,,
2016-09-18,-2.06,0.92,,
2016-09-19,-2.42,1.18,,
2016-09-20,-2.57,-0.50,,
2016-09-21,1.93,-1.51,,
2016-09-22,-2.45,0.75,,
2016-09-23,-1.68,1.87,,
2016-09-24,-2.21,1.99,,
2016-09-25,-2.61,2.35,,
2016-09-26,-2.29,-2.13,,
2016-09-27,-1.10,-5.19,,
2016-09-28,-1.29,-6.06,,
2016-09-29,-1.68,-2.40,,
2016-09-30,0.61,-2.12,,
2016-10-01,-0.66,-2.46,,
2016-10-02,-1.29,-1.91,,
2016-10-03,-0.62,-2.32,,
2016-10-04,-1.49,1.98,,
2016-10-05,-2.06,1.61,,
2016-10-06,-2.05,1.04,,
2016-10-07,-2.30,-0.00,,
2016-10-08,-0.83,-3.92,,
2016-10-09,-1.52,-5.29,,
2016-10-10,0.14,-2.59,,
2016-10-11,-0.04,-2.18,,
2016-10-12,-1.56,-1.86,,
2016-10-13,-2.28,-0.24,,
2016-10-14,-1.78,-0.65,,
2016-10-15,-1.73,-0.21,,
2016-10-16,-2.08,0.44,,
2016-10-17,-1.37,1.15,,
2016-10-18,-1.67,2.57,,
2016-10-19,-1.93,1.30,,
2016-10-20,-1.87,-0.00,,
2016-10-21,-0.34,-4.89,,
2016-10-22,0.59,-4.19,,
2016-10-23,0.16,-1.77,,
2016-10-24,1.51,-0.46,,
2016-10-25,-1.48,-1.64,,
2016-10-26,-1.53,-2.03,,
2016-10-27,-0.82,-2.70,,
2016-10-28,-0.21,-3.05,,
2016-10-29,0.00,-2.91,,
2016-10-30,0.43,-2.70,,
2016-10-31,0.64,-1.97,,
2016-11-01,-1.46,-1.14,,
2016-11-02,-1.96,-0.07,,
2016-11-03,-1.87,-0.91,,
2016-11-04,-1.46,-2.86,,
2016-11-05,-1.32,-1.96,,
2016-11-06,-1.45,1.17,,
2016-11-07,-1.64,1.64,,
2016-11-08,-1.61,-1.79,,
2016-11-09,1.64,-5.05,,
2016-11-10,3.84,-1.79,,
2016-11-11,3.63,-2.94,,
2016-11-12,2.39,-3.28,,
2016-11-13,2.24,-2.17,,
2016-11-14,0.95,-2.14,,
2016-11-15,0.29,-2.36,,
2016-11-16,1.27,-0.29,,
2016-11-17,-0.17,2.47,,
2016-11-18,-1.18,2.42,,
2016-11-19,-0.19,-5.40,,
2016-11-20,2.71,-2.44,,
2016-11-21,2.29,0.24,,
2016-11-22,-0.48,2.27,,
2016-11-23,-1.12,2.20,,
2016-11-24,-1.86,0.53,,
2016-11-25,0.15,-2.15,,
2016-11-26,-0.58,-2.75,,
2016-11-27,1.11,-0.90,,
2016-11-28,-0.73,3.44,,
2016-11-29,-1.37,2.03,,
2016-11-30,-2.10,-3.63,,
2016-12-01,1.40,-3.00,,
2016-12-02,-1.69,1.32,,
2016-12-03,-1.32,2.39,,
2016-12-04,-2.54,-0.78,,
2016-12-05,-1.62,-4.23,,
2016-12-06,-1.70,-1.19,,
2016-12-07,-1.74,0.92,,
2016-12-08,-1.33,-3.28,,
2016-12-09,3.37,-4.82,,
2016-12-10,2.65,-2.30,,
2016-12-11,2.42,-0.69,,
2016-12-12,-0.60,2.43,,
2016-12-13,-0.88,2.42,,
2016-12-14,-1.83,-0.42,,
2016-12-15,-1.01,-2.38,,
2016-12-16,-1.47,1.81,,
2016-12-17,-1.73,2.88,,
2016-12-18,-2.17,-4.08,,
2016-12-19,0.71,-4.49,,
2016-12-20,1.10,-2.60,,
2016-12-21,1.92,-0.59,,
2016-12-22,0.33,1.88,,
2016-12-23,-1.24,1.58,,
2016-12-24,-1.22,2.20,,
2016-12-25,-0.98,2.21,,
2016-12-26,-1.83,1.49,,
2016-12-27,-1.38,-0.37,,
2016-12-28,-1.42,-0.05,,
2016-12-29,-1.25,1.49,,
2016-12-30,1.76,-5.40,,
2016-12-31,0.82,3.28,,
2017-01-01,-0.14,2.00,,
2017-01-02,-0.72,1.78,,
2017-01-03,-0.83,-2.05,,
2017-01-04,-0.26,-1.88,,
2017-01-05,-1.69,1.81,,
2017-01-06,-0.95,-3.79,,
2017-01-07,0.53,-10.19,,
2017-01-08,3.41,-2.30,,
2017-01-09,2.19,0.47,,
2017-01-10,0.73,2.54,,
2017-01-11,-0.00,2.79,,
2017-01-12,-0.68,2.93,,
2017-01-13,-1.32,1.82,,
2017-01-14,-1.70,0.24,,
2017-01-15,-1.10,2.07,,
2017-01-16,-1.34,2.75,,
2017-01-17,-2.03,2.69,,
2017-01-18,-1.62,2.32,,
2017-01-19,-2.55,-0.00,,
2017-01-20,-1.36,2.46,,
2017-01-21,1.02,3.33,,
2017-01-22,1.07,-6.76,,
2017-01-23,-0.64,2.22,,
2017-01-24,-1.00,3.49,,
2017-01-25,-1.11,3.62,,
2017-01-26,-1.07,-6.76,,
2017-01-27,-0.18,-3.39,,
2017-01-28,1.34,-5.82,,
2017-01-29,1.61,-3.61,,
2017-01-30,2.16,1.05,,
2017-01-31,-0.24,2.79,,
2017-02-01,-0.36,2.97,,
2017-02-02,-1.55,2.39,,
2017-02-03,-1.98,-0.64,,
2017-02-04,-1.53,1.43,,
2017-02-05,-0.69,2.00,,
2017-02-06,-1.23,2.53,,
2017-02-07,-1.45,2.98,,
2017-02-08,-1.29,2.54,,
2017-02-09,-1.75,-3.03,,
2017-02-10,-1.73,-2.38,,
2017-02-11,-1.25,2.35,,
2017-02-12,-1.88,2.32,,
2017-02-13,-2.87,1.80,,
2017-02-14,-1.96,2.25,,
2017-02-15,-1.28,-8.07,,
2017-02-16,-0.10,-2.99,,
2017-02-17,1.85,1.98,,
2017-02-18,-1.63,2.61,,
2017-02-19,-2.08,2.76,,
2017-02-20,-4.53,-1.30,,
2017-02-21,0.77,-3.99,,
2017-02-22,1.31,2.28,,
2017-02-23,-0.70,2.63,,
2017-02-24,-1.76,3.30,,
2017-02-25,-1.01,-4.36,,
2017-02-26,-2.63,2.13,,
2017-02-27,-2.18,1.96,,
2017-02-28,-2.64,2.21,,
2017-03-01,-2.83,2.13,,
2017-03-02,-1.44,-5.39,,
2017-03-03,3.46,-4.94,,
2017-03-04,3.31,-1.20,,
2017-03-05,-1.21,-1.55,,
2017-03-06,-1.91,2.35,,
2017-03-07,-2.12,1.43,,
2017-03-08,-2.13,-0.45,,
2017-03-09,-2.43,0.60,,
2017-03-10,-2.50,0.44,,
2017-03-11,-1.90,1.38,,
2017-03-12,-1.60,-2.67,,
2017-03-13,-1.01,-3.78,,
2017-03-14,-1.82,-4.73,,
2017-03-15,-2.10,2.17,,
2017-03-16,-3.03,2.63,,
2017-03-17,-2.33,3.58,,
2017-03-18,-2.45,2.36,,
2017-03-19,-1.95,1.47,,
2017-03-20,-2.76,2.95,,
2017-03-21,-2.42,3.33,,
2017-03-22,-2.74,2.84,,
2017-03-23,-3.35,2.81,,
2017-03-24,-2.83,3.89,,
2017-03-25,-2.86,0.93,,
2017-03-26,-2.49,2.86,,
2017-03-27,-2.98,2.98,,
2017-03-28,-2.86,2.15,,
2017-03-29,-3.22,1.17,,
2017-03-30,-1.51,-4.66,,
2017-03-31,-3.00,0.69,,
2017-04-01,-2.84,2.14,,
2017-04-02,-2.18,2.60,,
2017-04-03,-2.86,-5.38,,
2017-04-04,-1.80,1.80,,
2017-04-05,-3.31,-3.09,,
2017-04-06,-1.96,-4.84,,
2017-04-07,-2.94,0.36,,
2017-04-08,-3.00,1.66,,
2017-04-09,-2.60,2.89,,
2017-04-10,-3.38,2.37,,
2017-04-11,-4.46,1.28,,
2017-04-12,-3.66,1.05,,
2017-04-13,-3.23,0.69,,
2017-04-14,-2.73,0.73,,
2017-04-15,-3.00,2.18,,
2017-04-16,-3.20,2.00,,
2017-04-17,-3.11,2.02,,
2017-04-18,-2.59,-0.99,,
2017-04-19,-2.22,0.43,,
2017-04-20,-2.62,1.22,,
2017-04-21,-2.75,2.15,,
2017-04-22,-2.83,2.93,,
2017-04-23,-3.37,-4.31,,
2017-04-24,-3.35,-1.42,,
2017-04-25,-2.57,4.45,,
2017-04-26,-1.34,4.37,,
2017-04-27,-2.00,-3.46,,
2017-04-28,-2.27,2.35,,
2017-04-29,-2.63,2.72,,
2017-04-30,-4.90,-6.74,,
2017-05-01,-1.58,-3.54,,
2017-05-02,-3.26,-0.40,,
2017-05-03,-2.63,2.63,,
2017-05-04,-2.69,-6.05,,
2017-05-05,-2.75,-1.11,,
2017-05-06,-2.32,2.66,,
2017-05-07,-2.91,3.23,,
2017-05-08,-3.69,2.78,,
2017-05-09,-3.12,2.19,,
2017-05-10,-3.45,2.60,,
2017-05-11,-3.65,3.06,,
2017-05-12,-2.81,-0.60,,
2017-05-13,-2.35,-1.00,,
2017-05-14,-3.42,1.11,,
2017-05-15,-3.52,2.95,,
2017-05-16,-4.52,3.53,,
2017-05-17,-3.92,2.95,,
2017-05-18,-3.42,1.74,,
2017-05-19,-3.38,1.88,,
2017-05-20,-3.85,1.48,,
2017-05-21,-3.78,-0.46,,
2017-05-22,-3.86,1.72,,
2017-05-23,-3.65,1.63,,
2017-05-24,-2.84,-4.72,,
2017-05-25,-3.76,2.44,,
2017-05-26,-3.47,3.02,,
2017-05-27,-3.60,2.00,,
2017-05-28,-2.99,2.25,,
2017-05-29,-4.78,0.25,,
2017-05-30,-2.64,-3.15,,
2017-05-31,-2.04,-0.74,,
2017-06-01,-1.95,1.26,,
2017-06-02,-2.47,2.38,,
2017-06-03,-2.29,0.44,,
2017-06-04,-2.50,-1.22,,
2017-06-05,-1.85,2.13,,
2017-06-06,-1.54,2.28,,
2017-06-07,-0.80,-1.98,,
2017-06-08,-1.65,-1.83,,
2017-06-09,-2.92,0.73,,
2017-06-10,-3.00,2.02,,
2017-06-11,-2.94,2.06,,
2017-06-12,-2.97,1.72,,
2017-06-13,-3.15,0.44,,
2017-06-14,-3.43,1.60,,
2017-06-15,-2.91,1.89,,
2017-06-16,-2.50,2.17,,
2017-06-17,-2.94,3.63,,
2017-06-18,-3.17,3.06,,
2017-06-19,-3.15,0.96,,
2017-06-20,-1.50,-2.71,,
2017-06-21,-1.57,-1.74,,
2017-06-22,-2.97,3.41,,
2017-06-23,-4.34,3.51,,
2017-06-24,-3.57,1.37,,
2017-06-25,-2.37,-2.06,,
2017-06-26,-2.28,0.36,,
2017-06-27,-1.33,2.29,,
2017-06-28,-1.94,1.69,,
2017-06-29,-2.13,2.06,,
2017-06-30,-2.85,2.39,,
2017-07-01,-2.45,2.63,,
2017-07-02,-2.10,1.03,,
2017-07-03,-2.49,1.56,,
2017-07-04,-2.14,2.00,,
2017-07-05,-2.11,1.59,,
2017-07-06,-2.43,1.08,,
2017-07-07,-2.56,0.73,,
2017-07-08,-2.65,-0.37,,
2017-07-09,-2.10,-0.89,,
2017-07-10,-0.00,1.46,,
2017-07-11,-1.78,-1.20,,
2017-07-12,-1.86,0.57,,
2017-07-13,-2.43,0.43,,
2017-07-14,-2.91,-0.20,,
2017-07-15,-1.80,0.42,,
2017-07-16,-1.53,2.26,,
2017-07-17,-2.11,2.19,,
2017-07-18,-2.47,1.60,,
2017-07-19,-2.41,1.02,,
2017-07-20,-2.58,-0.05,,
2017-07-21,-1.67,1.85,,
2017-07-22,-1.92,1.85,,
2017-07-23,-2.29,2.37,,
2017-07-24,-2.46,2.38,,
2017-07-25,-2.16,1.10,,
2017-07-26,-2.00,0.73,,
2017-07-27,-1.85,0.60,,
2017-07-28,-2.02,1.12,,
2017-07-29,-1.69,2.33,,
2017-07-30,-2.00,2.22,,
2017-07-31,-1.98,1.73,,
2017-08-01,-2.09,1.41,,
2017-08-02,-2.39,1.38,,
2017-08-03,-2.12,1.60,,
2017-08-04,-2.40,2.09,,
2017-08-05,-1.94,1.51,,
2017-08-06,-2.20,2.71,,
2017-08-07,-2.96,2.40,,
2017-08-08,-2.21,0.51,,
2017-08-09,-1.08,-4.04,,
2017-08-10,-5.52,-2.57,,
2017-08-11,-2.07,-2.22,,
2017-08-12,-2.26,1.10,,
2017-08-13,-1.71,2.35,,
2017-08-14,-2.50,2.88,,
2017-08-15,-3.11,3.22,,
2017-08-16,-3.32,2.99,,
2017-08-17,-2.29,2.46,,
2017-08-18,-2.24,1.14,,
2017-08-19,-2.12,1.08,,
2017-08-20,-2.09,0.84,,
2017-08-21,-2.40,-0.04,,
2017-08-22,-2.23,-1.39,,
2017-08-23,-0.85,-2.62,,
2017-08-24,0.27,-3.10,,
2017-08-25,-0.17,2.40,,
2017-08-26,-1.64,2.84,,
2017-08-27,-1.81,1.27,,
2017-08-28,1.82,-1.58,,
2017-08-29,-0.26,1.87,,
2017-08-30,-1.37,2.37,,
2017-08-31,-0.87,1.64,,
2017-09-01,-1.74,0.70,,
2017-09-02,-1.73,-1.40,,
2017-09-03,-1.66,-2.04,,
2017-09-04,-0.86,-2.82,,
2017-09-05,2.81,-5.06,,
2017-09-06,2.45,-7.13,,
2017-09-07,0.78,-6.38,,
2017-09-08,2.30,-5.98,,
2017-09-09,-0.40,-5.67,,
2017-09-10,-0.19,-5.31,,
2017-09-11,0.54,-4.39,,
2017-09-12,0.94,-1.93,,
2017-09-13,-1.33,2.51,,
2017-09-14,-1.76,3.04,,
2017-09-15,-2.34,2.51,,
2017-09-16,-2.37,1.00,,
2017-09-17,-2.16,-0.30,,
2017-09-18,-2.18,0.83,,
2017-09-19,-2.18,1.21,,
2017-09-20,-2.43,1.76,,
2017-09-21,-2.66,1.36,,
2017-09-22,-2.52,0.92,,
2017-09-23,-2.45,0.34,,
2017-09-24,-2.08,0.60,,
2017-09-25,-1.93,1.20,,
2017-09-26,-1.95,1.47,,
2017-09-27,-2.15,-1.19,,
2017-09-28,-1.21,-2.60,,
2017-09-29,-0.51,-4.83,,
2017-09-30,-0.64,-6.13,,
2017-10-01,-1.68,-4.89,,
2017-10-02,-0.98,-2.20,,
2017-10-03,-1.29,-2.42,,
2017-10-04,-3.61,-2.92,,
2017-10-05,-1.19,-3.67,,
2017-10-06,-0.52,-3.71,,
2017-10-07,-1.94,0.67,,
2017-10-08,-1.39,2.15,,
2017-10-09,-1.99,2.29,,
2017-10-10,-2.55,0.22,,
2017-10-11,-0.12,-6.69,,
2017-10-12,0.48,-5.46,,
2017-10-13,0.20,-2.89,,
2017-10-14,-1.36,-1.62,,
2017-10-15,-0.94,-1.63,,
2017-10-16,1.10,-6.26,,
2017-10-17,2.14,-5.57,,
2017-10-18,1.43,-2.93,,
2017-10-19,1.02,-2.19,,
2017-10-20,-1.26,-1.10,,
2017-10-21,-1.58,1.95,,
2017-10-22,-2.37,0.42,,
2017-10-23,-0.58,-3.63,,
2017-10-24,-2.21,-4.16,,
2017-10-25,-0.47,-5.35,,
2017-10-26,-0.74,3.20,,
2017-10-27,-0.41,3.33,,
2017-10-28,0.00,-6.63,,
2017-10-29,0.70,-3.32,,
2017-10-30,1.71,0.87,,
2017-10-31,-0.00,2.33,,
2017-11-01,-2.23,3.31,,
2017-11-02,-2.12,3.15,,
2017-11-03,-2.56,2.84,,
2017-11-04,-2.13,2.06,,
2017-11-05,-1.82,3.15,,
2017-11-06,-1.43,3.53,,
2017-11-07,-1.21,2.71,,
2017-11-08,-1.72,1.78,,
2017-11-09,-1.86,-4.38,,
2017-11-10,0.79,-3.70,,
2017-11-11,0.69,-2.57,,
2017-11-12,-1.62,-0.43,,
2017-11-13,-0.68,-2.54,,
2017-11-14,0.47,-2.66,,
2017-11-15,-1.14,-1.36,,
2017-11-16,-1.11,-1.65,,
2017-11-17,-1.90,2.04,,
2017-11-18,-1.70,4.00,,
2017-11-19,0.00,-5.85,,
2017-11-20,1.23,-2.90,,
2017-11-21,0.95,2.24,,
2017-11-22,1.35,-5.03,,
2017-11-23,1.66,-3.74,,
2017-11-24,1.92,1.45,,
2017-11-25,-0.55,2.83,,
2017-11-26,-2.08,1.20,,
2017-11-27,-0.91,-1.86,,
2017-11-28,-1.64,1.76,,
2017-11-29,-2.06,0.96,,
2017-11-30,-0.84,1.57,,
2017-12-01,-1.17,-1.87,,
2017-12-02,0.65,-1.78,,
2017-12-03,-1.99,0.68,,
2017-12-04,-1.39,2.41,,
2017-12-05,-2.11,2.69,,
2017-12-06,-2.63,-3.62,,
2017-12-07,1.39,-6.02,,
2017-12-08,2.22,-7.73,,
2017-12-09,3.54,-1.43,,
2017-12-10,2.94,0.57,,
2017-12-11,2.18,0.63,,
2017-12-12,2.12,0.77,,
2017-12-13,0.67,-1.96,,
2017-12-14,-0.57,2.48,,
2017-12-15,0.71,-4.49,,
2017-12-16,3.09,-1.85,,
2017-12-17,0.49,1.84,,
2017-12-18,0.93,-1.76,,
2017-12-19,-1.89,1.38,,
2017-12-20,-1.91,1.19,,
2017-12-21,-1.17,2.21,,
2017-12-22,-1.96,2.79,,
2017-12-23,-0.87,-5.47,,
2017-12-24,-0.48,-2.08,,
2017-12-25,-0.40,-3.83,,
2017-12-26,-0.12,2.24,,
2017-12-27,-2.38,-1.38,,
2017-12-28,-1.11,-6.31,,
2017-12-29,0.64,-4.03,,
2017-12-30,1.99,0.65,,
2017-12-31,-0.75,2.30,,
2018-01-01,0.13,-7.49,,
2018-01-02,2.15,-4.04,,
2018-01-03,1.33,-5.76,,
2018-01-04,1.03,-2.54,,
2018-01-05,1.81,-1.81,,
2018-01-06,1.92,-1.85,,
2018-01-07,-1.16,2.48,,
2018-01-08,-0.89,-3.11,,
2018-01-09,-0.56,-2.08,,
2018-01-10,-1.38,2.83,,
2018-01-11,-0.72,2.87,,
2018-01-12,-0.65,-6.19,,
2018-01-13,-1.18,-4.10,,
2018-01-14,-1.29,-2.15,,
2018-01-15,0.61,1.58,,
2018-01-16,-0.79,-3.15,,
2018-01-17,1.77,-6.17,,
2018-01-18,3.11,-2.43,,
2018-01-19,2.15,-1.51,,
2018-01-20,1.58,1.43,,
2018-01-21,-0.63,2.73,,
2018-01-22,-2.76,-1.29,,
2018-01-23,0.22,-6.25,,
2018-01-24,1.53,-5.34,,
2018-01-25,3.03,-2.64,,
2018-01-26,2.11,-0.61,,
2018-01-27,-1.38,-1.11,,
2018-01-28,-1.44,-5.37,,
2018-01-29,-0.56,-8.05,,
2018-01-30,0.50,-4.72,,
2018-01-31,-1.54,1.65,,
2018-02-01,-1.11,3.05,,
2018-02-02,-2.44,-2.27,,
2018-02-03,-1.56,-3.87,,
2018-02-04,-1.41,2.26,,
2018-02-05,-2.16,1.30,,
2018-02-06,-1.92,1.67,,
2018-02-07,-2.70,0.98,,
2018-02-08,-0.88,-7.20,,
2018-02-09,0.87,-2.52,,
2018-02-10,-1.23,3.38,,
2018-02-11,-1.58,3.38,,
2018-02-12,-1.15,-6.50,,
2018-02-13,1.36,-3.05,,
2018-02-14,0.10,-1.98,,
2018-02-15,-2.16,1.57,,
2018-02-16,-2.49,1.74,,
2018-02-17,-2.63,1.64,,
2018-02-18,-2.52,1.12,,
2018-02-19,-2.49,2.67,,
2018-02-20,-2.81,2.71,,
2018-02-21,-2.79,1.81,,
2018-02-22,-3.51,1.28,,
2018-02-23,-2.70,1.69,,
2018-02-24,-2.60,2.99,,
2018-02-25,-2.82,2.45,,
2018-02-26,-2.29,-1.66,,
2018-02-27,-3.13,2.11,,
2018-02-28,-2.88,3.09,,
2018-03-01,-4.84,-1.03,,
2018-03-02,0.00,-5.86,,
2018-03-03,-0.66,-3.40,,
2018-03-04,-2.37,1.66,,
2018-03-05,-2.66,1.86,,
2018-03-06,-2.54,0.45,,
2018-03-07,-1.01,-8.19,,
2018-03-08,1.48,-3.32,,
2018-03-09,0.63,-2.96,,
2018-03-10,-2.03,2.18,,
2018-03-11,-2.37,1.48,,
2018-03-12,-1.52,-7.17,,
2018-03-13,0.09,-5.06,,
2018-03-14,-0.19,-3.70,,
2018-03-15,-2.21,1.72,,
2018-03-16,-1.89,0.69,,
2018-03-17,-2.32,0.84,,
2018-03-18,-2.10,1.96,,
2018-03-19,-2.17,2.10,,
2018-03-20,-1.83,-4.78,,
2018-03-21,-2.82,-2.54,,
2018-03-22,-3.45,0.30,,
2018-03-23,-2.82,2.05,,
2018-03-24,-3.16,3.52,,
2018-03-25,-2.73,3.03,,
2018-03-26,-3.02,2.27,,
2018-03-27,-3.82,2.12,,
2018-03-28,-3.53,2.12,,
2018-03-29,-3.21,-4.95,,
2018-03-30,-0.14,-4.00,,
2018-03-31,-1.07,-2.95,,
2018-04-01,-2.76,1.86,,
2018-04-02,-2.78,3.32,,
2018-04-03,-3.13,3.13,,
2018-04-04,-3.16,-3.39,,
2018-04-05,-0.79,-4.08,,
2018-04-06,-2.52,1.12,,
2018-04-07,-3.13,0.44,,
2018-04-08,-2.13,-5.85,,
2018-04-09,-2.75,1.34,,
2018-04-10,-2.63,-5.38,,
2018-04-11,-0.51,-4.89,,
2018-04-12,-2.16,2.16,,
2018-04-13,-2.61,2.61,,
2018-04-14,-6.22,-3.89,,
2018-04-15,-1.68,-3.61,,
2018-04-16,-2.09,2.88,,
2018-04-17,-2.86,4.09,,
2018-04-18,-2.94,3.27,,
2018-04-19,-3.47,-1.00,,
2018-04-20,-3.09,0.43,,
2018-04-21,-3.50,3.50,,
2018-04-22,-2.83,-0.92,,
2018-04-23,-3.09,-2.60,,
2018-04-24,-3.61,-0.51,,
2018-04-25,-3.56,1.02,,
2018-04-26,-3.62,-0.90,,
2018-04-27,-2.67,-1.08,,
2018-04-28,-4.10,-0.80,,
2018-04-29,-2.89,0.67,,
2018-04-30,-3.18,1.69,,
2018-05-01,-2.78,2.09,,
2018-05-02,-3.18,2.40,,
2018-05-03,-3.10,1.25,,
2018-05-04,-3.42,1.74,,
2018-05-05,-2.67,-2.87,,
2018-05-06,-0.97,-2.67,,
2018-05-07,-2.19,-0.84,,
2018-05-08,-2.48,0.48,,
2018-05-09,-2.91,2.81,,
2018-05-10,-2.76,1.41,,
2018-05-11,-2.70,2.11,,
2018-05-12,-3.06,1.91,,
2018-05-13,-3.63,1.47,,
2018-05-14,-3.74,1.91,,
2018-05-15,-3.65,2.02,,
2018-05-16,-3.15,1.60,,
2018-05-17,-3.22,1.94,,
2018-05-18,-3.48,3.25,,
2018-05-19,-3.56,3.21,,
2018-05-20,-3.87,1.97,,
2018-05-21,-4.59,1.85,,
2018-05-22,-3.47,0.80,,
2018-05-23,-3.14,0.84,,
2018-05-24,-3.12,-0.00,,
2018-05-25,-2.55,0.22,,
2018-05-26,-2.49,1.11,,
2018-05-27,-2.94,2.55,,
2018-05-28,-2.84,2.14,,
2018-05-29,-3.72,3.01,,
2018-05-30,-3.52,3.28,,
2018-05-31,-3.67,2.29,,
2018-06-01,-3.50,1.20,,
2018-06-02,-3.21,2.69,,
2018-06-03,-3.09,2.25,,
2018-06-04,-2.52,2.35,,
2018-06-05,-2.79,3.21,,
2018-06-06,-3.34,3.00,,
2018-06-07,-3.47,1.85,,
2018-06-08,-3.23,0.28,,
2018-06-09,-3.37,1.29,,
2018-06-10,-2.93,2.05,,
2018-06-11,-2.79,2.60,,
2018-06-12,-3.65,2.37,,
2018-06-13,-2.37,0.86,,
2018-06-14,-2.38,-0.42,,
2018-06-15,-1.94,0.03,,
2018-06-16,-2.81,1.14,,
2018-06-17,-2.58,1.49,,
2018-06-18,-2.73,1.45,,
2018-06-19,-1.50,2.06,,
2018-06-20,-2.19,2.43,,
2018-06-21,-1.86,2.07,,
2018-06-22,-2.72,0.48,,
2018-06-23,-2.29,2.06,,
2018-06-24,-2.95,2.75,,
2018-06-25,-2.88,2.59,,
2018-06-26,-2.23,0.43,,
2018-06-27,-2.20,1.07,,
2018-06-28,-2.63,2.13,,
2018-06-29,-2.64,2.83,,
2018-06-30,-2.90,2.71,,
2018-07-01,-2.94,2.21,,
2018-07-02,-2.39,1.74,,
2018-07-03,-2.48,2.01,,
2018-07-04,-2.67,2.16,,
2018-07-05,-3.26,0.93,,
2018-07-06,-2.57,-0.99,,
2018-07-07,-2.12,0.99,,
2018-07-08,-2.46,1.99,,
2018-07-09,-2.45,0.61,,
2018-07-10,-2.51,0.58,,
2018-07-11,-1.82,1.37,,
2018-07-12,-1.77,1.71,,
2018-07-13,-2.58,1.81,,
2018-07-14,-2.72,2.28,,
2018-07-15,-2.19,2.04,,
2018-07-16,-2.48,2.40,,
2018-07-17,-2.47,1.48,,
2018-07-18,-2.57,2.24,,
2018-07-19,-2.72,2.37,,
2018-07-20,-2.90,2.03,,
2018-07-21,-2.69,1.81,,
2018-07-22,-2.51,2.26,,
2018-07-23,-2.70,2.99,,
2018-07-24,-2.88,2.17,,
2018-07-25,-2.77,1.80,,
2018-07-26,-2.88,1.60,,
2018-07-27,-2.98,1.72,,
2018-07-28,-2.60,1.33,,
2018-07-29,-2.46,1.79,,
2018-07-30,-2.81,2.81,,
2018-07-31,-2.99,1.80,,
2018-08-01,-2.93,0.62,,
2018-08-02,-3.05,-1.17,,
2018-08-03,-2.80,1.37,,
2018-08-04,-2.24,1.69,,
2018-08-05,-1.64,-1.76,,
2018-08-06,-2.43,-0.70,,
2018-08-07,-1.78,0.19,,
2018-08-08,-2.07,1.20,,
2018-08-09,-2.40,1.75,,
2018-08-10,-2.35,1.36,,
2018-08-11,-2.46,2.73,,
2018-08-12,-2.48,2.57,,
2018-08-13,-2.86,2.49,,
2018-08-14,-2.70,2.11,,
2018-08-15,-3.09,2.41,,
2018-08-16,-2.74,2.22,,
2018-08-17,-2.46,1.79,,
2018-08-18,-2.19,2.04,,
2018-08-19,-2.39,2.95,,
2018-08-20,-3.14,2.93,,
2018-08-21,-2.49,1.74,,
2018-08-22,-2.56,0.09,,
2018-08-23,-2.30,0.88,,
2018-08-24,-2.32,2.24,,
2018-08-25,-2.64,1.72,,
2018-08-26,-2.98,1.65,,
2018-08-27,-2.48,2.23,,
2018-08-28,-2.51,2.60,,
2018-08-29,-2.40,1.87,,
2018-08-30,-2.12,1.54,,
2018-08-31,-2.41,1.45,,
2018-09-01,-2.31,2.16,,
2018-09-02,-2.75,2.56,,
2018-09-03,-3.28,2.47,,
2018-09-04,-2.89,0.83,,
2018-09-05,-2.91,0.62,,
2018-09-06,-2.38,1.55,,
2018-09-07,-2.54,0.36,,
2018-09-08,-2.29,1.66,,
2018-09-09,-2.59,2.68,,
2018-09-10,-2.95,1.84,,
2018-09-11,-2.69,0.52,,
2018-09-12,-1.47,-2.66,,
2018-09-13,-2.18,-1.71,,
2018-09-14,-2.42,0.93,,
2018-09-15,-1.56,1.05,,
2018-09-16,-1.93,0.90,,
2018-09-17,-1.55,0.47,,
2018-09-18,-2.02,0.32,,
2018-09-19,-1.65,0.60,,
2018-09-20,-2.26,0.91,,
2018-09-21,-2.12,2.27,,
2018-09-22,-2.67,2.09,,
2018-09-23,-1.93,-1.93,,
2018-09-24,-2.08,1.06,,
2018-09-25,-2.49,2.58,,
2018-09-26,-2.28,2.53,,
2018-09-27,-2.10,0.85,,
2018-09-28,-2.09,-0.18,,
2018-09-29,-2.14,-0.70,,
2018-09-30,-1.50,-1.73,,
2018-10-01,-1.40,-1.26,,
2018-10-02,-1.66,-1.44,,
2018-10-03,-1.44,-1.78,,
2018-10-04,-1.97,-0.53,,
2018-10-05,-1.91,0.17,,
2018-10-06,-1.89,1.65,,
2018-10-07,-2.30,1.80,,
2018-10-08,-1.75,1.47,,
2018-10-09,-1.69,2.82,,
2018-10-10,-2.08,0.68,,
2018-10-11,-2.20,-1.60,,
2018-10-12,-2.22,-0.51,,
2018-10-13,-2.03,3.26,,
2018-10-14,-2.16,2.77,,
2018-10-15,-3.04,2.64,,
2018-10-16,-0.96,-6.80,,
2018-10-17,1.90,-4.26,,
2018-10-18,1.59,-5.55,,
2018-10-19,0.91,-5.77,,
2018-10-20,-1.12,-6.35,,
2018-10-21,-0.70,-7.98,,
2018-10-22,1.45,-5.43,,
2018-10-23,1.07,-4.00,,
2018-10-24,0.88,-2.71,,
2018-10-25,-1.60,-1.72,,
2018-10-26,-2.10,-3.24,,
2018-10-27,-2.38,-5.62,,
2018-10-28,1.88,-1.32,,
2018-10-29,1.47,0.23,,
2018-10-30,-1.09,1.75,,
2018-10-31,-1.34,2.86,,
2018-11-01,-5.04,-3.15,,
2018-11-02,-0.21,-6.00,,
2018-11-03,2.58,0.18,,
2018-11-04,0.88,1.65,,
2018-11-05,-0.91,1.95,,
2018-11-06,-1.81,2.89,,
2018-11-07,-2.23,2.95,,
2018-11-08,-2.08,2.47,,
2018-11-09,-2.05,1.66,,
2018-11-10,1.41,-6.11,,
2018-11-11,2.72,0.68,,
2018-11-12,0.23,2.61,,
2018-11-13,1.45,-10.35,,
2018-11-14,3.00,-2.26,,
2018-11-15,2.65,0.14,,
2018-11-16,1.57,-0.03,,
2018-11-17,1.93,-0.34,,
2018-11-18,-0.09,1.79,,
2018-11-19,-1.87,0.79,,
2018-11-20,-0.88,-6.28,,
2018-11-21,1.47,-2.26,,
2018-11-22,-0.26,-3.69,,
2018-11-23,-2.70,0.67,,
2018-11-24,-1.81,0.22,,
2018-11-25,-1.49,1.97,,
2018-11-26,0.81,-6.61,,
2018-11-27,0.30,-3.41,,
2018-11-28,2.15,-0.23,,
2018-11-29,1.90,0.44,,
2018-11-30,0.31,2.49,,
2018-12-01,-0.21,4.07,,
2018-12-02,-2.08,-1.75,,
2018-12-03,-2.10,-2.50,,
2018-12-04,-0.62,-7.06,,
2018-12-05,-0.09,-5.35,,
2018-12-06,1.95,-1.04,,
2018-12-07,-2.03,2.25,,
2018-12-08,-2.05,-3.85,,
2018-12-09,-0.13,-7.50,,
2018-12-10,0.23,-4.39,,
2018-12-11,0.98,-2.00,,
2018-12-12,0.47,2.67,,
2018-12-13,-0.69,3.57,,
2018-12-14,-0.32,-4.61,,
2018-12-15,0.22,-2.47,,
2018-12-16,1.55,1.17,,
2018-12-17,0.78,1.36,,
2018-12-18,-0.18,2.54,,
2018-12-19,1.10,-1.56,,
2018-12-20,1.08,-3.15,,
2018-12-21,-0.67,-3.14,,
2018-12-22,-0.59,3.05,,
2018-12-23,-1.37,2.20,,
2018-12-24,0.17,-1.99,,
2018-12-25,-0.87,1.70,,
2018-12-26,-0.81,2.34,,
2018-12-27,-1.37,3.08,,
2018-12-28,-0.85,-2.34,,
2018-12-29,-0.70,-3.96,,
2018-12-30,-0.68,-5.53,,
2018-12-31,-0.49,-3.12,,
2019-01-01,0.12,-3.50,,
2019-01-02,-0.42,-3.98,,
2019-01-03,-0.51,-4.86,,
2019-01-04,0.64,-3.02,,
2019-01-05,0.64,1.67,,
2019-01-06,-1.56,2.15,,
2019-01-07,-1.32,2.83,,
2019-01-08,-1.87,0.91,,
2019-01-09,-2.08,-0.56,,
2019-01-10,-0.75,-3.87,,
2019-01-11,-1.50,2.41,,
2019-01-12,-2.45,0.61,,
2019-01-13,-1.88,-4.89,,
2019-01-14,-4.33,-3.90,,
2019-01-15,1.17,-4.08,,
2019-01-16,-0.04,-2.31,,
2019-01-17,-1.51,-0.00,,
2019-01-18,-1.31,2.09,,
2019-01-19,-4.11,-3.70,,
2019-01-20,-0.09,-5.19,,
2019-01-21,-1.13,2.53,,
2019-01-22,-1.78,4.41,,
2019-01-23,-1.90,-6.63,,
2019-01-24,-0.91,-2.97,,
2019-01-25,-2.47,-0.57,,
2019-01-26,-1.03,1.37,,
2019-01-27,0.61,-5.85,,
2019-01-28,-1.37,3.23,,
2019-01-29,-1.15,-5.40,,
2019-01-30,1.24,-4.05,,
2019-01-31,0.70,-2.43,,
2019-02-01,-0.49,-2.54,,
2019-02-02,-1.51,-1.57,,
2019-02-03,-1.92,1.55,,
2019-02-04,-1.62,1.73,,
2019-02-05,-2.20,1.92,,
2019-02-06,-2.62,2.91,,
2019-02-07,-2.79,2.51,,
2019-02-08,-1.65,-6.63,,
2019-02-09,1.63,-3.50,,
2019-02-10,1.71,-1.11,,
2019-02-11,-1.40,1.93,,
2019-02-12,-2.48,-5.84,,
2019-02-13,0.80,-3.21,,
2019-02-14,-0.89,3.10,,
2019-02-15,-1.61,1.85,,
2019-02-16,-1.83,2.52,,
2019-02-17,-3.34,0.41,,
2019-02-18,-1.72,-6.43,,
2019-02-19,-2.46,-2.93,,
2019-02-20,-1.41,-5.25,,
2019-02-21,-2.78,-1.87,,
2019-02-22,-2.12,-0.04,,
2019-02-23,-1.92,2.96,,
2019-02-24,-1.14,-7.18,,
2019-02-25,-0.18,-3.41,,
2019-02-26,-2.03,0.82,,
2019-02-27,-2.43,0.56,,
2019-02-28,-2.64,2.30,,
2019-03-01,-3.48,-1.13,,
2019-03-02,-2.68,1.55,,
2019-03-03,-3.35,-0.06,,
2019-03-04,-1.98,-7.39,,
2019-03-05,0.50,-7.15,,
2019-03-06,0.94,-4.08,,
2019-03-07,2.00,0.07,,
2019-03-08,-1.77,0.98,,
2019-03-09,-2.15,1.87,,
2019-03-10,-2.64,1.23,,
2019-03-11,-3.09,1.37,,
2019-03-12,-3.34,0.90,,
2019-03-13,-2.64,3.03,,
2019-03-14,-3.15,0.61,,
2019-03-15,-0.73,-8.32,,
2019-03-16,1.49,-5.56,,
2019-03-17,1.11,-4.44,,
2019-03-18,0.79,-4.49,,
2019-03-19,1.09,-3.18,,
2019-03-20,-0.53,-2.48,,
2019-03-21,-2.74,-1.28,,
2019-03-22,-1.94,1.41,,
2019-03-23,-2.88,2.88,,
2019-03-24,-2.67,1.60,,
2019-03-25,-2.61,1.76,,
2019-03-26,-2.50,-0.96,,
2019-03-27,-2.33,-0.71,,
2019-03-28,-3.05,2.30,,
2019-03-29,-3.02,3.47,,
2019-03-30,-2.37,2.21,,
2019-03-31,-1.70,-6.81,,
2019-04-01,0.08,-4.57,,
2019-04-02,-0.14,-4.07,,
2019-04-03,-2.33,-2.17,,
2019-04-04,-2.27,2.19,,
2019-04-05,-2.48,0.09,,
2019-04-06,-2.46,1.20,,
2019-04-07,-3.30,0.64,,
2019-04-08,-0.92,-4.32,,
2019-04-09,-2.13,1.04,,
2019-04-10,-2.50,4.17,,
2019-04-11,-2.80,3.34,,
2019-04-12,-2.15,-3.72,,
2019-04-13,-1.44,2.14,,
2019-04-14,-3.28,-6.16,,
2019-04-15,-2.52,1.23,,
2019-04-16,-2.72,2.92,,
2019-04-17,-2.85,2.47,,
2019-04-18,-5.44,-3.02,,
2019-04-19,-2.63,0.23,,
2019-04-20,-3.16,2.30,,
2019-04-21,-3.63,3.76,,
2019-04-22,-3.62,2.44,,
2019-04-23,-3.00,0.97,,
2019-04-24,-3.68,2.13,,
2019-04-25,-3.10,-3.83,,
2019-04-26,-2.10,-1.89,,
2019-04-27,-2.81,1.62,,
2019-04-28,-2.95,2.57,,
2019-04-29,-2.93,2.05,,
2019-04-30,-3.18,2.15,,
2019-05-01,-3.53,2.96,,
2019-05-02,-3.66,2.37,,
2019-05-03,-3.62,1.46,,
2019-05-04,-3.70,-0.72,,
2019-05-05,-2.55,-2.46,,
2019-05-06,-2.99,0.75,,
2019-05-07,-3.68,1.72,,
2019-05-08,-3.02,1.61,,
2019-05-09,-3.53,-0.69,,
2019-05-10,-1.73,-3.71,,
2019-05-11,-2.79,-2.79,,
2019-05-12,-2.94,-4.35,,
2019-05-13,-2.71,-2.44,,
2019-05-14,-2.72,-1.45,,
2019-05-15,-3.16,-2.56,,
2019-05-16,-2.36,-1.53,,
2019-05-17,-2.87,1.79,,
2019-05-18,-3.24,1.31,,
2019-05-19,-3.93,1.05,,
2019-05-20,-4.15,2.30,,
2019-05-21,-3.64,3.51,,
2019-05-22,-3.90,2.53,,
2019-05-23,-4.29,2.18,,
2019-05-24,-4.35,2.22,,
2019-05-25,-3.82,2.48,,
2019-05-26,-3.63,2.27,,
2019-05-27,-2.87,2.32,,
2019-05-28,-3.17,3.28,,
2019-05-29,-4.32,3.14,,
2019-05-30,-4.00,1.53,,
2019-05-31,-2.85,-0.71,,
2019-06-01,-3.16,-1.15,,
2019-06-02,-2.48,-0.90,,
2019-06-03,-3.06,-2.57,,
2019-06-04,-1.66,-1.78,,
2019-06-05,-2.13,2.63,,
2019-06-06,-2.07,2.22,,
2019-06-07,-2.35,1.71,,
2019-06-08,-2.20,2.20,,
2019-06-09,-2.60,2.43,,
2019-06-10,-3.80,-1.31,,
2019-06-11,-1.38,-2.49,,
2019-06-12,-2.40,-0.92,,
2019-06-13,-1.28,-2.75,,
2019-06-14,-2.34,0.04,,
2019-06-15,-3.23,2.91,,
2019-06-16,-3.06,2.95,,
2019-06-17,-3.33,3.33,,
2019-06-18,-3.00,1.66,,
2019-06-19,-2.76,2.40,,
2019-06-20,-2.98,3.31,,
2019-06-21,-3.85,3.47,,
2019-06-22,-4.00,3.60,,
2019-06-23,-3.73,3.86,,
2019-06-24,-3.90,3.51,,
2019-06-25,-3.08,1.50,,
2019-06-26,-1.80,0.45,,
2019-06-27,-2.88,0.05,,
2019-06-28,-2.77,-0.44,,
2019-06-29,-2.32,0.58,,
2019-06-30,-2.03,1.08,,
2019-07-01,-2.57,0.69,,
2019-07-02,-2.20,2.35,,
2019-07-03,-2.33,3.21,,
2019-07-04,-2.83,2.93,,
2019-07-05,-2.48,1.80,,
2019-07-06,-2.50,0.49,,
2019-07-07,-2.40,1.62,,
2019-07-08,-2.05,1.98,,
2019-07-09,-2.97,2.97,,
2019-07-10,-2.72,2.20,,
2019-07-11,-2.19,1.53,,
2019-07-12,-1.73,1.40,,
2019-07-13,-2.27,2.81,,
2019-07-14,-2.49,2.49,,
2019-07-15,-3.07,2.49,,
2019-07-16,-3.11,2.26,,
2019-07-17,-3.09,2.78,,
2019-07-18,-2.52,2.44,,
2019-07-19,-2.41,2.24,,
2019-07-20,-2.56,1.66,,
2019-07-21,-2.53,1.98,,
2019-07-22,-2.81,2.53,,
2019-07-23,-2.49,1.05,,
2019-07-24,-2.40,-1.07,,
2019-07-25,-1.32,-2.29,,
2019-07-26,-1.81,0.45,,
2019-07-27,-2.34,1.52,,
2019-07-28,-2.67,2.24,,
2019-07-29,-2.43,2.35,,
2019-07-30,-2.68,1.95,,
2019-07-31,-2.25,1.30,,
2019-08-01,-2.38,1.38,,
2019-08-02,-2.87,1.34,,
2019-08-03,-2.77,1.60,,
2019-08-04,-2.89,2.02,,
2019-08-05,-2.95,2.15,,
2019-08-06,-2.66,2.57,,
2019-08-07,-2.84,1.99,,
2019-08-08,-2.90,2.80,,
2019-08-09,-3.46,2.52,,
2019-08-10,-3.08,1.92,,
2019-08-11,-2.85,2.39,,
2019-08-12,-2.69,2.03,,
2019-08-13,-3.09,2.33,,
2019-08-14,-3.15,1.97,,
2019-08-15,-2.94,1.50,,
2019-08-16,-2.83,2.64,,
2019-08-17,-3.20,3.20,,
2019-08-18,-3.59,2.80,,
2019-08-19,-3.42,2.14,,
2019-08-20,-2.93,0.95,,
2019-08-21,-2.60,0.70,,
2019-08-22,-2.43,2.04,,
2019-08-23,-3.02,2.72,,
2019-08-24,-3.10,2.43,,
2019-08-25,-2.48,2.31,,
2019-08-26,-3.05,2.47,,
2019-08-27,-2.53,1.98,,
2019-08-28,-3.24,1.72,,
2019-08-29,-3.06,0.32,,
2019-08-30,-2.46,1.25,,
2019-08-31,-2.92,1.62,,
2019-09-01,-2.77,-1.23,,
2019-09-02,-0.19,-3.65,,
2019-09-03,1.85,-4.83,,
2019-09-04,5.56,1.49,,
2019-09-05,-3.48,1.13,,
2019-09-06,-2.03,-1.90,,
2019-09-07,-2.80,0.86,,
2019-09-08,-2.24,2.09,,
2019-09-09,-2.87,2.40,,
2019-09-10,-2.97,1.78,,
2019-09-11,-2.48,-0.09,,
2019-09-12,-2.46,-0.71,,
2019-09-13,-1.62,-1.74,,
2019-09-14,-1.38,-3.10,,
2019-09-15,0.32,-2.58,,
2019-09-16,-0.42,-1.56,,
2019-09-17,-2.04,1.23,,
2019-09-18,-2.51,1.69,,
2019-09-19,-2.38,2.94,,
2019-09-20,-3.58,2.70,,
2019-09-21,-2.67,1.36,,
2019-09-22,-2.19,0.51,,
2019-09-23,-2.33,-0.54,,
2019-09-24,-2.14,0.22,,
2019-09-25,-2.28,2.28,,
2019-09-26,-2.46,0.95,,
2019-09-27,-2.97,-0.16,,
2019-09-28,-3.39,1.51,,
2019-09-29,-4.59,1.85,,
2019-09-30,-4.27,3.10,,
2019-10-01,-2.78,0.75,,
2019-10-02,-2.13,-2.21,,
2019-10-03,-1.27,-1.95,,
2019-10-04,-0.56,-2.86,,
2019-10-05,-0.05,-3.04,,
2019-10-06,-0.42,-3.00,,
2019-10-07,-0.68,-3.85,,
2019-10-08,-1.15,-4.61,,
2019-10-09,-0.60,-2.09,,
2019-10-10,-2.45,2.06,,
2019-10-11,-2.54,2.20,,
2019-10-12,0.00,-5.89,,
2019-10-13,1.67,-2.39,,
2019-10-14,-0.99,1.71,,
2019-10-15,-1.73,1.73,,
2019-10-16,-2.02,-2.02,,
2019-10-17,0.11,-6.20,,
2019-10-18,0.52,-2.09,,
2019-10-19,-1.43,2.21,,
2019-10-20,-2.37,2.13,,
2019-10-21,-1.67,2.38,,
2019-10-22,-0.66,-4.72,,
2019-10-23,-2.50,-2.68,,
2019-10-24,-0.36,-2.25,,
2019-10-25,0.59,-5.58,,
2019-10-26,0.19,-5.51,,
2019-10-27,-0.15,2.14,,
2019-10-28,-1.54,1.65,,
2019-10-29,-1.86,1.03,,
2019-10-30,-2.29,2.29,,
2019-10-31,-1.03,-8.39,,
2019-11-01,1.13,-3.71,,
2019-11-02,1.76,-3.46,,
2019-11-03,1.40,-4.06,,
2019-11-04,1.03,1.94,,
2019-11-05,-2.06,0.11,,
2019-11-06,-2.42,-1.23,,
2019-11-07,-1.56,0.42,,
2019-11-08,-1.43,-4.97,,
2019-11-09,0.51,-5.86,,
2019-11-10,0.38,-2.70,,
2019-11-11,-1.48,2.55,,
2019-11-12,-1.05,-7.44,,
2019-11-13,1.66,-4.33,,
2019-11-14,1.64,-2.10,,
2019-11-15,0.48,-6.92,,
2019-11-16,0.48,-3.00,,
2019-11-17,0.16,1.84,,
2019-11-18,0.03,1.70,,
2019-11-19,-1.50,2.31,,
2019-11-20,-2.17,3.48,,
2019-11-21,-2.70,3.71,,
2019-11-22,-2.27,2.80,,
2019-11-23,-2.35,-2.52,,
2019-11-24,-0.95,-4.45,,
2019-11-25,-1.47,2.11,,
2019-11-26,-2.41,3.08,,
2019-11-27,-2.64,2.22,,
2019-11-28,-1.85,-2.97,,
2019-11-29,-2.05,0.67,,
2019-11-30,-2.62,3.47,,
2019-12-01,-3.77,-0.26,,
2019-12-02,0.00,-6.16,,
2019-12-03,-1.87,-1.75,,
2019-12-04,-1.49,-1.34,,
2019-12-05,-1.86,1.50,,
2019-12-06,-2.37,1.10,,
2019-12-07,-1.54,-2.46,,
2019-12-08,-2.38,0.73,,
2019-12-09,-2.15,3.31,,
2019-12-10,-4.48,2.09,,
2019-12-11,1.09,-7.77,,
2019-12-12,-0.25,-2.84,,
2019-12-13,-1.20,1.38,,
2019-12-14,-0.27,2.55,,
2019-12-15,-2.16,3.89,,
2019-12-16,-1.76,3.45,,
2019-12-17,-0.25,-7.19,,
2019-12-18,1.37,-7.04,,
2019-12-19,3.03,-1.82,,
2019-12-20,2.01,-0.07,,
2019-12-21,1.36,-3.20,,
2019-12-22,1.99,-2.37,,
2019-12-23,1.11,-1.77,,
2019-12-24,-1.33,2.22,,
2019-12-25,-1.01,2.50,,
2019-12-26,-1.45,1.85,,
2019-12-27,-1.91,1.50,,
2019-12-28,-1.61,3.46,,
2019-12-29,-0.87,3.75,,
2019-12-30,-0.63,-7.16,,
2019-12-31,0.75,-4.23,,
2020-01-01,2.09,-2.09,,
2020-01-02,-2.39,0.69,,
2020-01-03,-1.28,-4.18,,
2020-01-04,-0.80,-5.66,,
2020-01-05,-2.16,-0.46,,
2020-01-06,-0.68,2.73,,
2020-01-07,-0.12,-3.34,,
2020-01-08,0.06,-3.37,,
2020-01-09,-0.91,2.65,,
2020-01-10,-1.48,3.04,,
2020-01-11,-4.54,-5.81,,
2020-01-12,-0.50,-2.56,,
2020-01-13,-1.17,-1.17,,
2020-01-14,-1.41,0.91,,
2020-01-15,-2.08,0.84,,
2020-01-16,-2.48,0.09,,
2020-01-17,-2.74,1.05,,
2020-01-18,-1.39,-0.59,,
2020-01-19,-1.42,-6.14,,
2020-01-20,2.69,-5.52,,
2020-01-21,1.66,-2.56,,
2020-01-22,-1.42,2.91,,
2020-01-23,-1.45,1.99,,
2020-01-24,-1.60,-3.43,,
2020-01-25,-2.34,1.35,,
2020-01-26,1.05,1.61,,
2020-01-27,-0.84,-1.88,,
2020-01-28,-1.42,2.55,,
2020-01-29,-1.30,-4.86,,
2020-01-30,-1.20,-0.10,,
2020-01-31,0.20,-5.85,,
2020-02-01,-0.33,-6.32,,
2020-02-02,1.45,0.83,,
2020-02-03,-0.12,2.26,,
2020-02-04,-1.76,4.36,,
2020-02-05,-1.34,3.01,,
2020-02-06,-1.81,-6.77,,
2020-02-07,-1.97,1.43,,
2020-02-08,-1.49,1.59,,
2020-02-09,-1.22,2.20,,
2020-02-10,-2.60,2.34,,
2020-02-11,-2.42,2.17,,
2020-02-12,-2.74,-1.46,,
2020-02-13,-0.37,-7.01,,
2020-02-14,-0.58,-5.48,,
2020-02-15,0.90,-2.95,,
2020-02-16,-1.99,0.07,,
2020-02-17,-2.13,2.21,,
2020-02-18,-2.27,2.81,,
2020-02-19,-2.72,-0.29,,
2020-02-20,-1.26,-4.11,,
2020-02-21,0.89,-8.48,,
2020-02-22,0.77,-3.33,,
2020-02-23,0.05,2.89,,
2020-02-24,-2.09,2.24,,
2020-02-25,-1.80,-0.80,,
2020-02-26,0.00,-7.35,,
2020-02-27,0.28,-4.04,,
2020-02-28,-1.13,-2.42,,
2020-02-29,-2.25,1.58,,
2020-03-01,-2.52,4.20,,
2020-03-02,-2.23,2.85,,
2020-03-03,-2.84,1.15,,
2020-03-04,-3.86,-0.00,,
2020-03-05,-2.30,-5.68,,
2020-03-06,-0.52,-4.25,,
2020-03-07,-0.31,-2.56,,
2020-03-08,-2.08,0.80,,
2020-03-09,-1.66,1.98,,
2020-03-10,-2.08,-0.00,,
2020-03-11,-2.05,0.79,,
2020-03-12,-2.61,3.22,,
2020-03-13,-2.65,2.75,,
2020-03-14,-2.87,1.59,,
2020-03-15,-3.53,0.69,,
2020-03-16,-2.56,0.04,,
2020-03-17,-2.46,1.60,,
2020-03-18,-3.04,2.13,,
2020-03-19,-3.11,3.22,,
2020-03-20,-3.98,0.77,,
2020-03-21,-3.64,-1.40,,
2020-03-22,-2.48,1.32,,
2020-03-23,-2.66,2.48,,
2020-03-24,-2.87,2.77,,
2020-03-25,-2.91,2.04,,
2020-03-26,-2.96,2.57,,
2020-03-27,-2.95,2.75,,
2020-03-28,-2.81,2.20,,
2020-03-29,-3.61,-2.34,,
2020-03-30,-3.96,0.70,,
2020-03-31,-3.00,1.46,,
2020-04-01,-2.96,-1.44,,
2020-04-02,-3.60,3.24,,
2020-04-03,-4.01,1.38,,
2020-04-04,-3.52,0.69,,
2020-04-05,-2.50,-4.90,,
2020-04-06,-2.78,-2.78,,
2020-04-07,-3.21,1.23,,
2020-04-08,-3.03,1.16,,
2020-04-09,-2.36,1.00,,
2020-04-10,-3.90,-1.66,,
2020-04-11,-3.45,-0.99,,
2020-04-12,-1.89,3.26,,
2020-04-13,-2.51,-4.53,,
2020-04-14,-2.02,-3.97,,
2020-04-15,-1.09,-7.75,,
2020-04-16,1.38,-4.01,,
2020-04-17,-3.06,2.48,,
2020-04-18,-3.18,0.50,,
2020-04-19,-2.80,1.68,,
2020-04-20,-2.02,-2.68,,
2020-04-21,-2.72,-1.10,,
2020-04-22,-3.26,2.94,,
2020-04-23,-4.85,-1.86,,
2020-04-24,-2.56,-2.00,,
2020-04-25,-3.07,1.18,,
2020-04-26,-3.32,-4.41,,
2020-04-27,-2.74,-0.89,,
2020-04-28,-2.56,2.94,,
2020-04-29,-2.95,2.23,,
2020-04-30,-2.49,-3.83,,
2020-05-01,-2.47,1.60,,
2020-05-02,-3.00,3.22,,
2020-05-03,-3.24,2.27,,
2020-05-04,-2.72,1.76,,
2020-05-05,-2.89,2.10,,
2020-05-06,-2.47,-3.05,,
2020-05-07,-2.14,-2.06,,
2020-05-08,-2.19,3.78,,
2020-05-09,-2.60,-4.49,,
2020-05-10,-0.84,-6.01,,
2020-05-11,-2.62,-0.37,,
2020-05-12,-3.70,3.83,,
2020-05-13,-3.78,3.17,,
2020-05-14,-3.64,2.10,,
2020-05-15,-3.48,2.35,,
2020-05-16,-4.33,0.45,,
2020-05-17,-3.84,-0.00,,
2020-05-18,-2.42,-0.98,,
2020-05-19,-3.31,2.98,,
2020-05-20,-3.70,3.57,,
2020-05-21,-4.42,2.25,,
2020-05-22,-3.41,1.81,,
2020-05-23,-3.76,1.52,,
2020-05-24,-3.70,2.40,,
2020-05-25,-4.37,2.32,,
2020-05-26,-4.51,-1.29,,
2020-05-27,-3.03,-1.82,,
2020-05-28,-2.88,2.17,,
2020-05-29,-1.67,-4.35,,
2020-05-30,-0.86,-4.41,,
2020-05-31,-1.01,-3.10,,
2020-06-01,-1.45,-2.50,,
2020-06-02,-1.52,-3.57,,
2020-06-03,-1.36,-3.75,,
2020-06-04,-2.04,-2.19,,
2020-06-05,-2.20,-2.20,,
2020-06-06,-1.08,-2.43,,
2020-06-07,-2.28,1.72,,
2020-06-08,-2.78,2.59,,
2020-06-09,-3.09,1.93,,
2020-06-10,-3.35,-1.71,,
2020-06-11,-3.09,-3.09,,
2020-06-12,-2.20,-5.18,,
2020-06-13,-1.18,-4.10,,
2020-06-14,-1.44,-2.22,,
2020-06-15,-2.04,-1.84,,
2020-06-16,-2.33,-1.46,,
2020-06-17,-2.90,1.23,,
2020-06-18,-2.93,2.29,,
2020-06-19,-3.26,2.46,,
2020-06-20,-3.16,2.29,,
2020-06-21,-2.83,2.38,,
2020-06-22,-3.18,3.65,,
2020-06-23,-3.18,2.15,,
2020-06-24,-2.37,1.99,,
2020-06-25,-2.30,1.33,,
2020-06-26,-2.93,2.37,,
2020-06-27,-3.00,2.10,,
2020-06-28,-3.18,3.29,,
2020-06-29,-3.50,3.50,,
2020-06-30,-4.11,3.83,,
2020-07-01,-4.24,3.08,,
2020-07-02,-3.23,1.87,,
2020-07-03,-2.65,1.18,,
2020-07-04,-2.22,2.22,,
2020-07-05,-2.52,3.12,,
2020-07-06,-3.10,3.33,,
2020-07-07,-3.32,2.99,,
2020-07-08,-3.77,3.27,,
2020-07-09,-3.27,3.27,,
2020-07-10,-2.41,2.17,,
2020-07-11,-2.71,1.50,,
2020-07-12,-2.55,1.85,,
2020-07-13,-2.89,2.99,,
2020-07-14,-3.05,2.74,,
2020-07-15,-3.07,2.39,,
2020-07-16,-3.51,2.65,,
2020-07-17,-3.04,1.76,,
2020-07-18,-2.88,1.73,,
2020-07-19,-2.33,0.62,,
2020-07-20,-2.40,1.44,,
2020-07-21,-2.66,1.86,,
2020-07-22,-2.96,1.32,,
2020-07-23,-2.62,0.85,,
2020-07-24,-2.48,1.37,,
2020-07-25,-2.94,3.38,,
2020-07-26,-4.06,4.35,,
2020-07-27,-4.81,2.56,,
2020-07-28,-2.49,0.04,,
2020-07-29,-2.06,1.05,,
2020-07-30,-1.96,1.32,,
2020-07-31,-2.28,1.72,,
2020-08-01,-2.00,1.50,,
2020-08-02,-2.26,0.12,,
2020-08-03,-1.99,-0.61,,
2020-08-04,-1.90,0.69,,
2020-08-05,-2.37,1.43,,
2020-08-06,-2.67,1.13,,
2020-08-07,-2.75,0.63,,
2020-08-08,-3.32,1.01,,
2020-08-09,-2.18,0.93,,
2020-08-10,1.63,-0.44,,
2020-08-11,-1.66,1.00,,
2020-08-12,-1.35,1.80,,
2020-08-13,-2.32,1.40,,
2020-08-14,-2.08,1.25,,
2020-08-15,-1.85,1.85,,
2020-08-16,-2.07,1.01,,
2020-08-17,-2.22,-0.04,,
2020-08-18,-1.94,0.82,,
2020-08-19,-1.37,1.63,,
2020-08-20,-1.66,1.98,,
2020-08-21,-2.05,2.35,,
2020-08-22,-2.87,1.73,,
2020-08-23,-3.03,-0.26,,
2020-08-24,-1.62,-3.17,,
2020-08-25,-0.81,-3.25,,
2020-08-26,-1.00,-2.74,,
2020-08-27,-2.04,1.77,,
2020-08-28,-2.24,2.16,,
2020-08-29,-2.19,2.35,,
2020-08-30,-2.26,2.69,,
2020-08-31,-3.51,3.27,,
2020-09-01,-3.63,3.89,,
2020-09-02,-4.11,3.97,,
2020-09-03,-2.89,2.10,,
2020-09-04,-2.90,0.46,,
2020-09-05,-2.77,-1.80,,
2020-09-06,-2.15,-2.86,,
2020-09-07,-2.38,-2.07,,
2020-09-08,-1.92,1.92,,
2020-09-09,-2.88,2.25,,
2020-09-10,-2.75,-1.00,,
2020-09-11,-1.27,-5.97,,
2020-09-12,0.14,-3.98,,
2020-09-13,1.68,-2.50,,
2020-09-14,0.95,-3.32,,
2020-09-15,1.75,-4.33,,
2020-09-16,1.14,-3.52,,
2020-09-17,0.12,-3.34,,
2020-09-18,1.25,-4.37,,
2020-09-19,1.20,-4.47,,
2020-09-20,0.94,-2.73,,
2020-09-21,1.68,1.09,,
2020-09-22,-0.68,2.10,,
2020-09-23,-1.22,2.29,,
2020-09-24,-1.50,1.86,,
2020-09-25,-1.62,1.74,,
2020-09-26,-1.93,2.00,,
2020-09-27,-1.84,3.07,,
2020-09-28,-2.51,2.11,,
2020-09-29,0.46,-8.85,,
2020-09-30,0.64,-3.01,,
2020-10-01,-1.10,-1.98,,
2020-10-02,0.13,-3.81,,
2020-10-03,-0.21,-2.96,,
2020-10-04,-1.35,-2.89,,
2020-10-05,0.06,-3.26,,
2020-10-06,-0.68,-2.55,,
2020-10-07,-0.07,-3.85,,
2020-10-08,1.93,-3.49,,
2020-10-09,0.11,2.08,,
2020-10-10,-1.62,2.32,,
2020-10-11,-2.14,2.55,,
2020-10-12,-2.47,2.23,,
2020-10-13,-1.87,0.72,,
2020-10-14,-1.48,-1.76,,
2020-10-15,-1.58,1.82,,
2020-10-16,-3.64,-0.64,,
2020-10-17,-1.25,-3.43,,
2020-10-18,-1.74,0.96,,
2020-10-19,-2.21,1.28,,
2020-10-20,-2.38,0.46,,
2020-10-21,-1.80,-1.68,,
2020-10-22,-0.61,-1.89,,
2020-10-23,-1.76,1.43,,
2020-10-24,-1.82,-2.10,,
2020-10-25,-2.83,1.64,,
2020-10-26,-1.96,3.26,,
2020-10-27,-2.81,1.08,,
2020-10-28,-2.01,-5.52,,
2020-10-29,-0.82,-5.82,,
2020-10-30,0.70,-4.44,,
2020-10-31,-0.30,-2.89,,
2020-11-01,-1.28,-3.32,,
2020-11-02,0.00,-5.91,,
2020-11-03,-0.57,-4.63,,
2020-11-04,-0.75,-2.46,,
2020-11-05,-1.03,-2.68,,
2020-11-06,-0.35,-3.31,,
2020-11-07,-1.26,-2.37,,
2020-11-08,-2.43,1.18,,
2020-11-09,-2.25,2.25,,
2020-11-10,-2.28,2.92,,
2020-11-11,-2.54,0.73,,
2020-11-12,-2.45,1.14,,
2020-11-13,-2.54,1.78,,
2020-11-14,-2.31,2.96,,
2020-11-15,-2.92,1.49,,
2020-11-16,-1.22,-4.54,,
2020-11-17,-1.76,-5.75,,
2020-11-18,-1.11,-5.72,,
2020-11-19,-0.62,-2.16,,
2020-11-20,-0.15,-2.82,,
2020-11-21,-1.94,-1.36,,
2020-11-22,-1.07,-1.71,,
2020-11-23,-1.02,-3.33,,
2020-11-24,-1.36,2.56,,
2020-11-25,-1.61,2.57,,
2020-11-26,-1.67,2.79,,
2020-11-27,-2.12,2.91,,
2020-11-28,-2.80,3.01,,
2020-11-29,-2.62,-4.20,,
2020-11-30,0.56,-7.96,,
2020-12-01,1.10,-2.72,,
2020-12-02,0.90,2.02,,
2020-12-03,0.61,-4.98,,
2020-12-04,0.81,-5.09,,
2020-12-05,1.71,-2.45,,
2020-12-06,1.25,-5.02,,
2020-12-07,2.48,-0.30,,
2020-12-08,1.26,-1.40,,
2020-12-09,-0.36,2.06,,
2020-12-10,-0.41,2.92,,
2020-12-11,-0.71,3.35,,
2020-12-12,-1.38,1.64,,
2020-12-13,-1.55,2.68,,
2020-12-14,-1.01,-6.36,,
2020-12-15,-0.55,3.11,,
2020-12-16,-0.44,-6.24,,
2020-12-17,-0.84,-4.32,,
2020-12-18,2.18,-0.31,,
2020-12-19,-0.07,2.13,,
2020-12-20,-0.76,-4.31,,
2020-12-21,-2.03,-1.58,,
2020-12-22,-2.21,1.85,,
2020-12-23,-1.43,3.21,,
2020-12-24,-0.56,-6.46,,
2020-12-25,0.00,-3.63,,
2020-12-26,0.23,1.88,,
2020-12-27,-0.52,2.08,,
2020-12-28,-0.83,3.10,,
2020-12-29,-1.35,3.18,,
2020-12-30,-2.23,4.57,,
2020-12-31,-3.80,-3.19,,
2021-01-01,-2.42,-5.44,,
2021-01-02,0.20,-5.87,,
2021-01-03,2.33,-0.41,,
2021-01-04,1.86,-0.61,,
2021-01-05,-1.95,0.87,,
2021-01-06,-1.28,2.74,,
2021-01-07,-0.95,-5.41,,
2021-01-08,-1.41,-1.46,,
2021-01-09,-2.29,1.02,,
2021-01-10,-1.53,3.60,,
2021-01-11,-0.59,-8.39,,
2021-01-12,1.35,-3.70,,
2021-01-13,1.98,-2.20,,
2021-01-14,0.32,2.25,,
2021-01-15,-0.55,-4.46,,
2021-01-16,-1.04,-3.63,,
2021-01-17,-2.93,0.46,,
2021-01-18,-1.73,2.47,,
2021-01-19,-3.53,3.92,,
2021-01-20,-3.93,0.84,,
2021-01-21,-2.32,3.19,,
2021-01-22,-2.71,1.63,,
2021-01-23,-2.13,1.55,,
2021-01-24,-2.93,2.83,,
2021-01-25,-1.84,3.45,,
2021-01-26,-3.06,-2.56,,
2021-01-27,-0.17,-4.76,,
2021-01-28,1.59,-5.92,,
2021-01-29,-0.36,-2.92,,
2021-01-30,-1.10,3.02,,
2021-01-31,-3.17,-1.34,,
2021-02-01,-1.48,-6.39,,
2021-02-02,-1.77,-1.90,,
2021-02-03,-1.59,3.13,,
2021-02-04,-1.72,4.05,,
2021-02-05,-3.46,-0.12,,
2021-02-06,-2.13,-1.85,,
2021-02-07,-1.59,-3.25,,
2021-02-08,-2.15,2.96,,
2021-02-09,-2.55,-0.09,,
2021-02-10,-2.33,2.18,,
2021-02-11,-2.94,1.84,,
2021-02-12,-1.42,-7.31,,
2021-02-13,-0.69,-5.59,,
2021-02-14,-0.34,-4.83,,
2021-02-15,-0.28,-8.10,,
2021-02-16,0.72,-4.06,,
2021-02-17,1.87,-2.07,,
2021-02-18,-0.74,-7.01,,
2021-02-19,0.25,-7.26,,
2021-02-20,-1.12,-1.49,,
2021-02-21,0.06,3.20,,
2021-02-22,-2.91,-1.30,,
2021-02-23,-1.99,-1.19,,
2021-02-24,-2.08,2.76,,
2021-02-25,-2.25,1.76,,
2021-02-26,-2.23,1.94,,
2021-02-27,-3.35,2.53,,
2021-02-28,-2.96,2.31,,
2021-03-01,-3.12,-0.27,,
2021-03-02,-0.39,-7.50,,
2021-03-03,-1.25,-1.65,,
2021-03-04,-2.28,-0.20,,
2021-03-05,-3.08,2.07,,
2021-03-06,-1.35,-5.05,,
2021-03-07,-1.84,-3.61,,
2021-03-08,-2.30,-0.49,,
2021-03-09,-2.33,1.51,,
2021-03-10,-2.41,3.08,,
2021-03-11,-2.53,2.62,,
2021-03-12,-3.27,1.97,,
2021-03-13,-3.46,2.25,,
2021-03-14,-3.21,2.51,,
2021-03-15,-3.02,-0.42,,
2021-03-16,-3.19,1.29,,
2021-03-17,-3.68,-0.13,,
2021-03-18,-1.83,-5.99,,
2021-03-19,-1.99,-3.31,,
2021-03-20,-2.47,-2.23,,
2021-03-21,-2.87,1.80,,
2021-03-22,-2.84,4.37,,
2021-03-23,-4.75,-0.08,,
2021-03-24,-3.42,1.90,,
2021-03-25,-4.91,-2.08,,
2021-03-26,-2.45,-2.53,,
2021-03-27,-2.71,2.20,,
2021-03-28,-4.06,-3.17,,
2021-03-29,0.19,-5.38,,
2021-03-30,-2.70,1.62,,
2021-03-31,-2.41,-0.34,,
2021-04-01,-0.99,-6.23,,
2021-04-02,1.28,-5.56,,
2021-04-03,-2.56,0.69,,
2021-04-04,-2.63,1.52,,
2021-04-05,-2.47,1.05,,
2021-04-06,-2.74,2.83,,
2021-04-07,-2.95,3.91,,
2021-04-08,-3.04,0.70,,
2021-04-09,-2.46,2.73,,
2021-04-10,-3.40,-2.96,,
2021-04-11,-1.67,-3.43,,
2021-04-12,-2.69,-0.33,,
2021-04-13,-3.10,-0.66,,
2021-04-14,-3.36,1.09,,
2021-04-15,-3.46,2.08,,
2021-04-16,-2.95,0.68,,
2021-04-17,-2.82,-4.69,,
2021-04-18,0.61,-7.00,,
2021-04-19,0.17,-4.86,,
2021-04-20,-1.68,-3.96,,
2021-04-21,-3.48,-2.17,,
2021-04-22,-3.19,1.23,,
2021-04-23,-2.51,1.76,,
2021-04-24,-4.27,-2.88,,
2021-04-25,-1.98,-3.04,,
2021-04-26,-3.18,2.49,,
2021-04-27,-3.10,2.34,,
2021-04-28,-3.66,2.66,,
2021-04-29,-4.88,1.59,,
2021-04-30,-2.53,-3.75,,
2021-05-01,-2.63,-2.46,,
2021-05-02,-3.01,0.16,,
2021-05-03,-2.72,1.63,,
2021-05-04,-3.55,1.02,,
2021-05-05,-1.94,-5.63,,
2021-05-06,-1.86,-4.85,,
2021-05-07,-2.18,-4.90,,
2021-05-08,-3.03,2.29,,
2021-05-09,-3.15,3.26,,
2021-05-10,-3.26,2.73,,
2021-05-11,-3.39,1.73,,
2021-05-12,-4.13,0.65,,
2021-05-13,-0.79,-7.49,,
2021-05-14,-1.21,-5.70,,
2021-05-15,-2.65,0.09,,
2021-05-16,-3.33,3.10,,
2021-05-17,-3.30,3.42,,
2021-05-18,-3.37,2.83,,
2021-05-19,-3.88,2.07,,
2021-05-20,-1.49,-4.57,,
2021-05-21,-3.16,0.85,,
2021-05-22,-3.74,1.29,,
2021-05-23,-3.20,0.39,,
2021-05-24,-2.94,1.43,,
2021-05-25,-3.14,2.64,,
2021-05-26,-3.34,1.85,,
2021-05-27,-3.32,2.79,,
2021-05-28,-3.34,2.71,,
2021-05-29,-4.01,2.23,,
2021-05-30,-3.63,1.39,,
2021-05-31,-3.87,1.97,,
2021-06-01,-3.64,2.19,,
2021-06-02,-2.65,0.66,,
2021-06-03,-2.23,1.04,,
2021-06-04,-2.24,0.31,,
2021-06-05,-1.92,0.07,,
2021-06-06,-2.80,3.11,,
2021-06-07,-3.79,3.53,,
2021-06-08,-4.14,2.90,,
2021-06-09,-3.61,2.09,,
2021-06-10,-2.89,1.88,,
2021-06-11,-2.70,2.99,,
2021-06-12,-2.61,1.97,,
2021-06-13,-2.98,-2.01,,
2021-06-14,-1.72,-1.78,,
2021-06-15,-1.41,-2.01,,
2021-06-16,-0.68,-3.48,,
2021-06-17,-0.62,-5.01,,
2021-06-18,-1.21,-4.21,,
2021-06-19,-2.56,0.18,,
2021-06-20,-2.76,3.18,,
2021-06-21,-3.40,4.20,,
2021-06-22,-3.62,1.61,,
2021-06-23,-1.70,-0.98,,
2021-06-24,-2.30,1.80,,
2021-06-25,-2.86,2.76,,
2021-06-26,-2.96,2.96,,
2021-06-27,-2.73,2.83,,
2021-06-28,-2.72,1.83,,
2021-06-29,-2.76,0.90,,
2021-06-30,-2.47,1.15,,
2021-07-01,-2.25,-1.52,,
2021-07-02,-2.01,-0.73,,
2021-07-03,-1.48,1.89,,
2021-07-04,-2.21,2.94,,
2021-07-05,-2.53,3.02,,
2021-07-06,-2.81,3.47,,
2021-07-07,-2.29,2.73,,
2021-07-08,-2.76,0.74,,
2021-07-09,-1.58,0.22,,
2021-07-10,-3.07,2.67,,
2021-07-11,-2.68,1.74,,
2021-07-12,-2.83,1.14,,
2021-07-13,-2.83,0.35,,
2021-07-14,-1.82,-0.49,,
2021-07-15,-2.11,0.85,,
2021-07-16,-2.26,1.96,,
2021-07-17,-2.49,1.81,,
2021-07-18,-2.30,0.84,,
2021-07-19,-1.94,1.87,,
2021-07-20,-2.03,2.70,,
2021-07-21,-2.54,1.91,,
2021-07-22,-2.54,1.29,,
2021-07-23,-2.10,1.41,,
2021-07-24,-2.03,1.64,,
2021-07-25,-2.36,2.36,,
2021-07-26,-1.92,1.92,,
2021-07-27,-2.49,0.91,,
2021-07-28,-2.16,-1.35,,
2021-07-29,-2.44,-1.30,,
2021-07-30,-3.00,0.21,,
2021-07-31,-2.17,1.06,,
2021-08-01,-1.95,1.76,,
2021-08-02,-1.93,1.86,,
2021-08-03,-2.16,2.16,,
2021-08-04,-2.47,1.73,,
2021-08-05,-2.07,1.40,,
2021-08-06,-2.76,1.86,,
2021-08-07,-2.84,1.85,,
2021-08-08,-2.97,2.77,,
2021-08-09,-2.75,2.39,,
2021-08-10,-2.88,2.02,,
2021-08-11,-2.53,1.02,,
2021-08-12,-2.66,1.13,,
2021-08-13,-2.32,1.81,,
2021-08-14,-2.02,0.43,,
2021-08-15,-2.54,-0.59,,
2021-08-16,-2.65,-1.02,,
2021-08-17,-2.64,1.46,,
2021-08-18,-3.22,2.90,,
2021-08-19,-3.23,2.10,,
2021-08-20,-2.08,-3.76,,
2021-08-21,-5.80,-2.83,,
2021-08-22,-3.34,0.47,,
2021-08-23,-2.46,-0.48,,
2021-08-24,-2.27,-0.44,,
2021-08-25,-2.51,0.91,,
2021-08-26,-2.24,-0.31,,
2021-08-27,-1.41,1.56,,
2021-08-28,-1.75,1.87,,
2021-08-29,-1.70,2.17,,
2021-08-30,-2.21,2.46,,
2021-08-31,-1.87,2.15,,
2021-09-01,-2.06,2.63,,
2021-09-02,-2.13,1.72,,
2021-09-03,-1.71,1.96,,
2021-09-04,-2.44,1.41,,
2021-09-05,-2.32,0.66,,
2021-09-06,-2.49,0.76,,
2021-09-07,-2.33,0.45,,
2021-09-08,-1.61,1.13,,
2021-09-09,-1.75,-2.02,,
2021-09-10,-0.75,-3.01,,
2021-09-11,-1.11,-3.23,,
2021-09-12,-0.22,-4.26,,
2021-09-13,-2.52,0.72,,
2021-09-14,-1.86,1.30,,
2021-09-15,-2.06,2.13,,
2021-09-16,-2.18,-0.42,,
2021-09-17,-2.04,1.27,,
2021-09-18,-2.62,-0.41,,
2021-09-19,-1.86,1.56,,
2021-09-20,-1.86,3.10,,
2021-09-21,-2.84,3.15,,
2021-09-22,-2.57,-2.57,,
2021-09-23,0.18,-5.21,,
2021-09-24,-1.12,-1.93,,
2021-09-25,-2.05,-1.91,,
2021-09-26,-1.35,-1.93,,
2021-09-27,-2.17,1.69,,
2021-09-28,-2.25,2.99,,
2021-09-29,-3.00,3.71,,
2021-09-30,-2.19,2.04,,
2021-10-01,-2.02,1.88,,
2021-10-02,-1.62,-1.86,,
2021-10-03,-1.59,-1.59,,
2021-10-04,-0.99,-2.34,,
2021-10-05,-0.85,-3.68,,
2021-10-06,1.18,-2.42,,
2021-10-07,-0.91,-2.25,,
2021-10-08,-1.34,-2.75,,
2021-10-09,-2.11,-0.33,,
2021-10-10,-1.68,3.30,,
2021-10-11,-2.57,3.81,,
2021-10-12,-3.52,3.17,,
2021-10-13,-3.68,4.09,,
2021-10-14,-3.50,4.17,,
2021-10-15,-2.79,2.52,,
2021-10-16,-1.32,-4.59,,
2021-10-17,2.08,-5.70,,
2021-10-18,2.01,-1.36,,
2021-10-19,-2.20,0.19,,
2021-10-20,-2.18,0.75,,
2021-10-21,-2.40,-1.02,,
2021-10-22,-1.68,-1.57,,
2021-10-23,-0.91,-1.71,,
2021-10-24,-1.41,2.16,,
2021-10-25,-1.96,2.10,,
2021-10-26,-1.98,2.73,,
2021-10-27,-1.07,4.28,,
2021-10-28,-2.73,-4.20,,
2021-10-29,-1.57,-2.01,,
2021-10-30,-1.69,2.01,,
2021-10-31,-1.29,2.90,,
2021-11-01,-2.23,1.74,,
2021-11-02,-2.08,1.35,,
2021-11-03,-2.34,1.83,,
2021-11-04,-0.75,-4.71,,
2021-11-05,-0.10,-5.80,,
2021-11-06,-0.78,-3.65,,
2021-11-07,-2.10,-1.47,,
2021-11-08,-1.91,1.29,,
2021-11-09,-2.13,1.28,,
2021-11-10,-1.40,3.30,,
2021-11-11,-1.51,2.97,,
2021-11-12,-2.34,-0.04,,
2021-11-13,-1.38,-2.29,,
2021-11-14,-1.03,-1.53,,
2021-11-15,-1.49,1.91,,
2021-11-16,-1.43,2.80,,
2021-11-17,-0.61,2.62,,
2021-11-18,-3.19,-1.10,,
2021-11-19,0.91,-6.48,,
2021-11-20,1.55,-2.57,,
2021-11-21,-1.71,0.52,,
2021-11-22,-1.73,-3.55,,
2021-11-23,0.27,-5.14,,
2021-11-24,-1.95,1.95,,
2021-11-25,-1.77,2.94,,
2021-11-26,0.00,-4.63,,
2021-11-27,1.76,-2.10,,
2021-11-28,0.06,-3.27,,
2021-11-29,-0.16,-4.62,,
2021-11-30,-0.28,-2.27,,
2021-12-01,-1.16,1.85,,
2021-12-02,-1.25,1.65,,
2021-12-03,-1.59,2.04,,
2021-12-04,-1.28,2.62,,
2021-12-05,-1.44,2.31,,
2021-12-06,-1.92,2.96,,
2021-12-07,-2.09,-2.25,,
2021-12-08,-1.26,1.56,,
2021-12-09,-1.55,3.05,,
2021-12-10,-2.27,3.77,,
2021-12-11,-2.80,3.33,,
2021-12-12,0.80,-5.71,,
2021-12-13,1.61,-1.78,,
2021-12-14,-1.66,0.96,,
2021-12-15,-1.83,1.43,,
2021-12-16,-1.23,2.42,,
2021-12-17,-1.72,2.64,,
2021-12-18,-2.21,2.64,,
2021-12-19,-0.51,-5.80,,
2021-12-20,0.88,-3.08,,
2021-12-21,-0.29,-3.27,,
2021-12-22,-1.11,2.08,,
2021-12-23,-1.54,2.66,,
2021-12-24,-1.59,3.75,,
2021-12-25,-1.72,3.52,,
2021-12-26,-1.85,3.63,,
2021-12-27,-1.69,3.79,,
2021-12-28,-1.81,3.40,,
2021-12-29,-1.12,2.20,,
2021-12-30,-2.41,2.09,,
2021-12-31,-2.46,2.73,,
2022-01-01,-2.02,4.14,-0.050,0.169
2022-01-02,-3.17,-6.49,-0.003,-0.006
2022-01-03,0.11,-6.45,0.048,-0.210
2022-01-04,1.62,0.35,0.028,-0.018
2022-01-05,0.08,2.34,-0.015,0.145
2022-01-06,-1.56,1.86,-0.016,0.082
2022-01-07,-2.51,-1.12,-0.048,0.087
2022-01-08,-2.02,1.82,-0.008,0.051
2022-01-09,-2.39,2.75,-0.011,0.095
2022-01-10,-0.98,-6.96,0.022,-0.109
2022-01-11,3.65,-3.17,0.049,-0.151
2022-01-12,2.65,-2.47,0.028,-0.063
2022-01-13,-0.57,-3.24,0.031,-0.101
2022-01-14,-2.14,1.44,-0.002,-0.037
2022-01-15,-1.03,-5.30,-0.007,0.060
2022-01-16,-0.34,-6.53,0.048,-0.194
2022-01-17,-0.48,1.91,-0.009,-0.016
2022-01-18,-0.59,3.05,-0.040,0.189
2022-01-19,-1.72,3.52,-0.031,0.153
2022-01-20,-2.76,-3.17,-0.019,0.078
2022-01-21,0.39,-7.41,0.057,-0.231
2022-01-22,2.25,-1.96,0.045,-0.106
2022-01-23,2.90,-1.88,0.036,-0.069
2022-01-24,3.02,-0.32,0.012,-0.051
2022-01-25,-0.93,-3.72,-0.007,0.008
2022-01-26,-1.35,-3.91,0.000,-0.101
2022-01-27,-0.42,-2.40,-0.005,-0.099
2022-01-28,0.30,-4.31,0.015,-0.101
2022-01-29,1.18,-6.08,0.061,-0.214
2022-01-30,1.73,1.30,-0.006,0.040
2022-01-31,-1.02,3.34,-0.021,0.160
2022-02-01,-1.70,2.02,-0.026,0.142
2022-02-02,-1.71,2.44,0.009,0.164
2022-02-03,-2.97,-4.94,0.010,-0.020
2022-02-04,-0.32,-9.19,0.064,-0.259
2022-02-05,0.78,-4.93,0.049,-0.172
2022-02-06,-0.39,-1.57,0.046,-0.063
2022-02-07,1.62,-3.81,0.020,-0.122
2022-02-08,2.46,-4.10,0.042,-0.127
2022-02-09,-0.93,-1.99,0.045,-0.085
2022-02-10,0.24,-1.92,-0.007,-0.042
2022-02-11,-1.81,0.06,0.007,0.024
2022-02-12,-0.18,-2.08,-0.007,-0.006
2022-02-13,-0.29,-8.43,0.049,-0.218
2022-02-14,-0.72,-2.21,0.032,-0.120
2022-02-15,-0.35,1.96,-0.012,0.056
2022-02-16,-0.47,2.98,0.026,0.133
2022-02-17,-1.82,2.80,-0.044,0.138
2022-02-18,-1.28,-7.27,-0.007,-0.095
2022-02-19,-0.39,-5.65,0.047,-0.186
2022-02-20,1.86,-1.67,0.028,-0.089
2022-02-21,-2.32,2.86,-0.021,-0.012
2022-02-22,-2.86,2.07,-0.039,0.068
2022-02-23,-2.72,2.28,-0.051,0.129
2022-02-24,-2.81,-0.97,-0.027,0.023
2022-02-25,-2.45,-6.39,0.020,-0.227
2022-02-26,-0.79,-4.06,0.028,-0.157
2022-02-27,-1.58,-5.50,0.035,-0.156
2022-02-28,-0.26,-4.94,0.048,-0.168
2022-03-01,-1.08,-2.04,-0.004,-0.069
2022-03-02,-1.68,-1.18,-0.026,0.010
2022-03-03,-2.18,1.76,0.000,0.010
2022-03-04,-2.04,1.97,-0.019,0.037
2022-03-05,-2.50,3.09,0.019,0.120
2022-03-06,-2.98,2.09,-0.008,0.106
2022-03-07,-3.96,1.36,-0.012,0.052
2022-03-08,-2.04,-4.59,0.029,-0.145
2022-03-09,-1.89,-6.18,0.044,-0.177
2022-03-10,-2.28,-2.72,0.021,-0.100
2022-03-11,-2.31,1.80,-0.003,0.051
2022-03-12,-1.59,-9.02,0.040,-0.204
2022-03-13,-0.49,-2.53,0.025,-0.097
2022-03-14,-1.43,1.84,-0.038,0.149
2022-03-15,-1.88,-2.50,0.017,0.067
2022-03-16,-2.89,-0.72,0.007,-0.098
2022-03-17,-3.09,3.82,-0.016,0.093
2022-03-18,-4.01,-3.74,-0.013,0.062
2022-03-19,-0.78,-6.31,0.047,-0.176
2022-03-20,-1.19,-3.44,0.020,-0.092
2022-03-21,-2.00,2.97,0.016,0.101
2022-03-22,-6.56,-1.04,-0.022,0.087
2022-03-23,-2.31,-5.18,0.022,-0.142
2022-03-24,-2.15,-2.57,0.039,-0.102
2022-03-25,-1.70,2.84,-0.006,0.144
2022-03-26,-2.43,3.35,-0.025,0.136
2022-03-27,-2.79,3.45,0.000,0.102
2022-03-28,-2.10,3.23,0.000,0.105
2022-03-29,-2.62,3.24,-0.009,0.131
2022-03-30,-3.84,3.46,-0.023,0.129
2022-03-31,-1.74,-4.30,-0.009,-0.043
2022-04-01,-1.32,-3.64,0.025,-0.154
2022-04-02,-2.07,-1.50,0.025,-0.062
2022-04-03,-2.39,-1.27,0.030,-0.074
2022-04-04,-3.03,2.63,0.046,-0.067
2022-04-05,-2.92,0.41,0.016,0.035
2022-04-06,-2.52,0.35,0.009,-0.000
2022-04-07,-2.27,-7.00,0.025,-0.133
2022-04-08,-2.98,-2.09,0.040,-0.109
2022-04-09,-3.40,3.40,-0.027,0.110
2022-04-10,-3.94,4.86,-0.050,0.170
2022-04-11,-3.17,3.78,-0.039,0.168
2022-04-12,-4.01,1.54,-0.028,0.114
2022-04-13,-3.28,2.96,0.018,0.023
2022-04-14,-3.68,-1.41,0.002,-0.007
2022-04-15,-3.72,0.20,0.010,-0.108
2022-04-16,-3.74,2.25,0.047,-0.092
2022-04-17,-3.24,1.44,0.049,0.005
2022-04-18,-3.29,-0.94,0.024,0.030
2022-04-19,-3.37,0.41,0.023,0.019
2022-04-20,-3.86,3.86,0.000,0.060
2022-04-21,-4.04,0.64,0.000,0.012
2022-04-22,-3.26,1.52,0.010,0.029
2022-04-23,-3.74,3.49,-0.013,0.116
2022-04-24,-3.63,2.84,0.017,0.166
2022-04-25,-3.67,2.12,0.051,0.068
2022-04-26,-4.60,-2.45,-0.020,-0.061
2022-04-27,-2.09,-3.93,0.080,-0.215
2022-04-28,-2.71,1.97,0.080,-0.104
2022-04-29,-3.34,3.46,0.056,0.050
2022-04-30,-3.17,2.14,0.020,0.057
2022-05-01,-3.96,1.21,0.019,0.016
2022-05-02,-4.14,3.23,0.010,0.064
2022-05-03,-3.49,2.53,0.030,0.132
2022-05-04,-3.56,2.78,0.021,0.107
2022-05-05,-3.81,2.57,0.031,0.115
2022-05-06,-3.33,1.21,0.020,0.096
2022-05-07,-3.28,1.90,0.018,0.061
2022-05-08,-3.23,2.44,0.037,0.110
2022-05-09,-4.06,1.72,-0.012,0.135
2022-05-10,-4.20,0.89,0.020,0.054
2022-05-11,-3.71,0.32,0.013,0.036
2022-05-12,-3.18,0.39,0.033,-0.038
2022-05-13,-3.71,3.46,0.025,0.045
2022-05-14,-3.63,2.45,-0.011,0.131
2022-05-15,-3.08,1.44,0.005,0.130
2022-05-16,-3.40,3.06,-0.002,0.159
2022-05-17,-3.25,3.03,0.019,0.156
2022-05-18,-3.36,3.14,0.028,0.129
2022-05-19,-3.32,3.32,0.033,0.147
2022-05-20,-3.39,2.85,0.031,0.114
2022-05-21,-4.33,2.40,-0.007,0.108
2022-05-22,-4.11,-0.80,0.009,-0.026
2022-05-23,-3.63,-0.25,0.024,-0.118
2022-05-24,-4.24,3.81,0.056,-0.057
2022-05-25,-3.84,1.87,0.025,0.057
2022-05-26,-2.99,-2.17,-0.036,0.028
2022-05-27,-2.85,0.66,0.014,-0.005
2022-05-28,-2.92,1.97,0.008,0.060
2022-05-29,-3.58,3.84,-0.027,0.153
2022-05-30,-4.12,3.34,-0.024,0.148
2022-05-31,-4.37,2.04,-0.007,0.117
2022-06-01,-3.49,-0.12,0.038,-0.000
2022-06-02,-2.99,-0.16,0.045,-0.029
2022-06-03,-3.22,-0.28,0.021,-0.042
2022-06-04,-2.86,0.66,0.037,-0.066
2022-06-05,-3.25,3.03,0.033,0.087
2022-06-06,-3.67,3.80,-0.030,0.150
2022-06-07,-3.93,2.86,-0.011,0.148
2022-06-08,-3.52,1.64,0.060,0.096
2022-06-09,-3.64,0.84,0.024,0.071
2022-06-10,-2.38,0.91,0.012,0.059
2022-06-11,-3.02,2.72,0.030,0.132
2022-06-12,-3.75,3.15,0.028,0.195
2022-06-13,-3.57,2.69,0.022,0.177
2022-06-14,-2.88,1.87,0.052,0.127
2022-06-15,-2.57,1.14,0.028,0.110
2022-06-16,-3.37,0.47,0.010,0.080
2022-06-17,-2.55,0.83,0.011,0.042
2022-06-18,-3.04,-1.05,0.003,0.042
2022-06-19,-2.69,-0.92,0.005,0.053
2022-06-20,-2.21,-1.99,-0.016,0.025
2022-06-21,-2.69,-2.10,-0.026,0.003
2022-06-22,-3.32,-0.53,0.017,-0.026
2022-06-23,1.39,-2.23,0.005,-0.095
2022-06-24,-2.22,1.04,-0.001,-0.027
2022-06-25,-2.48,2.16,0.016,0.091
2022-06-26,-2.25,1.52,0.004,0.137
2022-06-27,-2.40,0.64,0.019,0.089
2022-06-28,-2.57,-1.31,-0.000,0.052
2022-06-29,-2.09,-2.09,-0.002,0.026
2022-06-30,-2.12,1.27,0.051,-0.108
2022-07-01,-2.38,2.65,0.051,0.014
2022-07-02,-3.32,2.79,-0.006,0.189
2022-07-03,-3.16,2.38,0.027,0.155
2022-07-04,-3.04,1.90,0.062,0.085
2022-07-05,-3.19,2.32,0.026,0.127
2022-07-06,-2.47,1.48,0.049,0.117
2022-07-07,-2.98,1.58,0.030,0.126
2022-07-08,-2.80,2.19,0.031,0.139
2022-07-09,-2.59,1.44,0.027,0.127
2022-07-10,-2.69,2.10,0.022,0.132
2022-07-11,-2.81,2.91,0.036,0.157
2022-07-12,-3.54,2.97,0.029,0.157
2022-07-13,-3.67,1.95,0.036,0.111
2022-07-14,-3.01,1.67,0.020,0.096
2022-07-15,-2.24,1.00,0.034,0.095
2022-07-16,-3.08,0.94,0.026,0.066
2022-07-17,-2.90,0.78,0.016,0.080
2022-07-18,-1.95,2.02,0.042,0.102
2022-07-19,-2.28,2.72,0.048,0.125
2022-07-20,-3.18,3.29,0.043,0.161
2022-07-21,-3.31,2.88,0.004,0.129
2022-07-22,-3.30,2.23,0.052,0.087
2022-07-23,-2.95,1.99,0.054,0.115
2022-07-24,-2.48,1.74,0.065,0.116
2022-07-25,-3.13,1.33,0.013,0.121
2022-07-26,-2.83,1.26,0.015,0.124
2022-07-27,-2.62,1.58,0.047,0.099
2022-07-28,-2.78,1.87,0.037,0.091
2022-07-29,-2.65,1.35,0.033,0.091
2022-07-30,-2.79,-0.70,-0.002,0.064
2022-07-31,-2.27,-0.92,-0.009,0.037
2022-08-01,-2.37,1.85,0.025,0.075
2022-08-02,-2.22,2.07,0.028,0.092
2022-08-03,-2.53,2.91,0.023,0.162
2022-08-04,-3.05,3.05,-0.012,0.193
2022-08-05,-3.23,2.18,0.052,0.127
2022-08-06,-2.77,1.41,0.038,0.069
2022-08-07,-2.85,0.93,0.038,0.088
2022-08-08,-2.78,0.49,0.020,0.088
2022-08-09,-1.89,0.69,0.027,0.052
2022-08-10,-2.16,0.87,0.027,0.056
2022-08-11,-2.58,1.15,0.009,0.073
2022-08-12,-2.70,1.62,0.008,0.085
2022-08-13,-2.63,1.17,0.024,0.082
2022-08-14,-2.42,1.76,0.023,0.049
2022-08-15,-2.65,2.47,0.015,0.096
2022-08-16,-3.15,0.73,-0.022,0.127
2022-08-17,-2.38,0.77,0.003,0.062
2022-08-18,-2.71,1.69,-0.004,0.114
2022-08-19,-2.57,2.01,0.008,0.159
2022-08-20,-2.61,1.16,0.011,0.104
2022-08-21,-3.18,3.18,0.011,0.185
2022-08-22,-3.01,3.01,0.042,0.183
2022-08-23,-2.90,2.71,0.064,0.136
2022-08-24,-2.78,1.67,0.053,0.083
2022-08-25,-2.73,1.58,0.044,0.074
2022-08-26,-2.83,1.84,0.059,0.096
2022-08-27,-2.83,1.50,0.048,0.095
2022-08-28,-2.95,2.22,0.013,0.148
2022-08-29,-3.30,2.67,0.009,0.144
2022-08-30,-2.64,1.46,0.024,0.069
2022-08-31,-2.76,0.54,0.005,0.076
2022-09-01,-2.37,-1.54,-0.021,0.014
2022-09-02,-2.10,-1.89,-0.031,-0.073
2022-09-03,-3.17,-0.50,-0.031,-0.074
2022-09-04,-2.32,-1.95,-0.008,-0.072
2022-09-05,-2.54,-0.40,-0.028,-0.037
2022-09-06,-2.25,-0.64,-0.051,0.016
2022-09-07,-0.73,-2.73,-0.031,-0.023
2022-09-08,0.32,-2.63,-0.031,-0.111
2022-09-09,-1.85,1.03,-0.018,-0.058
2022-09-10,-2.19,1.37,0.012,0.027
2022-09-11,-2.45,-2.13,0.007,-0.027
2022-09-12,-0.17,-3.31,0.008,-0.129
2022-09-13,-0.95,-2.23,0.033,-0.146
2022-09-14,-1.20,-2.83,0.056,-0.176
2022-09-15,-2.25,-0.32,0.079,-0.146
2022-09-16,-1.46,-1.27,0.086,-0.149
2022-09-17,-1.69,-1.27,0.093,-0.151
2022-09-18,-2.28,-1.21,0.073,-0.125
2022-09-19,-1.81,-1.69,0.069,-0.127
2022-09-20,-1.07,-2.41,0.042,-0.145
2022-09-21,0.46,-2.89,0.028,-0.167
2022-09-22,-0.52,-2.96,0.031,-0.173
2022-09-23,0.42,-3.01,0.068,-0.186
2022-09-24,-1.51,-0.80,0.043,-0.115
2022-09-25,-1.84,0.90,0.081,0.035
2022-09-26,-0.77,-3.34,0.035,0.015
2022-09-27,-0.14,-4.04,0.083,-0.191
2022-09-28,0.52,-4.21,0.104,-0.165
2022-09-29,0.87,-4.08,0.091,-0.136
2022-09-30,1.77,-2.62,0.085,-0.120
2022-10-01,-0.51,-1.91,0.072,-0.086
2022-10-02,-1.52,-1.69,0.013,-0.112
2022-10-03,-1.26,-2.83,0.026,-0.053
2022-10-04,0.25,-2.81,0.052,-0.076
2022-10-05,-1.61,-0.97,0.020,-0.054
2022-10-06,0.00,-2.03,0.024,-0.042
2022-10-07,-1.31,-2.94,0.025,-0.109
2022-10-08,-0.47,-4.49,0.047,-0.189
2022-10-09,-0.41,-4.73,0.064,-0.153
2022-10-10,0.13,-3.60,0.083,-0.153
2022-10-11,0.66,-3.72,0.089,-0.142
2022-10-12,0.00,-4.12,0.082,-0.136
2022-10-13,-0.20,-3.85,0.072,-0.127
2022-10-14,-0.80,-2.45,0.061,-0.113
2022-10-15,-2.02,-0.77,0.079,-0.067
2022-10-16,-1.98,0.96,0.081,0.001
2022-10-17,-2.00,1.50,0.092,0.086
2022-10-18,-0.67,-6.37,0.044,-0.074
2022-10-19,2.44,-6.70,0.090,-0.236
2022-10-20,2.16,-1.69,0.048,-0.040
2022-10-21,0.25,2.34,0.014,0.106
2022-10-22,-1.18,2.79,0.012,0.213
2022-10-23,-1.80,3.85,-0.035,0.170
2022-10-24,-3.26,5.02,-0.052,0.159
2022-10-25,-3.80,-4.37,-0.011,0.022
2022-10-26,0.90,-3.13,0.042,-0.172
2022-10-27,-2.29,-1.22,0.035,-0.040
2022-10-28,-2.38,2.38,0.000,0.125
2022-10-29,-1.23,-6.31,0.034,-0.125
2022-10-30,-0.54,-1.89,0.046,-0.081
2022-10-31,-1.88,0.84,0.013,0.110
2022-11-01,-2.32,1.75,-0.021,0.144
2022-11-02,-1.73,-1.67,-0.012,-0.022
2022-11-03,-1.96,1.27,0.023,-0.085
2022-11-04,-1.87,2.23,0.019,0.086
2022-11-05,-3.83,-1.02,-0.018,0.110
2022-11-06,-1.12,-2.19,0.021,-0.097
2022-11-07,-2.40,0.69,0.012,-0.057
2022-11-08,-1.66,-2.05,0.026,0.023
2022-11-09,-1.74,-1.22,0.011,-0.081
2022-11-10,-1.70,1.82,0.034,-0.045
2022-11-11,-2.18,3.36,-0.004,0.106
2022-11-12,-2.17,-5.36,0.012,-0.025
2022-11-13,0.62,-5.07,0.049,-0.185
2022-11-14,2.50,2.17,0.017,0.021
2022-11-15,0.58,-5.55,0.013,-0.021
2022-11-16,1.61,-5.60,0.047,-0.196
2022-11-17,2.40,-4.33,0.051,-0.165
2022-11-18,3.71,-1.42,0.052,-0.104
2022-11-19,1.58,-3.09,0.033,-0.082
2022-11-20,2.64,-4.23,0.050,-0.177
2022-11-21,2.29,-2.37,0.047,-0.122
2022-11-22,1.46,-3.00,0.048,-0.087
2022-11-23,2.11,-1.32,0.028,-0.041
2022-11-24,-0.73,2.24,0.011,0.065
2022-11-25,-3.25,-1.95,0.015,0.107
2022-11-26,-0.66,-5.36,0.046,-0.159
2022-11-27,2.20,-2.05,0.028,-0.062
2022-11-28,-0.40,-1.88,-0.017,0.161
2022-11-29,-1.29,2.77,-0.012,0.233
2022-11-30,-2.90,-0.31,-0.004,0.137
2022-12-01,0.44,-5.06,0.043,-0.150
2022-12-02,1.49,-0.34,0.047,-0.085
2022-12-03,-1.77,-1.20,0.009,0.015
2022-12-04,-1.30,-1.60,-0.038,-0.044
2022-12-05,-0.63,2.08,0.028,0.108
2022-12-06,-1.45,3.10,0.014,0.207
2022-12-07,-2.78,2.68,-0.011,0.142
2022-12-08,-2.07,2.22,0.007,0.099
2022-12-09,-1.67,0.67,0.014,0.009
2022-12-10,-0.98,2.11,0.020,-0.029
2022-12-11,-1.84,1.34,-0.005,-0.002
2022-12-12,-1.20,2.08,0.007,0.009
2022-12-13,-1.62,3.48,-0.006,0.093
2022-12-14,-4.96,2.53,-0.021,0.102
2022-12-15,-0.91,-4.26,0.051,-0.164
2022-12-16,-1.94,0.41,0.004,-0.065
2022-12-17,-1.08,-4.33,0.000,-0.012
2022-12-18,3.23,-3.46,0.050,-0.179
2022-12-19,1.27,2.04,0.018,-0.000
2022-12-20,-1.00,-4.34,0.037,-0.069
2022-12-21,-0.21,-4.03,0.036,-0.147
2022-12-22,-0.75,2.05,-0.013,0.039
2022-12-23,-0.13,-7.30,0.037,-0.143
2022-12-24,1.36,-5.09,0.048,-0.186
2022-12-25,2.63,-2.28,0.037,-0.081
2022-12-26,2.66,-0.23,0.032,-0.025
2022-12-27,0.06,-3.59,-0.010,-0.011
2022-12-28,-0.11,3.02,-0.004,0.004
2022-12-29,-1.35,3.91,-0.042,0.167
2022-12-30,-1.65,1.77,-0.020,0.147
2022-12-31,-0.47,-2.19,0.008,0.018
2023-01-01,-1.65,2.65,-0.007,-0.019
2023-01-02,-2.44,3.76,-0.041,0.172
2023-01-03,-1.70,3.07,-0.043,0.167
2023-01-04,-0.73,-3.16,0.014,0.014
2023-01-05,0.48,-2.72,0.023,-0.130
2023-01-06,-1.40,-1.45,-0.012,-0.023
2023-01-07,-1.31,2.10,0.019,0.062
2023-01-08,-2.30,-0.88,0.014,0.062
2023-01-09,-1.41,-2.44,-0.027,-0.079
2023-01-10,-1.93,-0.55,0.009,-0.065
2023-01-11,-1.96,2.90,0.030,0.068
2023-01-12,-3.19,1.92,0.017,0.097
2023-01-13,-0.58,-6.58,0.030,-0.151
2023-01-14,-1.57,-2.01,0.041,-0.100
2023-01-15,-0.89,3.56,-0.012,0.134
2023-01-16,-1.84,4.13,-0.049,0.179
2023-01-17,-1.85,2.46,-0.011,0.130
2023-01-18,-1.67,2.07,0.000,0.076
2023-01-19,-0.51,-3.66,0.013,-0.033
2023-01-20,-0.65,-3.70,0.037,-0.166
2023-01-21,-2.18,1.26,0.022,-0.061
2023-01-22,-1.56,-4.52,0.040,-0.120
2023-01-23,-3.35,-3.24,0.029,-0.112
2023-01-24,-1.01,3.31,0.013,0.021
2023-01-25,-1.97,-7.35,0.022,-0.103
2023-01-26,-1.96,-4.41,0.045,-0.157
2023-01-27,0.86,-3.46,0.000,-0.060
2023-01-28,1.58,1.47,-0.007,0.018
2023-01-29,-1.69,2.32,0.004,0.133
2023-01-30,-2.14,2.73,-0.031,0.167
2023-01-31,-2.33,0.90,0.023,0.150
2023-02-01,-1.29,-6.08,0.043,-0.159
2023-02-02,-0.70,-4.43,0.036,-0.158
2023-02-03,0.35,-6.74,0.048,-0.180
2023-02-04,1.08,-3.15,0.034,-0.102
2023-02-05,-1.42,-1.69,-0.009,0.075
2023-02-06,-1.95,1.88,-0.001,0.105
2023-02-07,-2.86,3.66,-0.017,0.151
2023-02-08,-3.10,0.77,-0.025,0.142
2023-02-09,-0.92,-5.81,0.034,-0.155
2023-02-10,-0.28,-5.27,0.046,-0.138
2023-02-11,0.70,-6.68,0.050,-0.178
2023-02-12,-2.05,0.63,0.016,-0.038
2023-02-13,-0.05,2.84,-0.023,0.151
2023-02-14,-1.72,3.69,-0.035,0.202
2023-02-15,-2.11,1.71,-0.050,0.170
2023-02-16,-4.52,-0.16,-0.041,0.132
2023-02-17,-0.77,-8.76,0.046,-0.216
2023-02-18,-0.43,-4.05,0.028,-0.152
2023-02-19,1.76,-1.10,-0.010,0.113
2023-02-20,-2.02,1.36,-0.033,0.177
2023-02-21,-2.18,2.42,-0.053,0.192
2023-02-22,-2.15,3.72,-0.047,0.210
2023-02-23,-2.55,3.03,-0.050,0.170
2023-02-24,-2.94,1.91,-0.033,0.091
2023-02-25,-2.65,0.61,-0.011,0.073
2023-02-26,-2.81,2.91,-0.026,0.151
2023-02-27,-2.63,2.82,-0.025,0.154
2023-02-28,-2.80,1.82,-0.026,0.150
2023-03-01,-2.73,2.83,-0.042,0.163
2023-03-02,-2.87,3.08,-0.041,0.156
2023-03-03,-4.74,-5.65,-0.002,-0.008
2023-03-04,-2.33,-1.29,0.023,-0.108
2023-03-05,-2.38,-0.46,-0.003,-0.005
2023-03-06,-2.79,1.96,-0.019,0.102
2023-03-07,-2.70,1.69,0.000,0.025
2023-03-08,-2.82,2.05,0.005,0.076
2023-03-09,-2.91,1.75,0.000,0.116
2023-03-10,-2.92,0.84,0.007,0.087
2023-03-11,-2.86,2.86,-0.013,0.097
2023-03-12,-2.55,2.46,-0.008,0.123
2023-03-13,-3.25,-3.87,-0.026,0.037
2023-03-14,-2.37,-2.83,0.049,-0.175
2023-03-15,-2.54,-3.03,0.032,-0.133
2023-03-16,-2.82,4.18,-0.015,0.037
2023-03-17,-4.10,-4.55,-0.009,0.056
2023-03-18,-0.72,-8.24,0.048,-0.245
2023-03-19,1.83,-7.35,0.063,-0.234
2023-03-20,3.31,-2.40,0.046,-0.147
2023-03-21,-0.12,3.36,-0.009,0.036
2023-03-22,-3.16,2.13,-0.044,0.162
2023-03-23,-3.39,2.84,-0.043,0.185
2023-03-24,-2.83,2.93,-0.052,0.199
2023-03-25,-2.85,-1.71,-0.043,0.134
2023-03-26,-3.07,-0.94,-0.023,0.007
2023-03-27,-2.91,-0.51,-0.063,0.066
2023-03-28,-3.44,-0.79,-0.029,0.111
2023-03-29,-1.03,-5.31,0.024,-0.120
2023-03-30,-2.86,0.10,0.018,-0.046
2023-03-31,-2.76,2.08,0.000,0.120
2023-04-01,-3.49,-0.24,-0.020,0.091
2023-04-02,-2.92,2.12,-0.023,0.119
2023-04-03,-3.12,2.81,-0.036,0.150
2023-04-04,-3.11,3.00,-0.032,0.145
2023-04-05,-3.97,2.89,-0.015,0.130
2023-04-06,-3.54,-4.70,0.004,-0.040
2023-04-07,-1.04,-6.54,0.048,-0.194
2023-04-08,-0.93,-5.85,0.050,-0.169
2023-04-09,-0.50,-4.73,0.034,-0.130
2023-04-10,-1.90,-3.90,0.004,-0.110
2023-04-11,-1.87,-5.13,0.023,-0.139
2023-04-12,-1.57,-3.88,0.036,-0.149
2023-04-13,-2.48,1.67,0.000,-0.030
2023-04-14,-2.18,1.96,0.000,0.056
2023-04-15,-2.05,-0.07,0.033,0.035
2023-04-16,-1.80,-3.85,0.018,-0.047
2023-04-17,-2.59,-4.49,0.033,-0.157
2023-04-18,-2.51,3.33,-0.002,0.068
2023-04-19,-3.55,1.66,-0.017,0.128
2023-04-20,-2.68,0.97,0.026,0.037
2023-04-21,-2.24,-1.30,-0.007,-0.014
2023-04-22,-2.15,-2.48,-0.036,-0.084
2023-04-23,-2.85,2.57,0.017,0.021
2023-04-24,-0.94,-5.31,0.036,-0.112
2023-04-25,-2.30,-1.86,0.038,-0.098
2023-04-26,-2.18,2.10,0.000,0.032
2023-04-27,-2.79,-1.24,0.033,0.002
2023-04-28,-2.23,-2.66,0.030,-0.119
2023-04-29,-1.96,-5.39,0.038,-0.132
2023-04-30,-2.07,1.87,0.047,-0.057
2023-05-01,-2.20,3.26,-0.013,0.110
2023-05-02,-3.12,2.44,-0.031,0.152
2023-05-03,-2.31,-3.18,-0.020,-0.025
2023-05-04,-2.13,-1.13,-0.024,-0.055
2023-05-05,-2.58,0.50,-0.005,-0.000
2023-05-06,-2.96,1.92,0.006,0.063
2023-05-07,-3.11,0.72,-0.005,0.043
2023-05-08,-3.41,1.59,-0.012,0.061
2023-05-09,-2.97,1.79,0.000,0.074
2023-05-10,-4.01,0.93,0.000,0.072
2023-05-11,-2.94,0.52,-0.009,0.067
2023-05-12,-3.36,0.72,-0.010,0.064
2023-05-13,-4.83,-0.76,-0.012,0.006
2023-05-14,-1.34,-3.48,0.025,-0.110
2023-05-15,-1.25,-3.62,0.056,-0.150
2023-05-16,-2.10,-1.41,0.043,-0.040
2023-05-17,-2.45,1.09,0.012,0.021
2023-05-18,-2.68,0.82,0.012,0.070
2023-05-19,-2.33,1.63,0.004,0.096
2023-05-20,-2.87,0.46,-0.015,0.105
2023-05-21,-1.10,-3.21,-0.007,-0.053
2023-05-22,-2.28,-0.44,0.007,-0.051
2023-05-23,-2.45,1.42,0.009,0.012
2023-05-24,-2.69,1.20,-0.007,0.063
2023-05-25,-2.83,-0.25,-0.007,0.044
2023-05-26,-2.87,-0.61,0.000,0.030
2023-05-27,-2.80,-0.86,0.009,-0.050
2023-05-28,-2.67,0.87,0.015,-0.054
2023-05-29,-3.15,1.21,0.025,-0.021
2023-05-30,-2.57,1.04,0.026,-0.050
2023-05-31,-2.49,0.67,0.036,-0.127
2023-06-01,-3.57,1.98,0.000,-0.049
2023-06-02,-3.45,0.73,0.000,0.025
2023-06-03,-3.36,1.57,0.000,0.056
2023-06-04,-3.28,1.33,0.000,0.056
2023-06-05,-2.86,0.35,0.000,0.014
2023-06-06,-2.61,0.05,-0.016,0.062
2023-06-07,-2.75,1.86,-0.023,0.120
2023-06-08,-2.98,2.09,-0.025,0.107
2023-06-09,-2.90,2.18,-0.013,0.119
2023-06-10,-3.60,3.02,-0.026,0.149
2023-06-11,-3.71,2.41,-0.034,0.152
2023-06-12,-3.51,2.46,-0.011,0.131
2023-06-13,-3.60,2.91,-0.001,0.157
2023-06-14,-3.25,3.37,0.026,0.142
2023-06-15,-4.02,3.03,0.036,0.116
2023-06-16,-3.44,1.68,0.049,0.025
2023-06-17,-3.33,1.21,0.021,0.042
2023-06-18,-3.56,2.59,0.001,0.108
2023-06-19,-3.52,2.96,0.028,0.167
2023-06-20,-3.31,2.98,0.045,0.170
2023-06-21,-3.33,3.45,0.038,0.174
2023-06-22,-3.42,2.58,0.050,0.157
2023-06-23,-3.42,2.31,0.037,0.120
2023-06-24,-3.60,1.10,0.010,0.156
2023-06-25,-3.39,1.88,0.004,0.155
2023-06-26,-2.83,1.64,0.017,0.165
2023-06-27,-2.96,1.64,0.006,0.158
2023-06-28,-3.32,1.84,-0.001,0.162
2023-06-29,-3.51,1.01,-0.013,0.138
2023-06-30,-3.34,1.49,-0.000,0.128
2023-07-01,-2.69,1.75,0.021,0.120
2023-07-02,-2.83,1.03,-0.004,0.111
2023-07-03,-2.96,1.78,0.005,0.128
2023-07-04,-3.37,1.57,-0.006,0.142
2023-07-05,-3.10,-0.16,-0.026,0.117
2023-07-06,-3.35,1.71,-0.000,0.139
2023-07-07,-2.10,-0.22,-0.019,0.056
2023-07-08,-2.69,0.72,-0.008,0.055
2023-07-09,-2.44,1.84,-0.004,0.117
2023-07-10,-3.16,2.38,-0.005,0.175
2023-07-11,-2.33,2.03,0.042,0.141
2023-07-12,-2.76,2.40,0.028,0.147
2023-07-13,-2.81,2.44,0.034,0.158
2023-07-14,-3.19,2.49,0.032,0.174
2023-07-15,-3.37,1.72,0.032,0.178
2023-07-16,-3.05,1.11,0.009,0.160
2023-07-17,-3.08,1.57,-0.008,0.175
2023-07-18,-3.01,1.15,-0.041,0.171
2023-07-19,-2.80,1.43,-0.046,0.167
2023-07-20,-3.16,1.54,-0.046,0.169
2023-07-21,-2.76,1.06,-0.045,0.151
2023-07-22,-3.29,2.22,-0.028,0.190
2023-07-23,-2.86,1.52,-0.012,0.161
2023-07-24,-2.38,-0.42,-0.016,0.112
2023-07-25,-1.43,-2.20,-0.050,0.104
2023-07-26,-2.28,0.44,-0.053,0.116
2023-07-27,-2.19,0.98,-0.041,0.150
2023-07-28,-2.46,0.95,-0.052,0.128
2023-07-29,-1.09,-1.96,-0.052,0.071
2023-07-30,-1.92,-0.10,-0.033,0.076
2023-07-31,-2.23,0.81,-0.049,0.077
2023-08-01,-2.53,0.77,-0.008,0.100
2023-08-02,-2.91,0.31,-0.038,0.120
2023-08-03,-2.49,0.81,-0.008,0.103
2023-08-04,-2.71,1.50,-0.021,0.133
2023-08-05,-2.49,1.74,-0.016,0.134
2023-08-06,-2.41,2.33,0.009,0.131
2023-08-07,-2.91,2.12,0.030,0.124
2023-08-08,-3.09,2.68,0.024,0.156
2023-08-09,-3.12,2.62,0.017,0.150
2023-08-10,-4.08,3.42,0.010,0.176
2023-08-11,-3.66,2.29,-0.003,0.122
2023-08-12,-3.35,2.09,0.020,0.081
2023-08-13,-3.33,1.62,0.012,0.109
2023-08-14,-3.29,0.40,-0.009,0.129
2023-08-15,-2.05,0.11,-0.019,0.109
2023-08-16,-1.47,1.47,-0.027,0.088
2023-08-17,-2.54,2.13,-0.028,0.182
2023-08-18,-2.37,2.21,0.018,0.144
2023-08-19,-2.74,0.58,-0.006,0.045
2023-08-20,-2.01,-0.98,-0.073,0.066
2023-08-21,-0.24,-2.80,-0.052,-0.022
2023-08-22,0.35,-3.33,0.012,-0.176
2023-08-23,-1.92,-2.46,0.027,-0.241
2023-08-24,-0.85,-2.97,0.114,-0.260
2023-08-25,-1.11,-2.09,0.118,-0.185
2023-08-26,-0.31,-3.53,0.076,-0.163
2023-08-27,-1.05,-2.37,0.078,-0.201
2023-08-28,-0.10,-1.97,0.082,-0.089
2023-08-29,-0.67,2.07,0.086,-0.011
2023-08-30,-0.86,-1.68,0.012,-0.069
2023-08-31,-1.56,-1.17,0.052,-0.151
2023-09-01,-2.38,-0.38,0.068,-0.075
2023-09-02,-2.71,-0.28,0.074,-0.056
2023-09-03,-2.79,0.96,0.092,-0.038
2023-09-04,-2.90,2.70,0.033,0.141
2023-09-05,-2.89,2.60,0.002,0.203
2023-09-06,-2.84,1.32,0.032,0.089
2023-09-07,-2.72,-0.58,0.018,-0.030
2023-09-08,-2.82,-0.00,0.039,-0.027
2023-09-09,-2.75,-1.28,0.026,-0.045
2023-09-10,-1.76,-0.67,0.035,-0.035
2023-09-11,-2.48,0.90,0.043,0.041
2023-09-12,-2.74,1.85,0.062,0.102
2023-09-13,-2.80,1.82,0.034,0.126
2023-09-14,-3.08,2.77,0.006,0.165
2023-09-15,-3.12,2.27,0.032,0.157
2023-09-16,-3.09,1.71,0.034,0.128
2023-09-17,-2.85,-1.58,0.016,0.041
2023-09-18,-1.21,-2.85,0.010,-0.042
2023-09-19,-2.09,-1.58,0.019,-0.053
2023-09-20,-2.39,1.49,0.026,0.023
2023-09-21,-2.41,2.25,0.036,0.091
2023-09-22,-2.44,1.91,0.032,0.087
2023-09-23,-2.41,2.25,0.033,0.118
2023-09-24,-2.76,2.15,0.058,0.082
2023-09-25,-2.81,1.25,0.047,0.053
2023-09-26,-2.32,-1.03,0.006,0.019
2023-09-27,-2.78,-0.85,0.010,-0.029
2023-09-28,-2.96,-1.57,0.032,-0.064
2023-09-29,-1.96,-2.11,0.035,-0.102
2023-09-30,-1.70,-2.02,0.045,-0.170
2023-10-01,-1.84,-1.71,0.074,-0.209
2023-10-02,-2.00,-1.51,0.094,-0.189
2023-10-03,-2.35,-0.46,0.092,-0.204
2023-10-04,-2.60,1.27,0.092,-0.155
2023-10-05,-2.49,1.38,0.079,0.015
2023-10-06,-2.54,-5.45,0.034,-0.062
2023-10-07,0.65,-7.39,0.069,-0.191
2023-10-08,0.25,-7.26,0.047,-0.189
2023-10-09,1.05,-3.05,0.038,-0.089
2023-10-10,0.00,-1.94,0.002,0.076
2023-10-11,0.14,-2.59,-0.017,0.038
2023-10-12,-2.52,0.35,0.008,-0.020
2023-10-13,-2.16,2.24,0.034,0.054
2023-10-14,-2.63,-3.62,-0.001,0.016
2023-10-15,-1.10,-6.96,0.042,-0.174
2023-10-16,-1.18,-6.05,0.051,-0.144
2023-10-17,-0.46,-3.75,0.034,-0.096
2023-10-18,-1.13,2.22,0.000,0.100
2023-10-19,-1.78,1.98,-0.025,0.160
2023-10-20,-2.12,1.32,-0.022,0.118
2023-10-21,-1.85,2.65,-0.004,0.110
2023-10-22,-2.29,3.16,-0.007,0.119
2023-10-23,-3.76,3.76,-0.032,0.141
2023-10-24,-3.93,3.79,-0.034,0.133
2023-10-25,-2.84,2.38,-0.006,0.103
2023-10-26,-2.02,1.47,0.042,0.060
2023-10-27,-2.29,-0.28,0.047,-0.020
2023-10-28,-2.21,-0.04,0.026,-0.030
2023-10-29,-1.88,1.88,0.026,0.047
2023-10-30,-1.23,-5.34,0.038,0.000
2023-10-31,0.97,-6.87,0.047,-0.208
2023-11-01,2.94,-3.76,0.052,-0.136
2023-11-02,3.37,-0.97,0.037,-0.051
2023-11-03,2.21,-1.73,-0.007,0.004
2023-11-04,1.76,-1.19,-0.030,-0.005
2023-11-05,-1.70,-1.65,-0.043,0.049
2023-11-06,-2.13,0.90,-0.017,0.031
2023-11-07,-1.26,2.09,0.005,0.101
2023-11-08,-1.44,2.49,-0.004,0.151
2023-11-09,-1.82,3.03,-0.015,0.142
2023-11-10,-2.69,-0.33,-0.022,0.060
2023-11-11,-1.02,-6.47,0.035,-0.166
2023-11-12,1.90,-4.69,0.050,-0.160
2023-11-13,1.96,-2.90,0.050,-0.099
2023-11-14,1.16,-3.81,0.051,-0.124
2023-11-15,-0.29,-4.11,0.036,-0.130
2023-11-16,-0.05,-2.81,0.010,-0.071
2023-11-17,-1.74,0.37,-0.010,0.010
2023-11-18,-1.43,1.53,-0.012,0.028
2023-11-19,-1.81,2.16,-0.020,0.025
2023-11-20,-1.85,2.96,-0.050,0.164
2023-11-21,-0.22,-6.27,0.012,-0.032
2023-11-22,0.56,-6.46,0.047,-0.193
2023-11-23,0.66,-2.65,0.009,-0.042
2023-11-24,1.02,-2.00,0.000,0.083
2023-11-25,1.97,-1.38,0.022,-0.076
2023-11-26,-2.43,-1.58,-0.010,-0.024
2023-11-27,0.97,-6.92,0.047,-0.172
2023-11-28,2.91,-4.48,0.051,-0.121
2023-11-29,3.08,-1.71,0.040,-0.036
2023-11-30,0.31,3.59,0.009,0.089
2023-12-01,-1.54,3.03,-0.047,0.205
2023-12-02,-1.39,-2.99,-0.014,0.044
2023-12-03,-0.43,-4.95,0.008,-0.123
2023-12-04,1.98,-0.24,0.000,0.010
2023-12-05,1.18,-1.51,-0.002,0.035
2023-12-06,-0.81,-3.80,0.013,-0.067
2023-12-07,0.71,-1.45,0.038,-0.018
2023-12-08,-0.63,2.72,0.050,0.103
2023-12-09,-1.72,3.10,0.000,0.208
2023-12-10,-0.11,-6.42,0.026,-0.050
2023-12-11,0.50,-1.85,0.027,-0.060
2023-12-12,1.46,-1.27,-0.017,0.112
2023-12-13,1.06,-1.91,-0.011,0.067
2023-12-14,-0.36,-2.95,0.000,-0.069
2023-12-15,0.98,-3.20,0.025,-0.111
2023-12-16,0.18,-5.23,0.038,-0.132
2023-12-17,-0.61,-4.31,0.040,-0.129
2023-12-18,-1.14,-1.36,0.021,-0.028
2023-12-19,-1.65,-1.24,0.020,-0.029
2023-12-20,0.47,2.06,0.014,0.030
2023-12-21,-1.37,1.52,0.029,0.081
2023-12-22,-1.87,0.36,0.026,0.078
2023-12-23,-1.19,1.70,0.026,0.092
2023-12-24,-0.40,2.55,0.039,0.076
2023-12-25,-1.42,-3.05,-0.019,0.060
2023-12-26,-0.99,-3.23,0.037,-0.140
2023-12-27,-0.55,-3.91,0.057,-0.067
2023-12-28,-0.47,-5.37,0.051,-0.149
2023-12-29,-1.57,-4.82,0.036,-0.115
2023-12-30,1.57,-1.74,0.026,-0.061
2023-12-31,0.12,2.29,-0.015,0.136
2024-01-01,-0.20,2.86,-0.022,0.152
2024-01-02,-1.67,1.26,0.016,0.149
2024-01-03,-1.67,-4.14,0.045,0.038
2024-01-04,-1.88,-3.38,0.010,-0.118
2024-01-05,2.50,2.10,0.027,0.103
2024-01-06,-1.34,-3.01,-0.010,0.042
2024-01-07,-2.51,-2.89,-0.002,-0.011
2024-01-08,-0.70,3.28,-0.033,0.200
2024-01-09,-1.93,-7.20,-0.013,-0.011
2024-01-10,-0.58,3.31,0.010,-0.047
2024-01-11,-0.75,3.51,-0.026,0.193
2024-01-12,-3.91,-4.19,-0.022,0.114
2024-01-13,-1.71,-2.35,-0.003,-0.102
2024-01-14,-1.89,-0.80,-0.002,-0.020
2024-01-15,-1.89,-2.03,-0.024,0.168
2024-01-16,-1.24,-8.82,0.060,-0.229
2024-01-17,1.07,-2.64,0.038,-0.118
2024-01-18,1.47,1.23,-0.012,0.120
2024-01-19,-0.45,-2.54,-0.024,0.163
2024-01-20,0.95,-6.74,0.045,-0.160
2024-01-21,2.07,-2.22,0.028,-0.064
2024-01-22,1.53,1.07,0.000,0.081
2024-01-23,-1.08,2.81,0.002,0.215
2024-01-24,-2.41,2.68,-0.004,0.155
2024-01-25,-1.73,-3.55,-0.005,0.080
2024-01-26,-2.41,-0.25,-0.015,-0.091
2024-01-27,-2.16,-4.63,0.032,-0.031
2024-01-28,-1.57,-5.47,0.051,-0.124
2024-01-29,-0.97,-2.83,0.016,-0.037
2024-01-30,-1.91,-0.51,-0.028,0.110
2024-01-31,-2.10,0.64,-0.027,0.156
2024-02-01,-0.15,2.15,-0.017,0.141
2024-02-02,-1.75,3.60,-0.047,0.193
2024-02-03,-1.30,3.99,-0.047,0.187
2024-02-04,-2.05,-3.16,-0.006,0.038
2024-02-05,-0.85,-3.98,0.000,-0.088
2024-02-06,-1.00,-3.27,0.000,-0.086
2024-02-07,-1.74,3.13,-0.017,0.069
2024-02-08,-3.13,4.01,-0.048,0.189
2024-02-09,-2.08,2.08,-0.043,0.146
2024-02-10,-2.84,2.47,-0.036,0.126
2024-02-11,-2.11,2.34,-0.025,0.129
2024-02-12,-0.93,-6.64,0.032,-0.127
2024-02-13,-2.46,-1.04,0.038,-0.112
2024-02-14,-1.92,2.64,-0.012,0.107
2024-02-15,-3.10,2.42,-0.049,0.165
2024-02-16,-2.49,0.26,-0.009,0.068
2024-02-17,-1.02,-3.82,-0.007,0.039
2024-02-18,0.23,-6.61,0.048,-0.215
2024-02-19,-1.37,2.03,0.023,-0.009
2024-02-20,-0.48,2.72,-0.008,0.151
2024-02-21,-2.17,3.75,-0.039,0.166
2024-02-22,-2.40,4.16,-0.047,0.189
2024-02-23,-2.35,-2.35,-0.029,0.113
2024-02-24,-1.99,-2.55,-0.014,-0.041
2024-02-25,-2.38,2.94,-0.019,0.074
2024-02-26,-2.68,3.69,-0.047,0.189
2024-02-27,-2.73,4.05,-0.048,0.181
2024-02-28,-3.35,3.02,-0.047,0.186
2024-02-29,-2.55,-5.47,-0.020,-0.017
2024-03-01,-1.66,-3.13,0.015,-0.132
2024-03-02,-2.62,-1.90,0.011,-0.070
2024-03-03,-2.42,2.68,-0.011,0.093
2024-03-04,-2.91,1.55,-0.028,0.141
2024-03-05,-1.61,-3.04,-0.036,0.084
2024-03-06,-2.94,-1.25,-0.029,0.015
2024-03-07,-3.18,2.97,-0.018,0.073
2024-03-08,-3.55,0.69,-0.014,0.100
2024-03-09,-2.16,-5.64,0.010,-0.110
2024-03-10,-2.53,-5.96,0.049,-0.175
2024-03-11,-2.32,-0.24,0.002,0.012
2024-03-12,-2.49,2.24,-0.032,0.140
2024-03-13,-2.87,2.49,-0.028,0.123
2024-03-14,-3.36,2.72,-0.039,0.154
2024-03-15,-3.45,0.67,-0.030,0.129
2024-03-16,-3.09,-0.00,0.003,0.110
2024-03-17,-2.50,1.45,0.026,0.028
2024-03-18,-2.73,-4.93,0.006,-0.057
2024-03-19,1.43,-6.71,0.053,-0.200
2024-03-20,1.24,-3.41,0.028,-0.086
2024-03-21,-2.07,2.56,-0.020,0.102
2024-03-22,-1.98,-3.05,-0.018,0.014
2024-03-23,-2.60,-1.16,0.000,-0.030
2024-03-24,-3.78,3.65,-0.013,0.051
2024-03-25,-1.43,4.40,-0.035,0.183
2024-03-26,-2.23,-6.13,0.006,-0.042
2024-03-27,-2.05,-3.69,0.038,-0.128
2024-03-28,-3.61,-1.84,0.011,-0.075
2024-03-29,-2.68,3.69,-0.013,0.104
2024-03-30,-3.46,4.12,-0.049,0.139
2024-03-31,-3.20,2.41,-0.034,0.113
2024-04-01,-3.29,2.96,-0.030,0.116
2024-04-02,-5.62,-1.83,-0.024,0.091
2024-04-03,-2.23,-6.49,0.022,-0.155
2024-04-04,-2.94,-0.57,0.036,-0.113
2024-04-05,-2.81,2.20,-0.008,0.111
2024-04-06,-3.29,4.06,-0.050,0.169
2024-04-07,-3.27,1.39,-0.038,0.114
2024-04-08,-3.82,-0.07,-0.036,0.080
2024-04-09,-3.14,3.03,-0.028,0.136
2024-04-10,-4.12,-5.88,-0.002,0.031
2024-04-11,-2.92,-2.37,0.004,-0.115
2024-04-12,-3.33,1.48,0.009,0.002
2024-04-13,-3.14,1.74,-0.039,0.148
2024-04-14,-2.81,2.62,-0.032,0.116
2024-04-15,-3.45,2.89,-0.038,0.122
2024-04-16,-3.86,3.47,-0.043,0.155
2024-04-17,-3.74,-0.39,-0.011,0.092
2024-04-18,-3.49,1.34,0.022,-0.005
2024-04-19,-3.31,1.01,0.000,-0.019
2024-04-20,-3.74,1.51,0.017,0.061
2024-04-21,-3.46,-3.46,0.013,0.032
2024-04-22,-0.25,-7.12,0.047,-0.200
2024-04-23,0.34,-3.24,,
2024-04-24,-2.97,1.65,-0.021,0.096
2024-04-25,-3.24,1.44,0.000,0.119
2024-04-26,-3.11,2.90,-0.017,0.145
2024-04-27,-3.55,2.48,-0.026,0.133
2024-04-28,-3.50,1.48,-0.026,0.077
2024-04-29,-2.65,-1.13,-0.021,-0.000
2024-04-30,-3.91,-0.69,0.010,-0.070
2024-05-01,-3.70,2.14,0.041,-0.044
2024-05-02,-3.08,1.78,0.000,0.035
2024-05-03,-3.38,-0.66,0.021,0.032
2024-05-04,-4.02,-0.00,-0.016,0.023
2024-05-05,-4.23,1.80,-0.011,0.089
2024-05-06,-3.86,1.04,-0.023,0.111
2024-05-07,-3.10,0.44,-0.023,0.128
2024-05-08,-2.42,0.98,-0.015,0.109
2024-05-09,-3.40,0.30,-0.005,0.098
2024-05-10,-4.24,0.30,0.011,0.110
2024-05-11,-3.37,-1.64,-0.019,-0.016
2024-05-12,-3.29,2.13,0.032,0.051
2024-05-13,-2.64,-1.72,-0.004,-0.001
2024-05-14,-1.74,-5.05,0.015,-0.135
2024-05-15,-2.71,-1.63,0.088,-0.167
2024-05-16,-3.07,1.50,0.046,0.065
2024-05-17,-4.70,-1.44,-0.010,0.099
2024-05-18,-2.15,-5.06,0.032,-0.153
2024-05-19,-2.40,-2.32,0.067,-0.111
2024-05-20,-3.38,0.66,0.040,0.004
2024-05-21,-3.61,2.44,0.020,0.089
2024-05-22,-3.49,2.54,-0.015,0.123
2024-05-23,-3.93,2.55,-0.021,0.134
2024-05-24,-3.86,1.88,0.012,0.101
2024-05-25,-3.85,1.96,0.025,0.112
2024-05-26,-3.92,2.64,0.031,0.132
2024-05-27,-4.11,-0.29,0.009,0.099
2024-05-28,-3.26,-0.11,0.002,0.028
2024-05-29,-4.32,0.84,-0.003,0.104
2024-05-30,-3.65,2.65,0.020,0.127
2024-05-31,-4.68,3.40,-0.000,0.161
2024-06-01,-3.86,1.48,0.052,0.104
2024-06-02,-3.84,3.34,0.042,0.110
2024-06-03,-3.92,4.06,0.016,0.193
2024-06-04,-4.66,4.05,0.008,0.153
2024-06-05,-4.18,3.04,,
2024-06-06,-3.67,1.34,,
2024-06-07,-2.89,-1.60,,
2024-06-08,-3.17,0.97,,
2024-06-09,-3.24,2.27,0.025,0.136
2024-06-10,-3.56,1.81,0.023,0.147
2024-06-11,-2.84,0.92,0.010,0.089
2024-06-12,-3.06,0.76,-0.012,0.060
2024-06-13,-3.05,-0.00,0.011,0.089
2024-06-14,-3.10,-1.25,0.007,0.071
2024-06-15,-2.88,-1.80,0.004,0.048
2024-06-16,-2.95,-1.07,0.013,0.029
2024-06-17,-2.84,-1.64,0.001,-0.011
2024-06-18,-1.13,-4.54,0.032,-0.153
2024-06-19,1.94,-5.64,0.137,-0.222
2024-06-20,-6.32,-0.33,0.021,-0.002
2024-06-21,-5.02,-1.44,0.017,-0.011
2024-06-22,2.31,-4.34,0.051,-0.164
2024-06-23,3.34,-2.09,0.058,-0.138
2024-06-24,-2.11,-0.04,0.044,-0.123
2024-06-25,-2.46,-0.39,0.014,-0.065
2024-06-26,-2.16,1.41,0.027,0.066
2024-06-27,-2.57,1.87,0.002,0.124
2024-06-28,-1.95,1.70,-0.006,0.123
2024-06-29,-3.41,1.11,-0.017,0.125
2024-06-30,-3.70,-3.33,-0.017,-0.018
2024-07-01,-5.31,-0.00,-0.002,-0.014
2024-07-02,-2.85,-0.10,0.022,-0.050
2024-07-03,-2.72,1.63,0.007,0.030
2024-07-04,-2.20,2.62,-0.008,0.131
2024-07-05,-2.40,2.09,-0.002,0.129
2024-07-06,-2.28,-0.92,0.018,0.034
2024-07-07,-1.06,2.50,0.020,0.008
2024-07-08,-2.44,3.12,0.054,0.000
2024-07-09,-2.90,0.62,0.044,-0.186
2024-07-10,-2.07,-0.63,0.026,-0.089
2024-07-11,-1.71,-0.99,0.035,-0.031
2024-07-12,-2.12,-0.22,-0.002,-0.109
2024-07-13,-3.03,0.48,0.028,-0.086
2024-07-14,-3.08,0.22,0.018,-0.049
2024-07-15,-2.14,1.44,0.015,-0.019
2024-07-16,-2.43,2.04,0.004,0.031
2024-07-17,-2.66,2.00,0.002,0.095
2024-07-18,-2.66,0.61,0.004,0.070
2024-07-19,-1.77,2.52,0.006,0.019
2024-07-20,-2.46,-0.13,0.001,-0.010
2024-07-21,-2.64,2.14,0.021,0.026
2024-07-22,-2.84,0.71,-0.014,0.084
2024-07-23,-2.34,0.72,0.018,0.035
2024-07-24,-2.51,-0.04,0.012,0.007
2024-07-25,-1.65,-1.44,-0.028,-0.082
2024-07-26,-2.22,-1.80,-0.008,-0.162
2024-07-27,-2.19,1.65,0.027,-0.113
2024-07-28,-2.38,1.60,0.038,-0.082
2024-07-29,-2.60,0.90,-0.000,-0.008
2024-07-30,-2.49,2.33,0.015,0.083
2024-07-31,-2.57,2.08,0.027,0.143
2024-08-01,-2.41,0.51,0.010,0.091
2024-08-02,-2.32,-0.20,-0.005,0.047
2024-08-03,-1.69,0.42,0.036,-0.014
2024-08-04,-1.82,1.53,0.060,-0.072
2024-08-05,-1.91,1.15,0.036,-0.033
2024-08-06,-2.25,1.00,0.024,-0.017
2024-08-07,-1.70,2.34,0.093,-0.032
2024-08-08,-2.09,2.77,0.089,0.009
2024-08-09,-2.27,1.59,0.061,0.100
2024-08-10,-1.67,-1.55,-0.018,0.091
2024-08-11,-1.49,-1.39,-0.016,0.103
2024-08-12,-2.43,0.17,0.016,0.063
2024-08-13,-2.06,1.45,0.037,0.114
2024-08-14,-2.86,0.56,-0.010,0.134
2024-08-15,-2.66,0.87,0.024,0.125
2024-08-16,-2.33,0.85,-0.002,0.139
2024-08-17,-2.28,0.16,0.002,0.139
2024-08-18,-1.79,0.32,-0.006,0.119
2024-08-19,-2.15,-0.82,0.017,0.036
2024-08-20,-1.90,-1.96,0.021,-0.118
2024-08-21,-0.75,-2.18,-0.003,-0.050
2024-08-22,-2.20,0.76,0.004,-0.016
2024-08-23,-2.52,0.82,0.027,0.071
2024-08-24,-2.14,0.61,0.023,0.071
2024-08-25,-1.79,0.99,0.044,0.032
2024-08-26,-2.18,0.54,0.053,-0.145
2024-08-27,-2.64,0.09,0.059,-0.245
2024-08-28,-2.24,-1.19,0.058,-0.224
2024-08-29,-2.62,0.05,0.072,-0.189
2024-08-30,-2.14,1.50,0.064,-0.100
2024-08-31,-2.63,0.86,0.066,-0.053
2024-09-01,-1.56,-2.31,0.017,-0.126
2024-09-02,-1.13,-2.31,0.027,-0.155
2024-09-03,-2.32,-1.82,0.052,-0.139
2024-09-04,-2.62,-1.45,0.037,-0.093
2024-09-05,-0.32,-2.64,0.038,-0.155
2024-09-06,1.62,-3.18,0.111,-0.201
2024-09-07,1.87,-4.63,0.110,-0.113
2024-09-08,3.02,-4.83,0.051,-0.126
2024-09-09,5.00,-3.63,0.049,-0.154
2024-09-10,4.43,-0.70,0.021,-0.029
2024-09-11,0.64,2.25,0.046,-0.076
2024-09-12,-1.71,2.11,0.086,0.046
2024-09-13,-2.32,2.16,0.078,0.164
2024-09-14,-2.47,2.07,0.021,0.204
2024-09-15,-2.10,1.36,0.049,0.059
2024-09-16,-0.93,-2.42,-0.009,-0.062
2024-09-17,-1.92,-0.85,0.001,-0.032
2024-09-18,-2.24,0.95,0.032,0.049
2024-09-19,-2.35,1.47,0.050,0.072
2024-09-20,-2.20,1.38,0.031,0.102
2024-09-21,-2.99,0.92,0.019,0.118
2024-09-22,-2.40,0.38,0.034,0.076
2024-09-23,-2.51,-0.31,0.014,0.076
2024-09-24,-2.18,-0.88,0.013,0.019
2024-09-25,-0.28,-2.67,-0.012,-0.053
2024-09-26,1.21,-2.85,0.015,-0.094
2024-09-27,0.49,-2.53,0.050,-0.150
2024-09-28,1.07,-2.18,0.080,-0.173
2024-09-29,-0.58,-2.16,0.088,-0.152
2024-09-30,-0.98,-2.11,0.096,-0.162
2024-10-01,-1.43,-2.82,0.096,-0.136
2024-10-02,-0.29,-5.60,0.096,-0.159
2024-10-03,1.05,-3.91,0.080,-0.063
2024-10-04,0.07,-3.81,0.079,-0.071
2024-10-05,1.51,-3.24,0.090,-0.104
2024-10-06,2.23,-4.01,0.074,-0.118
2024-10-07,0.93,-5.26,0.060,-0.129
2024-10-08,0.23,-4.35,0.051,-0.129
2024-10-09,1.35,-2.34,0.064,-0.078
2024-10-10,-1.01,-2.18,0.061,-0.125
2024-10-11,-0.96,-2.63,0.066,-0.118
2024-10-12,-1.09,-2.57,0.049,-0.105
2024-10-13,-1.41,-2.09,0.035,-0.091
2024-10-14,-2.15,-0.26,0.029,-0.041
2024-10-15,-2.19,1.02,0.036,0.043
2024-10-16,-1.91,-3.17,0.031,-0.014
2024-10-17,-1.95,-3.37,0.034,-0.112
2024-10-18,-1.53,-1.43,0.040,-0.161
2024-10-19,-1.91,-2.13,0.021,-0.088
2024-10-20,-0.85,-4.36,0.047,-0.138
2024-10-21,-2.76,-2.95,0.038,-0.121
2024-10-22,-1.35,-1.40,0.025,-0.116
2024-10-23,-1.65,-1.29,-0.031,-0.022
2024-10-24,-1.88,-0.03,0.007,-0.068
2024-10-25,-1.25,1.72,-0.001,-0.048
2024-10-26,-1.02,-2.52,-0.028,-0.012
2024-10-27,-0.05,-2.74,0.023,-0.080
2024-10-28,-0.42,-2.00,0.029,-0.104
2024-10-29,-1.81,1.81,0.022,-0.038
2024-10-30,-1.68,2.79,-0.022,0.112
2024-10-31,-2.02,1.76,0.002,0.081
2024-11-01,-1.95,1.17,0.036,-0.076
2024-11-02,-2.22,1.67,-0.004,-0.055
2024-11-03,-2.09,3.61,-0.006,0.075
2024-11-04,-3.74,5.34,-0.046,0.185
2024-11-05,-4.66,1.70,-0.001,0.117
2024-11-06,-0.93,-3.48,0.075,-0.193
2024-11-07,-2.09,1.69,0.067,-0.048
2024-11-08,-2.21,1.86,0.102,0.058
2024-11-09,-1.92,-1.92,0.060,-0.110
2024-11-10,-1.09,-2.45,0.083,-0.192
2024-11-11,-0.59,-2.55,0.088,-0.095
2024-11-12,-1.99,-0.61,0.084,-0.125
2024-11-13,-2.23,2.39,0.031,0.050
2024-11-14,-1.60,-1.98,0.030,0.040
2024-11-15,-1.47,-1.95,0.034,-0.117
2024-11-16,-1.93,1.56,0.000,0.021
2024-11-17,-1.88,2.59,0.007,0.095
2024-11-18,-2.01,3.35,0.000,0.130
2024-11-19,-1.99,-1.29,0.002,0.030
2024-11-20,-1.39,-5.59,0.040,-0.177
2024-11-21,-0.30,-4.27,0.044,-0.111
2024-11-22,-1.43,-1.29,0.019,-0.012
2024-11-23,-1.04,2.45,0.009,0.009
2024-11-24,-1.46,3.14,-0.013,0.076
2024-11-25,-1.16,3.19,-0.036,0.137
2024-11-26,-1.16,1.65,-0.026,0.063
2024-11-27,-1.14,3.32,-0.002,0.014
2024-11-28,-1.54,2.28,0.024,0.050
2024-11-29,-0.17,-4.92,0.032,-0.133
2024-11-30,1.19,-3.11,0.050,-0.145
2024-12-01,0.74,-3.21,0.027,-0.041
2024-12-02,0.00,-3.10,0.010,-0.075
2024-12-03,-0.75,-3.02,0.026,-0.126
2024-12-04,-0.60,-3.10,0.023,-0.098
2024-12-05,-1.80,2.00,-0.033,0.132
2024-12-06,-2.13,-2.94,0.000,-0.006
2024-12-07,-0.99,-2.45,0.008,-0.094
2024-12-08,-1.02,-0.92,0.009,-0.087
2024-12-09,-0.69,2.78,-0.013,0.072
2024-12-10,-1.56,2.31,-0.035,0.178
2024-12-11,1.12,-7.05,0.048,-0.158
2024-12-12,2.13,-0.11,0.030,-0.056
2024-12-13,0.60,1.57,-0.024,0.149
2024-12-14,-0.40,1.86,-0.015,0.100
2024-12-15,-1.00,1.11,-0.011,0.066
2024-12-16,-1.25,1.85,-0.013,0.105
2024-12-17,-1.90,0.69,-0.022,0.078
2024-12-18,-1.64,-0.26,0.011,-0.068
2024-12-19,-0.57,-3.24,0.030,-0.137
2024-12-20,-0.44,-2.49,0.038,-0.110
2024-12-21,-1.29,-2.14,0.015,-0.077
2024-12-22,-1.96,-1.09,0.000,-0.058
2024-12-23,-0.80,2.20,0.000,0.063
2024-12-24,-1.19,2.33,-0.015,0.127
2024-12-25,-1.14,2.81,-0.019,0.143
2024-12-26,-1.58,2.97,-0.028,0.144
2024-12-27,-1.31,2.46,-0.009,0.124
2024-12-28,-0.89,2.73,0.000,0.131
2024-12-29,-0.03,-1.62,-0.003,0.074
2024-12-30,-0.76,1.98,-0.007,0.037
2024-12-31,-1.15,2.08,0.000,0.115
2025-01-01,-0.29,-2.09,0.014,0.028
2025-01-02,-1.57,-1.36,0.023,-0.144
2025-01-03,-1.04,-1.20,0.036,-0.105
2025-01-04,-1.36,1.80,0.028,0.002
2025-01-05,-1.11,3.42,-0.029,0.155
2025-01-06,-0.19,-5.37,0.008,-0.034
2025-01-07,0.60,-4.26,0.049,-0.181
2025-01-08,1.81,-3.27,0.052,-0.101
2025-01-09,2.36,-0.04,0.028,-0.077
2025-01-10,0.67,-5.43,0.029,-0.058
2025-01-11,1.53,-3.28,0.061,-0.151
2025-01-12,1.48,0.82,0.005,0.100
2025-01-13,0.38,-5.44,0.024,-0.032
2025-01-14,1.60,-2.88,0.050,-0.169
2025-01-15,0.29,-2.74,0.033,-0.081
2025-01-16,0.00,-4.45,0.052,-0.147
2025-01-17,-2.55,1.03,0.037,-0.072
2025-01-18,-1.35,2.07,-0.026,0.145
2025-01-19,-0.48,-6.80,0.024,-0.129
2025-01-20,1.45,-3.78,0.045,-0.167
2025-01-21,1.67,-4.85,0.033,-0.136
2025-01-22,0.89,-2.43,0.053,-0.154
2025-01-23,1.36,-2.17,0.000,0.037
2025-01-24,2.20,-4.95,0.049,-0.128
2025-01-25,2.36,-0.50,0.025,-0.040
2025-01-26,-1.36,1.80,-0.013,0.149
2025-01-27,-1.64,2.02,0.026,0.141
2025-01-28,-1.49,0.69,0.048,0.052
2025-01-29,-2.11,1.77,0.019,0.137
2025-01-30,-2.09,2.68,-0.022,0.181
2025-01-31,-0.55,-4.47,-0.004,0.033
2025-02-01,-0.68,-2.54,-0.004,-0.100
2025-02-02,-1.44,-0.10,-0.034,0.093
2025-02-03,-1.96,0.67,-0.012,0.172
2025-02-04,-2.10,1.03,0.010,0.159
2025-02-05,-1.91,1.29,0.008,0.148
2025-02-06,-1.94,2.01,0.035,0.144
2025-02-07,-2.08,1.56,0.021,0.159
2025-02-08,-2.13,2.28,0.039,0.128
2025-02-09,-1.92,2.20,0.031,0.153
2025-02-10,-2.11,1.42,0.015,0.131
2025-02-11,-2.52,2.61,0.019,0.126
2025-02-12,-1.69,2.82,-0.010,0.143
2025-02-13,-1.99,-4.91,0.015,0.002
2025-02-14,0.00,-3.91,0.041,-0.187
2025-02-15,-1.50,2.60,-0.006,0.036
2025-02-16,-1.21,-5.23,0.005,0.017
2025-02-17,-1.03,-3.85,0.033,-0.133
2025-02-18,-1.51,1.94,-0.012,0.052
2025-02-19,-1.76,-4.59,0.003,0.042
2025-02-20,0.23,-6.65,0.061,-0.231
2025-02-21,1.31,-2.69,0.030,-0.094
2025-02-22,0.20,-2.80,0.029,-0.054
2025-02-23,-0.21,-3.03,0.032,-0.118
2025-02-24,-0.31,-1.75,-0.009,-0.037
2025-02-25,-1.80,1.57,-0.015,0.130
2025-02-26,-1.76,2.92,-0.035,0.164
2025-02-27,-3.07,-0.76,-0.017,0.090
2025-02-28,-0.73,-3.42,0.002,-0.103
2025-03-01,-1.82,-1.22,-0.028,-0.009
2025-03-02,-2.51,1.45,-0.011,0.130
2025-03-03,-2.63,2.82,-0.026,0.139
2025-03-04,-1.70,2.94,-0.024,0.131
2025-03-05,-1.60,-2.89,-0.023,-0.012
2025-03-06,-2.33,1.69,-0.032,0.075
2025-03-07,-2.14,2.94,-0.049,0.191
2025-03-08,-1.55,1.60,-0.016,0.136
2025-03-09,-2.09,-6.42,0.040,-0.097
2025-03-10,-0.69,-2.59,0.034,-0.081
2025-03-11,-2.06,2.54,-0.017,0.088
2025-03-12,-2.33,2.98,-0.034,0.150
2025-03-13,-2.39,0.92,-0.026,0.123
2025-03-14,-1.76,2.42,0.002,0.112
2025-03-15,0.77,5.45,-0.016,0.110
2025-03-16,-1.17,-4.36,0.000,-0.078
2025-03-17,-2.71,0.14,0.015,-0.070
2025-03-18,-2.42,3.87,-0.027,0.130
2025-03-19,-3.00,2.61,-0.049,0.165
2025-03-20,-1.16,-5.44,0.022,-0.087
2025-03-21,-3.20,1.42,0.035,-0.075
2025-03-22,-2.28,2.92,-0.014,0.137
2025-03-23,-2.56,2.31,-0.017,0.128
2025-03-24,-2.90,0.41,-0.014,0.044
2025-03-25,-1.53,-2.45,-0.039,0.032
2025-03-26,-3.24,1.65,-0.017,0.079
2025-03-27,-3.90,2.16,0.000,0.120
2025-03-28,-3.12,1.20,-0.005,0.088
2025-03-29,-2.31,1.23,0.005,0.090
2025-03-30,-2.23,2.39,0.017,0.107
2025-03-31,-2.65,-0.09,0.020,0.091
2025-04-01,-3.22,0.68,-0.010,0.060
2025-04-02,-2.77,3.68,-0.006,0.126
2025-04-03,-2.91,3.46,-0.034,0.167
2025-04-04,-3.29,3.18,-0.017,0.132
2025-04-05,-2.75,2.23,0.004,0.110
2025-04-06,-0.96,-6.85,0.048,-0.145
2025-04-07,-0.40,-5.73,0.059,-0.186
2025-04-08,-1.91,-1.60,0.001,-0.033
2025-04-09,-2.10,1.96,-0.015,0.116
2025-04-10,-2.35,2.91,-0.026,0.129
2025-04-11,-2.10,1.64,-0.019,0.125
2025-04-12,-2.06,0.92,-0.011,0.102
2025-04-13,-2.26,2.34,-0.030,0.109
2025-04-14,-2.58,2.97,-0.026,0.145
2025-04-15,-2.66,1.54,-0.030,0.128
2025-04-16,-2.99,1.87,-0.021,0.106
2025-04-17,-2.90,3.11,-0.036,0.139
2025-04-18,-3.20,2.98,-0.039,0.154
2025-04-19,-3.47,2.71,-0.032,0.131
2025-04-20,-3.49,1.55,-0.015,0.094
2025-04-21,-2.36,-0.29,-0.004,-0.007
2025-04-22,-2.71,0.78,-0.000,-0.078
2025-04-23,-3.32,2.07,0.023,0.000
2025-04-24,-3.38,1.23,0.022,0.068
2025-04-25,-3.23,0.86,0.000,0.056
2025-04-26,-3.79,1.61,0.001,0.089
2025-04-27,-2.66,1.73,0.017,0.107
2025-04-28,-2.69,2.34,0.000,0.146
2025-04-29,-3.06,2.22,-0.009,0.138
2025-04-30,-3.25,2.45,0.017,0.145
2025-05-01,-3.16,1.83,0.013,0.126
2025-05-02,-3.56,1.89,-0.017,0.115
2025-05-03,-2.95,-0.96,-0.013,0.015
2025-05-04,-1.99,-2.84,-0.038,-0.133
2025-05-05,-2.81,1.43,0.015,-0.124
2025-05-06,-2.82,1.97,0.011,0.087
2025-05-07,-3.63,-1.93,-0.022,0.032
2025-05-08,-1.92,-2.74,-0.017,-0.085
2025-05-09,-1.63,-6.07,0.026,-0.166
2025-05-10,0.37,-2.99,0.048,-0.067
2025-05-11,-1.61,-0.82,-0.006,0.077
2025-05-12,-1.73,2.76,-0.017,0.140
2025-05-13,-2.49,2.76,-0.050,0.170
2025-05-14,-2.89,2.79,-0.036,0.153
2025-05-15,-2.78,2.78,-0.026,0.139
2025-05-16,-3.20,1.77,0.010,0.113
2025-05-17,-3.25,1.12,-0.019,0.059
2025-05-18,-3.23,1.94,0.006,0.072
2025-05-19,-3.06,2.66,0.017,0.143
2025-05-20,-3.45,1.47,0.023,0.142
2025-05-21,-2.84,-1.51,-0.056,0.057
2025-05-22,-2.89,-0.00,-0.009,-0.034
2025-05-23,-2.52,0.87,-0.004,0.047
2025-05-24,-2.94,2.14,-0.003,0.132
2025-05-25,-3.14,2.37,-0.002,0.195
2025-05-26,-2.70,3.33,0.010,0.248
2025-05-27,-3.22,2.17,0.032,0.204
2025-05-28,-2.38,-0.73,-0.018,0.039
2025-05-29,-2.69,0.14,-0.010,-0.052
2025-05-30,-2.33,1.04,0.010,0.065
2025-05-31,-0.93,-2.71,-0.040,-0.045
2025-06-01,-1.99,-0.03,-0.016,-0.035
2025-06-02,-2.23,1.74,0.027,0.054
2025-06-03,-2.75,2.00,0.009,0.142
2025-06-04,-3.17,1.62,-0.004,0.185
2025-06-05,-3.44,1.12,-0.020,0.129
2025-06-06,-2.85,1.52,-0.009,0.148
2025-06-07,-3.12,2.52,-0.009,0.219
2025-06-08,-3.16,2.65,0.012,0.219
2025-06-09,-3.20,2.78,0.017,0.220
2025-06-10,-3.48,2.17,0.028,0.175
2025-06-11,-2.95,1.25,0.019,0.122
2025-06-12,-2.74,2.30,-0.010,0.167
2025-06-13,-2.31,1.80,0.041,0.147
2025-06-14,-2.60,1.96,-0.015,0.196
2025-06-15,-1.65,1.39,0.022,0.164
2025-06-16,-1.62,1.51,0.021,0.192
2025-06-17,-1.29,1.33,-0.008,0.198
2025-06-18,-1.57,1.02,-0.006,0.178
2025-06-19,-2.61,0.70,-0.022,0.224
2025-06-20,-3.00,0.16,-0.025,0.162
2025-06-21,-3.69,2.40,-0.009,0.168
2025-06-22,-2.07,1.45,0.035,0.177
2025-06-23,-2.36,1.20,0.011,0.172
2025-06-24,-2.06,-0.14,0.009,0.100
2025-06-25,-1.76,0.82,-0.007,0.123
2025-06-26,-1.59,-0.31,-0.021,0.119
2025-06-27,-1.97,-0.28,-0.020,0.112
2025-06-28,-2.01,-1.26,-0.022,0.100
2025-06-29,-2.45,-0.52,-0.020,0.095
2025-06-30,-3.70,3.10,-0.034,0.161
2025-07-01,-2.65,2.48,0.010,0.128
2025-07-02,-2.21,1.38,0.023,0.059
2025-07-03,-2.17,1.76,0.033,0.071
2025-07-04,-1.94,1.81,0.023,0.183
2025-07-05,-2.27,2.19,0.015,0.217
2025-07-06,-2.46,1.99,0.017,0.215
2025-07-07,-2.14,1.79,0.034,0.166
2025-07-08,-2.41,1.23,0.016,0.138
2025-07-09,-1.81,1.75,0.011,0.170
2025-07-10,-1.41,1.10,-0.006,0.119
2025-07-11,-1.63,2.33,0.017,0.241
2025-07-12,-2.26,2.60,0.022,0.268
2025-07-13,-1.80,2.22,0.053,0.210
2025-07-14,-2.20,1.43,0.026,0.126
2025-07-15,-1.30,1.49,0.030,0.106
2025-07-16,-1.71,1.65,0.016,0.207
2025-07-17,-1.86,1.16,0.032,0.195
2025-07-18,-2.09,-0.48,-0.041,0.120
2025-07-19,-1.98,0.72,0.003,0.104
2025-07-20,-1.79,1.55,0.003,0.169
2025-07-21,-2.24,0.64,-0.010,0.165
2025-07-22,-2.06,1.92,0.009,0.226
2025-07-23,-2.31,1.50,0.028,0.200
2025-07-24,-2.05,1.04,0.003,0.179
2025-07-25,-1.83,1.96,0.019,0.201
2025-07-26,-2.36,2.20,0.019,0.237
2025-07-27,-1.84,1.34,0.023,0.200
2025-07-28,-1.83,-1.24,-0.041,0.127
2025-07-29,-0.83,-2.17,-0.041,0.084
2025-07-30,-1.78,-0.25,-0.033,0.116
2025-07-31,-2.05,1.09,-0.023,0.185
2025-08-01,-2.12,1.17,-0.016,0.222
2025-08-02,-1.45,1.67,0.005,0.163
2025-08-03,-1.66,2.05,0.002,0.206
2025-08-04,-1.79,2.56,0.041,0.263
2025-08-05,-1.95,1.63,0.028,0.214
2025-08-06,-1.77,1.54,-0.009,0.118
2025-08-07,-1.84,1.11,-0.004,0.201
2025-08-08,-1.70,1.64,-0.001,0.192
2025-08-09,-1.50,1.99,0.022,0.226
2025-08-10,-1.83,2.11,0.033,0.190
2025-08-11,-2.16,1.88,0.007,0.139
2025-08-12,-2.48,1.21,-0.002,0.096
2025-08-13,-2.26,1.77,0.013,0.138
2025-08-14,-2.14,1.79,0.001,0.195
2025-08-15,-1.93,2.30,0.017,0.222
2025-08-16,-2.33,1.82,0.015,0.185
2025-08-17,-2.30,0.79,-0.016,0.135
2025-08-18,-2.23,-0.08,-0.015,0.072
2025-08-19,-1.88,-0.20,-0.003,0.059
2025-08-20,-1.72,-1.44,-0.010,-0.007
2025-08-21,-1.59,-1.49,-0.014,-0.104
2025-08-22,-2.08,0.22,0.001,-0.070
2025-08-23,-2.12,-0.49,-0.000,-0.068
2025-08-24,-1.43,-1.76,-0.003,-0.100
2025-08-25,-2.17,-1.06,-0.008,-0.131
2025-08-26,-2.39,0.38,0.014,-0.081
2025-08-27,-2.30,0.93,0.013,0.027
2025-08-28,-2.22,0.55,0.009,0.049
2025-08-29,-1.59,1.96,0.035,0.122
2025-08-30,-1.78,1.78,0.056,0.166
2025-08-31,-1.90,1.43,0.029,0.173
2025-09-01,-2.23,0.39,0.007,0.119
2025-09-02,-1.74,0.67,0.017,0.057
2025-09-03,-1.41,-1.36,-0.015,-0.010
2025-09-04,-1.47,1.81,-0.015,-0.033
2025-09-05,-1.87,2.08,0.015,0.077
2025-09-06,-2.48,2.57,0.011,0.242
2025-09-07,-2.31,-0.84,-0.043,0.187
2025-09-08,-0.54,-2.77,-0.031,0.061
2025-09-09,0.53,-2.72,-0.041,-0.127
2025-09-10,0.47,-2.43,0.002,-0.146
2025-09-11,-0.57,-1.97,-0.011,-0.096
2025-09-12,-1.33,-1.97,-0.025,-0.060
2025-09-13,-0.48,-2.24,0.015,-0.121
2025-09-14,-1.88,-1.22,0.019,-0.121
2025-09-15,-1.23,-2.22,0.022,-0.053
2025-09-16,-0.91,-2.80,0.021,-0.086
2025-09-17,-0.37,-2.60,0.055,-0.154
2025-09-18,-1.28,-2.13,0.055,-0.112
2025-09-19,-1.78,-1.29,0.054,-0.041
2025-09-20,-1.44,-1.65,0.038,-0.048
2025-09-21,-1.85,0.46,0.040,-0.016
2025-09-22,-1.25,1.49,0.063,0.064
2025-09-23,-2.05,1.23,0.050,0.154
2025-09-24,-2.37,0.96,0.041,0.182
2025-09-25,-2.15,0.46,-0.014,0.163
2025-09-26,-0.77,-1.51,-0.017,0.016
2025-09-27,-0.67,-2.34,-0.020,-0.151
2025-09-28,-0.55,-2.57,0.009,-0.189
2025-09-29,-0.10,-2.90,0.080,-0.217
2025-09-30,0.34,-2.77,0.094,-0.159
2025-10-01,0.15,-2.80,0.089,-0.116
2025-10-02,-1.02,-2.52,0.066,-0.050
2025-10-03,0.00,-2.91,0.058,-0.063
2025-10-04,0.34,-2.40,0.064,-0.078
2025-10-05,-1.05,-0.88,0.055,-0.114
2025-10-06,-2.04,1.04,0.072,-0.068
2025-10-07,-1.76,-1.43,0.071,-0.089
2025-10-08,-1.66,-3.13,0.034,-0.081
2025-10-09,-2.75,-3.51,0.055,-0.142
2025-10-10,-1.79,-3.84,0.051,-0.119
2025-10-11,-0.22,-3.12,0.051,-0.109
2025-10-12,-0.77,-1.57,0.077,-0.009
2025-10-13,-1.83,0.35,0.081,0.112
2025-10-14,-1.50,-0.61,0.038,0.093
2025-10-15,0.61,-1.66,-0.033,0.066
2025-10-16,-0.12,1.75,-0.002,0.121
2025-10-17,-1.20,1.77,-0.016,0.149
2025-10-18,-1.54,1.84,0.023,0.115
2025-10-19,-1.97,0.53,0.044,0.065
2025-10-20,1.08,-1.67,-0.015,0.046
2025-10-21,-1.28,1.37,0.015,0.066
2025-10-22,-1.55,-1.17,-0.005,-0.041
2025-10-23,-1.85,0.26,0.019,-0.098
2025-10-24,-1.35,1.93,0.050,-0.036
2025-10-25,-1.49,3.19,0.039,0.106
2025-10-26,-1.89,1.59,0.041,0.135
2025-10-27,-1.21,1.50,0.032,0.040
2025-10-28,-1.56,1.99,0.024,0.079
2025-10-29,0.35,-5.06,0.029,-0.041
2025-10-30,1.29,-2.07,0.046,-0.131
2025-10-31,0.99,-1.06,-0.010,0.073
2025-11-01,0.18,2.58,-0.022,0.153
2025-11-02,0.00,-4.19,-0.003,0.014
2025-11-03,-0.25,-3.56,0.046,-0.138
2025-11-04,-0.63,-1.94,0.000,-0.044
2025-11-05,-1.65,-0.14,0.000,0.030
2025-11-06,-1.55,0.36,0.000,0.021
2025-11-07,-0.73,2.40,-0.008,0.084
2025-11-08,-0.31,2.50,-0.026,0.143
2025-11-09,0.56,2.86,-0.028,0.101
2025-11-10,0.88,-7.17,0.055,-0.219
2025-11-11,1.63,-2.60,0.043,-0.119
2025-11-12,1.13,2.13,-0.008,0.129
2025-11-13,-0.45,2.34,-0.029,0.150
2025-11-14,-1.07,1.85,-0.024,0.136
2025-11-15,-0.90,2.48,-0.028,0.141
2025-11-16,-0.82,2.52,-0.026,0.135
2025-11-17,-1.46,3.00,-0.030,0.143
2025-11-18,-1.90,2.62,-0.028,0.145
2025-11-19,-2.08,2.39,-0.026,0.149
2025-11-20,-1.95,2.89,-0.013,0.137
2025-11-21,-1.48,2.90,-0.017,0.149
2025-11-22,-1.88,1.95,0.021,0.104
2025-11-23,-1.68,1.46,0.012,-0.010
2025-11-24,-1.88,3.38,-0.025,0.112
2025-11-25,-1.95,1.47,-0.022,0.111
2025-11-26,-1.39,-2.06,-0.003,0.007
2025-11-27,0.91,-5.75,0.044,-0.177
2025-11-28,-3.93,-1.28,0.032,-0.104
2025-11-29,-0.66,3.11,-0.004,0.075
2025-11-30,-0.93,1.91,-0.036,0.147
2025-12-01,-0.17,-3.17,0.011,-0.041
2025-12-02,-0.50,-4.75,0.034,-0.157
2025-12-03,2.54,-0.97,0.029,-0.052
2025-12-04,-1.13,2.23,-0.012,0.133
2025-12-05,-0.76,-4.77,0.017,-0.072
2025-12-06,0.54,-2.17,0.012,-0.085
2025-12-07,-1.35,0.31,-0.031,0.115
2025-12-08,-0.27,-5.08,0.005,-0.023
2025-12-09,0.10,-2.85,0.038,-0.123
2025-12-10,0.56,1.71,-0.004,0.053
2025-12-11,-1.23,0.24,-0.021,0.116
2025-12-12,-0.79,2.44,-0.006,0.132
2025-12-13,-1.39,1.39,-0.023,0.149
2025-12-14,-1.64,-0.95,-0.039,0.117
2025-12-15,-0.20,-5.78,0.032,-0.158
2025-12-16,1.68,-2.00,0.026,-0.103
2025-12-17,-0.30,2.16,-0.043,0.148
2025-12-18,0.19,2.20,-0.023,0.113
2025-12-19,-0.53,-2.73,-0.009,0.079
2025-12-20,-0.42,2.16,-0.006,0.033
2025-12-21,-1.29,2.06,-0.030,0.145
2025-12-22,-2.05,-0.18,-0.013,0.135
2025-12-23,0.65,-1.53,-0.004,0.086
2025-12-24,0.35,-1.41,-0.025,0.116
2025-12-25,-1.10,-1.03,-0.011,0.082
2025-12-26,-1.29,1.16,-0.015,0.092
2025-12-27,-1.01,2.78,-0.045,0.156
2025-12-28,-1.38,2.83,-0.040,0.162
2025-12-29,-1.51,-3.73,-0.035,0.080
2025-12-30,1.78,-6.19,0.059,-0.233
2025-12-31,1.43,-1.97,0.025,-0.066
2026-01-01,0.78,1.94,-0.025,0.152
2026-01-02,0.09,2.57,-0.034,0.169
2026-01-03,-0.53,2.48,-0.036,0.174
2026-01-04,-0.00,1.68,-0.027,0.138
2026-01-05,-1.20,2.83,-0.030,0.135
2026-01-06,-1.86,3.10,-0.032,0.145
2026-01-07,-1.81,2.78,-0.034,0.144
2026-01-08,-1.61,3.45,-0.041,0.154
2026-01-09,-2.16,2.16,-0.043,0.158
2026-01-10,-0.32,-4.63,0.005,-0.009
2026-01-11,1.28,-6.59,0.057,-0.243
2026-01-12,1.46,-3.61,0.050,-0.144
2026-01-13,2.39,-1.49,0.033,-0.051
2026-01-14,1.05,-2.37,0.022,-0.068
2026-01-15,0.71,-3.36,0.017,-0.089
2026-01-16,-0.75,2.62,-0.004,0.021
2026-01-17,0.32,-3.07,-0.015,0.081
2026-01-18,1.07,-6.08,0.056,-0.205
2026-01-19,1.49,-1.13,0.032,-0.081
2026-01-20,-1.01,1.33,-0.032,0.139
2026-01-21,-0.04,2.15,-0.034,0.133
2026-01-22,-1.42,0.20,-0.026,0.067
2026-01-23,-1.66,2.20,-0.040,0.109
2026-01-24,-1.71,3.08,-0.032,0.139
2026-01-25,-2.11,-3.97,0.007,-0.014
2026-01-26,-0.12,-7.01,0.048,-0.250
2026-01-27,1.25,-2.80,0.027,-0.115
2026-01-28,1.72,-1.39,0.000,0.000
2026-01-29,-0.70,1.81,-0.007,0.012
2026-01-30,-0.26,-2.99,0.006,0.011
2026-01-31,0.00,-5.34,0.049,-0.187
2026-02-01,0.92,-1.74,0.012,-0.076
2026-02-02,-0.64,2.58,-0.017,0.085
2026-02-03,-1.52,3.76,-0.052,0.159
2026-02-04,-2.06,1.24,-0.036,0.119
2026-02-05,0.09,-5.13,0.031,-0.141
2026-02-06,-1.77,0.51,0.008,-0.059
2026-02-07,-1.39,1.91,-0.029,0.112
2026-02-08,-1.66,2.20,-0.028,0.112
2026-02-09,-1.21,2.59,-0.030,0.139
2026-02-10,-1.17,3.40,-0.051,0.146
2026-02-11,-2.43,1.29,-0.051,0.152
2026-02-12,-1.32,0.86,-0.006,0.119
2026-02-13,-2.00,2.56,-0.006,0.110
2026-02-14,-2.25,3.60,-0.021,0.142
2026-02-15,-1.94,-2.88,-0.027,0.050
2026-02-16,-1.53,0.89,-0.026,0.009
2026-02-17,-1.88,2.68,-0.017,0.088
2026-02-18,-2.20,3.39,-0.052,0.159
2026-02-19,-1.85,2.84,-0.039,0.154
2026-02-20,-2.18,1.36,-0.029,0.136
2026-02-21,-2.44,0.21,-0.035,0.121
2026-02-22,-1.16,-7.31,0.011,-0.133
2026-02-23,0.58,-4.14,0.050,-0.176
2026-02-24,-1.77,2.18,-0.004,0.028
2026-02-25,-1.25,3.83,-0.045,0.172
2026-02-26,-1.80,3.12,-0.048,0.184
2026-02-27,-1.97,1.77,-0.027,0.144
2026-02-28,-1.85,-1.02,-0.020,0.087
2026-03-01,-2.31,1.50,-0.011,0.097
2026-03-02,-1.97,2.04,0.000,0.111
2026-03-03,-2.03,1.76,-0.011,0.117
2026-03-04,-2.63,1.77,-0.013,0.137
2026-03-05,-2.74,2.22,-0.036,0.164
2026-03-06,-2.74,3.27,-0.040,0.169
2026-03-07,-2.86,2.49,-0.028,0.133
2026-03-08,-2.85,1.45,-0.017,0.115
2026-03-09,-2.60,1.96,-0.006,0.096
2026-03-10,-2.91,2.35,0.000,0.144
2026-03-11,-2.89,2.42,-0.019,0.147
2026-03-12,-1.08,-4.66,0.004,0.010
2026-03-13,-2.35,-0.04,0.032,-0.102
2026-03-14,-2.02,2.88,-0.008,0.114
2026-03-15,-1.97,3.15,-0.027,0.146
2026-03-16,-1.66,-6.19,0.014,-0.072
2026-03-17,-0.97,-4.58,0.049,-0.177
2026-03-18,-2.44,0.84,-0.015,0.044
2026-03-19,-2.77,-0.19,-0.037,0.121
2026-03-20,-2.22,0.35,-0.034,0.059
2026-03-21,-2.20,2.35,-0.036,0.128
2026-03-22,-2.14,2.94,-0.030,0.148
2026-03-23,-2.60,1.69,-0.023,0.095
2026-03-24,-2.34,0.20,-0.010,0.028
2026-03-25,-2.48,1.87,0.000,0.063
2026-03-26,-2.59,2.50,-0.021,0.114
2026-03-27,-2.54,2.13,-0.013,0.119
2026-03-28,-2.97,-2.40,-0.011,0.035
2026-03-29,-1.78,-1.72,0.015,-0.098
2026-03-30,-1.94,1.81,0.000,0.030
2026-03-31,-2.21,2.37,-0.011,0.149
2026-04-01,-2.33,2.10,-0.006,0.149
2026-04-02,-3.04,3.49,-0.013,0.183
2026-04-03,-3.40,2.56,-0.017,0.153
2026-04-04,-3.58,2.33,-0.006,0.149
2026-04-05,-2.73,-3.62,0.009,-0.030
2026-04-06,0.55,-5.27,0.056,-0.206
2026-04-07,0.58,-2.73,0.039,-0.108
2026-04-08,-2.13,-0.30,-0.023,-0.009
2026-04-09,-3.29,1.13,-0.005,0.030
2026-04-10,-2.58,1.04,-0.015,0.038
2026-04-11,-2.81,0.45,-0.029,0.034
2026-04-12,-3.16,2.47,-0.000,0.077
2026-04-13,-2.41,2.09,0.036,0.148
2026-04-14,-3.22,2.25,0.004,0.141
2026-04-15,-3.34,2.80,0.000,0.133
2026-04-16,-2.99,1.94,-0.002,0.128
2026-04-17,-2.98,2.59,0.000,0.122
2026-04-18,-2.68,2.50,0.000,0.135
2026-04-19,-2.31,-4.95,0.013,-0.052
2026-04-20,-1.05,-3.04,0.033,-0.134
2026-04-21,-2.41,0.69,0.000,0.019
2026-04-22,-2.74,1.78,0.006,0.116
2026-04-23,-2.93,1.76,0.025,0.113
2026-04-24,-2.82,1.14,0.016,0.109
2026-04-25,-2.22,-1.13,-0.023,0.070
2026-04-26,-2.30,-0.45,-0.028,0.040
2026-04-27,-2.64,0.76,-0.006,0.054
2026-04-28,-3.01,1.47,0.029,0.089
2026-04-29,-3.12,2.52,-0.001,0.220
2026-04-30,-2.63,2.13,0.004,0.206
2026-05-01,-3.22,-0.45,-0.016,0.060
2026-05-02,-0.57,-6.49,0.031,-0.179
2026-05-03,1.33,-3.87,0.056,-0.170
2026-05-04,-2.07,1.56,0.002,0.028
2026-05-05,-2.81,2.81,0.000,0.128
2026-05-06,-2.62,1.58,-0.025,0.151
2026-05-07,-2.48,-2.15,-0.013,0.048
2026-05-08,-2.92,-0.57,-0.047,0.017
2026-05-09,-2.61,0.46,0.000,0.049
2026-05-10,-2.50,-0.81,-0.031,0.016
2026-05-11,-1.89,-2.60,-0.020,0.001
2026-05-12,-1.14,-3.14,0.033,-0.159
2026-05-13,-2.10,-0.85,0.025,-0.120
2026-05-14,-2.60,0.55,-0.003,0.012
2026-05-15,-2.93,2.46,-0.019,0.118
2026-05-16,-2.96,2.86,-0.023,0.163
2026-05-17,-3.33,2.80,-0.021,0.163
2026-05-18,-3.65,1.63,-0.009,0.120
2026-05-19,-3.48,1.06,0.008,0.088
2026-05-20,-2.30,1.38,0.013,0.055
2026-05-21,-2.42,-0.17,0.012,0.046
2026-05-22,-2.01,0.94,-0.013,0.041
2026-05-23,-2.48,1.49,0.029,0.166
2026-05-24,-2.24,-1.30,-0.010,0.130
2026-05-25,-1.40,-2.24,-0.016,0.053
2026-05-26,-2.79,1.88,-0.021,0.085
2026-05-27,-3.02,2.72,0.012,0.273
2026-05-28,-1.56,2.00,0.041,0.181
2026-05-29,-2.84,0.25,-0.030,0.072
2026-05-30,-2.72,1.15,-0.042,0.170
2026-05-31,-2.39,-0.38,-0.047,0.188
2026-06-01,-2.26,0.87,-0.050,0.214
2026-06-02,-2.76,0.69,-0.054,0.255
2026-06-03,-2.55,-0.88,-0.067,0.179
2026-06-04,-2.16,-1.46,-0.053,0.134
2026-06-05,-2.30,-1.28,-0.048,0.093
2026-06-06,-2.32,0.80,-0.042,0.116
2026-06-07,-1.95,1.47,0.021,0.114
2026-06-08,-1.61,-0.00,0.013,0.127
2026-06-09,-2.94,0.36,-0.056,0.136
2026-06-10,-2.35,-0.16,-0.041,-0.006
2026-06-11,-2.30,0.24,-0.011,-0.080
2026-06-12,-3.01,-0.75,-0.023,-0.071
2026-06-13,-0.60,-3.06,-0.038,-0.229
2026-06-14,-1.41,0.69,0.021,-0.140
2026-06-15,-1.63,2.33,0.051,0.030
2026-06-16,-0.96,2.64,0.068,0.072
2026-06-17,-1.24,1.84,0.001,0.125
2026-06-18,-1.93,3.21,0.073,0.220
2026-06-19,-3.56,2.88,0.066,0.231
2026-06-20,-2.69,1.20,0.036,0.190
2026-06-21,-2.07,2.47,0.047,0.228
2026-06-22,-2.65,2.84,0.059,0.293
2026-06-23,-2.67,1.94,0.075,0.331
2026-06-24,-2.10,1.64,0.054,0.196
2026-06-25,-2.05,1.23,-0.023,0.229
2026-06-26,-2.27,1.84,0.024,0.256
2026-06-27,-2.47,2.00,0.032,0.264
2026-06-28,-1.82,2.10,0.038,0.234
2026-06-29,-1.79,2.14,0.034,0.232
2026-06-30,-1.90,1.38,0.008,0.169
2026-07-01,-2.20,1.22,0.005,0.175
2026-07-02,-2.20,1.60,0.005,0.173
2026-07-03,-2.10,1.12,-0.016,0.149
2026-07-04,-1.96,1.22,-0.001,0.182
2026-07-05,-2.20,1.72,0.004,0.220
2026-07-06,-1.95,1.70,0.012,0.199
2026-07-07,-2.42,0.56,-0.010,0.159
2026-07-08,-2.27,1.31,-0.016,0.179
2026-07-09,-1.77,-1.11,-0.010,0.111
2026-07-10,-1.83,0.49,-0.029,0.113
2026-07-11,-1.93,1.68,0.001,0.167
2026-07-12,-2.02,1.03,-0.001,0.221
2026-07-13,-1.92,1.06,-0.008,0.188
2026-07-14,-1.63,1.75,0.022,0.202
2026-07-15,-2.58,0.84,-0.034,0.222
2026-07-16,-2.55,0.83,0.002,0.155
2026-07-17,-2.34,0.67,0.005,0.142
2026-07-18,-2.17,0.75,-0.021,0.117
2026-07-19,-2.11,1.71,0.007,0.126
2026-07-20,-2.13,1.85,0.050,0.234
2026-07-21,-2.15,2.08,0.020,0.277
2026-07-22,-1.69,1.88,0.024,0.236
2026-07-23,-1.62,2.50,0.035,0.233
2026-07-24,-2.42,2.42,0.041,0.270
2026-07-25,-2.79,0.64,-0.010,0.148
2026-07-26,-1.83,0.81,-0.007,0.080
2026-07-27,-2.05,1.49,0.030,0.048
2026-07-28,-2.39,2.85,0.061,0.152
2026-07-29,-3.05,2.38,0.029,0.276
2026-07-30,-2.43,1.83,0.019,0.246
2026-07-31,-2.19,1.53,0.000,0.248
2026-08-01,-1.98,2.13,0.034,0.269
2026-08-02,-2.48,2.01,0.020,0.257
2026-08-03,-2.36,2.05,0.019,0.213
2026-08-04,-2.63,2.29,0.025,0.267
2026-08-05,-2.17,1.20,0.038,0.215
2026-08-06,-2.30,1.12,0.015,0.203
2026-08-07,-2.23,1.24,0.020,0.197
2026-08-08,-1.85,0.67,-0.025,0.130
2026-08-09,-1.73,0.96,0.007,0.102
2026-08-10,-2.19,1.02,0.031,0.064
2026-08-11,-1.94,1.31,0.009,0.052
2026-08-12,-1.92,1.73,0.007,0.093
2026-08-13,-2.24,2.41,0.037,0.211
2026-08-14,-1.99,2.37,0.049,0.237
2026-08-15,-2.55,1.13,-0.002,0.175
2026-08-16,-2.75,0.14,-0.026,0.084
2026-08-17,-2.26,1.05,-0.011,0.031
2026-08-18,-2.06,0.88,0.009,0.031
2026-08-19,-1.54,1.59,0.018,0.062
2026-08-20,-1.76,1.95,0.027,0.144
2026-08-21,-2.26,1.36,-0.024,0.198
2026-08-22,-1.81,1.63,-0.007,0.223
2026-08-23,-1.37,1.32,0.011,0.193
2026-08-24,-1.75,1.75,0.008,0.186
2026-08-25,-1.53,1.95,0.009,0.170
2026-08-26,-2.29,1.61,0.012,0.188
2026-08-27,-1.84,2.04,0.018,0.190
2026-08-28,-1.81,1.57,0.020,0.189
2026-08-29,-2.33,0.85,-0.020,0.188
2026-08-30,-2.18,1.31,-0.002,0.125
2026-08-31,-1.95,2.01,0.016,0.216
2026-09-01,-1.90,2.11,0.032,0.242
2026-09-02,-1.75,2.40,0.046,0.192
2026-09-03,-2.27,2.81,0.032,0.232
2026-09-04,-2.53,2.45,0.033,0.281
2026-09-05,-2.48,2.15,0.050,0.169
2026-09-06,-1.89,1.76,0.022,0.116
2026-09-07,-1.47,1.75,0.038,0.102
2026-09-08,0.99,2.03,-0.024,0.072
2026-09-09,-2.19,1.07,-0.048,0.075
2026-09-10,-1.94,1.88,-0.010,0.145
2026-09-11,-1.92,2.95,0.040,0.198
2026-09-12,-2.71,3.12,0.052,0.271
2026-09-13,-2.03,1.58,0.066,0.192
2026-09-14,-1.83,2.26,0.017,0.156
2026-09-15,-1.59,1.96,0.046,0.220
2026-09-16,-2.03,-1.27,-0.040,0.094
2026-09-17,-0.89,-2.75,-0.044,0.007
2026-09-18,0.03,-1.90,-0.028,-0.084
2026-09-19,0.03,-1.72,-0.041,-0.142
2026-09-20,-1.54,0.82,-0.009,-0.121
2026-09-21,-1.43,1.11,-0.001,0.003
2026-09-22,-2.19,-0.98,-0.043,0.082
2026-09-23,-0.28,-2.29,-0.061,0.050
2026-09-24,-0.51,-2.62,-0.043,-0.018
2026-09-25,0.13,-2.41,-0.032,-0.125
