date,wind_u,wind_v,cur_u,cur_v
2016-01-01,-4.62,2.25,,
2016-01-02,-2.38,-0.42,,
2016-01-03,-2.52,3.60,,
2016-01-04,-0.54,-7.67,,
2016-01-05,-5.20,-7.15,,
2016-01-06,-7.96,-6.22,,
2016-01-07,-2.14,-3.18,,
2016-01-08,-0.76,6.20,,
2016-01-09,2.10,3.00,,
2016-01-10,5.41,3.00,,
2016-01-11,-2.02,-7.53,,
2016-01-12,-2.94,-7.29,,
2016-01-13,-4.79,-7.10,,
2016-01-14,-6.38,-1.36,,
2016-01-15,-1.21,9.84,,
2016-01-16,-2.38,-1.49,,
2016-01-17,10.19,5.42,,
2016-01-18,0.60,-8.61,,
2016-01-19,-3.45,-8.99,,
2016-01-20,-6.66,-5.59,,
2016-01-21,-6.64,-0.58,,
2016-01-22,1.84,8.66,,
2016-01-23,11.45,-4.63,,
2016-01-24,4.35,-7.54,,
2016-01-25,-5.44,-0.29,,
2016-01-26,-7.52,3.51,,
2016-01-27,-3.03,6.82,,
2016-01-28,3.75,4.63,,
2016-01-29,4.44,-7.11,,
2016-01-30,-2.56,-4.10,,
2016-01-31,-4.94,1.32,,
2016-02-01,-3.88,3.03,,
2016-02-02,-5.03,1.44,,
2016-02-03,-6.85,4.45,,
2016-02-04,-4.99,5.16,,
2016-02-05,-0.46,-8.72,,
2016-02-06,-3.76,-5.17,,
2016-02-07,4.46,-8.38,,
2016-02-08,4.65,-4.99,,
2016-02-09,8.95,-3.61,,
2016-02-10,5.96,-5.56,,
2016-02-11,-1.31,-6.14,,
2016-02-12,-5.13,-2.96,,
2016-02-13,-1.10,-6.23,,
2016-02-14,-5.85,-6.50,,
2016-02-15,-9.04,2.59,,
2016-02-16,-3.50,5.39,,
2016-02-17,-1.30,-5.21,,
2016-02-18,-2.13,-6.19,,
2016-02-19,-7.52,-4.34,,
2016-02-20,-7.62,-2.19,,
2016-02-21,-6.40,-0.45,,
2016-02-22,-6.89,1.34,,
2016-02-23,-3.26,5.02,,
2016-02-24,-0.00,6.58,,
2016-02-25,4.85,-7.47,,
2016-02-26,-0.12,-7.06,,
2016-02-27,2.31,-7.11,,
2016-02-28,-6.05,-5.08,,
2016-02-29,-5.59,-0.59,,
2016-03-01,-4.88,-1.68,,
2016-03-02,-2.57,-2.24,,
2016-03-03,-2.81,-2.44,,
2016-03-04,1.21,-2.18,,
2016-03-05,0.09,-4.91,,
2016-03-06,1.29,-6.62,,
2016-03-07,-8.07,-1.57,,
2016-03-08,-9.51,2.20,,
2016-03-09,-9.90,4.20,,
2016-03-10,-9.44,5.23,,
2016-03-11,-8.56,3.99,,
2016-03-12,-8.13,3.29,,
2016-03-13,-3.82,5.06,,
2016-03-14,-0.55,3.50,,
2016-03-15,-0.66,-0.60,,
2016-03-16,-3.09,-0.77,,
2016-03-17,-3.79,2.28,,
2016-03-18,-3.67,3.67,,
2016-03-19,-2.63,5.40,,
2016-03-20,2.93,2.93,,
2016-03-21,3.12,-8.57,,
2016-03-22,-6.26,-6.26,,
2016-03-23,-7.59,0.40,,
2016-03-24,-6.96,3.10,,
2016-03-25,-1.27,4.14,,
2016-03-26,-4.34,1.24,,
2016-03-27,-4.95,2.74,,
2016-03-28,-3.01,1.34,,
2016-03-29,-3.30,-1.91,,
2016-03-30,-4.88,-3.17,,
2016-03-31,-5.06,3.41,,
2016-04-01,-3.43,4.08,,
2016-04-02,-2.09,4.70,,
2016-04-03,0.18,-5.29,,
2016-04-04,-1.99,-3.18,,
2016-04-05,0.10,-5.77,,
2016-04-06,-6.21,-0.76,,
2016-04-07,-0.41,3.94,,
2016-04-08,1.37,-3.07,,
2016-04-09,1.14,-5.38,,
2016-04-10,-6.12,-3.98,,
2016-04-11,-7.49,-0.39,,
2016-04-12,-5.65,0.89,,
2016-04-13,-4.97,0.09,,
2016-04-14,-4.85,0.51,,
2016-04-15,-4.86,2.58,,
2016-04-16,-3.93,1.35,,
2016-04-17,-7.76,-3.29,,
2016-04-18,-7.96,-4.05,,
2016-04-19,-6.87,-2.91,,
2016-04-20,-6.45,-0.23,,
2016-04-21,-7.42,1.58,,
2016-04-22,-5.57,3.90,,
2016-04-23,3.50,-1.34,,
2016-04-24,1.03,-4.46,,
2016-04-25,-5.05,1.35,,
2016-04-26,-5.95,2.52,,
2016-04-27,-5.76,2.68,,
2016-04-28,-4.67,1.98,,
2016-04-29,-4.70,0.83,,
2016-04-30,-6.66,1.78,,
2016-05-01,-7.34,2.82,,
2016-05-02,-6.82,2.62,,
2016-05-03,-3.06,3.52,,
2016-05-04,2.43,2.70,,
2016-05-05,5.41,-6.22,,
2016-05-06,2.64,-4.39,,
2016-05-07,1.41,-6.12,,
2016-05-08,-2.96,-2.49,,
2016-05-09,-7.16,1.79,,
2016-05-10,-7.64,2.19,,
2016-05-11,-6.93,1.86,,
2016-05-12,-5.21,0.46,,
2016-05-13,-2.64,-0.96,,
2016-05-14,0.99,-1.86,,
2016-05-15,-1.25,-3.44,,
2016-05-16,-3.92,0.14,,
2016-05-17,-5.66,3.82,,
2016-05-18,0.06,3.27,,
2016-05-19,-3.09,-0.11,,
2016-05-20,-4.13,1.58,,
2016-05-21,-3.72,0.59,,
2016-05-22,1.28,-2.75,,
2016-05-23,-0.99,-3.03,,
2016-05-24,-3.44,0.61,,
2016-05-25,-7.07,-0.25,,
2016-05-26,-6.51,-2.11,,
2016-05-27,-5.09,-0.54,,
2016-05-28,-3.54,0.19,,
2016-05-29,-2.22,-0.35,,
2016-05-30,-2.92,-0.95,,
2016-05-31,-3.59,-0.00,,
2016-06-01,-4.64,1.24,,
2016-06-02,-4.99,2.88,,
2016-06-03,-5.32,2.83,,
2016-06-04,-5.85,2.85,,
2016-06-05,-5.61,6.23,,
2016-06-06,-3.43,9.43,,
2016-06-07,3.57,7.66,,
2016-06-08,3.90,6.49,,
2016-06-09,0.69,4.94,,
2016-06-10,-0.62,2.90,,
2016-06-11,-2.95,0.90,,
2016-06-12,-0.24,-1.51,,
2016-06-13,1.33,-2.73,,
2016-06-14,0.38,-1.52,,
2016-06-15,-1.35,4.16,,
2016-06-16,1.31,4.27,,
2016-06-17,4.04,0.93,,
2016-06-18,-2.36,0.72,,
2016-06-19,-1.97,-2.93,,
2016-06-20,-5.74,-3.32,,
2016-06-21,-6.68,-2.17,,
2016-06-22,-3.81,1.02,,
2016-06-23,-3.60,0.97,,
2016-06-24,-4.40,0.54,,
2016-06-25,-5.25,1.50,,
2016-06-26,-4.42,1.19,,
2016-06-27,-3.72,-1.00,,
2016-06-28,-2.39,0.51,,
2016-06-29,-1.96,1.96,,
2016-06-30,-2.16,1.95,,
2016-07-01,-2.80,1.25,,
2016-07-02,-3.48,1.34,,
2016-07-03,-4.23,2.35,,
2016-07-04,-4.88,1.97,,
2016-07-05,-5.21,1.20,,
2016-07-06,-4.89,1.68,,
2016-07-07,-4.51,1.38,,
2016-07-08,-2.99,0.92,,
2016-07-09,-3.12,-0.16,,
2016-07-10,-4.24,1.71,,
2016-07-11,-5.13,2.07,,
2016-07-12,-5.03,2.45,,
2016-07-13,-4.68,0.91,,
2016-07-14,-5.20,-0.55,,
2016-07-15,-6.07,1.63,,
2016-07-16,-5.84,2.12,,
2016-07-17,-6.88,0.36,,
2016-07-18,-8.05,-0.00,,
2016-07-19,-7.78,-0.96,,
2016-07-20,-7.25,-0.13,,
2016-07-21,-5.38,-0.00,,
2016-07-22,-4.12,1.18,,
2016-07-23,-3.31,0.06,,
2016-07-24,-3.01,1.74,,
2016-07-25,-5.00,1.63,,
2016-07-26,-5.61,0.79,,
2016-07-27,-6.58,0.81,,
2016-07-28,-6.52,1.75,,
2016-07-29,-3.56,2.31,,
2016-07-30,-2.65,-0.09,,
2016-07-31,-4.13,0.73,,
2016-08-01,-7.08,0.37,,
2016-08-02,-8.00,-0.14,,
2016-08-03,-5.82,1.45,,
2016-08-04,-3.95,3.81,,
2016-08-05,-3.99,3.23,,
2016-08-06,-2.59,3.19,,
2016-08-07,-2.40,2.40,,
2016-08-08,-3.16,1.98,,
2016-08-09,-3.00,4.13,,
2016-08-10,-3.66,1.33,,
2016-08-11,-5.04,-1.74,,
2016-08-12,-5.94,0.73,,
2016-08-13,-6.45,3.29,,
2016-08-14,-8.20,-0.14,,
2016-08-15,-7.38,1.57,,
2016-08-16,-7.19,0.50,,
2016-08-17,-5.42,0.67,,
2016-08-18,-4.99,-0.88,,
2016-08-19,-3.03,0.75,,
2016-08-20,-2.37,1.05,,
2016-08-21,-2.67,0.05,,
2016-08-22,-2.31,0.08,,
2016-08-23,-3.05,-2.38,,
2016-08-24,-4.78,-3.87,,
2016-08-25,-5.19,-2.20,,
2016-08-26,-4.46,-1.11,,
2016-08-27,-4.16,-3.02,,
2016-08-28,-5.92,-1.92,,
2016-08-29,-7.00,6.53,,
2016-08-30,-1.60,9.09,,
2016-08-31,-1.71,8.79,,
2016-09-01,-1.06,8.62,,
2016-09-02,0.22,6.38,,
2016-09-03,-1.89,3.40,,
2016-09-04,-4.44,-0.62,,
2016-09-05,-4.27,-0.75,,
2016-09-06,-4.40,-2.24,,
2016-09-07,-4.07,-2.16,,
2016-09-08,-6.01,-1.84,,
2016-09-09,-5.86,-1.57,,
2016-09-10,-5.32,4.30,,
2016-09-11,-5.20,2.88,,
2016-09-12,-4.52,1.38,,
2016-09-13,-0.38,5.49,,
2016-09-14,-1.57,2.71,,
2016-09-15,-3.43,0.67,,
2016-09-16,-3.07,0.71,,
2016-09-17,-2.77,0.49,,
2016-09-18,-2.30,0.57,,
2016-09-19,-2.36,0.54,,
2016-09-20,-2.20,0.27,,
2016-09-21,-2.39,-1.02,,
2016-09-22,-2.68,-0.28,,
2016-09-23,-2.51,-0.13,,
2016-09-24,-2.53,-1.98,,
2016-09-25,-3.24,-0.17,,
2016-09-26,-2.57,1.49,,
2016-09-27,-0.61,2.26,,
2016-09-28,0.42,1.82,,
2016-09-29,-1.74,-0.09,,
2016-09-30,-3.00,0.42,,
2016-10-01,-4.31,-1.48,,
2016-10-02,-6.34,-1.82,,
2016-10-03,-5.46,-1.06,,
2016-10-04,-3.67,-2.77,,
2016-10-05,-3.07,-3.79,,
2016-10-06,-0.79,-7.47,,
2016-10-07,6.91,-1.34,,
2016-10-08,4.05,-0.35,,
2016-10-09,-2.80,-4.65,,
2016-10-10,-6.42,-6.20,,
2016-10-11,-6.68,-6.45,,
2016-10-12,-5.44,-6.26,,
2016-10-13,-5.18,-5.37,,
2016-10-14,-7.98,-3.72,,
2016-10-15,-6.90,-2.51,,
2016-10-16,-6.11,-3.25,,
2016-10-17,-7.75,-2.67,,
2016-10-18,-6.47,-3.59,,
2016-10-19,-7.02,-4.06,,
2016-10-20,-4.79,-5.32,,
2016-10-21,-0.20,-5.59,,
2016-10-22,0.47,-6.67,,
2016-10-23,-4.73,-5.84,,
2016-10-24,-6.10,-4.12,,
2016-10-25,-7.08,-3.93,,
2016-10-26,-9.76,-4.14,,
2016-10-27,-9.72,-3.93,,
2016-10-28,-10.43,-4.43,,
2016-10-29,-9.56,-5.74,,
2016-10-30,-8.67,-4.23,,
2016-10-31,-7.58,-5.31,,
2016-11-01,-8.75,-4.08,,
2016-11-02,-8.62,-2.47,,
2016-11-03,-6.88,-2.92,,
2016-11-04,-3.58,-4.12,,
2016-11-05,-1.99,-4.93,,
2016-11-06,-6.37,-5.34,,
2016-11-07,-8.62,-4.20,,
2016-11-08,-9.22,-2.30,,
2016-11-09,-5.91,0.62,,
2016-11-10,-4.09,-0.29,,
2016-11-11,-3.24,-2.62,,
2016-11-12,-2.54,-2.13,,
2016-11-13,-4.24,-0.37,,
2016-11-14,-3.79,-1.23,,
2016-11-15,-3.45,-3.83,,
2016-11-16,-0.83,-6.76,,
2016-11-17,-4.91,-6.07,,
2016-11-18,-7.48,-3.33,,
2016-11-19,-4.84,-5.57,,
2016-11-20,-0.79,-7.56,,
2016-11-21,-1.59,-5.92,,
2016-11-22,-4.17,-3.50,,
2016-11-23,-7.42,-0.91,,
2016-11-24,-6.68,-2.84,,
2016-11-25,-7.55,-2.31,,
2016-11-26,-4.01,-4.95,,
2016-11-27,-3.68,-5.89,,
2016-11-28,-6.47,-0.11,,
2016-11-29,-6.56,4.42,,
2016-11-30,-5.71,5.14,,
2016-12-01,-3.75,2.63,,
2016-12-02,-3.93,-3.80,,
2016-12-03,-6.69,-2.17,,
2016-12-04,-8.51,0.74,,
2016-12-05,-6.49,4.89,,
2016-12-06,-1.07,6.06,,
2016-12-07,2.47,-0.48,,
2016-12-08,-2.37,-3.15,,
2016-12-09,-3.98,-7.49,,
2016-12-10,-6.94,-6.47,,
2016-12-11,-8.69,-1.53,,
2016-12-12,-3.63,3.38,,
2016-12-13,-1.82,-2.41,,
2016-12-14,-1.05,-2.49,,
2016-12-15,0.56,-4.57,,
2016-12-16,-4.64,-3.63,,
2016-12-17,-7.07,2.57,,
2016-12-18,-5.91,4.14,,
2016-12-19,-6.00,1.39,,
2016-12-20,-5.17,-2.87,,
2016-12-21,-3.77,-4.49,,
2016-12-22,-3.45,-5.97,,
2016-12-23,-5.24,-4.24,,
2016-12-24,-7.92,-0.42,,
2016-12-25,-8.82,-0.93,,
2016-12-26,-9.65,-1.01,,
2016-12-27,-7.62,0.27,,
2016-12-28,-5.44,-0.96,,
2016-12-29,-3.58,-0.70,,
2016-12-30,-1.24,-7.82,,
2016-12-31,-8.15,-0.57,,
2017-01-01,-6.73,4.37,,
2017-01-02,-6.70,3.71,,
2017-01-03,-3.36,4.00,,
2017-01-04,3.08,0.54,,
2017-01-05,0.90,-3.13,,
2017-01-06,-3.43,2.06,,
2017-01-07,5.19,4.51,,
2017-01-08,-1.66,-11.78,,
2017-01-09,-7.81,-7.28,,
2017-01-10,-8.29,-4.98,,
2017-01-11,-8.65,-2.81,,
2017-01-12,-8.78,-1.39,,
2017-01-13,-7.54,-3.05,,
2017-01-14,-6.93,-4.00,,
2017-01-15,-6.16,-3.28,,
2017-01-16,-7.77,-0.68,,
2017-01-17,-8.33,1.17,,
2017-01-18,-5.29,2.25,,
2017-01-19,-3.51,0.81,,
2017-01-20,-1.48,4.84,,
2017-01-21,-1.66,4.32,,
2017-01-22,0.53,10.17,,
2017-01-23,13.79,2.18,,
2017-01-24,6.94,-5.23,,
2017-01-25,-2.67,1.54,,
2017-01-26,0.45,3.68,,
2017-01-27,1.33,2.51,,
2017-01-28,-1.60,-6.94,,
2017-01-29,-2.50,-7.27,,
2017-01-30,1.52,-5.29,,
2017-01-31,-2.29,-4.92,,
2017-02-01,-6.37,-1.35,,
2017-02-02,-4.48,-3.26,,
2017-02-03,-2.80,-3.86,,
2017-02-04,-2.22,-5.79,,
2017-02-05,-3.01,-3.85,,
2017-02-06,-4.14,-3.99,,
2017-02-07,-5.67,2.41,,
2017-02-08,-0.98,3.01,,
2017-02-09,2.03,-0.25,,
2017-02-10,-5.11,-6.09,,
2017-02-11,-7.65,-0.00,,
2017-02-12,-5.74,-0.50,,
2017-02-13,-1.56,-3.66,,
2017-02-14,-0.84,-1.89,,
2017-02-15,1.82,5.61,,
2017-02-16,7.31,-2.52,,
2017-02-17,-0.14,-3.92,,
2017-02-18,-1.97,2.72,,
2017-02-19,-0.33,3.72,,
2017-02-20,-4.56,-2.64,,
2017-02-21,-6.44,0.45,,
2017-02-22,1.30,7.39,,
2017-02-23,7.44,-2.56,,
2017-02-24,2.72,-3.88,,
2017-02-25,2.01,-1.95,,
2017-02-26,-1.99,-4.92,,
2017-02-27,-7.03,0.37,,
2017-02-28,-7.07,0.99,,
2017-03-01,-7.06,1.12,,
2017-03-02,-3.29,2.86,,
2017-03-03,-2.40,-6.60,,
2017-03-04,-9.57,-6.45,,
2017-03-05,-12.05,-4.15,,
2017-03-06,-12.13,-1.49,,
2017-03-07,-10.79,1.52,,
2017-03-08,-8.34,1.17,,
2017-03-09,-6.69,-1.30,,
2017-03-10,-3.56,-2.50,,
2017-03-11,-1.83,-4.32,,
2017-03-12,-3.42,0.54,,
2017-03-13,-4.20,2.05,,
2017-03-14,6.77,-2.60,,
2017-03-15,3.62,-8.13,,
2017-03-16,-1.25,-7.88,,
2017-03-17,-5.86,-3.95,,
2017-03-18,-5.10,-4.43,,
2017-03-19,0.64,-5.24,,
2017-03-20,-2.05,-6.71,,
2017-03-21,-4.11,-2.47,,
2017-03-22,-2.74,-3.04,,
2017-03-23,-1.18,-3.63,,
2017-03-24,-8.83,-3.39,,
2017-03-25,-9.74,-0.51,,
2017-03-26,-6.89,-0.72,,
2017-03-27,-5.28,-2.03,,
2017-03-28,-4.60,-1.77,,
2017-03-29,-4.79,2.24,,
2017-03-30,-6.08,2.97,,
2017-03-31,-3.93,5.04,,
2017-04-01,-0.52,2.25,,
2017-04-02,-3.54,2.30,,
2017-04-03,-6.05,4.73,,
2017-04-04,-4.57,4.90,,
2017-04-05,-4.25,4.11,,
2017-04-06,3.45,4.26,,
2017-04-07,1.54,-7.27,,
2017-04-08,1.10,-6.97,,
2017-04-09,-3.42,-3.94,,
2017-04-10,-8.34,-0.44,,
2017-04-11,-8.81,-2.69,,
2017-04-12,-7.12,-3.63,,
2017-04-13,-7.22,-2.07,,
2017-04-14,-7.34,-2.25,,
2017-04-15,-9.13,-2.28,,
2017-04-16,-8.99,-0.16,,
2017-04-17,-7.56,0.53,,
2017-04-18,-7.38,1.70,,
2017-04-19,-8.94,-0.63,,
2017-04-20,-8.78,0.31,,
2017-04-21,-8.36,0.73,,
2017-04-22,-7.27,2.65,,
2017-04-23,-4.65,2.69,,
2017-04-24,4.40,-2.97,,
2017-04-25,3.82,-2.48,,
2017-04-26,-2.87,2.40,,
2017-04-27,-3.66,2.56,,
2017-04-28,-5.73,2.67,,
2017-04-29,-9.11,2.79,,
2017-04-30,-9.51,3.65,,
2017-05-01,-7.23,4.18,,
2017-05-02,-3.31,3.81,,
2017-05-03,-3.86,1.18,,
2017-05-04,-3.86,3.35,,
2017-05-05,5.53,3.73,,
2017-05-06,3.78,-5.40,,
2017-05-07,1.46,-3.62,,
2017-05-08,-1.13,-1.88,,
2017-05-09,-2.38,-1.06,,
2017-05-10,-4.50,0.55,,
2017-05-11,-3.87,0.82,,
2017-05-12,-3.25,3.03,,
2017-05-13,0.18,5.03,,
2017-05-14,4.34,2.93,,
2017-05-15,-0.12,-2.24,,
2017-05-16,-4.75,0.50,,
2017-05-17,-9.08,1.93,,
2017-05-18,-9.73,0.85,,
2017-05-19,-8.78,3.37,,
2017-05-20,-8.45,3.76,,
2017-05-21,-7.47,2.14,,
2017-05-22,-5.20,2.53,,
2017-05-23,-3.89,5.36,,
2017-05-24,-0.47,6.68,,
2017-05-25,3.59,6.22,,
2017-05-26,-0.00,2.31,,
2017-05-27,-2.04,-0.74,,
2017-05-28,-2.52,-1.34,,
2017-05-29,-3.57,-0.82,,
2017-05-30,-5.50,1.89,,
2017-05-31,-5.62,2.62,,
2017-06-01,-5.33,2.60,,
2017-06-02,-5.69,2.53,,
2017-06-03,-4.97,2.01,,
2017-06-04,-5.16,1.78,,
2017-06-05,-3.78,3.18,,
2017-06-06,0.64,6.10,,
2017-06-07,2.80,7.71,,
2017-06-08,6.34,6.56,,
2017-06-09,3.00,4.62,,
2017-06-10,-2.56,3.28,,
2017-06-11,-6.02,1.84,,
2017-06-12,-6.54,0.23,,
2017-06-13,-6.21,0.43,,
2017-06-14,-5.65,0.79,,
2017-06-15,-3.76,1.37,,
2017-06-16,-0.70,2.44,,
2017-06-17,-2.48,2.57,,
2017-06-18,-6.60,5.54,,
2017-06-19,-8.10,5.67,,
2017-06-20,-8.49,4.90,,
2017-06-21,-6.85,5.35,,
2017-06-22,-7.24,2.63,,
2017-06-23,-7.31,2.38,,
2017-06-24,-6.31,2.68,,
2017-06-25,-6.11,1.52,,
2017-06-26,-5.08,1.27,,
2017-06-27,-2.90,0.94,,
2017-06-28,-2.78,0.96,,
2017-06-29,-2.72,2.05,,
2017-06-30,-4.82,1.11,,
2017-07-01,-5.91,1.15,,
2017-07-02,-4.64,-0.08,,
2017-07-03,-5.09,0.81,,
2017-07-04,-5.17,0.54,,
2017-07-05,-5.93,0.10,,
2017-07-06,-5.89,0.41,,
2017-07-07,-4.19,0.15,,
2017-07-08,-3.51,-0.00,,
2017-07-09,-4.34,-0.38,,
2017-07-10,-5.58,1.08,,
2017-07-11,-6.08,0.53,,
2017-07-12,-4.50,-2.81,,
2017-07-13,-6.61,-1.05,,
2017-07-14,-6.41,1.96,,
2017-07-15,-4.80,0.42,,
2017-07-16,-3.01,-0.32,,
2017-07-17,-0.17,3.25,,
2017-07-18,-1.26,2.48,,
2017-07-19,-3.19,-0.17,,
2017-07-20,-3.01,0.53,,
2017-07-21,-2.65,0.96,,
2017-07-22,-3.56,2.68,,
2017-07-23,-4.26,1.55,,
2017-07-24,-4.18,2.13,,
2017-07-25,-4.55,0.89,,
2017-07-26,-4.34,-1.49,,
2017-07-27,-4.14,-0.14,,
2017-07-28,-2.36,1.31,,
2017-07-29,1.25,2.56,,
2017-07-30,4.77,2.43,,
2017-07-31,4.89,4.56,,
2017-08-01,2.03,4.36,,
2017-08-02,-2.24,1.95,,
2017-08-03,-6.08,2.09,,
2017-08-04,-7.32,1.56,,
2017-08-05,-6.72,2.58,,
2017-08-06,-7.30,1.96,,
2017-08-07,-7.47,2.14,,
2017-08-08,-6.53,3.04,,
2017-08-09,-6.48,0.57,,
2017-08-10,-3.67,1.05,,
2017-08-11,-2.23,0.81,,
2017-08-12,-2.96,-1.14,,
2017-08-13,-2.45,0.80,,
2017-08-14,-1.88,1.47,,
2017-08-15,-2.00,1.50,,
2017-08-16,-3.95,-0.14,,
2017-08-17,-4.52,0.08,,
2017-08-18,-3.61,-0.19,,
2017-08-19,-3.51,-2.45,,
2017-08-20,-5.60,-0.10,,
2017-08-21,-7.63,0.53,,
2017-08-22,-3.98,-0.63,,
2017-08-23,-2.70,0.48,,
2017-08-24,0.80,4.54,,
2017-08-25,1.74,5.35,,
2017-08-26,3.86,0.75,,
2017-08-27,2.44,1.19,,
2017-08-28,0.73,2.23,,
2017-08-29,-1.63,1.57,,
2017-08-30,-2.82,0.30,,
2017-08-31,-4.14,0.96,,
2017-09-01,-3.50,1.94,,
2017-09-02,-2.70,1.32,,
2017-09-03,-2.74,-3.15,,
2017-09-04,-4.63,-1.78,,
2017-09-05,-4.34,-0.84,,
2017-09-06,-3.59,1.83,,
2017-09-07,-3.38,-0.18,,
2017-09-08,-4.30,-4.77,,
2017-09-09,-7.78,-12.46,,
2017-09-10,-1.34,-25.56,,
2017-09-11,10.27,4.15,,
2017-09-12,3.07,0.54,,
2017-09-13,-1.16,1.72,,
2017-09-14,-0.84,2.43,,
2017-09-15,-3.47,-0.80,,
2017-09-16,-4.26,-1.81,,
2017-09-17,-3.80,-2.76,,
2017-09-18,-1.44,-4.72,,
2017-09-19,0.75,-3.02,,
2017-09-20,-1.16,0.52,,
2017-09-21,-2.62,-1.45,,
2017-09-22,-2.68,-2.59,,
2017-09-23,-2.66,-2.08,,
2017-09-24,-2.87,-1.16,,
2017-09-25,-1.56,0.66,,
2017-09-26,0.45,3.21,,
2017-09-27,-0.62,1.61,,
2017-09-28,-2.42,1.69,,
2017-09-29,-1.66,3.74,,
2017-09-30,-2.80,1.43,,
2017-10-01,-6.27,1.33,,
2017-10-02,-8.57,-0.45,,
2017-10-03,-8.65,-4.41,,
2017-10-04,-10.98,-4.66,,
2017-10-05,-10.35,-0.72,,
2017-10-06,-7.43,5.01,,
2017-10-07,-6.48,6.26,,
2017-10-08,-2.82,3.74,,
2017-10-09,-4.97,0.09,,
2017-10-10,-8.41,-0.74,,
2017-10-11,-7.43,-3.95,,
2017-10-12,-5.07,-6.04,,
2017-10-13,-7.15,-1.78,,
2017-10-14,-6.33,0.89,,
2017-10-15,-4.71,-1.17,,
2017-10-16,-1.67,-2.47,,
2017-10-17,-3.21,-1.70,,
2017-10-18,-4.86,-2.58,,
2017-10-19,-3.57,-2.50,,
2017-10-20,-6.58,-2.66,,
2017-10-21,-8.91,-1.73,,
2017-10-22,-8.57,2.62,,
2017-10-23,-6.15,3.27,,
2017-10-24,-2.24,3.88,,
2017-10-25,1.23,-6.35,,
2017-10-26,-1.24,-7.81,,
2017-10-27,-7.05,-2.15,,
2017-10-28,-8.62,5.18,,
2017-10-29,7.52,-7.52,,
2017-10-30,0.24,-6.98,,
2017-10-31,-4.73,-3.97,,
2017-11-01,-6.46,-2.74,,
2017-11-02,-5.46,-3.97,,
2017-11-03,-4.39,-5.42,,
2017-11-04,-3.76,-5.79,,
2017-11-05,-2.33,-5.24,,
2017-11-06,-0.45,-3.21,,
2017-11-07,-2.40,-3.19,,
2017-11-08,-2.68,-3.97,,
2017-11-09,-3.67,-4.08,,
2017-11-10,-3.67,-5.06,,
2017-11-11,-7.38,-5.36,,
2017-11-12,-7.05,-5.13,,
2017-11-13,-6.88,-5.37,,
2017-11-14,-5.21,-7.45,,
2017-11-15,-3.79,-7.77,,
2017-11-16,-3.10,-7.31,,
2017-11-17,-4.84,-5.98,,
2017-11-18,-4.97,-2.87,,
2017-11-19,-0.84,-2.74,,
2017-11-20,-4.17,-3.62,,
2017-11-21,-5.42,0.09,,
2017-11-22,-2.57,-0.55,,
2017-11-23,-0.32,4.56,,
2017-11-24,5.80,1.02,,
2017-11-25,-1.10,-4.77,,
2017-11-26,-5.00,-3.50,,
2017-11-27,-6.11,-2.98,,
2017-11-28,-7.00,-2.97,,
2017-11-29,-5.10,-3.31,,
2017-11-30,-4.17,-4.97,,
2017-12-01,-4.18,-4.99,,
2017-12-02,-5.20,-3.25,,
2017-12-03,-4.95,-3.60,,
2017-12-04,-6.44,-3.00,,
2017-12-05,-7.76,-0.14,,
2017-12-06,-5.37,0.66,,
2017-12-07,-3.25,0.93,,
2017-12-08,-0.72,4.11,,
2017-12-09,9.03,0.47,,
2017-12-10,1.44,-10.28,,
2017-12-11,-1.21,-7.65,,
2017-12-12,2.90,-5.03,,
2017-12-13,2.19,-7.16,,
2017-12-14,-0.50,-1.99,,
2017-12-15,-1.46,-0.91,,
2017-12-16,-4.72,-3.43,,
2017-12-17,-6.81,-0.60,,
2017-12-18,-5.51,-0.77,,
2017-12-19,-4.20,-2.43,,
2017-12-20,-5.02,0.89,,
2017-12-21,-2.75,0.05,,
2017-12-22,-4.02,-2.61,,
2017-12-23,-5.36,1.74,,
2017-12-24,-4.23,-1.54,,
2017-12-25,-2.02,-3.49,,
2017-12-26,-4.02,-3.62,,
2017-12-27,-4.80,-2.88,,
2017-12-28,-3.72,-4.28,,
2017-12-29,-2.50,-5.36,,
2017-12-30,-1.70,-5.92,,
2017-12-31,-1.72,-4.05,,
2018-01-01,-0.43,2.46,,
2018-01-02,-0.16,-9.03,,
2018-01-03,1.26,-8.95,,
2018-01-04,0.84,-8.03,,
2018-01-05,-0.58,-6.65,,
2018-01-06,-5.32,-5.32,,
2018-01-07,-8.01,-6.26,,
2018-01-08,-8.47,-0.59,,
2018-01-09,-3.80,1.85,,
2018-01-10,-3.02,-1.10,,
2018-01-11,-3.21,2.42,,
2018-01-12,0.43,6.13,,
2018-01-13,4.20,-4.83,,
2018-01-14,0.65,-9.33,,
2018-01-15,-2.42,-8.43,,
2018-01-16,-4.92,-7.88,,
2018-01-17,-2.94,-6.93,,
2018-01-18,-0.51,-9.76,,
2018-01-19,-5.07,-3.96,,
2018-01-20,-5.04,-4.54,,
2018-01-21,-6.19,-3.16,,
2018-01-22,-6.85,0.48,,
2018-01-23,-4.10,2.09,,
2018-01-24,-1.78,-4.41,,
2018-01-25,-4.27,-7.40,,
2018-01-26,-9.73,-4.54,,
2018-01-27,-11.53,-2.24,,
2018-01-28,-8.70,2.33,,
2018-01-29,1.41,5.25,,
2018-01-30,0.17,-9.80,,
2018-01-31,-6.65,-6.42,,
2018-02-01,-6.10,-2.10,,
2018-02-02,-4.29,-4.15,,
2018-02-03,-5.01,-3.64,,
2018-02-04,-5.57,2.36,,
2018-02-05,-2.23,0.08,,
2018-02-06,-5.85,-0.61,,
2018-02-07,-6.90,0.85,,
2018-02-08,-4.70,-2.40,,
2018-02-09,-6.78,-0.59,,
2018-02-10,-7.41,1.85,,
2018-02-11,-6.88,4.14,,
2018-02-12,-6.38,2.84,,
2018-02-13,-6.59,-1.04,,
2018-02-14,-7.15,-1.00,,
2018-02-15,-6.39,0.33,,
2018-02-16,-4.50,1.12,,
2018-02-17,-5.61,-0.20,,
2018-02-18,-5.67,-0.20,,
2018-02-19,-8.47,0.30,,
2018-02-20,-9.51,2.55,,
2018-02-21,-10.21,1.43,,
2018-02-22,-9.48,-0.17,,
2018-02-23,-8.16,-0.14,,
2018-02-24,-8.24,1.16,,
2018-02-25,-6.18,3.29,,
2018-02-26,-4.68,2.81,,
2018-02-27,-2.86,-2.32,,
2018-02-28,-4.48,-0.31,,
2018-03-01,-3.66,3.92,,
2018-03-02,0.87,-3.05,,
2018-03-03,0.70,-6.63,,
2018-03-04,-1.51,-7.11,,
2018-03-05,-4.07,-2.75,,
2018-03-06,-3.62,2.35,,
2018-03-07,4.66,4.34,,
2018-03-08,2.40,-6.25,,
2018-03-09,-1.97,-6.87,,
2018-03-10,-5.89,2.62,,
2018-03-11,2.32,2.77,,
2018-03-12,6.85,0.72,,
2018-03-13,-0.28,-8.15,,
2018-03-14,2.35,-6.46,,
2018-03-15,-2.09,-6.84,,
2018-03-16,-4.01,1.23,,
2018-03-17,-4.24,0.75,,
2018-03-18,-2.07,1.86,,
2018-03-19,0.78,3.13,,
2018-03-20,2.68,3.98,,
2018-03-21,6.14,-4.14,,
2018-03-22,0.60,-8.53,,
2018-03-23,-1.91,-6.66,,
2018-03-24,-5.56,-1.81,,
2018-03-25,-4.66,2.80,,
2018-03-26,-4.36,-2.32,,
2018-03-27,-8.79,-2.86,,
2018-03-28,-9.89,1.21,,
2018-03-29,-8.66,4.04,,
2018-03-30,-4.76,3.72,,
2018-03-31,-3.39,-1.04,,
2018-04-01,-3.97,-2.58,,
2018-04-02,-4.75,-0.75,,
2018-04-03,-5.85,1.46,,
2018-04-04,-4.33,1.75,,
2018-04-05,-0.61,-3.88,,
2018-04-06,-4.93,-1.05,,
2018-04-07,-2.49,5.10,,
2018-04-08,2.19,3.13,,
2018-04-09,-0.71,3.35,,
2018-04-10,-1.53,2.76,,
2018-04-11,0.40,-5.72,,
2018-04-12,-6.10,-2.46,,
2018-04-13,-7.68,2.35,,
2018-04-14,-7.22,3.06,,
2018-04-15,-4.17,6.18,,
2018-04-16,5.40,-6.91,,
2018-04-17,-0.77,-7.31,,
2018-04-18,-4.49,0.63,,
2018-04-19,-4.31,0.99,,
2018-04-20,-1.02,-2.81,,
2018-04-21,-3.17,-2.22,,
2018-04-22,-6.20,1.32,,
2018-04-23,-4.08,3.55,,
2018-04-24,2.73,0.94,,
2018-04-25,1.14,-4.24,,
2018-04-26,-1.53,-2.03,,
2018-04-27,3.08,2.97,,
2018-04-28,2.23,-5.27,,
2018-04-29,1.60,-3.43,,
2018-04-30,-4.60,-0.40,,
2018-05-01,-8.03,-0.99,,
2018-05-02,-8.91,-3.07,,
2018-05-03,-9.64,-3.13,,
2018-05-04,-8.86,-2.21,,
2018-05-05,-4.65,-4.99,,
2018-05-06,-1.94,3.98,,
2018-05-07,1.30,-3.77,,
2018-05-08,-2.23,-3.85,,
2018-05-09,-6.17,-2.13,,
2018-05-10,-7.55,-0.79,,
2018-05-11,-6.41,0.67,,
2018-05-12,-5.56,-3.34,,
2018-05-13,-6.01,0.53,,
2018-05-14,-0.37,5.26,,
2018-05-15,-2.75,4.96,,
2018-05-16,-2.68,3.56,,
2018-05-17,-2.27,2.35,,
2018-05-18,-3.35,2.43,,
2018-05-19,-4.49,2.00,,
2018-05-20,-6.63,3.09,,
2018-05-21,-6.42,2.59,,
2018-05-22,-8.16,2.81,,
2018-05-23,-6.68,2.30,,
2018-05-24,-3.49,1.55,,
2018-05-25,-5.14,2.08,,
2018-05-26,-7.61,5.33,,
2018-05-27,-0.19,11.15,,
2018-05-28,-0.29,8.36,,
2018-05-29,-2.03,6.24,,
2018-05-30,-2.81,4.49,,
2018-05-31,-4.55,1.13,,
2018-06-01,-4.11,0.50,,
2018-06-02,-2.06,-0.22,,
2018-06-03,1.32,-0.53,,
2018-06-04,3.18,-1.28,,
2018-06-05,3.39,-0.42,,
2018-06-06,2.89,1.60,,
2018-06-07,2.44,1.71,,
2018-06-08,-3.81,0.60,,
2018-06-09,-4.70,-0.58,,
2018-06-10,-3.94,-0.07,,
2018-06-11,-4.63,1.07,,
2018-06-12,-4.56,0.56,,
2018-06-13,-4.43,1.97,,
2018-06-14,-3.73,1.66,,
2018-06-15,-2.17,2.09,,
2018-06-16,-4.19,0.81,,
2018-06-17,-4.34,0.38,,
2018-06-18,-3.83,-0.68,,
2018-06-19,-2.01,-0.14,,
2018-06-20,1.17,0.94,,
2018-06-21,1.73,0.00,,
2018-06-22,2.31,0.53,,
2018-06-23,-0.22,-1.27,,
2018-06-24,-3.35,-0.18,,
2018-06-25,-3.40,2.66,,
2018-06-26,-3.91,2.44,,
2018-06-27,-3.28,0.29,,
2018-06-28,-1.94,-0.56,,
2018-06-29,-0.69,-1.49,,
2018-06-30,-2.18,2.18,,
2018-07-01,-3.17,2.22,,
2018-07-02,-2.59,0.09,,
2018-07-03,-1.96,-2.70,,
2018-07-04,-3.28,0.40,,
2018-07-05,-4.16,-0.29,,
2018-07-06,-5.98,0.63,,
2018-07-07,-4.98,0.88,,
2018-07-08,-5.37,-0.00,,
2018-07-09,-5.20,-1.01,,
2018-07-10,-1.90,-1.28,,
2018-07-11,-1.98,0.17,,
2018-07-12,-2.36,2.72,,
2018-07-13,-1.91,0.20,,
2018-07-14,-2.46,-0.95,,
2018-07-15,-2.07,-0.84,,
2018-07-16,-0.55,-0.92,,
2018-07-17,-1.73,1.35,,
2018-07-18,-2.21,1.73,,
2018-07-19,-1.23,2.32,,
2018-07-20,1.52,1.19,,
2018-07-21,2.90,0.94,,
2018-07-22,4.47,-1.12,,
2018-07-23,5.03,0.09,,
2018-07-24,4.85,2.69,,
2018-07-25,2.20,2.92,,
2018-07-26,-0.81,2.34,,
2018-07-27,-3.16,-1.28,,
2018-07-28,-3.90,-0.14,,
2018-07-29,-2.17,3.22,,
2018-07-30,-1.75,3.44,,
2018-07-31,-5.34,2.72,,
2018-08-01,-4.36,3.40,,
2018-08-02,-5.03,2.24,,
2018-08-03,-6.58,1.52,,
2018-08-04,-6.45,1.73,,
2018-08-05,-6.94,-0.00,,
2018-08-06,-6.11,-1.52,,
2018-08-07,-5.11,1.27,,
2018-08-08,-5.21,2.89,,
2018-08-09,-4.12,1.42,,
2018-08-10,-1.35,-1.73,,
2018-08-11,-0.90,-1.15,,
2018-08-12,-1.81,-0.42,,
2018-08-13,-2.97,1.58,,
2018-08-14,-4.13,1.11,,
2018-08-15,-5.90,1.58,,
2018-08-16,-6.48,2.10,,
2018-08-17,-6.36,0.89,,
2018-08-18,-5.78,-0.20,,
2018-08-19,-4.49,0.95,,
2018-08-20,-4.83,0.94,,
2018-08-21,-4.92,-0.52,,
2018-08-22,-2.52,-0.44,,
2018-08-23,-2.30,-0.75,,
2018-08-24,-3.26,1.12,,
2018-08-25,-4.79,1.74,,
2018-08-26,-5.98,0.63,,
2018-08-27,-6.25,0.77,,
2018-08-28,-6.47,1.26,,
2018-08-29,-6.44,1.14,,
2018-08-30,-6.74,1.68,,
2018-08-31,-7.50,1.46,,
2018-09-01,-7.36,0.39,,
2018-09-02,-8.03,-0.84,,
2018-09-03,-6.27,1.68,,
2018-09-04,-5.84,2.60,,
2018-09-05,-6.48,-1.50,,
2018-09-06,-5.74,-1.75,,
2018-09-07,-4.34,0.23,,
2018-09-08,1.43,3.21,,
2018-09-09,2.35,1.41,,
2018-09-10,-2.69,1.20,,
2018-09-11,-4.87,-0.77,,
2018-09-12,-3.46,-0.74,,
2018-09-13,-2.67,-0.05,,
2018-09-14,-1.91,0.07,,
2018-09-15,-1.16,-0.42,,
2018-09-16,-2.06,1.09,,
2018-09-17,-4.84,-0.42,,
2018-09-18,-5.50,-0.00,,
2018-09-19,-2.60,2.69,,
2018-09-20,-2.04,1.48,,
2018-09-21,-4.17,-1.20,,
2018-09-22,-3.67,0.45,,
2018-09-23,-3.94,0.35,,
2018-09-24,-4.31,-0.38,,
2018-09-25,-4.25,0.15,,
2018-09-26,-5.58,1.08,,
2018-09-27,-6.21,0.87,,
2018-09-28,-6.14,0.43,,
2018-09-29,-7.17,-1.66,,
2018-09-30,-7.42,-2.13,,
2018-10-01,-7.68,-2.20,,
2018-10-02,-7.29,-2.37,,
2018-10-03,-7.33,-2.38,,
2018-10-04,-7.09,-2.87,,
2018-10-05,-7.88,0.69,,
2018-10-06,-8.78,-0.31,,
2018-10-07,-10.00,0.35,,
2018-10-08,-11.00,3.58,,
2018-10-09,-8.73,7.33,,
2018-10-10,-2.01,8.05,,
2018-10-11,2.40,2.67,,
2018-10-12,2.51,0.67,,
2018-10-13,-1.08,-2.12,,
2018-10-14,-4.09,1.09,,
2018-10-15,-7.95,0.56,,
2018-10-16,-9.34,1.15,,
2018-10-17,-8.03,0.84,,
2018-10-18,-8.06,-1.57,,
2018-10-19,-8.08,-0.57,,
2018-10-20,-5.44,-0.00,,
2018-10-21,-1.30,-3.56,,
2018-10-22,-5.21,-2.43,,
2018-10-23,-5.94,-1.70,,
2018-10-24,-2.64,-1.99,,
2018-10-25,-3.38,-1.37,,
2018-10-26,2.61,2.19,,
2018-10-27,5.34,-1.94,,
2018-10-28,-1.21,-7.66,,
2018-10-29,-3.29,-4.36,,
2018-10-30,-4.81,-3.62,,
2018-10-31,-7.33,-1.69,,
2018-11-01,-5.95,4.32,,
2018-11-02,-1.67,5.15,,
2018-11-03,-4.35,-1.16,,
2018-11-04,-6.57,0.81,,
2018-11-05,-6.21,1.43,,
2018-11-06,-4.99,-0.09,,
2018-11-07,-5.46,-0.38,,
2018-11-08,-4.83,-0.94,,
2018-11-09,-5.09,-0.09,,
2018-11-10,-3.13,-2.19,,
2018-11-11,-4.84,-3.39,,
2018-11-12,-6.83,0.24,,
2018-11-13,-4.37,3.54,,
2018-11-14,-4.10,0.87,,
2018-11-15,1.70,-6.80,,
2018-11-16,1.30,-9.22,,
2018-11-17,-3.34,-6.28,,
2018-11-18,-7.37,-2.39,,
2018-11-19,-5.14,1.87,,
2018-11-20,-2.73,0.29,,
2018-11-21,-1.65,-5.39,,
2018-11-22,-2.92,-5.73,,
2018-11-23,-3.15,-2.38,,
2018-11-24,3.01,3.59,,
2018-11-25,3.53,-0.69,,
2018-11-26,1.03,2.02,,
2018-11-27,4.70,-3.67,,
2018-11-28,-0.16,-9.41,,
2018-11-29,-4.60,-4.00,,
2018-11-30,-6.36,0.45,,
2018-12-01,-5.74,5.74,,
2018-12-02,-2.81,5.52,,
2018-12-03,-1.62,3.65,,
2018-12-04,-2.18,-1.96,,
2018-12-05,-0.25,-7.04,,
2018-12-06,-6.33,-6.11,,
2018-12-07,-6.58,-4.27,,
2018-12-08,-6.42,-0.68,,
2018-12-09,-0.37,7.10,,
2018-12-10,5.31,-5.13,,
2018-12-11,2.21,-8.23,,
2018-12-12,-4.62,-4.62,,
2018-12-13,-4.83,3.91,,
2018-12-14,-5.73,5.73,,
2018-12-15,3.07,4.38,,
2018-12-16,1.20,-4.17,,
2018-12-17,-0.74,-4.66,,
2018-12-18,-0.79,-4.49,,
2018-12-19,-4.68,1.43,,
2018-12-20,-1.32,9.43,,
2018-12-21,13.00,2.06,,
2018-12-22,6.53,-5.67,,
2018-12-23,-2.38,-4.48,,
2018-12-24,-4.12,-5.47,,
2018-12-25,-5.31,-5.13,,
2018-12-26,-7.94,-3.87,,
2018-12-27,-9.83,1.03,,
2018-12-28,-6.55,4.42,,
2018-12-29,-5.48,2.10,,
2018-12-30,-6.14,1.76,,
2018-12-31,-7.10,2.72,,
2019-01-01,-6.04,2.20,,
2019-01-02,-6.94,0.36,,
2019-01-03,-3.97,3.45,,
2019-01-04,-1.12,3.44,,
2019-01-05,5.70,-2.54,,
2019-01-06,-0.10,-5.57,,
2019-01-07,-5.69,-1.31,,
2019-01-08,-5.26,-1.92,,
2019-01-09,-1.41,-4.90,,
2019-01-10,1.46,-8.26,,
2019-01-11,-3.56,-4.56,,
2019-01-12,-7.04,-0.00,,
2019-01-13,-3.10,0.83,,
2019-01-14,0.17,-4.86,,
2019-01-15,1.60,-6.93,,
2019-01-16,-0.25,-7.05,,
2019-01-17,-2.67,-5.72,,
2019-01-18,-2.98,-3.81,,
2019-01-19,-5.00,1.72,,
2019-01-20,8.86,0.15,,
2019-01-21,0.00,-8.01,,
2019-01-22,-9.71,-1.89,,
2019-01-23,-10.54,4.26,,
2019-01-24,-2.05,7.14,,
2019-01-25,-0.12,-7.10,,
2019-01-26,-2.87,-7.87,,
2019-01-27,-4.16,7.20,,
2019-01-28,3.01,-9.85,,
2019-01-29,0.31,-2.95,,
2019-01-30,-1.77,-2.19,,
2019-01-31,-4.73,-4.41,,
2019-02-01,-5.20,-2.43,,
2019-02-02,-3.39,0.30,,
2019-02-03,-1.66,-1.98,,
2019-02-04,-1.35,-3.51,,
2019-02-05,-1.50,-3.71,,
2019-02-06,-4.82,-2.15,,
2019-02-07,-6.38,-0.67,,
2019-02-08,-4.61,-3.73,,
2019-02-09,-4.39,-4.70,,
2019-02-10,-8.32,-1.62,,
2019-02-11,-7.12,1.13,,
2019-02-12,-4.85,3.79,,
2019-02-13,-4.16,-4.61,,
2019-02-14,-3.84,-7.22,,
2019-02-15,-2.50,-3.45,,
2019-02-16,-1.05,1.98,,
2019-02-17,-2.48,3.54,,
2019-02-18,-3.33,4.11,,
2019-02-19,-5.66,1.31,,
2019-02-20,-7.13,3.79,,
2019-02-21,-5.81,4.22,,
2019-02-22,-5.98,2.54,,
2019-02-23,-5.95,2.52,,
2019-02-24,-3.00,4.13,,
2019-02-25,-2.54,-2.06,,
2019-02-26,-6.77,0.71,,
2019-02-27,-3.42,1.45,,
2019-02-28,1.05,-3.90,,
2019-03-01,-3.56,-2.50,,
2019-03-02,-3.68,0.52,,
2019-03-03,-2.99,0.80,,
2019-03-04,2.11,1.37,,
2019-03-05,3.00,-2.52,,
2019-03-06,-1.33,-9.49,,
2019-03-07,-5.74,-3.18,,
2019-03-08,-6.81,0.48,,
2019-03-09,-6.28,2.79,,
2019-03-10,-4.87,2.81,,
2019-03-11,-5.59,0.29,,
2019-03-12,-2.84,-3.05,,
2019-03-13,-6.77,-2.20,,
2019-03-14,-9.09,1.28,,
2019-03-15,-7.04,3.59,,
2019-03-16,-3.50,3.04,,
2019-03-17,-2.26,-1.31,,
2019-03-18,-2.26,-4.08,,
2019-03-19,-6.27,-4.90,,
2019-03-20,-3.38,-6.94,,
2019-03-21,1.43,-6.74,,
2019-03-22,1.91,-7.66,,
2019-03-23,-2.65,-3.78,,
2019-03-24,-7.26,-0.51,,
2019-03-25,-5.44,-0.38,,
2019-03-26,-0.10,-2.73,,
2019-03-27,3.10,-6.64,,
2019-03-28,-4.11,-8.07,,
2019-03-29,-6.68,-5.03,,
2019-03-30,-5.53,-1.17,,
2019-03-31,-2.95,-0.10,,
2019-04-01,-3.06,0.38,,
2019-04-02,1.34,2.14,,
2019-04-03,-3.36,-4.46,,
2019-04-04,-6.77,0.12,,
2019-04-05,-6.05,2.69,,
2019-04-06,-6.36,1.58,,
2019-04-07,-7.76,1.65,,
2019-04-08,-6.75,3.90,,
2019-04-09,-1.89,5.49,,
2019-04-10,5.30,0.46,,
2019-04-11,1.88,-0.87,,
2019-04-12,-5.64,3.26,,
2019-04-13,-6.19,4.83,,
2019-04-14,-4.76,5.67,,
2019-04-15,5.73,-2.20,,
2019-04-16,-3.64,-5.60,,
2019-04-17,-6.90,-0.36,,
2019-04-18,-6.74,3.00,,
2019-04-19,-2.09,8.39,,
2019-04-20,7.37,-3.13,,
2019-04-21,1.28,-4.48,,
2019-04-22,-3.12,-2.52,,
2019-04-23,-5.55,-1.59,,
2019-04-24,-4.89,-0.43,,
2019-04-25,-4.36,2.94,,
2019-04-26,0.97,6.14,,
2019-04-27,1.82,-5.28,,
2019-04-28,-2.61,0.27,,
2019-04-29,-5.67,0.10,,
2019-04-30,-8.39,-0.44,,
2019-05-01,-8.94,-2.56,,
2019-05-02,-3.97,2.48,,
2019-05-03,-3.48,4.14,,
2019-05-04,-4.19,4.19,,
2019-05-05,-3.28,3.91,,
2019-05-06,-2.41,2.87,,
2019-05-07,-2.93,-1.56,,
2019-05-08,-5.27,-0.09,,
2019-05-09,-5.85,2.25,,
2019-05-10,-6.02,0.21,,
2019-05-11,-6.09,2.84,,
2019-05-12,-1.41,4.90,,
2019-05-13,1.33,4.34,,
2019-05-14,1.16,3.02,,
2019-05-15,3.34,0.59,,
2019-05-16,-3.56,-2.06,,
2019-05-17,-6.34,0.78,,
2019-05-18,-6.09,0.32,,
2019-05-19,-4.74,1.54,,
2019-05-20,-3.63,-0.19,,
2019-05-21,-3.31,1.83,,
2019-05-22,-6.25,1.33,,
2019-05-23,-9.01,-0.16,,
2019-05-24,-9.08,-1.60,,
2019-05-25,-8.74,-1.23,,
2019-05-26,-8.58,-0.90,,
2019-05-27,-7.20,-0.50,,
2019-05-28,-6.78,0.59,,
2019-05-29,-7.49,1.59,,
2019-05-30,-7.25,3.23,,
2019-05-31,-6.23,2.52,,
2019-06-01,-4.53,2.72,,
2019-06-02,-2.92,2.20,,
2019-06-03,-1.02,2.19,,
2019-06-04,-2.02,1.31,,
2019-06-05,-3.76,1.92,,
2019-06-06,-3.33,3.00,,
2019-06-07,-0.35,4.05,,
2019-06-08,-0.15,4.17,,
2019-06-09,-0.91,4.30,,
2019-06-10,-2.58,2.68,,
2019-06-11,-0.85,2.98,,
2019-06-12,-1.99,2.06,,
2019-06-13,0.93,2.29,,
2019-06-14,-1.28,-3.52,,
2019-06-15,-4.46,-0.23,,
2019-06-16,-5.98,1.60,,
2019-06-17,-3.68,4.23,,
2019-06-18,-4.07,4.22,,
2019-06-19,-3.33,3.58,,
2019-06-20,-3.35,2.71,,
2019-06-21,-4.09,1.49,,
2019-06-22,-4.25,1.72,,
2019-06-23,-3.10,0.83,,
2019-06-24,-2.26,0.65,,
2019-06-25,-2.35,0.25,,
2019-06-26,-2.52,-0.82,,
2019-06-27,-3.45,-1.99,,
2019-06-28,-5.15,-0.27,,
2019-06-29,-5.69,2.77,,
2019-06-30,-3.39,2.55,,
2019-07-01,-0.27,-1.72,,
2019-07-02,1.18,-3.64,,
2019-07-03,1.25,-3.86,,
2019-07-04,-3.68,-0.65,,
2019-07-05,-4.83,2.25,,
2019-07-06,-4.34,2.82,,
2019-07-07,-1.92,0.17,,
2019-07-08,2.24,-2.09,,
2019-07-09,2.37,1.92,,
2019-07-10,0.46,3.72,,
2019-07-11,-0.50,5.76,,
2019-07-12,-5.06,3.95,,
2019-07-13,-6.43,2.73,,
2019-07-14,-7.65,0.94,,
2019-07-15,-6.69,0.35,,
2019-07-16,-5.20,0.92,,
2019-07-17,-5.42,0.86,,
2019-07-18,-4.45,0.71,,
2019-07-19,-5.12,0.72,,
2019-07-20,-5.44,0.38,,
2019-07-21,-5.25,2.12,,
2019-07-22,-3.46,-0.24,,
2019-07-23,1.57,0.98,,
2019-07-24,2.89,2.42,,
2019-07-25,2.50,2.59,,
2019-07-26,-1.32,-0.38,,
2019-07-27,-2.36,-1.25,,
2019-07-28,-0.91,-2.49,,
2019-07-29,-2.42,-1.45,,
2019-07-30,-3.81,-0.33,,
2019-07-31,-5.07,-0.27,,
2019-08-01,-6.16,-0.65,,
2019-08-02,-3.06,4.89,,
2019-08-03,-0.23,4.40,,
2019-08-04,1.59,3.12,,
2019-08-05,-3.37,-2.93,,
2019-08-06,-3.13,-1.66,,
2019-08-07,-2.54,-1.18,,
2019-08-08,-1.21,-0.95,,
2019-08-09,0.57,-2.00,,
2019-08-10,0.45,-2.11,,
2019-08-11,0.59,-2.05,,
2019-08-12,2.22,0.08,,
2019-08-13,0.76,1.56,,
2019-08-14,-1.11,2.00,,
2019-08-15,0.73,2.91,,
2019-08-16,-1.68,3.30,,
2019-08-17,-2.91,2.53,,
2019-08-18,-5.44,0.76,,
2019-08-19,-6.65,-1.05,,
2019-08-20,-5.99,2.18,,
2019-08-21,-3.83,1.70,,
2019-08-22,-3.12,-1.39,,
2019-08-23,-0.84,-3.15,,
2019-08-24,3.33,-0.65,,
2019-08-25,2.57,2.48,,
2019-08-26,2.29,1.86,,
2019-08-27,1.57,-1.87,,
2019-08-28,2.32,-3.71,,
2019-08-29,2.59,-3.70,,
2019-08-30,-4.24,-0.15,,
2019-08-31,-5.26,2.56,,
2019-09-01,-0.42,3.00,,
2019-09-02,6.51,-2.11,,
2019-09-03,7.00,-3.26,,
2019-09-04,6.29,0.55,,
2019-09-05,4.14,0.66,,
2019-09-06,3.72,-1.28,,
2019-09-07,3.19,0.00,,
2019-09-08,-0.43,1.85,,
2019-09-09,-5.68,1.52,,
2019-09-10,-7.14,0.12,,
2019-09-11,-7.52,-3.67,,
2019-09-12,-6.89,-4.47,,
2019-09-13,-5.47,-3.83,,
2019-09-14,-5.62,-0.79,,
2019-09-15,2.65,-0.09,,
2019-09-16,4.40,-1.60,,
2019-09-17,1.19,-3.89,,
2019-09-18,-1.63,-6.09,,
2019-09-19,-6.03,-5.06,,
2019-09-20,-9.37,-4.37,,
2019-09-21,-10.09,-4.08,,
2019-09-22,-10.73,-5.00,,
2019-09-23,-7.52,-4.70,,
2019-09-24,-4.29,-3.36,,
2019-09-25,-3.46,-2.70,,
2019-09-26,-4.89,-1.97,,
2019-09-27,-6.60,-0.46,,
2019-09-28,-6.78,0.36,,
2019-09-29,-5.67,-2.65,,
2019-09-30,-8.28,-4.22,,
2019-10-01,-8.12,-4.32,,
2019-10-02,-8.88,-2.21,,
2019-10-03,-7.93,0.97,,
2019-10-04,-6.22,0.65,,
2019-10-05,-6.33,-0.66,,
2019-10-06,-7.98,-1.99,,
2019-10-07,-4.58,1.49,,
2019-10-08,3.85,4.27,,
2019-10-09,3.18,1.09,,
2019-10-10,-1.49,-3.20,,
2019-10-11,-4.41,-3.09,,
2019-10-12,-5.81,-2.35,,
2019-10-13,-6.95,0.24,,
2019-10-14,-6.15,1.53,,
2019-10-15,-6.39,0.56,,
2019-10-16,-0.36,4.14,,
2019-10-17,1.16,-0.62,,
2019-10-18,-1.56,3.34,,
2019-10-19,-0.97,7.88,,
2019-10-20,2.66,3.66,,
2019-10-21,-1.97,3.03,,
2019-10-22,-2.32,0.62,,
2019-10-23,-4.27,-1.72,,
2019-10-24,-7.75,-0.41,,
2019-10-25,-9.14,1.45,,
2019-10-26,-4.27,5.46,,
2019-10-27,-2.31,3.56,,
2019-10-28,-5.08,1.85,,
2019-10-29,-6.49,0.91,,
2019-10-30,-6.78,0.83,,
2019-10-31,-4.43,1.11,,
2019-11-01,-2.53,-1.84,,
2019-11-02,-2.91,-2.81,,
2019-11-03,-3.99,-3.86,,
2019-11-04,-6.75,-0.12,,
2019-11-05,-6.15,0.86,,
2019-11-06,-5.86,-1.46,,
2019-11-07,-7.59,-1.34,,
2019-11-08,-3.80,-1.02,,
2019-11-09,-3.09,-3.96,,
2019-11-10,-8.01,-5.01,,
2019-11-11,-7.92,-1.68,,
2019-11-12,-4.42,0.39,,
2019-11-13,-2.42,-3.33,,
2019-11-14,-5.52,-1.28,,
2019-11-15,1.12,3.89,,
2019-11-16,4.62,-7.12,,
2019-11-17,2.79,-7.68,,
2019-11-18,0.17,-4.86,,
2019-11-19,4.64,-2.90,,
2019-11-20,-2.01,-7.01,,
2019-11-21,-5.49,-4.44,,
2019-11-22,-6.29,-1.80,,
2019-11-23,-5.87,2.02,,
2019-11-24,3.81,2.87,,
2019-11-25,-1.43,-3.72,,
2019-11-26,-3.80,-2.02,,
2019-11-27,-5.21,-0.92,,
2019-11-28,-2.59,-4.67,,
2019-11-29,-2.00,-4.72,,
2019-11-30,-4.55,-2.32,,
2019-12-01,-2.28,4.28,,
2019-12-02,5.69,-1.21,,
2019-12-03,2.56,-6.02,,
2019-12-04,3.69,-2.99,,
2019-12-05,-0.97,-4.56,,
2019-12-06,-3.26,-2.73,,
2019-12-07,-1.67,-3.13,,
2019-12-08,-4.56,-2.53,,
2019-12-09,-5.10,0.99,,
2019-12-10,-5.00,2.89,,
2019-12-11,-3.14,0.05,,
2019-12-12,-5.61,-2.15,,
2019-12-13,-3.97,2.58,,
2019-12-14,5.40,2.18,,
2019-12-15,-3.58,-4.42,,
2019-12-16,-6.56,0.57,,
2019-12-17,-5.00,3.91,,
2019-12-18,2.66,-3.79,,
2019-12-19,-5.78,-9.24,,
2019-12-20,-10.57,-6.35,,
2019-12-21,-11.02,-0.96,,
2019-12-22,-9.15,4.27,,
2019-12-23,8.64,1.52,,
2019-12-24,8.70,-4.43,,
2019-12-25,-0.63,-6.04,,
2019-12-26,-3.89,-4.80,,
2019-12-27,-6.86,0.24,,
2019-12-28,-4.79,0.84,,
2019-12-29,-4.69,3.28,,
2019-12-30,-3.12,2.35,,
2019-12-31,-0.73,-3.76,,
2020-01-01,-2.08,-4.68,,
2020-01-02,-5.15,2.29,,
2020-01-03,-5.11,5.29,,
2020-01-04,0.10,5.98,,
2020-01-05,0.51,-9.82,,
2020-01-06,-4.09,-4.88,,
2020-01-07,-3.56,-4.56,,
2020-01-08,-3.27,-7.01,,
2020-01-09,-9.27,-2.48,,
2020-01-10,-11.30,0.20,,
2020-01-11,-10.00,3.25,,
2020-01-12,-7.28,2.65,,
2020-01-13,-8.49,0.44,,
2020-01-14,-7.72,0.95,,
2020-01-15,-7.55,0.53,,
2020-01-16,-6.04,-2.44,,
2020-01-17,-5.44,-3.14,,
2020-01-18,-10.80,-0.57,,
2020-01-19,-6.25,3.05,,
2020-01-20,1.14,-5.84,,
2020-01-21,1.24,-10.10,,
2020-01-22,2.97,-11.10,,
2020-01-23,-2.41,-5.18,,
2020-01-24,-3.50,-0.94,,
2020-01-25,-0.31,-4.38,,
2020-01-26,0.00,-6.87,,
2020-01-27,-1.16,-1.43,,
2020-01-28,3.72,-2.24,,
2020-01-29,0.89,-3.10,,
2020-01-30,5.72,-3.44,,
2020-01-31,-3.99,-0.70,,
2020-02-01,5.19,4.20,,
2020-02-02,2.52,-8.25,,
2020-02-03,-2.44,-3.76,,
2020-02-04,-5.13,2.50,,
2020-02-05,-4.92,3.84,,
2020-02-06,-2.67,7.33,,
2020-02-07,8.36,4.26,,
2020-02-08,-3.60,-6.23,,
2020-02-09,-7.58,-3.53,,
2020-02-10,-8.72,-0.76,,
2020-02-11,-5.71,1.53,,
2020-02-12,-4.88,2.49,,
2020-02-13,-4.47,4.17,,
2020-02-14,-2.75,0.29,,
2020-02-15,-2.95,-4.91,,
2020-02-16,-5.25,0.28,,
2020-02-17,-3.37,0.65,,
2020-02-18,-6.04,1.17,,
2020-02-19,-4.47,1.81,,
2020-02-20,-3.77,1.30,,
2020-02-21,2.78,-5.95,,
2020-02-22,-4.64,-9.52,,
2020-02-23,-8.94,-3.79,,
2020-02-24,-7.01,2.97,,
2020-02-25,-3.88,6.21,,
2020-02-26,-1.31,4.90,,
2020-02-27,2.56,-8.93,,
2020-02-28,2.97,-7.74,,
2020-02-29,2.10,-7.83,,
2020-03-01,-6.08,-5.29,,
2020-03-02,-7.92,4.39,,
2020-03-03,-4.66,5.17,,
2020-03-04,-4.50,3.52,,
2020-03-05,-1.74,3.41,,
2020-03-06,4.74,-3.57,,
2020-03-07,-2.41,-9.68,,
2020-03-08,-10.69,-4.10,,
2020-03-09,-11.81,-1.03,,
2020-03-10,-9.25,-0.16,,
2020-03-11,-5.26,-2.68,,
2020-03-12,-4.91,-1.99,,
2020-03-13,-5.14,-2.29,,
2020-03-14,-6.60,-1.04,,
2020-03-15,-5.73,-0.50,,
2020-03-16,-5.68,-0.80,,
2020-03-17,-7.23,1.15,,
2020-03-18,-7.72,0.68,,
2020-03-19,-8.57,1.51,,
2020-03-20,-8.65,1.37,,
2020-03-21,-7.08,1.38,,
2020-03-22,-6.25,0.22,,
2020-03-23,-5.72,1.86,,
2020-03-24,-4.69,3.04,,
2020-03-25,-1.52,3.41,,
2020-03-26,0.33,-2.38,,
2020-03-27,-3.86,-0.07,,
2020-03-28,-6.98,2.13,,
2020-03-29,-7.19,3.35,,
2020-03-30,-5.56,2.36,,
2020-03-31,-1.29,4.22,,
2020-04-01,6.08,-2.58,,
2020-04-02,0.70,-4.44,,
2020-04-03,-4.10,1.25,,
2020-04-04,-3.92,1.83,,
2020-04-05,-2.78,4.13,,
2020-04-06,1.92,-2.64,,
2020-04-07,1.18,-2.64,,
2020-04-08,1.11,-2.09,,
2020-04-09,3.35,-0.77,,
2020-04-10,4.61,-0.24,,
2020-04-11,0.42,-2.37,,
2020-04-12,-5.81,3.49,,
2020-04-13,-4.39,6.04,,
2020-04-14,-4.51,3.65,,
2020-04-15,-2.31,5.44,,
2020-04-16,0.21,-2.02,,
2020-04-17,-5.32,-1.33,,
2020-04-18,-1.84,2.04,,
2020-04-19,-3.86,2.32,,
2020-04-20,3.53,5.43,,
2020-04-21,5.31,0.09,,
2020-04-22,-1.62,-4.98,,
2020-04-23,-6.58,4.96,,
2020-04-24,-2.10,5.76,,
2020-04-25,0.47,5.39,,
2020-04-26,-1.91,2.73,,
2020-04-27,-0.49,-5.55,,
2020-04-28,-5.70,-2.91,,
2020-04-29,-6.11,2.47,,
2020-04-30,0.36,6.86,,
2020-05-01,1.34,-6.32,,
2020-05-02,-3.67,-2.87,,
2020-05-03,-6.35,-0.67,,
2020-05-04,-3.85,0.40,,
2020-05-05,-2.53,1.40,,
2020-05-06,1.36,-1.88,,
2020-05-07,1.97,-6.85,,
2020-05-08,-6.44,-0.68,,
2020-05-09,-3.83,-0.27,,
2020-05-10,-7.53,-1.74,,
2020-05-11,-5.24,-5.62,,
2020-05-12,-8.13,-3.29,,
2020-05-13,-10.42,-2.03,,
2020-05-14,-10.64,-1.68,,
2020-05-15,-8.27,-4.03,,
2020-05-16,0.93,-2.18,,
2020-05-17,-0.28,2.68,,
2020-05-18,-0.31,3.50,,
2020-05-19,1.66,4.56,,
2020-05-20,2.52,2.35,,
2020-05-21,-3.31,1.83,,
2020-05-22,-6.23,1.55,,
2020-05-23,-6.75,1.43,,
2020-05-24,-6.90,2.93,,
2020-05-25,-2.63,8.10,,
2020-05-26,2.16,5.93,,
2020-05-27,-0.00,3.40,,
2020-05-28,-3.65,1.63,,
2020-05-29,-5.49,1.57,,
2020-05-30,-5.60,1.09,,
2020-05-31,-4.88,0.43,,
2020-06-01,-3.49,2.27,,
2020-06-02,-5.89,1.69,,
2020-06-03,-5.43,1.45,,
2020-06-04,-4.96,3.22,,
2020-06-05,-6.79,3.31,,
2020-06-06,-6.20,6.88,,
2020-06-07,-2.79,7.66,,
2020-06-08,-2.05,5.08,,
2020-06-09,-4.07,1.90,,
2020-06-10,-4.07,0.50,,
2020-06-11,-3.92,-1.12,,
2020-06-12,-4.57,-1.75,,
2020-06-13,-4.50,0.24,,
2020-06-14,-3.59,0.06,,
2020-06-15,-2.25,-1.46,,
2020-06-16,-3.33,-1.28,,
2020-06-17,-4.03,1.08,,
2020-06-18,-4.17,1.27,,
2020-06-19,-4.78,1.19,,
2020-06-20,-4.23,0.15,,
2020-06-21,-3.04,0.54,,
2020-06-22,-3.47,1.62,,
2020-06-23,-3.72,1.14,,
2020-06-24,-3.52,1.01,,
2020-06-25,-5.50,1.27,,
2020-06-26,-7.13,0.37,,
2020-06-27,-7.12,0.37,,
2020-06-28,-5.57,1.39,,
2020-06-29,-3.64,2.19,,
2020-06-30,-2.39,0.78,,
2020-07-01,-1.97,0.92,,
2020-07-02,-2.51,0.77,,
2020-07-03,-1.32,0.64,,
2020-07-04,1.40,0.22,,
2020-07-05,1.62,1.09,,
2020-07-06,-1.25,2.35,,
2020-07-07,-3.87,-0.20,,
2020-07-08,-2.89,-0.88,,
2020-07-09,-1.30,-2.17,,
2020-07-10,2.02,-1.88,,
2020-07-11,4.43,-0.78,,
2020-07-12,5.25,1.61,,
2020-07-13,4.05,2.07,,
2020-07-14,1.63,-0.09,,
2020-07-15,-1.82,-1.23,,
2020-07-16,-4.04,-1.97,,
2020-07-17,-6.93,-0.85,,
2020-07-18,-7.66,0.67,,
2020-07-19,-6.74,0.83,,
2020-07-20,-6.78,-0.00,,
2020-07-21,-8.77,3.19,,
2020-07-22,-6.84,4.28,,
2020-07-23,-6.81,2.75,,
2020-07-24,-7.29,2.80,,
2020-07-25,-6.77,0.95,,
2020-07-26,-5.01,3.25,,
2020-07-27,-5.77,1.44,,
2020-07-28,-5.69,1.21,,
2020-07-29,-5.73,0.70,,
2020-07-30,-5.87,-0.93,,
2020-07-31,-6.58,-1.89,,
2020-08-01,-5.74,-4.81,,
2020-08-02,1.96,-5.12,,
2020-08-03,3.10,1.13,,
2020-08-04,0.38,1.66,,
2020-08-05,-1.91,2.28,,
2020-08-06,-1.92,2.85,,
2020-08-07,-3.96,0.21,,
2020-08-08,-4.85,-1.39,,
2020-08-09,-4.51,-0.55,,
2020-08-10,-5.03,-0.09,,
2020-08-11,-4.13,-0.14,,
2020-08-12,-5.04,0.53,,
2020-08-13,-5.38,1.05,,
2020-08-14,-5.00,1.15,,
2020-08-15,-3.65,1.62,,
2020-08-16,-2.51,0.49,,
2020-08-17,-1.81,-0.55,,
2020-08-18,-1.46,1.36,,
2020-08-19,-1.87,2.08,,
2020-08-20,-2.20,2.35,,
2020-08-21,-3.53,2.96,,
2020-08-22,-6.44,3.72,,
2020-08-23,-8.21,2.83,,
2020-08-24,-11.58,2.04,,
2020-08-25,-10.10,6.31,,
2020-08-26,-6.17,1.77,,
2020-08-27,-4.57,3.20,,
2020-08-28,-3.11,3.33,,
2020-08-29,-2.68,2.59,,
2020-08-30,-0.68,1.97,,
2020-08-31,-1.79,0.91,,
2020-09-01,-4.75,-0.33,,
2020-09-02,-6.28,-0.88,,
2020-09-03,-7.38,1.30,,
2020-09-04,-7.11,-0.00,,
2020-09-05,-6.54,-0.57,,
2020-09-06,-5.77,-1.02,,
2020-09-07,-5.39,-1.34,,
2020-09-08,-3.00,1.95,,
2020-09-09,-1.83,3.17,,
2020-09-10,-3.32,0.77,,
2020-09-11,-2.85,-0.40,,
2020-09-12,5.48,0.29,,
2020-09-13,-1.05,8.58,,
2020-09-14,-3.24,4.30,,
2020-09-15,-4.18,3.90,,
2020-09-16,-3.15,4.34,,
2020-09-17,-1.55,4.27,,
2020-09-18,1.70,2.10,,
2020-09-19,1.09,-2.06,,
2020-09-20,0.89,-2.01,,
2020-09-21,-3.38,-2.83,,
2020-09-22,-8.84,-3.22,,
2020-09-23,-8.91,-0.94,,
2020-09-24,-5.97,2.29,,
2020-09-25,1.26,4.39,,
2020-09-26,1.59,2.11,,
2020-09-27,1.16,-0.67,,
2020-09-28,-1.56,-1.30,,
2020-09-29,-1.63,3.49,,
2020-09-30,1.14,-1.97,,
2020-10-01,-4.21,-0.67,,
2020-10-02,-3.36,-0.00,,
2020-10-03,-6.45,-1.02,,
2020-10-04,-6.96,3.10,,
2020-10-05,-7.85,3.17,,
2020-10-06,-8.62,2.15,,
2020-10-07,-8.83,3.93,,
2020-10-08,-6.92,3.23,,
2020-10-09,-7.15,2.75,,
2020-10-10,-3.26,5.02,,
2020-10-11,0.60,3.38,,
2020-10-12,0.86,-1.77,,
2020-10-13,0.10,-5.80,,
2020-10-14,-4.58,-3.71,,
2020-10-15,-5.66,-0.30,,
2020-10-16,-4.02,0.64,,
2020-10-17,-6.00,-3.75,,
2020-10-18,-7.29,-4.92,,
2020-10-19,-9.98,-2.67,,
2020-10-20,-9.92,0.17,,
2020-10-21,-8.34,-0.00,,
2020-10-22,-8.48,0.89,,
2020-10-23,-8.97,1.26,,
2020-10-24,-8.12,0.28,,
2020-10-25,-3.08,4.94,,
2020-10-26,-7.05,4.94,,
2020-10-27,-7.77,3.46,,
2020-10-28,-7.66,2.20,,
2020-10-29,-4.07,3.80,,
2020-10-30,-2.10,0.94,,
2020-10-31,-4.17,-2.50,,
2020-11-01,-5.97,-1.71,,
2020-11-02,-4.52,-6.70,,
2020-11-03,-10.15,-7.93,,
2020-11-04,-9.72,-6.81,,
2020-11-05,-11.05,-3.38,,
2020-11-06,-9.67,-2.41,,
2020-11-07,-11.06,-1.75,,
2020-11-08,-10.71,-5.93,,
2020-11-09,-9.50,3.84,,
2020-11-10,-7.79,6.77,,
2020-11-11,-3.10,12.42,,
2020-11-12,2.34,4.60,,
2020-11-13,-2.42,-1.57,,
2020-11-14,-5.50,-2.22,,
2020-11-15,-6.16,0.87,,
2020-11-16,-5.50,-2.45,,
2020-11-17,-6.28,-5.65,,
2020-11-18,-8.32,-8.32,,
2020-11-19,-10.44,-6.27,,
2020-11-20,-8.36,-6.53,,
2020-11-21,-7.55,-5.90,,
2020-11-22,-5.41,-4.70,,
2020-11-23,-2.90,-5.01,,
2020-11-24,-6.35,-5.72,,
2020-11-25,-8.79,0.15,,
2020-11-26,-7.22,1.40,,
2020-11-27,-5.68,-1.84,,
2020-11-28,-3.82,-1.02,,
2020-11-29,-3.92,1.83,,
2020-11-30,2.98,5.85,,
2020-12-01,1.06,-10.10,,
2020-12-02,-6.71,-6.04,,
2020-12-03,-8.81,-2.03,,
2020-12-04,-7.31,2.66,,
2020-12-05,-2.16,2.49,,
2020-12-06,-2.79,-1.61,,
2020-12-07,6.96,2.67,,
2020-12-08,4.02,-8.24,,
2020-12-09,0.90,-7.32,,
2020-12-10,-2.21,-5.48,,
2020-12-11,-3.99,-4.28,,
2020-12-12,-4.57,-1.76,,
2020-12-13,-3.25,1.31,,
2020-12-14,-2.12,3.26,,
2020-12-15,-1.43,-1.12,,
2020-12-16,-2.51,3.00,,
2020-12-17,3.99,-1.30,,
2020-12-18,-2.21,-8.24,,
2020-12-19,-6.94,-4.51,,
2020-12-20,-5.14,2.62,,
2020-12-21,4.18,-2.93,,
2020-12-22,-3.14,-6.72,,
2020-12-23,-5.84,-3.24,,
2020-12-24,-3.70,3.33,,
2020-12-25,2.86,-8.80,,
2020-12-26,-0.73,-8.40,,
2020-12-27,-1.61,-4.42,,
2020-12-28,-4.46,-4.78,,
2020-12-29,-5.86,-5.09,,
2020-12-30,-9.00,-1.43,,
2020-12-31,-8.86,4.91,,
2021-01-01,-7.04,5.31,,
2021-01-02,-4.02,5.15,,
2021-01-03,-1.14,3.99,,
2021-01-04,-0.57,-4.66,,
2021-01-05,0.35,-6.62,,
2021-01-06,-2.26,-5.58,,
2021-01-07,-3.33,2.42,,
2021-01-08,6.34,-0.11,,
2021-01-09,4.48,-6.64,,
2021-01-10,-1.68,-5.85,,
2021-01-11,-5.42,0.47,,
2021-01-12,-2.12,-3.15,,
2021-01-13,-2.07,-6.78,,
2021-01-14,-2.95,-6.34,,
2021-01-15,-1.66,-3.26,,
2021-01-16,5.84,-4.09,,
2021-01-17,-1.00,-4.35,,
2021-01-18,-0.31,-3.59,,
2021-01-19,-5.59,-4.69,,
2021-01-20,-4.77,-4.61,,
2021-01-21,-2.24,-3.59,,
2021-01-22,-2.67,-0.47,,
2021-01-23,-1.44,-1.92,,
2021-01-24,-2.84,-2.22,,
2021-01-25,-4.60,2.05,,
2021-01-26,-2.76,3.41,,
2021-01-27,-2.21,1.92,,
2021-01-28,2.08,-5.72,,
2021-01-29,-5.03,-6.67,,
2021-01-30,-6.97,0.49,,
2021-01-31,-5.01,4.67,,
2021-02-01,7.25,-1.02,,
2021-02-02,9.19,-7.71,,
2021-02-03,4.19,-6.45,,
2021-02-04,-1.42,-3.71,,
2021-02-05,-2.46,3.38,,
2021-02-06,-3.30,3.80,,
2021-02-07,1.93,5.93,,
2021-02-08,-2.20,-2.05,,
2021-02-09,-4.14,0.07,,
2021-02-10,-5.25,0.09,,
2021-02-11,-5.40,2.18,,
2021-02-12,-4.07,3.07,,
2021-02-13,-3.23,4.44,,
2021-02-14,-1.53,5.34,,
2021-02-15,-1.79,4.42,,
2021-02-16,2.20,5.45,,
2021-02-17,-5.43,1.06,,
2021-02-18,-4.00,4.44,,
2021-02-19,-0.93,4.35,,
2021-02-20,0.77,-8.80,,
2021-02-21,-9.13,-5.49,,
2021-02-22,-8.43,1.49,,
2021-02-23,-4.18,-0.97,,
2021-02-24,-0.27,-3.14,,
2021-02-25,-1.72,-4.73,,
2021-02-26,-5.46,0.19,,
2021-02-27,-7.55,2.31,,
2021-02-28,-8.51,2.60,,
2021-03-01,-5.62,3.93,,
2021-03-02,-3.66,3.07,,
2021-03-03,3.79,2.28,,
2021-03-04,4.45,-6.35,,
2021-03-05,-0.98,-5.56,,
2021-03-06,-2.49,3.84,,
2021-03-07,1.78,-8.39,,
2021-03-08,-7.75,-8.02,,
2021-03-09,-10.43,-3.80,,
2021-03-10,-9.56,-4.06,,
2021-03-11,-8.90,-0.62,,
2021-03-12,-8.09,-2.63,,
2021-03-13,-7.30,-1.96,,
2021-03-14,-5.79,1.34,,
2021-03-15,-5.19,1.69,,
2021-03-16,-6.65,4.15,,
2021-03-17,-5.85,4.74,,
2021-03-18,-1.94,5.34,,
2021-03-19,4.82,-1.85,,
2021-03-20,2.17,-7.57,,
2021-03-21,2.37,-6.16,,
2021-03-22,4.72,-4.40,,
2021-03-23,1.44,-1.44,,
2021-03-24,-4.27,3.22,,
2021-03-25,-6.33,3.81,,
2021-03-26,-6.06,3.50,,
2021-03-27,-7.02,1.75,,
2021-03-28,-6.29,3.34,,
2021-03-29,-4.24,0.60,,
2021-03-30,-6.62,1.17,,
2021-03-31,-6.19,2.89,,
2021-04-01,-2.97,-2.49,,
2021-04-02,-1.98,-10.20,,
2021-04-03,-9.06,-5.88,,
2021-04-04,-8.67,-3.16,,
2021-04-05,-7.00,-1.49,,
2021-04-06,-6.41,-0.67,,
2021-04-07,-6.13,0.75,,
2021-04-08,-5.56,2.59,,
2021-04-09,-5.11,3.19,,
2021-04-10,-5.60,5.60,,
2021-04-11,-0.31,5.89,,
2021-04-12,-5.51,5.70,,
2021-04-13,-4.48,-3.14,,
2021-04-14,-6.21,0.33,,
2021-04-15,-4.75,3.58,,
2021-04-16,-0.10,2.95,,
2021-04-17,1.87,3.84,,
2021-04-18,-1.48,3.32,,
2021-04-19,0.61,5.84,,
2021-04-20,2.38,4.67,,
2021-04-21,4.63,1.60,,
2021-04-22,-1.34,-4.37,,
2021-04-23,-5.42,-0.57,,
2021-04-24,-6.03,4.38,,
2021-04-25,3.07,3.41,,
2021-04-26,0.67,-3.44,,
2021-04-27,-6.62,-1.17,,
2021-04-28,-8.54,0.90,,
2021-04-29,-6.82,3.18,,
2021-04-30,-4.03,3.15,,
2021-05-01,-2.35,-1.52,,
2021-05-02,-3.88,3.26,,
2021-05-03,-3.72,4.76,,
2021-05-04,-4.82,5.17,,
2021-05-05,-3.16,3.64,,
2021-05-06,-2.68,1.25,,
2021-05-07,0.40,-3.29,,
2021-05-08,0.31,-5.98,,
2021-05-09,-5.16,2.74,,
2021-05-10,-4.76,3.99,,
2021-05-11,-4.66,1.42,,
2021-05-12,-3.56,2.31,,
2021-05-13,-0.83,-2.06,,
2021-05-14,-2.77,-4.11,,
2021-05-15,-4.43,-2.66,,
2021-05-16,-6.91,-2.25,,
2021-05-17,-7.92,-0.14,,
2021-05-18,-8.70,-0.30,,
2021-05-19,-10.61,0.74,,
2021-05-20,-10.63,0.74,,
2021-05-21,-11.88,-1.25,,
2021-05-22,-10.42,-2.03,,
2021-05-23,-9.04,-0.79,,
2021-05-24,-7.60,0.27,,
2021-05-25,-6.92,0.36,,
2021-05-26,-7.00,0.86,,
2021-05-27,-4.70,1.08,,
2021-05-28,-3.36,2.10,,
2021-05-29,-1.56,1.41,,
2021-05-30,-1.91,-0.27,,
2021-05-31,-4.73,-0.67,,
2021-06-01,-7.05,-0.62,,
2021-06-02,-5.39,0.85,,
2021-06-03,-5.03,3.27,,
2021-06-04,-4.48,3.76,,
2021-06-05,-6.30,2.67,,
2021-06-06,-7.25,4.02,,
2021-06-07,-8.03,3.74,,
2021-06-08,-7.32,2.52,,
2021-06-09,-6.51,1.27,,
2021-06-10,-5.58,1.81,,
2021-06-11,-4.18,3.90,,
2021-06-12,0.26,2.45,,
2021-06-13,3.93,1.13,,
2021-06-14,2.84,4.54,,
2021-06-15,0.55,4.48,,
2021-06-16,-3.41,1.81,,
2021-06-17,-5.67,0.40,,
2021-06-18,-7.10,2.73,,
2021-06-19,-5.48,3.56,,
2021-06-20,-1.64,3.22,,
2021-06-21,-3.24,3.02,,
2021-06-22,-3.23,4.29,,
2021-06-23,-3.01,0.53,,
2021-06-24,-5.72,-1.53,,
2021-06-25,-7.00,0.24,,
2021-06-26,-6.56,1.27,,
2021-06-27,-6.53,0.92,,
2021-06-28,-5.94,1.15,,
2021-06-29,-5.70,2.30,,
2021-06-30,-5.30,0.93,,
2021-07-01,-2.46,1.92,,
2021-07-02,2.15,1.00,,
2021-07-03,2.38,-1.01,,
2021-07-04,-1.81,-3.01,,
2021-07-05,-7.41,-0.52,,
2021-07-06,-10.90,10.16,,
2021-07-07,-0.60,5.72,,
2021-07-08,-2.90,2.61,,
2021-07-09,-5.98,1.05,,
2021-07-10,-5.45,-1.26,,
2021-07-11,-6.25,0.22,,
2021-07-12,-7.59,0.93,,
2021-07-13,-8.13,1.00,,
2021-07-14,-6.57,0.23,,
2021-07-15,-6.16,-2.00,,
2021-07-16,-6.55,0.80,,
2021-07-17,-5.73,1.22,,
2021-07-18,-5.72,1.22,,
2021-07-19,-5.37,0.85,,
2021-07-20,-3.68,2.21,,
2021-07-21,-2.71,1.97,,
2021-07-22,-1.84,-1.24,,
2021-07-23,-1.74,-1.57,,
2021-07-24,1.90,-1.01,,
2021-07-25,1.46,1.10,,
2021-07-26,-1.61,2.58,,
2021-07-27,1.57,1.75,,
2021-07-28,-0.73,-2.00,,
2021-07-29,-2.56,-0.98,,
2021-07-30,-3.62,0.77,,
2021-07-31,-3.02,2.27,,
2021-08-01,-1.77,2.18,,
2021-08-02,-1.14,2.24,,
2021-08-03,0.95,2.48,,
2021-08-04,-2.30,3.41,,
2021-08-05,-3.77,1.84,,
2021-08-06,-2.51,1.76,,
2021-08-07,-3.57,0.96,,
2021-08-08,-3.42,0.30,,
2021-08-09,-4.29,0.68,,
2021-08-10,-6.07,-0.11,,
2021-08-11,-6.61,-0.46,,
2021-08-12,-5.98,-2.42,,
2021-08-13,-6.90,-1.98,,
2021-08-14,-10.73,2.68,,
2021-08-15,-6.89,6.89,,
2021-08-16,-2.28,4.48,,
2021-08-17,-4.65,1.24,,
2021-08-18,-8.19,1.30,,
2021-08-19,-6.66,1.54,,
2021-08-20,-3.51,-0.56,,
2021-08-21,-3.37,0.78,,
2021-08-22,-4.96,1.05,,
2021-08-23,-3.86,1.64,,
2021-08-24,-6.27,2.92,,
2021-08-25,-6.68,-1.54,,
2021-08-26,-9.06,-0.00,,
2021-08-27,-9.16,1.29,,
2021-08-28,-8.62,6.74,,
2021-08-29,-4.64,2.90,,
2021-08-30,-3.58,1.23,,
2021-08-31,-0.76,1.21,,
2021-09-01,1.56,0.51,,
2021-09-02,2.47,0.90,,
2021-09-03,1.52,-1.23,,
2021-09-04,1.55,-1.08,,
2021-09-05,1.37,-0.99,,
2021-09-06,0.94,0.31,,
2021-09-07,-0.70,1.83,,
2021-09-08,-1.83,2.82,,
2021-09-09,-0.81,2.24,,
2021-09-10,-2.23,1.13,,
2021-09-11,-4.69,1.35,,
2021-09-12,-7.04,0.37,,
2021-09-13,-6.15,-0.32,,
2021-09-14,-4.83,0.25,,
2021-09-15,-2.80,3.00,,
2021-09-16,-0.08,4.68,,
2021-09-17,-1.19,1.76,,
2021-09-18,-3.00,-1.33,,
2021-09-19,-2.75,-0.95,,
2021-09-20,-3.44,-1.83,,
2021-09-21,-3.65,-2.02,,
2021-09-22,-2.56,-2.00,,
2021-09-23,-0.65,0.81,,
2021-09-24,-1.19,0.81,,
2021-09-25,-1.44,0.23,,
2021-09-26,-2.90,-1.35,,
2021-09-27,-5.26,-2.68,,
2021-09-28,-5.18,-2.76,,
2021-09-29,-4.88,-1.22,,
2021-09-30,-4.90,-1.31,,
2021-10-01,-6.70,-0.35,,
2021-10-02,-7.89,-0.69,,
2021-10-03,-7.03,-1.49,,
2021-10-04,-4.81,-0.68,,
2021-10-05,-4.83,0.68,,
2021-10-06,-5.09,2.38,,
2021-10-07,-5.76,1.44,,
2021-10-08,-4.32,2.02,,
2021-10-09,2.65,-1.47,,
2021-10-10,2.25,-1.15,,
2021-10-11,-1.69,-1.18,,
2021-10-12,-3.14,1.46,,
2021-10-13,-5.27,2.02,,
2021-10-14,-4.63,-0.00,,
2021-10-15,-3.30,-0.76,,
2021-10-16,-2.45,0.34,,
2021-10-17,-0.05,-2.93,,
2021-10-18,-4.99,-1.92,,
2021-10-19,-7.83,-1.66,,
2021-10-20,-7.83,-1.95,,
2021-10-21,-8.55,-1.97,,
2021-10-22,-5.20,-0.92,,
2021-10-23,-2.85,-1.71,,
2021-10-24,-3.21,1.56,,
2021-10-25,1.35,5.40,,
2021-10-26,4.87,0.34,,
2021-10-27,2.89,0.00,,
2021-10-28,2.70,6.07,,
2021-10-29,8.25,2.84,,
2021-10-30,10.71,0.19,,
2021-10-31,5.26,-3.03,,
2021-11-01,-0.90,-5.13,,
2021-11-02,-0.39,-4.43,,
2021-11-03,-6.19,-0.98,,
2021-11-04,-5.51,1.58,,
2021-11-05,0.39,4.41,,
2021-11-06,8.50,-4.52,,
2021-11-07,3.43,-7.70,,
2021-11-08,-0.71,-6.77,,
2021-11-09,-5.16,-5.53,,
2021-11-10,-4.70,-3.94,,
2021-11-11,-4.75,-0.08,,
2021-11-12,-3.55,1.02,,
2021-11-13,-1.65,-2.27,,
2021-11-14,-1.08,-5.56,,
2021-11-15,-2.37,-6.87,,
2021-11-16,-6.99,-4.71,,
2021-11-17,-9.69,-1.88,,
2021-11-18,-8.27,-0.58,,
2021-11-19,-4.54,-3.95,,
2021-11-20,-5.12,-6.56,,
2021-11-21,-6.62,-3.09,,
2021-11-22,-1.91,-3.91,,
2021-11-23,0.32,-9.13,,
2021-11-24,-6.75,-6.52,,
2021-11-25,-6.54,-4.93,,
2021-11-26,-2.51,-4.53,,
2021-11-27,-1.00,-4.35,,
2021-11-28,-0.32,-3.66,,
2021-11-29,-1.37,-5.13,,
2021-11-30,-2.81,-4.86,,
2021-12-01,-4.91,-0.52,,
2021-12-02,-2.61,-1.76,,
2021-12-03,-2.27,-4.09,,
2021-12-04,-3.55,-3.80,,
2021-12-05,-4.23,-3.31,,
2021-12-06,-3.17,0.22,,
2021-12-07,-2.29,-3.03,,
2021-12-08,-3.00,-0.53,,
2021-12-09,-2.00,-1.80,,
2021-12-10,-4.55,-0.97,,
2021-12-11,-5.42,1.66,,
2021-12-12,-4.80,-0.85,,
2021-12-13,-6.33,-3.09,,
2021-12-14,-5.90,-3.83,,
2021-12-15,-6.50,-3.46,,
2021-12-16,-7.89,0.41,,
2021-12-17,-8.40,0.59,,
2021-12-18,-6.62,2.41,,
2021-12-19,-1.67,2.39,,
2021-12-20,-0.57,-2.94,,
2021-12-21,2.79,4.30,,
2021-12-22,5.83,-6.48,,
2021-12-23,-1.17,-7.40,,
2021-12-24,-3.96,-3.21,,
2021-12-25,-5.51,-0.87,,
2021-12-26,-4.41,1.10,,
2021-12-27,-3.77,-0.73,,
2021-12-28,-4.35,3.16,,
2021-12-29,-2.84,4.72,,
2021-12-30,-2.82,3.13,,
2021-12-31,-3.50,1.34,,
2022-01-01,-4.38,4.23,-0.113,0.128
2022-01-02,-2.95,5.54,-0.060,0.104
2022-01-03,3.56,-3.32,-0.008,-0.144
2022-01-04,0.00,-5.84,-0.038,-0.141
2022-01-05,3.64,-1.62,0.052,-0.073
2022-01-06,-1.49,-2.57,0.017,-0.106
2022-01-07,-3.08,0.65,0.021,-0.068
2022-01-08,-6.80,-2.48,-0.113,0.002
2022-01-09,-7.67,-0.81,-0.153,0.079
2022-01-10,-3.46,-2.00,-0.014,-0.051
2022-01-11,-3.08,-7.26,-0.082,-0.162
2022-01-12,-6.90,-4.83,-0.163,-0.011
2022-01-13,-1.46,-4.51,0.008,-0.075
2022-01-14,4.78,-6.12,0.123,-0.205
2022-01-15,-4.05,0.86,0.015,0.063
2022-01-16,4.52,8.87,0.174,0.107
2022-01-17,8.68,-4.42,0.239,-0.261
2022-01-18,-0.11,-6.40,0.012,-0.141
2022-01-19,-5.00,-2.89,-0.019,-0.049
2022-01-20,-3.81,-0.27,0.025,-0.104
2022-01-21,-1.39,-2.14,0.073,-0.130
2022-01-22,-0.30,-3.42,0.091,-0.163
2022-01-23,0.26,-7.44,0.069,-0.232
2022-01-24,1.72,-6.01,0.116,-0.218
2022-01-25,-3.46,0.18,0.104,-0.148
2022-01-26,1.54,6.16,0.162,-0.074
2022-01-27,0.44,-3.13,0.150,-0.135
2022-01-28,3.79,-4.35,0.163,-0.194
2022-01-29,5.68,-9.85,0.195,-0.377
2022-01-30,0.00,-8.61,0.069,-0.252
2022-01-31,-3.02,-4.32,0.092,-0.115
2022-02-01,-8.34,-0.44,-0.047,0.026
2022-02-02,-9.90,1.57,-0.150,0.136
2022-02-03,-7.87,3.34,-0.081,0.132
2022-02-04,-5.74,3.87,-0.061,0.125
2022-02-05,-3.16,1.21,0.014,0.071
2022-02-06,-2.36,-3.93,-0.024,-0.037
2022-02-07,-1.23,-5.32,-0.043,-0.025
2022-02-08,-3.39,-2.37,0.055,-0.019
2022-02-09,-1.07,-7.61,0.067,-0.065
2022-02-10,-1.43,-6.73,-0.087,-0.053
2022-02-11,-0.73,-4.60,-0.096,0.038
2022-02-12,-2.70,-2.90,-0.101,0.043
2022-02-13,0.18,-5.22,-0.061,-0.093
2022-02-14,-0.52,-9.92,-0.109,-0.203
2022-02-15,-6.48,-6.26,-0.256,-0.014
2022-02-16,-9.10,-2.61,-0.319,0.092
2022-02-17,-7.44,1.31,-0.208,0.093
2022-02-18,-3.55,2.05,-0.092,0.066
2022-02-19,-0.69,-2.97,-0.077,-0.018
2022-02-20,-4.37,-5.40,-0.124,-0.021
2022-02-21,-6.28,-1.57,-0.185,0.071
2022-02-22,-7.10,-0.37,-0.211,0.059
2022-02-23,-6.83,-0.00,-0.178,0.082
2022-02-24,-6.81,0.12,-0.173,0.108
2022-02-25,-6.71,-0.12,-0.164,0.134
2022-02-26,-6.70,-0.94,-0.170,0.084
2022-02-27,-4.68,-0.74,-0.090,0.113
2022-02-28,1.21,-3.32,0.014,0.026
2022-03-01,2.59,-5.81,-0.004,-0.057
2022-03-02,-3.04,-4.69,-0.075,0.042
2022-03-03,-4.94,-3.08,-0.129,0.034
2022-03-04,-5.88,-2.74,-0.108,0.046
2022-03-05,-10.15,-1.43,-0.334,0.174
2022-03-06,-10.28,0.18,-0.341,0.218
2022-03-07,-8.30,3.19,-0.268,0.220
2022-03-08,-4.82,3.63,-0.152,0.174
2022-03-09,-3.40,5.44,-0.096,0.203
2022-03-10,-1.27,4.73,0.009,0.098
2022-03-11,-2.65,3.64,0.020,0.099
2022-03-12,4.47,7.15,0.056,0.027
2022-03-13,-5.08,-9.97,-0.160,-0.146
2022-03-14,-8.74,-3.01,-0.244,0.070
2022-03-15,-7.34,-0.90,-0.180,0.083
2022-03-16,-1.59,3.94,0.032,-0.065
2022-03-17,-2.24,1.88,-0.015,-0.079
2022-03-18,-3.69,3.44,-0.019,-0.025
2022-03-19,-3.67,2.57,0.033,-0.084
2022-03-20,-1.93,-1.80,0.035,-0.158
2022-03-21,-7.33,-3.26,-0.132,-0.050
2022-03-22,-9.79,2.81,-0.231,0.195
2022-03-23,-5.34,6.59,-0.045,0.197
2022-03-24,-0.41,5.83,0.060,-0.025
2022-03-25,1.27,-7.23,0.006,-0.175
2022-03-26,2.31,-6.70,0.013,-0.208
2022-03-27,0.24,-7.01,-0.003,-0.189
2022-03-28,-1.82,-3.14,0.066,-0.128
2022-03-29,-4.98,-0.44,0.052,-0.087
2022-03-30,-9.12,4.85,-0.097,0.190
2022-03-31,-6.90,7.66,-0.036,0.236
2022-04-01,-1.56,4.52,0.101,-0.049
2022-04-02,-2.91,3.34,0.014,-0.024
2022-04-03,-0.38,3.60,0.089,-0.062
2022-04-04,-0.70,-3.03,0.046,-0.122
2022-04-05,-4.81,5.16,-0.043,0.094
2022-04-06,-3.01,5.43,0.015,0.083
2022-04-07,1.02,5.77,0.061,0.025
2022-04-08,4.80,-5.71,0.056,-0.163
2022-04-09,5.59,-6.43,0.116,-0.235
2022-04-10,-3.19,-6.83,-0.061,-0.084
2022-04-11,-8.24,1.30,-0.137,0.139
2022-04-12,-8.87,2.54,-0.131,0.154
2022-04-13,-8.33,3.71,-0.094,0.136
2022-04-14,-5.49,2.92,0.023,0.001
2022-04-15,-4.00,-0.71,0.093,-0.147
2022-04-16,-6.24,0.44,0.033,-0.038
2022-04-17,-5.71,0.60,0.010,-0.052
2022-04-18,-3.78,-3.06,0.026,-0.103
2022-04-19,-0.49,-6.97,-0.017,-0.166
2022-04-20,-8.00,-2.14,-0.210,0.063
2022-04-21,-9.91,-2.66,-0.323,0.140
2022-04-22,-10.30,-4.37,-0.325,0.108
2022-04-23,-9.98,-2.30,-0.285,0.153
2022-04-24,-9.32,-0.49,-0.190,0.143
2022-04-25,-8.07,0.71,-0.151,0.132
2022-04-26,-6.58,0.69,-0.081,0.066
2022-04-27,-3.71,0.06,0.007,-0.074
2022-04-28,-2.29,0.24,0.050,-0.119
2022-04-29,-4.08,2.45,0.010,-0.003
2022-04-30,-5.90,2.15,-0.026,0.058
2022-05-01,-6.27,0.44,-0.065,0.042
2022-05-02,-6.10,0.97,-0.145,0.086
2022-05-03,-5.89,2.03,-0.200,0.118
2022-05-04,-4.11,2.00,-0.135,0.056
2022-05-05,-2.89,1.17,-0.083,0.016
2022-05-06,0.06,3.70,0.003,0.010
2022-05-07,3.86,3.48,0.076,-0.029
2022-05-08,4.56,0.56,0.080,-0.076
2022-05-09,-0.46,-2.92,-0.026,-0.043
2022-05-10,-4.95,-3.46,-0.108,0.032
2022-05-11,-2.40,-5.14,-0.073,-0.010
2022-05-12,-1.62,-4.22,-0.033,-0.026
2022-05-13,2.17,0.27,-0.005,-0.065
2022-05-14,-2.21,-1.38,-0.083,-0.079
2022-05-15,-0.52,-2.43,-0.025,-0.094
2022-05-16,0.44,2.80,0.096,-0.097
2022-05-17,-2.35,-1.59,0.065,-0.123
2022-05-18,-2.05,-1.55,0.058,-0.119
2022-05-19,-2.35,3.01,0.075,-0.025
2022-05-20,-3.57,5.29,0.036,0.063
2022-05-21,-7.43,3.79,-0.115,0.146
2022-05-22,-8.12,4.14,-0.184,0.196
2022-05-23,-7.23,2.77,-0.198,0.160
2022-05-24,-7.67,3.91,-0.190,0.204
2022-05-25,-7.96,4.41,-0.176,0.205
2022-05-26,-7.20,4.16,-0.130,0.169
2022-05-27,-3.88,4.16,-0.024,0.062
2022-05-28,0.75,3.03,0.038,-0.128
2022-05-29,-3.06,-0.48,-0.008,-0.099
2022-05-30,-4.67,2.81,-0.039,0.023
2022-05-31,-3.55,1.02,-0.025,-0.024
2022-06-01,-3.23,-1.05,-0.014,-0.073
2022-06-02,-4.41,2.15,-0.053,0.024
2022-06-03,-4.91,8.18,-0.047,0.235
2022-06-04,4.27,9.59,0.165,0.124
2022-06-05,2.92,-1.97,0.075,-0.203
2022-06-06,0.98,3.42,0.021,-0.122
2022-06-07,2.08,4.46,0.139,-0.121
2022-06-08,-1.48,2.47,0.095,-0.165
2022-06-09,-1.63,1.75,0.092,-0.183
2022-06-10,0.42,2.38,0.108,-0.195
2022-06-11,1.40,1.86,0.122,-0.198
2022-06-12,0.59,2.37,0.139,-0.193
2022-06-13,-3.13,0.61,0.107,-0.174
2022-06-14,-4.11,1.03,0.047,-0.139
2022-06-15,-4.47,-1.28,0.015,-0.132
2022-06-16,-5.50,1.47,-0.021,-0.016
2022-06-17,-3.73,-0.39,0.013,-0.072
2022-06-18,-2.47,-0.00,0.017,-0.106
2022-06-19,0.06,3.56,0.007,-0.052
2022-06-20,-2.76,2.48,-0.050,-0.023
2022-06-21,-4.62,-1.96,-0.103,-0.043
2022-06-22,-5.40,-2.40,-0.115,-0.012
2022-06-23,-3.27,-0.76,-0.024,-0.032
2022-06-24,-0.87,1.39,0.038,-0.104
2022-06-25,-2.01,-0.58,0.010,-0.088
2022-06-26,1.10,-1.76,0.047,-0.085
2022-06-27,-1.76,2.33,0.036,-0.079
2022-06-28,-2.61,3.86,0.000,-0.005
2022-06-29,-1.81,2.68,-0.068,-0.064
2022-06-30,-3.53,0.75,-0.133,-0.063
2022-07-01,-6.21,1.43,-0.195,0.030
2022-07-02,-5.31,2.59,-0.132,0.046
2022-07-03,-5.24,1.60,-0.144,0.031
2022-07-04,-5.13,0.18,-0.105,-0.040
2022-07-05,-4.44,-0.08,-0.086,-0.074
2022-07-06,-3.35,3.72,0.035,-0.030
2022-07-07,-4.06,3.29,0.054,-0.080
2022-07-08,-4.94,1.05,0.044,-0.100
2022-07-09,-1.13,4.21,0.097,-0.100
2022-07-10,1.69,2.61,0.115,-0.154
2022-07-11,2.61,1.69,0.086,-0.147
2022-07-12,-2.18,0.31,0.035,-0.132
2022-07-13,-2.71,2.81,0.019,-0.059
2022-07-14,-2.26,-0.65,-0.002,-0.091
2022-07-15,-4.18,-1.86,-0.090,-0.052
2022-07-16,-3.84,1.96,-0.039,0.032
2022-07-17,-1.55,4.49,-0.001,0.039
2022-07-18,-3.44,3.56,-0.056,0.014
2022-07-19,-5.29,2.47,-0.089,0.048
2022-07-20,-5.42,1.15,-0.082,0.009
2022-07-21,-4.72,1.81,-0.053,-0.015
2022-07-22,-5.29,1.82,-0.065,-0.062
2022-07-23,-5.60,1.82,-0.083,-0.066
2022-07-24,-6.39,0.45,-0.165,-0.057
2022-07-25,-6.72,-0.12,-0.197,-0.031
2022-07-26,-6.58,2.14,-0.196,0.043
2022-07-27,-6.75,3.90,-0.165,0.070
2022-07-28,-6.92,0.73,-0.145,-0.044
2022-07-29,-7.69,0.94,-0.134,-0.021
2022-07-30,-6.81,0.96,-0.062,-0.071
2022-07-31,-7.71,1.50,-0.087,-0.026
2022-08-01,-6.63,1.53,-0.070,-0.023
2022-08-02,-5.34,1.53,-0.029,-0.056
2022-08-03,-4.27,-1.39,-0.003,-0.121
2022-08-04,-5.79,-0.61,0.007,-0.094
2022-08-05,-6.19,1.66,-0.005,-0.072
2022-08-06,-7.22,0.38,-0.057,-0.056
2022-08-07,-7.76,0.14,-0.083,-0.009
2022-08-08,-6.50,0.34,-0.046,-0.025
2022-08-09,-7.06,0.99,-0.096,0.008
2022-08-10,-4.72,1.09,-0.038,-0.057
2022-08-11,-6.05,1.51,-0.066,-0.034
2022-08-12,-5.22,1.02,-0.034,-0.082
2022-08-13,-3.09,0.94,0.045,-0.149
2022-08-14,-2.24,-0.08,0.056,-0.174
2022-08-15,1.45,-1.21,0.087,-0.172
2022-08-16,1.91,0.34,0.116,-0.165
2022-08-17,2.28,-0.24,0.128,-0.188
2022-08-18,1.73,0.73,0.140,-0.198
2022-08-19,-2.53,1.40,0.138,-0.182
2022-08-20,-5.53,-0.00,0.069,-0.139
2022-08-21,-5.99,-0.21,0.046,-0.137
2022-08-22,-5.49,0.97,0.067,-0.113
2022-08-23,-3.90,1.50,0.117,-0.115
2022-08-24,-3.80,1.61,0.104,-0.118
2022-08-25,-3.27,2.12,0.077,-0.102
2022-08-26,-2.86,1.15,0.033,-0.121
2022-08-27,-2.89,1.41,0.017,-0.121
2022-08-28,-3.88,0.48,-0.008,-0.094
2022-08-29,-1.48,2.20,0.060,-0.109
2022-08-30,-1.18,3.42,0.087,-0.105
2022-08-31,-2.34,2.69,0.079,-0.095
2022-09-01,-2.46,2.55,0.071,-0.067
2022-09-02,-4.30,0.08,0.018,-0.059
2022-09-03,-4.93,-1.41,0.007,-0.046
2022-09-04,-4.96,-0.43,0.035,-0.038
2022-09-05,-4.22,0.30,0.048,-0.050
2022-09-06,-3.53,1.21,0.000,0.013
2022-09-07,-0.81,1.52,0.115,-0.025
2022-09-08,2.90,1.42,0.169,-0.043
2022-09-09,2.24,4.79,0.141,0.051
2022-09-10,-1.20,4.49,0.045,0.105
2022-09-11,-3.41,2.30,-0.012,0.082
2022-09-12,-2.91,-0.25,-0.010,0.033
2022-09-13,-1.35,1.40,0.002,0.048
2022-09-14,-1.66,2.04,-0.008,0.071
2022-09-15,0.06,3.51,0.033,0.092
2022-09-16,-3.03,1.10,-0.055,0.091
2022-09-17,-5.11,-1.27,-0.123,0.095
2022-09-18,-3.53,-1.08,-0.063,0.110
2022-09-19,-2.57,0.94,0.006,0.062
2022-09-20,-2.36,-0.33,0.038,0.026
2022-09-21,-1.70,-2.52,0.013,-0.012
2022-09-22,1.66,-2.99,0.016,-0.032
2022-09-23,-1.02,-2.28,-0.012,0.008
2022-09-24,-2.38,-2.07,-0.038,0.011
2022-09-25,-4.11,-0.80,-0.082,0.057
2022-09-26,-5.33,1.63,-0.117,0.111
2022-09-27,-12.50,5.56,-0.350,0.412
2022-09-28,7.39,18.30,0.252,0.453
2022-09-29,9.72,-3.73,0.220,-0.246
2022-09-30,1.46,-7.52,-0.048,-0.131
2022-10-01,1.38,-5.17,-0.010,-0.057
2022-10-02,2.64,-5.18,0.011,-0.120
2022-10-03,2.13,-4.36,-0.007,0.007
2022-10-04,0.97,-3.39,-0.034,0.107
2022-10-05,-2.07,-1.29,-0.031,0.041
2022-10-06,-3.49,-1.55,-0.064,-0.021
2022-10-07,-5.06,-3.16,-0.128,0.027
2022-10-08,-4.23,-4.70,-0.105,0.021
2022-10-09,-6.00,-2.80,-0.116,0.094
2022-10-10,-5.90,-1.15,-0.095,0.118
2022-10-11,-6.44,0.11,-0.112,0.129
2022-10-12,-5.06,0.53,-0.102,0.138
2022-10-13,-1.29,4.23,-0.012,0.064
2022-10-14,-1.72,-1.29,-0.023,0.036
2022-10-15,-3.18,-1.09,-0.074,0.039
2022-10-16,-4.51,-1.55,-0.165,0.085
2022-10-17,-2.66,2.15,-0.091,0.079
2022-10-18,4.68,1.25,0.039,-0.022
2022-10-19,1.99,-6.95,-0.005,-0.131
2022-10-20,1.97,-6.85,0.005,-0.116
2022-10-21,1.47,-7.56,-0.014,-0.172
2022-10-22,-2.99,-7.39,-0.138,-0.110
2022-10-23,-4.80,-4.47,-0.183,0.056
2022-10-24,-5.06,-2.92,-0.161,0.082
2022-10-25,-4.10,-1.33,-0.102,0.093
2022-10-26,-1.42,-0.99,-0.008,0.085
2022-10-27,-1.93,-0.31,-0.038,0.090
2022-10-28,-4.87,-1.49,-0.153,0.101
2022-10-29,-4.97,-3.74,-0.195,0.063
2022-10-30,-3.78,-3.18,-0.134,0.062
2022-10-31,-3.82,-1.95,-0.100,0.094
2022-11-01,-4.96,-1.15,-0.129,0.136
2022-11-02,-6.38,-0.33,-0.188,0.178
2022-11-03,-5.37,-1.64,-0.142,0.137
2022-11-04,-4.78,-3.60,-0.127,0.066
2022-11-05,-5.20,-2.77,-0.132,0.076
2022-11-06,-5.92,-1.70,-0.130,0.059
2022-11-07,-6.32,-4.94,-0.230,0.026
2022-11-08,-4.34,-7.84,-0.188,-0.053
2022-11-09,-1.71,-10.81,-0.160,-0.204
2022-11-10,8.82,-3.04,0.113,-0.134
2022-11-11,2.36,4.26,0.105,0.018
2022-11-12,-0.97,1.61,0.020,0.057
2022-11-13,-0.99,-2.71,0.033,-0.051
2022-11-14,-2.97,-3.41,-0.042,-0.074
2022-11-15,-4.61,0.81,-0.027,-0.009
2022-11-16,-2.18,-0.79,0.030,-0.087
2022-11-17,-1.56,-6.26,-0.028,-0.161
2022-11-18,-4.73,-7.28,-0.150,-0.092
2022-11-19,-7.83,-4.16,-0.197,0.053
2022-11-20,-8.03,-3.91,-0.186,0.094
2022-11-21,-8.89,-4.73,-0.228,0.104
2022-11-22,-5.39,-2.29,-0.090,0.089
2022-11-23,-3.67,-2.67,-0.048,0.010
2022-11-24,-5.05,-0.62,-0.085,0.043
2022-11-25,-3.80,2.28,-0.043,0.061
2022-11-26,-3.82,-0.40,-0.052,0.015
2022-11-27,-1.78,4.40,-0.002,0.102
2022-11-28,-1.71,-1.11,0.029,-0.029
2022-11-29,-5.88,-1.14,-0.091,0.055
2022-11-30,-5.51,0.58,-0.114,0.113
2022-12-01,-4.78,-4.46,-0.148,0.008
2022-12-02,-8.84,-4.31,-0.304,0.087
2022-12-03,-8.25,-3.50,-0.280,0.093
2022-12-04,-5.60,-4.87,-0.164,-0.013
2022-12-05,-3.54,-2.87,-0.051,0.015
2022-12-06,-4.95,-2.52,-0.057,0.029
2022-12-07,-4.50,-4.35,-0.116,0.026
2022-12-08,-5.38,-3.63,-0.196,0.074
2022-12-09,-3.74,-3.25,-0.124,0.070
2022-12-10,-2.48,-4.13,-0.054,0.033
2022-12-11,-1.53,-3.27,-0.001,0.045
2022-12-12,-0.77,-2.67,-0.001,0.030
2022-12-13,-3.48,-1.85,-0.048,0.077
2022-12-14,-4.33,4.33,-0.084,0.192
2022-12-15,-1.53,7.20,-0.002,0.193
2022-12-16,2.74,2.06,0.033,0.011
2022-12-17,-2.44,-0.34,-0.058,0.109
2022-12-18,1.69,-4.17,-0.048,0.012
2022-12-19,-6.18,-5.76,-0.222,-0.025
2022-12-20,-7.04,-0.12,-0.268,0.083
2022-12-21,-1.31,4.91,-0.082,0.002
2022-12-22,2.04,1.59,-0.032,-0.000
2022-12-23,5.22,0.00,0.064,-0.076
2022-12-24,0.76,-10.83,-0.043,-0.311
2022-12-25,-0.98,-9.32,-0.108,-0.226
2022-12-26,-2.53,-6.95,-0.112,-0.099
2022-12-27,-1.44,-5.02,-0.055,-0.035
2022-12-28,-5.73,-5.53,-0.179,-0.003
2022-12-29,-7.47,-2.28,-0.221,0.103
2022-12-30,-5.93,-0.73,-0.126,0.046
2022-12-31,-3.25,2.63,-0.010,-0.024
2023-01-01,-3.05,0.27,-0.004,-0.049
2023-01-02,-4.77,-1.01,-0.078,-0.019
2023-01-03,-5.87,2.86,-0.097,0.063
2023-01-04,-4.39,4.71,-0.049,0.064
2023-01-05,-2.68,3.19,-0.031,0.035
2023-01-06,-2.19,-6.37,-0.086,-0.086
2023-01-07,-3.76,-6.27,-0.155,-0.027
2023-01-08,-5.24,-3.27,-0.163,0.056
2023-01-09,-2.54,-4.23,-0.087,-0.011
2023-01-10,-0.82,-5.83,-0.078,-0.089
2023-01-11,-1.27,-5.51,-0.085,-0.068
2023-01-12,-2.84,-0.92,-0.055,0.061
2023-01-13,4.46,-2.08,0.062,-0.053
2023-01-14,6.91,-9.51,0.137,-0.368
2023-01-15,1.53,-6.64,0.005,-0.142
2023-01-16,-2.91,-3.12,0.042,0.031
2023-01-17,-3.99,2.40,0.063,0.108
2023-01-18,-4.29,1.65,0.002,0.082
2023-01-19,-4.11,3.45,-0.059,0.131
2023-01-20,-2.55,1.42,0.069,0.053
2023-01-21,-3.38,0.54,0.084,0.052
2023-01-22,-2.77,5.68,-0.021,0.162
2023-01-23,3.94,3.08,0.021,0.052
2023-01-24,-5.87,-2.99,-0.202,0.076
2023-01-25,-4.96,5.51,-0.225,0.195
2023-01-26,2.56,-4.10,-0.087,-0.030
2023-01-27,-1.56,-8.86,-0.138,-0.158
2023-01-28,-7.12,-5.17,-0.271,0.044
2023-01-29,-8.80,-0.77,-0.273,0.137
2023-01-30,-5.05,0.80,-0.105,0.106
2023-01-31,-4.98,2.01,-0.097,0.126
2023-02-01,-4.41,1.96,-0.064,0.132
2023-02-02,-4.49,2.19,-0.052,0.091
2023-02-03,-0.28,3.22,0.039,0.064
2023-02-04,-4.74,-7.59,-0.141,-0.040
2023-02-05,-5.77,-1.33,-0.148,0.169
2023-02-06,-2.88,-3.31,-0.052,0.036
2023-02-07,-8.88,-0.15,-0.278,0.178
2023-02-08,-8.22,-0.14,-0.270,0.181
2023-02-09,-7.29,2.65,-0.228,0.221
2023-02-10,-6.40,4.48,-0.195,0.224
2023-02-11,-3.16,5.46,-0.063,0.157
2023-02-12,7.83,-3.16,0.164,-0.187
2023-02-13,4.52,-5.58,0.110,-0.216
2023-02-14,-4.99,-1.53,-0.031,-0.013
2023-02-15,-6.46,3.29,-0.062,0.119
2023-02-16,-6.25,3.61,-0.059,0.087
2023-02-17,-3.05,3.27,0.031,-0.020
2023-02-18,-1.72,-4.26,-0.022,-0.139
2023-02-19,-5.51,-1.07,-0.094,-0.025
2023-02-20,-2.90,-0.94,0.036,-0.131
2023-02-21,-2.21,-1.03,0.062,-0.181
2023-02-22,-3.74,3.61,0.026,-0.067
2023-02-23,-4.98,4.18,0.012,0.002
2023-02-24,-6.52,0.80,-0.035,-0.037
2023-02-25,-5.89,-0.10,-0.027,-0.033
2023-02-26,-2.99,-0.10,0.003,-0.092
2023-02-27,-2.52,2.79,-0.043,-0.018
2023-02-28,-1.26,2.59,-0.076,0.063
2023-03-01,-3.50,2.19,-0.112,0.084
2023-03-02,-4.74,4.91,-0.116,0.156
2023-03-03,-3.31,6.49,-0.056,0.138
2023-03-04,0.90,5.10,0.019,0.009
2023-03-05,-3.03,-0.32,-0.096,-0.024
2023-03-06,-2.45,-0.94,-0.103,-0.004
2023-03-07,1.60,-3.28,-0.039,-0.083
2023-03-08,1.11,-5.70,-0.045,-0.159
2023-03-09,-6.15,-1.65,-0.154,0.023
2023-03-10,-4.90,2.08,-0.141,0.071
2023-03-11,3.71,0.39,0.018,-0.087
2023-03-12,2.29,1.73,-0.000,-0.041
2023-03-13,3.68,4.39,0.089,0.024
2023-03-14,2.66,-3.66,0.021,-0.035
2023-03-15,-5.34,-5.93,-0.173,0.009
2023-03-16,-7.87,-1.67,-0.239,0.123
2023-03-17,-6.09,5.68,-0.129,0.197
2023-03-18,-2.13,4.79,0.004,0.027
2023-03-19,-0.34,-4.93,-0.024,-0.105
2023-03-20,-0.87,-9.96,-0.106,-0.236
2023-03-21,-4.31,-4.46,-0.070,-0.084
2023-03-22,-7.27,-0.51,-0.137,0.022
2023-03-23,-7.39,-1.17,-0.145,-0.002
2023-03-24,-5.74,2.68,-0.083,0.026
2023-03-25,-3.65,5.02,-0.027,0.025
2023-03-26,-4.54,3.95,-0.053,-0.010
2023-03-27,-4.21,3.92,-0.010,-0.019
2023-03-28,-1.93,2.66,0.087,-0.099
2023-03-29,0.00,-2.99,0.102,-0.164
2023-03-30,-4.49,-3.51,0.036,-0.126
2023-03-31,-9.18,-0.00,-0.148,0.081
2023-04-01,-5.48,4.13,-0.013,0.035
2023-04-02,-1.76,1.32,0.070,-0.172
2023-04-03,-3.32,2.16,0.019,-0.069
2023-04-04,-5.00,3.12,-0.058,0.068
2023-04-05,-7.94,1.98,-0.160,0.124
2023-04-06,-8.51,2.12,-0.182,0.131
2023-04-07,-6.77,1.69,-0.131,0.068
2023-04-08,-4.56,1.14,-0.065,0.014
2023-04-09,0.70,-2.43,0.043,-0.098
2023-04-10,-1.45,-4.75,-0.042,-0.046
2023-04-11,-7.54,-4.18,-0.208,0.075
2023-04-12,-6.82,0.84,-0.177,0.196
2023-04-13,0.16,2.99,-0.030,0.057
2023-04-14,-2.32,-0.37,-0.031,0.058
2023-04-15,-3.27,1.25,-0.067,0.052
2023-04-16,-2.41,1.82,-0.015,0.034
2023-04-17,6.13,-0.43,0.089,-0.076
2023-04-18,-0.12,-6.72,-0.029,-0.124
2023-04-19,-5.50,-0.97,-0.128,0.066
2023-04-20,-5.67,-0.00,-0.110,0.064
2023-04-21,-4.08,0.29,-0.088,0.031
2023-04-22,0.54,3.41,-0.008,-0.012
2023-04-23,-0.46,-2.61,-0.036,-0.049
2023-04-24,-3.08,2.16,-0.033,0.015
2023-04-25,-1.82,4.29,-0.011,0.073
2023-04-26,-0.33,2.66,0.011,-0.027
2023-04-27,-3.67,2.77,-0.035,0.047
2023-04-28,-0.99,3.98,0.022,0.033
2023-04-29,-1.77,5.15,0.011,0.033
2023-04-30,8.05,5.64,0.159,-0.019
2023-05-01,4.83,-3.02,0.070,-0.157
2023-05-02,1.78,-0.25,-0.013,-0.027
2023-05-03,2.29,-2.73,0.018,-0.116
2023-05-04,-0.09,-2.45,-0.039,-0.091
2023-05-05,-1.46,-1.27,-0.039,-0.046
2023-05-06,-3.99,0.35,-0.083,-0.012
2023-05-07,-6.78,-2.20,-0.188,0.027
2023-05-08,-6.53,-0.80,-0.172,0.082
2023-05-09,-4.64,-0.65,-0.101,0.020
2023-05-10,-3.59,0.19,-0.090,0.025
2023-05-11,-5.28,0.65,-0.131,0.111
2023-05-12,-7.77,0.27,-0.205,0.152
2023-05-13,-8.03,0.56,-0.236,0.149
2023-05-14,-5.16,-1.48,-0.201,0.058
2023-05-15,-3.81,-1.46,-0.162,0.020
2023-05-16,-2.36,0.12,-0.135,-0.002
2023-05-17,1.84,0.78,-0.064,-0.053
2023-05-18,-0.31,-1.74,-0.050,-0.079
2023-05-19,-2.47,-0.75,-0.089,-0.053
2023-05-20,-2.37,-2.37,-0.082,-0.054
2023-05-21,-1.34,-2.53,-0.066,-0.083
2023-05-22,-1.68,-1.36,-0.033,-0.096
2023-05-23,1.63,1.81,-0.003,-0.085
2023-05-24,1.93,-3.21,-0.025,-0.112
2023-05-25,3.56,-0.06,0.013,-0.100
2023-05-26,2.49,-1.43,-0.021,-0.101
2023-05-27,-0.61,-3.14,-0.090,-0.052
2023-05-28,1.33,-2.98,-0.123,-0.087
2023-05-29,1.48,-2.78,-0.077,-0.076
2023-05-30,1.76,1.33,0.035,0.029
2023-05-31,-1.88,4.02,-0.000,0.129
2023-06-01,1.68,2.59,-0.002,0.105
2023-06-02,0.41,2.60,0.021,0.076
2023-06-03,-2.88,2.98,-0.028,0.073
2023-06-04,1.02,-4.10,-0.015,-0.025
2023-06-05,3.20,-3.68,0.079,-0.102
2023-06-06,1.98,0.72,0.034,0.023
2023-06-07,2.43,3.10,0.054,-0.027
2023-06-08,3.87,2.71,0.059,-0.023
2023-06-09,3.85,3.01,0.086,-0.023
2023-06-10,1.86,0.16,0.002,-0.053
2023-06-11,-0.44,3.58,0.014,-0.033
2023-06-12,0.69,4.39,0.025,-0.032
2023-06-13,0.92,3.71,0.033,-0.078
2023-06-14,-2.01,3.09,-0.010,-0.067
2023-06-15,-2.32,3.57,-0.000,-0.055
2023-06-16,0.51,3.61,0.034,-0.125
2023-06-17,1.47,3.15,0.038,-0.141
2023-06-18,3.78,3.65,0.085,-0.128
2023-06-19,3.42,0.18,0.072,-0.151
2023-06-20,-0.86,3.01,0.024,-0.094
2023-06-21,-2.92,3.87,-0.029,0.010
2023-06-22,-3.42,2.77,-0.062,-0.038
2023-06-23,-3.85,1.25,-0.065,-0.039
2023-06-24,-3.86,1.33,-0.014,-0.037
2023-06-25,-2.89,0.15,-0.033,-0.103
2023-06-26,-2.94,-0.15,0.008,-0.123
2023-06-27,-2.44,0.43,0.078,-0.162
2023-06-28,0.83,-2.05,0.093,-0.179
2023-06-29,1.30,-2.67,0.080,-0.176
2023-06-30,-1.41,-2.26,0.067,-0.160
2023-07-01,-3.41,0.06,0.046,-0.103
2023-07-02,-2.61,1.22,0.042,-0.122
2023-07-03,1.43,1.08,0.075,-0.145
2023-07-04,-1.90,-2.04,0.045,-0.122
2023-07-05,-3.20,-0.39,0.029,-0.093
2023-07-06,-1.99,0.81,0.033,-0.101
2023-07-07,2.09,0.64,0.025,-0.073
2023-07-08,1.58,1.53,-0.031,0.025
2023-07-09,-1.16,-0.38,-0.000,0.046
2023-07-10,-2.99,1.87,-0.027,0.059
2023-07-11,-2.55,1.08,-0.042,0.049
2023-07-12,-2.73,0.73,-0.060,0.083
2023-07-13,-2.61,-1.22,-0.058,0.057
2023-07-14,-2.86,-0.66,-0.080,0.009
2023-07-15,-2.07,3.08,-0.058,0.072
2023-07-16,-1.63,0.63,0.006,-0.028
2023-07-17,-1.68,1.46,-0.038,-0.049
2023-07-18,-3.85,-1.11,-0.093,-0.028
2023-07-19,-5.28,1.51,-0.089,0.061
2023-07-20,-3.98,1.29,-0.073,0.064
2023-07-21,-3.23,1.64,-0.039,0.054
2023-07-22,1.54,1.29,0.045,-0.020
2023-07-23,0.49,2.80,0.012,0.025
2023-07-24,-3.98,0.14,-0.038,0.076
2023-07-25,-4.08,-1.33,-0.094,0.054
2023-07-26,-5.03,-2.68,-0.156,0.059
2023-07-27,-5.80,-1.55,-0.177,0.101
2023-07-28,-5.62,1.72,-0.102,0.121
2023-07-29,-4.88,1.22,-0.091,0.103
2023-07-30,-3.59,0.57,-0.084,0.080
2023-07-31,-2.23,1.19,-0.017,0.072
2023-08-01,2.15,0.74,0.060,-0.042
2023-08-02,-0.24,-1.96,0.033,-0.060
2023-08-03,-1.56,-2.94,-0.006,-0.026
2023-08-04,1.01,-1.68,0.039,-0.042
2023-08-05,2.65,-0.23,0.022,-0.047
2023-08-06,-2.21,1.49,-0.002,0.053
2023-08-07,-3.75,-0.13,-0.057,0.121
2023-08-08,-3.91,1.50,-0.067,0.147
2023-08-09,-3.14,2.64,-0.050,0.131
2023-08-10,-1.73,2.77,-0.015,0.085
2023-08-11,-2.88,-2.88,-0.048,0.041
2023-08-12,-3.34,-1.85,-0.071,0.058
2023-08-13,1.15,3.78,0.025,0.103
2023-08-14,-3.48,3.02,-0.046,0.102
2023-08-15,-3.54,0.31,-0.072,0.064
2023-08-16,-0.21,3.02,0.037,0.027
2023-08-17,2.20,2.05,0.051,-0.075
2023-08-18,-2.94,-2.13,-0.006,-0.072
2023-08-19,-4.13,-1.93,-0.053,-0.040
2023-08-20,-6.12,2.85,-0.082,0.158
2023-08-21,-8.77,0.61,-0.240,0.181
2023-08-22,-9.17,-2.63,-0.287,0.161
2023-08-23,-6.66,-2.42,-0.215,0.150
2023-08-24,-4.90,-1.69,-0.133,0.157
2023-08-25,-4.24,-1.89,-0.082,0.102
2023-08-26,-2.95,-1.50,-0.034,0.003
2023-08-27,-3.21,0.06,-0.030,-0.012
2023-08-28,-1.75,6.11,0.029,0.098
2023-08-29,-4.34,10.22,-0.002,0.283
2023-08-30,3.83,11.12,0.222,0.100
2023-08-31,4.22,4.53,0.198,-0.126
2023-09-01,-1.77,-0.41,0.080,-0.196
2023-09-02,-3.19,-2.97,0.026,-0.181
2023-09-03,-5.56,-3.34,-0.059,-0.141
2023-09-04,-7.77,0.68,-0.121,-0.023
2023-09-05,-5.98,3.18,-0.046,0.009
2023-09-06,-3.52,1.21,-0.001,-0.064
2023-09-07,-2.62,-0.14,-0.010,-0.044
2023-09-08,-2.85,0.82,0.005,-0.038
2023-09-09,-3.28,0.40,0.022,-0.065
2023-09-10,-1.21,1.87,0.078,-0.100
2023-09-11,-2.82,0.70,0.031,-0.077
2023-09-12,-3.28,-1.75,-0.001,-0.058
2023-09-13,-0.24,-2.78,0.035,-0.093
2023-09-14,1.45,-3.98,0.038,-0.129
2023-09-15,1.72,-3.53,0.054,-0.142
2023-09-16,2.31,-0.62,0.048,-0.087
2023-09-17,2.18,2.33,0.038,-0.058
2023-09-18,1.34,-1.17,0.044,-0.098
2023-09-19,-1.86,-1.25,0.053,-0.115
2023-09-20,-4.37,0.08,0.033,-0.059
2023-09-21,-3.45,0.06,0.058,-0.090
2023-09-22,-2.53,-2.05,0.078,-0.073
2023-09-23,-3.58,-0.38,0.056,-0.052
2023-09-24,-3.52,2.47,0.065,-0.028
2023-09-25,-4.24,4.55,0.043,0.005
2023-09-26,-3.91,3.28,0.012,0.033
2023-09-27,-3.91,-0.34,-0.001,-0.001
2023-09-28,-0.99,2.87,-0.006,-0.011
2023-09-29,-2.78,0.54,0.006,0.006
2023-09-30,-4.60,0.08,0.003,0.007
2023-10-01,-4.21,-1.05,0.020,-0.048
2023-10-02,-5.16,-3.22,-0.110,0.062
2023-10-03,-7.96,-4.98,-0.299,0.167
2023-10-04,-6.48,-3.74,-0.265,0.194
2023-10-05,-4.26,-1.90,-0.185,0.203
2023-10-06,-2.99,-0.92,-0.126,0.198
2023-10-07,-1.33,-0.90,-0.060,0.162
2023-10-08,2.44,-0.99,0.002,0.082
2023-10-09,-0.94,-3.28,0.044,0.022
2023-10-10,-1.16,-2.48,0.049,-0.032
2023-10-11,-3.99,4.76,0.052,0.068
2023-10-12,1.09,8.88,0.153,0.109
2023-10-13,3.49,5.58,0.171,-0.010
2023-10-14,4.64,0.82,0.133,-0.100
2023-10-15,4.55,-2.42,0.140,-0.150
2023-10-16,5.85,-6.50,0.125,-0.246
2023-10-17,0.16,-9.07,-0.048,-0.205
2023-10-18,-3.25,-6.37,-0.092,-0.073
2023-10-19,-6.37,-3.68,-0.123,0.006
2023-10-20,-4.35,-2.22,-0.010,0.027
2023-10-21,1.11,-3.41,0.014,-0.033
2023-10-22,-1.40,-2.53,-0.061,0.057
2023-10-23,-4.18,-2.61,-0.109,0.053
2023-10-24,-7.38,-3.44,-0.236,0.072
2023-10-25,-9.41,-3.80,-0.311,0.100
2023-10-26,-10.23,-3.13,-0.338,0.128
2023-10-27,-8.86,-3.40,-0.305,0.109
2023-10-28,-8.34,-4.25,-0.298,0.064
2023-10-29,-7.96,-4.60,-0.292,0.060
2023-10-30,-6.46,-2.74,-0.229,0.092
2023-10-31,-0.33,-3.15,-0.053,0.048
2023-11-01,0.41,-7.84,-0.083,-0.082
2023-11-02,-8.41,-8.41,-0.321,-0.026
2023-11-03,-8.99,-6.30,-0.356,0.057
2023-11-04,-5.11,-7.87,-0.262,0.002
2023-11-05,-2.20,-6.76,-0.191,0.018
2023-11-06,-3.25,-6.11,-0.203,0.025
2023-11-07,-1.92,-4.12,-0.170,0.060
2023-11-08,-4.59,-3.71,-0.214,0.027
2023-11-09,-6.42,0.22,-0.240,0.085
2023-11-10,-5.06,1.07,-0.205,0.077
2023-11-11,-5.86,1.25,-0.224,0.072
2023-11-12,-6.63,-1.05,-0.240,0.075
2023-11-13,-5.74,-3.73,-0.233,0.010
2023-11-14,-6.77,-1.07,-0.216,0.071
2023-11-15,-7.31,3.25,-0.253,0.163
2023-11-16,-3.28,-4.69,-0.184,0.036
2023-11-17,3.51,-0.25,-0.016,0.040
2023-11-18,2.93,-5.52,0.017,-0.076
2023-11-19,0.77,-6.30,-0.010,-0.109
2023-11-20,-3.43,-2.58,-0.053,0.034
2023-11-21,-7.87,1.96,-0.183,0.201
2023-11-22,-4.24,3.82,-0.039,0.133
2023-11-23,-2.02,-2.09,-0.002,-0.056
2023-11-24,-2.86,-2.96,-0.040,0.021
2023-11-25,-4.52,-1.83,-0.039,0.065
2023-11-26,-3.98,3.46,-0.026,0.122
2023-11-27,1.45,-5.42,-0.007,-0.038
2023-11-28,-1.21,-7.62,-0.109,-0.043
2023-11-29,-3.96,-6.86,-0.168,0.003
2023-11-30,-8.12,-1.29,-0.227,0.140
2023-12-01,-5.74,1.75,-0.141,0.162
2023-12-02,-4.85,3.15,-0.071,0.114
2023-12-03,-2.32,2.02,0.014,-0.013
2023-12-04,-0.98,-1.57,0.050,-0.090
2023-12-05,-1.45,-4.74,-0.016,-0.077
2023-12-06,-0.15,-8.38,-0.044,-0.183
2023-12-07,-5.80,-5.80,-0.177,0.008
2023-12-08,-7.47,2.28,-0.171,0.210
2023-12-09,-6.10,2.10,-0.083,0.141
2023-12-10,-5.56,3.61,-0.083,0.162
2023-12-11,2.43,-7.47,0.049,-0.162
2023-12-12,-5.23,-8.37,-0.147,-0.093
2023-12-13,-8.36,-7.01,-0.238,0.009
2023-12-14,-9.25,-8.33,-0.305,-0.004
2023-12-15,-13.08,-5.55,-0.437,0.118
2023-12-16,-11.77,2.72,-0.245,0.288
2023-12-17,9.47,6.63,0.201,0.047
2023-12-18,5.91,-6.34,0.196,-0.239
2023-12-19,0.74,-8.49,0.003,-0.165
2023-12-20,-5.80,-7.98,-0.181,-0.068
2023-12-21,-7.66,-6.66,-0.275,-0.002
2023-12-22,-7.46,-6.04,-0.308,0.015
2023-12-23,-6.01,-4.37,-0.234,0.045
2023-12-24,-9.13,-0.96,-0.315,0.148
2023-12-25,-6.69,6.24,-0.172,0.234
2023-12-26,3.97,2.58,0.097,-0.005
2023-12-27,-0.31,-3.60,-0.018,-0.077
2023-12-28,-2.92,-5.27,-0.091,-0.054
2023-12-29,4.02,-3.88,0.064,-0.124
2023-12-30,2.12,-4.99,0.049,-0.144
2023-12-31,-0.15,-4.30,0.011,-0.073
2024-01-01,-1.32,-3.62,0.005,-0.063
2024-01-02,-0.09,-2.49,0.048,-0.052
2024-01-03,-4.85,-0.85,-0.008,0.026
2024-01-04,5.05,2.15,0.085,-0.009
2024-01-05,-5.17,-2.75,-0.096,0.076
2024-01-06,-2.50,7.25,-0.025,0.188
2024-01-07,1.19,-4.15,0.055,-0.049
2024-01-08,-7.35,-3.43,-0.209,0.063
2024-01-09,-5.90,8.42,-0.114,0.272
2024-01-10,3.50,-5.00,0.083,-0.091
2024-01-11,-3.83,-3.70,-0.087,-0.008
2024-01-12,-2.57,4.83,0.052,0.169
2024-01-13,3.94,5.84,0.132,0.036
2024-01-14,-3.00,-5.63,-0.089,-0.022
2024-01-15,-5.92,2.27,-0.106,0.156
2024-01-16,-0.24,4.60,0.032,0.050
2024-01-17,1.73,-6.96,0.005,-0.098
2024-01-18,-5.10,-0.18,-0.136,0.126
2024-01-19,-1.92,-2.65,-0.012,0.017
2024-01-20,-1.43,-7.33,-0.109,-0.123
2024-01-21,-6.27,-8.02,-0.241,-0.056
2024-01-22,-11.10,-1.76,-0.384,0.148
2024-01-23,-10.32,1.82,-0.327,0.175
2024-01-24,-8.87,1.89,-0.281,0.138
2024-01-25,-7.94,2.73,-0.251,0.146
2024-01-26,-5.61,1.19,-0.154,0.051
2024-01-27,-4.25,3.44,-0.100,0.056
2024-01-28,4.28,0.91,0.048,-0.058
2024-01-29,5.12,-9.24,0.082,-0.317
2024-01-30,1.00,-5.12,-0.028,-0.049
2024-01-31,3.49,-4.47,0.053,-0.091
2024-02-01,-0.21,-6.03,-0.037,-0.095
2024-02-02,-1.31,-2.37,-0.037,0.047
2024-02-03,-1.22,-3.02,-0.044,0.044
2024-02-04,-1.56,7.35,-0.008,0.168
2024-02-05,4.57,-2.64,0.090,0.042
2024-02-06,6.02,-8.60,0.096,-0.242
2024-02-07,1.42,-8.95,-0.058,-0.136
2024-02-08,-4.44,-4.93,-0.183,0.043
2024-02-09,-6.57,-1.52,-0.222,0.098
2024-02-10,-5.68,2.65,-0.190,0.132
2024-02-11,-4.56,5.06,-0.121,0.144
2024-02-12,-2.40,4.93,-0.048,0.098
2024-02-13,6.70,-1.67,0.076,-0.071
2024-02-14,0.77,-6.25,-0.006,-0.119
2024-02-15,-6.35,-0.78,-0.137,0.091
2024-02-16,-4.10,1.25,-0.060,0.044
2024-02-17,-1.17,4.09,0.006,-0.017
2024-02-18,2.89,5.68,0.075,0.024
2024-02-19,1.89,-7.58,0.016,-0.181
2024-02-20,1.39,-6.55,-0.034,-0.120
2024-02-21,0.37,-7.06,-0.069,-0.102
2024-02-22,-2.58,-3.69,-0.106,0.033
2024-02-23,1.22,4.55,0.025,0.121
2024-02-24,6.52,-3.18,0.152,-0.096
2024-02-25,0.12,-6.96,-0.027,-0.123
2024-02-26,-2.46,-2.64,-0.000,0.026
2024-02-27,-5.20,0.92,-0.043,0.053
2024-02-28,-5.65,2.88,-0.094,0.156
2024-02-29,-4.45,-0.95,-0.018,0.077
2024-03-01,-6.17,0.76,-0.109,0.126
2024-03-02,-3.96,3.20,-0.033,0.134
2024-03-03,-3.55,1.89,-0.043,0.048
2024-03-04,-3.78,-1.15,-0.092,0.035
2024-03-05,-4.61,1.06,-0.097,0.117
2024-03-06,-1.82,3.56,-0.051,0.139
2024-03-07,1.17,2.52,-0.010,0.053
2024-03-08,-2.11,2.61,0.002,0.084
2024-03-09,-3.13,5.00,-0.027,0.132
2024-03-10,4.53,2.83,0.071,-0.037
2024-03-11,-2.76,-7.59,-0.063,-0.141
2024-03-12,-5.94,0.31,-0.075,0.028
2024-03-13,-3.85,0.96,0.073,-0.097
2024-03-14,-5.15,0.54,0.032,-0.086
2024-03-15,-6.71,1.92,-0.029,0.045
2024-03-16,-4.07,2.25,0.029,-0.010
2024-03-17,-4.06,1.89,-0.018,0.053
2024-03-18,-1.16,4.05,0.052,0.059
2024-03-19,0.89,-6.31,-0.015,-0.070
2024-03-20,-3.52,-1.49,-0.044,0.073
2024-03-21,-4.22,3.30,0.013,0.079
2024-03-22,-7.63,5.75,-0.072,0.172
2024-03-23,7.70,3.11,0.216,0.013
2024-03-24,2.65,-5.68,0.121,-0.144
2024-03-25,-7.36,0.77,-0.173,0.135
2024-03-26,-7.63,5.14,-0.199,0.258
2024-03-27,-5.19,4.06,-0.151,0.153
2024-03-28,3.98,7.81,-0.025,0.062
2024-03-29,-1.82,-8.57,-0.145,-0.083
2024-03-30,-6.79,0.83,-0.281,0.163
2024-03-31,-5.66,1.62,-0.211,0.116
2024-04-01,-5.01,2.90,-0.217,0.135
2024-04-02,-4.80,4.17,-0.202,0.168
2024-04-03,-0.48,6.89,-0.103,0.155
2024-04-04,7.94,0.14,0.038,0.001
2024-04-05,2.03,-5.28,-0.045,-0.077
2024-04-06,2.54,-4.40,-0.056,-0.067
2024-04-07,-0.53,-4.34,-0.082,-0.034
2024-04-08,-8.05,-0.42,-0.244,0.085
2024-04-09,-8.78,3.19,-0.271,0.172
2024-04-10,-8.31,4.42,-0.222,0.187
2024-04-11,-2.19,8.19,-0.012,0.146
2024-04-12,2.11,-6.12,0.025,-0.139
2024-04-13,-2.15,-7.51,-0.103,-0.108
2024-04-14,-7.00,-1.74,-0.183,0.087
2024-04-15,-6.25,-0.44,-0.146,0.084
2024-04-16,-7.67,-0.13,-0.198,0.107
2024-04-17,-8.54,-0.30,-0.217,0.126
2024-04-18,-6.43,0.79,-0.092,0.057
2024-04-19,-5.54,0.88,-0.039,-0.042
2024-04-20,-4.43,1.70,0.034,-0.060
2024-04-21,-3.70,3.70,0.041,-0.006
2024-04-22,3.28,-1.33,0.084,-0.138
2024-04-23,-5.56,-5.56,-0.060,-0.060
2024-04-24,-7.20,-0.38,-0.119,0.084
2024-04-25,-5.03,-0.98,-0.039,-0.089
2024-04-26,-7.52,-0.26,-0.143,-0.018
2024-04-27,-10.00,-0.17,-0.231,0.154
2024-04-28,-10.51,1.10,-0.276,0.205
2024-04-29,-9.29,1.81,-0.232,0.176
2024-04-30,-5.17,2.87,-0.048,0.054
2024-05-01,-4.09,-0.43,0.033,-0.073
2024-05-02,-5.49,-0.67,-0.004,-0.056
2024-05-03,-6.74,-0.59,-0.068,-0.038
2024-05-04,-7.01,0.49,-0.082,-0.012
2024-05-05,-6.83,1.58,-0.061,-0.006
2024-05-06,-7.21,1.53,-0.046,-0.034
2024-05-07,-6.39,2.08,0.002,-0.043
2024-05-08,-5.68,2.90,0.042,-0.082
2024-05-09,-5.27,4.58,0.042,-0.028
2024-05-10,-2.66,3.80,0.084,-0.085
2024-05-11,2.86,1.59,0.112,-0.148
2024-05-12,0.21,-2.97,0.082,-0.128
2024-05-13,-4.27,2.88,0.036,-0.008
2024-05-14,-3.83,4.11,0.051,0.028
2024-05-15,0.32,6.09,0.113,-0.033
2024-05-16,3.90,4.64,0.153,-0.049
2024-05-17,-2.07,4.06,0.074,-0.036
2024-05-18,-2.36,4.43,0.034,0.008
2024-05-19,-0.08,4.58,0.065,-0.038
2024-05-20,4.00,0.21,0.089,-0.079
2024-05-21,1.56,-1.56,0.048,-0.062
2024-05-22,-2.56,1.66,0.017,0.010
2024-05-23,-3.57,0.76,-0.082,0.076
2024-05-24,-2.67,1.42,-0.103,0.103
2024-05-25,-1.92,1.73,-0.100,0.122
2024-05-26,-2.95,0.47,-0.103,0.083
2024-05-27,-3.15,2.38,-0.161,0.110
2024-05-28,-2.14,2.73,-0.195,0.129
2024-05-29,-1.13,-1.13,-0.199,0.070
2024-05-30,-0.80,-1.89,-0.176,0.033
2024-05-31,-6.31,0.44,-0.250,0.078
2024-06-01,-8.51,-1.20,-0.317,0.100
2024-06-02,-5.66,-0.00,-0.221,0.052
2024-06-03,-4.67,0.49,-0.199,0.052
2024-06-04,-5.02,0.18,-0.204,0.031
2024-06-05,-4.31,1.23,,
2024-06-06,-3.13,2.44,,
2024-06-07,1.01,2.63,,
2024-06-08,0.46,4.42,,
2024-06-09,0.63,3.59,0.028,-0.036
2024-06-10,-1.08,5.57,0.018,0.005
2024-06-11,-0.41,7.87,-0.004,0.107
2024-06-12,0.99,8.07,-0.067,0.116
2024-06-13,1.04,7.42,0.065,0.103
2024-06-14,0.84,4.79,0.057,0.090
2024-06-15,-4.04,2.34,-0.052,0.061
2024-06-16,-8.57,1.05,-0.217,0.159
2024-06-17,-9.18,0.32,-0.249,0.175
2024-06-18,-10.02,1.77,-0.254,0.212
2024-06-19,-8.41,2.57,-0.190,0.208
2024-06-20,-7.48,-0.00,-0.152,0.117
2024-06-21,-7.48,-0.26,-0.122,0.092
2024-06-22,-6.01,1.72,-0.069,0.027
2024-06-23,-4.93,0.78,-0.025,-0.073
2024-06-24,-2.63,0.66,0.033,-0.127
2024-06-25,2.13,0.49,0.093,-0.154
2024-06-26,2.97,0.69,0.086,-0.141
2024-06-27,1.23,1.76,0.054,-0.100
2024-06-28,-2.18,3.23,0.021,-0.057
2024-06-29,-5.74,0.30,-0.073,0.004
2024-06-30,-5.91,-1.58,-0.131,0.023
2024-07-01,-4.33,-0.15,-0.105,0.014
2024-07-02,-3.25,2.93,-0.046,0.029
2024-07-03,-5.70,-0.20,-0.111,-0.052
2024-07-04,-6.78,-0.12,-0.151,-0.012
2024-07-05,-4.46,0.95,-0.043,-0.059
2024-07-06,-2.86,1.04,0.027,-0.118
2024-07-07,-3.26,2.64,0.012,0.003
2024-07-08,-2.50,4.17,0.005,0.023
2024-07-09,-5.19,1.99,-0.115,0.082
2024-07-10,-4.44,1.27,-0.061,0.086
2024-07-11,-3.50,1.56,-0.015,0.025
2024-07-12,-2.41,2.68,0.008,0.026
2024-07-13,-5.43,-1.56,-0.126,0.014
2024-07-14,-6.28,-0.22,-0.131,0.079
2024-07-15,-5.75,0.91,-0.114,0.095
2024-07-16,-4.44,0.70,-0.050,0.024
2024-07-17,-5.06,0.44,-0.113,0.059
2024-07-18,-4.57,1.49,-0.069,0.066
2024-07-19,-3.69,2.88,-0.050,0.053
2024-07-20,-4.96,0.88,-0.094,0.066
2024-07-21,-6.14,0.43,-0.144,0.072
2024-07-22,-3.61,2.44,-0.079,0.085
2024-07-23,-5.70,0.50,-0.138,0.068
2024-07-24,-7.00,2.27,-0.177,0.129
2024-07-25,-6.79,1.57,-0.178,0.092
2024-07-26,-4.48,1.37,-0.145,0.054
2024-07-27,-3.20,1.70,-0.134,0.053
2024-07-28,-2.26,1.96,-0.139,0.055
2024-07-29,-1.78,-0.22,-0.125,0.008
2024-07-30,-3.39,-0.12,-0.118,-0.020
2024-07-31,-4.83,1.95,-0.152,0.031
2024-08-01,-5.03,-0.71,-0.185,-0.026
2024-08-02,-5.57,-2.60,-0.195,-0.077
2024-08-03,-10.04,3.26,-0.288,0.144
2024-08-04,-1.49,14.19,0.044,0.321
2024-08-05,2.86,8.30,0.094,-0.078
2024-08-06,5.22,3.39,0.039,-0.211
2024-08-07,5.59,-0.10,0.061,-0.217
2024-08-08,4.42,2.98,0.059,-0.165
2024-08-09,2.31,4.17,0.015,-0.112
2024-08-10,-1.32,3.10,-0.042,-0.073
2024-08-11,-3.95,-0.84,-0.120,-0.057
2024-08-12,-4.35,-1.08,-0.139,0.014
2024-08-13,-3.64,-1.40,-0.136,0.012
2024-08-14,-2.91,-0.46,-0.140,-0.057
2024-08-15,0.12,-2.28,-0.068,-0.035
2024-08-16,-1.35,-2.53,-0.060,0.006
2024-08-17,-3.63,0.06,-0.088,0.048
2024-08-18,-2.60,1.69,-0.059,0.002
2024-08-19,3.19,2.59,-0.005,-0.079
2024-08-20,3.44,3.21,0.058,-0.100
2024-08-21,2.08,2.57,0.077,-0.125
2024-08-22,-2.36,-0.08,-0.050,-0.057
2024-08-23,-5.58,-0.88,-0.129,0.009
2024-08-24,-5.05,-0.89,-0.103,0.044
2024-08-25,-4.76,0.84,-0.091,0.068
2024-08-26,-5.29,-0.00,-0.128,0.044
2024-08-27,-4.84,-1.21,-0.102,0.025
2024-08-28,-5.65,1.73,-0.001,0.074
2024-08-29,-5.95,1.71,-0.050,0.056
2024-08-30,-6.92,0.48,-0.109,0.050
2024-08-31,-4.41,1.78,-0.036,0.028
2024-09-01,-1.29,5.19,0.020,0.047
2024-09-02,-0.67,4.77,0.022,0.010
2024-09-03,-3.53,1.35,-0.064,-0.034
2024-09-04,-5.80,1.13,-0.110,0.065
2024-09-05,-6.96,2.53,-0.142,0.127
2024-09-06,-6.01,2.07,-0.105,0.104
2024-09-07,-4.51,3.28,-0.052,0.084
2024-09-08,-4.89,3.82,-0.078,0.116
2024-09-09,-2.96,2.31,-0.023,0.027
2024-09-10,-2.42,0.34,-0.050,-0.015
2024-09-11,-2.74,1.16,0.026,-0.025
2024-09-12,-0.35,2.86,0.060,-0.064
2024-09-13,-1.65,1.49,0.045,-0.053
2024-09-14,-1.45,2.15,0.063,-0.036
2024-09-15,-0.16,-2.97,0.045,-0.023
2024-09-16,-0.05,2.67,0.063,-0.008
2024-09-17,-1.98,-1.66,-0.001,-0.041
2024-09-18,-2.11,1.43,0.013,0.000
2024-09-19,-0.67,-2.35,0.029,-0.067
2024-09-20,2.23,-1.50,0.023,-0.030
2024-09-21,-2.61,-0.18,-0.004,-0.019
2024-09-22,-3.33,-0.77,-0.025,-0.012
2024-09-23,-4.83,-0.00,-0.056,0.041
2024-09-24,-7.50,1.59,-0.119,0.137
2024-09-25,-8.66,6.52,-0.063,0.198
2024-09-26,-4.86,15.88,0.070,0.471
2024-09-27,4.81,8.68,0.253,0.040
2024-09-28,0.30,5.76,0.091,0.005
2024-09-29,-2.91,2.53,-0.007,-0.006
2024-09-30,-4.94,1.70,-0.099,0.012
2024-10-01,-3.50,2.94,-0.050,0.064
2024-10-02,-1.90,1.43,-0.012,-0.001
2024-10-03,-4.52,0.96,-0.084,0.091
2024-10-04,-5.03,1.44,-0.108,0.130
2024-10-05,-3.71,0.32,-0.133,0.077
2024-10-06,-2.31,3.30,-0.073,0.063
2024-10-07,5.09,4.92,0.085,0.020
2024-10-08,4.24,3.55,0.122,-0.018
2024-10-09,-2.14,12.11,-0.008,0.321
2024-10-10,8.96,-1.26,0.204,-0.184
2024-10-11,-4.62,-4.62,-0.137,0.040
2024-10-12,-7.42,-1.99,-0.203,0.110
2024-10-13,-3.67,-0.32,-0.088,0.075
2024-10-14,-2.61,-1.69,-0.087,0.108
2024-10-15,-2.68,-0.33,-0.029,0.043
2024-10-16,-2.47,-2.00,-0.022,-0.033
2024-10-17,-7.98,-7.44,-0.260,-0.050
2024-10-18,-10.60,-7.15,-0.384,0.051
2024-10-19,-11.48,-6.10,-0.380,0.049
2024-10-20,-6.40,-6.86,-0.266,-0.049
2024-10-21,-5.89,-7.02,-0.231,-0.058
2024-10-22,-4.70,-6.97,-0.155,-0.100
2024-10-23,-3.78,-7.11,-0.163,-0.057
2024-10-24,-4.34,-4.05,-0.116,-0.059
2024-10-25,-6.98,-1.61,-0.143,0.039
2024-10-26,-6.73,-3.43,-0.166,0.020
2024-10-27,-7.69,-3.58,-0.223,0.051
2024-10-28,-7.66,-3.90,-0.239,0.062
2024-10-29,-9.71,-2.78,-0.274,0.116
2024-10-30,-10.22,-1.62,-0.313,0.137
2024-10-31,-10.80,-2.30,-0.322,0.139
2024-11-01,-9.57,-2.21,-0.289,0.105
2024-11-02,-7.75,-3.95,-0.266,0.051
2024-11-03,-9.06,-2.77,-0.299,0.068
2024-11-04,-9.05,-2.94,-0.288,0.079
2024-11-05,-10.52,-1.48,-0.320,0.132
2024-11-06,-10.39,1.46,-0.250,0.158
2024-11-07,-10.96,6.07,-0.238,0.313
2024-11-08,-8.20,2.99,-0.124,0.164
2024-11-09,-7.79,-0.54,-0.137,0.094
2024-11-10,-8.67,0.45,-0.233,0.120
2024-11-11,-5.03,-0.62,-0.085,0.073
2024-11-12,-4.73,-0.92,-0.058,0.071
2024-11-13,-8.57,-2.62,-0.210,0.080
2024-11-14,-9.03,-0.63,-0.199,0.142
2024-11-15,-3.43,-1.39,0.016,-0.010
2024-11-16,-4.76,-3.09,-0.051,0.000
2024-11-17,-8.45,-0.89,-0.212,0.155
2024-11-18,-7.95,2.43,-0.201,0.211
2024-11-19,-6.05,4.90,-0.141,0.244
2024-11-20,0.12,7.05,0.049,0.184
2024-11-21,4.49,-8.44,0.086,-0.219
2024-11-22,2.48,-8.66,0.021,-0.209
2024-11-23,0.44,-6.29,0.044,-0.105
2024-11-24,-3.89,-4.18,0.004,-0.091
2024-11-25,-5.52,-4.32,-0.061,-0.070
2024-11-26,-4.47,-4.17,-0.047,-0.046
2024-11-27,-2.94,-3.15,-0.068,0.043
2024-11-28,-2.99,-3.21,-0.088,0.023
2024-11-29,-0.67,-3.17,-0.042,-0.036
2024-11-30,-1.73,-6.03,-0.068,-0.062
2024-12-01,-1.11,-7.91,-0.073,-0.130
2024-12-02,-1.76,-9.96,-0.138,-0.183
2024-12-03,-4.13,-9.28,-0.221,-0.113
2024-12-04,-4.92,-6.77,-0.195,-0.002
2024-12-05,-4.14,-4.14,-0.119,0.044
2024-12-06,-1.65,-3.89,-0.002,-0.024
2024-12-07,-2.36,-5.83,-0.041,-0.025
2024-12-08,-5.82,-4.54,-0.186,0.067
2024-12-09,-5.76,-0.30,-0.122,0.124
2024-12-10,-5.48,0.67,-0.112,0.132
2024-12-11,-2.15,5.32,-0.033,0.092
2024-12-12,-1.13,-10.74,-0.110,-0.219
2024-12-13,-5.68,-7.54,-0.280,0.000
2024-12-14,-5.89,-6.10,-0.269,0.033
2024-12-15,-6.74,-5.86,-0.249,-0.022
2024-12-16,-6.26,-6.26,-0.273,-0.003
2024-12-17,-6.46,-3.73,-0.202,0.072
2024-12-18,-4.63,-2.78,-0.107,0.026
2024-12-19,-0.83,-4.28,0.017,-0.079
2024-12-20,0.41,-5.85,0.033,-0.151
2024-12-21,1.06,-7.54,0.028,-0.186
2024-12-22,-0.40,-5.77,0.036,-0.087
2024-12-23,-3.52,-5.63,-0.044,-0.060
2024-12-24,-4.88,-4.09,-0.069,0.023
2024-12-25,-5.42,-3.39,-0.109,0.101
2024-12-26,-5.92,-2.04,-0.109,0.091
2024-12-27,-5.86,-0.31,-0.053,0.086
2024-12-28,-6.01,1.50,-0.126,0.134
2024-12-29,-3.22,4.60,-0.052,0.144
2024-12-30,1.12,1.28,-0.008,-0.042
2024-12-31,-0.00,2.80,-0.015,0.047
2025-01-01,0.07,-3.86,0.015,-0.036
2025-01-02,-2.38,-6.55,-0.077,-0.074
2025-01-03,-2.60,-5.33,-0.084,-0.023
2025-01-04,-2.62,-8.57,-0.134,-0.152
2025-01-05,-7.75,-2.37,-0.208,0.095
2025-01-06,-1.89,6.18,0.014,0.113
2025-01-07,4.28,-6.35,0.101,-0.215
2025-01-08,0.22,-6.41,-0.056,-0.067
2025-01-09,0.38,-7.19,-0.045,-0.094
2025-01-10,-6.25,-0.99,-0.145,0.069
2025-01-11,4.08,3.94,0.075,0.063
2025-01-12,-2.70,-4.86,-0.066,-0.038
2025-01-13,-4.38,1.77,-0.088,0.123
2025-01-14,-0.34,-3.84,0.023,0.017
2025-01-15,-4.11,-6.58,-0.162,-0.027
2025-01-16,-6.47,-1.14,-0.197,0.126
2025-01-17,-4.64,3.01,-0.104,0.149
2025-01-18,2.12,4.75,0.089,0.089
2025-01-19,1.04,4.91,0.064,0.056
2025-01-20,-0.90,-7.35,-0.058,-0.090
2025-01-21,-3.56,-5.28,-0.137,0.033
2025-01-22,-1.04,-5.92,-0.036,-0.086
2025-01-23,1.22,-7.72,-0.046,-0.130
2025-01-24,2.73,-7.91,0.021,-0.225
2025-01-25,-3.67,-9.10,-0.192,-0.144
2025-01-26,-5.37,-5.37,-0.207,0.024
2025-01-27,-5.22,-3.14,-0.165,0.041
2025-01-28,-1.36,-3.96,-0.041,-0.006
2025-01-29,-1.84,-3.46,-0.012,-0.040
2025-01-30,-4.61,-1.32,-0.068,0.006
2025-01-31,-5.62,3.12,-0.088,0.101
2025-02-01,-3.14,-0.16,0.017,-0.086
2025-02-02,-2.23,-3.18,-0.013,-0.109
2025-02-03,-4.24,-1.30,-0.013,-0.026
2025-02-04,-3.98,-2.59,-0.016,-0.061
2025-02-05,-3.70,-2.89,-0.077,-0.071
2025-02-06,-5.29,0.46,-0.081,-0.026
2025-02-07,-4.54,-2.32,-0.064,-0.082
2025-02-08,-4.95,-0.70,-0.056,-0.092
2025-02-09,-4.33,0.76,0.004,-0.093
2025-02-10,-4.10,-0.29,0.021,-0.116
2025-02-11,-4.91,1.79,-0.006,-0.057
2025-02-12,-6.12,4.44,-0.019,-0.000
2025-02-13,-4.46,3.88,0.035,-0.045
2025-02-14,-5.56,-0.00,-0.032,-0.100
2025-02-15,-8.64,1.52,-0.166,0.072
2025-02-16,-3.49,6.04,0.017,0.093
2025-02-17,0.64,-3.63,0.061,-0.149
2025-02-18,-0.26,-3.76,0.023,-0.116
2025-02-19,-2.83,3.38,0.021,-0.021
2025-02-20,2.54,-5.44,0.055,-0.133
2025-02-21,-3.71,-7.95,-0.128,-0.123
2025-02-22,-8.53,-2.61,-0.266,0.106
2025-02-23,-5.73,-2.43,-0.153,0.032
2025-02-24,-5.61,4.54,-0.032,0.112
2025-02-25,7.80,-1.38,0.150,-0.133
2025-02-26,-0.30,-5.64,0.025,-0.152
2025-02-27,-0.57,-2.47,0.112,-0.094
2025-02-28,0.72,-5.13,0.065,-0.161
2025-03-01,0.76,-2.50,0.022,-0.135
2025-03-02,1.12,-4.48,0.007,-0.148
2025-03-03,-1.69,-4.65,-0.008,-0.106
2025-03-04,-6.74,1.81,-0.097,0.084
2025-03-05,-2.85,6.72,0.061,0.035
2025-03-06,4.89,-5.63,0.172,-0.255
2025-03-07,-1.81,-5.27,0.033,-0.174
2025-03-08,-1.46,3.27,0.089,-0.030
2025-03-09,-1.60,3.28,0.082,-0.087
2025-03-10,3.44,5.97,0.088,-0.060
2025-03-11,3.33,-7.48,0.079,-0.254
2025-03-12,-1.60,-3.97,-0.051,-0.095
2025-03-13,-3.91,2.54,-0.004,-0.014
2025-03-14,-1.28,-3.02,0.024,-0.168
2025-03-15,-5.37,3.76,-0.071,-0.002
2025-03-16,-3.98,5.89,-0.004,0.075
2025-03-17,3.57,-7.65,0.099,-0.261
2025-03-18,-1.95,-8.47,-0.090,-0.207
2025-03-19,-4.51,-0.63,-0.081,-0.017
2025-03-20,-2.93,3.75,0.020,-0.073
2025-03-21,2.84,-6.70,0.064,-0.242
2025-03-22,-2.77,-2.16,0.002,-0.121
2025-03-23,-4.94,-0.26,0.007,-0.076
2025-03-24,-4.78,2.23,0.035,-0.062
2025-03-25,-2.64,2.06,0.058,-0.143
2025-03-26,-1.03,-3.59,0.034,-0.187
2025-03-27,-6.00,-2.93,-0.115,-0.143
2025-03-28,-10.57,-0.55,-0.280,0.030
2025-03-29,-10.11,2.15,-0.185,0.078
2025-03-30,-5.39,3.63,-0.026,-0.045
2025-03-31,-2.50,2.68,-0.009,-0.153
2025-04-01,-1.73,1.99,-0.031,-0.131
2025-04-02,-6.52,2.50,-0.075,-0.077
2025-04-03,-9.26,3.93,-0.129,0.042
2025-04-04,-10.04,3.65,-0.132,0.049
2025-04-05,-9.84,4.80,-0.120,0.099
2025-04-06,-7.68,5.38,-0.055,0.068
2025-04-07,-4.02,5.53,0.033,-0.029
2025-04-08,3.12,5.40,0.129,-0.122
2025-04-09,3.51,-8.27,0.112,-0.307
2025-04-10,1.42,-8.03,0.031,-0.265
2025-04-11,0.54,-5.09,0.070,-0.197
2025-04-12,2.94,-6.60,0.104,-0.286
2025-04-13,1.07,-6.09,0.040,-0.236
2025-04-14,-4.83,-0.34,-0.004,-0.061
2025-04-15,-3.90,0.14,0.034,-0.057
2025-04-16,1.00,-3.72,0.001,-0.170
2025-04-17,-2.64,-3.78,-0.010,-0.129
2025-04-18,-7.99,-0.70,-0.137,-0.006
2025-04-19,-10.37,-0.54,-0.223,0.083
2025-04-20,-10.45,0.55,-0.221,0.102
2025-04-21,-8.73,1.07,-0.173,0.052
2025-04-22,-7.37,1.43,-0.143,-0.026
2025-04-23,-7.40,-0.00,-0.083,-0.041
2025-04-24,-8.38,-0.59,-0.142,-0.030
2025-04-25,-8.63,-0.60,-0.190,0.018
2025-04-26,-7.17,-0.25,-0.149,-0.008
2025-04-27,-5.70,-0.60,-0.125,-0.074
2025-04-28,-6.02,-0.63,-0.136,-0.081
2025-04-29,-7.77,-0.82,-0.201,0.004
2025-04-30,-8.11,-1.43,-0.251,0.013
2025-05-01,-7.93,0.55,-0.138,-0.023
2025-05-02,-6.96,1.48,-0.105,-0.013
2025-05-03,-4.89,3.30,-0.043,-0.026
2025-05-04,-2.10,4.31,0.013,-0.054
2025-05-05,-2.57,1.55,-0.034,-0.130
2025-05-06,-5.02,2.45,-0.108,-0.022
2025-05-07,-6.07,2.83,-0.135,0.063
2025-05-08,-5.31,2.36,-0.096,0.009
2025-05-09,-5.13,3.09,-0.059,-0.012
2025-05-10,-5.40,5.22,-0.016,-0.010
2025-05-11,-5.78,5.03,-0.012,-0.014
2025-05-12,0.09,4.95,0.084,-0.135
2025-05-13,3.46,0.30,0.146,-0.199
2025-05-14,-0.78,-2.27,0.092,-0.190
2025-05-15,-3.22,0.86,0.070,-0.166
2025-05-16,-4.09,1.02,0.041,-0.136
2025-05-17,-4.23,2.44,0.035,-0.099
2025-05-18,-4.46,2.27,0.015,-0.075
2025-05-19,-4.44,2.78,0.023,-0.054
2025-05-20,-4.46,3.36,0.015,-0.013
2025-05-21,-2.35,2.52,0.047,-0.090
2025-05-22,-0.82,-2.52,0.065,-0.172
2025-05-23,-1.07,-1.58,0.052,-0.170
2025-05-24,-2.57,0.50,0.062,-0.170
2025-05-25,-4.70,0.83,0.021,-0.104
2025-05-26,-4.84,3.51,0.029,-0.039
2025-05-27,-4.63,3.24,0.046,-0.065
2025-05-28,-5.12,2.96,-0.021,-0.003
2025-05-29,-4.70,3.94,-0.027,0.029
2025-05-30,-2.11,3.38,-0.000,-0.014
2025-05-31,3.48,0.49,0.003,-0.072
2025-06-01,3.37,1.23,0.010,-0.022
2025-06-02,-0.00,4.26,-0.022,0.075
2025-06-03,-3.45,4.58,-0.098,0.152
2025-06-04,-3.96,5.07,-0.099,0.106
2025-06-05,-7.50,3.99,-0.210,0.152
2025-06-06,-5.58,2.97,-0.184,0.101
2025-06-07,-4.11,2.28,-0.182,0.001
2025-06-08,-3.69,2.31,-0.183,0.017
2025-06-09,-3.76,2.94,-0.163,-0.010
2025-06-10,-4.91,2.18,-0.181,-0.006
2025-06-11,-3.87,3.74,-0.153,0.027
2025-06-12,-5.29,3.57,-0.153,0.015
2025-06-13,-6.25,4.38,-0.176,0.096
2025-06-14,-5.90,3.83,-0.161,0.095
2025-06-15,-5.59,3.63,-0.149,0.046
2025-06-16,-6.03,3.34,-0.158,0.085
2025-06-17,-6.49,3.60,-0.169,0.126
2025-06-18,-6.21,2.89,-0.187,0.120
2025-06-19,-5.65,1.84,-0.188,0.077
2025-06-20,-4.20,-1.37,-0.161,-0.002
2025-06-21,-4.74,0.08,-0.137,0.006
2025-06-22,-5.89,0.21,-0.151,0.040
2025-06-23,-6.91,0.24,-0.170,0.080
2025-06-24,-7.87,-0.83,-0.201,0.070
2025-06-25,-6.64,-1.17,-0.169,0.010
2025-06-26,-4.74,0.92,-0.116,-0.018
2025-06-27,-4.88,1.97,-0.125,-0.030
2025-06-28,-6.23,1.79,-0.159,-0.020
2025-06-29,-6.02,1.39,-0.170,-0.027
2025-06-30,-6.35,-0.22,-0.170,-0.064
2025-07-01,-4.40,1.51,-0.113,-0.102
2025-07-02,-1.19,3.47,-0.041,-0.110
2025-07-03,1.74,1.00,-0.023,-0.152
2025-07-04,3.03,1.35,-0.022,-0.126
2025-07-05,4.68,3.40,0.076,-0.102
2025-07-06,1.78,4.64,0.033,-0.058
2025-07-07,-2.90,1.48,-0.093,-0.042
2025-07-08,-4.84,-2.06,-0.166,-0.041
2025-07-09,-4.49,-2.09,-0.156,-0.154
2025-07-10,-3.40,-0.18,-0.123,-0.145
2025-07-11,-5.64,0.89,-0.183,-0.058
2025-07-12,-4.68,1.52,-0.174,-0.031
2025-07-13,-3.22,0.45,-0.111,-0.126
2025-07-14,-0.72,-1.63,-0.067,-0.174
2025-07-15,0.51,1.68,-0.020,-0.167
2025-07-16,-2.59,3.69,-0.043,-0.095
2025-07-17,-4.64,2.37,-0.077,-0.090
2025-07-18,-7.20,2.06,-0.140,-0.042
2025-07-19,-6.83,0.60,-0.125,-0.070
2025-07-20,-5.23,-0.55,-0.098,-0.123
2025-07-21,-3.36,-0.59,-0.071,-0.148
2025-07-22,-2.16,-0.42,-0.090,-0.180
2025-07-23,-2.94,1.91,-0.062,-0.173
2025-07-24,-4.71,1.90,-0.097,-0.147
2025-07-25,-6.96,1.61,-0.151,-0.100
2025-07-26,-7.29,0.89,-0.168,-0.096
2025-07-27,-4.93,-1.23,-0.093,-0.171
2025-07-28,-3.27,-1.00,-0.023,-0.181
2025-07-29,-2.37,1.37,0.024,-0.182
2025-07-30,-1.82,2.33,0.124,-0.187
2025-07-31,-2.74,1.39,0.117,-0.185
2025-08-01,-3.60,0.97,0.087,-0.160
2025-08-02,-3.17,0.33,0.084,-0.169
2025-08-03,-1.59,0.95,0.093,-0.161
2025-08-04,-3.06,2.95,0.053,-0.084
2025-08-05,-3.54,2.57,0.032,-0.074
2025-08-06,-3.45,-1.99,-0.010,-0.124
2025-08-07,-3.88,-1.89,-0.025,-0.079
2025-08-08,-3.07,1.56,-0.000,-0.039
2025-08-09,-2.13,3.05,0.027,-0.062
2025-08-10,-0.63,3.57,0.038,-0.061
2025-08-11,-3.31,2.23,-0.032,-0.022
2025-08-12,-4.77,2.98,-0.061,0.069
2025-08-13,-3.38,3.26,-0.027,0.061
2025-08-14,-2.29,1.60,-0.030,0.023
2025-08-15,-4.00,-0.21,-0.075,0.024
2025-08-16,-3.52,-1.21,-0.080,-0.009
2025-08-17,-2.34,-0.63,-0.047,-0.044
2025-08-18,0.33,-1.55,-0.037,-0.075
2025-08-19,0.29,-4.09,-0.062,-0.099
2025-08-20,2.48,-2.96,-0.030,-0.187
2025-08-21,3.16,1.28,0.019,-0.182
2025-08-22,1.63,1.88,0.043,-0.198
2025-08-23,0.82,2.51,0.093,-0.196
2025-08-24,1.17,2.90,0.112,-0.193
2025-08-25,-1.88,0.13,0.103,-0.187
2025-08-26,-2.81,-1.19,0.032,-0.142
2025-08-27,-3.20,-1.85,-0.035,0.026
2025-08-28,-3.45,-0.00,-0.024,0.034
2025-08-29,-2.47,1.67,0.010,0.033
2025-08-30,2.85,1.78,0.054,-0.028
2025-08-31,5.04,0.26,0.108,-0.046
2025-09-01,5.72,-0.30,0.157,-0.086
2025-09-02,4.99,-1.43,0.156,-0.108
2025-09-03,5.72,0.30,0.163,-0.108
2025-09-04,5.36,1.64,0.163,-0.105
2025-09-05,4.54,3.18,0.135,-0.085
2025-09-06,1.88,3.26,0.093,-0.057
2025-09-07,1.28,2.88,0.070,-0.049
2025-09-08,1.69,3.04,0.079,-0.058
2025-09-09,2.68,3.08,0.110,-0.067
2025-09-10,2.51,2.60,0.086,-0.028
2025-09-11,2.32,0.00,0.040,-0.074
2025-09-12,0.09,-2.52,0.054,-0.041
2025-09-13,-0.60,-2.60,0.040,-0.041
2025-09-14,-0.18,-1.70,0.046,-0.013
2025-09-15,-0.65,1.88,0.016,0.071
2025-09-16,-2.20,0.93,-0.011,0.062
2025-09-17,-3.92,-1.66,-0.123,0.072
2025-09-18,-5.27,-2.46,-0.199,0.080
2025-09-19,-2.55,-3.39,-0.118,0.035
2025-09-20,-2.67,-3.95,-0.115,0.022
2025-09-21,-4.62,-2.67,-0.171,0.048
2025-09-22,-4.61,1.15,-0.152,0.106
2025-09-23,-3.53,2.20,-0.123,0.105
2025-09-24,-4.13,-1.42,-0.149,0.026
2025-09-25,-2.02,-1.42,-0.105,0.030
2025-09-26,-1.63,-1.57,-0.095,0.030
2025-09-27,-1.07,-3.29,-0.113,-0.019
2025-09-28,-0.62,-7.06,-0.104,-0.109
2025-09-29,2.57,-6.07,-0.031,-0.113
2025-09-30,6.60,-3.81,0.095,-0.142
2025-10-01,2.61,-2.70,0.066,-0.040
2025-10-02,-0.51,-2.62,-0.011,0.004
2025-10-03,-5.85,-2.48,-0.146,0.090
2025-10-04,-5.62,-0.59,-0.205,0.141
2025-10-05,-3.24,0.40,-0.116,0.090
2025-10-06,0.05,-1.43,-0.089,0.061
2025-10-07,-2.76,-1.53,-0.103,0.072
2025-10-08,-5.44,-2.89,-0.147,0.071
2025-10-09,-5.89,-1.36,-0.148,0.106
2025-10-10,-1.79,3.09,-0.002,0.129
2025-10-11,1.86,2.98,0.030,0.084
2025-10-12,-0.54,-3.44,-0.051,0.093
2025-10-13,-2.44,-3.36,-0.089,0.071
2025-10-14,-6.03,-2.81,-0.234,0.107
2025-10-15,-5.17,-4.04,-0.262,0.101
2025-10-16,-2.52,-2.79,-0.179,0.089
2025-10-17,-6.25,-2.40,-0.257,0.103
2025-10-18,-7.97,-1.69,-0.307,0.112
2025-10-19,-5.77,1.76,-0.226,0.155
2025-10-20,-3.60,-0.51,-0.144,0.098
2025-10-21,-4.89,0.26,-0.168,0.111
2025-10-22,-5.21,-1.20,-0.216,0.063
2025-10-23,-4.40,-4.11,-0.210,0.017
2025-10-24,-8.40,-4.85,-0.326,0.044
2025-10-25,-9.31,-5.16,-0.350,0.078
2025-10-26,-9.45,-3.25,-0.321,0.142
2025-10-27,-6.44,1.49,-0.173,0.167
2025-10-28,-1.78,-3.07,-0.080,0.064
2025-10-29,0.29,-5.48,-0.074,0.030
2025-10-30,6.32,-5.89,0.098,-0.186
2025-10-31,0.77,-5.47,-0.021,-0.066
2025-11-01,-4.12,-3.71,-0.158,0.050
2025-11-02,-5.47,-2.21,-0.202,0.063
2025-11-03,-2.52,-4.95,-0.151,-0.000
2025-11-04,-6.52,-4.91,-0.237,0.011
2025-11-05,-6.46,-3.73,-0.248,0.017
2025-11-06,-5.57,-3.22,-0.219,0.021
2025-11-07,-4.78,-0.42,-0.183,0.073
2025-11-08,-2.11,-0.11,-0.103,0.064
2025-11-09,-1.53,2.26,-0.082,0.069
2025-11-10,3.31,-5.30,-0.013,-0.141
2025-11-11,-1.15,-10.97,-0.119,-0.254
2025-11-12,-6.95,-4.86,-0.246,0.023
2025-11-13,-5.64,-4.57,-0.203,-0.014
2025-11-14,-4.50,-5.00,-0.188,-0.028
2025-11-15,-4.31,-4.02,-0.156,0.020
2025-11-16,-2.81,-3.01,-0.065,-0.021
2025-11-17,-1.17,-2.11,0.004,-0.060
2025-11-18,-4.19,-2.83,-0.081,-0.040
2025-11-19,-6.14,-1.42,-0.147,0.080
2025-11-20,-4.93,-2.73,-0.136,-0.004
2025-11-21,-4.95,-2.74,-0.137,0.016
2025-11-22,-4.67,-3.27,-0.125,0.014
2025-11-23,-1.82,-4.09,-0.061,-0.021
2025-11-24,-3.52,-2.65,-0.077,0.028
2025-11-25,-6.09,1.52,-0.136,0.134
2025-11-26,-4.41,0.78,-0.076,0.075
2025-11-27,-2.49,-2.09,-0.033,-0.013
2025-11-28,-2.07,-10.64,-0.160,-0.201
2025-11-29,-8.01,-6.26,-0.284,0.006
2025-11-30,-8.26,-2.69,-0.235,0.129
2025-12-01,-5.38,-1.34,-0.101,0.018
2025-12-02,-1.63,5.70,0.014,0.052
2025-12-03,0.00,-3.08,0.080,-0.089
2025-12-04,-3.88,-2.82,0.007,-0.077
2025-12-05,-4.16,1.43,0.030,-0.029
2025-12-06,-1.97,1.71,0.062,-0.077
2025-12-07,-2.67,2.01,0.055,-0.040
2025-12-08,3.86,2.61,0.146,-0.094
2025-12-09,-2.84,-2.94,0.039,-0.022
2025-12-10,-2.19,-5.41,-0.012,-0.026
2025-12-11,1.00,-5.65,0.041,-0.131
2025-12-12,-4.16,-2.81,-0.039,-0.033
2025-12-13,-6.37,-1.59,-0.107,0.071
2025-12-14,-3.70,1.42,0.014,-0.005
2025-12-15,-3.97,-7.15,-0.125,-0.084
2025-12-16,-7.93,-6.43,-0.289,0.035
2025-12-17,-6.81,-2.75,-0.184,0.082
2025-12-18,-5.55,1.80,-0.079,0.078
2025-12-19,4.02,1.23,0.043,-0.060
2025-12-20,-0.77,-4.88,-0.051,-0.089
2025-12-21,-3.08,-3.31,-0.123,0.013
2025-12-22,-5.43,-5.24,-0.206,-0.008
2025-12-23,-9.01,-2.41,-0.327,0.094
2025-12-24,-5.72,-4.80,-0.219,0.021
2025-12-25,-5.09,-4.43,-0.185,-0.011
2025-12-26,-1.53,-4.71,-0.105,-0.021
2025-12-27,-0.84,-3.93,-0.070,0.009
2025-12-28,-2.22,-2.56,-0.071,0.031
2025-12-29,-2.34,-1.29,-0.086,0.046
2025-12-30,3.48,-6.03,0.017,-0.159
2025-12-31,1.67,-7.86,-0.038,-0.199
2026-01-01,1.01,-5.71,-0.035,-0.104
2026-01-02,-2.04,-2.11,-0.056,0.037
2026-01-03,-1.77,0.64,-0.045,0.044
2026-01-04,3.68,1.20,0.048,0.016
2026-01-05,-2.73,-1.58,-0.074,0.053
2026-01-06,-2.80,-2.27,-0.086,0.040
2026-01-07,-2.43,-2.43,-0.051,-0.018
2026-01-08,-4.40,-0.94,-0.091,0.061
2026-01-09,-6.26,1.56,-0.154,0.138
2026-01-10,-6.51,1.38,-0.169,0.124
2026-01-11,-4.09,-1.41,-0.112,0.042
2026-01-12,-3.34,-5.35,-0.123,-0.032
2026-01-13,-3.47,-2.52,-0.102,0.025
2026-01-14,0.13,-2.48,0.008,-0.036
2026-01-15,6.58,-3.65,0.131,-0.173
2026-01-16,-1.34,-7.58,-0.109,-0.170
2026-01-17,-4.89,-1.49,-0.113,0.059
2026-01-18,0.56,-3.96,0.009,-0.088
2026-01-19,1.14,-9.29,-0.031,-0.280
2026-01-20,-4.21,-8.26,-0.214,-0.137
2026-01-21,-7.58,-6.14,-0.292,0.010
2026-01-22,-5.24,-4.09,-0.175,-0.021
2026-01-23,-1.81,-3.89,-0.044,-0.113
2026-01-24,-3.59,-2.16,-0.039,-0.036
2026-01-25,-5.13,2.85,-0.015,0.063
2026-01-26,4.28,2.68,0.091,-0.092
2026-01-27,0.20,-11.66,-0.059,-0.304
2026-01-28,-0.78,-8.90,0.001,-0.267
2026-01-29,-0.70,-8.02,0.043,-0.230
2026-01-30,-2.28,-3.95,0.027,-0.161
2026-01-31,4.14,-3.60,0.127,-0.209
2026-02-01,7.34,-10.88,0.182,-0.442
2026-02-02,1.44,-8.14,0.021,-0.224
2026-02-03,-3.35,-5.17,-0.069,-0.078
2026-02-04,-2.49,-3.83,0.032,-0.111
2026-02-05,3.49,-3.25,0.080,-0.172
2026-02-06,2.80,-6.59,0.061,-0.208
2026-02-07,3.43,-2.14,0.037,-0.082
2026-02-08,-1.51,-6.55,-0.128,-0.071
2026-02-09,-4.19,-2.72,-0.168,0.010
2026-02-10,-4.72,-0.75,-0.181,0.023
2026-02-11,-4.06,1.56,-0.162,0.051
2026-02-12,-1.07,-1.59,-0.086,-0.045
2026-02-13,0.05,-1.51,-0.062,-0.057
2026-02-14,-2.30,-2.56,-0.083,-0.047
2026-02-15,-3.81,4.71,-0.101,0.034
2026-02-16,4.50,1.91,0.017,-0.114
2026-02-17,-1.39,-2.98,-0.086,-0.142
2026-02-18,-4.60,2.24,-0.244,-0.111
2026-02-19,-3.58,3.33,-0.126,-0.185
2026-02-20,-3.40,2.65,-0.064,-0.224
2026-02-21,-3.06,1.18,-0.030,-0.241
2026-02-22,2.62,1.06,0.080,-0.234
2026-02-23,3.01,-11.24,0.101,-0.396
2026-02-24,0.74,-8.41,0.067,-0.287
2026-02-25,-3.61,-0.77,0.100,-0.234
2026-02-26,-3.80,3.43,0.089,-0.200
2026-02-27,-4.24,2.45,0.092,-0.225
2026-02-28,-1.59,3.56,0.124,-0.218
2026-03-01,-2.50,-2.25,0.138,-0.221
2026-03-02,-5.34,-1.53,0.067,-0.208
2026-03-03,-6.23,-3.04,0.026,-0.221
2026-03-04,-7.36,-1.84,0.019,-0.236
2026-03-05,-8.10,0.57,0.006,-0.157
2026-03-06,-8.05,0.99,0.003,-0.131
2026-03-07,-7.85,0.96,0.001,-0.115
2026-03-08,-6.87,1.34,0.044,-0.084
2026-03-09,-5.04,0.62,0.108,-0.119
2026-03-10,-6.08,0.21,0.060,-0.076
2026-03-11,-6.85,1.97,0.012,0.024
2026-03-12,-2.68,5.27,0.072,0.034
2026-03-13,1.47,-2.11,0.106,-0.067
2026-03-14,-3.11,-1.45,0.036,-0.044
2026-03-15,-4.76,2.97,0.004,0.091
2026-03-16,-2.21,6.08,0.029,0.071
2026-03-17,0.40,-5.77,0.013,-0.150
2026-03-18,-2.40,-8.95,-0.158,-0.146
2026-03-19,-4.34,-9.74,-0.231,-0.112
2026-03-20,-3.78,-8.49,-0.202,-0.067
2026-03-21,-2.42,-5.44,-0.178,0.015
2026-03-22,-1.14,-3.97,-0.118,0.062
2026-03-23,-2.45,-1.71,-0.130,0.090
2026-03-24,-0.57,-3.59,-0.115,0.060
2026-03-25,-2.83,-3.49,-0.175,0.061
2026-03-26,-5.65,-2.28,-0.240,0.090
2026-03-27,-5.78,-2.45,-0.243,0.059
2026-03-28,-3.59,-3.59,-0.203,0.016
2026-03-29,-5.87,-2.62,-0.241,0.057
2026-03-30,-8.60,-0.45,-0.316,0.115
2026-03-31,-9.83,0.17,-0.349,0.115
2026-04-01,-8.30,0.29,-0.304,0.088
2026-04-02,-7.81,0.96,-0.292,0.099
2026-04-03,-8.95,0.94,-0.330,0.148
2026-04-04,-8.78,0.46,-0.318,0.112
2026-04-05,-7.33,-0.13,-0.254,0.073
2026-04-06,-4.01,-1.54,-0.148,0.044
2026-04-07,0.00,-2.71,-0.004,-0.005
2026-04-08,-2.69,-1.62,-0.025,0.061
2026-04-09,-4.69,-4.22,-0.115,0.037
2026-04-10,-7.99,-4.07,-0.274,0.091
2026-04-11,-7.91,-3.69,-0.244,0.082
2026-04-12,-9.61,-2.94,-0.285,0.106
2026-04-13,-9.76,-2.99,-0.284,0.093
2026-04-14,-8.82,-0.46,-0.226,0.115
2026-04-15,-8.01,-0.98,-0.162,0.047
2026-04-16,-6.44,-1.02,-0.119,-0.001
2026-04-17,-4.41,-3.57,-0.102,-0.105
2026-04-18,-4.80,-0.67,-0.101,-0.036
2026-04-19,-2.95,-1.25,-0.069,-0.065
2026-04-20,0.18,-5.15,-0.077,-0.137
2026-04-21,-8.95,-4.96,-0.265,0.032
2026-04-22,-9.62,-1.01,-0.271,0.167
2026-04-23,-8.15,1.44,-0.176,0.172
2026-04-24,-5.32,2.15,-0.102,0.092
2026-04-25,-3.37,2.27,-0.065,0.082
2026-04-26,-0.88,3.51,-0.017,0.035
2026-04-27,-0.16,-3.15,-0.077,-0.077
2026-04-28,-4.17,-1.77,-0.141,0.010
2026-04-29,-3.29,0.17,-0.109,0.022
2026-04-30,-1.08,1.67,-0.038,-0.017
2026-05-01,-1.96,0.17,-0.019,-0.010
2026-05-02,-0.70,4.99,0.024,0.067
2026-05-03,-3.61,1.76,0.036,0.002
2026-05-04,0.45,-2.84,0.035,-0.052
2026-05-05,-1.89,-1.09,0.005,-0.055
2026-05-06,-1.56,-0.86,0.021,-0.085
2026-05-07,-3.06,2.66,0.002,0.047
2026-05-08,-2.75,-0.43,0.017,-0.065
2026-05-09,-3.15,3.26,-0.021,0.031
2026-05-10,-3.75,3.14,-0.060,0.092
2026-05-11,-3.22,2.17,-0.077,0.045
2026-05-12,-2.35,1.91,-0.102,0.021
2026-05-13,3.73,0.79,-0.023,-0.052
2026-05-14,5.98,-1.49,0.057,-0.142
2026-05-15,1.25,-2.95,-0.049,-0.161
2026-05-16,-3.10,0.89,-0.112,-0.063
2026-05-17,-5.80,2.11,-0.196,0.023
2026-05-18,-7.91,0.69,-0.248,0.091
2026-05-19,-6.99,0.61,-0.210,0.093
2026-05-20,-5.35,1.74,-0.189,0.075
2026-05-21,-6.20,1.21,-0.183,0.048
2026-05-22,-5.99,3.18,-0.139,0.099
2026-05-23,-5.33,3.46,-0.078,0.057
2026-05-24,-6.74,3.29,-0.088,0.105
2026-05-25,-7.78,4.14,-0.132,0.153
2026-05-26,-8.19,4.92,-0.149,0.156
2026-05-27,-6.12,5.14,-0.123,0.041
2026-05-28,-2.76,3.41,-0.096,-0.067
2026-05-29,-1.01,2.27,-0.099,-0.130
2026-05-30,0.26,1.14,-0.056,-0.128
2026-05-31,0.88,2.17,-0.001,-0.134
2026-06-01,-1.43,1.54,-0.018,-0.116
2026-06-02,-2.23,-1.24,-0.036,-0.099
2026-06-03,-1.53,-2.65,-0.006,-0.121
2026-06-04,-6.10,-1.30,-0.119,-0.022
2026-06-05,-5.83,-0.20,-0.110,0.016
2026-06-06,-5.98,-1.16,-0.163,0.018
2026-06-07,-5.91,0.10,-0.160,0.058
2026-06-08,-4.22,1.88,-0.132,0.091
2026-06-09,-4.43,1.97,-0.132,0.014
2026-06-10,-4.88,2.93,-0.028,-0.051
2026-06-11,-3.70,1.97,0.027,-0.111
2026-06-12,-4.17,1.77,-0.018,-0.141
2026-06-13,-2.68,0.14,-0.006,-0.185
2026-06-14,-2.15,0.87,-0.038,-0.200
2026-06-15,1.21,3.51,0.007,-0.188
2026-06-16,-0.80,3.76,-0.000,-0.148
2026-06-17,-1.59,4.61,-0.002,-0.074
2026-06-18,-2.12,4.17,-0.015,-0.100
2026-06-19,-1.88,3.86,-0.016,-0.101
2026-06-20,-3.02,0.70,-0.027,-0.123
2026-06-21,-2.35,2.26,0.000,-0.100
2026-06-22,-3.10,0.77,-0.004,-0.056
2026-06-23,-3.67,2.29,-0.027,-0.034
2026-06-24,-2.72,-0.24,-0.065,-0.079
2026-06-25,-3.78,1.37,-0.092,-0.003
2026-06-26,-5.30,1.13,-0.119,0.024
2026-06-27,-4.20,0.74,-0.111,0.019
2026-06-28,-4.50,-0.71,-0.138,0.043
2026-06-29,-4.87,0.60,-0.138,0.050
2026-06-30,-2.86,-0.99,-0.110,-0.005
2026-07-01,-2.66,1.54,-0.007,-0.095
2026-07-02,-2.57,0.79,0.007,-0.123
2026-07-03,-2.30,1.23,0.015,-0.135
2026-07-04,-2.05,1.91,0.007,-0.120
2026-07-05,-1.83,3.31,-0.004,-0.089
2026-07-06,-0.93,3.03,0.001,-0.115
2026-07-07,-3.22,0.99,-0.023,-0.115
2026-07-08,-6.28,1.92,-0.081,-0.021
2026-07-09,-7.50,2.29,-0.106,0.085
2026-07-10,-7.70,1.64,-0.063,0.032
2026-07-11,-5.51,2.23,-0.014,-0.070
2026-07-12,-5.13,1.47,0.017,-0.102
2026-07-13,-5.94,1.70,0.029,-0.081
2026-07-14,-5.96,1.60,0.022,-0.104
2026-07-15,-6.74,-0.71,-0.014,-0.099
2026-07-16,-3.81,-2.03,0.061,-0.141
2026-07-17,-2.10,0.18,0.100,-0.162
2026-07-18,-0.40,2.50,0.082,-0.101
2026-07-19,0.62,5.86,0.085,-0.018
2026-07-20,0.77,5.48,0.071,-0.013
2026-07-21,-2.10,4.72,-0.014,0.087
2026-07-22,-4.66,3.78,-0.053,0.122
2026-07-23,-5.03,-0.00,-0.078,0.049
2026-07-24,-4.05,-0.14,-0.032,0.025
2026-07-25,-1.97,0.42,0.032,-0.029
2026-07-26,2.18,0.11,0.032,-0.090
2026-07-27,2.91,-0.62,0.015,-0.074
2026-07-28,4.41,1.10,0.083,-0.071
2026-07-29,4.51,2.71,0.120,-0.083
2026-07-30,2.75,1.86,0.095,-0.115
2026-07-31,0.56,0.58,0.044,-0.118
2026-08-01,0.98,-1.05,0.052,-0.122
2026-08-02,-1.79,2.47,0.050,-0.037
2026-08-03,-1.67,4.35,0.043,-0.003
2026-08-04,0.14,2.70,0.013,-0.046
2026-08-05,-4.07,0.86,-0.087,0.094
2026-08-06,-5.73,-0.40,-0.149,0.112
2026-08-07,-3.77,-0.80,-0.088,0.081
2026-08-08,-3.50,2.27,-0.075,0.078
2026-08-09,-5.80,1.77,-0.142,0.094
2026-08-10,-7.03,1.88,-0.172,0.119
2026-08-11,-5.72,1.32,-0.145,0.050
2026-08-12,-3.27,0.52,-0.114,0.030
2026-08-13,-2.50,1.11,-0.070,0.023
2026-08-14,-4.00,0.78,-0.081,0.041
2026-08-15,-4.73,1.54,-0.103,0.075
2026-08-16,-5.87,1.14,-0.144,0.097
2026-08-17,-4.45,0.78,-0.107,0.096
2026-08-18,-1.60,-0.58,-0.028,0.006
2026-08-19,1.90,-2.52,-0.038,-0.043
2026-08-20,2.69,-1.20,0.000,-0.023
2026-08-21,-0.71,2.64,0.009,0.031
2026-08-22,-0.91,2.98,0.016,-0.001
2026-08-23,-1.10,1.99,0.002,-0.037
2026-08-24,-2.19,2.12,-0.013,-0.016
2026-08-25,-3.40,1.66,-0.028,-0.008
2026-08-26,-3.25,1.73,-0.008,-0.053
2026-08-27,-3.40,2.96,0.009,-0.023
2026-08-28,-3.26,1.00,0.015,-0.088
2026-08-29,-4.08,-0.00,-0.018,-0.072
2026-08-30,-3.82,1.09,-0.006,-0.040
2026-08-31,-3.21,-0.57,-0.018,-0.080
2026-09-01,-2.26,-0.78,0.002,-0.088
2026-09-02,-1.89,-0.00,0.075,-0.092
2026-09-03,1.74,2.48,0.118,-0.089
2026-09-04,-1.11,2.88,0.100,-0.088
2026-09-05,-2.27,2.35,0.090,-0.073
2026-09-06,-3.09,0.60,0.099,-0.097
2026-09-07,0.68,2.74,0.123,-0.089
2026-09-08,0.34,1.74,0.108,-0.106
2026-09-09,-2.83,0.15,-0.018,0.034
2026-09-10,-4.83,0.85,-0.062,0.067
2026-09-11,-4.20,2.14,-0.030,0.055
2026-09-12,-2.80,3.22,0.036,0.021
2026-09-13,-0.56,2.90,0.034,-0.018
2026-09-14,-1.77,0.38,0.010,0.018
2026-09-15,-3.87,0.48,-0.043,0.074
2026-09-16,-6.89,-1.09,-0.154,0.106
2026-09-17,-5.78,-1.23,-0.101,0.125
2026-09-18,-4.48,-0.39,-0.077,0.077
2026-09-19,-2.88,1.47,-0.027,0.045
2026-09-20,-0.50,2.84,0.016,0.059
2026-09-21,0.93,4.03,0.066,0.080
2026-09-22,-0.68,5.53,0.038,0.143
2026-09-23,0.05,2.88,0.060,0.035
2026-09-24,-1.13,-1.74,0.004,-0.028
2026-09-25,-0.53,-3.80,-0.002,-0.044
