date,wind_u,wind_v,cur_u,cur_v
2016-01-01,-4.22,3.30,,
2016-01-02,-0.88,2.87,,
2016-01-03,0.27,5.14,,
2016-01-04,7.19,2.76,,
2016-01-05,-5.62,-8.66,,
2016-01-06,-8.17,-9.40,,
2016-01-07,4.95,-7.07,,
2016-01-08,1.96,-2.60,,
2016-01-09,1.58,5.50,,
2016-01-10,2.76,4.78,,
2016-01-11,0.64,-4.05,,
2016-01-12,-2.62,-3.61,,
2016-01-13,-3.44,-5.50,,
2016-01-14,-5.58,-2.26,,
2016-01-15,-7.35,7.10,,
2016-01-16,6.00,0.74,,
2016-01-17,3.03,8.32,,
2016-01-18,1.25,-7.11,,
2016-01-19,-1.08,-7.68,,
2016-01-20,-1.98,-5.43,,
2016-01-21,-4.99,-2.54,,
2016-01-22,-6.86,5.96,,
2016-01-23,12.32,2.84,,
2016-01-24,9.01,-5.85,,
2016-01-25,-3.71,-2.70,,
2016-01-26,-7.35,2.25,,
2016-01-27,-4.98,5.94,,
2016-01-28,0.12,6.99,,
2016-01-29,10.37,0.73,,
2016-01-30,-2.72,-4.35,,
2016-01-31,-4.67,0.57,,
2016-02-01,-3.43,2.49,,
2016-02-02,-3.90,-0.07,,
2016-02-03,-8.21,1.60,,
2016-02-04,-5.75,3.19,,
2016-02-05,-3.50,0.68,,
2016-02-06,-5.09,-3.18,,
2016-02-07,8.62,4.39,,
2016-02-08,6.96,-2.67,,
2016-02-09,9.36,1.15,,
2016-02-10,9.19,-2.64,,
2016-02-11,2.97,-6.08,,
2016-02-12,-4.26,-2.26,,
2016-02-13,1.59,-3.93,,
2016-02-14,-4.04,-7.29,,
2016-02-15,-10.64,-1.49,,
2016-02-16,-4.32,7.48,,
2016-02-17,-0.42,-3.44,,
2016-02-18,-1.47,-7.55,,
2016-02-19,-6.90,-7.15,,
2016-02-20,-7.30,-2.80,,
2016-02-21,-6.47,-0.23,,
2016-02-22,-5.60,0.59,,
2016-02-23,-5.23,3.80,,
2016-02-24,-2.83,4.89,,
2016-02-25,6.96,3.39,,
2016-02-26,3.18,-6.52,,
2016-02-27,1.97,-5.72,,
2016-02-28,-4.48,-5.74,,
2016-02-29,-5.25,-0.46,,
2016-03-01,-5.78,0.51,,
2016-03-02,-2.45,-0.52,,
2016-03-03,-2.79,-0.75,,
2016-03-04,2.05,4.82,,
2016-03-05,-4.85,-3.53,,
2016-03-06,-4.08,-3.55,,
2016-03-07,-6.45,-6.92,,
2016-03-08,-8.22,-1.01,,
2016-03-09,-8.46,2.11,,
2016-03-10,-8.37,2.24,,
2016-03-11,-7.06,2.43,,
2016-03-12,-6.25,2.40,,
2016-03-13,-3.15,3.89,,
2016-03-14,-0.75,2.99,,
2016-03-15,1.69,2.71,,
2016-03-16,1.70,-0.30,,
2016-03-17,-0.21,2.43,,
2016-03-18,-0.20,2.84,,
2016-03-19,-2.41,3.72,,
2016-03-20,-0.10,5.91,,
2016-03-21,7.10,-1.90,,
2016-03-22,-4.01,-9.01,,
2016-03-23,-7.78,-0.68,,
2016-03-24,-6.65,0.70,,
2016-03-25,-4.34,5.17,,
2016-03-26,-4.52,3.79,,
2016-03-27,-5.91,3.55,,
2016-03-28,-2.27,5.10,,
2016-03-29,-1.72,2.20,,
2016-03-30,-5.21,-1.11,,
2016-03-31,-7.23,4.35,,
2016-04-01,-4.12,5.09,,
2016-04-02,-3.04,6.24,,
2016-04-03,2.77,5.21,,
2016-04-04,-4.55,-3.43,,
2016-04-05,-0.66,-6.32,,
2016-04-06,-6.69,-5.42,,
2016-04-07,-5.14,3.09,,
2016-04-08,0.24,2.28,,
2016-04-09,2.09,-2.01,,
2016-04-10,-4.51,-6.45,,
2016-04-11,-7.78,-3.63,,
2016-04-12,-5.20,-3.13,,
2016-04-13,-4.11,-1.83,,
2016-04-14,-3.31,-0.41,,
2016-04-15,-3.15,1.40,,
2016-04-16,-2.63,-2.13,,
2016-04-17,-5.93,-6.14,,
2016-04-18,-3.64,-6.84,,
2016-04-19,-4.59,-5.10,,
2016-04-20,-5.60,-2.38,,
2016-04-21,-8.04,0.28,,
2016-04-22,-8.12,2.80,,
2016-04-23,-1.18,6.06,,
2016-04-24,0.48,-3.94,,
2016-04-25,-4.38,-2.53,,
2016-04-26,-5.73,-1.97,,
2016-04-27,-4.64,0.49,,
2016-04-28,-4.68,-0.41,,
2016-04-29,-3.50,-2.73,,
2016-04-30,-5.58,-2.49,,
2016-05-01,-7.09,-0.00,,
2016-05-02,-7.03,1.88,,
2016-05-03,-4.56,5.06,,
2016-05-04,0.10,5.62,,
2016-05-05,7.53,4.52,,
2016-05-06,3.41,-0.98,,
2016-05-07,2.05,-4.82,,
2016-05-08,-1.09,-2.57,,
2016-05-09,-5.71,0.60,,
2016-05-10,-6.97,0.98,,
2016-05-11,-4.60,0.08,,
2016-05-12,-3.97,-1.14,,
2016-05-13,-2.94,1.25,,
2016-05-14,-0.61,2.62,,
2016-05-15,-2.75,0.10,,
2016-05-16,-4.84,0.17,,
2016-05-17,-5.76,3.46,,
2016-05-18,-3.73,6.45,,
2016-05-19,-0.19,2.13,,
2016-05-20,-2.92,1.18,,
2016-05-21,-3.02,4.00,,
2016-05-22,2.19,3.95,,
2016-05-23,2.89,2.79,,
2016-05-24,-3.15,-1.54,,
2016-05-25,-5.07,-4.26,,
2016-05-26,-5.52,-3.45,,
2016-05-27,-3.11,-2.26,,
2016-05-28,-1.03,1.78,,
2016-05-29,-2.96,0.74,,
2016-05-30,-2.97,-0.36,,
2016-05-31,-3.16,0.79,,
2016-06-01,-3.62,0.77,,
2016-06-02,-4.24,1.06,,
2016-06-03,-4.71,0.33,,
2016-06-04,-4.52,0.16,,
2016-06-05,-4.39,2.96,,
2016-06-06,-3.69,5.07,,
2016-06-07,-1.11,7.02,,
2016-06-08,1.72,5.29,,
2016-06-09,2.49,3.83,,
2016-06-10,0.24,1.98,,
2016-06-11,3.02,-0.64,,
2016-06-12,-2.06,-3.05,,
2016-06-13,-3.69,-1.88,,
2016-06-14,-2.82,1.44,,
2016-06-15,1.40,4.31,,
2016-06-16,2.71,3.59,,
2016-06-17,5.60,2.26,,
2016-06-18,4.94,1.80,,
2016-06-19,2.99,-3.44,,
2016-06-20,-5.55,-3.47,,
2016-06-21,-6.25,-0.33,,
2016-06-22,-4.78,4.45,,
2016-06-23,-4.63,2.68,,
2016-06-24,-4.92,2.51,,
2016-06-25,-5.15,2.18,,
2016-06-26,-4.18,1.12,,
2016-06-27,-4.05,0.94,,
2016-06-28,-3.73,2.91,,
2016-06-29,-3.10,3.83,,
2016-06-30,-4.13,4.27,,
2016-07-01,-4.55,4.71,,
2016-07-02,-4.75,3.58,,
2016-07-03,-4.71,3.55,,
2016-07-04,-5.12,2.61,,
2016-07-05,-4.88,2.38,,
2016-07-06,-4.18,1.44,,
2016-07-07,-4.19,1.61,,
2016-07-08,-2.68,2.17,,
2016-07-09,-3.30,2.23,,
2016-07-10,-4.56,2.74,,
2016-07-11,-4.90,3.18,,
2016-07-12,-4.19,1.69,,
2016-07-13,-4.94,0.26,,
2016-07-14,-5.79,0.81,,
2016-07-15,-6.18,1.31,,
2016-07-16,-6.37,1.83,,
2016-07-17,-7.39,1.57,,
2016-07-18,-7.83,-0.96,,
2016-07-19,-7.51,-0.79,,
2016-07-20,-5.54,1.80,,
2016-07-21,-4.42,1.27,,
2016-07-22,-3.83,0.88,,
2016-07-23,-2.42,0.65,,
2016-07-24,-1.74,2.07,,
2016-07-25,-4.23,1.80,,
2016-07-26,-5.98,1.83,,
2016-07-27,-5.77,1.02,,
2016-07-28,-4.42,0.86,,
2016-07-29,-2.71,-0.58,,
2016-07-30,-3.55,1.02,,
2016-07-31,-5.27,3.29,,
2016-08-01,-8.08,1.57,,
2016-08-02,-6.21,2.64,,
2016-08-03,-5.06,2.47,,
2016-08-04,-4.16,3.25,,
2016-08-05,-4.48,4.17,,
2016-08-06,-3.81,4.53,,
2016-08-07,-3.85,3.59,,
2016-08-08,-3.69,2.22,,
2016-08-09,-1.99,2.73,,
2016-08-10,-3.71,1.13,,
2016-08-11,-4.33,1.00,,
2016-08-12,-5.15,2.19,,
2016-08-13,-5.11,0.81,,
2016-08-14,-5.49,0.38,,
2016-08-15,-6.87,0.24,,
2016-08-16,-6.45,0.91,,
2016-08-17,-5.32,0.28,,
2016-08-18,-3.87,0.61,,
2016-08-19,-1.74,-0.40,,
2016-08-20,-1.02,0.57,,
2016-08-21,-0.59,1.38,,
2016-08-22,-2.14,-0.70,,
2016-08-23,-3.35,-3.12,,
2016-08-24,-4.73,-2.11,,
2016-08-25,-5.03,-2.03,,
2016-08-26,-6.20,-1.66,,
2016-08-27,-7.28,3.71,,
2016-08-28,-5.26,4.26,,
2016-08-29,-4.26,4.73,,
2016-08-30,-3.03,4.17,,
2016-08-31,-2.25,4.07,,
2016-09-01,-2.00,6.14,,
2016-09-02,-1.97,6.85,,
2016-09-03,-3.00,3.70,,
2016-09-04,-2.85,1.58,,
2016-09-05,-2.14,0.04,,
2016-09-06,-3.82,-2.67,,
2016-09-07,-5.51,-1.27,,
2016-09-08,-5.76,1.22,,
2016-09-09,-4.70,1.71,,
2016-09-10,-3.80,1.85,,
2016-09-11,-5.13,1.18,,
2016-09-12,-6.37,5.34,,
2016-09-13,-4.59,3.71,,
2016-09-14,-4.37,1.01,,
2016-09-15,-2.86,1.46,,
2016-09-16,-1.22,1.02,,
2016-09-17,-1.05,0.98,,
2016-09-18,-2.45,0.70,,
2016-09-19,-2.59,-0.00,,
2016-09-20,-2.61,0.51,,
2016-09-21,-2.87,1.04,,
2016-09-22,-3.61,0.13,,
2016-09-23,-2.85,-0.76,,
2016-09-24,-2.96,0.15,,
2016-09-25,-2.32,-1.18,,
2016-09-26,-2.73,-0.19,,
2016-09-27,-0.05,2.58,,
2016-09-28,0.21,2.97,,
2016-09-29,-1.78,1.78,,
2016-09-30,-4.88,1.04,,
2016-10-01,-6.98,-0.98,,
2016-10-02,-6.91,-0.60,,
2016-10-03,-6.63,2.03,,
2016-10-04,-5.37,1.44,,
2016-10-05,-8.08,-0.71,,
2016-10-06,-15.73,8.37,,
2016-10-07,0.79,11.25,,
2016-10-08,3.13,5.20,,
2016-10-09,2.13,-5.54,,
2016-10-10,-2.72,-9.50,,
2016-10-11,-4.86,-8.77,,
2016-10-12,-4.58,-6.30,,
2016-10-13,-4.34,-4.66,,
2016-10-14,-5.96,-5.37,,
2016-10-15,-7.55,-2.90,,
2016-10-16,-7.97,-1.69,,
2016-10-17,-6.48,-4.54,,
2016-10-18,-7.30,-4.56,,
2016-10-19,-6.81,-6.58,,
2016-10-20,-2.23,-8.95,,
2016-10-21,7.41,-4.46,,
2016-10-22,3.67,-3.80,,
2016-10-23,-1.53,-6.15,,
2016-10-24,-4.83,-4.66,,
2016-10-25,-6.15,-5.16,,
2016-10-26,-8.45,-4.49,,
2016-10-27,-11.07,-3.60,,
2016-10-28,-9.95,-4.64,,
2016-10-29,-9.75,-3.74,,
2016-10-30,-8.39,-2.56,,
2016-10-31,-7.42,-3.94,,
2016-11-01,-7.91,-4.94,,
2016-11-02,-8.78,-3.73,,
2016-11-03,-7.05,-3.44,,
2016-11-04,-2.63,-4.04,,
2016-11-05,-0.55,-5.26,,
2016-11-06,-6.63,-7.11,,
2016-11-07,-8.49,-6.17,,
2016-11-08,-5.77,-4.84,,
2016-11-09,-3.03,-1.35,,
2016-11-10,1.37,-2.94,,
2016-11-11,-0.64,-4.03,,
2016-11-12,-0.88,-1.73,,
2016-11-13,-4.71,-1.44,,
2016-11-14,-3.76,0.40,,
2016-11-15,-2.59,-0.99,,
2016-11-16,0.89,-5.03,,
2016-11-17,-1.78,-7.71,,
2016-11-18,-5.21,-5.21,,
2016-11-19,-2.95,-5.33,,
2016-11-20,0.60,-5.73,,
2016-11-21,-1.08,-6.14,,
2016-11-22,-3.85,-3.35,,
2016-11-23,-7.47,-2.43,,
2016-11-24,-8.61,-1.99,,
2016-11-25,-8.13,-1.29,,
2016-11-26,-4.78,0.33,,
2016-11-27,-2.82,-4.70,,
2016-11-28,-8.55,-2.78,,
2016-11-29,-9.62,1.87,,
2016-11-30,-8.04,3.09,,
2016-12-01,-4.66,3.64,,
2016-12-02,-2.95,1.92,,
2016-12-03,-3.58,-3.71,,
2016-12-04,-6.60,-2.40,,
2016-12-05,-5.78,2.95,,
2016-12-06,-2.27,6.59,,
2016-12-07,1.73,4.76,,
2016-12-08,0.91,0.71,,
2016-12-09,-1.85,-3.47,,
2016-12-10,-5.70,-4.14,,
2016-12-11,-11.28,-0.99,,
2016-12-12,-7.50,5.25,,
2016-12-13,-1.43,3.06,,
2016-12-14,-0.85,1.67,,
2016-12-15,2.41,-1.45,,
2016-12-16,-6.20,-5.21,,
2016-12-17,-10.53,1.67,,
2016-12-18,-9.04,4.03,,
2016-12-19,-7.21,1.14,,
2016-12-20,-6.87,-1.59,,
2016-12-21,-4.75,-2.32,,
2016-12-22,-4.09,-2.76,,
2016-12-23,-5.75,-2.68,,
2016-12-24,-8.03,0.28,,
2016-12-25,-8.67,-1.84,,
2016-12-26,-9.58,-2.04,,
2016-12-27,-7.49,-1.19,,
2016-12-28,-3.91,-1.27,,
2016-12-29,-2.55,-0.04,,
2016-12-30,4.11,-5.45,,
2016-12-31,-6.70,-3.56,,
2017-01-01,-6.09,1.75,,
2017-01-02,-7.33,1.03,,
2017-01-03,-4.51,3.16,,
2017-01-04,0.93,4.36,,
2017-01-05,3.30,1.76,,
2017-01-06,-1.08,0.65,,
2017-01-07,-0.59,4.79,,
2017-01-08,0.50,-9.52,,
2017-01-09,-4.96,-7.64,,
2017-01-10,-7.58,-4.55,,
2017-01-11,-7.44,-3.00,,
2017-01-12,-7.12,-1.13,,
2017-01-13,-7.37,-1.84,,
2017-01-14,-6.70,-2.44,,
2017-01-15,-5.72,-1.97,,
2017-01-16,-6.50,-1.03,,
2017-01-17,-5.49,0.58,,
2017-01-18,-3.09,0.38,,
2017-01-19,1.65,-1.33,,
2017-01-20,1.09,1.82,,
2017-01-21,0.49,2.80,,
2017-01-22,0.90,6.41,,
2017-01-23,5.85,8.05,,
2017-01-24,8.90,-2.89,,
2017-01-25,3.03,-0.43,,
2017-01-26,1.04,3.86,,
2017-01-27,2.42,2.42,,
2017-01-28,2.42,-0.65,,
2017-01-29,-2.95,-1.92,,
2017-01-30,3.57,-5.10,,
2017-01-31,-1.55,-3.17,,
2017-02-01,-3.35,-1.42,,
2017-02-02,-3.81,-1.09,,
2017-02-03,-5.17,-1.58,,
2017-02-04,-3.27,-3.27,,
2017-02-05,-4.54,-0.72,,
2017-02-06,-3.34,-2.25,,
2017-02-07,-4.77,0.50,,
2017-02-08,-0.36,2.97,,
2017-02-09,2.51,2.42,,
2017-02-10,-2.15,-6.23,,
2017-02-11,-5.14,-1.09,,
2017-02-12,-3.38,-0.12,,
2017-02-13,2.00,-0.89,,
2017-02-14,1.88,-0.58,,
2017-02-15,1.81,4.71,,
2017-02-16,7.23,1.15,,
2017-02-17,-0.36,-4.12,,
2017-02-18,-2.73,1.33,,
2017-02-19,1.37,4.77,,
2017-02-20,-0.45,-5.11,,
2017-02-21,-3.86,-3.24,,
2017-02-22,-5.16,2.74,,
2017-02-23,1.58,6.85,,
2017-02-24,4.79,2.23,,
2017-02-25,2.83,0.30,,
2017-02-26,-1.47,1.07,,
2017-02-27,-6.11,-0.53,,
2017-02-28,-6.58,-0.81,,
2017-03-01,-5.29,1.12,,
2017-03-02,-2.18,3.36,,
2017-03-03,2.59,-0.99,,
2017-03-04,-7.43,-7.43,,
2017-03-05,-8.61,-6.03,,
2017-03-06,-8.61,-3.13,,
2017-03-07,-8.26,-0.14,,
2017-03-08,-6.40,0.79,,
2017-03-09,-4.27,0.22,,
2017-03-10,-2.50,0.76,,
2017-03-11,1.78,-0.48,,
2017-03-12,-3.51,0.75,,
2017-03-13,-2.18,2.33,,
2017-03-14,2.63,6.19,,
2017-03-15,3.90,-4.04,,
2017-03-16,0.37,-5.36,,
2017-03-17,-3.13,-4.31,,
2017-03-18,-4.44,-2.46,,
2017-03-19,2.34,-2.59,,
2017-03-20,-1.74,-6.06,,
2017-03-21,-2.35,-2.19,,
2017-03-22,-1.80,0.09,,
2017-03-23,-2.05,-1.85,,
2017-03-24,-8.59,-3.82,,
2017-03-25,-8.22,-2.51,,
2017-03-26,-6.18,-3.43,,
2017-03-27,-3.66,-3.66,,
2017-03-28,-3.57,-1.02,,
2017-03-29,-1.59,0.92,,
2017-03-30,-1.79,1.98,,
2017-03-31,-1.73,4.27,,
2017-04-01,1.01,3.79,,
2017-04-02,-2.29,-0.28,,
2017-04-03,-4.81,1.02,,
2017-04-04,-2.74,4.75,,
2017-04-05,-2.65,3.64,,
2017-04-06,-0.46,5.30,,
2017-04-07,5.63,-1.62,,
2017-04-08,-0.54,-4.36,,
2017-04-09,-3.21,-1.86,,
2017-04-10,-6.26,-3.05,,
2017-04-11,-7.11,-3.62,,
2017-04-12,-7.15,-2.46,,
2017-04-13,-4.41,-4.57,,
2017-04-14,-5.08,-5.64,,
2017-04-15,-8.25,-3.33,,
2017-04-16,-8.36,-1.32,,
2017-04-17,-5.55,0.68,,
2017-04-18,-5.68,0.10,,
2017-04-19,-7.01,-0.61,,
2017-04-20,-6.32,-0.78,,
2017-04-21,-5.65,1.00,,
2017-04-22,-6.09,2.71,,
2017-04-23,-5.25,4.57,,
2017-04-24,1.31,5.25,,
2017-04-25,3.45,0.48,,
2017-04-26,-1.93,1.16,,
2017-04-27,-3.88,3.62,,
2017-04-28,-5.59,1.82,,
2017-04-29,-6.93,0.97,,
2017-04-30,-7.96,1.55,,
2017-05-01,-6.67,2.56,,
2017-05-02,-4.16,2.70,,
2017-05-03,-4.61,0.08,,
2017-05-04,-4.29,2.79,,
2017-05-05,-0.88,6.25,,
2017-05-06,6.33,0.22,,
2017-05-07,1.02,-1.71,,
2017-05-08,-1.91,-0.27,,
2017-05-09,-2.03,-0.43,,
2017-05-10,-1.93,-0.63,,
2017-05-11,-0.34,1.38,,
2017-05-12,2.33,2.03,,
2017-05-13,0.22,4.15,,
2017-05-14,1.26,5.04,,
2017-05-15,0.98,1.40,,
2017-05-16,-3.29,1.07,,
2017-05-17,-7.10,0.12,,
2017-05-18,-7.41,1.31,,
2017-05-19,-6.11,1.64,,
2017-05-20,-5.76,0.71,,
2017-05-21,-5.03,-0.71,,
2017-05-22,-3.45,0.24,,
2017-05-23,-1.66,4.12,,
2017-05-24,-1.09,6.19,,
2017-05-25,-0.10,5.84,,
2017-05-26,0.23,3.30,,
2017-05-27,-0.60,1.64,,
2017-05-28,-0.41,2.91,,
2017-05-29,-1.65,3.38,,
2017-05-30,-3.61,2.43,,
2017-05-31,-4.71,2.51,,
2017-06-01,-3.81,3.08,,
2017-06-02,-3.47,3.12,,
2017-06-03,-3.06,2.56,,
2017-06-04,-3.69,1.88,,
2017-06-05,-2.42,3.46,,
2017-06-06,-1.53,4.70,,
2017-06-07,0.82,5.17,,
2017-06-08,1.79,5.85,,
2017-06-09,0.96,4.54,,
2017-06-10,-2.14,2.74,,
2017-06-11,-4.38,0.77,,
2017-06-12,-4.91,0.87,,
2017-06-13,-5.10,1.66,,
2017-06-14,-4.50,2.49,,
2017-06-15,-3.47,2.43,,
2017-06-16,-2.05,2.72,,
2017-06-17,-3.21,2.69,,
2017-06-18,-3.67,4.08,,
2017-06-19,-6.40,3.85,,
2017-06-20,-6.49,3.45,,
2017-06-21,-5.93,4.15,,
2017-06-22,-5.53,1.17,,
2017-06-23,-5.07,1.55,,
2017-06-24,-4.95,1.80,,
2017-06-25,-4.31,1.57,,
2017-06-26,-4.12,1.75,,
2017-06-27,-2.46,3.14,,
2017-06-28,-1.99,2.84,,
2017-06-29,-3.30,2.23,,
2017-06-30,-4.38,1.26,,
2017-07-01,-4.36,1.25,,
2017-07-02,-4.26,0.98,,
2017-07-03,-4.26,1.22,,
2017-07-04,-4.56,1.31,,
2017-07-05,-4.85,-0.00,,
2017-07-06,-4.30,0.68,,
2017-07-07,-3.48,1.55,,
2017-07-08,-3.52,1.95,,
2017-07-09,-4.66,1.61,,
2017-07-10,-4.92,1.14,,
2017-07-11,-4.34,-1.93,,
2017-07-12,-6.21,-0.65,,
2017-07-13,-5.89,1.36,,
2017-07-14,-5.35,-0.28,,
2017-07-15,-4.09,1.17,,
2017-07-16,-2.64,3.14,,
2017-07-17,-2.19,2.81,,
2017-07-18,-2.65,2.56,,
2017-07-19,-3.54,2.22,,
2017-07-20,-2.61,2.43,,
2017-07-21,-1.87,2.88,,
2017-07-22,-3.04,1.48,,
2017-07-23,-3.54,1.73,,
2017-07-24,-3.12,1.87,,
2017-07-25,-3.08,1.64,,
2017-07-26,-4.24,-0.30,,
2017-07-27,-3.86,0.41,,
2017-07-28,-2.36,1.20,,
2017-07-29,-0.49,3.48,,
2017-07-30,1.80,3.87,,
2017-07-31,2.07,3.73,,
2017-08-01,-0.92,3.70,,
2017-08-02,-1.58,2.09,,
2017-08-03,-4.48,1.54,,
2017-08-04,-5.03,1.73,,
2017-08-05,-4.58,1.76,,
2017-08-06,-5.70,0.90,,
2017-08-07,-6.15,1.53,,
2017-08-08,-5.46,1.67,,
2017-08-09,-4.63,2.16,,
2017-08-10,-2.89,3.83,,
2017-08-11,-3.70,0.59,,
2017-08-12,-3.20,0.06,,
2017-08-13,-1.38,-0.59,,
2017-08-14,0.39,1.28,,
2017-08-15,-0.81,2.10,,
2017-08-16,-2.76,1.53,,
2017-08-17,-3.55,0.19,,
2017-08-18,-4.24,-0.15,,
2017-08-19,-4.31,2.20,,
2017-08-20,-5.21,1.69,,
2017-08-21,-6.14,-1.19,,
2017-08-22,-4.36,2.52,,
2017-08-23,-3.29,3.17,,
2017-08-24,-2.54,4.23,,
2017-08-25,-0.94,3.27,,
2017-08-26,-1.86,1.73,,
2017-08-27,-2.31,2.76,,
2017-08-28,-2.72,3.75,,
2017-08-29,-2.37,3.51,,
2017-08-30,-1.98,1.15,,
2017-08-31,-3.02,0.21,,
2017-09-01,-2.42,2.51,,
2017-09-02,-2.17,2.50,,
2017-09-03,-3.16,-1.09,,
2017-09-04,-4.26,-1.22,,
2017-09-05,-3.82,-0.81,,
2017-09-06,-2.71,1.97,,
2017-09-07,-3.75,0.33,,
2017-09-08,-8.00,-3.90,,
2017-09-09,-11.30,3.46,,
2017-09-10,-8.39,7.55,,
2017-09-11,-2.61,8.52,,
2017-09-12,3.15,2.74,,
2017-09-13,-0.92,-1.80,,
2017-09-14,-1.51,-2.97,,
2017-09-15,-1.76,-4.15,,
2017-09-16,0.87,-5.47,,
2017-09-17,3.33,-3.97,,
2017-09-18,2.29,-2.21,,
2017-09-19,0.22,1.13,,
2017-09-20,-1.53,0.03,,
2017-09-21,-3.19,-1.29,,
2017-09-22,-4.87,-2.27,,
2017-09-23,-1.48,-5.93,,
2017-09-24,4.08,-4.53,,
2017-09-25,4.37,-0.85,,
2017-09-26,1.88,1.95,,
2017-09-27,1.81,1.95,,
2017-09-28,-0.34,1.59,,
2017-09-29,-1.32,1.88,,
2017-09-30,-2.73,2.64,,
2017-10-01,-4.08,0.29,,
2017-10-02,-5.66,-3.53,,
2017-10-03,-7.51,-1.19,,
2017-10-04,-8.52,-1.66,,
2017-10-05,-6.90,2.24,,
2017-10-06,-3.87,3.02,,
2017-10-07,-3.60,1.75,,
2017-10-08,-3.07,-0.71,,
2017-10-09,-6.58,-0.34,,
2017-10-10,-7.20,-1.14,,
2017-10-11,-6.90,-3.67,,
2017-10-12,-5.71,0.40,,
2017-10-13,-3.38,0.72,,
2017-10-14,-3.82,-1.39,,
2017-10-15,-4.37,-0.77,,
2017-10-16,-3.30,-1.27,,
2017-10-17,-2.32,-1.82,,
2017-10-18,-2.55,-0.64,,
2017-10-19,-2.43,-0.52,,
2017-10-20,-4.28,-2.09,,
2017-10-21,-6.45,-0.23,,
2017-10-22,-7.01,1.11,,
2017-10-23,-6.27,1.22,,
2017-10-24,-3.05,2.75,,
2017-10-25,0.10,5.52,,
2017-10-26,2.05,-6.31,,
2017-10-27,-4.00,-2.50,,
2017-10-28,-4.94,1.05,,
2017-10-29,1.85,9.51,,
2017-10-30,2.81,-4.67,,
2017-10-31,-1.74,-3.01,,
2017-11-01,-3.26,-2.46,,
2017-11-02,-3.93,-3.80,,
2017-11-03,-0.63,-3.96,,
2017-11-04,0.68,-3.83,,
2017-11-05,0.28,-1.42,,
2017-11-06,-1.24,0.75,,
2017-11-07,-2.45,-1.65,,
2017-11-08,-3.95,-1.13,,
2017-11-09,-5.36,-0.85,,
2017-11-10,-4.77,-2.22,,
2017-11-11,-6.31,-4.93,,
2017-11-12,-7.97,-2.90,,
2017-11-13,-7.07,-1.50,,
2017-11-14,-4.52,-2.61,,
2017-11-15,-2.62,-3.24,,
2017-11-16,-3.27,-4.04,,
2017-11-17,-3.44,-6.47,,
2017-11-18,-4.79,-3.11,,
2017-11-19,-2.69,1.82,,
2017-11-20,-2.22,-3.29,,
2017-11-21,-5.90,0.93,,
2017-11-22,-1.67,-2.48,,
2017-11-23,-3.30,0.76,,
2017-11-24,2.12,4.15,,
2017-11-25,1.96,-0.67,,
2017-11-26,-0.44,-2.47,,
2017-11-27,-4.21,-2.63,,
2017-11-28,-6.67,-2.04,,
2017-11-29,-3.05,-1.11,,
2017-11-30,-5.10,-4.59,,
2017-12-01,-3.96,-3.70,,
2017-12-02,-4.60,-4.14,,
2017-12-03,-3.94,-3.08,,
2017-12-04,-4.85,-3.03,,
2017-12-05,-6.98,0.12,,
2017-12-06,-4.82,1.95,,
2017-12-07,-2.13,2.83,,
2017-12-08,-1.86,5.12,,
2017-12-09,0.34,6.57,,
2017-12-10,2.11,-7.86,,
2017-12-11,-1.41,-5.66,,
2017-12-12,0.61,-3.13,,
2017-12-13,5.49,-2.80,,
2017-12-14,1.19,0.60,,
2017-12-15,-0.72,1.06,,
2017-12-16,-1.15,-3.01,,
2017-12-17,-4.90,-1.98,,
2017-12-18,-3.78,-1.15,,
2017-12-19,-2.65,-1.85,,
2017-12-20,-2.64,0.42,,
2017-12-21,1.67,1.21,,
2017-12-22,-0.79,-2.44,,
2017-12-23,-3.06,-1.05,,
2017-12-24,-2.57,0.64,,
2017-12-25,-2.38,-0.12,,
2017-12-26,-2.57,-1.37,,
2017-12-27,-2.78,-1.30,,
2017-12-28,-3.45,-2.90,,
2017-12-29,-1.50,-2.70,,
2017-12-30,1.12,-3.90,,
2017-12-31,2.57,-1.67,,
2018-01-01,1.55,0.41,,
2018-01-02,1.94,-0.45,,
2018-01-03,0.95,9.00,,
2018-01-04,8.79,-4.48,,
2018-01-05,2.18,-3.94,,
2018-01-06,-1.90,-4.96,,
2018-01-07,-4.60,-6.33,,
2018-01-08,-8.50,-2.28,,
2018-01-09,-3.59,2.42,,
2018-01-10,-3.92,1.74,,
2018-01-11,-4.83,3.91,,
2018-01-12,-3.08,6.05,,
2018-01-13,0.42,4.02,,
2018-01-14,0.13,-7.56,,
2018-01-15,-1.95,-7.80,,
2018-01-16,-5.14,-6.58,,
2018-01-17,-2.09,-4.28,,
2018-01-18,1.89,-7.04,,
2018-01-19,-2.88,-4.27,,
2018-01-20,-4.79,-1.11,,
2018-01-21,-5.77,-0.91,,
2018-01-22,-5.36,0.75,,
2018-01-23,-4.13,2.39,,
2018-01-24,-1.52,1.19,,
2018-01-25,-2.79,-4.83,,
2018-01-26,-9.54,-5.51,,
2018-01-27,-10.59,-1.49,,
2018-01-28,-8.54,2.61,,
2018-01-29,-3.04,5.48,,
2018-01-30,3.31,-5.29,,
2018-01-31,-4.28,-5.69,,
2018-02-01,-3.91,-1.20,,
2018-02-02,-2.01,-1.12,,
2018-02-03,-2.95,-3.64,,
2018-02-04,-5.44,1.77,,
2018-02-05,2.26,2.42,,
2018-02-06,-4.79,-2.88,,
2018-02-07,-6.62,-0.12,,
2018-02-08,-3.72,0.33,,
2018-02-09,-5.52,-0.78,,
2018-02-10,-6.45,1.49,,
2018-02-11,-5.94,3.57,,
2018-02-12,-5.60,2.49,,
2018-02-13,-5.70,0.70,,
2018-02-14,-5.49,-0.97,,
2018-02-15,-3.52,-0.81,,
2018-02-16,-2.37,0.12,,
2018-02-17,-2.49,0.86,,
2018-02-18,-3.64,-0.00,,
2018-02-19,-6.67,-0.23,,
2018-02-20,-7.78,0.82,,
2018-02-21,-8.01,-0.42,,
2018-02-22,-7.02,0.12,,
2018-02-23,-7.64,-0.67,,
2018-02-24,-6.95,0.36,,
2018-02-25,-4.81,2.04,,
2018-02-26,-3.59,1.91,,
2018-02-27,-1.70,-0.49,,
2018-02-28,-3.35,-3.02,,
2018-03-01,-3.13,-0.67,,
2018-03-02,3.39,-1.04,,
2018-03-03,2.56,-6.04,,
2018-03-04,2.16,-8.08,,
2018-03-05,-0.62,-5.94,,
2018-03-06,-2.18,-0.71,,
2018-03-07,1.84,5.06,,
2018-03-08,5.78,-1.44,,
2018-03-09,1.88,-3.26,,
2018-03-10,-3.75,0.46,,
2018-03-11,-2.44,3.76,,
2018-03-12,4.46,5.13,,
2018-03-13,2.88,-5.20,,
2018-03-14,1.99,-0.97,,
2018-03-15,-0.09,-5.23,,
2018-03-16,-2.12,-0.26,,
2018-03-17,-2.01,0.58,,
2018-03-18,2.44,1.19,,
2018-03-19,1.19,2.07,,
2018-03-20,0.58,4.76,,
2018-03-21,4.92,3.98,,
2018-03-22,3.00,-4.61,,
2018-03-23,0.96,-4.95,,
2018-03-24,-2.21,-4.53,,
2018-03-25,-2.13,0.99,,
2018-03-26,-1.56,-1.31,,
2018-03-27,-7.44,-5.21,,
2018-03-28,-6.62,-1.65,,
2018-03-29,-5.78,1.88,,
2018-03-30,-4.36,2.72,,
2018-03-31,-3.53,-0.62,,
2018-04-01,-4.85,-0.77,,
2018-04-02,-4.18,-0.59,,
2018-04-03,-4.48,-0.39,,
2018-04-04,-2.92,2.20,,
2018-04-05,-1.29,1.24,,
2018-04-06,-3.00,-0.64,,
2018-04-07,-1.01,3.76,,
2018-04-08,2.07,4.07,,
2018-04-09,-0.93,3.47,,
2018-04-10,-0.73,3.76,,
2018-04-11,2.94,3.38,,
2018-04-12,-3.65,-4.35,,
2018-04-13,-5.38,-0.95,,
2018-04-14,-4.87,3.04,,
2018-04-15,-5.14,5.51,,
2018-04-16,1.18,6.71,,
2018-04-17,0.84,-3.96,,
2018-04-18,-2.49,-1.49,,
2018-04-19,-2.65,1.02,,
2018-04-20,-1.33,1.00,,
2018-04-21,-4.08,-0.07,,
2018-04-22,-5.63,0.59,,
2018-04-23,-5.83,3.10,,
2018-04-24,-2.22,4.36,,
2018-04-25,2.60,2.70,,
2018-04-26,0.76,1.98,,
2018-04-27,0.75,3.23,,
2018-04-28,3.06,3.52,,
2018-04-29,0.09,-2.53,,
2018-04-30,-2.65,-3.39,,
2018-05-01,-7.40,-3.14,,
2018-05-02,-8.26,-2.37,,
2018-05-03,-8.31,-2.54,,
2018-05-04,-7.92,-4.39,,
2018-05-05,-4.96,3.87,,
2018-05-06,-2.53,5.19,,
2018-05-07,0.17,4.95,,
2018-05-08,1.86,1.74,,
2018-05-09,-2.16,-2.67,,
2018-05-10,-2.06,-4.22,,
2018-05-11,-2.74,-3.05,,
2018-05-12,-3.44,0.12,,
2018-05-13,-4.90,2.39,,
2018-05-14,-5.28,4.12,,
2018-05-15,-3.73,4.29,,
2018-05-16,-3.69,4.90,,
2018-05-17,-4.90,5.26,,
2018-05-18,-5.12,4.77,,
2018-05-19,-6.70,4.03,,
2018-05-20,-7.40,2.99,,
2018-05-21,-7.03,2.56,,
2018-05-22,-6.38,1.71,,
2018-05-23,-5.04,2.46,,
2018-05-24,-4.12,2.48,,
2018-05-25,-5.21,2.21,,
2018-05-26,-5.54,3.07,,
2018-05-27,-5.28,6.29,,
2018-05-28,-4.71,6.25,,
2018-05-29,-4.00,5.11,,
2018-05-30,-4.21,4.67,,
2018-05-31,-4.46,2.37,,
2018-06-01,-3.09,1.00,,
2018-06-02,-1.71,1.90,,
2018-06-03,0.37,2.99,,
2018-06-04,1.88,2.24,,
2018-06-05,3.07,1.50,,
2018-06-06,3.19,2.23,,
2018-06-07,-0.12,2.37,,
2018-06-08,-3.33,1.21,,
2018-06-09,-3.65,1.63,,
2018-06-10,-3.33,1.93,,
2018-06-11,-2.99,2.60,,
2018-06-12,-2.84,2.14,,
2018-06-13,-3.58,2.70,,
2018-06-14,-2.24,2.67,,
2018-06-15,-0.76,1.55,,
2018-06-16,0.36,1.10,,
2018-06-17,-1.27,-0.65,,
2018-06-18,-2.07,-1.10,,
2018-06-19,-3.25,-0.40,,
2018-06-20,-1.80,0.69,,
2018-06-21,1.73,1.92,,
2018-06-22,1.78,1.34,,
2018-06-23,-0.39,1.70,,
2018-06-24,-2.68,2.68,,
2018-06-25,-4.21,2.95,,
2018-06-26,-3.38,2.11,,
2018-06-27,-2.42,1.08,,
2018-06-28,-1.58,1.64,,
2018-06-29,-2.09,3.48,,
2018-06-30,-3.12,2.91,,
2018-07-01,-2.59,1.21,,
2018-07-02,-1.04,-1.87,,
2018-07-03,-1.57,-0.84,,
2018-07-04,-2.09,2.24,,
2018-07-05,-3.59,1.91,,
2018-07-06,-2.60,1.21,,
2018-07-07,-2.36,0.54,,
2018-07-08,-2.93,1.07,,
2018-07-09,-2.24,1.04,,
2018-07-10,-2.15,-0.11,,
2018-07-11,-2.69,1.37,,
2018-07-12,-0.36,2.54,,
2018-07-13,-0.00,1.38,,
2018-07-14,-0.25,1.29,,
2018-07-15,-1.31,2.26,,
2018-07-16,-2.47,2.38,,
2018-07-17,-2.53,3.49,,
2018-07-18,-2.26,3.62,,
2018-07-19,-1.86,3.65,,
2018-07-20,-2.56,3.80,,
2018-07-21,-1.58,3.40,,
2018-07-22,0.62,3.54,,
2018-07-23,-0.56,4.60,,
2018-07-24,-2.31,5.44,,
2018-07-25,-2.00,5.22,,
2018-07-26,-2.61,3.11,,
2018-07-27,-4.01,3.61,,
2018-07-28,-4.08,3.54,,
2018-07-29,-3.18,3.41,,
2018-07-30,-3.70,3.57,,
2018-07-31,-4.72,2.95,,
2018-08-01,-4.86,2.47,,
2018-08-02,-5.89,1.58,,
2018-08-03,-5.85,1.35,,
2018-08-04,-5.16,0.73,,
2018-08-05,-4.95,-0.96,,
2018-08-06,-4.30,-1.32,,
2018-08-07,-3.09,1.58,,
2018-08-08,-2.40,1.22,,
2018-08-09,-1.52,0.11,,
2018-08-10,-0.96,-0.17,,
2018-08-11,-0.81,2.24,,
2018-08-12,-2.36,3.63,,
2018-08-13,-3.09,2.50,,
2018-08-14,-4.36,1.76,,
2018-08-15,-4.97,1.52,,
2018-08-16,-5.30,1.22,,
2018-08-17,-5.44,0.57,,
2018-08-18,-4.72,1.18,,
2018-08-19,-3.66,1.71,,
2018-08-20,-3.99,-0.21,,
2018-08-21,-3.52,0.75,,
2018-08-22,-3.24,2.02,,
2018-08-23,-2.49,2.58,,
2018-08-24,-3.15,2.38,,
2018-08-25,-4.31,2.20,,
2018-08-26,-4.74,-0.84,,
2018-08-27,-4.82,1.38,,
2018-08-28,-4.71,0.75,,
2018-08-29,-5.10,0.90,,
2018-08-30,-5.27,0.65,,
2018-08-31,-5.19,0.82,,
2018-09-01,-6.21,-0.00,,
2018-09-02,-6.89,1.09,,
2018-09-03,-6.25,1.56,,
2018-09-04,-5.76,-0.61,,
2018-09-05,-4.71,-1.35,,
2018-09-06,-4.68,0.49,,
2018-09-07,-2.47,1.48,,
2018-09-08,1.28,2.88,,
2018-09-09,1.45,1.92,,
2018-09-10,-0.83,1.43,,
2018-09-11,-1.99,-0.57,,
2018-09-12,0.11,-1.23,,
2018-09-13,-0.99,2.33,,
2018-09-14,-2.09,1.95,,
2018-09-15,-2.42,1.45,,
2018-09-16,-3.63,0.84,,
2018-09-17,-4.84,-0.34,,
2018-09-18,-3.61,1.11,,
2018-09-19,-0.89,1.61,,
2018-09-20,-1.24,0.17,,
2018-09-21,-3.45,-0.30,,
2018-09-22,-3.14,-0.61,,
2018-09-23,-2.80,-1.37,,
2018-09-24,-2.68,-0.67,,
2018-09-25,-3.26,1.45,,
2018-09-26,-5.10,0.09,,
2018-09-27,-5.07,0.89,,
2018-09-28,-5.39,-1.24,,
2018-09-29,-6.20,-1.09,,
2018-09-30,-6.08,-1.07,,
2018-10-01,-5.73,-1.97,,
2018-10-02,-6.60,-2.40,,
2018-10-03,-5.74,-2.44,,
2018-10-04,-6.26,-0.33,,
2018-10-05,-5.31,-0.94,,
2018-10-06,-5.66,-1.10,,
2018-10-07,-6.28,-0.22,,
2018-10-08,-7.46,-0.26,,
2018-10-09,-5.42,2.64,,
2018-10-10,-2.73,3.75,,
2018-10-11,-1.73,4.09,,
2018-10-12,-0.00,3.95,,
2018-10-13,-0.33,3.75,,
2018-10-14,-3.30,1.14,,
2018-10-15,-6.40,0.22,,
2018-10-16,-6.70,0.82,,
2018-10-17,-6.09,0.32,,
2018-10-18,-5.42,-0.57,,
2018-10-19,-5.22,-1.02,,
2018-10-20,-2.44,0.13,,
2018-10-21,-0.21,-1.97,,
2018-10-22,-5.32,-4.46,,
2018-10-23,-5.56,-1.39,,
2018-10-24,-2.87,0.72,,
2018-10-25,-4.94,0.35,,
2018-10-26,-2.57,3.96,,
2018-10-27,2.80,1.75,,
2018-10-28,-0.41,-3.33,,
2018-10-29,-2.56,-5.24,,
2018-10-30,-1.94,-4.57,,
2018-10-31,-4.55,-3.19,,
2018-11-01,-5.97,1.94,,
2018-11-02,-3.26,4.83,,
2018-11-03,-1.93,3.49,,
2018-11-04,-5.91,1.26,,
2018-11-05,-5.60,0.49,,
2018-11-06,-4.99,0.88,,
2018-11-07,-5.11,-0.81,,
2018-11-08,-4.96,0.17,,
2018-11-09,-3.09,-1.79,,
2018-11-10,-1.49,-1.12,,
2018-11-11,-2.99,-1.87,,
2018-11-12,-6.10,-0.43,,
2018-11-13,-5.58,2.72,,
2018-11-14,-4.67,1.43,,
2018-11-15,-4.46,2.27,,
2018-11-16,-1.04,-4.52,,
2018-11-17,-2.01,-6.19,,
2018-11-18,-3.36,-3.36,,
2018-11-19,-2.51,-2.42,,
2018-11-20,-2.24,-1.45,,
2018-11-21,0.56,-2.24,,
2018-11-22,-3.20,-3.20,,
2018-11-23,-2.90,-1.74,,
2018-11-24,3.31,-1.27,,
2018-11-25,3.36,0.41,,
2018-11-26,2.02,1.75,,
2018-11-27,4.18,3.39,,
2018-11-28,4.24,-5.43,,
2018-11-29,0.53,-3.02,,
2018-11-30,-3.00,-0.37,,
2018-12-01,-4.51,3.27,,
2018-12-02,-2.73,4.72,,
2018-12-03,-1.04,3.61,,
2018-12-04,1.33,1.64,,
2018-12-05,2.84,-1.91,,
2018-12-06,-3.15,-6.46,,
2018-12-07,-4.64,-2.37,,
2018-12-08,-6.22,-1.67,,
2018-12-09,-3.01,6.17,,
2018-12-10,5.70,1.96,,
2018-12-11,3.91,-5.58,,
2018-12-12,-2.39,-5.36,,
2018-12-13,-5.35,1.23,,
2018-12-14,-6.18,3.71,,
2018-12-15,-1.94,5.96,,
2018-12-16,3.07,3.65,,
2018-12-17,1.75,-2.91,,
2018-12-18,2.30,-2.56,,
2018-12-19,-2.94,-0.15,,
2018-12-20,-2.46,5.27,,
2018-12-21,4.14,8.49,,
2018-12-22,6.88,-1.59,,
2018-12-23,-1.13,-2.32,,
2018-12-24,-2.37,-2.92,,
2018-12-25,-4.78,-3.47,,
2018-12-26,-6.97,-2.40,,
2018-12-27,-9.66,0.68,,
2018-12-28,-9.28,3.56,,
2018-12-29,-5.57,4.04,,
2018-12-30,-4.33,0.92,,
2018-12-31,-5.97,0.94,,
2019-01-01,-4.73,1.18,,
2019-01-02,-4.65,0.57,,
2019-01-03,-4.22,1.97,,
2019-01-04,-2.44,3.48,,
2019-01-05,3.08,3.80,,
2019-01-06,-0.46,-3.74,,
2019-01-07,-3.38,-2.37,,
2019-01-08,-4.00,0.56,,
2019-01-09,3.33,-1.92,,
2019-01-10,2.61,-4.34,,
2019-01-11,-2.66,-3.66,,
2019-01-12,-5.67,-0.50,,
2019-01-13,-5.12,2.17,,
2019-01-14,2.16,1.35,,
2019-01-15,0.65,-3.67,,
2019-01-16,0.44,-4.17,,
2019-01-17,-3.07,-3.66,,
2019-01-18,-2.23,-3.43,,
2019-01-19,-4.04,-0.35,,
2019-01-20,2.74,6.46,,
2019-01-21,2.69,-6.05,,
2019-01-22,-6.97,-3.55,,
2019-01-23,-9.42,1.49,,
2019-01-24,-4.60,6.81,,
2019-01-25,3.50,3.50,,
2019-01-26,-3.11,-3.58,,
2019-01-27,-4.66,4.05,,
2019-01-28,6.99,4.54,,
2019-01-29,1.80,-2.57,,
2019-01-30,1.98,-3.88,,
2019-01-31,-4.11,-2.47,,
2019-02-01,-7.37,-0.77,,
2019-02-02,-7.51,0.13,,
2019-02-03,-2.96,2.86,,
2019-02-04,2.04,-2.62,,
2019-02-05,0.23,-4.37,,
2019-02-06,-2.67,-3.67,,
2019-02-07,-4.45,-1.80,,
2019-02-08,-4.59,-1.14,,
2019-02-09,-5.20,-2.88,,
2019-02-10,-7.97,-1.84,,
2019-02-11,-7.30,0.64,,
2019-02-12,-5.31,2.59,,
2019-02-13,-1.72,4.27,,
2019-02-14,-2.58,-2.76,,
2019-02-15,-1.58,-2.98,,
2019-02-16,1.25,1.99,,
2019-02-17,-0.40,2.55,,
2019-02-18,-3.15,2.64,,
2019-02-19,-4.90,0.26,,
2019-02-20,-7.31,2.38,,
2019-02-21,-5.48,3.03,,
2019-02-22,-5.43,2.53,,
2019-02-23,-5.36,2.06,,
2019-02-24,-2.10,3.95,,
2019-02-25,-2.78,0.44,,
2019-02-26,-6.40,-1.96,,
2019-02-27,-4.16,3.75,,
2019-02-28,2.26,3.76,,
2019-03-01,-1.43,-1.28,,
2019-03-02,-2.60,1.16,,
2019-03-03,-3.17,2.66,,
2019-03-04,0.58,4.73,,
2019-03-05,1.51,2.33,,
2019-03-06,1.35,-6.36,,
2019-03-07,-3.56,-4.39,,
2019-03-08,-6.62,-0.70,,
2019-03-09,-6.38,0.67,,
2019-03-10,-5.63,0.49,,
2019-03-11,-3.41,0.85,,
2019-03-12,1.59,-1.07,,
2019-03-13,-5.85,-3.38,,
2019-03-14,-6.44,-0.79,,
2019-03-15,-4.92,0.60,,
2019-03-16,-2.16,0.79,,
2019-03-17,-1.24,2.06,,
2019-03-18,1.54,1.60,,
2019-03-19,-0.44,1.36,,
2019-03-20,0.07,-4.14,,
2019-03-21,-1.52,-2.43,,
2019-03-22,2.10,-3.37,,
2019-03-23,-1.76,-2.25,,
2019-03-24,-6.04,-0.85,,
2019-03-25,-5.13,0.90,,
2019-03-26,1.84,-2.44,,
2019-03-27,2.79,1.88,,
2019-03-28,0.14,-7.97,,
2019-03-29,-4.91,-5.65,,
2019-03-30,-5.28,-2.13,,
2019-03-31,-1.98,0.92,,
2019-04-01,-1.55,1.91,,
2019-04-02,-1.22,3.18,,
2019-04-03,-2.58,-0.99,,
2019-04-04,-5.05,-1.54,,
2019-04-05,-5.99,1.49,,
2019-04-06,-3.89,1.26,,
2019-04-07,-5.05,-0.09,,
2019-04-08,-5.14,1.57,,
2019-04-09,-2.43,5.21,,
2019-04-10,2.67,5.02,,
2019-04-11,0.83,2.56,,
2019-04-12,-3.43,2.14,,
2019-04-13,-4.90,1.98,,
2019-04-14,-4.33,4.48,,
2019-04-15,-0.78,5.59,,
2019-04-16,-1.78,-3.82,,
2019-04-17,-4.21,-2.95,,
2019-04-18,-5.56,1.59,,
2019-04-19,-4.98,6.61,,
2019-04-20,-0.61,7.02,,
2019-04-21,1.16,-3.38,,
2019-04-22,-1.36,-4.18,,
2019-04-23,-2.06,-4.86,,
2019-04-24,-3.83,-2.40,,
2019-04-25,-3.54,0.82,,
2019-04-26,-0.85,5.38,,
2019-04-27,1.16,2.72,,
2019-04-28,-2.41,0.92,,
2019-04-29,-4.36,0.38,,
2019-04-30,-7.46,-1.45,,
2019-05-01,-8.47,-0.89,,
2019-05-02,-5.19,3.77,,
2019-05-03,-4.39,3.31,,
2019-05-04,-2.91,3.72,,
2019-05-05,-2.64,4.40,,
2019-05-06,-1.83,3.60,,
2019-05-07,-2.91,0.62,,
2019-05-08,-3.33,-0.12,,
2019-05-09,-3.42,0.66,,
2019-05-10,-3.29,0.76,,
2019-05-11,-3.75,2.17,,
2019-05-12,-2.78,4.12,,
2019-05-13,0.98,4.26,,
2019-05-14,3.19,3.42,,
2019-05-15,3.28,0.64,,
2019-05-16,-1.84,-1.39,,
2019-05-17,-4.68,-1.25,,
2019-05-18,-3.27,1.13,,
2019-05-19,-3.93,0.69,,
2019-05-20,-4.28,-0.30,,
2019-05-21,-2.53,-0.31,,
2019-05-22,-3.99,-1.61,,
2019-05-23,-5.83,-3.79,,
2019-05-24,-5.51,-3.18,,
2019-05-25,-5.56,-2.36,,
2019-05-26,-5.75,-2.21,,
2019-05-27,-4.71,-1.62,,
2019-05-28,-3.83,0.20,,
2019-05-29,-3.68,0.78,,
2019-05-30,-4.54,0.96,,
2019-05-31,-4.10,1.66,,
2019-06-01,-1.97,2.71,,
2019-06-02,-0.96,3.34,,
2019-06-03,-1.36,3.75,,
2019-06-04,-1.75,1.94,,
2019-06-05,-3.69,0.59,,
2019-06-06,-2.97,0.58,,
2019-06-07,-1.67,2.06,,
2019-06-08,-0.34,2.40,,
2019-06-09,-1.66,1.98,,
2019-06-10,-2.10,1.89,,
2019-06-11,-1.68,1.09,,
2019-06-12,-2.14,2.07,,
2019-06-13,-1.67,3.02,,
2019-06-14,-1.93,2.56,,
2019-06-15,-3.49,0.87,,
2019-06-16,-4.45,1.89,,
2019-06-17,-3.97,2.99,,
2019-06-18,-3.08,3.55,,
2019-06-19,-1.18,3.08,,
2019-06-20,-1.83,3.17,,
2019-06-21,-0.04,2.10,,
2019-06-22,-0.72,1.15,,
2019-06-23,-0.95,1.06,,
2019-06-24,1.11,1.42,,
2019-06-25,1.43,-0.02,,
2019-06-26,-1.00,-0.75,,
2019-06-27,-2.46,-0.04,,
2019-06-28,-4.76,1.64,,
2019-06-29,-4.82,1.95,,
2019-06-30,-2.32,2.32,,
2019-07-01,2.12,0.34,,
2019-07-02,2.06,-1.45,,
2019-07-03,-1.98,-0.46,,
2019-07-04,-3.04,1.05,,
2019-07-05,-3.73,3.02,,
2019-07-06,-4.24,3.31,,
2019-07-07,-3.63,3.75,,
2019-07-08,-1.30,4.52,,
2019-07-09,-1.69,4.40,,
2019-07-10,-2.35,3.91,,
2019-07-11,-2.41,2.50,,
2019-07-12,-3.02,1.89,,
2019-07-13,-4.01,1.07,,
2019-07-14,-4.65,-0.65,,
2019-07-15,-4.35,0.77,,
2019-07-16,-3.68,1.20,,
2019-07-17,-3.93,1.20,,
2019-07-18,-4.19,0.89,,
2019-07-19,-4.16,1.94,,
2019-07-20,-3.93,1.59,,
2019-07-21,-3.99,0.07,,
2019-07-22,-5.07,2.05,,
2019-07-23,-2.22,4.35,,
2019-07-24,0.72,4.52,,
2019-07-25,1.29,3.04,,
2019-07-26,-1.78,1.29,,
2019-07-27,-3.11,1.58,,
2019-07-28,-2.57,0.22,,
2019-07-29,-2.38,-0.04,,
2019-07-30,-3.03,1.04,,
2019-07-31,-4.71,0.66,,
2019-08-01,-5.33,0.94,,
2019-08-02,-4.34,2.93,,
2019-08-03,-1.53,4.71,,
2019-08-04,-0.85,2.78,,
2019-08-05,-1.99,3.06,,
2019-08-06,-2.55,3.78,,
2019-08-07,-2.50,3.09,,
2019-08-08,-1.49,2.81,,
2019-08-09,0.65,2.11,,
2019-08-10,0.53,1.85,,
2019-08-11,0.51,2.40,,
2019-08-12,-0.81,2.36,,
2019-08-13,-1.26,2.84,,
2019-08-14,-1.78,3.21,,
2019-08-15,-1.05,3.66,,
2019-08-16,-2.37,3.15,,
2019-08-17,-2.06,2.06,,
2019-08-18,-3.91,-0.55,,
2019-08-19,-4.86,0.34,,
2019-08-20,-4.38,1.34,,
2019-08-21,-4.18,0.22,,
2019-08-22,-5.36,2.50,,
2019-08-23,-3.26,4.33,,
2019-08-24,-1.84,4.33,,
2019-08-25,0.69,3.94,,
2019-08-26,2.60,2.03,,
2019-08-27,2.97,-0.63,,
2019-08-28,1.36,-1.57,,
2019-08-29,-1.91,1.50,,
2019-08-30,-4.34,2.31,,
2019-08-31,-2.50,-3.09,,
2019-09-01,12.11,2.35,,
2019-09-02,1.87,11.79,,
2019-09-03,2.49,12.83,,
2019-09-04,2.71,7.44,,
2019-09-05,1.39,4.85,,
2019-09-06,1.29,3.20,,
2019-09-07,0.46,2.35,,
2019-09-08,-2.58,1.81,,
2019-09-09,-4.61,-0.32,,
2019-09-10,-5.59,-2.73,,
2019-09-11,-6.44,-3.87,,
2019-09-12,-6.38,-3.11,,
2019-09-13,-6.29,-3.63,,
2019-09-14,5.44,1.16,,
2019-09-15,1.90,5.53,,
2019-09-16,4.26,3.98,,
2019-09-17,4.16,-1.68,,
2019-09-18,-1.08,-5.10,,
2019-09-19,-5.14,-5.14,,
2019-09-20,-7.58,-2.91,,
2019-09-21,-8.59,-3.13,,
2019-09-22,-7.92,-4.21,,
2019-09-23,-5.32,-4.30,,
2019-09-24,-2.17,-4.65,,
2019-09-25,-2.28,-3.51,,
2019-09-26,-3.43,-2.49,,
2019-09-27,-4.34,-0.84,,
2019-09-28,-4.35,-1.08,,
2019-09-29,-5.26,-3.97,,
2019-09-30,-6.23,-4.36,,
2019-10-01,-5.44,-2.65,,
2019-10-02,-4.67,-1.08,,
2019-10-03,-3.59,-1.60,,
2019-10-04,-2.22,-0.55,,
2019-10-05,-3.74,-1.36,,
2019-10-06,-5.06,-1.84,,
2019-10-07,-2.73,3.76,,
2019-10-08,-0.42,4.02,,
2019-10-09,1.88,1.31,,
2019-10-10,1.74,-0.43,,
2019-10-11,-2.53,-2.05,,
2019-10-12,-5.35,-2.38,,
2019-10-13,-5.21,-1.59,,
2019-10-14,-4.30,-1.65,,
2019-10-15,-3.15,-1.47,,
2019-10-16,-1.83,1.49,,
2019-10-17,3.11,1.32,,
2019-10-18,0.84,0.81,,
2019-10-19,-2.91,3.01,,
2019-10-20,-1.49,4.32,,
2019-10-21,-1.65,1.83,,
2019-10-22,-2.24,1.00,,
2019-10-23,-2.93,-0.10,,
2019-10-24,-5.86,-2.02,,
2019-10-25,-6.90,-0.12,,
2019-10-26,-4.97,2.42,,
2019-10-27,-3.49,2.10,,
2019-10-28,-4.08,0.14,,
2019-10-29,-4.77,-0.93,,
2019-10-30,-4.59,-1.31,,
2019-10-31,-4.42,0.23,,
2019-11-01,-3.33,-0.17,,
2019-11-02,-4.64,-0.41,,
2019-11-03,-3.17,-0.79,,
2019-11-04,-4.25,-0.52,,
2019-11-05,-4.95,-0.78,,
2019-11-06,-5.22,-1.80,,
2019-11-07,-4.96,-1.71,,
2019-11-08,-1.98,-0.42,,
2019-11-09,-1.07,-4.00,,
2019-11-10,-4.18,-4.81,,
2019-11-11,-5.68,-1.21,,
2019-11-12,-3.34,-0.17,,
2019-11-13,0.56,-1.73,,
2019-11-14,-3.86,-1.48,,
2019-11-15,-2.44,2.81,,
2019-11-16,4.07,1.25,,
2019-11-17,5.73,-2.79,,
2019-11-18,4.84,-1.48,,
2019-11-19,4.08,-1.17,,
2019-11-20,1.38,-4.81,,
2019-11-21,-3.02,-4.65,,
2019-11-22,-4.77,-1.74,,
2019-11-23,-3.31,0.52,,
2019-11-24,1.01,3.12,,
2019-11-25,1.93,0.24,,
2019-11-26,0.46,-2.37,,
2019-11-27,-2.97,-0.36,,
2019-11-28,-0.11,-3.21,,
2019-11-29,-0.55,-6.32,,
2019-11-30,-2.83,-3.75,,
2019-12-01,-2.34,1.41,,
2019-12-02,4.20,3.28,,
2019-12-03,4.13,-3.23,,
2019-12-04,5.48,0.29,,
2019-12-05,1.97,-2.43,,
2019-12-06,-2.25,-1.25,,
2019-12-07,-0.43,-2.22,,
2019-12-08,-3.15,-3.15,,
2019-12-09,-4.64,1.16,,
2019-12-10,-5.51,2.69,,
2019-12-11,-4.34,1.93,,
2019-12-12,-5.16,-1.78,,
2019-12-13,-5.28,1.72,,
2019-12-14,1.11,5.23,,
2019-12-15,-2.47,-2.84,,
2019-12-16,-7.28,-0.51,,
2019-12-17,-5.00,2.89,,
2019-12-18,-0.67,4.75,,
2019-12-19,-4.48,-6.17,,
2019-12-20,-9.22,-5.33,,
2019-12-21,-9.21,-2.82,,
2019-12-22,-7.11,-0.25,,
2019-12-23,-4.64,7.42,,
2019-12-24,8.11,0.42,,
2019-12-25,2.76,-6.20,,
2019-12-26,-6.27,-3.48,,
2019-12-27,-8.12,-0.57,,
2019-12-28,-8.01,0.98,,
2019-12-29,-6.58,1.16,,
2019-12-30,-3.80,2.86,,
2019-12-31,1.10,3.59,,
2020-01-01,0.00,-2.51,,
2020-01-02,-2.69,-0.28,,
2020-01-03,-3.80,2.86,,
2020-01-04,-1.32,4.59,,
2020-01-05,4.63,-5.93,,
2020-01-06,-2.99,-4.44,,
2020-01-07,-2.69,-1.49,,
2020-01-08,-1.24,-4.99,,
2020-01-09,-8.58,-3.12,,
2020-01-10,-10.83,-0.76,,
2020-01-11,-10.12,2.34,,
2020-01-12,-7.54,2.16,,
2020-01-13,-6.34,0.55,,
2020-01-14,-6.52,1.50,,
2020-01-15,-4.36,-0.38,,
2020-01-16,-3.30,-1.27,,
2020-01-17,-3.65,-3.18,,
2020-01-18,-9.25,-2.13,,
2020-01-19,-3.92,2.85,,
2020-01-20,2.49,1.16,,
2020-01-21,2.47,-3.80,,
2020-01-22,7.02,-5.89,,
2020-01-23,-4.99,-6.62,,
2020-01-24,-4.86,-1.21,,
2020-01-25,-1.82,0.63,,
2020-01-26,1.11,-2.50,,
2020-01-27,-0.00,1.86,,
2020-01-28,3.73,1.29,,
2020-01-29,-2.92,-0.84,,
2020-01-30,3.74,3.37,,
2020-01-31,-1.93,0.03,,
2020-02-01,0.77,4.38,,
2020-02-02,6.51,-4.56,,
2020-02-03,0.32,-2.26,,
2020-02-04,-2.35,1.30,,
2020-02-05,-2.57,2.15,,
2020-02-06,-3.43,5.50,,
2020-02-07,1.24,7.01,,
2020-02-08,-3.00,-3.85,,
2020-02-09,-6.04,-4.89,,
2020-02-10,-8.52,-1.97,,
2020-02-11,-5.29,2.14,,
2020-02-12,-4.60,2.45,,
2020-02-13,-4.01,3.74,,
2020-02-14,-1.50,2.94,,
2020-02-15,-1.87,-0.03,,
2020-02-16,-4.93,-0.52,,
2020-02-17,-3.30,1.83,,
2020-02-18,-5.39,1.24,,
2020-02-19,-4.67,1.98,,
2020-02-20,-3.63,1.93,,
2020-02-21,4.57,1.66,,
2020-02-22,-3.72,-7.98,,
2020-02-23,-5.70,-4.78,,
2020-02-24,-6.07,0.21,,
2020-02-25,-3.91,4.83,,
2020-02-26,-2.10,5.48,,
2020-02-27,5.82,0.41,,
2020-02-28,1.69,-4.17,,
2020-02-29,3.86,-4.44,,
2020-03-01,-1.96,-6.40,,
2020-03-02,-6.52,0.92,,
2020-03-03,-4.19,3.77,,
2020-03-04,-2.63,3.76,,
2020-03-05,-1.65,4.52,,
2020-03-06,2.16,4.64,,
2020-03-07,0.14,-8.26,,
2020-03-08,-6.98,-6.98,,
2020-03-09,-10.45,-2.41,,
2020-03-10,-8.91,-0.78,,
2020-03-11,-6.72,-1.06,,
2020-03-12,-5.08,-1.27,,
2020-03-13,-5.12,-1.66,,
2020-03-14,-4.66,-0.91,,
2020-03-15,-4.02,-1.38,,
2020-03-16,-3.29,-2.13,,
2020-03-17,-3.03,-1.82,,
2020-03-18,-4.40,-0.85,,
2020-03-19,-6.64,-0.12,,
2020-03-20,-6.67,0.70,,
2020-03-21,-4.65,0.16,,
2020-03-22,-4.91,0.60,,
2020-03-23,-4.54,1.05,,
2020-03-24,-2.79,1.74,,
2020-03-25,-0.42,3.98,,
2020-03-26,3.47,-0.80,,
2020-03-27,-3.55,-2.48,,
2020-03-28,-5.05,0.53,,
2020-03-29,-4.22,1.62,,
2020-03-30,-2.89,1.29,,
2020-03-31,0.49,3.46,,
2020-04-01,6.06,2.45,,
2020-04-02,0.21,-3.94,,
2020-04-03,-0.31,-2.56,,
2020-04-04,0.70,-1.64,,
2020-04-05,-1.87,0.43,,
2020-04-06,-4.11,0.87,,
2020-04-07,-4.35,0.46,,
2020-04-08,-0.93,2.87,,
2020-04-09,3.79,3.07,,
2020-04-10,4.53,1.92,,
2020-04-11,-3.29,-2.76,,
2020-04-12,-6.75,1.56,,
2020-04-13,-5.92,5.52,,
2020-04-14,-3.49,4.31,,
2020-04-15,-2.93,4.88,,
2020-04-16,-0.00,4.84,,
2020-04-17,-4.50,-0.55,,
2020-04-18,-1.55,4.27,,
2020-04-19,0.81,2.64,,
2020-04-20,0.68,6.45,,
2020-04-21,4.99,2.12,,
2020-04-22,-1.30,-2.78,,
2020-04-23,-5.73,1.97,,
2020-04-24,-2.69,6.67,,
2020-04-25,-0.98,3.92,,
2020-04-26,-0.85,4.37,,
2020-04-27,3.53,1.29,,
2020-04-28,-3.97,-4.11,,
2020-04-29,-6.80,-0.24,,
2020-04-30,-2.94,5.30,,
2020-05-01,2.90,2.61,,
2020-05-02,-2.25,-3.90,,
2020-05-03,-4.12,-1.92,,
2020-05-04,-2.77,-0.59,,
2020-05-05,-2.30,0.98,,
2020-05-06,-0.07,3.77,,
2020-05-07,5.02,-1.63,,
2020-05-08,-4.16,-3.14,,
2020-05-09,-1.54,1.54,,
2020-05-10,-5.31,-1.52,,
2020-05-11,-4.70,2.60,,
2020-05-12,-5.09,-6.29,,
2020-05-13,-7.58,-3.06,,
2020-05-14,-9.14,-2.62,,
2020-05-15,-6.69,-0.00,,
2020-05-16,0.10,5.96,,
2020-05-17,0.66,4.67,,
2020-05-18,-1.28,3.51,,
2020-05-19,-1.15,3.17,,
2020-05-20,-0.08,2.30,,
2020-05-21,-2.98,0.85,,
2020-05-22,-5.10,0.09,,
2020-05-23,-5.86,0.31,,
2020-05-24,-6.10,0.64,,
2020-05-25,-6.56,2.26,,
2020-05-26,-4.96,4.31,,
2020-05-27,-3.65,2.55,,
2020-05-28,-4.60,0.56,,
2020-05-29,-5.95,1.16,,
2020-05-30,-5.22,0.64,,
2020-05-31,-3.14,0.33,,
2020-06-01,-1.73,-0.56,,
2020-06-02,-5.56,-1.28,,
2020-06-03,-5.89,1.36,,
2020-06-04,-4.38,2.73,,
2020-06-05,-4.67,3.64,,
2020-06-06,-4.58,4.74,,
2020-06-07,-3.29,4.37,,
2020-06-08,-2.09,2.32,,
2020-06-09,-2.32,0.71,,
2020-06-10,-2.99,-1.03,,
2020-06-11,-5.42,-1.05,,
2020-06-12,-5.75,0.20,,
2020-06-13,-4.29,1.15,,
2020-06-14,-4.45,1.53,,
2020-06-15,-2.60,1.62,,
2020-06-16,1.04,1.96,,
2020-06-17,-2.46,-0.26,,
2020-06-18,-4.20,1.13,,
2020-06-19,-4.00,2.22,,
2020-06-20,-2.75,1.34,,
2020-06-21,-2.08,1.40,,
2020-06-22,-2.36,1.59,,
2020-06-23,-2.53,1.40,,
2020-06-24,-2.01,1.63,,
2020-06-25,-3.93,0.84,,
2020-06-26,-4.56,-0.16,,
2020-06-27,-4.24,-0.82,,
2020-06-28,-3.05,-0.32,,
2020-06-29,-1.76,0.41,,
2020-06-30,0.12,1.73,,
2020-07-01,-0.30,2.42,,
2020-07-02,-1.07,2.09,,
2020-07-03,0.71,2.46,,
2020-07-04,1.57,1.74,,
2020-07-05,0.12,1.72,,
2020-07-06,-2.26,1.58,,
2020-07-07,-3.01,1.04,,
2020-07-08,-2.50,1.45,,
2020-07-09,-0.26,2.14,,
2020-07-10,1.56,2.60,,
2020-07-11,1.67,4.34,,
2020-07-12,-0.47,4.44,,
2020-07-13,-0.28,4.06,,
2020-07-14,0.35,2.00,,
2020-07-15,-2.08,-0.29,,
2020-07-16,-4.24,-0.37,,
2020-07-17,-5.54,-0.29,,
2020-07-18,-5.16,-0.18,,
2020-07-19,-5.20,-0.27,,
2020-07-20,-5.98,0.73,,
2020-07-21,-5.76,0.81,,
2020-07-22,-5.84,1.46,,
2020-07-23,-6.52,1.50,,
2020-07-24,-5.98,1.05,,
2020-07-25,-5.45,1.56,,
2020-07-26,-3.40,1.97,,
2020-07-27,-2.97,0.63,,
2020-07-28,-3.14,0.50,,
2020-07-29,-3.79,0.27,,
2020-07-30,-4.64,-0.82,,
2020-07-31,-6.66,-1.79,,
2020-08-01,-10.79,2.89,,
2020-08-02,-5.07,8.12,,
2020-08-03,-3.40,5.04,,
2020-08-04,-2.17,3.22,,
2020-08-05,-2.59,2.41,,
2020-08-06,-1.92,1.11,,
2020-08-07,-1.50,-0.67,,
2020-08-08,-1.62,-0.56,,
2020-08-09,-2.26,0.24,,
2020-08-10,-2.37,0.17,,
2020-08-11,-2.92,0.31,,
2020-08-12,-4.00,1.07,,
2020-08-13,-4.27,1.30,,
2020-08-14,-3.66,1.26,,
2020-08-15,-2.55,0.78,,
2020-08-16,-2.24,1.57,,
2020-08-17,-2.35,0.90,,
2020-08-18,-1.74,1.13,,
2020-08-19,-1.55,3.05,,
2020-08-20,-2.40,3.56,,
2020-08-21,-3.33,3.45,,
2020-08-22,-4.81,1.56,,
2020-08-23,-7.81,0.68,,
2020-08-24,-8.01,3.74,,
2020-08-25,-6.23,0.22,,
2020-08-26,-4.64,0.57,,
2020-08-27,-3.28,2.39,,
2020-08-28,-1.63,1.68,,
2020-08-29,-1.06,1.64,,
2020-08-30,-0.07,1.91,,
2020-08-31,-1.23,2.31,,
2020-09-01,-3.40,0.85,,
2020-09-02,-5.36,-0.09,,
2020-09-03,-4.82,0.34,,
2020-09-04,-4.04,-0.07,,
2020-09-05,-3.97,-0.14,,
2020-09-06,-3.53,-1.21,,
2020-09-07,-2.74,-0.05,,
2020-09-08,-1.73,2.21,,
2020-09-09,-1.73,0.84,,
2020-09-10,-2.96,-0.15,,
2020-09-11,-3.10,3.69,,
2020-09-12,-4.73,3.44,,
2020-09-13,-4.11,1.10,,
2020-09-14,-2.78,0.54,,
2020-09-15,-2.29,0.28,,
2020-09-16,-2.98,0.80,,
2020-09-17,-2.18,1.97,,
2020-09-18,-0.08,2.36,,
2020-09-19,0.86,1.37,,
2020-09-20,1.58,0.19,,
2020-09-21,-3.42,-4.70,,
2020-09-22,-5.79,-5.59,,
2020-09-23,-5.08,-2.70,,
2020-09-24,-5.96,0.84,,
2020-09-25,-2.88,3.09,,
2020-09-26,-1.60,1.78,,
2020-09-27,-1.21,0.51,,
2020-09-28,-2.40,1.07,,
2020-09-29,-3.30,2.58,,
2020-09-30,-1.74,3.56,,
2020-10-01,-1.24,3.08,,
2020-10-02,-1.60,2.56,,
2020-10-03,-4.49,3.03,,
2020-10-04,-5.83,2.72,,
2020-10-05,-5.43,1.87,,
2020-10-06,-6.42,2.34,,
2020-10-07,-4.70,2.29,,
2020-10-08,-4.38,0.46,,
2020-10-09,-4.53,0.32,,
2020-10-10,-3.90,2.44,,
2020-10-11,-1.70,2.10,,
2020-10-12,0.06,1.61,,
2020-10-13,-0.46,-1.14,,
2020-10-14,-2.78,-2.02,,
2020-10-15,-4.39,-0.23,,
2020-10-16,-2.60,1.82,,
2020-10-17,-3.63,-1.69,,
2020-10-18,-5.13,-1.37,,
2020-10-19,-6.60,-1.52,,
2020-10-20,-7.25,-0.89,,
2020-10-21,-7.00,0.86,,
2020-10-22,-6.66,-0.00,,
2020-10-23,-4.99,-0.00,,
2020-10-24,-3.91,1.91,,
2020-10-25,-3.07,3.65,,
2020-10-26,-2.17,1.26,,
2020-10-27,-3.23,-0.06,,
2020-10-28,-5.16,-0.18,,
2020-10-29,-3.76,2.53,,
2020-10-30,-0.88,2.18,,
2020-10-31,-3.51,-2.11,,
2020-11-01,-4.82,-0.68,,
2020-11-02,-2.22,-3.55,,
2020-11-03,-7.84,-7.06,,
2020-11-04,-8.84,-4.12,,
2020-11-05,-8.54,-2.29,,
2020-11-06,-7.54,-1.06,,
2020-11-07,-8.27,-1.16,,
2020-11-08,-11.53,1.21,,
2020-11-09,-7.42,5.80,,
2020-11-10,-6.35,3.82,,
2020-11-11,-6.22,5.41,,
2020-11-12,-4.17,3.75,,
2020-11-13,-2.11,2.43,,
2020-11-14,-2.46,0.80,,
2020-11-15,-3.47,0.61,,
2020-11-16,-4.22,-0.37,,
2020-11-17,-3.27,-2.55,,
2020-11-18,-5.67,-6.30,,
2020-11-19,-8.08,-6.09,,
2020-11-20,-8.25,-3.85,,
2020-11-21,-7.00,-3.72,,
2020-11-22,-5.56,-2.59,,
2020-11-23,-1.16,-3.57,,
2020-11-24,-4.30,-4.77,,
2020-11-25,-7.28,-2.09,,
2020-11-26,-5.02,-0.79,,
2020-11-27,-4.06,-1.64,,
2020-11-28,-2.50,-1.17,,
2020-11-29,-2.35,0.33,,
2020-11-30,0.15,4.44,,
2020-12-01,3.24,-5.18,,
2020-12-02,-2.39,-6.56,,
2020-12-03,-4.12,-3.34,,
2020-12-04,-4.62,-0.00,,
2020-12-05,1.19,1.37,,
2020-12-06,1.65,0.12,,
2020-12-07,2.30,5.41,,
2020-12-08,6.09,-4.11,,
2020-12-09,2.93,-3.25,,
2020-12-10,0.15,-2.21,,
2020-12-11,-3.91,-1.82,,
2020-12-12,-5.13,0.54,,
2020-12-13,-1.06,-0.69,,
2020-12-14,-1.46,2.33,,
2020-12-15,0.27,1.25,,
2020-12-16,-1.30,2.25,,
2020-12-17,0.26,3.70,,
2020-12-18,0.47,-5.34,,
2020-12-19,-4.21,-3.53,,
2020-12-20,-4.49,1.29,,
2020-12-21,0.73,4.60,,
2020-12-22,-0.72,-5.12,,
2020-12-23,-5.61,-2.38,,
2020-12-24,-5.22,3.52,,
2020-12-25,6.85,2.77,,
2020-12-26,0.67,-6.34,,
2020-12-27,-3.70,-3.00,,
2020-12-28,-4.92,-3.98,,
2020-12-29,-5.97,-5.19,,
2020-12-30,-8.82,-2.04,,
2020-12-31,-7.89,2.56,,
2021-01-01,-6.35,3.52,,
2021-01-02,-3.87,3.25,,
2021-01-03,-1.55,3.05,,
2021-01-04,1.97,1.90,,
2021-01-05,2.01,-3.09,,
2021-01-06,1.51,-3.24,,
2021-01-07,-1.45,1.40,,
2021-01-08,2.57,4.83,,
2021-01-09,6.63,-2.15,,
2021-01-10,0.29,-3.34,,
2021-01-11,-3.57,0.63,,
2021-01-12,-1.68,0.71,,
2021-01-13,-1.95,-1.75,,
2021-01-14,-0.21,-2.41,,
2021-01-15,-0.94,2.57,,
2021-01-16,5.96,0.52,,
2021-01-17,2.92,-1.76,,
2021-01-18,2.65,-2.47,,
2021-01-19,-2.77,-3.96,,
2021-01-20,-2.58,-3.69,,
2021-01-21,-0.63,-2.94,,
2021-01-22,1.52,1.14,,
2021-01-23,1.91,0.69,,
2021-01-24,-0.80,-1.15,,
2021-01-25,-5.93,1.26,,
2021-01-26,-1.82,3.57,,
2021-01-27,-0.93,3.46,,
2021-01-28,4.93,-3.08,,
2021-01-29,-1.88,-7.03,,
2021-01-30,-3.44,-3.10,,
2021-01-31,-5.05,2.69,,
2021-02-01,3.77,6.80,,
2021-02-02,11.97,-1.26,,
2021-02-03,7.18,-3.05,,
2021-02-04,1.00,-3.09,,
2021-02-05,-1.95,3.38,,
2021-02-06,-2.31,3.84,,
2021-02-07,-0.96,6.03,,
2021-02-08,-1.18,2.65,,
2021-02-09,-3.43,1.39,,
2021-02-10,-3.60,0.19,,
2021-02-11,-4.61,2.05,,
2021-02-12,-3.54,3.67,,
2021-02-13,-3.11,4.12,,
2021-02-14,-3.40,5.23,,
2021-02-15,-2.46,4.43,,
2021-02-16,-1.92,5.28,,
2021-02-17,-3.81,4.38,,
2021-02-18,-4.58,5.45,,
2021-02-19,-2.89,5.00,,
2021-02-20,-4.37,-1.17,,
2021-02-21,-7.69,-6.93,,
2021-02-22,-7.85,0.41,,
2021-02-23,-1.10,5.16,,
2021-02-24,-2.77,-0.29,,
2021-02-25,-2.60,0.90,,
2021-02-26,-3.50,0.94,,
2021-02-27,-5.41,1.76,,
2021-02-28,-6.57,2.01,,
2021-03-01,-4.42,3.33,,
2021-03-02,-1.33,2.98,,
2021-03-03,1.80,4.04,,
2021-03-04,5.04,-2.57,,
2021-03-05,0.48,-5.47,,
2021-03-06,-3.65,-0.58,,
2021-03-07,3.87,-5.14,,
2021-03-08,-3.47,-7.79,,
2021-03-09,-7.23,-4.18,,
2021-03-10,-7.59,-3.38,,
2021-03-11,-8.00,-2.45,,
2021-03-12,-6.98,-3.25,,
2021-03-13,-4.88,-2.82,,
2021-03-14,-3.24,-0.75,,
2021-03-15,-2.36,-0.37,,
2021-03-16,-4.50,1.55,,
2021-03-17,-3.28,3.40,,
2021-03-18,-2.63,4.21,,
2021-03-19,0.81,5.12,,
2021-03-20,1.36,2.67,,
2021-03-21,1.91,2.13,,
2021-03-22,3.39,1.23,,
2021-03-23,1.78,0.51,,
2021-03-24,-2.03,2.34,,
2021-03-25,-3.65,2.55,,
2021-03-26,-4.55,1.84,,
2021-03-27,-4.94,1.23,,
2021-03-28,-4.84,2.80,,
2021-03-29,-3.06,1.99,,
2021-03-30,-5.29,1.12,,
2021-03-31,-5.70,2.42,,
2021-04-01,-1.96,3.53,,
2021-04-02,-0.60,-6.84,,
2021-04-03,-4.35,-7.85,,
2021-04-04,-5.35,-4.65,,
2021-04-05,-3.66,-2.47,,
2021-04-06,-3.22,-1.05,,
2021-04-07,-2.50,-0.96,,
2021-04-08,-2.36,0.54,,
2021-04-09,-2.77,1.23,,
2021-04-10,-2.59,3.43,,
2021-04-11,-0.56,5.35,,
2021-04-12,3.46,4.43,,
2021-04-13,0.61,-3.87,,
2021-04-14,-2.54,-4.39,,
2021-04-15,-2.99,0.80,,
2021-04-16,1.93,2.98,,
2021-04-17,1.52,3.96,,
2021-04-18,1.06,2.77,,
2021-04-19,-0.43,4.90,,
2021-04-20,-0.12,3.45,,
2021-04-21,0.30,3.40,,
2021-04-22,1.40,-0.32,,
2021-04-23,-4.30,-1.65,,
2021-04-24,-5.99,1.60,,
2021-04-25,-0.09,5.11,,
2021-04-26,0.58,-4.13,,
2021-04-27,-6.60,-3.51,,
2021-04-28,-6.44,-0.68,,
2021-04-29,-4.89,2.94,,
2021-04-30,-2.35,3.49,,
2021-05-01,0.98,2.85,,
2021-05-02,-1.19,3.11,,
2021-05-03,-3.23,4.45,,
2021-05-04,-3.18,3.79,,
2021-05-05,-2.47,3.16,,
2021-05-06,-1.57,2.71,,
2021-05-07,1.62,3.33,,
2021-05-08,-3.03,-1.82,,
2021-05-09,-5.34,-0.00,,
2021-05-10,-4.15,2.59,,
2021-05-11,-3.57,1.74,,
2021-05-12,-3.06,3.17,,
2021-05-13,-0.05,3.15,,
2021-05-14,-0.64,-1.75,,
2021-05-15,-2.03,-3.38,,
2021-05-16,-4.74,-3.98,,
2021-05-17,-5.00,-3.00,,
2021-05-18,-6.99,-2.14,,
2021-05-19,-8.36,-1.63,,
2021-05-20,-8.88,-1.89,,
2021-05-21,-6.84,-3.05,,
2021-05-22,-6.70,-2.98,,
2021-05-23,-5.44,-1.87,,
2021-05-24,-4.47,-0.55,,
2021-05-25,-4.70,-0.74,,
2021-05-26,-4.71,-0.66,,
2021-05-27,-3.06,-0.27,,
2021-05-28,-3.29,1.33,,
2021-05-29,-2.88,2.98,,
2021-05-30,-2.64,3.26,,
2021-05-31,-3.73,1.28,,
2021-06-01,-5.00,-0.17,,
2021-06-02,-5.62,2.05,,
2021-06-03,-5.49,2.44,,
2021-06-04,-4.64,2.26,,
2021-06-05,-5.06,2.05,,
2021-06-06,-6.12,2.35,,
2021-06-07,-5.79,1.23,,
2021-06-08,-5.56,0.19,,
2021-06-09,-4.74,0.17,,
2021-06-10,-4.11,1.33,,
2021-06-11,-2.54,2.37,,
2021-06-12,-0.18,3.50,,
2021-06-13,1.34,4.13,,
2021-06-14,1.21,4.22,,
2021-06-15,-0.35,4.02,,
2021-06-16,-1.25,2.81,,
2021-06-17,-2.01,1.35,,
2021-06-18,-3.25,1.31,,
2021-06-19,-3.93,1.51,,
2021-06-20,-3.19,4.38,,
2021-06-21,-2.51,3.87,,
2021-06-22,-3.61,3.73,,
2021-06-23,-2.60,2.89,,
2021-06-24,-4.23,0.98,,
2021-06-25,-5.22,0.18,,
2021-06-26,-5.13,0.27,,
2021-06-27,-4.58,-0.81,,
2021-06-28,-3.80,1.02,,
2021-06-29,-5.33,1.53,,
2021-06-30,-5.06,0.53,,
2021-07-01,-3.28,3.40,,
2021-07-02,-1.49,4.10,,
2021-07-03,0.87,4.10,,
2021-07-04,-2.21,2.64,,
2021-07-05,-2.65,3.64,,
2021-07-06,-4.53,3.54,,
2021-07-07,-4.66,3.78,,
2021-07-08,-3.77,3.90,,
2021-07-09,-3.82,1.70,,
2021-07-10,-3.84,1.32,,
2021-07-11,-4.92,1.69,,
2021-07-12,-5.74,1.43,,
2021-07-13,-5.90,0.62,,
2021-07-14,-5.35,-1.23,,
2021-07-15,-4.99,-0.88,,
2021-07-16,-4.15,-0.22,,
2021-07-17,-3.64,1.32,,
2021-07-18,-4.41,1.10,,
2021-07-19,-4.69,1.71,,
2021-07-20,-3.29,3.18,,
2021-07-21,-2.69,3.09,,
2021-07-22,-2.67,2.01,,
2021-07-23,-2.33,2.41,,
2021-07-24,-0.06,3.31,,
2021-07-25,-1.97,2.35,,
2021-07-26,-2.54,2.21,,
2021-07-27,-0.53,2.13,,
2021-07-28,-0.89,1.61,,
2021-07-29,-2.05,2.53,,
2021-07-30,-2.49,2.97,,
2021-07-31,-2.64,2.64,,
2021-08-01,-2.54,2.82,,
2021-08-02,-1.51,3.74,,
2021-08-03,-2.40,3.69,,
2021-08-04,-3.24,3.13,,
2021-08-05,-3.12,3.23,,
2021-08-06,-3.64,2.84,,
2021-08-07,-3.67,1.05,,
2021-08-08,-2.99,0.97,,
2021-08-09,-4.07,0.57,,
2021-08-10,-4.65,0.24,,
2021-08-11,-4.93,-0.87,,
2021-08-12,-5.69,-1.00,,
2021-08-13,-6.01,1.95,,
2021-08-14,-5.36,2.85,,
2021-08-15,-5.60,0.29,,
2021-08-16,-3.74,3.25,,
2021-08-17,-5.17,1.58,,
2021-08-18,-4.40,1.10,,
2021-08-19,-2.50,-1.11,,
2021-08-20,-0.39,1.45,,
2021-08-21,-2.93,2.55,,
2021-08-22,-3.83,2.58,,
2021-08-23,-4.17,2.41,,
2021-08-24,-4.61,1.41,,
2021-08-25,-7.10,-2.31,,
2021-08-26,-5.37,1.24,,
2021-08-27,-5.50,0.97,,
2021-08-28,-3.63,1.04,,
2021-08-29,-2.27,-0.57,,
2021-08-30,-1.22,-2.20,,
2021-08-31,-1.49,-1.55,,
2021-09-01,-0.99,0.89,,
2021-09-02,0.11,1.61,,
2021-09-03,1.12,1.67,,
2021-09-04,2.04,0.47,,
2021-09-05,1.52,1.23,,
2021-09-06,1.07,0.64,,
2021-09-07,-0.24,0.96,,
2021-09-08,-0.86,0.30,,
2021-09-09,1.51,0.80,,
2021-09-10,1.65,-0.09,,
2021-09-11,-2.50,-0.49,,
2021-09-12,-4.35,0.38,,
2021-09-13,-4.21,-0.00,,
2021-09-14,-3.16,-1.21,,
2021-09-15,-1.87,-0.68,,
2021-09-16,1.01,1.99,,
2021-09-17,-1.03,2.02,,
2021-09-18,-1.97,0.38,,
2021-09-19,-2.26,0.36,,
2021-09-20,-3.72,0.20,,
2021-09-21,-4.02,0.07,,
2021-09-22,-2.56,0.09,,
2021-09-23,-1.32,1.89,,
2021-09-24,-0.52,1.36,,
2021-09-25,0.42,1.56,,
2021-09-26,-0.95,-1.65,,
2021-09-27,-2.02,-3.11,,
2021-09-28,-3.79,-3.29,,
2021-09-29,-1.60,-2.29,,
2021-09-30,-3.41,-1.24,,
2021-10-01,-5.45,-2.20,,
2021-10-02,-6.02,-2.56,,
2021-10-03,-5.37,-1.34,,
2021-10-04,-4.29,-1.23,,
2021-10-05,-2.79,0.20,,
2021-10-06,-3.28,2.85,,
2021-10-07,-4.66,1.98,,
2021-10-08,-3.53,-0.25,,
2021-10-09,-2.05,0.51,,
2021-10-10,-1.87,1.63,,
2021-10-11,-1.61,2.22,,
2021-10-12,-2.33,0.08,,
2021-10-13,-2.36,-2.20,,
2021-10-14,-2.16,-2.57,,
2021-10-15,-1.44,-3.08,,
2021-10-16,1.71,-1.15,,
2021-10-17,2.24,-1.40,,
2021-10-18,-2.09,-4.69,,
2021-10-19,-3.91,-3.40,,
2021-10-20,-5.55,-3.34,,
2021-10-21,-6.13,-1.64,,
2021-10-22,-5.22,0.73,,
2021-10-23,-2.62,3.01,,
2021-10-24,-1.70,2.52,,
2021-10-25,-0.76,4.83,,
2021-10-26,4.50,2.10,,
2021-10-27,4.79,0.17,,
2021-10-28,2.44,2.04,,
2021-10-29,3.93,5.41,,
2021-10-30,5.81,5.05,,
2021-10-31,3.78,-1.53,,
2021-11-01,-1.06,-1.51,,
2021-11-02,-3.25,-1.95,,
2021-11-03,-2.49,-1.16,,
2021-11-04,-2.71,-0.67,,
2021-11-05,-3.57,1.09,,
2021-11-06,3.57,5.50,,
2021-11-07,6.44,-1.61,,
2021-11-08,2.37,-5.32,,
2021-11-09,-2.09,-4.70,,
2021-11-10,-4.76,-2.22,,
2021-11-11,-6.10,0.97,,
2021-11-12,-3.39,2.03,,
2021-11-13,2.30,0.24,,
2021-11-14,-0.05,-1.29,,
2021-11-15,-0.21,-3.95,,
2021-11-16,-4.93,-5.11,,
2021-11-17,-7.12,-2.73,,
2021-11-18,-7.14,-0.00,,
2021-11-19,-3.43,2.58,,
2021-11-20,-4.33,-0.69,,
2021-11-21,-4.98,-1.62,,
2021-11-22,-0.36,3.43,,
2021-11-23,3.26,-5.02,,
2021-11-24,-4.02,-5.95,,
2021-11-25,-5.28,-3.43,,
2021-11-26,-2.40,-0.00,,
2021-11-27,1.26,-2.38,,
2021-11-28,-1.55,-1.98,,
2021-11-29,2.05,-2.62,,
2021-11-30,0.47,-2.96,,
2021-12-01,-3.30,-1.07,,
2021-12-02,2.66,-0.91,,
2021-12-03,-0.56,-4.00,,
2021-12-04,-3.54,-1.01,,
2021-12-05,-4.31,1.15,,
2021-12-06,-3.06,2.56,,
2021-12-07,0.26,2.14,,
2021-12-08,-0.56,1.94,,
2021-12-09,1.23,-0.24,,
2021-12-10,-2.36,-0.63,,
2021-12-11,-4.50,-0.00,,
2021-12-12,-2.89,-0.10,,
2021-12-13,-4.56,-2.42,,
2021-12-14,-5.03,-2.13,,
2021-12-15,-6.53,-1.75,,
2021-12-16,-6.66,-1.17,,
2021-12-17,-5.37,0.47,,
2021-12-18,-5.28,2.35,,
2021-12-19,-3.03,4.49,,
2021-12-20,1.27,2.28,,
2021-12-21,1.04,4.52,,
2021-12-22,7.00,0.86,,
2021-12-23,2.06,-5.09,,
2021-12-24,-3.40,-4.86,,
2021-12-25,-3.72,-1.43,,
2021-12-26,-0.51,-1.79,,
2021-12-27,0.28,-2.69,,
2021-12-28,-2.14,1.19,,
2021-12-29,-2.09,2.25,,
2021-12-30,-1.76,1.76,,
2021-12-31,-1.78,1.24,,
2022-01-01,-2.61,2.35,-0.012,0.059
2022-01-02,-2.11,3.96,0.015,0.106
2022-01-03,0.95,4.13,0.077,0.077
2022-01-04,-2.85,-4.93,-0.057,-0.145
2022-01-05,-2.28,-2.28,-0.023,-0.061
2022-01-06,-0.57,3.25,0.079,0.049
2022-01-07,-0.06,1.74,0.025,-0.019
2022-01-08,-4.71,-3.06,-0.099,-0.057
2022-01-09,-8.28,-1.61,-0.200,0.020
2022-01-10,-3.83,0.33,-0.017,0.053
2022-01-11,-2.27,-4.45,-0.058,-0.125
2022-01-12,-7.02,-3.89,-0.187,-0.077
2022-01-13,-2.25,-3.33,-0.031,-0.004
2022-01-14,6.94,-3.09,0.151,-0.142
2022-01-15,1.69,-1.95,0.015,-0.055
2022-01-16,-0.46,5.31,0.017,0.156
2022-01-17,8.61,0.60,0.192,-0.005
2022-01-18,2.96,-3.66,-0.007,-0.124
2022-01-19,-3.29,0.70,-0.054,0.055
2022-01-20,-3.91,0.90,-0.049,0.053
2022-01-21,-1.92,2.13,-0.022,0.021
2022-01-22,1.94,1.94,0.031,-0.060
2022-01-23,1.66,-2.99,0.003,-0.145
2022-01-24,3.23,-3.01,0.053,-0.135
2022-01-25,0.51,-1.79,-0.021,-0.037
2022-01-26,-0.80,2.99,0.036,0.076
2022-01-27,2.40,2.16,0.059,0.014
2022-01-28,3.26,1.52,0.053,-0.026
2022-01-29,8.18,-3.64,0.175,-0.187
2022-01-30,3.13,-5.21,-0.020,-0.182
2022-01-31,-1.45,-3.79,-0.083,-0.067
2022-02-01,-4.87,-2.38,-0.161,-0.051
2022-02-02,-6.75,-0.95,-0.205,-0.040
2022-02-03,-6.43,0.56,-0.178,0.022
2022-02-04,-4.99,2.02,-0.145,0.118
2022-02-05,-1.66,-1.78,-0.087,0.052
2022-02-06,-4.08,1.17,-0.134,0.085
2022-02-07,-2.55,0.93,-0.081,0.073
2022-02-08,-3.10,0.83,-0.089,0.068
2022-02-09,-0.48,2.09,-0.037,0.077
2022-02-10,-1.68,-3.03,-0.090,-0.014
2022-02-11,-3.28,-2.38,-0.143,-0.043
2022-02-12,-2.13,1.72,-0.059,0.064
2022-02-13,-0.84,5.29,-0.011,0.174
2022-02-14,1.79,-6.68,-0.010,-0.203
2022-02-15,-6.81,-5.51,-0.229,-0.192
2022-02-16,-9.23,-3.00,-0.253,-0.039
2022-02-17,-8.00,1.56,-0.152,0.136
2022-02-18,-3.49,2.63,-0.018,0.083
2022-02-19,-0.30,1.88,0.031,0.031
2022-02-20,-3.85,-4.12,-0.116,-0.116
2022-02-21,-5.17,-3.11,-0.138,-0.016
2022-02-22,-6.43,-1.13,-0.143,0.046
2022-02-23,-5.16,-1.38,-0.099,0.021
2022-02-24,-5.49,-0.38,-0.115,-0.002
2022-02-25,-5.36,-0.94,-0.139,0.019
2022-02-26,-4.74,-1.72,-0.113,0.015
2022-02-27,-3.92,-0.62,-0.042,0.054
2022-02-28,-1.47,1.47,0.054,0.058
2022-03-01,3.26,0.69,0.118,-0.006
2022-03-02,-2.18,-3.23,-0.065,-0.082
2022-03-03,-4.35,-1.94,-0.091,-0.000
2022-03-04,-5.47,-2.55,-0.161,-0.049
2022-03-05,-8.79,-2.19,-0.269,-0.029
2022-03-06,-9.44,0.16,-0.266,0.120
2022-03-07,-7.54,1.74,-0.174,0.147
2022-03-08,-5.39,3.11,-0.072,0.148
2022-03-09,-3.76,4.48,-0.029,0.153
2022-03-10,-2.56,4.43,0.009,0.153
2022-03-11,-2.84,4.05,0.025,0.142
2022-03-12,-0.70,6.66,0.086,0.207
2022-03-13,-2.01,-7.51,-0.051,-0.196
2022-03-14,-7.63,-4.41,-0.221,-0.102
2022-03-15,-4.39,-0.15,-0.017,0.056
2022-03-16,-2.46,3.78,0.026,0.135
2022-03-17,-2.42,3.88,0.037,0.149
2022-03-18,-3.13,2.63,0.021,0.109
2022-03-19,-4.43,2.77,0.002,0.143
2022-03-20,-2.58,2.86,0.071,0.136
2022-03-21,-3.58,-4.42,-0.109,-0.117
2022-03-22,-6.56,-0.46,-0.104,0.065
2022-03-23,-5.07,3.82,-0.041,0.186
2022-03-24,-4.08,5.83,-0.018,0.248
2022-03-25,0.56,6.42,0.117,0.181
2022-03-26,2.01,-4.31,-0.032,-0.131
2022-03-27,4.04,-3.90,0.090,-0.124
2022-03-28,0.70,-3.61,-0.013,-0.095
2022-03-29,0.87,1.04,0.069,0.010
2022-03-30,-5.28,1.03,-0.106,0.090
2022-03-31,-5.37,5.76,-0.051,0.259
2022-04-01,-2.43,6.01,0.028,0.215
2022-04-02,-1.33,3.65,0.054,0.126
2022-04-03,1.37,3.22,0.098,0.074
2022-04-04,-2.22,-0.85,-0.045,-0.019
2022-04-05,-4.43,2.26,-0.016,0.111
2022-04-06,-2.51,4.93,0.053,0.189
2022-04-07,-1.75,5.72,0.050,0.176
2022-04-08,1.64,5.05,0.095,0.125
2022-04-09,3.78,-2.64,0.038,-0.124
2022-04-10,0.27,-5.11,-0.020,-0.132
2022-04-11,-4.81,-2.35,-0.104,0.013
2022-04-12,-6.85,-0.36,-0.139,0.078
2022-04-13,-6.50,1.15,-0.127,0.105
2022-04-14,-4.78,2.99,-0.071,0.142
2022-04-15,-3.66,3.29,-0.031,0.133
2022-04-16,-4.67,1.16,-0.064,0.096
2022-04-17,-5.08,1.36,-0.053,0.115
2022-04-18,-3.34,2.52,0.011,0.108
2022-04-19,-1.05,-3.04,-0.050,-0.091
2022-04-20,-5.60,-5.80,-0.191,-0.176
2022-04-21,-7.40,-4.99,-0.231,-0.115
2022-04-22,-7.56,-4.19,-0.222,-0.045
2022-04-23,-6.61,-3.37,-0.191,-0.031
2022-04-24,-6.54,-1.15,-0.155,0.054
2022-04-25,-6.07,-1.18,-0.142,0.050
2022-04-26,-4.71,-0.25,-0.093,0.074
2022-04-27,-3.03,0.26,-0.033,0.073
2022-04-28,-1.52,0.78,0.045,0.064
2022-04-29,-1.39,-0.59,0.030,-0.009
2022-04-30,-4.39,0.38,-0.002,0.036
2022-05-01,-4.98,0.70,-0.052,0.091
2022-05-02,-6.16,0.76,-0.100,0.118
2022-05-03,-5.38,1.85,-0.068,0.106
2022-05-04,-1.17,2.52,0.040,0.071
2022-05-05,0.49,1.98,0.055,-0.028
2022-05-06,2.02,1.12,0.041,-0.046
2022-05-07,2.11,4.73,0.126,0.088
2022-05-08,4.23,3.31,0.135,0.036
2022-05-09,-0.75,-2.32,-0.040,-0.106
2022-05-10,-0.63,-5.10,-0.081,-0.161
2022-05-11,1.29,-3.74,-0.036,-0.107
2022-05-12,1.84,-0.26,-0.011,0.030
2022-05-13,-2.26,3.61,-0.010,0.154
2022-05-14,-1.09,4.72,0.030,0.165
2022-05-15,-0.56,2.91,0.043,0.026
2022-05-16,1.12,2.76,0.042,0.008
2022-05-17,-0.35,2.53,0.016,0.053
2022-05-18,-0.29,1.66,0.015,0.049
2022-05-19,0.08,2.22,0.047,0.062
2022-05-20,-2.83,2.29,0.016,0.065
2022-05-21,-5.23,1.80,-0.069,0.112
2022-05-22,-5.33,0.84,-0.068,0.103
2022-05-23,-5.58,1.08,-0.069,0.090
2022-05-24,-5.60,1.19,-0.098,0.094
2022-05-25,-5.73,0.81,-0.122,0.085
2022-05-26,-5.60,0.79,-0.135,0.074
2022-05-27,-4.19,2.42,-0.076,0.111
2022-05-28,-2.31,3.99,0.006,0.139
2022-05-29,-2.06,3.17,0.016,0.100
2022-05-30,-3.15,2.84,-0.027,0.096
2022-05-31,-2.77,1.54,-0.024,0.025
2022-06-01,-1.46,1.27,-0.012,-0.005
2022-06-02,0.47,2.22,0.058,-0.007
2022-06-03,-1.86,1.61,0.004,-0.055
2022-06-04,-3.51,6.89,0.045,0.234
2022-06-05,6.03,7.19,0.239,0.180
2022-06-06,2.93,3.37,0.047,-0.013
2022-06-07,0.08,4.31,0.029,0.104
2022-06-08,-0.40,1.16,-0.022,0.029
2022-06-09,-0.13,2.45,0.019,0.046
2022-06-10,-0.00,2.27,0.019,-0.046
2022-06-11,-0.98,3.93,0.061,0.097
2022-06-12,-2.59,3.57,0.006,0.101
2022-06-13,-3.04,2.83,-0.003,0.088
2022-06-14,-3.43,1.25,-0.065,0.029
2022-06-15,-3.41,1.31,-0.025,0.034
2022-06-16,-1.93,-0.34,-0.032,-0.028
2022-06-17,-1.59,-1.33,-0.061,-0.028
2022-06-18,-2.15,0.04,-0.031,-0.033
2022-06-19,1.94,1.94,0.054,0.005
2022-06-20,0.19,-1.36,-0.017,-0.063
2022-06-21,-3.40,-2.65,-0.113,-0.091
2022-06-22,-4.86,-1.96,-0.132,-0.014
2022-06-23,-1.83,0.26,0.031,0.012
2022-06-24,0.33,1.85,0.062,-0.004
2022-06-25,-1.86,0.95,0.042,-0.026
2022-06-26,-2.31,0.41,0.023,0.005
2022-06-27,-2.12,0.61,0.026,0.033
2022-06-28,-3.74,2.34,0.008,0.113
2022-06-29,-3.62,3.38,0.014,0.121
2022-06-30,-5.30,1.42,-0.082,0.053
2022-07-01,-5.87,1.03,-0.112,0.093
2022-07-02,-5.07,1.95,-0.073,0.133
2022-07-03,-4.95,1.14,-0.076,0.083
2022-07-04,-4.98,1.43,-0.086,0.097
2022-07-05,-4.02,2.32,-0.044,0.109
2022-07-06,-3.29,2.06,-0.045,0.076
2022-07-07,-4.53,0.72,-0.109,0.077
2022-07-08,-4.83,3.02,-0.051,0.166
2022-07-09,-2.62,2.71,0.009,0.113
2022-07-10,-1.89,3.56,-0.002,0.114
2022-07-11,-1.66,4.31,0.031,0.138
2022-07-12,-2.76,3.54,-0.002,0.138
2022-07-13,-2.61,3.23,0.020,0.136
2022-07-14,-4.40,2.05,-0.032,0.142
2022-07-15,-4.65,1.24,0.002,0.143
2022-07-16,-4.62,3.00,-0.031,0.197
2022-07-17,-3.33,3.83,0.010,0.199
2022-07-18,-3.90,3.27,-0.018,0.177
2022-07-19,-4.55,1.05,-0.041,0.127
2022-07-20,-4.00,1.30,0.004,0.124
2022-07-21,-4.27,2.37,-0.035,0.148
2022-07-22,-4.57,2.23,-0.057,0.131
2022-07-23,-4.99,0.88,-0.105,0.094
2022-07-24,-5.26,0.09,-0.113,0.086
2022-07-25,-6.02,1.17,-0.109,0.134
2022-07-26,-5.15,2.51,-0.069,0.167
2022-07-27,-4.95,1.42,-0.080,0.094
2022-07-28,-5.32,-0.94,-0.122,0.028
2022-07-29,-5.46,1.06,-0.077,0.104
2022-07-30,-5.78,1.12,-0.082,0.100
2022-07-31,-5.61,0.89,-0.094,0.050
2022-08-01,-5.06,0.89,-0.090,0.060
2022-08-02,-3.28,-0.29,-0.090,0.012
2022-08-03,-4.18,-0.07,-0.116,0.027
2022-08-04,-3.72,1.35,-0.046,0.088
2022-08-05,-5.03,1.63,-0.077,0.101
2022-08-06,-6.37,-0.22,-0.142,0.064
2022-08-07,-5.51,-0.29,-0.093,0.094
2022-08-08,-5.27,1.22,-0.079,0.108
2022-08-09,-6.18,2.13,-0.085,0.144
2022-08-10,-5.33,0.19,-0.088,0.060
2022-08-11,-4.87,-0.26,-0.125,0.013
2022-08-12,-3.98,0.70,-0.094,0.047
2022-08-13,-2.22,1.93,-0.049,0.056
2022-08-14,0.33,2.11,-0.021,0.005
2022-08-15,1.04,2.05,-0.005,-0.012
2022-08-16,1.20,2.69,0.017,0.016
2022-08-17,1.85,2.54,0.042,0.002
2022-08-18,0.50,2.16,-0.022,-0.041
2022-08-19,-3.28,1.60,-0.092,0.013
2022-08-20,-5.02,0.89,-0.121,0.076
2022-08-21,-5.35,-0.37,-0.155,0.061
2022-08-22,-4.39,0.08,-0.112,0.074
2022-08-23,-2.64,0.56,-0.073,0.040
2022-08-24,-2.53,1.35,-0.043,0.062
2022-08-25,-2.80,1.62,-0.022,0.091
2022-08-26,-2.27,1.11,-0.009,0.039
2022-08-27,-1.86,1.03,-0.016,0.049
2022-08-28,-2.75,2.56,-0.033,0.112
2022-08-29,-3.12,3.72,-0.014,0.172
2022-08-30,-4.23,2.16,-0.073,0.133
2022-08-31,-1.27,2.60,0.008,0.057
2022-09-01,-1.49,1.29,-0.010,0.012
2022-09-02,-3.18,-0.22,-0.060,0.035
2022-09-03,-4.63,-0.73,-0.097,0.041
2022-09-04,-3.30,-1.20,-0.067,-0.000
2022-09-05,-2.66,0.57,-0.019,0.040
2022-09-06,-1.98,-0.49,-0.029,-0.017
2022-09-07,0.32,-2.00,-0.012,-0.037
2022-09-08,1.71,-0.18,0.016,-0.030
2022-09-09,0.85,2.97,0.049,0.046
2022-09-10,-2.01,2.40,-0.007,0.062
2022-09-11,-2.63,0.28,-0.026,0.042
2022-09-12,-2.04,-0.87,-0.035,0.023
2022-09-13,-1.75,-0.03,-0.037,0.014
2022-09-14,-0.06,3.33,-0.000,0.074
2022-09-15,-1.20,2.83,-0.015,0.094
2022-09-16,-3.49,0.24,-0.058,0.071
2022-09-17,-4.37,0.38,-0.094,0.100
2022-09-18,-3.57,1.90,-0.061,0.119
2022-09-19,-3.06,1.36,-0.092,0.045
2022-09-20,-3.71,-1.57,-0.143,0.004
2022-09-21,-2.23,-6.14,-0.190,-0.152
2022-09-22,2.94,-4.52,-0.056,-0.146
2022-09-23,2.65,-1.35,-0.023,-0.044
2022-09-24,-2.75,-1.00,-0.101,-0.009
2022-09-25,-3.19,1.69,-0.040,0.074
2022-09-26,-2.68,3.43,-0.024,0.133
2022-09-27,-3.33,5.13,-0.035,0.176
2022-09-28,-3.25,6.96,-0.019,0.254
2022-09-29,-0.66,7.59,0.057,0.239
2022-09-30,0.07,4.13,0.048,0.032
2022-10-01,-0.26,2.14,-0.023,-0.003
2022-10-02,2.22,2.95,0.054,0.051
2022-10-03,2.72,0.48,-0.035,-0.043
2022-10-04,1.36,-3.19,-0.082,-0.123
2022-10-05,1.30,-3.22,-0.087,-0.070
2022-10-06,-2.53,-3.89,-0.155,-0.066
2022-10-07,-3.72,-4.13,-0.182,-0.092
2022-10-08,-4.41,-0.15,-0.128,0.054
2022-10-09,-3.83,0.40,-0.091,0.069
2022-10-10,-4.31,1.48,-0.086,0.114
2022-10-11,-3.92,-0.55,-0.066,0.038
2022-10-12,-4.07,0.64,-0.055,0.078
2022-10-13,-1.40,4.30,0.045,0.128
2022-10-14,-0.63,2.71,0.029,0.021
2022-10-15,-2.07,-1.40,-0.090,-0.026
2022-10-16,-4.84,-3.03,-0.166,-0.051
2022-10-17,-3.95,-0.49,-0.088,0.051
2022-10-18,1.44,3.76,0.060,0.070
2022-10-19,4.24,1.14,0.089,-0.036
2022-10-20,1.96,-1.00,-0.034,-0.049
2022-10-21,3.25,1.66,0.069,0.016
2022-10-22,2.50,-2.88,0.006,-0.050
2022-10-23,-1.55,-3.65,-0.065,-0.092
2022-10-24,-2.78,-2.88,-0.075,-0.081
2022-10-25,-1.75,-2.25,-0.041,-0.048
2022-10-26,-0.55,-2.19,0.012,-0.035
2022-10-27,-1.38,-3.10,-0.030,-0.072
2022-10-28,-3.48,-3.13,-0.089,-0.074
2022-10-29,-4.16,-3.37,-0.127,-0.086
2022-10-30,-4.80,-1.84,-0.132,-0.023
2022-10-31,-4.23,0.44,-0.090,0.055
2022-11-01,-4.37,1.42,-0.062,0.076
2022-11-02,-3.57,-0.63,-0.084,-0.017
2022-11-03,-1.78,-2.20,-0.065,-0.063
2022-11-04,-1.65,-5.07,-0.097,-0.158
2022-11-05,-5.57,-0.49,-0.136,0.041
2022-11-06,-7.20,-1.80,-0.221,0.020
2022-11-07,-4.67,-7.19,-0.242,-0.232
2022-11-08,0.16,-9.10,-0.158,-0.323
2022-11-09,9.32,-2.67,0.049,-0.100
2022-11-10,-0.00,8.72,0.026,0.327
2022-11-11,-0.56,4.55,-0.012,0.121
2022-11-12,-0.34,1.35,-0.044,0.009
2022-11-13,1.19,-0.86,-0.080,-0.033
2022-11-14,-1.84,-1.72,-0.131,-0.015
2022-11-15,-3.14,-0.33,-0.138,0.060
2022-11-16,-2.29,0.20,-0.089,0.074
2022-11-17,-1.53,-1.03,-0.078,-0.000
2022-11-18,-3.23,-3.99,-0.150,-0.106
2022-11-19,-4.61,-1.86,-0.162,-0.008
2022-11-20,-3.61,0.64,-0.125,0.080
2022-11-21,-4.06,-1.32,-0.201,0.031
2022-11-22,-4.12,0.51,-0.176,0.054
2022-11-23,-2.59,1.44,-0.116,0.048
2022-11-24,-2.60,-1.10,-0.122,0.013
2022-11-25,-2.67,0.33,-0.057,0.046
2022-11-26,-1.10,-1.18,-0.063,-0.000
2022-11-27,-2.52,1.77,-0.055,0.064
2022-11-28,1.28,1.52,0.006,-0.017
2022-11-29,-3.56,-2.40,-0.116,-0.070
2022-11-30,-4.96,-0.88,-0.111,0.024
2022-12-01,-3.66,-2.76,-0.083,-0.098
2022-12-02,-7.33,-5.52,-0.240,-0.211
2022-12-03,-7.77,-3.62,-0.226,-0.040
2022-12-04,-3.94,-4.38,-0.124,-0.115
2022-12-05,-1.44,-3.75,-0.061,-0.159
2022-12-06,-3.17,-2.66,-0.106,-0.107
2022-12-07,-4.90,-3.83,-0.152,-0.100
2022-12-08,-4.50,-3.78,-0.135,-0.109
2022-12-09,-1.43,-3.55,-0.048,-0.101
2022-12-10,-0.28,-3.97,-0.038,-0.171
2022-12-11,0.46,-1.50,-0.033,-0.090
2022-12-12,2.12,-1.84,-0.033,-0.125
2022-12-13,-2.29,-3.39,-0.098,-0.111
2022-12-14,-5.92,0.41,-0.141,0.025
2022-12-15,-3.27,4.04,-0.044,0.123
2022-12-16,1.35,4.15,0.068,0.029
2022-12-17,1.46,0.42,-0.027,-0.079
2022-12-18,2.33,2.68,0.056,0.017
2022-12-19,-3.43,-5.49,-0.124,-0.158
2022-12-20,-6.18,-2.88,-0.197,-0.049
2022-12-21,-2.28,4.29,-0.025,0.074
2022-12-22,1.52,2.98,0.034,0.016
2022-12-23,3.12,2.62,0.082,0.007
2022-12-24,2.60,-5.11,0.025,-0.163
2022-12-25,-1.15,-4.62,-0.068,-0.163
2022-12-26,-2.75,-5.17,-0.115,-0.186
2022-12-27,-3.61,-3.88,-0.091,-0.086
2022-12-28,-4.80,-6.14,-0.142,-0.235
2022-12-29,-5.55,-2.13,-0.145,-0.044
2022-12-30,-3.12,1.26,-0.041,0.025
2022-12-31,-2.76,2.08,-0.029,0.076
2023-01-01,-2.10,0.52,-0.002,0.007
2023-01-02,-3.10,-1.13,-0.059,0.000
2023-01-03,-4.67,0.16,-0.064,0.065
2023-01-04,-3.86,2.70,-0.019,0.121
2023-01-05,-3.04,1.90,0.012,0.077
2023-01-06,-1.47,-1.15,0.011,-0.038
2023-01-07,-2.75,-4.58,-0.112,-0.125
2023-01-08,-4.54,-2.73,-0.121,-0.048
2023-01-09,-2.53,2.53,0.015,0.068
2023-01-10,-0.92,-3.44,-0.008,-0.065
2023-01-11,-0.89,-1.54,0.026,-0.017
2023-01-12,-2.58,-0.00,0.018,0.012
2023-01-13,0.07,3.99,0.077,0.094
2023-01-14,10.15,-2.53,0.283,-0.182
2023-01-15,5.55,-5.36,0.085,-0.268
2023-01-16,1.38,-2.39,0.008,-0.009
2023-01-17,-1.56,0.54,0.021,0.009
2023-01-18,-2.08,1.25,0.045,0.012
2023-01-19,-2.58,2.49,0.009,0.019
2023-01-20,0.09,1.67,0.015,-0.056
2023-01-21,-1.97,-0.80,-0.019,-0.059
2023-01-22,-3.27,4.04,-0.031,0.092
2023-01-23,0.62,4.38,0.072,0.092
2023-01-24,-3.82,-3.57,-0.096,-0.127
2023-01-25,-5.27,3.05,-0.095,0.092
2023-01-26,0.53,3.79,0.059,0.050
2023-01-27,-1.99,-2.95,-0.049,-0.081
2023-01-28,-5.57,-5.38,-0.175,-0.179
2023-01-29,-6.45,-2.10,-0.169,-0.031
2023-01-30,-4.76,1.55,-0.049,0.087
2023-01-31,-3.21,0.80,-0.026,0.031
2023-02-01,-1.63,1.02,-0.009,0.031
2023-02-02,-2.02,1.36,0.011,0.042
2023-02-03,0.32,3.00,0.057,0.050
2023-02-04,-4.88,-2.82,-0.088,-0.091
2023-02-05,-8.06,0.99,-0.167,0.097
2023-02-06,0.79,-3.72,0.019,-0.059
2023-02-07,-5.05,-3.53,-0.151,-0.100
2023-02-08,-5.83,-0.61,-0.129,0.050
2023-02-09,-6.22,0.33,-0.126,0.063
2023-02-10,-4.11,2.28,-0.029,0.107
2023-02-11,-3.57,4.11,-0.015,0.138
2023-02-12,-0.96,6.81,0.067,0.185
2023-02-13,6.77,-1.94,0.170,-0.122
2023-02-14,-2.17,-2.88,-0.034,-0.062
2023-02-15,-5.36,1.34,-0.072,0.114
2023-02-16,-5.70,2.66,-0.069,0.119
2023-02-17,-4.25,3.57,-0.042,0.125
2023-02-18,-1.48,2.20,0.042,-0.035
2023-02-19,-3.72,-0.26,-0.073,-0.015
2023-02-20,-1.46,1.62,0.035,-0.012
2023-02-21,0.46,2.00,0.024,-0.021
2023-02-22,-2.21,2.13,0.002,0.032
2023-02-23,-3.34,2.52,-0.002,0.100
2023-02-24,-3.03,-0.21,-0.046,-0.000
2023-02-25,-1.95,-1.17,-0.077,-0.040
2023-02-26,0.14,-1.54,-0.056,-0.044
2023-02-27,2.19,0.76,0.010,-0.028
2023-02-28,2.16,2.97,0.080,0.031
2023-03-01,2.02,0.86,0.025,-0.045
2023-03-02,-1.00,2.89,-0.001,0.039
2023-03-03,-1.68,4.61,0.019,0.141
2023-03-04,-0.57,4.09,0.052,0.127
2023-03-05,-0.65,1.27,0.009,0.009
2023-03-06,-1.59,-0.43,-0.053,-0.112
2023-03-07,2.48,1.55,-0.002,-0.032
2023-03-08,0.51,-4.18,-0.068,-0.138
2023-03-09,-3.31,-4.91,-0.149,-0.150
2023-03-10,-2.44,-1.98,-0.067,-0.021
2023-03-11,4.90,2.50,0.148,0.050
2023-03-12,2.76,-0.34,0.004,-0.005
2023-03-13,3.05,4.36,0.167,0.127
2023-03-14,4.77,0.67,0.097,-0.035
2023-03-15,-1.71,-5.60,-0.092,-0.207
2023-03-16,-4.07,-4.85,-0.139,-0.171
2023-03-17,-4.43,2.56,-0.030,0.118
2023-03-18,-1.50,5.24,0.041,0.160
2023-03-19,0.47,5.38,0.074,0.170
2023-03-20,4.11,0.50,0.080,0.004
2023-03-21,-2.73,-5.85,-0.133,-0.197
2023-03-22,-6.08,-2.70,-0.158,-0.003
2023-03-23,-5.63,-1.83,-0.135,0.040
2023-03-24,-4.11,1.10,-0.041,0.068
2023-03-25,-2.18,3.49,0.006,0.090
2023-03-26,-2.99,3.21,-0.033,0.079
2023-03-27,-2.94,3.38,-0.044,0.119
2023-03-28,-1.87,2.48,-0.004,0.065
2023-03-29,2.00,0.97,0.025,-0.043
2023-03-30,-3.53,-3.29,-0.110,-0.154
2023-03-31,-7.27,-1.41,-0.174,-0.034
2023-04-01,-5.07,2.58,-0.106,0.124
2023-04-02,1.35,3.18,0.005,-0.015
2023-04-03,-1.87,0.54,-0.014,-0.124
2023-04-04,-3.54,1.22,-0.008,-0.021
2023-04-05,-5.61,-0.29,-0.097,0.010
2023-04-06,-5.97,-0.84,-0.131,0.028
2023-04-07,-5.86,-1.57,-0.139,0.002
2023-04-08,-4.81,-0.34,-0.116,0.039
2023-04-09,2.89,-0.83,-0.014,-0.000
2023-04-10,-0.17,-3.17,-0.092,-0.123
2023-04-11,-8.31,-3.70,-0.289,-0.098
2023-04-12,-8.64,-0.30,-0.258,0.076
2023-04-13,-5.36,2.61,-0.082,0.138
2023-04-14,-3.08,3.95,0.002,0.114
2023-04-15,-3.28,2.13,-0.099,0.031
2023-04-16,-2.47,2.74,-0.072,0.107
2023-04-17,-0.50,4.72,0.032,0.166
2023-04-18,5.38,-1.05,0.038,0.011
2023-04-19,-1.95,-4.18,-0.107,-0.099
2023-04-20,-2.64,-1.72,-0.065,-0.006
2023-04-21,-3.05,-0.00,-0.045,0.017
2023-04-22,-3.06,-0.11,-0.041,0.028
2023-04-23,-1.63,-1.42,-0.053,-0.010
2023-04-24,-3.45,-0.55,-0.083,0.040
2023-04-25,-3.90,2.25,-0.040,0.099
2023-04-26,-2.11,1.53,-0.030,0.034
2023-04-27,-2.36,1.05,-0.048,0.017
2023-04-28,-2.14,3.87,0.036,0.117
2023-04-29,-0.64,4.54,0.060,0.112
2023-04-30,1.45,7.47,0.141,0.193
2023-05-01,6.26,-0.66,0.103,-0.158
2023-05-02,2.69,1.14,0.021,-0.070
2023-05-03,4.80,0.67,0.097,-0.016
2023-05-04,1.24,1.37,-0.001,-0.063
2023-05-05,0.64,-1.58,-0.036,-0.070
2023-05-06,-2.08,-0.88,-0.056,0.028
2023-05-07,-7.52,-3.19,-0.264,-0.044
2023-05-08,-5.34,-1.14,-0.126,0.064
2023-05-09,-4.20,0.15,-0.064,0.087
2023-05-10,-2.80,-1.55,-0.054,-0.069
2023-05-11,-4.16,-1.60,-0.130,-0.074
2023-05-12,-6.58,-1.28,-0.172,0.008
2023-05-13,-6.39,-1.13,-0.165,0.066
2023-05-14,-4.11,-0.36,-0.088,0.067
2023-05-15,-3.06,-2.30,-0.125,-0.059
2023-05-16,-2.15,-1.74,-0.111,-0.075
2023-05-17,2.36,0.72,-0.033,-0.016
2023-05-18,-0.26,2.43,-0.052,0.035
2023-05-19,-2.75,1.86,-0.058,0.091
2023-05-20,-3.45,-0.30,-0.090,0.034
2023-05-21,-3.43,-2.68,-0.103,-0.037
2023-05-22,-1.54,-4.46,-0.049,-0.124
2023-05-23,-0.94,-3.51,-0.011,-0.104
2023-05-24,-0.75,-1.53,0.011,-0.047
2023-05-25,0.27,2.55,-0.017,0.016
2023-05-26,0.97,2.66,-0.015,0.034
2023-05-27,1.63,4.02,0.020,0.058
2023-05-28,0.83,2.57,-0.081,-0.017
2023-05-29,1.08,3.13,-0.012,0.055
2023-05-30,0.09,1.75,-0.076,-0.007
2023-05-31,-0.48,2.75,-0.026,0.042
2023-06-01,1.79,4.22,0.045,0.071
2023-06-02,1.41,2.44,-0.039,-0.019
2023-06-03,1.35,0.24,-0.076,-0.037
2023-06-04,1.32,3.84,0.037,0.069
2023-06-05,4.22,0.00,0.053,-0.086
2023-06-06,-1.98,-2.28,-0.055,-0.129
2023-06-07,1.16,4.32,0.083,0.070
2023-06-08,2.51,4.35,0.096,0.056
2023-06-09,2.78,5.71,0.127,0.083
2023-06-10,2.64,3.37,0.049,-0.033
2023-06-11,1.61,4.44,0.049,0.060
2023-06-12,0.70,3.59,0.035,0.008
2023-06-13,-0.16,2.98,0.028,-0.018
2023-06-14,-0.94,2.45,-0.026,-0.035
2023-06-15,-1.58,2.53,-0.043,0.036
2023-06-16,0.06,3.21,-0.031,0.077
2023-06-17,2.90,2.80,0.044,0.009
2023-06-18,0.54,4.38,0.036,0.069
2023-06-19,0.55,3.48,0.020,0.039
2023-06-20,-1.58,1.82,-0.063,0.020
2023-06-21,-2.57,3.29,-0.046,0.111
2023-06-22,-3.03,2.55,-0.048,0.116
2023-06-23,-3.37,2.64,-0.060,0.122
2023-06-24,-3.66,2.37,-0.052,0.107
2023-06-25,-3.02,2.36,-0.038,0.118
2023-06-26,-1.86,2.75,0.009,0.087
2023-06-27,-0.15,2.14,0.011,0.014
2023-06-28,-0.64,1.75,-0.014,-0.028
2023-06-29,-1.47,1.63,-0.024,0.007
2023-06-30,-2.47,1.15,-0.055,0.018
2023-07-01,-2.39,1.55,-0.047,0.019
2023-07-02,-2.82,0.76,-0.077,-0.005
2023-07-03,-2.06,0.55,-0.061,0.020
2023-07-04,-1.47,2.35,-0.014,0.031
2023-07-05,-3.63,2.18,-0.042,0.079
2023-07-06,-1.43,5.32,0.031,0.122
2023-07-07,1.83,4.52,0.056,0.058
2023-07-08,1.27,4.43,0.042,0.070
2023-07-09,0.59,4.78,0.057,0.105
2023-07-10,-1.15,3.78,0.030,0.059
2023-07-11,-1.93,2.76,-0.011,0.050
2023-07-12,-2.65,1.93,-0.040,0.056
2023-07-13,-3.51,1.79,-0.034,0.078
2023-07-14,-4.05,3.05,-0.050,0.104
2023-07-15,-2.44,4.59,-0.014,0.135
2023-07-16,-2.20,3.81,-0.032,0.084
2023-07-17,-1.78,3.49,-0.008,0.097
2023-07-18,-4.39,2.96,-0.056,0.063
2023-07-19,-4.56,3.44,-0.053,0.128
2023-07-20,-4.83,2.46,-0.061,0.124
2023-07-21,-1.54,3.82,0.013,0.083
2023-07-22,2.64,1.85,-0.019,-0.033
2023-07-23,2.91,1.06,-0.043,-0.061
2023-07-24,-1.82,0.63,-0.092,-0.022
2023-07-25,-3.98,-1.14,-0.122,-0.027
2023-07-26,-5.36,-2.06,-0.164,-0.055
2023-07-27,-4.95,3.34,-0.103,0.105
2023-07-28,-6.08,2.71,-0.117,0.125
2023-07-29,-5.27,2.46,-0.099,0.105
2023-07-30,-2.27,2.90,-0.030,0.074
2023-07-31,-1.10,3.02,-0.013,0.055
2023-08-01,0.28,2.68,0.036,0.046
2023-08-02,1.96,0.49,0.039,-0.005
2023-08-03,-2.59,-0.84,-0.014,0.016
2023-08-04,-2.60,1.76,0.048,0.065
2023-08-05,-1.33,3.87,0.077,0.083
2023-08-06,-2.51,3.45,0.024,0.097
2023-08-07,-3.90,3.51,-0.012,0.124
2023-08-08,-3.17,3.52,0.002,0.132
2023-08-09,-3.10,2.60,0.007,0.095
2023-08-10,-3.03,1.82,-0.012,0.075
2023-08-11,-4.43,1.79,-0.008,0.113
2023-08-12,-2.41,3.09,0.049,0.114
2023-08-13,-3.29,1.90,-0.002,0.072
2023-08-14,-5.63,-0.20,-0.081,0.064
2023-08-15,-4.00,3.86,-0.030,0.136
2023-08-16,-2.57,3.81,-0.014,0.126
2023-08-17,-2.73,4.93,0.006,0.161
2023-08-18,-5.48,2.21,-0.094,0.102
2023-08-19,-5.44,3.14,-0.055,0.146
2023-08-20,-7.83,1.10,-0.133,0.106
2023-08-21,-8.55,-1.66,-0.177,0.036
2023-08-22,-7.32,-3.26,-0.173,-0.043
2023-08-23,-4.91,-2.39,-0.115,-0.026
2023-08-24,-2.54,-3.14,-0.083,-0.060
2023-08-25,-0.78,-4.92,-0.097,-0.127
2023-08-26,0.00,-3.27,-0.054,-0.083
2023-08-27,-2.20,2.54,-0.045,0.038
2023-08-28,3.05,0.27,-0.026,-0.054
2023-08-29,1.69,3.17,-0.055,0.001
2023-08-30,0.47,6.68,0.020,0.177
2023-08-31,3.21,3.96,0.041,0.072
2023-09-01,1.07,-2.93,-0.120,-0.054
2023-09-02,-3.97,-5.26,-0.212,-0.118
2023-09-03,-6.50,-4.55,-0.209,-0.093
2023-09-04,-5.39,-2.18,-0.139,-0.000
2023-09-05,-4.24,-1.63,-0.107,-0.009
2023-09-06,-3.13,-2.11,-0.059,-0.046
2023-09-07,-2.79,-1.88,-0.058,0.012
2023-09-08,-4.70,-0.16,-0.056,0.074
2023-09-09,-1.82,4.29,0.013,0.101
2023-09-10,-2.79,2.88,0.006,0.049
2023-09-11,-3.71,-1.28,-0.076,-0.048
2023-09-12,-3.91,-4.67,-0.110,-0.116
2023-09-13,-1.51,-6.53,-0.081,-0.187
2023-09-14,0.93,-5.89,-0.019,-0.157
2023-09-15,0.71,-3.07,0.007,-0.069
2023-09-16,-1.89,-0.17,-0.002,0.005
2023-09-17,-2.55,1.99,0.035,0.045
2023-09-18,-0.67,3.44,0.023,0.023
2023-09-19,-1.69,2.09,0.005,0.024
2023-09-20,-3.59,1.03,-0.042,0.017
2023-09-21,1.29,-3.35,-0.017,-0.070
2023-09-22,3.53,-0.43,0.021,-0.072
2023-09-23,-1.80,1.41,-0.026,-0.007
2023-09-24,-2.06,2.14,0.016,0.035
2023-09-25,-4.94,1.14,-0.043,0.073
2023-09-26,-5.10,2.27,-0.024,0.101
2023-09-27,-5.07,2.58,-0.031,0.106
2023-09-28,-3.06,2.39,-0.021,0.066
2023-09-29,-4.32,1.40,-0.022,0.049
2023-09-30,-3.89,1.57,-0.022,0.045
2023-10-01,-4.31,-1.40,-0.074,-0.028
2023-10-02,-4.67,-2.70,-0.119,-0.072
2023-10-03,-5.70,-3.16,-0.127,-0.040
2023-10-04,-4.73,-0.75,-0.047,0.038
2023-10-05,-3.11,-1.87,-0.020,-0.024
2023-10-06,1.17,-2.04,0.032,-0.046
2023-10-07,2.13,-0.07,0.063,-0.018
2023-10-08,0.36,2.96,0.072,0.022
2023-10-09,2.68,1.31,0.092,0.017
2023-10-10,2.73,2.46,0.100,0.035
2023-10-11,0.96,2.51,0.092,0.046
2023-10-12,0.43,6.15,0.109,0.146
2023-10-13,5.53,3.19,0.126,0.054
2023-10-14,6.01,1.06,0.122,0.017
2023-10-15,6.97,0.49,0.169,0.018
2023-10-16,7.88,-1.11,0.156,-0.043
2023-10-17,3.21,-4.59,0.062,-0.109
2023-10-18,-3.60,-3.36,-0.020,-0.019
2023-10-19,-4.19,-4.49,-0.064,-0.008
2023-10-20,-1.43,-2.69,0.039,-0.002
2023-10-21,1.89,-2.10,0.046,-0.042
2023-10-22,-0.94,-1.44,0.007,-0.007
2023-10-23,-2.90,-3.45,-0.050,-0.021
2023-10-24,-7.02,-5.49,-0.181,-0.110
2023-10-25,-9.19,-5.52,-0.217,-0.084
2023-10-26,-9.84,-5.23,-0.224,-0.099
2023-10-27,-8.10,-4.49,-0.179,-0.089
2023-10-28,-8.93,-5.37,-0.219,-0.142
2023-10-29,-8.44,-4.49,-0.201,-0.072
2023-10-30,-2.72,-6.42,-0.092,-0.137
2023-10-31,4.53,-2.51,0.032,-0.118
2023-11-01,1.70,-4.94,-0.011,-0.150
2023-11-02,-7.77,-9.26,-0.239,-0.296
2023-11-03,-9.55,-7.20,-0.268,-0.164
2023-11-04,-4.29,-1.91,-0.048,0.008
2023-11-05,-0.43,-4.08,-0.056,-0.135
2023-11-06,1.12,-7.06,-0.070,-0.224
2023-11-07,-3.88,-4.16,-0.129,-0.044
2023-11-08,-4.57,-3.84,-0.129,-0.036
2023-11-09,-5.84,0.41,-0.116,0.082
2023-11-10,-6.35,2.44,-0.092,0.108
2023-11-11,-6.05,0.74,-0.095,0.063
2023-11-12,-5.76,-0.50,-0.092,0.075
2023-11-13,-3.64,-3.05,-0.084,-0.038
2023-11-14,-7.02,-1.49,-0.144,0.016
2023-11-15,-11.45,-1.61,-0.271,0.055
2023-11-16,-9.75,6.33,-0.169,0.250
2023-11-17,3.31,5.29,0.059,0.050
2023-11-18,5.97,2.54,0.056,0.015
2023-11-19,3.36,-5.60,-0.044,-0.144
2023-11-20,-5.73,-4.16,-0.168,-0.037
2023-11-21,-8.06,-1.28,-0.201,0.076
2023-11-22,-3.83,4.10,-0.049,0.138
2023-11-23,2.57,2.39,0.095,0.025
2023-11-24,0.51,0.95,0.048,-0.046
2023-11-25,-2.44,-2.04,-0.027,-0.050
2023-11-26,-5.82,0.51,-0.054,0.073
2023-11-27,4.66,2.17,0.122,0.022
2023-11-28,0.00,-5.98,-0.016,-0.157
2023-11-29,-2.14,-4.59,-0.026,-0.091
2023-11-30,-5.69,-3.29,-0.095,-0.038
2023-12-01,-5.79,1.88,-0.032,0.085
2023-12-02,-4.37,3.42,0.009,0.077
2023-12-03,-1.30,2.00,0.085,-0.044
2023-12-04,-0.14,2.01,0.095,-0.020
2023-12-05,0.93,-1.24,0.071,-0.035
2023-12-06,4.33,-4.33,0.099,-0.169
2023-12-07,-2.94,-7.28,-0.053,-0.209
2023-12-08,-5.97,-0.21,-0.060,0.062
2023-12-09,-7.32,1.56,-0.088,0.088
2023-12-10,-7.14,3.80,-0.083,0.128
2023-12-11,0.14,7.85,0.073,0.093
2023-12-12,-5.07,-6.26,-0.205,-0.194
2023-12-13,-7.12,-3.17,-0.155,-0.004
2023-12-14,-8.36,-5.43,-0.231,-0.117
2023-12-15,-12.55,-6.96,-0.376,-0.182
2023-12-16,-12.26,-0.21,-0.268,0.141
2023-12-17,-6.40,12.03,-0.057,0.396
2023-12-18,7.67,-2.49,0.143,-0.125
2023-12-19,2.09,-6.08,-0.067,-0.156
2023-12-20,-6.44,-8.55,-0.256,-0.218
2023-12-21,-7.19,-6.95,-0.222,-0.112
2023-12-22,-6.38,-4.63,-0.163,-0.095
2023-12-23,-5.90,-3.27,-0.130,-0.079
2023-12-24,-7.78,-3.63,-0.192,-0.097
2023-12-25,-8.03,1.56,-0.166,0.093
2023-12-26,-4.94,5.89,-0.082,0.200
2023-12-27,5.26,0.93,0.013,0.035
2023-12-28,2.13,2.36,-0.054,0.089
2023-12-29,3.45,-4.42,-0.053,-0.073
2023-12-30,5.27,-2.46,0.019,-0.100
2023-12-31,3.34,-3.46,-0.004,-0.157
2024-01-01,0.26,-2.96,-0.074,-0.095
2024-01-02,3.85,-3.85,0.004,-0.144
2024-01-03,-4.55,-1.93,-0.146,-0.041
2024-01-04,4.14,4.93,0.036,0.105
2024-01-05,-5.43,-3.52,-0.182,-0.070
2024-01-06,-5.16,6.60,-0.107,0.209
2024-01-07,3.59,5.75,0.066,0.115
2024-01-08,-5.71,-4.96,-0.190,-0.115
2024-01-09,-9.28,6.02,-0.197,0.230
2024-01-10,2.21,7.69,0.073,0.200
2024-01-11,-1.73,0.24,-0.070,-0.043
2024-01-12,-2.21,4.75,-0.036,0.057
2024-01-13,1.72,6.40,0.076,0.117
2024-01-14,2.19,1.77,0.024,-0.035
2024-01-15,-5.59,1.50,-0.090,0.022
2024-01-16,-1.40,5.21,0.053,0.112
2024-01-17,4.37,1.50,0.048,-0.018
2024-01-18,-5.45,-1.26,-0.091,0.008
2024-01-19,3.10,3.56,0.080,0.082
2024-01-20,-0.65,-5.29,-0.049,-0.105
2024-01-21,-2.35,-8.76,-0.108,-0.241
2024-01-22,-9.24,-3.73,-0.228,-0.076
2024-01-23,-9.79,1.38,-0.203,0.128
2024-01-24,-8.61,1.52,-0.159,0.128
2024-01-25,-8.02,3.40,-0.123,0.156
2024-01-26,-5.73,2.79,-0.040,0.102
2024-01-27,-5.67,3.82,-0.004,0.115
2024-01-28,-1.04,6.57,0.095,0.138
2024-01-29,8.56,-3.46,0.167,-0.112
2024-01-30,1.72,-5.99,-0.023,-0.164
2024-01-31,4.39,-0.62,0.088,0.035
2024-02-01,3.40,-8.02,0.035,-0.221
2024-02-02,0.75,-3.25,0.012,0.006
2024-02-03,1.33,-2.51,0.059,-0.017
2024-02-04,-2.24,3.59,0.055,0.094
2024-02-05,4.01,3.25,0.143,0.029
2024-02-06,9.22,-0.64,0.237,-0.067
2024-02-07,2.40,-12.33,0.001,-0.392
2024-02-08,-4.56,-7.02,-0.156,-0.101
2024-02-09,-6.11,-1.75,-0.102,0.048
2024-02-10,-5.64,1.51,-0.020,0.098
2024-02-11,-4.39,4.88,0.039,0.094
2024-02-12,-2.25,6.17,0.070,0.102
2024-02-13,3.85,5.92,0.147,0.131
2024-02-14,-0.09,-5.18,-0.039,-0.066
2024-02-15,-5.51,-2.69,-0.102,0.029
2024-02-16,-4.16,1.94,-0.004,0.106
2024-02-17,0.10,5.59,0.093,0.132
2024-02-18,1.68,6.29,0.105,0.152
2024-02-19,7.79,4.87,0.206,0.121
2024-02-20,4.73,-7.01,0.034,-0.223
2024-02-21,4.12,-6.86,0.036,-0.201
2024-02-22,-1.65,-6.61,-0.075,-0.141
2024-02-23,-0.17,4.77,0.071,0.090
2024-02-24,8.38,3.39,0.206,0.021
2024-02-25,2.65,-3.93,0.024,-0.136
2024-02-26,-2.13,-1.28,-0.021,0.020
2024-02-27,-5.18,-0.18,-0.063,0.065
2024-02-28,-6.09,2.84,-0.088,0.133
2024-02-29,-4.82,1.57,-0.037,0.057
2024-03-01,-7.96,0.98,-0.088,0.077
2024-03-02,-6.14,4.14,-0.036,0.141
2024-03-03,-4.29,4.14,-0.017,0.085
2024-03-04,-3.42,3.93,0.037,0.067
2024-03-05,-3.45,4.26,0.010,0.085
2024-03-06,-3.75,5.36,-0.023,0.153
2024-03-07,-0.46,4.34,0.025,0.078
2024-03-08,-1.97,2.81,-0.047,0.020
2024-03-09,-3.66,4.21,-0.034,0.054
2024-03-10,2.64,6.21,0.075,0.084
2024-03-11,-0.82,-6.68,-0.125,-0.200
2024-03-12,-4.90,-1.22,-0.107,-0.034
2024-03-13,-2.26,1.10,-0.025,-0.027
2024-03-14,-4.24,0.15,-0.136,-0.052
2024-03-15,-6.27,1.56,-0.152,0.017
2024-03-16,-1.79,4.02,-0.039,0.039
2024-03-17,-1.26,4.39,-0.018,0.033
2024-03-18,-0.09,5.25,0.023,0.037
2024-03-19,3.99,-5.92,0.016,-0.192
2024-03-20,-2.91,-3.86,-0.099,-0.174
2024-03-21,-4.29,-1.23,-0.129,-0.038
2024-03-22,-7.91,3.36,-0.177,0.114
2024-03-23,-1.82,10.30,0.044,0.262
2024-03-24,6.08,-3.10,-0.000,-0.236
2024-03-25,-6.23,-4.87,-0.196,-0.221
2024-03-26,-5.56,0.49,-0.089,-0.020
2024-03-27,-3.60,1.17,-0.012,0.047
2024-03-28,-0.58,5.55,0.022,0.093
2024-03-29,-0.16,-9.02,-0.055,-0.273
2024-03-30,-4.32,-3.50,-0.090,-0.103
2024-03-31,-3.46,0.49,-0.017,0.057
2024-04-01,-3.91,2.84,-0.019,0.112
2024-04-02,-2.41,4.54,0.012,0.083
2024-04-03,-0.12,7.12,0.076,0.135
2024-04-04,3.87,7.28,0.144,0.132
2024-04-05,3.57,-2.59,0.012,-0.115
2024-04-06,4.14,-1.43,0.070,-0.102
2024-04-07,0.95,-4.45,-0.011,-0.146
2024-04-08,-5.71,-3.71,-0.116,-0.070
2024-04-09,-7.62,-0.27,-0.120,0.083
2024-04-10,-7.20,3.67,-0.064,0.183
2024-04-11,-5.06,7.79,-0.053,0.261
2024-04-12,0.23,6.55,0.062,0.153
2024-04-13,-0.09,-5.30,-0.077,-0.075
2024-04-14,-5.35,-4.49,-0.126,-0.040
2024-04-15,-5.68,-2.18,-0.089,0.013
2024-04-16,-6.58,-2.53,-0.168,0.011
2024-04-17,-7.20,-2.06,-0.193,0.008
2024-04-18,-5.63,-0.89,-0.109,0.051
2024-04-19,-3.72,0.13,-0.002,0.057
2024-04-20,-3.18,1.55,0.058,0.072
2024-04-21,-2.76,4.24,0.078,0.136
2024-04-22,1.60,4.92,0.121,0.101
2024-04-23,-2.88,-6.79,-0.049,-0.152
2024-04-24,-4.45,-1.89,-0.023,0.023
2024-04-25,-5.26,-0.83,-0.056,0.039
2024-04-26,-5.71,-3.30,-0.108,-0.004
2024-04-27,-9.41,-3.24,-0.204,-0.028
2024-04-28,-9.76,-2.07,-0.196,0.029
2024-04-29,-8.28,0.43,-0.137,0.105
2024-04-30,-7.24,2.08,-0.069,0.148
2024-05-01,-4.60,2.88,-0.043,0.125
2024-05-02,-5.11,-0.09,-0.099,0.048
2024-05-03,-6.30,-1.46,-0.098,0.020
2024-05-04,-7.42,-0.39,-0.079,0.046
2024-05-05,-7.32,1.03,-0.050,0.090
2024-05-06,-7.18,0.75,-0.031,0.100
2024-05-07,-5.34,1.94,0.019,0.136
2024-05-08,-4.02,1.23,0.003,0.111
2024-05-09,-3.83,2.88,-0.070,0.105
2024-05-10,0.33,4.69,0.041,0.071
2024-05-11,3.95,4.38,0.114,0.021
2024-05-12,-1.02,2.79,-0.026,-0.118
2024-05-13,-4.91,0.26,-0.048,0.004
2024-05-14,-5.43,5.63,-0.018,0.209
2024-05-15,-1.03,7.31,0.064,0.223
2024-05-16,1.79,5.86,0.110,0.071
2024-05-17,2.71,1.21,0.041,-0.116
2024-05-18,0.89,2.31,0.018,-0.042
2024-05-19,0.23,4.39,0.053,0.063
2024-05-20,2.49,4.49,0.075,0.066
2024-05-21,3.68,2.48,0.088,-0.048
2024-05-22,1.90,-1.01,0.038,-0.093
2024-05-23,-2.81,-1.90,-0.012,-0.027
2024-05-24,-2.07,-1.25,0.033,0.016
2024-05-25,-1.48,0.57,0.030,-0.005
2024-05-26,-1.79,4.02,0.041,0.091
2024-05-27,-2.01,3.35,0.012,0.079
2024-05-28,-2.97,2.08,-0.021,0.084
2024-05-29,-1.79,1.98,-0.020,0.064
2024-05-30,-3.45,-0.99,-0.046,0.018
2024-05-31,-2.81,-4.16,-0.132,-0.069
2024-06-01,-6.62,-3.82,-0.224,-0.072
2024-06-02,-8.82,-0.93,-0.254,0.091
2024-06-03,-6.06,-1.40,-0.128,0.067
2024-06-04,-3.51,0.68,0.003,-0.014
2024-06-05,-3.95,1.68,,
2024-06-06,-2.16,2.98,,
2024-06-07,1.15,3.53,,
2024-06-08,2.17,3.34,,
2024-06-09,1.49,3.87,0.075,0.041
2024-06-10,2.34,5.01,0.088,0.037
2024-06-11,-1.34,5.81,0.061,0.085
2024-06-12,-3.46,4.95,-0.018,0.043
2024-06-13,-2.05,6.32,0.053,0.150
2024-06-14,-0.79,4.49,-0.001,0.014
2024-06-15,1.74,3.42,-0.010,-0.009
2024-06-16,-1.37,-2.81,-0.061,-0.046
2024-06-17,-6.71,-3.13,-0.175,-0.010
2024-06-18,-6.32,-1.57,-0.169,0.030
2024-06-19,-7.89,-2.11,-0.143,0.054
2024-06-20,-4.64,-2.68,-0.103,-0.030
2024-06-21,-5.45,1.88,-0.059,0.089
2024-06-22,-6.17,0.76,-0.078,0.098
2024-06-23,-6.27,0.99,-0.096,0.074
2024-06-24,-4.42,3.71,-0.032,0.118
2024-06-25,1.56,5.10,0.063,0.080
2024-06-26,2.49,2.16,0.028,0.012
2024-06-27,1.40,2.87,0.052,0.052
2024-06-28,-1.33,2.22,0.031,0.033
2024-06-29,-4.23,0.59,-0.036,0.004
2024-06-30,-4.82,0.08,-0.067,0.043
2024-07-01,-4.17,2.92,-0.048,0.112
2024-07-02,-3.95,1.93,-0.046,0.069
2024-07-03,-5.97,0.21,-0.058,0.099
2024-07-04,-4.22,-0.52,-0.046,0.073
2024-07-05,1.56,-1.01,0.024,-0.004
2024-07-06,2.14,0.49,0.050,-0.006
2024-07-07,0.24,4.59,0.058,0.077
2024-07-08,-1.47,3.15,0.021,0.055
2024-07-09,-2.63,2.37,-0.003,0.043
2024-07-10,-2.01,2.24,-0.001,0.075
2024-07-11,-0.25,-3.54,-0.056,-0.066
2024-07-12,-1.85,2.55,-0.018,0.029
2024-07-13,-5.47,2.44,-0.070,0.104
2024-07-14,-7.14,0.50,-0.127,0.110
2024-07-15,-5.52,1.17,-0.074,0.096
2024-07-16,-5.19,0.18,-0.082,0.036
2024-07-17,-6.01,1.50,-0.068,0.127
2024-07-18,-4.84,2.80,-0.032,0.130
2024-07-19,-4.87,2.93,-0.060,0.118
2024-07-20,-6.68,2.30,-0.091,0.130
2024-07-21,-5.88,2.87,-0.080,0.140
2024-07-22,-3.79,2.56,-0.078,0.075
2024-07-23,-6.46,1.98,-0.152,0.088
2024-07-24,-7.38,1.98,-0.142,0.122
2024-07-25,-6.30,0.77,-0.110,0.067
2024-07-26,-3.63,1.85,-0.059,0.023
2024-07-27,-2.34,2.99,-0.049,0.068
2024-07-28,-0.15,2.09,-0.030,-0.000
2024-07-29,-1.00,2.06,-0.015,-0.010
2024-07-30,-3.28,2.56,-0.064,0.029
2024-07-31,-5.01,2.02,-0.038,0.102
2024-08-01,-6.47,-0.23,-0.093,0.054
2024-08-02,-8.39,1.18,-0.110,0.065
2024-08-03,-7.44,5.61,-0.089,0.250
2024-08-04,-6.23,6.68,-0.089,0.251
2024-08-05,-4.02,6.43,-0.069,0.193
2024-08-06,-2.21,6.08,-0.034,0.157
2024-08-07,1.30,6.12,0.047,0.114
2024-08-08,0.59,5.61,0.046,0.141
2024-08-09,0.67,4.23,0.037,0.097
2024-08-10,-2.77,1.87,-0.101,0.054
2024-08-11,-4.42,0.31,-0.102,0.075
2024-08-12,-4.86,1.30,-0.098,0.083
2024-08-13,-3.92,2.17,-0.063,0.079
2024-08-14,-3.06,1.00,-0.058,0.034
2024-08-15,0.24,-3.38,-0.071,-0.019
2024-08-16,-2.25,-3.47,-0.134,-0.062
2024-08-17,-3.10,-2.79,-0.122,-0.011
2024-08-18,-3.03,-0.11,-0.056,0.007
2024-08-19,0.39,4.42,0.049,0.090
2024-08-20,1.24,4.98,0.076,0.081
2024-08-21,-1.11,3.62,0.042,0.061
2024-08-22,-4.75,2.12,-0.035,0.072
2024-08-23,-6.24,1.79,-0.084,0.128
2024-08-24,-4.96,0.79,-0.044,0.114
2024-08-25,-5.40,1.15,-0.070,0.089
2024-08-26,-5.71,-0.50,-0.109,0.028
2024-08-27,-5.55,0.78,-0.109,0.065
2024-08-28,-4.97,0.52,-0.114,0.061
2024-08-29,-5.70,-0.10,-0.098,0.077
2024-08-30,-6.29,1.00,-0.096,0.121
2024-08-31,-4.65,2.47,-0.042,0.100
2024-09-01,-4.79,2.88,-0.059,0.095
2024-09-02,-4.38,3.81,-0.043,0.129
2024-09-03,-4.24,3.20,-0.033,0.127
2024-09-04,-5.31,1.83,-0.053,0.105
2024-09-05,-5.13,0.09,-0.088,0.069
2024-09-06,-4.42,0.86,-0.073,0.062
2024-09-07,-3.57,2.59,-0.035,0.106
2024-09-08,-4.23,2.54,-0.031,0.116
2024-09-09,-4.05,3.16,-0.023,0.096
2024-09-10,-3.10,2.43,0.013,0.054
2024-09-11,-3.18,1.16,-0.055,0.044
2024-09-12,-2.58,1.61,-0.043,0.078
2024-09-13,-1.72,1.55,-0.032,0.078
2024-09-14,2.26,1.64,-0.019,0.027
2024-09-15,1.07,3.10,-0.016,0.049
2024-09-16,1.28,3.33,0.029,0.059
2024-09-17,-1.29,1.99,0.013,0.021
2024-09-18,-1.10,1.99,0.016,0.065
2024-09-19,-1.40,1.93,0.002,0.050
2024-09-20,1.31,2.28,0.050,0.034
2024-09-21,2.57,-2.24,0.005,0.009
2024-09-22,0.09,-2.60,-0.025,-0.010
2024-09-23,-1.99,-1.86,-0.040,0.010
2024-09-24,-5.17,0.82,-0.068,0.057
2024-09-25,-6.18,3.15,-0.101,0.117
2024-09-26,-5.37,7.68,-0.061,0.247
2024-09-27,-1.25,7.87,0.024,0.228
2024-09-28,-2.78,4.28,-0.022,0.091
2024-09-29,-3.77,1.76,-0.053,0.071
2024-09-30,-4.37,1.25,-0.036,0.083
2024-10-01,-3.00,0.80,-0.021,0.026
2024-10-02,-2.00,0.14,-0.028,-0.000
2024-10-03,-2.92,-0.89,-0.041,0.053
2024-10-04,-4.63,-1.50,-0.084,0.029
2024-10-05,-5.34,-1.74,-0.104,0.015
2024-10-06,-4.86,-0.86,-0.073,0.042
2024-10-07,-3.50,4.64,0.006,0.101
2024-10-08,7.26,6.54,0.207,0.121
2024-10-09,3.93,4.68,0.041,0.044
2024-10-10,6.51,9.65,0.208,0.278
2024-10-11,0.94,-8.90,-0.051,-0.242
2024-10-12,-6.41,-1.96,-0.126,0.052
2024-10-13,-5.06,3.67,-0.100,0.169
2024-10-14,3.24,1.80,0.033,0.042
2024-10-15,-1.12,-2.91,-0.071,-0.099
2024-10-16,-2.55,-0.18,-0.045,0.009
2024-10-17,-3.67,-4.86,-0.091,-0.085
2024-10-18,-9.34,-7.04,-0.268,-0.126
2024-10-19,-9.27,-7.24,-0.269,-0.124
2024-10-20,-6.39,-5.96,-0.159,-0.156
2024-10-21,-5.93,-5.53,-0.159,-0.190
2024-10-22,-6.74,-5.08,-0.180,-0.114
2024-10-23,-3.19,-6.00,-0.137,-0.106
2024-10-24,-2.53,-3.90,-0.088,-0.068
2024-10-25,-3.96,-3.32,-0.112,-0.064
2024-10-26,-5.24,-4.09,-0.164,-0.104
2024-10-27,-5.85,-4.57,-0.167,-0.103
2024-10-28,-7.06,-3.45,-0.181,-0.012
2024-10-29,-8.96,-2.74,-0.228,0.012
2024-10-30,-10.70,-3.27,-0.287,0.004
2024-10-31,-10.63,-3.25,-0.273,0.020
2024-11-01,-9.00,-1.75,-0.206,0.050
2024-11-02,-8.31,-1.47,-0.197,0.037
2024-11-03,-8.21,-3.49,-0.227,-0.019
2024-11-04,-10.47,-3.81,-0.303,-0.033
2024-11-05,-11.49,0.20,-0.263,0.131
2024-11-06,-9.44,3.44,-0.192,0.200
2024-11-07,-8.60,1.67,-0.164,0.126
2024-11-08,-6.94,-0.24,-0.144,0.035
2024-11-09,-6.34,-3.81,-0.176,-0.048
2024-11-10,-9.66,-2.77,-0.279,0.021
2024-11-11,-3.81,4.71,-0.052,0.161
2024-11-12,-1.88,-1.95,-0.060,-0.041
2024-11-13,-5.32,-4.96,-0.221,-0.154
2024-11-14,-5.83,-1.67,-0.175,0.015
2024-11-15,0.08,2.38,-0.004,0.029
2024-11-16,-0.79,-5.60,-0.082,-0.177
2024-11-17,-3.40,-3.52,-0.121,-0.059
2024-11-18,-3.57,-1.44,-0.106,0.025
2024-11-19,-2.74,0.48,-0.015,0.053
2024-11-20,-0.29,2.72,-0.001,0.022
2024-11-21,2.38,3.53,0.072,0.036
2024-11-22,4.16,-4.46,0.032,-0.179
2024-11-23,3.03,-2.55,-0.014,-0.101
2024-11-24,-2.18,-0.93,-0.041,0.027
2024-11-25,-3.52,-0.25,-0.055,0.045
2024-11-26,-3.47,-1.77,-0.072,-0.033
2024-11-27,-3.28,-2.13,-0.103,-0.088
2024-11-28,-3.93,-0.21,-0.080,-0.001
2024-11-29,-2.01,-0.65,-0.040,-0.067
2024-11-30,-0.74,-2.74,-0.048,-0.119
2024-12-01,-1.40,-2.25,-0.065,-0.079
2024-12-02,-0.29,-5.56,-0.062,-0.227
2024-12-03,-0.82,-6.68,-0.103,-0.250
2024-12-04,-1.68,-5.84,-0.097,-0.207
2024-12-05,-2.74,-0.24,-0.090,-0.039
2024-12-06,0.75,-1.68,-0.032,-0.104
2024-12-07,-0.84,-5.32,-0.087,-0.198
2024-12-08,-4.19,-3.28,-0.147,-0.102
2024-12-09,-5.43,0.19,-0.154,0.026
2024-12-10,-5.36,1.54,-0.132,0.086
2024-12-11,-2.31,3.07,-0.043,0.064
2024-12-12,-2.02,-4.53,-0.059,-0.187
2024-12-13,-5.41,-8.34,-0.268,-0.289
2024-12-14,-7.31,-5.71,-0.286,-0.147
2024-12-15,-8.85,-6.43,-0.343,-0.170
2024-12-16,-7.86,-3.02,-0.257,-0.048
2024-12-17,-7.11,-0.62,-0.204,0.036
2024-12-18,-5.97,1.60,-0.172,0.100
2024-12-19,-1.96,2.25,-0.084,0.078
2024-12-20,-0.16,-3.04,-0.124,-0.045
2024-12-21,2.06,-3.42,-0.059,-0.091
2024-12-22,-0.57,-1.49,-0.076,0.013
2024-12-23,-3.22,-1.50,-0.130,-0.010
2024-12-24,-2.62,1.52,-0.124,0.076
2024-12-25,-3.07,-0.32,-0.137,0.047
2024-12-26,-3.89,-0.76,-0.133,0.027
2024-12-27,-6.09,-0.00,-0.133,0.081
2024-12-28,-6.98,0.24,-0.205,0.089
2024-12-29,-5.82,2.71,-0.146,0.152
2024-12-30,-1.75,3.15,-0.032,0.073
2024-12-31,-1.09,3.17,-0.027,0.043
2025-01-01,2.38,2.14,-0.021,0.019
2025-01-02,-0.53,-4.34,-0.111,-0.105
2025-01-03,-2.07,-3.07,-0.127,-0.046
2025-01-04,1.68,-5.16,-0.067,-0.170
2025-01-05,-2.52,-3.74,-0.146,-0.111
2025-01-06,-1.59,4.14,-0.048,0.124
2025-01-07,5.89,0.52,0.084,-0.060
2025-01-08,0.14,-4.14,-0.137,-0.153
2025-01-09,3.38,-3.62,-0.023,-0.131
2025-01-10,-2.32,-3.44,-0.136,-0.135
2025-01-11,2.70,4.15,0.015,0.091
2025-01-12,3.43,-2.06,-0.052,-0.045
2025-01-13,-1.63,-0.35,-0.101,-0.036
2025-01-14,3.07,0.71,-0.062,-0.035
2025-01-15,-1.67,-5.47,-0.177,-0.181
2025-01-16,-2.21,-3.04,-0.159,-0.087
2025-01-17,-2.55,0.64,-0.121,0.015
2025-01-18,-2.17,5.97,-0.053,0.166
2025-01-19,0.47,5.32,0.011,0.106
2025-01-20,0.45,3.63,-0.026,0.045
2025-01-21,-3.48,1.27,-0.122,0.029
2025-01-22,1.09,5.14,0.059,0.131
2025-01-23,-0.87,3.02,-0.019,0.010
2025-01-24,5.16,0.09,0.131,-0.038
2025-01-25,-2.98,-8.19,-0.126,-0.316
2025-01-26,-4.81,-4.33,-0.150,-0.088
2025-01-27,-3.37,-2.36,-0.050,-0.006
2025-01-28,0.15,-2.95,0.025,-0.033
2025-01-29,0.17,-2.37,-0.004,-0.040
2025-01-30,-1.60,-1.44,0.020,0.024
2025-01-31,-4.79,2.55,-0.054,0.139
2025-02-01,-2.52,2.19,0.029,0.067
2025-02-02,-4.08,0.21,-0.075,0.008
2025-02-03,-3.88,-0.14,-0.032,0.005
2025-02-04,-3.42,-0.60,-0.058,0.019
2025-02-05,-3.43,-0.54,-0.029,0.031
2025-02-06,-4.35,-0.46,-0.054,0.046
2025-02-07,-3.31,-0.89,0.023,0.012
2025-02-08,-3.99,-0.49,-0.072,0.005
2025-02-09,-3.17,0.28,0.014,0.044
2025-02-10,-3.66,-0.38,-0.009,0.035
2025-02-11,-4.66,0.08,-0.044,0.054
2025-02-12,-3.75,3.38,0.032,0.145
2025-02-13,-4.50,3.64,-0.046,0.167
2025-02-14,-4.28,0.37,-0.071,0.082
2025-02-15,-6.17,-0.11,-0.152,0.059
2025-02-16,-3.32,4.74,-0.021,0.183
2025-02-17,2.50,2.33,0.021,0.009
2025-02-18,-3.07,-1.18,-0.088,0.004
2025-02-19,-4.48,2.69,-0.051,0.088
2025-02-20,4.34,2.40,0.115,0.008
2025-02-21,-2.37,-6.87,-0.146,-0.256
2025-02-22,-4.49,-4.33,-0.168,-0.107
2025-02-23,-3.28,-1.82,-0.075,-0.011
2025-02-24,-4.36,0.15,-0.056,0.067
2025-02-25,3.55,5.91,0.124,0.086
2025-02-26,1.52,-2.74,-0.029,-0.096
2025-02-27,-1.72,1.98,-0.020,0.075
2025-02-28,2.24,0.08,0.015,-0.007
2025-03-01,-0.64,-0.37,0.009,0.026
2025-03-02,1.63,-1.02,0.016,-0.012
2025-03-03,-1.38,-4.83,-0.094,-0.130
2025-03-04,-8.15,-1.00,-0.240,0.032
2025-03-05,-5.75,4.83,-0.083,0.211
2025-03-06,7.44,1.86,0.157,0.005
2025-03-07,1.83,-3.31,-0.002,-0.137
2025-03-08,0.05,2.80,0.041,0.046
2025-03-09,0.33,2.08,0.024,0.018
2025-03-10,-0.09,4.99,0.075,0.132
2025-03-11,8.82,-1.24,0.207,-0.091
2025-03-12,0.80,-3.22,-0.019,-0.155
2025-03-13,-1.60,1.97,0.010,0.051
2025-03-14,-0.89,1.67,0.016,0.016
2025-03-15,-4.20,1.53,-0.073,0.067
2025-03-16,-4.63,4.63,-0.057,0.176
2025-03-17,-0.53,6.11,0.050,0.121
2025-03-18,2.33,-6.76,-0.008,-0.303
2025-03-19,0.37,-5.30,-0.043,-0.186
2025-03-20,1.80,-2.56,0.007,-0.069
2025-03-21,4.65,-1.88,0.094,-0.070
2025-03-22,-0.71,-2.20,-0.033,-0.055
2025-03-23,-2.25,0.12,-0.023,0.029
2025-03-24,-4.06,2.25,-0.050,0.113
2025-03-25,-1.69,2.70,0.056,0.068
2025-03-26,-1.93,-1.12,-0.017,-0.007
2025-03-27,-3.94,-4.22,-0.155,-0.125
2025-03-28,-8.55,-2.78,-0.277,-0.043
2025-03-29,-7.56,0.79,-0.192,0.126
2025-03-30,-6.84,2.09,-0.149,0.165
2025-03-31,-3.66,4.37,-0.020,0.144
2025-04-01,-1.75,3.15,0.019,0.055
2025-04-02,-5.32,1.23,-0.094,0.107
2025-04-03,-7.30,1.82,-0.150,0.185
2025-04-04,-6.61,2.02,-0.111,0.174
2025-04-05,-6.30,1.34,-0.148,0.149
2025-04-06,-4.63,2.36,-0.054,0.152
2025-04-07,-2.81,4.01,0.000,0.160
2025-04-08,-0.19,5.34,0.067,0.169
2025-04-09,3.95,2.37,0.095,0.015
2025-04-10,2.83,-1.44,-0.018,-0.117
2025-04-11,-1.05,-3.22,-0.066,-0.070
2025-04-12,2.85,-0.45,0.037,0.021
2025-04-13,0.89,-4.57,-0.040,-0.161
2025-04-14,-3.14,-1.74,-0.076,-0.020
2025-04-15,-1.90,1.90,-0.016,0.091
2025-04-16,2.03,-0.39,-0.007,0.038
2025-04-17,-1.71,-3.22,-0.110,-0.027
2025-04-18,-5.83,-2.85,-0.222,-0.032
2025-04-19,-7.55,-2.02,-0.253,0.020
2025-04-20,-6.69,-0.00,-0.187,0.109
2025-04-21,-5.50,-1.37,-0.187,0.045
2025-04-22,-5.06,-1.36,-0.176,0.027
2025-04-23,-5.07,-1.75,-0.209,0.016
2025-04-24,-6.17,-2.62,-0.230,0.018
2025-04-25,-6.04,-2.44,-0.215,0.018
2025-04-26,-4.99,-1.53,-0.161,0.036
2025-04-27,-3.30,-1.47,-0.126,-0.009
2025-04-28,-4.16,-2.31,-0.156,-0.031
2025-04-29,-5.88,-2.87,-0.190,-0.051
2025-04-30,-5.70,-2.42,-0.173,0.005
2025-05-01,-5.14,-1.28,-0.200,0.059
2025-05-02,-5.35,0.47,-0.170,0.090
2025-05-03,-4.54,1.84,-0.110,0.116
2025-05-04,-2.86,4.08,-0.030,0.150
2025-05-05,-3.26,2.37,-0.021,0.107
2025-05-06,-4.53,1.05,-0.050,0.077
2025-05-07,-3.93,-0.27,-0.039,0.050
2025-05-08,-3.15,0.44,-0.025,0.016
2025-05-09,-2.71,1.57,-0.001,0.055
2025-05-10,-3.89,2.83,-0.023,0.117
2025-05-11,-5.60,2.49,-0.053,0.149
2025-05-12,-5.59,3.36,-0.059,0.163
2025-05-13,-3.07,5.55,0.014,0.196
2025-05-14,-0.92,3.68,0.031,0.098
2025-05-15,-2.03,0.86,-0.017,0.045
2025-05-16,-2.23,1.29,0.019,0.071
2025-05-17,-1.95,1.69,0.006,0.066
2025-05-18,-1.76,2.02,0.007,0.062
2025-05-19,-1.41,2.34,0.025,0.056
2025-05-20,-1.05,2.37,0.041,0.065
2025-05-21,-0.29,2.73,0.067,0.046
2025-05-22,1.01,2.50,0.049,0.030
2025-05-23,-0.46,2.14,0.024,0.049
2025-05-24,-3.09,1.64,-0.021,0.102
2025-05-25,-4.14,1.67,-0.082,0.096
2025-05-26,-3.52,3.06,-0.044,0.148
2025-05-27,-3.51,2.11,-0.036,0.106
2025-05-28,-3.43,2.15,-0.002,0.118
2025-05-29,-3.50,2.55,0.007,0.114
2025-05-30,-2.16,3.73,0.037,0.108
2025-05-31,2.15,4.40,0.099,0.081
2025-06-01,2.96,1.85,0.059,-0.046
2025-06-02,-0.15,4.22,0.063,0.124
2025-06-03,-2.49,1.44,-0.023,0.013
2025-06-04,-5.44,3.40,-0.102,0.177
2025-06-05,-4.94,0.87,-0.108,0.092
2025-06-06,-3.14,0.55,-0.046,0.038
2025-06-07,-2.19,1.71,0.010,0.052
2025-06-08,-2.38,2.38,0.014,0.026
2025-06-09,-3.55,2.58,-0.047,0.099
2025-06-10,-4.49,3.26,-0.073,0.165
2025-06-11,-4.65,2.80,-0.069,0.137
2025-06-12,-4.86,2.37,-0.094,0.125
2025-06-13,-5.00,2.33,-0.107,0.142
2025-06-14,-4.86,2.37,-0.105,0.124
2025-06-15,-4.31,2.39,-0.067,0.136
2025-06-16,-4.44,1.88,-0.071,0.087
2025-06-17,-4.38,2.04,-0.058,0.099
2025-06-18,-4.79,2.03,-0.075,0.109
2025-06-19,-4.29,1.31,-0.084,0.086
2025-06-20,-3.91,1.74,-0.053,0.095
2025-06-21,-4.53,0.96,-0.081,0.064
2025-06-22,-5.17,0.63,-0.128,0.069
2025-06-23,-5.19,-1.29,-0.142,0.007
2025-06-24,-4.96,-1.33,-0.159,-0.020
2025-06-25,-3.94,0.35,-0.128,0.079
2025-06-26,-3.50,2.64,-0.061,0.131
2025-06-27,-4.15,2.91,-0.041,0.117
2025-06-28,-3.87,1.97,-0.045,0.075
2025-06-29,-3.26,0.57,-0.049,0.043
2025-06-30,-3.87,1.04,-0.055,0.078
2025-07-01,-3.10,2.60,-0.020,0.098
2025-07-02,-2.81,3.60,-0.014,0.116
2025-07-03,-2.17,4.26,-0.002,0.128
2025-07-04,-1.49,4.57,0.011,0.145
2025-07-05,-0.32,4.63,0.054,0.126
2025-07-06,-0.92,3.69,0.029,0.063
2025-07-07,-3.01,0.37,-0.065,-0.009
2025-07-08,-2.94,-1.77,-0.088,-0.003
2025-07-09,-2.96,2.96,-0.019,0.124
2025-07-10,-3.64,3.40,-0.049,0.123
2025-07-11,-4.14,3.35,-0.045,0.148
2025-07-12,-2.83,1.84,-0.045,0.049
2025-07-13,-1.41,0.22,-0.054,-0.049
2025-07-14,-0.04,2.24,0.024,0.021
2025-07-15,-2.61,3.47,0.009,0.119
2025-07-16,-4.92,3.32,-0.042,0.163
2025-07-17,-5.01,2.66,-0.060,0.146
2025-07-18,-5.13,0.63,-0.112,0.081
2025-07-19,-3.99,-0.70,-0.094,0.016
2025-07-20,-3.77,-0.40,-0.085,0.035
2025-07-21,-2.67,0.52,-0.027,0.048
2025-07-22,-1.86,2.14,0.002,0.052
2025-07-23,-3.19,2.87,-0.027,0.115
2025-07-24,-4.93,2.30,-0.070,0.130
2025-07-25,-4.55,1.05,-0.089,0.093
2025-07-26,-2.97,-2.08,-0.127,-0.021
2025-07-27,-2.44,-2.90,-0.134,-0.056
2025-07-28,-1.95,-0.71,-0.073,0.020
2025-07-29,-0.00,1.76,0.000,0.044
2025-07-30,-1.13,1.89,-0.005,0.056
2025-07-31,-2.16,1.51,-0.025,0.069
2025-08-01,-2.78,1.54,-0.036,0.085
2025-08-02,-2.57,1.31,-0.037,0.081
2025-08-03,-1.65,1.83,-0.005,0.075
2025-08-04,-2.67,0.62,-0.051,0.036
2025-08-05,-3.65,-1.05,-0.096,0.016
2025-08-06,-3.33,-0.53,-0.036,0.060
2025-08-07,-2.90,1.29,-0.019,0.040
2025-08-08,-3.32,2.32,-0.039,0.076
2025-08-09,-2.91,1.82,-0.060,0.051
2025-08-10,-3.42,2.39,-0.081,0.099
2025-08-11,-4.20,0.59,-0.091,0.096
2025-08-12,-3.24,1.44,-0.062,0.094
2025-08-13,-2.50,1.56,-0.031,0.023
2025-08-14,-2.92,0.57,-0.072,0.037
2025-08-15,-3.48,-0.49,-0.093,0.023
2025-08-16,-3.11,0.72,-0.063,0.046
2025-08-17,-2.39,-1.49,-0.098,-0.013
2025-08-18,-2.04,-5.04,-0.147,-0.149
2025-08-19,0.30,-8.63,-0.155,-0.288
2025-08-20,7.12,-1.26,0.095,-0.105
2025-08-21,3.96,2.28,0.078,0.015
2025-08-22,1.81,1.13,0.018,-0.018
2025-08-23,1.29,0.63,-0.017,-0.051
2025-08-24,0.17,3.30,0.052,0.034
2025-08-25,-0.30,2.85,0.036,0.011
2025-08-26,-1.60,1.84,-0.012,-0.001
2025-08-27,-2.57,1.49,0.012,0.077
2025-08-28,-3.31,1.68,-0.038,0.105
2025-08-29,-1.09,2.35,0.049,0.069
2025-08-30,0.18,2.55,0.050,0.050
2025-08-31,2.66,2.31,0.098,0.036
2025-09-01,2.31,2.39,0.061,0.018
2025-09-02,3.50,4.17,0.142,0.115
2025-09-03,3.24,2.35,0.106,0.067
2025-09-04,2.64,2.14,0.101,0.067
2025-09-05,2.33,3.73,0.113,0.104
2025-09-06,-1.00,2.74,0.045,0.100
2025-09-07,-0.77,1.51,0.040,0.053
2025-09-08,-0.22,1.39,0.027,0.009
2025-09-09,0.12,2.21,0.044,0.030
2025-09-10,0.31,2.55,0.049,0.028
2025-09-11,0.76,0.88,0.015,0.003
2025-09-12,1.70,0.98,0.002,-0.010
2025-09-13,1.74,1.68,0.059,-0.013
2025-09-14,2.08,1.30,0.033,-0.025
2025-09-15,0.96,1.15,0.007,0.010
2025-09-16,-2.31,-0.32,-0.040,0.032
2025-09-17,-4.01,-0.42,-0.076,0.020
2025-09-18,-3.83,1.03,-0.073,0.046
2025-09-19,-0.53,1.97,-0.008,0.023
2025-09-20,-0.66,1.49,-0.002,0.017
2025-09-21,-1.61,0.46,0.000,0.002
2025-09-22,-2.01,0.28,-0.032,-0.000
2025-09-23,-2.44,0.26,-0.036,0.031
2025-09-24,-2.89,0.20,-0.038,0.022
2025-09-25,-2.50,1.28,-0.008,0.036
2025-09-26,-3.78,1.23,-0.055,0.088
2025-09-27,-6.82,1.95,-0.147,0.169
2025-09-28,-7.86,1.82,-0.191,0.197
2025-09-29,3.26,10.67,0.120,0.247
2025-09-30,9.76,3.17,0.228,-0.041
2025-10-01,5.57,-1.70,0.047,-0.110
2025-10-02,-1.64,-1.70,-0.082,0.051
2025-10-03,-6.42,-4.50,-0.256,-0.130
2025-10-04,-5.35,-2.05,-0.179,0.001
2025-10-05,-2.73,0.34,-0.095,-0.012
2025-10-06,-1.86,1.61,-0.043,0.062
2025-10-07,-3.53,0.06,-0.107,0.018
2025-10-08,-3.22,1.11,-0.068,0.081
2025-10-09,-2.85,0.40,-0.067,0.018
2025-10-10,-2.04,1.84,-0.042,0.043
2025-10-11,2.37,3.66,0.089,0.109
2025-10-12,2.90,4.00,0.123,0.101
2025-10-13,1.79,3.23,0.056,0.020
2025-10-14,-1.67,-1.92,-0.038,-0.014
2025-10-15,-1.33,-4.96,-0.079,-0.172
2025-10-16,-1.10,-4.77,-0.049,-0.179
2025-10-17,-2.79,-5.47,-0.119,-0.174
2025-10-18,-4.56,-2.42,-0.112,0.014
2025-10-19,-3.99,1.22,-0.051,0.052
2025-10-20,-3.49,1.85,-0.039,0.031
2025-10-21,-3.84,-0.40,-0.104,-0.033
2025-10-22,-3.78,-2.01,-0.102,-0.027
2025-10-23,-3.60,-1.83,-0.076,-0.011
2025-10-24,-5.06,-3.28,-0.147,-0.066
2025-10-25,-7.88,-3.34,-0.233,-0.068
2025-10-26,-7.61,-0.40,-0.203,0.073
2025-10-27,-5.49,1.68,-0.108,0.110
2025-10-28,-0.54,2.36,-0.038,-0.010
2025-10-29,-3.18,-1.62,-0.112,-0.064
2025-10-30,4.09,-6.30,0.019,-0.240
2025-10-31,3.39,-2.55,0.055,-0.153
2025-11-01,-0.07,-2.08,0.005,-0.070
2025-11-02,-4.36,-1.76,-0.118,-0.056
2025-11-03,-3.65,-2.11,-0.024,-0.028
2025-11-04,-2.97,-5.36,-0.137,-0.194
2025-11-05,-5.08,-2.94,-0.120,-0.011
2025-11-06,-3.15,-1.82,-0.028,-0.001
2025-11-07,-4.06,-1.24,-0.082,-0.016
2025-11-08,0.22,1.76,-0.004,-0.038
2025-11-09,-2.02,1.31,-0.029,0.003
2025-11-10,1.93,2.47,0.038,0.011
2025-11-11,2.00,-8.01,-0.004,-0.332
2025-11-12,-3.50,-4.03,-0.113,-0.095
2025-11-13,-3.22,-3.11,-0.066,-0.083
2025-11-14,-1.97,-3.15,-0.040,-0.100
2025-11-15,-2.28,-3.65,-0.079,-0.145
2025-11-16,-2.14,0.74,-0.035,-0.028
2025-11-17,2.07,0.15,-0.006,-0.061
2025-11-18,-1.33,-1.15,-0.059,-0.070
2025-11-19,-2.57,-2.01,-0.043,-0.035
2025-11-20,-3.53,-3.07,-0.092,-0.077
2025-11-21,-3.69,-2.49,-0.091,-0.030
2025-11-22,-3.15,-0.84,-0.042,0.009
2025-11-23,-1.65,-1.33,-0.020,-0.040
2025-11-24,-2.48,-1.67,-0.034,-0.036
2025-11-25,-4.33,0.15,-0.067,0.060
2025-11-26,-3.32,0.89,-0.002,0.038
2025-11-27,-1.95,2.02,0.025,0.031
2025-11-28,-1.13,-4.23,-0.029,-0.179
2025-11-29,-6.68,-6.23,-0.245,-0.242
2025-11-30,-6.34,-1.70,-0.176,0.017
2025-12-01,-3.99,-0.63,-0.057,0.033
2025-12-02,-2.68,3.44,-0.020,0.060
2025-12-03,2.77,1.80,0.057,0.006
2025-12-04,-0.48,-2.24,-0.017,-0.009
2025-12-05,-3.02,0.64,0.015,0.050
2025-12-06,-0.88,1.89,0.063,0.056
2025-12-07,-0.30,2.10,0.071,0.030
2025-12-08,3.30,3.80,0.143,0.043
2025-12-09,-1.82,-4.99,-0.073,-0.132
2025-12-10,2.87,2.41,0.054,0.047
2025-12-11,4.35,-1.41,0.097,-0.077
2025-12-12,-1.98,-3.88,-0.076,-0.101
2025-12-13,-5.14,-1.19,-0.125,0.006
2025-12-14,-2.72,0.24,-0.030,0.015
2025-12-15,-2.85,-6.39,-0.124,-0.249
2025-12-16,-5.19,-5.01,-0.201,-0.152
2025-12-17,-6.04,-2.32,-0.180,0.021
2025-12-18,-6.48,1.62,-0.169,0.128
2025-12-19,-0.97,5.01,0.009,0.081
2025-12-20,-1.34,-2.53,-0.079,-0.112
2025-12-21,-3.45,-2.51,-0.120,-0.037
2025-12-22,-5.56,-5.01,-0.193,-0.134
2025-12-23,-7.44,-2.71,-0.244,-0.015
2025-12-24,-3.33,-3.33,-0.092,-0.064
2025-12-25,-1.37,-3.23,-0.039,-0.127
2025-12-26,-0.41,-1.93,-0.046,-0.095
2025-12-27,1.20,-0.56,-0.034,-0.061
2025-12-28,0.85,-2.34,-0.062,-0.075
2025-12-29,0.99,-1.18,-0.000,-0.040
2025-12-30,4.18,0.37,0.079,-0.089
2025-12-31,3.15,-4.34,0.032,-0.177
2026-01-01,2.66,-2.32,0.017,-0.113
2026-01-02,1.93,-1.40,-0.013,-0.079
2026-01-03,0.58,1.30,-0.012,-0.010
2026-01-04,3.99,-0.28,0.049,-0.083
2026-01-05,-3.65,-2.55,-0.128,-0.105
2026-01-06,-4.95,0.96,-0.118,0.078
2026-01-07,-1.78,1.07,0.002,0.025
2026-01-08,-2.42,0.43,0.016,0.032
2026-01-09,-4.09,-0.29,-0.058,0.054
2026-01-10,-5.17,-0.00,-0.108,0.069
2026-01-11,-2.74,-0.43,-0.015,0.037
2026-01-12,-2.30,-2.15,-0.048,-0.048
2026-01-13,-2.50,-2.25,-0.032,-0.047
2026-01-14,-3.08,3.08,-0.001,0.038
2026-01-15,5.49,3.84,0.170,0.064
2026-01-16,2.02,-5.85,-0.037,-0.234
2026-01-17,-3.85,1.71,-0.111,0.080
2026-01-18,-2.51,3.86,-0.055,0.099
2026-01-19,0.70,-5.68,-0.051,-0.170
2026-01-20,-2.92,-7.60,-0.217,-0.307
2026-01-21,-6.94,-5.23,-0.275,-0.146
2026-01-22,-3.49,2.18,-0.054,0.100
2026-01-23,0.80,1.15,-0.010,-0.049
2026-01-24,-1.65,-0.99,-0.077,-0.042
2026-01-25,-4.23,1.80,-0.091,0.086
2026-01-26,0.27,5.14,0.085,0.165
2026-01-27,1.51,-6.54,-0.009,-0.206
2026-01-28,-1.01,-4.06,-0.077,-0.118
2026-01-29,-1.65,-4.79,-0.075,-0.151
2026-01-30,-3.78,-0.87,-0.056,0.031
2026-01-31,3.58,-3.34,0.057,-0.094
2026-02-01,10.37,-4.19,0.273,-0.288
2026-02-02,5.94,-5.16,0.079,-0.279
2026-02-03,-2.00,-4.49,-0.121,-0.105
2026-02-04,-3.41,-0.06,-0.138,0.008
2026-02-05,2.83,2.73,-0.025,-0.058
2026-02-06,7.55,-3.85,0.125,-0.266
2026-02-07,6.74,-3.29,0.063,-0.195
2026-02-08,-0.63,-5.13,-0.132,-0.183
2026-02-09,-2.31,-2.23,-0.126,-0.048
2026-02-10,-2.92,-1.36,-0.140,-0.087
2026-02-11,-2.25,1.40,-0.080,0.004
2026-02-12,2.89,0.00,0.004,-0.061
2026-02-13,1.58,-1.95,-0.045,-0.078
2026-02-14,-2.87,-1.66,-0.105,-0.012
2026-02-15,-5.86,2.49,-0.159,0.157
2026-02-16,2.40,5.94,0.044,0.191
2026-02-17,-2.39,-3.99,-0.115,-0.091
2026-02-18,-4.11,0.07,-0.075,0.056
2026-02-19,-2.82,1.76,0.012,0.108
2026-02-20,-2.10,2.42,0.050,0.111
2026-02-21,-1.43,3.38,0.096,0.109
2026-02-22,2.38,2.55,0.147,-0.002
2026-02-23,4.83,-5.01,0.095,-0.227
2026-02-24,3.06,-5.31,0.027,-0.241
2026-02-25,-2.32,0.33,0.032,0.035
2026-02-26,-3.38,2.11,0.016,0.100
2026-02-27,-3.19,1.92,0.045,0.026
2026-02-28,-2.38,2.65,0.018,0.059
2026-03-01,-2.01,-0.50,-0.036,0.036
2026-03-02,-4.50,-2.92,-0.150,-0.022
2026-03-03,-5.63,-1.51,-0.150,0.040
2026-03-04,-6.09,-0.75,-0.152,0.100
2026-03-05,-6.44,-0.00,-0.165,0.136
2026-03-06,-6.35,0.56,-0.153,0.128
2026-03-07,-6.50,0.45,-0.152,0.096
2026-03-08,-5.74,1.32,-0.126,0.126
2026-03-09,-4.30,1.23,-0.070,0.115
2026-03-10,-3.98,0.21,-0.045,0.086
2026-03-11,-4.22,0.82,-0.041,0.094
2026-03-12,-2.70,2.90,0.035,0.128
2026-03-13,0.69,3.23,0.091,0.023
2026-03-14,-1.72,3.69,0.005,0.076
2026-03-15,-4.55,3.43,-0.045,0.171
2026-03-16,-3.26,5.65,-0.008,0.227
2026-03-17,-0.37,4.28,0.072,0.083
2026-03-18,-1.40,2.07,0.014,-0.031
2026-03-19,-2.44,-5.75,-0.098,-0.203
2026-03-20,-4.11,-7.41,-0.203,-0.262
2026-03-21,-1.45,-6.82,-0.129,-0.217
2026-03-22,-1.63,-1.88,-0.025,0.001
2026-03-23,-0.98,0.48,-0.019,0.006
2026-03-24,-0.47,0.27,0.000,0.002
2026-03-25,-3.76,-0.46,-0.112,0.041
2026-03-26,-4.84,-1.76,-0.136,0.048
2026-03-27,-4.75,-0.92,-0.122,0.071
2026-03-28,-3.10,-1.38,-0.053,0.048
2026-03-29,-5.63,-2.62,-0.158,-0.067
2026-03-30,-8.32,-1.92,-0.241,-0.026
2026-03-31,-6.79,-1.20,-0.199,0.067
2026-04-01,-6.00,-0.84,-0.179,0.083
2026-04-02,-6.87,0.24,-0.176,0.120
2026-04-03,-7.41,-0.39,-0.195,0.075
2026-04-04,-7.18,-0.63,-0.223,0.089
2026-04-05,-7.42,0.65,-0.198,0.149
2026-04-06,-5.14,0.27,-0.122,0.112
2026-04-07,-2.97,3.41,-0.002,0.101
2026-04-08,-1.92,-1.45,-0.031,-0.069
2026-04-09,-4.96,-2.00,-0.117,-0.054
2026-04-10,-4.42,-5.46,-0.200,-0.148
2026-04-11,-4.44,-5.29,-0.180,-0.123
2026-04-12,-6.61,-4.46,-0.242,-0.102
2026-04-13,-7.14,-3.18,-0.229,-0.071
2026-04-14,-6.42,-2.72,-0.199,-0.051
2026-04-15,-5.48,-2.67,-0.202,-0.035
2026-04-16,-4.81,-2.24,-0.158,0.010
2026-04-17,-4.22,-1.21,-0.078,0.027
2026-04-18,-2.97,0.21,-0.028,-0.078
2026-04-19,-1.95,0.99,-0.029,-0.046
2026-04-20,-1.55,-1.34,-0.047,-0.059
2026-04-21,-4.97,-5.92,-0.239,-0.224
2026-04-22,-6.64,-2.82,-0.190,-0.008
2026-04-23,-4.62,-0.65,-0.114,0.057
2026-04-24,-2.90,1.00,-0.012,0.063
2026-04-25,-1.88,0.03,-0.007,-0.037
2026-04-26,-1.45,1.55,0.025,0.026
2026-04-27,-0.77,2.01,0.077,0.021
2026-04-28,-2.43,0.04,0.009,0.001
2026-04-29,-2.80,0.91,-0.049,0.047
2026-04-30,0.23,3.30,-0.005,0.039
2026-05-01,1.42,3.34,-0.001,0.024
2026-05-02,-0.50,4.79,-0.022,0.124
2026-05-03,1.85,4.15,0.037,0.076
2026-05-04,-2.08,3.33,-0.071,0.032
2026-05-05,-1.99,2.37,-0.076,0.072
2026-05-06,1.64,0.41,-0.050,0.052
2026-05-07,-0.77,2.02,-0.032,0.041
2026-05-08,0.30,2.14,0.002,0.036
2026-05-09,-2.70,3.45,-0.036,0.148
2026-05-10,-2.57,4.11,0.022,0.184
2026-05-11,-3.13,3.13,0.006,0.132
2026-05-12,-2.31,3.07,0.035,0.125
2026-05-13,-0.88,4.51,0.068,0.129
2026-05-14,3.43,2.68,0.125,-0.037
2026-05-15,2.79,1.88,-0.015,-0.031
2026-05-16,-4.46,0.63,-0.052,0.074
2026-05-17,-5.30,-0.93,-0.082,0.073
2026-05-18,-6.59,-0.69,-0.167,0.082
2026-05-19,-5.87,0.31,-0.125,0.121
2026-05-20,-5.14,1.09,-0.104,0.112
2026-05-21,-5.59,1.60,-0.114,0.144
2026-05-22,-4.41,2.34,-0.077,0.140
2026-05-23,-5.30,2.25,-0.096,0.126
2026-05-24,-6.33,2.18,-0.128,0.141
2026-05-25,-6.75,2.59,-0.141,0.175
2026-05-26,-6.94,2.80,-0.124,0.195
2026-05-27,-6.01,3.20,-0.094,0.184
2026-05-28,-3.22,2.70,-0.030,0.084
2026-05-29,-1.18,2.65,-0.002,0.028
2026-05-30,1.81,3.41,0.066,0.073
2026-05-31,2.24,0.95,0.008,-0.056
2026-06-01,1.21,3.34,0.032,0.041
2026-06-02,2.53,2.20,0.026,-0.041
2026-06-03,-0.73,1.73,-0.040,-0.021
2026-06-04,-3.81,-2.87,-0.196,-0.089
2026-06-05,-4.12,-2.67,-0.161,-0.002
2026-06-06,-4.86,-1.49,-0.157,0.032
2026-06-07,-4.04,0.21,-0.083,0.082
2026-06-08,-2.45,-0.56,-0.045,-0.060
2026-06-09,-3.49,-1.27,-0.127,-0.045
2026-06-10,-4.42,-1.88,-0.167,0.016
2026-06-11,-3.65,-0.32,-0.093,0.054
2026-06-12,-2.10,0.11,-0.039,0.033
2026-06-13,-1.52,1.47,0.005,0.045
2026-06-14,-1.72,2.55,0.003,0.056
2026-06-15,0.96,3.35,0.062,0.046
2026-06-16,-0.74,3.20,0.025,0.062
2026-06-17,-1.77,3.20,0.000,0.100
2026-06-18,-2.67,3.82,-0.006,0.158
2026-06-19,-2.73,3.75,0.003,0.145
2026-06-20,-1.24,3.06,0.016,0.044
2026-06-21,-0.43,2.70,0.017,-0.005
2026-06-22,-1.97,2.19,-0.013,0.070
2026-06-23,-2.63,2.46,-0.019,0.097
2026-06-24,-2.57,2.24,-0.025,0.061
2026-06-25,-3.28,2.39,-0.034,0.087
2026-06-26,-4.53,2.31,-0.067,0.118
2026-06-27,-4.11,1.83,-0.062,0.101
2026-06-28,-4.26,0.07,-0.102,0.039
2026-06-29,-3.10,0.66,-0.045,0.055
2026-06-30,-1.98,0.31,-0.024,-0.061
2026-07-01,-0.59,1.27,0.007,-0.044
2026-07-02,-1.68,2.23,0.027,0.033
2026-07-03,-2.31,2.40,0.039,0.073
2026-07-04,-2.39,1.94,0.014,0.042
2026-07-05,-1.36,2.67,0.031,0.041
2026-07-06,-1.85,3.09,0.019,0.080
2026-07-07,-2.69,2.69,0.008,0.122
2026-07-08,-3.85,2.41,-0.017,0.137
2026-07-09,-3.96,2.02,-0.024,0.120
2026-07-10,-4.65,1.51,-0.043,0.123
2026-07-11,-3.77,0.40,-0.054,0.030
2026-07-12,-2.94,1.19,-0.020,0.067
2026-07-13,-2.02,0.66,-0.010,0.042
2026-07-14,-2.15,0.78,0.014,0.041
2026-07-15,-2.00,0.42,-0.033,0.016
2026-07-16,-0.72,1.00,-0.002,0.034
2026-07-17,-2.18,2.60,0.007,0.104
2026-07-18,-3.63,2.74,-0.030,0.152
2026-07-19,-2.76,4.25,0.011,0.173
2026-07-20,-2.30,3.83,-0.011,0.140
2026-07-21,-3.49,2.35,-0.061,0.114
2026-07-22,-4.55,0.80,-0.103,0.074
2026-07-23,-4.74,-1.09,-0.132,0.004
2026-07-24,-3.76,1.83,-0.093,0.065
2026-07-25,-1.78,1.98,-0.079,0.023
2026-07-26,0.50,2.17,-0.019,-0.005
2026-07-27,2.10,2.89,0.044,-0.006
2026-07-28,2.83,3.37,0.075,0.015
2026-07-29,3.07,3.18,0.100,0.033
2026-07-30,0.90,4.22,0.066,0.114
2026-07-31,0.58,2.34,0.033,0.051
2026-08-01,-1.58,2.73,0.003,0.100
2026-08-02,-2.95,2.85,-0.016,0.122
2026-08-03,-0.93,3.26,0.045,0.092
2026-08-04,-2.28,1.85,-0.007,0.068
2026-08-05,-4.17,0.59,-0.091,0.070
2026-08-06,-6.01,-0.63,-0.146,0.051
2026-08-07,-3.92,3.07,-0.043,0.161
2026-08-08,-4.59,1.95,-0.085,0.121
2026-08-09,-4.68,1.43,-0.094,0.101
2026-08-10,-4.41,0.70,-0.085,0.103
2026-08-11,-3.57,0.44,-0.058,0.070
2026-08-12,-1.68,1.09,-0.037,-0.002
2026-08-13,-2.14,1.79,-0.027,-0.012
2026-08-14,-3.96,1.68,-0.070,0.043
2026-08-15,-3.85,2.31,-0.035,0.094
2026-08-16,-3.29,0.23,-0.051,-0.006
2026-08-17,-1.38,-0.15,-0.034,-0.034
2026-08-18,1.73,0.34,-0.009,-0.053
2026-08-19,1.49,1.59,0.041,-0.014
2026-08-20,-0.74,2.59,0.031,0.022
2026-08-21,-1.68,2.07,0.029,0.056
2026-08-22,-2.02,3.49,-0.007,0.109
2026-08-23,-1.69,2.42,-0.017,0.063
2026-08-24,-2.83,0.65,-0.049,0.039
2026-08-25,-2.79,1.42,-0.049,0.055
2026-08-26,-3.18,1.48,-0.053,0.080
2026-08-27,-3.35,1.94,-0.040,0.091
2026-08-28,-3.72,0.59,-0.076,0.060
2026-08-29,-4.56,0.80,-0.077,0.082
2026-08-30,-5.00,0.61,-0.105,0.071
2026-08-31,-2.18,0.63,-0.040,0.028
2026-09-01,-3.07,1.31,-0.085,0.058
2026-09-02,-2.86,2.23,-0.045,0.098
2026-09-03,-2.97,3.95,-0.024,0.150
2026-09-04,-3.02,2.45,-0.037,0.104
2026-09-05,-2.53,1.34,-0.045,0.048
2026-09-06,-0.55,2.39,-0.002,0.016
2026-09-07,1.33,2.05,0.039,0.030
2026-09-08,-1.27,1.18,-0.005,0.030
2026-09-09,-4.41,-0.08,-0.091,0.075
2026-09-10,-3.88,1.65,-0.028,0.119
2026-09-11,-3.52,2.03,-0.047,0.131
2026-09-12,-2.45,2.92,0.012,0.116
2026-09-13,-1.91,1.91,-0.010,0.077
2026-09-14,-2.04,0.32,-0.021,0.019
2026-09-15,-3.57,-0.76,-0.083,0.040
2026-09-16,-4.23,-1.05,-0.096,0.012
2026-09-17,-3.59,0.57,-0.066,0.017
2026-09-18,-3.38,-0.00,-0.087,0.025
2026-09-19,-2.26,-0.40,-0.028,0.037
2026-09-20,-0.79,0.91,0.005,-0.005
2026-09-21,0.70,2.03,-0.002,-0.021
2026-09-22,-0.47,2.05,-0.007,0.019
2026-09-23,-1.41,0.99,0.010,0.026
2026-09-24,1.56,3.34,0.079,0.061
2026-09-25,4.64,0.16,0.101,-0.089
