date,wind_u,wind_v,cur_u,cur_v
2016-01-01,-4.50,2.92,,
2016-01-02,-1.51,3.24,,
2016-01-03,-0.09,4.97,,
2016-01-04,6.59,3.80,,
2016-01-05,-5.69,-8.76,,
2016-01-06,-8.97,-8.36,,
2016-01-07,5.61,-5.81,,
2016-01-08,2.29,-2.22,,
2016-01-09,1.16,5.04,,
2016-01-10,2.70,4.86,,
2016-01-11,3.09,-1.00,,
2016-01-12,-1.59,-3.13,,
2016-01-13,-3.85,-5.71,,
2016-01-14,-5.82,-2.84,,
2016-01-15,-7.55,6.80,,
2016-01-16,5.50,0.87,,
2016-01-17,3.02,7.87,,
2016-01-18,1.37,-7.05,,
2016-01-19,-1.49,-7.69,,
2016-01-20,-2.07,-5.69,,
2016-01-21,-5.14,-2.97,,
2016-01-22,-7.02,5.49,,
2016-01-23,11.68,2.91,,
2016-01-24,8.94,-5.81,,
2016-01-25,-3.52,-2.96,,
2016-01-26,-7.41,1.85,,
2016-01-27,-5.31,5.70,,
2016-01-28,-0.12,6.67,,
2016-01-29,9.96,1.40,,
2016-01-30,-2.80,-4.48,,
2016-01-31,-4.98,0.44,,
2016-02-01,-3.61,2.34,,
2016-02-02,-4.17,-0.22,,
2016-02-03,-8.37,1.03,,
2016-02-04,-5.95,2.78,,
2016-02-05,-3.09,1.64,,
2016-02-06,-4.69,-2.71,,
2016-02-07,8.06,4.47,,
2016-02-08,6.86,-2.91,,
2016-02-09,9.01,1.27,,
2016-02-10,8.54,-2.77,,
2016-02-11,2.75,-6.17,,
2016-02-12,-4.83,-2.46,,
2016-02-13,0.71,-4.45,,
2016-02-14,-3.80,-7.47,,
2016-02-15,-10.81,-1.91,,
2016-02-16,-4.65,6.90,,
2016-02-17,-0.83,-3.33,,
2016-02-18,-1.63,-7.66,,
2016-02-19,-6.79,-7.28,,
2016-02-20,-7.47,-3.02,,
2016-02-21,-6.75,-0.59,,
2016-02-22,-5.66,0.40,,
2016-02-23,-5.25,3.54,,
2016-02-24,-2.83,4.53,,
2016-02-25,5.73,4.48,,
2016-02-26,2.86,-6.73,,
2016-02-27,1.76,-5.75,,
2016-02-28,-4.54,-6.02,,
2016-02-29,-5.56,-0.68,,
2016-03-01,-5.84,0.20,,
2016-03-02,-1.33,-1.90,,
2016-03-03,-2.77,-1.12,,
2016-03-04,1.83,4.52,,
2016-03-05,-4.64,-3.37,,
2016-03-06,-3.97,-3.33,,
2016-03-07,-6.32,-7.28,,
2016-03-08,-8.29,-1.31,,
2016-03-09,-8.62,1.83,,
2016-03-10,-8.55,1.82,,
2016-03-11,-7.37,2.39,,
2016-03-12,-6.39,2.08,,
2016-03-13,-3.20,3.68,,
2016-03-14,-0.79,2.76,,
2016-03-15,1.18,2.54,,
2016-03-16,1.50,-0.76,,
2016-03-17,-0.91,1.87,,
2016-03-18,-0.33,2.66,,
2016-03-19,-2.54,3.77,,
2016-03-20,-0.41,5.90,,
2016-03-21,7.22,-0.38,,
2016-03-22,-3.89,-9.17,,
2016-03-23,-7.78,-1.09,,
2016-03-24,-6.92,0.48,,
2016-03-25,-4.72,4.88,,
2016-03-26,-4.82,3.63,,
2016-03-27,-6.08,3.23,,
2016-03-28,-2.73,4.72,,
2016-03-29,-1.96,2.25,,
2016-03-30,-5.21,-0.82,,
2016-03-31,-7.34,4.07,,
2016-04-01,-4.30,4.94,,
2016-04-02,-3.29,6.18,,
2016-04-03,2.17,5.36,,
2016-04-04,-4.03,-2.62,,
2016-04-05,-0.78,-6.37,,
2016-04-06,-6.79,-5.50,,
2016-04-07,-5.16,2.74,,
2016-04-08,-0.09,2.44,,
2016-04-09,2.26,-1.41,,
2016-04-10,-4.70,-6.47,,
2016-04-11,-7.75,-3.95,,
2016-04-12,-5.55,-3.61,,
2016-04-13,-4.38,-2.13,,
2016-04-14,-3.47,-0.93,,
2016-04-15,-3.34,1.08,,
2016-04-16,-2.29,-2.37,,
2016-04-17,-5.80,-6.22,,
2016-04-18,-3.44,-6.75,,
2016-04-19,-4.59,-5.28,,
2016-04-20,-5.56,-2.59,,
2016-04-21,-8.14,-0.00,,
2016-04-22,-8.14,2.49,,
2016-04-23,-1.67,5.82,,
2016-04-24,0.52,-3.69,,
2016-04-25,-4.28,-2.78,,
2016-04-26,-5.79,-2.34,,
2016-04-27,-4.86,0.17,,
2016-04-28,-4.86,-0.86,,
2016-04-29,-3.36,-3.14,,
2016-04-30,-5.56,-2.59,,
2016-05-01,-7.04,-0.00,,
2016-05-02,-7.06,1.50,,
2016-05-03,-4.82,4.82,,
2016-05-04,-0.19,5.46,,
2016-05-05,6.39,5.75,,
2016-05-06,3.06,-0.94,,
2016-05-07,1.91,-4.97,,
2016-05-08,-1.60,-2.89,,
2016-05-09,-5.97,0.42,,
2016-05-10,-7.07,0.62,,
2016-05-11,-4.79,-0.33,,
2016-05-12,-3.72,-1.43,,
2016-05-13,-2.44,1.47,,
2016-05-14,-1.64,1.95,,
2016-05-15,-2.83,-0.05,,
2016-05-16,-4.67,0.41,,
2016-05-17,-5.76,3.19,,
2016-05-18,-3.98,6.13,,
2016-05-19,-0.56,2.26,,
2016-05-20,-3.20,1.42,,
2016-05-21,-3.39,3.77,,
2016-05-22,1.83,3.92,,
2016-05-23,2.85,2.95,,
2016-05-24,-2.60,-1.82,,
2016-05-25,-4.76,-4.28,,
2016-05-26,-5.30,-3.44,,
2016-05-27,-2.80,-1.82,,
2016-05-28,-1.39,2.73,,
2016-05-29,-3.24,0.87,,
2016-05-30,-3.18,-0.39,,
2016-05-31,-3.26,0.75,,
2016-06-01,-3.67,0.78,,
2016-06-02,-4.29,0.91,,
2016-06-03,-4.81,0.08,,
2016-06-04,-4.24,0.37,,
2016-06-05,-4.25,2.76,,
2016-06-06,-3.72,4.94,,
2016-06-07,-1.46,6.87,,
2016-06-08,1.38,4.81,,
2016-06-09,2.45,3.77,,
2016-06-10,-0.53,2.13,,
2016-06-11,2.54,-0.73,,
2016-06-12,-1.06,-2.90,,
2016-06-13,-3.97,-1.52,,
2016-06-14,-2.79,1.61,,
2016-06-15,1.53,4.19,,
2016-06-16,2.30,3.05,,
2016-06-17,5.15,2.18,,
2016-06-18,4.64,2.16,,
2016-06-19,2.99,-3.21,,
2016-06-20,-4.53,-3.29,,
2016-06-21,-5.76,0.20,,
2016-06-22,-4.88,4.39,,
2016-06-23,-5.10,2.27,,
2016-06-24,-5.21,2.43,,
2016-06-25,-5.34,2.05,,
2016-06-26,-4.36,0.85,,
2016-06-27,-4.37,0.61,,
2016-06-28,-4.02,2.82,,
2016-06-29,-3.64,3.77,,
2016-06-30,-4.53,4.22,,
2016-07-01,-4.88,4.39,,
2016-07-02,-5.07,3.42,,
2016-07-03,-5.27,3.30,,
2016-07-04,-5.30,2.47,,
2016-07-05,-5.10,2.06,,
2016-07-06,-4.49,1.12,,
2016-07-07,-4.40,1.60,,
2016-07-08,-2.98,2.09,,
2016-07-09,-3.64,1.93,,
2016-07-10,-4.79,2.54,,
2016-07-11,-5.27,3.05,,
2016-07-12,-4.50,1.82,,
2016-07-13,-5.08,0.18,,
2016-07-14,-5.99,0.63,,
2016-07-15,-6.26,1.10,,
2016-07-16,-6.49,1.50,,
2016-07-17,-7.54,1.47,,
2016-07-18,-7.96,-0.98,,
2016-07-19,-7.46,-1.05,,
2016-07-20,-5.62,1.93,,
2016-07-21,-4.63,1.24,,
2016-07-22,-4.35,0.38,,
2016-07-23,-2.59,0.99,,
2016-07-24,-2.17,2.03,,
2016-07-25,-4.94,1.90,,
2016-07-26,-6.15,1.53,,
2016-07-27,-5.97,0.94,,
2016-07-28,-4.64,1.24,,
2016-07-29,-2.88,-0.94,,
2016-07-30,-4.04,1.08,,
2016-07-31,-5.68,3.02,,
2016-08-01,-8.39,1.18,,
2016-08-02,-6.60,2.40,,
2016-08-03,-5.29,2.25,,
2016-08-04,-4.46,3.01,,
2016-08-05,-4.73,3.97,,
2016-08-06,-4.09,4.24,,
2016-08-07,-4.36,3.29,,
2016-08-08,-3.86,2.14,,
2016-08-09,-2.18,2.70,,
2016-08-10,-3.98,0.85,,
2016-08-11,-4.87,0.86,,
2016-08-12,-5.21,2.00,,
2016-08-13,-5.29,0.74,,
2016-08-14,-5.93,0.41,,
2016-08-15,-7.00,-0.00,,
2016-08-16,-6.35,1.12,,
2016-08-17,-5.39,0.28,,
2016-08-18,-4.05,0.79,,
2016-08-19,-2.15,-0.04,,
2016-08-20,-0.99,0.38,,
2016-08-21,-1.02,1.21,,
2016-08-22,-2.42,-0.88,,
2016-08-23,-3.68,-3.20,,
2016-08-24,-4.82,-2.15,,
2016-08-25,-5.16,-2.08,,
2016-08-26,-6.50,-1.38,,
2016-08-27,-7.06,4.24,,
2016-08-28,-4.99,4.34,,
2016-08-29,-4.15,4.45,,
2016-08-30,-3.12,4.00,,
2016-08-31,-2.68,3.97,,
2016-09-01,-2.29,6.30,,
2016-09-02,-2.14,6.57,,
2016-09-03,-3.62,3.26,,
2016-09-04,-3.20,2.00,,
2016-09-05,-2.48,0.17,,
2016-09-06,-4.00,-2.50,,
2016-09-07,-5.66,-1.20,,
2016-09-08,-5.97,1.16,,
2016-09-09,-4.28,1.56,,
2016-09-10,-3.89,1.65,,
2016-09-11,-5.32,0.75,,
2016-09-12,-5.94,5.35,,
2016-09-13,-4.78,3.10,,
2016-09-14,-4.36,0.69,,
2016-09-15,-3.13,1.27,,
2016-09-16,-1.58,0.95,,
2016-09-17,-1.71,0.66,,
2016-09-18,-2.95,0.26,,
2016-09-19,-2.83,-0.25,,
2016-09-20,-2.75,0.48,,
2016-09-21,-2.96,0.63,,
2016-09-22,-3.73,-0.20,,
2016-09-23,-2.97,-0.96,,
2016-09-24,-3.06,0.27,,
2016-09-25,-2.41,-1.28,,
2016-09-26,-2.88,-0.35,,
2016-09-27,-0.74,2.41,,
2016-09-28,-0.19,2.67,,
2016-09-29,-2.23,1.81,,
2016-09-30,-5.25,0.64,,
2016-10-01,-7.25,-1.28,,
2016-10-02,-6.97,-0.61,,
2016-10-03,-6.84,2.09,,
2016-10-04,-6.12,1.30,,
2016-10-05,-8.92,-0.31,,
2016-10-06,-14.58,10.21,,
2016-10-07,0.55,10.44,,
2016-10-08,2.59,5.08,,
2016-10-09,2.36,-5.31,,
2016-10-10,-2.56,-9.54,,
2016-10-11,-4.86,-9.14,,
2016-10-12,-4.32,-6.41,,
2016-10-13,-4.14,-4.60,,
2016-10-14,-5.71,-5.33,,
2016-10-15,-7.43,-2.85,,
2016-10-16,-7.58,-1.61,,
2016-10-17,-6.35,-4.61,,
2016-10-18,-7.17,-4.84,,
2016-10-19,-6.46,-6.93,,
2016-10-20,-1.43,-9.04,,
2016-10-21,7.80,-3.31,,
2016-10-22,3.80,-3.54,,
2016-10-23,-1.65,-6.15,,
2016-10-24,-4.86,-4.86,,
2016-10-25,-6.34,-5.32,,
2016-10-26,-8.70,-4.43,,
2016-10-27,-11.03,-3.80,,
2016-10-28,-9.91,-4.84,,
2016-10-29,-9.74,-3.16,,
2016-10-30,-8.14,-2.33,,
2016-10-31,-7.50,-3.50,,
2016-11-01,-7.90,-5.13,,
2016-11-02,-8.75,-4.08,,
2016-11-03,-7.03,-3.90,,
2016-11-04,-2.63,-4.21,,
2016-11-05,-0.56,-5.32,,
2016-11-06,-6.25,-7.19,,
2016-11-07,-8.62,-6.03,,
2016-11-08,-5.69,-4.95,,
2016-11-09,-3.22,-1.43,,
2016-11-10,0.99,-2.86,,
2016-11-11,-0.82,-4.24,,
2016-11-12,-1.29,-1.84,,
2016-11-13,-4.85,-1.86,,
2016-11-14,-4.14,0.07,,
2016-11-15,-2.76,-1.17,,
2016-11-16,1.66,-4.83,,
2016-11-17,-1.78,-7.71,,
2016-11-18,-5.27,-5.45,,
2016-11-19,-3.23,-5.37,,
2016-11-20,0.29,-5.56,,
2016-11-21,-1.37,-6.44,,
2016-11-22,-4.24,-3.69,,
2016-11-23,-7.70,-2.50,,
2016-11-24,-8.71,-2.17,,
2016-11-25,-8.35,-1.47,,
2016-11-26,-5.05,0.18,,
2016-11-27,-2.75,-4.58,,
2016-11-28,-8.33,-3.03,,
2016-11-29,-9.91,1.39,,
2016-11-30,-8.39,2.56,,
2016-12-01,-5.26,3.55,,
2016-12-02,-3.72,1.43,,
2016-12-03,-3.52,-2.95,,
2016-12-04,-6.67,-2.69,,
2016-12-05,-6.08,2.46,,
2016-12-06,-2.51,6.22,,
2016-12-07,1.39,4.53,,
2016-12-08,0.60,1.12,,
2016-12-09,-1.65,-3.53,,
2016-12-10,-5.93,-3.85,,
2016-12-11,-10.47,-0.92,,
2016-12-12,-8.05,5.23,,
2016-12-13,-1.82,3.14,,
2016-12-14,-1.25,1.66,,
2016-12-15,2.09,-1.31,,
2016-12-16,-6.04,-5.25,,
2016-12-17,-10.56,1.48,,
2016-12-18,-9.30,3.57,,
2016-12-19,-7.48,0.79,,
2016-12-20,-7.03,-2.15,,
2016-12-21,-5.29,-2.58,,
2016-12-22,-4.49,-2.91,,
2016-12-23,-5.59,-2.15,,
2016-12-24,-8.21,-0.00,,
2016-12-25,-8.84,-2.37,,
2016-12-26,-9.73,-2.43,,
2016-12-27,-7.66,-1.49,,
2016-12-28,-4.24,-1.54,,
2016-12-29,-2.83,-0.50,,
2016-12-30,3.70,-5.09,,
2016-12-31,-6.87,-3.81,,
2017-01-01,-8.41,1.33,,
2017-01-02,-9.86,0.86,,
2017-01-03,-6.78,3.61,,
2017-01-04,0.50,5.70,,
2017-01-05,4.30,3.24,,
2017-01-06,-0.59,1.32,,
2017-01-07,-1.46,5.84,,
2017-01-08,1.18,-11.25,,
2017-01-09,-6.60,-10.16,,
2017-01-10,-9.74,-6.09,,
2017-01-11,-9.97,-4.44,,
2017-01-12,-9.52,-1.85,,
2017-01-13,-9.49,-3.08,,
2017-01-14,-8.54,-3.63,,
2017-01-15,-7.80,-2.99,,
2017-01-16,-8.40,-1.94,,
2017-01-17,-7.95,0.14,,
2017-01-18,-4.85,-0.42,,
2017-01-19,1.81,-2.08,,
2017-01-20,1.99,1.11,,
2017-01-21,0.91,3.16,,
2017-01-22,1.33,7.52,,
2017-01-23,5.68,10.24,,
2017-01-24,11.34,-3.04,,
2017-01-25,3.91,-1.66,,
2017-01-26,0.61,5.00,,
2017-01-27,2.84,3.63,,
2017-01-28,3.40,1.17,,
2017-01-29,-1.41,4.62,,
2017-01-30,3.76,-7.06,,
2017-01-31,-2.39,-4.31,,
2017-02-01,-5.38,-1.54,,
2017-02-02,-6.14,-2.00,,
2017-02-03,-7.08,-2.72,,
2017-02-04,-4.55,-4.71,,
2017-02-05,-6.94,-1.48,,
2017-02-06,-5.11,-2.72,,
2017-02-07,-6.49,0.23,,
2017-02-08,-1.28,3.72,,
2017-02-09,2.79,2.88,,
2017-02-10,-2.47,-8.07,,
2017-02-11,-6.88,-1.97,,
2017-02-12,-5.17,-0.82,,
2017-02-13,1.48,-2.91,,
2017-02-14,3.15,-0.33,,
2017-02-15,2.18,5.98,,
2017-02-16,8.51,2.12,,
2017-02-17,0.37,-5.26,,
2017-02-18,-3.44,1.25,,
2017-02-19,1.10,6.25,,
2017-02-20,0.12,-6.74,,
2017-02-21,-4.92,-4.75,,
2017-02-22,-6.85,3.19,,
2017-02-23,1.32,9.39,,
2017-02-24,6.34,3.23,,
2017-02-25,4.01,1.23,,
2017-02-26,-2.37,0.55,,
2017-02-27,-8.10,-1.43,,
2017-02-28,-8.47,-1.65,,
2017-03-01,-7.04,1.37,,
2017-03-02,-3.32,4.10,,
2017-03-03,-0.15,2.92,,
2017-03-04,-8.93,-9.57,,
2017-03-05,-10.43,-7.86,,
2017-03-06,-10.48,-4.45,,
2017-03-07,-10.56,-0.74,,
2017-03-08,-8.43,0.44,,
2017-03-09,-6.00,-0.00,,
2017-03-10,-3.83,0.61,,
2017-03-11,0.50,-1.86,,
2017-03-12,-4.72,0.58,,
2017-03-13,-3.41,2.86,,
2017-03-14,1.81,7.84,,
2017-03-15,4.52,-5.02,,
2017-03-16,0.38,-7.22,,
2017-03-17,-4.49,-5.74,,
2017-03-18,-6.36,-3.24,,
2017-03-19,1.99,-4.28,,
2017-03-20,-1.39,-7.90,,
2017-03-21,-3.04,-3.38,,
2017-03-22,-2.98,-0.91,,
2017-03-23,-3.18,-3.29,,
2017-03-24,-11.04,-4.92,,
2017-03-25,-10.75,-3.91,,
2017-03-26,-8.26,-5.16,,
2017-03-27,-5.21,-5.21,,
2017-03-28,-4.89,-2.94,,
2017-03-29,-2.88,0.35,,
2017-03-30,-3.11,1.80,,
2017-03-31,-2.88,5.20,,
2017-04-01,0.64,5.21,,
2017-04-02,-2.16,-0.04,,
2017-04-03,-6.44,0.79,,
2017-04-04,-4.10,5.65,,
2017-04-05,-4.02,4.16,,
2017-04-06,-1.57,6.31,,
2017-04-07,6.97,-0.37,,
2017-04-08,-0.48,-5.52,,
2017-04-09,-4.94,-2.63,,
2017-04-10,-7.95,-4.41,,
2017-04-11,-8.63,-5.19,,
2017-04-12,-8.65,-3.15,,
2017-04-13,-5.48,-6.30,,
2017-04-14,-6.05,-7.47,,
2017-04-15,-9.92,-4.84,,
2017-04-16,-10.59,-2.06,,
2017-04-17,-7.45,0.39,,
2017-04-18,-7.23,-0.25,,
2017-04-19,-8.85,-1.09,,
2017-04-20,-8.17,-1.44,,
2017-04-21,-7.20,0.63,,
2017-04-22,-7.84,3.01,,
2017-04-23,-7.15,5.39,,
2017-04-24,0.62,7.08,,
2017-04-25,3.84,0.96,,
2017-04-26,-2.57,1.43,,
2017-04-27,-4.86,3.53,,
2017-04-28,-6.85,2.22,,
2017-04-29,-8.79,0.92,,
2017-04-30,-10.19,1.61,,
2017-05-01,-8.46,2.75,,
2017-05-02,-5.92,3.15,,
2017-05-03,-6.06,0.53,,
2017-05-04,-5.25,3.54,,
2017-05-05,-1.45,7.44,,
2017-05-06,7.44,1.72,,
2017-05-07,1.93,-3.80,,
2017-05-08,-3.50,-1.56,,
2017-05-09,-3.37,-1.64,,
2017-05-10,-2.62,-1.28,,
2017-05-11,-1.06,1.22,,
2017-05-12,2.73,2.64,,
2017-05-13,-0.09,5.34,,
2017-05-14,0.93,6.59,,
2017-05-15,0.70,1.82,,
2017-05-16,-4.10,2.00,,
2017-05-17,-8.62,0.15,,
2017-05-18,-8.98,1.58,,
2017-05-19,-7.67,1.77,,
2017-05-20,-7.77,0.41,,
2017-05-21,-6.40,-1.72,,
2017-05-22,-4.28,0.15,,
2017-05-23,-2.76,4.98,,
2017-05-24,-1.85,7.40,,
2017-05-25,-0.93,6.62,,
2017-05-26,-0.85,4.40,,
2017-05-27,-0.77,2.53,,
2017-05-28,-1.05,3.43,,
2017-05-29,-2.83,3.75,,
2017-05-30,-4.81,2.56,,
2017-05-31,-6.08,2.96,,
2017-06-01,-5.24,3.40,,
2017-06-02,-4.90,3.56,,
2017-06-03,-4.31,3.02,,
2017-06-04,-5.05,2.25,,
2017-06-05,-3.62,4.17,,
2017-06-06,-2.76,5.91,,
2017-06-07,-0.11,6.02,,
2017-06-08,0.87,7.05,,
2017-06-09,-0.10,5.82,,
2017-06-10,-3.68,3.81,,
2017-06-11,-5.91,1.15,,
2017-06-12,-6.45,1.25,,
2017-06-13,-6.79,1.82,,
2017-06-14,-6.00,2.93,,
2017-06-15,-4.80,2.77,,
2017-06-16,-2.97,3.18,,
2017-06-17,-4.58,3.71,,
2017-06-18,-5.06,5.24,,
2017-06-19,-8.13,4.51,,
2017-06-20,-8.31,4.05,,
2017-06-21,-7.85,4.72,,
2017-06-22,-7.16,1.39,,
2017-06-23,-6.60,1.77,,
2017-06-24,-6.59,1.77,,
2017-06-25,-5.82,1.89,,
2017-06-26,-5.45,2.20,,
2017-06-27,-3.73,4.45,,
2017-06-28,-2.66,3.66,,
2017-06-29,-4.56,2.74,,
2017-06-30,-5.91,1.47,,
2017-07-01,-5.92,1.48,,
2017-07-02,-5.93,1.26,,
2017-07-03,-5.67,1.41,,
2017-07-04,-5.97,1.38,,
2017-07-05,-6.33,0.11,,
2017-07-06,-5.53,0.98,,
2017-07-07,-4.80,1.84,,
2017-07-08,-4.86,2.37,,
2017-07-09,-6.18,1.77,,
2017-07-10,-6.48,0.91,,
2017-07-11,-5.53,-2.58,,
2017-07-12,-7.92,-0.69,,
2017-07-13,-7.48,2.14,,
2017-07-14,-6.93,-0.36,,
2017-07-15,-5.17,2.09,,
2017-07-16,-3.68,4.38,,
2017-07-17,-3.81,3.68,,
2017-07-18,-4.22,3.29,,
2017-07-19,-5.01,2.34,,
2017-07-20,-3.86,3.24,,
2017-07-21,-3.32,3.82,,
2017-07-22,-4.54,1.93,,
2017-07-23,-5.00,1.72,,
2017-07-24,-4.31,2.10,,
2017-07-25,-4.45,2.37,,
2017-07-26,-5.80,-0.51,,
2017-07-27,-5.15,0.36,,
2017-07-28,-3.38,1.43,,
2017-07-29,-1.25,4.34,,
2017-07-30,1.85,5.08,,
2017-07-31,2.08,4.45,,
2017-08-01,-2.10,4.50,,
2017-08-02,-2.45,3.37,,
2017-08-03,-5.98,1.60,,
2017-08-04,-6.54,2.00,,
2017-08-05,-6.04,1.96,,
2017-08-06,-7.33,1.16,,
2017-08-07,-7.89,1.68,,
2017-08-08,-7.30,1.96,,
2017-08-09,-6.11,3.11,,
2017-08-10,-4.46,3.88,,
2017-08-11,-5.61,0.69,,
2017-08-12,-4.55,-0.00,,
2017-08-13,-1.80,-1.00,,
2017-08-14,0.20,1.44,,
2017-08-15,-1.77,2.52,,
2017-08-16,-4.14,1.84,,
2017-08-17,-4.95,0.09,,
2017-08-18,-6.12,0.32,,
2017-08-19,-5.44,2.31,,
2017-08-20,-7.16,2.05,,
2017-08-21,-7.39,-1.57,,
2017-08-22,-5.72,3.58,,
2017-08-23,-5.33,3.73,,
2017-08-24,-3.76,5.17,,
2017-08-25,-1.59,3.94,,
2017-08-26,-3.33,2.16,,
2017-08-27,-3.88,3.25,,
2017-08-28,-3.92,4.35,,
2017-08-29,-3.84,4.42,,
2017-08-30,-3.09,1.06,,
2017-08-31,-4.12,0.07,,
2017-09-01,-3.15,3.15,,
2017-09-02,-3.30,2.40,,
2017-09-03,-4.47,-1.37,,
2017-09-04,-5.58,-1.92,,
2017-09-05,-5.13,-1.19,,
2017-09-06,-3.74,2.82,,
2017-09-07,-5.36,-0.00,,
2017-09-08,-11.16,-4.97,,
2017-09-09,-13.81,6.15,,
2017-09-10,-9.43,9.11,,
2017-09-11,-3.26,9.46,,
2017-09-12,4.52,3.53,,
2017-09-13,-0.62,-2.90,,
2017-09-14,-2.16,-4.23,,
2017-09-15,-2.08,-5.70,,
2017-09-16,1.87,-6.10,,
2017-09-17,4.21,-4.52,,
2017-09-18,3.14,-2.83,,
2017-09-19,0.57,0.95,,
2017-09-20,-1.87,-0.47,,
2017-09-21,-4.60,-2.24,,
2017-09-22,-6.89,-3.21,,
2017-09-23,-1.05,-8.56,,
2017-09-24,6.64,-5.18,,
2017-09-25,5.94,0.00,,
2017-09-26,2.76,2.86,,
2017-09-27,2.04,2.61,,
2017-09-28,-0.64,2.40,,
2017-09-29,-2.20,2.20,,
2017-09-30,-4.45,3.61,,
2017-10-01,-5.44,0.19,,
2017-10-02,-6.84,-3.95,,
2017-10-03,-9.97,-0.87,,
2017-10-04,-10.49,-1.66,,
2017-10-05,-9.21,2.64,,
2017-10-06,-5.40,3.92,,
2017-10-07,-4.68,1.89,,
2017-10-08,-4.29,-1.65,,
2017-10-09,-9.24,-0.48,,
2017-10-10,-9.49,-1.85,,
2017-10-11,-8.83,-4.90,,
2017-10-12,-6.83,1.70,,
2017-10-13,-4.37,1.01,,
2017-10-14,-4.90,-1.59,,
2017-10-15,-6.28,-1.57,,
2017-10-16,-4.64,-2.07,,
2017-10-17,-3.15,-2.84,,
2017-10-18,-3.95,-0.63,,
2017-10-19,-3.37,0.06,,
2017-10-20,-5.57,-2.03,,
2017-10-21,-8.05,0.14,,
2017-10-22,-9.49,1.33,,
2017-10-23,-8.09,1.14,,
2017-10-24,-4.74,3.08,,
2017-10-25,-1.01,7.18,,
2017-10-26,2.65,-8.14,,
2017-10-27,-5.21,-3.52,,
2017-10-28,-6.59,1.52,,
2017-10-29,1.51,12.28,,
2017-10-30,3.73,-5.97,,
2017-10-31,-2.47,-4.28,,
2017-11-01,-4.67,-3.39,,
2017-11-02,-5.55,-4.82,,
2017-11-03,-0.92,-5.19,,
2017-11-04,1.47,-4.80,,
2017-11-05,1.82,-0.93,,
2017-11-06,-2.35,-0.00,,
2017-11-07,-3.73,-2.16,,
2017-11-08,-6.19,-1.20,,
2017-11-09,-7.47,-1.32,,
2017-11-10,-6.86,-2.91,,
2017-11-11,-8.08,-6.31,,
2017-11-12,-10.09,-3.28,,
2017-11-13,-9.30,-1.64,,
2017-11-14,-6.63,-2.81,,
2017-11-15,-3.63,-4.04,,
2017-11-16,-4.28,-4.59,,
2017-11-17,-4.39,-8.62,,
2017-11-18,-7.10,-4.61,,
2017-11-19,-4.71,1.81,,
2017-11-20,-2.89,-4.45,,
2017-11-21,-8.11,0.57,,
2017-11-22,-2.61,-2.90,,
2017-11-23,-5.02,0.71,,
2017-11-24,1.92,5.91,,
2017-11-25,3.14,-0.67,,
2017-11-26,-0.56,-2.61,,
2017-11-27,-5.93,-3.85,,
2017-11-28,-8.47,-2.43,,
2017-11-29,-3.90,0.07,,
2017-11-30,-6.71,-5.83,,
2017-12-01,-5.53,-5.73,,
2017-12-02,-6.03,-6.03,,
2017-12-03,-5.42,-4.39,,
2017-12-04,-6.67,-4.17,,
2017-12-05,-9.46,-0.17,,
2017-12-06,-6.94,2.39,,
2017-12-07,-3.59,4.27,,
2017-12-08,-3.60,6.77,,
2017-12-09,-0.00,8.24,,
2017-12-10,2.54,-10.18,,
2017-12-11,-2.27,-7.91,,
2017-12-12,-0.08,-4.81,,
2017-12-13,6.97,-3.55,,
2017-12-14,1.65,0.51,,
2017-12-15,-1.77,-0.79,,
2017-12-16,-2.11,-4.32,,
2017-12-17,-6.89,-2.78,,
2017-12-18,-5.28,-1.92,,
2017-12-19,-4.46,-2.79,,
2017-12-20,-3.84,0.40,,
2017-12-21,2.16,1.41,,
2017-12-22,-0.75,-3.25,,
2017-12-23,-3.94,-1.92,,
2017-12-24,-4.62,0.65,,
2017-12-25,-3.12,0.44,,
2017-12-26,-3.31,-1.08,,
2017-12-27,-4.60,-1.41,,
2017-12-28,-5.00,-3.37,,
2017-12-29,-2.90,-3.23,,
2017-12-30,1.46,-4.79,,
2017-12-31,3.47,-1.92,,
2018-01-01,1.58,-0.06,,
2018-01-02,2.22,-0.19,,
2018-01-03,3.50,8.25,,
2018-01-04,11.00,-5.61,,
2018-01-05,2.66,-5.00,,
2018-01-06,-2.54,-6.62,,
2018-01-07,-6.36,-8.44,,
2018-01-08,-10.82,-3.10,,
2018-01-09,-6.24,3.04,,
2018-01-10,-5.07,2.93,,
2018-01-11,-7.50,5.06,,
2018-01-12,-5.45,8.08,,
2018-01-13,-0.38,5.39,,
2018-01-14,-0.56,-8.02,,
2018-01-15,-2.25,-10.57,,
2018-01-16,-7.14,-8.82,,
2018-01-17,-3.46,-4.12,,
2018-01-18,2.48,-9.25,,
2018-01-19,-4.02,-5.96,,
2018-01-20,-6.56,-1.64,,
2018-01-21,-8.04,-0.99,,
2018-01-22,-7.52,1.33,,
2018-01-23,-6.33,2.95,,
2018-01-24,-3.05,1.83,,
2018-01-25,-3.54,-5.06,,
2018-01-26,-11.70,-7.31,,
2018-01-27,-13.67,-2.17,,
2018-01-28,-11.18,2.99,,
2018-01-29,-5.20,6.66,,
2018-01-30,5.02,-6.42,,
2018-01-31,-5.73,-7.07,,
2018-02-01,-6.04,-1.96,,
2018-02-02,-3.53,-0.62,,
2018-02-03,-3.78,-5.20,,
2018-02-04,-7.12,2.04,,
2018-02-05,1.71,4.03,,
2018-02-06,-5.60,-3.10,,
2018-02-07,-8.15,-0.28,,
2018-02-08,-5.60,0.39,,
2018-02-09,-7.58,-1.06,,
2018-02-10,-8.78,1.71,,
2018-02-11,-8.07,4.47,,
2018-02-12,-8.02,3.24,,
2018-02-13,-7.99,0.98,,
2018-02-14,-7.56,-1.33,,
2018-02-15,-4.71,-1.81,,
2018-02-16,-3.92,0.14,,
2018-02-17,-3.80,0.60,,
2018-02-18,-5.35,-0.28,,
2018-02-19,-8.89,0.16,,
2018-02-20,-10.16,1.07,,
2018-02-21,-10.32,-0.90,,
2018-02-22,-9.38,-0.00,,
2018-02-23,-10.31,-0.72,,
2018-02-24,-9.18,0.32,,
2018-02-25,-6.75,2.32,,
2018-02-26,-5.76,2.21,,
2018-02-27,-2.90,-0.78,,
2018-02-28,-3.71,-4.12,,
2018-03-01,-4.73,-1.09,,
2018-03-02,5.21,0.36,,
2018-03-03,3.55,-7.98,,
2018-03-04,3.34,-10.27,,
2018-03-05,-0.29,-8.17,,
2018-03-06,-1.29,-2.65,,
2018-03-07,1.92,6.28,,
2018-03-08,7.67,-0.40,,
2018-03-09,2.79,-4.30,,
2018-03-10,-5.14,0.18,,
2018-03-11,-2.74,4.56,,
2018-03-12,4.31,5.52,,
2018-03-13,3.67,-6.62,,
2018-03-14,0.91,-2.81,,
2018-03-15,0.00,-6.78,,
2018-03-16,-3.19,-0.68,,
2018-03-17,-3.23,0.06,,
2018-03-18,2.52,2.11,,
2018-03-19,1.72,2.28,,
2018-03-20,0.71,5.82,,
2018-03-21,4.31,5.52,,
2018-03-22,3.58,-5.31,,
2018-03-23,1.39,-6.55,,
2018-03-24,-2.49,-6.18,,
2018-03-25,-3.55,0.89,,
2018-03-26,-1.73,-1.50,,
2018-03-27,-9.03,-6.56,,
2018-03-28,-8.59,-2.63,,
2018-03-29,-7.64,1.76,,
2018-03-30,-6.11,2.98,,
2018-03-31,-5.16,-1.10,,
2018-04-01,-6.65,-0.70,,
2018-04-02,-5.57,-0.98,,
2018-04-03,-6.03,-0.53,,
2018-04-04,-4.30,2.49,,
2018-04-05,-2.03,0.78,,
2018-04-06,-3.51,-0.81,,
2018-04-07,-1.77,3.98,,
2018-04-08,2.33,5.49,,
2018-04-09,-1.58,4.13,,
2018-04-10,-1.68,4.60,,
2018-04-11,1.59,5.54,,
2018-04-12,-4.01,-5.33,,
2018-04-13,-6.60,-1.16,,
2018-04-14,-6.85,3.64,,
2018-04-15,-7.03,6.11,,
2018-04-16,-0.60,8.52,,
2018-04-17,0.69,-5.65,,
2018-04-18,-3.51,-2.46,,
2018-04-19,-3.76,1.08,,
2018-04-20,-2.85,2.39,,
2018-04-21,-5.40,0.38,,
2018-04-22,-7.67,0.13,,
2018-04-23,-7.99,3.56,,
2018-04-24,-4.07,5.40,,
2018-04-25,2.01,4.12,,
2018-04-26,0.70,2.15,,
2018-04-27,-0.28,5.34,,
2018-04-28,4.19,5.37,,
2018-04-29,-0.06,-3.23,,
2018-04-30,-3.44,-5.11,,
2018-05-01,-9.34,-3.58,,
2018-05-02,-10.58,-3.03,,
2018-05-03,-10.91,-2.92,,
2018-05-04,-10.80,-5.74,,
2018-05-05,-5.61,5.81,,
2018-05-06,-3.80,6.86,,
2018-05-07,-1.09,6.16,,
2018-05-08,2.66,5.70,,
2018-05-09,2.65,2.56,,
2018-05-10,-2.27,-5.61,,
2018-05-11,-3.23,-0.23,,
2018-05-12,-4.06,1.81,,
2018-05-13,-6.97,3.40,,
2018-05-14,-7.27,5.09,,
2018-05-15,-5.28,5.28,,
2018-05-16,-6.01,5.61,,
2018-05-17,-6.89,6.20,,
2018-05-18,-7.27,5.88,,
2018-05-19,-9.20,4.69,,
2018-05-20,-9.58,3.49,,
2018-05-21,-9.03,3.11,,
2018-05-22,-8.35,1.93,,
2018-05-23,-6.85,3.19,,
2018-05-24,-5.83,3.64,,
2018-05-25,-7.04,2.29,,
2018-05-26,-7.43,4.12,,
2018-05-27,-7.23,7.23,,
2018-05-28,-5.83,7.20,,
2018-05-29,-5.52,6.13,,
2018-05-30,-5.74,5.54,,
2018-05-31,-5.97,2.54,,
2018-06-01,-4.43,1.19,,
2018-06-02,-2.99,2.42,,
2018-06-03,-0.44,4.21,,
2018-06-04,1.96,3.68,,
2018-06-05,3.58,2.15,,
2018-06-06,4.03,3.04,,
2018-06-07,-1.45,3.25,,
2018-06-08,-4.78,1.28,,
2018-06-09,-5.48,2.32,,
2018-06-10,-4.91,2.18,,
2018-06-11,-4.58,3.33,,
2018-06-12,-4.35,2.94,,
2018-06-13,-5.41,3.38,,
2018-06-14,-3.54,3.66,,
2018-06-15,-0.96,2.50,,
2018-06-16,-1.17,0.70,,
2018-06-17,-1.62,-0.83,,
2018-06-18,-2.50,-1.50,,
2018-06-19,-3.60,-0.90,,
2018-06-20,-1.89,1.23,,
2018-06-21,1.96,3.02,,
2018-06-22,2.23,1.87,,
2018-06-23,-1.18,2.93,,
2018-06-24,-4.08,3.81,,
2018-06-25,-5.78,3.61,,
2018-06-26,-4.54,2.31,,
2018-06-27,-3.79,1.31,,
2018-06-28,-2.73,1.98,,
2018-06-29,-3.49,4.31,,
2018-06-30,-4.43,3.72,,
2018-07-01,-3.65,1.33,,
2018-07-02,-1.26,-2.82,,
2018-07-03,-1.49,-1.13,,
2018-07-04,-2.84,2.65,,
2018-07-05,-5.09,3.18,,
2018-07-06,-3.92,1.43,,
2018-07-07,-3.79,0.67,,
2018-07-08,-4.26,1.30,,
2018-07-09,-3.53,1.65,,
2018-07-10,-3.68,-0.06,,
2018-07-11,-3.67,2.67,,
2018-07-12,-1.12,3.43,,
2018-07-13,-0.92,1.32,,
2018-07-14,-0.43,2.01,,
2018-07-15,-2.50,3.32,,
2018-07-16,-3.67,3.19,,
2018-07-17,-4.14,4.29,,
2018-07-18,-3.64,4.49,,
2018-07-19,-3.20,4.57,,
2018-07-20,-4.24,4.55,,
2018-07-21,-2.72,3.89,,
2018-07-22,-0.08,4.55,,
2018-07-23,-0.88,5.55,,
2018-07-24,-3.67,6.62,,
2018-07-25,-3.48,6.55,,
2018-07-26,-4.22,3.94,,
2018-07-27,-5.83,4.72,,
2018-07-28,-5.60,4.22,,
2018-07-29,-4.51,4.21,,
2018-07-30,-5.42,4.39,,
2018-07-31,-6.45,3.29,,
2018-08-01,-6.71,2.85,,
2018-08-02,-8.00,1.85,,
2018-08-03,-7.41,1.71,,
2018-08-04,-6.98,1.11,,
2018-08-05,-6.62,-1.53,,
2018-08-06,-4.77,-1.01,,
2018-08-07,-4.15,2.21,,
2018-08-08,-3.42,1.67,,
2018-08-09,-1.99,0.14,,
2018-08-10,-1.26,-0.13,,
2018-08-11,-1.90,3.04,,
2018-08-12,-3.91,4.66,,
2018-08-13,-4.66,2.91,,
2018-08-14,-6.22,2.26,,
2018-08-15,-6.74,2.19,,
2018-08-16,-6.91,1.10,,
2018-08-17,-7.01,0.49,,
2018-08-18,-6.33,1.23,,
2018-08-19,-5.15,1.48,,
2018-08-20,-5.27,-0.93,,
2018-08-21,-4.43,1.35,,
2018-08-22,-4.74,2.74,,
2018-08-23,-3.84,3.34,,
2018-08-24,-4.32,3.26,,
2018-08-25,-6.18,2.62,,
2018-08-26,-6.25,-0.55,,
2018-08-27,-6.33,1.58,,
2018-08-28,-6.16,0.76,,
2018-08-29,-6.85,0.96,,
2018-08-30,-6.94,0.73,,
2018-08-31,-6.87,0.60,,
2018-09-01,-8.16,0.28,,
2018-09-02,-8.83,2.04,,
2018-09-03,-8.03,1.85,,
2018-09-04,-7.27,-0.51,,
2018-09-05,-6.43,-1.96,,
2018-09-06,-6.43,0.79,,
2018-09-07,-3.32,2.08,,
2018-09-08,1.27,3.49,,
2018-09-09,0.98,2.42,,
2018-09-10,-1.61,1.50,,
2018-09-11,-3.12,-1.01,,
2018-09-12,0.29,-2.05,,
2018-09-13,-1.75,3.03,,
2018-09-14,-3.63,2.27,,
2018-09-15,-3.68,1.49,,
2018-09-16,-4.94,0.78,,
2018-09-17,-6.38,-0.67,,
2018-09-18,-4.59,1.49,,
2018-09-19,-1.41,2.02,,
2018-09-20,-1.64,0.03,,
2018-09-21,-4.85,-0.77,,
2018-09-22,-4.19,-0.81,,
2018-09-23,-3.46,-1.92,,
2018-09-24,-3.24,-0.06,,
2018-09-25,-4.72,2.20,,
2018-09-26,-6.90,-0.12,,
2018-09-27,-7.10,1.12,,
2018-09-28,-7.03,-1.88,,
2018-09-29,-7.90,-1.25,,
2018-09-30,-7.98,-1.26,,
2018-10-01,-7.31,-2.38,,
2018-10-02,-8.64,-3.31,,
2018-10-03,-7.29,-3.40,,
2018-10-04,-7.92,-0.42,,
2018-10-05,-6.92,-1.60,,
2018-10-06,-7.42,-1.31,,
2018-10-07,-8.09,-0.28,,
2018-10-08,-9.44,-0.83,,
2018-10-09,-6.94,3.24,,
2018-10-10,-4.07,4.68,,
2018-10-11,-3.41,5.05,,
2018-10-12,-0.96,5.46,,
2018-10-13,-0.76,4.78,,
2018-10-14,-4.66,1.08,,
2018-10-15,-8.40,-0.00,,
2018-10-16,-8.78,0.77,,
2018-10-17,-7.95,0.42,,
2018-10-18,-7.17,-1.01,,
2018-10-19,-7.20,-2.20,,
2018-10-20,-3.63,0.13,,
2018-10-21,-2.62,-1.01,,
2018-10-22,-6.44,-5.41,,
2018-10-23,-7.72,-1.93,,
2018-10-24,-4.23,-0.37,,
2018-10-25,-6.58,-0.11,,
2018-10-26,-3.78,4.66,,
2018-10-27,3.64,2.95,,
2018-10-28,0.00,-3.96,,
2018-10-29,-3.81,-6.59,,
2018-10-30,-3.01,-5.90,,
2018-10-31,-5.41,-4.23,,
2018-11-01,-7.99,1.99,,
2018-11-02,-4.97,5.72,,
2018-11-03,-3.29,4.52,,
2018-11-04,-7.81,1.24,,
2018-11-05,-7.64,0.27,,
2018-11-06,-7.02,0.86,,
2018-11-07,-7.00,-1.23,,
2018-11-08,-7.01,-0.12,,
2018-11-09,-4.11,-2.00,,
2018-11-10,-2.62,-1.11,,
2018-11-11,-4.31,-2.80,,
2018-11-12,-8.17,-1.29,,
2018-11-13,-7.78,3.14,,
2018-11-14,-6.89,1.46,,
2018-11-15,-6.43,2.34,,
2018-11-16,-2.13,-4.56,,
2018-11-17,-2.31,-8.63,,
2018-11-18,-4.55,-4.71,,
2018-11-19,-3.12,-3.35,,
2018-11-20,-3.11,-1.94,,
2018-11-21,-0.39,-2.45,,
2018-11-22,-4.08,-4.53,,
2018-11-23,-4.56,-1.84,,
2018-11-24,4.53,0.00,,
2018-11-25,4.18,0.74,,
2018-11-26,2.68,1.74,,
2018-11-27,4.60,4.44,,
2018-11-28,5.83,-6.70,,
2018-11-29,0.13,-3.83,,
2018-11-30,-4.23,-1.80,,
2018-12-01,-6.45,3.58,,
2018-12-02,-4.06,5.80,,
2018-12-03,-2.14,4.59,,
2018-12-04,1.31,1.95,,
2018-12-05,3.18,-1.35,,
2018-12-06,-4.50,-8.47,,
2018-12-07,-6.77,-3.60,,
2018-12-08,-8.96,-2.40,,
2018-12-09,-4.17,7.52,,
2018-12-10,6.46,3.15,,
2018-12-11,4.81,-6.63,,
2018-12-12,-2.85,-7.07,,
2018-12-13,-7.28,0.77,,
2018-12-14,-8.70,4.43,,
2018-12-15,-3.41,7.66,,
2018-12-16,3.37,5.18,,
2018-12-17,1.57,-4.09,,
2018-12-18,3.46,-3.34,,
2018-12-19,-3.47,-0.80,,
2018-12-20,-3.39,6.38,,
2018-12-21,4.08,10.09,,
2018-12-22,8.08,-2.17,,
2018-12-23,-1.22,-3.54,,
2018-12-24,-3.29,-4.70,,
2018-12-25,-7.04,-4.57,,
2018-12-26,-8.80,-3.74,,
2018-12-27,-12.04,0.21,,
2018-12-28,-11.55,3.75,,
2018-12-29,-7.99,4.80,,
2018-12-30,-6.01,0.84,,
2018-12-31,-7.89,0.69,,
2019-01-01,-6.61,0.93,,
2019-01-02,-6.82,0.60,,
2019-01-03,-5.93,3.02,,
2019-01-04,-3.46,4.12,,
2019-01-05,2.71,4.88,,
2019-01-06,-0.93,-4.37,,
2019-01-07,-5.13,-3.59,,
2019-01-08,-6.15,0.21,,
2019-01-09,4.44,-1.62,,
2019-01-10,3.62,-5.57,,
2019-01-11,-2.90,-5.02,,
2019-01-12,-7.61,-1.62,,
2019-01-13,-6.80,1.32,,
2019-01-14,1.07,2.29,,
2019-01-15,1.22,-4.24,,
2019-01-16,0.84,-5.30,,
2019-01-17,-3.82,-5.46,,
2019-01-18,-2.99,-5.40,,
2019-01-19,-5.16,-1.68,,
2019-01-20,2.69,7.82,,
2019-01-21,3.52,-7.55,,
2019-01-22,-8.68,-5.22,,
2019-01-23,-11.87,1.04,,
2019-01-24,-6.53,7.78,,
2019-01-25,0.44,6.31,,
2019-01-26,-4.57,-4.26,,
2019-01-27,-6.26,4.38,,
2019-01-28,6.65,7.65,,
2019-01-29,-0.22,-4.14,,
2019-01-30,2.45,-5.02,,
2019-01-31,-5.99,-3.89,,
2019-02-01,-9.59,-1.35,,
2019-02-02,-9.88,-1.39,,
2019-02-03,-4.44,3.47,,
2019-02-04,3.14,-3.03,,
2019-02-05,0.64,-6.11,,
2019-02-06,-3.19,-5.53,,
2019-02-07,-6.05,-3.08,,
2019-02-08,-6.55,-1.75,,
2019-02-09,-6.78,-3.92,,
2019-02-10,-10.09,-2.70,,
2019-02-11,-9.43,0.66,,
2019-02-12,-7.28,2.94,,
2019-02-13,-3.19,5.75,,
2019-02-14,-2.65,-2.84,,
2019-02-15,-1.49,-3.51,,
2019-02-16,1.90,1.77,,
2019-02-17,-0.58,3.30,,
2019-02-18,-4.23,3.07,,
2019-02-19,-6.70,-0.00,,
2019-02-20,-9.27,2.83,,
2019-02-21,-7.39,3.60,,
2019-02-22,-7.33,3.11,,
2019-02-23,-7.09,2.30,,
2019-02-24,-3.24,4.63,,
2019-02-25,-1.63,3.20,,
2019-02-26,-7.59,-1.89,,
2019-02-27,-5.81,4.70,,
2019-02-28,0.84,6.84,,
2019-03-01,-1.89,-0.58,,
2019-03-02,-3.92,1.51,,
2019-03-03,-4.98,3.11,,
2019-03-04,-0.44,6.23,,
2019-03-05,1.36,3.19,,
2019-03-06,1.94,-7.78,,
2019-03-07,-4.90,-5.84,,
2019-03-08,-8.70,-1.38,,
2019-03-09,-8.54,0.75,,
2019-03-10,-7.52,0.13,,
2019-03-11,-5.23,1.60,,
2019-03-12,-0.59,2.38,,
2019-03-13,-7.05,-5.12,,
2019-03-14,-8.19,-1.59,,
2019-03-15,-6.60,-0.00,,
2019-03-16,-3.33,1.41,,
2019-03-17,-2.90,1.96,,
2019-03-18,0.99,2.34,,
2019-03-19,-1.11,3.05,,
2019-03-20,3.17,-2.85,,
2019-03-21,-1.56,-3.68,,
2019-03-22,2.67,-4.12,,
2019-03-23,-2.62,-3.47,,
2019-03-24,-7.94,-1.83,,
2019-03-25,-7.49,0.26,,
2019-03-26,-3.14,-2.37,,
2019-03-27,3.06,2.48,,
2019-03-28,2.49,-8.68,,
2019-03-29,-5.74,-7.62,,
2019-03-30,-6.92,-3.23,,
2019-03-31,-2.97,0.74,,
2019-04-01,-2.72,1.45,,
2019-04-02,-2.37,3.27,,
2019-04-03,-2.09,-0.18,,
2019-04-04,-6.80,-0.71,,
2019-04-05,-8.13,1.29,,
2019-04-06,-5.44,1.26,,
2019-04-07,-6.82,-0.24,,
2019-04-08,-6.67,1.42,,
2019-04-09,-3.71,5.94,,
2019-04-10,3.06,6.88,,
2019-04-11,2.13,3.04,,
2019-04-12,-4.86,2.47,,
2019-04-13,-6.45,2.10,,
2019-04-14,-5.95,5.17,,
2019-04-15,-1.95,6.39,,
2019-04-16,-2.25,-4.24,,
2019-04-17,-5.89,-3.27,,
2019-04-18,-6.69,1.92,,
2019-04-19,-6.50,7.22,,
2019-04-20,-2.32,8.66,,
2019-04-21,4.41,-1.69,,
2019-04-22,-2.19,-6.35,,
2019-04-23,-2.66,-5.21,,
2019-04-24,-4.85,-1.86,,
2019-04-25,-4.64,0.16,,
2019-04-26,-1.89,6.18,,
2019-04-27,2.00,3.77,,
2019-04-28,-2.65,1.59,,
2019-04-29,-6.02,0.42,,
2019-04-30,-9.58,-1.69,,
2019-05-01,-10.38,-0.18,,
2019-05-02,-6.67,4.50,,
2019-05-03,-6.25,3.75,,
2019-05-04,-4.48,4.33,,
2019-05-05,-3.79,5.22,,
2019-05-06,-3.11,4.28,,
2019-05-07,-4.21,0.67,,
2019-05-08,-4.41,-0.15,,
2019-05-09,-4.62,0.73,,
2019-05-10,-4.75,0.67,,
2019-05-11,-5.07,2.47,,
2019-05-12,-4.05,4.66,,
2019-05-13,0.38,5.49,,
2019-05-14,3.91,3.91,,
2019-05-15,4.28,0.37,,
2019-05-16,-2.46,0.30,,
2019-05-17,-4.96,-0.70,,
2019-05-18,-3.95,1.52,,
2019-05-19,-5.39,0.66,,
2019-05-20,-5.64,-0.59,,
2019-05-21,-3.54,-0.69,,
2019-05-22,-5.20,-2.54,,
2019-05-23,-7.27,-5.09,,
2019-05-24,-7.28,-4.55,,
2019-05-25,-6.87,-3.50,,
2019-05-26,-7.27,-3.24,,
2019-05-27,-6.17,-2.13,,
2019-05-28,-5.09,-0.18,,
2019-05-29,-5.23,0.46,,
2019-05-30,-6.13,0.54,,
2019-05-31,-5.83,1.78,,
2019-06-01,-2.86,3.79,,
2019-06-02,-1.58,4.34,,
2019-06-03,-2.47,4.45,,
2019-06-04,-3.15,2.55,,
2019-06-05,-4.92,-0.00,,
2019-06-06,-3.97,0.56,,
2019-06-07,-2.51,2.34,,
2019-06-08,-0.93,3.03,,
2019-06-09,-2.28,1.98,,
2019-06-10,-3.03,2.20,,
2019-06-11,-2.41,1.69,,
2019-06-12,-2.70,2.60,,
2019-06-13,-2.48,3.82,,
2019-06-14,-3.39,3.16,,
2019-06-15,-5.13,1.97,,
2019-06-16,-5.96,2.41,,
2019-06-17,-5.67,3.41,,
2019-06-18,-4.41,4.11,,
2019-06-19,-2.62,4.54,,
2019-06-20,-2.89,3.70,,
2019-06-21,-1.16,2.87,,
2019-06-22,-1.82,0.97,,
2019-06-23,-1.33,0.87,,
2019-06-24,-0.79,1.77,,
2019-06-25,-1.39,1.54,,
2019-06-26,-1.57,-0.45,,
2019-06-27,-3.90,-0.00,,
2019-06-28,-6.42,1.96,,
2019-06-29,-6.24,1.91,,
2019-06-30,-3.24,3.13,,
2019-07-01,2.46,0.75,,
2019-07-02,2.11,-2.11,,
2019-07-03,-2.20,-0.55,,
2019-07-04,-3.93,1.43,,
2019-07-05,-5.14,3.73,,
2019-07-06,-5.70,3.84,,
2019-07-07,-5.31,4.45,,
2019-07-08,-3.48,5.57,,
2019-07-09,-2.81,5.29,,
2019-07-10,-3.07,4.92,,
2019-07-11,-3.65,3.07,,
2019-07-12,-4.44,2.26,,
2019-07-13,-5.65,1.41,,
2019-07-14,-6.18,-0.76,,
2019-07-15,-5.35,0.85,,
2019-07-16,-4.97,1.52,,
2019-07-17,-5.19,1.39,,
2019-07-18,-5.69,1.00,,
2019-07-19,-5.41,2.41,,
2019-07-20,-5.36,1.64,,
2019-07-21,-5.40,-0.28,,
2019-07-22,-6.75,3.01,,
2019-07-23,-3.41,5.26,,
2019-07-24,0.10,5.62,,
2019-07-25,1.23,3.57,,
2019-07-26,-3.30,1.83,,
2019-07-27,-4.42,1.79,,
2019-07-28,-3.94,-0.69,,
2019-07-29,-3.60,-0.25,,
2019-07-30,-4.61,1.06,,
2019-07-31,-6.40,0.90,,
2019-08-01,-7.08,1.12,,
2019-08-02,-5.87,4.11,,
2019-08-03,-2.79,5.72,,
2019-08-04,-2.35,3.48,,
2019-08-05,-2.86,3.94,,
2019-08-06,-3.67,4.37,,
2019-08-07,-3.86,3.73,,
2019-08-08,-2.12,3.39,,
2019-08-09,-0.11,3.25,,
2019-08-10,-0.00,2.87,,
2019-08-11,-0.37,3.02,,
2019-08-12,-1.37,3.08,,
2019-08-13,-2.64,3.77,,
2019-08-14,-2.99,4.11,,
2019-08-15,-1.76,4.59,,
2019-08-16,-3.72,3.85,,
2019-08-17,-3.05,2.13,,
2019-08-18,-5.85,-0.72,,
2019-08-19,-6.32,0.44,,
2019-08-20,-6.11,1.75,,
2019-08-21,-6.01,0.63,,
2019-08-22,-6.68,4.01,,
2019-08-23,-4.81,5.34,,
2019-08-24,-3.65,5.83,,
2019-08-25,0.10,5.83,,
2019-08-26,1.81,3.41,,
2019-08-27,3.95,-0.35,,
2019-08-28,1.72,-2.55,,
2019-08-29,-2.57,3.06,,
2019-08-30,-5.67,2.41,,
2019-08-31,-0.92,-5.22,,
2019-09-01,12.12,5.91,,
2019-09-02,1.03,11.82,,
2019-09-03,1.54,12.53,,
2019-09-04,1.44,9.11,,
2019-09-05,0.76,5.39,,
2019-09-06,0.67,4.26,,
2019-09-07,-0.43,3.09,,
2019-09-08,-4.14,1.93,,
2019-09-09,-6.42,-0.79,,
2019-09-10,-7.21,-3.99,,
2019-09-11,-8.18,-4.72,,
2019-09-12,-8.50,-3.44,,
2019-09-13,-8.31,-5.40,,
2019-09-14,5.92,5.14,,
2019-09-15,1.32,6.79,,
2019-09-16,4.14,5.70,,
2019-09-17,6.12,-1.41,,
2019-09-18,-0.71,-6.73,,
2019-09-19,-6.31,-6.53,,
2019-09-20,-9.37,-3.60,,
2019-09-21,-10.45,-3.40,,
2019-09-22,-9.75,-4.76,,
2019-09-23,-6.47,-4.53,,
2019-09-24,-2.68,-5.76,,
2019-09-25,-3.80,-4.86,,
2019-09-26,-5.28,-2.69,,
2019-09-27,-6.19,-0.76,,
2019-09-28,-5.53,-0.88,,
2019-09-29,-6.64,-5.18,,
2019-09-30,-7.89,-5.32,,
2019-10-01,-6.48,-3.30,,
2019-10-02,-5.72,-1.43,,
2019-10-03,-4.56,-2.03,,
2019-10-04,-2.86,-0.61,,
2019-10-05,-4.65,-2.07,,
2019-10-06,-5.87,-1.68,,
2019-10-07,-2.88,4.60,,
2019-10-08,-1.34,5.39,,
2019-10-09,0.33,3.75,,
2019-10-10,1.34,-1.49,,
2019-10-11,-2.36,-2.91,,
2019-10-12,-6.99,-3.11,,
2019-10-13,-6.30,-2.94,,
2019-10-14,-5.97,-1.82,,
2019-10-15,-4.53,-2.21,,
2019-10-16,-2.93,0.73,,
2019-10-17,3.70,1.65,,
2019-10-18,1.75,1.14,,
2019-10-19,-4.09,3.81,,
2019-10-20,-2.78,5.45,,
2019-10-21,-3.05,2.30,,
2019-10-22,-3.61,0.83,,
2019-10-23,-4.87,-0.34,,
2019-10-24,-7.77,-2.83,,
2019-10-25,-8.78,-0.46,,
2019-10-26,-6.47,3.16,,
2019-10-27,-5.07,2.26,,
2019-10-28,-5.79,0.10,,
2019-10-29,-6.46,-1.49,,
2019-10-30,-6.00,-2.07,,
2019-10-31,-5.95,0.10,,
2019-11-01,-4.76,0.08,,
2019-11-02,-6.37,-0.89,,
2019-11-03,-4.13,-0.51,,
2019-11-04,-6.02,-1.06,,
2019-11-05,-6.67,-1.66,,
2019-11-06,-6.89,-2.11,,
2019-11-07,-6.33,-2.18,,
2019-11-08,-3.16,-0.61,,
2019-11-09,-1.09,-5.13,,
2019-11-10,-5.40,-6.67,,
2019-11-11,-8.01,-2.60,,
2019-11-12,-5.03,-0.44,,
2019-11-13,-0.31,-2.52,,
2019-11-14,-4.60,-2.05,,
2019-11-15,-3.91,3.17,,
2019-11-16,4.84,2.79,,
2019-11-17,7.26,-3.39,,
2019-11-18,6.09,-1.30,,
2019-11-19,5.35,-1.04,,
2019-11-20,1.76,-6.15,,
2019-11-21,-4.09,-6.54,,
2019-11-22,-6.38,-3.11,,
2019-11-23,-4.75,0.50,,
2019-11-24,-0.07,4.18,,
2019-11-25,2.67,0.92,,
2019-11-26,0.45,-2.11,,
2019-11-27,-4.84,-0.34,,
2019-11-28,-1.57,-4.31,,
2019-11-29,-0.71,-8.17,,
2019-11-30,-3.58,-5.31,,
2019-12-01,-4.57,0.72,,
2019-12-02,4.38,4.87,,
2019-12-03,6.48,-3.30,,
2019-12-04,7.45,0.39,,
2019-12-05,3.40,-3.06,,
2019-12-06,-3.58,-1.90,,
2019-12-07,-1.20,-3.31,,
2019-12-08,-4.28,-4.59,,
2019-12-09,-7.12,1.26,,
2019-12-10,-7.86,2.86,,
2019-12-11,-6.38,1.95,,
2019-12-12,-7.28,-2.65,,
2019-12-13,-8.02,2.61,,
2019-12-14,0.62,7.10,,
2019-12-15,-1.53,-4.21,,
2019-12-16,-9.39,-0.82,,
2019-12-17,-7.16,3.65,,
2019-12-18,-1.86,5.73,,
2019-12-19,-5.11,-7.04,,
2019-12-20,-11.87,-6.86,,
2019-12-21,-11.66,-4.24,,
2019-12-22,-9.35,-0.82,,
2019-12-23,-6.56,8.39,,
2019-12-24,9.38,1.15,,
2019-12-25,4.91,-7.28,,
2019-12-26,-7.89,-4.37,,
2019-12-27,-10.20,-1.25,,
2019-12-28,-10.33,0.90,,
2019-12-29,-8.92,1.10,,
2019-12-30,-5.41,4.08,,
2019-12-31,0.15,4.38,,
2020-01-01,0.39,-2.44,,
2020-01-02,-3.74,-1.14,,
2020-01-03,-5.65,3.53,,
2020-01-04,-2.92,5.73,,
2020-01-05,5.55,-6.61,,
2020-01-06,-4.19,-5.98,,
2020-01-07,-4.22,-2.85,,
2020-01-08,-2.18,-7.11,,
2020-01-09,-10.53,-4.69,,
2020-01-10,-13.56,-1.66,,
2020-01-11,-12.79,2.49,,
2020-01-12,-9.93,2.47,,
2020-01-13,-8.96,1.10,,
2020-01-14,-8.80,1.55,,
2020-01-15,-6.72,-0.83,,
2020-01-16,-5.62,-1.51,,
2020-01-17,-4.64,-4.64,,
2020-01-18,-11.68,-3.13,,
2020-01-19,-5.66,3.27,,
2020-01-20,1.89,2.60,,
2020-01-21,2.92,-4.50,,
2020-01-22,9.66,-6.04,,
2020-01-23,-5.31,-9.20,,
2020-01-24,-6.46,-1.97,,
2020-01-25,-2.11,-1.53,,
2020-01-26,1.35,-3.03,,
2020-01-27,0.42,2.14,,
2020-01-28,5.05,1.74,,
2020-01-29,-2.99,-1.87,,
2020-01-30,4.21,4.85,,
2020-01-31,-2.73,-0.83,,
2020-02-01,0.54,5.11,,
2020-02-02,8.18,-5.11,,
2020-02-03,0.24,-3.50,,
2020-02-04,-3.97,1.45,,
2020-02-05,-4.17,3.62,,
2020-02-06,-4.70,6.96,,
2020-02-07,0.29,8.43,,
2020-02-08,-3.21,-3.70,,
2020-02-09,-7.59,-5.72,,
2020-02-10,-10.63,-2.65,,
2020-02-11,-7.21,2.48,,
2020-02-12,-6.25,2.92,,
2020-02-13,-5.78,4.68,,
2020-02-14,-3.17,4.20,,
2020-02-15,-3.08,0.16,,
2020-02-16,-5.87,-0.51,,
2020-02-17,-4.73,2.11,,
2020-02-18,-7.39,1.57,,
2020-02-19,-6.34,2.31,,
2020-02-20,-5.07,2.15,,
2020-02-21,4.69,3.80,,
2020-02-22,-3.68,-10.12,,
2020-02-23,-7.03,-6.55,,
2020-02-24,-8.05,-0.56,,
2020-02-25,-5.33,5.52,,
2020-02-26,-2.84,7.04,,
2020-02-27,5.94,3.57,,
2020-02-28,1.51,-6.06,,
2020-02-29,4.76,-5.47,,
2020-03-01,-2.19,-8.78,,
2020-03-02,-8.72,0.30,,
2020-03-03,-6.00,4.86,,
2020-03-04,-3.83,4.26,,
2020-03-05,-2.52,5.17,,
2020-03-06,1.32,5.71,,
2020-03-07,0.35,-9.93,,
2020-03-08,-8.51,-9.13,,
2020-03-09,-13.00,-3.24,,
2020-03-10,-11.30,-1.19,,
2020-03-11,-8.76,-1.70,,
2020-03-12,-7.10,-2.31,,
2020-03-13,-6.51,-2.24,,
2020-03-14,-5.94,-1.26,,
2020-03-15,-5.36,-1.95,,
2020-03-16,-4.61,-2.66,,
2020-03-17,-3.71,-2.69,,
2020-03-18,-5.88,-1.80,,
2020-03-19,-8.71,-0.76,,
2020-03-20,-8.86,0.46,,
2020-03-21,-6.38,-0.00,,
2020-03-22,-6.43,0.56,,
2020-03-23,-6.21,0.65,,
2020-03-24,-3.63,2.27,,
2020-03-25,-1.05,4.94,,
2020-03-26,4.67,0.57,,
2020-03-27,-4.44,-4.14,,
2020-03-28,-6.71,0.12,,
2020-03-29,-5.26,1.71,,
2020-03-30,-3.72,1.43,,
2020-03-31,-0.16,4.59,,
2020-04-01,6.82,4.26,,
2020-04-02,0.20,-5.59,,
2020-04-03,-0.06,-3.41,,
2020-04-04,0.95,-2.60,,
2020-04-05,-1.85,0.19,,
2020-04-06,-5.11,0.63,,
2020-04-07,-5.37,0.28,,
2020-04-08,-1.81,3.02,,
2020-04-09,4.18,4.33,,
2020-04-10,5.21,3.01,,
2020-04-11,-3.79,-3.29,,
2020-04-12,-8.30,1.17,,
2020-04-13,-7.63,5.14,,
2020-04-14,-4.88,4.24,,
2020-04-15,-4.02,5.15,,
2020-04-16,-1.12,5.74,,
2020-04-17,-4.84,0.08,,
2020-04-18,-2.69,4.85,,
2020-04-19,0.16,4.50,,
2020-04-20,-0.38,7.30,,
2020-04-21,5.74,3.18,,
2020-04-22,-0.85,-4.00,,
2020-04-23,-7.45,1.72,,
2020-04-24,-3.84,7.53,,
2020-04-25,-1.93,5.29,,
2020-04-26,-2.55,5.47,,
2020-04-27,2.85,3.40,,
2020-04-28,-5.22,-5.41,,
2020-04-29,-9.04,-0.63,,
2020-04-30,-4.51,6.45,,
2020-05-01,2.01,4.50,,
2020-05-02,-3.02,-5.23,,
2020-05-03,-5.26,-3.16,,
2020-05-04,-3.61,-0.97,,
2020-05-05,-3.10,0.77,,
2020-05-06,-1.16,4.67,,
2020-05-07,6.45,0.68,,
2020-05-08,-5.36,-4.34,,
2020-05-09,-3.15,0.73,,
2020-05-10,-7.36,-3.28,,
2020-05-11,-6.27,1.68,,
2020-05-12,-5.18,-5.95,,
2020-05-13,-9.66,-4.51,,
2020-05-14,-11.37,-3.26,,
2020-05-15,-9.21,3.54,,
2020-05-16,0.34,6.54,,
2020-05-17,-1.33,5.76,,
2020-05-18,-2.30,3.98,,
2020-05-19,-1.88,3.25,,
2020-05-20,-0.71,2.84,,
2020-05-21,-3.97,0.92,,
2020-05-22,-6.72,-0.12,,
2020-05-23,-7.53,0.13,,
2020-05-24,-7.86,0.55,,
2020-05-25,-8.39,2.56,,
2020-05-26,-6.20,4.18,,
2020-05-27,-4.81,2.35,,
2020-05-28,-6.01,0.10,,
2020-05-29,-7.99,0.98,,
2020-05-30,-6.98,0.37,,
2020-05-31,-4.36,-0.30,,
2020-06-01,-2.05,-0.87,,
2020-06-02,-6.70,-1.80,,
2020-06-03,-7.17,1.39,,
2020-06-04,-5.88,3.13,,
2020-06-05,-6.04,3.77,,
2020-06-06,-5.41,4.54,,
2020-06-07,-4.10,4.55,,
2020-06-08,-2.92,2.72,,
2020-06-09,-2.91,0.36,,
2020-06-10,-4.36,-2.13,,
2020-06-11,-7.02,-1.36,,
2020-06-12,-7.28,0.25,,
2020-06-13,-5.80,1.34,,
2020-06-14,-5.76,1.54,,
2020-06-15,-3.46,1.61,,
2020-06-16,1.16,3.18,,
2020-06-17,-3.58,-0.44,,
2020-06-18,-5.66,1.95,,
2020-06-19,-5.55,2.24,,
2020-06-20,-3.74,1.51,,
2020-06-21,-3.24,1.72,,
2020-06-22,-3.47,1.92,,
2020-06-23,-3.55,1.58,,
2020-06-24,-3.04,1.90,,
2020-06-25,-5.47,0.87,,
2020-06-26,-5.98,-0.31,,
2020-06-27,-5.69,-1.11,,
2020-06-28,-4.26,-0.52,,
2020-06-29,-2.52,0.44,,
2020-06-30,-0.96,1.73,,
2020-07-01,-1.66,2.66,,
2020-07-02,-2.20,2.36,,
2020-07-03,-0.05,3.06,,
2020-07-04,1.09,2.44,,
2020-07-05,-0.57,2.46,,
2020-07-06,-3.47,1.77,,
2020-07-07,-4.48,1.20,,
2020-07-08,-3.92,1.66,,
2020-07-09,-1.45,2.32,,
2020-07-10,1.05,3.91,,
2020-07-11,1.56,5.09,,
2020-07-12,-1.44,5.76,,
2020-07-13,-1.20,5.20,,
2020-07-14,-0.79,2.57,,
2020-07-15,-3.09,-0.49,,
2020-07-16,-5.73,-0.70,,
2020-07-17,-7.43,-0.52,,
2020-07-18,-6.72,-0.47,,
2020-07-19,-6.97,-0.37,,
2020-07-20,-7.84,0.82,,
2020-07-21,-7.64,0.80,,
2020-07-22,-7.49,1.73,,
2020-07-23,-8.45,1.64,,
2020-07-24,-7.84,0.96,,
2020-07-25,-8.07,2.94,,
2020-07-26,-4.98,2.32,,
2020-07-27,-4.43,0.54,,
2020-07-28,-4.60,0.32,,
2020-07-29,-5.44,0.29,,
2020-07-30,-6.49,-1.38,,
2020-07-31,-9.24,-2.30,,
2020-08-01,-13.18,5.06,,
2020-08-02,-7.00,8.65,,
2020-08-03,-4.94,5.30,,
2020-08-04,-3.56,4.10,,
2020-08-05,-3.61,2.93,,
2020-08-06,-2.80,1.25,,
2020-08-07,-2.00,-1.20,,
2020-08-08,-2.22,-0.19,,
2020-08-09,-3.10,0.38,,
2020-08-10,-3.74,-0.07,,
2020-08-11,-4.35,0.08,,
2020-08-12,-5.49,1.27,,
2020-08-13,-5.70,1.42,,
2020-08-14,-5.01,1.53,,
2020-08-15,-3.58,0.83,,
2020-08-16,-3.40,1.73,,
2020-08-17,-3.55,0.82,,
2020-08-18,-2.73,1.16,,
2020-08-19,-2.74,3.78,,
2020-08-20,-3.18,4.38,,
2020-08-21,-4.60,3.86,,
2020-08-22,-6.61,1.77,,
2020-08-23,-10.51,0.55,,
2020-08-24,-9.64,4.29,,
2020-08-25,-7.94,-0.00,,
2020-08-26,-5.85,0.82,,
2020-08-27,-4.15,2.91,,
2020-08-28,-2.36,2.12,,
2020-08-29,-1.77,2.11,,
2020-08-30,-0.85,2.21,,
2020-08-31,-2.55,2.93,,
2020-09-01,-5.35,1.04,,
2020-09-02,-7.17,-0.00,,
2020-09-03,-6.45,0.34,,
2020-09-04,-5.77,0.10,,
2020-09-05,-5.60,-0.29,,
2020-09-06,-5.02,-0.98,,
2020-09-07,-3.58,0.63,,
2020-09-08,-2.23,3.07,,
2020-09-09,-2.82,0.60,,
2020-09-10,-4.26,0.30,,
2020-09-11,-4.17,4.96,,
2020-09-12,-5.78,3.61,,
2020-09-13,-5.21,1.01,,
2020-09-14,-3.79,0.47,,
2020-09-15,-3.23,-0.00,,
2020-09-16,-4.54,0.48,,
2020-09-17,-2.88,2.33,,
2020-09-18,-0.98,3.02,,
2020-09-19,-0.11,1.62,,
2020-09-20,1.61,-0.75,,
2020-09-21,-3.66,-5.64,,
2020-09-22,-7.30,-7.05,,
2020-09-23,-6.99,-3.41,,
2020-09-24,-7.55,0.93,,
2020-09-25,-3.77,3.64,,
2020-09-26,-2.91,2.35,,
2020-09-27,-2.17,-0.04,,
2020-09-28,-3.57,1.09,,
2020-09-29,-4.94,3.09,,
2020-09-30,-2.79,4.65,,
2020-10-01,-2.58,4.29,,
2020-10-02,-2.53,3.75,,
2020-10-03,-6.52,3.77,,
2020-10-04,-7.77,3.30,,
2020-10-05,-7.22,2.35,,
2020-10-06,-8.07,2.78,,
2020-10-07,-6.37,2.70,,
2020-10-08,-5.81,0.30,,
2020-10-09,-6.13,0.11,,
2020-10-10,-5.35,2.72,,
2020-10-11,-2.95,2.47,,
2020-10-12,-1.79,1.40,,
2020-10-13,-1.72,0.21,,
2020-10-14,-2.99,-2.17,,
2020-10-15,-5.45,-0.00,,
2020-10-16,-4.17,1.85,,
2020-10-17,-4.76,-1.55,,
2020-10-18,-6.93,-1.47,,
2020-10-19,-8.89,-1.89,,
2020-10-20,-9.55,-1.17,,
2020-10-21,-9.46,0.83,,
2020-10-22,-8.49,-0.30,,
2020-10-23,-6.42,0.11,,
2020-10-24,-5.40,2.40,,
2020-10-25,-5.40,5.04,,
2020-10-26,-2.66,2.95,,
2020-10-27,-4.61,-0.00,,
2020-10-28,-7.49,-0.52,,
2020-10-29,-5.61,2.86,,
2020-10-30,-2.30,2.74,,
2020-10-31,-5.24,-3.03,,
2020-11-01,-6.47,-0.57,,
2020-11-02,-3.43,-3.55,,
2020-11-03,-10.00,-9.00,,
2020-11-04,-11.55,-5.38,,
2020-11-05,-10.93,-2.72,,
2020-11-06,-9.40,-1.32,,
2020-11-07,-10.72,-0.94,,
2020-11-08,-13.48,2.38,,
2020-11-09,-9.14,6.89,,
2020-11-10,-8.10,5.06,,
2020-11-11,-8.66,6.52,,
2020-11-12,-6.15,4.63,,
2020-11-13,-3.97,3.70,,
2020-11-14,-4.30,1.48,,
2020-11-15,-5.52,0.68,,
2020-11-16,-6.11,-0.21,,
2020-11-17,-4.92,-2.96,,
2020-11-18,-7.02,-7.53,,
2020-11-19,-10.13,-8.20,,
2020-11-20,-10.25,-5.22,,
2020-11-21,-9.03,-5.01,,
2020-11-22,-6.95,-3.54,,
2020-11-23,-1.33,-4.63,,
2020-11-24,-5.04,-6.45,,
2020-11-25,-9.34,-3.22,,
2020-11-26,-7.07,-1.50,,
2020-11-27,-4.92,-2.29,,
2020-11-28,-3.20,-2.08,,
2020-11-29,-3.90,-0.14,,
2020-11-30,-0.11,6.14,,
2020-12-01,5.66,-5.28,,
2020-12-02,-3.38,-8.81,,
2020-12-03,-5.42,-4.88,,
2020-12-04,-6.60,-0.58,,
2020-12-05,0.85,2.98,,
2020-12-06,1.55,-1.98,,
2020-12-07,2.70,7.04,,
2020-12-08,8.09,-4.48,,
2020-12-09,4.28,-4.28,,
2020-12-10,0.54,-3.40,,
2020-12-11,-5.72,-2.20,,
2020-12-12,-6.81,0.60,,
2020-12-13,-1.89,0.17,,
2020-12-14,-1.47,2.65,,
2020-12-15,-0.07,0.98,,
2020-12-16,-2.35,3.12,,
2020-12-17,0.17,4.76,,
2020-12-18,0.50,-5.76,,
2020-12-19,-5.25,-4.73,,
2020-12-20,-5.85,0.41,,
2020-12-21,-0.56,6.44,,
2020-12-22,-0.91,-6.46,,
2020-12-23,-7.42,-3.78,,
2020-12-24,-7.60,4.57,,
2020-12-25,4.03,8.26,,
2020-12-26,0.77,-8.79,,
2020-12-27,-4.85,-4.37,,
2020-12-28,-6.41,-5.57,,
2020-12-29,-7.86,-6.37,,
2020-12-30,-11.00,-2.95,,
2020-12-31,-10.51,2.62,,
2021-01-01,-9.14,4.07,,
2021-01-02,-6.09,4.26,,
2021-01-03,-2.63,4.38,,
2021-01-04,1.82,2.25,,
2021-01-05,3.30,-2.87,,
2021-01-06,1.41,-4.90,,
2021-01-07,0.10,2.84,,
2021-01-08,2.13,6.56,,
2021-01-09,8.46,-2.27,,
2021-01-10,0.69,-4.35,,
2021-01-11,-4.68,0.99,,
2021-01-12,-2.93,1.24,,
2021-01-13,-3.23,-1.64,,
2021-01-14,-0.57,-2.95,,
2021-01-15,-2.79,2.79,,
2021-01-16,7.67,1.63,,
2021-01-17,3.46,-1.99,,
2021-01-18,3.17,-3.91,,
2021-01-19,-3.72,-5.52,,
2021-01-20,-4.19,-4.65,,
2021-01-21,-2.64,-3.14,,
2021-01-22,1.64,0.91,,
2021-01-23,2.18,-0.04,,
2021-01-24,0.42,-2.14,,
2021-01-25,-7.20,1.14,,
2021-01-26,-3.17,5.49,,
2021-01-27,-2.06,4.86,,
2021-01-28,6.84,-2.09,,
2021-01-29,-2.42,-9.02,,
2021-01-30,-4.48,-4.18,,
2021-01-31,-6.69,3.26,,
2021-02-01,3.70,9.16,,
2021-02-02,14.34,-1.51,,
2021-02-03,9.06,-3.30,,
2021-02-04,1.59,-4.15,,
2021-02-05,-3.21,4.11,,
2021-02-06,-3.15,4.67,,
2021-02-07,-1.88,7.01,,
2021-02-08,-2.37,2.73,,
2021-02-09,-5.09,1.56,,
2021-02-10,-5.38,0.09,,
2021-02-11,-6.61,2.15,,
2021-02-12,-5.02,4.52,,
2021-02-13,-4.42,5.08,,
2021-02-14,-4.68,6.44,,
2021-02-15,-3.52,5.21,,
2021-02-16,-2.75,6.17,,
2021-02-17,-5.03,5.03,,
2021-02-18,-6.31,5.68,,
2021-02-19,-4.18,5.54,,
2021-02-20,-0.43,4.87,,
2021-02-21,-9.38,-8.75,,
2021-02-22,-10.21,-0.00,,
2021-02-23,-2.82,6.05,,
2021-02-24,-3.93,-0.48,,
2021-02-25,-3.93,1.05,,
2021-02-26,-5.28,1.12,,
2021-02-27,-7.27,1.95,,
2021-02-28,-8.56,2.13,,
2021-03-01,-6.00,3.75,,
2021-03-02,-2.31,3.18,,
2021-03-03,1.50,5.59,,
2021-03-04,6.47,-2.48,,
2021-03-05,1.88,-7.00,,
2021-03-06,-4.46,-2.17,,
2021-03-07,7.32,-0.77,,
2021-03-08,-4.17,-9.83,,
2021-03-09,-9.11,-5.47,,
2021-03-10,-9.94,-3.42,,
2021-03-11,-9.81,-3.77,,
2021-03-12,-9.10,-4.64,,
2021-03-13,-6.28,-3.93,,
2021-03-14,-3.78,-1.68,,
2021-03-15,-2.41,-1.50,,
2021-03-16,-6.28,1.11,,
2021-03-17,-5.15,4.17,,
2021-03-18,-3.90,5.00,,
2021-03-19,0.75,6.08,,
2021-03-20,1.08,4.35,,
2021-03-21,0.78,3.66,,
2021-03-22,3.06,3.40,,
2021-03-23,1.89,-0.20,,
2021-03-24,-3.16,2.47,,
2021-03-25,-4.88,2.71,,
2021-03-26,-6.07,2.09,,
2021-03-27,-6.42,1.25,,
2021-03-28,-6.31,2.94,,
2021-03-29,-4.30,2.10,,
2021-03-30,-6.94,1.35,,
2021-03-31,-7.41,2.27,,
2021-04-01,-3.48,4.15,,
2021-04-02,-0.13,-7.23,,
2021-04-03,-5.43,-10.22,,
2021-04-04,-6.67,-6.44,,
2021-04-05,-5.19,-3.63,,
2021-04-06,-4.49,-2.09,,
2021-04-07,-3.56,-1.74,,
2021-04-08,-3.62,0.25,,
2021-04-09,-3.88,1.26,,
2021-04-10,-4.04,4.49,,
2021-04-11,-1.14,7.18,,
2021-04-12,3.94,6.06,,
2021-04-13,0.99,-5.63,,
2021-04-14,-2.61,-6.15,,
2021-04-15,-3.65,-0.32,,
2021-04-16,2.31,3.56,,
2021-04-17,1.78,5.18,,
2021-04-18,1.03,3.84,,
2021-04-19,-0.79,5.60,,
2021-04-20,-0.47,3.82,,
2021-04-21,-0.76,4.83,,
2021-04-22,1.53,2.18,,
2021-04-23,-5.48,-2.44,,
2021-04-24,-7.33,1.29,,
2021-04-25,-0.88,6.27,,
2021-04-26,-3.47,-1.77,,
2021-04-27,-7.99,-4.99,,
2021-04-28,-8.20,-1.30,,
2021-04-29,-6.61,2.94,,
2021-04-30,-3.76,3.89,,
2021-05-01,0.29,3.32,,
2021-05-02,-2.48,3.54,,
2021-05-03,-4.34,4.65,,
2021-05-04,-4.42,4.13,,
2021-05-05,-3.61,3.61,,
2021-05-06,-2.73,3.14,,
2021-05-07,0.89,4.55,,
2021-05-08,-3.13,-2.72,,
2021-05-09,-6.21,-0.11,,
2021-05-10,-5.36,2.97,,
2021-05-11,-4.72,1.91,,
2021-05-12,-4.14,3.60,,
2021-05-13,-0.99,4.66,,
2021-05-14,0.87,-1.57,,
2021-05-15,-2.42,-4.19,,
2021-05-16,-5.89,-5.50,,
2021-05-17,-6.32,-4.43,,
2021-05-18,-8.74,-3.18,,
2021-05-19,-10.55,-2.44,,
2021-05-20,-10.90,-2.52,,
2021-05-21,-8.27,-4.21,,
2021-05-22,-8.57,-4.00,,
2021-05-23,-7.04,-2.84,,
2021-05-24,-5.86,-1.03,,
2021-05-25,-6.44,-1.37,,
2021-05-26,-5.63,-1.10,,
2021-05-27,-4.29,-0.30,,
2021-05-28,-4.64,1.16,,
2021-05-29,-3.93,3.18,,
2021-05-30,-3.95,3.68,,
2021-05-31,-4.84,1.39,,
2021-06-01,-7.03,-0.49,,
2021-06-02,-7.41,2.55,,
2021-06-03,-7.24,2.63,,
2021-06-04,-6.22,2.64,,
2021-06-05,-6.64,2.42,,
2021-06-06,-7.68,2.49,,
2021-06-07,-7.33,1.16,,
2021-06-08,-7.12,-0.00,,
2021-06-09,-6.26,0.22,,
2021-06-10,-5.28,1.51,,
2021-06-11,-3.72,2.51,,
2021-06-12,-1.20,4.46,,
2021-06-13,1.01,5.21,,
2021-06-14,1.15,4.29,,
2021-06-15,-1.41,4.92,,
2021-06-16,-2.22,3.55,,
2021-06-17,-3.17,2.47,,
2021-06-18,-4.26,1.63,,
2021-06-19,-5.21,1.59,,
2021-06-20,-4.89,5.24,,
2021-06-21,-4.03,4.47,,
2021-06-22,-4.95,4.30,,
2021-06-23,-4.03,3.50,,
2021-06-24,-5.72,1.11,,
2021-06-25,-6.66,0.12,,
2021-06-26,-6.41,-0.00,,
2021-06-27,-5.54,-0.88,,
2021-06-28,-5.09,1.08,,
2021-06-29,-6.94,1.86,,
2021-06-30,-6.61,0.81,,
2021-07-01,-4.61,4.45,,
2021-07-02,-2.78,5.71,,
2021-07-03,-0.11,6.11,,
2021-07-04,-3.47,4.14,,
2021-07-05,-3.89,4.80,,
2021-07-06,-6.04,3.92,,
2021-07-07,-5.96,4.33,,
2021-07-08,-5.14,4.31,,
2021-07-09,-5.10,2.06,,
2021-07-10,-5.46,1.46,,
2021-07-11,-6.40,1.84,,
2021-07-12,-7.93,1.98,,
2021-07-13,-7.73,1.22,,
2021-07-14,-6.77,-1.81,,
2021-07-15,-6.25,-0.99,,
2021-07-16,-5.16,0.09,,
2021-07-17,-4.97,1.71,,
2021-07-18,-6.01,1.28,,
2021-07-19,-6.09,2.34,,
2021-07-20,-4.46,3.61,,
2021-07-21,-3.65,3.65,,
2021-07-22,-3.83,2.49,,
2021-07-23,-3.53,2.66,,
2021-07-24,-1.81,3.89,,
2021-07-25,-3.23,2.71,,
2021-07-26,-3.38,2.11,,
2021-07-27,-1.31,2.57,,
2021-07-28,-2.13,2.20,,
2021-07-29,-3.33,3.33,,
2021-07-30,-3.58,3.71,,
2021-07-31,-3.76,3.27,,
2021-08-01,-3.56,3.32,,
2021-08-02,-2.60,4.50,,
2021-08-03,-4.19,4.19,,
2021-08-04,-5.10,4.13,,
2021-08-05,-4.50,4.34,,
2021-08-06,-5.18,3.37,,
2021-08-07,-4.88,1.22,,
2021-08-08,-4.10,1.18,,
2021-08-09,-5.50,0.58,,
2021-08-10,-6.16,0.11,,
2021-08-11,-6.46,-1.61,,
2021-08-12,-7.69,-0.94,,
2021-08-13,-7.57,2.91,,
2021-08-14,-7.07,3.00,,
2021-08-15,-7.50,0.13,,
2021-08-16,-5.44,3.96,,
2021-08-17,-6.85,1.58,,
2021-08-18,-5.54,1.28,,
2021-08-19,-3.16,-1.47,,
2021-08-20,-0.67,1.85,,
2021-08-21,-4.25,3.09,,
2021-08-22,-5.22,3.02,,
2021-08-23,-5.52,2.69,,
2021-08-24,-6.34,1.00,,
2021-08-25,-9.16,-2.63,,
2021-08-26,-6.94,1.22,,
2021-08-27,-6.63,1.17,,
2021-08-28,-4.74,1.36,,
2021-08-29,-3.06,-0.54,,
2021-08-30,-0.85,-3.19,,
2021-08-31,-2.12,-2.19,,
2021-09-01,-2.00,0.85,,
2021-09-02,-0.79,2.43,,
2021-09-03,0.24,2.76,,
2021-09-04,1.36,1.46,,
2021-09-05,0.61,2.00,,
2021-09-06,-0.31,1.45,,
2021-09-07,-1.31,0.14,,
2021-09-08,-1.34,-0.19,,
2021-09-09,1.55,0.53,,
2021-09-10,1.65,-0.57,,
2021-09-11,-3.48,-0.55,,
2021-09-12,-5.58,0.49,,
2021-09-13,-5.62,-0.20,,
2021-09-14,-4.18,-1.86,,
2021-09-15,-1.95,-1.31,,
2021-09-16,1.53,2.55,,
2021-09-17,-1.79,2.37,,
2021-09-18,-2.87,0.56,,
2021-09-19,-3.41,-0.30,,
2021-09-20,-5.32,0.09,,
2021-09-21,-5.72,-0.10,,
2021-09-22,-3.63,0.32,,
2021-09-23,-2.41,2.17,,
2021-09-24,-0.97,1.44,,
2021-09-25,-0.71,1.01,,
2021-09-26,-0.31,-1.93,,
2021-09-27,-3.37,-3.49,,
2021-09-28,-4.72,-4.10,,
2021-09-29,-2.23,-2.86,,
2021-09-30,-4.74,-2.01,,
2021-10-01,-6.88,-3.36,,
2021-10-02,-7.97,-3.38,,
2021-10-03,-7.30,-1.68,,
2021-10-04,-6.10,-1.30,,
2021-10-05,-3.51,1.71,,
2021-10-06,-5.17,4.34,,
2021-10-07,-6.78,2.20,,
2021-10-08,-5.06,-0.98,,
2021-10-09,-2.96,0.85,,
2021-10-10,-2.45,2.06,,
2021-10-11,-2.32,2.97,,
2021-10-12,-3.31,-0.41,,
2021-10-13,-3.28,-2.85,,
2021-10-14,-2.45,-3.77,,
2021-10-15,-1.83,-4.32,,
2021-10-16,0.75,-2.32,,
2021-10-17,3.47,-1.19,,
2021-10-18,-2.64,-5.94,,
2021-10-19,-5.80,-5.23,,
2021-10-20,-7.67,-3.58,,
2021-10-21,-8.58,-2.14,,
2021-10-22,-6.96,0.61,,
2021-10-23,-2.68,5.04,,
2021-10-24,-2.36,3.02,,
2021-10-25,-1.64,6.57,,
2021-10-26,5.36,3.22,,
2021-10-27,6.27,0.66,,
2021-10-28,3.34,2.34,,
2021-10-29,3.69,7.23,,
2021-10-30,6.64,6.64,,
2021-10-31,5.01,-2.55,,
2021-11-01,-1.39,-1.60,,
2021-11-02,-4.42,-2.87,,
2021-11-03,-3.90,-2.08,,
2021-11-04,-3.89,-1.42,,
2021-11-05,-4.42,1.10,,
2021-11-06,3.88,6.73,,
2021-11-07,7.93,-1.69,,
2021-11-08,3.89,-6.74,,
2021-11-09,-2.46,-6.77,,
2021-11-10,-6.27,-3.48,,
2021-11-11,-8.52,0.45,,
2021-11-12,-5.26,3.68,,
2021-11-13,3.04,1.17,,
2021-11-14,-0.39,-2.24,,
2021-11-15,-1.01,-4.05,,
2021-11-16,-6.56,-6.79,,
2021-11-17,-9.55,-4.05,,
2021-11-18,-9.67,-0.34,,
2021-11-19,-5.57,3.09,,
2021-11-20,-5.86,0.41,,
2021-11-21,-6.47,-1.61,,
2021-11-22,-1.24,4.63,,
2021-11-23,4.58,-6.31,,
2021-11-24,-4.65,-7.74,,
2021-11-25,-6.72,-4.70,,
2021-11-26,-4.13,0.36,,
2021-11-27,2.51,-3.00,,
2021-11-28,-2.13,-2.28,,
2021-11-29,3.22,-2.79,,
2021-11-30,0.30,-4.36,,
2021-12-01,-4.36,-1.67,,
2021-12-02,3.17,-1.76,,
2021-12-03,-0.79,-5.60,,
2021-12-04,-5.76,-1.33,,
2021-12-05,-6.56,1.27,,
2021-12-06,-5.34,3.74,,
2021-12-07,-1.34,3.48,,
2021-12-08,-0.39,2.00,,
2021-12-09,1.25,0.64,,
2021-12-10,-3.41,-0.98,,
2021-12-11,-6.28,-0.44,,
2021-12-12,-4.64,-0.24,,
2021-12-13,-6.21,-3.03,,
2021-12-14,-6.76,-3.01,,
2021-12-15,-8.93,-2.73,,
2021-12-16,-8.72,-1.69,,
2021-12-17,-7.50,0.66,,
2021-12-18,-8.09,2.94,,
2021-12-19,-5.52,5.52,,
2021-12-20,1.62,3.05,,
2021-12-21,0.89,5.63,,
2021-12-22,8.13,2.18,,
2021-12-23,3.37,-6.33,,
2021-12-24,-5.52,-6.82,,
2021-12-25,-5.87,-2.86,,
2021-12-26,-0.94,-3.29,,
2021-12-27,0.71,-4.02,,
2021-12-28,-3.34,0.96,,
2021-12-29,-2.90,3.34,,
2021-12-30,-3.07,2.58,,
2021-12-31,-2.03,2.25,,
2022-01-01,-4.04,3.05,-0.050,0.097
2022-01-02,-3.44,4.74,-0.029,0.149
2022-01-03,0.21,5.95,0.051,0.121
2022-01-04,-3.97,-5.27,-0.058,-0.073
2022-01-05,-2.22,-2.55,-0.025,-0.018
2022-01-06,-1.36,3.54,0.042,0.084
2022-01-07,0.13,1.89,0.043,0.026
2022-01-08,-6.04,-3.92,-0.132,-0.033
2022-01-09,-10.59,-2.25,-0.258,0.016
2022-01-10,-5.67,0.40,-0.096,0.085
2022-01-11,-2.77,-5.44,-0.095,-0.086
2022-01-12,-9.40,-5.00,-0.253,-0.072
2022-01-13,-3.51,-3.76,-0.047,0.001
2022-01-14,8.86,-3.95,0.180,-0.176
2022-01-15,2.65,-2.74,0.053,-0.061
2022-01-16,-0.80,6.52,0.048,0.152
2022-01-17,10.54,1.67,0.227,-0.009
2022-01-18,4.10,-4.89,0.042,-0.145
2022-01-19,-4.24,-0.60,-0.068,0.049
2022-01-20,-5.63,0.69,-0.081,0.030
2022-01-21,-2.52,3.88,-0.076,0.047
2022-01-22,0.93,3.47,0.011,0.031
2022-01-23,2.70,-3.58,-0.027,-0.065
2022-01-24,5.59,-3.23,0.096,-0.096
2022-01-25,0.11,-3.17,0.025,-0.109
2022-01-26,-1.77,3.62,0.042,0.037
2022-01-27,2.42,3.88,0.069,0.022
2022-01-28,3.84,2.21,0.018,-0.013
2022-01-29,10.26,-3.94,0.223,-0.200
2022-01-30,4.08,-6.80,0.036,-0.232
2022-01-31,-2.51,-5.37,-0.073,-0.109
2022-02-01,-5.82,-2.84,-0.178,-0.022
2022-02-02,-8.19,-2.19,-0.252,-0.016
2022-02-03,-8.38,0.59,-0.240,0.056
2022-02-04,-7.00,2.14,-0.174,0.111
2022-02-05,-3.81,0.54,-0.083,0.037
2022-02-06,-5.87,1.03,-0.160,0.092
2022-02-07,-4.83,0.59,-0.102,0.079
2022-02-08,-4.27,1.39,-0.080,0.084
2022-02-09,-1.05,3.42,-0.018,0.073
2022-02-10,-2.55,-4.08,-0.106,-0.010
2022-02-11,-4.42,-1.97,-0.128,0.020
2022-02-12,-3.40,2.75,-0.051,0.080
2022-02-13,-2.45,6.38,-0.004,0.159
2022-02-14,2.28,-8.50,0.030,-0.186
2022-02-15,-8.39,-7.30,-0.226,-0.165
2022-02-16,-11.68,-4.02,-0.313,-0.037
2022-02-17,-10.26,1.44,-0.232,0.109
2022-02-18,-5.10,3.18,-0.109,0.096
2022-02-19,-1.59,2.04,-0.006,0.054
2022-02-20,-4.38,-5.04,-0.114,-0.079
2022-02-21,-6.43,-3.72,-0.168,-0.023
2022-02-22,-7.89,-1.68,-0.174,0.037
2022-02-23,-6.53,-2.25,-0.145,0.017
2022-02-24,-7.62,-1.21,-0.172,0.017
2022-02-25,-7.42,-1.71,-0.175,0.037
2022-02-26,-6.53,-2.77,-0.152,0.015
2022-02-27,-5.19,-0.73,-0.080,0.077
2022-02-28,-3.13,0.96,0.023,0.048
2022-03-01,3.55,1.58,0.110,-0.024
2022-03-02,-2.26,-4.44,-0.064,-0.096
2022-03-03,-5.48,-2.32,-0.092,0.004
2022-03-04,-7.41,-3.15,-0.174,-0.020
2022-03-05,-11.14,-3.41,-0.303,-0.020
2022-03-06,-12.09,-0.42,-0.298,0.079
2022-03-07,-9.78,1.72,-0.218,0.128
2022-03-08,-7.16,3.19,-0.139,0.159
2022-03-09,-5.47,4.92,-0.067,0.182
2022-03-10,-3.60,5.14,-0.020,0.153
2022-03-11,-3.92,4.51,-0.005,0.133
2022-03-12,-1.49,7.65,0.044,0.189
2022-03-13,-3.03,-8.81,-0.043,-0.176
2022-03-14,-9.97,-5.76,-0.259,-0.094
2022-03-15,-5.48,1.99,-0.066,0.067
2022-03-16,-3.66,4.52,-0.021,0.128
2022-03-17,-4.09,4.88,-0.020,0.157
2022-03-18,-4.37,3.54,-0.026,0.125
2022-03-19,-5.80,2.96,-0.063,0.140
2022-03-20,-3.92,3.17,-0.005,0.103
2022-03-21,-4.64,-4.48,-0.111,-0.107
2022-03-22,-8.32,-1.02,-0.176,0.042
2022-03-23,-6.91,4.32,-0.113,0.170
2022-03-24,-5.61,6.68,-0.083,0.213
2022-03-25,-0.00,7.95,0.086,0.158
2022-03-26,1.50,-6.01,-0.016,-0.169
2022-03-27,5.05,-4.71,0.087,-0.164
2022-03-28,0.10,-5.63,-0.037,-0.137
2022-03-29,-1.41,-0.20,0.020,-0.012
2022-03-30,-7.34,0.13,-0.165,0.069
2022-03-31,-7.14,6.21,-0.134,0.227
2022-04-01,-3.65,6.87,-0.028,0.214
2022-04-02,-2.18,4.28,0.013,0.105
2022-04-03,0.68,4.86,0.072,0.088
2022-04-04,-2.91,-1.89,-0.048,-0.009
2022-04-05,-5.88,2.14,-0.077,0.108
2022-04-06,-3.72,5.51,0.006,0.151
2022-04-07,-2.47,6.11,0.026,0.135
2022-04-08,0.33,6.31,0.080,0.120
2022-04-09,3.78,-3.53,0.048,-0.115
2022-04-10,0.60,-6.90,-0.014,-0.167
2022-04-11,-6.27,-3.62,-0.120,-0.037
2022-04-12,-9.04,-0.79,-0.190,0.051
2022-04-13,-8.43,1.03,-0.181,0.086
2022-04-14,-6.78,3.61,-0.122,0.142
2022-04-15,-5.21,3.92,-0.082,0.156
2022-04-16,-6.26,1.79,-0.105,0.106
2022-04-17,-6.60,1.65,-0.101,0.112
2022-04-18,-4.61,3.35,-0.050,0.121
2022-04-19,-1.19,-3.45,-0.038,-0.052
2022-04-20,-6.78,-6.78,-0.219,-0.131
2022-04-21,-9.59,-6.23,-0.278,-0.104
2022-04-22,-9.57,-4.67,-0.250,-0.064
2022-04-23,-8.83,-4.50,-0.248,-0.071
2022-04-24,-8.55,-1.97,-0.216,0.016
2022-04-25,-7.88,-1.68,-0.182,0.036
2022-04-26,-6.48,-0.80,-0.143,0.038
2022-04-27,-4.35,-0.61,-0.052,0.069
2022-04-28,-2.49,0.67,0.044,0.051
2022-04-29,-1.93,0.17,0.040,0.026
2022-04-30,-5.79,1.34,-0.030,0.075
2022-05-01,-6.74,1.07,-0.088,0.080
2022-05-02,-8.34,0.58,-0.160,0.089
2022-05-03,-6.68,2.56,-0.116,0.111
2022-05-04,-3.35,3.35,0.009,0.082
2022-05-05,-0.28,3.23,0.033,0.021
2022-05-06,2.10,1.89,0.036,-0.020
2022-05-07,2.31,5.45,0.114,0.069
2022-05-08,5.20,4.36,0.164,0.017
2022-05-09,1.22,-2.61,-0.010,-0.063
2022-05-10,-0.65,-6.15,-0.080,-0.162
2022-05-11,2.32,-4.37,-0.025,-0.130
2022-05-12,2.09,0.48,0.005,-0.023
2022-05-13,-4.49,4.65,-0.035,0.130
2022-05-14,-2.60,6.77,0.035,0.179
2022-05-15,-0.82,3.83,0.041,0.043
2022-05-16,1.19,3.65,0.041,0.025
2022-05-17,-0.75,3.84,0.021,0.057
2022-05-18,0.18,2.60,0.043,0.007
2022-05-19,0.15,2.84,0.062,0.030
2022-05-20,-4.08,2.45,-0.023,0.066
2022-05-21,-6.48,1.86,-0.115,0.102
2022-05-22,-6.84,0.96,-0.119,0.085
2022-05-23,-7.08,1.38,-0.138,0.096
2022-05-24,-7.09,1.12,-0.147,0.076
2022-05-25,-7.25,0.63,-0.152,0.071
2022-05-26,-7.36,0.64,-0.161,0.061
2022-05-27,-5.27,2.92,-0.088,0.090
2022-05-28,-3.26,4.83,-0.011,0.117
2022-05-29,-3.15,3.89,0.007,0.099
2022-05-30,-5.19,3.37,-0.062,0.111
2022-05-31,-4.11,1.18,-0.030,0.000
2022-06-01,-2.04,2.35,0.029,-0.065
2022-06-02,0.63,2.72,0.074,-0.101
2022-06-03,-2.65,1.86,-0.007,-0.077
2022-06-04,-4.26,7.68,0.009,0.205
2022-06-05,7.06,9.03,0.254,0.162
2022-06-06,4.02,4.47,0.094,-0.033
2022-06-07,-0.64,4.54,-0.024,0.024
2022-06-08,-1.56,1.30,-0.058,0.039
2022-06-09,-1.15,3.16,-0.005,0.063
2022-06-10,-0.49,2.54,-0.009,-0.000
2022-06-11,-1.67,4.84,0.010,0.102
2022-06-12,-3.95,4.09,-0.046,0.105
2022-06-13,-4.78,3.35,-0.059,0.115
2022-06-14,-4.81,1.38,-0.075,0.049
2022-06-15,-4.69,1.71,-0.044,0.056
2022-06-16,-2.81,-0.70,-0.054,-0.058
2022-06-17,-1.72,-1.66,-0.077,-0.079
2022-06-18,-1.91,-0.07,-0.072,-0.025
2022-06-19,2.52,2.27,0.055,0.022
2022-06-20,-1.09,0.85,-0.036,0.004
2022-06-21,-4.31,-3.75,-0.137,-0.095
2022-06-22,-6.28,-2.66,-0.161,-0.024
2022-06-23,-1.84,-1.07,-0.035,0.026
2022-06-24,-1.22,2.29,-0.001,0.057
2022-06-25,-2.17,0.96,-0.022,0.028
2022-06-26,-2.37,1.01,0.019,0.047
2022-06-27,-3.57,0.38,0.007,0.033
2022-06-28,-4.96,3.74,-0.025,0.138
2022-06-29,-5.10,3.85,-0.041,0.130
2022-06-30,-7.09,1.51,-0.127,0.095
2022-07-01,-7.62,0.94,-0.164,0.089
2022-07-02,-6.63,2.15,-0.126,0.130
2022-07-03,-6.68,1.30,-0.119,0.079
2022-07-04,-6.78,2.07,-0.124,0.108
2022-07-05,-5.25,2.79,-0.070,0.097
2022-07-06,-4.78,2.43,-0.077,0.055
2022-07-07,-6.21,0.87,-0.144,0.051
2022-07-08,-6.32,3.65,-0.123,0.146
2022-07-09,-3.74,3.25,-0.039,0.085
2022-07-10,-3.17,4.20,-0.028,0.098
2022-07-11,-3.25,5.00,-0.016,0.118
2022-07-12,-3.84,4.12,-0.049,0.117
2022-07-13,-3.80,4.07,-0.043,0.131
2022-07-14,-6.14,2.11,-0.100,0.111
2022-07-15,-6.16,2.00,-0.094,0.107
2022-07-16,-6.37,3.68,-0.103,0.143
2022-07-17,-5.25,5.25,-0.052,0.172
2022-07-18,-5.41,4.07,-0.086,0.147
2022-07-19,-6.30,1.00,-0.134,0.095
2022-07-20,-5.60,1.71,-0.071,0.109
2022-07-21,-5.76,2.68,-0.074,0.131
2022-07-22,-6.40,2.33,-0.089,0.089
2022-07-23,-6.44,1.14,-0.113,0.070
2022-07-24,-6.99,-0.00,-0.146,0.078
2022-07-25,-7.88,1.39,-0.176,0.114
2022-07-26,-7.53,3.20,-0.134,0.152
2022-07-27,-6.68,1.30,-0.117,0.078
2022-07-28,-7.32,-1.29,-0.175,0.021
2022-07-29,-7.24,1.28,-0.133,0.098
2022-07-30,-7.56,1.20,-0.139,0.105
2022-07-31,-7.59,0.93,-0.155,0.070
2022-08-01,-6.91,0.60,-0.134,0.070
2022-08-02,-4.11,-0.80,-0.081,0.043
2022-08-03,-5.60,-0.29,-0.121,0.056
2022-08-04,-5.43,1.66,-0.066,0.088
2022-08-05,-6.53,1.63,-0.110,0.098
2022-08-06,-8.30,-0.43,-0.194,0.063
2022-08-07,-7.34,0.13,-0.156,0.087
2022-08-08,-7.00,1.49,-0.152,0.117
2022-08-09,-7.86,2.40,-0.155,0.155
2022-08-10,-6.90,-0.12,-0.134,0.058
2022-08-11,-6.62,-0.58,-0.143,0.011
2022-08-12,-5.21,0.64,-0.122,0.040
2022-08-13,-3.18,2.40,-0.053,0.069
2022-08-14,-0.32,3.05,-0.025,0.041
2022-08-15,1.18,3.07,-0.002,0.043
2022-08-16,1.67,3.43,0.046,0.050
2022-08-17,1.76,3.05,0.078,0.023
2022-08-18,-0.40,2.88,0.024,0.031
2022-08-19,-4.62,1.87,-0.073,0.060
2022-08-20,-6.39,0.90,-0.103,0.082
2022-08-21,-6.76,-0.24,-0.147,0.067
2022-08-22,-5.86,-0.10,-0.131,0.060
2022-08-23,-3.36,0.24,-0.078,0.026
2022-08-24,-3.62,1.54,-0.055,0.062
2022-08-25,-3.60,1.83,-0.042,0.071
2022-08-26,-2.96,1.51,-0.027,0.048
2022-08-27,-2.60,1.76,-0.029,0.047
2022-08-28,-4.35,2.94,-0.069,0.102
2022-08-29,-5.16,4.81,-0.060,0.166
2022-08-30,-5.69,2.65,-0.118,0.122
2022-08-31,-1.64,3.68,-0.008,0.077
2022-09-01,-2.90,1.35,-0.048,0.036
2022-09-02,-4.66,-0.57,-0.076,0.017
2022-09-03,-6.34,-1.23,-0.125,0.038
2022-09-04,-4.29,-1.64,-0.096,-0.014
2022-09-05,-3.89,0.48,-0.075,0.041
2022-09-06,-2.97,-1.02,-0.075,0.022
2022-09-07,0.00,-3.09,-0.037,-0.024
2022-09-08,2.45,-0.75,-0.009,-0.017
2022-09-09,1.04,3.63,0.033,0.043
2022-09-10,-2.72,2.81,-0.024,0.067
2022-09-11,-3.59,-0.00,-0.056,0.046
2022-09-12,-2.65,-1.85,-0.058,0.004
2022-09-13,-2.39,-0.69,-0.070,0.029
2022-09-14,-1.21,4.51,-0.027,0.082
2022-09-15,-2.40,3.70,-0.038,0.094
2022-09-16,-4.48,1.28,-0.078,0.074
2022-09-17,-6.19,0.65,-0.122,0.087
2022-09-18,-5.19,2.10,-0.077,0.095
2022-09-19,-4.88,1.13,-0.101,0.064
2022-09-20,-5.40,-2.75,-0.121,-0.006
2022-09-21,-2.99,-8.69,-0.143,-0.207
2022-09-22,4.53,-6.23,0.037,-0.205
2022-09-23,3.77,-0.67,0.070,-0.097
2022-09-24,-3.45,-0.67,-0.051,-0.038
2022-09-25,-4.26,2.27,-0.054,0.065
2022-09-26,-4.10,5.07,-0.042,0.154
2022-09-27,-4.65,6.64,-0.062,0.210
2022-09-28,-4.69,8.12,-0.075,0.252
2022-09-29,-1.95,9.16,-0.006,0.260
2022-09-30,-0.39,5.59,-0.006,0.111
2022-10-01,-1.34,3.90,-0.031,0.048
2022-10-02,2.43,4.77,0.085,0.061
2022-10-03,3.28,1.97,0.005,0.005
2022-10-04,1.58,-3.92,-0.042,-0.105
2022-10-05,3.15,-2.20,-0.019,-0.061
2022-10-06,-2.70,-5.29,-0.095,-0.098
2022-10-07,-4.21,-3.66,-0.125,-0.055
2022-10-08,-6.05,0.11,-0.123,0.071
2022-10-09,-5.58,0.98,-0.099,0.078
2022-10-10,-6.24,1.56,-0.114,0.110
2022-10-11,-5.23,-0.37,-0.099,0.044
2022-10-12,-5.55,1.08,-0.080,0.088
2022-10-13,-2.73,5.60,0.011,0.136
2022-10-14,-1.23,4.04,0.033,0.030
2022-10-15,-1.46,-1.10,-0.039,-0.028
2022-10-16,-6.27,-4.23,-0.159,-0.062
2022-10-17,-5.59,-1.50,-0.117,0.005
2022-10-18,0.64,5.20,0.040,0.077
2022-10-19,5.48,2.21,0.109,-0.026
2022-10-20,2.72,0.78,0.014,-0.054
2022-10-21,3.98,1.77,0.102,-0.010
2022-10-22,3.75,-0.20,0.051,-0.031
2022-10-23,-1.87,-4.64,-0.058,-0.101
2022-10-24,-3.74,-4.02,-0.090,-0.074
2022-10-25,-2.39,-2.75,-0.062,-0.031
2022-10-26,-0.45,-3.20,-0.007,-0.003
2022-10-27,-2.01,-4.52,-0.061,-0.063
2022-10-28,-4.57,-4.57,-0.114,-0.080
2022-10-29,-5.85,-4.57,-0.167,-0.089
2022-10-30,-5.92,-1.81,-0.142,0.011
2022-10-31,-5.98,0.84,-0.130,0.075
2022-11-01,-6.26,1.56,-0.112,0.093
2022-11-02,-5.28,-1.12,-0.116,0.019
2022-11-03,-2.80,-2.70,-0.068,0.002
2022-11-04,-2.02,-5.86,-0.078,-0.124
2022-11-05,-7.12,-0.75,-0.156,0.044
2022-11-06,-9.31,-2.67,-0.237,-0.003
2022-11-07,-5.49,-9.50,-0.185,-0.218
2022-11-08,1.55,-11.01,-0.035,-0.346
2022-11-09,11.01,2.14,0.149,-0.118
2022-11-10,-0.35,9.94,0.046,0.248
2022-11-11,-0.68,5.57,0.000,0.098
2022-11-12,-0.90,1.49,-0.041,-0.009
2022-11-13,-1.38,-0.80,-0.068,-0.024
2022-11-14,-2.29,-2.37,-0.129,-0.016
2022-11-15,-4.51,-0.24,-0.127,0.072
2022-11-16,-3.98,0.07,-0.074,0.062
2022-11-17,-2.77,-0.69,-0.084,0.031
2022-11-18,-3.66,-3.66,-0.152,-0.017
2022-11-19,-5.54,-1.80,-0.156,0.038
2022-11-20,-5.20,1.30,-0.100,0.095
2022-11-21,-4.87,-0.77,-0.120,0.020
2022-11-22,-6.03,0.42,-0.153,0.021
2022-11-23,-3.80,1.85,-0.093,0.051
2022-11-24,-3.66,-1.63,-0.105,-0.009
2022-11-25,-3.64,-0.00,-0.061,0.024
2022-11-26,-1.12,-1.60,-0.050,-0.025
2022-11-27,-3.82,1.78,-0.073,0.052
2022-11-28,-0.92,2.53,-0.027,-0.014
2022-11-29,-4.69,-3.28,-0.159,-0.039
2022-11-30,-6.67,-1.30,-0.180,0.026
2022-12-01,-5.19,-4.20,-0.134,-0.080
2022-12-02,-9.49,-6.65,-0.254,-0.154
2022-12-03,-10.09,-5.14,-0.277,-0.068
2022-12-04,-5.86,-6.06,-0.181,-0.137
2022-12-05,-2.55,-5.22,-0.110,-0.124
2022-12-06,-4.48,-4.18,-0.117,-0.096
2022-12-07,-6.72,-5.25,-0.188,-0.100
2022-12-08,-5.96,-5.18,-0.186,-0.086
2022-12-09,-1.96,-4.86,-0.097,-0.065
2022-12-10,-0.50,-5.67,-0.076,-0.131
2022-12-11,-0.54,-1.67,-0.045,-0.034
2022-12-12,3.30,-1.83,0.000,-0.083
2022-12-13,-2.36,-4.84,-0.083,-0.101
2022-12-14,-7.54,-0.53,-0.156,0.039
2022-12-15,-4.80,4.47,-0.067,0.134
2022-12-16,1.88,5.18,0.059,0.075
2022-12-17,2.18,0.67,-0.017,-0.043
2022-12-18,2.93,3.49,0.057,0.076
2022-12-19,-3.84,-6.15,-0.095,-0.103
2022-12-20,-7.01,-2.97,-0.179,-0.003
2022-12-21,-0.60,5.67,-0.002,0.085
2022-12-22,1.21,4.84,0.019,0.050
2022-12-23,4.10,3.56,0.084,0.047
2022-12-24,3.89,-5.36,0.053,-0.123
2022-12-25,-2.61,-6.80,-0.097,-0.150
2022-12-26,-4.78,-8.27,-0.156,-0.187
2022-12-27,-3.49,-4.02,-0.087,-0.032
2022-12-28,-5.17,-7.12,-0.188,-0.169
2022-12-29,-7.38,-1.98,-0.193,0.005
2022-12-30,-4.56,2.43,-0.091,0.090
2022-12-31,-4.50,2.92,-0.066,0.124
2023-01-01,-4.10,0.72,-0.043,0.082
2023-01-02,-4.63,-1.87,-0.105,0.041
2023-01-03,-6.41,-0.11,-0.129,0.077
2023-01-04,-5.66,2.88,-0.083,0.137
2023-01-05,-4.96,2.31,-0.065,0.121
2023-01-06,-2.19,-2.11,-0.037,0.018
2023-01-07,-3.57,-4.91,-0.144,-0.059
2023-01-08,-6.48,-4.05,-0.186,-0.032
2023-01-09,-4.60,1.86,-0.024,0.086
2023-01-10,-1.46,-4.77,-0.077,-0.049
2023-01-11,-1.63,-3.06,-0.061,-0.002
2023-01-12,-4.54,-0.48,-0.085,0.062
2023-01-13,0.45,5.15,0.013,0.133
2023-01-14,12.53,-2.66,0.283,-0.181
2023-01-15,7.81,-6.79,0.114,-0.276
2023-01-16,1.52,-4.17,0.013,-0.023
2023-01-17,-1.73,1.21,0.000,0.074
2023-01-18,-3.31,1.91,-0.046,0.095
2023-01-19,-4.60,3.22,-0.061,0.121
2023-01-20,-0.75,2.79,-0.022,0.057
2023-01-21,-2.23,-1.62,-0.058,0.018
2023-01-22,-4.45,4.94,-0.047,0.133
2023-01-23,0.36,5.14,0.098,0.080
2023-01-24,-4.40,-4.55,-0.094,-0.104
2023-01-25,-6.83,3.48,-0.104,0.121
2023-01-26,0.17,5.00,0.049,0.070
2023-01-27,-1.83,-2.61,-0.065,-0.058
2023-01-28,-7.52,-6.54,-0.207,-0.146
2023-01-29,-8.17,-2.65,-0.212,-0.024
2023-01-30,-6.48,1.86,-0.137,0.106
2023-01-31,-5.00,0.61,-0.106,0.057
2023-02-01,-3.07,0.71,-0.075,0.044
2023-02-02,-3.48,1.13,-0.050,0.068
2023-02-03,-0.28,4.04,0.019,0.069
2023-02-04,-5.54,-2.95,-0.088,-0.057
2023-02-05,-9.52,0.83,-0.200,0.090
2023-02-06,1.48,-4.55,0.008,-0.055
2023-02-07,-6.61,-5.17,-0.187,-0.090
2023-02-08,-7.56,-0.93,-0.171,0.061
2023-02-09,-8.06,-0.00,-0.193,0.085
2023-02-10,-5.95,2.90,-0.109,0.134
2023-02-11,-5.48,4.94,-0.086,0.180
2023-02-12,-1.98,7.93,-0.004,0.204
2023-02-13,8.57,-1.98,0.157,-0.114
2023-02-14,-2.52,-4.36,-0.034,-0.046
2023-02-15,-7.42,0.91,-0.123,0.129
2023-02-16,-7.83,2.70,-0.156,0.164
2023-02-17,-6.20,4.18,-0.129,0.179
2023-02-18,-1.65,2.64,0.007,0.092
2023-02-19,-4.73,-0.58,-0.105,0.067
2023-02-20,-2.73,1.91,-0.027,0.083
2023-02-21,0.21,3.04,0.018,0.057
2023-02-22,-3.33,2.00,-0.028,0.084
2023-02-23,-4.68,2.81,-0.030,0.130
2023-02-24,-4.35,-0.30,-0.041,0.040
2023-02-25,-3.01,-2.44,-0.063,-0.010
2023-02-26,0.46,-1.98,-0.026,-0.026
2023-02-27,1.97,0.68,0.031,-0.014
2023-02-28,2.51,3.59,0.081,0.022
2023-03-01,2.05,1.33,0.051,-0.016
2023-03-02,-1.39,3.62,-0.003,0.063
2023-03-03,-2.42,5.43,-0.004,0.143
2023-03-04,-0.93,4.78,0.041,0.129
2023-03-05,-1.06,1.22,0.049,0.033
2023-03-06,-1.98,-1.24,0.003,0.008
2023-03-07,1.51,3.39,0.048,0.019
2023-03-08,1.31,-5.69,0.013,-0.150
2023-03-09,-3.94,-6.82,-0.094,-0.148
2023-03-10,-3.43,-3.55,-0.074,-0.061
2023-03-11,5.50,3.43,0.138,0.018
2023-03-12,2.50,-2.42,0.040,-0.075
2023-03-13,3.30,5.72,0.130,0.077
2023-03-14,6.50,1.99,0.133,-0.048
2023-03-15,-2.26,-7.38,-0.094,-0.196
2023-03-16,-5.11,-6.78,-0.148,-0.187
2023-03-17,-6.37,2.57,-0.095,0.108
2023-03-18,-2.93,6.58,-0.024,0.165
2023-03-19,-0.36,6.87,0.043,0.165
2023-03-20,4.42,4.90,0.092,0.049
2023-03-21,-3.52,-8.30,-0.135,-0.196
2023-03-22,-7.72,-3.93,-0.183,-0.027
2023-03-23,-7.07,-2.57,-0.134,0.019
2023-03-24,-5.95,1.16,-0.050,0.090
2023-03-25,-3.77,4.19,0.004,0.129
2023-03-26,-4.48,4.03,-0.025,0.114
2023-03-27,-4.23,3.68,-0.046,0.113
2023-03-28,-2.76,3.41,-0.016,0.078
2023-03-29,2.11,2.35,0.044,0.022
2023-03-30,-4.13,-4.43,-0.115,-0.084
2023-03-31,-9.14,-2.28,-0.247,-0.017
2023-04-01,-6.97,3.25,-0.152,0.137
2023-04-02,0.45,4.24,0.021,0.059
2023-04-03,-2.71,0.38,-0.050,0.029
2023-04-04,-4.72,1.44,-0.088,0.077
2023-04-05,-7.37,-0.77,-0.174,0.058
2023-04-06,-7.73,-1.50,-0.198,0.045
2023-04-07,-7.85,-2.25,-0.220,0.008
2023-04-08,-6.36,-0.89,-0.167,-0.000
2023-04-09,-3.31,-2.40,-0.033,-0.086
2023-04-10,0.61,-3.48,-0.042,-0.197
2023-04-11,-9.49,-4.03,-0.215,-0.144
2023-04-12,-10.79,-0.57,-0.245,0.050
2023-04-13,-6.57,3.49,-0.098,0.125
2023-04-14,-4.38,4.38,-0.051,0.090
2023-04-15,-4.74,2.96,-0.078,0.057
2023-04-16,-3.52,3.77,-0.021,0.114
2023-04-17,-1.16,5.99,0.037,0.148
2023-04-18,6.06,3.79,0.099,0.023
2023-04-19,-1.46,-5.44,-0.084,-0.107
2023-04-20,-3.35,-1.71,-0.072,-0.008
2023-04-21,-4.17,-0.37,-0.081,0.009
2023-04-22,-4.17,-1.27,-0.089,0.006
2023-04-23,-1.86,-3.50,-0.076,-0.050
2023-04-24,-4.66,-1.51,-0.112,0.014
2023-04-25,-5.38,2.06,-0.095,0.089
2023-04-26,-3.58,1.30,-0.052,0.029
2023-04-27,-3.15,0.56,-0.077,0.033
2023-04-28,-3.30,4.38,-0.013,0.107
2023-04-29,-1.39,5.57,0.043,0.097
2023-04-30,0.30,8.62,0.089,0.185
2023-05-01,7.28,-0.51,0.151,-0.120
2023-05-02,3.36,1.57,0.063,-0.051
2023-05-03,5.76,2.10,0.135,-0.027
2023-05-04,-1.32,-2.49,-0.008,-0.089
2023-05-05,-0.82,2.26,-0.009,-0.071
2023-05-06,-3.66,0.58,-0.049,-0.011
2023-05-07,-9.07,-4.04,-0.246,-0.071
2023-05-08,-7.50,-1.59,-0.150,0.039
2023-05-09,-5.64,0.59,-0.094,0.063
2023-05-10,-3.71,-1.50,-0.083,-0.029
2023-05-11,-5.77,-2.94,-0.165,-0.044
2023-05-12,-8.44,-2.10,-0.214,0.008
2023-05-13,-8.24,-1.45,-0.197,0.032
2023-05-14,-5.37,0.19,-0.121,0.029
2023-05-15,-4.11,-2.47,-0.097,-0.107
2023-05-16,-2.76,-2.58,-0.050,-0.168
2023-05-17,2.84,0.45,0.070,-0.153
2023-05-18,-0.99,2.72,0.076,-0.091
2023-05-19,-4.17,1.85,0.033,0.002
2023-05-20,-4.83,-0.51,-0.023,-0.045
2023-05-21,-4.60,-4.00,-0.077,-0.087
2023-05-22,-1.37,-6.47,-0.075,-0.152
2023-05-23,-0.64,-5.25,-0.087,-0.119
2023-05-24,-0.21,-2.44,-0.040,-0.040
2023-05-25,-1.56,3.87,-0.016,-0.001
2023-05-26,1.72,4.72,0.084,0.040
2023-05-27,1.46,6.30,0.094,0.052
2023-05-28,0.67,3.80,0.006,-0.080
2023-05-29,1.17,4.38,0.049,-0.008
2023-05-30,0.22,2.12,-0.004,-0.077
2023-05-31,-0.07,3.84,-0.008,-0.052
2023-06-01,1.99,5.19,0.036,0.012
2023-06-02,2.22,4.00,-0.017,-0.035
2023-06-03,2.39,1.22,-0.019,-0.077
2023-06-04,2.14,5.30,0.066,0.048
2023-06-05,7.02,1.75,0.168,-0.064
2023-06-06,-1.48,-3.67,-0.020,-0.155
2023-06-07,1.45,5.41,0.086,0.027
2023-06-08,3.32,5.98,0.081,0.067
2023-06-09,3.60,7.06,0.135,0.124
2023-06-10,4.43,5.28,0.125,0.016
2023-06-11,1.72,5.61,0.057,0.078
2023-06-12,-0.29,4.14,0.006,0.058
2023-06-13,-0.81,3.03,-0.017,-0.026
2023-06-14,-2.15,2.86,-0.066,-0.031
2023-06-15,-2.71,2.71,-0.090,-0.028
2023-06-16,-0.61,3.82,-0.068,0.042
2023-06-17,3.05,3.76,0.068,0.044
2023-06-18,-0.26,4.99,0.014,0.073
2023-06-19,-0.35,3.99,0.023,0.041
2023-06-20,-2.70,2.26,-0.060,0.023
2023-06-21,-3.86,3.72,-0.055,0.094
2023-06-22,-4.01,2.71,-0.059,0.095
2023-06-23,-5.10,3.18,-0.084,0.123
2023-06-24,-5.14,2.40,-0.074,0.100
2023-06-25,-4.50,3.04,-0.059,0.107
2023-06-26,-3.51,3.39,-0.012,0.091
2023-06-27,-1.73,3.39,0.043,0.052
2023-06-28,-1.12,1.73,0.014,-0.033
2023-06-29,-2.05,1.33,0.007,-0.028
2023-06-30,-2.69,0.82,-0.002,0.009
2023-07-01,-3.38,1.17,-0.015,0.006
2023-07-02,-2.77,0.95,-0.029,-0.018
2023-07-03,-1.55,0.59,-0.022,-0.002
2023-07-04,-2.05,2.53,0.000,0.032
2023-07-05,-4.31,2.01,-0.045,0.056
2023-07-06,-1.38,5.55,0.038,0.075
2023-07-07,0.66,4.70,0.043,0.066
2023-07-08,0.92,4.73,0.068,0.060
2023-07-09,0.33,4.66,0.070,0.101
2023-07-10,-2.40,3.18,0.016,0.078
2023-07-11,-2.47,2.84,-0.018,0.055
2023-07-12,-3.22,1.78,-0.059,0.062
2023-07-13,-3.95,1.60,-0.067,0.077
2023-07-14,-4.72,3.56,-0.095,0.125
2023-07-15,-3.59,3.99,-0.055,0.106
2023-07-16,-3.17,3.40,-0.063,0.092
2023-07-17,-3.42,3.42,-0.063,0.121
2023-07-18,-4.79,2.34,-0.133,0.110
2023-07-19,-5.64,3.67,-0.169,0.155
2023-07-20,-5.62,2.74,-0.152,0.140
2023-07-21,-1.73,3.54,-0.044,0.090
2023-07-22,1.71,2.96,-0.035,0.048
2023-07-23,2.33,1.51,-0.072,0.031
2023-07-24,-2.30,1.07,-0.122,0.062
2023-07-25,-4.66,-1.25,-0.181,0.039
2023-07-26,-5.39,-1.34,-0.203,0.012
2023-07-27,-6.24,3.18,-0.158,0.124
2023-07-28,-6.66,2.56,-0.161,0.119
2023-07-29,-5.75,2.44,-0.119,0.101
2023-07-30,-3.10,2.99,-0.043,0.090
2023-07-31,-1.57,2.95,-0.028,0.092
2023-08-01,-0.85,3.17,0.001,0.079
2023-08-02,-0.82,2.02,-0.004,0.043
2023-08-03,-2.61,-0.75,-0.047,0.072
2023-08-04,-2.62,1.39,0.029,0.078
2023-08-05,-2.12,3.53,0.055,0.064
2023-08-06,-3.40,3.65,0.007,0.071
2023-08-07,-4.61,3.60,-0.040,0.117
2023-08-08,-4.18,3.04,-0.047,0.115
2023-08-09,-3.68,2.30,-0.052,0.091
2023-08-10,-3.35,1.56,-0.049,0.071
2023-08-11,-4.84,1.39,-0.056,0.088
2023-08-12,-2.13,2.94,0.035,0.069
2023-08-13,-3.61,0.13,-0.024,0.037
2023-08-14,-5.86,-0.10,-0.118,0.045
2023-08-15,-4.43,3.34,-0.044,0.129
2023-08-16,-3.78,4.05,-0.041,0.123
2023-08-17,-3.82,4.56,-0.016,0.148
2023-08-18,-6.22,2.14,-0.126,0.112
2023-08-19,-5.79,2.82,-0.072,0.150
2023-08-20,-8.62,0.91,-0.181,0.112
2023-08-21,-9.06,-1.76,-0.209,0.022
2023-08-22,-7.77,-3.46,-0.203,-0.025
2023-08-23,-5.52,-2.57,-0.135,0.002
2023-08-24,-2.95,-3.28,-0.078,-0.006
2023-08-25,0.37,-4.21,-0.055,-0.076
2023-08-26,1.67,-1.86,-0.023,-0.033
2023-08-27,-2.50,1.95,-0.027,0.046
2023-08-28,3.50,-0.68,0.007,-0.045
2023-08-29,3.05,2.75,0.010,0.012
2023-08-30,-0.00,6.30,0.045,0.146
2023-08-31,2.20,4.93,0.088,0.062
2023-09-01,1.49,-2.93,-0.043,-0.073
2023-09-02,-3.76,-5.79,-0.143,-0.141
2023-09-03,-6.31,-5.11,-0.179,-0.095
2023-09-04,-5.46,-2.90,-0.145,-0.029
2023-09-05,-4.06,-2.16,-0.123,-0.013
2023-09-06,-2.93,-2.83,-0.121,-0.048
2023-09-07,-3.18,-2.57,-0.113,-0.000
2023-09-08,-4.99,0.26,-0.085,0.067
2023-09-09,-2.23,4.37,0.009,0.094
2023-09-10,-3.82,2.38,-0.032,0.062
2023-09-11,-4.27,-2.08,-0.097,-0.023
2023-09-12,-3.93,-5.62,-0.138,-0.101
2023-09-13,-1.32,-7.49,-0.098,-0.177
2023-09-14,1.58,-6.33,-0.029,-0.177
2023-09-15,0.88,-3.08,-0.021,-0.107
2023-09-16,-1.75,-0.60,-0.028,-0.032
2023-09-17,-3.07,1.37,0.010,0.012
2023-09-18,-0.93,3.04,0.063,-0.002
2023-09-19,-2.16,1.57,0.042,0.004
2023-09-20,-3.73,1.58,0.000,0.024
2023-09-21,3.66,0.13,0.036,-0.056
2023-09-22,3.52,0.00,0.055,-0.079
2023-09-23,-2.29,0.49,-0.017,-0.016
2023-09-24,-2.32,2.02,0.023,0.053
2023-09-25,-5.36,1.04,-0.056,0.086
2023-09-26,-6.00,2.07,-0.082,0.121
2023-09-27,-5.75,1.98,-0.064,0.096
2023-09-28,-4.28,2.09,-0.030,0.076
2023-09-29,-4.48,1.37,-0.018,0.065
2023-09-30,-4.31,1.07,-0.032,0.040
2023-10-01,-4.43,-1.02,-0.060,-0.007
2023-10-02,-4.49,-2.91,-0.090,-0.062
2023-10-03,-5.39,-3.37,-0.110,-0.051
2023-10-04,-4.63,-0.73,-0.053,0.016
2023-10-05,-2.98,-2.42,-0.028,-0.007
2023-10-06,1.44,-1.98,0.050,-0.011
2023-10-07,1.53,-0.56,0.059,-0.016
2023-10-08,-0.89,2.44,0.064,0.025
2023-10-09,1.90,1.71,0.089,0.020
2023-10-10,3.13,2.36,0.104,0.027
2023-10-11,1.64,2.63,0.089,0.035
2023-10-12,0.30,5.70,0.080,0.100
2023-10-13,5.38,3.36,0.151,0.013
2023-10-14,5.61,0.89,0.118,-0.015
2023-10-15,7.63,1.35,0.190,-0.022
2023-10-16,7.84,-1.10,0.158,-0.067
2023-10-17,3.44,-5.29,0.043,-0.167
2023-10-18,-2.78,-5.45,-0.077,-0.081
2023-10-19,-5.26,-4.41,-0.125,-0.025
2023-10-20,2.47,0.80,0.021,0.019
2023-10-21,1.27,-3.31,-0.003,-0.039
2023-10-22,-0.59,-1.82,-0.045,-0.022
2023-10-23,-3.72,-3.99,-0.110,-0.020
2023-10-24,-7.42,-6.23,-0.220,-0.105
2023-10-25,-9.72,-5.84,-0.270,-0.099
2023-10-26,-10.32,-5.49,-0.269,-0.084
2023-10-27,-8.56,-4.94,-0.238,-0.082
2023-10-28,-9.37,-5.63,-0.256,-0.092
2023-10-29,-9.02,-4.80,-0.248,-0.053
2023-10-30,-1.57,-6.79,-0.084,-0.114
2023-10-31,5.70,-0.30,0.074,-0.094
2023-11-01,3.05,-4.52,-0.002,-0.135
2023-11-02,-8.15,-9.37,-0.232,-0.242
2023-11-03,-9.78,-7.37,-0.260,-0.156
2023-11-04,-4.06,-0.64,-0.090,-0.009
2023-11-05,-0.54,-3.82,-0.070,-0.084
2023-11-06,1.51,-7.11,-0.052,-0.205
2023-11-07,-4.17,-4.47,-0.127,-0.052
2023-11-08,-5.05,-4.54,-0.140,-0.046
2023-11-09,-6.59,0.35,-0.128,0.066
2023-11-10,-7.10,1.90,-0.136,0.121
2023-11-11,-6.20,0.11,-0.114,0.051
2023-11-12,-6.50,-0.80,-0.145,0.059
2023-11-13,-4.49,-3.90,-0.118,-0.048
2023-11-14,-7.31,-2.38,-0.161,-0.002
2023-11-15,-11.81,-2.08,-0.296,0.034
2023-11-16,-10.53,6.32,-0.209,0.212
2023-11-17,2.70,5.29,0.041,0.013
2023-11-18,5.33,2.95,0.062,0.048
2023-11-19,4.74,-4.91,0.052,-0.145
2023-11-20,-5.79,-5.21,-0.139,-0.072
2023-11-21,-8.79,-2.19,-0.187,0.021
2023-11-22,-5.44,3.67,-0.068,0.123
2023-11-23,2.64,1.72,0.052,0.007
2023-11-24,-1.00,-0.84,-0.007,0.000
2023-11-25,-3.07,-2.31,-0.041,0.050
2023-11-26,-6.01,0.53,-0.097,0.112
2023-11-27,4.39,2.96,0.104,0.049
2023-11-28,-0.11,-6.35,-0.055,-0.113
2023-11-29,-2.58,-5.06,-0.091,-0.061
2023-11-30,-6.24,-3.46,-0.168,-0.001
2023-12-01,-6.57,2.52,-0.106,0.141
2023-12-02,-5.10,3.71,-0.045,0.161
2023-12-03,-2.03,2.17,0.051,0.111
2023-12-04,-0.04,2.18,0.091,0.070
2023-12-05,-0.07,-2.11,0.099,-0.016
2023-12-06,4.96,-3.74,0.137,-0.146
2023-12-07,-2.59,-7.96,-0.045,-0.209
2023-12-08,-6.50,-0.23,-0.053,0.033
2023-12-09,-8.13,0.85,-0.132,0.089
2023-12-10,-8.38,3.56,-0.175,0.155
2023-12-11,-2.60,8.01,-0.019,0.196
2023-12-12,-5.09,-5.46,-0.235,-0.077
2023-12-13,-7.81,-1.95,-0.191,0.035
2023-12-14,-8.95,-4.18,-0.191,-0.032
2023-12-15,-13.00,-6.62,-0.355,-0.099
2023-12-16,-13.29,-0.46,-0.361,0.099
2023-12-17,-7.57,12.12,-0.149,0.350
2023-12-18,8.40,-2.25,0.140,-0.146
2023-12-19,2.34,-6.43,-0.035,-0.165
2023-12-20,-6.48,-9.26,-0.217,-0.184
2023-12-21,-7.83,-7.83,-0.243,-0.130
2023-12-22,-6.86,-4.98,-0.229,-0.106
2023-12-23,-5.76,-3.60,-0.218,-0.046
2023-12-24,-7.89,-3.85,-0.268,-0.040
2023-12-25,-8.84,1.09,-0.257,0.083
2023-12-26,-5.44,5.63,-0.139,0.201
2023-12-27,5.36,1.64,0.035,0.020
2023-12-28,1.82,2.02,-0.048,0.074
2023-12-29,5.87,-3.39,0.005,-0.078
2023-12-30,6.06,-1.51,0.061,-0.089
2023-12-31,3.94,-2.97,-0.027,-0.116
2024-01-01,-0.71,-2.86,-0.082,-0.035
2024-01-02,3.44,-4.10,-0.002,-0.110
2024-01-03,-4.70,-3.29,-0.130,-0.044
2024-01-04,3.80,5.23,0.059,0.091
2024-01-05,-5.39,-4.53,-0.130,-0.073
2024-01-06,-6.37,6.37,-0.129,0.203
2024-01-07,2.38,6.92,0.046,0.134
2024-01-08,-6.04,-5.25,-0.196,-0.077
2024-01-09,-10.41,5.54,-0.229,0.209
2024-01-10,1.96,8.50,0.039,0.184
2024-01-11,0.56,1.62,-0.071,-0.005
2024-01-12,-1.96,4.61,-0.041,0.118
2024-01-13,1.58,5.89,0.075,0.108
2024-01-14,1.04,2.71,0.005,-0.003
2024-01-15,-5.38,1.54,-0.100,0.062
2024-01-16,-1.84,5.68,0.033,0.125
2024-01-17,4.17,2.12,0.058,-0.006
2024-01-18,-5.25,-0.09,-0.095,0.049
2024-01-19,1.51,4.64,0.095,0.084
2024-01-20,-0.64,-5.23,0.001,-0.086
2024-01-21,-2.62,-9.12,-0.082,-0.245
2024-01-22,-9.81,-4.17,-0.233,-0.065
2024-01-23,-10.40,1.09,-0.236,0.118
2024-01-24,-9.35,1.65,-0.196,0.128
2024-01-25,-9.13,3.14,-0.189,0.165
2024-01-26,-7.05,2.85,-0.119,0.158
2024-01-27,-6.72,3.88,-0.076,0.184
2024-01-28,-1.95,6.79,0.026,0.186
2024-01-29,8.99,-2.41,0.174,-0.098
2024-01-30,1.44,-6.80,0.016,-0.178
2024-01-31,4.38,-0.85,0.111,0.015
2024-02-01,4.57,-8.25,0.086,-0.239
2024-02-02,0.88,-3.53,0.039,-0.018
2024-02-03,1.54,-3.31,0.034,-0.010
2024-02-04,-3.46,3.23,0.016,0.132
2024-02-05,4.88,5.24,0.119,0.096
2024-02-06,10.19,0.53,0.265,-0.064
2024-02-07,3.93,-12.85,0.076,-0.401
2024-02-08,-4.87,-8.11,-0.137,-0.170
2024-02-09,-6.77,-2.46,-0.106,0.002
2024-02-10,-6.42,1.25,-0.059,0.115
2024-02-11,-4.86,4.86,-0.008,0.181
2024-02-12,-2.61,6.80,0.015,0.207
2024-02-13,3.03,5.70,0.154,0.112
2024-02-14,0.09,-5.35,0.018,-0.140
2024-02-15,-5.81,-3.49,-0.054,-0.077
2024-02-16,-5.09,1.17,0.015,0.070
2024-02-17,0.61,5.79,0.112,0.098
2024-02-18,1.79,5.84,0.135,0.095
2024-02-19,7.42,5.79,0.227,0.079
2024-02-20,5.74,-7.09,0.084,-0.239
2024-02-21,4.84,-7.18,0.056,-0.224
2024-02-22,-1.60,-7.53,-0.062,-0.178
2024-02-23,-0.75,4.74,0.056,0.074
2024-02-24,8.08,4.12,0.192,0.021
2024-02-25,3.10,-4.59,0.011,-0.167
2024-02-26,-1.89,-2.10,-0.048,0.018
2024-02-27,-5.27,-0.09,-0.065,0.057
2024-02-28,-6.89,2.24,-0.112,0.126
2024-02-29,-5.85,1.46,-0.070,0.098
2024-03-01,-8.70,0.61,-0.191,0.102
2024-03-02,-7.12,3.95,-0.137,0.150
2024-03-03,-5.38,4.35,-0.087,0.147
2024-03-04,-3.74,4.02,-0.015,0.118
2024-03-05,-3.11,4.61,-0.023,0.096
2024-03-06,-4.30,5.12,-0.054,0.125
2024-03-07,-1.58,3.54,0.014,0.037
2024-03-08,-2.51,2.18,-0.061,-0.016
2024-03-09,-4.46,2.79,-0.107,0.059
2024-03-10,1.34,5.79,0.036,0.055
2024-03-11,-0.36,-6.83,-0.064,-0.212
2024-03-12,-5.43,-1.66,-0.134,-0.042
2024-03-13,-2.21,1.28,-0.035,-0.055
2024-03-14,-4.68,-0.58,-0.102,-0.065
2024-03-15,-6.70,1.30,-0.137,0.047
2024-03-16,-2.64,2.93,-0.000,0.057
2024-03-17,-2.47,3.53,-0.012,0.009
2024-03-18,-0.61,4.94,0.017,0.036
2024-03-19,4.82,-5.35,0.057,-0.173
2024-03-20,-2.94,-4.35,-0.101,-0.170
2024-03-21,-4.60,-1.68,-0.120,-0.023
2024-03-22,-8.25,3.17,-0.183,0.110
2024-03-23,-2.15,11.08,-0.011,0.252
2024-03-24,6.68,-2.30,0.063,-0.184
2024-03-25,-5.90,-5.50,-0.176,-0.161
2024-03-26,-6.02,-0.42,-0.127,0.015
2024-03-27,-3.67,0.58,-0.004,0.010
2024-03-28,-0.54,5.17,0.015,0.043
2024-03-29,0.32,-9.23,-0.003,-0.248
2024-03-30,-4.26,-4.26,-0.100,-0.092
2024-03-31,-3.83,0.40,-0.021,0.045
2024-04-01,-4.40,2.44,-0.029,0.098
2024-04-02,-3.37,4.02,-0.010,0.098
2024-04-03,-0.11,6.41,0.057,0.130
2024-04-04,3.33,7.14,0.143,0.113
2024-04-05,4.06,-2.34,0.049,-0.114
2024-04-06,3.89,-1.73,0.046,-0.097
2024-04-07,1.55,-4.49,-0.010,-0.154
2024-04-08,-5.74,-4.48,-0.153,-0.106
2024-04-09,-7.95,-0.84,-0.174,0.047
2024-04-10,-7.56,3.21,-0.137,0.153
2024-04-11,-5.93,6.82,-0.092,0.228
2024-04-12,-0.00,6.70,0.045,0.133
2024-04-13,-0.11,-6.04,-0.041,-0.133
2024-04-14,-5.42,-5.24,-0.144,-0.081
2024-04-15,-5.72,-2.55,-0.138,-0.016
2024-04-16,-7.19,-3.35,-0.175,-0.026
2024-04-17,-7.44,-2.56,-0.189,-0.000
2024-04-18,-6.20,-1.21,-0.162,0.064
2024-04-19,-4.07,-0.36,-0.061,0.064
2024-04-20,-3.52,1.01,-0.017,0.059
2024-04-21,-3.85,3.23,-0.008,0.113
2024-04-22,0.36,5.13,0.062,0.076
2024-04-23,-2.23,-6.87,-0.090,-0.151
2024-04-24,-3.43,-2.88,-0.057,-0.024
2024-04-25,-4.60,-1.32,-0.052,0.005
2024-04-26,-5.70,-3.84,-0.141,-0.021
2024-04-27,-9.49,-3.64,-0.246,-0.020
2024-04-28,-9.97,-2.67,-0.251,0.018
2024-04-29,-8.58,-0.00,-0.189,0.080
2024-04-30,-7.52,1.74,-0.126,0.126
2024-05-01,-4.94,2.97,-0.040,0.123
2024-05-02,-5.43,-0.00,-0.106,0.066
2024-05-03,-6.56,-1.76,-0.165,0.057
2024-05-04,-8.00,-0.84,-0.189,0.065
2024-05-05,-7.70,0.54,-0.146,0.092
2024-05-06,-7.50,0.66,-0.137,0.085
2024-05-07,-5.95,1.71,-0.073,0.097
2024-05-08,-4.06,0.94,-0.041,0.057
2024-05-09,-4.29,2.38,-0.031,0.089
2024-05-10,-0.24,4.65,0.083,0.067
2024-05-11,2.52,4.74,0.134,0.036
2024-05-12,0.92,1.72,0.049,-0.050
2024-05-13,-3.55,0.56,-0.000,0.009
2024-05-14,-6.01,4.37,-0.051,0.172
2024-05-15,-1.99,6.12,0.058,0.135
2024-05-16,2.61,6.15,0.122,0.082
2024-05-17,3.03,2.63,0.089,-0.045
2024-05-18,0.80,2.32,0.061,-0.068
2024-05-19,0.13,3.71,0.082,0.005
2024-05-20,1.61,4.43,0.060,0.027
2024-05-21,4.08,3.30,0.081,-0.007
2024-05-22,1.05,2.26,0.038,-0.025
2024-05-23,-3.20,-1.36,-0.044,-0.003
2024-05-24,-2.00,-1.35,-0.018,0.026
2024-05-25,-1.37,0.55,0.015,0.046
2024-05-26,-2.65,3.16,0.014,0.076
2024-05-27,-3.35,2.71,-0.019,0.070
2024-05-28,-3.29,1.13,-0.046,0.039
2024-05-29,-2.18,1.58,-0.017,0.036
2024-05-30,-3.12,0.55,-0.044,-0.013
2024-05-31,-2.92,-3.36,-0.129,-0.026
2024-06-01,-6.39,-3.84,-0.217,-0.037
2024-06-02,-9.40,-1.32,-0.247,0.073
2024-06-03,-5.61,-1.09,-0.100,0.030
2024-06-04,-3.51,0.62,-0.051,0.016
2024-06-05,-4.70,1.44,,
2024-06-06,-2.52,2.80,,
2024-06-07,0.73,3.76,,
2024-06-08,1.82,3.74,,
2024-06-09,1.48,3.86,0.119,-0.001
2024-06-10,1.24,4.98,0.115,0.019
2024-06-11,-1.89,5.50,0.061,0.053
2024-06-12,-4.31,4.62,-0.008,0.059
2024-06-13,-3.38,6.10,0.016,0.142
2024-06-14,-1.13,4.88,0.015,0.039
2024-06-15,-0.74,3.23,-0.012,-0.036
2024-06-16,-0.88,-2.30,-0.044,-0.076
2024-06-17,-6.56,-3.49,-0.166,-0.052
2024-06-18,-6.51,-1.62,-0.148,0.013
2024-06-19,-7.92,-2.42,-0.200,0.012
2024-06-20,-4.56,-2.22,-0.136,-0.034
2024-06-21,-5.94,1.59,-0.116,0.099
2024-06-22,-6.56,0.34,-0.136,0.077
2024-06-23,-6.47,1.02,-0.158,0.086
2024-06-24,-4.91,4.27,-0.069,0.115
2024-06-25,1.25,5.40,0.076,0.065
2024-06-26,1.78,2.96,0.048,0.023
2024-06-27,0.11,3.09,0.045,0.021
2024-06-28,-1.74,2.39,0.024,0.025
2024-06-29,-4.44,0.70,-0.079,0.033
2024-06-30,-5.44,0.09,-0.113,0.023
2024-07-01,-4.43,2.77,-0.075,0.084
2024-07-02,-4.57,1.75,-0.086,0.047
2024-07-03,-6.42,-0.00,-0.119,0.082
2024-07-04,-4.57,-0.48,-0.102,0.046
2024-07-05,-0.24,1.50,0.031,-0.017
2024-07-06,2.27,1.84,0.068,-0.019
2024-07-07,0.39,4.42,0.049,0.049
2024-07-08,-2.37,2.93,0.006,0.056
2024-07-09,-3.18,2.06,-0.004,0.018
2024-07-10,-2.58,1.94,-0.025,0.060
2024-07-11,-0.72,-2.70,-0.052,-0.032
2024-07-12,-2.62,2.91,-0.030,0.058
2024-07-13,-6.13,2.23,-0.120,0.122
2024-07-14,-7.58,0.40,-0.190,0.098
2024-07-15,-6.03,0.74,-0.137,0.081
2024-07-16,-5.77,0.20,-0.131,0.046
2024-07-17,-5.95,1.71,-0.092,0.108
2024-07-18,-5.22,2.66,-0.056,0.111
2024-07-19,-5.46,3.03,-0.063,0.121
2024-07-20,-7.07,2.03,-0.110,0.118
2024-07-21,-5.65,3.13,-0.085,0.145
2024-07-22,-4.95,2.52,-0.052,0.091
2024-07-23,-7.14,2.05,-0.142,0.089
2024-07-24,-7.90,1.82,-0.166,0.127
2024-07-25,-6.57,1.04,-0.166,0.069
2024-07-26,-4.02,1.15,-0.122,0.021
2024-07-27,-3.27,3.16,-0.106,0.072
2024-07-28,-0.98,1.77,-0.075,0.019
2024-07-29,-1.53,1.58,-0.057,0.015
2024-07-30,-4.01,2.60,-0.091,0.073
2024-07-31,-5.49,2.22,-0.062,0.121
2024-08-01,-6.82,-0.48,-0.122,0.072
2024-08-02,-8.91,1.41,-0.195,0.083
2024-08-03,-7.77,5.65,-0.138,0.238
2024-08-04,-6.75,6.29,-0.119,0.223
2024-08-05,-5.17,5.74,-0.093,0.192
2024-08-06,-3.50,5.19,-0.057,0.163
2024-08-07,0.61,5.84,0.066,0.122
2024-08-08,-0.37,5.26,0.063,0.123
2024-08-09,-0.58,4.12,0.062,0.078
2024-08-10,-3.55,1.36,-0.088,0.059
2024-08-11,-5.12,0.09,-0.108,0.082
2024-08-12,-5.60,1.29,-0.123,0.074
2024-08-13,-4.02,2.14,-0.084,0.073
2024-08-14,-3.42,-0.12,-0.099,0.058
2024-08-15,-0.15,-4.37,-0.081,-0.035
2024-08-16,-1.26,-4.12,-0.117,-0.057
2024-08-17,-2.35,-2.61,-0.079,0.002
2024-08-18,-2.11,0.18,-0.019,0.012
2024-08-19,-0.00,4.46,0.051,0.072
2024-08-20,0.41,4.73,0.052,0.072
2024-08-21,-2.19,3.79,0.021,0.064
2024-08-22,-5.61,1.93,-0.075,0.098
2024-08-23,-6.60,1.77,-0.131,0.116
2024-08-24,-6.01,0.42,-0.109,0.119
2024-08-25,-5.94,0.94,-0.125,0.075
2024-08-26,-6.34,-0.89,-0.146,0.018
2024-08-27,-5.57,1.08,-0.124,0.064
2024-08-28,-5.31,0.46,-0.112,0.054
2024-08-29,-6.40,-0.45,-0.135,0.068
2024-08-30,-6.69,1.30,-0.129,0.124
2024-08-31,-5.33,1.84,-0.085,0.104
2024-09-01,-5.02,3.02,-0.094,0.108
2024-09-02,-4.86,3.53,-0.075,0.131
2024-09-03,-4.87,3.28,-0.060,0.140
2024-09-04,-5.99,1.60,-0.086,0.113
2024-09-05,-5.37,-0.09,-0.118,0.048
2024-09-06,-4.86,0.77,-0.100,0.066
2024-09-07,-4.04,2.15,-0.058,0.099
2024-09-08,-4.75,2.53,-0.062,0.110
2024-09-09,-4.77,3.10,-0.072,0.099
2024-09-10,-2.93,2.55,-0.052,0.051
2024-09-11,-4.10,0.50,-0.083,0.042
2024-09-12,-3.02,0.92,-0.049,0.064
2024-09-13,-1.83,1.28,-0.012,0.041
2024-09-14,1.14,2.34,0.037,0.016
2024-09-15,1.31,2.58,0.032,0.025
2024-09-16,-0.21,3.06,0.038,0.021
2024-09-17,-1.83,1.77,0.017,0.009
2024-09-18,-1.66,2.12,0.031,0.041
2024-09-19,-2.06,1.39,-0.014,0.035
2024-09-20,-0.10,2.77,0.034,0.045
2024-09-21,2.76,-2.58,0.003,0.013
2024-09-22,0.64,-2.99,-0.047,-0.010
2024-09-23,-1.88,-2.01,-0.070,0.025
2024-09-24,-4.83,0.68,-0.098,0.066
2024-09-25,-6.17,2.62,-0.117,0.089
2024-09-26,-6.05,6.96,-0.093,0.215
2024-09-27,-2.76,7.57,-0.001,0.204
2024-09-28,-3.44,3.69,-0.064,0.093
2024-09-29,-4.23,1.13,-0.076,0.080
2024-09-30,-4.65,0.90,-0.073,0.071
2024-10-01,-3.14,0.72,-0.046,0.021
2024-10-02,-1.79,0.16,-0.021,0.005
2024-10-03,-3.13,-1.14,-0.053,0.037
2024-10-04,-4.73,-1.82,-0.096,0.019
2024-10-05,-5.52,-2.01,-0.120,0.015
2024-10-06,-4.79,-1.28,-0.094,0.025
2024-10-07,-3.44,4.10,-0.021,0.094
2024-10-08,6.22,7.42,0.169,0.123
2024-10-09,4.51,4.51,0.065,0.050
2024-10-10,5.43,9.80,0.154,0.239
2024-10-11,2.73,-8.92,-0.009,-0.215
2024-10-12,-6.75,-2.19,-0.141,0.020
2024-10-13,-6.34,3.51,-0.102,0.144
2024-10-14,2.47,2.94,0.060,0.042
2024-10-15,-1.38,-3.11,-0.058,-0.056
2024-10-16,-2.02,-1.75,-0.042,0.026
2024-10-17,-3.74,-3.87,-0.092,-0.061
2024-10-18,-9.38,-5.42,-0.211,-0.080
2024-10-19,-9.89,-7.45,-0.244,-0.125
2024-10-20,-6.66,-6.90,-0.161,-0.188
2024-10-21,-6.04,-5.44,-0.168,-0.172
2024-10-22,-7.12,-5.17,-0.191,-0.107
2024-10-23,-3.13,-6.42,-0.124,-0.125
2024-10-24,-2.66,-4.60,-0.097,-0.085
2024-10-25,-4.22,-4.08,-0.118,-0.081
2024-10-26,-5.89,-4.44,-0.167,-0.083
2024-10-27,-5.95,-5.17,-0.186,-0.090
2024-10-28,-7.83,-3.99,-0.205,-0.030
2024-10-29,-9.68,-3.15,-0.253,-0.002
2024-10-30,-11.43,-3.28,-0.309,-0.018
2024-10-31,-11.54,-3.75,-0.297,-0.024
2024-11-01,-9.88,-1.92,-0.242,0.012
2024-11-02,-9.67,-1.71,-0.242,0.020
2024-11-03,-9.21,-3.72,-0.240,-0.030
2024-11-04,-11.76,-4.28,-0.315,-0.028
2024-11-05,-12.38,0.65,-0.267,0.113
2024-11-06,-10.58,3.44,-0.229,0.161
2024-11-07,-9.26,1.47,-0.208,0.110
2024-11-08,-7.72,-0.95,-0.199,0.031
2024-11-09,-6.81,-4.09,-0.194,-0.028
2024-11-10,-10.68,-3.47,-0.297,0.017
2024-11-11,-4.75,5.09,-0.055,0.160
2024-11-12,-3.50,-1.41,-0.052,-0.021
2024-11-13,-7.34,-6.61,-0.222,-0.131
2024-11-14,-8.11,-2.79,-0.198,-0.011
2024-11-15,-2.95,1.84,-0.015,0.005
2024-11-16,-0.40,-7.71,-0.063,-0.210
2024-11-17,-4.64,-5.34,-0.141,-0.104
2024-11-18,-4.85,-2.69,-0.122,-0.006
2024-11-19,-4.15,0.29,-0.066,0.062
2024-11-20,0.44,3.62,-0.010,0.066
2024-11-21,3.58,5.11,0.069,0.094
2024-11-22,6.50,-5.26,0.088,-0.172
2024-11-23,3.85,-3.59,0.015,-0.102
2024-11-24,-3.54,-1.22,-0.016,0.038
2024-11-25,-5.90,-0.21,-0.088,0.057
2024-11-26,-5.59,-2.37,-0.129,0.036
2024-11-27,-5.28,-3.43,-0.173,-0.002
2024-11-28,-5.78,-0.51,-0.133,0.077
2024-11-29,-3.14,-0.55,-0.065,0.055
2024-11-30,-1.13,-3.68,-0.059,-0.037
2024-12-01,-0.71,-3.36,-0.071,-0.037
2024-12-02,0.00,-7.55,-0.050,-0.205
2024-12-03,-2.15,-9.30,-0.110,-0.231
2024-12-04,-2.48,-7.63,-0.093,-0.193
2024-12-05,-4.35,-0.85,-0.095,0.009
2024-12-06,-0.19,-2.67,-0.057,-0.010
2024-12-07,-1.08,-6.82,-0.083,-0.151
2024-12-08,-5.66,-4.75,-0.159,-0.071
2024-12-09,-7.57,-0.53,-0.163,0.059
2024-12-10,-7.63,1.62,-0.163,0.139
2024-12-11,-4.16,4.46,-0.085,0.141
2024-12-12,-2.00,-4.49,-0.078,-0.044
2024-12-13,-7.93,-10.15,-0.249,-0.219
2024-12-14,-9.82,-7.67,-0.283,-0.118
2024-12-15,-11.90,-8.33,-0.337,-0.145
2024-12-16,-10.74,-3.70,-0.262,-0.043
2024-12-17,-9.94,-0.52,-0.244,0.038
2024-12-18,-8.69,2.66,-0.221,0.109
2024-12-19,-4.86,3.80,-0.128,0.126
2024-12-20,-1.72,-4.04,-0.106,-0.028
2024-12-21,2.96,-5.14,-0.018,-0.131
2024-12-22,-1.37,-2.28,-0.049,-0.007
2024-12-23,-4.85,-2.26,-0.136,-0.035
2024-12-24,-6.01,3.20,-0.160,0.108
2024-12-25,-5.15,-0.09,-0.142,0.061
2024-12-26,-5.80,-1.23,-0.149,0.039
2024-12-27,-8.35,-0.88,-0.173,0.073
2024-12-28,-9.79,-0.51,-0.248,0.057
2024-12-29,-7.99,3.07,-0.182,0.135
2024-12-30,-2.59,3.85,-0.064,0.113
2024-12-31,-2.00,3.60,-0.056,0.071
2025-01-01,2.53,2.36,0.012,0.046
2025-01-02,-1.12,-5.74,-0.078,-0.109
2025-01-03,-3.21,-4.58,-0.117,-0.065
2025-01-04,2.12,-6.94,-0.026,-0.185
2025-01-05,-3.64,-5.40,-0.124,-0.110
2025-01-06,-3.24,4.99,-0.040,0.127
2025-01-07,7.62,1.34,0.132,-0.050
2025-01-08,0.10,-5.81,-0.077,-0.144
2025-01-09,4.59,-4.43,0.023,-0.118
2025-01-10,-2.53,-5.19,-0.091,-0.139
2025-01-11,3.48,5.36,0.057,0.087
2025-01-12,4.96,-1.71,0.022,-0.035
2025-01-13,-1.48,-2.03,-0.073,0.005
2025-01-14,3.13,2.11,-0.001,0.003
2025-01-15,-2.05,-7.66,-0.123,-0.175
2025-01-16,-2.97,-4.24,-0.105,-0.068
2025-01-17,-3.93,0.34,-0.070,0.022
2025-01-18,-3.33,7.13,-0.044,0.187
2025-01-19,0.74,6.04,0.030,0.125
2025-01-20,-0.39,4.47,0.028,0.084
2025-01-21,-4.91,2.08,-0.075,0.057
2025-01-22,0.11,6.49,0.043,0.135
2025-01-23,-0.85,3.66,0.004,0.015
2025-01-24,5.75,-0.50,0.130,-0.048
2025-01-25,-3.93,-10.80,-0.072,-0.278
2025-01-26,-7.42,-6.22,-0.208,-0.103
2025-01-27,-5.63,-4.24,-0.150,-0.054
2025-01-28,-0.68,-4.87,-0.041,-0.055
2025-01-29,0.00,-3.54,-0.042,-0.039
2025-01-30,-2.50,-2.50,-0.019,0.032
2025-01-31,-7.17,3.04,-0.135,0.160
2025-02-01,-4.38,2.95,-0.044,0.124
2025-02-02,-6.35,0.22,-0.139,0.069
2025-02-03,-5.57,-0.39,-0.101,0.073
2025-02-04,-5.04,-1.07,-0.083,0.054
2025-02-05,-5.13,-1.28,-0.101,0.041
2025-02-06,-6.24,-0.44,-0.109,0.075
2025-02-07,-4.41,-0.15,-0.040,0.062
2025-02-08,-5.34,-0.94,-0.087,0.034
2025-02-09,-4.50,-0.24,-0.062,0.057
2025-02-10,-5.15,-1.00,-0.088,0.043
2025-02-11,-6.29,-0.11,-0.122,0.063
2025-02-12,-5.40,4.07,-0.061,0.148
2025-02-13,-5.98,4.34,-0.091,0.153
2025-02-14,-6.09,0.53,-0.119,0.083
2025-02-15,-8.30,-0.43,-0.202,0.052
2025-02-16,-4.87,5.22,-0.061,0.165
2025-02-17,2.19,3.12,0.062,-0.002
2025-02-18,-3.61,-0.90,-0.056,0.013
2025-02-19,-5.77,2.45,-0.093,0.088
2025-02-20,4.72,3.82,0.121,0.015
2025-02-21,-3.37,-8.78,-0.140,-0.210
2025-02-22,-6.29,-6.51,-0.186,-0.111
2025-02-23,-4.52,-2.94,-0.106,-0.024
2025-02-24,-5.39,0.66,-0.108,0.068
2025-02-25,4.14,8.13,0.074,0.113
2025-02-26,1.80,-3.85,-0.031,-0.084
2025-02-27,-3.01,1.88,-0.022,0.075
2025-02-28,3.14,-0.27,0.012,-0.009
2025-03-01,-2.41,0.60,-0.024,0.043
2025-03-02,1.74,-2.14,-0.024,0.013
2025-03-03,-1.46,-6.34,-0.094,-0.110
2025-03-04,-10.57,-1.30,-0.285,0.024
2025-03-05,-7.94,4.77,-0.136,0.167
2025-03-06,8.67,3.33,0.159,0.007
2025-03-07,2.29,-4.49,0.013,-0.132
2025-03-08,-0.00,3.87,0.044,0.078
2025-03-09,1.07,2.40,0.055,0.021
2025-03-10,-0.22,6.30,0.063,0.121
2025-03-11,11.18,-0.98,0.216,-0.092
2025-03-12,1.14,-4.57,0.003,-0.150
2025-03-13,-3.17,2.06,0.002,0.053
2025-03-14,-0.77,2.51,0.040,-0.007
2025-03-15,-5.82,1.67,-0.119,0.056
2025-03-16,-6.76,5.10,-0.126,0.172
2025-03-17,-1.58,7.43,0.006,0.114
2025-03-18,3.48,-9.07,0.027,-0.308
2025-03-19,1.34,-7.58,-0.018,-0.202
2025-03-20,2.40,-4.17,-0.000,-0.121
2025-03-21,5.74,-1.87,0.085,-0.087
2025-03-22,-1.13,-2.79,-0.030,-0.042
2025-03-23,-3.63,-0.64,-0.042,0.033
2025-03-24,-6.07,2.96,-0.096,0.133
2025-03-25,-2.91,3.87,-0.014,0.134
2025-03-26,-3.35,-2.09,-0.058,0.063
2025-03-27,-5.33,-5.52,-0.206,-0.011
2025-03-28,-11.30,-4.11,-0.361,-0.004
2025-03-29,-10.35,0.18,-0.286,0.109
2025-03-30,-9.19,2.64,-0.225,0.152
2025-03-31,-5.60,5.40,-0.106,0.180
2025-04-01,-3.26,4.33,-0.036,0.134
2025-04-02,-7.10,1.51,-0.152,0.114
2025-04-03,-9.53,2.03,-0.237,0.142
2025-04-04,-8.62,2.47,-0.194,0.138
2025-04-05,-8.59,1.21,-0.206,0.104
2025-04-06,-6.41,2.86,-0.108,0.136
2025-04-07,-4.15,4.15,-0.021,0.140
2025-04-08,0.21,6.03,0.080,0.129
2025-04-09,3.61,4.63,0.126,0.059
2025-04-10,3.66,-1.05,0.048,-0.055
2025-04-11,-1.22,-4.27,-0.035,-0.062
2025-04-12,3.54,-0.50,0.076,-0.016
2025-04-13,1.82,-5.94,-0.006,-0.135
2025-04-14,-3.96,-2.67,-0.096,0.010
2025-04-15,-3.30,1.83,-0.023,0.083
2025-04-16,2.35,-1.41,0.007,-0.022
2025-04-17,-2.78,-3.08,-0.087,-0.014
2025-04-18,-7.78,-4.31,-0.232,-0.028
2025-04-19,-10.23,-3.13,-0.286,-0.006
2025-04-20,-9.37,-0.33,-0.218,0.081
2025-04-21,-7.39,-2.40,-0.196,0.018
2025-04-22,-6.86,-2.63,-0.188,0.002
2025-04-23,-6.89,-2.92,-0.191,-0.008
2025-04-24,-8.59,-3.30,-0.243,-0.014
2025-04-25,-8.28,-3.69,-0.245,-0.008
2025-04-26,-6.60,-2.14,-0.183,-0.000
2025-04-27,-4.62,-2.36,-0.137,-0.017
2025-04-28,-5.72,-3.44,-0.181,-0.024
2025-04-29,-7.44,-4.30,-0.239,-0.044
2025-04-30,-7.54,-3.36,-0.230,-0.020
2025-05-01,-7.30,-1.42,-0.189,0.035
2025-05-02,-7.01,0.61,-0.153,0.060
2025-05-03,-6.41,2.33,-0.137,0.100
2025-05-04,-4.93,4.76,-0.075,0.154
2025-05-05,-4.59,2.87,-0.068,0.100
2025-05-06,-6.09,0.86,-0.119,0.088
2025-05-07,-5.19,-0.92,-0.113,0.039
2025-05-08,-3.88,-0.07,-0.059,0.018
2025-05-09,-3.88,1.33,-0.050,0.040
2025-05-10,-5.10,3.44,-0.080,0.102
2025-05-11,-7.23,2.77,-0.128,0.126
2025-05-12,-7.23,3.69,-0.144,0.141
2025-05-13,-5.10,5.87,-0.055,0.171
2025-05-14,-2.28,4.28,-0.001,0.099
2025-05-15,-3.05,1.98,-0.044,0.052
2025-05-16,-3.38,1.37,-0.042,0.046
2025-05-17,-3.28,1.19,-0.055,0.031
2025-05-18,-3.11,1.65,-0.066,0.045
2025-05-19,-2.48,2.01,-0.020,0.033
2025-05-20,-1.57,1.80,0.012,0.031
2025-05-21,-0.41,3.31,0.048,0.021
2025-05-22,0.24,3.36,0.038,0.012
2025-05-23,-1.78,3.08,0.010,0.051
2025-05-24,-4.08,2.26,-0.051,0.081
2025-05-25,-5.43,1.76,-0.110,0.077
2025-05-26,-5.31,3.58,-0.070,0.116
2025-05-27,-4.53,2.51,-0.057,0.086
2025-05-28,-4.65,2.80,-0.058,0.093
2025-05-29,-4.65,3.02,-0.044,0.096
2025-05-30,-3.60,4.00,-0.003,0.067
2025-05-31,1.77,5.80,0.089,0.061
2025-06-01,3.62,3.75,0.103,0.008
2025-06-02,-0.75,4.71,0.025,0.089
2025-06-03,-3.66,1.48,-0.082,0.022
2025-06-04,-7.18,3.66,-0.151,0.152
2025-06-05,-6.56,0.69,-0.156,0.070
2025-06-06,-4.33,0.38,-0.097,0.061
2025-06-07,-3.28,1.90,-0.049,0.063
2025-06-08,-3.62,2.93,-0.049,0.074
2025-06-09,-5.11,3.44,-0.095,0.101
2025-06-10,-6.25,4.22,-0.116,0.158
2025-06-11,-6.17,3.42,-0.115,0.133
2025-06-12,-6.60,2.94,-0.145,0.139
2025-06-13,-6.76,2.87,-0.156,0.154
2025-06-14,-6.73,2.86,-0.156,0.152
2025-06-15,-5.99,3.05,-0.116,0.141
2025-06-16,-6.06,2.33,-0.115,0.101
2025-06-17,-5.91,2.63,-0.100,0.098
2025-06-18,-6.50,2.63,-0.130,0.094
2025-06-19,-5.95,1.71,-0.126,0.069
2025-06-20,-5.30,2.25,-0.100,0.096
2025-06-21,-5.81,1.34,-0.139,0.065
2025-06-22,-7.13,0.88,-0.161,0.066
2025-06-23,-7.12,-1.91,-0.184,0.013
2025-06-24,-6.84,-1.71,-0.196,-0.003
2025-06-25,-5.77,0.71,-0.158,0.083
2025-06-26,-4.70,3.94,-0.077,0.119
2025-06-27,-5.31,3.32,-0.087,0.110
2025-06-28,-5.02,2.13,-0.097,0.089
2025-06-29,-4.68,0.49,-0.089,0.046
2025-06-30,-5.59,1.29,-0.098,0.086
2025-07-01,-4.29,3.23,-0.065,0.083
2025-07-02,-4.41,4.41,-0.058,0.113
2025-07-03,-3.78,5.02,-0.035,0.128
2025-07-04,-2.45,5.51,-0.008,0.139
2025-07-05,-0.89,5.61,0.044,0.122
2025-07-06,-2.43,4.21,-0.010,0.091
2025-07-07,-4.24,0.15,-0.083,0.011
2025-07-08,-4.19,-1.53,-0.103,0.008
2025-07-09,-4.79,3.88,-0.053,0.127
2025-07-10,-5.81,4.54,-0.094,0.124
2025-07-11,-5.57,4.05,-0.090,0.141
2025-07-12,-4.74,2.01,-0.080,0.079
2025-07-13,-2.18,-0.00,-0.064,-0.000
2025-07-14,-0.91,2.15,0.012,0.038
2025-07-15,-4.11,4.40,-0.036,0.134
2025-07-16,-7.05,4.07,-0.124,0.166
2025-07-17,-7.02,3.28,-0.149,0.149
2025-07-18,-7.15,0.63,-0.182,0.089
2025-07-19,-5.72,-1.32,-0.140,0.023
2025-07-20,-5.43,-0.76,-0.144,0.056
2025-07-21,-4.04,0.64,-0.074,0.056
2025-07-22,-3.28,2.29,-0.042,0.076
2025-07-23,-4.78,3.73,-0.070,0.101
2025-07-24,-6.49,2.75,-0.130,0.123
2025-07-25,-6.14,1.19,-0.135,0.084
2025-07-26,-4.08,-2.55,-0.133,-0.009
2025-07-27,-2.91,-4.00,-0.128,-0.043
2025-07-28,-2.83,-0.55,-0.072,0.022
2025-07-29,-0.96,2.36,0.012,0.019
2025-07-30,-2.30,2.22,-0.043,0.034
2025-07-31,-3.34,1.49,-0.071,0.053
2025-08-01,-4.06,1.64,-0.084,0.076
2025-08-02,-3.74,1.75,-0.082,0.072
2025-08-03,-2.93,1.69,-0.054,0.065
2025-08-04,-3.99,-0.07,-0.086,0.037
2025-08-05,-5.21,-1.49,-0.138,0.015
2025-08-06,-4.02,-0.07,-0.088,0.053
2025-08-07,-4.50,1.82,-0.069,0.068
2025-08-08,-4.91,2.95,-0.083,0.080
2025-08-09,-4.46,2.47,-0.081,0.061
2025-08-10,-4.95,3.09,-0.089,0.102
2025-08-11,-5.93,1.37,-0.110,0.078
2025-08-12,-5.11,2.27,-0.090,0.083
2025-08-13,-3.33,1.70,-0.059,0.022
2025-08-14,-4.25,0.52,-0.089,0.028
2025-08-15,-5.01,-1.06,-0.112,0.020
2025-08-16,-4.43,0.78,-0.099,0.049
2025-08-17,-3.51,-2.65,-0.118,-0.019
2025-08-18,-2.96,-7.72,-0.159,-0.166
2025-08-19,1.51,-12.31,-0.095,-0.308
2025-08-20,10.38,-0.73,0.173,-0.138
2025-08-21,4.96,3.88,0.151,0.005
2025-08-22,2.07,2.30,-0.000,-0.025
2025-08-23,1.75,1.37,0.019,-0.047
2025-08-24,-0.43,4.07,0.024,0.069
2025-08-25,-1.76,3.78,0.009,0.053
2025-08-26,-3.17,2.85,-0.045,0.058
2025-08-27,-3.84,2.04,-0.036,0.063
2025-08-28,-4.98,2.32,-0.099,0.098
2025-08-29,-2.08,2.48,-0.014,0.066
2025-08-30,-1.29,2.65,0.010,0.046
2025-08-31,2.55,3.27,0.084,0.026
2025-09-01,2.90,3.22,0.062,0.009
2025-09-02,4.10,6.08,0.141,0.096
2025-09-03,4.45,4.30,0.126,0.055
2025-09-04,4.42,4.27,0.135,0.068
2025-09-05,3.18,4.71,0.123,0.063
2025-09-06,-1.95,3.00,0.010,0.055
2025-09-07,-1.97,0.80,-0.028,0.029
2025-09-08,-1.82,-0.63,-0.009,-0.012
2025-09-09,-0.17,3.25,0.025,0.024
2025-09-10,0.10,2.85,0.032,0.027
2025-09-11,-1.22,1.26,0.018,-0.001
2025-09-12,1.10,1.63,0.015,-0.014
2025-09-13,2.60,2.42,0.059,-0.009
2025-09-14,2.58,2.41,0.058,-0.008
2025-09-15,1.20,1.66,0.043,-0.004
2025-09-16,-2.93,-0.52,-0.027,0.000
2025-09-17,-5.71,-1.11,-0.114,0.029
2025-09-18,-5.25,1.61,-0.087,0.043
2025-09-19,-1.19,4.14,0.006,0.032
2025-09-20,-1.18,2.04,-0.003,0.024
2025-09-21,-2.50,0.31,-0.026,0.012
2025-09-22,-3.64,0.06,-0.073,0.040
2025-09-23,-3.82,1.02,-0.056,0.055
2025-09-24,-3.91,0.55,-0.064,0.024
2025-09-25,-4.50,2.10,-0.056,0.045
2025-09-26,-6.68,2.30,-0.117,0.103
2025-09-27,-9.90,3.41,-0.224,0.185
2025-09-28,-11.37,5.06,-0.262,0.230
2025-09-29,3.31,13.26,0.083,0.273
2025-09-30,11.35,4.82,0.267,-0.022
2025-10-01,8.28,-1.16,0.140,-0.139
2025-10-02,-2.03,-2.03,-0.040,-0.013
2025-10-03,-7.77,-5.05,-0.191,-0.109
2025-10-04,-6.23,-0.88,-0.147,-0.009
2025-10-05,-3.87,2.51,-0.080,0.002
2025-10-06,-2.89,2.34,-0.046,0.056
2025-10-07,-4.17,0.07,-0.111,0.026
2025-10-08,-4.04,1.31,-0.059,0.063
2025-10-09,-3.96,0.21,-0.060,-0.001
2025-10-10,-3.07,0.54,-0.013,0.007
2025-10-11,3.06,5.30,0.107,0.097
2025-10-12,4.35,6.95,0.144,0.128
2025-10-13,2.02,5.54,0.095,0.084
2025-10-14,-0.53,-1.98,0.023,-0.014
2025-10-15,-1.72,-6.91,-0.080,-0.163
2025-10-16,-1.30,-6.12,-0.051,-0.164
2025-10-17,-3.45,-7.07,-0.115,-0.188
2025-10-18,-6.17,-3.56,-0.127,-0.023
2025-10-19,-6.04,0.11,-0.118,0.048
2025-10-20,-5.08,1.65,-0.092,0.073
2025-10-21,-5.45,-0.67,-0.144,0.011
2025-10-22,-5.64,-2.63,-0.117,-0.013
2025-10-23,-4.98,-2.32,-0.106,0.014
2025-10-24,-7.41,-3.78,-0.188,-0.039
2025-10-25,-10.44,-4.22,-0.273,-0.052
2025-10-26,-10.66,-0.56,-0.272,0.062
2025-10-27,-8.03,2.61,-0.162,0.109
2025-10-28,-2.00,3.92,-0.041,0.066
2025-10-29,-5.80,-2.35,-0.138,-0.016
2025-10-30,6.24,-9.60,0.037,-0.266
2025-10-31,4.20,-4.20,0.068,-0.151
2025-11-01,-0.75,-3.51,-0.001,-0.091
2025-11-02,-6.28,-2.66,-0.143,-0.041
2025-11-03,-5.35,2.05,-0.006,0.005
2025-11-04,-3.77,-7.40,-0.123,-0.188
2025-11-05,-7.69,-4.09,-0.192,-0.041
2025-11-06,-4.55,-2.32,-0.110,-0.007
2025-11-07,-5.55,-1.28,-0.108,0.023
2025-11-08,2.01,2.31,0.002,-0.016
2025-11-09,-2.87,2.09,-0.028,0.052
2025-11-10,2.04,4.37,0.051,0.045
2025-11-11,2.40,-10.42,0.035,-0.317
2025-11-12,-5.09,-5.65,-0.121,-0.114
2025-11-13,-4.65,-4.82,-0.122,-0.097
2025-11-14,-3.19,-4.55,-0.081,-0.069
2025-11-15,-2.98,-4.77,-0.081,-0.110
2025-11-16,-3.20,-0.17,-0.039,0.018
2025-11-17,2.96,0.85,0.009,-0.012
2025-11-18,-2.67,-1.30,-0.059,-0.013
2025-11-19,-4.35,-1.67,-0.075,0.044
2025-11-20,-4.58,-4.58,-0.150,-0.049
2025-11-21,-4.98,-3.62,-0.136,-0.000
2025-11-22,-5.01,-1.34,-0.112,0.040
2025-11-23,-3.12,-2.72,-0.087,0.012
2025-11-24,-4.67,-2.59,-0.110,0.017
2025-11-25,-6.52,-0.00,-0.128,0.088
2025-11-26,-5.13,1.37,-0.054,0.100
2025-11-27,-3.67,2.57,-0.040,0.092
2025-11-28,-2.04,-4.38,-0.060,-0.077
2025-11-29,-8.90,-8.02,-0.250,-0.183
2025-11-30,-8.11,-2.33,-0.189,0.024
2025-12-01,-5.66,-0.90,-0.114,0.058
2025-12-02,-4.43,3.85,-0.063,0.112
2025-12-03,3.29,2.76,0.063,0.041
2025-12-04,-1.23,-2.91,-0.033,0.001
2025-12-05,-4.35,-0.00,-0.043,0.064
2025-12-06,-1.87,2.67,0.033,0.062
2025-12-07,-0.05,3.08,0.034,0.040
2025-12-08,3.41,5.25,0.126,0.079
2025-12-09,-0.96,-6.08,-0.032,-0.105
2025-12-10,3.93,5.03,0.078,0.059
2025-12-11,6.89,-0.48,0.140,-0.081
2025-12-12,-2.58,-5.28,-0.070,-0.107
2025-12-13,-7.14,-2.18,-0.152,0.023
2025-12-14,-4.21,0.74,-0.060,0.045
2025-12-15,-3.36,-8.31,-0.125,-0.211
2025-12-16,-7.27,-7.27,-0.199,-0.161
2025-12-17,-8.72,-3.70,-0.232,-0.022
2025-12-18,-8.87,1.40,-0.219,0.099
2025-12-19,-1.91,6.24,-0.036,0.125
2025-12-20,-1.28,-3.71,-0.089,-0.047
2025-12-21,-5.29,-3.57,-0.147,0.002
2025-12-22,-7.49,-7.23,-0.225,-0.124
2025-12-23,-10.22,-3.72,-0.261,-0.031
2025-12-24,-4.80,-4.80,-0.145,-0.072
2025-12-25,-1.97,-4.63,-0.084,-0.076
2025-12-26,-1.21,-2.18,-0.063,-0.016
2025-12-27,2.25,-0.52,-0.002,0.002
2025-12-28,1.46,-3.29,-0.019,-0.049
2025-12-29,-1.80,-1.80,-0.014,0.028
2025-12-30,5.24,0.64,0.097,-0.025
2025-12-31,4.44,-5.29,0.066,-0.188
2026-01-01,3.62,-2.63,0.051,-0.106
2026-01-02,2.95,-1.02,0.017,-0.056
2026-01-03,1.90,0.65,0.000,0.012
2026-01-04,4.83,-0.17,0.086,-0.046
2026-01-05,-4.96,-3.88,-0.121,-0.078
2026-01-06,-7.50,0.39,-0.159,0.082
2026-01-07,-3.42,0.98,-0.058,0.064
2026-01-08,-4.20,0.52,-0.054,0.079
2026-01-09,-5.99,-0.74,-0.133,0.052
2026-01-10,-7.78,-0.68,-0.185,0.069
2026-01-11,-4.78,-0.33,-0.120,0.080
2026-01-12,-3.55,-1.43,-0.089,0.059
2026-01-13,-2.67,-2.24,-0.075,0.037
2026-01-14,-3.44,3.44,-0.043,0.094
2026-01-15,6.68,6.45,0.161,0.133
2026-01-16,3.14,-8.18,0.017,-0.194
2026-01-17,-5.60,2.04,-0.076,0.130
2026-01-18,-4.60,5.11,-0.048,0.159
2026-01-19,0.72,-6.85,-0.025,-0.077
2026-01-20,-4.41,-10.90,-0.169,-0.268
2026-01-21,-9.18,-7.17,-0.251,-0.122
2026-01-22,-5.19,3.00,-0.061,0.116
2026-01-23,-1.79,1.85,-0.033,0.076
2026-01-24,-2.91,-0.78,-0.056,0.061
2026-01-25,-6.14,2.23,-0.099,0.113
2026-01-26,-0.22,6.44,0.049,0.156
2026-01-27,1.47,-8.36,0.019,-0.184
2026-01-28,-1.74,-6.50,-0.087,-0.148
2026-01-29,-2.53,-6.60,-0.102,-0.152
2026-01-30,-5.36,-1.14,-0.109,0.020
2026-01-31,7.20,-2.91,0.059,-0.032
2026-02-01,13.03,-4.74,0.305,-0.289
2026-02-02,8.33,-6.99,0.125,-0.282
2026-02-03,-2.72,-6.41,-0.097,-0.118
2026-02-04,-4.77,0.17,-0.128,0.028
2026-02-05,3.60,4.29,0.014,0.055
2026-02-06,10.40,-4.85,0.195,-0.261
2026-02-07,9.08,-4.23,0.154,-0.217
2026-02-08,-0.39,-7.44,-0.083,-0.203
2026-02-09,-3.19,-3.94,-0.119,-0.065
2026-02-10,-4.83,-2.57,-0.156,-0.047
2026-02-11,-3.96,0.70,-0.114,0.050
2026-02-12,3.42,0.73,-0.003,0.042
2026-02-13,2.91,-2.53,-0.079,0.042
2026-02-14,-4.07,-3.18,-0.208,0.060
2026-02-15,-8.40,2.73,-0.259,0.158
2026-02-16,1.74,8.17,-0.002,0.202
2026-02-17,-2.50,-5.36,-0.160,-0.040
2026-02-18,-6.24,-0.66,-0.205,0.073
2026-02-19,-4.52,1.83,-0.085,0.123
2026-02-20,-3.90,3.64,-0.071,0.146
2026-02-21,-2.78,4.63,-0.055,0.150
2026-02-22,2.74,3.78,0.015,0.085
2026-02-23,6.57,-6.57,0.039,-0.178
2026-02-24,4.05,-7.95,-0.045,-0.231
2026-02-25,-4.01,-0.42,-0.055,0.050
2026-02-26,-5.47,1.88,-0.082,0.123
2026-02-27,-4.53,2.41,-0.094,0.148
2026-02-28,-3.54,3.54,-0.078,0.150
2026-03-01,-3.37,1.16,-0.060,0.099
2026-03-02,-6.31,-3.50,-0.190,0.018
2026-03-03,-7.56,-1.61,-0.192,0.059
2026-03-04,-8.11,-1.00,-0.213,0.079
2026-03-05,-8.56,0.15,-0.216,0.091
2026-03-06,-8.42,0.44,-0.202,0.101
2026-03-07,-9.14,-0.00,-0.243,0.103
2026-03-08,-7.91,1.39,-0.209,0.125
2026-03-09,-6.06,1.51,-0.141,0.118
2026-03-10,-5.74,0.20,-0.106,0.088
2026-03-11,-5.87,0.83,-0.100,0.098
2026-03-12,-4.15,3.61,-0.035,0.115
2026-03-13,0.08,4.31,0.072,0.041
2026-03-14,-3.23,4.45,-0.030,0.085
2026-03-15,-6.32,4.10,-0.104,0.156
2026-03-16,-5.12,6.56,-0.057,0.208
2026-03-17,-0.52,5.90,0.074,0.079
2026-03-18,-2.16,3.09,-0.031,0.039
2026-03-19,-3.11,-5.61,-0.121,-0.104
2026-03-20,-5.13,-10.08,-0.197,-0.255
2026-03-21,-1.73,-9.81,-0.118,-0.247
2026-03-22,-2.83,-3.04,-0.044,-0.040
2026-03-23,-2.22,0.04,-0.030,-0.016
2026-03-24,-1.56,-0.57,-0.028,-0.000
2026-03-25,-5.60,-0.99,-0.131,0.021
2026-03-26,-6.89,-2.11,-0.167,0.019
2026-03-27,-6.77,-1.56,-0.162,0.035
2026-03-28,-4.80,-1.94,-0.094,0.035
2026-03-29,-7.41,-4.11,-0.202,-0.064
2026-03-30,-11.03,-2.55,-0.291,-0.024
2026-03-31,-9.53,-2.03,-0.254,0.034
2026-04-01,-8.06,-1.57,-0.200,0.068
2026-04-02,-9.29,0.16,-0.219,0.109
2026-04-03,-10.05,-0.70,-0.258,0.071
2026-04-04,-9.95,-0.87,-0.258,0.079
2026-04-05,-9.82,1.03,-0.246,0.115
2026-04-06,-7.14,0.50,-0.173,0.102
2026-04-07,-3.88,4.47,-0.040,0.094
2026-04-08,-3.67,-2.20,-0.015,-0.035
2026-04-09,-5.34,-1.73,-0.119,-0.027
2026-04-10,-5.31,-7.31,-0.219,-0.132
2026-04-11,-5.97,-7.38,-0.210,-0.128
2026-04-12,-8.47,-5.71,-0.239,-0.089
2026-04-13,-9.64,-4.70,-0.264,-0.058
2026-04-14,-8.73,-3.70,-0.237,-0.018
2026-04-15,-7.34,-3.90,-0.205,0.000
2026-04-16,-6.91,-2.93,-0.167,0.023
2026-04-17,-5.84,-1.14,-0.117,0.056
2026-04-18,-4.31,0.53,-0.061,0.050
2026-04-19,-3.41,1.11,-0.034,0.047
2026-04-20,-2.11,-1.90,-0.002,-0.033
2026-04-21,-6.33,-7.54,-0.207,-0.181
2026-04-22,-8.95,-4.17,-0.232,-0.025
2026-04-23,-5.89,-1.04,-0.122,0.025
2026-04-24,-4.38,1.95,-0.030,0.082
2026-04-25,-2.72,-0.00,-0.023,-0.005
2026-04-26,-2.52,0.92,-0.017,0.029
2026-04-27,-1.82,1.53,0.010,0.015
2026-04-28,-3.47,-0.36,-0.047,0.035
2026-04-29,-4.29,0.83,-0.057,0.050
2026-04-30,-0.23,4.31,0.031,0.030
2026-05-01,1.67,3.93,0.066,0.030
2026-05-02,-1.58,5.51,-0.001,0.115
2026-05-03,1.76,5.41,0.079,0.088
2026-05-04,-2.20,4.50,0.002,0.013
2026-05-05,-2.41,3.72,-0.011,0.058
2026-05-06,0.48,2.75,-0.006,0.021
2026-05-07,-1.65,1.43,-0.013,0.045
2026-05-08,-0.32,2.62,0.023,0.017
2026-05-09,-4.27,3.71,-0.067,0.117
2026-05-10,-4.39,4.88,-0.038,0.144
2026-05-11,-4.84,3.65,-0.054,0.118
2026-05-12,-4.11,3.70,-0.025,0.107
2026-05-13,-1.83,6.37,0.036,0.108
2026-05-14,4.96,3.88,0.158,-0.012
2026-05-15,3.73,3.02,0.065,-0.021
2026-05-16,-5.28,0.18,-0.107,0.027
2026-05-17,-7.02,-0.99,-0.148,0.064
2026-05-18,-8.39,-0.73,-0.245,0.073
2026-05-19,-7.38,0.26,-0.175,0.099
2026-05-20,-6.86,1.46,-0.162,0.110
2026-05-21,-7.90,1.39,-0.167,0.141
2026-05-22,-6.51,2.50,-0.120,0.136
2026-05-23,-7.30,2.80,-0.151,0.136
2026-05-24,-8.28,2.37,-0.185,0.148
2026-05-25,-8.78,2.85,-0.192,0.161
2026-05-26,-8.86,3.40,-0.184,0.190
2026-05-27,-7.88,3.68,-0.181,0.185
2026-05-28,-4.94,3.08,-0.096,0.118
2026-05-29,-2.34,2.89,-0.018,0.046
2026-05-30,1.40,5.21,0.058,0.056
2026-05-31,2.49,1.06,-0.024,-0.038
2026-06-01,0.17,4.96,0.003,0.064
2026-06-02,3.20,2.59,0.003,-0.044
2026-06-03,-3.44,0.18,-0.085,-0.016
2026-06-04,-4.96,-4.16,-0.210,-0.080
2026-06-05,-5.76,-3.89,-0.195,-0.033
2026-06-06,-6.20,-1.78,-0.169,0.022
2026-06-07,-5.29,0.37,-0.103,0.053
2026-06-08,-2.93,-0.68,-0.073,-0.027
2026-06-09,-3.95,-2.37,-0.133,-0.012
2026-06-10,-5.60,-2.61,-0.172,-0.015
2026-06-11,-4.41,-0.31,-0.102,0.041
2026-06-12,-3.06,0.54,-0.067,0.046
2026-06-13,-2.85,2.57,-0.042,0.063
2026-06-14,-2.94,3.26,-0.020,0.079
2026-06-15,-0.28,4.00,0.029,0.063
2026-06-16,-2.48,3.82,-0.005,0.076
2026-06-17,-3.33,4.11,-0.026,0.090
2026-06-18,-4.62,4.62,-0.042,0.132
2026-06-19,-4.60,4.45,-0.022,0.118
2026-06-20,-3.07,3.53,0.012,0.029
2026-06-21,-1.09,3.17,0.022,-0.020
2026-06-22,-3.61,2.92,-0.018,0.034
2026-06-23,-4.27,2.99,-0.042,0.069
2026-06-24,-3.68,2.48,-0.063,0.071
2026-06-25,-4.85,2.92,-0.077,0.092
2026-06-26,-6.29,2.80,-0.120,0.118
2026-06-27,-5.72,2.20,-0.104,0.112
2026-06-28,-5.98,-0.31,-0.139,0.049
2026-06-29,-4.40,1.34,-0.058,0.060
2026-06-30,-2.76,-0.05,-0.024,-0.021
2026-07-01,-1.73,1.17,-0.024,-0.007
2026-07-02,-3.14,2.82,-0.014,0.075
2026-07-03,-3.73,3.24,-0.005,0.096
2026-07-04,-3.59,2.42,-0.030,0.080
2026-07-05,-2.93,3.49,-0.001,0.069
2026-07-06,-3.47,4.28,-0.021,0.100
2026-07-07,-4.22,4.08,-0.036,0.130
2026-07-08,-5.75,3.19,-0.067,0.135
2026-07-09,-5.64,2.40,-0.087,0.108
2026-07-10,-6.65,1.66,-0.105,0.114
2026-07-11,-4.91,0.43,-0.090,0.037
2026-07-12,-4.07,1.17,-0.062,0.049
2026-07-13,-3.21,0.22,-0.062,0.036
2026-07-14,-3.16,1.21,-0.038,0.040
2026-07-15,-3.08,0.54,-0.060,0.015
2026-07-16,-1.71,1.38,-0.024,0.020
2026-07-17,-3.66,3.54,-0.028,0.103
2026-07-18,-5.36,3.62,-0.076,0.145
2026-07-19,-4.31,5.32,-0.034,0.154
2026-07-20,-3.74,4.78,-0.024,0.132
2026-07-21,-5.03,3.02,-0.074,0.101
2026-07-22,-6.44,0.56,-0.131,0.077
2026-07-23,-6.30,-1.00,-0.149,0.038
2026-07-24,-5.65,2.88,-0.103,0.100
2026-07-25,-3.95,2.98,-0.086,0.078
2026-07-26,-0.17,3.29,-0.028,0.064
2026-07-27,2.19,3.38,0.027,0.048
2026-07-28,3.46,4.76,0.086,0.082
2026-07-29,3.48,5.16,0.096,0.073
2026-07-30,0.43,4.93,0.026,0.112
2026-07-31,-0.49,3.11,-0.018,0.063
2026-08-01,-4.06,3.92,-0.068,0.125
2026-08-02,-4.84,3.51,-0.093,0.130
2026-08-03,-2.47,3.66,-0.017,0.113
2026-08-04,-4.08,2.75,-0.067,0.089
2026-08-05,-6.06,0.74,-0.133,0.086
2026-08-06,-8.19,-0.57,-0.200,0.063
2026-08-07,-5.73,4.02,-0.105,0.162
2026-08-08,-6.55,2.26,-0.136,0.121
2026-08-09,-6.50,1.74,-0.141,0.099
2026-08-10,-6.16,0.98,-0.132,0.094
2026-08-11,-5.04,0.44,-0.090,0.070
2026-08-12,-2.80,1.08,-0.034,0.020
2026-08-13,-3.29,2.13,-0.041,0.051
2026-08-14,-5.79,2.34,-0.098,0.090
2026-08-15,-5.48,2.92,-0.071,0.105
2026-08-16,-4.83,-0.00,-0.081,0.016
2026-08-17,-2.12,-0.30,-0.032,-0.022
2026-08-18,1.75,-0.09,0.010,-0.029
2026-08-19,1.18,1.96,0.007,0.007
2026-08-20,-1.50,2.70,0.005,0.019
2026-08-21,-3.14,3.04,-0.029,0.080
2026-08-22,-3.55,3.81,-0.045,0.094
2026-08-23,-3.03,2.55,-0.046,0.075
2026-08-24,-3.86,0.75,-0.062,0.073
2026-08-25,-3.88,1.89,-0.059,0.075
2026-08-26,-4.92,2.09,-0.084,0.106
2026-08-27,-4.73,2.21,-0.075,0.105
2026-08-28,-5.51,0.58,-0.107,0.066
2026-08-29,-6.70,1.55,-0.105,0.111
2026-08-30,-6.34,0.67,-0.142,0.075
2026-08-31,-3.45,2.33,-0.059,0.061
2026-09-01,-4.44,1.79,-0.097,0.069
2026-09-02,-4.51,3.52,-0.084,0.115
2026-09-03,-4.56,4.89,-0.050,0.147
2026-09-04,-4.16,3.14,-0.058,0.094
2026-09-05,-3.81,1.62,-0.069,0.065
2026-09-06,-1.81,2.79,-0.010,0.028
2026-09-07,2.23,2.39,0.032,0.023
2026-09-08,-2.53,0.18,-0.035,0.018
2026-09-09,-6.31,-0.11,-0.144,0.066
2026-09-10,-5.25,2.01,-0.093,0.110
2026-09-11,-5.62,2.62,-0.109,0.119
2026-09-12,-4.06,3.29,-0.029,0.098
2026-09-13,-2.88,1.94,-0.045,0.061
2026-09-14,-3.03,-0.64,-0.049,0.012
2026-09-15,-5.08,-0.99,-0.100,0.033
2026-09-16,-5.70,-1.21,-0.107,0.019
2026-09-17,-4.70,0.33,-0.083,0.014
2026-09-18,-4.99,-0.26,-0.090,0.015
2026-09-19,-3.20,0.11,-0.030,0.046
2026-09-20,-0.56,1.72,-0.003,0.024
2026-09-21,1.43,2.05,0.000,0.000
2026-09-22,-1.95,2.09,-0.012,0.047
2026-09-23,-1.78,1.72,0.043,0.041
2026-09-24,2.57,3.67,0.089,0.036
2026-09-25,6.02,2.56,0.154,-0.041
