date,wind_u,wind_v,cur_u,cur_v
2016-01-01,-1.64,0.38,,
2016-01-02,0.04,-2.21,,
2016-01-03,-2.17,-3.62,,
2016-01-04,0.16,-4.69,,
2016-01-05,-3.74,-4.97,,
2016-01-06,-3.74,-3.74,,
2016-01-07,-1.06,-2.63,,
2016-01-08,-0.76,3.04,,
2016-01-09,-1.73,1.30,,
2016-01-10,3.90,1.58,,
2016-01-11,-0.45,-4.29,,
2016-01-12,-1.45,-3.42,,
2016-01-13,-1.86,-3.99,,
2016-01-14,-3.38,-2.28,,
2016-01-15,-0.60,5.67,,
2016-01-16,0.78,1.40,,
2016-01-17,7.50,3.18,,
2016-01-18,0.45,-5.20,,
2016-01-19,-1.29,-5.60,,
2016-01-20,-3.08,-3.42,,
2016-01-21,-3.13,-0.00,,
2016-01-22,-0.85,5.39,,
2016-01-23,9.39,-3.61,,
2016-01-24,2.75,-4.77,,
2016-01-25,-2.30,-0.57,,
2016-01-26,-3.08,0.49,,
2016-01-27,-1.99,2.94,,
2016-01-28,-1.09,4.09,,
2016-01-29,3.20,-5.12,,
2016-01-30,-0.34,-1.77,,
2016-01-31,-1.96,-0.67,,
2016-02-01,-1.60,1.78,,
2016-02-02,-2.03,1.76,,
2016-02-03,-3.66,3.42,,
2016-02-04,-2.50,4.32,,
2016-02-05,0.23,-6.47,,
2016-02-06,-0.57,-4.07,,
2016-02-07,4.27,-5.47,,
2016-02-08,3.08,-2.32,,
2016-02-09,8.05,-1.86,,
2016-02-10,4.21,-3.06,,
2016-02-11,0.28,-3.17,,
2016-02-12,0.09,-1.72,,
2016-02-13,2.29,-2.06,,
2016-02-14,-2.31,-3.69,,
2016-02-15,-4.74,0.84,,
2016-02-16,0.92,3.45,,
2016-02-17,1.15,-2.58,,
2016-02-18,-0.53,-3.76,,
2016-02-19,-4.19,-2.72,,
2016-02-20,-3.22,-1.71,,
2016-02-21,-2.39,-0.87,,
2016-02-22,-2.22,1.80,,
2016-02-23,-1.73,3.89,,
2016-02-24,0.52,5.96,,
2016-02-25,4.32,-4.47,,
2016-02-26,2.14,-3.71,,
2016-02-27,1.57,-4.10,,
2016-02-28,-1.70,-2.94,,
2016-02-29,-1.74,-1.41,,
2016-03-01,1.93,-1.03,,
2016-03-02,2.03,-0.54,,
2016-03-03,2.26,-1.47,,
2016-03-04,3.09,0.38,,
2016-03-05,0.90,-3.37,,
2016-03-06,1.17,-4.69,,
2016-03-07,-3.80,-1.46,,
2016-03-08,-3.83,1.47,,
2016-03-09,-4.97,3.23,,
2016-03-10,-4.80,4.02,,
2016-03-11,-4.43,3.22,,
2016-03-12,-3.32,2.89,,
2016-03-13,-1.12,4.84,,
2016-03-14,0.95,3.54,,
2016-03-15,2.26,1.36,,
2016-03-16,2.20,-0.63,,
2016-03-17,2.53,1.07,,
2016-03-18,0.86,1.93,,
2016-03-19,1.02,3.15,,
2016-03-20,2.23,0.73,,
2016-03-21,3.10,-6.08,,
2016-03-22,-2.72,-3.13,,
2016-03-23,-3.48,0.37,,
2016-03-24,-3.38,2.55,,
2016-03-25,-2.29,2.37,,
2016-03-26,-1.73,2.14,,
2016-03-27,-1.98,2.83,,
2016-03-28,1.49,2.80,,
2016-03-29,0.50,-1.86,,
2016-03-30,-3.08,-2.08,,
2016-03-31,-2.78,2.78,,
2016-04-01,-0.76,3.89,,
2016-04-02,0.68,4.27,,
2016-04-03,1.25,-3.86,,
2016-04-04,-0.83,-3.33,,
2016-04-05,1.46,-4.00,,
2016-04-06,-4.26,-0.91,,
2016-04-07,1.33,3.46,,
2016-04-08,2.76,-1.06,,
2016-04-09,2.22,-4.01,,
2016-04-10,-1.87,-2.89,,
2016-04-11,-3.04,-0.37,,
2016-04-12,-2.74,1.05,,
2016-04-13,3.24,0.69,,
2016-04-14,2.14,2.74,,
2016-04-15,1.86,2.47,,
2016-04-16,-2.55,-2.38,,
2016-04-17,-5.18,-2.99,,
2016-04-18,-3.19,-3.08,,
2016-04-19,-2.73,-2.37,,
2016-04-20,-2.32,-0.54,,
2016-04-21,-3.57,1.67,,
2016-04-22,-2.09,3.93,,
2016-04-23,4.15,0.51,,
2016-04-24,2.28,-2.28,,
2016-04-25,-2.16,2.16,,
2016-04-26,-2.08,1.56,,
2016-04-27,-0.91,2.51,,
2016-04-28,0.95,2.36,,
2016-04-29,2.03,0.14,,
2016-04-30,-1.05,2.15,,
2016-05-01,-2.76,2.23,,
2016-05-02,-1.61,3.15,,
2016-05-03,1.09,3.00,,
2016-05-04,2.19,2.80,,
2016-05-05,4.96,-4.62,,
2016-05-06,2.59,-3.70,,
2016-05-07,1.84,-3.95,,
2016-05-08,1.54,-2.77,,
2016-05-09,-1.03,2.55,,
2016-05-10,-2.45,2.45,,
2016-05-11,-1.62,2.31,,
2016-05-12,-1.79,-1.55,,
2016-05-13,2.53,-1.71,,
2016-05-14,3.24,-1.58,,
2016-05-15,2.67,-2.49,,
2016-05-16,2.49,0.81,,
2016-05-17,-2.33,3.20,,
2016-05-18,1.97,1.33,,
2016-05-19,1.47,3.45,,
2016-05-20,0.25,2.01,,
2016-05-21,2.34,1.64,,
2016-05-22,3.36,-1.86,,
2016-05-23,2.21,-1.73,,
2016-05-24,1.57,-1.80,,
2016-05-25,-3.68,0.19,,
2016-05-26,-3.93,-1.51,,
2016-05-27,-2.88,-0.77,,
2016-05-28,-1.93,-0.17,,
2016-05-29,1.38,-1.29,,
2016-05-30,-1.36,1.02,,
2016-05-31,-0.69,0.99,,
2016-06-01,-1.15,0.42,,
2016-06-02,-2.17,1.11,,
2016-06-03,-1.86,1.30,,
2016-06-04,-2.20,1.22,,
2016-06-05,-2.73,2.93,,
2016-06-06,-2.30,6.68,,
2016-06-07,3.73,6.47,,
2016-06-08,2.20,2.53,,
2016-06-09,1.39,3.44,,
2016-06-10,1.77,1.48,,
2016-06-11,-1.21,-1.05,,
2016-06-12,-0.22,-2.05,,
2016-06-13,1.78,-1.84,,
2016-06-14,1.42,0.30,,
2016-06-15,1.51,1.74,,
2016-06-16,3.51,1.94,,
2016-06-17,3.76,0.33,,
2016-06-18,3.56,0.44,,
2016-06-19,-1.00,-2.61,,
2016-06-20,-3.89,-3.04,,
2016-06-21,-3.64,-1.85,,
2016-06-22,-2.70,-0.05,,
2016-06-23,-0.05,-1.46,,
2016-06-24,-1.35,-0.47,,
2016-06-25,-1.59,1.16,,
2016-06-26,-1.73,1.04,,
2016-06-27,-0.53,1.99,,
2016-06-28,0.93,1.83,,
2016-06-29,0.66,1.55,,
2016-06-30,0.25,2.03,,
2016-07-01,1.61,1.99,,
2016-07-02,1.00,1.60,,
2016-07-03,-0.22,1.59,,
2016-07-04,-1.40,1.93,,
2016-07-05,-1.23,2.12,,
2016-07-06,0.93,2.00,,
2016-07-07,1.15,1.77,,
2016-07-08,1.77,-0.86,,
2016-07-09,0.04,-2.02,,
2016-07-10,0.39,1.14,,
2016-07-11,-1.55,1.98,,
2016-07-12,-0.84,1.99,,
2016-07-13,-1.83,0.78,,
2016-07-14,-2.15,0.74,,
2016-07-15,-2.44,1.14,,
2016-07-16,-2.58,0.84,,
2016-07-17,-3.51,-0.12,,
2016-07-18,-4.17,-0.51,,
2016-07-19,-3.30,-1.68,,
2016-07-20,-3.24,-0.93,,
2016-07-21,-2.46,-0.30,,
2016-07-22,-1.82,0.63,,
2016-07-23,-1.48,0.54,,
2016-07-24,0.41,1.79,,
2016-07-25,-1.37,1.75,,
2016-07-26,-2.04,0.58,,
2016-07-27,-2.42,0.78,,
2016-07-28,-1.82,0.85,,
2016-07-29,0.55,1.91,,
2016-07-30,1.63,-0.09,,
2016-07-31,-1.60,1.12,,
2016-08-01,-2.67,-0.05,,
2016-08-02,-3.31,0.29,,
2016-08-03,-2.06,1.99,,
2016-08-04,-0.77,2.70,,
2016-08-05,-0.97,2.82,,
2016-08-06,0.49,3.12,,
2016-08-07,0.93,2.85,,
2016-08-08,-0.00,2.88,,
2016-08-09,-0.91,3.40,,
2016-08-10,-0.10,1.90,,
2016-08-11,-0.33,-2.32,,
2016-08-12,-1.57,1.10,,
2016-08-13,-2.95,1.38,,
2016-08-14,-3.70,0.39,,
2016-08-15,-3.45,-0.61,,
2016-08-16,-3.56,-0.89,,
2016-08-17,-2.97,-0.31,,
2016-08-18,-2.32,-0.54,,
2016-08-19,-0.98,-1.08,,
2016-08-20,1.44,-0.67,,
2016-08-21,1.25,-1.29,,
2016-08-22,-0.11,-2.19,,
2016-08-23,-1.41,-1.68,,
2016-08-24,-2.63,-1.91,,
2016-08-25,-3.93,-2.55,,
2016-08-26,-2.88,-1.28,,
2016-08-27,-2.76,-1.41,,
2016-08-28,-4.52,-1.73,,
2016-08-29,-4.80,0.93,,
2016-08-30,-2.66,4.10,,
2016-08-31,-1.02,5.80,,
2016-09-01,-1.72,6.92,,
2016-09-02,2.16,6.66,,
2016-09-03,1.21,2.59,,
2016-09-04,-0.99,-1.42,,
2016-09-05,-1.77,-1.77,,
2016-09-06,-2.41,-1.50,,
2016-09-07,-2.58,-1.26,,
2016-09-08,-3.38,-1.65,,
2016-09-09,-3.48,-1.06,,
2016-09-10,-3.29,0.76,,
2016-09-11,-2.32,0.58,,
2016-09-12,-2.93,-0.26,,
2016-09-13,0.27,2.22,,
2016-09-14,-0.06,3.26,,
2016-09-15,0.69,1.35,,
2016-09-16,-0.03,-1.91,,
2016-09-17,-1.01,-1.62,,
2016-09-18,1.88,-1.31,,
2016-09-19,1.40,-0.98,,
2016-09-20,1.19,-1.47,,
2016-09-21,0.10,-1.47,,
2016-09-22,-1.27,0.07,,
2016-09-23,-0.16,2.30,,
2016-09-24,-0.25,-1.61,,
2016-09-25,-1.77,0.12,,
2016-09-26,-1.19,1.11,,
2016-09-27,0.67,1.58,,
2016-09-28,1.58,1.23,,
2016-09-29,2.47,0.80,,
2016-09-30,1.75,1.27,,
2016-10-01,-1.51,0.87,,
2016-10-02,-2.42,-1.70,,
2016-10-03,-2.59,-1.68,,
2016-10-04,-2.59,-1.75,,
2016-10-05,-2.07,-2.75,,
2016-10-06,-1.07,-5.49,,
2016-10-07,7.01,-3.89,,
2016-10-08,4.08,-0.79,,
2016-10-09,-0.94,-3.52,,
2016-10-10,-3.14,-4.02,,
2016-10-11,-2.41,-4.94,,
2016-10-12,-1.92,-4.76,,
2016-10-13,-2.62,-4.35,,
2016-10-14,-3.43,-2.98,,
2016-10-15,-3.00,-2.35,,
2016-10-16,-4.10,-2.18,,
2016-10-17,-3.62,-2.35,,
2016-10-18,-3.05,-2.47,,
2016-10-19,-3.18,-2.67,,
2016-10-20,-1.49,-3.51,,
2016-10-21,1.47,-2.88,,
2016-10-22,0.92,-4.71,,
2016-10-23,-2.01,-3.78,,
2016-10-24,-2.24,-3.32,,
2016-10-25,-3.32,-2.50,,
2016-10-26,-4.49,-2.39,,
2016-10-27,-5.73,-2.67,,
2016-10-28,-5.19,-3.50,,
2016-10-29,-5.34,-3.88,,
2016-10-30,-4.90,-2.95,,
2016-10-31,-3.63,-3.50,,
2016-11-01,-4.81,-2.35,,
2016-11-02,-3.92,-2.08,,
2016-11-03,-2.49,-2.67,,
2016-11-04,-0.60,-3.06,,
2016-11-05,-1.72,-3.86,,
2016-11-06,-3.14,-3.37,,
2016-11-07,-4.60,-2.88,,
2016-11-08,-4.07,-1.64,,
2016-11-09,-2.86,-0.05,,
2016-11-10,0.59,-2.19,,
2016-11-11,-0.26,-2.49,,
2016-11-12,1.04,-2.23,,
2016-11-13,-2.38,0.12,,
2016-11-14,1.46,-1.46,,
2016-11-15,-0.50,-2.85,,
2016-11-16,-0.31,-4.37,,
2016-11-17,-1.79,-2.75,,
2016-11-18,-2.68,-1.95,,
2016-11-19,-0.87,-3.25,,
2016-11-20,0.65,-4.63,,
2016-11-21,-0.46,-3.77,,
2016-11-22,-1.52,-2.54,,
2016-11-23,-2.47,-1.61,,
2016-11-24,-2.39,-1.02,,
2016-11-25,-2.34,-0.99,,
2016-11-26,-0.18,-2.58,,
2016-11-27,-1.18,-3.43,,
2016-11-28,-4.31,0.08,,
2016-11-29,-2.78,2.98,,
2016-11-30,-2.53,3.61,,
2016-12-01,-0.49,2.79,,
2016-12-02,-0.64,-3.02,,
2016-12-03,-3.74,-2.92,,
2016-12-04,-4.40,0.08,,
2016-12-05,-2.73,3.90,,
2016-12-06,0.62,5.89,,
2016-12-07,2.62,-0.80,,
2016-12-08,0.68,-3.22,,
2016-12-09,-1.45,-5.42,,
2016-12-10,-3.73,-4.95,,
2016-12-11,-5.62,-2.05,,
2016-12-12,-2.52,0.72,,
2016-12-13,1.06,-0.99,,
2016-12-14,1.92,-0.98,,
2016-12-15,2.52,-2.35,,
2016-12-16,-2.84,-1.70,,
2016-12-17,-3.15,2.04,,
2016-12-18,-2.70,3.33,,
2016-12-19,-2.01,1.36,,
2016-12-20,-0.60,-2.24,,
2016-12-21,-1.43,-3.54,,
2016-12-22,-0.90,-3.34,,
2016-12-23,-2.91,-3.23,,
2016-12-24,-3.45,-0.55,,
2016-12-25,-3.40,-0.60,,
2016-12-26,-4.46,-0.47,,
2016-12-27,-2.72,-0.43,,
2016-12-28,1.38,-0.70,,
2016-12-29,2.16,-0.27,,
2016-12-30,0.00,-5.50,,
2016-12-31,-4.06,-1.01,,
2017-01-01,-2.32,3.19,,
2017-01-02,-2.55,3.15,,
2017-01-03,-0.34,3.91,,
2017-01-04,3.31,1.83,,
2017-01-05,1.62,-1.80,,
2017-01-06,-0.89,2.20,,
2017-01-07,4.66,4.20,,
2017-01-08,-1.34,-7.61,,
2017-01-09,-3.31,-4.91,,
2017-01-10,-3.37,-2.72,,
2017-01-11,-3.44,-0.92,,
2017-01-12,-3.73,-1.43,,
2017-01-13,-3.53,-1.50,,
2017-01-14,-3.79,-1.69,,
2017-01-15,-2.59,-0.55,,
2017-01-16,-2.53,-0.54,,
2017-01-17,-2.94,1.77,,
2017-01-18,-0.34,2.43,,
2017-01-19,1.72,0.40,,
2017-01-20,0.05,2.93,,
2017-01-21,-0.67,3.82,,
2017-01-22,0.69,7.84,,
2017-01-23,10.87,1.14,,
2017-01-24,4.64,-3.50,,
2017-01-25,-0.68,2.55,,
2017-01-26,0.13,3.70,,
2017-01-27,3.62,-0.06,,
2017-01-28,0.72,-4.06,,
2017-01-29,-0.54,-3.44,,
2017-01-30,2.94,-2.65,,
2017-01-31,-0.74,-2.97,,
2017-02-01,-0.50,-2.16,,
2017-02-02,1.00,-2.24,,
2017-02-03,1.35,-2.53,,
2017-02-04,1.34,-3.89,,
2017-02-05,1.50,-2.22,,
2017-02-06,-2.07,-2.38,,
2017-02-07,-2.65,3.27,,
2017-02-08,0.89,3.56,,
2017-02-09,4.13,0.65,,
2017-02-10,-2.54,-4.77,,
2017-02-11,-3.62,0.44,,
2017-02-12,1.98,-1.01,,
2017-02-13,2.56,-2.15,,
2017-02-14,2.47,-0.26,,
2017-02-15,2.54,4.07,,
2017-02-16,5.42,-2.64,,
2017-02-17,1.91,-2.35,,
2017-02-18,-0.95,3.32,,
2017-02-19,2.73,1.78,,
2017-02-20,0.76,-3.06,,
2017-02-21,-2.27,2.04,,
2017-02-22,-2.70,4.00,,
2017-02-23,3.62,-0.70,,
2017-02-24,1.62,-2.60,,
2017-02-25,2.24,-1.88,,
2017-02-26,-0.43,-3.49,,
2017-02-27,-4.59,1.06,,
2017-02-28,-2.37,2.29,,
2017-03-01,-2.08,2.47,,
2017-03-02,2.29,0.83,,
2017-03-03,-2.94,-4.89,,
2017-03-04,-4.99,-4.99,,
2017-03-05,-6.39,-2.33,,
2017-03-06,-6.35,-0.56,,
2017-03-07,-4.76,0.67,,
2017-03-08,-1.75,2.69,,
2017-03-09,2.32,-0.89,,
2017-03-10,3.20,-1.10,,
2017-03-11,1.46,-3.43,,
2017-03-12,0.84,2.58,,
2017-03-13,-1.68,3.30,,
2017-03-14,6.86,-1.58,,
2017-03-15,3.52,-5.21,,
2017-03-16,-0.44,-5.02,,
2017-03-17,-3.02,-2.72,,
2017-03-18,1.28,-3.01,,
2017-03-19,3.61,-3.14,,
2017-03-20,1.28,-4.79,,
2017-03-21,3.11,0.55,,
2017-03-22,2.89,-0.41,,
2017-03-23,-1.50,-3.53,,
2017-03-24,-5.63,-1.40,,
2017-03-25,-4.39,-0.08,,
2017-03-26,-2.43,0.89,,
2017-03-27,1.34,-2.64,,
2017-03-28,2.75,1.00,,
2017-03-29,2.65,1.93,,
2017-03-30,-0.06,3.56,,
2017-03-31,-0.00,5.25,,
2017-04-01,2.64,0.32,,
2017-04-02,0.66,2.32,,
2017-04-03,-2.65,4.41,,
2017-04-04,-0.90,5.66,,
2017-04-05,-0.55,4.52,,
2017-04-06,4.67,2.69,,
2017-04-07,3.23,-5.16,,
2017-04-08,2.43,-4.04,,
2017-04-09,-1.01,-4.37,,
2017-04-10,-4.06,-0.50,,
2017-04-11,-3.48,-1.70,,
2017-04-12,-3.18,-2.06,,
2017-04-13,-3.82,-2.38,,
2017-04-14,-3.56,-1.66,,
2017-04-15,-4.85,-1.12,,
2017-04-16,-4.26,0.22,,
2017-04-17,-0.53,3.01,,
2017-04-18,-2.96,0.63,,
2017-04-19,-3.55,-0.31,,
2017-04-20,-3.93,0.14,,
2017-04-21,-2.88,2.25,,
2017-04-22,-2.46,1.85,,
2017-04-23,-1.75,-1.88,,
2017-04-24,4.05,-1.39,,
2017-04-25,4.81,-1.56,,
2017-04-26,-1.04,2.85,,
2017-04-27,-0.73,3.78,,
2017-04-28,-1.43,3.21,,
2017-04-29,-4.49,2.81,,
2017-04-30,-4.24,3.69,,
2017-05-01,-2.42,4.74,,
2017-05-02,0.22,3.09,,
2017-05-03,-0.54,1.66,,
2017-05-04,0.34,3.92,,
2017-05-05,5.86,0.93,,
2017-05-06,5.39,-3.50,,
2017-05-07,2.49,-2.16,,
2017-05-08,2.29,-2.29,,
2017-05-09,3.05,-1.55,,
2017-05-10,3.12,0.38,,
2017-05-11,3.11,0.22,,
2017-05-12,2.23,1.94,,
2017-05-13,1.90,4.27,,
2017-05-14,4.74,1.54,,
2017-05-15,2.85,0.00,,
2017-05-16,-3.02,0.16,,
2017-05-17,-3.83,0.88,,
2017-05-18,-5.56,0.29,,
2017-05-19,-4.31,1.32,,
2017-05-20,-3.11,3.22,,
2017-05-21,-1.31,3.07,,
2017-05-22,2.09,2.24,,
2017-05-23,0.25,4.86,,
2017-05-24,1.68,6.72,,
2017-05-25,5.69,4.13,,
2017-05-26,-0.41,-1.91,,
2017-05-27,1.61,-1.92,,
2017-05-28,2.21,-1.99,,
2017-05-29,1.90,-1.59,,
2017-05-30,0.32,1.63,,
2017-05-31,-0.35,1.97,,
2017-06-01,-0.88,2.08,,
2017-06-02,-2.22,0.77,,
2017-06-03,-2.23,-0.23,,
2017-06-04,-1.31,1.31,,
2017-06-05,-1.47,2.36,,
2017-06-06,0.29,5.57,,
2017-06-07,2.89,6.49,,
2017-06-08,5.43,3.66,,
2017-06-09,1.81,0.45,,
2017-06-10,-0.58,2.34,,
2017-06-11,-3.20,0.17,,
2017-06-12,-3.29,-1.07,,
2017-06-13,-2.61,-0.09,,
2017-06-14,-2.76,0.05,,
2017-06-15,-1.96,1.09,,
2017-06-16,-0.31,1.76,,
2017-06-17,-0.30,1.91,,
2017-06-18,-2.65,1.66,,
2017-06-19,-4.58,0.81,,
2017-06-20,-4.18,2.61,,
2017-06-21,-3.69,3.33,,
2017-06-22,-3.37,1.36,,
2017-06-23,-2.53,1.29,,
2017-06-24,-1.59,1.77,,
2017-06-25,-1.64,0.56,,
2017-06-26,1.14,-1.46,,
2017-06-27,1.51,-1.31,,
2017-06-28,-1.49,-1.34,,
2017-06-29,-2.08,0.33,,
2017-06-30,-2.20,0.39,,
2017-07-01,-2.48,0.62,,
2017-07-02,-1.86,-0.91,,
2017-07-03,-1.75,0.44,,
2017-07-04,-1.91,0.23,,
2017-07-05,-2.17,0.08,,
2017-07-06,-2.33,-0.00,,
2017-07-07,-1.68,-0.27,,
2017-07-08,0.28,1.22,,
2017-07-09,-1.75,0.18,,
2017-07-10,-2.15,0.23,,
2017-07-11,-2.05,-0.25,,
2017-07-12,-2.09,-1.63,,
2017-07-13,-3.80,-1.54,,
2017-07-14,-3.33,-0.41,,
2017-07-15,-2.00,-0.81,,
2017-07-16,-1.60,-0.65,,
2017-07-17,-0.22,2.09,,
2017-07-18,-0.54,2.34,,
2017-07-19,-0.70,1.37,,
2017-07-20,0.80,1.33,,
2017-07-21,-0.03,1.90,,
2017-07-22,-0.06,1.73,,
2017-07-23,-0.74,1.28,,
2017-07-24,-0.63,1.56,,
2017-07-25,-1.17,-0.70,,
2017-07-26,-1.01,-0.82,,
2017-07-27,-0.11,-1.62,,
2017-07-28,1.13,1.26,,
2017-07-29,2.12,1.78,,
2017-07-30,2.95,2.06,,
2017-07-31,3.79,3.66,,
2017-08-01,3.31,3.43,,
2017-08-02,0.63,3.24,,
2017-08-03,-1.23,2.04,,
2017-08-04,-2.05,1.85,,
2017-08-05,-1.53,1.64,,
2017-08-06,-2.34,0.25,,
2017-08-07,-3.07,0.49,,
2017-08-08,-2.24,1.09,,
2017-08-09,-2.12,-0.77,,
2017-08-10,-1.24,-1.00,,
2017-08-11,1.45,0.83,,
2017-08-12,1.02,-1.36,,
2017-08-13,1.53,0.88,,
2017-08-14,0.20,1.42,,
2017-08-15,0.57,1.21,,
2017-08-16,-1.28,0.57,,
2017-08-17,-1.14,-0.93,,
2017-08-18,-0.80,-1.39,,
2017-08-19,-1.69,-0.79,,
2017-08-20,-3.03,-0.53,,
2017-08-21,-3.21,-0.28,,
2017-08-22,-2.95,-1.50,,
2017-08-23,-1.90,0.17,,
2017-08-24,-1.11,2.18,,
2017-08-25,2.78,4.63,,
2017-08-26,4.55,2.84,,
2017-08-27,3.70,4.11,,
2017-08-28,4.01,4.45,,
2017-08-29,0.42,2.35,,
2017-08-30,-1.40,-1.80,,
2017-08-31,-2.09,1.02,,
2017-09-01,-1.67,1.45,,
2017-09-02,-0.73,2.73,,
2017-09-03,-1.26,-0.95,,
2017-09-04,-1.58,-1.28,,
2017-09-05,-1.46,-0.23,,
2017-09-06,-0.36,1.69,,
2017-09-07,-0.85,-1.09,,
2017-09-08,-2.52,-2.79,,
2017-09-09,-5.13,-6.11,,
2017-09-10,-12.52,-9.44,,
2017-09-11,10.19,4.54,,
2017-09-12,3.62,0.64,,
2017-09-13,-0.98,-1.34,,
2017-09-14,-1.18,1.10,,
2017-09-15,-1.74,-0.96,,
2017-09-16,-2.56,-1.86,,
2017-09-17,-1.26,-2.83,,
2017-09-18,1.20,-3.70,,
2017-09-19,-0.15,-2.83,,
2017-09-20,-2.28,-1.85,,
2017-09-21,-1.85,-1.56,,
2017-09-22,-1.81,-2.15,,
2017-09-23,-2.40,-2.31,,
2017-09-24,-2.06,-1.73,,
2017-09-25,-1.82,-0.77,,
2017-09-26,1.77,0.19,,
2017-09-27,0.23,1.21,,
2017-09-28,-0.68,1.27,,
2017-09-29,-1.65,0.14,,
2017-09-30,0.59,1.32,,
2017-10-01,-2.69,-0.47,,
2017-10-02,-5.07,-1.95,,
2017-10-03,-5.50,-3.85,,
2017-10-04,-6.50,-3.76,,
2017-10-05,-5.46,-3.82,,
2017-10-06,-4.51,0.71,,
2017-10-07,-3.77,3.39,,
2017-10-08,-1.67,2.89,,
2017-10-09,-2.51,-0.18,,
2017-10-10,-3.57,-0.82,,
2017-10-11,-3.13,-2.03,,
2017-10-12,-3.07,-3.79,,
2017-10-13,-3.98,-2.21,,
2017-10-14,-3.83,-1.17,,
2017-10-15,-2.10,-1.36,,
2017-10-16,-0.81,-1.07,,
2017-10-17,-2.18,-1.31,,
2017-10-18,-3.34,-3.12,,
2017-10-19,-3.29,-3.65,,
2017-10-20,-4.64,-3.13,,
2017-10-21,-5.65,-2.17,,
2017-10-22,-4.75,0.25,,
2017-10-23,-2.70,2.79,,
2017-10-24,0.62,2.03,,
2017-10-25,0.45,-5.09,,
2017-10-26,-1.66,-3.55,,
2017-10-27,-3.10,-2.34,,
2017-10-28,-4.19,-1.44,,
2017-10-29,3.44,-6.75,,
2017-10-30,-1.01,-3.78,,
2017-10-31,-1.96,-1.96,,
2017-11-01,-2.30,-1.33,,
2017-11-02,-2.23,-1.39,,
2017-11-03,-1.99,-3.18,,
2017-11-04,-1.10,-3.20,,
2017-11-05,-0.27,-3.09,,
2017-11-06,-0.63,-2.20,,
2017-11-07,-1.00,-2.06,,
2017-11-08,-1.16,-2.09,,
2017-11-09,-1.12,-2.03,,
2017-11-10,-1.46,-3.44,,
2017-11-11,-4.18,-3.90,,
2017-11-12,-3.99,-3.12,,
2017-11-13,-4.05,-3.91,,
2017-11-14,-3.20,-4.74,,
2017-11-15,-2.33,-4.99,,
2017-11-16,-1.61,-4.18,,
2017-11-17,-2.82,-3.36,,
2017-11-18,-1.94,-1.63,,
2017-11-19,2.11,-0.33,,
2017-11-20,-2.97,-3.81,,
2017-11-21,-3.96,-0.70,,
2017-11-22,-0.08,-1.62,,
2017-11-23,-0.06,3.63,,
2017-11-24,4.56,-0.32,,
2017-11-25,0.04,-2.18,,
2017-11-26,-1.17,-2.21,,
2017-11-27,-2.66,-2.15,,
2017-11-28,-3.79,-2.01,,
2017-11-29,-3.65,-2.55,,
2017-11-30,-2.76,-3.29,,
2017-12-01,-2.36,-2.72,,
2017-12-02,-2.26,-2.03,,
2017-12-03,-1.21,-1.79,,
2017-12-04,-2.67,-1.87,,
2017-12-05,-2.71,-0.63,,
2017-12-06,-0.81,1.81,,
2017-12-07,-0.15,2.13,,
2017-12-08,0.14,4.13,,
2017-12-09,6.88,0.12,,
2017-12-10,-0.29,-5.56,,
2017-12-11,-0.83,-3.08,,
2017-12-12,3.28,-1.74,,
2017-12-13,1.44,-4.19,,
2017-12-14,-1.62,1.68,,
2017-12-15,-0.63,2.35,,
2017-12-16,-1.86,-0.95,,
2017-12-17,-3.07,-1.18,,
2017-12-18,-1.69,-0.68,,
2017-12-19,1.36,-1.51,,
2017-12-20,-0.18,2.03,,
2017-12-21,1.45,2.32,,
2017-12-22,-0.19,-1.59,,
2017-12-23,0.07,2.07,,
2017-12-24,0.46,1.43,,
2017-12-25,0.40,-2.07,,
2017-12-26,-2.32,-2.67,,
2017-12-27,-2.19,-2.12,,
2017-12-28,-1.67,-2.67,,
2017-12-29,-0.83,-3.60,,
2017-12-30,0.33,-3.80,,
2017-12-31,-1.55,-2.58,,
2018-01-01,2.54,0.45,,
2018-01-02,-1.70,-7.35,,
2018-01-03,1.95,-6.81,,
2018-01-04,1.05,-5.93,,
2018-01-05,-1.26,-4.13,,
2018-01-06,-2.68,-3.97,,
2018-01-07,-4.23,-3.94,,
2018-01-08,-4.01,-1.30,,
2018-01-09,-2.31,-0.71,,
2018-01-10,-1.80,-1.36,,
2018-01-11,-2.28,1.92,,
2018-01-12,-0.53,5.03,,
2018-01-13,3.95,-2.76,,
2018-01-14,0.10,-5.60,,
2018-01-15,-2.01,-4.97,,
2018-01-16,-3.35,-3.99,,
2018-01-17,0.45,-3.68,,
2018-01-18,0.10,-5.80,,
2018-01-19,-2.33,-2.77,,
2018-01-20,-2.48,-1.80,,
2018-01-21,-3.67,-1.87,,
2018-01-22,-3.47,1.92,,
2018-01-23,-1.39,2.74,,
2018-01-24,0.73,-3.41,,
2018-01-25,-3.45,-5.32,,
2018-01-26,-6.78,-3.02,,
2018-01-27,-6.80,-0.96,,
2018-01-28,-4.50,1.91,,
2018-01-29,3.52,4.35,,
2018-01-30,0.54,-6.13,,
2018-01-31,-3.18,-3.18,,
2018-02-01,-2.54,-1.08,,
2018-02-02,1.34,-2.06,,
2018-02-03,-4.27,-3.22,,
2018-02-04,-3.69,3.44,,
2018-02-05,2.66,-1.13,,
2018-02-06,-3.65,-0.51,,
2018-02-07,-2.80,3.11,,
2018-02-08,1.50,-1.21,,
2018-02-09,-3.62,-0.97,,
2018-02-10,-2.73,2.93,,
2018-02-11,-2.77,4.27,,
2018-02-12,-1.40,3.64,,
2018-02-13,-2.40,-1.02,,
2018-02-14,-2.52,-1.90,,
2018-02-15,-3.18,0.45,,
2018-02-16,1.99,0.97,,
2018-02-17,1.90,1.19,,
2018-02-18,1.81,-1.32,,
2018-02-19,-4.06,0.43,,
2018-02-20,-4.61,1.68,,
2018-02-21,-4.06,1.24,,
2018-02-22,-3.75,-0.07,,
2018-02-23,-3.58,-0.00,,
2018-02-24,-3.18,2.06,,
2018-02-25,-1.45,2.85,,
2018-02-26,-0.27,2.56,,
2018-02-27,0.93,-2.85,,
2018-02-28,-3.28,0.40,,
2018-03-01,0.70,3.30,,
2018-03-02,3.27,-0.69,,
2018-03-03,0.55,-4.48,,
2018-03-04,-0.88,-4.16,,
2018-03-05,-2.78,-3.08,,
2018-03-06,0.64,3.03,,
2018-03-07,5.50,1.79,,
2018-03-08,3.15,-4.18,,
2018-03-09,-0.14,-4.02,,
2018-03-10,-2.94,0.84,,
2018-03-11,-2.04,2.92,,
2018-03-12,5.84,-0.51,,
2018-03-13,1.53,-5.01,,
2018-03-14,2.42,-4.55,,
2018-03-15,0.78,-4.02,,
2018-03-16,1.32,-2.20,,
2018-03-17,2.16,0.38,,
2018-03-18,2.17,-0.38,,
2018-03-19,2.00,2.30,,
2018-03-20,2.42,4.20,,
2018-03-21,6.59,-2.93,,
2018-03-22,2.28,-5.12,,
2018-03-23,0.72,-4.56,,
2018-03-24,2.82,-0.81,,
2018-03-25,0.76,3.04,,
2018-03-26,0.64,-2.55,,
2018-03-27,-6.16,-1.31,,
2018-03-28,-4.32,1.40,,
2018-03-29,-3.19,4.39,,
2018-03-30,-0.55,4.46,,
2018-03-31,1.22,-1.56,,
2018-04-01,-2.59,-1.75,,
2018-04-02,2.30,-0.57,,
2018-04-03,0.91,2.63,,
2018-04-04,2.14,0.07,,
2018-04-05,1.82,-3.43,,
2018-04-06,-3.52,0.62,,
2018-04-07,1.00,4.35,,
2018-04-08,2.40,0.64,,
2018-04-09,0.48,3.42,,
2018-04-10,1.30,2.00,,
2018-04-11,3.08,-3.30,,
2018-04-12,-2.55,-3.64,,
2018-04-13,-3.09,2.50,,
2018-04-14,-2.13,3.55,,
2018-04-15,-1.18,6.71,,
2018-04-16,5.61,-4.22,,
2018-04-17,1.19,-3.46,,
2018-04-18,1.87,1.81,,
2018-04-19,2.62,0.70,,
2018-04-20,2.40,-2.31,,
2018-04-21,1.68,-2.49,,
2018-04-22,-2.85,1.09,,
2018-04-23,-1.71,3.85,,
2018-04-24,3.00,0.26,,
2018-04-25,2.73,-2.37,,
2018-04-26,2.08,-0.22,,
2018-04-27,1.86,0.57,,
2018-04-28,2.92,-3.13,,
2018-04-29,2.17,-3.22,,
2018-04-30,-3.04,-0.76,,
2018-05-01,-3.64,-1.04,,
2018-05-02,-4.47,-2.08,,
2018-05-03,-4.23,-1.54,,
2018-05-04,-3.73,-2.16,,
2018-05-05,-2.79,-3.98,,
2018-05-06,1.56,2.50,,
2018-05-07,2.42,-1.96,,
2018-05-08,0.26,-4.94,,
2018-05-09,-2.57,-2.76,,
2018-05-10,-3.54,-1.50,,
2018-05-11,-3.01,-0.32,,
2018-05-12,-2.35,0.25,,
2018-05-13,-3.14,-1.20,,
2018-05-14,-3.65,2.55,,
2018-05-15,-1.81,3.71,,
2018-05-16,-2.29,3.52,,
2018-05-17,-0.18,3.52,,
2018-05-18,-1.64,2.10,,
2018-05-19,-2.29,0.57,,
2018-05-20,-3.71,1.65,,
2018-05-21,-3.88,1.19,,
2018-05-22,-3.76,0.94,,
2018-05-23,-2.97,-0.00,,
2018-05-24,-2.22,-0.68,,
2018-05-25,-3.12,0.90,,
2018-05-26,-4.47,0.47,,
2018-05-27,-4.06,6.50,,
2018-05-28,-0.46,6.55,,
2018-05-29,-1.16,5.03,,
2018-05-30,-2.00,3.92,,
2018-05-31,-1.99,1.15,,
2018-06-01,-1.50,-0.64,,
2018-06-02,1.53,0.62,,
2018-06-03,2.88,0.20,,
2018-06-04,3.73,-0.39,,
2018-06-05,4.01,0.00,,
2018-06-06,3.45,1.06,,
2018-06-07,1.10,1.83,,
2018-06-08,-1.14,1.97,,
2018-06-09,-2.16,-0.46,,
2018-06-10,-1.88,-0.23,,
2018-06-11,-1.88,0.84,,
2018-06-12,-2.18,-0.31,,
2018-06-13,-2.01,0.11,,
2018-06-14,-1.68,-0.00,,
2018-06-15,0.38,1.25,,
2018-06-16,-1.58,0.34,,
2018-06-17,-1.55,-0.86,,
2018-06-18,-1.88,-0.61,,
2018-06-19,-1.50,-0.83,,
2018-06-20,1.91,-0.97,,
2018-06-21,2.13,-0.95,,
2018-06-22,2.51,-0.13,,
2018-06-23,1.59,-0.31,,
2018-06-24,-1.45,0.34,,
2018-06-25,-2.28,1.16,,
2018-06-26,-0.69,1.71,,
2018-06-27,-0.28,-1.33,,
2018-06-28,1.66,-1.12,,
2018-06-29,1.99,0.24,,
2018-06-30,-0.51,2.03,,
2018-07-01,-0.87,1.40,,
2018-07-02,-1.14,-0.12,,
2018-07-03,-1.76,-1.43,,
2018-07-04,-1.96,-0.24,,
2018-07-05,-1.92,0.44,,
2018-07-06,-1.77,-0.64,,
2018-07-07,-1.88,-0.23,,
2018-07-08,-2.15,-0.50,,
2018-07-09,-1.48,-1.20,,
2018-07-10,-1.24,-1.83,,
2018-07-11,-1.61,0.20,,
2018-07-12,-1.38,0.59,,
2018-07-13,-1.40,-0.84,,
2018-07-14,-0.17,-1.58,,
2018-07-15,0.73,-1.37,,
2018-07-16,1.07,-0.61,,
2018-07-17,0.85,1.83,,
2018-07-18,1.18,1.68,,
2018-07-19,2.28,0.44,,
2018-07-20,2.01,2.09,,
2018-07-21,3.77,1.37,,
2018-07-22,4.18,0.07,,
2018-07-23,3.66,2.03,,
2018-07-24,2.71,2.44,,
2018-07-25,1.44,2.59,,
2018-07-26,1.90,2.03,,
2018-07-27,0.38,1.96,,
2018-07-28,-1.85,0.94,,
2018-07-29,-1.23,1.97,,
2018-07-30,-1.35,3.03,,
2018-07-31,-2.18,1.90,,
2018-08-01,-2.39,1.73,,
2018-08-02,-2.23,1.29,,
2018-08-03,-2.48,-0.13,,
2018-08-04,-2.98,0.16,,
2018-08-05,-3.25,-0.69,,
2018-08-06,-2.66,-1.47,,
2018-08-07,-2.55,1.08,,
2018-08-08,-1.57,1.75,,
2018-08-09,1.27,1.22,,
2018-08-10,1.60,-1.72,,
2018-08-11,2.14,-1.09,,
2018-08-12,1.35,1.21,,
2018-08-13,0.26,1.87,,
2018-08-14,-1.08,1.24,,
2018-08-15,-2.45,0.61,,
2018-08-16,-2.88,0.05,,
2018-08-17,-2.43,-0.21,,
2018-08-18,-2.17,-0.04,,
2018-08-19,-1.76,0.89,,
2018-08-20,-1.97,-0.21,,
2018-08-21,-1.54,-0.69,,
2018-08-22,0.58,-1.60,,
2018-08-23,1.24,0.87,,
2018-08-24,-1.07,1.41,,
2018-08-25,-2.42,-0.69,,
2018-08-26,-2.87,-0.66,,
2018-08-27,-2.86,-1.04,,
2018-08-28,-2.71,0.24,,
2018-08-29,-2.75,-0.14,,
2018-08-30,-3.59,-1.24,,
2018-08-31,-3.28,0.06,,
2018-09-01,-3.25,-0.28,,
2018-09-02,-4.01,-0.78,,
2018-09-03,-5.94,-1.05,,
2018-09-04,-4.10,0.65,,
2018-09-05,-3.15,-1.08,,
2018-09-06,-2.92,-1.62,,
2018-09-07,-2.24,-0.08,,
2018-09-08,-1.10,1.41,,
2018-09-09,1.36,1.27,,
2018-09-10,1.30,1.35,,
2018-09-11,-1.50,-1.73,,
2018-09-12,-1.39,-1.98,,
2018-09-13,-1.59,-0.85,,
2018-09-14,0.32,1.65,,
2018-09-15,0.75,1.30,,
2018-09-16,0.84,1.99,,
2018-09-17,-1.90,0.10,,
2018-09-18,-1.22,-1.02,,
2018-09-19,-1.01,1.20,,
2018-09-20,1.35,1.02,,
2018-09-21,-1.29,-1.20,,
2018-09-22,-2.16,-0.62,,
2018-09-23,-1.86,-0.40,,
2018-09-24,-1.97,-0.68,,
2018-09-25,-1.79,-0.83,,
2018-09-26,-2.06,0.22,,
2018-09-27,-2.66,-0.00,,
2018-09-28,-2.07,-0.48,,
2018-09-29,-3.09,-1.00,,
2018-09-30,-4.03,-1.79,,
2018-10-01,-3.79,-2.01,,
2018-10-02,-3.65,-1.78,,
2018-10-03,-3.64,-2.10,,
2018-10-04,-3.51,-2.28,,
2018-10-05,-3.64,-0.98,,
2018-10-06,-3.68,-0.65,,
2018-10-07,-4.74,-0.92,,
2018-10-08,-5.83,-0.31,,
2018-10-09,-5.87,2.14,,
2018-10-10,-1.50,6.48,,
2018-10-11,2.21,2.93,,
2018-10-12,2.03,-0.04,,
2018-10-13,1.27,-2.73,,
2018-10-14,-1.94,-0.48,,
2018-10-15,-3.07,-0.11,,
2018-10-16,-4.11,-0.29,,
2018-10-17,-3.86,-0.13,,
2018-10-18,-3.40,-0.72,,
2018-10-19,-3.09,-0.66,,
2018-10-20,-0.63,-1.73,,
2018-10-21,1.37,-2.57,,
2018-10-22,-4.05,-2.34,,
2018-10-23,-2.16,-1.69,,
2018-10-24,-1.06,-2.27,,
2018-10-25,-0.76,-2.50,,
2018-10-26,3.28,2.30,,
2018-10-27,4.36,-1.67,,
2018-10-28,-1.20,-4.19,,
2018-10-29,-1.24,-2.54,,
2018-10-30,-2.48,-1.10,,
2018-10-31,-3.18,-1.09,,
2018-11-01,-2.95,3.16,,
2018-11-02,-0.51,4.17,,
2018-11-03,-2.35,-2.52,,
2018-11-04,-3.85,-0.61,,
2018-11-05,-2.28,0.61,,
2018-11-06,-0.08,-1.57,,
2018-11-07,-1.79,-0.03,,
2018-11-08,-1.54,-0.85,,
2018-11-09,-1.87,-0.76,,
2018-11-10,0.94,-2.33,,
2018-11-11,-2.68,-2.41,,
2018-11-12,-3.47,-0.24,,
2018-11-13,-1.14,2.68,,
2018-11-14,-1.67,0.26,,
2018-11-15,2.52,-3.73,,
2018-11-16,0.45,-5.16,,
2018-11-17,-1.78,-3.35,,
2018-11-18,-2.59,-1.95,,
2018-11-19,-1.93,-0.70,,
2018-11-20,0.53,-1.97,,
2018-11-21,0.37,-3.56,,
2018-11-22,-1.22,-3.54,,
2018-11-23,-1.35,-2.33,,
2018-11-24,1.48,2.90,,
2018-11-25,2.09,0.04,,
2018-11-26,1.30,2.16,,
2018-11-27,2.76,-3.94,,
2018-11-28,0.27,-5.12,,
2018-11-29,-1.83,-2.35,,
2018-11-30,-3.16,-0.56,,
2018-12-01,-3.12,3.59,,
2018-12-02,-1.32,4.92,,
2018-12-03,-0.28,4.07,,
2018-12-04,2.44,1.98,,
2018-12-05,0.28,-5.36,,
2018-12-06,-2.67,-3.82,,
2018-12-07,-2.99,-1.87,,
2018-12-08,-2.91,-0.51,,
2018-12-09,0.49,5.55,,
2018-12-10,4.54,-3.30,,
2018-12-11,0.38,-4.39,,
2018-12-12,-2.87,-2.58,,
2018-12-13,-3.66,0.65,,
2018-12-14,-3.50,5.38,,
2018-12-15,3.91,0.83,,
2018-12-16,2.29,-1.07,,
2018-12-17,1.06,-3.48,,
2018-12-18,0.31,-2.24,,
2018-12-19,-3.03,1.10,,
2018-12-20,-1.02,6.41,,
2018-12-21,10.07,3.87,,
2018-12-22,4.72,-3.69,,
2018-12-23,-0.87,-1.79,,
2018-12-24,-1.06,-2.38,,
2018-12-25,-2.44,-2.20,,
2018-12-26,-4.79,-2.13,,
2018-12-27,-6.12,0.21,,
2018-12-28,-3.96,4.24,,
2018-12-29,-1.74,2.08,,
2018-12-30,-1.70,1.11,,
2018-12-31,-2.94,2.13,,
2019-01-01,-2.32,2.01,,
2019-01-02,-1.62,1.56,,
2019-01-03,-1.48,2.90,,
2019-01-04,-0.28,4.05,,
2019-01-05,4.57,-1.94,,
2019-01-06,0.00,-3.70,,
2019-01-07,-1.98,-1.44,,
2019-01-08,-1.93,-1.25,,
2019-01-09,1.75,-3.44,,
2019-01-10,1.08,-4.67,,
2019-01-11,-1.17,-2.20,,
2019-01-12,-3.47,1.00,,
2019-01-13,-0.82,2.13,,
2019-01-14,2.41,-2.87,,
2019-01-15,1.24,-4.05,,
2019-01-16,-0.33,-3.76,,
2019-01-17,-0.67,-3.17,,
2019-01-18,0.71,-2.06,,
2019-01-19,-1.80,3.25,,
2019-01-20,7.99,0.56,,
2019-01-21,-0.16,-4.61,,
2019-01-22,-5.26,-0.93,,
2019-01-23,-5.61,2.98,,
2019-01-24,0.43,6.17,,
2019-01-25,0.65,-4.09,,
2019-01-26,-1.99,-3.07,,
2019-01-27,-3.16,-4.68,,
2019-01-28,0.99,-6.25,,
2019-01-29,1.50,-1.91,,
2019-01-30,2.28,-0.97,,
2019-01-31,-3.52,-3.17,,
2019-02-01,-2.89,-1.60,,
2019-02-02,-2.61,1.33,,
2019-02-03,1.50,-0.73,,
2019-02-04,1.64,-2.10,,
2019-02-05,0.42,-2.35,,
2019-02-06,-2.18,-1.16,,
2019-02-07,-2.33,-0.08,,
2019-02-08,-1.03,-1.59,,
2019-02-09,-2.88,-2.33,,
2019-02-10,-3.97,-1.29,,
2019-02-11,-3.51,0.88,,
2019-02-12,-2.24,3.88,,
2019-02-13,-1.07,-4.29,,
2019-02-14,-2.56,-3.94,,
2019-02-15,-0.68,-2.21,,
2019-02-16,1.37,1.81,,
2019-02-17,-0.91,3.38,,
2019-02-18,-0.97,3.61,,
2019-02-19,-1.62,1.51,,
2019-02-20,-3.60,3.25,,
2019-02-21,-1.96,2.79,,
2019-02-22,-2.21,1.99,,
2019-02-23,-1.98,3.16,,
2019-02-24,0.07,4.10,,
2019-02-25,-2.65,-2.75,,
2019-02-26,-3.95,-0.77,,
2019-02-27,-3.70,1.57,,
2019-02-28,2.93,-1.62,,
2019-03-01,0.83,-2.05,,
2019-03-02,1.60,1.12,,
2019-03-03,1.89,0.61,,
2019-03-04,2.80,1.37,,
2019-03-05,2.16,-2.67,,
2019-03-06,-0.19,-5.57,,
2019-03-07,-3.28,-2.39,,
2019-03-08,-2.82,-1.14,,
2019-03-09,-2.47,1.93,,
2019-03-10,-1.01,3.30,,
2019-03-11,2.28,-0.48,,
2019-03-12,1.78,-2.73,,
2019-03-13,-4.52,-1.38,,
2019-03-14,-4.07,1.17,,
2019-03-15,-3.04,1.90,,
2019-03-16,1.74,2.14,,
2019-03-17,0.45,-2.54,,
2019-03-18,-1.31,-3.79,,
2019-03-19,-4.30,-4.95,,
2019-03-20,-2.61,-4.34,,
2019-03-21,1.79,-4.67,,
2019-03-22,2.83,-4.36,,
2019-03-23,1.13,-2.42,,
2019-03-24,-2.87,-0.35,,
2019-03-25,-2.16,1.46,,
2019-03-26,2.38,-1.73,,
2019-03-27,2.13,-4.57,,
2019-03-28,-3.66,-5.42,,
2019-03-29,-2.72,-2.05,,
2019-03-30,-1.43,-2.38,,
2019-03-31,2.00,1.30,,
2019-04-01,2.35,1.70,,
2019-04-02,2.87,1.59,,
2019-04-03,-1.35,-3.70,,
2019-04-04,-4.43,-0.00,,
2019-04-05,-2.90,2.52,,
2019-04-06,-2.54,0.54,,
2019-04-07,-2.36,0.63,,
2019-04-08,-2.14,3.57,,
2019-04-09,0.63,5.11,,
2019-04-10,4.95,1.61,,
2019-04-11,2.57,0.00,,
2019-04-12,-1.95,2.02,,
2019-04-13,-2.64,3.26,,
2019-04-14,-1.54,4.74,,
2019-04-15,4.63,-1.24,,
2019-04-16,-0.31,-3.58,,
2019-04-17,-2.97,-0.85,,
2019-04-18,-1.68,3.61,,
2019-04-19,0.39,7.45,,
2019-04-20,6.62,-2.28,,
2019-04-21,2.67,-2.76,,
2019-04-22,0.22,-3.13,,
2019-04-23,0.12,-3.41,,
2019-04-24,-1.99,2.29,,
2019-04-25,-0.11,3.25,,
2019-04-26,2.55,4.43,,
2019-04-27,2.94,-3.15,,
2019-04-28,2.04,2.35,,
2019-04-29,-2.68,-0.42,,
2019-04-30,-3.05,-0.21,,
2019-05-01,-5.28,-1.51,,
2019-05-02,-3.90,0.14,,
2019-05-03,0.79,2.75,,
2019-05-04,-1.15,2.99,,
2019-05-05,0.35,3.95,,
2019-05-06,1.82,1.82,,
2019-05-07,1.31,-0.85,,
2019-05-08,-2.34,0.16,,
2019-05-09,-2.73,0.34,,
2019-05-10,-2.85,-0.05,,
2019-05-11,-2.69,2.18,,
2019-05-12,-0.78,3.65,,
2019-05-13,2.41,2.98,,
2019-05-14,3.24,0.63,,
2019-05-15,1.42,-2.11,,
2019-05-16,-2.91,-0.67,,
2019-05-17,-3.40,-0.98,,
2019-05-18,-3.08,-0.32,,
2019-05-19,-2.71,1.15,,
2019-05-20,1.76,0.75,,
2019-05-21,-0.46,2.38,,
2019-05-22,-1.80,0.84,,
2019-05-23,-4.92,-1.32,,
2019-05-24,-4.57,-1.85,,
2019-05-25,-4.29,-1.23,,
2019-05-26,-4.29,-0.30,,
2019-05-27,0.10,-2.74,,
2019-05-28,0.59,2.57,,
2019-05-29,-0.48,3.04,,
2019-05-30,-0.76,3.89,,
2019-05-31,-0.29,2.79,,
2019-06-01,1.42,1.63,,
2019-06-02,1.99,0.65,,
2019-06-03,2.52,-0.87,,
2019-06-04,2.45,-1.25,,
2019-06-05,-0.99,2.34,,
2019-06-06,0.46,2.39,,
2019-06-07,1.21,2.84,,
2019-06-08,0.81,3.25,,
2019-06-09,0.30,3.47,,
2019-06-10,-0.68,2.93,,
2019-06-11,0.95,2.35,,
2019-06-12,1.00,2.14,,
2019-06-13,1.57,1.87,,
2019-06-14,-0.90,-1.76,,
2019-06-15,-2.21,0.12,,
2019-06-16,-2.37,1.00,,
2019-06-17,-1.95,2.89,,
2019-06-18,0.19,3.69,,
2019-06-19,0.27,3.09,,
2019-06-20,0.58,2.51,,
2019-06-21,2.06,0.59,,
2019-06-22,1.63,-1.42,,
2019-06-23,1.92,-0.41,,
2019-06-24,2.46,-0.48,,
2019-06-25,2.28,-2.28,,
2019-06-26,1.04,-1.54,,
2019-06-27,-0.66,-2.46,,
2019-06-28,-1.71,0.27,,
2019-06-29,-2.54,0.22,,
2019-06-30,-1.96,1.04,,
2019-07-01,1.77,-1.11,,
2019-07-02,3.08,-2.49,,
2019-07-03,1.35,-2.53,,
2019-07-04,-1.65,0.35,,
2019-07-05,-1.40,1.51,,
2019-07-06,-1.12,2.20,,
2019-07-07,1.55,1.39,,
2019-07-08,1.87,0.26,,
2019-07-09,2.24,2.16,,
2019-07-10,1.11,2.62,,
2019-07-11,-0.66,4.67,,
2019-07-12,-1.82,3.29,,
2019-07-13,-3.25,0.17,,
2019-07-14,-2.53,-0.04,,
2019-07-15,-2.11,0.37,,
2019-07-16,-1.69,1.41,,
2019-07-17,-1.85,-0.06,,
2019-07-18,-1.98,-0.17,,
2019-07-19,-1.81,0.35,,
2019-07-20,-2.35,-0.00,,
2019-07-21,-1.85,0.71,,
2019-07-22,-2.31,-0.62,,
2019-07-23,0.98,2.20,,
2019-07-24,2.73,1.45,,
2019-07-25,1.89,1.14,,
2019-07-26,1.47,-0.78,,
2019-07-27,1.42,-1.23,,
2019-07-28,1.64,-0.91,,
2019-07-29,-0.18,1.75,,
2019-07-30,-1.88,0.87,,
2019-07-31,-1.98,-0.00,,
2019-08-01,-3.51,-1.56,,
2019-08-02,-3.50,1.86,,
2019-08-03,0.54,3.05,,
2019-08-04,0.97,2.82,,
2019-08-05,0.11,2.12,,
2019-08-06,1.08,1.49,,
2019-08-07,1.60,0.85,,
2019-08-08,2.16,-0.08,,
2019-08-09,1.90,-0.62,,
2019-08-10,2.14,-0.53,,
2019-08-11,2.35,-0.29,,
2019-08-12,2.31,0.12,,
2019-08-13,1.33,0.90,,
2019-08-14,0.54,1.87,,
2019-08-15,0.76,2.33,,
2019-08-16,0.67,2.89,,
2019-08-17,-0.33,2.37,,
2019-08-18,-1.81,0.09,,
2019-08-19,-3.05,-1.23,,
2019-08-20,-2.42,0.43,,
2019-08-21,-2.14,0.57,,
2019-08-22,-1.07,-1.28,,
2019-08-23,-0.85,-2.62,,
2019-08-24,-0.20,-1.94,,
2019-08-25,1.15,1.59,,
2019-08-26,0.39,1.83,,
2019-08-27,2.02,-0.99,,
2019-08-28,3.02,-2.27,,
2019-08-29,1.22,-1.88,,
2019-08-30,-2.73,-1.33,,
2019-08-31,-4.42,-0.46,,
2019-09-01,-2.30,-1.67,,
2019-09-02,2.32,-4.19,,
2019-09-03,3.31,-4.91,,
2019-09-04,5.23,-2.11,,
2019-09-05,4.88,0.09,,
2019-09-06,4.65,0.33,,
2019-09-07,2.98,-0.16,,
2019-09-08,1.73,-0.24,,
2019-09-09,-1.31,1.18,,
2019-09-10,-3.16,-1.28,,
2019-09-11,-3.96,-2.77,,
2019-09-12,-3.86,-3.36,,
2019-09-13,-4.68,-3.40,,
2019-09-14,-4.32,-2.60,,
2019-09-15,0.37,-2.63,,
2019-09-16,2.37,-2.21,,
2019-09-17,2.25,-2.77,,
2019-09-18,-0.71,-3.67,,
2019-09-19,-4.13,-3.35,,
2019-09-20,-5.91,-3.01,,
2019-09-21,-5.97,-3.04,,
2019-09-22,-6.03,-3.07,,
2019-09-23,-3.39,-3.16,,
2019-09-24,-0.89,-3.56,,
2019-09-25,0.42,-2.63,,
2019-09-26,-2.66,-1.54,,
2019-09-27,-2.87,-0.93,,
2019-09-28,-2.42,-0.34,,
2019-09-29,-3.81,-2.57,,
2019-09-30,-4.60,-3.22,,
2019-10-01,-5.01,-3.38,,
2019-10-02,-5.13,-2.18,,
2019-10-03,-4.03,-0.57,,
2019-10-04,-3.20,-0.56,,
2019-10-05,-2.53,-0.45,,
2019-10-06,-3.98,-1.45,,
2019-10-07,-3.03,-1.61,,
2019-10-08,1.15,2.17,,
2019-10-09,1.54,0.85,,
2019-10-10,-1.65,-2.20,,
2019-10-11,-3.16,-3.05,,
2019-10-12,-3.33,-1.77,,
2019-10-13,-3.54,-0.25,,
2019-10-14,-2.68,0.09,,
2019-10-15,-1.85,1.67,,
2019-10-16,2.14,1.86,,
2019-10-17,2.97,-0.16,,
2019-10-18,-0.99,2.59,,
2019-10-19,-0.91,6.49,,
2019-10-20,2.89,3.21,,
2019-10-21,0.43,2.44,,
2019-10-22,1.49,1.25,,
2019-10-23,-1.59,-2.19,,
2019-10-24,-3.94,-1.06,,
2019-10-25,-4.50,-0.31,,
2019-10-26,-2.67,3.81,,
2019-10-27,-0.47,2.98,,
2019-10-28,-1.52,1.23,,
2019-10-29,-2.30,-0.08,,
2019-10-30,-2.61,0.46,,
2019-10-31,-1.54,1.83,,
2019-11-01,0.81,-1.46,,
2019-11-02,-0.98,-3.65,,
2019-11-03,-2.62,-4.03,,
2019-11-04,-3.25,-1.31,,
2019-11-05,-1.53,-1.29,,
2019-11-06,-2.75,-1.46,,
2019-11-07,-3.12,-1.39,,
2019-11-08,1.18,-2.31,,
2019-11-09,-2.96,-4.39,,
2019-11-10,-3.76,-3.27,,
2019-11-11,-3.02,-1.47,,
2019-11-12,-0.36,-2.27,,
2019-11-13,-1.90,-4.26,,
2019-11-14,-5.42,-0.96,,
2019-11-15,-0.76,3.05,,
2019-11-16,2.46,-4.82,,
2019-11-17,1.13,-4.23,,
2019-11-18,0.04,-2.56,,
2019-11-19,3.26,-1.81,,
2019-11-20,-0.06,-3.28,,
2019-11-21,-2.47,-2.08,,
2019-11-22,-2.46,-1.66,,
2019-11-23,-0.56,2.41,,
2019-11-24,4.20,1.78,,
2019-11-25,0.30,-2.81,,
2019-11-26,-1.30,-2.09,,
2019-11-27,-2.57,-0.41,,
2019-11-28,1.25,-2.80,,
2019-11-29,-0.40,-3.24,,
2019-11-30,-2.47,-0.57,,
2019-12-01,0.44,3.12,,
2019-12-02,6.69,-0.94,,
2019-12-03,0.40,-4.60,,
2019-12-04,3.78,-2.46,,
2019-12-05,-0.15,-2.89,,
2019-12-06,-0.86,-2.35,,
2019-12-07,0.68,-2.23,,
2019-12-08,-2.00,-1.02,,
2019-12-09,-1.90,2.18,,
2019-12-10,-2.12,2.81,,
2019-12-11,-0.66,2.17,,
2019-12-12,-3.47,-2.34,,
2019-12-13,-2.60,1.63,,
2019-12-14,5.14,2.40,,
2019-12-15,-1.71,-2.19,,
2019-12-16,-2.78,1.07,,
2019-12-17,-2.77,4.11,,
2019-12-18,3.11,-2.80,,
2019-12-19,-3.87,-6.20,,
2019-12-20,-5.57,-3.76,,
2019-12-21,-5.89,-1.36,,
2019-12-22,-6.20,1.09,,
2019-12-23,6.46,0.79,,
2019-12-24,5.86,-4.10,,
2019-12-25,-0.70,-3.29,,
2019-12-26,-3.59,-2.70,,
2019-12-27,-4.10,-0.95,,
2019-12-28,-3.75,0.39,,
2019-12-29,-2.89,2.60,,
2019-12-30,-1.41,3.33,,
2019-12-31,1.54,-3.03,,
2020-01-01,-0.05,-2.81,,
2020-01-02,-2.95,2.30,,
2020-01-03,-2.27,4.87,,
2020-01-04,0.49,5.61,,
2020-01-05,1.14,-5.34,,
2020-01-06,-0.87,-2.52,,
2020-01-07,0.70,-2.80,,
2020-01-08,-1.89,-3.26,,
2020-01-09,-5.74,-1.75,,
2020-01-10,-6.85,0.48,,
2020-01-11,-5.67,3.82,,
2020-01-12,-2.96,3.28,,
2020-01-13,-4.58,0.73,,
2020-01-14,-3.31,1.27,,
2020-01-15,-1.75,1.75,,
2020-01-16,1.29,-1.99,,
2020-01-17,-3.60,-2.52,,
2020-01-18,-5.74,-0.30,,
2020-01-19,-2.03,3.99,,
2020-01-20,2.10,-3.96,,
2020-01-21,1.10,-6.24,,
2020-01-22,1.54,-6.66,,
2020-01-23,-1.33,-3.66,,
2020-01-24,-0.45,2.32,,
2020-01-25,2.44,-2.44,,
2020-01-26,1.10,-3.85,,
2020-01-27,-2.35,1.91,,
2020-01-28,2.37,-1.16,,
2020-01-29,-3.25,-0.75,,
2020-01-30,4.77,-1.28,,
2020-01-31,-1.56,-1.51,,
2020-02-01,2.42,-2.60,,
2020-02-02,2.25,-4.61,,
2020-02-03,-0.11,-2.15,,
2020-02-04,-1.72,2.55,,
2020-02-05,-2.41,3.44,,
2020-02-06,-2.17,6.31,,
2020-02-07,7.31,1.55,,
2020-02-08,-1.85,-3.63,,
2020-02-09,-4.44,-2.07,,
2020-02-10,-4.86,0.17,,
2020-02-11,-2.39,2.75,,
2020-02-12,-1.64,3.08,,
2020-02-13,-1.71,4.69,,
2020-02-14,2.12,1.66,,
2020-02-15,-2.44,-3.49,,
2020-02-16,-3.97,1.21,,
2020-02-17,1.48,0.40,,
2020-02-18,-1.22,2.20,,
2020-02-19,-0.98,2.70,,
2020-02-20,1.96,0.75,,
2020-02-21,2.04,-4.80,,
2020-02-22,-2.98,-6.40,,
2020-02-23,-3.33,-2.80,,
2020-02-24,-2.80,3.46,,
2020-02-25,-0.86,4.87,,
2020-02-26,0.86,4.07,,
2020-02-27,3.05,-5.74,,
2020-02-28,1.61,-5.26,,
2020-02-29,1.47,-4.04,,
2020-03-01,-1.68,-3.95,,
2020-03-02,-2.39,3.28,,
2020-03-03,-1.99,4.28,,
2020-03-04,-0.74,4.20,,
2020-03-05,-0.25,4.86,,
2020-03-06,5.70,-1.85,,
2020-03-07,-2.00,-6.15,,
2020-03-08,-5.44,-3.53,,
2020-03-09,-6.11,-1.08,,
2020-03-10,-3.35,-1.09,,
2020-03-11,-1.60,-1.16,,
2020-03-12,2.12,-1.08,,
2020-03-13,2.23,-0.99,,
2020-03-14,-2.49,0.76,,
2020-03-15,2.71,-0.43,,
2020-03-16,2.46,-0.35,,
2020-03-17,-0.14,2.64,,
2020-03-18,-1.88,1.82,,
2020-03-19,-2.26,2.69,,
2020-03-20,-3.19,2.87,,
2020-03-21,1.85,1.92,,
2020-03-22,2.47,1.60,,
2020-03-23,2.67,0.82,,
2020-03-24,1.22,2.88,,
2020-03-25,2.56,2.08,,
2020-03-26,3.48,-0.93,,
2020-03-27,2.81,0.10,,
2020-03-28,-0.68,3.49,,
2020-03-29,-0.97,3.62,,
2020-03-30,1.52,2.35,,
2020-03-31,2.79,1.96,,
2020-04-01,6.76,-2.07,,
2020-04-02,1.41,-4.09,,
2020-04-03,3.35,-1.02,,
2020-04-04,2.39,-0.13,,
2020-04-05,0.80,2.19,,
2020-04-06,-0.44,-3.55,,
2020-04-07,-1.48,-3.33,,
2020-04-08,2.81,-1.62,,
2020-04-09,4.67,-0.49,,
2020-04-10,5.29,0.28,,
2020-04-11,2.16,-2.87,,
2020-04-12,-3.27,4.50,,
2020-04-13,-1.14,6.46,,
2020-04-14,-0.45,4.33,,
2020-04-15,1.30,4.84,,
2020-04-16,3.21,-1.10,,
2020-04-17,-4.34,-1.08,,
2020-04-18,2.76,0.29,,
2020-04-19,1.35,2.90,,
2020-04-20,3.84,5.10,,
2020-04-21,3.99,-2.03,,
2020-04-22,1.64,-3.51,,
2020-04-23,-3.03,4.67,,
2020-04-24,1.13,5.83,,
2020-04-25,-0.68,4.83,,
2020-04-26,2.09,1.30,,
2020-04-27,2.42,-3.88,,
2020-04-28,-2.02,-3.37,,
2020-04-29,-2.51,3.33,,
2020-04-30,2.06,4.04,,
2020-05-01,2.42,-4.19,,
2020-05-02,1.46,-3.44,,
2020-05-03,2.84,-1.03,,
2020-05-04,2.84,-0.05,,
2020-05-05,2.91,-0.15,,
2020-05-06,3.44,-0.86,,
2020-05-07,3.76,-4.81,,
2020-05-08,-4.60,2.05,,
2020-05-09,3.63,-0.32,,
2020-05-10,-3.36,-0.29,,
2020-05-11,-0.89,-3.57,,
2020-05-12,-3.77,-2.18,,
2020-05-13,-5.29,-1.32,,
2020-05-14,-6.89,-1.34,,
2020-05-15,-5.45,-2.54,,
2020-05-16,1.60,-3.43,,
2020-05-17,2.85,1.45,,
2020-05-18,0.52,2.46,,
2020-05-19,2.55,5.23,,
2020-05-20,1.49,1.65,,
2020-05-21,0.16,2.34,,
2020-05-22,-2.99,-0.00,,
2020-05-23,-3.20,-0.28,,
2020-05-24,-4.44,-0.23,,
2020-05-25,-4.47,0.95,,
2020-05-26,2.09,2.67,,
2020-05-27,1.02,3.13,,
2020-05-28,-1.59,1.54,,
2020-05-29,-2.41,-0.13,,
2020-05-30,-2.07,0.11,,
2020-05-31,0.83,-1.39,,
2020-06-01,-0.98,-1.17,,
2020-06-02,-2.69,-0.33,,
2020-06-03,-2.62,-0.46,,
2020-06-04,-2.00,2.14,,
2020-06-05,-3.27,0.34,,
2020-06-06,-4.81,2.04,,
2020-06-07,-1.70,5.55,,
2020-06-08,-0.71,3.65,,
2020-06-09,0.27,1.89,,
2020-06-10,-1.10,-0.93,,
2020-06-11,-1.69,-1.53,,
2020-06-12,-2.29,-1.07,,
2020-06-13,-2.96,-0.52,,
2020-06-14,-1.80,-1.17,,
2020-06-15,-1.28,-1.76,,
2020-06-16,-2.52,-1.70,,
2020-06-17,-2.25,0.12,,
2020-06-18,-1.70,1.33,,
2020-06-19,-1.51,2.00,,
2020-06-20,-1.52,0.81,,
2020-06-21,0.37,0.96,,
2020-06-22,-1.07,1.15,,
2020-06-23,0.92,1.90,,
2020-06-24,0.84,1.03,,
2020-06-25,-1.17,0.55,,
2020-06-26,-2.42,-0.65,,
2020-06-27,-2.48,0.26,,
2020-06-28,-0.08,2.17,,
2020-06-29,0.77,1.82,,
2020-06-30,1.82,-0.45,,
2020-07-01,2.38,-0.12,,
2020-07-02,2.37,0.33,,
2020-07-03,2.74,0.05,,
2020-07-04,2.85,0.15,,
2020-07-05,2.12,0.57,,
2020-07-06,0.82,1.75,,
2020-07-07,1.67,0.26,,
2020-07-08,2.03,-1.48,,
2020-07-09,2.73,-1.64,,
2020-07-10,3.94,-1.75,,
2020-07-11,4.42,-1.19,,
2020-07-12,3.88,1.97,,
2020-07-13,3.39,1.96,,
2020-07-14,2.51,-0.40,,
2020-07-15,1.34,-1.84,,
2020-07-16,-1.98,-1.01,,
2020-07-17,-3.23,-0.69,,
2020-07-18,-4.34,-0.30,,
2020-07-19,-2.88,-0.40,,
2020-07-20,-3.86,-0.82,,
2020-07-21,-4.77,1.01,,
2020-07-22,-4.36,0.15,,
2020-07-23,-4.25,1.06,,
2020-07-24,-3.76,0.53,,
2020-07-25,-3.15,-0.28,,
2020-07-26,-2.74,1.78,,
2020-07-27,-1.39,1.92,,
2020-07-28,-2.26,0.28,,
2020-07-29,-1.90,-0.47,,
2020-07-30,-1.64,-1.38,,
2020-07-31,-1.96,-0.49,,
2020-08-01,-3.04,-2.38,,
2020-08-02,0.76,-5.44,,
2020-08-03,1.67,-1.31,,
2020-08-04,1.54,1.08,,
2020-08-05,-0.14,1.36,,
2020-08-06,-0.89,2.32,,
2020-08-07,-0.48,-1.40,,
2020-08-08,-1.97,-0.42,,
2020-08-09,-1.25,-1.21,,
2020-08-10,-1.12,-1.55,,
2020-08-11,-1.26,-0.79,,
2020-08-12,-1.71,0.03,,
2020-08-13,-1.84,-0.32,,
2020-08-14,-1.17,0.92,,
2020-08-15,1.48,0.08,,
2020-08-16,1.68,0.72,,
2020-08-17,1.76,-0.28,,
2020-08-18,0.42,1.81,,
2020-08-19,0.94,2.32,,
2020-08-20,-0.09,2.58,,
2020-08-21,-1.25,2.81,,
2020-08-22,-3.32,0.17,,
2020-08-23,-3.55,0.12,,
2020-08-24,-5.45,1.26,,
2020-08-25,-5.02,1.35,,
2020-08-26,-3.12,0.38,,
2020-08-27,-1.73,2.38,,
2020-08-28,-0.53,2.12,,
2020-08-29,0.80,2.19,,
2020-08-30,2.08,0.52,,
2020-08-31,2.23,-0.43,,
2020-09-01,-1.55,-1.13,,
2020-09-02,-1.95,-0.52,,
2020-09-03,-2.42,0.25,,
2020-09-04,-1.56,-1.17,,
2020-09-05,-1.83,-0.89,,
2020-09-06,-1.63,-1.19,,
2020-09-07,-1.70,-1.07,,
2020-09-08,-2.29,-0.36,,
2020-09-09,-0.95,2.46,,
2020-09-10,-1.90,-0.00,,
2020-09-11,-1.66,-2.04,,
2020-09-12,-4.46,-2.37,,
2020-09-13,-4.22,5.81,,
2020-09-14,-2.69,2.03,,
2020-09-15,-2.67,1.48,,
2020-09-16,-1.97,3.15,,
2020-09-17,0.34,3.87,,
2020-09-18,2.21,1.38,,
2020-09-19,1.31,-1.46,,
2020-09-20,0.83,-2.73,,
2020-09-21,-5.10,-3.70,,
2020-09-22,-5.03,-2.91,,
2020-09-23,-3.58,-0.96,,
2020-09-24,-3.65,1.12,,
2020-09-25,-1.64,2.26,,
2020-09-26,1.54,-0.38,,
2020-09-27,-0.85,-0.94,,
2020-09-28,-0.85,1.68,,
2020-09-29,-0.06,3.42,,
2020-09-30,-1.30,-2.66,,
2020-10-01,-2.55,-3.03,,
2020-10-02,-2.67,-2.87,,
2020-10-03,-2.83,-2.64,,
2020-10-04,-2.97,-1.85,,
2020-10-05,-4.59,-1.95,,
2020-10-06,-3.45,-0.24,,
2020-10-07,-3.89,0.69,,
2020-10-08,-2.47,0.80,,
2020-10-09,-2.80,1.19,,
2020-10-10,-2.16,2.97,,
2020-10-11,1.88,2.50,,
2020-10-12,2.23,-0.86,,
2020-10-13,0.88,-3.29,,
2020-10-14,-1.81,-2.40,,
2020-10-15,-2.46,-0.95,,
2020-10-16,-2.15,-1.09,,
2020-10-17,-3.00,-3.00,,
2020-10-18,-3.80,-3.55,,
2020-10-19,-5.24,-3.27,,
2020-10-20,-5.13,-1.67,,
2020-10-21,-5.89,-1.04,,
2020-10-22,-4.96,-1.05,,
2020-10-23,-4.16,-0.81,,
2020-10-24,-3.81,-0.88,,
2020-10-25,-2.75,1.86,,
2020-10-26,-3.12,1.26,,
2020-10-27,-4.36,0.69,,
2020-10-28,-4.04,0.93,,
2020-10-29,-0.93,3.46,,
2020-10-30,2.26,-2.26,,
2020-10-31,-3.28,-2.39,,
2020-11-01,-2.60,-1.56,,
2020-11-02,-2.56,-5.24,,
2020-11-03,-4.54,-4.54,,
2020-11-04,-4.40,-3.70,,
2020-11-05,-5.20,-2.77,,
2020-11-06,-4.83,-2.57,,
2020-11-07,-5.73,-2.43,,
2020-11-08,-6.60,-4.45,,
2020-11-09,-8.01,-3.24,,
2020-11-10,-6.61,1.17,,
2020-11-11,-5.16,7.65,,
2020-11-12,1.42,5.30,,
2020-11-13,0.39,-2.02,,
2020-11-14,-2.45,-1.71,,
2020-11-15,-2.08,-0.60,,
2020-11-16,-0.58,-1.89,,
2020-11-17,-2.59,-4.49,,
2020-11-18,-4.11,-5.26,,
2020-11-19,-4.67,-3.52,,
2020-11-20,-4.27,-3.58,,
2020-11-21,-3.47,-3.24,,
2020-11-22,-3.04,-2.55,,
2020-11-23,-0.70,-3.28,,
2020-11-24,-3.01,-3.34,,
2020-11-25,-4.33,-0.92,,
2020-11-26,-2.31,-0.00,,
2020-11-27,-1.10,-1.51,,
2020-11-28,-0.50,-1.36,,
2020-11-29,0.85,1.92,,
2020-11-30,3.58,3.71,,
2020-12-01,0.89,-5.61,,
2020-12-02,-2.64,-3.63,,
2020-12-03,-3.63,-1.93,,
2020-12-04,-2.87,1.04,,
2020-12-05,1.10,2.37,,
2020-12-06,-0.51,-2.63,,
2020-12-07,1.39,-4.05,,
2020-12-08,2.68,-5.76,,
2020-12-09,0.00,-3.99,,
2020-12-10,-0.79,-1.69,,
2020-12-11,-2.55,-1.85,,
2020-12-12,-2.14,-0.74,,
2020-12-13,-1.62,1.74,,
2020-12-14,0.13,3.68,,
2020-12-15,1.94,-0.38,,
2020-12-16,-1.31,2.82,,
2020-12-17,2.92,-1.82,,
2020-12-18,-1.40,-4.57,,
2020-12-19,-2.87,-2.16,,
2020-12-20,-2.02,3.11,,
2020-12-21,4.99,-0.70,,
2020-12-22,-1.42,-3.70,,
2020-12-23,-2.10,-1.76,,
2020-12-24,-1.53,3.43,,
2020-12-25,3.02,-6.20,,
2020-12-26,-1.28,-4.18,,
2020-12-27,-2.11,-3.13,,
2020-12-28,-2.81,-2.71,,
2020-12-29,-3.88,-2.82,,
2020-12-30,-4.48,-1.28,,
2020-12-31,-4.97,3.23,,
2021-01-01,-4.09,4.38,,
2021-01-02,-1.99,4.69,,
2021-01-03,0.37,4.20,,
2021-01-04,1.18,-2.92,,
2021-01-05,0.89,-3.32,,
2021-01-06,0.00,-2.82,,
2021-01-07,-1.72,2.86,,
2021-01-08,5.13,-0.72,,
2021-01-09,3.78,-4.50,,
2021-01-10,-0.33,-3.80,,
2021-01-11,-2.47,0.62,,
2021-01-12,2.07,1.10,,
2021-01-13,0.37,-3.56,,
2021-01-14,-0.27,-3.14,,
2021-01-15,1.77,-1.59,,
2021-01-16,5.35,-2.16,,
2021-01-17,-2.68,-0.00,,
2021-01-18,1.27,-2.20,,
2021-01-19,-0.93,-2.85,,
2021-01-20,-1.16,-2.10,,
2021-01-21,0.86,-2.25,,
2021-01-22,1.38,1.24,,
2021-01-23,1.82,1.18,,
2021-01-24,-0.17,-2.44,,
2021-01-25,-0.53,2.75,,
2021-01-26,-0.51,3.66,,
2021-01-27,0.39,2.44,,
2021-01-28,2.07,-4.89,,
2021-01-29,-1.89,-3.56,,
2021-01-30,-2.75,-0.95,,
2021-01-31,-2.19,2.91,,
2021-02-01,7.51,-0.53,,
2021-02-02,7.36,-6.62,,
2021-02-03,3.65,-4.20,,
2021-02-04,0.59,-2.56,,
2021-02-05,-0.39,3.18,,
2021-02-06,-1.52,3.76,,
2021-02-07,1.76,5.40,,
2021-02-08,-0.90,-2.76,,
2021-02-09,-0.28,2.24,,
2021-02-10,-0.33,-1.87,,
2021-02-11,-1.70,2.43,,
2021-02-12,-1.40,2.87,,
2021-02-13,-1.38,4.24,,
2021-02-14,-0.57,4.67,,
2021-02-15,-0.37,4.27,,
2021-02-16,4.73,3.07,,
2021-02-17,-3.37,-0.41,,
2021-02-18,-1.48,4.07,,
2021-02-19,1.30,4.53,,
2021-02-20,-0.69,-5.62,,
2021-02-21,-5.12,-3.32,,
2021-02-22,-4.08,2.26,,
2021-02-23,3.55,-0.89,,
2021-02-24,1.42,-2.36,,
2021-02-25,0.74,-2.60,,
2021-02-26,-2.72,-0.24,,
2021-02-27,-1.87,2.89,,
2021-02-28,-3.33,3.58,,
2021-03-01,-1.17,3.83,,
2021-03-02,1.71,2.18,,
2021-03-03,5.13,1.37,,
2021-03-04,3.00,-4.13,,
2021-03-05,1.68,-3.76,,
2021-03-06,-2.42,1.63,,
2021-03-07,-1.82,-5.29,,
2021-03-08,-3.97,-4.73,,
2021-03-09,-4.44,-3.23,,
2021-03-10,-4.13,-2.11,,
2021-03-11,-4.73,-1.18,,
2021-03-12,-3.63,-2.18,,
2021-03-13,-1.94,-3.10,,
2021-03-14,1.70,1.82,,
2021-03-15,1.27,1.95,,
2021-03-16,-1.22,3.98,,
2021-03-17,-1.61,4.00,,
2021-03-18,-0.08,4.84,,
2021-03-19,5.15,-1.58,,
2021-03-20,2.70,-4.49,,
2021-03-21,2.25,-4.62,,
2021-03-22,2.93,-2.93,,
2021-03-23,1.65,-1.71,,
2021-03-24,0.47,2.40,,
2021-03-25,-1.82,4.30,,
2021-03-26,-1.37,4.48,,
2021-03-27,-1.83,3.04,,
2021-03-28,-1.01,4.07,,
2021-03-29,2.12,0.69,,
2021-03-30,-1.81,2.24,,
2021-03-31,-1.15,2.84,,
2021-04-01,2.31,-1.80,,
2021-04-02,-2.51,-6.21,,
2021-04-03,-4.46,-4.78,,
2021-04-04,-3.95,-3.56,,
2021-04-05,-2.88,-2.02,,
2021-04-06,1.43,2.49,,
2021-04-07,2.27,1.59,,
2021-04-08,0.54,3.04,,
2021-04-09,-0.55,3.94,,
2021-04-10,-1.77,5.46,,
2021-04-11,1.44,5.39,,
2021-04-12,3.33,2.16,,
2021-04-13,0.18,-2.61,,
2021-04-14,-2.64,1.46,,
2021-04-15,0.12,3.33,,
2021-04-16,1.94,1.81,,
2021-04-17,2.20,2.81,,
2021-04-18,1.21,3.15,,
2021-04-19,2.18,3.49,,
2021-04-20,0.97,4.22,,
2021-04-21,2.98,-0.80,,
2021-04-22,1.05,-3.22,,
2021-04-23,-4.04,-0.50,,
2021-04-24,-3.69,4.56,,
2021-04-25,3.07,3.18,,
2021-04-26,2.54,-2.20,,
2021-04-27,-4.54,-0.40,,
2021-04-28,-3.84,1.03,,
2021-04-29,-0.98,3.40,,
2021-04-30,1.81,1.75,,
2021-05-01,2.51,-1.63,,
2021-05-02,1.33,2.98,,
2021-05-03,-0.60,4.25,,
2021-05-04,-0.54,4.38,,
2021-05-05,-0.00,3.88,,
2021-05-06,2.55,0.78,,
2021-05-07,3.73,-2.71,,
2021-05-08,1.53,-3.61,,
2021-05-09,-3.75,2.73,,
2021-05-10,-0.67,3.44,,
2021-05-11,1.28,1.59,,
2021-05-12,2.24,1.69,,
2021-05-13,1.96,-2.70,,
2021-05-14,-0.82,-4.67,,
2021-05-15,-3.16,-3.39,,
2021-05-16,-4.58,-2.97,,
2021-05-17,-3.97,-1.77,,
2021-05-18,-5.37,-0.95,,
2021-05-19,-6.61,-0.70,,
2021-05-20,-7.04,-0.49,,
2021-05-21,-6.65,-1.91,,
2021-05-22,-4.78,-1.74,,
2021-05-23,-4.79,-0.67,,
2021-05-24,0.74,-3.20,,
2021-05-25,0.67,3.14,,
2021-05-26,-0.00,2.95,,
2021-05-27,2.28,0.87,,
2021-05-28,1.44,2.49,,
2021-05-29,2.07,1.68,,
2021-05-30,2.43,-0.26,,
2021-05-31,-2.41,-0.83,,
2021-06-01,-3.78,-1.30,,
2021-06-02,-2.62,0.46,,
2021-06-03,-1.77,2.19,,
2021-06-04,-1.27,2.72,,
2021-06-05,-1.89,1.76,,
2021-06-06,-3.12,2.03,,
2021-06-07,-3.03,2.55,,
2021-06-08,-2.60,2.19,,
2021-06-09,2.16,1.20,,
2021-06-10,1.07,2.39,,
2021-06-11,0.14,2.70,,
2021-06-12,1.78,1.20,,
2021-06-13,3.29,1.01,,
2021-06-14,3.60,3.24,,
2021-06-15,2.81,3.23,,
2021-06-16,-0.08,2.23,,
2021-06-17,-2.45,0.17,,
2021-06-18,-3.23,-0.45,,
2021-06-19,-1.77,3.33,,
2021-06-20,0.53,3.02,,
2021-06-21,-0.72,2.50,,
2021-06-22,-0.59,3.36,,
2021-06-23,-2.10,0.33,,
2021-06-24,-2.38,-1.06,,
2021-06-25,-3.45,-0.99,,
2021-06-26,-2.86,-0.40,,
2021-06-27,-3.18,-0.11,,
2021-06-28,-2.79,0.05,,
2021-06-29,-3.40,0.48,,
2021-06-30,-3.52,-0.00,,
2021-07-01,-1.70,0.98,,
2021-07-02,1.86,1.30,,
2021-07-03,3.28,0.70,,
2021-07-04,1.81,-1.13,,
2021-07-05,-3.21,-0.39,,
2021-07-06,-5.97,1.27,,
2021-07-07,0.44,6.29,,
2021-07-08,-0.20,2.32,,
2021-07-09,-1.89,0.30,,
2021-07-10,-1.98,-0.46,,
2021-07-11,-1.94,-0.20,,
2021-07-12,-3.33,0.12,,
2021-07-13,-3.97,-0.21,,
2021-07-14,-2.91,-0.84,,
2021-07-15,-2.94,-1.19,,
2021-07-16,-2.76,-0.49,,
2021-07-17,-1.77,0.19,,
2021-07-18,-2.13,-0.07,,
2021-07-19,-1.97,-0.60,,
2021-07-20,-1.90,2.03,,
2021-07-21,-0.07,2.10,,
2021-07-22,1.50,-2.06,,
2021-07-23,1.37,-1.28,,
2021-07-24,1.93,-1.30,,
2021-07-25,-1.49,-0.37,,
2021-07-26,0.04,2.06,,
2021-07-27,0.73,1.57,,
2021-07-28,1.80,-0.55,,
2021-07-29,0.94,-1.12,,
2021-07-30,1.38,1.33,,
2021-07-31,1.20,1.78,,
2021-08-01,1.34,1.84,,
2021-08-02,0.39,2.00,,
2021-08-03,1.53,2.11,,
2021-08-04,0.48,3.00,,
2021-08-05,-0.19,2.18,,
2021-08-06,-0.32,1.79,,
2021-08-07,-1.25,1.72,,
2021-08-08,-1.55,0.66,,
2021-08-09,-1.84,-0.13,,
2021-08-10,-2.42,-0.56,,
2021-08-11,-2.35,-1.70,,
2021-08-12,-2.26,-1.41,,
2021-08-13,-3.74,-1.99,,
2021-08-14,-4.61,-1.59,,
2021-08-15,-4.61,0.98,,
2021-08-16,-1.97,2.81,,
2021-08-17,-1.21,1.86,,
2021-08-18,-2.85,-0.20,,
2021-08-19,-1.65,-0.29,,
2021-08-20,1.67,0.26,,
2021-08-21,2.18,-0.38,,
2021-08-22,-1.27,1.23,,
2021-08-23,-0.34,1.37,,
2021-08-24,-2.24,1.04,,
2021-08-25,-1.70,-1.53,,
2021-08-26,-3.73,-2.16,,
2021-08-27,-3.81,-1.24,,
2021-08-28,-4.43,1.44,,
2021-08-29,-2.30,1.55,,
2021-08-30,-1.87,0.03,,
2021-08-31,1.28,1.70,,
2021-09-01,2.63,0.91,,
2021-09-02,2.73,0.78,,
2021-09-03,2.79,-0.44,,
2021-09-04,1.81,-0.38,,
2021-09-05,2.21,-0.59,,
2021-09-06,2.25,-0.48,,
2021-09-07,1.87,0.10,,
2021-09-08,-0.29,1.65,,
2021-09-09,2.00,1.25,,
2021-09-10,1.79,-0.16,,
2021-09-11,-2.07,-0.96,,
2021-09-12,-3.20,-1.36,,
2021-09-13,-3.52,-0.62,,
2021-09-14,-2.28,-0.65,,
2021-09-15,-2.01,1.35,,
2021-09-16,0.27,3.05,,
2021-09-17,-0.03,1.91,,
2021-09-18,1.19,0.66,,
2021-09-19,1.13,-1.05,,
2021-09-20,-0.91,-0.79,,
2021-09-21,-1.52,-0.91,,
2021-09-22,-0.84,1.88,,
2021-09-23,1.34,0.74,,
2021-09-24,-1.23,0.45,,
2021-09-25,-1.80,-0.88,,
2021-09-26,-1.83,-1.54,,
2021-09-27,-2.22,-1.55,,
2021-09-28,-2.54,-1.85,,
2021-09-29,-1.76,-1.48,,
2021-09-30,-3.21,-1.50,,
2021-10-01,-3.62,-1.18,,
2021-10-02,-3.96,-0.63,,
2021-10-03,-3.37,-1.09,,
2021-10-04,-1.79,-1.86,,
2021-10-05,-1.82,2.17,,
2021-10-06,-2.32,0.45,,
2021-10-07,-2.37,0.91,,
2021-10-08,-1.99,-1.10,,
2021-10-09,2.69,-0.77,,
2021-10-10,-1.76,-1.48,,
2021-10-11,-1.32,-1.63,,
2021-10-12,-2.10,-0.22,,
2021-10-13,-2.12,-0.41,,
2021-10-14,-1.47,-1.42,,
2021-10-15,-1.56,-1.41,,
2021-10-16,2.04,-1.32,,
2021-10-17,1.28,-2.51,,
2021-10-18,-3.48,-2.82,,
2021-10-19,-3.95,-1.84,,
2021-10-20,-4.07,-1.40,,
2021-10-21,-2.87,-2.01,,
2021-10-22,-1.49,-1.98,,
2021-10-23,-2.10,-1.52,,
2021-10-24,-3.13,-0.00,,
2021-10-25,2.51,3.33,,
2021-10-26,3.46,-0.80,,
2021-10-27,2.29,-0.97,,
2021-10-28,2.03,4.36,,
2021-10-29,7.20,1.80,,
2021-10-30,7.90,-0.28,,
2021-10-31,1.99,-1.73,,
2021-11-01,0.45,-3.70,,
2021-11-02,-1.06,-1.99,,
2021-11-03,-2.13,-1.72,,
2021-11-04,-2.11,-1.08,,
2021-11-05,-4.01,2.23,,
2021-11-06,3.63,-3.76,,
2021-11-07,2.70,-5.30,,
2021-11-08,0.27,-3.80,,
2021-11-09,-2.21,-3.28,,
2021-11-10,-1.90,-2.19,,
2021-11-11,-2.25,1.52,,
2021-11-12,-0.55,-1.59,,
2021-11-13,1.60,-0.92,,
2021-11-14,1.27,-3.49,,
2021-11-15,-1.02,-3.83,,
2021-11-16,-2.69,-2.69,,
2021-11-17,-4.14,-1.67,,
2021-11-18,-3.41,-1.24,,
2021-11-19,-1.91,-3.17,,
2021-11-20,-3.64,-3.91,,
2021-11-21,-3.48,-2.44,,
2021-11-22,0.65,-3.04,,
2021-11-23,0.67,-5.42,,
2021-11-24,-3.42,-4.22,,
2021-11-25,-2.75,-2.48,,
2021-11-26,0.34,-2.77,,
2021-11-27,1.16,-3.03,,
2021-11-28,0.04,-2.51,,
2021-11-29,0.71,-3.65,,
2021-11-30,0.48,-2.72,,
2021-12-01,-2.59,-1.56,,
2021-12-02,2.22,-1.44,,
2021-12-03,0.90,-2.61,,
2021-12-04,0.18,-2.53,,
2021-12-05,-0.63,-2.35,,
2021-12-06,-1.19,-1.77,,
2021-12-07,1.10,-2.07,,
2021-12-08,0.15,2.80,,
2021-12-09,1.28,0.83,,
2021-12-10,-1.90,-1.24,,
2021-12-11,-1.61,2.22,,
2021-12-12,0.25,-2.34,,
2021-12-13,-1.30,-2.16,,
2021-12-14,-2.62,-2.44,,
2021-12-15,-3.18,-2.15,,
2021-12-16,-3.31,-0.23,,
2021-12-17,-3.40,0.06,,
2021-12-18,-3.31,1.27,,
2021-12-19,-0.63,2.95,,
2021-12-20,1.05,-1.90,,
2021-12-21,4.54,4.86,,
2021-12-22,3.01,-4.46,,
2021-12-23,0.26,-3.70,,
2021-12-24,-1.28,-2.22,,
2021-12-25,-0.13,-2.53,,
2021-12-26,0.13,-2.55,,
2021-12-27,0.96,-1.97,,
2021-12-28,-1.49,2.69,,
2021-12-29,-1.10,3.03,,
2021-12-30,-0.43,2.73,,
2021-12-31,0.04,2.18,,
2022-01-01,-1.00,3.28,-0.035,0.059
2022-01-02,-0.55,4.46,-0.051,0.111
2022-01-03,5.16,-1.38,0.066,-0.051
2022-01-04,-0.07,-4.09,0.066,-0.101
2022-01-05,-1.43,-2.38,0.001,0.030
2022-01-06,0.16,-2.27,0.035,-0.056
2022-01-07,2.50,0.44,0.026,-0.022
2022-01-08,-4.43,-1.79,-0.038,0.004
2022-01-09,-5.10,-0.81,-0.043,0.016
2022-01-10,-1.28,-2.52,-0.010,-0.017
2022-01-11,-2.17,-4.65,0.024,-0.104
2022-01-12,-3.78,-3.06,-0.014,-0.046
2022-01-13,1.08,-3.14,0.012,-0.020
2022-01-14,3.27,-3.90,0.101,-0.127
2022-01-15,-2.33,1.95,-0.014,0.033
2022-01-16,3.81,6.34,-0.005,0.105
2022-01-17,7.46,-3.97,0.149,-0.160
2022-01-18,0.11,-3.20,0.076,-0.084
2022-01-19,-3.17,-0.17,-0.009,0.002
2022-01-20,-1.94,1.12,0.011,-0.035
2022-01-21,0.74,-1.83,0.013,-0.029
2022-01-22,-1.46,-2.75,0.019,-0.058
2022-01-23,1.31,-4.91,0.072,-0.132
2022-01-24,0.12,-3.50,0.063,-0.114
2022-01-25,-1.89,-1.13,-0.005,-0.005
2022-01-26,-0.33,3.77,-0.012,0.075
2022-01-27,-0.16,-3.13,0.006,-0.001
2022-01-28,2.29,-3.53,0.064,-0.083
2022-01-29,5.92,-6.82,0.170,-0.253
2022-01-30,0.00,-4.43,0.076,-0.151
2022-01-31,-1.70,-1.95,0.018,-0.048
2022-02-01,-3.90,-0.97,-0.034,-0.011
2022-02-02,-4.70,0.49,-0.038,0.028
2022-02-03,-3.86,3.47,-0.061,0.036
2022-02-04,-2.39,3.99,-0.057,0.037
2022-02-05,1.43,1.58,-0.001,0.021
2022-02-06,-0.41,-3.37,0.014,-0.039
2022-02-07,2.06,-2.73,0.062,-0.089
2022-02-08,-0.88,-3.52,0.021,-0.021
2022-02-09,0.70,-4.41,0.001,-0.020
2022-02-10,-0.07,-3.90,0.024,-0.070
2022-02-11,0.84,-2.09,0.026,-0.022
2022-02-12,1.21,-1.94,-0.000,-0.029
2022-02-13,2.23,-2.96,0.057,-0.098
2022-02-14,0.20,-5.82,0.072,-0.161
2022-02-15,-3.83,-2.89,-0.010,-0.078
2022-02-16,-5.50,-0.87,-0.052,0.022
2022-02-17,-4.28,2.18,-0.056,0.029
2022-02-18,-0.00,3.41,-0.015,0.044
2022-02-19,2.79,-1.36,0.031,-0.075
2022-02-20,-2.79,-2.89,0.014,-0.062
2022-02-21,-2.78,-0.90,0.001,0.022
2022-02-22,-3.40,-0.00,0.002,0.017
2022-02-23,-1.73,2.47,-0.005,0.013
2022-02-24,-1.18,2.31,-0.004,0.015
2022-02-25,2.57,-0.64,-0.012,0.026
2022-02-26,1.83,-2.11,-0.008,0.017
2022-02-27,2.64,-0.91,0.002,0.001
2022-02-28,2.77,-1.60,0.037,-0.052
2022-03-01,3.80,-2.76,0.089,-0.105
2022-03-02,1.69,-4.65,0.035,-0.091
2022-03-03,1.53,-2.26,0.024,-0.018
2022-03-04,-3.03,-1.48,0.005,0.013
2022-03-05,-5.37,-0.75,-0.029,0.035
2022-03-06,-4.81,1.11,-0.050,0.034
2022-03-07,-4.11,2.88,-0.073,0.061
2022-03-08,-1.53,3.43,-0.052,0.079
2022-03-09,-1.37,4.78,-0.067,0.134
2022-03-10,-0.07,3.91,-0.043,0.127
2022-03-11,0.35,4.04,-0.031,0.099
2022-03-12,5.87,4.26,0.025,0.038
2022-03-13,-2.09,-6.07,0.059,-0.160
2022-03-14,-3.64,-2.65,-0.011,-0.027
2022-03-15,-4.45,-0.23,-0.033,-0.005
2022-03-16,0.44,3.57,-0.032,0.067
2022-03-17,1.57,1.47,0.010,0.029
2022-03-18,-0.68,3.18,-0.028,0.044
2022-03-19,-0.20,2.85,-0.017,0.055
2022-03-20,2.26,-1.83,0.038,-0.030
2022-03-21,-4.67,-2.28,-0.010,-0.045
2022-03-22,-4.97,2.11,-0.051,0.054
2022-03-23,-2.84,5.58,-0.089,0.146
2022-03-24,1.52,5.68,-0.021,0.131
2022-03-25,3.48,-4.46,0.101,-0.124
2022-03-26,2.82,-3.88,0.101,-0.139
2022-03-27,2.98,-4.26,0.089,-0.141
2022-03-28,2.72,-3.12,0.058,-0.092
2022-03-29,2.66,-1.18,0.023,-0.007
2022-03-30,-2.60,4.50,-0.071,0.116
2022-03-31,-2.98,7.38,-0.097,0.190
2022-04-01,0.78,5.59,-0.025,0.121
2022-04-02,0.70,2.61,0.019,0.033
2022-04-03,-0.83,-3.34,-0.009,-0.002
2022-04-04,-2.62,-0.14,-0.020,0.012
2022-04-05,-1.81,4.26,-0.056,0.105
2022-04-06,-0.19,5.38,-0.054,0.136
2022-04-07,2.92,5.27,-0.003,0.115
2022-04-08,4.69,-3.79,0.101,-0.124
2022-04-09,6.11,-3.25,0.141,-0.167
2022-04-10,-1.48,-4.07,0.053,-0.099
2022-04-11,-3.83,1.32,-0.046,0.061
2022-04-12,-3.30,2.67,-0.062,0.045
2022-04-13,-2.82,3.88,-0.060,0.058
2022-04-14,-1.03,3.37,-0.044,0.074
2022-04-15,-0.87,-1.79,0.022,-0.043
2022-04-16,-3.01,1.04,-0.027,0.029
2022-04-17,-1.47,1.95,0.001,0.003
2022-04-18,2.58,-1.81,0.028,-0.045
2022-04-19,1.87,-4.41,0.068,-0.128
2022-04-20,-4.69,-2.71,-0.011,-0.034
2022-04-21,-5.09,-2.82,-0.029,-0.023
2022-04-22,-5.60,-3.50,-0.038,-0.043
2022-04-23,-4.46,-1.45,-0.020,-0.029
2022-04-24,-4.34,-0.15,-0.015,-0.012
2022-04-25,-2.69,1.14,-0.010,0.005
2022-04-26,2.81,0.91,-0.002,0.014
2022-04-27,2.02,1.95,0.025,0.016
2022-04-28,2.47,0.71,0.026,-0.013
2022-04-29,-2.85,-0.45,-0.016,0.017
2022-04-30,-3.05,-0.11,-0.042,0.014
2022-05-01,-2.07,-0.92,-0.028,-0.019
2022-05-02,-2.18,0.35,-0.016,0.009
2022-05-03,-2.33,-0.20,-0.034,0.012
2022-05-04,-1.55,-1.35,-0.008,0.001
2022-05-05,1.61,2.06,0.030,0.034
2022-05-06,1.44,2.30,0.015,0.010
2022-05-07,4.56,1.93,0.065,-0.007
2022-05-08,3.78,-0.26,0.080,-0.048
2022-05-09,1.41,-3.33,0.045,-0.077
2022-05-10,-2.67,-3.82,0.009,-0.044
2022-05-11,0.54,-5.16,0.047,-0.083
2022-05-12,0.20,-3.75,0.039,-0.076
2022-05-13,-1.95,-1.37,-0.010,0.012
2022-05-14,2.36,-1.10,0.010,-0.011
2022-05-15,2.61,-0.51,0.053,-0.049
2022-05-16,2.85,-1.33,0.048,-0.058
2022-05-17,2.79,-1.36,0.049,-0.071
2022-05-18,2.74,-1.16,0.046,-0.062
2022-05-19,2.36,1.15,0.028,-0.016
2022-05-20,-0.97,3.63,-0.041,0.100
2022-05-21,-2.93,4.19,-0.057,0.084
2022-05-22,-3.23,3.23,-0.060,0.098
2022-05-23,-2.09,2.87,-0.062,0.064
2022-05-24,-2.61,2.90,-0.049,0.062
2022-05-25,-2.31,3.84,-0.079,0.077
2022-05-26,-2.38,4.12,-0.065,0.087
2022-05-27,0.68,3.18,-0.031,0.078
2022-05-28,2.54,1.24,0.029,0.007
2022-05-29,1.14,2.06,0.017,-0.012
2022-05-30,-2.11,2.43,-0.031,0.054
2022-05-31,-2.17,-1.11,-0.026,-0.013
2022-06-01,-0.75,-2.44,-0.004,-0.043
2022-06-02,-3.35,1.42,-0.024,0.048
2022-06-03,-3.79,1.38,-0.083,0.101
2022-06-04,-3.23,2.43,-0.057,0.160
2022-06-05,1.84,-2.19,0.039,-0.066
2022-06-06,1.62,1.22,0.041,-0.047
2022-06-07,0.62,2.90,-0.009,0.046
2022-06-08,1.79,2.47,0.026,0.010
2022-06-09,1.67,1.00,0.047,-0.052
2022-06-10,1.80,1.51,0.043,-0.022
2022-06-11,2.06,2.06,0.049,-0.019
2022-06-12,1.05,2.74,0.034,-0.005
2022-06-13,1.65,-0.54,0.019,-0.055
2022-06-14,1.45,-1.13,0.010,-0.022
2022-06-15,1.21,1.09,0.006,-0.031
2022-06-16,-1.23,1.32,-0.013,-0.004
2022-06-17,-1.25,-1.34,0.004,-0.015
2022-06-18,1.33,1.43,0.017,0.002
2022-06-19,-0.33,2.67,0.002,0.026
2022-06-20,-1.72,0.12,-0.016,-0.004
2022-06-21,-2.83,-1.57,-0.030,-0.019
2022-06-22,-2.34,-1.89,-0.021,-0.041
2022-06-23,0.96,2.05,0.017,-0.008
2022-06-24,3.31,0.82,0.059,-0.045
2022-06-25,2.06,-1.34,0.052,-0.059
2022-06-26,-1.82,-0.73,0.022,-0.001
2022-06-27,-2.02,0.99,-0.025,0.034
2022-06-28,-2.26,1.41,-0.046,0.048
2022-06-29,-1.95,0.20,-0.008,-0.008
2022-06-30,-1.67,0.24,-0.013,-0.017
2022-07-01,-2.14,0.57,-0.010,-0.003
2022-07-02,-2.13,0.30,-0.021,-0.011
2022-07-03,-2.30,0.45,-0.024,0.015
2022-07-04,-2.07,-0.75,-0.026,-0.034
2022-07-05,-1.98,-0.49,-0.010,-0.030
2022-07-06,-1.40,1.73,-0.029,0.031
2022-07-07,-1.74,1.74,-0.026,0.044
2022-07-08,-2.10,0.41,-0.010,-0.017
2022-07-09,-1.24,3.23,-0.031,0.043
2022-07-10,1.62,2.81,0.010,0.034
2022-07-11,2.50,2.50,0.031,-0.008
2022-07-12,0.52,2.26,0.024,-0.014
2022-07-13,-0.30,1.43,-0.005,0.015
2022-07-14,-1.32,1.11,-0.008,0.017
2022-07-15,-2.44,-0.79,-0.006,-0.009
2022-07-16,-2.20,-0.15,-0.017,0.021
2022-07-17,-2.36,1.84,-0.045,0.060
2022-07-18,-1.25,2.56,-0.025,0.049
2022-07-19,-0.43,2.43,-0.025,0.033
2022-07-20,-1.08,1.60,-0.003,-0.009
2022-07-21,-1.31,1.31,0.006,-0.009
2022-07-22,-2.62,0.75,-0.013,0.004
2022-07-23,-2.76,0.14,-0.019,-0.006
2022-07-24,-2.76,-0.14,0.001,-0.042
2022-07-25,-2.41,-0.60,0.002,-0.035
2022-07-26,-3.32,0.35,-0.046,0.013
2022-07-27,-3.10,2.79,-0.073,0.052
2022-07-28,-1.86,0.20,-0.000,-0.020
2022-07-29,-2.73,0.14,-0.022,-0.017
2022-07-30,-2.34,0.45,-0.005,-0.018
2022-07-31,-2.88,0.25,-0.008,-0.010
2022-08-01,-1.47,1.03,0.002,-0.004
2022-08-02,0.23,-1.64,0.020,-0.052
2022-08-03,-1.32,-0.23,0.010,-0.046
2022-08-04,-2.49,0.17,0.001,-0.027
2022-08-05,-2.45,-0.09,-0.009,-0.014
2022-08-06,-2.99,-0.58,-0.016,-0.012
2022-08-07,-3.52,-0.88,-0.022,-0.020
2022-08-08,-2.93,-0.78,-0.019,-0.014
2022-08-09,-2.75,0.29,-0.017,-0.010
2022-08-10,-2.54,1.47,-0.014,0.005
2022-08-11,-2.27,0.74,-0.017,-0.016
2022-08-12,-2.33,0.20,-0.001,-0.014
2022-08-13,1.60,-0.96,0.013,-0.036
2022-08-14,1.63,-0.17,0.012,-0.038
2022-08-15,1.72,-0.53,0.035,-0.043
2022-08-16,2.41,1.02,0.056,-0.044
2022-08-17,2.81,0.25,0.063,-0.051
2022-08-18,2.64,0.14,0.051,-0.044
2022-08-19,1.92,1.11,0.031,-0.022
2022-08-20,-1.94,-0.07,0.005,-0.012
2022-08-21,-2.18,-0.84,-0.016,-0.009
2022-08-22,-1.81,0.77,0.010,0.002
2022-08-23,-1.03,1.59,0.002,-0.020
2022-08-24,-2.31,0.49,-0.005,0.002
2022-08-25,-1.83,1.65,-0.009,0.013
2022-08-26,-0.81,1.40,0.019,-0.006
2022-08-27,-1.20,-1.08,0.008,-0.044
2022-08-28,-1.81,0.81,-0.012,-0.009
2022-08-29,-1.85,1.07,-0.025,0.030
2022-08-30,-0.87,2.84,-0.026,0.069
2022-08-31,-1.27,1.69,-0.023,0.025
2022-09-01,-0.71,1.59,-0.014,0.033
2022-09-02,-1.59,-1.15,-0.002,-0.015
2022-09-03,-2.21,-0.23,0.002,0.005
2022-09-04,-0.72,-2.09,0.009,-0.009
2022-09-05,-0.23,-2.22,0.014,-0.004
2022-09-06,1.34,-1.34,0.019,-0.007
2022-09-07,1.43,-1.20,0.019,-0.021
2022-09-08,1.97,1.43,0.024,-0.000
2022-09-09,-0.06,3.57,-0.011,0.088
2022-09-10,-1.59,3.42,-0.034,0.090
2022-09-11,-1.18,2.23,-0.019,0.045
2022-09-12,0.66,-1.49,0.009,-0.030
2022-09-13,-0.35,-1.65,0.019,-0.036
2022-09-14,-1.88,0.76,-0.014,0.010
2022-09-15,-1.70,0.94,-0.016,0.039
2022-09-16,-2.45,0.21,-0.030,0.012
2022-09-17,-2.14,-0.70,-0.017,-0.009
2022-09-18,-0.44,-1.78,0.015,-0.026
2022-09-19,-0.11,1.55,0.017,-0.004
2022-09-20,-1.56,-0.25,-0.004,0.020
2022-09-21,-0.88,-2.17,-0.001,-0.043
2022-09-22,-0.50,-2.37,0.011,-0.050
2022-09-23,1.84,-0.82,0.015,-0.032
2022-09-24,-1.46,-2.52,-0.002,-0.059
2022-09-25,-2.37,-1.48,-0.010,-0.004
2022-09-26,-2.07,-0.52,-0.025,0.024
2022-09-27,-5.21,-1.01,-0.082,-0.025
2022-09-28,-10.92,15.02,-0.109,0.420
2022-09-29,9.81,-3.96,0.157,-0.212
2022-09-30,1.30,-4.53,0.079,-0.139
2022-10-01,1.24,-2.80,0.048,-0.073
2022-10-02,1.77,-3.63,0.060,-0.111
2022-10-03,1.78,-2.45,0.044,-0.061
2022-10-04,-0.14,-4.14,0.005,-0.051
2022-10-05,-1.67,-2.47,-0.007,-0.027
2022-10-06,-2.01,-1.21,-0.005,-0.007
2022-10-07,-2.59,-1.95,-0.018,-0.044
2022-10-08,-2.95,-2.66,-0.024,-0.056
2022-10-09,-2.99,-3.09,-0.030,-0.032
2022-10-10,-1.93,-2.15,-0.033,0.011
2022-10-11,-2.73,-1.45,-0.031,-0.001
2022-10-12,-2.39,-0.21,-0.038,0.007
2022-10-13,0.16,1.85,-0.015,0.031
2022-10-14,-0.47,-1.76,-0.001,0.004
2022-10-15,-2.60,-1.05,-0.040,0.035
2022-10-16,-2.74,-1.00,-0.047,0.017
2022-10-17,-1.27,2.61,-0.021,0.045
2022-10-18,2.74,0.05,0.004,-0.001
2022-10-19,0.50,-4.79,0.051,-0.125
2022-10-20,0.54,-5.15,0.070,-0.144
2022-10-21,0.81,-5.09,0.081,-0.167
2022-10-22,-1.13,-3.68,0.036,-0.108
2022-10-23,-2.38,-2.07,0.002,-0.026
2022-10-24,-2.15,-1.51,-0.011,-0.003
2022-10-25,-1.70,-1.82,-0.004,0.000
2022-10-26,1.79,1.03,0.020,-0.003
2022-10-27,0.93,1.98,0.019,0.022
2022-10-28,-1.30,-1.05,0.005,0.015
2022-10-29,-2.72,-1.63,-0.012,-0.025
2022-10-30,-1.85,-2.06,-0.008,-0.006
2022-10-31,-1.74,-1.62,-0.008,0.001
2022-11-01,-1.61,-0.75,-0.036,0.035
2022-11-02,-2.47,-0.66,-0.043,0.032
2022-11-03,-1.31,-1.87,-0.021,-0.020
2022-11-04,-3.06,-2.96,-0.011,-0.053
2022-11-05,-2.42,-1.63,-0.013,-0.038
2022-11-06,-2.87,-0.82,-0.023,0.009
2022-11-07,-3.99,-3.23,-0.023,-0.066
2022-11-08,-2.72,-4.71,0.009,-0.104
2022-11-09,-0.84,-6.81,0.058,-0.175
2022-11-10,8.46,-1.64,0.146,-0.145
2022-11-11,2.31,3.70,0.013,0.090
2022-11-12,0.72,1.79,0.019,0.029
2022-11-13,1.02,-1.58,0.029,-0.061
2022-11-14,-0.25,-2.87,0.040,-0.085
2022-11-15,-1.66,1.49,-0.008,-0.004
2022-11-16,2.02,0.28,0.013,-0.022
2022-11-17,-0.42,-4.81,0.052,-0.130
2022-11-18,-2.19,-4.91,0.023,-0.141
2022-11-19,-3.39,-3.39,-0.011,-0.080
2022-11-20,-4.28,-4.76,-0.031,-0.101
2022-11-21,-5.48,-3.56,-0.032,-0.073
2022-11-22,-2.82,-2.92,-0.021,-0.023
2022-11-23,-0.65,-2.81,0.001,-0.021
2022-11-24,-1.85,-1.85,0.008,-0.032
2022-11-25,-1.76,1.23,-0.010,-0.018
2022-11-26,-1.01,-2.17,0.004,-0.039
2022-11-27,0.23,3.33,-0.004,0.079
2022-11-28,1.67,-1.00,0.008,0.003
2022-11-29,-2.98,-1.27,-0.011,-0.002
2022-11-30,-2.75,0.10,-0.007,0.002
2022-12-01,-2.67,-3.54,-0.019,-0.065
2022-12-02,-3.95,-2.66,-0.019,-0.055
2022-12-03,-3.24,-1.95,-0.011,-0.044
2022-12-04,-1.22,-2.39,0.009,-0.057
2022-12-05,0.70,-1.92,0.023,-0.044
2022-12-06,-0.04,-2.23,0.010,-0.040
2022-12-07,-1.51,-2.08,0.006,-0.043
2022-12-08,-0.80,-2.60,0.011,-0.030
2022-12-09,0.93,-2.71,0.036,-0.057
2022-12-10,1.14,-2.68,0.045,-0.092
2022-12-11,-0.18,-2.52,0.023,-0.060
2022-12-12,0.59,-2.79,0.019,-0.071
2022-12-13,-0.83,-2.40,0.020,-0.051
2022-12-14,-2.53,2.12,-0.026,0.043
2022-12-15,-0.53,6.05,-0.039,0.125
2022-12-16,0.88,-3.54,0.036,-0.019
2022-12-17,-2.84,-1.78,-0.005,-0.044
2022-12-18,-0.80,-3.46,0.013,-0.061
2022-12-19,-3.01,-3.34,0.001,-0.085
2022-12-20,-3.98,-1.61,-0.039,-0.016
2022-12-21,-2.84,0.10,-0.018,-0.009
2022-12-22,-2.12,1.49,0.018,0.009
2022-12-23,4.78,0.59,0.079,-0.023
2022-12-24,0.73,-5.92,0.104,-0.210
2022-12-25,-0.26,-5.01,0.073,-0.188
2022-12-26,-1.27,-3.90,0.037,-0.128
2022-12-27,-1.44,-3.76,0.030,-0.108
2022-12-28,-2.79,-2.79,-0.006,-0.077
2022-12-29,-3.80,-1.93,-0.047,-0.019
2022-12-30,-3.69,-0.85,-0.023,-0.013
2022-12-31,-1.18,3.23,0.028,-0.018
2023-01-01,0.76,1.79,0.051,-0.074
2023-01-02,-1.18,-1.68,0.014,-0.095
2023-01-03,-2.70,2.52,-0.036,-0.008
2023-01-04,-1.44,4.19,-0.043,0.065
2023-01-05,1.16,3.02,0.002,0.028
2023-01-06,0.08,-4.36,0.051,-0.115
2023-01-07,-1.26,-2.69,0.026,-0.081
2023-01-08,-2.46,-1.42,0.011,-0.027
2023-01-09,2.03,-1.90,0.034,-0.065
2023-01-10,1.48,-2.79,0.054,-0.090
2023-01-11,0.84,-2.60,0.055,-0.097
2023-01-12,-2.24,1.75,0.010,-0.009
2023-01-13,5.27,1.02,0.056,-0.042
2023-01-14,4.30,-6.38,0.142,-0.222
2023-01-15,0.94,-4.05,0.084,-0.133
2023-01-16,-0.62,-2.16,0.021,-0.033
2023-01-17,-1.58,2.54,-0.018,0.024
2023-01-18,-2.09,2.58,-0.036,0.039
2023-01-19,-1.63,4.03,-0.051,0.074
2023-01-20,0.83,3.10,0.001,0.042
2023-01-21,0.50,2.55,0.027,-0.031
2023-01-22,-1.09,4.72,-0.045,0.088
2023-01-23,3.35,0.00,0.021,0.009
2023-01-24,-3.31,-2.32,0.006,-0.007
2023-01-25,-2.84,4.05,-0.052,0.082
2023-01-26,3.46,-2.70,0.041,-0.045
2023-01-27,-1.22,-4.91,0.059,-0.136
2023-01-28,-4.10,-3.56,-0.012,-0.054
2023-01-29,-4.35,0.23,-0.036,0.031
2023-01-30,-1.96,2.11,-0.014,0.020
2023-01-31,2.01,0.43,-0.011,0.027
2023-02-01,1.63,1.37,0.002,0.035
2023-02-02,1.65,0.00,0.006,0.022
2023-02-03,2.71,1.90,0.026,0.031
2023-02-04,-4.55,-5.24,-0.004,-0.093
2023-02-05,-3.81,-2.11,-0.027,-0.017
2023-02-06,-2.56,-1.79,-0.001,-0.019
2023-02-07,-4.02,-1.08,-0.041,0.023
2023-02-08,-3.29,-0.46,-0.013,-0.000
2023-02-09,-3.58,2.51,-0.056,0.052
2023-02-10,-1.67,3.94,-0.051,0.094
2023-02-11,-1.00,4.71,-0.035,0.093
2023-02-12,7.33,-0.26,0.111,-0.076
2023-02-13,4.40,-4.24,0.120,-0.155
2023-02-14,-1.66,-2.99,0.030,-0.030
2023-02-15,-1.65,3.54,-0.064,0.086
2023-02-16,-2.65,3.52,-0.054,0.060
2023-02-17,-1.01,3.78,-0.035,0.059
2023-02-18,-0.43,-3.53,0.040,-0.066
2023-02-19,-2.46,-2.83,0.007,-0.025
2023-02-20,2.16,-0.79,0.037,-0.048
2023-02-21,2.25,0.73,0.035,-0.052
2023-02-22,-0.82,3.06,-0.008,0.012
2023-02-23,-0.63,3.95,-0.046,0.073
2023-02-24,2.29,0.36,0.007,-0.004
2023-02-25,2.36,-0.37,0.030,-0.046
2023-02-26,2.35,-0.90,0.037,-0.061
2023-02-27,2.10,2.10,0.022,-0.014
2023-02-28,2.04,2.43,0.014,0.019
2023-03-01,1.69,1.69,0.010,-0.000
2023-03-02,-0.13,3.60,-0.038,0.096
2023-03-03,-1.00,5.69,-0.064,0.154
2023-03-04,1.48,4.29,-0.009,0.098
2023-03-05,1.98,-0.07,0.042,-0.038
2023-03-06,2.93,-1.76,0.062,-0.080
2023-03-07,3.44,-2.89,0.079,-0.115
2023-03-08,2.67,-3.42,0.070,-0.121
2023-03-09,-2.16,-2.98,-0.011,-0.029
2023-03-10,-0.29,3.36,-0.031,0.028
2023-03-11,4.45,0.08,0.056,-0.036
2023-03-12,3.13,1.27,0.042,-0.035
2023-03-13,4.14,2.49,0.032,0.025
2023-03-14,2.22,-3.55,0.057,-0.065
2023-03-15,-2.18,-4.10,0.021,-0.094
2023-03-16,-3.63,-1.39,-0.028,-0.020
2023-03-17,-2.89,4.13,-0.083,0.106
2023-03-18,0.15,4.30,-0.035,0.111
2023-03-19,0.53,-4.32,0.039,-0.070
2023-03-20,0.58,-5.51,0.068,-0.154
2023-03-21,-1.18,-4.12,0.035,-0.069
2023-03-22,-2.36,-2.13,0.013,-0.018
2023-03-23,-3.15,0.28,0.015,0.000
2023-03-24,-0.56,3.20,0.002,0.025
2023-03-25,-0.25,4.68,-0.043,0.110
2023-03-26,-0.14,4.05,-0.035,0.099
2023-03-27,-0.12,3.35,-0.036,0.078
2023-03-28,2.12,1.17,0.002,0.031
2023-03-29,2.60,-1.33,0.065,-0.062
2023-03-30,-3.32,-1.77,0.013,-0.030
2023-03-31,-4.38,1.34,-0.039,0.030
2023-04-01,-0.97,3.63,-0.034,0.038
2023-04-02,2.41,-0.08,0.037,-0.047
2023-04-03,2.43,0.13,0.027,-0.031
2023-04-04,0.16,2.29,-0.005,0.029
2023-04-05,-2.40,2.40,-0.027,0.031
2023-04-06,-2.98,2.98,-0.045,0.042
2023-04-07,-1.65,2.20,-0.010,0.006
2023-04-08,2.33,0.16,0.017,-0.022
2023-04-09,2.63,-2.06,0.046,-0.072
2023-04-10,-3.56,-3.56,-0.004,-0.063
2023-04-11,-6.91,-3.52,-0.063,-0.015
2023-04-12,-6.95,-1.60,-0.094,0.030
2023-04-13,-1.22,3.55,-0.034,0.084
2023-04-14,0.39,2.78,0.006,0.009
2023-04-15,1.05,2.07,0.019,-0.002
2023-04-16,0.87,2.83,0.002,0.016
2023-04-17,4.22,0.07,0.009,0.005
2023-04-18,0.35,-3.99,0.065,-0.098
2023-04-19,-3.11,-1.38,-0.010,-0.021
2023-04-20,-3.14,-1.46,-0.014,0.010
2023-04-21,-2.84,0.50,0.015,-0.006
2023-04-22,2.23,1.62,0.028,-0.016
2023-04-23,2.37,-1.60,0.053,-0.061
2023-04-24,-2.75,2.75,-0.000,0.007
2023-04-25,-2.14,2.94,-0.028,0.064
2023-04-26,2.50,0.22,0.022,0.023
2023-04-27,0.32,3.67,0.007,0.038
2023-04-28,0.62,3.54,-0.017,0.057
2023-04-29,0.91,3.94,-0.023,0.097
2023-04-30,8.02,4.09,0.069,0.061
2023-05-01,4.96,-2.00,0.113,-0.105
2023-05-02,3.20,0.17,0.060,-0.045
2023-05-03,4.03,-1.55,0.091,-0.090
2023-05-04,2.75,-2.31,0.069,-0.090
2023-05-05,2.84,-1.32,0.041,-0.057
2023-05-06,2.72,0.88,0.014,-0.005
2023-05-07,-3.79,-2.01,-0.008,-0.019
2023-05-08,-2.88,-2.78,0.012,-0.012
2023-05-09,3.39,-0.72,0.024,-0.034
2023-05-10,2.86,-0.61,0.052,-0.036
2023-05-11,2.64,0.51,0.029,-0.010
2023-05-12,-2.56,-0.31,-0.002,0.020
2023-05-13,-3.05,-0.27,-0.002,0.007
2023-05-14,-0.25,-3.56,0.030,-0.022
2023-05-15,-0.99,-2.59,0.015,-0.014
2023-05-16,0.93,2.71,0.002,0.013
2023-05-17,3.08,0.00,0.052,-0.031
2023-05-18,2.92,-0.15,0.043,-0.046
2023-05-19,2.25,-1.35,0.030,-0.056
2023-05-20,1.86,-1.86,0.049,-0.062
2023-05-21,2.15,1.05,0.027,-0.012
2023-05-22,2.34,-0.50,0.032,-0.029
2023-05-23,-1.95,-1.70,0.019,-0.012
2023-05-24,-1.51,-2.61,0.014,-0.015
2023-05-25,-2.15,-0.78,0.001,-0.028
2023-05-26,-1.70,-2.63,-0.006,-0.035
2023-05-27,-0.43,-4.14,0.017,-0.082
2023-05-28,2.39,-2.23,0.046,-0.075
2023-05-29,2.26,-2.42,0.060,-0.077
2023-05-30,-3.15,-1.53,-0.012,-0.006
2023-05-31,-3.49,0.49,-0.055,0.061
2023-06-01,-2.44,1.35,-0.032,0.068
2023-06-02,-2.73,0.78,-0.008,0.037
2023-06-03,-2.25,-1.40,-0.025,0.033
2023-06-04,-1.44,-2.59,-0.010,-0.025
2023-06-05,-0.99,-2.59,0.012,-0.046
2023-06-06,-3.09,-0.71,-0.039,0.018
2023-06-07,-0.50,2.86,-0.013,0.044
2023-06-08,2.96,1.44,0.054,-0.005
2023-06-09,3.64,0.32,0.036,0.029
2023-06-10,2.24,-0.73,0.048,-0.047
2023-06-11,1.51,1.40,0.023,-0.019
2023-06-12,1.30,1.55,0.000,0.032
2023-06-13,1.51,1.51,0.007,0.021
2023-06-14,1.34,2.64,0.007,0.020
2023-06-15,0.54,3.08,0.008,0.035
2023-06-16,2.96,2.48,0.017,0.035
2023-06-17,2.87,1.10,0.053,-0.018
2023-06-18,3.79,1.01,0.061,-0.022
2023-06-19,3.85,0.13,0.070,-0.032
2023-06-20,1.81,2.79,0.036,-0.005
2023-06-21,-0.99,3.70,-0.001,0.077
2023-06-22,-1.19,2.95,-0.015,0.057
2023-06-23,-0.24,2.25,-0.010,0.017
2023-06-24,-1.41,0.84,-0.002,-0.005
2023-06-25,-0.42,-1.83,-0.006,-0.001
2023-06-26,-0.25,1.60,0.007,-0.014
2023-06-27,2.78,-0.10,0.040,-0.033
2023-06-28,3.21,-1.17,0.068,-0.077
2023-06-29,2.14,-1.79,0.065,-0.073
2023-06-30,-2.17,-0.15,-0.002,0.005
2023-07-01,-2.37,0.86,-0.007,0.015
2023-07-02,-0.29,2.34,0.016,-0.004
2023-07-03,1.95,-0.20,0.020,-0.023
2023-07-04,0.18,-2.06,0.020,-0.039
2023-07-05,1.16,1.53,0.024,-0.004
2023-07-06,1.86,1.35,0.026,0.015
2023-07-07,2.49,0.76,0.021,-0.027
2023-07-08,2.90,0.46,0.044,-0.031
2023-07-09,2.31,0.89,0.043,-0.032
2023-07-10,2.56,1.14,0.027,-0.016
2023-07-11,2.13,-0.65,0.024,-0.010
2023-07-12,2.02,-1.31,0.020,-0.022
2023-07-13,1.66,-1.66,0.025,-0.020
2023-07-14,-0.05,2.58,0.013,0.022
2023-07-15,0.39,2.20,-0.010,0.010
2023-07-16,2.26,0.36,0.030,-0.022
2023-07-17,1.68,1.01,0.031,-0.026
2023-07-18,-0.75,1.68,0.013,-0.014
2023-07-19,-2.76,0.24,-0.013,0.007
2023-07-20,-2.08,-0.15,-0.010,-0.008
2023-07-21,1.78,-1.11,0.022,-0.024
2023-07-22,1.41,1.80,0.025,-0.027
2023-07-23,3.12,1.26,0.046,-0.024
2023-07-24,2.27,1.01,0.026,-0.019
2023-07-25,1.29,-2.15,0.024,-0.029
2023-07-26,-1.76,-1.83,0.017,-0.027
2023-07-27,-2.12,-2.05,-0.003,-0.039
2023-07-28,-2.66,0.66,-0.044,0.057
2023-07-29,-1.75,1.05,-0.014,0.017
2023-07-30,1.24,-1.33,0.033,-0.033
2023-07-31,2.24,-0.68,0.040,-0.025
2023-08-01,1.31,-1.46,0.008,-0.034
2023-08-02,1.29,-1.49,0.018,-0.021
2023-08-03,-2.30,-0.62,0.002,-0.002
2023-08-04,-2.30,-0.79,-0.005,0.014
2023-08-05,1.40,-1.73,0.026,-0.019
2023-08-06,2.42,0.51,0.034,-0.016
2023-08-07,2.26,0.56,0.013,0.001
2023-08-08,1.73,1.17,0.007,0.026
2023-08-09,1.85,1.16,-0.012,0.025
2023-08-10,1.86,1.79,0.009,0.011
2023-08-11,1.71,0.18,0.016,-0.014
2023-08-12,1.48,-0.96,0.005,-0.010
2023-08-13,-0.05,2.70,-0.018,0.060
2023-08-14,0.06,3.37,-0.033,0.090
2023-08-15,1.36,-1.46,0.007,0.002
2023-08-16,0.64,2.22,0.003,0.021
2023-08-17,0.19,2.65,0.018,0.028
2023-08-18,-1.60,1.44,0.006,0.016
2023-08-19,-1.98,-1.19,-0.012,0.004
2023-08-20,-4.47,0.39,-0.077,0.071
2023-08-21,-4.60,-0.98,-0.069,0.033
2023-08-22,-3.77,-2.45,-0.036,-0.027
2023-08-23,-2.97,-1.85,-0.028,-0.002
2023-08-24,-2.16,-1.10,-0.028,-0.000
2023-08-25,-2.68,-2.09,-0.021,-0.014
2023-08-26,-1.52,-2.34,-0.013,0.001
2023-08-27,-1.98,-1.60,0.004,-0.004
2023-08-28,-0.98,2.70,-0.036,0.073
2023-08-29,-4.17,3.50,-0.079,0.164
2023-08-30,3.76,9.32,-0.026,0.239
2023-08-31,3.63,3.50,0.050,0.046
2023-09-01,1.66,-0.17,0.050,-0.035
2023-09-02,-2.23,-2.39,0.016,-0.045
2023-09-03,-2.82,-2.63,-0.002,-0.038
2023-09-04,-2.91,-1.68,-0.011,-0.000
2023-09-05,-2.72,0.38,-0.017,0.013
2023-09-06,0.18,2.04,-0.008,-0.001
2023-09-07,2.05,-0.25,0.002,0.017
2023-09-08,1.76,-0.86,-0.007,0.003
2023-09-09,-2.13,0.45,-0.006,0.005
2023-09-10,1.54,1.65,0.005,0.030
2023-09-11,1.56,-1.22,0.015,0.000
2023-09-12,0.97,-2.53,0.004,-0.012
2023-09-13,0.99,-2.57,0.024,-0.019
2023-09-14,2.03,-2.59,0.054,-0.056
2023-09-15,1.86,-2.66,0.050,-0.071
2023-09-16,-0.28,-2.25,0.012,0.013
2023-09-17,1.80,1.31,0.013,0.032
2023-09-18,1.83,-1.28,0.026,-0.019
2023-09-19,-2.53,-1.40,-0.015,0.001
2023-09-20,-1.99,-0.24,-0.031,0.040
2023-09-21,-1.66,-1.78,0.001,-0.004
2023-09-22,-1.88,-1.88,0.005,-0.024
2023-09-23,-2.62,-1.77,-0.031,0.012
2023-09-24,-2.97,-0.31,-0.039,0.049
2023-09-25,-2.83,0.97,-0.051,0.072
2023-09-26,-2.57,1.31,-0.052,0.065
2023-09-27,-2.76,0.59,-0.051,0.064
2023-09-28,0.61,-2.00,0.010,0.001
2023-09-29,-1.71,-1.20,-0.003,0.039
2023-09-30,-2.23,-1.29,-0.023,0.031
2023-10-01,-2.53,-2.28,-0.045,-0.003
2023-10-02,-4.59,-3.33,-0.057,0.024
2023-10-03,-4.22,-3.80,-0.029,-0.027
2023-10-04,-2.85,-3.06,-0.020,-0.013
2023-10-05,-2.06,-1.99,-0.027,0.040
2023-10-06,-0.20,-2.23,-0.025,0.049
2023-10-07,1.93,1.07,0.004,0.053
2023-10-08,1.15,-2.58,0.026,-0.028
2023-10-09,-1.27,-3.68,0.013,-0.051
2023-10-10,-0.32,-2.63,0.011,-0.024
2023-10-11,-2.58,2.87,-0.036,0.073
2023-10-12,2.39,7.34,-0.028,0.184
2023-10-13,3.52,1.95,0.052,0.011
2023-10-14,3.32,-0.53,0.068,-0.015
2023-10-15,4.10,-2.77,0.100,-0.110
2023-10-16,3.74,-4.62,0.123,-0.172
2023-10-17,-0.33,-4.79,0.072,-0.151
2023-10-18,-1.42,-2.78,0.039,-0.086
2023-10-19,-1.78,-2.54,0.011,-0.045
2023-10-20,-0.32,-3.03,-0.010,-0.009
2023-10-21,3.08,-1.92,0.076,-0.071
2023-10-22,1.68,-1.68,0.039,-0.015
2023-10-23,-1.98,-2.44,0.021,-0.031
2023-10-24,-4.20,-2.43,-0.048,0.004
2023-10-25,-5.19,-2.20,-0.045,-0.011
2023-10-26,-5.01,-2.55,-0.037,-0.036
2023-10-27,-3.96,-2.20,-0.034,-0.038
2023-10-28,-4.14,-2.39,-0.042,-0.024
2023-10-29,-3.97,-1.85,-0.028,-0.021
2023-10-30,-1.90,-3.15,0.006,-0.024
2023-10-31,1.81,-3.40,0.042,-0.065
2023-11-01,0.42,-4.85,0.071,-0.129
2023-11-02,-4.87,-5.61,-0.008,-0.104
2023-11-03,-4.47,-3.88,-0.020,-0.054
2023-11-04,-1.76,-4.36,0.006,-0.059
2023-11-05,-1.40,-4.59,0.021,-0.055
2023-11-06,-0.73,-3.15,0.026,-0.047
2023-11-07,0.65,-3.06,0.024,-0.010
2023-11-08,-0.55,-3.11,0.015,-0.006
2023-11-09,-2.60,-0.46,0.000,0.020
2023-11-10,-2.71,0.38,-0.013,0.029
2023-11-11,-1.54,-0.62,-0.022,0.052
2023-11-12,-0.37,-2.33,-0.014,0.008
2023-11-13,-3.70,-3.33,-0.023,-0.021
2023-11-14,-3.51,-2.64,-0.037,0.024
2023-11-15,-6.41,-1.60,-0.111,0.056
2023-11-16,-5.02,-3.14,-0.041,0.017
2023-11-17,1.24,-2.33,0.032,-0.027
2023-11-18,2.40,-3.56,0.087,-0.117
2023-11-19,1.38,-3.11,0.065,-0.088
2023-11-20,-1.10,-1.76,0.014,-0.029
2023-11-21,-3.23,0.86,-0.042,0.058
2023-11-22,-0.84,3.37,-0.029,0.049
2023-11-23,1.11,-3.41,0.035,-0.047
2023-11-24,-1.03,-3.38,0.017,-0.057
2023-11-25,-2.74,-2.56,-0.035,-0.018
2023-11-26,-2.99,2.26,-0.044,0.074
2023-11-27,2.33,-3.20,0.054,-0.064
2023-11-28,-0.43,-4.09,0.044,-0.092
2023-11-29,-1.58,-3.91,0.029,-0.098
2023-11-30,-2.95,-2.15,-0.015,-0.001
2023-12-01,-2.80,0.65,-0.015,0.030
2023-12-02,-2.12,2.71,-0.033,0.086
2023-12-03,0.73,2.37,0.009,0.011
2023-12-04,2.17,0.58,0.060,-0.043
2023-12-05,0.81,-3.25,0.048,-0.095
2023-12-06,1.15,-4.61,0.083,-0.155
2023-12-07,-1.69,-3.62,0.022,-0.087
2023-12-08,-2.85,-1.04,-0.053,0.018
2023-12-09,-3.27,1.06,-0.041,0.056
2023-12-10,-2.08,3.20,-0.025,0.072
2023-12-11,1.58,-4.33,0.079,-0.104
2023-12-12,-2.39,-4.70,0.036,-0.124
2023-12-13,-4.24,-4.24,-0.021,-0.075
2023-12-14,-6.46,-5.23,-0.045,-0.091
2023-12-15,-6.63,-3.38,-0.058,-0.057
2023-12-16,-7.00,-0.86,-0.083,0.032
2023-12-17,6.91,5.80,0.014,0.056
2023-12-18,3.88,-4.02,0.124,-0.145
2023-12-19,0.08,-4.67,0.075,-0.132
2023-12-20,-2.88,-3.82,0.013,-0.085
2023-12-21,-3.03,-3.49,-0.006,-0.051
2023-12-22,-3.07,-2.67,-0.027,-0.044
2023-12-23,-3.04,-2.55,-0.049,-0.008
2023-12-24,-4.40,-1.34,-0.060,0.035
2023-12-25,-4.84,2.06,-0.093,0.073
2023-12-26,0.31,3.52,-0.017,0.057
2023-12-27,2.26,-2.35,0.062,-0.093
2023-12-28,-0.25,-2.91,0.042,-0.087
2023-12-29,4.09,-2.27,0.083,-0.082
2023-12-30,2.01,-1.16,0.054,-0.024
2023-12-31,-1.09,-1.56,0.017,0.022
2024-01-01,0.78,-1.84,0.014,-0.020
2024-01-02,2.22,-1.18,0.021,-0.029
2024-01-03,-2.85,0.66,-0.003,0.011
2024-01-04,3.97,1.60,0.019,0.008
2024-01-05,-4.03,-1.15,-0.023,0.022
2024-01-06,-1.54,5.75,-0.049,0.123
2024-01-07,2.01,-3.49,0.035,-0.015
2024-01-08,-4.01,-1.96,-0.023,-0.011
2024-01-09,-4.13,7.15,-0.082,0.173
2024-01-10,3.59,-1.75,0.050,-0.008
2024-01-11,-2.07,-2.30,-0.007,-0.031
2024-01-12,-3.66,3.66,-0.045,0.063
2024-01-13,4.75,2.53,0.007,0.072
2024-01-14,-2.49,-3.69,0.008,-0.047
2024-01-15,-3.57,1.23,-0.027,0.045
2024-01-16,2.20,2.82,-0.003,0.076
2024-01-17,0.58,-4.76,0.052,-0.066
2024-01-18,-3.44,-1.39,-0.023,0.040
2024-01-19,-0.10,-1.91,-0.017,-0.015
2024-01-20,-0.51,-4.17,0.044,-0.127
2024-01-21,-2.89,-4.63,0.019,-0.118
2024-01-22,-4.97,-1.91,-0.035,-0.017
2024-01-23,-4.94,0.09,-0.064,0.030
2024-01-24,-5.04,1.16,-0.074,0.035
2024-01-25,-4.09,1.82,-0.066,0.035
2024-01-26,-2.12,2.12,-0.026,0.019
2024-01-27,-1.84,2.83,-0.029,0.033
2024-01-28,4.34,0.84,0.031,-0.028
2024-01-29,3.62,-5.36,0.145,-0.198
2024-01-30,1.31,-3.07,0.060,-0.094
2024-01-31,2.28,-2.63,0.086,-0.097
2024-02-01,1.17,-3.22,0.059,-0.085
2024-02-02,0.55,-2.40,0.017,-0.036
2024-02-03,1.38,-1.48,0.031,-0.027
2024-02-04,-2.32,4.02,-0.059,0.087
2024-02-05,0.47,2.64,-0.008,0.016
2024-02-06,2.68,-5.50,0.112,-0.151
2024-02-07,0.40,-4.58,0.094,-0.126
2024-02-08,-2.73,-1.99,0.006,0.010
2024-02-09,-2.33,-1.14,-0.006,0.025
2024-02-10,-2.13,2.20,-0.030,0.055
2024-02-11,-1.92,4.32,-0.060,0.091
2024-02-12,-0.91,5.18,-0.048,0.098
2024-02-13,5.79,-1.34,0.069,-0.052
2024-02-14,-0.19,-3.61,0.078,-0.098
2024-02-15,-3.06,-1.56,-0.008,0.035
2024-02-16,0.57,2.27,0.007,0.014
2024-02-17,0.76,3.30,-0.002,0.053
2024-02-18,-2.93,-3.49,-0.040,0.007
2024-02-19,1.39,-5.20,0.065,-0.126
2024-02-20,1.58,-3.40,0.080,-0.100
2024-02-21,0.40,-3.77,0.065,-0.111
2024-02-22,-0.24,-2.29,0.013,-0.033
2024-02-23,1.44,3.08,-0.005,0.047
2024-02-24,5.77,-1.55,0.075,-0.025
2024-02-25,2.24,-2.49,0.088,-0.101
2024-02-26,1.25,-1.92,0.029,-0.039
2024-02-27,-1.62,2.50,-0.026,0.030
2024-02-28,-1.95,3.52,-0.049,0.066
2024-02-29,-1.98,0.10,-0.000,0.004
2024-03-01,-3.01,2.27,-0.012,0.043
2024-03-02,-1.42,2.91,-0.048,0.072
2024-03-03,-0.57,2.13,-0.014,0.038
2024-03-04,-1.97,-0.45,-0.000,0.005
2024-03-05,-3.01,1.47,-0.032,0.026
2024-03-06,0.91,3.65,-0.034,0.080
2024-03-07,-2.01,0.65,-0.017,0.050
2024-03-08,-0.41,2.58,-0.005,0.041
2024-03-09,-0.80,4.53,-0.053,0.108
2024-03-10,4.39,0.54,0.030,0.009
2024-03-11,-1.19,-4.44,0.054,-0.109
2024-03-12,-3.31,-0.41,-0.022,0.030
2024-03-13,1.56,1.62,-0.007,0.021
2024-03-14,1.74,-0.85,0.016,0.021
2024-03-15,-0.82,2.69,-0.011,0.052
2024-03-16,1.59,1.65,-0.004,0.019
2024-03-17,1.80,0.88,0.021,0.003
2024-03-18,2.02,2.89,-0.000,0.074
2024-03-19,0.25,-4.77,0.048,-0.105
2024-03-20,-2.30,-2.07,-0.017,0.004
2024-03-21,-1.68,-1.80,-0.024,0.028
2024-03-22,-4.79,1.28,-0.097,0.096
2024-03-23,4.63,3.61,0.005,-0.010
2024-03-24,0.77,-4.38,0.072,-0.109
2024-03-25,-5.40,-0.19,-0.054,0.036
2024-03-26,-4.09,3.68,-0.080,0.093
2024-03-27,-1.79,4.02,-0.061,0.093
2024-03-28,5.91,1.58,-0.002,0.043
2024-03-29,-0.29,-4.16,0.070,-0.121
2024-03-30,-2.66,-0.76,-0.002,0.014
2024-03-31,-1.03,2.32,-0.030,0.045
2024-04-01,-0.89,2.92,-0.044,0.056
2024-04-02,-1.40,3.66,-0.057,0.096
2024-04-03,1.28,6.57,-0.024,0.150
2024-04-04,3.99,-2.69,0.071,-0.048
2024-04-05,2.81,-2.91,0.090,-0.106
2024-04-06,3.50,-2.83,0.105,-0.125
2024-04-07,-1.28,-3.32,0.032,-0.062
2024-04-08,-4.23,-1.13,-0.046,0.027
2024-04-09,-4.09,1.33,-0.053,0.042
2024-04-10,-3.68,4.09,-0.098,0.102
2024-04-11,-0.14,7.98,-0.050,0.164
2024-04-12,3.60,-4.00,0.094,-0.110
2024-04-13,-0.23,-4.36,0.072,-0.132
2024-04-14,-2.80,-1.31,-0.015,0.015
2024-04-15,0.77,-2.25,0.022,-0.028
2024-04-16,-3.37,-0.12,-0.002,-0.006
2024-04-17,-3.26,0.46,0.002,-0.012
2024-04-18,1.26,2.27,0.004,-0.009
2024-04-19,2.53,-0.54,0.017,-0.029
2024-04-20,2.65,-0.23,0.023,-0.028
2024-04-21,1.51,2.73,-0.005,0.030
2024-04-22,3.89,-1.73,0.072,-0.070
2024-04-23,-2.03,-3.98,0.030,-0.073
2024-04-24,-2.96,-1.78,-0.012,-0.010
2024-04-25,2.27,-1.90,0.004,-0.011
2024-04-26,-3.15,-0.33,0.012,-0.017
2024-04-27,-5.21,-0.46,-0.043,0.007
2024-04-28,-5.48,0.10,-0.075,0.025
2024-04-29,-4.23,1.88,-0.053,0.021
2024-04-30,-1.35,2.33,-0.013,0.014
2024-05-01,-0.75,1.85,0.021,-0.013
2024-05-02,-1.87,0.23,0.007,-0.015
2024-05-03,-2.99,-0.16,-0.008,-0.027
2024-05-04,-2.24,0.44,-0.000,-0.008
2024-05-05,-2.32,1.62,-0.008,0.009
2024-05-06,-1.35,2.53,-0.015,0.009
2024-05-07,-0.36,2.93,-0.015,0.022
2024-05-08,0.55,2.84,-0.017,0.041
2024-05-09,-0.15,4.37,-0.046,0.093
2024-05-10,2.00,2.66,0.016,0.028
2024-05-11,4.35,0.46,0.085,-0.053
2024-05-12,2.71,-2.12,0.065,-0.079
2024-05-13,-1.02,3.80,-0.024,0.047
2024-05-14,-0.09,4.92,-0.055,0.121
2024-05-15,2.27,4.87,-0.021,0.087
2024-05-16,4.37,2.32,0.032,0.051
2024-05-17,1.83,2.35,0.026,0.006
2024-05-18,0.79,3.70,-0.014,0.068
2024-05-19,2.47,0.09,0.040,-0.027
2024-05-20,3.20,-0.51,0.033,-0.015
2024-05-21,1.66,-3.00,0.027,-0.043
2024-05-22,1.03,-2.99,0.016,-0.006
2024-05-23,2.14,2.46,-0.000,0.015
2024-05-24,2.79,1.88,0.010,0.015
2024-05-25,2.81,-1.14,0.036,-0.029
2024-05-26,2.99,-1.33,0.041,-0.060
2024-05-27,2.56,0.00,0.000,-0.019
2024-05-28,2.61,-0.09,0.021,-0.003
2024-05-29,2.93,-1.83,0.052,-0.065
2024-05-30,2.23,1.28,0.034,-0.030
2024-05-31,-3.14,-0.00,-0.032,0.024
2024-06-01,-4.35,-1.33,-0.038,-0.003
2024-06-02,-3.91,-0.27,-0.057,0.015
2024-06-03,-2.66,0.66,-0.033,0.027
2024-06-04,-1.93,-1.46,-0.013,-0.018
2024-06-05,2.20,1.72,,
2024-06-06,0.57,1.86,,
2024-06-07,1.45,1.99,,
2024-06-08,1.03,2.20,,
2024-06-09,0.20,2.25,0.033,-0.013
2024-06-10,1.02,3.13,0.032,0.020
2024-06-11,-0.00,5.72,0.009,0.081
2024-06-12,3.44,5.11,-0.037,0.090
2024-06-13,2.26,3.61,-0.009,0.127
2024-06-14,1.67,2.07,0.017,0.089
2024-06-15,-1.20,2.36,-0.015,0.019
2024-06-16,-3.32,0.23,-0.035,-0.009
2024-06-17,-4.78,-1.02,-0.048,0.000
2024-06-18,-5.22,-0.92,-0.071,0.012
2024-06-19,-4.95,-0.61,-0.061,0.011
2024-06-20,-4.78,-1.65,-0.043,0.001
2024-06-21,-2.40,-1.22,-0.007,-0.024
2024-06-22,-2.08,0.48,-0.037,0.008
2024-06-23,-2.06,0.47,-0.024,0.001
2024-06-24,-1.48,0.45,-0.006,-0.016
2024-06-25,2.03,0.66,0.041,-0.042
2024-06-26,2.20,-0.31,0.042,-0.042
2024-06-27,2.31,1.03,0.057,-0.040
2024-06-28,0.03,1.95,0.012,0.004
2024-06-29,-2.53,-0.18,-0.018,-0.028
2024-06-30,-2.04,-1.71,-0.003,-0.048
2024-07-01,-1.71,1.20,-0.003,-0.013
2024-07-02,-1.45,1.80,-0.038,0.044
2024-07-03,-2.44,0.04,-0.030,0.001
2024-07-04,-1.93,-1.07,-0.012,-0.044
2024-07-05,-1.55,-0.66,0.015,0.003
2024-07-06,-1.49,1.12,0.002,-0.016
2024-07-07,-0.37,1.76,0.005,0.007
2024-07-08,0.35,2.87,-0.013,0.052
2024-07-09,1.42,1.11,0.008,0.004
2024-07-10,1.63,-0.14,-0.002,-0.005
2024-07-11,1.78,-0.54,0.021,-0.030
2024-07-12,1.73,1.67,0.016,0.026
2024-07-13,-1.68,-0.89,0.021,-0.028
2024-07-14,-2.48,-0.39,-0.019,-0.016
2024-07-15,-2.66,-0.76,-0.009,-0.014
2024-07-16,-1.65,1.07,-0.016,-0.002
2024-07-17,-2.10,-0.00,-0.016,-0.014
2024-07-18,-2.17,0.83,-0.023,0.009
2024-07-19,-2.14,1.56,-0.023,0.017
2024-07-20,-2.41,0.83,-0.015,0.002
2024-07-21,-2.15,-1.00,-0.022,-0.024
2024-07-22,-1.53,1.00,-0.021,0.013
2024-07-23,-2.26,0.36,-0.025,-0.017
2024-07-24,-3.01,0.48,-0.027,0.004
2024-07-25,-2.46,-0.04,-0.002,-0.020
2024-07-26,-1.92,0.62,-0.004,-0.027
2024-07-27,-1.26,1.67,-0.003,-0.010
2024-07-28,-1.51,1.06,0.000,-0.001
2024-07-29,-1.12,-1.12,0.006,-0.033
2024-07-30,-1.46,-0.34,0.017,-0.030
2024-07-31,-1.74,0.67,-0.012,0.005
2024-08-01,-2.00,-0.97,-0.000,-0.042
2024-08-02,-1.87,-1.46,0.010,-0.042
2024-08-03,-4.60,-0.32,-0.055,0.010
2024-08-04,-5.59,6.91,-0.146,0.292
2024-08-05,3.13,8.61,0.003,0.168
2024-08-06,5.19,2.31,0.096,-0.016
2024-08-07,5.03,0.00,0.111,-0.075
2024-08-08,3.67,1.56,0.105,-0.035
2024-08-09,2.42,2.68,0.075,0.011
2024-08-10,1.15,1.99,0.051,-0.009
2024-08-11,-1.33,-0.74,0.047,-0.059
2024-08-12,-1.68,-0.39,0.023,-0.061
2024-08-13,-0.75,-1.76,0.011,-0.042
2024-08-14,0.65,-1.99,0.022,-0.044
2024-08-15,0.24,-1.94,0.030,-0.034
2024-08-16,-3.29,-1.13,-0.028,0.018
2024-08-17,-2.65,-1.02,-0.038,0.018
2024-08-18,-2.52,0.68,-0.035,0.025
2024-08-19,1.14,2.24,0.005,0.008
2024-08-20,3.35,2.43,0.073,0.017
2024-08-21,2.78,1.60,0.072,0.008
2024-08-22,1.32,1.07,0.030,-0.013
2024-08-23,-2.59,-0.84,-0.009,-0.024
2024-08-24,-2.66,-1.24,-0.012,-0.005
2024-08-25,-1.98,-0.61,-0.019,-0.004
2024-08-26,-2.23,-0.73,-0.010,-0.019
2024-08-27,-2.27,-1.11,-0.014,-0.020
2024-08-28,-3.61,0.64,-0.049,0.040
2024-08-29,-3.07,-0.21,-0.048,0.015
2024-08-30,-3.34,-0.90,-0.034,0.009
2024-08-31,-2.62,-1.01,-0.025,-0.004
2024-09-01,-2.03,2.50,-0.056,0.095
2024-09-02,-1.82,3.42,-0.054,0.122
2024-09-03,-1.86,0.53,-0.015,0.015
2024-09-04,-3.07,0.21,-0.047,0.017
2024-09-05,-2.84,-0.50,-0.026,0.022
2024-09-06,-2.04,-1.23,-0.017,0.003
2024-09-07,-2.21,1.28,-0.025,0.028
2024-09-08,-2.44,1.58,-0.025,0.043
2024-09-09,-2.19,-0.23,-0.012,0.010
2024-09-10,-1.70,-1.83,-0.009,-0.009
2024-09-11,-2.16,1.25,-0.021,0.037
2024-09-12,-0.63,2.52,0.003,0.040
2024-09-13,0.93,-1.76,0.003,-0.002
2024-09-14,2.27,-0.28,0.032,-0.023
2024-09-15,1.96,-0.64,0.048,-0.027
2024-09-16,1.14,-1.75,0.029,-0.033
2024-09-17,0.98,-1.56,0.018,-0.011
2024-09-18,0.58,2.18,0.009,0.010
2024-09-19,1.65,-0.51,0.030,-0.024
2024-09-20,-0.19,-1.55,0.006,-0.019
2024-09-21,-1.97,-1.28,-0.008,-0.011
2024-09-22,-1.16,-2.18,-0.004,-0.009
2024-09-23,-1.77,-0.72,0.005,-0.017
2024-09-24,-3.22,0.17,-0.032,0.026
2024-09-25,-5.11,0.99,-0.097,0.068
2024-09-26,-6.14,8.45,-0.141,0.315
2024-09-27,4.57,6.78,-0.018,0.169
2024-09-28,1.26,3.89,-0.001,0.094
2024-09-29,0.81,2.49,0.017,0.019
2024-09-30,-1.85,0.99,-0.015,-0.006
2024-10-01,-1.80,0.38,-0.014,-0.002
2024-10-02,0.59,1.26,0.004,-0.001
2024-10-03,-1.63,-1.06,-0.004,-0.039
2024-10-04,-2.74,-1.22,-0.012,-0.023
2024-10-05,-2.88,-0.46,-0.036,-0.009
2024-10-06,-2.93,1.49,-0.036,0.033
2024-10-07,-3.26,0.52,-0.054,0.080
2024-10-08,-2.96,-1.64,-0.064,0.056
2024-10-09,-6.70,5.23,-0.087,0.230
2024-10-10,10.19,-2.73,0.089,-0.167
2024-10-11,-3.39,-4.33,-0.009,-0.067
2024-10-12,-3.10,-2.34,-0.018,-0.039
2024-10-13,-2.55,-1.99,-0.040,-0.017
2024-10-14,-0.16,-2.31,-0.029,-0.002
2024-10-15,1.12,-1.95,-0.007,-0.002
2024-10-16,-0.48,-3.40,-0.010,0.005
2024-10-17,-4.30,-5.32,0.002,-0.138
2024-10-18,-4.88,-4.24,-0.013,-0.099
2024-10-19,-5.41,-3.79,-0.017,-0.073
2024-10-20,-3.27,-4.18,0.000,-0.100
2024-10-21,-2.86,-4.24,-0.001,-0.096
2024-10-22,-3.23,-4.28,0.001,-0.097
2024-10-23,-1.41,-3.86,0.019,-0.106
2024-10-24,-1.29,-2.33,0.015,-0.077
2024-10-25,-2.53,-1.35,-0.012,-0.049
2024-10-26,-2.56,-2.31,-0.006,-0.067
2024-10-27,-3.33,-2.42,-0.024,-0.052
2024-10-28,-3.65,-2.85,-0.017,-0.039
2024-10-29,-4.34,-2.51,-0.028,-0.023
2024-10-30,-5.13,-1.47,-0.053,-0.011
2024-10-31,-5.16,-1.48,-0.055,-0.012
2024-11-01,-3.56,-2.06,-0.025,-0.043
2024-11-02,-3.66,-2.28,-0.024,-0.055
2024-11-03,-3.93,-1.83,-0.017,-0.047
2024-11-04,-4.71,-1.62,-0.030,-0.027
2024-11-05,-5.54,-1.49,-0.057,0.001
2024-11-06,-5.41,-0.09,-0.078,0.034
2024-11-07,-6.10,1.41,-0.090,0.052
2024-11-08,-4.54,0.40,-0.046,0.032
2024-11-09,-3.81,-0.81,-0.025,-0.019
2024-11-10,-3.95,-0.14,-0.042,-0.003
2024-11-11,-2.21,-1.08,0.004,-0.030
2024-11-12,-2.08,-1.15,0.006,-0.007
2024-11-13,-4.39,-1.51,-0.020,0.001
2024-11-14,-3.66,-0.58,-0.028,-0.009
2024-11-15,1.72,-0.27,0.010,-0.034
2024-11-16,-3.06,-2.86,0.005,-0.045
2024-11-17,-3.29,-1.75,-0.023,-0.004
2024-11-18,-2.92,-0.15,-0.035,-0.011
2024-11-19,-2.75,2.65,-0.061,0.043
2024-11-20,-1.05,4.55,-0.035,0.092
2024-11-21,1.77,-4.39,0.088,-0.107
2024-11-22,1.19,-4.13,0.104,-0.144
2024-11-23,-0.35,-2.86,0.069,-0.079
2024-11-24,-0.95,-1.79,0.042,-0.057
2024-11-25,-1.76,-1.69,0.022,-0.048
2024-11-26,-0.83,-2.41,0.019,-0.045
2024-11-27,0.59,-2.21,0.030,-0.037
2024-11-28,1.46,-0.81,0.020,-0.035
2024-11-29,1.09,-0.85,0.032,-0.062
2024-11-30,-1.56,-4.07,0.028,-0.084
2024-12-01,-0.51,-4.14,0.050,-0.113
2024-12-02,-1.00,-4.72,0.054,-0.153
2024-12-03,-1.36,-4.18,0.042,-0.147
2024-12-04,-1.74,-3.14,0.033,-0.085
2024-12-05,-0.67,-2.20,0.021,-0.043
2024-12-06,1.07,-1.77,0.029,-0.059
2024-12-07,-2.08,-3.60,0.008,-0.064
2024-12-08,-2.74,-1.65,-0.015,-0.032
2024-12-09,-2.29,1.07,0.005,0.001
2024-12-10,-2.41,1.95,-0.031,0.014
2024-12-11,0.17,4.94,-0.020,0.034
2024-12-12,-1.15,-5.91,0.073,-0.153
2024-12-13,-3.10,-3.57,0.005,-0.071
2024-12-14,-3.81,-3.19,-0.044,-0.012
2024-12-15,-4.15,-3.36,-0.035,-0.022
2024-12-16,-3.67,-3.54,-0.025,-0.030
2024-12-17,-3.44,-1.39,-0.032,0.002
2024-12-18,-1.96,-1.71,-0.010,-0.032
2024-12-19,1.31,-2.01,0.035,-0.056
2024-12-20,1.89,-2.91,0.061,-0.078
2024-12-21,1.44,-3.76,0.099,-0.134
2024-12-22,-0.34,-3.20,0.059,-0.079
2024-12-23,-2.04,-2.71,0.019,-0.035
2024-12-24,-1.81,-1.81,-0.000,-0.009
2024-12-25,-3.15,-2.04,-0.035,0.005
2024-12-26,-2.61,-1.22,-0.022,0.020
2024-12-27,-2.71,-1.09,-0.015,0.016
2024-12-28,-2.18,0.83,-0.028,0.018
2024-12-29,-3.12,2.91,-0.079,0.058
2024-12-30,-0.13,1.80,-0.000,-0.025
2024-12-31,0.80,1.88,0.031,-0.025
2025-01-01,1.90,-0.51,0.043,-0.076
2025-01-02,-1.01,-3.52,0.037,-0.087
2025-01-03,-0.75,-3.03,0.024,-0.050
2025-01-04,-0.77,-3.96,0.066,-0.126
2025-01-05,-2.85,-0.93,-0.005,-0.034
2025-01-06,-1.13,3.69,-0.025,0.043
2025-01-07,3.09,-3.68,0.102,-0.118
2025-01-08,-0.06,-3.59,0.058,-0.090
2025-01-09,-0.14,-3.91,0.064,-0.117
2025-01-10,-3.74,0.26,-0.017,-0.006
2025-01-11,2.52,3.60,-0.012,0.053
2025-01-12,0.30,-2.83,0.041,-0.054
2025-01-13,-2.65,1.72,-0.017,0.039
2025-01-14,-0.48,-3.93,-0.009,0.017
2025-01-15,-2.66,-3.53,-0.004,-0.053
2025-01-16,-2.90,-2.18,-0.028,-0.003
2025-01-17,-2.42,-1.96,-0.027,0.016
2025-01-18,-0.82,3.55,-0.028,0.079
2025-01-19,1.24,4.64,0.001,0.096
2025-01-20,-0.61,-3.86,0.041,-0.057
2025-01-21,-1.71,-3.51,0.001,-0.019
2025-01-22,-1.37,-4.77,0.023,-0.093
2025-01-23,0.27,-3.91,0.054,-0.105
2025-01-24,0.66,-3.73,0.081,-0.120
2025-01-25,-1.81,-4.07,0.043,-0.119
2025-01-26,-2.60,-2.42,-0.017,-0.012
2025-01-27,-1.73,-2.14,-0.002,-0.007
2025-01-28,1.43,-1.90,0.033,-0.050
2025-01-29,1.17,-1.95,0.029,-0.051
2025-01-30,-1.78,-1.66,0.013,-0.012
2025-01-31,-2.27,3.24,-0.046,0.043
2025-02-01,0.27,2.55,-0.001,-0.003
2025-02-02,-2.10,-0.85,0.033,-0.053
2025-02-03,-0.61,-1.26,0.005,-0.044
2025-02-04,1.31,-0.95,0.007,-0.038
2025-02-05,1.25,1.29,0.019,-0.019
2025-02-06,-0.79,2.06,0.002,0.005
2025-02-07,0.54,-1.67,0.012,-0.024
2025-02-08,-2.13,-0.90,0.000,0.001
2025-02-09,1.38,-0.05,-0.005,-0.002
2025-02-10,1.22,-0.22,0.006,-0.035
2025-02-11,-0.60,2.43,-0.022,-0.007
2025-02-12,-1.97,3.56,-0.063,0.087
2025-02-13,-1.39,4.03,-0.058,0.086
2025-02-14,-1.67,-0.54,0.001,-0.010
2025-02-15,-3.72,1.58,-0.024,0.027
2025-02-16,-0.53,5.06,-0.057,0.115
2025-02-17,0.26,-3.66,0.035,-0.041
2025-02-18,-0.71,-2.31,0.014,0.009
2025-02-19,0.31,2.95,0.008,0.021
2025-02-20,2.57,-2.96,0.057,-0.059
2025-02-21,-2.25,-4.24,0.039,-0.093
2025-02-22,-3.25,-2.73,-0.012,-0.027
2025-02-23,-1.70,-1.19,0.011,-0.009
2025-02-24,-3.28,2.30,-0.035,0.074
2025-02-25,2.81,-3.12,0.042,-0.005
2025-02-26,0.82,-2.38,0.066,-0.068
2025-02-27,1.83,0.46,0.030,-0.003
2025-02-28,1.71,-2.44,0.060,-0.082
2025-03-01,1.31,-2.19,0.043,-0.066
2025-03-02,2.44,-2.27,0.081,-0.099
2025-03-03,-0.39,-3.68,0.038,-0.071
2025-03-04,-3.08,1.64,-0.038,0.043
2025-03-05,-0.40,5.71,-0.050,0.102
2025-03-06,5.63,-3.12,0.136,-0.135
2025-03-07,0.70,-2.81,0.068,-0.085
2025-03-08,0.46,1.72,0.000,0.042
2025-03-09,0.27,2.56,0.002,0.049
2025-03-10,3.75,4.17,0.040,0.057
2025-03-11,4.02,-4.02,0.128,-0.160
2025-03-12,1.42,-2.55,0.063,-0.086
2025-03-13,1.94,0.90,0.005,0.007
2025-03-14,0.57,-2.00,-0.005,-0.001
2025-03-15,-2.26,3.35,-0.056,0.065
2025-03-16,-2.18,5.69,-0.086,0.142
2025-03-17,5.17,-3.36,0.101,-0.100
2025-03-18,-0.77,-4.38,0.081,-0.133
2025-03-19,-2.56,1.19,-0.015,0.008
2025-03-20,1.39,2.14,0.009,0.017
2025-03-21,3.05,-4.04,0.098,-0.115
2025-03-22,0.25,-2.41,0.036,-0.032
2025-03-23,-0.50,-2.17,0.010,-0.005
2025-03-24,-0.71,2.86,-0.021,0.043
2025-03-25,2.20,-0.31,0.012,-0.030
2025-03-26,1.13,-1.97,0.051,-0.086
2025-03-27,-3.11,-1.45,-0.010,-0.034
2025-03-28,-4.87,-1.04,-0.048,-0.002
2025-03-29,-4.11,0.58,-0.061,0.000
2025-03-30,-2.97,2.77,-0.069,0.061
2025-03-31,-1.41,2.09,-0.002,0.015
2025-04-01,0.95,1.53,0.027,-0.032
2025-04-02,-2.01,1.63,-0.027,0.041
2025-04-03,-3.71,2.50,-0.069,0.065
2025-04-04,-3.73,1.99,-0.068,0.060
2025-04-05,-3.41,2.76,-0.075,0.060
2025-04-06,-2.54,3.92,-0.075,0.100
2025-04-07,-1.02,4.81,-0.063,0.129
2025-04-08,4.32,1.16,0.016,0.051
2025-04-09,1.62,-4.01,0.109,-0.143
2025-04-10,1.47,-3.84,0.086,-0.121
2025-04-11,2.06,-2.54,0.051,-0.059
2025-04-12,3.81,-3.67,0.113,-0.138
2025-04-13,1.86,-3.09,0.072,-0.113
2025-04-14,2.81,-0.05,0.012,-0.003
2025-04-15,2.81,0.80,-0.012,0.013
2025-04-16,2.88,-2.79,0.098,-0.107
2025-04-17,0.72,-3.36,0.052,-0.052
2025-04-18,-2.69,-0.52,0.002,-0.002
2025-04-19,-4.26,-0.52,-0.014,-0.028
2025-04-20,-3.88,0.48,-0.029,-0.012
2025-04-21,-3.38,1.30,-0.005,-0.022
2025-04-22,-1.45,2.62,0.006,-0.020
2025-04-23,1.49,1.55,0.014,-0.023
2025-04-24,-2.48,0.35,0.006,-0.008
2025-04-25,-3.13,-0.84,0.011,-0.032
2025-04-26,-1.62,-2.15,0.016,-0.008
2025-04-27,2.33,0.24,0.033,-0.039
2025-04-28,2.59,-0.94,0.023,-0.013
2025-04-29,-2.25,-1.20,0.003,-0.039
2025-04-30,-3.10,-0.95,-0.019,-0.036
2025-05-01,-2.53,1.64,0.010,-0.012
2025-05-02,-0.57,2.66,-0.007,-0.007
2025-05-03,-0.39,2.76,-0.031,0.029
2025-05-04,0.32,2.27,-0.031,0.072
2025-05-05,0.77,1.65,0.009,0.015
2025-05-06,-1.56,2.15,-0.031,0.044
2025-05-07,-1.87,2.07,-0.033,0.043
2025-05-08,1.14,2.34,-0.012,0.025
2025-05-09,0.57,2.70,-0.016,0.040
2025-05-10,-1.34,3.31,-0.046,0.098
2025-05-11,-2.70,3.11,-0.067,0.112
2025-05-12,-0.61,4.34,-0.044,0.122
2025-05-13,2.13,0.00,0.052,-0.036
2025-05-14,2.01,-0.43,0.056,-0.077
2025-05-15,1.74,-0.03,0.056,-0.036
2025-05-16,1.59,0.37,0.027,-0.020
2025-05-17,1.75,1.09,0.014,-0.003
2025-05-18,1.69,0.12,0.021,-0.008
2025-05-19,1.68,1.41,0.016,0.007
2025-05-20,0.45,2.34,-0.019,0.040
2025-05-21,2.09,1.16,0.009,0.002
2025-05-22,2.09,-1.58,0.057,-0.079
2025-05-23,0.24,-1.53,0.044,-0.048
2025-05-24,-1.74,0.63,0.009,0.001
2025-05-25,-1.94,0.86,-0.026,0.020
2025-05-26,-0.79,1.78,-0.013,0.030
2025-05-27,-1.79,2.13,-0.033,0.047
2025-05-28,-1.53,1.64,-0.014,0.036
2025-05-29,-1.13,2.54,-0.017,0.035
2025-05-30,1.07,2.51,0.005,0.013
2025-05-31,3.66,0.00,0.060,-0.046
2025-06-01,2.84,0.35,0.052,-0.034
2025-06-02,1.61,1.26,0.010,0.002
2025-06-03,-2.86,2.23,-0.068,0.088
2025-06-04,-3.15,2.04,-0.079,0.105
2025-06-05,-2.22,1.39,-0.051,0.025
2025-06-06,-1.24,1.90,-0.003,0.010
2025-06-07,1.09,1.50,0.028,-0.009
2025-06-08,0.94,1.57,0.035,-0.015
2025-06-09,-0.24,2.00,-0.009,0.032
2025-06-10,-1.75,1.18,-0.029,0.023
2025-06-11,-2.39,1.12,-0.049,0.047
2025-06-12,-2.42,1.34,-0.049,0.030
2025-06-13,-2.29,1.61,-0.040,0.015
2025-06-14,-2.17,1.26,-0.044,0.020
2025-06-15,-1.65,1.83,-0.030,0.021
2025-06-16,-1.91,1.29,-0.023,0.032
2025-06-17,-1.73,1.40,-0.031,0.017
2025-06-18,-1.76,1.59,-0.048,0.043
2025-06-19,-1.74,-0.03,-0.015,0.003
2025-06-20,-0.50,-1.47,0.004,-0.045
2025-06-21,-1.84,-0.06,-0.026,-0.009
2025-06-22,-2.10,-0.52,-0.023,-0.006
2025-06-23,-2.81,-0.49,-0.036,0.008
2025-06-24,-2.84,-1.26,-0.012,-0.022
2025-06-25,-2.14,-1.29,0.004,-0.042
2025-06-26,-1.99,0.39,0.005,-0.019
2025-06-27,-2.10,0.04,-0.023,-0.004
2025-06-28,-2.09,0.56,0.003,-0.024
2025-06-29,-1.53,-1.03,0.012,-0.059
2025-06-30,-2.67,-0.38,0.004,-0.046
2025-07-01,-2.10,0.45,0.011,-0.045
2025-07-02,-0.37,3.02,-0.005,0.030
2025-07-03,2.53,1.52,0.053,-0.008
2025-07-04,1.92,2.65,0.052,0.015
2025-07-05,2.94,1.70,0.043,0.036
2025-07-06,2.19,2.70,0.013,0.094
2025-07-07,0.40,2.25,0.022,0.012
2025-07-08,-1.04,-1.60,0.009,-0.046
2025-07-09,-0.49,-1.60,0.038,-0.058
2025-07-10,-0.92,-1.31,0.018,-0.051
2025-07-11,-1.66,0.74,0.002,-0.005
2025-07-12,-1.65,0.32,-0.001,-0.025
2025-07-13,0.55,-1.68,0.025,-0.031
2025-07-14,1.58,-0.88,0.043,-0.063
2025-07-15,1.83,1.54,0.053,-0.030
2025-07-16,-1.43,2.48,-0.015,0.033
2025-07-17,-2.54,0.78,-0.038,0.025
2025-07-18,-2.29,-0.00,-0.004,-0.006
2025-07-19,-1.99,0.57,0.017,-0.025
2025-07-20,2.07,-1.10,0.036,-0.032
2025-07-21,1.73,-0.12,0.045,-0.036
2025-07-22,-0.58,1.61,0.034,-0.020
2025-07-23,-1.11,1.92,0.006,-0.015
2025-07-24,-1.44,1.65,-0.024,0.011
2025-07-25,-2.41,0.17,-0.011,0.010
2025-07-26,-1.67,-0.82,0.012,-0.043
2025-07-27,-1.40,-1.73,0.016,-0.030
2025-07-28,-1.57,-1.19,0.023,-0.007
2025-07-29,1.84,1.15,0.050,-0.049
2025-07-30,0.74,1.75,0.031,-0.017
2025-07-31,1.47,0.95,0.044,-0.030
2025-08-01,1.47,0.18,0.038,-0.040
2025-08-02,1.15,-1.47,0.029,-0.031
2025-08-03,-0.15,2.21,0.030,-0.021
2025-08-04,0.07,1.87,-0.005,0.005
2025-08-05,-1.76,0.86,-0.003,0.007
2025-08-06,-1.26,-1.55,0.017,-0.055
2025-08-07,-1.94,-1.26,-0.006,-0.028
2025-08-08,-1.96,0.91,-0.026,0.032
2025-08-09,-1.96,1.65,-0.031,0.036
2025-08-10,-0.77,3.10,-0.011,0.080
2025-08-11,-1.76,2.10,-0.018,0.027
2025-08-12,-2.10,0.98,-0.028,0.036
2025-08-13,-1.49,1.54,-0.022,0.033
2025-08-14,-1.04,1.07,0.011,0.012
2025-08-15,-0.48,-1.56,0.020,-0.029
2025-08-16,1.37,-1.42,0.034,-0.027
2025-08-17,1.47,0.21,0.048,-0.028
2025-08-18,-0.22,-2.12,0.032,-0.016
2025-08-19,-0.85,-2.95,0.035,-0.070
2025-08-20,1.77,-2.11,0.050,-0.071
2025-08-21,2.85,-0.15,0.060,-0.060
2025-08-22,1.70,1.06,0.042,-0.024
2025-08-23,1.86,1.12,0.051,-0.031
2025-08-24,2.81,2.28,0.056,-0.020
2025-08-25,1.86,0.79,0.056,-0.037
2025-08-26,1.36,-1.62,0.053,-0.049
2025-08-27,-0.70,-2.02,0.025,-0.065
2025-08-28,-0.09,1.81,0.014,0.010
2025-08-29,1.74,-0.77,0.002,0.012
2025-08-30,2.62,0.18,0.024,0.009
2025-08-31,2.47,-0.66,0.045,-0.027
2025-09-01,2.68,-1.19,0.053,-0.022
2025-09-02,1.13,-3.11,0.041,-0.054
2025-09-03,-0.77,-2.01,0.013,-0.005
2025-09-04,-0.88,1.59,0.000,0.045
2025-09-05,-0.88,1.52,-0.015,0.053
2025-09-06,0.25,2.35,-0.016,0.084
2025-09-07,0.09,2.63,-0.000,0.062
2025-09-08,-0.29,2.72,0.003,0.046
2025-09-09,-0.24,2.72,-0.011,0.077
2025-09-10,1.53,2.04,0.029,0.038
2025-09-11,-1.44,-1.72,0.007,-0.004
2025-09-12,-1.39,-2.41,0.007,-0.025
2025-09-13,-1.16,-2.74,0.007,-0.023
2025-09-14,-0.78,-2.26,-0.012,0.000
2025-09-15,-1.95,-1.31,-0.009,0.050
2025-09-16,-2.16,-1.10,-0.004,0.036
2025-09-17,-2.21,-0.89,-0.023,0.025
2025-09-18,-2.04,-1.97,-0.014,-0.017
2025-09-19,-1.06,-2.38,0.008,-0.025
2025-09-20,-2.42,-2.60,0.006,-0.032
2025-09-21,-2.90,-1.81,-0.025,-0.025
2025-09-22,-2.32,-0.45,-0.025,0.024
2025-09-23,-1.76,0.54,-0.019,0.019
2025-09-24,-1.38,-1.42,0.006,-0.012
2025-09-25,-0.27,-1.71,0.009,0.001
2025-09-26,0.12,1.73,0.016,0.000
2025-09-27,1.48,-2.03,0.036,-0.052
2025-09-28,-0.39,-3.19,0.046,-0.103
2025-09-29,1.33,-3.66,0.058,-0.090
2025-09-30,3.34,-3.12,0.096,-0.098
2025-10-01,0.52,-2.65,0.039,-0.050
2025-10-02,-1.92,-2.46,-0.001,-0.029
2025-10-03,-3.75,-2.72,-0.034,0.002
2025-10-04,-3.13,-1.59,-0.045,0.030
2025-10-05,-2.10,-1.12,-0.026,0.018
2025-10-06,-1.54,-2.12,-0.027,0.027
2025-10-07,-2.73,-1.39,-0.027,0.031
2025-10-08,-3.47,-2.34,-0.030,-0.010
2025-10-09,-2.87,-2.68,-0.039,-0.007
2025-10-10,-2.00,-2.56,-0.029,0.017
2025-10-11,-0.38,-2.69,0.003,-0.001
2025-10-12,-0.31,-3.53,0.013,-0.040
2025-10-13,-0.09,-2.65,0.017,-0.028
2025-10-14,-2.81,-2.27,-0.019,-0.016
2025-10-15,-1.84,-2.94,-0.003,-0.027
2025-10-16,-1.99,-2.64,0.002,-0.016
2025-10-17,-3.37,-2.54,-0.031,-0.000
2025-10-18,-3.06,-1.18,-0.030,0.006
2025-10-19,-2.88,1.11,-0.031,0.033
2025-10-20,-1.84,-1.02,-0.030,0.023
2025-10-21,-2.16,-0.58,-0.016,0.024
2025-10-22,0.52,-1.42,0.006,-0.018
2025-10-23,-1.72,-2.13,0.006,-0.017
2025-10-24,-4.32,-3.02,-0.019,-0.055
2025-10-25,-4.65,-3.02,-0.031,-0.044
2025-10-26,-4.41,-1.87,-0.039,-0.012
2025-10-27,-3.00,0.53,-0.019,0.007
2025-10-28,0.34,-2.39,0.022,-0.044
2025-10-29,0.75,-3.25,0.048,-0.043
2025-10-30,3.30,-3.80,0.117,-0.124
2025-10-31,-0.12,-3.42,0.054,-0.049
2025-11-01,-0.11,-3.12,0.034,-0.060
2025-11-02,0.75,-2.61,0.026,-0.039
2025-11-03,-0.55,-3.13,0.015,-0.030
2025-11-04,-3.14,-3.25,-0.004,-0.027
2025-11-05,-2.62,-2.20,-0.005,-0.016
2025-11-06,-2.07,-2.22,-0.000,-0.009
2025-11-07,-1.01,-2.37,-0.004,0.013
2025-11-08,1.70,-0.12,0.015,0.006
2025-11-09,1.41,1.23,0.031,-0.000
2025-11-10,4.35,-2.94,0.103,-0.113
2025-11-11,-0.93,-5.30,0.083,-0.159
2025-11-12,-2.13,-2.93,0.020,-0.093
2025-11-13,-1.81,-2.49,0.006,-0.059
2025-11-14,-1.32,-2.39,0.014,-0.036
2025-11-15,-1.17,-2.62,0.012,-0.010
2025-11-16,1.77,-1.43,0.038,-0.042
2025-11-17,1.89,-0.80,0.037,-0.044
2025-11-18,-0.86,-1.55,0.021,-0.034
2025-11-19,-2.23,-1.19,0.004,0.008
2025-11-20,-1.39,-1.30,0.020,-0.017
2025-11-21,-0.86,-1.93,0.030,-0.025
2025-11-22,0.33,-2.11,0.022,-0.021
2025-11-23,1.53,-1.82,0.032,-0.058
2025-11-24,0.22,-1.82,0.026,-0.017
2025-11-25,-2.41,1.28,-0.020,0.045
2025-11-26,-1.84,0.36,-0.008,0.010
2025-11-27,0.95,-1.78,0.012,-0.026
2025-11-28,-1.32,-5.29,0.056,-0.152
2025-11-29,-3.66,-3.29,0.008,-0.074
2025-11-30,-4.22,-1.54,-0.028,-0.028
2025-12-01,-2.98,-1.39,-0.024,0.008
2025-12-02,-0.48,3.93,-0.027,0.073
2025-12-03,2.25,-1.76,0.030,-0.019
2025-12-04,-0.22,-2.49,0.032,-0.042
2025-12-05,-0.48,2.08,0.001,0.017
2025-12-06,-0.00,2.08,-0.003,0.028
2025-12-07,-0.96,2.16,-0.013,0.021
2025-12-08,3.72,0.86,0.038,-0.007
2025-12-09,-2.21,-3.54,0.002,-0.037
2025-12-10,0.75,-3.26,0.039,-0.062
2025-12-11,1.32,-2.49,0.060,-0.063
2025-12-12,-0.85,-2.22,0.020,-0.026
2025-12-13,-2.41,-0.83,-0.002,-0.010
2025-12-14,-0.52,-2.26,-0.005,-0.013
2025-12-15,-2.74,-4.22,0.014,-0.072
2025-12-16,-3.36,-3.24,-0.012,-0.055
2025-12-17,-2.51,-1.33,0.002,-0.021
2025-12-18,-3.29,1.53,-0.016,0.008
2025-12-19,3.07,1.77,0.017,-0.006
2025-12-20,0.75,-2.81,0.051,-0.058
2025-12-21,0.89,-1.75,0.020,-0.020
2025-12-22,-3.17,-2.86,-0.008,-0.025
2025-12-23,-3.22,-2.17,-0.037,-0.019
2025-12-24,-2.71,-2.28,-0.011,-0.036
2025-12-25,-0.51,-2.61,0.023,-0.044
2025-12-26,0.98,-2.56,0.049,-0.069
2025-12-27,1.28,-1.70,0.041,-0.056
2025-12-28,0.23,-2.18,0.021,-0.023
2025-12-29,1.30,-0.21,0.017,-0.015
2025-12-30,2.32,-3.31,0.083,-0.099
2025-12-31,1.00,-4.03,0.084,-0.126
2026-01-01,0.50,-2.86,0.057,-0.078
2026-01-02,2.21,-0.04,0.023,-0.039
2026-01-03,0.88,3.09,0.013,0.015
2026-01-04,1.92,1.61,0.033,0.015
2026-01-05,-1.95,-1.58,0.010,-0.007
2026-01-06,0.59,-1.55,0.025,-0.024
2026-01-07,1.07,-0.61,0.019,-0.047
2026-01-08,-1.64,-0.91,0.012,-0.023
2026-01-09,-2.15,1.68,-0.026,0.026
2026-01-10,-2.37,1.54,-0.012,-0.002
2026-01-11,1.63,-0.63,0.002,-0.024
2026-01-12,-1.31,-3.81,0.029,-0.055
2026-01-13,-2.13,-2.29,-0.003,0.013
2026-01-14,2.18,-1.90,0.048,-0.054
2026-01-15,4.43,-2.07,0.100,-0.079
2026-01-16,-0.98,-3.43,0.075,-0.106
2026-01-17,-2.41,-1.82,0.017,-0.027
2026-01-18,2.74,-1.22,0.036,-0.038
2026-01-19,-0.33,-4.65,0.086,-0.152
2026-01-20,-2.82,-4.18,0.017,-0.113
2026-01-21,-3.53,-2.86,-0.021,-0.037
2026-01-22,-1.74,-3.01,0.008,-0.051
2026-01-23,0.16,-2.97,0.034,-0.045
2026-01-24,-2.48,-1.74,0.012,-0.017
2026-01-25,-2.58,3.30,-0.043,0.060
2026-01-26,3.87,2.32,0.023,0.004
2026-01-27,0.10,-5.72,0.093,-0.179
2026-01-28,-0.40,-3.81,0.059,-0.130
2026-01-29,-0.43,-3.51,0.061,-0.095
2026-01-30,0.32,-1.81,0.020,-0.030
2026-01-31,3.48,-1.93,0.073,-0.077
2026-02-01,3.93,-6.29,0.175,-0.218
2026-02-02,-0.18,-3.52,0.078,-0.089
2026-02-03,-0.25,-2.84,0.042,-0.060
2026-02-04,0.04,-2.10,0.028,-0.064
2026-02-05,3.72,-1.35,0.056,-0.092
2026-02-06,2.22,-3.54,0.101,-0.111
2026-02-07,4.24,-1.46,0.090,-0.065
2026-02-08,0.43,-3.50,0.060,-0.075
2026-02-09,2.11,-0.33,0.034,-0.016
2026-02-10,1.75,0.34,0.012,-0.033
2026-02-11,-0.77,1.74,-0.008,0.013
2026-02-12,1.77,0.22,0.021,-0.040
2026-02-13,1.98,-1.49,0.033,-0.064
2026-02-14,1.76,-1.95,0.035,-0.028
2026-02-15,-1.27,4.15,-0.036,0.060
2026-02-16,4.28,1.90,0.057,-0.018
2026-02-17,-1.86,-2.56,0.034,-0.025
2026-02-18,-1.40,2.63,-0.024,0.029
2026-02-19,-0.41,3.35,-0.025,0.033
2026-02-20,0.06,3.28,-0.012,0.028
2026-02-21,0.19,2.75,0.008,-0.006
2026-02-22,3.13,0.27,0.063,-0.061
2026-02-23,2.88,-5.90,0.142,-0.202
2026-02-24,1.42,-4.11,0.093,-0.139
2026-02-25,1.45,-1.55,0.050,-0.056
2026-02-26,-1.76,2.43,-0.012,0.005
2026-02-27,-1.08,3.78,-0.035,0.050
2026-02-28,1.48,2.28,0.012,0.010
2026-03-01,-1.41,-2.16,0.009,-0.104
2026-03-02,-3.24,-0.87,-0.011,-0.014
2026-03-03,-2.56,-1.19,0.001,-0.065
2026-03-04,-3.12,-0.90,-0.009,-0.038
2026-03-05,-3.55,0.50,-0.010,-0.040
2026-03-06,-3.04,0.32,-0.013,-0.044
2026-03-07,-3.00,-0.05,-0.005,-0.032
2026-03-08,-2.62,0.05,0.002,-0.028
2026-03-09,0.79,-1.77,0.012,-0.044
2026-03-10,1.29,1.29,0.016,-0.042
2026-03-11,-0.92,2.27,-0.022,0.008
2026-03-12,0.87,3.26,-0.027,0.074
2026-03-13,0.48,-2.72,0.033,-0.022
2026-03-14,0.52,-1.51,0.034,-0.040
2026-03-15,-1.11,1.92,-0.053,0.042
2026-03-16,-0.60,4.92,-0.053,0.114
2026-03-17,0.55,-4.47,0.050,-0.105
2026-03-18,-1.49,-4.59,0.035,-0.129
2026-03-19,-2.17,-4.87,0.032,-0.138
2026-03-20,-1.80,-4.45,0.032,-0.113
2026-03-21,0.83,-3.58,0.041,-0.054
2026-03-22,1.82,-2.10,0.041,-0.048
2026-03-23,2.16,-1.40,0.025,-0.029
2026-03-24,2.42,-1.34,0.053,-0.060
2026-03-25,2.21,-1.33,0.040,-0.038
2026-03-26,1.97,-0.38,0.019,-0.003
2026-03-27,1.33,-2.05,0.028,-0.010
2026-03-28,1.68,-1.46,0.037,-0.050
2026-03-29,-3.05,-2.22,-0.016,0.006
2026-03-30,-4.08,-1.02,-0.042,0.002
2026-03-31,-3.22,-0.57,-0.043,-0.017
2026-04-01,-2.85,-0.40,-0.010,-0.013
2026-04-02,-3.05,-0.21,-0.041,0.008
2026-04-03,-4.10,-0.07,-0.071,0.050
2026-04-04,-3.29,0.11,-0.040,0.009
2026-04-05,-2.89,-0.25,-0.009,0.003
2026-04-06,-0.18,-2.09,0.014,-0.047
2026-04-07,-2.11,-2.11,-0.028,-0.009
2026-04-08,-3.20,-3.55,-0.030,0.004
2026-04-09,-4.34,-3.91,-0.014,-0.020
2026-04-10,-3.66,-3.07,-0.017,-0.030
2026-04-11,-3.28,-2.38,-0.021,-0.058
2026-04-12,-3.98,-1.69,-0.047,-0.019
2026-04-13,-4.07,-0.94,-0.023,-0.029
2026-04-14,-2.94,-0.57,0.011,-0.012
2026-04-15,-3.06,-0.32,0.016,-0.006
2026-04-16,-0.95,-2.75,0.022,-0.033
2026-04-17,1.75,-2.01,0.042,-0.051
2026-04-18,1.23,-1.97,0.027,-0.020
2026-04-19,2.68,-1.43,0.038,-0.061
2026-04-20,-0.76,-3.59,0.040,-0.090
2026-04-21,-4.85,-3.27,-0.025,-0.057
2026-04-22,-3.47,-1.06,0.004,-0.027
2026-04-23,-2.95,0.36,-0.018,-0.005
2026-04-24,-2.58,0.64,-0.019,0.012
2026-04-25,-1.29,2.34,-0.018,0.036
2026-04-26,0.34,2.81,-0.019,0.039
2026-04-27,1.94,-1.94,0.063,-0.083
2026-04-28,-1.42,-2.92,0.027,-0.046
2026-04-29,2.90,0.72,0.030,-0.014
2026-04-30,2.48,0.04,0.038,-0.014
2026-05-01,2.67,0.38,0.048,-0.010
2026-05-02,1.98,3.04,-0.003,0.063
2026-05-03,1.81,-2.79,0.022,0.002
2026-05-04,-2.82,-2.54,-0.020,-0.006
2026-05-05,-2.38,-1.73,-0.008,-0.000
2026-05-06,1.30,2.78,0.023,-0.001
2026-05-07,1.10,2.16,0.009,0.034
2026-05-08,2.30,-1.22,0.042,-0.057
2026-05-09,1.55,2.06,0.007,0.004
2026-05-10,0.87,1.95,-0.022,0.058
2026-05-11,1.16,1.72,-0.003,0.043
2026-05-12,2.11,1.97,0.022,0.030
2026-05-13,2.98,0.63,0.035,-0.015
2026-05-14,4.26,-1.47,0.096,-0.076
2026-05-15,3.15,-2.38,0.088,-0.103
2026-05-16,2.28,-0.12,0.045,-0.021
2026-05-17,-2.23,0.95,0.001,0.007
2026-05-18,-3.59,-0.57,-0.057,-0.010
2026-05-19,-3.17,-0.56,-0.039,-0.024
2026-05-20,-2.68,-0.52,-0.027,-0.004
2026-05-21,-2.04,-0.07,-0.007,0.007
2026-05-22,-2.33,1.18,-0.026,0.039
2026-05-23,-2.06,1.99,-0.068,0.053
2026-05-24,-2.66,1.80,-0.062,0.052
2026-05-25,-3.06,2.15,-0.066,0.059
2026-05-26,-2.99,2.60,-0.071,0.071
2026-05-27,-2.71,2.81,-0.080,0.075
2026-05-28,-0.27,2.56,-0.035,0.052
2026-05-29,2.09,-0.15,0.027,-0.031
2026-05-30,0.85,1.37,0.013,-0.025
2026-05-31,1.98,0.53,0.044,-0.028
2026-06-01,2.76,-0.84,0.042,-0.060
2026-06-02,3.02,-1.74,0.066,-0.094
2026-06-03,-2.32,-1.62,0.002,-0.042
2026-06-04,-3.55,-1.02,-0.048,0.007
2026-06-05,-3.33,-0.53,-0.057,0.007
2026-06-06,-2.80,-0.00,-0.015,-0.003
2026-06-07,-2.55,-0.04,0.012,0.007
2026-06-08,-2.14,-0.61,-0.012,0.003
2026-06-09,-1.85,0.82,-0.002,0.035
2026-06-10,-1.93,1.40,-0.029,0.025
2026-06-11,-1.76,1.28,-0.004,0.001
2026-06-12,-0.17,-1.62,0.008,-0.064
2026-06-13,-1.22,0.71,0.006,-0.069
2026-06-14,1.28,1.04,0.015,-0.048
2026-06-15,2.33,1.24,0.043,-0.016
2026-06-16,2.05,2.36,0.025,0.009
2026-06-17,0.51,2.90,-0.004,0.036
2026-06-18,-0.51,2.90,-0.020,0.053
2026-06-19,0.25,2.85,-0.019,0.059
2026-06-20,-1.26,1.31,0.020,-0.007
2026-06-21,0.13,2.42,0.021,-0.014
2026-06-22,0.15,2.08,0.007,0.003
2026-06-23,-0.76,1.43,0.004,0.012
2026-06-24,0.53,1.14,0.024,-0.025
2026-06-25,-1.04,1.88,0.004,-0.016
2026-06-26,-2.16,0.34,-0.021,0.013
2026-06-27,-1.50,-0.32,0.005,0.005
2026-06-28,-2.03,-0.51,-0.004,-0.003
2026-06-29,-1.58,-0.88,0.014,-0.034
2026-06-30,-0.83,-2.28,0.022,-0.032
2026-07-01,-1.87,-1.17,0.002,-0.026
2026-07-02,-1.82,-0.85,0.012,-0.000
2026-07-03,-1.88,0.30,0.017,-0.010
2026-07-04,-1.39,1.21,0.016,-0.027
2026-07-05,0.43,1.74,0.012,-0.007
2026-07-06,-1.24,1.77,-0.012,0.017
2026-07-07,-1.61,1.26,-0.018,0.008
2026-07-08,-1.42,0.63,-0.005,-0.001
2026-07-09,-1.41,2.02,-0.021,0.026
2026-07-10,-2.50,0.86,-0.038,0.017
2026-07-11,-2.44,0.61,-0.040,0.008
2026-07-12,-1.29,1.20,0.013,-0.018
2026-07-13,-1.98,1.85,0.000,0.009
2026-07-14,-1.75,2.02,-0.002,-0.002
2026-07-15,-0.20,-2.85,0.022,-0.056
2026-07-16,2.01,-1.68,0.042,-0.072
2026-07-17,2.64,-1.40,0.074,-0.088
2026-07-18,-0.54,2.76,0.014,0.016
2026-07-19,-1.13,3.95,-0.037,0.116
2026-07-20,0.66,5.38,-0.023,0.134
2026-07-21,-0.50,4.78,-0.049,0.116
2026-07-22,-1.11,2.75,-0.042,0.074
2026-07-23,-2.20,-0.71,-0.036,-0.002
2026-07-24,-1.70,-1.48,-0.026,-0.045
2026-07-25,1.08,1.48,0.030,0.001
2026-07-26,1.83,-1.28,0.046,-0.058
2026-07-27,2.86,-0.99,0.068,-0.075
2026-07-28,3.64,0.51,0.064,-0.041
2026-07-29,4.20,1.87,0.072,-0.011
2026-07-30,3.99,1.14,0.083,-0.036
2026-07-31,3.41,0.24,0.071,-0.053
2026-08-01,2.60,0.41,0.061,-0.044
2026-08-02,0.90,2.02,0.027,-0.007
2026-08-03,-0.10,2.75,0.004,0.021
2026-08-04,0.48,1.91,0.023,0.005
2026-08-05,-1.92,0.44,-0.003,-0.017
2026-08-06,-2.76,-1.35,-0.049,0.022
2026-08-07,-1.66,-2.55,-0.003,-0.033
2026-08-08,-1.95,1.17,-0.028,0.057
2026-08-09,-2.16,-0.19,-0.027,0.030
2026-08-10,-2.51,0.31,-0.021,0.037
2026-08-11,-1.91,-0.55,0.020,-0.004
2026-08-12,1.48,-0.89,0.035,-0.030
2026-08-13,-1.13,-1.88,0.018,-0.039
2026-08-14,-1.54,1.54,0.002,0.023
2026-08-15,-2.00,-0.85,-0.003,-0.014
2026-08-16,-1.80,-0.38,0.009,-0.019
2026-08-17,1.77,-0.79,0.019,-0.025
2026-08-18,2.59,-1.56,0.056,-0.075
2026-08-19,2.68,-1.95,0.072,-0.100
2026-08-20,0.39,-2.00,0.035,-0.056
2026-08-21,-1.76,0.19,-0.005,0.014
2026-08-22,1.54,2.20,0.007,0.021
2026-08-23,2.30,0.66,0.017,-0.005
2026-08-24,-1.08,1.55,0.006,0.012
2026-08-25,0.46,1.86,0.012,0.010
2026-08-26,-1.48,1.89,-0.014,0.033
2026-08-27,-1.62,1.46,-0.027,0.033
2026-08-28,-1.72,1.34,0.004,0.006
2026-08-29,-2.48,-0.81,-0.001,-0.016
2026-08-30,-2.61,-0.27,-0.028,0.022
2026-08-31,-1.69,-1.09,-0.008,-0.033
2026-09-01,-1.21,-1.45,0.003,-0.049
2026-09-02,-0.77,-1.38,0.011,-0.042
2026-09-03,-1.09,1.88,0.023,-0.000
2026-09-04,-1.16,1.65,-0.004,0.037
2026-09-05,-0.37,1.74,0.005,0.004
2026-09-06,0.19,2.17,0.027,-0.008
2026-09-07,2.27,0.04,0.043,-0.052
2026-09-08,-1.35,0.55,-0.003,-0.002
2026-09-09,-2.29,-0.00,-0.032,0.010
2026-09-10,-2.18,-0.08,-0.017,0.008
2026-09-11,-2.42,0.04,-0.029,0.018
2026-09-12,-1.95,0.75,-0.005,0.028
2026-09-13,-1.47,1.07,-0.004,0.005
2026-09-14,-1.37,0.39,0.005,-0.029
2026-09-15,-1.93,-0.10,-0.021,0.017
2026-09-16,-2.95,-1.84,-0.051,-0.017
2026-09-17,-3.90,-1.90,-0.057,0.006
2026-09-18,-2.66,-1.30,-0.051,0.012
2026-09-19,-2.15,-0.38,-0.024,0.035
2026-09-20,-1.74,-0.21,-0.002,0.030
2026-09-21,-1.96,1.04,-0.033,0.070
2026-09-22,-1.51,1.87,-0.045,0.106
2026-09-23,-2.14,0.70,-0.057,0.067
2026-09-24,-0.87,-2.28,-0.015,-0.010
2026-09-25,-1.09,-3.79,0.014,-0.071
