date,wind_u,wind_v,cur_u,cur_v
2016-01-01,-2.51,3.59,,
2016-01-02,0.03,1.92,,
2016-01-03,2.38,2.07,,
2016-01-04,2.63,-6.19,,
2016-01-05,-6.99,-7.50,,
2016-01-06,-8.70,-6.09,,
2016-01-07,0.42,-4.84,,
2016-01-08,-1.09,4.09,,
2016-01-09,2.29,4.49,,
2016-01-10,3.55,4.55,,
2016-01-11,-0.55,-6.25,,
2016-01-12,-3.89,-4.32,,
2016-01-13,-3.73,-4.61,,
2016-01-14,-4.34,-0.84,,
2016-01-15,-4.47,10.04,,
2016-01-16,3.75,-2.25,,
2016-01-17,4.94,8.90,,
2016-01-18,0.91,-7.44,,
2016-01-19,-1.98,-8.59,,
2016-01-20,-3.79,-4.52,,
2016-01-21,-5.08,-0.18,,
2016-01-22,-4.62,9.06,,
2016-01-23,12.87,-0.67,,
2016-01-24,7.16,-6.68,,
2016-01-25,-3.74,-0.86,,
2016-01-26,-5.99,3.32,,
2016-01-27,-4.28,7.12,,
2016-01-28,1.95,4.59,,
2016-01-29,8.65,-3.50,,
2016-01-30,-2.44,-2.71,,
2016-01-31,-2.57,2.57,,
2016-02-01,-2.18,3.77,,
2016-02-02,-4.32,2.20,,
2016-02-03,-5.80,3.62,,
2016-02-04,-4.52,4.52,,
2016-02-05,-4.41,-5.64,,
2016-02-06,-5.02,-1.63,,
2016-02-07,9.20,-2.46,,
2016-02-08,6.04,-3.49,,
2016-02-09,10.26,0.00,,
2016-02-10,7.53,-3.84,,
2016-02-11,2.55,-6.30,,
2016-02-12,-2.35,-1.00,,
2016-02-13,2.60,-4.01,,
2016-02-14,-5.02,-5.77,,
2016-02-15,-9.77,0.68,,
2016-02-16,-2.32,7.58,,
2016-02-17,0.47,-3.38,,
2016-02-18,-3.29,-5.70,,
2016-02-19,-7.32,-5.13,,
2016-02-20,-6.58,-1.76,,
2016-02-21,-5.12,0.90,,
2016-02-22,-4.14,3.12,,
2016-02-23,-4.15,5.71,,
2016-02-24,-1.65,7.15,,
2016-02-25,8.01,-3.91,,
2016-02-26,3.13,-6.71,,
2016-02-27,0.86,-3.72,,
2016-02-28,-5.32,-2.83,,
2016-02-29,-4.01,1.38,,
2016-03-01,-2.92,0.84,,
2016-03-02,1.03,1.79,,
2016-03-03,0.05,2.80,,
2016-03-04,3.40,2.96,,
2016-03-05,-4.70,-1.80,,
2016-03-06,-2.58,-5.07,,
2016-03-07,-7.19,-3.35,,
2016-03-08,-7.94,1.54,,
2016-03-09,-8.15,3.29,,
2016-03-10,-8.30,3.52,,
2016-03-11,-6.49,1.62,,
2016-03-12,-6.19,3.58,,
2016-03-13,-3.76,5.58,,
2016-03-14,-0.28,5.31,,
2016-03-15,1.89,2.70,,
2016-03-16,3.79,-1.38,,
2016-03-17,0.72,2.68,,
2016-03-18,0.87,3.50,,
2016-03-19,-0.57,5.44,,
2016-03-20,2.84,5.33,,
2016-03-21,5.53,-6.83,,
2016-03-22,-5.32,-7.06,,
2016-03-23,-6.50,0.80,,
2016-03-24,-6.40,3.12,,
2016-03-25,-1.48,4.83,,
2016-03-26,-3.75,2.73,,
2016-03-27,-4.64,4.18,,
2016-03-28,-0.06,3.57,,
2016-03-29,0.33,-2.67,,
2016-03-30,-6.26,0.22,,
2016-03-31,-5.02,4.69,,
2016-04-01,-2.78,5.24,,
2016-04-02,-1.42,5.70,,
2016-04-03,5.71,-1.42,,
2016-04-04,-2.47,-3.66,,
2016-04-05,-0.88,-4.15,,
2016-04-06,-6.85,-3.64,,
2016-04-07,-1.33,4.96,,
2016-04-08,3.98,-2.21,,
2016-04-09,3.32,-4.74,,
2016-04-10,-4.99,-5.17,,
2016-04-11,-7.11,-1.64,,
2016-04-12,-3.81,0.13,,
2016-04-13,-2.67,-0.42,,
2016-04-14,-2.66,2.66,,
2016-04-15,-2.00,4.10,,
2016-04-16,0.83,-3.61,,
2016-04-17,-7.65,-4.60,,
2016-04-18,-5.12,-5.69,,
2016-04-19,-5.23,-3.14,,
2016-04-20,-5.49,-1.07,,
2016-04-21,-7.92,1.97,,
2016-04-22,-5.47,5.28,,
2016-04-23,2.08,4.47,,
2016-04-24,-3.46,-1.47,,
2016-04-25,-5.07,0.09,,
2016-04-26,-4.57,1.75,,
2016-04-27,-3.45,1.33,,
2016-04-28,-3.01,3.59,,
2016-04-29,-2.58,1.88,,
2016-04-30,-4.83,0.85,,
2016-05-01,-5.73,1.43,,
2016-05-02,-6.01,3.06,,
2016-05-03,-2.16,6.28,,
2016-05-04,2.95,4.06,,
2016-05-05,7.81,-2.69,,
2016-05-06,3.54,-2.97,,
2016-05-07,1.61,-3.80,,
2016-05-08,-1.46,-2.33,,
2016-05-09,-4.45,1.98,,
2016-05-10,-5.61,2.27,,
2016-05-11,-4.75,0.84,,
2016-05-12,-3.14,-1.67,,
2016-05-13,-1.98,-1.10,,
2016-05-14,1.26,3.12,,
2016-05-15,-0.04,2.22,,
2016-05-16,-3.95,2.01,,
2016-05-17,-4.82,4.34,,
2016-05-18,-0.97,4.58,,
2016-05-19,-2.34,3.22,,
2016-05-20,-2.40,3.07,,
2016-05-21,-1.97,3.87,,
2016-05-22,3.24,0.46,,
2016-05-23,2.66,0.71,,
2016-05-24,-1.76,1.76,,
2016-05-25,-6.15,-1.42,,
2016-05-26,-4.91,-2.39,,
2016-05-27,-3.77,-2.09,,
2016-05-28,-2.22,-0.68,,
2016-05-29,-2.54,0.36,,
2016-05-30,-2.06,-0.59,,
2016-05-31,-2.47,-0.04,,
2016-06-01,-3.07,1.18,,
2016-06-02,-2.99,2.17,,
2016-06-03,-3.12,1.59,,
2016-06-04,-3.63,1.46,,
2016-06-05,-3.00,3.98,,
2016-06-06,-2.12,6.15,,
2016-06-07,1.91,8.27,,
2016-06-08,4.54,7.26,,
2016-06-09,3.54,3.80,,
2016-06-10,4.26,1.06,,
2016-06-11,1.80,0.84,,
2016-06-12,-0.60,-2.84,,
2016-06-13,-0.95,-1.95,,
2016-06-14,-0.46,2.59,,
2016-06-15,0.85,5.35,,
2016-06-16,3.88,4.16,,
2016-06-17,6.36,0.67,,
2016-06-18,4.12,0.88,,
2016-06-19,1.30,-4.84,,
2016-06-20,-6.64,-2.82,,
2016-06-21,-6.74,-1.56,,
2016-06-22,-2.63,1.98,,
2016-06-23,-2.30,3.16,,
2016-06-24,-3.68,3.09,,
2016-06-25,-3.81,2.87,,
2016-06-26,-3.15,1.82,,
2016-06-27,-2.51,1.12,,
2016-06-28,-1.35,2.25,,
2016-06-29,-1.37,3.56,,
2016-06-30,-2.39,4.13,,
2016-07-01,-1.81,4.27,,
2016-07-02,-1.60,4.40,,
2016-07-03,-2.24,3.73,,
2016-07-04,-3.37,3.04,,
2016-07-05,-2.79,2.99,,
2016-07-06,-3.39,3.05,,
2016-07-07,-3.45,2.16,,
2016-07-08,-1.63,2.61,,
2016-07-09,-2.03,2.80,,
2016-07-10,-2.75,3.16,,
2016-07-11,-3.54,2.97,,
2016-07-12,-2.94,1.84,,
2016-07-13,-3.07,1.30,,
2016-07-14,-4.10,1.57,,
2016-07-15,-4.54,2.02,,
2016-07-16,-4.69,2.71,,
2016-07-17,-6.42,1.60,,
2016-07-18,-6.90,0.12,,
2016-07-19,-6.61,-0.35,,
2016-07-20,-5.57,0.59,,
2016-07-21,-3.57,1.74,,
2016-07-22,-3.10,1.38,,
2016-07-23,0.70,-1.81,,
2016-07-24,-1.67,-0.78,,
2016-07-25,-1.96,1.90,,
2016-07-26,-4.09,2.08,,
2016-07-27,-4.17,1.27,,
2016-07-28,-3.73,1.90,,
2016-07-29,-0.42,1.83,,
2016-07-30,-2.01,1.03,,
2016-07-31,-4.07,3.79,,
2016-08-01,-6.27,1.45,,
2016-08-02,-5.44,1.87,,
2016-08-03,-2.70,1.26,,
2016-08-04,-2.22,4.56,,
2016-08-05,-2.70,4.00,,
2016-08-06,-1.53,5.00,,
2016-08-07,-0.55,3.49,,
2016-08-08,-1.65,3.70,,
2016-08-09,-1.40,3.84,,
2016-08-10,-2.64,-1.53,,
2016-08-11,-2.75,1.34,,
2016-08-12,-4.19,2.52,,
2016-08-13,-3.84,2.49,,
2016-08-14,-6.69,0.23,,
2016-08-15,-5.66,1.84,,
2016-08-16,-6.69,1.18,,
2016-08-17,-5.27,0.46,,
2016-08-18,-3.82,-0.33,,
2016-08-19,-1.08,1.44,,
2016-08-20,0.65,1.46,,
2016-08-21,0.66,1.56,,
2016-08-22,-1.22,1.56,,
2016-08-23,-3.48,-2.17,,
2016-08-24,-4.49,-2.60,,
2016-08-25,-5.17,-1.58,,
2016-08-26,-4.58,-0.24,,
2016-08-27,-5.65,-1.30,,
2016-08-28,-7.50,2.73,,
2016-08-29,-3.72,4.44,,
2016-08-30,-1.95,6.79,,
2016-08-31,-2.29,6.30,,
2016-09-01,-1.04,6.54,,
2016-09-02,-1.16,7.30,,
2016-09-03,0.41,4.71,,
2016-09-04,-2.34,0.58,,
2016-09-05,-1.98,-0.07,,
2016-09-06,-3.03,-0.93,,
2016-09-07,-4.81,-0.68,,
2016-09-08,-4.77,0.67,,
2016-09-09,-5.82,1.89,,
2016-09-10,-3.02,2.45,,
2016-09-11,-3.91,1.91,,
2016-09-12,-4.36,0.15,,
2016-09-13,0.29,5.53,,
2016-09-14,-2.89,3.45,,
2016-09-15,-1.63,2.42,,
2016-09-16,-0.65,1.78,,
2016-09-17,-0.45,1.69,,
2016-09-18,-0.03,1.75,,
2016-09-19,-0.43,1.41,,
2016-09-20,-0.21,2.41,,
2016-09-21,-1.80,0.03,,
2016-09-22,-2.01,0.50,,
2016-09-23,-2.35,-0.12,,
2016-09-24,-2.51,-0.00,,
2016-09-25,-4.26,-0.37,,
2016-09-26,-1.45,1.86,,
2016-09-27,1.49,1.65,,
2016-09-28,2.13,3.04,,
2016-09-29,0.89,1.83,,
2016-09-30,-2.85,2.07,,
2016-10-01,-4.74,-1.18,,
2016-10-02,-4.94,-0.17,,
2016-10-03,-4.65,0.82,,
2016-10-04,-3.90,0.90,,
2016-10-05,-5.30,-1.93,,
2016-10-06,-3.03,-14.25,,
2016-10-07,10.02,8.71,,
2016-10-08,4.54,3.30,,
2016-10-09,-1.13,-5.80,,
2016-10-10,-4.41,-7.95,,
2016-10-11,-6.73,-6.97,,
2016-10-12,-5.90,-5.50,,
2016-10-13,-5.80,-4.87,,
2016-10-14,-6.01,-4.05,,
2016-10-15,-6.63,-2.28,,
2016-10-16,-7.23,-1.27,,
2016-10-17,-7.13,-3.17,,
2016-10-18,-6.35,-3.82,,
2016-10-19,-6.38,-4.81,,
2016-10-20,-3.71,-4.92,,
2016-10-21,2.00,-5.81,,
2016-10-22,1.33,-4.96,,
2016-10-23,-2.83,-5.56,,
2016-10-24,-4.86,-3.66,,
2016-10-25,-5.28,-3.70,,
2016-10-26,-8.52,-4.34,,
2016-10-27,-10.43,-3.19,,
2016-10-28,-9.51,-3.84,,
2016-10-29,-9.68,-4.51,,
2016-10-30,-8.65,-3.32,,
2016-10-31,-7.06,-4.08,,
2016-11-01,-7.14,-3.48,,
2016-11-02,-8.22,-2.20,,
2016-11-03,-5.40,-1.97,,
2016-11-04,-1.78,-2.84,,
2016-11-05,-1.87,-5.15,,
2016-11-06,-6.50,-4.90,,
2016-11-07,-7.81,-5.27,,
2016-11-08,-6.61,-3.22,,
2016-11-09,-3.67,0.58,,
2016-11-10,-0.22,-2.49,,
2016-11-11,-1.74,-2.59,,
2016-11-12,-0.75,1.16,,
2016-11-13,-2.75,-0.00,,
2016-11-14,-1.87,1.69,,
2016-11-15,-1.39,1.39,,
2016-11-16,0.60,-5.70,,
2016-11-17,-3.41,-6.16,,
2016-11-18,-5.69,-3.15,,
2016-11-19,-3.20,-3.96,,
2016-11-20,0.00,-6.15,,
2016-11-21,-1.61,-4.68,,
2016-11-22,-3.42,-2.31,,
2016-11-23,-6.47,-0.68,,
2016-11-24,-7.13,-1.39,,
2016-11-25,-6.47,-0.57,,
2016-11-26,-3.45,-2.90,,
2016-11-27,-3.66,-6.09,,
2016-11-28,-8.89,-1.25,,
2016-11-29,-7.22,4.17,,
2016-11-30,-5.69,4.13,,
2016-12-01,-3.33,3.69,,
2016-12-02,-2.42,-0.69,,
2016-12-03,-4.61,-3.60,,
2016-12-04,-6.42,-0.11,,
2016-12-05,-5.62,5.24,,
2016-12-06,-1.02,8.31,,
2016-12-07,2.86,0.93,,
2016-12-08,-1.11,-1.58,,
2016-12-09,-2.09,-3.22,,
2016-12-10,-6.99,-3.26,,
2016-12-11,-10.28,-1.08,,
2016-12-12,-4.15,5.51,,
2016-12-13,-0.40,3.25,,
2016-12-14,0.70,2.61,,
2016-12-15,3.23,-4.29,,
2016-12-16,-5.74,-3.87,,
2016-12-17,-7.20,2.91,,
2016-12-18,-5.79,4.53,,
2016-12-19,-5.56,1.70,,
2016-12-20,-4.10,0.22,,
2016-12-21,-2.76,0.05,,
2016-12-22,-3.70,-0.65,,
2016-12-23,-5.55,-1.91,,
2016-12-24,-6.57,0.69,,
2016-12-25,-7.40,-0.13,,
2016-12-26,-8.71,-0.46,,
2016-12-27,-6.07,1.51,,
2016-12-28,-3.17,0.91,,
2016-12-29,-1.57,1.94,,
2016-12-30,1.73,-8.13,,
2016-12-31,-6.74,-2.19,,
2017-01-01,-6.02,3.76,,
2017-01-02,-7.60,3.55,,
2017-01-03,-3.57,5.30,,
2017-01-04,3.51,4.83,,
2017-01-05,4.03,-1.79,,
2017-01-06,-1.64,2.73,,
2017-01-07,2.15,7.04,,
2017-01-08,-2.23,-12.64,,
2017-01-09,-7.96,-7.43,,
2017-01-10,-9.10,-3.31,,
2017-01-11,-8.92,-1.90,,
2017-01-12,-8.19,-0.29,,
2017-01-13,-8.12,-0.28,,
2017-01-14,-8.36,-1.63,,
2017-01-15,-7.63,-1.35,,
2017-01-16,-8.02,0.98,,
2017-01-17,-5.99,1.83,,
2017-01-18,-3.03,1.35,,
2017-01-19,0.33,2.07,,
2017-01-20,-1.46,5.08,,
2017-01-21,-0.96,6.84,,
2017-01-22,0.68,9.73,,
2017-01-23,11.75,7.34,,
2017-01-24,9.33,-4.15,,
2017-01-25,4.05,0.07,,
2017-01-26,1.87,5.14,,
2017-01-27,4.38,1.95,,
2017-01-28,0.75,-5.31,,
2017-01-29,-0.74,-6.05,,
2017-01-30,5.39,-5.78,,
2017-01-31,-2.60,-2.99,,
2017-02-01,-3.69,-0.32,,
2017-02-02,-3.57,-0.96,,
2017-02-03,-5.62,-1.61,,
2017-02-04,-4.21,-0.97,,
2017-02-05,-3.95,0.21,,
2017-02-06,-5.16,-2.52,,
2017-02-07,-5.58,1.70,,
2017-02-08,-0.17,4.82,,
2017-02-09,4.37,2.04,,
2017-02-10,-4.44,-6.84,,
2017-02-11,-5.77,-0.10,,
2017-02-12,-3.87,1.41,,
2017-02-13,2.90,-2.27,,
2017-02-14,2.46,0.94,,
2017-02-15,3.37,6.91,,
2017-02-16,8.81,0.77,,
2017-02-17,-3.38,-3.63,,
2017-02-18,-2.69,3.99,,
2017-02-19,1.62,5.30,,
2017-02-20,-4.02,-4.16,,
2017-02-21,-5.20,-1.39,,
2017-02-22,-6.04,6.70,,
2017-02-23,4.93,3.99,,
2017-02-24,4.78,0.08,,
2017-02-25,-2.09,3.09,,
2017-02-26,2.73,1.22,,
2017-02-27,-7.90,-0.14,,
2017-02-28,-7.74,2.22,,
2017-03-01,-6.11,1.41,,
2017-03-02,-0.97,4.97,,
2017-03-03,-3.74,-5.75,,
2017-03-04,-8.99,-7.81,,
2017-03-05,-11.12,-4.49,,
2017-03-06,-10.97,-2.13,,
2017-03-07,-9.81,1.73,,
2017-03-08,-6.94,2.81,,
2017-03-09,-4.30,1.07,,
2017-03-10,-2.68,2.25,,
2017-03-11,-0.09,2.52,,
2017-03-12,-3.82,2.58,,
2017-03-13,-1.81,4.26,,
2017-03-14,5.82,4.55,,
2017-03-15,5.92,-7.31,,
2017-03-16,-1.00,-6.30,,
2017-03-17,-3.97,-4.11,,
2017-03-18,-4.37,-2.42,,
2017-03-19,2.72,-2.12,,
2017-03-20,-4.04,-5.17,,
2017-03-21,-3.19,-1.63,,
2017-03-22,-0.79,2.31,,
2017-03-23,-3.45,-2.16,,
2017-03-24,-10.88,-3.33,,
2017-03-25,-9.07,-0.63,,
2017-03-26,-7.21,-0.76,,
2017-03-27,-4.73,-2.62,,
2017-03-28,-2.47,1.15,,
2017-03-29,-2.20,2.05,,
2017-03-30,-3.35,3.35,,
2017-03-31,-1.54,7.24,,
2017-04-01,1.34,3.49,,
2017-04-02,-2.31,1.94,,
2017-04-03,-5.04,3.80,,
2017-04-04,-2.52,6.24,,
2017-04-05,-2.02,5.55,,
2017-04-06,1.66,6.20,,
2017-04-07,5.64,-6.05,,
2017-04-08,-1.05,-4.23,,
2017-04-09,-5.96,-0.21,,
2017-04-10,-7.80,-1.95,,
2017-04-11,-8.13,-3.29,,
2017-04-12,-8.05,-2.61,,
2017-04-13,-6.89,-3.36,,
2017-04-14,-6.28,-5.46,,
2017-04-15,-9.78,-2.08,,
2017-04-16,-9.37,0.16,,
2017-04-17,-6.73,1.55,,
2017-04-18,-6.28,1.33,,
2017-04-19,-7.90,0.55,,
2017-04-20,-7.77,0.95,,
2017-04-21,-7.40,1.57,,
2017-04-22,-6.92,2.66,,
2017-04-23,-4.95,6.34,,
2017-04-24,3.73,1.21,,
2017-04-25,6.42,0.68,,
2017-04-26,0.35,3.98,,
2017-04-27,-3.95,4.09,,
2017-04-28,-5.58,2.97,,
2017-04-29,-7.88,2.11,,
2017-04-30,-8.91,3.60,,
2017-05-01,-7.55,4.72,,
2017-05-02,-3.90,4.64,,
2017-05-03,-4.62,0.32,,
2017-05-04,-5.27,2.92,,
2017-05-05,1.95,7.26,,
2017-05-06,7.24,-3.08,,
2017-05-07,4.13,-1.03,,
2017-05-08,-1.70,-0.65,,
2017-05-09,-2.68,0.82,,
2017-05-10,-1.64,0.03,,
2017-05-11,1.21,2.28,,
2017-05-12,2.53,3.02,,
2017-05-13,0.75,6.13,,
2017-05-14,3.81,4.70,,
2017-05-15,2.78,2.50,,
2017-05-16,-4.39,2.33,,
2017-05-17,-7.94,1.54,,
2017-05-18,-8.79,1.55,,
2017-05-19,-8.03,3.58,,
2017-05-20,-7.12,2.18,,
2017-05-21,-6.12,1.41,,
2017-05-22,-4.46,2.17,,
2017-05-23,-2.11,5.79,,
2017-05-24,0.54,7.75,,
2017-05-25,3.96,7.44,,
2017-05-26,3.96,3.32,,
2017-05-27,-1.53,2.64,,
2017-05-28,1.69,3.98,,
2017-05-29,-0.00,3.14,,
2017-05-30,-3.76,3.89,,
2017-05-31,-4.74,3.20,,
2017-06-01,-2.63,3.90,,
2017-06-02,-2.72,2.63,,
2017-06-03,-3.95,-0.07,,
2017-06-04,-3.65,2.28,,
2017-06-05,-2.13,4.00,,
2017-06-06,-0.86,6.15,,
2017-06-07,2.85,4.55,,
2017-06-08,5.16,6.84,,
2017-06-09,4.04,4.65,,
2017-06-10,1.06,4.27,,
2017-06-11,-6.11,0.86,,
2017-06-12,-6.04,0.85,,
2017-06-13,-5.74,2.68,,
2017-06-14,-4.32,3.02,,
2017-06-15,-2.27,3.37,,
2017-06-16,-0.80,3.77,,
2017-06-17,-2.27,3.49,,
2017-06-18,-3.59,4.94,,
2017-06-19,-6.57,5.71,,
2017-06-20,-7.35,4.77,,
2017-06-21,-5.86,5.65,,
2017-06-22,-5.88,2.87,,
2017-06-23,-5.90,2.88,,
2017-06-24,-5.02,3.26,,
2017-06-25,-4.78,2.65,,
2017-06-26,-3.83,2.21,,
2017-06-27,-1.89,3.55,,
2017-06-28,-2.93,1.49,,
2017-06-29,-2.75,1.40,,
2017-06-30,-4.58,3.09,,
2017-07-01,-4.73,2.21,,
2017-07-02,-4.18,2.04,,
2017-07-03,-4.52,2.21,,
2017-07-04,-4.91,1.59,,
2017-07-05,-5.90,0.62,,
2017-07-06,-5.12,0.81,,
2017-07-07,-3.69,2.31,,
2017-07-08,-1.93,2.47,,
2017-07-09,-3.30,2.67,,
2017-07-10,-4.62,2.35,,
2017-07-11,-4.86,-0.08,,
2017-07-12,-5.48,-1.57,,
2017-07-13,-6.88,0.84,,
2017-07-14,-5.69,0.90,,
2017-07-15,-4.53,-0.16,,
2017-07-16,-2.92,2.28,,
2017-07-17,-1.27,4.73,,
2017-07-18,-1.86,2.30,,
2017-07-19,-3.02,1.81,,
2017-07-20,-2.71,3.23,,
2017-07-21,-0.38,3.59,,
2017-07-22,-1.91,2.20,,
2017-07-23,-3.14,2.82,,
2017-07-24,-2.59,3.70,,
2017-07-25,-2.80,2.11,,
2017-07-26,-4.04,0.42,,
2017-07-27,-4.10,1.49,,
2017-07-28,-1.02,3.34,,
2017-07-29,1.40,3.47,,
2017-07-30,3.64,4.19,,
2017-07-31,3.82,4.89,,
2017-08-01,1.88,6.16,,
2017-08-02,-0.22,3.08,,
2017-08-03,-4.36,2.94,,
2017-08-04,-5.93,2.04,,
2017-08-05,-5.49,2.80,,
2017-08-06,-6.48,1.74,,
2017-08-07,-7.06,2.85,,
2017-08-08,-5.85,3.11,,
2017-08-09,-5.58,0.59,,
2017-08-10,0.80,2.99,,
2017-08-11,-1.34,2.74,,
2017-08-12,-2.46,1.36,,
2017-08-13,-1.27,2.28,,
2017-08-14,0.35,1.99,,
2017-08-15,0.26,1.86,,
2017-08-16,-2.26,2.26,,
2017-08-17,-3.29,1.46,,
2017-08-18,-3.44,0.86,,
2017-08-19,-4.62,1.07,,
2017-08-20,-4.97,1.62,,
2017-08-21,-7.17,0.38,,
2017-08-22,-5.42,0.47,,
2017-08-23,-3.05,3.51,,
2017-08-24,-2.15,6.23,,
2017-08-25,1.10,5.18,,
2017-08-26,-0.18,5.30,,
2017-08-27,-0.32,4.51,,
2017-08-28,-0.96,6.05,,
2017-08-29,-0.48,3.91,,
2017-08-30,-2.40,1.02,,
2017-08-31,-3.78,1.45,,
2017-09-01,-2.78,3.31,,
2017-09-02,-0.50,4.07,,
2017-09-03,-3.23,0.34,,
2017-09-04,-4.38,-1.51,,
2017-09-05,-4.55,0.24,,
2017-09-06,-2.56,2.30,,
2017-09-07,-3.03,1.89,,
2017-09-08,-6.98,-4.36,,
2017-09-09,-14.07,-2.23,,
2017-09-10,-16.77,10.48,,
2017-09-11,1.51,14.32,,
2017-09-12,3.51,2.74,,
2017-09-13,-2.06,1.05,,
2017-09-14,-2.80,0.10,,
2017-09-15,-3.52,-2.75,,
2017-09-16,-2.57,-5.27,,
2017-09-17,0.32,-6.03,,
2017-09-18,2.42,-3.73,,
2017-09-19,1.48,1.29,,
2017-09-20,-1.68,0.93,,
2017-09-21,-2.65,-1.85,,
2017-09-22,-4.65,-1.51,,
2017-09-23,-2.50,-3.71,,
2017-09-24,0.32,-4.51,,
2017-09-25,2.81,-1.56,,
2017-09-26,3.19,0.00,,
2017-09-27,1.50,3.36,,
2017-09-28,-0.33,2.07,,
2017-09-29,-0.66,5.38,,
2017-09-30,-1.87,3.66,,
2017-10-01,-5.51,1.58,,
2017-10-02,-8.82,-2.36,,
2017-10-03,-9.86,-3.98,,
2017-10-04,-11.48,-3.95,,
2017-10-05,-9.20,2.64,,
2017-10-06,-5.05,3.15,,
2017-10-07,-4.18,4.18,,
2017-10-08,-3.37,2.54,,
2017-10-09,-6.08,-0.11,,
2017-10-10,-8.20,-0.43,,
2017-10-11,-7.47,-3.33,,
2017-10-12,-7.26,-4.36,,
2017-10-13,-5.38,0.85,,
2017-10-14,-5.19,-0.27,,
2017-10-15,-4.14,-0.81,,
2017-10-16,-3.74,-0.33,,
2017-10-17,-2.53,-1.40,,
2017-10-18,-2.72,-2.05,,
2017-10-19,-2.95,-2.30,,
2017-10-20,-6.28,-2.93,,
2017-10-21,-9.31,-1.98,,
2017-10-22,-8.15,2.81,,
2017-10-23,-7.23,3.84,,
2017-10-24,-2.40,5.16,,
2017-10-25,7.31,1.42,,
2017-10-26,1.39,-7.14,,
2017-10-27,-5.17,-1.48,,
2017-10-28,-7.45,2.71,,
2017-10-29,10.75,4.13,,
2017-10-30,3.64,-6.84,,
2017-10-31,-3.61,-3.49,,
2017-11-01,-4.24,-1.89,,
2017-11-02,-4.48,-3.14,,
2017-11-03,-2.99,-4.78,,
2017-11-04,-2.64,-5.42,,
2017-11-05,-1.44,-4.42,,
2017-11-06,-1.24,0.66,,
2017-11-07,-1.79,-0.65,,
2017-11-08,-3.59,-2.91,,
2017-11-09,-5.00,-0.79,,
2017-11-10,-4.56,-2.53,,
2017-11-11,-7.52,-5.47,,
2017-11-12,-9.17,-2.98,,
2017-11-13,-7.60,-3.23,,
2017-11-14,-5.18,-5.96,,
2017-11-15,-4.00,-6.93,,
2017-11-16,-5.36,-6.17,,
2017-11-17,-5.39,-6.65,,
2017-11-18,-4.58,-2.75,,
2017-11-19,1.93,2.65,,
2017-11-20,-3.57,-4.57,,
2017-11-21,-6.07,0.32,,
2017-11-22,-2.30,0.70,,
2017-11-23,-3.06,3.92,,
2017-11-24,3.76,4.18,,
2017-11-25,2.26,-2.99,,
2017-11-26,-1.33,-4.08,,
2017-11-27,-4.49,-2.81,,
2017-11-28,-7.82,-1.66,,
2017-11-29,-6.36,-3.67,,
2017-11-30,-5.81,-5.23,,
2017-12-01,-4.21,-4.21,,
2017-12-02,-5.70,-3.16,,
2017-12-03,-4.50,-2.70,,
2017-12-04,-5.67,-1.95,,
2017-12-05,-7.13,1.26,,
2017-12-06,-4.22,2.34,,
2017-12-07,-2.85,1.85,,
2017-12-08,-1.79,5.85,,
2017-12-09,4.90,7.00,,
2017-12-10,2.37,-9.51,,
2017-12-11,-1.19,-6.14,,
2017-12-12,3.43,-3.20,,
2017-12-13,5.82,-5.06,,
2017-12-14,0.80,-1.39,,
2017-12-15,-1.31,2.95,,
2017-12-16,-2.58,-1.15,,
2017-12-17,-6.11,0.11,,
2017-12-18,-4.12,1.03,,
2017-12-19,-3.65,-0.06,,
2017-12-20,-2.85,2.48,,
2017-12-21,3.19,0.98,,
2017-12-22,-1.85,1.30,,
2017-12-23,-4.22,0.15,,
2017-12-24,-2.15,1.74,,
2017-12-25,-1.20,-2.07,,
2017-12-26,-4.37,-2.63,,
2017-12-27,-4.57,-1.94,,
2017-12-28,-4.08,-2.86,,
2017-12-29,-0.17,-4.82,,
2017-12-30,1.85,-5.37,,
2017-12-31,2.49,-4.31,,
2018-01-01,-0.44,2.08,,
2018-01-02,-2.51,-5.14,,
2018-01-03,9.68,0.68,,
2018-01-04,8.31,-7.22,,
2018-01-05,2.69,-6.67,,
2018-01-06,-4.28,-5.89,,
2018-01-07,-6.11,-7.03,,
2018-01-08,-9.81,-0.51,,
2018-01-09,-5.39,1.34,,
2018-01-10,-3.76,0.94,,
2018-01-11,-5.13,3.59,,
2018-01-12,-2.58,7.49,,
2018-01-13,5.97,-1.38,,
2018-01-14,-1.09,-8.86,,
2018-01-15,-3.94,-8.84,,
2018-01-16,-5.97,-6.63,,
2018-01-17,-1.08,-6.13,,
2018-01-18,1.34,-9.55,,
2018-01-19,-3.99,-4.28,,
2018-01-20,-5.42,-1.05,,
2018-01-21,-6.50,-0.80,,
2018-01-22,-5.18,1.01,,
2018-01-23,-3.83,3.33,,
2018-01-24,-1.72,0.69,,
2018-01-25,-4.65,-6.64,,
2018-01-26,-11.41,-5.32,,
2018-01-27,-11.83,-1.04,,
2018-01-28,-8.46,2.59,,
2018-01-29,-1.07,7.59,,
2018-01-30,1.04,-8.46,,
2018-01-31,-5.73,-6.14,,
2018-02-01,-6.03,-0.32,,
2018-02-02,-3.32,1.08,,
2018-02-03,-6.35,-4.78,,
2018-02-04,-6.14,2.23,,
2018-02-05,3.20,3.96,,
2018-02-06,-5.97,-1.82,,
2018-02-07,-6.71,0.12,,
2018-02-08,-4.47,0.87,,
2018-02-09,-6.30,-0.00,,
2018-02-10,-6.38,2.07,,
2018-02-11,-5.81,3.92,,
2018-02-12,-5.82,3.23,,
2018-02-13,-6.53,0.69,,
2018-02-14,-6.29,-0.11,,
2018-02-15,-4.12,-0.36,,
2018-02-16,-1.13,2.05,,
2018-02-17,-2.64,2.64,,
2018-02-18,-4.98,2.32,,
2018-02-19,-8.00,0.14,,
2018-02-20,-8.96,2.07,,
2018-02-21,-8.82,0.62,,
2018-02-22,-8.47,0.44,,
2018-02-23,-8.53,0.60,,
2018-02-24,-8.31,1.62,,
2018-02-25,-5.07,2.93,,
2018-02-26,-4.03,3.50,,
2018-02-27,-2.80,0.86,,
2018-02-28,-5.65,-1.73,,
2018-03-01,-2.62,3.01,,
2018-03-02,4.00,-3.36,,
2018-03-03,0.44,-8.38,,
2018-03-04,0.16,-9.40,,
2018-03-05,-3.22,-5.37,,
2018-03-06,-2.04,2.62,,
2018-03-07,4.81,6.16,,
2018-03-08,5.05,-4.55,,
2018-03-09,1.15,-5.93,,
2018-03-10,-4.74,1.27,,
2018-03-11,-4.72,6.04,,
2018-03-12,7.01,5.10,,
2018-03-13,2.39,-7.35,,
2018-03-14,1.54,-3.30,,
2018-03-15,-1.69,-3.80,,
2018-03-16,-1.95,1.26,,
2018-03-17,-2.72,2.36,,
2018-03-18,3.19,2.23,,
2018-03-19,1.06,4.57,,
2018-03-20,2.49,6.18,,
2018-03-21,7.82,0.82,,
2018-03-22,4.07,-8.35,,
2018-03-23,-0.65,-5.32,,
2018-03-24,-4.45,-4.30,,
2018-03-25,-2.17,3.48,,
2018-03-26,0.79,2.29,,
2018-03-27,-9.43,-3.62,,
2018-03-28,-8.66,0.30,,
2018-03-29,-6.69,3.71,,
2018-03-30,-4.20,4.20,,
2018-03-31,-3.51,1.64,,
2018-04-01,-5.78,-0.10,,
2018-04-02,-4.24,0.82,,
2018-04-03,-5.15,1.10,,
2018-04-04,-2.68,3.56,,
2018-04-05,-3.23,-1.94,,
2018-04-06,-4.73,-1.63,,
2018-04-07,-1.26,5.95,,
2018-04-08,3.39,4.18,,
2018-04-09,-0.80,4.56,,
2018-04-10,0.95,4.45,,
2018-04-11,5.01,-3.38,,
2018-04-12,-6.79,-3.02,,
2018-04-13,-6.33,-0.11,,
2018-04-14,-4.11,3.70,,
2018-04-15,-4.11,8.06,,
2018-04-16,8.24,0.14,,
2018-04-17,1.60,-6.41,,
2018-04-18,-3.15,-1.02,,
2018-04-19,-2.71,2.62,,
2018-04-20,2.00,2.14,,
2018-04-21,-3.92,-0.14,,
2018-04-22,-6.59,1.40,,
2018-04-23,-5.11,4.29,,
2018-04-24,-0.69,5.66,,
2018-04-25,4.31,0.00,,
2018-04-26,3.52,1.08,,
2018-04-27,1.85,4.59,,
2018-04-28,4.24,-1.30,,
2018-04-29,-1.70,-1.82,,
2018-04-30,-4.77,-3.46,,
2018-05-01,-7.82,-2.69,,
2018-05-02,-8.31,-2.86,,
2018-05-03,-8.86,-3.58,,
2018-05-04,-8.43,-3.93,,
2018-05-05,-7.43,-1.04,,
2018-05-06,-2.27,6.59,,
2018-05-07,1.40,4.58,,
2018-05-08,-1.55,-3.32,,
2018-05-09,-2.85,-3.79,,
2018-05-10,-3.78,-2.64,,
2018-05-11,-4.30,-2.00,,
2018-05-12,-4.40,-2.44,,
2018-05-13,-5.67,2.06,,
2018-05-14,-5.01,5.57,,
2018-05-15,-2.44,4.78,,
2018-05-16,-1.58,5.18,,
2018-05-17,-2.50,5.88,,
2018-05-18,-3.22,5.16,,
2018-05-19,-4.56,5.63,,
2018-05-20,-7.12,4.98,,
2018-05-21,-7.88,4.55,,
2018-05-22,-7.93,3.53,,
2018-05-23,-5.86,2.49,,
2018-05-24,-4.66,2.69,,
2018-05-25,-5.04,3.66,,
2018-05-26,-8.29,3.52,,
2018-05-27,-6.27,11.31,,
2018-05-28,-2.60,9.72,,
2018-05-29,-2.60,7.14,,
2018-05-30,-4.02,4.80,,
2018-05-31,-3.92,4.06,,
2018-06-01,-3.00,2.52,,
2018-06-02,-1.34,2.14,,
2018-06-03,2.10,3.23,,
2018-06-04,3.84,1.55,,
2018-06-05,5.03,0.80,,
2018-06-06,4.84,2.36,,
2018-06-07,1.60,4.63,,
2018-06-08,-2.60,2.43,,
2018-06-09,-2.86,1.15,,
2018-06-10,-2.58,0.99,,
2018-06-11,-2.87,2.32,,
2018-06-12,-3.30,1.01,,
2018-06-13,-3.40,2.04,,
2018-06-14,-2.27,0.92,,
2018-06-15,-0.98,2.32,,
2018-06-16,-0.76,-2.33,,
2018-06-17,-2.57,-0.79,,
2018-06-18,-3.03,-1.48,,
2018-06-19,-3.23,0.40,,
2018-06-20,-0.20,2.27,,
2018-06-21,3.32,2.59,,
2018-06-22,2.47,0.75,,
2018-06-23,2.13,0.78,,
2018-06-24,-2.59,2.68,,
2018-06-25,-3.63,4.03,,
2018-06-26,-2.52,3.00,,
2018-06-27,-1.74,1.57,,
2018-06-28,0.43,1.84,,
2018-06-29,-1.00,3.07,,
2018-06-30,-2.88,3.20,,
2018-07-01,-3.18,2.06,,
2018-07-02,-2.26,-1.10,,
2018-07-03,-0.81,-3.24,,
2018-07-04,-2.64,-0.76,,
2018-07-05,-3.13,1.66,,
2018-07-06,-2.99,1.80,,
2018-07-07,-2.39,-1.93,,
2018-07-08,-2.67,0.14,,
2018-07-09,-2.24,0.08,,
2018-07-10,-0.85,-1.90,,
2018-07-11,-3.11,0.49,,
2018-07-12,-0.53,2.75,,
2018-07-13,2.04,-1.32,,
2018-07-14,-0.97,-1.90,,
2018-07-15,-0.82,1.67,,
2018-07-16,-1.42,3.05,,
2018-07-17,-1.61,2.79,,
2018-07-18,-0.46,2.91,,
2018-07-19,-0.06,3.67,,
2018-07-20,-1.07,5.04,,
2018-07-21,2.05,4.21,,
2018-07-22,4.08,1.90,,
2018-07-23,2.72,4.92,,
2018-07-24,0.47,6.68,,
2018-07-25,-0.00,5.00,,
2018-07-26,-1.14,3.51,,
2018-07-27,-2.83,2.93,,
2018-07-28,-3.05,3.63,,
2018-07-29,-2.27,5.36,,
2018-07-30,-2.25,4.42,,
2018-07-31,-4.20,3.28,,
2018-08-01,-4.24,3.96,,
2018-08-02,-5.28,2.81,,
2018-08-03,-6.41,2.33,,
2018-08-04,-6.11,1.52,,
2018-08-05,-5.77,-0.20,,
2018-08-06,-5.16,-2.19,,
2018-08-07,-4.38,3.18,,
2018-08-08,-2.35,1.97,,
2018-08-09,-1.28,1.59,,
2018-08-10,1.69,0.82,,
2018-08-11,1.99,1.19,,
2018-08-12,-0.27,3.86,,
2018-08-13,-2.18,3.49,,
2018-08-14,-3.19,2.49,,
2018-08-15,-4.90,2.18,,
2018-08-16,-6.14,2.87,,
2018-08-17,-5.72,1.11,,
2018-08-18,-3.90,1.19,,
2018-08-19,-2.95,2.06,,
2018-08-20,-4.10,1.02,,
2018-08-21,-4.15,0.66,,
2018-08-22,-2.54,1.85,,
2018-08-23,-1.20,2.83,,
2018-08-24,-3.25,2.92,,
2018-08-25,-3.99,3.01,,
2018-08-26,-5.32,-0.19,,
2018-08-27,-4.94,0.61,,
2018-08-28,-5.45,0.96,,
2018-08-29,-5.71,1.32,,
2018-08-30,-6.36,1.35,,
2018-08-31,-5.82,1.03,,
2018-09-01,-5.90,-0.00,,
2018-09-02,-8.22,0.43,,
2018-09-03,-8.63,3.14,,
2018-09-04,-6.74,0.83,,
2018-09-05,-5.88,-1.25,,
2018-09-06,-5.22,-0.64,,
2018-09-07,-3.38,1.88,,
2018-09-08,1.49,2.93,,
2018-09-09,3.58,2.90,,
2018-09-10,1.35,1.80,,
2018-09-11,-1.82,-0.63,,
2018-09-12,-1.34,-1.60,,
2018-09-13,-1.62,0.62,,
2018-09-14,-0.51,2.22,,
2018-09-15,-0.20,2.89,,
2018-09-16,-2.38,2.47,,
2018-09-17,-4.90,0.69,,
2018-09-18,-4.08,1.41,,
2018-09-19,-0.89,3.33,,
2018-09-20,-2.20,1.37,,
2018-09-21,-3.88,-0.97,,
2018-09-22,-3.33,0.29,,
2018-09-23,-3.71,-0.65,,
2018-09-24,-3.91,-1.50,,
2018-09-25,-3.69,1.72,,
2018-09-26,-5.18,1.49,,
2018-09-27,-5.85,1.57,,
2018-09-28,-6.31,0.55,,
2018-09-29,-6.78,-1.57,,
2018-09-30,-7.70,-2.21,,
2018-10-01,-7.15,-1.39,,
2018-10-02,-7.31,-1.55,,
2018-10-03,-6.53,-2.64,,
2018-10-04,-7.19,-0.63,,
2018-10-05,-6.63,0.58,,
2018-10-06,-7.11,-0.00,,
2018-10-07,-8.07,-0.42,,
2018-10-08,-9.56,1.69,,
2018-10-09,-6.30,3.79,,
2018-10-10,-2.61,5.60,,
2018-10-11,-0.09,5.21,,
2018-10-12,1.76,3.96,,
2018-10-13,0.16,3.09,,
2018-10-14,-3.10,1.94,,
2018-10-15,-7.29,1.28,,
2018-10-16,-7.90,1.25,,
2018-10-17,-7.41,0.91,,
2018-10-18,-6.59,-0.81,,
2018-10-19,-5.97,-0.42,,
2018-10-20,-1.38,0.32,,
2018-10-21,1.07,-3.75,,
2018-10-22,-7.01,-4.38,,
2018-10-23,-5.36,-0.85,,
2018-10-24,-0.77,-2.11,,
2018-10-25,-3.99,-0.21,,
2018-10-26,0.52,4.98,,
2018-10-27,5.27,1.51,,
2018-10-28,1.27,-7.22,,
2018-10-29,-2.52,-5.41,,
2018-10-30,-3.38,-5.21,,
2018-10-31,-6.41,-2.59,,
2018-11-01,-5.37,2.98,,
2018-11-02,-2.78,6.54,,
2018-11-03,-4.05,2.84,,
2018-11-04,-5.70,1.63,,
2018-11-05,-5.75,1.98,,
2018-11-06,-4.60,1.77,,
2018-11-07,-5.43,0.28,,
2018-11-08,-4.72,0.83,,
2018-11-09,-4.41,0.23,,
2018-11-10,-1.35,-2.15,,
2018-11-11,-3.77,-3.52,,
2018-11-12,-6.72,0.83,,
2018-11-13,-4.84,3.92,,
2018-11-14,-3.81,2.57,,
2018-11-15,-2.87,3.96,,
2018-11-16,0.45,-8.60,,
2018-11-17,-4.59,-6.09,,
2018-11-18,-5.71,-1.64,,
2018-11-19,-3.91,0.41,,
2018-11-20,-2.76,0.19,,
2018-11-21,-1.21,-3.95,,
2018-11-22,-4.87,-2.59,,
2018-11-23,-1.83,-2.52,,
2018-11-24,3.25,3.03,,
2018-11-25,4.33,-0.08,,
2018-11-26,3.56,3.44,,
2018-11-27,6.74,-0.24,,
2018-11-28,4.41,-8.30,,
2018-11-29,-1.55,-3.84,,
2018-11-30,-4.14,0.81,,
2018-12-01,-5.04,4.08,,
2018-12-02,-2.50,6.18,,
2018-12-03,-1.31,5.69,,
2018-12-04,2.63,4.05,,
2018-12-05,1.77,-6.16,,
2018-12-06,-5.31,-6.79,,
2018-12-07,-5.29,-1.82,,
2018-12-08,-7.20,0.76,,
2018-12-09,-2.32,8.10,,
2018-12-10,7.48,-1.45,,
2018-12-11,5.28,-7.54,,
2018-12-12,-5.37,-5.18,,
2018-12-13,-5.91,3.42,,
2018-12-14,-4.53,5.03,,
2018-12-15,-0.40,7.57,,
2018-12-16,3.17,-3.29,,
2018-12-17,3.44,-3.82,,
2018-12-18,0.52,-2.46,,
2018-12-19,-2.10,1.89,,
2018-12-20,-3.00,7.07,,
2018-12-21,11.16,7.25,,
2018-12-22,8.00,-2.75,,
2018-12-23,-2.23,-2.57,,
2018-12-24,-3.56,-3.32,,
2018-12-25,-6.35,-3.09,,
2018-12-26,-8.89,-2.89,,
2018-12-27,-9.55,1.17,,
2018-12-28,-7.22,4.51,,
2018-12-29,-4.55,3.18,,
2018-12-30,-4.31,2.10,,
2018-12-31,-5.72,1.42,,
2019-01-01,-5.73,1.75,,
2019-01-02,-5.04,0.80,,
2019-01-03,-5.42,3.52,,
2019-01-04,-1.86,5.72,,
2019-01-05,5.62,2.16,,
2019-01-06,-0.88,-3.54,,
2019-01-07,-4.49,-1.37,,
2019-01-08,-3.40,0.30,,
2019-01-09,1.87,-3.51,,
2019-01-10,3.17,-5.97,,
2019-01-11,-4.68,-3.79,,
2019-01-12,-7.58,-0.00,,
2019-01-13,-4.21,4.85,,
2019-01-14,3.57,-2.89,,
2019-01-15,-0.85,-4.84,,
2019-01-16,-1.37,-4.78,,
2019-01-17,-4.40,-2.54,,
2019-01-18,-1.74,0.43,,
2019-01-19,-3.32,2.89,,
2019-01-20,7.34,6.38,,
2019-01-21,1.92,-8.31,,
2019-01-22,-9.33,-1.98,,
2019-01-23,-10.73,3.08,,
2019-01-24,-2.88,8.87,,
2019-01-25,5.97,-4.67,,
2019-01-26,-5.83,-4.89,,
2019-01-27,-6.30,5.10,,
2019-01-28,8.23,-5.76,,
2019-01-29,3.86,-0.68,,
2019-01-30,2.15,-2.75,,
2019-01-31,-4.05,-2.15,,
2019-02-01,-7.20,-0.13,,
2019-02-02,-5.42,2.88,,
2019-02-03,-2.49,0.71,,
2019-02-04,1.62,-3.47,,
2019-02-05,-2.00,-3.77,,
2019-02-06,-4.25,-1.72,,
2019-02-07,-5.62,-0.69,,
2019-02-08,-5.34,-0.19,,
2019-02-09,-6.05,-2.82,,
2019-02-10,-8.89,-0.78,,
2019-02-11,-7.42,2.13,,
2019-02-12,-5.24,3.81,,
2019-02-13,-1.35,6.34,,
2019-02-14,-4.69,-6.69,,
2019-02-15,-3.66,-2.20,,
2019-02-16,0.07,3.83,,
2019-02-17,-1.04,5.37,,
2019-02-18,-2.97,4.40,,
2019-02-19,-5.51,2.23,,
2019-02-20,-7.47,3.17,,
2019-02-21,-5.80,3.91,,
2019-02-22,-5.77,3.20,,
2019-02-23,-5.64,3.52,,
2019-02-24,-2.57,6.35,,
2019-02-25,-3.16,-3.52,,
2019-02-26,-8.18,-0.86,,
2019-02-27,-1.70,5.23,,
2019-02-28,4.63,0.90,,
2019-03-01,-2.72,-1.45,,
2019-03-02,-3.10,1.32,,
2019-03-03,-3.94,3.94,,
2019-03-04,3.37,4.17,,
2019-03-05,4.39,0.85,,
2019-03-06,0.15,-8.68,,
2019-03-07,-5.21,-4.22,,
2019-03-08,-6.80,-0.12,,
2019-03-09,-6.99,2.68,,
2019-03-10,-6.56,3.34,,
2019-03-11,-4.51,1.12,,
2019-03-12,-2.29,-1.73,,
2019-03-13,-7.78,-3.80,,
2019-03-14,-8.23,0.43,,
2019-03-15,-6.71,2.31,,
2019-03-16,-2.96,2.66,,
2019-03-17,-1.61,2.58,,
2019-03-18,0.55,-3.12,,
2019-03-19,-5.30,-4.94,,
2019-03-20,-3.00,-4.45,,
2019-03-21,-1.96,-4.02,,
2019-03-22,2.94,-6.03,,
2019-03-23,-2.55,-1.24,,
2019-03-24,-6.97,0.24,,
2019-03-25,-4.14,1.51,,
2019-03-26,3.65,0.45,,
2019-03-27,3.65,-3.07,,
2019-03-28,-4.11,-10.71,,
2019-03-29,-6.84,-4.97,,
2019-03-30,-6.53,-1.03,,
2019-03-31,-3.71,2.80,,
2019-04-01,-0.69,4.90,,
2019-04-02,0.09,5.30,,
2019-04-03,-4.99,-4.18,,
2019-04-04,-7.03,-1.49,,
2019-04-05,-5.83,2.59,,
2019-04-06,-4.49,1.63,,
2019-04-07,-6.36,0.89,,
2019-04-08,-5.98,3.32,,
2019-04-09,-1.57,7.39,,
2019-04-10,4.58,3.45,,
2019-04-11,2.98,2.50,,
2019-04-12,-3.40,3.28,,
2019-04-13,-5.38,3.36,,
2019-04-14,-4.58,6.08,,
2019-04-15,1.23,6.31,,
2019-04-16,-4.22,-3.94,,
2019-04-17,-5.41,-2.30,,
2019-04-18,-6.42,2.72,,
2019-04-19,-3.72,9.68,,
2019-04-20,6.92,2.52,,
2019-04-21,4.60,-2.77,,
2019-04-22,-3.20,-3.68,,
2019-04-23,-3.54,-4.22,,
2019-04-24,-3.42,-1.45,,
2019-04-25,-3.33,3.10,,
2019-04-26,-0.37,7.15,,
2019-04-27,1.57,-5.49,,
2019-04-28,-3.92,0.69,,
2019-04-29,-5.19,0.18,,
2019-04-30,-8.00,-1.12,,
2019-05-01,-9.54,-2.38,,
2019-05-02,-5.09,5.46,,
2019-05-03,-2.82,4.69,,
2019-05-04,-2.42,3.73,,
2019-05-05,-2.15,5.06,,
2019-05-06,0.07,3.95,,
2019-05-07,-3.08,0.16,,
2019-05-08,-4.11,-1.33,,
2019-05-09,-4.87,1.30,,
2019-05-10,-4.38,1.17,,
2019-05-11,-3.53,2.96,,
2019-05-12,-1.82,5.61,,
2019-05-13,2.45,3.93,,
2019-05-14,4.93,3.20,,
2019-05-15,3.17,-1.03,,
2019-05-16,-4.60,-2.66,,
2019-05-17,-4.65,-1.16,,
2019-05-18,-4.92,-0.60,,
2019-05-19,-4.93,0.61,,
2019-05-20,-4.13,0.29,,
2019-05-21,-3.48,0.87,,
2019-05-22,-4.83,-0.17,,
2019-05-23,-7.87,-2.41,,
2019-05-24,-7.65,-3.40,,
2019-05-25,-7.29,-2.37,,
2019-05-26,-7.63,-0.94,,
2019-05-27,-5.72,-1.22,,
2019-05-28,-4.81,0.76,,
2019-05-29,-5.24,1.91,,
2019-05-30,-5.23,2.33,,
2019-05-31,-4.42,2.98,,
2019-06-01,-1.62,3.05,,
2019-06-02,-0.41,2.90,,
2019-06-03,-1.25,3.44,,
2019-06-04,-1.08,2.42,,
2019-06-05,-3.05,2.47,,
2019-06-06,-2.44,2.71,,
2019-06-07,-0.83,3.32,,
2019-06-08,0.65,3.66,,
2019-06-09,-0.33,3.73,,
2019-06-10,-1.18,2.33,,
2019-06-11,0.33,1.68,,
2019-06-12,-1.19,2.44,,
2019-06-13,-0.65,2.81,,
2019-06-14,-2.12,1.49,,
2019-06-15,-3.01,1.60,,
2019-06-16,-4.63,2.36,,
2019-06-17,-3.94,4.38,,
2019-06-18,-2.92,4.50,,
2019-06-19,0.28,2.69,,
2019-06-20,-1.22,3.36,,
2019-06-21,0.30,2.13,,
2019-06-22,-1.34,1.84,,
2019-06-23,-0.84,1.79,,
2019-06-24,0.04,2.45,,
2019-06-25,0.13,2.54,,
2019-06-26,-0.66,-1.80,,
2019-06-27,-2.29,0.08,,
2019-06-28,-5.19,1.39,,
2019-06-29,-5.13,2.07,,
2019-06-30,-2.29,0.53,,
2019-07-01,1.74,-1.05,,
2019-07-02,3.20,-2.69,,
2019-07-03,-1.58,-0.00,,
2019-07-04,-3.54,0.95,,
2019-07-05,-3.42,2.87,,
2019-07-06,-3.59,3.72,,
2019-07-07,-2.13,3.68,,
2019-07-08,-0.28,5.39,,
2019-07-09,0.96,4.95,,
2019-07-10,-0.79,4.47,,
2019-07-11,-0.00,4.29,,
2019-07-12,-3.08,1.50,,
2019-07-13,-5.03,2.03,,
2019-07-14,-5.65,0.20,,
2019-07-15,-5.30,-0.18,,
2019-07-16,-4.05,1.64,,
2019-07-17,-4.23,1.71,,
2019-07-18,-3.89,1.34,,
2019-07-19,-4.06,1.32,,
2019-07-20,-4.17,2.12,,
2019-07-21,-3.48,1.06,,
2019-07-22,-5.04,-0.62,,
2019-07-23,0.09,5.34,,
2019-07-24,1.82,4.99,,
2019-07-25,2.03,3.01,,
2019-07-26,-1.29,0.47,,
2019-07-27,-1.98,-0.57,,
2019-07-28,-3.51,0.81,,
2019-07-29,-2.29,-0.53,,
2019-07-30,-2.70,-1.38,,
2019-07-31,-4.93,-1.05,,
2019-08-01,-6.13,1.19,,
2019-08-02,-3.61,3.87,,
2019-08-03,-1.02,4.41,,
2019-08-04,-0.20,3.87,,
2019-08-05,-1.74,3.01,,
2019-08-06,-3.30,1.27,,
2019-08-07,-2.34,2.03,,
2019-08-08,-0.18,2.50,,
2019-08-09,2.41,0.88,,
2019-08-10,2.59,0.23,,
2019-08-11,1.52,2.02,,
2019-08-12,1.54,2.28,,
2019-08-13,0.11,3.27,,
2019-08-14,-0.32,3.71,,
2019-08-15,0.08,4.37,,
2019-08-16,-0.40,3.85,,
2019-08-17,-1.64,3.53,,
2019-08-18,-3.14,0.78,,
2019-08-19,-6.13,-0.21,,
2019-08-20,-5.51,3.18,,
2019-08-21,-4.42,1.44,,
2019-08-22,-5.33,-1.33,,
2019-08-23,-2.42,5.70,,
2019-08-24,-0.00,6.03,,
2019-08-25,2.47,5.29,,
2019-08-26,4.24,2.25,,
2019-08-27,2.61,-0.75,,
2019-08-28,2.32,-2.67,,
2019-08-29,-1.18,-2.54,,
2019-08-30,-5.13,2.85,,
2019-08-31,-6.21,0.98,,
2019-09-01,2.23,-6.14,,
2019-09-02,16.45,-3.50,,
2019-09-03,17.69,1.86,,
2019-09-04,8.17,7.35,,
2019-09-05,4.95,5.70,,
2019-09-06,3.81,3.19,,
2019-09-07,2.51,3.71,,
2019-09-08,-0.74,3.83,,
2019-09-09,-5.54,1.69,,
2019-09-10,-6.59,-2.01,,
2019-09-11,-7.41,-4.45,,
2019-09-12,-6.82,-4.77,,
2019-09-13,-6.79,-4.75,,
2019-09-14,-3.28,-4.20,,
2019-09-15,5.83,0.92,,
2019-09-16,5.68,0.10,,
2019-09-17,2.11,-4.98,,
2019-09-18,-3.51,-5.61,,
2019-09-19,-6.77,-6.10,,
2019-09-20,-9.77,-4.15,,
2019-09-21,-10.70,-4.32,,
2019-09-22,-9.84,-5.23,,
2019-09-23,-6.18,-6.40,,
2019-09-24,-2.82,-4.52,,
2019-09-25,-2.76,-3.80,,
2019-09-26,-4.52,-2.30,,
2019-09-27,-5.64,-0.69,,
2019-09-28,-5.56,-1.59,,
2019-09-29,-6.69,-4.02,,
2019-09-30,-7.99,-5.19,,
2019-10-01,-7.94,-4.77,,
2019-10-02,-7.54,-1.33,,
2019-10-03,-6.04,-0.32,,
2019-10-04,-4.22,-1.29,,
2019-10-05,-5.28,-2.03,,
2019-10-06,-7.19,-2.91,,
2019-10-07,-4.66,5.37,,
2019-10-08,3.25,8.48,,
2019-10-09,3.37,1.36,,
2019-10-10,-0.35,-3.37,,
2019-10-11,-4.56,-3.96,,
2019-10-12,-6.94,-2.26,,
2019-10-13,-6.95,-0.36,,
2019-10-14,-5.50,-0.10,,
2019-10-15,-4.74,-0.75,,
2019-10-16,-1.24,4.05,,
2019-10-17,4.34,1.41,,
2019-10-18,0.70,2.45,,
2019-10-19,-2.25,6.18,,
2019-10-20,0.44,6.34,,
2019-10-21,-0.56,2.87,,
2019-10-22,-2.75,2.15,,
2019-10-23,-2.79,-0.29,,
2019-10-24,-7.17,-0.75,,
2019-10-25,-8.90,0.62,,
2019-10-26,-5.34,4.48,,
2019-10-27,-2.61,3.59,,
2019-10-28,-4.58,1.49,,
2019-10-29,-5.84,0.61,,
2019-10-30,-6.29,-0.11,,
2019-10-31,-4.44,0.54,,
2019-11-01,-3.13,-0.90,,
2019-11-02,-4.96,0.52,,
2019-11-03,-3.79,-0.67,,
2019-11-04,-5.34,0.47,,
2019-11-05,-4.67,0.91,,
2019-11-06,-5.90,-1.69,,
2019-11-07,-6.41,-1.48,,
2019-11-08,-2.55,-0.09,,
2019-11-09,-2.61,-6.79,,
2019-11-10,-6.43,-5.59,,
2019-11-11,-6.04,-0.42,,
2019-11-12,-3.52,2.95,,
2019-11-13,-3.40,-2.04,,
2019-11-14,-7.72,-2.07,,
2019-11-15,-1.74,4.31,,
2019-11-16,6.87,-3.06,,
2019-11-17,4.85,-5.20,,
2019-11-18,4.82,-3.38,,
2019-11-19,4.79,-1.74,,
2019-11-20,0.20,-5.74,,
2019-11-21,-4.29,-4.45,,
2019-11-22,-5.38,-0.38,,
2019-11-23,-3.47,2.43,,
2019-11-24,1.55,6.22,,
2019-11-25,2.56,-3.80,,
2019-11-26,-2.18,0.15,,
2019-11-27,-3.01,-0.32,,
2019-11-28,-1.14,-4.56,,
2019-11-29,-2.19,-7.16,,
2019-11-30,-3.15,-2.46,,
2019-12-01,-1.62,4.21,,
2019-12-02,7.12,3.63,,
2019-12-03,5.15,-4.32,,
2019-12-04,5.31,-2.04,,
2019-12-05,2.62,-3.88,,
2019-12-06,-3.90,-0.62,,
2019-12-07,-1.02,1.14,,
2019-12-08,-4.01,-0.56,,
2019-12-09,-5.14,0.63,,
2019-12-10,-5.31,2.25,,
2019-12-11,-4.10,2.87,,
2019-12-12,-4.90,-1.31,,
2019-12-13,-5.80,3.76,,
2019-12-14,5.26,5.08,,
2019-12-15,-1.69,-5.52,,
2019-12-16,-7.38,0.39,,
2019-12-17,-5.16,3.75,,
2019-12-18,1.84,4.79,,
2019-12-19,-7.34,-9.06,,
2019-12-20,-10.14,-6.09,,
2019-12-21,-11.27,-0.79,,
2019-12-22,-9.38,1.49,,
2019-12-23,-1.05,8.59,,
2019-12-24,10.63,-1.49,,
2019-12-25,0.55,-7.83,,
2019-12-26,-7.47,-3.48,,
2019-12-27,-7.44,0.26,,
2019-12-28,-8.30,2.38,,
2019-12-29,-6.86,3.05,,
2019-12-30,-3.95,4.54,,
2019-12-31,4.14,-3.12,,
2020-01-01,-1.05,-2.61,,
2020-01-02,-4.14,1.27,,
2020-01-03,-3.60,5.33,,
2020-01-04,-0.54,6.16,,
2020-01-05,3.36,-9.75,,
2020-01-06,-3.36,-4.62,,
2020-01-07,-2.47,-0.39,,
2020-01-08,-1.66,-6.20,,
2020-01-09,-10.25,-2.18,,
2020-01-10,-10.73,0.37,,
2020-01-11,-9.11,2.96,,
2020-01-12,-6.89,2.92,,
2020-01-13,-6.91,0.36,,
2020-01-14,-6.09,1.75,,
2020-01-15,-4.62,0.40,,
2020-01-16,-3.62,0.06,,
2020-01-17,-5.65,-3.13,,
2020-01-18,-10.94,-0.57,,
2020-01-19,-4.02,4.16,,
2020-01-20,4.46,-2.57,,
2020-01-21,3.07,-8.43,,
2020-01-22,7.49,-9.94,,
2020-01-23,-7.49,-5.44,,
2020-01-24,-4.87,1.12,,
2020-01-25,-0.68,3.22,,
2020-01-26,0.59,-3.71,,
2020-01-27,-0.79,4.05,,
2020-01-28,4.73,-1.18,,
2020-01-29,-3.81,2.57,,
2020-01-30,6.78,0.00,,
2020-01-31,-2.34,2.69,,
2020-02-01,2.99,7.40,,
2020-02-02,6.60,-7.86,,
2020-02-03,0.84,-2.45,,
2020-02-04,-3.40,2.75,,
2020-02-05,-3.68,2.98,,
2020-02-06,-3.68,7.23,,
2020-02-07,5.57,7.95,,
2020-02-08,-4.58,-4.74,,
2020-02-09,-7.74,-4.47,,
2020-02-10,-9.40,-0.82,,
2020-02-11,-5.47,1.99,,
2020-02-12,-5.31,2.94,,
2020-02-13,-4.39,5.42,,
2020-02-14,-1.08,4.04,,
2020-02-15,-3.30,-2.23,,
2020-02-16,-7.72,0.27,,
2020-02-17,-3.53,3.41,,
2020-02-18,-6.07,1.74,,
2020-02-19,-4.72,2.95,,
2020-02-20,-3.76,3.51,,
2020-02-21,5.60,-4.87,,
2020-02-22,-7.02,-10.03,,
2020-02-23,-7.88,-3.68,,
2020-02-24,-6.19,2.25,,
2020-02-25,-3.49,6.56,,
2020-02-26,-1.87,6.52,,
2020-02-27,6.41,-5.97,,
2020-02-28,4.38,-5.60,,
2020-02-29,4.58,-6.55,,
2020-03-01,-4.17,-4.80,,
2020-03-02,-6.35,3.24,,
2020-03-03,-4.51,5.01,,
2020-03-04,-2.16,5.95,,
2020-03-05,-1.30,5.23,,
2020-03-06,4.66,3.26,,
2020-03-07,-2.63,-9.81,,
2020-03-08,-9.49,-5.93,,
2020-03-09,-11.76,-1.24,,
2020-03-10,-9.52,0.83,,
2020-03-11,-6.50,-0.23,,
2020-03-12,-4.36,0.30,,
2020-03-13,-4.91,-1.13,,
2020-03-14,-5.35,-0.47,,
2020-03-15,-4.44,0.23,,
2020-03-16,-4.66,-0.82,,
2020-03-17,-5.19,-0.09,,
2020-03-18,-5.71,-0.60,,
2020-03-19,-7.47,1.05,,
2020-03-20,-7.47,1.45,,
2020-03-21,-5.70,1.32,,
2020-03-22,-5.30,1.32,,
2020-03-23,-5.11,2.49,,
2020-03-24,-3.14,3.61,,
2020-03-25,0.83,5.25,,
2020-03-26,4.49,-4.04,,
2020-03-27,-3.24,0.11,,
2020-03-28,-5.67,1.52,,
2020-03-29,-5.33,3.20,,
2020-03-30,-3.71,1.97,,
2020-03-31,0.68,5.55,,
2020-04-01,7.65,0.00,,
2020-04-02,-2.89,-4.45,,
2020-04-03,-2.15,-1.51,,
2020-04-04,-0.98,1.92,,
2020-04-05,-1.39,3.61,,
2020-04-06,-4.20,1.53,,
2020-04-07,-5.47,1.26,,
2020-04-08,-1.26,4.40,,
2020-04-09,5.44,4.25,,
2020-04-10,6.34,1.58,,
2020-04-11,-6.08,-2.84,,
2020-04-12,-8.01,4.26,,
2020-04-13,-4.09,8.03,,
2020-04-14,-1.83,5.62,,
2020-04-15,-1.22,6.92,,
2020-04-16,2.94,3.51,,
2020-04-17,-7.01,-1.36,,
2020-04-18,0.33,4.67,,
2020-04-19,1.44,3.75,,
2020-04-20,3.11,8.10,,
2020-04-21,6.28,1.33,,
2020-04-22,-2.36,-0.77,,
2020-04-23,-5.91,3.99,,
2020-04-24,-1.74,8.19,,
2020-04-25,-3.34,4.78,,
2020-04-26,1.98,4.66,,
2020-04-27,1.51,-5.63,,
2020-04-28,-5.15,-4.17,,
2020-04-29,-6.53,1.63,,
2020-04-30,-1.69,6.79,,
2020-05-01,4.21,-3.54,,
2020-05-02,-3.83,-3.57,,
2020-05-03,-4.48,-1.81,,
2020-05-04,-2.76,0.64,,
2020-05-05,-1.98,2.36,,
2020-05-06,0.99,4.31,,
2020-05-07,4.83,-6.41,,
2020-05-08,-4.63,-2.89,,
2020-05-09,-2.51,1.45,,
2020-05-10,-7.18,-0.75,,
2020-05-11,-4.21,-4.06,,
2020-05-12,-6.75,-5.87,,
2020-05-13,-8.91,-2.72,,
2020-05-14,-10.62,-2.26,,
2020-05-15,-8.89,-0.16,,
2020-05-16,4.83,5.75,,
2020-05-17,4.32,4.79,,
2020-05-18,0.48,3.87,,
2020-05-19,0.97,5.49,,
2020-05-20,3.07,4.38,,
2020-05-21,-2.85,2.75,,
2020-05-22,-5.70,1.01,,
2020-05-23,-7.34,1.03,,
2020-05-24,-7.41,2.41,,
2020-05-25,-6.97,6.50,,
2020-05-26,2.07,8.96,,
2020-05-27,-1.90,4.69,,
2020-05-28,-4.32,2.39,,
2020-05-29,-6.28,2.28,,
2020-05-30,-5.29,2.14,,
2020-05-31,-3.36,1.86,,
2020-06-01,-2.99,1.33,,
2020-06-02,-6.17,-0.00,,
2020-06-03,-6.07,2.70,,
2020-06-04,-4.18,4.64,,
2020-06-05,-5.03,4.22,,
2020-06-06,-4.85,5.99,,
2020-06-07,-2.97,6.09,,
2020-06-08,-1.86,4.60,,
2020-06-09,-2.92,1.82,,
2020-06-10,-3.37,-0.18,,
2020-06-11,-5.64,-0.59,,
2020-06-12,-6.45,0.23,,
2020-06-13,-5.47,1.16,,
2020-06-14,-4.76,1.83,,
2020-06-15,-2.31,0.98,,
2020-06-16,-0.53,-4.31,,
2020-06-17,-4.63,-1.24,,
2020-06-18,-4.38,2.43,,
2020-06-19,-4.36,3.29,,
2020-06-20,-3.26,0.57,,
2020-06-21,-2.41,2.02,,
2020-06-22,-2.87,2.16,,
2020-06-23,-1.30,1.56,,
2020-06-24,-1.97,1.59,,
2020-06-25,-4.71,1.62,,
2020-06-26,-5.83,0.20,,
2020-06-27,-5.54,-0.48,,
2020-06-28,-4.00,0.35,,
2020-06-29,-2.32,1.08,,
2020-06-30,0.86,2.24,,
2020-07-01,1.26,2.48,,
2020-07-02,1.92,1.73,,
2020-07-03,1.01,2.64,,
2020-07-04,3.00,2.35,,
2020-07-05,1.52,2.98,,
2020-07-06,-0.68,2.96,,
2020-07-07,-2.63,0.86,,
2020-07-08,-1.05,1.61,,
2020-07-09,2.02,1.64,,
2020-07-10,3.05,3.90,,
2020-07-11,4.26,4.26,,
2020-07-12,3.51,6.60,,
2020-07-13,3.06,4.89,,
2020-07-14,2.57,2.23,,
2020-07-15,2.57,0.45,,
2020-07-16,-4.58,-0.40,,
2020-07-17,-6.39,-0.45,,
2020-07-18,-5.81,0.20,,
2020-07-19,-6.66,0.35,,
2020-07-20,-7.06,0.74,,
2020-07-21,-6.77,1.81,,
2020-07-22,-6.18,2.75,,
2020-07-23,-6.52,3.18,,
2020-07-24,-6.95,1.86,,
2020-07-25,-7.63,1.07,,
2020-07-26,-3.98,3.34,,
2020-07-27,-2.65,1.92,,
2020-07-28,-3.80,1.46,,
2020-07-29,-4.31,0.99,,
2020-07-30,-5.13,-0.18,,
2020-07-31,-6.60,-1.40,,
2020-08-01,-9.13,-6.40,,
2020-08-02,11.40,8.91,,
2020-08-03,1.41,7.24,,
2020-08-04,-0.77,4.37,,
2020-08-05,-2.62,3.24,,
2020-08-06,-1.53,2.26,,
2020-08-07,-2.43,-0.26,,
2020-08-08,-3.07,-0.71,,
2020-08-09,-3.37,-0.84,,
2020-08-10,-3.02,-0.42,,
2020-08-11,-3.09,0.49,,
2020-08-12,-3.83,0.54,,
2020-08-13,-3.99,1.70,,
2020-08-14,-3.78,2.64,,
2020-08-15,-2.72,2.05,,
2020-08-16,-1.20,2.08,,
2020-08-17,-0.75,2.62,,
2020-08-18,-0.57,2.13,,
2020-08-19,-0.35,4.97,,
2020-08-20,-1.42,4.37,,
2020-08-21,-2.45,4.80,,
2020-08-22,-4.88,3.17,,
2020-08-23,-8.03,1.71,,
2020-08-24,-10.04,4.68,,
2020-08-25,-7.74,2.52,,
2020-08-26,-6.43,1.13,,
2020-08-27,-3.76,3.05,,
2020-08-28,-1.41,2.34,,
2020-08-29,-0.26,2.48,,
2020-08-30,1.01,2.27,,
2020-08-31,1.18,1.88,,
2020-09-01,-3.37,1.09,,
2020-09-02,-6.08,-0.00,,
2020-09-03,-5.89,1.47,,
2020-09-04,-5.47,0.10,,
2020-09-05,-5.14,-0.27,,
2020-09-06,-4.24,-1.89,,
2020-09-07,-3.69,-0.45,,
2020-09-08,-2.15,2.56,,
2020-09-09,-1.55,2.38,,
2020-09-10,-2.86,-0.98,,
2020-09-11,-2.80,0.20,,
2020-09-12,-5.66,8.40,,
2020-09-13,-4.81,4.33,,
2020-09-14,-3.33,2.60,,
2020-09-15,-3.08,2.07,,
2020-09-16,-3.50,3.04,,
2020-09-17,-1.82,4.29,,
2020-09-18,1.37,4.21,,
2020-09-19,2.52,0.72,,
2020-09-20,1.42,1.63,,
2020-09-21,-5.30,-4.94,,
2020-09-22,-8.88,-5.55,,
2020-09-23,-6.70,-2.84,,
2020-09-24,-6.90,1.72,,
2020-09-25,-1.23,4.58,,
2020-09-26,0.98,3.94,,
2020-09-27,-0.21,1.50,,
2020-09-28,-1.72,2.28,,
2020-09-29,-3.04,4.68,,
2020-09-30,-0.23,3.31,,
2020-10-01,-2.13,0.07,,
2020-10-02,0.12,-2.37,,
2020-10-03,-4.05,2.73,,
2020-10-04,-6.54,4.41,,
2020-10-05,-7.20,2.76,,
2020-10-06,-7.59,2.47,,
2020-10-07,-6.14,3.84,,
2020-10-08,-5.39,1.75,,
2020-10-09,-6.08,1.74,,
2020-10-10,-4.28,4.59,,
2020-10-11,-0.00,4.30,,
2020-10-12,2.24,1.69,,
2020-10-13,-1.33,-3.46,,
2020-10-14,-3.68,-3.81,,
2020-10-15,-5.23,0.37,,
2020-10-16,-2.30,2.84,,
2020-10-17,-4.24,-5.05,,
2020-10-18,-7.81,-3.31,,
2020-10-19,-9.10,-1.93,,
2020-10-20,-8.53,-0.75,,
2020-10-21,-9.33,0.33,,
2020-10-22,-8.97,1.42,,
2020-10-23,-7.83,0.55,,
2020-10-24,-6.46,1.26,,
2020-10-25,-2.91,5.72,,
2020-10-26,-3.83,2.12,,
2020-10-27,-5.43,0.19,,
2020-10-28,-6.38,0.33,,
2020-10-29,-4.33,4.18,,
2020-10-30,0.59,4.22,,
2020-10-31,-4.11,-2.99,,
2020-11-01,-6.62,-1.05,,
2020-11-02,-2.80,-6.29,,
2020-11-03,-9.60,-7.77,,
2020-11-04,-9.93,-5.06,,
2020-11-05,-10.60,-2.45,,
2020-11-06,-8.49,-2.12,,
2020-11-07,-9.83,-1.56,,
2020-11-08,-13.50,-2.14,,
2020-11-09,-9.78,4.15,,
2020-11-10,-7.65,4.59,,
2020-11-11,-6.09,6.76,,
2020-11-12,-1.85,7.42,,
2020-11-13,0.17,3.27,,
2020-11-14,-3.86,-0.75,,
2020-11-15,-4.40,1.43,,
2020-11-16,-4.54,-0.80,,
2020-11-17,-4.10,-4.56,,
2020-11-18,-7.36,-8.77,,
2020-11-19,-10.29,-6.43,,
2020-11-20,-9.65,-3.90,,
2020-11-21,-7.85,-4.53,,
2020-11-22,-6.08,-2.58,,
2020-11-23,-1.35,-5.05,,
2020-11-24,-6.36,-6.58,,
2020-11-25,-8.65,-0.60,,
2020-11-26,-6.02,0.63,,
2020-11-27,-3.14,-0.67,,
2020-11-28,-2.49,-0.13,,
2020-11-29,-1.91,0.93,,
2020-11-30,2.60,6.44,,
2020-12-01,5.25,-8.73,,
2020-12-02,-4.04,-7.00,,
2020-12-03,-5.90,-3.41,,
2020-12-04,-4.86,1.12,,
2020-12-05,-0.00,2.32,,
2020-12-06,0.36,2.54,,
2020-12-07,7.06,5.32,,
2020-12-08,6.77,-6.54,,
2020-12-09,3.64,-5.61,,
2020-12-10,-0.46,-3.74,,
2020-12-11,-5.27,-1.51,,
2020-12-12,-5.50,1.17,,
2020-12-13,-2.26,0.87,,
2020-12-14,-1.18,2.91,,
2020-12-15,0.57,3.24,,
2020-12-16,-1.47,4.52,,
2020-12-17,2.24,5.55,,
2020-12-18,-0.14,-8.13,,
2020-12-19,-5.54,-2.94,,
2020-12-20,-4.44,3.47,,
2020-12-21,3.31,5.51,,
2020-12-22,-3.23,-6.34,,
2020-12-23,-5.88,-1.47,,
2020-12-24,-4.45,4.94,,
2020-12-25,7.91,-6.18,,
2020-12-26,1.27,-5.49,,
2020-12-27,-4.89,-3.56,,
2020-12-28,-6.46,-3.44,,
2020-12-29,-6.96,-5.24,,
2020-12-30,-9.00,-1.75,,
2020-12-31,-7.66,3.09,,
2021-01-01,-5.93,4.00,,
2021-01-02,-4.26,4.73,,
2021-01-03,-1.81,5.26,,
2021-01-04,4.65,0.90,,
2021-01-05,0.55,-5.25,,
2021-01-06,0.70,-3.95,,
2021-01-07,-1.38,2.59,,
2021-01-08,5.29,5.11,,
2021-01-09,7.40,-4.27,,
2021-01-10,-0.92,-3.43,,
2021-01-11,-4.24,1.22,,
2021-01-12,-1.81,0.85,,
2021-01-13,-1.74,-3.01,,
2021-01-14,0.46,-5.21,,
2021-01-15,-1.32,-2.48,,
2021-01-16,8.08,-0.99,,
2021-01-17,4.70,-2.82,,
2021-01-18,3.38,-2.37,,
2021-01-19,-4.44,-4.00,,
2021-01-20,-3.92,-3.17,,
2021-01-21,-2.99,-0.86,,
2021-01-22,0.78,3.39,,
2021-01-23,3.28,0.94,,
2021-01-24,-1.23,0.89,,
2021-01-25,-3.85,1.55,,
2021-01-26,-1.71,3.35,,
2021-01-27,-0.75,3.87,,
2021-01-28,6.22,-6.01,,
2021-01-29,-4.24,-7.34,,
2021-01-30,-5.66,-1.62,,
2021-01-31,-4.86,3.94,,
2021-02-01,8.07,5.45,,
2021-02-02,12.40,-4.03,,
2021-02-03,7.71,-5.40,,
2021-02-04,0.66,-3.42,,
2021-02-05,-2.13,5.02,,
2021-02-06,-2.83,5.32,,
2021-02-07,0.61,6.98,,
2021-02-08,-2.17,2.78,,
2021-02-09,-2.83,1.77,,
2021-02-10,-4.09,0.80,,
2021-02-11,-4.71,2.20,,
2021-02-12,-3.50,4.17,,
2021-02-13,-3.11,5.39,,
2021-02-14,-2.35,6.47,,
2021-02-15,-1.76,5.76,,
2021-02-16,0.65,7.42,,
2021-02-17,-0.60,5.70,,
2021-02-18,-3.58,6.46,,
2021-02-19,-1.23,6.98,,
2021-02-20,-0.46,-8.78,,
2021-02-21,-9.10,-6.14,,
2021-02-22,-8.56,2.45,,
2021-02-23,0.65,6.22,,
2021-02-24,-5.17,-0.45,,
2021-02-25,-2.72,1.76,,
2021-02-26,-4.67,0.33,,
2021-02-27,-6.81,2.48,,
2021-02-28,-7.58,3.22,,
2021-03-01,-3.87,4.96,,
2021-03-02,-0.95,4.11,,
2021-03-03,3.82,5.67,,
2021-03-04,5.60,-3.77,,
2021-03-05,-0.65,-7.40,,
2021-03-06,-4.34,1.41,,
2021-03-07,-0.50,-9.45,,
2021-03-08,-6.20,-9.19,,
2021-03-09,-9.07,-4.42,,
2021-03-10,-9.62,-3.31,,
2021-03-11,-9.64,-1.70,,
2021-03-12,-7.71,-2.81,,
2021-03-13,-6.10,-2.46,,
2021-03-14,-4.22,0.52,,
2021-03-15,-2.63,1.23,,
2021-03-16,-4.64,3.25,,
2021-03-17,-2.84,3.39,,
2021-03-18,-3.09,6.33,,
2021-03-19,3.39,6.65,,
2021-03-20,3.50,-0.94,,
2021-03-21,2.81,-3.23,,
2021-03-22,5.01,0.17,,
2021-03-23,1.49,2.69,,
2021-03-24,-0.65,3.36,,
2021-03-25,-4.60,3.73,,
2021-03-26,-4.71,3.42,,
2021-03-27,-6.11,1.87,,
2021-03-28,-5.29,4.13,,
2021-03-29,-2.64,1.65,,
2021-03-30,-6.78,1.69,,
2021-03-31,-5.90,3.41,,
2021-04-01,0.07,4.02,,
2021-04-02,-2.89,-10.78,,
2021-04-03,-6.76,-7.77,,
2021-04-04,-6.68,-4.68,,
2021-04-05,-4.83,-3.02,,
2021-04-06,-3.80,-0.20,,
2021-04-07,-3.84,0.75,,
2021-04-08,-3.36,2.18,,
2021-04-09,-4.16,3.25,,
2021-04-10,-3.62,5.80,,
2021-04-11,0.42,8.00,,
2021-04-12,1.00,5.69,,
2021-04-13,-1.76,-3.05,,
2021-04-14,-5.08,-2.94,,
2021-04-15,-2.62,3.74,,
2021-04-16,2.41,4.53,,
2021-04-17,2.28,5.94,,
2021-04-18,1.46,4.49,,
2021-04-19,0.78,6.34,,
2021-04-20,1.96,4.03,,
2021-04-21,3.60,4.00,,
2021-04-22,0.87,-2.85,,
2021-04-23,-5.83,-3.65,,
2021-04-24,-6.93,4.00,,
2021-04-25,1.46,5.85,,
2021-04-26,0.35,-6.76,,
2021-04-27,-7.39,-2.84,,
2021-04-28,-6.79,-0.59,,
2021-04-29,-4.51,4.06,,
2021-04-30,-1.59,4.91,,
2021-05-01,2.11,3.65,,
2021-05-02,-0.59,4.79,,
2021-05-03,-2.18,5.69,,
2021-05-04,-2.31,5.18,,
2021-05-05,-1.77,4.38,,
2021-05-06,-0.17,3.17,,
2021-05-07,4.19,1.12,,
2021-05-08,-4.41,0.31,,
2021-05-09,-6.84,1.21,,
2021-05-10,-4.12,4.74,,
2021-05-11,-3.49,2.63,,
2021-05-12,-2.97,3.30,,
2021-05-13,2.04,1.97,,
2021-05-14,-1.75,-4.33,,
2021-05-15,-3.51,-4.66,,
2021-05-16,-5.84,-4.40,,
2021-05-17,-6.41,-2.86,,
2021-05-18,-8.82,-0.93,,
2021-05-19,-10.44,-0.73,,
2021-05-20,-10.96,-0.57,,
2021-05-21,-9.45,-2.71,,
2021-05-22,-8.83,-2.70,,
2021-05-23,-6.76,-1.69,,
2021-05-24,-5.54,-0.10,,
2021-05-25,-5.89,0.21,,
2021-05-26,-6.01,0.95,,
2021-05-27,-3.91,0.48,,
2021-05-28,-3.52,2.38,,
2021-05-29,-2.38,4.67,,
2021-05-30,-1.36,3.55,,
2021-05-31,-4.01,0.78,,
2021-06-01,-5.89,-0.10,,
2021-06-02,-5.30,1.83,,
2021-06-03,-5.25,4.25,,
2021-06-04,-4.57,4.26,,
2021-06-05,-5.33,3.20,,
2021-06-06,-6.73,4.04,,
2021-06-07,-7.13,2.74,,
2021-06-08,-7.01,2.01,,
2021-06-09,-5.57,0.59,,
2021-06-10,-4.93,2.40,,
2021-06-11,-2.53,4.37,,
2021-06-12,0.62,5.02,,
2021-06-13,3.63,4.18,,
2021-06-14,4.83,5.37,,
2021-06-15,2.43,5.21,,
2021-06-16,-0.51,-2.63,,
2021-06-17,-3.74,-1.21,,
2021-06-18,-5.46,0.48,,
2021-06-19,-4.89,2.83,,
2021-06-20,-1.43,4.69,,
2021-06-21,-1.69,4.41,,
2021-06-22,-2.32,5.48,,
2021-06-23,-1.57,4.10,,
2021-06-24,-4.59,0.32,,
2021-06-25,-6.23,1.32,,
2021-06-26,-6.25,0.66,,
2021-06-27,-6.28,0.22,,
2021-06-28,-4.97,1.24,,
2021-06-29,-5.21,1.89,,
2021-06-30,-5.13,0.72,,
2021-07-01,-1.83,2.43,,
2021-07-02,0.30,4.22,,
2021-07-03,2.88,2.98,,
2021-07-04,-1.93,2.47,,
2021-07-05,-3.87,3.49,,
2021-07-06,-6.60,4.80,,
2021-07-07,-4.19,5.99,,
2021-07-08,-1.91,4.72,,
2021-07-09,-4.02,2.32,,
2021-07-10,-3.56,-0.69,,
2021-07-11,-5.30,2.25,,
2021-07-12,-6.54,1.75,,
2021-07-13,-7.06,1.50,,
2021-07-14,-5.77,-0.91,,
2021-07-15,-5.42,-1.45,,
2021-07-16,-5.63,0.39,,
2021-07-17,-4.47,0.87,,
2021-07-18,-4.74,1.54,,
2021-07-19,-4.73,2.41,,
2021-07-20,-2.26,3.91,,
2021-07-21,-1.46,3.13,,
2021-07-22,-1.88,1.57,,
2021-07-23,-1.74,3.90,,
2021-07-24,3.06,3.17,,
2021-07-25,0.34,3.84,,
2021-07-26,-1.18,4.10,,
2021-07-27,0.21,4.06,,
2021-07-28,1.00,2.06,,
2021-07-29,-1.47,0.88,,
2021-07-30,-1.59,3.94,,
2021-07-31,-1.06,3.07,,
2021-08-01,-0.92,2.68,,
2021-08-02,-0.80,3.75,,
2021-08-03,-0.27,5.14,,
2021-08-04,-0.00,3.44,,
2021-08-05,-3.56,2.23,,
2021-08-06,-3.47,3.02,,
2021-08-07,-2.51,1.96,,
2021-08-08,-2.84,0.92,,
2021-08-09,-3.95,0.91,,
2021-08-10,-5.40,1.25,,
2021-08-11,-5.36,-1.64,,
2021-08-12,-6.19,-2.25,,
2021-08-13,-7.45,-1.31,,
2021-08-14,-6.42,4.50,,
2021-08-15,-6.75,3.01,,
2021-08-16,-2.95,3.40,,
2021-08-17,-5.24,2.79,,
2021-08-18,-6.16,2.12,,
2021-08-19,-3.26,0.28,,
2021-08-20,-1.51,-0.55,,
2021-08-21,-1.91,2.94,,
2021-08-22,-3.37,2.72,,
2021-08-23,-3.77,3.16,,
2021-08-24,-5.72,3.17,,
2021-08-25,-7.03,-2.42,,
2021-08-26,-6.94,1.22,,
2021-08-27,-7.29,1.68,,
2021-08-28,-5.90,3.01,,
2021-08-29,-3.64,0.19,,
2021-08-30,-1.77,-1.54,,
2021-08-31,-1.32,-0.86,,
2021-09-01,1.67,1.55,,
2021-09-02,2.35,1.30,,
2021-09-03,4.30,0.38,,
2021-09-04,3.45,0.67,,
2021-09-05,3.39,1.30,,
2021-09-06,2.68,0.72,,
2021-09-07,0.86,1.93,,
2021-09-08,-1.17,1.95,,
2021-09-09,2.67,2.24,,
2021-09-10,2.77,1.01,,
2021-09-11,-2.08,-2.16,,
2021-09-12,-5.76,-0.30,,
2021-09-13,-4.62,-0.16,,
2021-09-14,-3.46,-0.36,,
2021-09-15,-1.99,0.89,,
2021-09-16,1.20,3.12,,
2021-09-17,1.31,3.61,,
2021-09-18,0.89,-0.56,,
2021-09-19,-2.06,-0.44,,
2021-09-20,-3.23,0.28,,
2021-09-21,-3.86,-0.96,,
2021-09-22,-2.64,-0.66,,
2021-09-23,1.22,-0.42,,
2021-09-24,-1.19,0.21,,
2021-09-25,0.39,-2.23,,
2021-09-26,-2.34,-4.80,,
2021-09-27,-3.07,-5.31,,
2021-09-28,-4.58,-4.27,,
2021-09-29,-2.88,-2.02,,
2021-09-30,-4.39,-1.78,,
2021-10-01,-6.02,-1.73,,
2021-10-02,-7.73,-2.07,,
2021-10-03,-7.12,-1.91,,
2021-10-04,-4.37,-1.01,,
2021-10-05,-4.05,-0.21,,
2021-10-06,-3.90,1.42,,
2021-10-07,-5.06,1.84,,
2021-10-08,-3.46,2.25,,
2021-10-09,-1.62,2.80,,
2021-10-10,-2.29,1.17,,
2021-10-11,-1.46,3.62,,
2021-10-12,-3.05,3.05,,
2021-10-13,-3.67,-1.12,,
2021-10-14,-3.39,-2.85,,
2021-10-15,-2.59,-2.88,,
2021-10-16,0.00,-2.89,,
2021-10-17,1.68,-3.29,,
2021-10-18,-4.03,-5.75,,
2021-10-19,-6.11,-3.39,,
2021-10-20,-7.14,-2.74,,
2021-10-21,-6.66,-1.91,,
2021-10-22,-4.10,0.07,,
2021-10-23,-3.68,-0.52,,
2021-10-24,-2.93,1.97,,
2021-10-25,1.66,6.20,,
2021-10-26,6.14,1.19,,
2021-10-27,5.52,-0.58,,
2021-10-28,3.00,5.00,,
2021-10-29,7.82,6.11,,
2021-10-30,8.95,3.08,,
2021-10-31,4.49,-1.37,,
2021-11-01,-2.38,1.49,,
2021-11-02,-5.83,-1.67,,
2021-11-03,-4.25,-2.65,,
2021-11-04,-3.85,0.47,,
2021-11-05,-4.29,3.23,,
2021-11-06,8.02,4.63,,
2021-11-07,7.55,-4.90,,
2021-11-08,1.95,-7.84,,
2021-11-09,-4.02,-5.95,,
2021-11-10,-5.47,-2.44,,
2021-11-11,-5.66,2.52,,
2021-11-12,-3.20,2.16,,
2021-11-13,-0.49,3.10,,
2021-11-14,0.84,-3.95,,
2021-11-15,-0.56,-6.38,,
2021-11-16,-6.40,-5.18,,
2021-11-17,-8.61,-2.15,,
2021-11-18,-7.06,-0.25,,
2021-11-19,-2.22,-2.74,,
2021-11-20,-6.99,-3.56,,
2021-11-21,-6.43,-2.73,,
2021-11-22,2.61,-1.11,,
2021-11-23,2.88,-9.42,,
2021-11-24,-5.10,-6.76,,
2021-11-25,-6.55,-3.06,,
2021-11-26,-1.48,-2.56,,
2021-11-27,2.33,-3.59,,
2021-11-28,-1.43,-0.23,,
2021-11-29,1.32,-4.30,,
2021-11-30,-1.53,-3.13,,
2021-12-01,-2.29,-2.22,,
2021-12-02,2.34,-2.60,,
2021-12-03,-1.76,-3.78,,
2021-12-04,-3.00,-0.26,,
2021-12-05,-3.96,-1.29,,
2021-12-06,-2.71,2.53,,
2021-12-07,2.32,-0.89,,
2021-12-08,-2.65,0.81,,
2021-12-09,1.73,1.35,,
2021-12-10,-2.93,-0.26,,
2021-12-11,-4.84,1.12,,
2021-12-12,-3.90,0.07,,
2021-12-13,-5.55,-2.71,,
2021-12-14,-6.02,-2.56,,
2021-12-15,-7.56,-2.17,,
2021-12-16,-8.21,0.43,,
2021-12-17,-6.63,-0.12,,
2021-12-18,-6.13,2.23,,
2021-12-19,-1.35,5.43,,
2021-12-20,-3.41,1.52,,
2021-12-21,2.96,6.97,,
2021-12-22,8.77,-3.19,,
2021-12-23,0.82,-5.82,,
2021-12-24,-4.34,-3.16,,
2021-12-25,-3.88,-0.00,,
2021-12-26,-1.98,1.66,,
2021-12-27,-1.46,0.34,,
2021-12-28,-2.21,2.37,,
2021-12-29,-2.14,2.46,,
2021-12-30,-2.11,3.65,,
2021-12-31,-1.85,2.05,,
2022-01-01,-3.95,3.68,-0.049,0.293
2022-01-02,-1.71,6.38,0.045,0.545
2022-01-03,2.38,6.54,0.080,0.545
2022-01-04,-3.78,-5.82,-0.113,0.426
2022-01-05,-4.70,1.62,-0.033,0.516
2022-01-06,2.82,2.82,0.067,0.525
2022-01-07,-0.39,2.49,0.046,0.568
2022-01-08,-6.59,-3.50,-0.127,0.433
2022-01-09,-9.33,-0.33,-0.182,0.457
2022-01-10,-3.77,1.15,0.012,0.482
2022-01-11,-3.05,-6.84,-0.074,0.256
2022-01-12,-7.78,-4.14,-0.167,0.257
2022-01-13,-2.08,-4.27,0.009,0.263
2022-01-14,7.43,-5.40,0.162,0.144
2022-01-15,-2.10,4.31,0.039,0.171
2022-01-16,-1.67,10.55,0.046,0.389
2022-01-17,10.05,-1.95,0.216,0.284
2022-01-18,3.70,-4.91,0.111,0.197
2022-01-19,-4.05,0.64,0.002,0.253
2022-01-20,-4.57,1.14,-0.029,0.250
2022-01-21,-0.36,4.13,0.046,0.331
2022-01-22,3.40,-0.42,0.096,0.176
2022-01-23,2.46,-5.80,0.042,-0.005
2022-01-24,4.49,-4.99,0.084,-0.180
2022-01-25,-2.22,0.19,0.009,-0.044
2022-01-26,-1.53,6.15,0.026,0.153
2022-01-27,3.48,0.00,0.003,0.252
2022-01-28,3.76,-1.68,0.054,0.448
2022-01-29,8.97,-6.76,0.206,0.434
2022-01-30,3.03,-6.80,0.053,0.200
2022-01-31,-2.37,-4.27,-0.029,0.220
2022-02-01,-7.07,-1.37,-0.089,0.359
2022-02-02,-8.04,1.71,-0.083,0.490
2022-02-03,-6.67,1.79,-0.031,0.292
2022-02-04,-4.76,2.42,-0.028,0.138
2022-02-05,-2.45,1.36,0.021,0.126
2022-02-06,-2.60,1.33,-0.011,0.057
2022-02-07,-3.12,2.27,0.034,0.002
2022-02-08,-2.98,2.59,-0.014,-0.061
2022-02-09,-1.78,-3.49,-0.062,0.107
2022-02-10,-3.28,-5.05,-0.086,0.379
2022-02-11,-4.05,-2.06,-0.079,0.403
2022-02-12,-2.98,-0.00,0.007,0.511
2022-02-13,2.29,3.98,0.113,0.492
2022-02-14,2.05,-9.65,-0.020,0.178
2022-02-15,-8.62,-5.18,-0.176,0.271
2022-02-16,-10.27,-1.63,-0.194,0.275
2022-02-17,-8.90,2.55,-0.095,0.329
2022-02-18,-3.82,4.40,0.064,0.424
2022-02-19,2.94,0.15,0.048,0.098
2022-02-20,-5.32,-4.96,-0.216,-0.103
2022-02-21,-6.45,-1.97,-0.191,0.372
2022-02-22,-7.40,-0.65,-0.095,0.536
2022-02-23,-6.66,0.12,-0.106,0.463
2022-02-24,-5.83,0.72,-0.109,0.413
2022-02-25,-6.14,0.43,-0.092,0.583
2022-02-26,-5.52,-1.38,-0.067,0.617
2022-02-27,-4.91,0.52,-0.021,0.537
2022-02-28,1.55,2.68,0.105,0.281
2022-03-01,2.77,-3.68,0.074,0.067
2022-03-02,-5.01,-1.92,-0.051,0.101
2022-03-03,-4.84,-1.03,-0.090,-0.080
2022-03-04,-6.56,-3.34,-0.174,0.044
2022-03-05,-10.13,-1.07,-0.242,0.257
2022-03-06,-9.83,1.03,-0.149,0.300
2022-03-07,-8.70,2.66,-0.073,0.159
2022-03-08,-4.78,4.30,-0.109,0.039
2022-03-09,-3.28,5.68,0.038,0.344
2022-03-10,-2.03,6.63,0.116,0.263
2022-03-11,-1.41,6.11,0.024,0.167
2022-03-12,2.58,9.00,0.118,0.252
2022-03-13,-4.32,-9.70,-0.179,-0.039
2022-03-14,-8.29,-4.22,-0.150,0.168
2022-03-15,-8.00,-2.00,-0.108,0.218
2022-03-16,-1.63,5.67,0.096,0.340
2022-03-17,-0.07,4.10,0.117,0.233
2022-03-18,-3.46,1.92,-0.012,0.079
2022-03-19,-4.19,4.34,-0.012,0.099
2022-03-20,-0.81,3.53,0.021,0.129
2022-03-21,-5.95,-5.35,-0.224,0.309
2022-03-22,-8.74,1.07,-0.116,0.466
2022-03-23,-5.73,5.54,-0.046,0.512
2022-03-24,-2.76,8.03,0.047,0.591
2022-03-25,7.16,-3.34,0.084,0.450
2022-03-26,1.54,-4.75,0.043,0.272
2022-03-27,3.35,-6.58,0.040,0.108
2022-03-28,-1.02,-2.81,0.047,0.184
2022-03-29,0.14,2.60,0.034,0.176
2022-03-30,-6.99,3.26,-0.091,0.192
2022-03-31,-5.35,8.56,-0.007,0.415
2022-04-01,-1.15,7.25,0.116,0.492
2022-04-02,0.09,5.31,0.087,0.466
2022-04-03,4.20,-1.13,0.054,0.370
2022-04-04,-3.89,-0.55,-0.023,0.353
2022-04-05,-3.50,5.82,0.033,0.298
2022-04-06,-1.32,6.79,0.113,0.290
2022-04-07,0.40,7.54,0.126,0.245
2022-04-08,6.45,-0.56,0.064,0.009
2022-04-09,5.17,-3.62,0.042,0.122
2022-04-10,-0.37,-6.97,-0.021,0.156
2022-04-11,-6.25,-0.44,-0.114,0.346
2022-04-12,-7.68,1.22,-0.108,0.475
2022-04-13,-7.35,2.39,-0.096,0.523
2022-04-14,-5.28,3.43,-0.048,0.574
2022-04-15,-3.22,2.34,0.017,0.551
2022-04-16,-5.93,3.02,-0.061,0.473
2022-04-17,-5.66,1.62,-0.048,0.466
2022-04-18,-3.82,1.62,0.032,0.494
2022-04-19,-1.53,-4.19,-0.035,0.209
2022-04-20,-7.71,-4.82,-0.196,0.013
2022-04-21,-8.63,-4.21,-0.192,-0.035
2022-04-22,-9.24,-5.34,-0.209,-0.069
2022-04-23,-8.46,-3.08,-0.162,-0.073
2022-04-24,-7.93,-0.42,-0.149,0.041
2022-04-25,-7.36,0.90,-0.113,0.140
2022-04-26,-5.88,0.41,-0.084,0.046
2022-04-27,-3.44,2.23,-0.019,0.040
2022-04-28,-1.46,2.34,0.007,-0.033
2022-04-29,-2.72,-1.57,-0.091,-0.003
2022-04-30,-4.15,-0.58,-0.013,0.286
2022-05-01,-4.65,-0.24,-0.045,0.376
2022-05-02,-5.74,1.98,-0.069,0.439
2022-05-03,-5.77,1.23,-0.102,0.485
2022-05-04,-0.00,3.48,0.057,0.607
2022-05-05,1.80,0.96,0.019,0.446
2022-05-06,1.34,2.87,0.030,0.447
2022-05-07,3.92,5.81,0.196,0.463
2022-05-08,5.13,2.96,0.121,0.220
2022-05-09,-4.82,-2.46,-0.130,0.137
2022-05-10,-2.28,-7.02,-0.172,0.144
2022-05-11,-0.66,-7.57,-0.114,0.071
2022-05-12,0.63,-3.55,-0.013,0.147
2022-05-13,-1.46,3.13,0.014,0.359
2022-05-14,-1.31,2.45,-0.003,0.489
2022-05-15,1.86,2.87,0.025,0.534
2022-05-16,1.75,4.34,0.076,0.561
2022-05-17,1.07,3.12,0.071,0.591
2022-05-18,-1.42,2.92,0.037,0.580
2022-05-19,-0.33,3.72,0.025,0.537
2022-05-20,-2.05,5.08,0.057,0.765
2022-05-21,-6.21,3.44,-0.086,0.708
2022-05-22,-6.49,3.03,-0.064,0.635
2022-05-23,-6.81,2.21,-0.066,0.622
2022-05-24,-6.80,2.89,-0.074,0.477
2022-05-25,-7.21,2.77,-0.086,0.365
2022-05-26,-6.32,2.05,-0.065,0.301
2022-05-27,-3.26,4.48,0.000,0.343
2022-05-28,-0.60,4.90,0.082,0.438
2022-05-29,-1.05,5.39,0.090,0.290
2022-05-30,-1.82,3.73,-0.046,0.073
2022-05-31,-2.31,1.68,-0.008,0.305
2022-06-01,-1.57,-2.95,0.006,0.480
2022-06-02,-2.38,-0.64,-0.017,0.542
2022-06-03,-3.33,5.33,0.013,0.579
2022-06-04,-0.21,12.02,0.138,0.777
2022-06-05,5.36,2.17,0.112,0.631
2022-06-06,2.19,4.48,0.129,0.607
2022-06-07,3.67,5.65,0.132,0.533
2022-06-08,3.35,2.01,0.087,0.498
2022-06-09,1.92,3.08,0.074,0.582
2022-06-10,1.65,3.71,0.110,0.625
2022-06-11,2.22,4.00,0.089,0.599
2022-06-12,-0.00,4.18,0.069,0.561
2022-06-13,-1.94,2.01,0.030,0.506
2022-06-14,-3.33,1.08,-0.015,0.444
2022-06-15,-3.71,1.81,0.002,0.471
2022-06-16,-2.91,0.73,-0.019,0.434
2022-06-17,-1.50,-1.91,-0.055,0.346
2022-06-18,-2.16,0.38,0.034,0.375
2022-06-19,2.11,3.13,0.116,0.404
2022-06-20,0.97,2.39,0.044,0.417
2022-06-21,-4.27,-3.34,-0.099,0.304
2022-06-22,-6.11,-2.72,-0.193,0.301
2022-06-23,-2.23,0.64,0.023,0.608
2022-06-24,2.05,2.53,0.050,0.634
2022-06-25,1.74,2.14,0.052,0.580
2022-06-26,-2.15,2.23,0.022,0.544
2022-06-27,-1.37,2.28,0.018,0.500
2022-06-28,-3.55,2.77,-0.004,0.452
2022-06-29,-1.85,3.33,0.035,0.402
2022-06-30,-3.76,2.53,-0.005,0.414
2022-07-01,-6.00,2.55,-0.088,0.517
2022-07-02,-4.40,2.97,-0.019,0.561
2022-07-03,-4.94,2.10,-0.049,0.454
2022-07-04,-5.77,0.50,-0.097,0.484
2022-07-05,-4.51,2.71,-0.074,0.584
2022-07-06,-2.81,3.60,0.002,0.676
2022-07-07,-3.57,1.98,-0.027,0.619
2022-07-08,-4.92,3.20,-0.056,0.652
2022-07-09,-1.41,5.26,0.031,0.774
2022-07-10,0.35,4.95,0.086,0.720
2022-07-11,-0.08,4.71,0.075,0.574
2022-07-12,-1.40,4.08,0.040,0.531
2022-07-13,-1.68,3.44,0.085,0.542
2022-07-14,-1.82,3.14,0.047,0.472
2022-07-15,-6.08,1.40,-0.093,0.358
2022-07-16,-3.78,2.85,0.002,0.415
2022-07-17,-2.46,4.63,0.034,0.409
2022-07-18,-3.25,4.82,0.026,0.361
2022-07-19,-3.85,2.90,-0.006,0.339
2022-07-20,-4.36,1.09,-0.037,0.457
2022-07-21,-4.50,2.50,-0.022,0.600
2022-07-22,-4.26,2.98,-0.008,0.605
2022-07-23,-4.27,1.55,-0.052,0.566
2022-07-24,-5.98,0.42,-0.082,0.572
2022-07-25,-6.90,1.47,-0.105,0.611
2022-07-26,-5.90,2.38,-0.067,0.600
2022-07-27,-4.48,2.69,0.003,0.595
2022-07-28,-5.76,-0.20,-0.067,0.513
2022-07-29,-5.66,0.90,-0.076,0.450
2022-07-30,-6.74,2.06,-0.098,0.422
2022-07-31,-6.79,1.07,-0.111,0.402
2022-08-01,-5.69,1.74,-0.090,0.509
2022-08-02,-3.82,0.74,-0.040,0.546
2022-08-03,-4.17,0.59,-0.052,0.527
2022-08-04,-4.29,1.65,-0.040,0.558
2022-08-05,-4.84,1.39,-0.046,0.562
2022-08-06,-7.22,0.89,-0.116,0.518
2022-08-07,-6.96,-0.12,-0.093,0.439
2022-08-08,-4.97,0.43,-0.040,0.436
2022-08-09,-6.42,2.09,-0.054,0.475
2022-08-10,-6.33,2.31,-0.056,0.503
2022-08-11,-5.44,0.76,-0.048,0.444
2022-08-12,-4.48,0.63,-0.050,0.405
2022-08-13,-1.80,2.22,0.016,0.367
2022-08-14,0.09,1.77,0.058,0.366
2022-08-15,2.16,1.10,0.062,0.314
2022-08-16,2.64,2.64,0.096,0.364
2022-08-17,3.89,2.93,0.123,0.357
2022-08-18,2.93,2.55,0.102,0.424
2022-08-19,-1.74,2.89,0.028,0.528
2022-08-20,-4.48,0.95,-0.065,0.531
2022-08-21,-6.50,0.11,-0.100,0.537
2022-08-22,-4.79,0.93,-0.040,0.516
2022-08-23,-3.32,0.83,-0.009,0.458
2022-08-24,-2.62,0.85,0.014,0.447
2022-08-25,-1.96,2.26,0.065,0.490
2022-08-26,-1.92,1.79,0.037,0.411
2022-08-27,-1.88,1.95,0.027,0.313
2022-08-28,-2.36,2.12,0.002,0.334
2022-08-29,-2.86,5.15,0.008,0.516
2022-08-30,-3.35,4.45,0.008,0.562
2022-08-31,-0.79,2.44,0.025,0.495
2022-09-01,0.45,2.10,0.030,0.446
2022-09-02,-3.35,1.15,-0.044,0.471
2022-09-03,-4.50,0.16,-0.076,0.549
2022-09-04,-4.43,-1.11,-0.079,0.631
2022-09-05,-2.85,0.71,-0.007,0.628
2022-09-06,-2.28,0.65,0.052,0.555
2022-09-07,1.53,-1.03,0.020,0.413
2022-09-08,2.82,2.12,0.066,0.364
2022-09-09,2.14,5.30,0.156,0.174
2022-09-10,-0.90,4.24,0.056,0.080
2022-09-11,-2.49,1.68,0.022,0.243
2022-09-12,-2.33,-0.99,-0.045,0.469
2022-09-13,-2.27,0.52,-0.031,0.729
2022-09-14,-2.12,2.05,0.063,0.858
2022-09-15,-0.06,3.69,0.084,0.468
2022-09-16,-3.09,-0.16,-0.011,0.329
2022-09-17,-4.45,0.55,-0.051,0.443
2022-09-18,-2.33,0.04,0.024,0.538
2022-09-19,-0.30,2.47,0.069,0.576
2022-09-20,-3.19,-2.40,-0.042,0.332
2022-09-21,-2.23,-5.02,-0.058,0.220
2022-09-22,1.88,-3.85,0.022,0.287
2022-09-23,1.12,-3.44,0.007,0.307
2022-09-24,-2.63,-1.71,-0.031,0.263
2022-09-25,-3.04,1.05,-0.022,0.276
2022-09-26,-2.24,3.45,-0.002,0.417
2022-09-27,-6.07,1.29,-0.088,0.453
2022-09-28,-4.69,12.87,0.033,0.862
2022-09-29,6.94,10.29,0.267,0.725
2022-09-30,3.26,-4.17,0.031,0.263
2022-10-01,-1.55,-2.79,-0.026,0.140
2022-10-02,-1.55,-3.32,0.000,0.115
2022-10-03,-0.08,-4.78,-0.046,0.226
2022-10-04,0.00,-4.96,0.001,0.317
2022-10-05,-1.72,-3.86,-0.021,0.099
2022-10-06,-3.33,-3.70,-0.023,-0.011
2022-10-07,-3.50,-3.38,-0.055,-0.150
2022-10-08,-4.99,-3.00,-0.102,0.035
2022-10-09,-4.61,-1.50,-0.042,0.464
2022-10-10,-4.43,0.78,-0.006,0.461
2022-10-11,-4.59,-0.00,-0.055,0.257
2022-10-12,-4.88,-0.17,-0.053,0.195
2022-10-13,0.62,5.03,0.082,0.286
2022-10-14,-2.82,0.92,0.077,0.496
2022-10-15,-1.80,-3.69,0.020,0.236
2022-10-16,-5.33,-2.15,-0.073,-0.029
2022-10-17,-4.51,2.30,0.001,-0.069
2022-10-18,4.78,2.76,0.071,-0.148
2022-10-19,5.00,-3.90,0.004,0.250
2022-10-20,0.14,-2.75,-0.018,0.393
2022-10-21,-0.80,-5.04,-0.052,0.379
2022-10-22,-3.12,-7.35,-0.113,0.296
2022-10-23,-2.95,-4.21,-0.018,0.470
2022-10-24,-4.49,-3.14,-0.031,0.461
2022-10-25,-2.52,-4.54,-0.011,0.260
2022-10-26,-0.52,-2.92,0.030,0.061
2022-10-27,-2.47,-2.22,0.006,0.016
2022-10-28,-4.75,-2.97,-0.050,-0.041
2022-10-29,-5.32,-4.47,-0.122,-0.216
2022-10-30,-5.67,-2.89,-0.156,-0.103
2022-10-31,-4.61,0.08,-0.023,0.389
2022-11-01,-4.93,1.60,-0.014,0.460
2022-11-02,-4.52,-0.63,-0.002,0.390
2022-11-03,-4.00,-2.90,-0.029,0.031
2022-11-04,-3.32,-6.25,-0.080,-0.169
2022-11-05,-6.78,-1.32,-0.071,-0.114
2022-11-06,-7.48,-0.52,-0.108,-0.138
2022-11-07,-6.57,-7.05,-0.220,-0.295
2022-11-08,-3.62,-10.51,-0.184,0.051
2022-11-09,-0.75,-14.23,-0.126,0.026
2022-11-10,8.73,8.43,0.240,0.483
2022-11-11,1.26,6.48,0.079,0.747
2022-11-12,1.37,4.20,0.090,0.658
2022-11-13,1.31,-2.36,0.014,0.337
2022-11-14,-2.93,-1.76,-0.039,0.126
2022-11-15,-3.54,0.44,-0.016,0.096
2022-11-16,-1.88,0.76,0.049,0.148
2022-11-17,-1.30,-3.99,-0.003,0.033
2022-11-18,-4.93,-6.79,-0.167,-0.147
2022-11-19,-5.20,-5.20,-0.182,0.039
2022-11-20,-6.28,-3.48,-0.112,0.290
2022-11-21,-8.45,-3.76,-0.178,0.294
2022-11-22,-3.76,-1.01,0.009,0.382
2022-11-23,-2.53,1.13,0.060,0.506
2022-11-24,-4.09,-0.43,0.004,0.517
2022-11-25,-3.12,2.71,0.078,0.342
2022-11-26,-0.12,2.26,0.033,0.059
2022-11-27,-1.47,4.80,0.036,0.107
2022-11-28,2.40,2.48,-0.049,0.004
2022-11-29,-4.74,-2.63,-0.154,0.398
2022-11-30,-5.89,-0.10,-0.115,0.535
2022-12-01,-4.19,-4.50,-0.097,0.483
2022-12-02,-8.48,-5.09,-0.211,0.425
2022-12-03,-8.50,-2.60,-0.153,0.371
2022-12-04,-4.91,-4.26,-0.061,0.192
2022-12-05,-2.14,-3.86,0.003,0.134
2022-12-06,-3.76,-2.94,-0.039,0.057
2022-12-07,-5.16,-2.86,-0.098,-0.083
2022-12-08,-5.02,-3.02,-0.105,-0.064
2022-12-09,-2.06,-2.45,-0.037,0.097
2022-12-10,-1.15,-4.01,-0.026,0.170
2022-12-11,0.64,-4.04,0.069,0.132
2022-12-12,0.96,-3.15,0.011,-0.053
2022-12-13,-2.85,-2.48,-0.115,-0.095
2022-12-14,-5.93,3.85,-0.112,0.422
2022-12-15,-2.84,7.79,0.045,0.863
2022-12-16,2.45,3.93,0.180,0.775
2022-12-17,-3.14,-1.14,0.004,0.262
2022-12-18,1.16,-3.59,0.035,0.110
2022-12-19,-5.06,-6.03,-0.098,0.233
2022-12-20,-6.50,-2.11,-0.011,0.265
2022-12-21,-5.10,0.18,-0.038,-0.038
2022-12-22,-3.30,2.06,-0.084,0.006
2022-12-23,5.41,2.88,0.126,0.424
2022-12-24,2.93,-8.04,0.076,0.151
2022-12-25,-0.87,-6.19,-0.036,-0.118
2022-12-26,-4.15,-4.77,-0.113,-0.023
2022-12-27,-3.14,-4.17,-0.056,0.301
2022-12-28,-6.40,-5.97,-0.126,0.288
2022-12-29,-7.43,-3.95,-0.159,0.296
2022-12-30,-4.00,-0.35,0.007,0.445
2022-12-31,-2.74,2.22,0.026,0.513
2023-01-01,-1.94,1.87,0.014,0.414
2023-01-02,-3.51,-0.62,-0.016,0.463
2023-01-03,-5.59,1.09,-0.024,0.443
2023-01-04,-4.43,4.13,-0.026,0.275
2023-01-05,-2.49,3.99,-0.021,0.541
2023-01-06,-1.01,-4.74,0.040,0.505
2023-01-07,-3.60,-4.78,-0.088,0.424
2023-01-08,-4.91,-1.69,-0.059,0.463
2023-01-09,-2.54,-3.76,0.012,0.482
2023-01-10,-1.77,-2.53,-0.006,0.458
2023-01-11,1.20,-1.92,0.012,0.391
2023-01-12,-2.04,2.11,0.007,0.463
2023-01-13,4.95,4.30,0.158,0.574
2023-01-14,10.42,-6.01,0.217,0.386
2023-01-15,4.51,-5.77,0.086,0.413
2023-01-16,-0.24,-2.24,0.042,0.546
2023-01-17,-1.53,2.44,0.064,0.644
2023-01-18,-2.95,1.63,0.084,0.703
2023-01-19,-2.89,2.69,0.075,0.690
2023-01-20,-1.10,3.59,0.075,0.551
2023-01-21,-1.31,2.26,0.019,0.452
2023-01-22,-3.13,5.42,0.001,0.587
2023-01-23,-0.12,6.69,0.085,0.565
2023-01-24,-5.81,-4.07,-0.131,0.276
2023-01-25,-5.65,5.09,-0.062,0.365
2023-01-26,1.70,5.22,0.068,0.472
2023-01-27,-4.76,-5.67,-0.146,0.294
2023-01-28,-7.50,-4.51,-0.187,0.280
2023-01-29,-7.23,-1.54,-0.117,0.282
2023-01-30,-4.32,1.32,0.011,0.217
2023-01-31,-3.78,1.08,-0.017,0.198
2023-02-01,-2.43,1.46,-0.010,0.089
2023-02-02,-2.83,2.64,-0.020,0.254
2023-02-03,0.95,4.49,0.069,0.509
2023-02-04,-6.98,-6.74,-0.152,0.330
2023-02-05,-8.63,2.97,-0.100,0.450
2023-02-06,-2.57,-4.28,-0.007,0.311
2023-02-07,-6.60,-2.14,-0.107,0.296
2023-02-08,-7.10,0.50,-0.118,0.392
2023-02-09,-7.43,1.85,-0.070,0.655
2023-02-10,-4.93,3.33,-0.008,0.956
2023-02-11,-2.73,4.21,0.080,1.000
2023-02-12,5.21,6.67,0.226,0.882
2023-02-13,7.84,-4.90,0.140,0.451
2023-02-14,-4.13,-2.11,-0.033,0.562
2023-02-15,-5.96,2.91,-0.028,0.669
2023-02-16,-5.71,2.66,-0.007,0.594
2023-02-17,-3.76,5.80,-0.040,0.557
2023-02-18,-3.26,-4.18,-0.014,0.499
2023-02-19,-5.35,-0.66,-0.044,0.525
2023-02-20,-0.87,3.26,0.075,0.508
2023-02-21,1.06,3.97,0.072,0.464
2023-02-22,-2.17,4.45,-0.004,0.469
2023-02-23,-3.40,3.92,0.009,0.555
2023-02-24,-3.89,1.04,-0.035,0.518
2023-02-25,-2.51,0.77,0.021,0.559
2023-02-26,-0.66,1.71,0.064,0.430
2023-02-27,0.98,3.92,0.034,0.289
2023-02-28,2.67,5.02,0.041,0.356
2023-03-01,2.65,2.22,0.047,0.364
2023-03-02,-1.44,5.04,0.038,0.403
2023-03-03,-1.60,7.52,0.033,0.462
2023-03-04,-0.39,5.60,0.085,0.471
2023-03-05,0.38,2.73,0.011,0.280
2023-03-06,0.53,1.73,0.004,0.262
2023-03-07,3.03,0.87,0.047,0.348
2023-03-08,-0.95,-3.54,-0.027,0.281
2023-03-09,-5.82,-3.64,-0.184,0.192
2023-03-10,-3.77,1.84,-0.034,0.398
2023-03-11,5.74,3.73,0.121,0.472
2023-03-12,-2.37,2.82,-0.005,0.473
2023-03-13,4.35,5.38,0.179,0.418
2023-03-14,4.94,-2.63,0.009,0.146
2023-03-15,-4.08,-6.52,-0.143,0.228
2023-03-16,-6.01,-3.61,-0.128,0.228
2023-03-17,-4.59,4.13,-0.016,0.451
2023-03-18,-1.20,6.81,0.062,0.539
2023-03-19,1.38,4.24,0.032,0.401
2023-03-20,-3.67,-8.64,-0.171,0.260
2023-03-21,-4.31,-5.13,-0.085,0.362
2023-03-22,-6.61,-1.28,-0.108,0.372
2023-03-23,-6.59,-0.69,-0.081,0.556
2023-03-24,-4.39,2.33,-0.011,0.624
2023-03-25,-3.27,5.03,0.045,0.705
2023-03-26,-2.91,4.00,0.012,0.648
2023-03-27,-3.20,4.93,0.009,0.668
2023-03-28,-1.27,3.69,0.054,0.603
2023-03-29,2.60,-1.82,0.042,0.431
2023-03-30,-4.88,-3.17,-0.141,0.291
2023-03-31,-8.63,-0.00,-0.166,0.379
2023-04-01,-4.57,3.97,0.010,0.573
2023-04-02,2.18,2.51,0.144,0.547
2023-04-03,-1.88,2.32,-0.002,0.475
2023-04-04,-4.84,2.80,0.013,0.395
2023-04-05,-6.94,1.35,-0.087,0.262
2023-04-06,-7.48,0.26,-0.132,0.172
2023-04-07,-6.67,-0.00,-0.125,0.103
2023-04-08,-5.41,0.76,-0.122,0.230
2023-04-09,4.25,1.89,-0.005,0.439
2023-04-10,-2.10,-6.47,-0.103,0.311
2023-04-11,-10.20,-3.92,-0.271,0.361
2023-04-12,-10.77,0.19,-0.206,0.446
2023-04-13,-3.19,4.56,0.046,0.410
2023-04-14,-1.11,3.87,0.070,0.423
2023-04-15,-2.19,2.52,0.059,0.503
2023-04-16,-2.62,2.91,0.050,0.508
2023-04-17,1.50,4.92,0.129,0.415
2023-04-18,-0.98,-6.98,-0.077,0.093
2023-04-19,-3.36,-3.73,-0.097,0.307
2023-04-20,-4.94,-2.30,-0.089,0.462
2023-04-21,-3.15,-1.02,-0.033,0.452
2023-04-22,-2.92,2.28,0.008,0.373
2023-04-23,-2.83,1.77,-0.021,0.315
2023-04-24,-2.92,2.04,0.008,0.414
2023-04-25,-2.28,4.11,0.020,0.414
2023-04-26,0.73,3.76,0.037,0.347
2023-04-27,-3.54,2.22,0.006,0.395
2023-04-28,-0.55,5.19,0.106,0.481
2023-04-29,0.50,5.68,0.132,0.520
2023-04-30,4.84,8.73,0.281,0.489
2023-05-01,6.58,-2.01,0.094,0.112
2023-05-02,4.20,3.40,0.135,0.275
2023-05-03,5.60,0.79,0.113,0.258
2023-05-04,4.21,-1.62,0.050,0.309
2023-05-05,-1.87,-1.51,-0.015,0.405
2023-05-06,-3.46,-3.01,-0.085,0.321
2023-05-07,-9.19,-2.64,-0.215,0.285
2023-05-08,-5.22,-0.64,-0.002,0.319
2023-05-09,-3.98,-0.14,-0.007,0.135
2023-05-10,-2.79,-0.59,-0.075,-0.040
2023-05-11,-4.51,-0.39,-0.088,0.113
2023-05-12,-7.42,-0.39,-0.117,0.269
2023-05-13,-7.09,-0.62,-0.104,0.229
2023-05-14,-5.39,-1.24,-0.084,0.151
2023-05-15,-2.90,-2.61,-0.068,0.144
2023-05-16,-1.23,-2.63,-0.024,0.264
2023-05-17,3.34,2.25,0.068,0.330
2023-05-18,1.09,3.82,0.102,0.358
2023-05-19,-2.58,2.24,0.039,0.283
2023-05-20,-3.23,0.99,-0.053,0.216
2023-05-21,-3.39,-1.44,-0.074,0.307
2023-05-22,-2.61,-1.57,0.027,0.464
2023-05-23,-2.14,-0.78,-0.021,0.173
2023-05-24,-2.07,2.30,-0.046,0.368
2023-05-25,3.01,1.88,0.118,0.629
2023-05-26,2.35,1.14,0.018,0.569
2023-05-27,-0.04,-2.33,0.034,0.370
2023-05-28,-0.43,3.08,0.085,0.237
2023-05-29,3.90,1.27,0.095,0.087
2023-05-30,-2.15,-2.56,-0.039,0.182
2023-05-31,-1.57,3.53,0.051,0.521
2023-06-01,1.82,1.82,0.083,0.598
2023-06-02,3.61,0.90,0.109,0.661
2023-06-03,1.92,0.98,0.112,0.396
2023-06-04,-1.00,2.36,0.058,0.183
2023-06-05,2.23,-4.37,0.003,0.066
2023-06-06,-2.61,-1.97,-0.043,0.090
2023-06-07,-0.53,5.05,0.032,0.061
2023-06-08,4.60,5.11,0.152,0.146
2023-06-09,3.75,4.32,0.134,0.264
2023-06-10,2.90,2.52,0.057,0.227
2023-06-11,1.53,4.00,0.064,0.251
2023-06-12,2.69,5.52,0.102,0.429
2023-06-13,1.92,4.99,0.082,0.671
2023-06-14,0.66,4.68,0.056,0.719
2023-06-15,0.61,3.49,0.063,0.677
2023-06-16,2.56,5.48,0.130,0.642
2023-06-17,4.93,2.30,0.114,0.438
2023-06-18,5.02,4.52,0.169,0.423
2023-06-19,4.69,3.79,0.113,0.343
2023-06-20,1.39,4.28,0.082,0.421
2023-06-21,-1.78,3.22,0.017,0.440
2023-06-22,-1.23,4.29,0.039,0.509
2023-06-23,-2.12,2.62,0.017,0.435
2023-06-24,-2.20,2.82,0.021,0.376
2023-06-25,-0.77,2.25,0.015,0.421
2023-06-26,-1.39,2.99,0.049,0.549
2023-06-27,-0.59,3.70,0.048,0.566
2023-06-28,1.64,2.96,0.067,0.541
2023-06-29,0.71,2.66,0.037,0.536
2023-06-30,-1.08,2.02,0.020,0.641
2023-07-01,-2.34,0.25,-0.014,0.671
2023-07-02,-1.87,0.40,-0.019,0.671
2023-07-03,-1.74,-0.00,-0.001,0.647
2023-07-04,-2.40,-0.29,0.001,0.541
2023-07-05,-1.73,1.79,0.009,0.528
2023-07-06,-1.52,2.86,0.045,0.550
2023-07-07,3.03,3.25,0.108,0.376
2023-07-08,4.02,2.14,0.062,0.437
2023-07-09,2.82,1.63,0.076,0.595
2023-07-10,1.85,3.33,0.141,0.525
2023-07-11,0.26,2.97,-0.006,0.101
2023-07-12,-2.35,1.65,0.026,0.223
2023-07-13,-2.79,1.30,0.006,0.490
2023-07-14,-2.69,0.72,-0.019,0.458
2023-07-15,-0.48,3.39,-0.017,0.807
2023-07-16,-0.11,3.09,0.029,1.112
2023-07-17,0.92,3.19,0.077,1.154
2023-07-18,-2.97,1.20,0.027,1.149
2023-07-19,-3.22,3.00,0.002,0.766
2023-07-20,-3.14,1.74,-0.027,0.603
2023-07-21,0.62,2.90,0.071,0.676
2023-07-22,3.08,0.65,0.055,0.645
2023-07-23,3.37,2.45,0.152,0.535
2023-07-24,-2.29,1.99,0.024,0.333
2023-07-25,-3.85,-1.63,-0.050,0.423
2023-07-26,-4.78,-2.23,-0.076,0.641
2023-07-27,-4.05,1.24,-0.036,0.648
2023-07-28,-5.00,3.37,-0.038,0.697
2023-07-29,-3.16,1.75,0.023,0.612
2023-07-30,-2.09,2.41,0.027,0.490
2023-07-31,0.62,3.17,0.063,0.542
2023-08-01,0.14,2.71,0.032,0.641
2023-08-02,2.15,-0.62,-0.035,0.472
2023-08-03,-2.26,-0.48,-0.042,0.442
2023-08-04,-1.34,2.53,0.041,0.496
2023-08-05,0.83,3.90,0.058,0.486
2023-08-06,0.07,3.98,0.079,0.478
2023-08-07,-2.00,2.76,0.044,0.529
2023-08-08,-1.41,3.33,0.057,0.602
2023-08-09,1.41,2.55,0.053,0.677
2023-08-10,-0.58,2.97,0.054,0.774
2023-08-11,-2.75,0.14,0.023,0.640
2023-08-12,-3.77,4.19,0.018,0.632
2023-08-13,-0.56,6.35,0.080,0.626
2023-08-14,-4.01,2.51,0.006,0.485
2023-08-15,-3.18,2.31,-0.023,0.409
2023-08-16,-0.11,6.17,0.053,0.614
2023-08-17,0.11,6.02,0.076,0.682
2023-08-18,-3.43,0.79,-0.025,0.555
2023-08-19,-5.56,2.48,-0.064,0.536
2023-08-20,-7.05,3.14,-0.091,0.571
2023-08-21,-8.47,-1.34,-0.169,0.500
2023-08-22,-7.21,-3.67,-0.156,0.359
2023-08-23,-4.70,-3.17,-0.093,0.286
2023-08-24,-3.73,-2.71,-0.053,0.330
2023-08-25,-2.94,-3.91,-0.068,0.332
2023-08-26,-1.45,-4.47,-0.049,0.298
2023-08-27,-1.62,2.23,0.020,0.421
2023-08-28,0.25,3.61,0.069,0.538
2023-08-29,-0.65,6.21,0.059,0.699
2023-08-30,2.09,9.82,0.149,0.894
2023-08-31,5.40,4.70,0.146,0.739
2023-09-01,1.61,-2.67,0.008,0.559
2023-09-02,-4.82,-3.90,-0.141,0.468
2023-09-03,-6.10,-4.77,-0.155,0.437
2023-09-04,-5.98,-1.05,-0.103,0.545
2023-09-05,-4.66,-0.00,-0.055,0.605
2023-09-06,-2.99,-1.39,-0.014,0.579
2023-09-07,-2.58,-0.27,-0.017,0.462
2023-09-08,-2.72,0.53,-0.008,0.425
2023-09-09,-2.88,0.99,-0.019,0.486
2023-09-10,-0.60,2.60,0.059,0.537
2023-09-11,-3.07,0.27,-0.040,0.451
2023-09-12,-3.44,-2.32,-0.090,0.495
2023-09-13,-1.39,-4.29,-0.044,0.539
2023-09-14,0.00,-4.08,-0.013,0.535
2023-09-15,0.80,-1.79,0.024,0.623
2023-09-16,0.16,1.82,0.040,0.660
2023-09-17,-0.53,3.80,0.045,0.681
2023-09-18,2.23,2.23,0.079,0.581
2023-09-19,-1.92,1.79,-0.016,0.529
2023-09-20,-4.90,0.69,-0.075,0.511
2023-09-21,0.40,2.83,0.033,0.468
2023-09-22,2.07,-2.07,0.046,0.267
2023-09-23,-3.25,-0.99,-0.026,0.118
2023-09-24,-3.13,0.05,-0.033,0.106
2023-09-25,-3.17,2.22,-0.029,0.360
2023-09-26,-4.30,2.01,-0.025,0.605
2023-09-27,-2.64,3.04,0.001,0.643
2023-09-28,1.91,2.84,0.053,0.496
2023-09-29,-3.16,1.28,-0.020,0.427
2023-09-30,-4.08,-0.87,-0.069,0.357
2023-10-01,-3.34,-3.22,-0.063,0.218
2023-10-02,-6.88,-4.14,-0.214,0.121
2023-10-03,-6.95,-4.01,-0.176,0.124
2023-10-04,-5.13,-3.08,-0.111,0.176
2023-10-05,-3.70,-1.06,-0.043,0.338
2023-10-06,-1.08,-1.39,0.021,0.482
2023-10-07,1.47,0.65,0.041,0.505
2023-10-08,3.72,2.41,0.062,0.549
2023-10-09,0.68,-2.55,-0.026,0.522
2023-10-10,2.60,1.69,0.052,0.522
2023-10-11,0.06,3.62,0.058,0.403
2023-10-12,2.04,8.17,0.137,0.517
2023-10-13,4.90,5.26,0.132,0.421
2023-10-14,6.69,1.79,0.144,0.291
2023-10-15,6.09,-0.21,0.086,0.359
2023-10-16,7.59,-3.70,0.108,0.513
2023-10-17,3.33,-6.01,0.034,0.438
2023-10-18,-3.08,-5.13,-0.074,0.301
2023-10-19,-5.07,-3.42,-0.088,0.154
2023-10-20,-1.94,-2.57,0.015,0.251
2023-10-21,2.97,-1.85,0.041,0.378
2023-10-22,1.00,1.87,0.007,0.547
2023-10-23,-2.59,-1.95,-0.013,0.693
2023-10-24,-7.46,-3.97,-0.122,0.646
2023-10-25,-9.40,-4.19,-0.174,0.345
2023-10-26,-9.09,-3.86,-0.186,0.122
2023-10-27,-8.28,-3.86,-0.141,0.157
2023-10-28,-8.24,-4.20,-0.174,0.102
2023-10-29,-8.00,-3.90,-0.167,0.317
2023-10-30,-4.64,-4.03,0.003,0.697
2023-10-31,-0.15,-4.42,0.018,0.438
2023-11-01,-0.98,-6.99,-0.028,0.108
2023-11-02,-8.28,-9.52,-0.240,-0.144
2023-11-03,-8.86,-6.68,-0.194,-0.197
2023-11-04,-4.82,-5.75,-0.048,-0.194
2023-11-05,-2.27,-5.61,-0.019,-0.305
2023-11-06,-1.89,-7.06,-0.084,-0.211
2023-11-07,-3.82,-4.40,-0.014,0.189
2023-11-08,-4.82,-2.67,-0.022,0.425
2023-11-09,-5.93,0.83,-0.059,0.250
2023-11-10,-4.79,2.54,-0.054,-0.041
2023-11-11,-4.84,2.16,-0.114,-0.172
2023-11-12,-5.23,0.64,-0.090,0.549
2023-11-13,-4.51,-1.91,-0.048,0.546
2023-11-14,-6.45,-0.45,-0.050,0.610
2023-11-15,-12.41,0.43,-0.211,0.381
2023-11-16,-9.54,5.07,-0.096,0.138
2023-11-17,4.99,3.00,0.104,-0.050
2023-11-18,6.82,-1.70,0.018,0.272
2023-11-19,1.24,-7.01,0.046,0.365
2023-11-20,-5.48,-1.26,-0.042,0.346
2023-11-21,-8.13,0.57,-0.120,0.185
2023-11-22,-2.97,4.76,-0.011,0.087
2023-11-23,2.68,0.87,0.001,0.045
2023-11-24,-2.34,-0.29,-0.014,0.300
2023-11-25,-2.76,-0.19,-0.031,0.370
2023-11-26,-4.78,2.65,-0.051,0.458
2023-11-27,5.10,-3.57,0.068,0.299
2023-11-28,-1.50,-6.02,-0.046,0.214
2023-11-29,-3.74,-5.15,-0.085,0.197
2023-11-30,-5.56,-2.02,-0.058,0.255
2023-12-01,-5.71,1.32,-0.036,0.360
2023-12-02,-4.19,3.04,-0.000,0.392
2023-12-03,-1.17,4.09,0.082,0.427
2023-12-04,1.82,2.69,0.122,0.194
2023-12-05,1.09,-1.39,-0.044,-0.077
2023-12-06,3.45,-7.08,-0.001,-0.099
2023-12-07,-4.97,-6.14,-0.147,0.092
2023-12-08,-5.99,1.27,-0.082,0.385
2023-12-09,-6.80,2.61,-0.076,0.491
2023-12-10,-5.71,4.15,-0.031,0.468
2023-12-11,5.08,-5.45,0.053,0.251
2023-12-12,-5.95,-7.35,-0.168,0.204
2023-12-13,-9.56,-7.47,-0.235,0.200
2023-12-14,-11.41,-8.29,-0.300,0.190
2023-12-15,-12.97,-6.05,-0.309,0.149
2023-12-16,-13.06,1.14,-0.249,0.164
2023-12-17,0.25,14.23,0.118,0.483
2023-12-18,8.01,-4.08,0.143,0.214
2023-12-19,0.89,-7.23,-0.066,0.048
2023-12-20,-7.91,-7.37,-0.190,0.123
2023-12-21,-8.45,-5.70,-0.167,0.084
2023-12-22,-7.01,-4.73,-0.114,0.118
2023-12-23,-7.34,-3.11,-0.116,0.233
2023-12-24,-8.50,-1.65,-0.140,0.257
2023-12-25,-6.98,3.11,-0.086,0.380
2023-12-26,-3.39,7.27,0.047,0.639
2023-12-27,3.27,-2.47,0.083,0.507
2023-12-28,-1.33,-3.85,-0.024,0.396
2023-12-29,4.69,-3.29,0.085,0.367
2023-12-30,5.38,-2.74,0.108,0.374
2023-12-31,4.03,-3.04,0.082,0.324
2024-01-01,-1.70,-0.98,0.020,0.339
2024-01-02,4.18,-3.90,0.047,0.199
2024-01-03,-4.97,-0.00,-0.046,0.358
2024-01-04,4.46,3.36,0.114,0.487
2024-01-05,-6.88,-2.92,-0.126,0.404
2024-01-06,-4.39,7.92,-0.008,0.633
2024-01-07,6.59,3.96,0.125,0.536
2024-01-08,-6.75,-4.22,-0.137,0.357
2024-01-09,-7.17,7.97,-0.062,0.536
2024-01-10,5.31,4.30,0.105,0.492
2024-01-11,-3.72,-1.58,-0.041,0.578
2024-01-12,-4.74,3.98,-0.028,0.707
2024-01-13,3.29,7.39,0.183,0.720
2024-01-14,-5.45,-4.58,-0.158,0.404
2024-01-15,-6.84,1.45,-0.081,0.484
2024-01-16,-0.77,6.26,0.079,0.574
2024-01-17,2.66,-6.93,0.021,0.384
2024-01-18,-5.50,-2.33,-0.115,0.351
2024-01-19,3.05,0.70,0.033,0.289
2024-01-20,-2.30,-6.32,-0.080,0.259
2024-01-21,-4.87,-8.78,-0.153,0.271
2024-01-22,-10.00,-2.12,-0.187,0.416
2024-01-23,-9.76,1.90,-0.115,0.438
2024-01-24,-8.47,1.19,-0.107,0.334
2024-01-25,-6.34,2.43,-0.094,0.381
2024-01-26,-4.98,1.62,-0.024,0.590
2024-01-27,-4.91,3.84,-0.007,0.627
2024-01-28,1.13,6.38,0.090,0.580
2024-01-29,7.26,-7.01,0.134,0.359
2024-01-30,0.77,-4.87,0.010,0.344
2024-01-31,5.45,-2.78,0.104,0.376
2024-02-01,0.38,-7.24,-0.015,0.240
2024-02-02,-3.24,0.06,0.006,0.316
2024-02-03,-0.33,4.72,0.053,0.382
2024-02-04,-4.58,6.55,-0.013,0.406
2024-02-05,4.35,-1.94,0.036,0.299
2024-02-06,7.83,-6.34,0.133,0.180
2024-02-07,0.45,-12.80,-0.116,-0.148
2024-02-08,-6.04,-4.89,-0.137,0.258
2024-02-09,-6.15,0.11,-0.035,0.470
2024-02-10,-4.84,2.16,-0.017,0.565
2024-02-11,-4.48,5.53,-0.054,0.920
2024-02-12,-2.91,7.20,0.047,1.207
2024-02-13,5.37,3.62,0.187,0.828
2024-02-14,-3.50,-3.27,-0.024,0.574
2024-02-15,-5.46,-1.16,-0.043,0.391
2024-02-16,-2.93,2.73,-0.014,0.295
2024-02-17,0.09,4.90,0.002,0.468
2024-02-18,2.10,4.72,0.093,0.646
2024-02-19,7.55,-4.54,0.173,0.579
2024-02-20,3.40,-7.65,0.030,0.336
2024-02-21,1.66,-7.80,-0.006,0.148
2024-02-22,-2.49,-4.88,-0.068,0.357
2024-02-23,1.16,5.95,0.122,0.777
2024-02-24,8.54,-0.15,0.191,0.833
2024-02-25,3.02,-5.24,0.050,0.608
2024-02-26,-2.95,-1.07,-0.006,0.623
2024-02-27,-4.51,0.96,-0.004,0.636
2024-02-28,-5.34,2.96,0.019,0.768
2024-02-29,-3.85,1.03,0.053,0.642
2024-03-01,-6.93,1.47,-0.087,0.562
2024-03-02,-4.85,3.79,0.072,0.634
2024-03-03,-3.43,2.78,0.075,0.281
2024-03-04,-3.42,-0.73,-0.003,0.135
2024-03-05,-3.43,0.86,-0.047,0.203
2024-03-06,-1.96,6.84,0.023,0.658
2024-03-07,1.37,5.11,0.114,0.616
2024-03-08,-0.31,3.51,0.112,0.602
2024-03-09,-2.83,6.37,0.077,0.487
2024-03-10,4.02,5.33,0.148,0.170
2024-03-11,-3.60,-5.99,-0.134,0.079
2024-03-12,-4.78,-0.67,-0.034,0.203
2024-03-13,-3.41,1.18,-0.070,0.240
2024-03-14,-4.53,0.80,-0.055,0.421
2024-03-15,-5.91,2.27,-0.096,0.534
2024-03-16,-2.52,3.60,0.015,0.741
2024-03-17,-0.84,6.00,0.117,1.052
2024-03-18,1.86,6.09,0.256,0.874
2024-03-19,2.59,-7.97,0.107,0.077
2024-03-20,-4.00,-2.60,-0.079,0.028
2024-03-21,-5.27,1.02,-0.032,0.248
2024-03-22,-7.60,4.75,-0.083,0.500
2024-03-23,1.11,9.03,0.143,0.698
2024-03-24,5.14,-5.51,0.098,0.330
2024-03-25,-8.49,-2.60,-0.171,0.179
2024-03-26,-6.24,3.60,-0.024,0.294
2024-03-27,-4.22,4.22,0.033,0.356
2024-03-28,1.47,8.31,0.162,0.326
2024-03-29,-3.23,-8.86,-0.097,-0.168
2024-03-30,-5.09,-0.36,-0.024,-0.130
2024-03-31,-3.56,2.49,-0.013,-0.166
2024-04-01,-3.74,3.49,0.049,0.074
2024-04-02,-2.58,4.86,0.010,0.148
2024-04-03,0.53,7.53,0.050,0.608
2024-04-04,6.38,4.47,0.147,0.664
2024-04-05,4.17,-4.03,0.118,0.558
2024-04-06,4.72,-2.00,0.140,0.159
2024-04-07,-4.28,-1.90,-0.045,-0.118
2024-04-08,-6.80,-2.61,-0.155,-0.134
2024-04-09,-8.33,2.23,-0.132,0.270
2024-04-10,-6.81,4.59,-0.054,0.398
2024-04-11,-3.15,8.21,0.049,0.590
2024-04-12,6.67,-1.79,0.075,0.361
2024-04-13,-1.26,-5.95,-0.046,0.195
2024-04-14,-5.26,-3.55,-0.119,0.149
2024-04-15,-5.21,-1.40,-0.082,0.081
2024-04-16,-6.46,-0.68,-0.116,0.105
2024-04-17,-7.11,-0.37,-0.142,0.174
2024-04-18,-4.48,1.12,-0.067,0.355
2024-04-19,-3.09,1.00,0.015,0.444
2024-04-20,-2.39,2.75,0.048,0.423
2024-04-21,-1.89,5.20,0.085,0.453
2024-04-22,4.27,2.99,0.119,0.306
2024-04-23,-5.22,-6.92,-0.195,0.050
2024-04-24,-4.99,-1.91,-0.095,0.180
2024-04-25,-4.17,-1.27,-0.054,0.287
2024-04-26,-5.61,-1.93,-0.080,0.319
2024-04-27,-9.65,-1.36,-0.174,0.360
2024-04-28,-10.19,-0.36,-0.164,0.326
2024-04-29,-8.41,1.03,-0.097,0.270
2024-04-30,-6.69,3.71,-0.049,0.230
2024-05-01,-4.40,1.69,-0.019,0.113
2024-05-02,-5.37,0.19,-0.090,0.086
2024-05-03,-6.02,-0.63,-0.136,0.176
2024-05-04,-6.80,0.96,-0.120,0.370
2024-05-05,-7.17,1.79,-0.073,0.477
2024-05-06,-6.76,1.44,-0.075,0.496
2024-05-07,-4.93,1.99,0.001,0.460
2024-05-08,-4.35,2.41,-0.041,0.299
2024-05-09,-3.39,4.19,-0.001,0.299
2024-05-10,-0.00,5.93,0.127,0.445
2024-05-11,4.38,5.41,0.206,0.331
2024-05-12,2.35,-6.47,0.035,0.106
2024-05-13,-5.78,0.81,-0.119,0.135
2024-05-14,-3.78,6.82,0.073,0.366
2024-05-15,-0.13,7.31,0.121,0.371
2024-05-16,2.99,4.78,0.080,0.311
2024-05-17,3.05,1.62,0.026,0.424
2024-05-18,0.38,4.37,0.110,0.555
2024-05-19,2.28,5.12,0.113,0.564
2024-05-20,3.73,4.94,0.154,0.639
2024-05-21,0.75,-3.25,0.046,0.374
2024-05-22,-2.32,-1.51,-0.018,0.132
2024-05-23,-3.45,-1.47,-0.091,0.015
2024-05-24,-2.26,-1.31,-0.003,0.052
2024-05-25,-1.04,2.22,0.019,0.225
2024-05-26,1.39,3.44,0.064,0.638
2024-05-27,0.37,3.55,0.126,0.750
2024-05-28,-0.44,3.61,0.202,0.448
2024-05-29,1.16,2.27,0.071,0.103
2024-05-30,-1.21,-2.59,0.017,0.055
2024-05-31,-5.32,-3.86,-0.152,-0.184
2024-06-01,-7.70,-4.27,-0.289,-0.312
2024-06-02,-7.41,0.52,-0.139,0.547
2024-06-03,-5.70,-0.90,-0.061,0.567
2024-06-04,-3.32,-1.41,-0.036,0.470
2024-06-05,-3.97,1.85,,
2024-06-06,-2.62,2.62,,
2024-06-07,1.41,3.49,,
2024-06-08,2.56,3.79,,
2024-06-09,0.91,4.67,0.098,0.438
2024-06-10,2.31,5.45,0.225,0.359
2024-06-11,0.63,7.19,0.066,0.087
2024-06-12,-0.85,8.05,0.053,0.166
2024-06-13,0.73,6.93,0.112,0.120
2024-06-14,1.68,6.72,0.041,0.302
2024-06-15,4.04,0.28,0.045,0.517
2024-06-16,-3.12,-1.59,-0.059,0.437
2024-06-17,-7.50,-1.59,-0.175,0.486
2024-06-18,-7.67,-0.81,-0.147,0.585
2024-06-19,-8.61,-0.00,-0.139,0.648
2024-06-20,-6.89,-1.85,-0.091,0.497
2024-06-21,-4.88,0.86,-0.044,0.297
2024-06-22,-5.47,1.88,-0.061,0.252
2024-06-23,-4.27,0.91,-0.053,0.360
2024-06-24,-3.54,4.22,-0.012,0.508
2024-06-25,2.86,3.66,0.057,0.561
2024-06-26,4.59,2.34,0.039,0.499
2024-06-27,3.79,2.28,0.117,0.556
2024-06-28,0.37,2.66,0.050,0.683
2024-06-29,-4.82,0.17,-0.052,0.619
2024-06-30,-3.99,-0.56,-0.024,0.492
2024-07-01,-3.63,2.36,0.024,0.403
2024-07-02,-3.04,3.04,0.043,0.197
2024-07-03,-6.16,0.98,-0.120,0.037
2024-07-04,-5.11,-0.09,-0.079,0.115
2024-07-05,-1.78,-1.66,-0.013,0.071
2024-07-06,-0.67,-1.66,-0.055,0.124
2024-07-07,-1.59,3.42,0.029,0.409
2024-07-08,0.31,4.42,0.080,0.597
2024-07-09,-2.65,2.56,0.016,0.657
2024-07-10,-1.62,2.40,0.020,0.564
2024-07-11,-1.43,3.07,0.048,0.707
2024-07-12,0.63,2.97,0.088,0.373
2024-07-13,-3.79,1.09,-0.018,0.308
2024-07-14,-6.29,-0.33,-0.105,0.249
2024-07-15,-4.71,1.09,-0.054,0.523
2024-07-16,-4.48,1.72,0.019,0.803
2024-07-17,-4.99,0.61,-0.021,0.621
2024-07-18,-4.84,2.36,-0.043,0.342
2024-07-19,-4.05,2.94,-0.043,0.124
2024-07-20,-5.14,2.51,-0.079,0.302
2024-07-21,-5.53,1.90,-0.088,0.657
2024-07-22,-1.93,3.33,0.019,0.718
2024-07-23,-4.86,1.67,-0.060,0.797
2024-07-24,-6.68,2.70,-0.072,0.726
2024-07-25,-6.38,1.24,-0.080,0.525
2024-07-26,-3.45,1.76,-0.026,0.281
2024-07-27,-2.24,2.58,-0.014,0.337
2024-07-28,1.01,2.27,0.047,0.311
2024-07-29,1.47,-0.03,0.040,0.214
2024-07-30,-1.45,1.85,-0.011,0.373
2024-07-31,-4.33,2.21,-0.012,0.468
2024-08-01,-5.30,0.18,-0.102,0.351
2024-08-02,-7.38,0.39,-0.140,0.545
2024-08-03,-8.08,5.24,-0.112,0.725
2024-08-04,-4.36,8.55,-0.011,0.855
2024-08-05,-1.05,8.55,0.091,0.931
2024-08-06,3.06,6.87,0.153,0.839
2024-08-07,5.07,4.41,0.158,0.772
2024-08-08,3.83,5.27,0.203,0.835
2024-08-09,2.42,5.19,0.156,0.768
2024-08-10,0.44,2.52,0.067,0.624
2024-08-11,-3.58,1.45,-0.048,0.546
2024-08-12,-3.92,0.98,0.000,0.402
2024-08-13,-3.73,1.51,-0.088,0.246
2024-08-14,-1.10,2.87,-0.009,0.604
2024-08-15,2.19,-1.48,0.007,0.573
2024-08-16,-3.60,-2.62,-0.070,0.436
2024-08-17,-4.72,-1.00,-0.071,0.271
2024-08-18,-3.17,0.33,0.008,0.191
2024-08-19,1.12,4.83,0.091,0.240
2024-08-20,3.76,5.18,0.179,0.310
2024-08-21,2.55,4.25,0.138,0.380
2024-08-22,-1.98,2.54,0.035,0.320
2024-08-23,-6.08,-0.75,-0.096,0.251
2024-08-24,-4.88,1.04,-0.048,0.293
2024-08-25,-4.25,0.83,-0.067,0.389
2024-08-26,-5.70,0.70,-0.091,0.506
2024-08-27,-6.31,0.33,-0.101,0.506
2024-08-28,-5.24,1.60,-0.061,0.635
2024-08-29,-5.41,-0.28,-0.061,0.629
2024-08-30,-6.53,-0.00,-0.075,0.655
2024-08-31,-4.21,4.21,0.032,0.624
2024-09-01,-3.57,5.94,0.014,0.385
2024-09-02,-2.49,4.88,0.021,0.234
2024-09-03,-3.26,2.37,-0.004,0.217
2024-09-04,-5.26,2.12,-0.071,0.314
2024-09-05,-5.84,1.79,-0.068,0.402
2024-09-06,-4.53,1.39,-0.054,0.487
2024-09-07,-3.02,3.48,-0.005,0.634
2024-09-08,-3.84,3.22,-0.014,0.781
2024-09-09,-2.47,3.05,0.026,0.948
2024-09-10,-2.95,1.19,0.008,0.785
2024-09-11,-2.60,2.11,0.013,0.598
2024-09-12,-1.18,3.23,0.060,0.498
2024-09-13,-0.40,3.23,0.067,0.473
2024-09-14,1.57,1.87,0.050,0.487
2024-09-15,2.54,1.24,0.075,0.382
2024-09-16,2.29,1.99,0.085,0.336
2024-09-17,0.87,2.67,0.021,0.354
2024-09-18,-1.24,2.55,0.027,0.490
2024-09-19,-0.15,2.10,0.048,0.543
2024-09-20,2.31,-0.84,0.063,0.382
2024-09-21,-1.48,-2.19,-0.001,0.138
2024-09-22,-0.47,-1.87,-0.009,0.076
2024-09-23,-3.05,-0.27,-0.034,0.123
2024-09-24,-5.95,1.48,-0.083,0.248
2024-09-25,-6.52,4.23,-0.097,0.377
2024-09-26,-6.34,10.14,-0.035,0.612
2024-09-27,2.58,11.17,0.157,0.763
2024-09-28,0.46,6.53,0.074,0.689
2024-09-29,-1.99,3.32,0.027,0.516
2024-09-30,-3.73,2.24,0.000,0.266
2024-10-01,-2.06,2.06,0.051,0.295
2024-10-02,-1.60,0.74,0.006,0.198
2024-10-03,-2.70,-0.05,-0.047,0.212
2024-10-04,-4.68,-0.74,-0.094,0.391
2024-10-05,-4.78,0.33,-0.063,0.714
2024-10-06,-4.53,1.39,-0.010,0.666
2024-10-07,-0.55,7.89,0.098,0.608
2024-10-08,7.50,2.44,0.231,0.200
2024-10-09,-2.10,6.87,0.010,0.218
2024-10-10,10.82,7.30,0.278,0.517
2024-10-11,-3.53,-7.24,-0.085,0.168
2024-10-12,-6.94,-1.73,-0.146,0.131
2024-10-13,-4.48,1.81,-0.010,0.199
2024-10-14,-1.33,-3.00,0.028,0.234
2024-10-15,-1.67,-1.35,0.031,0.212
2024-10-16,-1.43,-3.53,0.021,0.116
2024-10-17,-5.00,-9.82,-0.188,-0.336
2024-10-18,-9.82,-7.40,-0.325,-0.292
2024-10-19,-10.23,-6.15,-0.249,0.238
2024-10-20,-6.97,-6.06,-0.148,0.284
2024-10-21,-6.17,-5.96,-0.139,0.290
2024-10-22,-6.80,-6.56,-0.137,0.276
2024-10-23,-3.73,-6.45,-0.104,0.139
2024-10-24,-3.55,-2.98,-0.028,0.273
2024-10-25,-5.25,-2.45,-0.077,0.338
2024-10-26,-5.72,-2.67,-0.104,0.335
2024-10-27,-7.04,-4.07,-0.139,0.363
2024-10-28,-7.58,-3.06,-0.113,0.371
2024-10-29,-8.76,-2.51,-0.158,0.370
2024-10-30,-10.27,-1.81,-0.193,0.477
2024-10-31,-10.07,-1.78,-0.153,0.519
2024-11-01,-8.26,-1.60,-0.105,0.485
2024-11-02,-7.60,-1.89,-0.104,0.473
2024-11-03,-8.26,-3.01,-0.124,0.433
2024-11-04,-9.34,-2.86,-0.157,0.166
2024-11-05,-10.88,-0.57,-0.215,-0.058
2024-11-06,-8.91,2.90,-0.136,0.118
2024-11-07,-9.01,2.58,-0.135,0.137
2024-11-08,-7.05,0.99,-0.134,0.023
2024-11-09,-6.97,-2.00,-0.188,0.204
2024-11-10,-8.76,-0.77,-0.184,0.398
2024-11-11,-3.02,-1.16,-0.026,0.293
2024-11-12,-3.86,-2.61,-0.070,0.309
2024-11-13,-7.84,-4.71,-0.194,0.175
2024-11-14,-7.74,-0.68,-0.143,0.248
2024-11-15,-1.63,-1.94,0.018,0.345
2024-11-16,-4.07,-6.27,-0.071,0.240
2024-11-17,-5.91,-2.51,-0.085,0.200
2024-11-18,-5.69,-0.00,-0.052,0.177
2024-11-19,-3.93,3.54,0.021,0.235
2024-11-20,-1.18,6.07,0.092,0.395
2024-11-21,5.90,-3.98,0.116,0.232
2024-11-22,5.37,-7.96,0.094,0.068
2024-11-23,4.46,-5.13,0.101,0.058
2024-11-24,-3.14,-2.12,0.006,0.158
2024-11-25,-3.26,-2.83,-0.006,0.152
2024-11-26,-2.88,-1.10,-0.009,0.213
2024-11-27,-3.20,-2.50,-0.057,0.165
2024-11-28,-2.65,-0.61,-0.002,0.179
2024-11-29,-2.06,0.40,0.082,0.059
2024-11-30,-2.07,-4.06,-0.026,-0.019
2024-12-01,-3.08,-4.57,-0.050,0.020
2024-12-02,-1.74,-8.94,-0.086,-0.115
2024-12-03,-1.79,-8.42,-0.064,-0.047
2024-12-04,-3.81,-6.87,-0.089,-0.172
2024-12-05,-2.61,-0.60,-0.014,-0.026
2024-12-06,-2.04,0.82,-0.061,0.070
2024-12-07,-3.30,-5.96,-0.080,0.264
2024-12-08,-5.87,-2.86,-0.064,0.213
2024-12-09,-5.66,1.10,0.015,0.307
2024-12-10,-4.27,1.47,0.000,0.376
2024-12-11,-2.29,5.39,0.075,0.475
2024-12-12,-2.75,-10.26,-0.040,0.038
2024-12-13,-7.19,-8.27,-0.183,-0.139
2024-12-14,-8.07,-6.08,-0.205,-0.199
2024-12-15,-9.43,-5.45,-0.205,-0.061
2024-12-16,-7.59,-4.74,-0.141,-0.017
2024-12-17,-7.42,-1.17,-0.102,-0.041
2024-12-18,-5.50,1.58,-0.059,-0.018
2024-12-19,-2.21,1.38,-0.053,-0.056
2024-12-20,-0.49,-4.65,-0.072,0.143
2024-12-21,2.78,-5.71,0.096,0.170
2024-12-22,-2.83,-3.62,0.012,0.272
2024-12-23,-5.41,-0.95,-0.039,0.200
2024-12-24,-4.39,-2.85,-0.055,0.102
2024-12-25,-5.41,-3.38,-0.092,0.038
2024-12-26,-5.02,-1.25,-0.122,0.067
2024-12-27,-6.63,1.53,-0.088,0.362
2024-12-28,-8.23,2.67,-0.070,0.451
2024-12-29,-6.73,5.45,-0.001,0.572
2024-12-30,-1.34,5.80,0.073,0.439
2024-12-31,-0.21,5.95,0.066,0.355
2025-01-01,4.66,-2.48,0.057,0.061
2025-01-02,-2.95,-5.32,-0.072,0.049
2025-01-03,-2.76,-3.07,-0.037,0.064
2025-01-04,0.72,-8.26,-0.017,-0.100
2025-01-05,-5.52,-3.45,-0.096,0.010
2025-01-06,-1.10,6.95,0.057,0.265
2025-01-07,7.97,-3.89,0.156,0.162
2025-01-08,1.28,-4.79,0.048,0.081
2025-01-09,3.49,-7.48,0.043,-0.078
2025-01-10,-5.43,-1.87,-0.070,0.022
2025-01-11,3.42,5.69,0.097,0.228
2025-01-12,2.62,-4.03,0.037,0.206
2025-01-13,-3.99,0.21,-0.021,0.163
2025-01-14,4.01,-3.88,0.036,0.289
2025-01-15,-3.92,-7.07,-0.093,0.250
2025-01-16,-4.69,-2.60,-0.034,0.275
2025-01-17,-3.87,2.24,0.066,0.262
2025-01-18,-1.32,8.37,0.120,0.285
2025-01-19,2.42,5.99,0.077,0.178
2025-01-20,-1.38,-7.09,-0.045,0.078
2025-01-21,-5.41,-2.88,-0.093,0.228
2025-01-22,1.82,-6.33,0.046,-0.009
2025-01-23,-5.42,-1.97,-0.001,0.108
2025-01-24,5.76,-5.01,0.068,0.103
2025-01-25,-2.50,-9.33,-0.098,0.179
2025-01-26,-5.70,-3.03,-0.081,0.302
2025-01-27,-4.67,-1.89,-0.044,0.425
2025-01-28,0.27,-3.05,0.039,0.446
2025-01-29,-1.35,1.21,0.037,0.434
2025-01-30,-2.86,0.61,0.012,0.447
2025-01-31,-4.37,3.29,-0.025,0.561
2025-02-01,-2.06,2.06,0.044,0.636
2025-02-02,-4.22,1.13,-0.012,0.559
2025-02-03,-4.54,1.56,-0.044,0.515
2025-02-04,-3.91,0.27,-0.028,0.573
2025-02-05,-4.35,0.77,-0.033,0.657
2025-02-06,-5.30,1.03,-0.052,0.612
2025-02-07,-4.28,-0.76,-0.023,0.479
2025-02-08,-4.90,-0.17,-0.077,0.359
2025-02-09,-3.64,1.25,-0.020,0.389
2025-02-10,-3.92,1.12,-0.016,0.470
2025-02-11,-5.85,1.90,-0.055,0.485
2025-02-12,-4.48,4.97,0.008,0.517
2025-02-13,-4.08,4.08,0.028,0.500
2025-02-14,-5.18,1.58,-0.060,0.390
2025-02-15,-7.74,1.79,-0.129,0.377
2025-02-16,-2.84,7.79,0.029,0.461
2025-02-17,5.02,-2.90,0.049,0.293
2025-02-18,-4.55,-0.72,-0.098,0.381
2025-02-19,-2.21,5.48,0.008,0.466
2025-02-20,7.09,-2.44,0.078,0.240
2025-02-21,-4.07,-8.74,-0.166,0.158
2025-02-22,-6.36,-3.97,-0.126,0.200
2025-02-23,-4.32,-1.16,-0.038,0.198
2025-02-24,-5.07,2.58,0.001,0.307
2025-02-25,3.24,6.10,0.125,0.116
2025-02-26,-0.41,-4.68,-0.048,0.103
2025-02-27,-1.93,4.14,0.045,0.148
2025-02-28,2.89,-1.74,0.085,-0.014
2025-03-01,0.27,1.36,0.054,0.150
2025-03-02,2.91,-3.73,0.040,0.014
2025-03-03,-3.60,-3.60,-0.102,0.068
2025-03-04,-9.16,1.12,-0.190,0.241
2025-03-05,-4.92,9.26,0.018,0.477
2025-03-06,8.66,-1.06,0.193,0.250
2025-03-07,2.65,-4.08,0.048,0.162
2025-03-08,0.39,4.48,0.070,0.232
2025-03-09,0.42,4.77,0.082,0.224
2025-03-10,1.52,7.80,0.164,0.326
2025-03-11,8.64,-6.05,0.156,0.035
2025-03-12,-1.09,-2.35,0.066,0.138
2025-03-13,-2.65,2.94,0.032,0.132
2025-03-14,-2.04,1.53,0.057,0.158
2025-03-15,-6.09,3.52,-0.055,0.292
2025-03-16,-4.85,6.67,-0.014,0.418
2025-03-17,8.14,1.14,0.118,0.278
2025-03-18,0.83,-9.48,-0.065,-0.065
2025-03-19,-2.22,-3.29,-0.025,0.024
2025-03-20,1.42,2.90,0.063,0.122
2025-03-21,6.93,-5.22,0.125,0.051
2025-03-22,-2.55,-1.66,0.026,0.140
2025-03-23,-3.68,0.06,0.007,0.117
2025-03-24,-3.25,3.03,0.042,0.264
2025-03-25,-1.52,2.01,0.055,0.393
2025-03-26,-2.33,-0.94,0.012,0.374
2025-03-27,-5.50,-3.71,-0.114,0.282
2025-03-28,-10.17,-1.98,-0.213,0.300
2025-03-29,-9.35,1.82,-0.122,0.394
2025-03-30,-7.24,3.07,-0.077,0.352
2025-03-31,-2.88,5.41,-0.002,0.298
2025-04-01,-1.71,3.66,-0.018,0.298
2025-04-02,-6.37,2.19,-0.054,0.380
2025-04-03,-8.57,3.12,-0.129,0.307
2025-04-04,-8.64,2.81,-0.147,0.392
2025-04-05,-8.29,3.35,-0.090,0.481
2025-04-06,-6.14,4.30,-0.044,0.534
2025-04-07,-2.28,5.95,0.049,0.595
2025-04-08,2.25,6.93,0.145,0.456
2025-04-09,6.21,-3.16,0.102,0.096
2025-04-10,-0.46,-6.57,-0.082,0.019
2025-04-11,-2.36,-2.62,-0.035,0.227
2025-04-12,4.85,-3.40,0.084,0.175
2025-04-13,-2.30,-4.15,-0.013,0.208
2025-04-14,-4.30,0.08,-0.054,0.202
2025-04-15,-2.36,1.85,0.013,0.241
2025-04-16,4.64,-2.16,0.084,0.200
2025-04-17,-3.67,-3.42,-0.056,0.257
2025-04-18,-7.19,-2.06,-0.121,0.343
2025-04-19,-9.12,-0.48,-0.152,0.510
2025-04-20,-8.61,1.52,-0.107,0.591
2025-04-21,-7.48,0.52,-0.094,0.542
2025-04-22,-6.48,0.57,-0.069,0.488
2025-04-23,-6.10,-0.64,-0.066,0.375
2025-04-24,-6.83,-1.83,-0.109,0.226
2025-04-25,-7.38,-1.17,-0.133,0.117
2025-04-26,-6.29,-0.44,-0.116,0.019
2025-04-27,-4.64,-0.32,-0.097,0.053
2025-04-28,-5.44,-1.16,-0.110,0.275
2025-04-29,-7.22,-2.49,-0.151,0.263
2025-04-30,-7.81,-1.66,-0.173,0.260
2025-05-01,-6.61,0.23,-0.106,0.331
2025-05-02,-5.13,1.09,-0.054,0.366
2025-05-03,-5.49,3.17,-0.032,0.337
2025-05-04,-2.68,5.50,0.069,0.323
2025-05-05,-2.39,3.67,0.019,0.326
2025-05-06,-4.72,2.84,-0.033,0.446
2025-05-07,-4.99,2.12,0.005,0.404
2025-05-08,-3.66,2.03,0.017,0.242
2025-05-09,-3.19,3.94,-0.003,0.160
2025-05-10,-4.06,4.84,-0.021,0.360
2025-05-11,-6.52,4.91,-0.031,0.566
2025-05-12,-5.76,5.76,-0.006,0.569
2025-05-13,2.77,5.44,0.136,0.546
2025-05-14,4.36,1.50,0.075,0.359
2025-05-15,-2.22,0.99,-0.031,0.277
2025-05-16,-2.70,1.50,0.000,0.281
2025-05-17,-1.79,3.51,0.068,0.310
2025-05-18,-1.86,3.51,0.018,0.319
2025-05-19,-2.24,3.59,0.034,0.547
2025-05-20,-1.72,4.26,0.090,0.545
2025-05-21,0.29,4.13,0.139,0.509
2025-05-22,3.33,2.80,0.065,0.104
2025-05-23,0.85,2.10,-0.006,0.016
2025-05-24,-3.10,2.42,0.046,0.072
2025-05-25,-5.04,2.14,-0.033,0.081
2025-05-26,-3.41,4.69,-0.017,0.210
2025-05-27,-2.21,2.93,-0.019,0.515
2025-05-28,-3.73,2.91,-0.006,0.845
2025-05-29,-3.58,3.84,0.062,0.810
2025-05-30,-0.08,4.82,0.107,0.386
2025-05-31,4.65,4.04,0.190,0.262
2025-06-01,4.17,2.92,0.112,0.176
2025-06-02,2.31,4.96,0.062,0.374
2025-06-03,-1.95,4.58,0.031,0.857
2025-06-04,-4.19,5.76,0.067,0.345
2025-06-05,-6.07,3.65,-0.090,0.169
2025-06-06,-3.93,2.46,0.039,0.403
2025-06-07,-2.06,2.94,0.001,0.203
2025-06-08,-1.87,2.88,0.009,0.318
2025-06-09,-3.49,3.74,0.011,0.471
2025-06-10,-4.03,3.89,-0.022,0.554
2025-06-11,-3.41,3.79,0.015,0.537
2025-06-12,-4.84,3.39,-0.033,0.581
2025-06-13,-5.72,3.58,-0.071,0.597
2025-06-14,-5.40,3.64,-0.021,0.588
2025-06-15,-4.89,3.82,-0.083,0.447
2025-06-16,-5.27,3.29,-0.058,0.567
2025-06-17,-5.41,3.51,-0.077,0.493
2025-06-18,-5.65,3.39,-0.047,0.525
2025-06-19,-4.61,2.35,-0.049,0.451
2025-06-20,-3.80,1.77,-0.042,0.453
2025-06-21,-4.95,1.71,-0.057,0.550
2025-06-22,-5.82,1.45,-0.085,0.595
2025-06-23,-6.64,0.35,-0.105,0.565
2025-06-24,-6.47,-1.61,-0.126,0.484
2025-06-25,-5.57,-0.68,-0.087,0.540
2025-06-26,-3.24,3.36,-0.021,0.596
2025-06-27,-3.88,4.16,-0.031,0.620
2025-06-28,-3.79,2.76,-0.046,0.628
2025-06-29,-3.71,1.57,-0.017,0.618
2025-06-30,-4.12,1.42,-0.039,0.652
2025-07-01,-3.60,2.00,0.016,0.629
2025-07-02,-0.67,4.21,0.079,0.414
2025-07-03,0.70,5.71,0.043,0.339
2025-07-04,2.82,4.03,0.088,0.439
2025-07-05,3.21,5.34,0.125,0.521
2025-07-06,2.61,5.59,0.124,0.707
2025-07-07,-1.80,2.66,0.031,0.877
2025-07-08,-3.58,-2.15,-0.041,0.793
2025-07-09,-3.40,0.66,0.015,0.555
2025-07-10,-2.17,3.61,0.049,0.419
2025-07-11,-3.40,2.76,0.027,0.348
2025-07-12,-3.19,2.32,0.018,0.157
2025-07-13,-2.35,0.59,-0.021,0.312
2025-07-14,1.87,1.52,0.030,0.682
2025-07-15,-0.50,4.72,0.017,0.711
2025-07-16,-4.25,4.56,-0.017,0.610
2025-07-17,-5.41,3.93,-0.048,0.580
2025-07-18,-6.52,2.37,-0.091,0.571
2025-07-19,-5.50,0.48,-0.078,0.576
2025-07-20,-4.26,-0.30,-0.056,0.560
2025-07-21,-2.82,0.97,-0.019,0.572
2025-07-22,-0.92,3.19,0.033,0.621
2025-07-23,-1.81,2.40,0.054,0.547
2025-07-24,-4.66,3.03,-0.040,0.549
2025-07-25,-5.68,2.89,-0.055,0.463
2025-07-26,-4.79,-0.50,-0.066,0.290
2025-07-27,-3.29,-3.07,-0.071,0.196
2025-07-28,-2.76,-1.60,-0.061,0.197
2025-07-29,-2.01,1.21,-0.031,0.268
2025-07-30,0.77,2.53,0.069,0.382
2025-07-31,-0.79,2.43,0.027,0.333
2025-08-01,-1.88,2.50,0.003,0.300
2025-08-02,-2.49,2.16,0.029,0.311
2025-08-03,-1.33,2.61,0.027,0.345
2025-08-04,-1.43,3.22,0.036,0.509
2025-08-05,-3.17,0.91,-0.016,0.498
2025-08-06,-4.08,-1.02,-0.039,0.417
2025-08-07,-3.76,-0.13,-0.027,0.331
2025-08-08,-3.25,1.73,-0.025,0.180
2025-08-09,-2.66,4.09,0.041,0.289
2025-08-10,-2.12,4.16,-0.006,0.323
2025-08-11,-4.60,2.98,-0.029,0.445
2025-08-12,-4.42,2.35,-0.012,0.498
2025-08-13,-1.98,2.28,0.028,0.287
2025-08-14,-2.25,1.75,0.011,0.271
2025-08-15,-3.62,0.38,-0.032,0.292
2025-08-16,-3.38,-0.60,-0.042,0.334
2025-08-17,-1.89,1.32,0.022,0.387
2025-08-18,-1.99,-2.95,-0.023,0.326
2025-08-19,-1.05,-6.66,-0.064,0.193
2025-08-20,5.45,-3.14,0.065,0.018
2025-08-21,4.88,1.78,0.136,0.098
2025-08-22,2.98,2.09,0.100,0.154
2025-08-23,2.93,2.37,0.096,0.206
2025-08-24,3.26,3.50,0.116,0.339
2025-08-25,2.10,1.89,0.062,0.420
2025-08-26,1.75,-0.37,0.056,0.475
2025-08-27,-2.99,1.03,0.025,0.435
2025-08-28,-3.35,0.29,-0.017,0.461
2025-08-29,-1.54,3.63,0.045,0.386
2025-08-30,1.17,2.29,0.044,0.275
2025-08-31,4.29,1.91,0.076,0.206
2025-09-01,4.79,2.55,0.090,0.440
2025-09-02,5.92,1.04,0.108,0.529
2025-09-03,2.96,-1.08,0.049,0.518
2025-09-04,1.84,1.44,0.071,0.553
2025-09-05,3.24,3.47,0.121,0.491
2025-09-06,1.19,3.89,0.101,0.483
2025-09-07,1.36,3.20,0.077,0.439
2025-09-08,1.14,3.32,0.086,0.381
2025-09-09,0.92,3.01,0.050,0.332
2025-09-10,2.94,3.04,0.100,0.121
2025-09-11,2.88,0.46,0.030,0.110
2025-09-12,3.42,-1.05,0.027,0.311
2025-09-13,0.11,-3.10,-0.009,0.459
2025-09-14,1.92,-0.59,0.040,0.434
2025-09-15,1.22,1.27,0.023,0.546
2025-09-16,-2.43,0.30,0.018,0.652
2025-09-17,-3.77,-1.45,-0.027,0.385
2025-09-18,-3.78,-1.45,-0.034,0.198
2025-09-19,-0.46,-2.59,0.002,0.278
2025-09-20,-1.85,-3.09,-0.031,0.193
2025-09-21,-2.99,-2.26,-0.108,-0.152
2025-09-22,-2.67,0.09,-0.076,0.010
2025-09-23,-1.91,-1.60,0.002,0.543
2025-09-24,-3.35,-1.78,-0.040,0.524
2025-09-25,-2.24,2.57,-0.015,0.610
2025-09-26,-2.63,1.28,0.027,0.863
2025-09-27,-4.54,-0.40,0.014,0.635
2025-09-28,-6.98,-3.71,-0.118,0.226
2025-09-29,3.33,-10.89,-0.034,-0.384
2025-09-30,9.97,-2.30,0.178,-0.415
2025-10-01,3.09,-4.25,-0.006,-0.446
2025-10-02,-2.28,-2.45,-0.089,-0.285
2025-10-03,-7.29,-2.65,-0.153,0.267
2025-10-04,-6.12,-2.99,-0.086,0.159
2025-10-05,-4.44,-1.61,-0.105,-0.035
2025-10-06,-3.50,0.12,-0.033,0.089
2025-10-07,-6.02,0.32,-0.086,0.346
2025-10-08,-6.47,-0.34,-0.103,0.429
2025-10-09,-4.17,0.15,-0.034,0.466
2025-10-10,0.48,4.56,0.092,0.536
2025-10-11,4.21,3.79,0.131,0.365
2025-10-12,1.39,-2.73,-0.010,0.317
2025-10-13,-2.76,-2.08,-0.032,0.375
2025-10-14,-4.59,-4.92,-0.113,0.302
2025-10-15,-3.56,-5.28,-0.110,0.250
2025-10-16,-2.66,-5.45,-0.084,0.262
2025-10-17,-5.78,-5.59,-0.149,0.342
2025-10-18,-6.08,-1.86,-0.090,0.530
2025-10-19,-5.31,2.25,-0.054,0.721
2025-10-20,-3.53,1.88,0.020,0.909
2025-10-21,-4.57,0.64,0.017,0.591
2025-10-22,-4.56,-0.64,-0.069,0.125
2025-10-23,-5.42,-3.13,-0.117,0.012
2025-10-24,-7.77,-5.24,-0.200,0.007
2025-10-25,-9.71,-4.95,-0.237,0.149
2025-10-26,-9.28,-1.47,-0.179,0.371
2025-10-27,-5.66,1.52,-0.014,0.640
2025-10-28,-2.25,1.15,0.099,0.571
2025-10-29,-2.97,-2.87,-0.050,0.052
2025-10-30,5.04,-5.60,0.060,-0.291
2025-10-31,4.19,-4.82,0.043,-0.406
2025-11-01,-0.65,-3.07,-0.072,-0.341
2025-11-02,-4.78,-1.55,-0.106,0.176
2025-11-03,-4.52,-2.11,-0.050,0.326
2025-11-04,-5.39,-5.98,-0.144,0.247
2025-11-05,-6.81,-2.75,-0.132,0.306
2025-11-06,-3.88,-1.19,0.013,0.402
2025-11-07,-4.17,1.27,0.068,0.357
2025-11-08,-2.26,1.64,-0.019,0.005
2025-11-09,-1.78,3.35,-0.018,-0.085
2025-11-10,5.75,-0.71,0.129,0.105
2025-11-11,1.89,-11.96,-0.036,-0.080
2025-11-12,-5.46,-4.58,-0.136,-0.068
2025-11-13,-3.90,-4.04,-0.044,0.219
2025-11-14,-2.95,-3.77,-0.037,0.307
2025-11-15,-3.52,-3.40,-0.057,0.382
2025-11-16,-1.73,0.77,0.051,0.472
2025-11-17,2.42,2.11,0.055,0.566
2025-11-18,-2.06,-0.25,0.035,0.495
2025-11-19,-3.79,-0.80,-0.045,0.001
2025-11-20,-3.98,-1.77,-0.066,-0.025
2025-11-21,-3.99,-1.30,-0.071,0.213
2025-11-22,-2.88,0.56,-0.048,0.386
2025-11-23,-1.06,-1.76,0.003,0.414
2025-11-24,-2.62,0.18,-0.027,0.393
2025-11-25,-5.07,1.45,-0.064,0.402
2025-11-26,-4.36,1.94,-0.057,0.382
2025-11-27,-1.74,3.58,0.025,0.499
2025-11-28,-2.27,-8.48,-0.096,0.239
2025-11-29,-8.86,-5.54,-0.219,0.209
2025-11-30,-8.45,-2.58,-0.157,0.325
2025-12-01,-5.07,0.27,-0.006,0.415
2025-12-02,-2.47,6.12,0.033,0.473
2025-12-03,4.30,-1.74,0.036,0.335
2025-12-04,-2.82,-2.54,-0.036,0.351
2025-12-05,-3.52,3.06,0.004,0.515
2025-12-06,-0.00,3.77,0.055,0.615
2025-12-07,-0.85,2.97,0.054,0.546
2025-12-08,4.56,4.40,0.173,0.443
2025-12-09,-3.70,-5.10,-0.084,0.242
2025-12-10,-4.02,-1.88,-0.026,0.142
2025-12-11,3.59,-5.32,0.046,0.067
2025-12-12,-3.62,-3.03,-0.036,0.240
2025-12-13,-6.48,0.23,-0.066,0.351
2025-12-14,-3.96,1.60,0.035,0.374
2025-12-15,-5.03,-8.06,-0.154,0.120
2025-12-16,-6.90,-6.00,-0.172,0.172
2025-12-17,-7.43,-1.18,-0.115,0.285
2025-12-18,-6.25,2.40,0.001,0.410
2025-12-19,0.82,4.63,0.142,0.366
2025-12-20,-2.10,1.07,-0.013,0.210
2025-12-21,-4.52,-0.32,-0.081,0.216
2025-12-22,-6.97,-5.44,-0.211,0.137
2025-12-23,-9.24,-2.48,-0.171,0.254
2025-12-24,-4.95,-3.87,-0.052,0.153
2025-12-25,-2.64,-2.14,-0.031,0.154
2025-12-26,-0.47,-1.62,-0.034,0.270
2025-12-27,2.42,0.69,0.047,0.274
2025-12-28,-1.76,-0.12,-0.014,0.167
2025-12-29,-0.14,2.05,0.004,0.304
2025-12-30,6.32,-2.95,0.110,0.308
2025-12-31,3.54,-6.95,0.085,0.091
2026-01-01,3.75,-4.47,0.126,-0.032
2026-01-02,2.42,-2.26,0.025,-0.010
2026-01-03,-0.90,3.13,0.038,0.263
2026-01-04,5.60,-0.79,0.112,0.332
2026-01-05,-3.21,-1.11,-0.020,0.257
2026-01-06,-2.82,1.76,0.022,0.138
2026-01-07,-1.20,0.69,-0.006,0.077
2026-01-08,-4.28,1.15,-0.065,0.288
2026-01-09,-4.50,1.29,-0.068,0.314
2026-01-10,-5.55,0.88,-0.062,0.244
2026-01-11,-2.98,1.33,-0.007,0.128
2026-01-12,-4.57,-3.08,-0.077,0.373
2026-01-13,-6.03,-2.08,-0.077,0.387
2026-01-14,-1.81,6.74,0.043,0.486
2026-01-15,8.59,0.30,0.199,0.340
2026-01-16,1.47,-7.55,0.022,0.213
2026-01-17,-4.46,0.71,0.031,0.338
2026-01-18,-0.19,5.54,0.060,0.383
2026-01-19,1.04,-8.48,0.015,0.308
2026-01-20,-4.82,-8.35,-0.112,0.317
2026-01-21,-8.36,-5.02,-0.156,0.237
2026-01-22,-3.27,-2.84,0.011,0.120
2026-01-23,-1.78,-1.03,-0.029,0.135
2026-01-24,-3.20,-1.17,-0.065,0.381
2026-01-25,-4.57,3.32,-0.036,0.427
2026-01-26,2.04,6.28,0.153,0.413
2026-01-27,0.35,-10.01,-0.070,0.160
2026-01-28,-4.22,-4.68,-0.053,0.305
2026-01-29,-3.21,-5.55,-0.047,0.255
2026-01-30,-5.00,0.70,-0.006,0.343
2026-01-31,5.91,-2.39,0.119,0.177
2026-02-01,11.49,-7.75,0.250,0.058
2026-02-02,5.85,-5.85,0.132,0.032
2026-02-03,-3.77,-4.82,-0.047,0.105
2026-02-04,-3.71,1.57,0.031,0.357
2026-02-05,5.18,3.37,0.156,0.367
2026-02-06,8.17,-5.94,0.150,0.088
2026-02-07,7.72,-4.28,0.175,0.038
2026-02-08,-3.51,-4.66,-0.042,0.056
2026-02-09,-3.05,0.70,0.042,0.125
2026-02-10,-3.16,1.54,-0.019,0.185
2026-02-11,-1.82,3.03,-0.037,0.222
2026-02-12,4.17,0.15,0.051,0.209
2026-02-13,2.67,-1.87,0.027,0.272
2026-02-14,-2.80,-0.05,-0.035,0.344
2026-02-15,-5.07,5.44,-0.043,0.490
2026-02-16,3.24,6.36,0.148,0.497
2026-02-17,-5.07,-2.47,-0.102,0.367
2026-02-18,-4.75,2.53,-0.038,0.503
2026-02-19,-2.31,3.99,0.043,0.547
2026-02-20,-1.84,2.83,0.053,0.558
2026-02-21,-2.46,3.39,0.017,0.504
2026-02-22,4.49,3.03,0.089,0.398
2026-02-23,5.85,-9.01,0.062,0.134
2026-02-24,3.28,-6.44,0.051,0.206
2026-02-25,-2.31,2.39,0.036,0.315
2026-02-26,-3.66,2.47,-0.016,0.295
2026-02-27,-3.27,3.63,-0.024,0.377
2026-02-28,-1.80,3.87,0.036,0.472
2026-03-01,-2.34,-1.83,-0.023,0.411
2026-03-02,-6.04,-2.81,-0.072,0.476
2026-03-03,-7.17,-2.06,-0.133,0.300
2026-03-04,-7.67,-1.08,-0.165,0.232
2026-03-05,-7.56,0.66,-0.138,0.208
2026-03-06,-7.39,0.91,-0.134,0.329
2026-03-07,-7.72,1.09,-0.100,0.476
2026-03-08,-6.51,2.37,-0.008,0.429
2026-03-09,-4.88,1.40,-0.075,0.206
2026-03-10,-4.97,1.15,-0.083,0.210
2026-03-11,-5.36,1.85,-0.103,0.325
2026-03-12,-2.25,5.86,0.030,0.545
2026-03-13,1.67,3.01,0.077,0.365
2026-03-14,-0.36,3.40,0.123,0.223
2026-03-15,-3.66,4.21,-0.034,0.028
2026-03-16,-1.80,7.21,0.028,0.332
2026-03-17,3.97,-5.27,0.003,0.384
2026-03-18,-5.56,-6.40,-0.186,0.277
2026-03-19,-5.16,-9.71,-0.178,0.192
2026-03-20,-5.72,-8.17,-0.112,0.081
2026-03-21,-3.12,-7.01,0.006,-0.092
2026-03-22,-1.77,-0.90,-0.054,-0.276
2026-03-23,-1.09,1.75,-0.058,-0.040
2026-03-24,2.66,0.09,0.008,0.274
2026-03-25,-2.76,1.72,-0.008,0.266
2026-03-26,-5.23,-1.40,-0.100,0.053
2026-03-27,-5.68,-0.10,-0.161,0.150
2026-03-28,-3.32,-0.47,-0.052,0.385
2026-03-29,-7.40,-1.85,-0.151,0.387
2026-03-30,-9.84,-0.69,-0.205,0.438
2026-03-31,-8.31,-0.15,-0.065,0.577
2026-04-01,-7.25,0.51,-0.027,0.444
2026-04-02,-8.02,1.56,-0.133,0.181
2026-04-03,-8.99,1.26,-0.164,0.101
2026-04-04,-8.49,-0.00,-0.184,0.053
2026-04-05,-8.28,1.16,-0.179,0.200
2026-04-06,-5.67,1.00,-0.115,0.322
2026-04-07,-3.55,3.55,-0.013,0.340
2026-04-08,-4.93,-2.96,-0.083,0.171
2026-04-09,-7.28,-3.55,-0.162,0.084
2026-04-10,-7.80,-5.46,-0.206,0.000
2026-04-11,-7.04,-5.11,-0.166,-0.129
2026-04-12,-8.36,-4.08,-0.216,-0.139
2026-04-13,-8.73,-2.67,-0.224,-0.053
2026-04-14,-7.86,-1.39,-0.192,0.029
2026-04-15,-6.86,-1.97,-0.128,0.181
2026-04-16,-5.47,-1.46,-0.086,0.189
2026-04-17,-5.77,-0.81,-0.090,0.142
2026-04-18,-4.54,0.24,-0.072,0.175
2026-04-19,-3.24,1.18,0.018,0.269
2026-04-20,-3.20,-0.80,0.060,0.357
2026-04-21,-8.22,-6.90,-0.257,0.115
2026-04-22,-8.92,-2.06,-0.212,0.121
2026-04-23,-6.53,0.46,-0.078,0.332
2026-04-24,-4.80,2.77,-0.019,0.510
2026-04-25,-3.34,1.77,-0.006,0.602
2026-04-26,-1.56,4.06,0.043,0.566
2026-04-27,1.74,2.48,0.053,0.493
2026-04-28,-3.66,-2.86,-0.083,0.419
2026-04-29,-3.56,2.14,-0.002,0.491
2026-04-30,1.10,3.40,0.071,0.524
2026-05-01,2.36,3.24,0.134,0.497
2026-05-02,0.96,6.82,0.137,0.600
2026-05-03,6.08,1.18,0.075,0.388
2026-05-04,-0.50,-4.75,0.022,0.315
2026-05-05,-3.29,-0.06,-0.044,0.406
2026-05-06,-2.70,-1.82,-0.067,0.352
2026-05-07,-1.76,2.71,0.083,0.419
2026-05-08,1.55,3.04,0.096,0.319
2026-05-09,-1.45,5.07,0.042,0.401
2026-05-10,-1.61,5.25,0.049,0.358
2026-05-11,-2.19,3.78,0.039,0.324
2026-05-12,-0.48,3.42,0.051,0.344
2026-05-13,1.01,4.74,0.114,0.326
2026-05-14,5.34,1.84,0.119,0.178
2026-05-15,2.97,3.54,0.060,0.269
2026-05-16,-4.44,2.17,-0.043,0.274
2026-05-17,-6.91,0.73,-0.094,0.365
2026-05-18,-7.84,0.41,-0.166,0.406
2026-05-19,-8.04,0.56,-0.157,0.426
2026-05-20,-6.57,0.92,-0.121,0.319
2026-05-21,-6.13,2.48,-0.093,0.328
2026-05-22,-5.87,2.74,-0.084,0.361
2026-05-23,-5.95,3.57,-0.072,0.434
2026-05-24,-7.24,3.85,-0.105,0.482
2026-05-25,-7.83,4.16,-0.106,0.540
2026-05-26,-7.82,4.70,-0.097,0.593
2026-05-27,-7.06,4.76,-0.065,0.537
2026-05-28,-2.48,4.87,0.045,0.535
2026-05-29,1.33,3.65,0.099,0.444
2026-05-30,4.35,3.40,0.135,0.370
2026-05-31,2.24,2.01,0.081,0.337
2026-06-01,3.64,1.78,0.117,0.300
2026-06-02,3.77,1.60,0.073,0.275
2026-06-03,-0.77,-3.99,-0.052,0.206
2026-06-04,-6.31,-2.17,-0.125,0.240
2026-06-05,-6.38,-2.58,-0.115,0.223
2026-06-06,-6.05,-1.07,-0.075,0.184
2026-06-07,-6.06,-0.11,-0.105,0.159
2026-06-08,-3.68,1.13,-0.014,0.176
2026-06-09,-4.82,0.94,-0.065,0.246
2026-06-10,-6.16,1.77,-0.081,0.335
2026-06-11,-4.73,0.83,-0.022,0.353
2026-06-12,-3.13,0.67,0.004,0.378
2026-06-13,-1.84,1.38,0.024,0.419
2026-06-14,-1.25,3.26,0.077,0.479
2026-06-15,2.52,4.54,0.148,0.462
2026-06-16,1.97,5.42,0.112,0.438
2026-06-17,-0.43,4.07,0.067,0.354
2026-06-18,-1.87,4.62,0.064,0.388
2026-06-19,-1.59,5.20,0.041,0.418
2026-06-20,0.11,3.07,0.067,0.403
2026-06-21,1.22,3.36,0.073,0.396
2026-06-22,-1.24,2.78,0.039,0.389
2026-06-23,-2.17,3.34,0.079,0.429
2026-06-24,-1.21,2.59,0.049,0.504
2026-06-25,-2.88,3.43,0.041,0.528
2026-06-26,-3.99,3.12,-0.011,0.473
2026-06-27,-4.19,2.52,-0.027,0.424
2026-06-28,-4.58,1.95,-0.060,0.385
2026-06-29,-4.18,0.37,-0.066,0.397
2026-06-30,-2.95,1.02,-0.009,0.418
2026-07-01,0.31,-2.49,-0.015,0.519
2026-07-02,-2.07,0.67,0.022,0.539
2026-07-03,-1.64,2.52,0.031,0.544
2026-07-04,-1.50,3.23,0.069,0.470
2026-07-05,-1.71,3.85,0.029,0.577
2026-07-06,-0.84,3.62,0.057,0.684
2026-07-07,-2.58,2.76,0.019,0.498
2026-07-08,-4.15,2.91,-0.052,0.437
2026-07-09,-5.20,2.88,-0.051,0.463
2026-07-10,-5.68,2.41,-0.049,0.602
2026-07-11,-4.81,1.94,0.008,0.519
2026-07-12,-3.15,2.29,-0.025,0.439
2026-07-13,-3.03,1.75,-0.028,0.444
2026-07-14,-3.50,-0.18,-0.037,0.420
2026-07-15,-2.65,-2.07,-0.082,0.173
2026-07-16,-0.21,1.72,0.015,0.200
2026-07-17,-0.21,3.96,0.047,0.372
2026-07-18,-2.21,4.75,0.025,0.591
2026-07-19,-1.85,6.06,0.058,0.675
2026-07-20,-1.30,6.68,0.066,0.634
2026-07-21,-2.77,4.80,0.012,0.441
2026-07-22,-3.94,3.19,0.002,0.363
2026-07-23,-5.98,-0.73,-0.103,0.331
2026-07-24,-4.67,0.41,-0.050,0.411
2026-07-25,-1.32,3.12,0.035,0.541
2026-07-26,2.29,3.67,0.100,0.582
2026-07-27,4.34,3.16,0.130,0.537
2026-07-28,4.81,4.04,0.168,0.573
2026-07-29,5.32,4.63,0.193,0.501
2026-07-30,4.45,5.31,0.181,0.460
2026-07-31,3.58,3.12,0.136,0.358
2026-08-01,0.77,3.33,0.064,0.410
2026-08-02,-1.05,3.04,0.066,0.454
2026-08-03,0.08,4.57,0.076,0.585
2026-08-04,0.14,3.94,0.072,0.588
2026-08-05,-4.38,1.09,-0.028,0.280
2026-08-06,-6.47,-1.02,-0.144,0.238
2026-08-07,-4.62,2.78,-0.031,0.411
2026-08-08,-4.83,2.79,-0.027,0.556
2026-08-09,-5.71,2.31,-0.081,0.632
2026-08-10,-5.75,1.76,-0.074,0.635
2026-08-11,-4.53,1.30,-0.050,0.671
2026-08-12,-1.75,2.02,0.074,0.505
2026-08-13,-1.23,2.21,0.055,0.374
2026-08-14,-3.98,2.49,-0.037,0.363
2026-08-15,-4.41,2.65,-0.041,0.412
2026-08-16,-4.04,1.55,-0.063,0.419
2026-08-17,-1.76,2.51,0.003,0.447
2026-08-18,3.97,0.92,0.054,0.452
2026-08-19,3.88,1.49,0.053,0.455
2026-08-20,2.07,3.73,0.041,0.534
2026-08-21,-1.04,3.40,0.032,0.570
2026-08-22,-1.45,3.26,0.033,0.617
2026-08-23,-0.31,4.38,0.054,0.651
2026-08-24,-1.82,2.81,0.004,0.593
2026-08-25,-2.86,2.67,-0.018,0.657
2026-08-26,-3.74,3.49,-0.033,0.701
2026-08-27,-2.73,3.37,0.006,0.754
2026-08-28,-2.99,1.87,0.016,0.614
2026-08-29,-4.57,1.49,-0.077,0.528
2026-08-30,-4.75,0.67,-0.071,0.636
2026-08-31,-3.14,-1.53,-0.034,0.578
2026-09-01,-2.49,-1.88,-0.047,0.588
2026-09-02,-1.19,-1.19,-0.024,0.593
2026-09-03,-2.82,2.63,-0.000,0.772
2026-09-04,-1.98,4.44,0.052,0.927
2026-09-05,-1.81,2.89,0.041,0.781
2026-09-06,2.56,1.20,0.058,0.558
2026-09-07,1.75,5.08,0.097,0.581
2026-09-08,-0.88,2.87,0.049,0.518
2026-09-09,-4.39,0.62,-0.049,0.361
2026-09-10,-4.81,1.20,-0.070,0.334
2026-09-11,-4.20,2.43,-0.029,0.477
2026-09-12,-2.25,3.89,0.046,0.570
2026-09-13,0.69,2.76,0.088,0.479
2026-09-14,-1.40,1.93,0.021,0.373
2026-09-15,-4.51,0.39,-0.058,0.369
2026-09-16,-5.69,-1.21,-0.122,0.301
2026-09-17,-4.13,-3.11,-0.072,0.314
2026-09-18,-4.08,0.21,-0.036,0.349
2026-09-19,-3.18,-1.03,-0.051,0.456
2026-09-20,-2.02,-0.62,-0.000,0.505
2026-09-21,-0.44,3.57,0.048,0.562
2026-09-22,0.44,5.03,0.064,0.692
2026-09-23,-1.98,4.68,0.043,0.633
2026-09-24,0.98,-3.41,-0.002,0.447
2026-09-25,3.22,-4.60,0.014,0.250
