date,wind_u,wind_v,cur_u,cur_v
2016-01-01,-2.37,-8.26,,
2016-01-02,-0.63,-7.22,,
2016-01-03,1.80,-5.54,,
2016-01-04,0.51,-4.13,,
2016-01-05,-4.23,-2.35,,
2016-01-06,-3.96,-0.00,,
2016-01-07,2.16,-1.88,,
2016-01-08,0.12,3.41,,
2016-01-09,4.20,-4.34,,
2016-01-10,-0.34,-6.43,,
2016-01-11,-3.60,-3.60,,
2016-01-12,-1.86,-4.37,,
2016-01-13,-2.78,-1.67,,
2016-01-14,-3.16,-0.91,,
2016-01-15,3.18,1.03,,
2016-01-16,-4.75,1.73,,
2016-01-17,-1.45,-5.40,,
2016-01-18,-2.86,-2.40,,
2016-01-19,-2.68,4.83,,
2016-01-20,-0.31,4.37,,
2016-01-21,2.71,6.09,,
2016-01-22,3.31,-7.10,,
2016-01-23,-2.01,-4.12,,
2016-01-24,-2.00,4.70,,
2016-01-25,-1.03,6.52,,
2016-01-26,-3.83,-4.11,,
2016-01-27,0.00,-8.65,,
2016-01-28,2.77,-2.41,,
2016-01-29,1.76,4.14,,
2016-01-30,0.24,6.99,,
2016-01-31,-0.11,6.44,,
2016-02-01,-1.47,5.90,,
2016-02-02,-5.84,4.40,,
2016-02-03,-0.92,-5.79,,
2016-02-04,-1.94,-6.78,,
2016-02-05,-4.63,0.90,,
2016-02-06,2.45,-3.77,,
2016-02-07,-3.99,-1.30,,
2016-02-08,-1.16,-5.02,,
2016-02-09,1.89,-2.17,,
2016-02-10,1.30,3.76,,
2016-02-11,0.59,6.78,,
2016-02-12,-0.20,5.81,,
2016-02-13,-1.93,3.49,,
2016-02-14,-2.20,5.73,,
2016-02-15,-0.10,5.53,,
2016-02-16,-3.08,-0.38,,
2016-02-17,-4.43,0.47,,
2016-02-18,-3.63,5.19,,
2016-02-19,-3.05,6.53,,
2016-02-20,-2.70,6.08,,
2016-02-21,-2.98,5.38,,
2016-02-22,-2.06,2.46,,
2016-02-23,0.57,5.43,,
2016-02-24,4.83,-7.73,,
2016-02-25,-0.20,2.81,,
2016-02-26,-5.07,-1.85,,
2016-02-27,-3.91,2.84,,
2016-02-28,-2.77,5.95,,
2016-02-29,-2.86,4.58,,
2016-03-01,-2.09,5.74,,
2016-03-02,-4.27,-0.22,,
2016-03-03,-1.24,5.84,,
2016-03-04,-4.51,-2.50,,
2016-03-05,-4.29,2.38,,
2016-03-06,-5.32,3.73,,
2016-03-07,-4.63,8.71,,
2016-03-08,-3.74,8.80,,
2016-03-09,-2.22,5.78,,
2016-03-10,2.44,-4.23,,
2016-03-11,-1.43,5.72,,
2016-03-12,1.50,3.71,,
2016-03-13,0.40,5.76,,
2016-03-14,0.25,4.86,,
2016-03-15,-0.38,7.25,,
2016-03-16,-4.06,2.84,,
2016-03-17,-3.30,2.97,,
2016-03-18,-3.77,2.00,,
2016-03-19,-0.52,-7.41,,
2016-03-20,-2.08,-7.75,,
2016-03-21,-3.76,-3.05,,
2016-03-22,-1.95,6.80,,
2016-03-23,-2.18,9.43,,
2016-03-24,-5.30,-6.54,,
2016-03-25,-4.68,-3.28,,
2016-03-26,-4.03,1.39,,
2016-03-27,-3.41,0.30,,
2016-03-28,-4.15,-3.48,,
2016-03-29,-3.70,1.49,,
2016-03-30,-3.80,6.08,,
2016-03-31,-0.29,5.57,,
2016-04-01,-5.12,-4.77,,
2016-04-02,-0.89,-7.23,,
2016-04-03,0.79,3.16,,
2016-04-04,-0.95,4.45,,
2016-04-05,-2.29,3.66,,
2016-04-06,-2.69,5.27,,
2016-04-07,-0.43,2.03,,
2016-04-08,-3.72,1.73,,
2016-04-09,-5.16,3.48,,
2016-04-10,-3.93,6.55,,
2016-04-11,-3.46,6.80,,
2016-04-12,-3.94,1.84,,
2016-04-13,-4.63,-1.42,,
2016-04-14,-2.55,-3.64,,
2016-04-15,-3.87,1.49,,
2016-04-16,-5.96,3.73,,
2016-04-17,-6.23,4.20,,
2016-04-18,-6.39,1.01,,
2016-04-19,-5.15,-1.28,,
2016-04-20,-3.78,2.18,,
2016-04-21,-3.67,2.39,,
2016-04-22,-3.35,-0.83,,
2016-04-23,-2.67,1.61,,
2016-04-24,-3.48,4.97,,
2016-04-25,-2.76,5.91,,
2016-04-26,-4.14,6.37,,
2016-04-27,-5.27,4.42,,
2016-04-28,-5.03,2.13,,
2016-04-29,-4.62,6.86,,
2016-04-30,-2.95,5.11,,
2016-05-01,-4.13,0.07,,
2016-05-02,-2.73,-5.60,,
2016-05-03,-0.72,-5.84,,
2016-05-04,-1.83,-3.43,,
2016-05-05,1.84,3.32,,
2016-05-06,-2.97,1.20,,
2016-05-07,-4.08,4.53,,
2016-05-08,-3.13,7.38,,
2016-05-09,-2.73,7.12,,
2016-05-10,-3.58,5.96,,
2016-05-11,-5.32,4.46,,
2016-05-12,-4.35,3.40,,
2016-05-13,-3.86,0.61,,
2016-05-14,-2.15,3.72,,
2016-05-15,-3.58,2.42,,
2016-05-16,-0.92,4.00,,
2016-05-17,-2.80,3.34,,
2016-05-18,-5.23,-0.00,,
2016-05-19,-5.78,0.61,,
2016-05-20,-3.17,-3.40,,
2016-05-21,-4.54,1.22,,
2016-05-22,-4.87,0.95,,
2016-05-23,-5.26,4.11,,
2016-05-24,-4.84,5.57,,
2016-05-25,-4.10,5.45,,
2016-05-26,-3.17,7.47,,
2016-05-27,-1.42,8.94,,
2016-05-28,-4.00,6.93,,
2016-05-29,-5.83,3.50,,
2016-05-30,-3.67,3.42,,
2016-05-31,-2.51,5.65,,
2016-06-01,-2.16,3.73,,
2016-06-02,-0.42,4.75,,
2016-06-03,-0.22,3.10,,
2016-06-04,1.86,-3.36,,
2016-06-05,0.09,-5.03,,
2016-06-06,-1.39,-3.62,,
2016-06-07,-1.73,-0.50,,
2016-06-08,-3.50,0.81,,
2016-06-09,-3.85,-0.07,,
2016-06-10,-2.94,1.91,,
2016-06-11,-2.96,4.55,,
2016-06-12,-2.75,5.90,,
2016-06-13,-1.77,6.59,,
2016-06-14,-2.20,7.20,,
2016-06-15,-2.25,7.35,,
2016-06-16,-3.05,6.26,,
2016-06-17,-2.86,4.95,,
2016-06-18,-2.07,4.06,,
2016-06-19,-3.87,2.61,,
2016-06-20,-4.42,2.35,,
2016-06-21,-2.95,0.90,,
2016-06-22,-2.11,4.33,,
2016-06-23,-2.59,5.56,,
2016-06-24,-3.17,5.28,,
2016-06-25,-3.30,6.47,,
2016-06-26,-3.64,4.34,,
2016-06-27,-3.22,2.61,,
2016-06-28,-1.78,2.20,,
2016-06-29,-2.36,0.68,,
2016-06-30,-0.94,2.57,,
2016-07-01,-1.93,3.80,,
2016-07-02,-2.12,6.93,,
2016-07-03,-2.52,8.24,,
2016-07-04,-2.26,9.07,,
2016-07-05,-2.52,8.24,,
2016-07-06,-2.74,8.44,,
2016-07-07,-3.12,7.73,,
2016-07-08,-3.14,7.40,,
2016-07-09,-2.89,6.49,,
2016-07-10,-2.50,7.69,,
2016-07-11,-3.25,8.93,,
2016-07-12,-3.54,7.25,,
2016-07-13,-2.83,7.01,,
2016-07-14,-2.60,7.56,,
2016-07-15,-3.25,6.66,,
2016-07-16,-3.48,5.36,,
2016-07-17,-3.68,4.38,,
2016-07-18,-3.09,4.58,,
2016-07-19,-4.23,1.88,,
2016-07-20,-4.26,1.81,,
2016-07-21,-3.89,1.42,,
2016-07-22,-3.24,1.79,,
2016-07-23,-2.47,3.41,,
2016-07-24,-2.51,5.65,,
2016-07-25,-1.88,4.90,,
2016-07-26,-2.37,5.08,,
2016-07-27,-2.04,5.59,,
2016-07-28,-3.20,5.11,,
2016-07-29,-3.17,4.21,,
2016-07-30,-2.51,4.72,,
2016-07-31,-1.98,6.48,,
2016-08-01,-2.74,6.16,,
2016-08-02,-2.95,4.54,,
2016-08-03,-2.64,3.63,,
2016-08-04,-2.83,3.62,,
2016-08-05,-3.47,3.59,,
2016-08-06,-3.26,4.65,,
2016-08-07,-2.68,5.04,,
2016-08-08,-2.92,5.05,,
2016-08-09,-2.68,5.27,,
2016-08-10,-2.75,5.90,,
2016-08-11,-2.27,6.23,,
2016-08-12,-1.29,7.32,,
2016-08-13,-0.53,6.07,,
2016-08-14,-1.31,4.27,,
2016-08-15,-3.29,3.07,,
2016-08-16,-2.48,4.29,,
2016-08-17,-3.11,4.12,,
2016-08-18,-4.00,2.41,,
2016-08-19,-2.10,6.10,,
2016-08-20,-2.50,7.69,,
2016-08-21,-2.85,5.13,,
2016-08-22,-2.71,5.56,,
2016-08-23,-2.92,5.99,,
2016-08-24,-2.72,5.34,,
2016-08-25,-3.49,2.92,,
2016-08-26,-3.45,0.99,,
2016-08-27,-3.68,-0.45,,
2016-08-28,-2.63,-2.28,,
2016-08-29,-2.97,-3.67,,
2016-08-30,-5.15,-1.98,,
2016-08-31,-3.09,-2.50,,
2016-09-01,-0.58,-2.33,,
2016-09-02,-1.65,-1.16,,
2016-09-03,-3.62,-1.46,,
2016-09-04,-3.22,3.11,,
2016-09-05,-3.04,4.50,,
2016-09-06,-3.68,5.06,,
2016-09-07,-3.18,5.51,,
2016-09-08,-1.86,5.40,,
2016-09-09,-2.30,4.94,,
2016-09-10,-3.84,3.58,,
2016-09-11,-2.00,-0.98,,
2016-09-12,-2.14,1.09,,
2016-09-13,-3.80,0.53,,
2016-09-14,-4.02,-1.96,,
2016-09-15,-4.34,-2.21,,
2016-09-16,-2.70,-0.82,,
2016-09-17,-1.28,3.72,,
2016-09-18,-1.39,4.27,,
2016-09-19,-1.64,3.87,,
2016-09-20,-2.85,1.52,,
2016-09-21,-3.25,0.17,,
2016-09-22,-3.41,-0.54,,
2016-09-23,-2.98,4.59,,
2016-09-24,-3.76,4.81,,
2016-09-25,-3.29,5.70,,
2016-09-26,-4.87,-0.86,,
2016-09-27,-0.94,-5.96,,
2016-09-28,-1.31,-4.27,,
2016-09-29,-1.69,-2.50,,
2016-09-30,-3.08,-4.08,,
2016-10-01,-3.01,-1.40,,
2016-10-02,-2.79,-3.57,,
2016-10-03,-4.50,-1.29,,
2016-10-04,-3.70,2.89,,
2016-10-05,-2.87,3.31,,
2016-10-06,-3.64,2.55,,
2016-10-07,-4.14,-0.00,,
2016-10-08,-3.20,-5.53,,
2016-10-09,-3.54,-3.67,,
2016-10-10,-3.53,-2.38,,
2016-10-11,-2.59,-0.79,,
2016-10-12,-2.54,3.25,,
2016-10-13,-3.49,3.74,,
2016-10-14,-3.08,3.19,,
2016-10-15,-3.03,4.03,,
2016-10-16,-2.53,4.96,,
2016-10-17,-2.47,5.83,,
2016-10-18,-2.03,6.65,,
2016-10-19,-3.25,5.21,,
2016-10-20,-4.19,1.78,,
2016-10-21,-3.77,-7.09,,
2016-10-22,-3.17,-1.91,,
2016-10-23,-2.65,3.16,,
2016-10-24,-3.98,3.22,,
2016-10-25,-4.41,2.06,,
2016-10-26,-3.35,2.43,,
2016-10-27,-4.39,0.31,,
2016-10-28,-4.38,-0.46,,
2016-10-29,-3.70,0.45,,
2016-10-30,-4.04,-0.42,,
2016-10-31,-3.59,0.19,,
2016-11-01,-3.15,4.18,,
2016-11-02,-4.06,3.92,,
2016-11-03,-5.15,2.74,,
2016-11-04,-4.08,-1.40,,
2016-11-05,-4.00,-1.00,,
2016-11-06,-2.61,2.43,,
2016-11-07,-3.25,2.11,,
2016-11-08,-3.12,-1.26,,
2016-11-09,-0.98,-6.19,,
2016-11-10,-2.92,-6.25,,
2016-11-11,-1.21,-5.22,,
2016-11-12,-0.91,-3.93,,
2016-11-13,-0.55,-2.22,,
2016-11-14,-1.94,0.17,,
2016-11-15,2.85,2.15,,
2016-11-16,1.43,3.07,,
2016-11-17,-1.33,6.25,,
2016-11-18,-2.10,5.76,,
2016-11-19,-1.55,-8.78,,
2016-11-20,-1.85,-4.16,,
2016-11-21,-1.75,3.16,,
2016-11-22,-2.00,6.99,,
2016-11-23,-0.71,5.82,,
2016-11-24,-4.20,-1.96,,
2016-11-25,-4.25,-0.15,,
2016-11-26,-4.52,-3.53,,
2016-11-27,-4.64,4.32,,
2016-11-28,0.86,8.17,,
2016-11-29,-0.45,5.18,,
2016-11-30,-0.81,-5.75,,
2016-12-01,-5.55,-1.91,,
2016-12-02,-7.12,0.37,,
2016-12-03,-3.83,-3.21,,
2016-12-04,-3.44,-7.05,,
2016-12-05,2.92,-7.23,,
2016-12-06,3.44,2.15,,
2016-12-07,-3.39,-4.18,,
2016-12-08,-2.77,-9.65,,
2016-12-09,-0.73,-8.31,,
2016-12-10,-3.65,-3.52,,
2016-12-11,0.84,5.28,,
2016-12-12,0.59,3.34,,
2016-12-13,0.82,2.85,,
2016-12-14,-1.82,-3.56,,
2016-12-15,-4.92,-5.09,,
2016-12-16,-3.11,4.45,,
2016-12-17,0.47,9.02,,
2016-12-18,0.36,-10.25,,
2016-12-19,0.58,-8.34,,
2016-12-20,0.07,-4.23,,
2016-12-21,-1.52,0.27,,
2016-12-22,-1.06,-2.63,,
2016-12-23,-3.23,3.99,,
2016-12-24,-2.30,6.00,,
2016-12-25,-2.95,7.31,,
2016-12-26,-2.80,5.26,,
2016-12-27,-2.60,1.21,,
2016-12-28,-0.90,3.37,,
2016-12-29,-4.02,-4.16,,
2016-12-30,-3.69,-5.90,,
2016-12-31,0.61,3.49,,
2017-01-01,-1.61,3.45,,
2017-01-02,1.07,6.10,,
2017-01-03,2.02,1.12,,
2017-01-04,-3.49,-5.81,,
2017-01-05,-2.49,-2.32,,
2017-01-06,-2.54,-11.02,,
2017-01-07,0.38,-10.92,,
2017-01-08,-2.93,-5.29,,
2017-01-09,0.09,4.98,,
2017-01-10,-0.52,9.85,,
2017-01-11,-0.70,10.08,,
2017-01-12,-2.72,8.90,,
2017-01-13,-5.13,5.50,,
2017-01-14,-5.42,3.66,,
2017-01-15,-5.12,4.45,,
2017-01-16,-2.26,8.43,,
2017-01-17,-2.25,5.56,,
2017-01-18,1.44,5.79,,
2017-01-19,-0.05,-3.07,,
2017-01-20,-1.35,3.53,,
2017-01-21,0.38,4.39,,
2017-01-22,9.93,-5.28,,
2017-01-23,3.71,-3.84,,
2017-01-24,-1.17,9.55,,
2017-01-25,-0.53,7.55,,
2017-01-26,-2.99,-8.20,,
2017-01-27,-7.35,-4.25,,
2017-01-28,-2.52,-8.81,,
2017-01-29,6.03,-1.84,,
2017-01-30,3.23,-0.06,,
2017-01-31,0.10,5.45,,
2017-02-01,-0.62,7.04,,
2017-02-02,-2.99,4.78,,
2017-02-03,-4.62,-6.60,,
2017-02-04,-8.06,-1.13,,
2017-02-05,-0.82,4.65,,
2017-02-06,-2.35,7.23,,
2017-02-07,-0.71,6.71,,
2017-02-08,0.27,5.11,,
2017-02-09,-4.28,-6.84,,
2017-02-10,-5.32,0.65,,
2017-02-11,-1.69,7.96,,
2017-02-12,-2.38,6.53,,
2017-02-13,-5.76,3.19,,
2017-02-14,-3.12,7.35,,
2017-02-15,3.29,-9.04,,
2017-02-16,-3.26,-3.15,,
2017-02-17,-2.10,4.51,,
2017-02-18,-1.44,5.77,,
2017-02-19,-4.26,6.31,,
2017-02-20,-2.72,4.19,,
2017-02-21,5.80,-0.10,,
2017-02-22,-2.27,-0.04,,
2017-02-23,-2.03,6.66,,
2017-02-24,-2.72,6.72,,
2017-02-25,-5.83,-6.71,,
2017-02-26,-6.23,4.86,,
2017-02-27,-2.39,6.57,,
2017-02-28,-3.31,7.43,,
2017-03-01,-1.50,6.48,,
2017-03-02,-5.18,-9.35,,
2017-03-03,-8.04,-3.92,,
2017-03-04,-8.38,0.15,,
2017-03-05,-4.06,4.20,,
2017-03-06,-3.28,7.36,,
2017-03-07,-2.26,6.20,,
2017-03-08,-5.46,-2.10,,
2017-03-09,-3.14,3.04,,
2017-03-10,-3.97,2.29,,
2017-03-11,-2.16,3.74,,
2017-03-12,-3.26,-6.68,,
2017-03-13,-0.42,-4.78,,
2017-03-14,-2.72,-4.53,,
2017-03-15,-4.56,2.42,,
2017-03-16,-2.97,6.37,,
2017-03-17,-2.91,8.97,,
2017-03-18,-2.97,6.08,,
2017-03-19,-2.33,5.23,,
2017-03-20,-1.78,7.14,,
2017-03-21,-2.48,7.21,,
2017-03-22,-2.79,6.57,,
2017-03-23,-3.97,7.46,,
2017-03-24,-4.15,10.80,,
2017-03-25,0.12,6.87,,
2017-03-26,-3.14,6.44,,
2017-03-27,-2.89,5.21,,
2017-03-28,-4.50,6.67,,
2017-03-29,-4.69,6.95,,
2017-03-30,0.19,-5.41,,
2017-03-31,-2.77,6.23,,
2017-04-01,-6.21,6.66,,
2017-04-02,-5.14,6.34,,
2017-04-03,5.52,-0.68,,
2017-04-04,-2.16,6.66,,
2017-04-05,0.28,-8.04,,
2017-04-06,-4.05,-3.40,,
2017-04-07,-4.48,4.33,,
2017-04-08,-3.65,7.49,,
2017-04-09,-4.31,7.46,,
2017-04-10,-5.53,6.83,,
2017-04-11,-5.68,5.30,,
2017-04-12,-6.23,-0.44,,
2017-04-13,-5.74,3.45,,
2017-04-14,-4.80,2.66,,
2017-04-15,-4.83,4.66,,
2017-04-16,-4.30,5.31,,
2017-04-17,-3.67,4.86,,
2017-04-18,-1.90,3.15,,
2017-04-19,-3.20,3.09,,
2017-04-20,-3.58,5.51,,
2017-04-21,-3.40,6.13,,
2017-04-22,-2.74,5.88,,
2017-04-23,-0.79,-9.08,,
2017-04-24,-4.86,-0.60,,
2017-04-25,-2.62,9.13,,
2017-04-26,-0.80,9.11,,
2017-04-27,-6.50,-3.76,,
2017-04-28,-3.59,7.36,,
2017-04-29,-5.40,10.59,,
2017-04-30,2.45,-9.13,,
2017-05-01,-3.24,4.99,,
2017-05-02,-5.04,5.22,,
2017-05-03,-4.19,6.70,,
2017-05-04,-0.15,-8.65,,
2017-05-05,-2.24,-4.39,,
2017-05-06,-0.98,4.63,,
2017-05-07,-4.07,6.26,,
2017-05-08,-5.44,6.71,,
2017-05-09,-6.63,5.57,,
2017-05-10,-5.39,6.90,,
2017-05-11,-4.83,6.90,,
2017-05-12,-1.66,3.90,,
2017-05-13,-4.49,-1.37,,
2017-05-14,-4.26,4.56,,
2017-05-15,-5.38,5.20,,
2017-05-16,-5.72,7.32,,
2017-05-17,-4.99,8.30,,
2017-05-18,-4.79,7.10,,
2017-05-19,-5.88,7.26,,
2017-05-20,-5.92,4.30,,
2017-05-21,-5.24,0.37,,
2017-05-22,-5.37,-1.24,,
2017-05-23,-4.00,-2.90,,
2017-05-24,1.51,-6.04,,
2017-05-25,-2.02,8.77,,
2017-05-26,-3.58,8.42,,
2017-05-27,-3.50,7.51,,
2017-05-28,-3.82,6.89,,
2017-05-29,-5.79,1.34,,
2017-05-30,-3.63,-1.85,,
2017-05-31,-4.48,0.71,,
2017-06-01,-4.69,3.79,,
2017-06-02,-4.88,1.59,,
2017-06-03,-4.64,1.42,,
2017-06-04,-1.69,2.42,,
2017-06-05,2.34,3.47,,
2017-06-06,0.76,-2.63,,
2017-06-07,-0.31,-4.38,,
2017-06-08,-1.36,2.91,,
2017-06-09,-4.73,3.97,,
2017-06-10,-4.91,4.91,,
2017-06-11,-4.60,4.94,,
2017-06-12,-3.66,4.52,,
2017-06-13,-4.52,6.22,,
2017-06-14,-4.12,7.43,,
2017-06-15,-3.21,7.20,,
2017-06-16,-2.89,7.93,,
2017-06-17,-2.73,9.54,,
2017-06-18,-3.12,9.61,,
2017-06-19,-3.70,4.90,,
2017-06-20,-3.41,-2.21,,
2017-06-21,-0.22,-6.26,,
2017-06-22,-4.23,2.74,,
2017-06-23,-2.08,9.78,,
2017-06-24,-3.94,5.23,,
2017-06-25,-4.46,1.03,,
2017-06-26,-5.13,1.67,,
2017-06-27,-5.19,1.39,,
2017-06-28,-4.26,-0.22,,
2017-06-29,-1.02,7.28,,
2017-06-30,-3.06,9.42,,
2017-07-01,-3.77,8.46,,
2017-07-02,-3.65,6.59,,
2017-07-03,-3.01,7.45,,
2017-07-04,-3.14,8.63,,
2017-07-05,-3.42,6.44,,
2017-07-06,-3.66,4.69,,
2017-07-07,-3.09,4.10,,
2017-07-08,-1.19,3.66,,
2017-07-09,-0.26,4.91,,
2017-07-10,-0.40,5.72,,
2017-07-11,-2.62,6.49,,
2017-07-12,-3.17,6.51,,
2017-07-13,-3.13,5.65,,
2017-07-14,-3.08,4.08,,
2017-07-15,-2.29,3.53,,
2017-07-16,-4.30,-0.91,,
2017-07-17,-1.20,3.92,,
2017-07-18,-2.50,5.37,,
2017-07-19,-3.11,5.18,,
2017-07-20,-1.77,5.78,,
2017-07-21,-1.80,6.28,,
2017-07-22,-1.56,7.36,,
2017-07-23,-1.37,9.77,,
2017-07-24,-1.80,9.27,,
2017-07-25,-3.39,7.26,,
2017-07-26,-3.45,6.23,,
2017-07-27,-2.44,5.75,,
2017-07-28,-1.80,5.88,,
2017-07-29,-1.57,6.82,,
2017-07-30,-0.76,6.21,,
2017-07-31,-2.95,2.85,,
2017-08-01,-3.58,0.63,,
2017-08-02,-2.74,2.94,,
2017-08-03,-4.00,1.70,,
2017-08-04,-2.97,2.49,,
2017-08-05,-1.66,7.17,,
2017-08-06,-2.43,9.06,,
2017-08-07,-2.41,8.40,,
2017-08-08,-1.89,3.72,,
2017-08-09,-3.89,0.83,,
2017-08-10,-3.42,3.30,,
2017-08-11,-2.24,4.60,,
2017-08-12,-1.79,6.69,,
2017-08-13,-1.80,8.49,,
2017-08-14,-2.35,8.76,,
2017-08-15,-2.93,8.52,,
2017-08-16,-2.77,9.06,,
2017-08-17,-2.71,7.86,,
2017-08-18,-3.17,5.49,,
2017-08-19,-2.64,5.19,,
2017-08-20,-3.05,4.70,,
2017-08-21,-4.14,3.23,,
2017-08-22,-4.32,3.02,,
2017-08-23,-3.05,1.62,,
2017-08-24,-5.01,-0.88,,
2017-08-25,-4.78,-14.71,,
2017-08-26,18.47,4.95,,
2017-08-27,9.96,4.43,,
2017-08-28,10.21,-10.57,,
2017-08-29,5.41,-10.62,,
2017-08-30,4.31,-4.62,,
2017-08-31,2.79,2.03,,
2017-09-01,-2.79,2.88,,
2017-09-02,-3.27,1.96,,
2017-09-03,-4.68,1.25,,
2017-09-04,-5.09,1.65,,
2017-09-05,-2.28,1.72,,
2017-09-06,-2.11,-5.49,,
2017-09-07,-5.28,-6.30,,
2017-09-08,-6.88,-4.47,,
2017-09-09,-6.54,-3.93,,
2017-09-10,-4.64,-5.16,,
2017-09-11,-2.28,-6.28,,
2017-09-12,-0.95,-4.11,,
2017-09-13,-0.23,6.64,,
2017-09-14,-2.81,7.71,,
2017-09-15,-3.67,6.11,,
2017-09-16,-4.24,3.55,,
2017-09-17,-4.48,2.28,,
2017-09-18,-3.43,4.39,,
2017-09-19,-3.14,6.17,,
2017-09-20,-3.25,6.97,,
2017-09-21,-3.89,6.48,,
2017-09-22,-5.12,4.95,,
2017-09-23,-6.07,3.23,,
2017-09-24,-5.52,4.16,,
2017-09-25,-5.42,4.71,,
2017-09-26,-5.54,4.49,,
2017-09-27,-6.68,1.66,,
2017-09-28,-6.47,-0.57,,
2017-09-29,-4.90,-4.41,,
2017-09-30,-4.77,-5.30,,
2017-10-01,-4.27,-1.64,,
2017-10-02,-4.22,1.97,,
2017-10-03,-6.17,3.14,,
2017-10-04,-8.32,1.32,,
2017-10-05,-7.95,-0.84,,
2017-10-06,-6.38,-0.67,,
2017-10-07,-3.18,-2.67,,
2017-10-08,1.09,2.99,,
2017-10-09,-1.82,7.32,,
2017-10-10,-6.42,-3.13,,
2017-10-11,-1.71,-8.05,,
2017-10-12,-2.03,-5.03,,
2017-10-13,-3.85,0.96,,
2017-10-14,-4.31,1.74,,
2017-10-15,-4.05,0.14,,
2017-10-16,-1.21,-9.87,,
2017-10-17,-1.37,-6.43,,
2017-10-18,-3.53,-0.00,,
2017-10-19,-5.63,1.83,,
2017-10-20,-3.42,1.59,,
2017-10-21,-3.23,4.97,,
2017-10-22,-4.64,5.16,,
2017-10-23,-3.77,-4.49,,
2017-10-24,-4.20,-5.38,,
2017-10-25,-1.18,-5.55,,
2017-10-26,1.53,7.21,,
2017-10-27,0.66,9.49,,
2017-10-28,0.18,-10.24,,
2017-10-29,-1.12,-4.51,,
2017-10-30,0.20,5.70,,
2017-10-31,-2.01,4.97,,
2017-11-01,1.34,5.80,,
2017-11-02,-0.58,8.29,,
2017-11-03,-1.79,7.18,,
2017-11-04,-1.68,6.29,,
2017-11-05,-1.12,8.00,,
2017-11-06,-1.10,8.95,,
2017-11-07,-1.42,7.30,,
2017-11-08,-6.18,-5.00,,
2017-11-09,-0.46,-8.70,,
2017-11-10,-4.46,-6.87,,
2017-11-11,-7.47,2.28,,
2017-11-12,-5.19,4.51,,
2017-11-13,-7.00,-0.86,,
2017-11-14,-6.14,0.54,,
2017-11-15,-2.53,3.90,,
2017-11-16,-1.98,3.73,,
2017-11-17,-1.41,6.62,,
2017-11-18,-0.14,8.11,,
2017-11-19,-2.98,-10.39,,
2017-11-20,-3.32,-2.24,,
2017-11-21,1.17,2.90,,
2017-11-22,-1.41,-8.92,,
2017-11-23,-0.56,-6.43,,
2017-11-24,-0.31,2.91,,
2017-11-25,-0.35,6.66,,
2017-11-26,-4.85,-1.39,,
2017-11-27,-3.23,0.74,,
2017-11-28,-3.10,4.43,,
2017-11-29,-4.00,0.21,,
2017-11-30,-3.04,-1.76,,
2017-12-01,-3.94,-1.20,,
2017-12-02,-3.57,0.56,,
2017-12-03,-3.64,3.28,,
2017-12-04,-2.57,7.07,,
2017-12-05,-2.01,5.84,,
2017-12-06,-3.22,-10.53,,
2017-12-07,-3.30,-11.50,,
2017-12-08,3.17,-11.05,,
2017-12-09,7.78,-3.14,,
2017-12-10,-0.19,-3.58,,
2017-12-11,2.25,0.04,,
2017-12-12,3.93,-5.04,,
2017-12-13,-2.31,-3.18,,
2017-12-14,1.28,2.74,,
2017-12-15,-2.45,-8.56,,
2017-12-16,-3.14,-5.44,,
2017-12-17,1.06,-3.96,,
2017-12-18,-2.17,-3.10,,
2017-12-19,-2.00,6.15,,
2017-12-20,4.41,-0.62,,
2017-12-21,-0.79,5.01,,
2017-12-22,-1.10,10.46,,
2017-12-23,2.34,-8.17,,
2017-12-24,-0.45,-1.18,,
2017-12-25,-5.06,-7.22,,
2017-12-26,-1.23,-2.64,,
2017-12-27,-2.23,-8.33,,
2017-12-28,-0.65,-7.38,,
2017-12-29,-2.29,-6.65,,
2017-12-30,1.89,-3.87,,
2017-12-31,-1.68,-5.18,,
2018-01-01,-2.52,-10.93,,
2018-01-02,-1.58,-8.12,,
2018-01-03,2.26,-9.05,,
2018-01-04,1.02,-3.15,,
2018-01-05,-4.49,-0.87,,
2018-01-06,-4.14,0.88,,
2018-01-07,-2.59,6.76,,
2018-01-08,6.68,-4.34,,
2018-01-09,-2.27,-4.65,,
2018-01-10,-3.94,4.22,,
2018-01-11,2.62,7.19,,
2018-01-12,4.83,-9.90,,
2018-01-13,-3.44,-6.47,,
2018-01-14,-4.17,1.20,,
2018-01-15,-3.71,4.93,,
2018-01-16,-3.53,-9.20,,
2018-01-17,-0.83,-9.44,,
2018-01-18,-3.02,-6.20,,
2018-01-19,-3.65,-4.20,,
2018-01-20,1.65,2.97,,
2018-01-21,-2.44,9.12,,
2018-01-22,6.64,-1.90,,
2018-01-23,-2.29,-4.70,,
2018-01-24,-4.10,-4.40,,
2018-01-25,-5.99,-1.49,,
2018-01-26,-4.82,3.77,,
2018-01-27,-4.42,1.61,,
2018-01-28,-1.54,-5.74,,
2018-01-29,-1.59,-5.94,,
2018-01-30,-3.67,-5.45,,
2018-01-31,-2.50,5.36,,
2018-02-01,-0.12,7.08,,
2018-02-02,-4.09,-6.81,,
2018-02-03,-5.09,-2.71,,
2018-02-04,0.83,3.91,,
2018-02-05,-5.11,-4.77,,
2018-02-06,-3.23,5.16,,
2018-02-07,-4.35,-7.24,,
2018-02-08,-0.71,-6.79,,
2018-02-09,-1.18,-3.63,,
2018-02-10,-0.54,3.43,,
2018-02-11,-2.21,-6.80,,
2018-02-12,-0.26,-7.46,,
2018-02-13,-4.38,-6.03,,
2018-02-14,-0.78,-3.12,,
2018-02-15,-2.91,6.24,,
2018-02-16,-1.69,5.90,,
2018-02-17,-2.90,5.45,,
2018-02-18,-3.30,5.72,,
2018-02-19,-3.04,9.37,,
2018-02-20,-4.06,9.56,,
2018-02-21,-2.70,7.41,,
2018-02-22,0.00,-5.99,,
2018-02-23,-3.42,3.08,,
2018-02-24,-2.69,9.39,,
2018-02-25,-0.89,7.25,,
2018-02-26,-3.78,-5.82,,
2018-02-27,-6.02,5.23,,
2018-02-28,-2.00,9.43,,
2018-03-01,0.79,9.06,,
2018-03-02,-4.31,-6.16,,
2018-03-03,-5.93,-0.00,,
2018-03-04,-4.03,4.80,,
2018-03-05,-2.05,7.13,,
2018-03-06,-5.97,-6.41,,
2018-03-07,-3.57,-5.72,,
2018-03-08,-6.49,-1.03,,
2018-03-09,-4.23,6.04,,
2018-03-10,-1.25,5.43,,
2018-03-11,0.11,6.40,,
2018-03-12,-1.94,-9.12,,
2018-03-13,-3.90,-3.05,,
2018-03-14,-3.62,-2.63,,
2018-03-15,-4.26,5.08,,
2018-03-16,-1.93,7.73,,
2018-03-17,-2.45,5.78,,
2018-03-18,-2.62,3.61,,
2018-03-19,-3.39,4.04,,
2018-03-20,-3.30,-4.89,,
2018-03-21,-6.86,0.48,,
2018-03-22,-5.63,5.07,,
2018-03-23,-3.76,8.07,,
2018-03-24,-3.05,9.38,,
2018-03-25,-3.67,7.52,,
2018-03-26,-3.92,6.78,,
2018-03-27,-5.48,7.54,,
2018-03-28,-4.50,6.93,,
2018-03-29,-1.86,4.85,,
2018-03-30,-6.15,-1.65,,
2018-03-31,-4.60,4.60,,
2018-04-01,-4.42,6.31,,
2018-04-02,-4.44,7.40,,
2018-04-03,-3.20,8.80,,
2018-04-04,-6.53,-6.53,,
2018-04-05,-6.13,0.32,,
2018-04-06,-3.23,7.99,,
2018-04-07,-6.91,-4.66,,
2018-04-08,-1.13,-5.82,,
2018-04-09,-6.29,1.11,,
2018-04-10,-5.73,-7.60,,
2018-04-11,-3.42,2.58,,
2018-04-12,-3.15,7.79,,
2018-04-13,-3.34,10.91,,
2018-04-14,-0.59,-11.33,,
2018-04-15,-0.55,-4.50,,
2018-04-16,-3.14,6.16,,
2018-04-17,-2.77,9.65,,
2018-04-18,-3.33,7.85,,
2018-04-19,-5.89,-2.87,,
2018-04-20,-7.30,1.03,,
2018-04-21,-6.13,6.13,,
2018-04-22,-4.17,-5.14,,
2018-04-23,-5.19,-1.29,,
2018-04-24,-2.28,3.95,,
2018-04-25,-3.07,3.79,,
2018-04-26,-1.91,-4.50,,
2018-04-27,-4.02,-0.42,,
2018-04-28,-2.49,4.14,,
2018-04-29,-3.22,4.43,,
2018-04-30,-5.40,5.03,,
2018-05-01,-5.95,7.09,,
2018-05-02,-5.62,7.19,,
2018-05-03,-4.88,8.44,,
2018-05-04,-5.86,5.09,,
2018-05-05,-3.96,-2.77,,
2018-05-06,-2.57,-0.69,,
2018-05-07,-1.14,3.51,,
2018-05-08,-1.14,5.36,,
2018-05-09,-3.54,6.65,,
2018-05-10,-4.30,5.70,,
2018-05-11,-5.07,5.83,,
2018-05-12,-5.12,6.11,,
2018-05-13,-5.57,4.35,,
2018-05-14,-4.67,5.77,,
2018-05-15,-3.91,5.39,,
2018-05-16,-2.10,5.46,,
2018-05-17,-1.00,7.15,,
2018-05-18,-2.42,9.02,,
2018-05-19,-5.52,7.89,,
2018-05-20,-6.22,6.22,,
2018-05-21,-4.94,2.63,,
2018-05-22,-5.12,3.07,,
2018-05-23,-5.52,3.06,,
2018-05-24,-4.89,2.38,,
2018-05-25,-2.56,3.65,,
2018-05-26,-1.68,5.48,,
2018-05-27,-2.29,5.38,,
2018-05-28,-1.76,4.57,,
2018-05-29,-1.99,5.79,,
2018-05-30,-3.31,8.20,,
2018-05-31,-4.23,7.64,,
2018-06-01,-3.97,7.15,,
2018-06-02,-2.74,7.97,,
2018-06-03,-2.19,6.37,,
2018-06-04,-1.51,6.55,,
2018-06-05,-2.03,8.79,,
2018-06-06,-3.16,7.82,,
2018-06-07,-4.91,5.27,,
2018-06-08,-5.06,4.24,,
2018-06-09,-3.83,5.46,,
2018-06-10,-3.54,8.34,,
2018-06-11,-3.39,9.32,,
2018-06-12,-4.60,7.37,,
2018-06-13,-4.76,4.76,,
2018-06-14,-4.31,5.13,,
2018-06-15,-5.98,5.78,,
2018-06-16,-6.11,6.32,,
2018-06-17,-4.71,2.30,,
2018-06-18,-0.71,4.46,,
2018-06-19,-2.36,8.80,,
2018-06-20,-1.37,7.78,,
2018-06-21,-5.11,5.49,,
2018-06-22,-2.09,5.43,,
2018-06-23,-2.13,8.53,,
2018-06-24,-3.67,9.08,,
2018-06-25,-4.58,7.93,,
2018-06-26,-4.47,6.88,,
2018-06-27,-3.10,6.09,,
2018-06-28,-2.63,7.63,,
2018-06-29,-3.12,9.07,,
2018-06-30,-3.81,9.91,,
2018-07-01,-3.33,8.25,,
2018-07-02,-3.30,6.21,,
2018-07-03,-2.37,5.59,,
2018-07-04,-2.06,6.34,,
2018-07-05,-6.50,2.90,,
2018-07-06,-2.98,-1.45,,
2018-07-07,-2.67,0.42,,
2018-07-08,0.15,4.25,,
2018-07-09,-2.67,5.48,,
2018-07-10,-2.95,3.52,,
2018-07-11,-1.66,4.83,,
2018-07-12,-1.73,5.34,,
2018-07-13,-2.63,5.91,,
2018-07-14,-2.49,6.49,,
2018-07-15,-2.27,7.93,,
2018-07-16,-2.50,8.18,,
2018-07-17,-2.34,6.44,,
2018-07-18,-1.42,6.69,,
2018-07-19,-1.29,8.17,,
2018-07-20,-1.70,8.01,,
2018-07-21,-1.80,6.70,,
2018-07-22,-0.89,7.25,,
2018-07-23,-0.41,7.75,,
2018-07-24,-0.12,6.65,,
2018-07-25,-3.92,0.76,,
2018-07-26,-2.91,2.04,,
2018-07-27,-3.79,2.37,,
2018-07-28,-3.41,3.53,,
2018-07-29,-2.73,4.20,,
2018-07-30,-2.15,5.31,,
2018-07-31,-2.01,4.73,,
2018-08-01,-3.64,-0.19,,
2018-08-02,-3.49,3.37,,
2018-08-03,-3.99,2.12,,
2018-08-04,-2.47,5.83,,
2018-08-05,-4.59,4.92,,
2018-08-06,-3.42,3.55,,
2018-08-07,-3.35,4.61,,
2018-08-08,-3.69,5.27,,
2018-08-09,-2.70,6.68,,
2018-08-10,-2.02,7.04,,
2018-08-11,-3.35,6.05,,
2018-08-12,-3.89,7.98,,
2018-08-13,-3.28,8.54,,
2018-08-14,-4.15,7.80,,
2018-08-15,-2.81,7.33,,
2018-08-16,-2.57,7.47,,
2018-08-17,-2.43,6.67,,
2018-08-18,-1.89,5.82,,
2018-08-19,-1.74,8.19,,
2018-08-20,-2.00,8.00,,
2018-08-21,-1.89,6.17,,
2018-08-22,-1.48,5.51,,
2018-08-23,-1.24,5.38,,
2018-08-24,-3.16,5.26,,
2018-08-25,-4.01,5.52,,
2018-08-26,-3.90,4.64,,
2018-08-27,-3.10,6.65,,
2018-08-28,-3.42,7.02,,
2018-08-29,-4.01,5.52,,
2018-08-30,-3.55,3.31,,
2018-08-31,-3.31,1.69,,
2018-09-01,-3.28,3.28,,
2018-09-02,-3.01,5.20,,
2018-09-03,-3.09,6.34,,
2018-09-04,-4.85,3.52,,
2018-09-05,-4.33,0.61,,
2018-09-06,-2.68,3.19,,
2018-09-07,-2.19,3.65,,
2018-09-08,-2.98,4.77,,
2018-09-09,-2.78,3.09,,
2018-09-10,-4.29,0.38,,
2018-09-11,-3.61,2.92,,
2018-09-12,-4.65,2.37,,
2018-09-13,-6.24,-3.61,,
2018-09-14,-6.05,-1.29,,
2018-09-15,-2.19,8.77,,
2018-09-16,-2.71,5.81,,
2018-09-17,-3.58,3.34,,
2018-09-18,-2.61,3.23,,
2018-09-19,-3.00,3.85,,
2018-09-20,-2.97,5.59,,
2018-09-21,-3.05,6.26,,
2018-09-22,1.23,5.77,,
2018-09-23,3.82,-3.32,,
2018-09-24,-1.82,3.28,,
2018-09-25,-1.26,7.12,,
2018-09-26,-2.25,6.19,,
2018-09-27,-3.48,-4.62,,
2018-09-28,-2.41,-1.75,,
2018-09-29,-4.15,1.51,,
2018-09-30,-4.14,-0.73,,
2018-10-01,-4.01,1.54,,
2018-10-02,-4.44,2.57,,
2018-10-03,-3.92,3.53,,
2018-10-04,-3.42,3.94,,
2018-10-05,-4.04,4.04,,
2018-10-06,-3.99,4.93,,
2018-10-07,-4.38,6.26,,
2018-10-08,-5.57,6.63,,
2018-10-09,-4.18,6.19,,
2018-10-10,-2.20,-4.14,,
2018-10-11,-7.56,-3.69,,
2018-10-12,-7.07,3.00,,
2018-10-13,-3.92,8.04,,
2018-10-14,-3.73,8.37,,
2018-10-15,-8.20,-1.45,,
2018-10-16,3.50,-8.66,,
2018-10-17,3.12,-7.73,,
2018-10-18,-1.98,-10.19,,
2018-10-19,-3.14,-2.73,,
2018-10-20,0.11,-6.22,,
2018-10-21,-4.59,-9.85,,
2018-10-22,-3.10,-8.51,,
2018-10-23,-1.73,-9.79,,
2018-10-24,-0.74,-7.06,,
2018-10-25,5.17,-3.89,,
2018-10-26,-0.77,-3.97,,
2018-10-27,2.16,1.63,,
2018-10-28,0.58,4.16,,
2018-10-29,-1.15,5.90,,
2018-10-30,-2.14,7.48,,
2018-10-31,-2.47,8.62,,
2018-11-01,2.78,-7.64,,
2018-11-02,-1.81,-4.49,,
2018-11-03,-2.58,7.09,,
2018-11-04,-4.41,5.44,,
2018-11-05,-2.71,6.71,,
2018-11-06,-0.74,5.24,,
2018-11-07,-1.26,5.94,,
2018-11-08,-1.57,4.10,,
2018-11-09,-4.75,-7.91,,
2018-11-10,-5.31,-9.99,,
2018-11-11,-6.45,-6.22,,
2018-11-12,5.95,-5.55,,
2018-11-13,3.86,-12.61,,
2018-11-14,2.52,-8.80,,
2018-11-15,1.98,-2.20,,
2018-11-16,2.25,3.10,,
2018-11-17,-2.79,4.64,,
2018-11-18,-5.41,3.93,,
2018-11-19,-1.15,-8.15,,
2018-11-20,-1.47,-8.34,,
2018-11-21,-5.90,-5.90,,
2018-11-22,-5.46,-8.10,,
2018-11-23,-3.49,-4.31,,
2018-11-24,1.94,2.01,,
2018-11-25,4.16,3.37,,
2018-11-26,0.36,-10.25,,
2018-11-27,-2.51,-4.71,,
2018-11-28,0.10,5.47,,
2018-11-29,0.13,7.52,,
2018-11-30,-1.00,6.30,,
2018-12-01,1.73,6.02,,
2018-12-02,0.64,3.27,,
2018-12-03,-3.56,-6.16,,
2018-12-04,-4.71,-7.25,,
2018-12-05,-6.18,-5.00,,
2018-12-06,-4.51,5.98,,
2018-12-07,-3.49,7.83,,
2018-12-08,4.56,-7.30,,
2018-12-09,3.43,-8.48,,
2018-12-10,-0.11,-6.08,,
2018-12-11,-0.43,-1.86,,
2018-12-12,-1.42,7.28,,
2018-12-13,5.70,7.30,,
2018-12-14,11.16,-6.97,,
2018-12-15,5.51,-4.96,,
2018-12-16,0.66,-2.45,,
2018-12-17,-1.90,-2.11,,
2018-12-18,-4.33,-1.58,,
2018-12-19,2.49,0.22,,
2018-12-20,4.84,-5.77,,
2018-12-21,4.50,-4.05,,
2018-12-22,1.00,8.12,,
2018-12-23,0.93,6.63,,
2018-12-24,-3.69,-3.32,,
2018-12-25,-3.58,6.45,,
2018-12-26,-6.33,8.71,,
2018-12-27,-0.94,8.96,,
2018-12-28,-5.54,-6.37,,
2018-12-29,-3.26,-8.95,,
2018-12-30,1.07,-6.75,,
2018-12-31,3.97,-2.68,,
2019-01-01,-2.92,-4.17,,
2019-01-02,-1.08,-8.83,,
2019-01-03,4.11,-6.84,,
2019-01-04,4.81,-1.20,,
2019-01-05,-0.65,2.60,,
2019-01-06,-2.57,5.27,,
2019-01-07,-2.04,6.68,,
2019-01-08,-1.02,4.10,,
2019-01-09,-4.10,-5.06,,
2019-01-10,-4.43,-3.72,,
2019-01-11,-5.06,3.81,,
2019-01-12,4.20,1.70,,
2019-01-13,-2.92,-6.89,,
2019-01-14,-3.90,-6.00,,
2019-01-15,-3.92,-4.67,,
2019-01-16,-5.76,2.45,,
2019-01-17,2.53,0.63,,
2019-01-18,-1.50,5.23,,
2019-01-19,11.38,-1.60,,
2019-01-20,-0.39,-7.53,,
2019-01-21,-3.82,4.39,,
2019-01-22,-2.52,11.87,,
2019-01-23,5.20,-9.38,,
2019-01-24,-3.35,-1.86,,
2019-01-25,-5.11,2.17,,
2019-01-26,-5.89,1.36,,
2019-01-27,-1.40,-3.66,,
2019-01-28,-0.32,6.11,,
2019-01-29,-2.90,-9.50,,
2019-01-30,-6.27,-2.66,,
2019-01-31,-6.12,1.76,,
2019-02-01,-6.13,0.11,,
2019-02-02,-4.32,0.68,,
2019-02-03,-1.29,3.55,,
2019-02-04,-1.45,4.46,,
2019-02-05,-1.61,5.61,,
2019-02-06,-2.29,7.99,,
2019-02-07,-3.74,8.40,,
2019-02-08,-3.66,-11.26,,
2019-02-09,-3.25,-8.47,,
2019-02-10,-0.40,-5.71,,
2019-02-11,-2.43,2.70,,
2019-02-12,1.91,-5.25,,
2019-02-13,-3.54,-4.08,,
2019-02-14,-1.85,6.91,,
2019-02-15,0.24,6.88,,
2019-02-16,-1.62,5.65,,
2019-02-17,-5.02,-1.73,,
2019-02-18,-5.23,-8.37,,
2019-02-19,-4.90,-8.16,,
2019-02-20,1.08,-6.82,,
2019-02-21,-3.69,-3.96,,
2019-02-22,-2.54,-3.91,,
2019-02-23,-1.61,5.27,,
2019-02-24,-2.40,-6.26,,
2019-02-25,-5.05,-2.57,,
2019-02-26,-4.43,1.53,,
2019-02-27,-1.52,4.68,,
2019-02-28,-5.01,1.92,,
2019-03-01,-4.11,-4.40,,
2019-03-02,-4.02,-0.14,,
2019-03-03,-4.39,-3.43,,
2019-03-04,-1.69,-10.67,,
2019-03-05,-1.26,-8.97,,
2019-03-06,-2.96,-4.08,,
2019-03-07,-1.25,1.86,,
2019-03-08,-1.23,6.96,,
2019-03-09,-2.11,8.47,,
2019-03-10,-3.95,3.32,,
2019-03-11,-5.91,2.15,,
2019-03-12,-6.86,3.80,,
2019-03-13,-3.43,10.57,,
2019-03-14,-5.77,6.41,,
2019-03-15,-4.38,-9.39,,
2019-03-16,-3.25,-6.98,,
2019-03-17,-2.24,-3.59,,
2019-03-18,-4.60,-4.14,,
2019-03-19,-6.00,-4.05,,
2019-03-20,-4.90,0.43,,
2019-03-21,-2.64,-1.18,,
2019-03-22,-3.39,3.89,,
2019-03-23,-4.50,5.18,,
2019-03-24,-2.91,5.47,,
2019-03-25,-2.22,3.84,,
2019-03-26,-5.20,-2.21,,
2019-03-27,-4.77,2.33,,
2019-03-28,-5.20,5.02,,
2019-03-29,-3.12,6.13,,
2019-03-30,-2.61,5.13,,
2019-03-31,-2.01,-11.40,,
2019-04-01,-2.05,-6.71,,
2019-04-02,-4.43,-1.88,,
2019-04-03,-6.83,3.19,,
2019-04-04,-2.21,6.79,,
2019-04-05,-3.40,1.10,,
2019-04-06,-5.24,4.40,,
2019-04-07,-2.85,5.14,,
2019-04-08,3.08,-1.31,,
2019-04-09,1.28,4.45,,
2019-04-10,-0.76,8.69,,
2019-04-11,-1.72,8.84,,
2019-04-12,-4.92,-3.32,,
2019-04-13,2.56,5.48,,
2019-04-14,3.47,-6.01,,
2019-04-15,-2.55,6.00,,
2019-04-16,-4.38,7.29,,
2019-04-17,-5.34,7.63,,
2019-04-18,8.51,6.65,,
2019-04-19,2.48,-5.31,,
2019-04-20,-4.80,1.29,,
2019-04-21,-3.92,7.70,,
2019-04-22,-5.33,6.14,,
2019-04-23,-6.35,4.61,,
2019-04-24,-5.31,5.50,,
2019-04-25,2.42,-4.36,,
2019-04-26,-2.16,-2.08,,
2019-04-27,-2.67,6.60,,
2019-04-28,-4.55,6.75,,
2019-04-29,-5.26,6.05,,
2019-04-30,-5.85,7.49,,
2019-05-01,-4.88,8.45,,
2019-05-02,-6.36,5.73,,
2019-05-03,-6.06,4.91,,
2019-05-04,-4.91,0.17,,
2019-05-05,-4.43,0.08,,
2019-05-06,-6.51,2.50,,
2019-05-07,-6.58,3.35,,
2019-05-08,-5.00,8.00,,
2019-05-09,-4.75,4.43,,
2019-05-10,-6.40,-2.45,,
2019-05-11,1.27,-7.22,,
2019-05-12,-0.63,-5.95,,
2019-05-13,-6.01,-1.95,,
2019-05-14,-6.39,-1.01,,
2019-05-15,-5.78,-0.92,,
2019-05-16,-5.74,1.32,,
2019-05-17,-5.56,5.01,,
2019-05-18,-5.44,8.07,,
2019-05-19,-4.58,5.08,,
2019-05-20,-6.01,6.44,,
2019-05-21,-3.45,11.29,,
2019-05-22,-5.11,8.18,,
2019-05-23,-5.90,7.56,,
2019-05-24,-6.95,7.20,,
2019-05-25,-6.86,6.63,,
2019-05-26,-6.25,6.47,,
2019-05-27,-5.32,7.59,,
2019-05-28,-4.48,9.61,,
2019-05-29,-5.67,9.44,,
2019-05-30,-5.08,5.08,,
2019-05-31,-4.99,2.88,,
2019-06-01,-4.63,2.46,,
2019-06-02,-5.08,3.56,,
2019-06-03,-4.98,3.62,,
2019-06-04,-6.58,3.35,,
2019-06-05,-2.24,7.33,,
2019-06-06,-0.09,5.29,,
2019-06-07,-0.83,5.26,,
2019-06-08,-3.12,3.46,,
2019-06-09,-2.55,4.60,,
2019-06-10,-4.65,-2.27,,
2019-06-11,-2.93,-4.03,,
2019-06-12,-1.99,-2.74,,
2019-06-13,-3.23,-0.23,,
2019-06-14,-3.82,4.72,,
2019-06-15,-2.88,9.43,,
2019-06-16,-3.76,10.34,,
2019-06-17,-4.10,6.08,,
2019-06-18,-3.00,4.13,,
2019-06-19,-1.63,7.07,,
2019-06-20,-2.28,9.88,,
2019-06-21,-3.72,9.70,,
2019-06-22,-4.00,9.91,,
2019-06-23,-3.81,10.46,,
2019-06-24,-5.54,8.87,,
2019-06-25,-6.56,2.39,,
2019-06-26,-7.83,3.99,,
2019-06-27,-5.34,3.47,,
2019-06-28,-3.66,3.66,,
2019-06-29,-1.77,4.61,,
2019-06-30,-2.77,5.22,,
2019-07-01,-3.16,6.21,,
2019-07-02,-3.53,5.65,,
2019-07-03,-3.85,8.25,,
2019-07-04,-3.12,9.05,,
2019-07-05,-4.25,7.99,,
2019-07-06,-4.82,4.34,,
2019-07-07,-3.52,4.85,,
2019-07-08,-2.02,7.06,,
2019-07-09,-1.82,8.56,,
2019-07-10,-1.75,7.02,,
2019-07-11,0.26,4.97,,
2019-07-12,2.79,1.68,,
2019-07-13,3.42,2.40,,
2019-07-14,1.34,6.87,,
2019-07-15,-1.02,8.33,,
2019-07-16,-2.82,8.20,,
2019-07-17,-3.61,7.08,,
2019-07-18,-3.47,7.12,,
2019-07-19,-3.34,7.49,,
2019-07-20,-2.70,7.41,,
2019-07-21,-2.87,7.11,,
2019-07-22,-2.73,5.35,,
2019-07-23,-0.07,4.11,,
2019-07-24,-5.05,-3.16,,
2019-07-25,-6.36,-3.24,,
2019-07-26,-5.99,-1.27,,
2019-07-27,-3.30,3.30,,
2019-07-28,-2.79,8.11,,
2019-07-29,-3.39,8.39,,
2019-07-30,-2.45,7.11,,
2019-07-31,-2.04,6.68,,
2019-08-01,-3.14,3.74,,
2019-08-02,-3.11,2.43,,
2019-08-03,-2.05,3.55,,
2019-08-04,-2.47,4.45,,
2019-08-05,-2.90,5.02,,
2019-08-06,-2.86,6.43,,
2019-08-07,-2.72,7.46,,
2019-08-08,-2.77,8.54,,
2019-08-09,-3.31,9.10,,
2019-08-10,-3.52,7.90,,
2019-08-11,-3.45,6.76,,
2019-08-12,-2.70,7.40,,
2019-08-13,-2.32,7.59,,
2019-08-14,-1.76,5.77,,
2019-08-15,-1.06,4.58,,
2019-08-16,-1.89,5.49,,
2019-08-17,-2.18,7.14,,
2019-08-18,-2.60,7.55,,
2019-08-19,-2.98,6.38,,
2019-08-20,-2.71,5.09,,
2019-08-21,-3.51,4.34,,
2019-08-22,-4.18,3.51,,
2019-08-23,-3.63,5.18,,
2019-08-24,-2.63,4.75,,
2019-08-25,-1.68,4.88,,
2019-08-26,-1.73,8.15,,
2019-08-27,-3.53,7.94,,
2019-08-28,-3.80,3.67,,
2019-08-29,-2.01,4.74,,
2019-08-30,-3.01,4.63,,
2019-08-31,-4.09,2.36,,
2019-09-01,-4.75,-0.17,,
2019-09-02,-5.66,-2.06,,
2019-09-03,-4.81,-3.76,,
2019-09-04,-9.46,-2.71,,
2019-09-05,-6.57,1.40,,
2019-09-06,-2.96,1.38,,
2019-09-07,-2.05,4.40,,
2019-09-08,-2.81,6.30,,
2019-09-09,-3.95,6.84,,
2019-09-10,-4.03,5.97,,
2019-09-11,-5.21,4.69,,
2019-09-12,-5.01,2.13,,
2019-09-13,-5.96,0.31,,
2019-09-14,-4.96,-1.42,,
2019-09-15,-5.66,-2.17,,
2019-09-16,-3.91,-2.64,,
2019-09-17,-0.37,-5.24,,
2019-09-18,0.63,7.23,,
2019-09-19,-0.61,8.66,,
2019-09-20,-3.99,8.96,,
2019-09-21,-5.88,6.09,,
2019-09-22,-4.41,4.73,,
2019-09-23,-3.39,3.76,,
2019-09-24,-3.24,4.14,,
2019-09-25,-3.17,4.69,,
2019-09-26,-3.23,3.47,,
2019-09-27,-3.23,4.28,,
2019-09-28,-4.86,7.48,,
2019-09-29,-5.76,6.63,,
2019-09-30,-6.75,5.66,,
2019-10-01,-6.49,4.71,,
2019-10-02,-6.15,3.27,,
2019-10-03,-5.87,0.41,,
2019-10-04,-5.32,-0.56,,
2019-10-05,-3.41,-0.12,,
2019-10-06,-4.18,0.89,,
2019-10-07,-5.03,-2.35,,
2019-10-08,-5.12,-4.45,,
2019-10-09,-4.49,5.35,,
2019-10-10,-4.38,8.98,,
2019-10-11,-7.98,5.80,,
2019-10-12,-0.68,-9.72,,
2019-10-13,-2.65,-4.98,,
2019-10-14,-2.84,4.06,,
2019-10-15,-1.82,6.36,,
2019-10-16,-1.52,-7.15,,
2019-10-17,-1.72,-8.07,,
2019-10-18,-2.98,-4.26,,
2019-10-19,-2.34,4.59,,
2019-10-20,-1.74,6.99,,
2019-10-21,-3.08,7.63,,
2019-10-22,-6.98,-6.28,,
2019-10-23,-7.24,3.85,,
2019-10-24,-6.07,3.65,,
2019-10-25,3.52,-9.68,,
2019-10-26,5.54,-8.21,,
2019-10-27,0.05,3.11,,
2019-10-28,-3.00,4.28,,
2019-10-29,-3.90,2.73,,
2019-10-30,-4.28,4.13,,
2019-10-31,2.39,-12.31,,
2019-11-01,-2.83,-5.81,,
2019-11-02,-3.33,-5.76,,
2019-11-03,-4.57,-1.76,,
2019-11-04,-1.17,3.61,,
2019-11-05,-2.79,3.99,,
2019-11-06,-5.19,1.69,,
2019-11-07,-3.98,1.29,,
2019-11-08,-0.74,-10.55,,
2019-11-09,-0.69,-5.64,,
2019-11-10,-2.70,-0.77,,
2019-11-11,-1.86,4.38,,
2019-11-12,1.12,-12.84,,
2019-11-13,-0.24,-6.78,,
2019-11-14,0.00,-7.62,,
2019-11-15,-0.90,-8.54,,
2019-11-16,-2.52,-3.22,,
2019-11-17,-2.17,2.78,,
2019-11-18,-2.92,-1.49,,
2019-11-19,-1.93,1.35,,
2019-11-20,-2.59,6.76,,
2019-11-21,-1.55,7.98,,
2019-11-22,-1.10,5.64,,
2019-11-23,-0.37,-7.03,,
2019-11-24,-2.12,-0.11,,
2019-11-25,0.78,6.35,,
2019-11-26,0.34,9.77,,
2019-11-27,-8.32,-3.88,,
2019-11-28,-3.96,-5.26,,
2019-11-29,-3.86,5.51,,
2019-11-30,-1.22,9.98,,
2019-12-01,-1.08,-7.66,,
2019-12-02,-1.34,-6.89,,
2019-12-03,-0.18,1.45,,
2019-12-04,1.73,3.12,,
2019-12-05,-1.95,2.89,,
2019-12-06,3.72,3.12,,
2019-12-07,-2.28,-5.94,,
2019-12-08,-2.37,2.13,,
2019-12-09,-0.31,8.78,,
2019-12-10,-5.52,-7.88,,
2019-12-11,-2.67,-8.73,,
2019-12-12,-2.08,-5.70,,
2019-12-13,3.07,-2.31,,
2019-12-14,1.94,3.11,,
2019-12-15,-0.36,10.24,,
2019-12-16,-0.81,9.29,,
2019-12-17,1.03,-11.80,,
2019-12-18,-0.83,-7.94,,
2019-12-19,-3.20,0.45,,
2019-12-20,-3.81,1.70,,
2019-12-21,-2.14,-5.28,,
2019-12-22,-0.10,-5.95,,
2019-12-23,-0.10,-1.91,,
2019-12-24,-1.81,0.92,,
2019-12-25,-2.53,2.91,,
2019-12-26,-5.14,2.18,,
2019-12-27,-5.71,-0.70,,
2019-12-28,-3.20,7.55,,
2019-12-29,3.58,5.51,,
2019-12-30,-3.04,-5.27,,
2019-12-31,-5.32,-3.86,,
2020-01-01,-4.65,-0.16,,
2020-01-02,3.37,3.87,,
2020-01-03,4.60,-3.10,,
2020-01-04,3.54,-4.08,,
2020-01-05,0.75,5.31,,
2020-01-06,-0.12,6.59,,
2020-01-07,-5.09,-4.92,,
2020-01-08,-5.45,1.67,,
2020-01-09,-2.96,9.10,,
2020-01-10,-2.52,11.86,,
2020-01-11,9.49,-3.08,,
2020-01-12,-4.82,-0.08,,
2020-01-13,-4.98,0.44,,
2020-01-14,-2.27,6.24,,
2020-01-15,-3.37,6.91,,
2020-01-16,-5.11,3.32,,
2020-01-17,-4.73,4.41,,
2020-01-18,-3.24,3.13,,
2020-01-19,-3.19,-9.26,,
2020-01-20,-5.49,-7.03,,
2020-01-21,-6.72,-0.00,,
2020-01-22,-4.83,7.73,,
2020-01-23,3.66,-2.38,,
2020-01-24,-4.62,-4.78,,
2020-01-25,-4.61,3.00,,
2020-01-26,1.31,3.81,,
2020-01-27,-2.39,-0.04,,
2020-01-28,-3.77,4.04,,
2020-01-29,3.93,-6.82,,
2020-01-30,-6.17,-5.18,,
2020-01-31,-2.20,-6.76,,
2020-02-01,3.42,-2.87,,
2020-02-02,1.59,5.20,,
2020-02-03,-0.88,10.03,,
2020-02-04,-0.54,10.31,,
2020-02-05,0.12,-6.93,,
2020-02-06,5.76,-7.37,,
2020-02-07,2.40,5.65,,
2020-02-08,-2.77,7.23,,
2020-02-09,-5.23,8.06,,
2020-02-10,-2.93,8.50,,
2020-02-11,-7.34,-2.11,,
2020-02-12,3.12,-5.87,,
2020-02-13,-0.29,-5.49,,
2020-02-14,-5.00,-6.18,,
2020-02-15,-4.81,-0.93,,
2020-02-16,-2.99,-0.31,,
2020-02-17,-3.05,5.27,,
2020-02-18,-3.47,6.26,,
2020-02-19,-3.39,-5.43,,
2020-02-20,-0.58,-8.34,,
2020-02-21,-3.11,-10.18,,
2020-02-22,-4.33,0.23,,
2020-02-23,-2.80,6.01,,
2020-02-24,-1.09,5.59,,
2020-02-25,-3.13,-0.38,,
2020-02-26,1.33,-10.87,,
2020-02-27,-1.49,-5.55,,
2020-02-28,-0.43,4.11,,
2020-02-29,-0.96,6.07,,
2020-03-01,-1.61,10.14,,
2020-03-02,-2.15,7.02,,
2020-03-03,-4.30,3.01,,
2020-03-04,5.43,4.09,,
2020-03-05,3.12,-8.14,,
2020-03-06,-3.37,-4.99,,
2020-03-07,-6.42,-0.45,,
2020-03-08,-4.76,3.46,,
2020-03-09,-3.44,5.73,,
2020-03-10,-2.83,3.62,,
2020-03-11,-1.64,4.27,,
2020-03-12,-2.53,6.60,,
2020-03-13,-3.70,6.15,,
2020-03-14,-4.10,5.06,,
2020-03-15,-5.23,2.01,,
2020-03-16,-5.27,1.41,,
2020-03-17,-3.83,5.27,,
2020-03-18,-3.35,6.57,,
2020-03-19,-3.67,8.25,,
2020-03-20,-4.74,4.27,,
2020-03-21,-7.25,-6.76,,
2020-03-22,-3.09,1.85,,
2020-03-23,-1.99,6.13,,
2020-03-24,-1.99,8.00,,
2020-03-25,-1.88,4.66,,
2020-03-26,-3.50,5.61,,
2020-03-27,-4.13,8.46,,
2020-03-28,-2.69,6.65,,
2020-03-29,-6.68,-6.23,,
2020-03-30,-6.11,4.44,,
2020-03-31,1.72,-4.74,,
2020-04-01,-6.83,-2.22,,
2020-04-02,-5.50,5.31,,
2020-04-03,-5.57,5.01,,
2020-04-04,-7.93,-4.58,,
2020-04-05,-5.79,-7.42,,
2020-04-06,-5.41,-2.18,,
2020-04-07,-2.48,1.55,,
2020-04-08,-1.64,3.68,,
2020-04-09,-1.07,4.01,,
2020-04-10,-4.96,-4.17,,
2020-04-11,-6.84,2.09,,
2020-04-12,0.77,8.82,,
2020-04-13,-1.41,-7.26,,
2020-04-14,-5.60,-6.44,,
2020-04-15,-4.53,-7.84,,
2020-04-16,-5.37,1.85,,
2020-04-17,-3.66,3.18,,
2020-04-18,-4.90,-3.56,,
2020-04-19,-1.93,4.33,,
2020-04-20,-2.01,2.23,,
2020-04-21,-4.85,3.15,,
2020-04-22,-3.91,7.35,,
2020-04-23,-2.86,4.76,,
2020-04-24,-3.11,4.97,,
2020-04-25,-7.95,0.56,,
2020-04-26,-6.87,-3.81,,
2020-04-27,-5.51,4.96,,
2020-04-28,-4.19,7.57,,
2020-04-29,-6.22,6.01,,
2020-04-30,-3.94,-2.97,,
2020-05-01,-3.00,6.43,,
2020-05-02,-3.98,7.81,,
2020-05-03,-3.19,7.17,,
2020-05-04,-3.31,7.11,,
2020-05-05,-3.45,5.98,,
2020-05-06,-5.88,-3.67,,
2020-05-07,-6.51,3.17,,
2020-05-08,-2.01,9.45,,
2020-05-09,-6.80,-7.55,,
2020-05-10,-6.82,-5.53,,
2020-05-11,-6.51,1.62,,
2020-05-12,-4.80,7.67,,
2020-05-13,-4.37,6.73,,
2020-05-14,-4.39,4.88,,
2020-05-15,-4.88,5.23,,
2020-05-16,-4.56,5.63,,
2020-05-17,-3.87,-1.80,,
2020-05-18,-0.13,3.62,,
2020-05-19,-0.76,7.21,,
2020-05-20,-2.39,7.80,,
2020-05-21,-4.50,6.43,,
2020-05-22,-5.07,5.43,,
2020-05-23,-5.59,5.59,,
2020-05-24,-5.73,6.37,,
2020-05-25,-3.57,4.74,,
2020-05-26,-3.78,-4.50,,
2020-05-27,-0.64,4.58,,
2020-05-28,-4.40,5.84,,
2020-05-29,-3.66,-3.42,,
2020-05-30,-3.15,-3.15,,
2020-05-31,-4.97,-1.06,,
2020-06-01,-5.96,2.05,,
2020-06-02,-4.69,0.91,,
2020-06-03,-4.19,1.20,,
2020-06-04,-2.85,3.65,,
2020-06-05,-3.18,3.29,,
2020-06-06,-4.04,-2.15,,
2020-06-07,3.08,0.71,,
2020-06-08,0.41,5.87,,
2020-06-09,-2.57,7.46,,
2020-06-10,-6.97,-0.98,,
2020-06-11,-6.33,-3.09,,
2020-06-12,-5.06,-1.84,,
2020-06-13,-4.54,-2.41,,
2020-06-14,-4.92,-0.52,,
2020-06-15,-4.78,1.65,,
2020-06-16,-5.24,3.81,,
2020-06-17,-4.68,5.02,,
2020-06-18,-3.89,6.73,,
2020-06-19,-4.26,7.09,,
2020-06-20,-3.60,6.24,,
2020-06-21,-2.81,7.73,,
2020-06-22,-3.27,8.51,,
2020-06-23,-2.56,7.87,,
2020-06-24,0.40,5.72,,
2020-06-25,-2.12,4.55,,
2020-06-26,-3.49,7.15,,
2020-06-27,-3.97,7.47,,
2020-06-28,-2.93,10.22,,
2020-06-29,-3.28,10.72,,
2020-06-30,-2.63,9.82,,
2020-07-01,-3.27,9.49,,
2020-07-02,-3.33,7.84,,
2020-07-03,-2.55,6.01,,
2020-07-04,-1.26,5.94,,
2020-07-05,-0.96,7.82,,
2020-07-06,-2.10,8.41,,
2020-07-07,-2.76,7.18,,
2020-07-08,-3.20,7.92,,
2020-07-09,-3.33,8.24,,
2020-07-10,-3.51,6.90,,
2020-07-11,-2.33,6.07,,
2020-07-12,-1.56,6.76,,
2020-07-13,-1.42,7.28,,
2020-07-14,-2.00,8.64,,
2020-07-15,-2.49,7.68,,
2020-07-16,-2.92,5.73,,
2020-07-17,-3.47,4.78,,
2020-07-18,-3.71,2.60,,
2020-07-19,-4.10,1.25,,
2020-07-20,-4.01,-0.49,,
2020-07-21,-3.07,2.31,,
2020-07-22,-4.25,2.98,,
2020-07-23,-4.57,0.97,,
2020-07-24,-3.69,-3.56,,
2020-07-25,-9.11,-15.16,,
2020-07-26,-12.94,5.23,,
2020-07-27,-6.55,2.00,,
2020-07-28,-2.43,3.34,,
2020-07-29,-2.09,6.06,,
2020-07-30,-2.42,7.03,,
2020-07-31,-1.45,7.48,,
2020-08-01,0.55,5.23,,
2020-08-02,-1.91,3.18,,
2020-08-03,-0.57,3.58,,
2020-08-04,-0.73,3.45,,
2020-08-05,-2.37,4.64,,
2020-08-06,-3.96,5.07,,
2020-08-07,-4.18,4.64,,
2020-08-08,-3.67,5.06,,
2020-08-09,-2.55,7.00,,
2020-08-10,-3.06,6.55,,
2020-08-11,-2.86,6.73,,
2020-08-12,-1.64,7.71,,
2020-08-13,-1.27,6.56,,
2020-08-14,-0.75,6.08,,
2020-08-15,-0.78,6.36,,
2020-08-16,-0.68,4.81,,
2020-08-17,-1.38,3.79,,
2020-08-18,0.49,3.51,,
2020-08-19,2.90,-0.31,,
2020-08-20,0.09,4.99,,
2020-08-21,-1.72,6.41,,
2020-08-22,-3.28,4.87,,
2020-08-23,-5.04,-1.16,,
2020-08-24,-5.34,-2.27,,
2020-08-25,-3.30,-3.30,,
2020-08-26,-2.40,-3.70,,
2020-08-27,0.98,3.20,,
2020-08-28,-1.63,8.37,,
2020-08-29,-2.22,7.26,,
2020-08-30,-2.24,7.32,,
2020-08-31,-2.45,9.83,,
2020-09-01,-3.82,10.49,,
2020-09-02,-2.32,10.91,,
2020-09-03,-2.73,7.50,,
2020-09-04,-4.11,3.97,,
2020-09-05,-6.68,-0.35,,
2020-09-06,-3.93,-2.18,,
2020-09-07,-1.58,1.28,,
2020-09-08,-3.78,5.82,,
2020-09-09,-4.56,6.51,,
2020-09-10,-4.95,-2.63,,
2020-09-11,0.11,-6.48,,
2020-09-12,-1.06,-4.24,,
2020-09-13,-2.84,-3.92,,
2020-09-14,-4.53,-5.22,,
2020-09-15,-1.49,-5.57,,
2020-09-16,-0.36,-4.07,,
2020-09-17,-2.18,-5.98,,
2020-09-18,-3.45,-7.08,,
2020-09-19,-3.66,-8.62,,
2020-09-20,-1.46,-9.23,,
2020-09-21,4.77,-11.24,,
2020-09-22,8.68,-4.81,,
2020-09-23,2.87,-5.19,,
2020-09-24,-1.22,-4.57,,
2020-09-25,-3.25,-0.69,,
2020-09-26,-4.16,4.62,,
2020-09-27,-2.35,7.70,,
2020-09-28,-8.33,-1.02,,
2020-09-29,-1.79,-9.23,,
2020-09-30,-3.12,-0.72,,
2020-10-01,-3.54,0.62,,
2020-10-02,-3.46,-2.61,,
2020-10-03,-4.59,2.14,,
2020-10-04,-5.26,0.28,,
2020-10-05,-3.46,-0.18,,
2020-10-06,-3.71,1.81,,
2020-10-07,-3.99,-3.72,,
2020-10-08,-4.41,-5.85,,
2020-10-09,1.54,-8.74,,
2020-10-10,-1.18,2.65,,
2020-10-11,-0.66,7.58,,
2020-10-12,-1.95,6.38,,
2020-10-13,-4.22,0.07,,
2020-10-14,-2.13,4.00,,
2020-10-15,-1.52,7.82,,
2020-10-16,-6.48,-5.64,,
2020-10-17,-6.91,1.10,,
2020-10-18,-2.52,7.76,,
2020-10-19,-3.56,5.92,,
2020-10-20,-5.16,4.81,,
2020-10-21,-6.24,1.56,,
2020-10-22,-5.91,1.81,,
2020-10-23,-4.08,2.17,,
2020-10-24,-1.94,-6.76,,
2020-10-25,-3.38,4.83,,
2020-10-26,-4.93,6.54,,
2020-10-27,-6.23,-3.89,,
2020-10-28,5.64,-8.05,,
2020-10-29,6.56,-5.13,,
2020-10-30,-2.15,-8.02,,
2020-10-31,-3.10,-0.44,,
2020-11-01,-4.39,-1.60,,
2020-11-02,-5.23,-6.02,,
2020-11-03,-4.57,-1.40,,
2020-11-04,-3.13,2.82,,
2020-11-05,-2.92,2.04,,
2020-11-06,-4.37,-1.01,,
2020-11-07,-5.53,-2.01,,
2020-11-08,-4.52,0.47,,
2020-11-09,-3.83,2.89,,
2020-11-10,-2.55,3.78,,
2020-11-11,-2.29,-0.32,,
2020-11-12,-2.79,0.64,,
2020-11-13,-3.77,1.76,,
2020-11-14,-2.13,6.54,,
2020-11-15,-7.97,1.84,,
2020-11-16,-5.20,-5.77,,
2020-11-17,-6.35,-4.12,,
2020-11-18,-6.03,-0.42,,
2020-11-19,-3.48,2.09,,
2020-11-20,-2.77,2.41,,
2020-11-21,-4.17,-0.00,,
2020-11-22,-4.47,1.45,,
2020-11-23,-6.03,-2.32,,
2020-11-24,-4.00,8.58,,
2020-11-25,-2.71,7.45,,
2020-11-26,-4.83,-0.17,,
2020-11-27,-1.93,7.19,,
2020-11-28,-5.68,-0.50,,
2020-11-29,0.80,-9.11,,
2020-11-30,1.41,-10.03,,
2020-12-01,-4.84,2.36,,
2020-12-02,0.34,6.54,,
2020-12-03,2.63,-9.83,,
2020-12-04,0.39,-7.53,,
2020-12-05,-1.71,-5.58,,
2020-12-06,4.60,-5.68,,
2020-12-07,2.14,-4.80,,
2020-12-08,2.58,0.45,,
2020-12-09,2.86,3.66,,
2020-12-10,-0.46,6.55,,
2020-12-11,-1.15,8.16,,
2020-12-12,-2.50,-4.16,,
2020-12-13,-3.51,5.84,,
2020-12-14,0.62,-8.90,,
2020-12-15,-2.61,4.17,,
2020-12-16,1.09,-7.75,,
2020-12-17,-4.54,-4.38,,
2020-12-18,-5.71,5.15,,
2020-12-19,-1.65,7.15,,
2020-12-20,-1.40,-4.30,,
2020-12-21,0.41,3.31,,
2020-12-22,-3.44,3.95,,
2020-12-23,-1.25,7.07,,
2020-12-24,1.89,-9.72,,
2020-12-25,5.28,-0.56,,
2020-12-26,1.24,3.61,,
2020-12-27,-0.67,6.39,,
2020-12-28,-3.86,5.94,,
2020-12-29,-6.07,7.23,,
2020-12-30,-4.02,9.47,,
2020-12-31,8.17,-1.29,,
2021-01-01,7.88,-4.19,,
2021-01-02,0.68,-5.55,,
2021-01-03,0.20,3.80,,
2021-01-04,0.47,4.52,,
2021-01-05,-1.29,3.05,,
2021-01-06,-2.30,7.52,,
2021-01-07,5.29,-5.68,,
2021-01-08,-3.79,-5.62,,
2021-01-09,-5.40,-4.86,,
2021-01-10,-10.10,-4.93,,
2021-01-11,1.68,-10.63,,
2021-01-12,-1.22,-5.73,,
2021-01-13,1.84,-2.94,,
2021-01-14,3.04,5.48,,
2021-01-15,0.36,-6.85,,
2021-01-16,3.88,-1.97,,
2021-01-17,-4.34,-0.08,,
2021-01-18,-1.97,6.07,,
2021-01-19,-4.90,8.16,,
2021-01-20,-5.80,0.92,,
2021-01-21,2.41,-1.02,,
2021-01-22,0.25,-2.07,,
2021-01-23,-5.12,-1.96,,
2021-01-24,-3.94,6.82,,
2021-01-25,-1.08,8.82,,
2021-01-26,-5.05,-4.54,,
2021-01-27,-1.37,-6.43,,
2021-01-28,-4.71,-6.49,,
2021-01-29,-4.19,0.89,,
2021-01-30,-1.69,8.68,,
2021-01-31,5.19,-3.37,,
2021-02-01,-2.21,-7.70,,
2021-02-02,-2.75,-0.63,,
2021-02-03,-1.39,4.56,,
2021-02-04,-0.97,9.23,,
2021-02-05,-6.28,-4.56,,
2021-02-06,-2.49,-4.69,,
2021-02-07,-4.81,-2.45,,
2021-02-08,-3.69,4.72,,
2021-02-09,-3.65,1.55,,
2021-02-10,-5.02,3.78,,
2021-02-11,-3.58,-7.69,,
2021-02-12,-0.17,-10.01,,
2021-02-13,-0.45,-8.51,,
2021-02-14,-0.57,-8.20,,
2021-02-15,3.54,-11.57,,
2021-02-16,-3.76,-5.80,,
2021-02-17,0.76,-8.71,,
2021-02-18,-0.72,-10.23,,
2021-02-19,2.12,-7.91,,
2021-02-20,-2.78,0.69,,
2021-02-21,-3.20,7.54,,
2021-02-22,-5.24,-0.55,,
2021-02-23,-2.27,3.64,,
2021-02-24,-1.76,7.04,,
2021-02-25,-3.09,6.07,,
2021-02-26,-2.59,6.74,,
2021-02-27,-3.17,7.12,,
2021-02-28,-2.61,7.59,,
2021-03-01,-6.41,2.99,,
2021-03-02,1.37,-8.64,,
2021-03-03,-2.79,-1.67,,
2021-03-04,-4.30,1.48,,
2021-03-05,-3.06,3.17,,
2021-03-06,-1.50,-7.06,,
2021-03-07,-6.63,-2.81,,
2021-03-08,-4.98,0.44,,
2021-03-09,-4.17,5.14,,
2021-03-10,-3.55,7.60,,
2021-03-11,-4.50,7.21,,
2021-03-12,-4.80,5.52,,
2021-03-13,-5.01,5.76,,
2021-03-14,-3.64,8.17,,
2021-03-15,-0.96,-2.07,,
2021-03-16,-2.69,4.48,,
2021-03-17,-0.40,7.56,,
2021-03-18,2.75,-8.00,,
2021-03-19,-3.29,-5.69,,
2021-03-20,-4.85,-2.69,,
2021-03-21,-5.21,2.00,,
2021-03-22,-4.34,6.95,,
2021-03-23,-4.40,4.89,,
2021-03-24,-5.50,2.00,,
2021-03-25,-5.18,4.83,,
2021-03-26,-4.59,-0.08,,
2021-03-27,-4.20,6.47,,
2021-03-28,-7.54,-5.08,,
2021-03-29,-5.62,-4.55,,
2021-03-30,-3.96,5.45,,
2021-03-31,-3.45,4.41,,
2021-04-01,-7.49,-8.61,,
2021-04-02,-7.40,-0.26,,
2021-04-03,-5.29,4.60,,
2021-04-04,-4.88,2.07,,
2021-04-05,-3.95,3.81,,
2021-04-06,-4.25,7.99,,
2021-04-07,-3.35,8.30,,
2021-04-08,-1.42,3.51,,
2021-04-09,-3.32,7.45,,
2021-04-10,-5.88,3.13,,
2021-04-11,-5.04,-2.35,,
2021-04-12,-5.16,2.09,,
2021-04-13,-5.44,2.09,,
2021-04-14,-4.10,2.56,,
2021-04-15,-6.35,-3.24,,
2021-04-16,-4.55,3.19,,
2021-04-17,-3.14,-9.67,,
2021-04-18,-2.59,-9.68,,
2021-04-19,-4.52,-4.68,,
2021-04-20,-3.20,-0.62,,
2021-04-21,-6.02,-5.24,,
2021-04-22,-7.49,3.03,,
2021-04-23,-5.69,7.83,,
2021-04-24,-0.07,4.14,,
2021-04-25,-5.89,-1.91,,
2021-04-26,-5.34,5.34,,
2021-04-27,-4.29,5.11,,
2021-04-28,-5.00,7.70,,
2021-04-29,-3.86,7.26,,
2021-04-30,-3.95,1.52,,
2021-05-01,-4.75,5.28,,
2021-05-02,-0.00,6.25,,
2021-05-03,-2.54,8.31,,
2021-05-04,-5.56,3.21,,
2021-05-05,-4.22,-6.75,,
2021-05-06,-5.86,-2.13,,
2021-05-07,-5.46,1.06,,
2021-05-08,-4.43,6.82,,
2021-05-09,-3.50,10.17,,
2021-05-10,-3.98,6.89,,
2021-05-11,-4.62,5.13,,
2021-05-12,-5.40,-5.04,,
2021-05-13,-3.57,-7.33,,
2021-05-14,-5.91,-0.31,,
2021-05-15,-7.40,4.99,,
2021-05-16,-5.42,7.19,,
2021-05-17,-4.77,7.95,,
2021-05-18,-6.26,6.71,,
2021-05-19,-9.30,-2.49,,
2021-05-20,-2.81,-4.33,,
2021-05-21,-4.78,0.84,,
2021-05-22,-7.01,2.28,,
2021-05-23,-5.72,2.79,,
2021-05-24,-4.45,5.30,,
2021-05-25,-4.67,5.97,,
2021-05-26,-4.81,5.53,,
2021-05-27,-4.70,6.01,,
2021-05-28,-4.38,7.29,,
2021-05-29,-6.19,2.89,,
2021-05-30,-5.42,3.52,,
2021-05-31,-6.97,5.06,,
2021-06-01,-4.07,4.52,,
2021-06-02,-1.82,2.60,,
2021-06-03,-1.69,4.64,,
2021-06-04,1.66,2.88,,
2021-06-05,-0.87,3.76,,
2021-06-06,-2.31,6.70,,
2021-06-07,-3.78,8.91,,
2021-06-08,-3.29,7.76,,
2021-06-09,-3.15,6.45,,
2021-06-10,-2.49,6.18,,
2021-06-11,-2.96,6.98,,
2021-06-12,-3.10,6.64,,
2021-06-13,-1.21,3.15,,
2021-06-14,0.31,3.52,,
2021-06-15,-1.38,2.38,,
2021-06-16,-4.37,-0.54,,
2021-06-17,-4.66,-1.88,,
2021-06-18,-5.03,-1.54,,
2021-06-19,-2.27,2.81,,
2021-06-20,-1.17,8.34,,
2021-06-21,-3.32,10.20,,
2021-06-22,-4.79,3.23,,
2021-06-23,-3.89,5.17,,
2021-06-24,-4.00,6.65,,
2021-06-25,-2.92,8.47,,
2021-06-26,-3.99,8.95,,
2021-06-27,-5.11,4.60,,
2021-06-28,-3.96,2.67,,
2021-06-29,-5.29,3.98,,
2021-06-30,-5.29,2.36,,
2021-07-01,-3.38,0.72,,
2021-07-02,-2.43,3.75,,
2021-07-03,-1.29,3.75,,
2021-07-04,-1.90,3.72,,
2021-07-05,-2.46,4.26,,
2021-07-06,-3.81,6.10,,
2021-07-07,-2.92,7.60,,
2021-07-08,-3.33,8.67,,
2021-07-09,-1.03,9.79,,
2021-07-10,-2.44,7.51,,
2021-07-11,-1.59,8.20,,
2021-07-12,-2.58,7.50,,
2021-07-13,-4.50,4.05,,
2021-07-14,-3.96,3.10,,
2021-07-15,-2.60,6.12,,
2021-07-16,-2.48,8.64,,
2021-07-17,-3.53,6.93,,
2021-07-18,-3.62,4.31,,
2021-07-19,-1.84,5.06,,
2021-07-20,1.73,4.75,,
2021-07-21,0.05,2.78,,
2021-07-22,-0.26,4.98,,
2021-07-23,-2.21,8.26,,
2021-07-24,-1.49,8.47,,
2021-07-25,-1.50,6.03,,
2021-07-26,-1.09,4.36,,
2021-07-27,-1.35,3.18,,
2021-07-28,-3.16,1.21,,
2021-07-29,-3.46,0.93,,
2021-07-30,-2.53,2.28,,
2021-07-31,-0.76,6.21,,
2021-08-01,-0.62,7.10,,
2021-08-02,-0.58,6.68,,
2021-08-03,1.04,4.15,,
2021-08-04,-0.89,3.31,,
2021-08-05,-3.24,1.80,,
2021-08-06,-3.08,3.19,,
2021-08-07,-1.88,7.03,,
2021-08-08,-2.46,9.17,,
2021-08-09,-2.41,8.98,,
2021-08-10,-2.69,7.80,,
2021-08-11,-3.40,5.23,,
2021-08-12,-3.20,5.33,,
2021-08-13,-3.48,4.30,,
2021-08-14,-3.83,0.88,,
2021-08-15,-3.80,-0.27,,
2021-08-16,-3.80,0.40,,
2021-08-17,-3.01,5.20,,
2021-08-18,-3.40,7.65,,
2021-08-19,-3.50,8.24,,
2021-08-20,-5.14,5.92,,
2021-08-21,-5.19,5.77,,
2021-08-22,-3.33,4.93,,
2021-08-23,-3.31,4.39,,
2021-08-24,-3.00,4.28,,
2021-08-25,-3.24,4.00,,
2021-08-26,-3.32,2.24,,
2021-08-27,-3.69,0.85,,
2021-08-28,-3.57,2.06,,
2021-08-29,-2.99,2.42,,
2021-08-30,-0.16,4.47,,
2021-08-31,-0.79,6.42,,
2021-09-01,-3.23,6.93,,
2021-09-02,-3.65,5.83,,
2021-09-03,-3.29,5.26,,
2021-09-04,-2.29,7.04,,
2021-09-05,-0.97,6.12,,
2021-09-06,-0.37,5.35,,
2021-09-07,-3.15,2.29,,
2021-09-08,-3.30,0.70,,
2021-09-09,-4.31,-1.07,,
2021-09-10,-5.53,-1.28,,
2021-09-11,-6.47,-2.36,,
2021-09-12,-6.47,-0.68,,
2021-09-13,-10.04,-6.52,,
2021-09-14,5.32,-5.14,,
2021-09-15,-2.09,-4.48,,
2021-09-16,-2.21,-3.99,,
2021-09-17,-2.47,2.65,,
2021-09-18,-4.62,1.33,,
2021-09-19,-2.90,2.80,,
2021-09-20,-1.30,6.68,,
2021-09-21,-1.50,6.48,,
2021-09-22,-3.93,-6.81,,
2021-09-23,-3.83,-3.70,,
2021-09-24,-5.05,0.44,,
2021-09-25,-4.67,-0.57,,
2021-09-26,-4.19,0.07,,
2021-09-27,-4.17,2.51,,
2021-09-28,-2.59,6.76,,
2021-09-29,-2.95,6.63,,
2021-09-30,-4.02,3.74,,
2021-10-01,-3.68,4.54,,
2021-10-02,-4.13,-0.00,,
2021-10-03,-3.54,-1.29,,
2021-10-04,-1.67,-3.58,,
2021-10-05,0.06,-3.45,,
2021-10-06,-3.03,0.87,,
2021-10-07,-2.91,2.81,,
2021-10-08,-2.98,2.42,,
2021-10-09,-1.79,4.03,,
2021-10-10,-3.20,8.35,,
2021-10-11,-4.02,6.44,,
2021-10-12,-3.95,7.76,,
2021-10-13,-4.90,9.61,,
2021-10-14,-1.69,9.57,,
2021-10-15,-0.81,5.74,,
2021-10-16,-2.54,-9.47,,
2021-10-17,-3.06,-7.20,,
2021-10-18,-4.76,-0.33,,
2021-10-19,-3.36,3.47,,
2021-10-20,-3.87,1.80,,
2021-10-21,-3.87,0.68,,
2021-10-22,-4.59,-0.73,,
2021-10-23,-3.02,4.00,,
2021-10-24,-2.69,4.85,,
2021-10-25,-1.55,4.03,,
2021-10-26,-3.11,6.11,,
2021-10-27,4.92,9.65,,
2021-10-28,5.76,-7.37,,
2021-10-29,4.61,-7.10,,
2021-10-30,-0.61,-4.32,,
2021-10-31,-3.76,4.64,,
2021-11-01,-5.04,2.91,,
2021-11-02,-3.81,3.95,,
2021-11-03,-5.01,4.36,,
2021-11-04,-3.57,-8.85,,
2021-11-05,-0.59,-6.70,,
2021-11-06,-2.06,-3.05,,
2021-11-07,-2.91,0.15,,
2021-11-08,-3.68,2.98,,
2021-11-09,-2.54,4.57,,
2021-11-10,-2.20,6.05,,
2021-11-11,0.73,5.92,,
2021-11-12,-4.27,-3.59,,
2021-11-13,-5.60,-5.22,,
2021-11-14,-1.29,5.17,,
2021-11-15,-1.39,6.02,,
2021-11-16,-1.74,7.53,,
2021-11-17,-1.19,7.54,,
2021-11-18,-5.95,-4.82,,
2021-11-19,-3.24,-6.94,,
2021-11-20,-2.96,3.28,,
2021-11-21,-2.01,4.74,,
2021-11-22,0.25,-7.03,,
2021-11-23,-4.02,-3.37,,
2021-11-24,-3.19,7.52,,
2021-11-25,-3.93,6.06,,
2021-11-26,-1.74,-8.97,,
2021-11-27,-1.37,-5.49,,
2021-11-28,1.59,-6.90,,
2021-11-29,-0.49,-4.64,,
2021-11-30,-1.92,1.34,,
2021-12-01,-1.45,2.32,,
2021-12-02,-2.79,0.85,,
2021-12-03,-1.59,3.94,,
2021-12-04,-1.49,5.57,,
2021-12-05,-2.81,6.02,,
2021-12-06,-0.13,7.32,,
2021-12-07,-0.30,-5.68,,
2021-12-08,-0.82,-2.38,,
2021-12-09,-2.31,5.72,,
2021-12-10,-0.94,10.78,,
2021-12-11,-1.22,-9.95,,
2021-12-12,-2.62,-7.21,,
2021-12-13,-5.01,-1.53,,
2021-12-14,-2.17,4.26,,
2021-12-15,-2.98,7.01,,
2021-12-16,-2.39,7.80,,
2021-12-17,-3.60,6.77,,
2021-12-18,-1.42,7.29,,
2021-12-19,-0.78,-8.89,,
2021-12-20,-0.22,-6.34,,
2021-12-21,-1.48,-3.50,,
2021-12-22,-0.18,5.02,,
2021-12-23,-1.06,7.53,,
2021-12-24,-0.68,9.67,,
2021-12-25,-0.16,9.43,,
2021-12-26,-0.86,8.20,,
2021-12-27,-1.24,8.79,,
2021-12-28,-1.50,9.44,,
2021-12-29,-1.40,6.08,,
2021-12-30,-2.31,1.39,,
2021-12-31,-2.00,6.97,,
2022-01-01,-0.19,10.73,0.089,0.295
2022-01-02,3.12,-10.20,-0.032,-0.083
2022-01-03,-0.67,-7.61,-0.076,-0.130
2022-01-04,-2.16,4.64,-0.007,0.054
2022-01-05,2.01,6.58,0.103,0.197
2022-01-06,2.08,5.16,0.078,0.136
2022-01-07,-4.48,-8.43,-0.167,-0.217
2022-01-08,-1.45,5.06,-0.114,-0.064
2022-01-09,0.33,4.71,-0.044,-0.012
2022-01-10,-0.90,-10.34,-0.152,-0.278
2022-01-11,-3.95,-7.74,-0.201,-0.276
2022-01-12,-4.11,-5.26,-0.161,-0.217
2022-01-13,0.18,-3.49,-0.042,-0.061
2022-01-14,1.49,4.33,0.083,0.150
2022-01-15,6.94,-7.45,0.034,0.009
2022-01-16,4.81,-7.69,0.034,-0.043
2022-01-17,1.80,2.88,0.096,0.134
2022-01-18,-1.19,7.49,0.064,0.192
2022-01-19,-0.15,8.49,0.083,0.244
2022-01-20,0.57,-10.91,-0.022,-0.055
2022-01-21,0.66,-9.42,-0.137,-0.273
2022-01-22,-6.23,-6.02,-0.194,-0.235
2022-01-23,-4.80,-5.52,-0.171,-0.202
2022-01-24,-1.58,-5.16,-0.080,-0.088
2022-01-25,0.10,-5.52,-0.071,-0.131
2022-01-26,-6.92,-6.23,-0.208,-0.233
2022-01-27,-5.95,-5.54,-0.198,-0.223
2022-01-28,-4.37,-7.88,-0.181,-0.244
2022-01-29,0.40,-3.84,-0.035,-0.075
2022-01-30,-0.78,4.02,0.034,0.100
2022-01-31,-2.35,6.11,-0.000,0.153
2022-02-01,1.81,-4.25,-0.081,-0.089
2022-02-02,-3.65,4.67,-0.075,0.065
2022-02-03,1.61,-9.15,-0.113,-0.195
2022-02-04,4.00,-10.42,-0.073,-0.258
2022-02-05,-0.87,-8.27,-0.131,-0.231
2022-02-06,-2.45,-3.03,-0.113,-0.154
2022-02-07,-4.02,-6.19,-0.160,-0.226
2022-02-08,-1.20,-4.47,-0.092,-0.113
2022-02-09,-1.37,3.08,-0.089,-0.071
2022-02-10,-3.77,2.00,-0.073,-0.048
2022-02-11,-2.97,1.02,-0.068,-0.037
2022-02-12,-3.20,-4.92,0.004,0.020
2022-02-13,-0.56,-8.02,-0.132,-0.230
2022-02-14,-0.24,3.45,-0.027,-0.009
2022-02-15,-0.37,4.27,-0.065,0.034
2022-02-16,-2.30,9.98,0.007,0.150
2022-02-17,0.83,9.45,0.060,0.185
2022-02-18,-0.48,-9.22,-0.143,-0.247
2022-02-19,-4.03,-5.15,-0.159,-0.203
2022-02-20,-3.37,-2.83,-0.161,-0.161
2022-02-21,-1.96,7.85,-0.044,0.086
2022-02-22,-0.90,10.34,0.083,0.262
2022-02-23,-6.94,2.53,-0.045,0.031
2022-02-24,0.74,-6.00,-0.099,-0.210
2022-02-25,-0.87,-8.30,-0.125,-0.255
2022-02-26,-0.65,-7.48,-0.135,-0.242
2022-02-27,0.95,-7.75,-0.101,-0.241
2022-02-28,-1.95,-5.65,-0.080,-0.145
2022-03-01,-3.55,-0.75,-0.085,-0.067
2022-03-02,-3.87,-2.15,-0.133,-0.094
2022-03-03,-4.19,-0.66,-0.132,-0.081
2022-03-04,-3.46,4.27,-0.069,0.055
2022-03-05,-2.84,6.09,-0.038,0.113
2022-03-06,-3.81,6.87,-0.049,0.113
2022-03-07,-7.29,-4.38,-0.085,-0.055
2022-03-08,0.14,-8.11,-0.127,-0.246
2022-03-09,-2.35,-7.23,-0.138,-0.228
2022-03-10,-5.14,-2.62,-0.152,-0.153
2022-03-11,-4.96,-4.31,-0.139,-0.160
2022-03-12,0.54,-10.34,-0.132,-0.278
2022-03-13,-3.68,3.56,-0.050,0.052
2022-03-14,-1.28,6.01,-0.046,0.081
2022-03-15,5.92,0.94,0.028,0.060
2022-03-16,-2.45,1.59,0.046,0.141
2022-03-17,-2.99,7.79,0.012,0.159
2022-03-18,1.12,-7.09,-0.025,0.009
2022-03-19,-5.82,-3.22,-0.104,-0.071
2022-03-20,-5.26,1.31,-0.100,-0.004
2022-03-21,-4.68,9.59,-0.081,0.063
2022-03-22,5.81,4.38,0.020,0.071
2022-03-23,1.73,-5.33,0.022,0.005
2022-03-24,4.95,1.80,0.114,0.157
2022-03-25,-2.79,3.83,0.023,0.133
2022-03-26,-2.44,5.74,0.032,0.182
2022-03-27,-1.43,8.13,0.080,0.275
2022-03-28,-2.74,7.13,0.048,0.292
2022-03-29,-3.40,8.87,0.038,0.270
2022-03-30,1.93,10.93,0.082,0.208
2022-03-31,-4.68,-4.68,-0.148,-0.181
2022-04-01,-6.38,0.11,-0.163,-0.136
2022-04-02,-4.79,-0.76,-0.173,-0.211
2022-04-03,-4.66,0.24,-0.150,-0.165
2022-04-04,-4.54,4.24,-0.121,-0.045
2022-04-05,-2.06,4.86,-0.029,0.045
2022-04-06,-2.19,5.42,0.041,0.091
2022-04-07,-3.07,-8.43,-0.123,-0.199
2022-04-08,-3.39,-1.23,-0.024,-0.018
2022-04-09,-0.28,8.15,0.108,0.246
2022-04-10,-2.66,12.51,0.099,0.335
2022-04-11,-4.20,10.95,0.038,0.279
2022-04-12,-4.36,8.94,-0.001,0.180
2022-04-13,-2.36,9.48,0.024,0.182
2022-04-14,-8.16,-2.03,-0.184,-0.125
2022-04-15,-5.50,2.22,-0.143,-0.096
2022-04-16,-2.99,4.97,-0.065,0.060
2022-04-17,-3.19,3.81,-0.050,0.070
2022-04-18,-5.17,-1.19,-0.105,-0.058
2022-04-19,-9.18,1.62,-0.190,-0.135
2022-04-20,-4.66,8.77,-0.058,0.076
2022-04-21,-5.62,6.24,-0.051,0.104
2022-04-22,-5.97,6.40,-0.068,0.070
2022-04-23,-5.76,8.23,-0.063,0.085
2022-04-24,-5.11,8.50,-0.038,0.115
2022-04-25,-5.71,6.12,-0.054,0.069
2022-04-26,-9.16,-4.67,-0.234,-0.223
2022-04-27,-7.49,0.13,-0.157,-0.110
2022-04-28,-5.27,6.51,-0.067,0.052
2022-04-29,-4.57,8.60,0.012,0.169
2022-04-30,-3.97,6.87,0.008,0.179
2022-05-01,-5.12,4.45,-0.054,0.100
2022-05-02,-5.22,8.69,-0.038,0.137
2022-05-03,-4.36,7.26,-0.019,0.131
2022-05-04,-5.71,6.35,-0.068,0.078
2022-05-05,-5.04,8.07,-0.042,0.097
2022-05-06,-2.60,5.34,0.008,0.126
2022-05-07,-1.69,7.33,0.056,0.215
2022-05-08,-3.74,8.81,0.038,0.225
2022-05-09,-4.51,7.50,-0.011,0.147
2022-05-10,-5.32,6.12,-0.085,0.047
2022-05-11,-6.00,5.41,-0.125,-0.030
2022-05-12,-4.89,5.63,-0.094,0.006
2022-05-13,-3.00,7.81,0.017,0.161
2022-05-14,-2.56,7.44,0.031,0.191
2022-05-15,-1.19,7.50,0.059,0.193
2022-05-16,-1.63,7.67,0.066,0.203
2022-05-17,-2.25,8.39,0.043,0.220
2022-05-18,-2.85,9.95,0.047,0.234
2022-05-19,-3.03,9.90,0.047,0.217
2022-05-20,-3.98,10.37,0.042,0.222
2022-05-21,-4.35,7.85,-0.026,0.135
2022-05-22,-7.57,1.47,-0.152,-0.098
2022-05-23,-6.83,-0.00,-0.171,-0.159
2022-05-24,-5.39,5.58,-0.108,-0.014
2022-05-25,-1.17,7.40,0.011,0.074
2022-05-26,-3.63,1.18,-0.103,-0.045
2022-05-27,-2.28,5.93,0.009,0.122
2022-05-28,-2.45,6.40,0.033,0.162
2022-05-29,-3.38,9.28,0.032,0.205
2022-05-30,-5.16,9.31,0.009,0.181
2022-05-31,-5.94,6.59,-0.080,0.061
2022-06-01,-5.18,5.75,-0.104,0.019
2022-06-02,-4.45,3.23,-0.080,0.014
2022-06-03,-3.68,2.04,-0.065,-0.008
2022-06-04,-2.46,2.46,-0.029,0.034
2022-06-05,-2.22,7.28,0.028,0.165
2022-06-06,-3.38,10.41,0.052,0.229
2022-06-07,-3.81,10.47,0.042,0.221
2022-06-08,-4.20,7.90,0.019,0.172
2022-06-09,-4.65,4.49,-0.046,0.105
2022-06-10,-2.48,6.14,-0.000,0.136
2022-06-11,-1.56,8.01,0.060,0.222
2022-06-12,-2.01,9.45,0.070,0.252
2022-06-13,-3.68,9.60,0.048,0.240
2022-06-14,-4.21,9.45,0.026,0.213
2022-06-15,-3.82,8.20,-0.004,0.140
2022-06-16,-3.93,5.83,-0.020,0.091
2022-06-17,-3.12,3.58,-0.040,0.024
2022-06-18,-3.81,3.67,-0.084,-0.016
2022-06-19,-3.42,3.08,-0.055,-0.029
2022-06-20,-3.52,2.95,-0.064,-0.018
2022-06-21,-4.61,2.88,-0.112,-0.069
2022-06-22,-3.62,4.47,-0.104,-0.010
2022-06-23,-1.03,4.14,-0.014,0.046
2022-06-24,-1.64,5.71,0.032,0.161
2022-06-25,-2.82,6.98,0.032,0.183
2022-06-26,-4.41,4.11,-0.032,0.107
2022-06-27,-2.60,3.00,-0.012,0.065
2022-06-28,-4.22,-2.06,-0.096,-0.084
2022-06-29,-3.19,-4.73,-0.150,-0.222
2022-06-30,-5.23,-1.91,-0.145,-0.118
2022-07-01,-1.30,5.63,-0.033,0.043
2022-07-02,-1.95,8.44,0.039,0.190
2022-07-03,-3.29,7.76,0.013,0.173
2022-07-04,-3.99,7.20,-0.004,0.141
2022-07-05,-3.67,7.53,0.014,0.150
2022-07-06,-3.34,6.86,-0.008,0.135
2022-07-07,-2.56,6.67,0.019,0.153
2022-07-08,-2.20,7.20,0.031,0.161
2022-07-09,-1.50,6.00,0.034,0.140
2022-07-10,-0.74,6.05,0.056,0.167
2022-07-11,-0.27,7.73,0.081,0.245
2022-07-12,-1.15,7.29,0.069,0.218
2022-07-13,-1.75,5.74,0.028,0.120
2022-07-14,-1.82,5.95,0.010,0.101
2022-07-15,-1.24,5.84,0.003,0.100
2022-07-16,-2.33,6.07,-0.012,0.093
2022-07-17,-1.32,6.21,0.013,0.116
2022-07-18,-1.64,6.12,0.024,0.146
2022-07-19,-1.63,8.40,0.043,0.210
2022-07-20,-2.55,8.90,0.044,0.236
2022-07-21,-2.98,7.37,0.031,0.191
2022-07-22,-3.30,5.71,-0.004,0.149
2022-07-23,-3.46,5.54,-0.056,0.074
2022-07-24,-2.50,6.51,-0.023,0.085
2022-07-25,-3.22,5.82,-0.040,0.060
2022-07-26,-2.87,5.40,-0.083,-0.000
2022-07-27,-2.69,5.77,-0.051,0.053
2022-07-28,-2.62,6.48,-0.012,0.098
2022-07-29,-3.06,6.55,0.000,0.128
2022-07-30,-2.47,5.82,0.000,0.125
2022-07-31,-4.23,3.94,-0.075,0.033
2022-08-01,-2.93,5.76,-0.076,0.031
2022-08-02,-2.87,7.88,0.018,0.162
2022-08-03,-3.18,9.79,0.040,0.213
2022-08-04,-3.59,9.35,0.037,0.192
2022-08-05,-3.00,6.73,0.019,0.150
2022-08-06,-3.97,5.26,-0.032,0.092
2022-08-07,-4.57,4.57,-0.067,0.024
2022-08-08,-3.74,3.61,-0.096,-0.035
2022-08-09,-2.86,3.66,-0.075,0.003
2022-08-10,-2.52,4.20,-0.061,0.021
2022-08-11,-2.85,4.22,-0.066,-0.018
2022-08-12,-3.96,3.21,-0.060,-0.022
2022-08-13,-3.69,-0.78,-0.079,-0.073
2022-08-14,-5.06,5.82,-0.073,0.008
2022-08-15,-5.42,7.20,-0.036,0.103
2022-08-16,-4.52,5.59,-0.023,0.104
2022-08-17,-2.72,5.34,0.025,0.153
2022-08-18,-1.09,5.61,0.048,0.175
2022-08-19,-2.03,6.26,0.042,0.181
2022-08-20,-4.35,6.70,-0.011,0.127
2022-08-21,-3.16,8.23,0.015,0.177
2022-08-22,-1.50,8.49,0.047,0.197
2022-08-23,-0.46,6.54,0.056,0.173
2022-08-24,-1.58,4.86,0.037,0.133
2022-08-25,-2.93,2.83,0.001,0.055
2022-08-26,-0.54,3.04,-0.012,0.033
2022-08-27,-0.72,5.14,0.021,0.117
2022-08-28,-3.73,4.61,-0.064,0.034
2022-08-29,-3.01,5.01,-0.080,0.029
2022-08-30,-3.79,5.02,-0.044,0.054
2022-08-31,-5.11,0.72,-0.103,-0.077
2022-09-01,-4.73,-0.41,-0.117,-0.096
2022-09-02,-4.25,1.63,-0.110,-0.054
2022-09-03,-3.62,2.44,-0.074,-0.002
2022-09-04,-3.69,-0.59,-0.068,-0.033
2022-09-05,-1.69,2.01,-0.028,-0.005
2022-09-06,-3.87,0.97,-0.070,-0.037
2022-09-07,-2.71,0.83,-0.086,-0.082
2022-09-08,2.07,1.19,-0.093,-0.084
2022-09-09,-1.71,2.63,-0.077,-0.009
2022-09-10,-3.24,1.58,-0.094,-0.019
2022-09-11,-3.96,-0.07,-0.087,-0.012
2022-09-12,-2.58,-1.55,-0.049,-0.004
2022-09-13,-3.24,1.31,-0.063,-0.015
2022-09-14,-6.32,-0.55,-0.143,-0.110
2022-09-15,-4.82,-0.17,-0.158,-0.137
2022-09-16,-1.63,3.33,-0.071,0.012
2022-09-17,-4.01,4.46,-0.081,0.052
2022-09-18,-4.95,3.34,-0.117,-0.027
2022-09-19,-3.48,3.13,-0.090,0.002
2022-09-20,-3.62,3.15,-0.084,0.003
2022-09-21,-4.03,0.71,-0.067,-0.015
2022-09-22,-3.54,-0.37,-0.095,-0.057
2022-09-23,-3.50,-0.43,-0.070,0.012
2022-09-24,-3.53,3.07,-0.059,0.061
2022-09-25,-2.96,3.40,-0.017,0.091
2022-09-26,-3.26,-1.81,-0.054,-0.028
2022-09-27,-4.82,-3.90,-0.140,-0.144
2022-09-28,-5.92,-4.62,-0.195,-0.201
2022-09-29,-3.10,-3.56,-0.137,-0.150
2022-09-30,-2.90,-0.56,-0.103,-0.075
2022-10-01,-6.19,-0.43,-0.109,-0.013
2022-10-02,-5.18,-0.73,-0.060,-0.000
2022-10-03,-3.48,-1.40,-0.074,-0.041
2022-10-04,-3.06,0.32,-0.066,-0.058
2022-10-05,-4.04,-0.14,-0.075,-0.070
2022-10-06,-4.95,-1.33,-0.123,-0.112
2022-10-07,-4.94,0.69,-0.097,-0.061
2022-10-08,-3.54,-3.19,-0.094,-0.096
2022-10-09,-6.28,0.22,-0.144,-0.111
2022-10-10,-6.91,0.97,-0.143,-0.094
2022-10-11,-5.11,2.61,-0.142,-0.050
2022-10-12,-1.95,3.00,-0.059,0.013
2022-10-13,-1.94,3.98,0.015,0.100
2022-10-14,-4.78,1.10,-0.117,-0.032
2022-10-15,-3.96,5.26,-0.100,0.011
2022-10-16,-4.31,4.96,-0.073,0.051
2022-10-17,-5.68,-3.55,-0.107,-0.070
2022-10-18,-2.95,-10.29,-0.189,-0.301
2022-10-19,-2.49,-7.22,-0.139,-0.209
2022-10-20,2.10,4.13,0.033,0.056
2022-10-21,1.05,7.47,0.098,0.236
2022-10-22,-1.72,8.84,0.076,0.251
2022-10-23,-2.44,9.10,0.034,0.228
2022-10-24,-2.84,11.40,0.056,0.257
2022-10-25,1.65,-8.48,0.019,0.057
2022-10-26,-4.74,-3.32,-0.088,-0.062
2022-10-27,-4.77,3.47,-0.110,-0.049
2022-10-28,2.71,7.86,-0.017,0.033
2022-10-29,4.80,-5.52,0.003,-0.095
2022-10-30,0.67,-2.68,0.049,0.063
2022-10-31,-5.52,1.79,-0.047,0.036
2022-11-01,-6.52,-2.37,-0.194,-0.170
2022-11-02,-5.77,-4.67,-0.188,-0.204
2022-11-03,-2.54,4.23,-0.044,0.031
2022-11-04,-3.67,9.09,0.003,0.152
2022-11-05,-7.00,-4.21,-0.077,0.003
2022-11-06,-3.21,2.99,-0.082,-0.008
2022-11-07,-3.86,3.48,-0.066,0.063
2022-11-08,-5.86,0.20,-0.135,-0.083
2022-11-09,-4.71,2.10,-0.118,-0.047
2022-11-10,-3.00,3.45,-0.089,-0.006
2022-11-11,-2.67,5.24,-0.018,0.093
2022-11-12,1.09,-10.40,-0.105,-0.205
2022-11-13,-3.97,-6.87,-0.151,-0.207
2022-11-14,-4.97,7.10,-0.080,-0.009
2022-11-15,-0.49,-9.37,-0.106,-0.215
2022-11-16,-3.33,-7.85,-0.145,-0.209
2022-11-17,-5.43,-7.47,-0.211,-0.258
2022-11-18,-8.52,-4.34,-0.226,-0.195
2022-11-19,-8.70,-11.97,-0.312,-0.369
2022-11-20,-3.52,-10.23,-0.245,-0.317
2022-11-21,-3.64,-10.01,-0.210,-0.300
2022-11-22,-3.81,-8.98,-0.204,-0.288
2022-11-23,-5.74,-4.17,-0.177,-0.164
2022-11-24,-1.60,3.97,-0.118,-0.063
2022-11-25,-5.14,-6.13,-0.183,-0.203
2022-11-26,6.92,-6.68,-0.054,-0.136
2022-11-27,2.89,5.22,0.123,0.179
2022-11-28,-3.59,-2.07,-0.008,0.035
2022-11-29,-1.34,7.62,-0.016,0.101
2022-11-30,-2.62,-8.06,-0.055,-0.036
2022-12-01,-5.03,-8.06,-0.216,-0.267
2022-12-02,-1.66,3.00,-0.131,-0.118
2022-12-03,-2.11,-0.81,-0.092,-0.028
2022-12-04,-2.89,-3.70,-0.101,-0.086
2022-12-05,-2.11,5.22,-0.047,0.020
2022-12-06,-0.62,7.11,0.041,0.171
2022-12-07,-1.89,5.49,0.009,0.137
2022-12-08,-2.42,4.96,0.004,0.121
2022-12-09,-2.49,3.43,-0.042,0.053
2022-12-10,-2.82,4.69,-0.047,0.089
2022-12-11,-1.13,3.94,-0.007,0.064
2022-12-12,-3.09,2.09,-0.089,-0.006
2022-12-13,-2.28,9.86,0.000,0.132
2022-12-14,8.77,-1.39,0.002,0.040
2022-12-15,-3.47,-4.44,-0.082,-0.094
2022-12-16,-2.99,3.44,-0.102,-0.017
2022-12-17,-2.81,-9.18,-0.187,-0.249
2022-12-18,-7.08,-5.34,-0.208,-0.224
2022-12-19,-6.97,-3.25,-0.159,-0.156
2022-12-20,1.89,-8.20,-0.097,-0.213
2022-12-21,-2.13,-5.27,-0.123,-0.176
2022-12-22,-1.14,-2.96,-0.068,-0.103
2022-12-23,-0.23,-13.06,-0.173,-0.361
2022-12-24,-0.87,-8.30,-0.125,-0.228
2022-12-25,-1.46,-5.84,-0.098,-0.172
2022-12-26,0.52,-1.92,-0.016,-0.016
2022-12-27,-2.77,-4.80,-0.052,-0.063
2022-12-28,-1.34,7.60,-0.006,0.090
2022-12-29,-0.51,9.72,0.047,0.198
2022-12-30,3.62,3.04,-0.037,0.010
2022-12-31,0.89,2.32,-0.062,-0.058
2023-01-01,-0.19,5.58,0.025,0.103
2023-01-02,-2.32,10.05,0.025,0.171
2023-01-03,0.49,7.07,0.058,0.162
2023-01-04,0.34,-2.80,-0.029,0.021
2023-01-05,0.27,3.14,0.008,0.051
2023-01-06,-2.65,5.67,-0.041,0.085
2023-01-07,-1.65,6.61,0.011,0.141
2023-01-08,-3.35,-4.14,-0.037,-0.002
2023-01-09,-2.98,-4.10,-0.107,-0.116
2023-01-10,-2.11,2.35,-0.084,-0.090
2023-01-11,0.42,8.05,0.061,0.177
2023-01-12,8.78,-0.15,0.068,0.113
2023-01-13,0.77,-7.37,-0.034,-0.087
2023-01-14,-3.79,-1.16,-0.056,-0.000
2023-01-15,-0.91,8.65,0.011,0.126
2023-01-16,-0.46,8.79,0.076,0.247
2023-01-17,-0.30,4.32,0.053,0.166
2023-01-18,-1.43,6.21,0.024,0.132
2023-01-19,-2.68,-3.97,-0.137,-0.163
2023-01-20,-5.99,-5.21,-0.182,-0.210
2023-01-21,-5.17,-6.38,-0.203,-0.251
2023-01-22,0.18,-5.28,-0.073,-0.139
2023-01-23,-8.65,-2.32,-0.150,-0.089
2023-01-24,-6.60,8.76,-0.064,0.029
2023-01-25,4.22,-7.62,0.023,-0.077
2023-01-26,-3.62,-6.27,-0.060,-0.053
2023-01-27,-5.01,-1.34,-0.087,-0.045
2023-01-28,-0.56,6.41,-0.023,0.106
2023-01-29,-0.69,7.94,0.028,0.174
2023-01-30,-6.52,-3.77,-0.053,-0.001
2023-01-31,-0.83,-7.89,-0.130,-0.247
2023-02-01,0.80,-7.64,-0.100,-0.234
2023-02-02,3.33,-6.82,-0.051,-0.177
2023-02-03,1.34,-7.62,-0.088,-0.191
2023-02-04,-4.09,-3.08,-0.121,-0.156
2023-02-05,-0.82,2.86,-0.085,-0.081
2023-02-06,-2.47,6.43,-0.027,0.100
2023-02-07,-3.93,8.42,0.000,0.141
2023-02-08,1.91,7.13,-0.011,0.020
2023-02-09,-1.84,-1.71,-0.060,-0.062
2023-02-10,-0.12,-6.76,-0.094,-0.154
2023-02-11,2.31,-7.55,-0.047,-0.164
2023-02-12,-2.74,-1.78,0.006,0.040
2023-02-13,-1.69,4.64,0.043,0.145
2023-02-14,-1.60,9.06,0.060,0.235
2023-02-15,-1.50,7.05,0.047,0.203
2023-02-16,-1.22,-8.71,0.003,0.039
2023-02-17,1.32,-10.79,-0.117,-0.264
2023-02-18,-4.95,-4.15,-0.137,-0.146
2023-02-19,-3.19,1.56,-0.086,-0.072
2023-02-20,-2.14,6.20,-0.008,0.124
2023-02-21,-0.50,9.58,0.093,0.280
2023-02-22,-0.93,10.67,0.074,0.266
2023-02-23,-2.52,6.25,-0.015,0.157
2023-02-24,-5.12,2.84,-0.089,0.009
2023-02-25,-5.49,3.43,-0.119,-0.038
2023-02-26,-4.40,5.63,-0.103,0.006
2023-02-27,-1.33,7.52,0.052,0.166
2023-02-28,-1.97,4.42,0.030,0.150
2023-03-01,-2.94,7.29,0.010,0.163
2023-03-02,-3.77,6.80,-0.025,0.134
2023-03-03,7.60,-5.13,-0.003,-0.023
2023-03-04,-4.49,2.38,-0.007,0.113
2023-03-05,-4.13,1.42,-0.093,-0.029
2023-03-06,-3.75,2.72,-0.124,-0.085
2023-03-07,-3.68,4.71,-0.042,0.058
2023-03-08,-4.49,3.77,-0.023,0.094
2023-03-09,-3.49,5.80,-0.011,0.125
2023-03-10,-4.18,2.13,-0.040,0.039
2023-03-11,-2.53,6.59,-0.018,0.102
2023-03-12,-0.37,7.08,0.081,0.210
2023-03-13,-5.63,-7.75,-0.169,-0.195
2023-03-14,-9.85,-3.20,-0.264,-0.229
2023-03-15,-9.29,-0.00,-0.216,-0.164
2023-03-16,-4.64,9.95,-0.028,0.118
2023-03-17,0.00,-11.65,-0.054,-0.038
2023-03-18,-3.44,-10.59,-0.188,-0.296
2023-03-19,-2.40,-7.85,-0.156,-0.243
2023-03-20,-5.16,2.52,-0.099,-0.046
2023-03-21,-4.27,9.60,-0.031,0.102
2023-03-22,-2.94,8.53,0.016,0.190
2023-03-23,-3.48,9.07,0.032,0.207
2023-03-24,-1.36,9.68,0.060,0.246
2023-03-25,-4.71,2.40,-0.014,0.081
2023-03-26,-3.34,3.34,-0.042,0.056
2023-03-27,-4.74,-0.50,-0.064,-0.050
2023-03-28,-4.22,-6.25,-0.158,-0.235
2023-03-29,-3.55,-7.98,-0.169,-0.242
2023-03-30,-5.81,4.54,-0.150,-0.052
2023-03-31,-2.75,7.99,-0.007,0.124
2023-04-01,-3.90,2.53,-0.028,0.081
2023-04-02,-3.71,4.93,-0.041,0.108
2023-04-03,-1.92,7.71,0.017,0.173
2023-04-04,-3.20,10.46,0.040,0.229
2023-04-05,-4.09,6.55,-0.025,0.084
2023-04-06,-2.36,-9.47,-0.177,-0.280
2023-04-07,-3.16,-9.74,-0.173,-0.284
2023-04-08,-0.80,-6.53,-0.105,-0.206
2023-04-09,-4.37,-3.06,-0.120,-0.152
2023-04-10,-6.24,-2.78,-0.161,-0.177
2023-04-11,-4.62,-4.62,-0.158,-0.195
2023-04-12,-3.61,-3.73,-0.131,-0.170
2023-04-13,-2.81,1.82,-0.131,-0.088
2023-04-14,-3.36,6.60,-0.039,0.094
2023-04-15,-1.99,5.46,-0.038,0.079
2023-04-16,-5.37,-6.17,-0.143,-0.170
2023-04-17,-7.10,-1.25,-0.135,-0.084
2023-04-18,-5.51,6.57,-0.093,0.049
2023-04-19,-5.12,6.32,-0.071,0.083
2023-04-20,-4.70,5.81,-0.069,0.074
2023-04-21,-4.11,2.00,-0.069,0.022
2023-04-22,-5.87,0.20,-0.145,-0.044
2023-04-23,-11.25,-2.19,-0.197,-0.187
2023-04-24,-3.43,-8.08,-0.180,-0.244
2023-04-25,-6.28,0.99,-0.165,-0.101
2023-04-26,-5.36,3.10,-0.109,-0.061
2023-04-27,-4.36,0.77,-0.111,-0.095
2023-04-28,-2.96,3.28,-0.048,0.003
2023-04-29,4.91,-9.23,-0.036,-0.120
2023-04-30,2.75,1.40,0.089,0.103
2023-05-01,-2.36,6.48,0.073,0.234
2023-05-02,-5.36,3.75,-0.031,0.106
2023-05-03,-5.97,-1.38,-0.116,-0.051
2023-05-04,-4.77,1.37,-0.099,-0.065
2023-05-05,-3.21,3.69,-0.060,-0.059
2023-05-06,-5.68,5.48,-0.090,-0.013
2023-05-07,-5.13,5.31,-0.086,-0.021
2023-05-08,-5.25,5.44,-0.110,-0.039
2023-05-09,-4.34,3.64,-0.110,-0.014
2023-05-10,-4.47,4.79,-0.086,0.010
2023-05-11,-4.05,5.78,-0.039,0.072
2023-05-12,-6.62,4.14,-0.100,-0.048
2023-05-13,-7.07,4.77,-0.121,-0.086
2023-05-14,-3.22,-3.00,-0.125,-0.198
2023-05-15,-4.79,1.84,-0.086,-0.090
2023-05-16,-3.72,-1.73,-0.040,-0.051
2023-05-17,-2.03,-0.95,-0.002,0.026
2023-05-18,-1.43,2.94,0.060,0.117
2023-05-19,-3.02,4.65,0.041,0.181
2023-05-20,-2.56,3.28,0.049,0.136
2023-05-21,-0.38,-5.38,-0.057,-0.115
2023-05-22,-2.10,-4.13,-0.121,-0.254
2023-05-23,-3.49,1.63,-0.112,-0.135
2023-05-24,-4.79,1.74,-0.084,-0.025
2023-05-25,-4.12,0.22,-0.073,-0.054
2023-05-26,-5.46,-0.29,-0.136,-0.180
2023-05-27,-5.53,2.35,-0.124,-0.122
2023-05-28,-3.86,3.24,-0.074,-0.046
2023-05-29,-4.58,1.40,-0.085,-0.069
2023-05-30,-3.93,-0.62,-0.090,-0.112
2023-05-31,-4.44,1.36,-0.108,-0.089
2023-06-01,-5.83,5.07,-0.082,0.044
2023-06-02,-5.00,4.05,-0.057,0.067
2023-06-03,-3.44,5.11,-0.040,0.080
2023-06-04,-2.69,2.60,-0.018,0.064
2023-06-05,-2.66,3.17,0.037,0.080
2023-06-06,-2.43,-1.97,0.002,0.031
2023-06-07,-2.75,1.52,-0.038,0.009
2023-06-08,-1.79,4.23,0.053,0.112
2023-06-09,-1.84,5.35,0.074,0.203
2023-06-10,-1.96,6.84,0.075,0.279
2023-06-11,-2.46,8.06,0.063,0.322
2023-06-12,-2.84,7.80,0.069,0.320
2023-06-13,-4.01,7.88,0.032,0.266
2023-06-14,-3.92,8.80,0.036,0.272
2023-06-15,-2.33,8.13,0.067,0.295
2023-06-16,-3.03,7.14,0.067,0.312
2023-06-17,-1.89,6.60,0.071,0.276
2023-06-18,-2.66,7.31,0.098,0.326
2023-06-19,-2.56,8.91,0.083,0.367
2023-06-20,-2.37,8.26,0.072,0.329
2023-06-21,-1.86,8.06,0.076,0.284
2023-06-22,-3.55,5.91,0.032,0.122
2023-06-23,-3.46,5.76,0.038,0.171
2023-06-24,-2.99,6.42,0.027,0.173
2023-06-25,-2.30,7.07,0.055,0.239
2023-06-26,-1.85,7.40,0.077,0.304
2023-06-27,-1.73,8.14,0.090,0.323
2023-06-28,-2.27,6.59,0.080,0.275
2023-06-29,-3.00,4.81,0.051,0.217
2023-06-30,-3.77,4.49,0.015,0.155
2023-07-01,-3.57,4.11,0.004,0.121
2023-07-02,-2.79,4.14,-0.034,0.012
2023-07-03,-2.97,4.40,-0.046,0.022
2023-07-04,-2.42,5.71,-0.030,0.087
2023-07-05,-3.91,5.80,-0.013,0.128
2023-07-06,-4.65,5.55,-0.031,0.115
2023-07-07,-5.39,2.07,-0.112,-0.028
2023-07-08,-3.47,3.86,-0.088,-0.027
2023-07-09,-1.37,6.43,0.008,0.120
2023-07-10,-2.36,5.84,0.043,0.191
2023-07-11,-1.71,6.85,0.051,0.250
2023-07-12,-2.49,7.68,0.053,0.283
2023-07-13,-2.21,8.24,0.063,0.298
2023-07-14,-2.44,7.98,0.050,0.299
2023-07-15,-2.90,7.18,0.044,0.236
2023-07-16,-2.63,5.91,0.051,0.192
2023-07-17,-2.27,5.63,0.060,0.180
2023-07-18,-2.23,5.82,0.054,0.176
2023-07-19,-2.62,6.82,0.042,0.206
2023-07-20,-2.81,5.52,0.022,0.167
2023-07-21,-2.51,4.02,-0.026,0.048
2023-07-22,-2.41,3.57,-0.048,0.001
2023-07-23,-1.74,4.31,0.035,0.110
2023-07-24,-3.01,3.59,0.042,0.177
2023-07-25,-2.63,4.04,0.044,0.189
2023-07-26,-2.51,5.65,0.058,0.227
2023-07-27,-2.64,5.42,0.036,0.187
2023-07-28,-3.22,3.84,-0.014,0.109
2023-07-29,-1.82,3.43,-0.018,0.058
2023-07-30,-3.06,2.30,-0.045,0.026
2023-07-31,-2.40,3.18,-0.029,0.040
2023-08-01,-2.82,3.75,0.012,0.111
2023-08-02,-3.34,3.34,0.007,0.106
2023-08-03,-3.52,4.51,-0.018,0.098
2023-08-04,-2.16,7.06,0.037,0.190
2023-08-05,-2.15,7.04,0.057,0.255
2023-08-06,-2.63,6.50,0.042,0.233
2023-08-07,-2.13,6.98,0.052,0.259
2023-08-08,-2.08,6.82,0.053,0.248
2023-08-09,-2.56,7.87,0.058,0.266
2023-08-10,-2.35,8.20,0.046,0.274
2023-08-11,-2.22,6.85,0.045,0.224
2023-08-12,-2.35,6.13,0.029,0.191
2023-08-13,-2.83,5.81,0.027,0.191
2023-08-14,-2.99,4.27,0.032,0.160
2023-08-15,-2.29,3.28,0.027,0.105
2023-08-16,-0.60,3.79,0.067,0.144
2023-08-17,-0.86,4.88,0.038,0.131
2023-08-18,-1.46,5.85,0.043,0.154
2023-08-19,-2.80,4.15,0.003,0.098
2023-08-20,-3.22,2.70,-0.026,0.049
2023-08-21,-4.69,-0.00,-0.044,-0.012
2023-08-22,-11.42,-2.43,-0.290,-0.265
2023-08-23,-5.57,2.72,-0.109,-0.016
2023-08-24,-3.16,0.56,-0.035,0.005
2023-08-25,-2.91,1.82,0.006,0.032
2023-08-26,-3.58,-0.06,-0.080,-0.070
2023-08-27,1.37,3.09,-0.007,-0.033
2023-08-28,2.16,2.77,0.051,0.063
2023-08-29,-3.60,-0.44,-0.076,-0.063
2023-08-30,-2.52,-3.47,-0.074,-0.092
2023-08-31,-2.46,2.93,-0.046,-0.067
2023-09-01,-4.39,1.51,-0.087,-0.087
2023-09-02,-3.45,2.07,-0.072,-0.071
2023-09-03,-2.58,3.98,0.015,0.093
2023-09-04,-2.00,7.45,0.045,0.188
2023-09-05,-2.73,8.41,0.030,0.198
2023-09-06,-3.94,4.38,-0.014,0.092
2023-09-07,-2.53,3.61,-0.012,0.053
2023-09-08,-1.03,4.47,0.022,0.092
2023-09-09,-2.48,4.12,0.004,0.090
2023-09-10,-3.55,2.58,-0.029,0.051
2023-09-11,-4.53,1.92,-0.087,-0.022
2023-09-12,-3.71,3.58,-0.054,0.027
2023-09-13,-1.93,4.56,0.017,0.103
2023-09-14,-3.10,5.37,0.021,0.147
2023-09-15,-4.36,5.01,0.001,0.108
2023-09-16,-4.26,2.36,-0.037,0.015
2023-09-17,-3.27,-3.05,-0.065,-0.063
2023-09-18,-3.82,0.54,-0.063,-0.061
2023-09-19,-4.10,2.77,-0.076,-0.018
2023-09-20,-3.57,3.10,-0.102,-0.039
2023-09-21,-3.42,2.97,-0.084,-0.020
2023-09-22,-2.96,5.34,-0.039,0.058
2023-09-23,-2.45,6.39,-0.024,0.072
2023-09-24,-2.38,7.33,0.012,0.131
2023-09-25,-1.57,6.81,0.029,0.158
2023-09-26,-3.84,1.96,-0.036,-0.007
2023-09-27,-2.93,1.83,-0.075,-0.059
2023-09-28,-4.54,0.24,-0.105,-0.106
2023-09-29,-5.50,-1.07,-0.159,-0.169
2023-09-30,-6.61,-0.35,-0.179,-0.163
2023-10-01,-6.49,-0.80,-0.191,-0.169
2023-10-02,-7.50,-0.79,-0.186,-0.159
2023-10-03,-5.65,-0.49,-0.181,-0.153
2023-10-04,-4.27,4.91,-0.118,-0.026
2023-10-05,-4.96,5.91,-0.081,-0.011
2023-10-06,-1.61,-7.55,-0.138,-0.236
2023-10-07,-2.87,-7.87,-0.170,-0.255
2023-10-08,-2.14,-6.58,-0.146,-0.223
2023-10-09,0.39,-3.21,-0.079,-0.088
2023-10-10,-3.50,2.27,-0.016,0.097
2023-10-11,-3.56,-5.48,-0.152,-0.167
2023-10-12,-5.28,1.42,-0.154,-0.092
2023-10-13,-3.53,2.66,-0.032,0.107
2023-10-14,-3.66,-5.85,-0.115,-0.118
2023-10-15,-0.53,-7.64,-0.102,-0.198
2023-10-16,-1.88,-8.16,-0.120,-0.215
2023-10-17,-2.06,-3.88,-0.095,-0.113
2023-10-18,-1.53,3.60,0.002,0.068
2023-10-19,-0.24,4.64,0.087,0.189
2023-10-20,1.68,3.16,0.091,0.164
2023-10-21,0.31,4.41,0.095,0.222
2023-10-22,-2.52,4.36,0.040,0.179
2023-10-23,-3.97,6.87,-0.013,0.141
2023-10-24,-5.42,8.03,-0.059,0.098
2023-10-25,-5.76,6.63,-0.094,0.037
2023-10-26,-3.46,6.24,-0.089,0.042
2023-10-27,-4.01,5.32,-0.077,0.055
2023-10-28,-4.56,4.72,-0.093,0.043
2023-10-29,-3.77,5.80,-0.040,0.094
2023-10-30,0.92,-10.54,-0.123,-0.244
2023-10-31,2.14,-10.07,-0.118,-0.281
2023-11-01,-0.86,-8.15,-0.134,-0.257
2023-11-02,-4.40,-2.05,-0.105,-0.107
2023-11-03,-3.39,2.04,-0.076,-0.043
2023-11-04,-3.39,-0.18,-0.074,-0.008
2023-11-05,-3.64,0.71,-0.128,-0.057
2023-11-06,-1.93,4.77,-0.072,0.057
2023-11-07,-0.75,6.09,0.023,0.130
2023-11-08,-1.80,6.70,0.026,0.167
2023-11-09,-2.32,5.22,0.000,0.135
2023-11-10,-0.81,-6.57,-0.074,-0.123
2023-11-11,-0.63,-7.15,-0.103,-0.233
2023-11-12,-2.05,-6.71,-0.126,-0.207
2023-11-13,-1.59,-10.05,-0.201,-0.323
2023-11-14,-0.26,-7.59,-0.152,-0.253
2023-11-15,0.00,-4.59,-0.076,-0.119
2023-11-16,-1.80,-3.53,-0.080,-0.116
2023-11-17,-2.41,0.97,-0.084,-0.084
2023-11-18,-1.62,-2.93,-0.088,-0.062
2023-11-19,-2.50,1.62,-0.031,0.036
2023-11-20,0.10,6.00,0.049,0.169
2023-11-21,2.02,-8.12,-0.025,-0.119
2023-11-22,2.01,-7.00,-0.036,-0.134
2023-11-23,2.39,-0.82,-0.038,-0.057
2023-11-24,-3.11,-4.28,-0.119,-0.164
2023-11-25,-7.65,-2.78,-0.199,-0.179
2023-11-26,-3.12,-6.40,-0.149,-0.187
2023-11-27,-1.96,-8.49,-0.146,-0.244
2023-11-28,-1.67,-6.23,-0.128,-0.203
2023-11-29,-5.53,-0.58,-0.112,-0.082
2023-11-30,-2.47,6.79,-0.074,0.080
2023-12-01,2.32,-3.71,-0.050,0.028
2023-12-02,1.17,-4.36,-0.081,-0.139
2023-12-03,1.73,-2.47,-0.049,-0.058
2023-12-04,2.60,-1.89,-0.023,-0.021
2023-12-05,-2.43,-3.00,-0.072,-0.082
2023-12-06,-3.84,-3.98,-0.125,-0.138
2023-12-07,-3.66,3.66,-0.088,-0.006
2023-12-08,0.13,7.60,0.030,0.168
2023-12-09,-0.00,6.32,0.080,0.205
2023-12-10,1.85,-9.50,-0.080,-0.177
2023-12-11,2.23,-0.39,0.002,0.024
2023-12-12,-4.24,3.08,-0.080,-0.004
2023-12-13,-7.93,2.12,-0.180,-0.084
2023-12-14,-8.29,-2.69,-0.230,-0.204
2023-12-15,-5.22,-2.43,-0.186,-0.163
2023-12-16,1.42,-7.29,-0.108,-0.212
2023-12-17,0.65,-3.70,-0.059,-0.107
2023-12-18,2.59,0.23,-0.026,-0.038
2023-12-19,-3.81,-1.39,-0.096,-0.060
2023-12-20,-3.04,3.50,-0.114,-0.017
2023-12-21,-4.31,3.61,-0.112,0.006
2023-12-22,-3.46,1.26,-0.101,-0.029
2023-12-23,-3.78,3.06,-0.134,-0.027
2023-12-24,0.60,5.73,-0.101,-0.043
2023-12-25,0.62,-5.94,-0.100,-0.177
2023-12-26,-2.38,-5.09,-0.097,-0.130
2023-12-27,-0.38,-4.35,-0.083,-0.138
2023-12-28,-2.54,-4.39,-0.100,-0.153
2023-12-29,-1.35,-3.93,-0.036,-0.053
2023-12-30,3.52,0.00,0.088,0.098
2023-12-31,0.37,5.24,0.061,0.160
2024-01-01,1.27,5.99,0.027,0.094
2024-01-02,-5.85,-2.98,-0.179,-0.161
2024-01-03,2.62,-6.82,-0.108,-0.200
2024-01-04,-4.16,-3.75,-0.114,-0.133
2024-01-05,6.12,-1.99,-0.100,-0.121
2024-01-06,1.40,-2.42,-0.032,-0.051
2024-01-07,-4.85,0.60,-0.039,0.038
2024-01-08,-3.73,11.49,0.002,0.153
2024-01-09,6.22,-6.44,0.057,-0.019
2024-01-10,1.26,5.46,0.097,0.194
2024-01-11,0.13,7.36,0.035,0.178
2024-01-12,10.68,-2.66,0.052,0.051
2024-01-13,-5.38,2.40,-0.033,0.046
2024-01-14,-5.43,1.56,-0.054,0.013
2024-01-15,-0.48,-9.17,-0.123,-0.260
2024-01-16,0.73,-10.46,-0.120,-0.286
2024-01-17,-0.57,-5.42,-0.078,-0.122
2024-01-18,3.06,0.11,-0.045,-0.067
2024-01-19,-2.12,-6.51,-0.062,-0.089
2024-01-20,-3.01,-8.76,-0.174,-0.266
2024-01-21,-8.52,-0.45,-0.184,-0.144
2024-01-22,0.38,5.44,-0.136,-0.061
2024-01-23,-2.44,7.99,-0.019,0.131
2024-01-24,-5.87,1.68,-0.064,0.020
2024-01-25,-1.78,-4.89,-0.152,-0.196
2024-01-26,-3.37,-0.90,-0.114,-0.039
2024-01-27,2.63,-5.65,-0.080,-0.168
2024-01-28,0.77,-3.99,0.039,0.023
2024-01-29,-2.12,-1.32,0.002,0.028
2024-01-30,-1.60,0.28,-0.033,-0.014
2024-01-31,-2.27,-0.83,0.000,0.034
2024-02-01,-2.43,3.47,0.038,0.152
2024-02-02,-3.37,6.34,0.000,0.153
2024-02-03,-1.68,6.73,-0.036,0.057
2024-02-04,7.06,-1.50,0.024,-0.035
2024-02-05,3.55,-7.60,0.075,0.009
2024-02-06,0.00,-4.15,-0.018,-0.037
2024-02-07,-3.63,4.82,-0.091,-0.034
2024-02-08,-2.57,5.28,-0.010,0.103
2024-02-09,-2.04,6.27,0.011,0.175
2024-02-10,-2.16,6.65,0.008,0.156
2024-02-11,1.73,6.46,0.006,0.078
2024-02-12,3.63,-8.16,-0.024,-0.149
2024-02-13,-3.13,-0.33,0.047,0.100
2024-02-14,-4.80,2.24,-0.065,0.023
2024-02-15,-3.17,2.86,-0.110,-0.038
2024-02-16,-2.92,2.37,-0.047,-0.022
2024-02-17,-1.13,-8.07,-0.126,-0.187
2024-02-18,0.41,-7.85,-0.128,-0.249
2024-02-19,-0.57,2.47,-0.037,-0.026
2024-02-20,-0.16,4.52,0.013,0.106
2024-02-21,-1.57,7.38,0.041,0.181
2024-02-22,-1.50,7.71,0.067,0.215
2024-02-23,-1.69,-4.19,0.009,0.026
2024-02-24,-3.68,-0.19,-0.035,0.047
2024-02-25,-0.93,6.60,0.038,0.159
2024-02-26,-0.43,8.19,0.059,0.220
2024-02-27,-0.95,10.89,0.087,0.274
2024-02-28,-3.73,7.64,0.025,0.137
2024-02-29,-2.65,-8.15,-0.175,-0.270
2024-03-01,-0.50,-5.76,-0.125,-0.214
2024-03-02,-3.19,-0.22,-0.067,-0.079
2024-03-03,-3.80,2.86,-0.093,-0.042
2024-03-04,-3.24,3.47,-0.092,-0.013
2024-03-05,1.32,3.44,-0.061,-0.056
2024-03-06,-2.41,4.01,-0.064,-0.028
2024-03-07,-4.90,4.73,-0.108,-0.013
2024-03-08,-0.75,6.14,-0.052,-0.027
2024-03-09,0.47,-9.03,-0.109,-0.253
2024-03-10,-3.26,-6.14,-0.135,-0.188
2024-03-11,-3.77,-0.80,-0.102,-0.104
2024-03-12,-3.68,3.20,-0.092,-0.035
2024-03-13,-2.00,6.53,-0.002,0.137
2024-03-14,-4.25,7.36,-0.023,0.120
2024-03-15,-3.61,4.46,-0.097,-0.008
2024-03-16,-5.92,1.37,-0.146,-0.100
2024-03-17,-5.50,-2.22,-0.173,-0.154
2024-03-18,-5.86,-8.07,-0.201,-0.265
2024-03-19,-5.33,-5.52,-0.195,-0.234
2024-03-20,-4.47,-0.71,-0.112,-0.100
2024-03-21,-3.91,4.35,-0.081,0.015
2024-03-22,4.13,-0.88,-0.040,-0.090
2024-03-23,-3.73,-4.60,-0.140,-0.156
2024-03-24,-6.02,6.93,-0.049,0.089
2024-03-25,-1.90,8.92,-0.005,0.114
2024-03-26,-2.35,-5.53,-0.130,-0.154
2024-03-27,-5.07,-5.07,-0.150,-0.157
2024-03-28,-3.15,3.27,-0.116,-0.060
2024-03-29,-4.40,7.62,-0.048,0.074
2024-03-30,-3.62,6.52,-0.011,0.131
2024-03-31,-3.45,6.23,-0.006,0.151
2024-04-01,-2.96,9.67,0.036,0.215
2024-04-02,1.65,-7.75,-0.015,-0.009
2024-04-03,1.75,-7.58,-0.075,-0.202
2024-04-04,1.14,4.27,0.068,0.119
2024-04-05,-0.47,6.71,0.077,0.211
2024-04-06,-4.26,8.36,0.048,0.238
2024-04-07,-3.02,5.69,0.014,0.140
2024-04-08,-3.65,3.65,-0.068,-0.005
2024-04-09,-4.09,8.02,-0.063,0.058
2024-04-10,8.69,-4.62,0.003,-0.074
2024-04-11,3.01,-5.91,0.047,-0.020
2024-04-12,-2.99,3.44,0.063,0.150
2024-04-13,-3.77,5.38,-0.056,0.005
2024-04-14,-3.58,7.02,-0.031,0.080
2024-04-15,-3.94,7.11,-0.008,0.145
2024-04-16,-5.29,6.53,-0.049,0.126
2024-04-17,-4.86,3.04,-0.130,-0.069
2024-04-18,-5.31,4.78,-0.123,-0.058
2024-04-19,-3.98,3.22,-0.074,0.007
2024-04-20,-5.22,3.94,-0.095,-0.018
2024-04-21,-5.37,-6.88,-0.159,-0.234
2024-04-22,-5.75,-5.56,-0.159,-0.195
2024-04-23,-4.28,4.59,-0.089,-0.008
2024-04-24,-4.08,5.04,-0.037,0.091
2024-04-25,-5.20,5.98,-0.072,0.062
2024-04-26,-4.24,9.09,-0.019,0.151
2024-04-27,-5.26,8.10,-0.057,0.102
2024-04-28,-5.87,7.24,-0.091,0.063
2024-04-29,-5.03,4.38,-0.117,-0.019
2024-04-30,-6.45,2.10,-0.139,-0.083
2024-05-01,-6.11,4.78,-0.113,-0.014
2024-05-02,-5.52,6.35,-0.077,0.051
2024-05-03,-6.48,4.54,-0.129,-0.007
2024-05-04,-7.08,3.92,-0.151,-0.029
2024-05-05,-6.58,4.61,-0.098,0.032
2024-05-06,-4.76,6.54,-0.072,0.068
2024-05-07,-3.80,5.23,-0.029,0.104
2024-05-08,-3.02,5.93,-0.017,0.121
2024-05-09,-3.50,3.89,-0.056,0.071
2024-05-10,-6.18,-2.25,-0.156,-0.103
2024-05-11,-7.72,-2.21,-0.192,-0.178
2024-05-12,-4.59,5.10,-0.119,-0.019
2024-05-13,-2.34,4.41,-0.078,0.034
2024-05-14,-3.89,-1.26,-0.040,-0.001
2024-05-15,-2.88,4.79,0.035,0.168
2024-05-16,-6.04,5.63,-0.062,0.079
2024-05-17,-3.78,-5.20,-0.137,-0.159
2024-05-18,-4.52,-2.40,-0.121,-0.123
2024-05-19,-5.02,0.26,-0.117,-0.060
2024-05-20,-5.23,2.90,-0.123,-0.052
2024-05-21,-5.65,5.85,-0.087,-0.045
2024-05-22,-4.42,6.81,-0.088,-0.013
2024-05-23,-5.33,8.20,-0.069,0.080
2024-05-24,-4.30,8.09,-0.021,0.130
2024-05-25,-4.25,7.07,-0.019,0.139
2024-05-26,-4.61,7.38,-0.021,0.149
2024-05-27,-3.37,4.64,-0.026,0.091
2024-05-28,-5.28,3.30,-0.048,0.083
2024-05-29,-6.24,3.46,-0.139,-0.092
2024-05-30,-4.43,6.33,-0.053,0.076
2024-05-31,-8.98,5.40,-0.096,0.044
2024-06-01,-4.72,4.40,-0.069,0.049
2024-06-02,-3.87,7.28,-0.015,0.159
2024-06-03,-4.90,8.83,-0.024,0.148
2024-06-04,-4.20,9.44,0.006,0.169
2024-06-05,-4.19,8.22,,
2024-06-06,-5.10,1.46,,
2024-06-07,-4.91,1.79,,
2024-06-08,-5.03,2.91,,
2024-06-09,-3.50,5.82,-0.018,0.116
2024-06-10,-3.39,3.39,-0.009,0.103
2024-06-11,-3.15,1.97,-0.068,-0.002
2024-06-12,-3.97,3.22,-0.038,0.045
2024-06-13,-3.27,2.46,-0.054,-0.010
2024-06-14,-4.29,1.91,-0.115,-0.089
2024-06-15,-5.30,2.94,-0.120,-0.090
2024-06-16,-5.07,4.41,-0.117,-0.046
2024-06-17,-6.64,5.00,-0.131,-0.021
2024-06-18,-9.91,1.39,-0.169,-0.132
2024-06-19,-11.33,-5.28,-0.297,-0.254
2024-06-20,-12.88,-1.13,-0.281,-0.195
2024-06-21,-9.08,-0.16,-0.187,-0.107
2024-06-22,-7.89,-1.25,-0.182,-0.122
2024-06-23,-6.33,-1.00,-0.148,-0.099
2024-06-24,-3.19,1.84,-0.041,0.063
2024-06-25,-2.73,4.55,0.017,0.157
2024-06-26,-1.93,7.21,0.038,0.178
2024-06-27,-2.04,4.81,0.043,0.178
2024-06-28,-1.48,6.98,0.086,0.256
2024-06-29,-4.14,7.78,0.045,0.231
2024-06-30,-6.86,3.34,-0.093,0.030
2024-07-01,-4.75,1.92,-0.117,-0.047
2024-07-02,-0.99,4.65,0.042,0.105
2024-07-03,-1.70,6.80,0.066,0.244
2024-07-04,-1.91,7.68,0.069,0.292
2024-07-05,-1.98,6.46,0.063,0.267
2024-07-06,-2.79,3.44,0.019,0.076
2024-07-07,-5.20,-6.42,-0.189,-0.223
2024-07-08,7.17,-3.81,0.037,-0.019
2024-07-09,-0.65,4.63,0.018,0.258
2024-07-10,-3.75,2.26,0.005,0.091
2024-07-11,-2.55,0.36,-0.057,-0.066
2024-07-12,-3.10,2.17,-0.035,-0.011
2024-07-13,-2.88,2.88,-0.035,0.001
2024-07-14,-2.20,5.18,0.005,0.094
2024-07-15,-0.41,5.92,0.045,0.170
2024-07-16,-1.93,5.94,0.040,0.183
2024-07-17,-1.49,5.21,0.017,0.115
2024-07-18,-0.82,4.65,-0.006,0.034
2024-07-19,-2.39,3.99,-0.046,-0.015
2024-07-20,-2.94,2.94,-0.055,-0.009
2024-07-21,-1.87,5.13,0.004,0.071
2024-07-22,-2.09,5.75,0.028,0.159
2024-07-23,-3.06,3.40,-0.057,0.042
2024-07-24,-3.86,2.05,-0.085,-0.051
2024-07-25,-1.34,4.68,-0.037,0.021
2024-07-26,-0.58,4.14,0.010,0.072
2024-07-27,-2.84,4.05,-0.068,-0.007
2024-07-28,-2.82,5.79,-0.067,0.033
2024-07-29,-3.13,7.37,0.015,0.140
2024-07-30,-2.53,8.26,0.023,0.173
2024-07-31,-2.70,8.85,0.034,0.212
2024-08-01,-3.04,5.96,0.003,0.141
2024-08-02,-2.91,2.62,-0.085,-0.040
2024-08-03,-0.26,3.73,-0.039,-0.012
2024-08-04,-0.23,3.32,0.001,0.018
2024-08-05,-1.72,2.36,-0.061,-0.045
2024-08-06,-0.56,3.51,-0.093,-0.089
2024-08-07,0.18,5.09,0.014,0.075
2024-08-08,-1.37,5.11,0.058,0.159
2024-08-09,-3.03,2.82,0.052,0.168
2024-08-10,-3.83,1.10,0.037,0.099
2024-08-11,-4.70,0.49,-0.060,-0.004
2024-08-12,-3.70,4.41,-0.073,-0.004
2024-08-13,-2.24,6.16,-0.006,0.098
2024-08-14,-2.53,5.42,-0.025,0.105
2024-08-15,-2.39,5.37,0.011,0.121
2024-08-16,-2.23,5.26,0.002,0.120
2024-08-17,-2.69,4.14,-0.021,0.078
2024-08-18,-3.91,2.64,-0.093,-0.046
2024-08-19,-3.64,2.65,-0.098,-0.040
2024-08-20,-1.72,3.70,0.017,0.072
2024-08-21,0.19,5.40,0.031,0.129
2024-08-22,-1.03,5.83,0.028,0.129
2024-08-23,-2.35,4.62,-0.012,0.084
2024-08-24,-4.39,2.96,-0.101,-0.037
2024-08-25,-4.94,0.61,-0.139,-0.133
2024-08-26,-4.71,-0.66,-0.145,-0.139
2024-08-27,-3.90,1.12,-0.097,-0.056
2024-08-28,-5.39,0.09,-0.107,-0.072
2024-08-29,-4.15,0.29,-0.124,-0.073
2024-08-30,-4.58,-0.48,-0.101,-0.074
2024-08-31,-3.31,-1.54,-0.083,-0.063
2024-09-01,-1.84,-2.63,-0.069,-0.060
2024-09-02,-3.67,-3.93,-0.118,-0.167
2024-09-03,-4.29,-0.23,-0.106,-0.125
2024-09-04,-4.64,-1.69,-0.156,-0.158
2024-09-05,-1.37,-6.44,-0.131,-0.232
2024-09-06,0.00,-8.62,-0.105,-0.247
2024-09-07,-1.54,-9.70,-0.177,-0.307
2024-09-08,-2.65,-9.89,-0.204,-0.315
2024-09-09,-3.67,-8.65,-0.205,-0.284
2024-09-10,-4.25,-9.54,-0.235,-0.291
2024-09-11,-1.24,-7.04,-0.162,-0.233
2024-09-12,-1.18,2.78,-0.027,0.071
2024-09-13,-1.44,4.44,0.081,0.237
2024-09-14,-2.37,4.46,0.015,0.125
2024-09-15,-2.56,2.94,0.000,0.081
2024-09-16,-2.14,1.74,0.014,0.087
2024-09-17,-2.82,2.05,0.024,0.113
2024-09-18,-2.69,4.65,0.013,0.128
2024-09-19,-3.39,3.63,-0.011,0.120
2024-09-20,-3.39,3.51,-0.013,0.103
2024-09-21,-4.70,3.54,-0.043,0.058
2024-09-22,-4.58,4.27,-0.083,0.002
2024-09-23,-4.02,1.96,-0.097,-0.060
2024-09-24,-3.72,2.24,-0.093,-0.042
2024-09-25,-2.34,1.58,-0.071,-0.025
2024-09-26,-1.72,-5.99,-0.100,-0.140
2024-09-27,0.06,-3.64,-0.078,-0.118
2024-09-28,0.72,3.71,-0.009,0.017
2024-09-29,-2.87,2.68,-0.047,0.000
2024-09-30,-3.12,1.20,-0.011,0.032
2024-10-01,-4.65,-0.00,-0.011,0.068
2024-10-02,-3.43,-3.08,-0.081,-0.074
2024-10-03,-5.91,-1.92,-0.181,-0.167
2024-10-04,-6.38,-5.74,-0.204,-0.230
2024-10-05,-5.91,-3.41,-0.170,-0.179
2024-10-06,-5.73,-5.16,-0.203,-0.228
2024-10-07,-4.41,-5.07,-0.162,-0.180
2024-10-08,-4.07,-2.75,-0.112,-0.117
2024-10-09,-3.47,-2.43,-0.102,-0.095
2024-10-10,-1.76,-1.70,-0.047,-0.029
2024-10-11,-4.58,0.64,-0.099,-0.040
2024-10-12,-2.49,2.09,-0.038,0.014
2024-10-13,-0.00,5.05,0.063,0.155
2024-10-14,1.10,4.75,0.094,0.177
2024-10-15,1.24,4.65,0.090,0.162
2024-10-16,-7.86,-1.11,-0.096,-0.040
2024-10-17,-9.41,-2.17,-0.224,-0.190
2024-10-18,-6.61,2.94,-0.139,-0.029
2024-10-19,-8.24,0.58,-0.176,-0.103
2024-10-20,-7.99,-2.60,-0.199,-0.154
2024-10-21,-6.18,-0.11,-0.155,-0.089
2024-10-22,-3.88,2.06,-0.077,0.004
2024-10-23,-3.65,1.26,-0.026,0.036
2024-10-24,-3.10,2.60,-0.015,0.068
2024-10-25,-1.99,4.28,-0.006,0.098
2024-10-26,-3.26,1.38,-0.032,0.021
2024-10-27,-3.48,0.18,-0.082,-0.059
2024-10-28,-4.19,3.77,-0.072,-0.013
2024-10-29,-4.44,7.69,-0.021,0.104
2024-10-30,-3.77,7.73,-0.021,0.111
2024-10-31,-4.16,4.78,-0.058,0.056
2024-11-01,-4.90,1.22,-0.096,-0.042
2024-11-02,-5.44,3.67,-0.113,-0.011
2024-11-03,-4.26,9.14,-0.015,0.120
2024-11-04,-3.82,11.10,0.048,0.231
2024-11-05,-5.14,7.63,-0.001,0.067
2024-11-06,-2.38,-4.88,-0.107,-0.142
2024-11-07,-4.76,3.09,-0.101,-0.029
2024-11-08,-4.16,2.50,-0.121,-0.051
2024-11-09,-1.29,-6.08,-0.156,-0.191
2024-11-10,-1.25,-4.68,-0.160,-0.183
2024-11-11,-3.09,-1.79,-0.097,-0.088
2024-11-12,-4.39,0.69,-0.029,0.055
2024-11-13,-3.05,2.47,-0.083,-0.027
2024-11-14,-2.69,-5.77,-0.067,-0.100
2024-11-15,-3.93,-1.59,-0.076,-0.037
2024-11-16,-3.46,4.94,-0.078,0.019
2024-11-17,-2.50,6.51,-0.034,0.071
2024-11-18,-3.19,10.42,0.020,0.182
2024-11-19,1.21,-4.53,-0.034,-0.030
2024-11-20,-0.49,-6.96,-0.073,-0.100
2024-11-21,-2.15,-5.60,-0.094,-0.134
2024-11-22,0.00,-2.30,-0.014,-0.019
2024-11-23,-1.58,3.24,0.035,0.137
2024-11-24,-1.01,8.21,0.092,0.243
2024-11-25,-0.00,7.38,0.103,0.258
2024-11-26,-2.75,-5.39,-0.058,-0.053
2024-11-27,0.30,5.68,0.040,0.133
2024-11-28,-0.44,-8.44,0.026,0.053
2024-11-29,-1.47,-9.25,-0.147,-0.259
2024-11-30,-1.73,-6.93,-0.156,-0.191
2024-12-01,-3.79,-4.21,-0.147,-0.162
2024-12-02,-8.01,-5.82,-0.204,-0.208
2024-12-03,-7.02,-7.53,-0.231,-0.201
2024-12-04,-3.77,6.03,-0.110,0.002
2024-12-05,0.47,-4.43,0.028,0.037
2024-12-06,-7.01,-8.36,-0.234,-0.267
2024-12-07,-4.60,-8.65,-0.229,-0.269
2024-12-08,4.09,-1.41,-0.041,-0.065
2024-12-09,2.26,3.92,0.080,0.128
2024-12-10,3.44,-5.30,0.052,0.067
2024-12-11,2.25,-7.85,-0.044,-0.157
2024-12-12,-2.30,3.68,0.006,0.101
2024-12-13,-3.48,5.57,-0.059,0.061
2024-12-14,-1.31,5.66,-0.048,0.036
2024-12-15,-1.77,5.14,0.000,0.081
2024-12-16,-2.93,5.51,0.000,0.119
2024-12-17,-3.16,2.65,-0.056,-0.002
2024-12-18,-3.21,1.50,-0.061,-0.049
2024-12-19,-1.67,-6.70,-0.105,-0.179
2024-12-20,-3.16,-3.27,-0.067,-0.089
2024-12-21,-4.51,-5.37,-0.132,-0.165
2024-12-22,-5.39,1.24,-0.124,-0.080
2024-12-23,-2.56,5.24,-0.068,0.050
2024-12-24,-1.98,7.38,0.026,0.141
2024-12-25,-2.22,4.35,0.024,0.117
2024-12-26,-1.12,5.76,-0.038,0.079
2024-12-27,-1.68,2.31,0.017,0.125
2024-12-28,0.37,7.09,0.039,0.150
2024-12-29,2.54,-3.76,0.020,0.022
2024-12-30,-0.20,5.71,0.011,0.116
2024-12-31,-5.15,-3.74,-0.011,0.056
2025-01-01,-5.18,-7.14,-0.183,-0.233
2025-01-02,-5.90,-5.50,-0.185,-0.226
2025-01-03,-1.51,-4.92,-0.101,-0.151
2025-01-04,-4.10,1.41,-0.090,-0.072
2025-01-05,-0.34,9.79,0.076,0.236
2025-01-06,0.19,-10.72,-0.103,-0.214
2025-01-07,-2.86,-7.87,-0.133,-0.201
2025-01-08,-2.67,-9.31,-0.171,-0.278
2025-01-09,0.39,-7.35,-0.125,-0.216
2025-01-10,5.18,-8.61,-0.051,-0.196
2025-01-11,2.25,-4.23,0.052,0.013
2025-01-12,2.40,3.56,0.024,0.058
2025-01-13,-0.89,-7.25,-0.124,-0.204
2025-01-14,-3.55,-6.97,-0.168,-0.231
2025-01-15,-2.40,-9.63,-0.196,-0.297
2025-01-16,0.00,-6.35,-0.104,-0.189
2025-01-17,-1.67,3.42,-0.050,0.009
2025-01-18,4.35,3.79,0.068,0.120
2025-01-19,-1.13,-10.78,-0.123,-0.237
2025-01-20,-6.28,-8.34,-0.216,-0.268
2025-01-21,-3.33,-14.42,-0.290,-0.453
2025-01-22,-0.34,-3.90,-0.084,-0.116
2025-01-23,-1.30,-6.13,-0.098,-0.133
2025-01-24,-2.10,-4.94,-0.098,-0.133
2025-01-25,-1.63,4.47,-0.017,0.083
2025-01-26,-1.27,6.56,0.000,0.144
2025-01-27,-6.30,-2.05,-0.040,0.044
2025-01-28,-3.10,-5.16,-0.128,-0.154
2025-01-29,-3.45,4.41,-0.090,-0.032
2025-01-30,-1.04,7.40,0.010,0.116
2025-01-31,3.08,-3.55,0.036,0.008
2025-02-01,-1.61,-2.06,0.045,0.074
2025-02-02,-0.49,3.49,0.027,0.074
2025-02-03,-1.30,5.64,0.030,0.146
2025-02-04,-2.16,5.10,0.038,0.181
2025-02-05,-2.63,4.55,0.051,0.165
2025-02-06,-1.38,5.96,0.061,0.212
2025-02-07,-1.70,5.55,0.073,0.227
2025-02-08,-1.71,7.41,0.071,0.260
2025-02-09,-2.46,5.80,0.057,0.235
2025-02-10,-5.66,-1.10,-0.054,0.012
2025-02-11,-2.63,6.86,-0.032,0.072
2025-02-12,-1.45,7.44,0.064,0.237
2025-02-13,-2.80,-10.45,-0.148,-0.235
2025-02-14,0.26,-7.34,-0.129,-0.240
2025-02-15,0.45,6.47,-0.031,-0.008
2025-02-16,-0.27,-7.80,-0.068,-0.118
2025-02-17,-3.43,-5.71,-0.151,-0.174
2025-02-18,-2.09,4.69,-0.075,-0.001
2025-02-19,0.18,-10.23,-0.157,-0.269
2025-02-20,-0.48,-9.14,-0.146,-0.263
2025-02-21,-2.66,-9.28,-0.191,-0.294
2025-02-22,-1.04,-9.87,-0.186,-0.309
2025-02-23,2.94,-4.71,-0.062,-0.154
2025-02-24,-0.22,-3.16,-0.024,-0.010
2025-02-25,-1.38,3.59,0.004,0.090
2025-02-26,-2.17,6.31,-0.062,0.064
2025-02-27,-4.94,0.26,-0.073,-0.018
2025-02-28,-2.42,-3.73,-0.108,-0.108
2025-03-01,-3.03,-0.32,-0.085,-0.045
2025-03-02,-3.90,4.18,-0.100,-0.000
2025-03-03,-3.03,6.22,-0.097,-0.008
2025-03-04,2.30,9.98,0.041,0.122
2025-03-05,1.67,-6.25,0.033,0.031
2025-03-06,-5.25,3.16,-0.006,0.126
2025-03-07,-2.03,7.58,-0.013,0.123
2025-03-08,-2.33,5.49,-0.002,0.122
2025-03-09,2.93,-8.52,-0.028,-0.108
2025-03-10,-1.03,-4.46,0.026,0.008
2025-03-11,-1.64,5.72,0.048,0.184
2025-03-12,-1.41,8.00,0.043,0.201
2025-03-13,-0.51,5.82,0.063,0.160
2025-03-14,-1.19,8.49,0.069,0.238
2025-03-15,7.17,-4.31,-0.010,0.035
2025-03-16,1.10,-5.65,-0.035,-0.081
2025-03-17,-1.38,6.50,0.047,0.184
2025-03-18,-2.74,10.22,0.048,0.238
2025-03-19,-1.27,8.03,0.047,0.126
2025-03-20,-2.40,-8.37,-0.118,-0.191
2025-03-21,-3.35,5.79,0.033,0.150
2025-03-22,-3.55,5.91,-0.029,0.099
2025-03-23,-2.38,6.91,-0.012,0.104
2025-03-24,-4.88,2.49,-0.001,0.073
2025-03-25,-3.21,2.09,-0.014,0.070
2025-03-26,-4.95,2.97,-0.116,-0.002
2025-03-27,-7.00,3.72,-0.133,-0.081
2025-03-28,-6.80,2.21,-0.157,-0.084
2025-03-29,-2.42,4.76,-0.038,0.065
2025-03-30,-3.21,5.56,-0.035,0.089
2025-03-31,-3.06,2.96,-0.059,-0.015
2025-04-01,-3.97,4.11,-0.078,0.014
2025-04-02,-2.69,11.63,0.046,0.243
2025-04-03,-3.51,10.79,0.028,0.229
2025-04-04,-4.59,9.40,-0.034,0.157
2025-04-05,-0.92,7.52,-0.016,0.034
2025-04-06,4.13,-10.22,-0.055,-0.221
2025-04-07,1.90,-6.62,-0.019,-0.090
2025-04-08,-2.87,-3.42,-0.033,-0.017
2025-04-09,-2.45,6.05,0.002,0.106
2025-04-10,-1.73,6.95,0.037,0.190
2025-04-11,-1.57,3.89,0.051,0.140
2025-04-12,0.08,4.87,0.095,0.182
2025-04-13,-1.99,8.63,0.045,0.217
2025-04-14,-2.24,8.98,0.060,0.246
2025-04-15,-4.54,4.09,0.002,0.130
2025-04-16,-4.40,4.56,-0.026,0.109
2025-04-17,-3.57,8.41,0.016,0.183
2025-04-18,-3.76,10.33,0.026,0.203
2025-04-19,-4.70,7.52,-0.032,0.110
2025-04-20,-4.00,6.39,-0.073,0.044
2025-04-21,-4.30,1.40,-0.145,-0.076
2025-04-22,-5.05,2.25,-0.110,-0.071
2025-04-23,-4.87,4.54,-0.094,0.001
2025-04-24,-4.97,4.97,-0.084,0.023
2025-04-25,-4.81,4.81,-0.071,0.046
2025-04-26,-6.02,5.24,-0.062,0.068
2025-04-27,-4.90,5.84,-0.051,0.072
2025-04-28,-4.91,7.85,-0.018,0.125
2025-04-29,-5.67,7.00,-0.017,0.145
2025-04-30,-4.62,9.48,0.006,0.157
2025-05-01,-3.80,8.16,-0.007,0.172
2025-05-02,-4.11,7.73,-0.024,0.113
2025-05-03,-6.09,-5.29,-0.132,-0.116
2025-05-04,-6.82,-2.90,-0.143,-0.109
2025-05-05,-7.84,3.82,-0.154,-0.046
2025-05-06,-5.08,7.82,-0.083,0.040
2025-05-07,-7.07,-2.03,-0.142,-0.089
2025-05-08,-7.28,-3.09,-0.183,-0.159
2025-05-09,-1.61,-8.27,-0.142,-0.210
2025-05-10,1.33,-4.62,-0.047,-0.109
2025-05-11,1.62,-3.82,-0.024,-0.063
2025-05-12,1.98,2.73,0.071,0.120
2025-05-13,-1.18,8.43,0.079,0.254
2025-05-14,-1.49,10.63,0.085,0.264
2025-05-15,-2.14,10.99,0.069,0.266
2025-05-16,-3.33,7.48,0.008,0.177
2025-05-17,-3.25,6.66,-0.002,0.140
2025-05-18,-4.05,7.62,-0.021,0.124
2025-05-19,-4.41,9.04,-0.017,0.129
2025-05-20,-3.43,5.70,-0.031,0.106
2025-05-21,-5.04,0.44,-0.124,-0.018
2025-05-22,-5.12,1.66,-0.127,-0.059
2025-05-23,-4.21,3.79,-0.114,-0.033
2025-05-24,-3.99,7.50,-0.033,0.100
2025-05-25,-4.55,8.56,-0.011,0.147
2025-05-26,-3.53,10.24,0.029,0.182
2025-05-27,-6.68,5.04,-0.113,-0.005
2025-05-28,-5.92,1.48,-0.143,-0.081
2025-05-29,-4.74,2.11,-0.125,-0.048
2025-05-30,-4.09,2.86,-0.077,-0.014
2025-05-31,-3.24,-2.27,-0.078,-0.086
2025-06-01,-1.68,3.77,-0.062,-0.029
2025-06-02,-3.84,4.91,-0.030,0.091
2025-06-03,-5.65,5.86,-0.080,0.048
2025-06-04,-4.92,6.08,-0.077,0.055
2025-06-05,-4.54,5.41,-0.040,0.090
2025-06-06,-4.46,6.36,-0.029,0.104
2025-06-07,-3.17,8.71,0.021,0.182
2025-06-08,-3.00,8.73,0.038,0.214
2025-06-09,-3.04,8.36,0.034,0.212
2025-06-10,-3.84,4.91,-0.004,0.131
2025-06-11,-4.17,5.96,-0.076,0.020
2025-06-12,-2.17,8.11,-0.020,0.098
2025-06-13,-3.18,6.82,-0.023,0.098
2025-06-14,-4.74,6.29,-0.002,0.125
2025-06-15,-3.39,6.38,-0.059,0.072
2025-06-16,-1.81,6.30,-0.004,0.096
2025-06-17,-2.94,6.92,0.020,0.154
2025-06-18,-3.29,9.04,0.028,0.208
2025-06-19,-4.58,5.46,-0.053,0.089
2025-06-20,-4.23,5.22,-0.079,0.030
2025-06-21,-4.11,6.57,-0.045,0.088
2025-06-22,-4.74,6.29,-0.061,0.066
2025-06-23,-4.17,5.53,-0.073,0.021
2025-06-24,-4.22,3.18,-0.080,-0.032
2025-06-25,-4.61,2.88,-0.120,-0.095
2025-06-26,-3.45,4.42,-0.081,0.002
2025-06-27,-3.85,4.76,-0.066,0.031
2025-06-28,-4.60,4.60,-0.073,0.024
2025-06-29,-4.30,5.32,-0.099,0.009
2025-06-30,-4.21,5.59,-0.040,0.092
2025-07-01,-5.03,2.79,-0.102,-0.000
2025-07-02,-3.44,5.11,-0.055,0.041
2025-07-03,-3.17,7.12,0.011,0.135
2025-07-04,-2.71,8.87,0.038,0.186
2025-07-05,-2.26,9.79,0.062,0.225
2025-07-06,-2.95,6.94,0.024,0.161
2025-07-07,-2.85,5.85,0.011,0.143
2025-07-08,-3.76,5.58,-0.002,0.127
2025-07-09,-2.09,6.42,0.023,0.149
2025-07-10,-2.05,7.15,0.055,0.202
2025-07-11,-2.99,8.68,0.041,0.189
2025-07-12,-2.96,8.59,0.028,0.185
2025-07-13,-2.92,7.60,0.017,0.147
2025-07-14,-3.10,6.35,-0.032,0.104
2025-07-15,-3.10,6.35,-0.013,0.113
2025-07-16,-3.20,7.54,0.011,0.140
2025-07-17,-2.43,5.72,0.013,0.130
2025-07-18,-2.39,4.70,-0.011,0.102
2025-07-19,-2.17,6.31,-0.004,0.130
2025-07-20,-2.44,7.52,0.020,0.164
2025-07-21,-3.04,7.53,0.004,0.147
2025-07-22,-3.45,6.49,-0.021,0.121
2025-07-23,-3.32,5.98,-0.017,0.118
2025-07-24,-2.64,4.77,-0.011,0.085
2025-07-25,-2.01,4.13,-0.036,0.017
2025-07-26,-2.70,6.36,-0.067,0.018
2025-07-27,-3.90,4.81,-0.068,0.020
2025-07-28,-3.41,3.79,-0.113,-0.065
2025-07-29,-2.35,3.76,-0.062,-0.007
2025-07-30,-0.77,3.63,-0.000,0.068
2025-07-31,-0.20,5.74,0.054,0.153
2025-08-01,-1.65,5.41,0.034,0.152
2025-08-02,-1.35,5.39,0.036,0.160
2025-08-03,-1.28,4.78,0.040,0.133
2025-08-04,-1.69,5.52,0.026,0.136
2025-08-05,-2.91,1.75,-0.054,-0.010
2025-08-06,-3.00,3.57,-0.065,-0.025
2025-08-07,-2.25,5.04,-0.036,0.043
2025-08-08,-2.16,4.86,-0.025,0.057
2025-08-09,-2.73,4.05,-0.054,0.009
2025-08-10,-3.92,3.17,-0.093,-0.072
2025-08-11,-3.82,3.10,-0.104,-0.075
2025-08-12,-2.19,4.11,-0.073,-0.014
2025-08-13,-1.74,5.36,-0.022,0.083
2025-08-14,-1.77,7.08,0.025,0.157
2025-08-15,-4.69,5.59,-0.052,0.084
2025-08-16,-3.43,6.19,-0.055,0.073
2025-08-17,-3.33,4.93,-0.027,0.087
2025-08-18,-3.00,3.00,-0.031,0.062
2025-08-19,-3.63,2.10,-0.032,0.015
2025-08-20,-2.78,-1.42,-0.069,-0.067
2025-08-21,-2.49,2.76,-0.053,-0.027
2025-08-22,-1.89,-2.80,-0.066,-0.050
2025-08-23,-3.02,-2.04,-0.063,-0.057
2025-08-24,-3.48,-1.27,-0.078,-0.097
2025-08-25,-5.28,2.14,-0.097,-0.059
2025-08-26,-3.01,2.90,-0.076,-0.006
2025-08-27,-3.49,3.49,-0.061,0.017
2025-08-28,-1.74,6.08,-0.024,0.079
2025-08-29,-1.48,6.97,0.030,0.149
2025-08-30,-1.74,6.07,0.032,0.158
2025-08-31,-3.36,4.29,-0.004,0.093
2025-09-01,-3.78,-0.87,-0.083,-0.065
2025-09-02,-2.96,-0.91,-0.081,-0.088
2025-09-03,-3.33,1.55,-0.098,-0.100
2025-09-04,-0.69,4.89,-0.019,0.056
2025-09-05,-2.46,6.77,0.028,0.146
2025-09-06,-3.91,3.64,-0.047,0.052
2025-09-07,-5.13,-1.67,-0.121,-0.113
2025-09-08,-6.03,-5.24,-0.179,-0.216
2025-09-09,-5.82,-3.64,-0.171,-0.169
2025-09-10,-5.92,-0.52,-0.141,-0.104
2025-09-11,-5.88,0.31,-0.154,-0.108
2025-09-12,-5.80,0.92,-0.164,-0.109
2025-09-13,-6.71,2.58,-0.134,-0.034
2025-09-14,-4.98,3.36,-0.057,0.068
2025-09-15,-4.87,0.95,-0.081,-0.021
2025-09-16,-6.09,-1.30,-0.140,-0.117
2025-09-17,-5.89,0.52,-0.127,-0.077
2025-09-18,-6.02,1.96,-0.116,-0.023
2025-09-19,-4.87,0.43,-0.109,-0.080
2025-09-20,-3.65,1.33,-0.098,-0.054
2025-09-21,-3.02,4.01,-0.097,0.013
2025-09-22,-2.97,5.35,-0.062,0.059
2025-09-23,-2.35,6.45,-0.015,0.126
2025-09-24,-1.29,6.63,0.033,0.158
2025-09-25,-2.30,-4.32,-0.012,0.011
2025-09-26,-3.55,-2.22,-0.044,-0.029
2025-09-27,-4.55,0.64,-0.082,-0.054
2025-09-28,-5.49,-2.68,-0.128,-0.126
2025-09-29,-4.57,-2.64,-0.122,-0.126
2025-09-30,-3.59,-2.71,-0.099,-0.107
2025-10-01,-3.10,-0.89,-0.054,-0.035
2025-10-02,-4.08,0.43,-0.049,-0.020
2025-10-03,-4.35,-2.03,-0.096,-0.087
2025-10-04,-6.36,-3.52,-0.200,-0.215
2025-10-05,-5.48,-1.89,-0.175,-0.179
2025-10-06,-3.67,1.12,-0.082,-0.028
2025-10-07,-5.33,1.63,-0.078,-0.002
2025-10-08,-5.85,-2.48,-0.163,-0.148
2025-10-09,-6.55,-3.93,-0.178,-0.184
2025-10-10,-6.81,-3.47,-0.192,-0.182
2025-10-11,-3.20,-2.59,-0.102,-0.117
2025-10-12,-3.71,2.23,-0.082,-0.030
2025-10-13,-4.17,3.03,-0.040,0.048
2025-10-14,-6.80,0.36,-0.107,-0.015
2025-10-15,-3.85,-1.10,-0.063,-0.025
2025-10-16,-2.83,2.83,-0.056,0.010
2025-10-17,-3.96,3.10,-0.107,-0.028
2025-10-18,-2.08,4.45,-0.079,-0.002
2025-10-19,-5.42,4.09,-0.013,0.037
2025-10-20,-4.71,4.09,-0.125,-0.053
2025-10-21,-0.98,6.98,0.020,0.133
2025-10-22,-4.29,-0.45,-0.058,-0.017
2025-10-23,-4.90,2.95,-0.118,-0.059
2025-10-24,-5.02,4.69,-0.111,-0.000
2025-10-25,-6.45,5.22,-0.085,-0.005
2025-10-26,-3.86,-1.88,-0.065,-0.002
2025-10-27,-3.89,4.03,-0.049,0.042
2025-10-28,-1.42,7.28,0.027,0.154
2025-10-29,2.38,-11.19,-0.079,-0.180
2025-10-30,2.48,-5.33,0.068,0.022
2025-10-31,-0.48,-3.43,0.008,0.015
2025-11-01,-2.48,3.54,-0.021,0.072
2025-11-02,-3.29,-7.38,-0.167,-0.208
2025-11-03,-2.83,-0.35,-0.076,-0.044
2025-11-04,-3.52,2.47,-0.075,-0.038
2025-11-05,-1.11,3.86,-0.026,0.021
2025-11-06,-0.68,3.22,-0.017,0.018
2025-11-07,-0.23,6.58,0.026,0.139
2025-11-08,0.69,5.66,0.068,0.172
2025-11-09,-3.04,-6.83,-0.054,-0.053
2025-11-10,-1.35,-9.59,-0.166,-0.283
2025-11-11,0.13,-3.64,-0.042,-0.028
2025-11-12,0.58,8.36,0.072,0.240
2025-11-13,-0.96,6.04,0.047,0.198
2025-11-14,-1.83,6.00,0.038,0.183
2025-11-15,-1.85,5.36,0.011,0.134
2025-11-16,-0.78,6.39,0.036,0.169
2025-11-17,-2.14,5.89,0.025,0.175
2025-11-18,-3.63,6.54,0.002,0.156
2025-11-19,-4.43,4.75,-0.060,0.068
2025-11-20,-4.06,7.02,-0.051,0.074
2025-11-21,-1.20,7.57,0.026,0.136
2025-11-22,-3.66,3.54,-0.001,0.086
2025-11-23,-4.80,1.84,-0.092,-0.011
2025-11-24,-2.66,9.91,0.019,0.167
2025-11-25,0.48,5.50,0.063,0.154
2025-11-26,-5.44,-6.26,-0.128,-0.109
2025-11-27,-4.77,-6.56,-0.180,-0.218
2025-11-28,-8.61,1.52,-0.185,-0.107
2025-11-29,-3.82,10.50,-0.005,0.156
2025-11-30,-5.39,-7.99,-0.026,-0.006
2025-12-01,0.95,-7.77,-0.111,-0.229
2025-12-02,0.74,-7.08,-0.101,-0.205
2025-12-03,0.42,-4.04,-0.062,-0.067
2025-12-04,1.07,-5.05,-0.081,-0.119
2025-12-05,-0.23,-6.46,-0.087,-0.168
2025-12-06,0.52,-3.29,-0.010,0.004
2025-12-07,1.05,-1.89,-0.039,-0.018
2025-12-08,-0.59,-8.40,-0.119,-0.211
2025-12-09,-2.24,-2.41,-0.057,-0.060
2025-12-10,0.88,4.14,0.027,0.079
2025-12-11,-1.89,-4.92,-0.064,-0.077
2025-12-12,-1.07,4.28,-0.008,0.043
2025-12-13,-2.83,3.90,-0.019,0.104
2025-12-14,-4.43,-5.67,-0.085,-0.084
2025-12-15,-1.40,-6.59,-0.143,-0.214
2025-12-16,-3.92,0.07,-0.086,-0.045
2025-12-17,-4.49,3.90,-0.125,-0.000
2025-12-18,0.96,3.84,0.011,0.084
2025-12-19,-3.43,-5.49,-0.097,-0.096
2025-12-20,-1.23,4.95,-0.060,0.010
2025-12-21,-0.64,5.19,0.039,0.116
2025-12-22,-3.76,2.00,-0.018,0.096
2025-12-23,-3.09,3.09,-0.022,0.087
2025-12-24,-3.08,1.12,-0.093,-0.027
2025-12-25,-2.94,1.99,-0.109,-0.041
2025-12-26,-1.38,4.82,-0.010,0.077
2025-12-27,-1.88,6.16,0.037,0.190
2025-12-28,-2.05,6.32,0.047,0.195
2025-12-29,-2.89,-9.47,-0.128,-0.182
2025-12-30,1.56,-8.02,-0.091,-0.217
2025-12-31,0.85,-2.62,-0.039,-0.047
2026-01-01,1.06,3.26,0.044,0.091
2026-01-02,2.10,6.45,0.102,0.226
2026-01-03,4.24,3.55,0.105,0.179
2026-01-04,-4.41,-3.97,-0.078,-0.060
2026-01-05,-3.29,3.79,-0.087,-0.012
2026-01-06,-0.47,5.38,-0.008,0.079
2026-01-07,-0.70,5.72,0.042,0.156
2026-01-08,-2.22,10.47,0.067,0.245
2026-01-09,-2.53,5.96,0.005,0.157
2026-01-10,2.59,-9.03,-0.041,-0.112
2026-01-11,1.10,-8.92,-0.098,-0.232
2026-01-12,1.24,-4.65,-0.070,-0.142
2026-01-13,1.21,-3.74,-0.060,-0.124
2026-01-14,3.74,-1.99,0.034,0.013
2026-01-15,-0.31,-5.87,-0.004,-0.029
2026-01-16,0.75,6.13,0.064,0.179
2026-01-17,-4.16,-8.53,-0.138,-0.166
2026-01-18,-0.54,-7.66,-0.119,-0.214
2026-01-19,0.08,4.47,0.050,0.110
2026-01-20,-4.54,1.56,-0.070,0.002
2026-01-21,-1.34,4.99,-0.061,0.015
2026-01-22,-1.92,1.99,-0.028,0.002
2026-01-23,-4.46,3.48,-0.083,0.027
2026-01-24,-6.36,-4.29,-0.145,-0.129
2026-01-25,3.86,-9.10,-0.070,-0.231
2026-01-26,2.47,-9.21,-0.064,-0.211
2026-01-27,-1.84,-5.06,-0.091,-0.139
2026-01-28,-2.07,-3.74,-0.089,-0.122
2026-01-29,-2.44,1.71,-0.026,-0.014
2026-01-30,0.00,-7.15,-0.031,-0.081
2026-01-31,-0.59,-6.78,-0.059,-0.131
2026-02-01,-3.80,-5.85,-0.129,-0.157
2026-02-02,-1.43,3.72,-0.063,-0.001
2026-02-03,-0.16,9.12,0.070,0.244
2026-02-04,-7.19,-2.91,-0.025,0.054
2026-02-05,-1.30,-4.85,-0.055,-0.078
2026-02-06,2.52,4.37,0.081,0.135
2026-02-07,1.15,4.28,0.098,0.153
2026-02-08,-0.40,3.85,0.052,0.119
2026-02-09,-0.10,5.91,0.044,0.164
2026-02-10,-2.05,6.69,0.022,0.156
2026-02-11,-2.39,2.85,-0.054,0.005
2026-02-12,-2.75,1.28,-0.090,-0.060
2026-02-13,-3.32,4.10,-0.048,0.051
2026-02-14,-3.92,8.04,-0.033,0.113
2026-02-15,4.85,-1.86,0.035,0.040
2026-02-16,-3.97,-1.37,-0.017,0.031
2026-02-17,-3.01,5.90,-0.041,0.075
2026-02-18,-1.52,7.17,0.024,0.161
2026-02-19,-1.51,7.75,0.057,0.214
2026-02-20,-3.74,2.07,0.002,0.078
2026-02-21,-4.29,-0.38,-0.084,-0.046
2026-02-22,-1.69,-10.68,-0.173,-0.305
2026-02-23,-4.15,-6.15,-0.152,-0.208
2026-02-24,-2.61,5.13,-0.036,0.044
2026-02-25,-0.37,10.60,0.088,0.274
2026-02-26,-0.00,9.37,0.096,0.275
2026-02-27,-5.11,-0.36,-0.037,0.045
2026-02-28,-2.81,1.97,-0.092,-0.057
2026-03-01,-4.69,3.93,-0.109,-0.049
2026-03-02,-4.78,3.22,-0.111,-0.021
2026-03-03,-4.13,4.75,-0.074,0.020
2026-03-04,-4.27,6.33,-0.053,0.089
2026-03-05,-4.73,7.01,-0.051,0.097
2026-03-06,-4.94,7.90,-0.038,0.103
2026-03-07,-4.70,7.82,-0.023,0.138
2026-03-08,-5.90,-1.47,-0.122,-0.074
2026-03-09,-3.48,5.16,-0.078,-0.001
2026-03-10,-4.09,8.38,0.012,0.152
2026-03-11,-0.37,7.05,0.060,0.167
2026-03-12,-0.65,-9.26,-0.113,-0.210
2026-03-13,-3.23,3.47,-0.032,0.021
2026-03-14,-3.47,6.00,-0.011,0.113
2026-03-15,-2.15,8.62,0.044,0.185
2026-03-16,-2.07,-11.74,-0.151,-0.223
2026-03-17,-4.35,-5.77,-0.123,-0.156
2026-03-18,-3.72,4.76,-0.079,0.015
2026-03-19,-2.54,4.39,-0.027,0.071
2026-03-20,-1.21,5.71,0.036,0.154
2026-03-21,-0.83,7.91,0.063,0.203
2026-03-22,-1.27,8.03,0.054,0.195
2026-03-23,-3.86,4.00,-0.013,0.115
2026-03-24,-3.68,3.55,-0.040,0.065
2026-03-25,-3.52,5.86,-0.004,0.133
2026-03-26,-4.17,6.93,0.000,0.148
2026-03-27,-4.12,6.35,-0.003,0.132
2026-03-28,-4.80,-4.17,-0.109,-0.092
2026-03-29,-5.09,1.95,-0.119,-0.088
2026-03-30,-4.70,5.04,-0.092,0.002
2026-03-31,-4.86,6.23,-0.061,0.071
2026-04-01,-4.02,6.69,-0.042,0.092
2026-04-02,-5.24,8.38,-0.011,0.143
2026-04-03,-5.44,6.96,-0.044,0.101
2026-04-04,-5.03,5.59,-0.077,0.057
2026-04-05,-1.93,-9.94,-0.179,-0.279
2026-04-06,-0.56,-8.06,-0.143,-0.261
2026-04-07,-5.38,-1.96,-0.158,-0.160
2026-04-08,-5.18,-0.45,-0.170,-0.111
2026-04-09,-4.66,1.25,-0.142,-0.083
2026-04-10,-4.51,2.50,-0.125,-0.073
2026-04-11,-6.20,2.76,-0.168,-0.056
2026-04-12,-5.35,6.61,-0.079,0.051
2026-04-13,-4.36,6.71,-0.046,0.112
2026-04-14,-4.71,6.73,-0.046,0.115
2026-04-15,-4.91,7.28,-0.051,0.114
2026-04-16,-4.30,6.63,-0.019,0.121
2026-04-17,-4.33,8.15,-0.004,0.159
2026-04-18,-3.60,7.07,0.008,0.155
2026-04-19,-5.74,-9.94,-0.218,-0.262
2026-04-20,-10.21,0.18,-0.226,-0.180
2026-04-21,-6.63,5.76,-0.097,0.023
2026-04-22,-5.06,4.25,-0.067,0.058
2026-04-23,-4.54,4.87,-0.065,0.085
2026-04-24,-3.31,5.09,-0.048,0.098
2026-04-25,-2.10,4.31,-0.029,0.082
2026-04-26,-3.46,3.58,-0.042,0.058
2026-04-27,-3.27,5.44,-0.036,0.080
2026-04-28,-3.88,6.22,-0.036,0.106
2026-04-29,-2.75,6.18,-0.004,0.125
2026-04-30,-4.66,2.91,-0.054,0.087
2026-05-01,-6.52,-1.03,-0.136,-0.100
2026-05-02,-1.99,-10.26,-0.178,-0.337
2026-05-03,-3.11,-3.98,-0.123,-0.114
2026-05-04,-3.03,5.47,-0.045,0.053
2026-05-05,-1.96,7.87,0.048,0.208
2026-05-06,-3.26,5.22,0.035,0.168
2026-05-07,-4.18,-5.96,-0.126,-0.142
2026-05-08,-5.21,-3.38,-0.178,-0.170
2026-05-09,-4.06,0.79,-0.102,-0.073
2026-05-10,-4.84,2.36,-0.130,-0.018
2026-05-11,-1.67,-6.71,-0.150,-0.173
2026-05-12,-3.43,-3.55,-0.124,-0.138
2026-05-13,-2.52,1.90,-0.069,-0.010
2026-05-14,-1.49,4.88,0.015,0.117
2026-05-15,-3.03,8.80,0.047,0.217
2026-05-16,-4.95,7.35,0.015,0.209
2026-05-17,-4.94,7.91,-0.025,0.129
2026-05-18,-5.42,8.35,-0.051,0.120
2026-05-19,-4.95,5.69,-0.097,0.020
2026-05-20,-7.43,-0.26,-0.156,-0.088
2026-05-21,-4.60,0.89,-0.134,-0.130
2026-05-22,-2.38,4.12,-0.009,0.064
2026-05-23,-3.31,3.81,-0.024,0.076
2026-05-24,-6.40,-1.96,-0.178,-0.151
2026-05-25,-4.92,-1.23,-0.142,-0.104
2026-05-26,-4.86,4.08,-0.085,0.006
2026-05-27,-5.87,3.12,-0.074,-0.006
2026-05-28,-3.91,-0.48,-0.113,-0.070
2026-05-29,-3.00,4.13,-0.033,0.082
2026-05-30,-3.36,4.63,0.013,0.118
2026-05-31,-4.27,3.71,-0.030,0.084
2026-06-01,-4.67,1.89,-0.090,0.002
2026-06-02,-4.41,1.02,-0.104,-0.041
2026-06-03,-4.84,-1.21,-0.148,-0.145
2026-06-04,-4.08,0.21,-0.144,-0.168
2026-06-05,-4.55,0.97,-0.177,-0.182
2026-06-06,-1.84,5.06,-0.102,-0.060
2026-06-07,-3.14,7.40,0.017,0.139
2026-06-08,-3.90,6.49,-0.011,0.118
2026-06-09,-5.37,4.51,-0.105,0.026
2026-06-10,-4.63,5.52,-0.097,0.009
2026-06-11,-4.90,6.50,-0.055,0.090
2026-06-12,-5.01,5.98,-0.042,0.095
2026-06-13,-5.93,4.00,-0.081,0.055
2026-06-14,-4.61,7.10,-0.065,0.080
2026-06-15,-2.51,4.72,0.011,0.140
2026-06-16,-4.33,5.54,-0.005,0.155
2026-06-17,3.26,-2.64,-0.007,-0.025
2026-06-18,-2.27,7.41,0.025,0.191
2026-06-19,-3.93,6.80,0.016,0.213
2026-06-20,-3.24,4.81,-0.039,0.103
2026-06-21,-2.70,7.40,-0.036,0.092
2026-06-22,-2.77,9.66,0.063,0.284
2026-06-23,-3.60,8.09,0.042,0.267
2026-06-24,-2.54,7.82,0.058,0.246
2026-06-25,-3.23,7.60,0.059,0.271
2026-06-26,-2.96,9.10,0.065,0.283
2026-06-27,-2.94,9.62,0.066,0.266
2026-06-28,-3.03,9.91,0.046,0.243
2026-06-29,-3.67,9.57,0.039,0.190
2026-06-30,-4.13,6.36,-0.018,0.116
2026-07-01,-4.36,6.23,-0.027,0.098
2026-07-02,-3.53,5.24,-0.002,0.109
2026-07-03,-3.12,5.62,0.006,0.115
2026-07-04,-2.40,6.26,0.027,0.159
2026-07-05,-2.49,6.16,0.039,0.192
2026-07-06,-2.27,5.35,0.059,0.199
2026-07-07,-2.22,4.76,0.046,0.185
2026-07-08,-2.23,5.80,0.064,0.224
2026-07-09,-1.61,5.61,0.094,0.245
2026-07-10,-2.89,5.21,0.042,0.164
2026-07-11,-3.59,4.94,-0.012,0.085
2026-07-12,-3.83,4.73,-0.115,-0.021
2026-07-13,-1.84,6.42,-0.055,0.031
2026-07-14,-1.82,7.86,0.004,0.116
2026-07-15,-4.27,6.09,-0.085,0.009
2026-07-16,-4.32,6.41,-0.074,0.042
2026-07-17,-3.88,7.61,-0.011,0.133
2026-07-18,-3.41,7.66,0.014,0.153
2026-07-19,-2.43,7.96,0.047,0.189
2026-07-20,-2.31,7.55,0.059,0.199
2026-07-21,-1.42,6.66,0.046,0.177
2026-07-22,-0.46,5.22,0.076,0.153
2026-07-23,1.63,6.08,0.096,0.180
2026-07-24,-1.24,7.02,0.016,0.130
2026-07-25,-3.70,5.48,-0.082,0.023
2026-07-26,-2.53,5.43,-0.064,0.003
2026-07-27,-2.13,7.95,0.045,0.186
2026-07-28,-2.43,9.08,0.081,0.248
2026-07-29,-2.57,8.40,0.047,0.219
2026-07-30,-2.70,8.32,0.057,0.219
2026-07-31,-2.72,7.10,0.048,0.187
2026-08-01,-1.15,7.26,0.077,0.209
2026-08-02,0.83,5.26,0.096,0.184
2026-08-03,-0.61,4.93,0.082,0.164
2026-08-04,-2.60,7.55,0.040,0.202
2026-08-05,-3.57,6.72,0.030,0.170
2026-08-06,-3.60,5.99,-0.011,0.119
2026-08-07,-3.32,5.52,-0.018,0.104
2026-08-08,-4.12,2.10,-0.134,-0.065
2026-08-09,-4.89,1.31,-0.151,-0.111
2026-08-10,-2.81,5.06,-0.081,0.005
2026-08-11,-2.89,6.81,-0.013,0.114
2026-08-12,-2.95,7.68,0.002,0.132
2026-08-13,-2.77,8.54,0.035,0.190
2026-08-14,-4.15,7.49,0.012,0.167
2026-08-15,-3.87,6.69,-0.013,0.145
2026-08-16,-4.62,4.46,-0.033,0.116
2026-08-17,-4.05,3.16,-0.059,0.055
2026-08-18,-1.49,5.97,0.027,0.141
2026-08-19,-1.40,7.21,0.063,0.199
2026-08-20,-1.99,7.43,0.044,0.201
2026-08-21,-1.73,7.48,0.047,0.210
2026-08-22,-1.50,6.48,0.065,0.194
2026-08-23,-0.73,5.93,0.064,0.180
2026-08-24,-2.04,5.31,0.054,0.158
2026-08-25,-2.31,6.35,0.043,0.193
2026-08-26,-2.14,5.28,0.025,0.125
2026-08-27,-1.00,5.13,0.034,0.136
2026-08-28,-1.74,5.06,0.023,0.131
2026-08-29,-2.24,4.21,-0.027,0.087
2026-08-30,-2.62,4.93,-0.019,0.090
2026-08-31,-3.24,4.98,-0.047,0.057
2026-09-01,-2.98,3.81,-0.096,-0.036
2026-09-02,-1.27,7.18,0.041,0.169
2026-09-03,-2.42,7.92,0.036,0.186
2026-09-04,-3.51,5.84,-0.014,0.119
2026-09-05,-3.69,4.72,-0.047,0.059
2026-09-06,-1.91,4.50,-0.001,0.082
2026-09-07,-2.25,5.05,0.017,0.130
2026-09-08,-2.92,5.27,0.014,0.169
2026-09-09,-3.54,3.93,-0.036,0.082
2026-09-10,-2.77,4.44,-0.038,0.075
2026-09-11,-1.81,8.51,0.052,0.212
2026-09-12,-1.98,9.33,0.078,0.252
2026-09-13,-3.79,6.84,0.031,0.167
2026-09-14,-4.78,5.90,-0.024,0.143
2026-09-15,-2.90,7.56,0.024,0.171
2026-09-16,-4.27,3.46,-0.042,0.081
2026-09-17,-5.26,-2.12,-0.125,-0.115
2026-09-18,-4.96,-1.71,-0.161,-0.152
2026-09-19,-4.54,1.47,-0.137,-0.070
2026-09-20,-4.63,1.33,-0.108,-0.038
2026-09-21,-4.17,1.52,-0.089,-0.000
2026-09-22,-5.04,0.71,-0.102,-0.038
2026-09-23,-5.48,0.97,-0.112,-0.065
2026-09-24,-6.70,0.35,-0.149,-0.103
2026-09-25,-6.13,0.32,-0.135,-0.079
