date,wind_u,wind_v,cur_u,cur_v
2016-01-01,-1.54,-6.17,,
2016-01-02,-0.18,-5.20,,
2016-01-03,1.55,-3.83,,
2016-01-04,0.44,-3.11,,
2016-01-05,-3.52,-2.75,,
2016-01-06,-3.88,-0.75,,
2016-01-07,0.84,-1.73,,
2016-01-08,0.36,2.92,,
2016-01-09,3.70,-3.70,,
2016-01-10,-0.09,-5.10,,
2016-01-11,-2.45,-3.25,,
2016-01-12,-1.14,-2.96,,
2016-01-13,-2.47,-0.95,,
2016-01-14,-2.89,-0.41,,
2016-01-15,3.12,0.72,,
2016-01-16,-3.80,-0.81,,
2016-01-17,-1.20,-4.17,,
2016-01-18,-2.33,-2.09,,
2016-01-19,-2.23,4.01,,
2016-01-20,-0.06,3.57,,
2016-01-21,2.93,4.88,,
2016-01-22,2.91,-5.97,,
2016-01-23,-1.54,-2.89,,
2016-01-24,-1.57,3.88,,
2016-01-25,-0.74,5.27,,
2016-01-26,-2.75,-3.92,,
2016-01-27,0.12,-6.82,,
2016-01-28,2.34,-1.46,,
2016-01-29,1.65,3.39,,
2016-01-30,0.31,5.86,,
2016-01-31,-0.00,5.41,,
2016-02-01,-1.42,4.94,,
2016-02-02,-6.17,0.65,,
2016-02-03,-0.52,-4.95,,
2016-02-04,-1.15,-4.99,,
2016-02-05,-3.68,0.58,,
2016-02-06,1.89,-3.56,,
2016-02-07,-3.31,-0.52,,
2016-02-08,-0.23,-4.43,,
2016-02-09,1.77,-1.77,,
2016-02-10,1.08,2.98,,
2016-02-11,0.69,5.66,,
2016-02-12,-0.00,4.86,,
2016-02-13,-1.58,3.09,,
2016-02-14,-1.74,5.04,,
2016-02-15,0.61,4.99,,
2016-02-16,-2.90,-0.31,,
2016-02-17,-4.13,0.43,,
2016-02-18,-3.05,4.70,,
2016-02-19,-2.29,5.96,,
2016-02-20,-2.17,5.37,,
2016-02-21,-2.25,4.83,,
2016-02-22,-1.42,2.11,,
2016-02-23,2.72,4.18,,
2016-02-24,4.34,-6.43,,
2016-02-25,0.68,2.38,,
2016-02-26,-4.11,-1.66,,
2016-02-27,-3.09,2.60,,
2016-02-28,-2.12,5.24,,
2016-02-29,-2.23,4.03,,
2016-03-01,-1.43,4.98,,
2016-03-02,-4.15,-0.29,,
2016-03-03,-0.69,4.91,,
2016-03-04,-3.77,-1.84,,
2016-03-05,-3.60,2.25,,
2016-03-06,-4.55,3.55,,
2016-03-07,-4.03,7.90,,
2016-03-08,-3.25,7.65,,
2016-03-09,-2.49,4.50,,
2016-03-10,1.52,-3.95,,
2016-03-11,-1.43,4.99,,
2016-03-12,1.45,3.26,,
2016-03-13,1.00,4.72,,
2016-03-14,0.58,4.15,,
2016-03-15,-0.11,6.11,,
2016-03-16,-3.67,2.48,,
2016-03-17,-2.90,2.71,,
2016-03-18,-3.17,2.14,,
2016-03-19,-0.47,-6.71,,
2016-03-20,-1.33,-6.26,,
2016-03-21,-3.14,-1.96,,
2016-03-22,-1.41,5.67,,
2016-03-23,-1.89,8.18,,
2016-03-24,-2.51,-6.89,,
2016-03-25,-3.90,-2.34,,
2016-03-26,-3.24,1.18,,
2016-03-27,-3.14,-0.39,,
2016-03-28,-3.34,-3.22,,
2016-03-29,-3.22,1.43,,
2016-03-30,-3.20,5.53,,
2016-03-31,0.17,4.85,,
2016-04-01,-4.16,-4.46,,
2016-04-02,-0.39,-5.63,,
2016-04-03,0.88,2.55,,
2016-04-04,-0.46,3.76,,
2016-04-05,-1.61,3.31,,
2016-04-06,-1.65,4.29,,
2016-04-07,-0.19,2.15,,
2016-04-08,-3.08,1.50,,
2016-04-09,-4.17,3.26,,
2016-04-10,-3.25,6.11,,
2016-04-11,-2.77,6.22,,
2016-04-12,-3.53,1.43,,
2016-04-13,-3.79,-1.23,,
2016-04-14,-1.50,-3.37,,
2016-04-15,-3.20,0.98,,
2016-04-16,-5.28,3.43,,
2016-04-17,-5.77,4.04,,
2016-04-18,-5.33,0.65,,
2016-04-19,-4.09,-1.25,,
2016-04-20,-3.04,1.69,,
2016-04-21,-2.74,2.22,,
2016-04-22,-2.58,-1.37,,
2016-04-23,-2.06,1.44,,
2016-04-24,-2.66,4.10,,
2016-04-25,-2.26,5.08,,
2016-04-26,-3.58,5.96,,
2016-04-27,-4.27,3.84,,
2016-04-28,-4.59,2.14,,
2016-04-29,-4.05,6.24,,
2016-04-30,-3.09,3.96,,
2016-05-01,-3.49,-0.55,,
2016-05-02,-2.06,-5.36,,
2016-05-03,-0.51,-4.89,,
2016-05-04,-0.92,-2.67,,
2016-05-05,1.96,2.18,,
2016-05-06,-2.62,0.70,,
2016-05-07,-3.35,3.86,,
2016-05-08,-2.57,6.06,,
2016-05-09,-2.22,6.46,,
2016-05-10,-3.07,5.32,,
2016-05-11,-4.76,4.14,,
2016-05-12,-3.62,3.03,,
2016-05-13,-3.25,1.06,,
2016-05-14,-1.52,3.11,,
2016-05-15,-2.99,1.59,,
2016-05-16,-1.19,2.67,,
2016-05-17,-2.52,2.35,,
2016-05-18,-3.97,-0.21,,
2016-05-19,-4.83,-0.76,,
2016-05-20,-2.46,-3.26,,
2016-05-21,-3.60,0.70,,
2016-05-22,-4.12,0.58,,
2016-05-23,-4.49,3.51,,
2016-05-24,-4.07,4.85,,
2016-05-25,-3.46,4.94,,
2016-05-26,-2.58,6.73,,
2016-05-27,-0.98,7.95,,
2016-05-28,-3.17,5.72,,
2016-05-29,-4.83,2.68,,
2016-05-30,-2.86,2.86,,
2016-05-31,-1.97,4.43,,
2016-06-01,-1.97,2.43,,
2016-06-02,0.39,3.74,,
2016-06-03,-0.45,2.10,,
2016-06-04,1.00,-3.28,,
2016-06-05,0.14,-4.03,,
2016-06-06,-0.88,-3.06,,
2016-06-07,-1.64,-0.60,,
2016-06-08,-2.79,0.80,,
2016-06-09,-3.14,-0.16,,
2016-06-10,-2.49,1.21,,
2016-06-11,-2.24,3.72,,
2016-06-12,-2.20,4.71,,
2016-06-13,-1.34,5.37,,
2016-06-14,-1.70,5.92,,
2016-06-15,-1.74,6.06,,
2016-06-16,-2.35,5.27,,
2016-06-17,-2.01,4.12,,
2016-06-18,-1.37,3.57,,
2016-06-19,-2.91,2.19,,
2016-06-20,-3.48,1.93,,
2016-06-21,-2.22,0.90,,
2016-06-22,-1.69,3.63,,
2016-06-23,-2.13,4.56,,
2016-06-24,-2.45,4.24,,
2016-06-25,-2.69,5.07,,
2016-06-26,-3.08,3.31,,
2016-06-27,-2.40,2.09,,
2016-06-28,-1.10,2.25,,
2016-06-29,-1.77,0.16,,
2016-06-30,-0.79,1.78,,
2016-07-01,-1.63,2.81,,
2016-07-02,-1.63,5.70,,
2016-07-03,-1.87,6.98,,
2016-07-04,-1.68,7.89,,
2016-07-05,-2.02,7.06,,
2016-07-06,-2.33,7.17,,
2016-07-07,-2.55,6.65,,
2016-07-08,-2.57,6.37,,
2016-07-09,-2.43,5.45,,
2016-07-10,-1.86,6.48,,
2016-07-11,-2.60,7.55,,
2016-07-12,-2.86,6.41,,
2016-07-13,-2.35,6.13,,
2016-07-14,-2.02,6.61,,
2016-07-15,-2.59,5.83,,
2016-07-16,-2.84,4.72,,
2016-07-17,-2.97,3.95,,
2016-07-18,-2.45,3.93,,
2016-07-19,-3.47,1.77,,
2016-07-20,-3.45,1.68,,
2016-07-21,-3.00,1.33,,
2016-07-22,-2.53,1.71,,
2016-07-23,-1.95,2.89,,
2016-07-24,-2.05,4.60,,
2016-07-25,-1.53,3.79,,
2016-07-26,-2.14,3.70,,
2016-07-27,-1.59,4.38,,
2016-07-28,-2.59,4.15,,
2016-07-29,-2.56,3.52,,
2016-07-30,-1.89,3.88,,
2016-07-31,-1.52,5.32,,
2016-08-01,-2.11,5.21,,
2016-08-02,-2.35,3.91,,
2016-08-03,-2.01,3.21,,
2016-08-04,-2.20,3.26,,
2016-08-05,-2.81,3.12,,
2016-08-06,-2.47,4.11,,
2016-08-07,-2.08,4.45,,
2016-08-08,-2.30,4.32,,
2016-08-09,-2.20,4.50,,
2016-08-10,-2.14,5.04,,
2016-08-11,-1.70,5.22,,
2016-08-12,-0.87,6.17,,
2016-08-13,-0.25,4.76,,
2016-08-14,-0.93,3.72,,
2016-08-15,-2.64,2.22,,
2016-08-16,-2.25,3.09,,
2016-08-17,-2.26,2.99,,
2016-08-18,-3.19,1.42,,
2016-08-19,-1.55,4.76,,
2016-08-20,-1.95,6.37,,
2016-08-21,-2.23,4.01,,
2016-08-22,-1.91,4.29,,
2016-08-23,-2.22,4.98,,
2016-08-24,-2.16,4.42,,
2016-08-25,-2.76,2.23,,
2016-08-26,-2.54,0.68,,
2016-08-27,-2.90,-0.46,,
2016-08-28,-1.79,-2.29,,
2016-08-29,-2.59,-3.19,,
2016-08-30,-4.31,-2.39,,
2016-08-31,-1.95,-2.32,,
2016-09-01,-0.38,-1.96,,
2016-09-02,-1.44,-0.90,,
2016-09-03,-2.86,-1.15,,
2016-09-04,-2.66,2.23,,
2016-09-05,-2.35,3.48,,
2016-09-06,-3.00,3.99,,
2016-09-07,-2.39,4.32,,
2016-09-08,-1.34,4.38,,
2016-09-09,-1.87,3.84,,
2016-09-10,-3.28,2.21,,
2016-09-11,-1.56,-0.98,,
2016-09-12,-1.58,1.11,,
2016-09-13,-2.90,0.41,,
2016-09-14,-3.04,-1.48,,
2016-09-15,-3.43,-1.46,,
2016-09-16,-2.17,-0.92,,
2016-09-17,-0.75,2.78,,
2016-09-18,-0.82,3.27,,
2016-09-19,-1.12,3.08,,
2016-09-20,-1.97,1.60,,
2016-09-21,-2.57,0.50,,
2016-09-22,-2.88,-0.35,,
2016-09-23,-2.65,3.40,,
2016-09-24,-3.17,3.52,,
2016-09-25,-2.93,4.04,,
2016-09-26,-3.56,-1.22,,
2016-09-27,-0.24,-4.60,,
2016-09-28,-0.70,-3.01,,
2016-09-29,-1.19,-2.06,,
2016-09-30,-2.18,-3.23,,
2016-10-01,-2.35,-1.20,,
2016-10-02,-2.32,-2.49,,
2016-10-03,-3.66,-0.65,,
2016-10-04,-2.94,2.30,,
2016-10-05,-2.16,2.57,,
2016-10-06,-2.82,1.83,,
2016-10-07,-3.29,-0.00,,
2016-10-08,-2.22,-4.36,,
2016-10-09,-2.58,-2.68,,
2016-10-10,-2.68,-1.74,,
2016-10-11,-2.05,-0.36,,
2016-10-12,-2.02,2.58,,
2016-10-13,-2.84,3.04,,
2016-10-14,-2.42,2.34,,
2016-10-15,-2.33,3.33,,
2016-10-16,-1.91,4.09,,
2016-10-17,-1.78,4.89,,
2016-10-18,-1.64,5.36,,
2016-10-19,-2.49,4.15,,
2016-10-20,-3.52,0.69,,
2016-10-21,-2.88,-5.66,,
2016-10-22,-2.77,-1.23,,
2016-10-23,-2.18,2.42,,
2016-10-24,-3.28,2.47,,
2016-10-25,-3.45,1.47,,
2016-10-26,-2.75,1.86,,
2016-10-27,-3.42,0.30,,
2016-10-28,-3.41,-0.24,,
2016-10-29,-3.05,0.37,,
2016-10-30,-3.30,-0.46,,
2016-10-31,-3.19,0.11,,
2016-11-01,-2.47,3.41,,
2016-11-02,-3.55,3.42,,
2016-11-03,-4.32,2.30,,
2016-11-04,-2.87,-1.53,,
2016-11-05,-3.14,-1.02,,
2016-11-06,-1.94,1.81,,
2016-11-07,-2.37,1.54,,
2016-11-08,-2.29,-1.33,,
2016-11-09,-0.83,-4.71,,
2016-11-10,-2.04,-4.59,,
2016-11-11,-0.74,-3.80,,
2016-11-12,-0.67,-2.71,,
2016-11-13,-0.69,-1.70,,
2016-11-14,0.09,1.76,,
2016-11-15,2.64,1.52,,
2016-11-16,1.09,2.58,,
2016-11-17,-1.15,5.39,,
2016-11-18,-1.68,4.87,,
2016-11-19,-1.17,-7.39,,
2016-11-20,-1.31,-3.09,,
2016-11-21,-1.68,2.23,,
2016-11-22,-1.61,5.61,,
2016-11-23,-0.16,4.71,,
2016-11-24,-3.36,-1.64,,
2016-11-25,-3.42,-0.48,,
2016-11-26,-3.37,-3.03,,
2016-11-27,-3.70,3.58,,
2016-11-28,0.95,6.75,,
2016-11-29,-0.07,3.98,,
2016-11-30,-0.51,-4.86,,
2016-12-01,-4.45,-1.80,,
2016-12-02,-5.95,-0.52,,
2016-12-03,-2.73,-3.90,,
2016-12-04,-2.27,-5.62,,
2016-12-05,2.46,-5.80,,
2016-12-06,2.88,1.40,,
2016-12-07,-2.47,-3.53,,
2016-12-08,-2.12,-7.90,,
2016-12-09,-0.46,-6.57,,
2016-12-10,-2.25,-3.21,,
2016-12-11,0.59,4.17,,
2016-12-12,0.59,2.77,,
2016-12-13,1.23,2.22,,
2016-12-14,-1.02,-2.97,,
2016-12-15,-3.78,-3.78,,
2016-12-16,-2.46,3.39,,
2016-12-17,0.38,7.32,,
2016-12-18,0.31,-8.90,,
2016-12-19,0.37,-7.11,,
2016-12-20,0.05,-3.04,,
2016-12-21,-1.38,0.61,,
2016-12-22,-0.57,-2.29,,
2016-12-23,-2.58,3.19,,
2016-12-24,-1.84,4.79,,
2016-12-25,-2.59,6.11,,
2016-12-26,-2.39,4.70,,
2016-12-27,-2.10,1.21,,
2016-12-28,-0.38,3.07,,
2016-12-29,-2.91,-4.16,,
2016-12-30,-2.84,-4.55,,
2016-12-31,1.06,2.49,,
2017-01-01,-1.30,3.06,,
2017-01-02,1.99,4.93,,
2017-01-03,2.11,0.69,,
2017-01-04,-2.36,-4.44,,
2017-01-05,-1.99,-1.06,,
2017-01-06,-1.67,-8.59,,
2017-01-07,0.55,-7.88,,
2017-01-08,-1.85,-3.80,,
2017-01-09,0.19,2.77,,
2017-01-10,-0.29,8.40,,
2017-01-11,-0.44,8.42,,
2017-01-12,-2.46,7.57,,
2017-01-13,-4.78,4.61,,
2017-01-14,-5.00,3.00,,
2017-01-15,-4.67,3.65,,
2017-01-16,-1.87,6.96,,
2017-01-17,-1.71,4.23,,
2017-01-18,2.20,3.96,,
2017-01-19,0.31,-2.23,,
2017-01-20,-1.64,2.43,,
2017-01-21,0.24,3.36,,
2017-01-22,8.16,-4.34,,
2017-01-23,2.77,-2.24,,
2017-01-24,-1.20,7.61,,
2017-01-25,-1.59,6.37,,
2017-01-26,-1.93,-5.93,,
2017-01-27,-4.74,-3.57,,
2017-01-28,-0.95,-6.02,,
2017-01-29,4.08,-1.17,,
2017-01-30,2.39,0.08,,
2017-01-31,0.07,4.16,,
2017-02-01,-0.51,5.86,,
2017-02-02,-2.27,3.78,,
2017-02-03,-3.02,-5.03,,
2017-02-04,-5.85,-1.35,,
2017-02-05,-0.79,3.72,,
2017-02-06,-1.92,6.26,,
2017-02-07,0.19,5.46,,
2017-02-08,0.96,3.84,,
2017-02-09,-3.40,-5.23,,
2017-02-10,-4.22,1.13,,
2017-02-11,-1.47,6.92,,
2017-02-12,-1.96,5.70,,
2017-02-13,-5.14,2.85,,
2017-02-14,-2.91,6.24,,
2017-02-15,2.44,-6.35,,
2017-02-16,-2.20,-1.84,,
2017-02-17,-1.63,3.34,,
2017-02-18,-1.46,4.51,,
2017-02-19,-4.02,5.33,,
2017-02-20,-2.84,3.05,,
2017-02-21,4.59,-0.56,,
2017-02-22,-2.05,-0.40,,
2017-02-23,-1.57,5.13,,
2017-02-24,-2.57,5.51,,
2017-02-25,-4.15,-4.94,,
2017-02-26,-4.54,3.95,,
2017-02-27,-2.16,5.63,,
2017-02-28,-2.78,6.55,,
2017-03-01,-1.25,5.43,,
2017-03-02,-3.80,-6.86,,
2017-03-03,-5.49,-2.92,,
2017-03-04,-6.35,-0.11,,
2017-03-05,-3.78,3.06,,
2017-03-06,-2.95,6.33,,
2017-03-07,-1.82,5.28,,
2017-03-08,-5.20,-2.00,,
2017-03-09,-2.99,2.51,,
2017-03-10,-3.36,1.50,,
2017-03-11,-3.10,2.34,,
2017-03-12,-2.54,-4.79,,
2017-03-13,0.13,-3.67,,
2017-03-14,-1.78,-2.45,,
2017-03-15,-3.65,1.55,,
2017-03-16,-2.42,5.19,,
2017-03-17,-2.39,7.83,,
2017-03-18,-2.40,5.40,,
2017-03-19,-1.74,4.31,,
2017-03-20,-1.39,6.03,,
2017-03-21,-1.97,6.08,,
2017-03-22,-2.32,5.73,,
2017-03-23,-3.30,6.47,,
2017-03-24,-3.37,9.27,,
2017-03-25,0.65,5.27,,
2017-03-26,-2.89,5.93,,
2017-03-27,-2.70,4.33,,
2017-03-28,-4.05,5.57,,
2017-03-29,-4.32,5.73,,
2017-03-30,1.03,-4.12,,
2017-03-31,-2.25,5.05,,
2017-04-01,-5.37,5.76,,
2017-04-02,-4.06,5.59,,
2017-04-03,4.11,0.58,,
2017-04-04,-1.55,5.79,,
2017-04-05,0.47,-6.66,,
2017-04-06,-2.78,-1.54,,
2017-04-07,-3.23,3.34,,
2017-04-08,-2.73,6.43,,
2017-04-09,-3.64,6.56,,
2017-04-10,-4.80,6.15,,
2017-04-11,-4.76,4.44,,
2017-04-12,-5.18,-0.45,,
2017-04-13,-5.00,2.89,,
2017-04-14,-4.13,2.39,,
2017-04-15,-4.11,4.25,,
2017-04-16,-3.74,4.62,,
2017-04-17,-3.01,4.14,,
2017-04-18,-1.72,1.78,,
2017-04-19,-2.55,2.22,,
2017-04-20,-2.94,4.71,,
2017-04-21,-2.71,5.33,,
2017-04-22,-2.46,5.05,,
2017-04-23,-0.62,-7.08,,
2017-04-24,-3.31,0.41,,
2017-04-25,-1.95,7.82,,
2017-04-26,0.14,8.12,,
2017-04-27,-5.00,-2.77,,
2017-04-28,-3.17,6.22,,
2017-04-29,-4.53,8.88,,
2017-04-30,2.57,-6.68,,
2017-05-01,-2.03,3.99,,
2017-05-02,-4.12,4.12,,
2017-05-03,-3.67,5.45,,
2017-05-04,0.23,-6.63,,
2017-05-05,-0.54,-2.78,,
2017-05-06,-0.57,3.26,,
2017-05-07,-3.20,4.92,,
2017-05-08,-4.61,5.49,,
2017-05-09,-5.68,5.11,,
2017-05-10,-4.73,6.28,,
2017-05-11,-4.26,6.08,,
2017-05-12,2.27,-2.81,,
2017-05-13,-3.49,-1.55,,
2017-05-14,-3.41,3.53,,
2017-05-15,-4.47,4.47,,
2017-05-16,-4.95,6.34,,
2017-05-17,-4.31,7.17,,
2017-05-18,-4.26,6.32,,
2017-05-19,-5.23,6.70,,
2017-05-20,-5.28,3.84,,
2017-05-21,-4.41,0.62,,
2017-05-22,-4.21,-0.67,,
2017-05-23,-2.82,-2.20,,
2017-05-24,1.58,-3.91,,
2017-05-25,-1.36,7.01,,
2017-05-26,-3.13,7.37,,
2017-05-27,-2.90,6.52,,
2017-05-28,-3.32,5.98,,
2017-05-29,-4.44,1.61,,
2017-05-30,-2.87,-1.04,,
2017-05-31,-3.42,0.54,,
2017-06-01,-3.60,2.81,,
2017-06-02,-3.79,1.31,,
2017-06-03,-3.52,1.14,,
2017-06-04,-1.43,1.58,,
2017-06-05,2.00,2.38,,
2017-06-06,0.90,-2.46,,
2017-06-07,-0.29,-3.36,,
2017-06-08,-0.98,2.10,,
2017-06-09,-3.63,3.05,,
2017-06-10,-3.91,3.91,,
2017-06-11,-3.74,4.02,,
2017-06-12,-3.08,3.42,,
2017-06-13,-3.67,5.05,,
2017-06-14,-3.37,6.08,,
2017-06-15,-2.47,5.83,,
2017-06-16,-2.13,6.55,,
2017-06-17,-2.03,8.14,,
2017-06-18,-2.47,8.08,,
2017-06-19,-3.05,4.05,,
2017-06-20,-2.62,-1.84,,
2017-06-21,-0.28,-5.26,,
2017-06-22,-1.64,3.88,,
2017-06-23,-1.84,7.95,,
2017-06-24,-3.18,3.92,,
2017-06-25,-3.68,-0.06,,
2017-06-26,-3.91,1.12,,
2017-06-27,-4.04,0.57,,
2017-06-28,-3.28,-0.70,,
2017-06-29,-0.97,5.52,,
2017-06-30,-2.35,7.70,,
2017-07-01,-3.11,6.66,,
2017-07-02,-3.02,5.22,,
2017-07-03,-2.31,6.02,,
2017-07-04,-2.42,7.02,,
2017-07-05,-2.76,5.19,,
2017-07-06,-2.89,3.44,,
2017-07-07,-2.33,2.99,,
2017-07-08,-0.95,2.76,,
2017-07-09,-0.07,3.99,,
2017-07-10,-0.32,4.64,,
2017-07-11,-2.00,5.21,,
2017-07-12,-2.55,5.22,,
2017-07-13,-2.59,4.48,,
2017-07-14,-2.42,3.33,,
2017-07-15,-1.63,2.72,,
2017-07-16,-2.93,-0.68,,
2017-07-17,-1.15,2.59,,
2017-07-18,-2.10,4.12,,
2017-07-19,-2.62,4.03,,
2017-07-20,-1.27,4.72,,
2017-07-21,-1.45,5.07,,
2017-07-22,-1.16,5.99,,
2017-07-23,-0.97,7.88,,
2017-07-24,-1.37,7.76,,
2017-07-25,-2.86,5.87,,
2017-07-26,-2.86,5.38,,
2017-07-27,-1.99,4.69,,
2017-07-28,-1.42,4.95,,
2017-07-29,-1.20,5.66,,
2017-07-30,-0.70,4.95,,
2017-07-31,-2.49,2.02,,
2017-08-01,-3.12,0.49,,
2017-08-02,-2.00,2.38,,
2017-08-03,-3.31,-0.06,,
2017-08-04,-2.11,2.04,,
2017-08-05,-1.13,5.79,,
2017-08-06,-1.90,7.63,,
2017-08-07,-1.95,7.29,,
2017-08-08,-1.69,2.51,,
2017-08-09,-2.87,0.25,,
2017-08-10,-2.87,2.67,,
2017-08-11,-1.72,3.86,,
2017-08-12,-1.34,5.37,,
2017-08-13,-1.48,6.98,,
2017-08-14,-1.95,7.27,,
2017-08-15,-2.37,7.29,,
2017-08-16,-2.24,7.82,,
2017-08-17,-2.27,7.00,,
2017-08-18,-2.64,4.77,,
2017-08-19,-2.11,4.52,,
2017-08-20,-2.75,4.07,,
2017-08-21,-3.71,2.90,,
2017-08-22,-3.70,2.49,,
2017-08-23,-2.60,1.50,,
2017-08-24,-3.96,-0.28,,
2017-08-25,-4.20,-10.38,,
2017-08-26,19.40,0.68,,
2017-08-27,8.73,4.64,,
2017-08-28,7.54,-8.08,,
2017-08-29,3.83,-8.21,,
2017-08-30,3.12,-3.23,,
2017-08-31,2.17,-0.04,,
2017-09-01,-1.85,2.06,,
2017-09-02,-2.14,1.50,,
2017-09-03,-3.16,0.79,,
2017-09-04,-3.63,1.11,,
2017-09-05,-1.84,1.07,,
2017-09-06,-1.64,-4.07,,
2017-09-07,-2.87,-4.10,,
2017-09-08,-4.02,-3.25,,
2017-09-09,-3.97,-2.99,,
2017-09-10,-2.58,-3.69,,
2017-09-11,-0.96,-4.14,,
2017-09-12,0.05,-2.75,,
2017-09-13,-0.00,4.67,,
2017-09-14,-2.41,5.96,,
2017-09-15,-3.11,4.79,,
2017-09-16,-3.24,3.02,,
2017-09-17,-3.38,1.95,,
2017-09-18,-2.68,3.43,,
2017-09-19,-2.38,4.88,,
2017-09-20,-2.59,5.56,,
2017-09-21,-3.02,5.02,,
2017-09-22,-4.08,3.81,,
2017-09-23,-4.88,2.49,,
2017-09-24,-4.37,3.06,,
2017-09-25,-4.24,3.56,,
2017-09-26,-4.29,3.35,,
2017-09-27,-5.01,0.97,,
2017-09-28,-4.58,-0.64,,
2017-09-29,-2.95,-3.17,,
2017-09-30,-2.84,-3.77,,
2017-10-01,-2.61,-1.11,,
2017-10-02,-3.01,1.40,,
2017-10-03,-4.58,2.13,,
2017-10-04,-6.26,0.88,,
2017-10-05,-5.88,-0.51,,
2017-10-06,-4.28,-0.53,,
2017-10-07,-1.86,-2.47,,
2017-10-08,0.67,2.07,,
2017-10-09,-1.47,5.48,,
2017-10-10,-3.92,-3.40,,
2017-10-11,-0.83,-5.90,,
2017-10-12,-1.05,-3.23,,
2017-10-13,-2.69,0.57,,
2017-10-14,-3.16,1.47,,
2017-10-15,-3.16,-1.28,,
2017-10-16,-0.64,-7.34,,
2017-10-17,-0.57,-3.61,,
2017-10-18,-2.45,0.21,,
2017-10-19,-3.59,0.76,,
2017-10-20,-3.01,0.11,,
2017-10-21,-2.55,4.09,,
2017-10-22,-3.49,3.88,,
2017-10-23,-2.28,-2.63,,
2017-10-24,-2.54,-4.06,,
2017-10-25,-0.35,-2.83,,
2017-10-26,1.21,5.22,,
2017-10-27,0.73,6.93,,
2017-10-28,0.13,-7.40,,
2017-10-29,-0.40,-2.50,,
2017-10-30,0.14,4.00,,
2017-10-31,-1.93,3.21,,
2017-11-01,1.21,4.21,,
2017-11-02,-0.24,6.81,,
2017-11-03,-1.40,6.05,,
2017-11-04,-1.40,5.60,,
2017-11-05,-0.84,6.88,,
2017-11-06,-0.76,7.25,,
2017-11-07,-1.11,5.72,,
2017-11-08,-3.34,-4.78,,
2017-11-09,-0.34,-6.45,,
2017-11-10,-2.48,-4.87,,
2017-11-11,-5.28,1.22,,
2017-11-12,-3.74,3.25,,
2017-11-13,-5.11,-0.99,,
2017-11-14,-4.16,0.44,,
2017-11-15,-2.17,3.10,,
2017-11-16,-1.70,2.83,,
2017-11-17,-0.99,5.62,,
2017-11-18,0.22,6.42,,
2017-11-19,-1.99,-7.99,,
2017-11-20,-2.22,-2.47,,
2017-11-21,0.69,1.79,,
2017-11-22,-0.67,-6.38,,
2017-11-23,-0.07,-3.83,,
2017-11-24,-0.40,2.51,,
2017-11-25,-0.34,4.84,,
2017-11-26,-3.43,-1.53,,
2017-11-27,-2.58,0.69,,
2017-11-28,-2.24,3.32,,
2017-11-29,-2.68,0.05,,
2017-11-30,-1.98,-1.19,,
2017-12-01,-2.68,-0.72,,
2017-12-02,-2.63,0.76,,
2017-12-03,-3.16,2.65,,
2017-12-04,-2.17,5.97,,
2017-12-05,-1.34,4.99,,
2017-12-06,-2.11,-7.89,,
2017-12-07,-1.93,-8.35,,
2017-12-08,2.73,-7.11,,
2017-12-09,4.72,-2.41,,
2017-12-10,-0.59,-2.38,,
2017-12-11,1.88,-0.07,,
2017-12-12,1.89,-3.71,,
2017-12-13,-0.98,-1.92,,
2017-12-14,0.75,1.86,,
2017-12-15,-1.35,-5.39,,
2017-12-16,-1.37,-3.76,,
2017-12-17,0.46,-2.93,,
2017-12-18,-1.55,-2.14,,
2017-12-19,-1.49,5.19,,
2017-12-20,3.50,0.62,,
2017-12-21,-0.56,3.98,,
2017-12-22,-1.04,8.47,,
2017-12-23,1.37,-6.43,,
2017-12-24,-1.00,0.32,,
2017-12-25,-3.16,-5.46,,
2017-12-26,-1.00,-2.15,,
2017-12-27,-1.37,-6.43,,
2017-12-28,-0.28,-5.27,,
2017-12-29,-1.39,-4.29,,
2017-12-30,1.25,-2.45,,
2017-12-31,-1.46,-4.24,,
2018-01-01,-1.42,-8.07,,
2018-01-02,-0.60,-5.67,,
2018-01-03,1.84,-6.01,,
2018-01-04,0.38,-2.43,,
2018-01-05,-2.82,-0.91,,
2018-01-06,-3.51,-0.00,,
2018-01-07,-2.14,5.30,,
2018-01-08,5.13,-3.73,,
2018-01-09,-1.47,-2.66,,
2018-01-10,-2.85,3.28,,
2018-01-11,3.05,5.50,,
2018-01-12,3.65,-7.17,,
2018-01-13,-2.18,-4.47,,
2018-01-14,-2.78,0.75,,
2018-01-15,-2.66,3.53,,
2018-01-16,-1.98,-7.38,,
2018-01-17,-0.36,-6.88,,
2018-01-18,-1.40,-4.32,,
2018-01-19,-0.73,-4.58,,
2018-01-20,1.09,2.45,,
2018-01-21,-2.24,7.33,,
2018-01-22,5.11,-3.19,,
2018-01-23,-1.44,-2.82,,
2018-01-24,-2.61,-3.11,,
2018-01-25,-3.67,-1.05,,
2018-01-26,-3.90,2.73,,
2018-01-27,-3.52,1.49,,
2018-01-28,-0.94,-4.85,,
2018-01-29,-0.79,-4.49,,
2018-01-30,-2.51,-3.45,,
2018-01-31,-1.66,3.92,,
2018-02-01,-0.10,5.88,,
2018-02-02,-2.74,-5.16,,
2018-02-03,-3.81,-2.20,,
2018-02-04,0.76,2.84,,
2018-02-05,-4.29,-3.73,,
2018-02-06,-2.97,4.24,,
2018-02-07,-3.17,-6.23,,
2018-02-08,-0.43,-4.87,,
2018-02-09,-0.85,-2.34,,
2018-02-10,-0.17,2.48,,
2018-02-11,-1.41,-5.27,,
2018-02-12,-0.19,-5.46,,
2018-02-13,-2.51,-4.35,,
2018-02-14,-0.73,-2.54,,
2018-02-15,-2.43,5.45,,
2018-02-16,-1.40,5.23,,
2018-02-17,-2.35,4.62,,
2018-02-18,-2.64,4.96,,
2018-02-19,-2.73,7.92,,
2018-02-20,-3.49,8.21,,
2018-02-21,-2.18,6.34,,
2018-02-22,-0.08,-4.39,,
2018-02-23,-2.88,2.42,,
2018-02-24,-2.43,7.96,,
2018-02-25,-0.66,6.33,,
2018-02-26,-2.97,-4.76,,
2018-02-27,-5.10,4.75,,
2018-02-28,-1.54,7.94,,
2018-03-01,0.55,7.80,,
2018-03-02,-3.35,-4.61,,
2018-03-03,-5.21,-0.46,,
2018-03-04,-3.56,4.24,,
2018-03-05,-1.85,6.45,,
2018-03-06,-4.46,-4.95,,
2018-03-07,-1.58,-3.73,,
2018-03-08,-4.44,-0.86,,
2018-03-09,-3.24,4.80,,
2018-03-10,-0.63,4.48,,
2018-03-11,2.67,5.47,,
2018-03-12,-1.42,-6.66,,
2018-03-13,-2.54,-1.85,,
2018-03-14,-2.98,-1.52,,
2018-03-15,-3.21,4.26,,
2018-03-16,-1.53,6.62,,
2018-03-17,-1.96,4.86,,
2018-03-18,-2.29,3.04,,
2018-03-19,-3.53,3.41,,
2018-03-20,-2.04,-3.67,,
2018-03-21,-5.17,0.36,,
2018-03-22,-4.69,4.22,,
2018-03-23,-3.16,7.09,,
2018-03-24,-2.27,7.93,,
2018-03-25,-2.99,6.41,,
2018-03-26,-3.60,5.77,,
2018-03-27,-4.92,6.52,,
2018-03-28,-3.83,5.90,,
2018-03-29,0.36,4.14,,
2018-03-30,-4.51,-1.46,,
2018-03-31,-3.42,3.94,,
2018-04-01,-3.65,5.41,,
2018-04-02,-3.95,6.32,,
2018-04-03,-2.47,7.18,,
2018-04-04,-4.70,-5.41,,
2018-04-05,-4.91,0.69,,
2018-04-06,-2.48,7.20,,
2018-04-07,-4.44,-5.49,,
2018-04-08,-0.86,-4.42,,
2018-04-09,-5.25,0.09,,
2018-04-10,-3.87,-5.52,,
2018-04-11,-2.58,2.09,,
2018-04-12,-2.55,6.65,,
2018-04-13,-2.67,9.30,,
2018-04-14,0.64,-9.15,,
2018-04-15,-0.46,-2.87,,
2018-04-16,-2.41,4.73,,
2018-04-17,-2.39,8.34,,
2018-04-18,-2.86,6.75,,
2018-04-19,-4.87,-2.38,,
2018-04-20,-5.50,0.87,,
2018-04-21,-5.02,5.20,,
2018-04-22,-0.19,-5.53,,
2018-04-23,-3.64,-0.91,,
2018-04-24,-1.85,3.20,,
2018-04-25,-2.55,3.15,,
2018-04-26,-1.56,-3.21,,
2018-04-27,-3.03,-0.21,,
2018-04-28,-1.87,2.99,,
2018-04-29,-2.68,3.44,,
2018-04-30,-4.73,4.57,,
2018-05-01,-5.14,5.92,,
2018-05-02,-5.07,6.26,,
2018-05-03,-4.39,7.60,,
2018-05-04,-5.07,4.56,,
2018-05-05,-2.93,-2.13,,
2018-05-06,-2.42,0.88,,
2018-05-07,-1.31,2.68,,
2018-05-08,-0.77,4.38,,
2018-05-09,-2.80,5.27,,
2018-05-10,-3.63,4.65,,
2018-05-11,-4.17,4.97,,
2018-05-12,-4.41,5.44,,
2018-05-13,-4.64,4.03,,
2018-05-14,-3.78,5.02,,
2018-05-15,-3.20,4.41,,
2018-05-16,-1.49,4.32,,
2018-05-17,-0.72,5.85,,
2018-05-18,-2.11,7.34,,
2018-05-19,-4.72,7.00,,
2018-05-20,-5.54,5.54,,
2018-05-21,-3.87,2.15,,
2018-05-22,-3.90,2.34,,
2018-05-23,-4.29,2.48,,
2018-05-24,-3.71,1.81,,
2018-05-25,-1.88,2.89,,
2018-05-26,-1.33,4.63,,
2018-05-27,-1.87,4.41,,
2018-05-28,-1.70,3.65,,
2018-05-29,-1.73,4.76,,
2018-05-30,-2.61,6.81,,
2018-05-31,-3.59,6.48,,
2018-06-01,-3.26,6.14,,
2018-06-02,-2.09,6.85,,
2018-06-03,-1.82,5.28,,
2018-06-04,-1.14,5.37,,
2018-06-05,-1.53,7.21,,
2018-06-06,-2.47,6.44,,
2018-06-07,-3.91,4.67,,
2018-06-08,-4.20,3.65,,
2018-06-09,-3.27,4.67,,
2018-06-10,-2.92,7.22,,
2018-06-11,-2.85,8.28,,
2018-06-12,-3.95,6.57,,
2018-06-13,-4.10,3.96,,
2018-06-14,-3.59,4.44,,
2018-06-15,-4.88,5.06,,
2018-06-16,-5.09,5.27,,
2018-06-17,-4.07,1.90,,
2018-06-18,-1.34,2.74,,
2018-06-19,-1.81,6.76,,
2018-06-20,-1.31,5.66,,
2018-06-21,-4.04,3.90,,
2018-06-22,-1.61,4.18,,
2018-06-23,-1.63,7.04,,
2018-06-24,-3.00,7.82,,
2018-06-25,-3.76,6.50,,
2018-06-26,-3.55,5.46,,
2018-06-27,-2.45,4.80,,
2018-06-28,-1.87,6.10,,
2018-06-29,-2.44,7.50,,
2018-06-30,-3.00,8.24,,
2018-07-01,-2.50,6.88,,
2018-07-02,-2.61,5.12,,
2018-07-03,-1.81,4.47,,
2018-07-04,-1.50,4.91,,
2018-07-05,-5.13,2.29,,
2018-07-06,-1.15,-2.08,,
2018-07-07,-2.15,-0.23,,
2018-07-08,0.23,3.32,,
2018-07-09,-2.03,4.35,,
2018-07-10,-2.43,2.79,,
2018-07-11,-1.12,3.67,,
2018-07-12,-1.27,4.14,,
2018-07-13,-2.12,4.76,,
2018-07-14,-2.05,5.33,,
2018-07-15,-1.73,6.45,,
2018-07-16,-2.02,6.60,,
2018-07-17,-1.63,5.32,,
2018-07-18,-0.97,5.49,,
2018-07-19,-0.80,6.54,,
2018-07-20,-1.25,6.45,,
2018-07-21,-1.36,5.46,,
2018-07-22,-0.69,5.66,,
2018-07-23,-0.10,5.84,,
2018-07-24,-0.26,4.90,,
2018-07-25,-3.16,0.85,,
2018-07-26,-2.24,1.69,,
2018-07-27,-2.70,2.18,,
2018-07-28,-2.91,3.01,,
2018-07-29,-2.29,3.53,,
2018-07-30,-1.77,4.39,,
2018-07-31,-1.40,3.84,,
2018-08-01,-2.74,0.05,,
2018-08-02,-2.62,2.53,,
2018-08-03,-3.39,2.04,,
2018-08-04,-2.35,4.61,,
2018-08-05,-3.97,3.83,,
2018-08-06,-2.87,2.58,,
2018-08-07,-2.73,3.76,,
2018-08-08,-2.91,4.16,,
2018-08-09,-2.28,5.12,,
2018-08-10,-1.57,5.48,,
2018-08-11,-2.67,4.81,,
2018-08-12,-2.91,6.24,,
2018-08-13,-2.66,6.93,,
2018-08-14,-3.25,6.37,,
2018-08-15,-2.32,6.05,,
2018-08-16,-2.04,6.29,,
2018-08-17,-1.87,5.43,,
2018-08-18,-1.51,4.94,,
2018-08-19,-1.34,6.90,,
2018-08-20,-1.56,6.75,,
2018-08-21,-1.46,5.09,,
2018-08-22,-1.11,4.46,,
2018-08-23,-1.02,4.42,,
2018-08-24,-2.56,4.27,,
2018-08-25,-3.35,4.44,,
2018-08-26,-3.27,3.76,,
2018-08-27,-2.52,5.41,,
2018-08-28,-2.87,5.88,,
2018-08-29,-3.39,4.50,,
2018-08-30,-3.00,2.35,,
2018-08-31,-2.99,1.27,,
2018-09-01,-2.54,2.29,,
2018-09-02,-2.40,3.84,,
2018-09-03,-2.56,4.82,,
2018-09-04,-4.00,2.70,,
2018-09-05,-3.35,0.35,,
2018-09-06,-2.13,2.20,,
2018-09-07,-1.40,2.75,,
2018-09-08,-2.17,3.61,,
2018-09-09,-1.77,2.04,,
2018-09-10,-3.13,-0.44,,
2018-09-11,-2.80,0.91,,
2018-09-12,-3.37,1.09,,
2018-09-13,-4.66,-2.91,,
2018-09-14,-4.77,-1.83,,
2018-09-15,-2.58,6.39,,
2018-09-16,-2.25,3.90,,
2018-09-17,-2.63,2.13,,
2018-09-18,-1.77,2.44,,
2018-09-19,-2.12,2.81,,
2018-09-20,-2.20,4.14,,
2018-09-21,-2.37,4.86,,
2018-09-22,1.25,4.36,,
2018-09-23,2.87,-1.93,,
2018-09-24,-1.55,2.14,,
2018-09-25,-0.73,5.18,,
2018-09-26,-1.68,4.39,,
2018-09-27,-1.65,-3.88,,
2018-09-28,-1.50,-1.72,,
2018-09-29,-2.62,0.51,,
2018-09-30,-2.91,-1.12,,
2018-10-01,-2.72,1.16,,
2018-10-02,-3.08,1.71,,
2018-10-03,-2.77,2.58,,
2018-10-04,-2.39,2.85,,
2018-10-05,-2.96,2.96,,
2018-10-06,-3.02,3.60,,
2018-10-07,-3.50,4.81,,
2018-10-08,-4.18,4.98,,
2018-10-09,-2.93,4.68,,
2018-10-10,-0.88,-3.28,,
2018-10-11,-4.84,-3.39,,
2018-10-12,-5.05,2.15,,
2018-10-13,-2.75,6.18,,
2018-10-14,-2.81,6.61,,
2018-10-15,-5.86,-3.12,,
2018-10-16,2.64,-6.54,,
2018-10-17,2.40,-5.65,,
2018-10-18,-0.88,-7.13,,
2018-10-19,-2.62,-2.05,,
2018-10-20,0.00,-4.71,,
2018-10-21,-3.02,-6.79,,
2018-10-22,-1.42,-5.69,,
2018-10-23,-0.95,-6.77,,
2018-10-24,-0.42,-4.75,,
2018-10-25,3.29,-2.96,,
2018-10-26,-0.44,-2.24,,
2018-10-27,1.56,1.45,,
2018-10-28,0.58,2.97,,
2018-10-29,-0.81,4.60,,
2018-10-30,-1.63,6.09,,
2018-10-31,-2.01,7.01,,
2018-11-01,1.77,-5.79,,
2018-11-02,-0.99,-2.57,,
2018-11-03,-1.56,5.09,,
2018-11-04,-3.73,3.73,,
2018-11-05,-1.77,5.15,,
2018-11-06,-0.78,4.45,,
2018-11-07,-0.74,4.70,,
2018-11-08,-1.34,3.17,,
2018-11-09,-3.10,-6.35,,
2018-11-10,-2.96,-6.98,,
2018-11-11,-2.55,-5.47,,
2018-11-12,2.82,-4.88,,
2018-11-13,3.11,-9.03,,
2018-11-14,1.71,-5.27,,
2018-11-15,0.33,-2.37,,
2018-11-16,1.45,1.99,,
2018-11-17,-1.98,2.83,,
2018-11-18,-3.98,3.11,,
2018-11-19,-0.32,-6.10,,
2018-11-20,-0.93,-5.86,,
2018-11-21,-3.10,-4.60,,
2018-11-22,-2.90,-5.24,,
2018-11-23,-1.25,-3.43,,
2018-11-24,1.65,1.43,,
2018-11-25,4.14,1.67,,
2018-11-26,0.51,-7.25,,
2018-11-27,-1.53,-2.76,,
2018-11-28,0.47,3.32,,
2018-11-29,0.21,5.92,,
2018-11-30,-0.81,5.13,,
2018-12-01,3.60,4.00,,
2018-12-02,-0.33,2.36,,
2018-12-03,-2.23,-4.57,,
2018-12-04,-2.88,-4.98,,
2018-12-05,-3.86,-3.73,,
2018-12-06,-3.63,4.82,,
2018-12-07,-2.21,6.08,,
2018-12-08,3.46,-5.76,,
2018-12-09,2.55,-5.72,,
2018-12-10,0.35,-3.33,,
2018-12-11,-0.77,-1.46,,
2018-12-12,-1.00,5.65,,
2018-12-13,5.68,5.11,,
2018-12-14,8.51,-5.53,,
2018-12-15,3.69,-3.32,,
2018-12-16,0.32,-2.01,,
2018-12-17,-1.87,-0.76,,
2018-12-18,-3.35,-0.96,,
2018-12-19,1.86,-0.33,,
2018-12-20,3.47,-4.44,,
2018-12-21,3.27,-2.46,,
2018-12-22,0.96,6.03,,
2018-12-23,1.07,5.04,,
2018-12-24,-2.91,-2.62,,
2018-12-25,-2.90,5.24,,
2018-12-26,-5.46,7.25,,
2018-12-27,-0.67,7.61,,
2018-12-28,-3.60,-4.61,,
2018-12-29,-1.74,-6.51,,
2018-12-30,1.02,-4.81,,
2018-12-31,2.74,-1.99,,
2019-01-01,-1.70,-3.20,,
2019-01-02,-0.22,-6.42,,
2019-01-03,3.11,-4.98,,
2019-01-04,3.18,-0.68,,
2019-01-05,-0.90,2.62,,
2019-01-06,-1.85,3.97,,
2019-01-07,-1.57,5.48,,
2019-01-08,-0.57,3.22,,
2019-01-09,-3.03,-3.75,,
2019-01-10,-2.93,-2.46,,
2019-01-11,-4.45,2.57,,
2019-01-12,4.01,-0.35,,
2019-01-13,-1.86,-4.84,,
2019-01-14,-2.11,-4.13,,
2019-01-15,-1.68,-3.44,,
2019-01-16,-4.86,1.30,,
2019-01-17,2.19,0.80,,
2019-01-18,-0.90,4.63,,
2019-01-19,9.25,-1.80,,
2019-01-20,-0.27,-5.07,,
2019-01-21,-2.76,3.40,,
2019-01-22,-2.06,9.68,,
2019-01-23,4.10,-6.83,,
2019-01-24,-2.67,-0.92,,
2019-01-25,-4.03,1.31,,
2019-01-26,-5.04,0.62,,
2019-01-27,-0.40,-2.54,,
2019-01-28,-0.00,4.84,,
2019-01-29,-1.98,-6.92,,
2019-01-30,-3.87,-3.13,,
2019-01-31,-4.04,-0.71,,
2019-02-01,-5.35,-0.19,,
2019-02-02,-4.26,0.37,,
2019-02-03,-1.40,3.30,,
2019-02-04,-1.18,4.10,,
2019-02-05,-1.45,5.07,,
2019-02-06,-2.00,6.96,,
2019-02-07,-2.85,7.41,,
2019-02-08,-2.40,-8.37,,
2019-02-09,-1.92,-5.91,,
2019-02-10,0.13,-3.68,,
2019-02-11,-1.53,2.36,,
2019-02-12,1.39,-4.28,,
2019-02-13,-2.73,-2.54,,
2019-02-14,-1.21,5.67,,
2019-02-15,0.28,5.32,,
2019-02-16,-1.76,4.37,,
2019-02-17,-4.04,-2.52,,
2019-02-18,-3.81,-6.10,,
2019-02-19,-3.26,-5.64,,
2019-02-20,0.72,-5.10,,
2019-02-21,-2.76,-2.58,,
2019-02-22,-1.79,-2.98,,
2019-02-23,-1.01,4.77,,
2019-02-24,-1.68,-4.37,,
2019-02-25,-3.54,-2.22,,
2019-02-26,-3.44,0.99,,
2019-02-27,-1.14,3.99,,
2019-02-28,-4.33,1.00,,
2019-03-01,-2.76,-3.07,,
2019-03-02,-3.65,-0.51,,
2019-03-03,-3.34,-3.34,,
2019-03-04,-1.16,-8.28,,
2019-03-05,-0.69,-6.59,,
2019-03-06,-1.85,-2.97,,
2019-03-07,-0.92,1.66,,
2019-03-08,-0.95,5.98,,
2019-03-09,-1.73,6.95,,
2019-03-10,-3.65,2.65,,
2019-03-11,-5.09,1.17,,
2019-03-12,-6.19,3.43,,
2019-03-13,-3.11,9.03,,
2019-03-14,-5.63,5.07,,
2019-03-15,-3.15,-7.07,,
2019-03-16,-1.87,-4.63,,
2019-03-17,-0.54,-2.01,,
2019-03-18,-2.83,-2.46,,
2019-03-19,-3.91,-3.40,,
2019-03-20,-4.33,0.45,,
2019-03-21,-2.71,0.14,,
2019-03-22,-2.78,3.43,,
2019-03-23,-4.05,4.50,,
2019-03-24,-2.63,4.75,,
2019-03-25,-1.92,3.32,,
2019-03-26,-4.53,-1.74,,
2019-03-27,-3.93,1.83,,
2019-03-28,-4.19,4.34,,
2019-03-29,-2.63,5.17,,
2019-03-30,-2.03,4.56,,
2019-03-31,-1.20,-8.57,,
2019-04-01,-0.82,-4.67,,
2019-04-02,-2.83,-1.38,,
2019-04-03,-5.44,2.54,,
2019-04-04,-1.53,5.71,,
2019-04-05,-2.69,1.09,,
2019-04-06,-4.60,3.86,,
2019-04-07,-1.40,5.21,,
2019-04-08,2.43,-1.24,,
2019-04-09,1.22,2.88,,
2019-04-10,-0.71,6.80,,
2019-04-11,-1.20,7.56,,
2019-04-12,-4.30,-2.48,,
2019-04-13,3.43,4.24,,
2019-04-14,2.43,-4.04,,
2019-04-15,-1.99,4.48,,
2019-04-16,-3.79,6.07,,
2019-04-17,-4.45,6.59,,
2019-04-18,6.20,5.99,,
2019-04-19,1.96,-4.01,,
2019-04-20,-3.18,1.35,,
2019-04-21,-3.30,6.21,,
2019-04-22,-4.68,5.02,,
2019-04-23,-5.55,3.89,,
2019-04-24,-4.77,4.77,,
2019-04-25,2.18,-3.23,,
2019-04-26,-2.75,-0.89,,
2019-04-27,-1.81,5.26,,
2019-04-28,-3.80,5.43,,
2019-04-29,-4.51,5.38,,
2019-04-30,-5.15,6.60,,
2019-05-01,-4.19,7.26,,
2019-05-02,-5.71,4.63,,
2019-05-03,-5.27,3.97,,
2019-05-04,-3.74,-0.53,,
2019-05-05,-3.60,0.06,,
2019-05-06,-5.33,2.05,,
2019-05-07,-5.41,2.76,,
2019-05-08,-4.01,6.68,,
2019-05-09,-3.80,3.67,,
2019-05-10,-4.51,-2.71,,
2019-05-11,1.15,-4.98,,
2019-05-12,-0.30,-4.31,,
2019-05-13,-4.14,-1.51,,
2019-05-14,-4.57,-0.40,,
2019-05-15,-4.46,-0.63,,
2019-05-16,-4.59,1.32,,
2019-05-17,-4.78,4.78,,
2019-05-18,-4.60,7.09,,
2019-05-19,-3.96,4.25,,
2019-05-20,-5.22,5.59,,
2019-05-21,-2.84,9.30,,
2019-05-22,-4.22,7.03,,
2019-05-23,-5.18,6.63,,
2019-05-24,-5.98,6.19,,
2019-05-25,-5.77,5.77,,
2019-05-26,-5.20,5.58,,
2019-05-27,-4.16,6.40,,
2019-05-28,-3.47,8.17,,
2019-05-29,-4.63,8.35,,
2019-05-30,-3.97,4.26,,
2019-05-31,-3.98,2.30,,
2019-06-01,-3.71,1.97,,
2019-06-02,-4.06,3.06,,
2019-06-03,-3.96,3.09,,
2019-06-04,-5.20,2.77,,
2019-06-05,-2.14,5.04,,
2019-06-06,-0.07,3.77,,
2019-06-07,-0.46,3.78,,
2019-06-08,-2.82,2.05,,
2019-06-09,-2.07,3.73,,
2019-06-10,-3.36,-1.86,,
2019-06-11,-1.84,-2.83,,
2019-06-12,-1.91,-2.05,,
2019-06-13,-2.23,-0.27,,
2019-06-14,-2.79,3.70,,
2019-06-15,-2.19,7.62,,
2019-06-16,-3.00,8.23,,
2019-06-17,-3.39,4.50,,
2019-06-18,-2.03,3.38,,
2019-06-19,-1.14,5.87,,
2019-06-20,-1.73,8.13,,
2019-06-21,-2.97,8.16,,
2019-06-22,-3.24,8.43,,
2019-06-23,-3.08,8.95,,
2019-06-24,-4.88,7.51,,
2019-06-25,-5.21,2.21,,
2019-06-26,-6.19,3.29,,
2019-06-27,-4.14,2.90,,
2019-06-28,-2.95,3.05,,
2019-06-29,-1.22,3.77,,
2019-06-30,-2.11,3.96,,
2019-07-01,-2.52,4.95,,
2019-07-02,-3.00,4.44,,
2019-07-03,-3.04,6.53,,
2019-07-04,-2.43,7.48,,
2019-07-05,-3.41,6.69,,
2019-07-06,-3.79,3.66,,
2019-07-07,-2.96,3.78,,
2019-07-08,-1.51,5.65,,
2019-07-09,-1.19,6.78,,
2019-07-10,-1.30,5.62,,
2019-07-11,0.14,4.13,,
2019-07-12,1.27,2.28,,
2019-07-13,2.98,0.10,,
2019-07-14,1.08,4.68,,
2019-07-15,-0.57,6.52,,
2019-07-16,-2.22,6.83,,
2019-07-17,-2.90,6.22,,
2019-07-18,-2.93,6.28,,
2019-07-19,-2.74,6.46,,
2019-07-20,-2.27,6.23,,
2019-07-21,-2.39,5.92,,
2019-07-22,-2.30,4.32,,
2019-07-23,-0.00,3.29,,
2019-07-24,-3.41,-2.48,,
2019-07-25,-4.66,-1.61,,
2019-07-26,-4.50,-0.39,,
2019-07-27,-2.58,2.24,,
2019-07-28,-2.35,6.45,,
2019-07-29,-2.66,6.93,,
2019-07-30,-1.85,5.70,,
2019-07-31,-1.51,5.26,,
2019-08-01,-2.33,3.09,,
2019-08-02,-2.39,2.23,,
2019-08-03,-1.65,3.10,,
2019-08-04,-2.01,3.63,,
2019-08-05,-2.38,3.96,,
2019-08-06,-2.26,5.07,,
2019-08-07,-2.21,6.06,,
2019-08-08,-2.16,7.06,,
2019-08-09,-2.59,7.54,,
2019-08-10,-2.86,6.41,,
2019-08-11,-2.74,5.61,,
2019-08-12,-2.11,6.13,,
2019-08-13,-1.92,6.27,,
2019-08-14,-1.36,4.74,,
2019-08-15,-0.55,3.93,,
2019-08-16,-1.60,4.93,,
2019-08-17,-2.00,6.55,,
2019-08-18,-2.27,6.98,,
2019-08-19,-2.55,5.72,,
2019-08-20,-2.45,4.81,,
2019-08-21,-3.38,4.03,,
2019-08-22,-3.63,3.39,,
2019-08-23,-3.08,4.09,,
2019-08-24,-2.22,3.54,,
2019-08-25,-1.12,3.67,,
2019-08-26,-1.24,7.03,,
2019-08-27,-3.12,7.01,,
2019-08-28,-2.97,3.18,,
2019-08-29,-1.68,3.76,,
2019-08-30,-2.40,3.56,,
2019-08-31,-3.15,1.97,,
2019-09-01,-3.62,0.19,,
2019-09-02,-4.23,-1.46,,
2019-09-03,-3.66,-2.37,,
2019-09-04,-7.20,-2.20,,
2019-09-05,-4.80,1.20,,
2019-09-06,-2.17,1.25,,
2019-09-07,-1.53,3.43,,
2019-09-08,-2.10,4.94,,
2019-09-09,-3.30,5.27,,
2019-09-10,-3.02,4.48,,
2019-09-11,-3.95,3.44,,
2019-09-12,-3.70,1.49,,
2019-09-13,-4.38,0.31,,
2019-09-14,-3.58,-0.89,,
2019-09-15,-4.31,-1.40,,
2019-09-16,-2.87,-1.86,,
2019-09-17,0.46,-3.77,,
2019-09-18,0.57,5.40,,
2019-09-19,-0.36,6.94,,
2019-09-20,-3.18,7.13,,
2019-09-21,-4.76,4.93,,
2019-09-22,-3.39,3.76,,
2019-09-23,-2.63,2.82,,
2019-09-24,-2.37,3.52,,
2019-09-25,-2.49,3.70,,
2019-09-26,-2.76,2.57,,
2019-09-27,-2.53,3.24,,
2019-09-28,-3.89,5.76,,
2019-09-29,-4.57,5.25,,
2019-09-30,-5.29,4.44,,
2019-10-01,-5.12,3.86,,
2019-10-02,-4.71,2.61,,
2019-10-03,-4.26,0.37,,
2019-10-04,-3.69,-0.32,,
2019-10-05,-2.54,0.04,,
2019-10-06,-3.10,0.89,,
2019-10-07,-3.33,-2.00,,
2019-10-08,-3.25,-3.25,,
2019-10-09,-3.19,4.23,,
2019-10-10,-3.37,7.23,,
2019-10-11,-6.95,3.54,,
2019-10-12,-0.25,-7.09,,
2019-10-13,-1.20,-3.91,,
2019-10-14,-2.31,2.96,,
2019-10-15,-1.37,5.50,,
2019-10-16,-0.78,-5.55,,
2019-10-17,-1.04,-5.34,,
2019-10-18,-2.20,-2.71,,
2019-10-19,-1.57,3.70,,
2019-10-20,-1.35,5.84,,
2019-10-21,-2.89,5.44,,
2019-10-22,-4.37,-4.52,,
2019-10-23,-5.22,3.14,,
2019-10-24,-4.96,2.87,,
2019-10-25,2.66,-7.32,,
2019-10-26,3.95,-5.05,,
2019-10-27,-0.73,2.37,,
2019-10-28,-2.58,3.07,,
2019-10-29,-3.26,2.12,,
2019-10-30,-3.41,2.97,,
2019-10-31,2.09,-9.04,,
2019-11-01,-1.75,-4.11,,
2019-11-02,-1.90,-3.89,,
2019-11-03,-2.89,-2.18,,
2019-11-04,-0.85,2.79,,
2019-11-05,-2.44,3.02,,
2019-11-06,-4.46,1.45,,
2019-11-07,-3.07,1.00,,
2019-11-08,-0.14,-7.90,,
2019-11-09,-0.27,-3.92,,
2019-11-10,-2.34,0.33,,
2019-11-11,-1.42,3.69,,
2019-11-12,1.21,-9.86,,
2019-11-13,0.24,-4.51,,
2019-11-14,0.28,-5.36,,
2019-11-15,-0.10,-5.75,,
2019-11-16,-1.39,-2.23,,
2019-11-17,-1.38,1.58,,
2019-11-18,-1.83,-1.10,,
2019-11-19,-1.81,1.32,,
2019-11-20,-2.30,5.41,,
2019-11-21,-1.41,6.64,,
2019-11-22,-0.66,4.71,,
2019-11-23,-0.09,-5.21,,
2019-11-24,-2.26,-0.20,,
2019-11-25,0.62,5.08,,
2019-11-26,0.14,7.84,,
2019-11-27,-6.02,-3.62,,
2019-11-28,-3.16,-3.63,,
2019-11-29,-3.03,4.67,,
2019-11-30,-1.18,8.41,,
2019-12-01,-0.52,-5.97,,
2019-12-02,-0.43,-4.09,,
2019-12-03,0.52,1.70,,
2019-12-04,-0.08,2.40,,
2019-12-05,-1.52,2.53,,
2019-12-06,4.13,-0.51,,
2019-12-07,-1.51,-3.93,,
2019-12-08,-1.79,2.29,,
2019-12-09,-0.12,7.06,,
2019-12-10,-3.99,-6.64,,
2019-12-11,-1.54,-6.19,,
2019-12-12,-0.41,-3.32,,
2019-12-13,2.63,-1.01,,
2019-12-14,1.97,1.97,,
2019-12-15,-0.29,8.28,,
2019-12-16,-0.54,7.71,,
2019-12-17,0.78,-8.96,,
2019-12-18,0.00,-4.53,,
2019-12-19,-2.12,-1.17,,
2019-12-20,-2.91,0.56,,
2019-12-21,-1.56,-4.06,,
2019-12-22,0.31,-3.50,,
2019-12-23,-0.16,-1.85,,
2019-12-24,-0.61,1.67,,
2019-12-25,-2.31,2.23,,
2019-12-26,-4.62,1.33,,
2019-12-27,-5.09,-0.27,,
2019-12-28,-3.22,6.05,,
2019-12-29,3.92,4.06,,
2019-12-30,-1.58,-3.09,,
2019-12-31,-3.20,-2.78,,
2020-01-01,-3.02,-0.75,,
2020-01-02,1.99,3.07,,
2020-01-03,3.88,-2.42,,
2020-01-04,2.53,-2.36,,
2020-01-05,0.76,3.92,,
2020-01-06,0.09,5.23,,
2020-01-07,-3.41,-3.79,,
2020-01-08,-3.53,1.57,,
2020-01-09,-2.64,7.66,,
2020-01-10,-2.33,10.09,,
2020-01-11,7.82,-1.81,,
2020-01-12,-3.51,-0.00,,
2020-01-13,-4.51,-0.00,,
2020-01-14,-1.68,5.51,,
2020-01-15,-2.71,6.09,,
2020-01-16,-4.76,2.32,,
2020-01-17,-4.03,3.27,,
2020-01-18,-2.32,2.66,,
2020-01-19,-2.09,-7.28,,
2020-01-20,-2.92,-4.67,,
2020-01-21,-4.47,0.31,,
2020-01-22,-3.82,5.66,,
2020-01-23,2.16,-2.31,,
2020-01-24,-3.08,-3.19,,
2020-01-25,-3.35,2.09,,
2020-01-26,1.49,3.05,,
2020-01-27,-2.43,-0.08,,
2020-01-28,-2.81,3.60,,
2020-01-29,2.92,-4.85,,
2020-01-30,-4.00,-3.86,,
2020-01-31,-0.92,-4.72,,
2020-02-01,2.60,-1.63,,
2020-02-02,1.26,3.66,,
2020-02-03,-0.72,8.25,,
2020-02-04,-0.42,8.10,,
2020-02-05,-0.10,-5.49,,
2020-02-06,4.38,-5.22,,
2020-02-07,1.43,4.16,,
2020-02-08,-2.22,5.78,,
2020-02-09,-4.57,7.04,,
2020-02-10,-2.62,7.21,,
2020-02-11,-5.19,-2.64,,
2020-02-12,2.31,-4.17,,
2020-02-13,-0.20,-3.74,,
2020-02-14,-3.04,-4.50,,
2020-02-15,-3.61,-0.44,,
2020-02-16,-2.29,0.12,,
2020-02-17,-2.71,4.69,,
2020-02-18,-3.12,5.40,,
2020-02-19,-2.60,-4.32,,
2020-02-20,-0.22,-6.34,,
2020-02-21,-2.11,-7.37,,
2020-02-22,-3.41,-0.60,,
2020-02-23,-2.30,4.93,,
2020-02-24,-0.62,5.03,,
2020-02-25,-2.47,0.09,,
2020-02-26,1.36,-8.57,,
2020-02-27,-1.18,-3.07,,
2020-02-28,0.42,3.02,,
2020-02-29,-0.67,4.80,,
2020-03-01,-1.16,8.26,,
2020-03-02,-1.95,6.01,,
2020-03-03,-3.71,2.41,,
2020-03-04,5.65,-0.30,,
2020-03-05,2.44,-6.71,,
2020-03-06,-2.91,-3.60,,
2020-03-07,-4.73,0.25,,
2020-03-08,-4.55,2.84,,
2020-03-09,-2.89,5.22,,
2020-03-10,-2.22,2.55,,
2020-03-11,-1.19,3.89,,
2020-03-12,-2.11,5.80,,
2020-03-13,-3.49,5.37,,
2020-03-14,-3.76,4.48,,
2020-03-15,-5.05,1.94,,
2020-03-16,-4.96,1.61,,
2020-03-17,-3.12,4.14,,
2020-03-18,-3.09,5.82,,
2020-03-19,-3.33,7.13,,
2020-03-20,-4.02,3.62,,
2020-03-21,-5.53,-5.73,,
2020-03-22,-2.82,1.76,,
2020-03-23,-1.54,5.36,,
2020-03-24,-1.63,6.55,,
2020-03-25,-1.54,3.63,,
2020-03-26,-2.98,4.96,,
2020-03-27,-3.54,6.95,,
2020-03-28,-2.18,5.40,,
2020-03-29,-4.90,-4.26,,
2020-03-30,-5.32,4.01,,
2020-03-31,0.90,-4.23,,
2020-04-01,-5.19,-1.69,,
2020-04-02,-4.60,4.29,,
2020-04-03,-4.83,4.66,,
2020-04-04,-5.76,-3.89,,
2020-04-05,-3.87,-5.52,,
2020-04-06,-4.27,-1.39,,
2020-04-07,-1.92,1.73,,
2020-04-08,-1.15,3.53,,
2020-04-09,-1.03,3.17,,
2020-04-10,-4.20,-3.17,,
2020-04-11,-5.88,2.26,,
2020-04-12,2.64,7.25,,
2020-04-13,-0.66,-5.35,,
2020-04-14,-2.61,-5.59,,
2020-04-15,-3.28,-5.68,,
2020-04-16,-3.87,1.49,,
2020-04-17,-3.40,2.65,,
2020-04-18,-3.69,-3.33,,
2020-04-19,-0.94,3.76,,
2020-04-20,-1.50,1.85,,
2020-04-21,-4.38,2.63,,
2020-04-22,-3.39,6.38,,
2020-04-23,-3.56,3.21,,
2020-04-24,-2.16,4.23,,
2020-04-25,-6.36,-0.78,,
2020-04-26,-5.27,-2.68,,
2020-04-27,-4.27,4.42,,
2020-04-28,-3.61,6.78,,
2020-04-29,-5.26,4.74,,
2020-04-30,-2.98,-1.79,,
2020-05-01,-2.30,4.94,,
2020-05-02,-3.24,6.36,,
2020-05-03,-2.54,5.97,,
2020-05-04,-2.73,6.14,,
2020-05-05,-3.07,5.31,,
2020-05-06,-4.92,-2.96,,
2020-05-07,-5.18,2.99,,
2020-05-08,-1.31,8.26,,
2020-05-09,-4.22,-5.81,,
2020-05-10,-4.74,-3.57,,
2020-05-11,-4.90,1.50,,
2020-05-12,-3.71,6.43,,
2020-05-13,-3.80,5.85,,
2020-05-14,-3.62,4.02,,
2020-05-15,-4.14,4.76,,
2020-05-16,-3.24,4.46,,
2020-05-17,-3.11,-0.83,,
2020-05-18,-0.21,2.93,,
2020-05-19,-0.52,5.91,,
2020-05-20,-2.03,6.64,,
2020-05-21,-3.80,5.64,,
2020-05-22,-4.23,4.86,,
2020-05-23,-4.89,5.06,,
2020-05-24,-4.88,4.88,,
2020-05-25,-3.17,3.65,,
2020-05-26,-2.47,-3.66,,
2020-05-27,0.06,3.38,,
2020-05-28,-3.62,4.80,,
2020-05-29,-2.55,-2.64,,
2020-05-30,-2.42,-2.33,,
2020-05-31,-3.88,-0.83,,
2020-06-01,-4.65,1.16,,
2020-06-02,-3.57,0.31,,
2020-06-03,-3.14,0.84,,
2020-06-04,-2.16,2.87,,
2020-06-05,-2.29,2.73,,
2020-06-06,-2.97,-1.32,,
2020-06-07,1.55,1.25,,
2020-06-08,0.47,4.48,,
2020-06-09,-2.08,6.04,,
2020-06-10,-5.51,-0.77,,
2020-06-11,-4.20,-2.05,,
2020-06-12,-3.63,-0.97,,
2020-06-13,-3.44,-1.53,,
2020-06-14,-3.59,-0.25,,
2020-06-15,-3.62,1.25,,
2020-06-16,-4.22,3.07,,
2020-06-17,-3.67,3.93,,
2020-06-18,-3.11,5.17,,
2020-06-19,-3.30,5.28,,
2020-06-20,-2.87,4.97,,
2020-06-21,-2.11,6.13,,
2020-06-22,-2.31,6.72,,
2020-06-23,-1.66,6.20,,
2020-06-24,0.65,4.12,,
2020-06-25,-1.55,3.49,,
2020-06-26,-2.44,5.48,,
2020-06-27,-3.07,6.02,,
2020-06-28,-2.26,8.45,,
2020-06-29,-2.67,9.32,,
2020-06-30,-2.16,8.66,,
2020-07-01,-2.32,8.10,,
2020-07-02,-2.61,6.45,,
2020-07-03,-1.85,4.83,,
2020-07-04,-0.75,4.71,,
2020-07-05,-0.62,5.94,,
2020-07-06,-1.66,7.21,,
2020-07-07,-2.26,6.57,,
2020-07-08,-2.60,7.15,,
2020-07-09,-2.70,7.41,,
2020-07-10,-3.00,6.43,,
2020-07-11,-1.77,5.46,,
2020-07-12,-0.98,5.54,,
2020-07-13,-1.09,6.18,,
2020-07-14,-1.67,7.83,,
2020-07-15,-2.28,7.02,,
2020-07-16,-2.77,5.22,,
2020-07-17,-2.85,4.23,,
2020-07-18,-2.93,2.21,,
2020-07-19,-3.35,1.22,,
2020-07-20,-3.20,-0.39,,
2020-07-21,-3.05,1.42,,
2020-07-22,-3.47,2.62,,
2020-07-23,-3.62,1.18,,
2020-07-24,-3.05,-2.84,,
2020-07-25,-6.66,-10.25,,
2020-07-26,-10.27,2.94,,
2020-07-27,-4.97,1.52,,
2020-07-28,-1.93,2.31,,
2020-07-29,-1.52,4.67,,
2020-07-30,-1.87,5.43,,
2020-07-31,-0.82,5.86,,
2020-08-01,0.67,3.77,,
2020-08-02,-1.71,2.19,,
2020-08-03,-0.65,2.62,,
2020-08-04,-0.43,2.73,,
2020-08-05,-1.67,3.58,,
2020-08-06,-3.14,3.88,,
2020-08-07,-3.25,3.61,,
2020-08-08,-2.84,3.92,,
2020-08-09,-1.92,5.59,,
2020-08-10,-2.46,5.28,,
2020-08-11,-2.25,5.31,,
2020-08-12,-1.21,6.22,,
2020-08-13,-1.15,5.43,,
2020-08-14,-0.61,4.97,,
2020-08-15,-0.76,5.39,,
2020-08-16,-0.73,4.15,,
2020-08-17,-1.45,2.98,,
2020-08-18,-0.13,2.45,,
2020-08-19,2.22,0.99,,
2020-08-20,-0.13,3.67,,
2020-08-21,-1.55,5.08,,
2020-08-22,-2.53,3.76,,
2020-08-23,-3.92,-0.41,,
2020-08-24,-3.87,-1.49,,
2020-08-25,-2.42,-2.26,,
2020-08-26,-1.88,-2.69,,
2020-08-27,0.64,2.38,,
2020-08-28,-1.19,6.77,,
2020-08-29,-1.67,5.83,,
2020-08-30,-1.72,5.62,,
2020-08-31,-1.92,7.69,,
2020-09-01,-3.04,8.82,,
2020-09-02,-1.73,8.89,,
2020-09-03,-2.07,6.00,,
2020-09-04,-3.53,3.29,,
2020-09-05,-5.15,-0.27,,
2020-09-06,-2.14,-2.00,,
2020-09-07,-1.22,0.67,,
2020-09-08,-2.88,4.44,,
2020-09-09,-3.71,4.74,,
2020-09-10,-2.67,-2.86,,
2020-09-11,0.24,-4.66,,
2020-09-12,-0.73,-2.91,,
2020-09-13,-1.86,-2.86,,
2020-09-14,-2.45,-3.93,,
2020-09-15,-0.35,-3.96,,
2020-09-16,-0.14,-2.71,,
2020-09-17,-1.42,-3.89,,
2020-09-18,-1.80,-4.69,,
2020-09-19,-1.90,-5.84,,
2020-09-20,-0.65,-6.23,,
2020-09-21,3.32,-7.82,,
2020-09-22,6.50,-4.22,,
2020-09-23,2.51,-3.72,,
2020-09-24,0.11,-3.25,,
2020-09-25,-2.52,-0.77,,
2020-09-26,-2.75,3.65,,
2020-09-27,-1.98,6.47,,
2020-09-28,-5.43,-3.80,,
2020-09-29,-0.75,-6.14,,
2020-09-30,-0.93,2.29,,
2020-10-01,-2.24,0.73,,
2020-10-02,-2.97,-1.51,,
2020-10-03,-3.05,1.62,,
2020-10-04,-3.56,0.25,,
2020-10-05,-2.27,1.26,,
2020-10-06,-2.45,1.53,,
2020-10-07,-2.81,-2.19,,
2020-10-08,-3.40,-3.91,,
2020-10-09,0.95,-6.74,,
2020-10-10,-1.76,1.83,,
2020-10-11,-0.34,6.43,,
2020-10-12,-1.37,5.13,,
2020-10-13,-3.18,0.22,,
2020-10-14,-1.48,2.90,,
2020-10-15,-1.11,6.32,,
2020-10-16,-4.24,-5.05,,
2020-10-17,-4.24,-1.06,,
2020-10-18,-1.94,6.33,,
2020-10-19,-2.80,4.65,,
2020-10-20,-4.08,3.81,,
2020-10-21,-4.66,1.34,,
2020-10-22,-4.60,1.58,,
2020-10-23,-2.91,1.55,,
2020-10-24,-0.84,-5.28,,
2020-10-25,-2.34,3.74,,
2020-10-26,-4.24,5.63,,
2020-10-27,-4.00,-4.00,,
2020-10-28,4.19,-5.98,,
2020-10-29,4.04,-3.63,,
2020-10-30,-1.09,-5.14,,
2020-10-31,-2.06,-0.75,,
2020-11-01,-3.11,-1.38,,
2020-11-02,-2.95,-4.06,,
2020-11-03,-2.89,-1.05,,
2020-11-04,-2.10,1.96,,
2020-11-05,-2.60,1.44,,
2020-11-06,-3.31,-0.29,,
2020-11-07,-4.02,-1.23,,
2020-11-08,-3.75,0.59,,
2020-11-09,-3.23,2.44,,
2020-11-10,-2.05,3.15,,
2020-11-11,-1.83,0.81,,
2020-11-12,-2.23,0.72,,
2020-11-13,-3.03,1.54,,
2020-11-14,-1.79,5.52,,
2020-11-15,-6.45,0.79,,
2020-11-16,-2.97,-3.95,,
2020-11-17,-4.14,-3.01,,
2020-11-18,-3.90,-0.41,,
2020-11-19,-2.54,1.85,,
2020-11-20,-2.53,1.64,,
2020-11-21,-3.27,-0.06,,
2020-11-22,-3.35,1.35,,
2020-11-23,-4.22,-1.97,,
2020-11-24,-3.42,7.33,,
2020-11-25,-2.36,5.84,,
2020-11-26,-3.73,-0.13,,
2020-11-27,-1.45,6.27,,
2020-11-28,-5.94,-1.59,,
2020-11-29,0.46,-6.64,,
2020-11-30,1.18,-6.67,,
2020-12-01,-2.73,1.58,,
2020-12-02,0.08,4.56,,
2020-12-03,2.08,-7.24,,
2020-12-04,0.48,-4.59,,
2020-12-05,-0.63,-3.57,,
2020-12-06,3.02,-3.36,,
2020-12-07,1.31,-2.94,,
2020-12-08,2.48,-0.62,,
2020-12-09,2.15,2.39,,
2020-12-10,-0.18,5.11,,
2020-12-11,-1.04,6.60,,
2020-12-12,-1.73,-3.11,,
2020-12-13,-2.68,5.03,,
2020-12-14,0.57,-6.55,,
2020-12-15,-1.71,2.73,,
2020-12-16,0.96,-4.96,,
2020-12-17,-2.78,-2.68,,
2020-12-18,-3.91,3.77,,
2020-12-19,-0.95,6.00,,
2020-12-20,-0.19,-2.72,,
2020-12-21,0.47,2.67,,
2020-12-22,-3.01,2.80,,
2020-12-23,-1.03,5.83,,
2020-12-24,1.43,-7.37,,
2020-12-25,3.47,0.00,,
2020-12-26,0.21,2.39,,
2020-12-27,-0.44,5.00,,
2020-12-28,-3.51,4.83,,
2020-12-29,-5.16,6.15,,
2020-12-30,-3.42,8.05,,
2020-12-31,6.26,-2.92,,
2021-01-01,5.61,-2.62,,
2021-01-02,0.74,-3.79,,
2021-01-03,0.21,2.95,,
2021-01-04,0.91,3.39,,
2021-01-05,-1.72,2.05,,
2021-01-06,-1.78,6.21,,
2021-01-07,3.81,-4.24,,
2021-01-08,-2.27,-3.50,,
2021-01-09,-3.50,-3.89,,
2021-01-10,-7.20,-5.04,,
2021-01-11,1.43,-7.38,,
2021-01-12,-0.91,-3.39,,
2021-01-13,1.65,-1.44,,
2021-01-14,2.81,3.73,,
2021-01-15,0.69,-4.93,,
2021-01-16,2.67,-1.30,,
2021-01-17,-3.25,-0.00,,
2021-01-18,-1.45,5.06,,
2021-01-19,-4.35,6.96,,
2021-01-20,-4.79,-0.42,,
2021-01-21,2.09,0.07,,
2021-01-22,1.48,-0.60,,
2021-01-23,-4.52,-1.65,,
2021-01-24,-3.73,5.74,,
2021-01-25,-0.89,7.27,,
2021-01-26,-4.59,-3.33,,
2021-01-27,-0.99,-5.61,,
2021-01-28,-3.25,-4.47,,
2021-01-29,-3.01,0.98,,
2021-01-30,-1.29,7.31,,
2021-01-31,1.63,-5.00,,
2021-02-01,-1.21,-5.70,,
2021-02-02,-2.18,-0.04,,
2021-02-03,-1.32,3.64,,
2021-02-04,-0.68,7.82,,
2021-02-05,-4.41,-3.57,,
2021-02-06,-1.85,-4.16,,
2021-02-07,-3.87,-1.72,,
2021-02-08,-3.20,3.68,,
2021-02-09,-3.09,1.25,,
2021-02-10,-4.54,2.84,,
2021-02-11,-2.83,-6.36,,
2021-02-12,0.13,-7.33,,
2021-02-13,0.11,-6.39,,
2021-02-14,0.00,-6.12,,
2021-02-15,2.78,-8.56,,
2021-02-16,-2.71,-4.02,,
2021-02-17,0.50,-7.10,,
2021-02-18,0.00,-7.36,,
2021-02-19,1.74,-5.05,,
2021-02-20,-2.01,1.16,,
2021-02-21,-2.53,5.96,,
2021-02-22,-4.11,-0.72,,
2021-02-23,-1.75,3.03,,
2021-02-24,-1.27,6.00,,
2021-02-25,-3.01,4.29,,
2021-02-26,-2.21,5.76,,
2021-02-27,-2.92,6.26,,
2021-02-28,-2.36,6.47,,
2021-03-01,-6.14,-0.32,,
2021-03-02,0.84,-6.87,,
2021-03-03,-2.69,-0.47,,
2021-03-04,-3.61,1.17,,
2021-03-05,-2.23,2.76,,
2021-03-06,-1.45,-5.80,,
2021-03-07,-5.37,-1.64,,
2021-03-08,-4.71,-0.00,,
2021-03-09,-3.68,4.54,,
2021-03-10,-3.09,6.63,,
2021-03-11,-4.06,6.26,,
2021-03-12,-4.64,4.81,,
2021-03-13,-4.74,5.27,,
2021-03-14,-3.35,6.88,,
2021-03-15,-0.97,-1.44,,
2021-03-16,-2.51,3.86,,
2021-03-17,0.56,6.41,,
2021-03-18,2.32,-5.75,,
2021-03-19,-1.66,-3.91,,
2021-03-20,-3.46,-1.84,,
2021-03-21,-4.25,1.72,,
2021-03-22,-3.76,5.79,,
2021-03-23,-3.63,4.17,,
2021-03-24,-5.07,1.75,,
2021-03-25,-3.45,-5.12,,
2021-03-26,-3.82,0.07,,
2021-03-27,-3.50,5.38,,
2021-03-28,-5.01,-4.67,,
2021-03-29,-3.73,-3.24,,
2021-03-30,-3.32,4.92,,
2021-03-31,-2.96,3.93,,
2021-04-01,-5.53,-6.36,,
2021-04-02,-5.42,-0.00,,
2021-04-03,-4.56,3.69,,
2021-04-04,-4.23,1.46,,
2021-04-05,-3.54,3.54,,
2021-04-06,-3.61,7.09,,
2021-04-07,-2.76,7.20,,
2021-04-08,-1.21,2.72,,
2021-04-09,-2.80,6.59,,
2021-04-10,-5.73,0.60,,
2021-04-11,-4.05,-1.39,,
2021-04-12,-4.54,2.32,,
2021-04-13,-5.13,1.37,,
2021-04-14,-3.03,1.89,,
2021-04-15,-5.67,-2.53,,
2021-04-16,-4.16,3.14,,
2021-04-17,-2.17,-7.58,,
2021-04-18,-1.33,-6.86,,
2021-04-19,-2.72,-3.12,,
2021-04-20,-2.55,0.13,,
2021-04-21,-4.61,-4.01,,
2021-04-22,-6.12,2.35,,
2021-04-23,-4.67,6.67,,
2021-04-24,3.86,2.91,,
2021-04-25,-5.17,-2.09,,
2021-04-26,-4.70,4.70,,
2021-04-27,-3.92,4.51,,
2021-04-28,-4.37,6.73,,
2021-04-29,-3.18,5.73,,
2021-04-30,-3.26,1.32,,
2021-05-01,-4.08,4.08,,
2021-05-02,0.26,4.93,,
2021-05-03,-2.33,7.18,,
2021-05-04,-4.57,1.49,,
2021-05-05,-2.84,-5.13,,
2021-05-06,-4.26,-1.14,,
2021-05-07,-4.10,0.87,,
2021-05-08,-3.69,6.14,,
2021-05-09,-2.93,8.51,,
2021-05-10,-3.61,5.78,,
2021-05-11,-3.80,4.87,,
2021-05-12,-3.71,-4.74,,
2021-05-13,-1.78,-5.49,,
2021-05-14,-4.35,-0.15,,
2021-05-15,-5.88,4.12,,
2021-05-16,-4.25,5.85,,
2021-05-17,-4.19,6.70,,
2021-05-18,-5.30,5.89,,
2021-05-19,-6.77,-2.20,,
2021-05-20,-1.89,-3.02,,
2021-05-21,-3.35,0.71,,
2021-05-22,-5.29,2.47,,
2021-05-23,-4.81,2.45,,
2021-05-24,-3.62,4.31,,
2021-05-25,-3.83,5.08,,
2021-05-26,-3.93,4.68,,
2021-05-27,-3.98,5.29,,
2021-05-28,-3.81,6.33,,
2021-05-29,-5.18,2.09,,
2021-05-30,-4.20,2.52,,
2021-05-31,-5.55,4.03,,
2021-06-01,-2.92,3.49,,
2021-06-02,-1.05,2.06,,
2021-06-03,-1.26,3.45,,
2021-06-04,1.32,1.76,,
2021-06-05,-0.64,2.78,,
2021-06-06,-1.66,5.11,,
2021-06-07,-3.30,7.78,,
2021-06-08,-2.79,6.91,,
2021-06-09,-2.56,6.03,,
2021-06-10,-2.01,5.53,,
2021-06-11,-2.30,6.00,,
2021-06-12,-2.34,5.52,,
2021-06-13,-1.05,2.74,,
2021-06-14,0.20,2.87,,
2021-06-15,-1.70,1.15,,
2021-06-16,-3.43,-0.36,,
2021-06-17,-3.46,-1.33,,
2021-06-18,-3.63,-0.64,,
2021-06-19,-1.74,2.00,,
2021-06-20,-0.81,6.56,,
2021-06-21,-2.63,8.09,,
2021-06-22,-3.91,2.26,,
2021-06-23,-2.82,4.34,,
2021-06-24,-3.12,5.19,,
2021-06-25,-2.25,6.91,,
2021-06-26,-3.16,7.45,,
2021-06-27,-4.37,3.66,,
2021-06-28,-3.32,1.62,,
2021-06-29,-4.11,2.88,,
2021-06-30,-4.00,1.61,,
2021-07-01,-2.38,0.51,,
2021-07-02,-1.65,2.74,,
2021-07-03,-1.03,2.82,,
2021-07-04,-1.68,2.23,,
2021-07-05,-2.24,3.08,,
2021-07-06,-2.76,4.09,,
2021-07-07,-3.21,5.14,,
2021-07-08,-3.94,5.63,,
2021-07-09,-1.08,7.70,,
2021-07-10,-1.92,5.57,,
2021-07-11,-1.18,6.09,,
2021-07-12,-1.68,5.85,,
2021-07-13,-3.44,2.68,,
2021-07-14,-3.16,2.30,,
2021-07-15,-1.79,4.67,,
2021-07-16,-1.92,6.70,,
2021-07-17,-2.87,5.40,,
2021-07-18,-2.85,3.28,,
2021-07-19,-1.31,3.81,,
2021-07-20,1.49,3.19,,
2021-07-21,-0.29,2.08,,
2021-07-22,-0.06,3.44,,
2021-07-23,-1.59,6.39,,
2021-07-24,-1.16,6.58,,
2021-07-25,-1.18,4.73,,
2021-07-26,-0.87,3.48,,
2021-07-27,-1.20,2.35,,
2021-07-28,-2.42,1.08,,
2021-07-29,-3.06,0.38,,
2021-07-30,-2.01,1.46,,
2021-07-31,-0.58,4.73,,
2021-08-01,-0.39,5.61,,
2021-08-02,-0.27,5.08,,
2021-08-03,1.57,2.42,,
2021-08-04,-1.75,1.87,,
2021-08-05,-2.20,0.93,,
2021-08-06,-2.11,2.35,,
2021-08-07,-1.36,5.47,,
2021-08-08,-1.84,7.37,,
2021-08-09,-1.99,7.44,,
2021-08-10,-2.33,6.40,,
2021-08-11,-2.84,4.20,,
2021-08-12,-2.90,4.47,,
2021-08-13,-2.75,3.28,,
2021-08-14,-2.78,0.80,,
2021-08-15,-2.83,-0.05,,
2021-08-16,-2.64,0.18,,
2021-08-17,-2.34,3.89,,
2021-08-18,-2.54,5.99,,
2021-08-19,-2.81,6.63,,
2021-08-20,-4.05,4.83,,
2021-08-21,-4.06,4.36,,
2021-08-22,-2.51,4.01,,
2021-08-23,-2.60,3.45,,
2021-08-24,-2.38,3.52,,
2021-08-25,-2.67,3.07,,
2021-08-26,-2.85,1.45,,
2021-08-27,-3.07,0.38,,
2021-08-28,-2.88,1.40,,
2021-08-29,-2.40,1.81,,
2021-08-30,-0.00,3.29,,
2021-08-31,-0.60,4.86,,
2021-09-01,-2.49,5.34,,
2021-09-02,-2.95,4.38,,
2021-09-03,-2.67,3.68,,
2021-09-04,-1.68,5.48,,
2021-09-05,-0.56,4.54,,
2021-09-06,-0.15,4.26,,
2021-09-07,-2.18,1.77,,
2021-09-08,-2.95,0.57,,
2021-09-09,-3.42,-0.48,,
2021-09-10,-3.99,-0.92,,
2021-09-11,-4.87,-1.68,,
2021-09-12,-5.17,-0.54,,
2021-09-13,-6.02,-5.23,,
2021-09-14,4.05,-3.65,,
2021-09-15,-1.04,-3.63,,
2021-09-16,-1.35,-2.43,,
2021-09-17,-1.83,1.77,,
2021-09-18,-3.24,0.51,,
2021-09-19,-1.88,1.94,,
2021-09-20,-1.00,5.14,,
2021-09-21,-1.25,5.03,,
2021-09-22,-2.70,-4.86,,
2021-09-23,-2.43,-2.11,,
2021-09-24,-3.66,0.38,,
2021-09-25,-3.43,-0.60,,
2021-09-26,-2.93,0.26,,
2021-09-27,-3.14,1.53,,
2021-09-28,-2.29,4.92,,
2021-09-29,-2.91,5.26,,
2021-09-30,-2.68,2.59,,
2021-10-01,-2.81,2.81,,
2021-10-02,-2.87,-0.10,,
2021-10-03,-2.46,-0.95,,
2021-10-04,-0.70,-2.81,,
2021-10-05,-0.52,-2.45,,
2021-10-06,-1.91,1.15,,
2021-10-07,-1.70,2.17,,
2021-10-08,-2.01,1.94,,
2021-10-09,-1.00,2.89,,
2021-10-10,-2.41,6.99,,
2021-10-11,-4.56,4.56,,
2021-10-12,-3.31,6.50,,
2021-10-13,-3.96,7.77,,
2021-10-14,-1.30,6.70,,
2021-10-15,-0.62,3.89,,
2021-10-16,-1.62,-7.03,,
2021-10-17,-1.43,-4.15,,
2021-10-18,-2.87,-0.61,,
2021-10-19,-2.79,2.60,,
2021-10-20,-3.09,1.13,,
2021-10-21,-2.37,0.63,,
2021-10-22,-3.11,-0.05,,
2021-10-23,-2.46,2.64,,
2021-10-24,-2.13,3.55,,
2021-10-25,-1.27,3.30,,
2021-10-26,-2.47,4.86,,
2021-10-27,4.06,7.32,,
2021-10-28,4.08,-4.37,,
2021-10-29,3.10,-4.42,,
2021-10-30,0.04,-2.23,,
2021-10-31,-2.74,2.83,,
2021-11-01,-3.62,1.77,,
2021-11-02,-2.68,2.58,,
2021-11-03,-3.66,2.86,,
2021-11-04,-1.92,-6.70,,
2021-11-05,-0.08,-4.54,,
2021-11-06,-1.31,-2.57,,
2021-11-07,-2.53,-0.82,,
2021-11-08,-2.78,1.81,,
2021-11-09,-1.89,3.15,,
2021-11-10,-1.76,4.59,,
2021-11-11,1.52,3.95,,
2021-11-12,-2.33,-2.50,,
2021-11-13,-3.63,-3.51,,
2021-11-14,-0.63,3.57,,
2021-11-15,-0.85,4.40,,
2021-11-16,-1.21,6.21,,
2021-11-17,-0.90,6.43,,
2021-11-18,-4.04,-4.04,,
2021-11-19,-1.83,-4.76,,
2021-11-20,-1.99,2.29,,
2021-11-21,-1.64,3.87,,
2021-11-22,0.09,-5.37,,
2021-11-23,-2.36,-2.05,,
2021-11-24,-2.26,5.88,,
2021-11-25,-2.06,5.38,,
2021-11-26,-1.01,-6.39,,
2021-11-27,-0.60,-3.38,,
2021-11-28,1.21,-4.50,,
2021-11-29,-0.08,-2.31,,
2021-11-30,-1.36,1.22,,
2021-12-01,-0.72,1.98,,
2021-12-02,-1.84,1.39,,
2021-12-03,-1.26,3.29,,
2021-12-04,-1.13,4.54,,
2021-12-05,-2.15,5.05,,
2021-12-06,0.66,6.29,,
2021-12-07,-0.07,-4.14,,
2021-12-08,-2.08,-0.07,,
2021-12-09,-1.67,4.85,,
2021-12-10,-0.64,9.12,,
2021-12-11,0.41,-7.91,,
2021-12-12,-1.51,-4.95,,
2021-12-13,-2.83,-1.70,,
2021-12-14,-1.77,3.34,,
2021-12-15,-2.42,5.98,,
2021-12-16,-2.03,6.66,,
2021-12-17,-2.98,5.85,,
2021-12-18,-0.63,6.01,,
2021-12-19,-0.23,-6.63,,
2021-12-20,0.15,-4.21,,
2021-12-21,-0.82,-2.02,,
2021-12-22,-0.06,3.38,,
2021-12-23,-0.76,6.18,,
2021-12-24,-0.42,8.01,,
2021-12-25,-0.00,7.64,,
2021-12-26,-0.58,6.65,,
2021-12-27,-1.01,7.21,,
2021-12-28,-1.11,7.90,,
2021-12-29,-0.93,4.77,,
2021-12-30,-1.80,0.96,,
2021-12-31,-1.56,5.44,,
2022-01-01,0.30,8.50,0.079,0.288
2022-01-02,2.15,-8.04,-0.009,-0.074
2022-01-03,-0.23,-4.30,-0.056,-0.122
2022-01-04,-1.16,3.19,-0.012,0.051
2022-01-05,1.55,4.50,0.096,0.194
2022-01-06,2.22,3.42,0.073,0.139
2022-01-07,-2.16,-5.93,-0.153,-0.212
2022-01-08,-0.54,3.85,-0.116,-0.062
2022-01-09,0.16,2.98,-0.042,-0.014
2022-01-10,-0.67,-7.63,-0.146,-0.280
2022-01-11,-2.16,-5.08,-0.190,-0.273
2022-01-12,-2.70,-4.00,-0.160,-0.218
2022-01-13,1.62,-1.68,-0.036,-0.057
2022-01-14,1.20,3.12,0.083,0.150
2022-01-15,5.28,-6.29,0.046,0.019
2022-01-16,3.29,-4.37,0.066,-0.013
2022-01-17,1.15,2.16,0.090,0.137
2022-01-18,-0.56,5.37,0.048,0.189
2022-01-19,0.12,6.96,0.066,0.242
2022-01-20,0.45,-8.56,-0.021,-0.063
2022-01-21,0.68,-6.48,-0.118,-0.272
2022-01-22,-3.26,-4.32,-0.190,-0.241
2022-01-23,-2.65,-3.51,-0.166,-0.201
2022-01-24,-0.74,-4.64,-0.075,-0.091
2022-01-25,-0.06,-3.45,-0.069,-0.129
2022-01-26,-4.41,-4.26,-0.191,-0.232
2022-01-27,-3.70,-3.58,-0.184,-0.221
2022-01-28,-2.57,-5.51,-0.171,-0.249
2022-01-29,1.48,-2.03,-0.033,-0.072
2022-01-30,-0.39,3.20,0.034,0.094
2022-01-31,-2.65,4.78,-0.002,0.141
2022-02-01,1.43,-2.82,-0.075,-0.077
2022-02-02,-3.24,3.73,-0.085,0.059
2022-02-03,1.18,-7.45,-0.094,-0.200
2022-02-04,2.97,-7.73,-0.053,-0.264
2022-02-05,-0.54,-5.13,-0.119,-0.235
2022-02-06,-2.20,-1.72,-0.108,-0.159
2022-02-07,-2.57,-4.84,-0.142,-0.227
2022-02-08,-0.80,-2.99,-0.076,-0.115
2022-02-09,0.10,2.77,-0.088,-0.067
2022-02-10,-2.73,1.71,-0.069,-0.048
2022-02-11,-2.26,1.96,-0.059,-0.036
2022-02-12,-2.35,-4.82,0.002,0.035
2022-02-13,-0.29,-5.58,-0.118,-0.230
2022-02-14,0.09,2.52,-0.027,-0.009
2022-02-15,-0.70,3.29,-0.065,0.025
2022-02-16,-1.89,8.20,-0.009,0.138
2022-02-17,1.19,8.47,0.050,0.179
2022-02-18,-0.38,-7.23,-0.129,-0.249
2022-02-19,-2.59,-3.44,-0.153,-0.205
2022-02-20,-2.94,-1.25,-0.156,-0.164
2022-02-21,-1.74,6.98,-0.039,0.075
2022-02-22,-1.06,8.65,0.068,0.255
2022-02-23,-5.91,0.41,-0.065,0.022
2022-02-24,0.81,-4.17,-0.097,-0.215
2022-02-25,-0.42,-6.06,-0.123,-0.264
2022-02-26,-0.29,-5.49,-0.138,-0.241
2022-02-27,0.81,-5.78,-0.097,-0.243
2022-02-28,-1.45,-3.42,-0.077,-0.150
2022-03-01,-2.78,0.24,-0.094,-0.066
2022-03-02,-3.36,-0.96,-0.118,-0.083
2022-03-03,-3.48,-0.18,-0.117,-0.075
2022-03-04,-3.07,3.53,-0.075,0.052
2022-03-05,-2.70,5.55,-0.034,0.111
2022-03-06,-3.75,6.49,-0.048,0.100
2022-03-07,-6.00,-4.20,-0.094,-0.072
2022-03-08,0.41,-5.91,-0.127,-0.254
2022-03-09,-1.66,-5.12,-0.133,-0.213
2022-03-10,-3.83,-1.47,-0.157,-0.166
2022-03-11,-3.97,-4.11,-0.141,-0.167
2022-03-12,0.64,-7.34,-0.113,-0.276
2022-03-13,-2.59,2.98,-0.039,0.059
2022-03-14,-1.02,5.23,-0.043,0.081
2022-03-15,5.38,-1.44,0.032,0.048
2022-03-16,-2.54,1.47,0.039,0.150
2022-03-17,-2.40,6.25,-0.017,0.166
2022-03-18,2.38,-6.19,-0.018,-0.010
2022-03-19,-4.67,-2.70,-0.113,-0.065
2022-03-20,-4.61,1.15,-0.106,-0.009
2022-03-21,-4.42,8.31,-0.084,0.054
2022-03-22,6.05,2.20,0.010,0.064
2022-03-23,1.88,-3.26,0.043,0.022
2022-03-24,4.51,0.16,0.120,0.176
2022-03-25,-2.03,2.80,0.034,0.132
2022-03-26,-1.91,4.50,0.039,0.189
2022-03-27,-1.11,7.01,0.071,0.277
2022-03-28,-2.39,6.24,0.052,0.291
2022-03-29,-3.07,8.00,0.032,0.280
2022-03-30,2.89,9.45,0.057,0.207
2022-03-31,-3.67,-3.19,-0.124,-0.184
2022-04-01,-5.56,0.29,-0.162,-0.143
2022-04-02,-4.32,-0.53,-0.175,-0.217
2022-04-03,-3.79,0.60,-0.137,-0.168
2022-04-04,-4.29,4.14,-0.124,-0.048
2022-04-05,-1.83,4.11,-0.033,0.022
2022-04-06,1.39,5.18,0.037,0.079
2022-04-07,-1.63,-6.55,-0.121,-0.210
2022-04-08,-3.07,0.21,-0.023,-0.025
2022-04-09,-0.11,6.50,0.094,0.253
2022-04-10,-2.23,10.51,0.079,0.335
2022-04-11,-3.42,8.46,0.032,0.276
2022-04-12,-3.77,7.74,-0.009,0.176
2022-04-13,-2.00,8.00,0.000,0.185
2022-04-14,-7.01,-1.75,-0.182,-0.126
2022-04-15,-4.84,2.57,-0.155,-0.108
2022-04-16,-2.57,4.83,-0.068,0.057
2022-04-17,-2.79,3.83,-0.057,0.069
2022-04-18,-4.62,-0.73,-0.106,-0.055
2022-04-19,-7.75,1.51,-0.187,-0.144
2022-04-20,-3.80,8.16,-0.068,0.063
2022-04-21,-4.73,6.05,-0.052,0.097
2022-04-22,-5.12,5.89,-0.096,0.059
2022-04-23,-4.97,7.37,-0.069,0.081
2022-04-24,-4.48,7.46,-0.060,0.094
2022-04-25,-4.84,5.57,-0.078,0.059
2022-04-26,-7.00,-3.41,-0.232,-0.228
2022-04-27,-5.77,0.50,-0.158,-0.108
2022-04-28,-4.22,5.41,-0.079,0.051
2022-04-29,-3.70,7.27,-0.004,0.166
2022-04-30,-3.11,6.10,-0.002,0.177
2022-05-01,-4.38,3.94,-0.064,0.099
2022-05-02,-4.37,7.57,-0.044,0.133
2022-05-03,-3.64,6.57,-0.030,0.135
2022-05-04,-5.05,6.02,-0.089,0.073
2022-05-05,-4.00,7.53,-0.062,0.090
2022-05-06,-2.30,4.51,-0.021,0.110
2022-05-07,-1.21,6.20,0.052,0.214
2022-05-08,-3.10,6.97,0.030,0.222
2022-05-09,-3.91,6.51,-0.023,0.147
2022-05-10,-4.64,5.34,-0.107,0.042
2022-05-11,-4.92,4.59,-0.140,-0.028
2022-05-12,-3.98,4.57,-0.106,0.008
2022-05-13,-2.46,6.10,0.017,0.165
2022-05-14,-2.01,5.82,0.027,0.191
2022-05-15,-0.81,5.73,0.049,0.200
2022-05-16,-1.35,5.83,0.049,0.193
2022-05-17,-1.96,6.41,0.044,0.225
2022-05-18,-2.29,7.99,0.036,0.230
2022-05-19,-2.53,8.26,0.036,0.211
2022-05-20,-3.39,8.83,0.010,0.205
2022-05-21,-4.13,6.37,-0.040,0.127
2022-05-22,-6.19,1.43,-0.150,-0.098
2022-05-23,-5.66,0.10,-0.169,-0.157
2022-05-24,-4.25,5.65,-0.105,-0.003
2022-05-25,0.41,5.92,0.003,0.088
2022-05-26,-2.16,1.15,-0.094,-0.040
2022-05-27,-1.53,4.72,0.009,0.132
2022-05-28,-1.86,5.11,0.027,0.163
2022-05-29,-2.73,7.94,0.022,0.211
2022-05-30,-4.43,8.34,-0.010,0.183
2022-05-31,-5.10,5.86,-0.089,0.055
2022-06-01,-4.28,4.76,-0.106,0.021
2022-06-02,-3.44,2.69,-0.082,0.021
2022-06-03,-2.61,1.69,-0.060,-0.009
2022-06-04,-1.90,2.03,-0.039,0.015
2022-06-05,-1.86,5.72,0.018,0.160
2022-06-06,-2.86,8.30,0.035,0.223
2022-06-07,-3.19,8.30,0.026,0.217
2022-06-08,-3.24,6.63,0.011,0.176
2022-06-09,-3.88,3.75,-0.054,0.111
2022-06-10,-1.93,5.03,0.000,0.137
2022-06-11,-1.03,6.49,0.057,0.221
2022-06-12,-1.52,7.81,0.065,0.257
2022-06-13,-2.94,8.08,0.033,0.240
2022-06-14,-3.49,8.23,0.022,0.215
2022-06-15,-3.34,7.17,-0.019,0.144
2022-06-16,-3.35,5.16,-0.027,0.102
2022-06-17,-2.68,3.19,-0.050,0.034
2022-06-18,-3.16,3.39,-0.092,-0.014
2022-06-19,-2.66,2.96,-0.062,-0.030
2022-06-20,-2.80,2.90,-0.065,-0.015
2022-06-21,-3.72,2.42,-0.111,-0.063
2022-06-22,-3.00,3.85,-0.079,-0.006
2022-06-23,-0.69,3.57,-0.005,0.047
2022-06-24,-1.31,4.58,0.032,0.155
2022-06-25,-2.29,5.66,0.023,0.185
2022-06-26,-3.73,3.36,-0.036,0.118
2022-06-27,-2.02,2.49,-0.016,0.072
2022-06-28,-3.03,-1.68,-0.097,-0.089
2022-06-29,-2.00,-3.33,-0.132,-0.222
2022-06-30,-4.05,-1.32,-0.124,-0.121
2022-07-01,-1.28,3.73,-0.042,0.032
2022-07-02,-1.43,6.72,0.030,0.185
2022-07-03,-2.62,6.17,0.007,0.171
2022-07-04,-3.16,5.70,-0.021,0.142
2022-07-05,-2.95,6.04,-0.011,0.149
2022-07-06,-2.51,5.63,-0.013,0.139
2022-07-07,-1.86,5.41,0.006,0.154
2022-07-08,-1.77,5.80,0.020,0.158
2022-07-09,-1.12,4.85,0.030,0.136
2022-07-10,-0.25,4.86,0.056,0.165
2022-07-11,-0.10,5.99,0.086,0.257
2022-07-12,-1.03,5.82,0.069,0.218
2022-07-13,-1.42,4.66,0.027,0.132
2022-07-14,-1.58,4.58,-0.001,0.098
2022-07-15,-1.11,4.13,-0.010,0.087
2022-07-16,-1.79,5.19,-0.018,0.089
2022-07-17,-1.21,5.26,0.021,0.113
2022-07-18,-1.42,5.30,0.026,0.146
2022-07-19,-1.43,7.33,0.042,0.218
2022-07-20,-2.17,8.11,0.042,0.230
2022-07-21,-2.73,6.76,0.014,0.193
2022-07-22,-2.96,5.13,-0.008,0.146
2022-07-23,-3.23,4.97,-0.056,0.070
2022-07-24,-2.26,5.90,-0.033,0.063
2022-07-25,-2.88,5.20,-0.046,0.052
2022-07-26,-2.37,4.66,-0.083,-0.000
2022-07-27,-2.20,4.94,-0.047,0.056
2022-07-28,-2.06,5.38,-0.021,0.097
2022-07-29,-2.46,5.53,-0.011,0.124
2022-07-30,-2.00,4.95,-0.002,0.125
2022-07-31,-3.51,3.39,-0.076,0.029
2022-08-01,-2.35,4.61,-0.078,0.025
2022-08-02,-2.18,6.72,0.008,0.149
2022-08-03,-2.65,8.14,0.028,0.189
2022-08-04,-2.81,7.72,0.025,0.187
2022-08-05,-2.49,5.34,0.006,0.143
2022-08-06,-3.18,4.07,-0.041,0.091
2022-08-07,-3.71,3.84,-0.078,0.019
2022-08-08,-3.18,2.97,-0.109,-0.039
2022-08-09,-2.47,3.05,-0.086,-0.008
2022-08-10,-1.95,3.52,-0.063,0.020
2022-08-11,-2.10,3.37,-0.067,-0.012
2022-08-12,-3.20,2.08,-0.056,-0.023
2022-08-13,-2.88,0.05,-0.074,-0.074
2022-08-14,-4.48,3.62,-0.076,0.010
2022-08-15,-4.43,5.28,-0.065,0.081
2022-08-16,-3.43,4.39,-0.056,0.099
2022-08-17,-1.96,4.03,0.009,0.148
2022-08-18,-0.68,4.27,0.045,0.180
2022-08-19,-1.76,4.59,0.034,0.183
2022-08-20,-3.55,5.07,-0.025,0.125
2022-08-21,-2.33,6.40,-0.001,0.173
2022-08-22,-0.93,6.60,0.031,0.186
2022-08-23,-0.78,4.43,0.044,0.175
2022-08-24,-0.87,3.49,0.028,0.135
2022-08-25,-1.45,2.41,0.003,0.058
2022-08-26,0.11,2.06,-0.012,0.031
2022-08-27,-0.41,3.86,0.021,0.110
2022-08-28,-2.90,3.71,-0.068,0.030
2022-08-29,-2.41,3.57,-0.080,0.027
2022-08-30,-2.98,3.68,-0.059,0.047
2022-08-31,-3.75,0.46,-0.105,-0.078
2022-09-01,-3.41,0.06,-0.113,-0.096
2022-09-02,-3.03,1.35,-0.104,-0.056
2022-09-03,-2.46,1.60,-0.074,0.002
2022-09-04,-2.33,-0.62,-0.072,-0.020
2022-09-05,-0.91,1.21,-0.028,0.007
2022-09-06,-2.45,0.75,-0.069,-0.023
2022-09-07,-1.52,1.23,-0.088,-0.069
2022-09-08,1.09,1.13,-0.075,-0.061
2022-09-09,-0.40,1.87,-0.054,-0.013
2022-09-10,-2.25,1.05,-0.086,-0.014
2022-09-11,-2.86,-0.05,-0.080,-0.012
2022-09-12,-2.09,-1.31,-0.059,-0.021
2022-09-13,-2.13,1.18,-0.081,-0.039
2022-09-14,-4.60,-0.24,-0.142,-0.117
2022-09-15,-3.92,-0.34,-0.152,-0.140
2022-09-16,-1.26,2.09,-0.068,0.024
2022-09-17,-2.97,3.42,-0.075,0.053
2022-09-18,-4.05,2.34,-0.114,-0.017
2022-09-19,-2.66,2.23,-0.083,0.005
2022-09-20,-3.01,2.19,-0.074,0.011
2022-09-21,-3.20,0.28,-0.067,0.001
2022-09-22,-2.64,-0.32,-0.091,-0.045
2022-09-23,-2.86,0.15,-0.049,0.009
2022-09-24,-2.54,2.20,-0.066,0.065
2022-09-25,-2.33,2.42,-0.019,0.093
2022-09-26,-2.18,-1.71,-0.054,-0.021
2022-09-27,-3.20,-3.31,-0.140,-0.131
2022-09-28,-3.72,-2.91,-0.194,-0.213
2022-09-29,-2.10,-2.33,-0.135,-0.151
2022-09-30,-2.86,-0.00,-0.085,-0.061
2022-10-01,-4.44,-0.23,-0.097,-0.002
2022-10-02,-3.63,-0.32,-0.065,-0.000
2022-10-03,-1.98,-1.49,-0.077,-0.031
2022-10-04,-2.20,-0.12,-0.067,-0.051
2022-10-05,-3.16,-0.17,-0.070,-0.038
2022-10-06,-3.75,-1.00,-0.110,-0.108
2022-10-07,-3.77,-0.87,-0.108,-0.083
2022-10-08,-2.19,-2.05,-0.094,-0.096
2022-10-09,-4.49,0.47,-0.152,-0.131
2022-10-10,-4.99,0.79,-0.143,-0.094
2022-10-11,-3.88,1.98,-0.142,-0.050
2022-10-12,-1.56,2.40,-0.064,0.041
2022-10-13,-1.22,3.02,0.003,0.126
2022-10-14,-4.02,0.57,-0.125,-0.034
2022-10-15,-3.05,4.20,-0.097,0.013
2022-10-16,-3.35,3.99,-0.073,0.055
2022-10-17,-3.51,-3.27,-0.104,-0.063
2022-10-18,-1.65,-7.16,-0.182,-0.304
2022-10-19,-1.19,-4.14,-0.125,-0.207
2022-10-20,1.72,2.86,0.039,0.067
2022-10-21,1.09,5.59,0.096,0.249
2022-10-22,-1.11,7.03,0.062,0.248
2022-10-23,-1.96,7.32,0.028,0.231
2022-10-24,-2.16,9.37,0.040,0.249
2022-10-25,3.58,-5.52,0.009,0.067
2022-10-26,-3.35,-2.09,-0.091,-0.054
2022-10-27,-3.44,2.15,-0.116,-0.053
2022-10-28,2.76,5.18,-0.027,0.032
2022-10-29,3.23,-3.23,0.019,-0.078
2022-10-30,-0.40,-2.07,0.044,0.063
2022-10-31,-3.85,1.03,-0.049,0.034
2022-11-01,-5.56,-3.34,-0.192,-0.170
2022-11-02,-3.73,-4.14,-0.175,-0.208
2022-11-03,-1.98,3.29,-0.039,0.026
2022-11-04,-3.09,7.65,-0.003,0.139
2022-11-05,-5.51,-2.00,-0.065,0.010
2022-11-06,-2.24,2.58,-0.076,-0.009
2022-11-07,-3.14,2.73,-0.070,0.067
2022-11-08,-4.71,0.08,-0.134,-0.080
2022-11-09,-3.94,1.92,-0.116,-0.043
2022-11-10,-2.72,2.92,-0.100,-0.008
2022-11-11,-1.95,4.18,-0.028,0.089
2022-11-12,0.69,-7.89,-0.109,-0.211
2022-11-13,-2.42,-5.19,-0.141,-0.203
2022-11-14,-3.87,5.33,-0.096,-0.013
2022-11-15,-0.11,-6.57,-0.099,-0.211
2022-11-16,-1.91,-5.54,-0.135,-0.204
2022-11-17,-2.52,-5.41,-0.186,-0.254
2022-11-18,-4.39,-4.39,-0.220,-0.198
2022-11-19,-4.59,-9.02,-0.299,-0.369
2022-11-20,-1.78,-7.13,-0.233,-0.328
2022-11-21,-1.44,-6.78,-0.198,-0.299
2022-11-22,-1.95,-5.65,-0.202,-0.288
2022-11-23,-3.15,-3.50,-0.174,-0.170
2022-11-24,-1.53,3.61,-0.119,-0.067
2022-11-25,-3.30,-4.38,-0.179,-0.218
2022-11-26,5.38,-4.51,-0.047,-0.139
2022-11-27,2.28,3.38,0.121,0.179
2022-11-28,-2.88,-0.88,-0.019,0.038
2022-11-29,-1.37,6.43,-0.016,0.096
2022-11-30,-1.51,-6.07,-0.034,-0.043
2022-12-01,-2.81,-5.75,-0.216,-0.277
2022-12-02,-1.56,2.69,-0.129,-0.119
2022-12-03,-1.62,-0.43,-0.093,-0.032
2022-12-04,-2.50,-2.68,-0.100,-0.082
2022-12-05,-1.78,4.63,-0.045,0.010
2022-12-06,-0.53,6.08,0.042,0.167
2022-12-07,-1.70,4.68,-0.002,0.136
2022-12-08,-2.12,4.35,-0.013,0.123
2022-12-09,-2.37,2.92,-0.054,0.053
2022-12-10,-2.40,3.99,-0.054,0.082
2022-12-11,-0.71,3.33,-0.007,0.057
2022-12-12,-3.27,1.53,-0.110,-0.015
2022-12-13,-1.91,8.25,-0.012,0.114
2022-12-14,7.28,0.13,0.012,0.046
2022-12-15,-2.34,-2.42,-0.080,-0.087
2022-12-16,-1.99,2.73,-0.107,-0.019
2022-12-17,-1.83,-6.37,-0.187,-0.264
2022-12-18,-4.14,-4.14,-0.209,-0.229
2022-12-19,-4.84,-3.03,-0.163,-0.159
2022-12-20,1.36,-5.89,-0.078,-0.211
2022-12-21,-1.21,-3.51,-0.098,-0.176
2022-12-22,0.91,-2.25,-0.058,-0.103
2022-12-23,0.33,-9.50,-0.156,-0.355
2022-12-24,-0.20,-5.84,-0.113,-0.240
2022-12-25,-0.32,-3.69,-0.098,-0.172
2022-12-26,-0.20,-1.46,-0.014,-0.018
2022-12-27,-1.70,-2.84,-0.052,-0.060
2022-12-28,-0.81,5.77,-0.016,0.089
2022-12-29,-0.41,7.82,0.025,0.184
2022-12-30,3.49,1.20,-0.042,0.021
2022-12-31,0.84,2.07,-0.063,-0.042
2023-01-01,-0.09,4.94,0.021,0.108
2023-01-02,-2.02,8.75,0.015,0.156
2023-01-03,-0.00,6.34,0.051,0.158
2023-01-04,0.57,-2.47,-0.034,0.019
2023-01-05,1.07,2.19,0.001,0.054
2023-01-06,-1.88,4.65,-0.043,0.083
2023-01-07,-1.39,5.57,0.013,0.143
2023-01-08,-2.68,-3.97,-0.043,0.004
2023-01-09,-2.18,-2.60,-0.110,-0.104
2023-01-10,-1.44,2.31,-0.084,-0.090
2023-01-11,0.34,6.49,0.059,0.180
2023-01-12,7.07,-0.74,0.069,0.118
2023-01-13,0.91,-4.66,-0.020,-0.072
2023-01-14,-2.90,-0.41,-0.044,-0.000
2023-01-15,-0.75,7.10,-0.001,0.119
2023-01-16,-0.50,7.19,0.048,0.238
2023-01-17,-0.45,3.19,0.053,0.164
2023-01-18,-1.11,5.71,0.007,0.134
2023-01-19,-1.78,-3.21,-0.141,-0.175
2023-01-20,-4.55,-3.69,-0.178,-0.218
2023-01-21,-3.86,-4.77,-0.201,-0.260
2023-01-22,0.56,-3.56,-0.062,-0.139
2023-01-23,-6.40,-1.72,-0.145,-0.090
2023-01-24,-5.46,6.75,-0.072,0.026
2023-01-25,3.10,-4.96,0.030,-0.051
2023-01-26,-2.35,-3.61,-0.045,-0.039
2023-01-27,-2.78,-1.30,-0.083,-0.033
2023-01-28,-0.82,5.21,-0.035,0.083
2023-01-29,-0.45,6.43,0.022,0.156
2023-01-30,-4.07,-3.79,-0.068,-0.014
2023-01-31,-0.10,-5.82,-0.112,-0.253
2023-02-01,0.78,-5.58,-0.094,-0.240
2023-02-02,2.47,-5.07,-0.047,-0.190
2023-02-03,0.93,-4.81,-0.063,-0.183
2023-02-04,-2.14,-2.14,-0.121,-0.159
2023-02-05,-1.30,2.09,-0.090,-0.095
2023-02-06,-1.98,5.44,-0.031,0.093
2023-02-07,-3.61,7.08,-0.011,0.140
2023-02-08,1.59,6.37,-0.018,0.022
2023-02-09,-1.95,-0.00,-0.055,-0.062
2023-02-10,0.18,-5.22,-0.085,-0.160
2023-02-11,1.75,-4.80,-0.032,-0.153
2023-02-12,-2.54,-0.36,0.004,0.041
2023-02-13,-1.78,3.21,0.041,0.142
2023-02-14,-0.78,7.40,0.052,0.232
2023-02-15,-1.37,5.95,0.045,0.210
2023-02-16,0.26,-7.32,-0.003,0.040
2023-02-17,1.14,-8.14,-0.085,-0.262
2023-02-18,-2.85,-3.28,-0.134,-0.153
2023-02-19,-2.42,1.34,-0.090,-0.069
2023-02-20,-1.37,5.10,-0.006,0.121
2023-02-21,-0.14,8.20,0.087,0.285
2023-02-22,-0.79,9.06,0.063,0.264
2023-02-23,-2.38,4.47,-0.021,0.144
2023-02-24,-4.22,1.45,-0.091,0.005
2023-02-25,-4.34,2.51,-0.117,-0.038
2023-02-26,-3.83,5.08,-0.105,0.005
2023-02-27,-0.44,6.25,0.052,0.159
2023-02-28,-1.55,4.03,0.024,0.145
2023-03-01,-2.38,6.19,0.000,0.160
2023-03-02,-3.30,5.72,-0.040,0.128
2023-03-03,5.48,-3.98,0.019,0.000
2023-03-04,-3.19,1.84,-0.003,0.115
2023-03-05,-3.15,1.47,-0.095,-0.037
2023-03-06,-3.09,2.50,-0.107,-0.083
2023-03-07,-2.99,4.44,-0.035,0.056
2023-03-08,-4.00,3.60,-0.047,0.096
2023-03-09,-2.88,5.20,-0.020,0.126
2023-03-10,-3.19,2.32,-0.040,0.033
2023-03-11,-1.71,5.98,-0.023,0.101
2023-03-12,0.30,5.74,0.079,0.200
2023-03-13,-4.04,-5.99,-0.157,-0.197
2023-03-14,-7.34,-2.11,-0.252,-0.226
2023-03-15,-7.17,0.50,-0.215,-0.163
2023-03-16,-3.65,8.61,-0.039,0.106
2023-03-17,-0.34,-9.68,-0.057,-0.045
2023-03-18,-2.00,-7.47,-0.173,-0.307
2023-03-19,-0.47,-4.51,-0.146,-0.249
2023-03-20,-3.04,1.55,-0.103,-0.050
2023-03-21,-3.24,7.63,-0.054,0.094
2023-03-22,-2.40,7.40,0.006,0.184
2023-03-23,-2.98,7.77,0.020,0.199
2023-03-24,-0.14,8.21,0.046,0.234
2023-03-25,-4.46,0.95,-0.032,0.079
2023-03-26,-2.74,3.15,-0.066,0.061
2023-03-27,-4.05,-0.35,-0.082,-0.054
2023-03-28,-3.30,-5.49,-0.156,-0.235
2023-03-29,-2.47,-5.55,-0.169,-0.246
2023-03-30,-5.09,4.12,-0.152,-0.063
2023-03-31,-2.15,7.03,-0.019,0.110
2023-04-01,-3.04,2.29,-0.021,0.090
2023-04-02,-2.88,4.79,-0.033,0.104
2023-04-03,-1.43,6.75,0.015,0.173
2023-04-04,-2.40,8.35,0.032,0.226
2023-04-05,-3.62,6.02,-0.040,0.079
2023-04-06,-1.51,-7.12,-0.177,-0.278
2023-04-07,-1.61,-6.98,-0.163,-0.282
2023-04-08,-0.25,-4.75,-0.109,-0.211
2023-04-09,-2.81,-2.72,-0.122,-0.149
2023-04-10,-4.58,-1.49,-0.157,-0.178
2023-04-11,-3.12,-3.12,-0.148,-0.200
2023-04-12,-2.59,-2.10,-0.143,-0.177
2023-04-13,-2.09,1.58,-0.122,-0.091
2023-04-14,-2.78,5.45,-0.044,0.087
2023-04-15,-1.94,4.15,-0.048,0.062
2023-04-16,-3.71,-4.75,-0.135,-0.170
2023-04-17,-4.97,-0.70,-0.131,-0.088
2023-04-18,-4.33,5.95,-0.098,0.060
2023-04-19,-4.41,5.64,-0.080,0.097
2023-04-20,-4.09,5.42,-0.072,0.074
2023-04-21,-3.21,1.78,-0.078,0.021
2023-04-22,-4.58,0.64,-0.128,-0.068
2023-04-23,-8.43,-1.79,-0.214,-0.191
2023-04-24,-2.24,-5.83,-0.172,-0.245
2023-04-25,-5.46,0.96,-0.165,-0.131
2023-04-26,-4.60,3.22,-0.127,-0.065
2023-04-27,-3.18,0.97,-0.115,-0.118
2023-04-28,-2.06,3.06,-0.052,0.003
2023-04-29,3.80,-6.85,-0.015,-0.112
2023-04-30,1.87,1.57,0.090,0.110
2023-05-01,-2.16,4.85,0.065,0.247
2023-05-02,-4.66,2.80,-0.053,0.106
2023-05-03,-4.52,-0.80,-0.124,-0.079
2023-05-04,-4.07,1.81,-0.096,-0.078
2023-05-05,-2.21,3.40,-0.083,-0.073
2023-05-06,-4.43,5.10,-0.113,0.005
2023-05-07,-4.44,3.99,-0.100,-0.011
2023-05-08,-4.27,5.09,-0.106,0.001
2023-05-09,-3.43,2.99,-0.082,-0.007
2023-05-10,-3.37,3.03,-0.074,-0.029
2023-05-11,-3.23,4.97,-0.067,-0.001
2023-05-12,-5.66,3.96,-0.122,-0.067
2023-05-13,-5.81,3.92,-0.131,-0.088
2023-05-14,-2.15,-1.93,-0.129,-0.203
2023-05-15,-3.16,1.68,-0.084,-0.084
2023-05-16,-2.67,-1.08,-0.038,-0.059
2023-05-17,-1.32,-1.11,0.002,0.017
2023-05-18,-1.23,2.31,0.057,0.135
2023-05-19,-2.07,3.59,0.033,0.188
2023-05-20,-1.65,2.36,0.034,0.111
2023-05-21,-0.13,-3.60,-0.084,-0.162
2023-05-22,-1.11,-2.89,-0.125,-0.250
2023-05-23,-2.58,1.31,-0.092,-0.101
2023-05-24,-3.48,1.55,-0.064,-0.032
2023-05-25,-3.04,0.37,-0.075,-0.115
2023-05-26,-4.08,0.14,-0.142,-0.234
2023-05-27,-4.01,1.96,-0.124,-0.118
2023-05-28,-2.76,2.49,-0.078,-0.050
2023-05-29,-3.33,0.83,-0.082,-0.074
2023-05-30,-2.98,-0.37,-0.084,-0.113
2023-05-31,-3.45,1.19,-0.101,-0.088
2023-06-01,-4.65,4.04,-0.085,0.047
2023-06-02,-3.88,3.25,-0.056,0.072
2023-06-03,-2.65,3.93,-0.041,0.087
2023-06-04,-2.38,2.07,-0.016,0.059
2023-06-05,-2.18,1.96,0.040,0.078
2023-06-06,-2.08,-1.30,0.009,0.017
2023-06-07,-1.90,1.43,-0.043,-0.000
2023-06-08,-1.09,3.35,0.045,0.116
2023-06-09,-1.51,3.93,0.070,0.174
2023-06-10,-1.53,5.34,0.080,0.247
2023-06-11,-1.83,6.39,0.063,0.317
2023-06-12,-2.29,6.29,0.048,0.307
2023-06-13,-3.44,6.47,0.022,0.248
2023-06-14,-3.20,7.18,0.028,0.280
2023-06-15,-1.99,6.95,0.072,0.310
2023-06-16,-2.42,6.30,0.074,0.328
2023-06-17,-1.30,5.64,0.102,0.298
2023-06-18,-2.06,6.35,0.096,0.325
2023-06-19,-2.06,7.19,0.073,0.393
2023-06-20,-1.90,7.10,0.073,0.351
2023-06-21,-1.40,6.60,0.077,0.310
2023-06-22,-3.33,4.11,0.019,0.113
2023-06-23,-3.03,4.85,0.030,0.141
2023-06-24,-2.49,5.58,0.030,0.153
2023-06-25,-2.01,6.20,0.055,0.220
2023-06-26,-1.48,6.40,0.092,0.276
2023-06-27,-1.25,7.06,0.088,0.326
2023-06-28,-2.07,6.36,0.083,0.269
2023-06-29,-2.88,4.99,0.055,0.199
2023-06-30,-3.75,4.80,0.004,0.153
2023-07-01,-3.53,4.52,-0.020,0.111
2023-07-02,-2.03,3.98,-0.047,-0.005
2023-07-03,-2.08,4.26,-0.050,-0.000
2023-07-04,-2.03,5.03,-0.035,0.079
2023-07-05,-3.18,5.09,-0.034,0.129
2023-07-06,-3.68,4.89,-0.045,0.106
2023-07-07,-4.13,1.50,-0.117,-0.038
2023-07-08,-2.88,3.43,-0.092,-0.029
2023-07-09,-1.19,5.61,0.009,0.118
2023-07-10,-1.88,5.46,0.039,0.206
2023-07-11,-1.55,6.23,0.058,0.257
2023-07-12,-2.15,7.04,0.045,0.281
2023-07-13,-2.01,7.49,0.049,0.290
2023-07-14,-2.14,7.45,0.046,0.296
2023-07-15,-2.57,6.68,0.032,0.233
2023-07-16,-2.15,5.31,0.047,0.182
2023-07-17,-1.89,5.49,0.054,0.170
2023-07-18,-1.94,5.64,0.050,0.163
2023-07-19,-2.36,6.49,0.032,0.205
2023-07-20,-2.69,5.52,0.016,0.143
2023-07-21,-2.32,4.37,-0.033,0.023
2023-07-22,-1.57,3.71,-0.050,-0.000
2023-07-23,-0.82,4.20,0.033,0.113
2023-07-24,-2.46,3.27,0.037,0.155
2023-07-25,-2.16,3.74,0.044,0.174
2023-07-26,-2.22,5.22,0.050,0.213
2023-07-27,-2.36,4.84,0.033,0.171
2023-07-28,-2.58,3.69,-0.019,0.091
2023-07-29,-1.70,3.48,-0.011,0.048
2023-07-30,-2.54,2.82,-0.041,0.012
2023-07-31,-1.76,3.30,-0.028,0.046
2023-08-01,-2.27,3.63,0.015,0.117
2023-08-02,-2.56,3.16,0.004,0.103
2023-08-03,-2.99,4.11,-0.028,0.083
2023-08-04,-1.94,5.96,0.031,0.178
2023-08-05,-1.82,5.95,0.057,0.239
2023-08-06,-2.31,6.01,0.041,0.233
2023-08-07,-2.13,6.54,0.058,0.250
2023-08-08,-1.98,6.47,0.045,0.241
2023-08-09,-2.46,7.56,0.048,0.267
2023-08-10,-2.31,7.55,0.044,0.265
2023-08-11,-2.19,6.75,0.037,0.213
2023-08-12,-2.50,6.18,0.026,0.196
2023-08-13,-2.82,5.79,0.027,0.191
2023-08-14,-2.67,4.62,0.034,0.158
2023-08-15,-1.68,3.45,0.035,0.106
2023-08-16,-0.60,3.38,0.065,0.144
2023-08-17,-0.91,4.26,0.029,0.104
2023-08-18,-1.36,5.44,0.039,0.146
2023-08-19,-2.41,4.01,0.002,0.083
2023-08-20,-2.52,2.71,-0.015,0.049
2023-08-21,-4.11,1.10,-0.033,-0.015
2023-08-22,-8.61,-2.47,-0.288,-0.265
2023-08-23,-4.63,2.06,-0.109,-0.014
2023-08-24,-2.51,0.40,-0.030,0.012
2023-08-25,-2.11,1.71,0.005,0.031
2023-08-26,-2.83,0.35,-0.078,-0.070
2023-08-27,1.29,2.34,0.005,-0.023
2023-08-28,0.73,2.39,0.043,0.069
2023-08-29,-2.50,-0.86,-0.079,-0.058
2023-08-30,-2.88,-1.60,-0.060,-0.095
2023-08-31,-1.43,2.11,-0.048,-0.057
2023-09-01,-3.23,1.64,-0.086,-0.089
2023-09-02,-2.27,1.90,-0.061,-0.065
2023-09-03,-1.45,3.26,0.019,0.104
2023-09-04,-1.58,5.88,0.036,0.190
2023-09-05,-2.33,6.78,0.025,0.189
2023-09-06,-3.09,3.68,-0.030,0.092
2023-09-07,-1.60,3.28,-0.011,0.053
2023-09-08,-0.46,3.73,0.023,0.090
2023-09-09,-1.83,3.43,0.002,0.093
2023-09-10,-2.58,2.01,-0.027,0.057
2023-09-11,-3.44,1.99,-0.093,-0.018
2023-09-12,-2.70,3.33,-0.049,0.044
2023-09-13,-1.15,3.76,0.008,0.102
2023-09-14,-2.27,4.09,0.015,0.145
2023-09-15,-3.24,3.86,-0.016,0.106
2023-09-16,-3.40,1.04,-0.044,0.023
2023-09-17,-2.16,-2.48,-0.065,-0.059
2023-09-18,-2.66,1.02,-0.066,-0.047
2023-09-19,-2.87,2.32,-0.076,-0.015
2023-09-20,-2.85,2.75,-0.113,-0.043
2023-09-21,-2.75,2.39,-0.077,-0.020
2023-09-22,-2.51,4.02,-0.047,0.055
2023-09-23,-1.97,5.14,-0.034,0.066
2023-09-24,-1.93,5.94,0.005,0.126
2023-09-25,-1.12,5.28,0.025,0.159
2023-09-26,-2.97,1.58,-0.035,-0.011
2023-09-27,-2.41,1.50,-0.074,-0.057
2023-09-28,-3.26,0.23,-0.100,-0.110
2023-09-29,-4.04,-0.71,-0.159,-0.169
2023-09-30,-5.15,-0.45,-0.185,-0.158
2023-10-01,-5.15,-0.63,-0.194,-0.159
2023-10-02,-5.60,-0.59,-0.187,-0.162
2023-10-03,-4.37,-0.77,-0.191,-0.162
2023-10-04,-3.32,3.82,-0.121,-0.038
2023-10-05,-3.87,4.30,-0.086,-0.024
2023-10-06,-1.07,-5.06,-0.127,-0.222
2023-10-07,-1.27,-5.09,-0.166,-0.254
2023-10-08,-1.26,-3.87,-0.146,-0.223
2023-10-09,-0.12,-1.65,-0.077,-0.053
2023-10-10,-2.60,-0.41,-0.015,0.129
2023-10-11,-1.85,-4.17,-0.151,-0.147
2023-10-12,-3.78,0.67,-0.148,-0.059
2023-10-13,-2.14,2.14,-0.060,0.120
2023-10-14,-2.30,-4.52,-0.146,-0.120
2023-10-15,-0.09,-4.92,-0.087,-0.200
2023-10-16,-1.01,-5.20,-0.120,-0.218
2023-10-17,-1.61,-1.92,-0.095,-0.116
2023-10-18,-0.72,2.50,-0.002,0.083
2023-10-19,-0.00,3.57,0.068,0.208
2023-10-20,1.74,2.22,0.089,0.174
2023-10-21,0.06,3.21,0.088,0.220
2023-10-22,-2.40,3.69,0.025,0.186
2023-10-23,-3.57,5.71,-0.032,0.149
2023-10-24,-4.84,6.91,-0.064,0.109
2023-10-25,-5.06,5.83,-0.101,0.044
2023-10-26,-2.99,5.62,-0.088,0.039
2023-10-27,-3.51,4.66,-0.086,0.053
2023-10-28,-3.87,4.15,-0.103,0.034
2023-10-29,-3.10,4.77,-0.050,0.080
2023-10-30,0.74,-8.50,-0.122,-0.235
2023-10-31,1.64,-7.09,-0.105,-0.283
2023-11-01,-0.56,-4.55,-0.131,-0.254
2023-11-02,-2.71,-3.12,-0.113,-0.113
2023-11-03,-3.05,0.54,-0.096,-0.042
2023-11-04,-2.16,0.62,-0.080,-0.006
2023-11-05,-2.59,1.10,-0.125,-0.039
2023-11-06,-1.47,4.03,-0.066,0.079
2023-11-07,-0.54,5.14,0.019,0.145
2023-11-08,-1.43,5.75,0.014,0.190
2023-11-09,-1.86,4.39,-0.015,0.145
2023-11-10,-0.36,-5.08,-0.082,-0.115
2023-11-11,-0.25,-4.81,-0.109,-0.229
2023-11-12,-1.19,-4.15,-0.129,-0.208
2023-11-13,-1.20,-6.79,-0.204,-0.322
2023-11-14,-0.09,-5.34,-0.146,-0.257
2023-11-15,0.19,-2.78,-0.074,-0.124
2023-11-16,-0.93,-2.18,-0.088,-0.121
2023-11-17,-1.39,1.25,-0.072,-0.092
2023-11-18,-1.46,-2.08,-0.088,-0.065
2023-11-19,-2.36,1.37,-0.038,0.060
2023-11-20,0.71,5.06,0.038,0.166
2023-11-21,1.68,-6.29,-0.021,-0.112
2023-11-22,1.56,-4.06,-0.023,-0.128
2023-11-23,1.92,0.78,-0.045,-0.059
2023-11-24,-2.49,-3.70,-0.118,-0.166
2023-11-25,-5.48,-2.92,-0.199,-0.181
2023-11-26,-2.39,-5.37,-0.150,-0.188
2023-11-27,-1.33,-5.76,-0.132,-0.251
2023-11-28,-1.16,-3.80,-0.129,-0.203
2023-11-29,-4.26,-2.08,-0.123,-0.087
2023-11-30,-2.57,5.52,-0.083,0.081
2023-12-01,-0.06,-3.45,-0.051,0.023
2023-12-02,1.04,-3.41,-0.079,-0.131
2023-12-03,1.45,-1.61,-0.032,-0.048
2023-12-04,1.77,-1.90,-0.017,-0.008
2023-12-05,-2.27,-2.11,-0.070,-0.082
2023-12-06,-2.60,-2.51,-0.114,-0.127
2023-12-07,-2.91,2.53,-0.090,-0.006
2023-12-08,-0.00,6.18,0.028,0.166
2023-12-09,-0.00,5.32,0.071,0.200
2023-12-10,1.52,-7.13,-0.058,-0.162
2023-12-11,-1.53,-0.99,0.004,0.029
2023-12-12,-3.26,1.73,-0.087,-0.006
2023-12-13,-6.58,-0.58,-0.183,-0.104
2023-12-14,-6.61,-3.67,-0.232,-0.210
2023-12-15,-4.34,-2.40,-0.186,-0.169
2023-12-16,1.07,-5.50,-0.103,-0.214
2023-12-17,0.54,-2.03,-0.061,-0.110
2023-12-18,2.49,-0.13,-0.029,-0.052
2023-12-19,-3.32,-1.01,-0.081,-0.061
2023-12-20,-2.63,2.28,-0.110,-0.029
2023-12-21,-3.93,2.46,-0.112,0.006
2023-12-22,-2.58,0.45,-0.114,-0.026
2023-12-23,-3.29,2.31,-0.121,-0.034
2023-12-24,1.17,4.68,-0.114,-0.045
2023-12-25,0.70,-4.43,-0.103,-0.164
2023-12-26,-1.67,-3.42,-0.102,-0.123
2023-12-27,-0.18,-2.59,-0.080,-0.142
2023-12-28,-1.76,-2.82,-0.100,-0.152
2023-12-29,-0.49,-3.10,-0.029,-0.051
2023-12-30,2.58,0.00,0.097,0.103
2023-12-31,0.28,4.04,0.066,0.163
2024-01-01,0.77,4.87,0.025,0.096
2024-01-02,-4.10,-4.10,-0.180,-0.166
2024-01-03,1.54,-5.35,-0.099,-0.202
2024-01-04,-2.95,-3.28,-0.122,-0.136
2024-01-05,3.67,-3.19,-0.100,-0.134
2024-01-06,1.55,-1.85,-0.029,-0.045
2024-01-07,-4.19,0.66,-0.042,0.035
2024-01-08,-2.98,10.39,-0.019,0.150
2024-01-09,4.67,-4.51,0.073,0.004
2024-01-10,0.49,4.02,0.095,0.196
2024-01-11,0.10,5.81,0.035,0.182
2024-01-12,8.95,-2.23,0.065,0.057
2024-01-13,-3.22,2.25,-0.040,0.062
2024-01-14,-4.45,-0.31,-0.054,0.009
2024-01-15,0.00,-6.92,-0.114,-0.253
2024-01-16,0.53,-7.61,-0.115,-0.289
2024-01-17,-0.37,-3.04,-0.078,-0.127
2024-01-18,2.17,0.62,-0.041,-0.065
2024-01-19,-1.56,-5.11,-0.056,-0.095
2024-01-20,-2.06,-5.99,-0.174,-0.269
2024-01-21,-5.60,-1.29,-0.191,-0.150
2024-01-22,-0.32,4.58,-0.137,-0.060
2024-01-23,-2.02,6.62,-0.027,0.118
2024-01-24,-5.67,-0.40,-0.080,0.015
2024-01-25,-2.31,-3.99,-0.158,-0.196
2024-01-26,-2.67,-1.13,-0.106,-0.045
2024-01-27,2.28,-4.68,-0.067,-0.162
2024-01-28,0.53,-3.02,0.045,0.014
2024-01-29,-2.09,-0.72,-0.000,0.029
2024-01-30,-1.06,1.41,-0.022,-0.007
2024-01-31,-2.02,0.74,0.013,0.038
2024-02-01,-1.90,2.92,0.040,0.156
2024-02-02,-2.90,5.23,0.000,0.164
2024-02-03,-1.17,6.02,-0.054,0.058
2024-02-04,5.95,-1.48,0.025,-0.038
2024-02-05,2.84,-6.08,0.095,0.008
2024-02-06,-0.19,-2.67,-0.017,-0.036
2024-02-07,-2.80,3.86,-0.090,-0.039
2024-02-08,-2.56,4.43,-0.022,0.104
2024-02-09,-1.74,5.36,0.009,0.189
2024-02-10,-1.51,5.64,-0.007,0.154
2024-02-11,2.36,5.29,0.000,0.067
2024-02-12,2.97,-6.09,-0.010,-0.142
2024-02-13,-2.59,0.46,0.050,0.106
2024-02-14,-4.10,1.66,-0.087,0.022
2024-02-15,-2.58,2.58,-0.114,-0.027
2024-02-16,-1.95,1.53,-0.037,-0.005
2024-02-17,-0.66,-6.32,-0.104,-0.180
2024-02-18,0.45,-5.18,-0.123,-0.249
2024-02-19,-0.32,2.61,-0.029,-0.042
2024-02-20,-0.14,3.87,0.013,0.097
2024-02-21,-1.43,6.18,0.035,0.188
2024-02-22,-1.02,6.47,0.056,0.217
2024-02-23,-1.09,-3.36,-0.005,0.035
2024-02-24,-3.22,-0.06,-0.041,0.046
2024-02-25,-0.67,5.43,0.031,0.154
2024-02-26,-0.36,6.78,0.059,0.217
2024-02-27,-0.92,8.79,0.082,0.269
2024-02-28,-4.40,5.25,0.021,0.140
2024-02-29,-1.51,-6.07,-0.168,-0.281
2024-03-01,-0.21,-3.91,-0.127,-0.231
2024-03-02,-2.03,0.86,-0.068,-0.086
2024-03-03,-3.46,3.00,-0.101,-0.046
2024-03-04,-2.83,2.93,-0.108,-0.013
2024-03-05,1.99,2.21,-0.052,-0.066
2024-03-06,-2.07,3.88,-0.064,-0.032
2024-03-07,-4.38,4.38,-0.114,-0.022
2024-03-08,-0.30,5.71,-0.056,-0.035
2024-03-09,0.49,-7.02,-0.097,-0.253
2024-03-10,-2.01,-3.79,-0.136,-0.186
2024-03-11,-3.26,-0.11,-0.095,-0.109
2024-03-12,-3.03,3.03,-0.088,-0.030
2024-03-13,-1.91,5.56,-0.003,0.137
2024-03-14,-4.20,6.99,-0.024,0.121
2024-03-15,-3.34,4.27,-0.107,-0.016
2024-03-16,-4.77,2.43,-0.157,-0.105
2024-03-17,-4.20,-2.05,-0.169,-0.147
2024-03-18,-4.07,-6.27,-0.192,-0.262
2024-03-19,-3.05,-4.05,-0.188,-0.233
2024-03-20,-3.02,-1.28,-0.103,-0.101
2024-03-21,-3.33,3.33,-0.080,0.018
2024-03-22,3.49,-1.07,-0.060,-0.097
2024-03-23,-2.82,-3.03,-0.140,-0.149
2024-03-24,-4.79,5.91,-0.067,0.105
2024-03-25,-1.11,7.93,-0.028,0.092
2024-03-26,-1.13,-3.94,-0.121,-0.142
2024-03-27,-3.02,-4.00,-0.152,-0.171
2024-03-28,-2.13,2.63,-0.118,-0.056
2024-03-29,-3.70,6.68,-0.050,0.088
2024-03-30,-3.11,5.85,-0.021,0.156
2024-03-31,-2.79,5.99,-0.002,0.173
2024-04-01,-2.49,8.15,0.026,0.210
2024-04-02,1.73,-6.47,-0.024,-0.016
2024-04-03,1.65,-5.09,-0.061,-0.195
2024-04-04,1.48,2.78,0.074,0.109
2024-04-05,-0.30,5.66,0.079,0.218
2024-04-06,-3.70,6.96,0.022,0.248
2024-04-07,-2.37,4.86,0.011,0.174
2024-04-08,-3.36,3.73,-0.064,0.014
2024-04-09,-3.16,7.10,-0.088,0.039
2024-04-10,7.26,-3.39,0.005,-0.068
2024-04-11,2.08,-4.47,0.069,-0.001
2024-04-12,-2.40,2.66,0.035,0.152
2024-04-13,-3.30,4.90,-0.105,-0.021
2024-04-14,-3.06,6.28,-0.052,0.058
2024-04-15,-3.37,6.90,-0.013,0.133
2024-04-16,-4.62,5.92,-0.066,0.108
2024-04-17,-4.02,3.14,-0.127,-0.083
2024-04-18,-4.80,4.80,-0.111,-0.047
2024-04-19,-3.34,3.22,-0.074,0.010
2024-04-20,-4.75,4.13,-0.106,-0.028
2024-04-21,-3.53,-5.88,-0.170,-0.236
2024-04-22,-3.78,-4.35,-0.158,-0.205
2024-04-23,-3.10,3.69,-0.093,-0.018
2024-04-24,-3.57,4.41,-0.043,0.079
2024-04-25,-4.69,5.79,-0.084,0.042
2024-04-26,-3.89,8.73,-0.032,0.146
2024-04-27,-4.71,7.83,-0.078,0.099
2024-04-28,-5.00,6.63,-0.105,0.059
2024-04-29,-3.73,3.48,-0.119,-0.013
2024-04-30,-5.52,2.23,-0.137,-0.090
2024-05-01,-5.45,4.74,-0.123,-0.012
2024-05-02,-4.65,5.96,-0.094,0.049
2024-05-03,-5.74,4.02,-0.132,-0.002
2024-05-04,-6.44,4.02,-0.150,-0.027
2024-05-05,-6.13,4.62,-0.108,0.028
2024-05-06,-4.18,6.20,-0.076,0.075
2024-05-07,-3.21,5.34,-0.042,0.101
2024-05-08,-2.53,5.69,-0.022,0.114
2024-05-09,-2.88,3.55,-0.056,0.062
2024-05-10,-5.06,-1.94,-0.152,-0.108
2024-05-11,-6.42,-1.72,-0.189,-0.164
2024-05-12,-3.76,4.32,-0.118,-0.014
2024-05-13,-1.81,3.70,-0.079,0.002
2024-05-14,-2.85,-1.09,-0.041,-0.016
2024-05-15,-2.32,3.86,0.033,0.179
2024-05-16,-5.00,5.55,-0.083,0.085
2024-05-17,-2.04,-4.18,-0.135,-0.161
2024-05-18,-3.41,-1.31,-0.119,-0.137
2024-05-19,-4.12,1.11,-0.121,-0.115
2024-05-20,-4.52,3.05,-0.124,-0.124
2024-05-21,-5.04,5.40,-0.126,-0.083
2024-05-22,-3.87,5.96,-0.099,0.024
2024-05-23,-4.47,7.16,-0.073,0.093
2024-05-24,-3.66,7.19,-0.021,0.153
2024-05-25,-3.66,6.34,-0.032,0.169
2024-05-26,-3.71,6.98,-0.043,0.153
2024-05-27,-2.88,4.27,-0.040,0.102
2024-05-28,-4.17,3.03,-0.061,0.094
2024-05-29,-5.32,2.60,-0.138,-0.079
2024-05-30,-3.82,5.26,-0.053,0.085
2024-05-31,-7.44,4.30,-0.114,0.053
2024-06-01,-3.59,2.70,-0.057,0.057
2024-06-02,-3.20,6.01,-0.019,0.172
2024-06-03,-4.14,7.46,-0.026,0.149
2024-06-04,-3.66,8.23,-0.017,0.169
2024-06-05,-3.28,7.04,,
2024-06-06,-3.69,1.27,,
2024-06-07,-3.75,1.75,,
2024-06-08,-3.84,2.69,,
2024-06-09,-2.85,4.74,-0.014,0.117
2024-06-10,-2.43,3.11,-0.029,0.095
2024-06-11,-2.55,1.72,-0.062,0.017
2024-06-12,-3.22,2.61,-0.037,0.077
2024-06-13,-2.54,2.21,-0.074,0.019
2024-06-14,-3.40,1.66,-0.122,-0.084
2024-06-15,-4.26,2.66,-0.117,-0.096
2024-06-16,-4.19,3.77,-0.124,-0.040
2024-06-17,-5.59,4.37,-0.137,-0.021
2024-06-18,-8.04,1.42,-0.177,-0.136
2024-06-19,-8.29,-4.79,-0.298,-0.272
2024-06-20,-9.57,-1.69,-0.282,-0.198
2024-06-21,-6.81,-0.36,-0.189,-0.111
2024-06-22,-5.73,-0.91,-0.187,-0.125
2024-06-23,-4.84,-0.85,-0.152,-0.097
2024-06-24,-2.35,1.36,-0.044,0.071
2024-06-25,-2.13,3.68,0.009,0.154
2024-06-26,-1.41,5.67,0.033,0.190
2024-06-27,-1.72,3.69,0.036,0.206
2024-06-28,-1.17,5.52,0.074,0.261
2024-06-29,-3.29,6.45,0.024,0.261
2024-06-30,-5.38,2.86,-0.109,0.023
2024-07-01,-3.67,1.79,-0.112,-0.057
2024-07-02,-0.69,3.89,0.043,0.108
2024-07-03,-1.45,5.42,0.052,0.252
2024-07-04,-1.45,6.27,0.067,0.287
2024-07-05,-1.61,5.26,0.059,0.274
2024-07-06,-2.19,2.70,0.028,0.075
2024-07-07,-3.95,-4.39,-0.190,-0.247
2024-07-08,5.43,-3.66,0.042,-0.021
2024-07-09,-0.63,3.57,0.014,0.242
2024-07-10,-3.04,1.55,0.013,0.105
2024-07-11,-1.96,0.42,-0.048,-0.029
2024-07-12,-2.28,1.54,-0.038,0.005
2024-07-13,-2.51,1.82,-0.046,0.002
2024-07-14,-1.76,4.15,-0.009,0.090
2024-07-15,-0.40,4.61,0.042,0.160
2024-07-16,-1.25,4.67,0.030,0.178
2024-07-17,-1.29,4.21,0.004,0.116
2024-07-18,-0.47,3.34,-0.011,0.029
2024-07-19,-0.95,3.54,-0.041,-0.021
2024-07-20,-1.84,2.44,-0.046,-0.005
2024-07-21,-1.62,3.48,0.002,0.087
2024-07-22,-1.55,4.25,0.026,0.161
2024-07-23,-2.65,2.15,-0.071,0.030
2024-07-24,-3.15,0.22,-0.100,-0.074
2024-07-25,-0.70,3.29,-0.018,0.013
2024-07-26,-0.83,2.88,-0.008,0.056
2024-07-27,-2.64,3.04,-0.069,-0.031
2024-07-28,-1.94,3.98,-0.068,0.030
2024-07-29,-2.43,5.73,-0.006,0.131
2024-07-30,-2.04,6.68,0.013,0.164
2024-07-31,-2.02,7.06,0.024,0.215
2024-08-01,-2.40,4.70,-0.013,0.142
2024-08-02,-2.20,2.28,-0.084,0.002
2024-08-03,-0.10,2.93,-0.016,0.002
2024-08-04,-0.46,2.59,-0.002,0.016
2024-08-05,-1.40,1.73,-0.056,-0.044
2024-08-06,-0.23,2.60,-0.085,-0.090
2024-08-07,0.33,3.79,0.017,0.067
2024-08-08,-1.18,3.85,0.062,0.156
2024-08-09,-2.20,2.27,0.048,0.184
2024-08-10,-2.88,0.72,0.039,0.101
2024-08-11,-3.52,0.49,-0.062,-0.020
2024-08-12,-2.95,3.52,-0.086,-0.023
2024-08-13,-1.76,4.85,-0.010,0.085
2024-08-14,-1.96,4.40,-0.023,0.107
2024-08-15,-1.93,4.33,0.004,0.123
2024-08-16,-1.64,4.29,-0.008,0.116
2024-08-17,-2.07,3.31,-0.034,0.073
2024-08-18,-2.90,2.10,-0.098,-0.046
2024-08-19,-2.46,2.30,-0.084,-0.038
2024-08-20,-0.50,3.13,0.020,0.067
2024-08-21,0.29,4.11,0.051,0.129
2024-08-22,-0.99,4.66,0.024,0.137
2024-08-23,-1.97,3.86,-0.014,0.092
2024-08-24,-3.71,2.41,-0.103,-0.028
2024-08-25,-4.02,0.28,-0.133,-0.153
2024-08-26,-3.62,-0.77,-0.142,-0.142
2024-08-27,-3.02,0.64,-0.100,-0.056
2024-08-28,-3.93,0.48,-0.115,-0.072
2024-08-29,-3.12,-0.11,-0.115,-0.056
2024-08-30,-3.20,-0.92,-0.086,-0.064
2024-08-31,-2.23,-1.81,-0.075,-0.071
2024-09-01,-1.98,-1.72,-0.070,-0.085
2024-09-02,-3.08,-2.78,-0.140,-0.185
2024-09-03,-3.52,-0.62,-0.125,-0.127
2024-09-04,-3.32,-1.55,-0.133,-0.129
2024-09-05,-1.03,-4.84,-0.126,-0.237
2024-09-06,0.00,-6.20,-0.107,-0.256
2024-09-07,-1.11,-7.01,-0.164,-0.307
2024-09-08,-1.75,-6.53,-0.202,-0.322
2024-09-09,-2.51,-5.65,-0.202,-0.289
2024-09-10,-3.07,-6.29,-0.221,-0.296
2024-09-11,-0.52,-4.99,-0.156,-0.239
2024-09-12,-0.65,1.90,-0.025,0.074
2024-09-13,-1.06,3.96,0.059,0.235
2024-09-14,-1.88,3.86,-0.013,0.117
2024-09-15,-1.75,2.40,-0.018,0.090
2024-09-16,-1.87,1.52,-0.002,0.094
2024-09-17,-2.23,1.68,0.013,0.114
2024-09-18,-2.27,3.64,-0.011,0.124
2024-09-19,-2.49,2.97,-0.013,0.113
2024-09-20,-2.62,2.81,-0.019,0.095
2024-09-21,-3.71,2.90,-0.065,0.048
2024-09-22,-3.50,3.50,-0.097,-0.000
2024-09-23,-2.70,1.62,-0.095,-0.060
2024-09-24,-2.62,1.70,-0.092,-0.042
2024-09-25,-1.75,1.42,-0.072,-0.015
2024-09-26,-1.01,-4.37,-0.079,-0.127
2024-09-27,-0.28,-2.63,-0.080,-0.120
2024-09-28,0.44,2.78,-0.023,0.009
2024-09-29,-2.50,1.68,-0.037,-0.002
2024-09-30,-2.07,1.80,-0.004,0.063
2024-10-01,-3.62,0.19,-0.014,0.068
2024-10-02,-2.93,-1.90,-0.087,-0.074
2024-10-03,-4.05,-1.39,-0.175,-0.169
2024-10-04,-4.76,-4.29,-0.205,-0.236
2024-10-05,-4.56,-2.85,-0.174,-0.180
2024-10-06,-3.99,-3.59,-0.204,-0.230
2024-10-07,-3.03,-3.25,-0.155,-0.182
2024-10-08,-2.54,-2.37,-0.111,-0.117
2024-10-09,-2.33,-1.76,-0.100,-0.097
2024-10-10,-0.84,2.30,-0.040,-0.029
2024-10-11,-3.19,0.98,-0.101,-0.040
2024-10-12,-1.33,1.96,-0.033,0.023
2024-10-13,0.07,4.00,0.063,0.158
2024-10-14,1.02,3.57,0.085,0.178
2024-10-15,1.16,3.38,0.083,0.172
2024-10-16,-5.82,-1.89,-0.112,-0.042
2024-10-17,-6.14,-2.86,-0.231,-0.193
2024-10-18,-5.38,1.96,-0.152,-0.032
2024-10-19,-6.60,0.12,-0.185,-0.109
2024-10-20,-5.87,-2.37,-0.203,-0.150
2024-10-21,-4.39,-1.18,-0.154,-0.097
2024-10-22,-2.93,1.98,-0.082,0.007
2024-10-23,-2.51,1.33,-0.027,0.040
2024-10-24,-2.34,2.42,-0.024,0.063
2024-10-25,-1.63,3.50,-0.017,0.098
2024-10-26,-1.98,1.23,-0.060,0.013
2024-10-27,-2.55,0.88,-0.078,-0.064
2024-10-28,-2.93,3.14,-0.072,-0.014
2024-10-29,-3.74,6.22,-0.051,0.096
2024-10-30,-3.17,6.50,-0.041,0.098
2024-10-31,-3.06,3.78,-0.061,0.047
2024-11-01,-3.99,0.85,-0.112,-0.043
2024-11-02,-4.44,2.78,-0.122,-0.015
2024-11-03,-3.47,7.45,-0.040,0.107
2024-11-04,-3.21,9.32,0.010,0.223
2024-11-05,-3.21,6.59,-0.005,0.068
2024-11-06,-1.54,-2.90,-0.107,-0.142
2024-11-07,-4.01,2.71,-0.115,-0.027
2024-11-08,-3.60,2.25,-0.135,-0.058
2024-11-09,-0.70,-4.41,-0.138,-0.193
2024-11-10,-0.68,-3.18,-0.155,-0.167
2024-11-11,-2.42,-0.78,-0.087,-0.088
2024-11-12,-2.82,0.70,-0.027,0.045
2024-11-13,-1.88,1.88,-0.073,-0.031
2024-11-14,-1.85,-3.78,-0.062,-0.094
2024-11-15,-2.50,-1.69,-0.076,-0.039
2024-11-16,-2.33,3.58,-0.077,0.009
2024-11-17,-1.88,5.16,-0.037,0.068
2024-11-18,-2.49,8.70,0.005,0.164
2024-11-19,1.44,-2.70,-0.034,-0.015
2024-11-20,-0.26,-5.02,-0.070,-0.093
2024-11-21,-1.23,-3.05,-0.094,-0.132
2024-11-22,-0.70,-1.16,-0.016,-0.016
2024-11-23,-1.07,1.92,0.033,0.145
2024-11-24,-0.42,5.97,0.090,0.243
2024-11-25,0.21,5.89,0.100,0.262
2024-11-26,-1.98,-3.89,-0.061,-0.049
2024-11-27,0.51,3.59,0.040,0.133
2024-11-28,-1.01,-6.40,0.021,0.060
2024-11-29,-1.04,-6.58,-0.141,-0.264
2024-11-30,-1.02,-4.79,-0.170,-0.211
2024-12-01,-3.23,-4.61,-0.156,-0.172
2024-12-02,-5.06,-4.88,-0.209,-0.199
2024-12-03,-4.23,-5.82,-0.232,-0.206
2024-12-04,-3.10,4.78,-0.099,0.008
2024-12-05,-0.31,-2.99,0.035,0.026
2024-12-06,-4.17,-5.74,-0.234,-0.267
2024-12-07,-2.63,-5.90,-0.235,-0.275
2024-12-08,2.74,-1.05,-0.049,-0.065
2024-12-09,1.83,2.61,0.079,0.133
2024-12-10,1.39,-4.27,0.048,0.061
2024-12-11,1.78,-4.90,-0.038,-0.145
2024-12-12,-1.30,2.24,-0.002,0.099
2024-12-13,-3.00,4.28,-0.059,0.059
2024-12-14,-1.08,4.70,-0.047,0.029
2024-12-15,-1.66,4.10,0.002,0.074
2024-12-16,-2.42,4.55,-0.031,0.097
2024-12-17,-2.72,2.20,-0.061,-0.020
2024-12-18,-2.15,1.29,-0.080,-0.043
2024-12-19,-1.09,-4.71,-0.099,-0.174
2024-12-20,-1.87,-2.23,-0.070,-0.085
2024-12-21,-2.91,-3.34,-0.137,-0.171
2024-12-22,-4.21,0.74,-0.126,-0.083
2024-12-23,-2.71,4.18,-0.069,0.048
2024-12-24,-1.75,6.09,0.013,0.135
2024-12-25,-2.69,2.99,0.017,0.106
2024-12-26,-0.76,4.32,-0.048,0.062
2024-12-27,-1.30,0.91,0.017,0.125
2024-12-28,0.88,6.28,0.031,0.138
2024-12-29,2.22,-2.84,0.018,0.028
2024-12-30,-0.22,4.15,0.003,0.108
2024-12-31,-3.37,-3.04,-0.008,0.056
2025-01-01,-3.04,-5.06,-0.180,-0.241
2025-01-02,-3.70,-4.11,-0.183,-0.226
2025-01-03,-1.14,-3.50,-0.098,-0.153
2025-01-04,-3.40,1.30,-0.090,-0.074
2025-01-05,-0.00,8.17,0.076,0.235
2025-01-06,0.29,-8.18,-0.089,-0.196
2025-01-07,-2.05,-5.33,-0.132,-0.193
2025-01-08,-1.69,-6.32,-0.161,-0.273
2025-01-09,0.16,-4.68,-0.122,-0.215
2025-01-10,3.48,-6.04,-0.042,-0.187
2025-01-11,2.01,-2.24,0.054,0.032
2025-01-12,2.48,1.37,0.021,0.061
2025-01-13,-0.74,-5.25,-0.120,-0.198
2025-01-14,-2.25,-4.41,-0.162,-0.229
2025-01-15,-1.65,-6.62,-0.188,-0.295
2025-01-16,-0.38,-4.30,-0.105,-0.190
2025-01-17,-1.21,2.60,-0.039,0.013
2025-01-18,4.46,1.36,0.071,0.125
2025-01-19,-0.84,-8.03,-0.101,-0.222
2025-01-20,-2.97,-6.09,-0.216,-0.268
2025-01-21,-1.55,-9.82,-0.275,-0.453
2025-01-22,-0.40,-1.88,-0.072,-0.116
2025-01-23,-1.57,-4.31,-0.098,-0.126
2025-01-24,-1.92,-3.19,-0.094,-0.121
2025-01-25,-1.03,2.99,-0.019,0.090
2025-01-26,-1.12,5.27,0.000,0.135
2025-01-27,-4.73,-1.91,-0.034,0.047
2025-01-28,-2.91,-3.60,-0.119,-0.150
2025-01-29,-3.44,3.56,-0.097,-0.033
2025-01-30,-0.36,6.84,0.015,0.111
2025-01-31,2.46,-2.63,0.038,0.005
2025-02-01,-1.36,-0.85,0.042,0.078
2025-02-02,-0.64,2.76,0.018,0.059
2025-02-03,-1.18,4.72,0.021,0.131
2025-02-04,-1.86,4.61,0.039,0.170
2025-02-05,-2.54,3.76,0.029,0.154
2025-02-06,-1.24,5.38,0.061,0.196
2025-02-07,-1.49,4.88,0.064,0.223
2025-02-08,-1.42,6.67,0.065,0.262
2025-02-09,-2.11,5.51,0.057,0.242
2025-02-10,-4.66,-0.91,-0.060,0.011
2025-02-11,-2.16,5.94,-0.043,0.063
2025-02-12,-0.63,6.01,0.061,0.229
2025-02-13,-1.66,-7.81,-0.137,-0.236
2025-02-14,0.25,-4.79,-0.127,-0.246
2025-02-15,0.33,4.75,-0.030,-0.011
2025-02-16,-0.20,-5.81,-0.066,-0.109
2025-02-17,-2.56,-4.10,-0.141,-0.165
2025-02-18,-2.08,3.59,-0.082,-0.001
2025-02-19,0.28,-8.01,-0.150,-0.277
2025-02-20,-0.44,-6.33,-0.133,-0.263
2025-02-21,-1.60,-5.96,-0.181,-0.285
2025-02-22,-0.23,-6.47,-0.182,-0.309
2025-02-23,2.13,-3.28,-0.054,-0.159
2025-02-24,-0.64,-2.24,-0.014,0.002
2025-02-25,-1.27,3.00,0.002,0.090
2025-02-26,-2.05,5.08,-0.067,0.043
2025-02-27,-4.02,0.21,-0.069,-0.012
2025-02-28,-1.96,-2.60,-0.105,-0.107
2025-03-01,-1.82,1.01,-0.066,-0.045
2025-03-02,-3.53,3.79,-0.094,-0.004
2025-03-03,-2.87,5.39,-0.096,-0.015
2025-03-04,3.50,8.66,0.039,0.115
2025-03-05,1.55,-4.77,0.039,0.049
2025-03-06,-4.59,2.76,-0.018,0.128
2025-03-07,-1.87,6.51,-0.025,0.113
2025-03-08,-2.08,4.45,-0.006,0.122
2025-03-09,2.59,-6.75,-0.027,-0.100
2025-03-10,-0.70,-3.31,0.025,0.020
2025-03-11,-1.28,4.76,0.045,0.186
2025-03-12,-1.21,6.83,0.037,0.204
2025-03-13,-0.50,4.77,0.057,0.172
2025-03-14,-1.15,7.24,0.062,0.240
2025-03-15,6.58,-3.50,-0.016,0.036
2025-03-16,1.63,-4.03,-0.033,-0.074
2025-03-17,-1.07,5.49,0.040,0.186
2025-03-18,-2.55,8.89,0.046,0.239
2025-03-19,-0.39,7.40,0.044,0.124
2025-03-20,-1.63,-6.09,-0.114,-0.179
2025-03-21,-2.40,4.71,0.027,0.153
2025-03-22,-3.23,5.16,-0.029,0.096
2025-03-23,-1.72,6.01,-0.015,0.095
2025-03-24,-3.44,2.41,-0.006,0.078
2025-03-25,-2.12,2.19,-0.010,0.068
2025-03-26,-4.30,3.24,-0.119,-0.010
2025-03-27,-5.86,2.99,-0.138,-0.088
2025-03-28,-4.33,3.26,-0.159,-0.058
2025-03-29,-2.12,4.54,-0.040,0.057
2025-03-30,-3.02,5.03,-0.055,0.074
2025-03-31,-2.44,1.84,-0.061,-0.027
2025-04-01,-3.58,4.11,-0.074,-0.000
2025-04-02,-2.38,9.54,0.030,0.226
2025-04-03,-3.02,8.76,0.016,0.215
2025-04-04,-4.11,7.73,-0.047,0.137
2025-04-05,-0.35,6.62,-0.011,0.021
2025-04-06,3.22,-7.58,-0.050,-0.217
2025-04-07,1.38,-4.23,-0.010,-0.059
2025-04-08,-2.00,-1.68,-0.038,-0.010
2025-04-09,-1.67,4.60,-0.003,0.112
2025-04-10,-1.35,5.42,0.038,0.184
2025-04-11,-1.53,2.99,0.050,0.145
2025-04-12,-0.27,3.93,0.094,0.198
2025-04-13,-1.76,7.07,0.041,0.223
2025-04-14,-1.99,7.41,0.060,0.247
2025-04-15,-3.70,3.33,-0.000,0.130
2025-04-16,-3.55,4.23,-0.025,0.108
2025-04-17,-3.11,7.34,0.010,0.182
2025-04-18,-3.36,8.75,0.004,0.192
2025-04-19,-4.26,6.56,-0.056,0.093
2025-04-20,-3.45,6.22,-0.082,0.033
2025-04-21,-3.04,1.42,-0.129,-0.074
2025-04-22,-4.53,2.62,-0.113,-0.061
2025-04-23,-4.32,4.03,-0.109,-0.000
2025-04-24,-4.47,4.79,-0.098,0.024
2025-04-25,-4.13,4.75,-0.076,0.046
2025-04-26,-5.12,4.77,-0.074,0.064
2025-04-27,-4.24,5.24,-0.062,0.066
2025-04-28,-4.24,7.06,-0.026,0.112
2025-04-29,-4.78,6.11,-0.038,0.118
2025-04-30,-4.00,8.21,-0.025,0.141
2025-05-01,-3.17,6.80,-0.017,0.161
2025-05-02,-3.45,6.49,-0.043,0.102
2025-05-03,-3.85,-3.85,-0.133,-0.114
2025-05-04,-4.72,-2.62,-0.147,-0.114
2025-05-05,-6.14,2.99,-0.160,-0.048
2025-05-06,-4.29,6.36,-0.098,0.028
2025-05-07,-5.50,-1.17,-0.139,-0.092
2025-05-08,-5.59,-2.26,-0.182,-0.142
2025-05-09,-0.60,-5.69,-0.136,-0.205
2025-05-10,0.92,-3.20,-0.050,-0.116
2025-05-11,1.91,-2.36,-0.024,-0.063
2025-05-12,1.44,1.78,0.055,0.118
2025-05-13,-0.87,7.11,0.064,0.251
2025-05-14,-1.22,8.69,0.061,0.263
2025-05-15,-2.08,9.02,0.061,0.259
2025-05-16,-2.99,6.72,0.002,0.166
2025-05-17,-2.66,5.98,-0.011,0.130
2025-05-18,-3.52,6.62,-0.031,0.106
2025-05-19,-3.86,7.91,-0.040,0.118
2025-05-20,-2.86,5.15,-0.035,0.104
2025-05-21,-4.31,0.68,-0.103,-0.005
2025-05-22,-4.28,1.99,-0.116,-0.064
2025-05-23,-3.61,3.61,-0.113,-0.034
2025-05-24,-3.23,6.34,-0.037,0.098
2025-05-25,-3.76,7.07,-0.017,0.140
2025-05-26,-3.09,8.49,0.007,0.182
2025-05-27,-5.32,4.16,-0.129,-0.010
2025-05-28,-4.78,1.10,-0.143,-0.058
2025-05-29,-3.67,1.71,-0.133,-0.049
2025-05-30,-3.13,2.03,-0.074,-0.020
2025-05-31,-1.65,-2.20,-0.076,-0.074
2025-06-01,-1.29,3.03,-0.058,-0.025
2025-06-02,-3.07,4.07,-0.025,0.095
2025-06-03,-4.60,4.93,-0.089,0.053
2025-06-04,-3.77,5.01,-0.082,0.054
2025-06-05,-3.57,4.41,-0.051,0.088
2025-06-06,-3.53,5.24,-0.045,0.095
2025-06-07,-2.52,6.92,0.011,0.180
2025-06-08,-2.36,6.86,0.030,0.207
2025-06-09,-2.50,6.53,0.022,0.213
2025-06-10,-2.72,3.88,-0.004,0.141
2025-06-11,-3.36,4.46,-0.085,0.021
2025-06-12,-1.21,5.23,-0.035,0.079
2025-06-13,-2.38,5.62,-0.028,0.089
2025-06-14,-3.82,4.89,-0.019,0.120
2025-06-15,-2.66,5.01,-0.061,0.067
2025-06-16,-1.48,5.15,0.002,0.093
2025-06-17,-2.20,5.73,0.024,0.157
2025-06-18,-2.72,7.46,0.024,0.203
2025-06-19,-4.04,4.82,-0.066,0.087
2025-06-20,-3.50,4.48,-0.082,0.026
2025-06-21,-3.59,5.74,-0.049,0.084
2025-06-22,-3.91,5.38,-0.070,0.066
2025-06-23,-3.60,4.78,-0.071,0.016
2025-06-24,-3.50,2.64,-0.087,-0.036
2025-06-25,-3.63,2.36,-0.108,-0.097
2025-06-26,-2.79,3.45,-0.079,-0.000
2025-06-27,-3.12,3.85,-0.068,0.024
2025-06-28,-3.57,3.82,-0.074,0.010
2025-06-29,-3.40,4.20,-0.102,0.004
2025-06-30,-3.04,4.19,-0.045,0.088
2025-07-01,-3.75,1.83,-0.104,-0.000
2025-07-02,-2.58,3.98,-0.061,0.037
2025-07-03,-2.39,5.36,-0.004,0.129
2025-07-04,-2.14,6.99,0.032,0.183
2025-07-05,-1.92,7.70,0.043,0.215
2025-07-06,-2.31,5.45,0.020,0.160
2025-07-07,-2.21,4.75,0.011,0.142
2025-07-08,-2.85,4.39,-0.008,0.129
2025-07-09,-1.68,4.87,0.017,0.146
2025-07-10,-1.46,5.84,0.040,0.196
2025-07-11,-2.41,7.00,0.035,0.190
2025-07-12,-2.49,6.84,0.004,0.181
2025-07-13,-2.54,6.29,0.006,0.140
2025-07-14,-2.64,5.66,-0.036,0.103
2025-07-15,-2.76,5.91,-0.018,0.104
2025-07-16,-2.69,6.66,-0.004,0.129
2025-07-17,-2.35,5.05,0.011,0.127
2025-07-18,-2.30,4.32,-0.011,0.088
2025-07-19,-1.98,5.76,-0.004,0.118
2025-07-20,-2.11,6.51,0.015,0.146
2025-07-21,-2.60,6.43,-0.004,0.133
2025-07-22,-3.08,5.78,-0.028,0.101
2025-07-23,-2.96,5.56,-0.019,0.115
2025-07-24,-2.06,4.22,-0.018,0.085
2025-07-25,-1.39,3.27,-0.043,0.012
2025-07-26,-2.29,5.14,-0.065,0.015
2025-07-27,-3.40,4.20,-0.068,0.014
2025-07-28,-2.96,3.52,-0.093,-0.054
2025-07-29,-1.79,2.97,-0.047,0.005
2025-07-30,-0.36,2.95,0.017,0.069
2025-07-31,-0.24,4.55,0.058,0.161
2025-08-01,-1.18,4.41,0.034,0.150
2025-08-02,-1.08,4.32,0.034,0.159
2025-08-03,-1.14,3.72,0.034,0.143
2025-08-04,-1.38,4.52,0.021,0.124
2025-08-05,-2.40,1.39,-0.069,-0.020
2025-08-06,-2.17,2.99,-0.072,-0.029
2025-08-07,-1.88,4.23,-0.040,0.022
2025-08-08,-1.56,4.06,-0.025,0.057
2025-08-09,-2.13,3.55,-0.060,0.004
2025-08-10,-2.88,2.59,-0.085,-0.073
2025-08-11,-2.98,2.41,-0.094,-0.076
2025-08-12,-1.52,3.42,-0.068,-0.008
2025-08-13,-1.32,4.33,-0.008,0.094
2025-08-14,-1.52,5.68,0.027,0.160
2025-08-15,-3.96,4.25,-0.066,0.084
2025-08-16,-2.52,4.73,-0.055,0.082
2025-08-17,-2.64,4.06,-0.027,0.098
2025-08-18,-2.38,2.64,-0.026,0.082
2025-08-19,-2.40,1.81,-0.029,0.031
2025-08-20,-1.96,-1.13,-0.069,-0.065
2025-08-21,-1.76,1.95,-0.044,-0.021
2025-08-22,-1.51,-1.68,-0.063,-0.041
2025-08-23,-2.33,-1.46,-0.058,-0.053
2025-08-24,-2.66,-0.76,-0.080,-0.092
2025-08-25,-3.90,1.34,-0.099,-0.056
2025-08-26,-2.72,1.76,-0.072,-0.003
2025-08-27,-2.69,2.18,-0.060,0.010
2025-08-28,-1.30,4.55,-0.033,0.069
2025-08-29,-1.06,5.47,0.028,0.146
2025-08-30,-1.25,4.67,0.028,0.155
2025-08-31,-2.51,3.21,-0.004,0.093
2025-09-01,-2.53,-0.92,-0.085,-0.065
2025-09-02,-1.73,-0.85,-0.074,-0.092
2025-09-03,-2.46,1.42,-0.084,-0.098
2025-09-04,-0.40,3.83,-0.006,0.057
2025-09-05,-1.81,5.26,0.024,0.145
2025-09-06,-3.36,2.53,-0.056,0.054
2025-09-07,-3.83,-1.70,-0.129,-0.119
2025-09-08,-4.21,-3.92,-0.185,-0.216
2025-09-09,-4.03,-2.72,-0.168,-0.189
2025-09-10,-4.25,-0.00,-0.140,-0.104
2025-09-11,-4.14,0.36,-0.153,-0.105
2025-09-12,-4.82,0.85,-0.162,-0.107
2025-09-13,-4.96,1.90,-0.130,-0.025
2025-09-14,-3.63,2.64,-0.059,0.071
2025-09-15,-3.49,0.87,-0.086,-0.015
2025-09-16,-4.25,-0.30,-0.137,-0.112
2025-09-17,-4.14,-0.07,-0.129,-0.085
2025-09-18,-4.25,1.30,-0.123,-0.030
2025-09-19,-3.55,-0.00,-0.108,-0.082
2025-09-20,-2.83,0.87,-0.092,-0.046
2025-09-21,-2.55,3.26,-0.086,0.023
2025-09-22,-2.36,4.08,-0.058,0.055
2025-09-23,-1.89,5.19,-0.015,0.130
2025-09-24,-0.97,5.00,0.029,0.160
2025-09-25,-1.58,-3.40,-0.027,0.022
2025-09-26,-2.36,-0.96,-0.038,-0.006
2025-09-27,-3.28,0.29,-0.085,-0.035
2025-09-28,-3.79,-1.38,-0.126,-0.128
2025-09-29,-3.06,-1.77,-0.120,-0.124
2025-09-30,-2.47,-2.00,-0.089,-0.108
2025-10-01,-2.44,0.13,-0.049,-0.023
2025-10-02,-2.68,1.03,-0.047,-0.002
2025-10-03,-2.99,-1.59,-0.094,-0.081
2025-10-04,-4.45,-2.37,-0.203,-0.225
2025-10-05,-4.20,-1.20,-0.174,-0.184
2025-10-06,-2.81,1.25,-0.088,-0.036
2025-10-07,-3.91,1.35,-0.083,0.005
2025-10-08,-4.17,-1.69,-0.154,-0.148
2025-10-09,-4.34,-2.82,-0.178,-0.182
2025-10-10,-4.45,-2.47,-0.192,-0.188
2025-10-11,-2.60,-1.56,-0.095,-0.111
2025-10-12,-2.67,1.87,-0.090,-0.027
2025-10-13,-3.13,2.27,-0.050,0.055
2025-10-14,-5.06,0.27,-0.114,-0.013
2025-10-15,-2.79,-0.34,-0.065,-0.020
2025-10-16,-1.89,1.96,-0.059,-0.000
2025-10-17,-3.08,2.32,-0.114,-0.030
2025-10-18,-1.64,3.86,-0.079,-0.004
2025-10-19,-4.61,2.55,-0.011,0.041
2025-10-20,-3.52,3.17,-0.127,-0.048
2025-10-21,-0.73,5.22,0.022,0.129
2025-10-22,-3.38,-0.78,-0.062,-0.025
2025-10-23,-3.81,2.20,-0.118,-0.066
2025-10-24,-3.97,3.45,-0.110,-0.006
2025-10-25,-4.94,3.33,-0.094,-0.016
2025-10-26,-2.53,-1.46,-0.065,-0.002
2025-10-27,-2.71,2.90,-0.051,0.048
2025-10-28,-1.19,5.60,0.023,0.154
2025-10-29,2.04,-7.61,-0.070,-0.169
2025-10-30,1.92,-3.19,0.073,0.042
2025-10-31,-0.81,-1.73,0.003,0.015
2025-11-01,-2.53,1.24,-0.023,0.070
2025-11-02,-2.34,-5.02,-0.173,-0.211
2025-11-03,-1.89,-0.37,-0.070,-0.046
2025-11-04,-2.31,1.28,-0.074,-0.038
2025-11-05,-0.62,2.90,-0.025,-0.000
2025-11-06,-0.89,2.01,-0.022,0.024
2025-11-07,-0.17,4.96,0.026,0.141
2025-11-08,0.35,4.02,0.067,0.177
2025-11-09,-2.18,-5.41,-0.056,-0.056
2025-11-10,-0.99,-6.28,-0.155,-0.276
2025-11-11,-0.86,2.13,-0.040,-0.024
2025-11-12,0.75,6.09,0.072,0.240
2025-11-13,-0.61,4.36,0.045,0.201
2025-11-14,-1.40,4.58,0.034,0.183
2025-11-15,-1.42,3.89,0.006,0.130
2025-11-16,-0.52,4.96,0.037,0.165
2025-11-17,-1.89,4.92,0.018,0.178
2025-11-18,-3.00,5.20,-0.011,0.154
2025-11-19,-3.61,3.88,-0.071,0.063
2025-11-20,-3.20,5.54,-0.065,0.069
2025-11-21,-1.02,5.80,0.015,0.112
2025-11-22,-3.28,2.30,-0.010,0.088
2025-11-23,-3.75,1.15,-0.099,-0.015
2025-11-24,-1.96,7.31,0.007,0.148
2025-11-25,0.86,3.74,0.057,0.160
2025-11-26,-3.26,-4.66,-0.123,-0.093
2025-11-27,-2.74,-4.38,-0.170,-0.217
2025-11-28,-6.09,0.86,-0.187,-0.109
2025-11-29,-2.98,7.76,-0.019,0.141
2025-11-30,-3.46,-5.76,-0.016,0.000
2025-12-01,0.73,-5.23,-0.111,-0.229
2025-12-02,0.34,-4.80,-0.097,-0.203
2025-12-03,0.33,-2.37,-0.076,-0.051
2025-12-04,0.44,-3.59,-0.088,-0.114
2025-12-05,-0.45,-4.26,-0.089,-0.159
2025-12-06,0.12,-2.21,-0.014,0.009
2025-12-07,1.61,-1.17,-0.057,-0.029
2025-12-08,-0.40,-5.79,-0.110,-0.219
2025-12-09,-1.53,-1.53,-0.066,-0.062
2025-12-10,0.85,2.96,0.023,0.072
2025-12-11,-1.61,-3.45,-0.065,-0.074
2025-12-12,-0.90,3.13,-0.014,0.040
2025-12-13,-2.47,3.27,-0.034,0.102
2025-12-14,-3.03,-4.49,-0.091,-0.095
2025-12-15,-0.80,-4.55,-0.139,-0.219
2025-12-16,-2.91,-1.55,-0.086,-0.043
2025-12-17,-3.96,2.78,-0.123,0.008
2025-12-18,1.15,2.72,0.020,0.083
2025-12-19,-2.19,-3.95,-0.094,-0.096
2025-12-20,-0.97,3.88,-0.058,0.007
2025-12-21,-0.43,4.11,0.036,0.114
2025-12-22,-3.06,1.49,-0.022,0.104
2025-12-23,-2.62,2.62,-0.028,0.092
2025-12-24,-2.29,1.07,-0.105,-0.033
2025-12-25,-2.28,2.13,-0.103,-0.035
2025-12-26,-1.06,4.61,-0.004,0.082
2025-12-27,-1.60,5.59,0.039,0.190
2025-12-28,-1.82,5.61,0.043,0.193
2025-12-29,-2.15,-7.51,-0.130,-0.185
2025-12-30,0.95,-5.37,-0.088,-0.216
2025-12-31,0.75,-1.20,-0.041,-0.035
2026-01-01,0.53,2.30,0.046,0.092
2026-01-02,1.76,4.85,0.105,0.236
2026-01-03,4.35,1.41,0.103,0.193
2026-01-04,-2.99,-2.99,-0.084,-0.058
2026-01-05,-2.75,2.48,-0.087,-0.018
2026-01-06,-0.36,4.14,-0.000,0.078
2026-01-07,-0.79,4.48,0.038,0.157
2026-01-08,-2.00,8.65,0.057,0.235
2026-01-09,-2.19,5.15,0.003,0.155
2026-01-10,1.93,-6.75,-0.031,-0.100
2026-01-11,0.90,-5.69,-0.098,-0.232
2026-01-12,0.46,-2.87,-0.071,-0.144
2026-01-13,0.76,-2.09,-0.058,-0.121
2026-01-14,2.83,-1.57,0.043,0.029
2026-01-15,0.39,-3.74,-0.000,-0.005
2026-01-16,0.75,4.73,0.068,0.183
2026-01-17,-3.16,-6.19,-0.140,-0.164
2026-01-18,-0.09,-4.91,-0.108,-0.205
2026-01-19,-0.43,3.04,0.047,0.112
2026-01-20,-3.97,0.42,-0.078,-0.004
2026-01-21,-1.41,4.33,-0.059,0.027
2026-01-22,-1.21,1.54,-0.027,-0.000
2026-01-23,-4.00,2.41,-0.085,0.027
2026-01-24,-4.69,-3.80,-0.140,-0.140
2026-01-25,2.83,-6.67,-0.059,-0.217
2026-01-26,1.66,-6.65,-0.052,-0.197
2026-01-27,-1.25,-3.09,-0.091,-0.139
2026-01-28,-1.61,-2.22,-0.088,-0.120
2026-01-29,-1.43,1.33,-0.022,0.004
2026-01-30,0.09,-5.36,-0.027,-0.079
2026-01-31,-0.68,-4.28,-0.060,-0.121
2026-02-01,-2.54,-4.07,-0.132,-0.173
2026-02-02,-2.56,1.60,-0.061,-0.006
2026-02-03,-0.27,7.75,0.060,0.242
2026-02-04,-4.79,-4.63,-0.020,0.061
2026-02-05,-0.43,-3.48,-0.057,-0.063
2026-02-06,2.34,3.10,0.077,0.135
2026-02-07,0.97,3.17,0.097,0.164
2026-02-08,-0.57,3.21,0.045,0.119
2026-02-09,-0.26,5.02,0.042,0.162
2026-02-10,-1.77,5.46,0.020,0.149
2026-02-11,-1.73,2.76,-0.068,-0.010
2026-02-12,-2.20,1.60,-0.082,-0.060
2026-02-13,-2.74,3.63,-0.048,0.041
2026-02-14,-3.44,7.06,-0.039,0.095
2026-02-15,3.46,-2.00,0.030,0.028
2026-02-16,-3.10,-0.49,-0.017,0.033
2026-02-17,-2.63,5.39,-0.054,0.071
2026-02-18,-1.26,6.46,0.023,0.147
2026-02-19,-1.16,6.60,0.053,0.203
2026-02-20,-3.03,2.29,-0.019,0.078
2026-02-21,-3.20,-2.08,-0.095,-0.044
2026-02-22,-1.11,-7.92,-0.170,-0.298
2026-02-23,-2.70,-3.72,-0.146,-0.206
2026-02-24,-1.56,3.87,-0.030,0.043
2026-02-25,-0.15,8.77,0.086,0.271
2026-02-26,-0.13,7.57,0.089,0.289
2026-02-27,-4.28,-0.15,-0.051,0.047
2026-02-28,-2.68,2.58,-0.102,-0.053
2026-03-01,-4.21,4.06,-0.111,-0.040
2026-03-02,-4.11,3.45,-0.102,-0.038
2026-03-03,-3.71,4.93,-0.073,0.017
2026-03-04,-3.79,5.84,-0.055,0.079
2026-03-05,-4.06,6.50,-0.055,0.077
2026-03-06,-4.38,7.29,-0.058,0.083
2026-03-07,-3.84,7.23,-0.032,0.116
2026-03-08,-3.99,-2.03,-0.125,-0.081
2026-03-09,-2.84,4.37,-0.075,0.003
2026-03-10,-3.26,7.32,-0.011,0.141
2026-03-11,1.15,6.54,0.053,0.165
2026-03-12,-0.60,-6.88,-0.109,-0.205
2026-03-13,-1.77,2.73,-0.035,0.023
2026-03-14,-2.87,4.77,-0.017,0.113
2026-03-15,-1.89,7.05,0.035,0.188
2026-03-16,-1.64,-9.29,-0.152,-0.231
2026-03-17,-3.55,-3.80,-0.121,-0.153
2026-03-18,-2.71,3.73,-0.078,0.005
2026-03-19,-1.92,3.46,-0.027,0.066
2026-03-20,-0.93,4.76,0.034,0.154
2026-03-21,-0.81,6.56,0.059,0.208
2026-03-22,-1.10,6.93,0.052,0.206
2026-03-23,-2.70,3.59,-0.021,0.114
2026-03-24,-2.88,3.56,-0.043,0.066
2026-03-25,-3.00,5.41,-0.006,0.132
2026-03-26,-3.45,5.98,0.000,0.139
2026-03-27,-3.36,5.60,-0.011,0.126
2026-03-28,-3.67,-2.97,-0.111,-0.099
2026-03-29,-3.61,1.92,-0.118,-0.093
2026-03-30,-3.98,4.58,-0.094,0.002
2026-03-31,-4.15,5.51,-0.065,0.068
2026-04-01,-3.43,5.94,-0.050,0.075
2026-04-02,-4.56,7.59,-0.017,0.131
2026-04-03,-4.86,6.44,-0.058,0.096
2026-04-04,-4.29,5.30,-0.084,0.054
2026-04-05,-1.02,-7.26,-0.153,-0.272
2026-04-06,-0.27,-5.16,-0.145,-0.271
2026-04-07,-3.47,-1.06,-0.157,-0.161
2026-04-08,-4.00,-0.07,-0.151,-0.108
2026-04-09,-4.11,1.10,-0.142,-0.102
2026-04-10,-3.69,1.96,-0.132,-0.080
2026-04-11,-5.37,2.74,-0.165,-0.062
2026-04-12,-4.64,5.94,-0.080,0.046
2026-04-13,-3.74,6.23,-0.049,0.116
2026-04-14,-3.96,6.11,-0.051,0.111
2026-04-15,-4.01,6.41,-0.046,0.110
2026-04-16,-3.50,5.83,-0.021,0.117
2026-04-17,-3.56,7.30,-0.017,0.152
2026-04-18,-3.05,5.99,0.004,0.147
2026-04-19,-3.39,-7.27,-0.225,-0.257
2026-04-20,-6.65,-0.35,-0.222,-0.164
2026-04-21,-4.80,4.32,-0.107,0.017
2026-04-22,-3.79,3.66,-0.085,0.062
2026-04-23,-3.66,4.37,-0.063,0.096
2026-04-24,-2.70,5.08,-0.053,0.093
2026-04-25,-1.77,4.18,-0.023,0.081
2026-04-26,-2.91,3.87,-0.060,0.038
2026-04-27,-2.62,5.37,-0.044,0.066
2026-04-28,-3.34,5.34,-0.055,0.083
2026-04-29,-2.41,5.41,-0.019,0.117
2026-04-30,-3.79,2.10,-0.074,0.072
2026-05-01,-5.27,-2.24,-0.154,-0.117
2026-05-02,-1.31,-7.45,-0.173,-0.327
2026-05-03,-2.16,-2.57,-0.122,-0.120
2026-05-04,-2.21,4.34,-0.045,0.046
2026-05-05,-1.49,6.47,0.048,0.205
2026-05-06,-2.75,4.75,0.025,0.169
2026-05-07,-2.67,-4.62,-0.124,-0.148
2026-05-08,-3.78,-2.36,-0.172,-0.172
2026-05-09,-2.37,1.66,-0.095,-0.067
2026-05-10,-3.88,2.42,-0.123,-0.016
2026-05-11,-1.20,-5.18,-0.124,-0.185
2026-05-12,-2.24,-2.98,-0.133,-0.158
2026-05-13,-2.01,2.08,-0.056,-0.018
2026-05-14,-1.13,3.94,0.020,0.103
2026-05-15,-2.47,7.19,0.037,0.206
2026-05-16,-4.00,6.16,0.009,0.205
2026-05-17,-4.36,6.72,-0.047,0.115
2026-05-18,-4.83,7.43,-0.056,0.110
2026-05-19,-4.73,4.90,-0.091,0.026
2026-05-20,-5.87,0.41,-0.149,-0.093
2026-05-21,-3.68,0.99,-0.131,-0.116
2026-05-22,-1.71,3.51,0.001,0.089
2026-05-23,-2.87,2.41,-0.043,0.070
2026-05-24,-4.87,-1.58,-0.177,-0.151
2026-05-25,-3.72,-0.66,-0.137,-0.131
2026-05-26,-3.72,3.23,-0.088,0.005
2026-05-27,-4.36,1.85,-0.075,0.001
2026-05-28,-1.92,0.41,-0.098,-0.059
2026-05-29,-2.05,3.55,-0.009,0.103
2026-05-30,-2.51,3.86,0.011,0.126
2026-05-31,-3.26,3.26,-0.040,0.098
2026-06-01,-3.57,1.82,-0.097,0.005
2026-06-02,-3.21,0.86,-0.101,-0.052
2026-06-03,-3.85,-0.96,-0.142,-0.172
2026-06-04,-2.94,0.36,-0.148,-0.183
2026-06-05,-3.14,1.14,-0.159,-0.186
2026-06-06,-1.39,4.03,-0.082,-0.065
2026-06-07,-2.67,5.99,-0.002,0.129
2026-06-08,-3.04,5.26,-0.032,0.107
2026-06-09,-4.27,3.85,-0.110,0.017
2026-06-10,-3.75,4.63,-0.099,0.007
2026-06-11,-3.92,5.60,-0.057,0.086
2026-06-12,-4.01,4.95,-0.050,0.090
2026-06-13,-4.56,3.44,-0.080,0.063
2026-06-14,-3.62,5.57,-0.067,0.082
2026-06-15,-1.83,3.59,-0.002,0.141
2026-06-16,-3.90,3.16,-0.014,0.155
2026-06-17,2.23,-3.07,-0.012,-0.032
2026-06-18,-1.71,5.98,0.030,0.180
2026-06-19,-3.08,5.56,-0.000,0.212
2026-06-20,-2.37,3.65,-0.045,0.074
2026-06-21,-2.28,5.38,-0.038,0.084
2026-06-22,-2.18,7.60,0.062,0.279
2026-06-23,-2.78,6.25,0.042,0.253
2026-06-24,-1.99,6.12,0.051,0.242
2026-06-25,-2.65,5.95,0.062,0.241
2026-06-26,-2.37,7.29,0.069,0.283
2026-06-27,-2.31,7.56,0.059,0.289
2026-06-28,-2.48,8.12,0.030,0.252
2026-06-29,-3.17,7.83,0.022,0.223
2026-06-30,-3.29,5.26,-0.028,0.123
2026-07-01,-3.54,5.25,-0.035,0.096
2026-07-02,-2.86,4.24,-0.023,0.101
2026-07-03,-2.47,4.46,-0.015,0.105
2026-07-04,-1.92,4.99,0.017,0.132
2026-07-05,-2.02,5.00,0.038,0.176
2026-07-06,-1.76,4.15,0.047,0.188
2026-07-07,-1.51,3.74,0.049,0.177
2026-07-08,-1.42,4.66,0.060,0.209
2026-07-09,-1.16,4.65,0.086,0.243
2026-07-10,-2.12,3.98,0.006,0.158
2026-07-11,-2.62,4.03,-0.061,0.072
2026-07-12,-2.91,3.87,-0.121,-0.025
2026-07-13,-1.50,4.90,-0.051,0.035
2026-07-14,-1.38,5.98,-0.003,0.105
2026-07-15,-3.82,4.40,-0.104,-0.007
2026-07-16,-3.60,5.14,-0.073,0.042
2026-07-17,-3.06,6.26,-0.011,0.132
2026-07-18,-2.78,6.25,0.002,0.146
2026-07-19,-1.94,6.36,0.043,0.189
2026-07-20,-1.89,5.82,0.043,0.201
2026-07-21,-1.10,5.16,0.045,0.176
2026-07-22,-0.41,3.92,0.071,0.159
2026-07-23,1.27,4.44,0.087,0.186
2026-07-24,-1.39,5.20,0.012,0.119
2026-07-25,-2.81,4.33,-0.091,0.000
2026-07-26,-1.82,4.29,-0.062,0.003
2026-07-27,-1.67,6.25,0.039,0.179
2026-07-28,-2.03,7.08,0.062,0.243
2026-07-29,-2.03,6.65,0.045,0.220
2026-07-30,-2.29,6.66,0.048,0.216
2026-07-31,-2.27,5.91,0.042,0.189
2026-08-01,-0.80,5.71,0.074,0.210
2026-08-02,1.39,3.63,0.096,0.194
2026-08-03,-0.69,3.91,0.076,0.181
2026-08-04,-2.18,6.34,0.028,0.199
2026-08-05,-2.98,5.37,0.015,0.168
2026-08-06,-2.91,5.03,-0.023,0.115
2026-08-07,-2.79,4.65,-0.034,0.081
2026-08-08,-3.27,1.96,-0.134,-0.073
2026-08-09,-3.65,1.33,-0.141,-0.111
2026-08-10,-2.31,3.84,-0.072,-0.005
2026-08-11,-2.43,5.73,-0.018,0.107
2026-08-12,-2.41,6.27,-0.015,0.117
2026-08-13,-2.31,7.12,0.037,0.189
2026-08-14,-3.30,6.20,0.004,0.158
2026-08-15,-3.16,5.69,-0.013,0.137
2026-08-16,-3.45,3.83,-0.034,0.101
2026-08-17,-2.91,2.91,-0.053,0.055
2026-08-18,-1.31,4.90,0.029,0.134
2026-08-19,-1.23,5.77,0.059,0.197
2026-08-20,-1.74,6.08,0.038,0.199
2026-08-21,-1.49,5.99,0.047,0.212
2026-08-22,-1.19,4.78,0.063,0.194
2026-08-23,-0.74,4.66,0.073,0.189
2026-08-24,-1.62,4.23,0.043,0.154
2026-08-25,-1.92,5.01,0.034,0.182
2026-08-26,-1.62,4.44,0.023,0.130
2026-08-27,-0.45,4.29,0.035,0.135
2026-08-28,-1.25,4.09,0.023,0.128
2026-08-29,-1.95,3.25,-0.033,0.076
2026-08-30,-2.12,3.98,-0.029,0.074
2026-08-31,-2.58,3.97,-0.054,0.045
2026-09-01,-2.45,3.02,-0.096,-0.038
2026-09-02,-1.00,5.68,0.042,0.165
2026-09-03,-2.04,6.28,0.023,0.172
2026-09-04,-3.01,4.64,-0.023,0.108
2026-09-05,-2.90,3.85,-0.048,0.055
2026-09-06,-1.63,3.65,-0.002,0.073
2026-09-07,-1.69,4.18,0.014,0.111
2026-09-08,-2.35,4.23,0.008,0.166
2026-09-09,-3.17,3.06,-0.047,0.078
2026-09-10,-2.39,3.55,-0.044,0.068
2026-09-11,-1.49,6.47,0.050,0.207
2026-09-12,-1.82,7.32,0.069,0.251
2026-09-13,-3.02,5.44,0.022,0.178
2026-09-14,-3.84,4.74,-0.030,0.137
2026-09-15,-2.37,6.17,0.021,0.160
2026-09-16,-3.39,2.95,-0.043,0.076
2026-09-17,-4.08,-1.73,-0.121,-0.115
2026-09-18,-4.13,-1.42,-0.160,-0.149
2026-09-19,-3.21,1.04,-0.136,-0.079
2026-09-20,-3.39,1.17,-0.111,-0.047
2026-09-21,-3.19,1.42,-0.093,-0.000
2026-09-22,-3.80,0.81,-0.104,-0.039
2026-09-23,-4.21,0.67,-0.117,-0.066
2026-09-24,-5.22,0.27,-0.141,-0.098
2026-09-25,-4.44,0.54,-0.139,-0.076
