date,wind_u,wind_v,cur_u,cur_v
2016-01-01,-0.33,-4.67,,
2016-01-02,-0.85,-6.06,,
2016-01-03,-0.22,-4.26,,
2016-01-04,1.59,-5.20,,
2016-01-05,-5.68,-5.88,,
2016-01-06,-5.96,-4.49,,
2016-01-07,-5.68,-2.53,,
2016-01-08,-4.90,-0.43,,
2016-01-09,-6.04,1.62,,
2016-01-10,6.62,-2.41,,
2016-01-11,0.47,-4.51,,
2016-01-12,0.16,-2.97,,
2016-01-13,0.18,-3.42,,
2016-01-14,-3.54,-1.08,,
2016-01-15,2.08,8.35,,
2016-01-16,2.13,-0.07,,
2016-01-17,1.22,-6.30,,
2016-01-18,1.12,-5.25,,
2016-01-19,0.00,-4.34,,
2016-01-20,-4.19,0.07,,
2016-01-21,-2.08,4.08,,
2016-01-22,5.14,7.62,,
2016-01-23,7.19,-5.82,,
2016-01-24,2.45,-3.92,,
2016-01-25,-1.49,2.21,,
2016-01-26,-3.58,2.33,,
2016-01-27,-2.73,1.51,,
2016-01-28,0.56,-3.97,,
2016-01-29,4.83,-3.02,,
2016-01-30,2.57,1.48,,
2016-01-31,-2.07,3.74,,
2016-02-01,-2.28,2.71,,
2016-02-02,-3.25,3.03,,
2016-02-03,-1.68,7.27,,
2016-02-04,2.27,-5.09,,
2016-02-05,1.17,-7.41,,
2016-02-06,-2.22,-4.55,,
2016-02-07,1.79,-5.21,,
2016-02-08,6.68,-0.58,,
2016-02-09,8.99,-3.63,,
2016-02-10,5.34,-4.64,,
2016-02-11,3.97,0.99,,
2016-02-12,6.78,2.47,,
2016-02-13,2.88,-4.99,,
2016-02-14,-5.08,-2.82,,
2016-02-15,-4.73,4.26,,
2016-02-16,4.48,1.37,,
2016-02-17,3.35,-0.71,,
2016-02-18,-2.23,-4.19,,
2016-02-19,-5.04,0.26,,
2016-02-20,-1.94,1.69,,
2016-02-21,0.18,2.54,,
2016-02-22,-0.15,2.80,,
2016-02-23,-2.17,4.45,,
2016-02-24,7.57,6.35,,
2016-02-25,6.93,-3.38,,
2016-02-26,3.56,-4.56,,
2016-02-27,0.94,-3.27,,
2016-02-28,1.76,-2.51,,
2016-02-29,1.00,2.60,,
2016-03-01,0.31,2.93,,
2016-03-02,5.16,-0.54,,
2016-03-03,-4.32,-0.08,,
2016-03-04,4.53,-3.06,,
2016-03-05,-1.36,-2.56,,
2016-03-06,1.81,-3.26,,
2016-03-07,-4.37,1.68,,
2016-03-08,-4.10,2.56,,
2016-03-09,-4.61,3.87,,
2016-03-10,-4.15,4.77,,
2016-03-11,-3.49,3.87,,
2016-03-12,-3.49,2.92,,
2016-03-13,0.49,5.60,,
2016-03-14,3.13,3.02,,
2016-03-15,3.66,1.94,,
2016-03-16,3.24,1.79,,
2016-03-17,2.39,2.56,,
2016-03-18,-0.27,2.55,,
2016-03-19,-3.71,0.86,,
2016-03-20,2.72,-4.36,,
2016-03-21,2.64,-6.87,,
2016-03-22,-1.23,-2.53,,
2016-03-23,-1.71,3.51,,
2016-03-24,-2.86,3.80,,
2016-03-25,1.61,5.61,,
2016-03-26,-2.02,3.96,,
2016-03-27,-1.03,2.55,,
2016-03-28,3.40,-0.06,,
2016-03-29,-0.82,-2.85,,
2016-03-30,-3.64,-0.13,,
2016-03-31,-3.53,4.69,,
2016-04-01,-0.00,5.67,,
2016-04-02,5.81,1.02,,
2016-04-03,1.65,-4.78,,
2016-04-04,2.81,-1.69,,
2016-04-05,3.11,-2.80,,
2016-04-06,-5.73,1.86,,
2016-04-07,4.39,2.24,,
2016-04-08,5.19,-0.36,,
2016-04-09,2.69,-3.71,,
2016-04-10,-4.15,-2.80,,
2016-04-11,-3.57,2.89,,
2016-04-12,0.36,3.40,,
2016-04-13,-2.51,-0.58,,
2016-04-14,-4.56,-1.22,,
2016-04-15,-6.78,-3.76,,
2016-04-16,-7.44,-3.31,,
2016-04-17,-7.16,-2.61,,
2016-04-18,-5.30,-1.32,,
2016-04-19,-3.11,0.33,,
2016-04-20,-2.07,0.80,,
2016-04-21,-2.74,3.05,,
2016-04-22,-0.00,3.82,,
2016-04-23,3.41,-0.12,,
2016-04-24,-1.59,-2.45,,
2016-04-25,-2.11,2.69,,
2016-04-26,-1.81,2.58,,
2016-04-27,-1.23,3.79,,
2016-04-28,0.66,3.40,,
2016-04-29,0.33,2.32,,
2016-04-30,-1.90,2.43,,
2016-05-01,-1.48,3.49,,
2016-05-02,-1.31,2.46,,
2016-05-03,3.09,2.16,,
2016-05-04,3.27,-3.39,,
2016-05-05,3.97,-4.11,,
2016-05-06,1.89,-4.67,,
2016-05-07,2.25,-3.34,,
2016-05-08,3.95,0.35,,
2016-05-09,0.12,3.32,,
2016-05-10,-2.44,3.24,,
2016-05-11,-1.94,2.16,,
2016-05-12,1.45,1.85,,
2016-05-13,3.41,0.30,,
2016-05-14,3.55,-1.15,,
2016-05-15,3.04,-1.97,,
2016-05-16,-3.73,-2.24,,
2016-05-17,-1.93,4.34,,
2016-05-18,1.59,1.83,,
2016-05-19,1.30,2.78,,
2016-05-20,2.48,1.00,,
2016-05-21,3.22,1.71,,
2016-05-22,3.56,-2.49,,
2016-05-23,0.48,-3.05,,
2016-05-24,2.73,-0.68,,
2016-05-25,-2.87,2.49,,
2016-05-26,-1.92,2.37,,
2016-05-27,-3.38,1.23,,
2016-05-28,-2.92,0.89,,
2016-05-29,2.04,-2.04,,
2016-05-30,3.00,-0.53,,
2016-05-31,3.32,0.83,,
2016-06-01,2.23,1.24,,
2016-06-02,2.15,0.62,,
2016-06-03,0.08,2.23,,
2016-06-04,-0.63,2.71,,
2016-06-05,-0.91,2.82,,
2016-06-06,-3.00,5.41,,
2016-06-07,0.64,-3.31,,
2016-06-08,2.36,-1.78,,
2016-06-09,2.24,0.73,,
2016-06-10,1.07,1.64,,
2016-06-11,-1.27,1.75,,
2016-06-12,1.95,1.70,,
2016-06-13,4.30,-0.53,,
2016-06-14,4.01,-0.42,,
2016-06-15,4.29,0.60,,
2016-06-16,5.52,1.17,,
2016-06-17,6.11,0.64,,
2016-06-18,3.46,-0.93,,
2016-06-19,-6.59,-1.77,,
2016-06-20,-5.57,-0.78,,
2016-06-21,-3.06,0.71,,
2016-06-22,-2.40,0.60,,
2016-06-23,1.73,1.45,,
2016-06-24,3.26,0.34,,
2016-06-25,3.37,0.72,,
2016-06-26,3.36,0.72,,
2016-06-27,2.12,0.07,,
2016-06-28,3.34,0.77,,
2016-06-29,3.60,2.00,,
2016-06-30,2.06,2.63,,
2016-07-01,2.62,2.71,,
2016-07-02,1.76,2.25,,
2016-07-03,2.63,2.73,,
2016-07-04,3.07,3.29,,
2016-07-05,3.55,2.48,,
2016-07-06,3.32,1.41,,
2016-07-07,2.80,1.82,,
2016-07-08,3.63,1.46,,
2016-07-09,3.90,1.12,,
2016-07-10,2.94,1.77,,
2016-07-11,1.60,2.66,,
2016-07-12,-0.45,1.94,,
2016-07-13,-1.69,0.65,,
2016-07-14,1.96,1.18,,
2016-07-15,1.51,1.80,,
2016-07-16,-0.23,2.67,,
2016-07-17,-1.52,2.34,,
2016-07-18,-3.14,0.33,,
2016-07-19,-1.95,-0.91,,
2016-07-20,-2.03,0.04,,
2016-07-21,1.99,-0.76,,
2016-07-22,-1.62,1.68,,
2016-07-23,-0.29,1.84,,
2016-07-24,-1.06,3.27,,
2016-07-25,-2.27,4.46,,
2016-07-26,1.74,5.35,,
2016-07-27,1.95,2.32,,
2016-07-28,2.05,1.33,,
2016-07-29,3.01,0.70,,
2016-07-30,3.08,0.65,,
2016-07-31,1.80,1.41,,
2016-08-01,0.69,1.55,,
2016-08-02,0.74,1.74,,
2016-08-03,2.43,0.65,,
2016-08-04,3.23,1.72,,
2016-08-05,2.80,0.80,,
2016-08-06,2.56,-0.54,,
2016-08-07,5.90,-0.21,,
2016-08-08,4.20,2.14,,
2016-08-09,4.67,4.36,,
2016-08-10,1.88,7.01,,
2016-08-11,1.19,5.60,,
2016-08-12,1.54,4.02,,
2016-08-13,-1.17,3.05,,
2016-08-14,-2.94,2.65,,
2016-08-15,-4.04,2.15,,
2016-08-16,-2.45,1.65,,
2016-08-17,-2.15,0.82,,
2016-08-18,-0.99,1.53,,
2016-08-19,1.93,0.27,,
2016-08-20,3.00,0.48,,
2016-08-21,3.34,0.90,,
2016-08-22,2.61,-0.46,,
2016-08-23,2.23,-1.19,,
2016-08-24,-4.22,-1.05,,
2016-08-25,-4.97,-2.11,,
2016-08-26,-5.09,-1.17,,
2016-08-27,-4.47,-0.00,,
2016-08-28,-4.08,-0.87,,
2016-08-29,-5.41,-1.35,,
2016-08-30,-6.15,-1.31,,
2016-08-31,-4.37,1.34,,
2016-09-01,-7.01,3.89,,
2016-09-02,8.58,-3.82,,
2016-09-03,0.95,2.62,,
2016-09-04,-0.87,1.96,,
2016-09-05,-4.76,-0.93,,
2016-09-06,-4.35,0.08,,
2016-09-07,-3.67,0.26,,
2016-09-08,-2.47,-0.30,,
2016-09-09,-3.25,0.34,,
2016-09-10,-2.28,1.06,,
2016-09-11,-0.84,1.16,,
2016-09-12,-2.94,-0.36,,
2016-09-13,-5.49,-1.68,,
2016-09-14,-3.54,-2.57,,
2016-09-15,-2.97,-0.00,,
2016-09-16,-2.94,1.43,,
2016-09-17,-2.76,1.47,,
2016-09-18,0.33,2.37,,
2016-09-19,2.20,-0.19,,
2016-09-20,2.12,-0.11,,
2016-09-21,-2.84,-1.32,,
2016-09-22,0.00,-1.77,,
2016-09-23,0.88,-1.17,,
2016-09-24,1.59,0.74,,
2016-09-25,-1.14,0.63,,
2016-09-26,-2.27,-1.01,,
2016-09-27,0.03,-1.64,,
2016-09-28,3.14,1.60,,
2016-09-29,4.09,0.29,,
2016-09-30,2.03,-3.52,,
2016-10-01,0.29,-2.77,,
2016-10-02,-0.13,-2.39,,
2016-10-03,-1.72,-1.60,,
2016-10-04,-4.48,-2.19,,
2016-10-05,-6.00,-3.89,,
2016-10-06,-6.47,-5.05,,
2016-10-07,-1.66,-7.17,,
2016-10-08,4.05,-3.52,,
2016-10-09,-2.40,-4.70,,
2016-10-10,-5.25,-2.12,,
2016-10-11,-5.75,-2.44,,
2016-10-12,-4.43,-3.22,,
2016-10-13,-3.09,-1.93,,
2016-10-14,-3.03,-0.48,,
2016-10-15,-4.83,-1.03,,
2016-10-16,-6.04,-0.96,,
2016-10-17,-4.77,-0.67,,
2016-10-18,-3.43,1.12,,
2016-10-19,-2.97,0.31,,
2016-10-20,-2.59,-0.36,,
2016-10-21,3.54,-3.80,,
2016-10-22,1.09,-6.16,,
2016-10-23,-1.62,-4.01,,
2016-10-24,-0.22,-1.54,,
2016-10-25,0.34,-2.42,,
2016-10-26,-3.91,-0.07,,
2016-10-27,-4.96,-0.96,,
2016-10-28,-4.21,-2.15,,
2016-10-29,-4.43,-1.53,,
2016-10-30,-3.59,-0.96,,
2016-10-31,0.54,-2.35,,
2016-11-01,-3.12,0.49,,
2016-11-02,-4.29,-0.91,,
2016-11-03,-3.44,0.06,,
2016-11-04,3.42,-1.74,,
2016-11-05,-5.43,-3.39,,
2016-11-06,-4.98,-2.32,,
2016-11-07,-6.01,-1.28,,
2016-11-08,-6.21,-1.32,,
2016-11-09,-2.30,-2.14,,
2016-11-10,-1.37,-3.58,,
2016-11-11,1.38,-1.97,,
2016-11-12,-0.12,-3.42,,
2016-11-13,-2.88,-1.53,,
2016-11-14,-1.53,-2.87,,
2016-11-15,1.89,-1.05,,
2016-11-16,2.14,-2.22,,
2016-11-17,-1.82,0.52,,
2016-11-18,-1.82,1.27,,
2016-11-19,3.53,-1.21,,
2016-11-20,0.91,-6.50,,
2016-11-21,1.02,-4.42,,
2016-11-22,-2.46,-2.93,,
2016-11-23,-4.30,0.68,,
2016-11-24,-2.05,1.85,,
2016-11-25,-1.16,1.04,,
2016-11-26,1.31,-3.80,,
2016-11-27,-3.45,-3.00,,
2016-11-28,-5.29,4.13,,
2016-11-29,-0.92,7.50,,
2016-11-30,0.12,6.96,,
2016-12-01,2.38,-4.12,,
2016-12-02,-1.78,-4.89,,
2016-12-03,-5.47,-3.29,,
2016-12-04,-6.06,3.09,,
2016-12-05,0.10,5.96,,
2016-12-06,6.38,4.81,,
2016-12-07,2.83,-2.37,,
2016-12-08,0.74,-4.21,,
2016-12-09,-1.82,-6.79,,
2016-12-10,-3.25,-5.20,,
2016-12-11,-5.14,-1.19,,
2016-12-12,0.75,3.86,,
2016-12-13,1.12,2.29,,
2016-12-14,2.57,2.08,,
2016-12-15,0.80,-4.53,,
2016-12-16,-4.54,-2.31,,
2016-12-17,-2.63,3.76,,
2016-12-18,-0.40,5.77,,
2016-12-19,-0.93,-4.38,,
2016-12-20,-2.42,-4.76,,
2016-12-21,-2.33,-3.58,,
2016-12-22,-2.52,-0.49,,
2016-12-23,-3.05,-2.13,,
2016-12-24,-3.50,-0.06,,
2016-12-25,-3.87,-0.00,,
2016-12-26,-4.89,0.09,,
2016-12-27,-2.48,1.16,,
2016-12-28,1.47,0.89,,
2016-12-29,4.65,0.49,,
2016-12-30,1.22,-6.28,,
2016-12-31,-3.90,1.58,,
2017-01-01,-3.53,7.57,,
2017-01-02,-2.56,7.03,,
2017-01-03,4.85,6.21,,
2017-01-04,3.66,-1.94,,
2017-01-05,-1.83,-3.75,,
2017-01-06,0.20,2.82,,
2017-01-07,3.31,-9.63,,
2017-01-08,-1.41,-8.89,,
2017-01-09,-5.97,-3.45,,
2017-01-10,-6.55,2.64,,
2017-01-11,-5.35,3.61,,
2017-01-12,-4.20,3.40,,
2017-01-13,-4.13,-1.34,,
2017-01-14,-3.82,-1.32,,
2017-01-15,-3.68,-1.27,,
2017-01-16,-4.71,2.94,,
2017-01-17,-3.94,3.19,,
2017-01-18,-0.74,2.43,,
2017-01-19,-1.26,2.38,,
2017-01-20,2.34,6.43,,
2017-01-21,2.57,7.47,,
2017-01-22,7.83,7.83,,
2017-01-23,12.09,-3.70,,
2017-01-24,5.81,-3.35,,
2017-01-25,2.79,3.57,,
2017-01-26,6.74,3.00,,
2017-01-27,2.62,-5.61,,
2017-01-28,3.42,-5.07,,
2017-01-29,6.11,-3.39,,
2017-01-30,5.96,-3.44,,
2017-01-31,5.01,0.97,,
2017-02-01,1.46,3.13,,
2017-02-02,0.22,4.15,,
2017-02-03,2.48,2.16,,
2017-02-04,-2.64,-6.54,,
2017-02-05,-4.34,0.08,,
2017-02-06,-2.98,0.91,,
2017-02-07,-1.20,5.62,,
2017-02-08,6.16,3.14,,
2017-02-09,7.19,-2.76,,
2017-02-10,-5.73,-4.98,,
2017-02-11,-1.90,4.96,,
2017-02-12,2.79,4.83,,
2017-02-13,4.41,-1.10,,
2017-02-14,1.29,2.76,,
2017-02-15,7.52,5.66,,
2017-02-16,4.23,-4.86,,
2017-02-17,1.48,-2.27,,
2017-02-18,-2.38,5.09,,
2017-02-19,2.69,2.26,,
2017-02-20,-3.93,-0.69,,
2017-02-21,-4.59,4.14,,
2017-02-22,-8.11,0.42,,
2017-02-23,-3.67,-5.05,,
2017-02-24,-3.98,-1.29,,
2017-02-25,5.00,0.00,,
2017-02-26,-3.65,-6.07,,
2017-02-27,-6.05,2.69,,
2017-02-28,-3.94,0.77,,
2017-03-01,-0.31,5.85,,
2017-03-02,4.39,-5.82,,
2017-03-03,-3.52,-7.23,,
2017-03-04,-5.55,-5.36,,
2017-03-05,-8.85,-0.31,,
2017-03-06,-8.35,3.54,,
2017-03-07,-5.70,5.31,,
2017-03-08,-0.08,2.42,,
2017-03-09,-2.80,0.20,,
2017-03-10,4.69,0.08,,
2017-03-11,-3.22,-4.96,,
2017-03-12,-2.06,-4.42,,
2017-03-13,-8.35,-4.07,,
2017-03-14,4.39,-6.76,,
2017-03-15,2.53,-7.34,,
2017-03-16,-1.56,-5.45,,
2017-03-17,-3.41,-1.97,,
2017-03-18,2.67,2.24,,
2017-03-19,4.75,-3.20,,
2017-03-20,-3.95,0.63,,
2017-03-21,4.27,2.67,,
2017-03-22,6.04,1.62,,
2017-03-23,-7.30,-2.80,,
2017-03-24,-8.34,0.44,,
2017-03-25,-6.08,2.84,,
2017-03-26,-1.67,4.35,,
2017-03-27,-2.33,2.59,,
2017-03-28,1.34,2.88,,
2017-03-29,-1.29,2.33,,
2017-03-30,-1.45,3.99,,
2017-03-31,4.06,6.02,,
2017-04-01,2.88,2.69,,
2017-04-02,-2.80,1.49,,
2017-04-03,-2.03,7.57,,
2017-04-04,2.64,5.41,,
2017-04-05,1.09,7.76,,
2017-04-06,9.71,-1.71,,
2017-04-07,4.89,-5.43,,
2017-04-08,1.80,-4.68,,
2017-04-09,-3.74,-1.82,,
2017-04-10,-5.38,1.44,,
2017-04-11,-5.32,1.73,,
2017-04-12,-3.42,-0.00,,
2017-04-13,-4.38,-1.42,,
2017-04-14,-5.77,0.20,,
2017-04-15,-5.80,0.41,,
2017-04-16,-4.80,2.14,,
2017-04-17,-2.36,2.28,,
2017-04-18,-2.73,0.19,,
2017-04-19,-4.46,0.87,,
2017-04-20,-4.37,1.17,,
2017-04-21,-3.14,2.64,,
2017-04-22,-0.55,2.85,,
2017-04-23,3.41,3.29,,
2017-04-24,4.96,-4.62,,
2017-04-25,4.61,-0.65,,
2017-04-26,1.06,5.43,,
2017-04-27,-1.04,7.42,,
2017-04-28,-2.95,4.72,,
2017-04-29,-4.74,3.70,,
2017-04-30,-4.42,5.27,,
2017-05-01,-0.00,8.14,,
2017-05-02,3.74,-1.21,,
2017-05-03,-4.81,-0.08,,
2017-05-04,-1.07,7.62,,
2017-05-05,11.55,-2.25,,
2017-05-06,6.16,-4.81,,
2017-05-07,6.67,-0.58,,
2017-05-08,4.69,-1.61,,
2017-05-09,2.23,-2.85,,
2017-05-10,3.83,0.68,,
2017-05-11,5.08,0.80,,
2017-05-12,3.90,3.64,,
2017-05-13,6.70,5.42,,
2017-05-14,-2.23,-5.01,,
2017-05-15,-3.27,-1.67,,
2017-05-16,-4.39,-0.69,,
2017-05-17,-4.57,3.20,,
2017-05-18,-4.67,2.48,,
2017-05-19,-6.08,1.07,,
2017-05-20,-4.42,3.33,,
2017-05-21,-2.82,4.69,,
2017-05-22,1.34,3.16,,
2017-05-23,4.15,6.39,,
2017-05-24,8.43,6.35,,
2017-05-25,8.33,-2.08,,
2017-05-26,3.44,-0.24,,
2017-05-27,3.90,2.34,,
2017-05-28,5.36,2.39,,
2017-05-29,3.78,2.55,,
2017-05-30,2.61,2.61,,
2017-05-31,1.57,0.31,,
2017-06-01,1.01,0.97,,
2017-06-02,-0.25,2.37,,
2017-06-03,1.65,0.88,,
2017-06-04,-3.11,-0.11,,
2017-06-05,1.45,5.40,,
2017-06-06,1.86,6.47,,
2017-06-07,4.55,3.18,,
2017-06-08,-4.41,-5.44,,
2017-06-09,-5.22,-0.18,,
2017-06-10,-4.93,1.60,,
2017-06-11,-3.47,2.81,,
2017-06-12,-5.16,1.38,,
2017-06-13,-4.83,0.68,,
2017-06-14,-2.09,2.68,,
2017-06-15,1.72,2.05,,
2017-06-16,4.50,0.96,,
2017-06-17,3.78,2.74,,
2017-06-18,-0.49,3.10,,
2017-06-19,-3.55,3.94,,
2017-06-20,-7.68,2.95,,
2017-06-21,-8.52,4.16,,
2017-06-22,-5.11,6.54,,
2017-06-23,-1.55,5.41,,
2017-06-24,2.51,3.45,,
2017-06-25,4.01,1.23,,
2017-06-26,-0.55,-1.91,,
2017-06-27,2.03,-0.25,,
2017-06-28,-5.09,0.27,,
2017-06-29,-3.46,3.72,,
2017-06-30,-0.39,3.68,,
2017-07-01,2.72,1.21,,
2017-07-02,3.89,0.14,,
2017-07-03,4.02,0.49,,
2017-07-04,2.88,1.40,,
2017-07-05,1.24,2.06,,
2017-07-06,0.77,2.00,,
2017-07-07,3.12,0.78,,
2017-07-08,3.90,0.97,,
2017-07-09,3.24,1.44,,
2017-07-10,1.66,2.99,,
2017-07-11,-0.70,2.61,,
2017-07-12,-2.75,2.31,,
2017-07-13,-4.07,-0.00,,
2017-07-14,-5.36,1.54,,
2017-07-15,-3.00,2.02,,
2017-07-16,0.47,2.22,,
2017-07-17,1.13,2.23,,
2017-07-18,-1.15,2.99,,
2017-07-19,0.53,-1.97,,
2017-07-20,2.08,0.07,,
2017-07-21,0.57,2.27,,
2017-07-22,2.25,2.77,,
2017-07-23,5.23,3.67,,
2017-07-24,7.55,1.88,,
2017-07-25,6.81,1.08,,
2017-07-26,3.14,-0.27,,
2017-07-27,1.59,-1.20,,
2017-07-28,2.94,1.50,,
2017-07-29,7.10,0.75,,
2017-07-30,3.41,-4.52,,
2017-07-31,-6.89,-4.31,,
2017-08-01,-5.75,-2.56,,
2017-08-02,-4.52,-1.56,,
2017-08-03,3.51,2.74,,
2017-08-04,4.27,6.10,,
2017-08-05,3.88,1.41,,
2017-08-06,-0.68,3.85,,
2017-08-07,-1.69,4.90,,
2017-08-08,0.07,1.91,,
2017-08-09,-2.56,1.14,,
2017-08-10,-2.77,-1.18,,
2017-08-11,2.23,-2.57,,
2017-08-12,4.48,-0.08,,
2017-08-13,3.78,1.76,,
2017-08-14,4.77,2.87,,
2017-08-15,5.36,0.85,,
2017-08-16,3.47,0.49,,
2017-08-17,3.67,-0.45,,
2017-08-18,4.04,-0.79,,
2017-08-19,3.22,1.11,,
2017-08-20,-2.65,-0.33,,
2017-08-21,-3.49,1.41,,
2017-08-22,-3.40,0.91,,
2017-08-23,-0.99,-2.23,,
2017-08-24,2.13,-1.92,,
2017-08-25,-2.21,-1.33,,
2017-08-26,-1.58,-3.72,,
2017-08-27,-4.21,-5.79,,
2017-08-28,-4.79,-5.13,,
2017-08-29,-2.77,4.11,,
2017-08-30,-1.36,6.99,,
2017-08-31,1.95,7.26,,
2017-09-01,4.79,4.96,,
2017-09-02,3.03,1.68,,
2017-09-03,0.19,2.21,,
2017-09-04,-2.38,-0.08,,
2017-09-05,2.01,0.50,,
2017-09-06,5.41,2.18,,
2017-09-07,-3.54,-5.90,,
2017-09-08,-4.99,-4.99,,
2017-09-09,-7.76,-5.85,,
2017-09-10,-8.97,-10.69,,
2017-09-11,2.94,-16.67,,
2017-09-12,9.99,0.35,,
2017-09-13,3.54,4.07,,
2017-09-14,0.94,3.52,,
2017-09-15,-3.13,0.61,,
2017-09-16,-4.34,-0.92,,
2017-09-17,-3.33,-2.00,,
2017-09-18,-0.34,-3.25,,
2017-09-19,2.42,-0.88,,
2017-09-20,1.96,1.00,,
2017-09-21,-1.38,-1.33,,
2017-09-22,-4.75,-1.45,,
2017-09-23,-6.59,-2.93,,
2017-09-24,-7.34,-2.39,,
2017-09-25,-5.49,-0.10,,
2017-09-26,-1.87,-1.52,,
2017-09-27,-0.62,-2.90,,
2017-09-28,3.03,-0.26,,
2017-09-29,-1.44,-0.90,,
2017-09-30,-3.13,-3.13,,
2017-10-01,-10.45,-6.04,,
2017-10-02,-12.86,-1.58,,
2017-10-03,-11.19,-3.64,,
2017-10-04,-9.80,-5.21,,
2017-10-05,-8.40,-6.10,,
2017-10-06,-9.48,-3.27,,
2017-10-07,-8.27,2.69,,
2017-10-08,-1.57,11.14,,
2017-10-09,0.29,5.48,,
2017-10-10,-3.47,0.80,,
2017-10-11,-2.10,-1.12,,
2017-10-12,-3.18,-1.55,,
2017-10-13,-4.55,-2.12,,
2017-10-14,-8.13,-3.12,,
2017-10-15,-7.09,-0.25,,
2017-10-16,-0.66,-3.12,,
2017-10-17,-5.80,-7.17,,
2017-10-18,-7.10,-5.35,,
2017-10-19,-6.85,-4.62,,
2017-10-20,-7.22,-4.00,,
2017-10-21,-8.45,-0.74,,
2017-10-22,-8.80,1.71,,
2017-10-23,2.36,8.82,,
2017-10-24,3.17,-5.07,,
2017-10-25,3.62,-6.28,,
2017-10-26,0.68,-4.85,,
2017-10-27,-3.93,3.18,,
2017-10-28,-0.99,7.04,,
2017-10-29,5.65,-7.50,,
2017-10-30,2.91,-5.05,,
2017-10-31,-1.38,-2.29,,
2017-11-01,-2.74,2.14,,
2017-11-02,-4.39,1.09,,
2017-11-03,-2.90,-1.54,,
2017-11-04,-0.47,-2.99,,
2017-11-05,-1.80,-2.48,,
2017-11-06,-2.53,-1.40,,
2017-11-07,2.84,-0.20,,
2017-11-08,3.41,0.79,,
2017-11-09,2.46,-2.73,,
2017-11-10,-3.66,-5.86,,
2017-11-11,-8.13,-4.50,,
2017-11-12,-8.37,-3.90,,
2017-11-13,-4.15,-5.31,,
2017-11-14,-4.69,-5.21,,
2017-11-15,-5.74,-4.64,,
2017-11-16,-2.09,-3.94,,
2017-11-17,-2.99,-3.20,,
2017-11-18,-1.18,2.91,,
2017-11-19,7.20,-4.15,,
2017-11-20,-4.21,-6.24,,
2017-11-21,-6.56,0.81,,
2017-11-22,-4.27,-1.90,,
2017-11-23,-4.18,-4.98,,
2017-11-24,-2.90,-4.46,,
2017-11-25,-2.44,1.04,,
2017-11-26,-1.00,-3.47,,
2017-11-27,-3.12,-5.00,,
2017-11-28,-5.57,-2.72,,
2017-11-29,-5.34,-2.38,,
2017-11-30,-3.56,-0.50,,
2017-12-01,1.02,1.36,,
2017-12-02,0.58,2.34,,
2017-12-03,-0.45,-3.18,,
2017-12-04,-6.76,-0.71,,
2017-12-05,-4.68,3.53,,
2017-12-06,5.87,0.20,,
2017-12-07,-4.12,-8.44,,
2017-12-08,-4.86,-9.14,,
2017-12-09,5.00,-7.41,,
2017-12-10,3.20,-5.54,,
2017-12-11,2.90,-3.00,,
2017-12-12,8.25,-1.31,,
2017-12-13,2.89,-5.01,,
2017-12-14,5.24,0.92,,
2017-12-15,3.97,-1.52,,
2017-12-16,-3.44,-4.74,,
2017-12-17,-4.85,2.69,,
2017-12-18,1.81,4.71,,
2017-12-19,1.40,2.53,,
2017-12-20,2.20,5.74,,
2017-12-21,4.64,0.99,,
2017-12-22,-4.26,1.06,,
2017-12-23,-0.30,5.72,,
2017-12-24,5.27,2.92,,
2017-12-25,0.61,-6.96,,
2017-12-26,-5.74,-3.73,,
2017-12-27,-4.05,-4.19,,
2017-12-28,-6.26,-5.25,,
2017-12-29,-3.66,-4.21,,
2017-12-30,-1.01,-3.32,,
2017-12-31,-4.37,-1.25,,
2018-01-01,-2.24,-9.71,,
2018-01-02,-5.57,-8.91,,
2018-01-03,-0.75,-7.17,,
2018-01-04,5.02,-6.20,,
2018-01-05,0.60,-5.68,,
2018-01-06,-2.43,-4.20,,
2018-01-07,-7.86,-2.55,,
2018-01-08,-8.74,2.34,,
2018-01-09,-7.82,0.55,,
2018-01-10,-6.78,-2.88,,
2018-01-11,-6.22,0.76,,
2018-01-12,2.85,7.41,,
2018-01-13,4.55,-6.74,,
2018-01-14,-0.71,-6.73,,
2018-01-15,-3.97,-4.73,,
2018-01-16,-4.94,-1.70,,
2018-01-17,2.16,-6.66,,
2018-01-18,0.47,-6.70,,
2018-01-19,-0.98,-3.65,,
2018-01-20,-2.69,-1.88,,
2018-01-21,-4.11,-0.87,,
2018-01-22,-4.59,3.46,,
2018-01-23,5.94,3.71,,
2018-01-24,1.46,-5.85,,
2018-01-25,-3.91,-6.01,,
2018-01-26,-8.85,-2.04,,
2018-01-27,-7.93,-0.28,,
2018-01-28,-5.80,2.96,,
2018-01-29,1.44,-5.04,,
2018-01-30,0.65,-7.46,,
2018-01-31,-6.30,-2.17,,
2018-02-01,-2.84,2.84,,
2018-02-02,4.25,-5.45,,
2018-02-03,-7.02,-5.29,,
2018-02-04,-3.32,8.65,,
2018-02-05,-2.16,-5.10,,
2018-02-06,-4.67,0.49,,
2018-02-07,-1.88,5.18,,
2018-02-08,-1.23,-4.04,,
2018-02-09,-6.19,-2.50,,
2018-02-10,-5.50,1.58,,
2018-02-11,-1.55,7.30,,
2018-02-12,-4.60,0.32,,
2018-02-13,-5.24,-3.03,,
2018-02-14,-6.44,-1.97,,
2018-02-15,-2.05,1.09,,
2018-02-16,2.19,4.30,,
2018-02-17,1.89,2.10,,
2018-02-18,-0.52,3.69,,
2018-02-19,-4.86,2.47,,
2018-02-20,-6.15,2.48,,
2018-02-21,-5.39,2.75,,
2018-02-22,-4.62,1.41,,
2018-02-23,-4.46,1.20,,
2018-02-24,-3.13,3.73,,
2018-02-25,-0.99,4.64,,
2018-02-26,1.19,4.78,,
2018-02-27,-5.46,-3.83,,
2018-02-28,-5.96,2.05,,
2018-03-01,3.67,6.10,,
2018-03-02,0.54,-5.17,,
2018-03-03,-2.29,-5.14,,
2018-03-04,-3.48,-4.01,,
2018-03-05,-3.39,3.05,,
2018-03-06,1.85,6.44,,
2018-03-07,6.49,-4.05,,
2018-03-08,3.95,-5.44,,
2018-03-09,-1.48,-4.55,,
2018-03-10,-2.75,4.58,,
2018-03-11,-3.35,2.71,,
2018-03-12,5.06,-5.43,,
2018-03-13,3.02,-5.24,,
2018-03-14,3.79,-5.41,,
2018-03-15,2.04,-3.67,,
2018-03-16,1.40,4.57,,
2018-03-17,0.76,4.30,,
2018-03-18,2.55,3.50,,
2018-03-19,3.42,3.93,,
2018-03-20,8.65,3.67,,
2018-03-21,7.78,-5.45,,
2018-03-22,1.97,-6.45,,
2018-03-23,-2.47,-4.46,,
2018-03-24,-0.16,4.45,,
2018-03-25,3.83,4.73,,
2018-03-26,-7.52,-1.46,,
2018-03-27,-8.62,-0.75,,
2018-03-28,-5.38,3.63,,
2018-03-29,-3.04,6.53,,
2018-03-30,-2.13,6.55,,
2018-03-31,-4.52,-4.36,,
2018-04-01,-5.10,-0.45,,
2018-04-02,-0.96,2.26,,
2018-04-03,-1.18,3.25,,
2018-04-04,4.78,1.74,,
2018-04-05,-3.24,-5.39,,
2018-04-06,-4.22,2.34,,
2018-04-07,4.32,5.53,,
2018-04-08,-2.54,-5.45,,
2018-04-09,-4.13,2.29,,
2018-04-10,-3.03,-4.84,,
2018-04-11,-3.10,-2.43,,
2018-04-12,-1.92,3.20,,
2018-04-13,-3.50,3.26,,
2018-04-14,-4.40,5.63,,
2018-04-15,5.22,10.25,,
2018-04-16,8.82,-4.89,,
2018-04-17,3.50,-3.04,,
2018-04-18,3.20,3.31,,
2018-04-19,5.84,2.60,,
2018-04-20,-3.68,-6.12,,
2018-04-21,-8.92,-2.90,,
2018-04-22,-9.24,3.36,,
2018-04-23,2.14,7.45,,
2018-04-24,7.01,-1.11,,
2018-04-25,7.03,-1.49,,
2018-04-26,4.50,1.21,,
2018-04-27,6.52,-1.03,,
2018-04-28,5.04,-3.03,,
2018-04-29,4.81,-1.20,,
2018-04-30,-6.37,-2.57,,
2018-05-01,-5.33,2.05,,
2018-05-02,-5.31,2.48,,
2018-05-03,-5.39,1.96,,
2018-05-04,-4.01,1.79,,
2018-05-05,2.74,1.00,,
2018-05-06,4.93,-0.34,,
2018-05-07,4.81,-3.62,,
2018-05-08,-0.94,-4.08,,
2018-05-09,-1.06,2.63,,
2018-05-10,1.33,2.62,,
2018-05-11,3.86,1.41,,
2018-05-12,1.87,2.48,,
2018-05-13,1.27,2.60,,
2018-05-14,-4.87,-2.70,,
2018-05-15,-6.46,0.34,,
2018-05-16,-3.27,6.15,,
2018-05-17,3.45,1.91,,
2018-05-18,1.17,6.03,,
2018-05-19,-1.07,3.75,,
2018-05-20,-4.83,2.05,,
2018-05-21,-5.53,5.53,,
2018-05-22,-2.91,5.25,,
2018-05-23,-0.65,4.12,,
2018-05-24,-0.39,2.46,,
2018-05-25,-2.83,0.87,,
2018-05-26,-3.57,3.97,,
2018-05-27,-9.60,-2.94,,
2018-05-28,-9.60,12.29,,
2018-05-29,3.87,9.58,,
2018-05-30,-0.21,6.14,,
2018-05-31,0.50,2.85,,
2018-06-01,3.45,2.51,,
2018-06-02,6.02,0.85,,
2018-06-03,7.51,1.19,,
2018-06-04,5.86,0.31,,
2018-06-05,2.78,-1.18,,
2018-06-06,2.72,0.83,,
2018-06-07,-0.00,1.87,,
2018-06-08,0.11,3.27,,
2018-06-09,0.80,2.63,,
2018-06-10,1.81,0.38,,
2018-06-11,4.36,2.13,,
2018-06-12,4.03,1.15,,
2018-06-13,1.99,1.15,,
2018-06-14,3.66,1.94,,
2018-06-15,3.66,2.29,,
2018-06-16,3.31,3.31,,
2018-06-17,-1.51,1.57,,
2018-06-18,-2.49,-2.16,,
2018-06-19,2.91,-0.67,,
2018-06-20,5.64,0.10,,
2018-06-21,6.02,0.32,,
2018-06-22,6.83,1.08,,
2018-06-23,7.23,2.63,,
2018-06-24,4.88,2.17,,
2018-06-25,1.56,2.59,,
2018-06-26,-0.92,3.01,,
2018-06-27,2.78,2.78,,
2018-06-28,5.88,0.93,,
2018-06-29,4.74,0.00,,
2018-06-30,0.84,1.98,,
2018-07-01,0.80,5.69,,
2018-07-02,0.65,5.33,,
2018-07-03,-2.50,3.45,,
2018-07-04,-4.44,-1.79,,
2018-07-05,-5.93,0.73,,
2018-07-06,-3.48,0.68,,
2018-07-07,2.35,1.91,,
2018-07-08,0.37,2.65,,
2018-07-09,-0.29,-2.76,,
2018-07-10,1.34,-2.06,,
2018-07-11,-2.10,-2.60,,
2018-07-12,1.11,2.48,,
2018-07-13,1.78,2.96,,
2018-07-14,3.13,1.27,,
2018-07-15,0.82,1.69,,
2018-07-16,1.55,2.14,,
2018-07-17,4.72,2.00,,
2018-07-18,5.83,1.89,,
2018-07-19,5.38,1.14,,
2018-07-20,4.01,1.54,,
2018-07-21,3.73,-0.79,,
2018-07-22,9.43,0.16,,
2018-07-23,4.78,-1.83,,
2018-07-24,3.23,-2.43,,
2018-07-25,1.80,2.08,,
2018-07-26,1.59,2.28,,
2018-07-27,3.72,1.43,,
2018-07-28,3.22,1.17,,
2018-07-29,0.95,1.94,,
2018-07-30,0.79,2.97,,
2018-07-31,1.55,4.76,,
2018-08-01,1.27,8.02,,
2018-08-02,2.70,7.40,,
2018-08-03,1.65,4.54,,
2018-08-04,-3.24,1.79,,
2018-08-05,-4.28,-0.07,,
2018-08-06,-1.96,-0.03,,
2018-08-07,-2.23,-0.16,,
2018-08-08,-0.14,2.74,,
2018-08-09,4.13,3.11,,
2018-08-10,6.05,0.42,,
2018-08-11,6.77,-0.83,,
2018-08-12,4.48,-0.63,,
2018-08-13,2.67,1.54,,
2018-08-14,0.68,2.96,,
2018-08-15,1.07,3.11,,
2018-08-16,-1.00,4.01,,
2018-08-17,-0.12,3.41,,
2018-08-18,2.27,3.24,,
2018-08-19,3.57,1.98,,
2018-08-20,1.92,3.33,,
2018-08-21,3.52,2.75,,
2018-08-22,5.51,1.68,,
2018-08-23,2.79,-3.83,,
2018-08-24,-3.86,-1.88,,
2018-08-25,-5.24,0.55,,
2018-08-26,-4.22,1.13,,
2018-08-27,-4.22,1.37,,
2018-08-28,-4.22,0.90,,
2018-08-29,-4.36,2.72,,
2018-08-30,-3.69,3.10,,
2018-08-31,-6.94,3.38,,
2018-09-01,-7.01,3.12,,
2018-09-02,-6.37,1.47,,
2018-09-03,-9.14,-0.48,,
2018-09-04,-11.51,2.03,,
2018-09-05,-5.87,3.67,,
2018-09-06,-4.86,-0.34,,
2018-09-07,-4.56,-0.72,,
2018-09-08,-2.78,0.96,,
2018-09-09,0.86,2.24,,
2018-09-10,1.74,3.13,,
2018-09-11,0.85,3.16,,
2018-09-12,-1.34,-3.49,,
2018-09-13,-3.58,-1.91,,
2018-09-14,3.24,-2.72,,
2018-09-15,5.19,-1.10,,
2018-09-16,4.51,-0.32,,
2018-09-17,2.64,3.37,,
2018-09-18,2.12,1.60,,
2018-09-19,2.42,0.17,,
2018-09-20,0.45,-1.81,,
2018-09-21,-5.27,1.31,,
2018-09-22,-4.77,1.37,,
2018-09-23,-4.27,2.17,,
2018-09-24,-4.29,3.12,,
2018-09-25,-3.33,2.42,,
2018-09-26,-1.79,2.29,,
2018-09-27,0.55,4.46,,
2018-09-28,0.09,2.47,,
2018-09-29,-3.63,-1.46,,
2018-09-30,-4.04,-0.07,,
2018-10-01,-6.49,-2.36,,
2018-10-02,-7.24,-1.15,,
2018-10-03,-6.18,-0.22,,
2018-10-04,-5.17,-0.54,,
2018-10-05,-4.83,0.34,,
2018-10-06,-5.13,1.18,,
2018-10-07,-7.57,0.93,,
2018-10-08,-10.85,-0.57,,
2018-10-09,-12.76,0.22,,
2018-10-10,-8.80,18.05,,
2018-10-11,9.42,-0.66,,
2018-10-12,1.61,-5.26,,
2018-10-13,-0.35,-3.99,,
2018-10-14,-4.63,1.42,,
2018-10-15,-3.78,3.06,,
2018-10-16,-2.41,1.75,,
2018-10-17,-2.74,-0.19,,
2018-10-18,-3.74,-4.46,,
2018-10-19,-6.20,-0.54,,
2018-10-20,2.78,0.80,,
2018-10-21,-0.75,-7.17,,
2018-10-22,-7.40,-1.57,,
2018-10-23,-3.39,-4.19,,
2018-10-24,-4.96,-3.74,,
2018-10-25,-9.12,-0.16,,
2018-10-26,8.41,6.57,,
2018-10-27,5.67,-6.08,,
2018-10-28,2.95,-2.95,,
2018-10-29,4.96,0.52,,
2018-10-30,-4.01,-2.13,,
2018-10-31,-3.04,3.14,,
2018-11-01,-0.33,9.55,,
2018-11-02,8.45,3.76,,
2018-11-03,-2.21,-6.43,,
2018-11-04,-7.48,-1.32,,
2018-11-05,-2.16,4.23,,
2018-11-06,1.02,4.81,,
2018-11-07,-0.48,2.44,,
2018-11-08,0.60,1.97,,
2018-11-09,0.23,3.30,,
2018-11-10,0.78,-7.44,,
2018-11-11,-5.20,-5.02,,
2018-11-12,-8.15,3.29,,
2018-11-13,3.97,2.48,,
2018-11-14,-2.37,-6.87,,
2018-11-15,4.90,-6.75,,
2018-11-16,1.62,-6.48,,
2018-11-17,-1.96,-4.39,,
2018-11-18,-1.08,-3.14,,
2018-11-19,-0.96,-3.13,,
2018-11-20,0.90,-2.78,,
2018-11-21,0.09,-5.35,,
2018-11-22,-3.55,-5.26,,
2018-11-23,-6.67,-2.97,,
2018-11-24,-2.44,5.01,,
2018-11-25,-3.37,-2.45,,
2018-11-26,7.62,1.48,,
2018-11-27,4.47,-6.39,,
2018-11-28,2.73,-5.85,,
2018-11-29,-3.46,-1.26,,
2018-11-30,-3.66,5.04,,
2018-12-01,-4.53,8.18,,
2018-12-02,5.13,6.11,,
2018-12-03,3.66,1.94,,
2018-12-04,-0.10,-5.85,,
2018-12-05,1.62,-7.00,,
2018-12-06,-2.99,-5.39,,
2018-12-07,-3.14,-3.88,,
2018-12-08,-7.45,-0.00,,
2018-12-09,8.20,6.18,,
2018-12-10,4.00,-5.94,,
2018-12-11,2.40,-5.16,,
2018-12-12,-1.13,-2.32,,
2018-12-13,-6.03,0.96,,
2018-12-14,-7.58,6.36,,
2018-12-15,6.79,3.17,,
2018-12-16,3.00,-3.84,,
2018-12-17,2.18,-3.94,,
2018-12-18,0.68,-3.51,,
2018-12-19,-4.23,-0.15,,
2018-12-20,-3.93,5.83,,
2018-12-21,11.37,-2.21,,
2018-12-22,3.72,-4.76,,
2018-12-23,-1.30,2.35,,
2018-12-24,-4.77,0.50,,
2018-12-25,-4.19,-2.13,,
2018-12-26,-6.58,-3.07,,
2018-12-27,-9.62,2.58,,
2018-12-28,-2.68,8.78,,
2018-12-29,-4.49,-1.20,,
2018-12-30,-2.24,2.87,,
2018-12-31,-3.97,4.57,,
2019-01-01,-0.30,5.68,,
2019-01-02,-2.71,1.32,,
2019-01-03,0.29,5.53,,
2019-01-04,4.78,7.09,,
2019-01-05,7.54,-3.68,,
2019-01-06,0.87,-3.05,,
2019-01-07,-2.24,-0.20,,
2019-01-08,-0.56,2.45,,
2019-01-09,3.88,-4.62,,
2019-01-10,1.82,-7.30,,
2019-01-11,-4.41,-4.26,,
2019-01-12,-7.08,3.30,,
2019-01-13,4.13,4.92,,
2019-01-14,1.99,-5.79,,
2019-01-15,0.97,-4.97,,
2019-01-16,-0.64,-4.02,,
2019-01-17,-2.13,-2.36,,
2019-01-18,1.25,4.10,,
2019-01-19,0.26,7.51,,
2019-01-20,9.79,-4.56,,
2019-01-21,-0.78,-6.33,,
2019-01-22,-9.90,1.57,,
2019-01-23,-8.75,8.16,,
2019-01-24,9.88,4.19,,
2019-01-25,0.70,-6.66,,
2019-01-26,-2.21,-5.47,,
2019-01-27,-4.45,-5.69,,
2019-01-28,-1.00,-3.26,,
2019-01-29,-1.61,5.60,,
2019-01-30,-1.43,-8.13,,
2019-01-31,-6.73,-4.54,,
2019-02-01,-7.25,-2.22,,
2019-02-02,-6.20,-2.89,,
2019-02-03,-5.14,-1.77,,
2019-02-04,-3.83,-0.33,,
2019-02-05,-2.27,0.74,,
2019-02-06,-2.25,1.63,,
2019-02-07,-2.19,3.01,,
2019-02-08,3.55,0.50,,
2019-02-09,-4.61,-6.84,,
2019-02-10,-8.12,-3.28,,
2019-02-11,-5.80,0.92,,
2019-02-12,-0.00,6.06,,
2019-02-13,0.73,-5.98,,
2019-02-14,-4.23,-1.54,,
2019-02-15,-0.70,3.95,,
2019-02-16,2.94,4.89,,
2019-02-17,-0.63,5.15,,
2019-02-18,-0.80,6.50,,
2019-02-19,-7.57,-3.21,,
2019-02-20,-7.31,2.09,,
2019-02-21,-1.93,4.77,,
2019-02-22,-3.35,2.09,,
2019-02-23,-3.03,3.25,,
2019-02-24,4.89,4.56,,
2019-02-25,-4.69,-6.69,,
2019-02-26,-7.39,-0.00,,
2019-02-27,-3.48,0.30,,
2019-02-28,-1.59,1.65,,
2019-03-01,2.32,4.18,,
2019-03-02,3.05,3.51,,
2019-03-03,2.40,4.34,,
2019-03-04,5.41,-4.70,,
2019-03-05,1.37,-6.47,,
2019-03-06,0.45,-6.47,,
2019-03-07,-4.38,-1.68,,
2019-03-08,-2.16,3.20,,
2019-03-09,-2.44,3.48,,
2019-03-10,-0.63,4.50,,
2019-03-11,-0.19,2.17,,
2019-03-12,-3.53,-3.92,,
2019-03-13,-7.51,2.30,,
2019-03-14,-6.11,5.50,,
2019-03-15,-0.78,4.01,,
2019-03-16,-0.22,-6.40,,
2019-03-17,-2.65,-4.78,,
2019-03-18,-3.09,-5.34,,
2019-03-19,-3.86,-5.73,,
2019-03-20,-5.79,-2.82,,
2019-03-21,4.92,-2.09,,
2019-03-22,5.59,-2.15,,
2019-03-23,-0.09,-4.95,,
2019-03-24,-3.51,1.14,,
2019-03-25,2.19,2.27,,
2019-03-26,5.94,-0.73,,
2019-03-27,-4.43,-7.66,,
2019-03-28,-6.19,-3.58,,
2019-03-29,-4.17,-0.37,,
2019-03-30,-1.03,2.83,,
2019-03-31,4.56,2.85,,
2019-04-01,-4.28,-6.11,,
2019-04-02,-1.66,-5.42,,
2019-04-03,-4.58,0.64,,
2019-04-04,-6.99,2.00,,
2019-04-05,-1.09,6.18,,
2019-04-06,-1.81,3.02,,
2019-04-07,-4.20,0.52,,
2019-04-08,-2.54,5.46,,
2019-04-09,5.51,6.34,,
2019-04-10,4.74,-0.50,,
2019-04-11,-3.84,1.87,,
2019-04-12,-1.75,2.80,,
2019-04-13,-4.35,3.52,,
2019-04-14,0.32,9.16,,
2019-04-15,6.03,-5.63,,
2019-04-16,-3.63,-3.38,,
2019-04-17,-4.01,1.54,,
2019-04-18,-3.52,4.05,,
2019-04-19,7.77,9.59,,
2019-04-20,10.45,-1.84,,
2019-04-21,5.18,-1.20,,
2019-04-22,3.85,-1.03,,
2019-04-23,2.84,-1.39,,
2019-04-24,2.55,0.83,,
2019-04-25,-1.80,3.11,,
2019-04-26,6.93,1.60,,
2019-04-27,-1.95,-4.59,,
2019-04-28,-1.95,2.24,,
2019-04-29,-3.29,-1.07,,
2019-04-30,-4.63,0.41,,
2019-05-01,-3.90,1.66,,
2019-05-02,-4.88,-0.17,,
2019-05-03,-4.28,0.68,,
2019-05-04,1.26,4.68,,
2019-05-05,5.90,5.70,,
2019-05-06,4.64,-0.74,,
2019-05-07,1.19,-3.09,,
2019-05-08,-4.41,2.97,,
2019-05-09,-4.66,4.83,,
2019-05-10,-3.29,2.86,,
2019-05-11,-2.50,4.32,,
2019-05-12,1.28,6.04,,
2019-05-13,5.23,2.66,,
2019-05-14,2.45,-4.81,,
2019-05-15,-1.91,-4.99,,
2019-05-16,-0.47,-4.52,,
2019-05-17,-0.20,2.84,,
2019-05-18,-2.79,1.96,,
2019-05-19,-2.32,3.20,,
2019-05-20,0.19,2.66,,
2019-05-21,0.84,2.19,,
2019-05-22,-1.60,2.47,,
2019-05-23,-3.98,2.39,,
2019-05-24,-4.88,2.82,,
2019-05-25,1.41,2.26,,
2019-05-26,1.04,3.03,,
2019-05-27,3.78,0.53,,
2019-05-28,4.17,-0.22,,
2019-05-29,2.23,2.86,,
2019-05-30,1.83,4.31,,
2019-05-31,3.83,3.10,,
2019-06-01,5.63,1.10,,
2019-06-02,5.61,0.59,,
2019-06-03,4.96,0.70,,
2019-06-04,4.65,0.57,,
2019-06-05,1.91,3.06,,
2019-06-06,1.98,3.89,,
2019-06-07,4.72,5.43,,
2019-06-08,6.06,7.48,,
2019-06-09,5.59,6.66,,
2019-06-10,4.65,3.90,,
2019-06-11,2.28,1.54,,
2019-06-12,5.03,4.07,,
2019-06-13,5.04,2.04,,
2019-06-14,-4.48,-0.79,,
2019-06-15,-3.66,3.66,,
2019-06-16,-2.36,1.78,,
2019-06-17,-2.59,3.99,,
2019-06-18,1.04,3.63,,
2019-06-19,6.54,4.76,,
2019-06-20,7.97,5.17,,
2019-06-21,7.12,3.32,,
2019-06-22,5.31,2.71,,
2019-06-23,4.09,2.97,,
2019-06-24,4.20,3.52,,
2019-06-25,6.02,2.07,,
2019-06-26,1.70,-4.00,,
2019-06-27,-0.54,-3.07,,
2019-06-28,-4.28,0.22,,
2019-06-29,-3.29,2.48,,
2019-06-30,-0.86,3.22,,
2019-07-01,5.28,0.09,,
2019-07-02,6.40,-0.56,,
2019-07-03,5.55,-1.59,,
2019-07-04,2.99,-0.97,,
2019-07-05,-0.13,2.51,,
2019-07-06,1.62,3.18,,
2019-07-07,4.41,2.34,,
2019-07-08,5.11,-0.81,,
2019-07-09,3.99,-1.22,,
2019-07-10,-1.71,4.97,,
2019-07-11,-2.46,8.03,,
2019-07-12,-1.41,8.92,,
2019-07-13,-2.18,7.60,,
2019-07-14,-3.66,4.07,,
2019-07-15,-1.90,1.77,,
2019-07-16,-0.86,1.14,,
2019-07-17,1.58,1.19,,
2019-07-18,2.59,2.33,,
2019-07-19,2.34,1.30,,
2019-07-20,-1.44,3.09,,
2019-07-21,-0.23,2.63,,
2019-07-22,0.72,4.10,,
2019-07-23,4.62,2.25,,
2019-07-24,4.08,-1.02,,
2019-07-25,-5.57,-1.39,,
2019-07-26,-5.46,0.57,,
2019-07-27,-3.64,-1.04,,
2019-07-28,-4.43,-1.79,,
2019-07-29,-3.85,-1.96,,
2019-07-30,-1.86,-2.76,,
2019-07-31,-2.46,-0.99,,
2019-08-01,-0.35,2.47,,
2019-08-02,-3.61,1.92,,
2019-08-03,-2.04,0.51,,
2019-08-04,2.92,-0.36,,
2019-08-05,5.41,0.57,,
2019-08-06,5.44,1.56,,
2019-08-07,6.01,0.84,,
2019-08-08,6.40,0.34,,
2019-08-09,5.86,0.10,,
2019-08-10,5.43,0.09,,
2019-08-11,4.60,-1.15,,
2019-08-12,4.20,-0.66,,
2019-08-13,1.87,1.04,,
2019-08-14,2.25,2.88,,
2019-08-15,3.01,2.62,,
2019-08-16,4.82,1.47,,
2019-08-17,6.02,6.02,,
2019-08-18,5.12,8.88,,
2019-08-19,6.28,3.20,,
2019-08-20,1.14,3.99,,
2019-08-21,-2.47,1.93,,
2019-08-22,-2.58,1.94,,
2019-08-23,-0.83,2.29,,
2019-08-24,1.11,-3.23,,
2019-08-25,-3.51,-0.88,,
2019-08-26,-3.25,3.60,,
2019-08-27,3.05,2.30,,
2019-08-28,4.17,-2.22,,
2019-08-29,-1.69,-3.79,,
2019-08-30,-5.15,-2.86,,
2019-08-31,-6.94,-0.73,,
2019-09-01,-7.45,-2.14,,
2019-09-02,-5.97,-4.03,,
2019-09-03,-3.99,-4.44,,
2019-09-04,1.28,-4.78,,
2019-09-05,6.47,-1.98,,
2019-09-06,5.73,-2.43,,
2019-09-07,3.58,-1.90,,
2019-09-08,3.36,1.94,,
2019-09-09,0.31,2.94,,
2019-09-10,-3.46,-0.00,,
2019-09-11,-4.82,-0.25,,
2019-09-12,-5.24,-1.60,,
2019-09-13,-6.40,-1.84,,
2019-09-14,-8.78,-2.85,,
2019-09-15,-7.35,-3.12,,
2019-09-16,-3.91,-0.83,,
2019-09-17,4.15,-1.27,,
2019-09-18,5.46,-0.87,,
2019-09-19,-8.28,0.58,,
2019-09-20,-9.93,-2.29,,
2019-09-21,-9.72,-0.85,,
2019-09-22,-7.17,0.13,,
2019-09-23,-4.54,0.24,,
2019-09-24,5.00,-1.82,,
2019-09-25,6.00,1.17,,
2019-09-26,5.34,1.33,,
2019-09-27,4.28,1.23,,
2019-09-28,-2.44,2.20,,
2019-09-29,-5.51,1.17,,
2019-09-30,-5.11,-0.09,,
2019-10-01,-5.57,-0.88,,
2019-10-02,-6.73,-0.83,,
2019-10-03,-4.23,1.21,,
2019-10-04,-4.03,1.08,,
2019-10-05,-4.21,-0.59,,
2019-10-06,-8.22,-0.57,,
2019-10-07,-8.57,-3.12,,
2019-10-08,-6.17,-3.15,,
2019-10-09,-6.18,-0.98,,
2019-10-10,-8.67,-1.07,,
2019-10-11,-7.96,-0.00,,
2019-10-12,-2.61,1.90,,
2019-10-13,0.06,3.67,,
2019-10-14,-0.46,2.36,,
2019-10-15,-1.22,2.75,,
2019-10-16,7.65,2.34,,
2019-10-17,0.00,-4.54,,
2019-10-18,-6.80,-2.21,,
2019-10-19,-9.07,9.07,,
2019-10-20,4.98,-2.65,,
2019-10-21,-2.54,3.13,,
2019-10-22,6.52,0.57,,
2019-10-23,-1.63,-6.55,,
2019-10-24,-5.63,-3.12,,
2019-10-25,-8.51,1.65,,
2019-10-26,-6.44,6.90,,
2019-10-27,5.47,-0.19,,
2019-10-28,1.55,-1.85,,
2019-10-29,-3.39,-1.37,,
2019-10-30,-5.56,2.83,,
2019-10-31,3.92,5.02,,
2019-11-01,-0.70,-8.04,,
2019-11-02,-1.01,-6.37,,
2019-11-03,-2.67,-6.95,,
2019-11-04,-5.96,-2.65,,
2019-11-05,-4.67,-0.82,,
2019-11-06,-4.88,-3.29,,
2019-11-07,-5.84,-1.35,,
2019-11-08,-1.45,-4.74,,
2019-11-09,-5.01,-5.97,,
2019-11-10,-3.49,-3.37,,
2019-11-11,-3.56,-0.50,,
2019-11-12,5.14,-4.16,,
2019-11-13,-5.03,-8.70,,
2019-11-14,-6.25,-5.82,,
2019-11-15,0.53,-7.62,,
2019-11-16,2.52,-7.76,,
2019-11-17,-1.82,-4.75,,
2019-11-18,3.79,-2.75,,
2019-11-19,3.99,-3.00,,
2019-11-20,2.29,-3.67,,
2019-11-21,-5.51,-1.79,,
2019-11-22,-2.68,2.50,,
2019-11-23,1.32,6.20,,
2019-11-24,4.99,-3.76,,
2019-11-25,-0.06,-3.18,,
2019-11-26,-4.56,1.39,,
2019-11-27,-1.04,5.36,,
2019-11-28,1.15,-3.55,,
2019-11-29,-1.90,-3.29,,
2019-11-30,-1.17,2.51,,
2019-12-01,6.39,5.36,,
2019-12-02,7.66,-5.77,,
2019-12-03,3.70,-5.09,,
2019-12-04,4.18,-3.51,,
2019-12-05,0.00,-3.74,,
2019-12-06,-3.05,2.47,,
2019-12-07,-4.30,2.01,,
2019-12-08,-8.11,-0.57,,
2019-12-09,-2.40,6.96,,
2019-12-10,-0.72,5.13,,
2019-12-11,-1.48,-8.39,,
2019-12-12,-8.85,-5.32,,
2019-12-13,-6.40,0.56,,
2019-12-14,5.43,-1.56,,
2019-12-15,-3.48,0.49,,
2019-12-16,-4.67,3.91,,
2019-12-17,1.86,8.07,,
2019-12-18,1.21,-9.85,,
2019-12-19,-2.89,-7.15,,
2019-12-20,-7.35,-5.34,,
2019-12-21,-8.85,-4.12,,
2019-12-22,-11.39,3.27,,
2019-12-23,4.18,-3.63,,
2019-12-24,3.39,-4.33,,
2019-12-25,-3.17,-2.95,,
2019-12-26,-5.94,-2.28,,
2019-12-27,-6.34,-1.58,,
2019-12-28,-6.29,-0.66,,
2019-12-29,-4.42,3.71,,
2019-12-30,5.74,3.59,,
2019-12-31,3.91,-4.20,,
2020-01-01,1.11,-3.61,,
2020-01-02,-3.27,3.90,,
2020-01-03,-0.34,9.78,,
2020-01-04,8.47,2.59,,
2020-01-05,2.47,-5.81,,
2020-01-06,2.02,-2.09,,
2020-01-07,5.04,-0.44,,
2020-01-08,-1.25,-5.43,,
2020-01-09,-7.95,-0.14,,
2020-01-10,-7.97,2.14,,
2020-01-11,-6.45,8.88,,
2020-01-12,-0.98,5.04,,
2020-01-13,-4.09,2.76,,
2020-01-14,-3.22,1.57,,
2020-01-15,-3.04,1.55,,
2020-01-16,0.61,2.66,,
2020-01-17,-6.73,-4.37,,
2020-01-18,-9.03,1.27,,
2020-01-19,7.29,2.09,,
2020-01-20,0.72,-8.24,,
2020-01-21,-0.42,-8.02,,
2020-01-22,-2.23,-6.14,,
2020-01-23,-7.76,-2.67,,
2020-01-24,-0.37,7.01,,
2020-01-25,4.40,-3.70,,
2020-01-26,1.28,-3.02,,
2020-01-27,-4.61,1.23,,
2020-01-28,-2.75,-4.07,,
2020-01-29,-6.19,-0.65,,
2020-01-30,-5.18,-5.18,,
2020-01-31,-5.72,-2.20,,
2020-02-01,0.57,-5.40,,
2020-02-02,4.39,-3.56,,
2020-02-03,3.29,1.26,,
2020-02-04,-1.00,5.12,,
2020-02-05,-3.83,6.38,,
2020-02-06,1.26,12.02,,
2020-02-07,11.46,-2.02,,
2020-02-08,-2.74,2.30,,
2020-02-09,-5.81,-1.02,,
2020-02-10,-6.13,3.54,,
2020-02-11,-1.11,5.70,,
2020-02-12,-2.47,3.80,,
2020-02-13,2.14,7.98,,
2020-02-14,-0.90,-6.44,,
2020-02-15,-5.11,-5.67,,
2020-02-16,-5.26,-1.92,,
2020-02-17,-5.05,0.62,,
2020-02-18,-3.11,2.80,,
2020-02-19,-0.79,2.44,,
2020-02-20,-4.41,0.46,,
2020-02-21,-3.81,-8.97,,
2020-02-22,-5.50,-6.33,,
2020-02-23,-3.83,-2.68,,
2020-02-24,-3.21,3.69,,
2020-02-25,3.34,7.17,,
2020-02-26,5.66,1.84,,
2020-02-27,3.67,-6.11,,
2020-02-28,4.24,-3.43,,
2020-02-29,6.81,-3.03,,
2020-03-01,-3.57,2.32,,
2020-03-02,-2.38,5.89,,
2020-03-03,-0.00,7.43,,
2020-03-04,1.02,6.44,,
2020-03-05,3.08,8.46,,
2020-03-06,3.98,-5.89,,
2020-03-07,-2.24,-6.16,,
2020-03-08,-7.89,-1.82,,
2020-03-09,-7.08,0.87,,
2020-03-10,-2.95,3.52,,
2020-03-11,0.95,1.95,,
2020-03-12,1.69,2.81,,
2020-03-13,0.61,3.15,,
2020-03-14,-2.49,-0.09,,
2020-03-15,2.70,-0.24,,
2020-03-16,-3.57,-0.89,,
2020-03-17,-1.83,3.59,,
2020-03-18,-2.26,2.51,,
2020-03-19,-2.95,3.16,,
2020-03-20,-2.22,3.06,,
2020-03-21,0.19,2.78,,
2020-03-22,1.29,2.06,,
2020-03-23,-0.00,2.79,,
2020-03-24,2.66,4.26,,
2020-03-25,6.66,4.16,,
2020-03-26,3.83,1.17,,
2020-03-27,1.82,4.29,,
2020-03-28,-0.59,4.77,,
2020-03-29,0.61,4.99,,
2020-03-30,0.62,2.91,,
2020-03-31,5.84,6.27,,
2020-04-01,2.45,-7.54,,
2020-04-02,-2.20,-4.72,,
2020-04-03,-1.60,-2.89,,
2020-04-04,3.33,0.89,,
2020-04-05,2.90,1.11,,
2020-04-06,-3.37,0.84,,
2020-04-07,0.06,1.69,,
2020-04-08,5.22,3.26,,
2020-04-09,7.88,2.56,,
2020-04-10,4.82,-2.67,,
2020-04-11,-5.29,-2.47,,
2020-04-12,-4.54,6.25,,
2020-04-13,4.46,8.40,,
2020-04-14,-0.76,2.82,,
2020-04-15,3.96,-4.56,,
2020-04-16,-4.87,-5.81,,
2020-04-17,-7.65,0.94,,
2020-04-18,3.26,3.15,,
2020-04-19,2.12,4.35,,
2020-04-20,8.50,4.52,,
2020-04-21,4.46,-1.62,,
2020-04-22,-3.25,-3.60,,
2020-04-23,-3.38,8.36,,
2020-04-24,3.96,2.99,,
2020-04-25,2.55,2.47,,
2020-04-26,5.48,-2.92,,
2020-04-27,1.44,-6.24,,
2020-04-28,-3.88,2.82,,
2020-04-29,-2.15,6.61,,
2020-04-30,8.82,-0.77,,
2020-05-01,4.05,-3.16,,
2020-05-02,2.67,-2.40,,
2020-05-03,1.94,2.23,,
2020-05-04,2.96,2.15,,
2020-05-05,2.90,5.02,,
2020-05-06,6.04,-0.53,,
2020-05-07,0.33,-6.33,,
2020-05-08,-0.10,5.47,,
2020-05-09,3.78,-6.06,,
2020-05-10,-6.91,-1.98,,
2020-05-11,2.04,-3.67,,
2020-05-12,-6.32,-2.43,,
2020-05-13,-5.52,2.46,,
2020-05-14,-7.32,1.82,,
2020-05-15,-6.27,1.45,,
2020-05-16,-4.88,0.69,,
2020-05-17,-3.56,2.78,,
2020-05-18,2.52,6.23,,
2020-05-19,5.43,3.52,,
2020-05-20,6.17,3.71,,
2020-05-21,2.43,3.10,,
2020-05-22,-1.15,4.00,,
2020-05-23,-2.31,1.74,,
2020-05-24,-4.67,-0.49,,
2020-05-25,-7.62,0.53,,
2020-05-26,-9.18,0.16,,
2020-05-27,-3.90,2.63,,
2020-05-28,1.77,4.62,,
2020-05-29,-1.38,4.80,,
2020-05-30,2.53,3.01,,
2020-05-31,3.65,0.91,,
2020-06-01,-4.51,-1.73,,
2020-06-02,-7.87,1.53,,
2020-06-03,-2.88,2.69,,
2020-06-04,-2.22,2.84,,
2020-06-05,0.30,4.36,,
2020-06-06,-6.94,4.68,,
2020-06-07,-7.56,7.56,,
2020-06-08,-2.59,9.65,,
2020-06-09,-0.71,5.79,,
2020-06-10,0.73,4.15,,
2020-06-11,3.01,2.80,,
2020-06-12,-1.83,-2.43,,
2020-06-13,-4.56,-0.72,,
2020-06-14,-5.52,-1.48,,
2020-06-15,-3.98,-1.77,,
2020-06-16,-4.78,0.17,,
2020-06-17,-5.71,-1.11,,
2020-06-18,-2.41,1.28,,
2020-06-19,3.02,0.21,,
2020-06-20,4.18,-0.15,,
2020-06-21,4.71,1.00,,
2020-06-22,3.64,2.95,,
2020-06-23,4.71,3.81,,
2020-06-24,4.27,3.84,,
2020-06-25,2.72,3.61,,
2020-06-26,-2.94,0.95,,
2020-06-27,-2.81,-1.25,,
2020-06-28,2.37,3.52,,
2020-06-29,4.62,2.46,,
2020-06-30,5.19,0.36,,
2020-07-01,5.53,0.00,,
2020-07-02,6.66,0.00,,
2020-07-03,5.11,-0.27,,
2020-07-04,1.91,1.19,,
2020-07-05,2.87,2.41,,
2020-07-06,4.96,6.83,,
2020-07-07,8.25,2.36,,
2020-07-08,7.46,-1.05,,
2020-07-09,5.99,-2.30,,
2020-07-10,6.67,-1.30,,
2020-07-11,5.96,-0.52,,
2020-07-12,4.43,-0.62,,
2020-07-13,4.94,0.96,,
2020-07-14,4.71,2.51,,
2020-07-15,2.75,1.86,,
2020-07-16,-2.35,1.05,,
2020-07-17,-3.74,0.33,,
2020-07-18,-4.33,1.41,,
2020-07-19,-3.88,1.65,,
2020-07-20,-2.98,0.53,,
2020-07-21,-3.82,1.39,,
2020-07-22,-6.85,2.91,,
2020-07-23,-7.91,4.75,,
2020-07-24,-6.56,5.50,,
2020-07-25,-5.92,2.27,,
2020-07-26,-4.48,0.63,,
2020-07-27,-0.07,3.96,,
2020-07-28,3.83,2.30,,
2020-07-29,2.50,3.32,,
2020-07-30,4.87,2.38,,
2020-07-31,4.92,1.79,,
2020-08-01,3.34,1.93,,
2020-08-02,2.21,-2.93,,
2020-08-03,4.60,-1.59,,
2020-08-04,5.68,1.74,,
2020-08-05,3.33,1.85,,
2020-08-06,1.23,3.78,,
2020-08-07,1.66,3.73,,
2020-08-08,2.35,2.19,,
2020-08-09,2.59,1.49,,
2020-08-10,3.66,1.05,,
2020-08-11,4.42,0.23,,
2020-08-12,1.06,2.49,,
2020-08-13,2.05,2.93,,
2020-08-14,2.81,3.47,,
2020-08-15,6.24,2.03,,
2020-08-16,6.25,0.55,,
2020-08-17,3.15,0.50,,
2020-08-18,3.47,1.55,,
2020-08-19,3.13,2.63,,
2020-08-20,0.56,3.54,,
2020-08-21,0.95,4.48,,
2020-08-22,0.18,5.09,,
2020-08-23,-6.92,2.66,,
2020-08-24,-8.31,2.38,,
2020-08-25,-8.70,3.69,,
2020-08-26,-6.59,3.36,,
2020-08-27,-3.94,5.22,,
2020-08-28,1.40,5.21,,
2020-08-29,6.64,5.18,,
2020-08-30,7.40,2.26,,
2020-08-31,6.30,3.35,,
2020-09-01,4.44,0.70,,
2020-09-02,3.37,1.79,,
2020-09-03,2.96,0.42,,
2020-09-04,2.83,0.20,,
2020-09-05,-0.09,-2.65,,
2020-09-06,-2.24,-3.59,,
2020-09-07,-5.20,-2.10,,
2020-09-08,-6.67,-1.66,,
2020-09-09,-7.21,-2.91,,
2020-09-10,-6.09,-1.07,,
2020-09-11,-6.16,-2.87,,
2020-09-12,-8.81,-2.36,,
2020-09-13,-12.37,-2.18,,
2020-09-14,-13.87,5.05,,
2020-09-15,-11.41,7.69,,
2020-09-16,-6.30,13.50,,
2020-09-17,10.12,5.84,,
2020-09-18,4.05,-0.64,,
2020-09-19,-7.17,-4.66,,
2020-09-20,-9.31,-6.77,,
2020-09-21,-11.01,-5.85,,
2020-09-22,-10.97,-2.94,,
2020-09-23,-7.63,2.93,,
2020-09-24,-3.77,7.73,,
2020-09-25,2.73,5.14,,
2020-09-26,0.78,-3.11,,
2020-09-27,-0.36,2.54,,
2020-09-28,2.76,4.78,,
2020-09-29,5.19,-1.99,,
2020-09-30,-0.35,-5.04,,
2020-10-01,-1.04,-3.87,,
2020-10-02,0.46,-6.61,,
2020-10-03,-3.48,-6.02,,
2020-10-04,-5.14,-5.91,,
2020-10-05,-6.40,-6.18,,
2020-10-06,-7.43,-3.31,,
2020-10-07,-6.14,-2.23,,
2020-10-08,-5.04,-0.62,,
2020-10-09,-6.02,1.84,,
2020-10-10,-4.19,7.56,,
2020-10-11,6.08,4.42,,
2020-10-12,5.97,0.42,,
2020-10-13,4.78,-0.76,,
2020-10-14,-3.12,-4.80,,
2020-10-15,-2.03,1.37,,
2020-10-16,1.23,-2.64,,
2020-10-17,-4.44,-7.11,,
2020-10-18,-6.97,-2.96,,
2020-10-19,-7.35,-3.59,,
2020-10-20,-7.32,-3.73,,
2020-10-21,-8.31,-3.88,,
2020-10-22,-8.00,-3.23,,
2020-10-23,-7.88,-0.28,,
2020-10-24,-4.69,3.17,,
2020-10-25,-2.22,-1.13,,
2020-10-26,-4.66,-2.27,,
2020-10-27,-7.27,1.54,,
2020-10-28,-6.72,4.53,,
2020-10-29,6.03,10.45,,
2020-10-30,3.84,-7.21,,
2020-10-31,-4.93,-4.44,,
2020-11-01,-2.17,-5.38,,
2020-11-02,-2.00,-8.67,,
2020-11-03,-4.42,-5.09,,
2020-11-04,-4.93,-4.77,,
2020-11-05,-6.58,-4.61,,
2020-11-06,-6.83,-4.10,,
2020-11-07,-7.37,-3.92,,
2020-11-08,-8.45,-4.68,,
2020-11-09,-9.31,-6.28,,
2020-11-10,-9.46,-3.44,,
2020-11-11,-7.55,-1.47,,
2020-11-12,3.05,-5.73,,
2020-11-13,0.78,-4.45,,
2020-11-14,-4.58,-2.86,,
2020-11-15,-1.00,3.26,,
2020-11-16,-0.21,-6.08,,
2020-11-17,-1.52,-6.58,,
2020-11-18,-5.60,-7.70,,
2020-11-19,-9.66,-4.51,,
2020-11-20,-8.12,-3.62,,
2020-11-21,-6.09,-3.80,,
2020-11-22,-5.53,-2.94,,
2020-11-23,-0.52,-4.97,,
2020-11-24,-5.91,-2.39,,
2020-11-25,-5.39,4.37,,
2020-11-26,0.44,5.05,,
2020-11-27,-0.65,2.11,,
2020-11-28,2.29,3.04,,
2020-11-29,-6.16,-0.32,,
2020-11-30,10.33,-0.90,,
2020-12-01,3.76,-7.39,,
2020-12-02,-2.54,-4.98,,
2020-12-03,-7.56,1.61,,
2020-12-04,-3.57,6.18,,
2020-12-05,1.01,-6.37,,
2020-12-06,-0.74,-3.19,,
2020-12-07,4.32,-4.17,,
2020-12-08,3.12,-7.35,,
2020-12-09,2.49,-2.58,,
2020-12-10,3.17,0.22,,
2020-12-11,-2.99,2.60,,
2020-12-12,-3.38,4.49,,
2020-12-13,-1.59,4.61,,
2020-12-14,6.76,5.09,,
2020-12-15,-1.87,-4.01,,
2020-12-16,-6.46,0.34,,
2020-12-17,3.64,-5.83,,
2020-12-18,-1.43,-6.20,,
2020-12-19,-5.94,-1.93,,
2020-12-20,-4.31,2.69,,
2020-12-21,3.33,-3.97,,
2020-12-22,2.14,-2.30,,
2020-12-23,-4.36,1.09,,
2020-12-24,0.54,10.33,,
2020-12-25,5.44,-6.96,,
2020-12-26,0.51,-4.86,,
2020-12-27,-3.63,-2.64,,
2020-12-28,-2.74,-1.92,,
2020-12-29,-4.21,-2.73,,
2020-12-30,-6.98,0.73,,
2020-12-31,-5.59,5.59,,
2021-01-01,-4.52,10.16,,
2021-01-02,2.80,4.32,,
2021-01-03,3.97,-3.83,,
2021-01-04,1.20,-3.50,,
2021-01-05,4.23,-1.46,,
2021-01-06,-2.91,-3.86,,
2021-01-07,-6.37,5.35,,
2021-01-08,6.30,-4.58,,
2021-01-09,4.12,-5.88,,
2021-01-10,-2.00,-4.49,,
2021-01-11,-4.62,4.16,,
2021-01-12,4.59,-4.59,,
2021-01-13,2.01,-4.12,,
2021-01-14,0.72,-3.11,,
2021-01-15,6.31,4.26,,
2021-01-16,8.42,-3.23,,
2021-01-17,2.69,-2.69,,
2021-01-18,4.90,-1.04,,
2021-01-19,-2.35,-1.90,,
2021-01-20,2.68,0.67,,
2021-01-21,3.99,0.85,,
2021-01-22,5.03,4.07,,
2021-01-23,-3.12,-4.46,,
2021-01-24,-5.68,-0.80,,
2021-01-25,-3.04,3.89,,
2021-01-26,-0.00,7.43,,
2021-01-27,3.73,4.15,,
2021-01-28,1.80,-7.80,,
2021-01-29,-1.63,-4.73,,
2021-01-30,-4.54,1.30,,
2021-01-31,0.85,9.73,,
2021-02-01,8.35,-6.76,,
2021-02-02,6.06,-8.04,,
2021-02-03,3.84,-5.10,,
2021-02-04,0.59,4.17,,
2021-02-05,2.99,7.39,,
2021-02-06,-8.30,-3.87,,
2021-02-07,0.66,-4.70,,
2021-02-08,-5.35,-2.38,,
2021-02-09,-2.44,3.61,,
2021-02-10,-1.38,3.24,,
2021-02-11,-2.80,1.37,,
2021-02-12,-1.41,2.26,,
2021-02-13,-3.17,6.22,,
2021-02-14,-3.73,-4.45,,
2021-02-15,-6.51,2.50,,
2021-02-16,8.35,-2.24,,
2021-02-17,-4.80,-4.63,,
2021-02-18,-2.56,8.37,,
2021-02-19,3.61,-5.56,,
2021-02-20,-1.26,-5.45,,
2021-02-21,-7.00,-2.01,,
2021-02-22,-3.63,6.04,,
2021-02-23,3.82,-2.39,,
2021-02-24,0.63,2.21,,
2021-02-25,2.04,3.15,,
2021-02-26,-0.00,4.05,,
2021-02-27,-2.36,3.78,,
2021-02-28,-2.95,3.77,,
2021-03-01,0.15,4.37,,
2021-03-02,-6.82,-4.77,,
2021-03-03,1.33,-6.82,,
2021-03-04,2.72,-3.13,,
2021-03-05,-1.55,-4.77,,
2021-03-06,-5.04,-4.08,,
2021-03-07,-4.54,-4.38,,
2021-03-08,-5.64,-1.72,,
2021-03-09,-4.84,-1.21,,
2021-03-10,-5.26,1.21,,
2021-03-11,-5.19,1.10,,
2021-03-12,-3.00,0.92,,
2021-03-13,0.62,-2.67,,
2021-03-14,-2.28,0.74,,
2021-03-15,-1.72,3.38,,
2021-03-16,-1.08,5.54,,
2021-03-17,-0.51,7.27,,
2021-03-18,5.08,8.13,,
2021-03-19,6.47,-5.43,,
2021-03-20,-5.34,-5.15,,
2021-03-21,-2.91,-5.70,,
2021-03-22,-3.75,-4.63,,
2021-03-23,-4.00,2.13,,
2021-03-24,-2.76,3.41,,
2021-03-25,-4.53,6.47,,
2021-03-26,-0.93,5.87,,
2021-03-27,-1.47,3.84,,
2021-03-28,1.24,4.99,,
2021-03-29,-3.61,-4.97,,
2021-03-30,-4.94,1.23,,
2021-03-31,-2.31,4.34,,
2021-04-01,2.04,-7.63,,
2021-04-02,-3.16,-7.45,,
2021-04-03,-5.98,-2.42,,
2021-04-04,-4.17,-0.73,,
2021-04-05,2.37,2.83,,
2021-04-06,0.61,2.89,,
2021-04-07,-0.34,3.20,,
2021-04-08,-0.44,6.32,,
2021-04-09,-0.77,5.50,,
2021-04-10,-1.34,8.44,,
2021-04-11,1.79,4.92,,
2021-04-12,4.83,-1.85,,
2021-04-13,2.53,-2.12,,
2021-04-14,-0.93,3.72,,
2021-04-15,0.43,4.09,,
2021-04-16,-3.86,-1.18,,
2021-04-17,-4.15,-0.07,,
2021-04-18,-0.92,-2.41,,
2021-04-19,3.52,-3.06,,
2021-04-20,-2.89,-3.10,,
2021-04-21,5.13,-2.18,,
2021-04-22,-3.08,-6.60,,
2021-04-23,-6.54,-1.04,,
2021-04-24,-2.69,8.28,,
2021-04-25,7.45,-0.26,,
2021-04-26,-2.18,-3.49,,
2021-04-27,-4.22,2.53,,
2021-04-28,-3.10,2.42,,
2021-04-29,-1.85,2.55,,
2021-04-30,4.01,1.46,,
2021-05-01,-1.35,-4.43,,
2021-05-02,-2.22,2.38,,
2021-05-03,-0.80,6.52,,
2021-05-04,-0.56,6.40,,
2021-05-05,1.29,4.81,,
2021-05-06,5.33,0.19,,
2021-05-07,4.44,-4.76,,
2021-05-08,-3.93,-3.66,,
2021-05-09,-2.76,4.09,,
2021-05-10,1.26,4.13,,
2021-05-11,-1.08,2.66,,
2021-05-12,2.33,1.89,,
2021-05-13,-4.08,-5.04,,
2021-05-14,-4.61,-3.73,,
2021-05-15,-6.84,-1.45,,
2021-05-16,-7.11,-0.12,,
2021-05-17,-6.12,2.23,,
2021-05-18,-7.24,2.49,,
2021-05-19,-9.28,0.98,,
2021-05-20,-9.79,0.68,,
2021-05-21,-9.33,-0.00,,
2021-05-22,-8.35,-0.00,,
2021-05-23,-4.04,2.34,,
2021-05-24,3.06,-0.65,,
2021-05-25,-2.81,2.53,,
2021-05-26,0.34,3.26,,
2021-05-27,2.55,1.78,,
2021-05-28,3.50,3.15,,
2021-05-29,6.86,3.50,,
2021-05-30,2.52,-4.73,,
2021-05-31,-5.06,-1.45,,
2021-06-01,-4.81,2.04,,
2021-06-02,-3.53,2.38,,
2021-06-03,2.14,1.34,,
2021-06-04,1.37,2.19,,
2021-06-05,0.09,2.65,,
2021-06-06,-3.70,4.11,,
2021-06-07,-2.23,5.52,,
2021-06-08,-2.35,3.76,,
2021-06-09,-1.17,2.63,,
2021-06-10,2.51,2.03,,
2021-06-11,4.64,2.37,,
2021-06-12,6.94,0.73,,
2021-06-13,6.68,-0.58,,
2021-06-14,-1.95,1.88,,
2021-06-15,6.02,1.17,,
2021-06-16,6.16,2.61,,
2021-06-17,2.51,2.88,,
2021-06-18,-1.14,4.59,,
2021-06-19,-2.98,9.18,,
2021-06-20,7.19,6.25,,
2021-06-21,5.16,3.10,,
2021-06-22,5.86,6.06,,
2021-06-23,4.75,0.92,,
2021-06-24,-0.22,3.17,,
2021-06-25,-7.10,0.50,,
2021-06-26,-6.38,1.36,,
2021-06-27,-6.45,2.10,,
2021-06-28,-6.41,0.56,,
2021-06-29,-5.60,1.19,,
2021-06-30,-5.67,1.21,,
2021-07-01,-3.45,3.22,,
2021-07-02,6.18,2.50,,
2021-07-03,7.43,0.00,,
2021-07-04,6.14,0.64,,
2021-07-05,3.92,1.74,,
2021-07-06,-5.55,2.13,,
2021-07-07,-2.45,-7.12,,
2021-07-08,4.89,1.22,,
2021-07-09,3.46,1.47,,
2021-07-10,-0.60,2.58,,
2021-07-11,1.80,2.66,,
2021-07-12,-0.47,3.38,,
2021-07-13,-4.58,2.13,,
2021-07-14,-3.21,0.45,,
2021-07-15,-3.77,0.33,,
2021-07-16,-3.65,0.06,,
2021-07-17,-2.20,1.43,,
2021-07-18,-0.51,1.58,,
2021-07-19,2.09,2.01,,
2021-07-20,4.07,3.30,,
2021-07-21,3.54,4.37,,
2021-07-22,5.63,1.72,,
2021-07-23,4.88,-1.78,,
2021-07-24,-3.83,-2.21,,
2021-07-25,-3.95,-0.91,,
2021-07-26,2.64,-0.76,,
2021-07-27,3.75,0.59,,
2021-07-28,3.77,-0.20,,
2021-07-29,3.52,-0.88,,
2021-07-30,2.80,2.70,,
2021-07-31,4.08,1.17,,
2021-08-01,5.27,0.74,,
2021-08-02,5.43,2.31,,
2021-08-03,6.93,1.73,,
2021-08-04,3.70,1.20,,
2021-08-05,-1.89,-1.64,,
2021-08-06,-2.86,-2.49,,
2021-08-07,3.36,3.14,,
2021-08-08,3.03,1.35,,
2021-08-09,1.91,1.85,,
2021-08-10,-3.53,0.62,,
2021-08-11,-3.10,1.58,,
2021-08-12,-2.86,0.45,,
2021-08-13,-3.73,-0.20,,
2021-08-14,-3.25,-0.28,,
2021-08-15,-6.55,1.51,,
2021-08-16,-12.38,8.35,,
2021-08-17,6.76,4.73,,
2021-08-18,-0.77,3.61,,
2021-08-19,-2.23,1.50,,
2021-08-20,3.62,-1.39,,
2021-08-21,3.62,-1.69,,
2021-08-22,4.54,0.48,,
2021-08-23,5.92,1.37,,
2021-08-24,2.74,2.74,,
2021-08-25,-1.41,3.33,,
2021-08-26,-6.90,-1.09,,
2021-08-27,-7.08,0.12,,
2021-08-28,-9.41,0.66,,
2021-08-29,-8.35,5.84,,
2021-08-30,-3.77,7.09,,
2021-08-31,5.09,8.15,,
2021-09-01,9.05,2.09,,
2021-09-02,6.88,-0.36,,
2021-09-03,-2.83,-0.87,,
2021-09-04,-5.53,0.48,,
2021-09-05,-3.01,1.74,,
2021-09-06,1.53,3.78,,
2021-09-07,1.73,2.66,,
2021-09-08,2.33,5.77,,
2021-09-09,8.79,1.39,,
2021-09-10,-1.23,-4.01,,
2021-09-11,-4.29,-1.73,,
2021-09-12,-6.04,1.28,,
2021-09-13,-6.22,0.11,,
2021-09-14,-4.38,-0.46,,
2021-09-15,-4.12,4.42,,
2021-09-16,-1.24,4.96,,
2021-09-17,-0.75,3.01,,
2021-09-18,-1.79,0.65,,
2021-09-19,-1.88,1.22,,
2021-09-20,2.57,2.39,,
2021-09-21,3.21,0.80,,
2021-09-22,3.55,-0.69,,
2021-09-23,-0.87,-7.12,,
2021-09-24,-2.95,-4.91,,
2021-09-25,-3.02,-3.47,,
2021-09-26,-4.11,-2.19,,
2021-09-27,-3.73,0.93,,
2021-09-28,-2.24,2.87,,
2021-09-29,-0.53,2.12,,
2021-09-30,-3.22,-0.74,,
2021-10-01,-5.05,-0.35,,
2021-10-02,-5.39,1.75,,
2021-10-03,-2.77,2.77,,
2021-10-04,-1.76,3.05,,
2021-10-05,-2.08,3.76,,
2021-10-06,-2.66,6.28,,
2021-10-07,-2.95,1.37,,
2021-10-08,-0.80,3.00,,
2021-10-09,0.18,-3.42,,
2021-10-10,-3.27,-3.76,,
2021-10-11,-5.15,-0.72,,
2021-10-12,-4.76,-2.12,,
2021-10-13,-5.42,-1.87,,
2021-10-14,-4.76,-1.36,,
2021-10-15,-3.36,-0.96,,
2021-10-16,4.05,-0.94,,
2021-10-17,-1.40,-7.97,,
2021-10-18,-5.39,-4.68,,
2021-10-19,-6.96,0.12,,
2021-10-20,-6.29,1.68,,
2021-10-21,-3.64,2.55,,
2021-10-22,2.16,2.31,,
2021-10-23,-1.76,-3.60,,
2021-10-24,-5.07,-0.44,,
2021-10-25,3.50,4.32,,
2021-10-26,4.56,-2.96,,
2021-10-27,-2.39,-3.54,,
2021-10-28,6.48,8.59,,
2021-10-29,14.58,-0.51,,
2021-10-30,5.72,-5.33,,
2021-10-31,2.92,-5.06,,
2021-11-01,-0.07,-3.90,,
2021-11-02,-1.46,-3.29,,
2021-11-03,-3.11,-3.98,,
2021-11-04,-5.60,-3.64,,
2021-11-05,-6.76,-8.06,,
2021-11-06,-2.14,-8.58,,
2021-11-07,1.22,-6.28,,
2021-11-08,0.12,-3.53,,
2021-11-09,-2.73,-3.03,,
2021-11-10,-3.61,-1.68,,
2021-11-11,-3.41,4.53,,
2021-11-12,0.92,-4.71,,
2021-11-13,4.21,-2.33,,
2021-11-14,2.27,-5.36,,
2021-11-15,1.59,-3.76,,
2021-11-16,-3.18,-1.28,,
2021-11-17,-4.87,2.17,,
2021-11-18,-4.59,-0.32,,
2021-11-19,-1.95,-5.36,,
2021-11-20,-6.75,-5.28,,
2021-11-21,-6.71,-3.42,,
2021-11-22,2.20,-2.81,,
2021-11-23,-0.13,-7.35,,
2021-11-24,-7.44,-3.16,,
2021-11-25,-5.69,-0.20,,
2021-11-26,4.65,-2.27,,
2021-11-27,-0.48,-4.54,,
2021-11-28,1.99,-2.29,,
2021-11-29,1.20,-4.79,,
2021-11-30,-1.66,-3.90,,
2021-12-01,-2.92,-1.55,,
2021-12-02,1.88,2.32,,
2021-12-03,3.38,-0.30,,
2021-12-04,1.95,1.75,,
2021-12-05,-3.79,1.09,,
2021-12-06,-1.24,3.07,,
2021-12-07,-1.83,2.34,,
2021-12-08,2.96,5.13,,
2021-12-09,-3.66,-2.28,,
2021-12-10,-4.40,3.70,,
2021-12-11,-0.98,6.17,,
2021-12-12,0.09,-5.18,,
2021-12-13,-4.83,-2.90,,
2021-12-14,-4.63,-3.12,,
2021-12-15,-5.32,-2.95,,
2021-12-16,-5.35,-1.04,,
2021-12-17,-5.10,0.63,,
2021-12-18,-3.39,5.43,,
2021-12-19,4.22,2.64,,
2021-12-20,-4.02,-6.44,,
2021-12-21,-4.32,-7.48,,
2021-12-22,3.62,-5.57,,
2021-12-23,-1.03,-4.82,,
2021-12-24,-3.17,2.76,,
2021-12-25,1.83,3.92,,
2021-12-26,4.04,1.31,,
2021-12-27,2.33,3.20,,
2021-12-28,-0.00,5.47,,
2021-12-29,-0.42,8.00,,
2021-12-30,2.30,7.09,,
2021-12-31,2.66,5.71,,
2022-01-01,0.52,7.39,0.036,0.116
2022-01-02,2.69,8.81,0.087,0.146
2022-01-03,9.50,-5.48,0.252,-0.043
2022-01-04,-3.07,-4.38,-0.071,-0.056
2022-01-05,0.07,-4.04,-0.027,-0.010
2022-01-06,0.64,3.31,0.066,0.020
2022-01-07,1.06,-6.70,0.017,-0.026
2022-01-08,-7.10,-3.01,-0.189,-0.046
2022-01-09,-6.52,4.23,-0.177,0.033
2022-01-10,3.28,-4.68,0.037,-0.031
2022-01-11,-3.36,-7.56,-0.097,-0.122
2022-01-12,-3.81,-4.23,-0.142,-0.054
2022-01-13,2.97,-3.94,0.054,-0.040
2022-01-14,4.57,-2.23,0.167,-0.025
2022-01-15,-3.61,2.72,-0.031,0.025
2022-01-16,13.31,5.38,0.294,0.099
2022-01-17,8.22,-4.94,0.302,-0.060
2022-01-18,-0.84,-4.75,0.041,-0.018
2022-01-19,-2.92,2.72,-0.056,0.053
2022-01-20,0.62,5.04,0.012,0.068
2022-01-21,-1.19,-6.75,-0.037,-0.061
2022-01-22,-2.62,-6.82,-0.091,-0.092
2022-01-23,1.08,-5.07,0.033,-0.046
2022-01-24,2.52,-2.70,0.078,-0.011
2022-01-25,-5.74,1.75,-0.057,0.014
2022-01-26,-4.91,-6.07,-0.168,-0.083
2022-01-27,-4.18,-4.81,-0.089,-0.071
2022-01-28,-1.66,-4.56,-0.042,-0.038
2022-01-29,5.52,-8.18,0.223,-0.103
2022-01-30,4.48,-1.37,0.114,0.011
2022-01-31,4.69,1.90,0.136,0.059
2022-02-01,-4.48,1.12,-0.022,0.039
2022-02-02,-8.64,3.49,-0.224,0.055
2022-02-03,-5.10,7.56,-0.133,0.116
2022-02-04,1.59,8.17,0.040,0.107
2022-02-05,0.00,-7.39,0.019,-0.089
2022-02-06,-2.28,-4.12,-0.062,-0.040
2022-02-07,-1.75,-3.94,-0.028,-0.019
2022-02-08,-0.49,-4.64,0.014,-0.055
2022-02-09,0.90,-4.24,0.027,-0.037
2022-02-10,2.51,-1.82,0.082,-0.006
2022-02-11,-2.08,-2.08,0.016,-0.017
2022-02-12,-3.11,-0.55,-0.045,-0.014
2022-02-13,1.15,-5.40,-0.005,-0.012
2022-02-14,1.59,-4.90,0.129,-0.063
2022-02-15,-5.05,-1.54,-0.085,-0.021
2022-02-16,-7.82,0.55,-0.186,0.006
2022-02-17,-5.57,6.19,-0.154,0.076
2022-02-18,4.03,5.16,0.103,0.068
2022-02-19,0.11,-6.10,0.028,-0.079
2022-02-20,-4.48,-4.17,-0.078,-0.043
2022-02-21,-3.34,1.49,-0.045,0.022
2022-02-22,-3.44,4.40,-0.053,0.049
2022-02-23,-2.57,1.04,-0.022,-0.016
2022-02-24,-1.36,2.26,-0.026,0.013
2022-02-25,0.29,2.32,0.028,-0.044
2022-02-26,-0.39,-3.71,-0.032,-0.101
2022-02-27,3.32,-0.77,0.018,-0.061
2022-02-28,1.95,-5.09,0.080,-0.104
2022-03-01,-1.57,-5.14,-0.056,-0.091
2022-03-02,2.73,-2.93,0.057,-0.020
2022-03-03,2.91,-1.23,0.097,-0.018
2022-03-04,-0.79,-2.75,0.008,-0.022
2022-03-05,-4.98,1.81,-0.113,0.033
2022-03-06,-4.49,4.04,-0.169,0.048
2022-03-07,-2.59,3.70,-0.076,0.049
2022-03-08,-1.02,3.35,-0.028,0.037
2022-03-09,2.03,6.24,0.012,0.076
2022-03-10,-4.54,2.02,-0.083,0.028
2022-03-11,-2.27,4.88,-0.111,0.028
2022-03-12,11.07,-2.35,0.161,-0.001
2022-03-13,-3.94,-7.10,-0.006,-0.104
2022-03-14,-6.64,-1.17,-0.201,-0.019
2022-03-15,-8.20,4.00,-0.191,0.021
2022-03-16,0.81,4.60,-0.031,0.006
2022-03-17,3.47,1.19,0.081,-0.003
2022-03-18,-1.50,6.02,0.038,0.115
2022-03-19,3.59,4.28,0.096,0.016
2022-03-20,0.87,-5.51,0.053,-0.041
2022-03-21,-4.88,-0.26,-0.039,-0.004
2022-03-22,-6.89,4.82,-0.170,0.072
2022-03-23,-0.51,9.79,-0.052,0.149
2022-03-24,5.46,-0.19,0.153,0.030
2022-03-25,8.56,-1.05,0.252,-0.006
2022-03-26,6.01,-2.68,0.190,-0.023
2022-03-27,5.25,-0.74,0.151,-0.003
2022-03-28,5.51,0.77,0.156,0.031
2022-03-29,3.09,3.68,0.131,0.035
2022-03-30,-3.10,6.36,-0.069,0.096
2022-03-31,1.40,9.98,-0.112,0.175
2022-04-01,4.42,-1.27,-0.021,0.028
2022-04-02,-3.37,-1.09,-0.027,0.028
2022-04-03,-2.43,-3.47,-0.072,-0.016
2022-04-04,-3.49,-0.81,-0.018,0.022
2022-04-05,-1.11,7.02,-0.040,0.085
2022-04-06,0.92,6.54,0.014,0.088
2022-04-07,8.93,2.06,0.164,0.058
2022-04-08,9.48,-2.72,0.303,-0.032
2022-04-09,7.95,-4.97,0.234,-0.038
2022-04-10,4.18,1.52,0.120,0.034
2022-04-11,-3.22,4.60,-0.088,0.076
2022-04-12,-3.82,3.09,-0.156,0.044
2022-04-13,-4.35,3.78,-0.185,0.036
2022-04-14,-0.26,4.94,-0.076,0.048
2022-04-15,-3.32,-1.84,-0.101,-0.010
2022-04-16,-2.54,2.82,-0.120,0.030
2022-04-17,0.64,1.97,0.016,0.014
2022-04-18,5.31,1.13,0.159,-0.008
2022-04-19,-1.15,-6.54,0.029,-0.092
2022-04-20,-7.34,-1.69,-0.167,-0.020
2022-04-21,-7.49,0.79,-0.218,-0.004
2022-04-22,-7.29,-1.02,-0.203,-0.023
2022-04-23,-7.27,0.25,-0.213,-0.017
2022-04-24,-6.33,1.12,-0.204,0.008
2022-04-25,-4.22,2.06,-0.150,0.032
2022-04-26,-0.00,2.05,-0.046,0.020
2022-04-27,2.26,-4.44,0.019,-0.007
2022-04-28,-6.16,-2.12,-0.088,-0.027
2022-04-29,-7.33,1.96,-0.231,-0.002
2022-04-30,-4.67,5.37,-0.178,0.047
2022-05-01,-1.83,4.11,-0.081,0.057
2022-05-02,-1.29,2.91,-0.008,0.028
2022-05-03,-1.44,2.70,-0.018,0.034
2022-05-04,-0.10,2.74,0.013,0.033
2022-05-05,2.35,1.41,0.063,0.031
2022-05-06,4.96,5.51,0.208,0.096
2022-05-07,8.71,0.00,0.251,0.051
2022-05-08,5.06,-1.55,0.077,0.004
2022-05-09,-7.54,-1.06,-0.157,-0.035
2022-05-10,-6.65,-1.05,-0.170,-0.028
2022-05-11,-2.30,-3.83,-0.034,-0.030
2022-05-12,-3.59,-3.47,-0.035,-0.013
2022-05-13,0.06,3.72,0.000,0.006
2022-05-14,2.43,1.24,0.051,-0.015
2022-05-15,3.12,1.14,0.136,-0.021
2022-05-16,4.21,1.70,0.198,0.019
2022-05-17,3.48,0.49,0.162,-0.031
2022-05-18,3.72,0.26,0.091,-0.042
2022-05-19,3.62,2.44,0.230,0.051
2022-05-20,-0.53,6.06,0.100,0.115
2022-05-21,-2.29,6.64,-0.081,0.091
2022-05-22,-4.07,5.40,-0.120,0.080
2022-05-23,0.23,6.62,0.015,0.109
2022-05-24,-3.90,2.08,-0.071,0.041
2022-05-25,-4.95,5.31,-0.153,0.058
2022-05-26,-3.37,7.57,-0.106,0.078
2022-05-27,5.73,5.53,0.114,0.084
2022-05-28,4.62,1.77,0.133,0.042
2022-05-29,-0.16,3.13,0.019,0.042
2022-05-30,-3.54,-0.50,-0.058,0.001
2022-05-31,-4.45,1.03,-0.119,0.001
2022-06-01,-4.79,-0.08,-0.127,-0.008
2022-06-02,-2.13,1.23,-0.027,0.027
2022-06-03,1.40,1.35,0.009,0.037
2022-06-04,-0.84,-3.39,-0.027,0.007
2022-06-05,-3.03,-2.36,-0.013,-0.015
2022-06-06,-2.00,0.07,-0.029,0.003
2022-06-07,-0.13,2.56,-0.011,-0.006
2022-06-08,3.40,1.11,0.110,-0.025
2022-06-09,6.36,1.35,0.192,0.035
2022-06-10,6.50,-0.23,0.183,0.010
2022-06-11,4.97,1.81,0.114,0.019
2022-06-12,5.01,3.01,0.073,0.040
2022-06-13,5.42,1.87,0.111,0.040
2022-06-14,4.87,1.77,0.142,0.029
2022-06-15,2.85,-1.78,0.046,-0.002
2022-06-16,1.65,1.89,0.046,0.017
2022-06-17,-2.98,-0.37,-0.025,-0.010
2022-06-18,5.02,0.09,0.146,-0.014
2022-06-19,-1.96,-4.62,-0.025,-0.038
2022-06-20,-6.07,1.51,-0.195,-0.000
2022-06-21,-2.14,1.99,-0.076,0.019
2022-06-22,4.45,-0.62,0.090,-0.003
2022-06-23,4.95,1.05,0.082,-0.001
2022-06-24,4.55,0.56,0.128,0.008
2022-06-25,-2.96,3.28,-0.053,0.023
2022-06-26,-4.89,1.13,-0.124,-0.004
2022-06-27,-4.54,0.64,-0.105,-0.011
2022-06-28,-4.25,1.89,-0.115,0.020
2022-06-29,-2.40,3.31,-0.065,0.028
2022-06-30,-4.07,0.94,-0.066,-0.001
2022-07-01,2.06,0.22,0.017,-0.002
2022-07-02,1.43,2.11,0.057,0.011
2022-07-03,2.05,0.87,0.089,-0.018
2022-07-04,2.22,-0.94,0.046,-0.029
2022-07-05,2.54,-0.59,0.092,-0.019
2022-07-06,2.33,0.54,0.089,-0.015
2022-07-07,3.57,0.25,0.122,-0.015
2022-07-08,2.56,2.00,0.102,0.018
2022-07-09,2.97,2.49,0.118,0.023
2022-07-10,4.69,2.19,0.160,0.034
2022-07-11,4.37,1.34,0.115,0.017
2022-07-12,3.49,5.58,0.115,0.090
2022-07-13,5.76,4.66,0.196,0.095
2022-07-14,4.09,1.17,0.116,0.005
2022-07-15,-2.42,-1.89,-0.023,-0.014
2022-07-16,-2.54,1.08,-0.055,0.017
2022-07-17,-4.17,1.20,-0.125,0.001
2022-07-18,2.08,3.91,-0.010,0.045
2022-07-19,4.89,3.56,0.151,0.081
2022-07-20,5.27,2.68,0.162,0.055
2022-07-21,3.86,3.48,0.152,0.065
2022-07-22,2.68,2.87,0.097,0.039
2022-07-23,-2.34,1.70,-0.044,-0.002
2022-07-24,-1.90,2.52,-0.068,0.030
2022-07-25,-2.28,2.28,-0.066,0.032
2022-07-26,-2.46,1.92,-0.072,0.014
2022-07-27,-1.78,3.66,-0.079,0.046
2022-07-28,2.33,4.57,0.051,0.055
2022-07-29,3.15,3.15,0.109,0.053
2022-07-30,0.49,3.08,0.028,0.032
2022-07-31,-1.61,2.39,-0.008,0.045
2022-08-01,0.46,2.61,0.039,0.015
2022-08-02,3.32,-1.21,0.077,-0.010
2022-08-03,2.67,-0.47,0.077,-0.010
2022-08-04,-0.31,2.92,0.033,0.032
2022-08-05,-2.57,1.49,-0.058,0.021
2022-08-06,-3.07,1.50,-0.052,0.012
2022-08-07,-3.83,0.61,-0.104,0.010
2022-08-08,-4.03,0.42,-0.101,0.010
2022-08-09,-2.67,2.49,-0.055,0.025
2022-08-10,-2.39,3.41,-0.076,0.039
2022-08-11,1.72,5.99,0.076,0.087
2022-08-12,2.81,4.33,0.089,0.070
2022-08-13,3.80,-0.81,0.093,0.011
2022-08-14,-1.99,-2.46,-0.012,-0.025
2022-08-15,-0.58,-2.51,-0.013,-0.001
2022-08-16,5.40,0.86,0.159,0.014
2022-08-17,4.78,-0.67,0.125,-0.002
2022-08-18,3.70,-0.39,0.103,-0.015
2022-08-19,2.83,2.55,0.130,0.026
2022-08-20,0.65,1.89,0.043,0.006
2022-08-21,0.16,1.88,0.001,-0.006
2022-08-22,1.32,-2.39,0.009,-0.004
2022-08-23,-0.92,-1.88,-0.003,0.002
2022-08-24,-2.68,-0.67,-0.074,-0.005
2022-08-25,-2.44,1.98,-0.073,0.009
2022-08-26,-2.06,0.11,-0.052,-0.005
2022-08-27,-1.39,-1.55,-0.026,-0.008
2022-08-28,-3.26,-1.81,-0.065,-0.022
2022-08-29,-3.65,-2.19,-0.111,-0.040
2022-08-30,-2.69,1.62,-0.064,-0.008
2022-08-31,1.05,2.16,0.018,0.006
2022-09-01,1.30,2.79,0.036,0.010
2022-09-02,-0.37,3.56,0.018,0.036
2022-09-03,-2.40,0.92,-0.037,0.006
2022-09-04,-2.01,1.31,-0.046,-0.011
2022-09-05,2.53,0.97,0.013,-0.025
2022-09-06,2.35,-1.09,0.039,-0.018
2022-09-07,2.86,-2.08,0.062,-0.034
2022-09-08,0.79,-2.74,0.007,-0.022
2022-09-09,-4.09,3.08,-0.115,-0.002
2022-09-10,-0.36,6.82,-0.025,0.086
2022-09-11,1.70,5.56,0.051,0.089
2022-09-12,5.13,2.85,0.161,0.068
2022-09-13,3.55,0.25,0.060,0.024
2022-09-14,-4.21,-2.95,-0.108,-0.040
2022-09-15,-5.50,-2.80,-0.151,-0.039
2022-09-16,-7.01,-2.28,-0.213,-0.043
2022-09-17,-7.13,-0.50,-0.211,-0.036
2022-09-18,-3.46,-3.98,-0.100,-0.043
2022-09-19,-3.39,-3.89,-0.087,-0.058
2022-09-20,-4.12,-3.46,-0.138,-0.054
2022-09-21,-3.31,-0.58,-0.045,-0.014
2022-09-22,3.04,-1.90,0.022,-0.003
2022-09-23,-1.66,-5.79,0.007,-0.048
2022-09-24,-7.18,-0.38,-0.215,-0.034
2022-09-25,-3.76,1.44,-0.110,0.002
2022-09-26,3.17,0.33,0.049,-0.016
2022-09-27,-3.08,-5.55,-0.090,-0.083
2022-09-28,-4.45,-10.49,-0.085,-0.185
2022-09-29,-2.69,-10.80,0.067,-0.153
2022-09-30,-0.90,-7.31,-0.025,-0.078
2022-10-01,2.38,-4.29,-0.017,0.003
2022-10-02,4.14,-3.99,0.082,-0.020
2022-10-03,-4.48,-3.76,-0.071,-0.032
2022-10-04,-6.40,-3.40,-0.162,-0.055
2022-10-05,-2.55,-2.38,-0.062,0.008
2022-10-06,2.55,1.66,0.050,0.034
2022-10-07,2.67,1.13,0.052,0.022
2022-10-08,2.88,-1.11,0.057,0.011
2022-10-09,-1.83,-4.78,-0.046,-0.044
2022-10-10,-1.33,-4.62,-0.037,-0.032
2022-10-11,-5.24,-1.70,-0.126,-0.012
2022-10-12,-5.71,0.90,-0.131,0.003
2022-10-13,4.43,1.52,0.096,0.030
2022-10-14,-1.34,-4.40,-0.006,-0.031
2022-10-15,-3.76,-2.73,-0.109,-0.019
2022-10-16,-4.40,0.46,-0.119,0.013
2022-10-17,3.30,1.33,0.026,0.006
2022-10-18,2.87,-6.16,0.078,-0.071
2022-10-19,-0.57,-8.14,-0.004,-0.116
2022-10-20,0.74,-4.65,0.018,-0.039
2022-10-21,0.00,-4.33,0.027,-0.020
2022-10-22,-3.64,-2.84,-0.071,-0.021
2022-10-23,-4.97,-2.01,-0.145,-0.012
2022-10-24,-4.44,0.39,-0.111,0.011
2022-10-25,-3.17,4.21,-0.095,0.046
2022-10-26,5.47,2.55,0.042,0.038
2022-10-27,-1.27,-4.42,-0.044,-0.036
2022-10-28,-6.16,-2.61,-0.187,-0.034
2022-10-29,-7.63,-0.67,-0.224,-0.028
2022-10-30,-7.38,2.54,-0.173,0.016
2022-10-31,2.77,2.33,0.017,0.015
2022-11-01,-0.54,-4.43,-0.023,-0.041
2022-11-02,-3.13,-3.24,-0.112,-0.026
2022-11-03,-3.99,-3.23,-0.133,-0.031
2022-11-04,-5.91,-1.92,-0.183,-0.025
2022-11-05,-5.33,0.09,-0.149,-0.004
2022-11-06,-3.95,-1.36,-0.093,-0.008
2022-11-07,-5.32,-2.26,-0.146,-0.037
2022-11-08,-4.29,-4.29,-0.073,-0.050
2022-11-09,-6.11,-7.55,-0.171,-0.134
2022-11-10,-1.22,-11.57,0.029,-0.173
2022-11-11,10.98,0.96,0.231,0.030
2022-11-12,5.84,1.68,0.186,0.057
2022-11-13,1.32,-6.78,0.028,-0.064
2022-11-14,-4.58,-4.75,-0.162,-0.062
2022-11-15,-4.52,6.00,-0.099,0.041
2022-11-16,2.71,-5.82,0.044,-0.046
2022-11-17,-0.13,-7.30,0.002,-0.093
2022-11-18,-1.40,-6.07,-0.037,-0.068
2022-11-19,-4.30,-6.14,-0.151,-0.085
2022-11-20,-4.24,-7.34,-0.150,-0.111
2022-11-21,-5.10,-6.29,-0.178,-0.095
2022-11-22,-4.93,-4.93,-0.161,-0.068
2022-11-23,-3.94,-3.94,-0.095,-0.066
2022-11-24,-5.71,-2.08,-0.141,-0.018
2022-11-25,-1.37,4.49,-0.025,0.028
2022-11-26,-5.07,-0.98,-0.099,-0.021
2022-11-27,5.28,6.30,0.059,0.061
2022-11-28,3.38,1.65,0.117,0.023
2022-11-29,-4.03,3.15,-0.038,0.050
2022-11-30,-0.48,6.83,-0.022,0.063
2022-12-01,-4.17,-6.42,-0.137,-0.099
2022-12-02,-7.36,-2.53,-0.221,-0.044
2022-12-03,-3.91,1.35,-0.105,0.029
2022-12-04,1.58,0.88,0.028,-0.001
2022-12-05,-1.97,-1.43,-0.043,0.002
2022-12-06,-1.88,2.79,-0.058,0.006
2022-12-07,-2.18,1.90,-0.049,0.006
2022-12-08,2.00,-0.73,0.018,-0.019
2022-12-09,3.04,-0.59,0.072,-0.010
2022-12-10,2.28,-1.16,0.058,-0.017
2022-12-11,-4.37,-0.31,-0.078,-0.009
2022-12-12,-3.25,3.03,-0.057,0.027
2022-12-13,-7.89,1.11,-0.200,0.004
2022-12-14,-8.13,5.91,-0.197,0.063
2022-12-15,8.07,4.66,0.022,0.055
2022-12-16,1.81,-3.70,0.070,-0.018
2022-12-17,-2.87,-0.05,0.002,0.009
2022-12-18,0.11,-6.30,0.003,-0.069
2022-12-19,-4.92,-4.92,-0.121,-0.067
2022-12-20,-7.82,-3.65,-0.240,-0.059
2022-12-21,-7.28,-6.79,-0.268,-0.103
2022-12-22,-5.25,-1.61,-0.141,-0.027
2022-12-23,5.42,-6.46,0.071,-0.073
2022-12-24,2.88,-7.91,0.145,-0.105
2022-12-25,2.33,-5.77,0.092,-0.072
2022-12-26,-0.77,-3.96,0.012,-0.026
2022-12-27,-4.51,-2.50,-0.077,-0.020
2022-12-28,-5.53,-1.58,-0.103,-0.014
2022-12-29,-6.77,0.59,-0.138,0.004
2022-12-30,-6.93,1.73,-0.140,0.025
2022-12-31,-0.90,6.42,0.001,0.067
2023-01-01,-2.14,0.57,0.014,-0.020
2023-01-02,-4.50,2.29,-0.080,0.036
2023-01-03,-4.17,6.42,-0.076,0.070
2023-01-04,2.29,7.98,0.054,0.091
2023-01-05,4.22,-1.29,0.103,-0.034
2023-01-06,2.10,-3.11,0.103,-0.044
2023-01-07,-2.08,-1.81,0.072,-0.027
2023-01-08,-3.03,0.05,0.034,0.019
2023-01-09,1.24,-3.23,0.057,-0.002
2023-01-10,0.79,-2.96,0.061,-0.033
2023-01-11,1.66,3.25,0.125,0.025
2023-01-12,2.31,6.33,0.164,0.121
2023-01-13,8.46,-4.69,0.212,-0.025
2023-01-14,4.56,-7.90,0.206,-0.096
2023-01-15,0.32,-4.58,0.027,-0.033
2023-01-16,-2.05,1.60,-0.023,0.038
2023-01-17,-2.41,6.62,-0.033,0.091
2023-01-18,-0.41,5.92,0.014,0.092
2023-01-19,0.25,7.20,0.024,0.109
2023-01-20,2.75,-2.85,0.088,-0.014
2023-01-21,-4.95,-2.98,-0.115,-0.035
2023-01-22,-1.57,8.91,-0.057,0.054
2023-01-23,3.68,-4.88,0.135,-0.049
2023-01-24,-7.20,-3.51,-0.171,-0.051
2023-01-25,-1.39,9.89,-0.088,0.093
2023-01-26,5.41,-4.87,0.177,-0.054
2023-01-27,1.24,-4.99,0.101,-0.048
2023-01-28,-4.73,-2.73,-0.082,-0.037
2023-01-29,-5.44,3.81,-0.140,0.042
2023-01-30,1.52,4.68,0.131,0.050
2023-01-31,-0.34,2.15,0.003,-0.027
2023-02-01,0.30,2.43,0.039,-0.048
2023-02-02,-1.54,3.80,0.042,0.077
2023-02-03,4.13,-6.61,0.123,-0.054
2023-02-04,-5.00,-6.64,-0.100,-0.101
2023-02-05,-5.85,-2.60,-0.182,-0.045
2023-02-06,-2.55,-3.27,0.024,-0.046
2023-02-07,-5.26,0.83,-0.106,0.005
2023-02-08,-5.02,3.38,-0.083,0.041
2023-02-09,-3.03,4.85,-0.049,0.058
2023-02-10,0.80,4.53,0.034,0.030
2023-02-11,-8.14,-2.96,-0.133,-0.040
2023-02-12,13.22,-1.62,0.425,0.025
2023-02-13,3.96,-3.10,0.150,-0.031
2023-02-14,-3.11,2.02,0.039,0.048
2023-02-15,-3.26,4.48,-0.053,0.086
2023-02-16,-3.71,5.50,-0.046,0.093
2023-02-17,4.58,6.79,0.081,0.072
2023-02-18,-3.05,-7.95,-0.062,-0.123
2023-02-19,-5.09,0.36,-0.151,-0.008
2023-02-20,4.01,1.54,0.138,0.001
2023-02-21,6.20,4.02,0.242,0.077
2023-02-22,-0.55,6.24,0.084,0.100
2023-02-23,-1.07,6.07,-0.011,0.094
2023-02-24,0.25,3.63,0.050,0.042
2023-02-25,3.15,0.84,0.073,-0.004
2023-02-26,4.30,1.48,0.286,-0.026
2023-02-27,3.09,5.14,0.285,0.103
2023-02-28,7.39,4.26,0.234,0.093
2023-03-01,2.88,4.44,0.141,0.064
2023-03-02,0.52,7.44,0.067,0.129
2023-03-03,0.37,10.46,0.019,0.186
2023-03-04,5.89,4.28,0.173,0.075
2023-03-05,-0.57,-4.09,-0.026,-0.011
2023-03-06,1.23,2.13,-0.050,0.002
2023-03-07,4.59,1.14,0.184,-0.046
2023-03-08,-2.75,-5.17,0.025,-0.048
2023-03-09,-6.50,1.15,-0.191,-0.005
2023-03-10,3.13,4.63,0.039,0.053
2023-03-11,2.54,-3.76,0.053,-0.015
2023-03-12,3.46,6.00,0.115,0.097
2023-03-13,4.90,-4.26,0.099,-0.010
2023-03-14,0.00,-6.54,0.017,-0.077
2023-03-15,-3.79,-5.61,-0.096,-0.079
2023-03-16,-4.54,2.73,-0.105,0.037
2023-03-17,0.45,8.55,-0.006,0.142
2023-03-18,5.10,-6.52,-0.009,-0.012
2023-03-19,1.17,-7.36,0.040,-0.107
2023-03-20,0.42,-5.97,0.044,-0.095
2023-03-21,-4.85,-3.15,-0.128,-0.037
2023-03-22,-4.85,0.25,-0.130,0.008
2023-03-23,-1.61,2.30,-0.032,-0.010
2023-03-24,-0.66,3.74,0.066,0.036
2023-03-25,1.06,6.67,0.117,0.113
2023-03-26,0.60,5.72,0.123,0.101
2023-03-27,1.58,5.88,0.091,0.101
2023-03-28,3.25,3.25,0.212,0.021
2023-03-29,-2.90,-4.14,-0.025,-0.057
2023-03-30,-5.52,-2.23,-0.107,-0.023
2023-03-31,-5.19,3.37,-0.150,0.029
2023-04-01,3.11,5.85,0.077,0.091
2023-04-02,4.78,0.76,0.106,0.010
2023-04-03,-0.16,4.66,0.065,0.067
2023-04-04,-1.81,4.27,0.046,0.049
2023-04-05,-3.06,2.39,-0.082,0.029
2023-04-06,-3.29,2.13,-0.150,0.039
2023-04-07,-2.00,1.25,-0.112,0.028
2023-04-08,-1.52,3.26,-0.043,0.021
2023-04-09,-5.23,-7.19,-0.150,-0.102
2023-04-10,-8.05,-6.29,-0.245,-0.112
2023-04-11,-10.37,-4.62,-0.304,-0.101
2023-04-12,-10.96,-2.53,-0.336,-0.071
2023-04-13,-7.17,8.86,-0.160,0.080
2023-04-14,4.08,3.81,0.081,0.064
2023-04-15,-0.87,3.05,0.013,0.038
2023-04-16,5.77,2.94,0.142,0.080
2023-04-17,3.21,-6.29,0.092,-0.075
2023-04-18,-1.06,-3.97,0.040,-0.035
2023-04-19,-2.47,-3.80,-0.030,0.003
2023-04-20,-4.03,0.93,-0.090,0.001
2023-04-21,-4.60,1.68,-0.122,0.013
2023-04-22,0.83,4.26,0.035,0.035
2023-04-23,-4.80,-4.03,-0.086,-0.036
2023-04-24,-3.28,-5.06,-0.102,-0.054
2023-04-25,-5.59,-2.97,-0.181,-0.049
2023-04-26,-5.08,-0.27,-0.151,-0.010
2023-04-27,-1.13,4.21,-0.074,0.048
2023-04-28,5.81,5.61,0.140,0.100
2023-04-29,1.44,4.70,0.060,0.089
2023-04-30,12.07,1.27,0.256,0.067
2023-05-01,10.35,0.54,0.313,0.040
2023-05-02,6.94,1.10,0.141,0.045
2023-05-03,6.45,-0.11,0.163,0.023
2023-05-04,4.46,1.45,0.022,0.007
2023-05-05,-2.33,2.18,0.012,0.006
2023-05-06,-3.46,-0.43,-0.063,-0.026
2023-05-07,-5.22,2.43,-0.158,0.024
2023-05-08,0.06,3.63,-0.031,0.040
2023-05-09,2.48,2.57,0.127,0.031
2023-05-10,3.76,0.87,0.177,-0.005
2023-05-11,-4.72,1.00,-0.013,0.001
2023-05-12,-4.44,1.53,-0.144,-0.004
2023-05-13,-4.91,0.87,-0.152,0.007
2023-05-14,1.82,-2.17,-0.011,-0.008
2023-05-15,2.74,0.79,-0.001,-0.030
2023-05-16,0.07,3.87,0.046,0.016
2023-05-17,6.25,1.91,0.257,0.026
2023-05-18,2.31,2.31,0.124,-0.003
2023-05-19,-3.32,-0.29,-0.050,-0.032
2023-05-20,-4.02,-1.23,-0.123,-0.018
2023-05-21,3.36,-0.90,0.087,-0.030
2023-05-22,3.29,-0.11,0.109,-0.024
2023-05-23,-4.83,0.25,-0.123,-0.009
2023-05-24,-6.69,-2.05,-0.218,-0.047
2023-05-25,-5.99,-3.32,-0.178,-0.043
2023-05-26,-4.66,-5.55,-0.130,-0.075
2023-05-27,-4.95,-5.13,-0.120,-0.069
2023-05-28,-2.45,-4.61,-0.033,-0.004
2023-05-29,4.80,-0.93,0.156,0.008
2023-05-30,4.27,-0.22,0.100,0.001
2023-05-31,-4.74,-1.18,-0.069,-0.009
2023-06-01,-8.95,-2.40,-0.274,-0.062
2023-06-02,-7.66,-2.64,-0.231,-0.062
2023-06-03,-4.01,-1.87,-0.095,-0.026
2023-06-04,-3.15,-3.62,-0.047,-0.041
2023-06-05,-6.08,-1.74,-0.156,-0.041
2023-06-06,-1.65,2.11,-0.045,0.022
2023-06-07,1.60,2.78,0.064,0.035
2023-06-08,5.77,1.55,0.161,0.053
2023-06-09,6.29,1.11,0.211,0.041
2023-06-10,2.61,0.65,0.125,-0.023
2023-06-11,3.61,3.03,0.169,0.010
2023-06-12,6.77,3.60,0.261,0.077
2023-06-13,6.70,2.44,0.212,0.059
2023-06-14,4.32,6.18,0.178,0.102
2023-06-15,4.54,6.99,0.165,0.128
2023-06-16,8.45,2.74,0.230,0.082
2023-06-17,6.55,2.26,0.177,0.043
2023-06-18,5.25,0.64,0.128,0.023
2023-06-19,5.21,4.53,0.182,0.083
2023-06-20,6.89,2.11,0.180,0.073
2023-06-21,8.15,3.13,0.196,0.062
2023-06-22,5.91,6.33,0.152,0.121
2023-06-23,5.26,4.57,0.123,0.063
2023-06-24,6.78,2.33,0.194,0.075
2023-06-25,3.50,-0.94,0.081,-0.021
2023-06-26,5.25,2.56,0.213,0.041
2023-06-27,7.17,3.04,0.245,0.072
2023-06-28,6.56,1.64,0.179,0.031
2023-06-29,-4.05,-1.24,-0.067,-0.008
2023-06-30,-2.48,1.11,-0.080,-0.012
2023-07-01,2.69,2.10,0.018,-0.003
2023-07-02,2.12,1.49,0.092,-0.018
2023-07-03,2.74,1.92,0.145,0.001
2023-07-04,3.90,2.34,0.223,0.009
2023-07-05,4.38,0.54,0.189,0.011
2023-07-06,4.94,-0.69,0.184,0.005
2023-07-07,5.97,-0.10,0.237,0.012
2023-07-08,6.86,-0.24,0.250,0.002
2023-07-09,7.29,0.64,0.217,0.045
2023-07-10,8.75,2.18,0.237,0.080
2023-07-11,6.12,1.99,0.164,0.052
2023-07-12,4.73,1.72,0.149,0.035
2023-07-13,4.35,0.93,0.173,0.015
2023-07-14,5.38,2.29,0.262,0.048
2023-07-15,4.68,1.89,0.185,0.016
2023-07-16,6.64,1.78,0.257,0.035
2023-07-17,6.43,0.22,0.227,0.010
2023-07-18,3.06,0.88,0.101,-0.023
2023-07-19,2.22,2.30,0.074,-0.016
2023-07-20,2.56,2.22,0.075,-0.018
2023-07-21,4.94,2.00,0.271,0.026
2023-07-22,6.06,2.70,0.263,0.059
2023-07-23,5.90,3.40,0.233,0.077
2023-07-24,5.09,1.17,0.183,0.025
2023-07-25,3.41,1.04,0.115,0.009
2023-07-26,2.87,-0.05,0.050,-0.031
2023-07-27,-0.91,-2.49,-0.074,-0.038
2023-07-28,-2.30,0.45,-0.101,-0.017
2023-07-29,2.35,2.05,0.007,-0.011
2023-07-30,5.21,1.01,0.155,-0.000
2023-07-31,3.82,0.88,0.124,-0.004
2023-08-01,2.61,1.06,0.036,-0.015
2023-08-02,-3.45,-0.24,-0.003,-0.010
2023-08-03,-3.88,1.41,-0.173,0.006
2023-08-04,2.34,2.34,-0.007,0.015
2023-08-05,4.81,0.93,0.130,0.023
2023-08-06,4.34,0.92,0.165,0.006
2023-08-07,4.70,2.29,0.182,0.018
2023-08-08,5.99,2.92,0.249,0.047
2023-08-09,4.81,2.04,0.190,0.021
2023-08-10,6.05,2.95,0.220,0.050
2023-08-11,5.81,2.71,0.165,0.047
2023-08-12,4.43,0.15,0.133,-0.003
2023-08-13,2.51,-0.72,0.009,-0.015
2023-08-14,2.14,-0.87,-0.002,-0.033
2023-08-15,4.32,1.92,0.108,0.013
2023-08-16,4.03,2.42,0.126,0.039
2023-08-17,3.79,2.37,0.129,0.043
2023-08-18,3.82,3.10,0.129,0.026
2023-08-19,2.98,0.97,0.069,-0.010
2023-08-20,-5.31,-0.56,-0.129,-0.005
2023-08-21,-7.55,1.33,-0.211,0.017
2023-08-22,-3.62,-0.44,-0.065,0.007
2023-08-23,-1.54,-2.90,0.016,0.005
2023-08-24,-6.47,-0.79,-0.163,-0.030
2023-08-25,-3.47,1.33,-0.090,0.001
2023-08-26,3.77,1.45,0.078,0.019
2023-08-27,0.45,1.79,0.056,-0.002
2023-08-28,-2.84,1.99,-0.026,0.006
2023-08-29,-4.26,1.63,-0.118,0.029
2023-08-30,2.58,-12.13,-0.063,-0.089
2023-08-31,2.08,2.76,0.047,0.025
2023-09-01,-1.89,3.27,0.032,0.027
2023-09-02,-4.60,2.77,-0.117,0.002
2023-09-03,-6.02,1.61,-0.133,0.013
2023-09-04,-4.40,1.18,-0.071,0.012
2023-09-05,-4.47,2.28,-0.085,0.027
2023-09-06,-3.64,0.32,0.010,0.004
2023-09-07,2.51,1.33,0.070,-0.005
2023-09-08,2.90,3.22,0.085,0.027
2023-09-09,0.44,4.19,0.028,0.063
2023-09-10,2.31,2.75,0.054,0.016
2023-09-11,-0.95,2.46,0.055,0.014
2023-09-12,-0.32,3.05,0.069,0.024
2023-09-13,2.19,1.97,0.088,0.004
2023-09-14,1.50,-2.70,0.072,-0.018
2023-09-15,-0.70,-1.81,0.020,-0.006
2023-09-16,-3.59,0.83,-0.059,0.022
2023-09-17,3.22,2.17,0.076,0.003
2023-09-18,0.16,-4.61,0.044,-0.036
2023-09-19,-4.52,-2.94,-0.100,-0.020
2023-09-20,-6.23,-0.44,-0.151,0.002
2023-09-21,-5.80,-1.89,-0.130,-0.015
2023-09-22,-5.57,-3.35,-0.146,-0.051
2023-09-23,-3.21,-2.16,-0.050,-0.009
2023-09-24,1.31,2.02,0.029,0.019
2023-09-25,-3.95,-0.49,-0.055,0.007
2023-09-26,-1.69,3.98,-0.034,0.061
2023-09-27,-5.52,0.19,-0.122,-0.006
2023-09-28,-7.67,-4.98,-0.237,-0.099
2023-09-29,-6.03,-4.54,-0.160,-0.072
2023-09-30,-6.71,-3.57,-0.171,-0.058
2023-10-01,-7.76,-4.48,-0.206,-0.076
2023-10-02,-7.31,-4.22,-0.198,-0.059
2023-10-03,-6.53,-3.33,-0.161,-0.045
2023-10-04,-5.88,-3.96,-0.150,-0.044
2023-10-05,-6.89,-2.24,-0.177,-0.032
2023-10-06,-3.36,-0.29,-0.061,0.003
2023-10-07,0.65,-4.13,0.011,-0.029
2023-10-08,-0.71,-6.78,-0.037,-0.098
2023-10-09,-0.93,-3.46,0.010,-0.028
2023-10-10,-1.03,-2.02,0.027,0.006
2023-10-11,-6.58,-0.00,-0.132,0.000
2023-10-12,6.59,9.08,0.030,0.078
2023-10-13,3.52,-0.75,0.099,-0.009
2023-10-14,4.57,-2.43,0.126,-0.012
2023-10-15,5.02,-4.85,0.169,-0.039
2023-10-16,3.90,-7.64,0.161,-0.074
2023-10-17,1.13,-4.53,0.083,-0.022
2023-10-18,-3.43,-2.78,-0.039,0.009
2023-10-19,-3.61,-2.26,-0.049,-0.010
2023-10-20,5.17,2.20,0.143,0.044
2023-10-21,5.13,-1.67,0.103,0.012
2023-10-22,3.84,0.34,0.106,0.038
2023-10-23,-2.83,-3.50,-0.016,-0.012
2023-10-24,-7.72,-2.51,-0.221,-0.049
2023-10-25,-8.25,-2.84,-0.235,-0.057
2023-10-26,-7.59,-1.61,-0.216,-0.017
2023-10-27,-6.01,-0.63,-0.169,0.005
2023-10-28,-5.06,-1.74,-0.125,-0.010
2023-10-29,-4.56,-0.32,-0.101,0.021
2023-10-30,-2.99,0.69,-0.063,0.029
2023-10-31,1.79,-4.43,0.039,-0.024
2023-11-01,-0.52,-9.92,-0.003,-0.153
2023-11-02,-7.23,-6.74,-0.224,-0.108
2023-11-03,-7.57,-5.50,-0.228,-0.093
2023-11-04,-5.16,-3.48,-0.131,-0.048
2023-11-05,0.65,-2.84,0.073,-0.008
2023-11-06,0.59,-3.03,0.032,0.001
2023-11-07,2.73,0.29,0.040,0.026
2023-11-08,0.57,-2.13,0.043,-0.030
2023-11-09,-3.51,0.37,-0.044,-0.025
2023-11-10,-2.01,2.23,-0.029,0.022
2023-11-11,-2.81,-0.25,-0.027,-0.016
2023-11-12,-5.20,-3.51,-0.142,-0.059
2023-11-13,-5.65,-5.65,-0.172,-0.094
2023-11-14,-7.79,-6.08,-0.248,-0.108
2023-11-15,-12.80,-4.16,-0.423,-0.077
2023-11-16,-10.26,-5.46,-0.332,-0.088
2023-11-17,-4.41,-5.45,-0.141,-0.075
2023-11-18,1.76,-3.96,0.077,-0.034
2023-11-19,1.47,-3.47,0.036,-0.015
2023-11-20,-4.22,0.37,-0.061,0.027
2023-11-21,-3.95,6.09,-0.127,0.062
2023-11-22,6.99,-1.61,0.013,-0.001
2023-11-23,0.50,-4.76,-0.002,-0.038
2023-11-24,-1.18,-3.08,-0.015,-0.017
2023-11-25,-3.34,-2.91,-0.038,-0.016
2023-11-26,-8.33,-1.62,-0.236,-0.026
2023-11-27,2.10,-5.78,0.045,-0.062
2023-11-28,0.34,-6.50,0.024,-0.076
2023-11-29,-0.16,-4.72,0.035,-0.041
2023-11-30,-5.24,-2.33,-0.102,-0.027
2023-12-01,-4.94,5.11,-0.126,0.063
2023-12-02,-4.30,6.38,-0.089,0.067
2023-12-03,3.54,4.22,0.092,0.048
2023-12-04,3.87,-0.82,0.096,-0.022
2023-12-05,3.09,-3.09,0.083,-0.034
2023-12-06,2.69,-6.04,0.117,-0.057
2023-12-07,-2.97,-3.30,-0.031,-0.031
2023-12-08,-4.70,2.09,-0.096,0.039
2023-12-09,-4.50,4.99,-0.123,0.079
2023-12-10,2.37,7.74,0.030,0.091
2023-12-11,2.78,-6.25,0.139,-0.070
2023-12-12,-3.12,-5.86,-0.048,-0.077
2023-12-13,-5.83,-6.71,-0.175,-0.106
2023-12-14,-7.90,-6.87,-0.240,-0.124
2023-12-15,-9.38,-6.32,-0.288,-0.119
2023-12-16,-9.40,-4.38,-0.284,-0.081
2023-12-17,0.00,-9.96,-0.042,-0.094
2023-12-18,6.04,-4.89,0.211,-0.047
2023-12-19,0.11,-6.11,0.080,-0.074
2023-12-20,-6.87,-4.29,-0.174,-0.071
2023-12-21,-6.04,-4.08,-0.164,-0.058
2023-12-22,-4.64,-2.90,-0.088,-0.047
2023-12-23,-4.71,-2.50,-0.078,-0.044
2023-12-24,-8.01,-0.98,-0.165,-0.027
2023-12-25,-8.68,7.28,-0.235,0.073
2023-12-26,3.44,0.42,0.006,-0.008
2023-12-27,3.18,-1.99,0.101,-0.026
2023-12-28,1.77,-1.77,0.028,-0.014
2023-12-29,6.73,-5.07,0.228,-0.043
2023-12-30,2.38,-3.97,0.121,-0.024
2023-12-31,-0.68,-2.94,0.042,0.017
2024-01-01,3.79,1.01,0.129,-0.013
2024-01-02,-1.85,-5.69,0.002,-0.054
2024-01-03,-5.90,-0.62,-0.122,0.023
2024-01-04,-1.73,-6.45,-0.072,-0.066
2024-01-05,-7.33,-2.10,-0.133,-0.032
2024-01-06,4.29,8.07,-0.057,0.075
2024-01-07,3.83,-3.33,0.148,-0.031
2024-01-08,-8.87,-1.56,-0.205,-0.039
2024-01-09,-2.14,13.54,-0.092,0.145
2024-01-10,7.37,-2.83,0.248,-0.001
2024-01-11,-3.97,-0.28,-0.013,-0.006
2024-01-12,-5.11,7.88,-0.094,0.088
2024-01-13,6.41,-4.83,0.160,-0.028
2024-01-14,-3.39,-3.05,-0.023,-0.028
2024-01-15,-4.81,-0.00,-0.113,0.020
2024-01-16,1.52,-5.66,0.052,-0.018
2024-01-17,-0.24,-6.98,0.058,-0.079
2024-01-18,-5.20,-2.10,-0.123,-0.020
2024-01-19,5.40,2.40,0.084,-0.004
2024-01-20,0.25,-7.07,0.047,-0.108
2024-01-21,-5.89,-7.02,-0.135,-0.105
2024-01-22,-8.18,-2.19,-0.237,-0.032
2024-01-23,-8.81,1.55,-0.222,0.018
2024-01-24,-7.06,2.29,-0.198,0.028
2024-01-25,-3.74,6.22,-0.124,0.053
2024-01-26,-0.83,4.73,-0.027,0.049
2024-01-27,-3.36,5.60,-0.079,0.052
2024-01-28,7.75,-1.51,0.106,-0.015
2024-01-29,3.94,-5.22,0.169,-0.068
2024-01-30,3.45,-2.79,0.073,-0.036
2024-01-31,5.29,-1.22,0.172,-0.000
2024-02-01,-2.26,-2.70,-0.001,-0.016
2024-02-02,0.73,1.81,0.024,-0.046
2024-02-03,-3.41,-1.31,0.058,-0.077
2024-02-04,-9.43,4.40,-0.213,0.048
2024-02-05,-3.35,-4.78,0.002,-0.021
2024-02-06,0.43,-6.16,0.083,-0.086
2024-02-07,-4.16,-3.49,-0.023,-0.063
2024-02-08,-6.07,-0.75,-0.153,0.010
2024-02-09,-2.77,3.18,-0.014,0.046
2024-02-10,-2.99,5.39,-0.064,0.075
2024-02-11,-0.39,7.36,-0.044,0.106
2024-02-12,2.94,9.05,0.064,0.130
2024-02-13,6.87,-3.20,0.228,-0.013
2024-02-14,-1.52,-3.95,0.045,-0.035
2024-02-15,-1.95,-1.52,-0.015,0.004
2024-02-16,1.43,1.12,0.003,-0.062
2024-02-17,-2.01,0.28,-0.001,-0.075
2024-02-18,-2.70,-7.42,-0.103,-0.116
2024-02-19,1.19,-4.78,0.062,-0.063
2024-02-20,3.51,-1.64,0.119,-0.040
2024-02-21,-1.01,-4.05,0.078,-0.007
2024-02-22,-0.37,4.25,0.059,0.074
2024-02-23,6.34,6.34,0.177,0.107
2024-02-24,5.92,-2.15,0.170,-0.025
2024-02-25,2.86,-4.76,0.074,-0.023
2024-02-26,-1.35,3.53,-0.030,0.042
2024-02-27,0.27,7.61,0.047,0.122
2024-02-28,1.30,7.38,0.012,0.136
2024-02-29,-5.25,-5.25,-0.107,-0.038
2024-03-01,-7.21,0.13,-0.205,-0.007
2024-03-02,0.73,5.96,0.017,0.079
2024-03-03,-3.28,0.88,-0.056,0.001
2024-03-04,-6.02,0.63,-0.160,0.004
2024-03-05,-5.77,3.47,-0.156,0.028
2024-03-06,3.58,5.97,0.000,0.052
2024-03-07,-0.67,-3.82,0.015,-0.006
2024-03-08,-4.10,1.91,-0.090,0.019
2024-03-09,2.74,8.45,0.050,0.108
2024-03-10,3.13,-5.89,0.103,-0.058
2024-03-11,-2.48,-5.09,0.004,-0.070
2024-03-12,-2.69,-0.93,-0.038,0.006
2024-03-13,-2.45,1.42,0.031,-0.039
2024-03-14,-3.30,1.01,-0.031,-0.012
2024-03-15,-1.09,2.99,0.026,0.003
2024-03-16,2.77,2.58,0.097,-0.052
2024-03-17,3.12,1.01,0.054,-0.041
2024-03-18,4.17,-2.41,0.137,-0.067
2024-03-19,-1.01,-7.21,0.018,-0.085
2024-03-20,4.20,-1.13,0.100,0.007
2024-03-21,0.40,-3.78,0.092,0.010
2024-03-22,-5.29,2.93,-0.146,0.044
2024-03-23,7.12,-0.12,0.034,0.049
2024-03-24,-3.32,-5.53,-0.011,-0.059
2024-03-25,-10.49,0.92,-0.292,-0.015
2024-03-26,-7.67,6.67,-0.235,0.074
2024-03-27,-0.09,5.40,-0.129,0.066
2024-03-28,2.35,-4.82,-0.039,-0.036
2024-03-29,-2.58,-4.85,0.020,-0.038
2024-03-30,-2.80,1.13,-0.045,0.025
2024-03-31,1.12,3.90,0.038,0.055
2024-04-01,-0.00,5.58,0.024,0.094
2024-04-02,-1.07,6.73,-0.025,0.113
2024-04-03,8.15,5.92,0.141,0.085
2024-04-04,7.69,-2.21,0.223,0.006
2024-04-05,6.51,-0.91,0.149,0.001
2024-04-06,2.41,-5.17,0.029,-0.016
2024-04-07,-3.88,0.75,-0.024,-0.013
2024-04-08,-5.36,3.75,-0.169,0.027
2024-04-09,-5.46,3.68,-0.193,0.040
2024-04-10,-6.28,5.08,-0.194,0.063
2024-04-11,7.43,10.61,0.104,0.188
2024-04-12,6.75,-2.06,0.247,0.005
2024-04-13,3.54,-4.07,0.090,-0.013
2024-04-14,3.14,1.40,0.071,0.046
2024-04-15,0.79,2.16,0.098,-0.045
2024-04-16,-3.13,2.11,-0.095,-0.005
2024-04-17,-2.32,2.86,-0.145,0.024
2024-04-18,-1.34,3.01,-0.060,0.023
2024-04-19,3.11,1.87,0.054,-0.011
2024-04-20,3.56,2.68,0.185,-0.017
2024-04-21,6.20,3.02,0.300,0.052
2024-04-22,0.20,-5.82,0.010,-0.094
2024-04-23,-5.40,-0.47,-0.123,-0.006
2024-04-24,-1.95,1.04,-0.070,-0.005
2024-04-25,2.12,2.44,-0.035,0.005
2024-04-26,-3.06,1.77,-0.034,0.021
2024-04-27,-6.37,1.12,-0.201,0.013
2024-04-28,-8.92,1.73,-0.258,0.014
2024-04-29,-6.14,3.40,-0.195,0.041
2024-04-30,-2.88,4.11,-0.108,0.045
2024-05-01,1.11,3.64,0.032,0.058
2024-05-02,-1.75,1.42,-0.003,0.021
2024-05-03,-1.91,2.36,-0.063,0.015
2024-05-04,-1.56,2.41,-0.090,0.011
2024-05-05,-2.69,1.81,-0.119,0.011
2024-05-06,-1.37,2.94,-0.104,0.020
2024-05-07,0.22,4.23,-0.017,0.051
2024-05-08,0.28,5.37,0.052,0.090
2024-05-09,1.74,6.97,0.055,0.122
2024-05-10,5.06,4.56,0.147,0.078
2024-05-11,4.58,-3.84,0.042,-0.009
2024-05-12,-3.73,-3.36,-0.019,-0.009
2024-05-13,-3.76,5.79,-0.096,0.035
2024-05-14,1.79,7.75,0.049,0.078
2024-05-15,7.75,2.52,0.193,0.090
2024-05-16,4.30,1.82,0.112,0.044
2024-05-17,-0.89,6.32,0.002,0.068
2024-05-18,2.62,5.63,0.052,0.101
2024-05-19,6.36,0.33,0.154,0.045
2024-05-20,-4.93,-1.70,-0.071,-0.024
2024-05-21,-5.16,-0.73,-0.136,-0.023
2024-05-22,-4.46,0.95,-0.108,-0.010
2024-05-23,-3.13,3.02,-0.084,0.024
2024-05-24,1.29,3.74,0.032,0.024
2024-05-25,4.38,2.43,0.146,0.037
2024-05-26,3.59,2.61,0.153,0.036
2024-05-27,4.24,5.23,0.214,0.111
2024-05-28,5.17,1.78,0.188,0.052
2024-05-29,3.35,-2.26,0.030,-0.031
2024-05-30,-4.81,-1.47,-0.072,-0.009
2024-05-31,-6.66,-0.12,-0.189,-0.020
2024-06-01,-6.49,4.89,-0.212,0.044
2024-06-02,-2.93,3.37,-0.120,0.038
2024-06-03,-2.09,3.35,-0.077,0.017
2024-06-04,-1.59,3.56,-0.058,0.017
2024-06-05,-0.40,3.81,,
2024-06-06,2.35,3.76,,
2024-06-07,5.06,2.25,,
2024-06-08,4.75,0.92,,
2024-06-09,5.32,0.94,0.142,0.036
2024-06-10,6.10,1.98,0.188,0.050
2024-06-11,3.76,0.94,0.126,0.040
2024-06-12,-2.44,-2.19,0.066,0.059
2024-06-13,-4.09,-1.57,-0.098,-0.015
2024-06-14,-4.84,-1.76,-0.093,-0.021
2024-06-15,-4.82,1.85,-0.052,0.004
2024-06-16,-1.23,3.78,-0.035,0.049
2024-06-17,-7.22,0.51,-0.192,0.009
2024-06-18,-10.05,1.59,-0.285,0.004
2024-06-19,-11.91,0.42,-0.361,-0.029
2024-06-20,-10.31,-1.27,-0.296,-0.048
2024-06-21,-6.50,-1.74,-0.183,-0.030
2024-06-22,3.49,-1.27,-0.020,0.015
2024-06-23,4.24,1.89,0.094,0.044
2024-06-24,5.22,1.80,0.164,0.067
2024-06-25,5.60,1.19,0.165,0.025
2024-06-26,6.30,1.69,0.191,0.050
2024-06-27,6.60,2.53,0.207,0.049
2024-06-28,4.50,4.50,0.159,0.101
2024-06-29,1.88,4.22,0.075,0.068
2024-06-30,3.55,0.50,0.077,0.007
2024-07-01,3.22,-1.50,0.006,0.004
2024-07-02,-1.30,3.78,-0.052,0.047
2024-07-03,-1.13,3.48,-0.024,0.033
2024-07-04,2.06,0.83,0.022,-0.010
2024-07-05,3.25,0.34,0.115,-0.018
2024-07-06,3.54,1.08,0.119,0.005
2024-07-07,3.03,1.89,0.134,0.017
2024-07-08,0.31,2.49,0.050,0.026
2024-07-09,4.06,3.41,0.171,0.050
2024-07-10,7.59,2.18,0.237,0.063
2024-07-11,5.43,-0.38,0.128,0.017
2024-07-12,4.40,-1.51,0.104,0.007
2024-07-13,3.86,0.34,0.095,0.018
2024-07-14,2.85,0.35,0.105,0.009
2024-07-15,3.39,1.88,0.133,0.009
2024-07-16,3.41,2.67,0.100,0.027
2024-07-17,1.86,3.51,0.086,0.038
2024-07-18,2.45,3.25,0.093,0.040
2024-07-19,2.20,2.92,0.088,0.038
2024-07-20,1.61,3.98,0.076,0.047
2024-07-21,2.09,1.63,0.024,-0.001
2024-07-22,1.99,1.01,0.039,-0.011
2024-07-23,-2.10,2.17,0.002,0.008
2024-07-24,0.82,4.67,0.027,0.062
2024-07-25,1.96,0.35,0.042,-0.001
2024-07-26,-2.11,0.61,0.009,-0.002
2024-07-27,1.55,0.83,0.070,0.003
2024-07-28,-3.06,-0.60,-0.062,-0.022
2024-07-29,-1.92,-1.30,-0.035,-0.040
2024-07-30,0.03,-1.87,-0.019,-0.040
2024-07-31,0.87,1.51,0.023,-0.000
2024-08-01,-0.44,1.36,0.036,-0.059
2024-08-02,2.83,1.84,0.038,-0.033
2024-08-03,-0.00,2.90,0.046,-0.005
2024-08-04,-9.16,-0.80,-0.287,-0.026
2024-08-05,1.69,-13.80,-0.064,-0.178
2024-08-06,6.50,-4.06,0.215,-0.012
2024-08-07,6.48,-1.74,0.203,0.008
2024-08-08,6.51,0.91,0.203,0.036
2024-08-09,6.11,3.82,0.223,0.101
2024-08-10,5.52,2.81,0.143,0.085
2024-08-11,3.91,1.35,0.119,0.052
2024-08-12,4.56,1.22,0.088,0.040
2024-08-13,5.08,1.36,0.143,0.023
2024-08-14,3.91,-2.25,0.214,-0.005
2024-08-15,-5.02,-1.83,-0.082,-0.036
2024-08-16,-6.97,0.61,-0.203,-0.007
2024-08-17,-4.01,1.79,-0.102,0.004
2024-08-18,2.41,1.33,0.047,0.021
2024-08-19,7.36,2.68,0.193,0.063
2024-08-20,4.41,-2.54,0.032,-0.013
2024-08-21,-0.20,-3.80,0.061,0.017
2024-08-22,-4.25,-2.26,-0.091,-0.031
2024-08-23,-9.41,-2.00,-0.256,-0.068
2024-08-24,-7.37,-2.25,-0.172,-0.039
2024-08-25,-6.44,-2.22,-0.166,-0.047
2024-08-26,-4.91,-1.79,-0.147,-0.045
2024-08-27,-4.79,0.67,-0.138,-0.003
2024-08-28,-4.74,0.92,-0.114,0.006
2024-08-29,-5.23,2.01,-0.122,0.017
2024-08-30,-4.62,2.35,-0.123,0.028
2024-08-31,-4.56,0.97,-0.105,0.006
2024-09-01,-3.87,-0.82,-0.094,-0.009
2024-09-02,-2.88,-2.25,-0.065,-0.012
2024-09-03,-5.18,0.27,-0.124,-0.006
2024-09-04,-10.20,-1.62,-0.293,-0.064
2024-09-05,-8.16,-1.44,-0.238,-0.041
2024-09-06,-4.51,2.61,-0.118,0.008
2024-09-07,-2.25,-0.08,-0.033,-0.004
2024-09-08,-4.11,-0.22,-0.075,-0.010
2024-09-09,-5.38,-1.96,-0.156,-0.044
2024-09-10,-8.78,-2.68,-0.246,-0.068
2024-09-11,-8.28,-1.91,-0.245,-0.063
2024-09-12,-7.24,5.07,-0.206,0.014
2024-09-13,-0.09,4.95,-0.015,0.056
2024-09-14,-0.52,3.67,-0.020,0.036
2024-09-15,-5.57,-1.39,-0.166,-0.041
2024-09-16,-5.61,-2.50,-0.180,-0.054
2024-09-17,-3.03,-0.43,-0.099,-0.006
2024-09-18,2.17,2.09,0.005,0.018
2024-09-19,2.07,-1.35,0.030,-0.005
2024-09-20,-1.49,-2.58,-0.016,-0.009
2024-09-21,-4.27,-0.83,-0.090,-0.021
2024-09-22,-3.94,0.28,-0.088,-0.007
2024-09-23,-1.26,-2.27,-0.024,-0.002
2024-09-24,-3.18,2.15,-0.085,0.019
2024-09-25,-4.31,3.25,-0.157,0.042
2024-09-26,-10.19,1.07,-0.433,0.013
2024-09-27,13.66,-2.66,0.241,-0.000
2024-09-28,7.20,3.83,0.186,0.086
2024-09-29,5.85,3.38,0.192,0.062
2024-09-30,2.98,1.46,0.070,0.014
2024-10-01,0.75,-2.17,-0.009,-0.021
2024-10-02,-2.19,-2.44,-0.021,-0.006
2024-10-03,-5.19,-1.01,-0.107,-0.008
2024-10-04,-6.97,-1.23,-0.192,-0.030
2024-10-05,-7.63,-3.56,-0.242,-0.058
2024-10-06,-8.97,-3.81,-0.270,-0.077
2024-10-07,-8.03,-5.83,-0.267,-0.102
2024-10-08,-4.96,-4.16,-0.115,-0.062
2024-10-09,-8.20,-8.80,-0.304,-0.150
2024-10-10,-0.65,-9.29,0.064,-0.112
2024-10-11,-4.99,-5.16,-0.152,-0.064
2024-10-12,-4.50,-3.78,-0.119,-0.055
2024-10-13,-2.02,-2.78,-0.030,-0.019
2024-10-14,4.46,-0.08,0.113,-0.004
2024-10-15,-1.45,-3.59,0.005,-0.017
2024-10-16,-2.04,-7.62,-0.072,-0.106
2024-10-17,-6.08,-6.52,-0.124,-0.104
2024-10-18,-7.22,-5.24,-0.217,-0.087
2024-10-19,-7.83,-5.09,-0.215,-0.091
2024-10-20,-5.06,-4.40,-0.118,-0.062
2024-10-21,-4.38,-4.38,-0.064,-0.061
2024-10-22,-4.41,-3.83,-0.070,-0.046
2024-10-23,-2.86,-2.67,-0.013,-0.013
2024-10-24,2.36,-1.84,0.060,-0.034
2024-10-25,1.49,-2.05,0.023,-0.063
2024-10-26,-0.15,-2.80,0.015,-0.034
2024-10-27,2.18,-2.51,0.030,-0.044
2024-10-28,-3.89,-1.90,-0.106,-0.034
2024-10-29,-7.00,-2.14,-0.167,-0.035
2024-10-30,-8.08,-0.71,-0.216,-0.020
2024-10-31,-7.23,0.51,-0.173,0.007
2024-11-01,-5.29,-0.00,-0.118,0.010
2024-11-02,-4.71,-1.81,-0.085,-0.011
2024-11-03,-6.90,-1.59,-0.164,-0.017
2024-11-04,-8.67,-1.84,-0.229,-0.051
2024-11-05,-8.15,1.00,-0.205,-0.002
2024-11-06,-7.16,0.75,-0.197,-0.000
2024-11-07,-5.63,-1.83,-0.173,-0.032
2024-11-08,-6.64,-1.41,-0.215,-0.006
2024-11-09,-6.36,-0.78,-0.159,-0.007
2024-11-10,-7.99,1.84,-0.208,-0.016
2024-11-11,-4.34,1.58,-0.122,0.023
2024-11-12,-5.24,-1.80,-0.151,-0.022
2024-11-13,-8.65,-0.60,-0.243,-0.032
2024-11-14,-4.86,8.09,-0.146,0.056
2024-11-15,-0.61,-5.84,-0.031,-0.074
2024-11-16,-5.08,-2.37,-0.131,-0.039
2024-11-17,-5.21,1.49,-0.143,0.003
2024-11-18,-3.54,4.70,-0.120,0.046
2024-11-19,-3.06,7.57,-0.108,0.098
2024-11-20,7.24,3.85,0.036,0.050
2024-11-21,3.92,-6.80,0.153,-0.082
2024-11-22,5.34,-5.93,0.198,-0.067
2024-11-23,1.80,-4.45,0.063,-0.033
2024-11-24,-1.18,-2.64,-0.007,0.016
2024-11-25,-0.92,2.82,0.001,0.020
2024-11-26,3.28,3.28,0.101,0.028
2024-11-27,2.10,0.85,0.015,0.006
2024-11-28,4.56,3.08,0.086,0.047
2024-11-29,0.49,-7.00,-0.001,-0.105
2024-11-30,-2.64,-7.25,-0.066,-0.115
2024-12-01,-2.45,-4.08,-0.061,-0.059
2024-12-02,0.00,-4.61,0.062,-0.033
2024-12-03,0.43,-4.97,0.036,-0.063
2024-12-04,-4.88,-3.42,-0.106,-0.049
2024-12-05,3.93,2.96,0.077,0.040
2024-12-06,-0.58,-6.59,-0.010,-0.083
2024-12-07,-3.96,-5.26,-0.102,-0.076
2024-12-08,-3.63,-1.04,-0.078,0.006
2024-12-09,-0.63,5.95,0.023,0.087
2024-12-10,-1.78,7.12,-0.004,0.087
2024-12-11,9.57,2.03,0.136,0.032
2024-12-12,-0.80,-5.72,0.097,-0.053
2024-12-13,-6.46,-4.36,-0.180,-0.065
2024-12-14,-7.84,-4.53,-0.203,-0.067
2024-12-15,-7.30,-3.40,-0.171,-0.070
2024-12-16,-5.62,-2.99,-0.100,-0.055
2024-12-17,-3.96,-2.77,-0.062,-0.033
2024-12-18,-3.46,-1.47,-0.047,0.001
2024-12-19,1.16,-2.61,0.065,-0.061
2024-12-20,3.00,-3.98,0.080,-0.059
2024-12-21,0.35,-6.62,0.056,-0.084
2024-12-22,-2.17,-5.36,-0.027,-0.064
2024-12-23,-4.30,-4.94,-0.113,-0.068
2024-12-24,-4.24,-3.44,-0.095,-0.042
2024-12-25,-5.51,-2.23,-0.118,-0.030
2024-12-26,-7.89,-2.26,-0.211,-0.028
2024-12-27,-8.15,-1.73,-0.210,-0.053
2024-12-28,-5.62,1.51,-0.145,0.008
2024-12-29,-0.41,7.86,-0.065,0.084
2024-12-30,-0.72,-3.11,0.046,0.012
2024-12-31,3.69,3.56,0.060,0.036
2025-01-01,2.16,-5.34,0.083,-0.031
2025-01-02,-1.94,-4.79,-0.002,-0.048
2025-01-03,0.92,-3.69,0.034,-0.006
2025-01-04,-1.96,-5.12,0.051,-0.036
2025-01-05,-6.07,1.97,-0.089,0.038
2025-01-06,7.86,7.33,0.163,0.103
2025-01-07,0.81,-7.72,0.110,-0.082
2025-01-08,0.88,-5.56,0.041,-0.059
2025-01-09,-0.97,-6.88,0.030,-0.076
2025-01-10,-7.75,5.43,-0.167,0.007
2025-01-11,5.27,-3.97,0.083,0.017
2025-01-12,-3.18,-3.41,-0.014,-0.022
2025-01-13,-7.41,-4.46,-0.234,-0.064
2025-01-14,-1.23,-6.31,0.002,-0.091
2025-01-15,-2.98,-4.10,-0.006,-0.044
2025-01-16,-3.31,-1.08,0.006,-0.001
2025-01-17,-1.15,-3.34,0.061,-0.034
2025-01-18,1.63,5.34,0.108,0.063
2025-01-19,6.31,0.00,0.137,0.002
2025-01-20,-0.27,-7.85,0.049,-0.095
2025-01-21,-3.18,-8.74,-0.118,-0.124
2025-01-22,-1.71,-8.78,-0.038,-0.135
2025-01-23,-0.40,-5.77,0.011,-0.069
2025-01-24,0.42,-4.85,0.092,-0.029
2025-01-25,-2.84,-1.15,0.025,-0.000
2025-01-26,-3.45,-2.51,-0.057,0.017
2025-01-27,-3.21,0.68,0.006,0.018
2025-01-28,3.75,-2.00,0.051,0.005
2025-01-29,3.47,0.43,0.108,-0.005
2025-01-30,-3.39,-0.36,0.037,0.017
2025-01-31,-0.79,7.47,0.034,0.129
2025-02-01,3.82,-2.30,0.055,0.010
2025-02-02,-2.52,-2.80,-0.048,-0.025
2025-02-03,-2.10,-1.58,-0.022,-0.001
2025-02-04,1.01,1.98,0.005,-0.031
2025-02-05,1.75,1.18,0.056,-0.034
2025-02-06,-1.29,1.84,0.056,0.021
2025-02-07,0.14,2.59,0.082,0.014
2025-02-08,-0.91,2.80,0.088,0.026
2025-02-09,0.47,2.96,0.115,0.051
2025-02-10,-1.53,3.15,0.085,0.059
2025-02-11,-3.60,2.08,-0.041,0.060
2025-02-12,-0.39,7.44,0.032,0.125
2025-02-13,2.28,7.03,0.042,0.083
2025-02-14,-5.82,-4.89,-0.195,-0.083
2025-02-15,-6.55,2.13,-0.189,0.003
2025-02-16,4.59,7.06,0.072,0.100
2025-02-17,-0.22,-6.26,0.062,-0.070
2025-02-18,-3.86,-3.36,-0.085,-0.028
2025-02-19,-5.00,-4.66,-0.144,-0.060
2025-02-20,0.67,-7.66,0.008,-0.106
2025-02-21,-3.96,-7.45,-0.095,-0.121
2025-02-22,-4.33,-3.03,-0.141,-0.046
2025-02-23,-2.53,-2.81,-0.025,-0.023
2025-02-24,-6.68,-2.84,-0.176,-0.035
2025-02-25,-0.98,-5.04,-0.058,-0.040
2025-02-26,3.23,-1.50,0.065,-0.022
2025-02-27,3.15,2.05,0.091,-0.048
2025-02-28,3.30,-3.30,0.143,-0.081
2025-03-01,4.02,1.71,0.155,0.027
2025-03-02,3.69,-4.24,0.191,-0.024
2025-03-03,-5.39,-2.87,-0.088,-0.032
2025-03-04,-7.31,4.05,-0.163,0.043
2025-03-05,7.42,9.50,0.171,0.141
2025-03-06,8.40,-4.10,0.286,-0.047
2025-03-07,-4.04,-1.72,0.032,0.012
2025-03-08,0.46,5.25,0.060,0.112
2025-03-09,1.28,6.02,0.082,0.102
2025-03-10,8.30,1.46,0.169,0.039
2025-03-11,4.82,-0.94,0.158,-0.030
2025-03-12,3.77,0.94,0.105,0.029
2025-03-13,0.94,5.34,0.149,0.086
2025-03-14,-2.12,3.98,0.043,0.042
2025-03-15,-4.58,6.54,-0.120,0.070
2025-03-16,3.90,8.76,0.011,0.119
2025-03-17,7.61,-4.57,0.238,-0.026
2025-03-18,-0.09,-5.01,0.088,-0.040
2025-03-19,-0.30,3.43,-0.026,0.051
2025-03-20,7.52,5.27,0.168,0.082
2025-03-21,3.97,-6.88,0.151,-0.063
2025-03-22,4.58,0.64,0.072,0.028
2025-03-23,0.86,3.45,0.088,0.035
2025-03-24,0.69,3.55,0.060,0.038
2025-03-25,-3.56,-1.44,-0.064,-0.005
2025-03-26,4.20,-0.22,0.128,-0.020
2025-03-27,-3.41,-2.97,-0.057,-0.040
2025-03-28,-5.77,0.50,-0.179,0.000
2025-03-29,-6.18,3.71,-0.197,0.034
2025-03-30,-4.20,3.91,-0.159,0.028
2025-03-31,0.77,4.86,0.023,0.063
2025-04-01,1.21,3.74,0.120,0.049
2025-04-02,-4.45,3.35,-0.091,0.070
2025-04-03,-4.37,5.59,-0.119,0.087
2025-04-04,-4.52,3.66,-0.138,0.040
2025-04-05,-3.85,4.93,-0.112,0.074
2025-04-06,-1.81,7.85,-0.074,0.114
2025-04-07,4.60,9.44,0.066,0.150
2025-04-08,3.03,-5.95,0.117,-0.065
2025-04-09,1.28,-5.12,0.047,-0.046
2025-04-10,3.81,-1.77,0.060,-0.027
2025-04-11,5.85,0.61,0.154,0.039
2025-04-12,3.76,-4.64,0.117,-0.038
2025-04-13,1.24,-4.64,0.042,-0.020
2025-04-14,2.72,1.90,0.079,0.031
2025-04-15,7.13,1.91,0.227,0.036
2025-04-16,0.74,-5.25,0.056,-0.028
2025-04-17,-1.77,-3.63,0.035,0.014
2025-04-18,-3.50,2.94,-0.065,0.036
2025-04-19,-3.74,1.44,-0.108,0.016
2025-04-20,-4.81,2.14,-0.137,0.028
2025-04-21,-2.77,1.41,-0.097,0.016
2025-04-22,-2.18,1.59,-0.059,0.019
2025-04-23,-2.50,1.68,-0.058,0.010
2025-04-24,-3.07,2.23,-0.083,0.007
2025-04-25,-3.86,1.88,-0.122,0.002
2025-04-26,2.63,1.70,-0.037,0.006
2025-04-27,3.32,0.00,0.060,0.003
2025-04-28,-2.38,-2.38,0.026,-0.025
2025-04-29,-4.69,1.90,-0.144,0.003
2025-04-30,-4.45,3.11,-0.115,0.020
2025-05-01,-2.47,4.84,-0.072,0.055
2025-05-02,-2.58,3.30,-0.032,0.039
2025-05-03,0.84,4.78,0.025,0.067
2025-05-04,5.43,1.15,0.088,0.036
2025-05-05,4.51,-0.39,0.090,0.011
2025-05-06,-3.26,-1.73,-0.043,-0.003
2025-05-07,-3.44,2.32,-0.067,-0.006
2025-05-08,1.87,3.66,0.013,0.027
2025-05-09,1.79,2.37,0.083,0.011
2025-05-10,-4.24,7.06,-0.127,0.043
2025-05-11,-0.78,7.44,-0.030,0.081
2025-05-12,3.03,6.21,0.005,0.073
2025-05-13,6.78,3.61,0.194,0.079
2025-05-14,4.70,2.82,0.152,0.050
2025-05-15,2.71,5.10,0.172,0.081
2025-05-16,3.57,3.45,0.184,0.057
2025-05-17,3.85,3.99,0.191,0.071
2025-05-18,3.29,2.39,0.140,0.019
2025-05-19,1.73,3.01,0.144,0.030
2025-05-20,1.27,4.72,0.184,0.087
2025-05-21,6.00,3.90,0.274,0.083
2025-05-22,-0.08,-4.36,0.040,-0.027
2025-05-23,3.58,1.09,0.089,0.024
2025-05-24,2.67,2.40,0.112,0.011
2025-05-25,3.50,0.87,0.122,-0.006
2025-05-26,1.87,2.78,0.087,0.012
2025-05-27,0.65,3.69,0.103,0.027
2025-05-28,2.10,3.00,0.131,0.006
2025-05-29,0.96,4.54,0.150,0.056
2025-05-30,4.88,2.28,0.215,0.054
2025-05-31,5.28,-1.61,0.128,0.000
2025-06-01,4.74,-0.17,0.109,0.017
2025-06-02,-1.39,-3.44,0.029,0.010
2025-06-03,-4.79,-0.00,-0.124,-0.001
2025-06-04,-6.82,2.35,-0.214,-0.010
2025-06-05,2.21,5.20,-0.005,0.076
2025-06-06,5.03,3.39,0.154,0.082
2025-06-07,6.30,2.55,0.183,0.063
2025-06-08,7.17,2.90,0.193,0.070
2025-06-09,5.20,4.21,0.160,0.078
2025-06-10,4.89,4.89,0.133,0.089
2025-06-11,0.60,3.10,0.035,0.023
2025-06-12,-2.06,2.84,-0.069,0.011
2025-06-13,-1.97,4.87,-0.073,0.052
2025-06-14,1.05,4.54,0.033,0.063
2025-06-15,0.56,3.96,0.072,0.063
2025-06-16,1.23,4.28,0.108,0.051
2025-06-17,1.60,5.22,0.154,0.082
2025-06-18,-0.33,4.68,0.065,0.058
2025-06-19,3.23,1.79,0.094,0.011
2025-06-20,3.15,-0.16,0.084,-0.024
2025-06-21,-1.73,1.08,0.008,-0.006
2025-06-22,-3.55,-0.12,-0.075,-0.010
2025-06-23,-3.91,1.20,-0.121,-0.007
2025-06-24,-3.46,2.24,-0.077,0.015
2025-06-25,1.88,-2.32,0.038,0.004
2025-06-26,-3.62,-0.25,-0.020,-0.003
2025-06-27,-2.20,2.63,-0.008,-0.001
2025-06-28,1.49,2.05,0.054,0.012
2025-06-29,4.01,0.78,0.140,0.008
2025-06-30,5.25,0.83,0.181,0.019
2025-07-01,4.40,1.60,0.150,0.019
2025-07-02,4.21,-0.22,0.109,-0.014
2025-07-03,3.06,-1.24,0.099,-0.008
2025-07-04,0.43,-3.52,-0.044,-0.040
2025-07-05,-4.28,-2.99,-0.101,-0.053
2025-07-06,-2.55,-2.14,-0.050,-0.024
2025-07-07,3.47,1.62,0.022,-0.011
2025-07-08,4.19,0.66,0.095,0.004
2025-07-09,5.00,0.53,0.188,0.016
2025-07-10,5.32,1.43,0.197,0.028
2025-07-11,4.54,1.47,0.187,0.008
2025-07-12,4.27,0.91,0.143,0.011
2025-07-13,4.69,-0.41,0.176,0.017
2025-07-14,3.37,-2.28,0.137,-0.018
2025-07-15,0.80,-3.77,-0.038,-0.034
2025-07-16,-2.30,5.41,-0.059,0.018
2025-07-17,-2.35,8.20,-0.102,0.093
2025-07-18,-0.53,4.35,0.007,0.064
2025-07-19,0.30,2.41,0.033,0.029
2025-07-20,3.84,0.20,0.130,-0.006
2025-07-21,5.20,-0.45,0.197,-0.000
2025-07-22,4.38,-1.95,0.150,-0.022
2025-07-23,-1.92,-1.92,-0.050,-0.024
2025-07-24,-3.50,4.17,-0.154,0.045
2025-07-25,-1.66,4.57,-0.047,0.065
2025-07-26,-2.41,1.02,-0.023,0.028
2025-07-27,2.40,-2.57,0.100,-0.012
2025-07-28,2.88,-3.20,0.115,-0.036
2025-07-29,3.43,-1.12,0.119,-0.005
2025-07-30,3.14,2.37,0.120,-0.018
2025-07-31,5.11,3.71,0.222,0.074
2025-08-01,4.63,2.56,0.196,0.019
2025-08-02,4.86,1.77,0.194,0.026
2025-08-03,3.53,3.53,0.174,0.066
2025-08-04,1.83,4.31,0.110,0.056
2025-08-05,3.07,3.53,0.084,0.045
2025-08-06,2.51,0.49,-0.000,-0.024
2025-08-07,-2.42,-2.10,-0.069,-0.044
2025-08-08,-5.81,-2.71,-0.206,-0.053
2025-08-09,-6.75,-2.46,-0.206,-0.056
2025-08-10,-6.19,-1.20,-0.179,-0.031
2025-08-11,-4.12,2.28,-0.135,0.008
2025-08-12,-1.62,7.60,-0.028,0.114
2025-08-13,2.32,5.46,0.082,0.081
2025-08-14,5.51,2.93,0.181,0.066
2025-08-15,3.54,0.19,0.117,0.010
2025-08-16,1.84,-2.27,0.062,-0.011
2025-08-17,-3.07,-2.32,-0.055,-0.023
2025-08-18,-4.04,-1.55,-0.118,-0.020
2025-08-19,-4.32,-0.84,-0.109,-0.035
2025-08-20,-3.70,-1.35,-0.046,-0.015
2025-08-21,3.04,-0.59,0.074,0.006
2025-08-22,2.77,2.17,0.087,0.006
2025-08-23,3.28,-0.11,0.115,0.002
2025-08-24,3.13,0.84,0.073,0.011
2025-08-25,3.66,0.85,0.094,0.031
2025-08-26,-1.74,-3.72,-0.034,-0.025
2025-08-27,-0.85,-4.84,-0.018,-0.020
2025-08-28,1.32,-4.61,0.007,-0.026
2025-08-29,1.03,-3.17,0.015,-0.039
2025-08-30,-1.77,-2.11,-0.046,-0.029
2025-08-31,-5.23,-3.67,-0.159,-0.048
2025-09-01,-7.01,-3.89,-0.188,-0.082
2025-09-02,-4.22,-4.37,-0.128,-0.062
2025-09-03,-4.79,-0.84,-0.094,-0.014
2025-09-04,-3.63,-0.77,-0.069,-0.010
2025-09-05,-3.03,-0.87,-0.061,-0.008
2025-09-06,-4.57,0.64,-0.109,0.001
2025-09-07,-2.53,-1.40,-0.067,-0.019
2025-09-08,-5.29,-3.98,-0.167,-0.064
2025-09-09,-9.28,-4.73,-0.285,-0.092
2025-09-10,-6.85,-2.63,-0.181,-0.061
2025-09-11,-3.70,-3.58,-0.080,-0.040
2025-09-12,-3.03,-2.64,-0.018,-0.004
2025-09-13,-4.24,-2.45,-0.027,-0.025
2025-09-14,-3.96,-3.57,-0.078,-0.048
2025-09-15,-4.10,-0.50,-0.047,0.001
2025-09-16,-3.52,-2.65,-0.039,-0.024
2025-09-17,-3.72,-0.00,-0.070,-0.005
2025-09-18,-2.70,-1.20,-0.046,-0.010
2025-09-19,2.10,-1.96,0.020,-0.009
2025-09-20,2.26,-0.24,0.056,-0.026
2025-09-21,-3.66,0.38,-0.013,-0.011
2025-09-22,-5.00,-0.09,-0.094,-0.023
2025-09-23,-2.99,-1.03,-0.033,-0.023
2025-09-24,0.46,2.61,0.008,0.002
2025-09-25,3.90,2.53,0.150,0.024
2025-09-26,3.62,2.83,0.123,0.037
2025-09-27,2.22,1.23,0.066,0.005
2025-09-28,-2.44,-3.02,-0.028,-0.030
2025-09-29,-3.67,-5.05,-0.122,-0.067
2025-09-30,-1.17,-6.02,-0.027,-0.075
2025-10-01,-3.31,-4.39,-0.078,-0.047
2025-10-02,-8.00,-3.73,-0.215,-0.054
2025-10-03,-9.95,-5.52,-0.317,-0.120
2025-10-04,-10.71,-4.55,-0.320,-0.100
2025-10-05,-10.48,-0.37,-0.296,-0.024
2025-10-06,-8.83,-0.46,-0.260,-0.038
2025-10-07,-7.98,-1.55,-0.225,-0.035
2025-10-08,-5.13,-1.47,-0.132,-0.017
2025-10-09,-3.80,-4.37,-0.081,-0.049
2025-10-10,-6.55,-8.09,-0.184,-0.134
2025-10-11,-4.34,-8.52,-0.136,-0.136
2025-10-12,-1.68,-4.37,-0.050,-0.049
2025-10-13,0.48,-2.47,0.047,0.013
2025-10-14,-2.44,-2.44,0.011,0.004
2025-10-15,-3.45,-2.79,-0.054,-0.016
2025-10-16,-3.25,-1.95,-0.040,-0.016
2025-10-17,-5.00,-0.09,-0.103,0.008
2025-10-18,-6.06,2.57,-0.171,0.024
2025-10-19,1.32,7.49,-0.012,0.075
2025-10-20,-3.03,-4.66,-0.072,-0.051
2025-10-21,-2.99,-2.02,-0.052,-0.018
2025-10-22,3.30,-1.98,0.027,-0.004
2025-10-23,-3.29,-5.27,-0.055,-0.064
2025-10-24,-5.43,-3.53,-0.145,-0.052
2025-10-25,-7.68,-1.92,-0.206,-0.015
2025-10-26,-8.78,-1.55,-0.223,-0.038
2025-10-27,-5.65,4.10,-0.134,-0.007
2025-10-28,-1.11,-5.72,-0.034,-0.067
2025-10-29,4.29,-5.30,0.036,-0.011
2025-10-30,5.60,-6.00,0.199,-0.054
2025-10-31,2.52,-3.88,0.083,-0.030
2025-11-01,-1.86,-3.82,-0.032,-0.018
2025-11-02,-1.71,-2.73,-0.037,-0.037
2025-11-03,0.32,-6.04,0.021,-0.072
2025-11-04,-3.12,-5.00,-0.062,-0.069
2025-11-05,-4.57,-0.64,-0.091,-0.005
2025-11-06,-2.80,-0.70,-0.006,-0.015
2025-11-07,-3.27,1.97,-0.040,0.022
2025-11-08,3.00,3.84,0.117,0.038
2025-11-09,2.96,1.64,0.139,-0.042
2025-11-10,5.31,-8.18,0.193,-0.085
2025-11-11,0.16,-9.41,0.099,-0.121
2025-11-12,1.54,1.00,0.005,0.026
2025-11-13,3.53,-1.01,0.104,0.018
2025-11-14,-1.11,-3.23,0.042,-0.008
2025-11-15,-0.74,-2.03,0.016,-0.001
2025-11-16,4.25,1.22,0.135,0.013
2025-11-17,0.54,-3.84,0.062,-0.010
2025-11-18,-3.22,-1.64,-0.043,-0.004
2025-11-19,-2.39,0.13,-0.005,0.007
2025-11-20,-1.37,-1.75,0.023,0.008
2025-11-21,-1.89,1.43,0.042,0.016
2025-11-22,2.44,4.23,0.107,0.063
2025-11-23,2.92,0.78,0.120,0.001
2025-11-24,-3.04,1.11,-0.015,0.002
2025-11-25,-3.26,4.33,-0.073,0.057
2025-11-26,2.60,4.16,0.068,0.053
2025-11-27,1.34,-7.59,0.033,-0.098
2025-11-28,-0.93,-7.61,0.033,-0.092
2025-11-29,-7.14,-5.18,-0.226,-0.085
2025-11-30,-7.10,-0.37,-0.188,0.009
2025-12-01,-5.17,-4.34,-0.144,-0.041
2025-12-02,2.13,7.95,-0.056,0.028
2025-12-03,1.45,-4.73,0.054,-0.045
2025-12-04,-4.90,-3.69,-0.140,-0.033
2025-12-05,-0.13,7.61,-0.019,0.050
2025-12-06,-1.97,-4.21,-0.016,-0.030
2025-12-07,-6.98,-0.12,-0.180,-0.013
2025-12-08,-3.51,-4.83,-0.110,-0.052
2025-12-09,-3.71,-5.50,-0.066,-0.087
2025-12-10,-2.25,-3.21,-0.049,-0.018
2025-12-11,3.42,-3.67,0.124,-0.011
2025-12-12,-2.44,0.79,0.017,0.006
2025-12-13,-2.79,2.26,-0.003,0.012
2025-12-14,0.59,-3.33,0.002,-0.040
2025-12-15,-5.27,-8.44,-0.157,-0.148
2025-12-16,-3.86,-3.72,-0.127,-0.044
2025-12-17,-5.28,-0.93,-0.095,0.005
2025-12-18,-6.59,4.79,-0.123,0.061
2025-12-19,6.36,0.22,0.088,0.013
2025-12-20,-3.42,-3.42,-0.018,-0.033
2025-12-21,-2.65,-0.76,-0.009,0.003
2025-12-22,-5.37,-3.10,-0.087,-0.046
2025-12-23,-5.31,-2.04,-0.144,-0.028
2025-12-24,0.46,-2.62,0.013,-0.012
2025-12-25,3.31,-0.95,0.109,-0.076
2025-12-26,2.70,0.57,0.081,-0.046
2025-12-27,3.43,2.49,0.212,0.004
2025-12-28,0.88,2.54,0.089,0.008
2025-12-29,5.70,2.78,0.152,0.065
2025-12-30,2.71,-7.86,0.117,-0.080
2025-12-31,2.60,-5.58,0.125,-0.052
2026-01-01,3.97,-2.11,0.130,0.003
2026-01-02,3.05,0.05,0.065,0.036
2026-01-03,5.81,4.38,0.137,0.092
2026-01-04,-4.11,-3.45,-0.012,-0.015
2026-01-05,-4.47,-1.03,-0.082,-0.011
2026-01-06,-2.44,3.36,-0.004,0.042
2026-01-07,2.77,2.67,0.135,-0.003
2026-01-08,-2.76,2.49,0.045,-0.003
2026-01-09,-4.86,2.27,-0.077,0.067
2026-01-10,-1.79,5.51,0.012,0.084
2026-01-11,2.08,-6.79,0.055,-0.032
2026-01-12,-2.80,-7.28,-0.073,-0.112
2026-01-13,-1.51,-4.95,-0.067,-0.047
2026-01-14,2.79,-1.88,0.075,0.011
2026-01-15,4.81,-5.95,0.137,-0.049
2026-01-16,-2.89,-4.44,0.063,-0.005
2026-01-17,-2.09,7.31,-0.102,0.112
2026-01-18,1.64,-7.09,0.057,-0.083
2026-01-19,1.54,-4.22,0.101,-0.043
2026-01-20,-1.47,-5.11,0.004,-0.032
2026-01-21,-6.64,-2.42,-0.154,-0.009
2026-01-22,-4.37,0.23,-0.058,0.018
2026-01-23,-2.30,0.57,0.027,-0.037
2026-01-24,-5.03,-3.14,-0.101,-0.033
2026-01-25,-5.64,6.73,-0.121,0.053
2026-01-26,4.21,-5.20,0.124,-0.037
2026-01-27,0.37,-7.03,0.109,-0.085
2026-01-28,2.68,-4.29,0.059,-0.024
2026-01-29,-0.58,-4.16,0.050,-0.008
2026-01-30,-2.37,3.65,-0.020,0.040
2026-01-31,4.34,-6.43,0.143,-0.060
2026-02-01,5.31,-7.87,0.217,-0.085
2026-02-02,3.62,-4.02,0.080,-0.015
2026-02-03,1.24,3.08,0.043,0.062
2026-02-04,0.84,6.86,0.063,0.111
2026-02-05,4.72,-5.43,0.134,-0.028
2026-02-06,5.59,-1.71,0.186,-0.008
2026-02-07,4.65,-3.63,0.146,-0.006
2026-02-08,-2.76,-3.54,-0.008,-0.020
2026-02-09,-1.23,2.30,0.020,0.032
2026-02-10,-0.00,3.62,0.103,0.018
2026-02-11,2.72,5.12,0.168,0.083
2026-02-12,3.82,1.32,0.074,0.020
2026-02-13,-1.60,-2.20,-0.003,0.002
2026-02-14,-5.05,-1.17,-0.104,-0.006
2026-02-15,-0.00,8.71,-0.002,0.099
2026-02-16,4.86,-2.92,0.131,-0.035
2026-02-17,-4.33,-0.38,-0.083,-0.031
2026-02-18,-1.38,3.58,-0.008,0.023
2026-02-19,0.37,6.98,0.038,0.102
2026-02-20,1.62,7.61,0.073,0.121
2026-02-21,1.77,5.78,0.100,0.103
2026-02-22,6.41,-5.97,0.168,-0.029
2026-02-23,4.33,-8.14,0.205,-0.086
2026-02-24,2.13,-5.54,0.061,-0.035
2026-02-25,2.23,6.47,0.063,0.126
2026-02-26,-1.72,8.85,-0.046,0.141
2026-02-27,-0.00,5.65,0.034,0.090
2026-02-28,-4.28,-2.57,-0.141,-0.033
2026-03-01,-4.55,-2.52,-0.112,-0.036
2026-03-02,-5.09,-1.36,-0.139,-0.015
2026-03-03,-6.12,-0.97,-0.183,-0.020
2026-03-04,-5.26,-1.31,-0.160,-0.021
2026-03-05,-4.35,0.85,-0.129,0.009
2026-03-06,-4.28,1.64,-0.113,0.013
2026-03-07,-4.18,1.61,-0.113,0.023
2026-03-08,-1.35,2.43,-0.033,0.014
2026-03-09,1.57,2.24,-0.001,0.003
2026-03-10,-1.71,2.54,0.038,0.008
2026-03-11,-1.66,2.12,0.037,0.032
2026-03-12,6.62,2.41,0.140,0.072
2026-03-13,-5.58,-4.36,-0.126,-0.070
2026-03-14,-3.61,-2.09,-0.092,-0.022
2026-03-15,-3.62,2.63,-0.104,0.008
2026-03-16,5.44,7.48,0.045,0.052
2026-03-17,2.16,-7.54,0.113,-0.100
2026-03-18,-2.24,-5.55,-0.013,-0.084
2026-03-19,-3.30,-4.22,-0.031,-0.055
2026-03-20,-2.37,-2.37,0.038,-0.023
2026-03-21,4.51,0.47,0.194,0.013
2026-03-22,4.38,2.73,0.242,0.050
2026-03-23,5.84,2.12,0.257,0.053
2026-03-24,0.10,-5.92,0.098,-0.003
2026-03-25,-7.39,-2.40,-0.196,-0.052
2026-03-26,-4.93,-0.78,-0.106,-0.014
2026-03-27,3.49,1.20,0.079,-0.023
2026-03-28,-0.32,-6.14,0.096,-0.070
2026-03-29,-9.46,-3.63,-0.263,-0.081
2026-03-30,-7.07,-0.49,-0.192,-0.032
2026-03-31,-4.40,1.60,-0.131,0.005
2026-04-01,-3.39,1.51,-0.093,0.004
2026-04-02,-4.67,1.89,-0.113,0.011
2026-04-03,-4.36,2.32,-0.120,0.017
2026-04-04,-4.65,1.60,-0.138,0.017
2026-04-05,-0.69,2.27,-0.009,0.021
2026-04-06,-1.59,-6.37,-0.087,-0.086
2026-04-07,-7.34,-5.73,-0.202,-0.102
2026-04-08,-9.82,-4.79,-0.279,-0.101
2026-04-09,-9.89,-5.04,-0.288,-0.106
2026-04-10,-7.92,-1.68,-0.217,-0.059
2026-04-11,-3.84,-0.61,-0.076,-0.005
2026-04-12,-4.50,-0.47,-0.076,-0.001
2026-04-13,-4.34,1.93,-0.132,0.016
2026-04-14,-2.92,0.78,-0.080,0.020
2026-04-15,-1.78,2.05,-0.045,0.029
2026-04-16,-0.50,3.18,0.012,0.024
2026-04-17,2.88,1.05,0.048,-0.010
2026-04-18,2.19,2.19,0.112,-0.051
2026-04-19,2.68,-4.65,0.116,-0.147
2026-04-20,-5.55,-7.36,-0.133,-0.115
2026-04-21,-5.15,0.09,-0.069,-0.011
2026-04-22,-3.70,3.21,-0.033,0.042
2026-04-23,-4.50,1.46,-0.056,0.020
2026-04-24,-1.93,2.56,-0.025,0.024
2026-04-25,0.84,3.64,0.098,-0.001
2026-04-26,5.30,0.46,0.206,-0.054
2026-04-27,-4.25,-3.57,-0.013,-0.073
2026-04-28,-5.60,2.61,-0.164,0.007
2026-04-29,1.58,3.24,0.041,0.021
2026-04-30,5.90,1.36,0.211,0.035
2026-05-01,0.00,-2.76,0.062,-0.010
2026-05-02,-1.99,-4.69,-0.168,-0.076
2026-05-03,-1.71,-4.71,-0.009,-0.044
2026-05-04,-3.63,-2.73,-0.011,0.003
2026-05-05,-2.61,1.51,-0.017,0.020
2026-05-06,-0.79,3.74,0.030,0.042
2026-05-07,1.94,5.33,0.105,0.094
2026-05-08,4.80,0.76,0.055,0.009
2026-05-09,-0.89,5.02,0.038,0.042
2026-05-10,-3.21,0.45,-0.023,-0.016
2026-05-11,0.92,1.88,0.006,-0.008
2026-05-12,-5.72,-3.31,-0.074,-0.099
2026-05-13,-2.97,-5.35,-0.186,-0.118
2026-05-14,3.71,-2.32,0.090,-0.061
2026-05-15,-2.47,-4.11,-0.033,-0.050
2026-05-16,-3.61,-1.53,-0.029,0.004
2026-05-17,-1.20,2.69,0.024,0.037
2026-05-18,-5.77,2.21,-0.171,0.005
2026-05-19,-4.66,1.88,-0.117,0.015
2026-05-20,-3.02,1.47,-0.069,0.016
2026-05-21,-2.28,0.92,-0.006,0.022
2026-05-22,-2.14,4.21,-0.017,0.052
2026-05-23,-2.79,2.88,-0.037,0.019
2026-05-24,-2.29,4.91,-0.077,0.047
2026-05-25,-3.77,4.50,-0.114,0.056
2026-05-26,-2.83,6.06,-0.108,0.060
2026-05-27,-3.15,4.68,-0.143,0.056
2026-05-28,1.73,3.71,0.023,0.041
2026-05-29,2.68,0.87,0.080,0.009
2026-05-30,5.35,3.09,0.165,0.051
2026-05-31,5.93,2.04,0.190,0.058
2026-06-01,5.68,0.00,0.204,0.034
2026-06-02,3.86,-0.41,0.109,0.010
2026-06-03,-8.66,-2.65,-0.212,-0.043
2026-06-04,-9.89,-0.35,-0.285,-0.041
2026-06-05,-6.66,2.82,-0.198,0.015
2026-06-06,-4.29,4.44,-0.098,0.050
2026-06-07,-1.56,3.35,-0.021,0.044
2026-06-08,-3.50,1.14,-0.047,0.028
2026-06-09,-3.72,0.52,-0.062,-0.007
2026-06-10,-2.75,1.40,-0.073,0.004
2026-06-11,-0.20,2.85,-0.032,0.021
2026-06-12,2.68,2.58,0.076,0.031
2026-06-13,5.05,1.26,0.161,0.027
2026-06-14,6.71,1.06,0.214,0.031
2026-06-15,6.62,1.65,0.199,0.050
2026-06-16,5.87,2.74,0.174,0.074
2026-06-17,3.98,6.63,0.152,0.136
2026-06-18,0.90,8.60,0.098,0.145
2026-06-19,6.56,5.13,0.201,0.111
2026-06-20,4.49,1.91,0.149,0.040
2026-06-21,4.37,1.50,0.143,0.026
2026-06-22,4.22,4.22,0.187,0.084
2026-06-23,6.65,1.91,0.224,0.048
2026-06-24,4.94,-1.60,0.048,-0.006
2026-06-25,4.36,-0.46,0.050,0.031
2026-06-26,4.09,2.17,0.140,0.015
2026-06-27,2.46,2.46,0.116,-0.007
2026-06-28,3.97,1.44,0.172,0.014
2026-06-29,4.19,0.59,0.161,0.005
2026-06-30,2.32,-3.32,0.055,-0.046
2026-07-01,-5.54,-0.39,-0.186,-0.005
2026-07-02,-4.35,1.25,-0.117,-0.001
2026-07-03,-2.62,1.51,-0.049,0.007
2026-07-04,2.47,1.42,0.051,0.015
2026-07-05,3.10,2.70,0.121,0.050
2026-07-06,5.57,3.21,0.170,0.070
2026-07-07,4.85,2.92,0.154,0.055
2026-07-08,4.87,2.81,0.204,0.052
2026-07-09,3.41,2.47,0.133,0.010
2026-07-10,2.43,3.10,0.134,0.034
2026-07-11,1.09,3.35,0.054,0.038
2026-07-12,3.55,2.58,0.154,0.039
2026-07-13,6.16,1.42,0.198,0.039
2026-07-14,7.36,1.17,0.226,0.039
2026-07-15,5.34,1.73,0.150,0.038
2026-07-16,5.30,-2.47,0.160,-0.008
2026-07-17,3.32,-3.44,0.118,-0.055
2026-07-18,-2.34,-2.60,-0.089,-0.015
2026-07-19,-6.06,1.18,-0.222,0.016
2026-07-20,-9.53,3.85,-0.334,0.017
2026-07-21,-5.89,12.63,-0.187,0.182
2026-07-22,-1.50,12.19,0.063,0.193
2026-07-23,0.08,4.48,0.080,0.074
2026-07-24,2.94,-1.91,0.056,0.006
2026-07-25,3.50,-0.74,0.062,0.019
2026-07-26,4.37,-1.86,0.153,-0.017
2026-07-27,5.75,-0.81,0.175,0.005
2026-07-28,3.98,-0.63,0.087,0.012
2026-07-29,4.49,0.55,0.128,0.019
2026-07-30,6.10,0.64,0.238,0.021
2026-07-31,6.44,0.90,0.218,0.023
2026-08-01,6.27,1.45,0.244,0.047
2026-08-02,7.73,5.02,0.248,0.115
2026-08-03,6.33,3.96,0.174,0.091
2026-08-04,3.41,0.48,0.100,0.015
2026-08-05,1.70,2.63,0.051,0.030
2026-08-06,-2.64,2.14,-0.049,0.019
2026-08-07,-5.52,0.68,-0.139,0.000
2026-08-08,-5.10,-2.06,-0.156,-0.045
2026-08-09,-1.85,3.63,-0.083,0.012
2026-08-10,-0.21,2.38,-0.015,0.005
2026-08-11,2.24,2.16,0.075,0.002
2026-08-12,6.07,0.85,0.211,0.026
2026-08-13,4.91,0.34,0.156,-0.003
2026-08-14,3.48,-0.12,0.147,-0.013
2026-08-15,1.16,3.02,0.022,0.002
2026-08-16,3.50,0.24,0.115,-0.009
2026-08-17,5.07,0.89,0.224,0.020
2026-08-18,7.06,-0.49,0.281,0.019
2026-08-19,4.85,-1.21,0.153,-0.014
2026-08-20,2.71,-2.44,0.074,0.021
2026-08-21,2.38,1.06,0.098,0.014
2026-08-22,2.24,1.19,0.066,-0.018
2026-08-23,3.73,1.74,0.127,-0.001
2026-08-24,3.57,1.30,0.142,-0.009
2026-08-25,3.50,1.48,0.149,0.016
2026-08-26,2.09,2.98,0.116,0.015
2026-08-27,2.17,3.34,0.123,0.052
2026-08-28,0.33,3.81,0.092,0.040
2026-08-29,-2.70,2.99,0.006,0.045
2026-08-30,-6.00,0.95,-0.151,0.011
2026-08-31,-5.04,0.53,-0.116,0.008
2026-09-01,-2.78,-1.07,-0.043,-0.007
2026-09-02,-4.13,-1.50,-0.073,-0.015
2026-09-03,-5.96,-0.52,-0.138,-0.025
2026-09-04,-3.29,0.23,-0.101,-0.015
2026-09-05,2.56,1.20,0.040,-0.015
2026-09-06,3.64,0.51,0.107,-0.005
2026-09-07,-1.90,-2.72,0.024,-0.017
2026-09-08,-7.86,-2.55,-0.218,-0.055
2026-09-09,-7.51,-1.60,-0.232,-0.053
2026-09-10,-2.32,2.86,-0.083,0.020
2026-09-11,0.71,4.04,0.058,0.043
2026-09-12,1.35,3.35,0.062,0.023
2026-09-13,2.67,1.25,0.100,-0.008
2026-09-14,2.61,-0.75,0.108,-0.009
2026-09-15,-4.27,-1.72,-0.046,-0.018
2026-09-16,-10.38,-2.40,-0.292,-0.068
2026-09-17,-8.73,-3.70,-0.269,-0.070
2026-09-18,-5.83,-2.24,-0.160,-0.036
2026-09-19,-3.31,-1.14,-0.051,0.004
2026-09-20,-2.22,-2.84,-0.059,-0.020
2026-09-21,-3.06,-0.94,-0.084,-0.017
2026-09-22,-3.20,-1.36,-0.079,-0.019
2026-09-23,-4.36,-2.41,-0.131,-0.036
2026-09-24,-5.60,-4.38,-0.169,-0.074
2026-09-25,-4.40,-6.28,-0.151,-0.098
