date,wind_u,wind_v,cur_u,cur_v
2016-01-01,-1.70,-5.57,,
2016-01-02,-0.66,-4.14,,
2016-01-03,1.90,-2.93,,
2016-01-04,0.05,-2.70,,
2016-01-05,-3.47,-2.43,,
2016-01-06,-4.22,-1.05,,
2016-01-07,-0.76,2.20,,
2016-01-08,-0.31,2.92,,
2016-01-09,4.69,-2.93,,
2016-01-10,2.17,-4.27,,
2016-01-11,-2.09,-2.32,,
2016-01-12,-1.04,-1.60,,
2016-01-13,-1.97,1.09,,
2016-01-14,-2.60,-0.05,,
2016-01-15,3.10,0.05,,
2016-01-16,-2.06,-3.42,,
2016-01-17,0.38,-4.35,,
2016-01-18,-2.35,-0.67,,
2016-01-19,-1.81,3.14,,
2016-01-20,-0.32,2.29,,
2016-01-21,2.20,3.82,,
2016-01-22,4.79,-6.13,,
2016-01-23,1.01,-2.62,,
2016-01-24,-1.14,3.12,,
2016-01-25,0.50,4.10,,
2016-01-26,-1.45,-3.78,,
2016-01-27,-0.64,-6.06,,
2016-01-28,2.11,-1.96,,
2016-01-29,2.23,2.01,,
2016-01-30,1.67,4.36,,
2016-01-31,1.14,5.35,,
2016-02-01,-0.41,3.92,,
2016-02-02,2.07,4.07,,
2016-02-03,0.79,-4.07,,
2016-02-04,0.68,-4.31,,
2016-02-05,-2.95,-0.79,,
2016-02-06,1.36,-3.54,,
2016-02-07,2.14,-0.82,,
2016-02-08,3.23,-2.91,,
2016-02-09,3.19,-2.59,,
2016-02-10,-2.79,-0.05,,
2016-02-11,3.14,4.17,,
2016-02-12,2.29,3.28,,
2016-02-13,-2.38,1.79,,
2016-02-14,-1.27,4.17,,
2016-02-15,2.96,3.78,,
2016-02-16,1.81,1.87,,
2016-02-17,-3.40,-1.11,,
2016-02-18,-2.52,3.23,,
2016-02-19,-0.61,4.96,,
2016-02-20,-0.76,3.92,,
2016-02-21,-0.71,3.36,,
2016-02-22,1.62,1.36,,
2016-02-23,3.51,0.88,,
2016-02-24,5.94,-4.98,,
2016-02-25,2.66,0.37,,
2016-02-26,-1.99,-2.64,,
2016-02-27,-0.43,2.42,,
2016-02-28,-0.79,3.72,,
2016-02-29,-0.90,3.14,,
2016-03-01,1.07,4.31,,
2016-03-02,-4.21,-0.97,,
2016-03-03,1.81,4.07,,
2016-03-04,-2.16,-2.97,,
2016-03-05,-2.39,1.61,,
2016-03-06,-2.31,3.29,,
2016-03-07,-3.11,6.11,,
2016-03-08,-3.76,6.50,,
2016-03-09,-2.29,4.30,,
2016-03-10,-3.62,-1.18,,
2016-03-11,0.04,2.52,,
2016-03-12,1.88,4.22,,
2016-03-13,2.26,4.08,,
2016-03-14,2.27,3.49,,
2016-03-15,2.06,5.37,,
2016-03-16,-1.86,2.14,,
2016-03-17,-1.52,2.09,,
2016-03-18,-1.52,2.10,,
2016-03-19,0.19,-5.32,,
2016-03-20,0.00,-6.08,,
2016-03-21,-1.50,-2.95,,
2016-03-22,-0.00,4.70,,
2016-03-23,-0.88,7.18,,
2016-03-24,6.25,-0.55,,
2016-03-25,-1.42,-3.20,,
2016-03-26,-2.16,1.25,,
2016-03-27,-0.36,-2.96,,
2016-03-28,-1.32,-3.64,,
2016-03-29,-2.95,0.85,,
2016-03-30,-2.69,5.28,,
2016-03-31,1.34,4.66,,
2016-04-01,-2.73,-4.05,,
2016-04-02,0.72,-5.09,,
2016-04-03,-0.43,-2.01,,
2016-04-04,0.77,2.38,,
2016-04-05,0.77,2.53,,
2016-04-06,1.45,3.42,,
2016-04-07,2.40,-0.25,,
2016-04-08,-3.12,-0.05,,
2016-04-09,-2.38,2.22,,
2016-04-10,-2.00,4.95,,
2016-04-11,-0.96,5.44,,
2016-04-12,-1.41,2.01,,
2016-04-13,-3.13,1.46,,
2016-04-14,1.13,-2.79,,
2016-04-15,-1.58,-1.58,,
2016-04-16,-5.18,1.88,,
2016-04-17,-6.76,2.87,,
2016-04-18,-4.62,1.96,,
2016-04-19,-2.30,0.98,,
2016-04-20,-1.24,2.43,,
2016-04-21,0.29,2.35,,
2016-04-22,1.63,-1.69,,
2016-04-23,-1.62,-1.18,,
2016-04-24,-1.91,3.05,,
2016-04-25,-1.00,4.00,,
2016-04-26,-2.15,4.82,,
2016-04-27,-2.96,3.78,,
2016-04-28,-3.03,1.82,,
2016-04-29,-3.00,5.20,,
2016-04-30,-2.19,3.94,,
2016-05-01,-3.20,0.39,,
2016-05-02,-1.27,-3.69,,
2016-05-03,0.52,-4.25,,
2016-05-04,0.84,-2.74,,
2016-05-05,1.97,-1.60,,
2016-05-06,-1.98,-1.29,,
2016-05-07,-0.80,2.99,,
2016-05-08,-1.02,4.43,,
2016-05-09,-0.69,6.58,,
2016-05-10,-1.00,4.70,,
2016-05-11,-1.26,3.87,,
2016-05-12,-2.00,1.87,,
2016-05-13,-1.80,-0.52,,
2016-05-14,0.19,1.76,,
2016-05-15,-2.85,-0.87,,
2016-05-16,-4.28,1.90,,
2016-05-17,-1.31,-1.06,,
2016-05-18,-1.44,-0.77,,
2016-05-19,-4.03,-1.88,,
2016-05-20,-0.71,-3.09,,
2016-05-21,-2.87,-0.00,,
2016-05-22,-3.19,-0.11,,
2016-05-23,-2.94,1.91,,
2016-05-24,-2.93,3.37,,
2016-05-25,-1.98,4.66,,
2016-05-26,-1.93,5.31,,
2016-05-27,-2.07,5.69,,
2016-05-28,-0.35,3.94,,
2016-05-29,-2.14,1.99,,
2016-05-30,-0.90,2.22,,
2016-05-31,-0.65,2.83,,
2016-06-01,-1.21,2.59,,
2016-06-02,-0.18,3.39,,
2016-06-03,-0.00,2.54,,
2016-06-04,-0.68,-1.53,,
2016-06-05,-0.64,-2.38,,
2016-06-06,-0.09,-1.77,,
2016-06-07,-1.45,-1.61,,
2016-06-08,-1.71,-0.95,,
2016-06-09,-3.02,0.11,,
2016-06-10,-1.85,1.61,,
2016-06-11,-0.74,2.76,,
2016-06-12,-0.90,3.12,,
2016-06-13,0.07,3.81,,
2016-06-14,0.83,4.25,,
2016-06-15,0.65,4.10,,
2016-06-16,0.20,3.77,,
2016-06-17,0.20,2.86,,
2016-06-18,0.82,2.15,,
2016-06-19,-1.79,1.16,,
2016-06-20,-1.84,1.39,,
2016-06-21,-1.59,0.43,,
2016-06-22,-0.49,2.51,,
2016-06-23,-1.00,3.08,,
2016-06-24,-0.81,2.66,,
2016-06-25,-0.94,2.90,,
2016-06-26,-1.35,2.00,,
2016-06-27,-0.61,1.31,,
2016-06-28,2.16,-0.92,,
2016-06-29,0.77,-1.74,,
2016-06-30,-1.59,-0.96,,
2016-07-01,-1.34,0.07,,
2016-07-02,0.37,2.64,,
2016-07-03,0.76,4.78,,
2016-07-04,0.71,5.79,,
2016-07-05,0.64,5.22,,
2016-07-06,0.38,5.38,,
2016-07-07,-0.26,5.00,,
2016-07-08,-0.08,4.42,,
2016-07-09,-0.31,3.50,,
2016-07-10,0.62,3.94,,
2016-07-11,-0.47,5.33,,
2016-07-12,-0.57,4.67,,
2016-07-13,-0.22,4.25,,
2016-07-14,0.56,4.54,,
2016-07-15,0.19,3.56,,
2016-07-16,-0.75,2.99,,
2016-07-17,-1.52,2.54,,
2016-07-18,-1.61,2.06,,
2016-07-19,-2.58,0.74,,
2016-07-20,-2.11,0.89,,
2016-07-21,-1.79,1.08,,
2016-07-22,-0.80,1.58,,
2016-07-23,0.04,2.45,,
2016-07-24,-0.09,2.61,,
2016-07-25,-0.39,1.99,,
2016-07-26,1.64,1.19,,
2016-07-27,0.29,2.39,,
2016-07-28,0.14,2.68,,
2016-07-29,-0.60,1.97,,
2016-07-30,0.36,2.30,,
2016-07-31,0.74,2.75,,
2016-08-01,0.28,2.65,,
2016-08-02,-0.69,2.11,,
2016-08-03,0.16,1.82,,
2016-08-04,-0.52,1.94,,
2016-08-05,-0.38,1.97,,
2016-08-06,0.64,2.57,,
2016-08-07,0.85,2.61,,
2016-08-08,0.28,2.27,,
2016-08-09,-0.00,2.44,,
2016-08-10,0.43,2.44,,
2016-08-11,1.28,2.74,,
2016-08-12,1.92,3.60,,
2016-08-13,2.48,3.18,,
2016-08-14,0.56,2.26,,
2016-08-15,-1.36,2.01,,
2016-08-16,-1.06,2.38,,
2016-08-17,-2.07,1.62,,
2016-08-18,-1.94,0.78,,
2016-08-19,-0.24,2.33,,
2016-08-20,0.20,3.74,,
2016-08-21,-0.44,2.49,,
2016-08-22,-1.31,1.50,,
2016-08-23,-1.03,2.83,,
2016-08-24,-0.87,2.52,,
2016-08-25,-1.70,1.15,,
2016-08-26,-2.33,-0.58,,
2016-08-27,-1.38,-2.12,,
2016-08-28,-2.50,-2.25,,
2016-08-29,-3.07,-1.57,,
2016-08-30,-3.02,-1.35,,
2016-08-31,-0.38,-2.15,,
2016-09-01,0.13,-2.41,,
2016-09-02,-0.58,-2.17,,
2016-09-03,-1.92,-1.73,,
2016-09-04,-2.22,1.28,,
2016-09-05,-1.04,2.45,,
2016-09-06,-1.57,2.83,,
2016-09-07,-0.99,2.33,,
2016-09-08,-0.16,2.33,,
2016-09-09,-0.45,1.95,,
2016-09-10,0.14,1.61,,
2016-09-11,0.28,-1.96,,
2016-09-12,-1.68,-0.48,,
2016-09-13,-2.62,-0.23,,
2016-09-14,-2.73,-1.51,,
2016-09-15,-3.01,-1.28,,
2016-09-16,-1.77,-1.06,,
2016-09-17,0.76,1.01,,
2016-09-18,0.52,1.34,,
2016-09-19,0.86,1.55,,
2016-09-20,-1.51,-1.18,,
2016-09-21,-1.25,-1.54,,
2016-09-22,-2.62,1.17,,
2016-09-23,-2.03,1.59,,
2016-09-24,-1.78,1.98,,
2016-09-25,-1.51,1.57,,
2016-09-26,-1.01,-1.75,,
2016-09-27,-0.60,-3.07,,
2016-09-28,-0.24,-1.96,,
2016-09-29,0.31,-2.19,,
2016-09-30,-1.29,-3.03,,
2016-10-01,-1.15,-1.77,,
2016-10-02,-2.16,-1.81,,
2016-10-03,-3.06,-0.43,,
2016-10-04,-2.69,1.31,,
2016-10-05,-2.12,1.84,,
2016-10-06,-3.06,1.77,,
2016-10-07,-2.50,-1.22,,
2016-10-08,-0.82,-3.86,,
2016-10-09,-1.85,-3.49,,
2016-10-10,-1.19,-2.23,,
2016-10-11,-2.28,1.16,,
2016-10-12,-2.13,2.83,,
2016-10-13,-1.91,2.13,,
2016-10-14,-1.75,1.32,,
2016-10-15,-1.26,2.17,,
2016-10-16,-1.11,3.06,,
2016-10-17,-0.97,3.18,,
2016-10-18,-0.39,3.67,,
2016-10-19,-1.75,2.59,,
2016-10-20,-2.12,0.49,,
2016-10-21,-1.17,-5.05,,
2016-10-22,-2.17,-1.89,,
2016-10-23,-2.05,1.38,,
2016-10-24,-2.30,1.55,,
2016-10-25,-2.23,1.24,,
2016-10-26,-2.08,1.15,,
2016-10-27,-2.76,-0.84,,
2016-10-28,-2.93,-0.15,,
2016-10-29,-2.55,1.24,,
2016-10-30,-2.54,0.13,,
2016-10-31,-2.87,1.10,,
2016-11-01,-2.42,2.68,,
2016-11-02,-2.84,2.84,,
2016-11-03,-2.73,1.91,,
2016-11-04,-1.46,-1.06,,
2016-11-05,-2.39,-1.02,,
2016-11-06,-2.96,0.63,,
2016-11-07,-2.59,0.09,,
2016-11-08,-1.78,-2.64,,
2016-11-09,-1.57,-4.10,,
2016-11-10,-2.33,-3.58,,
2016-11-11,0.00,-2.83,,
2016-11-12,-0.17,-2.37,,
2016-11-13,-2.09,-1.21,,
2016-11-14,-1.47,0.45,,
2016-11-15,2.89,0.67,,
2016-11-16,-1.39,1.49,,
2016-11-17,-0.97,3.87,,
2016-11-18,-0.35,4.05,,
2016-11-19,-0.34,-6.48,,
2016-11-20,-1.58,-2.63,,
2016-11-21,-1.60,1.49,,
2016-11-22,-1.27,4.16,,
2016-11-23,1.01,4.36,,
2016-11-24,-1.94,-1.87,,
2016-11-25,-2.17,-1.11,,
2016-11-26,-2.68,-1.95,,
2016-11-27,-3.07,1.99,,
2016-11-28,1.41,7.27,,
2016-11-29,1.04,3.63,,
2016-11-30,0.31,-4.48,,
2016-12-01,-2.77,-2.16,,
2016-12-02,-4.42,-1.27,,
2016-12-03,-4.08,-2.86,,
2016-12-04,-0.45,-4.26,,
2016-12-05,-0.72,-5.15,,
2016-12-06,3.29,0.52,,
2016-12-07,-1.29,-2.76,,
2016-12-08,-2.06,-6.33,,
2016-12-09,-1.45,-5.43,,
2016-12-10,-3.60,-1.76,,
2016-12-11,-2.06,5.67,,
2016-12-12,2.12,3.27,,
2016-12-13,2.39,2.15,,
2016-12-14,-0.20,-2.81,,
2016-12-15,-2.74,-3.51,,
2016-12-16,-2.71,3.34,,
2016-12-17,1.17,6.66,,
2016-12-18,1.54,-7.94,,
2016-12-19,-0.45,-6.50,,
2016-12-20,-0.22,-3.15,,
2016-12-21,0.34,1.92,,
2016-12-22,1.73,0.53,,
2016-12-23,-2.16,2.49,,
2016-12-24,-1.77,3.79,,
2016-12-25,-3.01,4.64,,
2016-12-26,-2.17,4.27,,
2016-12-27,-0.71,1.52,,
2016-12-28,0.17,2.39,,
2016-12-29,1.16,-5.04,,
2016-12-30,-2.18,-3.63,,
2016-12-31,0.18,3.47,,
2017-01-01,-0.47,2.21,,
2017-01-02,1.54,4.73,,
2017-01-03,3.08,0.88,,
2017-01-04,0.18,-5.10,,
2017-01-05,0.11,-2.05,,
2017-01-06,-0.91,-7.37,,
2017-01-07,1.07,-6.73,,
2017-01-08,-2.53,-3.01,,
2017-01-09,-2.36,3.78,,
2017-01-10,0.71,8.15,,
2017-01-11,-0.12,7.11,,
2017-01-12,-1.22,6.26,,
2017-01-13,-4.29,2.18,,
2017-01-14,-4.79,1.65,,
2017-01-15,-4.98,3.11,,
2017-01-16,-2.50,6.53,,
2017-01-17,-0.77,4.39,,
2017-01-18,-0.26,4.89,,
2017-01-19,1.80,-1.62,,
2017-01-20,1.34,2.06,,
2017-01-21,1.11,3.05,,
2017-01-22,6.99,-1.87,,
2017-01-23,4.28,-3.23,,
2017-01-24,0.99,5.11,,
2017-01-25,0.66,5.37,,
2017-01-26,0.44,-6.35,,
2017-01-27,-2.06,-4.05,,
2017-01-28,2.59,-3.20,,
2017-01-29,4.10,-0.95,,
2017-01-30,3.08,0.77,,
2017-01-31,2.45,3.37,,
2017-02-01,0.32,4.59,,
2017-02-02,0.41,3.95,,
2017-02-03,-1.51,-4.66,,
2017-02-04,-5.51,-1.68,,
2017-02-05,-1.32,5.30,,
2017-02-06,-1.00,5.68,,
2017-02-07,2.44,5.49,,
2017-02-08,2.80,3.71,,
2017-02-09,-2.68,-4.84,,
2017-02-10,-4.58,2.75,,
2017-02-11,0.43,6.09,,
2017-02-12,0.16,4.71,,
2017-02-13,-3.68,1.20,,
2017-02-14,-2.80,5.50,,
2017-02-15,3.77,-5.81,,
2017-02-16,1.01,-2.27,,
2017-02-17,-1.35,3.18,,
2017-02-18,-1.95,3.00,,
2017-02-19,-4.55,3.43,,
2017-02-20,-5.15,2.08,,
2017-02-21,4.04,-0.50,,
2017-02-22,2.24,-1.88,,
2017-02-23,-0.53,4.34,,
2017-02-24,-1.17,4.38,,
2017-02-25,-1.51,-4.92,,
2017-02-26,-3.64,3.05,,
2017-02-27,-1.68,4.62,,
2017-02-28,-1.82,6.36,,
2017-03-01,2.17,5.11,,
2017-03-02,-3.05,-6.54,,
2017-03-03,-5.60,-2.98,,
2017-03-04,-6.09,1.41,,
2017-03-05,-5.46,3.82,,
2017-03-06,-3.02,7.12,,
2017-03-07,-0.37,5.28,,
2017-03-08,-5.17,-2.63,,
2017-03-09,-3.50,2.19,,
2017-03-10,-1.49,2.80,,
2017-03-11,-3.58,0.76,,
2017-03-12,-4.00,-5.31,,
2017-03-13,0.72,-4.11,,
2017-03-14,-0.67,-3.45,,
2017-03-15,-3.88,0.97,,
2017-03-16,-3.83,3.83,,
2017-03-17,-1.47,6.92,,
2017-03-18,-1.10,3.59,,
2017-03-19,0.73,3.42,,
2017-03-20,1.28,4.77,,
2017-03-21,1.24,4.62,,
2017-03-22,-0.20,3.90,,
2017-03-23,-1.76,4.35,,
2017-03-24,-2.97,8.16,,
2017-03-25,1.97,4.89,,
2017-03-26,-0.22,4.28,,
2017-03-27,-0.56,5.29,,
2017-03-28,-3.47,4.61,,
2017-03-29,-4.14,6.63,,
2017-03-30,3.24,-2.27,,
2017-03-31,0.27,3.87,,
2017-04-01,-5.35,4.49,,
2017-04-02,-4.91,4.58,,
2017-04-03,3.52,0.69,,
2017-04-04,-0.16,4.47,,
2017-04-05,4.43,-4.43,,
2017-04-06,0.45,-2.34,,
2017-04-07,1.63,1.68,,
2017-04-08,-0.08,4.53,,
2017-04-09,-1.38,6.50,,
2017-04-10,-3.98,5.48,,
2017-04-11,-5.01,3.38,,
2017-04-12,-3.67,1.41,,
2017-04-13,-4.28,1.90,,
2017-04-14,-3.56,2.31,,
2017-04-15,-2.17,3.10,,
2017-04-16,-2.71,4.18,,
2017-04-17,-2.87,3.19,,
2017-04-18,-2.31,2.85,,
2017-04-19,-3.39,3.89,,
2017-04-20,-2.24,3.72,,
2017-04-21,-1.01,5.17,,
2017-04-22,1.13,4.52,,
2017-04-23,1.79,-6.23,,
2017-04-24,-0.67,-2.70,,
2017-04-25,0.23,6.47,,
2017-04-26,-0.39,7.49,,
2017-04-27,-3.97,-3.45,,
2017-04-28,-2.91,5.47,,
2017-04-29,-4.66,6.18,,
2017-04-30,6.03,-2.56,,
2017-05-01,0.91,3.40,,
2017-05-02,-2.73,3.63,,
2017-05-03,-2.03,5.29,,
2017-05-04,3.71,-6.17,,
2017-05-05,2.37,-3.03,,
2017-05-06,1.26,-1.95,,
2017-05-07,-0.83,3.58,,
2017-05-08,-3.42,3.94,,
2017-05-09,-3.85,4.43,,
2017-05-10,-3.05,5.28,,
2017-05-11,-2.52,4.95,,
2017-05-12,5.07,0.35,,
2017-05-13,0.68,-3.18,,
2017-05-14,-1.39,2.74,,
2017-05-15,-1.68,3.31,,
2017-05-16,-3.62,5.57,,
2017-05-17,-3.44,7.37,,
2017-05-18,-3.46,6.24,,
2017-05-19,-4.50,5.97,,
2017-05-20,-3.55,4.23,,
2017-05-21,-3.42,0.36,,
2017-05-22,-4.48,4.64,,
2017-05-23,-0.05,-3.04,,
2017-05-24,3.46,-3.46,,
2017-05-25,1.52,4.67,,
2017-05-26,-0.95,6.75,,
2017-05-27,-1.01,5.73,,
2017-05-28,-2.08,5.70,,
2017-05-29,-1.73,3.40,,
2017-05-30,-3.78,-2.18,,
2017-05-31,-3.26,-1.38,,
2017-06-01,-2.97,2.58,,
2017-06-02,-3.40,0.48,,
2017-06-03,-2.48,0.67,,
2017-06-04,-0.24,3.48,,
2017-06-05,-1.00,3.72,,
2017-06-06,1.32,-2.29,,
2017-06-07,-0.66,-4.15,,
2017-06-08,-2.50,-1.82,,
2017-06-09,-1.14,2.57,,
2017-06-10,-2.29,3.81,,
2017-06-11,-3.55,2.98,,
2017-06-12,-3.39,4.04,,
2017-06-13,-2.96,5.82,,
2017-06-14,-2.23,5.26,,
2017-06-15,-0.09,5.09,,
2017-06-16,1.17,5.06,,
2017-06-17,1.40,6.06,,
2017-06-18,0.55,6.29,,
2017-06-19,-1.51,2.72,,
2017-06-20,-1.64,-3.86,,
2017-06-21,-2.06,-7.17,,
2017-06-22,6.80,-1.32,,
2017-06-23,0.67,6.35,,
2017-06-24,-0.92,2.84,,
2017-06-25,-2.69,-1.37,,
2017-06-26,-3.02,0.32,,
2017-06-27,-3.09,0.38,,
2017-06-28,-4.53,1.30,,
2017-06-29,0.67,3.79,,
2017-06-30,-0.35,6.63,,
2017-07-01,-0.95,5.40,,
2017-07-02,-1.85,3.96,,
2017-07-03,-0.00,5.19,,
2017-07-04,0.35,5.00,,
2017-07-05,-0.50,4.11,,
2017-07-06,-1.36,2.91,,
2017-07-07,-0.13,2.53,,
2017-07-08,1.07,2.20,,
2017-07-09,1.44,2.30,,
2017-07-10,0.86,1.49,,
2017-07-11,-1.14,2.83,,
2017-07-12,-1.22,3.18,,
2017-07-13,-1.97,2.34,,
2017-07-14,-2.42,1.23,,
2017-07-15,-0.83,-1.44,,
2017-07-16,-1.75,-0.89,,
2017-07-17,-1.81,0.35,,
2017-07-18,-0.34,1.74,,
2017-07-19,-0.93,2.08,,
2017-07-20,0.68,2.38,,
2017-07-21,0.42,2.35,,
2017-07-22,0.89,3.10,,
2017-07-23,2.50,4.71,,
2017-07-24,2.52,5.17,,
2017-07-25,-0.65,4.60,,
2017-07-26,-0.51,4.16,,
2017-07-27,0.31,2.99,,
2017-07-28,1.74,3.41,,
2017-07-29,2.76,3.66,,
2017-07-30,1.46,2.74,,
2017-07-31,-2.91,-2.53,,
2017-08-01,-3.78,-0.87,,
2017-08-02,-3.00,0.10,,
2017-08-03,-1.60,-1.98,,
2017-08-04,1.56,1.26,,
2017-08-05,0.41,2.31,,
2017-08-06,0.58,5.52,,
2017-08-07,0.79,4.98,,
2017-08-08,-0.41,2.57,,
2017-08-09,1.32,0.99,,
2017-08-10,-0.61,2.29,,
2017-08-11,1.02,2.41,,
2017-08-12,1.56,2.94,,
2017-08-13,1.71,4.96,,
2017-08-14,1.41,5.25,,
2017-08-15,0.63,5.09,,
2017-08-16,0.43,6.11,,
2017-08-17,0.82,5.80,,
2017-08-18,0.45,3.17,,
2017-08-19,0.61,3.12,,
2017-08-20,-1.34,2.52,,
2017-08-21,-2.48,2.57,,
2017-08-22,-2.11,1.96,,
2017-08-23,-2.11,0.15,,
2017-08-24,-3.25,-0.69,,
2017-08-25,-8.58,-0.00,,
2017-08-26,-8.07,8.36,,
2017-08-27,-4.95,8.56,,
2017-08-28,-4.22,6.75,,
2017-08-29,-4.24,-11.04,,
2017-08-30,6.79,-7.04,,
2017-08-31,3.91,-1.42,,
2017-09-01,1.78,-1.11,,
2017-09-02,-1.47,-0.78,,
2017-09-03,-2.27,-0.12,,
2017-09-04,-2.05,1.19,,
2017-09-05,-1.72,0.73,,
2017-09-06,-1.00,-4.33,,
2017-09-07,-3.26,-3.38,,
2017-09-08,-3.57,-2.79,,
2017-09-09,-2.84,-3.16,,
2017-09-10,-2.54,-4.40,,
2017-09-11,-1.04,-4.17,,
2017-09-12,1.69,-2.24,,
2017-09-13,1.91,3.44,,
2017-09-14,-0.64,4.02,,
2017-09-15,-2.55,2.94,,
2017-09-16,-1.65,1.70,,
2017-09-17,-1.78,1.91,,
2017-09-18,-1.16,2.72,,
2017-09-19,-0.43,3.05,,
2017-09-20,-0.57,4.65,,
2017-09-21,-1.61,3.61,,
2017-09-22,-2.89,2.34,,
2017-09-23,-3.00,1.66,,
2017-09-24,-3.92,2.45,,
2017-09-25,-3.71,1.89,,
2017-09-26,-3.32,1.99,,
2017-09-27,-2.80,0.34,,
2017-09-28,-1.94,-1.08,,
2017-09-29,-2.93,-2.83,,
2017-09-30,-2.69,-3.09,,
2017-10-01,-2.35,-1.25,,
2017-10-02,-3.63,0.25,,
2017-10-03,-5.14,2.29,,
2017-10-04,-7.00,0.49,,
2017-10-05,-4.79,-0.50,,
2017-10-06,-3.36,-0.59,,
2017-10-07,-1.58,-2.02,,
2017-10-08,1.51,1.36,,
2017-10-09,0.87,3.49,,
2017-10-10,-1.03,-3.58,,
2017-10-11,-0.27,-5.11,,
2017-10-12,-1.67,-2.14,,
2017-10-13,-2.26,0.61,,
2017-10-14,-2.42,1.96,,
2017-10-15,-2.50,-1.22,,
2017-10-16,-1.41,-7.23,,
2017-10-17,-2.22,-4.17,,
2017-10-18,-2.17,-1.20,,
2017-10-19,-4.40,0.54,,
2017-10-20,-4.77,2.86,,
2017-10-21,-2.44,4.41,,
2017-10-22,-4.02,2.61,,
2017-10-23,0.55,-2.19,,
2017-10-24,0.90,-4.62,,
2017-10-25,2.17,-2.59,,
2017-10-26,2.12,3.14,,
2017-10-27,4.83,3.02,,
2017-10-28,1.50,-6.51,,
2017-10-29,1.40,-2.32,,
2017-10-30,1.33,3.47,,
2017-10-31,-2.19,3.94,,
2017-11-01,0.61,5.81,,
2017-11-02,1.37,6.43,,
2017-11-03,0.33,4.77,,
2017-11-04,0.35,4.02,,
2017-11-05,0.66,5.41,,
2017-11-06,1.16,5.44,,
2017-11-07,0.69,4.34,,
2017-11-08,0.17,-4.73,,
2017-11-09,-0.81,-5.74,,
2017-11-10,-2.96,-3.17,,
2017-11-11,-4.42,0.23,,
2017-11-12,-4.17,-0.22,,
2017-11-13,-3.11,-2.02,,
2017-11-14,-3.38,-0.42,,
2017-11-15,-2.52,2.19,,
2017-11-16,-2.37,1.66,,
2017-11-17,-0.66,4.69,,
2017-11-18,3.97,5.89,,
2017-11-19,-0.77,-7.30,,
2017-11-20,-3.00,-1.15,,
2017-11-21,-1.76,1.83,,
2017-11-22,-2.20,-5.73,,
2017-11-23,0.33,-3.78,,
2017-11-24,1.79,-0.38,,
2017-11-25,-1.02,3.35,,
2017-11-26,-2.58,-1.43,,
2017-11-27,-2.97,-0.26,,
2017-11-28,-2.63,2.20,,
2017-11-29,-1.18,-2.23,,
2017-11-30,-0.18,-2.63,,
2017-12-01,-1.60,-2.38,,
2017-12-02,-2.26,0.87,,
2017-12-03,-3.00,0.58,,
2017-12-04,-2.18,4.89,,
2017-12-05,0.65,4.09,,
2017-12-06,-3.73,-7.02,,
2017-12-07,-2.72,-7.08,,
2017-12-08,2.37,-6.17,,
2017-12-09,2.20,-1.03,,
2017-12-10,1.19,-1.99,,
2017-12-11,2.74,0.74,,
2017-12-12,3.10,-3.70,,
2017-12-13,1.84,-1.49,,
2017-12-14,1.63,0.56,,
2017-12-15,-1.34,-4.99,,
2017-12-16,-3.73,-1.28,,
2017-12-17,-4.26,1.22,,
2017-12-18,-2.27,-1.36,,
2017-12-19,-1.93,4.54,,
2017-12-20,3.43,2.59,,
2017-12-21,0.80,3.20,,
2017-12-22,-0.48,6.86,,
2017-12-23,4.16,-4.62,,
2017-12-24,1.69,-1.42,,
2017-12-25,-4.59,-4.14,,
2017-12-26,-5.65,-1.73,,
2017-12-27,-2.53,-5.96,,
2017-12-28,-2.27,-4.46,,
2017-12-29,-3.23,-2.71,,
2017-12-30,-3.48,-0.30,,
2017-12-31,-0.48,-5.49,,
2018-01-01,-2.42,-7.45,,
2018-01-02,-2.90,-4.47,,
2018-01-03,1.99,-4.91,,
2018-01-04,0.21,-2.45,,
2018-01-05,-2.45,-0.61,,
2018-01-06,-3.74,-0.00,,
2018-01-07,-4.18,2.93,,
2018-01-08,4.95,-2.98,,
2018-01-09,-1.03,-3.00,,
2018-01-10,-2.88,0.40,,
2018-01-11,-0.32,4.55,,
2018-01-12,5.45,-7.24,,
2018-01-13,0.00,-4.69,,
2018-01-14,-3.43,-1.32,,
2018-01-15,-2.92,2.82,,
2018-01-16,-1.50,-6.48,,
2018-01-17,-0.54,-6.20,,
2018-01-18,-2.18,-2.79,,
2018-01-19,-4.03,0.21,,
2018-01-20,-1.95,4.60,,
2018-01-21,-2.43,6.02,,
2018-01-22,6.37,0.33,,
2018-01-23,0.62,-3.19,,
2018-01-24,-1.79,-3.10,,
2018-01-25,-3.44,-0.79,,
2018-01-26,-4.96,1.05,,
2018-01-27,-3.52,0.62,,
2018-01-28,-0.97,-4.20,,
2018-01-29,0.63,-4.49,,
2018-01-30,-1.83,-4.12,,
2018-01-31,-1.12,3.65,,
2018-02-01,1.17,5.08,,
2018-02-02,-3.57,-5.10,,
2018-02-03,-5.14,-1.00,,
2018-02-04,1.38,2.96,,
2018-02-05,-4.08,-2.65,,
2018-02-06,-2.33,3.33,,
2018-02-07,2.40,-5.39,,
2018-02-08,-2.36,-4.62,,
2018-02-09,-3.11,-0.11,,
2018-02-10,0.14,3.94,,
2018-02-11,1.71,-4.69,,
2018-02-12,-0.56,-5.32,,
2018-02-13,-3.38,-3.26,,
2018-02-14,-2.35,3.92,,
2018-02-15,-0.84,5.27,,
2018-02-16,1.20,4.80,,
2018-02-17,1.48,4.30,,
2018-02-18,-2.17,2.58,,
2018-02-19,-2.81,6.63,,
2018-02-20,-3.69,7.23,,
2018-02-21,-1.90,5.51,,
2018-02-22,-0.66,4.19,,
2018-02-23,-2.02,4.33,,
2018-02-24,-1.40,6.58,,
2018-02-25,-0.08,4.33,,
2018-02-26,-2.94,-4.05,,
2018-02-27,-5.49,2.56,,
2018-02-28,-0.52,5.93,,
2018-03-01,1.64,6.13,,
2018-03-02,-4.01,-3.36,,
2018-03-03,-5.36,-0.19,,
2018-03-04,-4.53,3.41,,
2018-03-05,-0.10,5.99,,
2018-03-06,-1.52,-4.96,,
2018-03-07,0.22,-4.28,,
2018-03-08,-3.47,-2.62,,
2018-03-09,-2.54,3.91,,
2018-03-10,-1.46,4.02,,
2018-03-11,3.82,5.26,,
2018-03-12,-0.82,-5.80,,
2018-03-13,-1.93,-2.30,,
2018-03-14,-2.48,-1.80,,
2018-03-15,-1.83,3.92,,
2018-03-16,0.79,5.60,,
2018-03-17,0.30,4.31,,
2018-03-18,-0.44,3.61,,
2018-03-19,3.82,1.24,,
2018-03-20,2.25,-4.82,,
2018-03-21,-2.88,-2.42,,
2018-03-22,-3.09,2.88,,
2018-03-23,-1.29,6.07,,
2018-03-24,0.63,7.17,,
2018-03-25,-0.81,5.12,,
2018-03-26,-2.85,4.74,,
2018-03-27,-4.04,5.99,,
2018-03-28,-3.25,6.38,,
2018-03-29,0.15,4.34,,
2018-03-30,-2.23,-4.19,,
2018-03-31,-2.15,3.58,,
2018-04-01,-1.72,4.49,,
2018-04-02,-2.56,5.02,,
2018-04-03,-1.23,6.31,,
2018-04-04,-3.69,-5.27,,
2018-04-05,-4.71,1.35,,
2018-04-06,-0.49,7.07,,
2018-04-07,5.40,-1.97,,
2018-04-08,-1.62,-4.23,,
2018-04-09,-3.50,-2.73,,
2018-04-10,-1.85,-5.07,,
2018-04-11,-3.24,0.06,,
2018-04-12,-1.58,5.51,,
2018-04-13,-1.62,7.64,,
2018-04-14,6.74,-3.58,,
2018-04-15,3.43,-3.68,,
2018-04-16,-1.74,2.68,,
2018-04-17,0.44,6.25,,
2018-04-18,0.76,6.19,,
2018-04-19,-1.71,-3.85,,
2018-04-20,-5.03,-2.03,,
2018-04-21,-5.50,4.15,,
2018-04-22,6.54,-1.15,,
2018-04-23,1.99,-2.55,,
2018-04-24,-0.91,-1.64,,
2018-04-25,0.68,2.38,,
2018-04-26,2.26,-3.91,,
2018-04-27,-0.32,-2.58,,
2018-04-28,1.52,2.25,,
2018-04-29,-0.88,2.88,,
2018-04-30,-3.52,3.40,,
2018-05-01,-4.18,4.98,,
2018-05-02,-4.47,5.52,,
2018-05-03,-3.33,6.27,,
2018-05-04,-3.42,3.93,,
2018-05-05,-0.62,-2.93,,
2018-05-06,0.19,-1.80,,
2018-05-07,2.28,1.66,,
2018-05-08,1.69,3.04,,
2018-05-09,0.21,3.04,,
2018-05-10,-1.91,3.58,,
2018-05-11,-2.62,5.62,,
2018-05-12,-3.07,5.31,,
2018-05-13,-2.69,4.14,,
2018-05-14,-1.90,3.90,,
2018-05-15,-0.17,2.41,,
2018-05-16,2.03,2.59,,
2018-05-17,2.80,3.86,,
2018-05-18,2.50,5.13,,
2018-05-19,-1.90,5.85,,
2018-05-20,-3.38,4.65,,
2018-05-21,-2.21,0.89,,
2018-05-22,-1.87,1.75,,
2018-05-23,-2.11,1.71,,
2018-05-24,-2.65,0.71,,
2018-05-25,-1.26,1.45,,
2018-05-26,0.62,2.68,,
2018-05-27,0.37,2.61,,
2018-05-28,0.79,1.69,,
2018-05-29,2.41,2.68,,
2018-05-30,0.80,5.03,,
2018-05-31,-1.34,5.81,,
2018-06-01,-0.59,5.65,,
2018-06-02,1.33,5.33,,
2018-06-03,1.32,3.12,,
2018-06-04,1.77,2.95,,
2018-06-05,2.50,5.12,,
2018-06-06,0.91,4.70,,
2018-06-07,-1.65,2.97,,
2018-06-08,-2.49,3.18,,
2018-06-09,-1.20,3.69,,
2018-06-10,0.52,5.97,,
2018-06-11,-0.00,6.78,,
2018-06-12,-1.38,5.55,,
2018-06-13,-1.86,3.81,,
2018-06-14,-1.43,3.53,,
2018-06-15,-2.10,4.31,,
2018-06-16,-3.31,5.10,,
2018-06-17,-4.64,2.46,,
2018-06-18,-4.76,5.47,,
2018-06-19,-4.20,6.23,,
2018-06-20,-2.89,6.19,,
2018-06-21,0.07,2.12,,
2018-06-22,1.40,3.64,,
2018-06-23,0.94,6.70,,
2018-06-24,-1.24,7.01,,
2018-06-25,-2.35,6.45,,
2018-06-26,-1.52,4.18,,
2018-06-27,0.34,3.93,,
2018-06-28,1.12,4.49,,
2018-06-29,0.40,5.76,,
2018-06-30,-0.00,5.44,,
2018-07-01,0.34,4.80,,
2018-07-02,0.54,3.87,,
2018-07-03,2.05,2.82,,
2018-07-04,0.90,3.15,,
2018-07-05,-3.01,-0.48,,
2018-07-06,-1.71,-1.60,,
2018-07-07,-1.99,-1.15,,
2018-07-08,-0.43,2.02,,
2018-07-09,-0.48,2.70,,
2018-07-10,-1.26,1.40,,
2018-07-11,1.17,1.74,,
2018-07-12,0.56,2.11,,
2018-07-13,-0.38,2.69,,
2018-07-14,0.05,3.15,,
2018-07-15,1.16,3.03,,
2018-07-16,1.78,3.49,,
2018-07-17,2.17,2.77,,
2018-07-18,2.79,3.45,,
2018-07-19,2.75,4.08,,
2018-07-20,2.43,4.04,,
2018-07-21,2.72,3.61,,
2018-07-22,3.53,3.53,,
2018-07-23,3.75,3.37,,
2018-07-24,1.57,3.22,,
2018-07-25,-1.82,-1.23,,
2018-07-26,0.17,1.95,,
2018-07-27,-0.13,2.51,,
2018-07-28,-0.26,2.50,,
2018-07-29,0.25,2.42,,
2018-07-30,0.70,2.81,,
2018-07-31,2.27,2.20,,
2018-08-01,0.68,-2.37,,
2018-08-02,-1.61,-1.78,,
2018-08-03,-3.18,0.33,,
2018-08-04,-0.42,3.44,,
2018-08-05,-3.55,2.67,,
2018-08-06,-2.43,3.00,,
2018-08-07,-1.58,2.34,,
2018-08-08,-0.76,3.29,,
2018-08-09,0.22,3.16,,
2018-08-10,0.90,3.37,,
2018-08-11,-0.13,3.79,,
2018-08-12,-0.70,4.95,,
2018-08-13,-1.46,4.50,,
2018-08-14,-1.05,4.56,,
2018-08-15,-0.59,4.21,,
2018-08-16,0.42,4.01,,
2018-08-17,0.19,3.66,,
2018-08-18,0.78,3.68,,
2018-08-19,2.14,5.29,,
2018-08-20,1.70,5.22,,
2018-08-21,2.34,3.34,,
2018-08-22,2.31,1.93,,
2018-08-23,-1.39,2.31,,
2018-08-24,-1.88,3.01,,
2018-08-25,-2.26,3.00,,
2018-08-26,-2.20,3.03,,
2018-08-27,-1.85,3.96,,
2018-08-28,-2.01,3.62,,
2018-08-29,-1.99,3.06,,
2018-08-30,-2.98,1.33,,
2018-08-31,-3.37,0.59,,
2018-09-01,-2.81,0.30,,
2018-09-02,-1.89,1.00,,
2018-09-03,-0.67,3.17,,
2018-09-04,-4.23,1.62,,
2018-09-05,-3.43,-0.00,,
2018-09-06,-1.13,1.81,,
2018-09-07,-0.04,2.12,,
2018-09-08,-0.37,2.66,,
2018-09-09,-0.42,1.97,,
2018-09-10,-1.86,-0.23,,
2018-09-11,-2.98,1.46,,
2018-09-12,-3.37,0.97,,
2018-09-13,-6.67,-0.47,,
2018-09-14,-5.73,2.43,,
2018-09-15,-4.29,2.58,,
2018-09-16,-1.48,0.66,,
2018-09-17,2.04,0.51,,
2018-09-18,1.57,1.32,,
2018-09-19,-0.22,1.83,,
2018-09-20,-1.26,2.84,,
2018-09-21,-2.31,3.85,,
2018-09-22,0.70,3.97,,
2018-09-23,1.74,2.49,,
2018-09-24,1.86,0.50,,
2018-09-25,0.41,3.95,,
2018-09-26,-0.84,2.74,,
2018-09-27,1.57,-3.07,,
2018-09-28,-2.03,-1.48,,
2018-09-29,-3.91,0.34,,
2018-09-30,-3.85,0.34,,
2018-10-01,-2.87,0.51,,
2018-10-02,-3.82,1.24,,
2018-10-03,-1.76,1.70,,
2018-10-04,-1.86,2.07,,
2018-10-05,-2.34,2.60,,
2018-10-06,-2.95,3.05,,
2018-10-07,-3.47,3.47,,
2018-10-08,-4.04,3.05,,
2018-10-09,-4.14,3.12,,
2018-10-10,0.00,-3.54,,
2018-10-11,-1.71,-4.02,,
2018-10-12,-4.11,0.36,,
2018-10-13,-1.55,5.06,,
2018-10-14,-0.74,6.02,,
2018-10-15,-4.19,2.62,,
2018-10-16,0.00,-6.19,,
2018-10-17,-0.10,-5.92,,
2018-10-18,-4.48,-5.53,,
2018-10-19,-5.02,-0.79,,
2018-10-20,-0.55,-3.13,,
2018-10-21,-4.15,-6.15,,
2018-10-22,-3.01,-3.85,,
2018-10-23,-2.80,-6.59,,
2018-10-24,-6.03,-3.92,,
2018-10-25,3.27,-3.51,,
2018-10-26,1.81,-2.15,,
2018-10-27,1.95,-0.52,,
2018-10-28,2.61,2.04,,
2018-10-29,1.68,2.58,,
2018-10-30,-0.56,4.56,,
2018-10-31,-0.50,5.71,,
2018-11-01,5.05,-3.67,,
2018-11-02,1.76,-2.17,,
2018-11-03,0.75,4.75,,
2018-11-04,-0.57,5.42,,
2018-11-05,-0.83,5.88,,
2018-11-06,1.31,4.03,,
2018-11-07,0.36,3.40,,
2018-11-08,-3.20,-0.74,,
2018-11-09,-2.39,-5.92,,
2018-11-10,-3.92,-6.52,,
2018-11-11,-4.37,-3.17,,
2018-11-12,1.38,-5.96,,
2018-11-13,2.80,-8.14,,
2018-11-14,2.77,-4.80,,
2018-11-15,1.13,-2.22,,
2018-11-16,1.91,0.69,,
2018-11-17,-2.34,2.59,,
2018-11-18,-2.61,1.51,,
2018-11-19,0.44,-5.00,,
2018-11-20,-0.99,-5.59,,
2018-11-21,-3.40,-2.96,,
2018-11-22,-3.39,-2.74,,
2018-11-23,-3.11,1.32,,
2018-11-24,1.73,0.63,,
2018-11-25,5.00,2.22,,
2018-11-26,2.20,-6.76,,
2018-11-27,-0.32,-3.08,,
2018-11-28,0.34,3.87,,
2018-11-29,0.93,5.90,,
2018-11-30,-0.86,4.90,,
2018-12-01,3.81,3.19,,
2018-12-02,3.34,-0.65,,
2018-12-03,-1.97,-4.64,,
2018-12-04,-2.01,-4.74,,
2018-12-05,-2.58,-3.55,,
2018-12-06,-3.84,3.58,,
2018-12-07,-2.84,4.54,,
2018-12-08,7.29,0.00,,
2018-12-09,3.42,-5.69,,
2018-12-10,1.72,-3.53,,
2018-12-11,-2.60,-0.55,,
2018-12-12,-2.16,5.10,,
2018-12-13,0.35,6.69,,
2018-12-14,7.72,-0.95,,
2018-12-15,4.78,-3.47,,
2018-12-16,-0.21,-3.01,,
2018-12-17,-0.47,1.64,,
2018-12-18,-3.15,0.73,,
2018-12-19,-2.59,-2.17,,
2018-12-20,3.94,-4.38,,
2018-12-21,4.79,-3.88,,
2018-12-22,2.06,4.84,,
2018-12-23,4.31,0.53,,
2018-12-24,-3.96,-2.10,,
2018-12-25,-2.57,3.29,,
2018-12-26,-6.20,4.34,,
2018-12-27,-2.66,6.92,,
2018-12-28,-1.74,-3.91,,
2018-12-29,-2.05,-5.34,,
2018-12-30,-0.49,-4.64,,
2018-12-31,2.69,-1.20,,
2019-01-01,-1.16,-2.87,,
2019-01-02,-2.22,-4.77,,
2019-01-03,-0.68,-6.42,,
2019-01-04,3.48,-2.26,,
2019-01-05,1.36,1.46,,
2019-01-06,-1.32,3.27,,
2019-01-07,-0.87,5.49,,
2019-01-08,1.08,3.55,,
2019-01-09,-1.94,-4.36,,
2019-01-10,-2.00,-2.30,,
2019-01-11,-3.38,1.16,,
2019-01-12,5.25,1.61,,
2019-01-13,0.70,-4.41,,
2019-01-14,-1.61,-3.44,,
2019-01-15,-1.93,-1.21,,
2019-01-16,-3.35,1.22,,
2019-01-17,2.14,4.59,,
2019-01-18,0.32,3.66,,
2019-01-19,9.33,0.00,,
2019-01-20,1.96,-5.68,,
2019-01-21,-2.19,3.13,,
2019-01-22,-1.93,7.74,,
2019-01-23,6.10,-4.77,,
2019-01-24,-0.98,-3.20,,
2019-01-25,-3.09,0.71,,
2019-01-26,-3.90,0.90,,
2019-01-27,-2.38,-1.06,,
2019-01-28,1.16,4.05,,
2019-01-29,-0.95,-5.99,,
2019-01-30,-4.04,-1.97,,
2019-01-31,-5.82,1.13,,
2019-02-01,-5.54,-1.08,,
2019-02-02,-5.10,-0.63,,
2019-02-03,-2.72,3.48,,
2019-02-04,0.47,4.52,,
2019-02-05,-0.40,3.30,,
2019-02-06,-0.87,5.46,,
2019-02-07,-0.47,6.75,,
2019-02-08,-1.65,-7.76,,
2019-02-09,-3.54,-5.05,,
2019-02-10,-5.97,-0.31,,
2019-02-11,-1.49,5.18,,
2019-02-12,4.91,-2.95,,
2019-02-13,-2.07,-2.66,,
2019-02-14,0.50,5.74,,
2019-02-15,2.34,4.79,,
2019-02-16,-0.06,3.41,,
2019-02-17,-4.45,-1.19,,
2019-02-18,-4.70,-6.47,,
2019-02-19,-5.79,-4.06,,
2019-02-20,1.70,-4.22,,
2019-02-21,-2.72,-3.61,,
2019-02-22,-4.59,-0.65,,
2019-02-23,1.26,5.95,,
2019-02-24,0.07,-4.02,,
2019-02-25,-5.16,-1.98,,
2019-02-26,-5.47,0.19,,
2019-02-27,-3.63,3.05,,
2019-02-28,1.09,-2.23,,
2019-03-01,-0.85,-3.18,,
2019-03-02,-2.88,-1.22,,
2019-03-03,-2.23,-4.38,,
2019-03-04,-0.37,-7.06,,
2019-03-05,0.52,-5.89,,
2019-03-06,-3.31,-2.50,,
2019-03-07,-1.99,4.26,,
2019-03-08,0.56,6.44,,
2019-03-09,-0.23,6.58,,
2019-03-10,-1.68,2.69,,
2019-03-11,-3.94,1.67,,
2019-03-12,-5.35,1.14,,
2019-03-13,-3.08,8.02,,
2019-03-14,1.94,6.34,,
2019-03-15,-0.76,-6.20,,
2019-03-16,-2.13,-4.56,,
2019-03-17,-1.43,-2.47,,
2019-03-18,-2.65,-2.47,,
2019-03-19,-4.94,-1.05,,
2019-03-20,-2.77,0.14,,
2019-03-21,-2.91,-0.31,,
2019-03-22,1.11,2.37,,
2019-03-23,-2.56,3.80,,
2019-03-24,-2.16,4.24,,
2019-03-25,0.17,3.20,,
2019-03-26,-2.35,-3.12,,
2019-03-27,-4.35,0.38,,
2019-03-28,-2.65,4.08,,
2019-03-29,-2.82,4.69,,
2019-03-30,-0.38,5.46,,
2019-03-31,-0.38,-7.18,,
2019-04-01,-2.07,-3.73,,
2019-04-02,-2.09,-2.17,,
2019-04-03,-4.04,2.52,,
2019-04-04,-1.80,4.68,,
2019-04-05,-2.81,1.43,,
2019-04-06,-4.00,2.04,,
2019-04-07,-4.52,2.71,,
2019-04-08,5.34,-2.27,,
2019-04-09,2.81,-0.49,,
2019-04-10,1.10,4.75,,
2019-04-11,-1.10,6.91,,
2019-04-12,-4.65,-1.88,,
2019-04-13,-3.26,6.69,,
2019-04-14,5.46,-4.42,,
2019-04-15,-0.19,3.64,,
2019-04-16,-2.92,5.49,,
2019-04-17,-3.85,5.11,,
2019-04-18,-3.26,6.13,,
2019-04-19,4.56,-5.06,,
2019-04-20,2.90,-0.83,,
2019-04-21,-1.43,5.00,,
2019-04-22,-3.52,4.05,,
2019-04-23,-4.52,3.53,,
2019-04-24,-4.27,2.99,,
2019-04-25,4.63,-0.32,,
2019-04-26,-0.36,-2.55,,
2019-04-27,0.07,4.03,,
2019-04-28,-2.15,4.41,,
2019-04-29,-3.25,5.20,,
2019-04-30,-4.62,6.13,,
2019-05-01,-3.24,6.35,,
2019-05-02,-3.40,5.23,,
2019-05-03,-3.61,2.44,,
2019-05-04,1.75,2.80,,
2019-05-05,-3.45,0.12,,
2019-05-06,-3.52,2.12,,
2019-05-07,-4.73,3.83,,
2019-05-08,-4.20,6.00,,
2019-05-09,-1.71,4.96,,
2019-05-10,-5.73,1.97,,
2019-05-11,-2.88,-1.22,,
2019-05-12,0.43,-3.49,,
2019-05-13,-2.92,-1.76,,
2019-05-14,-4.00,0.42,,
2019-05-15,-4.21,0.89,,
2019-05-16,-3.60,2.08,,
2019-05-17,-2.94,4.19,,
2019-05-18,-3.92,7.08,,
2019-05-19,-1.28,4.78,,
2019-05-20,-3.85,5.30,,
2019-05-21,-2.78,8.57,,
2019-05-22,-2.95,6.95,,
2019-05-23,-4.99,5.95,,
2019-05-24,-4.71,5.05,,
2019-05-25,-3.65,4.85,,
2019-05-26,-3.32,4.74,,
2019-05-27,-1.99,5.48,,
2019-05-28,-1.61,7.56,,
2019-05-29,-3.49,7.16,,
2019-05-30,-1.28,3.73,,
2019-05-31,-1.99,1.56,,
2019-06-01,-2.09,0.60,,
2019-06-02,-0.86,2.35,,
2019-06-03,-2.06,2.46,,
2019-06-04,-2.59,3.32,,
2019-06-05,-3.37,6.62,,
2019-06-06,3.27,1.39,,
2019-06-07,3.83,2.68,,
2019-06-08,2.03,-1.96,,
2019-06-09,0.19,2.71,,
2019-06-10,-0.68,-3.20,,
2019-06-11,-1.73,-3.40,,
2019-06-12,-1.14,-2.06,,
2019-06-13,1.83,0.78,,
2019-06-14,-0.86,3.22,,
2019-06-15,-0.22,6.42,,
2019-06-16,-0.88,6.26,,
2019-06-17,-1.88,2.89,,
2019-06-18,0.76,2.65,,
2019-06-19,2.04,4.19,,
2019-06-20,1.38,6.49,,
2019-06-21,-0.57,6.49,,
2019-06-22,-1.59,6.87,,
2019-06-23,-1.72,7.44,,
2019-06-24,-4.89,5.82,,
2019-06-25,-1.25,3.64,,
2019-06-26,-4.85,1.86,,
2019-06-27,-2.04,2.04,,
2019-06-28,-1.72,0.63,,
2019-06-29,1.64,0.50,,
2019-06-30,1.02,1.64,,
2019-07-01,-0.57,3.22,,
2019-07-02,-1.92,3.46,,
2019-07-03,-0.47,4.44,,
2019-07-04,-1.31,5.69,,
2019-07-05,-1.31,4.59,,
2019-07-06,-1.17,2.12,,
2019-07-07,-0.10,2.85,,
2019-07-08,1.02,3.33,,
2019-07-09,1.57,4.31,,
2019-07-10,1.52,2.43,,
2019-07-11,2.44,-0.30,,
2019-07-12,0.94,-4.09,,
2019-07-13,3.06,-3.92,,
2019-07-14,4.10,2.46,,
2019-07-15,2.17,3.34,,
2019-07-16,0.37,5.28,,
2019-07-17,-0.88,4.99,,
2019-07-18,-0.86,4.89,,
2019-07-19,-0.76,4.82,,
2019-07-20,-0.85,4.40,,
2019-07-21,-0.36,3.44,,
2019-07-22,0.26,2.52,,
2019-07-23,2.92,-1.49,,
2019-07-24,-2.54,-4.06,,
2019-07-25,-2.94,-2.55,,
2019-07-26,-4.09,-0.94,,
2019-07-27,-2.12,2.44,,
2019-07-28,0.45,4.27,,
2019-07-29,0.16,4.49,,
2019-07-30,1.45,3.42,,
2019-07-31,0.31,2.51,,
2019-08-01,-1.20,1.78,,
2019-08-02,-0.73,2.00,,
2019-08-03,-0.32,1.84,,
2019-08-04,0.33,2.35,,
2019-08-05,-0.14,2.68,,
2019-08-06,0.16,3.01,,
2019-08-07,1.20,3.94,,
2019-08-08,1.23,5.34,,
2019-08-09,0.97,5.51,,
2019-08-10,0.47,4.51,,
2019-08-11,0.60,4.29,,
2019-08-12,1.33,4.35,,
2019-08-13,1.41,4.09,,
2019-08-14,1.78,2.44,,
2019-08-15,1.70,1.58,,
2019-08-16,-0.30,2.42,,
2019-08-17,0.15,4.23,,
2019-08-18,0.20,5.71,,
2019-08-19,-0.00,4.24,,
2019-08-20,0.15,2.85,,
2019-08-21,-0.60,3.41,,
2019-08-22,-2.37,3.26,,
2019-08-23,-1.52,3.76,,
2019-08-24,-1.36,2.27,,
2019-08-25,1.05,2.15,,
2019-08-26,1.30,4.26,,
2019-08-27,-0.67,4.78,,
2019-08-28,-1.04,2.33,,
2019-08-29,-1.06,0.86,,
2019-08-30,-1.23,1.76,,
2019-08-31,-2.10,0.68,,
2019-09-01,-2.42,-1.57,,
2019-09-02,-3.05,-2.06,,
2019-09-03,-3.38,-1.16,,
2019-09-04,-5.48,-0.38,,
2019-09-05,-2.71,1.32,,
2019-09-06,0.64,2.25,,
2019-09-07,1.53,2.65,,
2019-09-08,0.29,3.29,,
2019-09-09,-1.40,3.84,,
2019-09-10,-1.66,2.45,,
2019-09-11,-3.25,2.82,,
2019-09-12,-3.36,2.35,,
2019-09-13,-3.52,0.06,,
2019-09-14,-3.47,-1.26,,
2019-09-15,-4.49,-0.16,,
2019-09-16,-4.84,-1.76,,
2019-09-17,-4.45,4.45,,
2019-09-18,2.99,4.12,,
2019-09-19,1.83,5.32,,
2019-09-20,-2.61,5.13,,
2019-09-21,-4.20,3.40,,
2019-09-22,-3.17,3.65,,
2019-09-23,-2.29,3.03,,
2019-09-24,-2.98,2.33,,
2019-09-25,-1.99,3.44,,
2019-09-26,-2.37,1.48,,
2019-09-27,-1.89,3.40,,
2019-09-28,-2.57,4.64,,
2019-09-29,-4.02,4.02,,
2019-09-30,-4.17,3.89,,
2019-10-01,-4.31,3.37,,
2019-10-02,-3.61,1.68,,
2019-10-03,-3.48,0.12,,
2019-10-04,-3.02,-0.81,,
2019-10-05,-1.51,-0.77,,
2019-10-06,-2.59,0.99,,
2019-10-07,-1.74,-2.58,,
2019-10-08,-1.38,-4.26,,
2019-10-09,-1.92,2.46,,
2019-10-10,-2.20,5.43,,
2019-10-11,-1.19,5.60,,
2019-10-12,-0.60,-6.84,,
2019-10-13,-1.03,-3.37,,
2019-10-14,-2.32,2.02,,
2019-10-15,0.45,4.24,,
2019-10-16,0.22,-4.12,,
2019-10-17,-2.65,-4.25,,
2019-10-18,-2.26,-2.79,,
2019-10-19,-0.17,2.42,,
2019-10-20,1.31,4.56,,
2019-10-21,0.11,6.34,,
2019-10-22,-2.38,-4.29,,
2019-10-23,-5.50,1.47,,
2019-10-24,-5.87,2.86,,
2019-10-25,3.77,-5.60,,
2019-10-26,5.37,-4.04,,
2019-10-27,-1.12,1.55,,
2019-10-28,-4.25,1.47,,
2019-10-29,-5.63,-0.59,,
2019-10-30,-2.56,-3.65,,
2019-10-31,2.70,-8.32,,
2019-11-01,-1.21,-3.52,,
2019-11-02,-1.03,-3.37,,
2019-11-03,-3.11,-1.38,,
2019-11-04,-2.95,2.47,,
2019-11-05,-2.36,1.78,,
2019-11-06,-4.28,0.30,,
2019-11-07,-2.38,-1.79,,
2019-11-08,-0.23,-6.53,,
2019-11-09,-1.08,-3.76,,
2019-11-10,-2.22,0.04,,
2019-11-11,-0.60,2.58,,
2019-11-12,1.26,-8.94,,
2019-11-13,-0.97,-3.61,,
2019-11-14,-3.64,-3.91,,
2019-11-15,-0.43,-4.97,,
2019-11-16,-0.93,-2.42,,
2019-11-17,-1.35,-1.17,,
2019-11-18,2.00,-0.46,,
2019-11-19,1.12,1.94,,
2019-11-20,-3.42,4.23,,
2019-11-21,-3.20,5.78,,
2019-11-22,-0.28,5.33,,
2019-11-23,1.79,-4.92,,
2019-11-24,-0.58,-2.31,,
2019-11-25,0.74,3.49,,
2019-11-26,2.02,7.06,,
2019-11-27,-2.43,-6.34,,
2019-11-28,-6.25,-0.66,,
2019-11-29,-4.09,3.68,,
2019-11-30,0.51,7.30,,
2019-12-01,3.82,-4.10,,
2019-12-02,1.82,-4.08,,
2019-12-03,-1.84,1.71,,
2019-12-04,1.35,-2.16,,
2019-12-05,-2.34,1.96,,
2019-12-06,4.17,1.69,,
2019-12-07,0.00,-4.27,,
2019-12-08,-2.09,1.88,,
2019-12-09,1.81,4.97,,
2019-12-10,-1.87,-6.11,,
2019-12-11,-3.36,-6.32,,
2019-12-12,-3.48,-2.72,,
2019-12-13,-0.98,2.85,,
2019-12-14,-1.76,-2.17,,
2019-12-15,-0.00,6.23,,
2019-12-16,1.48,6.98,,
2019-12-17,1.90,-7.61,,
2019-12-18,0.84,-4.30,,
2019-12-19,-2.22,-1.80,,
2019-12-20,-4.62,-0.24,,
2019-12-21,-2.20,-3.53,,
2019-12-22,1.44,-4.42,,
2019-12-23,2.22,-2.56,,
2019-12-24,-1.00,-1.80,,
2019-12-25,-1.61,1.22,,
2019-12-26,-3.58,-0.19,,
2019-12-27,-3.08,-0.60,,
2019-12-28,-3.50,3.89,,
2019-12-29,2.60,5.85,,
2019-12-30,0.95,-3.10,,
2019-12-31,-0.23,-2.68,,
2020-01-01,-2.72,1.15,,
2020-01-02,-0.50,3.57,,
2020-01-03,3.88,0.07,,
2020-01-04,2.78,-3.19,,
2020-01-05,2.14,2.64,,
2020-01-06,1.30,2.67,,
2020-01-07,-0.55,-3.94,,
2020-01-08,-3.37,1.50,,
2020-01-09,-2.71,6.71,,
2020-01-10,-3.07,8.01,,
2020-01-11,6.53,4.24,,
2020-01-12,-2.27,-1.77,,
2020-01-13,-4.06,-1.40,,
2020-01-14,0.63,4.52,,
2020-01-15,-0.57,4.65,,
2020-01-16,-3.45,1.12,,
2020-01-17,-5.11,0.54,,
2020-01-18,-0.69,3.24,,
2020-01-19,-2.50,-6.86,,
2020-01-20,-1.52,-4.69,,
2020-01-21,-3.99,-1.30,,
2020-01-22,-5.13,3.59,,
2020-01-23,2.97,4.95,,
2020-01-24,0.78,-2.56,,
2020-01-25,-3.31,2.23,,
2020-01-26,-0.38,4.38,,
2020-01-27,-2.19,-1.07,,
2020-01-28,-4.16,2.50,,
2020-01-29,4.63,-3.61,,
2020-01-30,-1.44,-3.76,,
2020-01-31,-0.26,-3.71,,
2020-02-01,2.28,-1.54,,
2020-02-02,3.18,2.86,,
2020-02-03,0.71,6.75,,
2020-02-04,-0.00,7.41,,
2020-02-05,4.64,-1.16,,
2020-02-06,5.03,-5.03,,
2020-02-07,2.95,2.85,,
2020-02-08,-3.93,0.98,,
2020-02-09,-3.75,5.55,,
2020-02-10,-0.98,6.20,,
2020-02-11,-1.27,-4.15,,
2020-02-12,0.09,5.31,,
2020-02-13,0.59,-4.79,,
2020-02-14,-3.40,-4.20,,
2020-02-15,-4.32,0.30,,
2020-02-16,-2.65,0.33,,
2020-02-17,-1.52,5.29,,
2020-02-18,-1.46,4.25,,
2020-02-19,-3.48,-3.25,,
2020-02-20,-0.93,-5.86,,
2020-02-21,-2.45,-7.10,,
2020-02-22,-2.59,-0.94,,
2020-02-23,-2.06,3.57,,
2020-02-24,0.57,5.39,,
2020-02-25,-1.56,-1.56,,
2020-02-26,3.47,-6.81,,
2020-02-27,0.94,-2.72,,
2020-02-28,3.23,0.81,,
2020-02-29,1.15,3.33,,
2020-03-01,-1.31,7.44,,
2020-03-02,-0.55,6.24,,
2020-03-03,-1.61,3.62,,
2020-03-04,-2.03,4.55,,
2020-03-05,0.86,-5.44,,
2020-03-06,-1.35,-4.41,,
2020-03-07,-3.89,-0.07,,
2020-03-08,-5.01,2.23,,
2020-03-09,-3.26,4.33,,
2020-03-10,-0.93,2.86,,
2020-03-11,0.68,3.86,,
2020-03-12,0.18,5.07,,
2020-03-13,-2.53,4.21,,
2020-03-14,-3.08,3.81,,
2020-03-15,-3.88,2.42,,
2020-03-16,-3.39,0.78,,
2020-03-17,-3.34,2.01,,
2020-03-18,-2.34,4.60,,
2020-03-19,-2.28,5.64,,
2020-03-20,-2.88,3.69,,
2020-03-21,-4.39,-5.05,,
2020-03-22,-4.57,2.33,,
2020-03-23,0.47,5.35,,
2020-03-24,0.65,6.15,,
2020-03-25,0.69,3.00,,
2020-03-26,-0.65,4.62,,
2020-03-27,-1.48,6.39,,
2020-03-28,-1.06,5.43,,
2020-03-29,-3.30,-4.08,,
2020-03-30,-4.70,2.39,,
2020-03-31,4.43,-2.46,,
2020-04-01,-5.26,-1.31,,
2020-04-02,-4.58,3.84,,
2020-04-03,-5.17,2.63,,
2020-04-04,-3.16,-3.39,,
2020-04-05,-5.25,-2.79,,
2020-04-06,-3.88,1.04,,
2020-04-07,-0.38,3.66,,
2020-04-08,1.07,3.72,,
2020-04-09,1.54,2.90,,
2020-04-10,-3.68,-3.31,,
2020-04-11,-5.62,2.39,,
2020-04-12,-0.13,7.24,,
2020-04-13,1.92,-4.99,,
2020-04-14,-2.21,-4.97,,
2020-04-15,-2.37,-5.32,,
2020-04-16,-4.84,0.08,,
2020-04-17,-3.58,2.90,,
2020-04-18,-3.56,-2.40,,
2020-04-19,-1.19,4.13,,
2020-04-20,-3.23,0.40,,
2020-04-21,-3.40,2.04,,
2020-04-22,-3.04,5.71,,
2020-04-23,5.34,0.19,,
2020-04-24,-2.88,2.88,,
2020-04-25,-1.05,-4.93,,
2020-04-26,-2.93,-3.75,,
2020-04-27,-3.34,4.28,,
2020-04-28,-2.59,5.56,,
2020-04-29,-1.80,4.95,,
2020-04-30,1.30,-1.79,,
2020-05-01,0.26,3.77,,
2020-05-02,-1.32,5.31,,
2020-05-03,-0.66,5.38,,
2020-05-04,-0.79,5.02,,
2020-05-05,-0.24,4.52,,
2020-05-06,-3.95,-2.98,,
2020-05-07,-3.48,2.35,,
2020-05-08,1.77,7.66,,
2020-05-09,-5.38,-4.84,,
2020-05-10,-3.65,-3.06,,
2020-05-11,-4.08,0.65,,
2020-05-12,-3.37,4.81,,
2020-05-13,-3.27,4.34,,
2020-05-14,-3.37,4.16,,
2020-05-15,-3.01,3.11,,
2020-05-16,-0.65,5.32,,
2020-05-17,3.13,-1.66,,
2020-05-18,2.13,-0.95,,
2020-05-19,1.83,3.92,,
2020-05-20,1.03,4.11,,
2020-05-21,-2.04,4.00,,
2020-05-22,-1.98,4.90,,
2020-05-23,-2.68,4.46,,
2020-05-24,-3.32,4.10,,
2020-05-25,-2.33,4.21,,
2020-05-26,0.86,-2.81,,
2020-05-27,1.63,1.88,,
2020-05-28,-2.52,2.44,,
2020-05-29,-0.48,-3.04,,
2020-05-30,-2.94,-2.55,,
2020-05-31,-3.57,-0.44,,
2020-06-01,-3.68,-0.85,,
2020-06-02,-3.86,0.41,,
2020-06-03,-2.71,1.32,,
2020-06-04,-1.12,2.20,,
2020-06-05,-1.45,2.00,,
2020-06-06,-2.46,-1.66,,
2020-06-07,0.13,-3.66,,
2020-06-08,2.57,1.14,,
2020-06-09,1.24,6.36,,
2020-06-10,-1.30,-3.77,,
2020-06-11,-1.67,-2.78,,
2020-06-12,-3.02,-1.96,,
2020-06-13,-2.89,-2.42,,
2020-06-14,-3.67,-0.39,,
2020-06-15,-3.87,1.64,,
2020-06-16,-2.45,2.13,,
2020-06-17,-1.03,2.83,,
2020-06-18,-1.49,4.33,,
2020-06-19,-2.42,4.36,,
2020-06-20,-1.42,3.89,,
2020-06-21,-0.17,4.86,,
2020-06-22,0.50,5.71,,
2020-06-23,0.18,3.46,,
2020-06-24,3.19,3.81,,
2020-06-25,0.49,4.64,,
2020-06-26,-1.90,5.51,,
2020-06-27,-1.66,5.12,,
2020-06-28,-0.73,5.94,,
2020-06-29,-0.93,7.59,,
2020-06-30,-0.99,7.07,,
2020-07-01,0.12,6.67,,
2020-07-02,0.73,5.19,,
2020-07-03,1.56,3.21,,
2020-07-04,2.28,2.20,,
2020-07-05,2.80,3.59,,
2020-07-06,2.06,5.09,,
2020-07-07,0.93,5.28,,
2020-07-08,1.00,5.68,,
2020-07-09,0.53,6.03,,
2020-07-10,0.23,4.36,,
2020-07-11,1.69,3.62,,
2020-07-12,2.91,3.47,,
2020-07-13,2.57,4.28,,
2020-07-14,1.70,5.57,,
2020-07-15,1.08,5.58,,
2020-07-16,0.34,3.91,,
2020-07-17,-1.29,2.43,,
2020-07-18,-2.56,2.07,,
2020-07-19,-3.44,0.92,,
2020-07-20,-4.56,-0.48,,
2020-07-21,-3.24,2.72,,
2020-07-22,-2.34,1.64,,
2020-07-23,-3.00,-0.53,,
2020-07-24,-5.59,-3.77,,
2020-07-25,-9.58,1.52,,
2020-07-26,-6.14,2.23,,
2020-07-27,-3.01,0.75,,
2020-07-28,0.42,2.63,,
2020-07-29,1.06,3.95,,
2020-07-30,0.67,5.42,,
2020-07-31,1.85,5.08,,
2020-08-01,1.72,2.55,,
2020-08-02,-1.10,1.40,,
2020-08-03,1.71,1.07,,
2020-08-04,2.49,0.86,,
2020-08-05,0.97,2.39,,
2020-08-06,-0.43,3.05,,
2020-08-07,-1.62,1.93,,
2020-08-08,-0.60,2.82,,
2020-08-09,0.17,3.31,,
2020-08-10,-0.82,4.66,,
2020-08-11,-0.52,4.22,,
2020-08-12,1.08,4.32,,
2020-08-13,1.37,3.77,,
2020-08-14,1.83,3.92,,
2020-08-15,1.86,4.18,,
2020-08-16,1.86,2.98,,
2020-08-17,2.97,0.31,,
2020-08-18,-0.93,-2.18,,
2020-08-19,0.66,-2.63,,
2020-08-20,-0.72,1.79,,
2020-08-21,-0.11,2.18,,
2020-08-22,-0.40,2.08,,
2020-08-23,-3.44,-0.86,,
2020-08-24,-3.77,-1.37,,
2020-08-25,-1.58,-3.09,,
2020-08-26,-4.73,-3.56,,
2020-08-27,5.67,-2.77,,
2020-08-28,1.82,5.29,,
2020-08-29,0.37,4.21,,
2020-08-30,0.30,4.22,,
2020-08-31,0.44,6.23,,
2020-09-01,-0.40,7.69,,
2020-09-02,0.26,7.57,,
2020-09-03,-0.18,5.13,,
2020-09-04,-3.80,1.93,,
2020-09-05,-3.43,-2.06,,
2020-09-06,-2.71,-1.83,,
2020-09-07,-1.50,1.26,,
2020-09-08,-2.29,3.27,,
2020-09-09,-3.35,2.91,,
2020-09-10,-3.12,-0.05,,
2020-09-11,-0.07,-4.20,,
2020-09-12,-0.50,-4.10,,
2020-09-13,-2.90,-3.22,,
2020-09-14,-1.23,-4.58,,
2020-09-15,-0.80,-4.55,,
2020-09-16,-0.16,-3.15,,
2020-09-17,-0.85,-3.99,,
2020-09-18,-2.63,-3.62,,
2020-09-19,-3.89,-6.74,,
2020-09-20,-2.22,-8.29,,
2020-09-21,-8.65,-5.00,,
2020-09-22,-4.38,6.03,,
2020-09-23,5.80,0.00,,
2020-09-24,1.64,-3.08,,
2020-09-25,0.00,-2.40,,
2020-09-26,-0.34,2.43,,
2020-09-27,-0.33,4.72,,
2020-09-28,3.97,-3.22,,
2020-09-29,0.39,-5.65,,
2020-09-30,2.20,-0.31,,
2020-10-01,2.13,-1.18,,
2020-10-02,-2.55,-3.03,,
2020-10-03,-2.73,0.43,,
2020-10-04,-2.60,-1.27,,
2020-10-05,-2.76,-1.53,,
2020-10-06,-2.43,-1.64,,
2020-10-07,-2.06,-2.55,,
2020-10-08,-3.16,-3.52,,
2020-10-09,-2.48,-9.95,,
2020-10-10,3.91,-0.83,,
2020-10-11,1.71,3.51,,
2020-10-12,1.78,3.82,,
2020-10-13,-2.69,-1.82,,
2020-10-14,-2.30,1.44,,
2020-10-15,0.99,5.10,,
2020-10-16,-3.33,-4.42,,
2020-10-17,-5.57,1.39,,
2020-10-18,-1.72,5.31,,
2020-10-19,-2.20,4.32,,
2020-10-20,-3.58,2.15,,
2020-10-21,-4.10,0.43,,
2020-10-22,-3.83,1.25,,
2020-10-23,-3.10,0.77,,
2020-10-24,1.33,-5.32,,
2020-10-25,-2.47,0.26,,
2020-10-26,-4.72,3.69,,
2020-10-27,-5.22,-0.64,,
2020-10-28,2.80,-5.50,,
2020-10-29,4.81,-3.62,,
2020-10-30,-0.89,-5.07,,
2020-10-31,-1.10,-1.83,,
2020-11-01,-0.62,-3.18,,
2020-11-02,-2.98,-4.25,,
2020-11-03,-2.29,-1.66,,
2020-11-04,-2.19,1.37,,
2020-11-05,-4.12,1.66,,
2020-11-06,-3.24,-0.99,,
2020-11-07,-3.20,-1.92,,
2020-11-08,-4.25,-0.60,,
2020-11-09,-3.67,1.05,,
2020-11-10,-2.76,2.00,,
2020-11-11,-1.95,-1.82,,
2020-11-12,-3.02,-0.59,,
2020-11-13,-3.25,0.81,,
2020-11-14,-2.07,5.12,,
2020-11-15,-3.96,4.40,,
2020-11-16,-3.52,-3.65,,
2020-11-17,-3.33,-2.89,,
2020-11-18,-4.36,-1.59,,
2020-11-19,-3.96,2.10,,
2020-11-20,-3.89,1.98,,
2020-11-21,-4.39,0.38,,
2020-11-22,-2.65,-0.14,,
2020-11-23,-3.73,-2.61,,
2020-11-24,-3.59,5.54,,
2020-11-25,1.99,5.19,,
2020-11-26,-3.25,-0.93,,
2020-11-27,0.28,3.17,,
2020-11-28,-4.31,-1.74,,
2020-11-29,-1.13,-7.12,,
2020-11-30,2.76,-6.50,,
2020-12-01,2.23,2.31,,
2020-12-02,-2.39,6.57,,
2020-12-03,3.19,-6.25,,
2020-12-04,1.26,-4.39,,
2020-12-05,-0.90,-2.77,,
2020-12-06,2.06,-1.85,,
2020-12-07,1.69,-2.93,,
2020-12-08,1.85,-0.82,,
2020-12-09,2.45,1.71,,
2020-12-10,1.51,3.24,,
2020-12-11,-1.59,5.95,,
2020-12-12,1.58,-3.54,,
2020-12-13,-4.31,4.31,,
2020-12-14,1.90,-6.23,,
2020-12-15,-3.65,0.32,,
2020-12-16,2.34,-5.02,,
2020-12-17,-0.65,-3.05,,
2020-12-18,-3.60,2.52,,
2020-12-19,-2.58,5.28,,
2020-12-20,0.89,-2.90,,
2020-12-21,-0.30,1.92,,
2020-12-22,-2.56,2.07,,
2020-12-23,0.09,5.35,,
2020-12-24,3.81,-7.16,,
2020-12-25,3.21,-0.34,,
2020-12-26,-1.74,2.89,,
2020-12-27,-1.46,5.44,,
2020-12-28,-2.18,3.93,,
2020-12-29,-5.85,3.51,,
2020-12-30,-3.58,6.45,,
2020-12-31,-2.83,6.66,,
2021-01-01,5.65,0.59,,
2021-01-02,2.70,-3.22,,
2021-01-03,1.79,2.86,,
2021-01-04,1.79,2.75,,
2021-01-05,-2.82,-0.05,,
2021-01-06,-2.80,4.49,,
2021-01-07,5.68,-3.69,,
2021-01-08,0.55,-3.91,,
2021-01-09,-1.65,-2.86,,
2021-01-10,-5.85,-3.38,,
2021-01-11,1.09,-6.85,,
2021-01-12,0.27,-3.14,,
2021-01-13,2.52,0.04,,
2021-01-14,3.34,2.90,,
2021-01-15,3.56,-4.40,,
2021-01-16,3.43,-1.90,,
2021-01-17,1.83,-0.67,,
2021-01-18,-1.55,3.17,,
2021-01-19,-3.08,6.05,,
2021-01-20,-3.07,-0.88,,
2021-01-21,0.96,4.15,,
2021-01-22,2.59,1.15,,
2021-01-23,-3.89,-1.73,,
2021-01-24,-2.74,4.75,,
2021-01-25,0.12,7.06,,
2021-01-26,-3.38,-2.37,,
2021-01-27,-0.30,-5.80,,
2021-01-28,-1.90,-4.47,,
2021-01-29,-3.48,0.06,,
2021-01-30,-1.78,6.65,,
2021-01-31,5.50,-2.68,,
2021-02-01,1.93,-4.77,,
2021-02-02,-2.32,-1.51,,
2021-02-03,-3.41,2.86,,
2021-02-04,1.09,6.89,,
2021-02-05,-4.16,-4.62,,
2021-02-06,-4.39,-1.18,,
2021-02-07,-2.82,-3.61,,
2021-02-08,-4.31,2.59,,
2021-02-09,-2.99,0.58,,
2021-02-10,-2.50,1.95,,
2021-02-11,-0.29,-5.48,,
2021-02-12,-0.87,-7.06,,
2021-02-13,0.44,-6.23,,
2021-02-14,-0.73,-5.20,,
2021-02-15,3.88,-7.95,,
2021-02-16,1.01,-4.73,,
2021-02-17,-5.81,-4.54,,
2021-02-18,0.76,-7.21,,
2021-02-19,1.75,-4.80,,
2021-02-20,-1.77,-1.38,,
2021-02-21,-2.15,5.05,,
2021-02-22,-1.85,-2.96,,
2021-02-23,-0.49,3.11,,
2021-02-24,0.55,5.23,,
2021-02-25,-2.05,4.40,,
2021-02-26,-1.19,5.60,,
2021-02-27,-1.85,4.82,,
2021-02-28,-1.20,5.18,,
2021-03-01,-4.51,2.01,,
2021-03-02,-0.78,-6.39,,
2021-03-03,-2.67,-1.54,,
2021-03-04,-2.26,1.90,,
2021-03-05,-1.77,3.19,,
2021-03-06,-2.43,-4.56,,
2021-03-07,-4.11,-1.42,,
2021-03-08,-3.58,0.89,,
2021-03-09,-3.00,3.57,,
2021-03-10,-2.41,5.69,,
2021-03-11,-2.96,5.80,,
2021-03-12,-3.72,3.23,,
2021-03-13,-3.93,3.80,,
2021-03-14,-2.85,6.72,,
2021-03-15,1.00,3.73,,
2021-03-16,-0.57,4.03,,
2021-03-17,-0.10,5.99,,
2021-03-18,4.72,-5.43,,
2021-03-19,1.00,-4.00,,
2021-03-20,-2.54,-3.37,,
2021-03-21,-3.68,0.92,,
2021-03-22,-3.57,3.96,,
2021-03-23,-0.68,5.50,,
2021-03-24,-5.38,1.24,,
2021-03-25,5.12,2.28,,
2021-03-26,-3.36,-1.86,,
2021-03-27,-2.25,4.83,,
2021-03-28,-1.38,-5.16,,
2021-03-29,-4.28,-2.09,,
2021-03-30,-1.59,5.55,,
2021-03-31,-1.72,3.87,,
2021-04-01,-5.05,-6.23,,
2021-04-02,-4.93,-1.41,,
2021-04-03,-3.68,2.04,,
2021-04-04,-4.19,0.97,,
2021-04-05,-2.95,3.17,,
2021-04-06,-1.93,5.60,,
2021-04-07,-0.72,6.81,,
2021-04-08,-0.27,3.06,,
2021-04-09,-1.47,5.50,,
2021-04-10,-1.22,-4.24,,
2021-04-11,-3.11,-2.43,,
2021-04-12,-2.79,2.99,,
2021-04-13,-3.82,3.56,,
2021-04-14,-3.66,4.07,,
2021-04-15,-4.69,-1.99,,
2021-04-16,-5.10,1.18,,
2021-04-17,-0.58,-6.60,,
2021-04-18,-0.21,-6.08,,
2021-04-19,-1.83,-3.05,,
2021-04-20,-1.12,1.60,,
2021-04-21,-1.27,-5.07,,
2021-04-22,-5.02,0.35,,
2021-04-23,-4.44,5.89,,
2021-04-24,4.27,3.22,,
2021-04-25,-4.29,-2.09,,
2021-04-26,-3.11,3.71,,
2021-04-27,-2.93,4.69,,
2021-04-28,-3.72,6.71,,
2021-04-29,-4.12,4.12,,
2021-04-30,-4.16,1.77,,
2021-05-01,-5.73,1.32,,
2021-05-02,0.78,6.34,,
2021-05-03,-0.23,6.64,,
2021-05-04,-1.79,2.86,,
2021-05-05,-1.40,-4.59,,
2021-05-06,-3.20,-2.08,,
2021-05-07,-2.86,0.10,,
2021-05-08,-2.28,5.64,,
2021-05-09,-1.16,8.23,,
2021-05-10,-1.11,4.79,,
2021-05-11,-3.23,3.46,,
2021-05-12,-1.44,-4.42,,
2021-05-13,-1.69,-4.90,,
2021-05-14,-3.70,-0.59,,
2021-05-15,-4.10,3.32,,
2021-05-16,-4.46,5.13,,
2021-05-17,-1.21,4.51,,
2021-05-18,-4.52,5.02,,
2021-05-19,-4.91,4.58,,
2021-05-20,-2.06,3.57,,
2021-05-21,-4.51,1.91,,
2021-05-22,-7.27,4.72,,
2021-05-23,-6.04,3.63,,
2021-05-24,-3.96,4.72,,
2021-05-25,-2.67,4.62,,
2021-05-26,-1.91,4.10,,
2021-05-27,-1.62,4.44,,
2021-05-28,-1.55,4.25,,
2021-05-29,-0.22,2.14,,
2021-05-30,-3.63,0.13,,
2021-05-31,-4.98,2.99,,
2021-06-01,-0.89,4.20,,
2021-06-02,0.89,1.55,,
2021-06-03,-0.27,2.18,,
2021-06-04,-2.59,3.32,,
2021-06-05,-0.90,2.46,,
2021-06-06,-0.72,3.72,,
2021-06-07,-1.63,7.07,,
2021-06-08,-1.78,6.21,,
2021-06-09,-0.82,5.80,,
2021-06-10,-0.19,5.58,,
2021-06-11,0.64,5.24,,
2021-06-12,0.16,4.45,,
2021-06-13,2.10,1.70,,
2021-06-14,2.70,-0.28,,
2021-06-15,-1.71,0.80,,
2021-06-16,-1.46,-1.46,,
2021-06-17,-2.80,-2.03,,
2021-06-18,-3.81,-1.54,,
2021-06-19,1.13,2.23,,
2021-06-20,0.97,5.01,,
2021-06-21,-0.81,6.58,,
2021-06-22,-1.12,2.52,,
2021-06-23,-1.19,2.33,,
2021-06-24,-1.36,4.19,,
2021-06-25,-0.56,5.33,,
2021-06-26,-1.54,5.74,,
2021-06-27,-3.90,2.73,,
2021-06-28,-2.81,3.73,,
2021-06-29,-3.55,3.42,,
2021-06-30,-3.06,1.11,,
2021-07-01,-1.90,-0.20,,
2021-07-02,0.47,1.87,,
2021-07-03,0.80,1.88,,
2021-07-04,-1.03,-1.53,,
2021-07-05,-1.68,0.78,,
2021-07-06,-1.95,2.69,,
2021-07-07,-2.72,3.02,,
2021-07-08,-4.31,3.49,,
2021-07-09,-3.13,6.43,,
2021-07-10,-0.37,5.30,,
2021-07-11,1.44,4.43,,
2021-07-12,1.11,4.15,,
2021-07-13,-1.72,2.37,,
2021-07-14,-2.81,1.82,,
2021-07-15,-0.71,4.02,,
2021-07-16,0.29,4.19,,
2021-07-17,-1.01,4.04,,
2021-07-18,-1.07,2.53,,
2021-07-19,1.09,2.85,,
2021-07-20,2.34,-0.76,,
2021-07-21,1.49,1.16,,
2021-07-22,1.52,2.25,,
2021-07-23,1.06,3.94,,
2021-07-24,1.45,3.98,,
2021-07-25,1.36,2.36,,
2021-07-26,2.18,1.59,,
2021-07-27,0.98,2.20,,
2021-07-28,-1.55,-0.86,,
2021-07-29,-2.47,0.57,,
2021-07-30,-0.54,2.18,,
2021-07-31,1.70,2.03,,
2021-08-01,1.78,1.72,,
2021-08-02,2.96,2.15,,
2021-08-03,2.55,0.09,,
2021-08-04,0.00,-1.73,,
2021-08-05,-2.64,0.28,,
2021-08-06,-2.47,1.73,,
2021-08-07,0.29,2.75,,
2021-08-08,0.19,5.53,,
2021-08-09,0.41,5.91,,
2021-08-10,-0.94,4.82,,
2021-08-11,-0.66,3.38,,
2021-08-12,-1.45,2.85,,
2021-08-13,-1.61,1.92,,
2021-08-14,-1.84,0.16,,
2021-08-15,-1.40,-1.30,,
2021-08-16,-0.96,-1.48,,
2021-08-17,-0.38,2.38,,
2021-08-18,-1.41,4.34,,
2021-08-19,-0.49,4.66,,
2021-08-20,-1.53,4.19,,
2021-08-21,-1.61,3.99,,
2021-08-22,-0.42,3.02,,
2021-08-23,-0.16,2.29,,
2021-08-24,-0.26,2.44,,
2021-08-25,-0.65,1.79,,
2021-08-26,-0.87,-1.64,,
2021-08-27,-3.43,0.73,,
2021-08-28,-2.82,0.35,,
2021-08-29,-2.03,-2.17,,
2021-08-30,3.23,-0.63,,
2021-08-31,1.75,2.24,,
2021-09-01,-0.00,3.12,,
2021-09-02,-0.65,2.59,,
2021-09-03,-1.12,2.39,,
2021-09-04,0.69,2.41,,
2021-09-05,1.94,2.39,,
2021-09-06,2.01,1.81,,
2021-09-07,-0.98,-1.70,,
2021-09-08,-0.93,-2.42,,
2021-09-09,-0.84,-2.75,,
2021-09-10,-4.33,-0.53,,
2021-09-11,-4.66,-0.74,,
2021-09-12,-4.64,-0.24,,
2021-09-13,-5.20,2.31,,
2021-09-14,-0.79,11.35,,
2021-09-15,3.56,-3.68,,
2021-09-16,0.60,-3.40,,
2021-09-17,0.44,-1.52,,
2021-09-18,1.77,-0.47,,
2021-09-19,0.95,1.52,,
2021-09-20,0.70,3.61,,
2021-09-21,0.89,3.11,,
2021-09-22,-0.68,-5.57,,
2021-09-23,-2.12,-2.27,,
2021-09-24,-2.84,0.15,,
2021-09-25,-2.65,-0.61,,
2021-09-26,-2.74,1.05,,
2021-09-27,-3.23,0.81,,
2021-09-28,0.22,4.28,,
2021-09-29,0.07,4.13,,
2021-09-30,-1.21,2.84,,
2021-10-01,-2.73,2.29,,
2021-10-02,-2.15,1.00,,
2021-10-03,-0.82,-1.42,,
2021-10-04,0.79,-2.44,,
2021-10-05,-0.23,-2.60,,
2021-10-06,0.74,-1.74,,
2021-10-07,0.54,1.77,,
2021-10-08,0.07,2.09,,
2021-10-09,-0.47,2.96,,
2021-10-10,-1.96,6.04,,
2021-10-11,-0.86,4.44,,
2021-10-12,-1.71,4.97,,
2021-10-13,-1.65,6.15,,
2021-10-14,-2.03,5.88,,
2021-10-15,0.18,3.43,,
2021-10-16,-0.35,-6.59,,
2021-10-17,-1.83,-3.92,,
2021-10-18,-1.37,-2.57,,
2021-10-19,-2.93,1.49,,
2021-10-20,-3.76,0.66,,
2021-10-21,-0.83,-1.96,,
2021-10-22,-2.45,-0.04,,
2021-10-23,-1.70,2.71,,
2021-10-24,-2.77,3.82,,
2021-10-25,0.12,2.30,,
2021-10-26,-1.12,3.44,,
2021-10-27,1.80,5.89,,
2021-10-28,6.81,-2.75,,
2021-10-29,5.97,-3.31,,
2021-10-30,2.64,-2.21,,
2021-10-31,-1.69,-0.62,,
2021-11-01,-2.65,0.96,,
2021-11-02,-2.82,0.55,,
2021-11-03,-3.04,2.21,,
2021-11-04,-1.28,-5.56,,
2021-11-05,-0.75,-4.25,,
2021-11-06,-0.88,-3.08,,
2021-11-07,-2.56,-0.27,,
2021-11-08,-2.28,1.48,,
2021-11-09,-1.26,2.09,,
2021-11-10,-1.49,3.68,,
2021-11-11,1.70,4.22,,
2021-11-12,-0.65,-2.60,,
2021-11-13,-0.43,-4.11,,
2021-11-14,1.06,2.18,,
2021-11-15,0.72,3.39,,
2021-11-16,0.09,5.00,,
2021-11-17,-0.69,5.59,,
2021-11-18,-1.43,-4.39,,
2021-11-19,-3.00,-4.81,,
2021-11-20,-2.37,1.54,,
2021-11-21,-2.31,3.30,,
2021-11-22,0.80,-4.56,,
2021-11-23,-3.38,-0.97,,
2021-11-24,-3.03,5.48,,
2021-11-25,-1.82,4.08,,
2021-11-26,-0.80,-5.71,,
2021-11-27,0.51,-2.62,,
2021-11-28,-0.38,-4.35,,
2021-11-29,-0.17,-2.38,,
2021-11-30,-0.71,2.07,,
2021-12-01,-0.72,1.88,,
2021-12-02,0.74,1.84,,
2021-12-03,-0.67,3.47,,
2021-12-04,-0.36,3.38,,
2021-12-05,-0.66,3.12,,
2021-12-06,1.43,4.68,,
2021-12-07,-2.03,-3.66,,
2021-12-08,-2.76,-1.01,,
2021-12-09,-0.96,4.93,,
2021-12-10,0.99,7.01,,
2021-12-11,6.65,-2.03,,
2021-12-12,-1.82,-4.28,,
2021-12-13,-3.36,0.06,,
2021-12-14,-2.77,2.97,,
2021-12-15,-2.31,4.54,,
2021-12-16,-1.45,5.42,,
2021-12-17,-2.28,4.66,,
2021-12-18,-0.22,4.10,,
2021-12-19,-0.11,-6.55,,
2021-12-20,-1.18,-4.39,,
2021-12-21,0.27,-2.62,,
2021-12-22,-0.37,2.65,,
2021-12-23,-0.58,4.69,,
2021-12-24,1.10,6.22,,
2021-12-25,2.11,6.13,,
2021-12-26,0.51,4.19,,
2021-12-27,0.39,5.62,,
2021-12-28,0.34,6.43,,
2021-12-29,0.66,5.38,,
2021-12-30,-0.30,2.15,,
2021-12-31,0.32,4.60,,
2022-01-01,1.76,8.28,0.082,0.149
2022-01-02,4.80,-5.93,0.087,-0.001
2022-01-03,1.37,-4.47,0.030,-0.040
2022-01-04,2.25,-1.10,-0.033,-0.023
2022-01-05,1.48,3.04,0.040,0.041
2022-01-06,3.62,-0.19,-0.019,-0.024
2022-01-07,-4.08,-4.23,-0.177,-0.153
2022-01-08,-5.22,4.87,-0.148,-0.044
2022-01-09,1.78,5.16,0.028,0.048
2022-01-10,-1.00,-7.08,-0.105,-0.136
2022-01-11,-3.77,-4.50,-0.196,-0.163
2022-01-12,-1.80,-1.80,-0.116,-0.089
2022-01-13,2.21,-0.43,0.039,0.016
2022-01-14,2.50,1.75,0.054,0.062
2022-01-15,6.09,-3.66,0.064,0.005
2022-01-16,4.93,-4.28,0.191,0.040
2022-01-17,0.61,-1.99,0.039,0.029
2022-01-18,-1.05,4.22,-0.062,0.034
2022-01-19,1.15,5.91,0.021,0.085
2022-01-20,1.67,-6.70,-0.056,-0.112
2022-01-21,-0.75,-6.14,-0.127,-0.170
2022-01-22,-2.87,-3.95,-0.156,-0.152
2022-01-23,-1.81,-2.16,-0.089,-0.088
2022-01-24,-2.88,0.88,-0.046,0.003
2022-01-25,-0.34,-4.90,-0.091,-0.123
2022-01-26,-3.51,-3.89,-0.151,-0.125
2022-01-27,-1.88,-2.17,-0.107,-0.097
2022-01-28,-0.70,-4.44,-0.057,-0.102
2022-01-29,2.08,-1.74,0.040,0.025
2022-01-30,1.79,2.87,0.073,0.070
2022-01-31,-3.08,3.42,-0.027,0.069
2022-02-01,-5.33,-1.53,-0.173,-0.073
2022-02-02,-2.78,2.25,-0.113,-0.023
2022-02-03,2.43,-6.67,-0.068,-0.106
2022-02-04,3.37,-6.62,0.034,-0.114
2022-02-05,0.17,-4.93,-0.069,-0.123
2022-02-06,-2.82,-0.60,-0.076,-0.060
2022-02-07,-1.18,-3.07,-0.037,-0.064
2022-02-08,0.17,-3.19,-0.014,-0.058
2022-02-09,1.39,2.42,-0.013,0.006
2022-02-10,0.18,2.58,0.066,0.063
2022-02-11,-0.51,2.64,0.043,0.076
2022-02-12,-1.43,-4.16,-0.062,-0.033
2022-02-13,1.07,-5.49,-0.040,-0.137
2022-02-14,0.83,2.28,0.034,-0.033
2022-02-15,-3.27,3.16,-0.076,0.042
2022-02-16,-3.59,6.21,-0.101,0.019
2022-02-17,0.82,7.80,-0.003,0.055
2022-02-18,1.08,-6.82,-0.050,-0.127
2022-02-19,-2.65,-2.94,-0.115,-0.124
2022-02-20,-2.92,1.30,-0.121,-0.074
2022-02-21,-0.00,7.00,-0.029,0.033
2022-02-22,-0.22,6.36,0.006,0.106
2022-02-23,-3.29,-1.75,-0.093,-0.062
2022-02-24,1.03,-3.59,-0.086,-0.199
2022-02-25,-0.56,-6.40,-0.097,-0.170
2022-02-26,-1.44,-5.01,-0.130,-0.151
2022-02-27,0.98,-5.53,-0.051,-0.137
2022-02-28,-0.42,-3.02,-0.037,-0.064
2022-03-01,1.98,1.29,0.020,0.019
2022-03-02,-1.21,2.09,-0.011,-0.012
2022-03-03,-2.73,1.39,-0.053,0.007
2022-03-04,-3.55,3.09,-0.082,-0.017
2022-03-05,-2.54,5.44,-0.082,-0.022
2022-03-06,-2.64,5.19,-0.071,-0.021
2022-03-07,-2.90,-4.83,-0.074,-0.106
2022-03-08,-0.59,-5.63,-0.105,-0.160
2022-03-09,-1.00,-5.16,-0.093,-0.146
2022-03-10,-2.86,-1.10,-0.118,-0.149
2022-03-11,-2.17,-3.62,-0.110,-0.206
2022-03-12,1.19,-6.77,-0.039,-0.145
2022-03-13,-0.96,2.78,-0.039,-0.047
2022-03-14,-2.30,4.33,-0.095,-0.089
2022-03-15,4.18,-1.86,-0.012,-0.146
2022-03-16,2.70,-0.57,0.056,-0.027
2022-03-17,-2.38,4.68,-0.036,0.110
2022-03-18,7.31,-0.77,0.078,0.027
2022-03-19,-1.58,-3.11,0.005,-0.089
2022-03-20,-4.17,1.12,-0.084,-0.043
2022-03-21,-5.62,6.47,-0.155,-0.040
2022-03-22,2.60,7.15,0.003,0.002
2022-03-23,4.37,-3.41,0.142,0.029
2022-03-24,4.24,-0.37,0.073,-0.010
2022-03-25,1.48,2.19,0.061,-0.030
2022-03-26,0.55,3.94,0.050,0.095
2022-03-27,2.08,5.71,0.067,0.144
2022-03-28,-0.28,5.42,0.008,0.096
2022-03-29,-1.88,7.03,-0.049,0.093
2022-03-30,0.15,8.41,-0.022,0.048
2022-03-31,-1.52,-3.76,-0.046,-0.085
2022-04-01,-4.67,-0.08,-0.142,-0.073
2022-04-02,-3.98,0.63,-0.156,-0.093
2022-04-03,-3.85,1.63,-0.125,-0.065
2022-04-04,-4.39,3.95,-0.136,-0.032
2022-04-05,0.17,4.94,-0.047,0.011
2022-04-06,4.66,2.80,0.054,0.071
2022-04-07,1.64,-6.10,0.044,-0.060
2022-04-08,3.54,-3.30,0.134,0.042
2022-04-09,0.53,3.36,0.078,0.077
2022-04-10,-0.57,8.19,0.029,0.138
2022-04-11,-3.90,5.36,-0.093,0.031
2022-04-12,-2.57,7.45,-0.066,0.050
2022-04-13,-0.65,7.42,-0.071,0.038
2022-04-14,-6.63,-2.81,-0.181,-0.088
2022-04-15,-4.60,4.00,-0.153,-0.036
2022-04-16,-0.91,5.15,-0.064,0.038
2022-04-17,-1.04,3.89,-0.029,0.078
2022-04-18,-3.29,-2.76,-0.045,-0.036
2022-04-19,-7.29,1.02,-0.214,-0.092
2022-04-20,-4.14,7.16,-0.127,0.010
2022-04-21,-3.79,5.62,-0.089,0.040
2022-04-22,-5.27,4.74,-0.144,-0.025
2022-04-23,-4.10,6.09,-0.122,0.004
2022-04-24,-3.72,6.19,-0.101,0.033
2022-04-25,-3.00,3.99,-0.099,0.029
2022-04-26,-3.65,-4.20,-0.153,-0.147
2022-04-27,-3.95,-0.28,-0.136,-0.109
2022-04-28,-2.95,3.64,-0.057,-0.013
2022-04-29,-2.26,5.60,-0.033,0.032
2022-04-30,-1.50,5.22,-0.028,0.026
2022-05-01,-1.71,3.50,-0.034,-0.049
2022-05-02,-2.37,6.50,-0.047,0.015
2022-05-03,-2.02,6.62,-0.008,0.034
2022-05-04,-3.42,5.92,-0.056,0.010
2022-05-05,-2.27,7.93,-0.029,0.040
2022-05-06,1.82,2.70,0.082,-0.003
2022-05-07,0.63,4.48,0.069,0.126
2022-05-08,-0.98,5.55,0.014,0.150
2022-05-09,-3.04,5.96,-0.082,0.073
2022-05-10,-4.18,5.16,-0.109,0.013
2022-05-11,-3.79,3.53,-0.099,-0.008
2022-05-12,-1.95,2.69,-0.025,0.015
2022-05-13,0.43,4.07,0.061,0.112
2022-05-14,0.58,4.73,0.074,0.142
2022-05-15,1.55,4.04,0.073,0.110
2022-05-16,1.99,4.69,0.102,0.129
2022-05-17,1.41,4.33,0.080,0.082
2022-05-18,0.22,6.41,0.070,0.169
2022-05-19,-0.25,7.30,0.049,0.151
2022-05-20,-1.67,7.87,-0.017,0.105
2022-05-21,-3.84,6.93,-0.114,0.045
2022-05-22,-5.19,-0.09,-0.124,-0.094
2022-05-23,-3.70,-2.69,-0.135,-0.133
2022-05-24,-2.97,4.41,-0.071,0.008
2022-05-25,0.49,4.61,0.007,0.047
2022-05-26,1.72,1.91,0.034,0.055
2022-05-27,1.85,3.48,0.077,0.100
2022-05-28,1.34,2.88,0.051,0.030
2022-05-29,0.10,5.95,0.038,0.119
2022-05-30,-2.90,7.54,-0.017,0.114
2022-05-31,-3.52,5.42,-0.095,0.042
2022-06-01,-3.22,4.43,-0.090,0.035
2022-06-02,-1.24,1.91,-0.037,-0.007
2022-06-03,-0.16,-3.10,-0.014,-0.017
2022-06-04,-1.83,-1.48,-0.097,-0.083
2022-06-05,-0.05,3.01,-0.055,-0.020
2022-06-06,-0.12,6.68,0.039,0.111
2022-06-07,-0.71,6.72,0.058,0.157
2022-06-08,-0.64,6.06,0.035,0.129
2022-06-09,-0.07,3.90,0.017,0.115
2022-06-10,1.89,3.88,0.084,0.125
2022-06-11,2.42,4.97,0.121,0.157
2022-06-12,2.25,6.17,0.122,0.176
2022-06-13,0.46,6.51,0.082,0.156
2022-06-14,-0.88,6.25,0.029,0.136
2022-06-15,-1.40,6.07,0.014,0.136
2022-06-16,-0.75,3.52,0.020,0.081
2022-06-17,-1.22,2.61,-0.029,0.018
2022-06-18,-0.92,2.83,-0.008,0.041
2022-06-19,-0.61,2.66,0.036,0.042
2022-06-20,-1.00,2.26,-0.001,0.032
2022-06-21,-2.61,2.70,-0.102,-0.032
2022-06-22,-1.25,2.36,-0.043,-0.004
2022-06-23,1.48,2.56,0.054,0.049
2022-06-24,1.66,3.73,0.100,0.127
2022-06-25,1.06,3.96,0.079,0.112
2022-06-26,-0.29,3.30,0.038,0.082
2022-06-27,-0.06,-3.46,0.028,0.014
2022-06-28,-2.20,-2.92,-0.112,-0.091
2022-06-29,-2.74,-1.52,-0.065,-0.043
2022-06-30,-3.06,1.91,-0.107,-0.007
2022-07-01,0.22,4.22,-0.003,0.057
2022-07-02,0.89,3.84,0.047,0.100
2022-07-03,-0.24,4.54,0.027,0.111
2022-07-04,-0.43,4.87,0.004,0.107
2022-07-05,-0.08,4.36,0.040,0.114
2022-07-06,-0.27,3.92,0.019,0.098
2022-07-07,0.29,4.18,0.025,0.081
2022-07-08,0.99,3.99,0.040,0.088
2022-07-09,1.90,3.58,0.078,0.106
2022-07-10,3.26,3.62,0.122,0.133
2022-07-11,2.71,3.73,0.112,0.120
2022-07-12,1.96,3.68,0.080,0.092
2022-07-13,0.81,3.23,0.038,0.056
2022-07-14,0.36,2.94,-0.003,0.020
2022-07-15,0.26,2.51,-0.009,0.053
2022-07-16,-0.09,2.46,0.028,0.038
2022-07-17,1.07,3.28,0.046,0.079
2022-07-18,1.80,4.45,0.076,0.120
2022-07-19,2.07,6.00,0.094,0.131
2022-07-20,1.82,6.34,0.097,0.154
2022-07-21,1.27,5.08,0.072,0.136
2022-07-22,0.43,4.05,0.011,0.073
2022-07-23,-1.26,3.89,-0.052,0.043
2022-07-24,-0.14,4.15,0.009,0.049
2022-07-25,-0.64,3.65,-0.002,0.050
2022-07-26,-0.92,3.97,-0.031,0.033
2022-07-27,-0.55,3.88,-0.008,0.050
2022-07-28,-0.20,3.90,0.011,0.058
2022-07-29,-0.07,3.91,0.031,0.082
2022-07-30,-0.00,2.93,-0.004,0.054
2022-07-31,-2.16,3.60,-0.058,0.048
2022-08-01,-0.62,4.42,-0.051,0.033
2022-08-02,1.01,4.77,0.057,0.117
2022-08-03,1.60,5.98,0.088,0.136
2022-08-04,0.36,5.20,0.063,0.130
2022-08-05,-0.60,3.08,-0.009,0.043
2022-08-06,-0.99,2.22,-0.071,-0.004
2022-08-07,-2.76,2.96,-0.090,-0.007
2022-08-08,-2.25,2.59,-0.091,-0.000
2022-08-09,-2.10,2.50,-0.064,0.017
2022-08-10,-1.75,2.70,-0.049,0.005
2022-08-11,-1.75,-1.58,-0.056,-0.034
2022-08-12,-0.97,-2.41,-0.043,-0.026
2022-08-13,-3.27,-2.65,-0.136,-0.091
2022-08-14,-1.72,3.52,-0.060,0.040
2022-08-15,-2.40,3.07,-0.019,0.072
2022-08-16,-0.78,3.12,0.014,0.093
2022-08-17,1.41,3.50,0.070,0.107
2022-08-18,1.86,2.75,0.086,0.097
2022-08-19,-0.23,2.61,0.006,0.036
2022-08-20,-1.22,3.36,-0.019,0.059
2022-08-21,-0.39,4.48,0.000,0.081
2022-08-22,1.33,4.63,0.036,0.111
2022-08-23,2.66,3.66,0.069,0.093
2022-08-24,2.83,0.45,0.031,0.046
2022-08-25,1.69,-0.65,0.015,-0.006
2022-08-26,0.97,2.40,-0.009,0.019
2022-08-27,0.67,2.70,0.011,0.053
2022-08-28,-1.72,3.87,-0.053,0.065
2022-08-29,-0.98,5.03,-0.049,0.064
2022-08-30,-0.78,2.39,-0.025,0.058
2022-08-31,-1.91,-1.55,-0.090,-0.064
2022-09-01,-0.66,-2.16,-0.079,-0.062
2022-09-02,-2.24,-0.73,-0.091,-0.023
2022-09-03,-1.70,0.98,-0.076,-0.008
2022-09-04,1.31,-1.02,-0.017,-0.003
2022-09-05,2.40,0.92,0.047,0.038
2022-09-06,-1.61,1.45,-0.006,0.034
2022-09-07,-0.71,1.67,-0.065,-0.014
2022-09-08,-1.43,-2.04,-0.044,-0.019
2022-09-09,-1.73,-0.92,-0.075,-0.024
2022-09-10,-2.17,-0.34,-0.061,-0.027
2022-09-11,1.40,-1.93,-0.025,-0.005
2022-09-12,0.71,-2.65,-0.022,-0.044
2022-09-13,-1.59,-1.28,-0.077,-0.036
2022-09-14,-4.19,-0.97,-0.134,-0.078
2022-09-15,-4.60,0.65,-0.179,-0.073
2022-09-16,-3.16,1.15,-0.118,-0.032
2022-09-17,-2.50,2.10,-0.100,-0.027
2022-09-18,-2.68,1.31,-0.128,-0.040
2022-09-19,-2.54,1.65,-0.087,-0.036
2022-09-20,-1.39,1.54,-0.038,-0.012
2022-09-21,-2.41,-0.92,-0.018,0.011
2022-09-22,-0.05,-2.65,0.007,0.010
2022-09-23,-2.37,1.26,-0.008,0.031
2022-09-24,-1.37,2.58,-0.003,0.072
2022-09-25,-0.59,2.07,0.020,0.035
2022-09-26,1.98,-2.44,0.024,0.008
2022-09-27,-3.37,-3.88,-0.137,-0.114
2022-09-28,-4.19,-2.94,-0.166,-0.112
2022-09-29,-2.32,-3.31,-0.107,-0.099
2022-09-30,-2.70,-3.00,-0.097,-0.083
2022-10-01,-2.47,-1.93,-0.075,-0.030
2022-10-02,-1.56,-2.15,-0.059,-0.042
2022-10-03,-1.77,-1.77,-0.071,-0.056
2022-10-04,-2.00,-0.61,-0.045,-0.027
2022-10-05,-2.54,-1.35,-0.081,-0.064
2022-10-06,-2.88,0.05,-0.080,-0.040
2022-10-07,-2.24,0.60,-0.020,-0.009
2022-10-08,-2.64,-0.42,-0.024,0.001
2022-10-09,-4.41,-0.23,-0.156,-0.060
2022-10-10,-3.75,0.07,-0.115,-0.041
2022-10-11,-3.98,2.49,-0.145,-0.040
2022-10-12,-0.41,3.33,-0.035,0.005
2022-10-13,-0.87,2.84,0.011,0.020
2022-10-14,-2.85,-1.58,-0.099,-0.039
2022-10-15,-1.84,3.19,-0.067,0.023
2022-10-16,-2.50,3.31,-0.060,0.054
2022-10-17,-2.27,-3.78,-0.094,-0.073
2022-10-18,-0.71,-5.75,-0.115,-0.158
2022-10-19,-1.04,-3.86,-0.093,-0.119
2022-10-20,2.18,2.33,0.061,0.035
2022-10-21,2.62,3.88,0.111,0.139
2022-10-22,1.07,6.08,0.057,0.125
2022-10-23,-1.45,6.84,-0.017,0.104
2022-10-24,-1.53,7.89,-0.004,0.118
2022-10-25,6.96,-1.35,0.071,0.046
2022-10-26,-1.51,-2.83,-0.034,-0.033
2022-10-27,-3.74,0.26,-0.104,-0.053
2022-10-28,-4.20,3.28,-0.152,-0.029
2022-10-29,5.08,-2.93,0.022,-0.062
2022-10-30,2.62,-0.56,0.090,0.047
2022-10-31,2.20,0.31,0.011,0.019
2022-11-01,-4.17,0.44,-0.128,-0.032
2022-11-02,-5.34,-0.66,-0.185,-0.099
2022-11-03,-2.99,3.20,-0.130,-0.043
2022-11-04,-3.04,5.96,-0.084,0.041
2022-11-05,-4.23,-2.96,-0.053,-0.015
2022-11-06,-1.33,2.85,-0.072,0.030
2022-11-07,-3.38,1.50,-0.111,0.025
2022-11-08,-4.29,-0.38,-0.142,-0.056
2022-11-09,-3.36,0.65,-0.095,-0.007
2022-11-10,-2.81,2.20,-0.107,0.004
2022-11-11,-0.40,2.55,0.011,0.058
2022-11-12,2.47,-6.79,0.003,-0.102
2022-11-13,-2.37,-4.27,-0.137,-0.142
2022-11-14,-5.39,1.75,-0.175,-0.065
2022-11-15,1.58,-6.36,-0.015,-0.117
2022-11-16,-1.52,-5.30,-0.125,-0.141
2022-11-17,-1.72,-4.25,-0.134,-0.128
2022-11-18,-4.07,-2.85,-0.160,-0.110
2022-11-19,-4.70,-5.22,-0.235,-0.155
2022-11-20,-3.07,-6.30,-0.204,-0.196
2022-11-21,-2.08,-4.46,-0.160,-0.146
2022-11-22,-2.42,-4.19,-0.141,-0.125
2022-11-23,-3.25,-2.11,-0.133,-0.097
2022-11-24,-3.47,2.34,-0.145,-0.032
2022-11-25,-3.53,-4.85,-0.141,-0.130
2022-11-26,-7.34,2.39,-0.130,-0.068
2022-11-27,3.97,2.29,0.166,0.136
2022-11-28,-2.31,-2.39,-0.025,-0.009
2022-11-29,0.37,7.01,-0.006,0.068
2022-11-30,1.78,-6.19,-0.005,-0.034
2022-12-01,-5.09,-3.56,-0.214,-0.152
2022-12-02,-4.89,2.60,-0.167,-0.056
2022-12-03,1.92,2.06,0.005,0.008
2022-12-04,-0.50,-2.57,-0.019,0.001
2022-12-05,0.24,4.51,-0.035,0.063
2022-12-06,1.14,4.93,0.049,0.119
2022-12-07,-0.64,3.62,-0.014,0.106
2022-12-08,-0.80,3.47,-0.052,0.084
2022-12-09,-1.40,3.01,-0.059,0.050
2022-12-10,-1.67,3.14,-0.080,0.024
2022-12-11,-0.31,2.52,-0.089,-0.049
2022-12-12,-4.26,0.22,-0.115,-0.042
2022-12-13,-2.31,7.11,-0.075,0.012
2022-12-14,5.84,0.41,0.053,0.012
2022-12-15,-1.06,-2.50,-0.017,-0.047
2022-12-16,-2.49,2.24,-0.077,0.007
2022-12-17,-0.49,-5.65,-0.123,-0.135
2022-12-18,-3.84,-3.71,-0.146,-0.120
2022-12-19,-7.33,-2.10,-0.258,-0.137
2022-12-20,-1.01,-6.37,-0.167,-0.215
2022-12-21,0.23,-3.31,-0.083,-0.119
2022-12-22,2.50,-1.11,-0.021,-0.047
2022-12-23,2.40,-8.36,0.003,-0.117
2022-12-24,0.33,-4.77,-0.053,-0.098
2022-12-25,0.21,-2.99,-0.004,-0.046
2022-12-26,-0.26,-2.11,-0.027,-0.042
2022-12-27,0.05,-2.86,-0.048,-0.131
2022-12-28,-0.63,3.98,-0.024,0.003
2022-12-29,-0.94,6.67,-0.021,0.081
2022-12-30,-1.63,4.73,-0.045,-0.029
2022-12-31,1.83,1.96,0.003,-0.049
2023-01-01,0.43,4.07,-0.003,-0.011
2023-01-02,-1.67,7.23,-0.035,0.037
2023-01-03,2.96,5.34,0.082,0.084
2023-01-04,2.45,-2.37,0.026,-0.032
2023-01-05,-2.17,0.34,-0.024,-0.009
2023-01-06,-1.77,2.19,-0.072,-0.006
2023-01-07,-0.55,4.47,-0.021,0.020
2023-01-08,0.28,-3.97,-0.019,-0.080
2023-01-09,-3.15,-1.82,-0.104,-0.112
2023-01-10,-0.43,3.04,-0.028,-0.028
2023-01-11,3.29,5.27,0.106,0.123
2023-01-12,7.36,0.00,0.123,0.088
2023-01-13,1.63,-6.09,0.027,-0.076
2023-01-14,-2.84,-1.32,-0.061,-0.079
2023-01-15,-1.87,5.13,-0.034,0.029
2023-01-16,0.12,6.94,0.002,0.100
2023-01-17,1.26,3.29,-0.015,-0.050
2023-01-18,-0.73,5.91,-0.077,-0.005
2023-01-19,1.13,-3.70,0.002,-0.130
2023-01-20,-3.40,-3.92,-0.109,-0.146
2023-01-21,-5.34,-3.09,-0.211,-0.147
2023-01-22,2.37,-3.79,0.026,-0.059
2023-01-23,-3.47,-3.24,-0.065,-0.042
2023-01-24,-6.32,5.49,-0.137,-0.026
2023-01-25,4.76,-4.29,0.135,0.017
2023-01-26,0.26,-2.97,0.004,-0.039
2023-01-27,-2.58,0.05,-0.024,-0.019
2023-01-28,-3.35,5.80,-0.096,0.027
2023-01-29,1.23,5.33,0.004,0.100
2023-01-30,0.76,-3.93,-0.015,-0.066
2023-01-31,1.05,-4.92,-0.066,-0.166
2023-02-01,-0.49,-5.61,-0.101,-0.149
2023-02-02,1.64,-5.05,-0.044,-0.123
2023-02-03,1.05,-5.42,-0.013,-0.085
2023-02-04,-2.73,-1.16,-0.118,-0.077
2023-02-05,-1.76,2.17,-0.048,-0.019
2023-02-06,-1.41,4.35,-0.013,0.048
2023-02-07,-3.71,4.75,-0.093,-0.006
2023-02-08,-2.09,6.07,-0.059,-0.036
2023-02-09,0.35,-2.51,0.048,-0.046
2023-02-10,0.93,-4.37,-0.038,-0.129
2023-02-11,4.07,-5.21,0.086,-0.055
2023-02-12,2.12,-1.43,0.085,-0.001
2023-02-13,0.22,2.53,0.014,-0.028
2023-02-14,-0.28,8.13,0.026,0.140
2023-02-15,-0.00,4.73,-0.013,0.082
2023-02-16,6.93,1.47,-0.037,-0.054
2023-02-17,1.88,-7.53,-0.006,-0.117
2023-02-18,-3.60,-2.62,-0.150,-0.124
2023-02-19,-1.42,2.45,-0.073,-0.037
2023-02-20,2.67,4.81,0.029,0.055
2023-02-21,2.51,5.91,0.089,0.131
2023-02-22,0.14,8.22,0.010,0.110
2023-02-23,-1.34,4.12,-0.018,0.036
2023-02-24,-3.18,2.06,-0.135,-0.046
2023-02-25,-2.30,2.00,-0.132,-0.066
2023-02-26,-1.46,4.48,-0.088,-0.020
2023-02-27,2.35,5.81,0.087,0.115
2023-02-28,1.44,3.40,0.054,0.086
2023-03-01,-1.34,5.38,-0.031,0.090
2023-03-02,-2.35,5.04,-0.074,0.048
2023-03-03,7.52,0.13,0.103,0.049
2023-03-04,-2.46,-1.20,-0.017,0.022
2023-03-05,-3.15,1.75,-0.094,-0.040
2023-03-06,-1.33,3.47,-0.061,-0.021
2023-03-07,-0.76,3.92,0.026,0.075
2023-03-08,-1.88,3.38,-0.042,0.061
2023-03-09,-0.69,3.26,-0.048,0.059
2023-03-10,-0.18,2.04,-0.013,0.033
2023-03-11,1.27,4.74,0.050,0.117
2023-03-12,4.99,4.81,0.135,0.142
2023-03-13,-3.19,-6.53,-0.150,-0.129
2023-03-14,-5.57,-2.96,-0.199,-0.119
2023-03-15,-5.50,-0.10,-0.182,-0.084
2023-03-16,-2.59,7.51,-0.063,0.056
2023-03-17,5.55,-5.95,0.032,-0.023
2023-03-18,-1.12,-5.74,-0.127,-0.164
2023-03-19,-0.16,-4.64,-0.067,-0.123
2023-03-20,-4.08,-0.07,-0.092,-0.044
2023-03-21,-4.03,6.45,-0.110,0.034
2023-03-22,-1.76,6.58,-0.064,0.059
2023-03-23,-2.37,5.32,-0.069,0.029
2023-03-24,-0.14,8.11,0.005,0.083
2023-03-25,3.91,1.20,0.024,0.044
2023-03-26,-1.53,3.29,-0.056,0.075
2023-03-27,-3.08,0.71,-0.120,-0.047
2023-03-28,-1.07,-4.62,-0.166,-0.199
2023-03-29,-4.22,-4.22,-0.166,-0.162
2023-03-30,-5.94,3.29,-0.185,-0.075
2023-03-31,-1.30,7.37,-0.049,0.021
2023-04-01,-1.02,2.81,-0.009,-0.069
2023-04-02,-2.02,3.11,-0.027,0.038
2023-04-03,0.68,5.52,-0.007,-0.028
2023-04-04,-1.21,6.83,0.001,0.049
2023-04-05,-1.83,6.38,-0.073,0.017
2023-04-06,-2.75,-4.96,-0.150,-0.214
2023-04-07,-3.77,-5.60,-0.184,-0.191
2023-04-08,-0.17,-4.73,-0.074,-0.162
2023-04-09,-1.95,-2.50,-0.062,-0.161
2023-04-10,-3.24,-2.02,-0.136,-0.212
2023-04-11,-2.53,-2.53,-0.125,-0.230
2023-04-12,-2.53,-2.12,-0.132,-0.261
2023-04-13,-2.24,-1.24,-0.137,-0.309
2023-04-14,-0.97,4.22,-0.028,-0.150
2023-04-15,-1.76,4.14,-0.065,-0.140
2023-04-16,-0.74,-4.64,-0.055,-0.292
2023-04-17,-3.63,-1.69,-0.046,-0.189
2023-04-18,-2.47,4.46,-0.018,-0.029
2023-04-19,-2.36,4.84,-0.061,-0.063
2023-04-20,-3.68,4.70,-0.090,-0.060
2023-04-21,-3.07,0.65,-0.163,-0.197
2023-04-22,-5.62,-1.40,-0.175,-0.182
2023-04-23,-6.12,-0.54,-0.197,-0.115
2023-04-24,-4.32,-4.79,-0.204,-0.182
2023-04-25,-5.16,1.19,-0.177,-0.098
2023-04-26,-4.89,2.07,-0.157,-0.110
2023-04-27,-1.36,3.73,-0.077,-0.179
2023-04-28,-2.88,1.94,0.025,-0.077
2023-04-29,5.41,-5.05,0.052,-0.086
2023-04-30,3.56,0.19,0.142,0.030
2023-05-01,-0.26,3.66,0.022,0.007
2023-05-02,-2.53,1.46,-0.076,0.034
2023-05-03,-3.00,0.37,-0.082,-0.087
2023-05-04,-2.27,2.70,-0.070,-0.051
2023-05-05,-1.41,4.93,-0.043,-0.035
2023-05-06,-1.50,5.25,-0.015,0.030
2023-05-07,-3.21,5.35,-0.092,-0.068
2023-05-08,-2.99,5.18,-0.052,-0.014
2023-05-09,-2.67,5.47,-0.031,0.019
2023-05-10,-1.37,3.97,-0.056,-0.007
2023-05-11,-3.18,4.22,-0.091,-0.012
2023-05-12,-4.22,4.37,-0.108,-0.052
2023-05-13,-4.62,3.61,-0.156,-0.040
2023-05-14,-2.80,4.65,-0.064,-0.019
2023-05-15,-2.73,1.16,-0.077,-0.055
2023-05-16,1.48,-1.38,-0.005,-0.086
2023-05-17,1.66,-1.34,0.106,-0.031
2023-05-18,-0.70,1.93,0.025,0.095
2023-05-19,1.29,2.42,0.065,0.077
2023-05-20,2.63,0.56,0.068,0.065
2023-05-21,-0.48,-3.41,-0.048,-0.102
2023-05-22,-1.33,-1.76,-0.093,-0.144
2023-05-23,-0.48,-1.46,0.016,-0.107
2023-05-24,-0.93,-2.20,0.014,-0.064
2023-05-25,-2.36,-2.45,-0.125,-0.161
2023-05-26,-2.24,-1.30,-0.104,-0.172
2023-05-27,-1.67,1.85,-0.069,-0.121
2023-05-28,-2.43,1.41,-0.097,-0.176
2023-05-29,-2.96,-0.63,-0.116,-0.197
2023-05-30,-2.97,0.47,-0.094,-0.147
2023-05-31,-2.44,1.71,-0.041,-0.078
2023-06-01,-2.09,2.68,-0.005,-0.016
2023-06-02,-1.52,1.88,-0.053,-0.054
2023-06-03,0.53,2.28,0.001,-0.038
2023-06-04,2.46,0.71,0.073,0.032
2023-06-05,0.35,-1.80,-0.003,0.022
2023-06-06,-1.00,-1.81,-0.071,-0.032
2023-06-07,1.01,-1.12,-0.014,-0.051
2023-06-08,2.35,0.25,0.094,-0.007
2023-06-09,1.53,1.48,0.065,0.033
2023-06-10,1.10,3.84,0.064,0.138
2023-06-11,1.65,5.09,0.062,0.163
2023-06-12,0.95,4.46,0.065,0.088
2023-06-13,-0.64,5.22,0.030,0.118
2023-06-14,0.11,6.26,0.054,0.159
2023-06-15,0.81,5.10,0.059,0.121
2023-06-16,0.49,5.61,0.035,0.137
2023-06-17,0.71,3.67,0.032,0.069
2023-06-18,0.67,5.46,0.058,0.159
2023-06-19,1.71,5.60,0.079,0.156
2023-06-20,1.36,5.47,0.085,0.129
2023-06-21,0.99,3.69,0.062,0.071
2023-06-22,-0.47,3.81,0.036,0.093
2023-06-23,-1.03,3.84,-0.020,0.016
2023-06-24,0.65,4.63,-0.004,0.017
2023-06-25,1.00,5.68,0.067,0.119
2023-06-26,1.60,4.94,0.090,0.159
2023-06-27,1.88,4.89,0.086,0.133
2023-06-28,1.20,4.82,0.070,0.114
2023-06-29,0.14,3.90,0.019,0.063
2023-06-30,-1.16,3.79,-0.007,0.042
2023-07-01,-1.35,3.18,-0.077,-0.035
2023-07-02,-0.82,2.85,-0.100,-0.054
2023-07-03,-0.20,2.81,-0.057,-0.059
2023-07-04,0.06,3.55,-0.007,-0.015
2023-07-05,-1.27,3.90,-0.006,0.043
2023-07-06,-1.04,3.40,-0.008,0.067
2023-07-07,-1.89,1.43,-0.071,-0.010
2023-07-08,-0.18,3.35,0.003,0.033
2023-07-09,1.73,4.52,0.078,0.131
2023-07-10,1.80,4.04,0.083,0.129
2023-07-11,1.47,4.52,0.068,0.118
2023-07-12,1.22,5.76,0.063,0.143
2023-07-13,1.27,5.51,0.058,0.119
2023-07-14,1.22,5.30,0.068,0.118
2023-07-15,0.83,5.26,0.048,0.118
2023-07-16,1.70,3.99,0.062,0.117
2023-07-17,1.43,4.16,0.049,0.093
2023-07-18,1.55,4.51,0.065,0.112
2023-07-19,0.78,4.92,0.052,0.107
2023-07-20,-0.07,3.98,0.010,0.065
2023-07-21,-0.22,3.12,-0.001,0.045
2023-07-22,1.43,2.93,0.073,0.069
2023-07-23,1.38,2.71,0.054,0.062
2023-07-24,-0.40,2.08,0.002,0.007
2023-07-25,-0.24,2.74,-0.046,0.005
2023-07-26,-0.76,2.34,-0.030,0.005
2023-07-27,-0.09,2.65,-0.008,-0.002
2023-07-28,-1.02,1.92,-0.039,-0.026
2023-07-29,-0.15,2.16,-0.035,0.021
2023-07-30,0.48,2.49,0.028,0.041
2023-07-31,1.70,2.62,0.084,0.084
2023-08-01,1.07,2.29,0.044,0.047
2023-08-02,-0.58,2.72,-0.013,0.025
2023-08-03,-0.43,3.53,-0.004,0.049
2023-08-04,1.22,4.00,0.054,0.099
2023-08-05,1.41,4.34,0.074,0.113
2023-08-06,1.42,4.66,0.073,0.114
2023-08-07,1.45,5.06,0.074,0.130
2023-08-08,1.30,5.65,0.084,0.142
2023-08-09,1.42,6.16,0.082,0.144
2023-08-10,1.30,6.68,0.093,0.150
2023-08-11,1.06,6.01,0.093,0.151
2023-08-12,0.61,5.78,0.074,0.147
2023-08-13,0.45,5.11,0.066,0.131
2023-08-14,-0.00,4.29,0.043,0.082
2023-08-15,2.79,2.60,0.085,0.088
2023-08-16,-4.12,-2.28,-0.029,-0.021
2023-08-17,0.16,3.11,-0.028,-0.008
2023-08-18,1.13,3.93,0.070,0.082
2023-08-19,0.66,3.39,0.057,0.087
2023-08-20,2.19,2.27,0.067,0.067
2023-08-21,-3.82,1.70,-0.066,-0.014
2023-08-22,-7.39,1.17,-0.233,-0.091
2023-08-23,-3.47,1.77,-0.124,-0.032
2023-08-24,2.19,2.05,0.026,0.019
2023-08-25,-2.45,1.65,-0.041,-0.008
2023-08-26,-1.88,1.52,-0.079,-0.036
2023-08-27,3.24,1.79,0.092,0.078
2023-08-28,-1.01,-3.51,-0.002,-0.000
2023-08-29,-1.70,-2.84,-0.081,-0.078
2023-08-30,-1.96,-3.27,-0.097,-0.102
2023-08-31,-3.11,-0.38,-0.066,-0.051
2023-09-01,-2.62,0.09,-0.077,-0.061
2023-09-02,-2.48,0.44,-0.039,0.001
2023-09-03,-0.53,2.74,-0.019,0.032
2023-09-04,-0.76,4.29,-0.012,0.064
2023-09-05,-1.43,4.69,-0.039,0.074
2023-09-06,-1.04,3.19,-0.027,0.056
2023-09-07,0.84,3.15,0.039,0.077
2023-09-08,1.82,3.28,0.062,0.094
2023-09-09,-2.87,-1.04,-0.019,-0.014
2023-09-10,-3.03,-1.61,-0.084,-0.061
2023-09-11,-2.62,-0.95,-0.075,-0.048
2023-09-12,-0.53,2.72,-0.030,0.017
2023-09-13,1.32,2.38,0.048,0.070
2023-09-14,-0.23,-1.85,-0.040,-0.005
2023-09-15,-2.03,-0.58,-0.088,-0.019
2023-09-16,-1.45,-1.61,-0.055,-0.013
2023-09-17,-0.29,-2.74,-0.031,-0.045
2023-09-18,-1.67,-1.85,-0.060,-0.048
2023-09-19,-2.62,1.45,-0.097,-0.032
2023-09-20,-3.01,3.34,-0.122,-0.000
2023-09-21,-2.46,2.93,-0.096,0.006
2023-09-22,-1.63,2.95,-0.101,0.008
2023-09-23,-0.74,3.80,-0.042,0.038
2023-09-24,0.68,4.87,0.044,0.108
2023-09-25,-0.26,3.76,0.024,0.076
2023-09-26,0.28,1.57,-0.057,-0.015
2023-09-27,-1.68,-0.65,-0.059,-0.006
2023-09-28,-2.41,-0.65,-0.081,-0.053
2023-09-29,-4.65,-0.08,-0.176,-0.088
2023-09-30,-5.63,-0.00,-0.189,-0.085
2023-10-01,-6.47,-0.34,-0.213,-0.086
2023-10-02,-6.41,0.22,-0.206,-0.088
2023-10-03,-4.73,2.11,-0.201,-0.056
2023-10-04,-2.99,4.27,-0.122,-0.005
2023-10-05,-0.82,4.66,-0.081,0.019
2023-10-06,-1.38,-5.15,-0.111,-0.138
2023-10-07,-1.58,-5.50,-0.130,-0.166
2023-10-08,-1.74,-3.90,-0.127,-0.129
2023-10-09,1.29,1.29,-0.005,-0.000
2023-10-10,-1.13,1.44,0.010,0.030
2023-10-11,-4.26,-1.99,-0.193,-0.093
2023-10-12,-3.04,-1.10,-0.064,-0.029
2023-10-13,-2.83,2.37,-0.127,0.017
2023-10-14,0.87,-4.50,-0.061,-0.076
2023-10-15,1.50,-5.25,0.035,-0.084
2023-10-16,0.58,-4.75,-0.013,-0.102
2023-10-17,-0.23,-2.59,-0.032,-0.033
2023-10-18,0.33,3.17,0.036,0.077
2023-10-19,1.27,3.14,0.040,0.064
2023-10-20,2.52,1.28,0.050,0.053
2023-10-21,1.89,2.60,0.068,0.077
2023-10-22,-1.32,3.26,0.022,0.078
2023-10-23,-2.34,3.74,-0.096,0.019
2023-10-24,-4.74,5.08,-0.122,0.023
2023-10-25,-4.63,4.32,-0.122,0.001
2023-10-26,-2.58,4.65,-0.105,0.017
2023-10-27,-3.04,2.93,-0.097,0.018
2023-10-28,-3.69,3.56,-0.099,0.011
2023-10-29,-2.99,3.82,-0.092,0.026
2023-10-30,2.06,-7.17,-0.072,-0.166
2023-10-31,0.89,-7.23,-0.098,-0.192
2023-11-01,-0.53,-5.08,-0.103,-0.144
2023-11-02,-2.52,-2.52,-0.104,-0.074
2023-11-03,-2.74,-0.10,-0.077,-0.031
2023-11-04,-3.23,1.50,-0.137,-0.036
2023-11-05,-2.73,1.51,-0.089,-0.011
2023-11-06,-0.17,3.27,-0.020,0.031
2023-11-07,0.61,4.33,0.042,0.105
2023-11-08,0.33,4.74,0.030,0.129
2023-11-09,-0.91,2.97,-0.038,0.060
2023-11-10,0.45,-3.70,-0.092,-0.066
2023-11-11,-0.66,-4.68,-0.096,-0.137
2023-11-12,-1.35,-3.92,-0.112,-0.124
2023-11-13,-4.51,-5.56,-0.218,-0.178
2023-11-14,-2.15,-5.07,-0.155,-0.163
2023-11-15,0.46,-3.73,-0.047,-0.097
2023-11-16,-1.65,-2.85,-0.108,-0.100
2023-11-17,0.46,1.34,-0.049,-0.038
2023-11-18,-0.69,-2.98,0.004,-0.014
2023-11-19,-2.34,1.14,-0.034,0.031
2023-11-20,-0.50,5.72,-0.024,0.054
2023-11-21,3.67,-5.87,0.079,-0.050
2023-11-22,2.13,-4.00,0.054,-0.050
2023-11-23,1.47,-1.15,-0.019,-0.027
2023-11-24,-2.39,-2.23,-0.105,-0.077
2023-11-25,-4.90,-1.98,-0.181,-0.098
2023-11-26,-1.14,-5.38,-0.110,-0.117
2023-11-27,-0.67,-5.45,-0.100,-0.132
2023-11-28,-2.10,-3.64,-0.121,-0.116
2023-11-29,-2.90,0.62,-0.088,-0.028
2023-11-30,-4.04,5.37,-0.103,0.036
2023-12-01,2.22,2.07,-0.052,-0.046
2023-12-02,-0.24,-3.37,-0.112,-0.099
2023-12-03,2.43,-0.56,0.007,-0.100
2023-12-04,3.30,-1.14,0.085,0.045
2023-12-05,-1.96,-1.89,-0.042,-0.012
2023-12-06,-2.54,-2.63,-0.078,-0.062
2023-12-07,-2.56,2.00,-0.083,-0.025
2023-12-08,-0.21,5.98,0.007,0.094
2023-12-09,1.61,5.28,0.063,0.112
2023-12-10,2.83,-6.66,0.058,-0.073
2023-12-11,-1.49,-1.98,-0.014,-0.009
2023-12-12,-4.33,-0.38,-0.128,-0.062
2023-12-13,-6.61,-1.05,-0.209,-0.107
2023-12-14,-6.26,-3.19,-0.221,-0.142
2023-12-15,-6.85,-1.09,-0.241,-0.121
2023-12-16,1.50,-5.24,-0.119,-0.148
2023-12-17,1.07,-2.94,0.022,-0.058
2023-12-18,2.09,-1.31,0.086,0.029
2023-12-19,-3.84,-1.96,-0.092,-0.071
2023-12-20,-5.20,0.55,-0.168,-0.056
2023-12-21,-5.60,0.20,-0.176,-0.077
2023-12-22,-3.27,0.88,-0.139,-0.062
2023-12-23,-3.32,1.41,-0.147,-0.037
2023-12-24,-2.46,4.44,-0.165,-0.058
2023-12-25,3.02,-3.60,0.036,-0.032
2023-12-26,-1.64,-3.52,-0.070,-0.089
2023-12-27,0.40,-2.86,-0.063,-0.081
2023-12-28,1.54,-3.31,0.040,-0.041
2023-12-29,2.11,-2.27,0.082,0.023
2023-12-30,2.59,0.09,0.086,0.052
2023-12-31,1.26,2.58,0.024,0.037
2024-01-01,-2.16,-2.32,-0.060,-0.035
2024-01-02,-5.04,-2.57,-0.170,-0.136
2024-01-03,-3.79,-5.21,-0.162,-0.156
2024-01-04,-4.24,-1.71,-0.134,-0.104
2024-01-05,-7.57,1.34,-0.155,-0.087
2024-01-06,1.91,-1.39,0.067,-0.038
2024-01-07,-3.20,-0.80,-0.053,-0.025
2024-01-08,-3.54,8.33,-0.095,0.032
2024-01-09,6.42,-4.17,0.200,0.076
2024-01-10,1.95,3.38,0.078,0.093
2024-01-11,0.75,5.36,-0.018,0.069
2024-01-12,9.34,2.16,0.140,0.074
2024-01-13,-2.40,2.67,0.013,0.049
2024-01-14,1.68,-3.31,-0.061,-0.057
2024-01-15,1.14,-5.87,-0.074,-0.177
2024-01-16,0.64,-7.29,-0.069,-0.172
2024-01-17,-0.59,-3.74,-0.093,-0.076
2024-01-18,1.93,3.96,-0.023,0.000
2024-01-19,0.09,-5.30,-0.013,-0.066
2024-01-20,-2.26,-5.60,-0.144,-0.163
2024-01-21,-6.71,-1.55,-0.221,-0.119
2024-01-22,-6.23,5.81,-0.149,-0.016
2024-01-23,-2.32,4.76,-0.062,0.050
2024-01-24,-3.74,-0.73,-0.213,-0.086
2024-01-25,-3.07,-2.67,-0.168,-0.143
2024-01-26,-3.23,-1.72,-0.125,-0.091
2024-01-27,3.84,-4.12,-0.010,-0.130
2024-01-28,2.13,-4.00,0.087,-0.001
2024-01-29,0.69,-2.13,-0.004,-0.009
2024-01-30,2.29,1.27,0.058,0.034
2024-01-31,2.39,0.82,0.089,0.058
2024-02-01,-0.42,2.37,-0.053,-0.046
2024-02-02,-2.43,3.22,-0.122,-0.033
2024-02-03,-4.37,3.29,-0.151,-0.103
2024-02-04,5.33,-0.37,0.056,-0.019
2024-02-05,3.24,-6.35,0.080,-0.053
2024-02-06,0.49,-3.47,-0.048,-0.084
2024-02-07,-1.63,3.07,-0.007,0.007
2024-02-08,-1.37,5.10,-0.058,0.032
2024-02-09,-0.72,5.15,-0.037,0.037
2024-02-10,-0.96,4.53,-0.056,0.040
2024-02-11,1.17,4.71,0.004,0.015
2024-02-12,5.73,-5.54,0.140,-0.015
2024-02-13,-0.57,-2.67,0.022,0.022
2024-02-14,-2.38,2.22,-0.068,0.005
2024-02-15,-2.19,1.42,-0.082,-0.041
2024-02-16,-0.32,3.04,-0.054,-0.038
2024-02-17,0.57,-5.41,-0.037,-0.134
2024-02-18,0.46,-5.22,-0.085,-0.159
2024-02-19,1.89,1.53,0.005,0.003
2024-02-20,1.04,3.21,0.049,0.069
2024-02-21,0.18,5.04,0.038,0.141
2024-02-22,1.20,6.19,0.051,0.128
2024-02-23,3.03,-3.88,0.054,-0.031
2024-02-24,2.10,-2.10,0.026,-0.007
2024-02-25,1.33,4.34,0.075,0.138
2024-02-26,2.26,6.20,0.087,0.180
2024-02-27,1.81,7.26,0.078,0.192
2024-02-28,5.18,3.11,0.033,0.056
2024-02-29,-4.25,-5.25,-0.197,-0.191
2024-03-01,-1.74,-3.58,-0.141,-0.167
2024-03-02,-2.07,0.88,-0.100,-0.076
2024-03-03,-2.33,2.50,-0.122,-0.043
2024-03-04,-1.95,2.79,-0.140,-0.048
2024-03-05,-1.04,2.04,-0.137,-0.059
2024-03-06,-1.70,1.28,-0.173,-0.033
2024-03-07,-2.60,2.42,-0.135,-0.051
2024-03-08,-1.03,4.46,-0.106,-0.037
2024-03-09,1.65,-5.76,-0.021,-0.100
2024-03-10,-0.63,-3.55,-0.053,-0.081
2024-03-11,-1.48,1.59,-0.034,0.007
2024-03-12,-2.43,2.26,-0.089,-0.007
2024-03-13,-1.14,3.98,-0.045,0.016
2024-03-14,-3.35,5.58,-0.109,-0.016
2024-03-15,-3.20,4.09,-0.096,-0.012
2024-03-16,-5.03,1.07,-0.153,-0.096
2024-03-17,-2.88,-0.00,-0.161,-0.105
2024-03-18,-2.70,-5.53,-0.158,-0.164
2024-03-19,-2.29,-3.15,-0.116,-0.119
2024-03-20,-1.92,1.29,0.001,-0.013
2024-03-21,-5.73,1.64,-0.145,-0.057
2024-03-22,5.85,0.61,-0.026,-0.083
2024-03-23,0.23,-4.47,0.042,-0.042
2024-03-24,-3.06,4.54,-0.079,0.026
2024-03-25,-1.16,7.34,-0.079,0.018
2024-03-26,0.07,-3.90,-0.042,-0.139
2024-03-27,-0.72,-4.06,-0.094,-0.150
2024-03-28,-1.80,-1.35,-0.054,-0.118
2024-03-29,-2.21,4.96,0.002,0.057
2024-03-30,-1.21,4.52,0.009,0.057
2024-03-31,-1.59,5.20,-0.039,0.044
2024-04-01,-1.35,6.33,-0.050,0.001
2024-04-02,4.63,0.65,-0.067,-0.135
2024-04-03,3.73,-4.44,0.103,-0.053
2024-04-04,1.59,2.87,0.066,-0.009
2024-04-05,2.14,3.43,0.086,0.094
2024-04-06,-2.11,4.96,-0.015,0.109
2024-04-07,-1.01,4.74,-0.082,-0.004
2024-04-08,-2.47,3.81,-0.109,-0.054
2024-04-09,-2.83,7.01,-0.095,0.023
2024-04-10,3.65,-3.53,-0.082,-0.070
2024-04-11,5.11,-4.14,0.174,0.037
2024-04-12,-2.68,-2.02,-0.029,-0.024
2024-04-13,-1.83,3.31,-0.009,0.035
2024-04-14,-0.77,5.47,-0.014,0.068
2024-04-15,-2.04,5.32,-0.029,0.076
2024-04-16,-3.25,5.62,-0.114,0.000
2024-04-17,-2.67,4.12,-0.093,0.022
2024-04-18,-2.14,4.81,-0.035,0.067
2024-04-19,-3.09,2.69,-0.083,0.041
2024-04-20,-3.19,3.67,-0.067,0.017
2024-04-21,-2.71,-6.08,-0.127,-0.167
2024-04-22,-4.07,-3.07,-0.159,-0.120
2024-04-23,-1.77,3.19,-0.050,-0.012
2024-04-24,-2.48,2.75,-0.066,-0.042
2024-04-25,-3.36,4.79,-0.065,-0.018
2024-04-26,-3.32,7.45,-0.079,0.033
2024-04-27,-4.60,7.36,-0.123,0.005
2024-04-28,-5.31,6.79,-0.170,-0.002
2024-04-29,-2.98,2.98,-0.119,-0.135
2024-04-30,-3.09,1.64,-0.118,-0.136
2024-05-01,-3.59,3.59,-0.104,-0.119
2024-05-02,-4.97,4.03,-0.106,-0.104
2024-05-03,-5.87,3.81,-0.166,-0.070
2024-05-04,-4.72,3.56,-0.112,-0.063
2024-05-05,-4.52,4.36,-0.118,-0.101
2024-05-06,-2.66,4.61,-0.032,-0.034
2024-05-07,-1.81,5.91,-0.041,-0.007
2024-05-08,-1.22,5.27,-0.009,-0.022
2024-05-09,-2.27,3.50,-0.062,-0.104
2024-05-10,-3.53,-2.38,-0.129,-0.218
2024-05-11,-5.24,-1.80,-0.179,-0.195
2024-05-12,-5.72,4.80,-0.157,-0.046
2024-05-13,-0.55,4.47,-0.014,-0.071
2024-05-14,2.86,-1.27,0.021,-0.107
2024-05-15,-0.00,2.22,0.082,0.018
2024-05-16,-3.27,4.34,-0.065,0.079
2024-05-17,-0.66,-3.74,-0.061,-0.167
2024-05-18,-2.57,1.25,-0.056,-0.119
2024-05-19,-2.51,1.02,-0.062,-0.047
2024-05-20,-3.05,2.84,-0.095,-0.077
2024-05-21,-3.82,5.46,-0.103,-0.050
2024-05-22,-2.77,5.95,-0.077,-0.034
2024-05-23,-3.20,6.02,-0.084,-0.015
2024-05-24,-2.31,5.19,-0.068,-0.012
2024-05-25,-1.27,5.11,0.012,0.011
2024-05-26,-0.99,6.27,-0.002,0.073
2024-05-27,-0.00,3.74,0.042,0.066
2024-05-28,-3.66,2.12,-0.046,0.070
2024-05-29,-3.42,0.24,-0.122,-0.159
2024-05-30,-2.62,3.89,-0.052,-0.043
2024-05-31,-2.43,4.99,-0.106,-0.067
2024-06-01,-2.22,1.33,-0.044,-0.071
2024-06-02,-2.60,3.58,-0.070,-0.078
2024-06-03,-2.74,6.44,-0.059,0.006
2024-06-04,-2.12,6.92,-0.023,0.090
2024-06-05,-1.63,5.67,,
2024-06-06,-2.10,-0.37,,
2024-06-07,-2.47,0.26,,
2024-06-08,-1.56,2.59,,
2024-06-09,-1.46,3.13,0.014,0.051
2024-06-10,-1.43,1.71,-0.018,0.038
2024-06-11,-2.08,-0.60,-0.006,0.058
2024-06-12,-3.24,-1.12,-0.001,0.093
2024-06-13,-2.59,-0.46,-0.083,-0.201
2024-06-14,-2.81,0.40,-0.086,-0.131
2024-06-15,-2.76,1.66,-0.061,-0.053
2024-06-16,-3.70,3.00,-0.098,-0.006
2024-06-17,-4.55,4.55,-0.121,0.027
2024-06-18,-7.91,1.54,-0.223,-0.030
2024-06-19,-9.75,-1.89,-0.344,-0.150
2024-06-20,-9.88,-0.69,-0.297,-0.123
2024-06-21,-6.29,0.33,-0.202,-0.079
2024-06-22,-4.79,0.17,-0.118,-0.075
2024-06-23,-3.61,1.61,-0.067,-0.040
2024-06-24,-2.11,2.34,-0.013,0.003
2024-06-25,-0.97,3.90,0.035,0.068
2024-06-26,0.96,4.17,0.064,0.126
2024-06-27,2.15,2.47,0.102,0.064
2024-06-28,1.46,4.02,0.091,0.104
2024-06-29,-0.65,5.32,0.015,0.132
2024-06-30,-2.51,3.00,-0.078,-0.005
2024-07-01,-0.44,2.25,-0.012,-0.022
2024-07-02,0.89,2.20,0.099,-0.001
2024-07-03,0.95,2.94,0.085,0.047
2024-07-04,1.32,4.59,0.076,0.145
2024-07-05,1.38,3.11,0.086,0.103
2024-07-06,0.10,2.87,0.023,-0.008
2024-07-07,-5.80,-0.20,-0.211,-0.059
2024-07-08,-5.87,12.03,-0.045,0.154
2024-07-09,2.09,1.63,0.048,0.117
2024-07-10,-0.64,1.98,0.062,-0.034
2024-07-11,-1.41,-0.22,-0.019,-0.041
2024-07-12,-1.66,1.12,-0.051,0.006
2024-07-13,-0.54,1.78,-0.014,0.023
2024-07-14,-0.47,1.53,-0.012,-0.018
2024-07-15,0.92,2.68,0.043,0.074
2024-07-16,0.84,2.93,0.047,0.109
2024-07-17,0.05,2.77,0.004,0.056
2024-07-18,1.99,1.86,0.012,0.034
2024-07-19,2.26,-1.64,0.014,-0.000
2024-07-20,0.63,1.64,0.002,-0.040
2024-07-21,0.91,2.50,0.038,0.070
2024-07-22,1.08,1.72,0.028,0.079
2024-07-23,-1.49,1.97,-0.042,0.034
2024-07-24,0.72,1.77,-0.010,0.019
2024-07-25,-0.52,2.26,0.001,0.035
2024-07-26,-1.97,1.65,-0.041,-0.010
2024-07-27,-1.80,0.55,-0.026,0.016
2024-07-28,-0.39,2.74,-0.059,0.040
2024-07-29,-0.64,4.58,0.029,0.109
2024-07-30,0.26,4.97,0.040,0.123
2024-07-31,0.33,4.74,0.062,0.135
2024-08-01,-1.01,2.94,0.030,0.079
2024-08-02,-0.72,1.89,-0.010,0.030
2024-08-03,2.19,0.98,0.084,0.054
2024-08-04,1.96,-0.56,0.041,0.033
2024-08-05,-1.19,-1.52,-0.044,-0.023
2024-08-06,1.71,1.02,-0.011,-0.023
2024-08-07,2.35,1.20,0.110,0.078
2024-08-08,1.32,2.12,0.107,0.099
2024-08-09,2.74,-0.05,0.076,0.051
2024-08-10,-1.98,-1.98,-0.060,-0.015
2024-08-11,-2.81,0.30,-0.058,-0.044
2024-08-12,-1.18,2.53,-0.005,0.018
2024-08-13,-0.51,1.90,0.033,0.043
2024-08-14,-0.52,1.83,-0.006,0.058
2024-08-15,-0.32,2.31,0.006,0.048
2024-08-16,-0.04,2.19,0.008,0.053
2024-08-17,-1.02,1.84,-0.003,0.025
2024-08-18,-0.85,1.67,-0.011,0.013
2024-08-19,1.85,1.92,0.074,0.072
2024-08-20,2.42,1.29,0.080,0.071
2024-08-21,-0.45,2.84,0.028,0.093
2024-08-22,-2.10,1.12,-0.020,0.028
2024-08-23,-1.54,3.03,-0.032,0.042
2024-08-24,-3.91,1.35,-0.118,-0.028
2024-08-25,-4.79,0.59,-0.156,-0.067
2024-08-26,-4.18,0.89,-0.128,-0.061
2024-08-27,-2.96,1.08,-0.088,-0.037
2024-08-28,-3.17,0.39,-0.095,-0.038
2024-08-29,-3.38,0.66,-0.107,-0.009
2024-08-30,-1.89,-2.33,-0.101,-0.066
2024-08-31,-1.95,-1.81,-0.104,-0.089
2024-09-01,-2.64,-2.64,-0.116,-0.084
2024-09-02,-4.93,-1.32,-0.187,-0.102
2024-09-03,-5.56,0.78,-0.161,-0.054
2024-09-04,-4.56,-1.05,-0.165,-0.075
2024-09-05,-5.43,-3.27,-0.222,-0.148
2024-09-06,-3.36,-5.60,-0.188,-0.186
2024-09-07,-3.29,-7.76,-0.212,-0.228
2024-09-08,-3.81,-6.34,-0.212,-0.205
2024-09-09,-3.88,-5.15,-0.189,-0.169
2024-09-10,-5.87,-4.42,-0.230,-0.179
2024-09-11,-3.05,-5.73,-0.202,-0.179
2024-09-12,2.08,-2.48,0.107,0.031
2024-09-13,-0.97,1.44,-0.029,-0.016
2024-09-14,1.47,3.47,0.087,0.109
2024-09-15,1.35,2.08,0.064,0.025
2024-09-16,1.07,1.47,0.041,0.003
2024-09-17,1.31,1.06,0.008,-0.010
2024-09-18,-1.05,1.98,-0.010,0.075
2024-09-19,-1.73,1.92,-0.026,0.047
2024-09-20,-2.03,1.42,-0.017,0.028
2024-09-21,-1.64,2.10,-0.043,0.034
2024-09-22,-2.47,2.84,-0.074,-0.013
2024-09-23,-1.83,2.03,-0.056,-0.016
2024-09-24,-1.26,1.67,-0.026,-0.004
2024-09-25,1.11,1.48,0.018,-0.001
2024-09-26,-1.09,-4.74,-0.076,-0.112
2024-09-27,1.84,-2.44,0.033,-0.025
2024-09-28,2.46,-0.90,0.082,0.024
2024-09-29,1.45,-1.50,0.048,0.002
2024-09-30,1.66,1.16,0.047,0.023
2024-10-01,-2.23,-0.95,-0.035,-0.009
2024-10-02,-2.69,-2.34,-0.105,-0.085
2024-10-03,-3.49,-1.48,-0.111,-0.060
2024-10-04,-5.50,-1.47,-0.169,-0.090
2024-10-05,-4.93,-1.99,-0.181,-0.106
2024-10-06,-2.88,-2.88,-0.141,-0.104
2024-10-07,-2.16,-3.32,-0.110,-0.110
2024-10-08,-1.32,-3.10,-0.083,-0.091
2024-10-09,-1.14,-3.74,-0.091,-0.108
2024-10-10,-1.27,-2.49,-0.039,-0.023
2024-10-11,-2.34,-0.85,-0.042,-0.022
2024-10-12,-0.65,2.27,-0.003,0.002
2024-10-13,1.39,3.82,0.086,0.118
2024-10-14,2.91,2.91,0.106,0.126
2024-10-15,2.73,1.57,0.096,0.071
2024-10-16,-5.86,-3.81,-0.150,-0.089
2024-10-17,-5.08,-2.70,-0.201,-0.128
2024-10-18,-5.50,1.07,-0.172,-0.048
2024-10-19,-6.66,-0.23,-0.211,-0.086
2024-10-20,-5.21,-1.69,-0.186,-0.093
2024-10-21,-4.14,-0.51,-0.150,-0.042
2024-10-22,-2.35,1.30,-0.054,0.014
2024-10-23,-2.41,0.51,-0.057,0.022
2024-10-24,-1.84,1.33,-0.040,0.002
2024-10-25,-1.85,2.54,-0.054,0.033
2024-10-26,-2.01,1.36,-0.054,0.007
2024-10-27,-2.29,0.93,-0.058,-0.028
2024-10-28,-2.94,3.51,-0.053,0.017
2024-10-29,-3.86,5.51,-0.109,0.024
2024-10-30,-3.24,5.61,-0.109,0.025
2024-10-31,-2.40,3.56,-0.096,0.011
2024-11-01,-3.73,-1.07,-0.117,-0.038
2024-11-02,-4.69,2.19,-0.144,-0.021
2024-11-03,-2.84,6.38,-0.085,0.044
2024-11-04,-2.37,8.84,-0.063,0.078
2024-11-05,-0.88,6.29,-0.027,0.007
2024-11-06,-0.50,-3.54,-0.061,-0.128
2024-11-07,-3.73,0.73,-0.081,-0.064
2024-11-08,-5.23,1.40,-0.160,-0.082
2024-11-09,-2.14,-3.17,-0.133,-0.174
2024-11-10,-1.62,-4.01,-0.127,-0.144
2024-11-11,-0.17,-3.16,0.006,-0.114
2024-11-12,-1.84,-2.44,-0.049,-0.065
2024-11-13,0.42,-1.70,-0.007,-0.032
2024-11-14,0.27,-3.84,0.051,-0.062
2024-11-15,-2.24,-2.67,-0.101,-0.085
2024-11-16,-2.45,3.02,-0.079,0.004
2024-11-17,-2.46,5.80,-0.077,0.044
2024-11-18,-2.42,8.43,-0.042,0.074
2024-11-19,1.98,-1.66,0.033,-0.048
2024-11-20,1.38,-4.80,0.057,-0.045
2024-11-21,0.87,-2.69,0.016,-0.056
2024-11-22,1.52,-1.37,0.089,0.052
2024-11-23,-2.00,-0.00,0.011,0.049
2024-11-24,0.69,4.37,0.033,0.103
2024-11-25,2.41,4.72,0.066,0.108
2024-11-26,0.99,-3.97,-0.002,-0.050
2024-11-27,2.40,3.18,0.073,0.100
2024-11-28,3.10,-4.59,0.024,-0.023
2024-11-29,-1.83,-6.38,-0.164,-0.192
2024-11-30,-3.65,-3.17,-0.171,-0.116
2024-12-01,-3.25,-2.03,-0.106,-0.070
2024-12-02,-3.77,-2.94,-0.152,-0.100
2024-12-03,-4.76,-3.09,-0.204,-0.100
2024-12-04,-4.96,4.79,-0.115,0.012
2024-12-05,0.00,-4.45,-0.019,-0.034
2024-12-06,-4.61,-5.49,-0.205,-0.173
2024-12-07,-4.53,-3.54,-0.204,-0.149
2024-12-08,-0.49,4.00,-0.080,-0.020
2024-12-09,3.61,2.26,0.066,0.048
2024-12-10,3.92,-2.55,0.031,-0.011
2024-12-11,2.87,-4.77,0.088,-0.013
2024-12-12,-1.78,0.98,-0.023,0.017
2024-12-13,-5.65,2.06,-0.139,-0.006
2024-12-14,-3.05,4.53,-0.090,0.011
2024-12-15,-1.45,2.72,-0.064,-0.005
2024-12-16,-2.78,2.88,-0.103,0.006
2024-12-17,-2.16,1.95,-0.064,0.025
2024-12-18,-2.03,0.78,-0.058,0.005
2024-12-19,-0.27,-3.84,-0.059,-0.098
2024-12-20,-0.05,-2.62,-0.027,-0.045
2024-12-21,-2.54,-3.62,-0.099,-0.100
2024-12-22,-3.93,0.07,-0.134,-0.057
2024-12-23,-4.76,2.42,-0.130,-0.007
2024-12-24,-2.97,3.42,-0.097,-0.005
2024-12-25,-2.86,2.07,-0.085,-0.013
2024-12-26,-2.59,3.99,-0.074,0.011
2024-12-27,1.96,2.70,0.009,0.054
2024-12-28,0.66,5.34,0.011,0.087
2024-12-29,0.06,-1.84,0.004,-0.011
2024-12-30,0.35,4.03,0.018,0.068
2024-12-31,2.40,-3.84,0.044,0.040
2025-01-01,-2.97,-4.40,-0.129,-0.123
2025-01-02,-3.59,-1.91,-0.129,-0.078
2025-01-03,-4.28,-3.00,-0.148,-0.114
2025-01-04,-5.42,0.76,-0.179,-0.080
2025-01-05,2.13,7.42,0.062,0.098
2025-01-06,2.49,-6.85,0.081,-0.045
2025-01-07,-0.60,-4.86,-0.065,-0.114
2025-01-08,-0.92,-5.24,-0.111,-0.148
2025-01-09,-5.89,-1.36,-0.176,-0.080
2025-01-10,1.96,-7.32,-0.065,-0.116
2025-01-11,2.33,-2.88,0.088,0.003
2025-01-12,-2.75,-1.06,-0.036,-0.026
2025-01-13,-0.47,-5.41,-0.082,-0.141
2025-01-14,-3.25,-3.03,-0.134,-0.112
2025-01-15,-3.58,-4.59,-0.171,-0.156
2025-01-16,-0.98,-3.65,-0.073,-0.111
2025-01-17,-0.44,2.78,0.028,0.062
2025-01-18,5.60,0.00,0.086,0.067
2025-01-19,2.08,-6.81,0.033,-0.091
2025-01-20,-4.43,-4.75,-0.172,-0.138
2025-01-21,-3.24,-7.62,-0.236,-0.265
2025-01-22,1.04,-2.13,0.005,-0.034
2025-01-23,-1.42,-2.68,-0.049,-0.057
2025-01-24,-0.59,-2.56,0.002,-0.037
2025-01-25,-2.99,3.43,-0.038,0.072
2025-01-26,-1.09,4.72,-0.053,0.051
2025-01-27,0.00,-4.19,-0.019,-0.042
2025-01-28,-3.20,-1.70,-0.086,-0.066
2025-01-29,-5.01,1.53,-0.147,-0.045
2025-01-30,-1.09,6.90,-0.036,0.071
2025-01-31,4.36,-2.13,0.070,0.013
2025-02-01,-0.70,-1.74,0.007,0.002
2025-02-02,-1.15,2.15,-0.075,0.023
2025-02-03,-0.77,3.97,-0.058,0.037
2025-02-04,-0.75,3.03,0.008,0.028
2025-02-05,-2.32,2.66,-0.091,0.058
2025-02-06,0.14,3.92,-0.043,0.051
2025-02-07,-0.81,3.49,-0.028,0.041
2025-02-08,0.45,5.18,-0.004,0.103
2025-02-09,-1.00,3.28,0.002,0.076
2025-02-10,-3.86,-0.41,-0.119,0.019
2025-02-11,-1.29,4.23,-0.051,-0.035
2025-02-12,0.11,6.16,0.044,0.088
2025-02-13,-0.69,-6.55,-0.067,-0.134
2025-02-14,-4.57,-3.84,-0.193,-0.147
2025-02-15,-0.54,7.77,-0.010,0.077
2025-02-16,3.43,-5.28,0.110,0.023
2025-02-17,-4.28,-2.18,-0.128,-0.077
2025-02-18,-5.32,1.33,-0.138,-0.028
2025-02-19,0.41,-7.78,-0.110,-0.196
2025-02-20,-0.59,-6.75,-0.092,-0.149
2025-02-21,-3.40,-4.36,-0.172,-0.149
2025-02-22,-3.09,-5.34,-0.184,-0.170
2025-02-23,0.62,-5.04,-0.099,-0.178
2025-02-24,0.11,-3.17,0.024,-0.093
2025-02-25,-1.33,1.97,-0.014,-0.000
2025-02-26,-1.64,3.68,-0.014,0.047
2025-02-27,-2.09,-2.33,-0.023,-0.050
2025-02-28,-1.84,-2.20,-0.091,-0.099
2025-03-01,-1.46,0.62,-0.065,-0.117
2025-03-02,-4.20,2.43,-0.104,-0.093
2025-03-03,-4.10,4.24,-0.159,-0.061
2025-03-04,1.42,8.96,0.006,0.039
2025-03-05,4.44,-3.73,0.137,0.058
2025-03-06,-3.92,-0.69,-0.025,-0.034
2025-03-07,-0.98,5.07,-0.026,0.040
2025-03-08,-2.14,3.57,-0.001,0.044
2025-03-09,4.21,-5.02,0.044,-0.076
2025-03-10,2.39,-2.47,0.101,0.018
2025-03-11,1.31,3.61,0.066,0.077
2025-03-12,0.74,5.28,0.044,0.130
2025-03-13,1.70,4.43,0.035,0.105
2025-03-14,-0.00,5.66,-0.010,0.120
2025-03-15,4.79,2.99,-0.044,-0.040
2025-03-16,2.55,-1.53,0.120,0.034
2025-03-17,-0.22,3.21,0.034,0.054
2025-03-18,0.23,6.73,0.018,0.140
2025-03-19,2.40,5.65,0.041,0.099
2025-03-20,1.87,-5.74,0.091,-0.038
2025-03-21,-2.05,3.04,-0.044,0.002
2025-03-22,-1.63,3.50,-0.030,0.028
2025-03-23,-0.21,6.08,-0.025,0.064
2025-03-24,-0.25,3.56,-0.002,0.028
2025-03-25,-1.91,1.91,-0.107,-0.035
2025-03-26,-2.94,2.21,-0.092,-0.061
2025-03-27,-3.97,1.44,-0.129,-0.060
2025-03-28,-4.55,3.43,-0.137,-0.014
2025-03-29,-1.02,4.08,-0.078,0.018
2025-03-30,-2.56,3.80,-0.097,0.021
2025-03-31,-3.43,-0.73,-0.082,-0.018
2025-04-01,-2.02,3.36,-0.098,0.055
2025-04-02,-2.01,8.06,-0.063,0.063
2025-04-03,-2.35,7.23,-0.091,0.064
2025-04-04,-3.94,7.42,-0.122,0.044
2025-04-05,-1.17,8.36,-0.069,0.063
2025-04-06,3.87,-5.95,0.060,-0.069
2025-04-07,3.13,-5.01,0.091,-0.032
2025-04-08,0.27,-2.60,-0.012,-0.034
2025-04-09,-0.06,3.62,0.015,0.085
2025-04-10,0.59,4.21,0.072,0.117
2025-04-11,2.56,1.30,0.073,0.056
2025-04-12,-2.03,2.26,-0.026,-0.024
2025-04-13,0.36,5.17,0.016,0.056
2025-04-14,1.00,6.30,0.087,0.151
2025-04-15,-3.40,0.79,0.008,0.044
2025-04-16,-2.17,2.58,-0.101,-0.017
2025-04-17,-1.04,5.92,-0.040,0.019
2025-04-18,-1.23,7.00,-0.036,0.078
2025-04-19,-3.72,5.31,-0.100,0.044
2025-04-20,-3.29,5.69,-0.134,0.013
2025-04-21,-0.29,2.72,-0.075,-0.017
2025-04-22,-2.41,2.68,-0.086,0.030
2025-04-23,-2.43,3.35,-0.096,0.010
2025-04-24,-3.80,2.76,-0.112,-0.029
2025-04-25,-2.07,3.32,-0.064,0.027
2025-04-26,-2.87,3.08,-0.054,0.052
2025-04-27,-2.79,4.65,-0.057,0.054
2025-04-28,-2.48,5.56,-0.039,0.086
2025-04-29,-2.68,5.74,-0.038,0.093
2025-04-30,-3.33,7.15,-0.055,0.081
2025-05-01,-0.66,6.26,0.009,0.084
2025-05-02,-1.72,4.06,-0.022,0.068
2025-05-03,-0.14,-3.97,-0.052,-0.058
2025-05-04,-2.26,-2.69,-0.079,-0.082
2025-05-05,-5.13,1.97,-0.150,-0.021
2025-05-06,-5.56,5.75,-0.178,-0.018
2025-05-07,-3.65,0.38,-0.109,-0.055
2025-05-08,-3.14,-0.67,-0.115,-0.066
2025-05-09,-0.49,-3.96,-0.060,-0.119
2025-05-10,0.41,-3.33,-0.006,-0.067
2025-05-11,1.80,-3.13,0.025,-0.043
2025-05-12,1.62,-2.32,0.047,0.018
2025-05-13,0.70,5.68,0.076,0.172
2025-05-14,1.82,7.31,0.092,0.192
2025-05-15,-0.12,6.85,0.025,0.119
2025-05-16,-0.96,5.45,-0.068,0.031
2025-05-17,-0.91,4.67,-0.024,0.022
2025-05-18,-2.23,5.52,-0.079,0.025
2025-05-19,-2.54,6.97,-0.071,0.057
2025-05-20,-0.62,5.87,-0.013,0.074
2025-05-21,-3.87,-0.97,-0.072,-0.067
2025-05-22,-3.62,1.18,-0.124,-0.091
2025-05-23,-1.94,3.10,-0.066,-0.030
2025-05-24,-0.77,5.46,0.004,0.087
2025-05-25,-1.52,6.11,0.020,0.119
2025-05-26,-2.11,5.50,-0.018,0.098
2025-05-27,-4.28,1.64,-0.083,0.010
2025-05-28,-2.60,0.41,-0.075,-0.001
2025-05-29,-2.69,0.57,-0.115,-0.044
2025-05-30,1.32,1.75,0.015,-0.018
2025-05-31,-2.09,-2.01,-0.055,-0.054
2025-06-01,0.15,2.21,-0.002,-0.012
2025-06-02,-1.69,3.47,0.010,0.108
2025-06-03,-3.61,4.30,-0.098,0.035
2025-06-04,-2.82,4.03,-0.067,0.057
2025-06-05,-2.12,2.81,-0.034,0.044
2025-06-06,-1.27,4.43,-0.007,0.086
2025-06-07,0.81,5.74,0.062,0.142
2025-06-08,1.15,5.42,0.084,0.159
2025-06-09,0.62,5.02,0.073,0.138
2025-06-10,0.27,3.07,0.046,0.089
2025-06-11,-1.93,4.13,-0.058,0.021
2025-06-12,-1.26,4.13,-0.078,-0.009
2025-06-13,-0.74,3.82,0.030,0.072
2025-06-14,-0.40,3.77,0.013,0.104
2025-06-15,-0.82,3.84,-0.052,0.069
2025-06-16,1.24,3.08,0.042,0.094
2025-06-17,0.91,4.66,0.069,0.128
2025-06-18,-0.31,5.88,0.036,0.139
2025-06-19,-1.41,4.35,-0.025,0.094
2025-06-20,-1.61,3.98,-0.040,0.067
2025-06-21,-1.77,5.14,-0.012,0.104
2025-06-22,-2.70,4.15,-0.073,0.054
2025-06-23,-2.83,3.38,-0.071,0.035
2025-06-24,-3.14,1.60,-0.099,-0.023
2025-06-25,-3.38,1.17,-0.097,-0.054
2025-06-26,-1.84,2.53,-0.060,0.032
2025-06-27,-1.44,2.30,-0.047,0.047
2025-06-28,-1.76,2.61,-0.066,0.022
2025-06-29,-1.48,4.31,-0.053,0.043
2025-06-30,-1.00,3.48,-0.004,0.089
2025-07-01,-2.31,0.71,-0.028,0.055
2025-07-02,-0.36,2.25,0.034,0.095
2025-07-03,-0.19,2.68,0.051,0.082
2025-07-04,-0.15,4.28,0.040,0.119
2025-07-05,-0.09,5.00,0.042,0.106
2025-07-06,-0.88,2.88,0.013,0.079
2025-07-07,-0.05,3.07,0.015,0.073
2025-07-08,-0.34,2.81,0.015,0.077
2025-07-09,1.12,3.08,0.063,0.078
2025-07-10,1.61,3.16,0.074,0.116
2025-07-11,0.27,5.11,0.046,0.121
2025-07-12,-0.76,4.29,-0.020,0.097
2025-07-13,-0.07,4.12,0.008,0.080
2025-07-14,-0.13,3.60,0.016,0.087
2025-07-15,-0.20,3.73,0.025,0.096
2025-07-16,0.57,4.08,0.041,0.110
2025-07-17,0.69,2.00,0.022,0.035
2025-07-18,0.49,2.13,0.017,0.036
2025-07-19,0.19,3.64,-0.008,0.091
2025-07-20,0.47,4.44,0.011,0.117
2025-07-21,-0.00,4.39,0.019,0.111
2025-07-22,-0.07,4.01,0.012,0.087
2025-07-23,-0.24,3.36,0.021,0.086
2025-07-24,0.69,2.27,0.007,0.030
2025-07-25,-1.09,-2.13,-0.060,-0.067
2025-07-26,0.64,3.00,-0.008,-0.023
2025-07-27,-2.42,3.58,-0.054,0.031
2025-07-28,-0.74,2.29,-0.032,0.028
2025-07-29,1.70,1.19,0.031,0.036
2025-07-30,2.34,1.30,0.078,0.056
2025-07-31,2.45,1.14,0.046,0.047
2025-08-01,2.32,1.75,0.069,0.058
2025-08-02,1.79,0.16,0.041,0.024
2025-08-03,0.71,-1.60,-0.034,-0.048
2025-08-04,-1.72,-0.40,-0.048,-0.051
2025-08-05,-2.99,-0.10,-0.089,-0.068
2025-08-06,-1.37,1.63,-0.070,-0.023
2025-08-07,0.17,1.96,0.004,0.038
2025-08-08,-0.34,1.26,-0.006,0.022
2025-08-09,-2.09,1.46,-0.090,-0.020
2025-08-10,-2.74,1.16,-0.108,-0.061
2025-08-11,-2.94,-0.84,-0.116,-0.084
2025-08-12,-1.45,-1.17,-0.081,-0.067
2025-08-13,1.05,1.05,-0.012,0.027
2025-08-14,0.87,3.02,0.047,0.103
2025-08-15,-1.52,3.96,0.009,0.087
2025-08-16,-1.18,3.08,-0.027,0.058
2025-08-17,-1.20,1.93,-0.018,0.037
2025-08-18,1.63,1.06,0.007,0.031
2025-08-19,-1.77,-1.02,-0.059,-0.041
2025-08-20,-0.42,-1.82,-0.059,-0.054
2025-08-21,0.49,-1.59,-0.021,-0.023
2025-08-22,-0.31,-2.23,-0.060,-0.079
2025-08-23,-1.03,-1.86,-0.070,-0.068
2025-08-24,-1.38,-1.43,-0.055,-0.036
2025-08-25,-1.97,-0.72,-0.038,-0.008
2025-08-26,-1.80,1.35,-0.067,-0.016
2025-08-27,-1.83,-0.03,-0.088,-0.052
2025-08-28,-0.05,2.86,-0.036,0.008
2025-08-29,1.12,3.07,0.058,0.092
2025-08-30,-0.21,1.98,0.019,0.049
2025-08-31,-2.21,-0.68,-0.076,-0.033
2025-09-01,-1.23,-1.82,-0.099,-0.051
2025-09-02,-2.41,-1.28,-0.108,-0.073
2025-09-03,-0.81,1.47,-0.068,-0.038
2025-09-04,1.80,1.86,0.051,0.063
2025-09-05,0.29,4.15,0.052,0.105
2025-09-06,-2.04,1.83,-0.048,0.038
2025-09-07,-2.06,-2.83,-0.102,-0.061
2025-09-08,-3.47,-3.35,-0.163,-0.129
2025-09-09,-2.38,-2.64,-0.124,-0.095
2025-09-10,-2.18,-1.16,-0.095,-0.062
2025-09-11,-3.77,0.40,-0.139,-0.070
2025-09-12,-3.73,0.59,-0.119,-0.016
2025-09-13,-2.35,0.59,-0.033,0.032
2025-09-14,-1.57,0.33,-0.001,0.042
2025-09-15,-2.40,1.33,-0.070,0.016
2025-09-16,-3.24,-0.17,-0.084,0.002
2025-09-17,-1.93,0.99,-0.045,0.031
2025-09-18,-2.31,0.41,-0.046,0.016
2025-09-19,-3.17,-0.50,-0.109,-0.043
2025-09-20,-2.63,0.86,-0.086,-0.035
2025-09-21,-2.05,2.27,-0.062,0.010
2025-09-22,-1.49,3.70,-0.047,0.057
2025-09-23,-0.76,3.91,-0.011,0.058
2025-09-24,1.38,4.01,0.052,0.101
2025-09-25,1.44,-1.65,0.049,0.037
2025-09-26,-0.13,-2.40,0.010,-0.002
2025-09-27,-1.42,-1.82,-0.031,-0.031
2025-09-28,-1.83,-2.34,-0.093,-0.065
2025-09-29,-1.38,-2.38,-0.075,-0.070
2025-09-30,-0.58,-1.50,-0.017,-0.026
2025-10-01,-1.03,-1.59,-0.035,-0.021
2025-10-02,-1.04,-1.95,-0.020,-0.006
2025-10-03,-3.81,-1.16,-0.138,-0.077
2025-10-04,-4.17,-2.22,-0.181,-0.107
2025-10-05,-4.56,-1.93,-0.176,-0.111
2025-10-06,-2.36,-1.05,-0.095,-0.046
2025-10-07,-2.01,-0.32,-0.072,-0.028
2025-10-08,-2.14,-2.00,-0.084,-0.040
2025-10-09,-3.65,-3.29,-0.142,-0.108
2025-10-10,-2.78,-3.08,-0.127,-0.107
2025-10-11,-2.23,-2.01,-0.101,-0.081
2025-10-12,-1.95,0.71,-0.027,0.008
2025-10-13,-1.76,0.82,0.010,0.035
2025-10-14,-2.15,-1.34,-0.042,-0.002
2025-10-15,-1.51,-1.93,-0.057,-0.036
2025-10-16,-2.46,1.36,-0.090,-0.030
2025-10-17,-2.39,3.07,-0.087,0.022
2025-10-18,-1.01,4.74,-0.044,0.039
2025-10-19,-0.35,-4.05,0.025,0.035
2025-10-20,-3.72,1.98,-0.114,-0.021
2025-10-21,1.32,3.63,0.050,0.064
2025-10-22,-3.93,-3.54,-0.127,-0.106
2025-10-23,-3.18,0.68,-0.113,-0.029
2025-10-24,-4.64,2.57,-0.140,-0.021
2025-10-25,-2.34,3.89,-0.088,-0.013
2025-10-26,-0.36,-2.07,-0.037,-0.026
2025-10-27,-0.85,1.01,0.000,0.031
2025-10-28,-0.44,4.20,-0.001,0.082
2025-10-29,4.50,-6.43,0.125,-0.037
2025-10-30,2.82,-3.25,0.114,0.019
2025-10-31,-0.42,-2.39,-0.023,-0.019
2025-11-01,-3.05,-0.16,-0.075,-0.026
2025-11-02,-2.09,-4.11,-0.125,-0.123
2025-11-03,-2.11,-1.37,-0.060,-0.035
2025-11-04,-2.18,0.67,-0.063,-0.011
2025-11-05,-1.86,1.61,-0.039,0.006
2025-11-06,-2.61,0.37,-0.089,-0.027
2025-11-07,1.19,3.65,-0.014,0.019
2025-11-08,1.81,3.26,0.069,0.100
2025-11-09,0.91,-5.17,-0.007,-0.060
2025-11-10,0.40,-5.74,-0.051,-0.143
2025-11-11,0.86,2.64,0.006,0.015
2025-11-12,1.19,4.45,0.090,0.135
2025-11-13,-1.15,2.99,0.032,0.100
2025-11-14,-1.00,3.50,-0.052,0.062
2025-11-15,-0.18,3.49,-0.022,0.043
2025-11-16,1.13,3.47,0.058,0.093
2025-11-17,-0.98,4.24,0.016,0.104
2025-11-18,-1.06,3.47,-0.057,0.038
2025-11-19,-2.05,2.82,-0.095,0.013
2025-11-20,-2.65,3.51,-0.078,0.011
2025-11-21,-0.21,3.97,-0.002,0.048
2025-11-22,2.51,0.58,0.021,0.050
2025-11-23,-2.65,-2.84,-0.097,-0.050
2025-11-24,-2.26,5.33,-0.052,0.044
2025-11-25,2.02,3.36,0.080,0.078
2025-11-26,-2.05,-4.82,-0.113,-0.102
2025-11-27,-3.45,-3.97,-0.174,-0.144
2025-11-28,-5.60,-0.79,-0.190,-0.091
2025-11-29,-3.35,6.57,-0.088,0.048
2025-11-30,-0.89,-5.05,-0.052,-0.040
2025-12-01,-1.84,-5.06,-0.161,-0.167
2025-12-02,1.05,-4.95,-0.030,-0.117
2025-12-03,-3.23,1.64,-0.077,0.010
2025-12-04,-2.79,-4.14,-0.126,-0.102
2025-12-05,0.00,-4.41,-0.054,-0.105
2025-12-06,-1.69,-1.42,-0.037,-0.020
2025-12-07,1.01,2.07,-0.072,-0.025
2025-12-08,0.90,-5.71,-0.030,-0.125
2025-12-09,-2.51,-0.86,-0.069,-0.055
2025-12-10,1.59,2.04,0.049,0.035
2025-12-11,-2.30,-2.95,-0.058,-0.041
2025-12-12,-0.24,2.25,-0.049,-0.018
2025-12-13,-1.09,2.35,-0.023,0.042
2025-12-14,-1.55,-5.07,-0.095,-0.120
2025-12-15,-2.09,-4.10,-0.143,-0.147
2025-12-16,-1.88,-1.47,-0.081,-0.077
2025-12-17,-3.80,1.02,-0.105,-0.049
2025-12-18,1.01,3.51,-0.033,-0.015
2025-12-19,-1.24,-4.33,-0.018,-0.039
2025-12-20,-0.13,3.85,-0.035,0.044
2025-12-21,0.97,3.63,0.057,0.097
2025-12-22,-0.84,2.19,-0.000,0.029
2025-12-23,-2.91,1.89,-0.132,0.011
2025-12-24,-3.20,1.04,-0.099,-0.027
2025-12-25,-1.63,1.69,-0.067,-0.026
2025-12-26,1.30,3.99,0.032,0.036
2025-12-27,1.03,4.13,0.071,0.112
2025-12-28,0.47,4.47,0.021,0.108
2025-12-29,0.59,-6.77,-0.052,-0.109
2025-12-30,1.35,-5.05,-0.016,-0.103
2025-12-31,1.80,-1.08,0.042,0.008
2026-01-01,1.58,2.25,0.094,0.080
2026-01-02,3.40,5.24,0.140,0.158
2026-01-03,5.25,1.81,0.140,0.104
2026-01-04,-2.28,-2.92,-0.078,-0.087
2026-01-05,-2.32,1.62,-0.080,-0.025
2026-01-06,1.40,3.30,0.008,0.032
2026-01-07,1.12,3.46,0.054,0.069
2026-01-08,-0.59,6.73,0.019,0.132
2026-01-09,0.35,4.02,-0.012,0.086
2026-01-10,3.82,-4.72,0.032,-0.033
2026-01-11,0.99,-5.08,-0.023,-0.122
2026-01-12,-1.05,-3.04,-0.083,-0.080
2026-01-13,0.84,-0.87,-0.031,-0.035
2026-01-14,4.10,-1.25,0.117,0.040
2026-01-15,1.81,-3.71,0.086,0.006
2026-01-16,1.58,4.13,0.065,0.098
2026-01-17,-1.30,-5.61,-0.066,-0.104
2026-01-18,1.59,-3.93,0.013,-0.068
2026-01-19,1.26,1.87,0.045,0.060
2026-01-20,-3.91,0.83,-0.126,-0.026
2026-01-21,-1.42,4.12,-0.094,-0.003
2026-01-22,-1.74,-2.39,-0.066,-0.030
2026-01-23,-4.52,-0.47,-0.145,-0.079
2026-01-24,-5.86,-3.25,-0.205,-0.146
2026-01-25,2.28,-5.94,0.004,-0.111
2026-01-26,1.70,-5.92,0.011,-0.112
2026-01-27,0.15,-2.79,-0.067,-0.058
2026-01-28,-1.52,-1.32,-0.037,-0.043
2026-01-29,-0.73,2.13,-0.002,0.027
2026-01-30,2.97,-4.41,0.043,-0.033
2026-01-31,0.56,-5.30,0.013,-0.077
2026-02-01,-2.69,-2.10,-0.110,-0.076
2026-02-02,-0.35,3.33,0.025,0.072
2026-02-03,0.22,6.17,0.040,0.142
2026-02-04,0.89,-5.03,0.004,-0.030
2026-02-05,1.66,-3.25,-0.000,-0.069
2026-02-06,4.29,1.73,0.135,0.108
2026-02-07,3.53,0.12,0.095,0.069
2026-02-08,-1.50,2.22,-0.101,-0.047
2026-02-09,0.43,3.49,-0.015,0.002
2026-02-10,-1.38,4.00,-0.049,0.060
2026-02-11,-0.72,2.10,-0.051,-0.012
2026-02-12,-0.00,2.22,-0.015,-0.036
2026-02-13,-2.33,2.18,-0.016,0.038
2026-02-14,-3.81,4.70,-0.110,0.007
2026-02-15,4.97,-2.32,0.049,-0.004
2026-02-16,-2.15,-1.74,-0.037,-0.036
2026-02-17,-1.64,2.83,-0.100,-0.027
2026-02-18,-0.08,4.82,-0.017,0.033
2026-02-19,0.09,5.01,0.036,0.102
2026-02-20,-2.14,2.84,-0.050,0.068
2026-02-21,-2.69,0.52,-0.073,-0.026
2026-02-22,0.12,-7.06,-0.066,-0.159
2026-02-23,-0.47,-3.85,-0.043,-0.099
2026-02-24,0.73,3.16,0.047,0.059
2026-02-25,2.15,7.02,0.126,0.179
2026-02-26,1.41,6.65,0.093,0.163
2026-02-27,-2.28,-0.40,-0.092,-0.025
2026-02-28,-0.80,1.64,-0.065,-0.031
2026-03-01,-3.12,1.80,-0.100,-0.028
2026-03-02,-3.54,1.80,-0.114,-0.070
2026-03-03,-3.79,3.92,-0.108,-0.014
2026-03-04,-3.34,3.00,-0.120,-0.016
2026-03-05,-3.67,3.42,-0.119,-0.021
2026-03-06,-3.81,4.38,-0.111,0.002
2026-03-07,-2.18,4.69,-0.101,0.025
2026-03-08,-2.00,0.46,-0.121,0.000
2026-03-09,-0.92,3.01,-0.115,0.010
2026-03-10,-1.63,5.00,-0.042,0.049
2026-03-11,-1.00,6.33,-0.032,0.066
2026-03-12,0.70,-6.61,-0.024,-0.120
2026-03-13,0.08,2.22,-0.029,0.006
2026-03-14,-1.47,3.84,-0.023,0.069
2026-03-15,0.65,6.21,-0.003,0.079
2026-03-16,1.99,-8.00,0.032,-0.113
2026-03-17,-0.73,-4.63,-0.044,-0.069
2026-03-18,-1.51,3.74,-0.042,0.058
2026-03-19,-0.67,3.14,0.001,0.069
2026-03-20,0.71,3.67,0.040,0.096
2026-03-21,1.16,5.02,0.053,0.125
2026-03-22,1.73,5.67,0.086,0.149
2026-03-23,-1.31,2.58,-0.010,0.062
2026-03-24,-1.48,2.56,-0.028,0.042
2026-03-25,-1.76,3.05,-0.032,0.063
2026-03-26,-1.46,4.23,-0.028,0.067
2026-03-27,-0.39,4.40,0.021,0.055
2026-03-28,-2.93,-2.93,-0.091,-0.066
2026-03-29,-1.88,1.69,-0.063,-0.047
2026-03-30,-3.13,3.13,-0.086,-0.003
2026-03-31,-2.89,4.28,-0.081,0.017
2026-04-01,-2.14,5.04,-0.043,0.047
2026-04-02,-2.43,6.03,-0.067,0.053
2026-04-03,-3.64,5.40,-0.097,0.029
2026-04-04,-2.61,4.71,-0.091,0.015
2026-04-05,-0.98,-5.55,-0.126,-0.171
2026-04-06,-2.59,-5.31,-0.187,-0.193
2026-04-07,-3.27,-2.05,-0.154,-0.113
2026-04-08,-4.23,1.46,-0.161,-0.061
2026-04-09,-5.50,1.37,-0.182,-0.076
2026-04-10,-5.25,2.45,-0.197,-0.085
2026-04-11,-4.56,2.43,-0.177,-0.070
2026-04-12,-4.77,4.93,-0.132,-0.005
2026-04-13,-3.20,4.75,-0.097,0.015
2026-04-14,-2.88,4.98,-0.072,-0.004
2026-04-15,-2.98,5.60,-0.045,0.038
2026-04-16,-1.54,5.37,-0.024,0.051
2026-04-17,-2.28,5.95,-0.018,0.068
2026-04-18,-0.70,4.40,0.011,0.063
2026-04-19,-3.54,-6.66,-0.185,-0.241
2026-04-20,-5.49,-0.67,-0.204,-0.115
2026-04-21,-5.94,1.70,-0.188,-0.057
2026-04-22,-3.57,2.23,-0.145,-0.065
2026-04-23,-3.02,4.01,-0.108,-0.035
2026-04-24,-1.82,4.75,-0.081,-0.013
2026-04-25,-1.30,3.57,-0.041,-0.025
2026-04-26,-2.95,3.05,-0.097,-0.041
2026-04-27,-1.66,4.82,-0.072,-0.091
2026-04-28,-1.79,5.19,-0.086,-0.069
2026-04-29,-0.58,4.11,-0.036,-0.056
2026-04-30,-1.15,1.78,-0.052,-0.070
2026-05-01,-4.10,-5.06,-0.222,-0.246
2026-05-02,-2.16,-6.64,-0.183,-0.228
2026-05-03,-2.10,-1.64,-0.095,-0.106
2026-05-04,-0.79,3.73,-0.011,0.021
2026-05-05,0.21,5.88,0.038,0.127
2026-05-06,-1.66,4.33,-0.027,0.069
2026-05-07,-1.67,-4.14,-0.133,-0.181
2026-05-08,-3.51,-1.35,-0.147,-0.205
2026-05-09,-2.69,0.72,-0.183,-0.148
2026-05-10,-4.05,1.89,-0.165,-0.132
2026-05-11,-3.33,-3.45,-0.158,-0.178
2026-05-12,-1.96,-3.13,-0.114,-0.190
2026-05-13,1.88,1.47,-0.026,-0.120
2026-05-14,1.40,2.43,0.095,-0.010
2026-05-15,0.09,4.97,0.102,0.192
2026-05-16,-2.61,5.59,0.009,0.187
2026-05-17,-3.58,6.45,-0.102,0.067
2026-05-18,-4.12,6.86,-0.078,0.024
2026-05-19,-2.96,5.13,-0.074,0.023
2026-05-20,-2.64,-2.30,-0.118,-0.118
2026-05-21,-3.48,-0.37,-0.141,-0.100
2026-05-22,-0.17,2.45,-0.054,-0.036
2026-05-23,-3.32,1.84,-0.084,0.012
2026-05-24,-4.10,-0.95,-0.140,-0.122
2026-05-25,-2.18,-0.93,-0.125,-0.102
2026-05-26,-1.99,1.86,-0.067,-0.031
2026-05-27,-3.28,3.06,-0.078,-0.018
2026-05-28,2.21,-0.80,-0.034,-0.083
2026-05-29,0.52,2.69,0.075,0.049
2026-05-30,-0.10,2.80,0.088,0.091
2026-05-31,-1.68,2.50,0.032,0.118
2026-06-01,-2.10,1.64,-0.039,0.052
2026-06-02,-2.32,-0.08,-0.116,-0.054
2026-06-03,-4.44,-1.19,-0.176,-0.175
2026-06-04,-3.65,0.19,-0.195,-0.255
2026-06-05,-4.02,1.96,-0.184,-0.136
2026-06-06,-1.72,3.52,-0.076,-0.086
2026-06-07,-1.06,5.01,-0.009,0.007
2026-06-08,-2.31,5.18,-0.044,0.010
2026-06-09,-3.78,3.40,-0.112,-0.088
2026-06-10,-2.96,5.12,-0.080,-0.080
2026-06-11,-2.78,5.23,-0.055,-0.028
2026-06-12,-2.21,4.33,-0.040,-0.033
2026-06-13,-2.71,3.87,-0.042,-0.008
2026-06-14,-2.16,4.63,-0.018,-0.010
2026-06-15,0.23,2.59,0.038,-0.019
2026-06-16,-0.37,3.04,0.061,0.034
2026-06-17,-5.10,4.13,-0.130,0.042
2026-06-18,1.18,5.10,0.033,0.063
2026-06-19,-1.57,4.83,-0.023,0.086
2026-06-20,-1.44,3.24,-0.074,0.021
2026-06-21,0.14,4.11,0.000,0.060
2026-06-22,-0.22,6.33,0.063,0.183
2026-06-23,-0.89,4.60,0.054,0.122
2026-06-24,0.48,3.94,0.125,0.119
2026-06-25,-0.13,3.83,0.134,0.142
2026-06-26,-0.31,5.92,0.123,0.226
2026-06-27,0.41,5.92,0.068,0.213
2026-06-28,-0.00,6.28,0.027,0.202
2026-06-29,-1.96,6.02,-0.006,0.151
2026-06-30,-2.52,4.19,-0.057,0.083
2026-07-01,-2.15,3.31,-0.045,0.050
2026-07-02,-1.88,1.94,-0.065,0.007
2026-07-03,-0.66,2.03,-0.022,-0.016
2026-07-04,0.66,2.64,0.056,0.026
2026-07-05,1.16,2.74,0.087,0.076
2026-07-06,0.49,2.79,0.051,0.073
2026-07-07,0.92,1.72,0.043,0.065
2026-07-08,0.95,1.94,0.046,0.080
2026-07-09,0.64,3.27,0.089,0.102
2026-07-10,-1.10,3.03,-0.005,0.083
2026-07-11,-1.32,2.39,-0.068,0.042
2026-07-12,-1.44,2.39,-0.051,0.023
2026-07-13,-0.42,2.65,0.037,0.048
2026-07-14,-1.42,1.03,-0.047,0.002
2026-07-15,-2.98,0.58,-0.090,-0.007
2026-07-16,-1.92,3.76,-0.046,0.054
2026-07-17,-1.21,4.50,0.002,0.098
2026-07-18,-0.15,4.16,0.057,0.111
2026-07-19,1.09,3.17,0.090,0.111
2026-07-20,1.96,2.51,0.111,0.088
2026-07-21,2.84,1.51,0.124,0.094
2026-07-22,3.85,0.54,0.145,0.078
2026-07-23,2.74,-2.94,-0.036,-0.119
2026-07-24,-0.50,5.74,-0.015,0.059
2026-07-25,-1.01,3.51,-0.015,0.063
2026-07-26,-0.11,3.26,0.033,0.084
2026-07-27,1.56,3.68,0.106,0.133
2026-07-28,1.81,4.26,0.111,0.153
2026-07-29,1.42,4.13,0.107,0.131
2026-07-30,0.80,4.11,0.086,0.118
2026-07-31,1.06,4.27,0.093,0.124
2026-08-01,3.08,3.31,0.123,0.147
2026-08-02,3.44,1.98,0.120,0.106
2026-08-03,1.25,2.56,0.033,0.049
2026-08-04,0.54,3.07,0.036,0.071
2026-08-05,0.25,3.63,0.027,0.096
2026-08-06,-1.37,3.56,0.003,0.098
2026-08-07,-1.66,2.76,-0.042,0.048
2026-08-08,-2.63,1.17,-0.085,-0.026
2026-08-09,-2.55,1.72,-0.104,-0.000
2026-08-10,-0.42,2.99,-0.029,0.049
2026-08-11,-0.64,4.04,0.020,0.096
2026-08-12,-0.00,4.93,0.045,0.114
2026-08-13,0.40,5.76,0.076,0.136
2026-08-14,-0.94,4.83,0.031,0.119
2026-08-15,-0.71,4.02,0.022,0.103
2026-08-16,-0.96,2.80,0.015,0.069
2026-08-17,-0.20,2.86,0.010,0.048
2026-08-18,0.95,3.30,0.065,0.092
2026-08-19,1.59,3.94,0.100,0.117
2026-08-20,1.41,4.10,0.097,0.120
2026-08-21,2.03,3.26,0.107,0.125
2026-08-22,2.23,2.86,0.113,0.102
2026-08-23,1.89,3.28,0.097,0.096
2026-08-24,1.85,3.49,0.102,0.114
2026-08-25,0.68,3.50,0.071,0.099
2026-08-26,1.05,2.88,0.071,0.084
2026-08-27,2.09,2.99,0.080,0.103
2026-08-28,-0.09,2.68,0.034,0.053
2026-08-29,-2.14,0.30,-0.016,-0.000
2026-08-30,-1.09,2.13,-0.026,0.027
2026-08-31,-2.27,0.74,-0.076,-0.033
2026-09-01,0.23,-2.68,-0.039,-0.066
2026-09-02,2.23,2.39,0.055,0.071
2026-09-03,-2.25,3.22,-0.036,0.047
2026-09-04,-2.73,1.84,-0.064,0.027
2026-09-05,-1.92,1.50,-0.041,0.021
2026-09-06,-1.82,-0.16,-0.028,0.020
2026-09-07,-0.09,1.65,0.004,0.059
2026-09-08,-0.53,2.28,-0.000,0.053
2026-09-09,-2.81,-0.65,-0.069,-0.017
2026-09-10,-1.38,1.24,-0.070,-0.016
2026-09-11,0.64,2.57,0.053,0.059
2026-09-12,0.87,4.95,0.076,0.136
2026-09-13,-1.13,3.49,0.001,0.078
2026-09-14,-0.84,3.12,-0.020,0.064
2026-09-15,-0.67,3.15,0.000,0.067
2026-09-16,-3.12,1.45,-0.083,0.014
2026-09-17,-5.14,-0.63,-0.193,-0.105
2026-09-18,-4.95,0.61,-0.187,-0.082
2026-09-19,-3.04,0.93,-0.118,-0.032
2026-09-20,-2.62,1.17,-0.099,-0.021
2026-09-21,-2.08,1.74,-0.087,0.003
2026-09-22,-2.91,0.15,-0.086,-0.017
2026-09-23,-2.71,-0.53,-0.098,-0.058
2026-09-24,-3.40,-0.98,-0.114,-0.063
2026-09-25,-3.35,-1.49,-0.107,-0.060
