date,wind_u,wind_v,cur_u,cur_v
2016-01-01,-0.26,-4.97,,
2016-01-02,-0.24,-4.58,,
2016-01-03,0.11,-3.03,,
2016-01-04,1.07,-3.73,,
2016-01-05,-2.94,-3.27,,
2016-01-06,-3.45,-1.33,,
2016-01-07,-3.52,-1.08,,
2016-01-08,-2.30,-1.12,,
2016-01-09,-2.91,1.30,,
2016-01-10,3.60,-3.13,,
2016-01-11,-0.04,-2.46,,
2016-01-12,0.96,-1.72,,
2016-01-13,0.08,-2.18,,
2016-01-14,-2.81,1.08,,
2016-01-15,-3.45,-3.33,,
2016-01-16,1.38,-1.43,,
2016-01-17,0.89,-4.60,,
2016-01-18,0.31,-2.91,,
2016-01-19,-1.42,-2.19,,
2016-01-20,-2.56,2.30,,
2016-01-21,0.52,2.92,,
2016-01-22,6.57,3.64,,
2016-01-23,3.87,-5.32,,
2016-01-24,0.83,-2.17,,
2016-01-25,-1.19,2.14,,
2016-01-26,-2.36,3.02,,
2016-01-27,-0.67,-3.80,,
2016-01-28,0.52,-4.21,,
2016-01-29,2.96,-0.79,,
2016-01-30,2.01,2.24,,
2016-01-31,-0.36,3.39,,
2016-02-01,0.86,3.20,,
2016-02-02,-2.59,4.31,,
2016-02-03,1.16,5.01,,
2016-02-04,1.33,-4.36,,
2016-02-05,0.22,-4.18,,
2016-02-06,-0.50,-2.37,,
2016-02-07,1.03,-2.99,,
2016-02-08,5.11,-0.18,,
2016-02-09,4.86,-2.16,,
2016-02-10,2.66,-2.32,,
2016-02-11,3.55,2.05,,
2016-02-12,5.02,1.44,,
2016-02-13,0.30,-4.36,,
2016-02-14,-3.61,-0.25,,
2016-02-15,-2.00,4.72,,
2016-02-16,3.39,-0.84,,
2016-02-17,2.36,-2.81,,
2016-02-18,-1.93,-1.56,,
2016-02-19,-2.89,2.26,,
2016-02-20,-0.98,3.02,,
2016-02-21,0.18,3.44,,
2016-02-22,0.27,2.58,,
2016-02-23,-0.86,3.74,,
2016-02-24,7.58,2.76,,
2016-02-25,3.74,-1.07,,
2016-02-26,1.52,-3.77,,
2016-02-27,0.91,-1.79,,
2016-02-28,0.71,2.19,,
2016-02-29,1.71,1.96,,
2016-03-01,1.47,2.88,,
2016-03-02,2.03,-3.52,,
2016-03-03,-1.63,3.34,,
2016-03-04,1.36,-3.96,,
2016-03-05,-0.60,-2.24,,
2016-03-06,-0.39,-2.01,,
2016-03-07,-2.58,2.86,,
2016-03-08,-3.94,3.42,,
2016-03-09,-4.68,4.84,,
2016-03-10,-4.61,5.30,,
2016-03-11,-4.37,2.84,,
2016-03-12,-3.09,3.68,,
2016-03-13,1.88,3.70,,
2016-03-14,3.17,3.65,,
2016-03-15,2.79,2.89,,
2016-03-16,2.59,2.10,,
2016-03-17,1.32,1.58,,
2016-03-18,-2.74,1.58,,
2016-03-19,-2.94,0.63,,
2016-03-20,1.43,-5.73,,
2016-03-21,1.19,-4.14,,
2016-03-22,1.03,1.65,,
2016-03-23,-0.57,4.05,,
2016-03-24,-2.16,4.64,,
2016-03-25,-0.41,-2.93,,
2016-03-26,-2.62,1.17,,
2016-03-27,-2.04,3.68,,
2016-03-28,1.65,-1.89,,
2016-03-29,-2.26,-1.41,,
2016-03-30,-3.41,2.47,,
2016-03-31,-1.73,5.65,,
2016-04-01,1.77,2.94,,
2016-04-02,1.22,-4.88,,
2016-04-03,1.15,-2.72,,
2016-04-04,2.42,-0.51,,
2016-04-05,2.20,-1.84,,
2016-04-06,-1.46,3.28,,
2016-04-07,3.78,0.87,,
2016-04-08,3.81,-2.11,,
2016-04-09,1.86,-2.00,,
2016-04-10,-2.67,2.16,,
2016-04-11,-2.51,3.33,,
2016-04-12,-1.08,1.95,,
2016-04-13,-2.38,-1.11,,
2016-04-14,-2.71,1.26,,
2016-04-15,-4.53,-0.88,,
2016-04-16,-5.32,-1.43,,
2016-04-17,-5.37,0.19,,
2016-04-18,-3.59,0.63,,
2016-04-19,-2.23,1.18,,
2016-04-20,-1.70,1.70,,
2016-04-21,-1.63,2.24,,
2016-04-22,1.27,2.03,,
2016-04-23,1.19,-2.34,,
2016-04-24,-2.29,-0.66,,
2016-04-25,-1.21,2.48,,
2016-04-26,-1.60,2.20,,
2016-04-27,-1.12,2.91,,
2016-04-28,0.62,2.93,,
2016-04-29,-0.78,2.28,,
2016-04-30,-2.67,2.97,,
2016-05-01,-1.43,3.06,,
2016-05-02,-0.93,2.55,,
2016-05-03,1.65,0.03,,
2016-05-04,1.29,-3.75,,
2016-05-05,2.38,-2.94,,
2016-05-06,0.58,-3.30,,
2016-05-07,1.10,-1.76,,
2016-05-08,2.03,1.53,,
2016-05-09,-0.18,3.41,,
2016-05-10,-0.83,3.60,,
2016-05-11,-1.02,2.29,,
2016-05-12,0.69,1.70,,
2016-05-13,2.43,-0.84,,
2016-05-14,1.17,-1.39,,
2016-05-15,0.43,-2.43,,
2016-05-16,-3.25,-0.46,,
2016-05-17,-1.57,2.52,,
2016-05-18,0.31,1.99,,
2016-05-19,0.90,-1.94,,
2016-05-20,-1.57,3.08,,
2016-05-21,2.55,0.88,,
2016-05-22,0.38,-2.68,,
2016-05-23,-1.04,-1.87,,
2016-05-24,-0.37,2.08,,
2016-05-25,-1.27,1.88,,
2016-05-26,-1.14,2.35,,
2016-05-27,-2.27,2.52,,
2016-05-28,-1.81,1.94,,
2016-05-29,1.50,-0.35,,
2016-05-30,1.69,-0.03,,
2016-05-31,1.97,0.79,,
2016-06-01,1.15,1.65,,
2016-06-02,0.08,2.17,,
2016-06-03,-1.43,2.29,,
2016-06-04,-0.77,2.89,,
2016-06-05,-1.30,2.25,,
2016-06-06,-2.35,-1.20,,
2016-06-07,0.44,-1.90,,
2016-06-08,-0.04,-2.10,,
2016-06-09,-1.73,-0.84,,
2016-06-10,-0.76,1.42,,
2016-06-11,-0.03,1.68,,
2016-06-12,1.00,1.24,,
2016-06-13,2.38,-0.73,,
2016-06-14,2.20,0.51,,
2016-06-15,2.43,1.70,,
2016-06-16,3.36,1.16,,
2016-06-17,3.40,0.36,,
2016-06-18,1.38,-0.24,,
2016-06-19,-3.79,0.47,,
2016-06-20,-2.77,0.29,,
2016-06-21,-1.60,1.20,,
2016-06-22,0.62,1.70,,
2016-06-23,0.58,1.78,,
2016-06-24,2.03,0.82,,
2016-06-25,1.66,1.12,,
2016-06-26,1.68,1.31,,
2016-06-27,0.47,1.65,,
2016-06-28,1.38,0.32,,
2016-06-29,0.58,0.86,,
2016-06-30,-0.63,1.13,,
2016-07-01,-0.07,1.34,,
2016-07-02,1.71,0.98,,
2016-07-03,1.64,2.02,,
2016-07-04,2.15,2.30,,
2016-07-05,2.72,2.28,,
2016-07-06,2.13,1.79,,
2016-07-07,1.83,2.25,,
2016-07-08,1.88,2.02,,
2016-07-09,2.47,0.71,,
2016-07-10,1.80,1.12,,
2016-07-11,0.58,1.80,,
2016-07-12,-0.12,2.27,,
2016-07-13,-0.45,1.79,,
2016-07-14,1.35,1.02,,
2016-07-15,1.30,-0.18,,
2016-07-16,-0.75,1.20,,
2016-07-17,-1.41,1.56,,
2016-07-18,-1.74,0.92,,
2016-07-19,-1.31,-0.07,,
2016-07-20,-0.75,-0.96,,
2016-07-21,1.04,0.38,,
2016-07-22,0.76,1.17,,
2016-07-23,0.46,1.43,,
2016-07-24,-0.94,1.51,,
2016-07-25,-2.89,1.17,,
2016-07-26,-1.52,3.11,,
2016-07-27,2.26,3.00,,
2016-07-28,1.26,2.01,,
2016-07-29,1.60,1.12,,
2016-07-30,1.93,1.03,,
2016-07-31,1.73,0.50,,
2016-08-01,0.33,1.09,,
2016-08-02,0.89,1.42,,
2016-08-03,0.82,-0.91,,
2016-08-04,1.10,0.96,,
2016-08-05,1.88,0.13,,
2016-08-06,1.91,-0.03,,
2016-08-07,2.31,-0.84,,
2016-08-08,2.27,-0.48,,
2016-08-09,0.83,-0.89,,
2016-08-10,1.14,0.29,,
2016-08-11,1.47,2.77,,
2016-08-12,1.79,3.51,,
2016-08-13,-0.00,3.27,,
2016-08-14,-2.22,2.74,,
2016-08-15,-2.55,2.37,,
2016-08-16,-2.12,1.32,,
2016-08-17,-1.65,0.74,,
2016-08-18,-1.03,1.27,,
2016-08-19,1.08,1.48,,
2016-08-20,1.75,1.75,,
2016-08-21,1.90,1.28,,
2016-08-22,1.43,-0.30,,
2016-08-23,-0.19,-0.99,,
2016-08-24,-1.70,0.09,,
2016-08-25,-2.31,-0.28,,
2016-08-26,-2.65,-0.76,,
2016-08-27,-2.17,0.04,,
2016-08-28,-2.27,-0.78,,
2016-08-29,-2.56,-1.25,,
2016-08-30,-2.90,-1.61,,
2016-08-31,-3.02,-1.81,,
2016-09-01,-2.79,-1.88,,
2016-09-02,1.81,-1.87,,
2016-09-03,-1.31,1.56,,
2016-09-04,-1.18,1.31,,
2016-09-05,-1.87,1.26,,
2016-09-06,-2.00,0.98,,
2016-09-07,-1.89,0.40,,
2016-09-08,-1.66,1.20,,
2016-09-09,-1.82,0.97,,
2016-09-10,-0.79,0.91,,
2016-09-11,1.11,-1.11,,
2016-09-12,-1.89,-0.92,,
2016-09-13,-2.56,-0.45,,
2016-09-14,-2.64,-1.07,,
2016-09-15,-2.45,-0.34,,
2016-09-16,-2.08,1.01,,
2016-09-17,-0.73,1.81,,
2016-09-18,1.00,1.48,,
2016-09-19,1.33,-0.86,,
2016-09-20,-0.22,-1.83,,
2016-09-21,-1.81,-0.62,,
2016-09-22,0.48,-1.31,,
2016-09-23,0.89,-1.28,,
2016-09-24,1.44,-0.74,,
2016-09-25,1.32,-0.38,,
2016-09-26,-0.48,0.71,,
2016-09-27,-0.68,0.87,,
2016-09-28,1.83,-0.26,,
2016-09-29,2.50,-1.06,,
2016-09-30,0.55,-2.58,,
2016-10-01,-0.69,-1.54,,
2016-10-02,0.64,-1.85,,
2016-10-03,-0.71,-1.68,,
2016-10-04,-2.15,0.04,,
2016-10-05,-2.94,-0.95,,
2016-10-06,-3.15,-1.68,,
2016-10-07,-1.07,-3.28,,
2016-10-08,1.36,-4.45,,
2016-10-09,-0.88,-3.80,,
2016-10-10,-3.36,-1.22,,
2016-10-11,-2.90,-0.20,,
2016-10-12,-2.24,-0.52,,
2016-10-13,-1.38,-0.89,,
2016-10-14,0.24,1.92,,
2016-10-15,-2.93,1.13,,
2016-10-16,-2.77,-0.10,,
2016-10-17,-2.49,0.96,,
2016-10-18,-1.40,2.08,,
2016-10-19,-1.67,1.40,,
2016-10-20,0.84,1.35,,
2016-10-21,2.07,-4.88,,
2016-10-22,0.48,-3.90,,
2016-10-23,-1.06,-1.99,,
2016-10-24,1.54,-1.21,,
2016-10-25,0.23,-1.87,,
2016-10-26,-2.49,1.74,,
2016-10-27,-2.69,0.05,,
2016-10-28,-2.47,-0.48,,
2016-10-29,-2.25,-0.56,,
2016-10-30,-0.32,-1.84,,
2016-10-31,1.76,-0.25,,
2016-11-01,-2.05,1.49,,
2016-11-02,-3.15,0.96,,
2016-11-03,-1.84,0.56,,
2016-11-04,1.91,-1.98,,
2016-11-05,-2.97,-2.16,,
2016-11-06,-2.73,-0.53,,
2016-11-07,-3.88,0.27,,
2016-11-08,-3.92,-0.27,,
2016-11-09,-1.90,-1.90,,
2016-11-10,-0.76,-2.63,,
2016-11-11,0.16,-2.26,,
2016-11-12,0.46,-2.36,,
2016-11-13,-1.30,-1.85,,
2016-11-14,-1.26,-1.31,,
2016-11-15,1.58,-0.70,,
2016-11-16,1.32,-1.76,,
2016-11-17,-2.04,-0.25,,
2016-11-18,-0.90,2.23,,
2016-11-19,1.99,-3.90,,
2016-11-20,0.46,-3.77,,
2016-11-21,0.25,-2.34,,
2016-11-22,-2.05,-1.13,,
2016-11-23,-1.72,1.66,,
2016-11-24,0.99,2.33,,
2016-11-25,1.96,-0.42,,
2016-11-26,0.00,-3.57,,
2016-11-27,-2.11,-1.97,,
2016-11-28,-1.84,5.06,,
2016-11-29,1.67,6.69,,
2016-11-30,2.07,5.41,,
2016-12-01,0.82,-3.30,,
2016-12-02,-1.88,-2.58,,
2016-12-03,-3.77,-1.68,,
2016-12-04,-3.27,3.39,,
2016-12-05,-1.88,-2.24,,
2016-12-06,4.50,1.38,,
2016-12-07,1.52,-1.58,,
2016-12-08,-0.55,-3.89,,
2016-12-09,-0.78,-4.93,,
2016-12-10,-1.33,-3.30,,
2016-12-11,-2.54,-1.24,,
2016-12-12,1.49,2.58,,
2016-12-13,2.01,2.01,,
2016-12-14,1.97,-1.65,,
2016-12-15,0.00,-3.98,,
2016-12-16,-3.35,-0.77,,
2016-12-17,-0.96,4.95,,
2016-12-18,2.09,4.70,,
2016-12-19,-0.48,-5.48,,
2016-12-20,-0.51,-3.21,,
2016-12-21,-1.17,-1.09,,
2016-12-22,1.25,0.97,,
2016-12-23,-2.32,-0.98,,
2016-12-24,-2.30,1.38,,
2016-12-25,-3.09,1.25,,
2016-12-26,-3.32,2.24,,
2016-12-27,-0.20,1.91,,
2016-12-28,1.68,0.86,,
2016-12-29,4.79,-1.28,,
2016-12-30,0.46,-3.73,,
2016-12-31,-1.99,1.45,,
2017-01-01,1.15,4.98,,
2017-01-02,0.61,3.44,,
2017-01-03,3.87,2.92,,
2017-01-04,1.95,-3.52,,
2017-01-05,0.23,-2.66,,
2017-01-06,-0.77,-4.39,,
2017-01-07,1.38,-7.84,,
2017-01-08,-1.03,-5.28,,
2017-01-09,-3.77,-1.76,,
2017-01-10,-2.74,4.38,,
2017-01-11,-0.50,4.71,,
2017-01-12,-1.47,3.45,,
2017-01-13,-3.44,0.92,,
2017-01-14,-2.37,-0.42,,
2017-01-15,-2.81,-0.40,,
2017-01-16,-3.62,1.84,,
2017-01-17,-1.68,3.61,,
2017-01-18,-0.50,1.85,,
2017-01-19,-0.83,3.60,,
2017-01-20,2.54,2.20,,
2017-01-21,0.98,4.61,,
2017-01-22,5.27,3.42,,
2017-01-23,7.05,-2.57,,
2017-01-24,2.19,-1.90,,
2017-01-25,1.41,3.31,,
2017-01-26,4.90,-1.69,,
2017-01-27,2.24,-3.20,,
2017-01-28,2.47,-1.86,,
2017-01-29,4.86,-0.51,,
2017-01-30,3.11,-1.01,,
2017-01-31,3.96,1.60,,
2017-02-01,1.43,1.84,,
2017-02-02,1.06,1.84,,
2017-02-03,1.53,-2.36,,
2017-02-04,-1.88,-3.53,,
2017-02-05,-1.30,1.49,,
2017-02-06,-0.45,2.85,,
2017-02-07,0.15,4.44,,
2017-02-08,4.24,2.07,,
2017-02-09,3.18,-5.52,,
2017-02-10,-4.47,-1.12,,
2017-02-11,0.13,3.77,,
2017-02-12,2.90,2.71,,
2017-02-13,0.86,-3.43,,
2017-02-14,-2.03,0.07,,
2017-02-15,6.10,0.64,,
2017-02-16,1.53,-2.76,,
2017-02-17,1.80,1.04,,
2017-02-18,-3.05,1.29,,
2017-02-19,-1.29,-0.69,,
2017-02-20,-3.06,0.94,,
2017-02-21,-1.92,3.60,,
2017-02-22,-0.78,-3.67,,
2017-02-23,-2.64,-1.78,,
2017-02-24,-0.08,2.40,,
2017-02-25,3.24,-2.53,,
2017-02-26,-3.47,-3.12,,
2017-02-27,-3.05,3.76,,
2017-02-28,-3.47,2.62,,
2017-03-01,1.11,4.79,,
2017-03-02,0.11,-6.28,,
2017-03-03,-1.93,-4.34,,
2017-03-04,-3.82,-2.39,,
2017-03-05,-5.35,1.23,,
2017-03-06,-5.76,5.37,,
2017-03-07,-3.09,5.13,,
2017-03-08,-1.02,-3.56,,
2017-03-09,-0.16,1.82,,
2017-03-10,2.73,-0.94,,
2017-03-11,-3.44,-1.99,,
2017-03-12,-1.67,-3.75,,
2017-03-13,-4.45,-2.17,,
2017-03-14,2.97,-4.09,,
2017-03-15,0.07,-4.07,,
2017-03-16,-1.86,-2.14,,
2017-03-17,-1.14,2.24,,
2017-03-18,3.17,1.76,,
2017-03-19,2.21,-1.67,,
2017-03-20,-0.72,2.35,,
2017-03-21,4.04,1.01,,
2017-03-22,3.61,-0.64,,
2017-03-23,-4.78,-1.02,,
2017-03-24,-6.36,3.82,,
2017-03-25,-3.73,4.78,,
2017-03-26,0.29,4.18,,
2017-03-27,-1.51,3.56,,
2017-03-28,1.18,3.07,,
2017-03-29,-1.49,2.92,,
2017-03-30,-1.68,4.39,,
2017-03-31,3.75,0.39,,
2017-04-01,-2.60,-0.95,,
2017-04-02,-3.05,1.91,,
2017-04-03,-0.52,7.37,,
2017-04-04,-0.64,3.02,,
2017-04-05,1.21,5.23,,
2017-04-06,5.11,-3.44,,
2017-04-07,2.14,-2.73,,
2017-04-08,0.24,-2.69,,
2017-04-09,-1.71,2.45,,
2017-04-10,-3.23,2.52,,
2017-04-11,-3.23,1.79,,
2017-04-12,-1.70,-0.21,,
2017-04-13,-2.49,-1.44,,
2017-04-14,-3.25,0.99,,
2017-04-15,-4.12,2.01,,
2017-04-16,-2.81,2.53,,
2017-04-17,-1.89,1.89,,
2017-04-18,-2.06,1.50,,
2017-04-19,-3.16,1.15,,
2017-04-20,-2.56,1.48,,
2017-04-21,-1.43,1.71,,
2017-04-22,0.61,2.66,,
2017-04-23,4.14,-0.43,,
2017-04-24,2.32,-4.18,,
2017-04-25,2.30,0.75,,
2017-04-26,-0.41,4.66,,
2017-04-27,0.79,5.65,,
2017-04-28,-2.45,5.02,,
2017-04-29,-5.31,4.30,,
2017-04-30,-4.39,7.31,,
2017-05-01,2.62,4.55,,
2017-05-02,0.04,-2.56,,
2017-05-03,-2.99,1.46,,
2017-05-04,-1.80,4.68,,
2017-05-05,6.66,-4.00,,
2017-05-06,3.13,-1.20,,
2017-05-07,3.30,0.12,,
2017-05-08,2.29,1.02,,
2017-05-09,2.34,0.63,,
2017-05-10,2.12,1.43,,
2017-05-11,2.31,1.93,,
2017-05-12,2.50,3.31,,
2017-05-13,4.16,-0.07,,
2017-05-14,-0.71,-3.33,,
2017-05-15,1.63,1.57,,
2017-05-16,-2.01,1.12,,
2017-05-17,-2.26,3.48,,
2017-05-18,-2.87,3.42,,
2017-05-19,-4.16,2.40,,
2017-05-20,-3.25,3.25,,
2017-05-21,-0.84,3.37,,
2017-05-22,-0.29,1.85,,
2017-05-23,3.78,3.17,,
2017-05-24,5.06,0.18,,
2017-05-25,3.51,-1.28,,
2017-05-26,0.67,2.89,,
2017-05-27,1.51,2.96,,
2017-05-28,2.56,2.84,,
2017-05-29,1.81,2.90,,
2017-05-30,-1.75,-1.52,,
2017-05-31,-1.48,1.16,,
2017-06-01,-0.83,1.70,,
2017-06-02,-2.42,1.08,,
2017-06-03,-0.50,2.36,,
2017-06-04,-1.92,1.34,,
2017-06-05,0.49,3.52,,
2017-06-06,-2.88,0.77,,
2017-06-07,-2.08,-3.91,,
2017-06-08,-0.17,-2.43,,
2017-06-09,-1.72,-2.12,,
2017-06-10,-2.34,1.46,,
2017-06-11,-2.39,2.15,,
2017-06-12,-2.90,2.44,,
2017-06-13,-1.65,1.70,,
2017-06-14,-0.47,1.63,,
2017-06-15,1.53,0.59,,
2017-06-16,2.24,-0.31,,
2017-06-17,2.72,0.78,,
2017-06-18,0.58,2.17,,
2017-06-19,-2.84,1.39,,
2017-06-20,-5.26,0.37,,
2017-06-21,-9.20,3.35,,
2017-06-22,-3.03,8.81,,
2017-06-23,-0.00,5.99,,
2017-06-24,3.05,1.91,,
2017-06-25,1.52,-1.81,,
2017-06-26,-1.65,-2.19,,
2017-06-27,-0.81,-1.53,,
2017-06-28,-3.16,0.61,,
2017-06-29,-1.25,3.27,,
2017-06-30,1.68,3.15,,
2017-07-01,2.13,1.61,,
2017-07-02,2.40,0.34,,
2017-07-03,2.41,0.60,,
2017-07-04,1.49,1.78,,
2017-07-05,0.62,2.16,,
2017-07-06,0.82,1.67,,
2017-07-07,2.11,0.56,,
2017-07-08,2.79,0.70,,
2017-07-09,1.63,0.79,,
2017-07-10,1.29,0.87,,
2017-07-11,0.36,1.55,,
2017-07-12,-1.54,1.25,,
2017-07-13,-1.58,0.95,,
2017-07-14,-2.39,0.21,,
2017-07-15,-2.02,0.47,,
2017-07-16,-1.63,0.29,,
2017-07-17,0.61,1.68,,
2017-07-18,-0.05,1.53,,
2017-07-19,0.60,1.30,,
2017-07-20,1.63,-0.83,,
2017-07-21,1.72,0.80,,
2017-07-22,1.04,1.88,,
2017-07-23,2.36,1.53,,
2017-07-24,3.83,0.27,,
2017-07-25,3.06,-0.32,,
2017-07-26,1.48,-1.48,,
2017-07-27,1.04,-1.12,,
2017-07-28,2.05,-0.14,,
2017-07-29,4.45,0.55,,
2017-07-30,0.16,-3.11,,
2017-07-31,-3.78,-0.13,,
2017-08-01,-2.81,-0.70,,
2017-08-02,-1.99,-0.65,,
2017-08-03,-2.06,1.34,,
2017-08-04,2.69,1.88,,
2017-08-05,2.14,0.91,,
2017-08-06,0.26,2.93,,
2017-08-07,0.46,2.89,,
2017-08-08,-0.64,1.38,,
2017-08-09,-2.08,0.33,,
2017-08-10,0.18,1.67,,
2017-08-11,1.85,0.64,,
2017-08-12,2.91,-0.25,,
2017-08-13,1.90,-0.89,,
2017-08-14,2.64,0.91,,
2017-08-15,2.26,0.91,,
2017-08-16,1.70,0.94,,
2017-08-17,1.64,-0.41,,
2017-08-18,2.74,-0.74,,
2017-08-19,1.34,-1.60,,
2017-08-20,-2.07,-0.59,,
2017-08-21,-1.80,1.46,,
2017-08-22,-2.02,0.86,,
2017-08-23,1.21,-0.49,,
2017-08-24,-0.65,-1.79,,
2017-08-25,-1.54,-1.97,,
2017-08-26,-1.51,-1.67,,
2017-08-27,-2.95,-1.44,,
2017-08-28,-4.28,-1.07,,
2017-08-29,-3.35,-0.18,,
2017-08-30,0.22,6.29,,
2017-08-31,2.62,6.83,,
2017-09-01,4.25,1.22,,
2017-09-02,1.26,1.06,,
2017-09-03,-1.00,-1.20,,
2017-09-04,-1.36,1.07,,
2017-09-05,1.90,0.80,,
2017-09-06,1.85,-2.65,,
2017-09-07,-1.60,-3.43,,
2017-09-08,-1.77,-3.07,,
2017-09-09,-2.90,-3.71,,
2017-09-10,-4.62,-4.62,,
2017-09-11,0.26,-7.58,,
2017-09-12,5.86,-0.93,,
2017-09-13,2.32,0.12,,
2017-09-14,0.31,2.21,,
2017-09-15,-2.62,1.17,,
2017-09-16,-1.64,0.70,,
2017-09-17,-1.48,-0.54,,
2017-09-18,1.18,0.60,,
2017-09-19,2.15,0.70,,
2017-09-20,1.79,0.35,,
2017-09-21,0.14,-1.63,,
2017-09-22,-1.61,-0.40,,
2017-09-23,-2.59,-0.89,,
2017-09-24,-3.04,-1.05,,
2017-09-25,-4.08,-1.09,,
2017-09-26,-1.84,0.19,,
2017-09-27,0.99,-1.22,,
2017-09-28,1.10,-1.63,,
2017-09-29,0.15,-2.19,,
2017-09-30,-1.49,-2.39,,
2017-10-01,-5.42,-2.08,,
2017-10-02,-7.82,-1.38,,
2017-10-03,-6.82,-1.20,,
2017-10-04,-5.35,-2.38,,
2017-10-05,-3.93,-2.65,,
2017-10-06,-4.81,-2.14,,
2017-10-07,-6.55,1.27,,
2017-10-08,1.30,9.24,,
2017-10-09,1.07,3.49,,
2017-10-10,-1.11,1.64,,
2017-10-11,1.53,-0.21,,
2017-10-12,-0.45,-2.54,,
2017-10-13,-2.30,-1.80,,
2017-10-14,-3.59,-0.70,,
2017-10-15,-3.16,1.15,,
2017-10-16,-0.15,-4.21,,
2017-10-17,-2.89,-4.29,,
2017-10-18,-3.37,-2.28,,
2017-10-19,-2.94,-2.06,,
2017-10-20,-4.18,-1.44,,
2017-10-21,-5.30,1.32,,
2017-10-22,-5.20,3.51,,
2017-10-23,3.62,-2.63,,
2017-10-24,2.25,-2.77,,
2017-10-25,2.81,-2.81,,
2017-10-26,1.81,-0.96,,
2017-10-27,0.18,3.52,,
2017-10-28,4.73,-0.92,,
2017-10-29,3.01,-4.63,,
2017-10-30,2.13,-0.82,,
2017-10-31,2.24,-0.56,,
2017-11-01,-2.17,2.88,,
2017-11-02,-1.24,3.07,,
2017-11-03,-1.98,1.66,,
2017-11-04,0.30,1.55,,
2017-11-05,0.48,1.58,,
2017-11-06,0.46,2.18,,
2017-11-07,2.27,1.01,,
2017-11-08,1.99,-1.06,,
2017-11-09,0.33,-4.72,,
2017-11-10,-1.47,-3.84,,
2017-11-11,-3.51,-2.46,,
2017-11-12,-4.54,-2.32,,
2017-11-13,-2.20,-4.13,,
2017-11-14,-2.03,-2.80,,
2017-11-15,-3.32,-1.21,,
2017-11-16,-1.10,-1.23,,
2017-11-17,-2.16,-1.05,,
2017-11-18,1.53,4.00,,
2017-11-19,2.94,-6.02,,
2017-11-20,-1.76,-3.18,,
2017-11-21,-0.73,-2.37,,
2017-11-22,-0.55,-4.46,,
2017-11-23,-0.17,-4.98,,
2017-11-24,0.00,-2.92,,
2017-11-25,1.77,-1.39,,
2017-11-26,-0.11,-3.11,,
2017-11-27,-1.65,-2.85,,
2017-11-28,-2.61,-1.33,,
2017-11-29,-2.66,-1.47,,
2017-11-30,-2.21,1.03,,
2017-12-01,1.64,-1.28,,
2017-12-02,0.60,-1.75,,
2017-12-03,-1.11,-2.09,,
2017-12-04,-4.06,0.21,,
2017-12-05,-1.29,3.98,,
2017-12-06,-0.40,-5.72,,
2017-12-07,-1.82,-5.60,,
2017-12-08,-1.29,-6.63,,
2017-12-09,3.44,-4.10,,
2017-12-10,1.59,-2.04,,
2017-12-11,3.19,-0.11,,
2017-12-12,4.82,-2.15,,
2017-12-13,1.82,-2.33,,
2017-12-14,3.16,0.28,,
2017-12-15,1.46,-2.99,,
2017-12-16,-2.19,-2.81,,
2017-12-17,-2.20,4.50,,
2017-12-18,2.73,1.57,,
2017-12-19,-0.58,1.67,,
2017-12-20,3.08,4.40,,
2017-12-21,1.91,-1.72,,
2017-12-22,-1.16,3.02,,
2017-12-23,2.45,5.26,,
2017-12-24,1.97,-2.26,,
2017-12-25,-0.37,-5.30,,
2017-12-26,-3.19,-2.23,,
2017-12-27,-2.20,-4.31,,
2017-12-28,-1.83,-4.31,,
2017-12-29,-0.80,-3.21,,
2017-12-30,1.03,-1.86,,
2017-12-31,-1.48,-3.86,,
2018-01-01,-0.41,-7.78,,
2018-01-02,-2.23,-5.51,,
2018-01-03,0.14,-4.02,,
2018-01-04,2.48,-3.54,,
2018-01-05,-0.09,-2.72,,
2018-01-06,-1.66,-2.29,,
2018-01-07,-5.17,0.27,,
2018-01-08,-5.00,5.55,,
2018-01-09,-4.82,-1.75,,
2018-01-10,-5.11,-0.27,,
2018-01-11,-4.19,2.94,,
2018-01-12,5.73,2.09,,
2018-01-13,2.01,-6.17,,
2018-01-14,-0.53,-4.29,,
2018-01-15,-1.76,-2.02,,
2018-01-16,-2.22,-2.22,,
2018-01-17,1.10,-6.96,,
2018-01-18,0.07,-3.91,,
2018-01-19,-0.61,-1.77,,
2018-01-20,-2.60,0.18,,
2018-01-21,-3.22,1.57,,
2018-01-22,-1.36,4.45,,
2018-01-23,3.23,-2.02,,
2018-01-24,0.48,-3.94,,
2018-01-25,-1.96,-3.14,,
2018-01-26,-5.45,0.38,,
2018-01-27,-5.70,1.74,,
2018-01-28,-3.89,3.15,,
2018-01-29,0.77,-5.45,,
2018-01-30,0.28,-5.40,,
2018-01-31,-3.45,-0.48,,
2018-02-01,0.20,2.86,,
2018-02-02,-0.60,-4.92,,
2018-02-03,-4.97,-2.32,,
2018-02-04,1.92,5.92,,
2018-02-05,-1.70,-2.62,,
2018-02-06,-3.03,1.68,,
2018-02-07,1.10,4.78,,
2018-02-08,-1.77,-5.14,,
2018-02-09,-4.55,-0.97,,
2018-02-10,-4.38,3.19,,
2018-02-11,1.07,3.11,,
2018-02-12,-3.67,-1.26,,
2018-02-13,-2.23,-3.07,,
2018-02-14,-4.06,1.40,,
2018-02-15,-1.42,3.52,,
2018-02-16,3.23,3.01,,
2018-02-17,2.49,1.62,,
2018-02-18,-0.27,2.17,,
2018-02-19,-2.96,3.06,,
2018-02-20,-4.43,3.59,,
2018-02-21,-3.80,4.53,,
2018-02-22,-3.48,2.92,,
2018-02-23,-3.09,2.88,,
2018-02-24,-1.83,4.76,,
2018-02-25,-0.45,4.30,,
2018-02-26,-3.80,-0.27,,
2018-02-27,-4.22,-1.54,,
2018-02-28,-2.19,4.11,,
2018-03-01,4.02,4.62,,
2018-03-02,-0.99,-4.67,,
2018-03-03,-1.35,-2.90,,
2018-03-04,-2.64,-2.30,,
2018-03-05,-0.95,2.93,,
2018-03-06,2.68,3.19,,
2018-03-07,3.02,-3.48,,
2018-03-08,1.89,-3.02,,
2018-03-09,-1.67,-1.79,,
2018-03-10,-1.38,3.80,,
2018-03-11,1.14,3.31,,
2018-03-12,2.48,-5.57,,
2018-03-13,1.05,-2.88,,
2018-03-14,1.53,-3.14,,
2018-03-15,2.21,-0.89,,
2018-03-16,-0.89,2.90,,
2018-03-17,1.29,3.73,,
2018-03-18,1.29,2.42,,
2018-03-19,1.69,2.50,,
2018-03-20,5.88,-0.62,,
2018-03-21,3.95,-3.20,,
2018-03-22,0.19,-3.55,,
2018-03-23,-2.94,0.15,,
2018-03-24,0.81,4.14,,
2018-03-25,3.40,2.76,,
2018-03-26,-4.54,1.84,,
2018-03-27,-6.83,2.62,,
2018-03-28,-4.13,4.27,,
2018-03-29,-2.28,5.93,,
2018-03-30,1.69,-3.63,,
2018-03-31,-3.08,-2.49,,
2018-04-01,-2.28,0.61,,
2018-04-02,-0.18,2.63,,
2018-04-03,-0.71,4.49,,
2018-04-04,3.58,-2.60,,
2018-04-05,-2.49,-2.76,,
2018-04-06,-0.29,2.33,,
2018-04-07,3.77,2.09,,
2018-04-08,-1.72,-4.49,,
2018-04-09,-1.39,-2.97,,
2018-04-10,-1.10,-3.40,,
2018-04-11,0.07,-3.75,,
2018-04-12,-2.30,2.14,,
2018-04-13,-3.31,3.42,,
2018-04-14,-3.24,6.95,,
2018-04-15,6.20,-1.55,,
2018-04-16,3.74,-2.82,,
2018-04-17,2.43,0.79,,
2018-04-18,2.89,3.44,,
2018-04-19,3.91,-0.14,,
2018-04-20,-2.02,-3.96,,
2018-04-21,-4.31,-0.00,,
2018-04-22,-3.30,4.71,,
2018-04-23,4.32,0.45,,
2018-04-24,3.83,-0.61,,
2018-04-25,2.08,-2.47,,
2018-04-26,3.77,1.01,,
2018-04-27,1.22,-3.02,,
2018-04-28,2.41,-1.28,,
2018-04-29,2.53,-2.28,,
2018-04-30,-3.09,-1.85,,
2018-05-01,-3.52,2.12,,
2018-05-02,-2.91,2.04,,
2018-05-03,-2.88,2.79,,
2018-05-04,-1.57,2.42,,
2018-05-05,1.78,1.39,,
2018-05-06,1.30,-3.22,,
2018-05-07,0.80,-2.62,,
2018-05-08,2.79,0.85,,
2018-05-09,1.98,1.66,,
2018-05-10,1.43,2.11,,
2018-05-11,0.42,2.35,,
2018-05-12,-1.45,1.92,,
2018-05-13,1.88,0.20,,
2018-05-14,-1.69,1.10,,
2018-05-15,-2.34,0.45,,
2018-05-16,-1.75,-0.31,,
2018-05-17,1.14,1.18,,
2018-05-18,2.74,2.38,,
2018-05-19,1.05,3.04,,
2018-05-20,-1.53,2.10,,
2018-05-21,-3.05,-0.21,,
2018-05-22,0.65,1.79,,
2018-05-23,-0.40,1.88,,
2018-05-24,-0.32,1.28,,
2018-05-25,-0.40,1.24,,
2018-05-26,-1.97,1.14,,
2018-05-27,-4.32,-1.66,,
2018-05-28,-1.19,-6.77,,
2018-05-29,4.13,1.19,,
2018-05-30,2.39,3.29,,
2018-05-31,0.46,2.62,,
2018-06-01,1.25,2.81,,
2018-06-02,3.39,1.10,,
2018-06-03,4.18,0.51,,
2018-06-04,3.17,0.11,,
2018-06-05,1.55,1.45,,
2018-06-06,2.09,-0.04,,
2018-06-07,1.58,-1.64,,
2018-06-08,1.02,1.45,,
2018-06-09,1.25,0.98,,
2018-06-10,1.87,1.36,,
2018-06-11,2.37,1.48,,
2018-06-12,2.03,0.95,,
2018-06-13,1.11,1.19,,
2018-06-14,2.35,0.72,,
2018-06-15,2.39,0.55,,
2018-06-16,1.33,1.38,,
2018-06-17,-0.68,2.21,,
2018-06-18,-2.41,0.60,,
2018-06-19,-1.88,0.20,,
2018-06-20,2.02,0.90,,
2018-06-21,3.06,1.56,,
2018-06-22,4.06,1.89,,
2018-06-23,4.58,2.97,,
2018-06-24,2.86,2.49,,
2018-06-25,1.58,1.64,,
2018-06-26,-0.77,2.10,,
2018-06-27,1.56,2.14,,
2018-06-28,3.50,1.00,,
2018-06-29,2.41,-0.92,,
2018-06-30,1.85,-0.13,,
2018-07-01,1.50,-0.61,,
2018-07-02,-1.35,-1.66,,
2018-07-03,-2.77,3.18,,
2018-07-04,-2.15,-0.34,,
2018-07-05,-4.03,-0.14,,
2018-07-06,-2.34,0.37,,
2018-07-07,1.06,0.89,,
2018-07-08,-0.17,2.44,,
2018-07-09,-0.79,1.26,,
2018-07-10,1.82,-1.22,,
2018-07-11,0.62,-1.70,,
2018-07-12,-0.48,1.78,,
2018-07-13,1.15,1.84,,
2018-07-14,1.85,1.20,,
2018-07-15,1.93,0.78,,
2018-07-16,0.67,-0.86,,
2018-07-17,2.66,0.05,,
2018-07-18,2.65,-0.56,,
2018-07-19,2.49,-0.58,,
2018-07-20,1.79,-0.48,,
2018-07-21,3.48,0.80,,
2018-07-22,5.74,0.30,,
2018-07-23,2.43,-1.97,,
2018-07-24,1.38,-1.90,,
2018-07-25,0.12,-2.20,,
2018-07-26,1.36,-0.75,,
2018-07-27,1.06,0.95,,
2018-07-28,1.71,-0.83,,
2018-07-29,1.16,-1.34,,
2018-07-30,1.35,1.66,,
2018-07-31,2.09,2.24,,
2018-08-01,0.51,2.41,,
2018-08-02,-0.11,1.61,,
2018-08-03,-1.91,1.15,,
2018-08-04,-1.40,1.31,,
2018-08-05,-2.42,0.60,,
2018-08-06,-1.69,0.45,,
2018-08-07,-1.52,0.44,,
2018-08-08,-0.85,1.36,,
2018-08-09,1.43,1.65,,
2018-08-10,3.66,0.98,,
2018-08-11,3.20,-0.34,,
2018-08-12,2.40,-0.92,,
2018-08-13,1.36,-1.80,,
2018-08-14,-0.09,-1.70,,
2018-08-15,-1.29,1.09,,
2018-08-16,-0.52,2.69,,
2018-08-17,0.38,2.42,,
2018-08-18,2.07,2.22,,
2018-08-19,2.25,1.75,,
2018-08-20,2.00,2.00,,
2018-08-21,2.95,2.06,,
2018-08-22,2.76,-1.72,,
2018-08-23,-0.34,-2.79,,
2018-08-24,-1.89,-1.38,,
2018-08-25,-2.65,0.52,,
2018-08-26,-2.99,1.03,,
2018-08-27,-2.38,1.67,,
2018-08-28,-2.37,2.29,,
2018-08-29,-2.42,1.40,,
2018-08-30,-2.61,0.80,,
2018-08-31,-4.25,2.26,,
2018-09-01,-5.04,3.27,,
2018-09-02,-4.41,2.06,,
2018-09-03,-5.27,0.74,,
2018-09-04,-7.66,-1.63,,
2018-09-05,-4.17,6.67,,
2018-09-06,-2.11,1.83,,
2018-09-07,-2.73,-0.34,,
2018-09-08,-1.39,1.21,,
2018-09-09,0.71,1.96,,
2018-09-10,0.82,1.92,,
2018-09-11,-0.94,1.62,,
2018-09-12,-1.61,-1.45,,
2018-09-13,-2.01,-0.28,,
2018-09-14,0.35,-1.42,,
2018-09-15,2.33,-1.29,,
2018-09-16,2.08,-0.33,,
2018-09-17,1.23,0.86,,
2018-09-18,1.08,1.34,,
2018-09-19,1.00,0.78,,
2018-09-20,-0.47,1.45,,
2018-09-21,-2.53,0.58,,
2018-09-22,-2.51,1.76,,
2018-09-23,-2.22,1.80,,
2018-09-24,-1.91,2.94,,
2018-09-25,-1.16,2.74,,
2018-09-26,0.16,2.23,,
2018-09-27,2.08,1.75,,
2018-09-28,1.01,-0.76,,
2018-09-29,-1.22,-1.88,,
2018-09-30,-2.36,-1.20,,
2018-10-01,-3.06,-0.76,,
2018-10-02,-2.95,-1.31,,
2018-10-03,-2.91,0.10,,
2018-10-04,-2.67,-0.19,,
2018-10-05,-2.19,-0.71,,
2018-10-06,-2.85,0.66,,
2018-10-07,-3.68,0.72,,
2018-10-08,-5.70,0.50,,
2018-10-09,-7.73,-0.13,,
2018-10-10,-2.02,-7.54,,
2018-10-11,3.11,-3.22,,
2018-10-12,0.37,-3.56,,
2018-10-13,-1.41,-1.62,,
2018-10-14,-1.84,2.63,,
2018-10-15,-1.31,2.81,,
2018-10-16,-1.59,1.83,,
2018-10-17,-1.90,-1.71,,
2018-10-18,-2.16,-3.89,,
2018-10-19,-3.27,-1.46,,
2018-10-20,2.11,0.61,,
2018-10-21,-1.43,-4.97,,
2018-10-22,-3.88,-2.82,,
2018-10-23,-3.15,-1.97,,
2018-10-24,-2.91,-2.71,,
2018-10-25,-5.68,-0.20,,
2018-10-26,5.92,-0.73,,
2018-10-27,3.11,-2.61,,
2018-10-28,2.79,-0.10,,
2018-10-29,3.04,0.27,,
2018-10-30,-2.21,-0.04,,
2018-10-31,-1.37,3.76,,
2018-11-01,-0.26,7.54,,
2018-11-02,4.59,-2.55,,
2018-11-03,-1.50,-1.78,,
2018-11-04,-5.02,0.71,,
2018-11-05,-0.96,2.95,,
2018-11-06,2.44,3.62,,
2018-11-07,0.56,2.10,,
2018-11-08,1.75,1.09,,
2018-11-09,2.08,-1.74,,
2018-11-10,-0.61,-6.99,,
2018-11-11,-2.42,-2.78,,
2018-11-12,-4.25,2.87,,
2018-11-13,1.32,-4.61,,
2018-11-14,1.43,-4.98,,
2018-11-15,2.98,-4.77,,
2018-11-16,0.72,-2.10,,
2018-11-17,-0.04,-2.03,,
2018-11-18,-0.15,-1.75,,
2018-11-19,-0.14,-1.99,,
2018-11-20,1.16,-2.86,,
2018-11-21,-0.40,-3.82,,
2018-11-22,-1.33,-2.98,,
2018-11-23,-4.05,-1.01,,
2018-11-24,-3.43,-0.92,,
2018-11-25,-2.47,1.93,,
2018-11-26,4.33,-3.26,,
2018-11-27,2.56,-3.94,,
2018-11-28,0.29,-2.03,,
2018-11-29,-0.47,3.81,,
2018-11-30,-1.48,4.84,,
2018-12-01,-0.00,7.49,,
2018-12-02,3.25,2.92,,
2018-12-03,-0.49,-2.78,,
2018-12-04,0.32,-4.55,,
2018-12-05,0.84,-3.97,,
2018-12-06,-2.16,-2.32,,
2018-12-07,-2.62,-1.11,,
2018-12-08,-6.10,0.32,,
2018-12-09,6.47,-0.57,,
2018-12-10,2.89,-4.12,,
2018-12-11,1.19,-2.94,,
2018-12-12,-2.20,-1.22,,
2018-12-13,-3.85,3.01,,
2018-12-14,-0.47,5.38,,
2018-12-15,5.22,1.40,,
2018-12-16,1.76,-2.61,,
2018-12-17,1.07,-2.39,,
2018-12-18,-0.30,-1.92,,
2018-12-19,-3.10,-0.49,,
2018-12-20,2.47,2.22,,
2018-12-21,6.73,-3.88,,
2018-12-22,1.15,-2.00,,
2018-12-23,1.73,3.12,,
2018-12-24,-0.68,-3.50,,
2018-12-25,-2.79,-0.70,,
2018-12-26,-4.66,-0.16,,
2018-12-27,-7.67,3.91,,
2018-12-28,0.29,5.44,,
2018-12-29,-2.79,-2.03,,
2018-12-30,-0.76,2.64,,
2018-12-31,-2.51,6.22,,
2019-01-01,2.38,3.40,,
2019-01-02,-1.21,1.86,,
2019-01-03,-1.77,2.53,,
2019-01-04,6.08,2.58,,
2019-01-05,3.07,-2.32,,
2019-01-06,1.04,-1.67,,
2019-01-07,-0.35,1.62,,
2019-01-08,1.97,1.84,,
2019-01-09,1.58,-4.34,,
2019-01-10,0.32,-4.63,,
2019-01-11,-2.50,-2.50,,
2019-01-12,-2.35,3.24,,
2019-01-13,3.98,-1.61,,
2019-01-14,0.91,-3.64,,
2019-01-15,0.47,-2.94,,
2019-01-16,-0.20,-1.94,,
2019-01-17,0.85,1.83,,
2019-01-18,2.33,1.63,,
2019-01-19,2.23,5.81,,
2019-01-20,4.81,-5.34,,
2019-01-21,-1.57,-3.08,,
2019-01-22,-4.87,3.28,,
2019-01-23,-4.93,8.53,,
2019-01-24,3.48,-4.01,,
2019-01-25,-0.05,-3.04,,
2019-01-26,-1.41,-1.68,,
2019-01-27,-1.05,-1.62,,
2019-01-28,1.88,0.80,,
2019-01-29,3.30,-3.54,,
2019-01-30,-1.10,-3.84,,
2019-01-31,-3.60,-1.24,,
2019-02-01,-3.87,-1.41,,
2019-02-02,-3.13,-1.53,,
2019-02-03,-2.19,-0.84,,
2019-02-04,-1.65,2.27,,
2019-02-05,-1.36,2.10,,
2019-02-06,-0.84,3.37,,
2019-02-07,-0.92,3.71,,
2019-02-08,0.39,-5.54,,
2019-02-09,-2.49,-5.11,,
2019-02-10,-4.91,-0.43,,
2019-02-11,-4.18,1.95,,
2019-02-12,2.13,4.79,,
2019-02-13,0.32,-4.62,,
2019-02-14,-2.12,2.62,,
2019-02-15,1.82,2.92,,
2019-02-16,3.47,1.92,,
2019-02-17,-0.07,3.80,,
2019-02-18,-0.97,-5.48,,
2019-02-19,-6.62,-2.15,,
2019-02-20,-4.77,5.30,,
2019-02-21,-0.29,4.12,,
2019-02-22,-2.78,2.41,,
2019-02-23,-2.24,4.80,,
2019-02-24,5.67,-0.60,,
2019-02-25,-2.91,-3.73,,
2019-02-26,-3.66,-0.13,,
2019-02-27,-2.78,0.19,,
2019-02-28,1.43,2.20,,
2019-03-01,2.18,1.97,,
2019-03-02,2.18,1.58,,
2019-03-03,1.57,3.37,,
2019-03-04,0.89,-5.65,,
2019-03-05,0.80,-5.04,,
2019-03-06,-0.33,-3.82,,
2019-03-07,-2.30,-0.79,,
2019-03-08,-1.29,3.55,,
2019-03-09,-1.70,4.66,,
2019-03-10,0.13,3.69,,
2019-03-11,1.12,1.94,,
2019-03-12,-2.89,-2.51,,
2019-03-13,-4.68,3.15,,
2019-03-14,-3.64,6.57,,
2019-03-15,4.09,-1.82,,
2019-03-16,-0.65,-4.63,,
2019-03-17,-1.06,-3.96,,
2019-03-18,-1.47,-3.83,,
2019-03-19,-1.86,-3.81,,
2019-03-20,-2.78,-1.80,,
2019-03-21,3.45,-1.76,,
2019-03-22,1.76,-2.60,,
2019-03-23,-1.26,-2.27,,
2019-03-24,-1.06,1.83,,
2019-03-25,2.38,2.07,,
2019-03-26,1.73,-4.28,,
2019-03-27,-1.18,-3.87,,
2019-03-28,-2.83,-0.10,,
2019-03-29,-1.88,1.69,,
2019-03-30,-1.31,3.24,,
2019-03-31,1.81,-4.98,,
2019-04-01,-2.55,-3.27,,
2019-04-02,2.01,-2.39,,
2019-04-03,-3.36,-0.96,,
2019-04-04,-3.42,2.97,,
2019-04-05,-2.24,2.57,,
2019-04-06,-1.73,2.21,,
2019-04-07,-4.06,1.89,,
2019-04-08,-1.39,4.85,,
2019-04-09,5.07,1.85,,
2019-04-10,2.33,-1.82,,
2019-04-11,-1.38,3.25,,
2019-04-12,-2.82,3.03,,
2019-04-13,-4.58,2.97,,
2019-04-14,3.33,7.15,,
2019-04-15,2.12,-3.40,,
2019-04-16,-2.87,-0.46,,
2019-04-17,-1.34,2.24,,
2019-04-18,-3.59,4.59,,
2019-04-19,7.72,1.50,,
2019-04-20,5.42,-2.30,,
2019-04-21,1.78,-1.72,,
2019-04-22,0.88,2.08,,
2019-04-23,1.23,1.70,,
2019-04-24,-0.44,2.05,,
2019-04-25,-1.64,4.05,,
2019-04-26,2.16,-4.24,,
2019-04-27,-2.13,-2.13,,
2019-04-28,0.42,2.36,,
2019-04-29,-1.36,2.18,,
2019-04-30,-3.30,1.40,,
2019-05-01,-2.87,2.87,,
2019-05-02,-2.74,1.39,,
2019-05-03,-0.43,2.01,,
2019-05-04,1.07,3.49,,
2019-05-05,3.84,-0.34,,
2019-05-06,-0.74,-2.41,,
2019-05-07,-1.48,1.48,,
2019-05-08,-1.96,2.60,,
2019-05-09,-3.13,4.30,,
2019-05-10,-3.06,1.84,,
2019-05-11,-0.69,3.90,,
2019-05-12,3.89,4.03,,
2019-05-13,1.84,-3.19,,
2019-05-14,-0.75,-3.25,,
2019-05-15,-1.97,-1.84,,
2019-05-16,2.12,0.86,,
2019-05-17,0.28,2.26,,
2019-05-18,-2.31,2.85,,
2019-05-19,-1.97,3.87,,
2019-05-20,-0.46,2.00,,
2019-05-21,-0.86,3.45,,
2019-05-22,-1.64,3.51,,
2019-05-23,-1.95,2.01,,
2019-05-24,-1.75,1.94,,
2019-05-25,-0.07,1.87,,
2019-05-26,-0.52,2.09,,
2019-05-27,0.71,2.84,,
2019-05-28,0.88,2.89,,
2019-05-29,-0.18,2.62,,
2019-05-30,1.24,3.41,,
2019-05-31,2.11,1.77,,
2019-06-01,2.83,0.97,,
2019-06-02,1.58,1.47,,
2019-06-03,2.01,1.52,,
2019-06-04,1.70,1.70,,
2019-06-05,0.89,2.11,,
2019-06-06,-0.00,3.99,,
2019-06-07,4.08,3.42,,
2019-06-08,2.97,3.08,,
2019-06-09,2.40,0.69,,
2019-06-10,1.10,-2.26,,
2019-06-11,-0.37,-3.03,,
2019-06-12,2.93,-1.43,,
2019-06-13,2.09,-0.29,,
2019-06-14,-3.03,-0.93,,
2019-06-15,-0.74,2.59,,
2019-06-16,-0.00,2.07,,
2019-06-17,-0.70,2.62,,
2019-06-18,1.39,3.12,,
2019-06-19,3.19,2.59,,
2019-06-20,4.84,3.51,,
2019-06-21,3.34,2.80,,
2019-06-22,2.12,2.91,,
2019-06-23,1.34,3.01,,
2019-06-24,2.77,3.68,,
2019-06-25,2.73,1.64,,
2019-06-26,-1.43,-2.05,,
2019-06-27,0.41,-2.31,,
2019-06-28,-1.94,-2.58,,
2019-06-29,-2.10,1.16,,
2019-06-30,-0.93,1.83,,
2019-07-01,2.21,1.13,,
2019-07-02,3.09,0.55,,
2019-07-03,2.83,0.05,,
2019-07-04,2.38,-0.08,,
2019-07-05,2.49,-1.01,,
2019-07-06,2.08,0.29,,
2019-07-07,3.47,-0.36,,
2019-07-08,3.17,-1.09,,
2019-07-09,2.04,-1.53,,
2019-07-10,-2.78,-2.59,,
2019-07-11,-5.12,1.47,,
2019-07-12,-5.26,5.84,,
2019-07-13,-2.96,6.98,,
2019-07-14,-3.03,5.04,,
2019-07-15,-1.02,4.10,,
2019-07-16,0.05,2.68,,
2019-07-17,1.32,1.82,,
2019-07-18,1.63,1.63,,
2019-07-19,1.18,1.68,,
2019-07-20,-1.21,0.85,,
2019-07-21,-0.20,2.25,,
2019-07-22,1.73,2.06,,
2019-07-23,2.68,0.92,,
2019-07-24,-0.24,-3.37,,
2019-07-25,-2.79,-1.55,,
2019-07-26,-2.58,-0.69,,
2019-07-27,-2.43,0.60,,
2019-07-28,-2.24,-1.19,,
2019-07-29,-1.54,1.54,,
2019-07-30,1.28,1.69,,
2019-07-31,1.50,1.26,,
2019-08-01,1.84,0.98,,
2019-08-02,1.25,1.09,,
2019-08-03,1.81,-0.42,,
2019-08-04,1.32,1.96,,
2019-08-05,2.52,1.40,,
2019-08-06,2.89,0.83,,
2019-08-07,3.29,0.58,,
2019-08-08,3.51,0.43,,
2019-08-09,2.77,0.05,,
2019-08-10,2.26,-0.04,,
2019-08-11,2.39,-1.49,,
2019-08-12,2.12,-0.11,,
2019-08-13,1.51,0.03,,
2019-08-14,1.23,0.33,,
2019-08-15,0.27,-1.54,,
2019-08-16,1.68,0.86,,
2019-08-17,0.79,1.87,,
2019-08-18,1.85,1.40,,
2019-08-19,1.51,3.56,,
2019-08-20,1.00,2.37,,
2019-08-21,-1.37,1.19,,
2019-08-22,-1.37,1.81,,
2019-08-23,-0.15,1.75,,
2019-08-24,1.64,0.09,,
2019-08-25,0.10,1.95,,
2019-08-26,0.91,2.14,,
2019-08-27,2.58,2.02,,
2019-08-28,2.06,-1.67,,
2019-08-29,-1.90,-2.61,,
2019-08-30,-1.96,-1.59,,
2019-08-31,-3.05,-1.05,,
2019-09-01,-3.12,-1.26,,
2019-09-02,-2.57,-1.94,,
2019-09-03,-2.28,-1.72,,
2019-09-04,0.57,-2.28,,
2019-09-05,2.70,-1.82,,
2019-09-06,1.70,-2.26,,
2019-09-07,1.76,-1.69,,
2019-09-08,1.22,1.88,,
2019-09-09,-0.26,2.44,,
2019-09-10,-2.15,2.39,,
2019-09-11,-2.58,0.45,,
2019-09-12,-2.43,-0.93,,
2019-09-13,-2.85,-0.25,,
2019-09-14,-3.57,-0.56,,
2019-09-15,-3.72,-1.07,,
2019-09-16,-2.46,0.52,,
2019-09-17,2.05,0.44,,
2019-09-18,2.83,0.25,,
2019-09-19,-3.44,2.32,,
2019-09-20,-5.34,0.94,,
2019-09-21,-4.66,1.34,,
2019-09-22,-3.82,1.47,,
2019-09-23,-2.53,1.34,,
2019-09-24,2.59,0.27,,
2019-09-25,2.35,-0.25,,
2019-09-26,2.45,-0.04,,
2019-09-27,2.38,0.91,,
2019-09-28,-1.56,2.00,,
2019-09-29,-2.41,1.75,,
2019-09-30,-2.45,0.48,,
2019-10-01,-1.98,-0.10,,
2019-10-02,-1.99,1.10,,
2019-10-03,0.04,2.17,,
2019-10-04,0.91,1.87,,
2019-10-05,-0.81,2.12,,
2019-10-06,-4.35,0.85,,
2019-10-07,-2.56,-0.64,,
2019-10-08,-0.78,-3.37,,
2019-10-09,-2.77,-2.01,,
2019-10-10,-4.65,1.78,,
2019-10-11,-3.99,2.39,,
2019-10-12,-1.50,-1.92,,
2019-10-13,-0.89,-2.20,,
2019-10-14,-1.47,-1.53,,
2019-10-15,-1.49,2.05,,
2019-10-16,3.09,-1.78,,
2019-10-17,-0.65,-3.68,,
2019-10-18,-3.55,-3.31,,
2019-10-19,-1.84,-6.40,,
2019-10-20,-1.96,-0.83,,
2019-10-21,-0.32,3.69,,
2019-10-22,1.88,-3.70,,
2019-10-23,-1.35,-3.52,,
2019-10-24,-1.90,-2.27,,
2019-10-25,-5.47,3.03,,
2019-10-26,-2.15,7.51,,
2019-10-27,2.33,-1.57,,
2019-10-28,-0.34,-1.94,,
2019-10-29,-1.93,-1.25,,
2019-10-30,-2.60,4.49,,
2019-10-31,5.42,-0.86,,
2019-11-01,-0.58,-5.56,,
2019-11-02,0.14,-4.07,,
2019-11-03,-1.15,-3.76,,
2019-11-04,-1.38,-2.29,,
2019-11-05,-0.17,-3.26,,
2019-11-06,-2.67,-2.86,,
2019-11-07,-2.31,0.84,,
2019-11-08,-0.17,-5.01,,
2019-11-09,-1.19,-3.90,,
2019-11-10,-1.90,-1.97,,
2019-11-11,-2.40,1.22,,
2019-11-12,2.07,-6.36,,
2019-11-13,-2.24,-4.81,,
2019-11-14,-1.67,-3.57,,
2019-11-15,0.38,-5.43,,
2019-11-16,1.20,-3.94,,
2019-11-17,0.09,-2.48,,
2019-11-18,2.16,-1.62,,
2019-11-19,2.54,-0.63,,
2019-11-20,-0.99,-2.58,,
2019-11-21,-3.20,-0.17,,
2019-11-22,0.10,2.79,,
2019-11-23,2.73,3.14,,
2019-11-24,2.11,-2.35,,
2019-11-25,0.79,-1.87,,
2019-11-26,-0.56,3.57,,
2019-11-27,2.37,4.85,,
2019-11-28,-1.08,-3.15,,
2019-11-29,-1.24,-1.98,,
2019-11-30,1.09,3.01,,
2019-12-01,5.37,2.62,,
2019-12-02,4.51,-4.06,,
2019-12-03,1.62,-2.69,,
2019-12-04,2.41,-1.23,,
2019-12-05,-0.20,-2.23,,
2019-12-06,-0.94,2.11,,
2019-12-07,-1.02,-2.96,,
2019-12-08,-4.73,-0.67,,
2019-12-09,1.18,3.43,,
2019-12-10,1.47,4.03,,
2019-12-11,-2.53,-6.60,,
2019-12-12,-4.74,-3.08,,
2019-12-13,-4.55,-0.97,,
2019-12-14,1.52,-2.25,,
2019-12-15,-2.47,1.31,,
2019-12-16,-1.69,5.20,,
2019-12-17,6.47,-0.79,,
2019-12-18,0.93,-6.59,,
2019-12-19,-0.77,-3.63,,
2019-12-20,-2.73,-2.13,,
2019-12-21,-4.15,-3.74,,
2019-12-22,0.21,-6.11,,
2019-12-23,2.23,-3.30,,
2019-12-24,1.16,-3.19,,
2019-12-25,-2.63,-1.06,,
2019-12-26,-4.03,-0.71,,
2019-12-27,-3.89,-0.69,,
2019-12-28,-5.50,2.00,,
2019-12-29,-2.22,5.22,,
2019-12-30,4.60,-1.59,,
2019-12-31,2.19,-2.19,,
2020-01-01,-0.27,-2.22,,
2020-01-02,-2.25,5.56,,
2020-01-03,3.16,4.35,,
2020-01-04,3.11,-3.00,,
2020-01-05,1.18,-2.64,,
2020-01-06,2.35,0.25,,
2020-01-07,3.67,-1.64,,
2020-01-08,-1.55,-2.48,,
2020-01-09,-4.89,2.71,,
2020-01-10,-6.58,3.80,,
2020-01-11,-2.82,8.69,,
2020-01-12,-0.94,-2.59,,
2020-01-13,-1.94,1.26,,
2020-01-14,-0.95,2.94,,
2020-01-15,-0.63,2.35,,
2020-01-16,-0.32,-1.67,,
2020-01-17,-5.21,-2.32,,
2020-01-18,-4.89,3.82,,
2020-01-19,1.52,-4.97,,
2020-01-20,0.82,-5.86,,
2020-01-21,0.00,-5.44,,
2020-01-22,-2.21,-3.16,,
2020-01-23,-4.39,-0.23,,
2020-01-24,3.76,-0.53,,
2020-01-25,2.03,-2.25,,
2020-01-26,-0.41,-2.11,,
2020-01-27,-1.58,-2.85,,
2020-01-28,-2.30,-1.55,,
2020-01-29,-5.55,-0.39,,
2020-01-30,-2.89,-2.69,,
2020-01-31,-3.09,-1.93,,
2020-02-01,1.92,-3.33,,
2020-02-02,3.17,-0.17,,
2020-02-03,2.47,2.38,,
2020-02-04,-0.25,4.75,,
2020-02-05,-1.23,5.81,,
2020-02-06,4.02,6.69,,
2020-02-07,5.87,-1.91,,
2020-02-08,2.13,3.04,,
2020-02-09,-4.29,0.45,,
2020-02-10,-3.30,4.38,,
2020-02-11,1.01,4.07,,
2020-02-12,-1.69,3.80,,
2020-02-13,4.03,4.64,,
2020-02-14,-0.90,-5.68,,
2020-02-15,-3.66,-2.86,,
2020-02-16,-3.82,-0.95,,
2020-02-17,-2.56,-1.19,,
2020-02-18,-1.30,3.06,,
2020-02-19,-2.31,-0.75,,
2020-02-20,-2.03,-3.66,,
2020-02-21,-1.39,-7.16,,
2020-02-22,-2.05,-2.82,,
2020-02-23,-2.48,-1.43,,
2020-02-24,-0.70,3.97,,
2020-02-25,3.01,0.98,,
2020-02-26,2.15,-2.85,,
2020-02-27,2.83,-3.89,,
2020-02-28,3.72,-0.52,,
2020-02-29,4.00,-0.92,,
2020-03-01,0.96,3.16,,
2020-03-02,-0.49,5.62,,
2020-03-03,1.14,4.24,,
2020-03-04,0.87,3.25,,
2020-03-05,2.12,-4.99,,
2020-03-06,1.15,-4.63,,
2020-03-07,-1.19,-3.89,,
2020-03-08,-4.85,0.25,,
2020-03-09,-4.66,3.26,,
2020-03-10,-1.06,2.91,,
2020-03-11,1.80,2.00,,
2020-03-12,1.86,2.22,,
2020-03-13,0.53,3.03,,
2020-03-14,-1.47,1.81,,
2020-03-15,0.44,1.78,,
2020-03-16,-2.17,1.01,,
2020-03-17,-0.72,1.88,,
2020-03-18,-1.48,3.04,,
2020-03-19,-2.27,3.92,,
2020-03-20,-1.72,4.06,,
2020-03-21,1.27,1.89,,
2020-03-22,-2.34,-1.96,,
2020-03-23,1.48,4.06,,
2020-03-24,2.09,4.70,,
2020-03-25,4.05,2.34,,
2020-03-26,1.30,2.00,,
2020-03-27,1.32,3.43,,
2020-03-28,-0.18,5.15,,
2020-03-29,1.44,3.96,,
2020-03-30,-2.86,-1.52,,
2020-03-31,5.17,2.63,,
2020-04-01,0.70,-4.42,,
2020-04-02,-2.64,-1.92,,
2020-04-03,-0.54,-2.33,,
2020-04-04,1.88,-1.08,,
2020-04-05,2.17,0.42,,
2020-04-06,-1.43,1.71,,
2020-04-07,-0.47,2.42,,
2020-04-08,3.74,3.03,,
2020-04-09,4.49,1.20,,
2020-04-10,0.70,-4.41,,
2020-04-11,-3.92,-1.66,,
2020-04-12,-3.30,6.47,,
2020-04-13,3.90,4.04,,
2020-04-14,-1.68,-3.03,,
2020-04-15,-0.30,-5.69,,
2020-04-16,-3.22,-3.57,,
2020-04-17,-3.69,2.31,,
2020-04-18,1.52,2.35,,
2020-04-19,2.06,4.22,,
2020-04-20,5.45,0.10,,
2020-04-21,2.17,-0.66,,
2020-04-22,-3.33,0.41,,
2020-04-23,-0.71,6.79,,
2020-04-24,3.64,0.51,,
2020-04-25,2.47,2.65,,
2020-04-26,2.14,-3.87,,
2020-04-27,-1.32,-3.11,,
2020-04-28,-1.39,2.73,,
2020-04-29,1.52,4.96,,
2020-04-30,4.09,-1.82,,
2020-05-01,1.92,-1.67,,
2020-05-02,1.32,1.75,,
2020-05-03,1.21,2.28,,
2020-05-04,1.69,1.94,,
2020-05-05,2.81,1.90,,
2020-05-06,1.86,-4.00,,
2020-05-07,-0.73,-3.75,,
2020-05-08,1.65,4.53,,
2020-05-09,-1.09,-5.11,,
2020-05-10,-2.87,-2.01,,
2020-05-11,-0.58,-3.31,,
2020-05-12,-4.13,-0.95,,
2020-05-13,-3.26,2.73,,
2020-05-14,-5.36,3.48,,
2020-05-15,-4.53,3.54,,
2020-05-16,-3.26,2.12,,
2020-05-17,-0.76,3.57,,
2020-05-18,3.70,4.41,,
2020-05-19,3.86,0.89,,
2020-05-20,3.28,0.34,,
2020-05-21,1.89,1.70,,
2020-05-22,-0.47,3.38,,
2020-05-23,-1.97,2.35,,
2020-05-24,-2.90,0.72,,
2020-05-25,-4.95,1.51,,
2020-05-26,-6.06,0.96,,
2020-05-27,-2.51,1.28,,
2020-05-28,2.13,2.63,,
2020-05-29,1.31,2.02,,
2020-05-30,1.97,0.60,,
2020-05-31,0.67,-2.88,,
2020-06-01,-2.50,-2.03,,
2020-06-02,-3.97,1.68,,
2020-06-03,-1.66,1.60,,
2020-06-04,-1.15,1.91,,
2020-06-05,-1.41,2.16,,
2020-06-06,-4.52,1.21,,
2020-06-07,-10.58,3.03,,
2020-06-08,-1.26,10.22,,
2020-06-09,0.59,5.57,,
2020-06-10,1.76,3.95,,
2020-06-11,0.89,-2.93,,
2020-06-12,-0.45,-3.66,,
2020-06-13,-2.88,-2.17,,
2020-06-14,-3.01,0.21,,
2020-06-15,0.57,-2.28,,
2020-06-16,-2.90,-0.78,,
2020-06-17,-3.02,1.16,,
2020-06-18,-1.44,1.50,,
2020-06-19,0.43,2.01,,
2020-06-20,1.96,1.22,,
2020-06-21,2.40,1.88,,
2020-06-22,2.07,2.65,,
2020-06-23,3.96,2.87,,
2020-06-24,2.43,3.34,,
2020-06-25,0.84,1.65,,
2020-06-26,-1.56,1.67,,
2020-06-27,-1.10,1.90,,
2020-06-28,1.34,2.64,,
2020-06-29,1.78,2.36,,
2020-06-30,2.49,1.16,,
2020-07-01,3.17,0.79,,
2020-07-02,2.58,-0.36,,
2020-07-03,2.29,-0.24,,
2020-07-04,0.58,-1.44,,
2020-07-05,0.10,1.87,,
2020-07-06,1.55,1.67,,
2020-07-07,4.57,0.64,,
2020-07-08,3.04,-0.43,,
2020-07-09,3.25,-0.40,,
2020-07-10,3.93,-0.55,,
2020-07-11,3.02,-1.54,,
2020-07-12,2.66,-0.19,,
2020-07-13,2.93,1.18,,
2020-07-14,1.45,1.55,,
2020-07-15,1.91,1.39,,
2020-07-16,-1.47,0.89,,
2020-07-17,-2.26,0.04,,
2020-07-18,-2.31,1.18,,
2020-07-19,-2.73,0.83,,
2020-07-20,-2.54,1.08,,
2020-07-21,-2.44,1.53,,
2020-07-22,-4.06,1.48,,
2020-07-23,-6.29,2.17,,
2020-07-24,-4.85,3.53,,
2020-07-25,-3.88,2.07,,
2020-07-26,-3.20,0.28,,
2020-07-27,-2.07,1.80,,
2020-07-28,2.30,2.46,,
2020-07-29,2.69,2.34,,
2020-07-30,3.18,1.35,,
2020-07-31,3.62,1.46,,
2020-08-01,3.01,2.11,,
2020-08-02,1.55,1.35,,
2020-08-03,2.02,-0.18,,
2020-08-04,2.12,0.07,,
2020-08-05,1.31,1.74,,
2020-08-06,1.47,1.47,,
2020-08-07,1.38,1.58,,
2020-08-08,1.11,1.92,,
2020-08-09,1.05,1.62,,
2020-08-10,1.92,1.07,,
2020-08-11,2.37,0.73,,
2020-08-12,-1.30,2.17,,
2020-08-13,0.63,1.56,,
2020-08-14,1.92,0.98,,
2020-08-15,3.68,-0.32,,
2020-08-16,2.59,-0.46,,
2020-08-17,1.16,-1.65,,
2020-08-18,1.94,-0.45,,
2020-08-19,1.66,1.98,,
2020-08-20,-0.35,2.85,,
2020-08-21,0.15,2.20,,
2020-08-22,-1.01,2.93,,
2020-08-23,-3.60,1.03,,
2020-08-24,-6.16,-1.88,,
2020-08-25,-5.32,3.07,,
2020-08-26,-5.79,2.58,,
2020-08-27,-3.26,5.43,,
2020-08-28,1.21,4.23,,
2020-08-29,2.74,2.55,,
2020-08-30,2.95,1.84,,
2020-08-31,3.33,1.48,,
2020-09-01,2.32,1.95,,
2020-09-02,2.09,2.09,,
2020-09-03,1.51,1.40,,
2020-09-04,1.57,1.41,,
2020-09-05,0.16,-1.78,,
2020-09-06,-1.79,-2.76,,
2020-09-07,-2.82,-1.20,,
2020-09-08,-3.13,-0.00,,
2020-09-09,-2.93,-1.07,,
2020-09-10,-2.16,-1.75,,
2020-09-11,-3.09,-0.49,,
2020-09-12,-3.91,-0.48,,
2020-09-13,-4.24,-2.25,,
2020-09-14,-6.82,-5.53,,
2020-09-15,-12.98,-2.76,,
2020-09-16,-8.83,14.70,,
2020-09-17,4.21,-3.29,,
2020-09-18,0.49,-2.76,,
2020-09-19,-3.23,-3.71,,
2020-09-20,-6.94,-3.38,,
2020-09-21,-7.28,-2.80,,
2020-09-22,-6.35,-1.47,,
2020-09-23,-5.24,2.78,,
2020-09-24,0.11,6.41,,
2020-09-25,2.06,-1.00,,
2020-09-26,-2.47,-0.48,,
2020-09-27,0.89,2.93,,
2020-09-28,1.52,2.74,,
2020-09-29,1.12,-5.26,,
2020-09-30,1.26,-1.67,,
2020-10-01,1.85,-1.11,,
2020-10-02,-0.79,-4.05,,
2020-10-03,-1.92,-3.19,,
2020-10-04,-1.87,-2.99,,
2020-10-05,-2.22,-3.41,,
2020-10-06,-2.20,-2.72,,
2020-10-07,-3.08,-1.37,,
2020-10-08,-3.47,-0.61,,
2020-10-09,-5.10,1.37,,
2020-10-10,-1.23,8.76,,
2020-10-11,4.93,1.70,,
2020-10-12,2.87,0.25,,
2020-10-13,2.79,-1.36,,
2020-10-14,-1.20,-2.56,,
2020-10-15,0.61,2.14,,
2020-10-16,0.80,-3.75,,
2020-10-17,-2.81,-3.87,,
2020-10-18,-3.30,-1.27,,
2020-10-19,-3.52,-0.37,,
2020-10-20,-3.53,-1.15,,
2020-10-21,-3.66,-1.48,,
2020-10-22,-4.56,-0.80,,
2020-10-23,-3.91,-0.07,,
2020-10-24,-1.62,0.86,,
2020-10-25,-0.05,-2.62,,
2020-10-26,-1.69,-2.51,,
2020-10-27,-4.24,-0.22,,
2020-10-28,-5.17,4.34,,
2020-10-29,6.39,6.62,,
2020-10-30,0.97,-4.99,,
2020-10-31,-1.85,-2.96,,
2020-11-01,0.36,-3.38,,
2020-11-02,-0.89,-5.64,,
2020-11-03,-1.40,-3.15,,
2020-11-04,-2.25,-2.09,,
2020-11-05,-2.67,-1.87,,
2020-11-06,-3.09,-2.25,,
2020-11-07,-4.12,-1.58,,
2020-11-08,-5.12,-2.17,,
2020-11-09,-4.19,-2.94,,
2020-11-10,-5.01,-1.63,,
2020-11-11,-2.21,-1.73,,
2020-11-12,1.29,-3.73,,
2020-11-13,-0.48,-2.75,,
2020-11-14,-3.40,-0.85,,
2020-11-15,1.96,3.27,,
2020-11-16,-1.19,-5.13,,
2020-11-17,-0.57,-4.09,,
2020-11-18,-3.38,-3.75,,
2020-11-19,-5.15,-1.10,,
2020-11-20,-3.60,-1.53,,
2020-11-21,-2.66,-1.54,,
2020-11-22,-1.78,-1.44,,
2020-11-23,-0.34,-3.85,,
2020-11-24,-3.12,-1.26,,
2020-11-25,-1.81,5.26,,
2020-11-26,2.32,2.24,,
2020-11-27,-1.63,-0.20,,
2020-11-28,0.00,-2.83,,
2020-11-29,-4.70,1.71,,
2020-11-30,6.26,-4.07,,
2020-12-01,2.20,-3.53,,
2020-12-02,-1.73,-2.38,,
2020-12-03,-4.19,1.53,,
2020-12-04,-2.17,5.12,,
2020-12-05,0.00,-3.36,,
2020-12-06,1.44,-1.50,,
2020-12-07,2.91,-3.60,,
2020-12-08,1.70,-3.07,,
2020-12-09,3.10,-0.49,,
2020-12-10,2.65,0.28,,
2020-12-11,-1.44,2.82,,
2020-12-12,-0.35,5.07,,
2020-12-13,-2.61,0.46,,
2020-12-14,7.02,-1.75,,
2020-12-15,-1.15,-3.00,,
2020-12-16,-2.04,-3.83,,
2020-12-17,1.95,-3.99,,
2020-12-18,-1.32,-2.28,,
2020-12-19,-4.04,-1.47,,
2020-12-20,-3.98,-2.39,,
2020-12-21,2.35,-2.52,,
2020-12-22,1.02,-2.00,,
2020-12-23,-1.39,3.63,,
2020-12-24,6.51,2.76,,
2020-12-25,3.87,-3.25,,
2020-12-26,-0.04,-2.21,,
2020-12-27,-1.62,-1.26,,
2020-12-28,-1.87,1.17,,
2020-12-29,-2.84,-1.03,,
2020-12-30,-4.50,3.77,,
2020-12-31,-3.72,3.86,,
2021-01-01,0.64,6.06,,
2021-01-02,2.75,-0.53,,
2021-01-03,2.17,-3.10,,
2021-01-04,1.00,-1.48,,
2021-01-05,2.73,-1.16,,
2021-01-06,-2.56,-2.30,,
2021-01-07,-1.63,6.55,,
2021-01-08,4.54,-3.55,,
2021-01-09,1.94,-3.65,,
2021-01-10,-1.32,-2.96,,
2021-01-11,-2.43,-5.20,,
2021-01-12,1.26,-4.13,,
2021-01-13,0.54,-2.01,,
2021-01-14,3.01,0.75,,
2021-01-15,5.20,0.92,,
2021-01-16,4.94,-1.05,,
2021-01-17,2.79,-0.44,,
2021-01-18,2.65,-0.14,,
2021-01-19,-1.31,1.95,,
2021-01-20,2.17,1.64,,
2021-01-21,3.01,1.34,,
2021-01-22,3.96,0.99,,
2021-01-23,-2.76,-2.00,,
2021-01-24,-3.95,0.77,,
2021-01-25,-2.37,5.08,,
2021-01-26,2.03,3.12,,
2021-01-27,3.99,1.45,,
2021-01-28,0.44,-6.23,,
2021-01-29,-1.27,-2.86,,
2021-01-30,-1.56,2.82,,
2021-01-31,3.96,4.72,,
2021-02-01,4.23,-6.04,,
2021-02-02,2.67,-4.12,,
2021-02-03,1.07,-2.39,,
2021-02-04,-0.36,4.09,,
2021-02-05,4.34,-1.58,,
2021-02-06,-5.59,-1.82,,
2021-02-07,-0.13,-3.83,,
2021-02-08,-3.97,-0.77,,
2021-02-09,-3.25,0.46,,
2021-02-10,-2.36,-0.42,,
2021-02-11,-2.46,2.73,,
2021-02-12,-0.55,-3.12,,
2021-02-13,-0.21,-6.02,,
2021-02-14,-0.97,-5.51,,
2021-02-15,-2.29,-4.70,,
2021-02-16,2.76,-3.54,,
2021-02-17,-3.81,-2.77,,
2021-02-18,-3.10,-4.60,,
2021-02-19,1.66,-5.78,,
2021-02-20,-0.63,-3.24,,
2021-02-21,-4.18,-0.29,,
2021-02-22,3.89,0.76,,
2021-02-23,0.85,-2.62,,
2021-02-24,0.47,2.41,,
2021-02-25,0.97,1.82,,
2021-02-26,0.41,2.91,,
2021-02-27,-1.34,3.90,,
2021-02-28,-1.74,4.53,,
2021-03-01,0.18,3.42,,
2021-03-02,-3.58,-4.11,,
2021-03-03,0.00,-5.33,,
2021-03-04,0.22,-2.54,,
2021-03-05,-2.48,-1.80,,
2021-03-06,-1.72,-3.38,,
2021-03-07,-1.36,-3.75,,
2021-03-08,-2.85,-2.00,,
2021-03-09,-2.93,1.13,,
2021-03-10,-3.62,2.63,,
2021-03-11,-3.50,2.84,,
2021-03-12,-2.71,0.99,,
2021-03-13,-1.57,1.46,,
2021-03-14,-2.32,2.01,,
2021-03-15,-1.10,4.41,,
2021-03-16,0.08,4.38,,
2021-03-17,-1.13,5.33,,
2021-03-18,5.75,3.46,,
2021-03-19,2.23,-3.87,,
2021-03-20,-1.97,-3.88,,
2021-03-21,-2.37,-2.13,,
2021-03-22,-3.23,0.45,,
2021-03-23,-3.16,4.19,,
2021-03-24,-2.38,1.73,,
2021-03-25,-2.67,6.29,,
2021-03-26,1.29,4.21,,
2021-03-27,-1.68,4.62,,
2021-03-28,3.04,4.18,,
2021-03-29,-2.09,-3.78,,
2021-03-30,-2.34,2.99,,
2021-03-31,-0.14,4.09,,
2021-04-01,-0.14,-7.99,,
2021-04-02,-1.59,-4.37,,
2021-04-03,-3.42,-1.67,,
2021-04-04,-2.31,0.53,,
2021-04-05,-0.19,2.14,,
2021-04-06,-0.77,2.52,,
2021-04-07,-1.15,3.34,,
2021-04-08,1.27,5.51,,
2021-04-09,-1.24,3.24,,
2021-04-10,-0.51,5.81,,
2021-04-11,3.03,1.48,,
2021-04-12,2.13,-1.72,,
2021-04-13,-2.18,1.31,,
2021-04-14,-1.47,3.01,,
2021-04-15,-2.35,-3.11,,
2021-04-16,-2.25,-2.41,,
2021-04-17,-1.61,-1.92,,
2021-04-18,0.50,-2.83,,
2021-04-19,0.63,-3.56,,
2021-04-20,0.90,-1.94,,
2021-04-21,2.63,-3.36,,
2021-04-22,-2.89,-2.99,,
2021-04-23,-3.62,1.18,,
2021-04-24,0.46,6.64,,
2021-04-25,1.82,-3.74,,
2021-04-26,-2.74,-1.22,,
2021-04-27,-2.80,2.19,,
2021-04-28,-3.04,2.38,,
2021-04-29,-1.95,3.00,,
2021-04-30,2.15,-0.30,,
2021-05-01,-2.49,-2.33,,
2021-05-02,-1.54,3.64,,
2021-05-03,-0.00,5.59,,
2021-05-04,-0.00,4.46,,
2021-05-05,1.67,2.78,,
2021-05-06,-0.68,-2.54,,
2021-05-07,1.43,-2.48,,
2021-05-08,-3.06,-0.16,,
2021-05-09,-0.29,4.11,,
2021-05-10,1.47,3.02,,
2021-05-11,0.37,1.88,,
2021-05-12,1.64,-2.18,,
2021-05-13,-2.01,-3.62,,
2021-05-14,-2.47,-1.21,,
2021-05-15,-3.24,-0.23,,
2021-05-16,-3.67,1.34,,
2021-05-17,-3.74,3.03,,
2021-05-18,-5.49,3.99,,
2021-05-19,-8.08,3.43,,
2021-05-20,-8.09,3.27,,
2021-05-21,-7.85,2.70,,
2021-05-22,-4.69,1.00,,
2021-05-23,-2.75,0.84,,
2021-05-24,-1.20,1.60,,
2021-05-25,-1.43,1.28,,
2021-05-26,0.16,2.29,,
2021-05-27,1.31,2.57,,
2021-05-28,2.22,3.06,,
2021-05-29,2.93,-1.43,,
2021-05-30,-0.95,-3.32,,
2021-05-31,-3.26,-0.34,,
2021-06-01,-2.87,2.24,,
2021-06-02,-1.43,2.93,,
2021-06-03,1.16,2.72,,
2021-06-04,0.75,1.61,,
2021-06-05,-1.18,1.63,,
2021-06-06,-2.78,4.62,,
2021-06-07,-1.33,3.87,,
2021-06-08,-2.11,3.51,,
2021-06-09,-0.29,3.36,,
2021-06-10,1.69,3.04,,
2021-06-11,2.77,2.50,,
2021-06-12,3.49,0.49,,
2021-06-13,2.17,-0.97,,
2021-06-14,0.73,-2.54,,
2021-06-15,2.15,-0.11,,
2021-06-16,2.65,2.48,,
2021-06-17,-2.90,-1.88,,
2021-06-18,-2.62,3.61,,
2021-06-19,-0.00,9.25,,
2021-06-20,4.92,2.51,,
2021-06-21,2.44,2.52,,
2021-06-22,3.69,1.64,,
2021-06-23,0.85,2.00,,
2021-06-24,0.66,1.56,,
2021-06-25,-4.06,1.40,,
2021-06-26,-3.92,2.35,,
2021-06-27,-4.16,1.60,,
2021-06-28,-4.74,1.01,,
2021-06-29,-3.72,1.58,,
2021-06-30,-3.69,0.65,,
2021-07-01,-1.94,2.23,,
2021-07-02,2.72,1.04,,
2021-07-03,2.60,0.74,,
2021-07-04,1.64,1.64,,
2021-07-05,1.49,2.30,,
2021-07-06,-1.75,2.59,,
2021-07-07,-1.91,1.06,,
2021-07-08,1.37,1.07,,
2021-07-09,1.27,1.46,,
2021-07-10,1.14,2.14,,
2021-07-11,1.54,3.03,,
2021-07-12,-0.36,2.93,,
2021-07-13,-2.46,1.99,,
2021-07-14,-2.39,0.92,,
2021-07-15,-1.60,1.04,,
2021-07-16,-1.68,1.93,,
2021-07-17,-0.18,1.67,,
2021-07-18,0.33,1.24,,
2021-07-19,2.11,1.83,,
2021-07-20,2.42,1.57,,
2021-07-21,1.99,2.37,,
2021-07-22,3.06,0.94,,
2021-07-23,3.12,-1.01,,
2021-07-24,0.83,-1.95,,
2021-07-25,-0.61,1.09,,
2021-07-26,1.42,0.54,,
2021-07-27,1.56,0.42,,
2021-07-28,0.70,1.37,,
2021-07-29,1.71,0.43,,
2021-07-30,2.25,-0.60,,
2021-07-31,2.80,0.86,,
2021-08-01,3.17,0.73,,
2021-08-02,2.67,1.19,,
2021-08-03,1.14,-0.99,,
2021-08-04,-1.47,-0.71,,
2021-08-05,-1.61,-2.22,,
2021-08-06,-1.85,0.86,,
2021-08-07,-1.15,0.72,,
2021-08-08,1.31,1.46,,
2021-08-09,1.26,0.39,,
2021-08-10,0.68,1.01,,
2021-08-11,-1.72,0.76,,
2021-08-12,-1.97,0.45,,
2021-08-13,-1.57,-0.57,,
2021-08-14,-1.85,0.13,,
2021-08-15,-2.97,-0.10,,
2021-08-16,-3.66,-3.42,,
2021-08-17,2.70,-0.57,,
2021-08-18,-0.98,2.55,,
2021-08-19,-0.47,2.65,,
2021-08-20,1.58,1.24,,
2021-08-21,2.12,0.15,,
2021-08-22,2.73,1.22,,
2021-08-23,2.77,0.39,,
2021-08-24,1.54,0.33,,
2021-08-25,-2.19,1.42,,
2021-08-26,-3.58,1.37,,
2021-08-27,-4.62,0.73,,
2021-08-28,-4.79,-0.33,,
2021-08-29,-8.69,4.24,,
2021-08-30,-2.51,9.36,,
2021-08-31,5.85,5.85,,
2021-09-01,4.50,1.29,,
2021-09-02,2.89,0.15,,
2021-09-03,-0.72,-1.98,,
2021-09-04,-2.85,-0.00,,
2021-09-05,-1.44,1.39,,
2021-09-06,0.74,1.83,,
2021-09-07,0.42,1.96,,
2021-09-08,0.34,1.48,,
2021-09-09,2.34,-0.76,,
2021-09-10,-0.84,-2.92,,
2021-09-11,-2.26,-1.58,,
2021-09-12,-3.64,1.32,,
2021-09-13,-3.06,0.54,,
2021-09-14,-2.88,-1.05,,
2021-09-15,-3.06,3.40,,
2021-09-16,-0.98,3.92,,
2021-09-17,-0.43,3.08,,
2021-09-18,-1.47,1.88,,
2021-09-19,-1.22,1.61,,
2021-09-20,1.21,2.18,,
2021-09-21,1.41,1.18,,
2021-09-22,1.79,-3.37,,
2021-09-23,-0.60,-4.88,,
2021-09-24,-1.02,-2.97,,
2021-09-25,-0.26,-2.48,,
2021-09-26,-1.55,-2.14,,
2021-09-27,-1.32,-1.47,,
2021-09-28,-0.57,1.65,,
2021-09-29,-0.81,2.00,,
2021-09-30,-2.42,-0.47,,
2021-10-01,-3.22,0.28,,
2021-10-02,-2.97,1.14,,
2021-10-03,-1.28,2.87,,
2021-10-04,0.90,2.34,,
2021-10-05,-0.80,2.19,,
2021-10-06,-1.22,2.40,,
2021-10-07,-1.75,0.12,,
2021-10-08,-0.13,-2.52,,
2021-10-09,-0.48,-2.27,,
2021-10-10,-2.23,-0.56,,
2021-10-11,-1.19,1.91,,
2021-10-12,-1.90,1.48,,
2021-10-13,-2.88,0.51,,
2021-10-14,-2.77,0.39,,
2021-10-15,-1.09,1.68,,
2021-10-16,2.31,-3.70,,
2021-10-17,-0.70,-5.00,,
2021-10-18,-2.27,-2.81,,
2021-10-19,-3.11,-1.87,,
2021-10-20,-4.35,2.41,,
2021-10-21,-0.62,2.69,,
2021-10-22,1.82,-0.70,,
2021-10-23,-2.07,-1.45,,
2021-10-24,-3.31,0.35,,
2021-10-25,2.19,2.12,,
2021-10-26,0.84,-2.92,,
2021-10-27,-3.76,-0.20,,
2021-10-28,6.59,4.96,,
2021-10-29,7.54,-2.02,,
2021-10-30,4.33,-2.50,,
2021-10-31,1.24,-1.77,,
2021-11-01,-0.17,-1.96,,
2021-11-02,-0.09,-2.64,,
2021-11-03,-1.92,-3.19,,
2021-11-04,-0.91,-3.40,,
2021-11-05,-2.95,-4.38,,
2021-11-06,-1.35,-4.17,,
2021-11-07,0.43,-3.51,,
2021-11-08,-0.07,-2.02,,
2021-11-09,-2.03,-1.53,,
2021-11-10,-2.48,0.30,,
2021-11-11,-0.94,4.05,,
2021-11-12,-1.58,-3.11,,
2021-11-13,2.20,-3.39,,
2021-11-14,1.44,-1.98,,
2021-11-15,1.94,-1.08,,
2021-11-16,-0.24,2.24,,
2021-11-17,-1.75,2.01,,
2021-11-18,-2.85,0.55,,
2021-11-19,-1.08,-5.54,,
2021-11-20,-3.38,-2.19,,
2021-11-21,-3.46,-0.36,,
2021-11-22,2.01,-2.77,,
2021-11-23,-0.81,-4.61,,
2021-11-24,-3.84,0.20,,
2021-11-25,-3.73,-0.52,,
2021-11-26,0.88,-4.51,,
2021-11-27,-0.56,-2.44,,
2021-11-28,2.04,-1.32,,
2021-11-29,0.31,-3.50,,
2021-11-30,-0.83,-1.63,,
2021-12-01,-1.92,1.29,,
2021-12-02,2.60,0.09,,
2021-12-03,2.27,0.16,,
2021-12-04,1.94,0.31,,
2021-12-05,-1.02,2.66,,
2021-12-06,1.09,4.06,,
2021-12-07,-1.39,-2.31,,
2021-12-08,1.52,-2.09,,
2021-12-09,-2.87,0.20,,
2021-12-10,-0.08,4.61,,
2021-12-11,1.52,5.68,,
2021-12-12,-0.80,-4.52,,
2021-12-13,-2.03,-1.76,,
2021-12-14,-2.61,-0.60,,
2021-12-15,-3.73,-0.46,,
2021-12-16,-3.40,0.12,,
2021-12-17,-3.71,0.86,,
2021-12-18,-0.07,4.09,,
2021-12-19,0.75,-3.86,,
2021-12-20,-1.34,-4.12,,
2021-12-21,-0.16,-4.55,,
2021-12-22,1.94,-2.88,,
2021-12-23,-1.29,-2.07,,
2021-12-24,0.39,3.20,,
2021-12-25,1.58,3.90,,
2021-12-26,2.54,2.13,,
2021-12-27,1.52,3.76,,
2021-12-28,0.41,4.71,,
2021-12-29,0.79,5.60,,
2021-12-30,3.02,4.00,,
2021-12-31,1.89,3.55,,
2022-01-01,1.19,6.76,0.088,0.067
2022-01-02,4.36,6.00,0.143,0.082
2022-01-03,3.64,-5.20,0.121,-0.132
2022-01-04,-1.65,-2.75,0.039,-0.239
2022-01-05,-2.15,-0.42,0.112,-0.231
2022-01-06,0.73,3.44,0.111,-0.078
2022-01-07,-0.68,-4.85,0.021,-0.130
2022-01-08,-4.12,-1.75,-0.098,-0.122
2022-01-09,-3.20,4.75,-0.084,0.005
2022-01-10,0.97,-5.50,0.060,-0.129
2022-01-11,-1.21,-4.86,-0.009,-0.100
2022-01-12,-0.94,-2.72,-0.043,-0.115
2022-01-13,2.66,-1.13,0.085,-0.133
2022-01-14,1.62,-2.50,0.090,-0.082
2022-01-15,-2.18,2.18,0.045,-0.035
2022-01-16,7.89,-1.68,0.213,0.050
2022-01-17,4.29,-2.58,0.158,-0.032
2022-01-18,-1.55,-1.66,0.076,-0.190
2022-01-19,-1.82,3.73,0.011,-0.057
2022-01-20,-2.80,4.66,-0.020,-0.125
2022-01-21,-0.65,-6.21,0.002,-0.110
2022-01-22,-0.66,-4.69,-0.015,-0.109
2022-01-23,1.32,-2.71,0.050,-0.115
2022-01-24,2.13,-0.45,0.088,-0.108
2022-01-25,-2.16,-3.20,-0.013,-0.112
2022-01-26,-1.36,-5.09,-0.075,-0.151
2022-01-27,-1.96,-3.01,-0.023,-0.123
2022-01-28,2.53,-3.12,0.060,-0.141
2022-01-29,2.20,-4.31,0.116,-0.024
2022-01-30,4.29,0.83,0.174,-0.013
2022-01-31,3.15,0.79,0.156,-0.107
2022-02-01,-5.19,2.65,-0.069,-0.031
2022-02-02,-6.84,4.97,-0.172,0.031
2022-02-03,-0.84,6.88,-0.043,0.091
2022-02-04,3.96,-4.25,0.043,-0.053
2022-02-05,0.11,-6.20,0.021,-0.106
2022-02-06,-1.16,-2.49,0.024,-0.098
2022-02-07,0.60,-2.25,0.054,-0.108
2022-02-08,0.09,-2.63,0.057,-0.107
2022-02-09,1.76,-1.37,0.071,-0.106
2022-02-10,2.29,0.00,0.116,-0.148
2022-02-11,-1.50,1.79,0.090,-0.145
2022-02-12,-2.47,-0.80,-0.010,-0.141
2022-02-13,1.81,-4.96,0.037,-0.129
2022-02-14,1.91,-1.15,0.103,-0.138
2022-02-15,-3.04,-1.17,0.060,-0.145
2022-02-16,-4.52,2.82,-0.128,-0.018
2022-02-17,-4.17,5.96,-0.108,0.025
2022-02-18,4.73,-3.19,0.071,-0.091
2022-02-19,-0.68,-4.82,0.023,-0.134
2022-02-20,-3.53,-1.64,-0.047,-0.077
2022-02-21,-2.78,1.81,-0.039,-0.043
2022-02-22,-2.71,4.33,-0.058,0.007
2022-02-23,-2.02,2.89,-0.033,-0.083
2022-02-24,-1.50,3.08,0.036,-0.082
2022-02-25,0.44,4.19,0.065,-0.115
2022-02-26,-0.94,-3.51,0.046,-0.137
2022-02-27,0.11,-2.16,0.104,-0.175
2022-02-28,0.68,-4.81,0.047,-0.138
2022-03-01,0.44,-3.13,0.042,-0.175
2022-03-02,1.70,-1.53,0.114,-0.154
2022-03-03,2.24,-0.04,0.136,-0.195
2022-03-04,1.65,-1.24,0.100,-0.224
2022-03-05,-2.88,2.60,-0.022,-0.120
2022-03-06,-3.27,3.27,-0.092,-0.014
2022-03-07,-0.58,4.76,-0.018,-0.002
2022-03-08,-2.13,-1.98,-0.031,-0.153
2022-03-09,4.88,-1.04,0.033,-0.062
2022-03-10,-1.26,-2.97,-0.023,-0.149
2022-03-11,-2.35,1.00,-0.041,-0.104
2022-03-12,3.02,-6.78,0.077,-0.072
2022-03-13,-2.25,-3.33,0.013,-0.064
2022-03-14,-4.16,0.07,-0.041,-0.064
2022-03-15,-4.95,2.31,-0.112,-0.048
2022-03-16,2.95,0.90,0.113,-0.198
2022-03-17,1.65,1.59,0.149,-0.206
2022-03-18,1.51,6.04,0.113,0.077
2022-03-19,4.23,-1.21,0.098,-0.167
2022-03-20,-0.80,-2.80,0.073,-0.178
2022-03-21,-4.23,0.22,0.037,-0.147
2022-03-22,-5.31,5.69,-0.125,0.047
2022-03-23,4.21,4.67,0.103,0.021
2022-03-24,3.70,-1.06,0.133,-0.136
2022-03-25,4.95,0.35,0.193,-0.046
2022-03-26,2.74,-2.30,0.181,-0.236
2022-03-27,2.73,1.27,0.210,-0.260
2022-03-28,4.31,0.53,0.193,-0.213
2022-03-29,0.13,3.82,0.123,-0.191
2022-03-30,-3.16,7.09,-0.047,0.046
2022-03-31,3.29,4.87,0.054,-0.067
2022-04-01,1.85,-2.37,0.104,-0.219
2022-04-02,-1.83,-1.65,0.061,-0.160
2022-04-03,-1.05,-2.16,0.080,-0.189
2022-04-04,-2.79,0.85,0.096,-0.197
2022-04-05,0.92,6.53,0.085,0.056
2022-04-06,2.61,4.90,0.103,-0.070
2022-04-07,4.95,-3.21,0.137,-0.150
2022-04-08,5.80,-1.02,0.198,-0.048
2022-04-09,2.97,-2.68,0.160,-0.324
2022-04-10,1.65,3.23,0.212,-0.240
2022-04-11,-1.53,4.45,0.016,-0.093
2022-04-12,-3.68,4.70,-0.110,-0.034
2022-04-13,-3.93,4.69,-0.089,0.016
2022-04-14,-0.20,3.79,0.001,-0.112
2022-04-15,-3.75,-0.73,-0.024,-0.152
2022-04-16,0.23,2.67,0.046,-0.141
2022-04-17,-0.46,1.51,0.017,-0.142
2022-04-18,3.64,-2.27,0.130,-0.173
2022-04-19,-1.74,-3.92,0.006,-0.098
2022-04-20,-5.08,1.27,-0.066,-0.079
2022-04-21,-5.18,2.99,-0.145,-0.015
2022-04-22,-3.61,0.83,-0.044,-0.064
2022-04-23,-4.49,2.09,-0.075,-0.032
2022-04-24,-4.55,2.96,-0.115,-0.023
2022-04-25,-2.74,1.99,-0.056,-0.078
2022-04-26,-1.84,-0.78,0.009,-0.154
2022-04-27,-0.55,-3.50,0.026,-0.165
2022-04-28,-2.71,-2.04,0.025,-0.139
2022-04-29,-3.86,2.23,-0.094,-0.069
2022-04-30,-3.03,3.75,-0.070,-0.035
2022-05-01,-0.30,3.46,0.038,-0.122
2022-05-02,-0.29,2.80,0.097,-0.193
2022-05-03,-0.37,3.48,0.115,-0.149
2022-05-04,-0.25,2.41,0.167,-0.205
2022-05-05,0.37,3.02,0.156,-0.171
2022-05-06,4.06,3.41,0.170,-0.114
2022-05-07,3.52,-0.75,0.192,-0.273
2022-05-08,-2.56,-1.80,0.133,-0.255
2022-05-09,-3.88,1.65,0.025,-0.209
2022-05-10,-3.25,1.66,-0.046,-0.130
2022-05-11,-2.11,1.37,0.083,-0.273
2022-05-12,1.93,1.62,0.133,-0.264
2022-05-13,1.73,1.62,0.109,-0.228
2022-05-14,-0.63,2.06,0.063,-0.198
2022-05-15,1.10,1.76,0.125,-0.252
2022-05-16,2.13,1.23,0.162,-0.261
2022-05-17,1.34,2.23,0.157,-0.223
2022-05-18,2.45,2.21,0.212,-0.210
2022-05-19,2.74,3.05,0.194,-0.202
2022-05-20,-0.00,5.00,0.103,-0.061
2022-05-21,-2.15,4.82,-0.024,-0.022
2022-05-22,-1.82,3.03,-0.012,-0.126
2022-05-23,-0.12,3.46,0.019,-0.164
2022-05-24,-2.83,3.62,0.007,-0.076
2022-05-25,-2.71,5.56,-0.067,-0.014
2022-05-26,-0.00,5.84,0.005,0.027
2022-05-27,3.84,1.55,0.173,-0.193
2022-05-28,-2.20,-1.54,0.092,-0.213
2022-05-29,-1.12,2.51,0.117,-0.200
2022-05-30,-2.71,3.23,0.031,-0.085
2022-05-31,-2.68,2.17,0.009,-0.144
2022-06-01,-1.91,0.34,0.075,-0.229
2022-06-02,1.42,0.72,0.167,-0.298
2022-06-03,2.01,-0.98,0.161,-0.273
2022-06-04,-0.87,-2.52,0.041,-0.249
2022-06-05,-2.04,-0.58,0.091,-0.279
2022-06-06,-0.67,2.51,0.125,-0.213
2022-06-07,0.96,2.79,0.175,-0.200
2022-06-08,1.97,2.52,0.201,-0.199
2022-06-09,3.77,1.45,0.203,-0.230
2022-06-10,2.67,0.67,0.214,-0.294
2022-06-11,2.76,0.64,0.201,-0.284
2022-06-12,2.68,0.38,0.207,-0.290
2022-06-13,2.87,2.24,0.201,-0.219
2022-06-14,2.45,1.91,0.220,-0.229
2022-06-15,1.67,1.13,0.191,-0.271
2022-06-16,0.21,2.01,0.175,-0.275
2022-06-17,1.33,0.36,0.120,-0.299
2022-06-18,1.90,-2.11,0.146,-0.344
2022-06-19,-0.86,-3.00,0.103,-0.224
2022-06-20,-3.32,0.77,-0.028,-0.189
2022-06-21,-1.85,1.67,-0.001,-0.146
2022-06-22,2.63,-0.09,0.142,-0.234
2022-06-23,2.99,-0.26,0.166,-0.229
2022-06-24,1.65,-0.23,0.134,-0.260
2022-06-25,0.37,1.90,0.153,-0.237
2022-06-26,-1.99,1.10,0.032,-0.182
2022-06-27,-2.05,0.07,0.032,-0.195
2022-06-28,-2.61,-0.75,0.041,-0.242
2022-06-29,-2.44,1.91,-0.052,-0.141
2022-06-30,-3.03,2.05,-0.046,-0.044
2022-07-01,-0.68,2.36,0.041,-0.105
2022-07-02,0.44,1.90,0.089,-0.168
2022-07-03,0.49,1.49,0.089,-0.192
2022-07-04,0.33,1.57,0.119,-0.199
2022-07-05,0.98,1.51,0.133,-0.217
2022-07-06,1.66,1.34,0.144,-0.261
2022-07-07,1.97,1.09,0.195,-0.275
2022-07-08,1.89,1.53,0.176,-0.289
2022-07-09,2.35,1.52,0.189,-0.252
2022-07-10,3.20,1.29,0.237,-0.239
2022-07-11,1.85,1.11,0.214,-0.284
2022-07-12,-1.73,1.12,0.106,-0.224
2022-07-13,1.29,1.78,0.124,-0.179
2022-07-14,2.06,1.39,0.174,-0.186
2022-07-15,-0.03,1.70,0.103,-0.223
2022-07-16,-0.74,2.16,0.064,-0.180
2022-07-17,-1.76,1.43,0.010,-0.153
2022-07-18,1.28,2.23,0.056,-0.182
2022-07-19,2.92,2.28,0.160,-0.183
2022-07-20,3.70,2.31,0.173,-0.133
2022-07-21,3.65,2.65,0.164,-0.104
2022-07-22,2.31,2.23,0.152,-0.193
2022-07-23,0.04,2.25,0.132,-0.220
2022-07-24,-1.69,1.81,0.066,-0.202
2022-07-25,-1.06,1.63,0.069,-0.191
2022-07-26,-1.03,1.93,0.095,-0.205
2022-07-27,-1.25,2.08,0.047,-0.167
2022-07-28,-0.09,2.45,0.061,-0.171
2022-07-29,1.91,1.66,0.155,-0.182
2022-07-30,1.54,1.04,0.158,-0.241
2022-07-31,-0.99,2.13,0.105,-0.183
2022-08-01,0.63,2.36,0.094,-0.176
2022-08-02,1.71,1.43,0.150,-0.240
2022-08-03,0.11,1.63,0.159,-0.238
2022-08-04,-0.46,2.35,0.104,-0.158
2022-08-05,-1.91,2.54,0.025,-0.140
2022-08-06,-2.41,1.95,-0.009,-0.144
2022-08-07,-2.08,0.48,-0.013,-0.162
2022-08-08,-1.99,-0.10,-0.008,-0.174
2022-08-09,-2.11,0.69,0.001,-0.150
2022-08-10,-1.13,2.43,0.010,-0.110
2022-08-11,-0.13,2.50,0.022,-0.130
2022-08-12,2.39,1.87,0.105,-0.073
2022-08-13,2.02,0.39,0.138,-0.158
2022-08-14,1.26,-0.82,0.112,-0.231
2022-08-15,1.17,0.82,0.107,-0.235
2022-08-16,2.58,-0.69,0.146,-0.243
2022-08-17,1.69,-1.27,0.154,-0.265
2022-08-18,0.69,-1.35,0.126,-0.282
2022-08-19,1.61,1.40,0.139,-0.245
2022-08-20,0.92,2.07,0.125,-0.213
2022-08-21,0.91,1.45,0.111,-0.221
2022-08-22,-1.90,-0.17,0.058,-0.190
2022-08-23,-1.95,-0.56,-0.007,-0.176
2022-08-24,-2.01,1.62,-0.031,-0.058
2022-08-25,-1.16,2.49,-0.021,-0.052
2022-08-26,-0.78,0.87,0.014,-0.157
2022-08-27,1.23,-0.02,0.059,-0.185
2022-08-28,-1.90,-0.62,0.044,-0.158
2022-08-29,-1.71,-0.62,0.001,-0.146
2022-08-30,0.58,-1.88,0.035,-0.196
2022-08-31,-0.76,-2.66,0.022,-0.189
2022-09-01,-1.44,-1.84,0.014,-0.161
2022-09-02,-1.79,-0.09,-0.004,-0.152
2022-09-03,-0.25,2.42,0.044,-0.113
2022-09-04,0.91,1.29,0.035,-0.184
2022-09-05,1.70,0.27,0.109,-0.208
2022-09-06,1.91,0.10,0.123,-0.217
2022-09-07,0.45,-2.13,0.113,-0.205
2022-09-08,0.91,-1.79,0.111,-0.201
2022-09-09,-2.51,-0.22,0.008,-0.179
2022-09-10,-2.16,-0.46,-0.035,-0.172
2022-09-11,-0.80,2.20,-0.010,-0.114
2022-09-12,1.98,-0.39,0.114,-0.148
2022-09-13,-0.95,-2.60,0.048,-0.159
2022-09-14,-1.85,-2.37,0.003,-0.141
2022-09-15,-2.43,-1.90,-0.028,-0.119
2022-09-16,-3.54,-0.75,-0.062,-0.064
2022-09-17,-3.58,0.06,-0.079,-0.028
2022-09-18,-2.39,-0.25,-0.020,-0.089
2022-09-19,-0.62,-2.17,0.040,-0.139
2022-09-20,-1.65,-2.20,-0.004,-0.151
2022-09-21,-1.52,-1.87,0.016,-0.195
2022-09-22,2.25,0.12,0.069,-0.225
2022-09-23,0.16,-3.00,0.085,-0.160
2022-09-24,-2.69,-1.20,-0.031,-0.161
2022-09-25,-0.66,1.82,0.003,-0.172
2022-09-26,2.15,-0.04,0.114,-0.228
2022-09-27,-1.29,-4.50,-0.011,-0.170
2022-09-28,-2.26,-6.20,-0.093,-0.141
2022-09-29,-1.23,-5.81,0.013,-0.091
2022-09-30,-0.68,-3.85,0.037,-0.069
2022-10-01,1.01,-3.29,0.078,-0.090
2022-10-02,0.56,-2.89,0.005,-0.112
2022-10-03,-1.46,-2.98,-0.015,-0.102
2022-10-04,-3.61,-0.83,-0.085,-0.084
2022-10-05,0.39,-2.21,-0.013,-0.084
2022-10-06,1.97,-1.13,0.040,-0.122
2022-10-07,2.10,-0.77,0.046,-0.158
2022-10-08,-0.37,-3.48,0.021,-0.197
2022-10-09,-1.29,-3.96,-0.006,-0.125
2022-10-10,-1.24,-3.61,-0.008,-0.125
2022-10-11,-3.30,-1.83,-0.062,-0.097
2022-10-12,-0.79,2.94,-0.052,-0.032
2022-10-13,2.19,0.98,0.055,-0.124
2022-10-14,-2.19,-2.19,0.035,-0.133
2022-10-15,-2.62,-0.37,0.037,-0.181
2022-10-16,-2.51,0.26,0.012,-0.152
2022-10-17,2.72,-0.24,0.074,-0.206
2022-10-18,0.96,-5.45,0.045,-0.130
2022-10-19,-0.08,-4.46,0.059,-0.072
2022-10-20,1.27,-1.96,0.076,-0.121
2022-10-21,-0.29,-2.34,0.100,-0.103
2022-10-22,-2.52,1.51,0.061,-0.068
2022-10-23,-2.96,0.91,-0.022,-0.069
2022-10-24,-3.52,1.42,-0.068,-0.013
2022-10-25,-0.77,5.50,-0.010,0.047
2022-10-26,1.84,-3.45,0.069,-0.084
2022-10-27,-1.10,-2.86,0.010,-0.098
2022-10-28,-3.39,-1.30,-0.049,-0.097
2022-10-29,-5.32,1.94,-0.140,-0.008
2022-10-30,-0.90,5.67,-0.066,0.016
2022-10-31,1.96,-0.67,0.086,-0.119
2022-11-01,-0.83,-2.16,0.058,-0.098
2022-11-02,-1.61,-2.06,0.033,-0.120
2022-11-03,-2.40,-1.33,0.007,-0.138
2022-11-04,-4.28,0.91,-0.073,-0.060
2022-11-05,-2.91,3.60,-0.041,-0.029
2022-11-06,-2.63,1.71,-0.015,-0.143
2022-11-07,-2.77,-0.64,-0.046,-0.133
2022-11-08,-2.16,-2.01,-0.027,-0.139
2022-11-09,-3.63,-2.74,-0.095,-0.115
2022-11-10,-1.32,-4.59,-0.037,-0.093
2022-11-11,4.47,-1.99,0.135,0.024
2022-11-12,3.45,-0.48,0.135,-0.075
2022-11-13,0.11,-6.20,-0.002,-0.114
2022-11-14,-3.04,-2.83,-0.077,-0.085
2022-11-15,-4.11,4.73,-0.083,-0.022
2022-11-16,0.69,-5.61,0.002,-0.111
2022-11-17,0.87,-4.10,0.055,-0.070
2022-11-18,-1.02,-3.81,-0.021,-0.063
2022-11-19,-1.70,-3.34,-0.070,-0.092
2022-11-20,-1.64,-4.29,-0.084,-0.098
2022-11-21,-1.87,-3.51,-0.089,-0.094
2022-11-22,-1.65,-2.86,-0.080,-0.086
2022-11-23,-2.38,-2.00,-0.073,-0.060
2022-11-24,-4.16,-0.66,-0.114,-0.032
2022-11-25,-0.49,4.63,-0.060,-0.011
2022-11-26,-3.98,-0.49,-0.100,-0.038
2022-11-27,4.78,4.30,0.085,0.064
2022-11-28,2.94,0.95,0.083,0.034
2022-11-29,-1.65,2.45,-0.029,0.054
2022-11-30,5.79,2.34,0.008,0.011
2022-12-01,-2.29,-4.70,-0.099,-0.115
2022-12-02,-4.34,-0.15,-0.127,-0.022
2022-12-03,-1.69,3.31,-0.094,0.025
2022-12-04,0.74,-1.75,-0.054,-0.047
2022-12-05,0.83,1.71,-0.019,-0.055
2022-12-06,0.21,2.98,-0.042,0.012
2022-12-07,0.67,1.85,-0.035,-0.029
2022-12-08,1.46,0.59,-0.003,-0.058
2022-12-09,2.48,-0.04,0.067,-0.043
2022-12-10,1.77,-0.09,0.068,-0.077
2022-12-11,-1.22,1.26,0.029,-0.090
2022-12-12,-1.08,-1.79,-0.016,-0.117
2022-12-13,-4.48,1.03,-0.141,-0.056
2022-12-14,-2.63,6.52,-0.114,0.047
2022-12-15,5.63,-1.20,0.075,0.001
2022-12-16,1.49,-1.98,0.068,-0.010
2022-12-17,0.99,-2.87,0.051,-0.062
2022-12-18,0.34,-3.86,0.034,-0.058
2022-12-19,-2.50,-3.09,-0.071,-0.063
2022-12-20,-4.84,-3.27,-0.172,-0.070
2022-12-21,-2.96,-4.39,-0.140,-0.120
2022-12-22,-2.16,-2.01,-0.106,-0.050
2022-12-23,3.64,-5.20,0.070,-0.054
2022-12-24,2.04,-4.80,0.084,-0.012
2022-12-25,1.50,-3.08,0.064,-0.006
2022-12-26,0.17,-1.94,0.023,-0.010
2022-12-27,-0.99,-1.79,-0.023,-0.075
2022-12-28,-4.00,-0.71,-0.086,-0.068
2022-12-29,-4.39,2.96,-0.161,-0.002
2022-12-30,-5.08,3.83,-0.136,0.002
2022-12-31,2.76,0.90,-0.053,-0.020
2023-01-01,1.03,2.11,0.055,-0.015
2023-01-02,-1.87,3.23,-0.006,0.068
2023-01-03,-0.67,6.35,-0.035,0.088
2023-01-04,3.90,2.94,0.073,0.044
2023-01-05,3.12,-0.90,0.109,-0.035
2023-01-06,1.01,-1.83,0.086,-0.082
2023-01-07,-1.73,1.61,0.067,-0.100
2023-01-08,0.49,2.32,0.077,-0.111
2023-01-09,0.51,-2.91,0.058,-0.162
2023-01-10,0.10,-1.87,0.053,-0.128
2023-01-11,2.85,2.57,0.129,-0.066
2023-01-12,4.15,4.94,0.142,0.077
2023-01-13,3.44,-5.11,0.096,-0.033
2023-01-14,1.87,-4.19,0.102,-0.086
2023-01-15,-0.87,-2.16,0.056,-0.156
2023-01-16,-1.57,3.07,0.090,-0.090
2023-01-17,2.13,4.19,0.087,-0.039
2023-01-18,-0.06,3.67,0.069,-0.071
2023-01-19,2.73,3.90,0.071,-0.054
2023-01-20,0.66,-2.86,0.072,-0.148
2023-01-21,-3.34,-2.90,-0.037,-0.092
2023-01-22,3.50,4.48,-0.017,-0.007
2023-01-23,1.52,-3.42,0.072,-0.099
2023-01-24,-5.13,-0.81,-0.086,-0.042
2023-01-25,3.89,5.99,0.024,0.046
2023-01-26,3.14,-2.73,0.118,-0.045
2023-01-27,0.00,-2.78,0.073,-0.089
2023-01-28,-3.53,0.75,0.025,-0.095
2023-01-29,-1.99,3.44,-0.064,-0.027
2023-01-30,2.74,1.34,0.081,-0.140
2023-01-31,0.66,1.36,0.091,-0.205
2023-02-01,-0.07,-2.07,0.089,-0.226
2023-02-02,-1.87,-1.81,0.093,-0.184
2023-02-03,-0.10,-6.00,0.033,-0.151
2023-02-04,-3.04,-3.88,-0.036,-0.079
2023-02-05,-2.19,-1.32,-0.063,-0.067
2023-02-06,-2.04,-2.11,-0.005,-0.138
2023-02-07,-3.92,1.58,-0.042,-0.039
2023-02-08,-3.32,3.44,-0.081,-0.018
2023-02-09,-1.69,4.18,-0.017,-0.049
2023-02-10,-0.42,-3.99,0.008,-0.185
2023-02-11,-1.70,-4.20,-0.009,-0.128
2023-02-12,6.74,-2.86,0.221,0.014
2023-02-13,2.41,-1.28,0.147,-0.130
2023-02-14,-0.21,3.96,0.144,-0.094
2023-02-15,-1.82,4.74,0.014,0.023
2023-02-16,-2.53,5.42,-0.040,0.032
2023-02-17,6.95,-1.23,0.072,0.005
2023-02-18,-1.68,-4.38,0.018,-0.082
2023-02-19,0.76,-1.97,0.076,-0.172
2023-02-20,3.46,1.54,0.181,-0.119
2023-02-21,4.92,3.32,0.186,-0.044
2023-02-22,0.30,5.75,0.080,0.008
2023-02-23,0.28,5.43,0.025,-0.015
2023-02-24,0.67,2.88,0.116,-0.164
2023-02-25,1.05,2.06,0.140,-0.230
2023-02-26,2.95,1.50,0.193,-0.270
2023-02-27,3.08,5.33,0.159,-0.019
2023-02-28,5.02,2.56,0.196,-0.122
2023-03-01,2.13,4.58,0.154,-0.143
2023-03-02,1.10,4.76,0.102,-0.117
2023-03-03,1.92,9.02,0.084,0.140
2023-03-04,3.01,-1.04,0.077,-0.233
2023-03-05,-2.04,-2.35,0.061,-0.199
2023-03-06,0.31,1.93,0.110,-0.217
2023-03-07,3.08,1.64,0.192,-0.170
2023-03-08,-3.20,-0.34,0.103,-0.209
2023-03-09,-0.64,3.03,0.008,-0.120
2023-03-10,3.64,0.77,0.086,-0.203
2023-03-11,-2.53,-1.40,0.046,-0.152
2023-03-12,4.36,4.67,0.138,0.037
2023-03-13,0.38,-5.39,0.024,-0.209
2023-03-14,-0.49,-4.61,0.011,-0.170
2023-03-15,-2.02,-3.23,-0.007,-0.150
2023-03-16,-1.32,3.64,0.018,-0.083
2023-03-17,1.85,5.36,0.024,-0.047
2023-03-18,0.45,-6.45,-0.014,-0.144
2023-03-19,1.37,-5.12,0.080,-0.083
2023-03-20,-0.14,-3.99,0.048,-0.135
2023-03-21,-4.00,-1.00,-0.046,-0.113
2023-03-22,-1.91,1.78,0.008,-0.116
2023-03-23,-0.96,3.13,0.033,-0.183
2023-03-24,-1.34,3.89,0.027,-0.118
2023-03-25,2.23,5.26,0.108,-0.067
2023-03-26,1.23,4.60,0.126,-0.060
2023-03-27,2.83,3.76,0.115,-0.055
2023-03-28,2.59,0.55,0.145,-0.174
2023-03-29,-1.47,-4.25,0.013,-0.160
2023-03-30,-3.26,-0.46,-0.042,-0.108
2023-03-31,-2.56,4.62,-0.066,0.012
2023-04-01,3.39,3.76,0.082,-0.061
2023-04-02,-1.93,-2.39,0.084,-0.172
2023-04-03,1.12,5.29,0.106,-0.001
2023-04-04,-0.82,4.66,0.078,-0.038
2023-04-05,-2.85,4.39,0.017,0.003
2023-04-06,-2.98,1.79,0.002,-0.119
2023-04-07,-2.36,1.20,0.002,-0.159
2023-04-08,-0.31,1.96,0.051,-0.179
2023-04-09,-3.44,-4.25,-0.062,-0.108
2023-04-10,-4.88,-2.49,-0.136,-0.085
2023-04-11,-5.27,-2.02,-0.149,-0.052
2023-04-12,-4.55,-2.32,-0.141,-0.104
2023-04-13,4.44,5.89,-0.014,-0.040
2023-04-14,3.07,1.70,0.157,-0.030
2023-04-15,-1.19,2.94,0.100,-0.084
2023-04-16,4.58,-0.40,0.137,-0.091
2023-04-17,1.91,-3.18,0.128,-0.199
2023-04-18,-1.64,-1.89,0.145,-0.215
2023-04-19,-2.91,0.67,0.120,-0.222
2023-04-20,-3.06,1.99,0.010,-0.171
2023-04-21,-1.37,2.94,0.008,-0.142
2023-04-22,0.40,-3.85,0.024,-0.262
2023-04-23,-2.99,-2.17,0.008,-0.175
2023-04-24,-2.16,-3.60,-0.021,-0.181
2023-04-25,-2.99,-1.80,-0.050,-0.146
2023-04-26,-2.65,1.02,-0.020,-0.143
2023-04-27,-1.28,4.47,-0.010,-0.018
2023-04-28,3.48,2.35,0.086,-0.103
2023-04-29,-1.04,2.86,0.086,-0.151
2023-04-30,5.64,-1.62,0.159,-0.035
2023-05-01,4.07,0.14,0.203,-0.154
2023-05-02,3.22,0.17,0.191,-0.239
2023-05-03,2.82,0.35,0.181,-0.296
2023-05-04,-2.80,1.24,0.091,-0.225
2023-05-05,-2.24,2.24,0.058,-0.185
2023-05-06,-2.71,1.90,-0.035,-0.106
2023-05-07,-2.50,2.41,-0.011,-0.139
2023-05-08,-0.06,3.33,0.020,-0.140
2023-05-09,0.08,2.24,0.070,-0.195
2023-05-10,-0.72,1.97,0.108,-0.165
2023-05-11,-2.52,2.52,0.054,-0.088
2023-05-12,-3.26,1.00,-0.068,-0.093
2023-05-13,-3.29,1.82,-0.094,-0.087
2023-05-14,0.67,1.65,0.008,-0.147
2023-05-15,1.50,-2.15,0.088,-0.223
2023-05-16,1.55,1.35,0.119,-0.242
2023-05-17,2.40,1.12,0.199,-0.256
2023-05-18,-0.98,1.84,0.172,-0.258
2023-05-19,-1.48,2.03,0.123,-0.218
2023-05-20,0.03,1.97,0.174,-0.259
2023-05-21,1.87,-1.41,0.177,-0.272
2023-05-22,2.02,-1.47,0.158,-0.317
2023-05-23,-1.95,-1.53,0.096,-0.297
2023-05-24,-2.81,-1.62,-0.068,-0.186
2023-05-25,-3.29,-1.98,-0.042,-0.137
2023-05-26,-2.58,-2.01,0.009,-0.151
2023-05-27,-3.97,-0.84,-0.052,-0.088
2023-05-28,-2.51,1.57,0.064,-0.096
2023-05-29,2.81,0.20,0.172,-0.188
2023-05-30,-0.31,2.53,0.128,-0.189
2023-05-31,-2.11,1.32,0.068,-0.225
2023-06-01,-4.16,-0.66,-0.121,-0.173
2023-06-02,-3.03,-1.04,-0.038,-0.122
2023-06-03,-2.37,-0.91,0.093,-0.187
2023-06-04,-1.18,-2.33,0.112,-0.223
2023-06-05,-2.33,1.89,0.037,-0.135
2023-06-06,-2.06,1.39,0.034,-0.149
2023-06-07,1.02,1.84,0.084,-0.240
2023-06-08,2.62,1.17,0.148,-0.223
2023-06-09,2.77,0.74,0.140,-0.209
2023-06-10,1.55,1.66,0.141,-0.223
2023-06-11,2.46,2.73,0.166,-0.171
2023-06-12,3.83,2.49,0.162,-0.152
2023-06-13,3.47,1.92,0.220,-0.228
2023-06-14,3.84,5.69,0.163,0.009
2023-06-15,4.73,4.11,0.166,-0.056
2023-06-16,3.93,1.35,0.201,-0.236
2023-06-17,3.98,1.94,0.235,-0.239
2023-06-18,2.29,0.97,0.177,-0.280
2023-06-19,3.40,4.20,0.168,-0.074
2023-06-20,4.45,1.03,0.156,-0.133
2023-06-21,3.02,0.37,0.214,-0.243
2023-06-22,2.34,1.14,0.089,-0.226
2023-06-23,2.23,0.77,0.089,-0.215
2023-06-24,1.59,2.04,0.106,-0.211
2023-06-25,2.30,1.23,0.168,-0.236
2023-06-26,4.20,2.14,0.182,-0.161
2023-06-27,3.36,0.35,0.173,-0.236
2023-06-28,1.63,-0.72,0.138,-0.256
2023-06-29,-2.34,0.76,0.086,-0.220
2023-06-30,0.59,1.70,0.120,-0.276
2023-07-01,1.90,1.71,0.161,-0.280
2023-07-02,1.71,2.45,0.185,-0.268
2023-07-03,0.77,2.86,0.137,-0.216
2023-07-04,2.38,2.22,0.176,-0.248
2023-07-05,2.90,0.78,0.202,-0.289
2023-07-06,2.92,-0.57,0.187,-0.308
2023-07-07,2.86,-0.98,0.186,-0.296
2023-07-08,2.89,-0.67,0.178,-0.299
2023-07-09,4.10,1.49,0.238,-0.221
2023-07-10,4.45,0.86,0.200,-0.185
2023-07-11,2.27,0.87,0.176,-0.315
2023-07-12,2.58,1.37,0.185,-0.273
2023-07-13,2.53,1.98,0.170,-0.220
2023-07-14,2.50,1.22,0.165,-0.272
2023-07-15,2.20,1.48,0.191,-0.251
2023-07-16,3.46,0.67,0.205,-0.236
2023-07-17,1.96,-0.79,0.200,-0.300
2023-07-18,1.49,0.86,0.162,-0.281
2023-07-19,1.47,2.02,0.156,-0.267
2023-07-20,1.74,1.93,0.164,-0.251
2023-07-21,2.78,1.81,0.190,-0.243
2023-07-22,3.66,1.56,0.212,-0.251
2023-07-23,2.51,0.04,0.177,-0.295
2023-07-24,2.69,0.28,0.152,-0.249
2023-07-25,1.62,-0.90,0.143,-0.288
2023-07-26,-0.23,2.19,0.119,-0.280
2023-07-27,1.56,1.31,0.114,-0.295
2023-07-28,1.61,-0.14,0.118,-0.302
2023-07-29,1.97,0.80,0.134,-0.299
2023-07-30,2.69,0.33,0.174,-0.263
2023-07-31,0.56,-1.94,0.126,-0.288
2023-08-01,2.02,0.21,0.121,-0.282
2023-08-02,2.41,-1.17,0.101,-0.279
2023-08-03,0.33,2.05,0.082,-0.296
2023-08-04,2.86,1.34,0.164,-0.264
2023-08-05,3.08,0.71,0.197,-0.246
2023-08-06,3.25,1.73,0.163,-0.196
2023-08-07,3.79,2.66,0.193,-0.177
2023-08-08,3.89,2.43,0.201,-0.195
2023-08-09,2.88,2.42,0.180,-0.216
2023-08-10,4.20,3.52,0.171,-0.110
2023-08-11,4.22,2.64,0.207,-0.209
2023-08-12,3.07,1.37,0.195,-0.256
2023-08-13,1.83,1.96,0.187,-0.253
2023-08-14,2.41,1.88,0.188,-0.250
2023-08-15,3.56,2.05,0.196,-0.190
2023-08-16,-0.46,-2.92,0.082,-0.220
2023-08-17,2.00,1.74,0.102,-0.221
2023-08-18,2.56,1.73,0.151,-0.199
2023-08-19,2.17,1.30,0.116,-0.183
2023-08-20,-2.84,0.45,0.030,-0.169
2023-08-21,-4.73,1.45,-0.125,-0.036
2023-08-22,-2.59,1.44,0.006,-0.085
2023-08-23,-0.31,2.92,0.080,-0.185
2023-08-24,-2.18,1.96,0.015,-0.132
2023-08-25,-0.47,2.22,0.022,-0.175
2023-08-26,2.93,0.10,0.127,-0.235
2023-08-27,0.79,1.12,0.111,-0.225
2023-08-28,-1.09,1.82,0.096,-0.180
2023-08-29,-3.11,-0.33,-0.018,-0.095
2023-08-30,0.07,-3.75,-0.031,-0.153
2023-08-31,-2.26,-0.91,0.069,-0.207
2023-09-01,-2.14,1.56,0.033,-0.143
2023-09-02,-3.04,1.23,-0.011,-0.064
2023-09-03,-3.77,-0.26,-0.069,-0.091
2023-09-04,-3.28,2.85,-0.087,-0.012
2023-09-05,-2.40,2.87,-0.061,-0.029
2023-09-06,-2.25,1.40,-0.029,-0.052
2023-09-07,1.74,1.17,0.090,-0.131
2023-09-08,2.04,-0.66,0.105,-0.150
2023-09-09,1.20,-2.69,0.058,-0.138
2023-09-10,2.48,-1.37,0.064,-0.132
2023-09-11,1.18,1.82,0.090,-0.171
2023-09-12,0.80,2.46,0.114,-0.138
2023-09-13,1.95,0.99,0.137,-0.159
2023-09-14,1.29,-1.38,0.102,-0.199
2023-09-15,-0.93,-1.48,0.078,-0.230
2023-09-16,-0.88,1.58,0.045,-0.218
2023-09-17,1.59,-1.38,0.063,-0.269
2023-09-18,-0.52,-3.26,0.022,-0.186
2023-09-19,-2.54,-0.78,0.006,-0.174
2023-09-20,-3.94,0.21,-0.126,-0.101
2023-09-21,-3.96,-0.35,-0.144,-0.052
2023-09-22,-2.75,-1.40,-0.049,-0.041
2023-09-23,-2.27,0.61,0.014,-0.014
2023-09-24,1.24,2.16,0.057,-0.031
2023-09-25,-0.32,2.29,0.037,-0.090
2023-09-26,-2.06,-1.39,-0.066,-0.099
2023-09-27,-4.06,-2.35,-0.144,-0.090
2023-09-28,-4.75,-2.12,-0.152,-0.071
2023-09-29,-3.55,-1.58,-0.106,-0.044
2023-09-30,-3.77,-1.22,-0.083,-0.028
2023-10-01,-4.71,-1.44,-0.137,-0.036
2023-10-02,-4.58,-1.23,-0.141,-0.040
2023-10-03,-3.99,-0.35,-0.101,-0.021
2023-10-04,-3.67,-0.00,-0.076,0.005
2023-10-05,-3.41,1.52,-0.091,0.014
2023-10-06,-1.36,1.57,-0.005,-0.000
2023-10-07,0.17,-4.85,-0.002,-0.075
2023-10-08,-0.41,-3.90,0.009,-0.045
2023-10-09,0.95,-2.24,0.033,0.012
2023-10-10,1.70,1.23,0.052,0.030
2023-10-11,-2.90,-2.71,-0.088,-0.042
2023-10-12,-3.89,-5.77,-0.182,-0.126
2023-10-13,-0.19,-2.65,-0.004,-0.061
2023-10-14,2.62,-0.46,0.084,0.016
2023-10-15,2.77,-4.27,0.099,-0.002
2023-10-16,2.05,-4.39,0.096,-0.018
2023-10-17,1.14,-2.34,0.114,-0.032
2023-10-18,-1.64,-1.15,0.118,-0.140
2023-10-19,-0.77,-1.45,0.117,-0.138
2023-10-20,4.05,1.32,0.161,-0.015
2023-10-21,3.20,-1.49,0.077,-0.088
2023-10-22,2.11,0.37,0.113,-0.157
2023-10-23,-2.54,-0.97,0.034,-0.129
2023-10-24,-4.53,0.48,-0.126,-0.020
2023-10-25,-5.23,1.40,-0.164,-0.020
2023-10-26,-4.55,0.97,-0.113,0.002
2023-10-27,-3.39,0.72,-0.079,-0.000
2023-10-28,-2.95,0.57,-0.040,-0.019
2023-10-29,-2.48,1.38,-0.025,-0.000
2023-10-30,-1.23,1.75,0.007,-0.045
2023-10-31,0.83,-5.90,0.016,-0.096
2023-11-01,-0.47,-6.72,-0.003,-0.087
2023-11-02,-2.95,-3.16,-0.090,-0.047
2023-11-03,-3.00,-2.18,-0.113,-0.050
2023-11-04,-2.44,-1.14,-0.049,-0.026
2023-11-05,0.55,-2.38,0.044,-0.056
2023-11-06,2.31,-0.24,0.061,-0.028
2023-11-07,2.11,1.08,0.048,0.001
2023-11-08,0.79,2.31,0.041,-0.000
2023-11-09,-0.47,2.19,0.012,-0.006
2023-11-10,-1.80,1.45,-0.021,-0.032
2023-11-11,-1.92,-1.73,-0.036,-0.059
2023-11-12,-2.32,-2.24,-0.054,-0.079
2023-11-13,-2.73,-3.25,-0.051,-0.099
2023-11-14,-4.22,-3.29,-0.134,-0.097
2023-11-15,-7.15,-4.30,-0.289,-0.123
2023-11-16,-5.22,-3.39,-0.177,-0.085
2023-11-17,-2.26,-1.58,-0.065,-0.036
2023-11-18,0.86,-3.21,0.043,-0.045
2023-11-19,0.80,-2.62,0.047,-0.012
2023-11-20,-2.50,3.09,-0.025,0.065
2023-11-21,-0.62,7.05,-0.028,0.047
2023-11-22,2.48,-4.12,0.041,-0.070
2023-11-23,0.08,-2.36,0.040,-0.019
2023-11-24,0.06,-1.86,0.031,-0.015
2023-11-25,-1.53,-2.11,0.008,-0.056
2023-11-26,-3.12,-0.44,-0.052,-0.047
2023-11-27,1.34,-4.14,0.030,-0.090
2023-11-28,0.07,-4.07,0.052,-0.057
2023-11-29,-0.78,-2.40,0.049,-0.055
2023-11-30,-3.25,-1.06,-0.016,-0.042
2023-12-01,-1.27,5.98,-0.037,0.051
2023-12-02,-1.50,3.53,-0.081,-0.037
2023-12-03,3.69,0.72,0.084,-0.072
2023-12-04,3.01,0.00,0.136,-0.070
2023-12-05,1.37,-2.69,0.074,-0.097
2023-12-06,1.46,-3.81,0.082,-0.069
2023-12-07,-1.21,-2.38,0.021,-0.088
2023-12-08,-2.06,-1.14,-0.013,-0.101
2023-12-09,-1.05,3.42,-0.057,-0.017
2023-12-10,5.17,-0.36,0.050,-0.014
2023-12-11,1.26,-3.89,0.079,-0.044
2023-12-12,-1.84,-2.73,0.002,-0.075
2023-12-13,-3.15,-3.27,-0.084,-0.079
2023-12-14,-4.59,-3.46,-0.155,-0.098
2023-12-15,-5.96,-2.53,-0.192,-0.081
2023-12-16,-5.14,-2.18,-0.166,-0.051
2023-12-17,1.28,-5.13,0.001,-0.089
2023-12-18,3.02,-2.62,0.117,0.008
2023-12-19,-0.48,-3.89,0.013,-0.043
2023-12-20,-3.45,-2.41,-0.092,-0.053
2023-12-21,-2.96,-1.64,-0.111,-0.063
2023-12-22,-3.28,-1.13,-0.098,-0.052
2023-12-23,-3.30,-0.70,-0.094,-0.033
2023-12-24,-6.41,1.25,-0.163,-0.000
2023-12-25,-3.35,6.30,-0.127,0.002
2023-12-26,1.57,-2.73,-0.007,-0.063
2023-12-27,1.24,-1.24,0.041,-0.027
2023-12-28,2.99,-1.53,0.080,-0.012
2023-12-29,3.74,-1.82,0.113,0.017
2023-12-30,3.39,-1.37,0.134,0.012
2023-12-31,1.33,0.23,0.100,-0.117
2024-01-01,2.99,-0.69,0.134,-0.111
2024-01-02,-1.49,-3.69,0.008,-0.081
2024-01-03,-2.18,-2.69,-0.005,-0.084
2024-01-04,-0.82,-3.86,-0.023,-0.096
2024-01-05,-5.30,-1.03,-0.080,-0.045
2024-01-06,4.78,3.73,0.013,-0.007
2024-01-07,1.91,-2.73,0.063,-0.071
2024-01-08,-6.12,0.11,-0.130,-0.018
2024-01-09,3.95,9.78,0.044,0.069
2024-01-10,4.22,-0.44,0.161,0.040
2024-01-11,0.22,3.20,0.094,-0.038
2024-01-12,-2.21,8.23,-0.035,0.073
2024-01-13,3.08,-3.19,0.137,-0.044
2024-01-14,-0.68,-1.53,0.127,-0.163
2024-01-15,-2.86,0.05,0.049,-0.145
2024-01-16,1.17,-5.50,0.033,-0.137
2024-01-17,-0.37,-4.23,0.050,-0.085
2024-01-18,-2.44,-1.71,-0.004,-0.146
2024-01-19,3.41,-5.06,0.042,-0.066
2024-01-20,-0.10,-5.65,0.036,-0.117
2024-01-21,-2.85,-3.92,-0.037,-0.099
2024-01-22,-5.52,-1.07,-0.141,-0.061
2024-01-23,-7.18,1.79,-0.168,-0.004
2024-01-24,-5.78,3.61,-0.140,0.021
2024-01-25,-1.29,5.57,-0.061,0.050
2024-01-26,-1.63,2.25,-0.025,-0.069
2024-01-27,-1.71,3.08,-0.015,-0.067
2024-01-28,4.07,-3.30,0.098,-0.080
2024-01-29,1.90,-3.57,0.112,-0.095
2024-01-30,2.10,-1.31,0.158,-0.168
2024-01-31,3.83,-2.12,0.146,-0.137
2024-02-01,-1.33,-1.96,0.075,-0.162
2024-02-02,1.33,0.76,0.121,-0.245
2024-02-03,-3.08,0.32,0.017,-0.185
2024-02-04,-5.59,-0.10,-0.120,-0.048
2024-02-05,-0.52,-4.26,0.027,-0.140
2024-02-06,0.91,-3.93,0.070,-0.147
2024-02-07,-3.43,-1.83,0.008,-0.083
2024-02-08,-3.51,1.56,-0.059,-0.016
2024-02-09,-3.05,4.20,-0.078,-0.016
2024-02-10,-1.96,3.84,-0.026,-0.056
2024-02-11,-0.63,4.51,-0.013,-0.046
2024-02-12,3.42,4.08,0.080,-0.007
2024-02-13,3.75,-3.15,0.138,-0.060
2024-02-14,-1.41,-2.10,0.086,-0.162
2024-02-15,1.05,1.39,0.135,-0.209
2024-02-16,1.13,0.79,0.101,-0.215
2024-02-17,1.04,-3.86,0.053,-0.189
2024-02-18,-1.11,-5.23,-0.010,-0.103
2024-02-19,0.67,-2.69,0.066,-0.144
2024-02-20,2.49,-0.35,0.160,-0.164
2024-02-21,1.97,1.14,0.169,-0.192
2024-02-22,0.07,4.07,0.114,-0.096
2024-02-23,5.80,1.02,0.152,-0.122
2024-02-24,3.83,-1.55,0.123,-0.201
2024-02-25,2.58,-1.31,0.126,-0.139
2024-02-26,-0.31,2.90,0.119,-0.196
2024-02-27,2.09,4.92,0.079,-0.114
2024-02-28,3.10,4.42,0.092,-0.085
2024-02-29,-2.84,-4.91,-0.031,-0.116
2024-03-01,-5.37,1.44,-0.089,-0.012
2024-03-02,0.48,2.09,0.037,-0.151
2024-03-03,-1.98,0.93,0.045,-0.137
2024-03-04,-4.86,1.03,-0.071,-0.083
2024-03-05,-4.59,3.85,-0.094,-0.010
2024-03-06,2.96,-1.64,0.084,-0.256
2024-03-07,-2.47,0.26,0.113,-0.156
2024-03-08,-3.57,3.33,0.042,-0.003
2024-03-09,4.68,0.41,0.076,-0.123
2024-03-10,1.39,-4.53,0.081,-0.134
2024-03-11,-1.09,-2.85,0.053,-0.132
2024-03-12,-1.15,-1.64,0.105,-0.218
2024-03-13,-0.42,2.40,0.092,-0.192
2024-03-14,-3.00,2.26,0.000,-0.116
2024-03-15,-1.92,3.08,0.011,-0.098
2024-03-16,-0.96,-2.78,0.061,-0.170
2024-03-17,-1.38,-1.29,0.108,-0.209
2024-03-18,1.00,-3.73,0.062,-0.222
2024-03-19,-0.27,-3.91,0.050,-0.136
2024-03-20,2.52,-0.22,0.165,-0.204
2024-03-21,0.31,2.24,0.134,-0.211
2024-03-22,-2.96,2.31,-0.018,-0.101
2024-03-23,2.92,-4.50,0.022,-0.196
2024-03-24,-3.44,-2.79,0.027,-0.121
2024-03-25,-7.76,4.66,-0.164,0.030
2024-03-26,-5.34,5.53,-0.103,-0.010
2024-03-27,-0.22,-4.10,0.020,-0.170
2024-03-28,1.38,-5.16,0.057,-0.127
2024-03-29,-2.66,-2.15,0.065,-0.082
2024-03-30,0.57,2.47,0.133,-0.107
2024-03-31,-0.23,3.35,0.114,-0.092
2024-04-01,-0.41,4.65,0.056,-0.056
2024-04-02,-1.12,5.29,0.036,0.010
2024-04-03,6.10,-0.43,0.145,-0.033
2024-04-04,3.93,-1.05,0.168,-0.174
2024-04-05,2.91,-1.23,0.207,-0.224
2024-04-06,-2.82,-1.43,0.104,-0.215
2024-04-07,-2.09,2.25,0.112,-0.216
2024-04-08,-3.04,3.49,-0.037,-0.128
2024-04-09,-5.33,3.60,-0.146,-0.033
2024-04-10,-5.50,5.89,-0.136,0.022
2024-04-11,7.22,1.53,0.110,0.048
2024-04-12,3.13,-2.11,0.176,-0.129
2024-04-13,1.88,-2.40,0.126,-0.153
2024-04-14,1.40,1.73,0.167,-0.231
2024-04-15,-0.31,2.55,0.109,-0.242
2024-04-16,-2.84,3.16,-0.023,-0.088
2024-04-17,-1.89,3.27,-0.029,-0.069
2024-04-18,-1.41,2.66,0.039,-0.121
2024-04-19,0.94,2.59,0.138,-0.220
2024-04-20,1.62,2.07,0.197,-0.228
2024-04-21,2.39,-2.95,0.140,-0.288
2024-04-22,-0.16,-4.52,0.053,-0.192
2024-04-23,-3.28,-0.70,0.033,-0.164
2024-04-24,-0.05,2.86,0.073,-0.186
2024-04-25,1.48,1.90,0.149,-0.243
2024-04-26,-2.13,3.41,0.083,-0.119
2024-04-27,-5.54,3.20,-0.089,-0.018
2024-04-28,-6.71,3.27,-0.135,-0.000
2024-04-29,-4.52,4.52,-0.061,0.008
2024-04-30,-1.56,3.50,0.018,-0.182
2024-05-01,-0.78,2.13,0.057,-0.220
2024-05-02,-1.64,2.02,0.112,-0.160
2024-05-03,-1.10,2.59,0.121,-0.180
2024-05-04,-1.04,1.67,0.121,-0.251
2024-05-05,-1.39,2.50,0.111,-0.215
2024-05-06,-1.01,3.52,0.098,-0.176
2024-05-07,-0.08,4.65,0.106,-0.098
2024-05-08,-0.00,5.25,0.112,-0.062
2024-05-09,1.17,5.49,0.111,-0.006
2024-05-10,2.27,2.90,0.155,-0.161
2024-05-11,0.30,-2.84,0.144,-0.270
2024-05-12,-2.89,-0.72,0.104,-0.200
2024-05-13,-3.25,3.49,0.024,-0.087
2024-05-14,1.26,5.04,0.078,-0.036
2024-05-15,4.12,0.88,0.195,-0.191
2024-05-16,-0.19,2.21,0.143,-0.271
2024-05-17,-0.10,5.85,0.088,0.008
2024-05-18,0.41,2.89,0.122,-0.203
2024-05-19,2.23,-0.35,0.197,-0.289
2024-05-20,-2.44,0.99,0.132,-0.214
2024-05-21,-2.72,1.16,0.063,-0.181
2024-05-22,-1.72,2.28,0.084,-0.203
2024-05-23,-1.42,2.90,0.088,-0.194
2024-05-24,0.65,3.04,0.123,-0.198
2024-05-25,1.96,3.13,0.178,-0.174
2024-05-26,1.65,4.09,0.168,-0.118
2024-05-27,3.21,4.26,0.166,-0.069
2024-05-28,2.60,-0.51,0.201,-0.278
2024-05-29,-2.78,-0.64,0.156,-0.228
2024-05-30,-3.31,-0.64,0.094,-0.227
2024-05-31,-3.65,2.11,-0.004,-0.073
2024-06-01,-1.66,4.12,-0.061,-0.031
2024-06-02,-0.64,1.97,0.065,-0.193
2024-06-03,-1.23,1.89,0.064,-0.159
2024-06-04,-0.38,3.63,0.099,-0.059
2024-06-05,1.41,4.10,,
2024-06-06,1.91,3.59,,
2024-06-07,1.93,0.78,,
2024-06-08,-1.68,-2.00,,
2024-06-09,2.11,1.37,0.225,-0.277
2024-06-10,2.96,1.19,0.226,-0.298
2024-06-11,1.13,-2.65,0.144,-0.284
2024-06-12,0.71,-2.46,0.047,-0.266
2024-06-13,2.37,0.33,0.105,-0.294
2024-06-14,-0.80,2.98,0.077,-0.244
2024-06-15,-2.60,1.05,0.085,-0.231
2024-06-16,-2.04,2.62,0.009,-0.090
2024-06-17,-4.45,1.11,-0.067,-0.037
2024-06-18,-6.20,1.09,-0.165,-0.020
2024-06-19,-7.08,0.62,-0.187,-0.004
2024-06-20,-5.18,-0.27,-0.102,0.012
2024-06-21,-3.75,-0.53,-0.016,-0.061
2024-06-22,0.77,2.22,0.094,-0.043
2024-06-23,2.22,1.50,0.156,-0.106
2024-06-24,2.96,1.32,0.214,-0.156
2024-06-25,2.52,0.77,0.206,-0.243
2024-06-26,4.05,1.47,0.243,-0.219
2024-06-27,4.40,2.54,0.196,-0.163
2024-06-28,2.52,2.90,0.179,-0.238
2024-06-29,1.80,2.78,0.159,-0.198
2024-06-30,2.14,0.34,0.138,-0.258
2024-07-01,1.96,-2.51,0.131,-0.261
2024-07-02,-2.57,1.67,0.069,-0.222
2024-07-03,-1.01,2.37,0.046,-0.181
2024-07-04,1.50,2.07,0.163,-0.226
2024-07-05,2.04,1.23,0.178,-0.243
2024-07-06,2.34,0.45,0.157,-0.237
2024-07-07,1.35,1.93,0.141,-0.233
2024-07-08,-0.55,3.13,0.082,-0.147
2024-07-09,2.97,4.24,0.090,-0.094
2024-07-10,3.31,1.27,0.155,-0.156
2024-07-11,2.30,-0.24,0.131,-0.292
2024-07-12,2.39,0.55,0.178,-0.299
2024-07-13,1.93,0.94,0.186,-0.290
2024-07-14,1.94,1.26,0.204,-0.276
2024-07-15,1.70,0.65,0.148,-0.287
2024-07-16,1.92,1.25,0.160,-0.268
2024-07-17,1.90,1.83,0.181,-0.254
2024-07-18,0.80,2.19,0.129,-0.203
2024-07-19,1.31,2.18,0.132,-0.221
2024-07-20,1.61,2.80,0.128,-0.139
2024-07-21,2.13,2.20,0.147,-0.198
2024-07-22,1.98,1.78,0.158,-0.218
2024-07-23,0.11,2.11,0.126,-0.206
2024-07-24,1.28,1.28,0.074,-0.235
2024-07-25,-1.67,-0.06,0.077,-0.290
2024-07-26,-2.00,-0.32,0.083,-0.265
2024-07-27,-0.92,1.80,0.115,-0.245
2024-07-28,-1.04,1.49,0.098,-0.181
2024-07-29,2.23,0.68,0.138,-0.198
2024-07-30,2.54,0.45,0.161,-0.221
2024-07-31,1.48,1.00,0.129,-0.225
2024-08-01,1.21,1.30,0.102,-0.219
2024-08-02,2.19,0.93,0.145,-0.237
2024-08-03,2.03,1.53,0.149,-0.195
2024-08-04,-2.46,-0.75,0.025,-0.217
2024-08-05,-0.62,-3.90,-0.016,-0.176
2024-08-06,2.33,-2.42,0.186,-0.167
2024-08-07,3.38,-1.80,0.161,-0.163
2024-08-08,4.17,-0.37,0.223,-0.200
2024-08-09,1.65,-2.20,0.127,-0.276
2024-08-10,2.75,-0.89,0.124,-0.294
2024-08-11,2.69,-0.72,0.139,-0.245
2024-08-12,2.37,0.96,0.142,-0.229
2024-08-13,2.61,0.14,0.147,-0.237
2024-08-14,2.52,-0.40,0.150,-0.219
2024-08-15,-1.17,-2.03,0.059,-0.239
2024-08-16,-1.64,1.76,-0.008,-0.130
2024-08-17,0.42,2.40,0.039,-0.158
2024-08-18,2.71,0.43,0.137,-0.189
2024-08-19,3.65,-1.70,0.139,-0.164
2024-08-20,-0.37,-2.65,0.051,-0.150
2024-08-21,-0.15,-2.88,0.051,-0.176
2024-08-22,-1.48,-2.04,0.059,-0.179
2024-08-23,-4.74,-1.36,-0.132,-0.083
2024-08-24,-4.14,-1.19,-0.122,-0.053
2024-08-25,-3.39,0.97,-0.037,-0.029
2024-08-26,-2.66,0.14,-0.003,-0.069
2024-08-27,-2.48,-0.13,-0.005,-0.089
2024-08-28,-2.77,1.41,-0.058,-0.000
2024-08-29,-3.36,1.79,-0.055,-0.035
2024-08-30,-3.09,2.00,-0.085,-0.039
2024-08-31,-3.10,1.13,-0.068,-0.030
2024-09-01,-2.18,-0.75,-0.002,-0.063
2024-09-02,1.71,-1.49,0.033,-0.091
2024-09-03,-2.42,0.21,-0.007,-0.072
2024-09-04,-6.08,-0.64,-0.200,-0.050
2024-09-05,-4.90,-1.31,-0.164,-0.050
2024-09-06,-3.49,-1.85,-0.121,-0.051
2024-09-07,-1.96,-2.70,-0.043,-0.067
2024-09-08,-2.52,-1.83,-0.075,-0.067
2024-09-09,-3.80,-1.61,-0.111,-0.067
2024-09-10,-4.62,-1.68,-0.171,-0.050
2024-09-11,-5.47,-1.67,-0.174,-0.065
2024-09-12,-2.09,7.79,-0.055,0.037
2024-09-13,1.59,2.28,0.073,0.049
2024-09-14,2.46,-0.26,0.072,-0.015
2024-09-15,0.22,1.83,0.063,0.000
2024-09-16,-1.80,2.31,-0.033,0.031
2024-09-17,-1.71,1.20,-0.034,-0.018
2024-09-18,1.27,-0.16,0.054,-0.073
2024-09-19,1.50,-1.17,0.043,-0.081
2024-09-20,-0.31,-1.95,0.058,-0.107
2024-09-21,-2.54,-0.49,0.017,-0.118
2024-09-22,-1.76,1.02,0.022,-0.122
2024-09-23,1.21,1.50,0.091,-0.169
2024-09-24,-0.60,2.23,0.088,-0.183
2024-09-25,-2.34,0.50,-0.025,-0.141
2024-09-26,-2.38,-4.68,-0.137,-0.072
2024-09-27,6.25,-2.15,0.122,0.003
2024-09-28,4.53,1.56,0.176,0.088
2024-09-29,3.39,1.65,0.147,-0.047
2024-09-30,2.47,0.85,0.164,-0.148
2024-10-01,2.26,-1.10,0.086,-0.178
2024-10-02,-2.43,-2.19,-0.008,-0.152
2024-10-03,-3.06,-0.76,-0.019,-0.135
2024-10-04,-3.52,-1.01,-0.111,-0.058
2024-10-05,-3.78,-2.46,-0.123,-0.067
2024-10-06,-3.83,-2.49,-0.098,-0.052
2024-10-07,-3.09,-3.31,-0.097,-0.094
2024-10-08,-0.85,-2.97,0.003,-0.092
2024-10-09,-2.37,-4.28,-0.029,-0.101
2024-10-10,-0.90,-2.94,0.036,-0.101
2024-10-11,-2.31,-2.08,0.027,-0.004
2024-10-12,-2.01,-1.21,-0.062,-0.058
2024-10-13,2.02,0.11,0.090,-0.083
2024-10-14,3.54,0.00,0.130,-0.038
2024-10-15,-1.19,-2.15,0.038,-0.103
2024-10-16,-1.99,-5.46,-0.055,-0.131
2024-10-17,-2.55,-2.94,-0.019,-0.061
2024-10-18,-2.91,-2.04,-0.103,-0.037
2024-10-19,-3.54,-2.48,-0.126,-0.073
2024-10-20,-2.55,-2.30,-0.081,-0.066
2024-10-21,-2.75,-2.00,-0.058,-0.054
2024-10-22,-2.78,-0.96,-0.033,-0.052
2024-10-23,-0.50,-2.37,-0.002,-0.078
2024-10-24,2.25,-0.95,0.051,-0.104
2024-10-25,2.22,-0.23,0.029,-0.119
2024-10-26,2.04,0.78,0.024,-0.149
2024-10-27,2.31,0.16,0.073,-0.175
2024-10-28,-2.33,-1.63,0.026,-0.159
2024-10-29,-4.46,0.95,-0.107,-0.028
2024-10-30,-5.56,0.98,-0.156,-0.024
2024-10-31,-4.69,3.66,-0.142,0.026
2024-11-01,-3.31,2.07,-0.102,-0.000
2024-11-02,-3.15,-0.33,-0.094,-0.027
2024-11-03,-4.27,1.90,-0.113,-0.000
2024-11-04,-6.46,3.01,-0.182,-0.004
2024-11-05,-4.21,3.92,-0.142,0.023
2024-11-06,-3.96,1.93,-0.126,0.004
2024-11-07,-3.28,-1.26,-0.121,-0.044
2024-11-08,-4.45,-1.36,-0.155,-0.050
2024-11-09,-5.06,0.44,-0.147,-0.000
2024-11-10,-5.50,2.22,-0.161,-0.006
2024-11-11,-3.39,-1.73,-0.143,-0.041
2024-11-12,-3.76,-2.35,-0.119,-0.057
2024-11-13,-6.40,2.46,-0.164,-0.008
2024-11-14,2.20,5.17,-0.012,0.016
2024-11-15,-0.20,-3.75,-0.020,-0.057
2024-11-16,-2.51,-1.76,-0.065,-0.027
2024-11-17,-3.31,0.17,-0.090,-0.000
2024-11-18,-2.71,4.51,-0.093,0.036
2024-11-19,-3.06,6.87,-0.072,0.066
2024-11-20,3.05,-3.63,0.004,-0.045
2024-11-21,2.82,-3.36,0.082,-0.031
2024-11-22,2.88,-2.99,0.094,0.010
2024-11-23,0.66,-2.15,0.044,0.005
2024-11-24,-1.81,-0.35,0.010,0.018
2024-11-25,0.95,2.24,-0.014,0.025
2024-11-26,3.19,1.56,0.065,0.037
2024-11-27,2.05,-0.36,0.033,-0.014
2024-11-28,4.76,1.83,0.101,0.061
2024-11-29,-0.51,-5.78,-0.037,-0.095
2024-11-30,-1.69,-3.99,-0.049,-0.073
2024-12-01,-0.69,-1.89,-0.023,-0.000
2024-12-02,-0.32,-2.64,0.008,-0.024
2024-12-03,-0.05,-2.86,0.004,-0.036
2024-12-04,-2.85,-1.65,-0.054,-0.013
2024-12-05,3.47,1.33,0.047,0.040
2024-12-06,-0.62,-5.07,-0.045,-0.090
2024-12-07,-1.84,-2.83,-0.062,-0.063
2024-12-08,-2.70,-0.57,-0.054,0.027
2024-12-09,1.36,4.18,-0.007,0.082
2024-12-10,2.06,4.41,0.010,0.079
2024-12-11,4.72,-3.96,0.075,-0.024
2024-12-12,-0.60,-2.84,0.042,-0.014
2024-12-13,-2.59,-2.50,-0.101,-0.039
2024-12-14,-4.84,-1.67,-0.147,-0.021
2024-12-15,-5.00,0.79,-0.105,0.007
2024-12-16,-3.90,-0.00,-0.100,0.002
2024-12-17,-1.98,-0.17,-0.025,0.005
2024-12-18,0.51,-1.41,0.042,0.000
2024-12-19,0.90,-3.59,0.030,-0.049
2024-12-20,2.10,-2.25,0.067,-0.028
2024-12-21,-0.09,-4.89,0.010,-0.061
2024-12-22,-0.90,-3.15,0.020,-0.057
2024-12-23,-2.66,-2.08,-0.065,-0.055
2024-12-24,-2.43,-1.58,-0.058,-0.046
2024-12-25,-3.74,-1.07,-0.096,-0.026
2024-12-26,-5.77,-1.12,-0.185,-0.036
2024-12-27,-5.19,4.84,-0.157,-0.010
2024-12-28,-3.28,4.69,-0.097,0.050
2024-12-29,3.12,3.99,-0.014,-0.009
2024-12-30,2.13,0.57,0.027,-0.066
2024-12-31,3.73,2.07,0.094,0.036
2025-01-01,0.58,-4.12,0.039,-0.051
2025-01-02,-1.44,-2.39,0.019,-0.047
2025-01-03,0.50,-1.64,0.078,-0.120
2025-01-04,-2.60,-2.26,0.007,-0.051
2025-01-05,-2.70,5.09,0.000,0.089
2025-01-06,7.55,0.40,0.109,0.050
2025-01-07,0.17,-5.01,0.074,-0.059
2025-01-08,0.50,-4.07,0.065,-0.070
2025-01-09,-1.21,-3.33,0.028,-0.039
2025-01-10,-3.73,3.61,-0.045,0.035
2025-01-11,2.84,-3.64,0.073,-0.027
2025-01-12,-2.00,-1.45,0.007,-0.076
2025-01-13,-3.60,-3.48,-0.113,-0.051
2025-01-14,-1.17,-3.83,0.014,-0.079
2025-01-15,-2.26,-2.42,0.024,-0.025
2025-01-16,0.24,-1.97,0.062,-0.068
2025-01-17,-2.51,0.63,0.058,-0.065
2025-01-18,2.72,5.83,0.077,0.085
2025-01-19,4.31,-3.49,0.111,-0.031
2025-01-20,-0.19,-5.46,0.037,-0.058
2025-01-21,-1.36,-5.89,-0.054,-0.109
2025-01-22,-0.51,-4.14,-0.003,-0.091
2025-01-23,0.74,-1.83,0.037,-0.086
2025-01-24,0.76,-1.17,0.085,-0.067
2025-01-25,-1.58,-2.84,0.024,-0.062
2025-01-26,-3.29,0.58,0.014,-0.037
2025-01-27,0.63,2.96,0.075,-0.087
2025-01-28,-0.53,-2.28,0.079,-0.105
2025-01-29,1.82,0.32,0.119,-0.141
2025-01-30,-2.43,2.80,0.077,-0.052
2025-01-31,0.49,5.55,0.028,0.054
2025-02-01,2.71,-1.70,0.073,-0.112
2025-02-02,1.54,-0.19,0.088,-0.125
2025-02-03,0.21,1.51,0.070,-0.135
2025-02-04,1.33,1.33,0.095,-0.150
2025-02-05,1.14,1.10,0.115,-0.174
2025-02-06,0.11,3.22,0.120,-0.115
2025-02-07,0.66,2.30,0.123,-0.176
2025-02-08,0.51,3.59,0.127,-0.121
2025-02-09,1.84,3.07,0.135,-0.142
2025-02-10,-2.09,1.88,0.103,-0.162
2025-02-11,-1.17,3.38,0.094,-0.077
2025-02-12,0.81,6.60,0.064,0.037
2025-02-13,5.63,-2.16,0.035,-0.089
2025-02-14,-3.39,-3.90,-0.082,-0.067
2025-02-15,-3.63,5.00,-0.064,0.057
2025-02-16,5.76,2.56,0.077,0.021
2025-02-17,0.00,-4.39,0.044,-0.058
2025-02-18,-2.04,-1.32,0.012,-0.087
2025-02-19,-4.06,-2.74,-0.078,-0.041
2025-02-20,0.56,-6.40,0.020,-0.089
2025-02-21,-1.55,-4.49,-0.024,-0.086
2025-02-22,-1.04,-2.34,-0.053,-0.084
2025-02-23,-1.51,-2.00,-0.051,-0.081
2025-02-24,-4.19,-1.69,-0.147,-0.051
2025-02-25,0.93,-2.29,0.007,-0.090
2025-02-26,2.07,0.67,0.134,-0.099
2025-02-27,2.54,1.03,0.139,-0.107
2025-02-28,1.26,-2.69,0.101,-0.134
2025-03-01,2.70,0.57,0.145,-0.155
2025-03-02,0.45,-4.32,0.068,-0.148
2025-03-03,-3.22,-1.57,-0.005,-0.089
2025-03-04,-4.75,4.58,-0.092,0.047
2025-03-05,7.05,4.40,0.132,0.075
2025-03-06,3.40,-2.75,0.146,-0.032
2025-03-07,0.28,2.67,0.142,-0.135
2025-03-08,-0.27,2.53,0.089,-0.130
2025-03-09,-1.56,2.00,0.046,-0.131
2025-03-10,3.22,-3.84,0.076,-0.103
2025-03-11,2.20,-0.35,0.160,-0.207
2025-03-12,2.37,1.92,0.190,-0.190
2025-03-13,0.61,3.48,0.108,-0.088
2025-03-14,-1.14,4.59,0.046,-0.070
2025-03-15,-3.36,7.56,-0.043,0.100
2025-03-16,6.08,1.40,0.087,-0.005
2025-03-17,2.99,-3.21,0.130,-0.111
2025-03-18,0.47,2.40,0.140,-0.161
2025-03-19,0.30,4.32,0.102,-0.059
2025-03-20,6.42,-1.72,0.125,-0.039
2025-03-21,0.18,-2.59,0.105,-0.228
2025-03-22,2.05,1.23,0.182,-0.221
2025-03-23,0.41,3.37,0.125,-0.126
2025-03-24,0.98,3.43,0.056,-0.131
2025-03-25,0.83,1.33,0.031,-0.168
2025-03-26,2.52,0.22,0.118,-0.214
2025-03-27,-3.49,-0.61,0.029,-0.122
2025-03-28,-4.69,2.49,-0.078,-0.028
2025-03-29,-5.08,4.26,-0.115,0.027
2025-03-30,-2.50,3.56,-0.068,-0.036
2025-03-31,1.41,3.68,0.071,-0.060
2025-04-01,-3.13,0.44,0.027,-0.102
2025-04-02,-3.82,4.89,-0.047,0.063
2025-04-03,-3.60,6.24,-0.077,0.064
2025-04-04,-4.48,4.48,-0.107,0.027
2025-04-05,-4.55,5.24,-0.106,0.042
2025-04-06,-0.59,6.79,-0.005,0.099
2025-04-07,4.41,-2.65,0.078,-0.064
2025-04-08,1.86,-3.23,0.091,-0.081
2025-04-09,1.14,-2.45,0.105,-0.101
2025-04-10,2.38,0.38,0.238,-0.211
2025-04-11,3.44,-0.99,0.202,-0.196
2025-04-12,1.17,-3.20,0.121,-0.260
2025-04-13,-2.34,-0.76,0.105,-0.208
2025-04-14,1.93,2.47,0.163,-0.183
2025-04-15,4.26,-1.22,0.171,-0.211
2025-04-16,-0.51,-3.25,0.061,-0.164
2025-04-17,-0.77,2.11,0.130,-0.206
2025-04-18,-1.64,4.07,0.042,-0.073
2025-04-19,-3.32,2.89,-0.049,-0.058
2025-04-20,-3.62,2.73,-0.076,-0.017
2025-04-21,-2.55,3.51,-0.047,-0.014
2025-04-22,-0.92,2.82,0.032,-0.047
2025-04-23,-1.11,2.50,0.037,-0.055
2025-04-24,-2.07,1.62,0.022,-0.056
2025-04-25,-1.36,2.92,0.005,-0.037
2025-04-26,0.49,1.72,0.045,-0.137
2025-04-27,1.16,1.48,0.120,-0.179
2025-04-28,0.36,2.07,0.149,-0.196
2025-04-29,-1.99,2.14,0.078,-0.125
2025-04-30,-1.83,2.82,0.044,-0.101
2025-05-01,-1.37,3.76,0.067,-0.080
2025-05-02,-0.94,3.78,0.084,-0.074
2025-05-03,0.88,3.54,0.088,-0.051
2025-05-04,2.09,-2.09,0.096,-0.196
2025-05-05,-1.41,-2.26,0.109,-0.188
2025-05-06,-3.13,0.38,0.056,-0.156
2025-05-07,-3.00,2.18,-0.005,-0.064
2025-05-08,-1.60,1.49,0.065,-0.148
2025-05-09,0.82,2.52,0.120,-0.204
2025-05-10,-2.74,4.94,-0.016,-0.036
2025-05-11,-0.32,2.60,0.045,-0.157
2025-05-12,2.60,2.19,0.135,-0.109
2025-05-13,2.76,1.17,0.168,-0.170
2025-05-14,2.28,3.37,0.219,-0.139
2025-05-15,1.90,4.47,0.170,-0.137
2025-05-16,1.69,3.63,0.183,-0.169
2025-05-17,2.33,3.20,0.215,-0.197
2025-05-18,1.78,2.55,0.227,-0.245
2025-05-19,-0.05,2.84,0.203,-0.227
2025-05-20,0.68,4.83,0.136,-0.070
2025-05-21,3.76,1.15,0.154,-0.207
2025-05-22,-2.85,0.35,0.132,-0.207
2025-05-23,1.28,1.83,0.184,-0.279
2025-05-24,1.06,1.84,0.211,-0.269
2025-05-25,0.85,1.81,0.187,-0.257
2025-05-26,1.48,2.68,0.198,-0.214
2025-05-27,1.21,2.59,0.173,-0.186
2025-05-28,2.15,2.08,0.192,-0.225
2025-05-29,1.93,2.31,0.170,-0.178
2025-05-30,2.64,0.28,0.182,-0.235
2025-05-31,0.72,-2.70,0.132,-0.216
2025-06-01,2.30,0.53,0.183,-0.273
2025-06-02,-0.16,2.35,0.133,-0.253
2025-06-03,-3.13,0.44,0.033,-0.193
2025-06-04,-3.73,0.73,-0.103,-0.084
2025-06-05,0.52,1.80,-0.005,-0.166
2025-06-06,1.98,1.73,0.147,-0.187
2025-06-07,3.64,1.85,0.228,-0.166
2025-06-08,4.57,2.03,0.221,-0.139
2025-06-09,4.21,2.24,0.219,-0.153
2025-06-10,2.45,1.91,0.169,-0.222
2025-06-11,0.06,1.85,0.138,-0.274
2025-06-12,-1.32,1.81,0.094,-0.193
2025-06-13,-0.76,3.29,0.077,-0.149
2025-06-14,0.55,2.20,0.104,-0.218
2025-06-15,0.38,1.93,0.151,-0.249
2025-06-16,0.55,1.79,0.135,-0.210
2025-06-17,0.57,2.69,0.107,-0.191
2025-06-18,0.05,2.91,0.093,-0.164
2025-06-19,2.01,1.07,0.123,-0.223
2025-06-20,1.36,0.02,0.128,-0.254
2025-06-21,0.04,1.24,0.133,-0.250
2025-06-22,-1.95,-0.60,0.067,-0.213
2025-06-23,-1.82,-0.26,0.055,-0.216
2025-06-24,-2.19,0.76,-0.005,-0.097
2025-06-25,1.09,-1.74,0.082,-0.217
2025-06-26,-2.07,0.07,0.038,-0.173
2025-06-27,-1.33,1.24,0.038,-0.141
2025-06-28,-0.51,1.39,0.091,-0.165
2025-06-29,1.54,1.16,0.131,-0.202
2025-06-30,2.72,-0.09,0.184,-0.210
2025-07-01,2.75,-0.74,0.179,-0.232
2025-07-02,2.26,-1.36,0.151,-0.241
2025-07-03,1.55,-2.48,0.161,-0.263
2025-07-04,0.94,-2.12,0.163,-0.284
2025-07-05,-1.43,-1.65,0.111,-0.237
2025-07-06,0.99,-1.32,0.143,-0.277
2025-07-07,1.61,1.21,0.161,-0.256
2025-07-08,2.42,1.13,0.175,-0.229
2025-07-09,2.64,0.91,0.199,-0.243
2025-07-10,3.14,0.22,0.210,-0.247
2025-07-11,2.45,-0.17,0.193,-0.267
2025-07-12,1.77,0.75,0.152,-0.268
2025-07-13,1.58,1.15,0.148,-0.242
2025-07-14,2.15,-1.24,0.166,-0.248
2025-07-15,1.08,-2.67,0.141,-0.280
2025-07-16,-0.39,-1.83,0.070,-0.246
2025-07-17,-1.90,2.93,-0.040,-0.095
2025-07-18,0.93,4.36,0.059,-0.020
2025-07-19,1.40,2.00,0.134,-0.211
2025-07-20,1.87,1.31,0.152,-0.207
2025-07-21,2.76,0.34,0.186,-0.210
2025-07-22,2.74,-0.29,0.198,-0.236
2025-07-23,0.22,-1.56,0.134,-0.274
2025-07-24,-3.26,0.34,-0.027,-0.158
2025-07-25,-1.54,3.30,-0.057,-0.028
2025-07-26,-0.57,2.68,0.042,-0.081
2025-07-27,0.84,1.03,0.046,-0.153
2025-07-28,1.85,-2.46,0.131,-0.197
2025-07-29,1.32,-2.11,0.102,-0.225
2025-07-30,1.82,0.19,0.099,-0.220
2025-07-31,2.03,1.58,0.148,-0.170
2025-08-01,2.53,1.29,0.173,-0.181
2025-08-02,1.89,0.58,0.166,-0.208
2025-08-03,-0.27,-1.69,0.083,-0.236
2025-08-04,-0.92,-1.58,0.012,-0.231
2025-08-05,-1.16,-1.20,0.006,-0.173
2025-08-06,0.51,-1.67,0.048,-0.218
2025-08-07,-1.09,-1.89,0.078,-0.208
2025-08-08,-2.44,-1.19,-0.025,-0.129
2025-08-09,-2.92,-1.12,-0.084,-0.054
2025-08-10,-2.83,-0.97,-0.088,-0.058
2025-08-11,-2.48,-1.00,-0.045,-0.063
2025-08-12,-1.81,2.40,-0.067,-0.036
2025-08-13,2.20,3.03,0.079,0.035
2025-08-14,2.55,0.31,0.115,-0.047
2025-08-15,1.97,0.31,0.098,-0.101
2025-08-16,0.92,-1.59,0.084,-0.156
2025-08-17,1.44,-1.92,0.069,-0.162
2025-08-18,-1.18,-1.27,0.047,-0.145
2025-08-19,-1.37,-1.52,0.021,-0.126
2025-08-20,-1.73,-0.15,0.024,-0.098
2025-08-21,1.26,0.79,0.101,-0.162
2025-08-22,-0.65,-1.12,0.063,-0.154
2025-08-23,0.80,-1.39,0.067,-0.163
2025-08-24,1.36,0.05,0.114,-0.173
2025-08-25,-2.20,0.23,0.065,-0.147
2025-08-26,-0.92,-2.39,0.025,-0.127
2025-08-27,-1.01,-2.17,0.022,-0.124
2025-08-28,0.78,-1.74,0.043,-0.146
2025-08-29,-0.51,-2.05,0.020,-0.156
2025-08-30,-1.30,-0.09,0.016,-0.125
2025-08-31,-2.56,-1.86,-0.071,-0.098
2025-09-01,-3.52,-0.94,-0.084,-0.059
2025-09-02,-2.98,-0.74,-0.075,-0.036
2025-09-03,-1.95,-0.45,0.003,-0.041
2025-09-04,-0.24,1.74,0.012,-0.050
2025-09-05,-0.71,1.40,0.004,-0.061
2025-09-06,0.41,-1.35,0.013,-0.083
2025-09-07,-0.30,-3.38,-0.006,-0.115
2025-09-08,-1.01,-3.32,-0.022,-0.101
2025-09-09,-3.29,-1.13,-0.103,-0.062
2025-09-10,-2.97,-0.79,-0.106,-0.046
2025-09-11,-1.27,-1.52,0.019,-0.026
2025-09-12,-1.62,-1.09,0.041,-0.014
2025-09-13,-2.60,0.14,0.006,-0.024
2025-09-14,-0.98,-1.64,0.019,-0.059
2025-09-15,-1.25,1.05,0.029,-0.105
2025-09-16,-2.12,0.41,-0.002,-0.085
2025-09-17,-1.71,0.49,0.027,-0.070
2025-09-18,-1.40,1.31,0.049,-0.108
2025-09-19,1.97,0.14,0.077,-0.129
2025-09-20,1.87,-0.13,0.120,-0.145
2025-09-21,-1.88,0.47,0.060,-0.127
2025-09-22,-2.42,1.51,-0.010,-0.071
2025-09-23,-0.87,1.88,0.042,-0.094
2025-09-24,1.24,2.33,0.112,-0.102
2025-09-25,3.30,1.68,0.148,-0.062
2025-09-26,1.72,1.20,0.147,-0.173
2025-09-27,-0.10,-1.37,0.090,-0.185
2025-09-28,-0.81,-2.48,0.049,-0.181
2025-09-29,-1.86,-1.67,0.016,-0.135
2025-09-30,-0.70,-2.80,0.040,-0.148
2025-10-01,-2.08,-1.35,0.026,-0.102
2025-10-02,-2.93,-1.31,-0.068,-0.097
2025-10-03,-4.26,-2.26,-0.163,-0.067
2025-10-04,-5.14,-2.29,-0.171,-0.055
2025-10-05,-6.37,0.45,-0.198,-0.029
2025-10-06,-4.60,2.34,-0.133,-0.002
2025-10-07,-3.13,0.78,-0.097,-0.011
2025-10-08,-0.84,-1.72,0.003,-0.054
2025-10-09,-1.31,-3.24,-0.002,-0.048
2025-10-10,-2.60,-3.58,-0.087,-0.056
2025-10-11,-1.87,-3.84,-0.042,-0.056
2025-10-12,0.00,-2.34,0.032,-0.002
2025-10-13,1.13,-1.97,0.041,-0.010
2025-10-14,0.22,-2.52,-0.003,-0.031
2025-10-15,-2.14,-1.86,-0.026,-0.023
2025-10-16,1.62,-0.76,-0.010,-0.031
2025-10-17,-1.19,1.64,-0.014,-0.000
2025-10-18,-2.36,3.37,-0.084,0.028
2025-10-19,2.55,4.24,-0.005,0.010
2025-10-20,-2.09,-3.22,-0.040,-0.042
2025-10-21,-0.23,1.84,0.026,0.005
2025-10-22,0.17,-3.33,0.030,-0.031
2025-10-23,-1.99,-2.29,0.004,-0.014
2025-10-24,-2.76,-1.23,-0.019,-0.005
2025-10-25,-4.91,0.43,-0.115,0.012
2025-10-26,-5.42,4.09,-0.164,0.011
2025-10-27,2.43,-1.46,-0.026,0.003
2025-10-28,-0.69,-3.25,0.007,-0.056
2025-10-29,5.38,-0.66,0.086,0.037
2025-10-30,4.06,-3.53,0.128,0.000
2025-10-31,1.13,-1.61,0.106,-0.031
2025-11-01,-1.33,-1.84,0.016,-0.074
2025-11-02,0.19,-2.16,0.045,-0.096
2025-11-03,-0.32,-4.54,0.022,-0.076
2025-11-04,-1.81,-2.69,0.024,-0.034
2025-11-05,-1.29,-1.21,0.016,-0.085
2025-11-06,-2.09,-1.95,-0.049,-0.085
2025-11-07,-0.68,3.51,0.014,0.023
2025-11-08,2.84,1.45,0.091,-0.084
2025-11-09,3.89,-1.04,0.137,-0.075
2025-11-10,2.90,-5.69,0.089,-0.048
2025-11-11,0.13,-3.79,0.063,-0.049
2025-11-12,1.82,0.56,0.111,-0.121
2025-11-13,2.24,-0.52,0.113,-0.126
2025-11-14,1.62,-1.27,0.080,-0.124
2025-11-15,0.84,1.30,0.047,-0.107
2025-11-16,3.47,1.06,0.142,-0.019
2025-11-17,1.99,-1.45,0.070,-0.088
2025-11-18,-1.77,0.79,-0.009,-0.081
2025-11-19,0.38,1.54,0.009,-0.083
2025-11-20,-0.59,1.33,0.052,-0.074
2025-11-21,-0.78,2.90,0.040,-0.022
2025-11-22,2.87,2.24,0.084,-0.038
2025-11-23,1.88,-1.41,0.084,-0.092
2025-11-24,-1.38,-1.90,0.021,-0.088
2025-11-25,-0.43,4.87,0.007,0.035
2025-11-26,2.46,-3.39,0.028,-0.107
2025-11-27,0.38,-5.43,0.030,-0.078
2025-11-28,-0.34,-4.84,0.031,-0.054
2025-11-29,-4.24,-1.54,-0.107,-0.029
2025-11-30,-3.21,-1.93,-0.129,-0.062
2025-12-01,-2.43,-3.88,-0.101,-0.076
2025-12-02,-0.17,-4.79,-0.057,-0.082
2025-12-03,-0.29,-2.79,0.040,-0.033
2025-12-04,-3.24,-2.27,-0.056,-0.017
2025-12-05,-1.59,-3.58,-0.030,-0.020
2025-12-06,-0.83,-2.55,0.009,-0.067
2025-12-07,-1.70,-2.62,-0.054,-0.040
2025-12-08,-0.25,-4.81,-0.034,-0.090
2025-12-09,-0.93,-2.86,0.033,-0.059
2025-12-10,1.89,0.27,0.085,0.002
2025-12-11,1.87,-2.89,0.074,-0.008
2025-12-12,-0.35,1.53,0.067,-0.029
2025-12-13,-1.08,1.67,0.035,-0.067
2025-12-14,1.31,-4.88,0.035,-0.082
2025-12-15,-1.80,-4.46,-0.035,-0.097
2025-12-16,-1.90,-1.96,-0.031,-0.041
2025-12-17,-3.27,-0.76,-0.069,-0.009
2025-12-18,-2.79,2.43,-0.074,0.012
2025-12-19,3.27,-3.15,0.044,-0.048
2025-12-20,-3.09,-0.16,0.015,0.005
2025-12-21,-0.97,1.91,0.040,-0.008
2025-12-22,-3.30,0.40,-0.019,-0.035
2025-12-23,-3.06,0.71,-0.035,0.017
2025-12-24,-1.20,0.75,0.029,-0.074
2025-12-25,2.00,-0.03,0.107,-0.081
2025-12-26,2.53,1.13,0.127,-0.084
2025-12-27,2.99,1.80,0.120,-0.064
2025-12-28,1.20,2.09,0.110,-0.120
2025-12-29,4.18,-3.63,0.099,-0.053
2025-12-30,1.71,-5.60,0.084,-0.056
2025-12-31,2.10,-2.50,0.093,-0.089
2026-01-01,3.25,-0.40,0.152,-0.096
2026-01-02,2.50,1.75,0.142,-0.093
2026-01-03,4.49,2.70,0.151,0.023
2026-01-04,-1.52,-3.26,-0.001,-0.161
2026-01-05,-1.85,-0.29,-0.005,-0.139
2026-01-06,0.42,2.98,-0.004,-0.094
2026-01-07,3.43,1.67,0.115,-0.085
2026-01-08,-0.32,3.01,0.081,-0.038
2026-01-09,-2.80,3.34,-0.056,0.038
2026-01-10,0.66,4.72,0.015,0.034
2026-01-11,0.89,-5.63,0.043,-0.106
2026-01-12,-1.11,-4.13,-0.004,-0.061
2026-01-13,-0.30,-2.43,0.026,-0.080
2026-01-14,3.31,-0.17,0.127,-0.076
2026-01-15,2.40,-4.52,0.093,-0.061
2026-01-16,1.13,2.21,0.108,-0.027
2026-01-17,3.55,-1.89,0.048,-0.104
2026-01-18,1.72,-4.73,0.030,-0.079
2026-01-19,1.03,-2.69,0.082,-0.088
2026-01-20,-1.11,-1.99,0.052,-0.096
2026-01-21,-4.13,0.58,-0.043,-0.030
2026-01-22,-1.18,2.92,-0.042,-0.078
2026-01-23,-0.34,-2.74,-0.015,-0.122
2026-01-24,-4.04,-2.34,-0.068,-0.060
2026-01-25,-1.24,6.36,-0.012,0.050
2026-01-26,2.20,-6.39,0.061,-0.058
2026-01-27,0.55,-4.52,0.060,-0.048
2026-01-28,0.98,-1.85,0.072,-0.088
2026-01-29,-0.42,-2.00,0.065,-0.080
2026-01-30,0.51,-2.63,0.009,-0.103
2026-01-31,3.40,-6.40,0.082,-0.090
2026-02-01,2.71,-5.09,0.107,-0.026
2026-02-02,2.04,-1.04,0.113,-0.111
2026-02-03,1.89,2.10,0.142,-0.092
2026-02-04,3.80,0.53,0.057,-0.101
2026-02-05,2.53,-5.19,0.065,-0.075
2026-02-06,4.19,-0.15,0.158,0.009
2026-02-07,2.14,-4.02,0.104,-0.143
2026-02-08,-2.08,-1.74,0.059,-0.139
2026-02-09,0.85,2.10,0.049,-0.177
2026-02-10,0.79,1.97,-0.008,-0.156
2026-02-11,2.27,1.53,-0.001,-0.112
2026-02-12,0.59,-2.57,0.038,-0.092
2026-02-13,0.41,-2.11,0.051,-0.098
2026-02-14,-3.12,0.49,-0.014,-0.085
2026-02-15,3.73,5.74,0.050,0.060
2026-02-16,1.20,-3.91,0.046,-0.112
2026-02-17,-2.43,0.89,0.053,-0.145
2026-02-18,-1.09,4.09,-0.006,-0.018
2026-02-19,1.75,4.81,0.100,-0.013
2026-02-20,2.51,3.72,0.078,-0.049
2026-02-21,2.71,3.47,0.129,-0.039
2026-02-22,2.40,-6.25,0.112,-0.112
2026-02-23,2.45,-5.51,0.117,-0.055
2026-02-24,0.50,-2.82,0.085,-0.158
2026-02-25,3.07,3.41,0.152,-0.087
2026-02-26,2.40,4.17,0.096,-0.062
2026-02-27,2.41,2.78,0.073,-0.142
2026-02-28,-2.41,-0.51,0.012,-0.082
2026-03-01,-2.10,0.52,0.050,-0.103
2026-03-02,-2.58,0.55,0.025,-0.096
2026-03-03,-3.88,1.89,-0.079,-0.009
2026-03-04,-3.55,1.66,-0.084,-0.011
2026-03-05,-2.96,1.57,-0.066,0.002
2026-03-06,-3.46,2.00,-0.074,0.005
2026-03-07,-3.01,2.62,-0.044,-0.002
2026-03-08,-0.89,2.75,0.028,-0.070
2026-03-09,-0.29,1.85,0.064,-0.099
2026-03-10,-0.56,3.19,0.085,-0.077
2026-03-11,-1.36,4.18,0.068,-0.047
2026-03-12,2.82,-5.30,0.055,-0.021
2026-03-13,-1.97,-2.27,0.023,-0.127
2026-03-14,-1.47,0.53,0.105,-0.184
2026-03-15,-1.49,3.68,0.093,-0.084
2026-03-16,6.83,-2.22,0.102,-0.023
2026-03-17,1.71,-3.66,0.110,-0.181
2026-03-18,-1.21,-2.27,0.084,-0.173
2026-03-19,1.99,-0.10,0.170,-0.239
2026-03-20,1.89,0.88,0.175,-0.250
2026-03-21,2.93,1.37,0.202,-0.215
2026-03-22,3.63,2.18,0.190,-0.201
2026-03-23,4.05,1.16,0.193,-0.201
2026-03-24,1.39,-2.98,0.110,-0.200
2026-03-25,-3.06,1.49,-0.010,-0.109
2026-03-26,-1.09,1.97,0.049,-0.128
2026-03-27,1.79,1.73,0.111,-0.186
2026-03-28,0.64,-5.23,0.072,-0.175
2026-03-29,-5.35,0.85,-0.108,-0.061
2026-03-30,-4.62,1.50,-0.124,-0.028
2026-03-31,-2.81,2.28,-0.055,-0.048
2026-04-01,-2.43,2.70,-0.037,-0.041
2026-04-02,-2.86,2.86,-0.048,-0.022
2026-04-03,-3.30,2.14,-0.076,-0.045
2026-04-04,-3.08,2.16,-0.082,-0.042
2026-04-05,1.56,2.70,0.037,-0.107
2026-04-06,-1.26,-5.05,-0.030,-0.136
2026-04-07,-3.08,-3.43,-0.056,-0.061
2026-04-08,-3.83,-1.55,-0.111,-0.033
2026-04-09,-5.43,-0.38,-0.155,-0.027
2026-04-10,-3.79,0.74,-0.080,-0.007
2026-04-11,-2.43,0.17,0.024,-0.027
2026-04-12,-2.26,1.53,-0.004,-0.003
2026-04-13,-1.74,2.68,-0.059,0.027
2026-04-14,-1.23,2.04,-0.045,0.010
2026-04-15,-1.03,2.43,0.032,0.036
2026-04-16,-0.08,2.21,0.056,-0.061
2026-04-17,0.64,2.24,0.122,-0.120
2026-04-18,1.35,2.65,0.191,-0.135
2026-04-19,1.11,-5.21,0.101,-0.217
2026-04-20,-2.95,-3.05,0.023,-0.129
2026-04-21,-2.97,0.05,0.056,-0.162
2026-04-22,-2.61,0.56,0.050,-0.167
2026-04-23,-2.73,2.06,-0.011,-0.143
2026-04-24,-1.66,3.12,0.017,-0.128
2026-04-25,1.75,2.40,0.132,-0.192
2026-04-26,2.03,0.39,0.196,-0.202
2026-04-27,-1.19,2.14,0.148,-0.165
2026-04-28,-1.78,3.65,0.067,-0.099
2026-04-29,0.46,4.35,0.124,-0.129
2026-04-30,2.40,-1.17,0.206,-0.260
2026-05-01,-0.93,-2.56,0.139,-0.253
2026-05-02,-1.52,-5.68,-0.020,-0.213
2026-05-03,0.06,-3.38,0.085,-0.250
2026-05-04,-0.45,2.32,0.116,-0.222
2026-05-05,-0.46,2.00,0.145,-0.186
2026-05-06,-0.22,4.13,0.112,-0.105
2026-05-07,2.88,3.96,0.144,-0.056
2026-05-08,-1.03,-2.43,0.052,-0.195
2026-05-09,-2.14,2.22,0.058,-0.152
2026-05-10,-1.80,1.26,0.029,-0.182
2026-05-11,0.47,1.21,0.111,-0.230
2026-05-12,-2.53,-2.91,0.035,-0.226
2026-05-13,-1.54,-3.30,0.006,-0.143
2026-05-14,1.57,-2.52,0.150,-0.233
2026-05-15,-2.98,-1.33,0.087,-0.147
2026-05-16,-1.01,1.91,0.117,-0.165
2026-05-17,-0.85,2.34,0.127,-0.205
2026-05-18,-2.67,2.49,0.017,-0.120
2026-05-19,-2.66,2.15,-0.029,-0.082
2026-05-20,-1.55,1.99,0.043,-0.125
2026-05-21,-1.30,2.35,0.063,-0.123
2026-05-22,-0.95,4.45,0.087,-0.016
2026-05-23,-1.00,2.48,0.074,-0.143
2026-05-24,-0.62,2.90,0.100,-0.155
2026-05-25,-3.47,2.43,0.017,-0.097
2026-05-26,-2.23,3.43,0.053,-0.098
2026-05-27,-2.90,2.10,0.044,-0.196
2026-05-28,-0.57,2.13,0.120,-0.252
2026-05-29,0.13,2.53,0.223,-0.251
2026-05-30,2.27,2.44,0.272,-0.213
2026-05-31,2.93,1.83,0.291,-0.263
2026-06-01,3.00,1.53,0.289,-0.281
2026-06-02,2.68,-0.42,0.228,-0.283
2026-06-03,-4.47,-0.87,0.002,-0.169
2026-06-04,-5.53,0.48,-0.152,-0.022
2026-06-05,-4.76,1.64,-0.091,0.016
2026-06-06,-3.62,3.26,-0.024,0.027
2026-06-07,-1.09,3.37,0.058,-0.086
2026-06-08,-1.34,1.98,0.093,-0.141
2026-06-09,-1.96,1.22,0.071,-0.190
2026-06-10,-1.57,1.75,0.084,-0.163
2026-06-11,-0.29,2.06,0.155,-0.225
2026-06-12,0.48,1.81,0.188,-0.233
2026-06-13,2.29,1.27,0.251,-0.267
2026-06-14,3.23,1.18,0.276,-0.260
2026-06-15,3.86,0.82,0.286,-0.264
2026-06-16,2.27,2.52,0.248,-0.170
2026-06-17,2.20,4.14,0.224,-0.115
2026-06-18,1.09,6.20,0.120,-0.008
2026-06-19,3.59,2.80,0.190,-0.209
2026-06-20,0.68,2.52,0.237,-0.288
2026-06-21,2.16,3.08,0.247,-0.217
2026-06-22,3.20,3.43,0.250,-0.193
2026-06-23,4.17,0.59,0.279,-0.286
2026-06-24,0.29,-2.38,0.148,-0.241
2026-06-25,1.89,0.23,0.191,-0.317
2026-06-26,2.24,1.40,0.168,-0.298
2026-06-27,2.02,2.41,0.185,-0.219
2026-06-28,2.27,1.77,0.178,-0.199
2026-06-29,1.60,0.85,0.192,-0.273
2026-06-30,1.45,-1.86,0.152,-0.318
2026-07-01,-2.69,-0.72,0.045,-0.210
2026-07-02,-2.33,0.41,-0.000,-0.226
2026-07-03,-0.52,1.60,0.049,-0.201
2026-07-04,0.31,1.08,0.069,-0.241
2026-07-05,1.55,1.13,0.119,-0.246
2026-07-06,2.28,-0.28,0.141,-0.249
2026-07-07,2.61,1.89,0.209,-0.218
2026-07-08,2.39,0.42,0.203,-0.258
2026-07-09,1.80,1.31,0.194,-0.247
2026-07-10,1.28,1.64,0.190,-0.254
2026-07-11,0.31,1.97,0.126,-0.212
2026-07-12,2.72,1.63,0.165,-0.191
2026-07-13,3.62,0.00,0.241,-0.215
2026-07-14,3.65,0.00,0.240,-0.266
2026-07-15,2.78,-0.34,0.204,-0.305
2026-07-16,2.90,-0.62,0.200,-0.278
2026-07-17,2.60,-1.96,0.179,-0.289
2026-07-18,0.94,-2.33,0.166,-0.272
2026-07-19,-1.27,-1.27,0.040,-0.269
2026-07-20,-0.65,-3.67,-0.045,-0.248
2026-07-21,-4.01,-4.61,-0.186,-0.173
2026-07-22,-7.98,5.80,-0.163,0.040
2026-07-23,-0.70,5.68,0.078,0.135
2026-07-24,1.07,1.70,0.107,0.051
2026-07-25,2.41,0.51,0.140,-0.081
2026-07-26,3.67,0.39,0.212,-0.111
2026-07-27,3.90,0.27,0.217,-0.160
2026-07-28,3.36,-0.72,0.198,-0.210
2026-07-29,3.30,-0.52,0.180,-0.216
2026-07-30,3.26,0.28,0.169,-0.205
2026-07-31,2.68,0.62,0.143,-0.203
2026-08-01,4.18,1.52,0.207,-0.151
2026-08-02,4.43,1.97,0.191,-0.117
2026-08-03,2.27,-1.21,0.100,-0.245
2026-08-04,1.21,-1.09,0.067,-0.219
2026-08-05,1.42,1.38,0.081,-0.193
2026-08-06,0.03,1.79,0.047,-0.171
2026-08-07,-2.42,1.18,-0.063,-0.065
2026-08-08,-0.88,-1.52,-0.022,-0.096
2026-08-09,-1.49,0.86,-0.007,-0.107
2026-08-10,-0.14,2.05,0.007,-0.065
2026-08-11,0.60,1.95,0.066,-0.092
2026-08-12,2.83,1.77,0.161,-0.099
2026-08-13,3.23,1.18,0.182,-0.148
2026-08-14,2.84,0.40,0.179,-0.188
2026-08-15,2.18,-0.15,0.130,-0.206
2026-08-16,1.77,0.86,0.113,-0.202
2026-08-17,2.99,-0.05,0.166,-0.183
2026-08-18,3.36,-0.53,0.175,-0.187
2026-08-19,2.72,0.43,0.144,-0.201
2026-08-20,2.83,0.25,0.133,-0.169
2026-08-21,1.66,-0.03,0.110,-0.191
2026-08-22,2.13,-0.69,0.101,-0.207
2026-08-23,2.17,-0.46,0.124,-0.214
2026-08-24,2.13,0.34,0.153,-0.191
2026-08-25,0.95,-1.41,0.067,-0.200
2026-08-26,1.72,0.33,0.082,-0.187
2026-08-27,1.37,-1.28,0.083,-0.222
2026-08-28,-0.94,-1.63,0.010,-0.154
2026-08-29,-3.10,-0.55,-0.086,-0.054
2026-08-30,-3.64,0.32,-0.106,-0.000
2026-08-31,-3.35,0.12,-0.088,-0.000
2026-09-01,-1.98,0.46,-0.015,-0.022
2026-09-02,-1.23,-0.02,0.018,-0.073
2026-09-03,-0.88,-2.19,0.007,-0.090
2026-09-04,-1.44,-0.33,-0.038,-0.036
2026-09-05,0.18,0.85,0.035,-0.050
2026-09-06,1.65,0.77,0.100,-0.077
2026-09-07,1.60,0.82,0.105,-0.110
2026-09-08,-3.22,-0.45,-0.064,-0.064
2026-09-09,-2.85,-1.33,-0.093,-0.061
2026-09-10,-1.94,0.34,-0.021,0.004
2026-09-11,0.43,3.47,0.059,0.045
2026-09-12,1.75,1.52,0.090,-0.069
2026-09-13,1.20,0.72,0.077,-0.106
2026-09-14,1.51,-0.55,0.082,-0.125
2026-09-15,-0.90,-1.84,0.042,-0.117
2026-09-16,-4.33,-0.00,-0.134,-0.044
2026-09-17,-3.52,-1.42,-0.136,-0.048
2026-09-18,-2.57,-1.09,-0.040,-0.012
2026-09-19,1.75,-0.54,0.041,0.008
2026-09-20,0.37,-1.73,0.046,-0.072
2026-09-21,-1.11,-0.84,0.057,-0.066
2026-09-22,0.04,-2.21,0.035,-0.100
2026-09-23,-1.66,-2.12,-0.016,-0.069
2026-09-24,-1.54,-1.60,-0.029,-0.047
2026-09-25,-2.75,-2.56,-0.062,-0.040
