date,wind_u,wind_v,cur_u,cur_v
2016-01-01,1.41,-4.08,,
2016-01-02,1.63,-3.83,,
2016-01-03,2.46,-2.73,,
2016-01-04,2.44,-2.35,,
2016-01-05,2.11,-2.70,,
2016-01-06,0.54,-3.38,,
2016-01-07,0.39,-3.18,,
2016-01-08,-0.11,-3.22,,
2016-01-09,0.46,-3.27,,
2016-01-10,0.51,-3.23,,
2016-01-11,-0.12,-3.40,,
2016-01-12,1.77,-3.47,,
2016-01-13,0.56,-3.57,,
2016-01-14,0.28,-2.69,,
2016-01-15,1.06,-2.77,,
2016-01-16,0.41,-3.33,,
2016-01-17,0.42,-3.02,,
2016-01-18,0.31,-4.46,,
2016-01-19,0.19,-5.47,,
2016-01-20,-0.18,-5.10,,
2016-01-21,-0.74,-3.82,,
2016-01-22,1.40,-3.01,,
2016-01-23,1.85,-4.17,,
2016-01-24,1.17,-5.53,,
2016-01-25,-0.44,-5.06,,
2016-01-26,0.53,-3.37,,
2016-01-27,1.97,-3.03,,
2016-01-28,2.44,-2.52,,
2016-01-29,1.91,-3.45,,
2016-01-30,0.50,-4.09,,
2016-01-31,0.29,-3.35,,
2016-02-01,0.58,-2.96,,
2016-02-02,0.55,-2.81,,
2016-02-03,0.44,-3.58,,
2016-02-04,0.97,-3.63,,
2016-02-05,0.30,-4.30,,
2016-02-06,-0.33,-4.76,,
2016-02-07,1.51,-5.63,,
2016-02-08,2.16,-5.94,,
2016-02-09,0.76,-5.44,,
2016-02-10,0.31,-5.98,,
2016-02-11,-0.22,-6.24,,
2016-02-12,0.00,-5.60,,
2016-02-13,0.47,-5.41,,
2016-02-14,-0.47,-5.39,,
2016-02-15,-0.24,-4.65,,
2016-02-16,1.24,-4.06,,
2016-02-17,0.79,-4.46,,
2016-02-18,-0.18,-5.16,,
2016-02-19,-1.14,-5.87,,
2016-02-20,-0.10,-5.61,,
2016-02-21,0.08,-4.83,,
2016-02-22,0.13,-3.75,,
2016-02-23,0.59,-3.33,,
2016-02-24,1.30,-2.67,,
2016-02-25,1.40,-3.66,,
2016-02-26,-0.32,-4.57,,
2016-02-27,-0.18,-5.21,,
2016-02-28,-0.28,-5.29,,
2016-02-29,0.39,-4.48,,
2016-03-01,1.06,-3.96,,
2016-03-02,-0.07,-3.96,,
2016-03-03,0.20,-3.73,,
2016-03-04,1.33,-3.46,,
2016-03-05,0.81,-3.25,,
2016-03-06,0.44,-2.51,,
2016-03-07,0.21,-1.99,,
2016-03-08,-0.43,-2.42,,
2016-03-09,0.18,-3.40,,
2016-03-10,0.46,-2.62,,
2016-03-11,-0.84,-3.15,,
2016-03-12,-0.94,-3.52,,
2016-03-13,0.17,-3.23,,
2016-03-14,0.50,-2.59,,
2016-03-15,0.24,-3.44,,
2016-03-16,0.69,-3.92,,
2016-03-17,0.91,-3.38,,
2016-03-18,0.69,-2.77,,
2016-03-19,0.79,-2.75,,
2016-03-20,1.24,-2.44,,
2016-03-21,0.57,-3.61,,
2016-03-22,0.00,-5.21,,
2016-03-23,-0.09,-5.36,,
2016-03-24,0.87,-4.09,,
2016-03-25,1.12,-3.67,,
2016-03-26,1.33,-3.65,,
2016-03-27,1.56,-3.66,,
2016-03-28,0.62,-2.91,,
2016-03-29,0.66,-3.10,,
2016-03-30,0.92,-2.83,,
2016-03-31,0.28,-1.99,,
2016-04-01,0.91,-1.78,,
2016-04-02,0.77,2.10,,
2016-04-03,-0.87,1.00,,
2016-04-04,-0.11,-3.21,,
2016-04-05,0.35,-4.00,,
2016-04-06,0.16,-4.48,,
2016-04-07,0.24,-4.65,,
2016-04-08,1.10,-4.75,,
2016-04-09,0.38,-5.45,,
2016-04-10,0.29,-5.49,,
2016-04-11,0.24,-4.52,,
2016-04-12,1.04,-2.45,,
2016-04-13,-0.04,-2.46,,
2016-04-14,-0.63,-2.37,,
2016-04-15,-0.09,-2.68,,
2016-04-16,0.40,-2.54,,
2016-04-17,0.77,-2.01,,
2016-04-18,0.05,-2.72,,
2016-04-19,-0.23,-2.68,,
2016-04-20,0.61,-2.45,,
2016-04-21,1.28,-2.75,,
2016-04-22,1.93,-2.75,,
2016-04-23,2.20,-1.72,,
2016-04-24,1.25,1.17,,
2016-04-25,-0.13,1.50,,
2016-04-26,1.91,-0.48,,
2016-04-27,-0.69,1.72,,
2016-04-28,-0.35,1.53,,
2016-04-29,-0.56,1.83,,
2016-04-30,0.85,1.02,,
2016-05-01,-0.10,1.88,,
2016-05-02,-0.55,2.19,,
2016-05-03,-0.05,3.12,,
2016-05-04,-1.02,1.77,,
2016-05-05,-0.44,0.98,,
2016-05-06,0.52,1.12,,
2016-05-07,1.19,-0.43,,
2016-05-08,2.10,-2.89,,
2016-05-09,2.09,-3.21,,
2016-05-10,1.89,-2.25,,
2016-05-11,0.58,-1.36,,
2016-05-12,1.00,-2.04,,
2016-05-13,0.32,-3.04,,
2016-05-14,1.18,-2.93,,
2016-05-15,1.99,-1.99,,
2016-05-16,2.28,-2.20,,
2016-05-17,2.41,-2.17,,
2016-05-18,1.70,-1.28,,
2016-05-19,1.08,-1.01,,
2016-05-20,1.44,-1.54,,
2016-05-21,1.63,-1.68,,
2016-05-22,1.86,-2.14,,
2016-05-23,1.88,-1.88,,
2016-05-24,1.66,-1.50,,
2016-05-25,1.79,-0.76,,
2016-05-26,1.47,-0.85,,
2016-05-27,0.09,1.35,,
2016-05-28,0.37,1.48,,
2016-05-29,-0.59,1.17,,
2016-05-30,-0.86,0.86,,
2016-05-31,0.63,0.87,,
2016-06-01,-0.19,0.90,,
2016-06-02,0.56,0.86,,
2016-06-03,-1.07,1.65,,
2016-06-04,-0.93,2.43,,
2016-06-05,0.73,1.26,,
2016-06-06,2.31,-0.28,,
2016-06-07,0.05,1.52,,
2016-06-08,-0.81,1.59,,
2016-06-09,-0.76,1.01,,
2016-06-10,1.45,-0.34,,
2016-06-11,-0.69,1.19,,
2016-06-12,0.18,-1.30,,
2016-06-13,2.27,-1.65,,
2016-06-14,2.42,-0.83,,
2016-06-15,-0.77,1.11,,
2016-06-16,0.27,-1.52,,
2016-06-17,1.38,-1.70,,
2016-06-18,1.50,-0.70,,
2016-06-19,1.38,-1.38,,
2016-06-20,1.69,-0.79,,
2016-06-21,1.51,-0.77,,
2016-06-22,0.82,-0.10,,
2016-06-23,1.70,-1.89,,
2016-06-24,2.62,-0.27,,
2016-06-25,1.34,0.84,,
2016-06-26,0.90,-1.70,,
2016-06-27,2.35,-2.27,,
2016-06-28,1.29,-1.77,,
2016-06-29,1.81,-2.01,,
2016-06-30,2.10,-1.96,,
2016-07-01,1.83,0.49,,
2016-07-02,2.08,-1.35,,
2016-07-03,1.83,-1.54,,
2016-07-04,2.04,-1.48,,
2016-07-05,1.28,-1.42,,
2016-07-06,1.62,-1.73,,
2016-07-07,0.95,-1.31,,
2016-07-08,0.97,-0.73,,
2016-07-09,1.67,-1.85,,
2016-07-10,1.13,-1.88,,
2016-07-11,1.82,-0.45,,
2016-07-12,1.88,-0.72,,
2016-07-13,1.16,-1.39,,
2016-07-14,1.69,-1.52,,
2016-07-15,2.36,-1.91,,
2016-07-16,1.19,-1.53,,
2016-07-17,2.76,-1.79,,
2016-07-18,1.79,1.21,,
2016-07-19,0.11,-1.04,,
2016-07-20,0.97,-1.69,,
2016-07-21,1.86,-2.56,,
2016-07-22,1.42,-1.42,,
2016-07-23,1.22,-0.68,,
2016-07-24,1.46,-1.62,,
2016-07-25,0.61,-1.87,,
2016-07-26,1.67,-2.07,,
2016-07-27,2.06,-1.85,,
2016-07-28,1.49,-1.49,,
2016-07-29,1.76,-1.43,,
2016-07-30,1.66,-1.91,,
2016-07-31,2.28,-2.44,,
2016-08-01,1.48,-1.59,,
2016-08-02,1.30,-1.17,,
2016-08-03,0.21,1.32,,
2016-08-04,-0.86,2.25,,
2016-08-05,-0.93,0.63,,
2016-08-06,0.81,-1.19,,
2016-08-07,1.64,-1.76,,
2016-08-08,1.67,-0.78,,
2016-08-09,1.34,-0.68,,
2016-08-10,0.90,-1.56,,
2016-08-11,2.16,-1.30,,
2016-08-12,2.03,-1.17,,
2016-08-13,1.53,-1.03,,
2016-08-14,0.26,1.64,,
2016-08-15,1.60,-0.23,,
2016-08-16,1.49,-1.21,,
2016-08-17,2.34,-1.58,,
2016-08-18,1.53,-1.11,,
2016-08-19,1.42,-0.66,,
2016-08-20,1.72,-0.69,,
2016-08-21,1.61,-1.56,,
2016-08-22,1.90,-1.19,,
2016-08-23,1.85,-2.85,,
2016-08-24,1.43,-2.58,,
2016-08-25,1.59,-1.77,,
2016-08-26,1.53,0.65,,
2016-08-27,-0.67,1.66,,
2016-08-28,-0.90,0.70,,
2016-08-29,-0.69,1.11,,
2016-08-30,-0.16,1.83,,
2016-08-31,-0.65,2.27,,
2016-09-01,-0.35,3.30,,
2016-09-02,-0.54,1.40,,
2016-09-03,0.99,-0.96,,
2016-09-04,1.09,-1.39,,
2016-09-05,1.51,0.27,,
2016-09-06,0.88,-0.32,,
2016-09-07,-0.08,1.11,,
2016-09-08,0.64,-1.16,,
2016-09-09,1.82,-1.52,,
2016-09-10,2.01,-0.46,,
2016-09-11,1.48,-0.08,,
2016-09-12,0.50,1.23,,
2016-09-13,0.19,1.38,,
2016-09-14,-0.89,0.70,,
2016-09-15,1.33,0.93,,
2016-09-16,0.86,-0.80,,
2016-09-17,1.27,-2.29,,
2016-09-18,1.73,-1.61,,
2016-09-19,1.13,-1.40,,
2016-09-20,2.10,-1.89,,
2016-09-21,1.13,-1.81,,
2016-09-22,1.43,0.23,,
2016-09-23,1.13,0.70,,
2016-09-24,1.59,-2.12,,
2016-09-25,1.66,-0.88,,
2016-09-26,1.23,-0.47,,
2016-09-27,1.83,-1.49,,
2016-09-28,1.92,-1.61,,
2016-09-29,1.88,-2.24,,
2016-09-30,1.41,-2.10,,
2016-10-01,2.91,-1.68,,
2016-10-02,1.18,2.13,,
2016-10-03,1.57,3.07,,
2016-10-04,0.48,2.70,,
2016-10-05,-0.72,1.69,,
2016-10-06,-1.14,1.10,,
2016-10-07,-0.35,1.52,,
2016-10-08,-0.51,2.05,,
2016-10-09,-0.53,1.00,,
2016-10-10,-0.78,1.35,,
2016-10-11,1.47,0.21,,
2016-10-12,-0.00,1.84,,
2016-10-13,-0.81,0.90,,
2016-10-14,0.41,-1.52,,
2016-10-15,1.62,-1.14,,
2016-10-16,1.38,1.48,,
2016-10-17,0.04,2.41,,
2016-10-18,0.72,3.14,,
2016-10-19,0.54,3.08,,
2016-10-20,0.05,2.95,,
2016-10-21,-0.92,0.99,,
2016-10-22,0.77,-1.38,,
2016-10-23,1.29,-1.72,,
2016-10-24,1.64,-2.03,,
2016-10-25,2.48,-2.16,,
2016-10-26,1.22,-0.65,,
2016-10-27,0.12,1.77,,
2016-10-28,0.22,2.12,,
2016-10-29,0.28,0.92,,
2016-10-30,0.46,-0.83,,
2016-10-31,1.85,-0.99,,
2016-11-01,0.99,1.42,,
2016-11-02,0.67,1.32,,
2016-11-03,0.70,-0.93,,
2016-11-04,0.68,-1.04,,
2016-11-05,0.98,-1.77,,
2016-11-06,1.81,-1.95,,
2016-11-07,2.28,-2.28,,
2016-11-08,2.25,-1.82,,
2016-11-09,1.62,-1.51,,
2016-11-10,1.69,-2.50,,
2016-11-11,2.03,-1.89,,
2016-11-12,1.80,-0.62,,
2016-11-13,1.98,-1.39,,
2016-11-14,2.16,-0.58,,
2016-11-15,1.92,1.11,,
2016-11-16,1.67,2.89,,
2016-11-17,1.21,2.59,,
2016-11-18,0.04,2.07,,
2016-11-19,0.47,2.94,,
2016-11-20,2.48,2.40,,
2016-11-21,3.70,4.40,,
2016-11-22,5.54,2.94,,
2016-11-23,1.73,4.29,,
2016-11-24,-0.12,1.74,,
2016-11-25,0.45,1.00,,
2016-11-26,1.70,-0.24,,
2016-11-27,1.49,0.13,,
2016-11-28,1.76,-0.57,,
2016-11-29,1.26,-0.29,,
2016-11-30,0.77,-0.58,,
2016-12-01,1.21,-1.05,,
2016-12-02,2.17,-2.33,,
2016-12-03,2.31,-0.93,,
2016-12-04,-0.04,1.08,,
2016-12-05,0.88,-1.25,,
2016-12-06,1.79,-1.61,,
2016-12-07,2.13,-1.61,,
2016-12-08,2.26,-1.41,,
2016-12-09,2.14,-1.61,,
2016-12-10,2.37,-2.06,,
2016-12-11,2.24,-0.60,,
2016-12-12,0.96,0.22,,
2016-12-13,1.63,-1.19,,
2016-12-14,1.67,-1.73,,
2016-12-15,1.32,-2.83,,
2016-12-16,1.49,-2.39,,
2016-12-17,0.04,-2.39,,
2016-12-18,0.50,-2.18,,
2016-12-19,-0.06,-3.39,,
2016-12-20,-1.06,-4.57,,
2016-12-21,0.87,-2.67,,
2016-12-22,1.96,-2.69,,
2016-12-23,2.62,-2.44,,
2016-12-24,2.04,-2.43,,
2016-12-25,2.12,-1.98,,
2016-12-26,1.37,-2.11,,
2016-12-27,-0.28,-3.18,,
2016-12-28,0.40,-2.88,,
2016-12-29,-0.14,-4.10,,
2016-12-30,1.54,-4.22,,
2016-12-31,0.86,-3.45,,
2017-01-01,1.12,-2.02,,
2017-01-02,0.74,-2.26,,
2017-01-03,2.11,-3.80,,
2017-01-04,1.93,-3.34,,
2017-01-05,0.86,-3.23,,
2017-01-06,0.86,-3.01,,
2017-01-07,2.68,-2.97,,
2017-01-08,0.95,-3.80,,
2017-01-09,0.07,-4.16,,
2017-01-10,-0.32,-4.55,,
2017-01-11,-0.07,-3.82,,
2017-01-12,-0.05,-2.87,,
2017-01-13,-0.75,-2.46,,
2017-01-14,-0.06,-3.32,,
2017-01-15,0.36,-4.08,,
2017-01-16,0.73,-3.41,,
2017-01-17,0.60,-2.42,,
2017-01-18,0.45,-3.69,,
2017-01-19,0.88,-2.72,,
2017-01-20,1.05,-2.36,,
2017-01-21,0.58,-2.03,,
2017-01-22,-1.38,0.77,,
2017-01-23,-1.38,0.97,,
2017-01-24,0.42,-1.22,,
2017-01-25,0.57,-3.60,,
2017-01-26,1.31,-4.02,,
2017-01-27,1.11,-3.88,,
2017-01-28,0.70,-4.42,,
2017-01-29,1.12,-4.86,,
2017-01-30,1.31,-5.24,,
2017-01-31,0.89,-5.06,,
2017-02-01,0.74,-4.68,,
2017-02-02,0.83,-5.22,,
2017-02-03,0.97,-4.57,,
2017-02-04,1.27,-4.73,,
2017-02-05,0.63,-5.16,,
2017-02-06,0.69,-4.91,,
2017-02-07,1.04,-5.37,,
2017-02-08,1.29,-4.81,,
2017-02-09,1.28,-3.95,,
2017-02-10,0.09,-5.36,,
2017-02-11,0.10,-5.54,,
2017-02-12,0.79,-4.47,,
2017-02-13,1.09,-3.56,,
2017-02-14,1.24,-2.55,,
2017-02-15,1.00,-2.35,,
2017-02-16,1.28,-2.63,,
2017-02-17,0.82,-2.26,,
2017-02-18,0.96,-2.50,,
2017-02-19,0.98,-3.40,,
2017-02-20,1.56,-3.86,,
2017-02-21,0.63,-2.73,,
2017-02-22,0.42,-2.39,,
2017-02-23,-0.93,1.61,,
2017-02-24,-1.01,1.24,,
2017-02-25,-0.91,1.30,,
2017-02-26,0.19,-2.16,,
2017-02-27,0.48,-4.55,,
2017-02-28,0.61,-4.34,,
2017-03-01,0.81,-4.14,,
2017-03-02,0.73,-4.13,,
2017-03-03,0.98,-4.59,,
2017-03-04,0.08,-4.67,,
2017-03-05,0.79,-5.60,,
2017-03-06,0.35,-4.03,,
2017-03-07,0.29,-4.20,,
2017-03-08,0.45,-4.28,,
2017-03-09,0.00,-3.40,,
2017-03-10,0.81,-3.81,,
2017-03-11,1.29,-3.96,,
2017-03-12,1.17,-3.04,,
2017-03-13,1.37,-3.99,,
2017-03-14,2.03,-3.26,,
2017-03-15,0.48,-3.89,,
2017-03-16,0.00,-4.15,,
2017-03-17,0.15,-4.24,,
2017-03-18,0.45,-4.31,,
2017-03-19,0.53,-4.34,,
2017-03-20,0.79,-3.44,,
2017-03-21,0.21,-2.97,,
2017-03-22,0.35,-4.02,,
2017-03-23,0.32,-3.65,,
2017-03-24,0.32,-3.67,,
2017-03-25,0.59,-3.74,,
2017-03-26,0.62,-2.91,,
2017-03-27,0.45,-2.57,,
2017-03-28,1.05,-2.74,,
2017-03-29,1.03,-2.68,,
2017-03-30,1.33,-2.50,,
2017-03-31,1.45,-1.99,,
2017-04-01,1.48,-2.03,,
2017-04-02,1.96,-2.42,,
2017-04-03,1.85,-2.64,,
2017-04-04,1.16,-2.18,,
2017-04-05,1.09,-2.45,,
2017-04-06,1.72,-4.04,,
2017-04-07,0.61,-3.82,,
2017-04-08,0.77,-5.51,,
2017-04-09,0.77,-3.35,,
2017-04-10,0.90,-3.63,,
2017-04-11,0.50,-3.56,,
2017-04-12,0.58,-3.63,,
2017-04-13,0.86,-4.41,,
2017-04-14,0.15,-4.20,,
2017-04-15,0.43,-4.87,,
2017-04-16,0.65,-4.61,,
2017-04-17,1.84,-2.83,,
2017-04-18,1.53,-2.04,,
2017-04-19,1.74,-1.41,,
2017-04-20,0.78,1.74,,
2017-04-21,-0.96,2.36,,
2017-04-22,-0.82,1.13,,
2017-04-23,0.29,1.35,,
2017-04-24,1.13,-2.42,,
2017-04-25,1.16,-2.49,,
2017-04-26,0.93,-2.18,,
2017-04-27,-0.85,0.88,,
2017-04-28,1.07,-1.59,,
2017-04-29,1.34,-2.14,,
2017-04-30,2.10,-1.53,,
2017-05-01,-0.20,1.60,,
2017-05-02,1.38,0.12,,
2017-05-03,1.45,-1.85,,
2017-05-04,1.93,-2.14,,
2017-05-05,2.01,-0.32,,
2017-05-06,-0.06,1.75,,
2017-05-07,-0.09,1.22,,
2017-05-08,1.06,-0.43,,
2017-05-09,-0.37,1.37,,
2017-05-10,-1.22,0.82,,
2017-05-11,-0.52,1.92,,
2017-05-12,0.46,3.78,,
2017-05-13,0.33,3.75,,
2017-05-14,-0.69,1.54,,
2017-05-15,-0.88,0.91,,
2017-05-16,-0.12,2.22,,
2017-05-17,-0.86,2.03,,
2017-05-18,-1.27,0.83,,
2017-05-19,0.99,-1.31,,
2017-05-20,1.84,-1.33,,
2017-05-21,-1.26,0.79,,
2017-05-22,0.58,-1.44,,
2017-05-23,1.39,-0.87,,
2017-05-24,1.21,-1.73,,
2017-05-25,1.60,-1.00,,
2017-05-26,-1.18,0.48,,
2017-05-27,0.33,-1.87,,
2017-05-28,0.89,-1.42,,
2017-05-29,1.67,-2.14,,
2017-05-30,0.30,-1.92,,
2017-05-31,1.80,-1.80,,
2017-06-01,-0.43,1.50,,
2017-06-02,1.20,-1.85,,
2017-06-03,1.65,-2.04,,
2017-06-04,1.61,-1.56,,
2017-06-05,-0.78,-1.11,,
2017-06-06,0.97,0.32,,
2017-06-07,-1.43,-0.55,,
2017-06-08,-0.21,2.42,,
2017-06-09,-0.76,2.82,,
2017-06-10,-0.95,0.89,,
2017-06-11,2.28,-1.72,,
2017-06-12,1.70,-0.76,,
2017-06-13,-0.80,1.15,,
2017-06-14,0.15,2.18,,
2017-06-15,-0.96,1.81,,
2017-06-16,1.43,-0.82,,
2017-06-17,-1.17,1.45,,
2017-06-18,-0.58,3.68,,
2017-06-19,-0.63,1.94,,
2017-06-20,-1.50,0.29,,
2017-06-21,-0.34,1.58,,
2017-06-22,-1.75,1.18,,
2017-06-23,-1.54,-0.11,,
2017-06-24,0.92,-2.28,,
2017-06-25,1.40,-1.86,,
2017-06-26,1.13,-1.39,,
2017-06-27,1.55,-0.16,,
2017-06-28,0.65,-1.23,,
2017-06-29,1.64,-1.48,,
2017-06-30,1.49,-1.13,,
2017-07-01,1.76,-2.33,,
2017-07-02,2.24,-2.67,,
2017-07-03,1.83,-1.59,,
2017-07-04,1.20,-1.12,,
2017-07-05,1.09,-1.81,,
2017-07-06,1.39,-1.17,,
2017-07-07,1.80,-1.62,,
2017-07-08,2.27,-2.81,,
2017-07-09,1.82,-2.41,,
2017-07-10,2.33,-1.46,,
2017-07-11,2.68,-1.61,,
2017-07-12,0.49,-1.82,,
2017-07-13,1.87,-2.40,,
2017-07-14,1.49,-2.05,,
2017-07-15,2.06,-2.14,,
2017-07-16,2.11,-1.08,,
2017-07-17,1.87,-0.16,,
2017-07-18,1.64,-1.58,,
2017-07-19,1.86,-1.25,,
2017-07-20,0.99,-1.79,,
2017-07-21,1.24,-1.28,,
2017-07-22,1.77,-1.90,,
2017-07-23,1.30,-1.79,,
2017-07-24,1.93,-2.00,,
2017-07-25,2.37,-2.06,,
2017-07-26,1.78,-1.60,,
2017-07-27,2.15,-2.75,,
2017-07-28,2.03,-2.70,,
2017-07-29,1.93,-1.35,,
2017-07-30,1.28,0.80,,
2017-07-31,0.15,1.67,,
2017-08-01,0.36,-0.94,,
2017-08-02,1.18,-2.92,,
2017-08-03,1.69,-2.50,,
2017-08-04,2.12,-1.78,,
2017-08-05,1.61,0.28,,
2017-08-06,-0.48,1.57,,
2017-08-07,1.08,-0.81,,
2017-08-08,1.13,-1.40,,
2017-08-09,1.68,0.12,,
2017-08-10,-1.34,0.12,,
2017-08-11,2.06,-2.13,,
2017-08-12,1.99,-1.11,,
2017-08-13,-1.18,1.22,,
2017-08-14,1.37,-2.03,,
2017-08-15,1.67,-1.17,,
2017-08-16,1.79,-1.67,,
2017-08-17,1.73,-1.50,,
2017-08-18,2.57,-2.23,,
2017-08-19,2.24,-1.88,,
2017-08-20,1.87,-0.07,,
2017-08-21,0.19,1.52,,
2017-08-22,1.52,-2.25,,
2017-08-23,1.81,-1.87,,
2017-08-24,-1.31,1.67,,
2017-08-25,-0.68,1.33,,
2017-08-26,1.89,-2.80,,
2017-08-27,1.69,-1.87,,
2017-08-28,1.63,-0.98,,
2017-08-29,1.41,0.05,,
2017-08-30,-1.09,-0.08,,
2017-08-31,0.00,-1.36,,
2017-09-01,1.81,-1.63,,
2017-09-02,1.11,-1.48,,
2017-09-03,0.86,-1.10,,
2017-09-04,1.68,-1.68,,
2017-09-05,1.16,-1.72,,
2017-09-06,1.75,-1.75,,
2017-09-07,0.67,-1.37,,
2017-09-08,0.05,1.45,,
2017-09-09,-0.48,2.72,,
2017-09-10,0.41,3.37,,
2017-09-11,0.28,3.18,,
2017-09-12,-1.24,-0.48,,
2017-09-13,0.56,-1.14,,
2017-09-14,1.51,-0.52,,
2017-09-15,1.51,-1.56,,
2017-09-16,1.73,-1.61,,
2017-09-17,1.04,-0.78,,
2017-09-18,-0.82,0.97,,
2017-09-19,-0.07,1.37,,
2017-09-20,1.28,-1.83,,
2017-09-21,1.49,-0.86,,
2017-09-22,-0.95,0.74,,
2017-09-23,-1.43,1.70,,
2017-09-24,-0.52,2.67,,
2017-09-25,-0.80,1.57,,
2017-09-26,-0.87,3.05,,
2017-09-27,-0.04,2.24,,
2017-09-28,-1.50,0.10,,
2017-09-29,-0.69,2.12,,
2017-09-30,-0.16,2.97,,
2017-10-01,0.59,3.75,,
2017-10-02,1.01,2.63,,
2017-10-03,-1.05,-0.61,,
2017-10-04,0.05,2.77,,
2017-10-05,2.77,6.22,,
2017-10-06,0.40,5.68,,
2017-10-07,-0.45,2.33,,
2017-10-08,0.75,-1.53,,
2017-10-09,0.96,-1.53,,
2017-10-10,-0.90,-0.84,,
2017-10-11,1.21,-1.44,,
2017-10-12,0.92,-1.66,,
2017-10-13,1.97,-2.61,,
2017-10-14,1.48,-1.90,,
2017-10-15,1.14,-1.52,,
2017-10-16,1.75,-1.94,,
2017-10-17,1.92,-2.29,,
2017-10-18,2.05,-1.49,,
2017-10-19,1.86,-0.53,,
2017-10-20,1.56,-0.79,,
2017-10-21,1.66,-0.92,,
2017-10-22,1.59,0.45,,
2017-10-23,-0.84,2.08,,
2017-10-24,0.62,2.47,,
2017-10-25,1.43,4.15,,
2017-10-26,0.56,3.95,,
2017-10-27,1.14,-0.48,,
2017-10-28,1.36,-1.87,,
2017-10-29,1.31,-0.67,,
2017-10-30,0.58,-1.20,,
2017-10-31,1.24,-2.16,,
2017-11-01,0.90,-2.47,,
2017-11-02,1.52,-2.09,,
2017-11-03,1.62,-1.80,,
2017-11-04,1.57,-0.73,,
2017-11-05,-0.12,-1.33,,
2017-11-06,1.49,-1.54,,
2017-11-07,1.80,-2.39,,
2017-11-08,2.41,-2.58,,
2017-11-09,2.65,-1.72,,
2017-11-10,2.04,-1.13,,
2017-11-11,1.98,-0.68,,
2017-11-12,0.91,-0.94,,
2017-11-13,1.58,-1.32,,
2017-11-14,1.69,0.79,,
2017-11-15,2.03,3.12,,
2017-11-16,1.97,2.34,,
2017-11-17,3.33,-0.59,,
2017-11-18,2.79,-1.96,,
2017-11-19,2.50,-1.88,,
2017-11-20,2.06,-2.06,,
2017-11-21,2.09,-0.89,,
2017-11-22,1.07,-0.90,,
2017-11-23,1.95,-1.17,,
2017-11-24,1.42,-1.47,,
2017-11-25,1.19,-1.76,,
2017-11-26,1.35,-2.08,,
2017-11-27,2.07,-2.66,,
2017-11-28,2.52,-1.90,,
2017-11-29,1.84,-1.66,,
2017-11-30,1.57,-1.94,,
2017-12-01,1.66,-2.88,,
2017-12-02,1.36,-3.37,,
2017-12-03,1.16,-2.59,,
2017-12-04,1.46,-2.98,,
2017-12-05,2.57,-2.66,,
2017-12-06,2.13,-2.13,,
2017-12-07,2.18,-1.07,,
2017-12-08,-1.39,0.24,,
2017-12-09,-1.11,-0.54,,
2017-12-10,1.40,-1.62,,
2017-12-11,2.72,-2.72,,
2017-12-12,3.88,-1.89,,
2017-12-13,3.10,-3.56,,
2017-12-14,0.99,-2.57,,
2017-12-15,1.68,-3.31,,
2017-12-16,1.41,-3.17,,
2017-12-17,0.49,-3.12,,
2017-12-18,-0.55,-2.58,,
2017-12-19,0.52,-2.70,,
2017-12-20,0.23,-1.90,,
2017-12-21,0.16,-3.00,,
2017-12-22,0.73,-2.73,,
2017-12-23,0.52,-2.11,,
2017-12-24,0.31,-3.53,,
2017-12-25,0.48,-2.71,,
2017-12-26,0.38,-3.61,,
2017-12-27,0.97,-3.37,,
2017-12-28,1.54,-2.77,,
2017-12-29,1.65,-1.84,,
2017-12-30,1.41,-1.74,,
2017-12-31,0.55,-1.59,,
2018-01-01,1.51,-3.39,,
2018-01-02,1.80,-3.00,,
2018-01-03,2.55,-1.36,,
2018-01-04,2.10,0.72,,
2018-01-05,1.34,-2.88,,
2018-01-06,1.97,-3.28,,
2018-01-07,1.51,-3.24,,
2018-01-08,2.38,-2.30,,
2018-01-09,2.17,-2.58,,
2018-01-10,2.31,-2.39,,
2018-01-11,2.10,-2.50,,
2018-01-12,2.21,-2.64,,
2018-01-13,1.96,-3.26,,
2018-01-14,1.99,-3.91,,
2018-01-15,1.55,-3.33,,
2018-01-16,1.35,-2.54,,
2018-01-17,1.22,-2.51,,
2018-01-18,1.44,-2.49,,
2018-01-19,1.07,-2.10,,
2018-01-20,1.36,-2.26,,
2018-01-21,0.45,-1.67,,
2018-01-22,1.46,-2.43,,
2018-01-23,2.24,-2.40,,
2018-01-24,1.32,-2.59,,
2018-01-25,1.18,-4.39,,
2018-01-26,0.68,-4.32,,
2018-01-27,0.71,-2.86,,
2018-01-28,1.32,-3.43,,
2018-01-29,2.61,-3.34,,
2018-01-30,1.13,-4.54,,
2018-01-31,0.39,-4.40,,
2018-02-01,0.73,-3.18,,
2018-02-02,1.08,-5.10,,
2018-02-03,0.74,-4.21,,
2018-02-04,1.05,-4.21,,
2018-02-05,0.96,-4.50,,
2018-02-06,1.03,-4.48,,
2018-02-07,0.59,-3.72,,
2018-02-08,1.09,-3.37,,
2018-02-09,1.04,-3.03,,
2018-02-10,0.80,-2.61,,
2018-02-11,2.95,-3.16,,
2018-02-12,1.75,-3.75,,
2018-02-13,0.00,-3.47,,
2018-02-14,0.69,-4.93,,
2018-02-15,-0.08,-4.48,,
2018-02-16,0.68,-2.55,,
2018-02-17,0.93,-3.74,,
2018-02-18,0.97,-4.97,,
2018-02-19,0.79,-4.50,,
2018-02-20,1.42,-3.50,,
2018-02-21,0.34,-2.79,,
2018-02-22,0.69,-2.58,,
2018-02-23,1.00,-3.26,,
2018-02-24,1.07,-2.95,,
2018-02-25,1.49,-2.59,,
2018-02-26,1.02,-2.96,,
2018-02-27,0.65,-4.08,,
2018-02-28,0.56,-3.97,,
2018-03-01,0.95,-2.75,,
2018-03-02,1.14,-3.72,,
2018-03-03,0.95,-4.87,,
2018-03-04,0.64,-4.57,,
2018-03-05,1.05,-3.93,,
2018-03-06,0.42,-4.03,,
2018-03-07,1.28,-4.79,,
2018-03-08,1.08,-5.07,,
2018-03-09,1.29,-4.82,,
2018-03-10,1.22,-3.98,,
2018-03-11,2.74,-3.91,,
2018-03-12,3.20,-3.68,,
2018-03-13,2.22,-3.70,,
2018-03-14,1.92,-3.94,,
2018-03-15,1.04,-4.87,,
2018-03-16,0.98,-5.04,,
2018-03-17,1.07,-4.65,,
2018-03-18,1.19,-3.65,,
2018-03-19,0.54,-3.81,,
2018-03-20,0.37,-2.65,,
2018-03-21,0.96,-4.16,,
2018-03-22,1.85,-5.71,,
2018-03-23,2.10,-5.20,,
2018-03-24,1.09,-4.36,,
2018-03-25,0.67,-4.25,,
2018-03-26,1.11,-5.21,,
2018-03-27,0.74,-5.30,,
2018-03-28,0.53,-5.04,,
2018-03-29,1.08,-4.03,,
2018-03-30,0.51,-4.19,,
2018-03-31,0.47,-4.48,,
2018-04-01,1.29,-3.98,,
2018-04-02,0.92,-3.02,,
2018-04-03,0.82,-2.85,,
2018-04-04,0.91,-2.50,,
2018-04-05,0.62,-2.91,,
2018-04-06,0.52,-2.23,,
2018-04-07,1.62,-1.31,,
2018-04-08,1.74,-1.22,,
2018-04-09,0.84,-2.45,,
2018-04-10,1.18,-2.33,,
2018-04-11,2.13,-1.04,,
2018-04-12,2.33,-2.03,,
2018-04-13,0.77,-2.10,,
2018-04-14,0.41,-2.32,,
2018-04-15,1.70,-2.26,,
2018-04-16,1.75,-3.16,,
2018-04-17,1.25,-3.83,,
2018-04-18,0.44,-3.60,,
2018-04-19,1.25,-4.34,,
2018-04-20,1.86,-3.35,,
2018-04-21,2.44,-3.01,,
2018-04-22,1.86,-3.22,,
2018-04-23,2.28,-2.72,,
2018-04-24,1.50,-1.92,,
2018-04-25,1.39,-2.42,,
2018-04-26,2.05,-2.19,,
2018-04-27,1.65,-1.84,,
2018-04-28,1.17,-1.25,,
2018-04-29,1.23,-2.41,,
2018-04-30,1.75,-2.32,,
2018-05-01,0.75,-2.61,,
2018-05-02,1.45,-3.41,,
2018-05-03,1.71,-2.97,,
2018-05-04,1.83,-2.18,,
2018-05-05,1.46,-1.68,,
2018-05-06,1.80,-1.93,,
2018-05-07,0.92,-1.74,,
2018-05-08,1.78,-2.55,,
2018-05-09,2.17,-2.25,,
2018-05-10,1.22,-1.35,,
2018-05-11,1.27,-1.88,,
2018-05-12,2.16,-2.08,,
2018-05-13,2.23,-1.29,,
2018-05-14,0.92,2.39,,
2018-05-15,-1.10,1.31,,
2018-05-16,1.39,0.10,,
2018-05-17,0.88,-0.80,,
2018-05-18,1.43,0.20,,
2018-05-19,0.29,3.37,,
2018-05-20,-1.29,1.59,,
2018-05-21,-1.25,1.99,,
2018-05-22,-0.49,2.33,,
2018-05-23,-0.86,-0.58,,
2018-05-24,-1.20,-0.00,,
2018-05-25,0.51,1.58,,
2018-05-26,-1.28,1.32,,
2018-05-27,0.06,3.19,,
2018-05-28,-0.87,1.95,,
2018-05-29,-1.00,1.20,,
2018-05-30,-1.21,0.08,,
2018-05-31,0.87,-1.40,,
2018-06-01,1.57,-2.42,,
2018-06-02,1.71,-2.44,,
2018-06-03,1.99,-2.73,,
2018-06-04,1.77,-2.11,,
2018-06-05,1.56,-1.67,,
2018-06-06,1.04,-1.95,,
2018-06-07,1.40,-1.73,,
2018-06-08,1.27,-1.89,,
2018-06-09,1.67,-1.92,,
2018-06-10,1.20,-1.20,,
2018-06-11,1.59,0.19,,
2018-06-12,0.26,1.24,,
2018-06-13,1.51,-1.94,,
2018-06-14,1.18,-1.27,,
2018-06-15,1.74,-0.28,,
2018-06-16,-0.91,0.71,,
2018-06-17,0.66,-1.71,,
2018-06-18,1.75,-1.95,,
2018-06-19,1.49,-1.12,,
2018-06-20,1.65,-0.12,,
2018-06-21,-0.74,1.59,,
2018-06-22,0.39,-1.36,,
2018-06-23,1.22,-1.82,,
2018-06-24,1.13,-1.21,,
2018-06-25,-0.03,-1.73,,
2018-06-26,1.08,-1.79,,
2018-06-27,1.29,-1.65,,
2018-06-28,1.21,-1.67,,
2018-06-29,1.65,-1.38,,
2018-06-30,2.02,-1.58,,
2018-07-01,1.44,-1.44,,
2018-07-02,1.11,-1.42,,
2018-07-03,1.34,-1.60,,
2018-07-04,1.69,-2.60,,
2018-07-05,1.30,-1.45,,
2018-07-06,2.13,-1.72,,
2018-07-07,1.37,-2.28,,
2018-07-08,1.49,-2.81,,
2018-07-09,1.58,-2.63,,
2018-07-10,2.16,-2.31,,
2018-07-11,1.65,-2.11,,
2018-07-12,2.03,-2.90,,
2018-07-13,1.94,-1.87,,
2018-07-14,2.15,-2.30,,
2018-07-15,2.37,-2.72,,
2018-07-16,1.78,-1.84,,
2018-07-17,1.82,-2.70,,
2018-07-18,2.42,-2.50,,
2018-07-19,1.32,-1.47,,
2018-07-20,1.47,-1.88,,
2018-07-21,2.14,-1.79,,
2018-07-22,1.69,-1.95,,
2018-07-23,2.76,-2.31,,
2018-07-24,2.14,-1.79,,
2018-07-25,1.08,-1.79,,
2018-07-26,2.29,-1.61,,
2018-07-27,1.96,-1.37,,
2018-07-28,1.40,-0.95,,
2018-07-29,1.31,-2.02,,
2018-07-30,2.55,-1.72,,
2018-07-31,0.78,-1.75,,
2018-08-01,0.99,-1.03,,
2018-08-02,-0.39,-1.47,,
2018-08-03,1.34,-0.36,,
2018-08-04,1.15,-1.59,,
2018-08-05,0.52,-2.26,,
2018-08-06,1.71,-2.18,,
2018-08-07,1.82,-1.95,,
2018-08-08,2.19,-2.11,,
2018-08-09,1.98,-2.36,,
2018-08-10,2.26,-2.43,,
2018-08-11,2.43,-2.60,,
2018-08-12,2.97,-2.77,,
2018-08-13,2.58,-2.09,,
2018-08-14,1.86,-1.74,,
2018-08-15,1.72,-1.72,,
2018-08-16,1.45,-2.16,,
2018-08-17,1.72,-2.46,,
2018-08-18,1.84,-2.44,,
2018-08-19,2.01,-2.32,,
2018-08-20,2.06,-2.29,,
2018-08-21,2.08,-2.48,,
2018-08-22,1.35,-2.00,,
2018-08-23,2.08,-2.23,,
2018-08-24,1.40,-1.86,,
2018-08-25,2.17,-2.68,,
2018-08-26,2.10,-2.25,,
2018-08-27,1.68,-1.74,,
2018-08-28,1.88,-1.63,,
2018-08-29,1.75,-1.81,,
2018-08-30,1.24,-1.58,,
2018-08-31,1.99,-1.15,,
2018-09-01,1.74,-2.39,,
2018-09-02,1.74,-2.15,,
2018-09-03,1.31,-1.56,,
2018-09-04,1.46,-1.80,,
2018-09-05,1.88,-1.82,,
2018-09-06,1.69,-1.42,,
2018-09-07,1.97,-0.21,,
2018-09-08,-0.54,1.22,,
2018-09-09,0.82,-1.26,,
2018-09-10,0.38,-1.12,,
2018-09-11,1.37,-1.76,,
2018-09-12,0.54,-1.41,,
2018-09-13,1.33,-1.53,,
2018-09-14,1.82,-1.42,,
2018-09-15,1.87,-1.17,,
2018-09-16,1.22,-0.73,,
2018-09-17,0.23,-1.45,,
2018-09-18,1.43,-2.12,,
2018-09-19,1.40,-1.73,,
2018-09-20,1.35,-0.60,,
2018-09-21,1.76,-1.95,,
2018-09-22,1.91,-0.97,,
2018-09-23,1.37,-1.69,,
2018-09-24,1.33,-1.96,,
2018-09-25,1.23,-1.82,,
2018-09-26,2.17,-2.09,,
2018-09-27,1.80,-1.35,,
2018-09-28,0.67,-1.17,,
2018-09-29,1.85,-2.05,,
2018-09-30,1.68,-2.00,,
2018-10-01,1.71,-1.49,,
2018-10-02,1.36,1.36,,
2018-10-03,0.72,2.52,,
2018-10-04,1.21,4.84,,
2018-10-05,0.99,5.11,,
2018-10-06,0.14,4.01,,
2018-10-07,-0.89,1.83,,
2018-10-08,-0.41,1.66,,
2018-10-09,-1.65,0.67,,
2018-10-10,-0.74,-1.23,,
2018-10-11,0.63,1.55,,
2018-10-12,2.00,3.77,,
2018-10-13,2.14,4.39,,
2018-10-14,1.37,4.21,,
2018-10-15,-0.22,3.18,,
2018-10-16,-0.63,2.36,,
2018-10-17,-1.12,-1.25,,
2018-10-18,1.02,-1.63,,
2018-10-19,1.39,-1.60,,
2018-10-20,1.32,-1.57,,
2018-10-21,0.29,-2.35,,
2018-10-22,0.55,-1.23,,
2018-10-23,2.09,-2.32,,
2018-10-24,1.98,-2.20,,
2018-10-25,1.66,-1.66,,
2018-10-26,0.89,-1.33,,
2018-10-27,1.71,-2.11,,
2018-10-28,-0.85,-1.13,,
2018-10-29,1.39,-1.49,,
2018-10-30,0.61,-2.29,,
2018-10-31,0.68,-2.22,,
2018-11-01,2.07,-2.66,,
2018-11-02,2.43,-1.35,,
2018-11-03,-1.24,1.48,,
2018-11-04,0.11,-1.22,,
2018-11-05,1.04,-1.01,,
2018-11-06,0.57,-1.12,,
2018-11-07,1.48,-2.47,,
2018-11-08,2.28,-2.71,,
2018-11-09,2.31,-2.47,,
2018-11-10,1.48,-2.11,,
2018-11-11,0.75,-2.78,,
2018-11-12,1.14,-2.25,,
2018-11-13,1.23,-1.76,,
2018-11-14,1.74,-1.74,,
2018-11-15,0.84,-1.20,,
2018-11-16,1.41,-2.54,,
2018-11-17,1.61,-2.29,,
2018-11-18,1.18,-2.65,,
2018-11-19,1.40,-1.93,,
2018-11-20,0.18,-1.67,,
2018-11-21,0.96,-1.43,,
2018-11-22,1.39,-1.78,,
2018-11-23,0.69,-2.58,,
2018-11-24,1.01,-2.50,,
2018-11-25,1.04,-3.20,,
2018-11-26,1.67,-3.57,,
2018-11-27,2.76,-1.53,,
2018-11-28,-1.38,-0.27,,
2018-11-29,1.04,-2.13,,
2018-11-30,0.83,-2.28,,
2018-12-01,1.15,-1.64,,
2018-12-02,1.62,-1.86,,
2018-12-03,1.63,-2.08,,
2018-12-04,1.26,-2.09,,
2018-12-05,0.49,-3.12,,
2018-12-06,0.24,-2.79,,
2018-12-07,0.65,-2.14,,
2018-12-08,1.07,-1.42,,
2018-12-09,0.94,-2.34,,
2018-12-10,0.95,-4.10,,
2018-12-11,1.34,-4.14,,
2018-12-12,1.22,-4.55,,
2018-12-13,1.33,-4.08,,
2018-12-14,1.55,-2.38,,
2018-12-15,0.98,-2.09,,
2018-12-16,1.21,-4.86,,
2018-12-17,1.11,-4.79,,
2018-12-18,1.11,-4.12,,
2018-12-19,1.57,-2.96,,
2018-12-20,1.74,-1.81,,
2018-12-21,1.89,-3.14,,
2018-12-22,1.31,-4.91,,
2018-12-23,0.92,-4.74,,
2018-12-24,0.98,-5.07,,
2018-12-25,0.88,-5.01,,
2018-12-26,0.81,-5.12,,
2018-12-27,1.16,-4.34,,
2018-12-28,1.30,-3.21,,
2018-12-29,1.82,-4.28,,
2018-12-30,2.05,-4.60,,
2018-12-31,1.25,-4.66,,
2019-01-01,1.61,-5.28,,
2019-01-02,1.06,-4.25,,
2019-01-03,1.74,-4.11,,
2019-01-04,2.04,-3.83,,
2019-01-05,2.23,-5.51,,
2019-01-06,1.08,-5.07,,
2019-01-07,1.48,-4.30,,
2019-01-08,1.58,-3.72,,
2019-01-09,1.32,-3.44,,
2019-01-10,0.70,-3.32,,
2019-01-11,0.17,-3.34,,
2019-01-12,0.12,-3.54,,
2019-01-13,0.79,-4.46,,
2019-01-14,0.77,-4.85,,
2019-01-15,0.84,-5.30,,
2019-01-16,0.86,-5.40,,
2019-01-17,0.97,-5.51,,
2019-01-18,1.08,-5.55,,
2019-01-19,0.72,-5.11,,
2019-01-20,1.38,-5.14,,
2019-01-21,0.61,-5.76,,
2019-01-22,0.84,-5.98,,
2019-01-23,1.26,-5.06,,
2019-01-24,3.00,-4.62,,
2019-01-25,1.76,-4.85,,
2019-01-26,1.10,-5.15,,
2019-01-27,2.07,-4.44,,
2019-01-28,1.71,-3.50,,
2019-01-29,2.34,-4.60,,
2019-01-30,0.34,-4.84,,
2019-01-31,0.95,-4.89,,
2019-02-01,1.22,-4.27,,
2019-02-02,1.23,-4.61,,
2019-02-03,1.23,-4.95,,
2019-02-04,0.84,-4.77,,
2019-02-05,0.97,-4.99,,
2019-02-06,0.68,-5.52,,
2019-02-07,1.44,-5.36,,
2019-02-08,1.09,-5.62,,
2019-02-09,0.55,-6.31,,
2019-02-10,0.70,-5.72,,
2019-02-11,1.34,-5.01,,
2019-02-12,2.06,-4.04,,
2019-02-13,2.54,-3.49,,
2019-02-14,2.21,-4.33,,
2019-02-15,1.83,-4.53,,
2019-02-16,1.41,-3.02,,
2019-02-17,1.01,-2.63,,
2019-02-18,1.38,-4.23,,
2019-02-19,1.36,-4.76,,
2019-02-20,2.10,-3.37,,
2019-02-21,2.43,-3.35,,
2019-02-22,1.37,-3.97,,
2019-02-23,1.79,-4.22,,
2019-02-24,1.24,-3.82,,
2019-02-25,0.61,-3.14,,
2019-02-26,0.76,-4.30,,
2019-02-27,0.97,-3.91,,
2019-02-28,1.02,-3.55,,
2019-03-01,2.58,-4.48,,
2019-03-02,1.54,-2.90,,
2019-03-03,1.41,-3.86,,
2019-03-04,1.98,-3.89,,
2019-03-05,0.87,-4.09,,
2019-03-06,0.90,-5.66,,
2019-03-07,0.60,-5.71,,
2019-03-08,0.92,-5.79,,
2019-03-09,1.23,-5.77,,
2019-03-10,1.28,-5.55,,
2019-03-11,0.93,-5.28,,
2019-03-12,0.67,-5.43,,
2019-03-13,1.00,-5.64,,
2019-03-14,1.11,-4.82,,
2019-03-15,0.87,-4.10,,
2019-03-16,0.60,-4.86,,
2019-03-17,0.94,-5.96,,
2019-03-18,1.29,-5.57,,
2019-03-19,1.01,-3.51,,
2019-03-20,0.81,-3.01,,
2019-03-21,0.64,-4.58,,
2019-03-22,0.90,-5.12,,
2019-03-23,0.51,-4.89,,
2019-03-24,1.17,-5.06,,
2019-03-25,0.93,-4.37,,
2019-03-26,1.17,-5.08,,
2019-03-27,1.12,-5.78,,
2019-03-28,1.65,-5.39,,
2019-03-29,1.10,-4.41,,
2019-03-30,0.39,-3.71,,
2019-03-31,1.14,-4.27,,
2019-04-01,1.69,-4.17,,
2019-04-02,0.87,-4.08,,
2019-04-03,0.83,-5.24,,
2019-04-04,0.70,-4.40,,
2019-04-05,1.31,-3.25,,
2019-04-06,1.44,-2.59,,
2019-04-07,0.70,-2.80,,
2019-04-08,1.77,-3.34,,
2019-04-09,1.23,-2.14,,
2019-04-10,2.22,-0.04,,
2019-04-11,-1.58,1.15,,
2019-04-12,1.10,-1.76,,
2019-04-13,1.03,-2.69,,
2019-04-14,0.89,-2.74,,
2019-04-15,1.26,-3.29,,
2019-04-16,0.69,-4.36,,
2019-04-17,0.99,-4.66,,
2019-04-18,0.74,-2.96,,
2019-04-19,1.25,-2.57,,
2019-04-20,1.42,-2.47,,
2019-04-21,2.21,-2.93,,
2019-04-22,1.39,-2.50,,
2019-04-23,0.75,-3.85,,
2019-04-24,0.22,-2.56,,
2019-04-25,0.86,-2.63,,
2019-04-26,1.26,-2.97,,
2019-04-27,1.48,-3.65,,
2019-04-28,2.07,-3.44,,
2019-04-29,1.34,-3.17,,
2019-04-30,1.40,-2.08,,
2019-05-01,1.57,-2.52,,
2019-05-02,1.92,-3.07,,
2019-05-03,1.56,-2.71,,
2019-05-04,2.11,-2.34,,
2019-05-05,2.47,-2.74,,
2019-05-06,1.34,-2.14,,
2019-05-07,1.52,-2.10,,
2019-05-08,1.84,-1.84,,
2019-05-09,1.74,-1.09,,
2019-05-10,0.17,-1.66,,
2019-05-11,0.57,-0.72,,
2019-05-12,1.05,-1.75,,
2019-05-13,1.79,-1.92,,
2019-05-14,1.27,-0.27,,
2019-05-15,0.02,1.32,,
2019-05-16,0.72,-0.83,,
2019-05-17,1.41,-1.32,,
2019-05-18,1.49,-1.12,,
2019-05-19,1.96,-0.56,,
2019-05-20,-0.54,1.58,,
2019-05-21,-0.93,1.99,,
2019-05-22,-0.48,2.09,,
2019-05-23,-0.49,-1.35,,
2019-05-24,-1.01,1.83,,
2019-05-25,-1.87,-0.07,,
2019-05-26,-1.08,1.04,,
2019-05-27,-1.70,1.70,,
2019-05-28,-1.57,2.16,,
2019-05-29,0.74,3.80,,
2019-05-30,-0.92,1.53,,
2019-05-31,0.67,-1.08,,
2019-06-01,-0.27,-1.02,,
2019-06-02,-1.27,0.32,,
2019-06-03,0.91,-1.17,,
2019-06-04,1.50,-1.99,,
2019-06-05,1.69,-1.81,,
2019-06-06,1.96,-1.33,,
2019-06-07,0.04,2.21,,
2019-06-08,-1.09,1.13,,
2019-06-09,1.59,-1.89,,
2019-06-10,1.86,-1.40,,
2019-06-11,1.21,-1.79,,
2019-06-12,1.36,-0.75,,
2019-06-13,0.34,-1.46,,
2019-06-14,1.38,-1.48,,
2019-06-15,0.87,-1.24,,
2019-06-16,1.00,-1.73,,
2019-06-17,1.77,-2.73,,
2019-06-18,2.15,-2.96,,
2019-06-19,2.21,-2.21,,
2019-06-20,1.72,0.70,,
2019-06-21,1.12,-1.01,,
2019-06-22,1.35,-2.08,,
2019-06-23,2.34,-2.59,,
2019-06-24,2.04,-1.90,,
2019-06-25,1.08,-1.94,,
2019-06-26,1.28,-3.01,,
2019-06-27,1.63,-1.63,,
2019-06-28,2.01,-2.23,,
2019-06-29,2.10,-2.03,,
2019-06-30,2.37,-2.72,,
2019-07-01,1.35,-1.93,,
2019-07-02,1.02,-1.58,,
2019-07-03,1.11,-1.92,,
2019-07-04,1.39,-2.98,,
2019-07-05,2.24,-3.88,,
2019-07-06,2.60,-2.69,,
2019-07-07,2.73,-2.37,,
2019-07-08,1.88,0.87,,
2019-07-09,0.90,-0.93,,
2019-07-10,1.73,-1.99,,
2019-07-11,1.80,-2.56,,
2019-07-12,1.42,-1.32,,
2019-07-13,1.14,-1.68,,
2019-07-14,2.04,-2.35,,
2019-07-15,1.03,-1.32,,
2019-07-16,0.67,-1.75,,
2019-07-17,2.08,-3.20,,
2019-07-18,1.56,-1.86,,
2019-07-19,1.36,-2.01,,
2019-07-20,2.61,-3.23,,
2019-07-21,2.79,-2.70,,
2019-07-22,2.20,-1.54,,
2019-07-23,1.63,-1.68,,
2019-07-24,1.62,-1.73,,
2019-07-25,1.53,-1.95,,
2019-07-26,1.46,-2.16,,
2019-07-27,2.57,-3.17,,
2019-07-28,2.52,-3.11,,
2019-07-29,1.39,-3.29,,
2019-07-30,1.25,-3.26,,
2019-07-31,1.61,-2.91,,
2019-08-01,2.42,-2.98,,
2019-08-02,2.09,-2.09,,
2019-08-03,1.63,-1.69,,
2019-08-04,1.68,-1.68,,
2019-08-05,2.18,-2.60,,
2019-08-06,1.71,-1.48,,
2019-08-07,0.46,2.00,,
2019-08-08,-1.47,0.26,,
2019-08-09,1.27,-2.49,,
2019-08-10,1.67,-2.14,,
2019-08-11,2.12,-1.91,,
2019-08-12,1.42,-1.47,,
2019-08-13,1.65,-1.89,,
2019-08-14,1.84,-1.91,,
2019-08-15,2.21,-1.08,,
2019-08-16,0.73,1.81,,
2019-08-17,-1.44,0.58,,
2019-08-18,0.63,-1.42,,
2019-08-19,1.85,-2.45,,
2019-08-20,-0.82,-1.41,,
2019-08-21,0.05,-1.45,,
2019-08-22,1.76,-2.03,,
2019-08-23,1.45,-2.16,,
2019-08-24,1.70,-2.42,,
2019-08-25,1.48,-1.83,,
2019-08-26,1.96,-2.42,,
2019-08-27,2.34,-2.79,,
2019-08-28,2.10,-2.69,,
2019-08-29,1.88,-2.24,,
2019-08-30,1.90,-2.43,,
2019-08-31,2.24,-2.49,,
2019-09-01,1.69,-1.47,,
2019-09-02,1.27,-2.03,,
2019-09-03,1.57,-2.08,,
2019-09-04,1.98,-1.85,,
2019-09-05,1.72,-0.84,,
2019-09-06,1.82,-1.32,,
2019-09-07,1.11,-1.58,,
2019-09-08,1.65,-1.53,,
2019-09-09,1.61,-2.39,,
2019-09-10,2.51,-2.88,,
2019-09-11,1.52,-2.34,,
2019-09-12,1.40,-1.05,,
2019-09-13,1.99,-1.10,,
2019-09-14,1.57,-0.94,,
2019-09-15,1.55,-1.21,,
2019-09-16,-1.32,1.23,,
2019-09-17,0.25,-1.42,,
2019-09-18,1.91,-1.66,,
2019-09-19,0.59,1.54,,
2019-09-20,-0.17,3.33,,
2019-09-21,-0.81,2.48,,
2019-09-22,-1.94,1.12,,
2019-09-23,-1.18,1.51,,
2019-09-24,-1.40,1.02,,
2019-09-25,-0.47,2.64,,
2019-09-26,-0.12,3.55,,
2019-09-27,-0.84,3.12,,
2019-09-28,-1.29,1.29,,
2019-09-29,0.03,-1.86,,
2019-09-30,1.82,-1.64,,
2019-10-01,1.02,2.95,,
2019-10-02,0.70,2.81,,
2019-10-03,-1.00,2.47,,
2019-10-04,-1.24,0.53,,
2019-10-05,1.57,-1.18,,
2019-10-06,0.93,-0.84,,
2019-10-07,-0.53,1.86,,
2019-10-08,-0.99,1.37,,
2019-10-09,0.62,-0.58,,
2019-10-10,1.13,-0.92,,
2019-10-11,1.68,-0.55,,
2019-10-12,-0.50,1.38,,
2019-10-13,-0.77,1.74,,
2019-10-14,-0.71,2.49,,
2019-10-15,-1.56,-0.73,,
2019-10-16,1.72,-1.78,,
2019-10-17,2.04,-1.66,,
2019-10-18,1.41,-1.41,,
2019-10-19,-1.17,1.73,,
2019-10-20,-0.76,2.83,,
2019-10-21,0.15,2.96,,
2019-10-22,1.14,-1.31,,
2019-10-23,1.37,-0.70,,
2019-10-24,-0.64,1.06,,
2019-10-25,-1.34,1.39,,
2019-10-26,-0.12,1.75,,
2019-10-27,1.23,-1.89,,
2019-10-28,1.92,-1.34,,
2019-10-29,1.09,-1.29,,
2019-10-30,1.45,-1.05,,
2019-10-31,1.35,-1.61,,
2019-11-01,1.37,-1.69,,
2019-11-02,1.45,-2.24,,
2019-11-03,1.50,-1.79,,
2019-11-04,1.69,-2.61,,
2019-11-05,1.31,-2.46,,
2019-11-06,1.48,-2.79,,
2019-11-07,1.73,-2.14,,
2019-11-08,1.57,-1.23,,
2019-11-09,1.29,-1.29,,
2019-11-10,1.57,0.00,,
2019-11-11,0.00,-1.13,,
2019-11-12,1.61,-1.61,,
2019-11-13,2.62,-2.44,,
2019-11-14,1.95,-1.63,,
2019-11-15,1.34,-1.55,,
2019-11-16,1.72,-2.13,,
2019-11-17,1.70,-2.25,,
2019-11-18,1.90,-2.43,,
2019-11-19,1.54,-1.97,,
2019-11-20,1.51,-2.00,,
2019-11-21,0.93,-2.31,,
2019-11-22,1.56,-2.49,,
2019-11-23,1.72,-2.76,,
2019-11-24,1.75,-2.81,,
2019-11-25,1.30,-2.67,,
2019-11-26,1.34,-2.86,,
2019-11-27,1.04,-2.13,,
2019-11-28,1.19,-1.15,,
2019-11-29,0.77,-1.28,,
2019-11-30,0.36,-2.55,,
2019-12-01,0.26,-2.43,,
2019-12-02,1.61,-3.31,,
2019-12-03,1.84,-3.46,,
2019-12-04,2.57,-3.17,,
2019-12-05,1.63,-2.24,,
2019-12-06,1.40,-2.00,,
2019-12-07,1.10,-1.57,,
2019-12-08,0.72,-1.79,,
2019-12-09,0.24,-2.30,,
2019-12-10,1.15,-1.71,,
2019-12-11,0.46,-1.26,,
2019-12-12,0.33,-2.35,,
2019-12-13,1.18,-1.69,,
2019-12-14,2.11,-2.60,,
2019-12-15,1.42,-2.18,,
2019-12-16,1.79,-3.10,,
2019-12-17,1.86,-1.93,,
2019-12-18,2.41,-1.82,,
2019-12-19,1.74,-2.08,,
2019-12-20,1.79,-2.21,,
2019-12-21,1.59,-1.89,,
2019-12-22,0.96,-1.11,,
2019-12-23,2.09,-2.09,,
2019-12-24,3.09,-3.20,,
2019-12-25,2.28,-3.26,,
2019-12-26,0.93,-3.26,,
2019-12-27,1.28,-3.16,,
2019-12-28,1.27,-2.60,,
2019-12-29,0.64,-2.25,,
2019-12-30,1.23,-3.57,,
2019-12-31,1.26,-2.69,,
2020-01-01,0.99,-3.23,,
2020-01-02,0.63,-2.34,,
2020-01-03,1.02,-2.09,,
2020-01-04,1.90,-3.16,,
2020-01-05,0.85,-4.40,,
2020-01-06,0.49,-4.00,,
2020-01-07,0.92,-3.99,,
2020-01-08,0.39,-4.41,,
2020-01-09,0.06,-3.71,,
2020-01-10,-0.11,-3.29,,
2020-01-11,0.27,-3.05,,
2020-01-12,0.65,-3.07,,
2020-01-13,0.45,-4.26,,
2020-01-14,0.07,-4.04,,
2020-01-15,0.73,-4.59,,
2020-01-16,1.14,-4.58,,
2020-01-17,0.35,-3.99,,
2020-01-18,0.30,-4.31,,
2020-01-19,1.16,-4.33,,
2020-01-20,1.49,-4.58,,
2020-01-21,1.83,-3.92,,
2020-01-22,2.65,-3.16,,
2020-01-23,0.64,-2.78,,
2020-01-24,0.50,-3.53,,
2020-01-25,0.93,-4.03,,
2020-01-26,1.44,-3.76,,
2020-01-27,0.84,-1.79,,
2020-01-28,0.44,-1.75,,
2020-01-29,0.31,-1.09,,
2020-01-30,0.63,-1.49,,
2020-01-31,1.05,-4.21,,
2020-02-01,2.18,-3.93,,
2020-02-02,1.34,-4.68,,
2020-02-03,0.90,-5.12,,
2020-02-04,1.30,-4.85,,
2020-02-05,0.93,-3.75,,
2020-02-06,2.32,-3.71,,
2020-02-07,1.88,-3.00,,
2020-02-08,1.76,-4.35,,
2020-02-09,1.02,-4.78,,
2020-02-10,0.96,-4.50,,
2020-02-11,1.03,-4.14,,
2020-02-12,1.00,-4.69,,
2020-02-13,1.38,-4.51,,
2020-02-14,1.43,-4.99,,
2020-02-15,1.23,-5.31,,
2020-02-16,0.72,-5.84,,
2020-02-17,1.02,-5.77,,
2020-02-18,1.22,-5.73,,
2020-02-19,1.80,-5.53,,
2020-02-20,0.89,-5.60,,
2020-02-21,1.00,-5.15,,
2020-02-22,1.20,-4.79,,
2020-02-23,0.74,-4.68,,
2020-02-24,1.01,-4.05,,
2020-02-25,1.18,-2.77,,
2020-02-26,1.15,-2.16,,
2020-02-27,0.34,-1.94,,
2020-02-28,0.87,-4.93,,
2020-02-29,0.39,-5.62,,
2020-03-01,0.81,-5.10,,
2020-03-02,1.11,-4.82,,
2020-03-03,0.96,-4.17,,
2020-03-04,0.99,-3.98,,
2020-03-05,2.14,-5.30,,
2020-03-06,1.40,-5.21,,
2020-03-07,1.14,-5.38,,
2020-03-08,0.65,-5.31,,
2020-03-09,0.50,-5.77,,
2020-03-10,1.26,-5.44,,
2020-03-11,1.06,-4.61,,
2020-03-12,0.74,-4.65,,
2020-03-13,0.30,-3.46,,
2020-03-14,0.20,-3.90,,
2020-03-15,0.30,-4.30,,
2020-03-16,0.46,-5.31,,
2020-03-17,0.69,-4.93,,
2020-03-18,0.48,-4.59,,
2020-03-19,0.60,-4.27,,
2020-03-20,0.70,-4.43,,
2020-03-21,0.14,-3.92,,
2020-03-22,0.28,-3.96,,
2020-03-23,0.63,-3.58,,
2020-03-24,0.76,-3.92,,
2020-03-25,0.75,-4.27,,
2020-03-26,0.84,-3.95,,
2020-03-27,0.55,-3.93,,
2020-03-28,0.23,-4.40,,
2020-03-29,0.92,-4.72,,
2020-03-30,1.15,-4.62,,
2020-03-31,0.81,-3.53,,
2020-04-01,0.85,-2.46,,
2020-04-02,0.85,-1.81,,
2020-04-03,0.59,-2.55,,
2020-04-04,0.00,-3.21,,
2020-04-05,0.69,-3.89,,
2020-04-06,0.99,-3.98,,
2020-04-07,0.79,-4.46,,
2020-04-08,0.61,-4.98,,
2020-04-09,0.72,-3.68,,
2020-04-10,0.40,-3.79,,
2020-04-11,0.35,-2.86,,
2020-04-12,0.39,-2.46,,
2020-04-13,1.51,1.18,,
2020-04-14,-0.66,1.71,,
2020-04-15,-1.07,0.64,,
2020-04-16,0.14,-2.04,,
2020-04-17,0.57,-3.62,,
2020-04-18,1.50,-4.13,,
2020-04-19,0.73,-2.54,,
2020-04-20,1.71,-2.63,,
2020-04-21,0.69,-1.91,,
2020-04-22,0.76,-2.09,,
2020-04-23,0.44,-2.28,,
2020-04-24,1.32,-1.96,,
2020-04-25,1.27,-0.99,,
2020-04-26,0.35,-2.00,,
2020-04-27,0.49,-2.52,,
2020-04-28,0.60,-3.40,,
2020-04-29,0.35,-2.47,,
2020-04-30,0.55,-2.22,,
2020-05-01,0.72,-2.52,,
2020-05-02,0.53,-3.79,,
2020-05-03,0.72,-4.56,,
2020-05-04,1.34,-3.68,,
2020-05-05,1.29,-2.77,,
2020-05-06,1.72,-2.37,,
2020-05-07,1.37,-2.28,,
2020-05-08,1.23,-2.22,,
2020-05-09,1.96,-1.48,,
2020-05-10,1.94,-1.94,,
2020-05-11,1.51,-1.87,,
2020-05-12,1.95,-1.88,,
2020-05-13,0.91,-1.78,,
2020-05-14,1.12,-1.54,,
2020-05-15,1.35,-2.01,,
2020-05-16,1.29,-2.15,,
2020-05-17,1.63,-2.24,,
2020-05-18,1.55,-1.26,,
2020-05-19,1.64,-0.60,,
2020-05-20,-1.04,0.70,,
2020-05-21,1.06,-0.59,,
2020-05-22,0.80,-0.63,,
2020-05-23,1.32,-0.07,,
2020-05-24,0.85,-0.43,,
2020-05-25,-0.94,0.91,,
2020-05-26,-1.24,0.04,,
2020-05-27,-0.04,-2.18,,
2020-05-28,-0.45,1.69,,
2020-05-29,-1.35,1.85,,
2020-05-30,-0.96,2.50,,
2020-05-31,0.42,2.67,,
2020-06-01,-1.02,0.57,,
2020-06-02,1.00,-1.73,,
2020-06-03,1.68,2.07,,
2020-06-04,-0.81,2.49,,
2020-06-05,-0.90,1.07,,
2020-06-06,1.38,-0.07,,
2020-06-07,-0.91,0.79,,
2020-06-08,-0.94,-0.90,,
2020-06-09,1.74,-0.89,,
2020-06-10,2.03,-0.29,,
2020-06-11,-1.05,1.69,,
2020-06-12,-1.10,0.30,,
2020-06-13,-1.08,1.24,,
2020-06-14,0.20,-1.28,,
2020-06-15,0.83,-0.29,,
2020-06-16,0.61,-0.94,,
2020-06-17,0.63,-1.57,,
2020-06-18,0.63,-1.64,,
2020-06-19,1.06,-1.13,,
2020-06-20,1.36,-1.14,,
2020-06-21,1.46,-1.87,,
2020-06-22,1.60,-2.21,,
2020-06-23,2.11,-1.71,,
2020-06-24,0.60,-1.57,,
2020-06-25,1.64,-1.48,,
2020-06-26,0.92,-1.72,,
2020-06-27,1.80,-1.74,,
2020-06-28,0.96,-1.43,,
2020-06-29,1.19,-1.57,,
2020-06-30,1.39,-1.60,,
2020-07-01,2.02,-1.88,,
2020-07-02,2.08,-1.81,,
2020-07-03,1.41,-0.75,,
2020-07-04,2.07,-0.33,,
2020-07-05,0.20,1.66,,
2020-07-06,0.20,-1.43,,
2020-07-07,0.68,-2.22,,
2020-07-08,1.86,-2.30,,
2020-07-09,1.79,0.65,,
2020-07-10,1.87,-1.75,,
2020-07-11,2.06,-0.59,,
2020-07-12,-0.42,-1.04,,
2020-07-13,1.31,-2.09,,
2020-07-14,1.30,-1.73,,
2020-07-15,0.98,-1.71,,
2020-07-16,1.27,-2.73,,
2020-07-17,1.42,-3.34,,
2020-07-18,2.32,-2.87,,
2020-07-19,1.87,-2.07,,
2020-07-20,1.81,-1.87,,
2020-07-21,2.14,-1.04,,
2020-07-22,1.52,-1.47,,
2020-07-23,1.05,-1.56,,
2020-07-24,1.64,-0.87,,
2020-07-25,1.40,-0.66,,
2020-07-26,0.80,-0.72,,
2020-07-27,1.53,-1.43,,
2020-07-28,0.26,-1.45,,
2020-07-29,1.41,-2.17,,
2020-07-30,0.95,-1.58,,
2020-07-31,1.55,-1.92,,
2020-08-01,0.71,-2.07,,
2020-08-02,0.83,-1.62,,
2020-08-03,1.59,-2.03,,
2020-08-04,0.80,-1.34,,
2020-08-05,1.24,-0.97,,
2020-08-06,0.93,-1.33,,
2020-08-07,1.12,-1.79,,
2020-08-08,2.08,-2.76,,
2020-08-09,1.94,-1.46,,
2020-08-10,1.74,0.28,,
2020-08-11,1.69,-1.42,,
2020-08-12,1.49,-2.13,,
2020-08-13,1.75,-1.81,,
2020-08-14,2.36,-0.42,,
2020-08-15,0.75,1.60,,
2020-08-16,1.31,-1.31,,
2020-08-17,1.56,-1.61,,
2020-08-18,1.60,-1.71,,
2020-08-19,1.81,-1.13,,
2020-08-20,-0.63,0.87,,
2020-08-21,-0.13,1.87,,
2020-08-22,-1.98,-0.03,,
2020-08-23,-0.85,-0.36,,
2020-08-24,-1.49,-0.63,,
2020-08-25,-0.23,-1.16,,
2020-08-26,0.91,4.29,,
2020-08-27,0.11,3.01,,
2020-08-28,0.27,-1.41,,
2020-08-29,2.02,-1.41,,
2020-08-30,-1.78,-0.61,,
2020-08-31,1.25,-1.49,,
2020-09-01,2.08,-2.08,,
2020-09-02,-0.24,1.35,,
2020-09-03,-0.60,1.96,,
2020-09-04,-1.50,0.87,,
2020-09-05,-1.09,1.39,,
2020-09-06,1.16,-1.44,,
2020-09-07,1.48,-0.96,,
2020-09-08,-0.58,2.02,,
2020-09-09,-0.65,2.26,,
2020-09-10,0.44,-1.27,,
2020-09-11,1.10,-1.45,,
2020-09-12,1.06,1.13,,
2020-09-13,-0.75,1.68,,
2020-09-14,-1.24,1.19,,
2020-09-15,1.02,-1.64,,
2020-09-16,-1.14,1.68,,
2020-09-17,-0.21,1.98,,
2020-09-18,-0.65,1.18,,
2020-09-19,-1.13,1.21,,
2020-09-20,-1.31,-0.61,,
2020-09-21,1.35,-1.80,,
2020-09-22,1.50,-1.66,,
2020-09-23,1.53,-1.33,,
2020-09-24,-0.97,1.25,,
2020-09-25,0.53,-1.31,,
2020-09-26,1.19,-1.47,,
2020-09-27,0.95,-1.35,,
2020-09-28,1.25,-1.66,,
2020-09-29,1.92,-1.85,,
2020-09-30,1.69,1.10,,
2020-10-01,-0.92,1.36,,
2020-10-02,-1.34,0.78,,
2020-10-03,1.02,2.30,,
2020-10-04,0.75,1.36,,
2020-10-05,0.84,2.30,,
2020-10-06,-0.76,2.21,,
2020-10-07,-0.70,2.04,,
2020-10-08,-1.16,2.18,,
2020-10-09,-1.28,1.28,,
2020-10-10,-0.04,-1.27,,
2020-10-11,1.13,-2.05,,
2020-10-12,1.04,-1.04,,
2020-10-13,1.19,-0.96,,
2020-10-14,-0.79,1.31,,
2020-10-15,1.20,-0.87,,
2020-10-16,1.05,-1.75,,
2020-10-17,1.77,-2.26,,
2020-10-18,2.09,-2.17,,
2020-10-19,1.93,-0.10,,
2020-10-20,0.86,2.12,,
2020-10-21,0.79,3.42,,
2020-10-22,-0.03,1.94,,
2020-10-23,1.11,-0.04,,
2020-10-24,-0.43,1.85,,
2020-10-25,0.48,3.90,,
2020-10-26,-0.06,3.37,,
2020-10-27,-1.19,0.55,,
2020-10-28,1.68,-1.26,,
2020-10-29,-0.43,1.86,,
2020-10-30,1.32,1.52,,
2020-10-31,1.36,0.55,,
2020-11-01,1.38,2.30,,
2020-11-02,2.38,5.35,,
2020-11-03,1.66,6.20,,
2020-11-04,0.25,7.05,,
2020-11-05,0.19,5.46,,
2020-11-06,0.74,5.28,,
2020-11-07,0.75,4.71,,
2020-11-08,-0.00,3.38,,
2020-11-09,-0.65,1.99,,
2020-11-10,-0.92,1.80,,
2020-11-11,-1.16,0.87,,
2020-11-12,-0.96,-0.37,,
2020-11-13,1.37,-0.29,,
2020-11-14,2.57,0.04,,
2020-11-15,2.16,2.32,,
2020-11-16,1.83,5.03,,
2020-11-17,1.38,5.97,,
2020-11-18,1.47,4.82,,
2020-11-19,1.66,-0.32,,
2020-11-20,1.08,-0.60,,
2020-11-21,1.07,0.11,,
2020-11-22,0.47,3.32,,
2020-11-23,-1.50,-0.35,,
2020-11-24,1.46,-2.43,,
2020-11-25,1.16,-1.94,,
2020-11-26,0.00,-2.18,,
2020-11-27,1.00,-1.73,,
2020-11-28,1.29,-1.92,,
2020-11-29,1.53,-1.95,,
2020-11-30,2.17,-1.88,,
2020-12-01,1.93,-1.68,,
2020-12-02,1.06,-1.02,,
2020-12-03,1.03,-0.99,,
2020-12-04,1.53,-1.65,,
2020-12-05,0.70,-3.02,,
2020-12-06,1.31,-2.46,,
2020-12-07,2.08,-2.76,,
2020-12-08,2.08,-3.45,,
2020-12-09,1.92,-3.94,,
2020-12-10,1.40,-3.85,,
2020-12-11,0.70,-3.04,,
2020-12-12,0.71,-3.34,,
2020-12-13,1.04,-3.03,,
2020-12-14,1.51,-3.39,,
2020-12-15,1.82,-2.10,,
2020-12-16,2.04,-2.04,,
2020-12-17,1.11,-2.09,,
2020-12-18,0.74,-3.81,,
2020-12-19,0.57,-2.94,,
2020-12-20,0.67,-2.67,,
2020-12-21,1.12,-3.25,,
2020-12-22,0.88,-3.29,,
2020-12-23,0.17,-2.48,,
2020-12-24,0.95,-2.92,,
2020-12-25,1.35,-3.72,,
2020-12-26,1.65,-3.24,,
2020-12-27,2.13,-2.45,,
2020-12-28,1.64,-2.18,,
2020-12-29,1.69,-2.17,,
2020-12-30,1.15,-1.77,,
2020-12-31,1.03,-1.78,,
2021-01-01,0.64,-1.77,,
2021-01-02,0.95,-2.13,,
2021-01-03,0.73,-1.57,,
2021-01-04,0.33,-1.88,,
2021-01-05,0.98,-3.41,,
2021-01-06,0.91,-2.37,,
2021-01-07,0.97,-2.08,,
2021-01-08,1.11,-3.40,,
2021-01-09,2.29,-3.52,,
2021-01-10,1.33,-1.97,,
2021-01-11,1.27,-2.12,,
2021-01-12,0.68,-1.77,,
2021-01-13,0.86,-2.64,,
2021-01-14,1.38,-2.95,,
2021-01-15,1.51,-3.10,,
2021-01-16,1.04,-3.20,,
2021-01-17,1.04,-2.71,,
2021-01-18,1.19,-3.65,,
2021-01-19,0.87,-3.48,,
2021-01-20,-0.11,-3.14,,
2021-01-21,0.06,-3.63,,
2021-01-22,0.71,-3.33,,
2021-01-23,0.90,-3.37,,
2021-01-24,1.17,-4.37,,
2021-01-25,0.85,-4.39,,
2021-01-26,1.03,-4.12,,
2021-01-27,1.53,-3.78,,
2021-01-28,0.62,-4.40,,
2021-01-29,0.38,-5.41,,
2021-01-30,0.25,-4.82,,
2021-01-31,1.09,-4.73,,
2021-02-01,1.47,-4.54,,
2021-02-02,1.53,-5.02,,
2021-02-03,0.45,-5.19,,
2021-02-04,0.88,-5.01,,
2021-02-05,1.74,-3.92,,
2021-02-06,2.35,-2.43,,
2021-02-07,1.28,-2.87,,
2021-02-08,1.09,-3.80,,
2021-02-09,0.85,-3.68,,
2021-02-10,1.59,-3.74,,
2021-02-11,1.44,-3.22,,
2021-02-12,1.70,-3.21,,
2021-02-13,1.99,-2.84,,
2021-02-14,2.02,-2.41,,
2021-02-15,2.55,-3.50,,
2021-02-16,1.58,-2.18,,
2021-02-17,0.56,-2.88,,
2021-02-18,1.22,-2.61,,
2021-02-19,1.58,-1.64,,
2021-02-20,1.66,-1.91,,
2021-02-21,0.64,-3.64,,
2021-02-22,0.62,-3.90,,
2021-02-23,1.09,-4.39,,
2021-02-24,1.33,-4.96,,
2021-02-25,0.65,-5.32,,
2021-02-26,0.76,-5.44,,
2021-02-27,0.06,-3.27,,
2021-02-28,1.23,-4.93,,
2021-03-01,1.31,-3.07,,
2021-03-02,0.87,-4.10,,
2021-03-03,1.56,-4.53,,
2021-03-04,0.82,-4.23,,
2021-03-05,0.37,-4.27,,
2021-03-06,0.92,-4.00,,
2021-03-07,2.39,-5.37,,
2021-03-08,1.19,-5.59,,
2021-03-09,0.24,-4.50,,
2021-03-10,0.07,-4.17,,
2021-03-11,0.32,-3.69,,
2021-03-12,0.53,-3.37,,
2021-03-13,0.19,-3.70,,
2021-03-14,0.12,-3.42,,
2021-03-15,0.61,-3.88,,
2021-03-16,1.09,-3.82,,
2021-03-17,1.67,-1.79,,
2021-03-18,1.98,-1.91,,
2021-03-19,0.64,-1.67,,
2021-03-20,0.24,-3.43,,
2021-03-21,0.57,-4.07,,
2021-03-22,0.70,-3.61,,
2021-03-23,0.60,-1.97,,
2021-03-24,0.98,-2.42,,
2021-03-25,0.84,-3.12,,
2021-03-26,0.83,-4.25,,
2021-03-27,1.14,-4.93,,
2021-03-28,1.39,-4.03,,
2021-03-29,0.91,-3.93,,
2021-03-30,1.00,-2.74,,
2021-03-31,0.99,-2.73,,
2021-04-01,0.74,-3.80,,
2021-04-02,0.89,-5.04,,
2021-04-03,1.29,-5.59,,
2021-04-04,0.99,-5.08,,
2021-04-05,0.89,-4.57,,
2021-04-06,1.42,-4.11,,
2021-04-07,1.61,-2.90,,
2021-04-08,1.32,-1.58,,
2021-04-09,1.22,-1.22,,
2021-04-10,1.78,-0.09,,
2021-04-11,1.03,-1.37,,
2021-04-12,1.12,-1.67,,
2021-04-13,0.69,-1.90,,
2021-04-14,0.89,-2.73,,
2021-04-15,0.82,-1.92,,
2021-04-16,1.26,-1.80,,
2021-04-17,1.54,0.82,,
2021-04-18,1.55,-0.76,,
2021-04-19,-0.95,0.64,,
2021-04-20,0.47,-1.21,,
2021-04-21,1.18,-1.89,,
2021-04-22,0.67,-2.68,,
2021-04-23,1.06,-3.71,,
2021-04-24,0.56,-2.41,,
2021-04-25,0.90,-3.37,,
2021-04-26,1.43,-3.94,,
2021-04-27,0.70,-4.41,,
2021-04-28,0.51,-2.39,,
2021-04-29,0.22,-1.83,,
2021-04-30,0.56,-1.55,,
2021-05-01,1.45,-1.35,,
2021-05-02,-0.91,0.59,,
2021-05-03,-1.06,1.57,,
2021-05-04,-0.73,1.91,,
2021-05-05,0.78,-1.25,,
2021-05-06,1.22,-1.67,,
2021-05-07,1.38,-1.42,,
2021-05-08,1.11,-1.53,,
2021-05-09,0.84,-2.45,,
2021-05-10,1.65,-2.04,,
2021-05-11,2.04,-2.04,,
2021-05-12,1.91,-2.35,,
2021-05-13,1.29,-2.14,,
2021-05-14,0.58,-2.03,,
2021-05-15,0.46,-3.78,,
2021-05-16,1.70,-3.81,,
2021-05-17,1.30,-2.92,,
2021-05-18,1.63,-2.33,,
2021-05-19,1.67,-2.07,,
2021-05-20,1.06,-2.28,,
2021-05-21,1.10,-2.37,,
2021-05-22,1.09,-2.14,,
2021-05-23,1.54,-1.84,,
2021-05-24,0.92,-1.53,,
2021-05-25,1.38,-1.65,,
2021-05-26,1.21,-1.80,,
2021-05-27,0.25,-1.42,,
2021-05-28,1.02,-1.41,,
2021-05-29,1.25,-1.49,,
2021-05-30,0.88,-1.47,,
2021-05-31,0.47,-1.54,,
2021-06-01,1.27,-3.30,,
2021-06-02,2.47,-2.74,,
2021-06-03,1.82,-2.33,,
2021-06-04,0.95,-1.86,,
2021-06-05,1.27,-1.82,,
2021-06-06,1.49,-1.71,,
2021-06-07,1.43,-0.73,,
2021-06-08,-0.12,2.33,,
2021-06-09,0.91,-0.48,,
2021-06-10,-0.56,1.71,,
2021-06-11,0.13,-1.02,,
2021-06-12,1.34,-1.44,,
2021-06-13,1.65,-0.70,,
2021-06-14,-0.00,3.20,,
2021-06-15,-0.68,2.75,,
2021-06-16,-0.78,1.41,,
2021-06-17,0.84,-0.71,,
2021-06-18,1.32,-0.79,,
2021-06-19,1.51,-2.00,,
2021-06-20,1.84,-2.11,,
2021-06-21,1.79,-1.16,,
2021-06-22,-0.95,0.19,,
2021-06-23,1.12,-1.80,,
2021-06-24,1.54,-2.12,,
2021-06-25,1.35,-1.05,,
2021-06-26,-1.17,0.85,,
2021-06-27,-1.18,-0.60,,
2021-06-28,-0.59,-0.99,,
2021-06-29,1.34,-1.44,,
2021-06-30,1.53,-1.69,,
2021-07-01,1.77,1.19,,
2021-07-02,-0.35,1.23,,
2021-07-03,0.87,-0.27,,
2021-07-04,-0.55,1.79,,
2021-07-05,-1.34,0.57,,
2021-07-06,0.10,-1.37,,
2021-07-07,2.20,-2.81,,
2021-07-08,1.64,-1.82,,
2021-07-09,1.80,-1.36,,
2021-07-10,1.35,-1.13,,
2021-07-11,-0.53,-1.20,,
2021-07-12,1.25,-1.65,,
2021-07-13,1.91,-1.72,,
2021-07-14,1.46,-1.93,,
2021-07-15,1.73,-3.25,,
2021-07-16,1.89,-3.14,,
2021-07-17,2.04,-2.27,,
2021-07-18,1.64,-1.76,,
2021-07-19,1.06,-1.41,,
2021-07-20,1.96,-3.39,,
2021-07-21,1.74,-2.22,,
2021-07-22,2.18,-1.97,,
2021-07-23,1.16,-1.59,,
2021-07-24,1.80,-2.00,,
2021-07-25,1.14,2.06,,
2021-07-26,-0.56,2.11,,
2021-07-27,-1.41,0.15,,
2021-07-28,0.70,-1.64,,
2021-07-29,1.69,-2.09,,
2021-07-30,1.66,-1.84,,
2021-07-31,1.55,-2.91,,
2021-08-01,1.72,-2.05,,
2021-08-02,0.13,1.86,,
2021-08-03,-1.34,0.24,,
2021-08-04,0.71,-1.52,,
2021-08-05,1.67,-2.47,,
2021-08-06,1.81,-1.52,,
2021-08-07,1.88,-1.04,,
2021-08-08,1.69,-1.76,,
2021-08-09,0.43,-2.45,,
2021-08-10,1.27,-2.39,,
2021-08-11,2.44,0.30,,
2021-08-12,1.38,-0.90,,
2021-08-13,2.06,-1.39,,
2021-08-14,2.20,-0.12,,
2021-08-15,-0.58,1.00,,
2021-08-16,1.09,-0.88,,
2021-08-17,0.26,1.84,,
2021-08-18,-1.21,1.29,,
2021-08-19,-0.32,1.37,,
2021-08-20,-0.87,1.95,,
2021-08-21,-0.95,1.17,,
2021-08-22,-1.34,0.38,,
2021-08-23,1.48,-1.16,,
2021-08-24,1.63,0.06,,
2021-08-25,1.93,1.62,,
2021-08-26,1.59,3.57,,
2021-08-27,1.20,-0.06,,
2021-08-28,-0.18,-1.15,,
2021-08-29,1.77,-1.96,,
2021-08-30,2.59,-0.09,,
2021-08-31,-0.47,2.23,,
2021-09-01,0.03,1.72,,
2021-09-02,-1.22,-0.54,,
2021-09-03,1.38,-1.64,,
2021-09-04,0.71,-1.96,,
2021-09-05,1.03,-1.27,,
2021-09-06,2.16,0.34,,
2021-09-07,-0.13,2.55,,
2021-09-08,-1.00,2.05,,
2021-09-09,-0.91,1.64,,
2021-09-10,1.79,-1.73,,
2021-09-11,2.19,-0.27,,
2021-09-12,-1.76,1.33,,
2021-09-13,-0.61,0.78,,
2021-09-14,0.78,-0.87,,
2021-09-15,-1.25,0.88,,
2021-09-16,-1.43,0.38,,
2021-09-17,1.12,-1.86,,
2021-09-18,1.84,-1.71,,
2021-09-19,1.48,-2.03,,
2021-09-20,1.79,-2.13,,
2021-09-21,1.89,-2.33,,
2021-09-22,1.48,-1.43,,
2021-09-23,1.17,-0.57,,
2021-09-24,1.09,-0.88,,
2021-09-25,1.46,-2.16,,
2021-09-26,1.90,-2.82,,
2021-09-27,1.99,-2.37,,
2021-09-28,1.92,-2.06,,
2021-09-29,1.24,0.26,,
2021-09-30,-0.96,0.99,,
2021-10-01,-0.18,-1.70,,
2021-10-02,1.60,-2.47,,
2021-10-03,2.16,-2.49,,
2021-10-04,1.62,-0.90,,
2021-10-05,1.27,-1.10,,
2021-10-06,1.37,-1.32,,
2021-10-07,1.47,-1.23,,
2021-10-08,1.75,-0.18,,
2021-10-09,1.67,-0.96,,
2021-10-10,1.45,-0.18,,
2021-10-11,-1.08,0.67,,
2021-10-12,1.17,-1.06,,
2021-10-13,1.20,-0.59,,
2021-10-14,1.54,-0.85,,
2021-10-15,0.67,1.84,,
2021-10-16,-1.70,-0.55,,
2021-10-17,-1.53,1.19,,
2021-10-18,-1.65,0.74,,
2021-10-19,0.18,-1.30,,
2021-10-20,0.43,-1.59,,
2021-10-21,1.34,-1.17,,
2021-10-22,1.43,-0.79,,
2021-10-23,-0.31,2.18,,
2021-10-24,-0.76,1.98,,
2021-10-25,-1.39,-0.53,,
2021-10-26,0.60,-1.85,,
2021-10-27,0.23,-0.84,,
2021-10-28,0.16,1.83,,
2021-10-29,-0.68,1.47,,
2021-10-30,0.39,2.01,,
2021-10-31,1.98,-0.03,,
2021-11-01,1.46,0.81,,
2021-11-02,-1.28,0.34,,
2021-11-03,1.26,-0.72,,
2021-11-04,0.59,-0.99,,
2021-11-05,1.20,-0.58,,
2021-11-06,0.96,-1.60,,
2021-11-07,1.88,-1.88,,
2021-11-08,2.14,-2.22,,
2021-11-09,1.84,-2.53,,
2021-11-10,2.07,-2.38,,
2021-11-11,1.87,-2.48,,
2021-11-12,1.62,-1.74,,
2021-11-13,2.28,-2.82,,
2021-11-14,2.19,-2.12,,
2021-11-15,1.86,-1.99,,
2021-11-16,2.17,-1.89,,
2021-11-17,1.94,-0.95,,
2021-11-18,1.74,-1.46,,
2021-11-19,1.37,-1.69,,
2021-11-20,1.77,-1.54,,
2021-11-21,0.90,-1.33,,
2021-11-22,1.45,-1.79,,
2021-11-23,1.80,-2.30,,
2021-11-24,1.96,-2.11,,
2021-11-25,2.17,-2.58,,
2021-11-26,1.55,-2.14,,
2021-11-27,1.75,-2.02,,
2021-11-28,1.47,-2.35,,
2021-11-29,1.99,-2.64,,
2021-11-30,2.14,-1.56,,
2021-12-01,1.46,-1.27,,
2021-12-02,1.14,-2.15,,
2021-12-03,1.41,-2.76,,
2021-12-04,1.16,-2.01,,
2021-12-05,1.42,-1.88,,
2021-12-06,2.11,-1.77,,
2021-12-07,1.19,-1.63,,
2021-12-08,1.32,-2.39,,
2021-12-09,0.93,-3.46,,
2021-12-10,0.99,-3.96,,
2021-12-11,1.23,-3.05,,
2021-12-12,1.29,-2.65,,
2021-12-13,1.78,-1.66,,
2021-12-14,1.66,-1.98,,
2021-12-15,2.05,-2.12,,
2021-12-16,2.18,-2.34,,
2021-12-17,2.51,-2.18,,
2021-12-18,2.28,-1.54,,
2021-12-19,1.96,-1.53,,
2021-12-20,1.64,-1.53,,
2021-12-21,2.08,-1.69,,
2021-12-22,2.15,-2.30,,
2021-12-23,1.87,-3.51,,
2021-12-24,1.43,-3.36,,
2021-12-25,1.28,-3.16,,
2021-12-26,1.59,-2.76,,
2021-12-27,1.53,-2.87,,
2021-12-28,1.02,-3.13,,
2021-12-29,1.32,-3.26,,
2021-12-30,1.40,-2.24,,
2021-12-31,1.09,-3.35,,
2022-01-01,1.50,-3.23,-0.037,-0.087
2022-01-02,2.10,-2.17,-0.014,-0.077
2022-01-03,1.37,-2.03,-0.016,-0.095
2022-01-04,0.53,-3.36,-0.032,-0.133
2022-01-05,0.95,-4.46,-0.030,-0.094
2022-01-06,1.08,-3.53,-0.020,-0.073
2022-01-07,1.37,-3.09,-0.017,-0.086
2022-01-08,0.80,-2.98,-0.036,-0.102
2022-01-09,0.82,-3.55,-0.045,-0.113
2022-01-10,1.27,-3.70,-0.043,-0.103
2022-01-11,0.87,-3.02,-0.040,-0.083
2022-01-12,0.58,-2.71,-0.042,-0.083
2022-01-13,1.53,-3.43,-0.024,-0.080
2022-01-14,0.65,-3.36,-0.024,-0.077
2022-01-15,0.06,-3.42,-0.025,-0.050
2022-01-16,0.83,-2.88,-0.004,-0.019
2022-01-17,1.26,-4.11,-0.030,-0.059
2022-01-18,1.15,-4.98,-0.043,-0.104
2022-01-19,0.62,-5.02,-0.037,-0.092
2022-01-20,1.61,-4.66,-0.032,-0.095
2022-01-21,1.78,-3.08,-0.039,-0.133
2022-01-22,0.62,-3.92,-0.045,-0.196
2022-01-23,0.74,-4.67,-0.045,-0.164
2022-01-24,0.96,-4.50,-0.019,-0.098
2022-01-25,1.09,-3.79,-0.035,-0.108
2022-01-26,1.37,-3.58,-0.028,-0.088
2022-01-27,1.27,-4.14,-0.039,-0.103
2022-01-28,1.12,-3.66,-0.040,-0.106
2022-01-29,0.69,-3.57,-0.029,-0.102
2022-01-30,0.40,-4.53,-0.047,-0.092
2022-01-31,0.73,-4.16,-0.022,-0.078
2022-02-01,0.51,-2.92,-0.019,-0.036
2022-02-02,0.84,-3.13,-0.020,-0.044
2022-02-03,2.09,-3.34,-0.015,-0.106
2022-02-04,0.82,-2.86,-0.045,-0.136
2022-02-05,0.75,-3.86,-0.045,-0.139
2022-02-06,0.80,-3.75,-0.025,-0.112
2022-02-07,0.54,-3.07,-0.029,-0.103
2022-02-08,1.16,-3.19,-0.032,-0.080
2022-02-09,1.93,-4.14,-0.039,-0.137
2022-02-10,1.89,-3.71,-0.039,-0.134
2022-02-11,0.94,-3.51,-0.044,-0.126
2022-02-12,0.82,-4.23,-0.039,-0.125
2022-02-13,1.91,-3.31,-0.039,-0.101
2022-02-14,0.76,-2.84,-0.048,-0.110
2022-02-15,0.27,-3.79,-0.059,-0.133
2022-02-16,0.84,-5.28,-0.046,-0.119
2022-02-17,1.95,-3.66,-0.035,-0.106
2022-02-18,1.73,-3.88,-0.029,-0.121
2022-02-19,0.32,-4.60,-0.034,-0.112
2022-02-20,0.67,-4.73,-0.040,-0.093
2022-02-21,0.83,-4.71,-0.041,-0.106
2022-02-22,0.83,-4.70,-0.033,-0.096
2022-02-23,0.90,-4.63,-0.037,-0.089
2022-02-24,0.51,-4.82,-0.042,-0.095
2022-02-25,0.71,-4.46,-0.038,-0.081
2022-02-26,0.60,-4.91,-0.043,-0.094
2022-02-27,1.18,-4.10,-0.042,-0.085
2022-02-28,1.37,-4.49,-0.041,-0.097
2022-03-01,2.14,-4.81,-0.029,-0.114
2022-03-02,2.05,-4.21,-0.035,-0.142
2022-03-03,0.96,-3.84,-0.031,-0.132
2022-03-04,0.44,-3.16,-0.018,-0.095
2022-03-05,0.63,-4.50,-0.027,-0.118
2022-03-06,0.82,-3.07,-0.022,-0.123
2022-03-07,0.45,-3.19,-0.022,-0.121
2022-03-08,0.32,-3.05,-0.023,-0.120
2022-03-09,0.99,-2.88,-0.019,-0.129
2022-03-10,1.33,-2.05,-0.031,-0.148
2022-03-11,1.51,-2.73,-0.038,-0.177
2022-03-12,1.67,-3.02,-0.063,-0.204
2022-03-13,1.64,-3.22,-0.046,-0.145
2022-03-14,0.91,-3.66,-0.028,-0.064
2022-03-15,0.72,-4.08,-0.013,-0.021
2022-03-16,0.89,-3.11,-0.035,-0.071
2022-03-17,1.27,-2.49,-0.045,-0.095
2022-03-18,1.09,-2.71,-0.049,-0.112
2022-03-19,0.74,-3.46,-0.045,-0.115
2022-03-20,0.65,-4.59,-0.047,-0.118
2022-03-21,0.73,-4.61,-0.043,-0.090
2022-03-22,0.55,-3.48,-0.036,-0.086
2022-03-23,0.57,-3.25,-0.012,-0.049
2022-03-24,1.30,-4.27,-0.018,-0.052
2022-03-25,1.24,-4.33,-0.036,-0.099
2022-03-26,2.21,-4.75,-0.030,-0.125
2022-03-27,1.98,-4.25,-0.045,-0.142
2022-03-28,1.34,-3.50,-0.033,-0.125
2022-03-29,0.51,-2.88,-0.049,-0.089
2022-03-30,1.28,-1.76,-0.031,-0.089
2022-03-31,0.99,-2.46,-0.039,-0.107
2022-04-01,-0.51,-1.41,-0.038,-0.121
2022-04-02,0.76,-2.48,-0.048,-0.133
2022-04-03,1.46,-2.75,-0.032,-0.178
2022-04-04,1.54,-1.90,-0.002,-0.131
2022-04-05,1.28,-1.52,0.002,-0.122
2022-04-06,1.13,-2.55,-0.016,-0.144
2022-04-07,1.82,-2.60,-0.001,-0.114
2022-04-08,0.96,-2.15,0.016,-0.099
2022-04-09,1.22,-2.74,-0.016,-0.126
2022-04-10,0.19,-3.69,-0.044,-0.123
2022-04-11,0.45,-4.32,-0.030,-0.111
2022-04-12,1.13,-3.94,-0.033,-0.098
2022-04-13,1.46,-3.28,-0.024,-0.116
2022-04-14,1.27,-1.81,-0.018,-0.106
2022-04-15,1.16,-1.39,-0.012,-0.111
2022-04-16,1.53,-3.60,-0.030,-0.147
2022-04-17,2.50,-2.68,-0.005,-0.175
2022-04-18,2.44,-1.24,0.007,-0.164
2022-04-19,1.93,-0.07,-0.012,-0.144
2022-04-20,1.21,0.08,-0.044,-0.107
2022-04-21,1.42,0.02,-0.027,-0.040
2022-04-22,1.04,1.38,-0.005,0.009
2022-04-23,-0.23,-1.48,-0.020,-0.008
2022-04-24,1.22,-1.36,-0.007,0.004
2022-04-25,1.93,0.52,0.041,0.058
2022-04-26,1.43,-1.28,0.016,0.034
2022-04-27,1.05,-1.50,-0.019,-0.065
2022-04-28,1.32,-1.28,-0.030,-0.078
2022-04-29,1.20,-1.43,-0.033,-0.083
2022-04-30,1.62,-1.36,-0.032,-0.097
2022-05-01,1.76,-0.93,-0.003,-0.059
2022-05-02,1.70,-0.87,0.000,-0.069
2022-05-03,0.90,-1.94,-0.025,-0.071
2022-05-04,1.85,-1.85,-0.018,-0.092
2022-05-05,1.75,-0.57,0.010,-0.061
2022-05-06,-0.61,1.98,-0.009,0.007
2022-05-07,-1.56,-0.66,-0.049,-0.047
2022-05-08,1.22,-1.22,-0.047,-0.086
2022-05-09,1.22,-1.74,-0.030,-0.113
2022-05-10,1.18,-1.45,-0.023,-0.107
2022-05-11,1.71,-0.30,0.002,-0.037
2022-05-12,0.30,1.42,-0.002,-0.004
2022-05-13,1.44,-1.08,0.003,-0.045
2022-05-14,1.60,-1.60,-0.007,-0.057
2022-05-15,1.63,-1.06,0.008,-0.036
2022-05-16,2.37,-1.60,0.033,-0.025
2022-05-17,2.19,-1.97,0.024,-0.056
2022-05-18,1.94,-0.99,0.034,-0.009
2022-05-19,0.63,-1.29,0.001,-0.009
2022-05-20,-0.06,1.86,-0.002,0.003
2022-05-21,-1.17,0.92,-0.013,-0.003
2022-05-22,1.06,-2.27,-0.031,-0.103
2022-05-23,1.32,-1.18,-0.018,-0.108
2022-05-24,0.30,1.88,-0.000,-0.013
2022-05-25,-1.52,0.27,-0.018,-0.005
2022-05-26,-0.34,-1.28,-0.051,-0.068
2022-05-27,1.58,-1.43,-0.018,-0.088
2022-05-28,1.50,-0.10,-0.004,-0.059
2022-05-29,0.92,-1.06,-0.011,-0.044
2022-05-30,1.19,-0.39,-0.005,-0.036
2022-05-31,-0.23,1.45,-0.023,-0.038
2022-06-01,-0.15,2.19,-0.010,-0.001
2022-06-02,0.63,3.25,0.014,0.065
2022-06-03,0.34,3.87,0.017,0.088
2022-06-04,-0.43,3.05,0.019,0.077
2022-06-05,-1.20,1.72,-0.018,0.005
2022-06-06,-0.38,1.54,-0.014,0.002
2022-06-07,-1.37,-0.22,-0.037,-0.030
2022-06-08,-0.87,2.28,-0.026,0.008
2022-06-09,-1.03,2.01,-0.010,0.023
2022-06-10,-0.43,1.61,-0.012,0.005
2022-06-11,-1.14,0.89,-0.009,-0.002
2022-06-12,0.22,3.19,0.028,0.091
2022-06-13,-1.30,1.61,0.008,0.068
2022-06-14,1.99,-0.31,0.003,0.027
2022-06-15,-0.60,1.84,0.023,0.058
2022-06-16,0.05,2.89,0.017,0.069
2022-06-17,1.23,-1.15,-0.008,-0.033
2022-06-18,1.23,1.15,0.003,-0.001
2022-06-19,-0.73,2.11,-0.000,0.023
2022-06-20,-2.08,1.35,-0.030,-0.010
2022-06-21,1.19,-1.91,-0.032,-0.054
2022-06-22,1.66,-1.78,-0.010,-0.057
2022-06-23,1.89,-1.05,0.020,-0.021
2022-06-24,2.29,-0.74,0.043,0.010
2022-06-25,1.27,0.46,-0.007,0.005
2022-06-26,1.50,0.55,-0.004,0.010
2022-06-27,1.46,-0.10,-0.001,-0.010
2022-06-28,1.10,-1.10,-0.019,-0.058
2022-06-29,1.31,-1.80,-0.021,-0.081
2022-06-30,1.46,-1.94,-0.002,-0.090
2022-07-01,2.78,1.54,0.026,-0.009
2022-07-02,-0.90,1.85,0.015,0.048
2022-07-03,-1.14,1.31,0.002,0.029
2022-07-04,2.17,-2.17,0.009,-0.060
2022-07-05,0.94,-1.56,-0.007,-0.067
2022-07-06,0.88,-1.52,-0.020,-0.093
2022-07-07,1.33,-1.96,-0.033,-0.104
2022-07-08,1.31,-2.09,-0.033,-0.112
2022-07-09,1.75,-1.58,-0.024,-0.093
2022-07-10,2.57,-1.04,-0.004,-0.055
2022-07-11,0.64,1.02,-0.021,-0.042
2022-07-12,0.29,-0.85,-0.036,-0.043
2022-07-13,-1.55,-0.39,-0.045,-0.062
2022-07-14,0.95,-1.47,-0.018,-0.054
2022-07-15,1.18,-1.51,-0.019,-0.066
2022-07-16,0.76,-2.20,-0.026,-0.075
2022-07-17,0.95,-2.35,-0.013,-0.055
2022-07-18,1.34,-1.16,0.004,-0.047
2022-07-19,0.57,-1.65,-0.019,-0.074
2022-07-20,1.31,-1.36,-0.007,-0.080
2022-07-21,2.25,0.24,-0.008,-0.049
2022-07-22,0.43,-1.33,-0.014,-0.044
2022-07-23,1.33,-1.15,-0.020,-0.057
2022-07-24,1.53,-0.68,-0.013,-0.059
2022-07-25,1.59,-1.28,-0.007,-0.091
2022-07-26,0.81,-1.08,-0.015,-0.062
2022-07-27,1.12,-1.12,-0.003,-0.041
2022-07-28,1.74,-0.96,0.013,-0.025
2022-07-29,0.78,-1.68,-0.015,-0.058
2022-07-30,1.81,-2.58,-0.010,-0.081
2022-07-31,1.16,-2.09,-0.027,-0.083
2022-08-01,1.81,-0.32,-0.003,-0.045
2022-08-02,0.76,-1.22,-0.013,-0.070
2022-08-03,0.55,-1.09,-0.012,-0.073
2022-08-04,1.69,-1.88,-0.005,-0.083
2022-08-05,1.54,-1.59,-0.007,-0.104
2022-08-06,1.90,-0.20,0.021,-0.026
2022-08-07,1.12,-0.24,-0.000,0.004
2022-08-08,1.58,-1.95,-0.000,-0.060
2022-08-09,1.53,-1.53,-0.027,-0.098
2022-08-10,2.21,-2.06,0.019,-0.057
2022-08-11,1.46,-1.18,0.014,-0.039
2022-08-12,1.55,-0.47,0.009,-0.023
2022-08-13,-0.69,1.36,-0.012,-0.021
2022-08-14,-0.51,1.41,-0.014,-0.014
2022-08-15,1.57,-0.11,-0.007,-0.068
2022-08-16,-0.18,2.01,-0.015,-0.057
2022-08-17,0.73,-1.71,-0.003,-0.077
2022-08-18,1.85,-2.97,-0.024,-0.120
2022-08-19,1.44,-1.30,-0.005,-0.114
2022-08-20,1.44,-1.30,-0.001,-0.085
2022-08-21,1.56,-1.09,0.004,-0.061
2022-08-22,1.79,0.16,0.025,0.003
2022-08-23,-1.44,0.80,-0.014,-0.011
2022-08-24,-0.19,1.77,-0.017,-0.001
2022-08-25,0.49,-1.62,-0.033,-0.060
2022-08-26,1.28,-0.44,-0.007,-0.075
2022-08-27,1.46,-0.98,0.005,-0.060
2022-08-28,1.27,0.96,0.018,-0.026
2022-08-29,-1.34,1.12,-0.004,0.010
2022-08-30,-1.23,1.03,-0.011,0.006
2022-08-31,0.80,-1.23,-0.009,-0.056
2022-09-01,-0.52,2.46,-0.001,0.041
2022-09-02,-0.61,1.31,-0.006,0.028
2022-09-03,1.22,-1.10,-0.016,-0.060
2022-09-04,1.33,-2.05,-0.024,-0.095
2022-09-05,0.61,-1.50,-0.018,-0.071
2022-09-06,1.11,-1.38,-0.005,-0.094
2022-09-07,1.43,-1.38,-0.002,-0.106
2022-09-08,-0.09,1.29,-0.007,-0.056
2022-09-09,-0.69,2.78,-0.001,0.038
2022-09-10,-1.43,-0.73,-0.024,-0.042
2022-09-11,1.52,-1.27,0.000,-0.082
2022-09-12,-0.43,1.88,0.009,-0.016
2022-09-13,-0.82,2.39,0.001,0.015
2022-09-14,-1.84,0.49,-0.022,-0.032
2022-09-15,-0.77,1.73,-0.014,-0.009
2022-09-16,1.16,0.57,-0.006,-0.028
2022-09-17,0.36,1.86,0.011,0.014
2022-09-18,0.95,2.94,0.003,0.070
2022-09-19,-0.39,3.69,-0.015,0.073
2022-09-20,0.60,3.43,0.014,0.102
2022-09-21,-0.22,1.76,-0.027,0.018
2022-09-22,-1.15,1.98,-0.012,0.038
2022-09-23,-1.05,1.05,-0.011,0.021
2022-09-24,1.57,-0.28,0.004,-0.001
2022-09-25,0.81,3.23,0.029,0.092
2022-09-26,0.20,3.89,0.042,0.116
2022-09-27,0.47,3.36,0.028,0.089
2022-09-28,-0.59,-1.72,-0.034,-0.040
2022-09-29,-0.29,2.07,-0.033,-0.050
2022-09-30,-0.57,2.67,-0.012,0.024
2022-10-01,0.43,3.47,0.005,0.057
2022-10-02,0.95,1.65,-0.019,0.015
2022-10-03,1.10,-2.48,-0.031,-0.103
2022-10-04,2.10,-2.50,-0.011,-0.094
2022-10-05,1.69,0.06,-0.001,-0.032
2022-10-06,1.38,-0.56,0.001,-0.034
2022-10-07,2.28,-0.74,0.027,-0.030
2022-10-08,2.44,1.77,0.053,0.042
2022-10-09,0.48,5.48,0.027,0.151
2022-10-10,0.13,3.59,0.014,0.090
2022-10-11,0.51,-1.10,-0.007,-0.001
2022-10-12,1.83,-0.67,0.015,-0.018
2022-10-13,0.45,1.95,0.012,0.044
2022-10-14,-0.00,3.18,0.009,0.076
2022-10-15,-0.87,2.39,-0.005,0.050
2022-10-16,-1.45,-0.03,-0.025,-0.020
2022-10-17,2.35,-1.09,-0.002,-0.053
2022-10-18,1.86,-1.62,0.019,-0.042
2022-10-19,0.98,-1.92,-0.008,-0.097
2022-10-20,1.87,-0.13,-0.005,-0.062
2022-10-21,0.85,-0.94,-0.018,-0.058
2022-10-22,1.65,-0.41,0.006,-0.064
2022-10-23,1.25,-0.88,0.006,-0.073
2022-10-24,1.56,-1.36,-0.004,-0.093
2022-10-25,1.60,-0.31,0.001,-0.062
2022-10-26,1.17,-0.91,-0.002,-0.069
2022-10-27,1.04,-1.16,-0.010,-0.073
2022-10-28,1.14,-1.27,-0.005,-0.075
2022-10-29,-0.05,-1.40,-0.011,-0.080
2022-10-30,0.92,-0.80,-0.018,-0.073
2022-10-31,1.37,-0.27,0.000,-0.069
2022-11-01,-1.09,-0.85,-0.019,-0.055
2022-11-02,1.10,-2.26,-0.017,-0.097
2022-11-03,2.17,-1.76,0.006,-0.066
2022-11-04,0.92,2.69,0.029,0.063
2022-11-05,1.96,4.39,0.059,0.153
2022-11-06,2.32,4.03,0.042,0.150
2022-11-07,1.99,3.06,0.032,0.121
2022-11-08,1.41,-0.12,-0.024,0.014
2022-11-09,1.01,2.08,-0.019,-0.006
2022-11-10,-0.00,2.37,-0.025,0.021
2022-11-11,0.08,2.26,-0.020,0.008
2022-11-12,0.75,-1.25,-0.038,-0.083
2022-11-13,1.47,-1.19,-0.031,-0.093
2022-11-14,-1.39,0.94,-0.007,-0.033
2022-11-15,0.93,-1.61,-0.010,-0.055
2022-11-16,1.40,-2.00,-0.032,-0.084
2022-11-17,1.46,-1.23,-0.017,-0.090
2022-11-18,1.80,-0.73,0.009,-0.060
2022-11-19,1.33,-1.12,0.021,-0.020
2022-11-20,1.81,-1.18,0.022,-0.032
2022-11-21,1.59,-1.33,0.007,-0.062
2022-11-22,1.74,-1.51,-0.028,-0.087
2022-11-23,1.47,-1.57,-0.016,-0.108
2022-11-24,1.67,0.89,-0.008,-0.051
2022-11-25,1.15,-0.49,-0.011,-0.047
2022-11-26,0.79,-0.56,-0.010,-0.059
2022-11-27,0.18,-1.02,0.002,-0.073
2022-11-28,0.65,-1.46,-0.000,-0.099
2022-11-29,0.18,-2.07,-0.003,-0.091
2022-11-30,-0.31,-1.60,-0.014,-0.092
2022-12-01,0.23,-1.86,-0.023,-0.081
2022-12-02,0.94,-2.46,-0.022,-0.075
2022-12-03,1.51,-1.87,-0.017,-0.055
2022-12-04,1.56,-2.08,-0.010,-0.038
2022-12-05,1.82,-1.76,-0.002,-0.044
2022-12-06,0.83,-2.29,-0.011,-0.054
2022-12-07,0.09,-2.71,-0.028,-0.059
2022-12-08,0.21,-2.43,-0.021,-0.056
2022-12-09,0.53,-1.97,-0.014,-0.044
2022-12-10,0.32,-2.27,-0.025,-0.062
2022-12-11,0.38,-2.71,-0.022,-0.072
2022-12-12,0.71,-2.31,-0.005,-0.072
2022-12-13,0.96,-2.97,-0.003,-0.077
2022-12-14,1.05,-2.89,-0.026,-0.098
2022-12-15,1.63,-2.51,-0.022,-0.104
2022-12-16,2.05,-2.28,-0.006,-0.120
2022-12-17,1.66,-1.30,0.004,-0.118
2022-12-18,1.12,-2.30,-0.005,-0.130
2022-12-19,0.16,-3.15,-0.028,-0.115
2022-12-20,2.09,-2.99,-0.020,-0.092
2022-12-21,0.94,-3.29,-0.035,-0.116
2022-12-22,1.04,-2.03,-0.039,-0.101
2022-12-23,0.75,-3.03,-0.032,-0.093
2022-12-24,0.99,-3.46,-0.037,-0.095
2022-12-25,0.95,-3.12,-0.023,-0.040
2022-12-26,0.92,-2.83,-0.011,-0.037
2022-12-27,1.33,-2.21,-0.009,-0.048
2022-12-28,1.54,-2.20,-0.017,-0.084
2022-12-29,1.17,-2.29,-0.035,-0.096
2022-12-30,0.25,-2.86,-0.052,-0.075
2022-12-31,1.66,-2.65,-0.025,-0.085
2023-01-01,1.81,-1.81,0.001,-0.043
2023-01-02,1.20,-1.59,-0.020,-0.050
2023-01-03,1.41,-1.56,-0.035,-0.091
2023-01-04,0.58,-2.16,-0.042,-0.090
2023-01-05,0.17,-3.31,-0.053,-0.113
2023-01-06,1.02,-3.81,-0.032,-0.084
2023-01-07,1.73,-3.00,-0.019,-0.081
2023-01-08,2.37,-2.72,-0.017,-0.080
2023-01-09,2.15,-2.23,-0.008,-0.089
2023-01-10,1.66,-2.20,-0.026,-0.100
2023-01-11,1.05,-2.48,-0.036,-0.115
2023-01-12,1.11,-1.93,-0.008,-0.096
2023-01-13,0.56,-3.54,-0.027,-0.092
2023-01-14,1.15,-4.28,-0.032,-0.098
2023-01-15,0.61,-4.98,-0.041,-0.106
2023-01-16,0.70,-3.96,-0.026,-0.080
2023-01-17,0.46,-2.39,-0.010,-0.039
2023-01-18,0.52,-2.08,-0.037,-0.091
2023-01-19,0.71,-2.46,-0.040,-0.124
2023-01-20,0.51,-3.62,-0.049,-0.169
2023-01-21,1.22,-3.56,-0.019,-0.125
2023-01-22,1.76,-1.89,-0.037,-0.094
2023-01-23,1.71,-1.97,-0.025,-0.096
2023-01-24,1.38,-3.60,-0.031,-0.122
2023-01-25,1.65,-2.04,-0.026,-0.086
2023-01-26,0.55,-3.10,-0.027,-0.098
2023-01-27,0.38,-3.60,-0.045,-0.091
2023-01-28,-0.40,-3.84,-0.062,-0.087
2023-01-29,-0.35,-4.02,-0.055,-0.089
2023-01-30,0.57,-3.60,-0.044,-0.070
2023-01-31,0.43,-4.86,-0.051,-0.083
2023-02-01,-0.48,-3.87,-0.052,-0.065
2023-02-02,-0.58,-3.29,-0.055,-0.087
2023-02-03,1.01,-4.38,-0.034,-0.082
2023-02-04,0.50,-4.75,-0.054,-0.108
2023-02-05,0.84,-5.28,-0.051,-0.117
2023-02-06,1.31,-4.59,-0.048,-0.123
2023-02-07,0.15,-4.29,-0.048,-0.105
2023-02-08,0.86,-4.90,-0.047,-0.109
2023-02-09,0.86,-4.89,-0.040,-0.106
2023-02-10,0.83,-3.60,-0.036,-0.100
2023-02-11,1.00,-4.71,-0.039,-0.122
2023-02-12,0.76,-5.44,-0.043,-0.138
2023-02-13,0.68,-5.54,-0.055,-0.142
2023-02-14,0.66,-5.37,-0.043,-0.135
2023-02-15,0.43,-4.97,-0.033,-0.130
2023-02-16,0.59,-4.22,-0.041,-0.124
2023-02-17,0.77,-4.36,-0.037,-0.138
2023-02-18,0.40,-5.70,-0.060,-0.143
2023-02-19,0.00,-4.81,-0.062,-0.129
2023-02-20,0.89,-4.55,-0.043,-0.103
2023-02-21,0.88,-3.52,-0.016,-0.084
2023-02-22,0.64,-4.05,-0.015,-0.085
2023-02-23,0.91,-3.65,-0.019,-0.110
2023-02-24,0.37,-4.24,-0.028,-0.106
2023-02-25,0.39,-4.43,-0.030,-0.114
2023-02-26,0.62,-4.44,-0.035,-0.113
2023-02-27,0.37,-4.24,-0.031,-0.123
2023-02-28,0.87,-4.49,-0.029,-0.117
2023-03-01,0.70,-4.44,-0.030,-0.110
2023-03-02,0.75,-4.26,-0.021,-0.094
2023-03-03,0.95,-3.55,-0.029,-0.103
2023-03-04,1.28,-3.16,-0.024,-0.119
2023-03-05,0.57,-4.04,-0.050,-0.150
2023-03-06,0.77,-4.39,-0.048,-0.192
2023-03-07,0.54,-3.43,-0.037,-0.118
2023-03-08,0.88,-2.88,-0.019,-0.034
2023-03-09,0.25,-2.82,-0.022,-0.043
2023-03-10,0.28,-2.66,-0.051,-0.086
2023-03-11,0.48,-2.44,-0.050,-0.061
2023-03-12,-0.74,1.27,-0.007,0.079
2023-03-13,-1.42,0.99,-0.018,-0.010
2023-03-14,0.79,1.31,-0.004,-0.014
2023-03-15,1.21,-1.17,-0.012,-0.033
2023-03-16,0.40,-1.61,-0.049,-0.093
2023-03-17,0.37,-1.74,-0.052,-0.129
2023-03-18,0.90,-1.77,-0.034,-0.110
2023-03-19,1.38,-2.60,-0.036,-0.119
2023-03-20,1.63,-3.06,-0.036,-0.146
2023-03-21,0.39,-4.51,-0.061,-0.147
2023-03-22,0.24,-4.64,-0.047,-0.106
2023-03-23,0.93,-4.81,-0.041,-0.110
2023-03-24,0.80,-4.55,-0.033,-0.089
2023-03-25,0.95,-2.77,-0.016,-0.057
2023-03-26,0.99,-2.73,-0.034,-0.099
2023-03-27,1.27,-3.49,-0.030,-0.132
2023-03-28,0.78,-4.02,-0.036,-0.149
2023-03-29,0.65,-5.27,-0.053,-0.139
2023-03-30,0.82,-5.15,-0.048,-0.109
2023-03-31,0.74,-5.30,-0.050,-0.117
2023-04-01,0.88,-4.98,-0.045,-0.101
2023-04-02,0.63,-3.99,-0.044,-0.093
2023-04-03,0.70,-3.95,-0.049,-0.100
2023-04-04,0.47,-3.84,-0.049,-0.093
2023-04-05,0.39,-4.45,-0.033,-0.104
2023-04-06,0.44,-4.16,-0.044,-0.111
2023-04-07,0.50,-2.82,-0.036,-0.086
2023-04-08,-0.04,-2.50,-0.048,-0.105
2023-04-09,0.48,-3.94,-0.041,-0.118
2023-04-10,1.30,-4.55,-0.044,-0.125
2023-04-11,1.16,-4.65,-0.043,-0.120
2023-04-12,1.44,-4.18,-0.029,-0.100
2023-04-13,0.81,-3.51,-0.031,-0.088
2023-04-14,0.45,-4.27,-0.037,-0.093
2023-04-15,1.14,-3.99,-0.031,-0.092
2023-04-16,1.55,-3.33,-0.040,-0.105
2023-04-17,0.79,-2.29,-0.017,-0.054
2023-04-18,0.78,-2.91,-0.033,-0.074
2023-04-19,0.87,-3.49,-0.031,-0.115
2023-04-20,1.40,-4.31,-0.032,-0.116
2023-04-21,1.62,-2.15,-0.012,-0.079
2023-04-22,2.37,-0.46,-0.005,-0.040
2023-04-23,1.29,1.65,-0.014,-0.047
2023-04-24,0.26,1.64,-0.046,-0.112
2023-04-25,1.76,0.15,-0.044,-0.114
2023-04-26,1.55,-2.57,-0.047,-0.112
2023-04-27,1.58,-2.44,-0.036,-0.082
2023-04-28,0.86,-2.35,-0.032,-0.074
2023-04-29,0.87,-2.28,-0.021,-0.073
2023-04-30,1.08,-1.38,-0.037,-0.083
2023-05-01,0.60,-1.41,-0.051,-0.098
2023-05-02,1.30,-2.17,-0.054,-0.130
2023-05-03,1.37,-3.57,-0.049,-0.162
2023-05-04,0.92,-3.69,-0.045,-0.133
2023-05-05,1.68,-5.16,-0.043,-0.132
2023-05-06,1.51,-4.40,-0.050,-0.126
2023-05-07,1.17,-5.08,-0.048,-0.130
2023-05-08,2.28,-4.88,-0.026,-0.115
2023-05-09,2.75,-4.24,-0.024,-0.123
2023-05-10,2.40,-3.07,-0.018,-0.145
2023-05-11,1.21,-2.19,-0.016,-0.133
2023-05-12,1.10,-1.91,-0.044,-0.128
2023-05-13,0.58,-2.52,-0.057,-0.170
2023-05-14,1.38,-3.11,-0.043,-0.147
2023-05-15,1.75,-2.59,-0.036,-0.108
2023-05-16,2.15,-1.87,0.010,-0.091
2023-05-17,1.01,-2.27,-0.004,-0.079
2023-05-18,1.35,-3.04,-0.018,-0.081
2023-05-19,0.95,-3.54,-0.042,-0.133
2023-05-20,1.20,-3.49,-0.052,-0.157
2023-05-21,1.70,-2.34,-0.036,-0.141
2023-05-22,1.41,-2.01,-0.029,-0.120
2023-05-23,0.90,-1.94,-0.022,-0.090
2023-05-24,0.74,-1.66,-0.020,-0.035
2023-05-25,-1.52,-0.58,-0.019,-0.000
2023-05-26,-0.48,2.26,0.004,0.056
2023-05-27,-0.54,1.40,-0.007,0.019
2023-05-28,1.40,-1.93,-0.019,-0.068
2023-05-29,1.47,-1.75,-0.014,-0.082
2023-05-30,0.76,2.21,0.005,-0.013
2023-05-31,-0.37,2.66,0.004,0.048
2023-06-01,-1.64,2.34,-0.042,0.003
2023-06-02,0.22,4.21,-0.000,0.060
2023-06-03,-0.54,3.07,-0.020,0.020
2023-06-04,-0.34,3.19,-0.010,0.026
2023-06-05,-0.06,3.46,0.020,0.091
2023-06-06,0.74,-1.45,-0.001,0.009
2023-06-07,1.81,0.09,-0.006,-0.005
2023-06-08,-0.24,2.27,0.023,0.074
2023-06-09,-0.69,2.40,0.006,0.038
2023-06-10,-0.74,2.59,0.013,0.063
2023-06-11,-0.97,0.79,-0.019,0.008
2023-06-12,0.86,-1.62,-0.021,-0.031
2023-06-13,1.12,-1.34,-0.019,-0.038
2023-06-14,1.05,-1.56,-0.012,-0.040
2023-06-15,0.78,-1.68,-0.017,-0.047
2023-06-16,2.11,-2.52,0.003,-0.054
2023-06-17,1.70,-1.19,-0.004,-0.013
2023-06-18,0.94,-1.63,-0.024,-0.027
2023-06-19,2.34,-2.59,-0.015,-0.084
2023-06-20,1.43,-2.48,-0.024,-0.087
2023-06-21,1.91,-0.69,-0.019,-0.039
2023-06-22,1.16,-0.70,-0.030,-0.016
2023-06-23,1.89,-2.34,-0.007,-0.090
2023-06-24,1.04,-1.38,-0.005,-0.057
2023-06-25,2.19,-1.32,0.005,-0.061
2023-06-26,-0.57,2.14,-0.023,0.005
2023-06-27,-1.10,-1.03,-0.050,-0.067
2023-06-28,1.25,-2.56,-0.051,-0.127
2023-06-29,1.60,-3.60,-0.041,-0.107
2023-06-30,2.72,-3.13,-0.020,-0.089
2023-07-01,1.83,-2.04,0.007,-0.027
2023-07-02,1.99,-0.21,0.002,-0.001
2023-07-03,0.97,-0.30,-0.023,-0.041
2023-07-04,0.42,-1.57,-0.055,-0.089
2023-07-05,1.47,-1.88,-0.040,-0.090
2023-07-06,1.71,-1.71,-0.026,-0.101
2023-07-07,1.29,-0.52,-0.031,-0.061
2023-07-08,-1.43,-0.64,-0.028,-0.035
2023-07-09,0.32,-1.63,-0.029,-0.054
2023-07-10,2.62,-2.91,0.001,-0.077
2023-07-11,2.80,-2.70,-0.004,-0.070
2023-07-12,2.15,-2.96,-0.002,-0.066
2023-07-13,2.16,-2.24,-0.002,-0.046
2023-07-14,2.16,-2.08,-0.006,-0.042
2023-07-15,2.06,-2.95,-0.012,-0.080
2023-07-16,1.82,-2.32,-0.022,-0.094
2023-07-17,2.38,-2.55,-0.008,-0.090
2023-07-18,2.49,-3.69,-0.012,-0.095
2023-07-19,2.06,-4.22,-0.026,-0.114
2023-07-20,2.88,-3.82,-0.020,-0.109
2023-07-21,2.87,-3.08,0.009,-0.089
2023-07-22,1.51,-1.40,0.018,-0.028
2023-07-23,2.15,-2.95,-0.002,-0.083
2023-07-24,3.03,-3.25,0.004,-0.106
2023-07-25,1.61,-3.15,-0.008,-0.099
2023-07-26,2.38,-2.07,-0.009,-0.090
2023-07-27,2.71,-2.62,0.005,-0.103
2023-07-28,1.80,-2.48,-0.011,-0.099
2023-07-29,1.86,-2.66,-0.026,-0.123
2023-07-30,2.16,-2.32,-0.010,-0.117
2023-07-31,2.15,-1.56,0.001,-0.092
2023-08-01,1.58,-0.51,-0.018,-0.084
2023-08-02,1.66,-2.28,-0.031,-0.146
2023-08-03,2.45,-3.51,-0.010,-0.142
2023-08-04,2.72,-3.88,-0.016,-0.135
2023-08-05,2.13,-4.00,-0.011,-0.110
2023-08-06,2.67,-2.86,-0.022,-0.102
2023-08-07,3.09,-1.85,0.019,-0.067
2023-08-08,2.52,-1.90,0.008,-0.077
2023-08-09,2.60,-2.69,0.001,-0.095
2023-08-10,1.92,-2.65,-0.011,-0.107
2023-08-11,1.75,-2.02,-0.031,-0.096
2023-08-12,1.60,-1.60,-0.036,-0.094
2023-08-13,2.00,-2.56,-0.024,-0.063
2023-08-14,1.84,-1.06,-0.008,-0.054
2023-08-15,2.26,-2.51,-0.003,-0.051
2023-08-16,1.91,-2.05,-0.018,-0.056
2023-08-17,0.90,-1.69,-0.024,-0.072
2023-08-18,1.30,-1.61,-0.039,-0.077
2023-08-19,2.13,-2.45,-0.012,-0.102
2023-08-20,2.82,-2.63,0.017,-0.067
2023-08-21,2.33,0.62,0.022,0.024
2023-08-22,0.75,2.32,0.002,0.055
2023-08-23,1.19,4.44,0.024,0.124
2023-08-24,-0.00,4.38,0.023,0.114
2023-08-25,-1.29,1.43,-0.015,0.030
2023-08-26,-1.10,0.80,-0.010,0.022
2023-08-27,-1.97,1.38,-0.021,0.008
2023-08-28,-0.42,2.97,0.004,0.074
2023-08-29,-1.00,1.54,-0.008,0.038
2023-08-30,1.17,-2.41,-0.018,-0.034
2023-08-31,2.26,-2.69,-0.020,-0.084
2023-09-01,1.63,-1.95,-0.012,-0.066
2023-09-02,2.32,-2.49,-0.006,-0.072
2023-09-03,2.59,-2.25,0.021,-0.035
2023-09-04,1.03,1.23,0.015,0.036
2023-09-05,0.86,-1.43,-0.003,-0.017
2023-09-06,1.78,-2.36,-0.015,-0.065
2023-09-07,2.37,-1.37,0.006,-0.060
2023-09-08,1.58,-2.26,-0.036,-0.090
2023-09-09,2.53,-2.62,-0.020,-0.114
2023-09-10,1.82,-2.25,-0.024,-0.110
2023-09-11,1.81,-2.32,-0.008,-0.079
2023-09-12,1.31,-2.37,-0.025,-0.108
2023-09-13,1.55,-2.57,-0.013,-0.091
2023-09-14,1.21,-2.71,-0.017,-0.085
2023-09-15,1.83,-1.96,-0.003,-0.086
2023-09-16,1.22,-1.62,-0.018,-0.089
2023-09-17,1.72,-2.12,-0.017,-0.107
2023-09-18,1.86,-2.14,-0.005,-0.119
2023-09-19,2.04,-2.04,0.007,-0.082
2023-09-20,2.27,-2.05,0.008,-0.064
2023-09-21,1.90,-2.11,0.010,-0.068
2023-09-22,2.38,-3.15,-0.005,-0.102
2023-09-23,1.47,-2.76,-0.020,-0.089
2023-09-24,2.05,-2.05,0.013,-0.084
2023-09-25,2.07,-0.33,-0.007,-0.059
2023-09-26,-0.17,1.35,-0.003,-0.009
2023-09-27,0.10,1.42,0.001,0.016
2023-09-28,1.69,-0.90,-0.023,-0.039
2023-09-29,-0.99,-1.23,-0.023,-0.066
2023-09-30,1.55,-1.21,-0.009,-0.063
2023-10-01,1.59,-1.33,0.017,-0.055
2023-10-02,1.27,-1.62,0.005,-0.085
2023-10-03,1.50,-0.67,0.011,-0.011
2023-10-04,-2.08,0.97,-0.014,-0.003
2023-10-05,-1.35,1.93,-0.023,-0.002
2023-10-06,-1.18,1.96,-0.026,-0.015
2023-10-07,-1.31,1.14,-0.048,-0.056
2023-10-08,1.39,0.45,-0.040,-0.062
2023-10-09,-1.12,1.43,-0.030,-0.016
2023-10-10,-0.44,1.92,-0.006,0.023
2023-10-11,-1.35,1.30,-0.015,0.004
2023-10-12,0.50,1.74,-0.007,0.008
2023-10-13,-0.76,1.88,-0.001,0.044
2023-10-14,-0.89,2.91,0.001,0.072
2023-10-15,-0.18,3.48,0.011,0.089
2023-10-16,-0.13,2.57,-0.004,0.047
2023-10-17,-1.61,0.68,-0.043,-0.023
2023-10-18,1.70,-2.35,-0.012,-0.080
2023-10-19,2.70,-2.03,0.021,-0.060
2023-10-20,2.49,-0.35,0.047,0.025
2023-10-21,1.79,0.95,0.018,0.074
2023-10-22,0.15,2.11,-0.018,0.029
2023-10-23,-0.91,2.36,-0.010,0.029
2023-10-24,-1.62,1.51,-0.015,0.018
2023-10-25,0.19,2.22,-0.004,0.046
2023-10-26,1.20,0.56,-0.025,0.005
2023-10-27,1.10,1.02,-0.009,0.039
2023-10-28,2.02,0.70,-0.022,-0.018
2023-10-29,0.40,3.29,0.008,0.070
2023-10-30,0.84,2.30,-0.004,0.057
2023-10-31,-0.89,1.75,-0.013,0.034
2023-11-01,0.57,-1.27,0.002,-0.006
2023-11-02,2.05,-0.79,0.037,-0.010
2023-11-03,1.93,0.86,0.044,0.057
2023-11-04,-0.95,2.93,-0.005,0.059
2023-11-05,-0.00,3.31,0.002,0.063
2023-11-06,0.09,1.73,-0.014,0.021
2023-11-07,0.20,-1.46,-0.033,-0.045
2023-11-08,1.52,-2.25,-0.036,-0.107
2023-11-09,2.50,-3.32,-0.021,-0.107
2023-11-10,2.23,-2.75,-0.006,-0.092
2023-11-11,1.83,-1.28,0.004,-0.077
2023-11-12,1.43,-1.48,-0.005,-0.078
2023-11-13,1.46,-1.27,-0.005,-0.062
2023-11-14,2.22,-1.18,0.021,-0.055
2023-11-15,2.92,1.06,0.020,-0.047
2023-11-16,1.19,3.09,0.015,0.104
2023-11-17,1.22,1.46,-0.005,0.048
2023-11-18,2.81,-0.55,0.002,-0.038
2023-11-19,-0.74,1.74,-0.011,-0.069
2023-11-20,-1.13,-0.85,-0.040,-0.046
2023-11-21,1.30,-0.55,-0.025,-0.068
2023-11-22,1.82,-1.82,0.002,-0.077
2023-11-23,2.07,-1.19,0.010,-0.050
2023-11-24,1.31,-1.56,-0.007,-0.060
2023-11-25,1.40,-1.31,-0.012,-0.060
2023-11-26,1.34,-1.60,-0.023,-0.064
2023-11-27,1.28,-3.01,-0.026,-0.102
2023-11-28,1.64,-1.76,-0.010,-0.059
2023-11-29,2.44,-1.98,-0.002,-0.078
2023-11-30,1.84,-1.91,0.004,-0.070
2023-12-01,1.13,-2.95,-0.034,-0.110
2023-12-02,0.97,-3.87,-0.031,-0.108
2023-12-03,1.56,-3.19,-0.032,-0.101
2023-12-04,1.40,-3.64,-0.036,-0.101
2023-12-05,0.92,-3.99,-0.032,-0.094
2023-12-06,1.04,-3.64,-0.029,-0.088
2023-12-07,0.55,-3.90,-0.029,-0.074
2023-12-08,1.10,-2.73,-0.024,-0.050
2023-12-09,2.35,-2.52,-0.009,-0.057
2023-12-10,1.86,-2.30,-0.023,-0.089
2023-12-11,1.75,-2.01,-0.019,-0.091
2023-12-12,1.65,-3.24,-0.027,-0.102
2023-12-13,0.65,-3.69,-0.035,-0.097
2023-12-14,0.68,-3.83,-0.030,-0.077
2023-12-15,1.04,-3.39,-0.021,-0.046
2023-12-16,1.62,-2.00,-0.017,-0.044
2023-12-17,2.37,-2.54,-0.006,-0.079
2023-12-18,2.36,-4.44,-0.030,-0.127
2023-12-19,1.81,-5.25,-0.042,-0.139
2023-12-20,2.69,-5.76,-0.036,-0.128
2023-12-21,3.51,-5.40,-0.018,-0.121
2023-12-22,1.74,-3.90,-0.017,-0.081
2023-12-23,1.08,-4.35,-0.024,-0.111
2023-12-24,2.26,-3.23,-0.020,-0.095
2023-12-25,2.44,-3.24,-0.021,-0.122
2023-12-26,1.59,-2.98,-0.020,-0.129
2023-12-27,1.27,-1.82,-0.038,-0.117
2023-12-28,1.63,-1.52,-0.021,-0.097
2023-12-29,0.70,-1.12,-0.020,-0.077
2023-12-30,0.85,-1.73,0.001,-0.024
2023-12-31,2.11,-3.65,-0.007,-0.099
2024-01-01,0.96,-3.83,-0.036,-0.101
2024-01-02,0.97,-4.55,-0.030,-0.103
2024-01-03,1.00,-3.74,-0.036,-0.093
2024-01-04,1.64,-3.53,-0.017,-0.066
2024-01-05,1.00,-3.48,-0.026,-0.067
2024-01-06,1.43,-3.37,-0.012,-0.050
2024-01-07,1.38,-4.24,-0.018,-0.066
2024-01-08,0.83,-5.24,-0.036,-0.080
2024-01-09,2.19,-3.38,-0.008,-0.052
2024-01-10,1.80,-2.30,0.011,-0.016
2024-01-11,1.86,-2.86,-0.006,-0.035
2024-01-12,2.01,-2.77,-0.011,-0.080
2024-01-13,0.66,-1.10,-0.008,-0.039
2024-01-14,0.83,-3.61,-0.021,-0.088
2024-01-15,1.66,-4.56,-0.026,-0.118
2024-01-16,1.90,-3.89,-0.027,-0.111
2024-01-17,2.03,-4.16,-0.028,-0.127
2024-01-18,0.93,-5.26,-0.039,-0.135
2024-01-19,1.63,-5.03,-0.028,-0.106
2024-01-20,1.41,-4.92,-0.036,-0.109
2024-01-21,0.83,-5.93,-0.040,-0.114
2024-01-22,0.72,-5.09,-0.049,-0.106
2024-01-23,1.15,-4.60,-0.038,-0.092
2024-01-24,1.54,-4.75,-0.036,-0.104
2024-01-25,1.59,-3.93,-0.027,-0.105
2024-01-26,1.83,-3.58,-0.020,-0.113
2024-01-27,1.36,-2.67,-0.015,-0.099
2024-01-28,1.04,-4.50,-0.035,-0.134
2024-01-29,0.69,-5.60,-0.048,-0.134
2024-01-30,0.99,-5.59,-0.041,-0.117
2024-01-31,1.28,-5.12,-0.043,-0.109
2024-02-01,0.27,-5.19,-0.043,-0.104
2024-02-02,0.08,-4.46,-0.026,-0.071
2024-02-03,-1.02,-2.39,0.008,0.028
2024-02-04,-1.67,2.06,0.008,0.112
2024-02-05,-0.82,3.87,0.004,0.098
2024-02-06,-0.37,3.05,-0.007,0.062
2024-02-07,1.28,-4.79,-0.062,-0.166
2024-02-08,0.45,-5.16,-0.045,-0.135
2024-02-09,0.33,-4.67,-0.042,-0.084
2024-02-10,1.25,-5.88,-0.027,-0.093
2024-02-11,1.00,-5.13,-0.034,-0.095
2024-02-12,2.08,-3.60,-0.008,-0.042
2024-02-13,2.18,-3.94,-0.012,-0.082
2024-02-14,1.28,-6.01,-0.035,-0.155
2024-02-15,1.56,-5.81,-0.030,-0.133
2024-02-16,1.96,-5.12,-0.026,-0.135
2024-02-17,2.16,-4.23,-0.033,-0.156
2024-02-18,2.16,-2.98,-0.012,-0.150
2024-02-19,2.52,-4.95,-0.037,-0.166
2024-02-20,1.02,-5.77,-0.052,-0.152
2024-02-21,0.68,-5.52,-0.026,-0.097
2024-02-22,2.12,-5.53,-0.043,-0.097
2024-02-23,1.81,-4.71,-0.024,-0.104
2024-02-24,1.08,-3.53,-0.005,-0.077
2024-02-25,1.04,-4.90,-0.028,-0.087
2024-02-26,1.58,-4.86,-0.030,-0.151
2024-02-27,0.82,-5.19,-0.026,-0.124
2024-02-28,0.76,-5.41,-0.033,-0.124
2024-02-29,1.10,-5.68,-0.030,-0.140
2024-03-01,1.54,-5.36,-0.019,-0.127
2024-03-02,0.85,-4.00,-0.014,-0.121
2024-03-03,1.87,-3.83,-0.017,-0.152
2024-03-04,0.79,-3.42,-0.040,-0.169
2024-03-05,1.10,-3.39,-0.039,-0.178
2024-03-06,1.31,-3.25,-0.042,-0.158
2024-03-07,0.73,-3.43,-0.039,-0.087
2024-03-08,1.17,-3.39,-0.045,-0.089
2024-03-09,1.80,-3.13,-0.028,-0.111
2024-03-10,1.48,-3.32,-0.032,-0.152
2024-03-11,0.96,-5.45,-0.055,-0.192
2024-03-12,0.84,-5.98,-0.045,-0.146
2024-03-13,1.68,-5.84,-0.035,-0.115
2024-03-14,1.24,-4.64,-0.044,-0.124
2024-03-15,0.94,-4.85,-0.036,-0.159
2024-03-16,0.91,-3.64,-0.028,-0.118
2024-03-17,0.79,-3.74,-0.042,-0.144
2024-03-18,1.88,-4.65,-0.035,-0.154
2024-03-19,2.67,-4.27,-0.030,-0.137
2024-03-20,2.58,-3.69,-0.015,-0.148
2024-03-21,1.24,-3.41,-0.034,-0.130
2024-03-22,1.24,-3.59,-0.042,-0.132
2024-03-23,2.30,-3.06,-0.026,-0.125
2024-03-24,2.53,-3.01,-0.029,-0.135
2024-03-25,1.15,-2.59,-0.031,-0.113
2024-03-26,-1.60,1.78,-0.023,-0.028
2024-03-27,-0.24,2.74,-0.016,-0.012
2024-03-28,-1.28,2.40,-0.029,0.001
2024-03-29,-0.05,-2.88,-0.032,-0.095
2024-03-30,0.71,-5.02,-0.040,-0.128
2024-03-31,0.96,-4.94,-0.028,-0.093
2024-04-01,1.84,-4.79,-0.016,-0.075
2024-04-02,1.75,-3.75,-0.018,-0.082
2024-04-03,1.07,-1.70,-0.019,-0.030
2024-04-04,-0.73,0.87,-0.013,0.015
2024-04-05,1.64,-2.34,-0.026,-0.083
2024-04-06,1.96,-2.90,-0.028,-0.136
2024-04-07,1.40,-2.88,-0.035,-0.154
2024-04-08,1.91,-3.45,-0.036,-0.181
2024-04-09,1.31,-2.46,-0.047,-0.163
2024-04-10,1.77,-2.04,-0.040,-0.117
2024-04-11,1.52,-1.82,-0.042,-0.118
2024-04-12,0.97,-4.98,-0.037,-0.169
2024-04-13,0.81,-6.63,-0.053,-0.142
2024-04-14,1.30,-6.12,-0.044,-0.125
2024-04-15,1.33,-5.32,-0.039,-0.110
2024-04-16,1.35,-4.42,-0.041,-0.096
2024-04-17,1.39,-4.03,-0.030,-0.110
2024-04-18,1.37,-3.57,-0.032,-0.129
2024-04-19,1.32,-3.10,-0.030,-0.128
2024-04-20,0.75,-3.03,-0.027,-0.133
2024-04-21,0.72,-2.87,-0.024,-0.102
2024-04-22,0.80,-1.58,0.000,-0.080
2024-04-23,0.26,-2.92,-0.039,-0.152
2024-04-24,0.88,-4.14,-0.052,-0.178
2024-04-25,1.02,-4.40,-0.040,-0.125
2024-04-26,2.25,-2.77,0.000,-0.099
2024-04-27,2.01,-2.23,-0.014,-0.130
2024-04-28,1.48,-1.71,-0.022,-0.135
2024-04-29,1.43,-0.90,-0.030,-0.144
2024-04-30,0.80,-1.39,-0.066,-0.165
2024-05-01,1.34,-2.33,-0.069,-0.184
2024-05-02,1.50,-2.14,-0.050,-0.095
2024-05-03,1.59,-1.54,-0.014,-0.048
2024-05-04,1.61,0.97,0.009,0.009
2024-05-05,-1.49,0.97,0.001,0.042
2024-05-06,1.89,-3.02,-0.020,-0.067
2024-05-07,2.16,-2.77,-0.014,-0.086
2024-05-08,2.09,0.07,0.018,0.009
2024-05-09,-1.37,0.42,-0.001,0.028
2024-05-10,0.47,-0.92,-0.026,-0.034
2024-05-11,1.35,-0.44,-0.023,-0.068
2024-05-12,0.08,-1.46,-0.056,-0.114
2024-05-13,1.98,-2.54,-0.037,-0.152
2024-05-14,2.40,-1.50,-0.013,-0.111
2024-05-15,1.28,1.90,0.013,-0.019
2024-05-16,-0.69,2.13,0.002,0.049
2024-05-17,-1.19,1.00,-0.021,-0.026
2024-05-18,0.79,-1.62,-0.025,-0.071
2024-05-19,1.90,-2.11,-0.024,-0.112
2024-05-20,2.11,-1.77,-0.009,-0.105
2024-05-21,1.89,1.27,-0.006,-0.048
2024-05-22,0.60,1.85,-0.016,-0.023
2024-05-23,-1.28,-0.44,-0.040,-0.067
2024-05-24,-1.71,0.49,-0.045,-0.052
2024-05-25,0.47,-1.23,-0.039,-0.084
2024-05-26,1.23,-2.76,-0.029,-0.110
2024-05-27,1.84,-2.44,-0.021,-0.101
2024-05-28,1.75,-1.47,0.006,-0.023
2024-05-29,2.23,1.18,0.033,0.024
2024-05-30,-0.37,2.08,0.013,0.053
2024-05-31,-0.44,-1.64,-0.018,-0.010
2024-06-01,1.99,-2.55,-0.011,-0.054
2024-06-02,2.54,-1.85,0.001,-0.035
2024-06-03,0.61,1.68,0.010,0.035
2024-06-04,0.17,1.65,-0.001,0.069
2024-06-05,-0.10,2.87,,
2024-06-06,-0.72,2.90,,
2024-06-07,-0.95,2.46,,
2024-06-08,-0.47,1.65,,
2024-06-09,-1.11,1.59,-0.027,-0.026
2024-06-10,-1.16,2.28,-0.016,-0.003
2024-06-11,-1.09,2.46,0.015,0.065
2024-06-12,-0.21,3.05,0.016,0.075
2024-06-13,0.90,-0.87,-0.017,0.011
2024-06-14,-1.46,1.62,-0.013,0.029
2024-06-15,1.45,3.60,-0.006,0.062
2024-06-16,0.89,4.59,0.027,0.129
2024-06-17,-1.30,1.86,-0.023,0.044
2024-06-18,1.46,-1.36,-0.030,-0.043
2024-06-19,-0.80,0.89,-0.034,-0.055
2024-06-20,-1.13,1.61,-0.032,-0.010
2024-06-21,-1.10,0.15,-0.036,0.002
2024-06-22,1.51,-0.08,0.000,0.017
2024-06-23,1.16,1.72,0.018,0.028
2024-06-24,-1.14,0.48,-0.010,0.031
2024-06-25,1.25,-1.12,-0.002,-0.021
2024-06-26,0.22,1.59,-0.010,-0.006
2024-06-27,1.15,4.63,0.036,0.119
2024-06-28,0.17,4.80,0.019,0.118
2024-06-29,-0.92,2.41,0.002,0.072
2024-06-30,1.95,-1.82,-0.023,-0.059
2024-07-01,1.76,-1.28,-0.035,-0.066
2024-07-02,-1.13,0.94,-0.046,-0.019
2024-07-03,0.18,2.60,-0.015,0.040
2024-07-04,1.37,-0.61,-0.030,0.003
2024-07-05,0.51,4.17,0.014,0.077
2024-07-06,0.12,3.32,0.012,0.096
2024-07-07,0.82,-1.05,-0.021,-0.002
2024-07-08,1.38,-1.83,-0.019,-0.071
2024-07-09,1.50,-1.86,-0.028,-0.087
2024-07-10,1.65,-0.99,-0.034,-0.080
2024-07-11,0.00,-1.53,-0.036,-0.081
2024-07-12,1.51,-1.67,-0.031,-0.090
2024-07-13,2.31,-2.48,-0.023,-0.098
2024-07-14,2.99,-2.79,-0.005,-0.101
2024-07-15,2.12,-2.82,-0.018,-0.118
2024-07-16,2.32,-2.16,-0.015,-0.106
2024-07-17,1.47,-1.32,-0.038,-0.115
2024-07-18,1.88,-1.22,-0.016,-0.117
2024-07-19,-1.48,-0.13,-0.023,-0.049
2024-07-20,0.79,-1.70,-0.018,-0.088
2024-07-21,1.65,-1.83,-0.024,-0.081
2024-07-22,1.88,0.65,-0.035,-0.104
2024-07-23,1.65,-1.59,-0.025,-0.101
2024-07-24,1.98,-1.10,0.003,-0.054
2024-07-25,1.75,-0.64,0.027,-0.035
2024-07-26,-0.51,-0.88,0.014,-0.014
2024-07-27,-0.82,1.93,-0.008,-0.004
2024-07-28,0.92,-1.98,-0.021,-0.069
2024-07-29,1.99,-2.95,-0.018,-0.104
2024-07-30,2.75,-2.85,-0.027,-0.105
2024-07-31,2.20,-0.39,-0.007,-0.059
2024-08-01,1.36,-1.41,-0.022,-0.062
2024-08-02,1.79,0.32,0.007,-0.018
2024-08-03,1.08,-1.16,-0.001,-0.041
2024-08-04,1.02,-1.36,-0.002,-0.059
2024-08-05,1.85,-1.45,0.006,-0.065
2024-08-06,1.75,-1.42,0.003,-0.054
2024-08-07,1.59,1.65,0.012,-0.021
2024-08-08,0.05,2.69,0.017,0.086
2024-08-09,1.03,-2.21,-0.021,-0.025
2024-08-10,2.20,-2.53,-0.021,-0.137
2024-08-11,1.13,-1.67,0.016,-0.057
2024-08-12,1.23,-0.60,0.016,-0.031
2024-08-13,-0.29,1.66,-0.035,-0.075
2024-08-14,0.83,-1.71,-0.027,-0.117
2024-08-15,1.49,-1.13,-0.029,-0.118
2024-08-16,1.74,-1.68,-0.008,-0.106
2024-08-17,0.99,-1.71,-0.009,-0.082
2024-08-18,1.27,0.64,0.020,-0.018
2024-08-19,1.21,-1.35,0.015,-0.000
2024-08-20,1.21,-0.91,0.011,-0.039
2024-08-21,1.93,-1.21,0.016,-0.032
2024-08-22,2.19,-1.84,0.030,-0.063
2024-08-23,2.01,-1.68,0.008,-0.084
2024-08-24,1.90,-2.43,0.005,-0.087
2024-08-25,1.75,-0.25,0.014,-0.057
2024-08-26,-1.13,0.95,0.002,-0.041
2024-08-27,-0.94,-1.08,-0.027,-0.086
2024-08-28,1.07,-2.51,-0.025,-0.117
2024-08-29,1.36,-2.92,-0.025,-0.095
2024-08-30,-0.05,1.50,-0.020,-0.061
2024-08-31,-0.45,1.95,-0.001,-0.031
2024-09-01,-1.71,0.24,-0.000,-0.008
2024-09-02,-1.65,-0.06,-0.022,-0.035
2024-09-03,-1.00,0.73,-0.024,-0.049
2024-09-04,-1.53,0.62,-0.010,-0.030
2024-09-05,-0.99,1.22,0.001,-0.007
2024-09-06,-1.09,1.96,-0.005,0.019
2024-09-07,-1.64,0.60,-0.035,-0.034
2024-09-08,-1.53,0.32,-0.044,-0.070
2024-09-09,1.02,-1.18,-0.008,-0.086
2024-09-10,1.17,-1.13,-0.005,-0.076
2024-09-11,1.24,-1.00,0.003,-0.057
2024-09-12,0.84,-1.20,-0.003,-0.032
2024-09-13,-1.45,-0.71,-0.022,-0.043
2024-09-14,1.30,0.37,-0.003,-0.021
2024-09-15,1.63,-2.24,0.010,-0.038
2024-09-16,1.78,-1.39,-0.002,-0.058
2024-09-17,1.61,-0.82,-0.003,-0.053
2024-09-18,1.46,-1.27,0.002,-0.050
2024-09-19,1.82,-0.06,0.010,-0.039
2024-09-20,-0.14,2.05,-0.008,0.000
2024-09-21,-0.13,3.79,0.023,0.089
2024-09-22,0.56,4.56,0.028,0.120
2024-09-23,-0.00,4.62,0.022,0.100
2024-09-24,0.23,4.46,0.018,0.112
2024-09-25,0.24,2.69,0.009,0.078
2024-09-26,-0.49,1.60,-0.013,0.018
2024-09-27,-0.76,0.88,0.001,0.014
2024-09-28,1.67,-0.85,0.012,-0.014
2024-09-29,0.24,3.50,0.016,0.079
2024-09-30,-0.07,3.84,0.004,0.098
2024-10-01,0.76,2.35,0.007,0.069
2024-10-02,-0.14,4.02,0.016,0.101
2024-10-03,-0.46,2.89,0.011,0.078
2024-10-04,1.01,-1.24,-0.021,-0.054
2024-10-05,-0.03,1.46,-0.009,-0.026
2024-10-06,0.25,1.75,-0.003,-0.010
2024-10-07,-0.00,3.16,0.005,0.050
2024-10-08,0.71,3.64,0.015,0.090
2024-10-09,1.51,4.95,0.041,0.140
2024-10-10,0.63,1.10,-0.029,0.028
2024-10-11,-1.72,-0.30,-0.051,-0.060
2024-10-12,1.51,-1.87,-0.024,-0.103
2024-10-13,1.99,-2.37,-0.009,-0.089
2024-10-14,1.05,-1.01,-0.035,-0.096
2024-10-15,1.80,1.08,-0.023,-0.075
2024-10-16,-0.19,3.69,0.006,0.073
2024-10-17,-0.18,3.35,0.018,0.086
2024-10-18,-0.40,1.38,0.009,0.034
2024-10-19,1.28,-0.86,0.008,-0.007
2024-10-20,1.69,-1.32,0.017,-0.007
2024-10-21,1.73,1.35,0.019,0.029
2024-10-22,-0.66,2.15,-0.002,0.049
2024-10-23,-1.02,0.13,-0.026,-0.032
2024-10-24,1.62,-1.80,-0.030,-0.098
2024-10-25,1.76,-2.02,-0.012,-0.080
2024-10-26,2.52,-2.52,-0.008,-0.081
2024-10-27,2.93,-2.73,0.008,-0.100
2024-10-28,2.25,-1.96,0.003,-0.042
2024-10-29,1.57,-1.41,0.006,-0.047
2024-10-30,2.40,-1.68,0.020,-0.063
2024-10-31,2.20,0.08,0.023,0.004
2024-11-01,0.95,2.61,0.002,0.073
2024-11-02,2.13,4.57,0.017,0.093
2024-11-03,2.12,2.72,-0.001,0.107
2024-11-04,2.12,4.55,0.029,0.152
2024-11-05,1.49,5.96,0.058,0.166
2024-11-06,0.35,4.05,0.035,0.113
2024-11-07,0.12,1.72,0.004,0.042
2024-11-08,1.59,-0.78,-0.016,-0.059
2024-11-09,1.60,2.56,0.024,0.102
2024-11-10,1.35,3.71,0.022,0.124
2024-11-11,1.70,4.66,0.033,0.144
2024-11-12,1.09,4.73,0.023,0.135
2024-11-13,1.20,4.47,0.025,0.129
2024-11-14,1.28,5.13,0.024,0.113
2024-11-15,0.48,5.47,0.036,0.161
2024-11-16,0.60,4.85,0.032,0.131
2024-11-17,0.28,3.97,0.025,0.111
2024-11-18,-1.32,0.99,-0.024,0.012
2024-11-19,1.24,-0.53,-0.035,-0.100
2024-11-20,-0.91,0.41,-0.046,-0.075
2024-11-21,1.14,-0.74,-0.031,-0.077
2024-11-22,0.94,-1.50,-0.030,-0.127
2024-11-23,1.52,-1.88,-0.058,-0.180
2024-11-24,2.08,-1.15,-0.010,-0.140
2024-11-25,2.42,-0.13,0.011,-0.054
2024-11-26,1.76,0.15,0.010,-0.002
2024-11-27,2.06,0.18,0.012,-0.027
2024-11-28,1.64,1.42,0.002,0.015
2024-11-29,0.92,-0.95,-0.022,-0.030
2024-11-30,1.65,-1.89,-0.014,-0.103
2024-12-01,2.58,-2.87,0.018,-0.110
2024-12-02,2.29,-2.37,0.012,-0.105
2024-12-03,2.35,-2.20,0.011,-0.103
2024-12-04,1.56,-2.50,-0.025,-0.113
2024-12-05,1.90,-2.03,-0.011,-0.108
2024-12-06,2.04,-1.84,-0.005,-0.101
2024-12-07,0.62,-1.91,-0.029,-0.133
2024-12-08,0.64,-2.22,-0.025,-0.122
2024-12-09,1.54,-1.77,-0.027,-0.087
2024-12-10,1.90,-1.77,-0.013,-0.077
2024-12-11,1.88,-2.02,-0.005,-0.104
2024-12-12,0.62,-3.51,-0.030,-0.134
2024-12-13,0.14,-4.04,-0.023,-0.079
2024-12-14,0.20,-3.78,-0.017,-0.041
2024-12-15,1.38,-3.42,-0.005,-0.036
2024-12-16,2.37,-2.92,-0.007,-0.084
2024-12-17,1.61,-3.16,-0.008,-0.108
2024-12-18,1.96,-3.53,-0.007,-0.121
2024-12-19,2.67,-2.77,-0.002,-0.118
2024-12-20,2.98,-2.41,0.040,-0.090
2024-12-21,2.11,-1.90,0.009,-0.120
2024-12-22,2.78,-2.98,0.013,-0.118
2024-12-23,2.09,-3.35,-0.006,-0.124
2024-12-24,2.72,-2.81,0.010,-0.096
2024-12-25,2.00,-0.85,0.031,-0.052
2024-12-26,2.47,-1.00,0.028,-0.055
2024-12-27,1.77,0.51,0.020,-0.040
2024-12-28,-0.58,1.91,-0.020,0.000
2024-12-29,-0.53,2.13,-0.027,-0.015
2024-12-30,1.11,-1.58,-0.031,-0.047
2024-12-31,1.88,-1.94,-0.004,-0.080
2025-01-01,1.95,-2.68,-0.013,-0.081
2025-01-02,2.36,-2.81,0.005,-0.085
2025-01-03,2.30,-2.84,0.008,-0.089
2025-01-04,2.58,-2.76,0.038,-0.066
2025-01-05,1.70,-1.82,0.014,-0.067
2025-01-06,1.79,-1.92,-0.003,-0.100
2025-01-07,1.38,-2.60,-0.019,-0.102
2025-01-08,0.79,-3.41,-0.021,-0.112
2025-01-09,0.41,-3.90,-0.028,-0.086
2025-01-10,1.62,-2.50,0.006,-0.064
2025-01-11,1.86,-2.00,0.008,-0.072
2025-01-12,1.13,-3.28,-0.017,-0.120
2025-01-13,0.53,-3.74,-0.029,-0.114
2025-01-14,0.79,-3.43,-0.026,-0.097
2025-01-15,0.64,-3.32,-0.021,-0.080
2025-01-16,0.57,-4.09,-0.029,-0.081
2025-01-17,1.15,-3.01,-0.021,-0.080
2025-01-18,2.08,-2.57,-0.007,-0.086
2025-01-19,1.60,-2.38,-0.014,-0.098
2025-01-20,2.21,-1.85,-0.006,-0.104
2025-01-21,2.38,-2.55,-0.011,-0.110
2025-01-22,2.36,-2.20,-0.015,-0.120
2025-01-23,2.27,-2.04,-0.014,-0.102
2025-01-24,1.29,-3.05,-0.028,-0.102
2025-01-25,-0.08,-4.54,-0.046,-0.111
2025-01-26,0.39,-4.47,-0.046,-0.106
2025-01-27,0.82,-4.24,-0.030,-0.095
2025-01-28,1.08,-4.66,-0.042,-0.110
2025-01-29,1.08,-3.77,-0.033,-0.099
2025-01-30,0.79,-3.17,-0.045,-0.088
2025-01-31,1.79,-2.14,-0.022,-0.095
2025-02-01,1.57,-2.51,-0.017,-0.102
2025-02-02,1.04,-4.16,-0.038,-0.139
2025-02-03,0.68,-4.83,-0.033,-0.118
2025-02-04,0.67,-4.24,-0.036,-0.103
2025-02-05,0.25,-3.57,-0.040,-0.080
2025-02-06,0.71,-3.64,-0.035,-0.077
2025-02-07,0.90,-4.63,-0.038,-0.106
2025-02-08,1.09,-4.06,-0.040,-0.077
2025-02-09,0.88,-4.15,-0.039,-0.084
2025-02-10,0.55,-3.90,-0.029,-0.064
2025-02-11,1.28,-3.52,-0.014,-0.077
2025-02-12,2.44,-2.12,-0.003,-0.093
2025-02-13,2.44,-2.19,0.026,-0.090
2025-02-14,2.01,-1.81,-0.007,-0.107
2025-02-15,1.26,-2.19,-0.039,-0.131
2025-02-16,1.55,-2.05,-0.031,-0.121
2025-02-17,1.48,-1.71,-0.037,-0.144
2025-02-18,0.95,-2.36,-0.041,-0.111
2025-02-19,1.88,-1.63,-0.026,-0.089
2025-02-20,1.11,-1.78,-0.033,-0.094
2025-02-21,1.31,-2.58,-0.030,-0.079
2025-02-22,0.87,-4.91,-0.025,-0.100
2025-02-23,0.71,-5.08,-0.028,-0.101
2025-02-24,2.12,-3.99,-0.010,-0.086
2025-02-25,2.08,-2.97,-0.012,-0.081
2025-02-26,1.85,-3.64,-0.029,-0.108
2025-02-27,1.97,-3.87,-0.026,-0.121
2025-02-28,1.22,-4.27,-0.024,-0.106
2025-03-01,0.61,-4.37,-0.027,-0.105
2025-03-02,1.56,-4.29,-0.014,-0.096
2025-03-03,1.00,-3.74,-0.029,-0.122
2025-03-04,0.63,-3.24,-0.012,-0.096
2025-03-05,1.28,-3.01,-0.008,-0.061
2025-03-06,1.40,-2.88,-0.008,-0.086
2025-03-07,0.51,-3.19,-0.027,-0.106
2025-03-08,0.59,-3.35,-0.017,-0.087
2025-03-09,0.92,-3.42,-0.021,-0.077
2025-03-10,1.12,-3.08,-0.008,-0.076
2025-03-11,0.87,-4.09,-0.034,-0.110
2025-03-12,0.49,-3.10,-0.034,-0.098
2025-03-13,1.15,-3.75,-0.019,-0.084
2025-03-14,1.00,-2.60,-0.009,-0.057
2025-03-15,0.70,-2.44,-0.025,-0.078
2025-03-16,0.78,-1.52,-0.014,-0.058
2025-03-17,0.80,-3.75,-0.023,-0.133
2025-03-18,0.90,-5.08,-0.038,-0.151
2025-03-19,0.25,-4.81,-0.031,-0.117
2025-03-20,0.66,-4.69,-0.021,-0.100
2025-03-21,0.77,-5.47,-0.046,-0.114
2025-03-22,0.99,-5.60,-0.044,-0.113
2025-03-23,1.20,-4.19,-0.036,-0.116
2025-03-24,1.86,-2.76,-0.040,-0.117
2025-03-25,1.79,-2.47,-0.051,-0.158
2025-03-26,0.83,-2.72,-0.069,-0.186
2025-03-27,0.28,-4.05,-0.075,-0.174
2025-03-28,0.20,-3.79,-0.059,-0.113
2025-03-29,1.04,-3.64,-0.022,-0.092
2025-03-30,1.01,-2.77,-0.026,-0.082
2025-03-31,0.70,-2.63,-0.025,-0.062
2025-04-01,1.87,-3.51,-0.017,-0.102
2025-04-02,1.48,-3.50,-0.025,-0.119
2025-04-03,2.18,-2.90,-0.013,-0.131
2025-04-04,2.18,-2.26,-0.003,-0.112
2025-04-05,1.75,-2.24,-0.029,-0.151
2025-04-06,1.01,-2.64,-0.055,-0.150
2025-04-07,1.19,-1.98,-0.056,-0.123
2025-04-08,1.38,-2.40,-0.049,-0.125
2025-04-09,1.53,-3.44,-0.038,-0.128
2025-04-10,2.29,-3.53,-0.028,-0.116
2025-04-11,2.75,-3.51,-0.006,-0.102
2025-04-12,2.82,-3.88,0.007,-0.110
2025-04-13,2.09,-3.47,-0.011,-0.128
2025-04-14,1.08,-3.53,-0.016,-0.098
2025-04-15,1.04,-4.52,-0.021,-0.109
2025-04-16,1.22,-4.90,-0.017,-0.115
2025-04-17,0.79,-4.50,-0.013,-0.104
2025-04-18,0.64,-5.19,-0.028,-0.107
2025-04-19,1.01,-4.73,-0.014,-0.094
2025-04-20,1.46,-3.00,0.006,-0.083
2025-04-21,1.86,-1.74,0.003,-0.082
2025-04-22,1.55,-1.12,-0.003,-0.079
2025-04-23,0.71,-2.65,-0.011,-0.070
2025-04-24,0.72,-2.69,-0.016,-0.101
2025-04-25,0.45,-3.63,-0.024,-0.127
2025-04-26,0.96,-2.79,-0.023,-0.132
2025-04-27,1.80,-3.39,-0.017,-0.120
2025-04-28,2.00,-2.65,-0.016,-0.145
2025-04-29,1.84,-2.27,-0.001,-0.152
2025-04-30,1.94,-2.23,-0.021,-0.169
2025-05-01,1.45,-1.73,-0.023,-0.193
2025-05-02,2.12,-0.30,-0.025,-0.143
2025-05-03,-0.31,1.44,-0.019,-0.027
2025-05-04,-1.67,-0.15,-0.033,-0.054
2025-05-05,-1.69,0.79,-0.038,-0.035
2025-05-06,-1.26,1.14,-0.033,-0.023
2025-05-07,-0.52,1.28,-0.029,-0.008
2025-05-08,-1.28,0.02,-0.043,-0.037
2025-05-09,0.98,-1.70,-0.035,-0.062
2025-05-10,1.96,-2.34,-0.018,-0.094
2025-05-11,2.35,-2.52,-0.004,-0.091
2025-05-12,2.69,-3.09,0.001,-0.105
2025-05-13,2.57,-2.24,-0.009,-0.104
2025-05-14,1.60,-0.74,-0.003,-0.081
2025-05-15,2.21,-1.03,0.012,-0.068
2025-05-16,1.80,-0.55,-0.004,-0.055
2025-05-17,-0.52,1.28,-0.024,-0.014
2025-05-18,-1.23,0.96,-0.029,-0.014
2025-05-19,0.58,-1.61,-0.041,-0.049
2025-05-20,1.27,-1.27,-0.012,-0.062
2025-05-21,1.64,-1.76,0.006,-0.061
2025-05-22,2.05,-2.82,-0.010,-0.110
2025-05-23,1.89,-2.60,-0.020,-0.095
2025-05-24,2.02,-2.16,-0.014,-0.089
2025-05-25,1.62,-2.22,-0.017,-0.089
2025-05-26,2.06,-1.67,-0.016,-0.092
2025-05-27,1.39,-1.60,-0.009,-0.097
2025-05-28,1.84,-2.62,-0.015,-0.121
2025-05-29,2.21,-1.85,0.009,-0.107
2025-05-30,1.76,-2.10,0.021,-0.111
2025-05-31,2.80,-0.24,0.031,-0.026
2025-06-01,0.49,-1.00,-0.003,-0.030
2025-06-02,-1.43,-0.36,-0.037,-0.055
2025-06-03,1.01,1.33,-0.015,-0.045
2025-06-04,1.42,-0.20,-0.032,-0.087
2025-06-05,0.37,-1.20,-0.035,-0.098
2025-06-06,0.98,-1.64,-0.026,-0.098
2025-06-07,1.81,-2.08,-0.016,-0.090
2025-06-08,2.17,-2.10,0.017,-0.074
2025-06-09,2.72,-2.12,0.019,-0.069
2025-06-10,2.88,-2.01,0.039,-0.065
2025-06-11,1.50,-0.86,0.030,-0.055
2025-06-12,2.09,-0.52,0.038,-0.045
2025-06-13,-0.66,1.80,0.003,0.019
2025-06-14,-1.13,2.53,-0.000,0.081
2025-06-15,-1.52,0.81,-0.008,0.043
2025-06-16,1.91,0.55,-0.003,-0.048
2025-06-17,-1.14,1.03,-0.010,0.017
2025-06-18,2.23,-2.85,-0.011,-0.092
2025-06-19,2.27,-2.81,-0.018,-0.096
2025-06-20,1.93,-2.65,-0.022,-0.094
2025-06-21,2.24,-1.75,-0.009,-0.079
2025-06-22,1.32,-0.56,-0.009,-0.050
2025-06-23,-0.81,1.07,-0.031,-0.004
2025-06-24,-1.08,0.91,-0.033,-0.032
2025-06-25,1.24,-0.63,-0.011,-0.052
2025-06-26,0.03,1.49,-0.023,-0.038
2025-06-27,0.09,-1.65,-0.033,-0.063
2025-06-28,1.88,-2.02,-0.003,-0.086
2025-06-29,1.91,-1.78,-0.002,-0.068
2025-06-30,2.15,-2.39,0.000,-0.091
2025-07-01,2.29,-2.13,0.005,-0.090
2025-07-02,2.18,-1.36,0.023,-0.030
2025-07-03,2.53,-2.28,0.024,-0.055
2025-07-04,1.88,-1.75,0.012,-0.049
2025-07-05,1.37,-1.37,0.008,-0.031
2025-07-06,-1.40,-0.40,-0.020,-0.007
2025-07-07,2.34,-2.69,-0.003,-0.075
2025-07-08,1.92,-2.74,-0.008,-0.087
2025-07-09,2.39,-2.75,-0.002,-0.088
2025-07-10,2.47,-2.56,0.009,-0.096
2025-07-11,2.63,-2.06,0.022,-0.063
2025-07-12,2.50,-2.03,0.023,-0.058
2025-07-13,2.01,-2.16,0.005,-0.056
2025-07-14,1.86,-2.75,-0.017,-0.100
2025-07-15,1.06,-4.24,-0.038,-0.139
2025-07-16,1.85,-3.64,-0.020,-0.115
2025-07-17,2.44,-3.12,-0.019,-0.110
2025-07-18,2.88,-3.09,0.001,-0.109
2025-07-19,2.95,-3.06,0.001,-0.118
2025-07-20,2.46,-2.83,-0.020,-0.128
2025-07-21,2.09,-2.25,-0.018,-0.112
2025-07-22,2.34,-1.76,0.006,-0.114
2025-07-23,2.21,-1.79,-0.007,-0.116
2025-07-24,2.11,-1.97,-0.002,-0.125
2025-07-25,2.03,-2.18,-0.003,-0.118
2025-07-26,1.91,-0.81,-0.007,-0.107
2025-07-27,0.11,-1.64,-0.030,-0.090
2025-07-28,1.49,-2.21,-0.020,-0.107
2025-07-29,1.97,-2.52,-0.006,-0.097
2025-07-30,2.18,-1.97,-0.016,-0.097
2025-07-31,1.95,-3.12,-0.015,-0.096
2025-08-01,1.90,-3.43,-0.021,-0.109
2025-08-02,2.46,-2.64,-0.013,-0.093
2025-08-03,2.09,-0.64,0.005,-0.024
2025-08-04,1.33,-1.15,-0.013,-0.038
2025-08-05,-1.28,-0.02,-0.027,-0.031
2025-08-06,2.39,-3.17,-0.014,-0.092
2025-08-07,2.28,-2.92,-0.021,-0.111
2025-08-08,2.25,-2.59,0.006,-0.071
2025-08-09,1.38,-1.89,-0.015,-0.068
2025-08-10,1.30,-1.45,-0.019,-0.066
2025-08-11,1.51,-1.51,-0.004,-0.062
2025-08-12,1.67,-2.47,0.001,-0.079
2025-08-13,1.85,-2.74,0.005,-0.091
2025-08-14,2.16,-1.81,0.024,-0.082
2025-08-15,1.99,-1.92,0.022,-0.086
2025-08-16,2.09,-1.31,0.021,-0.049
2025-08-17,1.85,0.43,0.021,0.011
2025-08-18,-0.24,1.98,-0.023,-0.011
2025-08-19,-0.44,-1.55,-0.033,-0.092
2025-08-20,1.88,-2.68,-0.034,-0.129
2025-08-21,2.04,-2.27,0.008,-0.125
2025-08-22,1.60,-0.92,0.014,-0.060
2025-08-23,1.60,-0.40,-0.006,-0.057
2025-08-24,-0.04,-1.20,-0.029,-0.069
2025-08-25,2.04,-1.97,-0.005,-0.123
2025-08-26,1.61,-1.86,0.008,-0.100
2025-08-27,1.82,-1.37,0.006,-0.094
2025-08-28,0.95,-1.79,-0.011,-0.106
2025-08-29,1.31,-0.82,0.017,-0.054
2025-08-30,1.40,-1.18,0.011,-0.064
2025-08-31,2.13,-2.63,0.003,-0.101
2025-09-01,2.14,-1.14,0.010,-0.089
2025-09-02,2.10,-2.03,0.024,-0.073
2025-09-03,1.43,-1.58,-0.007,-0.077
2025-09-04,2.13,-1.18,0.009,-0.050
2025-09-05,1.60,-1.04,-0.012,-0.073
2025-09-06,1.57,-1.94,0.002,-0.078
2025-09-07,1.87,-0.03,0.005,-0.048
2025-09-08,-0.57,1.18,-0.003,-0.003
2025-09-09,0.43,-1.31,-0.029,-0.069
2025-09-10,1.57,-2.32,-0.001,-0.097
2025-09-11,2.01,-1.41,0.004,-0.084
2025-09-12,2.02,-0.77,0.020,-0.037
2025-09-13,1.50,0.13,0.006,-0.004
2025-09-14,1.05,-1.50,0.002,-0.045
2025-09-15,1.35,-1.93,-0.011,-0.104
2025-09-16,2.19,-2.11,0.013,-0.087
2025-09-17,1.41,1.57,0.004,-0.017
2025-09-18,-0.51,2.40,-0.002,0.059
2025-09-19,-0.71,2.31,-0.000,0.042
2025-09-20,-0.68,-0.97,-0.021,-0.030
2025-09-21,1.16,-1.72,-0.015,-0.076
2025-09-22,1.73,-0.53,-0.003,-0.062
2025-09-23,1.70,-2.25,0.002,-0.088
2025-09-24,2.56,-2.08,-0.007,-0.120
2025-09-25,1.69,-1.52,-0.006,-0.116
2025-09-26,1.85,-0.23,0.012,-0.047
2025-09-27,-0.22,2.56,0.008,0.059
2025-09-28,0.15,2.91,0.005,0.059
2025-09-29,-1.15,1.92,-0.011,0.032
2025-09-30,-1.42,0.49,-0.040,-0.041
2025-10-01,0.11,1.29,-0.048,-0.072
2025-10-02,-1.10,0.64,-0.027,-0.043
2025-10-03,1.86,0.64,-0.014,-0.045
2025-10-04,-0.35,3.35,0.007,0.053
2025-10-05,-0.00,3.14,0.012,0.067
2025-10-06,-1.77,0.51,-0.032,-0.005
2025-10-07,0.93,-1.38,-0.015,-0.027
2025-10-08,1.62,-1.74,0.006,-0.061
2025-10-09,0.25,-1.44,0.015,-0.013
2025-10-10,-0.67,2.90,0.013,0.056
2025-10-11,1.57,4.83,0.042,0.134
2025-10-12,0.80,5.05,0.035,0.132
2025-10-13,0.39,3.73,0.011,0.097
2025-10-14,0.68,-1.09,-0.013,-0.032
2025-10-15,1.19,-1.27,-0.015,-0.059
2025-10-16,0.56,2.26,0.001,0.018
2025-10-17,0.12,2.25,-0.003,0.055
2025-10-18,-0.61,2.45,-0.006,0.040
2025-10-19,0.55,-1.50,-0.018,-0.034
2025-10-20,1.68,-0.51,-0.002,-0.053
2025-10-21,1.48,-0.96,0.017,-0.023
2025-10-22,2.04,-0.78,0.024,0.002
2025-10-23,1.92,-1.02,0.020,-0.018
2025-10-24,1.51,1.40,0.010,0.026
2025-10-25,-0.70,2.14,-0.021,0.027
2025-10-26,1.22,2.39,0.018,0.095
2025-10-27,1.62,2.60,0.018,0.119
2025-10-28,1.68,4.16,0.050,0.153
2025-10-29,0.32,2.04,0.006,0.088
2025-10-30,0.00,-1.96,-0.034,-0.048
2025-10-31,1.91,-2.44,-0.023,-0.114
2025-11-01,2.14,-2.22,-0.005,-0.098
2025-11-02,2.20,-1.66,0.027,-0.047
2025-11-03,2.47,-1.93,0.019,-0.048
2025-11-04,2.51,-1.57,0.002,-0.053
2025-11-05,1.80,-2.14,-0.019,-0.075
2025-11-06,2.15,-1.68,-0.011,-0.088
2025-11-07,1.51,-1.36,0.007,-0.051
2025-11-08,1.41,-2.26,-0.006,-0.076
2025-11-09,1.78,-2.54,-0.009,-0.086
2025-11-10,2.60,-1.63,0.026,-0.076
2025-11-11,2.86,-2.08,0.052,-0.040
2025-11-12,2.05,-1.72,0.033,-0.030
2025-11-13,1.53,-1.19,0.006,-0.033
2025-11-14,2.07,-1.50,0.026,-0.056
2025-11-15,1.80,-1.30,0.026,-0.037
2025-11-16,1.82,-1.53,0.016,-0.046
2025-11-17,1.21,-2.10,-0.020,-0.096
2025-11-18,1.26,-3.12,-0.025,-0.121
2025-11-19,1.73,-2.76,-0.012,-0.095
2025-11-20,1.33,-1.96,-0.020,-0.057
2025-11-21,0.22,-1.77,-0.017,-0.034
2025-11-22,1.89,-2.10,0.007,-0.073
2025-11-23,2.07,-2.30,-0.009,-0.087
2025-11-24,0.70,-2.29,-0.025,-0.070
2025-11-25,1.60,-2.56,-0.022,-0.080
2025-11-26,2.23,-2.39,-0.014,-0.082
2025-11-27,1.89,-2.60,-0.021,-0.099
2025-11-28,2.23,-2.31,-0.013,-0.100
2025-11-29,3.24,-2.36,0.020,-0.091
2025-11-30,1.81,-1.69,-0.005,-0.093
2025-12-01,2.23,-1.18,0.019,-0.067
2025-12-02,2.33,-1.57,-0.002,-0.083
2025-12-03,1.25,-1.79,-0.016,-0.100
2025-12-04,0.32,-3.05,-0.033,-0.110
2025-12-05,1.94,-2.67,-0.009,-0.082
2025-12-06,2.34,-1.04,0.019,-0.036
2025-12-07,1.16,-1.39,0.016,-0.004
2025-12-08,1.10,-1.51,0.011,-0.008
2025-12-09,1.65,-1.83,0.001,-0.072
2025-12-10,2.42,-2.34,0.001,-0.100
2025-12-11,1.92,-1.99,0.010,-0.089
2025-12-12,2.25,-2.59,0.014,-0.096
2025-12-13,1.72,-1.60,0.030,-0.086
2025-12-14,2.02,-1.22,0.043,-0.049
2025-12-15,1.64,-1.06,-0.002,-0.139
2025-12-16,2.07,-2.56,-0.020,-0.126
2025-12-17,1.83,-2.25,-0.016,-0.113
2025-12-18,1.61,-2.48,-0.010,-0.102
2025-12-19,2.37,-3.15,0.011,-0.085
2025-12-20,0.73,-3.45,-0.025,-0.116
2025-12-21,0.94,-3.50,-0.038,-0.110
2025-12-22,0.97,-3.89,-0.026,-0.101
2025-12-23,1.00,-3.08,-0.027,-0.096
2025-12-24,0.77,-3.94,-0.030,-0.099
2025-12-25,0.65,-3.71,-0.026,-0.086
2025-12-26,1.00,-2.73,-0.011,-0.056
2025-12-27,0.90,-2.95,-0.022,-0.070
2025-12-28,1.27,-2.49,-0.019,-0.058
2025-12-29,2.02,-1.52,-0.017,-0.068
2025-12-30,0.99,-3.24,-0.040,-0.095
2025-12-31,1.46,-3.61,-0.030,-0.100
2026-01-01,1.59,-3.94,-0.032,-0.099
2026-01-02,1.45,-4.21,-0.036,-0.106
2026-01-03,1.78,-3.21,-0.024,-0.091
2026-01-04,2.50,-3.44,0.004,-0.087
2026-01-05,1.77,-3.47,-0.009,-0.105
2026-01-06,1.13,-2.95,-0.016,-0.093
2026-01-07,1.20,-3.49,-0.014,-0.083
2026-01-08,0.74,-4.19,-0.022,-0.093
2026-01-09,0.54,-3.42,-0.014,-0.062
2026-01-10,1.31,-2.94,-0.009,-0.056
2026-01-11,1.08,-4.04,-0.033,-0.093
2026-01-12,0.62,-3.51,-0.028,-0.093
2026-01-13,1.27,-3.50,-0.010,-0.075
2026-01-14,1.10,-3.40,-0.006,-0.079
2026-01-15,2.19,-3.25,-0.020,-0.109
2026-01-16,2.61,-3.59,-0.026,-0.118
2026-01-17,2.26,-3.00,-0.000,-0.123
2026-01-18,1.55,-2.80,-0.002,-0.140
2026-01-19,1.58,-4.58,-0.036,-0.156
2026-01-20,0.89,-4.21,-0.027,-0.116
2026-01-21,0.29,-4.18,-0.025,-0.097
2026-01-22,1.44,-3.97,-0.009,-0.082
2026-01-23,1.28,-3.02,-0.005,-0.067
2026-01-24,0.62,-2.91,-0.016,-0.078
2026-01-25,1.32,-3.11,-0.021,-0.104
2026-01-26,1.83,-3.04,-0.021,-0.114
2026-01-27,1.31,-3.81,-0.032,-0.127
2026-01-28,0.84,-4.32,-0.026,-0.099
2026-01-29,0.94,-4.09,-0.025,-0.083
2026-01-30,1.76,-3.78,-0.029,-0.071
2026-01-31,2.51,-4.18,-0.006,-0.083
2026-02-01,1.72,-5.29,-0.030,-0.113
2026-02-02,0.70,-5.71,-0.044,-0.134
2026-02-03,1.73,-6.04,-0.034,-0.127
2026-02-04,4.04,-5.36,0.022,-0.098
2026-02-05,2.85,-3.06,0.047,-0.067
2026-02-06,1.28,-3.32,0.019,-0.097
2026-02-07,0.99,-4.64,-0.026,-0.180
2026-02-08,1.98,-5.74,-0.047,-0.195
2026-02-09,2.34,-5.25,-0.029,-0.165
2026-02-10,0.07,-4.04,-0.014,-0.128
2026-02-11,0.69,-3.24,-0.006,-0.106
2026-02-12,0.90,-3.62,-0.023,-0.150
2026-02-13,0.46,-3.71,-0.033,-0.153
2026-02-14,0.32,-3.71,-0.026,-0.179
2026-02-15,1.41,-3.02,-0.015,-0.203
2026-02-16,1.34,-2.88,-0.041,-0.230
2026-02-17,1.22,-4.00,-0.074,-0.295
2026-02-18,1.18,-4.12,-0.049,-0.210
2026-02-19,1.70,-2.43,-0.056,-0.132
2026-02-20,1.99,-1.92,-0.032,-0.164
2026-02-21,1.71,-2.18,-0.056,-0.232
2026-02-22,1.50,-2.06,-0.037,-0.219
2026-02-23,1.28,-4.18,-0.033,-0.194
2026-02-24,0.84,-4.75,-0.044,-0.146
2026-02-25,0.50,-4.76,-0.036,-0.092
2026-02-26,1.61,-3.79,-0.041,-0.099
2026-02-27,2.07,-2.86,-0.024,-0.097
2026-02-28,1.19,-3.47,-0.031,-0.104
2026-03-01,1.00,-4.70,-0.030,-0.109
2026-03-02,0.64,-5.20,-0.043,-0.115
2026-03-03,0.90,-5.12,-0.039,-0.104
2026-03-04,1.06,-3.94,-0.026,-0.094
2026-03-05,1.66,-2.55,-0.006,-0.081
2026-03-06,1.31,-2.93,-0.007,-0.077
2026-03-07,1.17,-3.40,-0.006,-0.106
2026-03-08,1.73,-3.39,-0.007,-0.110
2026-03-09,2.41,-3.71,-0.005,-0.109
2026-03-10,1.49,-4.11,-0.008,-0.127
2026-03-11,1.15,-3.78,-0.015,-0.114
2026-03-12,1.13,-3.48,-0.020,-0.125
2026-03-13,0.54,-3.41,-0.022,-0.112
2026-03-14,0.43,-3.50,-0.018,-0.106
2026-03-15,0.98,-3.42,-0.027,-0.113
2026-03-16,1.56,-2.60,-0.017,-0.102
2026-03-17,1.96,-2.70,-0.004,-0.133
2026-03-18,2.06,-1.55,0.039,-0.080
2026-03-19,1.92,-2.28,0.051,-0.066
2026-03-20,3.23,-2.90,0.031,-0.140
2026-03-21,2.23,-4.20,-0.006,-0.136
2026-03-22,1.38,-3.42,-0.023,-0.143
2026-03-23,1.91,-4.09,-0.023,-0.166
2026-03-24,1.81,-3.26,-0.013,-0.148
2026-03-25,1.18,-3.07,-0.017,-0.142
2026-03-26,1.26,-3.66,-0.020,-0.147
2026-03-27,1.07,-3.11,-0.031,-0.142
2026-03-28,0.79,-2.94,-0.028,-0.120
2026-03-29,0.90,-3.63,-0.028,-0.146
2026-03-30,0.46,-3.71,-0.034,-0.149
2026-03-31,0.74,-2.95,-0.021,-0.138
2026-04-01,0.43,-2.71,-0.024,-0.126
2026-04-02,1.35,-1.93,0.001,-0.120
2026-04-03,1.16,-2.49,-0.013,-0.154
2026-04-04,0.65,-2.80,-0.041,-0.190
2026-04-05,1.18,-3.24,-0.019,-0.188
2026-04-06,2.30,-3.41,-0.021,-0.213
2026-04-07,2.10,-3.50,-0.029,-0.205
2026-04-08,1.86,-3.51,-0.035,-0.263
2026-04-09,1.05,-3.66,-0.060,-0.213
2026-04-10,1.40,-4.30,-0.050,-0.205
2026-04-11,1.31,-3.25,-0.044,-0.163
2026-04-12,0.67,-3.82,-0.058,-0.163
2026-04-13,0.96,-4.93,-0.050,-0.177
2026-04-14,0.96,-4.54,-0.043,-0.165
2026-04-15,0.60,-3.78,-0.048,-0.118
2026-04-16,0.78,-2.91,-0.042,-0.092
2026-04-17,0.99,-2.87,-0.034,-0.089
2026-04-18,0.75,-2.62,-0.049,-0.088
2026-04-19,1.18,-2.79,-0.038,-0.104
2026-04-20,0.82,-2.38,-0.022,-0.078
2026-04-21,0.79,-2.76,-0.039,-0.117
2026-04-22,1.51,-2.33,-0.020,-0.152
2026-04-23,2.15,-1.50,-0.013,-0.117
2026-04-24,2.02,1.42,-0.029,-0.074
2026-04-25,-0.75,1.60,-0.043,-0.037
2026-04-26,-0.97,1.20,-0.041,-0.064
2026-04-27,0.47,-1.22,-0.036,-0.090
2026-04-28,0.77,-3.09,-0.043,-0.128
2026-04-29,2.01,-3.48,-0.032,-0.146
2026-04-30,2.46,-2.93,-0.001,-0.122
2026-05-01,2.17,-2.41,0.006,-0.110
2026-05-02,1.53,-1.70,-0.004,-0.110
2026-05-03,1.27,-1.62,-0.019,-0.098
2026-05-04,1.71,-2.18,-0.023,-0.107
2026-05-05,0.96,-1.96,-0.029,-0.111
2026-05-06,1.51,-1.94,-0.026,-0.132
2026-05-07,1.17,-2.12,-0.026,-0.149
2026-05-08,1.50,-2.60,-0.024,-0.144
2026-05-09,0.92,-3.98,-0.044,-0.157
2026-05-10,1.44,-4.42,-0.028,-0.146
2026-05-11,1.66,-2.88,-0.025,-0.106
2026-05-12,1.63,-2.52,-0.018,-0.117
2026-05-13,1.50,-2.95,-0.035,-0.138
2026-05-14,1.52,-3.12,-0.038,-0.157
2026-05-15,2.30,-2.94,-0.021,-0.144
2026-05-16,1.91,-3.06,-0.027,-0.130
2026-05-17,1.84,-2.36,-0.014,-0.124
2026-05-18,1.81,-1.94,-0.003,-0.115
2026-05-19,1.44,-2.49,-0.030,-0.125
2026-05-20,1.09,-3.35,-0.033,-0.126
2026-05-21,1.57,-3.08,-0.031,-0.119
2026-05-22,2.13,-3.28,-0.009,-0.109
2026-05-23,2.19,-2.61,-0.012,-0.109
2026-05-24,1.06,-2.38,-0.034,-0.123
2026-05-25,1.49,-3.51,-0.034,-0.133
2026-05-26,1.48,-1.90,-0.024,-0.092
2026-05-27,2.32,-3.07,-0.008,-0.118
2026-05-28,2.50,-2.33,0.010,-0.125
2026-05-29,1.37,-1.52,-0.008,-0.114
2026-05-30,1.81,-0.13,-0.023,-0.094
2026-05-31,1.58,-2.43,-0.034,-0.149
2026-06-01,1.40,-2.64,-0.054,-0.157
2026-06-02,2.10,-2.50,-0.027,-0.127
2026-06-03,1.80,-1.26,-0.001,-0.114
2026-06-04,-0.84,1.66,-0.017,-0.039
2026-06-05,-0.36,1.33,-0.006,-0.017
2026-06-06,-1.50,0.90,-0.024,-0.009
2026-06-07,-1.01,2.77,-0.000,0.028
2026-06-08,0.17,5.01,0.046,0.138
2026-06-09,0.16,3.15,0.022,0.088
2026-06-10,-0.88,0.97,-0.017,0.014
2026-06-11,0.19,-1.77,-0.025,-0.039
2026-06-12,1.26,-2.47,-0.025,-0.086
2026-06-13,1.99,-2.74,-0.010,-0.101
2026-06-14,1.66,-2.05,-0.003,-0.079
2026-06-15,2.73,-1.98,0.019,-0.028
2026-06-16,1.58,-1.43,0.023,-0.040
2026-06-17,2.33,-1.63,0.050,-0.049
2026-06-18,0.85,-1.74,-0.004,-0.039
2026-06-19,1.68,-2.50,-0.006,-0.071
2026-06-20,2.21,-2.21,0.034,-0.083
2026-06-21,2.01,-1.81,0.025,-0.003
2026-06-22,1.55,-1.85,0.018,-0.031
2026-06-23,2.16,-2.16,-0.009,-0.080
2026-06-24,1.19,-3.27,-0.030,-0.119
2026-06-25,1.51,-3.09,-0.024,-0.115
2026-06-26,2.15,-2.22,-0.000,-0.091
2026-06-27,1.12,-3.43,-0.031,-0.123
2026-06-28,1.24,-4.34,-0.033,-0.129
2026-06-29,2.33,-4.20,-0.023,-0.135
2026-06-30,2.40,-3.84,-0.015,-0.134
2026-07-01,1.69,-3.05,-0.027,-0.144
2026-07-02,2.37,-1.54,0.005,-0.118
2026-07-03,1.82,-1.70,-0.013,-0.143
2026-07-04,0.97,-1.91,-0.033,-0.145
2026-07-05,2.82,-3.36,0.001,-0.133
2026-07-06,3.00,-3.34,0.000,-0.135
2026-07-07,2.12,-3.83,-0.006,-0.139
2026-07-08,2.28,-3.38,-0.021,-0.137
2026-07-09,1.58,-2.35,-0.030,-0.108
2026-07-10,1.26,-2.02,-0.042,-0.112
2026-07-11,2.01,-2.49,-0.017,-0.120
2026-07-12,2.14,-1.73,-0.019,-0.091
2026-07-13,1.27,-2.61,-0.030,-0.069
2026-07-14,2.11,-3.13,-0.018,-0.123
2026-07-15,2.72,-3.13,-0.013,-0.132
2026-07-16,1.75,-3.28,-0.002,-0.106
2026-07-17,1.59,-4.15,-0.020,-0.123
2026-07-18,2.06,-3.30,-0.015,-0.114
2026-07-19,2.52,-2.35,0.020,-0.096
2026-07-20,2.39,-1.07,0.014,-0.064
2026-07-21,1.53,-2.04,-0.004,-0.077
2026-07-22,2.00,-1.87,0.000,-0.093
2026-07-23,1.68,-1.68,-0.001,-0.093
2026-07-24,1.90,-2.61,-0.003,-0.100
2026-07-25,2.25,-2.88,-0.007,-0.113
2026-07-26,2.00,-2.56,-0.005,-0.108
2026-07-27,1.96,-2.26,-0.019,-0.129
2026-07-28,1.53,-2.11,-0.023,-0.105
2026-07-29,1.47,-3.46,-0.024,-0.139
2026-07-30,2.08,-4.09,-0.027,-0.134
2026-07-31,2.10,-2.50,-0.011,-0.112
2026-08-01,1.91,-2.28,-0.020,-0.114
2026-08-02,1.98,-2.45,-0.009,-0.141
2026-08-03,2.88,-2.99,0.023,-0.128
2026-08-04,2.99,-2.88,0.041,-0.124
2026-08-05,1.82,-1.95,0.002,-0.122
2026-08-06,1.57,-1.87,-0.014,-0.137
2026-08-07,1.24,-3.08,-0.022,-0.166
2026-08-08,1.48,-3.50,-0.034,-0.150
2026-08-09,1.53,-3.61,-0.023,-0.126
2026-08-10,2.80,-3.00,-0.015,-0.116
2026-08-11,2.56,-3.53,-0.017,-0.127
2026-08-12,2.24,-2.67,-0.016,-0.129
2026-08-13,1.69,-2.16,-0.012,-0.131
2026-08-14,2.30,-2.94,-0.020,-0.139
2026-08-15,1.41,-1.51,-0.029,-0.126
2026-08-16,2.25,-1.46,-0.002,-0.130
2026-08-17,2.59,-0.84,0.039,-0.093
2026-08-18,-1.65,0.17,-0.025,-0.071
2026-08-19,1.70,-2.34,-0.019,-0.149
2026-08-20,2.33,-2.41,-0.002,-0.157
2026-08-21,2.17,-2.58,-0.004,-0.145
2026-08-22,1.95,-2.89,-0.019,-0.146
2026-08-23,1.87,-2.08,-0.010,-0.127
2026-08-24,1.98,-2.93,-0.025,-0.130
2026-08-25,2.50,-2.50,0.008,-0.110
2026-08-26,1.74,-2.15,0.016,-0.103
2026-08-27,2.18,-2.10,0.011,-0.103
2026-08-28,2.50,-2.25,0.019,-0.100
2026-08-29,2.38,-2.38,0.012,-0.111
2026-08-30,1.97,-2.26,0.010,-0.110
2026-08-31,2.42,-2.33,0.015,-0.104
2026-09-01,2.54,-1.46,0.023,-0.090
2026-09-02,1.78,-2.05,0.010,-0.124
2026-09-03,1.96,-2.18,-0.000,-0.139
2026-09-04,2.40,-2.48,0.003,-0.145
2026-09-05,2.04,-2.52,-0.002,-0.165
2026-09-06,2.09,-1.52,0.004,-0.115
2026-09-07,2.08,-2.31,0.022,-0.106
2026-09-08,2.85,-3.40,0.007,-0.132
2026-09-09,2.15,-2.95,-0.018,-0.136
2026-09-10,3.04,-2.13,0.025,-0.099
2026-09-11,2.19,-2.43,0.015,-0.078
2026-09-12,2.43,-2.43,0.028,-0.095
2026-09-13,2.19,-2.11,0.007,-0.097
2026-09-14,2.43,-2.60,0.046,-0.077
2026-09-15,3.13,-3.02,0.037,-0.103
2026-09-16,2.84,-3.39,0.025,-0.117
2026-09-17,2.76,-3.41,0.010,-0.135
2026-09-18,2.31,-2.48,0.012,-0.112
2026-09-19,2.17,-1.20,0.048,-0.031
2026-09-20,1.54,0.56,0.011,-0.028
2026-09-21,-0.35,2.46,0.006,0.051
2026-09-22,-0.58,1.79,-0.016,0.019
2026-09-23,-1.29,-0.09,-0.026,-0.039
2026-09-24,1.35,-0.78,-0.018,-0.083
