date,r0s0_p90,r0s0_valid,r0s1_p90,r0s1_valid,r0s2_p90,r0s2_valid,r0s3_p90,r0s3_valid,r0s4_p90,r0s4_valid,r0s5_p90,r0s5_valid,r0s6_p90,r0s6_valid,r0s7_p90,r0s7_valid,r1s0_p90,r1s0_valid,r1s1_p90,r1s1_valid,r1s2_p90,r1s2_valid,r1s3_p90,r1s3_valid,r1s4_p90,r1s4_valid,r1s5_p90,r1s5_valid,r1s6_p90,r1s6_valid,r1s7_p90,r1s7_valid,r2s0_p90,r2s0_valid,r2s1_p90,r2s1_valid,r2s2_p90,r2s2_valid,r2s3_p90,r2s3_valid,r2s4_p90,r2s4_valid,r2s5_p90,r2s5_valid,r2s6_p90,r2s6_valid,r2s7_p90,r2s7_valid
2016-06-18,0.000221,1,0.001983,1,0.001702,0.5,,0,,0,,0,-0.000162,0.33,0.001345,1,-0.00034,1,0.000017,1,-0.00006,0.74,-0.000723,0.33,-0.002,0.05,,0,0.000732,0.05,0.001881,0.68,-0.000443,1,-0.00057,0.88,-0.000187,0.85,0.000477,0.06,0.000936,0.32,0.000017,0.02,,0,0.001243,0.82
2016-06-25,0.000477,1,0.00114,1,0.000962,0.5,,0,,0,,0,0.001498,0.33,0.000502,0.33,0.000068,0.5,0.000068,0.42,0.001523,0.32,0.001013,0.33,-0.001004,0.1,,0,0.002749,0.05,0.001523,0.63,-0.000596,0.29,-0.00057,0.43,0.000451,0.64,0.001268,0.03,0.00257,0.26,,0,,0,0.000119,0.65
2016-07-02,,0,0.000374,0.33,0.000094,0.5,,0,,0,,0,,0,,0,-0.000851,0.2,-0.000672,0.26,0.000323,0.53,-0.000315,0.28,-0.002,0.1,,0,,0,0.000374,0.37,-0.000647,0.52,-0.000749,0.45,-0.000289,0.39,0.001243,0.03,0.000502,0.29,-0.000289,0.02,,0,0.000706,0.73
2016-07-09,,0,-0.00006,1,0.000374,0.5,,0,,0,,0,0.001217,0.33,0.001294,1,-0.000238,1,-0.000443,0.79,0.001447,0.74,0.001166,0.44,0.000834,0.1,,0,0.004,0.05,0.001089,0.68,-0.00057,1,-0.000672,0.35,0.000477,0.75,0.001268,0.05,0.001191,0.32,-0.000672,0.02,,0,0.000145,0.5
2016-07-16,-0.000289,1,-0.000162,1,0.0004,0.5,,0,,0,,0,0.000502,0.33,0.001855,1,-0.000468,0.85,-0.000596,0.95,0.001268,0.53,0.001957,0.44,0.00183,0.1,,0,-0.000034,0.05,0.000298,0.68,-0.000545,0.98,-0.0008,0.78,0.000757,0.75,0.0028,0.06,0.00137,0.31,,0,,0,0.000655,0.82
2016-08-01,-0.000979,1,-0.000391,0.67,-0.000519,0.5,,0,,0,,0,-0.000111,0.33,0.000272,1,-0.000621,1,-0.000621,0.79,-0.000009,0.63,0.000528,0.33,,0,,0,,0,0.000477,0.74,-0.000723,0.87,-0.000723,0.57,-0.000289,0.93,0.001038,0.06,0.00086,0.21,,0,,0,0.000145,0.74
2017-02-04,0.000349,1,0.000579,1,0.000247,0.5,,0,,0,,0,,0,0.000885,0.67,-0.000391,1,-0.000621,0.95,0.001217,0.74,0.002136,0.44,-0.001336,0.1,,0,0.003234,0.05,0.001294,0.63,-0.00103,0.54,-0.000953,0.48,-0.000238,0.91,0.001804,0.05,0.001651,0.32,0.001038,0.02,,0,0.000834,0.68
2017-02-11,0.000655,1,0.0004,1,0.000196,0.5,,0,,0,,0,0.002289,0.33,0.002289,1,0.000043,1,-0.000621,1,0.002596,0.74,0.001626,0.44,0.001702,0.1,,0,0.003591,0.05,0.002366,0.74,-0.000902,1,-0.000928,1,-0.000213,1,0.000911,0.06,0.001166,0.35,0.001957,0.02,,0,0.000043,0.85
2017-03-13,-0.000749,1,0.000553,1,-0.000391,0.5,,0,,0,,0,-0.000749,0.33,-0.000238,1,-0.000698,0.9,-0.0008,1,0.001319,0.74,-0.000162,0.44,-0.000979,0.1,,0,-0.002,0.05,0.001574,0.68,-0.0008,0.92,-0.000953,0.92,-0.000749,0.69,0.00017,0.05,0.00137,0.15,,0,,0,-0.000443,0.8
2017-03-20,-0.000034,1,0.000757,1,0.000987,0.5,,0,,0,,0,0.001396,0.33,0.002647,1,0.000323,1,-0.000545,1,0.001549,0.74,0.000936,0.44,-0.000468,0.1,,0,0.001549,0.05,0.00183,0.74,-0.000698,1,-0.0008,1,-0.000085,1,0.004,0.06,0.001064,0.34,0.001753,0.02,,0,0.000783,0.83
2017-03-27,-0.000723,1,-0.000774,1,-0.002,0.5,,0,,0,,0,-0.000672,0.33,-0.000238,1,-0.000774,1,-0.000826,1,-0.000596,0.74,-0.001234,0.44,-0.002,0.1,,0,-0.002,0.05,-0.000723,0.74,-0.0008,0.87,-0.000953,0.98,-0.000774,1,-0.000545,0.05,-0.000034,0.34,0.000655,0.02,,0,-0.000749,0.77
2017-04-03,-0.000238,1,0.000145,1,0.000272,0.5,,0,,0,,0,0.001064,0.33,0.00114,1,-0.000647,1,-0.000672,1,0.000706,0.74,0.001421,0.44,-0.001719,0.1,,0,0.002289,0.05,0.001804,0.74,-0.000723,1,-0.000723,1,0.000349,1,0.003847,0.06,0.000655,0.34,0.004,0.02,,0,-0.000289,0.83
2017-04-10,0.000119,1,0.001957,1,0.001855,0.5,,0,,0,,0,0.002443,0.33,0.001804,1,-0.00006,1,-0.000213,1,0.002417,0.74,0.001906,0.44,0.000655,0.1,,0,0.004,0.05,0.002928,0.74,-0.000621,1,-0.000698,1,0.000119,1,0.002826,0.06,0.000936,0.35,0.000936,0.02,,0,0.000732,0.85
2017-04-17,0.001038,1,0.002315,1,0.002162,0.5,,0,,0,,0,0.002826,0.33,0.002443,1,0.000809,1,-0.000034,1,0.002928,0.74,0.001268,0.44,0.000706,0.1,,0,0.004,0.05,0.004,0.74,-0.000596,1,-0.000621,0.97,0.000783,1,0.002826,0.06,0.001166,0.35,-0.0008,0.02,,0,0.001447,0.85
2017-04-24,,0,,0,,0,,0,,0,,0,,0,,0,-0.001081,0.7,-0.001081,0.53,-0.000545,0.32,-0.000443,0.28,,0,,0,,0,-0.000621,0.26,-0.001157,0.56,-0.001209,0.58,0.000094,0.9,0.000757,0.05,-0.001489,0.1,,0,,0,-0.000928,0.23
2017-05-01,-0.001106,1,0.000017,1,0.000579,0.5,,0,,0,,0,,0,0.000017,1,-0.001106,1,-0.001081,1,-0.000596,0.68,-0.000672,0.22,-0.002,0.05,,0,0.00086,0.05,0.000834,0.68,-0.001183,0.98,-0.00126,0.98,-0.000749,1,0.001447,0.06,-0.000698,0.21,-0.002,0.02,,0,0.000247,0.85
2017-05-08,-0.000545,1,-0.000009,1,-0.00006,0.5,,0,,0,,0,0.000681,0.33,-0.000162,1,-0.000698,1,-0.000723,1,0.001932,0.74,-0.000826,0.44,,0,,0,0.001472,0.05,0.001753,0.74,-0.001004,1,-0.00103,1,-0.000443,1,0.001677,0.06,0.002085,0.35,,0,,0,0.000936,0.85
2017-05-15,-0.000213,1,0.000936,1,0.001089,0.5,,0,,0,,0,0.001038,0.33,0.000834,1,-0.000494,1,-0.00057,1,0.000655,0.74,0.000426,0.44,-0.002,0.1,,0,0.00234,0.05,0.004,0.74,-0.000621,1,-0.000519,1,0.0004,1,0.002902,0.06,0.000911,0.34,-0.000213,0.02,,0,0.00017,0.85
2017-05-22,-0.000774,1,0.000757,1,0.000783,0.5,,0,,0,,0,-0.000596,0.33,-0.000315,1,-0.000698,0.95,-0.000723,1,0.000502,0.53,0.000757,0.28,-0.001413,0.1,,0,-0.000009,0.05,0.000477,0.68,-0.0008,0.98,-0.000928,0.66,-0.00006,0.66,0.001626,0.06,0.00063,0.15,0.001319,0.02,,0,-0.000264,0.82
2017-05-29,-0.000213,1,0.001191,1,0.00303,0.5,,0,,0,,0,0.001217,0.33,0.000604,1,-0.000034,1,-0.000213,1,0.001319,0.74,0.001064,0.44,-0.00126,0.1,,0,0.002085,0.05,0.001626,0.74,-0.000621,0.98,-0.000723,0.98,0.000528,0.99,0.002672,0.06,0.002187,0.35,0.00137,0.02,,0,0.000834,0.85
2017-06-05,0.000068,1,0.000655,1,0.001523,0.5,,0,,0,,0,0.001957,0.33,0.001421,1,-0.000391,1,-0.00057,1,0.000451,0.74,0.000579,0.44,-0.001464,0.1,,0,0.002238,0.05,0.00206,0.74,-0.000877,0.95,-0.0008,0.97,-0.000162,1,0.00206,0.06,0.001191,0.34,-0.000162,0.02,,0,0.001013,0.85
2017-06-12,0.000349,1,0.001779,1,0.001345,0.5,,0,,0,,0,0.002085,0.33,0.001881,1,-0.000213,1,-0.000315,1,0.003183,0.74,0.001855,0.44,0.000502,0.1,,0,0.002928,0.05,0.002647,0.74,-0.000647,1,-0.000672,1,0.000426,1,0.003566,0.06,0.002621,0.34,0.001932,0.02,,0,0.001855,0.83
2017-06-19,-0.000315,1,0.000706,1,0.00063,0.5,,0,,0,,0,0.001983,0.33,0.003183,1,-0.000443,1,-0.000238,1,0.000936,0.74,0.002519,0.44,-0.000468,0.1,,0,,0,0.00257,0.74,-0.000877,1,-0.000953,1,-0.000213,0.87,0.001651,0.06,0.001881,0.34,0.001319,0.02,,0,0.000579,0.82
2017-06-26,0.000145,1,0.00137,1,0.001243,0.5,,0,,0,,0,0.002187,0.33,0.001549,1,-0.000136,0.9,-0.000774,0.89,0.001191,0.74,0.002519,0.44,0.001957,0.1,,0,0.004,0.05,0.002085,0.74,-0.0008,0.95,-0.000749,0.95,-0.000187,1,0.001166,0.06,0.000936,0.34,0.00063,0.02,,0,0.001345,0.83
2017-07-03,0.000247,1,0.00137,1,0.001064,0.5,,0,,0,,0,0.001472,0.33,0.001421,1,-0.000264,1,-0.000213,1,0.001345,0.74,0.004,0.44,0.002698,0.1,,0,0.003438,0.05,0.003234,0.74,-0.000672,1,-0.000749,1,0.000809,1,0.004,0.06,0.001523,0.31,0.001038,0.02,,0,0.00137,0.82
2017-07-10,-0.000417,1,0.002519,1,0.002264,0.5,,0,,0,,0,0.00063,0.33,0.002264,1,-0.000621,0.95,-0.000749,0.95,0.000528,0.68,0.001906,0.44,-0.000187,0.1,,0,0.002238,0.11,0.002264,0.74,-0.000851,0.65,-0.000953,0.77,-0.000366,0.99,0.001523,0.06,0.002621,0.34,0.003183,0.02,,0,0.000528,0.79
2017-07-17,-0.000187,1,0.001013,1,0.0004,0.5,,0,,0,,0,0.000017,0.33,0.001574,1,-0.000519,1,-0.000647,1,0.000119,0.74,-0.000136,0.44,-0.002,0.1,,0,0.000706,0.05,0.000145,0.74,-0.001055,0.84,-0.000647,0.85,-0.000494,0.99,0.001906,0.06,0.002136,0.35,-0.000315,0.02,,0,0.000119,0.82
2017-07-24,0.000017,1,0.000323,1,0.000323,0.5,,0,,0,,0,-0.000289,0.33,0.000426,1,-0.000494,1,-0.000417,0.89,0.000017,0.74,0.000757,0.44,-0.000494,0.1,,0,,0,0.000911,0.68,-0.00103,0.89,-0.000928,0.91,-0.000902,0.69,0.000528,0.06,0.001932,0.34,0.0016,0.02,,0,0.000502,0.67
2017-07-31,0.000553,1,0.001217,1,0.001243,0.5,,0,,0,,0,0.001243,0.33,0.001626,1,-0.00006,1,-0.000213,1,0.001089,0.74,0.000349,0.44,0.000068,0.1,,0,0.002749,0.05,0.002672,0.74,-0.000187,1,-0.000034,1,0.001064,1,0.002366,0.06,0.001779,0.34,0.001115,0.02,,0,0.001166,0.85
2017-08-07,-0.000519,1,-0.000417,1,-0.000034,0.5,,0,,0,,0,0.000094,0.33,0.000017,1,-0.000366,1,-0.000238,1,0.000017,0.63,0.000783,0.44,-0.001157,0.1,,0,0.001115,0.05,0.000732,0.68,-0.000749,0.98,-0.000877,0.89,-0.000085,0.93,0.000757,0.05,0.000349,0.19,,0,,0,-0.000085,0.83
2017-08-14,0.000094,1,0.002264,1,0.001089,0.5,,0,,0,,0,0.001753,0.33,0.001574,1,-0.000238,1,-0.000391,1,0.000604,0.63,0.002672,0.44,0.001881,0.1,,0,0.003157,0.05,0.002494,0.74,-0.000621,1,-0.000826,1,0.000272,0.99,0.002034,0.06,0.003209,0.35,0.001472,0.02,,0,0.001932,0.85
2017-08-21,-0.000264,1,-0.000545,1,,0,,0,,0,,0,0.001421,0.33,-0.000034,1,-0.000621,1,-0.001004,0.79,-0.00034,0.68,0.000834,0.22,,0,,0,-0.002,0.05,0.004,0.74,-0.000774,0.95,-0.001132,0.89,-0.000621,0.58,0.000706,0.06,0.000757,0.23,-0.000647,0.02,,0,0.000579,0.8
2017-08-28,-0.000698,1,0.000119,1,-0.000162,0.5,,0,,0,,0,0.000068,0.33,-0.000162,1,-0.000647,1,-0.00057,1,0.000094,0.74,0.000528,0.44,-0.000213,0.1,,0,0.000681,0.05,0.000834,0.74,-0.00057,0.97,-0.000826,0.92,-0.000187,0.99,0.001779,0.06,0.001115,0.34,-0.000187,0.02,,0,0.00063,0.82
2017-09-04,-0.00034,1,0.0016,1,-0.000085,0.5,,0,,0,,0,0.001855,0.33,0.001779,1,-0.00034,1,-0.000621,1,0.000757,0.74,0.001191,0.28,0.00063,0.1,,0,0.001268,0.05,0.002264,0.74,-0.000928,0.98,-0.000979,0.91,-0.000647,0.93,0.000962,0.06,0.002289,0.34,0.000247,0.02,,0,0.000962,0.83
2017-09-11,-0.000213,1,0.000987,1,-0.000443,0.5,,0,,0,,0,0.001702,0.33,0.001906,1,0.001013,1,-0.000723,0.95,0.00063,0.74,0.001013,0.44,-0.000877,0.05,,0,0.002315,0.05,0.00137,0.68,-0.000902,0.95,-0.001106,0.86,-0.000519,0.94,0.000604,0.05,0.004,0.32,0.002723,0.02,,0,0.000655,0.83
2017-09-18,0.000374,1,0.000349,1,0.00017,0.5,,0,,0,,0,0.00354,0.33,0.002315,1,-0.000494,1,-0.000545,1,0.000349,0.74,0.002749,0.44,-0.000264,0.1,,0,0.002034,0.05,0.001472,0.74,-0.000723,1,-0.000902,1,-0.000494,1,0.000655,0.06,0.003694,0.35,0.004,0.02,,0,0.00017,0.85
2017-09-25,-0.002,1,-0.001617,1,-0.001362,0.5,,0,,0,,0,-0.000009,0.33,-0.000826,0.67,-0.001004,1,-0.001209,0.95,-0.001387,0.32,-0.00057,0.17,,0,,0,0.001243,0.05,0.000094,0.74,-0.001106,1,-0.00126,1,-0.001157,0.54,0.000068,0.02,0.000732,0.13,,0,,0,-0.000672,0.79
2017-10-02,,0,,0,,0,,0,,0,,0,0.000221,0.33,,0,-0.001209,0.2,-0.0008,0.47,-0.001923,0.05,-0.001745,0.06,-0.001106,0.05,,0,-0.000366,0.05,-0.000264,0.11,-0.001336,0.33,-0.001515,0.49,-0.000468,0.39,0.001523,0.05,0.000119,0.1,,0,,0,0.000068,0.52
2017-10-09,-0.000749,1,-0.00006,1,-0.000187,0.5,,0,,0,,0,0.000298,0.33,-0.000162,1,-0.000851,1,-0.000647,1,-0.000009,0.74,0.000247,0.44,-0.001872,0.1,,0,0.000936,0.05,0.000706,0.74,-0.001081,1,-0.001106,1,-0.000672,1,0.000068,0.06,0.002009,0.32,0.000706,0.02,,0,-0.000289,0.83
2017-10-16,0.000655,1,0.002315,1,0.001498,0.5,,0,,0,,0,0.004,0.33,0.002928,1,0.000043,1,-0.000596,1,0.001498,0.74,0.004,0.44,-0.001898,0.1,,0,0.000298,0.05,0.004,0.74,-0.000774,1,-0.000928,1,-0.000468,0.94,0.001906,0.05,0.00086,0.34,-0.001821,0.02,,0,0.000962,0.85
2017-10-23,0.000604,1,0.001064,1,0.000553,0.5,,0,,0,,0,0.002443,0.33,0.001702,1,-0.000366,1,-0.000596,1,0.000987,0.74,0.000017,0.44,-0.001643,0.1,,0,0.002953,0.05,0.003209,0.68,-0.001004,1,-0.001106,1,0.000349,1,0.00326,0.06,0.002596,0.34,-0.000366,0.02,,0,0.000553,0.83
2017-10-30,0.000221,1,0.000298,1,0.000553,0.5,,0,,0,,0,0.000732,0.33,0.001166,1,0.000298,1,-0.000238,1,0.001881,0.79,0.000068,0.44,-0.002,0.1,,0,0.001191,0.05,0.003081,0.79,-0.000774,1,-0.000902,1,0.000068,1,0.001447,0.06,0.001191,0.34,0.000451,0.02,,0,0.000911,0.83
2017-11-06,-0.00057,1,0.000349,1,0.000732,0.5,,0,,0,,0,0.000936,0.33,0.00017,1,-0.000136,1,-0.000443,1,0.00114,0.74,0.000528,0.44,-0.001821,0.1,,0,0.00326,0.05,0.004,0.74,-0.000902,0.98,-0.000928,1,0.000068,0.96,0.001421,0.06,0.001932,0.35,0.002749,0.02,,0,0.000502,0.82
2017-11-13,-0.001719,1,-0.000774,0.67,-0.000928,0.5,,0,,0,,0,0.00063,0.33,-0.000085,0.67,-0.000468,0.4,-0.00057,0.37,0.001574,0.47,-0.000545,0.44,-0.002,0.1,,0,-0.000417,0.05,0.000068,0.74,-0.001183,0.05,-0.001311,0.11,-0.000749,0.64,-0.00057,0.06,0.000757,0.29,-0.002,0.02,,0,-0.000851,0.55
2017-11-20,,0,-0.001209,0.33,,0,,0,,0,,0,,0,,0,-0.001234,0.55,-0.00126,0.68,-0.001183,0.68,-0.002,0.06,-0.002,0.05,,0,,0,,0,-0.001106,0.57,-0.001285,0.69,-0.001387,0.57,-0.002,0.02,0.000885,0.03,,0,,0,-0.00126,0.18
2017-11-27,-0.000417,1,-0.000366,1,-0.000494,0.5,,0,,0,,0,0.000145,0.33,0.000094,1,-0.000519,1,-0.0008,1,-0.000162,0.74,0.000477,0.44,-0.001591,0.1,,0,0.000068,0.05,0.000604,0.74,-0.000698,1,-0.000826,1,-0.000391,1,0.001013,0.06,0.002162,0.34,0.000272,0.02,,0,0.000502,0.85
2017-12-04,-0.000417,1,0.000732,1,0.001319,0.5,,0,,0,,0,0.001523,0.33,0.000732,1,-0.000698,1,-0.000851,1,0.002034,0.74,0.001089,0.44,0.0028,0.1,,0,0.00354,0.05,0.001396,0.74,-0.000698,1,-0.000877,1,-0.000315,1,0.000655,0.06,0.0016,0.35,0.000706,0.02,,0,0.000706,0.85
2017-12-11,-0.000187,1,0.000119,1,0.000247,0.5,,0,,0,,0,0.001038,0.33,0.000374,1,-0.000443,1,-0.000238,1,0.000783,0.74,0.003617,0.44,-0.000621,0.1,,0,0.001728,0.05,0.001064,0.74,-0.000443,1,-0.000723,1,-0.000162,1,0.000885,0.06,0.001294,0.34,0.000196,0.02,,0,0.000145,0.83
2017-12-18,-0.000187,1,0.000502,1,0.000119,0.5,,0,,0,,0,0.000196,0.33,0.000962,1,-0.000264,1,-0.000468,1,0.000298,0.74,0.002315,0.44,0.00183,0.1,,0,0.003311,0.11,0.000885,0.74,-0.000621,1,-0.00057,1,-0.000034,1,0.002111,0.06,0.002621,0.35,0.001064,0.02,,0,0.000553,0.85
2017-12-25,0.00017,1,0.000783,1,0.000911,0.5,,0,,0,,0,0.001064,0.33,0.000987,1,-0.000238,1,-0.000366,1,0.000757,0.74,0.001472,0.44,0.001804,0.1,,0,0.002034,0.05,0.001191,0.74,-0.000672,1,-0.000774,1,0.000043,1,0.000706,0.06,0.000757,0.31,,0,,0,0.000017,0.85
2018-01-01,-0.000928,1,0.00086,1,0.000426,0.5,,0,,0,,0,0.001089,0.33,0.000962,1,-0.000621,1,-0.000596,1,-0.000034,0.74,0.002187,0.44,0.001243,0.1,,0,0.000885,0.05,0.000604,0.74,-0.000749,1,-0.000723,1,-0.000366,1,0.000272,0.06,0.001013,0.32,0.000655,0.02,,0,0.000017,0.82
2018-01-08,-0.000672,1,0.001191,1,0.000017,0.5,,0,,0,,0,-0.000289,0.33,0.000885,1,-0.000621,0.9,-0.000187,1,0.000911,0.74,0.003745,0.44,-0.000519,0.1,,0,-0.000698,0.05,0.001472,0.58,-0.001081,0.08,-0.000877,0.57,-0.000238,0.94,0.001983,0.06,0.002851,0.31,-0.000953,0.02,,0,-0.000596,0.21
2018-01-15,-0.001183,1,-0.000264,1,-0.000621,0.5,,0,,0,,0,-0.002,0.33,,0,-0.000621,0.95,-0.000749,1,-0.000238,0.68,0.001217,0.39,-0.000902,0.1,,0,-0.000774,0.05,-0.000213,0.58,-0.000647,0.98,-0.000672,0.98,-0.000698,0.88,0.000451,0.06,0.000145,0.34,-0.001591,0.02,,0,-0.00034,0.82
2018-01-22,-0.00103,1,-0.00057,1,-0.000494,0.5,,0,,0,,0,-0.000443,0.33,-0.000826,1,-0.000723,0.8,-0.000979,0.89,-0.000264,0.74,0.001906,0.44,0.00114,0.1,,0,,0,0.000834,0.68,-0.00103,0.97,-0.001081,0.98,-0.000391,0.97,0.001191,0.06,0.002289,0.34,0.000885,0.02,,0,0.000298,0.77
2018-01-29,-0.000953,1,-0.000902,0.67,,0,,0,,0,,0,-0.00103,0.33,-0.000774,1,-0.0008,0.9,-0.000851,0.89,-0.000468,0.63,-0.000315,0.39,-0.00126,0.05,,0,-0.001157,0.05,-0.00006,0.63,-0.000774,0.94,-0.000928,0.97,-0.000672,0.84,-0.000034,0.06,-0.000238,0.31,,0,,0,-0.000391,0.79
2018-02-05,0.000043,1,-0.000545,1,0.000221,0.5,,0,,0,,0,0.001013,0.33,0.001038,1,-0.000289,1,-0.000647,1,0.000323,0.74,0.001319,0.44,-0.001387,0.1,,0,0.002443,0.05,0.001906,0.74,-0.000672,1,-0.000698,1,-0.000009,1,0.001396,0.06,0.000604,0.34,-0.00126,0.02,,0,0.000528,0.85
2018-02-12,-0.000187,1,-0.000009,1,0.001115,0.5,,0,,0,,0,0.000426,0.33,0.00137,1,-0.000085,1,-0.000621,1,-0.000443,0.74,0.000221,0.39,0.000757,0.1,,0,0.001166,0.05,0.001728,0.74,-0.000877,1,-0.000928,0.97,-0.0008,0.99,0.001779,0.06,-0.000238,0.29,,0,,0,0.000247,0.8
2018-02-19,-0.000902,1,0.000068,1,0.000068,0.5,,0,,0,,0,-0.000928,0.33,0.000094,1,-0.000672,1,-0.000698,1,0.000221,0.74,0.000579,0.44,-0.001234,0.1,,0,-0.000289,0.05,0.000706,0.68,-0.000672,0.98,-0.000698,1,-0.000468,1,0.001472,0.06,0.000426,0.31,-0.002,0.02,,0,-0.000238,0.83
2018-02-26,-0.000494,1,0.000757,1,0.000043,0.5,,0,,0,,0,0.000783,0.33,0.000145,1,-0.000519,1,-0.000621,1,0.00017,0.74,0.000094,0.44,-0.000187,0.1,,0,-0.000085,0.05,0.000349,0.63,-0.0008,0.95,-0.000774,0.94,-0.000468,1,0.001523,0.06,0.000451,0.23,,0,,0,-0.000417,0.85
2018-03-05,-0.000417,1,0.000272,1,0.000094,0.5,,0,,0,,0,0.001243,0.33,0.000681,1,-0.000417,1,-0.000366,1,0.000783,0.74,0.000834,0.44,0.00017,0.1,,0,0.001779,0.05,0.002443,0.74,-0.000494,1,-0.000494,1,0.000119,1,0.003132,0.06,0.000885,0.35,0.000451,0.02,,0,0.000426,0.85
2018-03-12,0.000196,1,-0.000289,1,0.000426,0.5,,0,,0,,0,0.000068,0.33,0.001013,1,0.00017,1,-0.000187,1,0.003898,0.74,0.000426,0.44,0.002289,0.1,,0,-0.001311,0.05,0.002366,0.74,-0.000647,1,-0.000749,1,0.000119,1,-0.000009,0.06,0.001702,0.34,-0.000238,0.02,,0,0.000119,0.85
2018-03-19,0.000681,1,0.00017,1,0.001115,0.5,,0,,0,,0,0.002366,0.33,0.001804,1,-0.000009,1,-0.00034,1,0.003668,0.74,0.003566,0.44,0.002264,0.1,,0,0.004,0.05,0.00326,0.74,-0.000826,1,-0.0008,1,0.000655,1,0.003847,0.06,0.00137,0.35,0.000349,0.02,,0,0.000374,0.85
2018-03-26,-0.000085,1,0.0004,1,0.000272,0.5,,0,,0,,0,0.001319,0.33,0.000834,1,-0.000187,1,-0.000391,1,0.000247,0.74,0.000987,0.44,0.00086,0.1,,0,0.003745,0.05,0.003209,0.74,-0.000749,1,-0.000902,0.98,0.000094,1,0.001217,0.06,0.001319,0.34,0.002187,0.02,,0,0.001294,0.85
2018-04-02,-0.001055,1,-0.000468,1,-0.000494,0.5,,0,,0,,0,-0.001311,0.33,-0.000443,1,-0.00034,1,-0.000187,1,0.001268,0.74,0.003004,0.44,-0.002,0.1,,0,-0.001694,0.05,0.002238,0.68,-0.00057,1,-0.000723,1,-0.000162,0.87,-0.000085,0.03,0.001651,0.31,0.003413,0.02,,0,0.000426,0.85
2018-04-09,0.000349,1,0.000604,1,-0.000315,0.5,,0,,0,,0,0.002085,0.33,0.001804,1,-0.000315,1,-0.00057,1,-0.000009,0.74,0.001779,0.44,-0.0008,0.1,,0,0.003413,0.05,0.001983,0.74,-0.000723,1,-0.000621,1,-0.000494,1,0.000323,0.06,0.001089,0.34,0.000936,0.02,,0,0.000298,0.85
2018-04-16,-0.000213,1,0.000528,1,0.000145,0.5,,0,,0,,0,0.001013,0.33,0.000579,1,-0.00034,1,-0.000468,1,0.001166,0.74,0.001191,0.44,0.000221,0.1,,0,0.000681,0.05,0.003438,0.74,-0.000723,1,-0.000826,1,-0.000162,1,0.002826,0.06,0.000247,0.34,,0,,0,0.000502,0.85
2018-04-23,0.000426,1,0.001753,1,0.001396,0.5,,0,,0,,0,0.002647,0.33,0.001932,1,0.000094,1,-0.000468,1,0.002238,0.74,0.000604,0.39,0.001038,0.1,,0,0.004,0.05,0.002928,0.74,-0.000596,1,-0.000417,1,0.000732,1,0.002953,0.06,0.001932,0.34,0.003234,0.02,,0,0.001243,0.85
2018-04-30,0.001626,1,0.000706,1,0.000936,0.5,,0,,0,,0,0.002366,0.33,0.001447,1,-0.000009,1,0.000349,1,0.002519,0.74,0.001013,0.44,-0.00034,0.1,,0,0.002213,0.05,0.004,0.74,-0.000647,1,-0.000698,1,0.001038,1,0.003311,0.06,0.001626,0.35,0.004,0.02,,0,0.000681,0.83
2018-05-07,-0.0008,1,-0.00006,1,-0.000213,0.5,,0,,0,,0,0.000196,0.33,-0.000111,1,-0.000902,1,-0.000902,0.95,0.000196,0.74,0.000119,0.44,-0.002,0.1,,0,0.001421,0.05,0.001651,0.74,-0.000953,0.67,-0.000851,0.72,-0.000519,0.99,0.000528,0.06,0.00086,0.34,,0,,0,-0.000647,0.79
2018-05-14,-0.000136,1,0.001038,1,0.001574,0.5,,0,,0,,0,0.00326,0.33,0.000962,1,0.000017,1,0.000196,1,0.002213,0.74,0.003106,0.44,0.001677,0.1,,0,0.004,0.05,0.001932,0.74,-0.000672,1,-0.000621,1,0.000757,1,0.00234,0.06,0.002085,0.34,0.000834,0.02,,0,0.001728,0.82
2018-05-21,-0.00034,1,-0.000187,0.67,,0,,0,,0,,0,,0,0.001115,0.67,-0.000085,0.4,-0.000826,0.47,0.000043,0.58,0.001447,0.39,,0,,0,,0,0.001294,0.63,-0.000596,0.57,-0.000877,0.65,0.000604,0.82,0.00234,0.06,0.001651,0.34,-0.000647,0.02,,0,0.000477,0.73
2018-05-28,0.00017,1,0.000374,0.67,-0.000315,0.5,,0,,0,,0,0.000323,0.33,0.001396,0.67,-0.000162,1,0.000017,0.95,0.001319,0.74,0.000655,0.28,-0.000417,0.1,,0,0.003132,0.05,0.001906,0.74,-0.000417,0.89,-0.000519,0.83,0.000298,0.99,0.00257,0.06,0.0028,0.34,0.000502,0.02,,0,0.001319,0.79
2018-06-04,0.002136,1,0.001957,1,0.00206,0.5,,0,,0,,0,0.002979,0.33,0.002468,1,0.001038,1,0.001779,1,0.003387,0.74,0.003796,0.44,0.002009,0.1,,0,0.002034,0.05,0.004,0.74,-0.000162,1,0.000323,1,0.002009,1,0.004,0.06,0.00354,0.34,0.00137,0.02,,0,0.002213,0.83
2018-06-11,0.000119,1,0.000987,1,0.00086,0.5,,0,,0,,0,0.001294,0.33,0.001115,1,0.000426,1,-0.000213,1,0.001294,0.74,0.001447,0.44,0.000272,0.1,,0,0.002723,0.05,0.002774,0.68,-0.000111,0.98,-0.000009,0.98,0.001447,1,0.004,0.06,0.003055,0.35,0.002468,0.02,,0,0.001498,0.82
2018-06-18,0.001166,1,0.002723,1,0.00257,0.5,,0,,0,,0,0.004,0.33,0.003209,1,0.000579,1,0.000579,1,0.003234,0.74,0.003796,0.44,0.003668,0.1,,0,0.004,0.05,0.003949,0.74,-0.000034,1,-0.000315,0.95,0.000732,1,0.00377,0.06,0.004,0.34,0.003081,0.02,,0,0.001472,0.85
2018-06-25,-0.00057,1,-0.000826,0.67,,0,,0,,0,,0,-0.000009,0.33,-0.000162,0.67,0.000451,1,-0.000238,1,0.004,0.74,-0.000162,0.22,-0.001106,0.05,,0,0.001549,0.05,0.001191,0.74,-0.000136,1,-0.000085,1,-0.00057,0.72,-0.000315,0.02,0.003872,0.31,0.000477,0.02,,0,0.000323,0.82
2018-07-02,-0.000085,1,0.000145,1,-0.000238,0.5,,0,,0,,0,,0,-0.000315,0.33,-0.000494,0.75,0.00063,0.42,,0,0.001523,0.06,-0.002,0.05,,0,,0,0.003004,0.53,0.000043,0.6,0.000145,0.49,0.000681,0.09,,0,0.002136,0.15,,0,,0,-0.000009,0.64
2018-07-09,0.001089,1,0.002647,1,0.002468,0.5,,0,,0,,0,0.00017,0.33,0.002647,0.67,0.000528,1,0.000604,1,0.001574,0.74,0.003106,0.39,0.00326,0.1,,0,,0,0.002826,0.68,-0.000391,0.97,-0.000391,0.95,0.001089,0.94,0.003081,0.06,0.001447,0.26,,0,,0,0.001243,0.8
2018-07-16,0.000502,1,0.000783,1,-0.000264,0.5,,0,,0,,0,0.0016,0.33,0.00063,0.67,-0.000111,0.8,0.00063,0.84,0.000604,0.68,0.004,0.33,,0,,0,,0,0.000987,0.68,0.000374,0.86,0.000426,0.92,0.000655,0.99,0.002289,0.05,0.001447,0.21,,0,,0,0.000681,0.8
2018-07-23,0.000911,1,0.003209,1,0.001779,0.5,,0,,0,,0,0.004,0.33,0.003285,1,0.000272,1,-0.00006,1,0.001957,0.74,0.001855,0.44,-0.00034,0.1,,0,0.000911,0.05,0.003591,0.68,-0.00006,1,-0.000187,1,0.001038,0.96,0.001728,0.06,0.000579,0.23,0.001702,0.02,,0,0.001472,0.83
2018-07-30,-0.000519,1,0.000094,1,0.000834,0.5,,0,,0,,0,0.00206,0.33,-0.000366,0.33,-0.000111,0.75,-0.00006,0.47,0.000553,0.63,0.000426,0.11,,0,,0,,0,0.002315,0.68,-0.000111,0.65,-0.000647,0.48,0.000094,0.94,0.000987,0.06,0.001702,0.34,,0,,0,0.000145,0.5
2018-08-06,0.00017,1,0.001345,1,0.001115,0.5,,0,,0,,0,0.002647,0.33,0.001523,1,-0.000111,1,-0.000187,1,0.003387,0.74,0.004,0.44,0.002417,0.1,,0,0.001779,0.05,0.002494,0.68,-0.000315,1,0.000221,1,-0.000264,1,0.002264,0.06,0.003311,0.34,0.001677,0.02,,0,0.000221,0.83
2018-08-14,-0.000698,1,0.000885,1,-0.000289,0.5,,0,,0,,0,-0.000136,0.33,0.000604,1,-0.000877,0.95,-0.0008,0.89,-0.00034,0.63,0.000477,0.22,0.001472,0.1,,0,0.001983,0.05,0.0004,0.68,-0.00034,0.98,-0.000928,0.55,-0.000391,0.57,0.002289,0.05,0.000834,0.32,0.004,0.02,,0,-0.000315,0.79
2018-08-21,0.000094,1,0.000706,1,0.000579,0.5,,0,,0,,0,0.000196,0.33,0.000323,1,0.000221,1,-0.000136,1,0.000349,0.74,0.002034,0.44,0.002213,0.1,,0,0.001753,0.05,0.001217,0.74,-0.00034,0.98,-0.000596,1,0.000706,1,0.002111,0.06,0.00086,0.35,-0.002,0.02,,0,0.000528,0.83
2018-08-28,0.000272,1,0.002136,1,0.001345,0.5,,0,,0,,0,0.000502,0.33,0.001421,1,0.000477,1,-0.000034,1,0.002953,0.74,0.003132,0.44,0.002902,0.1,,0,0.001166,0.05,0.004,0.74,-0.000519,1,-0.00057,0.97,0.000604,1,0.003745,0.06,0.002672,0.34,0.003719,0.02,,0,0.000885,0.83
2018-09-04,-0.000545,1,-0.000187,1,0.000374,0.5,,0,,0,,0,0.000374,0.33,0.000604,1,-0.000672,1,-0.000111,1,0.001089,0.74,0.000936,0.44,-0.000468,0.1,,0,0.001064,0.05,0.0016,0.74,-0.000979,0.98,-0.000647,1,-0.000238,0.97,0.001013,0.06,0.001115,0.34,-0.000979,0.02,,0,0.000374,0.85
2018-09-11,-0.000009,1,0.001855,1,0.000885,0.5,,0,,0,,0,0.001881,0.33,0.002698,1,0.002085,1,0.001217,1,0.003387,0.74,0.002315,0.44,0.001702,0.1,,0,0.004,0.05,0.002519,0.74,-0.000468,0.97,-0.000289,1,0.00086,1,0.002494,0.06,0.004,0.34,0.000962,0.02,,0,0.000655,0.83
2018-09-18,-0.000979,1,-0.000519,1,-0.001081,0.5,,0,,0,,0,,0,-0.000953,0.33,-0.000545,0.3,-0.0008,0.95,0.000094,0.58,0.000323,0.44,-0.001413,0.1,,0,-0.000391,0.05,-0.000902,0.05,-0.000953,0.78,-0.000723,0.78,-0.000545,0.73,0.000119,0.06,0.000655,0.35,-0.001745,0.02,,0,-0.000468,0.5
2018-09-25,0.000298,1,0.000962,1,0.001294,0.5,,0,,0,,0,0.003157,0.33,0.002085,1,0.000502,1,-0.000238,1,0.001115,0.74,0.003898,0.44,0.002391,0.1,,0,0.004,0.05,0.003949,0.74,-0.000391,1,-0.000213,1,-0.000264,1,0.002672,0.06,0.003336,0.34,-0.000877,0.02,,0,0.000604,0.85
2018-10-02,-0.000417,1,0.000094,1,0.000247,0.5,,0,,0,,0,0.000298,0.33,0.000017,1,-0.000749,1,0.000272,0.95,0.001702,0.74,0.000094,0.44,-0.002,0.1,,0,0.000451,0.05,0.00063,0.74,-0.000417,1,-0.000519,1,-0.000238,1,0.000911,0.06,-0.000366,0.27,,0,,0,0.000451,0.85
2018-10-09,,0,-0.001311,0.33,,0,,0,,0,,0,,0,,0,-0.0008,0.5,-0.00154,0.42,-0.000391,0.05,,0,,0,,0,,0,-0.00006,0.05,-0.00103,0.76,-0.001157,0.29,,0,,0,,0,,0,,0,-0.000672,0.2
2018-10-16,-0.000366,1,-0.000494,1,-0.000647,0.5,,0,,0,,0,0.000834,0.33,0.000145,1,0.000298,1,-0.000774,0.89,-0.000085,0.42,0.000119,0.39,-0.002,0.1,,0,0.000936,0.05,0.001498,0.74,-0.000647,1,-0.000621,0.86,-0.000851,0.51,0.000809,0.03,0.0004,0.27,-0.001719,0.02,,0,-0.000136,0.85
2018-10-23,-0.000264,1,0.000298,1,0.000323,0.5,,0,,0,,0,0.000528,0.33,0.000502,1,-0.000494,1,-0.000468,1,-0.000009,0.74,0.000247,0.44,-0.001464,0.1,,0,0.001574,0.05,0.00137,0.74,-0.00034,1,-0.000391,1,-0.000366,1,0.000911,0.06,0.000272,0.27,,0,,0,0.000043,0.85
2018-10-30,0.001243,1,0.002391,1,0.001932,0.5,,0,,0,,0,0.003413,0.33,0.002366,1,0.000221,1,0.000094,1,0.002417,0.74,0.003694,0.44,0.003004,0.1,,0,0.004,0.05,0.004,0.74,0.000068,1,-0.000366,1,0.001089,1,0.003591,0.06,0.002417,0.35,0.00303,0.02,,0,0.001013,0.85
2018-11-06,-0.000213,1,0.000553,1,0.000655,0.5,,0,,0,,0,0.000068,0.33,0.001243,1,-0.000009,1,-0.00034,1,0.001191,0.74,0.001549,0.44,0.001957,0.1,,0,0.000502,0.05,0.002545,0.74,-0.000672,0.98,-0.000647,1,-0.000213,0.97,0.002238,0.06,0.001498,0.35,0.00114,0.02,,0,0.000426,0.83
2018-11-13,-0.00057,1,0.000094,1,-0.000315,0.5,,0,,0,,0,-0.000366,0.33,0.000272,1,-0.000596,1,-0.000877,1,-0.000494,0.74,0.000374,0.44,0.000477,0.1,,0,-0.000494,0.05,0.000757,0.74,-0.000749,1,-0.000953,0.97,-0.000596,0.99,0.000553,0.06,-0.000009,0.34,-0.00006,0.02,,0,-0.00006,0.85
2018-11-20,0.000017,1,0.000885,1,0.00063,0.5,,0,,0,,0,-0.000366,0.33,0.001217,1,-0.000443,1,-0.00057,1,0.000987,0.74,0.002238,0.5,0.001549,0.1,,0,0.0004,0.05,0.00114,0.74,-0.000672,1,-0.000672,1,0.000068,1,0.001753,0.06,0.00183,0.35,0.002723,0.02,,0,0.000272,0.83
2018-11-27,0.000349,1,0.001268,1,0.0016,0.5,,0,,0,,0,0.003694,0.33,0.001319,1,0.000732,1,0.000451,1,0.00183,0.74,0.003311,0.44,0.001651,0.1,,0,0.003285,0.05,0.004,0.74,-0.000672,1,-0.000443,1,0.000732,1,0.003132,0.06,0.002468,0.34,0.000196,0.02,,0,0.001396,0.85
2018-12-04,-0.000519,1,-0.000213,1,-0.000009,0.5,,0,,0,,0,0.000043,0.33,0.000043,1,-0.000596,1,-0.000596,1,0.000451,0.74,0.003183,0.44,0.001319,0.1,,0,0.00086,0.05,0.001268,0.74,-0.000902,1,-0.000877,1,0.000221,1,0.0028,0.06,0.00303,0.35,0.000604,0.02,,0,0.000068,0.85
2018-12-11,-0.000162,1,0.000094,1,0.000196,0.5,,0,,0,,0,0.001217,0.33,0.000936,1,-0.000187,1,-0.000417,1,0.000145,0.74,0.004,0.44,0.002443,0.1,,0,0.003004,0.05,0.00137,0.74,-0.000519,1,-0.000698,1,-0.000034,1,0.001345,0.06,0.000987,0.34,0.001013,0.02,,0,0.000757,0.85
2018-12-19,0.000451,1,0.001447,1,0.001064,0.5,,0,,0,,0,0.001702,0.33,0.001472,1,0.000221,1,-0.000085,1,0.00234,0.74,0.003387,0.44,0.004,0.1,,0,0.002979,0.05,0.004,0.74,-0.000545,1,-0.000443,1,0.000247,1,0.001932,0.06,0.002315,0.34,0.003438,0.02,,0,0.001677,0.85
2019-01-01,-0.001004,1,-0.000774,0.67,,0,,0,,0,,0,-0.000877,0.33,-0.00057,0.67,-0.000519,0.95,-0.000443,0.84,-0.000519,0.21,,0,,0,,0,-0.001004,0.05,-0.000596,0.58,-0.0008,1,-0.000672,0.98,-0.0008,0.55,,0,-0.001132,0.06,,0,,0,-0.000494,0.8
2019-01-08,0.000145,1,0.001753,1,0.000962,0.5,,0,,0,,0,0.001472,0.33,0.000885,1,-0.000111,1,-0.000443,1,0.001115,0.74,0.001472,0.44,0.001728,0.1,,0,0.001957,0.05,0.001957,0.74,-0.000596,1,-0.000621,1,-0.000009,1,0.002009,0.06,0.001932,0.35,0.001268,0.02,,0,0.001574,0.85
2019-01-15,0.000579,1,0.000604,1,0.00063,0.5,,0,,0,,0,0.002698,0.33,0.002264,1,0.000681,1,0.000119,1,0.002417,0.74,0.002902,0.44,0.001753,0.1,,0,0.003847,0.05,0.004,0.74,-0.000545,1,-0.000596,1,0.000783,1,0.003796,0.06,0.001779,0.34,0.001447,0.02,,0,0.001294,0.85
2019-01-22,0.000426,1,0.000987,1,0.00114,0.5,,0,,0,,0,0.002111,0.33,0.00206,1,-0.000034,1,-0.000162,1,0.002187,0.74,0.002034,0.44,0.002187,0.1,,0,0.002902,0.05,0.002877,0.74,-0.000596,1,-0.000391,1,0.000196,1,0.002315,0.06,0.001983,0.34,0.001115,0.02,,0,0.000681,0.85
2019-01-29,-0.000851,1,-0.000877,1,-0.000111,0.5,,0,,0,,0,-0.000085,0.33,-0.000417,1,-0.000826,1,-0.000774,1,-0.000596,0.74,0.001115,0.44,0.001574,0.1,,0,0.000553,0.05,0.001217,0.68,-0.000723,1,-0.000723,1,-0.000596,1,-0.000162,0.06,0.001498,0.35,0.002213,0.02,,0,0.000298,0.85
2019-02-05,0.000911,1,0.002034,1,0.001268,0.5,,0,,0,,0,0.003413,0.33,0.002315,1,0.0004,1,0.000374,1,0.003949,0.74,0.002953,0.44,0.003898,0.1,,0,0.004,0.05,0.004,0.74,-0.000596,1,-0.000698,1,0.000783,1,0.003464,0.06,0.001753,0.34,0.000502,0.02,,0,0.001191,0.85
2019-02-12,-0.000085,1,0.0004,1,0.000426,0.5,,0,,0,,0,0.00063,0.33,0.00063,1,-0.000519,1,-0.000162,1,-0.00006,0.74,0.000374,0.44,0.001702,0.1,,0,0.001421,0.05,0.000374,0.74,-0.000774,1,-0.000723,1,-0.000213,1,0.000604,0.06,-0.000009,0.34,0.000119,0.02,,0,-0.000034,0.85
2019-02-19,-0.00057,1,-0.000034,1,-0.000213,0.5,,0,,0,,0,-0.000136,0.33,-0.000111,1,-0.000698,1,-0.000698,1,-0.000187,0.74,0.000119,0.44,0.00063,0.1,,0,0.000681,0.05,0.000272,0.74,-0.000621,1,-0.000698,1,-0.000443,1,0.000221,0.06,0.000196,0.34,0.004,0.02,,0,-0.000136,0.85
2019-02-26,0.000528,1,0.001166,1,0.001013,0.5,,0,,0,,0,0.00257,0.33,0.001396,1,-0.00034,1,-0.000443,1,0.001447,0.74,0.000885,0.44,0.003464,0.1,,0,0.004,0.05,0.002979,0.74,-0.000545,1,-0.000519,1,0.000017,1,0.001523,0.06,0.00063,0.35,0.002315,0.02,,0,0.000885,0.83
2019-03-05,0.000349,1,0.001677,1,0.001217,0.5,,0,,0,,0,0.003004,0.33,0.002289,1,0.000017,1,-0.000187,1,0.002213,0.74,0.002136,0.44,0.002928,0.1,,0,0.004,0.05,0.00326,0.74,-0.000672,1,-0.000647,0.98,0.000426,1,0.003387,0.06,0.000936,0.35,0.000783,0.02,,0,0.000706,0.85
2019-03-12,-0.000647,1,-0.000009,1,-0.000213,0.5,,0,,0,,0,-0.000162,0.33,-0.00006,1,-0.000749,1,-0.000723,1,0.001523,0.79,0.000247,0.5,0.000374,0.1,,0,0.000706,0.11,0.001064,0.79,-0.000723,1,-0.000902,0.98,-0.000417,1,0.000987,0.06,-0.000315,0.31,0.000145,0.02,,0,0.0004,0.86
2019-03-19,0.000655,1,0.001932,1,0.002468,0.5,,0,,0,,0,0.003132,0.33,0.002391,1,0.000502,1,-0.000111,1,0.002953,0.74,0.00206,0.44,0.003974,0.1,,0,0.004,0.05,0.004,0.74,-0.000417,1,-0.000494,1,0.001013,1,0.004,0.06,0.001472,0.35,0.00354,0.02,,0,0.00137,0.85
2019-03-26,-0.00034,1,0.000834,1,0.000374,0.5,,0,,0,,0,0.000936,0.33,0.000451,1,-0.000621,1,-0.000545,1,0.000145,0.74,0.000579,0.44,0.000783,0.1,,0,0.002621,0.05,0.001779,0.74,-0.000672,1,-0.000647,1,-0.000264,1,0.000528,0.06,0.00086,0.35,-0.000391,0.02,,0,0.000298,0.85
2019-04-02,0.000655,1,0.001881,1,0.001523,0.5,,0,,0,,0,0.001498,0.33,0.001013,1,-0.000468,0.9,0.000221,0.95,0.00017,0.74,0.001523,0.44,0.001472,0.1,,0,0.00206,0.05,0.000757,0.74,-0.000851,0.98,-0.000928,0.91,-0.000494,0.76,0.000885,0.06,0.000349,0.34,0.004,0.02,,0,-0.000009,0.85
2019-04-09,0.000119,1,0.000987,1,0.000604,0.5,,0,,0,,0,0.000579,0.33,0.002111,1,-0.000009,1,-0.000289,1,0.000323,0.74,0.001472,0.44,0.002545,0.1,,0,0.000706,0.05,0.003464,0.74,-0.00057,1,-0.000596,1,0.000119,1,0.002953,0.06,0.001038,0.34,0.00206,0.02,,0,0.00114,0.83
2019-04-16,0.0004,1,0.002111,1,0.000885,0.5,,0,,0,,0,0.002213,0.33,0.00183,1,0.000017,1,0.000017,1,0.001753,0.74,0.001243,0.44,0.002443,0.1,,0,0.004,0.05,0.003745,0.74,-0.000545,1,-0.00057,1,0.000477,1,0.002902,0.06,0.001881,0.34,0.003643,0.02,,0,0.000962,0.85
2019-04-23,0.000732,1,0.002187,1,0.002136,0.5,,0,,0,,0,0.002315,0.33,0.001498,1,0.000349,1,0.000068,1,0.002494,0.74,0.002468,0.44,0.003081,0.1,,0,0.004,0.05,0.003234,0.74,-0.000596,1,-0.000494,1,0.00063,1,0.003209,0.06,0.001064,0.35,0.003285,0.02,,0,0.000221,0.83
2019-04-30,0.000119,1,0.002085,1,0.000834,0.5,,0,,0,,0,0.002085,0.33,0.002136,1,-0.000443,1,-0.000366,1,0.002928,0.74,0.001957,0.44,0.002136,0.1,,0,0.004,0.05,0.0028,0.74,-0.000545,1,-0.000468,1,0.000068,1,0.002391,0.06,0.001574,0.35,0.004,0.02,,0,0.002111,0.85
2019-05-07,-0.000315,1,0.001881,1,0.000962,0.5,,0,,0,,0,0.002519,0.33,0.004,0.67,0.001166,1,0.001038,1,0.004,0.74,0.001677,0.44,0.003183,0.1,,0,0.004,0.05,0.004,0.74,-0.000749,1,-0.000672,0.98,0.001574,0.85,0.004,0.05,0.000834,0.34,0.00063,0.02,,0,0.000272,0.8
2019-05-14,0.000426,1,0.001728,1,0.002774,0.5,,0,,0,,0,0.00137,0.33,0.002315,1,0.000221,1,0.000119,1,0.001523,0.74,0.001217,0.44,0.000885,0.1,,0,-0.000162,0.05,0.00326,0.74,-0.000621,1,-0.000826,1,0.000502,1,0.003132,0.06,0.001115,0.34,0.000885,0.02,,0,0.001472,0.83
2019-05-21,-0.00034,1,0.001728,1,0.001702,0.5,,0,,0,,0,0.002085,0.33,0.002213,1,-0.000391,1,-0.000366,1,0.002749,0.74,0.00257,0.44,0.004,0.1,,0,0.001779,0.05,0.00354,0.74,-0.000928,0.98,-0.000749,1,-0.000443,1,0.003106,0.06,0.00183,0.34,0.0004,0.02,,0,0.000655,0.83
2019-05-28,-0.000213,1,-0.000187,1,0.001013,0.5,,0,,0,,0,,0,0.00017,0.67,-0.0008,1,-0.000672,1,0.000655,0.47,-0.001081,0.06,0.000885,0.05,,0,0.000145,0.05,0.000094,0.63,-0.000672,1,-0.000826,0.97,-0.00057,0.76,,0,0.001447,0.18,,0,,0,-0.000136,0.85
2019-06-04,-0.000366,1,0.000834,1,0.001191,0.5,,0,,0,,0,0.00183,0.33,0.001702,1,0.000272,1,0.000119,1,0.001957,0.74,0.000834,0.44,0.002085,0.1,,0,0.003464,0.05,0.002391,0.74,-0.000647,1,-0.000238,1,0.000068,1,0.002315,0.06,0.001013,0.35,-0.000315,0.02,,0,0.000323,0.83
2019-06-11,-0.000443,1,-0.00057,0.67,0.000757,0.5,,0,,0,,0,0.000604,0.33,0.000681,0.67,-0.000289,1,-0.000494,1,0.000732,0.74,0.001115,0.44,-0.000366,0.05,,0,0.000834,0.05,0.002034,0.74,-0.000749,1,-0.000545,1,-0.000162,1,0.00114,0.06,0.002289,0.34,0.000987,0.02,,0,0.000043,0.83
2019-06-18,0.000962,1,0.001702,1,0.001038,0.5,,0,,0,,0,0.002826,0.33,0.002468,1,-0.000034,1,0.000043,1,0.000809,0.74,0.002417,0.44,0.004,0.1,,0,0.001881,0.05,0.003285,0.74,-0.000391,1,-0.000519,1,0.0004,1,0.002596,0.06,0.001677,0.34,0.002468,0.02,,0,0.001421,0.82
2019-06-25,-0.000902,1,0.000885,1,0.002085,0.5,,0,,0,,0,0.001064,0.33,0.001191,1,-0.000366,1,0.000579,1,0.000043,0.74,0.000119,0.44,0.0016,0.1,,0,0.00206,0.05,0.001498,0.74,-0.000621,0.92,-0.000647,0.94,-0.000085,1,0.001013,0.06,0.001038,0.34,0.00137,0.02,,0,0.0004,0.82
2019-07-02,0.00017,1,0.001728,1,0.002085,0.5,,0,,0,,0,0.002162,0.33,0.003209,1,-0.00006,1,0.00063,1,0.002162,0.74,0.003055,0.44,0.001728,0.1,,0,0.002417,0.05,0.001906,0.74,-0.000443,1,-0.000366,1,0.00063,1,0.002366,0.06,0.003004,0.34,0.000604,0.02,,0,0.001038,0.82
2019-07-09,-0.000187,1,0.001243,1,0.001753,0.5,,0,,0,,0,0.000885,0.33,0.001038,1,0.000426,1,0.000553,1,0.002289,0.74,0.001523,0.44,0.001753,0.1,,0,0.002289,0.05,0.002621,0.74,-0.000468,1,-0.00057,0.98,0.000655,1,0.003234,0.06,0.00303,0.34,0.00183,0.02,,0,0.000681,0.83
2019-07-16,0.000068,1,0.001983,1,0.001651,0.5,,0,,0,,0,0.00183,0.33,0.002034,1,0.000043,1,-0.000162,1,0.002621,0.74,0.003132,0.44,0.003106,0.1,,0,0.00257,0.05,0.004,0.74,-0.000289,1,-0.000111,1,0.000272,1,0.002647,0.06,0.001498,0.31,0.001447,0.02,,0,0.000757,0.83
2019-07-23,0.000323,1,0.001166,1,0.001574,0.5,,0,,0,,0,0.000323,0.33,0.001089,1,-0.000085,1,-0.000315,1,0.001064,0.74,0.002187,0.44,0.001983,0.1,,0,0.004,0.05,0.004,0.74,-0.000136,1,-0.000264,1,0.000298,1,0.001702,0.06,0.002851,0.34,0.003413,0.02,,0,0.000783,0.83
2019-07-30,0.000757,1,0.001932,1,0.001753,0.5,,0,,0,,0,0.001932,0.33,0.002366,1,0.000247,1,0.000272,1,0.003106,0.74,0.002596,0.44,0.004,0.1,,0,0.004,0.05,0.003106,0.74,-0.000264,1,-0.000289,0.95,-0.000009,0.87,0.002545,0.05,0.003285,0.31,,0,,0,0.00114,0.85
2019-08-06,-0.000851,1,0.00183,1,0.00017,0.5,,0,,0,,0,-0.000238,0.33,0.002774,1,0.000349,1,-0.000289,1,0.002647,0.68,0.00206,0.33,-0.000621,0.05,,0,0.004,0.05,0.003515,0.68,-0.000264,1,-0.000289,1,0.000298,1,0.001472,0.06,0.002366,0.34,-0.000111,0.02,,0,0.001191,0.8
2019-08-13,0.001447,1,0.002749,1,0.002545,0.5,,0,,0,,0,0.004,0.33,0.003055,1,0.000272,1,0.000272,1,0.003898,0.74,0.002902,0.44,0.002851,0.1,,0,0.003285,0.05,0.003821,0.74,-0.000264,1,0.000017,0.98,0.000987,1,0.004,0.06,0.003336,0.35,0.001728,0.02,,0,0.001753,0.83
2019-08-20,-0.000774,1,0.000068,1,0.000553,0.5,,0,,0,,0,-0.000085,0.33,-0.00006,1,-0.000417,0.7,-0.000647,0.21,-0.000136,0.32,0.002494,0.39,-0.000417,0.1,,0,0.000681,0.05,0.00063,0.68,-0.000902,0.35,-0.000647,0.31,-0.000468,0.7,0.000783,0.06,0.001728,0.34,0.004,0.02,,0,-0.000187,0.79
2019-08-27,0.000451,1,0.001294,1,0.001983,0.5,,0,,0,,0,0.003311,0.33,0.002545,1,0.000885,1,-0.000009,1,0.002162,0.74,0.004,0.44,0.004,0.1,,0,0.003898,0.05,0.004,0.68,-0.000136,1,-0.000213,1,0.00086,1,0.003923,0.06,0.002264,0.34,0.003617,0.02,,0,0.002672,0.83
2019-09-03,0.001728,1,0.001396,1,0.000706,0.5,,0,,0,,0,0.003591,0.33,0.002928,1,-0.000085,1,-0.000417,1,0.000502,0.74,0.002851,0.44,0.003234,0.1,,0,0.002877,0.05,0.003643,0.74,-0.000289,1,-0.000621,1,-0.000238,1,0.001549,0.06,0.002774,0.35,0.004,0.02,,0,0.001498,0.83
2019-09-10,-0.000009,1,0.000502,1,0.000145,0.5,,0,,0,,0,0.002213,0.33,0.001064,1,-0.000519,1,-0.000289,1,0.001753,0.74,0.002162,0.44,0.004,0.1,,0,0.004,0.05,0.002672,0.74,-0.000749,0.98,-0.000902,0.92,-0.000315,1,0.001396,0.06,0.000323,0.34,-0.000391,0.02,,0,0.000451,0.85
2019-09-17,0.001294,1,0.000681,1,0.000681,0.5,,0,,0,,0,0.004,0.33,0.003796,1,0.000655,1,-0.000034,1,0.004,0.74,0.003898,0.44,0.001804,0.1,,0,0.002136,0.05,0.004,0.68,-0.000596,1,-0.000621,0.95,0.001013,1,0.004,0.06,0.002774,0.35,0.001472,0.02,,0,0.002749,0.83
2019-09-24,,0,,0,,0,,0,,0,,0,,0,0.000834,0.33,-0.001234,0.9,-0.001336,0.84,-0.001362,0.11,,0,,0,,0,,0,-0.000698,0.21,-0.001234,0.86,-0.001336,0.77,0.000553,0.87,0.00234,0.03,0.000528,0.11,,0,,0,-0.000851,0.73
2019-10-01,-0.000749,1,0.001243,1,0.001804,0.5,,0,,0,,0,-0.000187,0.33,0.000655,1,-0.000774,1,-0.000774,0.95,0.000911,0.68,0.003821,0.44,0.003438,0.1,,0,0.003336,0.05,0.001319,0.53,-0.001157,0.87,-0.001055,0.83,-0.000009,0.73,0.002672,0.03,0.002545,0.19,,0,,0,0.00086,0.8
2019-10-08,-0.000213,1,0.001957,1,-0.000264,0.5,,0,,0,,0,0.002111,0.33,0.002009,1,-0.000085,1,0.00017,1,0.001574,0.68,0.004,0.44,0.003617,0.1,,0,0.003209,0.05,0.003336,0.74,-0.000953,0.97,-0.000877,1,0.000196,1,0.004,0.06,0.002417,0.32,0.002519,0.02,,0,0.001013,0.82
2019-10-15,0.002034,1,0.002774,1,0.001728,0.5,,0,,0,,0,0.000885,0.33,0.001064,1,0.001345,1,-0.000238,1,0.003311,0.74,0.004,0.44,0.004,0.1,,0,0.001728,0.05,0.004,0.74,-0.000647,1,-0.000826,1,0.000757,1,0.003106,0.06,0.003004,0.34,0.004,0.02,,0,0.001038,0.83
2019-10-22,0.000579,1,0.001472,1,0.000885,0.5,,0,,0,,0,0.002902,0.33,0.0016,1,0.000477,1,-0.000366,1,0.001549,0.74,0.001804,0.44,0.003847,0.1,,0,0.0016,0.05,0.003387,0.74,-0.000723,1,-0.000749,1,-0.00006,1,0.00206,0.06,0.00234,0.34,0.004,0.02,,0,0.00183,0.85
2019-10-29,-0.000851,1,-0.00006,1,0.000783,0.5,,0,,0,,0,-0.000621,0.33,-0.000698,1,-0.000979,1,-0.000749,0.89,-0.00034,0.42,-0.00006,0.28,0.001191,0.1,,0,-0.00006,0.05,-0.000187,0.74,-0.000979,0.97,-0.000928,0.95,-0.000928,0.78,0.000145,0.05,-0.000162,0.27,,0,,0,0.000247,0.74
2019-11-05,-0.000443,1,0.001753,1,0.001064,0.5,,0,,0,,0,0.002111,0.33,0.001396,1,-0.000596,1,-0.000162,1,0.000809,0.74,0.002723,0.44,0.003898,0.1,,0,0.002928,0.05,0.002213,0.74,-0.000749,1,-0.000749,1,-0.000085,1,0.001574,0.06,0.00063,0.32,-0.000468,0.02,,0,0.000681,0.85
2019-11-12,0.000426,1,0.000604,1,-0.000009,0.5,,0,,0,,0,0.00303,0.33,0.001345,1,-0.000162,1,-0.000545,1,0.001626,0.74,0.002698,0.44,0.00183,0.1,,0,0.003362,0.05,0.002391,0.74,-0.000953,1,-0.000953,0.98,0.000604,1,0.003132,0.06,0.002519,0.34,0.000911,0.02,,0,0.000809,0.85
2019-11-19,0.000834,1,0.001089,1,0.00137,0.5,,0,,0,,0,0.001957,0.33,0.002264,1,-0.000162,1,-0.000289,1,0.002085,0.74,0.003898,0.44,0.003821,0.1,,0,0.00326,0.05,0.004,0.74,-0.000698,1,-0.000698,1,0.000145,1,0.003362,0.06,0.001319,0.34,0.004,0.02,,0,0.00063,0.85
2019-11-26,0.000757,1,0.001345,1,0.001753,0.5,,0,,0,,0,0.002289,0.33,0.001804,1,0.000323,1,-0.00006,1,0.002162,0.74,0.003336,0.44,0.002953,0.1,,0,0.003591,0.05,0.00377,0.74,-0.000519,1,-0.000468,1,0.000732,1,0.003081,0.06,0.002596,0.35,0.003796,0.02,,0,0.000987,0.85
2019-12-03,-0.000519,1,-0.000596,1,-0.000391,0.5,,0,,0,,0,-0.000213,0.33,-0.000289,1,-0.000698,1,-0.000596,1,0.00063,0.74,0.000911,0.44,0.002366,0.1,,0,0.000451,0.05,0.000043,0.74,-0.000647,1,-0.000774,1,-0.000519,1,0.000043,0.06,0.001217,0.35,0.001651,0.02,,0,-0.000187,0.85
2019-12-10,-0.000289,1,0.000655,1,0.000681,0.5,,0,,0,,0,0.000809,0.33,0.000502,1,-0.000877,1,-0.000877,1,-0.00006,0.74,0.002009,0.44,0.002264,0.1,,0,0.002238,0.05,0.002877,0.74,-0.000928,1,-0.00103,1,-0.000366,1,0.000911,0.06,0.001421,0.34,0.003923,0.02,,0,-0.000264,0.85
2019-12-17,-0.00103,1,-0.000468,1,-0.00057,0.5,,0,,0,,0,0.000323,0.33,-0.000162,1,-0.000851,1,-0.000877,1,0.000094,0.74,-0.00006,0.44,0.000272,0.1,,0,0.000655,0.05,0.00114,0.74,-0.001081,0.94,-0.001183,0.98,-0.000647,1,-0.000391,0.06,0.001268,0.34,0.001651,0.02,,0,0.000043,0.82
2019-12-24,0.000043,1,0.000221,1,0.001523,0.5,,0,,0,,0,0.001472,0.33,0.001881,1,-0.00006,1,0.000017,1,0.001881,0.74,0.001728,0.44,0.001166,0.1,,0,0.000732,0.05,0.002443,0.68,-0.000621,1,-0.000596,1,0.000681,1,0.004,0.06,0.001549,0.34,-0.00057,0.02,,0,0.000757,0.85
2019-12-31,-0.000596,1,0.000349,1,0.004,0.5,,0,,0,,0,0.000068,0.33,0.000477,1,-0.000034,1,-0.000213,0.89,-0.000289,0.63,0.000987,0.44,0.001013,0.1,,0,0.001753,0.05,0.000374,0.74,-0.000647,1,-0.000749,0.98,0.000247,0.93,0.001115,0.06,0.001983,0.35,0.000655,0.02,,0,0.00063,0.85
2020-01-01,0.000272,1,0.000706,1,0.004,0.5,,0,,0,,0,0.001881,0.33,0.001191,1,0.00017,1,-0.000136,1,0.000068,0.74,0.001421,0.44,0.001013,0.1,,0,0.001753,0.05,0.003387,0.68,-0.000596,1,-0.000749,1,0.00063,0.94,0.001115,0.06,0.001983,0.35,0.000655,0.02,,0,0.001549,0.85
2020-01-08,-0.000034,1,0.000451,1,0.000247,0.5,,0,,0,,0,0.000553,0.33,0.00063,1,-0.000391,1,-0.000264,1,0.004,0.74,0.000323,0.44,0.000349,0.1,,0,0.002698,0.05,0.001038,0.74,-0.00057,1,-0.000621,1,-0.000136,1,0.000247,0.06,0.002187,0.34,0.002698,0.02,,0,0.003004,0.85
2020-01-15,-0.000647,1,-0.000315,1,-0.000494,0.5,,0,,0,,0,-0.00006,0.33,-0.000264,1,-0.000647,1,-0.000647,0.95,-0.000672,0.74,-0.000391,0.39,-0.000519,0.1,,0,-0.000111,0.05,-0.000315,0.68,-0.000826,0.98,-0.000979,0.92,-0.000749,1,-0.000085,0.05,0.000809,0.29,-0.000162,0.02,,0,-0.000596,0.74
2020-01-22,-0.00006,1,-0.000672,1,-0.000647,0.5,,0,,0,,0,0.0004,0.33,0.000043,1,-0.000494,1,-0.000902,0.95,-0.000672,0.74,0.000502,0.39,-0.001132,0.1,,0,0.000681,0.05,0.001294,0.74,-0.000621,1,-0.000851,1,-0.000596,1,-0.00006,0.05,0.001906,0.27,0.001881,0.02,,0,0.001319,0.85
2020-01-29,-0.000366,1,0.000426,1,0.000553,0.5,,0,,0,,0,0.000553,0.33,0.002085,1,-0.000391,1,-0.000723,1,0.000732,0.74,0.001804,0.44,0.002519,0.1,,0,0.002264,0.05,0.002621,0.74,-0.000774,1,-0.0008,1,-0.000366,1,0.001089,0.06,0.002009,0.34,0.000757,0.02,,0,0.000604,0.85
2020-02-05,0.000349,1,0.001881,1,0.0004,0.5,,0,,0,,0,0.000426,0.33,0.000196,1,-0.000774,1,-0.000723,1,0.000043,0.74,0.002774,0.44,0.003489,0.1,,0,0.002826,0.05,0.001217,0.74,-0.000826,1,-0.000902,1,-0.000545,1,-0.000034,0.06,0.002443,0.34,0.001268,0.02,,0,-0.000187,0.85
2020-02-12,0.000298,1,0.000936,1,0.001728,0.5,,0,,0,,0,0.002034,0.33,0.001753,1,-0.000034,1,-0.000545,1,0.001319,0.74,0.00137,0.44,0.00206,0.1,,0,0.003183,0.05,0.001677,0.74,-0.000774,1,-0.000647,1,0.000323,1,0.002494,0.06,0.001932,0.35,0.000349,0.02,,0,0.0016,0.85
2020-02-19,-0.000213,1,0.000426,1,0.000247,0.5,,0,,0,,0,0.000732,0.33,0.000962,1,-0.000366,1,-0.000391,1,0.000094,0.74,0.000757,0.44,0.003438,0.1,,0,0.001677,0.05,0.002009,0.74,-0.00057,1,-0.000494,1,0.001013,1,0.003591,0.06,0.00086,0.34,0.000426,0.02,,0,0.000911,0.85
2020-02-26,-0.000315,1,0.000553,1,0.000272,0.5,,0,,0,,0,0.002034,0.33,0.001191,1,-0.000621,1,-0.00057,1,0.000119,0.74,0.001498,0.44,0.001064,0.1,,0,0.003234,0.11,0.00114,0.74,-0.000672,1,-0.000749,1,-0.000162,1,0.000196,0.06,0.000936,0.35,0.0004,0.02,,0,-0.00006,0.85
2020-03-04,0.000017,1,0.00063,1,0.000451,0.5,,0,,0,,0,0.001013,0.33,0.000962,1,0.000349,1,-0.000238,1,0.001345,0.74,0.003566,0.44,0.001472,0.1,,0,0.004,0.05,0.004,0.74,-0.000468,1,-0.000647,1,-0.000238,1,0.002238,0.1,0.0016,0.34,0.001268,0.02,,0,0.001217,0.85
2020-03-11,0.001013,1,0.000502,1,0.00114,0.5,,0,,0,,0,0.001064,0.33,0.0016,1,0.000451,1,-0.000034,1,0.001217,0.74,0.003183,0.44,0.002698,0.1,,0,0.001089,0.05,0.002545,0.74,-0.000391,1,-0.000519,1,0.000196,1,0.001319,0.06,0.001855,0.35,0.004,0.02,,0,0.001115,0.85
2020-03-18,0.000349,1,0.001677,1,0.001779,0.5,,0,,0,,0,-0.00057,0.33,-0.000621,1,-0.000238,1,-0.000315,1,0.001472,0.74,0.003438,0.44,-0.000774,0.1,,0,-0.002,0.05,0.00063,0.74,-0.00057,1,-0.000647,1,0.000043,1,0.003209,0.06,0.000757,0.29,-0.001362,0.02,,0,-0.000315,0.85
2020-03-25,-0.000289,1,0.000553,1,-0.000009,0.5,,0,,0,,0,0.001217,0.33,0.000885,1,-0.000162,1,-0.000187,1,0.000936,0.74,-0.000162,0.44,-0.000647,0.1,,0,0.000553,0.05,0.001268,0.74,-0.000187,1,-0.000391,0.98,0.000017,0.99,0.000809,0.06,0.000094,0.29,-0.000315,0.02,,0,0.002009,0.83
2020-04-01,0.00086,1,0.001753,1,0.001089,0.5,,0,,0,,0,0.003285,0.33,0.003234,1,0.000094,1,0.000094,1,0.002647,0.74,0.002672,0.44,0.000272,0.1,,0,0.004,0.05,0.003362,0.74,-0.000417,1,-0.000391,1,0.0004,1,0.003617,0.06,0.001881,0.35,0.002698,0.02,,0,0.001396,0.85
2020-04-08,0.000528,1,0.001702,1,0.000885,0.5,,0,,0,,0,0.004,0.33,0.002647,1,-0.000187,1,-0.000391,1,0.001677,0.74,0.004,0.44,0.00377,0.1,,0,0.002289,0.05,0.003413,0.74,-0.000826,1,-0.000774,1,-0.000162,1,0.001906,0.06,0.001906,0.35,0.001345,0.02,,0,-0.000111,0.83
2020-04-15,0.000809,1,0.0016,1,0.00183,0.5,,0,,0,,0,0.001268,0.33,0.001779,1,-0.000238,1,-0.000315,1,0.00183,0.74,0.00354,0.44,0.003157,0.1,,0,0.003745,0.05,0.002698,0.74,-0.000826,1,-0.000749,1,-0.000085,1,0.002826,0.06,0.001421,0.34,0.001447,0.02,,0,0.002877,0.85
2020-04-22,0.000017,1,0.000962,1,0.00137,0.5,,0,,0,,0,0.003796,0.33,0.002902,1,0.000477,1,0.000374,1,0.002519,0.74,0.002928,0.44,0.002162,0.1,,0,0.004,0.05,0.003464,0.74,-0.000391,1,-0.000391,1,0.000349,1,0.003004,0.06,0.001013,0.34,0.001753,0.02,,0,0.001779,0.85
2020-04-29,0.000323,1,0.001677,1,0.001498,0.5,,0,,0,,0,0.002111,0.33,0.001574,1,0.000043,1,-0.000085,1,0.003643,0.74,0.004,0.44,0.004,0.1,,0,0.003438,0.05,0.002366,0.74,-0.000391,1,-0.000315,1,0.001294,1,0.003719,0.06,0.002034,0.34,0.004,0.02,,0,0.00377,0.83
2020-05-06,0.000272,1,0.001574,1,0.001523,0.5,,0,,0,,0,0.002851,0.33,0.001779,1,-0.000085,1,-0.000162,1,0.001779,0.74,0.003438,0.44,0.002366,0.1,,0,0.004,0.05,0.002698,0.74,-0.000443,1,-0.000468,1,-0.000111,1,0.000834,0.06,0.001396,0.34,0.001677,0.02,,0,0.000604,0.83
2020-05-13,0.001115,1,0.001038,1,0.000604,0.5,,0,,0,,0,0.000987,0.33,0.002468,1,0.000809,1,0.000349,1,0.001243,0.74,0.003106,0.44,0.001549,0.1,,0,0.001089,0.05,0.001421,0.74,-0.000443,1,-0.000417,1,0.000451,1,0.002085,0.06,0.00063,0.32,0.000783,0.02,,0,0.000987,0.83
2020-05-20,0.00114,1,0.00183,1,0.001447,0.5,,0,,0,,0,0.003847,0.33,0.002851,0.67,-0.000187,1,-0.000009,1,0.003209,0.74,0.000783,0.44,0.001447,0.1,,0,0.001753,0.05,0.002749,0.74,-0.00034,1,-0.000009,1,0.002009,1,0.004,0.06,0.001268,0.34,0.001957,0.02,,0,0.001396,0.83
2020-05-27,0.000809,1,0.001013,1,,0,,0,,0,,0,0.000706,0.33,0.002596,1,0.000068,1,0.000119,1,0.001191,0.74,0.000834,0.39,0.000323,0.1,,0,0.000196,0.05,0.003668,0.74,-0.000391,1,-0.000545,0.97,-0.000264,0.96,0.001013,0.03,0.002315,0.34,0.000681,0.02,,0,0.001217,0.83
2020-06-03,0.000451,1,0.0016,1,0.001217,0.5,,0,,0,,0,0.002545,0.33,0.001166,1,-0.000289,1,0.000017,1,0.001906,0.74,0.002749,0.44,0.003872,0.1,,0,0.00114,0.05,0.001549,0.74,-0.000213,1,-0.000034,1,0.000017,1,0.001702,0.06,0.001855,0.34,0.000119,0.02,,0,0.000349,0.83
2020-06-10,0.001957,1,0.001421,1,0.001702,0.5,,0,,0,,0,0.004,0.33,0.004,1,0.000809,1,0.000272,1,0.001957,0.74,0.004,0.44,0.003183,0.1,,0,0.004,0.05,0.003285,0.74,0.00017,1,0.00017,1,0.002417,1,0.004,0.06,0.002034,0.34,0.002519,0.02,,0,0.001243,0.83
2020-06-17,0.000655,1,0.002366,1,0.001881,0.5,,0,,0,,0,0.004,0.33,0.002289,1,-0.00006,1,0.000706,1,0.001421,0.74,0.002417,0.44,0.002545,0.1,,0,0.004,0.05,0.002187,0.74,-0.000085,1,-0.000111,1,0.001957,1,0.002902,0.06,0.002519,0.35,0.002979,0.02,,0,0.001447,0.83
2020-06-24,0.000553,1,0.00114,1,0.001447,0.5,,0,,0,,0,0.002851,0.33,0.001957,1,-0.000111,1,-0.000289,1,0.001319,0.74,0.002851,0.44,0.002264,0.1,,0,0.004,0.05,0.002698,0.74,-0.000238,1,-0.000417,0.98,0.0004,0.99,0.002877,0.06,0.001753,0.34,0.003081,0.02,,0,0.000732,0.85
2020-07-01,0.00063,1,0.000196,1,0.00086,0.5,,0,,0,,0,-0.000085,0.33,0.000323,1,-0.000238,1,-0.000289,1,0.000655,0.74,0.001932,0.44,0.001421,0.1,,0,0.001472,0.05,0.001447,0.74,-0.00034,1,-0.000723,0.98,0.000655,1,0.002417,0.06,0.000706,0.35,0.001983,0.02,,0,0.000323,0.82
2020-07-08,,0,-0.000417,0.33,0.00017,0.5,,0,,0,,0,,0,-0.000621,0.67,-0.000315,1,-0.000545,1,0.000502,0.74,0.000528,0.44,0.000426,0.1,,0,0.001217,0.05,0.000553,0.74,-0.000723,1,-0.000621,0.98,-0.000238,1,0.000323,0.06,0.000221,0.32,,0,,0,0.00086,0.82
2020-07-15,0.001957,1,0.002366,1,0.002545,0.5,,0,,0,,0,0.002213,0.33,0.003081,1,0.000323,0.8,0.000119,1,0.002391,0.74,0.003081,0.44,0.004,0.1,,0,0.004,0.05,0.003847,0.68,-0.00057,0.92,-0.000519,0.94,0.001166,1,0.004,0.06,0.002774,0.32,0.00206,0.02,,0,0.00114,0.83
2020-07-22,0.00017,1,0.000987,1,0.000885,0.5,,0,,0,,0,0.002596,0.33,0.001626,1,-0.000085,1,-0.000085,1,0.001038,0.74,0.001549,0.44,0.001753,0.1,,0,0.0028,0.05,0.002315,0.74,-0.000621,1,-0.000596,1,0.000604,1,0.0016,0.06,0.001957,0.34,0.004,0.02,,0,0.001319,0.85
2020-07-29,0.00063,1,0.001855,1,0.001957,0.5,,0,,0,,0,0.003081,0.33,0.002136,1,0.000604,0.9,-0.000519,0.84,0.0016,0.53,0.0004,0.33,,0,,0,0.003209,0.05,0.002366,0.74,-0.000723,0.98,-0.00057,0.92,0.000272,0.79,0.001013,0.06,0.000579,0.23,-0.000391,0.02,,0,0.000298,0.76
2020-08-05,0.000068,1,0.000553,1,0.000323,0.5,,0,,0,,0,0.001268,0.33,0.0004,1,-0.000213,1,-0.00006,1,0.000323,0.74,-0.000085,0.39,-0.001694,0.1,,0,-0.000902,0.05,0.000502,0.74,-0.000723,1,-0.000621,1,0.000451,1,0.00257,0.06,0.000145,0.19,,0,,0,0.000477,0.83
2020-08-12,0.001243,1,0.00206,1,0.001983,0.5,,0,,0,,0,0.003617,0.33,0.002698,1,0.000936,1,0.000451,1,0.002238,0.74,0.004,0.44,0.002647,0.1,,0,0.004,0.05,0.003847,0.74,-0.00034,1,-0.000085,1,0.000451,1,0.002468,0.06,0.001932,0.34,0.003566,0.02,,0,0.001447,0.83
2020-08-19,0.000298,1,0.000911,1,0.000936,0.5,,0,,0,,0,0.002417,0.33,0.002391,1,-0.00034,1,-0.000264,1,0.001626,0.74,0.00234,0.44,0.001013,0.1,,0,0.001881,0.05,0.002672,0.74,-0.000596,1,-0.000647,1,0.001064,1,0.004,0.06,0.001779,0.34,0.00086,0.02,,0,0.001191,0.85
2020-08-26,-0.000366,1,-0.000162,1,0.000604,0.5,,0,,0,,0,0.000911,0.33,0.000553,1,-0.000647,1,-0.000621,1,0.000017,0.74,0.000068,0.44,-0.000723,0.1,,0,0.000145,0.05,0.000911,0.74,-0.000698,1,-0.000545,0.98,-0.00034,1,0.000962,0.06,0.000119,0.34,-0.002,0.02,,0,-0.000289,0.82
2020-09-02,-0.000009,1,0.001396,1,0.002111,0.5,,0,,0,,0,0.002289,0.33,0.001728,1,-0.000111,1,-0.000672,1,0.000962,0.74,0.001728,0.44,-0.000085,0.1,,0,0.003974,0.05,0.002545,0.74,-0.000672,0.98,-0.000647,0.92,-0.000417,0.73,0.002264,0.06,0.000706,0.29,-0.001949,0.02,,0,0.00086,0.83
2020-09-09,0.000298,1,0.000706,1,0.001804,0.5,,0,,0,,0,0.003489,0.33,0.002391,1,0.000068,1,0.000017,1,0.001983,0.74,0.00183,0.44,0.001396,0.1,,0,0.004,0.05,0.003106,0.74,-0.000289,1,-0.000621,1,0.000119,1,0.002468,0.06,0.002289,0.34,-0.000417,0.02,,0,0.001574,0.85
2020-09-16,-0.000136,1,-0.000136,1,0.000247,0.5,,0,,0,,0,0.001013,0.33,0.000732,1,-0.000519,1,-0.000315,1,0.000579,0.74,0.00183,0.39,0.002213,0.1,,0,0.001906,0.05,0.002085,0.74,-0.0008,0.98,-0.000851,1,-0.00034,1,0.001166,0.06,0.003821,0.32,0.000834,0.02,,0,0.00137,0.83
2020-09-23,0.001013,1,0.00183,1,0.002443,0.5,,0,,0,,0,0.003591,0.33,0.004,1,0.000068,1,-0.00006,1,0.002315,0.74,0.004,0.44,0.004,0.1,,0,0.004,0.11,0.003515,0.74,0.0004,1,-0.000698,1,0.000477,1,0.004,0.06,0.003821,0.34,0.00114,0.02,,0,0.004,0.83
2020-09-30,0.000221,1,-0.000213,1,0.000553,0.5,,0,,0,,0,-0.001132,0.33,0.000732,1,-0.000238,1,-0.00057,1,0.001396,0.74,0.00206,0.44,0.003311,0.1,,0,0.000681,0.05,0.003566,0.74,-0.000391,1,-0.000647,1,-0.000136,1,0.001191,0.06,0.003209,0.34,0.004,0.02,,0,0.00017,0.83
2020-10-07,0.00086,1,0.002034,1,0.000962,0.5,,0,,0,,0,0.000809,0.33,0.003285,1,-0.000085,1,-0.000111,1,0.0004,0.74,0.002826,0.44,0.001243,0.1,,0,0.003489,0.05,0.003796,0.74,-0.0008,1,-0.000902,1,-0.000187,1,0.002621,0.06,0.000962,0.31,0.000809,0.02,,0,0.001294,0.85
2020-10-14,0.000094,1,0.001702,1,0.000732,0.5,,0,,0,,0,0.002621,0.33,0.001753,1,-0.000621,1,-0.000672,1,0.000502,0.74,0.002315,0.44,0.000017,0.1,,0,0.004,0.05,0.002928,0.74,-0.0008,1,-0.000877,1,-0.000315,1,0.001855,0.06,0.001294,0.35,0.00354,0.02,,0,0.000834,0.83
2020-10-21,0.000068,1,0.000706,1,0.000145,0.5,,0,,0,,0,0.000783,0.33,0.00086,1,-0.000289,1,-0.000238,1,0.001319,0.74,0.003132,0.44,0.001038,0.1,,0,0.002315,0.05,0.002417,0.74,-0.000647,1,-0.000519,1,0.000017,1,0.003081,0.06,0.003336,0.34,0.000374,0.02,,0,0.001702,0.85
2020-10-28,-0.000289,1,0.000094,1,-0.000953,0.5,,0,,0,,0,0.00086,0.33,-0.000111,1,-0.000213,1,-0.000519,1,0.000196,0.74,0.002672,0.44,0.000017,0.1,,0,-0.000162,0.05,0.00063,0.74,-0.000826,0.89,-0.000621,1,-0.000162,1,0.002774,0.06,0.001345,0.34,-0.000723,0.02,,0,0.000043,0.85
2020-11-04,-0.001387,1,0.000706,1,0.001268,0.5,,0,,0,,0,-0.000366,0.33,0.001166,1,0.000732,0.4,-0.000494,0.16,0.00086,0.11,0.003694,0.39,0.004,0.1,,0,-0.000162,0.05,0.002698,0.53,-0.000851,0.84,-0.000545,0.97,-0.000085,0.84,0.001957,0.06,0.003668,0.34,-0.001285,0.02,,0,-0.000111,0.68
2020-11-11,-0.0008,1,-0.001106,0.33,,0,,0,,0,,0,,0,-0.000009,0.33,-0.000979,0.4,,0,,0,0.000706,0.06,,0,,0,,0,0.004,0.37,-0.000723,0.06,-0.00154,0.2,-0.00126,0.19,,0,0.000783,0.31,0.001472,0.02,,0,0.000426,0.24
2020-11-18,-0.000391,1,-0.000034,1,0.000145,0.5,,0,,0,,0,0.001396,0.33,0.001932,1,-0.000672,1,-0.000698,1,0.004,0.58,0.000655,0.44,0.002902,0.1,,0,-0.000366,0.05,0.000553,0.74,-0.0008,1,-0.0008,1,0.000298,0.94,0.000528,0.06,0.001881,0.34,0.00017,0.02,,0,-0.000034,0.82
2020-11-25,-0.000443,1,-0.000289,0.67,,0,,0,,0,,0,-0.000877,0.33,-0.000289,0.67,-0.000672,1,-0.000774,0.95,-0.000774,0.63,-0.000596,0.39,-0.002,0.05,,0,0.000349,0.05,0.001013,0.74,-0.000826,1,-0.000877,0.88,-0.0008,0.72,0.000323,0.03,-0.000111,0.34,-0.002,0.02,,0,0.000145,0.83
2020-12-02,-0.000034,1,0.000936,1,0.000732,0.5,,0,,0,,0,0.001472,0.33,0.000987,1,-0.000264,1,-0.000238,1,0.003055,0.74,0.003362,0.44,0.000451,0.1,,0,0.001319,0.05,0.002162,0.74,-0.000519,1,-0.000596,1,0.00114,1,0.003694,0.06,0.001957,0.35,0.003413,0.02,,0,0.000706,0.83
2020-12-09,-0.000417,1,0.000196,1,0.000043,0.5,,0,,0,,0,0.00086,0.33,0.000247,1,-0.000647,1,-0.000289,1,0.000477,0.74,0.000809,0.44,0.000272,0.1,,0,0.001089,0.05,0.002749,0.74,-0.000621,1,-0.000698,1,0.000043,1,0.001038,0.06,0.00183,0.35,0.004,0.02,,0,0.002136,0.85
2020-12-16,-0.000519,1,-0.000315,1,0.0004,0.5,,0,,0,,0,0.000068,0.33,0.00063,1,-0.000672,1,-0.000596,1,0.000349,0.79,0.001089,0.44,0.000221,0.1,,0,0.000477,0.05,0.000502,0.74,-0.000672,1,-0.000774,1,0.000043,1,0.002162,0.06,0.000604,0.32,-0.000034,0.02,,0,-0.000238,0.85
2021-01-01,-0.000596,1,0.000349,1,-0.00034,0.5,,0,,0,,0,0.000221,0.33,0.000477,1,-0.000443,1,-0.000545,1,0.000374,0.74,0.00114,0.5,0.000553,0.1,,0,-0.000289,0.05,0.000349,0.74,-0.000596,1,-0.000621,1,-0.000264,1,0.001089,0.06,0.001166,0.32,-0.000672,0.02,,0,0.000553,0.85
2021-01-08,-0.000238,1,-0.000136,1,-0.000034,0.5,,0,,0,,0,-0.000264,0.33,0.000145,1,-0.00034,1,-0.000238,1,0.000604,0.74,0.004,0.5,-0.00126,0.1,,0,0.0004,0.05,0.000885,0.74,-0.000391,1,-0.000494,1,-0.000162,1,0.001345,0.08,0.002289,0.35,0.000374,0.02,,0,0.001089,0.86
2021-01-15,0.000349,1,0.001115,1,0.000323,0.5,,0,,0,,0,0.004,0.67,0.001651,1,0.000426,1,-0.000315,1,0.001549,0.79,0.004,0.5,0.004,0.1,,0,0.003872,0.05,0.004,0.74,-0.000315,1,-0.000647,1,0.000426,1,0.002366,0.06,0.001728,0.34,,0,,0,0.002366,0.85
2021-01-22,-0.000366,1,0.001549,1,0.000732,0.5,,0,,0,,0,0.000834,0.33,0.000451,1,-0.000315,1,-0.000213,1,0.000732,0.79,0.001651,0.44,0.002902,0.1,,0,0.000962,0.05,0.00234,0.74,-0.000494,1,-0.000519,1,-0.00006,1,0.001447,0.08,0.00086,0.34,-0.000417,0.02,,0,0.001421,0.85
2021-01-29,0.000706,1,0.001243,1,0.001268,0.5,,0,,0,,0,0.00234,0.67,0.001345,1,0.000119,1,-0.000085,1,0.002928,0.74,0.002494,0.5,0.002826,0.1,,0,0.003668,0.05,0.002519,0.74,-0.000443,1,-0.000468,1,0.000451,1,0.003055,0.08,0.002085,0.34,0.000477,0.02,,0,0.002162,0.85
2021-02-05,-0.000289,1,0.000068,1,-0.000034,0.5,,0,,0,,0,0.000323,0.33,0.000094,1,-0.000468,1,-0.000519,1,0.00017,0.74,0.000936,0.44,0.000043,0.1,,0,0.000911,0.05,0.001294,0.68,-0.000494,1,-0.000545,0.98,0.000068,1,0.002953,0.06,0.001421,0.34,0.001421,0.02,,0,-0.000213,0.82
2021-02-12,-0.000264,1,0.000681,1,0.000017,0.5,,0,,0,,0,0.001983,0.67,0.000783,1,-0.000162,1,-0.000417,1,0.000043,0.74,0.001523,0.44,0.002877,0.1,,0,0.00183,0.05,0.00206,0.74,-0.000443,1,-0.000545,1,-0.000391,1,0.000528,0.06,0.001089,0.34,0.00017,0.02,,0,0.000809,0.85
2021-02-19,0.000272,1,0.000528,1,0.00017,0.5,,0,,0,,0,0.001574,0.33,0.001217,1,-0.000085,1,-0.00034,1,0.000604,0.74,0.000604,0.44,0.001013,0.1,,0,0.001498,0.05,0.0016,0.74,-0.000494,1,-0.000443,1,-0.000085,1,0.001115,0.08,0.001396,0.34,,0,,0,0.000757,0.85
2021-02-26,0.00137,1,0.001932,1,0.001294,0.5,,0,,0,,0,0.004,0.33,0.003081,1,0.000885,1,0.000119,1,0.002315,0.74,0.003157,0.5,0.003489,0.1,,0,0.004,0.05,0.003413,0.74,-0.000391,1,-0.000162,1,0.000681,1,0.002494,0.08,0.001115,0.35,0.000655,0.02,,0,0.002647,0.86
2021-03-05,0.000553,1,0.001191,1,0.001345,0.5,,0,,0,,0,0.002187,0.33,0.002162,1,0.000426,1,-0.000085,1,0.001523,0.79,0.001319,0.44,0.002443,0.1,,0,0.003949,0.05,0.002877,0.68,-0.000366,1,-0.000468,1,0.000349,1,0.001983,0.08,0.001498,0.35,0.000553,0.02,,0,0.001268,0.85
2021-03-12,-0.00034,1,-0.000238,1,0.000068,0.5,,0,,0,,0,0.001472,0.33,0.000681,1,-0.000494,1,-0.000647,1,0.00137,0.74,0.002621,0.44,0.001166,0.1,,0,0.003157,0.05,0.00063,0.68,-0.000647,1,-0.000647,1,0.000323,1,0.001983,0.06,0.000579,0.34,0.000298,0.02,,0,-0.000009,0.85
2021-03-19,0.000655,1,0.001268,1,0.001523,0.5,,0,,0,,0,0.00114,0.33,0.001498,1,0.000349,1,0.00017,1,0.00114,0.79,0.002034,0.5,0.00206,0.1,,0,0.004,0.05,0.003566,0.79,-0.000034,1,-0.000111,1,0.000502,1,0.00137,0.08,0.001472,0.32,0.001677,0.02,,0,0.000655,0.85
2021-03-26,0.000477,1,0.001038,1,0.001268,0.5,,0,,0,,0,0.002698,0.33,0.0016,1,0.000426,1,0.000068,1,0.00206,0.74,0.003872,0.44,0.002187,0.1,,0,0.004,0.05,0.004,0.68,-0.000494,1,-0.000264,1,0.001013,1,0.003796,0.06,0.001089,0.34,0.001115,0.02,,0,0.001064,0.83
2021-04-02,0.000298,1,0.001064,1,0.001217,0.5,,0,,0,,0,0.0016,0.33,0.000962,1,0.000017,1,-0.000034,1,0.00086,0.74,0.001115,0.44,0.000221,0.1,,0,0.00257,0.05,0.001932,0.74,-0.000366,1,-0.000417,1,-0.000111,1,0.001038,0.06,0.001855,0.34,0.000094,0.02,,0,0.001498,0.85
2021-04-09,-0.000443,1,0.000119,1,0.000043,0.5,,0,,0,,0,-0.000213,0.33,-0.000085,1,-0.00034,1,-0.000494,1,-0.000315,0.74,0.001447,0.44,-0.002,0.1,,0,0.000017,0.05,0.000068,0.68,-0.000417,1,-0.000468,0.98,-0.000443,1,0.000247,0.06,0.000885,0.34,0.002417,0.02,,0,0.000783,0.83
2021-04-16,0.000528,1,0.001932,1,0.001345,0.5,,0,,0,,0,0.002213,0.33,0.001779,1,0.000451,1,0.000017,1,0.001064,0.74,0.002213,0.44,0.001268,0.1,,0,0.004,0.11,0.00257,0.68,-0.000136,1,-0.000085,1,0.000094,1,0.001779,0.06,0.001191,0.34,0.001191,0.02,,0,0.003489,0.85
2021-04-23,0.000604,1,0.000911,1,0.000911,0.5,,0,,0,,0,0.002111,0.33,0.00114,1,0.000145,1,0.000043,1,0.00234,0.74,0.003694,0.44,0.004,0.1,,0,0.004,0.05,0.004,0.68,-0.000391,1,-0.000443,1,0.000936,1,0.004,0.06,0.002698,0.32,0.000757,0.02,,0,0.001523,0.85
2021-04-30,0.001447,1,0.002289,1,0.001447,0.5,,0,,0,,0,0.004,0.33,0.003285,1,0.001013,1,0.000477,1,0.003489,0.74,0.002851,0.44,0.004,0.1,,0,0.004,0.05,0.004,0.68,-0.000238,1,-0.000238,1,0.001396,1,0.004,0.08,0.002877,0.35,0.00137,0.02,,0,0.002391,0.85
2021-05-07,0.000962,1,0.002034,1,0.002187,0.5,,0,,0,,0,0.002851,0.33,0.002315,1,0.000553,1,0.000196,1,0.004,0.74,0.004,0.44,0.003438,0.1,,0,0.004,0.11,0.004,0.74,-0.000187,1,-0.000111,1,0.00114,1,0.003745,0.08,0.002417,0.35,0.000477,0.02,,0,0.001855,0.85
2021-05-14,-0.000111,1,0.000221,1,0.000426,0.5,,0,,0,,0,0.001906,0.33,0.000809,1,-0.000468,1,-0.000366,1,0.000426,0.74,0.001115,0.44,0.000962,0.1,,0,0.001855,0.05,0.001191,0.74,-0.000545,1,-0.000391,0.91,-0.000085,0.99,0.001906,0.06,0.001472,0.35,-0.001847,0.02,,0,0.000119,0.83
2021-05-21,0.000323,1,0.001345,1,0.001115,0.5,,0,,0,,0,0.001396,0.33,0.001396,1,-0.000009,1,-0.000085,1,0.000732,0.74,0.001064,0.44,-0.00057,0.1,,0,0.003311,0.05,0.002417,0.74,-0.00034,1,-0.000289,1,0.000528,1,0.001115,0.06,0.002443,0.35,0.004,0.02,,0,0.00114,0.85
2021-05-28,-0.000187,1,0.000809,1,0.001064,0.5,,0,,0,,0,0.00114,0.33,0.000783,1,0.000553,1,0.000426,1,0.001881,0.74,0.003923,0.44,0.00114,0.1,,0,0.002621,0.05,0.002826,0.74,-0.000085,1,-0.000238,1,0.001447,1,0.004,0.06,0.001626,0.34,0.001243,0.02,,0,0.001906,0.83
2021-06-04,0.00086,1,0.002264,1,0.001728,0.5,,0,,0,,0,0.003413,0.33,0.002596,1,0.000374,0.95,0.000068,1,0.001268,0.74,0.001983,0.39,,0,,0,0.0016,0.05,0.003719,0.68,-0.000596,0.95,-0.000494,0.94,0.000272,1,0.002953,0.06,0.000681,0.34,,0,,0,0.001191,0.85
2021-06-11,-0.000366,1,0.00017,0.67,,0,,0,,0,,0,-0.000264,0.33,-0.000009,1,-0.000468,1,-0.000621,0.89,0.000962,0.42,0.000655,0.33,-0.000391,0.1,,0,0.000579,0.05,0.00063,0.63,-0.000417,0.9,-0.000647,0.83,-0.000187,0.73,0.00086,0.05,0.000706,0.31,,0,,0,0.000426,0.82
2021-06-18,-0.000009,1,0.001396,1,0.000655,0.5,,0,,0,,0,0.002672,0.33,0.001983,1,0.000374,0.95,0.000017,0.74,0.001523,0.63,0.002085,0.44,0.000579,0.1,,0,0.004,0.05,0.002774,0.68,-0.000417,0.7,-0.000417,0.78,0.000783,0.81,0.003055,0.06,0.001983,0.34,-0.000519,0.02,,0,0.00234,0.82
2021-06-25,0.000604,1,0.001089,1,0.000349,0.5,,0,,0,,0,0.00017,0.33,0.000272,1,-0.000417,0.35,0.000247,0.42,0.001932,0.32,0.002034,0.28,-0.001872,0.1,,0,0.000579,0.05,0.003515,0.42,-0.000213,0.35,-0.000596,0.29,0.002187,0.67,0.004,0.05,0.00234,0.27,,0,,0,0.00086,0.5
2021-07-02,0.000247,1,0.001064,1,0.001217,0.5,,0,,0,,0,0.001396,0.33,0.00257,1,0.001574,1,0.000528,1,0.001957,0.74,0.002468,0.44,0.001626,0.1,,0,0.002902,0.05,0.004,0.74,0.000732,1,0.000834,0.98,0.0016,1,0.004,0.08,0.00354,0.32,,0,,0,0.002034,0.85
2021-07-09,0.00086,1,0.003285,1,0.004,0.5,,0,,0,,0,0.004,0.33,0.003719,1,0.001243,1,0.000732,1,0.003847,0.79,0.002468,0.44,-0.000443,0.1,,0,0.004,0.05,0.003438,0.68,-0.000009,1,0.000809,1,0.002723,1,0.004,0.06,0.001906,0.34,-0.001004,0.02,,0,0.001549,0.83
2021-07-16,-0.000417,1,0.001217,1,0.000604,0.5,,0,,0,,0,0.000451,0.33,0.000374,1,-0.000111,1,0.000196,0.95,0.000655,0.68,0.001753,0.44,-0.002,0.1,,0,-0.000417,0.05,0.000987,0.74,-0.000238,0.98,-0.000468,0.94,0.000809,0.85,0.002085,0.06,0.0016,0.32,,0,,0,0.000349,0.85
2021-07-23,0.0004,1,0.001064,1,0.000911,0.5,,0,,0,,0,0.001166,0.33,0.001013,1,0.000349,1,-0.000034,0.95,0.001166,0.74,0.00234,0.44,0.001319,0.1,,0,,0,0.001523,0.68,-0.000009,0.9,-0.000391,0.92,0.000298,0.79,0.002136,0.06,0.000911,0.27,,0,,0,0.000809,0.8
2021-07-30,0.001498,1,0.004,1,0.003438,0.5,,0,,0,,0,0.003617,0.33,0.004,1,0.001038,1,0.000068,1,0.002902,0.74,0.00206,0.44,0.002366,0.1,,0,0.002391,0.05,0.003821,0.68,-0.000238,1,0.000272,1,0.00063,1,0.004,0.08,0.002928,0.34,0.003157,0.02,,0,0.002162,0.85
2021-08-06,-0.000136,1,0.000732,1,0.00086,0.5,,0,,0,,0,0.000783,0.33,0.000732,1,0.000528,1,-0.000111,1,0.001115,0.74,0.001498,0.44,0.000502,0.1,,0,0.001626,0.05,0.001702,0.68,0.001294,1,-0.000111,1,0.001089,1,0.002213,0.06,0.002315,0.35,-0.000902,0.02,,0,0.000757,0.85
2021-08-13,-0.000519,1,0.001013,1,0.000196,0.5,,0,,0,,0,-0.000698,0.33,0.000936,1,0.000145,1,-0.000315,1,0.001089,0.74,0.003311,0.44,-0.000443,0.1,,0,0.004,0.05,0.001855,0.68,-0.000009,1,-0.000468,1,0.000706,1,0.002979,0.06,0.002034,0.23,,0,,0,0.000528,0.83
2021-08-20,0.000119,1,0.000528,1,0.000757,0.5,,0,,0,,0,0.001447,0.33,0.001804,1,-0.000085,0.85,0.000068,0.95,0.000809,0.68,0.002774,0.44,0.001472,0.05,,0,0.001702,0.05,0.001549,0.68,-0.000417,0.75,-0.000238,0.8,0.00017,0.78,0.001626,0.06,0.001855,0.32,-0.001974,0.02,,0,0.001677,0.71
2021-08-27,0.001779,1,0.002953,1,0.004,0.5,,0,,0,,0,0.003643,0.33,0.004,1,0.001881,1,0.001702,1,0.004,0.74,0.004,0.44,0.004,0.1,,0,0.003796,0.05,0.004,0.68,0.000247,0.94,0.000145,0.86,0.002085,1,0.004,0.06,0.004,0.27,,0,,0,0.002519,0.85
2021-09-03,0.000579,1,0.001013,1,0.000681,0.5,,0,,0,,0,0.003413,0.33,0.001523,1,0.001396,1,0.000757,1,0.001983,0.74,0.002009,0.39,0.000374,0.1,,0,0.003004,0.05,0.002494,0.68,-0.000162,1,-0.000009,0.94,0.001166,0.97,0.003106,0.06,0.003617,0.34,,0,,0,0.001038,0.82
2021-09-10,0.000987,1,0.002009,1,0.00206,0.5,,0,,0,,0,0.004,0.33,0.002877,1,0.000732,1,0.000579,1,0.002162,0.74,0.004,0.44,0.003209,0.1,,0,0.001804,0.05,0.002774,0.68,0.000145,1,-0.000162,1,0.000374,1,0.002085,0.06,0.003209,0.32,0.00086,0.02,,0,0.001728,0.85
2021-09-17,0.000604,1,0.000502,1,0.000553,0.5,,0,,0,,0,0.000323,0.33,0.000272,1,-0.000009,1,-0.000187,1,0.001753,0.63,0.001345,0.39,0.001294,0.1,,0,0.001804,0.05,0.0028,0.74,-0.000366,0.98,-0.000417,0.85,0.000068,0.91,0.001932,0.03,0.004,0.32,-0.000443,0.02,,0,0.001345,0.85
2021-09-24,0.000374,1,0.00086,1,0.002749,0.5,,0,,0,,0,0.001089,0.33,0.001217,1,0.000374,1,-0.000034,1,0.0028,0.74,0.004,0.5,0.004,0.1,,0,0.002213,0.05,0.00206,0.68,-0.000238,1,-0.000315,0.98,0.001549,1,0.004,0.06,0.003387,0.32,,0,,0,0.001268,0.85
2021-10-01,0.002647,1,0.002391,1,0.001702,0.5,,0,,0,,0,0.003694,0.33,0.002417,1,0.002519,1,0.000987,1,0.004,0.74,0.003106,0.44,0.002443,0.1,,0,0.004,0.05,0.004,0.68,-0.000034,1,-0.000136,1,0.001498,1,0.004,0.1,0.003413,0.35,0.003311,0.02,,0,0.001677,0.86
2021-10-08,0.000068,1,0.001064,1,0.000732,0.5,,0,,0,,0,0.001498,0.33,0.000732,1,-0.000289,0.95,-0.00057,1,0.002213,0.74,0.002519,0.44,0.0004,0.1,,0,0.002136,0.05,0.002136,0.68,-0.000953,0.83,-0.001004,0.88,0.000145,0.88,0.003209,0.06,0.003004,0.32,,0,,0,0.000553,0.79
2021-10-15,-0.000213,1,0.000732,1,0.000502,0.5,,0,,0,,0,0.000681,0.33,0.000477,1,-0.00034,1,-0.000468,1,0.0004,0.74,-0.000034,0.44,-0.001694,0.1,,0,0.002187,0.05,0.000911,0.74,-0.000672,0.98,-0.000749,0.98,-0.000213,0.88,0.000451,0.06,0.001396,0.32,0.000221,0.02,,0,0.000323,0.85
2021-10-22,-0.000315,1,0.001089,1,0.000936,0.5,,0,,0,,0,0.001345,0.33,0.00086,1,-0.000213,1,-0.000494,1,0.001447,0.74,0.001855,0.44,-0.000391,0.1,,0,0.001472,0.05,0.001421,0.74,-0.000698,1,-0.000545,1,-0.00006,1,0.002366,0.08,0.002034,0.31,,0,,0,0.000783,0.85
2021-10-29,0.000604,1,0.002264,1,0.001549,0.5,,0,,0,,0,0.002723,0.67,0.001855,1,0.000119,1,0.000043,1,0.002162,0.74,0.003234,0.44,0.002315,0.1,,0,0.003566,0.05,0.003285,0.74,-0.000391,1,-0.000519,1,0.000426,1,0.003106,0.08,0.004,0.32,0.000247,0.02,,0,0.002009,0.85
2021-11-05,0.000655,1,0.001013,1,0.000962,0.5,,0,,0,,0,0.00086,0.33,0.001268,1,-0.000034,1,-0.00034,1,0.001396,0.74,0.001345,0.44,0.001574,0.1,,0,0.001626,0.05,0.001626,0.74,-0.00034,1,-0.000494,1,-0.000213,1,0.002545,0.08,0.001855,0.34,,0,,0,0.000349,0.85
2021-11-12,0.000272,1,0.001217,1,0.00114,0.5,,0,,0,,0,0.004,0.67,0.001294,1,0.000017,1,-0.000009,1,0.00183,0.74,0.002749,0.5,0.002468,0.1,,0,0.002519,0.05,0.003464,0.74,-0.00034,1,-0.000443,1,0.000323,1,0.002851,0.08,0.002851,0.35,,0,,0,0.001421,0.85
2021-11-19,0.00137,1,0.001626,1,0.0016,0.5,,0,,0,,0,0.003209,0.33,0.003055,1,0.000528,1,0.000502,1,0.001677,0.74,0.002315,0.5,0.00234,0.1,,0,0.004,0.05,0.003745,0.74,-0.000749,0.98,-0.000494,1,0.0004,1,0.002596,0.06,0.003796,0.34,0.000834,0.02,,0,0.001421,0.85
2021-11-26,0.000017,1,0.000732,1,0.000145,0.5,,0,,0,,0,0.0028,0.67,0.001677,1,-0.000264,1,-0.000494,1,0.000655,0.74,0.000477,0.44,0.000936,0.1,,0,0.002238,0.05,0.002111,0.68,-0.000647,1,-0.000621,1,-0.000366,1,0.001396,0.06,0.002953,0.34,0.000757,0.02,,0,0.000374,0.82
2021-12-03,0.000298,1,0.000809,1,0.000936,0.5,,0,,0,,0,0.001753,0.33,0.001447,1,-0.00006,1,-0.00034,1,0.00206,0.79,0.0028,0.44,0.002519,0.1,,0,-0.00006,0.05,0.000809,0.68,-0.000545,1,-0.000417,1,0.000017,1,0.004,0.08,0.002749,0.35,0.0016,0.02,,0,0.000885,0.85
2021-12-10,-0.00034,1,0.000706,1,0.000349,0.5,,0,,0,,0,0.002647,0.33,0.000502,1,-0.000162,1,-0.000468,0.95,0.000783,0.74,0.002162,0.44,0.003464,0.1,,0,0.002009,0.05,0.002136,0.74,-0.00057,1,-0.00057,1,0.000553,1,0.004,0.08,0.002672,0.34,-0.00126,0.02,,0,0.000017,0.85
2021-12-17,-0.000366,1,0.000732,1,0.000477,0.5,,0,,0,,0,0.002085,0.67,0.001319,1,-0.000723,0.9,-0.00057,1,0.001677,0.74,0.001396,0.44,0.000604,0.1,,0,-0.000111,0.05,0.001268,0.68,-0.000723,1,-0.000826,1,-0.000034,1,-0.00006,0.06,0.0004,0.26,,0,,0,-0.000162,0.85
2021-12-24,0.001626,1,0.001396,1,0.00137,0.5,,0,,0,,0,0.002672,0.33,0.002391,1,0.000477,1,-0.00006,1,0.001064,0.74,0.002621,0.5,0.002264,0.1,,0,0.000962,0.05,0.002545,0.74,-0.00006,1,-0.000111,1,0.000783,1,0.003949,0.08,0.001753,0.34,0.000732,0.02,,0,0.001472,0.85
2021-12-31,0.000553,1,0.000936,1,0.000783,0.5,,0,,0,,0,0.002213,0.33,0.001881,1,0.000017,1,-0.000187,1,0.000706,0.74,0.002315,0.44,0.002647,0.1,,0,0.001702,0.05,0.003183,0.74,-0.000238,1,-0.00034,1,0.000119,1,0.0016,0.06,0.002519,0.32,0.001753,0.02,,0,0.001932,0.85
2022-01-01,0.000553,1,0.001294,1,0.000783,0.5,,0,,0,,0,0.002213,0.33,0.001881,1,0.000272,1,0.000323,1,0.001345,0.74,0.002315,0.44,0.003489,0.1,,0,0.004,0.05,0.003183,0.74,-0.000187,1,-0.000315,1,0.000783,1,0.003949,0.06,0.002519,0.32,0.001753,0.02,,0,0.001932,0.85
2022-01-08,0.000987,1,0.001626,1,0.00114,0.5,,0,,0,,0,0.00234,0.67,0.002723,1,0.000732,1,0.000247,1,0.001983,0.74,0.003387,0.5,0.004,0.1,,0,0.004,0.05,0.002928,0.74,-0.000494,1,-0.000494,1,0.00017,1,0.001983,0.06,0.002213,0.35,0.001166,0.02,,0,0.001626,0.85
2022-01-15,0.000119,1,0.001728,1,0.000936,0.5,,0,,0,,0,0.002213,0.33,0.001702,1,-0.000289,1,-0.000366,1,0.000757,0.74,0.002264,0.44,0.002621,0.1,,0,0.000068,0.05,0.001626,0.74,-0.000494,1,-0.000519,1,-0.000009,1,0.002443,0.08,0.001268,0.34,0.002366,0.02,,0,0.001064,0.85
2022-01-22,0.001728,1,0.00257,1,0.002264,0.5,,0,,0,,0,0.004,0.33,0.002928,1,0.000706,1,0.00086,1,0.002851,0.74,0.003898,0.44,0.001753,0.1,,0,0.004,0.05,0.004,0.74,-0.000187,1,-0.000391,1,0.001472,1,0.004,0.1,0.002749,0.34,0.00206,0.02,,0,0.002009,0.85
2022-01-29,0.000043,1,0.000834,1,0.000451,0.5,,0,,0,,0,0.001447,0.33,0.00137,1,-0.000264,1,-0.000213,1,0.002672,0.74,0.002723,0.5,0.002009,0.1,,0,0.002826,0.05,0.002545,0.74,-0.000417,1,-0.00034,1,0.000298,1,0.004,0.1,0.001932,0.35,0.001243,0.02,,0,0.002774,0.88
2022-02-05,-0.000417,1,-0.000238,0.67,-0.000315,0.5,,0,,0,,0,0.000809,0.33,-0.000034,0.67,-0.000545,0.85,-0.000749,1,0.001115,0.74,0.001932,0.44,0.001855,0.1,,0,0.000451,0.05,-0.00006,0.68,-0.000723,0.89,-0.000774,0.89,-0.000468,0.91,0.001574,0.06,0.001268,0.35,0.001626,0.02,,0,-0.000519,0.73
2022-02-12,-0.000647,1,-0.000672,1,-0.000468,0.5,,0,,0,,0,-0.000289,0.33,-0.000085,1,-0.000545,1,-0.000391,1,-0.000034,0.74,0.000451,0.44,-0.001387,0.1,,0,-0.000953,0.05,0.000349,0.63,-0.000417,1,-0.000391,1,-0.000264,1,0.000911,0.06,0.000374,0.34,-0.000774,0.02,,0,-0.000315,0.85
2022-02-19,0.000247,1,0.001345,1,0.000757,0.5,,0,,0,,0,0.002417,0.33,0.001447,1,0.000247,1,-0.000391,1,0.000221,0.74,0.001064,0.44,0.002928,0.1,,0,0.002723,0.05,0.002315,0.68,-0.000264,1,-0.000494,1,0.000247,0.99,0.001881,0.08,0.002162,0.34,0.001115,0.02,,0,0.001294,0.86
2022-02-26,-0.000162,1,0.000043,1,-0.000162,0.5,,0,,0,,0,-0.000111,0.33,0.001243,1,-0.000391,1,-0.00034,1,0.000298,0.79,0.002826,0.5,0.000068,0.1,,0,0.000323,0.05,0.000911,0.74,-0.000417,1,-0.000289,1,-0.000085,1,0.000962,0.06,0.00137,0.32,,0,,0,-0.000085,0.85
2022-03-05,0.000094,1,0.000655,1,0.000553,0.5,,0,,0,,0,0.001932,0.33,0.001702,1,-0.000111,1,-0.000213,1,0.000885,0.79,0.001753,0.44,0.001983,0.1,,0,0.002034,0.05,0.001932,0.74,-0.000468,1,-0.000468,1,-0.000085,1,0.002366,0.06,0.00137,0.34,0.001804,0.02,,0,0.000834,0.85
2022-03-12,0.001421,1,0.001268,1,0.001013,0.5,,0,,0,,0,0.000706,0.33,0.00234,1,0.001064,1,0.000145,1,0.001498,0.74,0.003311,0.44,-0.001285,0.1,,0,0.000911,0.05,0.004,0.74,-0.000494,1,-0.000596,0.97,0.000094,1,0.00206,0.1,0.001881,0.34,0.000655,0.02,,0,0.00137,0.85
2022-03-19,0.000221,1,0.001498,1,0.001294,0.5,,0,,0,,0,-0.000187,0.33,0.000221,1,-0.000085,1,0.000017,1,0.001217,0.74,0.002213,0.44,0.001574,0.1,,0,0.000477,0.05,0.002187,0.68,-0.000213,1,-0.000187,1,0.000298,1,0.002953,0.08,0.003004,0.35,-0.000391,0.02,,0,0.000783,0.85
2022-03-26,0.000528,1,0.001677,1,0.001396,0.5,,0,,0,,0,0.001957,0.33,0.001881,1,0.000323,1,0.000196,1,0.002009,0.74,0.002953,0.5,0.001983,0.1,,0,0.001855,0.05,0.002902,0.68,-0.000315,1,-0.000443,1,0.000196,1,0.003311,0.06,0.001549,0.34,-0.000238,0.02,,0,0.001294,0.85
2022-04-02,0.001013,1,0.003643,1,0.002647,0.5,,0,,0,,0,0.003923,0.33,0.003719,1,0.00086,1,0.000272,1,0.002136,0.74,0.004,0.44,0.001906,0.1,,0,0.004,0.05,0.004,0.74,-0.000213,1,-0.00006,1,0.001523,1,0.004,0.06,0.00354,0.34,0.001804,0.02,,0,0.001881,0.85
2022-04-09,0.001115,1,0.001881,1,0.001728,0.5,,0,,0,,0,0.00354,0.33,0.0028,1,0.000655,1,0.000426,1,0.001855,0.74,0.003132,0.5,0.001779,0.1,,0,0.004,0.05,0.003974,0.74,-0.000162,1,-0.000315,1,0.00114,1,0.003617,0.06,0.002391,0.34,0.001728,0.02,,0,0.001702,0.85
2022-04-16,0.000732,1,0.001549,1,0.001498,0.5,,0,,0,,0,0.002009,0.33,0.001779,1,-0.000187,1,-0.000238,0.95,0.001115,0.68,0.001957,0.44,0.0004,0.1,,0,0.003311,0.05,0.001013,0.68,-0.000596,1,-0.000621,0.92,0.000043,0.96,0.002162,0.05,0.001447,0.31,,0,,0,0.000528,0.85
2022-04-23,0.000298,1,0.00063,0.67,0.000706,0.5,,0,,0,,0,0.001396,0.33,0.001089,0.67,-0.000774,0.85,-0.000723,0.95,0.001651,0.42,,0,,0,,0,0.002085,0.05,0.000809,0.58,-0.000877,0.79,-0.000672,0.77,-0.000213,0.55,0.001421,0.03,-0.001643,0.02,,0,,0,-0.000366,0.67
2022-04-30,0.002238,1,0.002238,1,0.002213,0.5,,0,,0,,0,0.003694,0.33,0.003081,1,0.001268,1,0.000783,1,0.003285,0.74,0.003847,0.44,0.002494,0.1,,0,0.004,0.05,0.004,0.68,-0.000085,1,0.000221,1,0.002111,1,0.004,0.06,0.004,0.32,,0,,0,0.003643,0.85
2022-05-07,0.000221,1,0.000706,1,0.000783,0.5,,0,,0,,0,0.001319,0.33,0.000936,1,-0.000085,1,-0.000187,1,0.00017,0.74,0.001166,0.44,0.00017,0.1,,0,0.002723,0.05,0.002391,0.68,-0.000417,1,-0.000494,1,-0.000213,1,0.001268,0.08,0.00257,0.34,,0,,0,0.002928,0.85
2022-05-14,0.000374,1,0.000145,0.67,0.000349,0.5,,0,,0,,0,0.001294,0.33,0.001779,1,0.000145,1,0.000298,1,0.002213,0.74,0.001728,0.44,-0.000417,0.05,,0,0.002928,0.05,0.00206,0.68,-0.000315,1,-0.000289,1,0.000655,1,0.002979,0.08,0.003183,0.35,0.000349,0.02,,0,0.001115,0.85
2022-05-21,-0.000315,1,0.002264,1,0.000604,0.5,,0,,0,,0,0.002519,0.33,0.00303,1,-0.000443,0.9,-0.000187,1,0.001345,0.74,0.001447,0.44,0.000502,0.1,,0,0.002009,0.05,0.00206,0.68,-0.000774,0.95,-0.000749,1,0.000834,1,0.004,0.06,0.002289,0.35,,0,,0,-0.000136,0.77
2022-05-28,0.000579,1,0.00086,1,0.001549,0.5,,0,,0,,0,0.000604,0.33,0.00086,1,0.000272,1,0.000528,1,0.00183,0.68,0.00326,0.44,0.003745,0.1,,0,0.002136,0.05,0.002468,0.68,-0.000315,1,-0.000494,0.98,0.001217,0.99,0.004,0.08,0.002468,0.32,0.002826,0.02,,0,0.001294,0.85
2022-06-04,0.000655,1,0.00206,1,0.000528,0.5,,0,,0,,0,0.001626,0.33,0.001319,1,0.000323,1,0.000094,1,0.001626,0.74,0.002851,0.44,0.000783,0.1,,0,,0,0.003055,0.74,-0.000111,1,-0.000494,1,0.000757,1,0.004,0.08,0.003311,0.32,,0,,0,0.002162,0.83
2022-06-11,0.002953,1,0.00354,1,0.001932,0.5,,0,,0,,0,-0.000162,0.33,0.003311,1,0.001268,1,0.0004,1,0.003157,0.79,0.004,0.44,0.004,0.1,,0,0.003311,0.05,0.003796,0.68,-0.000085,1,-0.000162,1,0.001013,1,0.003974,0.06,0.003387,0.34,0.001447,0.02,,0,0.002238,0.85
2022-06-18,,0,0.000119,0.67,,0,,0,,0,,0,0.002851,0.33,0.004,1,0.001038,1,-0.000009,0.89,0.000247,0.32,0.003157,0.06,,0,,0,,0,0.004,0.63,-0.000009,1,-0.000519,0.45,-0.000468,0.22,,0,0.001702,0.19,,0,,0,0.00114,0.82
2022-06-25,0.000655,1,0.001472,1,0.000962,0.5,,0,,0,,0,0.002111,0.33,0.001932,1,0.000068,1,0.000834,1,0.001957,0.74,0.004,0.5,0.002851,0.1,,0,0.001038,0.05,0.001549,0.74,-0.000264,1,-0.000162,1,0.000936,1,0.002928,0.08,0.004,0.35,0.000094,0.02,,0,0.0016,0.85
2022-07-02,0.001702,1,0.00354,1,0.003643,0.5,,0,,0,,0,0.004,0.33,0.002826,1,0.000681,1,0.000834,1,0.001881,0.68,0.00234,0.44,0.002647,0.1,,0,0.002851,0.05,0.004,0.68,-0.000213,1,-0.000391,1,0.001089,1,0.003974,0.06,0.002187,0.34,,0,,0,0.001983,0.83
2022-07-09,-0.000009,1,0.000094,1,0.000655,0.5,,0,,0,,0,0.000936,0.33,0.001574,1,0.000962,1,-0.000391,1,0.001064,0.74,0.001294,0.44,-0.001081,0.1,,0,0.001472,0.05,0.001345,0.74,-0.000391,1,-0.000238,0.98,0.000145,0.99,0.002417,0.06,0.002009,0.34,,0,,0,0.000732,0.83
2022-07-16,-0.000264,1,0.000145,1,0.00086,0.5,,0,,0,,0,0.00063,0.33,-0.00006,1,-0.000213,0.95,-0.000391,1,0.000119,0.63,0.001243,0.44,0.000323,0.1,,0,0.001396,0.05,0.00086,0.58,-0.000443,0.78,-0.000136,0.82,-0.00034,0.78,0.000196,0.02,0.001217,0.32,,0,,0,0.000272,0.71
2022-07-23,0.001957,1,0.001753,1,0.001498,0.5,,0,,0,,0,0.001089,0.33,0.001779,1,0.001064,1,0.000196,1,0.001166,0.63,0.002187,0.44,0.002519,0.1,,0,0.001881,0.05,0.003157,0.68,-0.000009,1,-0.000136,1,0.000145,1,0.002213,0.06,0.001396,0.31,,0,,0,0.001574,0.85
2022-07-30,-0.000315,1,0.000374,1,0.000323,0.5,,0,,0,,0,-0.000162,0.33,-0.000162,1,-0.000494,0.9,-0.000545,0.84,0.0004,0.53,0.000426,0.44,0.000017,0.1,,0,,0,0.000655,0.68,-0.000494,0.81,-0.000366,0.86,-0.000085,0.76,0.001191,0.06,0.00017,0.26,,0,,0,0.000043,0.82
2022-08-07,,0,0.000094,1,,0,,0,,0,,0,,0,0.000272,1,-0.0008,0.4,-0.000877,0.32,,0,,0,,0,,0,0.000911,0.05,0.000706,0.21,-0.000136,0.57,0.000094,0.35,-0.000928,0.24,,0,-0.00006,0.02,,0,,0,-0.000136,0.15
2022-08-14,0.002111,1,0.003566,1,0.003055,0.5,,0,,0,,0,0.004,0.33,0.003515,1,0.001115,1,0.004,1,0.003872,0.68,0.004,0.44,0.003566,0.1,,0,0.004,0.05,0.004,0.68,0.000068,1,-0.000264,1,0.002162,1,0.004,0.06,0.003974,0.31,0.001191,0.02,,0,0.002596,0.85
2022-08-21,0.002034,1,0.002009,1,0.001089,0.5,,0,,0,,0,0.003464,0.33,0.002877,1,0.001574,1,0.000809,1,0.001574,0.74,0.003974,0.44,0.003311,0.1,,0,0.002009,0.05,0.004,0.74,0.000119,1,0.000247,1,0.000655,1,0.003081,0.08,0.00206,0.35,,0,,0,0.002902,0.85
2022-08-28,-0.000264,1,0.001319,1,0.000349,0.5,,0,,0,,0,0.001243,0.33,0.000834,1,0.001294,0.95,0.000681,1,0.001115,0.74,0.001089,0.5,0.000349,0.1,,0,0.003055,0.05,0.002494,0.68,-0.000085,1,-0.000391,1,0.000349,1,0.00234,0.06,0.003132,0.34,-0.000315,0.02,,0,0.001881,0.85
2022-09-04,-0.000111,1,0.000962,1,0.000579,0.5,,0,,0,,0,0.003566,0.67,0.001472,1,0.000706,0.85,0.000094,0.95,0.001089,0.68,0.000528,0.28,0.002774,0.1,,0,0.000834,0.05,0.00206,0.68,-0.000366,0.98,-0.000621,0.97,-0.00006,0.93,0.001677,0.05,0.003081,0.32,,0,,0,0.001013,0.82
2022-09-11,0.0004,1,0.001932,1,0.001166,0.5,,0,,0,,0,0.003157,0.33,0.004,1,0.001319,1,0.001191,1,0.001906,0.74,0.00257,0.44,0.002723,0.1,,0,0.003234,0.05,0.003796,0.74,0.000068,1,-0.000213,1,0.001166,1,0.004,0.1,0.004,0.35,0.004,0.02,,0,0.001626,0.85
2022-09-18,0.000017,1,0.00017,1,0.001166,0.5,,0,,0,,0,0.000885,0.33,0.001038,1,0.000502,0.95,-0.000085,1,0.000732,0.74,0.00234,0.39,0.002034,0.1,,0,0.00183,0.05,0.002723,0.63,-0.000366,1,-0.000136,1,0.000553,0.91,0.00183,0.03,0.002162,0.34,0.004,0.02,,0,0.001779,0.8
2022-09-25,0.000094,1,0.000477,1,0.000349,0.5,,0,,0,,0,-0.001004,0.33,0.001089,1,-0.000187,1,-0.000468,1,-0.000009,0.74,0.00086,0.44,-0.002,0.1,,0,0.001855,0.05,0.001472,0.68,-0.000545,1,-0.000596,1,-0.000162,1,0.001217,0.06,0.003209,0.31,-0.00006,0.02,,0,0.000834,0.85
2022-10-02,-0.000162,1,-0.000009,1,-0.000443,0.5,,0,,0,,0,0.001115,0.33,0.000374,1,-0.000494,1,-0.000851,1,-0.000111,0.79,0.000579,0.44,-0.002,0.05,,0,0.001881,0.05,0.002034,0.68,-0.001055,0.98,-0.00103,0.95,-0.000877,1,0.00086,0.1,0.001523,0.34,-0.001387,0.02,,0,0.000579,0.85
2022-10-09,0.000017,1,0.000323,1,0.000374,0.5,,0,,0,,0,0.002826,0.33,0.001574,1,-0.000391,1,-0.0008,1,0.000272,0.74,0.000809,0.44,0.000681,0.1,,0,0.004,0.05,0.003591,0.68,-0.000928,1,-0.000749,1,-0.00057,1,0.000885,0.06,0.001447,0.35,-0.001311,0.02,,0,0.001523,0.85
2022-10-16,0.00137,1,0.001013,1,0.000298,0.5,,0,,0,,0,0.002621,0.33,0.001702,1,-0.000315,1,-0.000417,1,0.00086,0.79,0.001779,0.44,0.001804,0.1,,0,0.004,0.05,0.002826,0.74,-0.000928,1,-0.00103,1,-0.000238,1,0.003387,0.06,0.002698,0.34,,0,,0,0.000732,0.85
2022-10-23,-0.000289,1,0.002826,1,0.000094,0.5,,0,,0,,0,0.004,0.33,0.000247,1,-0.00006,1,-0.000468,1,0.000502,0.74,0.001472,0.5,0.00017,0.1,,0,0.001549,0.05,0.0028,0.74,-0.0008,1,-0.000494,1,-0.000009,1,0.0028,0.06,0.002494,0.34,0.000298,0.02,,0,0.000783,0.85
2022-10-30,-0.000826,1,0.00017,0.67,0.000119,0.5,,0,,0,,0,0.000987,0.33,0.000119,1,-0.000851,0.85,-0.000264,0.42,-0.000009,0.47,-0.000902,0.22,-0.002,0.05,,0,0.000502,0.05,0.000477,0.74,-0.000774,0.75,-0.00103,0.26,-0.000953,0.19,,0,0.000068,0.23,,0,,0,0.000783,0.85
2022-11-06,0.000068,1,0.001089,1,0.000987,0.5,,0,,0,,0,0.001268,0.33,0.000911,1,0.001523,1,0.000451,1,0.000885,0.68,0.001319,0.44,0.00234,0.1,,0,0.001804,0.05,0.001779,0.68,-0.000468,1,-0.000647,0.98,0.000272,1,0.002034,0.06,0.001523,0.32,-0.001489,0.02,,0,0.00017,0.85
2022-11-13,0.000936,1,0.000349,1,-0.000238,0.5,,0,,0,,0,0.0004,0.67,0.000579,1,-0.000085,1,-0.00034,1,0.002621,0.74,0.000068,0.5,-0.001387,0.1,,0,0.000119,0.05,0.00183,0.74,-0.000494,1,-0.000723,1,-0.000187,1,0.001651,0.1,0.001779,0.34,-0.000468,0.02,,0,0.000885,0.85
2022-11-20,-0.000519,1,0.000783,1,-0.000034,0.5,,0,,0,,0,0.00086,0.33,0.000349,1,-0.000443,1,-0.000698,0.95,0.000451,0.68,0.001779,0.5,0.000272,0.1,,0,0.002034,0.05,0.00086,0.74,-0.000443,1,-0.000749,1,-0.000366,1,0.001472,0.06,0.001523,0.32,-0.000902,0.02,,0,0.000655,0.85
2022-11-27,-0.000749,1,-0.000238,1,0.000528,0.5,,0,,0,,0,-0.000162,0.33,-0.000111,1,-0.000468,1,-0.000213,0.95,0.000426,0.74,0.000196,0.44,0.000885,0.1,,0,-0.000468,0.05,0.000809,0.68,-0.000391,1,-0.00057,1,-0.000136,1,0.000809,0.08,0.003285,0.32,,0,,0,0.002136,0.85
2022-12-04,-0.000034,1,0.000579,1,0.000477,0.5,,0,,0,,0,0.000706,0.33,0.000655,1,-0.000085,1,-0.000417,1,0.000426,0.74,0.003209,0.44,0.001191,0.1,,0,0.003438,0.05,0.00137,0.68,-0.000545,1,-0.000698,0.98,0.000017,1,0.001345,0.06,0.001957,0.31,,0,,0,0.000783,0.85
2022-12-11,-0.000545,1,-0.000187,1,0.0004,0.5,,0,,0,,0,-0.000928,0.33,-0.000136,1,-0.00034,1,-0.00034,1,0.00063,0.68,0.000323,0.44,-0.000136,0.1,,0,-0.000647,0.05,0.000936,0.68,-0.000698,1,-0.000596,1,0.000349,1,0.001753,0.06,0.002545,0.31,0.00086,0.02,,0,0.000145,0.85
2022-12-18,0.000374,1,0.000247,1,0.000298,0.5,,0,,0,,0,0.001906,0.33,0.00086,1,0.000043,1,0.000604,1,0.00137,0.74,0.002851,0.5,0.002111,0.1,,0,0.000732,0.05,0.001855,0.74,-0.000468,1,-0.000468,1,0.000451,1,0.0028,0.06,0.003821,0.34,0.001038,0.02,,0,0.001472,0.85
2022-12-25,0.000809,1,0.001523,1,0.0016,0.5,,0,,0,,0,0.003234,0.33,0.00183,1,0.000426,1,0.00114,1,0.001574,0.74,0.004,0.5,0.004,0.1,,0,0.004,0.05,0.004,0.74,-0.000443,1,-0.000621,1,0.000426,1,0.00303,0.06,0.002391,0.34,-0.000009,0.02,,0,0.001089,0.85
2023-01-01,-0.000494,1,0.000987,1,0.000528,0.5,,0,,0,,0,0.0028,0.33,0.001932,1,-0.00057,1,-0.000417,1,0.000043,0.74,0.001728,0.5,0.002136,0.1,,0,0.00086,0.05,0.001677,0.68,-0.00103,0.95,-0.000723,0.98,-0.000238,1,0.000681,0.06,0.001268,0.34,-0.000162,0.02,,0,0.001115,0.86
2023-01-08,-0.000698,1,0.000043,1,-0.000034,0.5,,0,,0,,0,0.001191,0.33,-0.000647,1,-0.000774,1,-0.000647,1,-0.000443,0.68,0.000272,0.44,-0.000238,0.1,,0,0.00017,0.05,-0.000519,0.74,-0.000672,1,-0.000826,1,-0.000749,0.94,0.001753,0.05,0.001064,0.29,,0,,0,-0.000238,0.85
2023-01-15,0.000732,1,0.000604,1,0.000451,0.5,,0,,0,,0,0.002034,0.33,0.001626,1,-0.000034,1,-0.000468,1,0.001549,0.74,0.001319,0.44,-0.000238,0.1,,0,0.003081,0.05,0.002494,0.68,-0.001004,1,-0.000979,1,0.000094,1,0.002443,0.06,0.001932,0.34,-0.000443,0.02,,0,0.000834,0.85
2023-01-22,0.000987,1,0.000477,1,0.001294,0.5,,0,,0,,0,0.002443,0.33,0.001855,1,-0.000085,1,-0.000187,1,0.001447,0.79,0.003285,0.5,0.001906,0.1,,0,0.002443,0.05,0.002749,0.68,-0.000494,1,-0.00057,1,0.000043,1,0.002264,0.08,0.001881,0.35,0.000579,0.02,,0,0.000962,0.85
2023-01-29,0.000757,1,0.001472,1,0.001702,0.5,,0,,0,,0,0.002928,0.33,0.002468,1,0.00017,1,0.000068,1,0.002136,0.74,0.00326,0.44,0.002443,0.1,,0,0.001728,0.05,0.003209,0.68,-0.000596,1,-0.000545,1,0.000936,1,0.003898,0.08,0.001881,0.35,-0.000264,0.02,,0,0.001089,0.85
2023-02-05,-0.00034,1,-0.000417,0.67,0.000579,0.5,,0,,0,,0,0.000349,0.33,0.000757,1,-0.000621,1,-0.000698,1,-0.00006,0.74,-0.00057,0.44,0.001064,0.1,,0,,0,0.000323,0.58,-0.000749,0.97,-0.000928,0.95,-0.00057,0.97,0.001421,0.06,0.000834,0.34,0.000119,0.02,,0,-0.000289,0.82
2023-02-12,-0.000238,1,0.000221,1,0.000272,0.5,,0,,0,,0,0.002443,0.67,0.001753,1,-0.000417,1,-0.000366,1,0.000706,0.74,0.001626,0.5,0.003515,0.1,,0,0.00137,0.05,0.000783,0.68,-0.00057,1,-0.000596,1,-0.000162,1,0.002417,0.08,0.001217,0.32,0.000732,0.02,,0,0.000221,0.85
2023-02-19,-0.000264,1,0.001038,1,0.000911,0.5,,0,,0,,0,0.001523,0.33,0.001319,1,-0.000494,1,-0.000494,1,0.000349,0.79,0.001345,0.44,0.00206,0.1,,0,0.000885,0.05,0.000706,0.68,-0.000596,1,-0.00057,1,-0.000494,1,0.0004,0.08,0.000655,0.34,0.000068,0.02,,0,0.000247,0.85
2023-02-26,0.001268,1,0.001983,1,0.002111,0.5,,0,,0,,0,0.004,0.33,0.002928,1,0.000477,1,0.00017,1,0.001549,0.74,0.003055,0.5,0.003106,0.1,,0,0.004,0.05,0.003923,0.74,-0.00057,1,-0.000596,1,0.000885,1,0.00303,0.06,0.001779,0.34,0.000221,0.02,,0,0.00086,0.85
2023-03-05,0.000528,1,0.001294,1,0.000962,0.5,,0,,0,,0,0.004,0.67,0.001421,1,0.000017,1,-0.000009,1,0.002647,0.79,0.002647,0.5,0.003872,0.1,,0,0.003362,0.11,0.003132,0.74,-0.000443,1,-0.000443,1,0.000349,1,0.003694,0.11,0.001702,0.34,0.001217,0.02,,0,0.001243,0.86
2023-03-12,0.000298,1,0.002034,1,0.001523,0.5,,0,,0,,0,0.001191,0.67,0.001804,1,-0.00034,1,-0.000238,1,0.001626,0.79,0.000911,0.5,0.001906,0.1,,0,0.002162,0.05,0.001217,0.74,-0.000494,1,-0.000596,1,-0.000034,1,0.001549,0.1,0.001626,0.34,,0,,0,0.000553,0.88
2023-03-20,0.000502,1,0.002621,1,0.001549,0.5,,0,,0,,0,0.003847,0.33,0.002264,1,-0.000187,1,-0.000494,1,0.000757,0.74,0.002928,0.5,0.002034,0.1,,0,0.000298,0.05,0.004,0.68,-0.000621,1,-0.000621,1,-0.000315,1,0.001089,0.06,0.001498,0.34,-0.000877,0.02,,0,0.002213,0.85
2023-03-27,0.000477,1,0.001089,1,0.001881,0.5,,0,,0,,0,0.002315,0.33,0.001523,1,0.000119,1,-0.000111,1,0.001166,0.74,0.00063,0.5,0.001753,0.1,,0,0.004,0.05,0.003234,0.74,-0.000417,1,-0.00057,1,-0.000085,1,0.001013,0.08,0.000655,0.35,-0.000187,0.02,,0,0.001243,0.85
2023-04-03,0.000553,1,0.00183,1,0.001677,0.5,,0,,0,,0,0.00303,0.33,0.002468,1,0.000553,1,-0.000009,1,0.0016,0.74,0.001319,0.5,0.002417,0.1,,0,0.002621,0.05,0.00326,0.68,-0.000417,1,-0.000519,1,0.000655,1,0.002621,0.08,0.001421,0.34,-0.00006,0.02,,0,0.001115,0.85
2023-04-10,-0.000162,1,0.001166,1,-0.000162,0.5,,0,,0,,0,0.001626,0.33,0.001064,1,-0.000264,1,-0.000519,1,0.000706,0.74,0.002264,0.44,-0.000443,0.1,,0,0.003336,0.05,0.001038,0.68,-0.000723,1,-0.000877,1,-0.000417,1,0.000732,0.06,0.00234,0.32,,0,,0,0.001702,0.85
2023-04-17,0.0004,1,0.000885,1,0.000502,0.5,,0,,0,,0,0.00257,0.33,0.00183,1,0.000017,1,-0.000213,1,0.0016,0.74,0.00354,0.44,0.001932,0.1,,0,0.004,0.05,0.003055,0.74,-0.00057,1,-0.000647,1,0.000196,1,0.002213,0.06,0.002826,0.34,0.000936,0.02,,0,0.001038,0.85
2023-04-24,-0.000315,1,0.000451,1,0.000681,0.5,,0,,0,,0,0.001115,0.33,0.000655,1,0.000323,1,-0.000009,1,0.001191,0.79,0.000834,0.44,0.000911,0.1,,0,0.001319,0.05,0.001523,0.68,-0.00057,1,-0.000596,1,0.00017,1,0.000349,0.06,0.003489,0.35,-0.000366,0.02,,0,0.001779,0.85
2023-05-01,0.000374,1,0.002162,1,0.002111,0.5,,0,,0,,0,0.002545,0.33,0.002953,1,0.000017,1,-0.000085,1,0.003464,0.74,0.003898,0.44,0.003081,0.1,,0,0.004,0.05,0.003566,0.68,-0.000596,1,-0.00057,1,0.000323,1,0.002417,0.06,0.002928,0.34,,0,,0,0.000885,0.85
2023-05-08,0.000247,1,0.001447,1,0.00137,0.5,,0,,0,,0,0.000706,0.33,0.000962,1,0.000043,1,-0.000187,1,0.001191,0.74,0.003055,0.44,0.003132,0.1,,0,0.004,0.05,0.002698,0.68,-0.000749,1,-0.000672,1,0.000426,1,0.001983,0.06,0.003745,0.34,0.001574,0.02,,0,0.001243,0.85
2023-05-15,0.000374,1,0.001906,1,0.002162,0.5,,0,,0,,0,0.002979,0.33,0.001983,1,0.000068,1,-0.000136,1,0.001038,0.74,0.004,0.44,0.004,0.1,,0,0.004,0.05,0.004,0.68,-0.000774,1,-0.000698,1,0.000323,1,0.004,0.06,0.002162,0.31,,0,,0,0.001549,0.85
2023-05-22,-0.000187,1,0.0004,1,0.000451,0.5,,0,,0,,0,0.0016,0.33,0.001038,1,-0.000468,1,-0.000366,1,0.000885,0.74,0.001294,0.44,0.001089,0.1,,0,0.002289,0.05,0.002621,0.68,-0.000749,1,-0.000596,1,-0.000238,1,0.001064,0.06,0.003362,0.32,,0,,0,0.000604,0.85
2023-05-29,-0.000672,1,0.000579,1,-0.000009,0.5,,0,,0,,0,0.0016,0.33,0.001447,0.67,-0.000238,1,-0.000672,1,0.0004,0.74,0.002443,0.39,0.001906,0.1,,0,0.002953,0.05,0.004,0.74,-0.0008,1,-0.000621,1,-0.000391,1,0.000604,0.05,0.002264,0.34,,0,,0,0.00086,0.85
2023-06-05,0.000553,1,-0.001081,0.67,,0,,0,,0,,0,0.001089,0.33,0.000426,0.67,-0.00034,1,-0.000621,1,0.000298,0.68,0.001523,0.28,0.003362,0.1,,0,0.002902,0.05,0.001753,0.68,-0.000877,1,-0.0008,1,-0.000009,1,0.002034,0.06,0.001345,0.21,,0,,0,0.000477,0.83
2023-06-12,0.00114,1,0.001166,0.67,0.001013,0.5,,0,,0,,0,-0.000034,0.33,0.00114,1,0.0004,1,0.000145,1,0.00063,0.74,0.004,0.39,0.000885,0.1,,0,0.001319,0.05,0.004,0.68,-0.000417,1,-0.000213,1,0.001115,1,0.001626,0.06,0.001753,0.34,,0,,0,0.002187,0.85
2023-06-19,0.000298,1,0.00063,1,0.000247,0.5,,0,,0,,0,,0,-0.000315,0.67,-0.000289,1,-0.000289,1,0.000885,0.74,0.000834,0.44,0.003209,0.1,,0,0.000272,0.05,0.000655,0.68,-0.000647,1,-0.000366,0.97,-0.000085,1,0.001626,0.08,0.002621,0.34,,0,,0,-0.000238,0.82
2023-06-26,0.000068,1,0.001294,1,0.000426,0.5,,0,,0,,0,0.001115,0.33,0.001243,1,0.0004,1,0.000145,1,0.00137,0.74,0.000987,0.44,0.001472,0.1,,0,0.002647,0.05,0.001779,0.68,-0.000366,1,-0.000238,1,0.000451,1,0.002264,0.06,0.002315,0.34,,0,,0,0.000604,0.85
2023-07-03,-0.000085,1,0.000298,1,-0.000468,0.5,,0,,0,,0,0.001038,0.33,0.000809,1,0.000247,1,0.000426,1,0.000247,0.74,0.002213,0.39,0.001574,0.1,,0,0.00206,0.05,0.00257,0.68,-0.000238,1,-0.000749,0.95,-0.000187,0.99,0.000987,0.05,0.002417,0.31,,0,,0,0.000783,0.85
2023-07-10,0.000196,1,0.000783,1,0.000783,0.5,,0,,0,,0,0.001294,0.33,0.001217,1,-0.000391,1,-0.000366,1,0.000732,0.74,0.002621,0.44,0.003081,0.1,,0,0.002596,0.05,0.001855,0.68,-0.000902,1,-0.000979,0.86,-0.000264,0.9,0.001064,0.06,0.000936,0.29,,0,,0,0.001064,0.83
2023-07-17,-0.000749,1,0.000706,1,0.000272,0.5,,0,,0,,0,0.002468,0.33,0.00183,1,-0.00034,0.85,-0.000698,0.84,-0.000289,0.42,0.003617,0.28,0.004,0.1,,0,0.001932,0.05,0.0028,0.68,-0.000774,1,-0.000877,0.95,-0.000009,0.82,0.001498,0.05,0.001396,0.27,,0,,0,0.001166,0.83
2023-07-24,-0.000289,1,-0.000289,0.67,,0,,0,,0,,0,0.000706,0.33,0.000911,1,-0.000519,1,-0.000545,1,-0.000085,0.63,0.001243,0.44,0.001038,0.1,,0,0.001243,0.05,0.001089,0.68,-0.000545,0.92,-0.000647,1,-0.000391,0.99,0.001243,0.06,0.001906,0.32,,0,,0,0.000426,0.85
2023-07-31,0.000349,1,0.001574,1,0.000834,0.5,,0,,0,,0,-0.00006,0.33,0.000119,1,0.000196,1,-0.000391,0.95,0.001089,0.74,0.00234,0.44,0.000579,0.1,,0,0.000757,0.05,0.002162,0.68,-0.000596,0.98,-0.000545,0.98,0.000502,1,0.003745,0.08,0.003106,0.31,,0,,0,0.001268,0.83
2023-08-07,0.000502,1,0.0028,1,0.001932,0.5,,0,,0,,0,0.000911,0.33,0.001498,1,0.000043,1,0.000094,1,0.004,0.74,0.003413,0.44,0.00257,0.1,,0,0.004,0.05,0.003081,0.74,-0.000519,1,-0.000698,0.98,0.000477,1,0.002826,0.06,0.002545,0.35,-0.000162,0.02,,0,0.000885,0.85
2023-08-14,-0.000953,1,0.000451,1,-0.000443,0.5,,0,,0,,0,-0.000213,0.33,0.000374,1,0.000068,0.95,-0.000238,1,0.000936,0.68,0.000911,0.33,0.004,0.1,,0,0.001396,0.05,0.000272,0.53,-0.000826,0.86,-0.000723,0.89,0.000757,0.99,0.00303,0.06,0.003209,0.26,,0,,0,-0.000085,0.7
2023-08-21,-0.000264,1,0.000655,0.67,,0,,0,,0,,0,0.000936,0.33,0.001574,0.67,0.000298,0.9,-0.00057,0.79,-0.000111,0.42,,0,,0,,0,,0,0.000757,0.68,-0.000698,1,-0.000851,0.95,-0.000928,0.28,,0,-0.000672,0.06,,0,,0,0.001421,0.82
2023-08-28,0.000834,1,0.000426,1,0.000579,0.5,,0,,0,,0,0.002877,0.33,0.001626,1,-0.000289,1,-0.000009,1,0.001549,0.74,0.001677,0.33,-0.001413,0.05,,0,0.001932,0.05,0.002979,0.68,-0.000749,1,-0.00057,1,-0.000519,0.84,-0.000698,0.02,-0.000902,0.31,-0.002,0.02,,0,0.001574,0.85
2023-09-04,0.000911,1,0.001447,1,0.001396,0.5,,0,,0,,0,0.00257,0.33,0.001549,1,-0.000009,1,-0.000111,1,0.001651,0.74,0.003668,0.44,0.0016,0.1,,0,0.003974,0.05,0.003336,0.68,-0.000136,1,-0.000187,1,0.000757,1,0.003591,0.06,0.003234,0.32,,0,,0,0.002213,0.85
2023-09-11,0.001243,1,0.002774,1,0.002468,0.5,,0,,0,,0,0.001396,0.33,0.002647,1,0.000502,1,-0.000162,1,0.002034,0.74,0.004,0.44,0.004,0.1,,0,0.00326,0.05,0.003719,0.68,-0.000366,1,-0.000264,1,0.000298,1,0.004,0.06,0.004,0.34,,0,,0,0.001447,0.85
2023-09-18,0.002417,1,0.002136,1,0.00234,0.5,,0,,0,,0,0.000655,0.33,0.003106,1,0.0004,1,0.000911,1,0.00234,0.74,0.002494,0.44,0.002979,0.1,,0,0.001243,0.05,0.004,0.74,-0.000468,1,-0.000391,1,0.0004,0.99,0.002672,0.08,0.004,0.32,0.000272,0.02,,0,0.00114,0.85
2023-09-25,0.000196,1,0.000936,1,0.000502,0.5,,0,,0,,0,0.000553,0.33,0.00114,1,-0.000136,1,-0.000545,1,0.00206,0.74,0.0016,0.44,0.000374,0.1,,0,-0.000545,0.05,0.003694,0.68,-0.000545,1,-0.000902,1,0.000323,0.97,0.004,0.11,0.002289,0.34,-0.000953,0.02,,0,0.000477,0.85
2023-10-02,0.000068,1,0.001523,1,0.000323,0.5,,0,,0,,0,0.000451,0.33,0.001779,1,-0.000698,1,-0.000826,1,0.000962,0.68,0.001549,0.44,0.001268,0.1,,0,0.002443,0.05,0.000502,0.74,-0.000826,1,-0.000953,1,-0.00034,1,0.000962,0.06,0.00137,0.32,,0,,0,0.000706,0.85
2023-10-09,0.00234,1,0.003106,1,0.003362,0.5,,0,,0,,0,0.004,0.33,0.004,1,0.001294,1,0.000502,1,0.003438,0.74,0.004,0.44,0.004,0.1,,0,0.002672,0.05,0.004,0.68,-0.000468,1,-0.000519,1,0.001472,1,0.004,0.06,0.004,0.34,,0,,0,0.002851,0.85
2023-10-16,0.000579,1,0.000936,1,0.000987,0.5,,0,,0,,0,0.003438,0.67,0.001549,1,-0.000136,1,-0.000187,1,0.001038,0.74,0.002647,0.44,0.002877,0.1,,0,0.002928,0.05,0.001779,0.74,-0.00057,1,0.000068,1,0.000323,1,0.001396,0.08,0.003285,0.34,0.001064,0.02,,0,0.00086,0.85
2023-10-23,-0.000289,1,0.000655,1,0.000502,0.5,,0,,0,,0,0.002979,0.33,0.002366,1,-0.000238,1,-0.000162,1,0.0004,0.74,0.002953,0.44,0.004,0.1,,0,0.004,0.05,0.002596,0.68,-0.000774,1,-0.000672,1,0.000017,1,0.002672,0.06,0.001472,0.34,,0,,0,0.000681,0.85
2023-10-30,-0.000443,1,-0.000162,1,-0.000289,0.5,,0,,0,,0,-0.000085,0.33,-0.000238,1,-0.000698,1,-0.000391,1,0.000043,0.74,0.001038,0.44,-0.001157,0.1,,0,-0.001821,0.05,-0.00006,0.68,-0.000979,1,-0.001132,0.94,-0.000468,0.93,0.000732,0.06,0.001472,0.31,,0,,0,0.000017,0.85
2023-11-06,0.000145,1,0.001294,1,0.000987,0.5,,0,,0,,0,0.002289,0.33,0.0016,1,-0.000162,1,0.000119,1,0.001013,0.79,0.004,0.5,0.002085,0.1,,0,0.004,0.05,0.002774,0.68,-0.00057,1,-0.000647,1,-0.000009,1,0.001013,0.06,0.002877,0.32,0.000068,0.02,,0,0.00114,0.85
2023-11-13,-0.000826,1,-0.000519,1,-0.000391,0.5,,0,,0,,0,-0.000391,0.33,-0.000417,1,-0.000979,0.75,-0.000928,0.68,0.001217,0.63,0.000936,0.44,-0.000672,0.1,,0,-0.000162,0.05,-0.000391,0.63,-0.001081,0.83,-0.001081,0.94,-0.000519,0.94,0.000809,0.08,0.000247,0.35,-0.000749,0.02,,0,-0.000443,0.8
2023-11-20,-0.000519,1,-0.000187,1,-0.000443,0.5,,0,,0,,0,0.001574,0.33,0.000655,1,-0.000264,0.9,-0.000238,0.84,0.002545,0.74,0.001396,0.44,0.00086,0.1,,0,0.001523,0.05,0.000732,0.74,-0.000749,0.98,-0.000749,0.86,0.00017,1,0.00206,0.06,0.002443,0.34,-0.000417,0.02,,0,0.002366,0.85
2023-11-27,-0.000264,1,0.000298,1,0.000043,0.5,,0,,0,,0,0.000145,0.33,-0.000315,1,-0.000494,1,-0.000596,1,0.000732,0.74,0.000068,0.5,0.000196,0.1,,0,0.000885,0.05,0.00086,0.68,-0.000749,0.97,-0.000902,1,-0.000136,1,0.002162,0.06,0.001932,0.34,-0.001285,0.02,,0,0.000374,0.82
2023-12-04,0.000196,1,0.001651,1,0.001243,0.5,,0,,0,,0,0.0016,0.33,0.001268,1,-0.000289,1,-0.000468,1,0.000655,0.79,0.001294,0.5,0.001677,0.1,,0,0.001702,0.05,0.001574,0.79,-0.000723,1,-0.000749,1,-0.00034,1,0.00206,0.08,0.001217,0.34,-0.001004,0.02,,0,0.001396,0.85
2023-12-11,0.000783,1,0.000911,1,0.001038,0.5,,0,,0,,0,0.0028,0.33,0.002111,1,0.000272,1,-0.000417,1,0.000706,0.74,0.001906,0.44,0.002315,0.1,,0,0.00303,0.05,0.003132,0.74,-0.000621,1,-0.000953,1,-0.000672,1,-0.000111,0.06,0.002877,0.34,0.000604,0.02,,0,0.001626,0.85
2023-12-18,-0.000979,1,-0.000289,1,-0.000443,0.5,,0,,0,,0,0.000247,0.33,-0.000596,1,-0.001132,0.8,-0.000902,0.89,-0.000851,0.63,-0.000494,0.44,-0.000034,0.1,,0,0.001549,0.05,0.000809,0.68,-0.001132,0.71,-0.000979,0.49,-0.001055,0.75,-0.001234,0.05,0.001294,0.34,,0,,0,0.000374,0.73
2023-12-25,-0.000494,1,0.000247,1,0.000298,0.5,,0,,0,,0,-0.000111,0.33,0.000119,1,-0.000545,1,-0.000494,1,0.000196,0.74,-0.000391,0.44,-0.000494,0.1,,0,-0.002,0.05,-0.000187,0.63,-0.000621,1,-0.000672,1,-0.000545,1,0.00063,0.06,0.0016,0.27,,0,,0,0.000094,0.83
2024-01-01,0.000068,1,0.001447,1,0.001089,0.5,,0,,0,,0,0.001013,0.67,0.000783,1,0.000528,1,-0.000391,1,0.000681,0.74,0.001881,0.5,0.001421,0.1,,0,0.00183,0.05,0.00303,0.74,-0.000698,1,-0.00057,1,0.000298,1,0.00354,0.08,0.002289,0.35,,0,,0,0.000451,0.85
2024-01-09,-0.000009,1,0.000783,1,0.000783,0.5,,0,,0,,0,0.002494,0.33,0.001983,1,-0.000111,1,-0.000494,1,0.001498,0.74,0.002596,0.5,0.002289,0.1,,0,0.001115,0.05,0.002111,0.68,-0.000723,1,-0.000826,0.98,-0.000162,1,0.001089,0.08,0.00257,0.35,-0.00034,0.02,,0,0.000834,0.86
2024-01-16,-0.000213,1,-0.000085,1,-0.000136,0.5,,0,,0,,0,0.000119,0.33,-0.000085,1,-0.000545,1,-0.000647,1,0.000272,0.74,0.001779,0.5,0.00086,0.1,,0,0.001243,0.05,0.001728,0.68,-0.000672,1,-0.000672,1,-0.000238,1,0.001804,0.06,0.0028,0.34,-0.001796,0.02,,0,0.000323,0.85
2024-01-23,-0.000366,1,0.000374,1,-0.000162,0.5,,0,,0,,0,0.001651,0.33,0.000885,1,-0.000519,1,-0.000468,1,0.000502,0.74,0.000987,0.44,0.000962,0.1,,0,0.000145,0.05,0.001549,0.68,-0.00057,1,-0.000621,1,-0.000289,1,0.001421,0.08,0.001574,0.35,-0.001311,0.02,,0,0.001013,0.85
2024-01-30,0.001191,1,0.002289,1,0.002009,0.5,,0,,0,,0,0.003106,0.33,0.003157,1,0.000604,1,0.000604,1,0.002213,0.68,0.003055,0.44,0.003643,0.1,,0,0.003745,0.05,0.003362,0.68,-0.000596,1,-0.000519,1,0.000783,1,0.003719,0.06,0.001983,0.34,,0,,0,0.001268,0.85
2024-02-06,-0.000621,1,-0.00034,1,-0.000315,0.5,,0,,0,,0,0.00063,0.33,-0.000136,1,-0.000826,1,-0.000902,1,-0.000187,0.74,0.000119,0.39,0.000681,0.1,,0,0.001396,0.05,0.001447,0.74,-0.000979,0.94,-0.000902,1,-0.000928,1,-0.000621,0.06,0.000426,0.32,,0,,0,-0.000289,0.85
2024-02-13,0.001115,1,0.002034,1,0.001677,0.5,,0,,0,,0,0.003438,0.33,0.002545,1,0.000247,1,0.000068,1,0.001855,0.74,0.002085,0.44,0.003055,0.1,,0,0.004,0.05,0.002417,0.74,-0.000596,1,-0.000494,1,0.000553,1,0.002723,0.08,0.001677,0.34,,0,,0,0.000298,0.85
2024-02-20,0.00017,1,0.00257,1,0.000987,0.5,,0,,0,,0,0.002545,0.33,0.001957,1,-0.000111,1,-0.000238,1,0.001651,0.74,0.002596,0.44,0.002851,0.1,,0,0.003157,0.05,0.002443,0.74,-0.000494,1,-0.000545,1,0.000502,1,0.001906,0.08,0.002162,0.34,0.000477,0.02,,0,0.001217,0.85
2024-02-27,0.000272,1,0.002443,1,0.001523,0.5,,0,,0,,0,0.002289,0.33,0.002315,1,0.000221,1,-0.000111,1,0.002417,0.74,0.002289,0.5,0.003285,0.1,,0,0.003387,0.05,0.002545,0.74,-0.000417,1,-0.000443,1,0.000247,1,0.00183,0.06,0.001906,0.34,0.000757,0.02,,0,0.000655,0.85
2024-03-05,0.000757,1,0.001268,1,0.001728,0.5,,0,,0,,0,0.00303,0.33,0.002647,1,-0.000468,1,-0.000723,1,0.000681,0.74,0.002187,0.44,0.000706,0.1,,0,0.004,0.05,0.001983,0.68,-0.000928,0.98,-0.000902,1,0.000196,1,0.002621,0.06,0.000553,0.31,,0,,0,0.001881,0.85
2024-03-12,0.000553,1,0.001574,1,0.000911,0.5,,0,,0,,0,0.002494,0.33,0.00234,1,-0.00006,1,-0.000289,1,0.001728,0.74,0.003106,0.44,0.003157,0.1,,0,0.004,0.05,0.002877,0.68,-0.000698,1,-0.000749,1,0.000221,1,0.00234,0.06,0.001421,0.34,0.001983,0.02,,0,0.001038,0.85
2024-03-19,0.000145,1,0.000732,1,0.000936,0.5,,0,,0,,0,0.001064,0.33,0.000911,1,-0.000366,1,-0.000238,1,0.00114,0.74,0.001089,0.44,0.001779,0.1,,0,0.002417,0.05,0.00183,0.68,-0.000672,1,-0.000723,1,0.000119,1,0.001677,0.1,0.000885,0.31,,0,,0,0.000477,0.85
2024-03-26,-0.000519,1,-0.000519,1,-0.000289,0.5,,0,,0,,0,0.000094,0.33,0.000221,1,-0.000545,1,-0.000621,1,-0.000289,0.74,0.001115,0.44,,0,,0,0.000834,0.05,0.000451,0.68,-0.000698,1,-0.000698,1,-0.000698,1,0.000272,0.06,0.00017,0.32,,0,,0,-0.00006,0.85
2024-04-02,0.001064,1,0.002034,1,0.001294,0.5,,0,,0,,0,0.003132,0.33,0.002545,1,0.000809,1,0.000247,1,0.002749,0.74,0.003209,0.44,0.004,0.1,,0,0.004,0.05,0.004,0.68,-0.000213,1,-0.000289,1,0.001013,1,0.00326,0.06,0.002187,0.35,0.000706,0.02,,0,0.002009,0.85
2024-04-09,-0.000417,1,0.000119,1,0.000094,0.5,,0,,0,,0,0.000783,0.33,0.000374,1,-0.000519,1,-0.000672,1,0.000477,0.74,0.002085,0.44,0.001753,0.1,,0,0.002928,0.05,0.001498,0.68,-0.000672,1,-0.000672,1,-0.000494,1,0.000145,0.06,0.001753,0.34,,0,,0,-0.000136,0.85
2024-04-16,-0.0008,1,-0.000545,1,-0.000494,0.5,,0,,0,,0,,0,-0.000519,0.67,-0.000826,1,-0.000902,0.84,-0.000596,0.58,-0.000187,0.33,0.000298,0.1,,0,,0,0.000374,0.63,-0.001004,0.84,-0.00103,0.86,-0.000953,0.64,-0.000979,0.06,0.000247,0.31,,0,,0,0.000119,0.79
2024-04-23,-0.000085,1,0.001013,1,0.001345,0.5,,0,,0,,0,0.001447,0.33,0.001472,1,-0.000468,1,-0.000468,1,0.001779,0.74,0.003566,0.44,0.001881,0.1,,0,0.003515,0.05,0.001881,0.68,-0.000723,1,-0.000774,1,-0.00006,1,0.001855,0.06,0.002494,0.34,0.000043,0.02,,0,0.000911,0.85
2024-04-30,-0.000443,1,0.000145,1,0.000349,0.5,,0,,0,,0,-0.000826,0.33,-0.000366,1,-0.000621,0.7,-0.000009,0.47,0.000221,0.26,0.000145,0.17,-0.000187,0.1,,0,-0.000672,0.05,-0.00006,0.42,-0.000877,0.71,-0.000902,0.35,-0.000723,0.42,-0.000366,0.02,-0.000596,0.19,,0,,0,-0.0008,0.5
2024-05-07,-0.000494,1,0.000732,1,0.000349,0.5,,0,,0,,0,-0.000494,0.33,0.000043,0.67,-0.000698,0.95,-0.000468,0.95,0.000451,0.42,0.000119,0.17,-0.002,0.05,,0,0.000502,0.05,0.000298,0.63,-0.000366,0.57,-0.001055,0.6,0.000119,0.84,0.000221,0.05,0.002111,0.35,0.001753,0.02,,0,-0.000519,0.68
2024-05-14,0.000374,1,0.000043,1,0.003183,0.5,,0,,0,,0,0.003821,0.33,0.002519,1,0.000043,1,0.000783,1,0.002238,0.74,0.00303,0.28,,0,,0,-0.000264,0.05,0.001983,0.68,-0.000468,1,-0.000621,1,0.001217,1,0.004,0.06,0.002468,0.32,,0,,0,0.001957,0.83
2024-05-21,0.001574,1,0.002085,1,0.001983,0.5,,0,,0,,0,0.004,0.33,0.00377,1,0.000706,1,0.000477,1,0.00326,0.74,0.002366,0.5,0.002136,0.1,,0,0.004,0.05,0.004,0.68,-0.000672,1,-0.000698,1,0.0004,1,0.003515,0.08,0.003566,0.35,0.000477,0.02,,0,0.003387,0.85
2024-05-28,-0.000238,1,-0.000391,1,,0,,0,,0,,0,,0,-0.000085,1,-0.000545,0.9,-0.000826,0.79,-0.000213,0.47,,0,,0,,0,,0,0.000809,0.58,-0.000672,0.98,-0.0008,0.8,-0.000494,0.4,,0,,0,,0,,0,0.001396,0.85
2024-06-04,-0.00103,1,-0.000749,1,-0.001132,0.5,,0,,0,,0,-0.000443,0.33,0.000221,0.67,-0.000187,0.6,-0.000647,0.53,-0.000723,0.68,-0.002,0.11,-0.002,0.1,,0,0.00017,0.05,0.000962,0.58,-0.000928,0.19,-0.00154,0.28,-0.00103,0.67,0.000349,0.06,-0.000672,0.06,,0,,0,0.0004,0.61
2024-06-11,-0.000468,1,0.000681,1,0.000323,0.5,,0,,0,,0,0.004,0.67,0.001038,1,-0.000545,1,-0.000085,1,0.000604,0.74,0.000936,0.39,-0.000723,0.1,,0,0.002085,0.05,0.00137,0.68,-0.000596,1,-0.000519,1,0.000579,1,0.001855,0.06,0.003974,0.29,-0.002,0.02,,0,0.001013,0.83
2024-06-18,0.002264,1,0.003898,1,0.002468,0.5,,0,,0,,0,0.004,0.33,0.003949,1,0.00063,1,0.000477,1,0.002723,0.74,0.004,0.44,0.003055,0.1,,0,0.004,0.05,0.003081,0.68,0.000196,1,-0.000136,0.97,0.001421,1,0.002391,0.06,0.004,0.31,0.001779,0.02,,0,0.003234,0.85
2024-06-25,-0.000672,1,-0.001132,0.33,,0,,0,,0,,0,0.00114,0.33,-0.000366,0.67,-0.000417,1,-0.000417,1,0.000553,0.63,0.001498,0.22,,0,,0,0.00257,0.05,0.000655,0.63,-0.000468,0.97,-0.0008,0.89,-0.000723,0.84,0.000681,0.03,0.0016,0.26,,0,,0,0.000221,0.8
2024-07-06,,0,,0,-0.001438,0.5,,0,,0,,0,,0,,0,0.000502,0.3,-0.002,0.05,,0,,0,,0,,0,-0.000264,0.05,0.002264,0.26,-0.000877,0.37,-0.001336,0.34,-0.000391,0.18,,0,-0.000723,0.06,,0,,0,0.001447,0.77
2024-07-13,0.000426,1,0.000732,1,-0.000545,0.5,,0,,0,,0,-0.00006,0.33,0.000451,0.67,-0.000315,0.75,-0.000877,0.58,-0.00006,0.21,0.000528,0.17,,0,,0,0.000579,0.05,0.002009,0.58,-0.001106,0.73,-0.000953,0.75,-0.000264,0.75,0.000196,0.05,0.000987,0.31,,0,,0,0.001268,0.71
2024-07-20,-0.000213,1,0.001472,1,0.000196,0.5,,0,,0,,0,0.000706,0.33,0.000655,0.67,-0.000366,1,-0.0008,1,-0.000111,0.74,0.001268,0.33,0.000834,0.05,,0,,0,0.001038,0.63,-0.001132,0.86,-0.001106,0.85,-0.000417,0.84,0.000809,0.06,0.000196,0.26,,0,,0,0.00086,0.82
2024-07-27,0.000119,1,0.000502,1,0.000119,0.5,,0,,0,,0,0.002545,0.33,0.001294,1,-0.0008,1,-0.000723,0.74,0.000247,0.37,0.002315,0.44,0.001421,0.1,,0,0.000426,0.05,0.001932,0.68,-0.000826,0.84,-0.001004,0.62,-0.000264,0.7,0.001651,0.06,0.001523,0.34,,0,,0,0.000962,0.82
2024-08-03,-0.000698,1,0.001932,1,0.000936,0.5,,0,,0,,0,0.001166,0.33,0.000809,1,-0.00034,1,-0.000621,0.95,0.000732,0.74,0.000885,0.44,0.001523,0.1,,0,0.002647,0.05,0.001268,0.68,-0.001081,0.79,-0.001106,0.65,-0.000162,0.82,0.000809,0.06,0.002596,0.32,0.001243,0.02,,0,0.000706,0.83
2024-08-10,0.000783,1,0.00234,1,0.001702,0.5,,0,,0,,0,0.002672,0.33,0.002468,1,0.000043,1,-0.000366,1,0.00206,0.68,0.002953,0.44,0.003106,0.1,,0,0.004,0.05,0.001574,0.68,-0.000723,0.84,-0.000596,0.98,0.000783,0.96,0.003234,0.06,0.002085,0.32,,0,,0,0.001319,0.82
2024-08-17,0.000272,1,0.000987,1,0.002315,0.5,,0,,0,,0,0.00257,0.33,0.001574,1,-0.000264,1,-0.000264,1,0.002596,0.74,0.003949,0.44,0.003847,0.1,,0,0.000936,0.05,0.001243,0.68,-0.000723,1,-0.0008,1,-0.000519,0.97,0.001268,0.05,0.001651,0.34,,0,,0,0.000681,0.85
2024-08-24,-0.000034,1,0.001268,1,0.000757,0.5,,0,,0,,0,0.001345,0.33,0.00137,1,-0.000085,1,-0.000417,1,0.004,0.74,0.002162,0.5,0.003311,0.1,,0,0.004,0.05,0.004,0.74,-0.000851,0.95,-0.000851,0.97,-0.000264,1,0.002111,0.06,0.003362,0.35,0.003566,0.02,,0,0.001345,0.85
2024-08-31,-0.000417,1,0.000783,1,0.000528,0.5,,0,,0,,0,0.000655,0.33,0.000502,1,-0.000647,1,-0.000621,1,0.000579,0.74,0.002111,0.5,0.004,0.1,,0,0.001855,0.05,0.001626,0.74,-0.000672,1,-0.000723,0.98,-0.000238,1,0.001779,0.06,0.001447,0.34,0.000451,0.02,,0,0.000604,0.85
2024-09-07,0.000655,1,0.001651,1,0.00183,0.5,,0,,0,,0,0.002519,0.33,0.001191,1,-0.000162,1,-0.000391,1,0.002366,0.68,0.002264,0.44,0.001089,0.1,,0,0.003004,0.05,0.002187,0.74,-0.000698,0.92,-0.000749,0.92,-0.000264,0.94,0.002698,0.06,0.001243,0.34,0.000068,0.02,,0,0.000757,0.85
2024-09-14,0.000196,1,0.001702,1,0.000911,0.5,,0,,0,,0,0.002519,0.33,0.002647,1,-0.00006,1,-0.000111,1,0.004,0.79,0.003694,0.5,0.002162,0.1,,0,0.004,0.11,0.003796,0.74,-0.000698,1,-0.000698,1,0.000553,1,0.002545,0.08,0.002698,0.35,-0.000213,0.02,,0,0.001626,0.86
2024-09-21,0.000911,1,0.002315,1,0.002162,0.5,,0,,0,,0,0.004,0.33,0.004,1,0.000604,1,0.000094,1,0.004,0.79,0.003949,0.5,0.002238,0.1,,0,0.004,0.11,0.004,0.74,-0.000519,1,-0.00057,1,0.001038,1,0.004,0.1,0.002698,0.35,0.00377,0.02,,0,0.002596,0.85
2024-09-28,0.0016,1,0.002136,1,0.001421,0.5,,0,,0,,0,0.004,0.67,0.003081,1,0.000732,1,-0.000162,1,0.003694,0.79,0.003183,0.5,0.004,0.1,,0,0.004,0.05,0.004,0.74,-0.000826,1,-0.000877,1,-0.000289,1,0.001268,0.06,0.00354,0.35,0.004,0.02,,0,0.001574,0.86
2024-10-05,0.00063,1,0.001447,1,0.00137,0.5,,0,,0,,0,0.004,0.33,0.002443,1,-0.00057,1,-0.000366,1,0.001013,0.74,0.00326,0.5,0.003464,0.1,,0,0.003106,0.11,0.004,0.74,-0.000672,1,-0.000672,1,0.000374,1,0.004,0.1,0.003106,0.34,0.002621,0.02,,0,0.003209,0.85
2024-10-12,0.000706,1,0.000706,1,0.000528,0.5,,0,,0,,0,0.003311,0.33,0.001728,1,-0.000111,1,-0.000545,1,0.002621,0.79,0.002672,0.5,0.001881,0.1,,0,0.002621,0.05,0.003617,0.74,-0.000698,1,-0.000877,1,-0.000443,1,0.001217,0.08,0.002213,0.35,0.00234,0.02,,0,0.000196,0.85
2024-10-19,0.000477,1,0.00086,1,0.000196,0.5,,0,,0,,0,0.003821,0.67,0.001983,1,0.000043,1,-0.000111,1,0.001574,0.79,0.002826,0.5,0.003004,0.1,,0,0.004,0.05,0.003668,0.74,-0.00057,1,-0.000928,1,0.000426,1,0.004,0.11,0.002979,0.34,0.004,0.02,,0,0.000809,0.85
2024-10-26,-0.000647,1,0.000374,1,0.000323,0.5,,0,,0,,0,0.002264,0.33,0.00137,1,-0.000723,1,-0.000877,1,0.000885,0.74,0.000962,0.5,-0.000289,0.1,,0,0.001472,0.05,0.00234,0.79,-0.000979,1,-0.001004,1,0.000094,1,0.004,0.08,0.002902,0.34,0.000809,0.02,,0,-0.000366,0.85
2024-11-02,-0.001515,1,,0,,0,,0,,0,,0,,0,,0,-0.001157,0.1,-0.001311,0.11,-0.000826,0.26,0.000681,0.28,-0.000519,0.1,,0,,0,0.001983,0.53,-0.001081,0.06,-0.001413,0.18,-0.000979,0.54,-0.002,0.02,0.002366,0.32,,0,,0,0.000043,0.38
2024-11-09,-0.000034,1,0.00017,1,0.000221,0.5,,0,,0,,0,0.000374,0.33,0.001038,1,-0.000391,1,-0.000698,1,0.000374,0.74,0.000987,0.5,0.001396,0.1,,0,-0.002,0.05,0.000374,0.74,-0.000826,0.98,-0.000826,0.97,-0.000443,0.96,0.000349,0.06,0.002187,0.32,0.004,0.02,,0,-0.00057,0.85
2024-11-16,-0.00057,1,0.000119,1,-0.000391,0.5,,0,,0,,0,0.001115,0.33,0.0004,1,-0.0008,1,-0.000774,0.95,0.000043,0.74,0.001498,0.5,-0.00177,0.1,,0,-0.000315,0.05,-0.000979,0.68,-0.000851,1,-0.000902,1,-0.000621,1,0.000119,0.06,0.001396,0.34,-0.000672,0.02,,0,-0.000774,0.82
2024-11-23,0.000681,1,0.000809,1,0.000706,0.5,,0,,0,,0,0.002264,0.33,0.001932,1,0.000451,1,-0.000034,1,0.004,0.79,0.003489,0.5,0.00257,0.1,,0,0.004,0.11,0.002468,0.74,-0.000417,1,-0.000468,1,-0.00006,1,0.000681,0.1,0.004,0.34,0.004,0.02,,0,0.001855,0.86
2024-11-30,-0.000928,1,-0.000417,1,-0.000953,0.5,,0,,0,,0,0.002111,0.33,0.001677,1,-0.000774,1,-0.000698,1,-0.000672,0.74,0.001421,0.5,0.001217,0.1,,0,0.001268,0.11,-0.00034,0.74,-0.000826,1,-0.000902,0.97,-0.000672,1,0.00086,0.08,0.001626,0.34,,0,,0,-0.000749,0.85
2024-12-07,-0.000366,1,0.000068,1,-0.000443,0.5,,0,,0,,0,0.001243,0.67,0.00063,1,-0.00034,1,-0.000672,1,0.002213,0.74,0.003209,0.5,0.002391,0.1,,0,0.003668,0.11,0.003566,0.74,-0.000902,1,-0.000902,1,-0.000111,1,0.001651,0.11,0.002187,0.35,0.004,0.02,,0,0.002902,0.85
2024-12-14,-0.00103,1,-0.00103,1,-0.001234,0.5,,0,,0,,0,-0.0008,0.67,-0.000672,1,-0.000928,1,-0.000902,1,0.000196,0.79,-0.000187,0.5,-0.000238,0.1,,0,-0.001055,0.05,-0.000315,0.74,-0.000723,0.98,-0.001004,1,-0.000417,0.99,0.000604,0.06,0.001906,0.35,-0.000315,0.02,,0,-0.000774,0.85
2024-12-21,-0.000774,1,-0.0008,1,-0.001668,0.5,,0,,0,,0,-0.001489,0.33,-0.000289,1,-0.000698,1,-0.000826,1,0.0004,0.79,0.000119,0.5,0.000962,0.1,,0,-0.001847,0.05,0.001013,0.74,-0.000774,1,-0.000851,1,-0.000596,1,-0.000162,0.06,0.002723,0.34,-0.000034,0.02,,0,-0.000289,0.85
2024-12-28,,0,-0.001157,0.67,,0,,0,,0,,0,,0,-0.000723,0.33,-0.001311,0.8,-0.000877,0.79,-0.00057,0.68,-0.000289,0.5,-0.002,0.1,,0,-0.002,0.05,-0.001234,0.16,-0.001081,0.41,-0.001055,0.54,-0.000672,1,0.000706,0.06,0.001472,0.34,-0.001413,0.02,,0,-0.00126,0.42
2025-01-01,-0.000366,1,0.000962,1,0.001268,0.5,,0,,0,,0,-0.000826,0.33,0.001728,1,-0.000902,0.95,-0.000366,1,0.000426,0.74,0.000911,0.5,-0.001643,0.1,,0,0.002877,0.05,-0.000519,0.37,-0.000774,0.9,-0.000723,1,0.000094,1,0.001651,0.06,0.002723,0.34,-0.001413,0.02,,0,-0.000085,0.8
2025-01-08,-0.000698,1,-0.000366,1,-0.000494,0.5,,0,,0,,0,-0.00006,0.67,-0.000443,1,-0.000519,1,-0.000647,1,0.000655,0.79,-0.000187,0.5,-0.001821,0.1,,0,-0.001336,0.11,0.000757,0.74,-0.000774,1,-0.0008,1,-0.00034,1,0.001677,0.1,0.003923,0.34,0.004,0.02,,0,0.000017,0.88
2025-01-15,0.000068,1,0.000374,1,-0.000238,0.5,,0,,0,,0,0.002468,0.33,0.000757,1,-0.000545,1,-0.000468,1,0.000323,0.79,0.0016,0.5,0.002366,0.1,,0,0.002928,0.11,0.002187,0.74,-0.000596,1,-0.000621,1,-0.000391,1,0.002264,0.06,0.002749,0.35,0.002162,0.02,,0,0.000885,0.85
2025-01-22,-0.000443,1,-0.000111,1,0.00017,0.5,,0,,0,,0,0.000987,0.33,0.000272,1,-0.000647,1,-0.000672,1,-0.000315,0.79,0.00234,0.5,-0.001081,0.1,,0,0.000119,0.05,0.000272,0.74,-0.000774,0.98,-0.000774,0.94,-0.000238,0.99,0.001013,0.06,0.002289,0.35,0.001421,0.02,,0,-0.000085,0.85
2025-01-29,-0.000136,1,0.000196,1,-0.000111,0.5,,0,,0,,0,-0.000315,0.33,0.000426,1,-0.000187,1,-0.000366,1,0.001957,0.79,0.002774,0.5,0.003106,0.1,,0,-0.000289,0.05,0.001319,0.74,-0.000877,1,-0.0008,1,0.00017,0.99,0.004,0.1,0.002238,0.35,-0.000953,0.02,,0,-0.000443,0.85
2025-02-05,0.00063,1,0.001294,1,0.001268,0.5,,0,,0,,0,0.002621,0.67,0.001779,1,0.000221,1,-0.000366,1,0.001089,0.74,0.002468,0.5,0.002009,0.1,,0,0.004,0.05,0.003285,0.74,-0.000672,1,-0.000468,1,-0.000111,1,0.001396,0.06,0.000757,0.34,0.000451,0.02,,0,0.000528,0.85
2025-02-12,-0.000391,1,0.000604,1,0.000451,0.5,,0,,0,,0,0.000987,0.67,0.000528,1,-0.000443,1,-0.000494,1,0.00017,0.79,0.001089,0.5,0.000451,0.1,,0,0.000502,0.05,0.000911,0.74,-0.000621,1,-0.000621,1,-0.000468,1,0.00063,0.06,0.001677,0.35,-0.000366,0.02,,0,-0.000136,0.85
2025-02-19,-0.000009,1,0.001013,1,0.000911,0.5,,0,,0,,0,0.002187,0.67,0.001498,1,-0.000468,1,-0.000391,1,0.000426,0.79,0.002366,0.5,-0.000213,0.1,,0,0.003566,0.05,0.001421,0.74,-0.000519,1,-0.00057,1,0.00017,1,0.001677,0.06,0.001217,0.34,-0.001362,0.02,,0,0.002034,0.85
2025-02-26,-0.000264,1,0.00183,1,0.000681,0.5,,0,,0,,0,0.001855,0.33,0.002085,1,-0.000366,1,-0.000391,1,0.000579,0.79,0.002213,0.5,0.004,0.1,,0,0.002621,0.05,0.00137,0.74,-0.000647,1,-0.000596,1,-0.00034,1,0.001881,0.08,0.001702,0.34,-0.000519,0.02,,0,0.002187,0.85
2025-03-05,0.000936,1,0.002443,1,0.001651,0.5,,0,,0,,0,0.004,0.67,0.002698,1,0.000528,1,0.000094,1,0.003745,0.79,0.004,0.5,0.004,0.1,,0,0.004,0.11,0.00377,0.74,-0.000494,1,-0.000545,1,0.000732,1,0.004,0.1,0.002468,0.35,0.00377,0.02,,0,0.001472,0.85
2025-03-12,0.000272,1,0.000962,1,0.002111,0.5,,0,,0,,0,0.001779,0.67,0.00114,1,-0.000034,1,-0.00034,1,0.001421,0.79,0.004,0.5,0.003515,0.1,,0,0.004,0.11,0.003234,0.74,-0.000468,1,-0.000468,1,0.000604,1,0.004,0.08,0.002136,0.35,0.004,0.02,,0,0.002494,0.85
2025-03-19,0.002034,1,0.002902,1,0.002443,0.5,,0,,0,,0,0.004,0.67,0.003872,1,0.001294,1,0.000911,1,0.003362,0.79,0.004,0.5,0.004,0.1,,0,0.004,0.11,0.004,0.74,-0.000162,1,-0.000085,1,0.001779,1,0.004,0.11,0.002953,0.34,0.004,0.02,,0,0.002749,0.89
2025-03-26,0.00017,1,0.000834,1,0.000579,0.5,,0,,0,,0,0.002877,0.33,0.001191,1,-0.00006,1,-0.000315,1,0.000732,0.74,0.003694,0.5,0.002111,0.1,,0,0.00234,0.05,0.002621,0.74,-0.000468,1,-0.000519,1,0.000094,1,0.003566,0.08,0.002136,0.34,0.004,0.02,,0,0.00063,0.85
2025-04-02,-0.000264,1,-0.000315,1,-0.000009,0.5,,0,,0,,0,0.001677,0.33,0.001115,1,-0.000391,1,-0.000366,1,0.0004,0.79,0.001268,0.5,0.002519,0.1,,0,0.001268,0.05,0.001089,0.74,-0.000723,1,-0.000698,1,-0.000187,1,0.001268,0.08,0.00086,0.34,,0,,0,0.000528,0.85
2025-04-09,0.000247,1,0.00183,1,0.00086,0.5,,0,,0,,0,0.002366,0.33,0.001753,1,-0.000366,1,-0.000315,1,0.000936,0.79,0.002289,0.5,0.003949,0.1,,0,0.002009,0.05,0.0028,0.74,-0.000621,1,-0.000545,0.94,0.000553,0.96,0.003413,0.08,0.00114,0.34,,0,,0,0.000809,0.86
2025-04-16,,0,-0.001132,0.33,,0,,0,,0,,0,,0,,0,-0.002,0.1,-0.001157,0.42,-0.00103,0.58,-0.001157,0.22,-0.00154,0.05,,0,,0,0.000221,0.21,-0.00126,0.92,-0.001055,0.88,-0.000877,0.9,0.000221,0.03,0.000706,0.35,-0.001081,0.02,,0,-0.00126,0.58
2025-04-23,-0.000443,1,0.000732,1,0.00017,0.5,,0,,0,,0,0.000783,0.67,0.000477,1,-0.000545,1,-0.000851,1,0.000043,0.68,0.000145,0.5,-0.000774,0.1,,0,0.000962,0.11,0.000681,0.74,-0.000928,0.97,-0.000851,1,-0.000417,1,0.00206,0.06,0.000145,0.34,,0,,0,-0.000111,0.86
2025-04-30,-0.000672,1,0.000451,1,0.000374,0.5,,0,,0,,0,0.0028,0.67,0.0004,1,-0.000545,1,-0.000443,1,0.003362,0.79,0.001651,0.5,0.004,0.1,,0,0.004,0.11,0.002774,0.74,-0.000902,1,-0.000877,1,-0.000417,1,0.001957,0.1,0.001217,0.34,-0.001362,0.02,,0,0.000145,0.85
2025-05-07,-0.000749,1,-0.000009,1,-0.000111,0.5,,0,,0,,0,-0.000953,0.67,0.000043,1,-0.000621,1,-0.000774,1,-0.000468,0.74,0.00137,0.5,-0.00034,0.1,,0,-0.001336,0.11,0.001906,0.74,-0.000774,1,-0.000749,1,-0.000289,0.93,0.000987,0.06,0.00063,0.35,-0.00034,0.02,,0,-0.000545,0.86
2025-05-14,0.00086,1,0.001957,1,0.002034,0.5,,0,,0,,0,0.003311,0.33,0.002494,1,0.000272,1,0.000068,1,0.001728,0.74,0.004,0.5,0.001983,0.1,,0,0.004,0.11,0.003489,0.74,-0.000698,1,-0.000289,1,0.000579,1,0.004,0.13,0.001549,0.34,0.00063,0.02,,0,0.001421,0.85
2025-05-21,0.000196,1,0.00114,1,0.001447,0.5,,0,,0,,0,0.002749,0.33,0.002289,1,0.00017,1,0.001191,1,0.004,0.79,0.004,0.5,-0.00126,0.1,,0,0.002596,0.11,0.002468,0.74,-0.000187,1,0.000374,1,0.001191,1,0.004,0.11,0.001498,0.35,-0.001617,0.02,,0,0.001677,0.86
2025-05-28,0.000272,1,0.002953,1,0.00257,0.5,,0,,0,,0,0.000272,0.33,0.002162,1,-0.000085,1,-0.000034,1,0.004,0.79,0.004,0.5,0.004,0.1,,0,0.002596,0.11,0.003515,0.74,-0.000315,1,-0.00034,1,0.001191,1,0.00377,0.08,0.002877,0.34,0.002085,0.02,,0,0.002723,0.85
2025-06-04,-0.000749,1,0.000017,1,0.000579,0.5,,0,,0,,0,-0.000417,0.33,-0.000136,1,0.000451,1,-0.000187,1,0.000451,0.74,0.001115,0.5,0.00114,0.1,,0,-0.000647,0.05,0.001549,0.74,-0.000468,1,-0.000647,1,0.000349,1,0.001651,0.06,0.002238,0.34,,0,,0,0.000221,0.82
2025-06-11,0.000298,1,0.002723,1,0.001881,0.5,,0,,0,,0,0.001753,0.33,0.001804,1,0.00063,0.85,-0.000111,0.68,0.002723,0.63,0.004,0.5,0.002315,0.1,,0,0.000757,0.05,0.002238,0.74,-0.0008,0.63,-0.000443,0.57,0.000732,0.75,0.003796,0.06,0.004,0.32,,0,,0,0.001013,0.5
2025-06-18,0.000017,1,0.001472,1,0.000604,0.5,,0,,0,,0,0.002009,0.33,0.001523,1,-0.000187,0.95,0.000477,0.47,0.004,0.32,0.003387,0.5,0.002647,0.1,,0,0.003336,0.05,0.0028,0.68,-0.000034,1,-0.00057,0.69,0.000987,0.49,0.001983,0.05,0.001396,0.31,,0,,0,0.001804,0.85
2025-06-25,,0,0.000783,0.33,-0.00177,0.5,,0,,0,,0,0.001268,0.33,0.001115,0.67,0.001677,0.8,0.000936,0.53,0.000962,0.47,0.004,0.33,0.0004,0.05,,0,0.001932,0.05,0.00206,0.68,-0.000366,0.86,0.000017,0.8,0.000196,0.46,0.004,0.05,0.001651,0.1,,0,,0,0.000579,0.82
2025-07-02,-0.000264,1,0.001217,1,0.000962,0.5,,0,,0,,0,0.000426,0.33,0.001038,1,0.000528,1,-0.000621,0.79,-0.000315,0.32,0.004,0.39,0.001191,0.1,,0,0.001804,0.05,0.001677,0.74,-0.000417,0.92,-0.000723,0.94,-0.000315,0.85,0.002698,0.06,0.002774,0.34,-0.000698,0.02,,0,0.00114,0.77
2025-07-18,,0,,0,,0,,0,,0,,0,,0,,0,,0,,0,,0,,0,,0,,0,,0,,0,,0,-0.001974,0.02,-0.001336,0.18,,0,,0,,0,,0,0.004,0.09
2025-07-25,-0.0008,1,0.001268,1,0.001064,0.5,,0,,0,,0,0.001626,0.33,0.000604,1,-0.000111,1,0.000196,1,0.003847,0.79,0.003821,0.5,0.003745,0.1,,0,0.002979,0.05,0.004,0.74,-0.000213,1,-0.000111,1,0.001319,1,0.003591,0.1,0.002749,0.35,0.004,0.02,,0,0.00183,0.85
2025-08-01,0.001804,1,0.004,1,0.002366,0.5,,0,,0,,0,0.004,0.33,0.001983,1,0.000936,1,0.00206,1,0.004,0.79,0.004,0.5,0.002289,0.1,,0,0.004,0.11,0.004,0.74,0.001115,1,0.000323,1,0.002877,1,0.004,0.11,0.004,0.34,0.0016,0.02,,0,0.001064,0.88
2025-08-08,0.000221,1,0.001549,1,0.00114,0.5,,0,,0,,0,0.003081,0.33,0.001574,1,0.000911,1,0.004,1,0.003821,0.74,0.004,0.5,0.004,0.1,,0,0.003311,0.11,0.003157,0.74,-0.000111,1,-0.000519,0.98,0.001243,1,0.003591,0.1,0.004,0.34,0.001268,0.02,,0,0.001728,0.85
2025-08-15,-0.000034,1,0.001191,1,0.000987,0.5,,0,,0,,0,0.002289,0.33,0.001447,1,0.000962,1,0.002034,1,0.004,0.74,0.004,0.5,0.003847,0.1,,0,0.003413,0.05,0.004,0.74,-0.000213,1,0.000247,1,0.003362,1,0.003847,0.1,0.004,0.34,0.000349,0.02,,0,0.001574,0.86
2025-08-22,0.000349,1,0.001855,1,0.000783,0.5,,0,,0,,0,0.000528,0.33,0.001677,1,0.00017,0.95,0.001294,1,0.001447,0.68,0.000655,0.11,0.002826,0.1,,0,0.004,0.05,0.004,0.63,-0.000443,1,-0.000366,0.91,-0.000443,0.67,0.002723,0.03,0.002213,0.34,0.000017,0.02,,0,0.001421,0.83
2025-08-29,0.003847,1,0.000043,1,0.000221,0.5,,0,,0,,0,0.00086,0.67,0.000323,1,0.001243,1,0.001523,1,0.001498,0.79,0.004,0.5,0.001294,0.1,,0,0.003209,0.05,0.0028,0.74,0.000374,1,0.000783,1,0.000374,1,0.004,0.1,0.004,0.34,0.004,0.02,,0,0.000783,0.85
2025-09-05,-0.000519,1,0.000196,1,0.000553,0.5,,0,,0,,0,0.001702,0.33,0.001038,1,0.001166,1,0.002034,1,0.001166,0.79,0.004,0.5,0.001957,0.1,,0,0.004,0.11,0.003821,0.74,0.000834,1,0.002723,1,0.000655,1,0.003183,0.1,0.004,0.35,0.003209,0.02,,0,0.001191,0.88
2025-09-12,0.000094,1,0.002264,1,0.002264,0.5,,0,,0,,0,0.003183,0.67,0.001906,1,0.000017,1,-0.000315,1,0.001268,0.79,0.004,0.5,0.004,0.1,,0,0.004,0.11,0.004,0.74,0.00017,1,-0.000187,1,0.000094,1,0.001523,0.11,0.004,0.35,0.003872,0.02,,0,0.001804,0.86
2025-09-19,0.000119,1,0.001345,1,0.000911,0.5,,0,,0,,0,0.004,0.67,0.001574,1,-0.00057,1,-0.000213,1,0.00234,0.79,0.003668,0.5,0.002621,0.1,,0,0.003821,0.05,0.002953,0.74,-0.000391,1,-0.000596,1,0.000068,1,0.004,0.1,0.004,0.34,0.000145,0.02,,0,0.000553,0.88
2025-09-26,-0.001004,1,0.001728,1,0.001396,0.5,,0,,0,,0,0.003796,0.67,0.002187,1,-0.000698,1,-0.000877,1,0.001166,0.68,0.002723,0.5,0.003847,0.1,,0,0.004,0.11,0.004,0.74,-0.001081,1,-0.000774,1,-0.000213,0.99,0.004,0.1,0.002851,0.34,0.004,0.02,,0,0.000809,0.86
2025-10-03,0.000604,1,0.001549,1,0.004,0.5,,0,,0,,0,0.004,0.67,0.004,1,-0.000034,1,0.000017,1,0.004,0.79,0.004,0.5,0.004,0.1,,0,0.004,0.11,0.003745,0.74,-0.000749,1,-0.000621,1,0.000094,1,0.001753,0.1,0.004,0.35,0.002647,0.02,,0,0.002238,0.85
2025-10-10,-0.000289,1,0.00063,1,0.001498,0.5,,0,,0,,0,0.001957,0.67,0.001064,1,-0.000366,1,-0.00034,1,0.002187,0.79,0.00377,0.5,0.003311,0.1,,0,0.002928,0.05,0.003745,0.74,0.0004,1,-0.000238,1,0.00114,1,0.004,0.08,0.004,0.35,0.002468,0.02,,0,0.00086,0.86
2025-10-17,0.00137,1,0.004,1,0.003898,0.5,,0,,0,,0,0.001983,0.67,0.000834,1,-0.000009,1,0.000017,1,0.001753,0.79,0.001294,0.5,0.003949,0.1,,0,0.001268,0.05,0.003591,0.74,-0.000902,1,-0.001081,1,-0.000723,1,0.002085,0.08,0.002826,0.34,0.000911,0.02,,0,0.001319,0.85
2025-10-24,-0.000774,1,0.000528,1,-0.000902,0.5,,0,,0,,0,0.001472,0.33,0.001064,1,-0.001004,0.95,-0.000953,1,0.001038,0.74,0.004,0.5,0.002111,0.1,,0,0.001191,0.05,0.002519,0.74,-0.001157,0.97,-0.001157,1,-0.000698,1,0.0004,0.08,0.001957,0.35,,0,,0,-0.000264,0.83
2025-10-31,0.000298,1,0.000809,1,0.000681,0.5,,0,,0,,0,0.001523,0.33,0.001421,1,-0.000443,1,-0.000723,1,0.000834,0.79,0.001294,0.5,0.002366,0.1,,0,0.003234,0.05,0.003004,0.74,-0.001234,1,-0.001081,1,-0.000596,1,0.00234,0.1,0.000681,0.21,,0,,0,-0.000111,0.83
2025-11-07,0.00063,1,0.001498,1,0.001881,0.5,,0,,0,,0,0.003004,0.33,0.002953,1,0.000017,1,-0.000826,1,0.00063,0.79,0.00086,0.5,0.00063,0.1,,0,0.000732,0.11,0.002621,0.74,-0.001055,1,-0.000928,1,-0.000621,1,0.001523,0.1,0.00206,0.35,-0.002,0.02,,0,0.001115,0.85
2025-11-14,-0.000672,1,0.001191,1,0.000962,0.5,,0,,0,,0,0.0028,0.33,0.002213,1,-0.000672,1,-0.000545,1,0.001396,0.79,0.002774,0.5,0.002953,0.1,,0,0.004,0.11,0.003872,0.74,-0.000877,1,-0.0008,1,0.000068,1,0.004,0.11,0.002366,0.35,-0.000928,0.02,,0,0.001013,0.85
2025-11-21,-0.00034,1,0.000043,1,-0.000238,0.5,,0,,0,,0,0.001396,0.67,0.000962,1,-0.000621,1,0.000247,1,0.000987,0.79,0.0028,0.5,0.002545,0.1,,0,0.003081,0.11,0.001038,0.74,-0.000136,1,-0.000826,1,-0.000009,1,0.002851,0.11,0.004,0.35,0.002009,0.02,,0,-0.000162,0.86
2025-11-28,-0.000545,1,0.002187,1,-0.000162,0.5,,0,,0,,0,0.000962,0.67,0.000221,1,-0.000468,1,-0.000723,1,0.001191,0.79,0.001166,0.5,0.001574,0.1,,0,0.00206,0.11,0.0016,0.74,-0.00057,1,-0.000826,1,0.000119,1,0.002723,0.11,0.003004,0.34,,0,,0,0.001804,0.88
2025-12-05,-0.00034,1,0.000017,1,-0.000698,0.5,,0,,0,,0,0.001498,0.67,0.00086,1,-0.000672,1,-0.000723,1,0.00017,0.74,0.003157,0.5,0.004,0.1,,0,0.000936,0.05,0.002545,0.74,-0.001004,1,-0.001055,1,-0.000545,1,0.003745,0.11,0.002723,0.34,0.004,0.02,,0,0.000732,0.86
2025-12-12,-0.00006,1,0.001217,1,0.001115,0.5,,0,,0,,0,0.004,0.67,0.001447,1,-0.000621,1,-0.000545,1,0.004,0.79,0.003387,0.5,0.002468,0.1,,0,0.00303,0.11,0.002417,0.74,-0.000698,1,-0.000953,1,-0.000264,1,0.003106,0.13,0.002468,0.35,0.001396,0.02,,0,0.00086,0.88
2025-12-19,0.002417,1,0.001702,1,-0.000213,0.5,,0,,0,,0,0.004,0.67,0.004,1,0.000221,1,0.000298,1,0.002289,0.79,0.004,0.5,0.004,0.1,,0,0.003745,0.05,0.004,0.74,-0.000953,1,-0.000647,1,-0.000264,1,0.002468,0.13,0.003285,0.35,0.00183,0.02,,0,0.001447,0.86
2025-12-26,-0.000902,1,-0.000596,1,-0.000698,0.5,,0,,0,,0,-0.000136,0.67,-0.000366,1,-0.000953,1,-0.000723,1,0.000323,0.74,0.001064,0.5,0.00114,0.1,,0,-0.000034,0.05,0.000655,0.74,-0.001004,1,-0.001055,0.98,-0.000519,1,0.001115,0.1,0.002136,0.34,0.000426,0.02,,0,0.0004,0.85
2026-01-01,-0.000085,1,0.000553,1,0.000706,0.5,,0,,0,,0,0.001855,0.67,0.001549,1,-0.000596,1,-0.000136,1,0.001013,0.79,0.002136,0.5,0.001013,0.1,,0,0.003004,0.11,0.002749,0.74,-0.000877,1,-0.000774,1,0.000119,1,0.00303,0.11,0.001983,0.34,0.002774,0.02,,0,0.000579,0.85
2026-01-08,-0.000443,1,0.000247,1,0.003106,0.5,,0,,0,,0,0.001447,0.67,0.000528,1,-0.000749,1,-0.000723,1,0.001957,0.79,0.001013,0.5,0.001064,0.1,,0,0.002749,0.11,0.003566,0.74,-0.000826,1,-0.000698,1,-0.000391,1,0.004,0.1,0.001626,0.35,0.000349,0.02,,0,0.000119,0.86
2026-01-15,0.000272,1,0.00063,1,0.000145,0.5,,0,,0,,0,0.002723,0.67,0.002851,1,0.000247,1,-0.000443,1,0.001932,0.79,0.004,0.5,0.004,0.1,,0,0.003643,0.11,0.003132,0.74,-0.000928,1,-0.000953,1,0.000451,1,0.004,0.1,0.002826,0.35,0.003974,0.02,,0,0.001702,0.85
2026-01-22,-0.000621,1,-0.000289,1,-0.000545,0.5,,0,,0,,0,0.001677,0.67,0.000298,1,-0.000698,1,-0.001004,1,-0.000238,0.79,0.002596,0.5,0.001906,0.1,,0,0.001932,0.11,0.004,0.74,-0.001081,1,-0.001055,1,-0.000545,1,0.004,0.13,0.002289,0.35,0.000502,0.02,,0,0.000323,0.85
2026-01-29,0.000426,1,0.001243,1,0.00086,0.5,,0,,0,,0,0.004,0.67,0.001906,1,-0.000391,1,-0.000468,1,0.002851,0.79,0.001957,0.5,0.002443,0.1,,0,0.004,0.11,0.004,0.74,-0.000953,1,-0.000979,1,0.000783,1,0.004,0.13,0.001932,0.35,-0.000366,0.02,,0,0.00063,0.85
2026-02-05,-0.000443,1,-0.00034,1,-0.000366,0.5,,0,,0,,0,0.001064,0.67,0.000553,1,-0.000672,1,-0.0008,1,0.000757,0.79,0.000962,0.5,-0.000621,0.1,,0,0.002009,0.05,0.001268,0.74,-0.00103,1,-0.000953,1,-0.000417,1,0.001191,0.06,0.000962,0.34,0.000962,0.02,,0,0.000094,0.85
2026-02-12,-0.001004,1,-0.000443,1,-0.000519,0.5,,0,,0,,0,-0.000136,0.33,-0.000213,1,-0.000111,1,-0.000647,1,-0.000596,0.79,-0.000545,0.5,0.002902,0.1,,0,0.001268,0.05,0.003157,0.74,-0.000928,1,-0.001004,1,-0.001004,1,0.002468,0.1,0.000553,0.34,0.000834,0.02,,0,0.000783,0.85
2026-02-19,-0.000723,1,-0.000468,1,-0.000289,0.5,,0,,0,,0,0.000579,0.67,-0.000315,1,-0.000698,1,0.000017,1,-0.000009,0.79,0.001268,0.5,0.000987,0.1,,0,0.001498,0.05,0.001855,0.74,-0.000851,1,-0.001004,1,-0.000647,1,0.004,0.13,0.001013,0.35,0.004,0.02,,0,-0.000315,0.85
2026-02-26,-0.000315,1,-0.00057,1,0.000374,0.5,,0,,0,,0,0.001013,0.67,-0.000238,1,-0.0008,1,-0.000723,1,0.004,0.79,0.002315,0.5,0.001217,0.1,,0,0.001447,0.11,0.002698,0.74,-0.00103,1,-0.001004,1,-0.000085,1,0.004,0.13,0.001983,0.34,-0.000136,0.02,,0,0.000681,0.86
2026-03-05,0.000145,1,0.000043,1,-0.000621,0.5,,0,,0,,0,0.002213,0.33,0.00063,1,-0.0008,1,-0.000749,1,0.000809,0.79,0.001089,0.5,0.000196,0.1,,0,0.004,0.05,0.00206,0.74,-0.001081,1,-0.001209,0.94,-0.000264,1,0.002877,0.08,0.001549,0.32,-0.000391,0.02,,0,0.0004,0.86
2026-03-12,-0.001106,1,-0.000468,1,-0.000519,0.5,,0,,0,,0,-0.00006,0.33,-0.000774,1,-0.000902,1,-0.000826,1,-0.000213,0.79,-0.000443,0.5,-0.002,0.1,,0,0.000706,0.05,0.000477,0.74,-0.000953,1,-0.000979,0.98,-0.000672,1,0.001626,0.1,0.000732,0.34,-0.002,0.02,,0,-0.000494,0.85
2026-03-20,-0.000085,1,0.000247,1,0.000732,0.5,,0,,0,,0,0.002443,0.67,-0.000621,1,-0.000494,1,-0.0008,1,0.001855,0.79,0.001319,0.44,0.001115,0.1,,0,0.00137,0.05,0.00234,0.74,-0.000979,1,-0.001004,0.98,0.000272,1,0.003234,0.06,0.000655,0.34,,0,,0,-0.000034,0.86
2026-03-27,-0.000162,1,0.000374,1,0.000247,0.5,,0,,0,,0,0.004,0.67,0.000962,1,-0.000417,1,-0.000443,1,0.001983,0.79,0.0028,0.5,0.002494,0.1,,0,0.004,0.05,0.001421,0.74,-0.0008,1,-0.000826,1,-0.000774,0.99,0.001243,0.05,0.001549,0.34,-0.000111,0.02,,0,0.000834,0.86
2026-04-03,-0.0008,1,0.000426,1,0.000349,0.5,,0,,0,,0,0.002647,0.67,-0.000162,1,-0.00057,1,-0.000519,1,-0.000315,0.68,0.00234,0.5,0.002238,0.1,,0,0.004,0.11,0.002289,0.74,-0.0008,1,-0.001004,0.95,-0.000621,1,0.000579,0.06,0.000936,0.31,,0,,0,0.000247,0.86
2026-04-10,-0.000519,1,0.000068,1,-0.00057,0.5,,0,,0,,0,0.000374,0.33,0.001268,1,-0.000774,1,-0.000979,1,0.000502,0.79,0.001396,0.5,-0.000187,0.1,,0,0.00114,0.05,0.001191,0.74,-0.001106,1,-0.001081,1,-0.00057,1,0.001779,0.06,0.001064,0.34,,0,,0,0.000323,0.85
2026-04-17,-0.00006,1,0.000221,1,-0.000162,0.5,,0,,0,,0,0.000528,0.67,0.000374,1,-0.000647,1,-0.000417,1,0.001191,0.79,0.000119,0.5,-0.002,0.1,,0,0.000196,0.05,0.002289,0.74,-0.000621,1,-0.00057,1,0.000553,1,0.004,0.11,0.003694,0.35,0.000885,0.02,,0,-0.000391,0.85
2026-04-24,0.000298,1,0.000477,1,0.000502,0.5,,0,,0,,0,0.000426,0.33,0.000987,1,0.000298,1,-0.000672,1,0.001549,0.79,-0.000443,0.5,-0.001489,0.1,,0,0.003872,0.11,0.002289,0.74,-0.00057,0.98,-0.0008,1,0.000196,1,0.003923,0.1,0.001396,0.34,0.0016,0.02,,0,0.000706,0.85
2026-05-01,0.000221,1,0.000936,1,0.000655,0.5,,0,,0,,0,0.001064,0.33,0.001038,1,-0.000494,1,-0.000494,1,0.000962,0.74,0.00017,0.5,-0.001285,0.1,,0,0.002162,0.05,0.003081,0.74,-0.000621,1,-0.000723,1,-0.000391,1,0.004,0.1,0.001957,0.34,0.001855,0.02,,0,0.000553,0.85
2026-05-08,-0.000136,1,-0.000085,1,-0.00006,0.5,,0,,0,,0,0.002366,0.67,0.001677,1,-0.000009,1,-0.000366,1,0.004,0.79,-0.000136,0.5,-0.002,0.1,,0,0.00303,0.11,0.00303,0.74,-0.000596,1,-0.000519,1,0.000272,1,0.004,0.13,0.003081,0.35,-0.000519,0.02,,0,0.001728,0.88
2026-05-15,0.000349,1,0.00183,1,0.001728,0.5,,0,,0,,0,0.002723,0.33,0.001906,1,0.000145,1,0.000247,1,0.003055,0.79,0.003643,0.5,0.000604,0.1,,0,0.004,0.11,0.004,0.74,-0.000315,1,0.000043,1,0.000655,1,0.004,0.1,0.003643,0.35,0.004,0.02,,0,0.001294,0.86
2026-05-22,0.000783,1,0.001064,1,0.001753,0.5,,0,,0,,0,0.003106,0.33,0.001677,1,0.000349,1,-0.00006,1,0.003311,0.79,0.002315,0.5,0.001089,0.1,,0,0.004,0.11,0.004,0.74,-0.00057,1,-0.000111,1,0.000783,1,0.004,0.11,0.003004,0.35,0.001932,0.02,,0,0.000502,0.85
2026-05-29,0.00063,1,0.001013,1,0.000732,0.5,,0,,0,,0,0.003081,0.33,0.00183,1,0.000783,1,0.000017,1,0.000477,0.74,0.003515,0.5,0.002417,0.1,,0,0.004,0.05,0.004,0.74,-0.000774,1,-0.000902,1,-0.000136,1,0.001268,0.06,0.002213,0.34,,0,,0,0.00114,0.85
2026-06-05,-0.000391,1,0.001217,1,0.001038,0.5,,0,,0,,0,0.00063,0.33,0.002136,1,-0.000034,1,0.000094,1,0.000732,0.79,0.003209,0.44,0.001855,0.1,,0,0.001881,0.05,0.002851,0.74,-0.000366,1,-0.0008,1,0.000681,1,0.004,0.11,0.004,0.34,-0.000953,0.02,,0,0.001089,0.83
2026-06-12,0.000017,1,0.002391,1,0.0016,0.5,,0,,0,,0,0.003847,0.33,0.002443,1,-0.00057,1,-0.000672,1,0.003055,0.79,0.004,0.5,0.004,0.1,,0,0.004,0.05,0.004,0.74,-0.000672,1,-0.000545,1,0.000349,1,0.001294,0.06,0.004,0.34,,0,,0,0.000962,0.83
2026-06-19,0.001574,1,0.003387,1,0.004,0.5,,0,,0,,0,0.004,0.33,0.004,1,0.000374,1,0.001064,1,0.004,0.79,0.004,0.5,0.004,0.1,,0,0.004,0.11,0.004,0.74,-0.000034,1,-0.000162,1,0.002443,1,0.004,0.11,0.004,0.35,0.003387,0.02,,0,0.001932,0.86
2026-06-26,-0.000111,1,0.003949,1,0.003209,0.5,,0,,0,,0,0.000732,0.33,0.003694,1,0.00063,1,0.000094,1,0.003081,0.79,0.004,0.44,0.004,0.1,,0,0.004,0.05,0.004,0.79,-0.000443,1,-0.000698,1,0.001115,1,0.004,0.06,0.00206,0.34,,0,,0,0.001472,0.88
2026-07-03,0.001804,1,0.001191,1,0.001498,0.5,,0,,0,,0,0.003515,0.33,0.002289,1,0.004,1,0.002034,1,0.004,0.79,0.004,0.5,0.004,0.1,,0,0.004,0.11,0.004,0.79,-0.000519,1,-0.000545,1,0.002979,1,0.004,0.11,0.004,0.34,0.000451,0.02,,0,0.002774,0.86
2026-07-10,-0.000698,1,-0.000979,0.33,,0,,0,,0,,0,-0.000851,0.33,-0.001183,0.33,0.000145,0.35,-0.000213,0.26,,0,,0,,0,,0,0.003923,0.05,0.003285,0.58,-0.00057,0.41,-0.000749,0.37,-0.001413,0.03,,0,0.001115,0.35,,0,,0,0.000451,0.53
2026-07-17,-0.000774,1,0.000936,1,0.000579,0.5,,0,,0,,0,0.000477,0.33,0.000604,1,-0.000213,1,-0.00034,0.95,0.00086,0.74,0.002366,0.5,0.002111,0.1,,0,0.001626,0.11,0.002391,0.74,-0.000468,0.62,-0.000519,0.66,-0.000366,0.85,0.001268,0.1,0.002519,0.34,,0,,0,0.000298,0.85
2026-07-24,0.000757,1,0.003285,1,0.002494,0.5,,0,,0,,0,0.004,0.67,0.00303,1,0.000885,1,0.000809,1,0.004,0.79,0.004,0.5,0.004,0.1,,0,0.004,0.11,0.004,0.74,0.00017,1,0.000298,1,0.00086,1,0.004,0.11,0.004,0.34,0.002417,0.02,,0,0.002749,0.86
2026-07-31,0.001115,1,0.002162,1,0.001345,0.5,,0,,0,,0,0.004,0.33,0.004,1,0.000272,1,0.000221,1,0.004,0.79,0.004,0.44,0.004,0.1,,0,0.004,0.11,0.002596,0.74,0.00063,1,0.0004,1,0.000298,1,0.003004,0.11,0.004,0.35,0.002953,0.02,,0,0.001626,0.85
2026-08-07,-0.0008,1,0.00017,1,-0.00006,0.5,,0,,0,,0,0.001626,0.33,0.001191,1,-0.000213,1,0.000374,1,0.000196,0.74,0.004,0.44,0.000757,0.1,,0,,0,0.000298,0.74,0.001038,1,0.000681,0.98,0.000477,0.97,0.0004,0.06,0.004,0.32,,0,,0,-0.000111,0.85
2026-08-14,-0.000979,1,0.000349,0.67,-0.000162,0.5,,0,,0,,0,-0.000391,0.33,-0.000443,1,-0.000826,1,0.000936,0.95,0.001294,0.47,0.001396,0.33,0.001166,0.1,,0,0.001294,0.05,-0.000443,0.68,-0.000391,0.97,-0.000877,0.85,0.0004,0.72,0.002723,0.06,0.001345,0.35,,0,,0,0.000119,0.73
2026-08-21,0.001574,1,0.001906,1,0.002264,0.5,,0,,0,,0,0.004,0.33,0.004,1,0.000451,0.95,0.001089,1,0.003209,0.74,0.004,0.5,0.004,0.1,,0,0.004,0.05,0.004,0.79,-0.000111,1,0.00017,1,0.002647,1,0.002034,0.1,0.002647,0.34,0.000426,0.02,,0,0.0028,0.85
2026-08-28,0.000094,1,0.001523,1,0.004,0.5,,0,,0,,0,-0.000366,0.33,0.0016,1,0.001779,1,0.00257,1,0.002877,0.74,0.004,0.5,0.004,0.1,,0,0.004,0.05,0.002468,0.79,-0.000136,1,0.000272,1,0.001523,1,0.003515,0.11,0.002672,0.35,0.004,0.02,,0,0.0016,0.85
2026-09-04,-0.000928,1,0.001345,1,0.00017,0.5,,0,,0,,0,0.002596,0.33,0.001626,1,0.002187,1,0.000502,1,0.001523,0.79,0.004,0.5,0.004,0.1,,0,0.004,0.11,0.003796,0.79,0.000528,1,0.000962,1,0.000553,1,0.002672,0.11,0.001115,0.34,0.000094,0.02,,0,0.001421,0.88
2026-09-11,-0.000289,1,0.000962,1,0.000247,0.5,,0,,0,,0,0.004,0.67,0.001089,1,0.003081,1,0.001753,1,0.003157,0.79,0.004,0.5,0.003796,0.1,,0,0.003387,0.11,0.004,0.79,0.000936,1,0.000426,0.98,0.00114,1,0.004,0.11,0.004,0.34,0.000757,0.02,,0,0.001345,0.86
2026-09-18,-0.00057,1,0.000349,1,0.000323,0.5,,0,,0,,0,0.0004,0.33,0.000349,1,-0.000545,1,-0.000851,1,0.000094,0.74,0.001421,0.44,0.001523,0.1,,0,0.001089,0.05,0.001191,0.74,-0.000391,0.92,-0.000698,0.89,-0.00006,1,0.001345,0.06,0.001523,0.27,,0,,0,0.000298,0.85
2026-09-25,0.000349,1,0.00183,1,0.000834,0.5,,0,,0,,0,0.000911,0.67,0.004,1,0.00137,1,0.000706,1,0.002647,0.79,0.004,0.5,0.001549,0.1,,0,0.004,0.11,0.004,0.79,0.000094,1,-0.000187,1,0.001396,1,0.002672,0.13,0.003923,0.35,0.000936,0.02,,0,0.002443,0.86
