date,r0s0_p90,r0s0_valid,r0s1_p90,r0s1_valid,r0s2_p90,r0s2_valid,r0s3_p90,r0s3_valid,r0s4_p90,r0s4_valid,r0s5_p90,r0s5_valid,r0s6_p90,r0s6_valid,r0s7_p90,r0s7_valid,r1s0_p90,r1s0_valid,r1s1_p90,r1s1_valid,r1s2_p90,r1s2_valid,r1s3_p90,r1s3_valid,r1s4_p90,r1s4_valid,r1s5_p90,r1s5_valid,r1s6_p90,r1s6_valid,r1s7_p90,r1s7_valid,r2s0_p90,r2s0_valid,r2s1_p90,r2s1_valid,r2s2_p90,r2s2_valid,r2s3_p90,r2s3_valid,r2s4_p90,r2s4_valid,r2s5_p90,r2s5_valid,r2s6_p90,r2s6_valid,r2s7_p90,r2s7_valid
2016-06-18,0.000962,1,0.002009,1,,0,,0,,0,,0,,0,0.001881,1,0.000221,1,0.000528,1,0.003004,0.5,,0,,0,,0,,0,0.000834,0.79,-0.00006,0.98,-0.000136,1,0.002698,0.31,,0,0.000298,0.02,0.002187,0.58,0.000783,0.48,0.000221,0.92
2016-06-25,,0,,0,,0,,0,,0,,0,,0,0.00257,0.67,-0.000085,0.86,-0.000774,0.74,0.001064,0.1,,0,,0,,0,,0,0.001702,0.95,-0.000851,0.84,-0.0008,0.98,0.000655,0.14,,0,,0,0.002238,0.58,0.001804,0.4,-0.000085,0.72
2016-07-02,0.000196,0.5,0.000553,0.33,,0,,0,,0,,0,,0,0.001728,0.33,-0.000545,0.9,-0.000366,0.32,0.001396,0.4,,0,,0,,0,,0,0.000145,0.84,-0.000749,0.83,-0.000264,0.48,0.000298,0.29,,0,0.000962,0.02,0.001294,0.6,0.000374,0.45,-0.000443,0.95
2016-07-09,-0.000494,0.5,-0.000238,1,,0,,0,,0,,0,,0,0.003591,0.67,-0.000111,0.67,-0.000723,1,0.000885,0.4,,0,,0,,0,,0,0.001472,0.47,-0.000264,0.83,-0.000826,1,-0.000085,0.31,,0,0.002289,0.02,0.00234,0.58,0.001881,0.48,0.000145,0.91
2016-07-16,-0.000315,1,0.000298,1,,0,,0,,0,,0,,0,0.001447,1,-0.000596,1,-0.000111,1,0.002034,0.5,,0,,0,,0,,0,0.000451,0.89,-0.000698,1,-0.000213,1,0.001549,0.29,,0,0.001574,0.02,0.002162,0.6,0.000579,0.48,-0.000494,0.95
2016-08-01,0.000502,1,0.000911,1,,0,,0,,0,,0,,0,0.002315,1,-0.000009,1,0.000068,1,0.001013,0.35,,0,,0,,0,,0,0.001804,0.89,-0.000366,0.98,-0.000187,1,-0.00006,0.31,,0,-0.000468,0.02,0.000579,0.58,0.000834,0.47,-0.000391,0.95
2017-02-04,-0.000749,1,-0.000545,1,,0,,0,,0,,0,,0,0.000043,1,-0.000621,1,-0.0008,1,0.004,0.45,,0,,0,,0,,0,-0.000085,0.89,-0.000902,0.91,-0.000774,0.98,0.000809,0.31,,0,-0.000877,0.02,-0.00057,0.58,0.000043,0.42,-0.000749,0.86
2017-02-11,-0.000494,1,-0.000136,1,,0,,0,,0,,0,,0,0.000681,1,-0.000774,1,-0.000826,1,0.004,0.5,,0,,0,,0,,0,0.000706,0.89,-0.000902,1,-0.000749,1,0.001115,0.31,,0,0.000323,0.03,-0.000085,0.61,0.000477,0.5,-0.000698,0.95
2017-03-13,-0.00034,1,-0.000085,1,,0,,0,,0,,0,,0,0.002187,1,-0.000774,1,-0.000774,1,0.004,0.5,,0,,0,,0,,0,0.000706,0.95,-0.0008,1,-0.000723,1,-0.000289,0.29,,0,-0.000494,0.02,-0.000366,0.6,0.000374,0.5,-0.000672,0.95
2017-03-20,-0.000774,1,0.000017,1,,0,,0,,0,,0,,0,0.000426,1,-0.000774,1,-0.000417,1,0.001191,0.5,,0,,0,,0,,0,0.000043,0.84,-0.001004,1,-0.000826,1,0.001779,0.31,,0,0.000017,0.02,0.000043,0.63,0.000528,0.48,-0.000749,0.95
2017-03-27,-0.000749,1,-0.000774,1,,0,,0,,0,,0,,0,-0.000902,1,-0.000826,1,-0.000774,1,0.000732,0.5,,0,,0,,0,,0,-0.000162,0.89,-0.0008,0.98,-0.000826,1,0.001191,0.31,,0,0.00017,0.02,-0.00006,0.61,-0.000264,0.48,-0.000698,0.95
2017-04-03,-0.000289,1,-0.000443,1,,0,,0,,0,,0,,0,0.000221,1,-0.000647,1,-0.000519,1,0.001651,0.55,,0,,0,,0,,0,0.000298,0.89,-0.000672,1,-0.000647,1,0.000757,0.31,,0,0.001217,0.02,0.000987,0.63,0.001064,0.48,-0.000494,0.95
2017-04-10,-0.000723,1,0.000655,1,,0,,0,,0,,0,,0,0.001166,1,-0.000877,1,-0.000723,1,0.003438,0.55,,0,,0,,0,,0,-0.000034,0.89,-0.0008,1,-0.000851,1,0.001294,0.31,,0,0.000272,0.03,-0.00006,0.63,0.000272,0.5,-0.000928,0.95
2017-04-17,0.000068,1,0.000783,1,,0,,0,,0,,0,,0,0.001677,1,-0.000519,0.95,-0.000238,1,0.001243,0.5,,0,,0,,0,,0,0.000911,0.84,-0.000698,1,-0.000621,1,0.002034,0.31,,0,0.001702,0.03,0.001779,0.61,0.00114,0.48,-0.00034,0.95
2017-04-24,-0.001974,0.5,,0,,0,,0,,0,,0,,0,,0,-0.001209,0.43,-0.001362,0.42,,0,,0,,0,,0,,0,-0.000698,0.21,-0.001106,0.27,-0.001183,0.1,-0.001872,0.03,,0,,0,-0.001055,0.1,-0.000902,0.11,-0.001183,0.14
2017-05-01,-0.000672,1,0.000247,1,,0,,0,,0,,0,,0,-0.000009,1,-0.000877,1,-0.001106,1,0.002545,0.5,,0,,0,,0,,0,0.00063,0.95,-0.000928,1,-0.001004,1,0.001983,0.31,,0,0.001421,0.03,0.000119,0.61,0.000043,0.5,-0.000647,0.95
2017-05-08,-0.000545,1,-0.000187,1,,0,,0,,0,,0,,0,0.001523,1,-0.000928,1,-0.000979,1,0.003489,0.5,,0,,0,,0,,0,0.00086,0.89,-0.000902,1,-0.000953,1,0.001472,0.31,,0,0.001472,0.03,0.001217,0.63,0.000885,0.48,-0.000826,0.95
2017-05-15,-0.000264,1,-0.000264,1,,0,,0,,0,,0,,0,0.001498,1,-0.000596,1,-0.000391,1,0.00183,0.55,,0,,0,,0,,0,0.00017,0.84,-0.000749,0.92,-0.000749,1,0.000323,0.31,,0,0.001319,0.03,0.002443,0.63,0.000732,0.5,-0.000519,0.94
2017-05-22,-0.000009,1,0.001243,1,,0,,0,,0,,0,,0,0.002162,1,-0.000774,1,-0.000698,1,0.003413,0.5,,0,,0,,0,,0,0.000323,0.84,-0.000928,1,-0.000851,1,0.00086,0.31,,0,0.002289,0.02,0.003311,0.58,0.001957,0.5,-0.0008,0.91
2017-05-29,0.000528,1,0.001013,1,,0,,0,,0,,0,,0,0.001089,1,-0.000519,1,0.000323,1,0.004,0.5,,0,,0,,0,,0,0.001472,0.89,-0.0008,1,-0.000774,1,0.001957,0.31,,0,0.000809,0.03,0.001064,0.63,0.001191,0.5,-0.000621,0.95
2017-06-05,-0.000111,1,0.001651,1,,0,,0,,0,,0,,0,0.002366,1,-0.000545,1,-0.000085,1,0.002111,0.55,,0,,0,,0,,0,0.000783,0.89,-0.000877,1,-0.000698,1,0.001319,0.31,,0,0.003234,0.03,0.001804,0.61,0.001064,0.48,-0.000672,0.95
2017-06-12,0.000809,1,0.002826,1,,0,,0,,0,,0,,0,0.004,1,-0.000596,1,-0.000162,1,0.004,0.55,,0,,0,,0,,0,0.001804,0.89,-0.000826,1,-0.000723,1,0.002213,0.31,,0,0.002391,0.03,0.002749,0.63,0.001855,0.5,-0.000672,0.95
2017-06-19,-0.000672,1,-0.00034,1,,0,,0,,0,,0,,0,0.000757,1,-0.000774,1,-0.000238,1,0.002391,0.5,,0,,0,,0,,0,-0.000034,0.89,-0.000877,1,-0.000851,0.98,0.000553,0.31,,0,0.000885,0.03,0.001166,0.63,0.000145,0.48,-0.000672,0.95
2017-06-26,0.000068,1,0.000732,1,,0,,0,,0,,0,,0,0.001677,1,-0.000647,1,-0.000877,1,0.001472,0.4,,0,,0,,0,,0,0.001064,0.89,-0.000928,1,-0.000826,1,0.001498,0.31,,0,0.001677,0.02,0.001447,0.63,0.001421,0.48,-0.000723,0.95
2017-07-03,0.000017,1,0.001677,1,,0,,0,,0,,0,,0,0.002315,1,-0.000749,1,-0.000417,1,0.003566,0.5,,0,,0,,0,,0,0.001677,0.89,-0.000902,1,-0.000749,1,0.003055,0.31,,0,0.002902,0.02,0.004,0.63,0.001447,0.48,-0.00057,0.95
2017-07-10,-0.0008,1,-0.000009,1,,0,,0,,0,,0,,0,0.000221,1,-0.000902,1,-0.0008,1,0.004,0.5,,0,,0,,0,,0,0.000247,0.89,-0.000902,1,-0.000826,1,0.000655,0.31,,0,0.001038,0.03,0.002238,0.63,0.000834,0.5,-0.000545,0.95
2017-07-17,-0.000213,1,0.000604,1,,0,,0,,0,,0,,0,0.002289,1,-0.000519,1,-0.000391,1,0.002238,0.55,,0,,0,,0,,0,0.000681,0.89,-0.000698,1,-0.000749,1,0.000119,0.31,,0,0.001779,0.03,0.001651,0.61,0.000655,0.48,-0.000698,0.95
2017-07-24,0.000809,1,0.000962,1,,0,,0,,0,,0,,0,0.001626,1,-0.000723,1,-0.000545,1,0.001574,0.45,,0,,0,,0,,0,0.000911,0.89,-0.0008,1,-0.0008,1,0.000298,0.31,,0,0.002902,0.03,0.00326,0.61,0.001345,0.48,-0.000621,0.95
2017-07-31,-0.00034,1,0.001294,1,,0,,0,,0,,0,,0,0.002468,1,-0.000672,1,-0.000443,1,0.001472,0.55,,0,,0,,0,,0,0.001498,0.95,-0.000902,1,-0.000774,1,0.000987,0.31,,0,0.003413,0.03,0.002953,0.63,0.00063,0.5,-0.000672,0.95
2017-08-07,-0.000238,1,0.001855,1,,0,,0,,0,,0,,0,0.000451,1,-0.0008,1,-0.000494,1,0.000911,0.4,,0,,0,,0,,0,0.000272,0.95,-0.000928,0.8,-0.0008,0.9,0.000145,0.26,,0,0.001498,0.02,0.002187,0.58,0.001396,0.48,-0.000749,0.94
2017-08-14,0.000068,1,0.001574,1,,0,,0,,0,,0,,0,0.003004,1,-0.000698,1,-0.000494,1,0.00257,0.5,,0,,0,,0,,0,0.001906,0.95,-0.000621,1,-0.000774,1,0.001728,0.31,,0,0.003872,0.02,0.004,0.63,0.001728,0.48,-0.000443,0.95
2017-08-21,-0.000391,1,0.000043,1,,0,,0,,0,,0,,0,0.001294,1,-0.000315,1,-0.000417,1,0.000579,0.55,,0,,0,,0,,0,0.00114,0.89,-0.000009,1,-0.000162,1,0.001319,0.31,,0,0.000834,0.02,0.002519,0.63,0.002315,0.5,-0.00006,0.95
2017-08-28,0.000017,1,0.001498,1,,0,,0,,0,,0,,0,0.00303,1,-0.000774,1,-0.000494,1,0.001881,0.5,,0,,0,,0,,0,0.001089,0.89,-0.000928,1,-0.000902,1,0.000783,0.31,,0,0.000068,0.02,0.000809,0.6,0.0016,0.45,-0.000877,0.95
2017-09-04,-0.000621,1,0.000298,1,,0,,0,,0,,0,,0,0.003847,1,-0.000647,1,-0.00034,1,0.001115,0.55,,0,,0,,0,,0,0.000349,0.84,-0.000621,1,-0.000698,1,0.00086,0.31,,0,0.001268,0.03,0.001191,0.63,0.000681,0.5,-0.000596,0.95
2017-09-11,-0.000238,1,0.000528,1,,0,,0,,0,,0,,0,0.002009,1,-0.000238,1,-0.000749,1,0.002979,0.5,,0,,0,,0,,0,0.000987,0.95,-0.000826,1,-0.000826,1,0.002289,0.31,,0,0.002519,0.02,0.001753,0.63,0.000834,0.48,-0.000443,0.95
2017-09-18,0.000374,1,0.000834,1,,0,,0,,0,,0,,0,0.001421,1,-0.000519,1,-0.00034,1,0.003438,0.55,,0,,0,,0,,0,0.001217,0.89,-0.000953,1,-0.000877,1,0.001932,0.31,,0,0.002391,0.02,0.002596,0.63,0.002085,0.48,-0.000468,0.95
2017-09-25,-0.000366,1,0.000962,1,,0,,0,,0,,0,,0,0.001626,1,-0.000749,1,-0.00057,1,0.001243,0.5,,0,,0,,0,,0,-0.000519,0.79,-0.000979,1,-0.000826,1,0.001115,0.31,,0,0.001217,0.03,0.002596,0.61,0.003081,0.44,-0.000213,0.95
2017-10-02,0.00017,1,0.002009,1,,0,,0,,0,,0,,0,0.002723,1,-0.000749,1,-0.000136,1,0.003489,0.5,,0,,0,,0,,0,0.002009,0.89,-0.000953,1,-0.000979,1,-0.000443,0.31,,0,0.000681,0.03,0.001345,0.6,0.001549,0.48,-0.000621,0.95
2017-10-09,-0.000647,1,-0.000672,1,,0,,0,,0,,0,,0,0.000885,1,-0.000774,1,-0.0008,1,0.001013,0.55,,0,,0,,0,,0,0.000272,0.89,-0.001055,0.92,-0.000749,1,0.001421,0.31,,0,0.001447,0.03,0.001626,0.61,0.001013,0.48,-0.000774,0.86
2017-10-16,-0.000545,1,0.000272,1,,0,,0,,0,,0,,0,0.001702,1,-0.000468,1,-0.000443,1,0.002136,0.55,,0,,0,,0,,0,0.000783,0.89,-0.0008,1,-0.000596,1,0.001166,0.31,,0,0.000936,0.03,0.000783,0.63,0.0016,0.5,-0.000366,0.95
2017-10-23,-0.000468,1,0.000681,1,,0,,0,,0,,0,0.000017,0.33,0.002111,1,-0.0008,1,-0.000749,1,0.002877,0.55,,0,,0,,0,,0,0.001932,0.89,-0.000928,1,-0.001004,1,0.001983,0.31,,0,0.004,0.02,0.003643,0.63,0.002723,0.5,-0.000749,0.95
2017-10-30,-0.000034,1,0.001038,1,,0,,0,,0,,0,,0,0.003745,1,-0.000391,1,-0.000162,1,0.002417,0.55,,0,,0,,0,,0,0.003566,0.95,-0.000723,1,-0.000672,1,0.001294,0.31,,0,0.002366,0.02,0.0016,0.63,0.00183,0.5,-0.000391,0.95
2017-11-06,-0.000391,1,-0.000009,1,,0,,0,,0,,0,,0,0.00063,1,-0.00057,0.86,-0.000596,1,0.00354,0.5,,0,,0,,0,,0,0.000272,0.74,-0.000723,0.97,-0.0008,0.98,0.00063,0.31,,0,0.000706,0.03,0.000272,0.61,0.000962,0.5,-0.000621,0.91
2017-11-13,-0.000723,1,-0.000877,1,,0,,0,,0,,0,,0,-0.000443,1,-0.000826,1,-0.000723,0.95,0.000681,0.5,,0,,0,,0,,0,-0.000238,0.89,-0.00126,0.22,-0.001209,0.87,-0.000723,0.28,,0,0.000477,0.02,0.000706,0.6,0.0004,0.48,-0.000902,0.55
2017-11-20,-0.001157,1,-0.000698,1,,0,,0,,0,,0,,0,-0.000647,1,-0.001387,0.33,-0.0008,0.26,0.000298,0.45,,0,,0,,0,,0,-0.000979,0.37,-0.001081,0.83,-0.000851,0.78,-0.000136,0.18,,0,0.000528,0.02,0.001217,0.63,0.000936,0.44,-0.000851,0.53
2017-11-27,-0.000289,1,0.00017,1,,0,,0,,0,,0,,0,0.004,1,-0.000443,1,-0.000289,1,0.001702,0.55,,0,,0,,0,,0,0.000298,0.89,-0.0008,1,-0.000774,1,0.001396,0.31,,0,0.002213,0.03,0.001268,0.63,0.001421,0.5,-0.000774,0.95
2017-12-04,-0.000468,1,0.000323,1,,0,,0,,0,,0,,0,0.001089,1,-0.00034,1,-0.000289,1,0.003311,0.5,,0,,0,,0,,0,0.000783,0.95,-0.000979,1,-0.000826,1,0.00137,0.31,,0,0.00183,0.03,0.001498,0.63,0.001498,0.48,-0.000698,0.95
2017-12-11,-0.000238,1,-0.000085,1,,0,,0,,0,,0,,0,0.000477,1,-0.000596,1,-0.000519,1,0.002851,0.5,,0,,0,,0,,0,0.0004,0.89,-0.000902,1,-0.000928,1,0.000477,0.31,,0,0.000783,0.03,0.000681,0.64,0.001217,0.5,-0.0008,0.95
2017-12-18,-0.000238,1,0.000451,1,,0,,0,,0,,0,,0,0.002494,1,-0.00034,1,-0.000238,1,0.004,0.55,,0,,0,,0,,0,0.000579,0.89,-0.000749,1,-0.000417,1,0.002162,0.31,,0,0.002238,0.03,0.001702,0.61,0.00206,0.5,-0.000621,0.95
2017-12-25,0.000298,1,0.000987,1,,0,,0,,0,,0,,0,0.002621,1,-0.000519,1,-0.000468,1,0.003668,0.5,,0,,0,,0,,0,0.000885,0.84,-0.000494,1,-0.000749,1,0.000247,0.31,,0,0.001728,0.03,0.001549,0.64,0.001651,0.5,-0.000468,0.95
2018-01-01,-0.000417,1,0.00017,1,,0,,0,,0,,0,,0,0.0004,1,-0.000596,1,-0.000289,1,0.001855,0.55,,0,,0,,0,,0,0.000528,0.89,-0.000698,0.98,-0.000494,0.98,0.000936,0.31,,0,0.001626,0.03,0.001498,0.64,0.001549,0.5,-0.000494,0.95
2018-01-08,-0.000877,1,-0.000596,1,,0,,0,,0,,0,,0,-0.000187,1,-0.001157,0.76,-0.001055,0.95,0.002085,0.45,,0,,0,,0,,0,-0.000647,0.84,-0.001055,0.27,-0.00103,0.79,-0.000315,0.31,,0,-0.000443,0.02,-0.000391,0.52,-0.000417,0.32,-0.000826,0.61
2018-01-15,-0.000774,1,-0.000315,1,,0,,0,,0,,0,,0,-0.000264,1,-0.000596,1,-0.000545,1,0.004,0.5,,0,,0,,0,,0,-0.000009,0.89,-0.000749,0.97,-0.000723,1,0.000681,0.31,,0,0.0004,0.02,0.00086,0.63,0.000783,0.5,-0.000672,0.95
2018-01-22,-0.001055,1,-0.00006,1,,0,,0,,0,,0,,0,-0.000877,1,-0.000774,0.9,-0.000136,1,0.004,0.45,,0,,0,,0,,0,0.000936,0.84,-0.001081,0.64,-0.000826,0.78,-0.000009,0.26,,0,0.001191,0.02,0.001626,0.61,0.001906,0.42,-0.001081,0.58
2018-01-29,-0.000826,1,-0.0008,1,,0,,0,,0,,0,,0,0.000119,1,-0.0008,1,-0.0008,1,-0.000213,0.5,,0,,0,,0,,0,0.000221,0.89,-0.000877,0.88,-0.000774,0.98,0.000043,0.31,,0,-0.000238,0.03,0.000298,0.61,0.000834,0.5,-0.000494,0.83
2018-02-05,-0.000264,1,0.000349,1,,0,,0,,0,,0,,0,0.00063,1,-0.000494,1,-0.000545,1,0.000579,0.55,,0,,0,,0,,0,0.000987,0.89,-0.000698,1,-0.000596,1,0.000298,0.31,,0,0.001038,0.03,0.000757,0.63,0.001013,0.5,-0.000468,0.95
2018-02-12,-0.000443,1,0.000604,1,,0,,0,,0,,0,,0,0.000681,1,-0.00057,1,-0.000621,1,0.002366,0.55,,0,,0,,0,,0,0.001447,0.95,-0.000698,0.98,-0.000672,1,0.000783,0.31,,0,0.001498,0.03,0.001574,0.64,0.001421,0.48,-0.000417,0.94
2018-02-19,-0.000289,1,-0.000187,1,,0,,0,,0,,0,,0,0.000196,1,-0.000647,1,-0.000672,1,0.004,0.5,,0,,0,,0,,0,0.000655,0.95,-0.000647,0.98,-0.000749,1,0.000604,0.31,,0,0.001421,0.03,0.001038,0.63,0.001294,0.5,-0.000315,0.95
2018-02-26,-0.000111,1,0.000247,1,,0,,0,,0,,0,,0,0.001115,1,-0.000647,1,-0.000596,1,0.001574,0.5,,0,,0,,0,,0,0.000681,0.84,-0.000749,1,-0.000749,1,0.001115,0.31,,0,0.000987,0.03,0.001191,0.63,0.00114,0.47,-0.000672,0.95
2018-03-05,-0.000494,1,0.000017,1,,0,,0,,0,,0,,0,0.000936,1,-0.000596,1,-0.000443,1,0.001268,0.5,,0,,0,,0,,0,0.000477,0.95,-0.000698,1,-0.000647,1,0.001294,0.31,,0,0.000553,0.03,0.000834,0.63,0.001013,0.5,-0.000596,0.95
2018-03-12,-0.000391,1,0.000426,1,,0,,0,,0,,0,,0,0.000681,1,-0.000698,1,-0.000596,1,0.0016,0.45,,0,,0,,0,,0,0.000911,0.95,-0.000672,1,-0.000647,1,0.000553,0.31,,0,0.000221,0.03,0.000068,0.64,0.000272,0.5,-0.000443,0.95
2018-03-19,-0.000698,1,0.000528,1,,0,,0,,0,,0,,0,0.000783,1,-0.000749,1,-0.000647,1,0.000374,0.55,,0,,0,,0,,0,-0.000366,0.89,-0.000749,1,-0.000774,1,0.001728,0.31,,0,-0.000774,0.03,0.000068,0.63,0.000809,0.48,-0.000596,0.95
2018-03-26,-0.000187,1,0.000477,1,,0,,0,,0,,0,,0,0.000936,1,-0.000519,1,-0.000443,1,0.001779,0.55,,0,,0,,0,,0,0.000528,0.89,-0.000672,1,-0.000519,1,0.001013,0.31,,0,0.000936,0.03,0.000502,0.63,0.000987,0.5,-0.00057,0.95
2018-04-02,-0.000264,1,0.000119,1,,0,,0,,0,,0,,0,0.000655,1,-0.000468,1,-0.000391,1,0.001064,0.55,,0,,0,,0,,0,0.000655,0.89,-0.000774,1,-0.000647,1,0.000911,0.31,,0,0.000119,0.03,0.000323,0.63,0.000962,0.48,-0.000596,0.95
2018-04-09,-0.000545,1,-0.000034,1,,0,,0,,0,,0,,0,0.001217,1,-0.00057,1,-0.0008,1,0.0004,0.55,,0,,0,,0,,0,0.001038,0.95,-0.000698,1,-0.0008,1,0.000579,0.31,,0,0.000094,0.03,-0.000417,0.61,0.000272,0.48,-0.00057,0.95
2018-04-16,-0.000213,1,0.000451,1,,0,,0,,0,,0,,0,0.001191,1,-0.000596,1,-0.000519,1,0.002238,0.45,,0,,0,,0,,0,0.000502,0.89,-0.000749,1,-0.000723,1,0.000809,0.31,,0,0.001804,0.03,0.000477,0.61,0.000196,0.5,-0.000698,0.95
2018-04-23,-0.000187,1,0.000272,1,,0,,0,,0,,0,,0,0.001651,1,-0.000596,1,-0.000391,1,0.001983,0.5,,0,,0,,0,,0,0.000911,0.95,-0.000698,1,-0.000621,1,0.0016,0.31,,0,0.001115,0.03,0.000451,0.63,0.000451,0.48,-0.00057,0.95
2018-04-30,0.000732,1,0.002596,1,,0,,0,,0,,0,,0,0.003362,1,-0.000187,1,-0.000034,1,0.001957,0.55,,0,,0,,0,,0,0.000834,0.89,-0.000877,1,-0.000749,1,0.001191,0.31,,0,0.001906,0.03,0.001064,0.61,0.001166,0.48,-0.000647,0.95
2018-05-07,-0.00057,1,0.000068,1,,0,,0,,0,,0,,0,0.00063,1,-0.000902,1,-0.000672,1,0.002494,0.45,,0,,0,,0,,0,0.000936,0.89,-0.001004,0.92,-0.000979,1,0.000119,0.31,,0,,0,-0.000009,0.54,-0.00057,0.44,-0.000826,0.88
2018-05-14,-0.000315,1,0.001115,1,,0,,0,,0,,0,,0,0.001855,1,-0.000698,1,-0.000621,1,0.004,0.5,,0,,0,,0,,0,0.00086,0.89,-0.000826,1,-0.000928,1,0.001217,0.31,,0,0.000426,0.02,0.000732,0.63,0.000374,0.48,-0.000928,0.95
2018-05-21,0.00017,1,0.000987,1,,0,,0,,0,,0,,0,0.0016,1,-0.000596,1,-0.000264,1,0.004,0.45,,0,,0,,0,,0,0.00017,0.89,-0.000723,0.84,-0.000749,1,0.001779,0.31,,0,0.000502,0.02,0.001217,0.57,0.000809,0.45,-0.000723,0.95
2018-05-28,0.000017,1,0.001115,1,,0,,0,,0,,0,,0,0.002391,1,-0.000443,1,0.000068,1,0.002928,0.5,,0,,0,,0,,0,0.001677,0.89,-0.000519,1,-0.000391,1,0.003413,0.31,,0,0.00183,0.02,0.002085,0.61,0.001753,0.48,-0.000391,0.95
2018-06-04,0.001447,1,0.002494,1,,0,,0,,0,,0,,0,0.004,1,0.000221,1,0.000221,1,0.004,0.5,,0,,0,,0,,0,0.003311,0.95,-0.000494,1,-0.000519,1,0.002749,0.31,,0,0.003949,0.03,0.002851,0.63,0.001983,0.48,-0.00006,0.95
2018-06-11,0.000017,1,0.000732,1,,0,,0,,0,,0,,0,0.001855,1,-0.000621,1,-0.000417,1,0.002596,0.45,,0,,0,,0,,0,0.00017,0.79,-0.000749,0.94,-0.000213,1,0.001906,0.31,,0,0.000911,0.02,0.00086,0.54,0.001217,0.42,-0.000494,0.95
2018-06-18,0.000528,1,0.001728,1,,0,,0,,0,,0,,0,0.001855,1,-0.000443,1,-0.000264,1,0.001523,0.5,,0,,0,,0,,0,0.000757,0.89,-0.000698,1,-0.000519,1,0.001319,0.31,,0,0.000809,0.02,0.001115,0.6,0.00137,0.48,-0.000417,0.95
2018-06-25,0.000043,1,0.000809,1,,0,,0,,0,,0,,0,0.002672,1,-0.000749,1,-0.000596,1,0.004,0.45,,0,,0,,0,,0,0.00137,0.89,-0.0008,1,-0.000774,1,0.001064,0.31,,0,0.002647,0.02,0.002647,0.61,0.001753,0.48,-0.000698,0.95
2018-07-02,-0.000238,1,0.001038,1,,0,,0,,0,,0,,0,0.001728,1,-0.000672,1,-0.00057,1,0.001779,0.4,,0,,0,,0,,0,0.00063,0.84,-0.000851,1,-0.00057,0.98,0.000451,0.23,,0,-0.000366,0.02,0.00017,0.58,0.001166,0.48,-0.000519,0.94
2018-07-09,-0.000519,1,0.00017,1,,0,,0,,0,,0,,0,0.000757,1,-0.000494,1,-0.000443,1,0.001217,0.55,,0,,0,,0,,0,0.000323,0.84,-0.000366,1,-0.000494,1,0.00063,0.31,,0,0.001957,0.02,0.001472,0.58,0.001294,0.48,-0.000672,0.95
2018-07-16,0.000196,1,0.00137,1,,0,,0,,0,,0,,0,0.002315,1,-0.000213,1,-0.00006,1,0.004,0.5,,0,,0,,0,,0,0.001268,0.95,-0.000111,1,-0.000391,0.97,0.000145,0.31,,0,0.001013,0.02,0.001932,0.61,0.00114,0.48,-0.000366,0.95
2018-07-23,-0.00006,1,-0.000034,1,,0,,0,,0,,0,,0,0.0016,1,-0.000928,1,-0.000749,1,0.001013,0.5,,0,,0,,0,,0,0.001089,0.84,-0.00057,1,-0.000213,1,0.000068,0.31,,0,0.000068,0.02,0.000911,0.61,0.000221,0.5,-0.000749,0.95
2018-07-30,-0.000647,1,-0.000213,1,,0,,0,,0,,0,,0,0.000502,1,-0.000928,1,-0.000774,1,0.001421,0.5,,0,,0,,0,,0,0.000094,0.89,-0.000443,1,-0.000545,1,0.000068,0.31,,0,-0.000545,0.02,0.000579,0.61,0.0004,0.48,-0.000902,0.95
2018-08-06,-0.000545,1,-0.000238,1,,0,,0,,0,,0,,0,0.000502,1,-0.000596,1,-0.000596,1,0.000655,0.55,,0,,0,,0,,0,0.000553,0.95,-0.000494,1,-0.00057,1,0.000043,0.31,,0,0.000987,0.02,0.001447,0.63,0.000809,0.48,-0.00057,0.95
2018-08-14,-0.000289,1,0.000426,1,,0,,0,,0,,0,,0,0.002085,1,-0.000672,1,-0.000545,1,0.001574,0.5,,0,,0,,0,,0,0.001319,0.95,-0.000698,1,-0.000851,1,0.000017,0.31,,0,0.001677,0.03,0.00206,0.61,0.001294,0.48,-0.000494,0.95
2018-08-21,-0.000672,1,-0.000289,1,,0,,0,,0,,0,,0,0.000706,1,-0.000723,1,-0.000621,1,0.000834,0.55,,0,,0,,0,,0,0.000247,0.89,-0.000698,1,-0.000545,1,0.000477,0.31,,0,0.001115,0.03,0.001421,0.61,0.000196,0.5,-0.000519,0.95
2018-08-28,-0.000494,1,0.000094,1,,0,,0,,0,,0,,0,0.001421,1,-0.000519,1,-0.000468,1,0.001677,0.5,,0,,0,,0,,0,0.000298,0.89,-0.000519,1,-0.000647,1,0.000426,0.31,,0,0.001677,0.03,0.003132,0.63,0.000911,0.5,-0.000545,0.95
2018-09-04,-0.000672,1,-0.000136,1,,0,,0,,0,,0,,0,0.000374,1,-0.000749,1,-0.0008,1,0.000502,0.55,,0,,0,,0,,0,0.000272,0.95,-0.000621,0.98,-0.00057,1,0.000094,0.31,,0,0.002774,0.03,0.002443,0.63,0.001013,0.48,-0.000774,0.95
2018-09-11,0.000094,1,0.001038,1,,0,,0,,0,,0,,0,0.001753,1,-0.00057,1,-0.000187,1,0.002774,0.5,,0,,0,,0,,0,0.001191,0.89,-0.000213,1,-0.000468,1,0.000247,0.31,,0,0.00377,0.02,0.003311,0.64,0.000528,0.48,-0.000034,0.95
2018-09-18,-0.000621,1,-0.000264,1,,0,,0,,0,,0,,0,0.000451,1,-0.000647,1,-0.000468,1,0.00063,0.45,,0,,0,,0,,0,0.0004,0.89,-0.000774,1,-0.000877,1,0.000374,0.31,,0,0.003898,0.02,0.003132,0.6,0.001345,0.48,-0.000723,0.95
2018-09-25,-0.000545,1,0.000145,1,,0,,0,,0,,0,,0,0.00114,1,-0.000774,1,-0.000749,1,-0.000034,0.55,,0,,0,,0,,0,0.000349,0.89,-0.000749,1,-0.000774,1,0.000068,0.31,,0,0.003157,0.03,0.003515,0.63,0.001089,0.5,-0.000238,0.95
2018-10-02,-0.000009,1,-0.000315,1,,0,,0,,0,,0,,0,0.000962,1,-0.000672,1,-0.000902,1,0.002264,0.55,,0,,0,,0,,0,0.000553,0.89,-0.000953,1,-0.000774,1,-0.000136,0.31,,0,0.002468,0.03,0.002468,0.63,0.000783,0.5,-0.000774,0.95
2018-10-09,-0.000979,1,-0.001055,0.67,,0,,0,,0,,0,,0,-0.000009,1,-0.001004,1,-0.001106,1,-0.00034,0.5,,0,,0,,0,,0,-0.000417,0.89,-0.00103,0.98,-0.000902,0.98,-0.000877,0.2,,0,,0,0.000528,0.42,-0.000391,0.44,-0.000826,0.94
2018-10-16,-0.000672,1,0.000528,1,,0,,0,,0,,0,,0,0.001421,1,-0.000136,1,-0.000417,1,0.00017,0.55,,0,,0,,0,,0,0.000783,0.95,-0.000596,1,-0.000417,1,-0.000136,0.31,,0,0.001855,0.03,0.002902,0.64,0.000604,0.5,-0.000519,0.95
2018-10-23,-0.000009,1,0.000579,1,,0,,0,,0,,0,,0,0.001217,1,-0.000596,1,-0.000519,1,0.000885,0.55,,0,,0,,0,,0,0.000681,0.95,-0.000596,1,-0.000621,1,0.000451,0.31,,0,0.004,0.03,0.002545,0.63,0.001038,0.5,-0.000443,0.95
2018-10-30,-0.000545,1,0.001549,1,,0,,0,,0,,0,,0,0.001013,1,-0.00057,1,-0.000443,1,0.002647,0.55,,0,,0,,0,,0,0.001064,0.95,-0.000545,1,-0.000468,1,0.001626,0.31,,0,0.001447,0.03,0.00137,0.63,0.001191,0.5,-0.000264,0.95
2018-11-06,-0.000545,1,0.000426,1,,0,,0,,0,,0,,0,0.000681,1,-0.000545,1,-0.000596,1,0.000783,0.55,,0,,0,,0,,0,0.001294,0.89,-0.000672,1,-0.000621,1,0.000451,0.31,,0,0.002034,0.03,0.002162,0.61,0.001243,0.5,-0.000391,0.95
2018-11-13,-0.000315,1,0.000221,1,,0,,0,,0,,0,,0,0.001319,1,-0.000596,1,-0.00057,1,0.000655,0.5,,0,,0,,0,,0,0.000936,0.95,-0.000621,1,-0.00057,1,0.000757,0.31,,0,0.001651,0.03,0.001243,0.63,0.000553,0.5,-0.000647,0.95
2018-11-20,-0.000085,1,0.000272,1,,0,,0,,0,,0,,0,0.004,1,-0.00006,1,-0.000621,1,0.001013,0.55,,0,,0,,0,,0,0.00086,0.95,-0.000596,1,-0.000647,1,0.000094,0.31,,0,0.001881,0.03,0.001064,0.63,0.0004,0.5,-0.000289,0.95
2018-11-27,-0.000596,1,0.00086,1,,0,,0,,0,,0,,0,0.001498,1,-0.000519,1,-0.000468,1,0.001983,0.55,,0,,0,,0,,0,0.000732,0.89,-0.000698,1,-0.000672,1,0.000374,0.31,,0,0.000094,0.03,0.000272,0.63,0.000604,0.48,-0.000391,0.95
2018-12-04,-0.000672,1,0.000068,1,,0,,0,,0,,0,,0,0.001115,1,-0.000085,1,-0.00057,1,0.000706,0.55,,0,,0,,0,,0,0.001523,0.95,-0.0008,1,-0.000774,1,0.001089,0.31,,0,0.002085,0.03,0.000911,0.63,0.000962,0.5,-0.000494,0.95
2018-12-11,-0.000545,1,0.000477,1,,0,,0,,0,,0,,0,0.002621,1,0.000068,1,-0.000545,1,0.001753,0.55,,0,,0,,0,,0,0.00183,0.95,-0.0008,1,-0.000647,1,0.000706,0.31,,0,0.001804,0.03,0.001626,0.63,0.001115,0.5,-0.000519,0.95
2018-12-19,-0.000391,1,0.000604,1,,0,,0,,0,,0,,0,0.001447,1,-0.00057,1,-0.000085,1,0.001447,0.55,,0,,0,,0,,0,0.000681,0.89,-0.000774,1,-0.000596,1,0.001319,0.31,,0,0.003055,0.03,0.001906,0.63,0.001626,0.5,-0.000213,0.95
2019-01-01,-0.000928,1,-0.000698,1,,0,,0,,0,,0,,0,-0.001489,0.33,-0.000774,0.76,-0.000877,1,-0.000213,0.45,,0,,0,,0,,0,-0.000953,0.58,-0.000826,0.98,-0.000749,1,-0.000519,0.29,,0,0.00114,0.03,0.000349,0.61,-0.000213,0.34,-0.00103,0.34
2019-01-08,-0.000034,1,0.001064,1,,0,,0,,0,,0,,0,0.002417,1,-0.000494,1,-0.000264,1,0.001345,0.55,,0,,0,,0,,0,0.001243,0.95,-0.000621,1,-0.000519,1,0.001421,0.31,,0,0.001089,0.03,0.001038,0.63,0.000783,0.5,-0.000596,0.95
2019-01-15,0.000068,1,0.000706,1,,0,,0,,0,,0,,0,0.001906,1,-0.000391,1,-0.000238,1,0.000809,0.55,,0,,0,,0,,0,0.001294,0.95,-0.000596,1,-0.000264,1,0.001166,0.31,,0,0.000579,0.02,0.000604,0.64,0.000426,0.5,-0.000468,0.95
2019-01-22,-0.000315,1,0.000834,1,,0,,0,,0,,0,,0,0.00206,1,-0.000391,1,-0.000596,1,0.001191,0.55,,0,,0,,0,,0,0.000809,0.89,-0.000749,1,-0.000621,1,0.00086,0.31,,0,0.000374,0.03,0.000323,0.64,0.000528,0.5,-0.000289,0.95
2019-01-29,0.000272,1,0.000247,1,,0,,0,,0,,0,,0,0.00086,1,-0.000238,1,0.000094,1,0.002034,0.55,,0,,0,,0,,0,0.0028,0.89,-0.000545,1,-0.000545,1,0.000706,0.31,,0,0.000911,0.03,0.001115,0.64,0.000451,0.5,-0.000366,0.95
2019-02-05,-0.000417,1,0.00017,1,,0,,0,,0,,0,,0,0.000451,1,-0.000545,1,-0.000545,1,0.000757,0.55,,0,,0,,0,,0,0.0004,0.95,-0.000749,1,-0.000621,1,0.000834,0.31,,0,-0.000468,0.03,-0.000187,0.63,-0.000009,0.5,-0.000443,0.95
2019-02-12,-0.000264,1,0.000477,1,,0,,0,,0,,0,,0,0.001013,1,-0.000264,1,-0.000213,1,0.000732,0.55,,0,,0,,0,,0,0.000885,0.95,-0.000647,1,-0.000647,1,0.000068,0.31,,0,0.001038,0.03,0.001115,0.64,0.000374,0.5,-0.000545,0.95
2019-02-19,-0.000774,1,0.000017,1,,0,,0,,0,,0,,0,0.0004,1,-0.0008,1,-0.0008,1,0.002391,0.5,,0,,0,,0,,0,0.000732,0.95,-0.0008,1,-0.000749,1,-0.000136,0.31,,0,0.000221,0.03,-0.000187,0.63,0.000349,0.5,-0.0008,0.95
2019-02-26,0.000426,1,0.001064,1,,0,,0,,0,,0,,0,0.002749,1,-0.000162,1,-0.000391,1,0.001932,0.55,,0,,0,,0,,0,0.000962,0.89,-0.000621,1,-0.000596,1,0.00086,0.31,,0,0.000604,0.03,0.000783,0.63,0.000834,0.5,-0.000443,0.95
2019-03-05,-0.000647,1,0.000196,1,,0,,0,,0,,0,,0,0.001396,1,-0.000826,1,-0.000749,1,0.001626,0.5,,0,,0,,0,,0,0.000145,0.89,-0.000672,1,-0.000647,1,0.000374,0.31,,0,0.000068,0.03,-0.000136,0.63,0.000477,0.5,-0.000672,0.95
2019-03-12,-0.000111,1,0.00063,1,-0.001336,1,,0,,0,,0,-0.001183,0.33,0.004,1,-0.000621,1,-0.000545,1,0.000681,0.55,,0,,0,,0,-0.001183,0.05,0.00114,0.95,-0.000749,1,-0.000647,1,0.000068,0.32,,0,-0.000111,0.03,0.000298,0.63,0.000732,0.5,-0.000749,0.95
2019-03-19,0.000451,1,0.001779,1,,0,,0,,0,,0,,0,0.003081,1,-0.000111,1,-0.000264,1,0.001804,0.55,,0,,0,,0,,0,0.002213,0.89,-0.000596,1,-0.000468,1,0.001345,0.31,,0,0.000987,0.03,0.000655,0.63,0.001013,0.5,-0.000238,0.95
2019-03-26,-0.000289,1,-0.000596,1,,0,,0,,0,,0,,0,0.000323,1,-0.000647,1,-0.000647,1,0.000911,0.5,,0,,0,,0,,0,0.000094,0.89,-0.000698,1,-0.000749,1,0.000043,0.31,,0,-0.000519,0.03,-0.000136,0.61,0.00017,0.5,-0.000596,0.95
2019-04-02,-0.000826,1,-0.000315,1,,0,,0,,0,,0,,0,0.00086,1,-0.000928,1,-0.000749,1,0.000732,0.55,,0,,0,,0,,0,0.000068,0.89,-0.000698,1,-0.000774,1,-0.000136,0.31,,0,0.000579,0.03,0.000043,0.63,0.00086,0.5,-0.000545,0.95
2019-04-09,0.000017,1,0.000145,1,,0,,0,,0,,0,,0,0.00114,1,-0.000111,1,-0.00006,1,0.002672,0.45,,0,,0,,0,,0,0.00137,0.95,-0.000468,1,-0.000494,1,0.001728,0.31,,0,0.000681,0.02,0.001268,0.6,0.001064,0.5,-0.000213,0.95
2019-04-16,-0.000366,1,0.000068,1,,0,,0,,0,,0,,0,0.0004,1,-0.000698,1,-0.000596,1,0.00086,0.55,,0,,0,,0,,0,-0.000136,0.89,-0.000647,1,-0.000621,1,0.000757,0.31,,0,0.000196,0.03,0.000834,0.63,-0.000034,0.48,-0.000698,0.95
2019-04-23,-0.000417,1,0.000579,1,,0,,0,,0,,0,,0,0.001319,1,-0.00057,1,-0.000519,1,0.002545,0.5,,0,,0,,0,,0,0.000502,0.95,-0.000596,1,-0.000596,1,0.000911,0.31,,0,0.000706,0.02,0.001243,0.61,0.000783,0.5,-0.000468,0.95
2019-04-30,-0.000315,1,0.001064,1,,0,,0,,0,,0,,0,0.002111,1,-0.000545,1,-0.000443,1,0.002085,0.55,,0,,0,,0,,0,0.000426,0.95,-0.000494,1,-0.000545,1,0.001243,0.31,,0,0.002034,0.03,0.001626,0.63,0.001013,0.48,-0.000366,0.95
2019-05-07,0.000655,1,0.001421,1,,0,,0,,0,,0,,0,0.001396,1,-0.000443,1,-0.000621,1,0.002136,0.5,,0,,0,,0,,0,0.000553,0.89,-0.000672,1,-0.000621,1,0.000987,0.31,,0,0.000298,0.02,0.000783,0.61,0.000809,0.48,-0.000647,0.95
2019-05-14,0.000043,1,0.001319,1,,0,,0,,0,,0,,0,0.002494,1,-0.000749,1,-0.000213,1,0.001498,0.45,,0,,0,,0,,0,0.000962,0.89,-0.000672,1,-0.000749,1,0.000681,0.31,,0,0.001472,0.03,0.000221,0.6,-0.000009,0.5,-0.000672,0.95
2019-05-21,0.00017,1,0.001191,1,,0,,0,,0,,0,,0,0.001345,1,-0.000723,1,-0.000519,1,0.001804,0.5,,0,,0,,0,,0,0.000681,0.89,-0.001055,1,-0.001106,1,-0.00034,0.31,,0,0.002621,0.03,0.002238,0.6,0.001038,0.48,-0.000851,0.95
2019-05-28,-0.000264,1,-0.00006,1,,0,,0,,0,,0,,0,0.000987,1,-0.000621,1,-0.000417,1,0.000349,0.55,,0,,0,,0,,0,0.000911,0.89,-0.000774,1,-0.000774,1,-0.000085,0.31,,0,0.001013,0.02,0.000119,0.6,-0.000187,0.5,-0.000647,0.95
2019-06-04,0.000349,1,0.001957,1,,0,,0,,0,,0,,0,0.003157,1,-0.000264,1,-0.000264,1,0.003055,0.55,,0,,0,,0,,0,0.0016,0.89,-0.000621,1,-0.000621,1,0.000119,0.31,,0,0.001932,0.03,0.001702,0.63,0.000783,0.5,-0.000647,0.95
2019-06-11,-0.000443,1,0.001447,1,,0,,0,,0,,0,,0,0.002034,1,-0.000902,1,-0.000698,1,0.001549,0.55,,0,,0,,0,,0,0.000681,0.89,-0.00103,1,-0.000953,1,0.000655,0.31,,0,0.003821,0.03,0.002494,0.6,0.000604,0.5,-0.001004,0.95
2019-06-18,0.000426,1,0.001115,1,,0,,0,,0,,0,,0,0.002443,1,-0.000545,1,-0.000315,1,0.004,0.5,,0,,0,,0,,0,0.00063,0.89,-0.000698,1,-0.000621,1,0.001038,0.31,,0,0.002902,0.03,0.002749,0.63,0.001906,0.48,-0.000468,0.95
2019-06-25,-0.000289,1,0.000553,1,,0,,0,,0,,0,,0,0.000911,1,-0.000672,1,-0.00057,1,0.001804,0.5,,0,,0,,0,,0,0.00017,0.89,-0.000698,1,-0.000698,1,0.00063,0.31,,0,0.000323,0.02,0.000706,0.61,0.000196,0.48,-0.000723,0.95
2019-07-02,-0.000698,1,0.000017,1,,0,,0,,0,,0,,0,0.002826,1,-0.000723,1,-0.000443,1,0.001753,0.45,,0,,0,,0,,0,0.000987,0.89,-0.0008,1,-0.000672,1,0.002366,0.31,,0,0.004,0.02,0.002774,0.61,0.001191,0.48,-0.000749,0.95
2019-07-09,0.000221,1,0.002774,1,,0,,0,,0,,0,,0,0.003209,1,-0.000136,1,-0.000009,1,0.001523,0.55,,0,,0,,0,,0,0.001651,0.95,-0.000647,1,-0.000494,1,0.000451,0.31,,0,0.001549,0.02,0.002698,0.64,0.001447,0.5,-0.000519,0.95
2019-07-16,-0.000468,1,0.000426,1,,0,,0,,0,,0,,0,0.000757,1,-0.000494,1,-0.000621,1,0.000732,0.5,,0,,0,,0,,0,0.000885,0.95,-0.000647,1,-0.00057,1,-0.000009,0.31,,0,0.00206,0.02,0.001728,0.61,0.000987,0.48,-0.000468,0.95
2019-07-23,-0.000621,1,0.000426,1,,0,,0,,0,,0,,0,0.002826,1,-0.000698,1,-0.00057,1,0.001294,0.5,,0,,0,,0,,0,0.000911,0.95,-0.000621,1,-0.000417,1,0.000349,0.31,,0,0.002034,0.02,0.001983,0.63,0.001013,0.5,-0.00057,0.95
2019-07-30,0.000681,1,0.000528,1,,0,,0,,0,,0,,0,0.002034,1,-0.000443,1,-0.000289,1,0.003285,0.5,,0,,0,,0,,0,0.000706,0.95,-0.000596,1,-0.00057,1,0.001038,0.31,,0,0.003949,0.02,0.003132,0.63,0.00114,0.48,-0.000417,0.95
2019-08-06,0.000349,1,0.002366,1,,0,,0,,0,,0,,0,0.002621,1,-0.000723,1,-0.000468,1,0.00234,0.5,,0,,0,,0,,0,0.001881,0.95,-0.000826,1,-0.000621,1,0.000298,0.31,,0,0.002187,0.02,0.00183,0.63,0.000528,0.5,-0.000672,0.95
2019-08-13,-0.000213,1,0.000962,1,,0,,0,,0,,0,,0,0.002264,1,-0.000596,1,-0.000519,1,0.003362,0.5,,0,,0,,0,,0,0.002136,0.95,-0.000494,1,-0.00057,1,0.000936,0.31,,0,0.004,0.02,0.00354,0.63,0.001064,0.5,-0.000315,0.95
2019-08-20,0.000987,1,0.003872,1,,0,,0,,0,,0,,0,0.004,1,-0.00034,1,0.000323,1,0.002366,0.5,,0,,0,,0,,0,0.00234,0.89,-0.000774,1,-0.000621,1,0.000885,0.29,,0,0.002596,0.02,0.002621,0.63,0.001906,0.48,-0.000545,0.95
2019-08-27,0.000655,1,0.002468,1,,0,,0,,0,,0,,0,0.003566,1,-0.000264,1,-0.000264,1,0.004,0.45,,0,,0,,0,,0,0.002774,0.95,-0.000596,1,-0.000596,1,0.001166,0.31,,0,0.002928,0.03,0.003311,0.63,0.001498,0.48,-0.00057,0.95
2019-09-03,0.000706,1,0.002136,1,,0,,0,,0,,0,,0,0.004,1,-0.000315,1,-0.000187,1,0.003438,0.5,,0,,0,,0,,0,0.002928,0.84,-0.000749,1,-0.000698,1,0.00137,0.31,,0,0.004,0.03,0.003004,0.61,0.001115,0.5,-0.000468,0.95
2019-09-10,0.000247,1,0.002417,1,,0,,0,,0,,0,,0,0.001217,1,0.000017,1,0.000426,1,0.003923,0.5,,0,,0,,0,,0,0.002621,0.95,-0.000468,1,-0.000264,1,0.001983,0.31,,0,0.001115,0.03,0.002187,0.61,0.001217,0.5,-0.000085,0.95
2019-09-17,0.000553,1,0.001472,1,,0,,0,,0,,0,,0,0.002417,1,-0.000417,1,-0.00034,1,0.002391,0.55,,0,,0,,0,,0,0.0016,0.89,-0.000902,1,-0.000647,1,0.001243,0.31,,0,0.004,0.03,0.004,0.63,0.001677,0.5,-0.000494,0.95
2019-09-24,-0.001081,1,-0.000826,1,,0,,0,,0,,0,,0,-0.000672,1,-0.000953,1,-0.000953,1,0.002289,0.5,,0,,0,,0,,0,0.000834,0.95,-0.000979,0.95,-0.001004,0.97,0.000094,0.25,,0,0.000962,0.02,0.001243,0.61,0.000221,0.39,-0.000979,0.88
2019-10-01,0.0004,1,0.001191,1,,0,,0,,0,,0,,0,0.001421,1,-0.000162,1,-0.000519,1,0.001447,0.5,,0,,0,,0,,0,0.002085,0.95,-0.0008,1,-0.000749,0.98,0.000936,0.31,,0,0.003898,0.03,0.00326,0.61,0.001294,0.5,-0.000366,0.95
2019-10-08,-0.000596,1,0.000196,1,,0,,0,,0,,0,,0,0.00206,1,-0.00057,1,-0.000621,1,0.002979,0.5,,0,,0,,0,,0,0.001651,0.89,-0.001081,1,-0.000672,1,0.000834,0.31,,0,0.002085,0.02,0.00326,0.61,0.001574,0.47,-0.000953,0.92
2019-10-15,0.000553,1,0.000706,1,,0,,0,,0,,0,,0,0.001472,1,-0.000417,1,-0.000315,1,0.002111,0.55,,0,,0,,0,,0,0.001932,0.95,-0.000826,1,-0.000698,1,0.001881,0.31,,0,0.004,0.03,0.004,0.63,0.001804,0.5,-0.000238,0.95
2019-10-22,0.000911,1,0.003157,1,,0,,0,,0,,0,,0,0.004,1,-0.000238,1,-0.000034,1,0.004,0.55,,0,,0,,0,,0,0.003183,0.95,-0.000774,1,-0.000417,1,0.002187,0.31,,0,0.003209,0.03,0.003234,0.64,0.00326,0.5,-0.000187,0.95
2019-10-29,-0.000621,1,0.000145,1,,0,,0,,0,,0,,0,0.001089,1,-0.000877,1,-0.000596,1,0.003004,0.5,,0,,0,,0,,0,0.000783,0.95,-0.000851,0.98,-0.000774,1,0.001038,0.31,,0,0.002698,0.03,0.002519,0.6,0.0016,0.5,-0.000417,0.95
2019-11-05,0.00086,1,0.001983,1,,0,,0,,0,,0,,0,0.003413,1,-0.000315,1,0.000043,1,0.003719,0.55,,0,,0,,0,,0,0.00303,0.95,-0.000596,1,-0.000494,1,0.000936,0.31,,0,0.002979,0.03,0.003489,0.63,0.002723,0.5,-0.00006,0.95
2019-11-12,-0.000468,1,0.000502,1,,0,,0,,0,,0,,0,0.001268,1,-0.000826,1,-0.000851,1,0.004,0.45,,0,,0,,0,,0,0.001294,0.95,-0.000979,1,-0.000877,1,0.000528,0.31,,0,0.00303,0.03,0.001447,0.63,0.00063,0.5,-0.000621,0.95
2019-11-19,-0.000264,1,0.0004,1,,0,,0,,0,,0,,0,0.001932,1,-0.000647,1,-0.000545,1,0.002953,0.55,,0,,0,,0,,0,0.001498,0.95,-0.000698,1,-0.00057,1,0.000681,0.31,,0,0.001677,0.03,0.001064,0.63,0.00063,0.5,-0.000443,0.95
2019-11-26,0.000604,1,0.00257,1,,0,,0,,0,,0,,0,0.002774,1,-0.000034,1,0.000502,1,0.003438,0.55,,0,,0,,0,,0,0.001702,0.89,-0.000443,1,-0.000417,1,0.000987,0.31,,0,0.001881,0.03,0.001038,0.61,0.001396,0.5,-0.000315,0.95
2019-12-03,-0.000238,1,-0.000009,1,,0,,0,,0,,0,,0,0.000477,1,-0.000545,1,-0.000494,1,0.00086,0.55,,0,,0,,0,,0,0.000706,0.95,-0.000723,1,-0.000621,1,0.001166,0.31,,0,0.001064,0.03,0.001523,0.63,0.001038,0.5,-0.000545,0.95
2019-12-10,-0.000698,1,0.002213,1,,0,,0,,0,,0,,0,0.000196,1,-0.0008,1,-0.000596,1,0.002953,0.55,,0,,0,,0,,0,0.001191,0.95,-0.000979,1,-0.000902,1,0.000604,0.31,,0,0.001574,0.03,0.000987,0.64,0.00086,0.48,-0.000851,0.95
2019-12-17,-0.000698,1,0.000043,1,,0,,0,,0,,0,,0,0.000885,1,-0.000749,1,-0.000749,1,0.001677,0.55,,0,,0,,0,,0,0.000426,0.95,-0.000851,1,-0.000672,1,0.000987,0.31,,0,0.001421,0.03,0.001498,0.63,0.002621,0.48,-0.000647,0.95
2019-12-24,-0.000315,1,0.001779,1,,0,,0,,0,,0,,0,0.00114,1,-0.000468,1,-0.000315,1,0.003515,0.5,,0,,0,,0,,0,0.001191,0.89,-0.000647,1,-0.000468,1,0.001574,0.31,,0,0.001396,0.03,0.001064,0.63,0.001396,0.48,-0.000162,0.95
2019-12-31,-0.000366,1,0.000349,1,,0,,0,,0,,0,,0,0.000809,1,-0.000366,1,-0.000315,1,0.001447,0.55,,0,,0,,0,,0,0.001447,0.95,-0.000596,1,-0.000391,1,0.00137,0.31,,0,0.001804,0.03,0.001115,0.63,0.000962,0.5,-0.000417,0.95
2020-01-01,-0.000085,1,0.000349,1,,0,,0,,0,,0,,0,0.00086,1,-0.00034,1,-0.000111,1,0.002187,0.55,,0,,0,,0,,0,0.002366,0.95,-0.00057,1,-0.00034,1,0.00137,0.31,,0,0.001804,0.03,0.001702,0.63,0.001728,0.5,-0.00034,0.95
2020-01-08,0.000068,1,0.000757,1,,0,,0,,0,,0,,0,0.001574,1,-0.00034,1,-0.000264,1,0.00257,0.55,,0,,0,,0,,0,0.000783,0.95,-0.000519,1,-0.000443,1,0.002111,0.31,,0,0.002264,0.03,0.002034,0.63,0.001472,0.5,-0.000111,0.95
2020-01-15,-0.00057,1,0.001294,1,,0,,0,,0,,0,,0,-0.000213,1,-0.000391,1,-0.000264,1,0.003438,0.5,,0,,0,,0,,0,0.000298,0.95,-0.000545,1,-0.000621,0.98,0.000502,0.31,,0,0.00234,0.03,0.002111,0.63,0.001243,0.48,-0.000545,0.95
2020-01-22,0.0004,1,0.001268,1,,0,,0,,0,,0,,0,0.003055,1,-0.000162,1,0.000094,1,0.002494,0.55,,0,,0,,0,,0,0.002443,0.95,-0.000443,1,-0.00034,1,0.003157,0.31,,0,0.002596,0.03,0.002723,0.63,0.002417,0.5,-0.000468,0.95
2020-01-29,0.000374,1,0.001779,1,,0,,0,,0,,0,,0,0.003464,1,-0.000519,1,-0.000366,1,0.001855,0.55,,0,,0,,0,,0,0.001038,0.95,-0.000647,1,-0.000621,1,0.001064,0.31,,0,0.002264,0.03,0.000553,0.61,0.001089,0.5,-0.000545,0.95
2020-02-05,-0.000698,1,0.000145,1,,0,,0,,0,,0,,0,0.001804,1,-0.000851,1,-0.000647,1,-0.000162,0.55,,0,,0,,0,,0,0.000757,0.89,-0.000749,1,-0.000723,1,0.000553,0.31,,0,0.000221,0.03,0.000145,0.63,0.000017,0.5,-0.000774,0.95
2020-02-12,0.000706,1,0.001345,1,,0,,0,,0,,0,,0,0.00326,1,-0.000111,1,0.000221,1,0.002647,0.55,,0,,0,,0,,0,0.002443,0.89,-0.000519,1,-0.000213,1,0.002366,0.31,,0,0.001651,0.03,0.001549,0.63,0.001779,0.5,-0.00034,0.95
2020-02-19,-0.000468,1,0.000247,1,,0,,0,,0,,0,,0,0.000068,1,-0.000443,1,-0.00034,1,0.001064,0.5,,0,,0,,0,,0,0.000247,0.89,-0.000519,1,-0.000443,1,0.001472,0.31,,0,0.00114,0.03,0.001115,0.64,0.000911,0.5,-0.000468,0.95
2020-02-26,-0.000494,1,-0.000289,1,,0,,0,,0,,0,,0,-0.000468,1,-0.000621,1,-0.00057,1,0.001089,0.45,,0,,0,,0,,0,-0.000187,0.95,-0.000621,1,-0.000621,1,0.0004,0.31,,0,-0.000723,0.03,-0.000443,0.64,-0.000136,0.5,-0.000545,0.95
2020-03-04,0.000247,1,0.00137,1,,0,,0,,0,,0,,0,0.002085,1,-0.000723,1,-0.000774,1,0.003081,0.5,,0,,0,,0,,0,-0.000187,0.95,-0.000877,1,-0.000774,1,0.000502,0.31,,0,-0.000085,0.02,0.000655,0.63,0.000119,0.48,-0.000826,0.95
2020-03-11,0.000349,1,0.000681,1,,0,,0,,0,,0,,0,0.000145,1,-0.000391,1,-0.000111,1,0.001957,0.55,,0,,0,,0,,0,0.000706,0.95,-0.000468,1,-0.000417,1,0.00086,0.31,,0,0.001421,0.03,0.000987,0.63,0.000757,0.5,-0.000417,0.95
2020-03-18,0.000349,1,0.00063,1,,0,,0,,0,,0,,0,0.000757,1,-0.00034,1,-0.000085,1,0.00086,0.55,,0,,0,,0,,0,0.000604,0.89,-0.00057,0.98,-0.000647,1,-0.000009,0.31,,0,0.001498,0.03,0.001626,0.6,0.000477,0.48,-0.000443,0.95
2020-03-25,0.000043,1,0.000272,1,,0,,0,,0,,0,,0,0.000885,1,-0.000417,1,-0.000366,1,0.001932,0.5,,0,,0,,0,,0,0.000451,0.89,-0.000417,1,-0.000315,1,0.001294,0.31,,0,0.00063,0.02,0.000579,0.6,0.000579,0.5,-0.000366,0.95
2020-04-01,0.000477,1,0.0016,1,,0,,0,,0,,0,,0,0.003643,1,-0.00006,1,0.000068,1,0.003974,0.5,,0,,0,,0,,0,0.002085,0.95,-0.000417,1,-0.000366,1,0.002162,0.31,,0,0.000936,0.03,0.000502,0.61,0.000655,0.5,-0.000213,0.95
2020-04-08,0.001574,1,0.002647,1,,0,,0,,0,,0,,0,0.00377,1,0.000043,1,0.000349,1,0.004,0.45,,0,,0,,0,,0,0.002264,0.89,-0.000545,1,-0.000672,1,0.002877,0.31,,0,-0.00006,0.02,0.000987,0.63,0.001472,0.48,-0.00034,0.95
2020-04-15,0.000936,1,0.002238,1,,0,,0,,0,,0,,0,0.004,1,-0.000213,1,-0.000187,1,0.002213,0.5,,0,,0,,0,,0,0.002443,0.95,-0.000723,1,-0.00057,1,0.00303,0.31,,0,0.0004,0.02,0.000579,0.61,0.001013,0.48,-0.000621,0.95
2020-04-22,0.000374,1,0.00086,1,,0,,0,,0,,0,,0,0.002672,1,-0.00034,1,-0.000289,1,0.002391,0.5,,0,,0,,0,,0,0.001804,0.89,-0.000545,1,-0.000468,1,0.001191,0.31,,0,0.00114,0.03,0.000349,0.61,0.000298,0.5,-0.000519,0.95
2020-04-29,0.001013,1,0.002647,1,,0,,0,,0,,0,,0,0.004,1,-0.000213,1,0.000298,1,0.004,0.45,,0,,0,,0,,0,0.0016,0.95,-0.000519,1,-0.00034,1,0.002545,0.31,,0,0.000936,0.03,0.000681,0.63,0.000502,0.5,-0.000519,0.95
2020-05-06,-0.000213,1,0.001421,1,,0,,0,,0,,0,,0,0.00377,1,-0.000774,1,-0.00057,1,0.003132,0.45,,0,,0,,0,,0,0.00137,0.89,-0.000749,1,-0.000826,1,0.000426,0.31,,0,-0.000085,0.02,-0.000443,0.6,-0.000468,0.48,-0.000774,0.95
2020-05-13,0.000272,1,0.000732,1,,0,,0,,0,,0,,0,0.003668,1,-0.000545,1,-0.000443,1,0.000196,0.45,,0,,0,,0,,0,0.001345,0.84,-0.000851,1,-0.000723,1,0.0004,0.31,,0,0.000502,0.02,0.000987,0.57,-0.000136,0.45,-0.000672,0.95
2020-05-20,-0.000596,1,-0.00006,1,,0,,0,,0,,0,,0,0.0004,1,-0.000494,1,-0.000519,1,0.001191,0.45,,0,,0,,0,,0,0.000579,0.89,-0.000698,1,-0.000851,1,0.001166,0.31,,0,0.000298,0.02,0.000681,0.6,0.00114,0.48,-0.000596,0.95
2020-05-27,-0.000647,1,-0.000443,1,,0,,0,,0,,0,,0,-0.000264,1,-0.000851,1,-0.000851,1,-0.000009,0.4,,0,,0,,0,,0,-0.000213,0.89,-0.000877,1,-0.000877,1,-0.000136,0.29,,0,0.001523,0.03,0.000706,0.6,-0.000417,0.47,-0.000774,0.95
2020-06-03,0.000145,1,0.001881,1,,0,,0,,0,,0,,0,0.001957,1,-0.000443,1,-0.00006,1,0.002187,0.45,,0,,0,,0,,0,0.000885,0.89,-0.000672,1,-0.000621,1,0.000757,0.31,,0,0.000477,0.02,0.000757,0.61,0.001268,0.48,0.000196,0.95
2020-06-10,0.000323,1,0.003643,1,,0,,0,,0,,0,,0,0.002596,1,0.000094,1,0.000579,1,0.003643,0.45,,0,,0,,0,,0,0.002034,0.84,-0.000391,1,-0.000187,1,0.000987,0.31,,0,0.001677,0.03,0.001574,0.58,0.000732,0.5,-0.000162,0.95
2020-06-17,0.000477,1,0.0004,1,,0,,0,,0,,0,,0,0.002494,1,-0.000545,1,-0.00034,1,0.00137,0.5,,0,,0,,0,,0,0.001089,0.89,-0.000723,1,-0.000494,1,0.000477,0.31,,0,0.000298,0.02,0.001345,0.58,0.000706,0.5,-0.000545,0.95
2020-06-24,0.000553,1,0.002111,1,,0,,0,,0,,0,,0,0.002723,1,-0.000289,1,-0.000034,1,0.003387,0.5,,0,,0,,0,,0,0.001345,0.89,-0.000723,1,-0.000494,1,0.000426,0.31,,0,0.002391,0.02,0.002494,0.63,0.001013,0.48,-0.000698,0.95
2020-07-01,0.000068,1,0.002264,1,,0,,0,,0,,0,,0,0.002698,1,-0.000596,1,-0.000519,1,0.002213,0.5,,0,,0,,0,,0,0.000732,0.89,-0.000723,1,-0.000468,1,0.000706,0.31,,0,0.002902,0.02,0.002494,0.6,0.002877,0.48,-0.000443,0.95
2020-07-08,0.000145,1,0.000553,1,,0,,0,,0,,0,,0,0.002494,1,-0.000519,1,-0.000596,1,0.001115,0.45,,0,,0,,0,,0,0.001217,0.89,-0.000596,1,-0.000647,1,0.000272,0.31,,0,0.002596,0.03,0.002264,0.64,0.000502,0.48,-0.000468,0.95
2020-07-15,0.000247,1,0.000783,1,,0,,0,,0,,0,,0,0.0028,1,-0.00034,1,-0.000264,1,0.001523,0.5,,0,,0,,0,,0,0.001932,0.89,-0.000596,1,-0.000519,1,0.000681,0.31,,0,0.003285,0.02,0.002443,0.61,0.001217,0.48,-0.00057,0.95
2020-07-22,0.001523,1,0.002647,1,,0,,0,,0,,0,,0,0.004,1,0.000451,1,0.000451,1,0.001549,0.45,,0,,0,,0,,0,0.002034,0.89,-0.000417,1,-0.000391,1,0.000936,0.31,,0,0.002494,0.03,0.002877,0.63,0.001319,0.5,-0.000264,0.95
2020-07-29,-0.000315,1,0.000272,1,,0,,0,,0,,0,,0,0.000579,1,-0.000519,1,-0.00034,1,0.001217,0.5,,0,,0,,0,,0,0.000579,0.84,-0.000621,1,-0.00057,1,0.000783,0.31,,0,0.004,0.02,0.003055,0.63,0.001013,0.47,-0.000698,0.95
2020-08-05,-0.000545,1,0.000094,1,,0,,0,,0,,0,,0,0.000987,1,-0.000774,1,-0.000698,1,0.00063,0.45,,0,,0,,0,,0,0.000477,0.89,-0.000774,1,-0.000774,1,0.000528,0.31,,0,0.001753,0.02,0.001728,0.61,0.000885,0.48,-0.000621,0.95
2020-08-12,0.000094,1,0.001038,1,,0,,0,,0,,0,,0,0.002136,1,0.000017,1,-0.000264,1,0.001396,0.45,,0,,0,,0,,0,0.001166,0.89,-0.000468,1,-0.000391,1,0.001166,0.31,,0,0.001115,0.03,0.002366,0.6,0.001626,0.48,-0.000289,0.95
2020-08-19,-0.000545,1,0.000349,1,,0,,0,,0,,0,,0,0.001957,1,-0.000698,1,-0.000519,1,0.001268,0.55,,0,,0,,0,,0,0.000145,0.89,-0.000672,1,-0.000545,1,0.000911,0.31,,0,0.001804,0.02,0.001115,0.61,0.000604,0.48,-0.000647,0.95
2020-08-26,-0.000519,1,-0.000034,1,,0,,0,,0,,0,,0,0.000655,1,-0.000723,1,-0.0008,1,0.000502,0.45,,0,,0,,0,,0,0.000043,0.84,-0.000826,1,-0.000902,0.9,0.000196,0.31,,0,0.000681,0.02,0.001038,0.6,0.001191,0.48,-0.000647,0.92
2020-09-02,0.000374,1,0.000017,1,,0,,0,,0,,0,,0,0.000502,1,-0.000519,1,-0.000443,1,0.001243,0.5,,0,,0,,0,,0,0.000962,0.89,-0.000647,1,-0.00057,1,0.001651,0.31,,0,0.00257,0.02,0.002289,0.61,0.001651,0.48,-0.000545,0.95
2020-09-09,0.000809,1,0.001804,1,,0,,0,,0,,0,,0,0.001906,1,-0.000187,1,0.000732,1,0.004,0.55,,0,,0,,0,,0,0.00206,0.95,-0.000647,1,-0.000468,1,0.001345,0.31,,0,0.000477,0.03,0.001651,0.63,0.000834,0.5,-0.000647,0.95
2020-09-16,0.001753,1,0.003872,1,,0,,0,,0,,0,,0,0.004,1,-0.000111,1,0.000911,1,0.00303,0.55,,0,,0,,0,,0,0.003004,0.89,-0.000928,0.97,-0.000621,1,0.001549,0.31,,0,0.001115,0.02,0.002877,0.6,0.001855,0.5,-0.000596,0.95
2020-09-23,0.001166,1,0.002596,1,,0,,0,,0,,0,0.002085,0.33,0.004,1,-0.000289,1,0.000094,1,0.001906,0.55,,0,,0,,0,,0,0.003336,0.89,-0.000596,1,-0.000494,1,0.002391,0.31,,0,0.00377,0.02,0.003643,0.61,0.00257,0.5,-0.000391,0.95
2020-09-30,-0.000085,1,0.001064,1,,0,,0,,0,,0,,0,0.001906,1,-0.000494,1,-0.000417,1,0.001626,0.5,,0,,0,,0,,0,0.002187,0.95,-0.000545,1,-0.000647,1,0.000145,0.31,,0,0.003694,0.03,0.003694,0.61,0.002162,0.48,-0.000596,0.95
2020-10-07,-0.000187,1,0.00183,1,,0,,0,,0,,0,,0,0.001498,1,0.000145,1,0.000145,1,0.002519,0.5,,0,,0,,0,,0,0.003821,0.95,-0.000596,1,-0.000289,1,0.001217,0.31,,0,0.000732,0.02,0.0016,0.63,0.001064,0.5,-0.000366,0.95
2020-10-14,0.000119,1,0.00114,1,,0,,0,,0,,0,,0,0.002672,1,-0.000494,1,-0.000315,1,0.001574,0.5,,0,,0,,0,,0,0.00183,0.95,-0.000774,1,-0.000545,1,0.000706,0.31,,0,0.003387,0.03,0.002979,0.6,0.001472,0.52,-0.000238,0.95
2020-10-21,0.00017,1,0.00086,1,,0,,0,,0,,0,,0,0.001728,1,-0.000545,1,-0.000264,1,0.001574,0.55,,0,,0,,0,,0,0.001268,0.95,-0.000698,1,-0.000468,1,0.001396,0.31,,0,0.002698,0.03,0.002698,0.61,0.001064,0.5,-0.000647,0.95
2020-10-28,-0.000366,1,-0.000034,1,,0,,0,,0,,0,,0,0.000451,1,-0.000596,1,-0.000749,1,0.001294,0.5,,0,,0,,0,,0,0.000553,0.89,-0.000723,1,-0.000774,0.98,0.000017,0.31,,0,0.001626,0.03,0.002289,0.61,0.001191,0.5,-0.000596,0.95
2020-11-04,0.000119,1,0.001013,1,,0,,0,,0,,0,,0,0.000681,1,-0.000877,1,-0.000545,1,0.002519,0.45,,0,,0,,0,,0,-0.000162,0.89,-0.001004,0.98,-0.000953,0.94,-0.000519,0.28,,0,0.001064,0.02,0.001472,0.57,0.001013,0.5,-0.000953,0.92
2020-11-11,0.00063,1,0.001447,1,,0,,0,,0,,0,,0,0.003132,1,-0.000928,0.48,-0.001183,0.84,0.001523,0.4,,0,,0,,0,,0,0.001217,0.58,-0.001183,0.7,-0.001132,0.73,-0.000085,0.29,,0,0.000477,0.02,0.001779,0.54,0.00086,0.47,-0.000979,0.81
2020-11-18,0.000043,1,0.000272,1,,0,,0,,0,,0,,0,0.001421,1,-0.000443,1,0.000477,1,0.001294,0.45,,0,,0,,0,,0,0.001319,0.89,-0.000647,1,-0.00057,1,0.000757,0.31,,0,0.00063,0.03,0.001574,0.61,0.001728,0.48,-0.000238,0.95
2020-11-25,-0.000289,1,0.000247,1,,0,,0,,0,,0,,0,0.001217,1,-0.000596,1,-0.00057,1,0.002162,0.5,,0,,0,,0,,0,0.000732,0.95,-0.000723,0.95,-0.0008,1,0.000145,0.31,,0,0.001728,0.02,0.001166,0.61,0.001523,0.5,-0.000187,0.95
2020-12-02,-0.000034,1,0.001115,1,,0,,0,,0,,0,,0,0.002187,1,-0.000264,1,0.000374,1,0.002085,0.55,,0,,0,,0,,0,0.001753,0.95,-0.000621,1,-0.00034,1,0.001728,0.31,,0,0.002647,0.03,0.0028,0.61,0.002034,0.48,-0.000264,0.95
2020-12-09,-0.000519,1,-0.000009,1,,0,,0,,0,,0,,0,0.000936,1,-0.000672,1,-0.000443,1,0.002085,0.55,,0,,0,,0,,0,0.00114,0.95,-0.000672,1,-0.000519,1,0.001166,0.31,,0,0.001294,0.03,0.001396,0.63,0.001115,0.5,-0.000366,0.95
2020-12-16,-0.000085,1,0.000655,1,,0,,0,,0,,0,,0,0.000936,1,-0.000366,1,-0.000366,1,0.002443,0.5,,0,,0,,0,-0.000647,0.05,0.000579,0.95,-0.000749,0.97,-0.000494,1,0.000477,0.31,,0,0.001498,0.03,0.002009,0.61,0.001064,0.5,-0.00034,0.95
2021-01-01,-0.000264,1,0.000196,1,,0,,0,,0,,0,,0,0.000477,1,-0.000596,1,-0.000519,1,0.001549,0.6,,0,,0,,0,,0,0.000426,0.95,-0.000519,1,-0.000545,1,0.001906,0.32,,0,0.001064,0.03,0.000936,0.69,0.001166,0.5,-0.000698,0.95
2021-01-08,0.000247,1,0.00086,1,,0,,0,,0,,0,,0,0.001089,1,-0.000136,1,-0.000111,1,0.001447,0.6,,0,,0,,0,,0,0.002187,0.95,-0.000494,1,-0.000289,1,0.001013,0.32,,0,0.002877,0.03,0.002494,0.69,0.001881,0.52,-0.000238,0.95
2021-01-15,0.003796,1,0.004,1,,0,,0,,0,,0,,0,0.004,1,0.001013,1,0.001319,1,0.004,0.6,,0,,0,,0,,0,0.003923,0.95,-0.000213,1,-0.000238,1,0.001702,0.32,,0,0.002749,0.03,0.002851,0.66,0.002187,0.5,0.000145,0.95
2021-01-22,0.000068,1,0.001421,1,,0,,0,,0,,0,,0,0.001906,1,0.000043,1,0.000323,1,0.001574,0.6,,0,,0,,0,,0,0.001472,0.95,-0.00057,0.97,-0.000417,1,0.001421,0.34,,0,0.001319,0.03,0.001498,0.67,0.001753,0.5,-0.000238,0.95
2021-01-29,0.000732,1,0.001574,1,,0,,0,,0,,0,,0,0.003362,1,0.000017,1,0.000323,1,0.002391,0.6,,0,,0,,0,,0,0.001906,0.95,-0.000417,1,-0.000111,1,0.00183,0.34,,0,0.000885,0.03,0.001345,0.69,0.001574,0.52,-0.000136,0.95
2021-02-05,-0.000468,1,0.000068,1,,0,,0,,0,,0,,0,-0.000111,1,-0.000519,1,-0.000545,1,0.000911,0.55,,0,,0,,0,,0,0.000681,0.95,-0.000545,1,-0.00057,1,-0.000187,0.32,,0,0.000757,0.03,0.001651,0.67,0.000783,0.5,-0.000289,0.95
2021-02-12,-0.00034,1,0.000094,1,,0,,0,,0,,0,,0,0.001089,1,-0.000519,1,-0.000443,1,0.000451,0.6,,0,,0,,0,,0,0.001243,0.95,-0.000596,1,-0.000494,1,0.000757,0.34,,0,0.000809,0.03,0.000962,0.67,0.001268,0.52,-0.000366,0.95
2021-02-19,0.000604,1,0.001651,1,,0,,0,,0,,0,,0,0.002468,1,-0.000315,1,0.000145,1,0.002672,0.55,,0,,0,,0,,0,0.002749,0.95,-0.000468,1,-0.000443,1,0.001523,0.34,,0,0.00114,0.03,0.001217,0.67,0.001268,0.52,-0.000238,0.95
2021-02-26,0.000451,1,0.00137,1,,0,,0,,0,,0,,0,0.002749,1,0.000017,1,0.000426,1,0.001626,0.6,,0,,0,,0,0.00137,0.05,0.001523,0.95,-0.000213,1,-0.000213,1,0.001217,0.34,,0,0.000834,0.03,0.001013,0.67,0.001421,0.52,-0.000136,0.95
2021-03-05,0.0004,1,0.001804,1,,0,,0,,0,,0,,0,0.003004,1,0.000145,1,-0.000085,1,0.002187,0.6,,0,,0,,0,,0,0.002136,0.95,-0.000213,1,-0.000238,1,0.001115,0.32,,0,0.000374,0.03,0.001345,0.69,0.001089,0.52,-0.000085,0.95
2021-03-12,-0.000417,1,0.000374,1,,0,,0,,0,,0,,0,0.001294,1,-0.000672,1,-0.000545,1,0.001626,0.6,,0,,0,,0,,0,0.000196,0.89,-0.000723,1,-0.000621,1,0.00137,0.31,,0,0.000809,0.03,0.000757,0.64,0.000017,0.48,-0.000928,0.95
2021-03-19,0.000732,1,0.001345,1,,0,,0,,0,,0,,0,0.00206,1,0.000374,1,0.000247,1,0.002519,0.6,,0,,0,,0,,0,0.001447,1,-0.00006,1,-0.000085,1,0.001626,0.34,,0,0.001115,0.02,0.001268,0.67,0.001089,0.52,0.000145,0.95
2021-03-26,-0.000519,1,0.000374,1,,0,,0,,0,,0,,0,0.00086,1,-0.000468,1,-0.000366,1,0.001166,0.55,,0,,0,,0,,0,0.001038,0.95,-0.000443,1,-0.000391,1,0.000834,0.32,,0,0.000043,0.03,0.000298,0.66,0.000323,0.5,-0.000315,0.95
2021-04-02,-0.000494,1,0.000068,1,,0,,0,,0,,0,,0,0.0004,1,-0.000391,1,-0.000391,1,0.000528,0.6,,0,,0,,0,,0,0.000349,0.95,-0.000443,1,-0.000315,1,0.001064,0.32,,0,0.000936,0.03,0.000732,0.67,0.000757,0.5,-0.000264,0.95
2021-04-09,-0.000621,1,0.000119,1,,0,,0,,0,,0,,0,0.000298,1,-0.000391,1,-0.000213,1,0.001064,0.55,,0,,0,,0,,0,0.001166,0.95,-0.000545,0.98,-0.000468,0.81,0.000987,0.31,,0,0.000655,0.03,0.001064,0.64,0.001345,0.5,-0.000187,0.94
2021-04-16,0.000885,1,0.002264,1,,0,,0,,0,,0,,0,0.003668,1,0.000119,1,0.000374,1,0.003643,0.6,,0,,0,,0,,0,0.003106,0.95,-0.000264,1,0.000017,1,0.002826,0.32,,0,0.00206,0.02,0.002774,0.63,0.001932,0.5,0.000017,0.95
2021-04-23,0.002443,1,0.004,1,,0,,0,,0,,0,,0,0.004,1,0.000834,1,0.001319,1,0.003515,0.55,,0,,0,,0,,0,0.002928,0.95,-0.000162,1,-0.000187,1,0.001753,0.32,,0,0.003004,0.03,0.003872,0.63,0.002596,0.5,-0.000238,0.95
2021-04-30,0.000732,1,0.001626,1,,0,,0,,0,,0,,0,0.003643,1,0.000017,1,0.000272,1,0.002443,0.6,,0,,0,,0,,0,0.002366,0.89,-0.000264,1,-0.000034,1,0.001498,0.32,,0,0.001115,0.03,0.001677,0.66,0.001753,0.52,-0.000009,0.95
2021-05-07,-0.000009,1,0.000809,1,,0,,0,,0,,0,,0,0.001396,1,-0.000315,1,-0.000162,1,0.00303,0.6,,0,,0,,0,,0,0.00114,0.95,-0.000366,1,-0.00034,1,0.001549,0.32,,0,0.001906,0.03,0.000987,0.63,0.000809,0.5,-0.00034,0.95
2021-05-14,-0.000443,1,0.000094,1,,0,,0,,0,,0,,0,0.000962,1,-0.000443,1,-0.00034,1,0.001498,0.6,,0,,0,,0,,0,0.001013,0.95,-0.000519,1,-0.000596,1,0.000655,0.31,,0,0.001753,0.02,0.001702,0.66,0.001166,0.52,-0.000417,0.95
2021-05-21,0.000068,1,0.000528,1,,0,,0,,0,,0,,0,0.000962,1,-0.000417,1,-0.000315,1,0.001932,0.55,,0,,0,,0,,0,0.000706,0.89,-0.000647,1,-0.000468,1,0.001115,0.31,,0,0.002162,0.03,0.001038,0.63,0.000477,0.5,-0.000723,0.95
2021-05-28,-0.000391,1,0.00063,1,,0,,0,,0,,0,,0,0.002366,1,-0.000519,1,-0.00034,1,0.00137,0.55,,0,,0,,0,,0,0.001243,0.95,-0.000443,1,-0.000366,1,0.001089,0.31,,0,0.002213,0.03,0.002264,0.64,0.001549,0.5,-0.000391,0.95
2021-06-04,-0.000596,1,0.000579,1,,0,,0,,0,,0,,0,0.000553,1,-0.000596,1,-0.000596,1,0.001166,0.55,,0,,0,,0,,0,0.000987,0.95,-0.000366,1,-0.000391,1,0.001089,0.31,,0,0.001166,0.03,0.001906,0.67,0.000374,0.52,-0.000494,0.95
2021-06-11,-0.00034,1,0.001217,1,-0.000596,1,,0,,0,,0,,0,0.00086,1,-0.000417,1,-0.000238,1,0.003055,0.6,,0,,0,,0,,0,0.001498,0.95,-0.000238,1,-0.000289,1,0.000119,0.32,,0,0.001728,0.03,0.002264,0.66,0.001498,0.5,-0.000289,0.95
2021-06-18,0.000706,1,0.0016,1,,0,,0,,0,,0,,0,0.001166,1,-0.000391,1,-0.000213,1,0.001115,0.55,,0,,0,,0,,0,0.000885,0.84,-0.000391,1,-0.000315,1,0.001421,0.31,,0,0.002698,0.03,0.002545,0.61,0.001166,0.48,-0.000391,0.95
2021-06-25,-0.000468,1,0.000962,1,,0,,0,,0,,0,,0,0.001115,1,-0.000519,1,-0.000315,1,0.001523,0.5,,0,,0,,0,,0,0.001217,0.68,-0.000877,0.97,-0.00057,1,0.000911,0.31,,0,-0.00034,0.02,0.000681,0.66,0.000681,0.52,-0.000468,0.88
2021-07-02,-0.000391,1,0.000885,1,,0,,0,,0,,0,,0,0.001396,1,-0.000749,1,-0.000596,1,0.000809,0.6,,0,,0,,0,,0,0.000987,0.95,-0.000315,1,-0.000238,1,0.000655,0.32,,0,0.002289,0.03,0.00234,0.63,0.000528,0.5,-0.000647,0.95
2021-07-09,-0.000213,1,0.000349,1,,0,,0,,0,,0,,0,0.001217,1,-0.00057,1,-0.000213,1,0.002519,0.45,,0,,0,,0,,0,0.000553,0.84,-0.000417,1,-0.000213,1,0.000834,0.31,,0,0.001549,0.03,0.003004,0.64,0.00114,0.42,-0.000264,0.88
2021-07-16,-0.00057,1,0.000834,1,,0,,0,,0,,0,,0,0.001217,1,-0.000264,1,-0.000315,1,0.0004,0.55,,0,,0,,0,,0,0.000323,0.95,-0.000366,1,0.000043,1,-0.000009,0.31,,0,0.000451,0.03,0.001191,0.66,0.000094,0.5,-0.000545,0.95
2021-07-23,0.000298,1,0.001089,1,,0,,0,,0,,0,,0,0.001855,1,-0.000315,1,-0.000111,1,0.000783,0.55,,0,,0,,0,,0,0.00063,0.89,0.000272,1,-0.000136,1,0.000655,0.31,,0,0.002494,0.02,0.001651,0.63,0.001345,0.48,-0.00034,0.95
2021-07-30,-0.000162,1,0.000987,1,,0,,0,,0,,0,,0,0.000936,1,-0.000136,1,-0.000187,1,0.001957,0.55,,0,,0,,0,,0,0.001651,0.95,0.000043,1,-0.000391,1,0.000272,0.32,,0,0.002468,0.02,0.003106,0.69,0.002034,0.5,0.000094,0.95
2021-08-06,0.000579,1,0.000145,1,,0,,0,,0,,0,,0,0.001651,1,0.00017,1,0.000068,1,0.000911,0.55,,0,,0,,0,,0,0.00183,0.95,-0.000136,1,-0.000213,1,0.000119,0.31,,0,0.003285,0.03,0.002391,0.63,0.001268,0.5,-0.000009,0.95
2021-08-13,-0.000443,1,0.000196,1,,0,,0,,0,,0,,0,0.000757,1,-0.000672,1,-0.000545,1,0.000477,0.55,,0,,0,,0,,0,0.001191,0.95,-0.000468,1,-0.000545,1,0.000681,0.31,,0,0.000681,0.02,0.001574,0.66,0.000323,0.48,-0.000545,0.95
2021-08-20,0.000145,1,0.000323,1,,0,,0,,0,,0,,0,0.001932,1,-0.000289,1,-0.000315,1,0.0016,0.5,,0,,0,,0,,0,0.000783,0.89,-0.000647,1,-0.000391,0.98,0.001523,0.31,,0,0.004,0.02,0.004,0.64,0.001472,0.5,-0.00034,0.95
2021-08-27,0.00017,1,0.000323,1,,0,,0,,0,,0,,0,0.000374,1,-0.000443,1,-0.000545,1,0.000962,0.55,,0,,0,,0,,0,0.000323,0.84,-0.000213,1,-0.000136,1,0.000604,0.31,,0,0.001268,0.02,0.001498,0.61,0.001396,0.48,-0.000443,0.95
2021-09-03,-0.000698,0.5,,0,,0,,0,,0,,0,,0,0.000783,1,-0.001081,0.81,-0.00057,1,-0.000111,0.3,,0,,0,,0,,0,0.000221,0.74,-0.000417,0.39,0.000145,0.95,-0.00034,0.26,,0,-0.00057,0.02,-0.000187,0.54,-0.000443,0.37,-0.000826,0.39
2021-09-10,0.001702,1,0.002417,1,,0,,0,,0,,0,,0,0.002545,1,0.000528,1,0.000502,1,0.0016,0.6,,0,,0,,0,,0,0.003872,0.95,0.000451,1,0.000017,1,0.001217,0.31,,0,0.003362,0.03,0.003234,0.64,0.002136,0.5,0.00017,0.95
2021-09-17,0.003081,1,0.004,1,,0,,0,,0,,0,,0,0.004,1,0.000349,1,0.001013,1,0.002672,0.55,,0,,0,,0,,0,0.004,0.89,-0.000213,1,0.000145,1,0.000834,0.31,,0,0.002238,0.03,0.002545,0.67,0.001728,0.48,0.000477,0.95
2021-09-24,-0.000238,1,0.0004,1,,0,,0,,0,,0,,0,0.001089,1,-0.000443,1,-0.000366,1,0.000247,0.5,,0,,0,,0,,0,0.000987,0.89,-0.000417,1,-0.000315,1,0.000247,0.31,,0,0.003157,0.03,0.00377,0.64,0.002289,0.5,-0.000443,0.95
2021-10-01,0.000477,1,0.000579,1,,0,,0,,0,,0,,0,0.001217,1,-0.000289,1,-0.000136,1,0.000349,0.6,,0,,0,,0,,0,0.000885,0.95,0.000502,1,0.000068,1,0.000732,0.34,,0,0.002877,0.03,0.00257,0.69,0.001294,0.52,0.000221,0.95
2021-10-08,0.000196,1,0.00086,1,,0,,0,,0,,0,,0,0.001038,1,-0.000519,1,-0.000366,1,0.001115,0.55,,0,,0,,0,,0,0.001115,0.95,-0.000698,1,-0.000468,1,0.000528,0.31,,0,0.004,0.03,0.002111,0.67,0.001396,0.5,-0.00057,0.95
2021-10-15,-0.000877,1,-0.00057,1,,0,,0,,0,,0,,0,0.001421,1,-0.000085,1,-0.00034,1,0.000987,0.6,,0,,0,,0,,0,0.000553,0.95,-0.000468,1,-0.00057,1,0.000017,0.32,,0,0.000043,0.03,0.000451,0.64,0.000783,0.48,-0.000443,0.95
2021-10-22,-0.00006,1,0.000502,1,,0,,0,,0,,0,,0,0.002111,1,-0.000264,1,-0.000034,1,0.001523,0.6,,0,,0,,0,0.002443,0.05,0.00183,0.95,-0.00057,1,-0.000749,1,0.000553,0.34,,0,0.002315,0.02,0.002443,0.69,0.0016,0.48,-0.000289,0.95
2021-10-29,0.00063,1,0.002187,1,,0,,0,,0,,0,,0,0.003668,1,-0.000162,1,-0.000519,1,0.002136,0.55,,0,,0,,0,,0,0.001651,0.95,-0.000647,1,-0.000468,1,0.00183,0.32,,0,0.00257,0.03,0.002647,0.64,0.001243,0.52,-0.000289,0.95
2021-11-05,0.000298,1,0.001294,1,,0,,0,,0,,0,,0,0.002672,1,-0.000315,1,0.000043,1,0.002085,0.6,,0,,0,,0,0.002928,0.05,0.001677,0.95,-0.000545,1,-0.000417,1,0.000579,0.34,,0,0.003106,0.03,0.003106,0.67,0.002264,0.52,0.000094,0.95
2021-11-12,-0.000366,1,0.000732,1,,0,,0,,0,,0,,0,0.002468,1,-0.00057,1,-0.000443,1,0.001115,0.55,,0,,0,,0,0.00183,0.05,0.000502,0.95,-0.000723,1,-0.000596,1,0.000272,0.34,,0,0.001013,0.03,0.001983,0.69,0.000323,0.5,-0.000417,0.95
2021-11-19,0.00017,1,0.003285,1,,0,,0,,0,,0,,0,0.002187,1,0.000323,1,0.00086,1,0.002902,0.6,,0,,0,,0,,0,0.002111,0.95,-0.000366,1,-0.000366,1,0.000962,0.34,,0,0.003132,0.03,0.003234,0.66,0.002391,0.5,0.00017,0.95
2021-11-26,0.000017,1,0.000068,1,,0,,0,,0,,0,,0,0.000145,1,-0.000391,1,-0.000391,1,0.000885,0.6,,0,,0,,0,0.003489,0.05,0.001319,0.95,-0.000519,1,-0.000545,1,0.000221,0.32,,0,0.001115,0.02,0.001319,0.66,0.000323,0.52,-0.000238,0.95
2021-12-03,-0.000289,1,0.000528,1,,0,,0,,0,,0,,0,0.000987,1,-0.00034,1,-0.000213,1,0.001013,0.6,,0,,0,,0,-0.000468,0.05,0.001421,0.95,-0.00034,1,-0.00034,1,0.000502,0.34,,0,0.002085,0.03,0.000681,0.69,0.001677,0.52,0.000553,0.95
2021-12-10,-0.000238,1,0.0004,1,,0,,0,,0,,0,,0,0.001549,1,-0.000519,1,-0.000238,1,0.001728,0.6,,0,,0,,0,,0,0.00137,0.95,-0.000519,1,-0.000443,1,0.000196,0.34,,0,0.002289,0.03,0.001574,0.69,0.0016,0.52,-0.000315,0.95
2021-12-17,-0.000111,1,0.000783,1,,0,,0,,0,,0,,0,0.001932,1,-0.000443,1,-0.000238,1,0.001855,0.6,,0,,0,,0,,0,0.000987,0.95,-0.000672,0.98,-0.000545,0.98,0.000298,0.34,,0,0.001549,0.03,0.001472,0.69,0.001574,0.5,-0.000417,0.95
2021-12-24,0.000272,1,0.001294,1,,0,,0,,0,,0,,0,0.003796,1,0.000043,1,0.000221,1,0.002162,0.6,,0,,0,,0,,0,0.001881,0.95,-0.000264,1,-0.000187,1,0.001345,0.32,,0,0.002366,0.03,0.001957,0.69,0.001038,0.5,-0.000289,0.95
2021-12-31,0.000145,1,0.001472,1,,0,,0,,0,,0,,0,0.002213,1,-0.000162,1,0.0004,1,0.003081,0.6,,0,,0,,0,,0,0.000757,0.95,-0.000136,1,-0.000289,1,0.001906,0.31,,0,0.001677,0.03,0.002315,0.69,0.00137,0.52,0.000043,0.95
2022-01-01,0.000374,1,0.001472,1,,0,,0,,0,,0,,0,0.002213,1,-0.000136,1,0.0004,1,0.003081,0.6,,0,,0,,0,,0,0.000809,0.95,-0.000136,1,-0.000264,1,0.001906,0.31,,0,0.001677,0.03,0.002315,0.69,0.001498,0.52,0.000119,0.95
2022-01-08,0.000349,1,0.001498,1,,0,,0,,0,,0,,0,0.003157,1,-0.000187,1,-0.000238,1,0.001728,0.6,,0,,0,,0,0.003591,0.05,0.001855,0.95,-0.000264,1,-0.000289,1,0.001728,0.34,,0,0.001957,0.02,0.00183,0.67,0.0016,0.52,-0.000238,0.95
2022-01-15,0.002596,1,0.001421,1,,0,,0,,0,,0,,0,0.004,1,-0.000289,1,0.000196,1,0.002213,0.6,,0,,0,,0,,0,0.00354,0.95,-0.000366,1,-0.000136,1,0.001523,0.34,,0,0.000655,0.03,0.001651,0.67,0.001574,0.5,-0.000111,0.95
2022-01-22,0.000936,1,0.001166,1,,0,,0,,0,,0,,0,0.001396,1,-0.000085,1,0.000068,1,0.002723,0.6,,0,,0,,0,,0,0.00137,0.95,-0.000264,1,-0.000136,1,0.0016,0.34,,0,0.001089,0.03,0.001166,0.67,0.001345,0.52,-0.000187,0.95
2022-01-29,0.000349,1,0.001447,1,,0,,0,,0,,0,,0,0.002085,1,0.000145,1,0.000068,1,0.002596,0.6,,0,,0,,0,0.003004,0.05,0.001881,0.95,-0.000417,1,-0.000187,1,0.001447,0.34,,0,0.000655,0.03,0.001013,0.67,0.001243,0.5,-0.000111,0.95
2022-02-05,-0.001157,1,-0.001183,1,,0,,0,,0,,0,,0,-0.002,0.67,-0.0008,0.43,-0.000647,0.47,0.001217,0.6,,0,,0,,0,,0,-0.001106,0.79,-0.000953,0.69,-0.001004,0.46,-0.000774,0.28,,0,0.000298,0.03,0.00063,0.67,0.000655,0.48,-0.000902,0.77
2022-02-12,0.000681,1,0.00137,1,,0,,0,,0,,0,,0,0.001804,1,0.000298,1,0.000221,1,0.002851,0.6,,0,,0,,0,,0,0.002085,0.95,-0.000238,1,-0.000111,1,0.00206,0.34,,0,0.001089,0.03,0.001651,0.67,0.001804,0.5,0.000043,0.95
2022-02-19,0.000426,1,0.000604,1,,0,,0,,0,,0,,0,0.000477,1,-0.000213,1,-0.000111,1,0.002417,0.6,,0,,0,,0,0.001651,0.05,0.000732,0.95,-0.000391,1,-0.000264,1,0.001855,0.34,,0,0.001319,0.03,0.001498,0.66,0.001549,0.52,-0.000085,0.95
2022-02-26,-0.000289,1,0.000119,1,,0,,0,,0,,0,,0,0.001421,1,-0.000315,1,-0.000315,1,0.001396,0.6,,0,,0,,0,,0,0.00063,0.95,-0.00057,1,-0.00057,1,0.000809,0.32,,0,0.001804,0.03,0.002111,0.66,0.001166,0.52,-0.000417,0.95
2022-03-05,0.000732,1,0.001319,1,,0,,0,,0,,0,,0,0.001626,1,0.000119,1,0.000247,1,0.002596,0.6,,0,,0,,0,,0,0.002162,0.95,-0.000468,1,-0.000264,1,0.002443,0.32,,0,0.000502,0.03,0.001064,0.67,0.00114,0.52,-0.000187,0.95
2022-03-12,0.000272,1,0.000426,1,,0,,0,,0,,0,,0,0.001498,1,-0.000391,1,-0.000366,1,0.001651,0.6,,0,,0,,0,,0,0.000655,0.95,-0.000417,1,-0.000366,1,0.001319,0.32,,0,0.001217,0.03,0.00137,0.69,0.00137,0.52,-0.000315,0.95
2022-03-19,0.000426,1,0.001626,1,,0,,0,,0,,0,,0,0.002085,1,-0.000111,1,0.000068,1,0.002187,0.6,,0,,0,,0,,0,0.00183,0.95,-0.000213,1,-0.000136,1,0.001932,0.32,,0,0.000885,0.02,0.00114,0.69,0.001498,0.5,0.000145,0.95
2022-03-26,0.000732,1,0.00137,1,,0,,0,,0,,0,,0,0.001115,1,0.00017,1,0.000911,1,0.002979,0.6,,0,,0,,0,,0,0.001702,0.95,-0.000162,1,-0.000187,1,0.001677,0.32,,0,0.000094,0.03,0.000732,0.67,0.000809,0.5,0.000017,0.95
2022-04-02,-0.000264,1,0.000655,1,,0,,0,,0,,0,,0,0.000272,1,-0.000391,1,-0.00034,1,0.001472,0.55,,0,,0,,0,,0,0.001396,0.95,-0.000443,1,-0.000289,1,0.001089,0.32,,0,0.000528,0.03,0.00017,0.63,0.0004,0.5,-0.000366,0.95
2022-04-09,0.0016,1,0.002621,1,,0,,0,,0,,0,,0,0.003923,1,0.000247,1,0.000783,1,0.003209,0.6,,0,,0,,0,,0,0.002366,0.89,-0.000187,1,-0.000366,1,0.001319,0.31,,0,0.000936,0.03,0.000757,0.64,0.000502,0.5,-0.000136,0.95
2022-04-16,-0.000289,1,0.000094,1,,0,,0,,0,,0,,0,0.000757,1,-0.000443,1,-0.000596,1,0.000017,0.55,,0,,0,,0,,0,0.000119,0.95,-0.000647,1,-0.000621,1,0.000349,0.31,,0,0.001702,0.03,0.0016,0.69,0.000247,0.5,-0.000468,0.95
2022-04-23,0.00017,1,0.001345,1,,0,,0,,0,,0,,0,0.00086,1,-0.000085,1,-0.000136,1,0.002468,0.55,,0,,0,,0,,0,0.000374,0.84,-0.000621,1,-0.00034,1,0.000911,0.31,,0,-0.000749,0.02,0.000145,0.64,0.000119,0.48,-0.000596,0.95
2022-04-30,0.000221,1,0.000834,1,,0,,0,,0,,0,,0,0.002238,1,0.000043,1,-0.00006,1,0.001651,0.6,,0,,0,,0,,0,0.00137,0.95,-0.000187,1,-0.000136,1,0.001957,0.31,,0,0.00326,0.03,0.002698,0.67,0.001345,0.5,-0.000136,0.95
2022-05-07,0.000043,1,0.001651,1,,0,,0,,0,,0,,0,0.003591,1,-0.000136,1,-0.000085,1,0.003464,0.6,,0,,0,,0,,0,0.001881,0.89,-0.00057,1,-0.000289,1,0.002136,0.31,,0,0.002877,0.02,0.002979,0.66,0.001243,0.5,-0.00034,0.95
2022-05-14,0.000885,1,0.002672,1,,0,,0,,0,,0,,0,0.004,1,0.000043,1,0.000145,1,0.003745,0.6,,0,,0,,0,,0,0.001268,0.95,-0.000494,1,-0.000443,1,0.001064,0.32,,0,0.002647,0.02,0.002468,0.66,0.000962,0.5,-0.00034,0.95
2022-05-21,-0.00034,1,0.000119,1,,0,,0,,0,,0,,0,0.000451,1,-0.000928,1,-0.000749,0.95,0.000911,0.5,,0,,0,,0,,0,0.001932,0.84,-0.000826,0.92,-0.000723,0.95,0.000502,0.31,,0,0.000426,0.02,0.000732,0.58,0.000426,0.48,-0.0008,0.83
2022-05-28,-0.000264,1,0.000426,1,,0,,0,,0,,0,,0,0.001319,1,-0.000238,1,-0.000238,1,0.001804,0.55,,0,,0,,0,,0,0.002111,0.95,-0.00034,1,-0.000238,1,0.001345,0.31,,0,0.003336,0.02,0.002366,0.64,0.000783,0.5,-0.000136,0.95
2022-06-04,0.00063,1,0.001038,1,,0,,0,,0,,0,,0,0.002621,1,-0.000111,1,0.000553,1,0.003004,0.55,,0,,0,,0,,0,0.001498,0.89,-0.000391,1,-0.000111,1,0.001906,0.32,,0,0.00183,0.03,0.00234,0.67,-0.000111,0.44,-0.000494,0.94
2022-06-11,0.000298,1,0.002034,1,,0,,0,,0,,0,,0,0.001804,1,-0.000443,1,-0.00006,1,0.001728,0.55,,0,,0,,0,,0,0.0016,0.95,-0.000213,1,-0.00006,1,0.001319,0.31,,0,0.001191,0.02,0.001268,0.63,0.001243,0.5,0.000043,0.95
2022-06-18,0.000553,1,0.00183,1,,0,,0,,0,,0,,0,0.002264,1,-0.000289,1,0.000477,1,0.002136,0.55,,0,,0,,0,,0,0.001191,0.89,-0.000468,1,-0.000289,1,0.001932,0.31,,0,0.003923,0.02,0.003745,0.58,0.001498,0.5,-0.000315,0.95
2022-06-25,0.001651,1,0.004,1,,0,,0,,0,,0,,0,0.004,1,0.000604,1,0.000681,1,0.004,0.6,,0,,0,,0,,0,0.001523,0.95,-0.000213,1,-0.000289,1,0.001268,0.31,,0,0.002136,0.03,0.001983,0.66,0.0016,0.52,-0.000034,0.95
2022-07-02,0.000502,1,0.001191,1,,0,,0,,0,,0,,0,0.002264,1,-0.000034,1,0.000298,1,0.002519,0.6,,0,,0,,0,,0,0.001421,0.95,-0.000136,1,-0.000034,1,0.001498,0.31,,0,0.001243,0.02,0.00234,0.63,0.001294,0.48,-0.00006,0.95
2022-07-09,0.000604,1,0.001855,1,,0,,0,,0,,0,,0,0.00303,1,-0.000085,1,0.000068,1,0.003157,0.6,,0,,0,,0,,0,0.002596,0.95,-0.000238,1,-0.000187,1,0.001421,0.31,,0,0.003209,0.03,0.002877,0.66,0.001906,0.52,-0.000187,0.95
2022-07-16,0.001243,1,0.001523,1,,0,,0,,0,,0,,0,0.002264,1,0.000298,1,0.000809,1,0.002136,0.5,,0,,0,,0,,0,0.001294,0.79,-0.000187,1,-0.000391,1,0.000298,0.31,,0,0.003847,0.02,0.00257,0.64,0.001345,0.48,0.000298,0.95
2022-07-23,0.000323,1,0.001651,1,,0,,0,,0,,0,,0,0.00183,1,-0.000136,1,0.000247,1,0.002545,0.55,,0,,0,,0,,0,0.001549,0.95,-0.000238,1,-0.000111,1,0.001089,0.31,,0,0.002519,0.03,0.002902,0.66,0.0016,0.5,-0.00006,0.95
2022-07-30,-0.000417,1,0.000451,1,,0,,0,,0,,0,,0,0.000451,1,-0.000928,1,-0.000826,1,0.000706,0.5,,0,,0,,0,,0,0.001013,0.84,-0.000723,1,-0.00103,1,-0.00006,0.31,,0,0.001523,0.03,0.001498,0.69,0.001447,0.48,-0.000596,0.88
2022-08-07,-0.000749,1,-0.000136,0.67,,0,,0,,0,,0,,0,0.000349,1,-0.00103,1,-0.000953,0.95,0.000706,0.45,,0,,0,,0,,0,0.000068,0.84,-0.001055,0.97,-0.000953,0.65,-0.00057,0.06,,0,0.00017,0.02,0.000323,0.58,0.000272,0.31,-0.000902,0.92
2022-08-14,-0.000928,1,0.000757,1,,0,,0,,0,,0,,0,0.000094,1,-0.000672,1,-0.00034,1,0.001064,0.55,,0,,0,,0,,0,0.000579,0.84,-0.000443,1,-0.000213,1,0.00137,0.31,,0,0.002928,0.02,0.002085,0.63,0.001243,0.48,-0.000545,0.95
2022-08-21,-0.000111,1,0.000757,1,,0,,0,,0,,0,,0,0.001294,1,-0.000391,1,-0.000315,1,0.002187,0.6,,0,,0,,0,,0,0.001319,0.95,-0.000289,1,-0.000366,1,0.000553,0.32,,0,0.002111,0.03,0.002902,0.64,0.001804,0.52,-0.000136,0.95
2022-08-28,0.001064,1,0.001804,1,,0,,0,,0,,0,,0,0.003566,1,-0.000213,1,-0.000213,1,0.000962,0.55,,0,,0,,0,,0,0.000732,0.95,-0.000162,1,-0.000213,1,0.000247,0.32,,0,0.002391,0.03,0.002111,0.67,0.001038,0.5,-0.000085,0.95
2022-09-04,0.000349,1,0.000221,1,,0,,0,,0,,0,,0,0.002545,1,-0.000085,1,-0.000289,1,0.001115,0.6,,0,,0,,0,,0,0.001191,0.95,-0.000391,1,-0.000468,1,0.000681,0.31,,0,0.003285,0.02,0.003489,0.64,0.000911,0.48,-0.000289,0.95
2022-09-11,0.000477,1,0.001396,1,,0,,0,,0,,0,,0,0.002315,1,-0.000187,1,-0.000213,1,0.002519,0.6,,0,,0,,0,0.003055,0.05,0.001447,0.95,-0.000187,1,0.000247,1,0.000936,0.34,,0,0.002009,0.03,0.002468,0.66,0.001294,0.5,-0.000264,0.95
2022-09-18,-0.000545,1,-0.000009,1,,0,,0,,0,,0,,0,0.001906,1,-0.000238,1,-0.000136,1,0.000681,0.6,,0,,0,,0,,0,0.001243,0.95,-0.00057,1,-0.000391,1,-0.000009,0.31,,0,0.003413,0.02,0.002723,0.64,0.000528,0.52,-0.000672,0.95
2022-09-25,-0.000238,1,0.000426,1,,0,,0,,0,,0,,0,0.001523,1,-0.00034,1,-0.000417,1,0.001396,0.6,,0,,0,,0,,0,0.001447,0.95,-0.000494,1,-0.000417,1,0.000196,0.34,,0,0.00234,0.03,0.002902,0.64,0.001549,0.5,-0.000264,0.95
2022-10-02,0.000247,1,0.001549,1,,0,,0,,0,,0,,0,0.001523,1,-0.000596,1,-0.000213,1,0.002366,0.6,,0,,0,,0,,0,0.000732,0.95,-0.000698,1,-0.000519,1,0.000987,0.32,,0,0.003464,0.03,0.00206,0.66,0.00017,0.5,-0.000519,0.95
2022-10-09,0.001523,1,0.001294,1,,0,,0,,0,,0,,0,0.004,1,-0.000621,1,-0.000085,1,0.002289,0.55,,0,,0,,0,0.000732,0.05,0.001294,0.95,-0.000826,1,-0.000672,1,0.001217,0.31,,0,0.00234,0.03,0.002596,0.66,0.001089,0.5,-0.0008,0.95
2022-10-16,-0.00034,1,0.001294,1,,0,,0,,0,,0,,0,0.00086,1,-0.000647,1,-0.000672,1,0.001396,0.55,,0,,0,,0,-0.000366,0.05,0.00114,0.89,-0.0008,1,-0.000596,1,0.000936,0.31,,0,0.002264,0.03,0.002366,0.61,0.000936,0.5,-0.000468,0.95
2022-10-23,0.000043,1,-0.000034,1,,0,,0,,0,,0,,0,0.000783,1,-0.000723,1,-0.000749,1,0.001268,0.6,,0,,0,,0,,0,0.000451,0.89,-0.000826,1,-0.000749,1,0.000221,0.31,,0,0.001166,0.02,0.001472,0.61,0.000247,0.5,-0.000723,0.95
2022-10-30,-0.000494,1,0.000502,1,,0,,0,,0,,0,,0,0.000783,1,-0.000698,1,-0.000494,1,0.00114,0.55,,0,,0,,0,,0,0.000477,0.89,-0.000826,1,-0.00057,1,0.0004,0.31,,0,0.001345,0.03,0.001345,0.61,0.000936,0.5,-0.000289,0.95
2022-11-06,-0.00057,1,0.000757,1,,0,,0,,0,,0,,0,0.001906,1,-0.000723,1,-0.000289,1,0.002468,0.55,,0,,0,,0,-0.000289,0.05,0.000349,0.89,-0.000672,1,-0.000545,1,0.002162,0.31,,0,0.002698,0.03,0.002213,0.64,0.001064,0.52,-0.000647,0.95
2022-11-13,0.000783,1,0.001702,1,,0,,0,,0,,0,,0,0.002366,1,-0.000519,1,-0.000085,1,0.002315,0.6,,0,,0,,0,0.000553,0.05,0.001268,0.95,-0.0008,1,-0.000545,1,-0.000034,0.32,,0,0.002315,0.03,0.002238,0.67,0.001064,0.52,-0.000647,0.95
2022-11-20,-0.000034,1,0.000043,1,,0,,0,,0,,0,,0,0.000809,1,-0.000596,1,-0.000443,1,0.001472,0.55,,0,,0,,0,,0,0.000604,0.95,-0.000826,1,-0.000647,1,0.001498,0.32,,0,0.001626,0.03,0.001651,0.64,0.001498,0.5,-0.000162,0.95
2022-11-27,0.00086,1,0.001549,1,,0,,0,,0,,0,0.004,0.33,0.003157,1,-0.000443,1,-0.000213,1,0.00257,0.55,,0,,0,,0,0.000655,0.05,0.001932,0.95,-0.00057,1,-0.000749,1,0.000655,0.32,,0,0.002162,0.03,0.002238,0.66,0.001574,0.52,-0.000162,0.95
2022-12-04,-0.000187,1,0.000502,1,-0.002,1,,0,,0,,0,,0,0.001447,1,-0.000545,1,-0.000468,1,0.000936,0.55,,0,,0,,0,,0,0.00257,0.95,-0.00057,1,-0.000366,1,0.000298,0.32,,0,0.001013,0.03,0.001115,0.63,0.000809,0.5,-0.000238,0.95
2022-12-11,-0.000672,1,0.000068,1,,0,,0,,0,,0,,0,0.000426,1,-0.000545,1,-0.000034,1,0.000936,0.55,,0,,0,,0,,0,0.001115,0.89,-0.000519,1,-0.000596,1,0.000298,0.29,,0,0.002289,0.03,0.001651,0.64,0.001038,0.48,-0.000034,0.95
2022-12-18,0.002443,1,0.001472,1,,0,,0,,0,,0,,0,0.002672,1,-0.000315,1,-0.000009,1,0.002826,0.6,,0,,0,,0,,0,0.001983,0.95,-0.000468,1,-0.000085,1,0.001702,0.31,,0,0.002162,0.03,0.002366,0.64,0.002315,0.52,0.000221,0.95
2022-12-25,0.001447,1,0.003821,1,,0,,0,,0,,0,,0,0.003285,1,-0.000366,1,-0.000315,1,0.00183,0.55,,0,,0,,0,,0,0.002366,0.89,-0.000621,1,-0.000519,1,0.002366,0.31,,0,0.001549,0.03,0.001013,0.66,0.001089,0.5,0.000374,0.95
2023-01-01,0.000374,1,0.001217,1,,0,,0,,0,,0,,0,0.001319,1,-0.00006,1,-0.000111,1,0.002723,0.6,,0,,0,,0,,0,0.000477,0.95,-0.000647,1,-0.000723,1,0.001677,0.32,,0,0.00183,0.03,0.001779,0.64,0.001013,0.52,-0.000391,0.95
2023-01-08,0.000043,1,0.000936,1,,0,,0,,0,,0,,0,0.001319,1,-0.00006,1,-0.000187,1,0.002085,0.6,,0,,0,,0,0.001753,0.05,0.000987,0.95,-0.000953,0.98,-0.0008,0.98,0.000757,0.32,,0,0.001728,0.03,0.001421,0.66,0.000936,0.5,-0.000596,0.95
2023-01-15,-0.000723,1,-0.00006,1,,0,,0,,0,,0,,0,0.000528,1,-0.000443,1,-0.000749,1,0.000579,0.55,,0,,0,,0,,0,0.000119,0.89,-0.000851,1,-0.000774,1,0.000502,0.31,,0,0.000655,0.03,0.00017,0.63,0.000145,0.52,-0.000596,0.95
2023-01-22,0.000706,1,0.001549,1,,0,,0,,0,,0,,0,0.002979,1,-0.000238,1,0.000272,1,0.002417,0.55,,0,,0,,0,0.004,0.05,0.001677,0.95,-0.000545,1,-0.000417,1,0.0016,0.31,,0,0.001013,0.03,0.001166,0.67,0.001038,0.52,-0.000136,0.95
2023-01-29,0.000247,1,0.000119,1,,0,,0,,0,,0,,0,0.001626,1,-0.000417,1,-0.000315,1,0.001319,0.55,,0,,0,,0,,0,0.001396,0.95,-0.00057,1,-0.000443,1,0.000962,0.32,,0,0.001702,0.03,0.001319,0.69,0.00137,0.5,-0.000519,0.95
2023-02-05,0.000119,1,0.001013,1,,0,,0,,0,,0,,0,0.00206,1,-0.000315,1,-0.000289,1,0.002443,0.6,,0,,0,,0,0.000017,0.05,0.001549,0.89,-0.000672,1,-0.00057,1,0.000298,0.34,,0,0.000885,0.03,0.000732,0.63,0.000272,0.5,-0.000647,0.95
2023-02-12,-0.000468,1,0.000323,1,,0,,0,,0,,0,,0,0.000809,1,-0.000596,1,-0.000621,1,0.000987,0.55,,0,,0,,0,,0,0.000681,0.95,-0.000672,1,-0.000596,1,0.000349,0.31,,0,0.000809,0.03,0.001013,0.64,0.000783,0.52,-0.000468,0.95
2023-02-19,-0.000315,1,0.000323,1,,0,,0,,0,,0,,0,0.000757,1,-0.000621,1,-0.000494,1,0.001626,0.55,,0,,0,,0,,0,0.001268,1,-0.000647,1,-0.000672,1,0.001013,0.32,,0,0.000681,0.03,0.001064,0.67,0.000502,0.52,-0.000443,0.95
2023-02-26,0.000196,1,0.000885,1,,0,,0,,0,,0,,0,0.001396,1,-0.000238,1,-0.000289,1,0.001191,0.55,,0,,0,,0,,0,0.000987,0.95,-0.000443,1,-0.000417,1,0.001089,0.31,,0,0.001013,0.03,0.00137,0.64,0.000885,0.52,-0.000238,0.95
2023-03-05,-0.000238,1,0.000323,1,0.000528,1,,0,,0,,0,,0,0.000732,1,-0.000596,1,-0.000417,1,0.001243,0.6,,0,,0,,0,0.000017,0.05,0.000681,0.95,-0.000519,1,-0.000468,1,0.000094,0.34,,0,-0.00006,0.02,0.000068,0.63,0.000323,0.52,-0.00057,0.95
2023-03-12,0.000579,1,0.001421,1,0.0004,1,,0,,0,,0,,0,0.00257,1,-0.000162,1,0.000043,1,0.001626,0.6,,0,,0,,0,0.001702,0.05,0.001651,1,-0.000468,1,-0.000417,1,-0.000085,0.34,,0,0.000374,0.03,0.000323,0.63,0.000477,0.52,-0.000264,0.95
2023-03-20,-0.000136,1,0.000145,1,,0,,0,,0,,0,-0.002,0.33,0.000272,1,-0.000494,1,-0.000545,1,0.001013,0.55,,0,,0,,0,,0,0.000757,0.95,-0.000647,1,-0.000519,1,0.000196,0.32,,0,-0.000289,0.02,0.000068,0.61,-0.000162,0.52,-0.000596,0.95
2023-03-27,-0.000468,1,0.000094,1,,0,,0,,0,,0,,0,0.000834,1,-0.000545,1,-0.000443,1,0.000502,0.6,,0,,0,,0,,0,0.001089,0.95,-0.00057,1,-0.000315,1,0.000502,0.32,,0,0.000119,0.03,0.000349,0.66,0.000196,0.52,-0.000366,0.95
2023-04-03,-0.000238,1,0.000247,1,,0,,0,,0,,0,,0,0.001498,1,-0.000672,1,-0.000621,1,0.000579,0.55,,0,,0,,0,0.000043,0.05,0.000528,0.89,-0.000647,1,-0.000621,1,0.000247,0.31,,0,-0.000723,0.03,-0.000366,0.61,0.000068,0.5,-0.00057,0.95
2023-04-10,0.000145,1,0.000553,1,,0,,0,,0,,0,,0,0.002111,1,-0.000468,1,-0.000443,1,0.002111,0.6,,0,,0,,0,,0,0.000987,0.89,-0.000545,1,-0.000443,1,0.001345,0.31,,0,-0.000596,0.02,-0.000264,0.64,0.000349,0.5,-0.000366,0.95
2023-04-17,-0.000111,1,0.001957,1,,0,,0,,0,,0,,0,0.002136,1,-0.000264,1,-0.000391,1,0.000885,0.55,,0,,0,,0,,0,0.001115,0.89,-0.000723,1,-0.000417,1,0.000043,0.32,,0,-0.000417,0.03,-0.000672,0.63,-0.00006,0.48,-0.000468,0.95
2023-04-24,-0.000596,1,0.00063,1,,0,,0,,0,,0,,0,0.00086,1,-0.00057,1,-0.000468,1,0.001013,0.55,,0,,0,,0,,0,0.000655,1,-0.000621,1,-0.000494,1,0.00063,0.31,,0,0.000757,0.03,0.000911,0.64,0.000068,0.52,-0.000519,0.95
2023-05-01,-0.00057,1,0.000017,1,,0,,0,,0,,0,,0,0.000885,1,0.000145,1,-0.000034,1,0.001319,0.55,,0,,0,,0,0.000426,0.05,0.002494,0.95,-0.000545,1,-0.000545,1,0.000451,0.31,,0,0.001855,0.02,0.001932,0.61,0.002366,0.5,-0.000315,0.95
2023-05-08,-0.000877,1,0.000094,1,,0,,0,,0,,0,,0,0.000221,1,-0.000851,1,-0.000902,1,0.000451,0.55,,0,,0,,0,,0,0.000681,0.89,-0.000774,1,-0.000851,1,0.000911,0.31,,0,0.001906,0.03,0.000962,0.61,0.000068,0.5,-0.000519,0.95
2023-05-15,-0.000774,1,0.001038,1,,0,,0,,0,,0,,0,0.002468,1,-0.000698,1,-0.000749,1,0.001779,0.5,,0,,0,,0,,0,0.000553,0.89,-0.001209,1,-0.000902,1,0.00063,0.31,,0,0.002953,0.02,0.002136,0.61,0.000911,0.47,-0.000979,0.95
2023-05-22,-0.000596,1,0.000145,1,,0,,0,,0,,0,,0,0.000962,1,-0.000749,1,-0.000647,1,0.001447,0.6,,0,,0,,0,,0,0.000732,0.89,-0.000774,1,-0.000672,1,0.000196,0.32,,0,0.00326,0.03,0.002417,0.61,0.000936,0.5,-0.00057,0.95
2023-05-29,-0.000443,1,-0.00006,1,,0,,0,,0,,0,,0,0.001702,1,-0.000672,1,-0.000494,1,0.000604,0.55,,0,,0,,0,,0,0.000145,0.84,-0.00057,1,-0.000723,1,0.001396,0.31,,0,0.001191,0.03,0.001243,0.61,0.001064,0.47,-0.000596,0.95
2023-06-05,-0.00057,1,-0.000111,1,,0,,0,,0,,0,,0,0.000094,1,-0.000774,1,-0.000698,1,0.000655,0.6,,0,,0,,0,,0,-0.000085,0.79,-0.001004,1,-0.000851,1,0.000885,0.32,,0,0.000987,0.02,0.000962,0.63,0.000911,0.45,-0.00103,0.95
2023-06-12,0.001089,1,0.002698,1,,0,,0,,0,,0,,0,0.003974,1,-0.000009,1,0.000145,1,0.004,0.55,,0,,0,,0,,0,0.003055,0.89,-0.00057,1,-0.000494,1,0.00183,0.32,,0,0.00257,0.03,0.002519,0.63,0.002136,0.5,-0.000366,0.95
2023-06-19,-0.000315,1,0.000017,1,,0,,0,,0,,0,,0,0.00086,1,-0.000468,1,-0.000621,1,0.001064,0.55,,0,,0,,0,,0,0.001753,0.95,-0.000877,1,-0.000698,1,0.000298,0.32,,0,0.000706,0.02,0.000757,0.61,0.001064,0.48,-0.000391,0.95
2023-06-26,-0.000187,1,0.000528,1,,0,,0,,0,,0,,0,0.001677,1,-0.000723,1,-0.000621,1,0.001345,0.55,,0,,0,,0,,0,0.00183,0.95,-0.000647,1,-0.000647,1,0.000681,0.32,,0,0.001651,0.02,0.001651,0.64,0.001064,0.5,-0.000672,0.95
2023-07-03,0.000528,1,0.001702,1,,0,,0,,0,,0,,0,0.00303,1,-0.000391,1,-0.000085,1,0.002187,0.55,,0,,0,,0,,0,0.002111,0.89,-0.0008,1,-0.000621,1,0.001421,0.32,,0,0.001345,0.03,0.001728,0.63,0.001038,0.5,-0.000672,0.95
2023-07-10,-0.000085,1,0.000936,1,,0,,0,,0,,0,,0,0.002162,1,-0.000468,1,-0.000034,1,0.002391,0.55,,0,,0,,0,,0,0.001677,0.89,-0.000698,1,-0.000749,1,0.001038,0.31,,0,0.003515,0.02,0.001932,0.63,0.00234,0.5,-0.000596,0.95
2023-07-17,0.000553,1,0.001498,1,,0,,0,,0,,0,,0,0.002315,1,-0.000468,1,-0.000111,1,0.003413,0.5,,0,,0,,0,,0,0.000936,0.89,-0.000877,1,-0.000774,1,0.000834,0.31,,0,0.000068,0.02,0.002494,0.61,0.001983,0.5,-0.000621,0.95
2023-07-24,0.000579,1,0.0016,1,,0,,0,,0,,0,,0,0.001243,1,0.000094,1,-0.000264,1,0.001268,0.4,,0,,0,,0,,0,0.001779,0.84,-0.000519,1,-0.000391,1,0.00017,0.31,,0,0.000732,0.02,0.001447,0.6,0.001957,0.45,-0.000264,0.95
2023-07-31,0.000834,1,0.000962,1,,0,,0,,0,,0,,0,0.00354,1,-0.000187,1,0.000017,1,0.002009,0.5,,0,,0,,0,,0,0.001115,0.89,-0.000774,1,-0.000289,1,0.001064,0.31,,0,0.002238,0.02,0.002162,0.61,0.001268,0.47,-0.000647,0.95
2023-08-07,-0.000391,1,0.000094,1,,0,,0,,0,,0,,0,0.000655,1,-0.000672,1,-0.000468,1,0.000809,0.55,,0,,0,,0,,0,0.001038,0.95,-0.000621,1,-0.00057,1,0.000196,0.31,,0,0.002596,0.02,0.002162,0.61,0.001243,0.5,-0.000621,0.95
2023-08-14,-0.000136,1,0.000298,1,,0,,0,,0,,0,,0,0.000809,1,-0.000723,1,-0.000417,1,0.001932,0.5,,0,,0,,0,,0,0.000451,0.89,-0.000928,0.97,-0.000851,0.98,0.000017,0.31,,0,0.00137,0.02,0.001498,0.64,0.001013,0.5,-0.000877,0.95
2023-08-21,-0.000621,1,0.00017,1,,0,,0,,0,,0,,0,0.000579,1,-0.000519,1,-0.000723,1,0.000732,0.55,,0,,0,,0,,0,0.000604,0.84,-0.000723,0.98,-0.000672,1,0.001523,0.31,,0,0.004,0.02,0.003898,0.61,0.001268,0.44,-0.00057,0.95
2023-08-28,0.000017,1,0.001038,1,,0,,0,,0,,0,,0,0.002162,1,-0.00034,1,-0.000111,1,0.002034,0.6,,0,,0,,0,,0,0.001702,0.89,-0.000494,1,-0.000238,1,0.001013,0.31,,0,0.001294,0.02,0.001932,0.61,0.001319,0.5,0.000017,0.95
2023-09-04,0.002877,1,0.00206,1,,0,,0,,0,,0,,0,0.003923,1,0.000732,1,0.000706,1,0.001574,0.55,,0,,0,,0,,0,0.002162,0.89,-0.000443,1,-0.000468,1,0.001294,0.31,,0,0.003055,0.02,0.002315,0.63,0.001626,0.5,-0.000009,0.95
2023-09-11,0.000426,1,0.000885,1,,0,,0,,0,,0,,0,0.002519,1,-0.000289,1,-0.000443,1,0.001651,0.55,,0,,0,,0,,0,0.001217,0.84,-0.000723,1,-0.000596,1,0.000221,0.32,,0,0.002468,0.02,0.002111,0.63,0.000681,0.5,-0.000545,0.95
2023-09-18,0.001498,1,0.001268,1,,0,,0,,0,,0,,0,0.002647,1,-0.00057,1,-0.000136,1,0.002238,0.55,,0,,0,,0,,0,0.001804,0.89,-0.000672,1,-0.000672,1,0.001166,0.32,,0,0.002085,0.03,0.002111,0.63,0.001166,0.48,-0.00034,0.95
2023-09-25,-0.00034,1,0.000502,1,-0.001949,1,,0,,0,,0,-0.000647,0.33,0.00137,1,-0.000596,1,-0.000596,1,0.001038,0.55,,0,,0,,0,0.000885,0.05,0.000247,0.89,-0.000826,1,-0.000647,1,0.000604,0.31,,0,0.002621,0.03,0.001702,0.63,0.00086,0.5,-0.000672,0.95
2023-10-02,-0.000034,1,0.000706,1,,0,,0,,0,,0,,0,0.002238,1,-0.000647,1,-0.000494,1,0.001523,0.55,,0,,0,,0,0.0028,0.05,0.000502,0.95,-0.000877,1,-0.000647,1,0.0004,0.31,,0,0.0016,0.03,0.001804,0.61,0.001932,0.5,-0.000621,0.95
2023-10-09,-0.000366,1,0.000936,1,,0,,0,,0,,0,,0,0.003004,1,-0.000315,1,0.000272,1,0.001243,0.55,,0,,0,,0,,0,0.000885,0.89,-0.000468,1,-0.000187,1,0.000936,0.32,,0,0.001957,0.02,0.002826,0.61,0.001243,0.5,-0.000723,0.95
2023-10-16,0.002519,1,0.001472,1,,0,,0,,0,,0,,0,0.003081,1,0.000323,1,0.001906,1,0.00206,0.55,,0,,0,,0,0.001294,0.05,0.002238,0.95,-0.000468,1,-0.000289,1,0.000834,0.34,,0,0.002979,0.02,0.002826,0.63,0.000911,0.5,-0.000468,0.95
2023-10-23,0.000145,1,0.002264,1,,0,,0,,0,,0,,0,0.003464,1,-0.000851,1,-0.000519,1,0.003719,0.6,,0,,0,,0,-0.000391,0.05,0.001549,0.89,-0.000979,1,-0.000723,1,-0.000136,0.32,,0,0.003285,0.02,0.002009,0.63,0.000528,0.5,-0.000774,0.95
2023-10-30,-0.000315,1,0.000604,1,,0,,0,,0,,0,,0,0.000579,1,-0.000749,1,-0.000519,1,0.001396,0.6,,0,,0,,0,,0,0.000502,0.84,-0.000979,0.98,-0.000851,1,0.000298,0.32,,0,0.002111,0.02,0.003004,0.63,0.001268,0.52,-0.000621,0.92
2023-11-06,0.00183,1,0.004,1,-0.000545,1,,0,,0,,0,,0,0.004,1,-0.000213,1,-0.00006,1,0.004,0.55,,0,,0,,0,-0.000162,0.05,0.002238,0.89,-0.000468,1,-0.000315,1,0.001498,0.34,,0,0.003387,0.03,0.003413,0.64,0.003132,0.52,-0.000009,0.95
2023-11-13,-0.000647,1,0.000094,1,,0,,0,,0,,0,,0,0.000477,1,-0.000723,1,-0.000749,1,0.000681,0.55,,0,,0,,0,,0,0.001472,0.95,-0.001055,1,-0.000979,1,0.000732,0.31,,0,0.001753,0.03,0.001906,0.66,0.001728,0.5,-0.000928,0.95
2023-11-20,0.000247,1,0.001421,1,,0,,0,,0,,0,,0,0.00354,1,-0.000647,1,-0.000264,1,0.000962,0.55,,0,,0,,0,,0,0.000477,0.89,-0.000953,1,-0.000672,1,0.001166,0.31,,0,0.003055,0.02,0.001677,0.63,0.001855,0.47,-0.00057,0.95
2023-11-27,-0.000111,1,0.000706,1,,0,,0,,0,,0,,0,0.000706,1,-0.000647,1,-0.000443,1,0.001957,0.6,,0,,0,,0,,0,0.001115,0.95,-0.000672,1,-0.000723,1,0.00086,0.31,,0,0.002468,0.03,0.002366,0.63,0.001983,0.52,-0.000443,0.95
2023-12-04,0.000477,1,0.001396,1,0.001677,1,,0,,0,,0,,0,0.00206,1,-0.000366,1,-0.000213,1,0.002545,0.6,,0,,0,,0,-0.001336,0.05,0.002264,1,-0.0008,1,-0.000621,1,0.001498,0.34,,0,0.001626,0.03,0.002136,0.63,0.003081,0.52,-0.000417,0.95
2023-12-11,0.000323,1,0.001881,1,,0,,0,,0,,0,,0,0.003081,1,-0.000545,1,-0.000391,1,0.003489,0.55,,0,,0,,0,-0.002,0.05,0.001651,0.89,-0.0008,1,-0.000672,1,0.001779,0.32,,0,0.002034,0.03,0.002085,0.64,0.002417,0.52,-0.000596,0.95
2023-12-18,-0.000315,1,0.000145,1,,0,,0,,0,,0,,0,0.000043,1,-0.000443,1,-0.000366,1,0.001013,0.55,,0,,0,,0,-0.000596,0.05,0.00017,0.89,-0.000749,0.98,-0.000596,1,0.000528,0.31,,0,0.002111,0.03,0.002085,0.64,0.001753,0.48,-0.000519,0.95
2023-12-25,,0,-0.00057,1,,0,,0,,0,,0,,0,-0.002,1,-0.000979,0.86,-0.000391,1,0.000298,0.55,,0,,0,,0,,0,-0.0008,0.84,-0.001004,0.67,-0.000774,0.89,-0.000264,0.32,,0,0.000706,0.02,0.000323,0.63,0.001191,0.5,-0.000953,0.83
2024-01-01,-0.000519,1,0.0004,1,,0,,0,,0,,0,,0,0.000962,1,-0.000851,1,-0.000494,1,0.002162,0.55,,0,,0,,0,0.000936,0.05,0.001013,0.95,-0.00103,1,-0.000826,1,0.001166,0.32,,0,0.000374,0.03,0.000757,0.63,0.001549,0.52,-0.000443,0.95
2024-01-09,0.000426,1,0.000094,1,-0.002,1,,0,,0,,0,,0,0.002953,1,-0.00057,1,-0.000162,1,0.00303,0.6,,0,,0,,0,,0,0.001932,0.95,-0.000698,1,-0.000519,1,0.002877,0.32,,0,0.000962,0.03,0.000706,0.63,0.00183,0.52,-0.000468,0.95
2024-01-16,-0.000366,1,0.000298,1,,0,,0,,0,,0,,0,0.000757,1,-0.000774,1,-0.000519,1,0.001677,0.55,,0,,0,,0,-0.000136,0.05,0.002723,1,-0.000774,1,-0.000621,1,0.001038,0.32,,0,0.00206,0.03,0.001804,0.66,0.002085,0.52,-0.00057,0.95
2024-01-23,0.000911,1,0.001115,1,,0,,0,,0,,0,,0,0.001881,1,-0.000519,1,-0.000213,1,0.002647,0.6,,0,,0,,0,0.000655,0.05,0.001957,0.95,-0.000672,1,-0.000596,1,0.0016,0.32,,0,0.000732,0.03,0.000809,0.64,0.001626,0.52,-0.00057,0.95
2024-01-30,0.00017,1,0.000962,1,,0,,0,,0,,0,,0,0.001779,1,-0.000391,1,0.000043,1,0.00183,0.55,,0,,0,,0,-0.00006,0.05,0.00137,0.95,-0.000621,1,-0.000596,1,0.001651,0.31,,0,0.001472,0.03,0.000911,0.67,0.001115,0.52,-0.000417,0.95
2024-02-06,-0.000851,1,-0.000851,1,,0,,0,,0,,0,,0,-0.000749,1,-0.000902,1,-0.000851,1,0.002264,0.55,,0,,0,,0,,0,-0.00006,0.89,-0.000877,1,-0.000902,1,-0.000519,0.32,,0,-0.000902,0.02,0.000119,0.64,0.000757,0.48,-0.000723,0.95
2024-02-13,-0.000136,1,0.001804,1,,0,,0,,0,,0,,0,0.003157,1,-0.000009,1,0.000502,1,0.003362,0.55,,0,,0,,0,,0,0.002111,0.95,-0.00057,1,-0.000545,1,0.001345,0.32,,0,0.001013,0.03,0.001294,0.64,0.001549,0.52,-0.000315,0.95
2024-02-20,0.000043,1,0.001626,1,,0,,0,,0,,0,,0,0.002289,1,-0.000238,1,-0.000009,1,0.002468,0.55,,0,,0,,0,0.000681,0.05,0.001702,0.95,-0.000723,1,-0.000545,1,0.002034,0.31,,0,0.000757,0.02,0.001166,0.64,0.001702,0.52,-0.000391,0.95
2024-02-27,0.000885,1,0.001957,1,,0,,0,,0,,0,,0,0.003157,1,0.000298,1,0.000323,1,0.003285,0.55,,0,,0,,0,,0,0.001728,0.95,-0.000443,1,-0.000443,1,0.0016,0.31,,0,0.001064,0.02,0.000911,0.64,0.001115,0.5,-0.000391,0.95
2024-03-05,-0.000289,1,0.000706,1,,0,,0,,0,,0,,0,0.001881,1,-0.000391,1,-0.000315,1,0.002111,0.55,,0,,0,,0,-0.002,0.05,0.001243,1,-0.000698,1,-0.000494,1,0.001574,0.32,,0,0.000426,0.03,0.000681,0.64,0.001217,0.5,-0.00057,0.95
2024-03-12,-0.000009,1,0.001115,1,,0,,0,,0,,0,,0,0.002085,1,-0.000468,1,-0.000315,1,0.003055,0.6,,0,,0,,0,-0.000672,0.05,0.001013,0.89,-0.000723,1,-0.000647,1,0.001217,0.32,,0,0.000043,0.03,0.000936,0.63,0.001294,0.48,-0.000596,0.95
2024-03-19,-0.00034,1,-0.000187,1,,0,,0,,0,,0,,0,0.000834,1,-0.000698,1,-0.000672,1,0.000885,0.55,,0,,0,,0,,0,0.000936,0.95,-0.000774,1,-0.000698,1,0.000783,0.32,,0,-0.000494,0.02,0.000119,0.61,0.000247,0.5,-0.0008,0.95
2024-03-26,-0.000596,1,0.00137,1,,0,,0,,0,,0,,0,0.000477,1,-0.00034,1,0.00017,1,0.001421,0.55,,0,,0,,0,,0,0.000043,0.84,-0.0008,1,-0.000519,1,0.000043,0.31,,0,0.000349,0.02,0.001089,0.67,0.000732,0.52,0.000094,0.95
2024-04-02,0.000426,1,0.001089,1,,0,,0,,0,,0,,0,0.002826,1,-0.000136,1,-0.000009,1,0.00183,0.6,,0,,0,,0,,0,0.001549,0.95,-0.000391,1,-0.000238,1,0.001498,0.32,,0,0.000349,0.03,0.001115,0.66,0.001064,0.52,-0.000366,0.95
2024-04-09,-0.000698,1,-0.000136,1,,0,,0,,0,,0,,0,0.000681,1,-0.000774,1,-0.000749,1,0.001396,0.5,,0,,0,,0,,0,-0.000315,0.89,-0.000723,1,-0.000723,1,0.00086,0.31,,0,-0.000443,0.03,-0.000213,0.61,-0.000111,0.5,-0.000877,0.95
2024-04-16,0.000477,1,0.001421,1,,0,,0,,0,,0,,0,0.002928,1,-0.000187,1,-0.000187,1,0.001753,0.55,,0,,0,,0,,0,0.000885,0.89,-0.000647,1,-0.00057,1,0.001089,0.31,,0,0.00017,0.03,0.000043,0.61,0.000732,0.52,-0.000494,0.95
2024-04-23,-0.000443,1,0.000017,1,,0,,0,,0,,0,,0,0.000553,1,-0.000774,1,-0.000672,1,0.002009,0.55,,0,,0,,0,,0,-0.000162,0.89,-0.000749,1,-0.000723,1,0.003106,0.31,,0,-0.000289,0.02,-0.000213,0.63,-0.000085,0.5,-0.000723,0.95
2024-04-30,-0.000826,1,-0.000774,1,,0,,0,,0,,0,,0,-0.000774,1,-0.001311,0.95,-0.001234,1,0.000221,0.5,,0,,0,,0,,0,-0.00126,0.74,-0.001515,0.8,-0.001081,0.32,-0.001209,0.09,,0,0.00114,0.03,0.000068,0.64,-0.000391,0.48,-0.001489,0.75
2024-05-07,-0.000213,1,0.000706,1,,0,,0,,0,,0,,0,0.000221,1,-0.000596,0.95,-0.00103,0.95,0.001345,0.6,,0,,0,,0,,0,0.000706,0.95,-0.001132,0.88,-0.000851,0.95,0.000528,0.31,,0,0.00017,0.02,0.001243,0.67,0.000528,0.5,-0.000749,0.83
2024-05-14,0.000374,1,0.001906,1,,0,,0,,0,,0,,0,0.003362,1,-0.000494,1,-0.000749,1,0.003106,0.6,,0,,0,,0,,0,0.001523,0.95,-0.000519,1,-0.000494,1,0.002085,0.32,,0,0.002519,0.03,0.002647,0.67,0.001345,0.5,-0.000085,0.95
2024-05-21,0.000094,1,0.002162,1,,0,,0,,0,,0,,0,0.003004,1,-0.000851,1,-0.000545,1,0.003974,0.55,,0,,0,,0,,0,0.001804,0.89,-0.000647,1,-0.000468,1,0.004,0.31,,0,0.003821,0.02,0.00234,0.61,0.002085,0.48,-0.00057,0.95
2024-05-28,0.000323,1,0.000477,1,,0,,0,,0,,0,,0,0.001038,1,0.000553,1,-0.000417,1,0.002953,0.6,,0,,0,,0,,0,0.000298,0.84,-0.000723,1,-0.000621,1,0.002315,0.32,,0,0.001651,0.02,0.001881,0.63,0.000732,0.52,-0.000468,0.95
2024-06-04,-0.000877,1,0.000145,1,,0,,0,,0,,0,,0,0.000655,1,-0.0008,1,-0.001106,0.53,0.001472,0.35,,0,,0,,0,,0,0.000272,0.58,-0.001234,0.98,-0.001157,0.92,-0.000749,0.25,,0,,0,0.000068,0.42,0.000272,0.37,-0.001004,0.86
2024-06-11,-0.000468,1,0.000068,1,,0,,0,,0,,0,,0,0.002009,1,-0.000136,1,-0.000136,1,0.001779,0.55,,0,,0,,0,,0,0.001217,0.89,-0.0008,1,-0.00057,1,0.004,0.32,,0,0.004,0.02,0.002826,0.63,0.000962,0.5,-0.000621,0.95
2024-06-18,0.001064,1,0.003055,1,,0,,0,,0,,0,,0,0.004,1,-0.000085,1,0.00063,1,0.004,0.55,,0,,0,,0,,0,0.003311,0.84,-0.000494,1,-0.000111,1,0.004,0.31,,0,0.002494,0.03,0.002596,0.61,0.001191,0.47,-0.000289,0.95
2024-06-25,0.000349,1,0.002774,1,,0,,0,,0,,0,,0,0.004,1,-0.000213,1,-0.000034,1,0.002085,0.55,,0,,0,,0,,0,0.00183,0.89,-0.000749,1,-0.000698,1,0.001319,0.31,,0,0.002213,0.02,0.002698,0.64,0.00234,0.48,-0.000494,0.95
2024-07-06,0.000272,1,0.001345,1,,0,,0,,0,,0,,0,0.002621,1,-0.000238,1,-0.000009,1,0.003055,0.55,,0,,0,,0,,0,0.001804,0.89,-0.000647,1,-0.000545,1,0.001345,0.31,,0,0.002698,0.02,0.003081,0.63,0.002672,0.48,-0.000494,0.95
2024-07-13,-0.0008,1,0.000221,1,,0,,0,,0,,0,,0,0.000451,1,-0.000417,1,-0.000443,1,0.000706,0.55,,0,,0,,0,,0,0.000323,0.89,-0.000698,1,-0.001055,1,0.000911,0.31,,0,0.002289,0.02,0.00206,0.6,0.000911,0.47,-0.000366,0.95
2024-07-20,-0.000391,1,-0.000264,1,,0,,0,,0,,0,,0,0.002621,1,-0.000289,1,-0.00006,1,0.001064,0.45,,0,,0,,0,,0,0.000911,0.89,-0.000647,1,-0.000264,1,0.001932,0.31,,0,0.000477,0.03,0.002774,0.64,0.000987,0.5,-0.000315,0.95
2024-07-27,-0.000034,1,0.000145,1,,0,,0,,0,,0,,0,0.001651,1,-0.000596,1,0.000094,1,0.001906,0.5,,0,,0,,0,,0,0.001217,0.89,-0.000851,0.97,-0.000698,1,0.0016,0.31,,0,0.001294,0.03,0.00137,0.61,0.001677,0.48,-0.000596,0.95
2024-08-03,0.000451,1,0.00183,1,,0,,0,,0,,0,,0,0.003336,1,-0.000443,1,0.000068,1,0.002723,0.55,,0,,0,,0,,0,0.001089,0.95,-0.000774,1,-0.000723,1,0.000732,0.31,,0,0.00114,0.03,0.001932,0.64,0.001217,0.5,-0.000723,0.95
2024-08-10,0.000426,1,0.000962,1,-0.002,1,,0,,0,,0,,0,0.002034,1,-0.000647,1,-0.000443,1,0.001549,0.5,,0,,0,,0,,0,0.000502,0.89,-0.001106,0.94,-0.0008,0.97,0.000757,0.31,,0,0.001957,0.03,0.001983,0.64,0.000451,0.47,-0.001004,0.94
2024-08-17,0.000757,1,0.002494,1,,0,,0,,0,,0,0.004,0.33,0.002238,1,-0.000443,1,-0.000213,1,0.002928,0.55,,0,,0,,0,-0.002,0.05,0.001779,1,-0.000826,1,-0.000723,1,0.00086,0.34,,0,0.003055,0.03,0.002979,0.67,0.001753,0.5,-0.000672,0.95
2024-08-24,-0.000289,1,0.000579,1,,0,,0,,0,,0,,0,0.002494,1,-0.000621,1,-0.000672,1,0.001983,0.55,,0,,0,,0,,0,0.002238,1,-0.000774,1,-0.000672,1,0.000706,0.32,,0,0.003923,0.03,0.00326,0.64,0.000834,0.52,-0.000647,0.95
2024-08-31,0.000706,1,0.000528,1,0.004,1,,0,,0,,0,,0,0.002698,1,-0.000468,1,-0.00034,1,0.001345,0.55,,0,,0,,0,0.000757,0.05,0.001396,0.95,-0.000749,1,-0.000749,1,0.001243,0.34,,0,0.002596,0.03,0.002647,0.67,0.000757,0.52,-0.000774,0.95
2024-09-07,0.000196,1,-0.000136,1,-0.000647,1,,0,,0,,0,0.000783,0.33,0.001294,1,-0.000749,1,-0.000519,1,0.001115,0.6,,0,,0,,0,0.001064,0.05,0.000834,1,-0.000774,1,-0.000928,1,0.000323,0.34,,0,0.001243,0.03,0.002315,0.64,0.001626,0.5,-0.000774,0.95
2024-09-14,0.000374,1,0.001268,1,-0.001234,1,,0,,0,,0,0.004,0.33,0.002468,1,-0.000723,1,-0.000672,1,0.00206,0.55,,0,,0,,0,0.003183,0.05,0.001345,1,-0.000877,1,-0.000774,1,0.000911,0.34,,0,0.003923,0.03,0.003821,0.64,0.001268,0.52,-0.000749,0.95
2024-09-21,0.000757,1,0.002698,1,,0,,0,,0,,0,,0,0.004,1,-0.000034,1,0.000145,1,0.003438,0.55,,0,,0,,0,,0,0.002851,0.89,-0.0008,1,-0.00057,1,0.001217,0.34,,0,0.003132,0.03,0.004,0.67,0.001191,0.5,-0.000749,0.95
2024-09-28,0.000145,1,0.001115,1,,0,,0,,0,,0,,0,0.002545,1,-0.0008,1,-0.000366,1,0.004,0.55,,0,,0,,0,,0,0.001574,0.89,-0.00103,1,-0.000979,1,0.00137,0.32,,0,0.004,0.02,0.004,0.63,0.001677,0.52,-0.00103,0.95
2024-10-05,0.001166,1,0.004,1,-0.001591,1,,0,,0,,0,0.000604,0.33,0.004,1,-0.000468,1,-0.000264,1,0.003004,0.55,,0,,0,,0,0.001013,0.05,0.002979,0.95,-0.000749,1,-0.000621,1,0.000579,0.34,,0,0.004,0.03,0.003413,0.67,0.00206,0.52,-0.000519,0.95
2024-10-12,-0.000162,1,0.000272,1,-0.002,1,,0,,0,,0,,0,0.001345,1,-0.000545,1,-0.00057,1,0.00183,0.55,,0,,0,,0,,0,0.001753,0.95,-0.000723,1,-0.000596,1,-0.000034,0.34,,0,0.002468,0.03,0.002366,0.69,0.00234,0.52,-0.000621,0.95
2024-10-19,-0.000213,1,0.000936,1,-0.00006,1,,0,,0,,0,,0,0.001753,1,-0.00057,1,-0.00034,1,0.002213,0.55,,0,,0,,0,0.004,0.05,0.001779,0.95,-0.0008,1,-0.00057,1,0.001038,0.32,,0,0.003183,0.03,0.004,0.67,0.001753,0.5,-0.000672,0.95
2024-10-26,-0.000953,1,-0.000443,1,-0.002,1,,0,,0,,0,-0.000672,0.33,-0.000519,1,-0.000902,1,-0.000877,1,-0.000187,0.6,,0,,0,,0,0.000094,0.05,-0.000468,0.84,-0.000953,1,-0.000877,1,-0.000723,0.34,,0,0.000783,0.03,0.000936,0.66,-0.000187,0.5,-0.000953,0.95
2024-11-02,-0.000723,0.5,-0.000545,0.67,,0,,0,,0,,0,,0,-0.000851,1,-0.001285,0.14,-0.000979,0.63,0.001166,0.55,,0,,0,,0,,0,0.001268,0.37,-0.001489,0.31,-0.00103,0.13,0.000579,0.28,,0,0.003464,0.03,0.002749,0.66,0.001932,0.47,-0.001515,0.45
2024-11-09,-0.000009,1,-0.000111,1,,0,,0,,0,,0,,0,-0.000928,1,-0.00103,1,-0.000953,1,-0.000085,0.55,,0,,0,,0,,0,0.002366,0.89,-0.000902,1,-0.0008,1,0.000579,0.32,,0,0.004,0.03,0.000119,0.61,0.000451,0.52,-0.0008,0.95
2024-11-16,-0.001234,1,-0.001055,1,,0,,0,,0,,0,,0,-0.000111,0.67,-0.0008,0.76,-0.000417,1,0.000247,0.6,,0,,0,,0,,0,0.000706,0.26,-0.0008,0.98,-0.000826,1,0.000221,0.32,,0,0.004,0.03,0.004,0.64,0.002443,0.5,-0.000902,0.94
2024-11-23,0.000809,1,0.001523,1,-0.002,1,,0,,0,,0,-0.002,0.33,0.004,1,0.000043,1,0.000068,1,0.002851,0.6,,0,,0,,0,0.001421,0.05,0.003004,0.95,-0.00057,1,-0.000443,1,0.001421,0.34,,0,0.004,0.03,0.004,0.67,0.0028,0.52,-0.000264,0.95
2024-11-30,-0.000902,1,-0.000647,1,,0,,0,,0,,0,0.00326,0.33,-0.000723,1,-0.00103,0.9,-0.001106,1,-0.00034,0.55,,0,,0,,0,0.000119,0.05,-0.000519,0.84,-0.001209,0.58,-0.001081,0.86,-0.000749,0.32,,0,-0.0008,0.02,-0.000749,0.63,-0.000162,0.5,-0.000851,0.86
2024-12-07,-0.001081,1,-0.00057,1,-0.001566,1,,0,,0,,0,,0,-0.000213,1,-0.000979,1,-0.000851,1,0.002238,0.6,,0,,0,,0,-0.001821,0.05,-0.000289,0.84,-0.001234,0.94,-0.000851,1,0.000732,0.34,,0,0.001268,0.03,0.001217,0.63,0.000374,0.52,-0.001183,0.86
2024-12-14,-0.000851,1,-0.000443,1,-0.002,1,,0,,0,,0,,0,0.000017,1,-0.0008,1,-0.0008,1,0.001166,0.6,,0,,0,,0,-0.001004,0.05,0.000911,0.95,-0.000851,1,-0.000723,1,0.000374,0.34,,0,0.004,0.03,0.004,0.69,0.001421,0.52,-0.000698,0.95
2024-12-21,-0.001362,1,-0.000468,1,,0,,0,,0,,0,,0,-0.000851,1,-0.000826,1,-0.000596,1,0.002264,0.6,,0,,0,,0,-0.001004,0.05,0.000502,0.95,-0.000953,1,-0.000851,1,0.000374,0.32,,0,0.00063,0.03,0.001217,0.66,0.002647,0.52,-0.000494,0.95
2024-12-28,-0.001209,1,-0.001081,1,,0,,0,,0,,0,-0.002,0.33,-0.000315,1,-0.001004,0.76,-0.001106,1,0.003336,0.5,,0,,0,,0,,0,-0.000953,0.74,-0.000877,0.81,-0.000877,0.79,-0.0008,0.29,,0,0.001447,0.03,0.000553,0.64,0.000477,0.5,-0.000877,0.66
2025-01-01,-0.000545,1,-0.000034,1,-0.001489,1,,0,,0,,0,-0.002,0.33,0.001881,1,-0.000826,1,-0.000494,1,0.002519,0.6,,0,,0,,0,0.000936,0.05,0.002289,0.89,-0.000749,0.98,-0.000826,0.98,0.000911,0.32,,0,0.000757,0.03,0.00234,0.64,0.002545,0.52,-0.000698,0.95
2025-01-08,0.00017,1,0.00137,1,-0.000162,1,,0,,0,,0,0.004,0.33,0.002366,1,-0.000111,1,-0.000621,1,0.001217,0.6,,0,,0,,0,-0.002,0.05,0.003081,0.89,-0.001081,0.97,-0.000877,0.97,0.000451,0.34,,0,0.001549,0.03,0.001651,0.69,0.002009,0.52,-0.000315,0.94
2025-01-15,-0.000213,1,0.001447,1,-0.001796,1,,0,,0,,0,-0.002,0.33,0.001779,1,-0.0008,1,-0.000289,1,0.004,0.6,,0,,0,,0,0.000094,0.05,0.00114,0.89,-0.000723,1,-0.000621,1,0.001115,0.32,,0,0.002136,0.03,0.002136,0.64,0.002009,0.52,-0.000621,0.95
2025-01-22,0.0004,1,0.001038,1,-0.001106,1,,0,,0,,0,0.004,0.33,0.001932,1,-0.000264,1,-0.000264,1,0.00354,0.6,,0,,0,,0,0.000528,0.05,0.002136,0.95,-0.000698,1,-0.000698,1,0.001804,0.32,,0,0.004,0.03,0.002698,0.67,0.002596,0.52,-0.000621,0.95
2025-01-29,0.0004,1,0.001268,1,0.004,1,,0,,0,,0,0.004,0.33,0.002902,1,-0.000443,1,-0.000111,1,0.003234,0.6,,0,,0,,0,0.001064,0.05,0.002494,0.95,-0.000723,1,-0.000698,1,0.000809,0.32,,0,0.000323,0.03,0.001115,0.69,0.001626,0.52,-0.00034,0.95
2025-02-05,-0.00057,1,-0.000391,1,,0,,0,,0,,0,,0,-0.000213,1,-0.000723,1,-0.00057,1,0.001498,0.6,,0,,0,,0,,0,-0.000391,0.89,-0.000698,1,-0.000647,1,-0.00006,0.34,,0,0.002162,0.03,0.001677,0.66,0.001651,0.52,-0.00057,0.95
2025-02-12,-0.000213,1,0.0004,1,,0,,0,,0,,0,,0,0.000757,1,-0.000468,1,-0.000187,1,0.001447,0.55,,0,,0,,0,-0.002,0.05,0.000911,0.89,-0.00057,1,-0.000647,1,0.002009,0.34,,0,0.0016,0.03,0.001089,0.66,0.001345,0.52,-0.00034,0.95
2025-02-19,-0.000366,1,0.000145,1,-0.00034,1,,0,,0,,0,0.004,0.33,0.000732,1,-0.000468,1,-0.000417,1,0.003362,0.6,,0,,0,,0,0.001396,0.05,0.000604,0.89,-0.000519,1,-0.000519,1,0.002034,0.34,,0,0.002315,0.03,0.001421,0.67,0.001038,0.52,-0.000391,0.95
2025-02-26,0.000528,1,0.001421,1,-0.001106,1,,0,,0,,0,-0.002,0.33,0.002723,1,-0.000596,1,-0.000162,1,0.00257,0.6,,0,,0,,0,0.004,0.05,0.001396,0.89,-0.000723,1,-0.000596,1,0.003668,0.34,,0,0.002085,0.03,0.000911,0.66,0.000809,0.52,-0.000545,0.95
2025-03-05,-0.000494,1,-0.000366,1,-0.002,1,,0,,0,,0,-0.000264,0.33,0.000196,1,-0.000672,1,-0.000647,1,0.002238,0.6,,0,,0,,0,-0.000468,0.05,0.000068,0.89,-0.000723,1,-0.000672,1,0.001421,0.34,,0,-0.000238,0.03,-0.000468,0.64,0.00017,0.52,-0.000698,0.95
2025-03-12,-0.00006,1,0.000553,1,-0.000366,1,,0,,0,,0,0.004,0.33,0.002621,1,-0.000417,1,-0.000162,1,0.002136,0.6,,0,,0,,0,0.004,0.05,0.001549,0.95,-0.00057,1,-0.00034,1,0.001779,0.34,,0,-0.00006,0.03,0.000349,0.66,0.001064,0.52,-0.000443,0.95
2025-03-19,0.000706,1,0.001523,1,0.004,1,,0,,0,,0,0.004,0.33,0.002264,1,0.000094,1,0.000145,1,0.002468,0.6,,0,,0,,0,0.004,0.05,0.002391,0.95,-0.000289,1,-0.000187,1,0.00206,0.34,,0,0.002826,0.03,0.002136,0.66,0.002238,0.52,-0.000136,0.95
2025-03-26,-0.000187,1,0.000579,1,,0,,0,,0,,0,,0,0.000936,1,-0.000289,1,-0.000417,1,0.00206,0.55,,0,,0,,0,,0,0.001651,0.89,-0.000519,1,-0.000468,1,0.001804,0.31,,0,0.000553,0.03,0.000426,0.64,0.000528,0.52,-0.000391,0.95
2025-04-02,-0.000289,1,0.000119,1,,0,,0,,0,,0,,0,0.000323,1,-0.000698,1,-0.000545,1,0.001447,0.55,,0,,0,,0,,0,0.000936,0.95,-0.000774,1,-0.000749,1,0.001855,0.32,,0,0.001804,0.03,0.000119,0.64,0.000757,0.5,-0.000596,0.95
2025-04-09,0.000094,1,0.001396,1,-0.000315,1,,0,,0,,0,-0.002,0.33,0.003387,1,-0.000289,1,-0.000238,1,0.002953,0.55,,0,,0,,0,-0.002,0.05,0.002698,1,-0.000494,1,-0.000366,1,0.002034,0.34,,0,0.004,0.03,0.002851,0.66,0.00206,0.5,-0.000264,0.95
2025-04-16,-0.001515,1,-0.001209,1,,0,,0,,0,,0,,0,-0.001285,0.33,-0.001311,0.48,-0.001362,1,-0.000315,0.3,,0,,0,,0,,0,-0.001081,0.26,-0.001362,0.91,-0.001311,0.94,0.000043,0.28,,0,0.000962,0.02,-0.000162,0.64,-0.000417,0.4,-0.001132,0.56
2025-04-23,-0.000391,1,0.000757,1,-0.00034,1,,0,,0,,0,,0,0.001268,1,-0.000723,1,-0.000979,1,0.002519,0.6,,0,,0,,0,,0,0.000094,0.89,-0.000953,1,-0.001004,1,-0.000111,0.32,,0,0.004,0.03,0.003081,0.66,0.001345,0.5,-0.000877,0.95
2025-04-30,-0.00057,1,0.000783,1,0.003132,1,,0,,0,,0,-0.001285,0.33,0.004,1,-0.000774,1,-0.000545,1,0.002826,0.55,,0,,0,,0,0.001447,0.05,0.001447,0.95,-0.000851,1,-0.000774,1,0.001753,0.34,,0,0.00183,0.03,0.002111,0.63,0.001881,0.52,-0.000774,0.95
2025-05-07,-0.000111,1,0.000528,1,0.004,1,,0,,0,,0,0.004,0.33,0.001932,1,-0.000672,1,-0.000723,1,0.001702,0.6,,0,,0,,0,0.000426,0.05,0.002009,1,-0.000749,1,-0.000749,1,0.001498,0.34,,0,0.001294,0.02,0.001574,0.66,0.001191,0.52,-0.000698,0.95
2025-05-14,-0.000698,1,0.000528,1,-0.000264,1,,0,,0,,0,0.004,0.33,0.003617,1,-0.000826,1,-0.000774,1,0.00206,0.6,,0,,0,,0,-0.002,0.05,0.001319,0.95,-0.001004,1,-0.000774,1,0.001753,0.34,,0,0.002851,0.03,0.001804,0.66,0.001498,0.52,-0.000596,0.95
2025-05-21,0.000017,1,0.001038,1,0.004,1,,0,,0,,0,0.004,0.33,0.004,1,-0.000596,1,-0.000468,1,0.00206,0.6,,0,,0,,0,0.001677,0.05,0.002187,0.95,-0.000851,1,-0.000774,1,0.001728,0.34,,0,0.00183,0.03,0.001728,0.63,0.001345,0.52,-0.000774,0.95
2025-05-28,0.000757,1,0.002136,1,0.00063,1,,0,,0,,0,0.002672,0.33,0.004,1,-0.000468,1,-0.000545,1,0.004,0.55,,0,,0,,0,0.001626,0.05,0.004,0.95,-0.000877,1,-0.000851,1,0.002289,0.34,,0,0.004,0.03,0.002187,0.63,0.001294,0.52,-0.0008,0.95
2025-06-04,0.000221,1,0.00183,1,,0,,0,,0,,0,,0,0.003183,1,-0.000596,1,-0.000264,1,0.002826,0.55,,0,,0,,0,,0,0.002264,0.89,-0.000928,1,-0.000647,1,0.001498,0.34,,0,0.003515,0.03,0.001115,0.64,0.001268,0.52,-0.000826,0.95
2025-06-11,0.000451,1,0.002162,1,,0,,0,,0,,0,,0,0.000272,1,-0.000468,1,-0.000417,0.95,0.004,0.5,,0,,0,,0,0.000272,0.05,0.000247,0.89,-0.000877,1,-0.000672,1,0.001294,0.29,,0,0.001166,0.02,0.001294,0.63,0.00017,0.5,-0.000698,0.92
2025-06-18,-0.000111,1,0.000604,1,,0,,0,,0,,0,,0,0.002289,1,-0.000596,1,0.000477,1,0.002238,0.55,,0,,0,,0,,0,0.00326,0.89,-0.00103,1,-0.000621,1,0.002187,0.32,,0,0.000553,0.03,0.00183,0.66,0.001932,0.52,-0.000672,0.95
2025-06-25,0.000451,1,0.000502,1,,0,,0,,0,,0,,0,0.001319,1,-0.000443,1,0.000221,1,0.002136,0.5,,0,,0,,0,,0,0.000962,0.79,-0.001157,1,-0.000902,1,0.001932,0.31,,0,0.000962,0.02,0.00114,0.63,0.001217,0.47,-0.000928,0.92
2025-07-02,0.001855,1,0.00234,1,0.004,1,,0,,0,,0,0.004,0.33,0.004,1,-0.000596,1,-0.000749,1,0.001957,0.55,,0,,0,,0,0.000349,0.05,0.003081,0.95,-0.001183,1,-0.001081,0.98,0.000706,0.32,,0,0.004,0.03,0.004,0.66,0.001651,0.5,-0.000774,0.95
2025-07-18,-0.000749,1,-0.000187,1,,0,,0,,0,,0,,0,0.001217,1,-0.001209,1,-0.001132,1,0.000885,0.55,,0,,0,,0,,0,-0.000672,0.68,-0.001055,0.59,-0.00103,0.76,0.000911,0.31,,0,0.000604,0.02,0.00137,0.58,0.00063,0.47,-0.001157,0.69
2025-07-25,-0.000443,1,0.000349,1,-0.000749,1,,0,,0,,0,-0.001489,0.33,0.001753,1,-0.000519,1,-0.000009,1,0.002468,0.55,,0,,0,,0,0.000119,0.05,0.001319,0.95,-0.000366,1,-0.000647,1,0.00086,0.34,,0,0.004,0.03,0.004,0.66,0.001064,0.52,-0.000698,0.95
2025-08-01,0.000017,1,0.001447,1,0.002953,1,,0,,0,,0,0.004,0.33,0.004,1,-0.00006,1,-0.000621,1,0.002545,0.55,,0,,0,,0,0.001013,0.05,0.002009,1,-0.00006,1,-0.000085,1,0.000962,0.34,,0,0.004,0.03,0.003285,0.64,0.001677,0.52,-0.000238,0.95
2025-08-08,-0.00034,1,0.000145,1,,0,,0,,0,,0,0.004,0.33,0.002289,1,-0.000596,1,-0.000366,1,0.000834,0.6,,0,,0,,0,0.004,0.05,0.003464,1,-0.000289,1,0.000221,1,0.000374,0.32,,0,0.001702,0.03,0.003413,0.64,0.001549,0.52,-0.000264,0.95
2025-08-15,-0.00006,1,0.000757,1,0.004,1,,0,,0,,0,0.004,0.33,0.002723,1,-0.000085,1,-0.000162,1,0.001855,0.55,,0,,0,,0,0.001089,0.05,0.001779,1,0.000477,1,0.000502,1,0.000936,0.34,,0,0.002851,0.03,0.004,0.66,0.001855,0.52,0.000094,0.95
2025-08-22,0.000017,1,0.00063,1,-0.000468,1,,0,,0,,0,0.000502,0.33,0.002213,1,0.000017,1,-0.000366,1,0.00206,0.55,,0,,0,,0,0.001906,0.05,0.001753,0.89,-0.000085,1,-0.000213,1,0.001472,0.34,,0,0.004,0.03,0.003464,0.66,0.001957,0.52,0.000477,0.95
2025-08-29,-0.000187,1,0.000757,1,,0,,0,,0,,0,,0,0.000196,1,0.000298,1,-0.000034,1,-0.000111,0.55,,0,,0,,0,,0,0.000809,0.89,-0.000238,1,-0.000009,1,0.000323,0.31,,0,0.002391,0.03,0.003183,0.63,0.002289,0.48,-0.00006,0.95
2025-09-05,-0.0008,1,0.000145,1,-0.002,1,,0,,0,,0,0.004,0.33,0.001881,1,-0.000647,1,-0.000851,1,0.0016,0.55,,0,,0,,0,0.003821,0.05,0.001626,1,-0.00034,1,-0.000494,1,0.000094,0.34,,0,0.001626,0.03,0.001523,0.64,0.001243,0.52,-0.00034,0.95
2025-09-12,-0.000519,1,0.000528,1,,0,,0,,0,,0,0.002162,0.33,0.004,1,-0.000826,1,-0.000417,1,0.002723,0.6,,0,,0,,0,0.004,0.05,0.001677,1,-0.000494,1,-0.000238,1,0.002034,0.34,,0,0.004,0.03,0.002672,0.64,0.000706,0.52,-0.000289,0.95
2025-09-19,-0.00034,1,0.001243,1,0.001804,1,,0,,0,,0,0.001013,0.33,0.002545,1,-0.000774,1,-0.000443,1,0.00303,0.6,,0,,0,,0,-0.000289,0.05,0.001702,1,-0.000494,1,-0.000774,1,0.000426,0.34,,0,0.003617,0.03,0.003796,0.66,0.001626,0.52,-0.000877,0.95
2025-09-26,-0.000672,1,0.000298,1,,0,,0,,0,,0,0.000196,0.33,0.002596,1,-0.000851,1,-0.000621,1,0.001191,0.6,,0,,0,,0,0.00137,0.05,0.001038,1,-0.000851,1,-0.000621,1,0.003362,0.34,,0,0.003387,0.03,0.001626,0.66,0.001243,0.52,-0.000545,0.95
2025-10-03,0.000298,1,0.002851,1,-0.002,1,,0,,0,,0,0.004,0.33,0.003821,1,-0.000494,1,-0.000187,1,0.003413,0.6,,0,,0,,0,0.000323,0.05,0.00326,1,-0.000902,1,-0.000953,1,0.001804,0.34,,0,0.001574,0.03,0.002213,0.64,0.001217,0.52,-0.000979,0.95
2025-10-10,0.000374,1,0.000911,1,-0.002,1,,0,,0,,0,-0.002,0.33,0.004,1,-0.000672,1,-0.000085,1,0.003745,0.6,,0,,0,,0,0.003055,0.05,0.002723,1,-0.000877,1,-0.000877,1,0.00183,0.34,,0,0.002902,0.03,0.003668,0.67,0.001574,0.52,-0.000774,0.95
2025-10-17,0.000553,1,0.002953,1,,0,,0,,0,,0,-0.001949,0.33,0.004,1,-0.0008,1,0.000196,1,0.004,0.6,,0,,0,,0,0.000732,0.05,0.00137,0.89,-0.00103,1,-0.000851,1,0.002213,0.34,,0,0.004,0.03,0.001677,0.64,0.000221,0.52,-0.0008,0.95
2025-10-24,-0.000774,1,0.000298,1,0.004,1,,0,,0,,0,0.004,0.33,0.000426,1,-0.000902,1,-0.001004,1,0.002391,0.6,,0,,0,,0,0.004,0.05,0.001702,1,-0.001515,0.77,-0.001183,0.97,0.000145,0.34,,0,0.001906,0.03,0.002953,0.64,0.001319,0.52,-0.000928,0.95
2025-10-31,-0.001285,0.5,-0.001285,1,,0,,0,,0,,0,,0,0.000706,0.67,,0,-0.001694,0.37,0.000323,0.6,,0,,0,,0,,0,-0.002,0.11,-0.001643,0.55,-0.001668,0.35,-0.000391,0.31,,0,,0,-0.001387,0.27,-0.001413,0.21,-0.001566,0.11
2025-11-07,-0.000621,1,0.000145,1,-0.001157,1,,0,,0,,0,0.004,0.33,0.000681,1,-0.000928,1,-0.000774,1,0.001396,0.6,,0,,0,,0,0.004,0.05,0.001447,0.95,-0.001081,1,-0.001081,1,0.000834,0.34,,0,0.001804,0.03,0.002545,0.66,0.001728,0.52,-0.000672,0.95
2025-11-14,-0.00034,1,0.000502,1,0.004,1,,0,,0,,0,0.004,0.33,0.002494,1,-0.000953,1,-0.000111,1,0.004,0.6,,0,,0,,0,0.0004,0.05,0.001447,0.95,-0.001132,1,-0.001004,1,0.000732,0.34,,0,0.000885,0.03,0.00137,0.67,0.001728,0.52,-0.000647,0.95
2025-11-21,0.000068,1,0.001626,1,-0.000928,1,,0,,0,,0,0.004,0.33,0.002774,1,-0.000979,1,-0.000187,1,0.003515,0.6,,0,,0,,0,0.000885,0.05,0.001396,0.89,-0.00103,1,-0.000443,1,0.003209,0.34,,0,0.004,0.03,0.004,0.66,0.002826,0.52,-0.000774,0.95
2025-11-28,0.000043,1,0.001319,1,0.002315,1,,0,,0,,0,-0.000494,0.33,0.002596,1,-0.000774,1,-0.000519,1,0.003336,0.6,,0,,0,,0,0.000094,0.05,0.001064,0.95,-0.000877,1,-0.000672,1,0.001498,0.34,,0,0.004,0.03,0.004,0.67,0.002953,0.52,-0.000826,0.95
2025-12-05,-0.000494,1,0.000553,1,-0.002,1,,0,,0,,0,0.004,0.33,0.001702,1,-0.000749,1,-0.00057,1,0.004,0.6,,0,,0,,0,0.000502,0.05,0.00114,0.89,-0.001004,1,-0.000902,1,0.001243,0.34,,0,0.002953,0.03,0.003489,0.66,0.002877,0.52,-0.000596,0.95
2025-12-12,-0.000187,1,0.001447,1,0.000145,1,,0,,0,,0,0.004,0.33,0.002187,1,-0.000953,1,-0.000826,1,0.002545,0.6,,0,,0,,0,0.001574,0.05,0.002621,0.95,-0.001055,1,-0.000953,1,0.001855,0.34,,0,0.004,0.03,0.00326,0.66,0.002187,0.52,-0.000494,0.95
2025-12-19,-0.000289,1,0.000757,1,0.001932,1,,0,,0,,0,-0.000928,0.33,0.00257,1,-0.000774,1,-0.000315,1,0.003234,0.6,,0,,0,,0,0.000604,0.05,0.000783,0.95,-0.000851,1,-0.0008,1,0.001651,0.34,,0,0.004,0.03,0.004,0.64,0.002698,0.52,-0.000494,0.95
2025-12-26,0.001345,1,0.000298,1,-0.001566,1,,0,,0,,0,-0.001974,0.33,0.002034,1,-0.001004,1,-0.000826,1,0.002545,0.6,,0,,0,,0,-0.000698,0.05,0.001549,0.95,-0.00103,1,-0.000902,1,0.000043,0.34,,0,0.004,0.03,0.002596,0.69,0.001574,0.52,-0.000723,0.95
2026-01-01,0.001345,1,0.000757,1,-0.001464,1,,0,,0,,0,0.004,0.33,0.002085,1,-0.00057,1,-0.000238,1,0.002723,0.6,,0,,0,,0,0.000374,0.05,0.001166,0.95,-0.000519,1,-0.000826,1,0.001549,0.34,,0,0.002519,0.03,0.002826,0.69,0.001957,0.52,-0.000315,0.95
2026-01-08,-0.000545,1,-0.00006,1,0.004,1,,0,,0,,0,0.00137,0.33,0.001217,1,-0.000902,1,-0.000391,1,0.001013,0.6,,0,,0,,0,0.004,0.05,0.001319,0.95,-0.000851,1,-0.000519,1,0.000655,0.34,,0,0.001089,0.03,0.000987,0.69,0.000936,0.52,-0.000672,0.95
2026-01-15,0.000145,1,0.000783,1,0.000196,1,,0,,0,,0,0.004,0.33,0.001574,1,-0.00057,1,-0.000162,1,0.003055,0.6,,0,,0,,0,-0.000519,0.05,0.001294,0.95,-0.000774,1,-0.000723,1,0.001472,0.34,,0,0.004,0.03,0.003157,0.67,0.002519,0.52,-0.000596,0.95
2026-01-22,0.000068,1,0.000706,1,0.000017,1,,0,,0,,0,-0.000953,0.33,0.002187,1,-0.000494,1,-0.000391,1,0.003055,0.6,,0,,0,,0,0.004,0.05,0.001115,0.95,-0.000928,1,-0.000698,1,0.002417,0.34,,0,0.002034,0.03,0.00234,0.66,0.001855,0.52,-0.000826,0.95
2026-01-29,-0.000826,1,0.000477,1,-0.001285,1,,0,,0,,0,0.004,0.33,0.004,1,-0.000902,1,-0.0008,1,0.00326,0.6,,0,,0,,0,0.004,0.05,0.00137,0.95,-0.000979,1,-0.000953,1,0.001549,0.34,,0,0.00137,0.03,0.001038,0.67,0.001677,0.52,-0.0008,0.95
2026-02-05,-0.001183,1,-0.000826,1,,0,,0,,0,,0,-0.002,0.33,-0.001004,1,-0.000979,1,-0.00103,1,-0.000264,0.6,,0,,0,,0,-0.002,0.05,-0.00006,0.89,-0.001132,1,-0.001132,1,0.00063,0.32,,0,0.001574,0.03,0.001421,0.67,0.000757,0.5,-0.000315,0.95
2026-02-12,0.000068,1,0.000732,1,-0.000621,1,,0,,0,,0,-0.000877,0.33,0.00183,1,-0.000979,1,-0.000928,1,0.000962,0.55,,0,,0,,0,0.001345,0.05,0.001549,0.95,-0.001209,0.84,-0.001004,1,0.00086,0.34,,0,0.001983,0.03,0.000655,0.67,0.000655,0.52,-0.000902,0.95
2026-02-19,-0.000162,1,0.000247,1,-0.000647,1,,0,,0,,0,0.004,0.33,0.001804,1,-0.000877,1,-0.000723,1,0.003234,0.6,,0,,0,,0,0.001677,0.05,0.0016,0.95,-0.001055,1,-0.000902,1,0.000987,0.34,,0,0.004,0.03,0.001677,0.69,0.001396,0.52,-0.000749,0.95
2026-02-26,-0.000953,1,-0.0008,1,-0.002,1,,0,,0,,0,-0.002,0.33,-0.000851,1,-0.001081,1,-0.001004,1,0.0004,0.55,,0,,0,,0,-0.000213,0.05,0.000426,0.95,-0.00103,1,-0.001081,1,0.001523,0.32,,0,0.000043,0.03,0.00017,0.64,0.000349,0.52,-0.000928,0.95
2026-03-05,-0.001004,1,0.000017,1,0.004,1,,0,,0,,0,-0.000749,0.33,0.000068,1,-0.00103,1,-0.001106,1,0.003668,0.55,,0,,0,,0,0.003898,0.05,0.001626,1,-0.001132,1,-0.001106,1,0.001166,0.34,,0,0.002851,0.03,0.001319,0.64,0.001191,0.52,-0.000826,0.95
2026-03-12,-0.000315,1,0.000962,1,-0.001617,1,,0,,0,,0,-0.002,0.33,0.004,1,-0.000723,1,-0.000698,1,0.002111,0.6,,0,,0,,0,0.000426,0.05,0.001677,0.95,-0.000928,1,-0.000953,1,0.001268,0.34,,0,0.002213,0.03,0.0016,0.69,0.001932,0.52,-0.000826,0.95
2026-03-20,-0.000698,1,-0.000289,1,,0,,0,,0,,0,,0,0.000349,1,-0.001209,1,-0.00103,1,0.000706,0.55,,0,,0,,0,0.000043,0.05,0.000145,0.95,-0.001387,1,-0.001132,1,0.000119,0.32,,0,0.002391,0.02,0.00063,0.64,-0.000034,0.5,-0.001209,0.95
2026-03-27,-0.000723,1,-0.00034,1,0.004,1,,0,,0,,0,,0,0.000553,1,-0.000774,1,-0.000647,1,0.0004,0.55,,0,,0,,0,,0,-0.000162,0.89,-0.000723,1,-0.000826,1,0.000783,0.34,,0,0.000757,0.03,0.0016,0.64,0.00086,0.52,-0.000545,0.95
2026-04-03,-0.000111,1,0.000783,1,0.004,1,,0,,0,,0,-0.001183,0.33,0.001217,1,-0.000877,1,-0.000596,1,0.003081,0.6,,0,,0,,0,,0,0.001447,0.95,-0.001081,0.95,-0.000851,0.98,0.000349,0.34,,0,0.002596,0.03,0.001702,0.66,0.001268,0.5,-0.001004,0.89
2026-04-10,-0.000621,1,0.000272,1,0.004,1,,0,,0,,0,-0.00126,0.33,0.003132,1,-0.000851,1,-0.00057,1,0.003515,0.6,,0,,0,,0,0.002953,0.05,0.003209,1,-0.001106,1,-0.0008,1,0.001421,0.34,,0,0.001651,0.03,0.001626,0.66,0.00206,0.52,-0.000672,0.95
2026-04-17,-0.001209,1,-0.001438,1,-0.002,1,,0,,0,,0,-0.00057,0.33,-0.001106,1,-0.000953,1,-0.0008,1,0.001064,0.55,,0,,0,,0,,0,-0.000111,1,-0.001081,1,-0.000953,1,-0.000264,0.32,,0,0.002315,0.03,0.001957,0.64,0.000706,0.5,-0.000953,0.94
2026-04-24,-0.000928,1,-0.000213,1,-0.001591,1,,0,,0,,0,0.004,0.33,0.000834,1,-0.000698,1,-0.000647,1,0.002723,0.6,,0,,0,,0,,0,0.000936,1,-0.000902,1,-0.000851,1,0.002187,0.34,,0,0.00206,0.03,0.001523,0.64,0.00063,0.52,-0.000698,0.95
2026-05-01,-0.0008,1,-0.000238,1,-0.000723,1,,0,,0,,0,,0,0.000579,1,-0.000979,1,-0.000851,1,0.00183,0.6,,0,,0,,0,0.000043,0.05,0.001243,0.95,-0.000672,1,-0.000494,1,0.000502,0.34,,0,0.002621,0.03,0.003362,0.66,0.00114,0.52,-0.000545,0.95
2026-05-08,-0.000136,1,0.0004,1,0.004,1,,0,,0,,0,0.002519,0.33,0.004,1,-0.000928,1,-0.00057,1,0.002494,0.6,,0,,0,,0,0.002162,0.05,0.002085,1,-0.000443,1,-0.000749,1,0.00183,0.34,,0,0.004,0.03,0.001217,0.64,0.001268,0.52,-0.000417,0.95
2026-05-15,0.000017,1,0.001191,1,0.004,1,,0,,0,,0,0.004,0.33,0.002238,1,-0.000672,1,-0.000391,1,0.004,0.6,,0,,0,,0,0.002647,0.05,0.002953,1,-0.000902,1,-0.000851,1,0.003591,0.34,,0,0.004,0.03,0.002417,0.66,0.001881,0.52,-0.000391,0.95
2026-05-22,-0.000264,1,0.000553,1,,0,,0,,0,,0,,0,0.000987,1,-0.00057,1,0.00017,1,0.002774,0.55,,0,,0,,0,,0,0.002391,0.89,-0.000928,1,-0.000851,1,0.001013,0.34,,0,0.0016,0.03,0.001932,0.61,0.001855,0.5,-0.000621,0.95
2026-05-29,-0.000749,1,-0.000034,1,,0,,0,,0,,0,,0,0.000732,1,-0.001055,1,-0.000826,1,0.001702,0.55,,0,,0,,0,,0,0.00086,0.95,-0.001004,1,-0.000953,1,0.001728,0.32,,0,0.000936,0.02,0.002162,0.66,0.002111,0.52,-0.000774,0.95
2026-06-05,-0.000289,1,0.000757,1,,0,,0,,0,,0,,0,0.001957,1,-0.000519,1,-0.000417,1,0.002621,0.6,,0,,0,,0,,0,0.002238,0.89,-0.00103,1,-0.000545,1,0.00206,0.32,,0,0.001217,0.02,0.001345,0.63,0.001191,0.5,-0.000647,0.95
2026-06-12,0.00017,1,0.001549,1,,0,,0,,0,,0,,0,0.004,1,-0.001183,1,-0.000391,1,0.004,0.5,,0,,0,,0,,0,0.001983,0.89,-0.001438,0.77,-0.001285,1,0.002111,0.31,,0,,0,0.000349,0.54,0.001013,0.31,0.00017,0.94
2026-06-19,0.000043,1,0.001677,1,,0,,0,,0,,0,,0,0.002621,1,-0.000494,1,-0.000162,1,0.003847,0.6,,0,,0,,0,,0,0.001166,0.95,-0.001004,1,-0.000723,1,0.002928,0.34,,0,0.004,0.03,0.001804,0.64,0.001957,0.5,-0.000443,0.95
2026-06-26,0.000043,1,0.002366,1,0.000706,1,,0,,0,,0,,0,0.004,1,-0.0008,1,-0.000417,1,0.002749,0.55,,0,,0,,0,0.002519,0.05,0.002519,0.95,-0.000979,1,-0.000774,1,0.001702,0.32,,0,0.001498,0.03,0.002213,0.66,0.001574,0.52,-0.000698,0.95
2026-07-03,0.000272,1,0.001294,1,0.000426,1,,0,,0,,0,0.004,0.33,0.002111,1,-0.000647,1,-0.000136,1,0.003336,0.6,,0,,0,,0,0.001243,0.05,0.003668,1,0.000579,1,0.000272,1,0.002443,0.34,,0,0.001779,0.03,0.002443,0.66,0.00234,0.52,-0.000417,0.95
2026-07-10,-0.000238,1,0.001396,1,,0,,0,,0,,0,,0,0.002034,1,-0.000774,1,-0.000289,1,0.001574,0.5,,0,,0,,0,,0,0.000579,0.95,-0.000366,1,-0.000749,1,0.001881,0.32,,0,0.002902,0.03,0.002749,0.64,0.000962,0.52,-0.00057,0.95
2026-07-17,-0.000851,1,0.000272,1,-0.000136,1,,0,,0,,0,,0,0.000579,1,-0.001234,1,-0.000723,1,0.001294,0.6,,0,,0,,0,,0,0.000885,1,-0.001081,0.98,-0.000953,1,0.000553,0.34,,0,0.000885,0.03,0.00137,0.64,0.001626,0.52,-0.001004,0.95
2026-07-24,0.000094,1,0.001498,1,,0,,0,,0,,0,,0,0.002979,1,-0.000494,1,0.000094,1,0.002928,0.55,,0,,0,,0,,0,0.002902,0.89,-0.000136,1,0.000119,1,0.002698,0.34,,0,0.004,0.03,0.004,0.66,0.002238,0.52,-0.000162,0.95
2026-07-31,-0.000238,1,0.001294,1,0.002902,1,,0,,0,,0,,0,0.001702,1,-0.000391,1,-0.000391,1,0.002494,0.55,,0,,0,,0,,0,0.001651,1,0.000119,1,-0.000213,1,0.001472,0.32,,0,0.000732,0.03,0.0016,0.64,0.001038,0.5,0.001396,0.95
2026-08-07,-0.000085,1,0.000732,1,0.004,1,,0,,0,,0,0.000477,0.33,0.001013,1,-0.000468,1,-0.00057,1,0.003617,0.55,,0,,0,,0,0.000834,0.05,0.000809,1,-0.001055,1,-0.001004,1,-0.000111,0.34,,0,0.004,0.03,0.001804,0.67,0.000374,0.52,-0.00057,0.95
2026-08-14,-0.000238,1,0.000477,1,,0,,0,,0,,0,,0,0.000374,1,-0.000545,1,-0.000468,1,0.000681,0.45,,0,,0,,0,,0,0.001064,0.89,-0.00103,1,-0.000774,1,0.000962,0.29,,0,0.001651,0.02,0.001498,0.63,0.000553,0.52,-0.000928,0.95
2026-08-21,0.000655,1,0.002749,1,0.004,1,,0,,0,,0,0.004,0.33,0.003132,1,-0.000111,1,-0.000545,1,0.002545,0.55,,0,,0,,0,0.002187,0.05,0.004,0.95,-0.000443,1,-0.00006,1,0.001932,0.34,,0,0.004,0.03,0.003285,0.64,0.002264,0.52,-0.000494,0.95
2026-08-28,-0.000723,1,-0.000111,1,-0.002,1,,0,,0,,0,0.000221,0.33,0.003413,1,-0.000774,1,-0.000443,1,0.001243,0.6,,0,,0,,0,,0,0.001217,1,-0.000468,1,-0.000391,1,0.000732,0.32,,0,0.000911,0.03,0.001421,0.64,0.001064,0.52,-0.000238,0.95
2026-09-04,0.000349,1,0.000732,1,-0.000366,1,,0,,0,,0,0.001038,0.33,0.002979,1,-0.000111,1,-0.000417,1,0.002213,0.6,,0,,0,,0,-0.001311,0.05,0.003821,1,-0.00006,1,-0.000391,1,0.000987,0.34,,0,0.004,0.03,0.002187,0.64,0.001013,0.52,-0.00034,0.95
2026-09-11,-0.000698,1,0.00017,1,-0.000647,1,,0,,0,,0,0.004,0.33,0.001268,1,0.002391,1,-0.00057,1,0.002647,0.6,,0,,0,,0,-0.000723,0.05,0.001191,0.95,-0.000315,1,0.000017,1,0.000374,0.34,,0,0.003438,0.02,0.004,0.66,0.001166,0.52,-0.000238,0.95
2026-09-18,-0.000621,1,-0.000111,1,-0.001974,1,,0,,0,,0,0.001038,0.33,0.000732,1,-0.000647,1,-0.000774,1,0.001319,0.6,,0,,0,,0,0.004,0.05,0.000809,0.95,-0.000723,1,-0.001055,1,0.000655,0.34,,0,0.004,0.03,0.002545,0.66,0.001345,0.52,-0.000443,0.95
2026-09-25,0.002009,1,0.002621,1,-0.001106,1,,0,,0,,0,0.000477,0.33,0.001702,1,-0.000621,1,0.000145,1,0.004,0.6,,0,,0,,0,0.000783,0.05,0.001574,0.89,-0.000928,1,-0.000596,1,0.002162,0.34,,0,0.004,0.03,0.001932,0.61,0.00137,0.52,-0.000494,0.95
