date,r0s0_p90,r0s0_valid,r0s1_p90,r0s1_valid,r0s2_p90,r0s2_valid,r0s3_p90,r0s3_valid,r0s4_p90,r0s4_valid,r0s5_p90,r0s5_valid,r0s6_p90,r0s6_valid,r0s7_p90,r0s7_valid,r1s0_p90,r1s0_valid,r1s1_p90,r1s1_valid,r1s2_p90,r1s2_valid,r1s3_p90,r1s3_valid,r1s4_p90,r1s4_valid,r1s5_p90,r1s5_valid,r1s6_p90,r1s6_valid,r1s7_p90,r1s7_valid,r2s0_p90,r2s0_valid,r2s1_p90,r2s1_valid,r2s2_p90,r2s2_valid,r2s3_p90,r2s3_valid,r2s4_p90,r2s4_valid,r2s5_p90,r2s5_valid,r2s6_p90,r2s6_valid,r2s7_p90,r2s7_valid
2016-06-18,-0.001183,0.33,,0,,0,-0.000034,0.67,-0.000545,1,-0.000672,1,0.000145,0.67,,0,,0,,0,0.001115,0.1,0.000094,1,-0.000877,1,-0.000877,1,0.000068,0.44,,0,,0,,0,,0,-0.000034,0.84,-0.001081,0.81,-0.001234,0.9,-0.00126,0.36,,0
2016-06-25,-0.000494,0.33,-0.000264,0.67,,0,-0.000009,0.67,-0.000391,1,-0.000289,1,-0.000468,0.67,,0,,0,,0,0.00183,0.14,-0.000009,1,-0.000519,1,-0.000672,1,-0.000187,0.44,,0,,0,,0,,0,0.000323,0.88,-0.00057,1,-0.000672,1,-0.000315,0.4,,0
2016-07-02,-0.000698,0.33,-0.001464,0.33,,0,-0.000034,0.67,-0.000826,1,-0.0008,1,-0.000238,0.67,,0,,0,,0,0.002213,0.14,0.000911,1,-0.000672,1,-0.001157,1,-0.000698,0.44,,0,,0,,0,,0,0.000272,0.9,-0.000979,1,-0.001311,0.96,-0.001796,0.39,,0
2016-07-09,-0.000417,0.33,-0.000928,0.33,,0,-0.000034,0.67,-0.000545,1,-0.000672,1,0.000323,0.67,,0,,0,,0,0.001013,0.14,-0.000315,1,-0.001362,1,-0.001106,1,0.000298,0.44,,0,,0,,0,,0,-0.000315,0.88,-0.001311,0.99,-0.00177,0.87,-0.000545,0.42,,0
2016-07-16,,0,,0,,0,-0.000979,0.33,-0.001132,0.33,,0,0.000502,0.33,,0,,0,,0,0.000936,0.1,-0.000519,0.67,-0.001591,0.44,-0.00034,0.41,-0.00057,0.44,,0,,0,,0,,0,-0.000162,0.81,-0.001515,0.89,-0.001974,0.94,-0.001234,0.36,,0
2016-08-01,0.002136,0.33,0.000145,0.33,,0,-0.000162,0.67,-0.000187,1,-0.000391,0.67,0.000298,0.67,,0,,0,,0,0.000783,0.1,0.000323,1,-0.000826,0.89,-0.000621,0.82,-0.000111,0.22,,0,,0,,0,,0,-0.000213,0.9,-0.001055,1,-0.001157,0.83,-0.000519,0.33,,0
2017-02-04,,0,,0,,0,,0,,0,,0,,0,,0,,0,,0,,0,,0,,0,,0,,0,,0,,0,,0,,0,,0,,0,,0,,0,,0
2017-02-11,-0.002,0.33,-0.002,0.67,,0,-0.000902,0.67,-0.001132,1,-0.00103,1,-0.001489,0.67,,0,,0,,0,0.000017,0.14,-0.000596,1,-0.000902,1,-0.000902,1,-0.0008,0.44,,0,,0,,0,,0,-0.000877,0.91,-0.000928,1,-0.000979,1,-0.001081,0.42,,0
2017-03-13,,0,,0,,0,,0,,0,,0,,0,,0,,0,,0,,0,,0,,0,,0,,0,,0,,0,,0,,0,,0,,0,,0,,0,,0
2017-03-20,-0.00057,0.33,-0.000953,0.67,,0,0.000477,0.67,0.000043,1,0.001421,1,0.000706,0.67,,0,,0,,0,0.001574,0.14,0.000553,1,-0.00057,1,-0.000391,1,0.000604,0.44,,0,,0,,0,,0,0.000068,0.91,-0.000902,1,-0.000953,1,-0.000238,0.42,,0
2017-03-27,-0.001694,0.33,-0.001387,0.67,,0,-0.0008,1,-0.000851,1,-0.00057,1,-0.0008,0.67,,0,,0,,0,-0.000034,0.14,-0.000494,1,-0.001081,1,-0.001106,1,-0.000647,0.5,,0,,0,,0,,0,-0.000596,0.91,-0.00103,1,-0.001234,1,-0.001055,0.42,,0
2017-04-03,0.000579,0.33,0.000706,0.67,,0,0.0004,0.67,-0.000034,1,0.000477,1,0.000349,0.67,,0,,0,,0,0.001855,0.14,0.000323,1,-0.000877,1,-0.000672,1,0.000553,0.44,,0,,0,,0,,0,-0.000647,0.9,-0.000953,1,-0.000877,1,-0.000366,0.43,,0
2017-04-10,-0.000851,0.33,-0.001055,0.67,,0,-0.000085,0.67,-0.00057,1,0.000247,1,-0.000162,0.67,,0,,0,,0,0.00086,0.14,0.000017,1,-0.000672,1,-0.000672,1,0.000043,0.44,,0,,0,,0,,0,-0.000391,0.91,-0.000596,1,-0.000723,1,-0.000647,0.43,,0
2017-04-17,,0,0.003209,0.33,,0,0.002443,0.67,0.000247,1,0.000834,0.67,-0.000264,0.67,,0,,0,,0,0.002621,0.1,0.00114,1,-0.000774,1,-0.000111,1,0.000528,0.44,,0,,0,,0,,0,-0.00006,0.88,-0.000877,1,-0.0008,1,0.000145,0.36,,0
2017-04-24,-0.000315,0.33,-0.000366,0.33,,0,0.000349,0.67,0.000272,1,0.001881,1,0.001498,0.67,,0,,0,,0,0.000553,0.14,-0.000289,1,-0.000519,1,-0.000494,1,0.001319,0.44,,0,,0,,0,,0,-0.000238,0.9,-0.000851,1,-0.000902,1,-0.000596,0.4,,0
2017-05-01,,0,,0,,0,0.000145,0.67,-0.000213,1,-0.000545,1,0.000145,0.67,,0,,0,,0,0.001217,0.1,-0.00006,0.76,-0.000902,0.72,-0.000647,0.95,0.000247,0.44,,0,,0,,0,,0,-0.000009,0.54,-0.000979,0.67,-0.000953,0.84,-0.000647,0.4,,0
2017-05-08,0.000809,0.33,0.000426,0.67,,0,-0.000162,0.67,-0.000443,1,0.000221,1,-0.000085,0.67,,0,,0,,0,0.000655,0.14,-0.00006,1,-0.00057,1,-0.000698,1,0.000247,0.44,,0,,0,,0,,0,-0.000494,0.91,-0.000545,1,-0.000723,1,-0.00057,0.42,,0
2017-05-15,0.000936,0.33,-0.000034,0.67,,0,-0.000417,0.67,-0.000672,1,0.000221,1,-0.00006,0.67,,0,,0,,0,0.001089,0.14,-0.000315,1,-0.001489,1,-0.001157,1,0.00017,0.44,,0,,0,,0,,0,0.000094,0.88,-0.00103,1,-0.001387,1,-0.000519,0.42,,0
2017-05-22,-0.001566,0.33,,0,,0,-0.00057,0.67,-0.001157,1,-0.000187,1,-0.000596,0.67,,0,,0,,0,0.000502,0.14,-0.000928,1,-0.001438,1,-0.00103,1,-0.000545,0.44,,0,,0,,0,,0,-0.000902,0.9,-0.001132,1,-0.00126,1,-0.000902,0.4,,0
2017-05-29,-0.000315,0.33,-0.00057,0.33,,0,-0.000672,0.67,-0.000672,1,-0.000723,1,-0.000851,0.67,,0,,0,,0,0.000477,0.14,-0.000162,1,-0.0008,1,-0.000902,1,-0.000443,0.44,,0,,0,,0,,0,-0.000494,0.88,-0.000877,1,-0.000902,1,-0.001004,0.42,,0
2017-06-05,,0,,0,,0,-0.001183,0.67,-0.001234,0.33,-0.000672,1,,0,,0,,0,,0,-0.000187,0.1,0.000374,0.29,,0,-0.001745,0.09,-0.001132,0.22,,0,,0,,0,,0,-0.0008,0.32,,0,,0,,0,,0
2017-06-12,,0,-0.001183,0.33,,0,-0.000468,0.67,-0.000826,1,-0.000315,1,-0.00057,0.67,,0,,0,,0,0.001855,0.1,-0.000672,1,-0.00103,1,-0.000979,1,0.000017,0.44,,0,,0,,0,,0,-0.000928,0.83,-0.00103,0.92,-0.001081,1,-0.000749,0.39,,0
2017-06-19,,0,0.000119,0.33,,0,-0.000621,0.67,-0.001081,1,-0.000672,1,-0.000494,0.67,,0,,0,,0,0.000272,0.14,-0.000596,1,-0.001132,1,-0.000979,1,-0.000443,0.44,,0,,0,,0,,0,-0.0008,0.88,-0.001285,1,-0.001209,1,-0.000902,0.39,,0
2017-06-26,,0,,0,,0,-0.001209,0.67,-0.001234,1,-0.000034,1,-0.002,0.67,,0,,0,,0,-0.000009,0.1,-0.000826,1,-0.001183,1,-0.001081,1,-0.000826,0.39,,0,,0,,0,,0,-0.001183,0.88,-0.001132,1,-0.00126,1,-0.000979,0.34,,0
2017-07-03,,0,,0,,0,-0.000545,0.67,-0.000928,1,-0.000672,0.67,-0.000366,0.67,,0,,0,,0,0.001677,0.14,-0.000187,1,-0.001157,1,-0.001055,1,0.000043,0.44,,0,,0,,0,,0,-0.000085,0.88,-0.001489,1,-0.001387,0.99,-0.001132,0.37,,0
2017-07-10,-0.00126,0.33,-0.001745,0.33,,0,-0.000391,0.67,-0.000749,1,-0.00006,1,-0.00006,0.67,,0,,0,,0,0.000579,0.1,-0.000366,1,-0.001004,1,-0.001004,1,0.000426,0.44,,0,,0,,0,,0,-0.00057,0.88,-0.00126,0.92,-0.001362,0.99,-0.0008,0.4,,0
2017-07-17,,0,,0,,0,-0.000187,0.33,-0.001081,0.67,-0.000826,0.67,,0,,0,,0,,0,0.001064,0.1,-0.00006,0.95,-0.001285,0.94,-0.00126,0.91,-0.001157,0.22,,0,,0,,0,,0,-0.001055,0.7,-0.001387,0.81,-0.001566,0.44,-0.001336,0.3,,0
2017-07-24,-0.002,0.33,-0.002,0.67,,0,-0.000877,0.67,-0.00126,1,-0.001336,1,-0.000417,0.67,,0,,0,,0,0.000962,0.1,-0.000774,1,-0.001311,1,-0.001311,1,-0.000723,0.44,,0,,0,,0,,0,-0.000851,0.9,-0.001464,0.99,-0.001438,1,-0.001515,0.42,,0
2017-07-31,-0.002,0.33,-0.002,0.33,,0,0.000068,1,-0.000953,1,-0.000672,1,-0.000749,0.67,,0,,0,,0,0.00114,0.14,-0.000545,1,-0.001081,1,-0.001132,1,-0.000366,0.44,,0,,0,,0,,0,-0.000621,0.88,-0.001106,1,-0.001132,1,-0.000953,0.4,,0
2017-08-07,,0,0.000068,0.33,,0,0.000783,0.67,0.000349,1,0.000349,1,0.000706,0.67,,0,,0,,0,0.003796,0.1,0.000936,0.95,-0.000698,1,-0.000468,1,0.000936,0.44,,0,,0,,0,,0,0.000323,0.87,-0.00126,0.82,-0.001362,0.94,-0.0008,0.39,,0
2017-08-14,,0,-0.002,0.33,,0,-0.001157,0.67,-0.000647,1,-0.000928,1,-0.000417,0.67,,0,,0,,0,0.00137,0.1,-0.000366,1,-0.001209,1,-0.001132,1,-0.000366,0.44,,0,,0,,0,,0,-0.000391,0.83,-0.001694,0.95,-0.00154,0.84,-0.001234,0.39,,0
2017-08-21,-0.001872,0.33,-0.002,0.33,,0,-0.000443,0.67,-0.00034,1,-0.000213,1,-0.000494,0.67,,0,,0,,0,0.002468,0.14,0.000196,1,-0.001209,1,-0.001183,1,-0.000085,0.44,,0,,0,,0,,0,-0.000289,0.9,-0.00126,1,-0.001362,1,-0.000162,0.4,,0
2017-08-28,-0.001004,0.33,,0,,0,0.000323,1,-0.001362,1,0.00017,1,-0.000009,0.67,,0,,0,,0,0.000681,0.14,-0.000902,1,-0.001387,0.56,-0.001055,0.64,-0.000621,0.28,,0,,0,,0,,0,-0.000289,0.7,-0.001668,0.53,-0.001617,0.27,-0.001515,0.34,,0
2017-09-04,,0,-0.002,0.33,,0,-0.001362,0.67,-0.001438,1,-0.001362,1,-0.000723,0.67,,0,,0,,0,0.00086,0.1,-0.00103,1,-0.001464,1,-0.001336,1,-0.000289,0.44,,0,,0,,0,,0,-0.000953,0.88,-0.001515,1,-0.001566,0.99,-0.00103,0.4,,0
2017-09-11,,0,,0,,0,0.000272,0.67,-0.000468,1,-0.000596,0.67,0.00017,0.33,,0,,0,,0,0.002443,0.1,0.0004,1,-0.001183,1,-0.000979,1,0.000528,0.44,,0,,0,,0,,0,-0.000391,0.88,-0.001464,1,-0.001234,1,-0.000391,0.42,,0
2017-09-18,-0.001898,0.33,-0.00103,0.33,,0,-0.000443,0.67,-0.001464,1,-0.000979,1,-0.000902,0.67,,0,,0,,0,0.000119,0.1,-0.000238,1,-0.001183,1,-0.001106,1,-0.000749,0.44,,0,,0,,0,,0,-0.000468,0.88,-0.001234,1,-0.001183,1,-0.001004,0.43,,0
2017-09-25,-0.001668,0.33,-0.002,0.33,,0,-0.00103,0.67,-0.00126,1,-0.000698,1,-0.000774,0.67,,0,,0,,0,-0.000596,0.1,-0.00103,1,-0.001643,1,-0.001464,1,-0.000468,0.44,,0,,0,,0,,0,-0.001285,0.88,-0.001643,1,-0.001591,1,-0.001209,0.42,,0
2017-10-02,-0.001285,0.33,-0.001923,0.67,,0,0.001626,1,0.000145,1,0.000962,1,0.000987,0.67,,0,,0,,0,0.001651,0.14,0.000272,1,-0.000902,1,-0.000723,1,0.000783,0.44,,0,,0,,0,,0,0.000119,0.91,-0.001234,1,-0.001183,1,-0.001055,0.43,,0
2017-10-09,,0,0.0016,0.33,,0,0.000528,0.67,0.000043,1,-0.000009,1,0.00137,0.67,,0,,0,,0,0.001932,0.14,0.000502,1,-0.000749,1,-0.000621,1,0.001089,0.44,,0,,0,,0,,0,-0.000111,0.88,-0.001132,0.99,-0.001081,1,-0.000596,0.42,,0
2017-10-16,-0.001157,0.33,0.000119,0.33,,0,-0.000698,1,-0.001872,1,-0.001796,1,-0.001464,0.67,,0,,0,,0,0.000221,0.1,-0.001157,1,-0.00154,1,-0.001566,1,-0.001209,0.44,,0,,0,,0,,0,-0.000877,0.9,-0.001081,1,-0.001209,1,-0.002,0.42,,0
2017-10-23,-0.000698,0.33,-0.000034,0.33,,0,0.001932,1,-0.000749,1,0.0016,1,0.000911,0.67,-0.000902,0.5,,0,,0,0.000809,0.14,-0.000136,1,-0.000877,1,-0.000621,1,0.001115,0.5,,0,,0,,0,,0,0.000119,0.9,-0.000902,1,-0.000877,1,-0.000443,0.42,,0
2017-10-30,0.000068,0.33,0.000068,0.33,,0,0.000349,0.67,-0.000085,1,0.000119,1,0.000298,0.67,,0,,0,,0,0.001013,0.14,0.000579,1,-0.000494,1,-0.000238,1,0.000451,0.44,,0,,0,,0,,0,-0.000238,0.93,-0.00057,1,-0.000519,1,-0.000238,0.43,,0
2017-11-06,-0.000468,0.33,0.000068,0.67,,0,0.000579,0.67,-0.000213,1,0.000681,1,0.00063,0.67,,0,,0,,0,0.002213,0.14,0.000272,1,-0.000723,1,-0.00057,1,0.001166,0.44,,0,,0,,0,,0,-0.000034,0.91,-0.000902,1,-0.000877,1,0.000068,0.42,,0
2017-11-13,-0.001004,0.33,0.001191,0.67,,0,-0.000162,0.67,-0.000417,1,0.000323,1,0.000757,0.67,,0,,0,,0,0.00183,0.14,0.00063,1,-0.0008,0.94,-0.000417,0.95,0.00137,0.44,,0,,0,,0,,0,0.000528,0.84,-0.000877,0.4,-0.000723,0.83,0.000247,0.43,,0
2017-11-20,0.000017,0.33,0.00063,0.67,,0,0.000119,0.67,0.000323,1,-0.000238,1,0.000145,0.67,,0,,0,,0,0.000936,0.14,0.000528,1,-0.000596,1,-0.000596,1,0.000196,0.44,,0,,0,,0,,0,-0.000264,0.91,-0.000902,1,-0.000851,1,-0.000136,0.43,,0
2017-11-27,0.000706,0.33,0.000426,0.67,,0,0.0004,1,0.000145,1,0.001013,1,0.000528,0.67,,0,,0,,0,0.000962,0.14,0.000196,1,-0.000289,1,-0.000034,1,0.000783,0.44,,0,,0,,0,,0,-0.000085,0.88,-0.000468,1,-0.000417,1,0.00017,0.42,,0
2017-12-04,-0.001464,0.33,-0.001004,0.67,,0,-0.000366,0.67,-0.001055,1,-0.000213,1,-0.000698,0.67,,0,,0,,0,0.000119,0.1,-0.000315,1,-0.001106,0.83,-0.001106,0.59,-0.000749,0.44,,0,,0,,0,,0,-0.000494,0.9,-0.000953,0.74,-0.001132,0.6,-0.001081,0.42,,0
2017-12-11,0.00017,0.33,-0.000238,0.67,,0,-0.000749,0.67,-0.000698,1,-0.000596,1,-0.000264,0.67,,0,,0,,0,0.000885,0.14,-0.000417,1,-0.000698,1,-0.000672,1,0.000094,0.44,,0,,0,,0,,0,-0.000877,0.91,-0.000723,1,-0.000621,1,-0.000443,0.43,,0
2017-12-18,-0.000953,0.33,0.000809,0.33,,0,-0.000111,0.33,-0.000213,1,0.000094,1,0.000247,0.67,,0,,0,,0,0.000783,0.14,0.000349,0.71,-0.000519,1,-0.000468,1,0.000681,0.44,,0,,0,,0,,0,-0.000774,0.62,-0.000749,1,-0.000621,0.97,0.000094,0.42,,0
2017-12-25,-0.000391,0.33,-0.000494,0.67,,0,-0.000238,0.67,-0.000596,1,-0.000162,1,-0.000136,0.67,,0,,0,,0,0.000502,0.1,0.000451,0.48,-0.000979,0.94,-0.000723,1,0.000298,0.44,,0,,0,,0,,0,-0.00057,0.81,-0.001055,1,-0.000979,1,-0.00034,0.43,,0
2018-01-01,-0.000826,0.33,0.000349,0.33,,0,0.000145,0.67,-0.000162,1,0.00017,1,0.000196,0.67,,0,,0,,0,0.001472,0.14,0.000809,0.62,-0.001081,0.94,-0.000034,1,0.000323,0.44,,0,,0,,0,,0,0.000196,0.83,-0.001209,1,-0.001157,1,-0.000238,0.42,,0
2018-01-08,-0.001055,0.33,-0.000009,0.33,,0,-0.000621,0.33,-0.001081,1,-0.000596,1,-0.000264,0.67,-0.000928,0.5,,0,,0,0.001166,0.1,0.000962,0.95,-0.001055,1,-0.000928,1,-0.000366,0.44,,0,,0,,0,,0,0.00086,0.74,-0.001055,0.86,-0.001055,1,-0.0008,0.4,,0
2018-01-15,0.000911,0.33,0.000145,0.67,,0,0.000272,0.67,-0.000009,1,0.000349,1,0.000272,0.67,,0,,0,,0,0.001702,0.14,0.000834,1,-0.00034,1,-0.000213,1,0.000706,0.44,,0,,0,,0,,0,-0.000162,0.87,-0.000928,1,-0.000723,1,-0.000136,0.42,,0
2018-01-22,-0.000391,0.33,-0.000417,0.67,,0,-0.000187,0.67,-0.000545,1,0.000094,1,0.000043,0.67,,0,,0,,0,0.001166,0.14,-0.00006,1,-0.000826,1,-0.000723,1,0.000196,0.44,,0,,0,,0,,0,-0.000264,0.9,-0.000902,1,-0.000826,1,-0.000468,0.42,,0
2018-01-29,-0.001489,0.33,-0.000826,0.33,,0,0.000706,0.67,0.00086,1,0.000783,1,0.001906,0.67,,0,,0,,0,0.002009,0.14,0.000655,1,-0.000417,1,0.000094,1,0.001294,0.44,,0,,0,,0,,0,0.000196,0.88,-0.000723,1,-0.000519,1,0.000732,0.43,,0
2018-02-05,-0.000851,0.33,0.000119,0.67,,0,0.000783,1,-0.000136,1,-0.000213,1,0.000221,0.67,-0.001055,0.5,,0,,0,0.001013,0.14,0.000553,1,-0.000647,1,-0.000417,1,0.000502,0.44,,0,,0,,0,,0,-0.000187,0.91,-0.000953,1,-0.000953,1,-0.000545,0.42,,0
2018-02-12,,0,,0,,0,0.000349,0.67,0.000987,1,0.000426,1,-0.00057,0.67,,0,,0,,0,0.001268,0.1,0.000936,0.43,-0.000928,0.28,-0.001106,0.86,0.000579,0.22,,0,,0,,0,,0,-0.000366,0.74,-0.000672,0.47,-0.000698,0.67,-0.000749,0.31,,0
2018-02-19,-0.002,0.33,-0.002,0.33,,0,0.000298,0.67,-0.000519,1,-0.000749,1,-0.000826,0.67,,0,,0,,0,-0.000264,0.1,-0.000315,1,-0.001132,1,-0.000851,1,-0.0008,0.44,,0,,0,,0,,0,-0.000953,0.88,-0.001157,1,-0.001157,1,-0.00034,0.42,,0
2018-02-26,-0.002,0.33,-0.002,0.33,,0,-0.000009,1,-0.001106,1,-0.00103,1,-0.001055,0.67,,0,,0,,0,0.00063,0.14,-0.000034,1,-0.001234,1,-0.001081,1,-0.000902,0.5,,0,,0,,0,,0,-0.001081,0.88,-0.001132,1,-0.001106,1,-0.000979,0.42,,0
2018-03-05,-0.002,0.33,-0.002,0.33,,0,-0.000238,1,-0.000417,1,0.000272,1,-0.000238,0.67,-0.002,0.5,,0,,0,0.000706,0.14,-0.000034,1,-0.000826,1,-0.0008,1,0.000196,0.44,,0,,0,,0,,0,-0.000519,0.9,-0.000902,1,-0.000851,1,-0.000468,0.43,,0
2018-03-12,-0.000826,0.33,-0.001694,0.33,,0,-0.000545,0.67,-0.000851,1,0.000655,1,0.000936,0.67,,0,,0,,0,0.003796,0.14,-0.000468,1,-0.000851,1,-0.0008,1,0.000247,0.44,,0,,0,,0,,0,-0.0008,0.88,-0.000928,0.99,-0.000851,1,-0.000596,0.42,,0
2018-03-19,-0.001796,0.33,-0.001209,0.67,,0,0.000655,0.67,0.000221,1,0.00017,1,-0.000672,0.67,-0.001489,0.5,,0,,0,0.002034,0.14,0.000145,1,-0.000417,1,-0.000366,1,0.000094,0.44,,0,,0,,0,,0,-0.000494,0.9,-0.000672,1,-0.000774,1,-0.000162,0.43,,0
2018-03-26,-0.00057,0.33,-0.00103,0.33,,0,0.000068,0.67,-0.000519,1,-0.000621,1,-0.00006,0.67,,0,,0,,0,0.001396,0.14,-0.000136,1,-0.000928,1,-0.0008,1,0.000221,0.44,,0,,0,,0,,0,-0.000698,0.88,-0.000902,1,-0.000851,1,-0.000545,0.43,,0
2018-04-02,-0.001949,0.33,-0.001387,0.33,,0,-0.000238,1,-0.000443,1,-0.00006,1,-0.000187,0.67,,0,,0,,0,0.000374,0.1,-0.000085,1,-0.000596,1,-0.000621,1,0.000298,0.44,,0,,0,,0,,0,-0.000672,0.88,-0.000826,1,-0.000851,1,-0.000443,0.42,,0
2018-04-09,,0,0.001013,0.67,,0,0.000911,0.67,0.001243,1,0.00086,1,0.001268,0.67,,0,,0,,0,0.003183,0.14,0.000349,1,-0.000698,1,0.000323,1,0.001574,0.44,,0,,0,,0,,0,0.000196,0.9,-0.000851,0.97,-0.0008,1,-0.000238,0.4,,0
2018-04-16,-0.001464,0.33,0.000247,0.67,,0,0.000834,1,-0.000315,1,-0.000366,1,0.000349,0.67,,0,,0,,0,0.003285,0.14,0.000426,1,-0.000698,1,-0.000545,1,0.000987,0.44,,0,,0,,0,,0,-0.000009,0.9,-0.000774,1,-0.000723,1,0.000068,0.43,,0
2018-04-23,0.004,0.33,0.004,0.33,,0,0.000145,0.67,-0.000136,1,0.0004,1,0.000706,0.67,,0,,0,,0,0.000196,0.1,-0.000162,1,-0.000443,1,-0.000366,1,0.001472,0.44,,0,,0,,0,,0,-0.000519,0.9,-0.000647,1,-0.000647,1,0.000553,0.4,,0
2018-04-30,-0.000213,0.33,-0.00034,0.33,,0,0.001166,0.67,-0.00057,1,0.000349,1,0.000196,0.67,,0,,0,,0,0.003566,0.14,0.001217,1,-0.000698,1,-0.000723,1,0.001523,0.44,,0,,0,,0,,0,0.000349,0.91,-0.000877,1,-0.000902,1,-0.00057,0.4,,0
2018-05-07,0.000094,0.33,-0.000468,0.33,,0,-0.000187,0.67,-0.000468,1,-0.000289,1,-0.000009,0.67,,0,,0,,0,0.000783,0.14,0.000043,1,-0.000928,1,-0.00057,1,0.000043,0.44,,0,,0,,0,,0,-0.000111,0.88,-0.000979,1,-0.000979,1,-0.000009,0.4,,0
2018-05-14,0.000119,0.33,0.004,0.33,,0,0.001038,0.67,0.000323,1,0.000962,1,0.001523,0.67,,0,,0,,0,0.003668,0.14,0.001115,1,-0.000621,1,-0.00034,1,0.001626,0.44,,0,,0,,0,,0,0.000809,0.91,-0.000928,1,-0.000877,1,0.00017,0.4,,0
2018-05-21,,0,-0.000238,0.33,,0,-0.001311,0.67,-0.001004,1,-0.000213,1,-0.000851,0.67,,0,,0,,0,-0.000417,0.1,-0.001387,1,-0.001387,1,-0.001387,1,-0.000647,0.44,,0,,0,,0,,0,-0.001464,0.87,-0.001438,1,-0.001413,1,-0.001464,0.4,,0
2018-05-28,,0,,0,,0,-0.0008,0.33,-0.001209,0.67,-0.000519,0.33,-0.001387,0.33,,0,,0,,0,0.004,0.1,-0.000391,0.9,-0.001183,1,-0.001081,0.86,-0.000902,0.33,,0,,0,,0,,0,-0.000826,0.88,-0.001234,0.97,-0.001336,0.74,-0.001413,0.37,,0
2018-06-04,,0,,0,,0,-0.000851,0.33,,0,,0,-0.001643,0.33,,0,,0,,0,0.000043,0.1,-0.000468,1,-0.000979,0.89,-0.001387,0.64,-0.001311,0.22,,0,,0,,0,,0,-0.00126,0.88,-0.001209,0.99,-0.001311,0.94,-0.000826,0.4,,0
2018-06-11,-0.001796,0.33,-0.002,0.33,,0,-0.001132,0.67,-0.000826,1,-0.001285,1,-0.001387,0.67,,0,,0,,0,-0.000596,0.1,-0.000289,0.95,-0.001157,1,-0.001336,1,-0.001132,0.44,,0,,0,,0,,0,-0.001183,0.8,-0.00126,0.97,-0.001413,0.94,-0.00103,0.42,,0
2018-06-18,,0,,0,,0,-0.001923,0.67,,0,,0,,0,,0,,0,,0,-0.000723,0.1,-0.001489,0.33,,0,,0,,0,,0,,0,,0,,0,-0.001285,0.39,-0.00154,0.36,-0.001643,0.09,-0.001566,0.12,,0
2018-06-25,-0.000519,0.33,-0.002,0.33,,0,-0.000315,0.67,-0.000851,1,0.000145,1,-0.00006,0.67,,0,,0,,0,0.001268,0.1,-0.000085,1,-0.00126,1,-0.00126,1,-0.000264,0.44,,0,,0,,0,,0,-0.000187,0.9,-0.001464,1,-0.001515,1,-0.000953,0.4,,0
2018-07-02,-0.000468,0.33,-0.00103,0.67,,0,-0.000774,0.67,-0.001132,1,-0.000315,1,0.001804,0.67,,0,,0,,0,0.000681,0.14,-0.000136,1,-0.001413,1,-0.001413,1,0.000094,0.44,,0,,0,,0,,0,-0.000826,0.88,-0.001515,0.99,-0.001438,1,-0.001055,0.4,,0
2018-07-09,-0.000672,0.33,-0.000774,0.33,,0,-0.000698,0.67,-0.001183,1,-0.000443,1,-0.000391,0.67,,0,,0,,0,0.000298,0.1,-0.000826,1,-0.001362,1,-0.001209,0.86,-0.000545,0.44,,0,,0,,0,,0,-0.001132,0.91,-0.001515,0.9,-0.001438,0.94,-0.000928,0.42,,0
2018-07-16,-0.000391,0.33,0.000043,0.67,,0,-0.000621,1,0.000221,1,0.000706,1,0.000298,0.67,-0.000723,0.5,,0,,0,0.001728,0.19,-0.00006,1,-0.001157,1,-0.000928,1,0.000221,0.5,,0,,0,,0,-0.00034,0.03,-0.00057,0.91,-0.001311,1,-0.001311,1,-0.000723,0.45,,0
2018-07-23,,0,,0,,0,-0.0008,0.33,-0.000928,0.67,-0.000979,0.67,-0.000468,0.33,,0,,0,,0,,0,-0.001719,0.52,-0.001872,0.61,-0.001234,0.45,0.000094,0.39,,0,,0,,0,,0,-0.001515,0.74,-0.001694,0.49,-0.001643,0.67,-0.001336,0.19,,0
2018-07-30,-0.000902,0.33,-0.002,0.33,,0,-0.001489,0.67,-0.001566,1,-0.000851,1,-0.001285,0.67,,0,,0,,0,0.000017,0.1,-0.000417,1,-0.001719,1,-0.001821,1,-0.001209,0.44,,0,,0,,0,,0,-0.00103,0.9,-0.001643,1,-0.001668,1,-0.001745,0.42,,0
2018-08-06,-0.002,0.33,-0.002,0.33,,0,0.000783,1,-0.000443,1,-0.000647,1,-0.000391,0.67,,0,,0,,0,0.002162,0.14,0.000323,1,-0.001183,1,-0.001157,1,-0.00006,0.44,,0,,0,,0,,0,-0.001438,0.87,-0.001464,1,-0.001413,1,-0.000698,0.39,,0
2018-08-14,0.002315,0.33,-0.002,0.33,,0,0.000043,0.67,-0.000928,1,-0.000723,0.67,0.000604,0.67,,0,,0,,0,0.001115,0.1,0.000068,1,-0.001336,0.83,-0.001234,1,0.000145,0.44,,0,,0,,0,,0,-0.000851,0.87,-0.001438,0.56,-0.001591,0.61,-0.000953,0.4,,0
2018-08-21,,0,,0,,0,-0.001515,0.33,-0.001209,0.33,-0.000698,0.33,-0.002,0.33,,0,,0,,0,-0.000136,0.05,-0.000979,0.05,-0.002,0.06,-0.001132,0.45,-0.001004,0.33,,0,,0,,0,,0,-0.0008,0.35,-0.001413,0.21,-0.001694,0.66,-0.00126,0.25,,0
2018-08-28,-0.000315,0.33,-0.0008,0.33,,0,-0.000647,0.67,-0.000264,1,-0.000162,1,-0.000366,0.67,,0,,0,,0,0.002289,0.1,-0.000519,1,-0.0008,1,-0.000928,1,0.000272,0.44,,0,,0,,0,,0,-0.000264,0.88,-0.001413,1,-0.001387,1,-0.001055,0.4,,0
2018-09-04,-0.002,0.33,-0.002,0.33,,0,0.000119,0.67,-0.000877,1,-0.00034,1,-0.000417,0.67,,0,,0,,0,-0.000672,0.05,-0.000621,0.95,-0.001464,1,-0.001387,1,-0.000289,0.39,,0,,0,,0,,0,-0.000315,0.77,-0.001745,0.1,-0.001464,0.19,-0.000494,0.25,,0
2018-09-11,-0.000289,0.33,0.000145,0.67,,0,-0.001157,0.67,-0.001183,1,-0.000443,1,-0.000136,0.67,,0,,0,,0,0.000119,0.14,-0.001004,1,-0.001081,1,-0.001081,1,-0.000826,0.44,,0,,0,,0,,0,-0.001132,0.9,-0.000877,0.99,-0.001055,1,-0.001464,0.42,,0
2018-09-18,-0.000366,0.33,-0.000009,0.33,,0,-0.000928,0.67,-0.000953,1,-0.000391,1,-0.000826,0.67,,0,,0,,0,0.000221,0.14,-0.000749,1,-0.001106,1,-0.000928,1,-0.000621,0.44,,0,,0,,0,,0,-0.000494,0.91,-0.001183,1,-0.001157,1,-0.00103,0.43,,0
2018-09-25,-0.002,0.33,-0.001336,0.33,,0,-0.000647,0.67,-0.000877,1,-0.00034,1,-0.000391,0.67,,0,,0,,0,0.000247,0.1,-0.000596,1,-0.001209,1,-0.00126,1,-0.00057,0.44,,0,,0,,0,,0,-0.000545,0.88,-0.001106,0.99,-0.00126,0.99,-0.001209,0.42,,0
2018-10-02,-0.001209,0.33,0.001651,0.33,,0,-0.000902,0.67,-0.000417,1,-0.000621,1,0.000426,0.67,,0,,0,,0,-0.000723,0.1,0.000094,1,-0.00103,1,-0.000826,1,0.000962,0.44,,0,,0,,0,,0,-0.00006,0.88,-0.001157,1,-0.001081,1,-0.000774,0.4,,0
2018-10-09,-0.001132,0.33,-0.000162,0.67,,0,0.000247,0.67,-0.000621,1,-0.000545,1,0.000119,0.67,,0,,0,,0,-0.000749,0.14,-0.000468,1,-0.000928,1,-0.000749,1,0.002187,0.44,,0,,0,,0,,0,-0.000826,0.88,-0.00103,0.95,-0.001106,0.99,-0.000494,0.42,,0
2018-10-16,-0.00034,0.33,0.000145,0.67,,0,-0.001311,0.67,-0.001694,1,-0.000647,1,-0.000953,0.67,,0,,0,,0,0.000196,0.14,-0.000902,1,-0.001796,1,-0.001464,1,-0.000953,0.44,,0,,0,,0,,0,-0.001591,0.9,-0.001106,1,-0.001055,1,-0.001209,0.42,,0
2018-10-23,-0.001745,0.33,-0.000545,0.67,,0,-0.000238,0.67,-0.000672,1,0.001064,1,-0.000391,0.67,,0,,0,,0,0.000604,0.1,-0.000264,1,-0.000928,1,-0.000902,1,-0.000162,0.39,,0,,0,,0,,0,-0.000851,0.91,-0.001157,1,-0.001081,1,-0.000749,0.42,,0
2018-10-30,0.000477,0.33,0.000094,0.33,,0,0.000043,1,-0.000851,1,-0.000902,1,-0.000545,0.67,,0,,0,,0,0.000323,0.14,-0.000596,1,-0.001106,1,-0.001004,1,-0.000136,0.44,,0,,0,,0,,0,-0.000596,0.9,-0.001132,1,-0.001055,1,-0.000826,0.43,,0
2018-11-06,-0.001617,0.33,-0.001643,0.33,,0,0.00063,0.67,0.0004,1,0.000962,1,0.001651,0.67,,0,,0,,0,0.001268,0.14,0.000655,1,-0.000851,1,-0.000774,1,-0.000596,0.44,,0,,0,,0,,0,-0.000315,0.9,-0.000877,1,-0.000877,0.96,-0.001106,0.42,,0
2018-11-13,-0.001004,0.33,-0.00154,0.33,,0,-0.000672,1,-0.00034,1,0.000272,1,-0.000213,0.67,,0,,0,,0,-0.000289,0.1,-0.000136,0.81,-0.000519,0.72,-0.000877,1,-0.000162,0.44,,0,,0,,0,,0,-0.001106,0.67,-0.001081,0.53,-0.001209,0.56,-0.000647,0.39,,0
2018-11-20,-0.00126,0.33,0.00183,0.33,,0,-0.001081,0.67,-0.001209,1,0.00303,1,0.002928,0.67,-0.002,0.5,,0,,0,-0.000366,0.14,0.000349,1,-0.000289,1,-0.001081,0.95,-0.000494,0.44,,0,,0,,0,,0,-0.001081,0.9,-0.000877,1,-0.001183,1,-0.000494,0.42,,0
2018-11-27,-0.000494,0.33,-0.001643,0.67,,0,-0.000596,0.67,-0.001209,1,-0.0008,0.67,-0.000519,0.67,,0,,0,,0,0.001064,0.1,-0.000647,1,-0.000698,1,-0.000545,1,0.001626,0.44,,0,,0,,0,,0,-0.0008,0.88,-0.000826,0.96,-0.001106,1,-0.00006,0.4,,0
2018-12-04,-0.002,0.33,-0.002,0.33,,0,-0.001847,0.67,-0.00177,1,-0.00177,1,-0.001157,0.67,,0,,0,,0,-0.000443,0.14,-0.00103,0.95,-0.001183,1,-0.001183,1,-0.001004,0.44,,0,,0,,0,,0,-0.001464,0.9,-0.001285,1,-0.001362,1,-0.001745,0.42,,0
2018-12-11,-0.001464,0.33,-0.002,0.33,,0,-0.00057,0.67,-0.001643,1,-0.000902,1,-0.000519,0.67,,0,,0,,0,-0.000009,0.14,-0.000826,1,-0.001004,1,-0.000928,1,-0.000187,0.44,,0,,0,,0,,0,-0.001489,0.9,-0.000953,1,-0.001234,0.97,-0.001081,0.42,,0
2018-12-19,-0.002,0.33,-0.002,0.33,,0,-0.001209,0.67,-0.00154,1,-0.001234,1,0.001115,0.67,-0.002,0.5,,0,,0,-0.000162,0.14,-0.000009,0.86,-0.001234,1,-0.0008,0.82,0.001319,0.44,,0,,0,,0,,0,-0.001285,0.46,-0.000085,0.58,-0.001209,0.51,-0.001055,0.42,,0
2019-01-01,,0,,0,,0,,0,,0,,0,,0,,0,,0,,0,,0,,0,,0,,0,,0,,0,,0,,0,,0,-0.002,0.13,-0.001694,0.08,,0,,0,,0
2019-01-08,0.000145,0.33,-0.002,0.67,,0,-0.001055,0.67,-0.001413,1,0.000196,1,0.000298,0.67,,0,,0,,0,-0.000366,0.14,-0.000749,1,-0.001209,1,-0.000774,1,-0.000621,0.44,,0,,0,,0,,0,-0.00126,0.88,-0.001106,1,-0.001285,1,-0.00057,0.4,,0
2019-01-15,-0.002,0.33,-0.002,0.67,,0,-0.000264,1,-0.000698,1,-0.000366,1,0.000017,0.67,-0.002,0.5,,0,,0,0.001089,0.14,-0.000213,1,-0.000851,1,-0.000723,1,0.0004,0.44,,0,,0,,0,,0,-0.001157,0.9,-0.001055,1,-0.001055,1,-0.001209,0.42,,0
2019-01-22,-0.002,0.33,-0.002,0.33,,0,-0.000902,0.67,-0.001336,1,-0.000902,1,-0.001566,0.67,-0.002,0.5,,0,,0,-0.000417,0.14,-0.000826,1,-0.001183,1,-0.001004,1,0.000272,0.44,,0,,0,,0,,0,-0.001387,0.9,-0.001209,1,-0.001234,1,-0.00126,0.42,,0
2019-01-29,-0.002,0.33,-0.002,0.33,,0,-0.002,1,-0.002,1,-0.001847,1,-0.001745,0.67,,0,,0,,0,-0.001617,0.14,-0.001745,1,-0.001362,1,-0.00126,1,-0.001668,0.44,,0,,0,,0,,0,-0.002,0.9,-0.001413,1,-0.001362,0.93,-0.002,0.42,,0
2019-02-05,-0.002,0.33,-0.002,0.33,,0,-0.001643,0.67,-0.001668,1,-0.001311,1,-0.001183,0.67,,0,,0,,0,-0.000749,0.1,-0.001209,1,-0.001157,1,-0.001081,1,-0.000774,0.44,,0,,0,,0,,0,-0.001464,0.81,-0.00126,0.99,-0.001209,0.96,-0.001923,0.4,,0
2019-02-12,,0,,0,,0,-0.000723,0.67,-0.001362,0.67,-0.001413,0.67,-0.002,0.67,,0,,0,,0,-0.000443,0.1,-0.001004,0.86,-0.001285,0.89,-0.001489,0.95,-0.001464,0.44,,0,,0,,0,,0,-0.001464,0.87,-0.001515,1,-0.001591,1,-0.001745,0.37,,0
2019-02-19,-0.001872,0.33,-0.002,0.33,,0,-0.000877,0.67,-0.000851,1,-0.000443,1,-0.000851,0.67,,0,,0,,0,-0.000749,0.14,-0.000953,1,-0.000902,1,-0.000928,1,-0.00057,0.44,,0,,0,,0,,0,-0.001234,0.64,-0.000953,0.92,-0.000953,1,-0.000953,0.42,,0
2019-02-26,-0.000698,0.33,,0,,0,,0,-0.000979,0.67,-0.001055,0.67,,0,,0,,0,,0,-0.000621,0.05,-0.000698,0.95,-0.001106,1,-0.001004,1,-0.000391,0.28,,0,,0,,0,,0,-0.00126,0.9,-0.00126,1,-0.001209,0.99,-0.000366,0.33,,0
2019-03-05,,0,-0.002,0.33,,0,-0.00034,0.67,-0.000723,1,-0.0008,1,-0.00006,0.67,,0,,0,,0,0.000068,0.1,-0.000289,1,-0.000979,1,-0.000979,1,-0.000111,0.44,,0,,0,,0,,0,-0.000979,0.84,-0.001209,0.99,-0.001157,1,-0.000672,0.4,,0
2019-03-12,-0.000162,0.33,-0.000111,0.33,,0,0.000885,1,-0.0008,1,-0.000417,1,-0.000468,0.67,-0.000468,0.5,,0,,0,0.00183,0.14,0.000783,1,-0.00103,1,-0.000953,1,-0.00034,0.56,,0,,0,,0,,0,-0.000953,0.91,-0.001106,1,-0.001106,1,-0.000749,0.46,,0
2019-03-19,,0,,0,,0,-0.001285,0.67,-0.001668,1,-0.001898,1,-0.002,0.67,,0,,0,,0,-0.000443,0.1,-0.00103,1,-0.001438,1,-0.002,1,-0.002,0.39,,0,,0,,0,,0,-0.001617,0.87,-0.001796,1,-0.001157,0.94,-0.000928,0.13,,0
2019-03-26,-0.002,0.33,-0.000289,0.33,,0,-0.00006,0.67,-0.000647,1,0.000017,1,0.000145,0.67,-0.001566,0.5,,0,,0,0.002953,0.14,0.000426,1,-0.001004,1,-0.000826,1,0.000374,0.44,,0,,0,,0,,0,-0.000264,0.9,-0.001055,1,-0.001081,1,-0.000264,0.42,,0
2019-04-02,0.001932,0.33,0.00137,0.67,,0,0.001089,0.67,-0.000162,1,0.001166,1,0.000987,0.67,,0,,0,,0,0.002443,0.14,0.000553,1,-0.000723,1,-0.000621,1,0.000885,0.44,,0,,0,,0,,0,-0.000723,0.9,-0.00103,1,-0.000928,1,0.000706,0.42,,0
2019-04-09,,0,,0,,0,,0,,0,-0.001311,0.33,,0,,0,,0,,0,,0,0.0004,0.14,,0,-0.001132,0.55,-0.001209,0.11,,0,,0,,0,,0,0.000323,0.16,-0.002,0.19,-0.001336,0.14,0.000272,0.13,,0
2019-04-16,-0.000443,0.33,0.000809,0.33,,0,0.000043,0.67,-0.000698,1,-0.000111,1,-0.000034,0.67,,0,,0,,0,0.000247,0.14,-0.00057,1,-0.000851,1,-0.0008,1,0.000068,0.44,,0,,0,,0,,0,-0.001081,0.88,-0.000979,1,-0.001004,1,-0.000315,0.42,,0
2019-04-23,0.00017,0.33,-0.00006,0.67,,0,-0.000366,0.67,-0.000213,1,0.003413,1,-0.000366,0.67,,0,,0,,0,0.000553,0.1,-0.000111,1,-0.000264,1,-0.000187,1,0.00114,0.44,,0,,0,,0,,0,-0.000877,0.9,-0.000264,1,-0.000264,1,0.000043,0.4,,0
2019-04-30,0.000477,0.33,0.000655,0.67,,0,0.000145,0.67,-0.00034,1,0.000272,1,0.000145,0.67,,0,,0,,0,0.001089,0.1,0.000068,1,-0.000953,1,-0.000774,1,0.000374,0.44,,0,,0,,0,,0,-0.000468,0.9,-0.000953,1,-0.000953,1,-0.000366,0.42,,0
2019-05-07,0.000477,0.33,0.000323,0.33,,0,-0.00006,0.67,0.00017,1,-0.000034,1,0.000885,0.67,,0,,0,,0,0.000706,0.1,-0.00006,1,-0.000826,1,-0.000647,1,0.001447,0.44,,0,,0,,0,,0,-0.000596,0.88,-0.001157,1,-0.001209,1,0.000043,0.42,,0
2019-05-14,0.000272,0.33,0.000477,0.33,,0,-0.000647,0.67,-0.00057,1,0.000043,1,-0.000519,0.67,,0,,0,,0,0.000426,0.1,-0.000749,1,-0.001106,0.94,-0.000979,0.91,-0.000034,0.39,,0,,0,,0,,0,-0.001081,0.87,-0.00177,0.71,-0.001438,0.9,-0.000902,0.39,,0
2019-05-21,0.001268,0.33,0.001268,0.33,,0,0.000783,1,-0.000723,1,-0.000111,1,0.000094,0.67,,0,,0,,0,0.001217,0.14,0.000043,1,-0.000928,1,-0.000928,1,-0.000009,0.44,,0,,0,,0,,0,-0.000238,0.9,-0.00103,1,-0.000749,1,-0.000672,0.4,,0
2019-05-28,-0.000494,0.33,-0.000494,0.67,,0,-0.000391,0.67,-0.000749,1,0.001038,1,-0.000111,0.67,,0,,0,,0,0.001626,0.14,-0.000187,1,-0.000877,1,-0.000826,1,-0.000391,0.44,,0,,0,,0,,0,-0.000596,0.88,-0.000902,1,-0.000877,1,-0.001209,0.42,,0
2019-06-04,-0.0008,0.33,0.000323,0.33,,0,0.000068,1,-0.000774,1,-0.000672,1,-0.000698,0.67,,0,,0,,0,0.000502,0.1,-0.000647,1,-0.000953,1,-0.001157,1,-0.000238,0.39,,0,,0,,0,,0,-0.000851,0.88,-0.0008,1,-0.001285,1,-0.00177,0.39,,0
2019-06-11,,0,,0,,0,-0.001157,0.67,-0.001591,1,-0.001591,1,-0.001209,0.67,,0,,0,,0,,0,-0.001234,0.81,-0.002,1,-0.001949,1,-0.000749,0.39,,0,,0,,0,,0,-0.001847,0.74,-0.002,0.89,-0.002,1,-0.001438,0.37,,0
2019-06-18,0.002979,0.33,-0.001055,0.33,,0,0.000323,1,-0.000162,1,0.00137,1,0.001881,0.67,,0,,0,,0,0.000579,0.14,-0.00034,1,-0.001234,1,-0.000723,1,0.000987,0.44,,0,,0,,0,,0,-0.000647,0.9,-0.001438,1,-0.001234,1,0.0004,0.43,,0
2019-06-25,,0,,0,,0,-0.000698,0.67,-0.000723,1,-0.001311,0.67,-0.000315,0.67,,0,,0,,0,0.000094,0.1,-0.000647,0.67,-0.001821,0.94,-0.001157,0.86,-0.000468,0.33,,0,,0,,0,,0,-0.001183,0.68,-0.001566,1,-0.001489,0.96,-0.001617,0.37,,0
2019-07-02,,0,,0,,0,-0.000187,0.67,-0.000698,1,-0.001209,0.67,-0.002,0.67,,0,,0,,0,-0.000723,0.05,-0.000366,0.95,-0.001413,0.89,-0.001949,0.91,-0.001872,0.11,,0,,0,,0,,0,-0.000621,0.9,-0.001438,0.99,-0.001591,1,-0.002,0.36,,0
2019-07-09,,0,-0.000672,0.33,,0,-0.001081,0.67,-0.001515,1,-0.000417,1,-0.0008,0.33,,0,,0,,0,0.000221,0.1,-0.000902,1,-0.001745,1,-0.001745,1,-0.000774,0.44,,0,,0,,0,,0,-0.000826,0.9,-0.00154,1,-0.001821,1,-0.00177,0.4,,0
2019-07-16,,0,-0.000136,0.33,,0,0.000298,0.67,-0.000468,0.33,-0.001209,0.67,-0.000621,0.67,,0,,0,,0,0.000119,0.1,-0.000391,0.86,-0.00126,0.22,-0.00177,0.82,-0.000672,0.39,,0,,0,,0,,0,-0.001106,0.32,-0.001336,0.64,-0.001387,0.99,-0.001413,0.33,,0
2019-07-23,-0.00034,0.33,0.001319,0.33,,0,-0.000621,0.67,-0.001055,1,-0.000826,1,0.001779,0.67,,0,,0,,0,0.000374,0.1,0.000221,1,-0.001183,1,-0.001004,1,0.000272,0.44,,0,,0,,0,,0,-0.000723,0.77,-0.001081,0.96,-0.001183,0.97,0.000374,0.42,,0
2019-07-30,0.001957,0.33,0.00017,0.33,,0,0.000272,0.67,-0.000289,1,0.001677,1,0.001549,0.67,,0,,0,,0,0.002391,0.1,0.000706,1,-0.00126,1,-0.000928,1,0.00137,0.44,,0,,0,,0,,0,0.000068,0.88,-0.001362,1,-0.001566,1,-0.000468,0.4,,0
2019-08-06,-0.000187,0.33,0.000272,0.67,,0,-0.000315,0.67,-0.000391,1,-0.000366,1,0.000604,0.67,0.000604,0.5,,0,,0,0.001396,0.14,0.000477,1,-0.00126,1,-0.00103,1,0.001243,0.44,,0,,0,,0,,0,-0.000443,0.88,-0.001362,0.97,-0.001362,1,0.000094,0.42,,0
2019-08-13,,0,,0,,0,-0.001081,0.67,-0.000979,1,-0.000213,0.67,-0.000417,0.67,,0,,0,,0,-0.000162,0.14,0.001217,1,-0.001489,1,-0.001234,1,-0.000468,0.39,,0,,0,,0,,0,0.000017,0.88,-0.001617,0.97,-0.001872,0.81,-0.00126,0.39,,0
2019-08-20,-0.001643,0.33,-0.001974,0.33,,0,-0.000289,0.67,-0.001132,1,0.001728,1,0.001728,0.67,,0,,0,,0,-0.000417,0.1,0.00086,0.62,-0.00154,0.5,-0.001464,0.95,0.000247,0.44,,0,,0,,0,,0,0.000094,0.19,-0.001898,0.01,-0.001974,0.63,-0.000494,0.42,,0
2019-08-27,,0,,0,,0,-0.001081,0.33,-0.0008,1,-0.001566,0.67,0.000936,0.33,,0,,0,,0,0.000502,0.14,-0.000621,0.81,-0.001311,0.89,-0.001694,0.5,-0.001234,0.22,,0,,0,,0,,0,-0.001132,0.87,-0.001336,0.81,-0.001847,0.71,-0.00126,0.37,,0
2019-09-03,0.000119,0.33,-0.000136,0.33,,0,0.000502,0.67,-0.000136,1,0.000119,1,0.001166,0.67,,0,,0,,0,0.001498,0.1,0.000068,1,-0.001004,1,-0.000774,1,0.001089,0.44,,0,,0,,0,,0,-0.00006,0.91,-0.001362,1,-0.001694,1,0.000145,0.43,,0
2019-09-10,0.00063,0.33,0.000732,0.33,,0,0.000068,0.67,-0.000366,1,0.000426,1,0.000528,0.67,0.000502,0.5,,0,,0,0.002162,0.14,0.000272,1,-0.001234,1,-0.00103,1,0.000426,0.44,,0,,0,,0,,0,-0.000162,0.88,-0.00154,1,-0.001489,1,-0.000417,0.42,,0
2019-09-17,-0.000009,0.33,-0.000647,0.33,,0,-0.000213,0.67,-0.000621,1,0.000732,1,0.000987,0.67,,0,,0,,0,0.001855,0.1,-0.000238,1,-0.001081,1,-0.000902,1,0.001345,0.5,,0,,0,,0,,0,0.000017,0.9,-0.001438,1,-0.001362,1,-0.00006,0.45,,0
2019-09-24,0.000604,0.33,-0.001004,0.33,,0,0.00017,0.67,-0.00057,1,-0.000494,1,0.000272,0.67,,0,,0,,0,0.000809,0.1,0.000017,1,-0.000928,1,-0.000519,1,0.000681,0.44,,0,,0,,0,,0,-0.000391,0.88,-0.001157,1,-0.001209,1,-0.000749,0.43,,0
2019-10-01,-0.000774,0.33,0.000987,0.33,,0,-0.000034,1,-0.000494,1,0.00063,1,0.000119,0.67,,0,,0,,0,0.000936,0.14,-0.000136,1,-0.001106,1,-0.000953,1,0.000272,0.44,,0,,0,,0,,0,-0.000238,0.9,-0.001336,1,-0.001209,1,-0.000391,0.43,,0
2019-10-08,0.000221,0.33,0.001396,0.33,,0,0.000783,1,0.000145,1,0.001932,1,0.001319,0.67,,0,,0,,0,0.002264,0.14,0.000706,1,-0.000877,1,-0.001081,1,0.001345,0.44,,0,,0,,0,,0,0.000732,0.91,-0.00126,1,-0.001234,1,-0.00034,0.43,,0
2019-10-15,0.002826,0.33,0.002826,0.33,,0,0.000553,0.67,-0.000009,1,-0.000264,1,0.000885,0.67,-0.001106,0.5,,0,,0,0.002417,0.14,0.00063,1,-0.000723,1,-0.000723,1,0.001268,0.44,,0,,0,,0,,0,0.000094,0.88,-0.001157,1,-0.001209,0.99,0.0004,0.42,,0
2019-10-22,-0.001362,0.33,-0.00126,0.33,,0,-0.001234,0.67,-0.001719,1,-0.001898,1,-0.001923,0.67,,0,,0,,0,-0.001591,0.1,-0.001643,1,-0.001438,1,-0.001464,1,-0.001413,0.44,,0,,0,,0,,0,-0.002,0.88,-0.00126,1,-0.001336,1,-0.001515,0.42,,0
2019-10-29,0.0016,0.33,-0.000085,0.33,,0,-0.00006,1,-0.000877,1,-0.00034,1,0.000119,0.67,-0.0008,0.5,,0,,0,-0.00034,0.1,-0.001004,1,-0.001157,1,-0.000953,1,-0.000162,0.5,,0,,0,,0,,0,-0.00154,0.83,-0.001106,0.73,-0.001132,0.99,-0.000468,0.45,,0
2019-11-05,0.003719,0.33,0.003132,0.33,,0,0.001447,0.67,0.00063,1,0.000655,1,0.001217,0.67,,0,,0,,0,0.002111,0.1,0.001013,1,0.000349,1,0.00017,1,0.001651,0.44,,0,,0,,0,,0,-0.000085,0.9,-0.000519,1,-0.000494,1,0.001294,0.42,,0
2019-11-12,0.000426,0.33,0.002289,0.67,,0,0.000987,0.67,0.000426,1,0.000272,1,0.00137,0.67,,0,,0,,0,0.002264,0.14,0.000885,1,-0.000391,1,-0.000009,1,0.001396,0.44,,0,,0,,0,,0,0.00017,0.91,-0.000672,0.9,-0.000468,1,0.000681,0.43,,0
2019-11-19,0.000247,0.33,-0.000009,0.67,,0,0.001396,0.67,0.000604,1,0.001779,1,0.001421,0.67,,0,,0,,0,0.002928,0.14,0.00114,1,-0.000213,1,0.000017,1,0.001549,0.44,,0,,0,,0,,0,0.00017,0.9,-0.000826,1,-0.000902,1,0.000349,0.43,,0
2019-11-26,0.000272,0.33,-0.000289,0.33,,0,0.000272,0.67,0.000119,1,0.000553,1,0.001472,0.67,,0,,0,,0,0.001932,0.14,0.000145,1,-0.00103,1,-0.000877,1,0.000068,0.44,,0,,0,,0,,0,-0.001157,0.88,-0.001055,1,-0.001004,1,-0.000417,0.42,,0
2019-12-03,0.001472,0.33,0.0016,0.67,,0,-0.000391,0.67,-0.00057,1,-0.000443,1,0.00017,0.67,-0.000391,0.5,,0,,0,0.000681,0.14,-0.000238,1,-0.000979,1,-0.000749,1,-0.000111,0.44,,0,,0,,0,,0,-0.001234,0.91,-0.001132,1,-0.000877,1,-0.000698,0.42,,0
2019-12-10,-0.000545,0.33,-0.001132,0.33,,0,0.003617,0.67,-0.000443,1,-0.000545,1,0.000017,0.67,,0,,0,,0,0.004,0.1,0.002417,1,-0.001336,1,-0.001106,1,-0.000213,0.44,,0,,0,,0,,0,0.001115,0.86,-0.001234,1,-0.001209,1,-0.001004,0.4,,0
2019-12-17,-0.00126,0.33,-0.001183,0.33,,0,-0.000902,0.67,-0.000953,1,-0.00057,1,-0.000391,0.67,,0,,0,,0,0.000247,0.14,-0.000851,0.81,-0.001336,1,-0.001132,1,-0.000391,0.44,,0,,0,,0,,0,-0.001081,0.88,-0.001157,1,-0.001209,1,-0.001106,0.43,,0
2019-12-24,0.001294,0.33,0.000272,0.67,,0,-0.000519,0.33,-0.000289,1,-0.000596,1,-0.00057,0.67,,0,,0,,0,0.000374,0.1,-0.000264,1,-0.00103,1,-0.000979,1,-0.000136,0.44,,0,,0,,0,,0,-0.001336,0.9,-0.001209,1,-0.001157,1,-0.000851,0.42,,0
2019-12-31,-0.000953,0.33,-0.001489,0.67,,0,-0.000391,1,-0.001004,1,-0.000391,1,-0.000417,0.67,,0,,0,,0,0.000068,0.14,-0.00057,1,-0.001209,1,-0.001055,1,-0.000111,0.44,,0,,0,,0,,0,-0.001285,0.88,-0.001132,1,-0.001055,1,-0.000928,0.43,,0
2020-01-01,-0.001132,0.33,-0.001489,0.67,,0,-0.000391,1,-0.001004,1,-0.000391,1,-0.000417,0.67,,0,,0,,0,0.000068,0.14,-0.00057,1,-0.001209,1,-0.001055,1,-0.000111,0.44,,0,,0,,0,,0,-0.001285,0.9,-0.001132,1,-0.001055,1,-0.000928,0.43,,0
2020-01-08,-0.000238,0.33,-0.000162,0.67,,0,0.000323,1,-0.000213,1,-0.000213,1,0.000962,0.67,-0.002,0.5,,0,,0,0.001549,0.14,0.000579,1,-0.000596,1,-0.000417,1,0.001089,0.44,,0,,0,,0,,0,-0.000315,0.9,-0.000851,1,-0.000902,1,0.000477,0.43,,0
2020-01-15,-0.001796,0.33,-0.002,0.33,,0,-0.000289,0.67,-0.002,1,-0.002,0.33,-0.002,0.67,-0.002,0.5,,0,,0,-0.000315,0.1,-0.000851,1,-0.001949,1,-0.002,0.82,-0.002,0.44,,0,,0,,0,,0,-0.001234,0.88,-0.001489,0.96,-0.001464,0.79,-0.001617,0.12,,0
2020-01-22,0.000834,0.33,-0.000443,0.33,,0,-0.000264,0.67,-0.000621,1,-0.000545,1,0.000323,0.67,-0.001234,0.5,,0,,0,0.001396,0.14,0.00017,1,-0.000136,1,-0.000647,1,0.000298,0.44,,0,,0,,0,,0,0.00086,0.91,-0.0008,1,-0.000928,1,-0.000698,0.4,,0
2020-01-29,-0.001183,0.33,-0.002,0.67,,0,-0.000034,0.67,-0.000672,1,-0.000391,1,-0.000545,0.67,,0,,0,,0,0.000757,0.14,0.000043,1,-0.001081,1,-0.000877,1,-0.000034,0.44,,0,,0,,0,,0,-0.000979,0.9,-0.001004,1,-0.000877,1,-0.000596,0.42,,0
2020-02-05,0.000119,0.33,0.000017,0.33,,0,0.000043,0.67,0.000068,1,-0.000519,1,-0.000315,0.67,,0,,0,,0,0.000221,0.14,-0.000366,1,-0.00103,1,-0.000902,1,-0.000136,0.44,,0,,0,,0,,0,-0.000979,0.9,-0.001081,1,-0.001004,1,-0.000826,0.4,,0
2020-02-12,0.001089,0.33,-0.001157,0.67,,0,-0.001285,0.67,-0.00126,1,-0.001132,1,-0.001234,0.67,-0.002,0.5,,0,,0,-0.002,0.14,-0.00126,1,-0.001106,1,-0.001004,1,-0.001004,0.44,,0,,0,,0,,0,-0.001643,0.87,-0.001081,1,-0.00103,1,-0.001387,0.42,,0
2020-02-19,-0.002,0.33,-0.002,0.67,,0,-0.000443,0.67,-0.000826,1,-0.001004,1,-0.000877,0.67,-0.002,0.5,,0,,0,0.000477,0.14,-0.000391,1,-0.000902,1,-0.000774,1,0.000017,0.44,,0,,0,,0,,0,-0.001413,0.9,-0.00126,1,-0.001106,1,-0.000443,0.4,,0
2020-02-26,-0.002,0.33,-0.002,0.67,,0,0.000757,1,0.000426,1,0.000655,1,-0.001004,0.67,,0,,0,,0,-0.001183,0.14,-0.001336,1,-0.000851,1,0.000221,1,0.000477,0.44,,0,,0,,0,,0,-0.001157,0.9,-0.001413,1,-0.000877,1,-0.000468,0.43,,0
2020-03-04,0.000604,0.33,-0.001489,0.67,,0,-0.000238,0.67,0.000094,1,-0.00057,1,0.000962,0.67,-0.001311,0.5,,0,,0,0.001447,0.14,0.0004,1,-0.000928,1,-0.000774,1,0.000962,0.5,,0,,0,,0,,0,-0.001209,0.9,-0.001055,1,-0.001055,1,-0.00057,0.45,,0
2020-03-11,-0.002,0.33,-0.002,0.33,,0,-0.000034,1,-0.000519,1,0.000579,1,0.00017,0.67,,0,,0,,0,0.000911,0.14,-0.00006,1,-0.000928,1,-0.0008,1,0.0004,0.44,,0,,0,,0,,0,-0.000877,0.88,-0.000953,1,-0.000902,1,-0.000366,0.4,,0
2020-03-18,,0,,0,,0,-0.001413,0.67,-0.001464,1,-0.001004,1,0.000043,0.67,,0,,0,,0,-0.001055,0.1,-0.000928,1,-0.001132,1,-0.000928,1,0.000272,0.22,,0,,0,,0,,0,-0.00103,0.86,-0.001157,1,-0.001157,1,-0.001157,0.37,,0
2020-03-25,,0,-0.002,0.33,,0,-0.000723,0.67,-0.001004,1,-0.0008,1,-0.000698,0.67,,0,,0,,0,-0.00057,0.1,-0.000749,1,-0.001132,1,-0.001157,1,-0.000851,0.44,,0,,0,,0,,0,-0.000774,0.88,-0.001157,1,-0.001234,1,-0.001285,0.39,,0
2020-04-01,,0,,0,,0,0.001268,1,-0.000315,1,-0.000085,1,0.000911,0.67,,0,,0,,0,0.001472,0.1,0.00017,1,-0.000749,1,-0.000494,1,0.000783,0.44,,0,,0,,0,,0,-0.000519,0.88,-0.001106,1,-0.001311,1,-0.000647,0.37,,0
2020-04-08,,0,-0.001847,0.33,,0,0.000221,0.67,-0.000085,1,-0.000187,1,0.000681,0.67,,0,,0,,0,0.001753,0.14,0.0004,1,-0.0008,1,-0.000621,1,0.000962,0.44,,0,,0,,0,,0,-0.000621,0.88,-0.001209,1,-0.001285,1,-0.000187,0.39,,0
2020-04-15,,0,,0,,0,-0.001055,0.67,-0.001336,1,-0.00177,0.67,,0,,0,,0,,0,-0.0008,0.05,-0.000826,1,-0.001055,0.94,-0.001311,0.36,-0.002,0.06,,0,,0,,0,,0,-0.000774,0.88,-0.00126,1,-0.001464,0.76,-0.001413,0.31,,0
2020-04-22,-0.002,0.33,-0.000877,0.33,,0,0.000426,0.67,-0.000111,1,0.000426,1,0.001191,0.67,,0,,0,,0,0.001447,0.1,0.000298,1,-0.000698,1,-0.000723,1,0.0016,0.44,,0,,0,,0,,0,-0.000213,0.88,-0.001055,1,-0.000953,1,-0.00006,0.39,,0
2020-04-29,-0.000391,0.33,0.003234,0.33,,0,0.001013,0.67,0.000374,1,0.000426,1,0.001447,0.67,,0,,0,,0,0.002494,0.14,0.00114,1,-0.000596,1,-0.000238,1,0.001753,0.44,,0,,0,,0,,0,0.0004,0.88,-0.000723,1,-0.000902,1,0.000017,0.4,,0
2020-05-06,,0,-0.00154,0.33,,0,0.000502,1,-0.000774,1,0.00017,1,0.000119,0.67,,0,,0,,0,0.00086,0.14,-0.000213,1,-0.000902,1,-0.000851,1,0.000119,0.5,,0,,0,,0,,0,-0.000494,0.9,-0.000979,1,-0.000979,1,-0.0008,0.4,,0
2020-05-13,-0.001209,0.33,-0.000443,0.33,,0,0.000528,0.67,-0.00057,1,0.000757,1,0.000604,0.67,,0,,0,,0,0.001855,0.14,0.000834,1,-0.000826,1,-0.000774,1,0.001064,0.44,,0,,0,,0,,0,0.000323,0.88,-0.001183,1,-0.001183,1,0.000247,0.42,,0
2020-05-20,,0,,0,,0,0.000119,0.67,-0.000647,1,-0.000391,1,0.0004,0.67,,0,,0,,0,0.000706,0.1,0.000349,1,-0.000979,1,-0.000928,0.82,0.000426,0.44,,0,,0,,0,,0,-0.000315,0.87,-0.001234,1,-0.001209,0.8,-0.001336,0.16,,0
2020-05-27,,0,-0.001336,0.33,,0,-0.000264,0.67,-0.000953,1,-0.000621,1,-0.00034,0.67,,0,,0,,0,-0.000162,0.1,-0.000851,1,-0.001464,1,-0.001311,1,-0.00006,0.44,,0,,0,,0,,0,-0.000826,0.88,-0.001285,1,-0.001285,1,-0.000928,0.4,,0
2020-06-03,,0,,0,,0,-0.000851,0.67,-0.000953,1,-0.000877,0.67,-0.000672,0.33,,0,,0,,0,-0.000085,0.1,-0.000391,1,-0.000979,0.94,-0.00103,0.95,0.000553,0.44,,0,,0,,0,,0,-0.001081,0.84,-0.001362,0.9,-0.001515,0.8,-0.0008,0.37,,0
2020-06-10,,0,,0,,0,,0,,0,-0.000545,0.67,-0.0008,0.33,,0,,0,,0,-0.000979,0.1,-0.001311,0.9,-0.001285,0.5,-0.001438,0.45,-0.001489,0.17,,0,,0,,0,,0,-0.001413,0.83,-0.00126,0.89,-0.001362,0.51,-0.001362,0.27,,0
2020-06-17,0.00017,0.33,-0.000443,0.33,,0,0.000528,0.67,-0.00034,1,0.001013,1,0.00086,0.67,,0,,0,,0,0.001447,0.1,0.000374,1,-0.001004,1,-0.000953,1,0.000987,0.44,,0,,0,,0,,0,-0.000315,0.87,-0.001132,1,-0.001132,1,-0.000749,0.42,,0
2020-06-24,,0,0.000987,0.33,,0,0.000783,1,-0.000672,1,-0.000774,0.67,-0.000417,0.67,,0,,0,,0,0.001396,0.14,-0.00006,1,-0.000877,1,-0.000877,1,0.000043,0.44,,0,,0,,0,,0,-0.000366,0.88,-0.001106,1,-0.001132,1,-0.000391,0.4,,0
2020-07-01,,0,,0,,0,,0,,0,,0,-0.001132,0.33,,0,,0,,0,,0,-0.000545,0.05,-0.001387,0.39,-0.001566,0.27,,0,,0,,0,,0,,0,-0.000596,0.78,-0.00154,0.38,-0.001591,0.47,-0.001643,0.21,,0
2020-07-08,,0,-0.001489,0.33,,0,-0.000826,0.67,-0.001362,1,-0.000877,1,-0.000953,0.67,,0,,0,,0,-0.000698,0.05,-0.000698,1,-0.001234,1,-0.001362,1,-0.000826,0.33,,0,,0,,0,,0,-0.000391,0.84,-0.001464,0.93,-0.001489,0.9,-0.000851,0.36,,0
2020-07-15,,0,,0,,0,-0.000953,0.67,-0.001285,1,-0.000774,1,-0.000443,0.67,,0,,0,,0,-0.000672,0.1,-0.001081,1,-0.001285,1,-0.001209,1,-0.00057,0.44,,0,,0,,0,,0,-0.001566,0.87,-0.001362,1,-0.001464,1,-0.000494,0.37,,0
2020-07-22,,0,-0.001949,0.33,,0,0.000196,0.67,-0.000366,1,0.000502,1,0.000553,0.67,,0,,0,,0,0.001038,0.1,-0.000136,1,-0.001311,1,-0.001209,1,0.000757,0.44,,0,,0,,0,,0,-0.000647,0.87,-0.001464,1,-0.001489,1,-0.000953,0.4,,0
2020-07-29,,0,,0,,0,,0,,0,,0,,0,,0,,0,,0,-0.000391,0.05,-0.001438,0.57,-0.001336,0.44,-0.001132,0.27,-0.001081,0.11,,0,,0,,0,,0,-0.001438,0.59,-0.001413,0.32,-0.001234,0.29,-0.000877,0.06,,0
2020-08-05,-0.0008,0.33,-0.000391,0.33,,0,-0.000366,0.67,-0.000851,1,-0.000519,1,0.000119,0.67,,0,,0,,0,0.000783,0.14,-0.000085,1,-0.001157,1,-0.001183,1,0.000094,0.44,,0,,0,,0,,0,-0.000443,0.88,-0.001285,1,-0.001413,1,-0.000902,0.39,,0
2020-08-12,,0,,0,,0,0.000502,0.67,-0.000749,1,-0.000443,1,-0.000238,0.67,,0,,0,,0,0.000809,0.1,-0.000698,1,-0.001234,1,-0.001362,1,-0.000366,0.44,,0,,0,,0,,0,-0.000698,0.9,-0.00126,1,-0.00154,1,-0.001311,0.39,,0
2020-08-19,,0,-0.001285,0.33,,0,0.00114,0.67,0.000145,1,-0.001004,1,-0.001209,0.67,,0,,0,,0,-0.000162,0.1,0.000604,1,-0.001234,1,-0.001285,1,-0.000979,0.44,,0,,0,,0,,0,-0.000162,0.87,-0.001643,1,-0.00177,0.99,-0.001336,0.39,,0
2020-08-26,,0,,0,,0,,0,,0,-0.001796,0.33,-0.00154,0.67,,0,,0,,0,,0,,0,,0,-0.001923,0.45,-0.001106,0.44,,0,,0,,0,,0,,0,,0,-0.002,0.5,-0.00126,0.36,,0
2020-09-02,,0,,0,,0,-0.002,0.67,-0.001362,1,-0.001285,0.33,-0.001209,0.67,,0,,0,,0,,0,-0.001132,0.95,-0.001387,0.89,-0.001234,0.73,-0.00126,0.33,,0,,0,,0,,0,-0.001106,0.61,-0.001464,0.71,-0.001413,0.99,-0.001362,0.37,,0
2020-09-09,-0.001694,0.33,-0.001183,0.33,,0,0.000655,0.67,0.000349,1,0.001345,1,0.002289,0.67,,0,,0,,0,0.001574,0.14,-0.000034,1,-0.000647,1,0.000681,1,0.002519,0.44,,0,,0,,0,,0,-0.00034,0.9,-0.001336,1,-0.001234,1,0.001396,0.39,,0
2020-09-16,-0.000826,0.33,-0.000851,0.33,,0,-0.000953,0.67,-0.001336,1,-0.001132,1,-0.001081,0.67,,0,,0,,0,-0.001234,0.1,-0.001311,0.9,-0.001489,0.89,-0.0008,1,-0.000468,0.39,,0,,0,,0,,0,-0.001004,0.43,-0.001796,0.32,-0.001438,0.67,-0.000826,0.37,,0
2020-09-23,,0,,0,,0,,0,,0,,0,,0,,0,,0,,0,-0.000647,0.1,-0.000698,0.29,,0,,0,,0,,0,,0,,0,,0,-0.002,0.64,-0.001694,0.12,,0,,0,,0
2020-09-30,-0.001081,0.33,-0.002,0.33,,0,-0.000443,0.67,-0.000749,1,-0.000494,1,-0.000774,0.67,,0,,0,,0,-0.000085,0.14,-0.000391,1,-0.000979,1,-0.000902,1,-0.000136,0.44,,0,,0,,0,,0,-0.001106,0.9,-0.001055,1,-0.00103,1,-0.000877,0.42,,0
2020-10-07,-0.001872,0.33,-0.002,0.33,,0,0.000221,0.67,-0.000443,1,-0.000187,1,-0.000519,0.67,,0,,0,,0,0.00114,0.14,0.000043,1,-0.00103,1,-0.001004,1,-0.000238,0.44,,0,,0,,0,,0,-0.001209,0.88,-0.001234,1,-0.001285,1,0.000196,0.42,,0
2020-10-14,,0,,0,,0,-0.001234,0.67,-0.001617,1,-0.001183,1,-0.000672,0.67,,0,,0,,0,-0.000213,0.1,-0.001183,1,-0.001132,1,-0.001081,1,-0.000443,0.44,,0,,0,,0,,0,-0.001362,0.88,-0.001209,1,-0.001004,1,-0.000596,0.4,,0
2020-10-21,-0.002,0.33,-0.000009,0.33,,0,0.000681,0.67,0.000145,1,0.000094,1,0.00086,0.67,,0,,0,,0,0.002009,0.14,0.000451,1,-0.000494,1,-0.000443,1,0.00086,0.44,,0,,0,,0,,0,-0.000417,0.88,-0.001285,1,-0.001234,1,-0.000774,0.4,,0
2020-10-28,-0.002,0.33,-0.002,0.33,,0,-0.000877,0.67,-0.001081,1,-0.000774,1,-0.0008,0.67,,0,,0,,0,-0.000672,0.14,-0.00103,1,-0.001209,1,-0.001311,1,-0.000647,0.44,,0,,0,,0,,0,-0.001055,0.87,-0.001336,0.64,-0.001464,1,-0.00126,0.4,,0
2020-11-04,-0.00177,0.33,-0.001362,0.33,,0,0.00017,0.67,-0.000621,1,-0.000545,1,0.000068,0.67,,0,,0,,0,0.000247,0.14,0.000221,1,-0.000647,1,-0.000545,1,0.000196,0.44,,0,,0,,0,,0,-0.0008,0.88,-0.000672,1,-0.000621,1,-0.000596,0.42,,0
2020-11-11,-0.000647,0.33,-0.002,0.33,,0,-0.000774,0.67,-0.001106,1,0.000119,1,-0.000545,0.67,,0,,0,,0,-0.000238,0.1,0.000528,1,-0.001055,1,-0.00103,1,-0.000391,0.44,,0,,0,,0,,0,-0.000902,0.88,-0.000851,1,-0.001566,0.94,-0.001106,0.42,,0
2020-11-18,0.000502,0.33,-0.000187,0.67,,0,0.000349,0.67,-0.000774,1,-0.000264,1,-0.000034,0.67,,0,,0,,0,0.001191,0.14,0.000681,1,-0.000851,1,-0.000621,1,0.000017,0.44,,0,,0,,0,,0,-0.001081,0.9,-0.000928,1,-0.000774,1,-0.000545,0.42,,0
2020-11-25,-0.000979,0.33,-0.00057,0.33,,0,-0.000111,0.67,-0.000596,1,-0.000238,1,0.000655,0.67,,0,,0,,0,0.000655,0.14,-0.000034,1,-0.000596,1,-0.000315,1,0.000936,0.44,,0,,0,,0,,0,-0.000647,0.9,-0.000928,1,-0.000928,1,-0.0008,0.43,,0
2020-12-02,-0.00126,0.33,-0.000494,0.67,,0,-0.000621,1,-0.000928,1,-0.000749,1,-0.00006,0.67,,0,,0,,0,-0.000213,0.1,-0.000596,1,-0.000902,1,-0.0008,1,-0.000009,0.44,,0,,0,,0,,0,-0.001285,0.88,-0.000928,1,-0.000826,1,-0.000826,0.4,,0
2020-12-09,-0.000851,0.33,-0.0008,0.33,,0,0.00063,0.67,0.000298,1,0.001294,1,0.001243,0.67,,0,,0,,0,0.001498,0.14,0.000783,1,-0.00057,1,-0.000238,1,0.001243,0.44,,0,,0,,0,,0,-0.000672,0.9,-0.000749,1,-0.000621,1,-0.000545,0.42,,0
2020-12-16,-0.00154,0.33,-0.001694,0.33,,0,0.000579,0.67,-0.000494,1,-0.000545,1,-0.000315,0.67,,0,,0,,0,0.001319,0.14,0.00063,1,-0.00057,1,-0.001055,1,0.000272,0.44,,0,,0,,0,,0,-0.001004,0.88,-0.001157,1,-0.00103,1,-0.000953,0.42,,0
2021-01-01,-0.001004,0.33,-0.000698,0.67,,0,0.001549,1,-0.000238,1,0.000809,1,0.00063,0.67,0.004,0.5,,0,,0,0.000323,0.14,-0.000111,1,-0.00057,1,-0.000417,1,0.001013,0.56,,0,,0,,0,,0,-0.000877,0.91,-0.000979,1,-0.0008,1,-0.000468,0.43,,0
2021-01-08,-0.000136,0.33,-0.000749,0.67,,0,-0.001183,1,-0.000851,1,-0.001336,0.67,-0.001157,0.67,,0,,0,,0,-0.000774,0.14,-0.000672,1,-0.000698,1,-0.000596,1,-0.000723,0.56,,0,,0,,0,,0,-0.000953,0.9,-0.000851,1,-0.000647,1,-0.000877,0.42,,0
2021-01-15,-0.001285,0.33,-0.002,0.67,,0,0.000706,1,0.00017,1,0.000247,0.67,0.001217,0.67,,0,,0,,0,0.001217,0.1,0.000221,1,-0.000443,1,0.000119,1,0.00137,0.5,,0,,0,,0,,0,-0.0008,0.88,-0.000774,1,-0.000289,1,0.000553,0.4,,0
2021-01-22,-0.001106,0.33,0.000885,0.67,,0,0.000272,1,-0.000417,1,-0.000111,1,0.00017,0.67,,0,,0,,0,0.004,0.19,0.000349,1,-0.00057,1,-0.000519,1,0.000196,0.5,,0,,0,,0,,0,-0.001004,0.9,-0.000826,1,-0.000749,1,-0.000519,0.45,,0
2021-01-29,-0.001617,0.33,-0.001898,0.67,,0,-0.00006,1,-0.000953,1,0.000043,1,-0.000162,0.67,,0,,0,,0,0.000298,0.19,-0.000494,1,-0.0008,1,-0.000774,1,0.000043,0.44,,0,,0,,0,-0.001566,0.02,-0.001055,0.9,-0.00103,1,-0.000979,1,-0.000672,0.42,,0
2021-02-05,-0.001821,0.33,-0.001668,0.67,,0,-0.000723,1,-0.000928,1,-0.000851,1,-0.00057,0.67,-0.000009,0.5,,0,,0,-0.000111,0.14,-0.000723,1,-0.001055,1,-0.001004,1,-0.000723,0.44,,0,,0,,0,,0,-0.001106,0.88,-0.00103,1,-0.001081,1,-0.001183,0.43,,0
2021-02-12,-0.002,0.33,-0.002,0.67,,0,-0.001106,1,,0,-0.001591,0.67,-0.001413,0.67,,0,,0,,0,-0.001438,0.05,0.000987,0.43,,0,-0.00126,0.23,-0.00126,0.5,,0,,0,,0,,0,-0.00154,0.51,-0.001464,0.73,-0.001591,0.47,-0.001515,0.34,,0
2021-02-19,-0.002,0.33,-0.002,0.33,,0,-0.001081,0.67,-0.001209,1,-0.00154,0.67,-0.001719,0.67,,0,,0,,0,-0.001081,0.1,-0.001209,0.62,-0.001311,0.06,-0.001132,0.36,-0.000826,0.44,,0,,0,,0,,0,-0.001336,0.07,,0,-0.001719,0.07,-0.001464,0.43,,0
2021-02-26,-0.002,0.33,-0.002,0.67,,0,0.000477,1,-0.000494,1,0.000221,1,-0.000519,0.67,,0,,0,,0,0.000221,0.19,-0.00006,1,-0.000902,1,-0.0008,1,0.000196,0.56,,0,,0,,0,0.004,0.03,-0.000902,0.91,-0.001081,1,-0.00103,1,-0.000621,0.45,,0
2021-03-05,-0.002,0.33,-0.001362,0.33,,0,0.001217,1,-0.000443,1,0.000298,1,0.000681,0.67,,0,,0,,0,0.00086,0.19,0.000247,1,-0.000621,1,-0.000443,1,0.000783,0.44,,0,,0,,0,,0,-0.000443,0.88,-0.000953,1,-0.0008,1,-0.000238,0.42,,0
2021-03-12,-0.002,0.33,-0.002,0.67,,0,-0.000162,1,-0.000443,1,-0.000647,0.67,-0.000315,0.67,-0.002,0.5,,0,,0,0.000706,0.19,-0.000009,1,-0.000826,1,-0.000672,1,-0.00006,0.5,,0,,0,,0,0.000068,0.02,-0.000723,0.88,-0.001055,1,-0.00103,1,-0.000494,0.43,,0
2021-03-19,-0.001591,0.33,-0.002,0.67,,0,-0.000494,1,-0.000647,1,-0.000672,0.67,-0.00057,0.67,,0,,0,,0,0.000145,0.19,-0.0008,1,-0.001081,1,-0.000902,1,-0.000545,0.44,,0,,0,,0,,0,-0.000826,0.88,-0.001183,0.97,-0.00103,1,-0.000749,0.4,,0
2021-03-26,-0.002,0.33,-0.002,0.67,,0,-0.000417,1,-0.001132,1,-0.001132,0.67,-0.000698,0.67,0.004,0.5,,0,,0,0.000068,0.19,-0.001081,1,-0.001106,1,-0.001081,1,-0.000596,0.39,,0,,0,,0,,0,-0.001132,0.87,-0.001183,1,-0.001157,1,-0.000672,0.42,,0
2021-04-02,-0.000136,0.33,-0.00126,0.67,,0,0.000119,1,-0.000443,1,0.00017,1,0.000221,0.67,,0,,0,,0,0.00114,0.19,0.000068,1,-0.000698,1,-0.000647,1,0.000451,0.44,,0,,0,,0,-0.002,0.02,-0.000494,0.9,-0.000826,1,-0.000877,1,-0.000545,0.43,,0
2021-04-09,-0.001745,0.33,0.000247,0.67,,0,0.00017,1,-0.000238,1,-0.000366,0.67,0.0004,0.67,,0,,0,,0,0.001345,0.19,0.000298,1,-0.000519,1,-0.000519,1,0.000732,0.44,,0,,0,,0,,0,-0.000289,0.88,-0.000928,1,-0.000928,1,0.000323,0.45,,0
2021-04-16,0.000196,0.33,0.000272,0.67,,0,0.000936,1,-0.000417,1,0.000068,1,-0.000111,0.67,,0,,0,,0,0.000477,0.14,0.000068,1,-0.000647,1,-0.000723,1,0.000272,0.44,,0,,0,,0,0.004,0.02,-0.000417,0.9,-0.000979,1,-0.000877,1,-0.000187,0.4,,0
2021-04-23,-0.001898,0.33,-0.001872,0.67,,0,0.001166,1,0.000323,1,0.002085,1,0.001345,0.67,,0,,0,,0,0.001191,0.14,0.001243,1,-0.00057,1,-0.000519,1,0.001268,0.5,,0,,0,,0,,0,0.000119,0.88,-0.000902,1,-0.000877,1,-0.000009,0.42,,0
2021-04-30,-0.001643,0.33,-0.002,0.33,,0,0.000732,1,-0.000238,1,-0.00006,1,0.000145,0.67,,0,,0,,0,0.000911,0.19,0.000323,1,-0.000443,1,-0.000519,1,0.000374,0.39,,0,,0,,0,-0.002,0.02,-0.000468,0.9,-0.000519,1,-0.000672,1,-0.00034,0.43,,0
2021-05-07,-0.000366,0.33,-0.002,0.33,,0,0.002826,1,-0.000034,1,0.001677,1,0.001115,0.67,,0,,0,,0,0.001855,0.1,0.00017,1,-0.000698,1,-0.000519,1,0.002034,0.44,,0,,0,,0,,0,-0.000519,0.88,-0.00103,1,-0.0008,1,-0.000111,0.42,,0
2021-05-14,,0,-0.002,0.33,,0,0.000043,0.67,-0.000494,1,-0.000877,0.67,0.000017,0.67,,0,,0,,0,0.001345,0.14,0.000094,1,-0.000851,1,-0.000698,1,0.000681,0.39,,0,,0,,0,,0,-0.000289,0.88,-0.00103,1,-0.000979,1,-0.000213,0.4,,0
2021-05-21,-0.002,0.33,-0.001796,0.33,,0,0.000911,1,-0.000289,1,-0.000366,1,0.000706,0.67,,0,,0,,0,0.00234,0.14,0.001064,1,-0.0008,1,-0.00057,1,0.00017,0.39,,0,,0,,0,,0,0.000094,0.88,-0.000877,1,-0.000928,1,-0.000111,0.4,,0
2021-05-28,,0,0.001217,0.67,,0,0.000911,0.67,0.000196,1,0.000681,1,0.000221,0.67,,0,,0,,0,0.000911,0.14,0.00114,1,-0.000187,1,-0.000238,1,0.001115,0.5,,0,,0,,0,,0,-0.000213,0.88,-0.000826,1,-0.000468,1,-0.000085,0.42,,0
2021-06-04,0.001166,0.33,0.000426,0.33,,0,0.00017,0.67,-0.000315,1,-0.00034,0.67,0.001217,0.67,,0,,0,,0,0.001421,0.14,0.000502,1,-0.000826,1,-0.000621,1,0.00114,0.5,,0,,0,,0,,0,0.000043,0.9,-0.000902,1,-0.000953,1,0.000119,0.4,,0
2021-06-11,,0,,0,,0,0.000962,0.67,-0.00006,1,-0.000162,0.67,0.000094,0.33,,0,,0,,0,,0,0.001038,1,-0.000621,1,-0.000723,1,-0.00034,0.39,,0,,0,,0,,0,0.000017,0.88,-0.0008,0.97,-0.000851,1,-0.000468,0.37,,0
2021-06-18,-0.001694,0.33,-0.00103,0.67,,0,-0.000774,0.67,-0.000953,1,-0.001183,0.67,-0.000034,0.67,,0,,0,,0,0.000451,0.19,-0.000672,1,-0.001209,1,-0.00126,1,-0.000366,0.39,,0,,0,,0,,0,-0.000902,0.87,-0.001183,1,-0.001157,1,-0.000851,0.39,,0
2021-06-25,-0.000953,0.33,,0,,0,-0.000034,0.67,-0.00034,0.33,-0.000723,0.67,-0.00126,0.67,,0,,0,,0,,0,-0.000519,0.71,-0.001668,0.28,-0.00103,0.95,0.000323,0.39,,0,,0,,0,,0,-0.00126,0.83,-0.001311,0.42,-0.001694,0.87,-0.002,0.36,,0
2021-07-02,,0,,0,,0,-0.000953,0.67,-0.0008,1,-0.0008,1,-0.000264,0.67,,0,,0,,0,-0.000315,0.1,-0.000647,0.95,-0.001055,0.78,-0.00103,0.64,-0.00057,0.33,,0,,0,,0,,0,-0.000979,0.38,-0.001234,0.56,-0.001183,0.8,-0.001081,0.39,,0
2021-07-09,,0,,0,,0,,0,,0,-0.001413,0.33,,0,,0,,0,,0,,0,,0,,0,-0.001719,0.05,-0.000902,0.33,,0,,0,,0,,0,-0.001234,0.12,-0.002,0.01,-0.002,0.01,-0.000647,0.03,,0
2021-07-16,,0,-0.002,0.67,,0,-0.000468,0.67,-0.001183,1,-0.001106,0.67,-0.000621,0.67,,0,,0,,0,0.000681,0.19,-0.000519,1,-0.001004,1,-0.00126,1,0.000094,0.44,,0,,0,,0,,0,-0.000826,0.88,-0.001183,1,-0.001183,0.94,-0.001643,0.36,,0
2021-07-23,-0.001387,0.33,-0.001234,0.67,,0,-0.000238,1,-0.000928,1,-0.000698,1,-0.000238,0.67,,0,,0,,0,0.000732,0.1,-0.000238,1,-0.000902,1,-0.001055,1,-0.000111,0.44,,0,,0,,0,,0,-0.000545,0.9,-0.001183,1,-0.001362,1,-0.000826,0.4,,0
2021-07-30,-0.00103,0.33,-0.001081,0.67,,0,-0.000443,0.67,-0.001004,1,-0.000621,1,-0.000162,0.67,,0,,0,,0,0.000911,0.14,-0.000494,1,-0.001515,1,-0.001566,1,0.000068,0.44,,0,,0,,0,,0,-0.001106,0.88,-0.001591,0.99,-0.001694,1,-0.001157,0.39,,0
2021-08-06,,0,,0,,0,-0.001234,0.67,-0.001387,1,-0.001591,0.67,-0.000826,0.67,,0,,0,,0,-0.000417,0.14,-0.000979,1,-0.001591,1,-0.001694,1,-0.000877,0.39,,0,,0,,0,,0,-0.00154,0.8,-0.001872,0.52,-0.001821,0.61,-0.001694,0.33,,0
2021-08-13,-0.000647,0.33,-0.002,0.33,,0,0.000221,0.67,-0.000519,1,0.000604,1,-0.000136,0.67,,0,,0,,0,0.000809,0.1,0.000502,1,-0.001566,1,-0.001643,1,-0.000111,0.39,,0,,0,,0,,0,-0.000851,0.88,-0.001617,1,-0.001566,1,-0.000877,0.37,,0
2021-08-20,-0.002,0.33,0.000936,0.67,,0,0.000068,1,-0.000085,1,-0.000417,0.67,-0.000111,0.67,0.001345,0.5,,0,,0,0.001115,0.14,0.000272,1,-0.000826,1,-0.000621,1,-0.000162,0.56,,0,,0,,0,-0.002,0.02,-0.000519,0.88,-0.001183,1,-0.001157,1,-0.000826,0.42,,0
2021-08-27,,0,,0,,0,-0.001157,0.67,-0.001515,1,-0.002,0.67,-0.002,0.67,,0,,0,,0,0.00017,0.1,-0.001285,1,-0.001489,1,-0.001617,0.95,-0.002,0.33,,0,,0,,0,,0,-0.001336,0.72,-0.00154,0.82,-0.00154,0.96,-0.001872,0.34,,0
2021-09-03,,0,-0.001617,0.33,,0,-0.001898,0.67,-0.002,1,-0.002,0.67,-0.001898,0.67,,0,,0,,0,-0.002,0.05,-0.002,1,-0.00177,1,-0.001719,1,-0.001719,0.44,,0,,0,,0,,0,-0.001923,0.8,-0.001591,0.96,-0.001617,0.83,-0.002,0.39,,0
2021-09-10,-0.001821,0.33,-0.002,0.33,,0,-0.000443,0.67,-0.000723,1,0.000298,1,-0.000009,0.67,,0,,0,,0,0.000579,0.14,-0.000391,1,-0.000953,1,-0.000928,1,0.0004,0.44,,0,,0,,0,,0,-0.000851,0.88,-0.001081,1,-0.00103,1,-0.000647,0.39,,0
2021-09-17,,0,,0,,0,-0.000519,0.67,-0.000698,1,,0,,0,,0,,0,,0,0.001345,0.05,-0.000289,0.95,-0.001157,1,-0.001336,0.73,,0,,0,,0,,0,,0,-0.000826,0.39,-0.001821,0.64,-0.001821,0.99,-0.00154,0.09,,0
2021-09-24,-0.000826,0.33,-0.000723,0.67,,0,-0.000213,0.67,-0.000468,1,-0.000468,0.67,0.000119,0.67,,0,,0,,0,0.000604,0.19,-0.000187,1,-0.000494,1,-0.000596,1,0.000349,0.39,,0,,0,,0,,0,-0.000621,0.91,-0.000647,1,-0.000672,1,-0.000468,0.43,,0
2021-10-01,-0.001617,0.33,-0.002,0.67,,0,-0.000009,1,-0.000417,1,-0.000162,0.67,0.000809,0.67,0.002647,0.5,,0,,0,0.00063,0.19,0.000221,1,-0.0008,1,-0.000621,1,0.00114,0.5,,0,,0,,0,0.000706,0.02,-0.000289,0.88,-0.000979,1,-0.000877,1,-0.000213,0.43,,0
2021-10-08,-0.001796,0.33,,0,,0,-0.000953,0.67,-0.000877,1,-0.001209,0.67,-0.000877,0.67,,0,,0,,0,-0.000851,0.05,-0.000979,1,-0.00103,1,-0.00103,1,-0.000851,0.28,,0,,0,,0,,0,-0.00103,0.88,-0.001132,1,-0.001132,1,-0.000928,0.43,,0
2021-10-15,-0.000647,0.33,-0.000928,0.67,,0,0.001166,1,-0.000417,1,0.000911,1,0.000681,0.67,,0,,0,,0,0.001115,0.19,0.000145,1,-0.000647,1,-0.00057,1,0.000477,0.44,,0,,0,,0,,0,-0.000826,0.9,-0.000928,1,-0.000877,1,-0.000034,0.4,,0
2021-10-22,-0.000877,0.33,-0.000289,0.67,,0,0.000221,1,-0.000723,1,-0.00006,1,-0.000366,0.67,,0,,0,,0,0.004,0.14,0.00017,1,-0.000774,1,-0.000774,1,0.00017,0.39,,0,,0,,0,,0,0.00063,0.9,-0.000902,1,-0.000877,1,-0.000366,0.4,,0
2021-10-29,0.001906,0.33,-0.001157,0.67,,0,0.001064,0.67,0.000502,1,0.001702,1,0.001651,0.67,,0,,0,,0,0.002187,0.19,0.000834,1,-0.000826,1,-0.000774,1,0.00183,0.44,,0,,0,,0,0.002085,0.02,0.000426,0.9,-0.000902,1,-0.000723,1,-0.000468,0.4,,0
2021-11-05,-0.000111,0.33,0.001498,0.67,,0,0.000528,0.67,-0.000468,1,0.000426,1,0.000196,0.67,,0,,0,,0,0.00137,0.14,0.000604,1,-0.001004,1,-0.000979,1,0.000706,0.44,,0,,0,,0,0.001472,0.02,-0.000647,0.9,-0.001055,1,-0.001004,1,-0.001336,0.43,,0
2021-11-12,0.000783,0.33,0.000655,0.67,,0,0.002953,1,0.000757,1,0.001651,1,0.001779,0.67,,0,,0,,0,0.004,0.19,0.001319,1,-0.000009,1,0.000145,1,0.002009,0.5,,0,,0,,0,0.001472,0.02,0.000247,0.9,-0.000443,1,-0.000417,1,-0.00006,0.43,,0
2021-11-19,0.000757,0.33,0.001013,0.67,,0,0.002085,1,0.000196,1,0.000221,1,0.001166,0.67,,0,,0,,0,0.002366,0.19,0.001319,1,-0.000136,1,-0.000034,1,0.001268,0.5,,0,,0,,0,0.000451,0.03,0.000528,0.91,-0.000545,1,-0.000443,1,0.000145,0.43,,0
2021-11-26,-0.000213,0.33,-0.000902,0.67,,0,0.001447,1,0.001064,1,0.001089,1,0.0016,0.67,0.00303,0.5,,0,,0,0.002468,0.19,0.001804,1,0.000528,1,0.000579,1,0.00206,0.5,,0,,0,,0,0.000681,0.02,0.000579,0.91,-0.00006,1,0.000043,1,-0.000596,0.45,,0
2021-12-03,0.002315,0.33,-0.000774,0.33,,0,0.00086,1,0.000579,1,0.000962,1,0.000987,0.67,,0,,0,,0,0.002111,0.19,0.000809,1,0.000119,1,0.000196,1,0.001089,0.44,,0,,0,,0,,0,0.0004,0.91,-0.000468,1,-0.000289,1,0.000706,0.45,,0
2021-12-10,,0,-0.002,0.33,,0,-0.00034,1,-0.001081,1,-0.000366,0.67,-0.000545,0.67,,0,,0,,0,0.000196,0.14,0.000272,0.95,-0.00103,1,-0.000545,1,-0.000647,0.39,,0,,0,,0,,0,-0.001081,0.78,-0.000979,0.99,-0.001413,0.94,-0.00103,0.42,,0
2021-12-17,-0.001464,0.33,-0.001464,0.33,,0,-0.000877,0.67,-0.001081,1,-0.000494,1,-0.000698,0.67,,0,,0,,0,-0.000238,0.14,-0.000979,1,-0.001285,0.33,-0.001438,0.77,-0.001234,0.28,,0,,0,,0,,0,-0.001183,0.83,-0.001413,0.55,-0.001464,0.77,-0.001489,0.3,,0
2021-12-24,0.000681,0.33,-0.000953,0.33,,0,0.000068,1,-0.000136,1,-0.000009,0.67,-0.000034,0.67,,0,,0,,0,0.000706,0.19,-0.000085,1,-0.000545,1,-0.000391,1,0.000502,0.5,,0,,0,,0,-0.001489,0.02,-0.000417,0.91,-0.000698,1,-0.000596,1,-0.000111,0.4,,0
2021-12-31,,0,-0.002,0.33,,0,-0.001183,1,-0.001209,1,0.000528,1,0.000349,0.67,,0,,0,,0,-0.001081,0.1,0.000451,0.81,-0.000902,0.94,-0.00103,1,-0.000519,0.39,,0,,0,,0,,0,-0.001132,0.81,-0.00103,0.89,-0.001183,1,-0.001234,0.4,,0
2022-01-01,,0,-0.002,0.33,,0,-0.001183,1,-0.001566,1,0.000528,1,0.000349,0.67,,0,,0,,0,-0.001081,0.1,0.000451,0.86,-0.000902,1,-0.001132,1,-0.001311,0.39,,0,,0,,0,,0,-0.001106,0.88,-0.001132,0.99,-0.001285,1,-0.001566,0.39,,0
2022-01-08,-0.002,0.33,-0.002,0.33,,0,-0.000391,0.67,-0.00057,1,-0.000494,0.67,-0.000213,0.67,,0,,0,,0,0.000068,0.1,-0.000315,1,-0.000723,1,-0.00057,1,-0.000162,0.44,,0,,0,,0,,0,-0.000851,0.88,-0.000877,1,-0.0008,1,-0.000621,0.42,,0
2022-01-15,0.001932,0.33,-0.001004,0.67,,0,0.001268,0.67,0.000451,1,0.001421,1,0.0016,0.67,,0,,0,,0,0.002621,0.19,0.001294,1,0.000221,1,0.000196,1,0.001498,0.5,,0,,0,,0,-0.001336,0.03,0.000119,0.91,-0.00057,1,-0.000545,1,-0.00057,0.42,,0
2022-01-22,-0.001183,0.33,-0.00103,0.67,,0,-0.000034,1,-0.000774,1,-0.000519,1,-0.001438,0.67,,0,,0,,0,-0.00057,0.19,0.000221,1,-0.00057,1,-0.000391,1,-0.000749,0.5,,0,,0,,0,-0.002,0.02,-0.001362,0.88,-0.0008,1,-0.000723,1,-0.001081,0.43,,0
2022-01-29,-0.000264,0.33,-0.002,0.67,,0,-0.000596,1,0.000374,1,0.000221,0.67,-0.000111,0.67,,0,,0,,0,0.001728,0.19,-0.000034,1,-0.000647,1,-0.000468,1,0.001574,0.5,,0,,0,,0,-0.002,0.02,-0.00034,0.9,-0.000826,1,-0.000826,1,-0.000417,0.45,,0
2022-02-05,-0.001694,0.33,-0.001872,0.67,,0,-0.000391,0.67,-0.000698,1,-0.00006,1,-0.000264,0.67,,0,,0,,0,0.001243,0.19,-0.00034,1,-0.000979,1,-0.000826,1,-0.000034,0.5,,0,,0,,0,,0,-0.000851,0.9,-0.000902,1,-0.000902,1,-0.000928,0.42,,0
2022-02-12,-0.001209,0.33,-0.00034,0.67,,0,-0.000494,1,-0.000851,1,-0.000723,1,0.000068,0.67,,0,,0,,0,0.002162,0.14,-0.000545,1,-0.000979,1,-0.000315,1,0.003336,0.56,,0,,0,,0,-0.002,0.02,-0.000953,0.9,-0.001106,1,-0.000979,1,-0.000749,0.46,,0
2022-02-19,-0.002,0.33,-0.002,0.67,,0,0.000145,1,-0.00034,1,-0.000366,0.67,-0.000136,0.67,,0,,0,,0,0.001064,0.19,-0.000034,1,-0.000647,1,-0.000545,1,0.000298,0.44,,0,,0,,0,,0,-0.000723,0.88,-0.00103,1,-0.000953,1,-0.000647,0.43,,0
2022-02-26,-0.000749,0.33,-0.001643,0.33,,0,-0.000136,0.67,-0.000443,1,-0.000698,1,-0.000111,0.67,,0,,0,,0,0.000502,0.14,0.000145,1,-0.001004,1,-0.000851,1,-0.000111,0.5,,0,,0,,0,-0.002,0.02,-0.000289,0.91,-0.001183,1,-0.001183,1,-0.000877,0.43,,0
2022-03-05,-0.000647,0.33,-0.001157,0.67,,0,-0.00034,1,-0.000672,1,-0.000851,0.67,-0.000238,0.67,0.001038,0.5,,0,,0,0.000374,0.19,-0.000187,1,-0.000902,1,-0.000851,1,0.000068,0.5,,0,,0,,0,-0.002,0.02,-0.000774,0.91,-0.001132,1,-0.000979,1,-0.000443,0.43,,0
2022-03-12,-0.002,0.33,-0.001974,0.67,,0,-0.000647,0.67,-0.000723,1,-0.000851,0.67,-0.000723,0.67,,0,,0,,0,-0.000672,0.14,-0.000621,1,-0.001132,1,-0.00103,1,-0.000519,0.39,,0,,0,,0,,0,-0.00103,0.88,-0.001336,1,-0.001234,1,-0.001004,0.42,,0
2022-03-19,-0.002,0.33,-0.000647,0.67,,0,0.00017,0.67,-0.000366,1,-0.000162,1,0.000323,0.67,0.004,0.5,,0,,0,0.000962,0.19,-0.000162,1,-0.0008,1,-0.000749,1,0.000451,0.44,,0,,0,,0,-0.002,0.02,-0.000672,0.91,-0.001004,1,-0.00103,1,-0.000136,0.42,,0
2022-03-26,-0.000877,0.33,-0.000928,0.67,,0,0.000272,1,-0.000596,1,0.000247,1,-0.000213,0.67,,0,,0,,0,0.00063,0.19,-0.000213,1,-0.000672,1,-0.000698,1,0.000043,0.56,,0,,0,,0,-0.002,0.02,-0.000723,0.9,-0.000647,1,-0.000774,1,-0.000443,0.45,,0
2022-04-02,,0,0.000094,0.33,,0,0.000247,0.67,-0.000034,1,-0.000238,0.67,-0.000238,0.67,,0,,0,,0,0.000451,0.14,0.000145,1,-0.00057,1,-0.000391,1,0.000068,0.56,,0,,0,,0,,0,-0.000417,0.9,-0.000902,1,-0.000979,1,-0.000953,0.43,,0
2022-04-09,-0.000238,0.33,-0.001617,0.67,,0,0.000502,1,-0.000315,1,0.0004,1,-0.000289,0.67,,0,,0,,0,0.001651,0.19,0.000247,1,-0.00057,1,-0.000391,1,0.000043,0.44,,0,,0,,0,-0.002,0.02,-0.000851,0.91,-0.000877,1,-0.00057,1,-0.000136,0.42,,0
2022-04-16,,0,-0.000289,0.33,,0,-0.000953,0.67,-0.001157,1,-0.001106,0.67,0.000094,0.33,,0,,0,,0,-0.000213,0.1,-0.00103,1,-0.00177,1,-0.001668,1,-0.000111,0.33,,0,,0,,0,,0,-0.001311,0.91,-0.001387,1,-0.001974,1,-0.001719,0.36,,0
2022-04-23,0.000681,0.33,-0.002,0.33,,0,0.001447,1,-0.000111,1,-0.00006,0.67,0.000604,0.67,0.003132,0.5,,0,,0,0.001166,0.1,0.000553,1,-0.000315,1,-0.00034,1,0.001191,0.39,,0,,0,,0,,0,-0.000366,0.88,-0.000417,1,-0.00057,1,-0.000085,0.42,,0
2022-04-30,0.000349,0.33,0.000553,0.67,,0,0.000247,1,-0.000391,1,-0.000366,1,0.000349,0.67,,0,,0,,0,0.000706,0.14,0.000017,1,-0.000723,1,-0.000417,1,0.001115,0.5,,0,,0,,0,,0,-0.00057,0.88,-0.000902,0.96,-0.000621,0.99,-0.000213,0.4,,0
2022-05-07,,0,0.001677,0.67,,0,0.002111,1,0.000094,1,-0.000187,0.67,0.000681,0.67,,0,,0,,0,0.002136,0.1,0.000604,1,-0.000494,1,-0.000596,1,0.000834,0.44,,0,,0,,0,,0,0.000757,0.88,-0.000672,1,-0.00057,1,-0.000111,0.4,,0
2022-05-14,-0.00034,0.33,,0,,0,0.000451,1,-0.000162,1,-0.000315,0.67,0.000911,0.67,,0,,0,,0,0.001983,0.1,0.00086,1,-0.000391,1,-0.000391,1,0.001191,0.5,,0,,0,,0,,0,0.000528,0.88,-0.00057,1,-0.000621,1,0.00017,0.42,,0
2022-05-21,,0,,0,,0,-0.000953,0.67,-0.001234,1,-0.001055,0.67,-0.000774,0.33,,0,,0,,0,,0,-0.000826,1,-0.001234,0.78,-0.000979,1,-0.000009,0.44,,0,,0,,0,,0,-0.000162,0.71,-0.001106,0.97,-0.00103,1,-0.000085,0.37,,0
2022-05-28,-0.001004,0.33,0.000477,0.33,,0,-0.000519,0.67,-0.000213,1,-0.000698,0.67,-0.000621,0.67,,0,,0,,0,0.001345,0.14,-0.000136,1,-0.000315,1,-0.000187,1,0.0004,0.44,,0,,0,,0,0.000655,0.02,-0.000545,0.88,-0.000749,1,-0.000391,1,-0.000289,0.43,,0
2022-06-04,-0.000264,0.33,,0,,0,0.000426,1,-0.000315,1,-0.000468,1,0.000247,0.67,,0,,0,,0,0.001345,0.14,0.00017,1,-0.000315,1,-0.000289,1,0.000987,0.39,,0,,0,,0,,0,0.000094,0.9,-0.000723,1,-0.000749,1,-0.000034,0.4,,0
2022-06-11,,0,-0.000545,0.67,,0,-0.00034,0.67,0.000017,1,-0.000519,0.67,-0.000009,0.67,,0,,0,,0,0.002009,0.14,-0.000085,1,0.001702,1,-0.000774,1,0.000094,0.39,,0,,0,,0,,0,-0.000647,0.88,-0.000238,1,-0.000749,1,-0.00057,0.4,,0
2022-06-18,-0.001923,0.33,-0.001387,0.67,,0,0.001626,1,-0.000111,1,-0.000111,0.67,0.000272,0.67,,0,,0,,0,0.000706,0.1,0.00063,1,-0.00034,1,-0.000928,1,0.000272,0.39,,0,,0,,0,,0,0.000068,0.88,-0.000928,1,-0.000979,1,-0.000443,0.4,,0
2022-06-25,-0.000596,0.33,0.000502,0.67,,0,-0.000289,0.67,-0.000519,1,-0.000596,0.67,-0.000009,0.67,,0,,0,,0,0.000349,0.1,-0.00034,1,-0.00103,1,-0.001004,1,0.000987,0.44,,0,,0,,0,,0,-0.000443,0.9,-0.001183,1,-0.001106,1,-0.000851,0.39,,0
2022-07-02,,0,,0,,0,-0.001209,0.67,-0.00126,1,-0.000545,0.67,-0.00057,0.33,,0,,0,,0,,0,-0.000698,0.29,-0.001209,0.61,-0.000596,0.73,0.000477,0.39,,0,,0,,0,,0,-0.001387,0.2,-0.001387,0.45,-0.001438,0.33,-0.000315,0.3,,0
2022-07-09,,0,-0.000468,0.33,,0,-0.000111,1,-0.000621,1,0.000272,1,-0.000111,0.67,,0,,0,,0,0.003898,0.14,-0.00006,1,-0.000928,1,-0.000979,1,-0.000085,0.44,,0,,0,,0,,0,-0.000417,0.87,-0.001055,1,-0.001055,1,-0.000647,0.42,,0
2022-07-16,-0.001668,0.33,-0.002,0.33,,0,-0.000672,0.67,-0.001004,1,-0.000953,0.67,0.001268,0.33,,0,,0,,0,-0.000315,0.1,-0.000851,1,-0.001081,1,-0.001081,1,-0.000315,0.39,,0,,0,,0,,0,-0.001004,0.81,-0.001132,0.89,-0.001285,1,-0.00126,0.4,,0
2022-07-23,,0,-0.002,0.33,,0,-0.001004,0.67,-0.000979,1,-0.000749,0.67,-0.000545,0.67,,0,,0,,0,0.000145,0.1,-0.000774,1,-0.00103,1,-0.001004,1,-0.000034,0.39,,0,,0,,0,,0,-0.000928,0.87,-0.001209,0.93,-0.001311,0.91,-0.000826,0.36,,0
2022-07-30,,0,,0,,0,0.001855,0.67,0.0004,1,-0.001081,0.67,-0.000187,0.67,,0,,0,,0,0.000298,0.14,-0.00006,1,-0.001081,1,-0.001106,1,-0.00006,0.39,,0,,0,,0,,0,-0.000647,0.9,-0.001234,1,-0.001285,1,-0.000723,0.4,,0
2022-08-07,,0,0.000119,0.33,,0,0.00234,1,-0.000468,1,0.001013,1,0.000655,0.67,,0,,0,,0,0.004,0.14,0.000272,1,-0.001106,1,-0.000953,1,0.000068,0.39,,0,,0,,0,,0,-0.000468,0.88,-0.00126,1,-0.001387,0.91,-0.000979,0.36,,0
2022-08-14,,0,,0,,0,-0.0008,0.67,-0.001209,1,-0.001311,0.67,0.000247,0.33,,0,,0,,0,,0,-0.000264,0.95,-0.001694,0.89,-0.001898,0.77,0.000298,0.39,,0,,0,,0,,0,-0.001132,0.77,-0.001796,0.41,-0.001668,0.17,-0.001336,0.22,,0
2022-08-21,-0.00034,0.33,-0.001157,0.33,,0,-0.00057,1,-0.000443,1,-0.000749,1,-0.00103,0.67,,0,,0,,0,0.000043,0.1,-0.000902,1,-0.00177,1,-0.001668,1,-0.000647,0.39,,0,,0,,0,,0,-0.001055,0.88,-0.00177,1,-0.001591,0.97,-0.001183,0.4,,0
2022-08-28,,0,-0.002,0.33,,0,-0.000928,1,-0.00154,1,-0.001464,0.67,-0.001209,0.67,,0,,0,,0,-0.000928,0.14,-0.001106,0.95,-0.001745,0.89,-0.001617,1,-0.001566,0.39,,0,,0,,0,,0,-0.001004,0.84,-0.001949,0.55,-0.001745,0.81,-0.001285,0.36,,0
2022-09-04,-0.001387,0.33,-0.002,0.33,,0,0.001906,1,-0.001183,1,0.00017,1,0.000119,0.67,,0,,0,,0,-0.000264,0.14,-0.000621,1,-0.00154,1,-0.001387,1,-0.000085,0.5,,0,,0,,0,,0,-0.000877,0.88,-0.001489,1,-0.001362,1,-0.000621,0.42,,0
2022-09-11,,0,-0.001515,0.33,,0,-0.000826,0.67,-0.000877,0.67,-0.000672,0.67,-0.001387,0.67,,0,,0,,0,0.00063,0.1,-0.000162,0.9,-0.001668,0.72,-0.001362,0.95,-0.001157,0.22,,0,,0,,0,,0,-0.000851,0.87,-0.001489,0.78,-0.001694,0.9,-0.00177,0.34,,0
2022-09-18,-0.000238,0.33,-0.000979,0.33,,0,0.000783,1,-0.000928,1,-0.000698,0.67,-0.000111,0.67,,0,,0,,0,0.000987,0.19,-0.000468,1,-0.001055,1,-0.001055,1,-0.000034,0.5,,0,,0,,0,,0,-0.001081,0.88,-0.001285,1,-0.001234,1,-0.000034,0.43,,0
2022-09-25,0.000502,0.33,0.000502,0.67,,0,0.00063,1,-0.000111,1,-0.000085,1,0.000247,0.67,,0,,0,,0,0.000936,0.19,-0.000136,1,-0.001055,1,-0.001055,1,0.001064,0.44,,0,,0,,0,,0,-0.00006,0.91,-0.001234,1,-0.00126,1,-0.000749,0.43,,0
2022-10-02,0.000732,0.33,0.00114,0.67,,0,0.001396,1,-0.00006,1,-0.000238,1,0.000655,0.67,-0.000136,0.5,,0,,0,0.001804,0.19,0.000247,1,-0.000621,1,-0.000596,1,0.000834,0.5,,0,,0,,0,0.000349,0.02,0.000094,0.91,-0.000928,1,-0.0008,1,-0.000162,0.46,,0
2022-10-09,-0.000111,0.33,0.002111,0.67,,0,0.000426,1,-0.000417,1,-0.000366,0.67,-0.000034,0.67,0.003132,0.5,,0,,0,0.001115,0.19,-0.000009,1,-0.000826,1,-0.0008,1,0.000145,0.39,,0,,0,,0,,0,0.000017,0.9,-0.001106,1,-0.001055,1,-0.000391,0.42,,0
2022-10-16,-0.000034,0.33,-0.00006,0.67,,0,0.000298,0.67,-0.000238,1,-0.000494,0.67,-0.00034,0.67,,0,,0,,0,0.000145,0.14,0.000247,1,-0.001209,1,-0.000953,1,0.000757,0.56,,0,,0,,0,,0,-0.00057,0.88,-0.00126,1,-0.001234,1,-0.0008,0.4,,0
2022-10-23,-0.000774,0.33,0.000094,0.67,,0,-0.00006,0.67,-0.000545,1,-0.000494,0.67,0.000221,0.67,,0,,0,,0,0.000553,0.14,-0.000264,1,-0.000928,1,-0.0008,1,0.000528,0.44,,0,,0,,0,,0,-0.000647,0.88,-0.001106,1,-0.001055,1,-0.000672,0.39,,0
2022-10-30,-0.000596,0.33,0.000502,0.67,,0,-0.00034,0.67,-0.000494,1,-0.000672,0.67,-0.000009,0.67,,0,,0,,0,0.000553,0.1,-0.000366,1,-0.001055,1,-0.000877,1,0.000196,0.44,,0,,0,,0,,0,-0.000009,0.9,-0.001183,1,-0.001157,1,-0.001132,0.39,,0
2022-11-06,0.00017,0.33,-0.000749,0.67,,0,-0.000366,0.67,-0.000621,1,-0.000851,1,-0.000621,0.67,,0,,0,,0,0.000247,0.19,-0.000136,1,-0.000928,1,-0.000979,1,-0.000494,0.5,,0,,0,,0,,0,-0.000519,0.9,-0.001081,1,-0.001106,1,-0.000953,0.4,,0
2022-11-13,0.000145,0.33,-0.000238,0.67,,0,-0.000672,0.67,-0.000902,1,-0.000468,1,-0.000366,0.67,,0,,0,,0,-0.000009,0.14,-0.000545,1,-0.001055,1,-0.000902,1,-0.000034,0.5,,0,,0,,0,,0,-0.000315,0.88,-0.001055,1,-0.001157,1,-0.000851,0.39,,0
2022-11-20,-0.00034,0.33,-0.001974,0.67,,0,-0.000443,0.67,-0.000774,1,-0.001004,0.67,-0.000187,0.67,,0,,0,,0,0.000196,0.1,-0.000136,1,-0.001132,1,-0.001055,1,-0.000417,0.39,,0,,0,,0,,0,-0.00103,0.88,-0.001234,1,-0.001157,1,-0.000774,0.42,,0
2022-11-27,,0,-0.001234,0.67,,0,-0.00034,1,-0.000851,1,-0.000774,1,-0.000443,0.67,-0.000979,0.5,,0,,0,0.000068,0.19,-0.000647,1,-0.001311,1,-0.000928,1,-0.000494,0.44,,0,,0,,0,,0,-0.001234,0.88,-0.001464,1,-0.001438,1,-0.001055,0.45,,0
2022-12-04,-0.000596,0.33,-0.002,0.67,,0,0.000043,1,-0.000928,1,-0.000877,0.67,-0.000953,0.67,,0,,0,,0,0.00063,0.1,-0.00006,1,-0.000979,1,-0.001055,1,-0.000596,0.39,,0,,0,,0,,0,-0.000749,0.9,-0.000979,1,-0.001132,1,-0.001157,0.4,,0
2022-12-11,,0,-0.001949,0.33,,0,-0.001362,0.67,-0.00154,1,-0.001438,0.67,-0.001566,0.33,,0,,0,,0,-0.000953,0.1,-0.000826,0.95,-0.001489,0.89,-0.001234,0.77,-0.000877,0.33,,0,,0,,0,,0,-0.0008,0.9,-0.001183,1,-0.001285,0.94,-0.001413,0.37,,0
2022-12-18,0.000834,0.33,0.000374,0.67,,0,0.0016,1,-0.000009,1,0.00017,0.67,0.00114,0.67,,0,,0,,0,0.001498,0.14,0.000323,1,-0.000366,1,-0.000111,1,0.000783,0.44,,0,,0,,0,,0,-0.000519,0.88,-0.000749,1,-0.000647,1,-0.000136,0.42,,0
2022-12-25,-0.000877,0.33,-0.000443,0.67,,0,0.001983,1,0.000247,1,0.001191,1,0.001243,0.67,,0,,0,,0,0.001677,0.1,0.000655,1,-0.000621,1,-0.000187,1,0.001013,0.56,,0,,0,,0,,0,-0.000085,0.9,-0.000953,0.64,-0.0008,1,-0.00034,0.42,,0
2023-01-01,-0.001515,0.33,-0.002,0.67,,0,-0.000749,1,-0.000979,1,-0.000749,1,-0.000519,0.67,,0,,0,,0,0.000017,0.19,-0.00057,1,-0.001081,1,-0.001132,1,-0.000443,0.44,,0,,0,,0,,0,-0.001132,0.9,-0.001157,0.96,-0.001106,0.99,-0.001055,0.42,,0
2023-01-08,-0.001183,0.33,0.001421,0.67,,0,0.000426,0.67,-0.000009,1,0.000579,1,0.000655,0.67,,0,,0,,0,0.003132,0.14,0.000247,1,-0.000545,1,-0.000187,1,0.000757,0.5,,0,,0,,0,,0,-0.00057,0.9,-0.000774,1,-0.000698,1,-0.000213,0.4,,0
2023-01-15,-0.001643,0.33,-0.001285,0.67,,0,0.00017,1,-0.000545,1,0.000043,1,-0.000289,0.67,0.004,0.5,,0,,0,0.000936,0.14,-0.000111,1,-0.000851,1,-0.0008,1,-0.000213,0.5,,0,,0,,0,,0,-0.000774,0.9,-0.001055,1,-0.001004,1,-0.000826,0.43,,0
2023-01-22,-0.001745,0.33,-0.002,0.33,,0,-0.000698,1,-0.000979,1,-0.000902,0.67,-0.000698,0.67,,0,,0,,0,0.000221,0.14,-0.000851,1,-0.001004,1,-0.000953,1,-0.00034,0.39,,0,,0,,0,,0,-0.001132,0.9,-0.001081,1,-0.001183,0.81,-0.002,0.16,,0
2023-01-29,-0.000519,0.33,-0.001566,0.67,,0,-0.000621,1,-0.001157,1,-0.001081,1,-0.001183,0.67,-0.001438,0.5,,0,,0,-0.000468,0.1,-0.000749,1,-0.001157,1,-0.001183,1,-0.000928,0.44,,0,,0,,0,,0,-0.001234,0.9,-0.001183,1,-0.001132,1,-0.001285,0.42,,0
2023-02-05,-0.002,0.33,,0,,0,-0.000111,1,-0.000953,1,-0.000391,1,-0.000723,0.67,,0,,0,,0,-0.000187,0.19,-0.000698,1,-0.001157,1,-0.001081,1,-0.000519,0.39,,0,,0,,0,,0,-0.001081,0.88,-0.001106,1,-0.001157,1,-0.001234,0.4,,0
2023-02-12,-0.002,0.33,-0.002,0.67,,0,0.000349,0.67,-0.000238,1,-0.000213,0.67,0.000757,0.67,,0,,0,,0,0.000911,0.1,0.000451,1,-0.000723,1,-0.000621,1,0.001217,0.5,,0,,0,,0,,0,-0.000596,0.87,-0.001055,1,-0.000902,1,-0.000289,0.42,,0
2023-02-19,-0.002,0.33,0.000655,0.67,,0,-0.00006,1,-0.000596,1,0.000553,1,0.000604,0.67,-0.002,0.5,,0,,0,0.00063,0.19,-0.00034,1,-0.00103,1,-0.000774,1,0.000323,0.5,,0,,0,,0,,0,-0.001234,0.93,-0.001157,1,-0.001132,1,-0.000647,0.43,,0
2023-02-26,-0.001872,0.33,-0.002,0.33,,0,-0.000647,1,-0.000749,1,-0.001387,0.67,-0.000774,0.67,-0.001745,0.5,,0,,0,-0.001464,0.14,-0.001004,1,-0.001183,0.94,-0.001157,0.95,-0.00057,0.44,,0,,0,,0,,0,-0.001209,0.9,-0.001209,1,-0.001285,0.93,-0.00177,0.39,,0
2023-03-05,-0.00154,0.33,-0.002,0.33,,0,-0.00126,1,-0.001234,1,-0.001234,0.67,-0.002,0.67,,0,,0,,0,-0.001974,0.14,-0.00126,1,-0.001311,1,-0.001311,1,-0.001464,0.44,,0,,0,,0,,0,-0.00126,0.9,-0.001336,1,-0.001387,1,-0.001694,0.42,,0
2023-03-12,,0,,0,,0,-0.002,0.33,-0.002,0.33,-0.002,0.33,-0.001694,0.67,,0,,0,,0,-0.002,0.05,-0.001438,0.76,-0.001847,1,-0.002,1,-0.001694,0.39,,0,,0,,0,,0,-0.001209,0.87,-0.001821,0.97,-0.00177,0.99,-0.001923,0.19,,0
2023-03-20,0.001472,0.33,0.000528,0.67,,0,0.000247,1,-0.000621,1,-0.000391,1,0.000247,0.67,,0,,0,,0,0.001191,0.14,0.000043,1,-0.001004,1,-0.000826,1,0.000349,0.44,,0,,0,,0,,0,-0.000417,0.9,-0.001055,1,-0.00103,1,-0.000391,0.39,,0
2023-03-27,-0.001745,0.33,-0.002,0.33,,0,-0.000366,0.67,-0.000672,1,-0.0008,0.67,0.000196,0.33,,0,,0,,0,0.000757,0.14,-0.000238,1,-0.001157,1,-0.001106,1,0.000426,0.39,,0,,0,,0,,0,-0.000315,0.9,-0.001081,1,-0.001209,1,-0.000621,0.39,,0
2023-04-03,-0.001745,0.33,,0,,0,-0.000519,0.67,-0.000723,1,-0.000902,0.67,-0.000289,0.33,,0,,0,,0,0.000451,0.05,-0.000443,1,-0.001362,1,-0.001157,0.91,-0.000213,0.33,,0,,0,,0,,0,-0.000774,0.88,-0.001387,0.99,-0.001413,1,-0.000698,0.33,,0
2023-04-10,-0.000698,0.33,,0,,0,-0.000774,0.67,-0.00103,0.33,,0,-0.001285,0.33,,0,,0,,0,-0.000187,0.05,-0.000621,0.86,-0.001157,0.94,-0.001285,0.55,-0.001362,0.28,,0,,0,,0,,0,-0.000826,0.87,-0.00126,0.85,-0.001362,0.51,-0.001285,0.28,,0
2023-04-17,,0,,0,,0,-0.000953,0.67,-0.001209,1,-0.001234,0.67,-0.000621,0.67,,0,,0,,0,0.000349,0.14,-0.000877,1,-0.001004,1,-0.001004,1,-0.00057,0.5,,0,,0,,0,,0,-0.001183,0.88,-0.00103,1,-0.001004,1,-0.001643,0.39,,0
2023-04-24,-0.000162,0.33,0.00063,0.33,,0,0.000068,1,-0.000494,1,-0.00006,1,0.000477,0.67,,0,,0,,0,0.000911,0.14,0.000272,1,-0.000723,1,-0.000723,1,0.000809,0.44,,0,,0,,0,-0.000545,0.02,0.000221,0.91,-0.000902,1,-0.000851,1,-0.000519,0.42,,0
2023-05-01,,0,0.000068,0.33,,0,-0.000034,1,-0.000519,1,-0.000391,1,0.000068,0.67,0.00063,0.5,,0,,0,0.000374,0.14,0.000247,1,-0.000647,1,-0.000621,1,0.000579,0.5,,0,,0,,0,,0,-0.000723,0.88,-0.000723,1,-0.000698,1,-0.000391,0.42,,0
2023-05-08,,0,0.000247,0.33,,0,0.000579,0.67,-0.000009,1,-0.000034,0.67,0.000809,0.67,,0,,0,,0,0.001268,0.1,0.00063,1,-0.0008,1,-0.000647,1,0.000783,0.44,,0,,0,,0,,0,-0.000136,0.88,-0.001132,1,-0.001081,1,-0.000162,0.37,,0
2023-05-15,,0,,0,,0,-0.000596,0.67,-0.000723,1,-0.000723,0.67,0.000221,0.67,,0,,0,,0,0.001166,0.05,-0.000162,1,-0.001285,1,-0.001055,1,0.000834,0.44,,0,,0,,0,,0,-0.000545,0.87,-0.001515,1,-0.001285,1,-0.000034,0.39,,0
2023-05-22,,0,,0,,0,-0.000621,0.67,-0.001183,1,-0.001209,0.67,-0.000672,0.67,,0,,0,,0,0.000374,0.1,-0.000877,1,-0.001234,1,-0.001234,1,-0.000468,0.39,,0,,0,,0,,0,-0.001336,0.88,-0.000979,1,-0.001183,1,-0.000902,0.39,,0
2023-05-29,0.000732,0.33,,0,,0,0.000196,0.67,-0.000545,1,0.000094,1,0.000094,0.67,,0,,0,,0,0.002111,0.1,0.000911,1,-0.00103,1,-0.001004,1,0.000247,0.39,,0,,0,,0,,0,0.000502,0.9,-0.001285,1,-0.001183,1,-0.000443,0.39,,0
2023-06-05,,0,,0,,0,-0.001106,0.67,-0.001081,1,-0.001081,0.67,-0.00057,0.33,,0,,0,,0,,0,-0.001106,0.81,-0.001209,1,-0.001183,1,-0.000647,0.39,,0,,0,,0,,0,-0.001004,0.83,-0.001362,1,-0.001234,1,-0.000979,0.39,,0
2023-06-12,,0,,0,,0,-0.001106,0.67,-0.001183,1,-0.001209,0.67,-0.000494,0.67,,0,,0,,0,-0.000417,0.1,-0.000902,1,-0.001413,1,-0.001285,1,-0.000596,0.39,,0,,0,,0,,0,-0.001285,0.87,-0.001413,1,-0.001413,1,-0.001387,0.37,,0
2023-06-19,,0,,0,,0,-0.000519,0.67,-0.001311,0.67,-0.001106,0.67,0.000043,0.67,,0,,0,,0,0.001166,0.1,0.000145,0.76,-0.001566,0.94,-0.001438,1,-0.000111,0.33,,0,,0,,0,,0,-0.000749,0.88,-0.00154,1,-0.001464,0.96,-0.001106,0.34,,0
2023-06-26,,0,,0,,0,-0.000902,0.67,-0.001362,1,-0.001234,0.67,0.000094,0.67,,0,,0,,0,0.001013,0.1,0.000119,1,-0.001515,1,-0.001413,1,-0.000289,0.39,,0,,0,,0,,0,-0.000289,0.88,-0.001591,1,-0.00177,0.99,-0.001285,0.39,,0
2023-07-03,-0.002,0.33,-0.002,0.33,,0,-0.000851,0.67,-0.001081,1,-0.001234,0.67,-0.000545,0.67,,0,,0,,0,0.000502,0.1,-0.0008,1,-0.001515,1,-0.001438,1,-0.000238,0.39,,0,,0,,0,,0,-0.000979,0.9,-0.001923,1,-0.001643,1,-0.001311,0.4,,0
2023-07-10,,0,,0,,0,-0.00154,0.67,-0.001821,1,-0.001923,0.67,,0,,0,,0,,0,-0.000698,0.1,-0.001438,1,-0.001847,1,-0.001847,1,-0.001106,0.33,,0,,0,,0,,0,-0.000468,0.68,-0.001745,0.81,-0.001668,0.97,-0.001745,0.33,,0
2023-07-17,,0,,0,,0,-0.00154,0.67,-0.002,1,-0.002,0.67,,0,,0,,0,,0,-0.000979,0.1,-0.001209,0.95,-0.001923,1,-0.001821,1,-0.001745,0.39,,0,,0,,0,,0,-0.001821,0.84,-0.001847,0.47,-0.001694,0.84,-0.001847,0.4,,0
2023-07-24,,0,-0.002,0.33,,0,-0.001413,0.67,-0.001438,1,-0.001438,0.67,-0.000366,0.67,,0,,0,,0,0.000068,0.1,-0.00126,1,-0.00154,1,-0.00154,1,-0.00006,0.39,,0,,0,,0,,0,-0.001489,0.88,-0.001821,1,-0.00177,1,-0.001004,0.39,,0
2023-07-31,-0.002,0.33,-0.002,0.33,,0,-0.001311,0.67,-0.001387,1,-0.001566,0.67,-0.000826,0.67,,0,,0,,0,-0.000238,0.1,-0.000877,1,-0.001566,1,-0.001515,1,-0.000136,0.39,,0,,0,,0,,0,-0.000596,0.88,-0.00154,1,-0.001413,1,-0.000698,0.42,,0
2023-08-07,,0,,0,,0,-0.000596,0.67,-0.001004,1,-0.000953,0.67,-0.00057,0.67,,0,,0,,0,0.000451,0.14,-0.000289,1,-0.001464,1,-0.001413,1,-0.000979,0.33,,0,,0,,0,,0,-0.000519,0.88,-0.001591,1,-0.001617,1,-0.000877,0.39,,0
2023-08-14,-0.00057,0.33,,0,,0,-0.000877,0.67,-0.001157,1,-0.001055,0.67,-0.000443,0.67,,0,,0,,0,-0.000213,0.1,-0.001004,1,-0.001336,1,-0.001209,1,-0.000264,0.44,,0,,0,,0,,0,-0.000826,0.88,-0.00154,1,-0.001566,1,-0.001362,0.39,,0
2023-08-21,-0.000723,0.33,-0.001821,0.33,,0,-0.000902,0.67,-0.000953,1,-0.00103,0.67,0.000068,0.67,,0,,0,,0,0.000604,0.1,-0.000826,1,-0.001438,1,-0.001183,1,0.000221,0.5,,0,,0,,0,,0,-0.001004,0.87,-0.001643,1,-0.001515,1,-0.000468,0.39,,0
2023-08-28,-0.001821,0.33,-0.001745,0.67,,0,-0.001566,0.67,-0.001591,1,-0.001464,0.67,-0.001515,0.67,,0,,0,,0,-0.000902,0.1,-0.001183,1,-0.00154,1,-0.001591,1,-0.001285,0.39,,0,,0,,0,,0,-0.00126,0.9,-0.001617,1,-0.001617,1,-0.001336,0.4,,0
2023-09-04,-0.00177,0.33,,0,,0,-0.001643,0.67,-0.001719,1,-0.001719,0.67,-0.00154,0.67,,0,,0,,0,-0.001183,0.1,-0.001617,1,-0.001643,1,-0.001872,1,-0.001515,0.44,,0,,0,,0,,0,-0.001694,0.88,-0.001515,1,-0.001617,0.97,-0.001923,0.39,,0
2023-09-11,-0.001234,0.33,0.000757,0.33,,0,-0.000468,1,-0.000826,1,-0.000698,0.67,0.000017,0.67,,0,,0,,0,0.00086,0.1,-0.000238,1,-0.001438,1,-0.001362,1,0.000272,0.44,,0,,0,,0,,0,-0.000953,0.88,-0.001464,1,-0.001719,1,-0.001106,0.42,,0
2023-09-18,-0.00057,0.33,,0,,0,-0.000647,1,-0.001336,1,-0.001311,0.67,-0.000902,0.67,,0,,0,,0,-0.000596,0.1,-0.001132,1,-0.001464,1,-0.001209,1,-0.00057,0.39,,0,,0,,0,,0,-0.001183,0.88,-0.001183,1,-0.001311,1,-0.001004,0.4,,0
2023-09-25,0.000017,0.33,,0,,0,-0.00034,1,-0.000902,1,-0.000443,1,0.000221,0.67,,0,,0,,0,0.001574,0.14,-0.000136,1,-0.001132,1,-0.001106,1,0.000528,0.39,,0,,0,,0,,0,-0.000877,0.88,-0.001362,1,-0.001285,1,-0.000902,0.39,,0
2023-10-02,0.000426,0.33,0.004,0.67,,0,0.001396,1,0.000477,1,-0.00006,0.67,-0.000009,0.67,,0,,0,,0,0.002085,0.14,-0.000187,1,-0.001132,1,-0.000723,1,0.001345,0.44,,0,,0,,0,,0,-0.001106,0.9,-0.00126,0.82,-0.001209,0.97,-0.000085,0.39,,0
2023-10-09,-0.00057,0.33,,0,,0,-0.000672,0.67,-0.001004,1,-0.000672,1,-0.000647,0.67,,0,,0,,0,0.000349,0.14,-0.000315,1,-0.0008,1,-0.000774,1,-0.000136,0.39,,0,,0,,0,,0,-0.000902,0.81,-0.001234,0.97,-0.000826,1,-0.000621,0.39,,0
2023-10-16,-0.000596,0.33,-0.002,0.67,,0,0.000962,1,-0.001285,1,-0.000162,1,-0.000366,0.67,,0,,0,,0,0.000374,0.1,-0.000723,1,-0.000928,1,-0.000851,1,0.000017,0.39,,0,,0,,0,,0,-0.000723,0.9,-0.001311,0.9,-0.001209,0.64,-0.000545,0.39,,0
2023-10-23,-0.000519,0.33,0.000017,0.67,,0,-0.000443,0.67,-0.000647,1,-0.000545,0.67,0.000221,0.67,0.001064,0.5,,0,,0,0.000604,0.19,-0.000289,1,-0.001004,1,-0.000826,1,0.000451,0.39,,0,,0,,0,-0.001234,0.02,-0.00057,0.88,-0.001004,1,-0.001004,1,-0.000468,0.42,,0
2023-10-30,-0.000391,0.33,-0.000187,0.67,,0,0.000145,0.67,-0.000213,1,-0.00034,1,0.000502,0.67,,0,,0,,0,0.001243,0.19,0.000043,1,-0.0008,1,-0.000723,1,0.000706,0.5,,0,,0,,0,,0,-0.000315,0.88,-0.001106,1,-0.000928,1,-0.000851,0.4,,0
2023-11-06,-0.000494,0.33,-0.000698,0.67,,0,0.000145,0.67,-0.00034,1,-0.000315,0.67,0.000604,0.67,,0,,0,,0,0.001906,0.14,0.000936,1,-0.000621,1,-0.000647,1,-0.000009,0.5,,0,,0,,0,,0,0.000374,0.9,-0.001081,1,-0.001132,1,-0.000672,0.4,,0
2023-11-13,-0.001004,0.33,0.000298,0.67,,0,0.000196,1,-0.0008,1,0.000068,1,-0.000315,0.67,,0,,0,,0,0.000579,0.14,-0.000315,1,-0.000979,1,-0.000877,1,-0.000034,0.44,,0,,0,,0,,0,-0.000417,0.88,-0.001209,0.9,-0.001106,1,-0.00057,0.4,,0
2023-11-20,0.000477,0.33,-0.001132,0.33,,0,-0.000443,0.67,-0.000749,1,-0.000851,0.67,-0.000443,0.67,,0,,0,,0,0.000043,0.1,-0.000596,1,-0.000953,1,-0.000826,1,-0.000443,0.44,,0,,0,,0,,0,-0.001183,0.88,-0.001081,1,-0.001081,1,-0.0008,0.4,,0
2023-11-27,0.000145,0.33,-0.000647,0.67,,0,-0.000238,1,-0.00057,1,-0.00034,1,-0.000289,0.67,,0,,0,,0,0.000119,0.1,-0.000136,1,-0.000953,1,-0.000851,1,-0.000034,0.39,,0,,0,,0,-0.002,0.02,-0.00126,0.77,-0.00177,0.77,-0.001209,0.94,-0.000979,0.33,,0
2023-12-04,-0.000953,0.33,-0.002,0.33,,0,-0.000621,0.67,-0.000877,1,-0.000774,0.67,-0.000111,0.67,,0,,0,,0,-0.000162,0.1,-0.000264,1,-0.000902,1,-0.00103,1,0.000119,0.44,,0,,0,,0,,0,-0.001157,0.9,-0.001106,1,-0.001157,1,-0.000877,0.39,,0
2023-12-11,-0.000238,0.33,-0.001821,0.33,,0,-0.000519,0.67,-0.000826,1,-0.000494,1,-0.000136,0.67,,0,,0,,0,0.0004,0.14,-0.000468,1,-0.000979,1,-0.000928,1,-0.000034,0.39,,0,,0,,0,,0,-0.001004,0.91,-0.001055,1,-0.001055,1,-0.000698,0.39,,0
2023-12-18,0.000068,0.33,-0.000136,0.33,,0,0.000043,1,-0.000443,1,-0.000826,0.67,-0.000213,0.67,,0,,0,,0,-0.000315,0.1,-0.000826,1,-0.000851,1,-0.000877,1,-0.000085,0.39,,0,,0,,0,,0,-0.001234,0.88,-0.001209,1,-0.001106,1,-0.000851,0.39,,0
2023-12-25,-0.0008,0.33,-0.001183,0.67,,0,0.000732,0.67,-0.000953,1,-0.000213,1,-0.000443,0.67,,0,,0,,0,0.000068,0.14,0.000119,1,-0.001209,1,-0.001157,1,0.000068,0.39,,0,,0,,0,,0,-0.000621,0.9,-0.001209,1,-0.001157,1,-0.000596,0.4,,0
2024-01-01,0.00137,0.33,-0.000928,0.67,,0,0.000221,1,-0.000213,1,0.000094,0.67,-0.0008,0.67,0.004,0.5,,0,,0,0.00137,0.14,0.000119,1,-0.000698,1,-0.000749,1,-0.000366,0.44,,0,,0,,0,,0,-0.001106,0.91,-0.001311,0.75,-0.001209,1,-0.001055,0.39,,0
2024-01-09,0.000119,0.33,-0.000289,0.33,,0,-0.000034,1,-0.000545,1,-0.000494,0.67,-0.000111,0.67,,0,,0,,0,0.000681,0.1,0.000094,1,-0.001081,1,-0.000902,1,0.000145,0.44,,0,,0,,0,,0,-0.000826,0.9,-0.001311,1,-0.001183,1,-0.000596,0.39,,0
2024-01-16,-0.002,0.33,-0.002,0.67,,0,-0.002,0.67,-0.002,1,-0.001974,0.67,-0.001694,0.67,-0.001872,0.5,,0,,0,-0.002,0.19,-0.001515,1,-0.000851,1,-0.001157,1,-0.001362,0.39,,0,,0,,0,,0,-0.001694,0.88,-0.001234,0.93,-0.001183,1,-0.001413,0.39,,0
2024-01-23,-0.002,0.33,-0.002,0.33,,0,-0.001566,0.67,-0.001157,1,-0.001643,0.67,-0.001004,0.67,,0,,0,,0,-0.001362,0.19,-0.00126,1,-0.001183,1,-0.001132,1,-0.000647,0.39,,0,,0,,0,,0,-0.001515,0.88,-0.001132,1,-0.001132,1,-0.001106,0.39,,0
2024-01-30,-0.002,0.33,-0.002,0.33,,0,0.000043,1,-0.000596,1,-0.000545,0.67,0.00063,0.67,,0,,0,,0,0.001294,0.1,0.000579,1,-0.000928,1,-0.000417,1,0.000809,0.39,,0,,0,,0,,0,-0.000443,0.88,-0.00126,1,-0.001081,0.99,-0.000468,0.39,,0
2024-02-06,,0,-0.002,0.33,,0,-0.001055,0.67,-0.001515,1,-0.000979,0.67,-0.001055,0.67,,0,,0,,0,-0.000111,0.1,-0.000723,1,-0.001234,1,-0.001081,1,-0.000391,0.39,,0,,0,,0,,0,-0.001387,0.88,-0.001438,1,-0.001311,1,-0.00103,0.39,,0
2024-02-13,,0,,0,,0,-0.001132,0.67,-0.001489,1,-0.001285,0.67,-0.00103,0.67,,0,,0,,0,-0.000826,0.1,-0.00103,1,-0.001183,1,-0.001311,1,-0.000979,0.39,,0,,0,,0,,0,-0.001311,0.9,-0.001311,1,-0.001362,1,-0.001234,0.39,,0
2024-02-20,-0.002,0.33,-0.002,0.67,,0,-0.001413,1,-0.001285,1,-0.001515,1,-0.001183,0.67,-0.002,0.5,,0,,0,-0.000672,0.14,-0.001183,1,-0.001106,1,-0.001183,1,-0.000596,0.44,,0,,0,,0,,0,-0.001336,0.9,-0.001132,1,-0.001157,1,-0.001106,0.42,,0
2024-02-27,-0.002,0.33,-0.002,0.33,,0,-0.000494,1,-0.001157,1,-0.000979,1,-0.00057,0.67,,0,,0,,0,-0.000289,0.14,-0.000877,1,-0.001413,1,-0.00126,1,-0.000391,0.44,,0,,0,,0,-0.002,0.02,-0.001285,0.9,-0.001336,1,-0.001362,1,-0.001234,0.4,,0
2024-03-05,,0,,0,,0,-0.001821,0.67,-0.002,0.33,-0.002,0.33,,0,,0,,0,,0,-0.001694,0.1,-0.001872,0.38,-0.001974,0.5,-0.002,0.14,,0,,0,,0,,0,,0,-0.002,0.03,-0.001949,0.64,-0.002,0.7,-0.002,0.07,,0
2024-03-12,-0.000519,0.33,-0.002,0.33,,0,-0.000417,1,-0.000621,1,-0.001081,0.67,-0.000979,0.67,,0,,0,,0,-0.000034,0.14,-0.000468,1,-0.001183,1,-0.001234,1,-0.000264,0.39,,0,,0,,0,,0,-0.001081,0.9,-0.001183,1,-0.001183,1,-0.000979,0.37,,0
2024-03-19,-0.002,0.33,-0.002,0.67,,0,-0.000187,0.67,-0.000902,1,-0.000979,0.67,-0.000391,0.67,,0,,0,,0,0.000298,0.14,-0.000162,1,-0.001055,1,-0.000979,1,-0.00006,0.44,,0,,0,,0,,0,-0.001132,0.9,-0.00103,1,-0.00103,1,-0.000749,0.39,,0
2024-03-26,,0,,0,,0,0.000247,0.67,-0.000826,1,-0.000723,0.67,-0.001234,0.33,,0,,0,,0,0.001728,0.1,-0.000085,1,-0.00126,1,-0.001132,1,0.000272,0.39,,0,,0,,0,,0,-0.000545,0.87,-0.001438,1,-0.001515,1,-0.000723,0.34,,0
2024-04-02,-0.00154,0.33,-0.000213,0.67,,0,-0.00006,1,-0.000723,1,-0.000774,1,-0.000621,0.67,-0.001209,0.5,,0,,0,0.000732,0.19,-0.000545,1,-0.000851,1,-0.001004,1,-0.000238,0.5,,0,,0,,0,,0,-0.000877,0.91,-0.0008,1,-0.000928,1,-0.000928,0.42,,0
2024-04-09,-0.000085,0.33,-0.001234,0.67,,0,-0.000238,0.67,-0.000596,1,-0.000417,0.67,-0.000443,0.67,,0,,0,,0,0.001677,0.19,-0.000187,1,-0.000647,1,-0.0008,1,0.000349,0.39,,0,,0,,0,,0,-0.000213,0.9,-0.000749,1,-0.0008,1,-0.000366,0.42,,0
2024-04-16,-0.001209,0.33,-0.002,0.33,,0,0.000349,1,-0.00057,1,-0.00034,1,0.001013,0.67,,0,,0,,0,0.002391,0.14,0.00017,1,-0.001081,1,-0.000979,1,0.001268,0.5,,0,,0,,0,,0,-0.001234,0.88,-0.001106,1,-0.001055,1,-0.001106,0.42,,0
2024-04-23,0.000528,0.33,-0.00177,0.33,,0,0.000119,0.67,-0.000749,1,-0.000826,0.67,0.000094,0.67,,0,,0,,0,0.000911,0.14,0.00017,1,-0.000953,1,-0.000851,1,0.000349,0.44,,0,,0,,0,,0,-0.000596,0.9,-0.001132,1,-0.001106,1,-0.000443,0.39,,0
2024-04-30,-0.002,0.33,-0.002,0.33,,0,0.001906,1,-0.000723,1,0.000272,1,0.00017,0.67,-0.00103,0.5,,0,,0,0.000502,0.14,-0.000315,1,-0.001132,1,-0.001106,1,0.000068,0.44,,0,,0,,0,,0,-0.000826,0.9,-0.001209,1,-0.001209,1,-0.001132,0.39,,0
2024-05-07,,0,0.000553,0.33,,0,-0.000366,1,-0.000902,1,-0.000723,1,-0.000877,0.67,0.000094,0.5,,0,,0,0.000757,0.14,-0.000749,1,-0.001183,1,-0.00126,1,-0.000621,0.5,,0,,0,,0,,0,-0.000826,0.9,-0.001132,1,-0.001183,1,-0.001132,0.37,,0
2024-05-14,,0,,0,,0,-0.00034,0.33,-0.001209,0.67,-0.001055,0.67,,0,,0,,0,,0,0.002315,0.1,-0.000468,0.67,-0.001336,0.89,-0.001183,0.91,0.000579,0.44,,0,,0,,0,,0,-0.00126,0.2,-0.001285,0.97,-0.001285,1,0.000196,0.36,,0
2024-05-21,-0.000519,0.33,-0.002,0.33,,0,-0.000494,1,-0.000979,1,-0.000621,1,0.000119,0.67,-0.000391,0.5,,0,,0,0.00086,0.1,-0.000519,1,-0.001157,1,-0.001157,1,0.000502,0.44,,0,,0,,0,,0,-0.000877,0.88,-0.001132,1,-0.000749,1,-0.001157,0.4,,0
2024-05-28,-0.001617,0.33,,0,,0,-0.000723,0.67,-0.001183,1,-0.00034,0.67,0.000885,0.67,,0,,0,,0,-0.000391,0.1,-0.000723,1,-0.001106,1,-0.00103,1,0.000732,0.44,,0,,0,,0,,0,-0.000672,0.88,-0.001234,1,-0.001234,1,-0.000928,0.42,,0
2024-06-04,-0.002,0.33,,0,,0,-0.0008,0.67,-0.001004,1,-0.000213,1,-0.000596,0.67,,0,,0,,0,-0.000136,0.1,-0.000774,1,-0.001132,1,-0.001081,1,0.000094,0.39,,0,,0,,0,,0,-0.001106,0.83,-0.001336,1,-0.001464,1,-0.001004,0.39,,0
2024-06-11,,0,,0,,0,-0.000187,0.67,-0.000519,1,0.000426,1,0.000706,0.67,,0,,0,,0,0.001243,0.14,-0.000111,1,-0.000953,1,-0.0008,1,0.000732,0.44,,0,,0,,0,-0.000519,0.02,0.000145,0.9,-0.00126,1,-0.001234,1,-0.000902,0.39,,0
2024-06-18,,0,,0,,0,-0.000213,0.67,-0.000749,1,-0.000647,0.67,0.000221,0.67,0.000579,0.5,,0,,0,0.001089,0.14,-0.000238,1,-0.001209,1,-0.001132,1,0.000451,0.39,,0,,0,,0,,0,-0.000596,0.88,-0.001387,1,-0.001515,1,-0.00057,0.42,,0
2024-06-25,,0,-0.001719,0.33,,0,0.000145,0.67,-0.000264,1,-0.00034,1,0.000936,0.67,,0,,0,,0,0.0016,0.1,0.000298,1,-0.000953,1,-0.000826,1,0.000681,0.39,,0,,0,,0,,0,-0.000468,0.88,-0.001055,1,-0.001081,1,-0.000851,0.39,,0
2024-07-06,,0,,0,,0,-0.0008,0.67,-0.000928,1,-0.000851,1,-0.000391,0.67,,0,,0,,0,0.000221,0.1,-0.000443,1,-0.001234,1,-0.001183,1,-0.000213,0.44,,0,,0,,0,,0,-0.000315,0.88,-0.001157,1,-0.001438,1,-0.001132,0.39,,0
2024-07-13,,0,,0,,0,-0.001132,0.33,-0.000391,0.67,-0.000417,0.33,,0,,0,,0,,0,0.001013,0.1,-0.001234,1,-0.001617,0.89,-0.001847,1,-0.000545,0.39,,0,,0,,0,,0,-0.000928,0.88,-0.001413,1,-0.001668,1,-0.001694,0.24,,0
2024-07-20,-0.001362,0.33,,0,,0,-0.001464,0.67,-0.001617,1,-0.001821,0.67,-0.000621,0.67,,0,,0,,0,-0.000928,0.14,-0.00126,0.95,-0.001311,0.39,-0.001949,0.95,-0.0008,0.44,,0,,0,,0,,0,-0.001336,0.71,-0.001719,0.77,-0.001821,0.77,-0.001923,0.31,,0
2024-07-27,-0.002,0.33,,0,,0,-0.000979,0.67,-0.000826,1,-0.000877,1,-0.000902,0.67,,0,,0,,0,-0.000494,0.1,-0.001004,0.81,-0.001566,0.94,-0.001285,1,-0.000366,0.33,,0,,0,,0,0.001549,0.02,-0.000953,0.9,-0.001336,0.85,-0.001438,0.74,-0.00154,0.21,,0
2024-08-03,,0,,0,,0,-0.00103,0.67,-0.00177,1,-0.001617,0.67,-0.000391,0.33,,0,,0,,0,-0.000672,0.1,-0.001413,1,-0.00154,1,-0.001694,0.91,-0.001413,0.44,,0,,0,,0,,0,-0.001438,0.78,-0.001591,0.97,-0.001668,0.96,-0.001694,0.37,,0
2024-08-10,-0.00034,0.33,,0,,0,-0.000774,0.67,-0.001234,1,0.0004,1,-0.000417,0.67,,0,,0,,0,0.000502,0.1,-0.000723,1,-0.001464,1,-0.001413,1,0.000068,0.39,,0,,0,,0,,0,-0.001132,0.88,-0.001694,1,-0.001489,1,-0.000621,0.42,,0
2024-08-17,0.00206,0.33,0.002902,0.67,,0,0.000017,1,-0.0008,1,-0.001055,1,0.000017,0.67,,0,,0,,0,0.002417,0.19,0.000196,1,-0.00126,1,-0.001489,1,-0.000162,0.5,,0,,0,,0,,0,0.000502,0.91,-0.001643,1,-0.001694,1,-0.001055,0.42,,0
2024-08-24,0.002264,0.33,-0.000621,0.67,,0,-0.000494,1,-0.000902,1,-0.000851,1,0.000604,0.67,,0,,0,,0,0.002009,0.19,-0.000417,1,-0.001285,1,-0.001209,1,0.001038,0.5,,0,,0,,0,,0,-0.000034,0.91,-0.001438,1,-0.001387,1,0.000706,0.45,,0
2024-08-31,0.001217,0.33,-0.000085,0.67,,0,-0.00057,0.67,-0.001004,1,-0.000289,1,0.000068,0.67,,0,,0,,0,0.000936,0.19,-0.000672,1,-0.001209,1,-0.001106,1,0.000068,0.39,,0,,0,,0,,0,-0.000928,0.88,-0.001285,0.78,-0.001387,0.36,-0.000596,0.21,,0
2024-09-07,-0.000034,0.33,0.00114,0.67,,0,-0.000928,1,-0.001387,1,0.000477,1,-0.000851,0.67,,0,,0,,0,-0.00034,0.14,-0.000953,1,-0.001362,1,-0.001209,1,-0.000877,0.44,,0,,0,,0,,0,0.000221,0.9,-0.001362,1,-0.001413,1,-0.001055,0.42,,0
2024-09-14,,0,,0,,0,-0.001566,0.67,-0.002,1,-0.001591,1,,0,,0,,0,,0,-0.001132,0.14,-0.00154,1,-0.001566,1,-0.001643,1,-0.002,0.33,,0,,0,,0,,0,-0.001694,0.86,-0.001515,0.84,-0.001668,1,-0.001821,0.39,,0
2024-09-21,0.001217,0.33,-0.000315,0.67,,0,-0.000953,1,-0.001311,1,0.000094,1,-0.00006,0.67,,0,,0,,0,0.000298,0.14,-0.000928,1,-0.001413,1,-0.001413,1,0.000349,0.5,,0,,0,,0,,0,-0.000494,0.93,-0.001438,1,-0.001515,1,-0.000928,0.45,,0
2024-09-28,0.000783,0.33,0.0004,0.67,,0,-0.000749,0.67,-0.001183,1,-0.000315,1,-0.000213,0.67,,0,,0,,0,0.001421,0.19,-0.000723,1,-0.001413,1,-0.001362,1,0.000068,0.5,,0,,0,,0,,0,-0.001055,0.9,-0.001311,1,-0.001336,1,-0.000647,0.43,,0
2024-10-05,0.00303,0.33,0.002494,0.67,,0,-0.000749,0.67,-0.000928,1,-0.000902,1,0.0004,0.67,,0,,0,,0,0.000272,0.14,-0.000621,1,-0.001183,1,-0.001183,1,-0.00006,0.44,,0,,0,,0,,0,-0.001362,0.91,-0.001311,1,-0.001285,1,-0.000877,0.45,,0
2024-10-12,0.001932,0.33,0.000017,0.67,,0,0.000272,1,-0.000545,1,-0.000085,1,0.000298,0.67,,0,,0,,0,0.001855,0.19,0.000068,1,-0.00103,1,-0.000953,1,0.000145,0.5,,0,,0,,0,,0,-0.000621,0.94,-0.001183,1,-0.001157,1,-0.000545,0.45,,0
2024-10-19,0.002698,0.33,0.002596,0.67,,0,-0.000187,1,-0.000672,1,-0.000213,1,0.000323,0.67,,0,,0,,0,0.001753,0.19,-0.000034,1,-0.001004,1,-0.000953,1,0.000374,0.56,,0,,0,,0,-0.002,0.02,0.000323,0.94,-0.001106,1,-0.001081,1,0.000221,0.45,,0
2024-10-26,0.003591,0.33,0.003413,0.67,,0,0.000604,0.67,0.000043,1,-0.000315,1,0.001217,0.67,,0,,0,,0,0.002928,0.19,0.000426,1,-0.000953,1,-0.000647,1,0.004,0.5,,0,,0,,0,0.004,0.03,0.000757,0.93,-0.00126,1,-0.001157,1,0.000451,0.45,,0
2024-11-02,-0.000009,0.33,0.000323,0.67,,0,-0.00103,1,-0.001234,1,-0.0008,1,-0.000494,0.67,,0,,0,,0,0.0004,0.19,-0.001055,1,-0.001464,1,-0.001438,1,0.000553,0.5,,0,,0,,0,,0,-0.001106,0.93,-0.001311,1,-0.001413,1,-0.001081,0.45,,0
2024-11-09,-0.001745,0.33,-0.002,0.67,,0,-0.001311,0.67,-0.001438,1,-0.001362,1,-0.001234,0.67,-0.00103,0.5,,0,,0,-0.000877,0.19,-0.001362,1,-0.001413,0.94,-0.001438,0.68,-0.000877,0.33,,0,,0,,0,,0,-0.001464,0.9,-0.00154,0.42,-0.001898,0.44,-0.002,0.04,,0
2024-11-16,0.001115,0.33,-0.000494,0.67,,0,-0.000979,0.67,-0.001004,1,-0.000877,1,-0.000647,0.67,-0.000723,0.5,,0,,0,-0.000213,0.19,-0.001081,1,-0.001311,1,-0.001209,1,-0.000596,0.5,,0,,0,,0,,0,-0.001362,0.91,-0.001285,1,-0.001157,1,-0.000647,0.45,,0
2024-11-23,0.000987,0.33,0.000119,0.67,,0,-0.000289,1,-0.000774,1,-0.0008,1,-0.000545,0.67,,0,,0,,0,0.000502,0.19,-0.000545,1,-0.001055,1,-0.000851,1,0.000068,0.5,,0,,0,,0,,0,0.00017,0.91,-0.000979,1,-0.000902,1,0.003949,0.45,,0
2024-11-30,0.000885,0.33,0.001498,0.67,,0,-0.000928,0.67,-0.000366,1,-0.0008,0.67,-0.000111,0.67,,0,,0,,0,0.001804,0.14,0.000911,1,-0.000979,1,-0.000468,1,0.001957,0.44,,0,,0,,0,0.004,0.03,-0.001209,0.91,-0.00103,1,-0.000953,1,-0.000213,0.45,,0
2024-12-07,0.002443,0.33,0.001881,0.67,,0,0.000119,0.67,-0.000162,1,0.000681,1,0.000987,0.67,0.004,0.5,,0,,0,0.001753,0.19,0.000119,1,-0.000494,1,-0.000315,1,0.004,0.5,,0,,0,,0,,0,-0.000494,0.93,-0.000877,1,-0.000774,1,0.004,0.43,,0
2024-12-14,0.000247,0.33,0.002672,0.67,,0,0.000936,0.67,0.000017,1,-0.00006,1,0.000298,0.67,,0,,0,,0,0.003847,0.19,0.000706,1,-0.000877,1,-0.000877,1,0.000502,0.5,,0,,0,,0,-0.002,0.02,0.0004,0.93,-0.000953,1,-0.001132,1,-0.000111,0.43,,0
2024-12-21,0.000298,0.33,-0.000187,0.67,,0,-0.000723,0.67,0.000962,1,0.0004,0.67,0.000962,0.67,,0,,0,,0,0.00354,0.19,0.000809,1,-0.00034,1,-0.000111,1,0.001447,0.44,,0,,0,,0,0.004,0.03,0.000374,0.93,-0.000902,1,-0.0008,1,0.000732,0.43,,0
2024-12-28,0.001702,0.33,0.000349,0.67,,0,0.000145,0.67,-0.000596,1,-0.000647,0.67,0.001038,0.67,,0,,0,,0,0.001957,0.14,0.000119,1,-0.000774,1,-0.00057,1,0.001345,0.44,,0,,0,,0,-0.002,0.02,-0.000391,0.9,-0.000979,1,-0.000902,1,0.004,0.43,,0
2025-01-01,0.001983,0.33,0.001549,0.67,,0,0.001906,0.67,0.001651,1,0.000681,1,0.000528,0.67,-0.000391,0.5,,0,,0,0.000068,0.19,0.000094,1,-0.000723,1,-0.00006,1,0.004,0.5,,0,,0,,0,-0.002,0.02,-0.000417,0.93,-0.00103,1,-0.001106,1,-0.000315,0.43,,0
2025-01-08,0.001855,0.33,0.001677,0.67,,0,-0.000136,0.67,-0.00034,1,0.000809,1,0.000706,0.67,-0.000391,0.5,,0,,0,0.001191,0.19,0.000247,1,-0.000774,1,-0.000826,1,0.000528,0.5,,0,,0,,0,0.004,0.03,-0.000366,0.93,-0.001362,1,-0.001183,1,0.004,0.43,,0
2025-01-15,-0.000545,0.33,-0.000468,0.67,,0,-0.000468,0.67,-0.001004,1,-0.000187,1,0.001319,0.67,0.00017,0.5,,0,,0,0.002545,0.14,0.00063,1,-0.000774,1,-0.000315,1,0.00137,0.44,,0,,0,,0,-0.002,0.02,0.000068,0.93,-0.001157,1,-0.000928,1,-0.000238,0.43,,0
2025-01-22,0.003413,0.33,0.001932,0.67,,0,0.00086,0.67,0.000579,1,0.000323,1,0.001319,0.67,,0,,0,,0,0.002468,0.19,0.000962,1,-0.000902,1,0.000017,1,0.001702,0.44,,0,,0,,0,0.004,0.02,-0.000009,0.93,-0.001132,1,-0.000213,1,0.004,0.45,,0
2025-01-29,0.002009,0.33,0.001957,0.67,,0,0.00086,0.67,0.000068,1,-0.000085,1,0.001089,0.67,,0,,0,,0,0.003362,0.19,0.000885,1,-0.000749,1,0.000094,1,0.004,0.56,,0,,0,,0,-0.001362,0.02,0.000221,0.91,-0.000672,1,-0.000315,1,0.001115,0.43,,0
2025-02-05,0.000017,0.33,-0.000366,0.67,,0,0.000145,0.67,-0.000494,1,-0.000238,1,-0.000417,0.67,,0,,0,,0,0.001626,0.14,0.0004,1,-0.000979,1,-0.000953,1,0.000451,0.44,,0,,0,,0,-0.002,0.02,-0.000136,0.91,-0.000621,1,-0.001106,1,0.000043,0.43,,0
2025-02-12,-0.002,0.33,-0.002,0.67,,0,-0.001081,0.67,-0.001234,1,-0.001234,1,-0.001183,0.67,,0,,0,,0,-0.000826,0.14,-0.001183,1,-0.001362,1,-0.001311,1,-0.001234,0.39,,0,,0,,0,,0,-0.00126,0.91,-0.001336,1,-0.001362,1,-0.00126,0.42,,0
2025-02-19,-0.001055,0.33,-0.001974,0.67,,0,-0.000749,0.67,-0.001055,1,-0.000979,1,-0.000749,0.67,,0,,0,,0,-0.000519,0.1,-0.000851,1,-0.000774,1,-0.001055,1,-0.000647,0.44,,0,,0,,0,-0.002,0.02,-0.001106,0.91,-0.001209,1,-0.001157,1,-0.000621,0.45,,0
2025-02-26,-0.000647,0.33,-0.001617,0.67,,0,0.000094,0.67,-0.000468,1,-0.000136,1,-0.000213,0.67,,0,,0,,0,0.001243,0.14,-0.000111,1,-0.000877,1,-0.000672,1,-0.000111,0.56,,0,,0,,0,0.004,0.02,0.000757,0.91,-0.001004,1,-0.000979,1,-0.000443,0.46,,0
2025-03-05,0.001855,0.33,0.004,0.67,,0,0.000298,0.67,-0.000315,1,0.000017,1,0.001089,0.67,0.004,0.5,,0,,0,0.0028,0.19,0.001013,1,-0.000315,1,-0.00034,1,0.001115,0.44,,0,,0,,0,,0,-0.000111,0.9,-0.000647,1,-0.000749,1,0.000834,0.43,,0
2025-03-12,0.000043,0.33,-0.000315,0.67,,0,-0.000877,0.67,-0.000877,1,-0.000953,1,-0.000468,0.67,,0,,0,,0,-0.000162,0.14,-0.000621,1,-0.000877,1,-0.000774,1,-0.000264,0.5,,0,,0,,0,,0,-0.001055,0.91,-0.000851,1,-0.000877,1,-0.000877,0.42,,0
2025-03-19,0.001574,0.33,0.00017,0.67,,0,-0.000417,0.67,-0.000545,1,-0.00057,0.67,0.00063,0.67,,0,,0,,0,0.000553,0.14,-0.000009,1,-0.000672,1,-0.000723,1,-0.000136,0.44,,0,,0,,0,,0,-0.000519,0.91,-0.000851,1,-0.000851,1,-0.000928,0.42,,0
2025-03-26,0.00303,0.33,0.001702,0.67,,0,0.000323,0.67,-0.000264,1,0.00063,1,0.000196,0.67,,0,,0,,0,0.001677,0.19,0.000298,1,-0.000723,1,-0.000647,1,0.000477,0.44,,0,,0,,0,,0,-0.000085,0.91,-0.000749,1,-0.0008,1,-0.000877,0.42,,0
2025-04-02,0.001115,0.33,-0.001617,0.67,,0,-0.000519,0.67,-0.000928,1,,0,,0,,0,,0,,0,0.001064,0.1,-0.000162,0.95,-0.001643,0.67,-0.001643,0.36,,0,,0,,0,,0,,0,-0.000596,0.9,-0.001617,1,-0.001974,0.87,-0.002,0.12,,0
2025-04-09,0.003413,0.33,-0.000162,0.67,,0,0.000604,0.67,-0.000213,1,-0.000187,0.67,0.001166,0.67,,0,,0,,0,0.002723,0.14,0.00086,1,-0.000443,1,-0.00057,1,0.001089,0.39,,0,,0,,0,,0,0.000528,0.88,-0.000851,1,-0.000902,1,-0.000136,0.42,,0
2025-04-16,0.002902,0.33,0.0028,0.67,,0,0.001498,0.67,0.000579,1,0.001855,1,0.000783,0.67,0.003285,0.5,,0,,0,0.003106,0.14,0.001243,1,-0.00057,1,-0.0008,1,0.000834,0.44,,0,,0,,0,0.003668,0.03,0.001574,0.93,-0.0008,1,-0.000902,1,-0.000264,0.46,,0
2025-04-23,0.002289,0.33,0.001702,0.67,,0,0.000247,0.67,-0.000289,1,-0.000366,1,0.000936,0.67,,0,,0,,0,0.002085,0.19,0.000655,1,-0.001004,1,-0.001004,1,0.000655,0.44,,0,,0,,0,-0.001336,0.02,0.0004,0.91,-0.001132,1,-0.001132,1,-0.000366,0.45,,0
2025-04-30,0.000911,0.33,0.001191,0.67,,0,-0.000723,0.67,-0.001055,1,-0.00006,1,-0.000315,0.67,,0,,0,,0,0.001677,0.14,0.000196,1,-0.001132,1,-0.001157,1,0.000068,0.44,,0,,0,,0,-0.002,0.02,-0.00034,0.91,-0.001209,1,-0.001311,1,-0.001004,0.43,,0
2025-05-07,0.003464,0.33,0.002979,0.67,,0,0.00137,0.67,0.000451,1,0.001855,1,0.001677,0.67,0.004,0.5,,0,,0,0.004,0.19,0.001115,1,-0.00034,1,-0.000111,1,0.002009,0.5,,0,,0,,0,0.004,0.03,0.001013,0.91,-0.000902,1,-0.000902,1,0.001447,0.46,,0
2025-05-14,,0,-0.002,0.33,,0,-0.000519,0.67,-0.000723,1,-0.000621,0.67,0.000043,0.67,,0,,0,,0,0.001013,0.14,-0.000366,1,-0.000928,1,-0.001004,1,0.000247,0.44,,0,,0,,0,,0,-0.000264,0.84,-0.001055,1,-0.001132,1,-0.000621,0.45,,0
2025-05-21,0.004,0.33,0.004,0.67,,0,0.002034,0.67,0.000732,1,0.00063,0.67,0.002672,0.67,0.004,0.5,,0,,0,0.003796,0.19,0.000783,1,-0.000672,1,-0.000391,1,0.003438,0.39,,0,,0,,0,0.004,0.02,0.001498,0.91,-0.001106,1,-0.001336,1,0.003285,0.43,,0
2025-05-28,-0.001183,0.33,0.000094,0.67,,0,-0.00103,0.67,0.000221,1,-0.000391,1,0.002009,0.67,,0,,0,,0,0.000885,0.14,-0.000647,1,-0.001515,1,-0.001898,1,0.001906,0.44,,0,,0,,0,-0.002,0.02,-0.000009,0.88,-0.001362,1,-0.001796,1,-0.001745,0.43,,0
2025-06-04,0.003745,0.33,0.002238,0.67,,0,0.000221,0.67,-0.00057,1,0.0004,1,0.00086,0.67,,0,,0,,0,0.002111,0.14,0.000298,1,-0.0008,1,-0.000774,1,0.001651,0.5,,0,,0,,0,0.004,0.05,0.000757,0.91,-0.000979,1,-0.001285,1,-0.000238,0.42,,0
2025-06-11,-0.000749,0.33,-0.001234,0.67,,0,-0.000494,0.67,-0.001106,1,-0.000213,1,0.000477,0.67,,0,,0,,0,0.001626,0.1,-0.000187,1,-0.001106,1,-0.001464,1,-0.000162,0.39,,0,,0,,0,-0.001796,0.02,-0.00034,0.9,-0.001464,1,-0.00154,1,-0.000698,0.42,,0
2025-06-18,-0.001132,0.33,-0.0008,0.33,,0,-0.000315,0.67,-0.001081,1,-0.000162,1,-0.000519,0.67,,0,,0,,0,0.003004,0.1,-0.000213,1,-0.001362,1,-0.001413,1,-0.000621,0.5,,0,,0,,0,,0,0.000502,0.84,-0.001183,1,-0.001311,1,-0.00057,0.46,,0
2025-06-25,0.004,0.33,-0.000162,0.67,,0,0.001038,0.67,-0.000647,1,-0.000417,0.67,0.002162,0.67,,0,,0,,0,0.004,0.14,-0.000034,1,-0.001106,1,-0.000774,1,0.000783,0.5,,0,,0,,0,-0.002,0.02,0.000272,0.88,-0.001387,1,-0.001438,1,0.002698,0.45,,0
2025-07-02,0.00017,0.33,-0.000979,0.33,,0,0.0004,0.67,-0.000672,1,-0.000621,0.67,0.000094,0.67,,0,,0,,0,-0.000111,0.1,-0.000749,1,-0.001285,1,-0.000826,1,0.001319,0.44,,0,,0,,0,,0,-0.001055,0.39,-0.001668,0.86,-0.001387,0.67,0.0004,0.42,,0
2025-07-18,,0,,0,,0,-0.001745,0.33,-0.001949,0.33,,0,,0,,0,,0,,0,,0,-0.001183,0.52,-0.001668,0.33,-0.001591,0.36,,0,,0,,0,,0,,0,-0.001004,0.71,-0.001515,0.66,-0.001464,0.11,,0,,0
2025-07-25,0.002851,0.33,0.000885,0.67,,0,0.001243,0.67,0.000247,1,0.001702,1,0.000553,0.67,,0,,0,,0,0.003413,0.19,0.000834,1,-0.000928,1,-0.001183,1,0.001191,0.44,,0,,0,,0,-0.002,0.02,0.001268,0.93,-0.00126,1,-0.001336,0.99,-0.000928,0.43,,0
2025-08-01,0.003209,0.33,0.002289,0.67,,0,0.000374,0.67,-0.000672,1,-0.000647,1,0.000349,0.67,,0,,0,,0,0.001574,0.19,0.000757,1,-0.000826,1,-0.001106,1,0.000374,0.39,,0,,0,,0,-0.001821,0.02,-0.000085,0.9,-0.00126,1,-0.00126,1,-0.0008,0.4,,0
2025-08-08,0.000834,0.33,0.00137,0.67,,0,-0.001387,0.67,-0.001515,1,-0.001413,0.67,0.000043,0.67,,0,,0,,0,0.001166,0.1,-0.001081,1,-0.000136,0.5,-0.00034,0.95,-0.000085,0.39,,0,,0,,0,,0,-0.001132,0.74,-0.001387,0.44,-0.001745,0.64,-0.000494,0.37,,0
2025-08-15,0.000349,0.33,0.002519,0.67,,0,-0.00034,0.67,-0.000928,1,0.0004,1,-0.000443,0.67,,0,,0,,0,0.000579,0.14,-0.000085,1,-0.001285,1,-0.001183,1,-0.000417,0.5,,0,,0,,0,-0.000902,0.02,-0.000749,0.9,-0.00126,1,-0.001234,1,-0.000647,0.42,,0
2025-08-22,0.002545,0.33,0.00234,0.67,,0,-0.000315,0.67,-0.00103,1,-0.001004,1,0.000426,0.67,,0,,0,,0,0.001472,0.14,-0.000315,1,-0.001106,1,-0.00126,1,0.0004,0.5,,0,,0,,0,,0,-0.000698,0.91,-0.001311,1,-0.001438,1,-0.000417,0.43,,0
2025-08-29,0.003183,0.33,0.002774,0.67,,0,-0.000315,0.67,-0.000494,1,-0.000851,0.67,0.000681,0.67,,0,,0,,0,0.001294,0.14,0.000017,1,-0.00126,1,-0.001157,1,0.001064,0.44,,0,,0,,0,0.00234,0.02,-0.000391,0.9,-0.001336,1,-0.001464,1,-0.00034,0.45,,0
2025-09-05,0.002979,0.33,0.00206,0.67,,0,0.000757,0.67,-0.000264,1,0.001319,1,0.00086,0.67,0.001855,0.5,,0,,0,0.002672,0.19,0.000987,1,-0.000851,1,-0.000698,1,0.001421,0.5,,0,,0,,0,-0.002,0.02,0.00017,0.91,-0.001234,1,-0.001132,1,0.000477,0.45,,0
2025-09-12,0.003847,0.33,0.002315,0.67,,0,-0.00034,0.67,-0.000723,1,0.000145,1,0.002596,0.67,,0,,0,,0,0.001728,0.19,0.000477,1,-0.001055,1,-0.001081,1,0.000451,0.5,,0,,0,,0,-0.000647,0.02,-0.000111,0.9,-0.001336,1,-0.00126,1,0.001217,0.45,,0
2025-09-19,0.003796,0.33,0.003515,0.67,,0,-0.000187,0.67,-0.000596,1,-0.000468,1,0.001447,0.67,,0,,0,,0,0.003872,0.19,0.000247,1,-0.000877,1,-0.000264,1,0.001804,0.5,,0,,0,,0,-0.002,0.02,0.000043,0.94,-0.001209,1,-0.000979,1,0.000604,0.45,,0
2025-09-26,0.001319,0.33,0.000604,0.67,,0,-0.000468,0.67,-0.000953,1,-0.000953,1,-0.000289,0.67,,0,,0,,0,0.001421,0.19,-0.000366,1,-0.001183,1,-0.001157,1,-0.000264,0.5,,0,,0,,0,-0.002,0.02,-0.000136,0.91,-0.001234,1,-0.001311,1,-0.000826,0.43,,0
2025-10-03,0.001574,0.33,0.001038,0.67,,0,0.000221,0.67,-0.000187,1,-0.000391,0.67,0.000349,0.67,0.000247,0.5,,0,,0,0.002826,0.19,0.000426,1,-0.000902,1,-0.000851,1,0.000426,0.5,,0,,0,,0,-0.00103,0.02,0.000017,0.91,-0.001183,1,-0.001157,1,-0.000162,0.43,,0
2025-10-10,-0.001055,0.33,-0.00177,0.67,,0,-0.000647,0.67,-0.000979,1,-0.000443,1,-0.000162,0.67,-0.000545,0.5,,0,,0,0.000451,0.14,-0.000519,1,-0.00103,1,-0.000877,1,-0.000417,0.5,,0,,0,,0,-0.002,0.02,-0.000417,0.91,-0.001157,1,-0.001183,1,-0.00103,0.46,,0
2025-10-17,0.00303,0.33,0.001932,0.67,,0,0.00017,0.67,0.000477,1,0.001038,1,0.000757,0.67,0.004,0.5,,0,,0,0.004,0.19,0.000323,1,-0.000315,1,-0.000621,1,0.001115,0.5,,0,,0,,0,-0.002,0.03,0.000936,0.93,-0.001081,1,-0.001055,1,0.000706,0.46,,0
2025-10-24,0.004,0.33,0.004,0.67,,0,0.001396,0.67,0.000706,1,0.001064,1,0.001217,0.67,-0.000417,0.5,,0,,0,0.004,0.14,0.001396,1,-0.000009,1,-0.000391,1,0.000911,0.5,,0,,0,,0,-0.002,0.02,0.001881,0.91,-0.0008,1,-0.000672,1,0.002519,0.46,,0
2025-10-31,0.004,0.33,0.00303,0.67,,0,0.000809,0.67,-0.000417,1,-0.000289,1,0.000196,0.67,-0.000749,0.5,,0,,0,0.003004,0.19,0.001549,1,-0.000902,1,-0.000672,1,0.000604,0.5,,0,,0,,0,0.004,0.03,0.001217,0.91,-0.000979,1,-0.001106,1,-0.000953,0.45,,0
2025-11-07,0.00206,0.33,0.00183,0.67,,0,0.000502,0.67,0.000017,1,-0.000009,1,0.000911,0.67,,0,,0,,0,0.003285,0.19,0.00137,1,-0.000596,1,-0.00006,1,0.004,0.56,,0,,0,,0,0.001345,0.03,0.001243,0.91,-0.00103,1,-0.00103,1,0.00114,0.45,,0
2025-11-14,0.001498,0.33,0.004,0.67,,0,0.001804,1,0.000706,1,0.0004,1,0.001779,0.67,0.000374,0.5,,0,,0,0.003362,0.19,0.002085,1,-0.000213,1,0.000017,1,0.001472,0.56,,0,,0,,0,0.004,0.05,0.001753,0.93,-0.000698,1,-0.000698,1,0.002928,0.46,,0
2025-11-21,0.002264,0.33,0.001574,0.67,,0,0.00063,0.67,0.000272,1,-0.000187,1,-0.000443,0.67,,0,,0,,0,0.002264,0.19,0.000528,1,-0.000953,1,-0.000774,1,-0.000009,0.5,,0,,0,,0,0.004,0.03,-0.000187,0.91,-0.000851,1,-0.000877,1,-0.000136,0.45,,0
2025-11-28,0.001421,0.33,0.004,0.67,,0,0.000936,0.67,-0.000391,1,-0.000596,0.67,0.000604,0.67,-0.000494,0.5,,0,,0,0.000349,0.14,0.001217,1,-0.000672,1,-0.000545,1,0.001396,0.5,,0,,0,,0,-0.000136,0.03,0.000017,0.9,-0.00057,1,-0.000545,1,0.002213,0.45,,0
2025-12-05,0.0028,0.33,0.002519,0.67,,0,-0.000494,0.67,-0.001055,1,-0.000698,0.67,-0.000187,0.67,0.004,0.5,,0,,0,0.002468,0.14,0.000119,1,-0.0008,1,-0.001285,0.73,0.002034,0.44,,0,,0,,0,-0.002,0.02,0.000196,0.84,-0.000621,0.53,-0.000621,0.54,0.000885,0.31,,0
2025-12-12,0.001447,0.33,0.004,0.67,,0,0.000477,0.67,-0.000034,1,0.000911,1,0.000553,0.67,,0,,0,,0,0.004,0.19,0.000451,1,-0.000315,1,-0.000238,1,0.00063,0.5,,0,,0,,0,0.004,0.03,0.000579,0.93,-0.000723,1,-0.000877,1,0.004,0.46,,0
2025-12-19,0.000579,0.33,0.000757,0.67,,0,0.003132,0.67,0.000043,1,-0.000136,1,0.000783,0.67,0.004,0.5,,0,,0,0.001268,0.19,0.000502,1,-0.000264,1,0.000119,1,0.002672,0.5,,0,,0,,0,0.004,0.03,-0.000034,0.93,-0.000953,1,-0.0008,1,0.002749,0.45,,0
2025-12-26,-0.000136,0.33,0.00017,0.67,,0,-0.000009,0.67,-0.000851,1,-0.000366,1,-0.00034,0.67,0.000528,0.5,,0,,0,0.000911,0.19,0.000094,1,-0.000953,1,-0.000877,1,-0.000315,0.5,,0,,0,,0,-0.000162,0.03,-0.000468,0.94,-0.00126,1,-0.001285,1,-0.000519,0.45,,0
2026-01-01,0.00114,0.33,0.000426,0.67,,0,0.001472,0.67,0.000272,1,0.001447,1,0.001294,0.67,0.004,0.5,,0,,0,0.002366,0.19,0.001166,1,-0.00034,1,-0.000162,1,0.001089,0.5,,0,,0,,0,-0.001209,0.02,0.000068,0.91,-0.000647,1,-0.000902,1,0.000706,0.45,,0
2026-01-08,-0.001311,0.33,-0.002,0.67,,0,-0.001055,0.67,-0.001515,1,-0.001413,0.67,-0.000877,0.67,,0,,0,,0,-0.000136,0.14,-0.000826,1,-0.001566,1,-0.001719,1,-0.001004,0.5,,0,,0,,0,-0.002,0.02,-0.001234,0.91,-0.001515,1,-0.001438,1,-0.001157,0.42,,0
2026-01-15,-0.000187,0.33,-0.000085,0.67,,0,0.001294,1,0.000502,1,0.001906,1,0.001779,0.67,0.000706,0.5,,0,,0,0.001574,0.19,0.000681,1,-0.000111,1,-0.000111,1,0.004,0.5,,0,,0,,0,0.004,0.03,0.000732,0.93,-0.000187,1,-0.000366,1,0.001677,0.48,,0
2026-01-22,-0.001336,0.33,-0.000391,0.67,,0,-0.000468,0.67,-0.000596,1,0.000374,1,0.001421,0.67,,0,,0,,0,0.001115,0.19,-0.000238,1,-0.000928,1,-0.0008,1,0.000783,0.5,,0,,0,,0,0.000553,0.03,0.000017,0.93,-0.000902,1,-0.000953,1,0.000426,0.46,,0
2026-01-29,0.000681,0.33,-0.000111,0.67,,0,0.000757,0.67,0.000119,1,0.000221,1,0.002111,0.67,-0.001055,0.5,,0,,0,0.004,0.19,0.001191,1,-0.000647,1,0.000094,1,0.001191,0.5,,0,,0,,0,0.004,0.05,0.000987,0.94,-0.000902,1,-0.000774,1,0.000119,0.45,,0
2026-02-05,0.001115,0.33,0.001472,0.67,,0,0.001345,0.67,0.000783,1,0.001651,1,0.001855,0.67,0.003745,0.5,,0,,0,0.003464,0.14,0.0016,1,0.000221,1,0.000451,1,0.004,0.56,,0,,0,,0,0.004,0.02,0.001089,0.93,-0.000162,1,-0.000187,1,0.000706,0.46,,0
2026-02-12,0.001447,0.33,0.003336,0.67,,0,0.000323,0.67,-0.000238,1,0.000809,1,0.000604,0.67,0.000809,0.5,,0,,0,0.00257,0.19,0.000119,1,-0.000494,1,-0.000545,1,0.000732,0.5,,0,,0,,0,-0.002,0.03,-0.000009,0.94,-0.000774,1,-0.000902,1,-0.000851,0.46,,0
2026-02-19,-0.000417,0.33,-0.000315,0.67,,0,-0.001055,0.67,-0.001081,1,-0.000877,1,-0.000723,0.67,,0,,0,,0,-0.000238,0.14,0.000349,1,-0.000443,1,-0.000953,1,-0.000085,0.5,,0,,0,,0,-0.002,0.02,-0.0008,0.9,-0.001106,1,-0.001157,1,-0.001081,0.45,,0
2026-02-26,0.000119,0.33,-0.001489,0.67,,0,0.001728,1,0.000221,1,0.001753,1,0.001574,0.67,0.001166,0.5,,0,,0,0.001728,0.14,0.001064,1,-0.000545,1,-0.00034,1,0.001268,0.56,,0,,0,,0,-0.002,0.02,0.000043,0.91,-0.000596,1,-0.000391,1,0.000783,0.45,,0
2026-03-05,-0.000928,0.33,0.002826,0.67,,0,-0.00057,0.67,-0.000672,1,-0.000443,1,-0.000698,0.67,,0,,0,,0,0.001421,0.19,-0.000443,1,-0.000417,1,0.000094,1,-0.000034,0.5,,0,,0,,0,0.004,0.03,-0.000238,0.93,-0.000698,1,-0.000953,1,0.000451,0.46,,0
2026-03-12,0.000068,0.33,0.000936,0.67,,0,-0.000494,0.67,-0.0008,1,0.000272,0.67,0.001319,0.67,,0,,0,,0,0.00114,0.14,-0.000136,1,-0.000519,1,-0.000238,1,0.001243,0.5,,0,,0,,0,-0.000264,0.03,-0.000366,0.9,-0.000928,1,-0.000851,1,0.000221,0.45,,0
2026-03-20,0.000834,0.33,0.001038,0.67,,0,0.00137,0.67,0.00086,1,0.000834,1,0.002213,0.67,0.002315,0.5,,0,,0,0.002749,0.14,0.002136,1,0.000706,1,0.0004,1,0.00234,0.5,,0,,0,,0,-0.002,0.02,0.003157,0.9,0.000911,1,-0.000111,1,0.001089,0.45,,0
2026-03-27,-0.000213,0.33,0.000272,0.67,,0,0.001191,0.67,-0.000391,1,-0.000647,0.67,-0.000034,0.67,,0,,0,,0,0.002545,0.14,0.000298,1,-0.001055,1,-0.000902,1,0.000221,0.5,,0,,0,,0,-0.000315,0.02,-0.000443,0.91,-0.001081,1,-0.001055,1,0.002928,0.45,,0
2026-04-03,0.002391,0.33,0.002111,0.67,,0,0.000783,0.67,0.000247,1,0.000094,0.67,0.000732,0.67,,0,,0,,0,0.002443,0.14,0.000885,1,-0.000902,1,-0.000417,1,0.000987,0.5,,0,,0,,0,-0.002,0.02,-0.000545,0.9,-0.001106,1,-0.001234,1,-0.000774,0.45,,0
2026-04-10,0.001549,0.33,0.000502,0.67,,0,-0.000085,0.67,-0.000443,1,-0.000545,0.67,0.00086,0.67,,0,,0,,0,0.00137,0.14,0.000119,1,-0.000902,1,-0.000826,1,0.000706,0.5,,0,,0,,0,,0,-0.000443,0.88,-0.001132,1,-0.000979,1,-0.000443,0.45,,0
2026-04-17,0.003055,0.33,0.002468,0.67,,0,0.003311,0.67,0.000043,1,0.000349,1,0.001396,0.67,,0,,0,,0,0.003438,0.19,0.001064,1,-0.000519,1,-0.000264,1,0.001243,0.5,,0,,0,,0,0.004,0.05,0.001677,0.93,-0.000826,1,-0.000774,1,0.002519,0.45,,0
2026-04-24,0.004,0.33,0.004,0.67,,0,0.001498,0.67,-0.000443,1,-0.000468,0.67,0.000936,0.67,,0,,0,,0,0.004,0.19,0.001115,1,-0.000213,1,-0.000468,1,0.000579,0.5,,0,,0,,0,-0.002,0.02,0.000809,0.9,-0.000621,1,-0.000953,1,-0.000417,0.43,,0
2026-05-01,0.000706,0.33,0.000987,0.67,,0,-0.000264,0.67,-0.000928,1,-0.001081,0.67,-0.000187,0.67,,0,,0,,0,0.001064,0.1,0.000017,1,-0.001362,1,-0.001055,0.91,0.000094,0.44,,0,,0,,0,,0,-0.000928,0.88,-0.001438,0.92,-0.000774,0.99,0.001013,0.43,,0
2026-05-08,0.003974,0.33,0.004,0.67,,0,0.002417,0.67,0.001447,1,0.002545,1,0.001779,0.67,0.004,0.5,,0,,0,0.004,0.14,0.002315,1,-0.000213,1,0.000221,1,0.002289,0.5,,0,,0,,0,0.003974,0.02,0.001906,0.91,-0.000851,1,-0.000826,1,-0.000826,0.43,,0
2026-05-15,0.003847,0.33,0.002749,0.67,,0,0.00086,0.67,-0.000621,1,-0.000391,1,0.0004,0.67,,0,,0,,0,0.001549,0.19,-0.000111,1,-0.000749,1,-0.000596,1,0.001447,0.5,,0,,0,,0,-0.002,0.02,-0.000162,0.9,-0.000877,1,-0.000851,1,0.000502,0.43,,0
2026-05-22,0.002826,0.33,0.001294,0.67,,0,0.00086,0.67,0.000323,1,0.000221,1,0.000834,0.67,,0,,0,,0,0.00183,0.14,0.000553,1,-0.0008,1,-0.000545,1,0.001064,0.5,,0,,0,,0,-0.001566,0.02,-0.000085,0.9,-0.000877,1,-0.000723,1,-0.00006,0.43,,0
2026-05-29,,0,,0,,0,,0,,0,,0,-0.0008,0.33,,0,,0,,0,-0.000213,0.05,-0.000264,0.19,,0,,0,,0,,0,,0,,0,-0.002,0.02,-0.00006,0.2,,0,,0,,0,,0
2026-06-05,-0.000902,0.33,0.003336,0.67,,0,0.0004,0.67,-0.000647,1,0.000579,1,0.000196,0.67,,0,,0,,0,0.001396,0.14,0.000323,1,-0.000034,1,-0.000238,1,0.000145,0.5,,0,,0,,0,,0,0.000043,0.88,-0.00057,1,-0.00057,1,0.000094,0.43,,0
2026-06-12,0.000809,0.33,-0.000468,0.67,,0,-0.000034,0.67,-0.000519,1,-0.000621,0.67,0.000451,0.67,,0,,0,,0,0.001626,0.14,0.000017,1,0.000043,1,-0.000034,1,0.000681,0.5,,0,,0,,0,,0,-0.000621,0.9,-0.000366,1,0.000272,1,0.002698,0.43,,0
2026-06-19,0.00017,0.33,-0.000315,0.33,,0,0.000451,0.67,-0.000877,1,-0.0008,0.67,-0.000468,0.67,,0,,0,,0,0.00206,0.1,0.000068,1,0.000783,1,0.000043,1,0.004,0.39,,0,,0,,0,,0,-0.000928,0.88,-0.000494,1,0.000119,1,-0.000289,0.43,,0
2026-06-26,0.004,0.33,0.003285,0.67,,0,0.000987,0.67,-0.000085,1,0.000809,1,0.001319,0.67,,0,,0,,0,0.001881,0.14,0.000426,1,0.000094,1,-0.000519,1,0.001447,0.44,,0,,0,,0,-0.000136,0.02,-0.000264,0.88,-0.000315,1,-0.000953,1,0.00086,0.4,,0
2026-07-03,0.000017,0.33,-0.001311,0.67,,0,-0.000494,0.67,-0.000851,1,-0.000826,1,0.000757,0.67,-0.000315,0.5,,0,,0,0.000681,0.14,-0.000264,1,-0.001438,1,-0.001387,1,-0.000111,0.5,,0,,0,,0,-0.001643,0.02,0.000247,0.88,-0.000672,1,-0.001336,1,-0.001336,0.45,,0
2026-07-10,0.001268,0.33,0.000426,0.67,,0,0.00086,0.67,-0.001362,1,-0.00103,0.67,0.00017,0.67,,0,,0,,0,0.00377,0.14,0.000936,1,-0.00177,1,-0.001387,1,0.000145,0.44,,0,,0,,0,-0.002,0.02,-0.000034,0.9,-0.001464,1,-0.001209,1,-0.001336,0.42,,0
2026-07-17,-0.001387,0.33,0.00183,0.67,,0,0.000885,0.67,-0.000928,1,-0.000034,1,-0.000621,0.67,0.000911,0.5,,0,,0,0.001932,0.19,0.000502,1,-0.001055,1,-0.000979,1,-0.000698,0.44,,0,,0,,0,0.004,0.02,0.000247,0.91,-0.001157,1,-0.001285,1,-0.001055,0.43,,0
2026-07-24,0.000017,0.33,-0.000162,0.67,,0,-0.000417,0.67,-0.001055,1,-0.001132,0.67,0.000323,0.67,,0,,0,,0,0.000298,0.14,-0.000979,1,-0.001285,1,-0.001413,1,0.000477,0.39,,0,,0,,0,-0.002,0.02,-0.001004,0.9,-0.001515,0.97,-0.001566,1,-0.000749,0.4,,0
2026-07-31,0.000374,0.33,0.002468,0.33,,0,-0.001132,0.67,-0.001898,1,-0.002,0.67,,0,,0,,0,,0,-0.000494,0.1,-0.001617,1,-0.001923,0.89,-0.00177,0.86,-0.001311,0.28,,0,,0,,0,,0,-0.001362,0.9,-0.00154,1,-0.001591,1,-0.001285,0.36,,0
2026-08-07,0.000757,0.33,-0.000902,0.67,,0,0.000553,0.67,0.000094,1,-0.000366,0.67,0.000323,0.67,,0,,0,,0,0.001957,0.19,0.000681,1,-0.00057,1,-0.001055,1,0.001549,0.44,,0,,0,,0,0.000553,0.02,-0.000034,0.91,-0.00126,1,-0.001362,1,0.001243,0.42,,0
2026-08-14,0.000221,0.33,0.000349,0.67,,0,0.00063,0.67,-0.000443,1,-0.000417,1,0.000043,0.67,,0,,0,,0,0.00206,0.19,0.000323,1,-0.000902,1,-0.000596,1,0.000221,0.5,,0,,0,,0,-0.000417,0.02,-0.000111,0.9,-0.001081,1,-0.001055,1,0.000502,0.43,,0
2026-08-21,-0.001591,0.33,-0.001209,0.67,,0,-0.000647,0.67,-0.00103,1,-0.001285,0.67,-0.000315,0.67,,0,,0,,0,0.000987,0.1,-0.000621,1,-0.001387,1,-0.001362,1,-0.000698,0.44,,0,,0,,0,-0.001438,0.02,-0.000519,0.9,-0.001413,1,-0.001515,1,-0.000826,0.42,,0
2026-08-28,0.000323,0.33,0.001064,0.67,,0,-0.000749,0.67,-0.001413,1,-0.000111,1,-0.000111,0.67,,0,,0,,0,0.001038,0.1,-0.000136,1,-0.001617,1,-0.001464,1,0.000043,0.5,,0,,0,,0,,0,-0.000647,0.88,-0.001796,1,-0.001617,1,-0.000877,0.4,,0
2026-09-04,0.000145,0.33,-0.000366,0.67,,0,-0.000723,0.67,-0.000928,1,-0.001106,0.67,-0.000162,0.67,,0,,0,,0,0.00063,0.1,-0.000468,1,-0.000877,1,-0.001387,1,0.000272,0.39,,0,,0,,0,,0,-0.000315,0.9,-0.001362,1,-0.00126,1,-0.0008,0.39,,0
2026-09-11,0.000196,0.33,0.000374,0.67,,0,0.000579,0.67,-0.0008,1,-0.000443,1,-0.000111,0.67,0.001115,0.5,,0,,0,0.000706,0.14,0.000911,1,-0.001157,1,-0.00103,1,-0.000494,0.5,,0,,0,,0,,0,0.000757,0.9,-0.001311,0.99,-0.001336,0.99,-0.000213,0.43,,0
2026-09-18,0.001804,0.33,0.00086,0.67,,0,0.000298,0.67,-0.000213,1,0.000017,1,0.000094,0.67,0.004,0.5,,0,,0,0.00326,0.14,0.000426,1,-0.000774,1,-0.000928,1,0.000247,0.5,,0,,0,,0,0.000451,0.03,0.001089,0.91,-0.001183,1,-0.001132,1,-0.000136,0.45,,0
2026-09-25,0.001753,0.33,0.001728,0.67,,0,-0.0008,0.67,-0.001209,1,-0.000417,1,-0.000111,0.67,,0,,0,,0,0.001906,0.19,-0.000851,1,-0.001285,1,-0.000979,1,0.004,0.5,,0,,0,,0,-0.002,0.02,-0.000009,0.9,-0.00154,1,-0.001362,1,-0.000723,0.43,,0
